   1.22749e-07       14181.9        418961             0
   2.45497e-07       14181.9        418959             0
   3.68246e-07       14181.8        418958             0
   4.90994e-07       14181.7        418956             0
   6.13743e-07       14181.6        418955             0
   7.36491e-07       14181.6        418953             0
   8.59239e-07       14181.5        418952             0
   9.81987e-07       14181.4        418951             0
   1.10473e-06       14181.4        418951             0
   1.22748e-06       14181.3        418950             0
   1.35023e-06       14181.2        418950             0
   1.47298e-06       14181.1        418949             0
   1.59572e-06       14181.1        418949             0
   1.71847e-06         14181        418949             0
   1.84122e-06       14180.9        418949             0
   1.96396e-06       14180.9        418950             0
   2.08671e-06       14180.8        418950             0
   2.20946e-06       14180.7        418951             0
    2.3322e-06       14180.6        418952             0
   2.45495e-06       14180.6        418953             0
    2.5777e-06       14180.5        418954             0
   2.70044e-06       14180.4        418955             0
   2.82319e-06       14180.4        418956             0
   2.94593e-06       14180.3        418958             0
   3.06868e-06       14180.2        418960             0
   3.19142e-06       14180.2        418962             0
   3.31416e-06       14180.1        418964             0
   3.43691e-06         14180        418966             0
   3.55965e-06       14179.9        418968             0
   3.68239e-06       14179.9        418971             0
   3.80514e-06       14179.8        418974             0
   3.92788e-06       14179.7        418976             0
   4.05062e-06       14179.7        418979             0
   4.17337e-06       14179.6        418983             0
   4.29611e-06       14179.5        418986             0
   4.41885e-06       14179.4        418989             0
   4.54159e-06       14179.4        418993             0
   4.66433e-06       14179.3        418997             0
   4.78708e-06       14179.2        419001             0
   4.90982e-06       14179.2        419005             0
   5.03256e-06       14179.1        419009             0
    5.1553e-06         14179        419014             0
   5.27804e-06       14178.9        419018             0
   5.40078e-06       14178.9        419023             0
   5.52352e-06       14178.8        419028             0
   5.64626e-06       14178.7        419033             0
     5.769e-06       14178.7        419038             0
   5.89174e-06       14178.6        419043             0
   6.01448e-06       14178.5        419049             0
   6.13722e-06       14178.4        419055             0
   6.25996e-06       14178.4        419061             0
    6.3827e-06       14178.3        419067             0
   6.50544e-06       14178.2        419073             0
   6.62818e-06       14178.2        419079             0
   6.75092e-06       14178.1        419085             0
   6.87366e-06         14178        419092             0
    6.9964e-06         14178        419099             0
   7.11913e-06       14177.9        419106             0
   7.24187e-06       14177.8        419113             0
   7.36461e-06       14177.7        419120             0
   7.48735e-06       14177.7        419128             0
   7.61009e-06       14177.6        419135             0
   7.73283e-06       14177.5        419143             0
   7.85557e-06       14177.5        419151             0
   7.97831e-06       14177.4        419159             0
   8.10105e-06       14177.3        419167             0
   8.22379e-06       14177.2        419175             0
   8.34653e-06       14177.2        419184             0
   8.46927e-06       14177.1        419193             0
   8.59201e-06         14177        419201             0
   8.71475e-06         14177        419210             0
   8.83749e-06       14176.9        419219             0
   8.96024e-06       14176.8        419229             0
   9.08298e-06       14176.7        419238             0
   9.20572e-06       14176.7        419248             0
   9.32846e-06       14176.6        419258             0
    9.4512e-06       14176.5        419267             0
   9.57395e-06       14176.5        419278             0
   9.69669e-06       14176.4        419288             0
   9.81943e-06       14176.3        419298             0
   9.94218e-06       14176.3        419309             0
   1.00649e-05       14176.2        419319             0
   1.01877e-05       14176.1        419330             0
   1.03104e-05         14176        419341             0
   1.04332e-05         14176        419352             0
   1.05559e-05       14175.9        419364             0
   1.06786e-05       14175.8        419375             0
   1.08014e-05       14175.8        419387             0
   1.09241e-05       14175.7        419399             0
   1.10469e-05       14175.6        419411             0
   1.11696e-05       14175.5        419423             0
   1.12924e-05       14175.5        419435             0
   1.14151e-05       14175.4        419447             0
   1.15379e-05       14175.3        419460             0
   1.16606e-05       14175.3        419473             0
   1.17834e-05       14175.2        419486             0
   1.19061e-05       14175.1        419499             0
   1.20289e-05         14175        419512             0
   1.21516e-05         14175        419525             0
   1.22744e-05       14174.9        419539             0
   1.23971e-05       14174.8        419552             0
   1.25199e-05       14174.8        419566             0
   1.26426e-05       14174.7        419580             0
   1.27654e-05       14174.6        419594             0
   1.28882e-05       14174.5        419609             0
   1.30109e-05       14174.5        419623             0
   1.31337e-05       14174.4        419638             0
   1.32564e-05       14174.3        419652             0
   1.33792e-05       14174.3        419667             0
   1.35019e-05       14174.2        419682             0
   1.36247e-05       14174.1        419698             0
   1.37474e-05       14174.1        419713             0
   1.38702e-05         14174        419729             0
    1.3993e-05       14173.9        419744             0
   1.41157e-05       14173.8        419760             0
   1.42385e-05       14173.8        419776             0
   1.43612e-05       14173.7        419792             0
    1.4484e-05       14173.6        419809             0
   1.46068e-05       14173.6        419825             0
   1.47295e-05       14173.5        419842             0
   1.48523e-05       14173.4        419858             0
   1.49751e-05       14173.4        419875             0
   1.50978e-05       14173.3        419893             0
   1.52206e-05       14173.2        419910             0
   1.53434e-05       14173.1        419927             0
   1.54661e-05       14173.1        419945             0
   1.55889e-05         14173        419963             0
   1.57117e-05       14172.9        419980             0
   1.58344e-05       14172.9        419998             0
   1.59572e-05       14172.8        420017             0
     1.608e-05       14172.7        420035             0
   1.62027e-05       14172.6        420054             0
   1.63255e-05       14172.6        420072             0
   1.64483e-05       14172.5        420091             0
    1.6571e-05       14172.4        420110             0
   1.66938e-05       14172.4        420129             0
   1.68166e-05       14172.3        420149             0
   1.69393e-05       14172.2        420168             0
   1.70621e-05       14172.2        420188             0
   1.71849e-05       14172.1        420208             0
   1.73077e-05         14172        420227             0
   1.74304e-05         14172        420248             0
   1.75532e-05       14171.9        420268             0
    1.7676e-05       14171.8        420288             0
   1.77987e-05       14171.7        420309             0
   1.79215e-05       14171.7        420330             0
   1.80443e-05       14171.6        420351             0
   1.81671e-05       14171.5        420372             0
   1.82898e-05       14171.5        420393             0
   1.84126e-05       14171.4        420414             0
   1.85354e-05       14171.3        420436             0
   1.86582e-05       14171.3        420458             0
   1.87809e-05       14171.2        420479             0
   1.89037e-05       14171.1        420502             0
   1.90265e-05         14171        420524             0
   1.91493e-05         14171        420546             0
    1.9272e-05       14170.9        420569             0
   1.93948e-05       14170.8        420591             0
   1.95176e-05       14170.8        420614             0
   1.96404e-05       14170.7        420637             0
   1.97631e-05       14170.6        420660             0
   1.98859e-05       14170.6        420684             0
   2.00087e-05       14170.5        420707             0
   2.01315e-05       14170.4        420731             0
   2.02542e-05       14170.4        420755             0
    2.0377e-05       14170.3        420779             0
   2.04998e-05       14170.2        420803             0
   2.06226e-05       14170.1        420827             0
   2.07453e-05       14170.1        420852             0
   2.08681e-05         14170        420876             0
   2.09909e-05       14169.9        420901             0
   2.11137e-05       14169.9        420926             0
   2.12364e-05       14169.8        420951             0
   2.13592e-05       14169.7        420976             0
    2.1482e-05       14169.7        421002             0
   2.16048e-05       14169.6        421027             0
   2.17275e-05       14169.5        421053             0
   2.18503e-05       14169.4        421079             0
   2.19731e-05       14169.4        421105             0
   2.20959e-05       14169.3        421132             0
   2.22186e-05       14169.2        421158             0
   2.23414e-05       14169.2        421185             0
   2.24642e-05       14169.1        421211             0
    2.2587e-05         14169        421238             0
   2.27098e-05         14169        421265             0
   2.28325e-05       14168.9        421293             0
   2.29553e-05       14168.8        421320             0
   2.30781e-05       14168.8        421348             0
   2.32009e-05       14168.7        421375             0
   2.33237e-05       14168.6        421403             0
   2.34464e-05       14168.6        421431             0
   2.35692e-05       14168.5        421460             0
    2.3692e-05       14168.4        421488             0
   2.38148e-05       14168.3        421516             0
   2.39376e-05       14168.3        421545             0
   2.40603e-05       14168.2        421574             0
   2.41831e-05       14168.1        421603             0
   2.43059e-05       14168.1        421632             0
   2.44287e-05         14168        421662             0
   2.45515e-05       14167.9        421691             0
   2.46742e-05       14167.9        421721             0
    2.4797e-05       14167.8        421751             0
   2.49198e-05       14167.7        421781             0
   2.50426e-05       14167.6        421811             0
   2.51654e-05       14167.6        421841             0
   2.52882e-05       14167.5        421872             0
   2.54109e-05       14167.4        421902             0
   2.55337e-05       14167.4        421933             0
   2.56565e-05       14167.3        421964             0
   2.57793e-05       14167.2        421995             0
   2.59021e-05       14167.2        422026             0
   2.60249e-05       14167.1        422058             0
   2.61477e-05         14167        422090             0
   2.62705e-05         14167        422121             0
   2.63932e-05       14166.9        422153             0
    2.6516e-05       14166.8        422185             0
   2.66388e-05       14166.7        422218             0
   2.67616e-05       14166.7        422250             0
   2.68844e-05       14166.6        422283             0
   2.70072e-05       14166.5        422315             0
     2.713e-05       14166.5        422348             0
   2.72528e-05       14166.4        422381             0
   2.73756e-05       14166.3        422414             0
   2.74984e-05       14166.3        422448             0
   2.76212e-05       14166.2        422481             0
    2.7744e-05       14166.1        422515             0
   2.78667e-05         14166        422549             0
   2.79895e-05         14166        422583             0
   2.81123e-05       14165.9        422617             0
   2.82351e-05       14165.8        422651             0
   2.83579e-05       14165.8        422686             0
   2.84807e-05       14165.7        422720             0
   2.86035e-05       14165.6        422755             0
   2.87263e-05       14165.6        422790             0
   2.88491e-05       14165.5        422825             0
   2.89719e-05       14165.4        422860             0
   2.90947e-05       14165.3        422896             0
   2.92175e-05       14165.3        422931             0
   2.93403e-05       14165.2        422967             0
   2.94631e-05       14165.1        423003             0
   2.95859e-05       14165.1        423039             0
   2.97087e-05         14165        423075             0
   2.98316e-05       14164.9        423112             0
   2.99544e-05       14164.8        423148             0
   3.00772e-05       14164.8        423185             0
      3.02e-05       14164.7        423222             0
   3.03228e-05       14164.6        423259             0
   3.04456e-05       14164.6        423296             0
   3.05684e-05       14164.5        423333             0
   3.06912e-05       14164.4        423371             0
    3.0814e-05       14164.3        423408             0
   3.09368e-05       14164.3        423446             0
   3.10596e-05       14164.2        423484             0
   3.11825e-05       14164.1        423522             0
   3.13053e-05       14164.1        423560             0
   3.14281e-05         14164        423599             0
   3.15509e-05       14163.9        423637             0
   3.16737e-05       14163.9        423676             0
   3.17965e-05       14163.8        423715             0
   3.19194e-05       14163.7        423754             0
   3.20422e-05       14163.6        423793             0
    3.2165e-05       14163.6        423833             0
   3.22878e-05       14163.5        423872             0
   3.24106e-05       14163.4        423912             0
   3.25335e-05       14163.4        423952             0
   3.26563e-05       14163.3        423992             0
   3.27791e-05       14163.2        424032             0
   3.29019e-05       14163.1        424072             0
   3.30248e-05       14163.1        424113             0
   3.31476e-05         14163        424153             0
   3.32704e-05       14162.9        424194             0
   3.33932e-05       14162.9        424235             0
   3.35161e-05       14162.8        424276             0
   3.36389e-05       14162.7        424318             0
   3.37617e-05       14162.7        424359             0
   3.38846e-05       14162.6        424401             0
   3.40074e-05       14162.5        424443             0
   3.41302e-05       14162.4        424485             0
   3.42531e-05       14162.4        424527             0
   3.43759e-05       14162.3        424569             0
   3.44987e-05       14162.2        424612             0
   3.46216e-05       14162.2        424654             0
   3.47444e-05       14162.1        424697             0
   3.48672e-05         14162        424740             0
   3.49901e-05       14161.9        424783             0
   3.51129e-05       14161.9        424826             0
   3.52357e-05       14161.8        424870             0
   3.53586e-05       14161.7        424914             0
   3.54814e-05       14161.7        424957             0
   3.56043e-05       14161.6        425001             0
   3.57271e-05       14161.5        425045             0
   3.58499e-05       14161.5        425090             0
   3.59728e-05       14161.4        425134             0
   3.60956e-05       14161.3        425179             0
   3.62185e-05       14161.2        425224             0
   3.63413e-05       14161.2        425269             0
   3.64641e-05       14161.1        425314             0
    3.6587e-05         14161        425359             0
   3.67098e-05         14161        425405             0
   3.68327e-05       14160.9        425450             0
   3.69555e-05       14160.8        425496             0
   3.70784e-05       14160.7        425542             0
   3.72012e-05       14160.7        425588             0
   3.73241e-05       14160.6        425635             0
   3.74469e-05       14160.5        425681             0
   3.75698e-05       14160.5        425728             0
   3.76926e-05       14160.4        425775             0
   3.78155e-05       14160.3        425822             0
   3.79383e-05       14160.3        425869             0
   3.80611e-05       14160.2        425916             0
    3.8184e-05       14160.1        425964             0
   3.83068e-05       14160.1        426012             0
   3.84297e-05         14160        426060             0
   3.85525e-05       14159.9        426108             0
   3.86754e-05       14159.8        426156             0
   3.87983e-05       14159.8        426204             0
   3.89211e-05       14159.7        426253             0
    3.9044e-05       14159.6        426302             0
   3.91668e-05       14159.6        426351             0
   3.92897e-05       14159.5        426400             0
   3.94125e-05       14159.4        426449             0
   3.95354e-05       14159.4        426498             0
   3.96582e-05       14159.3        426548             0
   3.97811e-05       14159.2        426598             0
   3.99039e-05       14159.1        426648             0
   4.00268e-05       14159.1        426698             0
   4.01496e-05         14159        426748             0
   4.02725e-05       14158.9        426799             0
   4.03954e-05       14158.9        426849             0
   4.05182e-05       14158.8        426900             0
   4.06411e-05       14158.7        426951             0
   4.07639e-05       14158.7        427002             0
   4.08868e-05       14158.6        427054             0
   4.10096e-05       14158.5        427105             0
   4.11325e-05       14158.5        427157             0
   4.12554e-05       14158.4        427209             0
   4.13782e-05       14158.3        427261             0
   4.15011e-05       14158.2        427313             0
   4.16239e-05       14158.2        427365             0
   4.17468e-05       14158.1        427418             0
   4.18697e-05         14158        427471             0
   4.19925e-05         14158        427523             0
   4.21154e-05       14157.9        427576             0
   4.22383e-05       14157.8        427630             0
   4.23611e-05       14157.8        427683             0
    4.2484e-05       14157.7        427737             0
   4.26069e-05       14157.6        427790             0
   4.27297e-05       14157.5        427844             0
   4.28526e-05       14157.5        427898             0
   4.29755e-05       14157.4        427953             0
   4.30983e-05       14157.3        428007             0
   4.32212e-05       14157.3        428061             0
   4.33441e-05       14157.2        428116             0
   4.34669e-05       14157.1        428171             0
   4.35898e-05       14157.1        428226             0
   4.37127e-05         14157        428281             0
   4.38355e-05       14156.9        428337             0
   4.39584e-05       14156.8        428392             0
   4.40813e-05       14156.8        428448             0
   4.42042e-05       14156.7        428504             0
    4.4327e-05       14156.6        428560             0
   4.44499e-05       14156.6        428616             0
   4.45728e-05       14156.5        428673             0
   4.46957e-05       14156.4        428729             0
   4.48185e-05       14156.4        428786             0
   4.49414e-05       14156.3        428843             0
   4.50643e-05       14156.2        428900             0
   4.51872e-05       14156.1        428958             0
     4.531e-05       14156.1        429015             0
   4.54329e-05         14156        429073             0
   4.55558e-05       14155.9        429130             0
   4.56787e-05       14155.9        429188             0
   4.58016e-05       14155.8        429246             0
   4.59245e-05       14155.7        429305             0
   4.60473e-05       14155.7        429363             0
   4.61702e-05       14155.6        429422             0
   4.62931e-05       14155.5        429481             0
    4.6416e-05       14155.4        429539             0
   4.65389e-05       14155.4        429599             0
   4.66618e-05       14155.3        429658             0
   4.67847e-05       14155.2        429717             0
   4.69076e-05       14155.2        429777             0
   4.70305e-05       14155.1        429837             0
   4.71534e-05         14155        429897             0
   4.72763e-05         14155        429957             0
   4.73991e-05       14154.9        430017             0
    4.7522e-05       14154.8        430078             0
   4.76449e-05       14154.7        430138             0
   4.77678e-05       14154.7        430199             0
   4.78907e-05       14154.6        430260             0
   4.80136e-05       14154.5        430321             0
   4.81365e-05       14154.5        430383             0
   4.82594e-05       14154.4        430444             0
   4.83823e-05       14154.3        430506             0
   4.85053e-05       14154.2        430568             0
   4.86282e-05       14154.2        430630             0
   4.87511e-05       14154.1        430692             0
    4.8874e-05         14154        430754             0
   4.89969e-05         14154        430817             0
   4.91198e-05       14153.9        430879             0
   4.92427e-05       14153.8        430942             0
   4.93656e-05       14153.8        431005             0
   4.94885e-05       14153.7        431069             0
   4.96114e-05       14153.6        431132             0
   4.97344e-05       14153.5        431195             0
   4.98573e-05       14153.5        431259             0
   4.99802e-05       14153.4        431323             0
   5.01031e-05       14153.3        431387             0
    5.0226e-05       14153.3        431451             0
   5.03489e-05       14153.2        431516             0
   5.04719e-05       14153.1        431580             0
   5.05948e-05         14153        431645             0
   5.07177e-05         14153        431710             0
   5.08406e-05       14152.9        431775             0
   5.09636e-05       14152.8        431841             0
   5.10865e-05       14152.8        431906             0
   5.12094e-05       14152.7        431972             0
   5.13323e-05       14152.6        432038             0
   5.14553e-05       14152.6        432104             0
   5.15782e-05       14152.5        432170             0
   5.17011e-05       14152.4        432236             0
    5.1824e-05       14152.3        432303             0
    5.1947e-05       14152.3        432369             0
   5.20699e-05       14152.2        432436             0
   5.21928e-05       14152.1        432503             0
   5.23158e-05       14152.1        432571             0
   5.24387e-05         14152        432638             0
   5.25616e-05       14151.9        432706             0
   5.26846e-05       14151.8        432773             0
   5.28075e-05       14151.8        432841             0
   5.29305e-05       14151.7        432909             0
   5.30534e-05       14151.6        432978             0
   5.31763e-05       14151.6        433046             0
   5.32993e-05       14151.5        433115             0
   5.34222e-05       14151.4        433184             0
   5.35452e-05       14151.4        433253             0
   5.36681e-05       14151.3        433322             0
   5.37911e-05       14151.2        433391             0
    5.3914e-05       14151.1        433461             0
   5.40369e-05       14151.1        433531             0
   5.41599e-05         14151        433600             0
   5.42828e-05       14150.9        433671             0
   5.44058e-05       14150.9        433741             0
   5.45287e-05       14150.8        433811             0
   5.46517e-05       14150.7        433882             0
   5.47746e-05       14150.7        433953             0
   5.48976e-05       14150.6        434024             0
   5.50205e-05       14150.5        434095             0
   5.51435e-05       14150.4        434166             0
   5.52664e-05       14150.4        434238             0
   5.53894e-05       14150.3        434310             0
   5.55123e-05       14150.2        434381             0
   5.56353e-05       14150.2        434454             0
   5.57582e-05       14150.1        434526             0
   5.58812e-05         14150        434598             0
   5.60042e-05         14150        434671             0
   5.61271e-05       14149.9        434744             0
   5.62501e-05       14149.8        434817             0
    5.6373e-05       14149.7        434890             0
    5.6496e-05       14149.7        434963             0
    5.6619e-05       14149.6        435037             0
   5.67419e-05       14149.5        435110             0
   5.68649e-05       14149.5        435184             0
   5.69878e-05       14149.4        435258             0
   5.71108e-05       14149.3        435333             0
   5.72338e-05       14149.3        435407             0
   5.73567e-05       14149.2        435482             0
   5.74797e-05       14149.1        435556             0
   5.76027e-05         14149        435631             0
   5.77256e-05         14149        435707             0
   5.78486e-05       14148.9        435782             0
   5.79715e-05       14148.8        435857             0
   5.80945e-05       14148.8        435933             0
   5.82175e-05       14148.7        436009             0
   5.83405e-05       14148.6        436085             0
   5.84634e-05       14148.5        436161             0
   5.85864e-05       14148.5        436238             0
   5.87094e-05       14148.4        436314             0
   5.88323e-05       14148.3        436391             0
   5.89553e-05       14148.3        436468             0
   5.90783e-05       14148.2        436545             0
   5.92012e-05       14148.1        436623             0
   5.93242e-05       14148.1        436700             0
   5.94472e-05         14148        436778             0
   5.95702e-05       14147.9        436856             0
   5.96931e-05       14147.8        436934             0
   5.98161e-05       14147.8        437012             0
   5.99391e-05       14147.7        437091             0
   6.00621e-05       14147.6        437169             0
   6.01851e-05       14147.6        437248             0
    6.0308e-05       14147.5        437327             0
    6.0431e-05       14147.4        437406             0
    6.0554e-05       14147.4        437486             0
    6.0677e-05       14147.3        437565             0
      6.08e-05       14147.2        437645             0
   6.09229e-05       14147.1        437725             0
   6.10459e-05       14147.1        437805             0
   6.11689e-05         14147        437885             0
   6.12919e-05       14146.9        437965             0
   6.14149e-05       14146.9        438046             0
   6.15379e-05       14146.8        438127             0
   6.16609e-05       14146.7        438208             0
   6.17839e-05       14146.6        438289             0
   6.19068e-05       14146.6        438370             0
   6.20298e-05       14146.5        438452             0
   6.21528e-05       14146.4        438534             0
   6.22758e-05       14146.4        438616             0
   6.23988e-05       14146.3        438698             0
   6.25218e-05       14146.2        438780             0
   6.26448e-05       14146.1        438862             0
   6.27678e-05       14146.1        438945             0
   6.28908e-05         14146        439028             0
   6.30138e-05       14145.9        439111             0
   6.31368e-05       14145.8        439194             0
   6.32598e-05       14145.8        439277             0
   6.33828e-05       14145.7        439361             0
   6.35058e-05       14145.6        439445             0
   6.36288e-05       14145.6        439528             0
   6.37518e-05       14145.5        439613             0
   6.38748e-05       14145.4        439697             0
   6.39978e-05       14145.3        439781             0
   6.41208e-05       14145.3        439866             0
   6.42439e-05       14145.2        439951             0
   6.43669e-05       14145.1        440036             0
   6.44899e-05       14145.1        440121             0
   6.46129e-05         14145        440206             0
   6.47359e-05       14144.9        440292             0
   6.48589e-05       14144.8        440378             0
   6.49819e-05       14144.8        440464             0
    6.5105e-05       14144.7        440550             0
    6.5228e-05       14144.6        440636             0
    6.5351e-05       14144.5        440722             0
    6.5474e-05       14144.5        440809             0
    6.5597e-05       14144.4        440896             0
   6.57201e-05       14144.3        440983             0
   6.58431e-05       14144.3        441070             0
   6.59661e-05       14144.2        441158             0
   6.60891e-05       14144.1        441245             0
   6.62122e-05         14144        441333             0
   6.63352e-05         14144        441421             0
   6.64582e-05       14143.9        441509             0
   6.65813e-05       14143.8        441597             0
   6.67043e-05       14143.7        441686             0
   6.68273e-05       14143.7        441775             0
   6.69503e-05       14143.6        441864             0
   6.70734e-05       14143.5        441953             0
   6.71964e-05       14143.5        442042             0
   6.73195e-05       14143.4        442131             0
   6.74425e-05       14143.3        442221             0
   6.75655e-05       14143.2        442311             0
   6.76886e-05       14143.2        442401             0
   6.78116e-05       14143.1        442491             0
   6.79347e-05         14143        442582             0
   6.80577e-05       14142.9        442672             0
   6.81807e-05       14142.9        442763             0
   6.83038e-05       14142.8        442854             0
   6.84268e-05       14142.7        442945             0
   6.85499e-05       14142.7        443036             0
   6.86729e-05       14142.6        443128             0
    6.8796e-05       14142.5        443220             0
    6.8919e-05       14142.4        443312             0
   6.90421e-05       14142.4        443404             0
   6.91651e-05       14142.3        443496             0
   6.92882e-05       14142.2        443589             0
   6.94112e-05       14142.1        443681             0
   6.95343e-05       14142.1        443774             0
   6.96573e-05         14142        443867             0
   6.97804e-05       14141.9        443961             0
   6.99035e-05       14141.9        444054             0
   7.00265e-05       14141.8        444148             0
   7.01496e-05       14141.7        444242             0
   7.02726e-05       14141.6        444336             0
   7.03957e-05       14141.6        444430             0
   7.05187e-05       14141.5        444524             0
   7.06418e-05       14141.4        444619             0
   7.07649e-05       14141.3        444714             0
   7.08879e-05       14141.3        444809             0
    7.1011e-05       14141.2        444904             0
   7.11341e-05       14141.1        444999             0
   7.12571e-05       14141.1        445095             0
   7.13802e-05         14141        445191             0
   7.15033e-05       14140.9        445287             0
   7.16263e-05       14140.8        445383             0
   7.17494e-05       14140.8        445479             0
   7.18725e-05       14140.7        445576             0
   7.19956e-05       14140.6        445673             0
   7.21186e-05       14140.5        445770             0
   7.22417e-05       14140.5        445867             0
   7.23648e-05       14140.4        445964             0
   7.24878e-05       14140.3        446062             0
   7.26109e-05       14140.3        446160             0
    7.2734e-05       14140.2        446258             0
   7.28571e-05       14140.1        446356             0
   7.29802e-05         14140        446454             0
   7.31032e-05         14140        446553             0
   7.32263e-05       14139.9        446651             0
   7.33494e-05       14139.8        446750             0
   7.34725e-05       14139.8        446850             0
   7.35956e-05       14139.7        446949             0
   7.37186e-05       14139.6        447049             0
   7.38417e-05       14139.5        447148             0
   7.39648e-05       14139.5        447248             0
   7.40879e-05       14139.4        447348             0
    7.4211e-05       14139.3        447449             0
   7.43341e-05       14139.3        447549             0
   7.44571e-05       14139.2        447650             0
   7.45802e-05       14139.1        447751             0
   7.47033e-05         14139        447852             0
   7.48264e-05         14139        447954             0
   7.49495e-05       14138.9        448055             0
   7.50726e-05       14138.8        448157             0
   7.51957e-05       14138.8        448259             0
   7.53188e-05       14138.7        448361             0
   7.54419e-05       14138.6        448463             0
    7.5565e-05       14138.5        448566             0
   7.56881e-05       14138.5        448669             0
   7.58112e-05       14138.4        448771             0
   7.59343e-05       14138.3        448875             0
   7.60574e-05       14138.3        448978             0
   7.61805e-05       14138.2        449081             0
   7.63036e-05       14138.1        449185             0
   7.64267e-05         14138        449289             0
   7.65498e-05         14138        449393             0
   7.66729e-05       14137.9        449498             0
    7.6796e-05       14137.8        449602             0
   7.69191e-05       14137.8        449707             0
   7.70422e-05       14137.7        449812             0
   7.71653e-05       14137.6        449917             0
   7.72884e-05       14137.5        450022             0
   7.74115e-05       14137.5        450128             0
   7.75346e-05       14137.4        450233             0
   7.76577e-05       14137.3        450339             0
   7.77808e-05       14137.3        450446             0
   7.79039e-05       14137.2        450552             0
   7.80271e-05       14137.1        450658             0
   7.81502e-05         14137        450765             0
   7.82733e-05         14137        450872             0
   7.83964e-05       14136.9        450979             0
   7.85195e-05       14136.8        451086             0
   7.86426e-05       14136.8        451194             0
   7.87658e-05       14136.7        451302             0
   7.88889e-05       14136.6        451409             0
    7.9012e-05       14136.5        451518             0
   7.91351e-05       14136.5        451626             0
   7.92582e-05       14136.4        451734             0
   7.93814e-05       14136.3        451843             0
   7.95045e-05       14136.3        451952             0
   7.96276e-05       14136.2        452061             0
   7.97508e-05       14136.1        452170             0
   7.98739e-05         14136        452280             0
    7.9997e-05         14136        452390             0
   8.01201e-05       14135.9        452499             0
   8.02433e-05       14135.8        452609             0
   8.03664e-05       14135.7        452720             0
   8.04895e-05       14135.7        452830             0
   8.06127e-05       14135.6        452941             0
   8.07358e-05       14135.5        453052             0
   8.08589e-05       14135.5        453163             0
   8.09821e-05       14135.4        453274             0
   8.11052e-05       14135.3        453386             0
   8.12284e-05       14135.2        453497             0
   8.13515e-05       14135.2        453609             0
   8.14746e-05       14135.1        453721             0
   8.15978e-05         14135        453833             0
   8.17209e-05       14134.9        453946             0
   8.18441e-05       14134.9        454059             0
   8.19672e-05       14134.8        454171             0
   8.20904e-05       14134.7        454285             0
   8.22135e-05       14134.6        454398             0
   8.23367e-05       14134.6        454511             0
   8.24598e-05       14134.5        454625             0
    8.2583e-05       14134.4        454739             0
   8.27061e-05       14134.3        454853             0
   8.28293e-05       14134.3        454967             0
   8.29524e-05       14134.2        455082             0
   8.30756e-05       14134.1        455196             0
   8.31988e-05       14134.1        455311             0
   8.33219e-05         14134        455426             0
   8.34451e-05       14133.9        455542             0
   8.35682e-05       14133.8        455657             0
   8.36914e-05       14133.8        455773             0
   8.38146e-05       14133.7        455889             0
   8.39377e-05       14133.6        456005             0
   8.40609e-05       14133.5        456121             0
   8.41841e-05       14133.5        456237             0
   8.43072e-05       14133.4        456354             0
   8.44304e-05       14133.3        456471             0
   8.45536e-05       14133.2        456588             0
   8.46767e-05       14133.2        456706             0
   8.47999e-05       14133.1        456823             0
   8.49231e-05         14133        456941             0
   8.50463e-05       14132.9        457059             0
   8.51694e-05       14132.9        457177             0
   8.52926e-05       14132.8        457295             0
   8.54158e-05       14132.7        457414             0
    8.5539e-05       14132.6        457533             0
   8.56622e-05       14132.6        457652             0
   8.57853e-05       14132.5        457771             0
   8.59085e-05       14132.4        457890             0
   8.60317e-05       14132.3        458010             0
   8.61549e-05       14132.3        458130             0
   8.62781e-05       14132.2        458250             0
   8.64013e-05       14132.1        458370             0
   8.65245e-05         14132        458490             0
   8.66476e-05         14132        458611             0
   8.67708e-05       14131.9        458732             0
    8.6894e-05       14131.8        458853             0
   8.70172e-05       14131.7        458974             0
   8.71404e-05       14131.7        459096             0
   8.72636e-05       14131.6        459218             0
   8.73868e-05       14131.5        459339             0
     8.751e-05       14131.4        459462             0
   8.76332e-05       14131.4        459584             0
   8.77564e-05       14131.3        459707             0
   8.78796e-05       14131.2        459829             0
   8.80028e-05       14131.1        459952             0
    8.8126e-05       14131.1        460076             0
   8.82492e-05         14131        460199             0
   8.83724e-05       14130.9        460323             0
   8.84956e-05       14130.8        460447             0
   8.86188e-05       14130.8        460571             0
    8.8742e-05       14130.7        460695             0
   8.88652e-05       14130.6        460819             0
   8.89884e-05       14130.5        460944             0
   8.91116e-05       14130.5        461069             0
   8.92349e-05       14130.4        461194             0
   8.93581e-05       14130.3        461320             0
   8.94813e-05       14130.2        461445             0
   8.96045e-05       14130.1        461571             0
   8.97277e-05       14130.1        461697             0
   8.98509e-05         14130        461823             0
   8.99741e-05       14129.9        461950             0
   9.00973e-05       14129.8        462076             0
   9.02206e-05       14129.8        462203             0
   9.03438e-05       14129.7        462330             0
    9.0467e-05       14129.6        462458             0
   9.05902e-05       14129.5        462585             0
   9.07134e-05       14129.5        462713             0
   9.08367e-05       14129.4        462841             0
   9.09599e-05       14129.3        462969             0
   9.10831e-05       14129.2        463098             0
   9.12063e-05       14129.2        463226             0
   9.13295e-05       14129.1        463355             0
   9.14528e-05         14129        463484             0
    9.1576e-05       14128.9        463613             0
   9.16992e-05       14128.9        463743             0
   9.18225e-05       14128.8        463873             0
   9.19457e-05       14128.7        464003             0
   9.20689e-05       14128.6        464133             0
   9.21921e-05       14128.6        464263             0
   9.23154e-05       14128.5        464394             0
   9.24386e-05       14128.4        464525             0
   9.25618e-05       14128.3        464656             0
   9.26851e-05       14128.3        464787             0
   9.28083e-05       14128.2        464918             0
   9.29315e-05       14128.1        465050             0
   9.30548e-05         14128        465182             0
    9.3178e-05         14128        465314             0
   9.33012e-05       14127.9        465446             0
   9.34245e-05       14127.8        465579             0
   9.35477e-05       14127.7        465712             0
    9.3671e-05       14127.7        465845             0
   9.37942e-05       14127.6        465978             0
   9.39174e-05       14127.5        466111             0
   9.40407e-05       14127.4        466245             0
   9.41639e-05       14127.4        466379             0
   9.42872e-05       14127.3        466513             0
   9.44104e-05       14127.2        466647             0
   9.45337e-05       14127.1        466781             0
   9.46569e-05       14127.1        466916             0
   9.47802e-05         14127        467051             0
   9.49034e-05       14126.9        467186             0
   9.50267e-05       14126.8        467322             0
   9.51499e-05       14126.8        467457             0
   9.52732e-05       14126.7        467593             0
   9.53964e-05       14126.6        467729             0
   9.55197e-05       14126.5        467865             0
   9.56429e-05       14126.5        468002             0
   9.57662e-05       14126.4        468138             0
   9.58894e-05       14126.3        468275             0
   9.60127e-05       14126.2        468412             0
   9.61359e-05       14126.2        468549             0
   9.62592e-05       14126.1        468687             0
   9.63825e-05         14126        468825             0
   9.65057e-05       14125.9        468963             0
    9.6629e-05       14125.9        469101             0
   9.67522e-05       14125.8        469239             0
   9.68755e-05       14125.7        469378             0
   9.69988e-05       14125.6        469517             0
    9.7122e-05       14125.6        469656             0
   9.72453e-05       14125.5        469795             0
   9.73686e-05       14125.4        469934             0
   9.74918e-05       14125.3        470074             0
   9.76151e-05       14125.3        470214             0
   9.77384e-05       14125.2        470354             0
   9.78616e-05       14125.1        470494             0
   9.79849e-05         14125        470635             0
   9.81082e-05         14125        470776             0
   9.82315e-05       14124.9        470917             0
   9.83547e-05       14124.8        471058             0
    9.8478e-05       14124.7        471199             0
   9.86013e-05       14124.7        471341             0
   9.87246e-05       14124.6        471483             0
   9.88478e-05       14124.5        471625             0
   9.89711e-05       14124.4        471767             0
   9.90944e-05       14124.3        471910             0
   9.92177e-05       14124.3        472053             0
    9.9341e-05       14124.2        472196             0
   9.94643e-05       14124.1        472339             0
   9.95875e-05         14124        472482             0
   9.97108e-05         14124        472626             0
   9.98341e-05       14123.9        472770             0
   9.99574e-05       14123.8        472914             0
   0.000100081       14123.7        473058             0
   0.000100204       14123.7        473203             0
   0.000100327       14123.6        473347             0
   0.000100451       14123.5        473492             0
   0.000100574       14123.4        473638             0
   0.000100697       14123.3        473783             0
    0.00010082       14123.3        473929             0
   0.000100944       14123.2        474075             0
   0.000101067       14123.1        474221             0
    0.00010119         14123        474367             0
   0.000101314         14123        474514             0
   0.000101437       14122.9        474660             0
    0.00010156       14122.8        474807             0
   0.000101684       14122.7        474955             0
   0.000101807       14122.7        475102             0
    0.00010193       14122.6        475250             0
   0.000102054       14122.5        475398             0
   0.000102177       14122.4        475546             0
     0.0001023       14122.3        475694             0
   0.000102423       14122.3        475843             0
   0.000102547       14122.2        475992             0
    0.00010267       14122.1        476141             0
   0.000102793         14122        476290             0
   0.000102917         14122        476440             0
    0.00010304       14121.9        476589             0
   0.000103163       14121.8        476739             0
   0.000103287       14121.7        476890             0
    0.00010341       14121.6        477040             0
   0.000103533       14121.6        477191             0
   0.000103657       14121.5        477342             0
    0.00010378       14121.4        477493             0
   0.000103903       14121.3        477644             0
   0.000104027       14121.3        477796             0
    0.00010415       14121.2        477948             0
   0.000104273       14121.1        478100             0
   0.000104397         14121        478252             0
    0.00010452       14120.9        478405             0
   0.000104643       14120.9        478558             0
   0.000104767       14120.8        478711             0
    0.00010489       14120.7        478864             0
   0.000105013       14120.6        479018             0
   0.000105137       14120.5        479172             0
    0.00010526       14120.5        479326             0
   0.000105383       14120.4        479480             0
   0.000105507       14120.3        479634             0
    0.00010563       14120.2        479789             0
   0.000105753       14120.2        479944             0
   0.000105877       14120.1        480099             0
      0.000106         14120        480255             0
   0.000106123       14119.9        480410             0
   0.000106247       14119.8        480566             0
    0.00010637       14119.8        480722             0
   0.000106493       14119.7        480879             0
   0.000106617       14119.6        481035             0
    0.00010674       14119.5        481192             0
   0.000106863       14119.4        481349             0
   0.000106987       14119.4        481507             0
    0.00010711       14119.3        481664             0
   0.000107233       14119.2        481822             0
   0.000107357       14119.1        481980             0
    0.00010748       14119.1        482139             0
   0.000107603         14119        482297             0
   0.000107727       14118.9        482456             0
    0.00010785       14118.8        482615             0
   0.000107973       14118.7        482774             0
   0.000108097       14118.7        482934             0
    0.00010822       14118.6        483093             0
   0.000108343       14118.5        483253             0
   0.000108467       14118.4        483414             0
    0.00010859       14118.4        483574             0
   0.000108714       14118.3        483735             0
   0.000108837       14118.2        483896             0
    0.00010896       14118.1        484057             0
   0.000109084         14118        484218             0
   0.000109207         14118        484380             0
    0.00010933       14117.9        484542             0
   0.000109454       14117.8        484704             0
   0.000109577       14117.7        484866             0
     0.0001097       14117.6        485029             0
   0.000109824       14117.6        485192             0
   0.000109947       14117.5        485355             0
    0.00011007       14117.4        485518             0
   0.000110194       14117.3        485682             0
   0.000110317       14117.3        485845             0
   0.000110441       14117.2        486009             0
   0.000110564       14117.1        486174             0
   0.000110687         14117        486338             0
   0.000110811       14116.9        486503             0
   0.000110934       14116.9        486668             0
   0.000111057       14116.8        486833             0
   0.000111181       14116.7        486999             0
   0.000111304       14116.6        487164             0
   0.000111427       14116.6        487330             0
   0.000111551       14116.5        487496             0
   0.000111674       14116.4        487663             0
   0.000111798       14116.3        487829             0
   0.000111921       14116.2        487996             0
   0.000112044       14116.2        488163             0
   0.000112168       14116.1        488331             0
   0.000112291         14116        488498             0
   0.000112414       14115.9        488666             0
   0.000112538       14115.9        488834             0
   0.000112661       14115.8        489002             0
   0.000112785       14115.7        489171             0
   0.000112908       14115.6        489339             0
   0.000113031       14115.5        489508             0
   0.000113155       14115.5        489678             0
   0.000113278       14115.4        489847             0
   0.000113402       14115.3        490017             0
   0.000113525       14115.2        490187             0
   0.000113648       14115.1        490357             0
   0.000113772       14115.1        490527             0
   0.000113895         14115        490698             0
   0.000114018       14114.9        490869             0
   0.000114142       14114.8        491040             0
   0.000114265       14114.7        491211             0
   0.000114389       14114.7        491383             0
   0.000114512       14114.6        491555             0
   0.000114635       14114.5        491727             0
   0.000114759       14114.4        491899             0
   0.000114882       14114.3        492072             0
   0.000115006       14114.3        492245             0
   0.000115129       14114.2        492418             0
   0.000115252       14114.1        492591             0
   0.000115376         14114        492764             0
   0.000115499       14113.9        492938             0
   0.000115623       14113.9        493112             0
   0.000115746       14113.8        493286             0
   0.000115869       14113.7        493461             0
   0.000115993       14113.6        493636             0
   0.000116116       14113.5        493810             0
    0.00011624       14113.5        493986             0
   0.000116363       14113.4        494161             0
   0.000116486       14113.3        494337             0
    0.00011661       14113.2        494513             0
   0.000116733       14113.1        494689             0
   0.000116857       14113.1        494865             0
    0.00011698         14113        495042             0
   0.000117103       14112.9        495219             0
   0.000117227       14112.8        495396             0
    0.00011735       14112.7        495574             0
   0.000117474       14112.7        495751             0
   0.000117597       14112.6        495929             0
   0.000117721       14112.5        496107             0
   0.000117844       14112.4        496286             0
   0.000117967       14112.3        496464             0
   0.000118091       14112.2        496643             0
   0.000118214       14112.2        496822             0
   0.000118338       14112.1        497002             0
   0.000118461         14112        497182             0
   0.000118584       14111.9        497361             0
   0.000118708       14111.8        497542             0
   0.000118831       14111.8        497722             0
   0.000118955       14111.7        497903             0
   0.000119078       14111.6        498084             0
   0.000119202       14111.5        498265             0
   0.000119325       14111.4        498446             0
   0.000119448       14111.3        498628             0
   0.000119572       14111.3        498810             0
   0.000119695       14111.2        498992             0
   0.000119819       14111.1        499174             0
   0.000119942         14111        499357             0
   0.000120066       14110.9        499540             0
   0.000120189       14110.9        499723             0
   0.000120313       14110.8        499907             0
   0.000120436       14110.7        500090             0
   0.000120559       14110.6        500274             0
   0.000120683       14110.5        500459             0
   0.000120806       14110.4        500643             0
    0.00012093       14110.4        500828             0
   0.000121053       14110.3        501013             0
   0.000121177       14110.2        501198             0
     0.0001213       14110.1        501384             0
   0.000121423         14110        501569             0
   0.000121547       14109.9        501756             0
    0.00012167       14109.9        501942             0
   0.000121794       14109.8        502128             0
   0.000121917       14109.7        502315             0
   0.000122041       14109.6        502502             0
   0.000122164       14109.5        502690             0
   0.000122288       14109.5        502877             0
   0.000122411       14109.4        503065             0
   0.000122534       14109.3        503253             0
   0.000122658       14109.2        503442             0
   0.000122781       14109.1        503630             0
   0.000122905         14109        503819             0
   0.000123028         14109        504008             0
   0.000123152       14108.9        504198             0
   0.000123275       14108.8        504387             0
   0.000123399       14108.7        504577             0
   0.000123522       14108.6        504768             0
   0.000123646       14108.5        504958             0
   0.000123769       14108.5        505149             0
   0.000123892       14108.4        505340             0
   0.000124016       14108.3        505531             0
   0.000124139       14108.2        505723             0
   0.000124263       14108.1        505914             0
   0.000124386         14108        506106             0
    0.00012451         14108        506299             0
   0.000124633       14107.9        506491             0
   0.000124757       14107.8        506684             0
    0.00012488       14107.7        506877             0
   0.000125004       14107.6        507070             0
   0.000125127       14107.5        507264             0
   0.000125251       14107.5        507458             0
   0.000125374       14107.4        507652             0
   0.000125497       14107.3        507846             0
   0.000125621       14107.2        508041             0
   0.000125744       14107.1        508236             0
   0.000125868         14107        508431             0
   0.000125991         14107        508627             0
   0.000126115       14106.9        508822             0
   0.000126238       14106.8        509018             0
   0.000126362       14106.7        509214             0
   0.000126485       14106.6        509411             0
   0.000126609       14106.5        509608             0
   0.000126732       14106.5        509805             0
   0.000126856       14106.4        510002             0
   0.000126979       14106.3        510199             0
   0.000127103       14106.2        510397             0
   0.000127226       14106.1        510595             0
   0.000127349         14106        510793             0
   0.000127473         14106        510992             0
   0.000127596       14105.9        511191             0
    0.00012772       14105.8        511390             0
   0.000127843       14105.7        511589             0
   0.000127967       14105.6        511789             0
    0.00012809       14105.5        511989             0
   0.000128214       14105.5        512189             0
   0.000128337       14105.4        512389             0
   0.000128461       14105.3        512590             0
   0.000128584       14105.2        512791             0
   0.000128708       14105.1        512992             0
   0.000128831         14105        513193             0
   0.000128955         14105        513395             0
   0.000129078       14104.9        513597             0
   0.000129202       14104.8        513799             0
   0.000129325       14104.7        514002             0
   0.000129449       14104.6        514204             0
   0.000129572       14104.5        514407             0
   0.000129696       14104.4        514611             0
   0.000129819       14104.4        514814             0
   0.000129943       14104.3        515018             0
   0.000130066       14104.2        515222             0
   0.000130189       14104.1        515426             0
   0.000130313         14104        515631             0
   0.000130436       14103.9        515836             0
    0.00013056       14103.9        516041             0
   0.000130683       14103.8        516246             0
   0.000130807       14103.7        516452             0
    0.00013093       14103.6        516658             0
   0.000131054       14103.5        516864             0
   0.000131177       14103.4        517070             0
   0.000131301       14103.4        517277             0
   0.000131424       14103.3        517484             0
   0.000131548       14103.2        517691             0
   0.000131671       14103.1        517899             0
   0.000131795         14103        518106             0
   0.000131918       14102.9        518314             0
   0.000132042       14102.8        518523             0
   0.000132165       14102.8        518731             0
   0.000132289       14102.7        518940             0
   0.000132412       14102.6        519149             0
   0.000132536       14102.5        519358             0
   0.000132659       14102.4        519568             0
   0.000132783       14102.3        519778             0
   0.000132906       14102.3        519988             0
    0.00013303       14102.2        520198             0
   0.000133153       14102.1        520409             0
   0.000133277         14102        520620             0
     0.0001334       14101.9        520831             0
   0.000133524       14101.8        521043             0
   0.000133647       14101.7        521255             0
   0.000133771       14101.7        521467             0
   0.000133894       14101.6        521679             0
   0.000134018       14101.5        521891             0
   0.000134141       14101.4        522104             0
   0.000134265       14101.3        522317             0
   0.000134388       14101.2        522531             0
   0.000134512       14101.1        522745             0
   0.000134635       14101.1        522958             0
   0.000134759         14101        523173             0
   0.000134882       14100.9        523387             0
   0.000135006       14100.8        523602             0
   0.000135129       14100.7        523817             0
   0.000135253       14100.6        524032             0
   0.000135377       14100.6        524248             0
     0.0001355       14100.5        524464             0
   0.000135624       14100.4        524680             0
   0.000135747       14100.3        524896             0
   0.000135871       14100.2        525113             0
   0.000135994       14100.1        525330             0
   0.000136118         14100        525547             0
   0.000136241         14100        525765             0
   0.000136365       14099.9        525982             0
   0.000136488       14099.8        526201             0
   0.000136612       14099.7        526419             0
   0.000136735       14099.6        526638             0
   0.000136859       14099.5        526856             0
   0.000136982       14099.4        527076             0
   0.000137106       14099.4        527295             0
   0.000137229       14099.3        527515             0
   0.000137353       14099.2        527735             0
   0.000137476       14099.1        527955             0
     0.0001376         14099        528176             0
   0.000137723       14098.9        528397             0
   0.000137847       14098.8        528618             0
    0.00013797       14098.7        528839             0
   0.000138094       14098.7        529061             0
   0.000138218       14098.6        529283             0
   0.000138341       14098.5        529505             0
   0.000138465       14098.4        529728             0
   0.000138588       14098.3        529951             0
   0.000138712       14098.2        530174             0
   0.000138835       14098.1        530397             0
   0.000138959       14098.1        530621             0
   0.000139082         14098        530845             0
   0.000139206       14097.9        531069             0
   0.000139329       14097.8        531294             0
   0.000139453       14097.7        531519             0
   0.000139576       14097.6        531744             0
     0.0001397       14097.5        531969             0
   0.000139823       14097.4        532195             0
   0.000139947       14097.4        532421             0
   0.000140071       14097.3        532647             0
   0.000140194       14097.2        532874             0
   0.000140318       14097.1        533101             0
   0.000140441         14097        533328             0
   0.000140565       14096.9        533555             0
   0.000140688       14096.8        533783             0
   0.000140812       14096.7        534011             0
   0.000140935       14096.7        534239             0
   0.000141059       14096.6        534468             0
   0.000141182       14096.5        534697             0
   0.000141306       14096.4        534926             0
   0.000141429       14096.3        535155             0
   0.000141553       14096.2        535385             0
   0.000141677       14096.1        535615             0
     0.0001418         14096        535845             0
   0.000141924         14096        536076             0
   0.000142047       14095.9        536306             0
   0.000142171       14095.8        536538             0
   0.000142294       14095.7        536769             0
   0.000142418       14095.6        537001             0
   0.000142541       14095.5        537233             0
   0.000142665       14095.4        537465             0
   0.000142788       14095.3        537697             0
   0.000142912       14095.2        537930             0
   0.000143036       14095.2        538163             0
   0.000143159       14095.1        538397             0
   0.000143283         14095        538630             0
   0.000143406       14094.9        538864             0
    0.00014353       14094.8        539099             0
   0.000143653       14094.7        539333             0
   0.000143777       14094.6        539568             0
     0.0001439       14094.5        539803             0
   0.000144024       14094.4        540038             0
   0.000144147       14094.4        540274             0
   0.000144271       14094.3        540510             0
   0.000144395       14094.2        540746             0
   0.000144518       14094.1        540983             0
   0.000144642         14094        541219             0
   0.000144765       14093.9        541457             0
   0.000144889       14093.8        541694             0
   0.000145012       14093.7        541932             0
   0.000145136       14093.6        542169             0
   0.000145259       14093.5        542408             0
   0.000145383       14093.5        542646             0
   0.000145506       14093.4        542885             0
    0.00014563       14093.3        543124             0
   0.000145754       14093.2        543363             0
   0.000145877       14093.1        543603             0
   0.000146001         14093        543843             0
   0.000146124       14092.9        544083             0
   0.000146248       14092.8        544324             0
   0.000146371       14092.7        544564             0
   0.000146495       14092.6        544805             0
   0.000146618       14092.6        545047             0
   0.000146742       14092.5        545288             0
   0.000146866       14092.4        545530             0
   0.000146989       14092.3        545772             0
   0.000147113       14092.2        546015             0
   0.000147236       14092.1        546258             0
    0.00014736         14092        546501             0
   0.000147483       14091.9        546744             0
   0.000147607       14091.8        546988             0
    0.00014773       14091.7        547232             0
   0.000147854       14091.7        547476             0
   0.000147978       14091.6        547720             0
   0.000148101       14091.5        547965             0
   0.000148225       14091.4        548210             0
   0.000148348       14091.3        548456             0
   0.000148472       14091.2        548701             0
   0.000148595       14091.1        548947             0
   0.000148719         14091        549194             0
   0.000148842       14090.9        549440             0
   0.000148966       14090.8        549687             0
    0.00014909       14090.7        549934             0
   0.000149213       14090.7        550181             0
   0.000149337       14090.6        550429             0
    0.00014946       14090.5        550677             0
   0.000149584       14090.4        550925             0
   0.000149707       14090.3        551174             0
   0.000149831       14090.2        551423             0
   0.000149955       14090.1        551672             0
   0.000150078         14090        551922             0
   0.000150202       14089.9        552171             0
   0.000150325       14089.8        552421             0
   0.000150449       14089.7        552672             0
   0.000150572       14089.7        552922             0
   0.000150696       14089.6        553173             0
   0.000150819       14089.5        553425             0
   0.000150943       14089.4        553676             0
   0.000151067       14089.3        553928             0
    0.00015119       14089.2        554180             0
   0.000151314       14089.1        554433             0
   0.000151437         14089        554686             0
   0.000151561       14088.9        554939             0
   0.000151684       14088.8        555192             0
   0.000151808       14088.7        555446             0
   0.000151932       14088.6        555700             0
   0.000152055       14088.6        555954             0
   0.000152179       14088.5        556208             0
   0.000152302       14088.4        556463             0
   0.000152426       14088.3        556719             0
   0.000152549       14088.2        556974             0
   0.000152673       14088.1        557230             0
   0.000152797         14088        557486             0
    0.00015292       14087.9        557742             0
   0.000153044       14087.8        557999             0
   0.000153167       14087.7        558256             0
   0.000153291       14087.6        558513             0
   0.000153414       14087.5        558771             0
   0.000153538       14087.4        559029             0
   0.000153662       14087.4        559287             0
   0.000153785       14087.3        559546             0
   0.000153909       14087.2        559805             0
   0.000154032       14087.1        560064             0
   0.000154156         14087        560323             0
   0.000154279       14086.9        560583             0
   0.000154403       14086.8        560843             0
   0.000154527       14086.7        561104             0
    0.00015465       14086.6        561364             0
   0.000154774       14086.5        561625             0
   0.000154897       14086.4        561887             0
   0.000155021       14086.3        562148             0
   0.000155145       14086.2        562410             0
   0.000155268       14086.1        562672             0
   0.000155392       14086.1        562935             0
   0.000155515         14086        563198             0
   0.000155639       14085.9        563461             0
   0.000155762       14085.8        563724             0
   0.000155886       14085.7        563988             0
    0.00015601       14085.6        564252             0
   0.000156133       14085.5        564517             0
   0.000156257       14085.4        564781             0
    0.00015638       14085.3        565046             0
   0.000156504       14085.2        565312             0
   0.000156628       14085.1        565577             0
   0.000156751         14085        565843             0
   0.000156875       14084.9        566110             0
   0.000156998       14084.8        566376             0
   0.000157122       14084.7        566643             0
   0.000157245       14084.6        566910             0
   0.000157369       14084.6        567178             0
   0.000157493       14084.5        567445             0
   0.000157616       14084.4        567714             0
    0.00015774       14084.3        567982             0
   0.000157863       14084.2        568251             0
   0.000157987       14084.1        568520             0
   0.000158111         14084        568789             0
   0.000158234       14083.9        569059             0
   0.000158358       14083.8        569329             0
   0.000158481       14083.7        569599             0
   0.000158605       14083.6        569869             0
   0.000158729       14083.5        570140             0
   0.000158852       14083.4        570411             0
   0.000158976       14083.3        570683             0
   0.000159099       14083.2        570955             0
   0.000159223       14083.1        571227             0
   0.000159346         14083        571499             0
    0.00015947       14082.9        571772             0
   0.000159594       14082.8        572045             0
   0.000159717       14082.8        572318             0
   0.000159841       14082.7        572592             0
   0.000159964       14082.6        572866             0
   0.000160088       14082.5        573140             0
   0.000160212       14082.4        573415             0
   0.000160335       14082.3        573689             0
   0.000160459       14082.2        573965             0
   0.000160582       14082.1        574240             0
   0.000160706         14082        574516             0
    0.00016083       14081.9        574792             0
   0.000160953       14081.8        575068             0
   0.000161077       14081.7        575345             0
     0.0001612       14081.6        575622             0
   0.000161324       14081.5        575900             0
   0.000161447       14081.4        576177             0
   0.000161571       14081.3        576455             0
   0.000161695       14081.2        576733             0
   0.000161818       14081.1        577012             0
   0.000161942         14081        577291             0
   0.000162065       14080.9        577570             0
   0.000162189       14080.8        577850             0
   0.000162313       14080.7        578129             0
   0.000162436       14080.7        578409             0
    0.00016256       14080.6        578690             0
   0.000162683       14080.5        578971             0
   0.000162807       14080.4        579252             0
   0.000162931       14080.3        579533             0
   0.000163054       14080.2        579815             0
   0.000163178       14080.1        580097             0
   0.000163301         14080        580379             0
   0.000163425       14079.9        580662             0
   0.000163548       14079.8        580945             0
   0.000163672       14079.7        581228             0
   0.000163796       14079.6        581512             0
   0.000163919       14079.5        581795             0
   0.000164043       14079.4        582080             0
   0.000164166       14079.3        582364             0
    0.00016429       14079.2        582649             0
   0.000164414       14079.1        582934             0
   0.000164537         14079        583220             0
   0.000164661       14078.9        583505             0
   0.000164784       14078.8        583792             0
   0.000164908       14078.7        584078             0
   0.000165032       14078.6        584365             0
   0.000165155       14078.5        584652             0
   0.000165279       14078.5        584939             0
   0.000165402       14078.4        585227             0
   0.000165526       14078.3        585515             0
   0.000165649       14078.2        585803             0
   0.000165773       14078.1        586092             0
   0.000165897         14078        586381             0
    0.00016602       14077.9        586670             0
   0.000166144       14077.8        586960             0
   0.000166267       14077.7        587250             0
   0.000166391       14077.6        587540             0
   0.000166515       14077.5        587831             0
   0.000166638       14077.4        588122             0
   0.000166762       14077.3        588413             0
   0.000166885       14077.2        588704             0
   0.000167009       14077.1        588996             0
   0.000167133         14077        589289             0
   0.000167256       14076.9        589581             0
    0.00016738       14076.8        589874             0
   0.000167503       14076.7        590167             0
   0.000167627       14076.6        590461             0
   0.000167751       14076.5        590754             0
   0.000167874       14076.4        591049             0
   0.000167998       14076.3        591343             0
   0.000168121       14076.2        591638             0
   0.000168245       14076.1        591933             0
   0.000168368         14076        592229             0
   0.000168492       14075.9        592524             0
   0.000168616       14075.8        592820             0
   0.000168739       14075.7        593117             0
   0.000168863       14075.6        593414             0
   0.000168986       14075.5        593711             0
    0.00016911       14075.4        594008             0
   0.000169234       14075.3        594306             0
   0.000169357       14075.2        594604             0
   0.000169481       14075.1        594902             0
   0.000169604         14075        595201             0
   0.000169728       14074.9        595500             0
   0.000169852       14074.9        595800             0
   0.000169975       14074.8        596099             0
   0.000170099       14074.7        596399             0
   0.000170222       14074.6        596700             0
   0.000170346       14074.5        597000             0
    0.00017047       14074.4        597301             0
   0.000170593       14074.3        597603             0
   0.000170717       14074.2        597904             0
    0.00017084       14074.1        598206             0
   0.000170964         14074        598509             0
   0.000171088       14073.9        598811             0
   0.000171211       14073.8        599114             0
   0.000171335       14073.7        599418             0
   0.000171458       14073.6        599721             0
   0.000171582       14073.5        600025             0
   0.000171706       14073.4        600330             0
   0.000171829       14073.3        600634             0
   0.000171953       14073.2        600939             0
   0.000172076       14073.1        601245             0
     0.0001722         14073        601550             0
   0.000172324       14072.9        601856             0
   0.000172447       14072.8        602163             0
   0.000172571       14072.6        602469             0
   0.000172694       14072.5        602776             0
   0.000172818       14072.4        603083             0
   0.000172942       14072.3        603391             0
   0.000173065       14072.2        603699             0
   0.000173189       14072.1        604007             0
   0.000173312         14072        604316             0
   0.000173436       14071.9        604625             0
    0.00017356       14071.8        604934             0
   0.000173683       14071.7        605244             0
   0.000173807       14071.6        605554             0
    0.00017393       14071.5        605864             0
   0.000174054       14071.4        606175             0
   0.000174178       14071.3        606485             0
   0.000174301       14071.2        606797             0
   0.000174425       14071.1        607108             0
   0.000174548         14071        607420             0
   0.000174672       14070.9        607733             0
   0.000174796       14070.8        608045             0
   0.000174919       14070.7        608358             0
   0.000175043       14070.6        608671             0
   0.000175166       14070.5        608985             0
    0.00017529       14070.4        609299             0
   0.000175414       14070.3        609613             0
   0.000175537       14070.2        609928             0
   0.000175661       14070.1        610243             0
   0.000175784         14070        610558             0
   0.000175908       14069.9        610874             0
   0.000176032       14069.8        611189             0
   0.000176155       14069.7        611506             0
   0.000176279       14069.6        611822             0
   0.000176402       14069.5        612139             0
   0.000176526       14069.4        612457             0
    0.00017665       14069.3        612774             0
   0.000176773       14069.2        613092             0
   0.000176897       14069.1        613410             0
    0.00017702         14069        613729             0
   0.000177144       14068.9        614048             0
   0.000177267       14068.8        614367             0
   0.000177391       14068.6        614687             0
   0.000177515       14068.5        615007             0
   0.000177638       14068.4        615327             0
   0.000177762       14068.3        615648             0
   0.000177885       14068.2        615969             0
   0.000178009       14068.1        616290             0
   0.000178133         14068        616612             0
   0.000178256       14067.9        616934             0
    0.00017838       14067.8        617256             0
   0.000178503       14067.7        617579             0
   0.000178627       14067.6        617902             0
   0.000178751       14067.5        618225             0
   0.000178874       14067.4        618549             0
   0.000178998       14067.3        618873             0
   0.000179121       14067.2        619197             0
   0.000179245       14067.1        619522             0
   0.000179369         14067        619847             0
   0.000179492       14066.9        620172             0
   0.000179616       14066.8        620498             0
   0.000179739       14066.7        620824             0
   0.000179863       14066.6        621150             0
   0.000179987       14066.5        621477             0
    0.00018011       14066.4        621804             0
   0.000180234       14066.3        622132             0
   0.000180357       14066.2        622459             0
   0.000180481       14066.1        622787             0
   0.000180605         14066        623116             0
   0.000180728       14065.9        623445             0
   0.000180852       14065.8        623774             0
   0.000180975       14065.6        624103             0
   0.000181099       14065.5        624433             0
   0.000181223       14065.4        624763             0
   0.000181346       14065.3        625094             0
    0.00018147       14065.2        625424             0
   0.000181593       14065.1        625756             0
   0.000181717         14065        626087             0
    0.00018184       14064.9        626419             0
   0.000181964       14064.8        626751             0
   0.000182088       14064.7        627084             0
   0.000182211       14064.6        627417             0
   0.000182335       14064.5        627750             0
   0.000182458       14064.4        628083             0
   0.000182582       14064.3        628417             0
   0.000182706       14064.2        628752             0
   0.000182829       14064.1        629086             0
   0.000182953         14064        629421             0
   0.000183076       14063.9        629757             0
     0.0001832       14063.8        630092             0
   0.000183324       14063.7        630428             0
   0.000183447       14063.6        630764             0
   0.000183571       14063.5        631101             0
   0.000183694       14063.4        631438             0
   0.000183818       14063.3        631776             0
   0.000183942       14063.2        632113             0
   0.000184065       14063.1        632451             0
   0.000184189       14062.9        632790             0
   0.000184312       14062.8        633129             0
   0.000184436       14062.7        633468             0
   0.000184559       14062.6        633807             0
   0.000184683       14062.5        634147             0
   0.000184807       14062.4        634487             0
    0.00018493       14062.3        634828             0
   0.000185054       14062.2        635168             0
   0.000185177       14062.1        635510             0
   0.000185301         14062        635851             0
   0.000185425       14061.9        636193             0
   0.000185548       14061.8        636535             0
   0.000185672       14061.7        636878             0
   0.000185795       14061.6        637221             0
   0.000185919       14061.5        637564             0
   0.000186043       14061.4        637908             0
   0.000186166       14061.3        638252             0
    0.00018629       14061.2        638596             0
   0.000186413         14061        638941             0
   0.000186537       14060.9        639286             0
    0.00018666       14060.8        639631             0
   0.000186784       14060.7        639977             0
   0.000186908       14060.6        640323             0
   0.000187031       14060.5        640669             0
   0.000187155       14060.4        641016             0
   0.000187278       14060.3        641363             0
   0.000187402       14060.2        641711             0
   0.000187526       14060.1        642059             0
   0.000187649         14060        642407             0
   0.000187773       14059.9        642756             0
   0.000187896       14059.8        643104             0
    0.00018802       14059.7        643454             0
   0.000188144       14059.5        643803             0
   0.000188267       14059.4        644153             0
   0.000188391       14059.3        644504             0
   0.000188514       14059.2        644854             0
   0.000188638       14059.1        645205             0
   0.000188761         14059        645557             0
   0.000188885       14058.9        645909             0
   0.000189009       14058.8        646261             0
   0.000189132       14058.7        646613             0
   0.000189256       14058.6        646966             0
   0.000189379       14058.5        647319             0
   0.000189503       14058.3        647673             0
   0.000189627       14058.2        648026             0
    0.00018975       14058.1        648381             0
   0.000189874         14058        648735             0
   0.000189997       14057.9        649090             0
   0.000190121       14057.8        649446             0
   0.000190245       14057.7        649801             0
   0.000190368       14057.6        650157             0
   0.000190492       14057.5        650514             0
   0.000190615       14057.4        650870             0
   0.000190739       14057.2        651228             0
   0.000190862       14057.1        651585             0
   0.000190986         14057        651943             0
    0.00019111       14056.9        652301             0
   0.000191233       14056.8        652660             0
   0.000191357       14056.7        653018             0
    0.00019148       14056.6        653378             0
   0.000191604       14056.5        653737             0
   0.000191728       14056.4        654097             0
   0.000191851       14056.2        654458             0
   0.000191975       14056.1        654818             0
   0.000192098         14056        655179             0
   0.000192222       14055.9        655541             0
   0.000192346       14055.8        655903             0
   0.000192469       14055.7        656265             0
   0.000192593       14055.6        656627             0
   0.000192716       14055.5        656990             0
    0.00019284       14055.4        657353             0
   0.000192963       14055.2        657717             0
   0.000193087       14055.1        658081             0
   0.000193211         14055        658445             0
   0.000193334       14054.9        658810             0
   0.000193458       14054.8        659175             0
   0.000193581       14054.7        659540             0
   0.000193705       14054.6        659906             0
   0.000193829       14054.5        660272             0
   0.000193952       14054.4        660638             0
   0.000194076       14054.2        661005             0
   0.000194199       14054.1        661372             0
   0.000194323         14054        661740             0
   0.000194447       14053.9        662108             0
    0.00019457       14053.8        662476             0
   0.000194694       14053.7        662845             0
   0.000194817       14053.6        663214             0
   0.000194941       14053.5        663583             0
   0.000195064       14053.3        663953             0
   0.000195188       14053.2        664323             0
   0.000195312       14053.1        664693             0
   0.000195435         14053        665064             0
   0.000195559       14052.9        665435             0
   0.000195682       14052.8        665807             0
   0.000195806       14052.7        666179             0
   0.000195929       14052.6        666551             0
   0.000196053       14052.5        666924             0
   0.000196177       14052.3        667297             0
     0.0001963       14052.2        667670             0
   0.000196424       14052.1        668044             0
   0.000196547         14052        668418             0
   0.000196671       14051.9        668792             0
   0.000196795       14051.8        669167             0
   0.000196918       14051.7        669542             0
   0.000197042       14051.6        669918             0
   0.000197165       14051.4        670293             0
   0.000197289       14051.3        670670             0
   0.000197412       14051.2        671046             0
   0.000197536       14051.1        671423             0
    0.00019766         14051        671800             0
   0.000197783       14050.9        672178             0
   0.000197907       14050.8        672556             0
    0.00019803       14050.7        672935             0
   0.000198154       14050.6        673313             0
   0.000198277       14050.4        673692             0
   0.000198401       14050.3        674072             0
   0.000198525       14050.2        674452             0
   0.000198648       14050.1        674832             0
   0.000198772         14050        675213             0
   0.000198895       14049.9        675594             0
   0.000199019       14049.8        675975             0
   0.000199142       14049.7        676357             0
   0.000199266       14049.5        676739             0
    0.00019939       14049.4        677121             0
   0.000199513       14049.3        677504             0
   0.000199637       14049.2        677887             0
    0.00019976       14049.1        678270             0
   0.000199884         14049        678654             0
   0.000200008       14048.9        679039             0
   0.000200131       14048.7        679423             0
   0.000200255       14048.6        679808             0
   0.000200378       14048.5        680194             0
   0.000200502       14048.4        680579             0
   0.000200625       14048.3        680965             0
   0.000200749       14048.2        681352             0
   0.000200873       14048.1        681739             0
   0.000200996         14048        682126             0
    0.00020112       14047.8        682513             0
   0.000201243       14047.7        682901             0
   0.000201367       14047.6        683290             0
    0.00020149       14047.5        683678             0
   0.000201614       14047.4        684067             0
   0.000201738       14047.3        684457             0
   0.000201861       14047.2        684846             0
   0.000201985         14047        685237             0
   0.000202108       14046.9        685627             0
   0.000202232       14046.8        686018             0
   0.000202355       14046.7        686409             0
   0.000202479       14046.6        686801             0
   0.000202602       14046.5        687193             0
   0.000202726       14046.3        687585             0
    0.00020285       14046.2        687978             0
   0.000202973       14046.1        688371             0
   0.000203097         14046        688765             0
    0.00020322       14045.9        689158             0
   0.000203344       14045.8        689553             0
   0.000203467       14045.7        689947             0
   0.000203591       14045.5        690342             0
   0.000203715       14045.4        690738             0
   0.000203838       14045.3        691133             0
   0.000203962       14045.2        691530             0
   0.000204085       14045.1        691926             0
   0.000204209         14045        692323             0
   0.000204332       14044.8        692720             0
   0.000204456       14044.7        693118             0
    0.00020458       14044.6        693516             0
   0.000204703       14044.5        693914             0
   0.000204827       14044.4        694313             0
    0.00020495       14044.2        694712             0
   0.000205074       14044.1        695111             0
   0.000205197         14044        695511             0
   0.000205321       14043.9        695912             0
   0.000205445       14043.8        696312             0
   0.000205568       14043.6        696713             0
   0.000205692       14043.5        697115             0
   0.000205815       14043.4        697516             0
   0.000205939       14043.3        697918             0
   0.000206062       14043.2        698321             0
   0.000206186       14043.1        698724             0
    0.00020631       14042.9        699127             0
   0.000206433       14042.8        699531             0
   0.000206557       14042.7        699935             0
    0.00020668       14042.6        700339             0
   0.000206804       14042.5        700744             0
   0.000206927       14042.3        701149             0
   0.000207051       14042.2        701555             0
   0.000207175       14042.1        701961             0
   0.000207298         14042        702367             0
   0.000207422       14041.8        702774             0
   0.000207545       14041.7        703181             0
   0.000207669       14041.6        703588             0
   0.000207792       14041.5        703996             0
   0.000207916       14041.4        704404             0
   0.000208039       14041.2        704813             0
   0.000208163       14041.1        705222             0
   0.000208287         14041        705631             0
    0.00020841       14040.9        706041             0
   0.000208534       14040.8        706451             0
   0.000208657       14040.6        706862             0
   0.000208781       14040.5        707272             0
   0.000208904       14040.4        707684             0
   0.000209028       14040.3        708095             0
   0.000209152       14040.1        708507             0
   0.000209275         14040        708920             0
   0.000209399       14039.9        709333             0
   0.000209522       14039.8        709746             0
   0.000209646       14039.7        710159             0
   0.000209769       14039.5        710573             0
   0.000209893       14039.4        710987             0
   0.000210017       14039.3        711402             0
    0.00021014       14039.2        711817             0
   0.000210264         14039        712233             0
   0.000210387       14038.9        712648             0
   0.000210511       14038.8        713065             0
   0.000210634       14038.7        713481             0
   0.000210758       14038.5        713898             0
   0.000210882       14038.4        714315             0
   0.000211005       14038.3        714733             0
   0.000211129       14038.2        715151             0
   0.000211252       14038.1        715570             0
   0.000211376       14037.9        715989             0
   0.000211499       14037.8        716408             0
   0.000211623       14037.7        716828             0
   0.000211746       14037.6        717248             0
    0.00021187       14037.4        717668             0
   0.000211994       14037.3        718089             0
   0.000212117       14037.2        718510             0
   0.000212241       14037.1        718931             0
   0.000212364       14036.9        719353             0
   0.000212488       14036.8        719776             0
   0.000212611       14036.7        720198             0
   0.000212735       14036.6        720621             0
   0.000212859       14036.4        721045             0
   0.000212982       14036.3        721469             0
   0.000213106       14036.2        721893             0
   0.000213229       14036.1        722317             0
   0.000213353         14036        722742             0
   0.000213476       14035.8        723168             0
     0.0002136       14035.7        723593             0
   0.000213723       14035.6        724020             0
   0.000213847       14035.5        724446             0
   0.000213971       14035.3        724873             0
   0.000214094       14035.2        725300             0
   0.000214218       14035.1        725728             0
   0.000214341         14035        726156             0
   0.000214465       14034.8        726584             0
   0.000214588       14034.7        727013             0
   0.000214712       14034.6        727442             0
   0.000214835       14034.5        727872             0
   0.000214959       14034.3        728302             0
   0.000215083       14034.2        728732             0
   0.000215206       14034.1        729163             0
    0.00021533         14034        729594             0
   0.000215453       14033.8        730026             0
   0.000215577       14033.7        730458             0
     0.0002157       14033.6        730890             0
   0.000215824       14033.5        731322             0
   0.000215947       14033.3        731756             0
   0.000216071       14033.2        732189             0
   0.000216195       14033.1        732623             0
   0.000216318         14033        733057             0
   0.000216442       14032.8        733492             0
   0.000216565       14032.7        733927             0
   0.000216689       14032.6        734362             0
   0.000216812       14032.5        734798             0
   0.000216936       14032.4        735234             0
   0.000217059       14032.2        735670             0
   0.000217183       14032.1        736107             0
   0.000217307         14032        736545             0
    0.00021743       14031.9        736982             0
   0.000217554       14031.7        737421             0
   0.000217677       14031.6        737859             0
   0.000217801       14031.5        738298             0
   0.000217924       14031.4        738737             0
   0.000218048       14031.2        739177             0
   0.000218171       14031.1        739617             0
   0.000218295         14031        740057             0
   0.000218419       14030.9        740498             0
   0.000218542       14030.7        740939             0
   0.000218666       14030.6        741381             0
   0.000218789       14030.5        741823             0
   0.000218913       14030.3        742265             0
   0.000219036       14030.2        742708             0
    0.00021916       14030.1        743151             0
   0.000219283         14030        743595             0
   0.000219407       14029.8        744039             0
    0.00021953       14029.7        744483             0
   0.000219654       14029.6        744928             0
   0.000219778       14029.5        745373             0
   0.000219901       14029.3        745819             0
   0.000220025       14029.2        746265             0
   0.000220148       14029.1        746711             0
   0.000220272         14029        747158             0
   0.000220395       14028.8        747605             0
   0.000220519       14028.7        748052             0
   0.000220642       14028.6        748500             0
   0.000220766       14028.4        748948             0
    0.00022089       14028.3        749397             0
   0.000221013       14028.2        749846             0
   0.000221137       14028.1        750296             0
    0.00022126       14027.9        750745             0
   0.000221384       14027.8        751196             0
   0.000221507       14027.7        751646             0
   0.000221631       14027.5        752097             0
   0.000221754       14027.4        752549             0
   0.000221878       14027.3        753001             0
   0.000222001       14027.2        753453             0
   0.000222125         14027        753906             0
   0.000222249       14026.9        754359             0
   0.000222372       14026.8        754812             0
   0.000222496       14026.6        755266             0
   0.000222619       14026.5        755720             0
   0.000222743       14026.4        756175             0
   0.000222866       14026.2        756630             0
    0.00022299       14026.1        757085             0
   0.000223113         14026        757541             0
   0.000223237       14025.8        757997             0
   0.000223361       14025.7        758454             0
   0.000223484       14025.6        758911             0
   0.000223608       14025.5        759368             0
   0.000223731       14025.3        759826             0
   0.000223855       14025.2        760284             0
   0.000223978       14025.1        760742             0
   0.000224102       14024.9        761201             0
   0.000224225       14024.8        761661             0
   0.000224349       14024.7        762120             0
   0.000224472       14024.5        762581             0
   0.000224596       14024.4        763041             0
    0.00022472       14024.3        763502             0
   0.000224843       14024.1        763963             0
   0.000224967         14024        764425             0
    0.00022509       14023.9        764887             0
   0.000225214       14023.7        765350             0
   0.000225337       14023.6        765813             0
   0.000225461       14023.5        766276             0
   0.000225584       14023.3        766740             0
   0.000225708       14023.2        767204             0
   0.000225831       14023.1        767668             0
   0.000225955       14022.9        768133             0
   0.000226079       14022.8        768599             0
   0.000226202       14022.6        769064             0
   0.000226326       14022.5        769530             0
   0.000226449       14022.4        769997             0
   0.000226573       14022.2        770464             0
   0.000226696       14022.1        770931             0
    0.00022682         14022        771399             0
   0.000226943       14021.8        771867             0
   0.000227067       14021.7        772335             0
   0.000227191       14021.6        772804             0
   0.000227314       14021.4        773273             0
   0.000227438       14021.3        773743             0
   0.000227561       14021.2        774213             0
   0.000227685         14021        774684             0
   0.000227808       14020.9        775155             0
   0.000227932       14020.7        775626             0
   0.000228055       14020.6        776098             0
   0.000228179       14020.5        776570             0
   0.000228302       14020.3        777042             0
   0.000228426       14020.2        777515             0
    0.00022855       14020.1        777988             0
   0.000228673       14019.9        778462             0
   0.000228797       14019.8        778936             0
    0.00022892       14019.6        779411             0
   0.000229044       14019.5        779886             0
   0.000229167       14019.4        780361             0
   0.000229291       14019.2        780837             0
   0.000229414       14019.1        781313             0
   0.000229538       14018.9        781789             0
   0.000229662       14018.8        782266             0
   0.000229785       14018.7        782744             0
   0.000229909       14018.5        783221             0
   0.000230032       14018.4        783699             0
   0.000230156       14018.3        784178             0
   0.000230279       14018.1        784657             0
   0.000230403         14018        785136             0
   0.000230526       14017.8        785616             0
    0.00023065       14017.7        786096             0
   0.000230773       14017.6        786577             0
   0.000230897       14017.4        787058             0
   0.000231021       14017.3        787539             0
   0.000231144       14017.1        788021             0
   0.000231268         14017        788503             0
   0.000231391       14016.9        788986             0
   0.000231515       14016.7        789469             0
   0.000231638       14016.6        789952             0
   0.000231762       14016.4        790436             0
   0.000231885       14016.3        790921             0
   0.000232009       14016.2        791405             0
   0.000232132         14016        791890             0
   0.000232256       14015.9        792376             0
    0.00023238       14015.7        792862             0
   0.000232503       14015.6        793348             0
   0.000232627       14015.5        793835             0
    0.00023275       14015.3        794322             0
   0.000232874       14015.2        794810             0
   0.000232997         14015        795298             0
   0.000233121       14014.9        795786             0
   0.000233244       14014.8        796275             0
   0.000233368       14014.6        796764             0
   0.000233491       14014.5        797254             0
   0.000233615       14014.3        797744             0
   0.000233739       14014.2        798234             0
   0.000233862       14014.1        798725             0
   0.000233986       14013.9        799217             0
   0.000234109       14013.8        799708             0
   0.000234233       14013.6        800200             0
   0.000234356       14013.5        800693             0
    0.00023448       14013.4        801186             0
   0.000234603       14013.2        801679             0
   0.000234727       14013.1        802173             0
    0.00023485       14012.9        802668             0
   0.000234974       14012.8        803162             0
   0.000235098       14012.7        803657             0
   0.000235221       14012.5        804153             0
   0.000235345       14012.4        804649             0
   0.000235468       14012.2        805145             0
   0.000235592       14012.1        805642             0
   0.000235715         14012        806139             0
   0.000235839       14011.8        806637             0
   0.000235962       14011.7        807135             0
   0.000236086       14011.5        807633             0
   0.000236209       14011.4        808132             0
   0.000236333       14011.2        808631             0
   0.000236457       14011.1        809131             0
    0.00023658         14011        809631             0
   0.000236704       14010.8        810132             0
   0.000236827       14010.7        810633             0
   0.000236951       14010.5        811134             0
   0.000237074       14010.4        811636             0
   0.000237198       14010.3        812139             0
   0.000237321       14010.1        812641             0
   0.000237445         14010        813144             0
   0.000237568       14009.8        813648             0
   0.000237692       14009.7        814152             0
   0.000237816       14009.5        814656             0
   0.000237939       14009.4        815161             0
   0.000238063       14009.2        815666             0
   0.000238186       14009.1        816172             0
    0.00023831         14009        816678             0
   0.000238433       14008.8        817185             0
   0.000238557       14008.7        817692             0
    0.00023868       14008.5        818199             0
   0.000238804       14008.4        818707             0
   0.000238928       14008.2        819215             0
   0.000239051       14008.1        819724             0
   0.000239175         14008        820233             0
   0.000239298       14007.8        820742             0
   0.000239422       14007.7        821252             0
   0.000239545       14007.5        821763             0
   0.000239669       14007.4        822274             0
   0.000239792       14007.2        822785             0
   0.000239916       14007.1        823296             0
   0.000240039       14006.9        823808             0
   0.000240163       14006.8        824321             0
   0.000240287       14006.6        824834             0
    0.00024041       14006.5        825347             0
   0.000240534       14006.4        825861             0
   0.000240657       14006.2        826375             0
   0.000240781       14006.1        826890             0
   0.000240904       14005.9        827405             0
   0.000241028       14005.8        827921             0
   0.000241151       14005.6        828437             0
   0.000241275       14005.5        828953             0
   0.000241398       14005.3        829470             0
   0.000241522       14005.2        829987             0
   0.000241646         14005        830505             0
   0.000241769       14004.9        831023             0
   0.000241893       14004.7        831541             0
   0.000242016       14004.6        832060             0
    0.00024214       14004.4        832580             0
   0.000242263       14004.3        833100             0
   0.000242387       14004.1        833620             0
    0.00024251         14004        834141             0
   0.000242634       14003.8        834662             0
   0.000242758       14003.7        835183             0
   0.000242881       14003.5        835705             0
   0.000243005       14003.4        836228             0
   0.000243128       14003.2        836751             0
   0.000243252       14003.1        837274             0
   0.000243375       14002.9        837798             0
   0.000243499       14002.8        838322             0
   0.000243622       14002.6        838847             0
   0.000243746       14002.5        839372             0
    0.00024387       14002.3        839897             0
   0.000243993       14002.2        840423             0
   0.000244117         14002        840950             0
    0.00024424       14001.9        841476             0
   0.000244364       14001.7        842004             0
   0.000244487       14001.6        842531             0
   0.000244611       14001.4        843059             0
   0.000244734       14001.3        843588             0
   0.000244858       14001.1        844117             0
   0.000244982         14001        844647             0
   0.000245105       14000.8        845176             0
   0.000245229       14000.7        845707             0
   0.000245352       14000.5        846238             0
   0.000245476       14000.4        846769             0
   0.000245599       14000.2        847301             0
   0.000245723       14000.1        847833             0
   0.000245846       13999.9        848365             0
    0.00024597       13999.8        848898             0
   0.000246094       13999.6        849432             0
   0.000246217       13999.5        849966             0
   0.000246341       13999.3        850500             0
   0.000246464       13999.2        851035             0
   0.000246588         13999        851570             0
   0.000246711       13998.9        852106             0
   0.000246835       13998.7        852642             0
   0.000246958       13998.5        853179             0
   0.000247082       13998.4        853716             0
   0.000247206       13998.2        854253             0
   0.000247329       13998.1        854791             0
   0.000247453       13997.9        855330             0
   0.000247576       13997.8        855868             0
     0.0002477       13997.6        856408             0
   0.000247823       13997.5        856947             0
   0.000247947       13997.3        857488             0
   0.000248071       13997.2        858028             0
   0.000248194         13997        858569             0
   0.000248318       13996.9        859111             0
   0.000248441       13996.7        859653             0
   0.000248565       13996.6        860195             0
   0.000248688       13996.4        860738             0
   0.000248812       13996.3        861282             0
   0.000248935       13996.1        861825             0
   0.000249059       13995.9        862370             0
   0.000249183       13995.8        862914             0
   0.000249306       13995.6        863460             0
    0.00024943       13995.5        864005             0
   0.000249553       13995.3        864551             0
   0.000249677       13995.2        865098             0
     0.0002498         13995        865645             0
   0.000249924       13994.9        866192             0
   0.000250048       13994.7        866740             0
   0.000250171       13994.6        867288             0
   0.000250295       13994.4        867837             0
   0.000250418       13994.3        868386             0
   0.000250542       13994.1        868936             0
   0.000250665         13994        869486             0
   0.000250789       13993.8        870037             0
   0.000250912       13993.6        870588             0
   0.000251036       13993.5        871140             0
    0.00025116       13993.3        871692             0
   0.000251283       13993.2        872244             0
   0.000251407         13993        872797             0
    0.00025153       13992.9        873351             0
   0.000251654       13992.7        873905             0
   0.000251777       13992.6        874459             0
   0.000251901       13992.4        875014             0
   0.000252025       13992.3        875569             0
   0.000252148       13992.1        876125             0
   0.000252272         13992        876681             0
   0.000252395       13991.8        877237             0
   0.000252519       13991.7        877795             0
   0.000252642       13991.5        878352             0
   0.000252766       13991.3        878910             0
    0.00025289       13991.2        879469             0
   0.000253013         13991        880028             0
   0.000253137       13990.9        880587             0
    0.00025326       13990.7        881147             0
   0.000253384       13990.6        881708             0
   0.000253507       13990.4        882268             0
   0.000253631       13990.3        882830             0
   0.000253754       13990.1        883392             0
   0.000253878         13990        883954             0
   0.000254002       13989.8        884517             0
   0.000254125       13989.6        885080             0
   0.000254249       13989.5        885643             0
   0.000254372       13989.3        886208             0
   0.000254496       13989.2        886772             0
   0.000254619         13989        887337             0
   0.000254743       13988.9        887903             0
   0.000254867       13988.7        888469             0
    0.00025499       13988.5        889035             0
   0.000255114       13988.4        889602             0
   0.000255237       13988.2        890170             0
   0.000255361       13988.1        890738             0
   0.000255484       13987.9        891306             0
   0.000255608       13987.8        891875             0
   0.000255732       13987.6        892445             0
   0.000255855       13987.5        893014             0
   0.000255979       13987.3        893585             0
   0.000256102       13987.1        894156             0
   0.000256226         13987        894727             0
   0.000256349       13986.8        895299             0
   0.000256473       13986.7        895871             0
   0.000256597       13986.5        896444             0
    0.00025672       13986.3        897017             0
   0.000256844       13986.2        897590             0
   0.000256967         13986        898165             0
   0.000257091       13985.9        898739             0
   0.000257215       13985.7        899314             0
   0.000257338       13985.6        899890             0
   0.000257462       13985.4        900466             0
   0.000257585       13985.2        901043             0
   0.000257709       13985.1        901620             0
   0.000257832       13984.9        902197             0
   0.000257956       13984.8        902775             0
    0.00025808       13984.6        903354             0
   0.000258203       13984.4        903933             0
   0.000258327       13984.3        904512             0
    0.00025845       13984.1        905092             0
   0.000258574       13983.9        905673             0
   0.000258697       13983.8        906253             0
   0.000258821       13983.6        906835             0
   0.000258945       13983.5        907417             0
   0.000259068       13983.3        907999             0
   0.000259192       13983.1        908582             0
   0.000259315         13983        909165             0
   0.000259439       13982.8        909749             0
   0.000259563       13982.7        910334             0
   0.000259686       13982.5        910918             0
    0.00025981       13982.3        911504             0
   0.000259933       13982.2        912090             0
   0.000260057         13982        912676             0
   0.000260181       13981.8        913263             0
   0.000260304       13981.7        913850             0
   0.000260428       13981.5        914438             0
   0.000260551       13981.4        915026             0
   0.000260675       13981.2        915615             0
   0.000260798         13981        916204             0
   0.000260922       13980.9        916794             0
   0.000261046       13980.7        917384             0
   0.000261169       13980.5        917974             0
   0.000261293       13980.4        918566             0
   0.000261416       13980.2        919157             0
    0.00026154         13980        919749             0
   0.000261664       13979.9        920342             0
   0.000261787       13979.7        920935             0
   0.000261911       13979.6        921529             0
   0.000262034       13979.4        922123             0
   0.000262158       13979.2        922718             0
   0.000262282       13979.1        923313             0
   0.000262405       13978.9        923909             0
   0.000262529       13978.7        924505             0
   0.000262652       13978.6        925101             0
   0.000262776       13978.4        925699             0
     0.0002629       13978.2        926296             0
   0.000263023       13978.1        926894             0
   0.000263147       13977.9        927493             0
    0.00026327       13977.7        928092             0
   0.000263394       13977.6        928692             0
   0.000263518       13977.4        929292             0
   0.000263641       13977.2        929893             0
   0.000263765       13977.1        930494             0
   0.000263888       13976.9        931095             0
   0.000264012       13976.7        931698             0
   0.000264136       13976.6        932300             0
   0.000264259       13976.4        932903             0
   0.000264383       13976.2        933507             0
   0.000264506       13976.1        934111             0
    0.00026463       13975.9        934716             0
   0.000264754       13975.7        935321             0
   0.000264877       13975.6        935927             0
   0.000265001       13975.4        936533             0
   0.000265124       13975.2        937140             0
   0.000265248       13975.1        937747             0
   0.000265372       13974.9        938355             0
   0.000265495       13974.7        938963             0
   0.000265619       13974.6        939572             0
   0.000265743       13974.4        940181             0
   0.000265866       13974.3        940791             0
    0.00026599       13974.1        941401             0
   0.000266113       13973.9        942012             0
   0.000266237       13973.8        942623             0
   0.000266361       13973.6        943235             0
   0.000266484       13973.4        943848             0
   0.000266608       13973.3        944460             0
   0.000266731       13973.1        945074             0
   0.000266855       13972.9        945688             0
   0.000266979       13972.8        946302             0
   0.000267102       13972.6        946917             0
   0.000267226       13972.4        947532             0
   0.000267349       13972.3        948148             0
   0.000267473       13972.1        948765             0
   0.000267597       13971.9        949382             0
    0.00026772       13971.8        949999             0
   0.000267844       13971.6        950618             0
   0.000267968       13971.4        951236             0
   0.000268091       13971.3        951855             0
   0.000268215       13971.1        952475             0
   0.000268338       13970.9        953095             0
   0.000268462       13970.8        953716             0
   0.000268586       13970.6        954337             0
   0.000268709       13970.4        954958             0
   0.000268833       13970.2        955581             0
   0.000268956       13970.1        956203             0
    0.00026908       13969.9        956827             0
   0.000269204       13969.7        957451             0
   0.000269327       13969.6        958075             0
   0.000269451       13969.4        958700             0
   0.000269575       13969.2        959325             0
   0.000269698       13969.1        959951             0
   0.000269822       13968.9        960578             0
   0.000269945       13968.7        961205             0
   0.000270069       13968.6        961832             0
   0.000270193       13968.4        962460             0
   0.000270316       13968.2        963089             0
    0.00027044       13968.1        963718             0
   0.000270564       13967.9        964348             0
   0.000270687       13967.7        964978             0
   0.000270811       13967.6        965608             0
   0.000270934       13967.4        966240             0
   0.000271058       13967.2        966872             0
   0.000271182       13967.1        967504             0
   0.000271305       13966.9        968137             0
   0.000271429       13966.7        968770             0
   0.000271553       13966.5        969404             0
   0.000271676       13966.4        970039             0
     0.0002718       13966.2        970674             0
   0.000271923         13966        971309             0
   0.000272047       13965.9        971945             0
   0.000272171       13965.7        972582             0
   0.000272294       13965.5        973219             0
   0.000272418       13965.3        973857             0
   0.000272542       13965.2        974495             0
   0.000272665         13965        975134             0
   0.000272789       13964.8        975773             0
   0.000272913       13964.7        976413             0
   0.000273036       13964.5        977054             0
    0.00027316       13964.3        977695             0
   0.000273283       13964.1        978336             0
   0.000273407         13964        978978             0
   0.000273531       13963.8        979621             0
   0.000273654       13963.6        980264             0
   0.000273778       13963.5        980908             0
   0.000273902       13963.3        981552             0
   0.000274025       13963.1        982197             0
   0.000274149       13962.9        982842             0
   0.000274273       13962.8        983488             0
   0.000274396       13962.6        984135             0
    0.00027452       13962.4        984782             0
   0.000274643       13962.2        985429             0
   0.000274767       13962.1        986077             0
   0.000274891       13961.9        986726             0
   0.000275014       13961.7        987375             0
   0.000275138       13961.5        988025             0
   0.000275262       13961.4        988675             0
   0.000275385       13961.2        989326             0
   0.000275509         13961        989978             0
   0.000275633       13960.8        990630             0
   0.000275756       13960.7        991282             0
    0.00027588       13960.5        991935             0
   0.000276004       13960.3        992589             0
   0.000276127       13960.1        993243             0
   0.000276251         13960        993898             0
   0.000276375       13959.8        994553             0
   0.000276498       13959.6        995209             0
   0.000276622       13959.4        995866             0
   0.000276746       13959.2        996523             0
   0.000276869       13959.1        997181             0
   0.000276993       13958.9        997839             0
   0.000277117       13958.7        998498             0
    0.00027724       13958.5        999157             0
   0.000277364       13958.4        999817             0
   0.000277488       13958.2   1.00048e+06             0
   0.000277611         13958   1.00114e+06             0
   0.000277735       13957.8    1.0018e+06             0
   0.000277859       13957.6   1.00246e+06             0
   0.000277982       13957.5   1.00313e+06             0
   0.000278106       13957.3   1.00379e+06             0
    0.00027823       13957.1   1.00445e+06             0
   0.000278353       13956.9   1.00512e+06             0
   0.000278477       13956.8   1.00578e+06             0
   0.000278601       13956.6   1.00645e+06             0
   0.000278724       13956.4   1.00711e+06             0
   0.000278848       13956.2   1.00778e+06             0
   0.000278972         13956   1.00845e+06             0
   0.000279095       13955.9   1.00912e+06             0
   0.000279219       13955.7   1.00978e+06             0
   0.000279343       13955.5   1.01045e+06             0
   0.000279466       13955.3   1.01112e+06             0
    0.00027959       13955.1   1.01179e+06             0
   0.000279714         13955   1.01247e+06             0
   0.000279837       13954.8   1.01314e+06             0
   0.000279961       13954.6   1.01381e+06             0
   0.000280085       13954.4   1.01448e+06             0
   0.000280208       13954.2   1.01515e+06             0
   0.000280332       13954.1   1.01583e+06             0
   0.000280456       13953.9    1.0165e+06             0
   0.000280579       13953.7   1.01718e+06             0
   0.000280703       13953.5   1.01785e+06             0
   0.000280827       13953.3   1.01853e+06             0
    0.00028095       13953.2   1.01921e+06             0
   0.000281074         13953   1.01988e+06             0
   0.000281198       13952.8   1.02056e+06             0
   0.000281321       13952.6   1.02124e+06             0
   0.000281445       13952.4   1.02192e+06             0
   0.000281569       13952.3    1.0226e+06             0
   0.000281692       13952.1   1.02328e+06             0
   0.000281816       13951.9   1.02396e+06             0
    0.00028194       13951.7   1.02464e+06             0
   0.000282064       13951.5   1.02533e+06             0
   0.000282187       13951.4   1.02601e+06             0
   0.000282311       13951.2   1.02669e+06             0
   0.000282435         13951   1.02738e+06             0
   0.000282558       13950.8   1.02806e+06             0
   0.000282682       13950.6   1.02875e+06             0
   0.000282806       13950.5   1.02943e+06             0
   0.000282929       13950.3   1.03012e+06             0
   0.000283053       13950.1   1.03081e+06             0
   0.000283177       13949.9   1.03149e+06             0
   0.000283301       13949.7   1.03218e+06             0
   0.000283424       13949.6   1.03287e+06             0
   0.000283548       13949.4   1.03356e+06             0
   0.000283672       13949.2   1.03425e+06             0
   0.000283795         13949   1.03494e+06             0
   0.000283919       13948.8   1.03563e+06             0
   0.000284043       13948.7   1.03632e+06             0
   0.000284166       13948.5   1.03702e+06             0
    0.00028429       13948.3   1.03771e+06             0
   0.000284414       13948.1    1.0384e+06             0
   0.000284538       13947.9    1.0391e+06             0
   0.000284661       13947.8   1.03979e+06             0
   0.000284785       13947.6   1.04049e+06             0
   0.000284909       13947.4   1.04119e+06             0
   0.000285032       13947.2   1.04188e+06             0
   0.000285156         13947   1.04258e+06             0
    0.00028528       13946.8   1.04328e+06             0
   0.000285403       13946.7   1.04398e+06             0
   0.000285527       13946.5   1.04468e+06             0
   0.000285651       13946.3   1.04538e+06             0
   0.000285775       13946.1   1.04608e+06             0
   0.000285898       13945.9   1.04678e+06             0
   0.000286022       13945.7   1.04748e+06             0
   0.000286146       13945.6   1.04818e+06             0
   0.000286269       13945.4   1.04889e+06             0
   0.000286393       13945.2   1.04959e+06             0
   0.000286517         13945    1.0503e+06             0
   0.000286641       13944.8     1.051e+06             0
   0.000286764       13944.6   1.05171e+06             0
   0.000286888       13944.5   1.05241e+06             0
   0.000287012       13944.3   1.05312e+06             0
   0.000287135       13944.1   1.05383e+06             0
   0.000287259       13943.9   1.05454e+06             0
   0.000287383       13943.7   1.05525e+06             0
   0.000287507       13943.5   1.05596e+06             0
    0.00028763       13943.3   1.05667e+06             0
   0.000287754       13943.2   1.05738e+06             0
   0.000287878         13943   1.05809e+06             0
   0.000288001       13942.8    1.0588e+06             0
   0.000288125       13942.6   1.05951e+06             0
   0.000288249       13942.4   1.06023e+06             0
   0.000288373       13942.2   1.06094e+06             0
   0.000288496         13942   1.06166e+06             0
    0.00028862       13941.9   1.06237e+06             0
   0.000288744       13941.7   1.06309e+06             0
   0.000288868       13941.5    1.0638e+06             0
   0.000288991       13941.3   1.06452e+06             0
   0.000289115       13941.1   1.06524e+06             0
   0.000289239       13940.9   1.06596e+06             0
   0.000289362       13940.7   1.06668e+06             0
   0.000289486       13940.5    1.0674e+06             0
    0.00028961       13940.4   1.06812e+06             0
   0.000289734       13940.2   1.06884e+06             0
   0.000289857         13940   1.06956e+06             0
   0.000289981       13939.8   1.07028e+06             0
   0.000290105       13939.6     1.071e+06             0
   0.000290229       13939.4   1.07173e+06             0
   0.000290352       13939.2   1.07245e+06             0
   0.000290476         13939   1.07318e+06             0
     0.0002906       13938.8    1.0739e+06             0
   0.000290724       13938.6   1.07463e+06             0
   0.000290847       13938.4   1.07536e+06             0
   0.000290971       13938.3   1.07608e+06             0
   0.000291095       13938.1   1.07681e+06             0
   0.000291219       13937.9   1.07754e+06             0
   0.000291342       13937.7   1.07827e+06             0
   0.000291466       13937.5     1.079e+06             0
    0.00029159       13937.3   1.07973e+06             0
   0.000291714       13937.1   1.08046e+06             0
   0.000291837       13936.9    1.0812e+06             0
   0.000291961       13936.7   1.08193e+06             0
   0.000292085       13936.5   1.08266e+06             0
   0.000292209       13936.3    1.0834e+06             0
   0.000292332       13936.1   1.08413e+06             0
   0.000292456       13935.9   1.08487e+06             0
    0.00029258       13935.7    1.0856e+06             0
   0.000292704       13935.5   1.08634e+06             0
   0.000292827       13935.4   1.08708e+06             0
   0.000292951       13935.2   1.08782e+06             0
   0.000293075         13935   1.08855e+06             0
   0.000293199       13934.8   1.08929e+06             0
   0.000293322       13934.6   1.09003e+06             0
   0.000293446       13934.4   1.09078e+06             0
    0.00029357       13934.2   1.09152e+06             0
   0.000293694         13934   1.09226e+06             0
   0.000293817       13933.8     1.093e+06             0
   0.000293941       13933.6   1.09375e+06             0
   0.000294065       13933.4   1.09449e+06             0
   0.000294189       13933.2   1.09523e+06             0
   0.000294312         13933   1.09598e+06             0
   0.000294436       13932.8   1.09673e+06             0
    0.00029456       13932.6   1.09747e+06             0
   0.000294684       13932.4   1.09822e+06             0
   0.000294808       13932.2   1.09897e+06             0
   0.000294931         13932   1.09972e+06             0
   0.000295055       13931.8   1.10047e+06             0
   0.000295179       13931.6   1.10122e+06             0
   0.000295303       13931.4   1.10197e+06             0
   0.000295426       13931.2   1.10272e+06             0
    0.00029555         13931   1.10347e+06             0
   0.000295674       13930.8   1.10423e+06             0
   0.000295798       13930.6   1.10498e+06             0
   0.000295922       13930.4   1.10573e+06             0
   0.000296045       13930.2   1.10649e+06             0
   0.000296169         13930   1.10725e+06             0
   0.000296293       13929.8     1.108e+06             0
   0.000296417       13929.6   1.10876e+06             0
   0.000296541       13929.4   1.10952e+06             0
   0.000296664       13929.2   1.11028e+06             0
   0.000296788         13929   1.11104e+06             0
   0.000296912       13928.8    1.1118e+06             0
   0.000297036       13928.6   1.11256e+06             0
    0.00029716       13928.4   1.11332e+06             0
   0.000297283       13928.2   1.11408e+06             0
   0.000297407         13928   1.11484e+06             0
   0.000297531       13927.8   1.11561e+06             0
   0.000297655       13927.6   1.11637e+06             0
   0.000297778       13927.4   1.11714e+06             0
   0.000297902       13927.2    1.1179e+06             0
   0.000298026         13927   1.11867e+06             0
    0.00029815       13926.8   1.11944e+06             0
   0.000298274       13926.6    1.1202e+06             0
   0.000298398       13926.4   1.12097e+06             0
   0.000298521       13926.2   1.12174e+06             0
   0.000298645         13926   1.12251e+06             0
   0.000298769       13925.8   1.12328e+06             0
   0.000298893       13925.6   1.12405e+06             0
   0.000299017       13925.4   1.12483e+06             0
    0.00029914       13925.2    1.1256e+06             0
   0.000299264         13925   1.12637e+06             0
   0.000299388       13924.8   1.12715e+06             0
   0.000299512       13924.6   1.12792e+06             0
   0.000299636       13924.4    1.1287e+06             0
   0.000299759       13924.2   1.12948e+06             0
   0.000299883         13924   1.13025e+06             0
   0.000300007       13923.8   1.13103e+06             0
   0.000300131       13923.6   1.13181e+06             0
   0.000300255       13923.4   1.13259e+06             0
   0.000300379       13923.2   1.13337e+06             0
   0.000300502         13923   1.13415e+06             0
   0.000300626       13922.8   1.13494e+06             0
    0.00030075       13922.6   1.13572e+06             0
   0.000300874       13922.4    1.1365e+06             0
   0.000300998       13922.2   1.13729e+06             0
   0.000301121         13922   1.13807e+06             0
   0.000301245       13921.8   1.13886e+06             0
   0.000301369       13921.6   1.13964e+06             0
   0.000301493       13921.4   1.14043e+06             0
   0.000301617       13921.2   1.14122e+06             0
   0.000301741         13921   1.14201e+06             0
   0.000301864       13920.8    1.1428e+06             0
   0.000301988       13920.6   1.14359e+06             0
   0.000302112       13920.4   1.14438e+06             0
   0.000302236       13920.2   1.14517e+06             0
    0.00030236         13920   1.14596e+06             0
   0.000302484       13919.8   1.14676e+06             0
   0.000302608       13919.6   1.14755e+06             0
   0.000302731       13919.4   1.14835e+06             0
   0.000302855       13919.2   1.14914e+06             0
   0.000302979         13919   1.14994e+06             0
   0.000303103       13918.8   1.15074e+06             0
   0.000303227       13918.6   1.15153e+06             0
   0.000303351       13918.4   1.15233e+06             0
   0.000303474       13918.2   1.15313e+06             0
   0.000303598         13918   1.15393e+06             0
   0.000303722       13917.8   1.15473e+06             0
   0.000303846       13917.5   1.15554e+06             0
    0.00030397       13917.3   1.15634e+06             0
   0.000304094       13917.1   1.15714e+06             0
   0.000304218       13916.9   1.15795e+06             0
   0.000304341       13916.7   1.15875e+06             0
   0.000304465       13916.5   1.15956e+06             0
   0.000304589       13916.3   1.16036e+06             0
   0.000304713       13916.1   1.16117e+06             0
   0.000304837       13915.9   1.16198e+06             0
   0.000304961       13915.7   1.16279e+06             0
   0.000305085       13915.5    1.1636e+06             0
   0.000305208       13915.3   1.16441e+06             0
   0.000305332       13915.1   1.16522e+06             0
   0.000305456       13914.9   1.16603e+06             0
    0.00030558       13914.7   1.16684e+06             0
   0.000305704       13914.4   1.16766e+06             0
   0.000305828       13914.2   1.16847e+06             0
   0.000305952         13914   1.16929e+06             0
   0.000306076       13913.8    1.1701e+06             0
   0.000306199       13913.6   1.17092e+06             0
   0.000306323       13913.4   1.17174e+06             0
   0.000306447       13913.2   1.17256e+06             0
   0.000306571         13913   1.17338e+06             0
   0.000306695       13912.8    1.1742e+06             0
   0.000306819       13912.6   1.17502e+06             0
   0.000306943       13912.3   1.17584e+06             0
   0.000307067       13912.1   1.17666e+06             0
    0.00030719       13911.9   1.17748e+06             0
   0.000307314       13911.7   1.17831e+06             0
   0.000307438       13911.5   1.17913e+06             0
   0.000307562       13911.3   1.17996e+06             0
   0.000307686       13911.1   1.18078e+06             0
    0.00030781       13910.9   1.18161e+06             0
   0.000307934       13910.7   1.18244e+06             0
   0.000308058       13910.4   1.18327e+06             0
   0.000308182       13910.2    1.1841e+06             0
   0.000308305         13910   1.18493e+06             0
   0.000308429       13909.8   1.18576e+06             0
   0.000308553       13909.6   1.18659e+06             0
   0.000308677       13909.4   1.18743e+06             0
   0.000308801       13909.2   1.18826e+06             0
   0.000308925       13908.9   1.18909e+06             0
   0.000309049       13908.7   1.18993e+06             0
   0.000309173       13908.5   1.19077e+06             0
   0.000309297       13908.3    1.1916e+06             0
   0.000309421       13908.1   1.19244e+06             0
   0.000309544       13907.9   1.19328e+06             0
   0.000309668       13907.7   1.19412e+06             0
   0.000309792       13907.4   1.19496e+06             0
   0.000309916       13907.2    1.1958e+06             0
    0.00031004         13907   1.19664e+06             0
   0.000310164       13906.8   1.19749e+06             0
   0.000310288       13906.6   1.19833e+06             0
   0.000310412       13906.4   1.19917e+06             0
   0.000310536       13906.1   1.20002e+06             0
    0.00031066       13905.9   1.20087e+06             0
   0.000310784       13905.7   1.20171e+06             0
   0.000310907       13905.5   1.20256e+06             0
   0.000311031       13905.3   1.20341e+06             0
   0.000311155       13905.1   1.20426e+06             0
   0.000311279       13904.8   1.20511e+06             0
   0.000311403       13904.6   1.20596e+06             0
   0.000311527       13904.4   1.20681e+06             0
   0.000311651       13904.2   1.20767e+06             0
   0.000311775         13904   1.20852e+06             0
   0.000311899       13903.8   1.20937e+06             0
   0.000312023       13903.5   1.21023e+06             0
   0.000312147       13903.3   1.21109e+06             0
   0.000312271       13903.1   1.21194e+06             0
   0.000312395       13902.9    1.2128e+06             0
   0.000312518       13902.7   1.21366e+06             0
   0.000312642       13902.4   1.21452e+06             0
   0.000312766       13902.2   1.21538e+06             0
    0.00031289         13902   1.21624e+06             0
   0.000313014       13901.8   1.21711e+06             0
   0.000313138       13901.6   1.21797e+06             0
   0.000313262       13901.3   1.21883e+06             0
   0.000313386       13901.1    1.2197e+06             0
    0.00031351       13900.9   1.22057e+06             0
   0.000313634       13900.7   1.22143e+06             0
   0.000313758       13900.5    1.2223e+06             0
   0.000313882       13900.2   1.22317e+06             0
   0.000314006         13900   1.22404e+06             0
    0.00031413       13899.8   1.22491e+06             0
   0.000314254       13899.6   1.22578e+06             0
   0.000314378       13899.4   1.22665e+06             0
   0.000314502       13899.1   1.22753e+06             0
   0.000314626       13898.9    1.2284e+06             0
   0.000314749       13898.7   1.22928e+06             0
   0.000314873       13898.5   1.23015e+06             0
   0.000314997       13898.2   1.23103e+06             0
   0.000315121         13898   1.23191e+06             0
   0.000315245       13897.8   1.23279e+06             0
   0.000315369       13897.6   1.23367e+06             0
   0.000315493       13897.3   1.23455e+06             0
   0.000315617       13897.1   1.23543e+06             0
   0.000315741       13896.9   1.23631e+06             0
   0.000315865       13896.7   1.23719e+06             0
   0.000315989       13896.5   1.23808e+06             0
   0.000316113       13896.2   1.23896e+06             0
   0.000316237         13896   1.23985e+06             0
   0.000316361       13895.8   1.24074e+06             0
   0.000316485       13895.6   1.24162e+06             0
   0.000316609       13895.3   1.24251e+06             0
   0.000316733       13895.1    1.2434e+06             0
   0.000316857       13894.9   1.24429e+06             0
   0.000316981       13894.7   1.24518e+06             0
   0.000317105       13894.4   1.24608e+06             0
   0.000317229       13894.2   1.24697e+06             0
   0.000317353         13894   1.24787e+06             0
   0.000317477       13893.7   1.24876e+06             0
   0.000317601       13893.5   1.24966e+06             0
   0.000317725       13893.3   1.25055e+06             0
   0.000317849       13893.1   1.25145e+06             0
   0.000317973       13892.8   1.25235e+06             0
   0.000318097       13892.6   1.25325e+06             0
   0.000318221       13892.4   1.25415e+06             0
   0.000318345       13892.2   1.25505e+06             0
   0.000318469       13891.9   1.25595e+06             0
   0.000318593       13891.7   1.25686e+06             0
   0.000318717       13891.5   1.25776e+06             0
   0.000318841       13891.2   1.25867e+06             0
   0.000318965         13891   1.25957e+06             0
   0.000319089       13890.8   1.26048e+06             0
   0.000319213       13890.6   1.26139e+06             0
   0.000319337       13890.3    1.2623e+06             0
   0.000319461       13890.1   1.26321e+06             0
   0.000319585       13889.9   1.26412e+06             0
   0.000319709       13889.6   1.26503e+06             0
   0.000319833       13889.4   1.26594e+06             0
   0.000319957       13889.2   1.26686e+06             0
   0.000320081         13889   1.26777e+06             0
   0.000320205       13888.7   1.26869e+06             0
   0.000320329       13888.5   1.26961e+06             0
   0.000320453       13888.3   1.27052e+06             0
   0.000320577         13888   1.27144e+06             0
   0.000320701       13887.8   1.27236e+06             0
   0.000320825       13887.6   1.27328e+06             0
   0.000320949       13887.3    1.2742e+06             0
   0.000321073       13887.1   1.27513e+06             0
   0.000321197       13886.9   1.27605e+06             0
   0.000321321       13886.6   1.27697e+06             0
   0.000321445       13886.4    1.2779e+06             0
   0.000321569       13886.2   1.27883e+06             0
   0.000321693         13886   1.27975e+06             0
   0.000321817       13885.7   1.28068e+06             0
   0.000321941       13885.5   1.28161e+06             0
   0.000322065       13885.3   1.28254e+06             0
   0.000322189         13885   1.28347e+06             0
   0.000322313       13884.8    1.2844e+06             0
   0.000322437       13884.6   1.28534e+06             0
   0.000322561       13884.3   1.28627e+06             0
   0.000322686       13884.1   1.28721e+06             0
    0.00032281       13883.9   1.28814e+06             0
   0.000322934       13883.6   1.28908e+06             0
   0.000323058       13883.4   1.29002e+06             0
   0.000323182       13883.1   1.29096e+06             0
   0.000323306       13882.9    1.2919e+06             0
    0.00032343       13882.7   1.29284e+06             0
   0.000323554       13882.4   1.29378e+06             0
   0.000323678       13882.2   1.29472e+06             0
   0.000323802         13882   1.29567e+06             0
   0.000323926       13881.7   1.29661e+06             0
    0.00032405       13881.5   1.29756e+06             0
   0.000324174       13881.3   1.29851e+06             0
   0.000324298         13881   1.29946e+06             0
   0.000324422       13880.8   1.30041e+06             0
   0.000324546       13880.5   1.30136e+06             0
    0.00032467       13880.3   1.30231e+06             0
   0.000324794       13880.1   1.30326e+06             0
   0.000324918       13879.8   1.30421e+06             0
   0.000325042       13879.6   1.30517e+06             0
   0.000325167       13879.4   1.30612e+06             0
   0.000325291       13879.1   1.30708e+06             0
   0.000325415       13878.9   1.30804e+06             0
   0.000325539       13878.6     1.309e+06             0
   0.000325663       13878.4   1.30996e+06             0
   0.000325787       13878.2   1.31092e+06             0
   0.000325911       13877.9   1.31188e+06             0
   0.000326035       13877.7   1.31284e+06             0
   0.000326159       13877.4   1.31381e+06             0
   0.000326283       13877.2   1.31477e+06             0
   0.000326407       13876.9   1.31574e+06             0
   0.000326531       13876.7    1.3167e+06             0
   0.000326655       13876.5   1.31767e+06             0
    0.00032678       13876.2   1.31864e+06             0
   0.000326904         13876   1.31961e+06             0
   0.000327028       13875.7   1.32058e+06             0
   0.000327152       13875.5   1.32155e+06             0
   0.000327276       13875.2   1.32253e+06             0
     0.0003274         13875    1.3235e+06             0
   0.000327524       13874.8   1.32448e+06             0
   0.000327648       13874.5   1.32545e+06             0
   0.000327772       13874.3   1.32643e+06             0
   0.000327896         13874   1.32741e+06             0
    0.00032802       13873.8   1.32839e+06             0
   0.000328144       13873.5   1.32937e+06             0
   0.000328269       13873.3   1.33035e+06             0
   0.000328393         13873   1.33133e+06             0
   0.000328517       13872.8   1.33232e+06             0
   0.000328641       13872.6    1.3333e+06             0
   0.000328765       13872.3   1.33429e+06             0
   0.000328889       13872.1   1.33527e+06             0
   0.000329013       13871.8   1.33626e+06             0
   0.000329137       13871.6   1.33725e+06             0
   0.000329261       13871.3   1.33824e+06             0
   0.000329386       13871.1   1.33923e+06             0
    0.00032951       13870.8   1.34023e+06             0
   0.000329634       13870.6   1.34122e+06             0
   0.000329758       13870.3   1.34221e+06             0
   0.000329882       13870.1   1.34321e+06             0
   0.000330006       13869.8    1.3442e+06             0
    0.00033013       13869.6    1.3452e+06             0
   0.000330254       13869.3    1.3462e+06             0
   0.000330378       13869.1    1.3472e+06             0
   0.000330503       13868.8    1.3482e+06             0
   0.000330627       13868.6    1.3492e+06             0
   0.000330751       13868.3   1.35021e+06             0
   0.000330875       13868.1   1.35121e+06             0
   0.000330999       13867.8   1.35222e+06             0
   0.000331123       13867.6   1.35322e+06             0
   0.000331247       13867.3   1.35423e+06             0
   0.000331371       13867.1   1.35524e+06             0
   0.000331496       13866.8   1.35625e+06             0
    0.00033162       13866.5   1.35726e+06             0
   0.000331744       13866.3   1.35827e+06             0
   0.000331868         13866   1.35928e+06             0
   0.000331992       13865.8    1.3603e+06             0
   0.000332116       13865.5   1.36131e+06             0
    0.00033224       13865.3   1.36233e+06             0
   0.000332365         13865   1.36335e+06             0
   0.000332489       13864.8   1.36437e+06             0
   0.000332613       13864.5   1.36538e+06             0
   0.000332737       13864.3   1.36641e+06             0
   0.000332861         13864   1.36743e+06             0
   0.000332985       13863.7   1.36845e+06             0
   0.000333109       13863.5   1.36947e+06             0
   0.000333234       13863.2    1.3705e+06             0
   0.000333358         13863   1.37153e+06             0
   0.000333482       13862.7   1.37255e+06             0
   0.000333606       13862.5   1.37358e+06             0
    0.00033373       13862.2   1.37461e+06             0
   0.000333854       13861.9   1.37564e+06             0
   0.000333979       13861.7   1.37667e+06             0
   0.000334103       13861.4    1.3777e+06             0
   0.000334227       13861.2   1.37874e+06             0
   0.000334351       13860.9   1.37977e+06             0
   0.000334475       13860.6   1.38081e+06             0
   0.000334599       13860.4   1.38185e+06             0
   0.000334724       13860.1   1.38289e+06             0
   0.000334848       13859.9   1.38392e+06             0
   0.000334972       13859.6   1.38497e+06             0
   0.000335096       13859.4   1.38601e+06             0
    0.00033522       13859.1   1.38705e+06             0
   0.000335345       13858.8   1.38809e+06             0
   0.000335469       13858.6   1.38914e+06             0
   0.000335593       13858.3   1.39019e+06             0
   0.000335717         13858   1.39123e+06             0
   0.000335841       13857.8   1.39228e+06             0
   0.000335965       13857.5   1.39333e+06             0
    0.00033609       13857.3   1.39438e+06             0
   0.000336214         13857   1.39544e+06             0
   0.000336338       13856.7   1.39649e+06             0
   0.000336462       13856.5   1.39754e+06             0
   0.000336586       13856.2    1.3986e+06             0
   0.000336711         13856   1.39966e+06             0
   0.000336835       13855.7   1.40071e+06             0
   0.000336959       13855.4   1.40177e+06             0
   0.000337083       13855.2   1.40283e+06             0
   0.000337207       13854.9   1.40389e+06             0
   0.000337332       13854.6   1.40496e+06             0
   0.000337456       13854.4   1.40602e+06             0
    0.00033758       13854.1   1.40708e+06             0
   0.000337704       13853.8   1.40815e+06             0
   0.000337828       13853.6   1.40922e+06             0
   0.000337953       13853.3   1.41029e+06             0
   0.000338077       13853.1   1.41136e+06             0
   0.000338201       13852.8   1.41243e+06             0
   0.000338325       13852.5    1.4135e+06             0
   0.000338449       13852.3   1.41457e+06             0
   0.000338574         13852   1.41565e+06             0
   0.000338698       13851.7   1.41672e+06             0
   0.000338822       13851.5    1.4178e+06             0
   0.000338946       13851.2   1.41887e+06             0
    0.00033907       13850.9   1.41995e+06             0
   0.000339195       13850.7   1.42103e+06             0
   0.000339319       13850.4   1.42211e+06             0
   0.000339443       13850.1    1.4232e+06             0
   0.000339567       13849.9   1.42428e+06             0
   0.000339691       13849.6   1.42536e+06             0
   0.000339816       13849.3   1.42645e+06             0
    0.00033994         13849   1.42754e+06             0
   0.000340064       13848.8   1.42862e+06             0
   0.000340188       13848.5   1.42971e+06             0
   0.000340312       13848.2    1.4308e+06             0
   0.000340437         13848   1.43189e+06             0
   0.000340561       13847.7   1.43299e+06             0
   0.000340685       13847.4   1.43408e+06             0
   0.000340809       13847.2   1.43518e+06             0
   0.000340933       13846.9   1.43627e+06             0
   0.000341057       13846.6   1.43737e+06             0
   0.000341182       13846.3   1.43847e+06             0
   0.000341306       13846.1   1.43957e+06             0
    0.00034143       13845.8   1.44067e+06             0
   0.000341554       13845.5   1.44177e+06             0
   0.000341678       13845.2   1.44287e+06             0
   0.000341802         13845   1.44397e+06             0
   0.000341926       13844.7   1.44508e+06             0
   0.000342051       13844.4   1.44618e+06             0
   0.000342175       13844.1   1.44729e+06             0
   0.000342299       13843.9    1.4484e+06             0
   0.000342423       13843.6   1.44951e+06             0
   0.000342547       13843.3   1.45062e+06             0
   0.000342671         13843   1.45173e+06             0
   0.000342796       13842.8   1.45284e+06             0
    0.00034292       13842.5   1.45396e+06             0
   0.000343044       13842.2   1.45507e+06             0
   0.000343168       13841.9   1.45619e+06             0
   0.000343292       13841.6   1.45731e+06             0
   0.000343416       13841.4   1.45843e+06             0
    0.00034354       13841.1   1.45955e+06             0
   0.000343664       13840.8   1.46067e+06             0
   0.000343789       13840.5   1.46179e+06             0
   0.000343913       13840.2   1.46292e+06             0
   0.000344037         13840   1.46404e+06             0
   0.000344161       13839.7   1.46517e+06             0
   0.000344285       13839.4   1.46629e+06             0
   0.000344409       13839.1   1.46742e+06             0
   0.000344533       13838.8   1.46855e+06             0
   0.000344658       13838.5   1.46969e+06             0
   0.000344782       13838.3   1.47082e+06             0
   0.000344906         13838   1.47195e+06             0
    0.00034503       13837.7   1.47309e+06             0
   0.000345154       13837.4   1.47422e+06             0
   0.000345278       13837.1   1.47536e+06             0
   0.000345402       13836.8    1.4765e+06             0
   0.000345526       13836.5   1.47764e+06             0
    0.00034565       13836.3   1.47878e+06             0
   0.000345775         13836   1.47993e+06             0
   0.000345899       13835.7   1.48107e+06             0
   0.000346023       13835.4   1.48221e+06             0
   0.000346147       13835.1   1.48336e+06             0
   0.000346271       13834.8   1.48451e+06             0
   0.000346395       13834.5   1.48565e+06             0
   0.000346519       13834.2    1.4868e+06             0
   0.000346643       13833.9   1.48795e+06             0
   0.000346767       13833.7   1.48911e+06             0
   0.000346891       13833.4   1.49026e+06             0
   0.000347016       13833.1   1.49141e+06             0
    0.00034714       13832.8   1.49257e+06             0
   0.000347264       13832.5   1.49373e+06             0
   0.000347388       13832.2   1.49489e+06             0
   0.000347512       13831.9   1.49605e+06             0
   0.000347636       13831.6   1.49721e+06             0
    0.00034776       13831.3   1.49837e+06             0
   0.000347884         13831   1.49953e+06             0
   0.000348008       13830.7    1.5007e+06             0
   0.000348132       13830.4   1.50186e+06             0
   0.000348256       13830.1   1.50303e+06             0
   0.000348381       13829.9    1.5042e+06             0
   0.000348505       13829.6   1.50537e+06             0
   0.000348629       13829.3   1.50654e+06             0
   0.000348753         13829   1.50771e+06             0
   0.000348877       13828.7   1.50888e+06             0
   0.000349001       13828.4   1.51006e+06             0
   0.000349125       13828.1   1.51123e+06             0
   0.000349249       13827.8   1.51241e+06             0
   0.000349373       13827.5   1.51359e+06             0
   0.000349497       13827.2   1.51477e+06             0
   0.000349621       13826.9   1.51595e+06             0
   0.000349745       13826.6   1.51713e+06             0
    0.00034987       13826.3   1.51832e+06             0
   0.000349994         13826    1.5195e+06             0
   0.000350118       13825.7   1.52069e+06             0
   0.000350242       13825.4   1.52187e+06             0
   0.000350366       13825.1   1.52306e+06             0
    0.00035049       13824.8   1.52425e+06             0
   0.000350614       13824.5   1.52544e+06             0
   0.000350738       13824.2   1.52664e+06             0
   0.000350862       13823.9   1.52783e+06             0
   0.000350986       13823.6   1.52903e+06             0
    0.00035111       13823.3   1.53022e+06             0
   0.000351234         13823   1.53142e+06             0
   0.000351358       13822.7   1.53262e+06             0
   0.000351482       13822.4   1.53382e+06             0
   0.000351606       13822.1   1.53502e+06             0
   0.000351731       13821.8   1.53623e+06             0
   0.000351855       13821.5   1.53743e+06             0
   0.000351979       13821.2   1.53864e+06             0
   0.000352103       13820.9   1.53985e+06             0
   0.000352227       13820.6   1.54105e+06             0
   0.000352351       13820.2   1.54226e+06             0
   0.000352475       13819.9   1.54348e+06             0
   0.000352599       13819.6   1.54469e+06             0
   0.000352723       13819.3    1.5459e+06             0
   0.000352847         13819   1.54712e+06             0
   0.000352971       13818.7   1.54834e+06             0
   0.000353095       13818.4   1.54955e+06             0
   0.000353219       13818.1   1.55078e+06             0
   0.000353343       13817.8     1.552e+06             0
   0.000353467       13817.5   1.55322e+06             0
   0.000353591       13817.2   1.55444e+06             0
   0.000353715       13816.9   1.55567e+06             0
   0.000353839       13816.6   1.55689e+06             0
   0.000353964       13816.3   1.55812e+06             0
   0.000354088         13816   1.55935e+06             0
   0.000354212       13815.6   1.56058e+06             0
   0.000354336       13815.3   1.56181e+06             0
    0.00035446         13815   1.56305e+06             0
   0.000354584       13814.7   1.56428e+06             0
   0.000354708       13814.4   1.56552e+06             0
   0.000354832       13814.1   1.56675e+06             0
   0.000354956       13813.8   1.56799e+06             0
    0.00035508       13813.5   1.56923e+06             0
   0.000355204       13813.2   1.57047e+06             0
   0.000355328       13812.8   1.57171e+06             0
   0.000355452       13812.5   1.57296e+06             0
   0.000355576       13812.2    1.5742e+06             0
     0.0003557       13811.9   1.57545e+06             0
   0.000355824       13811.6    1.5767e+06             0
   0.000355948       13811.3   1.57795e+06             0
   0.000356072         13811    1.5792e+06             0
   0.000356196       13810.6   1.58045e+06             0
    0.00035632       13810.3    1.5817e+06             0
   0.000356444         13810   1.58296e+06             0
   0.000356568       13809.7   1.58421e+06             0
   0.000356692       13809.4   1.58547e+06             0
   0.000356816       13809.1   1.58673e+06             0
    0.00035694       13808.7   1.58799e+06             0
   0.000357064       13808.4   1.58925e+06             0
   0.000357188       13808.1   1.59052e+06             0
   0.000357312       13807.8   1.59178e+06             0
   0.000357436       13807.5   1.59305e+06             0
    0.00035756       13807.1   1.59431e+06             0
   0.000357684       13806.8   1.59558e+06             0
   0.000357808       13806.5   1.59685e+06             0
   0.000357932       13806.2   1.59812e+06             0
   0.000358056       13805.8    1.5994e+06             0
    0.00035818       13805.5   1.60067e+06             0
   0.000358304       13805.2   1.60194e+06             0
   0.000358428       13804.9   1.60322e+06             0
   0.000358552       13804.5    1.6045e+06             0
   0.000358676       13804.2   1.60577e+06             0
     0.0003588       13803.9   1.60705e+06             0
   0.000358924       13803.6   1.60833e+06             0
   0.000359048       13803.2   1.60961e+06             0
   0.000359172       13802.9    1.6109e+06             0
   0.000359296       13802.6   1.61218e+06             0
    0.00035942       13802.3   1.61347e+06             0
   0.000359544       13801.9   1.61476e+06             0
   0.000359668       13801.6   1.61605e+06             0
   0.000359792       13801.3   1.61734e+06             0
   0.000359916       13800.9   1.61863e+06             0
    0.00036004       13800.6   1.61993e+06             0
   0.000360164       13800.3   1.62122e+06             0
   0.000360288       13799.9   1.62252e+06             0
   0.000360412       13799.6   1.62382e+06             0
   0.000360536       13799.3   1.62512e+06             0
    0.00036066       13798.9   1.62642e+06             0
   0.000360784       13798.6   1.62772e+06             0
   0.000360908       13798.3   1.62902e+06             0
   0.000361032       13797.9   1.63033e+06             0
   0.000361156       13797.6   1.63163e+06             0
    0.00036128       13797.3   1.63294e+06             0
   0.000361404       13796.9   1.63425e+06             0
   0.000361528       13796.6   1.63555e+06             0
   0.000361652       13796.3   1.63686e+06             0
   0.000361776       13795.9   1.63817e+06             0
     0.0003619       13795.6   1.63949e+06             0
   0.000362024       13795.3    1.6408e+06             0
   0.000362148       13794.9   1.64212e+06             0
   0.000362272       13794.6   1.64343e+06             0
   0.000362396       13794.2   1.64475e+06             0
    0.00036252       13793.9   1.64607e+06             0
   0.000362644       13793.6   1.64739e+06             0
   0.000362768       13793.2   1.64871e+06             0
   0.000362892       13792.9   1.65003e+06             0
   0.000363016       13792.5   1.65136e+06             0
    0.00036314       13792.2   1.65268e+06             0
   0.000363264       13791.9   1.65401e+06             0
   0.000363388       13791.5   1.65534e+06             0
   0.000363512       13791.2   1.65667e+06             0
   0.000363636       13790.8     1.658e+06             0
   0.000363759       13790.5   1.65933e+06             0
   0.000363883       13790.1   1.66066e+06             0
   0.000364007       13789.8     1.662e+06             0
   0.000364131       13789.4   1.66333e+06             0
   0.000364255       13789.1   1.66467e+06             0
   0.000364379       13788.8   1.66601e+06             0
   0.000364503       13788.4   1.66736e+06             0
   0.000364627       13788.1    1.6687e+06             0
   0.000364751       13787.7   1.67004e+06             0
   0.000364875       13787.4   1.67139e+06             0
   0.000364999         13787   1.67274e+06             0
   0.000365123       13786.7   1.67408e+06             0
   0.000365247       13786.3   1.67543e+06             0
   0.000365371         13786   1.67678e+06             0
   0.000365495       13785.6   1.67814e+06             0
   0.000365619       13785.3   1.67949e+06             0
   0.000365743       13784.9   1.68085e+06             0
   0.000365867       13784.6    1.6822e+06             0
   0.000365991       13784.2   1.68356e+06             0
   0.000366115       13783.9   1.68492e+06             0
   0.000366239       13783.5   1.68628e+06             0
   0.000366363       13783.2   1.68764e+06             0
   0.000366487       13782.8   1.68901e+06             0
    0.00036661       13782.4   1.69037e+06             0
   0.000366734       13782.1   1.69173e+06             0
   0.000366858       13781.7    1.6931e+06             0
   0.000366982       13781.4   1.69447e+06             0
   0.000367106         13781   1.69584e+06             0
    0.00036723       13780.7   1.69721e+06             0
   0.000367354       13780.3   1.69858e+06             0
   0.000367478       13779.9   1.69996e+06             0
   0.000367602       13779.6   1.70133e+06             0
   0.000367726       13779.2   1.70271e+06             0
    0.00036785       13778.9   1.70408e+06             0
   0.000367974       13778.5   1.70546e+06             0
   0.000368098       13778.2   1.70684e+06             0
   0.000368222       13777.8   1.70823e+06             0
   0.000368346       13777.4   1.70961e+06             0
    0.00036847       13777.1     1.711e+06             0
   0.000368594       13776.7   1.71238e+06             0
   0.000368718       13776.3   1.71377e+06             0
   0.000368841         13776   1.71516e+06             0
   0.000368965       13775.6   1.71655e+06             0
   0.000369089       13775.3   1.71794e+06             0
   0.000369213       13774.9   1.71934e+06             0
   0.000369337       13774.5   1.72073e+06             0
   0.000369461       13774.2   1.72213e+06             0
   0.000369585       13773.8   1.72353e+06             0
   0.000369709       13773.4   1.72492e+06             0
   0.000369833       13773.1   1.72632e+06             0
   0.000369957       13772.7   1.72772e+06             0
   0.000370081       13772.3   1.72912e+06             0
   0.000370205         13772   1.73053e+06             0
   0.000370329       13771.6   1.73193e+06             0
   0.000370453       13771.2   1.73334e+06             0
   0.000370577       13770.9   1.73474e+06             0
   0.000370701       13770.5   1.73615e+06             0
   0.000370825       13770.1   1.73756e+06             0
   0.000370948       13769.8   1.73897e+06             0
   0.000371072       13769.4   1.74038e+06             0
   0.000371196         13769   1.74179e+06             0
    0.00037132       13768.7   1.74321e+06             0
   0.000371444       13768.3   1.74462e+06             0
   0.000371568       13767.9   1.74604e+06             0
   0.000371692       13767.5   1.74746e+06             0
   0.000371816       13767.2   1.74888e+06             0
    0.00037194       13766.8    1.7503e+06             0
   0.000372064       13766.4   1.75173e+06             0
   0.000372188       13766.1   1.75316e+06             0
   0.000372312       13765.7   1.75458e+06             0
   0.000372436       13765.3   1.75601e+06             0
    0.00037256       13764.9   1.75744e+06             0
   0.000372684       13764.6   1.75888e+06             0
   0.000372807       13764.2   1.76031e+06             0
   0.000372931       13763.8   1.76175e+06             0
   0.000373055       13763.4   1.76318e+06             0
   0.000373179         13763   1.76462e+06             0
   0.000373303       13762.7   1.76606e+06             0
   0.000373427       13762.3    1.7675e+06             0
   0.000373551       13761.9   1.76895e+06             0
   0.000373675       13761.5   1.77039e+06             0
   0.000373799       13761.2   1.77184e+06             0
   0.000373923       13760.8   1.77328e+06             0
   0.000374047       13760.4   1.77473e+06             0
   0.000374171         13760   1.77618e+06             0
   0.000374295       13759.6   1.77763e+06             0
   0.000374418       13759.2   1.77909e+06             0
   0.000374542       13758.9   1.78054e+06             0
   0.000374666       13758.5     1.782e+06             0
    0.00037479       13758.1   1.78345e+06             0
   0.000374914       13757.7   1.78491e+06             0
   0.000375038       13757.3   1.78637e+06             0
   0.000375162       13756.9   1.78783e+06             0
   0.000375286       13756.6   1.78929e+06             0
    0.00037541       13756.2   1.79076e+06             0
   0.000375534       13755.8   1.79222e+06             0
   0.000375658       13755.4   1.79368e+06             0
   0.000375781         13755   1.79515e+06             0
   0.000375905       13754.6   1.79662e+06             0
   0.000376029       13754.2   1.79809e+06             0
   0.000376153       13753.8   1.79956e+06             0
   0.000376277       13753.4   1.80103e+06             0
   0.000376401         13753   1.80251e+06             0
   0.000376525       13752.7   1.80398e+06             0
   0.000376649       13752.3   1.80546e+06             0
   0.000376773       13751.9   1.80694e+06             0
   0.000376897       13751.5   1.80842e+06             0
   0.000377021       13751.1    1.8099e+06             0
   0.000377144       13750.7   1.81139e+06             0
   0.000377268       13750.3   1.81287e+06             0
   0.000377392       13749.9   1.81436e+06             0
   0.000377516       13749.5   1.81584e+06             0
    0.00037764       13749.1   1.81733e+06             0
   0.000377764       13748.7   1.81883e+06             0
   0.000377888       13748.3   1.82032e+06             0
   0.000378012       13747.9   1.82181e+06             0
   0.000378136       13747.5   1.82331e+06             0
    0.00037826       13747.1   1.82481e+06             0
   0.000378384       13746.7   1.82631e+06             0
   0.000378507       13746.3   1.82781e+06             0
   0.000378631       13745.9   1.82931e+06             0
   0.000378755       13745.5   1.83082e+06             0
   0.000378879       13745.1   1.83233e+06             0
   0.000379003       13744.7   1.83383e+06             0
   0.000379127       13744.3   1.83534e+06             0
   0.000379251       13743.9   1.83685e+06             0
   0.000379375       13743.5   1.83837e+06             0
   0.000379499       13743.1   1.83988e+06             0
   0.000379622       13742.7    1.8414e+06             0
   0.000379746       13742.3   1.84292e+06             0
    0.00037987       13741.9   1.84444e+06             0
   0.000379994       13741.5   1.84596e+06             0
   0.000380118       13741.1   1.84748e+06             0
   0.000380242       13740.7     1.849e+06             0
   0.000380366       13740.3   1.85053e+06             0
   0.000380489       13739.9   1.85205e+06             0
   0.000380613       13739.5   1.85358e+06             0
   0.000380737       13739.1   1.85511e+06             0
   0.000380861       13738.7   1.85664e+06             0
   0.000380985       13738.2   1.85817e+06             0
   0.000381108       13737.8    1.8597e+06             0
   0.000381232       13737.4   1.86124e+06             0
   0.000381356         13737   1.86277e+06             0
    0.00038148       13736.6   1.86431e+06             0
   0.000381604       13736.2   1.86584e+06             0
   0.000381727       13735.8   1.86738e+06             0
   0.000381851       13735.4   1.86892e+06             0
   0.000381975         13735   1.87046e+06             0
   0.000382098       13734.6     1.872e+06             0
   0.000382222       13734.2   1.87354e+06             0
   0.000382346       13733.7   1.87508e+06             0
    0.00038247       13733.3   1.87663e+06             0
   0.000382593       13732.9   1.87818e+06             0
   0.000382717       13732.5   1.87973e+06             0
   0.000382841       13732.1   1.88128e+06             0
   0.000382964       13731.7   1.88283e+06             0
   0.000383088       13731.3   1.88439e+06             0
   0.000383212       13730.8   1.88594e+06             0
   0.000383335       13730.4    1.8875e+06             0
   0.000383459         13730   1.88906e+06             0
   0.000383583       13729.6   1.89062e+06             0
   0.000383706       13729.2   1.89218e+06             0
    0.00038383       13728.8   1.89374e+06             0
   0.000383954       13728.3   1.89531e+06             0
   0.000384077       13727.9   1.89687e+06             0
   0.000384201       13727.5   1.89844e+06             0
   0.000384325       13727.1   1.90001e+06             0
   0.000384448       13726.7   1.90158e+06             0
   0.000384572       13726.2   1.90315e+06             0
   0.000384695       13725.8   1.90472e+06             0
   0.000384819       13725.4   1.90629e+06             0
   0.000384943         13725   1.90787e+06             0
   0.000385066       13724.6   1.90944e+06             0
    0.00038519       13724.1   1.91102e+06             0
   0.000385313       13723.7   1.91259e+06             0
   0.000385437       13723.3   1.91417e+06             0
    0.00038556       13722.9   1.91575e+06             0
   0.000385684       13722.4   1.91733e+06             0
   0.000385807         13722   1.91891e+06             0
   0.000385931       13721.6    1.9205e+06             0
   0.000386054       13721.2   1.92209e+06             0
   0.000386178       13720.7   1.92367e+06             0
   0.000386301       13720.3   1.92526e+06             0
   0.000386425       13719.9   1.92685e+06             0
   0.000386548       13719.5   1.92844e+06             0
   0.000386672         13719   1.93003e+06             0
   0.000386795       13718.6   1.93162e+06             0
   0.000386919       13718.2   1.93321e+06             0
   0.000387042       13717.8    1.9348e+06             0
   0.000387165       13717.3    1.9364e+06             0
   0.000387289       13716.9   1.93799e+06             0
   0.000387412       13716.5   1.93959e+06             0
   0.000387536         13716   1.94118e+06             0
   0.000387659       13715.6   1.94278e+06             0
   0.000387782       13715.2   1.94438e+06             0
   0.000387906       13714.7   1.94598e+06             0
   0.000388029       13714.3   1.94758e+06             0
   0.000388152       13713.9   1.94918e+06             0
   0.000388276       13713.5   1.95079e+06             0
   0.000388399         13713   1.95239e+06             0
   0.000388522       13712.6     1.954e+06             0
   0.000388645       13712.2    1.9556e+06             0
   0.000388769       13711.7   1.95721e+06             0
   0.000388892       13711.3   1.95882e+06             0
   0.000389015       13710.8   1.96043e+06             0
   0.000389138       13710.4   1.96204e+06             0
   0.000389262         13710   1.96365e+06             0
   0.000389385       13709.5   1.96526e+06             0
   0.000389508       13709.1   1.96687e+06             0
   0.000389631       13708.7   1.96849e+06             0
   0.000389754       13708.2    1.9701e+06             0
   0.000389878       13707.8   1.97172e+06             0
   0.000390001       13707.3   1.97334e+06             0
   0.000390124       13706.9   1.97496e+06             0
   0.000390247       13706.5   1.97658e+06             0
    0.00039037         13706    1.9782e+06             0
   0.000390493       13705.6   1.97982e+06             0
   0.000390616       13705.1   1.98144e+06             0
    0.00039074       13704.7   1.98307e+06             0
   0.000390863       13704.3   1.98469e+06             0
   0.000390986       13703.8   1.98632e+06             0
   0.000391109       13703.4   1.98794e+06             0
   0.000391232       13702.9   1.98957e+06             0
   0.000391355       13702.5    1.9912e+06             0
   0.000391478         13702   1.99283e+06             0
   0.000391601       13701.6   1.99446e+06             0
   0.000391724       13701.2   1.99609e+06             0
   0.000391847       13700.7   1.99772e+06             0
    0.00039197       13700.3   1.99936e+06             0
   0.000392093       13699.8   2.00099e+06             0
   0.000392216       13699.4   2.00263e+06             0
   0.000392339       13698.9   2.00427e+06             0
   0.000392462       13698.5   2.00591e+06             0
   0.000392585         13698   2.00754e+06             0
   0.000392708       13697.6   2.00919e+06             0
   0.000392831       13697.1   2.01083e+06             0
   0.000392954       13696.7   2.01247e+06             0
   0.000393077       13696.2   2.01411e+06             0
     0.0003932       13695.8   2.01576e+06             0
   0.000393323       13695.3    2.0174e+06             0
   0.000393446       13694.9   2.01905e+06             0
   0.000393569       13694.4    2.0207e+06             0
   0.000393692         13694   2.02235e+06             0
   0.000393814       13693.5     2.024e+06             0
   0.000393937         13693   2.02565e+06             0
    0.00039406       13692.6    2.0273e+06             0
   0.000394183       13692.1   2.02896e+06             0
   0.000394306       13691.7   2.03061e+06             0
   0.000394429       13691.2   2.03227e+06             0
   0.000394551       13690.8   2.03392e+06             0
   0.000394674       13690.3   2.03558e+06             0
   0.000394797       13689.9   2.03724e+06             0
    0.00039492       13689.4    2.0389e+06             0
   0.000395043       13688.9   2.04056e+06             0
   0.000395166       13688.5   2.04222e+06             0
   0.000395288         13688   2.04388e+06             0
   0.000395411       13687.5   2.04554e+06             0
   0.000395534       13687.1    2.0472e+06             0
   0.000395657       13686.6   2.04886e+06             0
   0.000395779       13686.2   2.05053e+06             0
   0.000395902       13685.7   2.05219e+06             0
   0.000396025       13685.2   2.05386e+06             0
   0.000396148       13684.8   2.05553e+06             0
    0.00039627       13684.3    2.0572e+06             0
   0.000396393       13683.8   2.05887e+06             0
   0.000396516       13683.4   2.06054e+06             0
   0.000396638       13682.9   2.06221e+06             0
   0.000396761       13682.4   2.06389e+06             0
   0.000396884         13682   2.06556e+06             0
   0.000397007       13681.5   2.06723e+06             0
   0.000397129         13681   2.06891e+06             0
   0.000397252       13680.6   2.07059e+06             0
   0.000397375       13680.1   2.07227e+06             0
   0.000397497       13679.6   2.07394e+06             0
    0.00039762       13679.1   2.07562e+06             0
   0.000397743       13678.7   2.07731e+06             0
   0.000397865       13678.2   2.07899e+06             0
   0.000397988       13677.7   2.08067e+06             0
   0.000398111       13677.3   2.08235e+06             0
   0.000398233       13676.8   2.08404e+06             0
   0.000398356       13676.3   2.08572e+06             0
   0.000398479       13675.8   2.08741e+06             0
   0.000398601       13675.4   2.08909e+06             0
   0.000398724       13674.9   2.09078e+06             0
   0.000398847       13674.4   2.09247e+06             0
   0.000398969       13673.9   2.09416e+06             0
   0.000399092       13673.5   2.09584e+06             0
   0.000399215         13673   2.09753e+06             0
   0.000399337       13672.5   2.09922e+06             0
    0.00039946         13672   2.10091e+06             0
   0.000399583       13671.5   2.10261e+06             0
   0.000399705       13671.1    2.1043e+06             0
   0.000399828       13670.6   2.10599e+06             0
    0.00039995       13670.1   2.10769e+06             0
   0.000400073       13669.6   2.10938e+06             0
   0.000400195       13669.1   2.11108e+06             0
   0.000400318       13668.7   2.11278e+06             0
    0.00040044       13668.2   2.11448e+06             0
   0.000400563       13667.7   2.11618e+06             0
   0.000400685       13667.2   2.11788e+06             0
   0.000400808       13666.7   2.11958e+06             0
    0.00040093       13666.2   2.12128e+06             0
   0.000401053       13665.8   2.12298e+06             0
   0.000401175       13665.3   2.12469e+06             0
   0.000401298       13664.8   2.12639e+06             0
    0.00040142       13664.3    2.1281e+06             0
   0.000401543       13663.8    2.1298e+06             0
   0.000401665       13663.3   2.13151e+06             0
   0.000401787       13662.8   2.13322e+06             0
    0.00040191       13662.4   2.13493e+06             0
   0.000402032       13661.9   2.13664e+06             0
   0.000402154       13661.4   2.13835e+06             0
   0.000402277       13660.9   2.14006e+06             0
   0.000402399       13660.4   2.14178e+06             0
   0.000402521       13659.9   2.14349e+06             0
   0.000402644       13659.4    2.1452e+06             0
   0.000402766       13658.9   2.14692e+06             0
   0.000402888       13658.4   2.14863e+06             0
   0.000403011       13657.9   2.15035e+06             0
   0.000403133       13657.5   2.15207e+06             0
   0.000403255         13657   2.15379e+06             0
   0.000403378       13656.5   2.15551e+06             0
     0.0004035         13656   2.15723e+06             0
   0.000403622       13655.5   2.15896e+06             0
   0.000403744         13655   2.16068e+06             0
   0.000403867       13654.5    2.1624e+06             0
   0.000403989         13654   2.16413e+06             0
   0.000404111       13653.5   2.16586e+06             0
   0.000404233         13653   2.16758e+06             0
   0.000404355       13652.5   2.16931e+06             0
   0.000404478         13652   2.17104e+06             0
     0.0004046       13651.5   2.17277e+06             0
   0.000404722         13651    2.1745e+06             0
   0.000404844       13650.5   2.17623e+06             0
   0.000404966         13650   2.17796e+06             0
   0.000405088       13649.5   2.17969e+06             0
    0.00040521         13649   2.18142e+06             0
   0.000405333       13648.5   2.18315e+06             0
   0.000405455         13648   2.18489e+06             0
   0.000405577       13647.5   2.18662e+06             0
   0.000405699         13647   2.18835e+06             0
   0.000405821       13646.5   2.19009e+06             0
   0.000405943         13646   2.19183e+06             0
   0.000406065       13645.5   2.19356e+06             0
   0.000406187         13645    2.1953e+06             0
   0.000406309       13644.5   2.19704e+06             0
   0.000406431         13644   2.19878e+06             0
   0.000406553       13643.5   2.20052e+06             0
   0.000406675         13643   2.20226e+06             0
   0.000406798       13642.5     2.204e+06             0
    0.00040692         13642   2.20574e+06             0
   0.000407042       13641.5   2.20749e+06             0
   0.000407164         13641   2.20923e+06             0
   0.000407286       13640.4   2.21098e+06             0
   0.000407408       13639.9   2.21272e+06             0
    0.00040753       13639.4   2.21447e+06             0
   0.000407652       13638.9   2.21622e+06             0
   0.000407774       13638.4   2.21797e+06             0
   0.000407896       13637.9   2.21972e+06             0
   0.000408017       13637.4   2.22147e+06             0
   0.000408139       13636.9   2.22322e+06             0
   0.000408261       13636.4   2.22497e+06             0
   0.000408383       13635.8   2.22672e+06             0
   0.000408505       13635.3   2.22847e+06             0
   0.000408627       13634.8   2.23023e+06             0
   0.000408749       13634.3   2.23198e+06             0
   0.000408871       13633.8   2.23373e+06             0
   0.000408993       13633.3   2.23549e+06             0
   0.000409115       13632.8   2.23724e+06             0
   0.000409237       13632.2     2.239e+06             0
   0.000409359       13631.7   2.24075e+06             0
   0.000409481       13631.2   2.24251e+06             0
   0.000409602       13630.7   2.24427e+06             0
   0.000409724       13630.2   2.24602e+06             0
   0.000409846       13629.7   2.24778e+06             0
   0.000409968       13629.1   2.24954e+06             0
    0.00041009       13628.6    2.2513e+06             0
   0.000410212       13628.1   2.25306e+06             0
   0.000410334       13627.6   2.25481e+06             0
   0.000410455       13627.1   2.25658e+06             0
   0.000410577       13626.5   2.25834e+06             0
   0.000410699         13626    2.2601e+06             0
   0.000410821       13625.5   2.26186e+06             0
   0.000410943         13625   2.26362e+06             0
   0.000411065       13624.4   2.26539e+06             0
   0.000411186       13623.9   2.26715e+06             0
   0.000411308       13623.4   2.26892e+06             0
    0.00041143       13622.9   2.27068e+06             0
   0.000411552       13622.3   2.27245e+06             0
   0.000411673       13621.8   2.27421e+06             0
   0.000411795       13621.3   2.27598e+06             0
   0.000411917       13620.8   2.27774e+06             0
   0.000412039       13620.2   2.27951e+06             0
   0.000412161       13619.7   2.28128e+06             0
   0.000412282       13619.2   2.28304e+06             0
   0.000412404       13618.6   2.28481e+06             0
   0.000412526       13618.1   2.28658e+06             0
   0.000412648       13617.6   2.28835e+06             0
   0.000412769       13617.1   2.29012e+06             0
   0.000412891       13616.5   2.29189e+06             0
   0.000413013         13616   2.29366e+06             0
   0.000413134       13615.5   2.29543e+06             0
   0.000413256       13614.9    2.2972e+06             0
   0.000413378       13614.4   2.29898e+06             0
     0.0004135       13613.9   2.30075e+06             0
   0.000413621       13613.3   2.30252e+06             0
   0.000413743       13612.8   2.30429e+06             0
   0.000413865       13612.3   2.30607e+06             0
   0.000413986       13611.7   2.30784e+06             0
   0.000414108       13611.2   2.30962e+06             0
    0.00041423       13610.7   2.31139e+06             0
   0.000414351       13610.1   2.31316e+06             0
   0.000414473       13609.6   2.31494e+06             0
   0.000414595       13609.1   2.31671e+06             0
   0.000414716       13608.5   2.31849e+06             0
   0.000414838         13608   2.32026e+06             0
    0.00041496       13607.4   2.32204e+06             0
   0.000415081       13606.9   2.32382e+06             0
   0.000415203       13606.4   2.32559e+06             0
   0.000415324       13605.8   2.32737e+06             0
   0.000415446       13605.3   2.32915e+06             0
   0.000415568       13604.7   2.33093e+06             0
   0.000415689       13604.2    2.3327e+06             0
   0.000415811       13603.7   2.33448e+06             0
   0.000415932       13603.1   2.33626e+06             0
   0.000416054       13602.6   2.33804e+06             0
   0.000416176         13602   2.33981e+06             0
   0.000416297       13601.5   2.34159e+06             0
   0.000416419       13600.9   2.34336e+06             0
    0.00041654       13600.4   2.34514e+06             0
   0.000416662       13599.9   2.34692e+06             0
   0.000416783       13599.3   2.34869e+06             0
   0.000416905       13598.8   2.35047e+06             0
   0.000417026       13598.2   2.35224e+06             0
   0.000417148       13597.7   2.35402e+06             0
   0.000417269       13597.1   2.35579e+06             0
   0.000417391       13596.6   2.35756e+06             0
   0.000417512         13596   2.35934e+06             0
   0.000417634       13595.5   2.36111e+06             0
   0.000417756       13594.9   2.36288e+06             0
   0.000417877       13594.4   2.36466e+06             0
   0.000417999       13593.8   2.36643e+06             0
    0.00041812       13593.3    2.3682e+06             0
   0.000418241       13592.7   2.36998e+06             0
   0.000418363       13592.2   2.37175e+06             0
   0.000418484       13591.6   2.37352e+06             0
   0.000418606       13591.1    2.3753e+06             0
   0.000418727       13590.5   2.37707e+06             0
   0.000418849         13590   2.37884e+06             0
    0.00041897       13589.4   2.38062e+06             0
   0.000419092       13588.9   2.38239e+06             0
   0.000419213       13588.3   2.38416e+06             0
   0.000419335       13587.8   2.38594e+06             0
   0.000419456       13587.2   2.38771e+06             0
   0.000419578       13586.6   2.38948e+06             0
   0.000419699       13586.1   2.39126e+06             0
    0.00041982       13585.5   2.39303e+06             0
   0.000419942         13585   2.39481e+06             0
   0.000420063       13584.4   2.39658e+06             0
   0.000420185       13583.9   2.39835e+06             0
   0.000420306       13583.3   2.40013e+06             0
   0.000420428       13582.7    2.4019e+06             0
   0.000420549       13582.2   2.40367e+06             0
    0.00042067       13581.6   2.40544e+06             0
   0.000420792       13581.1   2.40722e+06             0
   0.000420913       13580.5   2.40899e+06             0
   0.000421034       13579.9   2.41077e+06             0
   0.000421156       13579.4   2.41254e+06             0
   0.000421277       13578.8   2.41431e+06             0
   0.000421399       13578.2   2.41609e+06             0
    0.00042152       13577.7   2.41786e+06             0
   0.000421641       13577.1   2.41963e+06             0
   0.000421763       13576.5   2.42141e+06             0
   0.000421884         13576   2.42318e+06             0
   0.000422005       13575.4   2.42495e+06             0
   0.000422127       13574.8   2.42672e+06             0
   0.000422248       13574.3   2.42849e+06             0
    0.00042237       13573.7   2.43027e+06             0
   0.000422491       13573.1   2.43204e+06             0
   0.000422612       13572.6   2.43381e+06             0
   0.000422734         13572   2.43558e+06             0
   0.000422855       13571.4   2.43735e+06             0
   0.000422976       13570.9   2.43912e+06             0
   0.000423098       13570.3   2.44089e+06             0
   0.000423219       13569.7   2.44266e+06             0
    0.00042334       13569.2   2.44443e+06             0
   0.000423462       13568.6    2.4462e+06             0
   0.000423583         13568   2.44797e+06             0
   0.000423704       13567.4   2.44973e+06             0
   0.000423825       13566.9    2.4515e+06             0
   0.000423947       13566.3   2.45327e+06             0
   0.000424068       13565.7   2.45504e+06             0
   0.000424189       13565.1    2.4568e+06             0
   0.000424311       13564.6   2.45857e+06             0
   0.000424432         13564   2.46033e+06             0
   0.000424553       13563.4    2.4621e+06             0
   0.000424675       13562.8   2.46386e+06             0
   0.000424796       13562.3   2.46563e+06             0
   0.000424917       13561.7   2.46739e+06             0
   0.000425038       13561.1   2.46916e+06             0
    0.00042516       13560.5   2.47092e+06             0
   0.000425281         13560   2.47268e+06             0
   0.000425402       13559.4   2.47445e+06             0
   0.000425523       13558.8   2.47621e+06             0
   0.000425645       13558.2   2.47797e+06             0
   0.000425766       13557.6   2.47973e+06             0
   0.000425887       13557.1   2.48149e+06             0
   0.000426009       13556.5   2.48325e+06             0
    0.00042613       13555.9   2.48501e+06             0
   0.000426251       13555.3   2.48677e+06             0
   0.000426372       13554.7   2.48853e+06             0
   0.000426494       13554.2   2.49029e+06             0
   0.000426615       13553.6   2.49205e+06             0
   0.000426736         13553   2.49381e+06             0
   0.000426857       13552.4   2.49557e+06             0
   0.000426979       13551.8   2.49733e+06             0
     0.0004271       13551.2   2.49908e+06             0
   0.000427221       13550.7   2.50084e+06             0
   0.000427342       13550.1    2.5026e+06             0
   0.000427464       13549.5   2.50435e+06             0
   0.000427585       13548.9   2.50611e+06             0
   0.000427706       13548.3   2.50786e+06             0
   0.000427827       13547.7   2.50962e+06             0
   0.000427949       13547.1   2.51137e+06             0
    0.00042807       13546.5   2.51312e+06             0
   0.000428191         13546   2.51487e+06             0
   0.000428312       13545.4   2.51663e+06             0
   0.000428434       13544.8   2.51838e+06             0
   0.000428555       13544.2   2.52013e+06             0
   0.000428676       13543.6   2.52188e+06             0
   0.000428797         13543   2.52363e+06             0
   0.000428919       13542.4   2.52538e+06             0
    0.00042904       13541.8   2.52713e+06             0
   0.000429161       13541.2   2.52888e+06             0
   0.000429282       13540.6   2.53063e+06             0
   0.000429404       13540.1   2.53238e+06             0
   0.000429525       13539.5   2.53412e+06             0
   0.000429646       13538.9   2.53587e+06             0
   0.000429767       13538.3   2.53762e+06             0
   0.000429889       13537.7   2.53936e+06             0
    0.00043001       13537.1   2.54111e+06             0
   0.000430131       13536.5   2.54285e+06             0
   0.000430252       13535.9   2.54459e+06             0
   0.000430374       13535.3   2.54634e+06             0
   0.000430495       13534.7   2.54808e+06             0
   0.000430616       13534.1   2.54982e+06             0
   0.000430737       13533.5   2.55156e+06             0
   0.000430859       13532.9   2.55329e+06             0
    0.00043098       13532.3   2.55503e+06             0
   0.000431101       13531.7   2.55676e+06             0
   0.000431222       13531.1   2.55849e+06             0
   0.000431344       13530.5   2.56023e+06             0
   0.000431465       13529.9   2.56196e+06             0
   0.000431586       13529.3   2.56369e+06             0
   0.000431707       13528.7   2.56542e+06             0
   0.000431829       13528.1   2.56714e+06             0
    0.00043195       13527.5   2.56887e+06             0
   0.000432071       13526.9    2.5706e+06             0
   0.000432193       13526.3   2.57232e+06             0
   0.000432314       13525.7   2.57405e+06             0
   0.000432435       13525.1   2.57577e+06             0
   0.000432557       13524.5   2.57749e+06             0
   0.000432678       13523.9   2.57921e+06             0
   0.000432799       13523.3   2.58093e+06             0
    0.00043292       13522.7   2.58265e+06             0
   0.000433042       13522.1   2.58437e+06             0
   0.000433163       13521.5   2.58609e+06             0
   0.000433284       13520.9    2.5878e+06             0
   0.000433406       13520.3   2.58952e+06             0
   0.000433527       13519.7   2.59123e+06             0
   0.000433648         13519   2.59294e+06             0
    0.00043377       13518.4   2.59466e+06             0
   0.000433891       13517.8   2.59637e+06             0
   0.000434012       13517.2   2.59808e+06             0
   0.000434134       13516.6   2.59979e+06             0
   0.000434255         13516    2.6015e+06             0
   0.000434376       13515.4   2.60322e+06             0
   0.000434498       13514.8   2.60493e+06             0
   0.000434619       13514.2   2.60664e+06             0
    0.00043474       13513.6   2.60835e+06             0
   0.000434862       13512.9   2.61006e+06             0
   0.000434983       13512.3   2.61177e+06             0
   0.000435104       13511.7   2.61348e+06             0
   0.000435226       13511.1   2.61519e+06             0
   0.000435347       13510.5    2.6169e+06             0
   0.000435468       13509.9    2.6186e+06             0
    0.00043559       13509.3   2.62031e+06             0
   0.000435711       13508.6   2.62201e+06             0
   0.000435832         13508   2.62372e+06             0
   0.000435954       13507.4   2.62542e+06             0
   0.000436075       13506.8   2.62712e+06             0
   0.000436197       13506.2   2.62882e+06             0
   0.000436318       13505.5   2.63052e+06             0
   0.000436439       13504.9   2.63222e+06             0
   0.000436561       13504.3   2.63392e+06             0
   0.000436682       13503.7   2.63561e+06             0
   0.000436803       13503.1   2.63731e+06             0
   0.000436925       13502.4     2.639e+06             0
   0.000437046       13501.8    2.6407e+06             0
   0.000437168       13501.2   2.64239e+06             0
   0.000437289       13500.6   2.64408e+06             0
    0.00043741       13499.9   2.64577e+06             0
   0.000437532       13499.3   2.64746e+06             0
   0.000437653       13498.7   2.64915e+06             0
   0.000437775       13498.1   2.65084e+06             0
   0.000437896       13497.4   2.65253e+06             0
   0.000438018       13496.8   2.65421e+06             0
   0.000438139       13496.2    2.6559e+06             0
    0.00043826       13495.6   2.65758e+06             0
   0.000438382       13494.9   2.65926e+06             0
   0.000438503       13494.3   2.66094e+06             0
   0.000438625       13493.7   2.66262e+06             0
   0.000438746         13493   2.66429e+06             0
   0.000438868       13492.4   2.66597e+06             0
   0.000438989       13491.8   2.66765e+06             0
   0.000439111       13491.1   2.66932e+06             0
   0.000439232       13490.5   2.67099e+06             0
   0.000439354       13489.9   2.67266e+06             0
   0.000439475       13489.2   2.67433e+06             0
   0.000439596       13488.6     2.676e+06             0
   0.000439718         13488   2.67767e+06             0
   0.000439839       13487.4   2.67934e+06             0
   0.000439961       13486.7   2.68101e+06             0
   0.000440082       13486.1   2.68267e+06             0
   0.000440204       13485.4   2.68434e+06             0
   0.000440325       13484.8     2.686e+06             0
   0.000440447       13484.2   2.68767e+06             0
   0.000440568       13483.5   2.68933e+06             0
    0.00044069       13482.9   2.69099e+06             0
   0.000440811       13482.3   2.69265e+06             0
   0.000440933       13481.6   2.69431e+06             0
   0.000441055         13481   2.69597e+06             0
   0.000441176       13480.4   2.69762e+06             0
   0.000441298       13479.7   2.69928e+06             0
   0.000441419       13479.1   2.70093e+06             0
   0.000441541       13478.4   2.70259e+06             0
   0.000441662       13477.8   2.70424e+06             0
   0.000441784       13477.2   2.70589e+06             0
   0.000441905       13476.5   2.70754e+06             0
   0.000442027       13475.9   2.70919e+06             0
   0.000442149       13475.2   2.71084e+06             0
    0.00044227       13474.6   2.71248e+06             0
   0.000442392         13474   2.71413e+06             0
   0.000442513       13473.3   2.71577e+06             0
   0.000442635       13472.7   2.71741e+06             0
   0.000442756         13472   2.71905e+06             0
   0.000442878       13471.4   2.72069e+06             0
      0.000443       13470.7   2.72233e+06             0
   0.000443121       13470.1   2.72397e+06             0
   0.000443243       13469.4    2.7256e+06             0
   0.000443365       13468.8   2.72724e+06             0
   0.000443486       13468.2   2.72888e+06             0
   0.000443608       13467.5   2.73051e+06             0
    0.00044373       13466.9   2.73214e+06             0
   0.000443851       13466.2   2.73377e+06             0
   0.000443973       13465.6    2.7354e+06             0
   0.000444095       13464.9   2.73703e+06             0
   0.000444216       13464.3   2.73865e+06             0
   0.000444338       13463.6   2.74027e+06             0
    0.00044446         13463   2.74189e+06             0
   0.000444581       13462.3   2.74351e+06             0
   0.000444703       13461.7   2.74513e+06             0
   0.000444825         13461   2.74674e+06             0
   0.000444946       13460.4   2.74836e+06             0
   0.000445068       13459.7   2.74997e+06             0
    0.00044519       13459.1   2.75158e+06             0
   0.000445312       13458.4   2.75319e+06             0
   0.000445433       13457.8    2.7548e+06             0
   0.000445555       13457.1    2.7564e+06             0
   0.000445677       13456.4   2.75801e+06             0
   0.000445799       13455.8   2.75961e+06             0
    0.00044592       13455.1   2.76122e+06             0
   0.000446042       13454.5   2.76282e+06             0
   0.000446164       13453.8   2.76442e+06             0
   0.000446286       13453.2   2.76601e+06             0
   0.000446408       13452.5   2.76761e+06             0
   0.000446529       13451.9   2.76921e+06             0
   0.000446651       13451.2   2.77081e+06             0
   0.000446773       13450.5    2.7724e+06             0
   0.000446895       13449.9   2.77399e+06             0
   0.000447017       13449.2   2.77558e+06             0
   0.000447139       13448.6   2.77717e+06             0
    0.00044726       13447.9   2.77876e+06             0
   0.000447382       13447.2   2.78035e+06             0
   0.000447504       13446.6   2.78194e+06             0
   0.000447626       13445.9   2.78352e+06             0
   0.000447748       13445.3   2.78511e+06             0
    0.00044787       13444.6   2.78669e+06             0
   0.000447992       13443.9   2.78827e+06             0
   0.000448114       13443.3   2.78985e+06             0
   0.000448236       13442.6   2.79143e+06             0
   0.000448357         13442   2.79301e+06             0
   0.000448479       13441.3   2.79458e+06             0
   0.000448601       13440.6   2.79615e+06             0
   0.000448723         13440   2.79773e+06             0
   0.000448845       13439.3   2.79929e+06             0
   0.000448967       13438.6   2.80086e+06             0
   0.000449089         13438   2.80243e+06             0
   0.000449211       13437.3   2.80399e+06             0
   0.000449333       13436.6   2.80555e+06             0
   0.000449455         13436   2.80711e+06             0
   0.000449577       13435.3   2.80867e+06             0
   0.000449699       13434.6   2.81023e+06             0
   0.000449821         13434   2.81179e+06             0
   0.000449943       13433.3   2.81335e+06             0
   0.000450065       13432.6   2.81491e+06             0
   0.000450187         13432   2.81647e+06             0
   0.000450309       13431.3   2.81803e+06             0
   0.000450431       13430.6   2.81958e+06             0
   0.000450553       13429.9   2.82114e+06             0
   0.000450675       13429.3    2.8227e+06             0
   0.000450797       13428.6   2.82425e+06             0
   0.000450919       13427.9    2.8258e+06             0
   0.000451041       13427.3   2.82735e+06             0
   0.000451164       13426.6    2.8289e+06             0
   0.000451286       13425.9   2.83045e+06             0
   0.000451408       13425.2   2.83199e+06             0
    0.00045153       13424.6   2.83354e+06             0
   0.000451652       13423.9   2.83508e+06             0
   0.000451774       13423.2   2.83662e+06             0
   0.000451896       13422.5   2.83816e+06             0
   0.000452018       13421.9    2.8397e+06             0
    0.00045214       13421.2   2.84124e+06             0
   0.000452263       13420.5   2.84277e+06             0
   0.000452385       13419.8    2.8443e+06             0
   0.000452507       13419.2   2.84583e+06             0
   0.000452629       13418.5   2.84736e+06             0
   0.000452751       13417.8   2.84889e+06             0
   0.000452873       13417.1   2.85042e+06             0
   0.000452995       13416.5   2.85194e+06             0
   0.000453117       13415.8   2.85347e+06             0
    0.00045324       13415.1   2.85499e+06             0
   0.000453362       13414.4   2.85651e+06             0
   0.000453484       13413.7   2.85803e+06             0
   0.000453606       13413.1   2.85955e+06             0
   0.000453728       13412.4   2.86106e+06             0
    0.00045385       13411.7   2.86258e+06             0
   0.000453972         13411   2.86409e+06             0
   0.000454095       13410.3    2.8656e+06             0
   0.000454217       13409.6    2.8671e+06             0
   0.000454339         13409   2.86861e+06             0
   0.000454461       13408.3   2.87012e+06             0
   0.000454583       13407.6   2.87162e+06             0
   0.000454705       13406.9   2.87312e+06             0
   0.000454827       13406.2   2.87462e+06             0
    0.00045495       13405.5   2.87613e+06             0
   0.000455072       13404.8   2.87763e+06             0
   0.000455194       13404.2   2.87912e+06             0
   0.000455316       13403.5   2.88062e+06             0
   0.000455438       13402.8   2.88211e+06             0
    0.00045556       13402.1   2.88361e+06             0
   0.000455683       13401.4    2.8851e+06             0
   0.000455805       13400.7   2.88659e+06             0
   0.000455927         13400   2.88808e+06             0
   0.000456049       13399.3   2.88957e+06             0
   0.000456171       13398.7   2.89106e+06             0
   0.000456294         13398   2.89254e+06             0
   0.000456416       13397.3   2.89403e+06             0
   0.000456538       13396.6   2.89552e+06             0
    0.00045666       13395.9     2.897e+06             0
   0.000456782       13395.2   2.89848e+06             0
   0.000456904       13394.5   2.89996e+06             0
   0.000457026       13393.8   2.90144e+06             0
   0.000457149       13393.2   2.90292e+06             0
   0.000457271       13392.5    2.9044e+06             0
   0.000457393       13391.8   2.90587e+06             0
   0.000457515       13391.1   2.90734e+06             0
   0.000457637       13390.4   2.90882e+06             0
   0.000457759       13389.7   2.91029e+06             0
   0.000457882         13389   2.91175e+06             0
   0.000458004       13388.3   2.91322e+06             0
   0.000458126       13387.6   2.91468e+06             0
   0.000458248       13386.9   2.91614e+06             0
    0.00045837       13386.2    2.9176e+06             0
   0.000458492       13385.5   2.91906e+06             0
   0.000458614       13384.8   2.92051e+06             0
   0.000458737       13384.1   2.92196e+06             0
   0.000458859       13383.4   2.92342e+06             0
   0.000458981       13382.7   2.92486e+06             0
   0.000459103         13382   2.92631e+06             0
   0.000459225       13381.3   2.92776e+06             0
   0.000459347       13380.6    2.9292e+06             0
   0.000459469       13379.9   2.93065e+06             0
   0.000459592       13379.2   2.93209e+06             0
   0.000459714       13378.5   2.93352e+06             0
   0.000459836       13377.8   2.93496e+06             0
   0.000459958       13377.1    2.9364e+06             0
    0.00046008       13376.4   2.93783e+06             0
   0.000460202       13375.7   2.93927e+06             0
   0.000460324         13375    2.9407e+06             0
   0.000460447       13374.3   2.94213e+06             0
   0.000460569       13373.6   2.94356e+06             0
   0.000460691       13372.9   2.94499e+06             0
   0.000460813       13372.2   2.94642e+06             0
   0.000460935       13371.5   2.94785e+06             0
   0.000461057       13370.8   2.94927e+06             0
    0.00046118       13370.1    2.9507e+06             0
   0.000461302       13369.4   2.95212e+06             0
   0.000461424       13368.7   2.95354e+06             0
   0.000461546         13368   2.95496e+06             0
   0.000461668       13367.3   2.95638e+06             0
    0.00046179       13366.6    2.9578e+06             0
   0.000461912       13365.9   2.95921e+06             0
   0.000462035       13365.2   2.96063e+06             0
   0.000462157       13364.5   2.96205e+06             0
   0.000462279       13363.7   2.96346e+06             0
   0.000462401         13363   2.96487e+06             0
   0.000462523       13362.3   2.96628e+06             0
   0.000462645       13361.6   2.96769e+06             0
   0.000462768       13360.9   2.96909e+06             0
    0.00046289       13360.2    2.9705e+06             0
   0.000463012       13359.5    2.9719e+06             0
   0.000463134       13358.8    2.9733e+06             0
   0.000463256       13358.1    2.9747e+06             0
   0.000463379       13357.3    2.9761e+06             0
   0.000463501       13356.6    2.9775e+06             0
   0.000463623       13355.9   2.97889e+06             0
   0.000463745       13355.2   2.98029e+06             0
   0.000463867       13354.5   2.98168e+06             0
    0.00046399       13353.8   2.98307e+06             0
   0.000464112       13353.1   2.98446e+06             0
   0.000464234       13352.4   2.98584e+06             0
   0.000464356       13351.6   2.98723e+06             0
   0.000464478       13350.9   2.98861e+06             0
   0.000464601       13350.2      2.99e+06             0
   0.000464723       13349.5   2.99138e+06             0
   0.000464845       13348.8   2.99276e+06             0
   0.000464967       13348.1   2.99414e+06             0
   0.000465089       13347.3   2.99552e+06             0
   0.000465212       13346.6    2.9969e+06             0
   0.000465334       13345.9   2.99827e+06             0
   0.000465456       13345.2   2.99965e+06             0
   0.000465578       13344.5   3.00102e+06             0
     0.0004657       13343.8   3.00239e+06             0
   0.000465823         13343   3.00376e+06             0
   0.000465945       13342.3   3.00513e+06             0
   0.000466067       13341.6    3.0065e+06             0
   0.000466189       13340.9   3.00786e+06             0
   0.000466312       13340.2   3.00923e+06             0
   0.000466434       13339.4   3.01059e+06             0
   0.000466556       13338.7   3.01195e+06             0
   0.000466678         13338   3.01331e+06             0
   0.000466801       13337.3   3.01467e+06             0
   0.000466923       13336.6   3.01602e+06             0
   0.000467045       13335.8   3.01738e+06             0
   0.000467167       13335.1   3.01873e+06             0
    0.00046729       13334.4   3.02008e+06             0
   0.000467412       13333.7   3.02143e+06             0
   0.000467534         13333   3.02278e+06             0
   0.000467656       13332.2   3.02413e+06             0
   0.000467779       13331.5   3.02547e+06             0
   0.000467901       13330.8   3.02682e+06             0
   0.000468023       13330.1   3.02816e+06             0
   0.000468145       13329.3    3.0295e+06             0
   0.000468268       13328.6   3.03084e+06             0
    0.00046839       13327.9   3.03218e+06             0
   0.000468512       13327.2   3.03352e+06             0
   0.000468634       13326.5   3.03485e+06             0
   0.000468757       13325.7   3.03619e+06             0
   0.000468879         13325   3.03752e+06             0
   0.000469001       13324.3   3.03885e+06             0
   0.000469124       13323.6   3.04018e+06             0
   0.000469246       13322.8   3.04151e+06             0
   0.000469368       13322.1   3.04284e+06             0
    0.00046949       13321.4   3.04416e+06             0
   0.000469613       13320.7   3.04549e+06             0
   0.000469735       13319.9   3.04681e+06             0
   0.000469857       13319.2   3.04813e+06             0
    0.00046998       13318.5   3.04945e+06             0
   0.000470102       13317.8   3.05077e+06             0
   0.000470224         13317   3.05209e+06             0
   0.000470347       13316.3   3.05341e+06             0
   0.000470469       13315.6   3.05472e+06             0
   0.000470591       13314.9   3.05604e+06             0
   0.000470714       13314.1   3.05735e+06             0
   0.000470836       13313.4   3.05866e+06             0
   0.000470958       13312.7   3.05996e+06             0
   0.000471081       13311.9   3.06127e+06             0
   0.000471203       13311.2   3.06258e+06             0
   0.000471325       13310.5   3.06388e+06             0
   0.000471448       13309.8   3.06519e+06             0
    0.00047157         13309   3.06649e+06             0
   0.000471692       13308.3   3.06779e+06             0
   0.000471815       13307.6   3.06909e+06             0
   0.000471937       13306.8    3.0704e+06             0
   0.000472059       13306.1    3.0717e+06             0
   0.000472182       13305.4   3.07299e+06             0
   0.000472304       13304.6   3.07429e+06             0
   0.000472426       13303.9   3.07559e+06             0
   0.000472549       13303.2   3.07688e+06             0
   0.000472671       13302.5   3.07817e+06             0
   0.000472794       13301.7   3.07946e+06             0
   0.000472916         13301   3.08075e+06             0
   0.000473038       13300.3   3.08204e+06             0
   0.000473161       13299.5   3.08333e+06             0
   0.000473283       13298.8   3.08461e+06             0
   0.000473405       13298.1    3.0859e+06             0
   0.000473528       13297.3   3.08718e+06             0
    0.00047365       13296.6   3.08846e+06             0
   0.000473773       13295.9   3.08974e+06             0
   0.000473895       13295.1   3.09102e+06             0
   0.000474017       13294.4    3.0923e+06             0
    0.00047414       13293.7   3.09358e+06             0
   0.000474262       13292.9   3.09485e+06             0
   0.000474384       13292.2   3.09613e+06             0
   0.000474507       13291.4    3.0974e+06             0
   0.000474629       13290.7   3.09867e+06             0
   0.000474752         13290   3.09995e+06             0
   0.000474874       13289.2   3.10122e+06             0
   0.000474996       13288.5   3.10249e+06             0
   0.000475119       13287.8   3.10376e+06             0
   0.000475241         13287   3.10503e+06             0
   0.000475364       13286.3    3.1063e+06             0
   0.000475486       13285.5   3.10757e+06             0
   0.000475608       13284.8   3.10884e+06             0
   0.000475731       13284.1   3.11011e+06             0
   0.000475853       13283.3   3.11137e+06             0
   0.000475976       13282.6   3.11264e+06             0
   0.000476098       13281.8   3.11391e+06             0
    0.00047622       13281.1   3.11517e+06             0
   0.000476343       13280.4   3.11644e+06             0
   0.000476465       13279.6    3.1177e+06             0
   0.000476588       13278.9   3.11896e+06             0
    0.00047671       13278.1   3.12022e+06             0
   0.000476832       13277.4   3.12148e+06             0
   0.000476955       13276.6   3.12273e+06             0
   0.000477077       13275.9   3.12398e+06             0
     0.0004772       13275.1   3.12523e+06             0
   0.000477322       13274.4   3.12648e+06             0
   0.000477444       13273.6   3.12773e+06             0
   0.000477567       13272.9   3.12898e+06             0
   0.000477689       13272.1   3.13022e+06             0
   0.000477812       13271.4   3.13147e+06             0
   0.000477934       13270.6   3.13271e+06             0
   0.000478057       13269.9   3.13396e+06             0
   0.000478179       13269.1    3.1352e+06             0
   0.000478301       13268.4   3.13645e+06             0
   0.000478424       13267.6   3.13769e+06             0
   0.000478546       13266.9   3.13894e+06             0
   0.000478669       13266.1   3.14018e+06             0
   0.000478791       13265.4   3.14142e+06             0
   0.000478914       13264.6   3.14266e+06             0
   0.000479036       13263.9    3.1439e+06             0
   0.000479158       13263.1   3.14514e+06             0
   0.000479281       13262.4   3.14638e+06             0
   0.000479403       13261.6   3.14761e+06             0
   0.000479526       13260.9   3.14884e+06             0
   0.000479648       13260.1   3.15007e+06             0
   0.000479771       13259.4    3.1513e+06             0
   0.000479893       13258.6   3.15254e+06             0
   0.000480016       13257.9   3.15376e+06             0
   0.000480138       13257.1   3.15499e+06             0
    0.00048026       13256.4   3.15622e+06             0
   0.000480383       13255.6   3.15744e+06             0
   0.000480505       13254.9   3.15867e+06             0
   0.000480628       13254.1   3.15989e+06             0
    0.00048075       13253.3   3.16111e+06             0
   0.000480873       13252.6   3.16233e+06             0
   0.000480995       13251.8   3.16355e+06             0
   0.000481118       13251.1   3.16477e+06             0
    0.00048124       13250.3   3.16599e+06             0
   0.000481363       13249.6   3.16721e+06             0
   0.000481485       13248.8   3.16842e+06             0
   0.000481607       13248.1   3.16964e+06             0
    0.00048173       13247.3   3.17085e+06             0
   0.000481852       13246.6   3.17206e+06             0
   0.000481975       13245.8   3.17327e+06             0
   0.000482097         13245   3.17448e+06             0
    0.00048222       13244.3    3.1757e+06             0
   0.000482342       13243.5   3.17691e+06             0
   0.000482465       13242.8   3.17812e+06             0
   0.000482587         13242   3.17933e+06             0
    0.00048271       13241.3   3.18053e+06             0
   0.000482832       13240.5   3.18174e+06             0
   0.000482955       13239.8   3.18295e+06             0
   0.000483077         13239   3.18415e+06             0
     0.0004832       13238.2   3.18536e+06             0
   0.000483322       13237.5   3.18656e+06             0
   0.000483445       13236.7   3.18776e+06             0
   0.000483567         13236   3.18896e+06             0
    0.00048369       13235.2   3.19016e+06             0
   0.000483812       13234.5   3.19136e+06             0
   0.000483935       13233.7   3.19256e+06             0
   0.000484058         13233   3.19376e+06             0
    0.00048418       13232.2   3.19496e+06             0
   0.000484303       13231.4   3.19616e+06             0
   0.000484425       13230.7   3.19736e+06             0
   0.000484548       13229.9   3.19856e+06             0
    0.00048467       13229.2   3.19976e+06             0
   0.000484793       13228.4   3.20096e+06             0
   0.000484915       13227.7   3.20215e+06             0
   0.000485038       13226.9   3.20335e+06             0
    0.00048516       13226.1   3.20454e+06             0
   0.000485283       13225.4   3.20573e+06             0
   0.000485406       13224.6   3.20692e+06             0
   0.000485528       13223.9   3.20811e+06             0
   0.000485651       13223.1    3.2093e+06             0
   0.000485773       13222.4   3.21049e+06             0
   0.000485896       13221.6   3.21167e+06             0
   0.000486019       13220.8   3.21286e+06             0
   0.000486141       13220.1   3.21405e+06             0
   0.000486264       13219.3   3.21524e+06             0
   0.000486386       13218.6   3.21642e+06             0
   0.000486509       13217.8   3.21761e+06             0
   0.000486632       13217.1    3.2188e+06             0
   0.000486754       13216.3   3.21998e+06             0
   0.000486877       13215.5   3.22117e+06             0
   0.000486999       13214.8   3.22235e+06             0
   0.000487122         13214   3.22354e+06             0
   0.000487245       13213.3   3.22472e+06             0
   0.000487367       13212.5   3.22591e+06             0
    0.00048749       13211.7   3.22709e+06             0
   0.000487612         13211   3.22827e+06             0
   0.000487735       13210.2   3.22945e+06             0
   0.000487858       13209.4   3.23064e+06             0
    0.00048798       13208.7   3.23182e+06             0
   0.000488103       13207.9     3.233e+06             0
   0.000488226       13207.2   3.23419e+06             0
   0.000488348       13206.4   3.23537e+06             0
   0.000488471       13205.6   3.23656e+06             0
   0.000488594       13204.9   3.23774e+06             0
   0.000488716       13204.1   3.23893e+06             0
   0.000488839       13203.3   3.24011e+06             0
   0.000488962       13202.6    3.2413e+06             0
   0.000489084       13201.8   3.24248e+06             0
   0.000489207       13201.1   3.24367e+06             0
    0.00048933       13200.3   3.24485e+06             0
   0.000489452       13199.5   3.24603e+06             0
   0.000489575       13198.8   3.24722e+06             0
   0.000489698         13198    3.2484e+06             0
    0.00048982       13197.2   3.24958e+06             0
   0.000489943       13196.5   3.25076e+06             0
   0.000490066       13195.7   3.25194e+06             0
   0.000490188       13194.9   3.25312e+06             0
   0.000490311       13194.2    3.2543e+06             0
   0.000490434       13193.4   3.25548e+06             0
   0.000490556       13192.6   3.25666e+06             0
   0.000490679       13191.8   3.25784e+06             0
   0.000490802       13191.1   3.25902e+06             0
   0.000490925       13190.3   3.26019e+06             0
   0.000491047       13189.5   3.26137e+06             0
    0.00049117       13188.8   3.26255e+06             0
   0.000491293         13188   3.26372e+06             0
   0.000491415       13187.2   3.26489e+06             0
   0.000491538       13186.5   3.26607e+06             0
   0.000491661       13185.7   3.26724e+06             0
   0.000491784       13184.9   3.26841e+06             0
   0.000491906       13184.1   3.26958e+06             0
   0.000492029       13183.4   3.27075e+06             0
   0.000492152       13182.6   3.27192e+06             0
   0.000492275       13181.8   3.27309e+06             0
   0.000492397       13181.1   3.27426e+06             0
    0.00049252       13180.3   3.27543e+06             0
   0.000492643       13179.5    3.2766e+06             0
   0.000492765       13178.7   3.27777e+06             0
   0.000492888         13178   3.27895e+06             0
   0.000493011       13177.2   3.28012e+06             0
   0.000493134       13176.4   3.28129e+06             0
   0.000493256       13175.6   3.28247e+06             0
   0.000493379       13174.9   3.28364e+06             0
   0.000493502       13174.1   3.28482e+06             0
   0.000493625       13173.3   3.28599e+06             0
   0.000493747       13172.5   3.28717e+06             0
    0.00049387       13171.8   3.28834e+06             0
   0.000493993         13171   3.28951e+06             0
   0.000494116       13170.2   3.29069e+06             0
   0.000494238       13169.4   3.29186e+06             0
   0.000494361       13168.7   3.29303e+06             0
   0.000494484       13167.9    3.2942e+06             0
   0.000494606       13167.1   3.29538e+06             0
   0.000494729       13166.3   3.29655e+06             0
   0.000494852       13165.6   3.29772e+06             0
   0.000494975       13164.8   3.29889e+06             0
   0.000495097         13164   3.30006e+06             0
    0.00049522       13163.2   3.30122e+06             0
   0.000495343       13162.5   3.30239e+06             0
   0.000495466       13161.7   3.30356e+06             0
   0.000495588       13160.9   3.30473e+06             0
   0.000495711       13160.1    3.3059e+06             0
   0.000495834       13159.4   3.30707e+06             0
   0.000495956       13158.6   3.30823e+06             0
   0.000496079       13157.8    3.3094e+06             0
   0.000496202         13157   3.31056e+06             0
   0.000496325       13156.2   3.31173e+06             0
   0.000496447       13155.5    3.3129e+06             0
    0.00049657       13154.7   3.31406e+06             0
   0.000496693       13153.9   3.31523e+06             0
   0.000496816       13153.1   3.31639e+06             0
   0.000496938       13152.4   3.31756e+06             0
   0.000497061       13151.6   3.31872e+06             0
   0.000497184       13150.8   3.31988e+06             0
   0.000497307         13150   3.32105e+06             0
   0.000497429       13149.2   3.32221e+06             0
   0.000497552       13148.5   3.32338e+06             0
   0.000497675       13147.7   3.32454e+06             0
   0.000497797       13146.9    3.3257e+06             0
    0.00049792       13146.1   3.32687e+06             0
   0.000498043       13145.3   3.32803e+06             0
   0.000498166       13144.6   3.32919e+06             0
   0.000498288       13143.8   3.33036e+06             0
   0.000498411         13143   3.33152e+06             0
   0.000498534       13142.2   3.33268e+06             0
   0.000498657       13141.4   3.33385e+06             0
   0.000498779       13140.7   3.33501e+06             0
   0.000498902       13139.9   3.33617e+06             0
   0.000499025       13139.1   3.33733e+06             0
   0.000499148       13138.3   3.33849e+06             0
    0.00049927       13137.5   3.33965e+06             0
   0.000499393       13136.8   3.34082e+06             0
   0.000499516         13136   3.34198e+06             0
   0.000499638       13135.2   3.34314e+06             0
   0.000499761       13134.4    3.3443e+06             0
   0.000499884       13133.6   3.34547e+06             0
   0.000500007       13132.8   3.34663e+06             0
   0.000500129       13132.1   3.34779e+06             0
   0.000500252       13131.3   3.34895e+06             0
   0.000500375       13130.5   3.35011e+06             0
   0.000500498       13129.7   3.35127e+06             0
    0.00050062       13128.9   3.35243e+06             0
   0.000500743       13128.1   3.35359e+06             0
   0.000500866       13127.4   3.35475e+06             0
   0.000500988       13126.6   3.35591e+06             0
   0.000501111       13125.8   3.35707e+06             0
   0.000501234         13125   3.35823e+06             0
   0.000501357       13124.2   3.35939e+06             0
   0.000501479       13123.4   3.36055e+06             0
   0.000501602       13122.7   3.36171e+06             0
   0.000501725       13121.9   3.36287e+06             0
   0.000501848       13121.1   3.36403e+06             0
    0.00050197       13120.3   3.36518e+06             0
   0.000502093       13119.5   3.36634e+06             0
   0.000502216       13118.7    3.3675e+06             0
   0.000502339       13117.9   3.36866e+06             0
   0.000502461       13117.1   3.36981e+06             0
   0.000502584       13116.4   3.37097e+06             0
   0.000502707       13115.6   3.37213e+06             0
    0.00050283       13114.8   3.37328e+06             0
   0.000502952         13114   3.37444e+06             0
   0.000503075       13113.2    3.3756e+06             0
   0.000503198       13112.4   3.37676e+06             0
   0.000503321       13111.6   3.37791e+06             0
   0.000503443       13110.8   3.37907e+06             0
   0.000503566       13110.1   3.38023e+06             0
   0.000503689       13109.3   3.38139e+06             0
   0.000503812       13108.5   3.38255e+06             0
   0.000503934       13107.7   3.38371e+06             0
   0.000504057       13106.9   3.38487e+06             0
    0.00050418       13106.1   3.38603e+06             0
   0.000504302       13105.3   3.38719e+06             0
   0.000504425       13104.5   3.38835e+06             0
   0.000504548       13103.7   3.38951e+06             0
   0.000504671       13102.9   3.39067e+06             0
   0.000504793       13102.2   3.39183e+06             0
   0.000504916       13101.4   3.39299e+06             0
   0.000505039       13100.6   3.39415e+06             0
   0.000505162       13099.8   3.39531e+06             0
   0.000505284         13099   3.39647e+06             0
   0.000505407       13098.2   3.39763e+06             0
    0.00050553       13097.4   3.39879e+06             0
   0.000505653       13096.6   3.39995e+06             0
   0.000505775       13095.8   3.40111e+06             0
   0.000505898         13095   3.40227e+06             0
   0.000506021       13094.2   3.40343e+06             0
   0.000506144       13093.4   3.40459e+06             0
   0.000506266       13092.6   3.40575e+06             0
   0.000506389       13091.8   3.40691e+06             0
   0.000506512         13091   3.40807e+06             0
   0.000506635       13090.2   3.40923e+06             0
   0.000506757       13089.4   3.41039e+06             0
    0.00050688       13088.6   3.41155e+06             0
   0.000507003       13087.9   3.41271e+06             0
   0.000507126       13087.1   3.41387e+06             0
   0.000507248       13086.3   3.41503e+06             0
   0.000507371       13085.5   3.41619e+06             0
   0.000507494       13084.7   3.41734e+06             0
   0.000507617       13083.9    3.4185e+06             0
   0.000507739       13083.1   3.41966e+06             0
   0.000507862       13082.3   3.42082e+06             0
   0.000507985       13081.5   3.42197e+06             0
   0.000508108       13080.7   3.42313e+06             0
    0.00050823       13079.9   3.42428e+06             0
   0.000508353       13079.1   3.42544e+06             0
   0.000508476       13078.3   3.42659e+06             0
   0.000508599       13077.5   3.42775e+06             0
   0.000508721       13076.7    3.4289e+06             0
   0.000508844       13075.9   3.43006e+06             0
   0.000508967       13075.1   3.43121e+06             0
    0.00050909       13074.3   3.43237e+06             0
   0.000509212       13073.5   3.43352e+06             0
   0.000509335       13072.7   3.43467e+06             0
   0.000509458       13071.9   3.43583e+06             0
   0.000509581       13071.1   3.43698e+06             0
   0.000509704       13070.2   3.43813e+06             0
   0.000509826       13069.4   3.43928e+06             0
   0.000509949       13068.6   3.44043e+06             0
   0.000510072       13067.8   3.44159e+06             0
   0.000510195         13067   3.44274e+06             0
   0.000510317       13066.2   3.44389e+06             0
    0.00051044       13065.4   3.44505e+06             0
   0.000510563       13064.6    3.4462e+06             0
   0.000510686       13063.8   3.44736e+06             0
   0.000510808         13063   3.44851e+06             0
   0.000510931       13062.2   3.44967e+06             0
   0.000511054       13061.4   3.45083e+06             0
   0.000511177       13060.6   3.45198e+06             0
   0.000511299       13059.8   3.45314e+06             0
   0.000511422         13059    3.4543e+06             0
   0.000511545       13058.2   3.45545e+06             0
   0.000511668       13057.4   3.45661e+06             0
    0.00051179       13056.6   3.45777e+06             0
   0.000511913       13055.8   3.45893e+06             0
   0.000512036         13055   3.46009e+06             0
   0.000512159       13054.1   3.46125e+06             0
   0.000512282       13053.3   3.46241e+06             0
   0.000512404       13052.5   3.46357e+06             0
   0.000512527       13051.7   3.46474e+06             0
    0.00051265       13050.9    3.4659e+06             0
   0.000512773       13050.1   3.46706e+06             0
   0.000512895       13049.3   3.46822e+06             0
   0.000513018       13048.5   3.46938e+06             0
   0.000513141       13047.7   3.47055e+06             0
   0.000513264       13046.9   3.47171e+06             0
   0.000513386       13046.1   3.47287e+06             0
   0.000513509       13045.3   3.47403e+06             0
   0.000513632       13044.5    3.4752e+06             0
   0.000513755       13043.7   3.47636e+06             0
   0.000513877       13042.9   3.47753e+06             0
      0.000514         13042   3.47869e+06             0
   0.000514123       13041.2   3.47986e+06             0
   0.000514246       13040.4   3.48102e+06             0
   0.000514368       13039.6   3.48219e+06             0
   0.000514491       13038.8   3.48336e+06             0
   0.000514614         13038   3.48452e+06             0
   0.000514737       13037.2   3.48569e+06             0
    0.00051486       13036.4   3.48686e+06             0
   0.000514982       13035.6   3.48803e+06             0
   0.000515105       13034.8   3.48919e+06             0
   0.000515228       13033.9   3.49036e+06             0
   0.000515351       13033.1   3.49153e+06             0
   0.000515473       13032.3    3.4927e+06             0
   0.000515596       13031.5   3.49387e+06             0
   0.000515719       13030.7   3.49503e+06             0
   0.000515842       13029.9    3.4962e+06             0
   0.000515964       13029.1   3.49737e+06             0
   0.000516087       13028.3   3.49853e+06             0
    0.00051621       13027.4    3.4997e+06             0
   0.000516333       13026.6   3.50087e+06             0
   0.000516456       13025.8   3.50204e+06             0
   0.000516578         13025    3.5032e+06             0
   0.000516701       13024.2   3.50437e+06             0
   0.000516824       13023.4   3.50554e+06             0
   0.000516947       13022.6   3.50671e+06             0
   0.000517069       13021.7   3.50788e+06             0
   0.000517192       13020.9   3.50905e+06             0
   0.000517315       13020.1   3.51022e+06             0
   0.000517438       13019.3   3.51139e+06             0
    0.00051756       13018.5   3.51255e+06             0
   0.000517683       13017.7   3.51372e+06             0
   0.000517806       13016.8   3.51489e+06             0
   0.000517929         13016   3.51606e+06             0
   0.000518051       13015.2   3.51723e+06             0
   0.000518174       13014.4   3.51841e+06             0
   0.000518297       13013.6   3.51958e+06             0
    0.00051842       13012.8   3.52075e+06             0
   0.000518543       13011.9   3.52192e+06             0
   0.000518665       13011.1   3.52309e+06             0
   0.000518788       13010.3   3.52426e+06             0
   0.000518911       13009.5   3.52543e+06             0
   0.000519034       13008.7    3.5266e+06             0
   0.000519156       13007.8   3.52777e+06             0
   0.000519279         13007   3.52894e+06             0
   0.000519402       13006.2   3.53011e+06             0
   0.000519525       13005.4   3.53129e+06             0
   0.000519647       13004.6   3.53246e+06             0
    0.00051977       13003.7   3.53363e+06             0
   0.000519893       13002.9    3.5348e+06             0
   0.000520016       13002.1   3.53598e+06             0
   0.000520138       13001.3   3.53715e+06             0
   0.000520261       13000.5   3.53832e+06             0
   0.000520384       12999.6    3.5395e+06             0
   0.000520507       12998.8   3.54067e+06             0
   0.000520629         12998   3.54184e+06             0
   0.000520752       12997.2   3.54302e+06             0
   0.000520875       12996.3   3.54419e+06             0
   0.000520998       12995.5   3.54536e+06             0
    0.00052112       12994.7   3.54654e+06             0
   0.000521243       12993.9   3.54771e+06             0
   0.000521366         12993   3.54888e+06             0
   0.000521489       12992.2   3.55005e+06             0
   0.000521611       12991.4   3.55123e+06             0
   0.000521734       12990.6    3.5524e+06             0
   0.000521857       12989.7   3.55357e+06             0
    0.00052198       12988.9   3.55475e+06             0
   0.000522103       12988.1   3.55592e+06             0
   0.000522225       12987.3   3.55709e+06             0
   0.000522348       12986.4   3.55827e+06             0
   0.000522471       12985.6   3.55944e+06             0
   0.000522594       12984.8   3.56061e+06             0
   0.000522716       12983.9   3.56179e+06             0
   0.000522839       12983.1   3.56296e+06             0
   0.000522962       12982.3   3.56413e+06             0
   0.000523085       12981.5   3.56531e+06             0
   0.000523207       12980.6   3.56649e+06             0
    0.00052333       12979.8   3.56766e+06             0
   0.000523453         12979   3.56884e+06             0
   0.000523576       12978.1   3.57001e+06             0
   0.000523698       12977.3   3.57119e+06             0
   0.000523821       12976.5   3.57237e+06             0
   0.000523944       12975.6   3.57355e+06             0
   0.000524067       12974.8   3.57472e+06             0
   0.000524189         12974    3.5759e+06             0
   0.000524312       12973.1   3.57708e+06             0
   0.000524435       12972.3   3.57826e+06             0
   0.000524558       12971.5   3.57944e+06             0
   0.000524681       12970.6   3.58061e+06             0
   0.000524803       12969.8   3.58179e+06             0
   0.000524926         12969   3.58297e+06             0
   0.000525049       12968.1   3.58415e+06             0
   0.000525172       12967.3   3.58532e+06             0
   0.000525294       12966.5    3.5865e+06             0
   0.000525417       12965.6   3.58768e+06             0
    0.00052554       12964.8   3.58885e+06             0
   0.000525663         12964   3.59003e+06             0
   0.000525786       12963.1    3.5912e+06             0
   0.000525908       12962.3   3.59238e+06             0
   0.000526031       12961.4   3.59355e+06             0
   0.000526154       12960.6   3.59473e+06             0
   0.000526277       12959.8    3.5959e+06             0
   0.000526399       12958.9   3.59708e+06             0
   0.000526522       12958.1   3.59825e+06             0
   0.000526645       12957.2   3.59943e+06             0
   0.000526768       12956.4    3.6006e+06             0
   0.000526891       12955.6   3.60178e+06             0
   0.000527013       12954.7   3.60295e+06             0
   0.000527136       12953.9   3.60413e+06             0
   0.000527259         12953   3.60531e+06             0
   0.000527382       12952.2   3.60648e+06             0
   0.000527504       12951.3   3.60766e+06             0
   0.000527627       12950.5   3.60884e+06             0
    0.00052775       12949.7   3.61002e+06             0
   0.000527873       12948.8   3.61119e+06             0
   0.000527996         12948   3.61237e+06             0
   0.000528118       12947.1   3.61355e+06             0
   0.000528241       12946.3   3.61472e+06             0
   0.000528364       12945.4    3.6159e+06             0
   0.000528487       12944.6   3.61708e+06             0
   0.000528609       12943.7   3.61826e+06             0
   0.000528732       12942.9   3.61944e+06             0
   0.000528855       12942.1   3.62061e+06             0
   0.000528978       12941.2   3.62179e+06             0
   0.000529101       12940.4   3.62297e+06             0
   0.000529223       12939.5   3.62415e+06             0
   0.000529346       12938.7   3.62533e+06             0
   0.000529469       12937.8   3.62651e+06             0
   0.000529592         12937   3.62768e+06             0
   0.000529715       12936.1   3.62886e+06             0
   0.000529837       12935.3   3.63004e+06             0
    0.00052996       12934.4   3.63121e+06             0
   0.000530083       12933.6   3.63239e+06             0
   0.000530206       12932.7   3.63357e+06             0
   0.000530328       12931.9   3.63474e+06             0
   0.000530451         12931   3.63592e+06             0
   0.000530574       12930.2   3.63709e+06             0
   0.000530697       12929.3   3.63827e+06             0
    0.00053082       12928.5   3.63944e+06             0
   0.000530942       12927.6   3.64062e+06             0
   0.000531065       12926.8   3.64179e+06             0
   0.000531188       12925.9   3.64297e+06             0
   0.000531311       12925.1   3.64414e+06             0
   0.000531434       12924.2   3.64532e+06             0
   0.000531556       12923.4   3.64649e+06             0
   0.000531679       12922.5   3.64767e+06             0
   0.000531802       12921.7   3.64884e+06             0
   0.000531925       12920.8   3.65002e+06             0
   0.000532048         12920   3.65119e+06             0
    0.00053217       12919.1   3.65237e+06             0
   0.000532293       12918.3   3.65354e+06             0
   0.000532416       12917.4   3.65472e+06             0
   0.000532539       12916.6   3.65589e+06             0
   0.000532662       12915.7   3.65707e+06             0
   0.000532784       12914.9   3.65824e+06             0
   0.000532907         12914   3.65942e+06             0
    0.00053303       12913.1   3.66059e+06             0
   0.000533153       12912.3   3.66177e+06             0
   0.000533276       12911.4   3.66294e+06             0
   0.000533398       12910.6   3.66412e+06             0
   0.000533521       12909.7   3.66529e+06             0
   0.000533644       12908.9   3.66647e+06             0
   0.000533767         12908   3.66764e+06             0
    0.00053389       12907.2   3.66882e+06             0
   0.000534012       12906.3   3.66999e+06             0
   0.000534135       12905.4   3.67117e+06             0
   0.000534258       12904.6   3.67235e+06             0
   0.000534381       12903.7   3.67352e+06             0
   0.000534504       12902.9   3.67469e+06             0
   0.000534626         12902   3.67587e+06             0
   0.000534749       12901.2   3.67704e+06             0
   0.000534872       12900.3   3.67822e+06             0
   0.000534995       12899.4   3.67939e+06             0
   0.000535118       12898.6   3.68056e+06             0
    0.00053524       12897.7   3.68174e+06             0
   0.000535363       12896.9   3.68291e+06             0
   0.000535486         12896   3.68408e+06             0
   0.000535609       12895.1   3.68526e+06             0
   0.000535732       12894.3   3.68643e+06             0
   0.000535854       12893.4    3.6876e+06             0
   0.000535977       12892.6   3.68878e+06             0
     0.0005361       12891.7   3.68995e+06             0
   0.000536223       12890.8   3.69112e+06             0
   0.000536346         12890   3.69229e+06             0
   0.000536469       12889.1   3.69347e+06             0
   0.000536591       12888.2   3.69464e+06             0
   0.000536714       12887.4   3.69581e+06             0
   0.000536837       12886.5   3.69698e+06             0
    0.00053696       12885.7   3.69815e+06             0
   0.000537083       12884.8   3.69932e+06             0
   0.000537205       12883.9   3.70048e+06             0
   0.000537328       12883.1   3.70165e+06             0
   0.000537451       12882.2   3.70282e+06             0
   0.000537574       12881.3   3.70398e+06             0
   0.000537697       12880.5   3.70515e+06             0
    0.00053782       12879.6   3.70632e+06             0
   0.000537942       12878.7   3.70748e+06             0
   0.000538065       12877.9   3.70865e+06             0
   0.000538188         12877   3.70981e+06             0
   0.000538311       12876.1   3.71097e+06             0
   0.000538434       12875.3   3.71214e+06             0
   0.000538557       12874.4    3.7133e+06             0
   0.000538679       12873.5   3.71446e+06             0
   0.000538802       12872.6   3.71563e+06             0
   0.000538925       12871.8   3.71679e+06             0
   0.000539048       12870.9   3.71795e+06             0
   0.000539171         12870   3.71911e+06             0
   0.000539294       12869.2   3.72027e+06             0
   0.000539416       12868.3   3.72143e+06             0
   0.000539539       12867.4   3.72259e+06             0
   0.000539662       12866.5   3.72375e+06             0
   0.000539785       12865.7   3.72491e+06             0
   0.000539908       12864.8   3.72607e+06             0
   0.000540031       12863.9   3.72723e+06             0
   0.000540154         12863    3.7284e+06             0
   0.000540276       12862.2   3.72956e+06             0
   0.000540399       12861.3   3.73072e+06             0
   0.000540522       12860.4   3.73188e+06             0
   0.000540645       12859.5   3.73305e+06             0
   0.000540768       12858.7   3.73421e+06             0
   0.000540891       12857.8   3.73537e+06             0
   0.000541014       12856.9   3.73654e+06             0
   0.000541136         12856    3.7377e+06             0
   0.000541259       12855.2   3.73886e+06             0
   0.000541382       12854.3   3.74003e+06             0
   0.000541505       12853.4   3.74119e+06             0
   0.000541628       12852.5   3.74236e+06             0
   0.000541751       12851.6   3.74352e+06             0
   0.000541874       12850.8   3.74469e+06             0
   0.000541996       12849.9   3.74585e+06             0
   0.000542119         12849   3.74702e+06             0
   0.000542242       12848.1   3.74818e+06             0
   0.000542365       12847.2   3.74934e+06             0
   0.000542488       12846.4   3.75051e+06             0
   0.000542611       12845.5   3.75167e+06             0
   0.000542734       12844.6   3.75283e+06             0
   0.000542857       12843.7   3.75399e+06             0
   0.000542979       12842.8   3.75515e+06             0
   0.000543102       12841.9   3.75631e+06             0
   0.000543225         12841   3.75747e+06             0
   0.000543348       12840.2   3.75863e+06             0
   0.000543471       12839.3   3.75979e+06             0
   0.000543594       12838.4   3.76095e+06             0
   0.000543717       12837.5   3.76211e+06             0
    0.00054384       12836.6   3.76327e+06             0
   0.000543963       12835.7   3.76443e+06             0
   0.000544085       12834.8   3.76558e+06             0
   0.000544208       12833.9   3.76674e+06             0
   0.000544331       12833.1    3.7679e+06             0
   0.000544454       12832.2   3.76905e+06             0
   0.000544577       12831.3   3.77021e+06             0
     0.0005447       12830.4   3.77136e+06             0
   0.000544823       12829.5   3.77252e+06             0
   0.000544946       12828.6   3.77367e+06             0
   0.000545069       12827.7   3.77482e+06             0
   0.000545192       12826.8   3.77598e+06             0
   0.000545314       12825.9   3.77713e+06             0
   0.000545437         12825   3.77828e+06             0
    0.00054556       12824.1   3.77943e+06             0
   0.000545683       12823.2   3.78059e+06             0
   0.000545806       12822.3   3.78174e+06             0
   0.000545929       12821.4   3.78289e+06             0
   0.000546052       12820.5   3.78404e+06             0
   0.000546175       12819.6   3.78519e+06             0
   0.000546298       12818.7   3.78634e+06             0
   0.000546421       12817.9    3.7875e+06             0
   0.000546544         12817   3.78865e+06             0
   0.000546666       12816.1    3.7898e+06             0
   0.000546789       12815.2   3.79095e+06             0
   0.000546912       12814.3    3.7921e+06             0
   0.000547035       12813.4   3.79326e+06             0
   0.000547158       12812.5   3.79441e+06             0
   0.000547281       12811.6   3.79556e+06             0
   0.000547404       12810.7   3.79671e+06             0
   0.000547527       12809.8   3.79786e+06             0
    0.00054765       12808.9     3.799e+06             0
   0.000547773         12808   3.80015e+06             0
   0.000547896       12807.1    3.8013e+06             0
   0.000548019       12806.2   3.80245e+06             0
   0.000548141       12805.3   3.80359e+06             0
   0.000548264       12804.3   3.80474e+06             0
   0.000548387       12803.4   3.80588e+06             0
    0.00054851       12802.5   3.80703e+06             0
   0.000548633       12801.6   3.80817e+06             0
   0.000548756       12800.7   3.80931e+06             0
   0.000548879       12799.8   3.81046e+06             0
   0.000549002       12798.9    3.8116e+06             0
   0.000549125         12798   3.81274e+06             0
   0.000549248       12797.1   3.81388e+06             0
   0.000549371       12796.2   3.81502e+06             0
   0.000549494       12795.3   3.81616e+06             0
   0.000549617       12794.4    3.8173e+06             0
    0.00054974       12793.5   3.81843e+06             0
   0.000549863       12792.6   3.81957e+06             0
   0.000549986       12791.7   3.82071e+06             0
   0.000550109       12790.8   3.82185e+06             0
   0.000550231       12789.9   3.82298e+06             0
   0.000550354       12788.9   3.82412e+06             0
   0.000550477         12788   3.82526e+06             0
     0.0005506       12787.1    3.8264e+06             0
   0.000550723       12786.2   3.82754e+06             0
   0.000550846       12785.3   3.82867e+06             0
   0.000550969       12784.4   3.82981e+06             0
   0.000551092       12783.5   3.83095e+06             0
   0.000551215       12782.6   3.83208e+06             0
   0.000551338       12781.7   3.83322e+06             0
   0.000551461       12780.8   3.83436e+06             0
   0.000551584       12779.8   3.83549e+06             0
   0.000551707       12778.9   3.83663e+06             0
    0.00055183         12778   3.83776e+06             0
   0.000551953       12777.1    3.8389e+06             0
   0.000552076       12776.2   3.84003e+06             0
   0.000552199       12775.3   3.84116e+06             0
   0.000552322       12774.4    3.8423e+06             0
   0.000552445       12773.4   3.84343e+06             0
   0.000552568       12772.5   3.84457e+06             0
   0.000552691       12771.6    3.8457e+06             0
   0.000552814       12770.7   3.84684e+06             0
   0.000552937       12769.8   3.84797e+06             0
    0.00055306       12768.9    3.8491e+06             0
   0.000553182       12767.9   3.85024e+06             0
   0.000553305         12767   3.85137e+06             0
   0.000553428       12766.1    3.8525e+06             0
   0.000553551       12765.2   3.85364e+06             0
   0.000553674       12764.3   3.85477e+06             0
   0.000553797       12763.3    3.8559e+06             0
    0.00055392       12762.4   3.85703e+06             0
   0.000554043       12761.5   3.85816e+06             0
   0.000554166       12760.6   3.85929e+06             0
   0.000554289       12759.7   3.86042e+06             0
   0.000554412       12758.7   3.86155e+06             0
   0.000554535       12757.8   3.86268e+06             0
   0.000554658       12756.9   3.86381e+06             0
   0.000554781         12756   3.86494e+06             0
   0.000554904         12755   3.86607e+06             0
   0.000555027       12754.1    3.8672e+06             0
    0.00055515       12753.2   3.86833e+06             0
   0.000555273       12752.3   3.86946e+06             0
   0.000555396       12751.4   3.87059e+06             0
   0.000555519       12750.4   3.87172e+06             0
   0.000555642       12749.5   3.87285e+06             0
   0.000555765       12748.6   3.87398e+06             0
   0.000555888       12747.7    3.8751e+06             0
   0.000556011       12746.7   3.87623e+06             0
   0.000556134       12745.8   3.87736e+06             0
   0.000556257       12744.9   3.87849e+06             0
    0.00055638       12743.9   3.87962e+06             0
   0.000556503         12743   3.88074e+06             0
   0.000556626       12742.1   3.88187e+06             0
   0.000556749       12741.2   3.88299e+06             0
   0.000556872       12740.2   3.88412e+06             0
   0.000556995       12739.3   3.88524e+06             0
   0.000557118       12738.4   3.88637e+06             0
   0.000557241       12737.4   3.88749e+06             0
   0.000557364       12736.5   3.88862e+06             0
   0.000557487       12735.6   3.88974e+06             0
    0.00055761       12734.6   3.89086e+06             0
   0.000557733       12733.7   3.89198e+06             0
   0.000557856       12732.8   3.89311e+06             0
   0.000557979       12731.8   3.89423e+06             0
   0.000558102       12730.9   3.89535e+06             0
   0.000558225         12730   3.89646e+06             0
   0.000558348         12729   3.89758e+06             0
   0.000558471       12728.1    3.8987e+06             0
   0.000558594       12727.2   3.89982e+06             0
   0.000558717       12726.2   3.90093e+06             0
    0.00055884       12725.3   3.90205e+06             0
   0.000558963       12724.3   3.90317e+06             0
   0.000559086       12723.4   3.90429e+06             0
   0.000559209       12722.5    3.9054e+06             0
   0.000559332       12721.5   3.90652e+06             0
   0.000559455       12720.6   3.90763e+06             0
   0.000559578       12719.6   3.90875e+06             0
   0.000559701       12718.7   3.90986e+06             0
   0.000559824       12717.8   3.91098e+06             0
   0.000559947       12716.8   3.91209e+06             0
    0.00056007       12715.9    3.9132e+06             0
   0.000560193       12714.9   3.91432e+06             0
   0.000560316         12714   3.91543e+06             0
   0.000560439         12713   3.91654e+06             0
   0.000560562       12712.1   3.91766e+06             0
   0.000560685       12711.1   3.91877e+06             0
   0.000560808       12710.2   3.91988e+06             0
   0.000560931       12709.2   3.92099e+06             0
   0.000561054       12708.3   3.92211e+06             0
   0.000561177       12707.3   3.92322e+06             0
     0.0005613       12706.4   3.92433e+06             0
   0.000561423       12705.4   3.92544e+06             0
   0.000561546       12704.5   3.92655e+06             0
   0.000561669       12703.5   3.92766e+06             0
   0.000561792       12702.6   3.92877e+06             0
   0.000561915       12701.6   3.92988e+06             0
   0.000562038       12700.7   3.93099e+06             0
   0.000562161       12699.7    3.9321e+06             0
   0.000562284       12698.8   3.93321e+06             0
   0.000562407       12697.8   3.93432e+06             0
    0.00056253       12696.9   3.93543e+06             0
   0.000562653       12695.9   3.93653e+06             0
   0.000562776         12695   3.93764e+06             0
   0.000562899         12694   3.93875e+06             0
   0.000563022         12693   3.93986e+06             0
   0.000563145       12692.1   3.94097e+06             0
   0.000563268       12691.1   3.94208e+06             0
   0.000563391       12690.2   3.94319e+06             0
   0.000563514       12689.2    3.9443e+06             0
   0.000563637       12688.3   3.94541e+06             0
    0.00056376       12687.3   3.94652e+06             0
   0.000563883       12686.3   3.94763e+06             0
   0.000564006       12685.4   3.94874e+06             0
   0.000564129       12684.4   3.94985e+06             0
   0.000564252       12683.5   3.95096e+06             0
   0.000564375       12682.5   3.95207e+06             0
   0.000564498       12681.5   3.95317e+06             0
   0.000564621       12680.6   3.95428e+06             0
   0.000564744       12679.6   3.95539e+06             0
   0.000564867       12678.6    3.9565e+06             0
    0.00056499       12677.7    3.9576e+06             0
   0.000565113       12676.7   3.95871e+06             0
   0.000565236       12675.7   3.95982e+06             0
   0.000565359       12674.8   3.96092e+06             0
   0.000565482       12673.8   3.96203e+06             0
   0.000565605       12672.8   3.96314e+06             0
   0.000565728       12671.9   3.96425e+06             0
   0.000565851       12670.9   3.96535e+06             0
   0.000565974       12669.9   3.96646e+06             0
   0.000566097         12669   3.96757e+06             0
    0.00056622         12668   3.96868e+06             0
   0.000566343         12667   3.96979e+06             0
   0.000566466         12666    3.9709e+06             0
   0.000566589       12665.1   3.97201e+06             0
   0.000566712       12664.1   3.97312e+06             0
   0.000566835       12663.1   3.97423e+06             0
   0.000566958       12662.2   3.97534e+06             0
   0.000567081       12661.2   3.97646e+06             0
   0.000567204       12660.2   3.97757e+06             0
   0.000567327       12659.2   3.97868e+06             0
    0.00056745       12658.3   3.97979e+06             0
   0.000567573       12657.3    3.9809e+06             0
   0.000567696       12656.3   3.98201e+06             0
   0.000567819       12655.3   3.98313e+06             0
   0.000567942       12654.4   3.98424e+06             0
   0.000568065       12653.4   3.98535e+06             0
   0.000568188       12652.4   3.98647e+06             0
   0.000568311       12651.4   3.98759e+06             0
   0.000568434       12650.4    3.9887e+06             0
   0.000568557       12649.5   3.98982e+06             0
    0.00056868       12648.5   3.99094e+06             0
   0.000568803       12647.5   3.99205e+06             0
   0.000568926       12646.5   3.99317e+06             0
   0.000569049       12645.6   3.99429e+06             0
   0.000569172       12644.6   3.99541e+06             0
   0.000569295       12643.6   3.99653e+06             0
   0.000569418       12642.6   3.99765e+06             0
   0.000569541       12641.6   3.99877e+06             0
   0.000569664       12640.6   3.99988e+06             0
   0.000569787       12639.7     4.001e+06             0
    0.00056991       12638.7   4.00212e+06             0
   0.000570033       12637.7   4.00324e+06             0
   0.000570156       12636.7   4.00436e+06             0
   0.000570279       12635.7   4.00548e+06             0
   0.000570402       12634.7    4.0066e+06             0
   0.000570525       12633.8   4.00772e+06             0
   0.000570648       12632.8   4.00884e+06             0
   0.000570771       12631.8   4.00996e+06             0
   0.000570894       12630.8   4.01108e+06             0
   0.000571017       12629.8    4.0122e+06             0
    0.00057114       12628.8   4.01333e+06             0
   0.000571263       12627.8   4.01445e+06             0
   0.000571386       12626.9   4.01557e+06             0
   0.000571509       12625.9   4.01669e+06             0
   0.000571632       12624.9   4.01782e+06             0
   0.000571755       12623.9   4.01894e+06             0
   0.000571878       12622.9   4.02006e+06             0
   0.000572001       12621.9   4.02118e+06             0
   0.000572124       12620.9   4.02231e+06             0
   0.000572247       12619.9   4.02343e+06             0
    0.00057237       12618.9   4.02455e+06             0
   0.000572493       12617.9   4.02567e+06             0
   0.000572616       12616.9   4.02679e+06             0
   0.000572739         12616   4.02791e+06             0
   0.000572862         12615   4.02903e+06             0
   0.000572985         12614   4.03015e+06             0
   0.000573108         12613   4.03128e+06             0
   0.000573231         12612    4.0324e+06             0
   0.000573353         12611   4.03352e+06             0
   0.000573476         12610   4.03464e+06             0
   0.000573599         12609   4.03577e+06             0
   0.000573722         12608   4.03689e+06             0
   0.000573845         12607   4.03801e+06             0
   0.000573968         12606   4.03913e+06             0
   0.000574091         12605   4.04026e+06             0
   0.000574214         12604   4.04138e+06             0
   0.000574337         12603    4.0425e+06             0
    0.00057446         12602   4.04363e+06             0
   0.000574583         12601   4.04475e+06             0
   0.000574706         12600   4.04588e+06             0
   0.000574829         12599     4.047e+06             0
   0.000574952         12598   4.04813e+06             0
   0.000575075         12597   4.04925e+06             0
   0.000575198         12596   4.05037e+06             0
   0.000575321         12595    4.0515e+06             0
   0.000575444         12594   4.05262e+06             0
   0.000575567         12593   4.05375e+06             0
    0.00057569         12592   4.05487e+06             0
   0.000575813         12591     4.056e+06             0
   0.000575936       12589.9   4.05712e+06             0
   0.000576059       12588.9   4.05824e+06             0
   0.000576182       12587.9   4.05937e+06             0
   0.000576305       12586.9   4.06049e+06             0
   0.000576428       12585.9   4.06162e+06             0
   0.000576551       12584.9   4.06275e+06             0
   0.000576674       12583.9   4.06387e+06             0
   0.000576797       12582.9     4.065e+06             0
   0.000576919       12581.9   4.06612e+06             0
   0.000577042       12580.9   4.06724e+06             0
   0.000577165       12579.8   4.06837e+06             0
   0.000577288       12578.8   4.06949e+06             0
   0.000577411       12577.8   4.07062e+06             0
   0.000577534       12576.8   4.07174e+06             0
   0.000577657       12575.8   4.07287e+06             0
    0.00057778       12574.8   4.07399e+06             0
   0.000577903       12573.7   4.07511e+06             0
   0.000578026       12572.7   4.07624e+06             0
   0.000578149       12571.7   4.07736e+06             0
   0.000578272       12570.7   4.07848e+06             0
   0.000578395       12569.7   4.07961e+06             0
   0.000578518       12568.7   4.08073e+06             0
   0.000578641       12567.6   4.08186e+06             0
   0.000578764       12566.6   4.08298e+06             0
   0.000578886       12565.6    4.0841e+06             0
   0.000579009       12564.6   4.08523e+06             0
   0.000579132       12563.5   4.08635e+06             0
   0.000579255       12562.5   4.08748e+06             0
   0.000579378       12561.5    4.0886e+06             0
   0.000579501       12560.5   4.08973e+06             0
   0.000579624       12559.4   4.09085e+06             0
   0.000579747       12558.4   4.09198e+06             0
    0.00057987       12557.4    4.0931e+06             0
   0.000579993       12556.4   4.09423e+06             0
   0.000580116       12555.3   4.09536e+06             0
   0.000580239       12554.3   4.09648e+06             0
   0.000580362       12553.3   4.09761e+06             0
   0.000580484       12552.2   4.09874e+06             0
   0.000580607       12551.2   4.09987e+06             0
    0.00058073       12550.2     4.101e+06             0
   0.000580853       12549.1   4.10212e+06             0
   0.000580976       12548.1   4.10325e+06             0
   0.000581099       12547.1   4.10438e+06             0
   0.000581222         12546   4.10551e+06             0
   0.000581345         12545   4.10664e+06             0
   0.000581468         12544   4.10776e+06             0
   0.000581591       12542.9   4.10889e+06             0
   0.000581713       12541.9   4.11002e+06             0
   0.000581836       12540.9   4.11115e+06             0
   0.000581959       12539.8   4.11228e+06             0
   0.000582082       12538.8   4.11341e+06             0
   0.000582205       12537.8   4.11455e+06             0
   0.000582328       12536.7   4.11568e+06             0
   0.000582451       12535.7   4.11681e+06             0
   0.000582574       12534.6   4.11794e+06             0
   0.000582696       12533.6   4.11908e+06             0
   0.000582819       12532.6   4.12021e+06             0
   0.000582942       12531.5   4.12134e+06             0
   0.000583065       12530.5   4.12248e+06             0
   0.000583188       12529.4   4.12361e+06             0
   0.000583311       12528.4   4.12475e+06             0
   0.000583434       12527.4   4.12588e+06             0
   0.000583557       12526.3   4.12701e+06             0
   0.000583679       12525.3   4.12815e+06             0
   0.000583802       12524.2   4.12928e+06             0
   0.000583925       12523.2   4.13041e+06             0
   0.000584048       12522.1   4.13154e+06             0
   0.000584171       12521.1   4.13267e+06             0
   0.000584294         12520    4.1338e+06             0
   0.000584417         12519   4.13494e+06             0
   0.000584539       12517.9   4.13607e+06             0
   0.000584662       12516.9    4.1372e+06             0
   0.000584785       12515.9   4.13833e+06             0
   0.000584908       12514.8   4.13946e+06             0
   0.000585031       12513.8   4.14059e+06             0
   0.000585154       12512.7   4.14173e+06             0
   0.000585276       12511.7   4.14286e+06             0
   0.000585399       12510.6   4.14399e+06             0
   0.000585522       12509.6   4.14513e+06             0
   0.000585645       12508.5   4.14626e+06             0
   0.000585768       12507.5   4.14739e+06             0
   0.000585891       12506.4   4.14853e+06             0
   0.000586013       12505.3   4.14966e+06             0
   0.000586136       12504.3    4.1508e+06             0
   0.000586259       12503.2   4.15193e+06             0
   0.000586382       12502.2   4.15306e+06             0
   0.000586505       12501.1   4.15419e+06             0
   0.000586627       12500.1   4.15533e+06             0
    0.00058675         12499   4.15646e+06             0
   0.000586873         12498   4.15759e+06             0
   0.000586996       12496.9   4.15873e+06             0
   0.000587119       12495.9   4.15986e+06             0
   0.000587241       12494.8     4.161e+06             0
   0.000587364       12493.7   4.16213e+06             0
   0.000587487       12492.7   4.16326e+06             0
    0.00058761       12491.6    4.1644e+06             0
   0.000587733       12490.6   4.16553e+06             0
   0.000587855       12489.5   4.16666e+06             0
   0.000587978       12488.4    4.1678e+06             0
   0.000588101       12487.4   4.16893e+06             0
   0.000588224       12486.3   4.17007e+06             0
   0.000588346       12485.3    4.1712e+06             0
   0.000588469       12484.2   4.17234e+06             0
   0.000588592       12483.1   4.17347e+06             0
   0.000588715       12482.1    4.1746e+06             0
   0.000588838         12481   4.17574e+06             0
    0.00058896         12480   4.17687e+06             0
   0.000589083       12478.9     4.178e+06             0
   0.000589206       12477.8   4.17913e+06             0
   0.000589329       12476.8   4.18026e+06             0
   0.000589451       12475.7    4.1814e+06             0
   0.000589574       12474.6   4.18253e+06             0
   0.000589697       12473.6   4.18366e+06             0
    0.00058982       12472.5   4.18479e+06             0
   0.000589942       12471.4   4.18591e+06             0
   0.000590065       12470.4   4.18704e+06             0
   0.000590188       12469.3   4.18817e+06             0
    0.00059031       12468.3    4.1893e+06             0
   0.000590433       12467.2   4.19043e+06             0
   0.000590556       12466.1   4.19155e+06             0
   0.000590679       12465.1   4.19268e+06             0
   0.000590801         12464    4.1938e+06             0
   0.000590924       12462.9   4.19493e+06             0
   0.000591047       12461.8   4.19605e+06             0
   0.000591169       12460.8   4.19717e+06             0
   0.000591292       12459.7    4.1983e+06             0
   0.000591415       12458.6   4.19942e+06             0
   0.000591538       12457.6   4.20054e+06             0
    0.00059166       12456.5   4.20166e+06             0
   0.000591783       12455.4   4.20278e+06             0
   0.000591906       12454.4    4.2039e+06             0
   0.000592028       12453.3   4.20502e+06             0
   0.000592151       12452.2   4.20614e+06             0
   0.000592274       12451.1   4.20726e+06             0
   0.000592396       12450.1   4.20838e+06             0
   0.000592519         12449    4.2095e+06             0
   0.000592642       12447.9   4.21062e+06             0
   0.000592764       12446.9   4.21174e+06             0
   0.000592887       12445.8   4.21286e+06             0
    0.00059301       12444.7   4.21398e+06             0
   0.000593132       12443.6    4.2151e+06             0
   0.000593255       12442.6   4.21622e+06             0
   0.000593378       12441.5   4.21734e+06             0
     0.0005935       12440.4   4.21846e+06             0
   0.000593623       12439.3   4.21958e+06             0
   0.000593745       12438.3    4.2207e+06             0
   0.000593868       12437.2   4.22182e+06             0
   0.000593991       12436.1   4.22294e+06             0
   0.000594113         12435   4.22406e+06             0
   0.000594236         12434   4.22518e+06             0
   0.000594359       12432.9    4.2263e+06             0
   0.000594481       12431.8   4.22742e+06             0
   0.000594604       12430.7   4.22855e+06             0
   0.000594726       12429.7   4.22967e+06             0
   0.000594849       12428.6   4.23079e+06             0
   0.000594972       12427.5   4.23192e+06             0
   0.000595094       12426.4   4.23304e+06             0
   0.000595217       12425.3   4.23416e+06             0
   0.000595339       12424.3   4.23529e+06             0
   0.000595462       12423.2   4.23641e+06             0
   0.000595585       12422.1   4.23754e+06             0
   0.000595707         12421   4.23866e+06             0
    0.00059583       12419.9   4.23979e+06             0
   0.000595952       12418.9   4.24091e+06             0
   0.000596075       12417.8   4.24204e+06             0
   0.000596197       12416.7   4.24316e+06             0
    0.00059632       12415.6   4.24429e+06             0
   0.000596442       12414.5   4.24541e+06             0
   0.000596565       12413.5   4.24654e+06             0
   0.000596687       12412.4   4.24766e+06             0
    0.00059681       12411.3   4.24878e+06             0
   0.000596933       12410.2   4.24991e+06             0
   0.000597055       12409.1   4.25103e+06             0
   0.000597178         12408   4.25215e+06             0
     0.0005973         12407   4.25327e+06             0
   0.000597423       12405.9    4.2544e+06             0
   0.000597545       12404.8   4.25552e+06             0
   0.000597668       12403.7   4.25664e+06             0
    0.00059779       12402.6   4.25776e+06             0
   0.000597913       12401.5   4.25888e+06             0
   0.000598035       12400.4   4.26001e+06             0
   0.000598158       12399.4   4.26113e+06             0
    0.00059828       12398.3   4.26225e+06             0
   0.000598403       12397.2   4.26338e+06             0
   0.000598525       12396.1   4.26451e+06             0
   0.000598647         12395   4.26563e+06             0
    0.00059877       12393.9   4.26676e+06             0
   0.000598892       12392.8   4.26788e+06             0
   0.000599015       12391.8   4.26901e+06             0
   0.000599137       12390.7   4.27014e+06             0
    0.00059926       12389.6   4.27127e+06             0
   0.000599382       12388.5   4.27239e+06             0
   0.000599505       12387.4   4.27352e+06             0
   0.000599627       12386.3   4.27465e+06             0
   0.000599749       12385.2   4.27578e+06             0
   0.000599872       12384.1   4.27691e+06             0
   0.000599994         12383   4.27804e+06             0
   0.000600117         12382   4.27917e+06             0
   0.000600239       12380.9    4.2803e+06             0
   0.000600362       12379.8   4.28143e+06             0
   0.000600484       12378.7   4.28256e+06             0
   0.000600606       12377.6   4.28369e+06             0
   0.000600729       12376.5   4.28482e+06             0
   0.000600851       12375.4   4.28595e+06             0
   0.000600973       12374.3   4.28708e+06             0
   0.000601096       12373.2   4.28821e+06             0
   0.000601218       12372.1   4.28934e+06             0
   0.000601341         12371   4.29047e+06             0
   0.000601463         12370    4.2916e+06             0
   0.000601585       12368.9   4.29273e+06             0
   0.000601708       12367.8   4.29385e+06             0
    0.00060183       12366.7   4.29498e+06             0
   0.000601952       12365.6   4.29611e+06             0
   0.000602075       12364.5   4.29724e+06             0
   0.000602197       12363.4   4.29837e+06             0
   0.000602319       12362.3   4.29949e+06             0
   0.000602442       12361.2   4.30062e+06             0
   0.000602564       12360.1   4.30175e+06             0
   0.000602686         12359   4.30288e+06             0
   0.000602809       12357.9   4.30401e+06             0
   0.000602931       12356.8   4.30513e+06             0
   0.000603053       12355.7   4.30626e+06             0
   0.000603175       12354.6   4.30739e+06             0
   0.000603298       12353.5   4.30852e+06             0
    0.00060342       12352.4   4.30965e+06             0
   0.000603542       12351.3   4.31078e+06             0
   0.000603665       12350.2   4.31191e+06             0
   0.000603787       12349.1   4.31303e+06             0
   0.000603909         12348   4.31416e+06             0
   0.000604031       12346.9   4.31529e+06             0
   0.000604154       12345.8   4.31642e+06             0
   0.000604276       12344.7   4.31755e+06             0
   0.000604398       12343.6   4.31868e+06             0
    0.00060452       12342.5   4.31981e+06             0
   0.000604643       12341.4   4.32094e+06             0
   0.000604765       12340.3   4.32207e+06             0
   0.000604887       12339.2    4.3232e+06             0
   0.000605009       12338.1   4.32432e+06             0
   0.000605132         12337   4.32545e+06             0
   0.000605254       12335.9   4.32658e+06             0
   0.000605376       12334.8   4.32771e+06             0
   0.000605498       12333.7   4.32883e+06             0
    0.00060562       12332.6   4.32996e+06             0
   0.000605742       12331.5   4.33109e+06             0
   0.000605865       12330.4   4.33221e+06             0
   0.000605987       12329.3   4.33334e+06             0
   0.000606109       12328.2   4.33447e+06             0
   0.000606231       12327.1    4.3356e+06             0
   0.000606353         12326   4.33672e+06             0
   0.000606476       12324.9   4.33785e+06             0
   0.000606598       12323.8   4.33898e+06             0
    0.00060672       12322.7   4.34011e+06             0
   0.000606842       12321.6   4.34124e+06             0
   0.000606964       12320.4   4.34237e+06             0
   0.000607086       12319.3    4.3435e+06             0
   0.000607208       12318.2   4.34463e+06             0
    0.00060733       12317.1   4.34576e+06             0
   0.000607453         12316   4.34689e+06             0
   0.000607575       12314.9   4.34802e+06             0
   0.000607697       12313.8   4.34915e+06             0
   0.000607819       12312.7   4.35028e+06             0
   0.000607941       12311.6   4.35141e+06             0
   0.000608063       12310.5   4.35254e+06             0
   0.000608185       12309.4   4.35367e+06             0
   0.000608307       12308.3    4.3548e+06             0
   0.000608429       12307.2   4.35592e+06             0
   0.000608551       12306.1   4.35705e+06             0
   0.000608674         12305   4.35818e+06             0
   0.000608796       12303.8   4.35931e+06             0
   0.000608918       12302.7   4.36044e+06             0
    0.00060904       12301.6   4.36157e+06             0
   0.000609162       12300.5   4.36269e+06             0
   0.000609284       12299.4   4.36382e+06             0
   0.000609406       12298.3   4.36495e+06             0
   0.000609528       12297.2   4.36608e+06             0
    0.00060965       12296.1    4.3672e+06             0
   0.000609772         12295   4.36833e+06             0
   0.000609894       12293.9   4.36945e+06             0
   0.000610016       12292.8   4.37058e+06             0
   0.000610138       12291.6   4.37171e+06             0
    0.00061026       12290.5   4.37283e+06             0
   0.000610382       12289.4   4.37395e+06             0
   0.000610504       12288.3   4.37508e+06             0
   0.000610626       12287.2    4.3762e+06             0
   0.000610748       12286.1   4.37733e+06             0
    0.00061087         12285   4.37845e+06             0
   0.000610992       12283.9   4.37957e+06             0
   0.000611114       12282.8   4.38069e+06             0
   0.000611236       12281.7   4.38181e+06             0
   0.000611358       12280.5   4.38293e+06             0
    0.00061148       12279.4   4.38405e+06             0
   0.000611602       12278.3   4.38517e+06             0
   0.000611724       12277.2   4.38628e+06             0
   0.000611846       12276.1    4.3874e+06             0
   0.000611967         12275   4.38852e+06             0
   0.000612089       12273.9   4.38963e+06             0
   0.000612211       12272.8   4.39074e+06             0
   0.000612333       12271.7   4.39186e+06             0
   0.000612455       12270.5   4.39297e+06             0
   0.000612577       12269.4   4.39409e+06             0
   0.000612699       12268.3    4.3952e+06             0
   0.000612821       12267.2   4.39631e+06             0
   0.000612943       12266.1   4.39742e+06             0
   0.000613065         12265   4.39854e+06             0
   0.000613186       12263.9   4.39965e+06             0
   0.000613308       12262.7   4.40076e+06             0
    0.00061343       12261.6   4.40188e+06             0
   0.000613552       12260.5   4.40299e+06             0
   0.000613674       12259.4    4.4041e+06             0
   0.000613796       12258.3   4.40521e+06             0
   0.000613918       12257.2   4.40633e+06             0
    0.00061404       12256.1   4.40744e+06             0
   0.000614161       12254.9   4.40855e+06             0
   0.000614283       12253.8   4.40966e+06             0
   0.000614405       12252.7   4.41077e+06             0
   0.000614527       12251.6   4.41189e+06             0
   0.000614649       12250.5     4.413e+06             0
   0.000614771       12249.4   4.41411e+06             0
   0.000614892       12248.2   4.41522e+06             0
   0.000615014       12247.1   4.41633e+06             0
   0.000615136         12246   4.41744e+06             0
   0.000615258       12244.9   4.41855e+06             0
    0.00061538       12243.8   4.41966e+06             0
   0.000615501       12242.7   4.42077e+06             0
   0.000615623       12241.5   4.42188e+06             0
   0.000615745       12240.4   4.42299e+06             0
   0.000615867       12239.3    4.4241e+06             0
   0.000615988       12238.2   4.42521e+06             0
    0.00061611       12237.1   4.42632e+06             0
   0.000616232         12236   4.42743e+06             0
   0.000616354       12234.8   4.42854e+06             0
   0.000616475       12233.7   4.42964e+06             0
   0.000616597       12232.6   4.43075e+06             0
   0.000616719       12231.5   4.43186e+06             0
   0.000616841       12230.4   4.43297e+06             0
   0.000616962       12229.3   4.43407e+06             0
   0.000617084       12228.1   4.43518e+06             0
   0.000617206         12227   4.43628e+06             0
   0.000617328       12225.9   4.43739e+06             0
   0.000617449       12224.8   4.43849e+06             0
   0.000617571       12223.7   4.43959e+06             0
   0.000617693       12222.5    4.4407e+06             0
   0.000617814       12221.4    4.4418e+06             0
   0.000617936       12220.3    4.4429e+06             0
   0.000618058       12219.2     4.444e+06             0
    0.00061818       12218.1    4.4451e+06             0
   0.000618301       12216.9    4.4462e+06             0
   0.000618423       12215.8    4.4473e+06             0
   0.000618545       12214.7   4.44839e+06             0
   0.000618666       12213.6   4.44949e+06             0
   0.000618788       12212.5   4.45059e+06             0
    0.00061891       12211.3   4.45169e+06             0
   0.000619031       12210.2   4.45278e+06             0
   0.000619153       12209.1   4.45388e+06             0
   0.000619274         12208   4.45498e+06             0
   0.000619396       12206.9   4.45607e+06             0
   0.000619518       12205.7   4.45717e+06             0
   0.000619639       12204.6   4.45826e+06             0
   0.000619761       12203.5   4.45936e+06             0
   0.000619883       12202.4   4.46045e+06             0
   0.000620004       12201.2   4.46155e+06             0
   0.000620126       12200.1   4.46264e+06             0
   0.000620247         12199   4.46374e+06             0
   0.000620369       12197.9   4.46483e+06             0
   0.000620491       12196.7   4.46593e+06             0
   0.000620612       12195.6   4.46702e+06             0
   0.000620734       12194.5   4.46812e+06             0
   0.000620855       12193.4   4.46921e+06             0
   0.000620977       12192.2   4.47031e+06             0
   0.000621098       12191.1    4.4714e+06             0
    0.00062122         12190    4.4725e+06             0
   0.000621341       12188.9   4.47359e+06             0
   0.000621463       12187.7   4.47469e+06             0
   0.000621585       12186.6   4.47578e+06             0
   0.000621706       12185.5   4.47687e+06             0
   0.000621828       12184.4   4.47797e+06             0
   0.000621949       12183.2   4.47906e+06             0
   0.000622071       12182.1   4.48016e+06             0
   0.000622192         12181   4.48125e+06             0
   0.000622314       12179.9   4.48235e+06             0
   0.000622435       12178.7   4.48344e+06             0
   0.000622557       12177.6   4.48453e+06             0
   0.000622678       12176.5   4.48563e+06             0
     0.0006228       12175.4   4.48672e+06             0
   0.000622921       12174.2   4.48781e+06             0
   0.000623043       12173.1    4.4889e+06             0
   0.000623164         12172      4.49e+06             0
   0.000623285       12170.8   4.49109e+06             0
   0.000623407       12169.7   4.49218e+06             0
   0.000623528       12168.6   4.49327e+06             0
    0.00062365       12167.5   4.49436e+06             0
   0.000623771       12166.3   4.49545e+06             0
   0.000623893       12165.2   4.49654e+06             0
   0.000624014       12164.1   4.49763e+06             0
   0.000624136       12162.9   4.49871e+06             0
   0.000624257       12161.8    4.4998e+06             0
   0.000624378       12160.7   4.50089e+06             0
     0.0006245       12159.6   4.50197e+06             0
   0.000624621       12158.4   4.50306e+06             0
   0.000624743       12157.3   4.50414e+06             0
   0.000624864       12156.2   4.50523e+06             0
   0.000624985         12155   4.50631e+06             0
   0.000625107       12153.9   4.50739e+06             0
   0.000625228       12152.8   4.50847e+06             0
   0.000625349       12151.6   4.50955e+06             0
   0.000625471       12150.5   4.51063e+06             0
   0.000625592       12149.4   4.51171e+06             0
   0.000625714       12148.2   4.51279e+06             0
   0.000625835       12147.1   4.51386e+06             0
   0.000625956         12146   4.51494e+06             0
   0.000626078       12144.8   4.51602e+06             0
   0.000626199       12143.7   4.51709e+06             0
    0.00062632       12142.6   4.51816e+06             0
   0.000626442       12141.4   4.51923e+06             0
   0.000626563       12140.3   4.52031e+06             0
   0.000626684       12139.2   4.52138e+06             0
   0.000626806         12138   4.52244e+06             0
   0.000626927       12136.9   4.52351e+06             0
   0.000627048       12135.7   4.52458e+06             0
    0.00062717       12134.6   4.52564e+06             0
   0.000627291       12133.5   4.52671e+06             0
   0.000627412       12132.3   4.52777e+06             0
   0.000627533       12131.2   4.52883e+06             0
   0.000627655         12130   4.52989e+06             0
   0.000627776       12128.9   4.53096e+06             0
   0.000627897       12127.8   4.53201e+06             0
   0.000628019       12126.6   4.53307e+06             0
    0.00062814       12125.5   4.53413e+06             0
   0.000628261       12124.3   4.53519e+06             0
   0.000628382       12123.2   4.53625e+06             0
   0.000628504       12122.1   4.53731e+06             0
   0.000628625       12120.9   4.53836e+06             0
   0.000628746       12119.8   4.53942e+06             0
   0.000628867       12118.6   4.54047e+06             0
   0.000628989       12117.5   4.54152e+06             0
    0.00062911       12116.4   4.54257e+06             0
   0.000629231       12115.2   4.54362e+06             0
   0.000629352       12114.1   4.54467e+06             0
   0.000629473       12112.9   4.54571e+06             0
   0.000629595       12111.8   4.54676e+06             0
   0.000629716       12110.6    4.5478e+06             0
   0.000629837       12109.5   4.54884e+06             0
   0.000629958       12108.3   4.54988e+06             0
   0.000630079       12107.2   4.55092e+06             0
   0.000630201         12106   4.55196e+06             0
   0.000630322       12104.9     4.553e+06             0
   0.000630443       12103.7   4.55403e+06             0
   0.000630564       12102.6   4.55507e+06             0
   0.000630685       12101.4    4.5561e+06             0
   0.000630806       12100.3   4.55713e+06             0
   0.000630928       12099.1   4.55816e+06             0
   0.000631049         12098   4.55919e+06             0
    0.00063117       12096.8   4.56022e+06             0
   0.000631291       12095.7   4.56124e+06             0
   0.000631412       12094.5   4.56227e+06             0
   0.000631533       12093.4   4.56329e+06             0
   0.000631655       12092.2   4.56432e+06             0
   0.000631776       12091.1   4.56534e+06             0
   0.000631897       12089.9   4.56636e+06             0
   0.000632018       12088.8   4.56738e+06             0
   0.000632139       12087.6    4.5684e+06             0
    0.00063226       12086.5   4.56942e+06             0
   0.000632381       12085.3   4.57043e+06             0
   0.000632502       12084.1   4.57145e+06             0
   0.000632624         12083   4.57246e+06             0
   0.000632745       12081.8   4.57347e+06             0
   0.000632866       12080.7   4.57448e+06             0
   0.000632987       12079.5   4.57549e+06             0
   0.000633108       12078.4    4.5765e+06             0
   0.000633229       12077.2    4.5775e+06             0
    0.00063335         12076   4.57851e+06             0
   0.000633471       12074.9   4.57951e+06             0
   0.000633592       12073.7   4.58051e+06             0
   0.000633713       12072.6    4.5815e+06             0
   0.000633834       12071.4    4.5825e+06             0
   0.000633955       12070.2   4.58349e+06             0
   0.000634077       12069.1   4.58449e+06             0
   0.000634198       12067.9   4.58548e+06             0
   0.000634319       12066.7   4.58647e+06             0
    0.00063444       12065.6   4.58745e+06             0
   0.000634561       12064.4   4.58844e+06             0
   0.000634682       12063.2   4.58942e+06             0
   0.000634803       12062.1   4.59041e+06             0
   0.000634924       12060.9   4.59139e+06             0
   0.000635045       12059.7   4.59236e+06             0
   0.000635166       12058.6   4.59334e+06             0
   0.000635287       12057.4   4.59432e+06             0
   0.000635408       12056.2   4.59529e+06             0
   0.000635529       12055.1   4.59626e+06             0
    0.00063565       12053.9   4.59723e+06             0
   0.000635771       12052.7    4.5982e+06             0
   0.000635892       12051.5   4.59916e+06             0
   0.000636013       12050.4   4.60013e+06             0
   0.000636134       12049.2   4.60109e+06             0
   0.000636255         12048   4.60205e+06             0
   0.000636376       12046.9   4.60301e+06             0
   0.000636497       12045.7   4.60397e+06             0
   0.000636618       12044.5   4.60492e+06             0
   0.000636739       12043.3   4.60588e+06             0
    0.00063686       12042.2   4.60683e+06             0
   0.000636981         12041   4.60778e+06             0
   0.000637102       12039.8   4.60873e+06             0
   0.000637223       12038.6   4.60968e+06             0
   0.000637344       12037.5   4.61063e+06             0
   0.000637465       12036.3   4.61157e+06             0
   0.000637586       12035.1   4.61252e+06             0
   0.000637707       12033.9   4.61346e+06             0
   0.000637828       12032.8    4.6144e+06             0
   0.000637949       12031.6   4.61534e+06             0
    0.00063807       12030.4   4.61628e+06             0
   0.000638191       12029.2   4.61722e+06             0
   0.000638312         12028   4.61816e+06             0
   0.000638433       12026.9    4.6191e+06             0
   0.000638554       12025.7   4.62003e+06             0
   0.000638675       12024.5   4.62097e+06             0
   0.000638796       12023.3    4.6219e+06             0
   0.000638917       12022.1   4.62284e+06             0
   0.000639038         12021   4.62377e+06             0
   0.000639159       12019.8   4.62471e+06             0
    0.00063928       12018.6   4.62564e+06             0
   0.000639401       12017.4   4.62657e+06             0
   0.000639522       12016.2    4.6275e+06             0
   0.000639643       12015.1   4.62843e+06             0
   0.000639764       12013.9   4.62936e+06             0
   0.000639885       12012.7   4.63029e+06             0
   0.000640006       12011.5   4.63122e+06             0
   0.000640127       12010.3   4.63215e+06             0
   0.000640248       12009.2   4.63307e+06             0
   0.000640369         12008     4.634e+06             0
    0.00064049       12006.8   4.63492e+06             0
   0.000640611       12005.6   4.63585e+06             0
   0.000640732       12004.4   4.63677e+06             0
   0.000640853       12003.2   4.63769e+06             0
   0.000640974       12002.1   4.63861e+06             0
   0.000641095       12000.9   4.63953e+06             0
   0.000641216       11999.7   4.64045e+06             0
   0.000641337       11998.5   4.64137e+06             0
   0.000641458       11997.3   4.64229e+06             0
   0.000641579       11996.1    4.6432e+06             0
     0.0006417         11995   4.64412e+06             0
   0.000641821       11993.8   4.64504e+06             0
   0.000641942       11992.6   4.64595e+06             0
   0.000642063       11991.4   4.64686e+06             0
   0.000642183       11990.2   4.64778e+06             0
   0.000642304         11989   4.64869e+06             0
   0.000642425       11987.8    4.6496e+06             0
   0.000642546       11986.6   4.65051e+06             0
   0.000642667       11985.4   4.65143e+06             0
   0.000642788       11984.3   4.65234e+06             0
   0.000642909       11983.1   4.65325e+06             0
    0.00064303       11981.9   4.65416e+06             0
   0.000643151       11980.7   4.65507e+06             0
   0.000643272       11979.5   4.65597e+06             0
   0.000643393       11978.3   4.65688e+06             0
   0.000643514       11977.1   4.65779e+06             0
   0.000643635       11975.9    4.6587e+06             0
   0.000643756       11974.7   4.65961e+06             0
   0.000643877       11973.5   4.66051e+06             0
   0.000643998       11972.3   4.66142e+06             0
   0.000644119       11971.1   4.66233e+06             0
    0.00064424       11969.9   4.66323e+06             0
   0.000644361       11968.7   4.66414e+06             0
   0.000644482       11967.5   4.66504e+06             0
   0.000644603       11966.3   4.66595e+06             0
   0.000644724       11965.1   4.66685e+06             0
   0.000644845       11963.9   4.66776e+06             0
   0.000644966       11962.7   4.66866e+06             0
   0.000645087       11961.5   4.66956e+06             0
   0.000645208       11960.3   4.67047e+06             0
   0.000645329       11959.1   4.67137e+06             0
    0.00064545       11957.9   4.67227e+06             0
   0.000645571       11956.7   4.67317e+06             0
   0.000645692       11955.4   4.67408e+06             0
   0.000645813       11954.2   4.67498e+06             0
   0.000645934         11953   4.67588e+06             0
   0.000646055       11951.8   4.67678e+06             0
   0.000646176       11950.6   4.67769e+06             0
   0.000646298       11949.4   4.67859e+06             0
   0.000646419       11948.2   4.67949e+06             0
    0.00064654         11947    4.6804e+06             0
   0.000646661       11945.8    4.6813e+06             0
   0.000646782       11944.5   4.68221e+06             0
   0.000646903       11943.3   4.68311e+06             0
   0.000647024       11942.1   4.68402e+06             0
   0.000647145       11940.9   4.68492e+06             0
   0.000647266       11939.7   4.68583e+06             0
   0.000647387       11938.5   4.68673e+06             0
   0.000647508       11937.3   4.68764e+06             0
   0.000647629         11936   4.68855e+06             0
    0.00064775       11934.8   4.68946e+06             0
   0.000647871       11933.6   4.69036e+06             0
   0.000647992       11932.4   4.69127e+06             0
   0.000648113       11931.2   4.69218e+06             0
   0.000648235       11929.9   4.69309e+06             0
   0.000648356       11928.7     4.694e+06             0
   0.000648477       11927.5   4.69491e+06             0
   0.000648598       11926.3   4.69582e+06             0
   0.000648719       11925.1   4.69674e+06             0
    0.00064884       11923.8   4.69765e+06             0
   0.000648961       11922.6   4.69856e+06             0
   0.000649082       11921.4   4.69947e+06             0
   0.000649203       11920.2   4.70038e+06             0
   0.000649324       11918.9    4.7013e+06             0
   0.000649446       11917.7   4.70221e+06             0
   0.000649567       11916.5   4.70312e+06             0
   0.000649688       11915.3   4.70404e+06             0
   0.000649809         11914   4.70496e+06             0
    0.00064993       11912.8   4.70587e+06             0
   0.000650051       11911.6   4.70679e+06             0
   0.000650172       11910.4   4.70771e+06             0
   0.000650294       11909.1   4.70862e+06             0
   0.000650415       11907.9   4.70954e+06             0
   0.000650536       11906.7   4.71046e+06             0
   0.000650657       11905.4   4.71138e+06             0
   0.000650778       11904.2    4.7123e+06             0
   0.000650899         11903   4.71322e+06             0
   0.000651021       11901.7   4.71414e+06             0
   0.000651142       11900.5   4.71506e+06             0
   0.000651263       11899.3   4.71598e+06             0
   0.000651384         11898    4.7169e+06             0
   0.000651505       11896.8   4.71782e+06             0
   0.000651627       11895.6   4.71874e+06             0
   0.000651748       11894.3   4.71967e+06             0
   0.000651869       11893.1    4.7206e+06             0
    0.00065199       11891.8   4.72152e+06             0
   0.000652112       11890.6   4.72245e+06             0
   0.000652233       11889.4   4.72338e+06             0
   0.000652354       11888.1   4.72431e+06             0
   0.000652475       11886.9   4.72524e+06             0
   0.000652597       11885.6   4.72618e+06             0
   0.000652718       11884.4   4.72711e+06             0
   0.000652839       11883.1   4.72805e+06             0
    0.00065296       11881.9   4.72899e+06             0
   0.000653082       11880.6   4.72994e+06             0
   0.000653203       11879.4   4.73088e+06             0
   0.000653324       11878.2   4.73183e+06             0
   0.000653446       11876.9   4.73278e+06             0
   0.000653567       11875.7   4.73373e+06             0
   0.000653688       11874.4   4.73468e+06             0
    0.00065381       11873.2   4.73564e+06             0
   0.000653931       11871.9   4.73659e+06             0
   0.000654052       11870.7   4.73755e+06             0
   0.000654174       11869.4   4.73851e+06             0
   0.000654295       11868.2   4.73947e+06             0
   0.000654417       11866.9   4.74042e+06             0
   0.000654538       11865.6   4.74138e+06             0
   0.000654659       11864.4   4.74234e+06             0
   0.000654781       11863.1    4.7433e+06             0
   0.000654902       11861.9   4.74426e+06             0
   0.000655024       11860.6   4.74523e+06             0
   0.000655145       11859.3   4.74619e+06             0
   0.000655267       11858.1   4.74715e+06             0
   0.000655388       11856.8   4.74811e+06             0
    0.00065551       11855.6   4.74908e+06             0
   0.000655631       11854.3   4.75004e+06             0
   0.000655753         11853   4.75101e+06             0
   0.000655874       11851.8   4.75198e+06             0
   0.000655996       11850.5   4.75295e+06             0
   0.000656117       11849.2   4.75392e+06             0
   0.000656239       11847.9    4.7549e+06             0
    0.00065636       11846.7   4.75588e+06             0
   0.000656482       11845.4   4.75686e+06             0
   0.000656603       11844.1   4.75784e+06             0
   0.000656725       11842.9   4.75883e+06             0
   0.000656847       11841.6   4.75982e+06             0
   0.000656968       11840.3   4.76081e+06             0
    0.00065709         11839   4.76181e+06             0
   0.000657212       11837.8   4.76281e+06             0
   0.000657333       11836.5   4.76381e+06             0
   0.000657455       11835.2   4.76481e+06             0
   0.000657577       11833.9   4.76582e+06             0
   0.000657698       11832.7   4.76683e+06             0
    0.00065782       11831.4   4.76784e+06             0
   0.000657942       11830.1   4.76886e+06             0
   0.000658064       11828.8   4.76987e+06             0
   0.000658186       11827.5    4.7709e+06             0
   0.000658307       11826.2   4.77193e+06             0
   0.000658429         11825   4.77296e+06             0
   0.000658551       11823.7     4.774e+06             0
   0.000658673       11822.4   4.77504e+06             0
   0.000658795       11821.1   4.77609e+06             0
   0.000658917       11819.8   4.77713e+06             0
   0.000659038       11818.5   4.77819e+06             0
    0.00065916       11817.2   4.77925e+06             0
   0.000659282       11815.9   4.78031e+06             0
   0.000659404       11814.7   4.78137e+06             0
   0.000659526       11813.4   4.78244e+06             0
   0.000659648       11812.1   4.78351e+06             0
    0.00065977       11810.8   4.78459e+06             0
   0.000659891       11809.5   4.78566e+06             0
   0.000660013       11808.2   4.78675e+06             0
   0.000660135       11806.9   4.78783e+06             0
   0.000660257       11805.6   4.78891e+06             0
   0.000660379       11804.3      4.79e+06             0
     0.0006605         11803    4.7911e+06             0
   0.000660622       11801.7   4.79219e+06             0
   0.000660744       11800.4   4.79329e+06             0
   0.000660866       11799.1    4.7944e+06             0
   0.000660988       11797.8    4.7955e+06             0
    0.00066111       11796.5   4.79662e+06             0
   0.000661231       11795.2   4.79773e+06             0
   0.000661353       11793.9   4.79886e+06             0
   0.000661475       11792.6   4.79998e+06             0
   0.000661597       11791.3   4.80111e+06             0
   0.000661719         11790   4.80225e+06             0
    0.00066184       11788.7   4.80339e+06             0
   0.000661962       11787.4   4.80454e+06             0
   0.000662084       11786.1   4.80568e+06             0
   0.000662206       11784.8   4.80684e+06             0
   0.000662328       11783.5     4.808e+06             0
   0.000662449       11782.2   4.80916e+06             0
   0.000662571       11780.9   4.81033e+06             0
   0.000662693       11779.5    4.8115e+06             0
   0.000662815       11778.2   4.81268e+06             0
   0.000662936       11776.9   4.81386e+06             0
   0.000663058       11775.6   4.81505e+06             0
    0.00066318       11774.3   4.81624e+06             0
   0.000663302         11773   4.81744e+06             0
   0.000663423       11771.7   4.81864e+06             0
   0.000663545       11770.4   4.81985e+06             0
   0.000663667       11769.1   4.82106e+06             0
   0.000663789       11767.8   4.82227e+06             0
    0.00066391       11766.4    4.8235e+06             0
   0.000664032       11765.1   4.82472e+06             0
   0.000664154       11763.8   4.82596e+06             0
   0.000664276       11762.5    4.8272e+06             0
   0.000664397       11761.2   4.82844e+06             0
   0.000664519       11759.9   4.82969e+06             0
   0.000664641       11758.5   4.83095e+06             0
   0.000664763       11757.2   4.83221e+06             0
   0.000664884       11755.9   4.83348e+06             0
   0.000665006       11754.6   4.83476e+06             0
   0.000665128       11753.3   4.83603e+06             0
    0.00066525       11751.9   4.83732e+06             0
   0.000665371       11750.6   4.83861e+06             0
   0.000665493       11749.3    4.8399e+06             0
   0.000665615         11748    4.8412e+06             0
   0.000665737       11746.6   4.84251e+06             0
   0.000665858       11745.3   4.84382e+06             0
    0.00066598         11744   4.84514e+06             0
   0.000666102       11742.7   4.84646e+06             0
   0.000666224       11741.3   4.84779e+06             0
   0.000666345         11740   4.84912e+06             0
   0.000666467       11738.7   4.85046e+06             0
   0.000666589       11737.4   4.85181e+06             0
   0.000666711         11736   4.85316e+06             0
   0.000666832       11734.7   4.85452e+06             0
   0.000666954       11733.4   4.85589e+06             0
   0.000667076         11732   4.85726e+06             0
   0.000667198       11730.7   4.85863e+06             0
   0.000667319       11729.4   4.86001e+06             0
   0.000667441         11728    4.8614e+06             0
   0.000667563       11726.7   4.86279e+06             0
   0.000667685       11725.4   4.86419e+06             0
   0.000667806         11724   4.86559e+06             0
   0.000667928       11722.7     4.867e+06             0
    0.00066805       11721.4   4.86842e+06             0
   0.000668172         11720   4.86984e+06             0
   0.000668293       11718.7   4.87126e+06             0
   0.000668415       11717.4    4.8727e+06             0
   0.000668537         11716   4.87413e+06             0
   0.000668659       11714.7   4.87558e+06             0
    0.00066878       11713.4   4.87703e+06             0
   0.000668902         11712   4.87848e+06             0
   0.000669024       11710.7   4.87994e+06             0
   0.000669146       11709.4   4.88141e+06             0
   0.000669268         11708   4.88289e+06             0
   0.000669389       11706.7   4.88437e+06             0
   0.000669511       11705.3   4.88585e+06             0
   0.000669633         11704   4.88735e+06             0
   0.000669755       11702.7   4.88885e+06             0
   0.000669876       11701.3   4.89036e+06             0
   0.000669998         11700   4.89187e+06             0
    0.00067012       11698.6   4.89339e+06             0
   0.000670242       11697.3   4.89492e+06             0
   0.000670364         11696   4.89645e+06             0
   0.000670485       11694.6   4.89799e+06             0
   0.000670607       11693.3   4.89954e+06             0
   0.000670729       11691.9   4.90109e+06             0
   0.000670851       11690.6   4.90265e+06             0
   0.000670973       11689.3   4.90422e+06             0
   0.000671095       11687.9    4.9058e+06             0
   0.000671216       11686.6   4.90738e+06             0
   0.000671338       11685.2   4.90897e+06             0
    0.00067146       11683.9   4.91057e+06             0
   0.000671582       11682.5   4.91217e+06             0
   0.000671704       11681.2   4.91379e+06             0
   0.000671826       11679.9   4.91541e+06             0
   0.000671948       11678.5   4.91703e+06             0
   0.000672069       11677.2   4.91867e+06             0
   0.000672191       11675.8   4.92031e+06             0
   0.000672313       11674.5   4.92195e+06             0
   0.000672435       11673.1   4.92361e+06             0
   0.000672557       11671.8   4.92526e+06             0
   0.000672679       11670.4   4.92693e+06             0
   0.000672801       11669.1   4.92859e+06             0
   0.000672923       11667.7   4.93027e+06             0
   0.000673045       11666.4   4.93195e+06             0
   0.000673167         11665   4.93363e+06             0
   0.000673289       11663.7   4.93532e+06             0
    0.00067341       11662.3   4.93702e+06             0
   0.000673532         11661   4.93872e+06             0
   0.000673654       11659.6   4.94042e+06             0
   0.000673776       11658.3   4.94213e+06             0
   0.000673898       11656.9   4.94385e+06             0
    0.00067402       11655.6   4.94557e+06             0
   0.000674142       11654.2   4.94729e+06             0
   0.000674264       11652.9   4.94902e+06             0
   0.000674386       11651.5   4.95076e+06             0
   0.000674508       11650.1    4.9525e+06             0
    0.00067463       11648.8   4.95425e+06             0
   0.000674752       11647.4     4.956e+06             0
   0.000674874       11646.1   4.95776e+06             0
   0.000674996       11644.7   4.95952e+06             0
   0.000675118       11643.4   4.96129e+06             0
    0.00067524         11642   4.96307e+06             0
   0.000675362       11640.7   4.96485e+06             0
   0.000675484       11639.3   4.96663e+06             0
   0.000675606       11637.9   4.96843e+06             0
   0.000675728       11636.6   4.97022e+06             0
    0.00067585       11635.2   4.97202e+06             0
   0.000675972       11633.9   4.97383e+06             0
   0.000676094       11632.5   4.97564e+06             0
   0.000676216       11631.1   4.97745e+06             0
   0.000676338       11629.8   4.97927e+06             0
    0.00067646       11628.4    4.9811e+06             0
   0.000676582         11627   4.98292e+06             0
   0.000676704       11625.7   4.98476e+06             0
   0.000676826       11624.3    4.9866e+06             0
   0.000676949       11622.9   4.98844e+06             0
   0.000677071       11621.6   4.99028e+06             0
   0.000677193       11620.2   4.99214e+06             0
   0.000677315       11618.9     4.994e+06             0
   0.000677437       11617.5   4.99586e+06             0
   0.000677559       11616.1   4.99773e+06             0
   0.000677681       11614.7    4.9996e+06             0
   0.000677803       11613.4   5.00148e+06             0
   0.000677926         11612   5.00336e+06             0
   0.000678048       11610.6   5.00524e+06             0
    0.00067817       11609.3   5.00713e+06             0
   0.000678292       11607.9   5.00902e+06             0
   0.000678414       11606.5   5.01092e+06             0
   0.000678537       11605.2   5.01282e+06             0
   0.000678659       11603.8   5.01473e+06             0
   0.000678781       11602.4   5.01664e+06             0
   0.000678903         11601   5.01856e+06             0
   0.000679026       11599.7   5.02048e+06             0
   0.000679148       11598.3    5.0224e+06             0
    0.00067927       11596.9   5.02433e+06             0
   0.000679392       11595.5   5.02626e+06             0
   0.000679515       11594.2    5.0282e+06             0
   0.000679637       11592.8   5.03015e+06             0
   0.000679759       11591.4   5.03209e+06             0
   0.000679882         11590   5.03405e+06             0
   0.000680004       11588.6     5.036e+06             0
   0.000680126       11587.3   5.03796e+06             0
   0.000680248       11585.9   5.03992e+06             0
   0.000680371       11584.5   5.04189e+06             0
   0.000680493       11583.1   5.04386e+06             0
   0.000680615       11581.7   5.04583e+06             0
   0.000680737       11580.4   5.04781e+06             0
    0.00068086         11579   5.04978e+06             0
   0.000680982       11577.6   5.05177e+06             0
   0.000681104       11576.2   5.05375e+06             0
   0.000681226       11574.8   5.05574e+06             0
   0.000681348       11573.5   5.05773e+06             0
   0.000681471       11572.1   5.05973e+06             0
   0.000681593       11570.7   5.06173e+06             0
   0.000681715       11569.3   5.06373e+06             0
   0.000681837       11567.9   5.06574e+06             0
   0.000681959       11566.5   5.06775e+06             0
   0.000682082       11565.2   5.06976e+06             0
   0.000682204       11563.8   5.07177e+06             0
   0.000682326       11562.4   5.07379e+06             0
   0.000682448         11561   5.07582e+06             0
    0.00068257       11559.6   5.07784e+06             0
   0.000682693       11558.2   5.07987e+06             0
   0.000682815       11556.8   5.08191e+06             0
   0.000682937       11555.5   5.08394e+06             0
   0.000683059       11554.1   5.08598e+06             0
   0.000683181       11552.7   5.08802e+06             0
   0.000683303       11551.3   5.09006e+06             0
   0.000683425       11549.9    5.0921e+06             0
   0.000683548       11548.5   5.09414e+06             0
    0.00068367       11547.1   5.09619e+06             0
   0.000683792       11545.7   5.09824e+06             0
   0.000683914       11544.3   5.10029e+06             0
   0.000684036       11542.9   5.10234e+06             0
   0.000684158       11541.5    5.1044e+06             0
    0.00068428       11540.2   5.10646e+06             0
   0.000684402       11538.8   5.10851e+06             0
   0.000684524       11537.4   5.11057e+06             0
   0.000684646         11536   5.11263e+06             0
   0.000684769       11534.6    5.1147e+06             0
   0.000684891       11533.2   5.11676e+06             0
   0.000685013       11531.8   5.11882e+06             0
   0.000685135       11530.4   5.12089e+06             0
   0.000685257         11529   5.12296e+06             0
   0.000685379       11527.5   5.12502e+06             0
   0.000685501       11526.1    5.1271e+06             0
   0.000685623       11524.7   5.12917e+06             0
   0.000685745       11523.3   5.13124e+06             0
   0.000685867       11521.9   5.13332e+06             0
   0.000685989       11520.5    5.1354e+06             0
   0.000686111       11519.1   5.13748e+06             0
   0.000686233       11517.7   5.13956e+06             0
   0.000686355       11516.3   5.14164e+06             0
   0.000686477       11514.9   5.14372e+06             0
   0.000686599       11513.5   5.14581e+06             0
   0.000686721       11512.1   5.14789e+06             0
   0.000686843       11510.6   5.14998e+06             0
   0.000686965       11509.2   5.15207e+06             0
   0.000687087       11507.8   5.15416e+06             0
   0.000687209       11506.4   5.15625e+06             0
   0.000687331         11505   5.15834e+06             0
   0.000687453       11503.6   5.16043e+06             0
   0.000687575       11502.2   5.16252e+06             0
   0.000687697       11500.7   5.16462e+06             0
   0.000687819       11499.3   5.16671e+06             0
   0.000687941       11497.9    5.1688e+06             0
   0.000688063       11496.5    5.1709e+06             0
   0.000688185       11495.1     5.173e+06             0
   0.000688307       11493.6    5.1751e+06             0
   0.000688429       11492.2   5.17719e+06             0
   0.000688551       11490.8   5.17929e+06             0
   0.000688673       11489.4    5.1814e+06             0
   0.000688795         11488    5.1835e+06             0
   0.000688917       11486.5    5.1856e+06             0
   0.000689039       11485.1   5.18771e+06             0
   0.000689161       11483.7   5.18981e+06             0
   0.000689283       11482.3   5.19191e+06             0
   0.000689405       11480.8   5.19401e+06             0
   0.000689527       11479.4   5.19612e+06             0
   0.000689649         11478   5.19822e+06             0
   0.000689771       11476.5   5.20032e+06             0
   0.000689893       11475.1   5.20243e+06             0
   0.000690015       11473.7   5.20453e+06             0
   0.000690136       11472.2   5.20663e+06             0
   0.000690258       11470.8   5.20873e+06             0
    0.00069038       11469.4   5.21083e+06             0
   0.000690502       11467.9   5.21293e+06             0
   0.000690624       11466.5   5.21502e+06             0
   0.000690746       11465.1   5.21712e+06             0
   0.000690868       11463.6   5.21922e+06             0
    0.00069099       11462.2   5.22132e+06             0
   0.000691112       11460.7   5.22341e+06             0
   0.000691234       11459.3   5.22551e+06             0
   0.000691356       11457.8    5.2276e+06             0
   0.000691478       11456.4   5.22969e+06             0
     0.0006916         11455   5.23178e+06             0
   0.000691722       11453.5   5.23387e+06             0
   0.000691843       11452.1   5.23596e+06             0
   0.000691965       11450.6   5.23804e+06             0
   0.000692087       11449.2   5.24013e+06             0
   0.000692209       11447.7   5.24221e+06             0
   0.000692331       11446.3   5.24429e+06             0
   0.000692453       11444.8   5.24637e+06             0
   0.000692575       11443.4   5.24844e+06             0
   0.000692697       11441.9   5.25051e+06             0
   0.000692819       11440.5   5.25259e+06             0
   0.000692941         11439   5.25465e+06             0
   0.000693063       11437.6   5.25672e+06             0
   0.000693185       11436.1   5.25878e+06             0
   0.000693307       11434.6   5.26084e+06             0
   0.000693428       11433.2    5.2629e+06             0
    0.00069355       11431.7   5.26496e+06             0
   0.000693672       11430.3   5.26702e+06             0
   0.000693794       11428.8   5.26907e+06             0
   0.000693916       11427.3   5.27112e+06             0
   0.000694038       11425.9   5.27316e+06             0
    0.00069416       11424.4    5.2752e+06             0
   0.000694282       11422.9   5.27724e+06             0
   0.000694404       11421.5   5.27928e+06             0
   0.000694526         11420   5.28131e+06             0
   0.000694648       11418.5   5.28334e+06             0
   0.000694769       11417.1   5.28537e+06             0
   0.000694891       11415.6   5.28739e+06             0
   0.000695013       11414.1   5.28941e+06             0
   0.000695135       11412.7   5.29143e+06             0
   0.000695257       11411.2   5.29345e+06             0
   0.000695379       11409.7   5.29546e+06             0
   0.000695501       11408.2   5.29747e+06             0
   0.000695623       11406.8   5.29948e+06             0
   0.000695745       11405.3   5.30148e+06             0
   0.000695867       11403.8   5.30347e+06             0
   0.000695989       11402.3   5.30547e+06             0
    0.00069611       11400.8   5.30746e+06             0
   0.000696232       11399.4   5.30945e+06             0
   0.000696354       11397.9   5.31143e+06             0
   0.000696476       11396.4   5.31341e+06             0
   0.000696598       11394.9   5.31539e+06             0
    0.00069672       11393.4   5.31737e+06             0
   0.000696842       11391.9   5.31935e+06             0
   0.000696964       11390.4   5.32133e+06             0
   0.000697086       11388.9    5.3233e+06             0
   0.000697208       11387.5   5.32527e+06             0
    0.00069733         11386   5.32724e+06             0
   0.000697452       11384.5   5.32921e+06             0
   0.000697574         11383   5.33118e+06             0
   0.000697695       11381.5   5.33314e+06             0
   0.000697817         11380   5.33511e+06             0
   0.000697939       11378.5   5.33707e+06             0
   0.000698061         11377   5.33903e+06             0
   0.000698183       11375.5   5.34098e+06             0
   0.000698305         11374   5.34294e+06             0
   0.000698427       11372.5   5.34489e+06             0
   0.000698549         11371   5.34684e+06             0
   0.000698671       11369.5   5.34879e+06             0
   0.000698793         11368   5.35073e+06             0
   0.000698915       11366.5   5.35267e+06             0
   0.000699037         11365   5.35461e+06             0
   0.000699159       11363.5   5.35655e+06             0
   0.000699281         11362   5.35849e+06             0
   0.000699403       11360.5   5.36042e+06             0
   0.000699525         11359   5.36235e+06             0
   0.000699647       11357.5   5.36427e+06             0
   0.000699769       11355.9    5.3662e+06             0
   0.000699891       11354.4   5.36811e+06             0
   0.000700013       11352.9   5.37003e+06             0
   0.000700135       11351.4   5.37194e+06             0
   0.000700257       11349.9   5.37385e+06             0
   0.000700379       11348.4   5.37576e+06             0
   0.000700501       11346.9   5.37766e+06             0
   0.000700624       11345.4   5.37955e+06             0
   0.000700746       11343.8   5.38145e+06             0
   0.000700868       11342.3   5.38334e+06             0
    0.00070099       11340.8   5.38523e+06             0
   0.000701112       11339.3   5.38711e+06             0
   0.000701234       11337.7   5.38899e+06             0
   0.000701356       11336.2   5.39087e+06             0
   0.000701478       11334.7   5.39274e+06             0
     0.0007016       11333.2   5.39461e+06             0
   0.000701723       11331.7   5.39648e+06             0
   0.000701845       11330.1   5.39834e+06             0
   0.000701967       11328.6    5.4002e+06             0
   0.000702089       11327.1   5.40205e+06             0
   0.000702211       11325.5    5.4039e+06             0
   0.000702333         11324   5.40575e+06             0
   0.000702456       11322.5   5.40759e+06             0
   0.000702578       11320.9   5.40944e+06             0
     0.0007027       11319.4   5.41127e+06             0
   0.000702822       11317.9   5.41311e+06             0
   0.000702945       11316.3   5.41493e+06             0
   0.000703067       11314.8   5.41676e+06             0
   0.000703189       11313.3   5.41858e+06             0
   0.000703311       11311.7    5.4204e+06             0
   0.000703434       11310.2   5.42221e+06             0
   0.000703556       11308.6   5.42402e+06             0
   0.000703678       11307.1   5.42582e+06             0
     0.0007038       11305.6   5.42762e+06             0
   0.000703923         11304   5.42941e+06             0
   0.000704045       11302.5    5.4312e+06             0
   0.000704167       11300.9   5.43298e+06             0
    0.00070429       11299.4   5.43476e+06             0
   0.000704412       11297.8   5.43654e+06             0
   0.000704534       11296.3   5.43831e+06             0
   0.000704657       11294.7   5.44008e+06             0
   0.000704779       11293.2   5.44185e+06             0
   0.000704901       11291.6   5.44361e+06             0
   0.000705024         11290   5.44537e+06             0
   0.000705146       11288.5   5.44712e+06             0
   0.000705268       11286.9   5.44887e+06             0
   0.000705391       11285.4   5.45061e+06             0
   0.000705513       11283.8   5.45235e+06             0
   0.000705635       11282.2   5.45409e+06             0
   0.000705758       11280.7   5.45582e+06             0
    0.00070588       11279.1   5.45755e+06             0
   0.000706002       11277.5   5.45927e+06             0
   0.000706125         11276   5.46099e+06             0
   0.000706247       11274.4    5.4627e+06             0
    0.00070637       11272.8   5.46441e+06             0
   0.000706492       11271.3   5.46612e+06             0
   0.000706614       11269.7   5.46782e+06             0
   0.000706737       11268.1   5.46951e+06             0
   0.000706859       11266.5    5.4712e+06             0
   0.000706982         11265   5.47289e+06             0
   0.000707104       11263.4   5.47457e+06             0
   0.000707227       11261.8   5.47625e+06             0
   0.000707349       11260.2   5.47793e+06             0
   0.000707472       11258.7    5.4796e+06             0
   0.000707594       11257.1   5.48127e+06             0
   0.000707717       11255.5   5.48293e+06             0
   0.000707839       11253.9    5.4846e+06             0
   0.000707962       11252.3   5.48625e+06             0
   0.000708084       11250.7    5.4879e+06             0
   0.000708207       11249.2   5.48955e+06             0
   0.000708329       11247.6    5.4912e+06             0
   0.000708452         11246   5.49284e+06             0
   0.000708574       11244.4   5.49448e+06             0
   0.000708697       11242.8   5.49611e+06             0
   0.000708819       11241.2   5.49774e+06             0
   0.000708942       11239.6   5.49937e+06             0
   0.000709064         11238   5.50099e+06             0
   0.000709187       11236.5   5.50261e+06             0
   0.000709309       11234.9   5.50423e+06             0
   0.000709432       11233.3   5.50585e+06             0
   0.000709554       11231.7   5.50746e+06             0
   0.000709677       11230.1   5.50907e+06             0
   0.000709799       11228.5   5.51067e+06             0
   0.000709922       11226.9   5.51227e+06             0
   0.000710044       11225.3   5.51387e+06             0
   0.000710167       11223.7   5.51546e+06             0
   0.000710289       11222.1   5.51705e+06             0
   0.000710412       11220.5   5.51863e+06             0
   0.000710534       11218.9   5.52021e+06             0
   0.000710656       11217.3   5.52179e+06             0
   0.000710779       11215.7   5.52336e+06             0
   0.000710901       11214.1   5.52492e+06             0
   0.000711024       11212.5   5.52648e+06             0
   0.000711146       11210.9   5.52804e+06             0
   0.000711269       11209.3   5.52959e+06             0
   0.000711391       11207.7   5.53114e+06             0
   0.000711514       11206.1   5.53268e+06             0
   0.000711636       11204.5   5.53422e+06             0
   0.000711759       11202.9   5.53575e+06             0
   0.000711881       11201.3   5.53728e+06             0
   0.000712004       11199.7   5.53881e+06             0
   0.000712126       11198.1   5.54033e+06             0
   0.000712248       11196.5   5.54185e+06             0
   0.000712371       11194.9   5.54336e+06             0
   0.000712493       11193.3   5.54488e+06             0
   0.000712616       11191.7   5.54639e+06             0
   0.000712738       11190.1   5.54789e+06             0
   0.000712861       11188.5   5.54939e+06             0
   0.000712983       11186.9   5.55089e+06             0
   0.000713106       11185.3   5.55239e+06             0
   0.000713228       11183.7   5.55388e+06             0
    0.00071335         11182   5.55536e+06             0
   0.000713473       11180.4   5.55685e+06             0
   0.000713595       11178.8   5.55833e+06             0
   0.000713718       11177.2    5.5598e+06             0
    0.00071384       11175.6   5.56127e+06             0
   0.000713963         11174   5.56274e+06             0
   0.000714085       11172.4   5.56421e+06             0
   0.000714207       11170.8   5.56567e+06             0
    0.00071433       11169.2   5.56713e+06             0
   0.000714452       11167.6   5.56858e+06             0
   0.000714575       11165.9   5.57003e+06             0
   0.000714697       11164.3   5.57148e+06             0
    0.00071482       11162.7   5.57292e+06             0
   0.000714942       11161.1   5.57436e+06             0
   0.000715064       11159.5   5.57579e+06             0
   0.000715187       11157.9   5.57722e+06             0
   0.000715309       11156.3   5.57864e+06             0
   0.000715432       11154.6   5.58006e+06             0
   0.000715554         11153   5.58148e+06             0
   0.000715677       11151.4   5.58289e+06             0
   0.000715799       11149.8   5.58429e+06             0
   0.000715922       11148.2    5.5857e+06             0
   0.000716044       11146.6   5.58709e+06             0
   0.000716166       11144.9   5.58849e+06             0
   0.000716289       11143.3   5.58988e+06             0
   0.000716411       11141.7   5.59126e+06             0
   0.000716534       11140.1   5.59263e+06             0
   0.000716656       11138.4   5.59401e+06             0
   0.000716779       11136.8   5.59538e+06             0
   0.000716901       11135.2   5.59674e+06             0
   0.000717024       11133.6    5.5981e+06             0
   0.000717146       11131.9   5.59946e+06             0
   0.000717268       11130.3   5.60081e+06             0
   0.000717391       11128.7   5.60216e+06             0
   0.000717513       11127.1   5.60351e+06             0
   0.000717636       11125.4   5.60485e+06             0
   0.000717758       11123.8   5.60619e+06             0
   0.000717881       11122.2   5.60752e+06             0
   0.000718003       11120.5   5.60885e+06             0
   0.000718126       11118.9   5.61017e+06             0
   0.000718248       11117.3   5.61149e+06             0
   0.000718371       11115.6    5.6128e+06             0
   0.000718493         11114   5.61411e+06             0
   0.000718616       11112.4   5.61541e+06             0
   0.000718738       11110.7   5.61671e+06             0
   0.000718861       11109.1     5.618e+06             0
   0.000718983       11107.4   5.61929e+06             0
   0.000719106       11105.8   5.62057e+06             0
   0.000719228       11104.2   5.62184e+06             0
    0.00071935       11102.5   5.62311e+06             0
   0.000719473       11100.9   5.62437e+06             0
   0.000719595       11099.2   5.62562e+06             0
   0.000719718       11097.6   5.62687e+06             0
    0.00071984       11095.9   5.62812e+06             0
   0.000719963       11094.3   5.62936e+06             0
   0.000720085       11092.6   5.63059e+06             0
   0.000720207         11091   5.63182e+06             0
    0.00072033       11089.3   5.63304e+06             0
   0.000720452       11087.7   5.63425e+06             0
   0.000720575         11086   5.63546e+06             0
   0.000720697       11084.4   5.63666e+06             0
    0.00072082       11082.7   5.63785e+06             0
   0.000720942       11081.1   5.63904e+06             0
   0.000721065       11079.4   5.64021e+06             0
   0.000721187       11077.7   5.64139e+06             0
   0.000721309       11076.1   5.64255e+06             0
   0.000721432       11074.4   5.64371e+06             0
   0.000721554       11072.8   5.64486e+06             0
   0.000721677       11071.1     5.646e+06             0
   0.000721799       11069.4   5.64713e+06             0
   0.000721921       11067.8   5.64826e+06             0
   0.000722044       11066.1   5.64938e+06             0
   0.000722166       11064.5    5.6505e+06             0
   0.000722289       11062.8    5.6516e+06             0
   0.000722411       11061.1    5.6527e+06             0
   0.000722534       11059.5   5.65379e+06             0
   0.000722656       11057.8   5.65488e+06             0
   0.000722778       11056.1   5.65596e+06             0
   0.000722901       11054.5   5.65704e+06             0
   0.000723023       11052.8    5.6581e+06             0
   0.000723146       11051.1   5.65917e+06             0
   0.000723268       11049.5   5.66022e+06             0
   0.000723391       11047.8   5.66127e+06             0
   0.000723513       11046.1   5.66232e+06             0
   0.000723636       11044.4   5.66336e+06             0
   0.000723758       11042.8   5.66439e+06             0
    0.00072388       11041.1   5.66542e+06             0
   0.000724003       11039.4   5.66644e+06             0
   0.000724125       11037.8   5.66746e+06             0
   0.000724248       11036.1   5.66847e+06             0
    0.00072437       11034.4   5.66948e+06             0
   0.000724493       11032.7   5.67048e+06             0
   0.000724615       11031.1   5.67147e+06             0
   0.000724738       11029.4   5.67246e+06             0
    0.00072486       11027.7   5.67344e+06             0
   0.000724983         11026   5.67442e+06             0
   0.000725105       11024.4   5.67539e+06             0
   0.000725228       11022.7   5.67636e+06             0
    0.00072535         11021   5.67732e+06             0
   0.000725472       11019.3   5.67828e+06             0
   0.000725595       11017.6   5.67923e+06             0
   0.000725717       11015.9   5.68018e+06             0
    0.00072584       11014.3   5.68112e+06             0
   0.000725962       11012.6   5.68206e+06             0
   0.000726085       11010.9     5.683e+06             0
   0.000726207       11009.2   5.68393e+06             0
    0.00072633       11007.5   5.68485e+06             0
   0.000726452       11005.8   5.68577e+06             0
   0.000726575       11004.2   5.68669e+06             0
   0.000726698       11002.5    5.6876e+06             0
    0.00072682       11000.8   5.68851e+06             0
   0.000726943       10999.1   5.68941e+06             0
   0.000727065       10997.4    5.6903e+06             0
   0.000727188       10995.7   5.69119e+06             0
    0.00072731       10994.1   5.69207e+06             0
   0.000727433       10992.4   5.69295e+06             0
   0.000727555       10990.7   5.69382e+06             0
   0.000727678         10989   5.69469e+06             0
   0.000727801       10987.3   5.69555e+06             0
   0.000727923       10985.6   5.69641e+06             0
   0.000728046       10983.9   5.69726e+06             0
   0.000728168       10982.3    5.6981e+06             0
   0.000728291       10980.6   5.69894e+06             0
   0.000728413       10978.9   5.69978e+06             0
   0.000728536       10977.2   5.70061e+06             0
   0.000728659       10975.5   5.70143e+06             0
   0.000728781       10973.8   5.70224e+06             0
   0.000728904       10972.1   5.70305e+06             0
   0.000729026       10970.5   5.70385e+06             0
   0.000729149       10968.8   5.70465e+06             0
   0.000729271       10967.1   5.70543e+06             0
   0.000729394       10965.4   5.70621e+06             0
   0.000729516       10963.7   5.70698e+06             0
   0.000729639         10962   5.70774e+06             0
   0.000729762       10960.3    5.7085e+06             0
   0.000729884       10958.6   5.70925e+06             0
   0.000730007       10956.9   5.70999e+06             0
   0.000730129       10955.2   5.71072e+06             0
   0.000730252       10953.5   5.71145e+06             0
   0.000730374       10951.8   5.71217e+06             0
   0.000730497       10950.1   5.71288e+06             0
    0.00073062       10948.4   5.71359e+06             0
   0.000730742       10946.7    5.7143e+06             0
   0.000730865         10945   5.71499e+06             0
   0.000730987       10943.3   5.71569e+06             0
    0.00073111       10941.6   5.71637e+06             0
   0.000731233       10939.9   5.71706e+06             0
   0.000731355       10938.2   5.71773e+06             0
   0.000731478       10936.5    5.7184e+06             0
     0.0007316       10934.8   5.71906e+06             0
   0.000731723       10933.1   5.71972e+06             0
   0.000731846       10931.4   5.72037e+06             0
   0.000731968       10929.6   5.72101e+06             0
   0.000732091       10927.9   5.72165e+06             0
   0.000732213       10926.2   5.72228e+06             0
   0.000732336       10924.5    5.7229e+06             0
   0.000732459       10922.8   5.72351e+06             0
   0.000732581       10921.1   5.72412e+06             0
   0.000732704       10919.4   5.72472e+06             0
   0.000732826       10917.7   5.72531e+06             0
   0.000732949         10916    5.7259e+06             0
   0.000733072       10914.2   5.72648e+06             0
   0.000733194       10912.5   5.72705e+06             0
   0.000733317       10910.8   5.72762e+06             0
    0.00073344       10909.1   5.72818e+06             0
   0.000733562       10907.4   5.72874e+06             0
   0.000733685       10905.7   5.72928e+06             0
   0.000733808         10904   5.72983e+06             0
    0.00073393       10902.2   5.73036e+06             0
   0.000734053       10900.5   5.73089e+06             0
   0.000734176       10898.8   5.73141e+06             0
   0.000734298       10897.1   5.73193e+06             0
   0.000734421       10895.4   5.73243e+06             0
   0.000734543       10893.6   5.73294e+06             0
   0.000734666       10891.9   5.73343e+06             0
   0.000734789       10890.2   5.73392e+06             0
   0.000734911       10888.5    5.7344e+06             0
   0.000735034       10886.8   5.73488e+06             0
   0.000735157         10885   5.73535e+06             0
    0.00073528       10883.3   5.73582e+06             0
   0.000735402       10881.6   5.73628e+06             0
   0.000735525       10879.9   5.73674e+06             0
   0.000735648       10878.2   5.73718e+06             0
    0.00073577       10876.4   5.73763e+06             0
   0.000735893       10874.7   5.73806e+06             0
   0.000736016         10873   5.73849e+06             0
   0.000736138       10871.3   5.73891e+06             0
   0.000736261       10869.5   5.73933e+06             0
   0.000736384       10867.8   5.73974e+06             0
   0.000736507       10866.1   5.74014e+06             0
   0.000736629       10864.4   5.74053e+06             0
   0.000736752       10862.6   5.74092e+06             0
   0.000736875       10860.9    5.7413e+06             0
   0.000736998       10859.2   5.74167e+06             0
    0.00073712       10857.4   5.74204e+06             0
   0.000737243       10855.7    5.7424e+06             0
   0.000737366         10854   5.74275e+06             0
   0.000737489       10852.3   5.74309e+06             0
   0.000737612       10850.5   5.74343e+06             0
   0.000737734       10848.8   5.74376e+06             0
   0.000737857         10847   5.74408e+06             0
    0.00073798       10845.3    5.7444e+06             0
   0.000738103       10843.6   5.74471e+06             0
   0.000738226       10841.8   5.74502e+06             0
   0.000738348       10840.1   5.74532e+06             0
   0.000738471       10838.4   5.74562e+06             0
   0.000738594       10836.6   5.74591e+06             0
   0.000738717       10834.9    5.7462e+06             0
    0.00073884       10833.1   5.74649e+06             0
   0.000738963       10831.4   5.74676e+06             0
   0.000739085       10829.7   5.74704e+06             0
   0.000739208       10827.9   5.74731e+06             0
   0.000739331       10826.2   5.74758e+06             0
   0.000739454       10824.5   5.74784e+06             0
   0.000739577       10822.8    5.7481e+06             0
   0.000739699         10821   5.74835e+06             0
   0.000739822       10819.3   5.74859e+06             0
   0.000739945       10817.6   5.74883e+06             0
   0.000740068       10815.8   5.74907e+06             0
    0.00074019       10814.1    5.7493e+06             0
   0.000740313       10812.4   5.74953e+06             0
   0.000740436       10810.6   5.74975e+06             0
   0.000740559       10808.9   5.74996e+06             0
   0.000740681       10807.2   5.75017e+06             0
   0.000740804       10805.4   5.75038e+06             0
   0.000740927       10803.7   5.75058e+06             0
   0.000741049         10802   5.75077e+06             0
   0.000741172       10800.2   5.75095e+06             0
   0.000741295       10798.5   5.75113e+06             0
   0.000741417       10796.8   5.75131e+06             0
    0.00074154         10795   5.75148e+06             0
   0.000741663       10793.3   5.75164e+06             0
   0.000741785       10791.5    5.7518e+06             0
   0.000741908       10789.8   5.75196e+06             0
   0.000742031       10788.1   5.75211e+06             0
   0.000742153       10786.3   5.75226e+06             0
   0.000742276       10784.6   5.75241e+06             0
   0.000742399       10782.8   5.75255e+06             0
   0.000742521       10781.1    5.7527e+06             0
   0.000742644       10779.4   5.75284e+06             0
   0.000742767       10777.6   5.75297e+06             0
   0.000742889       10775.9   5.75311e+06             0
   0.000743012       10774.2   5.75324e+06             0
   0.000743135       10772.4   5.75338e+06             0
   0.000743257       10770.7   5.75351e+06             0
    0.00074338         10769   5.75364e+06             0
   0.000743503       10767.2   5.75377e+06             0
   0.000743625       10765.5   5.75389e+06             0
   0.000743748       10763.8   5.75402e+06             0
   0.000743871         10762   5.75414e+06             0
   0.000743994       10760.3   5.75426e+06             0
   0.000744116       10758.6   5.75438e+06             0
   0.000744239       10756.8    5.7545e+06             0
   0.000744362       10755.1   5.75461e+06             0
   0.000744484       10753.4   5.75471e+06             0
   0.000744607       10751.6   5.75481e+06             0
    0.00074473       10749.9   5.75491e+06             0
   0.000744852       10748.2     5.755e+06             0
   0.000744975       10746.4   5.75508e+06             0
   0.000745098       10744.7   5.75515e+06             0
   0.000745221         10743   5.75522e+06             0
   0.000745343       10741.2   5.75528e+06             0
   0.000745466       10739.5   5.75533e+06             0
   0.000745589       10737.7   5.75538e+06             0
   0.000745711         10736   5.75543e+06             0
   0.000745834       10734.2   5.75547e+06             0
   0.000745957       10732.5    5.7555e+06             0
    0.00074608       10730.8   5.75553e+06             0
   0.000746202         10729   5.75555e+06             0
   0.000746325       10727.3   5.75557e+06             0
   0.000746448       10725.5   5.75558e+06             0
   0.000746571       10723.8   5.75559e+06             0
   0.000746693         10722    5.7556e+06             0
   0.000746816       10720.3    5.7556e+06             0
   0.000746939       10718.6    5.7556e+06             0
   0.000747062       10716.8   5.75561e+06             0
   0.000747184       10715.1    5.7556e+06             0
   0.000747307       10713.3    5.7556e+06             0
    0.00074743       10711.6    5.7556e+06             0
   0.000747552       10709.9    5.7556e+06             0
   0.000747675       10708.1   5.75559e+06             0
   0.000747798       10706.4   5.75558e+06             0
    0.00074792       10704.7   5.75558e+06             0
   0.000748043       10702.9   5.75557e+06             0
   0.000748166       10701.2   5.75555e+06             0
   0.000748288       10699.5   5.75554e+06             0
   0.000748411       10697.7   5.75552e+06             0
   0.000748533         10696    5.7555e+06             0
   0.000748656       10694.3   5.75547e+06             0
   0.000748778       10692.6   5.75544e+06             0
   0.000748901       10690.8   5.75541e+06             0
   0.000749024       10689.1   5.75537e+06             0
   0.000749146       10687.4   5.75532e+06             0
   0.000749269       10685.6   5.75527e+06             0
   0.000749391       10683.9   5.75522e+06             0
   0.000749514       10682.1   5.75516e+06             0
   0.000749636       10680.4   5.75509e+06             0
   0.000749759       10678.7   5.75503e+06             0
   0.000749881       10676.9   5.75496e+06             0
   0.000750004       10675.2   5.75488e+06             0
   0.000750126       10673.5    5.7548e+06             0
   0.000750248       10671.7   5.75472e+06             0
   0.000750371         10670   5.75463e+06             0
   0.000750493       10668.2   5.75454e+06             0
   0.000750616       10666.5   5.75445e+06             0
   0.000750738       10664.8   5.75435e+06             0
   0.000750861         10663   5.75425e+06             0
   0.000750983       10661.3   5.75415e+06             0
   0.000751105       10659.5   5.75404e+06             0
   0.000751228       10657.8   5.75392e+06             0
    0.00075135       10656.1   5.75381e+06             0
   0.000751473       10654.3   5.75369e+06             0
   0.000751595       10652.6   5.75357e+06             0
   0.000751717       10650.8   5.75344e+06             0
    0.00075184       10649.1   5.75331e+06             0
   0.000751962       10647.4   5.75318e+06             0
   0.000752084       10645.6   5.75305e+06             0
   0.000752207       10643.9   5.75291e+06             0
   0.000752329       10642.2   5.75277e+06             0
   0.000752451       10640.4   5.75263e+06             0
   0.000752574       10638.7   5.75248e+06             0
   0.000752696       10636.9   5.75233e+06             0
   0.000752818       10635.2   5.75217e+06             0
   0.000752941       10633.5   5.75201e+06             0
   0.000753063       10631.7   5.75185e+06             0
   0.000753185         10630   5.75168e+06             0
   0.000753308       10628.2   5.75151e+06             0
    0.00075343       10626.5   5.75133e+06             0
   0.000753552       10624.8   5.75115e+06             0
   0.000753674         10623   5.75096e+06             0
   0.000753797       10621.3   5.75077e+06             0
   0.000753919       10619.5   5.75058e+06             0
   0.000754041       10617.8   5.75038e+06             0
   0.000754163       10616.1   5.75018e+06             0
   0.000754285       10614.3   5.74998e+06             0
   0.000754408       10612.6   5.74978e+06             0
    0.00075453       10610.8   5.74957e+06             0
   0.000754652       10609.1   5.74937e+06             0
   0.000754774       10607.3   5.74916e+06             0
   0.000754896       10605.6   5.74895e+06             0
   0.000755018       10603.9   5.74874e+06             0
   0.000755141       10602.1   5.74852e+06             0
   0.000755263       10600.4   5.74831e+06             0
   0.000755385       10598.6    5.7481e+06             0
   0.000755507       10596.9   5.74788e+06             0
   0.000755629       10595.2   5.74766e+06             0
   0.000755751       10593.4   5.74744e+06             0
   0.000755873       10591.7   5.74722e+06             0
   0.000755995       10589.9     5.747e+06             0
   0.000756117       10588.2   5.74677e+06             0
   0.000756239       10586.5   5.74655e+06             0
   0.000756361       10584.7   5.74632e+06             0
   0.000756483         10583   5.74609e+06             0
   0.000756605       10581.3   5.74585e+06             0
   0.000756727       10579.5   5.74562e+06             0
   0.000756849       10577.8   5.74537e+06             0
   0.000756971       10576.1   5.74513e+06             0
   0.000757093       10574.3   5.74489e+06             0
   0.000757215       10572.6   5.74464e+06             0
   0.000757337       10570.9   5.74439e+06             0
   0.000757459       10569.1   5.74414e+06             0
   0.000757581       10567.4   5.74388e+06             0
   0.000757703       10565.6   5.74362e+06             0
   0.000757825       10563.9   5.74336e+06             0
   0.000757946       10562.2    5.7431e+06             0
   0.000758068       10560.4   5.74283e+06             0
    0.00075819       10558.7   5.74255e+06             0
   0.000758312         10557   5.74228e+06             0
   0.000758434       10555.2     5.742e+06             0
   0.000758556       10553.5   5.74172e+06             0
   0.000758677       10551.7   5.74144e+06             0
   0.000758799         10550   5.74115e+06             0
   0.000758921       10548.3   5.74087e+06             0
   0.000759043       10546.5   5.74058e+06             0
   0.000759164       10544.8    5.7403e+06             0
   0.000759286       10543.1   5.74002e+06             0
   0.000759408       10541.3   5.73973e+06             0
    0.00075953       10539.6   5.73945e+06             0
   0.000759651       10537.9   5.73916e+06             0
   0.000759773       10536.1   5.73887e+06             0
   0.000759895       10534.4   5.73858e+06             0
   0.000760016       10532.7   5.73829e+06             0
   0.000760138       10530.9     5.738e+06             0
    0.00076026       10529.2    5.7377e+06             0
   0.000760381       10527.5    5.7374e+06             0
   0.000760503       10525.7    5.7371e+06             0
   0.000760625         10524    5.7368e+06             0
   0.000760746       10522.3   5.73649e+06             0
   0.000760868       10520.6   5.73619e+06             0
    0.00076099       10518.8   5.73588e+06             0
   0.000761111       10517.1   5.73557e+06             0
   0.000761233       10515.4   5.73526e+06             0
   0.000761354       10513.6   5.73495e+06             0
   0.000761476       10511.9   5.73463e+06             0
   0.000761597       10510.2   5.73431e+06             0
   0.000761719       10508.4   5.73399e+06             0
   0.000761841       10506.7   5.73367e+06             0
   0.000761962         10505   5.73334e+06             0
   0.000762084       10503.2   5.73301e+06             0
   0.000762205       10501.5   5.73268e+06             0
   0.000762327       10499.8   5.73234e+06             0
   0.000762448         10498   5.73201e+06             0
    0.00076257       10496.3   5.73167e+06             0
   0.000762691       10494.6   5.73133e+06             0
   0.000762813       10492.8   5.73098e+06             0
   0.000762934       10491.1   5.73064e+06             0
   0.000763056       10489.4   5.73029e+06             0
   0.000763177       10487.6   5.72994e+06             0
   0.000763299       10485.9   5.72959e+06             0
    0.00076342       10484.2   5.72923e+06             0
   0.000763541       10482.4   5.72887e+06             0
   0.000763663       10480.7   5.72851e+06             0
   0.000763784         10479   5.72815e+06             0
   0.000763906       10477.2   5.72778e+06             0
   0.000764027       10475.5   5.72742e+06             0
   0.000764149       10473.7   5.72705e+06             0
    0.00076427         10472   5.72668e+06             0
   0.000764391       10470.3   5.72631e+06             0
   0.000764513       10468.5   5.72594e+06             0
   0.000764634       10466.8   5.72557e+06             0
   0.000764755       10465.1    5.7252e+06             0
   0.000764877       10463.3   5.72482e+06             0
   0.000764998       10461.6   5.72445e+06             0
    0.00076512       10459.9   5.72408e+06             0
   0.000765241       10458.1   5.72371e+06             0
   0.000765362       10456.4   5.72333e+06             0
   0.000765484       10454.7   5.72296e+06             0
   0.000765605       10452.9   5.72258e+06             0
   0.000765726       10451.2   5.72221e+06             0
   0.000765848       10449.5   5.72183e+06             0
   0.000765969       10447.7   5.72145e+06             0
    0.00076609         10446   5.72107e+06             0
   0.000766212       10444.3   5.72069e+06             0
   0.000766333       10442.5    5.7203e+06             0
   0.000766454       10440.8   5.71991e+06             0
   0.000766576       10439.1   5.71952e+06             0
   0.000766697       10437.3   5.71912e+06             0
   0.000766818       10435.6   5.71872e+06             0
    0.00076694       10433.9   5.71832e+06             0
   0.000767061       10432.1   5.71791e+06             0
   0.000767182       10430.4    5.7175e+06             0
   0.000767304       10428.6   5.71708e+06             0
   0.000767425       10426.9   5.71666e+06             0
   0.000767546       10425.2   5.71624e+06             0
   0.000767667       10423.4   5.71581e+06             0
   0.000767789       10421.7   5.71539e+06             0
    0.00076791         10420   5.71495e+06             0
   0.000768031       10418.2   5.71452e+06             0
   0.000768153       10416.5   5.71409e+06             0
   0.000768274       10414.7   5.71365e+06             0
   0.000768395         10413    5.7132e+06             0
   0.000768516       10411.3   5.71276e+06             0
   0.000768638       10409.5   5.71231e+06             0
   0.000768759       10407.8   5.71186e+06             0
    0.00076888         10406    5.7114e+06             0
   0.000769001       10404.3   5.71095e+06             0
   0.000769123       10402.6   5.71049e+06             0
   0.000769244       10400.8   5.71004e+06             0
   0.000769365       10399.1   5.70958e+06             0
   0.000769486       10397.3   5.70911e+06             0
   0.000769607       10395.6   5.70865e+06             0
   0.000769729       10393.9   5.70819e+06             0
    0.00076985       10392.1   5.70772e+06             0
   0.000769971       10390.4   5.70726e+06             0
   0.000770092       10388.7   5.70679e+06             0
   0.000770213       10386.9   5.70632e+06             0
   0.000770334       10385.2   5.70585e+06             0
   0.000770455       10383.5   5.70538e+06             0
   0.000770577       10381.7    5.7049e+06             0
   0.000770698         10380   5.70443e+06             0
   0.000770819       10378.3   5.70395e+06             0
    0.00077094       10376.5   5.70347e+06             0
   0.000771061       10374.8   5.70298e+06             0
   0.000771182         10373    5.7025e+06             0
   0.000771303       10371.3   5.70201e+06             0
   0.000771424       10369.6   5.70151e+06             0
   0.000771545       10367.8   5.70101e+06             0
   0.000771666       10366.1   5.70052e+06             0
   0.000771787       10364.4   5.70001e+06             0
   0.000771908       10362.6   5.69951e+06             0
   0.000772029       10360.9   5.69901e+06             0
    0.00077215       10359.2    5.6985e+06             0
   0.000772271       10357.4   5.69799e+06             0
   0.000772392       10355.7   5.69748e+06             0
   0.000772512       10353.9   5.69697e+06             0
   0.000772633       10352.2   5.69645e+06             0
   0.000772754       10350.5   5.69594e+06             0
   0.000772875       10348.7   5.69542e+06             0
   0.000772996         10347   5.69491e+06             0
   0.000773117       10345.3   5.69439e+06             0
   0.000773238       10343.5   5.69387e+06             0
   0.000773359       10341.8   5.69335e+06             0
   0.000773479       10340.1   5.69283e+06             0
     0.0007736       10338.3    5.6923e+06             0
   0.000773721       10336.6   5.69178e+06             0
   0.000773842       10334.8   5.69125e+06             0
   0.000773963       10333.1   5.69072e+06             0
   0.000774084       10331.4   5.69019e+06             0
   0.000774204       10329.6   5.68965e+06             0
   0.000774325       10327.9   5.68911e+06             0
   0.000774446       10326.2   5.68858e+06             0
   0.000774567       10324.4   5.68804e+06             0
   0.000774687       10322.7   5.68749e+06             0
   0.000774808         10321   5.68695e+06             0
   0.000774929       10319.2   5.68641e+06             0
    0.00077505       10317.5   5.68586e+06             0
    0.00077517       10315.8   5.68531e+06             0
   0.000775291         10314   5.68476e+06             0
   0.000775412       10312.3   5.68421e+06             0
   0.000775533       10310.6   5.68365e+06             0
   0.000775653       10308.8    5.6831e+06             0
   0.000775774       10307.1   5.68254e+06             0
   0.000775895       10305.4   5.68198e+06             0
   0.000776015       10303.6   5.68141e+06             0
   0.000776136       10301.9   5.68084e+06             0
   0.000776257       10300.1   5.68026e+06             0
   0.000776378       10298.4   5.67969e+06             0
   0.000776498       10296.7    5.6791e+06             0
   0.000776619       10294.9   5.67852e+06             0
    0.00077674       10293.2   5.67793e+06             0
    0.00077686       10291.5   5.67734e+06             0
   0.000776981       10289.7   5.67676e+06             0
   0.000777102         10288   5.67616e+06             0
   0.000777222       10286.3   5.67557e+06             0
   0.000777343       10284.5   5.67497e+06             0
   0.000777464       10282.8   5.67438e+06             0
   0.000777584         10281   5.67378e+06             0
   0.000777705       10279.3   5.67318e+06             0
   0.000777826       10277.6   5.67258e+06             0
   0.000777946       10275.8   5.67198e+06             0
   0.000778067       10274.1   5.67137e+06             0
   0.000778187       10272.3   5.67077e+06             0
   0.000778308       10270.6   5.67016e+06             0
   0.000778429       10268.9   5.66955e+06             0
   0.000778549       10267.1   5.66894e+06             0
    0.00077867       10265.4   5.66833e+06             0
   0.000778791       10263.7   5.66772e+06             0
   0.000778911       10261.9   5.66711e+06             0
   0.000779032       10260.2   5.66649e+06             0
   0.000779153       10258.4   5.66588e+06             0
   0.000779273       10256.7   5.66526e+06             0
   0.000779394         10255   5.66464e+06             0
   0.000779515       10253.2   5.66403e+06             0
   0.000779635       10251.5    5.6634e+06             0
   0.000779756       10249.8   5.66278e+06             0
   0.000779876         10248   5.66216e+06             0
   0.000779997       10246.3   5.66154e+06             0
   0.000780118       10244.6   5.66092e+06             0
   0.000780238       10242.8    5.6603e+06             0
   0.000780359       10241.1   5.65967e+06             0
    0.00078048       10239.4   5.65904e+06             0
     0.0007806       10237.6   5.65842e+06             0
   0.000780721       10235.9   5.65779e+06             0
   0.000780842       10234.2   5.65716e+06             0
   0.000780962       10232.4   5.65653e+06             0
   0.000781083       10230.7   5.65589e+06             0
   0.000781204         10229   5.65526e+06             0
   0.000781324       10227.2   5.65462e+06             0
   0.000781445       10225.5   5.65398e+06             0
   0.000781566       10223.8   5.65334e+06             0
   0.000781686         10222   5.65269e+06             0
   0.000781807       10220.3   5.65205e+06             0
   0.000781928       10218.6   5.65139e+06             0
   0.000782048       10216.8   5.65074e+06             0
   0.000782169       10215.1   5.65009e+06             0
    0.00078229       10213.4   5.64943e+06             0
    0.00078241       10211.6   5.64877e+06             0
   0.000782531       10209.9   5.64811e+06             0
   0.000782652       10208.2   5.64745e+06             0
   0.000782773       10206.4   5.64679e+06             0
   0.000782893       10204.7   5.64612e+06             0
   0.000783014         10203   5.64545e+06             0
   0.000783135       10201.2   5.64478e+06             0
   0.000783255       10199.5   5.64411e+06             0
   0.000783376       10197.8   5.64344e+06             0
   0.000783497         10196   5.64277e+06             0
   0.000783617       10194.3    5.6421e+06             0
   0.000783738       10192.6   5.64142e+06             0
   0.000783859       10190.8   5.64075e+06             0
   0.000783979       10189.1   5.64007e+06             0
     0.0007841       10187.4    5.6394e+06             0
    0.00078422       10185.7   5.63872e+06             0
   0.000784341       10183.9   5.63804e+06             0
   0.000784462       10182.2   5.63737e+06             0
   0.000784582       10180.5   5.63669e+06             0
   0.000784703       10178.7   5.63601e+06             0
   0.000784823         10177   5.63533e+06             0
   0.000784944       10175.3   5.63465e+06             0
   0.000785064       10173.6   5.63397e+06             0
   0.000785185       10171.8   5.63329e+06             0
   0.000785305       10170.1    5.6326e+06             0
   0.000785426       10168.4   5.63192e+06             0
   0.000785546       10166.7   5.63123e+06             0
   0.000785667       10164.9   5.63055e+06             0
   0.000785788       10163.2   5.62986e+06             0
   0.000785908       10161.5   5.62917e+06             0
   0.000786029       10159.8   5.62848e+06             0
   0.000786149         10158   5.62779e+06             0
    0.00078627       10156.3    5.6271e+06             0
    0.00078639       10154.6   5.62641e+06             0
    0.00078651       10152.9   5.62572e+06             0
   0.000786631       10151.1   5.62503e+06             0
   0.000786751       10149.4   5.62433e+06             0
   0.000786872       10147.7   5.62364e+06             0
   0.000786992       10145.9   5.62294e+06             0
   0.000787113       10144.2   5.62225e+06             0
   0.000787233       10142.5   5.62155e+06             0
   0.000787354       10140.8   5.62085e+06             0
   0.000787474         10139   5.62014e+06             0
   0.000787595       10137.3   5.61943e+06             0
   0.000787715       10135.6   5.61872e+06             0
   0.000787835       10133.8   5.61801e+06             0
   0.000787956       10132.1   5.61729e+06             0
   0.000788076       10130.4   5.61657e+06             0
   0.000788197       10128.7   5.61584e+06             0
   0.000788317       10126.9   5.61511e+06             0
   0.000788438       10125.2   5.61438e+06             0
   0.000788558       10123.5   5.61364e+06             0
   0.000788678       10121.7    5.6129e+06             0
   0.000788799         10120   5.61216e+06             0
   0.000788919       10118.3   5.61141e+06             0
    0.00078904       10116.5   5.61067e+06             0
    0.00078916       10114.8   5.60992e+06             0
   0.000789281         10113   5.60916e+06             0
   0.000789401       10111.3   5.60841e+06             0
   0.000789521       10109.6   5.60766e+06             0
   0.000789642       10107.8    5.6069e+06             0
   0.000789762       10106.1   5.60615e+06             0
   0.000789883       10104.4   5.60539e+06             0
   0.000790003       10102.6   5.60464e+06             0
   0.000790123       10100.9   5.60388e+06             0
   0.000790244       10099.2   5.60312e+06             0
   0.000790364       10097.4   5.60235e+06             0
   0.000790485       10095.7   5.60159e+06             0
   0.000790605       10093.9   5.60083e+06             0
   0.000790726       10092.2   5.60006e+06             0
   0.000790846       10090.5   5.59929e+06             0
   0.000790966       10088.7   5.59852e+06             0
   0.000791087         10087   5.59774e+06             0
   0.000791207       10085.3   5.59697e+06             0
   0.000791328       10083.5    5.5962e+06             0
   0.000791448       10081.8   5.59542e+06             0
   0.000791569         10080   5.59464e+06             0
   0.000791689       10078.3   5.59387e+06             0
   0.000791809       10076.6   5.59309e+06             0
    0.00079193       10074.8   5.59231e+06             0
    0.00079205       10073.1   5.59153e+06             0
   0.000792171       10071.4   5.59075e+06             0
   0.000792291       10069.6   5.58997e+06             0
   0.000792412       10067.9   5.58919e+06             0
   0.000792532       10066.1   5.58841e+06             0
   0.000792653       10064.4   5.58763e+06             0
   0.000792773       10062.7   5.58685e+06             0
   0.000792894       10060.9   5.58607e+06             0
   0.000793014       10059.2   5.58529e+06             0
   0.000793134       10057.5   5.58451e+06             0
   0.000793255       10055.7   5.58373e+06             0
   0.000793375         10054   5.58294e+06             0
   0.000793496       10052.3   5.58216e+06             0
   0.000793616       10050.5   5.58138e+06             0
   0.000793737       10048.8   5.58059e+06             0
   0.000793857       10047.1   5.57981e+06             0
   0.000793978       10045.3   5.57903e+06             0
   0.000794099       10043.6   5.57825e+06             0
   0.000794219       10041.9   5.57746e+06             0
    0.00079434       10040.1   5.57668e+06             0
    0.00079446       10038.4    5.5759e+06             0
   0.000794581       10036.7   5.57512e+06             0
   0.000794701       10034.9   5.57434e+06             0
   0.000794822       10033.2   5.57355e+06             0
   0.000794942       10031.5   5.57277e+06             0
   0.000795063       10029.7   5.57198e+06             0
   0.000795184         10028    5.5712e+06             0
   0.000795304       10026.3   5.57041e+06             0
   0.000795425       10024.6   5.56962e+06             0
   0.000795545       10022.8   5.56884e+06             0
   0.000795666       10021.1   5.56805e+06             0
   0.000795787       10019.4   5.56727e+06             0
   0.000795907       10017.6   5.56648e+06             0
   0.000796028       10015.9   5.56569e+06             0
   0.000796149       10014.2    5.5649e+06             0
   0.000796269       10012.5   5.56412e+06             0
    0.00079639       10010.7   5.56333e+06             0
   0.000796511         10009   5.56253e+06             0
   0.000796631       10007.3   5.56174e+06             0
   0.000796752       10005.5   5.56095e+06             0
   0.000796873       10003.8   5.56017e+06             0
   0.000796993       10002.1   5.55938e+06             0
   0.000797114       10000.3   5.55859e+06             0
   0.000797235       9998.62   5.55781e+06             0
   0.000797355       9996.89   5.55702e+06             0
   0.000797476       9995.17   5.55624e+06             0
   0.000797596       9993.44   5.55545e+06             0
   0.000797717       9991.71   5.55467e+06             0
   0.000797838       9989.99   5.55389e+06             0
   0.000797958       9988.26   5.55311e+06             0
   0.000798079       9986.53   5.55233e+06             0
   0.000798199        9984.8   5.55155e+06             0
    0.00079832       9983.08   5.55076e+06             0
   0.000798441       9981.35   5.54998e+06             0
   0.000798561       9979.62   5.54919e+06             0
   0.000798682       9977.89   5.54841e+06             0
   0.000798803       9976.16   5.54762e+06             0
   0.000798923       9974.43   5.54684e+06             0
   0.000799044       9972.71   5.54605e+06             0
   0.000799164       9970.98   5.54527e+06             0
   0.000799285       9969.25   5.54448e+06             0
   0.000799406       9967.52    5.5437e+06             0
   0.000799526       9965.79   5.54291e+06             0
   0.000799647       9964.06   5.54213e+06             0
   0.000799767       9962.33   5.54134e+06             0
   0.000799888        9960.6   5.54056e+06             0
   0.000800008       9958.87   5.53978e+06             0
   0.000800129       9957.14     5.539e+06             0
    0.00080025       9955.41   5.53822e+06             0
    0.00080037       9953.68   5.53744e+06             0
   0.000800491       9951.95   5.53665e+06             0
   0.000800611       9950.22   5.53588e+06             0
   0.000800732       9948.49    5.5351e+06             0
   0.000800853       9946.77   5.53432e+06             0
   0.000800973       9945.04   5.53354e+06             0
   0.000801094       9943.31   5.53277e+06             0
   0.000801214       9941.58   5.53199e+06             0
   0.000801335       9939.85   5.53122e+06             0
   0.000801456       9938.12   5.53045e+06             0
   0.000801576        9936.4   5.52968e+06             0
   0.000801697       9934.67   5.52891e+06             0
   0.000801817       9932.94   5.52814e+06             0
   0.000801938       9931.22   5.52738e+06             0
   0.000802059       9929.49   5.52661e+06             0
   0.000802179       9927.77   5.52585e+06             0
     0.0008023       9926.04   5.52509e+06             0
    0.00080242       9924.31   5.52433e+06             0
   0.000802541       9922.59   5.52356e+06             0
   0.000802662       9920.86   5.52281e+06             0
   0.000802782       9919.14   5.52205e+06             0
   0.000802903       9917.41   5.52129e+06             0
   0.000803023       9915.69   5.52053e+06             0
   0.000803144       9913.96   5.51978e+06             0
   0.000803265       9912.24   5.51903e+06             0
   0.000803385       9910.51   5.51828e+06             0
   0.000803506       9908.79   5.51753e+06             0
   0.000803627       9907.06   5.51678e+06             0
   0.000803747       9905.34   5.51603e+06             0
   0.000803868       9903.62   5.51529e+06             0
   0.000803989       9901.89   5.51454e+06             0
   0.000804109       9900.17    5.5138e+06             0
    0.00080423       9898.45   5.51306e+06             0
   0.000804351       9896.73   5.51232e+06             0
   0.000804471          9895   5.51159e+06             0
   0.000804592       9893.28   5.51085e+06             0
   0.000804713       9891.56   5.51012e+06             0
   0.000804833       9889.84   5.50939e+06             0
   0.000804954       9888.12   5.50866e+06             0
   0.000805075        9886.4   5.50793e+06             0
   0.000805196       9884.68   5.50721e+06             0
   0.000805316       9882.96   5.50648e+06             0
   0.000805437       9881.24   5.50576e+06             0
   0.000805558       9879.52   5.50504e+06             0
   0.000805679        9877.8   5.50433e+06             0
   0.000805799       9876.08   5.50361e+06             0
    0.00080592       9874.36   5.50289e+06             0
   0.000806041       9872.64   5.50218e+06             0
   0.000806162       9870.92   5.50147e+06             0
   0.000806282        9869.2   5.50076e+06             0
   0.000806403       9867.48   5.50005e+06             0
   0.000806524       9865.76   5.49934e+06             0
   0.000806645       9864.05   5.49864e+06             0
   0.000806766       9862.33   5.49794e+06             0
   0.000806886       9860.61   5.49723e+06             0
   0.000807007       9858.89   5.49654e+06             0
   0.000807128       9857.18   5.49584e+06             0
   0.000807249       9855.46   5.49514e+06             0
    0.00080737       9853.75   5.49445e+06             0
    0.00080749       9852.03   5.49376e+06             0
   0.000807611       9850.32   5.49307e+06             0
   0.000807732        9848.6   5.49239e+06             0
   0.000807853       9846.89    5.4917e+06             0
   0.000807974       9845.17   5.49101e+06             0
   0.000808095       9843.46   5.49032e+06             0
   0.000808216       9841.74   5.48964e+06             0
   0.000808336       9840.03   5.48895e+06             0
   0.000808457       9838.31   5.48826e+06             0
   0.000808578        9836.6   5.48758e+06             0
   0.000808699       9834.88   5.48689e+06             0
    0.00080882       9833.17   5.48621e+06             0
   0.000808941       9831.45   5.48552e+06             0
   0.000809062       9829.73   5.48484e+06             0
   0.000809183       9828.02   5.48416e+06             0
   0.000809304        9826.3   5.48348e+06             0
   0.000809425       9824.58   5.48279e+06             0
   0.000809546       9822.87   5.48211e+06             0
   0.000809667       9821.15   5.48143e+06             0
   0.000809788       9819.43   5.48075e+06             0
   0.000809908       9817.72   5.48007e+06             0
   0.000810029          9816   5.47938e+06             0
    0.00081015       9814.28    5.4787e+06             0
   0.000810271       9812.57   5.47801e+06             0
   0.000810392       9810.85   5.47733e+06             0
   0.000810513       9809.14   5.47664e+06             0
   0.000810634       9807.42   5.47596e+06             0
   0.000810755       9805.71   5.47527e+06             0
   0.000810876       9803.99   5.47459e+06             0
   0.000810997       9802.28    5.4739e+06             0
   0.000811119       9800.56   5.47321e+06             0
    0.00081124       9798.85   5.47252e+06             0
   0.000811361       9797.14   5.47184e+06             0
   0.000811482       9795.42   5.47115e+06             0
   0.000811603       9793.71   5.47046e+06             0
   0.000811724          9792   5.46978e+06             0
   0.000811845       9790.29    5.4691e+06             0
   0.000811966       9788.58   5.46841e+06             0
   0.000812087       9786.87   5.46774e+06             0
   0.000812208       9785.15   5.46706e+06             0
   0.000812329       9783.45   5.46638e+06             0
    0.00081245       9781.74   5.46571e+06             0
   0.000812572       9780.03   5.46504e+06             0
   0.000812693       9778.32   5.46437e+06             0
   0.000812814       9776.62    5.4637e+06             0
   0.000812935       9774.91   5.46304e+06             0
   0.000813056        9773.2   5.46238e+06             0
   0.000813177        9771.5   5.46171e+06             0
   0.000813299       9769.79   5.46105e+06             0
    0.00081342       9768.09    5.4604e+06             0
   0.000813541       9766.39   5.45974e+06             0
   0.000813662       9764.68   5.45909e+06             0
   0.000813783       9762.98   5.45844e+06             0
   0.000813905       9761.28   5.45779e+06             0
   0.000814026       9759.58   5.45715e+06             0
   0.000814147       9757.88    5.4565e+06             0
   0.000814268       9756.18   5.45586e+06             0
    0.00081439       9754.48   5.45522e+06             0
   0.000814511       9752.78   5.45458e+06             0
   0.000814632       9751.09   5.45394e+06             0
   0.000814753       9749.39   5.45331e+06             0
   0.000814875       9747.69   5.45267e+06             0
   0.000814996       9745.99   5.45203e+06             0
   0.000815117        9744.3   5.45139e+06             0
   0.000815239        9742.6   5.45076e+06             0
    0.00081536        9740.9   5.45012e+06             0
   0.000815481       9739.21   5.44949e+06             0
   0.000815603       9737.51   5.44886e+06             0
   0.000815724       9735.81   5.44823e+06             0
   0.000815845       9734.12    5.4476e+06             0
   0.000815967       9732.43   5.44697e+06             0
   0.000816088       9730.73   5.44634e+06             0
   0.000816209       9729.04   5.44571e+06             0
   0.000816331       9727.34   5.44507e+06             0
   0.000816452       9725.65   5.44444e+06             0
   0.000816573       9723.96   5.44382e+06             0
   0.000816695       9722.26   5.44319e+06             0
   0.000816816       9720.57   5.44256e+06             0
   0.000816937       9718.88   5.44193e+06             0
   0.000817059       9717.19    5.4413e+06             0
    0.00081718        9715.5   5.44067e+06             0
   0.000817301       9713.81   5.44004e+06             0
   0.000817423       9712.11   5.43941e+06             0
   0.000817544       9710.42   5.43879e+06             0
   0.000817665       9708.73   5.43816e+06             0
   0.000817787       9707.05   5.43753e+06             0
   0.000817908       9705.36   5.43691e+06             0
    0.00081803       9703.67   5.43628e+06             0
   0.000818151       9701.98   5.43565e+06             0
   0.000818272       9700.29   5.43503e+06             0
   0.000818394        9698.6    5.4344e+06             0
   0.000818515       9696.91   5.43378e+06             0
   0.000818636       9695.23   5.43316e+06             0
   0.000818758       9693.54   5.43253e+06             0
   0.000818879       9691.85   5.43191e+06             0
   0.000819001       9690.17   5.43128e+06             0
   0.000819122       9688.48   5.43066e+06             0
   0.000819243        9686.8   5.43003e+06             0
   0.000819365       9685.11   5.42941e+06             0
   0.000819486       9683.43   5.42879e+06             0
   0.000819608       9681.75   5.42816e+06             0
   0.000819729       9680.06   5.42754e+06             0
    0.00081985       9678.38   5.42692e+06             0
   0.000819972        9676.7    5.4263e+06             0
   0.000820093       9675.02   5.42567e+06             0
   0.000820215       9673.34   5.42505e+06             0
   0.000820336       9671.66   5.42443e+06             0
   0.000820458       9669.98    5.4238e+06             0
   0.000820579        9668.3   5.42318e+06             0
   0.000820701       9666.62   5.42255e+06             0
   0.000820822       9664.94   5.42193e+06             0
   0.000820943       9663.26    5.4213e+06             0
   0.000821065       9661.58   5.42067e+06             0
   0.000821186        9659.9   5.42004e+06             0
   0.000821308       9658.22   5.41941e+06             0
   0.000821429       9656.54   5.41879e+06             0
   0.000821551       9654.86   5.41816e+06             0
   0.000821672       9653.19   5.41753e+06             0
   0.000821794       9651.51   5.41691e+06             0
   0.000821915       9649.83   5.41628e+06             0
   0.000822037       9648.15   5.41565e+06             0
   0.000822158       9646.48   5.41503e+06             0
    0.00082228        9644.8    5.4144e+06             0
   0.000822401       9643.13   5.41377e+06             0
   0.000822523       9641.45   5.41315e+06             0
   0.000822644       9639.78   5.41253e+06             0
   0.000822766       9638.11    5.4119e+06             0
   0.000822887       9636.43   5.41128e+06             0
   0.000823009       9634.76   5.41066e+06             0
    0.00082313       9633.09   5.41004e+06             0
   0.000823252       9631.41   5.40942e+06             0
   0.000823373       9629.74    5.4088e+06             0
   0.000823495       9628.07   5.40818e+06             0
   0.000823617        9626.4   5.40757e+06             0
   0.000823738       9624.73   5.40696e+06             0
    0.00082386       9623.06   5.40635e+06             0
   0.000823981       9621.39   5.40574e+06             0
   0.000824103       9619.72   5.40512e+06             0
   0.000824224       9618.05   5.40451e+06             0
   0.000824346       9616.38    5.4039e+06             0
   0.000824468       9614.71   5.40329e+06             0
   0.000824589       9613.04   5.40268e+06             0
   0.000824711       9611.37   5.40207e+06             0
   0.000824832        9609.7   5.40146e+06             0
   0.000824954       9608.03   5.40085e+06             0
   0.000825076       9606.36   5.40024e+06             0
   0.000825197        9604.7   5.39964e+06             0
   0.000825319       9603.03   5.39903e+06             0
   0.000825441       9601.36   5.39843e+06             0
   0.000825562        9599.7   5.39782e+06             0
   0.000825684       9598.03   5.39722e+06             0
   0.000825805       9596.37   5.39662e+06             0
   0.000825927        9594.7   5.39602e+06             0
   0.000826049       9593.04   5.39542e+06             0
    0.00082617       9591.38   5.39482e+06             0
   0.000826292       9589.71   5.39422e+06             0
   0.000826414       9588.05   5.39362e+06             0
   0.000826536       9586.39   5.39302e+06             0
   0.000826657       9584.73   5.39243e+06             0
   0.000826779       9583.07   5.39183e+06             0
   0.000826901       9581.41   5.39124e+06             0
   0.000827022       9579.75   5.39064e+06             0
   0.000827144       9578.09   5.39005e+06             0
   0.000827266       9576.43   5.38945e+06             0
   0.000827388       9574.77   5.38886e+06             0
   0.000827509       9573.12   5.38827e+06             0
   0.000827631       9571.46   5.38767e+06             0
   0.000827753        9569.8   5.38708e+06             0
   0.000827875       9568.15   5.38648e+06             0
   0.000827996       9566.49   5.38589e+06             0
   0.000828118       9564.84   5.38529e+06             0
    0.00082824       9563.18    5.3847e+06             0
   0.000828362       9561.53    5.3841e+06             0
   0.000828483       9559.87   5.38351e+06             0
   0.000828605       9558.22   5.38292e+06             0
   0.000828727       9556.57   5.38232e+06             0
   0.000828849       9554.92   5.38173e+06             0
   0.000828971       9553.26   5.38114e+06             0
   0.000829092       9551.61   5.38055e+06             0
   0.000829214       9549.96   5.37995e+06             0
   0.000829336       9548.31   5.37936e+06             0
   0.000829458       9546.66   5.37877e+06             0
    0.00082958       9545.01   5.37817e+06             0
   0.000829701       9543.36   5.37759e+06             0
   0.000829823       9541.72     5.377e+06             0
   0.000829945       9540.07   5.37641e+06             0
   0.000830067       9538.42   5.37583e+06             0
   0.000830189       9536.78   5.37524e+06             0
   0.000830311       9535.13   5.37466e+06             0
   0.000830433       9533.49   5.37408e+06             0
   0.000830554       9531.85    5.3735e+06             0
   0.000830676        9530.2   5.37292e+06             0
   0.000830798       9528.56   5.37234e+06             0
    0.00083092       9526.92   5.37176e+06             0
   0.000831042       9525.27   5.37118e+06             0
   0.000831164       9523.63    5.3706e+06             0
   0.000831286       9521.99   5.37002e+06             0
   0.000831408       9520.35   5.36944e+06             0
    0.00083153       9518.71   5.36886e+06             0
   0.000831652       9517.07   5.36828e+06             0
   0.000831773       9515.42    5.3677e+06             0
   0.000831895       9513.78   5.36712e+06             0
   0.000832017       9512.14   5.36654e+06             0
   0.000832139        9510.5   5.36596e+06             0
   0.000832261       9508.86   5.36538e+06             0
   0.000832383       9507.22    5.3648e+06             0
   0.000832505       9505.58   5.36422e+06             0
   0.000832627       9503.94   5.36364e+06             0
   0.000832749        9502.3   5.36306e+06             0
   0.000832871       9500.66   5.36248e+06             0
   0.000832993       9499.02    5.3619e+06             0
   0.000833115       9497.38   5.36132e+06             0
   0.000833237       9495.74   5.36074e+06             0
   0.000833359        9494.1   5.36015e+06             0
   0.000833481       9492.47   5.35957e+06             0
   0.000833603       9490.83     5.359e+06             0
   0.000833725       9489.19   5.35842e+06             0
   0.000833847       9487.55   5.35784e+06             0
   0.000833969       9485.92   5.35726e+06             0
   0.000834091       9484.28   5.35669e+06             0
   0.000834214       9482.65   5.35611e+06             0
   0.000834336       9481.01   5.35553e+06             0
   0.000834458       9479.38   5.35496e+06             0
    0.00083458       9477.74   5.35438e+06             0
   0.000834702       9476.11   5.35381e+06             0
   0.000834824       9474.48   5.35324e+06             0
   0.000834946       9472.84   5.35267e+06             0
   0.000835068       9471.21    5.3521e+06             0
    0.00083519       9469.58   5.35153e+06             0
   0.000835312       9467.94   5.35096e+06             0
   0.000835435       9466.31    5.3504e+06             0
   0.000835557       9464.68   5.34984e+06             0
   0.000835679       9463.05   5.34928e+06             0
   0.000835801       9461.42   5.34872e+06             0
   0.000835923       9459.79   5.34817e+06             0
   0.000836045       9458.16   5.34762e+06             0
   0.000836167       9456.54   5.34707e+06             0
    0.00083629       9454.91   5.34652e+06             0
   0.000836412       9453.28   5.34597e+06             0
   0.000836534       9451.66   5.34543e+06             0
   0.000836656       9450.03   5.34488e+06             0
   0.000836778       9448.41   5.34433e+06             0
   0.000836901       9446.78   5.34379e+06             0
   0.000837023       9445.16   5.34325e+06             0
   0.000837145       9443.54   5.34271e+06             0
   0.000837267       9441.92   5.34217e+06             0
    0.00083739       9440.29   5.34164e+06             0
   0.000837512       9438.67    5.3411e+06             0
   0.000837634       9437.05   5.34057e+06             0
   0.000837756       9435.44   5.34004e+06             0
   0.000837879       9433.82   5.33951e+06             0
   0.000838001        9432.2   5.33898e+06             0
   0.000838123       9430.58   5.33846e+06             0
   0.000838245       9428.96   5.33793e+06             0
   0.000838368       9427.35   5.33741e+06             0
    0.00083849       9425.73   5.33689e+06             0
   0.000838612       9424.11   5.33636e+06             0
   0.000838735        9422.5   5.33585e+06             0
   0.000838857       9420.88   5.33533e+06             0
   0.000838979       9419.26   5.33481e+06             0
   0.000839102       9417.65   5.33429e+06             0
   0.000839224       9416.03   5.33377e+06             0
   0.000839346       9414.42   5.33326e+06             0
   0.000839469        9412.8   5.33274e+06             0
   0.000839591       9411.19   5.33222e+06             0
   0.000839713       9409.57   5.33171e+06             0
   0.000839836       9407.96    5.3312e+06             0
   0.000839958       9406.35   5.33068e+06             0
    0.00084008       9404.74   5.33017e+06             0
   0.000840203       9403.12   5.32966e+06             0
   0.000840325       9401.51   5.32916e+06             0
   0.000840448        9399.9   5.32865e+06             0
    0.00084057       9398.29   5.32815e+06             0
   0.000840692       9396.69   5.32765e+06             0
   0.000840815       9395.08   5.32715e+06             0
   0.000840937       9393.47   5.32665e+06             0
    0.00084106       9391.86   5.32615e+06             0
   0.000841182       9390.26   5.32566e+06             0
   0.000841304       9388.65   5.32517e+06             0
   0.000841427       9387.05   5.32468e+06             0
   0.000841549       9385.44   5.32418e+06             0
   0.000841672       9383.84   5.32369e+06             0
   0.000841794       9382.23   5.32321e+06             0
   0.000841917       9380.63   5.32272e+06             0
   0.000842039       9379.02   5.32223e+06             0
   0.000842162       9377.42   5.32174e+06             0
   0.000842284       9375.82   5.32126e+06             0
   0.000842406       9374.21   5.32077e+06             0
   0.000842529       9372.61   5.32029e+06             0
   0.000842651       9371.01   5.31981e+06             0
   0.000842774       9369.41   5.31933e+06             0
   0.000842896        9367.8   5.31885e+06             0
   0.000843019        9366.2   5.31837e+06             0
   0.000843141        9364.6   5.31789e+06             0
   0.000843264          9363   5.31742e+06             0
   0.000843386       9361.39   5.31695e+06             0
   0.000843509       9359.79   5.31647e+06             0
   0.000843631       9358.19     5.316e+06             0
   0.000843754       9356.59   5.31553e+06             0
   0.000843876       9354.99   5.31506e+06             0
   0.000843999       9353.38   5.31459e+06             0
   0.000844121       9351.78   5.31412e+06             0
   0.000844244       9350.18   5.31366e+06             0
   0.000844367       9348.58    5.3132e+06             0
   0.000844489       9346.98   5.31275e+06             0
   0.000844612       9345.38    5.3123e+06             0
   0.000844734       9343.78   5.31185e+06             0
   0.000844857       9342.18    5.3114e+06             0
   0.000844979       9340.59   5.31096e+06             0
   0.000845102       9338.99   5.31051e+06             0
   0.000845224       9337.39   5.31007e+06             0
   0.000845347        9335.8   5.30964e+06             0
   0.000845469        9334.2   5.30921e+06             0
   0.000845592       9332.61   5.30879e+06             0
   0.000845714       9331.02   5.30836e+06             0
   0.000845837       9329.42   5.30794e+06             0
    0.00084596       9327.83   5.30753e+06             0
   0.000846082       9326.24   5.30712e+06             0
   0.000846205       9324.65   5.30672e+06             0
   0.000846327       9323.06   5.30631e+06             0
    0.00084645       9321.48   5.30591e+06             0
   0.000846572       9319.89   5.30552e+06             0
   0.000846695        9318.3   5.30512e+06             0
   0.000846817       9316.72   5.30474e+06             0
    0.00084694       9315.13   5.30435e+06             0
   0.000847062       9313.55   5.30397e+06             0
   0.000847185       9311.96   5.30359e+06             0
   0.000847307       9310.38   5.30322e+06             0
    0.00084743        9308.8   5.30285e+06             0
   0.000847552       9307.22   5.30248e+06             0
   0.000847675       9305.64   5.30211e+06             0
   0.000847797       9304.06   5.30175e+06             0
    0.00084792       9302.48   5.30139e+06             0
   0.000848042        9300.9   5.30103e+06             0
   0.000848165       9299.32   5.30068e+06             0
   0.000848287       9297.74   5.30033e+06             0
    0.00084841       9296.17   5.29998e+06             0
   0.000848532       9294.59   5.29963e+06             0
   0.000848655       9293.01   5.29929e+06             0
   0.000848777       9291.44   5.29896e+06             0
     0.0008489       9289.86   5.29862e+06             0
   0.000849022       9288.29   5.29829e+06             0
   0.000849145       9286.71   5.29796e+06             0
   0.000849267       9285.14   5.29763e+06             0
    0.00084939       9283.56   5.29731e+06             0
   0.000849512       9281.99   5.29699e+06             0
   0.000849635       9280.41   5.29667e+06             0
   0.000849757       9278.84   5.29635e+06             0
    0.00084988       9277.27   5.29604e+06             0
   0.000850002       9275.69   5.29573e+06             0
   0.000850125       9274.12   5.29542e+06             0
   0.000850247       9272.55   5.29511e+06             0
    0.00085037       9270.97    5.2948e+06             0
   0.000850492        9269.4    5.2945e+06             0
   0.000850614       9267.83    5.2942e+06             0
   0.000850737       9266.26    5.2939e+06             0
   0.000850859       9264.68   5.29361e+06             0
   0.000850982       9263.11   5.29332e+06             0
   0.000851104       9261.54   5.29303e+06             0
   0.000851227       9259.97   5.29274e+06             0
   0.000851349        9258.4   5.29246e+06             0
   0.000851472       9256.83   5.29218e+06             0
   0.000851594       9255.26    5.2919e+06             0
   0.000851717       9253.69   5.29162e+06             0
   0.000851839       9252.12   5.29134e+06             0
   0.000851962       9250.55   5.29107e+06             0
   0.000852084       9248.99    5.2908e+06             0
   0.000852207       9247.42   5.29053e+06             0
   0.000852329       9245.85   5.29026e+06             0
   0.000852452       9244.28      5.29e+06             0
   0.000852574       9242.71   5.28974e+06             0
   0.000852696       9241.14   5.28948e+06             0
   0.000852819       9239.57   5.28922e+06             0
   0.000852941          9238   5.28897e+06             0
   0.000853064       9236.44   5.28871e+06             0
   0.000853186       9234.87   5.28846e+06             0
   0.000853309        9233.3   5.28821e+06             0
   0.000853431       9231.73   5.28797e+06             0
   0.000853554       9230.16   5.28772e+06             0
   0.000853676       9228.59   5.28748e+06             0
   0.000853799       9227.03   5.28724e+06             0
   0.000853921       9225.46     5.287e+06             0
   0.000854043       9223.89   5.28676e+06             0
   0.000854166       9222.32   5.28653e+06             0
   0.000854288       9220.76    5.2863e+06             0
   0.000854411       9219.19   5.28608e+06             0
   0.000854533       9217.63   5.28586e+06             0
   0.000854656       9216.06   5.28564e+06             0
   0.000854778       9214.49   5.28543e+06             0
   0.000854901       9212.93   5.28522e+06             0
   0.000855023       9211.36   5.28501e+06             0
   0.000855146        9209.8   5.28481e+06             0
   0.000855268       9208.24   5.28461e+06             0
    0.00085539       9206.67   5.28442e+06             0
   0.000855513       9205.11   5.28423e+06             0
   0.000855635       9203.54   5.28404e+06             0
   0.000855758       9201.98   5.28385e+06             0
    0.00085588       9200.42   5.28367e+06             0
   0.000856003       9198.86   5.28349e+06             0
   0.000856125       9197.29   5.28331e+06             0
   0.000856248       9195.73   5.28313e+06             0
    0.00085637       9194.17   5.28296e+06             0
   0.000856493       9192.61   5.28279e+06             0
   0.000856615       9191.05   5.28263e+06             0
   0.000856738       9189.49   5.28247e+06             0
    0.00085686       9187.93   5.28231e+06             0
   0.000856983       9186.37   5.28216e+06             0
   0.000857105       9184.81   5.28201e+06             0
   0.000857228       9183.25   5.28187e+06             0
    0.00085735       9181.69   5.28173e+06             0
   0.000857473       9180.13   5.28159e+06             0
   0.000857595       9178.58   5.28145e+06             0
   0.000857718       9177.02   5.28132e+06             0
    0.00085784       9175.46   5.28119e+06             0
   0.000857962       9173.91   5.28106e+06             0
   0.000858085       9172.35   5.28094e+06             0
   0.000858207       9170.79   5.28081e+06             0
    0.00085833       9169.24   5.28069e+06             0
   0.000858452       9167.68   5.28058e+06             0
   0.000858575       9166.13   5.28047e+06             0
   0.000858697       9164.57   5.28036e+06             0
    0.00085882       9163.02   5.28025e+06             0
   0.000858942       9161.47   5.28014e+06             0
   0.000859065       9159.91   5.28004e+06             0
   0.000859188       9158.36   5.27994e+06             0
    0.00085931       9156.81   5.27984e+06             0
   0.000859433       9155.26   5.27975e+06             0
   0.000859555       9153.71   5.27965e+06             0
   0.000859678       9152.15   5.27956e+06             0
     0.0008598        9150.6   5.27947e+06             0
