X,temp,u,rho,X_CH4,X_CH3,X_CH2,X_CH,X_CH2O,X_HCO,X_CO2,X_CO,X_H2,X_H,X_O2,X_O,X_OH,X_HO2,X_H2O2,X_H2O,X_N2
0.0,300.0,1.0557548065563034,0.971892100756646,0.024547048509643565,1.027467589634561e-16,-1.609183545476294e-16,-4.481141938797558e-16,6.206673391018167e-18,-3.9224506515155867e-23,4.942631214057036e-17,6.50973587066244e-17,0.1718293395675014,-4.062250933047565e-16,0.16876095850379966,-1.2108954173752839e-16,-8.724135191049042e-21,-8.725672300673141e-18,-1.7142907912778596e-17,-2.132767666395067e-17,0.6348626534190562
0.00303,299.99999999998585,1.0557548065561138,0.9718921007568206,0.024547048509647337,8.65664579154526e-17,-8.604921965153915e-21,-6.8700005005562675e-22,6.2043125128264995e-18,-6.980620521952537e-21,-5.1137866819708843e-17,-4.453622136426344e-16,0.17182933956738086,-9.251549338815773e-20,0.168760958503826,-5.3436678745534e-16,-7.773458834913847e-19,-1.1829724704787436e-15,1.6032037179041505e-17,-1.162561029840264e-16,0.6348626534191479
0.007515000000000001,299.9999999999859,1.0557548065457263,0.9718921007663832,0.024547048509925878,7.186823672570309e-17,-2.9882275478792986e-25,-7.115872881938755e-28,6.204286346967566e-18,-8.726821240880152e-26,-5.114303567152165e-17,-4.45372742050216e-16,0.17182933955847712,-6.446022045355059e-21,0.16876095850564926,-4.953125208367422e-16,-2.875411725419824e-19,-1.3558789592784584e-15,7.049258976706981e-17,-1.5893143874141366e-16,0.6348626534259502
0.010505,300.00000000000864,1.0557548062019662,0.971892101082837,0.024547048519144885,6.265155296430228e-17,-1.5615709621736653e-29,-1.1128810256837433e-33,6.204280230948691e-18,-1.8205561977185424e-30,-5.1143000233144414e-17,-4.453080811884504e-16,0.17182933926376337,-6.0585760942463166e-21,0.1687609585659951,-4.694025816200966e-16,-2.6912618046150557e-19,-1.471641028495718e-15,1.0845634158579439e-16,-1.7472078208664772e-16,0.6348626536510991
0.012,300.0000000007725,1.0557548010144129,0.9718921058583228,0.024547048658304996,5.931753186141362e-17,-1.6674750923312203e-33,-3.530769918678175e-39,6.204840191256327e-18,-3.9524418164921395e-33,-5.1140662488381646e-17,-4.420455436197534e-16,0.1718293348150805,-5.402546619824788e-21,0.16876095947690972,-4.1696880563428225e-16,-2.407891085364067e-19,-1.5223887682597325e-15,1.3112874334225991e-16,3.1521050259804925e-16,0.6348626570497068
0.0129,300.0000000173768,1.0557547492443815,0.9718921535160621,0.02454705004792104,8.063225773772308e-17,-1.8599298949494648e-35,-1.957707432830106e-44,6.229213790606513e-18,1.881010946659849e-33,-5.1041173565347437e-17,-3.352894584393583e-16,0.17182929039162775,5.566146024795483e-21,0.1687609685730697,4.675097756094147e-16,2.2789276150601714e-19,-1.3686536356984602e-15,2.51735072605148e-16,1.5325543969426393e-14,0.6348626909873671
0.0138,300.0000004720836,1.0557540918465427,0.9718927586946785,0.024547067716790764,7.978086252422638e-16,1.895301155802057e-34,1.7283729415473102e-46,7.544611498825388e-18,4.917778045160204e-32,-4.5730635114568835e-17,4.052324409824802e-15,0.1718287255476556,3.0042004081895833e-19,0.16876108423035444,2.4249932803316545e-14,1.2821955655952924e-17,5.3782212477209736e-15,4.746715702192563e-15,5.795389428830295e-13,0.6348631225045804
0.01425,300.0000051984588,1.0557508839313363,0.971895711805686,0.024547154171628525,9.216260511539112e-15,2.664327029888071e-32,1.4295205022503488e-46,3.4325594060488084e-17,1.7598363664865023e-30,6.123207054990748e-17,7.222398534611866e-14,0.1718259616930997,3.335537270383635e-18,0.16876165015153882,2.6880599731065847e-13,1.422822504464238e-16,1.0072346124711737e-13,7.45797414692626e-14,8.601269552520856e-12,0.6348652339746059
0.014475000000000002,300.000030944192,1.0557422794232618,0.9719036329476674,0.024547387295099806,6.6710740832443e-14,1.139768137845008e-30,2.273816929060354e-45,3.1362652355464556e-16,9.306857239364263e-29,1.1651670923888547e-15,6.188695511301632e-13,0.17181850875931778,1.9656374943426447e-17,0.16876317616459585,1.5785797653125266e-12,8.378181201696164e-16,8.363100281889056e-13,6.358478450919927e-13,6.765427842025474e-11,0.6348709277095934
0.014700000000000001,300.0002265250314,1.0557088078133738,0.9719344474857099,0.024548303117772792,6.372068306481716e-13,8.028511630284743e-29,3.4751602626663135e-43,4.2901455828890955e-15,9.130908809615609e-27,1.6724419306441702e-14,6.6456223425506415e-12,0.17178922760863125,1.432373764367984e-16,0.16876917125852303,1.1335247326657677e-11,6.170195399318943e-15,8.813753802178863e-12,6.8382086220874185e-12,6.670645842282403e-10,0.6348932973137109
0.014925,300.00171249435806,1.0555798456468273,0.9720531905372165,0.02455190070766432,6.354569528662187e-12,7.069613052749153e-27,2.4977740482755106e-40,6.086274584981629e-14,9.64293775163919e-25,2.360192375364579e-13,7.309255332008996e-11,0.17167418226596112,1.1790243680709885e-15,0.16879272314932656,8.40052317190005e-11,5.450886436174721e-14,9.569717969942589e-11,7.538071663158427e-11,6.751658088588012e-09,0.6349811867905072
0.0150375,300.0061331137678,1.055380975876585,0.972236358510621,0.024557649032417538,2.8679334550380687e-11,2.2509946420283614e-25,4.6274967657590983e-38,3.684959817082924e-13,2.1354784198304013e-23,1.4221813373954637e-12,3.561291545753482e-10,0.1714902878399338,6.692911783318898e-15,0.16883036065049037,2.9606277710254843e-10,3.801139227695663e-13,4.621612172889134e-10,3.680043626857873e-10,3.0674580327434655e-08,0.6351216702893636
0.01515,300.0251525093425,1.0549197277013238,0.9726614545954307,0.02457180765513762,1.532597394376821e-10,1.413334390228374e-23,2.930928788052509e-35,2.696428655826693e-12,7.159209372839129e-22,1.0371091744130784e-11,2.0580643474975946e-09,0.1710370115180797,6.666941403941925e-14,0.16892309353597443,1.1906316387360621e-09,4.488929093937542e-12,2.6496499342227783e-09,2.131349900546154e-09,1.640671702009439e-07,0.6354679150230592
0.015206250000000001,300.05823849383785,1.0544824058370055,0.9730648431377315,0.024586645993792292,4.2817048961450053e-10,2.5627527499889953e-22,3.2737696986399524e-33,9.50667581693229e-12,7.737810773617087e-21,3.6780547158540286e-11,6.10840042560618e-09,0.17056135570682754,4.0897090127616494e-13,0.16902033506228606,2.7174887780717657e-09,2.915947166793872e-11,7.806603402877109e-09,6.336244268423985e-09,4.5963043256173915e-07,0.6358311801338984
0.015234375000000001,300.0953089670886,1.0541842208875343,0.9733400827831299,0.024598120359206655,7.989499986435732e-10,1.4523611877973332e-21,5.570638444513876e-32,2.1151333488999555e-11,3.7390738689268403e-20,8.233691524838284e-11,1.1939731471622583e-08,0.17019289420889683,1.2262188928880164e-12,0.16909559046826358,4.4012720756530205e-09,8.815107533869684e-11,1.5162157348630847e-08,1.2400024558346165e-08,8.608860725242912e-07,0.6361124891825595
0.0152625,300.16308158965586,1.053837541575282,0.9736602809706688,0.024613761121753997,1.5884146075019015e-09,8.50827563806846e-21,9.56372061352979e-31,5.163212085564321e-11,2.16775437792516e-19,2.0229747133907414e-10,2.5075637489394374e-08,0.16968953708924514,3.5986344834324405e-12,0.1691982736266424,7.437386224113588e-09,2.6037640770155476e-10,3.159591038844135e-08,2.6078541526940196e-08,1.7208103042317438e-06,0.6364966150582594
0.0152765625,300.2180345745249,1.0536582174075986,0.9738259901322645,0.024623701552366817,2.3141328683540594e-09,2.256149667556311e-20,4.6169093752248416e-30,8.523887979820514e-11,5.925282673519304e-19,3.35688830924364e-10,3.781296495053904e-08,0.16936876857413108,6.554400368154976e-12,0.16926361164625553,9.86983228223503e-09,4.72037289074063e-10,4.739217637910855e-08,3.9357566011440134e-08,2.519262187261603e-06,0.6367412613188674
0.015290624999999999,300.295784098039,1.0534911052763944,0.973980465225936,0.024635427916791866,3.445680750150404e-09,6.12284045582862e-20,2.277381375011842e-29,1.4593060539464592e-10,1.7186490482648648e-18,5.779012990648589e-10,5.852297811469886e-08,0.1689893276928547,1.1921281851518212e-11,0.16934078089667653,1.3278477397665463e-08,8.58413616768013e-10,7.290586381373804e-08,6.096828261572004e-08,3.773670117761669e-06,0.6370304791081097
0.015304687499999999,300.40581450123767,1.0533571783179452,0.9741042999942714,0.024649248647250353,5.2061488970373235e-09,1.6894939552250275e-19,1.1450454850280608e-28,2.553823773400641e-10,5.186208845915031e-18,1.0175882393071275e-09,9.219219689858286e-08,0.16854050951736615,2.1745491856267473e-11,0.1694318726936619,1.805500804515456e-08,1.5634930156905269e-09,1.1408560049791725e-07,9.613308730970006e-08,5.744081428800779e-06,0.637372296530042
0.015318749999999999,300.561570465846,1.0532890689883074,0.9741672889629692,0.024665518340246093,7.93785553743286e-09,4.700990595653591e-19,5.8206608629034085e-28,4.523742772069826e-10,1.6039837584978987e-17,1.8154236691039433e-09,1.4692047610798116e-07,0.16800967797817729,3.982418220580411e-11,0.16953931696269037,2.4748339326639843e-08,2.8501255071861744e-09,1.8049533834912735e-07,1.5334011113460873e-07,8.838442916729198e-06,0.6377761296761014
0.01532578125,300.6637367436921,1.053298306375736,0.97415874555253,0.024674723027337347,9.863954039781321e-09,8.008393742444068e-19,1.3604317734392318e-27,6.096177661705889e-10,2.8988421670835246e-17,2.457805986852105e-09,1.871164487016231e-07,0.167707910397104,5.469174674118819e-11,0.16960022361951804,2.9102660561523353e-08,3.891612820255287e-09,2.2892297118612688e-07,1.953825938432988e-07,1.1047127566588167e-05,0.6380054384261172
0.0153328125,300.78715770976214,1.0533503732302607,0.9741105931221294,0.024684725563607388,1.2317350962420657e-08,1.3739436894477617e-18,3.2060163365325197e-27,8.295323662286734e-10,5.315295486520909e-17,3.3614111117412173e-09,2.3986790290391836e-07,0.1673786218773159,7.522547400698527e-11,0.16966651904881527,3.433041696704029e-08,5.328915393881045e-09,2.921583241204306e-07,2.5058193888613326e-07,1.388474286918459e-05,0.6382554099163741
0.015339843749999998,300.9362671770769,1.0534579405465627,0.97401112786888,0.0246955866781517,1.5439344288842742e-08,2.371842751071299e-18,7.617921230271691e-27,1.136885008690593e-09,9.854533059222188e-17,4.632186608775548e-09,3.0908828649237565e-07,0.16701932654624052,1.0369949292259863e-10,0.16973864182801607,4.060692301334233e-08,7.31084691847098e-09,3.7470652037374903e-07,3.230436808742816e-07,1.752980038589128e-05,0.6385278390788326
0.015346875,301.1164255221921,1.0536366627200278,0.9738459121070131,0.024707369262127465,1.940776930257136e-08,4.114433467929771e-18,1.8226455027114422e-26,1.5660848236068307e-09,1.8420869141868326e-16,6.418852607624938e-09,3.999057945667261e-07,0.16662732220049054,1.4328534544444737e-10,0.16981705441629616,4.8142819954718305e-08,1.0042649899842173e-08,4.82433553929953e-07,4.1814696235800394e-07,2.2211155177341098e-05,0.6388246567581356
0.01535390625,301.3341128475689,1.0539058276518427,0.973597194280966,0.024720137635927585,2.444590667835181e-08,7.164856228494306e-18,4.3867403694742115e-26,2.1648498774159166e-09,3.464192672913647e-16,8.930037406290988e-09,5.190374661811576e-07,0.1661996742122277,1.984674862083339e-10,0.1699022405067822,5.719130282190316e-08,1.3807587433086374e-08,6.229733658664808e-07,5.429349417570406e-07,2.8222025638461872e-05,0.6391479339354983
0.0153609375,301.5971618062715,1.0542891420579736,0.9732432175465907,0.024733956499874636,3.083332764934169e-08,1.2516261230830071e-17,1.0615487623244006e-25,2.9992174847008863e-09,6.543325650006716e-16,1.2458190531996454e-08,6.752767555034802e-07,0.1657331991564016,2.7565555421562237e-10,0.16999470071910902,6.805689983696717e-08,1.8996995447062537e-08,8.062552261592537e-07,7.066219356882668e-07,3.5937819959795454e-05,0.6394998840304504
0.015367968749999999,301.9150378267447,1.0548156782343971,0.9727574001950995,0.0247488894760046,3.891898847775414e-08,2.1921425331138814e-17,2.582482466928015e-25,4.160360904657593e-09,1.2398323231983583e-15,1.7412896271971045e-08,8.80127986398791e-07,0.16522444850499393,3.8412360158957016e-10,0.17009494607934095,8.110618343984016e-08,2.6152271014175667e-08,1.0451863640945694e-06,9.212503374353029e-07,4.583874908562518e-05,0.639882862491062
0.015375,302.29917575389493,1.05552101275895,0.9721073710948631,0.024764997125829535,4.9136878809721754e-08,3.8442219400363e-17,6.3096577237627965e-25,5.773817410730788e-09,2.3533524372812972e-15,2.4367187959776082e-08,1.1486303454321805e-06,0.16466969287546554,5.375052037581365e-10,0.17020348857929657,9.678090996029917e-08,3.6023826240664735e-08,1.3565347031562916e-06,1.2025385038988332e-06,5.853842854918148e-05,0.6402993626671788
0.015378515625,302.52127007452515,1.0559570336684145,0.9717059730120516,0.02477351245424629,5.524785311144556e-08,5.115991322148939e-17,9.95730704944731e-25,6.81498935213769e-09,3.2582386310442985e-15,2.8895286255609917e-08,1.314140805777232e-06,0.16437353565333254,6.38726805607177e-10,0.17026106143359263,1.0580375320163743e-07,4.2369980857657965e-08,1.547556849773216e-06,1.3758871230109022e-06,6.623270531560616e-05,0.6405211803981415
0.01538203125,302.7665077075214,1.0564585850685797,0.9712446577203306,0.024782343926699958,6.215793605723779e-08,6.819876575111511e-17,1.5758019484237482e-24,8.058063825474966e-09,4.5234290290069626e-15,3.43344895507235e-08,1.5052991416329155e-06,0.1640640475300534,7.602064122903482e-10,0.17032092261903126,1.1573580805799098e-07,4.987880706744185e-08,1.7674846311138938e-06,1.5760564873748437e-06,7.501079006778253e-05,0.640752555368572
0.015385546875,303.03729582934267,1.0570333785416277,0.9707165144273529,0.02479149601574448,6.996739170361831e-08,9.108051499428153e-17,2.5024573148530137e-24,9.541530499899567e-09,6.295264582604181e-15,4.086674211076926e-08,1.7260494519184702e-06,0.16374065326070622,9.064756566835775e-10,0.17038312595063634,1.2666972907879892e-07,5.876376875405923e-08,2.0206619629830633e-06,1.8071475541065347e-06,8.502360554358098e-05,0.6409938405927561
0.0153890625,303.33628936748846,1.057689956423085,0.9701139266955281,0.02480097206423752,7.878813527998991e-08,1.2185492937497895e-16,3.988342867369593e-24,1.1311017398833479e-08,8.779340084135684e-15,4.870987788194473e-08,1.980933967200428e-06,0.1634027566922372,1.0831702783656666e-09,0.1704477202909121,1.3870793678340913e-07,6.927879069218713e-08,2.312079633919927e-06,2.0738739260916924e-06,9.644263881546153e-05,0.6412453935473333
0.015392578125,303.666415675007,1.0584377757109256,0.9694285109614703,0.02481077406280784,8.874488875415947e-08,1.6330228671644428e-16,6.380197648068354e-24,1.342055852191571e-08,1.226522395108619e-14,5.8124561067279227e-08,2.275181469810748e-06,0.16304974062322103,1.2973737602055937e-09,0.17051474827382593,1.5196374009470832e-07,8.172630920254719e-08,2.647470480710726e-06,2.3816491289305954e-06,0.00010946262719576142,0.6415075748344262
0.01539609375,304.0309014394045,1.0592872994753375,0.9686510518552375,0.0248209023971036,9.997640341964995e-08,2.1920412847739372e-16,1.0246485984079798e-23,1.5934070890929425e-08,1.7160998079958578e-14,6.942252574547747e-08,2.6148081605979645e-06,0.16268096677765106,1.5580778779505595e-09,0.1705842448304272,1.6656261209757648e-07,9.646705836928417e-08,3.033418359763893e-06,2.7366850503561767e-06,0.00012430456497767762,0.6417807465975038
0.015399609375,304.4333019753493,1.06025009632602,0.9677714346928142,0.024831355561695006,1.1263674007525114e-07,2.947152995094906e-16,1.652474518904486e-23,1.8927071270681926e-08,2.4042072008833762e-14,8.297634438063631e-08,3.006732557903882e-06,0.16229577591041958,1.876810179413842e-09,0.17065623549169923,1.82643645776966e-07,1.1393200788143775e-07,3.4774828337863634e-06,3.1461025816336177e-06,0.00014121906170412167,0.6420652706638649
0.015403125,304.87753304298343,1.0613389483870712,0.966778575699125,0.024842129837234776,1.2689659223499823e-07,3.9687895473605897e-16,2.677156855308231e-23,2.2488665954483368e-08,3.3720276447126425e-14,9.923099157414686e-08,3.4589061676345124e-06,0.16189348806796347,2.2684998981713284e-09,0.17073073444141973,2.0036122185349863e-07,1.34636979782951e-07,3.988341720628362e-06,3.6180554642038143e-06,0.000160490083387816,0.6423615063836562
0.015406640625,305.3679053242435,1.0625679682024427,0.9656603507374836,0.02485321892735084,1.4294463139700514e-07,5.353425608623751e-16,4.3590832531631274e-23,2.672385011689292e-08,4.734177757552502e-14,1.1871751047037229e-07,3.980461820868948e-06,0.16147340302983632,2.7526855768938385e-09,0.1708077422897721,2.1988692773818105e-07,1.5920061542515313e-07,4.575953883439192e-06,4.1618682534168154e-06,0.0001824391083066697,0.6426698081345077
0.015410156250000001,305.90916167363434,1.0639527249355492,0.9644035235871675,0.024864613551656572,1.6098884540585531e-07,7.233573881412205e-16,7.137501676645739e-23,3.1756156184417165e-08,6.652602150254866e-14,1.4206913494364384e-07,4.581881730306159e-06,0.16103480095978703,3.355214377013393e-09,0.170887243536538,2.414117751334057e-07,1.8836655056178215e-07,5.25174485933606e-06,4.788189140225232e-06,0.00020742972831652983,0.6429905224602281
0.015413671875,306.5065172360804,1.0655103801400292,0.9629936751291863,0.024876300991248542,1.812578311988443e-07,9.79179681408992e-16,1.1760314929291014e-22,3.7730693287039336e-08,9.356320780146673e-14,1.7004027104270513e-07,5.275187463104211e-06,0.16057694329780584,4.110651461764229e-09,0.17096920369114033,2.6514877432330397e-07,2.2303089899643848e-07,6.028818100748805e-06,5.509158093443822e-06,0.000235872724790813,0.6433239848121423
0.0154171875,307.1657024908265,1.0672598332581904,0.9614151351768887,0.024888264583142927,2.0400199167221715e-07,1.3280438154313252e-15,1.9514080783982826e-22,4.48176219150512e-08,1.3169544175100388e-13,2.0352879588886475e-07,6.074154157315501e-06,0.1600990739274739,5.065717719220716e-09,0.171053566015798,2.913359362146124e-07,2.6427646069601825e-07,6.922194696233159e-06,6.3385903642157935e-06,0.0002682316449797545,0.6436705158627305
0.015420703125,307.89300923449815,1.0692218768414075,0.9596509191277454,0.024900483160308642,2.2949457322113525e-07,1.80495418510499e-15,3.2636726816149707e-22,5.3216109157209034e-08,1.8551781837679774e-13,2.436021907292131e-07,6.994551411956129e-06,0.15960042065572203,6.284219351145945e-09,0.1711402478578687,3.202397893271705e-07,3.134154812208201e-07,7.94908437938639e-06,7.2921747863639845e-06,0.00030502889939074845,0.6440304173635818
0.01542421875,308.69533945558817,1.071419361273465,0.9576826721186569,0.024912930434320944,2.5803246632096946e-07,2.4586552235019366e-15,5.506771816411149e-22,6.315881003705081e-08,2.615518622704785e-13,2.915280861133783e-07,8.054413344062545e-06,0.15908019704461945,7.854143090857516e-09,0.17122913653844332,3.521595189692964e-07,3.720433246708623e-07,9.129190326337175e-06,8.387685456708864e-06,0.00034685239327886095,0.6444039675235972
0.015427734375,309.5802569734686,1.073877368502491,0.9554906239403383,0.02492557431821899,2.8993667770610327e-07,3.3573052749849254e-15,9.382932559553624e-22,7.491691916171587e-08,3.6906738029582496e-13,3.488098595920212e-07,9.274340314307053e-06,0.15853760463691366,9.897893280695192e-09,0.171320084766852,3.874318607468304e-07,4.421061192674068e-07,1.0485049539707772e-05,9.645204221718704e-06,0.0003943626949993311,0.6447914158892382
0.01543125,310.55604161368035,1.0766233939370191,0.9530535586038261,0.024938376187944936,3.255523718687407e-07,4.596624155779662e-15,1.6160235893956585e-21,8.88058338091394e-08,5.212634350993246e-13,4.172279875957235e-07,1.06778347573501e-05,0.15797183561849834,1.2587079050902254e-08,0.17141290555550825,4.264369115855991e-07,5.259863402562468e-07,1.2042409315375484e-05,1.1087349851775461e-05,0.0004483007302651107,0.6451929777168087
0.015434765625000001,311.63174556325305,1.0796875352222812,0.9503488031457632,0.024951290081810167,3.652483762300464e-07,6.311630220788222e-15,2.8158727596108953e-21,1.051914643872822e-07,7.369700207222158e-13,4.988879099925053e-07,1.2291673392547405e-05,0.15738207596151593,1.6163871561411294e-08,0.1715073666171473,4.696050601627371e-07,6.266114676502188e-07,1.383063810562297e-05,1.2739507759562038e-05,0.0005094959736965419,0.645608827837679
0.015438281250000001,312.8172513899642,1.0831026860671613,0.9473522409937933,0.024964261838812944,4.0941605567452305e-07,8.693505645036232e-15,4.967753100217361e-21,1.2449722066463574e-07,1.0431054105623455e-12,5.962752138607733e-07,1.4146317810453076e-05,0.15676750909109743,2.0971808670960955e-08,0.17160318423783089,5.174252870203615e-07,7.475923676040809e-07,1.5883165650752067e-05,1.4630051510354403e-05,0.0005788750868669136,0.6460390940314149
0.015441796875,314.12333101203063,1.0869047326219643,0.944038355964515,0.024977228178354655,4.584674992666625e-07,1.2013291120326514e-14,8.877441468793658e-21,1.472116922170068e-07,1.4782058698343953e-12,7.12318976534643e-07,1.627636500418515e-05,0.15612732011640185,2.750011195594247e-08,0.1717000166350993,5.704551451675475e-07,8.933999792469483e-07,1.823794206349046e-05,1.6790544067143856e-05,0.0006574709247987313,0.6464838499393161
0.0154453125,315.5617046633635,1.0911327490918077,0.9403803136978897,0.024990115725987687,5.128330409353208e-07,1.6652065610147122e-14,1.6060930635281714e-20,1.7389702935154754e-07,2.0970385018065985e-12,8.504641197019222e-07,1.8721038814555322e-05,0.1554607006621967,3.644720330514821e-08,0.17179745683246864,6.293328077709171e-07,1.0695913355458277e-06,2.0937898014274087e-05,1.9255902600101144e-05,0.000746431800100807,0.646943107572167
0.015447070312500002,316.33533648683004,1.0934226751733878,0.9384109001723313,0.024996498406723827,5.421824824503081e-07,1.9659623383413243e-14,2.1791792698372432e-20,1.8897556433560678e-07,2.5016027176687262e-12,9.293659643363281e-07,2.007834424848296e-05,0.15511714293724993,4.2203703617493265e-08,0.1718462269060777,6.612457323479494e-07,1.1717045699222256e-06,2.243582297461551e-05,2.0617637489028297e-05,0.0007952899387842397,0.6471781743259138
0.015448828125000001,317.1478932924982,1.0958386960490463,0.9363419639944031,0.025002822053144417,5.730803603548005e-07,2.3237133030903467e-14,2.965733945465648e-20,2.0535813887582132e-07,2.986414944813359e-12,1.0157187869027373e-06,2.153506533237845e-05,0.1547666075413358,4.898687312918231e-08,0.1718949238050433,6.949477361523741e-07,1.2844257206620884e-06,2.404260554819433e-05,2.2073719648895712e-05,0.0008473333801575544,0.6474168393091636
0.0154505859375,318.0012232525683,1.0983869910506519,0.9341696189423226,0.025009073209827287,6.055892692856562e-07,2.750037671260172e-14,4.0500397641314386e-20,2.2315003665592737e-07,3.567961408968054e-12,1.1101980833833732e-06,2.3098138822268305e-05,0.15440899642400674,5.699582346729863e-08,0.17194346832126878,7.305529059697216e-07,1.408943598579425e-06,2.5765701705342993e-05,2.362991914707475e-05,0.0009027545947002668,0.6476590782572094
0.01545234375,318.8972494236388,1.101073990981846,0.9318899231898206,0.025015237510286625,6.397726201714928e-07,3.258882900551246e-14,5.549829801307489e-20,2.42464112324617e-07,4.266058691063964e-12,1.213536553461339e-06,2.4774943131863694e-05,0.15404421322833156,6.646837852918516e-08,0.17199177507297533,7.681841718737993e-07,1.5465926170504645e-06,2.7612990067074436e-05,2.529225052647378e-05,0.0009617559284248017,0.6479048610535043
0.0154541015625,319.83797130490643,1.1039063831735967,0.9294988891485012,0.025021299638570582,6.756946012601808e-07,3.867138825303791e-14,7.63082537282842e-20,2.634212296194696e-07,5.104653390519672e-12,1.3265283785854776e-06,2.657332139925411e-05,0.15367216353552113,7.768853792332809e-08,0.1720397522117503,8.07974143907648e-07,1.698871732370976e-06,2.959277733222142e-05,2.7066966810413247e-05,0.0010245499101473774,0.6481541514547017
0.015455859375,320.825466244484,1.1068911160106334,0.9269924946035791,0.025027243290897325,7.134201831005539e-07,4.595320155828053e-14,1.0526864195845057e-19,2.8615071422202925e-07,6.112725834229354e-12,1.4500337415559172e-06,2.8501605168868295e-05,0.15329275512032228,9.099526803690785e-08,0.17208730113099518,8.500660394694429e-07,1.8674658663223045e-06,3.171379958135089e-05,2.8960550306256117e-05,0.0010913595447486282,0.6484069068200087
0.015457617187500002,321.86189066575434,1.110035402834204,0.9243666952124712,0.02503305113752298,7.53015185089203e-07,5.468399017488985e-14,1.4568559909130593e-19,3.10790821100098e-07,7.325376672692302e-12,1.584983590203389e-06,3.056863863367084e-05,0.15290589821682352,1.067928344242678e-07,0.1721343161782565,8.946147118504907e-07,2.0542701077296817e-06,3.398521848175832e-05,3.097969973009752e-05,0.0011624185889749583,0.648663077846946
0.015459375000000001,322.9494810830146,1.1133467251178302,0.9216174384305856,0.025038704785051918,7.945464247582177e-07,6.516830868671282e-14,2.0224204009412293e-19,3.3748921613555444e-07,8.785148025635726e-12,1.7323846459301485e-06,3.2783803372759194e-05,0.15251150579418693,1.2556291581197762e-07,0.17218068437425949,9.417877915526512e-07,2.2614170139524397e-06,3.6416611290766336e-05,3.313131313501004e-05,0.0012379718060464612,0.6489226083157981
0.0154611328125,324.0905548728754,1.1168328348036591,0.9187406789217984,0.025044184739415772,8.380819748254384e-07,7.777824787466484e-14,2.8158200887596764e-19,3.6640347191932323e-07,1.0543632981722572e-11,1.893324655772576e-06,3.515704350917181e-05,0.15210949384169647,1.4787876833653869e-07,0.17222628514181393,9.917669532987105e-07,2.491307355615989e-06,3.901795342430556e-05,3.5422466087150456e-05,0.0013182751950521036,0.6491854348451999
0.015462890625000001,325.2875107650183,1.1205017556776782,0.9157323955022315,0.025049470369762492,8.836915570600989e-07,9.296920709768285e-14,3.9314621895711414e-19,3.9770157772949143e-07,1.2663436986384706e-11,2.0689778842185115e-06,3.7698891201996936e-05,0.15169978166236797,1.7442173832520597e-07,0.17227099004812158,1.0447493230420004e-06,2.7466446669638304e-06,4.1799592228458755e-05,3.7860384499069357e-05,0.0014035961908342662,0.6494514866614804
0.015464648437500002,326.5428290130198,1.1243617836526913,0.9125886096548798,0.02505453987351197,9.314471060934155e-07,1.1129951699794565e-13,5.503675986211627e-19,4.3156246390394527e-07,1.522056782977409e-11,2.2606108382468937e-06,4.042049237590176e-05,0.15128229217421452,2.0600045252185588e-07,0.17231466256437972,1.1009490407749984e-06,3.0304739780043778e-06,4.477221046853835e-05,4.045241149973737e-05,0.0014942138297972531,0.6497206853845409
0.015466406250000002,327.8590712030432,1.1284214858185637,0.9093054056391741,0.02505937024284766,9.814235402361145e-07,1.3345489227950233e-13,7.723829257001572e-19,4.681765410855159e-07,1.8307347063007668e-11,2.4695882159351444e-06,4.333363258009622e-05,0.1508569522180944,2.435730455204366e-07,0.1723571578469328,1.1605989965178244e-06,3.3462251106491403e-06,4.7946777939892766e-05,4.320596769840749e-05,0.001590418876822074,0.6499929448331941
0.015468164062500001,329.23887965533356,1.132689698110071,0.9058789522035668,0.02506393723292546,1.0336997799124566e-06,1.6027894486109728e-13,1.0864843902410152e-18,5.077462551663509e-07,2.2035954994886596e-11,2.6973790654873433e-06,4.6450762857664534e-05,0.15042369287090745,2.882728145032978e-07,0.17239832254457044,1.2239527585152408e-06,3.6977609161731315e-06,5.133448951504004e-05,4.61285041872438e-05,0.001692513908238014,0.6502681708530127
0.015469921875,330.6849763707047,1.1371755214339232,0.9023055258904976,0.025068215332092168,1.088360057192694e-06,1.9281129803864794e-13,1.5316319095358596e-18,5.504866592006598e-07,2.6542744391034003e-11,2.945563137668667e-06,4.978502549537408e-05,0.14998244976272865,3.4143772021560266e-07,0.17243799463688783,1.2912867143532156e-06,4.0894308117786116e-06,5.494668788251047e-05,4.922744762896742e-05,0.0018008133455974713,0.6505462611698511
0.0154716796875,332.2001614716739,1.1418883160885545,0.8985815359014185,0.025072177734413777,1.1454955617686068e-06,2.3233521723936127e-13,2.163485553778811e-18,5.96626004102601e-07,3.199348495601331e-11,3.2158374103909224e-06,5.335027951377032e-05,0.1495331633962825,4.0464417927641816e-07,0.172476003308905,1.362902447376739e-06,4.526129935261792e-06,5.87947692150636e-05,5.2510136794405566e-05,0.0019156434348321272,0.6508271052722794
0.015473437500000001,333.78731108561374,1.1468376943031344,0.8947035504650992,0.025075796314821413,1.2052064692015275e-06,2.804371056098704e-13,3.061614591919886e-18,6.46406350607559e-07,3.8589731190007044e-11,3.5100227595785006e-06,5.716112574772053e-05,0.14907577946698689,4.797456150734383e-07,0.17251216886736576,1.4391293723809117e-06,5.01336417340724e-06,6.289007004104953e-05,5.5983749954931865e-05,0.0020373421652384303,0.6511105843262334
0.015475195312500002,335.449374615404,1.1520335107165096,0.8906683246249595,0.025079041607186686,1.2676043960044982e-06,3.390806658170409e-13,4.3398184146100695e-18,7.000842057604995e-07,4.6576536051626196e-11,3.830070745477583e-06,6.123293135896053e-05,0.1486102491816155,5.689162510672207e-07,0.17254630270429183,1.520327655970231e-06,5.5573212256292925e-06,6.724373369632232e-05,5.965522260117494e-05,0.0021662591226593556,0.6513965711251947
0.015476953125000002,337.18937134170034,1.157485850612798,0.8864728293308194,0.025081882785640972,1.3328153227426286e-06,4.106988948469075e-13,6.160883535339348e-18,7.57931188111664e-07,5.625174046017972e-11,4.178070478284868e-06,6.55818536149739e-05,0.14813652957344778,6.747006396205846e-07,0.17257820731343348,1.6068914481196192e-06,6.164947732654659e-06,7.186655491966461e-05,6.353115505717027e-05,0.0023027552712056626,0.6516849300792084
0.015478710937500001,339.010386300169,1.1632050157283542,0.8821142816875007,0.025084287649452756,1.4009830205447845e-06,4.983070900051819e-13,8.757620239737631e-18,8.202347268492043e-07,6.797695457252193e-11,4.556255521396041e-06,7.022486276293633e-05,0.14765458381161525,8.000694195857015e-07,0.1726076763652174,1.6992524521710986e-06,6.844032323164235e-06,7.67688014365454e-05,6.761770969354263e-05,0.0024472026578962573,0.6519755172459862
0.01548046875,340.915565377057,1.169201507445532,0.8775901761772851,0.025086222611773686,1.472273008016209e-06,6.056390934263811e-13,1.2462496694544472e-17,8.872988012817822e-07,8.218966644114597e-11,4.9670107847759264e-06,7.517976382428959e-05,0.14716438150220496,9.484817848143777e-07,0.17263449484562737,1.7978838605748405e-06,7.603294201401399e-06,8.196001176854413e-05,7.192049761983603e-05,0.0025999840347058515,0.6522681804072393
0.0154822265625,342.9081095674603,1.1754860071924824,0.8728983166357346,0.025087652692557767,1.546877054472153e-06,7.373057544660914e-13,1.7745562649367977e-17,9.594447283979927e-07,9.94127140797481e-11,5.412879355011826e-06,8.046521713665032e-05,0.1466658989785385,1.1239551213961297e-06,0.1726584392641474,1.903304682899182e-06,8.452476607896085e-06,8.744876902269431e-05,7.644445495992964e-05,0.002761492392697756,0.6525627591932393
0.015483105468750001,343.938421278943,1.1787405451854671,0.8704882182078183,0.02508816415294152,1.5855112747999243e-06,8.14406607745396e-13,2.1205952980913772e-17,9.975588701396305e-07,1.0938007445364456e-10,5.650046652394171e-06,8.323968481318695e-05,0.1464135291490319,1.2236024422439681e-06,0.1726692434397243,1.9587822889711986e-06,8.914939807495995e-06,9.03079482841796e-05,7.879128490824642e-05,0.0028456846741102713,0.6527107091146558
0.015483984375,344.9920841879034,1.1820721538108956,0.8680347926312547,0.025088532804417404,1.6250759430481329e-06,9.000071646581359e-13,2.5341943884999025e-17,1.0371044215931054e-06,1.203651962614052e-10,5.897247122609037e-06,8.610578097756595e-05,0.14615907379214652,1.3318554893409919e-06,0.17267922252159484,2.0161975557694502e-06,9.404378168054798e-06,9.324547928752462e-05,8.119586354176023e-05,0.0029322468856475456,0.6528590648924213
0.01548486328125,346.0695212433755,1.185482244451431,0.8655378532335762,0.025088753732488027,1.6656058640575814e-06,9.950965389212341e-13,3.029023589712702e-17,1.078129064354185e-06,1.3247335883202422e-10,6.154863088500705e-06,8.90661779911697e-05,0.1459025320740762,1.449414837584945e-06,0.17268834522780718,2.07563177717906e-06,9.922367153743945e-06,9.626208710205402e-05,8.365858933609551e-05,0.003021232393960702,0.6530078035719846
0.015485742187500002,347.17115753507983,1.1889722353326602,0.8629972394792715,0.02508882193228493,1.70713857383839e-06,1.1007817409398448e-12,3.621202279011012e-17,1.1206818352474566e-06,1.458201993859883e-10,6.4232887913996425e-06,9.2123608012195e-05,0.14564390364383295,1.5770322358545104e-06,0.17269657978357938,2.1371701651503248e-06,1.0470567030606522e-05,9.935838514633333e-05,8.61797904569767e-05,0.0031126951106291586,0.6531569017205052
0.015486621093750002,348.2974199916236,1.1925435505035211,0.8604128180282367,0.025088732308947696,1.7497145435897356e-06,1.2183028564048518e-12,4.329985710967738e-17,1.164813162623285e-06,1.6053292317485616e-10,6.702930602080534e-06,9.528086347943911e-05,0.14538318864055383,1.7155137471273905e-06,0.17270389393727353,2.2009020420058953e-06,1.1050726113233147e-05,0.00010253486545437753,8.875971964295103e-05,0.003206689464714593,0.6533063354379716
0.015487500000000001,349.44873706175144,1.1961976187606018,0.8577844837827018,0.025088479678093627,1.7933773900758736e-06,1.3490500046409172e-12,5.178424846248461e-17,1.2105749043496306e-06,1.7675152397086756e-10,6.99420722562145e-06,9.854079756234703e-05,0.14512038770042324,1.8657230197785784e-06,0.1727102549777379,2.266921040271105e-06,1.1664683962077283e-05,0.00010579188871305313,9.139854898840375e-05,0.0033032703735337973,0.6534560803693048
0.015488378906250001,350.6255383783755,1.1999358725154774,0.8551121609191888,0.0250880587663795,1.8381740917121929e-06,1.4945823511776712e-12,6.194123128552459e-17,1.2580203876316613e-06,1.9463006941645867e-10,7.2975498994439154e-06,0.00010190632457596769,0.1448555019631966,2.0285846900380048e-06,0.17271562975302032,2.335325309991245e-06,1.231437450477803e-05,0.00010912967410910966,9.409636464426558e-05,0.0034024932116242562,0.6536061117174415
0.0154892578125,351.8282544052335,1.203759746604628,0.8523958039017678,0.025087464212157077,1.884155209641778e-06,1.6566494674827144e-12,7.410134819080012e-17,1.3072044508017976e-06,2.1433808094485293e-10,7.61340258381345e-06,0.00010538042035976578,0.1445885330782977,2.2050879149713925e-06,0.1727199846904563,2.406217733449107e-06,1.3001829051990031e-05,0.00011254828902970938,9.685316145622295e-05,0.003504413777886114,0.6537564042574177
0.015490136718750002,353.05731606602444,1.2076706770414865,0.8496353984728264,0.02508669056622331,1.9313751130093293e-06,1.8372153560695774e-12,8.866037460077707e-17,1.3581834872276502e-06,2.360620269054909e-10,7.942222144053311e-06,0.0001089661226192107,0.14431948321046864,2.396290034664744e-06,0.17272328581812482,2.479706147131735e-06,1.3729179175186898e-05,0.00011604763866553411,9.966883756246065e-05,0.003609088260884319,0.653906932351451
0.015491015625000002,354.3131543559228,1.2116700997103593,0.8468309626174593,0.025085732292666647,1.9798922075725478e-06,2.0384854904423408e-12,1.0609213079002258e-16,1.4110154914912134e-06,2.600069427107566e-10,8.284478523709345e-06,0.00011266653122914922,0.14404835504495656,2.603320361557363e-06,0.17272549878766233,2.5559035707254333e-06,1.4498659410806333e-05,0.00011962745557093726,0.00010254318897534451,0.0037165732022987345,0.654057669965029
0.015491894531250001,355.5961999354764,1.215759449002264,0.8439825474973568,0.0250845837698099,2.0297691667327515e-06,2.2629372560857104e-12,1.2696378424417632e-16,1.4657601080001761e-06,2.863981898656191e-10,8.640654907905442e-06,0.00011648480849821268,0.14377515179220748,2.827384094084084e-06,0.17272658889841677,2.6349284428429752e-06,1.5312609751981635e-05,0.00012328728924116487,0.00010547590417399107,0.003826925458518476,0.6542085906840013
0.015492773437500003,356.90688270687156,1.2199401563927073,0.8410902383501669,0.02508323929125045,2.081073164010749e-06,2.5133542206963315e-12,1.5195411891294172e-16,1.5224786821935504e-06,3.154833650925756e-10,9.011247876098606e-06,0.00012042417939337643,0.1434998771920594,3.0697663509242632e-06,0.1727265211229186,2.716904863095542e-06,1.6173477885879173e-05,0.0001270264957718076,0.00010846655873693435,0.0039402021603744675,0.654359667732676
0.015493652343750003,358.2456313726794,1.2242136489618225,0.8381541553500681,0.025081693066997913,2.1338761059524335e-06,2.792864709053346e-12,1.8187533615006484e-16,1.581234314510413e-06,3.475343707114169e-10,9.39676754345456e-06,0.00012448793172409371,0.14322253551741201,3.331836321255016e-06,0.17272526013363756,2.8019628400303025e-06,1.7083821131536263e-05,0.00013084422767110435,0.00011151461004670374,0.0040564606710147945,0.6545108739929116
0.015494531250000002,359.6128729772736,1.228581347857543,0.8351744544252239,0.025079939224709337,2.188254864414046e-06,3.104985210357143e-12,2.176990562789183e-16,1.6420919172937374e-06,3.828496576424061e-10,9.797737690065019e-06,0.0001286794162855653,0.14294313157735203,3.615051525439018e-06,0.17272277033099026,2.8902385443503713e-06,1.8046308029994933e-05,0.0001347394239008227,0.00011461939210056248,0.004175758541933139,0.6546621820242019
0.015495410156250002,361.00903243110804,1.2330446667025032,0.8321513280278998,0.02507797181102148,2.2442915071494306e-06,3.4536692036113923e-12,2.605873121945188e-16,1.7051182747997088e-06,4.2175665271487115e-10,1.0214695877208108e-05,0.0001330020469606055,0.14266167071972785,3.920962179533346e-06,0.17271901587255237,2.9818745667153338e-06,1.9063719535479725e-05,0.0001387108002260739,0.0001177801104638537,0.004298153467159728,0.6548135640847366
0.015496289062500002,362.4345320182123,1.2376050099458846,0.8290850058528118,0.025075784792979533,2.3020735256106662e-06,3.843362049858223e-12,3.119294701219785e-16,1.7703821064871057e-06,4.6461438231052073e-10,1.0648193549884638e-05,0.00013745930077996757,0.1423781588331546,4.251215655932546e-06,0.17271396070342807,3.0770201793029337e-06,2.0138949753591158e-05,0.00014275683995917945,0.00012099583740488087,0.004423703235637775,0.6549649921534271
0.015497167968750001,363.8897908872918,1.242263771161549,0.8259757554993763,0.025073372059561217,2.361694058867627e-06,4.279062668861618e-12,3.7338618092861e-16,1.8379541337577576e-06,5.118163047055728e-10,1.10987961248577e-05,0.00014205471794096202,0.14209260234843785,4.607561031300556e-06,0.1727075685877174,3.175831600176939e-06,2.1275006169842383e-05,0.0001468757851866448,0.00012426550725227434,0.004552465681809912,0.6551164379528792
0.015498046875000001,365.37522452692673,1.2470223312941398,0.8228238830735252,0.025070727423294897,2.423252112559389e-06,4.766392792301066e-12,4.469416620194095e-16,1.907907150316929e-06,5.637933637797076e-10,1.1567083063443474e-05,0.00014679190178440305,0.1418050082394084,4.991853711742509e-06,0.17269980314102,3.2784722593663658e-06,2.2475009309562182e-05,0.0001510656285719281,0.00012758791201781996,0.00468449863444717,0.6552678729732883
0.01549892578125,366.89124422545495,1.2518820568551219,0.8196297337247764,0.025067844621969815,2.48685277180723e-06,5.311674665709667e-12,5.349658390920383e-16,1.9803160963174987e-06,6.210172770153426e-10,1.2053647928320261e-05,0.0001516745187300542,0.14151538402315741,5.4060601239041595e-06,0.1726906278639046,3.3851130654118857e-06,2.374219176823595e-05,0.0001553241058296725,0.00013096169732949202,0.004819859863759683,0.6554192684972359
0.0154998046875,368.4382565162201,1.256844298071076,0.8163936921143375,0.02506471732043624,2.552607407045429e-06,5.922018157238235e-12,6.402881436587683e-16,2.0552581364448086e-06,6.840040709060502e-10,1.2559098423648454e-05,0.00015670629817089702,0.14122373775966846,5.852262459369871e-06,0.17268000617626936,3.4959326709785865e-06,2.50798965498502e-05,0.00015964868896936105,0.0001343853587209546,0.004958607026835389,0.6555705956253554
0.015500683593750002,370.01666260897326,1.2619103869868828,0.8131161828100862,0.02506133911249314,2.6206338717613984e-06,6.60541832272098e-12,7.662850715661093e-16,2.1328127420899206e-06,7.533178770172024e-10,1.3084056417825863e-05,0.00016189103232671018,0.1409300780508398,6.3326634583643925e-06,0.17266790145251126,3.611117735971361e-06,2.6491574649829363e-05,0.00016403658040787378,0.00013785723832501924,0.005100797611460769,0.6557218253028356
0.015501562500000001,371.62685780829645,1.2670816355267167,0.8097976706044496,0.025057703522859985,2.6910566911786804e-06,7.370864573196074e-12,9.169839656224093e-16,2.213061777746128e-06,8.295750019836383e-10,1.3629157948232524e-05,0.00016723257605752602,0.14063441403890053,6.849591217343939e-06,0.17265427705741834,3.7308631864193514e-06,2.798078181876499e-05,0.0001684847080509974,0.00014137552201937421,0.005246488878383256,0.6558729283467235
0.015502441406250001,373.26923092009446,1.2723593335163386,0.8064386607512058,0.025053804009229623,2.7640072409685417e-06,8.228462692652604e-12,1.0971858983235398e-15,2.2960895917523977e-06,9.134482846832765e-10,1.4195053207383783e-05,0.0001727348466379073,0.14033675540421195,7.405504003629012e-06,0.1726390963826928,3.855372467228812e-06,2.9551174443527137e-05,0.00017298972144379454,0.00014493823707352235,0.005395737802089007,0.6560238754739891
0.015503320312500003,374.9441636472029,1.2777447466702037,0.8030396991176341,0.025049633964398067,2.839623915125753e-06,9.18957105965828e-12,1.3126110055279998e-15,2.381983111484938e-06,1.0056717536709197e-09,1.4782406509924218e-05,0.0001784018234927904,0.14003711236246838,8.002995058712166e-06,0.17262232288400897,3.984857786722634e-06,3.120650448336967e-05,0.00017754798908806998,0.0001485432503456674,0.005548601010168261,0.6561746373303017
0.015504199218750002,376.65202997536255,1.2832391145475306,0.7996013722484614,0.025045186718467262,2.918052282205817e-06,1.0266952536064767e-11,1.5700701663508685e-15,2.4708319430820403e-06,1.1070455976991457e-09,1.539189623997856e-05,0.0001842375478960755,0.13973549566129825,8.644797370385157e-06,0.1726039201185078,4.119540350718075e-06,3.295061340070531e-05,0.00018215559702291814,0.00015218826707802619,0.005705134721356745,0.6563251845194716
0.015505078125000002,378.39319555092794,1.2888436484819035,0.7961243073382794,0.02504045554111578,2.9994452291812723e-06,1.1474943598113615e-11,1.877667546558882e-15,2.562728475764541e-06,1.2184414617738475e-09,1.6024214778440378e-05,0.00019024612263331573,0.13943191657626863,9.333788392305696e-06,0.1725838517826216,4.2596505837253635e-06,3.478742502918425e-05,0.00018680834876065984,0.00015587083033806532,0.005865394682350667,0.6564754876335045
0.015505957031250002,380.16801705170104,1.2945595294890244,0.7926091721095679,0.025035433643932722,3.0839630922309537e-06,1.2829642398698862e-11,2.2450392308289327e-15,2.6577679907830014e-06,1.3408080806781551e-09,1.6680068409814302e-05,0.00019643171162968463,0.13912638690631468,1.0072994688053544e-05,0.17256208175012647,4.405428334679253e-06,3.6720937325597836e-05,0.00019150176666529934,0.00015958832115140091,0.006029436103493108,0.6566255172832054
0.015506835937500001,381.9768415525089,1.3003879061580002,0.7890566745935195,0.025030114182809274,3.1717737738407673e-06,1.4349117562977463e-11,2.6836339722481178e-15,2.756048774999004e-06,1.4751772612610735e-09,1.7360177208341964e-05,0.00020279853954492314,0.13881891896859905,1.0865596475237263e-05,0.1725385741103126,4.557123064470639e-06,3.875521295732835e-05,0.00019623109485472333,0.0001633379593701738,0.006197313593448795,0.6567752441292771
0.015507714843750001,383.8200058871908,1.3063298925316835,0.7854675628113215,0.025024490260382105,3.2630528456487816e-06,1.60536396309369e-11,3.207042994355025e-15,2.8576722390718876e-06,1.6226702239985444e-09,1.8065274903198916e-05,0.00020935089133686805,0.13850952559281962,1.1714932043680989e-05,0.172513293206163,4.714994012399812e-06,4.089436868325526e-05,0.00020099130370015078,0.00016711680531775416,0.006369081092986965,0.6569246389138392
0.01550859375,385.69783600879623,1.3123865659820664,0.7818426243538639,0.02501855492852252,3.3579836365224836e-06,1.7965937167974056e-11,3.831386800918697e-15,2.962743040187758e-06,1.7845043134049963e-09,1.8796108722645593e-05,0.00021609311179537303,0.13819822011498487,1.262450202025883e-05,0.17248620367243164,4.879310338551823e-06,4.314256349352352e-05,0.00020577709598754984,0.00017092176224720707,0.006544791808003335,0.6570736724923018
0.01550947265625,387.6106463499033,1.318558965087041,0.7781826858582233,0.02501230119086505,3.4567573054057065e-06,2.0111479665497085e-11,4.5757680903269404e-15,3.071369209228955e-06,1.9620000857936106e-09,1.955343921710801e-05,0.00022302960504853883,0.1378850163706761,1.3597973451528557e-05,0.17245727047351012,5.050351238993204e-06,4.55039854822979e-05,0.00021058291479555906,0.00017474957964678888,0.006724498141920867,0.6572223158655163
0.0155103515625,389.5587391850729,1.324848087515225,0.7744886123796753,0.025005722005368637,3.5595728985178276e-06,2.251878944525265e-11,5.462801143228266e-15,3.1836622822408736e-06,2.1565887816542453e-09,2.03380400612633e-05,0.00023016483404328166,0.13756992868781978,1.4639183673976407e-05,0.1724264589409728,5.228406030614519e-06,4.798283743761251e-05,0.0002154029531329849,0.00017859685742090627,0.006908251627618113,0.6573705402121263
0.015511230468750001,391.5424039975607,1.3312548879258803,0.7707613066584167,0.02499881028690356,3.6666373905282086e-06,2.521978486035135e-11,6.5192294614086075e-15,3.299737436009595e-06,2.369820188540898e-09,2.1150697835312013e-05,0.0002375033200023814,0.13725297187899438,1.5752143940444542e-05,0.17239373481069323,5.4137742024003094e-06,5.058332114367311e-05,0.00022023116536624976,0.00018246005096945604,0.007096102859043156,0.6575183169210327
0.015512109375000001,393.5619168524739,1.3377802758911785,0.7670017082806847,0.024991558909857135,3.7781657093627864e-06,2.8250157149246646e-11,7.776644988968046e-15,3.4197136275162768e-06,2.6033708988358535e-09,2.1992211785717604e-05,0.0002450496418601377,0.1369341612333024,1.6941042770173405e-05,0.17235906425942454,5.606765429898092e-06,5.3309620403403544e-05,0.0002250612804532211,0.00018633547718222248,0.00728810142267732,0.6576656176238881
0.01551298828125,395.61753977873246,1.3444251138486367,0.7632107927342755,0.024983960710750455,3.894380744335454e-06,3.164978334253379e-11,9.272323948233014e-15,3.543713736991558e-06,2.8590529651069485e-09,2.2863393565841773e-05,0.00025280843567914146,0.13661351250782636,1.821024898895988e-05,0.17232241394073955,5.807699549699888e-06,5.616588280278054e-05,0.00022988681698509416,0.00019021932135834826,0.007484295829028933,0.6578124142275315
0.015513867187500002,397.7095201621361,1.3511902150913486,0.7593895703592158,0.024976008490859194,4.015513337317772e-06,3.5463177641698425e-11,1.105019617448895e-14,3.671864714236572e-06,3.138822953971242e-09,2.3765066956967986e-05,0.00026078439405023907,0.13629104191871097,1.9564314425049498e-05,0.17228375102023005,6.016906490817431e-06,5.9156200253058785e-05,0.00023470110002176304,0.00019410764505321183,0.007684733444333014,0.6579586789462669
0.015514746093750002,399.83809015201604,1.3580763418042407,0.7555390851946463,0.024967695018830872,4.1418022566924296e-06,3.973998367988861e-11,1.3161966835026355e-14,3.8042977278338494e-06,3.444791397480963e-09,2.4698067570370302e-05,0.00026898226547820823,0.13596676613189695,2.1007976225828508e-05,0.17224304320986808,6.234726159973258e-06,6.22845883628361e-05,0.00023949727968965168,0.00019799639484730273,0.007889460422650488,0.6581043843338904
0.015515625000000002,402.0034660840088,1.3650842031547537,0.7516604137234906,0.0249590130332905,4.273494153862464e-06,4.4535510032129306e-11,1.566841156466983e-14,3.941148316822268e-06,3.779232639034062e-09,2.566324253121171e-05,0.0002774068537557233,0.1356407022535332,2.2546158760007593e-05,0.1722002588014331,6.461508278017483e-06,6.555496470846952e-05,0.00024426835149358734,0.00020188141202325346,0.008098521638568185,0.6582495033153701
0.015516503906250001,404.20584792141494,1.372214453446134,0.7477546635172372,0.024949955245427913,4.410843502109167e-06,4.991131126074085e-11,1.8640868333032094e-14,4.082556544353877e-06,4.144595068678038e-09,2.666145014513007e-05,0.00028606301732775834,0.13531286782011198,2.4183975069779305e-05,0.17215536669891923,6.6976121649142515e-06,6.897112608838714e-05,0.00024900717827618666,0.00020575844312815893,0.008311960620696146,0.6583940092180729
0.015517382812500001,406.44541871777375,1.3794676903420588,0.7438229717834399,0.02494051434155824,4.554112517631303e-06,5.593581665633049e-11,2.216295176461287e-14,4.228667152811189e-06,4.543511740477683e-09,2.769355954855499e-05,0.0002949556686491017,0.1349832807883505,2.5926727837670835e-05,0.1721083364498337,6.9434064710647935e-06,7.253672486470038e-05,0.00025370651374043585,0.00020962315138946353,0.008529819486177877,0.6585378758024386
0.015518261718750002,408.7223441032126,1.3868444531710915,0.7398665038192377,0.024930682985648767,4.703571062631697e-06,6.268500865894206e-11,2.6332518141060022e-14,4.379629719812998e-06,4.978811362276596e-09,2.8760450343888153e-05,0.00030408977353733885,0.13465195952485592,2.77799098332201e-05,0.17205913827530894,7.199268853100762e-06,7.625524451329219e-05,0.00025835902743281004,0.00021347112894325862,0.008752138876426419,0.6586810772919978
0.015519140625000002,411.03677179712355,1.3943452213194478,0.7358864513747401,0.02492045382180444,4.8594965303635395e-06,7.024315271217248e-11,3.126391189845606e-14,4.535598814493561e-06,5.453529645691755e-09,2.986301222080004e-05,0.0003134703505236025,0.13431892279560945,2.9749203805385738e-05,0.17200774309895298,7.465585592722808e-06,8.012997452138985e-05,0.00026295733106634385,0.0002172979098244823,0.00897895789430275,0.6588235884026267
0.015520019531250002,413.3888311497856,1.4019704127207675,0.7318840309304904,0.024909819476704485,5.02217371211267e-06,7.870358000909459e-11,3.7090527056250543e-14,4.696734153407159e-06,5.970921001455642e-09,3.100214456505716e-05,0.0003231024702037067,0.13398418975529108,3.18404817878244e-05,0.17195412257436435,7.74275115768009e-06,8.416398478930529e-05,0.0002674940060457596,0.00022109898365938664,0.009210314042965038,0.6589653843709392
0.015520898437500003,415.7786327153552,1.4097203824509668,0.727860481894025,0.02489877256198355,5.191894646153699e-06,8.816952422475368e-11,4.3967719633152487e-14,4.863200755365566e-06,6.5344705620032305e-09,3.217875605633848e-05,0.0003329912545916059,0.13364777993648988,3.405980378557085e-05,0.17189824911125087,8.03116770454744e-06,8.836009970967345e-05,0.00027196163203968614,0.0002248698099913099,0.009446243166604317,0.659106440981707
0.015521777343750003,418.2062678587114,1.417595421436424,0.7238170647208227,0.02488730567655011,5.368958448812882e-06,9.875501288987425e-11,5.2076109664590155e-14,5.035169094495274e-06,7.1479065092377964e-09,3.339376425666604e-05,0.0003431418764775285,0.13330971323882193,3.641341581367317e-05,0.1718400959000893,8.33124452361465e-06,9.272087211366088e-05,0.00027635281642947475,0.00022860583316228254,0.00968677939329521,0.6592467345942096
0.015522656250000003,420.67180839856275,1.425595755283531,0.7197550589654269,0.024875411408835143,5.553671127876477e-06,1.1058581353499807e-10,6.162531386822403e-14,5.21281525077949e-06,7.815212680010374e-09,3.4648095191182496e-05,0.0003535595587930787,0.13297000991797908,3.890774726068242e-05,0.17177963693526846,8.643397426910648e-06,9.724855728830756e-05,0.000280660224449571,0.0002323024976647733,0.009931955080190475,0.6593862421674136
0.015523535156250002,423.17530628898885,1.4337215432368522,0.7156757612692101,0.024863082338965163,5.74634537869763e-06,1.238004341136436e-10,7.285815222562381e-14,5.396321057325277e-06,8.540641413913269e-09,3.594268292303714e-05,0.00036424957398493285,0.13262869057474505,4.1549407552515646e-05,0.1717168470366687,8.968048081133834e-06,0.00010194508728197245,0.0002848766098211218,0.00023595526387009555,0.0101818007612734,0.6595249412838822
0.015524414062500002,425.7167933416253,1.4419728772732623,0.7115804832914105,0.024850311040852925,5.947300363510543e-06,1.3855117648801426e-10,8.605537365867123e-14,5.585874243599843e-06,9.328726595801503e-09,3.727846912430617e-05,0.0003752172433993038,0.13228577614399378,4.4345182095527415e-05,0.17165170186962816,9.305623288095281e-06,0.00010681204572623822,0.00028899484566951677,0.00023955962403345441,0.010436345097894938,0.6596628101723228
0.015525292968750002,428.2962809904597,1.4503497813386335,0.707470549590635,0.024837090084199983,6.1568614746189965e-06,1.5500524091559917e-10,1.0154094744100471e-13,5.781668573874331e-06,1.0184296825829251e-08,3.865640264489988e-05,0.00038646793667881517,0.13194128788369372,4.730202748112222e-05,0.17158417796325395,9.65655421612942e-06,0.00011185064341129066,0.000293007955507077,0.00024311111846959333,0.010695614832308343,0.6597998277286831
0.015526171875000001,430.91376010107587,1.4588522107332278,0.7033472954643206,0.02482341203640535,6.375360082314985e-06,1.7334587849441346e-10,1.1968796778893857e-13,5.983903980125989e-06,1.1112488617749925e-08,4.007743908148979e-05,0.0003980070711734381,0.13159524736393394,5.042706593826521e-05,0.17151425272704,1.0021275586824063e-05,0.00011706169485810779,0.0002969091440550786,0.0002466053517882282,0.010959634744411677,0.659935973535711
0.015527050781250001,433.56920082599646,1.4674800516513216,0.6992120647539795,0.024809269464375117,6.603133268590004e-06,1.9377358738653098e-10,1.4092521880889787e-13,6.1927866886692435e-06,1.2118759473434838e-08,4.154254034853786e-05,0.0004098401113670045,0.13124767645598823,5.37275790246348e-05,0.17144190446575677,1.0400224822336868e-05,0.00012244559613420276,0.00030069182767458735,0.00025003800907479843,0.011228427611900947,0.6600712278809017
0.0155279296875,436.2625525075754,1.4762331208799329,0.6950662076243067,0.0247946549362277,6.8405235479282185e-06,2.1650734731642255e-10,1.6574444460426065e-13,6.4085293398160065e-06,1.3208900594512013e-08,4.3052674253547696e-05,0.0004219725683207084,0.13089859732142628,5.721100055191918e-05,0.17136711239258115,1.0793841159490446e-05,0.00012800230415999434,0.0003043496641734427,0.00025340487189966357,0.011502014174027887,0.6602055717727566
0.015528808593750002,438.9937436296774,1.4851111656608282,0.6909110783244486,0.024779561022890167,7.087878576716149e-06,2.4178588529629534e-10,1.947083618485786e-13,6.6313510999063315e-06,1.4389048848887097e-08,4.460881407868541e-05,0.0004344099991349718,0.1305480324012798,6.0884908745866726e-05,0.17128985664043772,1.1202564737760185e-05,0.00013373131774993988,0.00030787658175729214,0.00025670183403782504,0.01178041309914721,0.6603389869552968
0.015529687500000002,441.76268181911524,1.4941138637190778,0.6867480329399416,0.024763980299581382,7.345550853060955e-06,2.6986896371739645e-10,2.2845943014017206e-13,6.861477765098025e-06,1.5665697375654403e-08,4.621193817090476e-05,0.0004471580064308762,0.13019600440526988,6.475701764704847e-05,0.1712101182715268,1.1626835669163919e-05,0.00013963166062610024,0.0003112668068958998,0.0002599249167815448,0.012063640956222612,0.6604714559207648
0.015530566406250002,444.5692538976809,1.503240823461007,0.6825784271437728,0.024747905347177527,7.613897409094023e-06,3.010386798045067e-10,2.6772932922693693e-13,7.099141856374486e-06,1.704570383086958e-08,4.78630295427712e-05,0.0004602222378530027,0.12984253630108814,6.883516776410475e-05,0.17112787928501533,1.2067093098945153e-05,0.00014570186663214106,0.00031451489088235286,0.0002630702837301314,0.012351712190459899,0.6606029619204798
0.015531445312500003,447.41332598516817,1.5124915843429219,0.6784036139553284,0.0247313287534569,7.89327949810474e-06,3.35600762878122e-10,3.133488872227895e-13,7.344582705287246e-06,1.8536294660473063e-08,4.956307548605284e-05,0.0004736083855949819,0.1294876513037381,7.312731599686377e-05,0.17104312262287,1.2523774266726629e-05,0.000151939967361927,0.0003176157348717737,0.00026613425494414236,0.012644639103202588,0.6607334889737978
0.015532324218750003,450.29474365366906,1.5218656174115848,0.6742249415157634,0.024714243114220356,8.184062279154081e-06,3.738858528158154e-10,3.6625756162815724e-13,7.598046530045027e-06,2.0145062797216044e-08,5.131306720019477e-05,0.0004873221859503345,0.1291313728649258,7.764152485292444e-05,0.17095583217381566,1.2997313578576709e-05,0.00015834348240019366,0.0003205646131985991,0.00026911332035605844,0.012942431836225472,0.6608630218751519
0.015533203125000002,453.21333213315836,1.5313623260167828,0.6700437508881452,0.024696641034284296,8.486614502114019e-06,4.1625073944741024e-10,4.2750955956606106e-13,7.85978650165716e-06,2.1879954600295492e-08,5.311399943774742e-05,0.0005013694188922955,0.128773724662483,8.23859509874183e-05,0.17086599277539752,1.3488141701091948e-05,0.000164909412352396,0.0003233571947868159,0.0002720041523354603,0.01324509836054559,0.6609915461991597
0.015533642578125003,454.68652192622517,1.536156538206715,0.6679526020768392,0.024687642701800707,8.64245716800644e-06,4.3911020976815446e-10,4.617053692093305e-13,7.993871254081897e-06,2.2797926076247024e-08,5.4034031343331384e-05,0.0005085208097664831,0.12859439117283591,8.484773368422711e-05,0.17082010689864938,1.3740216232164317e-05,0.00016825216455968394,0.0003246934184714814,0.0002734153513269843,0.013398272076554002,0.6610554238588556
0.015534082031250002,456.1689786430956,1.5409813347724446,0.6658612494118776,0.02467851163979004,8.801402408286834e-06,4.6314439916713244e-10,4.984597296590267e-13,8.130142617629701e-06,2.3750901505170308e-08,5.496729220288948e-05,0.0005157583572201689,0.12841472368690843,8.73702432868679e-05,0.17077357387905898,1.399679284035228e-05,0.0001716343318510058,0.0003259888457842393,0.00027480316680396756,0.013552673485351583,0.6611190425193312
0.015534521484375001,457.6606748737088,1.5458366226726437,0.6637698588854589,0.024669246915421085,8.963497887021286e-06,4.884068764726358e-10,5.379520289895886e-13,8.268634739006833e-06,2.474002275376432e-08,5.59139098337954e-05,0.0005230828063930677,0.12823472524430277,8.995452181868283e-05,0.17072639204447684,1.425792426194221e-05,0.00017505538923196507,0.0003272430471388058,0.00027616723494181493,0.013708303003603702,0.6611824005969819
0.015534960937500002,459.1615819825356,1.550722304793384,0.6616785956577407,0.02465984759653999,9.12879146852589e-06,5.149532200004668e-10,5.803709447649914e-13,8.409382215815754e-06,2.576646308605956e-08,5.6874012235782704e-05,0.0005304949051306703,0.12805439889684694,9.260161477308077e-05,0.17067855978235932,1.4523662847953803e-05,0.00017851477914990107,0.0003284556207192386,0.0002775072054068638,0.013865160910423231,0.661245496557886
0.015535400390625002,460.67167012104665,1.555638279990695,0.659587623992114,0.02465031275168453,9.297331210198098e-06,5.428410640518135e-10,6.259156323795365e-13,8.552420097421055e-06,2.6831427294408358e-08,5.7847727582163616e-05,0.0005379954039723416,0.12787374770826027,9.531257068166933e-05,0.17063007553961054,1.4794060541630272e-05,0.000182011911654603,0.0003296261928710917,0.00027882274163153897,0.01402324734757482,0.6613083289177327
0.015535839843750001,462.19090824095827,1.5605844431357225,0.6574971071914111,0.024640641450096222,9.469165355669655e-06,5.721301455130587e-10,6.747966307656684e-13,8.69778388565059e-06,2.7936151925533765e-08,5.88351842114546e-05,0.0005455850561397522,0.12769277475381619,9.808844067487281e-05,0.17058093782239456,1.5069168857141973e-05,0.0001855461646116517,0.0003307544184516116,0.0002801135210704961,0.014182562319757602,0.6613708962417202
0.015536279296875,463.71926410822215,1.5655606851623878,0.6554072075351304,0.024630832761730052,9.644342328314034e-06,6.028823504677047e-10,7.272366251347946e-13,8.845509535330818e-06,2.908190558081197e-08,5.983651061940487e-05,0.0005532646175255318,0.12751148312000354,0.00010093027803546082,0.17053114519591603,1.5349038859597403e-05,0.00018911688396859735,0.0003318399811382972,0.000281379235437314,0.014343105694963812,0.6614331971444234
0.015536718750000001,465.2567043177203,1.5705668931174208,0.6533180862177759,0.024620885757262227,9.822910725141934e-06,6.351617607395263e-10,7.834711415670528e-13,8.995633454655876e-06,3.026998927536358e-08,6.0851835451423914e-05,0.0005610348466820327,0.1273298759041909,0.00010383913774542597,0.17048069628417262,1.563372114645466e-05,0.00019272338407404327,0.0003328825936952513,0.0002826195909213535,0.014504877204910891,0.6614952302896331
0.015537158203125002,466.8031943086757,1.575602950212789,0.6512299032883231,0.024610799508095662,1.0004919311124299e-05,6.690347002946071e-10,8.437492136328784e-13,9.148192505394442e-06,3.150173684465658e-08,6.188128749543243e-05,0.0005688965048103132,0.12714795621428898,0.00010681607602675048,0.17042958976967623,1.5923265830433624e-05,0.0001963649480496781,0.00033388199819687684,0.0002838343083844809,0.014667876445549234,0.6615569943901641
0.01553759765625,468.3586983807874,1.5806687358805684,0.6491428175908419,0.0246005730863631,1.0190417013983612e-05,7.045697814370941e-10,9.08334042681111e-13,9.303224002939441e-06,3.277851539046016e-08,6.29249956751641e-05,0.0005768503557494688,0.12696572716840984,0.00010986214987663148,0.1703778243931445,1.6217722524028712e-05,0.00020004082821516804,0.0003348379662085758,0.00028502312353741134,0.014832102877648223,0.6616184882076376
0.015538037109375,469.9231797110514,1.5857641258301105,0.6470569867063483,0.024590205564927994,1.037945291948906e-05,7.418379507392249e-10,9.775036634635892e-13,9.460765716201106e-06,3.410172576037765e-08,6.398308904391131e-05,0.000584897165966185,0.1267831918945241,0.000112978416597657,0.17032539895316157,1.6517140325711244e-05,0.00020375024656556456,0.00033575029892416575,0.0002861857870954298,0.014997555827457553,0.6616797105522333
0.0155384765625,471.4966003712236,1.5908889921073723,0.6449725668959764,0.024579696017383305,1.0572076267291419e-05,7.8091253465273e-10,1.0515516213967661e-12,9.620855867344121e-06,3.547280305709105e-08,6.505569677870723e-05,0.0005930377045443781,0.12660035353011967,0.0001161659333234341,0.17027231230580997,1.682156780790782e-05,0.0002074923953007439,0.0003366188272598438,0.00028732206491330586,0.015164234487441006,0.6617406602824158
0.015538916015625001,473.0789213459338,1.5960432031564367,0.6428897130454786,0.024569043518048093,1.0768336447339575e-05,8.218692847567424e-10,1.1307876648594418e-12,9.783533131374652e-06,3.68932171750277e-08,6.614294817496697e-05,0.0006012727431750309,0.12641721522185892,0.00011942575654027871,0.17021856336427332,1.7131053006847815e-05,0.0002112664374063671,0.00033744341190465734,0.00028843173809930495,0.015332137917084647,0.6618013363046316
0.015539355468750002,474.67010255146016,1.6012266238832464,0.6408085786110589,0.024558247141961646,1.096828299692241e-05,8.647864226050523e-10,1.2155384543511803e-12,9.948836635584528e-06,3.8364473363449404e-08,6.724497264161785e-05,0.0006096030561463812,0.12623378012523,0.00012275894160561154,0.17016415109840766,1.744564341437252e-05,0.00021507150728573268,0.00033822394332754283,0.00028951460310825257,0.015501265043782296,0.6618617375729811
0.015539794921875003,476.27010285509147,1.6064391157213205,0.6387293155666569,0.02454730596487557,1.1171965598369077e-05,9.097446841411338e-10,1.3061482894758262e-12,1.0116805958851159e-05,3.988811281598985e-08,6.836189969668649e-05,0.0006180294203341619,0.12605005140419934,0.0001261665422635399,0.1701090745342849,1.776538597177787e-05,0.00021890671144154922,0.00033896034174105073,0.00029057047181359566,0.015671614663791796,0.6619218630888652
0.015540234375000002,477.8788800950801,1.611680536699453,0.6366520743526862,0.024536219063243714,1.1379434077450692e-05,9.568273636596438e-10,1.402979854256462e-12,1.0287481130800226e-05,4.146571328773323e-08,6.949385896336558e-05,0.0006265526151920004,0.12586603223086118,0.0001296496101582726,0.17005333275370701,1.8090327065775133e-05,0.00022277112920670938,0.0003396525570220204,0.0002915991715585155,0.015843185443263783,0.6619817119006058
0.015540673828125,479.4963911011897,1.6169507415114157,0.6345770038262376,0.024524985514209605,1.159073840252702e-05,1.006120357302406e-09,1.5064149810502364e-12,1.0460902630838779e-05,4.3098889741885965e-08,7.064098016658303e-05,0.0006351734227421031,0.12568172578508274,0.00013320919434603578,0.16999692489369006,1.8420512526650393e-05,0.00022666381352301907,0.00034030056858956717,0.0002926005451861935,0.016015975919345147,0.6620412831030424
0.015541113281250001,481.1225917157596,1.622249581587396,0.6325042512128501,0.024513604395592036,1.1805928684471e-05,1.0577122060843116e-09,1.6168554332236005e-12,1.0637111387057987e-05,4.4789295028970846e-08,7.180339313003856e-05,0.0006438926275659046,0.1254971352541494,0.00013684634080598585,0.16993985014592125,1.8755987628683245e-05,0.00023058379176650785,0.0003409043852408066,0.0002935744510493271,0.016189984501349987,0.6621005758371044
0.015541552734375002,482.75743681529417,1.6275769051672013,0.6304339620598457,0.02450207478586835,1.2025055177415052e-05,1.1116941384576708e-09,1.7347237067484171e-12,1.0816148775014138e-05,4.653862060256588e-08,7.298122777373153e-05,0.0006527110167948235,0.12531226383240757,0.00014056209195080756,0.16988210775618723,1.9096797092897947e-05,0.0002345300666180304,0.00034146404494487734,0.0002945207629991011,0.016365209472000555,0.66215958928936
0.015541992187500003,484.40088033258553,1.6329325573752613,0.628366280191217,0.024490395764155463,1.2248168280363487e-05,1.1681601124355497e-09,1.860463850968945e-12,1.0998056616397311e-05,4.834859727672856e-08,7.417461411200791e-05,0.0006616293801012884,0.12512711472090082,0.0001443574861377022,0.1698236970237732,1.9442985092216605e-05,0.00023850161697775416,0.00034197961459591774,0.0002954393703538625,0.01654164898874063,0.6622183226915445
0.015542431640625003,486.0528752792898,1.6383163802971492,0.6263013476641676,0.024478566410188782,1.2475318539702987e-05,1.2272068573044153e-09,1.99454230898901e-12,1.1182877177587364e-05,5.02209960314071e-08,7.538368225208596e-05,0.000670648509689695,0.12494169112700595,0.00014823355718027092,0.16976461730083545,1.9794595259060173e-05,0.00024249739892178985,0.0003424511897257056,0.0002963301778477392,0.016719301085113894,0.6622767753200649
0.015542871093750002,487.713373768956,1.6437282130576338,0.6242393047272999,0.024466585804299123,1.2706556652653608e-05,1.2889339149727936e-09,2.1374487785139396e-12,1.137065316810617e-05,5.215762887367699e-08,7.660856239308038e-05,0.0006797692002874139,0.1247559962640656,0.00015219133386198302,0.16970486799174608,2.0151670695454894e-05,0.00024651634669931163,0.00034287889417679654,0.00029719310555953996,0.01689816367220899,0.6623349464954856
0.015543310546875001,489.38232704050984,1.6491678919002573,0.6221802897804416,0.02445445302738718,1.2941933471702763e-05,1.3534436810180832e-09,2.289697094642631e-12,1.1561427738975424e-05,5.416034976435697e-08,7.784938482554522e-05,0.0006889922491359641,0.12457003335101446,0.00015623183945192779,0.1696444485524105,2.0514253985696756e-05,0.00025055737376840966,0.0003432628797370762,0.00029802808882231256,0.017078234540172727,0.6623928355819944
0.015543750000000002,491.05968548210893,1.6546352502681638,0.6201244393362004,0.024442167160896318,1.318150001005203e-05,1.4208414455069804e-09,2.4518261372192504e-12,1.1755244480979969e-05,5.6231055621484316e-08,7.910627993149153e-05,0.0006983184559820078,0.12438380561200602,0.0001603560912233468,0.16958335848955894,2.0882387211602843e-05,0.00025461937386860945,0.0003436033257367005,0.0002988350781139329,0.01725951135978372,0.6624504419868473
0.015544189453125003,492.74539865537395,1.6601301188861946,0.6180718879832298,0.0244297272867831,1.342530744811862e-05,1.4912354336861085e-09,2.6244007672512205e-12,1.195214742284669e-05,5.837168741465006e-08,8.037937818490219e-05,0.0007077486230683057,0.12419731627603522,0.00016456509997564927,0.16952159736001196,2.125611197039136e-05,0.0002587012221281193,0.00034390043860850245,0.0002996140389291884,0.017441991684088512,0.6625077651597979
0.015544628906250002,494.4394153199983,1.665652325844257,0.6160227683511843,0.024417132487485768,1.3673407141131818e-05,1.564736846659145e-09,2.808012800074137e-12,1.2152181029348933e-05,6.058423136709544e-08,8.16688101527625e-05,0.0007172835551247564,0.1240105685765548,0.00016885986956060678,0.16945916476991987,2.1635469395225765e-05,0.00026280177620376604,0.000344154451413014,0.0003003649516338496,0.017625672950101624,0.6625648045925071
0.015545068359375,496.14168345868234,1.6712016966817804,0.6139772110774142,0.024404381845890572,1.3925850627856687e-05,1.6414599021859577e-09,3.0032820282536645e-12,1.235539019934031e-05,6.287072028588861e-08,8.297470649658505e-05,0.0007269240593593371,0.12382356575108759,0.00017324139641328892,0.16939606037397634,2.2020500178440284e-05,0.0002669198774513704,0.00034436562332930404,0.00030108781130123335,0.01781055248056511,0.6626215598179402
0.015545507812500001,497.85215030233877,1.6767780544730888,0.6119353447754367,0.02439147444529634,1.4182689640475485e-05,1.7215218757619552e-09,3.2108573160954928e-12,1.2561820263721418e-05,6.523323504467665e-08,8.429719797440451e-05,0.0007366709454487565,0.1236363110408378,0.00017771066908828172,0.16933228387460894,2.2411244597457004e-05,0.00027105435212423733,0.0003445342391129025,0.0003017826275317959,0.017996627485762924,0.6626780304097442
0.015545947265625002,499.5707623555689,1.6823812199136856,0.6098972960051652,0.024378409369377164,1.4443976115664098e-05,1.8050431421630985e-09,3.4314178024570753e-12,1.277151698334923e-05,6.767390624860345e-08,8.563641544325757e-05,0.0007465250255289167,0.12344880769029869,0.00018226866780185849,0.16926783502114565,2.2807742543410166e-05,0.0002752040125975011,0.0003446606085221536,0.0003024494242563545,0.018183895065391493,0.6627342159816136
0.015546386718750003,501.29746542241577,1.6880110114074656,0.6078631892448587,0.024365185702142828,1.4709762206901045e-05,1.89214721766962e-09,3.665674273224706e-12,1.2984526546900152e-05,7.019491611704242e-08,8.699248986217061e-05,0.0007564871141853349,0.12326105894685228,0.0001869163639807899,0.1692027136089567,2.321003355248872e-05,0.0002793676586160242,0.00034474506571437945,0.00030308823952355683,0.01837235221048816,0.6627901161866425
0.015546826171875004,503.03220463230724,1.6936672451545618,0.6058331468648649,0.02435180252789758,1.498010029803108e-05,1.9829608032056824e-09,3.914370805787348e-12,1.3200895568686051e-05,7.279850062689699e-08,8.836555229560213e-05,0.0007665580284431189,0.123073068060368,0.0001916547198182188,0.16913691947857443,2.3618156839979572e-05,0.000283544078563272,0.0003447879686132798,0.0003036991252722139,0.01856199580540919,0.6628457307166628
0.015547265625000002,504.7749244661873,1.6993497352398332,0.6038072891031315,0.02433825893119707,1.5255043018116862e-05,2.0776138286663687e-09,4.178286855776059e-12,1.3420671086433021e-05,7.548695196800147e-08,8.975573391735468e-05,0.0007767385877565903,0.12288483828279743,0.00019648468783723744,0.16907045251479189,2.4032151337007002e-05,0.0002877320507487541,0.000344789698249044,0.00030428214708916757,0.018752822629858404,0.6629010593015715
0.015547705078125001,506.5255687840099,1.7050582937301222,0.6017857340410101,0.024324553996776986,1.553464325837675e-05,2.1762394993984844e-09,4.458240071370342e-12,1.3643900559598386e-05,7.826262138701518e-08,9.116316601777767e-05,0.0007870296140165473,0.12269637286773649,0.00020140721047811662,0.16900331264562962,2.445205573092795e-05,0.00029193034471308905,0.0003447506580658211,0.00030483738394868293,0.01894482936115233,0.6629561017085966
0.015548144531250002,508.2840808453132,1.7107927307229802,0.5997685975894794,0.024310686809637976,1.5818954185872513e-05,2.278974340519689e-09,4.755090285252067e-12,1.387063186425663e-05,8.112792239348838e-08,9.258797999454066e-05,0.0007974319314492243,0.12250767507014344,0.00020642321960231866,0.16893549984193687,2.4877908502549858e-05,0.00029613772253775193,0.00034467127324562253,0.00030536492796674704,0.01913801257541621,0.6630108577418649
0.015549023437500004,511.8244817815427,1.7223384760700993,0.5957480316016932,0.024282465178636043,1.640182278066644e-05,2.4971657505487763e-09,5.40212256266228e-12,1.433470049572925e-05,8.71341071843555e-08,9.548989132196425e-05,0.0008185714003367479,0.12212960039519831,0.00021673795898678521,0.16879786756967954,2.5747521585682904e-05,0.00030457565271551425,0.0003443929619259972,0.000306337295894359,0.019527874509384854,0.6631195135043828
0.015549902343750003,515.3955070252717,1.7339848828069033,0.5917466565269494,0.02425358739295858,1.70040602299248e-05,2.733395879558986e-09,6.127347627989845e-12,1.4813242890516872e-05,9.352577298735898e-08,9.846231946577876e-05,0.0008401629984817165,0.12175063636063403,0.00022743711674401188,0.1686575615229046,2.6641284481695892e-05,0.00031303487262944614,0.00034395989292398114,0.0003072010268178523,0.019922374036371548,0.6632270276071701
0.015550781250000003,518.9966855425664,1.7457303765469432,0.5877653105272186,0.02422404621961627,1.7626096347691697e-05,2.9888558279560994e-09,6.938722949870175e-12,1.5306651431667485e-05,1.0032365313311715e-07,0.00010150629909875516,0.000862213318023446,0.12137080887710255,0.00023852772180494084,0.1685145830822602,2.7559500178473382e-05,0.00032150540201783025,0.0003433761715496053,0.0003079573039513158,0.020321480393679797,0.6633333996434898
0.015551660156250003,522.6275393949608,1.757573360800415,0.5838047957208993,0.024193834424440754,1.8268366300640192e-05,3.2647872073527917e-09,7.844880559897299e-12,1.581532488207149e-05,1.075493367122931e-07,0.0001046228671374584,0.0008847289880675707,0.12099014383580671,0.0002500165989013407,0.16836893420253227,2.8502473123206763e-05,0.00032997726736050224,0.0003426461796258456,0.0003086074890848726,0.02072516144088814,0.6634386297198799
0.015552539062500002,526.2875845802188,1.7695122198187425,0.5798658779368985,0.02416294477032919,1.893131140201233e-05,3.5624828930991845e-09,8.85513838344334e-12,1.633966831747255e-05,1.1522532881368296e-07,0.00010781306299489017,0.0009077166743115669,0.12060866709446927,0.00026191035787318217,0.1682206173785711,2.9470511133839332e-05,0.000338440543968116,0.00034177454942822886,0.00030915311169339097,0.021133383735869364,0.6635427184329715
0.015553417968750002,529.9763318667665,1.7815453214172625,0.575949286570883,0.024131370015415373,1.961537999032815e-05,3.883287728964162e-09,9.979525822209137e-12,1.6880093062650865e-05,1.2337510806208627e-07,0.00011107792885630664,0.0009311830786492616,0.12022640446309713,0.00027421538379363507,0.1680696356103591,3.0463927445745893e-05,0.0003468853974293431,0.000340766137125304,0.00030959585765022305,0.021546112612524444,0.663645666846226
0.015554296875000002,533.6932876187306,1.7936710197656265,0.5720557145405408,0.02409910291117597,2.0321028392897914e-05,4.228599212463767e-09,1.122881462286515e-11,1.7437016631379304e-05,1.320231840581624e-07,0.00011441850997661038,0.0009551349387489071,0.1198433816895646,0.0002869378279522285,0.16791599236734228,3.1483042882177284e-05,0.0003553021241148958,0.00033962599593359875,0.00030993755764119384,0.021963312259937796,0.6637474764666934
0.015555175781250001,537.4379546086548,1.8058876581359444,0.5681858183363151,0.024066136200480752,2.1048721973575897e-05,4.599868188491734e-09,1.2614551854651498e-11,1.8010862670647108e-05,1.4119515647812948e-07,0.00011783585499762026,0.0009795790275999494,0.11945962444504402,0.00030008359973002815,0.16775969155215037,3.252818813568789e-05,0.0003636811904534035,0.0003383593491956395,0.00031018017537186944,0.022384945802656604,0.6638481492219006
0.015556054687500001,541.2098328151118,1.8181935715992243,0.56434021816372,0.024032462615596235,2.1798936263585273e-05,4.99859957883637e-09,1.4149093884805881e-11,1.860206090952733e-05,1.509177770772368e-07,0.00012133101628345039,0.0010045221530239536,0.11907515830931524,0.00031365835939385286,0.16760073746383233,3.359970614659894e-05,0.0003720132707133065,0.0003369715635821318,0.0003103257956580273,0.022810975381795957,0.6639476874369601
0.015556933593750003,545.0084202026027,1.8305870896612189,0.5605194981730419,0.023998074876152548,2.2572158173626605e-05,5.426353175591681e-09,1.5845640996146427e-11,1.9211047112934996e-05,1.6121901553371288e-07,0.0001249050502721733,0.0010299711571453716,0.11869000875598869,0.00032766751182964975,0.1674391347607387,3.469795456354402e-05,0.00038028928304667585,0.00033546812260978653,0.0003103766124853153,0.023241362236673103,0.6640460938119938
0.015557812500000002,548.8332134812588,1.8430665388292264,0.5567242067720185,0.02396296568708445,2.336888728484822e-05,5.884744527226738e-09,1.7718272582703876e-11,1.9838263040373597e-05,1.7212812989620325e-07,0.0001285590178418451,0.0010559329158175226,0.11830420113768357,0.0003421162012280096,0.1672748884231835,3.582330827028551e-05,0.00038850042357463827,0.00033385460065483454,0.0003103349171194397,0.02367606678667073,0.6641433713999533
0.015558691406250002,552.6837088441998,1.8556302451025328,0.5529548570167166,0.023927127736556263,2.4189637215666292e-05,6.375445947109036e-09,1.9781982987069735e-11,2.0484156409643615e-05,1.8367574231608392e-07,0.00013229398468908436,0.0010824143380002344,0.1179177606711913,0.00035700930672853426,0.16710800371601428,3.697616196236963e-05,0.00039663819832007005,0.0003321366376291885,0.00031020308634297026,0.024115048713051188,0.6642395235849189
0.015559570312500003,556.559402680343,1.868276536378987,0.5492119270759058,0.02389055369388318,2.503493706075198e-05,6.900187675469144e-09,2.2052718114610985e-11,2.114918086528894e-05,1.9589392073193977e-07,0.0001361110217181321,0.0011094223650837812,0.11753071242267962,0.00037235143902210175,0.16693848615122903,3.815693275662614e-05,0.00040469445281957566,0.0003303199144719871,0.00030998357088910113,0.024558267040420356,0.6643345540609394
0.015560449218750003,560.4597922608614,1.8810037447715684,0.5454958607638855,0.02385323620746036,2.5905332897936844e-05,7.460759227230742e-09,2.4547413015792165e-11,2.1833795951427516e-05,2.0881626721937444e-07,0.00014001120543850702,0.0011369639701550556,0.11714308129297518,0.0003881469379043537,0.1667663414507689,3.9366062816273805e-05,0.0004126613992750004,0.00032841012959385145,0.0003096788841366023,0.025005680217571106,0.6644284668114815
0.015561328125000003,564.3843763976911,1.8938102088294924,0.5418070681366355,0.02381516790271111,2.680138935819622e-05,8.059010959760065e-09,2.7284030686942762e-11,2.2538467088447462e-05,2.224780138229773e-07,0.0001439956183693781,0.0011650461572018035,0.11675489200296292,0.00040439987076758445,0.16659157550961542,4.060402197427255e-05,0.00042053164113287425,0.00032641297639506847,0.00030929159112378865,0.025457246197445507,0.6645212660895448
0.015562207031250002,568.3326560724797,1.906694275658382,0.5381459261463037,0.023776341380067918,2.7723691253246757e-05,8.696855896436238e-09,3.0281602417626365e-11,2.326366555284154e-05,2.3691612685550588e-07,0.0001480653494485779,0.0011936759602490334,0.11636616907916111,0.0004211140320114964,0.16641419435932547,4.187131033755216e-05,0.000428298195007892,0.0003243341219624247,0.00030882429793280383,0.025912922515940483,0.6646129563984848
0.015563085937500002,572.3041350348211,1.919654302935574,0.5345127793487895,0.023736749212998457,2.8672845254797608e-05,9.37627184417747e-09,3.356027013586132e-11,2.4009868459324393e-05,2.521694208987792e-07,0.00015222149444445504,0.0012228604424232563,0.11597693683950785,0.00043829294334887895,0.16623420413212586,4.31684608550549e-05,0.00043595450989480396,0.00032217918703243757,0.000308279641488893,0.026372666369322968,0.6647035424735899
0.015563964843750002,576.2983203686665,1.9326886608167748,0.5309079406593434,0.023696383946089947,2.9649481618932944e-05,1.0099303845646912e-08,3.7141331425407596e-11,2.4777558744174108e-05,2.6827868409042676e-07,0.00015646515636864026,0.0012526066949387364,0.11558721937940793,0.00045593985497663293,0.16605161102569044,4.449604183287421e-05,0.000443494483639697,0.0003199537272918855,0.00030766027981275903,0.026836434690014645,0.6647930292644433
0.015564843750000001,580.3147230260469,1.9457957337311442,0.5273316921511135,0.02365523809320542,3.065425594861789e-05,1.08680670100088e-08,4.104728833432885e-11,2.5567225148573597e-05,2.8528681676303134e-07,0.00016079744588788907,0.0012829218359998583,0.11519704055808427,0.00047405774757826617,0.16586642126871795,4.585465938033589e-05,0.00045091247666758267,0.00031766321606976726,0.000306968882757625,0.027304184220526308,0.6648814219180964
0.015565722656250001,584.3528583274245,1.9589739220624693,0.523784285891646,0.023613304135725734,3.168785098685483e-05,1.1684749769913423e-08,4.5301902030556744e-11,2.6379362200549358e-05,3.0323898615744377e-07,0.00016521948173320569,0.0013138130096130645,0.11480642398527728,0.0004926493351199482,0.1656786410874228,4.724495977155777e-05,0.0004582033229876037,0.0003153130284583738,0.00030620812325634017,0.02777587158533532,0.6649687257630735
0.0155666015625,588.4122464281736,1.9722216437147606,0.5202659448124658,0.023570574520891334,3.275097843259042e-05,1.2551617617025e-08,4.993025738200525e-11,2.7214470193929403e-05,3.2218280081408044e-07,0.00016973239110450056,0.0013452873843010334,0.1144153930083341,0.0005117170683987417,0.1654882766730485,4.8667631707845945e-05,0.00046536233851991905,0.0003129084268851714,0.0003053806690978294,0.028251453360514895,0.6650549462942209
0.015567480468750002,592.49241275087,1.9855373355611934,0.5167768636069852,0.02352704166025803,3.384438077108836e-05,1.3471017374029905e-08,5.495884594400171e-11,2.80730551625679e-05,3.4216850942408795e-07,0.00017433731006910214,0.0013773521517108174,0.11402397069972672,0.0005312631392987312,0.16529533415050482,5.01234084672243e-05,0.00047238532680923806,0.0003104545481417454,0.00030448917524644964,0.028730886140940794,0.6651400891584072
0.015568359375000002,596.5928883831839,1.9989194547757079,0.5133172096521853,0.023482697928281684,3.496883311012402e-05,1.44453820677807e-08,6.041568544222305e-11,2.8955628847895994e-05,3.632492304836195e-07,0.00017903538395243522,0.001410014525105859,0.11363217984504069,0.0005512894857080978,0.16509981954822936,5.161306992840793e-05,0.00047926858220873725,0.0003079563918612497,0.00030353627671244536,0.029214126604910486,0.6652241601410742
0.015569238281250002,600.7132104414832,2.012366480047661,0.5098871239495619,0.023437535661045224,3.612514501310372e-05,1.5477236476115485e-08,6.633051471168169e-11,2.9862708657718342e-05,3.8548122114859405e-07,0.0001838277677194325,0.0014432817377313934,0.1132400429314583,0.0005717977970491513,0.164901738769361,5.313744445770142e-05,0.00048600889063514556,0.0003054188104214788,0.0003025245819766556,0.029701131576046452,0.6653071651536391
0.015570117187500003,604.8529224001335,2.0258769126795384,0.5064867220812286,0.023391547155144264,3.7314162319887615e-05,1.6569203429492056e-08,7.273514815563848e-11,3.079481761393988e-05,4.0892419635864927e-07,0.0001887156263449959,0.0014771610410382597,0.112847582136782,0.0005927895203706708,0.16470109756431875,5.469741064836237e-05,0.0004926035280098688,0.00030284650023717125,0.00030145666696808576,0.030191858082339946,0.6653891102217289
0.015571875000000002,613.1888990748446,2.05308266840454,0.49977517838515584,0.02329708324844725,3.979251295726554e-05,1.8941023734515315e-08,8.71131823788226e-11,3.273528989447446e-05,4.596183722641327e-07,0.0001987794059704107,0.0015467667758974498,0.11206178450509759,0.0006362222274615051,0.1642922165225516,5.7926448687694747e-05,0.0005053491804647732,0.0002976120242282716,0.000299160384983504,0.03118423482250381,0.6655498580043452
0.015573632812500002,621.5964789315765,2.0805223879904964,0.49318371326479393,0.023199255612518295,4.241120771809947e-05,2.1584010564361122e-08,1.0384000700071578e-10,3.478079383413443e-05,5.158646024208106e-07,0.00020923354867374838,0.0016188788649129226,0.11127494944705066,0.0006815964969026269,0.16387327026580747,6.130849998237462e-05,0.0005174959808981472,0.00029229184010461594,0.00029667139982633776,0.032190857493180576,0.665706460996137
0.015575390625000001,630.0722929651085,2.10818507527106,0.4867123711641798,0.023098002572153546,4.517824086514251e-05,2.4522113722807617e-08,1.2321661945659443e-10,3.6935603776238944e-05,5.782384847436038e-07,0.0002200874200925394,0.001693554391228025,0.11048724123952791,0.0007289158667621407,0.16344429874957575,6.485243361872775e-05,0.0005290396478422563,0.0002869169130308849,0.0002940084997675262,0.03321139666145065,0.6658589688764935
0.0155771484375,638.6130939596824,2.1360601617155486,0.4803608883433953,0.022993261868195183,4.810226495363806e-05,2.7781084855197494e-08,1.4557601449211447e-10,3.920407341600141e-05,6.473753022458406e-07,0.0002313505664985875,0.001770850525247766,0.10969881845213826,0.0007781807066693424,0.16300533742278192,6.856800915145436e-05,0.0005399829985798606,0.00028151536466458903,0.0002911895591266916,0.034245530600826406,0.6660074322857872
0.015578906250000002,647.2157594502506,2.164137515756493,0.4741287230430582,0.022884970684856773,5.1192624360681375e-05,3.138870223673136e-08,1.712849550760725e-10,4.159063063501931e-05,7.239766049084653e-07,0.00024303272258887463,0.001850824443642724,0.10890983375075068,0.0008293884905617226,0.16255641674824242,7.24658882797208e-05,0.000550335517741696,0.00027611247033018036,0.00028823146765903813,0.0352929463883451,0.6661519026354132
0.015580664062500003,655.8772929716497,2.1924074462967793,0.4680150847722336,0.02277306569768601,5.445937982944787e-05,3.537501365010781e-08,2.0074712860084453e-10,4.409977066405623e-05,8.088167057499075e-07,0.0002551438180094576,0.001933533239643664,0.10812043374466486,0.0008825340762744294,0.16209756183233434,7.655763458309169e-05,0.000560112867850638,0.00027073070998522323,0.0002851500851727968,0.03635334079318531,0.6662924319576501
0.015582421875000002,664.5948237332545,2.2208607008689905,0.4620189624820271,0.02265748314408672,5.791332263084511e-05,3.977259861054206e-08,2.3440696398884097e-10,4.673604725512636e-05,9.027491629156344e-07,0.0002676939825284852,0.002019033824018099,0.10733075887717136,0.0009376099868294886,0.16162879216477874,8.085570162440561e-05,0.0005693363603356327,0.0002653898629678865,0.0002819602182916799,0.037426420960112526,0.6664290727912006
0.015584179687500001,673.3656048639622,2.2494884589437225,0.45613915143766265,0.022538158918249607,6.156597699855194e-05,4.4616850125987886e-08,2.727539810347883e-10,4.9504061542803025e-05,1.0067132272984964e-06,0.0002806935497901326,0.0021073828162081,0.10654094335851998,0.0009946066888831026,0.16115012146793672,8.537340998611385e-05,0.0005780324039268973,0.00026010713688509975,0.0002786756162440953,0.038511904893759476,0.6665618780982379
0.0155859375,682.1870103757425,2.2782823208944,0.45037427864842666,0.022415028692236782,6.542958957628631e-05,4.9946275451764296e-08,3.1632766918298703e-10,5.240844827922627e-05,1.1217401789052043e-06,0.0002941530595949029,0.002198636425172159,0.10575111513965368,0.0010535128644262228,0.1606615576537071,9.012491403371835e-05,0.0005862319453640583,0.000254897321642505,0.00027530898263606154,0.039609521752040355,0.6666909012088549
0.0155876953125,691.0565309941347,2.3072342931256387,0.44472282675686786,0.022288028064826087,6.951710472850249e-05,5.580281476437219e-08,3.657229174093017e-10,5.545385913819522e-05,1.2489594340863337e-06,0.00030808325866353944,0.002292850319530414,0.10496139592449327,0.0011143156724767475,0.1601631028849757,9.51251593918285e-05,0.0005939699151569283,0.00024977296046287573,0.00027187200032158156,0.04071901195888912,0.6668161957889734
0.015589453125000001,699.9717690012503,2.336336769861628,0.43918315632595617,0.022157092739551614,7.384212470684351e-05,6.223217624105933e-08,4.215960183422038e-10,5.864494280164125e-05,1.3896042692849956e-06,0.00032249509985132904,0.002390079486667722,0.10417190121811205,0.0011770009981243472,0.15965475373761193,0.00010038983227362219,0.0006012846888716845,0.0002447445307189212,0.0002683753666988702,0.041840127147965415,0.6669378158280025
0.015591210937500002,708.9304322319643,2.3655825120734515,0.43375352649521914,0.02202215873317069,7.841885383350242e-05,6.928418561256708e-08,4.846712640004559e-10,6.198632156760558e-05,1.545016968834707e-06,0.0003373997397875307,0.0024903780805120004,0.1033827404077891,0.0012415536868743006,0.15913650145820427,0.0001059353019232855,0.0006082175721882166,0.00023982062845472128,0.0002648288370122687,0.042972629950056976,0.6670558156427999
0.015592968750000002,717.9303273576375,2.394964624001688,0.4284321140042325,0.021883162615544925,8.326202605734525e-05,7.701314778719657e-08,5.557481370696148e-10,6.548256425345965e-05,1.7166531595715114e-06,0.00035280853492132173,0.00259379925778107,0.10259401687367187,0.0013079577627715284,0.15860833231205673,0.000111778557514186,0.0006148123158767072,0.00023500815153325915,0.00026124127351037467,0.04411629363765694,0.6671702498947948
0.015594726562500001,726.9693525840119,2.4244765277036184,0.4232170306047187,0.021740041781648612,8.838681545649427e-05,8.54782175566504e-08,6.357090685023854e-10,6.913815521221633e-05,1.9060850382229081e-06,0.00036873303596073547,0.0027003950025815326,0.10180582812563911,0.0013761966292593197,0.15807022801543608,0.0001179371408943335,0.0006211146649373768,0.0002303124773840522,0.00025762069858692167,0.04527090164060488,0.6672811736174336
0.015596484375,736.0454898816994,2.454111936025634,0.41810633890094345,0.02159273475610892,9.3808729498969e-05,9.474377561828303e-08,7.255276412651628e-10,7.295745933424614e-05,2.1150031215532975e-06,0.00038518498069544304,0.0028102159393583186,0.10101826596288918,0.001446253252137181,0.15752216624562035,0.00012442907658711353,0.0006271719444781296,0.00022573763230612364,0.00025397435030124295,0.046436246946834334,0.6673886422514258
0.0155982421875,745.1567968593025,2.483864824372286,0.41309806667251264,0.02144118153034064,9.954348512706326e-05,1.0487980511185916e-07,8.262768576055553e-10,7.694468297214673e-05,2.3452160438133683e-06,0.0004021762851983577,0.002923311134343686,0.10023141665278573,0.0015181103243285298,0.15696412122193773,0.000131272800441541,0.0006330326834905238,0.00022128645019286187,0.0002503087389318418,0.04761213140221529,0.6674927116855682
0.015600000000000001,754.3013983806646,2.5137294016138507,0.40819021974465763,0.021285323931971446,0.00010560686799670476,1.159622625001199e-07,9.391363204510195e-10,8.110383080312206e-05,2.598647776184238e-06,0.00041971903340468785,0.003039727885849122,0.09944536112558404,0.0015917504124511423,0.15639606435068473,0.0001384870882846256,0.0006387462765262709,0.0002169607193861419,0.0002466297034543954,0.04879836492320624,0.6675934383012223
0.015601318359375001,761.1805523692329,2.5361976129210433,0.4045740566883899,0.02116556196330022,0.00011038076356231746,1.2495018099522005e-07,1.0325849730297994e-09,8.433875685600978e-05,2.8053203387677713e-06,0.00043324705092918485,0.0031292556763786203,0.09885638356434578,0.0016481407984415832,0.15596340522786967,0.00014415388299495078,0.0006429677412064857,0.0002137992741838777,0.00024386492511859414,0.049694747786632146,0.6676668212850759
0.01560263671875,768.0767326568337,2.558723463252595,0.4010123686903163,0.021043313732617853,0.00011535580480037853,1.3455696199365374e-07,1.1342060067507595e-09,8.767457531005292e-05,3.0271968591589404e-06,0.0004470993798382805,0.0032207052479081674,0.09826792666965174,0.0017055178371616275,0.1555250569595579,0.00015004868616704773,0.0006471556577407082,0.00021070931302270618,0.0002410975210950123,0.05059679627207908,0.6677383794550223
0.015603955078125,774.9892022049778,2.5813046980467913,0.39750431539460623,0.02091855729343969,0.00012053846887084851,1.4482259609318944e-07,1.2446531644767811e-09,9.111266903789354e-05,3.2652324557385045e-06,0.0004612813585907248,0.0033140943777248987,0.09768001917641454,0.0017638742555932821,0.1550810053404798,0.0001561797001654365,0.0006513313477182966,0.00020769068536711854,0.00023832932996022425,0.051504437182658874,0.6678081375142734
0.015605273437500001,781.9172355196939,2.60393910288835,0.39404906039599696,0.020791271757562322,0.00012593507391574948,1.5578950022075876e-07,1.3646271585960628e-09,9.46542970258315e-05,3.5204183844607313e-06,0.00047579836442452543,0.003409440013087797,0.09709268836619096,0.001823202862938979,0.15463123611309318,0.0001625551664257274,0.0006555161064368665,0.00020474304518689566,0.00023556203600998344,0.05241759885182782,0.6678761203733616
0.015606591796875001,788.8601166005313,2.6266244963945926,0.390645773017645,0.02066143741330092,0.00013155173120054436,1.6750260730240743e-07,1.4948799690053775e-09,9.830057995872062e-05,3.793779799211411e-06,0.0004906558091502408,0.0035067582084606775,0.09650596012160664,0.0018834965674794165,0.1541757351689886,0.00016918335219323716,0.0006597311576043229,0.00020186587229783007,0.00023279718071106203,0.053336210899597336,0.667942353160164
0.015607910156250002,795.8171369104364,2.649358723170948,0.38729362990628863,0.02052903584787839,0.00013739429554199527,1.800094524067283e-07,1.6362185916479554e-09,0.00010205248527555549,4.086373140614885e-06,0.0005058591346523506,0.0036060640607741587,0.0959198589808955,0.0019447483907438464,0.15371448875524685,0.00017607253832705512,0.0006639976126362824,0.0001990584915875095,0.00023003617363094692,0.054260203984669096,0.6680068612293288
0.015609228515625002,802.787593373863,2.6721396468603564,0.3839918164554014,0.02039405007357792,0.0001434683142865966,1.9336025383744133e-07,1.7895086244369848e-09,0.00010591081177233023,4.399283107304414e-06,0.0005214138081010173,0.003707371642821962,0.09533440819227125,0.002006951479086173,0.15324748368478047,0.00018323100826052294,0.0006683364342080995,0.00019632009027142149,0.00022728030282479433,0.05518950955386042,0.6680696701710073
0.015610546875000002,809.7707864098153,2.6949651433090067,0.3807395280668408,0.020256464657226792,0.00014977897512741142,2.076079875620866e-07,1.955677837571986e-09,0.00010987617383904815,4.733619176293034e-06,0.0005373253168769964,0.0038106939349010272,0.09474962976788129,0.0020700991127612957,0.15277470754970973,0.00019066703819342373,0.0006727684037277419,0.00019364973332793286,0.00022453074466756938,0.05612405959011016,0.668130805818808
0.015611865234375003,816.7660180059827,2.717833093868974,0.3775359712612268,0.020116265852536716,0.00015633105306876735,2.2280845325128116e-07,2.1357197778292154e-09,0.00011394898542779572,5.090511649141923e-06,0.0005535991632131754,0.003916042754812894,0.09416554453712038,0.002134184712596468,0.15229614893684404,0.00019838888857497768,0.0006773140924078762,0.0001910463772625974,0.00022178857312654158,0.05706378636028842,0.6681902942568971
0.015613183593750003,823.7725898396416,2.740741378856749,0.3743803646469647,0.019973441734784388,0.00016312885686752674,2.3902033007809465e-07,2.330697415267048e-09,0.00011812944385832727,5.471107209266144e-06,0.0005702408585570284,0.004023428686353562,0.09358217219911014,0.002199201844351638,0.15181179764435257,0.00020640479692020022,0.0006819938356314997,0.00018850888235244346,0.00021905476847542934,0.05800862216396624,0.6682481618261822
0.015614501953125002,830.7898014505341,2.763687871185137,0.37127193975747647,0.019827982337277554,0.00017017617529638225,2.563052202979934e-07,2.5417468220564344e-09,0.00012241751357645856,5.876563983618518e-06,0.000587255917659148,0.004132861006429953,0.09299953137417713,0.0022651442208610015,0.15132164489872912,0.00021472297198552002,0.0006868277103241657,0.00018603602351931412,0.00021633022545659676,0.05895849908423473,0.6683044351295222
0.015615820312500002,837.8169484706009,2.7866704301848535,0.36820994176579697,0.01967987978901444,0.0001774762235887826,2.747276785033208e-07,2.770080863373004e-09,0.00012681290998859554,6.308046109548774e-06,0.0006046498523941983,0.004244347610954148,0.09241763965418731,0.0023320057020463484,0.15082568357117102,0.00022335158931306506,0.0006918355150663908,0.00018362649997805456,0.0002136157609019016,0.059913348741607225,0.6683591410359194
0.015617138671875003,844.8533209148816,2.8096868956303505,0.3651936300853777,0.01952912845291509,0.00018503159043621443,2.9435522432748383e-07,3.0169928740768553e-09,0.0001313150835025545,6.766717815044756e-06,0.0006224281653212589,0.0043578949396762415,0.09183651365163568,0.002399780292888255,0.15032390839252577,0.0002322987881364922,0.0006970367527010906,0.0001812789438006332,0.0002109121208262923,0.06087310205194894,0.6684123066836533
0.015618457031250001,851.8982015378785,2.8327350819843247,0.36222227886539266,0.01937572506396647,0.00019284418591733715,3.1525833627025754e-07,3.283860290121954e-09,0.0001359232039107624,7.253737027971369e-06,0.0006405963429924801,0.0044735079001345405,0.09125616904739163,0.002468462139441109,0.14981631616595903,0.00024157266962574175,0.0007024506152126436,0.00017899192753110423,0.00020821998701086295,0.06183768898935885,0.668463959482323
0.015619775390625002,858.9508642591165,2.855812772873512,0.35929517738854555,0.019219668866602632,0.00020091519074376374,3.37510424229453e-07,3.572148199390487e-09,0.00014063614525616647,7.770248537295083e-06,0.0006591598490196419,0.004591189790911465,0.09067662063704782,0.0025380455229724705,0.14930290597654214,0.0002511812964325382,0.0007080959706751112,0.0001767639709792661,0.00020553998309431483,0.06280703835483498,0.668514127113778
0.015621093750000002,866.0105726613479,2.878917715807482,0.35641163037896506,0.01906096175061821,0.0002092450072098407,3.6118777826234014e-07,3.883412772635997e-09,0.0001454524713240833,8.317376736631863e-06,0.0006781241169094999,0.00471094222439677,0.09009788237584561,0.002608524852304046,0.1487836793969809,0.00026113269348391495,0.0007139913520872426,0.00017459354731285502,0.00020287268019337959,0.06378107755149405,0.6685628375319119
0.015622412109375003,873.0765785648583,2.9020476171521445,0.3535709582272564,0.018899608384889802,0.00021783321223370485,3.8636949106772896e-07,4.219304531346285e-09,0.00015037042190472997,8.896217987729668e-06,0.0006974945426808927,0.004832765049277745,0.08951996742215221,0.0026798946544310835,0.1482586406887183,0.0002714348499577614,0.0007201549479308741,0.00017247908855936244,0.00020021860207382962,0.06475973236709623,0.6686101189613102
0.015623730468750003,880.1481206807658,2.925200137367869,0.35077249713952185,0.018735616348171995,0.00022667851287322229,4.1313735167807124e-07,4.581571405558495e-09,0.00015538789997065352,9.507832648540937e-06,0.000717276477277206,0.004956656272984536,0.08894288817951476,0.0027521495634911346,0.1477277969976956,0.0002820957223613604,0.0007266045943062266,0.0001704189906195249,0.00019757822989460724,0.06574292676452681,0.6686559998947407
0.015625048828125,887.2244233461599,2.948372886521974,0.3480155992166944,0.018568996256221142,0.0002357787046943794,4.4157570788742446e-07,4.972061531045398e-09,0.00016050245991137914,1.0153236817323768e-05,0.0007374752187897303,0.005082611984335275,0.08836665633732232,0.0028252843081523543,0.14719115854407414,0.00029312323862261446,0.0007333577685130297,0.0001684116178850159,0.00019495200654799235,0.06673058268085753,0.6687005090894864
0.015626367187500004,894.3046953437228,2.9715634200846677,0.3452996324701607,0.01839976188449435,0.0002451306333606261,4.7177129501716405e-07,5.392725731868596e-09,0.0001657112969638768,1.083339385057297e-05,0.0007580960045089725,0.005210626276639309,0.08779128291012717,0.0028992936974894814,0.14664873880525298,0.00030452530309338957,0.0007404315839597851,0.0001664553075432507,0.00019234034061891588,0.06772261983556031,0.6687436755625162
0.015627685546875002,901.3881288079908,2.994769235015972,0.34262398077939277,0.01822793028567639,0.0002547301597994507,5.038130287389939e-07,5.8456196311045555e-09,0.00017101123797182147,1.154920571838616e-05,0.0007791440028216914,0.005340691171525231,0.0872167782757166,0.002974172605411137,0.14610055469157224,0.00031630980235494927,0.0007478427862945524,0.00016454837364262428,0.0001897436099865827,0.0687189555483567,0.6687855285845034
0.01562900390625,908.473898220788,3.017987766152375,0.33998804379674585,0.01805352190127798,0.0002645721292886421,5.377917598411197e-07,6.332905329718258e-09,0.00017639873359995685,1.2301504266104618e-05,0.0008006243049745392,0.005472796543783439,0.08664315221199775,0.0030499159537067597,0.14554662671408247,0.0003284846117086505,0.0007556077506606086,0.00016268911098175865,0.00018716216509112447,0.06971950456721922,0.668826097672696
0.015630322265625003,915.561159497374,3.041216382898759,0.33739123680455685,0.017876560666575596,0.00027465034478652256,5.73799989030927e-07,6.856852591020522e-09,0.0001818698521206354,1.3091042455413985e-05,0.0008225419167243504,0.0056069300475113095,0.0860704139328363,0.003126518693772585,0.14498697914386083,0.000341057602227463,0.0007637424799870392,0.0001608757988771368,0.00018459633188790264,0.07072417890688158,0.6688654125826536
0.015631640625000002,922.6490491652202,3.0644523862323023,0.33483299052914534,0.01769707410816324,0.00028495754481153157,6.119315401282456e-07,7.4198394661135384e-09,0.00018742027487987886,1.391848566169776e-05,0.0008449017498980846,0.005743077043871011,0.08549857212295725,0.003203975787081725,0.14442164016234602,0.0003540366482397503,0.0007722626042305776,0.00015910670485418547,0.00018204641451135533,0.07173288769825006,0.668903503298864
0.015632958984375,929.7366836371017,3.0876930060244283,0.3323127509160383,0.017515093433404027,0.0002954853861545952,6.522811903100355e-07,8.024352294162126e-09,0.00019304529353880804,1.4784403107046305e-05,0.0008677086138867419,0.005881220530781111,0.08492763497202903,0.0032822821844635955,0.14385064200220568,0.0003674296351131266,0.0007811833804891514,0.00015738008829805955,0.00017951269766966767,0.07274553704905978,0.6689404000242569
0.015634277343750003,936.8231585794764,3.110935398684424,0.32982997887065213,0.017330653611105334,0.0003062244316827928,6.949442564185235e-07,8.672985010263556e-09,0.00019873980917319052,1.568925950984674e-05,0.0008909672070971125,0.006021341074863735,0.08435761020810444,0.0033614328042532076,0.14327402107833107,0.0003812444672029353,0.0007905196939096456,0.00015569420409209143,0.0001769954487910298,0.07376202991600406,0.668976133168638
0.015635595703125,943.9075483774,3.134176645129366,0.32738414996821646,0.017143793442755732,0.00031716414346728996,7.400161367472126e-07,9.368437693298375e-09,0.00020449833330049235,1.663340703243964e-05,0.0009146821083877876,0.006163416745987661,0.08378850513055829,0.0034414225093773714,0.14269181810855439,0.0003954890758296784,0.0008002860593143694,0.0001540473062637732,0.000174494919941295,0.07478226598859225,0.6690107333360626
0.0156369140625,950.9889056970055,3.157413749084154,0.3249747541364868,0.016954555623692972,0.0003282928814403982,7.875918081635689e-07,1.0113514286376727e-08,0.00021031499088922424,1.761707760773733e-05,0.0009388577685168108,0.00630742305475632,0.08322032664266889,0.003522246083446762,0.1421040782237262,0.00041017142714995085,0.0008104966234712005,0.00015243765165068654,0.00017201134953203715,0.0758061415849491,0.6690442313111792
0.015638232421875002,958.0662611458389,3.1806436357131966,0.3226012953147411,0.01676298679362148,0.0003395979077559619,8.377652789090918e-07,1.0911119423360288e-08,0.00021618352538968534,1.86403757239234e-05,0.000963498501627415,0.0064533328932866296,0.08265308128403598,0.0036038982059192442,0.14151085106687283,0.000425299529785734,0.0008211651679313508,0.0001508635035919936,0.00016954496383732995,0.07683354955965627,0.669076658044566
0.01563955078125,965.1386230316144,3.2038631505860145,0.3202632910921523,0.016569137575924323,0.00035106539699657365,8.906289979428007e-07,1.1764254296614314e-08,0.00022209730580984867,1.9703271743611623e-05,0.0009886084768004726,0.006601116479640125,0.08208677526298871,0.0036863734264080375,0.14091219088115536,0.00044088144208024617,0.0008323051123584327,0.00014932313564462355,0.00016709597833650428,0.0778643792237676,0.6691080446370934
0.015640869140625,972.2049772197137,3.227069058978377,0.31796027232843715,0.01637306260525769,0.0003626804523383188,9.462732222500264e-07,1.2676011503511426e-08,0.00022804933584409957,2.080559582999582e-05,0.001014191709702772,0.00675074130627242,0.08152141448913824,0.0037696661382113977,0.14030815658639265,0.00045692527885202606,0.0008439295182714171,0.00014781483531752372,0.00016466459889924142,0.07889851627709288,0.6691384223233455
0.0156421875,979.2642870890131,3.250258045508083,0.3156917827596472,0.016174820542976687,0.0003744271277489009,1.004785344117847e-06,1.3649568812210132e-08,0.0002340322650459742,2.1947032547607545e-05,0.0010402520543586562,0.006902172092859142,0.08095700460626729,0.003853770551137906,0.13969881184399313,0.00047343921752214004,0.0008560510931220366,0.0001463369078122665,0.0001622510228286145,0.07993584275273385,0.6691678224541329
0.015643505859375004,986.3154935859021,3.2734267141054305,0.3134573785916094,0.01597447407997754,0.0003862884562607836,1.0662491809870864e-06,1.468818179097765e-08,0.0002400384020204166,2.3127116199638477e-05,0.0010667931950743704,0.007055370743868033,0.0803935510257043,0.003938680663710961,0.13908422511013974,0.0004904315034956465,0.0008686821946268894,0.0001448876797535738,0.00015985543977658595,0.08097623697389705,0.6691962764781317
0.015644824218750002,993.3575153759838,3.2965715883171947,0.31125662808339694,0.015772089926597732,0.0003982464843249576,1.1307442311105817e-06,1.57951752494842e-08,0.00024605972959515894,2.4345226957255647e-05,0.0010938186385438947,0.0072102963112432705,0.07983105896033371,0.004024390234838364,0.13846446967711937,0.0005079104546841241,0.0008818348352736894,0.00014346550288929359,0.00015747803254558812,0.08201957352295423,0.6692238159226929
0.015646142578125,1000.3892490925796,3.3196891119417216,0.3090891111230844,0.015567738789275596,0.0004102823122142802,1.198344898874966e-06,1.697393344483318e-08,0.00025208792191530437,2.560058782915852e-05,0.0011213317061641566,0.007366904962562153,0.07926953345939687,0.004110892755035147,0.13783962370274055,0.0005258844650623272,0.000895520686920827,0.0001420687577358354,0.00015511897778893585,0.08306572322267035,0.6692504723738562
0.015647460937500003,1007.40956987676,3.342775650641652,0.30695441873821344,0.015361495333743383,0.00042237614040708583,1.2691196944927707e-06,1.822788899605821e-08,0.00025811436338983373,2.689226251194601e-05,0.001149335526585045,0.007525149955008522,0.07870897944426435,0.0041981814172941815,0.1372097702279164,0.000544362007124495,0.0009097510853733589,0.00014069585714174374,0.00015277844662410148,0.08411455312941045,0.6692762774556216
0.015648779296875002,1014.4173400752264,3.365827520635462,0.3048521501842013,0.015153438135160542,0.0004345073218055424,1.3431304120309452e-06,1.956051050099397e-08,0.0002641301693888824,2.8219154149406105e-05,0.0011778330284406091,0.007684981615075857,0.07814940174681305,0.004286249087425149,0.13657499718399357,0.0005633516332260437,0.0009245370349599892,0.0001393452497469879,0.0001504566051684085,0.0851659265350703,0.6693012628086533
0.01565009765625,1021.4114085215833,3.38884098614779,0.3027819130519843,0.01494364961519956,0.0004466544194023936,1.4204312913971686e-06,2.097528879569694e-08,0.00027012620864692275,2.9580005000455092e-05,0.001206826933297654,0.00784634732441308,0.07759080515018113,0.004375088274023562,0.1359353973899016,0.00058286197543537,0.0009398892128400141,0.00013801542340862713,0.0001481536150189417,0.0862197029781249,0.6693254600685257
0.015651416015625003,1028.3906081507753,3.41181225134361,0.3007433238480942,0.014732215965227403,0.0004587952692859213,1.5010681699269274e-06,2.2475721900593642e-08,0.00027609312729032193,3.097339703729608e-05,0.0012363197489510525,0.008009191512717404,0.0770331944299346,0.0044646910984807615,0.13529106853664288,0.000602901744017228,0.0009558179731191527,0.0001367049085396881,0.00014586963366771056,0.08727573826786254,0.6693489008433343
0.015652734375,1035.3537568577647,3.434737463040819,0.2987360075859345,0.01451922705560811,0.00047090704883087376,1.5850776307796617e-06,2.406529861974294e-08,0.00028202137435844797,3.239775348679532e-05,0.0012663137630789787,0.008173455657924598,0.07647657439599581,0.0045550492651342984,0.1346421131595691,0.0006234797244635747,0.0009723333506299993,0.00013541228129464574,0.0001436048148632327,0.08833388452110764,0.6693716166907245
0.015654052734375,1042.299658437263,3.4576127137043633,0.2967595973799166,0.014304776331422586,0.0004829663497933142,1.6724861551198521e-06,2.5747480800811772e-08,0.00028790122869191016,3.385134130904525e-05,0.001296811037251874,0.008339078293837015,0.07592094993596811,0.0046461540315859895,0.1339886385992461,0.0006446047729820679,0.0009894450642717715,0.00013413616657819035,0.00014135930892838903,0.08939399021004547,0.6693936390944523
0.015655371093750002,1049.2271036014472,3.4804340447120543,0.2948137340437416,0.014088960694765,0.0004949492560036342,1.7633092855381283e-06,2.752568427578589e-08,0.0002937228270604634,3.5332274599967913e-05,0.001327813401314657,0.008505995025460487,0.07536632605992415,0.004737996179304473,0.1333307569511186,0.0006662858103776615,0.0010071625198200232,0.00013287524085409485,0.00013913326304127114,0.09045590022085945,0.6694149994405262
0.015656689453125,1056.1348710729078,3.503197449883267,0.29289806569385723,0.013871880373826063,0.0005068314253186685,1.8575508085248516e-06,2.940325851467149e-08,0.00029947619339740423,3.6838518896877284e-05,0.0013593224481621578,0.0086741385523104,0.07481270794666567,0.004830565984638472,0.1326685850041628,0.000688531814272351,0.001025494812121943,0.00013162823473276248,0.0001369268214847868,0.0915194559229469,0.6694357289929957
0.0156580078125,1063.0217287499117,3.525898879261142,0.29101224735901127,0.013653638779038194,0.0005185881754612191,1.9552019640904405e-06,3.138346503716021e-08,0.00030515126900235233,3.836789635838301e-05,0.0013913395289261916,0.008843438699922969,0.07426010099144269,0.004923853190369612,0.1320022441687446,0.000711351809616597,0.0010444507265977019,0.00013039393531818233,0.0001347401258700236,0.09258449524846209,0.6694558588694401
0.015659326171875,1069.8864349404182,3.5485342431366944,0.28915594059685734,0.01343434234663756,0.0005301945733436355,2.05624069082239e-06,3.3469454640086095e-08,0.0003107379435701506,3.9918091782944776e-05,0.0014238657485886753,0.00901382245976834,0.07370851085513709,0.005017846977929061,0.13133186039396785,0.0007347548574529134,0.001064038739972555,0.00012917118829748028,0.00013257331533779142,0.09365085278184392,0.6694754200162245
0.01566064453125,1076.7277396616344,3.5710994163044143,0.2873288131183262,0.013214100370046139,0.0005416255274442275,2.1606309147908482e-06,3.566424351156135e-08,0.0003162260869014142,4.1486659424169405e-05,0.0014569019620355463,0.00918521403774445,0.07315794351485566,0.005112535940410229,0.1306575640747745,0.0007587500419023057,0.001084267020171943,0.00012795889975869635,0.00013042652674189785,0.09471835985904506,0.6694944431835854
0.015661962890625,1083.5443860017606,3.593590242538361,0.28553053842039183,0.012993024819538655,0.0005528558827788623,2.268321890736921e-06,3.797068831513792e-08,0.0003216055811486973,4.3071030555318876e-05,0.0014904487705644706,0.009357534911398683,0.07260840531585461,0.0052079080565106805,0.12997948994907807,0.0007833464553532297,0.0011051434253189659,0.00012675603772505434,0.0001282998948170433,0.09578684467616715,0.6695129589006115
0.01566328125,1090.3351115399666,3.6160025392757618,0.28376079542790017,0.012771230150735119,0.000563860517985464,2.379247603891211e-06,4.03914603385164e-08,0.000326866353451293,4.466852173047407e-05,0.0015245065188550819,0.009530703895978033,0.07205990302473517,0.005303950665529885,0.12929777698527994,0.0008085531818401121,0.0011266755017798305,0.0001255616333967388,0.00012619355233373786,0.09685613240711703,0.669530997450188
0.015664599609375003,1097.098649821027,3.6383321024963324,0.2820192681449111,0.01254883310250175,0.0005746144440190295,2.493326240590938e-06,4.2929018810827066e-08,0.0003319984088124591,4.6276343685725884e-05,0.001559075292410944,0.009704637219384735,0.07151244388378761,0.005400650443555814,0.12861256826048456,0.0008343792786094631,0.0011488704812125335,0.00012437478209373514,0.00012410763024188503,0.09792604532996727,0.669548588843973
0.015665917968750002,1103.8337318808092,3.660574711784689,0.2803056453159645,0.012325952484902659,0.000585092903936648,2.6104597355630097e-06,4.55855834986403e-08,0.00033699186307393163,4.789161082025621e-05,0.0015941549154800275,0.009879248606073338,0.07096603566634847,0.005497993380970553,0.1279240108297618,0.000860833755880795,0.001171735276582452,0.00012319464389584663,0.00012204225780416289,0.09899640296167304,0.6695657627974769
0.015667236328125,1110.539087818583,3.6827261355624725,0.2786196200976403,0.012102708957901583,0.0005952714732372084,2.7305334033206677e-06,4.8363106692031035e-08,0.00034183697584439274,4.951135119432112e-05,0.0016297449494578934,0.010054449369881976,0.07042068673302593,0.005595964761401289,0.12723225558682966,0.0008879255548189062,0.0011952764771172816,0.00012202044397839117,0.00011999756271985765,0.10006702220076849,0.6695825487053129
0.015668554687500003,1117.2134484120227,3.704782136476381,0.27696088974072103,0.01187922480156315,0.000605126160209468,2.8534156605806446e-06,5.126324468575696e-08,0.0003465241832411208,5.113251697893215e-05,0.0016658446917760135,0.010230148515749913,0.06987640608862651,0.005694549142240404,0.12653745711654832,0.0009156635237441992,0.0012195003421832287,0.00012085147264423016,0.00011797367123933678,0.10113771747765721,0.6695989756166927
0.015669873046875,1123.855546770807,3.7267384769284284,0.27532915528316987,0.011655623678545128,0.0006146335057350102,2.9789578459422793e-06,5.428732884328127e-08,0.0003510441303072048,5.275199529035423e-05,0.0017024531752763885,0.010406252850234034,0.06933320343958738,0.005793730336856651,0.12583977353961429,0.0009440563926186368,0.001244412794074566,0.00011968708505460992,0.0001159707082688863,0.1022083009121223,0.6696150722112398
0.01567119140625,1130.4641200247625,3.748590924734769,0.27372412125405676,0.01143203038971196,0.0006237706819893598,3.1069941422742555e-06,5.743633629764385e-08,0.00035538770297028537,5.436661934126884e-05,0.001739569168072707,0.010582667100697444,0.06879108925168916,0.0058934913986170775,0.12513936634984685,0.0009731127458563866,0.0012700194097192519,0.0001185267006627807,0.00011398879746523124,0.10327858247769436,0.6696308667751874
0.015672509765625002,1137.037911041911,3.7703352588975,0.27214549538864174,0.011208570623755134,0.0006325155894844771,3.2373416063125165e-06,6.071086028503846e-08,0.0003595460594122761,5.5973179839294384e-05,0.00177719117389394,0.01075929404298693,0.06825007480784726,0.005993814606827122,0.12443640024451767,0.0010028409935173971,0.0012963254113118,0.00011736980235552402,0.00011202806131888253,0.1043483701724295,0.6696463871780363
0.015673828125,1143.575670172192,3.7919672754751654,0.27059298835465706,0.01098537070172456,0.0006408469519014249,3.369800308910401e-06,6.411108001386414e-08,0.0003635106607239291,5.7568436562740136e-05,0.0018153174329072568,0.010936034637384753,0.06771017226572437,0.0060946814546974605,0.12373104294813936,0.0010332493409557603,0.0013233356558967392,0.00011621593530822463,0.00011008862122503653,0.10541747019571908,0.6696616608497404
0.015675146484375,1150.0761570125403,3.813482793537271,0.26906631348980115,0.010762557317405197,0.000648744408171132,3.504153588169266e-06,6.763672982704815e-08,0.0003672733007222954,5.914913004244976e-05,0.001853945923015833,0.011112788172577206,0.06717139471489218,0.006196072639439812,0.12302346503013531,0.0010643457570069853,0.001351054623936871,0.00011506470555915085,0.00010817059754053859,0.10648568713074734,0.6696767147584896
0.01567646484375,1156.5381421884697,3.834877661185984,0.2675651865505682,0.010540257274514504,0.000656188601274156,3.640168416308399e-06,7.128706719472889e-08,0.0003708261348131048,6.071199327714567e-05,0.0018930743616230995,0.011289452417327223,0.06663375623329656,0.006297968054579479,0.12231383971687416,0.0010961379408087938,0.001379486406909604,0.00011391577830805716,0.0001062741096253901,0.10755282413213095,0.6696915753891544
0.015677124023437503,1159.7542091869057,3.8455282131260176,0.2668241396098145,0.010429343896868908,0.000659733831377513,3.7087081707586272e-06,7.315860187301839e-08,0.0003725210756238426,6.148554001850906e-05,0.001912826164848126,0.011377715313237238,0.06636536847801529,0.00634909728629908,0.12195831148764875,0.0011122982995141076,0.0013939715434744988,0.00011334205420101758,0.00010533395930357798,0.10808592641128331,0.6696989427915137
0.015677783203125,1162.9601488236226,3.856146909088427,0.2660893843010859,0.010318607218696025,0.0006631583831391626,3.777570097277217e-06,7.506090564925557e-08,0.0003741604420638441,6.225336803980627e-05,0.0019327028665584607,0.011465916625921172,0.066097271747518,0.006400344771697148,0.12160233509469931,0.0011286359945339131,0.0014086369064247252,0.00011276880973036257,0.0001043992681259166,0.10861868308030381,0.6697062727915453
0.015678442382812498,1166.1558104939313,3.866733238109661,0.2653608856957272,0.010208063086230184,0.0006664601394803582,3.846720520414329e-06,7.699375119069326e-08,0.00037574335709992433,6.301506750032305e-05,0.001952704116663693,0.011554043151616003,0.06582946810161831,0.006451707766469116,0.12124593294079347,0.0011451519041597914,0.001423482901134279,0.00011219601890024391,0.00010347005103329734,0.10915106911950945,0.6697135685635199
0.0156791015625,1169.3410446214566,3.877286692210007,0.2646386089724633,0.010097727303535647,0.0006696370605717048,3.916124892754214e-06,7.895687858124064e-08,0.00037726897066696786,6.377023048795501e-05,0.001972829549237083,0.01164208162257652,0.06556195967301662,0.006503183474910979,0.12088912755787916,0.001161846883572075,0.00143850990780729,0.00011162365918844524,0.00010254632291528581,0.10968305945453036,0.6697208332473326
0.0156797607421875,1172.5157027154255,3.8878067665653,0.2639225194107081,0.00998761562417795,0.0006726871860377819,3.985747820527703e-06,8.094999476030414e-08,0.00037873646041424434,6.451845135162527e-05,0.0019930787826206707,0.011730018712715595,0.06529474866893625,0.0065547690499549345,0.1205319416006209,0.001178721763653562,0.0014537182810284704,0.00011105171148008996,0.00010162809860899641,0.11021462896266185,0.6697280699479219
0.015680419921875,1175.6796374275668,3.8982929597054703,0.2632125823841239,0.009877743742923002,0.00067560863706764,4.055553091313737e-06,8.297277298932083e-08,0.0003801450324261717,6.525932703453737e-05,0.002013451419542366,0.011817841043333999,0.06502783737271595,0.006606461593246505,0.12017439783985691,0.0011957773497961106,0.001469108349313335,0.00011048015999827349,0.00010071539289777691,0.11074575247926399,0.6697352817347192
0.015681079101562502,1178.8327026088884,3.908744773708167,0.2625087633543579,0.009768127287468734,0.000678399618433174,4.125503703766146e-06,8.50248523490343e-08,0.0003814939219193737,6.59924574076543e-05,0.0020339470472379912,0.011905535188934795,0.06476122814537624,0.006658258155259728,0.11981651915601522,0.001213014420693145,0.0014846804146506007,0.000109908992231963,9.980822050950542e-05,0.11127640480419491,0.6697424716411108
0.01568173828125,1181.9747533662965,3.919161714392021,0.26181102786495525,0.00965878181021627,0.0006810584204114751,4.195561899319317e-06,8.710583727146813e-08,0.0003827823939149922,6.671744560261364e-05,0.002054565237579482,0.011993087683119819,0.06449492342715071,0.006710155735452034,0.11945832853248171,0.0012304337271206753,0.0015004347520388352,0.00010933819886146003,9.89065961145009e-05,0.11180656070828246,0.6697496426639162
0.015682397460937497,1185.1056461190828,3.9295432915096287,0.26111934153543254,0.009549722780086268,0.0006835834206081904,4.265689195821235e-06,8.921529710993242e-08,0.0003840097438856091,6.743389834338891e-05,0.0020753055472095714,0.012080485024565995,0.06422892573897394,0.006762151282460208,0.11909984904891646,0.0012480359907084348,0.0015163716090184226,0.00010876777368169148,9.801053432301531e-05,0.11233619493984277,0.6697567977628831
0.015683056640625,1188.2252386550974,3.9398890189396285,0.26043367005554463,0.009440965574393608,0.000685973085678889,4.335846423034244e-06,9.135276574990182e-08,0.0003851752983760704,6.81414262760111e-05,0.0020961675176818908,0.012167713683073053,0.06396323768393648,0.006814241694335215,0.11874110387453933,0.001265821902701587,0.001532491205198849,0.00010819771352360897,9.712004968233876e-05,0.11286528223121653,0.6697639398601978
0.0156837158203125,1191.3333901866472,3.9501984148780203,0.2597539791797237,0.009332525470785403,0.0006882259729457939,4.405993759945447e-06,9.351774126346678e-08,0.00038627841559762575,6.883964429576489e-05,0.0021171506756068994,0.012254760105680532,0.0636978619486978,0.006866423818817431,0.1183821162613785,0.0012837921227147632,0.0015487937317824945,0.00010762801817391426,9.623515667348253e-05,0.11339379730533333,0.6697710718400149
0.015684375,1194.4299614061672,3.960471002028876,0.2590802347216728,0.009224417639247284,0.0006903407319073857,4.476090773825086e-06,9.570968560982896e-08,0.00038731848599481123,6.952817187131587e-05,0.002138254532804092,0.012341610722851799,0.06343280130484727,0.006918694453653873,0.11802290953747707,0.0013019472774802683,0.001565279351086175,0.00010705869029331084,9.535586970740668e-05,0.1139217148823149,0.6697781965480035
0.0156850341796875,1197.5148145414762,3.9707063077937974,0.25841240254914444,0.009116657134190907,0.0006923161056383659,4.54609646096238e-06,9.792802438395336e-08,0.00038829493278443614,7.020663336520971e-05,0.0021594785864593744,0.012428251954716136,0.06316805861022358,0.006971050346954995,0.11766350710007775,0.0013202879595910124,0.0015819481960605115,0.00010648973533350917,9.448220312082491e-05,0.11444900968608773,0.6697853167909105
0.015685693359375003,1200.5878134106595,3.980903864460267,0.2577504485788862,0.009009258886627413,0.0006941509320778412,4.615969289009761e-06,1.0017214661547356e-07,0.00038920721246615077,7.087465835027223e-05,0.0021808223192880333,0.0125146702173664,0.06290363681018364,0.007023488197592555,0.11730393240878036,0.0013388147262400698,0.0015988003698084014,0.00010592116145315665,9.361417117155523e-05,0.11497565645101612,0.6697924353361425
0.015686352539062504,1203.648823476524,3.9910632093887273,0.2570943387717552,0.008902237696435071,0.0006958441452036727,4.685667240860557e-06,1.0244140461972786e-07,0.00039005481530405845,7.153188192144629e-05,0.002202285199703069,0.012600851929206723,0.06263953893881952,0.0070760046556382775,0.11694420897867773,0.0013575280979582517,0.0016158359451033915,0.00010535297943287175,9.275178803341351e-05,0.11550162992854895,0.6697995549113682
0.01568701171875,1206.6977119005708,4.001183885198149,0.25644403912800395,0.008795608224729017,0.0006973947760911316,4.755147859981471e-06,1.0473511390266327e-07,0.0003908372657788517,7.217794500262892e-05,0.0022238666819886527,0.012686783517344726,0.06237576812012282,0.007128596322842999,0.11658436037347608,0.0013764285573510976,0.0016330549639087515,0.00010478520258955011,9.18950677906485e-05,0.11602690489387374,0.6698066782041354
0.0156876708984375,1209.7343475965233,4.011265439950269,0.25579951568272014,0.008689384986337699,0.0006988019538542345,4.824368297119805e-06,1.0705255312128804e-07,0.0003915541230100119,7.281249464811864e-05,0.0022455662064791338,0.012772451424025192,0.062112327569087133,0.007181259753157632,0.11622441019859335,0.0013955165478373379,0.0016504574368986216,0.00010421784669008513,9.104402443189034e-05,0.1165514561525878,0.6698138078615115
0.015688330078125,1212.7586012832298,4.021307427331859,0.2551607345014497,0.008583582342398274,0.0007000649064682058,4.8932853582967e-06,1.0939296410106247e-07,0.000392204981147569,7.343518433825494e-05,0.002267383199742462,0.01285784211309582,0.06184922059275911,0.007233991453293349,0.11586438209425699,0.0014147924723895164,0.0016680433429813438,0.00010365092986467826,9.019867184364965e-05,0.1170752585473591,0.6698209464897393
0.0156889892578125,1215.770345536979,4.031309406835145,0.2545276616759852,0.00847821449307516,0.0007011829614718394,4.961855553999375e-06,1.1175555191166369e-07,0.00039278946973301035,7.404567426890324e-05,0.0022893170747684374,0.0129429420765019,0.06158645059122856,0.0072867878833221674,0.11550429972859595,0.0014342566922788632,0.0016858126288263606,0.0001030844725198675,8.935902380334139e-05,0.11759828696458534,0.6698280966539145
0.015689648437500002,1218.7694548432682,4.041270943936531,0.2539002633203026,0.008373295470405974,0.0007021555465487006,5.0300351494819775e-06,1.1413948500244954e-07,0.000393307254028941,7.464363163445235e-05,0.0023113672311622364,0.013027737840806585,0.06132402105854901,0.007339645457319158,0.11514418679071978,0.0014539095258265852,0.001703765208396098,0.00010251849725139476,8.85250939718103e-05,0.11812051634106284,0.6698352608776821
0.015690307617187503,1221.7558056478426,4.051191610272991,0.25327850556667475,0.008268839131286567,0.0007029821899862192,5.097780216076434e-06,1.1654389539865652e-07,0.00039375803531707307,7.522873090396283e-05,0.0023335330553420465,0.013112215973727082,0.06106193558359874,0.007392560544043519,0.1147840669838073,0.001473751247162331,0.0017219009624829685,0.00010195302875707054,8.769689588539757e-05,0.11864192167063589,0.6698424416429523
0.015690966796875,1224.7292764070273,4.06107098381622,0.25266235456194863,0.008164859150599585,0.0007036625210120281,5.165046683416349e-06,1.1896787895941122e-07,0.0003941415511642045,7.580065409016267e-05,0.0023558139207411175,0.01319636309068292,0.06080019785087501,0.007445529467659302,0.11442396401819994,0.0014937820849919273,0.0017402197382528123,0.00010138809374975016,8.687444294753256e-05,0.1191624780108342,0.669849641389637
0.015691625976562498,1227.6897476373756,4.070908649044595,0.25205177646397164,0.008061369014490708,0.0007041962700070728,5.231790392474201e-06,1.2141049569852263e-07,0.0003944575756558551,7.635909101099711e-05,0.0023782091880145627,0.013280165861352262,0.06053881164121359,0.007498548508496565,0.11406390160449639,0.0015140022213765252,0.001758721348796147,0.00010082372087053226,8.605774841983389e-05,0.11968216048950546,0.6698568625154053
0.01569228515625,1230.637101964453,4.080704197112379,0.2514467374381957,0.007958382013803849,0.0007045832685951889,5.297967149304774e-06,1.2387077016874407e-07,0.0003947059195972378,7.690373954341183e-05,0.0024007182052497213,0.013363611016226486,0.06027778083244458,0.007551613903850067,0.11370390344666913,0.0015344117905239662,0.0017774055726873256,0.00010025994060232502,8.524682541276426e-05,0.12020094431141506,0.6698641073754594
0.0156929443359375,1233.5712241707959,4.090457226016233,0.250847203654443,0.00785591123767851,0.0007048234496091013,5.363532779390392e-06,1.2634769191025674e-07,0.0003948864306812977,7.743430586910242e-05,0.0024233403081805067,0.013446685353159484,0.0600171093999755,0.0076047218488164686,0.11334399323519764,0.0015550108775946286,0.0017962721535530605,9.969678518388131e-05,8.444168687582124e-05,0.12071880476482305,0.6698713782823307
0.015693603515625,1236.4920012430823,4.10016734075923,0.2502531412838153,0.007753969567312482,0.000704916846932982,5.428443182481192e-06,1.288402159640172e-07,0.00039499899362357483,7.795050471196857e-05,0.0024460748204061925,0.01352937574390779,0.05975680141729276,0.007657868497170875,0.1129841946402114,0.001575799517524075,0.0018153207996517652,9.91342885244005e-05,8.364234558724984e-05,0.12123571722804757,0.6698786775056964
0.015694262695312503,1239.3993224183369,4.10983415351171,0.2496645164957761,0.00765256966990042,0.0007048635952218926,5.4926543878169436e-06,1.3134726345032426e-07,0.00039504353026365637,7.845205956698027e-05,0.0024689210536134446,0.013611669140651917,0.05949686105639287,0.00771104996227978,0.1126245313046649,0.0015967776938633346,0.0018345511834638314,9.857248611883619e-05,8.284881414332405e-05,0.12175165717598777,0.6698860072722158
0.015694921875,1242.2930792291909,4.119457283769089,0.2490812954553912,0.007551723992751484,0.0007046639294986601,5.556122609619692e-06,1.338677222130204e-07,0.0003950199996330351,7.893870292020586e-05,0.0024918783078018893,0.013693552582494477,0.05923729258813543,0.007764262318050897,0.11226502683753938,0.0016179453376390246,0.001853962941294166,9.801141496400621e-05,8.206110494718869e-05,0.12226660018661188,0.6698933697653866
0.015695581054687498,1245.173165548222,4.1290363585066725,0.2485034443207163,0.00745144475758919,0.0007043181846289327,5.618804302745077e-06,1.364004475296479e-07,0.0003949283979892165,7.941017645975638e-05,0.0025149458715135894,0.013775013201931073,0.05897810038251161,0.00781750159992036,0.11190570480706807,0.001639302326235568,0.0018735556728883896,9.745111347560401e-05,8.127923019725663e-05,0.12278052194741942,0.6699007671254217
0.015696240234375,1248.0394776311978,4.138571012330886,0.24793092924035665,0.007351743955043169,0.0007038267946753624,5.680656218374628e-06,1.389442628876168e-07,0.00039476875881594436,7.986623127736922e-05,0.002538123022065178,0.013856038231283991,0.05871928890883842,0.007870763805874174,0.11154658873400537,0.0016608484823003266,0.0018933289410627077,9.689162140624564e-05,8.050320187521109e-05,0.12329339826184817,0.6699082014491471
0.0156968994140625,1250.8919141592612,4.148060887627079,0.24736371635118393,0.007252633339334883,0.0007031902921320682,5.741635459635239e-06,1.4149796082654436e-07,0.0003945411527894565,8.030662806039434e-05,0.002561409025783092,0.013936615009095007,0.05846086273587095,0.007924044897504557,0.11118770208493406,0.0016825835726739652,0.0019132822713489124,9.633297976464778e-05,7.97330317336047e-05,0.12380520505563641,0.6699156747899174
0.01569755859375,1253.7303762800948,4.157505634703959,0.24680177177619464,0.007154124423159193,0.0007024093070406974,5.801699537031379e-06,1.4406030384686039e-07,0.00039424568771070673,8.073113727394457e-05,0.0025848031382423925,0.014016730986473509,0.058202826531824216,0.007977340801101847,0.11082906826560468,0.001704507307348457,0.0019334151516559636,9.577523073603261e-05,7.896873128305135e-05,0.12431591838315051,0.6699231891575539
0.015698217773437502,1256.5547676478936,4.166904911934168,0.24624506162253565,0.007056228472770736,0.000701484565989635,5.860806423570706e-06,1.4663002538453294e-07,0.00039388250840353023,8.113953933293662e-05,0.002608304604507901,0.014096373733390146,0.057945185064315785,0.008030647408778692,0.11047071061432699,0.0017266193384534814,0.0019537270319481327,9.52184176038998e-05,7.821031177906278e-05,0.12482551443364952,0.6699307465183006
0.015698876953125,1259.3649944621702,4.176258385890976,0.24569355197968526,0.006958956503276958,0.0007004168909980777,5.918914609468192e-06,1.4920583085190898e-07,0.0003934517965787693,8.153162476377992e-05,0.0026319126593780133,0.014175530944911977,0.057687943200222615,0.008083960579626757,0.11011265239541053,0.0017489192592734417,0.0019742173239410176,9.466258467327005e-05,7.745778420853166e-05,0.12533396953749468,0.6699383487948014
0.015699536132812497,1262.1609655054128,4.185565731481278,0.24514720891777647,0.006862319274139497,0.0006992071982868446,5.975983156314023e-06,1.5178639874465895e-07,0.00039295377066439436,8.190719435546266e-05,0.0026556265276315148,0.014254190447374911,0.05743110590544594,0.008137276140906277,0.10975491679264865,0.0017714066032973484,0.001994885400816735,9.410777719550996e-05,7.671115927586382e-05,0.12584126017231034,0.6699459978660955
0.015700195312499998,1264.942592179432,4.194826632074219,0.24460599848608922,0.006766327284892013,0.0006978564969380532,6.031971750587295e-06,1.5437038181465731e-07,0.0003923886856017306,8.226605929975166e-05,0.0026794454242761584,0.01433234020448396,0.05717467824459491,0.008190589889264991,0.10939752690286764,0.0017940808433022485,0.0020157305969581906,9.355404129489138e-05,7.59704473888157e-05,0.1263473629690696,0.6699536955676347
0.0157008544921875,1267.7097885404362,4.204040779625678,0.24406988671169358,0.006670990771074972,0.000696365887445888,6.086840756402832e-06,1.569564083088765e-07,0.0003917568326079098,8.26080413202426e-05,0.0027033685547994354,0.014409968323337762,0.056918665380582094,0.008243897591986907,0.10904050572953368,0.001816941390472487,0.002036752207703763,9.300142389700497e-05,7.523565864403709e-05,0.12685225471811323,0.6699614436913158
0.015701513671875,1270.462471332872,4.213207874798673,0.24353883959823286,0.006576319700387912,0.0006947365601608438,6.140551267379782e-06,1.5954308327447105e-07,0.0003910585389047027,8.293297278998422e-05,0.0027273951154220683,0.014487063060373902,0.05666307257412305,0.008297194988271426,0.10868387617641218,0.0018399875935571075,0.00205794948912378,9.244997265915773e-05,7.450680281232364e-05,0.12735591237511415,0.6699692439855366
0.0157021728515625,1273.20056002187,4.222327627079173,0.24301282312486752,0.00648232376906631,0.0006929697936300715,6.193065157517947e-06,1.6212898993018318e-07,0.0003902941674139643,8.324069683735618e-05,0.0027515242933529075,0.014563612827225689,0.056407905183151516,0.008350477790539143,0.10832766104129919,0.001863218738065966,0.0020793216578185686,9.189973590293455e-05,7.378388932363601e-05,0.1278583130669571,0.6699770981552683
0.01570283203125,1275.9239768243217,4.231399754887386,0.24249180324537026,0.006389012398483369,0.0006910669528365375,6.244345130973913e-06,1.64712691104585e-07,0.0003894641164199445,8.353106743988835e-05,0.002775755267045604,0.014639606196486797,0.05615316866214448,0.008403741685764582,0.10797188300982033,0.0018866340455066374,0.00210086789073923,9.135076254908091e-05,7.306692725189486e-05,0.12835943409754372,0.6699850078621458
0.015703491210937497,1278.6326467386123,4.24042398568462,0.24197574588735982,0.006296394731976948,0.0006890294873398275,6.294354770631069e-06,1.6729273074194868e-07,0.0003885688191987453,8.380394950568284e-05,0.0028000872064574264,0.014715031907380126,0.05589886856135166,0.00845698233683581,0.10761656464929355,0.001910232672664204,0.0021225873250323188,9.080310205488019e-05,7.23559252995624e-05,0.1288592529535284,0.6699929747245795
0.015704150390624998,1281.3264975728557,4.249400056075201,0.24146461695169624,0.006204479631907766,0.0006868589293216837,6.3430585853566766e-06,1.6986763547671215e-07,0.0003876087436153107,8.405921894204985e-05,0.00282451927330892,0.014789878871321993,0.05564501052594058,0.008510195383937397,0.10726172840267402,0.001934013710924327,0.0021444790579080476,9.02568043542539e-05,7.16508917820692e-05,0.1293577473099587,0.670001000317882
0.0157048095703125,1284.0054599716734,4.258327711903553,0.24095838231202402,0.006113275676947964,0.0006845568915393803,6.390422055846119e-06,1.7243591627815634e-07,0.0003865843916883335,8.429676271095752e-05,0.002849050621344896,0.014864136177378875,0.055391600295051205,0.008563376445956969,0.10690739658257647,0.001957976185641684,0.002166542146533181,8.971191980079733e-05,7.09518346120953e-05,0.1298548950358305,0.6700090861744146
0.01570546875,1286.6694674415598,4.267206708346634,0.24045700781444787,0.006022791159598886,0.0006821250651901309,6.436411678957374e-06,1.7499607016747253e-07,0.00038549629912349695,8.45164788708508e-05,0.002873680396597264,0.014937793097613773,0.055138643700752825,0.008616521121915644,0.10655359136536678,0.0019821190555558282,0.002188775607949756,8.916849911398952e-05,7.025876128371391e-05,0.13035067419956742,0.6700172337837506
0.0157061279296875,1289.3184563746859,4.2760368100011705,0.23996045927736492,0.005933034083943382,0.0006795652176899885,6.4809950104388145e-06,1.7754658200990538e-07,0.00038434503481559785,8.47182766043235e-05,0.002898407737648398,0.015010839092313936,0.05488614666691579,0.008669624992418709,0.1062003347853435,0.0020064412122546916,0.0022111784190191053,8.862659332888615e-05,6.957167885645989e-05,0.1308450630743985,0.6700254445928564
0.015706787109375002,1291.9523660711818,4.28481779096619,0.23946870249142038,0.005844012163630904,0.0006768791903706612,6.524140705960984e-06,1.8008592638570197e-07,0.0003831312003200845,8.490207623108864e-05,0.0029232317758955515,0.015083263815097565,0.05463411520799134,0.00872268362112673,0.10584764872900214,0.0020309414796876478,0.0022337495163921657,8.808625374960295e-05,6.889059393933286e-05,0.13133804014364325,0.6700337200062895
0.01570810546875,1297.174844495827,4.302231949505175,0.2384994042296814,0.005668199216036887,0.0006711347168607417,6.606029327014813e-06,1.8512646062436115e-07,0.00038051793215486694,8.521550036718489e-05,0.002973165294570021,0.015226216049294299,0.0541314682502442,0.008828651936768038,0.10514407260118315,0.002080471457387914,0.0022793921661650894,8.701045546014555e-05,6.754646239643579e-05,0.13231967891087987,0.6700504678944437
0.015709423828125,1302.3366141714491,4.319448036666169,0.23754881366900052,0.005495397964015379,0.0006649115906625051,6.681849435886723e-06,1.901041340100316e-07,0.0003776638643329514,8.545669754574576e-05,0.0030234724960622214,0.015366577545468513,0.0536307551332244,0.008934385897470733,0.10444302420370351,0.0021306957160443694,0.002325691914911812,8.594150590563174e-05,6.622626246080081e-05,0.13329544019381603,0.6700674870608055
0.0157107421875,1307.4373001925098,4.336464609234703,0.2366166564878483,0.005325659064001968,0.0006582269222766926,6.75139681504084e-06,1.950066308978586e-07,0.0003745749438679021,8.562546187232928e-05,0.003074146185402539,0.015504273542658842,0.05313202707374924,0.009039849579807172,0.10374467180952782,0.0021816023656962636,0.0023726387769959873,8.487981258042722e-05,6.493002714045269e-05,0.1342651607123609,0.6700847873186156
0.015712060546875,1312.476575559813,4.35328038138786,0.2357026579776454,0.005159028404259346,0.0006510987875365426,6.814488344859263e-06,1.9982160463052597e-07,0.00037125759080732326,8.572177256393489e-05,0.003125179077355756,0.015639232776792047,0.05263533657486446,0.009145006941217657,0.10304918082746702,0.0022331784040270234,0.0024202221027831722,8.382577837285847e-05,6.365778060906815e-05,0.13522868104191232,0.670102377829482
0.01571337890625,1317.4541614939646,4.369894225998176,0.23480654307616214,0.004995547093725565,0.0006435461421134789,6.870962899883441e-06,2.045367444622507e-07,0.00036771867543320086,8.574579249899927e-05,0.0031765638047568097,0.015771387606568935,0.05214073736541663,0.009249821870254794,0.10235671364294675,0.0022854097143921266,0.00246843058349191,8.277980028782516e-05,6.24095377087754e-05,0.13618584575793993,0.6701202671128199
0.015714697265625,1322.369827638602,4.38630517557141,0.2339280364097105,0.004835251465073468,0.0006355887335514947,6.920682100060939e-06,2.0913984098153382e-07,0.0003639654938812253,8.569786614447976e-05,0.003228292926807467,0.01590067412876277,0.05164828433418531,0.009354258237359216,0.10166742946565001,0.002338281067755558,0.0025172522578581196,8.174226818963744e-05,6.118530346581754e-05,0.13713650357329396,0.6701384630560805
0.015716015625,1327.2233921522293,4.402512422813968,0.23306686234388516,0.004678173091696441,0.0006272470113982437,6.963530912498817e-06,2.1361885029504666e-07,0.0003600057422907501,8.557851684839705e-05,0.003280358937316013,0.01602703228253142,0.05115803345874253,0.009458279945994366,0.1009814841842557,0.002391776128623131,0.0025666745206303922,8.071356358338588e-05,5.998507262288437e-05,0.13808050746798764,0.6701569729257159
0.015717333984374998,1332.0147216879432,4.4185153208274,0.23222274504259113,0.004524338818273867,0.0006185420360036239,6.9994181005856965e-06,2.179619569826695e-07,0.0003558474896054742,8.538844349418695e-05,0.0033327542728624174,0.016150405942392306,0.05067004172923502,0.009561850983966926,0.10029903022847395,0.0024458774650382704,0.002616684132906409,7.969405844863936e-05,5.880882919182619e-05,0.13901771481122352,0.6701758033788261
0.01571865234375,1336.7437312604657,4.434313382927695,0.2313954085351284,0.0043737708045217885,0.0006094953865551579,7.028276518742567e-06,2.2215763566788198e-07,0.0003514991491532034,8.512851652018722e-05,0.003385471320867994,0.016270742999552112,0.05018436706734716,0.009664935474752083,0.09962021643860565,0.002500566562677966,0.002667267234308675,7.868411413580514e-05,5.765654603041598e-05,0.13994798747539286,0.6701949604754245
0.015719970703125,1341.4103840007456,4.449906282089934,0.23058457679101757,0.004226486581667161,0.0006001290689119675,7.050063252484541e-06,2.2619471094177673e-07,0.00034696944914020314,8.479977331378249e-05,0.0034385024275526647,0.01638799543134715,0.04970106824069234,0.009767497728651384,0.09894518794278226,0.0025558238430653905,0.002718409356991861,7.768408033263529e-05,5.652818444656711e-05,0.14087119194187042,0.6702144496912708
0.015721289062499998,1346.014690798877,4.465293850020555,0.22978997380222374,0.004082499121133005,0.0005904654237874282,7.064759604889139e-06,2.30062415313789e-07,0.00034226740220231013,8.440341299531461e-05,0.00349183990576339,0.01650211935860589,0.049220204772905854,0.009869502293613013,0.09827408604201827,0.00261162868589,0.002770095441464306,7.66942941061763e-05,5.542369383321393e-05,0.14178719939845408,0.6702342759312075
0.015722607421875,1350.5567098362492,4.480476075859874,0.22901132367247146,0.003941816914884915,0.0005805270358151297,7.072370931955723e-06,2.3375044482594427e-07,0.0003374022741612162,8.39407906120106e-05,0.0035454760426541347,0.01661307509079494,0.04874183684976991,0.009970914005540312,0.09760704810323483,0.0026679594553958483,0.0028223098541924354,7.571507902380443e-05,5.434301133690916e-05,0.1426958858282599,0.6702544435429469
0.01572392578125,1355.0365460086957,4.49545310452045,0.2282483507132532,0.0038044440668353447,0.0005703366440117827,7.0729263306900245e-06,2.3724901195288935e-07,0.00033238355213904586,8.34134107668834e-05,0.003599403107201974,0.016720827158877394,0.04826602522168689,0.010071698037925696,0.09694420746033987,0.0027247935307762997,0.002875036406950022,7.47467443555444e-05,5.328606156284403e-05,0.1435971320899786,0.6702749563312492
0.015725244140624997,1359.4543502428892,4.510225234668402,0.2275007795461153,0.0036703803946644222,0.0005599170541264004,7.066478185031943e-06,2.405488954108503e-07,0.00032722091218836437,8.282292071191205e-05,0.0036536133575447664,0.016825344335871247,0.047792831102838246,0.010171819950652255,0.0962856933234283,0.002782107340487078,0.002928258377864056,7.37895843587831e-05,5.225275631871654e-05,0.1444908239894262,0.6702958175724387
0.0157265625,1363.81031870841,4.524792916355378,0.22676833521083273,0.0035396215413921917,0.0005492910533379717,7.053101575951607e-06,2.4364148651132173e-07,0.00032192418659808926,8.217110293887423e-05,0.003708099048122626,0.016926599645147502,0.04732231606741665,0.01027124573780395,0.09563163069618859,0.00283987640035959,0.0029819585340949977,7.284387764568762e-05,5.124299439964015e-05,0.1453768523422868,0.6703170300292045
0.015727880859375,1368.104691928736,4.539156748311574,0.22605074327900282,0.0034121590959979736,0.0005384813277320978,7.032893563153307e-06,2.4651883171781924e-07,0.00031650333103729365,8.1459867304875e-05,0.003762852436610227,0.01702457035657471,0.04685454194329923,0.010369941874339476,0.09498214030152984,0.002898075355375137,0.003036119156083104,7.190988663286445e-05,5.025666141588142e-05,0.14625511302804137,0.670338595965631
0.01572919921875,1372.3377537947727,4.553317474911447,0.2253477299725829,0.0032879807223618273,0.0005275103829534267,7.005972346833625e-06,2.4917367109353984e-07,0.00031096839169965417,8.069124273299004e-05,0.003817865790626891,0.017119237970672815,0.046389570703552,0.01046787536149043,0.09433733851543345,0.0029566780249351576,0.003090722063282109,7.098785707225461e-05,4.929362966490167e-05,0.14712550703508798,0.6703605171624162
0.015730517578125,1376.5098304849162,4.567275982824936,0.22465902228688941,0.0031670702957867663,0.0005164004683947598,6.972476318830528e-06,2.5159947236312847e-07,0.0003053294726108806,7.986736853147862e-05,0.003873131394211365,0.017210588190993484,0.045927464356174695,0.010565013770750394,0.09369733730902206,0.003015657451438123,0.0031457486412914456,7.007801766181655e-05,4.835375804885197e-05,0.14798794049707026,0.6703827949322224
0.0157318359375,1380.6212892960662,4.581033297368475,0.22398434811755594,0.0030494080463464176,0.0005051735052456674,6.932563013265211e-06,2.537904603517314e-07,0.00029959670325972667,7.899048537769125e-05,0.0039286415540491565,0.017298610884999777,0.04546828483250377,0.01066132528633044,0.09306224419881637,0.0030749859519516053,0.0032011798702897298,6.91805797341763e-05,4.7436892038321036e-05,0.1488423247204607,0.6704054301351229
0.015733154296875,1384.6725373904872,4.594590578571565,0.22332343639092042,0.002934970708291751,0.0004938510186837358,6.886407967409924e-06,2.557416416080167e-07,0.00029378020671010313,7.806292601506824e-05,0.0039843886054424646,0.017383300033772475,0.045012093874687985,0.010756778745967274,0.09243216220511682,0.0031346351727486546,0.0032569963546653976,6.829573702109877e-05,4.654286368276883e-05,0.14968857620348813,0.6704284231940972
0.015734472656249998,1388.664020463846,4.607949116976194,0.2226760171972843,0.0028237316747447513,0.0004824540744508366,6.834203504008744e-06,2.574488240638102e-07,0.00028789006834748773,7.708710571348335e-05,0.004040364918014872,0.017464653670921513,0.04455895292264684,0.010851343679981413,0.09180718981841439,0.003194576146460031,0.003313178353734382,6.742366549136398e-05,4.5671491667719284e-05,0.15052661664654032,0.6704517741105427
0.015735791015625,1392.5962213397952,4.621110329186447,0.2220418219265276,0.00271566115691622,0.0004710032200165873,6.776157446637926e-06,2.589086316304395e-07,0.0002819363054078618,7.60655125447197e-05,0.004096562901140089,0.017542673811122244,0.044108923000956264,0.010944990348485594,0.09118742097376091,0.0032547793515727377,0.0033697058134243424,6.656452325948589e-05,4.482258141851492e-05,0.15135637295413637,0.6704754824797597
0.015737109375,1396.4696584970575,4.634075753187612,0.22142058340550502,0.002610726347081762,0.0004595184304892281,6.712491779907948e-06,2.6011851368045834e-07,0.00027592883743044583,7.500069752583472e-05,0.004152975009089281,0.01761736636874634,0.04366206460607189,0.011037689776660494,0.09057294503296505,0.0033152147739949666,0.0034265583988034518,6.571845056246865e-05,4.39959252500428e-05,0.15217777722864975,0.6704995475063853
0.015738427734374998,1400.2848845352225,4.646847043454952,0.22081203603664623,0.0025088915845601976,0.00044801905939326816,6.643441266389718e-06,2.6107674941183257e-07,0.00026987745776785234,7.389526468374611e-05,0.004209593745892698,0.017688741067096912,0.043218437594296714,0.01112941378802484,0.08996384677446062,0.003375851970395233,0.0034837155273272843,6.488556980164613e-05,4.319130256153169e-05,0.15299076675598267,0.670523968019739
0.01573974609375,1404.0424845854027,4.659425965872057,0.2202159159372257,0.0024101185239600166,0.00043652379439397635,6.569252032101705e-06,2.6178244713936137e-07,0.0002637918062790577,7.275186109458082e-05,0.004266411669908796,0.017756811338788675,0.04277810107092502,0.011220135035630711,0.08936020639072105,0.003436660133009334,0.003541156402669713,6.406598564658538e-05,4.240848007528357e-05,0.15379528398335923,0.6705487424890586
0.015741064453125,1407.7430746723614,4.671814392480315,0.21963196107872363,0.0023143663049692165,0.00042505061800895283,6.490180132214477e-06,2.6223553860466094e-07,0.00025768134332058496,7.157316695093791e-05,0.004323421398099268,0.017821594217852208,0.042341113280954315,0.011309827031131906,0.08876209949303214,0.0034976081556055455,0.003598860049005105,6.325978519786515e-05,4.164721211786272e-05,0.15459127648948393,0.6705738690385994
0.015742382812499997,1411.3873000348472,4.684014296081352,0.21905991142570275,0.002221591722985659,0.0004136167733094537,6.406490108333458e-06,2.624367684404485e-07,0.0002515553251408874,7.036188570943827e-05,0.004380615610009767,0.017883110224168827,0.04190753150174528,0.011398464171683064,0.08816959712341874,0.003558664700293526,0.0036568053456074298,6.246703820545262e-05,4.090724094201298e-05,0.15537869694732812,0.6705993454625755
0.015743701171875,1414.9758334106943,4.696027744713837,0.21849950907368013,0.0021317493999164104,0.0004022387345791695,6.318453548322497e-06,2.623876789667672e-07,0.000245422780772241,6.912073436980984e-05,0.004437987051453472,0.017941383240862037,0.04147741193802947,0.011486021764631293,0.08758276577355116,0.00361979826485569,0.0037149710616271553,6.16877973393866e-05,4.018829708739462e-05,0.1561575030797718,0.6706251692399261
0.015745019531249998,1418.5093732935698,4.7078568960270495,0.217950498385435,0.0020447919544947365,0.0003909321828635725,6.226347659122782e-06,2.620905905357491e-07,0.0002392924905023167,6.785243393504172e-05,0.004495528537899956,0.01799644038529587,0.04105080961961608,0.011572476049978143,0.08700166741039675,0.0036809772502841742,0.0037733358909110815,6.09220985093552e-05,3.9490099777965495e-05,0.15692765760839805,0.6706513375488872
0.015746337890624997,1421.9886421682393,4.719503991573634,0.21741262612521306,0.0019606701714940363,0.0003797119863114938,6.130453862430056e-06,2.6154857767689683e-07,0.00023317296599543056,6.655970010009575e-05,0.004553232957573145,0.018048311874344795,0.040627778302133974,0.011657804220599442,0.08642635950837299,0.0037421700282091216,0.003831878486731539,6.016996122971416e-05,3.88123573536502e-05,0.1576891281957539,0.6706778472813565
0.01574765625,1425.4143847309308,4.730971351043035,0.21688564159034185,0.0018793331692565673,0.00036859218518240803,6.0310564224329264e-06,2.607654413264847e-07,0.00022707243212140133,6.52452342143372e-05,0.004611093274259383,0.018097030884606406,0.040208370371156495,0.011741984440213633,0.08585689508778593,0.0038033450079046466,0.0038905774962893617,5.943138902651257e-05,3.815476773383245e-05,0.15844188738134599,0.6707046950570394
0.015748974609375,1428.7873661015676,4.742261366457727,0.2163692967397491,0.001800728564982323,0.0003575859813657143,5.928441114078324e-06,2.5974567745216024e-07,0.00022099881053678954,6.391171455998817e-05,0.004669102529832014,0.018142633408238337,0.03979263675000388,0.011824995859104744,0.08529332275928496,0.003864470702570606,0.003949411594862293,5.870636988301647e-05,3.751701891001886e-05,0.15918591251171096,0.6707318772373629
0.01575029296875,1432.1083700344416,4.753376496353785,0.21586334631891,0.0017248026372613464,0.00034670573223494954,5.822893939550148e-06,2.5849444240695486e-07,0.00021495970505063569,6.256178798584849e-05,0.004727253846499091,0.018185158105101292,0.039380626811505594,0.011906818627613064,0.08473568677406598,0.003925515794596688,0.004008359519473368,5.799487672022962e-05,3.689878946493168e-05,0.15992118566489272,0.6707593899391523
0.015751611328124998,1435.3781971336812,4.764319259966608,0.2153675479807831,0.0016515004853713963,0.00033596294863932994,5.714699899829044e-06,2.5701751536559275e-07,0.00020896238879422374,6.119806193219546e-05,0.004785540428780766,0.0182246461518861,0.038972388293989205,0.011987433907413136,0.08418402707955772,0.003986449199525718,0.004067400101957295,5.7296867908930375e-05,3.6299749115218166e-05,0.1606476935696529,0.6707872290480607
0.0157529296875,1438.5976630796758,4.775092231442041,0.21488166240231998,0.0015807661849008595,0.00032536829681716604,5.6041418273558365e-06,2.553212582101446e-07,0.00020301379320188565,5.982309687918581e-05,0.004843955565224008,0.01826114108889647,0.03856796722173822,0.012066823880606559,0.08363837938031751,0.004047240128446506,0.004126512301308282,5.6612287809762526e-05,3.571955927490832e-05,0.161365427519747,0.6708153902317461
0.015754248046875002,1441.767596872462,4.785698034092657,0.21440545339615244,0.0015125429392939347,0.00031493160400050164,5.491499284958876e-06,2.5341257324165687e-07,0.0001971204987975433,5.843939924727087e-05,0.0049024926298644545,0.01829468866514897,0.03816740783012841,0.012144971756666052,0.08309877520384634,0.004107858148563024,0.004185675235200063,5.594106733793535e-05,3.515787363670718e-05,0.1620743832836195,0.6708438689527911
0.01575556640625,1444.8888390978093,4.796139334718078,0.21393868801709148,0.0014467732269544788,0.00030466186746823577,5.377047535342798e-06,2.5129885909951205e-07,0.00019128872776992344,5.7049414774205876e-05,0.0049611450834460375,0.018325336682437195,0.037770752495626364,0.012221861777273817,0.08256524197102702,0.004168273241703315,0.004244868210575487,5.5283124549133884e-05,3.461433876820178e-05,0.16277456100987017,0.670872660481362
0.015756884765625,1447.962240221391,4.806418838007218,0.21348113666311538,0.0013833989435855516,0.00029456726679591953,5.2610565845839915e-06,2.4898796527114455e-07,0.00018552433830828949,5.5655522389232296e-05,0.0050199064744085855,0.01835313483898805,0.03737804167081772,0.012297479219101801,0.08203780307089831,0.0042284558605482775,0.004304070753209057,5.463836524331422e-05,3.408859472008931e-05,0.1634659651288329,0.670901759907603
0.015758203125000002,1450.98865891612,4.816539281039144,0.21303257317055627,0.0013223615394804382,0.00028465517904380943,5.143790302241653e-06,2.4648814557146303e-07,0.00017983282065993912,5.426002860092727e-05,0.00507877043965426,0.018378134573317325,0.03698931382460512,0.012371810394587172,0.08151647793947442,0.00428837698237957,0.004363262636153352,5.40066835831273e-05,3.358027564356606e-05,0.16414860425060449,0.6709311621537648
0.015759521484375004,1453.968960427458,4.826503427898651,0.21259277490321793,0.001263602151517913,0.0002749321966205503,5.025505619881091e-06,2.4380801096411904e-07,0.0001742192948607229,5.286516241108713e-05,0.005137730705105488,0.018400388908867964,0.03660460538768261,0.012444842650763186,0.08100128214230629,0.004348008160167141,0.0044224239069896336,5.338796272378462e-05,3.308901041405879e-05,0.1648224910598766,0.6709608619860622
0.015760839843750003,1456.9040149811556,4.8363140644213285,0.21216152283519563,0.001207061729652435,0.0002654041475583297,4.906451809030824e-06,2.409564820859857e-07,0.0001686885100807653,5.14730707629487e-05,0.005196781086067464,0.018419952299987587,0.03622395070336682,0.01251656436621002,0.08049222746048171,0.004407321570837612,0.004481534913811138,5.27820754512746e-05,3.261442325855326e-05,0.16548764220791748,0.6709908540262648
0.015762158203125,1459.7946962374494,4.845973993081637,0.21173860162721125,0.0011526811577279898,0.00025607611793632124,4.786869838864094e-06,2.3794274182224663e-07,0.0001632448455194634,5.0085814528091736e-05,0.005255915487407501,0.018436880479772037,0.03584738198384811,0.012586964946192747,0.07998932197977243,0.004466290060584548,0.004540576329874951,5.218888482595797e-05,3.215613438387202e-05,0.16614407820203167,0.6710211327630136
0.015763476562500003,1462.6418797953716,4.855486028036241,0.21132379969631218,0.0011004013684796869,0.0002469524761921029,4.666991813209413e-06,2.3477618826257895e-07,0.00015789231277649811,4.870536503249086e-05,0.005315127903563659,0.01845123031027072,0.03547492927189931,0.012656034816057184,0.07949257018263826,0.004524887187103173,0.004599529176866942,5.16082448286862e-05,3.171376060335375e-05,0.16679182329281966,0.6710516925628667
0.015764794921875002,1465.446441750497,4.864852990333882,0.2109169092788115,0.0010501634526204294,0.00023803689906538817,4.547040485858535e-06,2.314663883494014e-07,0.00015263455961909194,4.733360111843376e-05,0.005374412418396358,0.018463059635517327,0.03510662040804818,0.012723765412958839,0.07900197304279061,0.004583087258654578,0.0046583748467341046,5.104000100670167e-05,3.128691595949034e-05,0.16743090535956492,0.6710825276810714
0.01576611328125,1468.2092573091143,4.874077703301915,0.2105177264863724,0.0010019087619420259,0.00022933239892484713,4.4272288525594845e-06,2.2802303250747283e-07,0.0001474748750602039,4.597230673545441e-05,0.005433763204897817,0.018472427137814967,0.034742481003189406,0.012790149176003828,0.07851752812201376,0.004640865369886919,0.004717095122048431,5.0483991116704235e-05,3.087521234019599e-05,0.16806135579407921,0.6711136322720612
0.015767431640625003,1470.931199461208,4.883162988117727,0.21012605135520665,0.0009555790063950392,0.00022084135223759128,4.307759817570754e-06,2.2445589052100367e-07,0.00014241619565825804,4.462316905020038e-05,0.005493174524769723,0.018479392197668948,0.03438253441661608,0.012855179534877656,0.0780392296689824,0.004698197434357746,0.004775672194870734,4.994004576265386e-05,3.0478260086546428e-05,0.1686832093832777,0.6711450003996807
0.01576875,1473.6131377144595,4.892111659572696,0.20974168788835929,0.0009111163451373357,0.00021256552894973645,4.188825932183559e-06,2.2077476889949787e-07,0.00013746111294507762,4.328777706195965e-05,0.005552640727883622,0.018484014757725452,0.03402680173940262,0.01291885089704443,0.0775670687197841,0.004755060213726346,0.004834088684095504,4.9407989025987244e-05,3.009566858993502e-05,0.16929650419079573,0.6711766260471311
0.015770068359375,1476.2559368910797,4.900926522035071,0.20936444409108532,0.0008684634715693176,0.00020450612255713973,4.070609202218416e-06,2.1698946994781538e-07,0.00013261188188612278,4.196762070773595e-05,0.005612156251638231,0.01848635519103755,0.03367530178305026,0.012981158633599891,0.07710103319986203,0.004811431343604757,0.004892327651266137,4.888763908608335e-05,2.972704687673951e-05,0.16990128143794334,0.6712085031266424
0.015771386718750002,1478.8604559887267,4.909610365616298,0.20899413199938402,0.0008275636924028212,0.00019666378065761998,3.953280961170354e-06,2.1310975272989965e-07,0.00012787043027580466,4.066409043829359e-05,0.00567171562022344,0.018486474173943314,0.03332805107331294,0.013042099063858082,0.0766411080271343,0.004867289356071127,0.004950372614853709,4.83788088290117e-05,2.9372004178771135e-05,0.17049758538424004,0.6712406254888669
0.015772705078125,1481.4275471065857,4.918165962544844,0.208630567701756,0.0007883610008311375,0.0001890386357877324,3.837001805386686e-06,2.0914529608880553e-07,0.0001232383689694812,3.93784772442176e-05,0.005731313443804477,0.01848443256380495,0.03298506384907653,0.01310166943875625,0.07618727521601935,0.004922613698871347,0.005008207563004293,4.7881306442720427e-05,2.9030150487899948e-05,0.17108546320780502,0.6712729869319932
0.0157740234375,1483.9580544373362,4.926596063750297,0.2082735713542795,0.0007508001438899275,0.0001816303363601902,3.721921587436945e-06,2.0510566385916596e-07,0.00011871700285379794,3.811197310905375e-05,0.005790944417639372,0.018480291281821704,0.03264635206614879,0.013159867923162661,0.07573951398210564,0.004977384751351944,0.005065816964767113,4.739493599698944e-05,2.8701097093406244e-05,0.17166496488586439,0.6713055812105838
0.015775341796875002,1486.4528133251983,4.93490339565894,0.2079229671891531,0.000714826684121569,0.0001744380775319581,3.6081794636730754e-06,2.0100027238242213e-07,0.00011430734245818787,3.686567186499916e-05,0.005850603321138032,0.018474111201094073,0.032311925405826024,0.013216693577167192,0.07529780084724545,0.005031583837179257,0.0051231857798186035,4.691949800667587e-05,2.8384457100785487e-05,0.17223614307558113,0.6713384020441299
0.01577666015625,1488.9126493901313,4.943090657201468,0.20757858351685043,0.000680387055670541,0.00016746063184612333,3.4959039918517463e-06,1.968383604094397e-07,0.00011001011611155287,3.564057042513274e-05,0.005910285016874929,0.018465953040082705,0.03198179128806371,0.013272146336438447,0.07486210974482836,0.005085193233918759,0.005180299466707988,4.645478997690819e-05,2.8079845930859717e-05,0.17279905299544543,0.6713714431253263
0.015777978515625,1491.33837771793,4.951160517032505,0.20724025272205582,0.0006474286149538785,0.00016069637950444037,3.3852132746217504e-06,1.926289614505929e-07,0.00010582578255038766,3.443757036508512e-05,0.005969984449566818,0.018455877261571715,0.03165595488906607,0.013326226991729877,0.07443241212500061,0.005138196179561807,0.00523714398965599,4.6000606929053015e-05,2.7786881798200435e-05,0.17335375230744657,0.6714046981280635
0.015779296875,1493.730802115511,4.959115610960146,0.20690781125359567,0.0006158996860674139,0.00015414333814166333,3.276215144663379e-06,1.8838087861029823e-07,0.0001017545438877354,3.325747982633071e-05,0.006029696645021976,0.018443943977214695,0.03133441916312267,0.013378937167612305,0.07400867705963796,0.005190576876095603,0.00529370582393966,4.5556741906474205e-05,2.7505186168036023e-05,0.17390030100019646,0.6714381607151377
0.015780615234375003,1496.0907144306022,4.966958539583388,0.20658109960857185,0.0005857496010981945,0.0001477991919857997,3.169007387275437e-06,1.8410266192057656e-07,9.77963588553903e-05,3.210101571266438e-05,0.006089416709071252,0.018430212857710834,0.03101718486848494,0.013430279300513074,0.07359087134685685,0.00524232049022708,0.005349971959905578,4.512298645922761e-05,2.7234384190934787e-05,0.17443876127320282,0.6714718245456762
0.015781933593750002,1498.4188939347432,4.974691866134342,0.20625996231092647,0.0005569287355248846,0.00014166132030186523,3.063677996262176e-06,1.7980258816765156e-07,9.395095623567837e-05,3.0968806151189666e-05,0.006149139826489322,0.018414743048629216,0.030704250597074257,0.013480256616138966,0.07317895961486744,0.005293413151379969,0.005405929905656986,4.469913110699949e-05,2.6974105114699378e-05,0.17496919742246522,0.6715056832822789
0.015783251953125,1500.7161067682487,4.982318114521349,0.20594424788468876,0.0005293885388974091,0.00013572682502976488,2.9603054590621907e-06,1.7548864318659833e-07,9.021784840344356e-05,2.9861393189157157e-05,0.006208861259912877,0.01839759309187256,0.030395612807812427,0.01352887310635756,0.07277290442499162,0.0053438419470916544,0.005461567688463419,4.428496577975547e-05,2.672398267304553e-05,0.1754916757275476,0.6715397305978755
0.015784570312500003,1502.9831054455733,4.9898397675682755,0.2056338088221662,0.0005030815609942017,0.0001299925575393781,2.8589590671777824e-06,1.7116850658164185e-07,8.659634490340587e-05,2.8779235698213117e-05,0.006268576348761641,0.01837882085274594,0.03009126586335931,0.013576133505609489,0.07237266637367853,0.0053935949159434286,0.005516873854944709,4.38802802357084e-05,2.648365545076274e-05,0.17600626434026434,0.6715739601822971
0.015785888671875005,1505.2206284193921,4.997259265444943,0.20532850154734444,0.00047796147366047515,0.00012445514443774666,2.7596992481029038e-06,1.6684953881391248e-07,8.308556599278916e-05,2.772271245803532e-05,0.006328280508168794,0.018358483452572048,0.029791202070032306,0.013622043266923045,0.07197820419335264,0.005442661038164515,0.005571837470085512,4.348486445634346e-05,2.6252767225169262e-05,0.17651303317512013,0.6716083657485635
0.015787207031250004,1507.4293997015448,5.004579004283073,0.20502818637476952,0.00045398308853520584,0.0001191110123746464,2.6625779151108006e-06,1.625387705845064e-07,7.968445608413346e-05,2.6692125391970734e-05,0.00638796922792655,0.01833663720677234,0.02949541172067917,0.013666608537600199,0.07158947485194068,0.005491030224054643,0.005626448115138651,4.309850901836819e-05,2.603096728378686e-05,0.17701205380162824,0.6716429410388856
0.015788525390625002,1509.6101285387988,5.011801334971442,0.20473272746420015,0.0004311023708778846,0.0001139564118036908,2.5676388314449084e-06,1.5824289442858343e-07,7.639179702843294e-05,2.5687702928126977e-05,0.006447638071450886,0.018313337568314058,0.02920388314028165,0.0137098361346396,0.07120643365094378,0.005538693300372109,0.005680695884476596,4.2721005442587177e-05,2.5817910718272744e-05,0.1775033993386117,0.6716776798303848
0.015789843750000004,1511.7635091412822,5.01892856212362,0.20444199277131744,0.0004092764497074655,0.00010898743966617137,2.4749179856502284e-06,1.5396825842575336e-07,7.320622118395261e-05,2.4709603460335518e-05,0.006507282674768529,0.018288639076404677,0.028916602734065718,0.013751733519959652,0.07082903432193002,0.005585641994836393,0.00573457138145157,4.2352146519813606e-05,2.5613258694743385e-05,0.17798714435057814,0.6717125759405288
0.015791162109375007,1513.8902204613664,5.025962943211398,0.20415585399478148,0.0003884636244657342,0.00010420006097411943,2.384443974984649e-06,1.4972086192312554e-07,7.01262242212556e-05,2.375791888448738e-05,0.00656689874553018,0.018262595310299074,0.028633555037889804,0.013792308775483373,0.07045722912132678,0.00563186891889649,0.005788065713327214,4.1991726614028635e-05,2.541667870071273e-05,0.17846336474626312,0.6717476232322868
0.015792480468750005,1515.9909260207155,5.032906687856764,0.20387418651991923,0.000368623368416575,9.959012927777415e-05,2.296238394061206e-06,1.4550635316024168e-07,6.715017762020226e-05,2.2832678186962085e-05,0.006626482062053146,0.018235258848069796,0.02835472277068363,0.013831570578143599,0.0700909689234022,0.005677367548915991,0.005841170485345043,4.163954194309626e-05,2.5227844768951807e-05,0.17893213767942118,0.6717828156190045
0.015793798828125004,1518.066273783095,5.039761957274946,0.20359686935933816,0.0003497163289912647,9.515340601072897e-05,2.210316226089909e-06,1.4133002867961228e-07,6.427634081990543e-05,2.1933851063204765e-05,0.006686028472394862,0.018206681230179145,0.028080086888720098,0.013869528174863846,0.06973020331134383,0.005722132205924012,0.005893877793988096,4.129539083743876e-05,2.504643767865887e-05,0.17939354145192646,0.6718181470690037
0.015795117187500006,1520.116896070504,5.046530863860744,0.20332378509075388,0.0003317043252870764,9.088557871328371e-05,2.12668623430483e-06,1.3719683440245724e-07,6.150287298765745e-05,2.1061351545891115e-05,0.006745533893458153,0.01817691292768086,0.02780962664150536,0.013906191357567264,0.06937488066635185,0.005766158034079302,0.00594618021950394,4.095907397715585e-05,2.4872145134398282e-05,0.17984765541923547,0.6718536116099035
0.015796435546875005,1522.1434095201944,5.053215470910598,0.20305481979231446,0.000314550342922536,8.67822781410169e-05,2.0453513513769773e-06,1.3311136824643748e-07,5.88278443776842e-05,2.0215041623545812e-05,0.0068049943101297534,0.01814600331486976,0.027543319629072097,0.013941570438264377,0.06902494825466797,0.0058094409779931595,0.005998070817749644,4.063039460813574e-05,2.4704661923326134e-05,0.180294559898263,0.6718892033326744
0.015797753906250003,1524.1464150801744,5.059817792472682,0.20278986297569004,0.00029821852644813156,8.283909427142293e-05,1.9663090648258258e-06,1.2907788416062713e-07,5.6249247255260716e-05,1.9394734831948414e-05,0.00686440577445417,0.018114000646189662,0.027281141860461273,0.013975676224267722,0.06868035231246385,0.0058519777590540474,0.006049543111421374,4.030915873776224e-05,2.4543690051274217e-05,0.1807343360777225,0.6719249163954206
0.015799072265625005,1526.1264980406365,5.066339793316957,0.20252880751721572,0.000282674169507612,7.905159122699421e-05,1.8895517966574089e-06,1.2510029745298556e-07,5.3765006366438956e-05,1.8600199802227546e-05,0.006923764404840222,0.01808095203720623,0.027023067813203874,0.0140085199935766,0.06834103812854905,0.0058937658508898035,0.006100591080726274,3.999517531090087e-05,2.4388938858326156e-05,0.1811670659309404,0.6719607450269011
0.015800390625000004,1528.0842280989189,5.072783389017532,0.20227154958734223,0.00026788370293817545,7.541532113740433e-05,1.8150672756534897e-06,1.2118219128603602e-07,5.1372988937729994e-05,1.783116375099078e-05,0.006983066385301387,0.018046903449445054,0.02676907049360066,0.014040113470474545,0.06800695012484065,0.005934803454101818,0.00615120915355661,3.96882563668669e-05,2.4240125114549917e-05,0.18159283213117908,0.6719966835297874
0.015801708984375003,1530.0201594556258,5.0791504461397965,0.2020179885786491,0.0002538146809920144,7.192583696745986e-05,1.7428389009319481e-06,1.173268242181514e-07,4.907101419415573e-05,1.7087315899346155e-05,0.007042307964730769,0.018011899678892215,0.026519121497606286,0.01407046880137974,0.06767803193454769,0.0059750894704005434,0.006201392195224478,3.938821717811712e-05,2.409697309658922e-05,0.1820117179694946,0.672032726283671
0.015803027343750005,1531.934830939439,5.085442782524406,0.20176802703267643,0.00024043576585634923,6.857870434114699e-05,1.67284609559026e-06,1.1353713867061215e-07,4.6856862388058636e-05,1.6368310809209776e-05,0.007101485456206909,0.01797598434795496,0.02627319107214916,0.01409959853098321,0.06735422647805439,0.0060146234762632304,0.006251135497809844,3.909487637145721e-05,2.3959214645857883e-05,0.18242380727511712,0.6720688677478147
0.015804345703125004,1533.8287661583329,5.091662167660752,0.20152157056581094,0.0002277167106412193,6.536951239467819e-05,1.605064649415375e-06,1.0981577020349322e-07,4.4728283334422265e-05,1.5673771626690353e-05,0.007160595236330745,0.017939199900678125,0.026031248176708308,0.014127515578709712,0.06703547603647028,0.006053405696232205,0.0063004347691764575,3.880805603255517e-05,2.3826589209095853e-05,0.18282918433836998,0.6721051024636658
0.015805664062500002,1535.7024736749663,5.097810323142849,0.2012785277944452,0.00021562834099745273,6.22938836938131e-05,1.5394670498104382e-06,1.0616505748719065e-07,4.2683004451752116e-05,1.5003293223759916e-05,0.007219633744593596,0.017901587601011428,0.025793260544976736,0.01415423321553333,0.06672172232282331,0.006091436975965629,0.006349286121707818,3.852758179456496e-05,2.3698843862066385e-05,0.18322793383613212,0.6721414250571253
0.015806982421875004,1537.5564472039491,5.103888923200112,0.20103881025964257,0.00020414253552097052,5.9347483252826725e-05,1.476022800249779e-06,1.0258705286085435e-07,4.0718738310738825e-05,1.4356445230836746e-05,0.007278597482771852,0.017863187533928074,0.02555919474646683,0.014179765041175216,0.06641290655090219,0.006128718755143919,0.006397686060809731,3.8253282911690874e-05,2.3575733317199116e-05,0.18362014075981709,0.6721778302405876
0.015808300781250003,1539.3911658288891,5.109899595296338,0.20080233235150546,0.0001932322050912751,5.6526026693678396e-05,1.4146987257135674e-06,9.908353337323521e-08,3.883318969552136e-05,1.3732774954166302e-05,0.007337483014347902,0.017824038609194293,0.025329016247903877,0.014204124961710769,0.0661089695017372,0.006165253040331287,0.006445631473227091,3.7984992318498775e-05,2.3457019915983914e-05,0.18400589034586587,0.6722143128147535
0.015809619140625,1541.207094237199,5.115843920790331,0.20056901123343926,0.0001828712712846983,5.38252875849861e-05,1.355459264687964e-06,9.565601220618963e-08,3.702406218489111e-05,1.3131810173144033e-05,0.007396286963956827,0.01778417856759322,0.025102689474263248,0.014227327167610743,0.0658098515877158,0.006201042377885394,0.006493119615220144,3.772254667577143e-05,2.3342473606927928e-05,0.184385268008744,0.6722508676702234
0.015810937500000004,1543.0046829705923,5.121723435651426,0.20033876676650533,0.00017303464399632767,5.124110400126592e-05,1.2982667474437374e-06,9.230575038613987e-08,3.52890642631739e-05,1.2553061813958593e-05,0.00745500601685406,0.017743643989413242,0.024880177869331676,0.014249386112236815,0.06551549291435767,0.006236089826998925,0.006540148100639514,3.746578640370531e-05,2.3231871909898578e-05,0.1847583592764029,0.672287489788879
0.015812255859375006,1544.7843686894162,5.127539631223941,0.2001115214340309,0.00016369819839624322,4.876938434299713e-05,1.2430816604132745e-06,8.903376869328696e-08,3.362591497241127e-05,1.1996026497008982e-05,0.007513636918403434,0.017702470305012707,0.024661443955664594,0.014270316490811964,0.065225833339755,0.006270398932953248,0.0065867148889405345,3.721455570319806e-05,2.312499986766496e-05,0.18512524972819025,0.6723241742450596
0.015813574218750005,1546.5465744490261,5.133293955034641,0.19988720026663379,0.00015483875133860241,4.640611245816118e-05,1.1898628965881002e-06,8.584085968304358e-08,3.203234911932199e-05,1.146018895661958e-05,0.007572176473583979,0.017660691807278923,0.024446449393824315,0.0142901332198829,0.06494081253169642,0.006303973700657056,0.006632818273173862,3.696870256594359e-05,2.302164998544749e-05,0.18548602493518168,0.6723609162065406
0.015814892578125003,1548.291709986453,5.138987811637548,0.1996657307678149,0.00014643403733501713,4.4147352105704e-05,1.1385679919501618e-06,8.272759973850801e-08,3.0506122052173654e-05,1.094502433257375e-05,0.007630621546512665,0.017618341665805823,0.02423515504079693,0.014308851417289725,0.06466037002250179,0.006336818568535998,0.00667845686798622,3.672807877400808e-05,2.2921622159280078e-05,0.18584077040289787,0.6723977109353225
0.015816210937500005,1550.020172015715,5.144622563490697,0.19944704284026046,0.00013846268419647297,4.198925080087689e-05,1.0891533480297726e-06,7.96943610766337e-08,2.9045014024127316e-05,1.0450000333900972e-05,0.007688969059980315,0.01757545194262053,0.02402752100749349,0.014326486382655863,0.06438444526160016,0.00636893838283304,0.006723629597662683,3.649253988949702e-05,2.282472359397767e-05,0.18618957151636806,0.6724345537882379
0.015817529296875004,1551.7323445302434,5.1501995318597675,0.1992310687129766,0.00013090418844087455,3.992804308167305e-05,1.0415744407518139e-06,7.674132363391123e-08,2.764683416087132e-05,9.974579276186675e-06,0.007747215994999,0.017532053609294884,0.023823506715245378,0.014343053578409688,0.06411297766588102,0.006400338372373983,0.006768335684240382,3.626194523484173e-05,2.2730768711486973e-05,0.18653251348750308,0.6724714402173824
0.015818847656250003,1553.4285991110125,5.155719997743995,0.19901774286937063,0.00012373889055638398,3.7960053234674104e-05,9.957860157912993e-07,7.386848675975593e-08,2.6309424051494807e-05,9.518219994438916e-06,0.007805359390360307,0.017488176565283366,0.023623070951208077,0.014358568611347966,0.06384590666784785,0.00643102412384715,0.006812574635722254,3.6036157864132226e-05,2.2639579050380956e-05,0.18686968130474804,0.672508365770381
0.015820166015625005,1555.109295238928,5.161185202819551,0.19880700197639337,0.00011694795020466493,3.608169751774302e-05,9.517422707138859e-07,7.107568064742014e-08,2.5030660982709202e-05,9.080379634277361e-06,0.007863396342199668,0.017443849657338917,0.02342617192261086,0.014373047214747938,0.06358317176162728,0.006461001557638253,0.006856346234413775,3.5815044525820675e-05,2.255098315724729e-05,0.18720115968495438,0.6725453260904952
0.015821484375000004,1556.7747806102416,5.166596350396342,0.198598784814834,0.00011051332144115233,3.428948591567685e-05,9.093970242154713e-07,6.836257743216409e-08,2.3808460837402e-05,8.660515324788577e-06,0.007921324003566068,0.017399100699861517,0.02323276730978189,0.014386505231034656,0.06332471254686875,0.006490276904258386,0.006899650525407006,3.559847561695097e-05,2.246481647069433e-05,0.187527033027435,0.6725823169165784
0.015822802734375002,1558.425391453837,5.17195460638436,0.1983930322108488,0.00010441772802337719,3.2580023463672645e-05,8.687038728091639e-07,6.572870188499636e-08,2.264078067947003e-05,8.258085736920267e-06,0.007979139583996554,0.01735395649604123,0.02304281431788653,0.014398958595008482,0.06307046877057429,0.006518856681397677,0.006942487805234216,3.538632512888365e-05,2.2380921198677983e-05,0.18784738537016474,0.6726193340828905
0.015824121093750004,1560.0614528492085,5.177261100265984,0.19818968696879805,9.864463887290975e-05,3.0950011172217536e-05,8.296163353366776e-07,6.317344162709983e-08,2.1525621047924176e-05,7.872552531736912e-06,0.008036840349090916,0.01730844285966709,0.022856269727337165,0.014410423317635047,0.06282038036691825,0.00654674767163017,0.006984858610708608,3.517847058426436e-05,2.2299146189836886e-05,0.18816230034806053,0.6726563735187764
0.0158267578125,1563.2909005539461,5.18772216954055,0.19779003641366963,8.801856773334296e-05,2.7918745996904494e-05,7.561194145823892e-07,5.8296556258369884e-08,1.9447031364712916e-05,7.150584445737081e-06,0.008151885050322558,0.017216384970017262,0.02249327439237438,0.014430436055305891,0.0623325008946952,0.006600484039209366,0.007068202002683888,3.477530085273955e-05,2.214152613192552e-05,0.18877606077570558,0.6727305056471896
0.015829394531250002,1566.4662191269415,5.197990597222058,0.19739930991136528,7.849187093272656e-05,2.516558078307115e-05,6.884364962195711e-07,5.3721522415358073e-08,1.7553628217535822e-05,6.489163762376872e-06,0.008266444718041345,0.017123147304465323,0.02214335169803603,0.014446693393760646,0.061860379672289606,0.006651568392978676,0.007149703064060749,3.438779221368684e-05,2.1990665391125263e-05,0.18936920772688007,0.6728046831701684
0.015832031250000003,1569.5896321550624,5.2080741852567085,0.1970171161774251,6.995747805741479e-05,2.266766350913053e-05,6.262024527836201e-07,4.943917047696957e-08,1.5831166253685313e-05,5.884183981052317e-06,0.008380499916674826,0.01702890184413437,0.021806146100469607,0.014459324394491895,0.06140354559938797,0.006700062654799138,0.00722937418210592,3.401509737417744e-05,2.184558800813632e-05,0.1899423908319743,0.6728788776571553
0.015834667968750004,1572.6632179976716,5.217980256616188,0.19664308915625103,6.231777496591927e-05,2.0403637807217618e-05,5.690617615824999e-07,4.543929722367067e-08,1.4266160094155911e-05,5.331676832623532e-06,0.008494032075664465,0.01693380728952743,0.021481299662969893,0.014468457939531287,0.06096153330355682,0.006746031189289261,0.007307230578000809,3.365641740493213e-05,2.1705409037083646e-05,0.1904962502527461,0.6729530621315132
0.015837304687500005,1575.6889192491353,5.227715684895975,0.19627688624725087,5.5483909812312786e-05,1.835360253489998e-05,5.166703909008968e-07,4.17108758751875e-08,1.2845898680663541e-05,4.82782854401541e-06,0.008607023475808653,0.016838009824288288,0.02116845331356373,0.014474222347499715,0.06053388394542423,0.006789540274741422,0.007383290016899758,3.3311000239308214e-05,2.156932965358313e-05,0.1910314158127636,0.673027211038279
0.015839941406250002,1578.6685518671409,5.237286922991571,0.19591818663071298,4.937512902220565e-05,1.6499062336145193e-05,4.6869728636606483e-07,3.8242256367710834e-08,1.1558447407761867e-05,4.368993033729548e-06,0.008719457235081607,0.016741643872063665,0.020867248007905854,0.01447674502301765,0.06012014592424125,0.006830657620383213,0.007457572533643086,3.297813878940496e-05,2.1436632194172123e-05,0.19154850623408334,0.6731013002072541
0.015842578125000003,1581.603813923507,5.246700030698115,0.19556668969327018,4.391814537908764e-05,1.4822871331706524e-05,4.2482549258006445e-07,3.502135091688654e-08,1.0392640377542633e-05,3.951701689407792e-06,0.008831317293876888,0.01664483283995372,0.020577325798239537,0.01447615213857489,0.05971987549048251,0.0068694519287965505,0.007530100174455195,3.265716885147375e-05,2.1306675178451098e-05,0.19204812847366687,0.6731753068123026
0.015845214843750004,1584.4962939458935,5.2559607011172975,0.1952221135517698,3.904653962500367e-05,1.3309171810559016e-05,3.847529485001309e-07,3.203580216618374e-08,9.338064772963451e-06,3.5726698039603024e-06,0.008942588399634984,0.016547689843059217,0.020298330810036257,0.014472568347760817,0.059332637272095486,0.006905992501874193,0.007600896754726671,3.234746690817588e-05,2.1178888359093474e-05,0.19253087715314376,0.6732492093276381
0.0158478515625,1587.3474788293743,5.265074285790224,0.19488419367346213,3.470019633477554e-05,1.1943329539035214e-05,3.481929959598769e-07,2.9273132724932022e-08,8.385039054903656e-06,3.228799956430092e-06,0.009053256090836433,0.01645031840566282,0.02002991012863447,0.014466116528607858,0.05895800472085996,0.006940348888357024,0.007669987632779431,3.204844789715131e-05,2.1052767838928965e-05,0.19299733407570016,0.6733229874818119
0.015850488281250002,1590.1587613057368,5.274045818504592,0.1945526815897073,3.08247742795685e-05,1.071186706682124e-05,3.148746399618436e-07,2.6720875907325697e-08,7.524586437247378e-06,2.9171827140639903e-06,0.009163306680354994,0.016352813135564175,0.019771714598799315,0.014456917555691902,0.05859556048514966,0.006972590570741078,0.007737399499338803,3.175956299214897e-05,2.0927871288669713e-05,0.19344806782402868,0.6733966222100369
0.015853125000000003,1592.9314469660535,5.282880037750056,0.1942273436998185,2.7371211043647804e-05,9.602396190946763e-06,2.8454259750356784e-07,2.436668815274123e-08,6.748404876045988e-06,2.6350950571179215e-06,0.009272727238181698,0.01625526036897861,0.019523399540596904,0.014445090099555646,0.058244896715162746,0.007002786689166825,0.007803160182295225,3.14802974281803e-05,2.0803813293551636e-05,0.19388363343347131,0.6734700956054159
0.015855761718750003,1595.6667608385653,5.291581407817653,0.19390796016121384,2.429526128872997e-05,8.603550541471991e-06,2.5695716914352994e-07,2.2198444043388135e-08,6.048834617876992e-06,2.3799969182170095e-06,0.009381505573548643,0.016157738784193153,0.019284625385332193,0.014430750451969999,0.05790561530641879,0.007031005799794362,0.007867298466228889,3.121016839228464e-05,2.0680260852235362e-05,0.19430457213471522,0.6735433908695748
0.015858398437500004,1598.3658535290322,5.300154138556389,0.19359432386174558,2.1557067764789426e-05,7.704919076082525e-06,2.3189396457568364e-07,2.0204315107565754e-08,5.418824185134396e-06,2.1495262007594795e-06,0.00948963021648845,0.01606031998286096,0.019055058235580083,0.014414012375519451,0.057577328087060675,0.0070573156651134936,0.007929843926081722,3.094872299463307e-05,2.0556929046783838e-05,0.19471141116060398,0.6736164922631434
0.01586103515625,1601.0298069349815,5.308602203814858,0.1932862394698597,1.9120763935177693e-05,6.896981114611166e-06,2.0914351037261364e-07,1.837283375275063e-08,4.851895529106412e-06,1.941492605437441e-06,0.009597090398877569,0.015963069038394027,0.018834370353515813,0.014394986975987437,0.05725965695419929,0.0070817830736334296,0.007990826774300241,3.069553632970551e-05,2.043357689839457e-05,0.19510466361187173,0.673689385056464
0.015863671875000002,1603.6596395485528,5.316929358607081,0.19298352255812504,1.6954106909633992e-05,6.171043407862201e-06,1.8851076493414187e-07,1.6692943745875827e-08,4.342108953128785e-06,1.7538705558375897e-06,0.009703876035019016,0.015866045011401618,0.01862224058186078,0.014373782596023479,0.05695223396424279,0.007104473686431141,0.008050277720729216,3.045020963355579e-05,2.0310003419828003e-05,0.19548482837684736,0.6737620554808561
0.015866308593750003,1606.2563113650438,5.325139155050239,0.19268599879563983,1.5028139253385855e-05,5.519179616789599e-06,1.6981456264496296e-07,1.515403867213646e-08,3.884028295936533e-06,1.5847914762346701e-06,0.009809977701822294,0.015769301432525362,0.018418354701810538,0.014350504728593717,0.05665470138185961,0.007125451908102737,0.008108227844507208,3.0212368540350243e-05,2.0186043872130276e-05,0.19585239010040695,0.6738344906807154
0.0158689453125,1608.8207284161422,5.3332349571289015,0.19239350320483908,1.3316878156723416e-05,4.934172476617481e-06,1.5288700636981676e-07,1.3745989775534963e-08,3.4726867678990037e-06,1.4325356386820114e-06,0.009915386618646469,0.01567288675334193,0.01822240573229306,0.014325255948746717,0.056366711691913,0.007144780779754178,0.008164708477203148,2.998166143916354e-05,2.0061566230277536e-05,0.19620781919771693,0.6739066786666792
0.01587158203125,1611.3537469479224,5.341219954344366,0.19210587947831476,1.179703040105567e-05,4.409458834530954e-06,1.3757282474555333e-07,1.2459164527128226e-08,3.10355374875051e-06,1.2955237631879592e-06,0.010020094626870106,0.015576844766263672,0.01803409417485843,0.014298135862267043,0.05608792757842498,0.007162521891776135,0.008219751096426465,2.975775793031965e-05,1.9936467859772297e-05,0.19655157190853953,0.6739786082700467
0.015874218750000002,1613.8561772643548,5.349097174310722,0.19182297935138423,1.0447731538333504e-05,3.93907767749379e-06,1.237287082885855e-07,1.1284437189678641e-08,2.77250278332236e-06,1.1723085244814135e-06,0.010124094169252036,0.015481214994564039,0.017853128208407693,0.014269241069837546,0.055818021874342504,0.007178735314270604,0.00827338722914619,2.954034737922231e-05,1.9810672403966963e-05,0.1968840903881188,0.6740502690986082
0.015876855468750003,1616.3287872574463,5.356869494360845,0.19154466202628295,9.250307705708535e-06,3.517621207117883e-06,1.1122263613624699e-07,1.0213192557004433e-08,2.475780950433054e-06,1.0615660917133894e-06,0.010227378269150022,0.015386033053795779,0.017679223837838237,0.014238665145384355,0.055556677485595805,0.007193479543129179,0.008325648363964282,2.9329137564534613e-05,1.968412687995652e-05,0.19720580283091615,0.674121651493998
0.015879492187500004,1618.7723056449447,5.364539652225544,0.19127079364404861,8.188058521920346e-06,3.1401889699660107e-06,9.993320328562387e-08,9.237323947638692e-09,2.209979728393939e-06,9.620878033503855e-07,0.010329940509657859,0.015291330985975108,0.017512105000543683,0.014206498627338662,0.055303587292691726,0.007206811459898348,0.00837656587159643,2.9123853416672622e-05,1.9556798979263518e-05,0.1975171236236905,0.6741927464906609
0.01588212890625,1621.1874249362675,5.37211025584864,0.19100124680035005,7.24605955186114e-06,2.8023450128158923e-06,8.974895647731795e-08,8.349226428085727e-09,1.972007437400307e-06,8.727720582667131e-07,0.010431775012721776,0.015197137567965842,0.017351503634534814,0.014172829021611618,0.055058454032830204,0.007218786303706209,0.008426170932826306,2.8924235841741857e-05,1.9428674568194893e-05,0.19781845352465946,0.6742635457764905
0.015884765625000002,1623.5748041467696,5.379583792399436,0.19073590010171854,6.4109828777134674e-06,2.500078002113293e-06,8.056774538876427e-08,7.541786132129783e-09,1.759063303433531e-06,7.926164853453747e-07,0.01053287641829385,0.015103478595529598,0.01719715971176751,0.014137740815143688,0.054820990165301266,0.007229457653662696,0.00847449447320909,2.8730040625171576e-05,1.9299755381670825e-05,0.1981101798657064,0.674334041655179
0.015887402343750003,1625.935071279704,5.386962636541897,0.1904746377588546,5.670934375926538e-06,2.229764224012954e-06,7.22960945429417e-08,6.8083664281130564e-09,1.5686131592351707e-06,7.207104373132438e-07,0.010633239863574171,0.015010377144517492,0.01704882124007797,0.014101315498957784,0.05459091772270993,0.007238877420280587,0.00852156710380557,2.854103740823438e-05,1.917005690349274e-05,0.19839267677481726,0.67440422701029
0.0158900390625,1628.2688255945125,5.394249058017969,0.19021734921388528,5.01530636643215e-06,1.988133365086811e-06,6.4848600293978e-08,6.142791561876948e-09,1.3983667745012322e-06,6.562278394324972e-07,0.010732860962394368,0.014917853810660155,0.016906244236921768,0.014063631599712148,0.05436796815036546,0.007247095844597009,0.008567419067232325,2.8357008729136896e-05,1.903960642539685e-05,0.1986663054161656,0.6744740952710594
0.01589267578125,1630.5766396790982,5.401445228586401,0.189963928798665,4.434644371934079e-06,1.7722369632526228e-06,5.814735641642257e-08,5.539328261628034e-09,1.246256788857749e-06,5.984204091109608e-07,0.010831735784788906,0.014825926929385926,0.01676919267792189,0.014024764718815377,0.054151882136009535,0.00725416150380049,0.008612080188305116,2.8177749118147256e-05,1.8908441276832687e-05,0.19893141424545,0.67454364037991
0.0158953125,1632.8590613428782,5.408553228460078,0.18971427542138666,3.9205267988253066e-06,1.5794194128978123e-06,5.21214111858668e-08,4.992665616951485e-09,1.1104192067208009e-06,5.466112466745715e-07,0.010929860836783233,0.014734612777065495,0.01663743842302572,0.01398478757825806,0.053942409431826585,0.00726012132229761,0.00865557982854556,2.8003064232762883e-05,1.8776607217205955e-05,0.1991883392784149,0.6746128567615909
0.015900585937500003,1637.3493695673592,5.422510941391748,0.18922594493686146,3.0693964684054947e-06,1.2558409355387429e-06,4.190155565608036e-08,4.054969616234354e-09,8.825193580263902e-07,4.5915090224980576e-07,0.01112384332508308,0.01455387250151283,0.016389156703850098,0.01390171350782941,0.053542588113329084,0.007268860376527036,0.008739180640119028,2.7666874999689223e-05,1.851110196079287e-05,0.1996786074928712,0.6747502864977284
0.015905859375,1641.7455955376936,5.436144454823997,0.18875137799268643,2.401536875851726e-06,9.97670391898322e-07,3.364324222290547e-08,3.2874945665367032e-09,7.006743457545086e-07,3.8873321676962153e-07,0.011314863078353195,0.014375686889943489,0.016159419444622902,0.013815013864352493,0.05316599963434099,0.007273745305067768,0.008818529653831298,2.7346635409061442e-05,1.824365178368021e-05,0.20014026512347508,0.674886361173253
0.0159111328125,1646.0513977570677,5.449467670893289,0.18828990624090244,1.8779458669807104e-06,7.919259456339825e-07,2.698075700884013e-08,2.6607601587993975e-09,5.557884797229885e-07,3.320242335103958e-07,0.011502912069849963,0.014200123670718883,0.015946682093763955,0.01372516977673955,0.05281094945056948,0.007275094070813283,0.00889384569847488,2.7041149118481347e-05,1.7974792376078638e-05,0.20057556552322744,0.6750210543783051
0.01591640625,1650.2701785965023,5.462493517802139,0.18784091065212985,1.4677842870538023e-06,6.281388365327952e-07,2.161391699742866e-08,2.1500762963245633e-09,4.40498651991418e-07,2.863165581803799e-07,0.011687987850881555,0.014027232169202965,0.015749512655602153,0.013632622058284345,0.052475862773354774,0.00727320284292438,0.008965339122521862,2.6749330602569396e-05,1.770508766829925e-05,0.2009865947206603,0.6751543448859697
0.015921679687500002,1654.4051138654734,5.475234053592991,0.18740381630661831,1.1467075952531605e-06,4.97883281593894e-07,1.7296944392599756e-08,1.7348197562207189e-09,3.4886487654935446e-07,2.4942023549432173e-07,0.01187009304201676,0.01385704643475422,0.015566586333629728,0.013537773465776615,0.052159277927937335,0.0072683470147659295,0.009033211508350568,2.6470194821109134e-05,1.7435107980780142e-05,0.20137528099864518,0.6752862160635688
0.015926953125,1658.4591776553136,5.487700554445631,0.18697808793229562,8.955268513860411e-07,3.943902285663094e-07,1.3829104960626373e-08,1.397820271988053e-09,2.7610873607608386e-07,2.1957001644343605e-07,0.012049234852492487,0.01368958783959654,0.015396679882145232,0.01344099100917043,0.0518598397489316,0.007260782287278933,0.009097655519382103,2.620284680533074e-05,1.7165413391146878e-05,0.20174340442776056,0.6754166553502879
0.0159322265625,1662.4351632974797,5.499903590163936,0.18656322606276926,6.991374114255453e-07,3.122309630411213e-07,1.1046845506451546e-08,1.1248313815351973e-09,2.1839536855571301e-07,1.9534728542050126e-07,0.012225424628160564,0.013524867236227233,0.015238665806685675,0.013342608268970416,0.05157629308659394,0.007250745779692461,0.009158854857237612,2.5946472032326047e-05,1.6896541447446596e-05,0.20209260624551306,0.675545653794734
0.0159375,1666.3357011344162,5.511853089072598,0.186158763710404,5.456642322750304e-07,2.4705871046550175e-07,8.817210674364877e-09,9.040726757955526e-10,1.7265346921898246e-07,1.7561497012520933e-07,0.01239867742784044,0.013362886747719122,0.015091506526517516,0.013242927686999065,0.0513074764803616,0.007238457140009945,0.009216984309145143,2.5700327826272762e-05,1.6628998454115983e-05,0.20242439799648002,0.6756732056459813
0.015942773437500002,1670.1632736762806,5.523558394156342,0.18576426346838137,4.2578173352981983e-07,1.953982130410105e-07,7.032350763777623e-09,7.258346756651028e-10,1.364277032838914e-07,1.594637319756302e-07,0.01256901162755507,0.01320364125398638,0.014954248588969887,0.01314222280366298,0.051052316041963294,0.007224119635803577,0.009272209868498754,2.5463735781851425e-05,1.6363253654157895e-05,0.20274017036859404,0.6757993079919627
0.015948046875,1673.9202286115103,5.535028311943855,0.18537931497130972,3.321738194918283e-07,1.5447484695129085e-07,5.6049570163170565e-09,5.821393953229553e-10,1.0775833103877319e-07,1.4616779056436857e-07,0.012736448551815866,0.013047119626999568,0.014826017005343816,0.013040740421243716,0.05080981957874631,0.00720792121200036,0.009324688913844576,2.5236075119395334e-05,1.6099735723994195e-05,0.2030412016777671,0.675923960439511
0.015953320312499998,1677.6087900514426,5.5462711553616115,0.18500353265687972,2.5910607696311495e-07,1.2207621106338973e-07,4.464481912255705e-09,4.664504174663155e-10,8.508344096395537e-08,1.3514886431113765e-07,0.01290101213088251,0.012893305759130072,0.014706009761221864,0.012938702678165383,0.05057907097834392,0.0071900355069512345,0.009374570433683733,2.5016776859007843e-05,1.58388310842471e-05,0.20332866596725796,0.6760471648308944
0.01595859375,1681.2310683168562,5.557294781553735,0.18463655378163252,2.02087489073896e-07,9.644029002513818e-08,3.554020707471182e-09,3.7342672454793516e-10,6.715982162323351e-08,1.2594687648464796e-07,0.013062728582748024,0.012742179421248787,0.014593492539896146,0.012836309023725439,0.05035922486808261,0.0071706228214795985,0.009421995286356991,2.4805318703363746e-05,1.558088360889899e-05,0.2036036406999779,0.6761689249922477
0.0159638671875,1684.789068515195,5.568106625476432,0.1842780366525041,1.576033942700128e-07,7.616529470226791e-08,2.8277472558409794e-09,2.987148804814576e-10,5.299910927972943e-08,1.1819625382322979e-07,0.013221626118478547,0.012593716980805381,0.014487793685990883,0.012733738086517059,0.05014950155630795,0.007149831038081769,0.009467096485926462,2.4601220530103104e-05,1.5326195386210617e-05,0.20386711403162186,0.6762892465098397
0.015969140625,1688.2846981092357,5.578713729922521,0.18392765904277655,1.2290501378085548e-07,6.013713127486753e-08,2.2488122828459542e-09,2.3877453293550994e-10,4.181639562713258e-08,1.1160681739623824e-07,0.013377734669460685,0.012447892004751597,0.01438829942685224,0.012631149432820465,0.04994918225784645,0.007127796489221948,0.009509999506409671,2.440404040802351e-05,1.5075028247300624e-05,0.20411999166039413,0.6764081365306426
0.015974414062499998,1691.7197736391954,5.589122772508131,0.1835851167666911,9.584379770447281e-08,4.747116569533394e-08,1.7876257814791722e-09,1.9073262344564481e-10,3.298895887117775e-08,1.0594842344877828e-07,0.013531085635067105,0.012304675767711945,0.01429444936160918,0.012528685213689989,0.049757604601904634,0.007104644774901714,0.009550822597969789,2.4213371064070153e-05,1.4827605832638963e-05,0.2043631032554148,0.6765256035841299
0.0159796875,1695.09602672915,5.599340090054046,0.18325012239150987,7.474121136900301e-08,3.746554991068095e-08,1.4204571504552548e-09,1.5226213892028225e-10,2.6023191851177773e-08,1.010386521179104e-07,0.013681711649238398,0.012164037682117454,0.014205732221697794,0.012426471701399286,0.0495741584176574,0.007080491530526471,0.009589677109742107,2.4028836739497396e-05,1.458411601339005e-05,0.20459720847088658,0.676641657422657
0.0159849609375,1698.4151094837146,5.60937170071446,0.18292240406946056,5.8286496766708e-08,2.9563876188640374e-08,1.1282971612438944e-09,1.2148169426857005e-10,2.0528147867144663e-08,9.67329633502709e-08,0.013829646364488534,0.012025945663984208,0.014121681901843491,0.012324620717407366,0.049398281790444455,0.007055443146643469,0.009626667814898099,2.385009038332339e-05,1.434471352424434e-05,0.20482300255696378,0.676756308878156
0.015990234375,1701.678599361046,5.61922332414212,0.18260170447493537,4.5456481177061125e-08,2.332534050320427e-08,8.959349204399851e-10,9.687268373634266e-11,1.6194415217869784e-08,9.291684289611045e-08,0.013974924251865544,0.011890366445533596,0.014041873756794802,0.012223230955143488,0.0492294573797548,0.007029597442468802,0.009661893234331963,2.3676811139389453e-05,1.4109522697904565e-05,0.2050411215811803,0.676869569733202
0.015995507812499997,1704.8880035923414,5.628900399927803,0.18228777983468664,3.5452736112493614e-08,1.8400938156277758e-08,7.112108012429849e-10,7.721116421687236e-11,1.2777272496677484e-08,8.949954847193527e-08,0.014117580415433763,0.011757265843823188,0.013965921156312677,0.012122389201742212,0.04906720898892765,0.00700304429531548,0.009695445956014298,2.350870209011588e-05,1.387864021962686e-05,0.2052521472764113,0.6769814526047925
0.01600078125,1708.0447632053997,5.6384081045114955,0.18198039904067048,2.7652372377926227e-08,1.45144960527386e-08,5.644129771253874e-10,6.151202804260647e-11,1.0083275535046797e-08,8.64091389426742e-08,0.014257650419886657,0.011626608992905074,0.01389347228887608,0.012022171463442593,0.04891109837564515,0.006975866228126527,0.009727412947604552,2.3345488225531832e-05,1.3652137844098502e-05,0.20545661153281042,0.6770919708394255
0.0160060546875,1711.1502566998213,5.647751366730385,0.18167934283673753,2.1569539225342795e-08,1.1447576268458114e-08,4.477908309268474e-10,4.89833803342542e-11,7.959590042853597e-09,8.358852957855182e-08,0.014395170129947215,0.011498360545685593,0.013824207203131888,0.011922643999745403,0.04876072229176671,0.006948138957340882,0.009757875860356653,2.3186914610345018e-05,1.3430065037480594e-05,0.20565500055209804,0.6772011384182703
0.016011328125,1714.205803413474,5.656934882143037,0.18138440307162151,1.6825316604902053e-08,9.027473360457447e-09,3.551632609057228e-10,3.8989354771379294e-11,6.285517244723065e-09,8.09923658630432e-08,0.014530175560261586,0.011372484850571652,0.013757835075176498,0.011823864271639587,0.04861570974079501,0.006919931903302189,0.009786911322691784,2.3032744724427223e-05,1.3212451525794147e-05,0.20584775868308047,0.6773089698714053
0.016016601562500003,1717.2126666135914,5.665963126248731,0.18109538201169798,1.3124181405442619e-08,7.117680638806275e-09,2.816038837442192e-10,3.1019881651957556e-11,4.965768151273669e-09,7.858454844908321e-08,0.014662702734539198,0.011248946107108217,0.013694091689210226,0.011725881809299074,0.04847571944122451,0.0068913086653833435,0.009814591222045022,2.288275895224718e-05,1.29993097483166e-05,0.20603529195745138,0.6774154802002361
0.016021875,1720.1720563410158,5.674840366705008,0.18081209170780888,1.0235617317058852e-08,5.610324634095449e-09,2.2318845794124925e-10,2.4666164343229305e-11,3.9251297434470185e-09,7.633627357548371e-08,0.014792787552741594,0.011127708504097444,0.01363273711886766,0.011628739004639808,0.0483404374841584,0.006862327463961378,0.009840982973706296,2.27367531923078e-05,1.2790637232948659e-05,0.20621797134485617,0.6775206848073461
0.0160271484375,1723.0851320324061,5.683570674613046,0.18053435341111118,7.97974448961215e-09,4.420167598303765e-09,1.767926267107377e-10,1.960082530553892e-11,3.1042367019217955e-09,7.42244760057072e-08,0.014920465665167094,0.01100873634311522,0.013573553596532763,0.011532471834044673,0.04820957517386332,0.006833041551358862,0.009866149775344562,2.2594537543559765e-05,1.2586418931844108e-05,0.20639613574596338,0.6776245994331165
0.016032421875,1725.953004942493,5.692157935099795,0.18026199703344303,6.2160863311758684e-09,3.479859642582701e-09,1.3993040816863925e-10,1.5561848530911368e-11,2.4562179347795527e-09,7.223057057393308e-08,0.015045772352288907,0.010891994149908584,0.013516343558114732,0.011437110516400877,0.048082867040383004,0.0068034995938904596,0.009890150845682635,2.245593499112488e-05,1.2386629583118032e-05,0.20657009474193982,0.6777272400985899
0.016042968750000004,1731.556477544864,5.708915016390203,0.17973288337011964,3.835423080246095e-09,2.1889515974097113e-09,8.887104692956424e-11,9.932989940880048e-12,1.5675422922926682e-09,6.855093205073151e-08,0.01528936382666616,0.010665102309522773,0.013407304527820598,0.011249178825869182,0.04784118775215251,0.006743782751377935,0.009934822562521239,2.2189080749917644e-05,1.2000251578204467e-05,0.20690624224379386,0.6779287496262947
0.016053515625000004,1736.9963954335344,5.72515840547544,0.17922294618596898,2.3687798785403398e-09,1.3777381915686784e-09,5.645697098978869e-11,6.341328975518636e-12,1.0089172623433961e-09,6.519059955553129e-08,0.01552427205303642,0.010446410919771002,0.013304153279935388,0.011065092212716288,0.04761294458155667,0.006683537111397091,0.009975546313311975,2.1934475177731476e-05,1.1630583368232366e-05,0.2072289897170913,0.6781254187438048
0.016064062500000004,1742.2804618568712,5.7409142972040454,0.1787310702948886,1.4646502065743769e-09,8.677813603913398e-10,3.587817625840342e-11,4.049038898027988e-12,6.575757272013329e-10,6.209375897139158e-08,0.01575081111724771,0.010235620525523702,0.013205886130309144,0.010884936595262846,0.04739667325003764,0.006623014090286863,0.010012676467218458,2.1691100306431787e-05,1.127715059152962e-05,0.20753996600837762,0.6783173824411447
0.016074609375000003,1747.4158588150922,5.756206911187087,0.17825623238388394,9.07007572680437e-10,5.471454020202242e-10,2.2815154728958724e-11,2.5864275650630653e-12,4.3634309339166946e-10,5.922075447364557e-08,0.015969291604546132,0.010032436213429244,0.013111678818242881,0.010708752234111404,0.04719112017170556,0.006562422284896786,0.010046526875772744,2.1458048001106552e-05,1.0939380903804564e-05,0.20784053765272437,0.6785047755790139
0.016085156250000003,1752.409296118728,5.7710586930686665,0.17779749113319046,5.631061268195697e-10,3.4559591609146066e-10,1.4527152994082332e-11,1.6539403648692195e-12,2.968144352194911e-10,5.65427202375092e-08,0.016180019773594696,0.009836568479823511,0.01302085513426875,0.010536543720616175,0.04699520936986794,0.006501933814628418,0.010077375654597459,2.1234510984960278e-05,1.061663501974196e-05,0.2081318530682837,0.678687732073897
0.016090429687500005,1754.8550903071593,5.778326896953376,0.17757385054627833,4.407663990713939e-10,2.729593088553514e-10,1.1521674099678706e-11,1.3149647769306775e-12,2.463218856365128e-10,5.526866617817459e-08,0.016282594488495904,0.009741268765292667,0.012976504457434182,0.010451922431981007,0.04690051936548815,0.006471780506442846,0.010091766840569989,2.112603685064175e-05,1.0460630965194607e-05,0.20827440445677955,0.6787775957781496
0.016095703125000003,1757.266733186112,5.785489507714618,0.17735400875612617,3.4500635156748643e-10,2.1555914447390017e-10,9.135730096643202e-12,1.0450219766668013e-12,2.0630317035791796e-10,5.403654036375428e-08,0.016383265522470585,0.009647753316373487,0.01293280773794613,0.010368290344861659,0.046807977843435246,0.006441705554334339,0.010105483079006914,2.1019744887163395e-05,1.0308231310155293e-05,0.20841494569756663,0.6788663881142178
0.0161009765625,1759.6449150921985,5.792548814701471,0.17713786963790853,2.699905563623459e-10,1.701765232521636e-10,7.241035670329487e-12,8.300610585834131e-13,1.7452554913291086e-10,5.2844038711265e-08,0.01648206475631945,0.009555990629719404,0.012889710502152448,0.010285641381282743,0.046717489357587905,0.006411723105699572,0.010118551260761296,2.0915554561582445e-05,1.0159345049113412e-05,0.20855357531153318,0.6789541253285309
0.016106250000000003,1761.9903005384801,5.799507015490221,0.17692534107973515,2.1115514692202336e-10,1.3426714403619838e-10,5.7356110827534545e-12,6.588253836127095e-13,1.4923345840046254e-10,5.1689203061066115e-08,0.016579023175514313,0.009465949939434016,0.012847163605674023,0.010203968415206068,0.046628965584557154,0.006381845954919181,0.01013099670026775,2.081339155793089e-05,1.0013885422977835e-05,0.20869038363009298,0.6790408235271005
0.016116796875000002,1766.5846802312212,5.813126770306673,0.17651081721653367,1.31289802877413e-10,8.48271394952292e-11,3.6492415432844825e-12,4.2047482020424524e-13,1.1395059588884409e-10,4.948723652144167e-08,0.016767499521298357,0.009290950170468253,0.012763587841105511,0.010043525212973872,0.04645757233837376,0.0063224435481391665,0.010154091142611099,2.061494605161539e-05,9.733006906506943e-06,0.2089587809400716,0.6792111515106264
0.016127343750000002,1771.0588997329137,5.826377675960685,0.17610937942521168,8.173745497241979e-11,5.364258618924431e-11,2.3234266072271057e-12,2.685545581191917e-13,9.111959715794113e-11,4.7415140571538e-08,0.01694925895943707,0.009122259032831592,0.012681716889331038,0.009886858026053824,0.04629288534538071,0.006263574171331449,0.010175011144747306,2.042361839803485e-05,9.464519525261616e-06,0.2092209463635952,0.6793775542851362
0.016137890625,1775.4177062176807,5.839275126284116,0.17572039929954295,5.095476601654356e-11,3.395476874358482e-11,1.4803417217786266e-12,1.7163276855299218e-13,7.615932088822592e-11,4.546327772547098e-08,0.017124553573070436,0.008959635720898189,0.01260130697867114,0.009733885192391257,0.0461343919687975,0.006205298329276458,0.01019391107608059,2.0238963986170238e-05,9.207830626689973e-06,0.20947737131014776,0.6795401534300554
0.0161484375,1779.6655504923658,5.851833477892895,0.17534329380476138,3.180750297975641e-11,2.1513577419881796e-11,9.438578431024853e-13,1.0975619787922733e-13,6.618316618725915e-11,4.362284419411739e-08,0.017293625534261076,0.008802848696391538,0.01252216019269361,0.009584519251278513,0.045981645132567216,0.006147663528035635,0.01021092960236432,2.0060576245519513e-05,8.962351359458074e-06,0.20972847415754928,0.6796990672338517
0.016158984375,1783.806606569309,5.864066129112513,0.17497752143633646,1.9881596310157572e-11,1.3643959707212473e-11,6.022266527049436e-13,7.022809718599195e-14,5.937325619145149e-11,4.1885927194239956e-08,0.017456706750459527,0.008651675869137693,0.01244411623242692,0.009438669021071024,0.045834253622857146,0.006090706547130757,0.010226191477067114,1.9888085761092076e-05,8.727508542945776e-06,0.20997461234232379,0.6798544105637234
0.01616953125,1787.8447887107222,5.875985588753789,0.17462257885296326,1.2442726790172251e-11,8.660650642269971e-12,3.844955717094852e-13,4.495889052302669e-14,5.458411944038721e-11,4.024537633669887e-08,0.017614018509326396,0.008505904759486236,0.012367045643704656,0.009296241219425842,0.04569187398843642,0.0060344553398277425,0.010239809196909746,1.972115698490697e-05,8.502751042770546e-06,0.21021609232311808,0.6800062947902439
0.016180078125,1791.7837661985031,5.887603535963235,0.17427799792285206,7.794802550203299e-12,5.50082855031576e-12,2.4557803749631805e-13,2.87895931717906e-14,5.109299343013553e-11,3.86946877585806e-08,0.01776577109820778,0.00836533265873525,0.012290844260861593,0.00915714170881653,0.045554203775322384,0.005978930647999705,0.010251884505669188,1.9559484689563977e-05,8.28755304869405e-06,0.21045317778842507,0.6801548277588734
0.016190625,1795.626975969924,5.898930872015317,0.17394334313681442,4.883914913845392e-12,3.493281561809503e-12,1.5679132513382422e-13,1.842658470435373e-14,4.8442808230308035e-11,3.722791505272024e-08,0.017912163373700437,0.008229766803634405,0.012215428665469543,0.009021276429862909,0.04542097586309186,0.005924147400125377,0.010262509781472503,1.9402790672754146e-05,8.081415539453149e-06,0.21068609639007152,0.680300113801449
0.016201171875,1799.3776331390827,5.909977764556046,0.1736182093552268,3.0534067652995445e-12,2.2131392413703336e-12,9.985182058362997e-14,1.1763241875526984e-14,4.634343760757029e-11,3.5839594029708183e-08,0.018053382255040374,0.008099024581239154,0.012140732500698206,0.008888552066219876,0.04529195369094901,0.005870115950262527,0.01027176939256433,1.9250820739947366e-05,7.883866543764072e-06,0.21091504520253893,0.6804422537818883
0.01621171875,1803.0387392456425,5.92075368430598,0.17330221987301056,1.891903260860314e-12,1.3902400462342186e-12,6.305771713039389e-14,7.447028267546162e-15,4.460944082863985e-11,3.452462527185715e-08,0.018189602112159205,0.007972933781424883,0.012066703521675323,0.008758876464663482,0.045166927167338375,0.005816843201586351,0.010279741192859381,1.9103341749237053e-05,7.694460211915102e-06,0.2111401950120436,0.6805813451717009
0.0162328125,1810.1009924183097,5.941520333968201,0.1726964983937723,7.921135749684713e-13,5.953504001876175e-13,2.7233384789656753e-14,3.226894132539547e-15,4.1876608472883965e-11,3.209893504256396e-08,0.01844751500362826,0.007734229429829957,0.011920524907508102,0.00850839185756047,0.044928308220084624,0.005712589191552084,0.010292043085169915,1.8821220167847056e-05,7.338816519974323e-06,0.2115795346620545,0.6808506714636947
0.01625390625,1816.8552394146798,5.961359204572169,0.17212177988282448,3.3340773618719757e-13,2.5621280530379795e-13,1.1817016252259515e-14,1.4079593393498402e-15,3.9636815355414967e-11,2.990901032166149e-08,0.018688701962067268,0.007511177195918542,0.011776586921595004,0.008268912983426864,0.04470270510649594,0.005611267986873193,0.01030014363530137,1.8553884316671438e-05,7.010094556260658e-06,0.21200581367746738,0.6811090966027316
0.016275,1823.3218791722047,5.9803335366884065,0.1715756739180238,1.410888660135553e-13,1.1078668438027389e-13,5.150486636718679e-15,6.19191398488359e-16,3.7695033256879335e-11,2.79273542907276e-08,0.01891446304921801,0.007302551426763333,0.011634759560180662,0.008039790849740916,0.04448896730451184,0.005512836412258429,0.010304466864947652,1.830001194292649e-05,6.705776291677534e-06,0.21241985941484703,0.6813572713639906
0.016296093750000004,1829.5194355434846,5.998500488990049,0.17105604287190912,6.002865474798695e-14,4.812849135849692e-14,2.2550453724743966e-15,2.7557315594507615e-16,3.5958389269839504e-11,2.612971308777623e-08,0.019125996393131388,0.0071072236200136925,0.011494969311943765,0.007820420939470251,0.044286110870694624,0.0054172289836340315,0.010305383766506892,1.8058427273607607e-05,6.423508632609932e-06,0.21282235755805137,0.6815958004548656
0.016317187500000004,1835.4647658094864,6.0159118640104845,0.1705609689779776,2.567950994204773e-14,2.1006363639750362e-14,9.922435279756568e-16,1.2525018578353225e-16,3.437892275206434e-11,2.449505881778863e-08,0.01932440474849499,0.006924155966095582,0.011357178541192883,0.007610241738074396,0.04409328260677345,0.005324368134461891,0.0103032199062952,1.782809276163973e-05,6.161178521846882e-06,0.21321388936841865,0.681825245189424
0.016338281250000003,1841.1732363439066,6.032614709464988,0.17008872706583364,1.104553516198359e-14,9.212438984234082e-15,4.39235688808216e-16,5.920432261312321e-17,3.292888678282655e-11,2.300513422449015e-08,0.019510701865964587,0.006752395115263169,0.011221371591049233,0.007408732497478268,0.04390973430511808,0.005234170084055706,0.010298262877770515,1.7608090609141956e-05,5.916907930900637e-06,0.21359495723110872,0.6820461263955677
0.016359375000000002,1846.6588717638804,6.048651821651127,0.16963776177996068,4.777143653961791e-15,4.06040870488209e-15,1.9606887140908949e-16,3.00434373406654e-17,3.159008452532066e-11,2.1644050034819395e-08,0.019685818534765778,0.0065910662690187105,0.011087545489434959,0.0072154106046279755,0.04373480396857916,0.005146548472640859,0.010290768363177261,1.739760597218238e-05,5.689031111166356e-06,0.2139660026543724,0.6822589273306503
0.016380468750000002,1851.9344813414461,6.064062167176743,0.16920666848776597,2.0775316860840757e-15,1.7994680303891833e-15,8.870138174285135e-17,1.708573871798171e-17,3.0349197530697716e-11,2.0397945881030505e-08,0.019850608185325695,0.006439367675610251,0.010955703806030028,0.007029828800210241,0.0435679019591454,0.005061416684966348,0.010280964894042066,1.7195913098800777e-05,5.476069920044257e-06,0.2143274190884527,0.6824640964948995
0.0164015625,1857.0117653693953,6.078881234522406,0.16879417728755827,9.085769820763835e-16,8.026887819770791e-16,4.109448860380274e-17,1.127218883536236e-17,2.919567883283198e-11,1.9254704761968116e-08,0.020005851948520826,0.006296565596672413,0.010825852659936748,0.006851572407024203,0.043408500714398834,0.00497868934761631,0.010269057583238072,1.7002364069071515e-05,5.2767110464277926e-06,0.2146795610948991,0.6826620502886757
0.01642265625,1861.901403449918,6.093141323858961,0.1683991396672893,3.9966607940938177e-16,3.6120246589300764e-16,1.9893620171270873e-17,8.620138736149342e-18,2.812075621704856e-11,1.8203712127135347e-08,0.020152263063011537,0.0061619898091699815,0.010697998194109413,0.006680256662091064,0.043256127121430156,0.004898283293803778,0.01025523106956164,1.6816379663842157e-05,5.089785888559968e-06,0.21502275089959172,0.6828531754898446
0.01644375,1866.613126040064,6.1068717811022015,0.16802051747394708,1.7690905899672924e-16,1.6474993063431088e-16,1.0408466381820077e-17,7.372246645495639e-18,2.711692578247253e-11,1.7235652322252634e-08,0.020290490501310286,0.006035029713666263,0.010572145058396008,0.006515524195523756,0.04311035693794474,0.004820118198153214,0.01023965186858825,1.663744196414755e-05,4.914253062560557e-06,0.2153572830240971,0.683037831544524
0.01646484375,1871.1557699357784,6.120099180005798,0.1676573739455778,7.887201051775014e-17,7.691540740911332e-17,6.142360209201438e-18,6.7502384785205835e-18,2.617766923467669e-11,1.6342336452573525e-08,0.02042112164645911,0.005915131137167422,0.010448295612737997,0.006357042653102779,0.042970810840660116,0.004744117053898935,0.010222470312054999,1.6465088354828735e-05,4.749183349223421e-06,0.21568342743012076,0.6832163526735795
0.0164859375,1875.5373175542238,6.132847453777959,0.16730886664597247,3.5469038841371645e-17,3.743522274154357e-17,4.209847607114061e-18,6.4081596284658305e-18,2.5297277989978346e-11,1.5516556706913313e-08,0.020544683789704508,0.005801793948393898,0.010326449710545565,0.0062045024010124175,0.04283715176252601,0.004670206698065212,0.010203822339204627,1.629890661000907e-05,4.593746840008653e-06,0.2160014313560474,0.6833890497991963
0.01650703125,1879.764918477756,6.145137974234242,0.1669742422534006,1.6081142771190416e-17,1.9537982508584263e-17,3.3227231526664995e-18,6.1915650868043285e-18,2.44707273301681e-11,1.4751961859128258e-08,0.0206616441264532,0.005694570649788257,0.010206605101176807,0.006057614142621996,0.04270908309124087,0.004598318704008359,0.01018383177162894,1.613853062345784e-05,4.447201510620292e-06,0.21631151961699513,0.6835562122875197
0.016528125,1883.8448883859278,6.15698956904424,0.16665283338412115,7.181238851195423e-18,1.1204841178353738e-17,2.900022387684613e-18,6.030917148063945e-18,2.369355295443096e-11,1.4042921068431964e-08,0.020772407785150732,0.00559306618458421,0.01008875881028055,0.0059161060257867356,0.04258634684803613,0.004528391081385276,0.01016261514559966,1.5983636348292737e-05,4.308877453514578e-06,0.21661389205693546,0.6837181094818247
0.016570312500000003,1891.578752555187,6.179426653089364,0.16604772811496965,2.1702450273019076e-18,6.41234817233319e-18,2.6321987413496987e-18,5.78088980914321e-18,2.2275495152178314e-11,1.2774074402239035e-08,0.02097635187041013,0.005406193801137221,0.009859055570136284,0.005648439608704807,0.042356208976459024,0.004394257767723003,0.010116881139623684,1.568945749240448e-05,4.054911755696771e-06,0.21719598062387055,0.6840268734763373
0.016612500000000002,1898.8377516564951,6.200459232433426,0.16548447757419904,9.379242143704647e-19,5.187145117518566e-18,2.5357951216869516e-18,5.554195973492277e-18,2.1003082304142767e-11,1.166722293369847e-08,0.021162017020569673,0.005236262031574798,0.00963697561212863,0.005398977791155777,0.04214261113502289,0.004266898087919552,0.010067636839301971,1.5412165389787255e-05,3.826113254007622e-06,0.21775149400352928,0.6843178775119276
0.0166546875,1905.6647667762663,6.220215892341127,0.1649588655055311,6.307956244646258e-19,4.848533689471902e-18,2.479968120436692e-18,5.336479243572283e-18,1.985567183488473e-11,1.0696213538545843e-08,0.021331830635784626,0.005080999034760557,0.009422372118587565,0.0051660993057891505,0.0419438236176015,0.004145880549306464,0.01001550924852688,1.5149867917629669e-05,3.6192005276647035e-06,0.21828203415227676,0.684592671552852
0.016696875,1912.0975396907174,6.238809595652634,0.1644672338639245,5.53498977997785e-19,4.730718914350003e-18,2.4325353038681998e-18,5.124897086168561e-18,1.8815667327478968e-11,9.839736798565495e-09,0.02148785392388781,0.004938477794834936,0.009215069260992727,0.004948370244263521,0.04175835354085723,0.004030793233785481,0.009961037692033974,1.4900946141717339e-05,3.431343606201337e-06,0.21878907621076435,0.6848526259502796
0.0167390625,1918.1694148612016,6.256339998609713,0.16400639303958583,5.339267153943103e-19,4.666025435883122e-18,2.385742728405609e-18,4.919242445623201e-18,1.7868506208869663e-11,9.08045682463041e-09,0.021631839269482075,0.004807061857005723,0.009014872588375963,0.004744514317775988,0.04158490222621724,0.003921255102273552,0.009904683330014168,1.466401723469882e-05,3.2601614479919545e-06,0.21927398331382317,0.6850989547180241
0.01678125,1923.9099451705467,6.272895310995774,0.16357355031944518,5.2882680029075185e-19,4.611940952188015e-18,2.3379483588171146e-18,4.7198126153823145e-18,1.7002101598920698e-11,8.404176287900608e-09,0.02176527857658122,0.004685359714444222,0.008821575497274093,0.004553390944536483,0.04142233503699672,0.0038169155505373927,0.009846841680631166,1.443789532373273e-05,3.103644000768397e-06,0.21973801631611325,0.6853327367223825
0.016823437500000003,1929.3453860570287,6.288553799811277,0.16316625244313498,5.271733588245497e-19,4.557849286991794e-18,2.2890281381987406e-18,4.526911211364429e-18,1.6206363657029304e-11,7.799193059963748e-09,0.021889443820308843,0.004572186597172165,0.008634964041115044,0.004373977693046634,0.04126965797926899,0.0037174521858794373,0.009787852715370722,1.4221560000309447e-05,2.9600851490759946e-06,0.220182341521053,0.6855549339862362
0.016865625000000002,1934.4990933498987,6.303384989837604,0.1627823397201537,5.261244004690686e-19,4.501348838497688e-18,2.239210855523057e-18,4.340749263917524e-18,1.5472822233018927e-11,7.255802694125226e-09,0.022005420893755522,0.004466532598185415,0.008454820739843934,0.0042053557477881075,0.04112599917543537,0.0036225685100945955,0.009728009008102133,1.40141314378952e-05,2.8280292524010893e-06,0.22060803655881292,0.6857664073360162
0.0169078125,1939.391834952097,6.31745059385905,0.16241990998717992,5.249478267928947e-19,4.442154711597594e-18,2.188782169008523e-18,4.161441002702954e-18,1.4794330085957465e-11,6.76591128772972e-09,0.022114137611907253,0.004367536277608704,0.00828092762863592,0.004046697713486894,0.04099059446827435,0.0035319918289289506,0.009667562382571398,1.3814850910819841e-05,2.706228667355968e-06,0.22101609446130843,0.6859679297669943
0.01695,1944.0420209596045,6.3308051865067005,0.16207729136735194,5.23463454218597e-19,4.380508746718885e-18,2.1380113732981417e-18,3.9890191084644025e-18,1.416482888912684e-11,6.322732739401969e-09,0.02221638645045722,0.004274463117223633,0.008113068681231045,0.003897257310287012,0.040862776938074476,0.0034454714445452143,0.009606729300827345,1.3623065959782542e-05,2.5936099243508644e-06,0.221407425884776,0.6861601978597964
0.0169921875,1948.46585052137,6.34349661558987,0.1617530234479822,5.216371939286678e-19,4.316760867777748e-18,2.087135445128205e-18,3.8234514320799546e-18,1.3579165045938142e-11,5.9205512543496455e-09,0.02231284221947924,0.004186688475138164,0.007951031731404094,0.0037563606157633533,0.040741970530498134,0.0033627771530780333,0.009545695133375248,1.3438219813193844e-05,2.489246802027231e-06,0.2217828592464804,0.6863438414940377
0.017034375,1952.677365899601,6.3555661207581835,0.16144584720040392,5.194735561233403e-19,4.251258311691566e-18,2.036357500805023e-18,3.664655539142771e-18,1.3032946057529388e-11,5.55453497157595e-09,0.022404074317122172,0.004103685058754984,0.007794610092134545,0.0036233985139887573,0.040627688411522735,0.0032836981725460545,0.009484617504335682,1.3259844909192458e-05,2.392339093022829e-06,0.22214313818594486,0.68651943199208
0.017076562500000003,1956.6883923775686,6.367048095781286,0.16115470487557895,5.169867360075617e-19,4.18431688816178e-18,1.985848386528637e-18,3.51251107047285e-18,1.2522429584117973e-11,5.220590092003952e-09,0.022490552314221007,0.004025015480361263,0.007643604458699836,0.0034978197410567608,0.04051953683714107,0.0032080431547483585,0.009423629708226458,1.308756029921954e-05,2.3021966105160806e-06,0.22248891467572146,0.6866874886398014
0.017118750000000002,1960.5083168720776,6.377969365259782,0.16087875278822278,5.141938383426641e-19,4.116226698806417e-18,1.9357519927825657e-18,3.3668726491558756e-18,1.2044424131037027e-11,4.9152410378521045e-09,0.022572642047776145,0.003950331369850922,0.007497827462298102,0.0033791224462497845,0.04041722351535095,0.0031356438806683755,0.009362850942086238,1.2921074230549888e-05,2.218227748544727e-06,0.2228207310418261,0.6868484830646289
0.017203125,1967.5946136889747,6.39818495611552,0.16037044315578028,5.077530454758201e-19,3.977902402171056e-18,1.8375199074641536e-18,3.0950583546879217e-18,1.1177701268087487e-11,4.379875160986364e-09,0.022724379142222847,0.0038121711419887233,0.0072214761819083696,0.0031609414768732896,0.04022954084929657,0.0030002074590780156,0.009242448934209434,1.260509251887354e-05,2.0670620119357525e-06,0.22344358341372506,0.6871505748551141
0.0172875,1974.1078837378286,6.416734456908265,0.15990684415817683,5.004127873053425e-19,3.838134234762855e-18,1.7421778330807193e-18,2.8461281462389757e-18,1.040433913164022e-11,3.923138151368685e-09,0.0228640424954328,0.0036849499560880745,0.006962780070697546,0.0029641898193415706,0.040058679470598546,0.0028751595261555197,0.009123718429540536,1.2306141000882194e-05,1.933641024650646e-06,0.22402227779074452,0.6874299587258329
0.017371875000000002,1980.113710836222,6.43381176305816,0.15948240243786635,4.923259726377559e-19,3.698519408313715e-18,1.6503473078252959e-18,2.618642920478701e-18,9.71066886762293e-12,3.5305922265728266e-09,0.02299338953664731,0.0035670583551683545,0.006720360819358393,0.00278617888756437,0.03990248611161521,0.0027594723613308908,0.009007114966474404,1.2022306991255362e-05,1.8151983035154368e-06,0.2245610367455319,0.6876890611707116
0.01745625,1985.667699533096,6.449580924869511,0.15909246953537848,4.836385659899142e-19,3.560325444054623e-18,1.5624188857005847e-18,2.4110446882700975e-18,9.08543560188077e-12,3.1909729012239766e-09,0.023113803168098922,0.003457235673790547,0.006492966487130587,0.002624638965112383,0.03975918990694206,0.00265222849754211,0.008892964140326838,1.1752061826059313e-05,1.709480536752661e-06,0.2250635516269247,0.6879299567917107
0.017540625,1990.8169284388896,6.464180493089827,0.1587331538627111,4.7448278152384965e-19,3.4245512027757997e-18,1.4786285941472445e-18,2.2217835158889355e-18,8.519531727648145e-12,2.8954176458884355e-09,0.02322638077220292,0.003354486886744776,0.006279466982081851,0.002477643604050377,0.039627321949213,0.0025526262698771637,0.00878149745569,1.149417287248089e-05,1.614661242359605e-06,0.22553303605245428,0.6881544282896336
0.017625000000000002,1995.600789813044,6.477725880073001,0.15840123151283608,4.64975530944879e-19,3.2919685600013065e-18,1.3990946687591547e-18,2.0493625814524217e-18,8.00552756041331e-12,2.6368852703453895e-09,0.023331994820776244,0.003258026033661972,0.006078848178297492,0.002343554733708524,0.039505679609684936,0.0024599691797883958,0.00867287860849706,1.1247663576809804e-05,1.5292537111479528e-06,0.22597225094558496,0.6883640183278216
0.017709375,2000.0510475408507,6.4903092140312,0.15809412509777274,4.552174950766667e-19,3.1631540900509737e-18,1.3238443545557867e-18,1.892365549825233e-18,7.537340901081586e-12,2.4097460011204147e-09,0.023431324216929922,0.003167245260664877,0.005890207793804401,0.0022209799250989593,0.03939333169319558,0.0023736570272633525,0.008567220766833422,1.1011805970529789e-05,1.4520482987917205e-06,0.226383494455458,0.6885600725891988
0.01779375,2004.1906809770232,6.5019953135232145,0.15780998098726637,4.452949921370652e-19,3.038520475660242e-18,1.2528329134596157e-18,1.749473084852545e-18,7.110019838929038e-12,2.209495158438335e-09,0.02352484129808932,0.0030817182110080897,0.005712757714485142,0.0021087354610967533,0.03928968115749926,0.0022931858614617345,0.008464607472299997,1.0786154098602397e-05,1.3820743082339285e-06,0.22676852940352651,0.6887437729755211
0.0179625,2011.5704424392875,6.522756938787044,0.1573076793196237,4.2527001628142745e-19,2.8037127670665337e-18,1.1236554732165443e-18,1.5021866468749507e-18,6.365382466192255e-12,1.876876194783144e-09,0.02369490304084387,0.0029259001617241557,0.00538958246057079,0.0019120462005620632,0.03910797438483431,0.0021486474410782135,0.008269446350014488,1.036618541704538e-05,1.2612422199366404e-06,0.2274626474527706,0.689077223196723
0.01813125,2018.1099072334064,6.541116247850049,0.156866155244364,4.0533417228042725e-19,2.586342548380654e-18,1.0089010702417949e-18,1.2951158926855615e-18,5.729336047789579e-12,1.60944200918062e-09,0.02384905643092568,0.002784433118972367,0.005099410418466212,0.001743391002724705,0.03894912735177769,0.0020205978677420534,0.008084775283223994,9.975114203782233e-06,1.1588532753566147e-06,0.22808313773338,0.6893749352101369
0.0183,2023.9410978783235,6.557456337484441,0.15647527089755248,3.8581466440333546e-19,2.3865899027855144e-18,9.07334732234533e-19,1.121354369629145e-18,5.182210855274222e-12,1.3918308482017178e-09,0.023989485139764816,0.002655371762232789,0.004837761686802023,0.0015976658652293372,0.03880932899917132,0.0019065423734410218,0.007910226422539168,9.609729429602251e-06,1.0711721948272587e-06,0.22864073002787355,0.6896422054243084
0.01846875,2029.170086483547,6.572084016678455,0.15612699932058613,3.6693442279115594e-19,2.203898929119788e-18,8.175929925740921e-19,9.751048008725109e-19,4.708466402872299e-12,1.2128608016448794e-09,0.024117934743037753,0.0025371615591884417,0.0046009076339037685,0.0014708754731581092,0.03868559270294133,0.0018044256988780359,0.007745295684503537,9.267482119204637e-06,9.953709735004593e-07,0.22914420382771614,0.6898833386060109
0.0186375,2033.8830388228869,6.585247844377955,0.15581490341062995,3.488369101586222e-19,2.0373380114663786e-18,7.383434271091769e-19,8.51589241749134e-19,4.295835440922105e-12,1.0642575814535439e-09,0.024235833651418823,0.0024285292969253177,0.004385715637887752,0.001359857737956281,0.03857551700282813,0.0017125611666182806,0.007589429125696394,8.946261108291939e-06,9.292853409594846e-07,0.22960081583462644,0.6901018639310399
0.01880625,2038.1506455407755,6.59715127349143,0.15553376211483694,3.316069387295645e-19,1.8857853961039983e-18,6.683428042942235e-19,7.468919240572169e-19,3.9345147390546806e-12,9.398020933359477e-10,0.024344372375797927,0.0023284120980328915,0.00418954109830552,0.0012620863881614985,0.03847714146887176,0.0016295574059176185,0.00744206704767015,8.644281202107063e-06,8.712357132534154e-07,0.23001660860471412,0.6903006970518765
0.018975,2042.0313893814985,6.607962320878569,0.15527929897009046,3.152870959943341e-19,1.748049605850382e-18,6.064637701129886e-19,6.578127045531652e-19,3.616591185525927e-12,8.347561242164889e-10,0.024444556536081373,0.002235910502900367,0.004010146172090536,0.0011755267631365913,0.03838884672699393,0.0015542608586624706,0.007302669762322626,8.360013056465603e-06,8.199023801903137e-07,0.23039664172778318,0.6904822601962195
0.01914375,2045.5739150550926,6.617820562858048,0.15504798703149442,2.9989066735445655e-19,1.6229480135130337e-18,5.51704034116659e-19,5.817400991248156e-19,3.3356296939574806e-12,7.454679249193612e-10,0.02453724253347543,0.002150257549941752,0.0038456384676057932,0.001098530176384003,0.03830928318632527,0.001485712503790239,0.007170736002342536,8.092142772550558e-06,7.742381009464951e-07,0.23074516113859067,0.6906485713118672
0.0193125,2048.818559795166,6.626841587630541,0.15483692242198585,2.8541177771058735e-19,1.509358125318104e-18,5.03186207541842e-19,5.165457022585922e-19,3.0863771923237785e-12,6.690979555754159e-10,0.024623159542830245,0.0020708008527202558,0.0036944276601432093,0.001029757229814698,0.03823732653072644,0.0014231168494895508,0.007045819851803191,7.839560656816965e-06,7.334072730733459e-07,0.23106570693951095,0.6908013109028474
0.01948125,2051.797727873152,6.635117819494001,0.15464378850848365,2.718336076393701e-19,1.406253420316029e-18,4.601539258904271e-19,4.60499845728947e-19,2.864562492947265e-12,6.034294132094092e-10,0.024702912591594243,0.0019970024923809345,0.003555200262951859,0.000968124303381926,0.038172076201942476,0.0013658227854690065,0.006927550852121327,7.6013915623738374e-06,6.967459342489815e-07,0.23136113756053706,0.6909418742058305
0.01965,2054.533867823868,6.642711651999849,0.15446700241726555,2.5913684853087476e-19,1.3127352722033101e-18,4.219686001593701e-19,4.122093210643614e-19,2.6668028327927215e-12,5.467473929384595e-10,0.024776930012060355,0.0019284855549686107,0.0034269151621630235,0.0009127694856295764,0.038112957302167474,0.001313320355634521,0.006815667063012892,7.377105871986979e-06,6.637433087963506e-07,0.23163349850964934,0.6910714151561191
0.019987500000000002,2059.2889759189356,6.655868115110651,0.154161671935338,2.364653350226302e-19,1.1524817237339348e-18,3.58433779180069e-19,3.350051300174527e-19,2.3353454909358526e-12,4.5578100951534315e-10,0.024907659778385334,0.0018073001110954535,0.003201080368948232,0.0008187638669191909,0.03801330797726499,0.0012217120021984107,0.006611585407778351,6.971923031343887e-06,6.075681691057008e-07,0.23211075356725688,0.6913002569708362
0.020325000000000003,2063.4203236236162,6.6672835118048726,0.15389772386155817,2.1643642398547775e-19,1.0178248354418643e-18,3.070110622494742e-19,2.7552092928122164e-19,2.062703370201526e-12,3.849078286650502e-10,0.025022916072783986,0.0017003558639882693,0.0030042275919074128,0.0007402904822602093,0.037929067452445904,0.0011425100498081394,0.006425637941314959,6.6061984379798355e-06,5.603151843633793e-07,0.23252789635801463,0.6914999312868837
0.0206625,2067.039498383159,6.67727220411512,0.153667504549838,1.9876029385753172e-19,9.04204144586564e-19,2.650742314392893e-19,2.291236848655264e-19,1.8361590214245986e-12,3.2883113222358997e-10,0.025125075699128807,0.0016054898969856115,0.002831355142949384,0.000674061637584725,0.03785725630502278,0.0010734668587070206,0.00625565370206709,6.2752110503736946e-06,5.200934432672068e-07,0.2328953547560249,0.6916754903663688
0.021,2070.2334276341185,6.686078491447275,0.15346510785340214,1.83143613775306e-19,8.078263994094101e-19,2.3060012886106057e-19,1.925060679745882e-19,1.6461153092854648e-12,2.8384467643697905e-10,0.025216083724441955,0.0015209255954316393,0.0026785388799914333,0.0006176204638812294,0.037795593590558625,0.001012826746770634,0.006099755258594109,5.9749244594010846e-06,4.854976728342138e-07,0.233221296033948,0.6918308989987595
0.021337500000000002,2073.0707234952574,6.693894900679269,0.1532859078355189,1.6932072287876264e-19,7.256345983844295e-19,2.0204195150084112e-19,1.6328789300256735e-19,1.4853056001489698e-12,2.4730648159949013e-10,0.025297537250982834,0.0014451999161302887,0.0025426582094339773,0.0005691034934451836,0.037742289856421855,0.000959211099580203,0.00595634336907826,5.701859416528143e-06,4.5546841934139374e-07,0.2335122040438552,0.6919692951844445
0.021675,2075.606076988029,6.700874858208701,0.15312623777014917,1.5705942208518322e-19,6.551786816526738e-19,1.7821363881522715e-19,1.397380167429113e-19,1.3481746292072136e-12,2.1730237435762828e-10,0.025370748933550406,0.0013771081394894,0.002421221680162394,0.0005270824351151069,0.037695917280198436,0.0009115313955117785,0.005824075010694314,5.4530370999790195e-06,4.2919690164009744e-07,0.2337732653155192,0.6920931673571069
0.0220125,2077.8828495811817,6.707140153304568,0.1529831990018053,1.4616310385134812e-19,5.945118985240289e-19,1.582062577006581e-19,1.205881357725898e-19,1.2304651822306355e-12,1.9243074485391043e-10,0.025436785916615325,0.0013156717845022139,0.002312266566155282,0.0004904623600845227,0.03765532842207318,0.0008689354559489023,0.005701869922685547,5.225989278317733e-06,4.0606514195436916e-07,0.23400858493426935,0.6922044623895841
0.022350000000000002,2079.932151794295,6.712777653896671,0.15285472120624816,1.3647559388283861e-19,5.42132057332978e-19,1.4133425124691843e-19,1.0491302568822265e-19,1.1289946595533315e-12,1.7167299317883146e-10,0.02549644452347774,0.0012601669669829961,0.00221434691983046,0.00045842953262597636,0.037619690230130905,0.0008307947086503167,0.005588990220312155,5.018930254828294e-06,3.8562027146408613e-07,0.23422109864960297,0.6923046335250582
0.023025000000000004,2083.361322785933,6.722188020823604,0.15264074042963768,1.2049097588879313e-19,4.589027182807232e-19,1.1532562709975905e-19,8.167413644961672e-20,9.67905902726821e-13,1.4007245938896774e-10,0.025596939996649706,0.0011665949482323572,0.0020493600167417482,0.0004063968029899334,0.037563133461129654,0.0007669045781409299,0.005391799526231067,4.664703006953048e-06,3.519694594313846e-07,0.23457940119596413,0.6924744526604137
0.023700000000000002,2086.250623769245,6.730110918802702,0.15246104695524978,1.073789018229076e-19,3.9377589888384686e-19,9.574928214726735e-20,6.500344374795294e-20,8.416070232913283e-13,1.16546778219934e-10,0.025681973221315747,0.0010873916337338224,0.001910665127785685,0.0003645306097767477,0.03751785691876786,0.0007134884583574426,0.005218570179166484,4.361445533445269e-06,3.2436712586058276e-07,0.2348830409369525,0.6926177969840961
0.024375,2088.713377149048,6.736860026231227,0.1523083087388281,9.65358824003931e-20,3.421051257799442e-19,8.074182468660472e-20,5.275737005555615e-20,7.409241065525473e-13,9.863042462466917e-11,0.025754602725410733,0.0010197268194195854,0.001792750005404224,0.00033030826583201376,0.037481175188273735,0.0006682849084952732,0.005065374329347764,4.100122867919581e-06,3.0138205596299637e-07,0.23514322383965697,0.6927401523138644
0.025050000000000003,2090.8336055045265,6.742667573776004,0.15217712360551133,8.74873805416344e-20,3.0055306304354973e-19,6.90410376074943e-20,4.3568674123395723e-20,6.594550403020256e-13,8.471355752214202e-11,0.025817169814144045,0.0009614292917308653,0.0016915242540827963,0.0003019515152617789,0.03745114033973419,0.0006296297025856856,0.004929102588698839,3.8735568608527905e-06,2.819955097299659e-07,0.23536829624918554,0.6928456006068328
0.025725000000000005,2092.674760071971,6.747708825890989,0.15206343120026333,7.987180443618982e-20,2.667279311720847e-19,5.977964986876069e-20,3.654331824522178e-20,5.926650128935593e-13,7.371599035979748e-11,0.025871479438566738,0.0009108230647514823,0.0016039011586775542,0.00027817944225622354,0.037426307822142076,0.0005962781837340354,0.004807279426177478,3.6760299055108905e-06,2.654661676370397e-07,0.23556458901311317,0.6929372208801994
0.026400000000000003,2094.2847972871637,6.752116311358719,0.15196417085989403,7.341561140601634e-20,2.3890495658100444e-19,5.2353831729090977e-20,3.108467027355293e-20,5.373071303840714e-13,6.48987815586028e-11,0.025918915902782773,0.0008666231987993642,0.001527558831834956,0.0002580616751184287,0.03740559257477089,0.0005672996149785231,0.0046979779111000364,3.5030573266814515e-06,2.512509329250596e-07,0.23573689294421377,0.6930173229727057
0.027200000000000002,2095.931877623632,6.7566228122752925,0.15186281450267405,6.701777295726383e-20,2.1212956600107922e-19,4.538318244514675e-20,2.61159630720411e-20,4.835813939753953e-13,5.6613961934541384e-11,0.02596737377617129,0.0008214696906494363,0.0014496465590483646,0.00023811106729586235,0.03738552625908116,0.0005378044735804478,0.004583163087929577,3.3259439731518653e-06,2.3692375342796505e-07,0.23591391681986795,0.6930994253415517
0.028000000000000004,2097.3608500373307,6.760532915341129,0.15177498130015962,6.165317480640869e-20,1.9032478101875046e-19,3.984667161924973e-20,2.228763445779279e-20,4.3942466257678575e-13,5.0018735511172886e-11,0.026009315061900136,0.000782395936620565,0.0013824141369247988,0.000221371038873068,0.037368961915157234,0.0005124082602124886,0.00448122491829059,3.1727314491009928e-06,2.246984704421877e-07,0.23606800086419977,0.6931705103874438
0.0296,2099.5998761458513,6.766650672450201,0.15163776090621406,5.359005121621637e-20,1.586888003173029e-19,3.2051981492394164e-20,1.7095912938587143e-20,3.745411770746056e-13,4.0698856933847586e-11,0.026074939982479353,0.0007212464336702841,0.0012771070059694751,0.00019606228656545905,0.03734528244269212,0.00047275083983631055,0.0043157546076486464,2.932727632704417e-06,2.0582307238866281e-07,0.23631095696687535,0.6932827608424846
0.031200000000000002,2101.3804400495637,6.771514678094808,0.15152883890572239,4.7509271775472537e-20,1.358199246490058e-19,2.6619847509985475e-20,1.363449490054688e-20,3.268824150321339e-13,3.416063524885298e-11,0.026126926517424546,0.0006728118564200198,0.0011939584354580324,0.00017687749792075363,0.03732815657948706,0.00044153384660226884,0.0041796342716497025,2.74344920281e-06,1.911405929513658e-07,0.2365051649615837,0.6933720014091707
0.0328,2102.817639989983,6.775440105463014,0.1514410489699917,4.283586719031545e-20,1.188499571607748e-19,2.2709268848464937e-20,1.1233605145458536e-20,2.9097228615035585e-13,2.941961716777294e-11,0.0261686947950964,0.0006339052713108422,0.001127278845857359,0.00016201314214242248,0.03731554501081152,0.00041655658219592103,0.004066605173001687,2.5921119252167846e-06,1.795039491667843e-07,0.2366626226455603,0.6934440068884385
0.0344,2103.9917582495273,6.778646693809178,0.15136941090936232,3.9181293030147934e-20,1.059671056996648e-19,1.9815786624948325e-20,9.512499394328094e-21,2.633300717607736e-13,2.5886606284763417e-11,0.02620265782036746,0.0006022761458536856,0.0010731280877088534,0.00015028961534163462,0.037306101675190086,0.00039630806546025544,0.003972050111756004,2.4696860986345272e-06,1.7014266216320693e-07,0.236791747532742,0.6935028010906693
0.036000000000000004,2104.9604964467057,6.781292780039613,0.15131034598959364,3.6282495339347785e-20,9.600270531905377e-20,1.762617697722846e-20,8.244742344798103e-21,2.416809871638523e-13,2.319479420770799e-11,0.026230540200922792,0.0005763160596951989,0.0010287237815821968,0.00014091273935311932,0.03729889749097017,0.0003797262219919775,0.003892522262481575,2.369712871724944e-06,1.6252427045104397e-07,0.23689861310815893,0.6935512158742654
0.0376,2105.7654159956273,6.78349605549564,0.15126120047983146,3.397227975390741e-20,8.822994001181803e-20,1.5949819047776274e-20,7.296113764027816e-21,2.2459449125471212e-13,2.1119488394468688e-11,0.02625348551209468,0.0005549654119771296,0.0009923143044767483,0.0001333832195525295,0.037293096864606946,0.0003661365814589464,0.0038258719251215044,2.2880113705536994e-06,1.5630939001243017e-07,0.2369874619590619,0.6935908398795448
0.0392,2106.406697599992,6.785278920825111,0.1512214558572121,3.2283277786398526e-20,8.265177131407362e-20,1.476671707666754e-20,6.638121620492882e-21,2.1214467930373706e-13,1.963692619857434e-11,0.026271081390497494,0.0005386850091948347,0.0009653264620393577,0.00012787756531566083,0.0372871712718264,0.00035600446956085297,0.003775405340470002,2.227160927056665e-06,1.516735584361839e-07,0.23705698575841067,0.6936190838783503
0.04,2106.406697599992,6.7852789208259034,0.15122145585719443,3.22790572012135e-20,8.26517678778423e-20,1.4766716912090725e-20,6.6381206620076044e-21,2.1214467930370162e-13,1.963692619857205e-11,0.026271081390494427,0.0005386850091947718,0.0009653264620392449,0.0001278775653156459,0.037287171271822045,0.0003560044695608114,0.0037754053404695613,2.227160927056405e-06,1.516735584361662e-07,0.237056985758383,0.693619083878386
