 VARIABLES  =  "X"  "temp"  "u"  "rho"  "Y_CH4" "Y_CH3" "Y_CH2" "Y_CH" "Y_CH2O" "Y_HCO" "Y_CO2" "Y_CO" "Y_H2" "Y_H" "Y_O2" "Y_O" "Y_OH" "Y_HO2" "Y_H2O2" "Y_H2O" "Y_N2"
 ZONE  I=540  FORMAT=POINT  SPECFORMAT=MASS 
0.0 300.0 1.0557548065563034 0.971892100756646 0.016459930027599073 6.456760599454704e-17 -9.434382943919323e-17 -2.438425254260955e-16 7.789319052393168e-18 -4.757382657786408e-23 9.091652507958339e-17 7.621133982648143e-17 0.014478746652712917 -1.7114743689111653e-17 0.22570331496814314 -8.09734408373787e-17 -6.201449605879443e-21 -1.2037461589313119e-17 -2.4371671733928038e-17 -1.605909010272904e-17 0.7433580083515452
0.00303 299.99999999998585 1.0557548065561138 0.9718921007568206 0.01645993002759942 5.439966188145862e-17 -5.0449266182227444e-21 -3.7383289675119514e-22 7.786356171583013e-18 -8.466513912390143e-21 -9.406481992844441e-17 -5.213982822675472e-16 0.014478746652700838 -3.897787169494074e-21 0.2257033149681484 -3.573348848182083e-16 -5.525672421668822e-19 -1.6319642984417708e-15 2.2792372760890982e-17 -8.75373001114575e-17 0.743358008351554
0.007515000000000001 299.9999999999859 1.0557548065457263 0.9718921007663832 0.016459930027624237 4.516307900312645e-17 -1.751949495707573e-25 -3.872121074993914e-28 7.786323333589746e-18 -1.0584410542554486e-25 -9.407432769828135e-17 -5.214106081703182e-16 0.014478746651808127 -2.715785335219299e-22 0.2257033149683661 -3.3121901797698166e-16 -2.0439528412470514e-19 -1.8704966596843686e-15 1.0021766821600359e-16 -1.1967052647573722e-16 0.7433580083522043
0.010505 300.00000000000864 1.0557548062019662 0.971892101082837 0.01645993002844531 3.937117653342754e-17 -9.155238063253577e-30 -6.055771573779672e-34 7.786315655505433e-18 -2.2080793996217894e-30 -9.407426248102542e-17 -5.213349076801573e-16 0.014478746622259387 -2.55254977223699e-22 0.22570331497556603 -3.1389285658837295e-16 -1.9130520202243215e-19 -2.0301956958046434e-15 1.5418984732072197e-16 -1.3155942044777877e-16 0.7433580083737322
0.012 300.0000000007725 1.0557548010144129 0.9718921058583228 0.016459930040839225 3.727602743211222e-17 -9.77613680683299e-34 -1.9212777923710544e-39 7.787018362352106e-18 -4.7937577105458717e-33 -9.406996188729634e-17 -5.175153590867789e-16 0.014478746176223257 -2.27615678364341e-22 0.22570331508424651 -2.788300149811985e-16 -1.711621245763163e-19 -2.1002044993451883e-15 1.8642267036002733e-16 2.373438943080052e-16 0.7433580086986935
0.0129 300.0000000173768 1.0557547492443815 0.9718921535160621 0.016459930164600182 5.0670518638827064e-17 -1.0904467656004748e-35 -1.0652916266537543e-44 7.817606625477413e-18 2.2814024102478082e-33 -9.388695379838941e-17 -3.9253293799361073e-16 0.01447874172221655 2.3450830326272146e-22 0.2257033161694919 3.1262710681532025e-16 1.6199489900992553e-19 -1.888119803927637e-15 3.578858529286855e-16 1.1539666602303569e-14 0.7433580119436815
0.0138 300.0000004720836 1.0557540918465427 0.9718927586946785 0.01645993173816076 5.013545783833179e-16 1.1111836692089853e-34 9.404980755578932e-47 9.468412869890813e-18 5.964571180241959e-32 -8.411850759432947e-17 4.7441688766629694e-15 0.01447868508958487 1.2657043086813711e-20 0.22570332996795303 1.621609214638828e-14 9.114331237890436e-18 7.419495659326115e-15 6.748290255050553e-15 4.363748538280468e-13 0.7433580532038294
0.01425 300.0000051984588 1.0557508839313363 0.971895711805686 0.016459939436986166 5.79161486135842e-15 1.562046028236203e-32 7.7787446371283875e-47 4.307814974405347e-17 2.1344267914356132e-30 1.1263203860892904e-16 8.455436985166774e-14 0.014478407979853489 1.405296061106246e-19 0.22570339747941187 1.7975181802672144e-13 1.0113929839173088e-16 1.3895207478313301e-13 1.0602788053704816e-13 6.476469486677343e-12 0.7433582550967567
0.014475000000000002 300.000030944192 1.0557422794232618 0.9719036329476674 0.016459960191943054 4.1921529395594296e-14 6.682196328826846e-31 1.237288695197064e-45 3.9359374378779903e-16 1.1287777777823514e-28 2.1432243416105196e-15 7.245196134446702e-13 0.014477660742101472 8.281364152947792e-19 0.22570357948485706 1.0555949219215625e-12 5.955460973085565e-16 1.1537138921248518e-12 9.039592090701708e-13 5.09409987078896e-11 0.7433587995262746
0.014700000000000001 300.0002265250314 1.0557088078133738 0.9719344474857099 0.01646004168350128 4.0041259063212225e-13 4.70677792345309e-29 1.8909338422932685e-43 5.3838553139071854e-15 1.107402123168097e-26 3.0762131034742306e-14 7.77987530706023e-12 0.01447472510958502 6.034492611097336e-18 0.22570429413159535 7.579624814153139e-12 4.385816925882734e-15 1.2158435083196814e-11 9.721290551277721e-12 5.0225702528989e-10 0.7433609385353812
0.014925 300.00171249435806 1.0555798456468273 0.9720531905372165 0.01646036139174703 3.992622334094604e-12 4.144089289955549e-27 1.358937363172541e-40 7.636910229665103e-14 1.1693526470509439e-24 4.3406779665686865e-13 8.555687344737476e-11 0.014463192902932425 4.966517576373451e-17 0.22570709819638984 5.6165268060273537e-11 3.874034725006047e-14 1.3199597783449913e-10 1.0714863251913025e-10 5.0829211300341526e-09 0.743369342040601
0.0150375 300.0061331137678 1.055380975876585 0.972236358510621 0.016460870856995678 1.801577455044714e-11 1.3192274948215982e-25 2.517121543833689e-38 4.622859267861684e-13 2.5890658671278113e-23 2.6150314211478332e-12 4.1677443691177787e-10 0.014444765405193422 2.8187468166691e-16 0.2257115681835674 1.9790514408405988e-10 2.700983460357012e-13 6.373336215683099e-10 5.229872611407103e-10 2.3088373107545343e-08 0.7433827706695064
0.01515 300.0251525093425 1.0549197277013238 0.9726614545954307 0.01646211939149106 9.622647388195556e-11 8.278902732214662e-24 1.5934775534611495e-35 3.3810334750599477e-12 8.675521622522873e-22 1.906026932463036e-11 2.4073271543305892e-09 0.014399376386618427 2.8064042329441153e-15 0.22572253383428353 7.954874159983781e-10 3.1881115866864714e-12 3.6521150602965165e-09 3.027439806251837e-09 1.2342951159502525e-07 0.743415836953867
0.015206250000000001 300.05823849383785 1.0544824058370055 0.9730648431377315 0.016463416368214644 2.6869232057499074e-10 1.5003984105055222e-22 1.7789381213475033e-33 1.1914100382259014e-11 9.371749495596038e-21 6.756079886593589e-11 7.1412740185806964e-09 0.01435179615662731 1.720632139907621e-14 0.2257339507412476 1.8146617616841453e-09 2.0698670578904993e-11 1.0754496983408429e-08 8.995487594090144e-09 3.4560350050976737e-07 0.7434504620556056
0.015234375000000001 300.0953089670886 1.0541842208875343 0.9733400827831299 0.01646440793988082 5.011660521446296e-10 8.49959131180057e-22 3.0258069175954367e-32 2.649682548688721e-11 4.526787770253752e-20 1.5118012667308844e-10 1.3952957799330618e-08 0.014314974011447932 5.1568814507887994e-14 0.22574270723891623 2.937850333357541e-09 6.25480736197479e-11 2.0879135226020585e-08 1.7597009361079083e-08 6.470510714542865e-07 0.7434772076502871
0.0152625 300.16308158965586 1.053837541575282 0.9736602809706688 0.016465740359764093 9.958295350694052e-10 4.976500431729053e-21 5.191850824404556e-31 6.464503023402143e-11 2.622981613997547e-19 3.7123563077424113e-10 2.9287532909190584e-08 0.014264721292242625 1.5125716888431177e-13 0.22575452269998553 4.961704221832637e-09 1.846490343029204e-10 4.3485199492264926e-08 3.6987817379349765e-08 1.2926619412533876e-06 0.743513606647299
0.0152765625 300.2180345745249 1.0536582174075986 0.9738259901322645 0.016466572514429952 1.4502938723262164e-09 1.3191585361835193e-20 2.50549341529188e-30 1.0668405206552997e-10 7.167056677856392e-19 6.15804248393494e-10 4.414872133356253e-08 0.014232727895179612 2.7539610089089133e-13 0.22576193887584758 6.5821367355483395e-09 3.3463264642709946e-10 6.520243836499855e-08 5.580205960919769e-08 1.8917856352156357e-06 0.743536694685858
0.015290624999999999 300.295784098039 1.0534911052763944 0.973980465225936 0.016467536685908703 2.1585465301094966e-09 3.5784972337349316e-20 1.2353679709789632e-29 1.8256890474365138e-10 2.0779621088137535e-18 1.0596882451496231e-09 6.830027824878075e-08 0.014194913542517838 5.006871366038433e-13 0.22577057443368126 8.851646525430724e-09 6.08285207937615e-10 1.0026244730460064e-07 8.640614208365964e-08 2.8325732211925695e-06 0.7435638749345636
0.015304687499999999 300.40581450123767 1.0533571783179452 0.9741042999942714 0.016468646281702012 3.259782694191912e-09 9.869384564370321e-20 6.208247154377358e-29 3.1934273335354227e-10 6.2673811989848365e-18 1.8650144965110185e-09 1.0754145436147187e-07 0.014150228819646641 9.128478561121297e-13 0.2257805764875377 1.2029820777264595e-08 1.1073688168251685e-09 1.5681671807221144e-07 1.361755787631411e-07 4.309466279796955e-06 0.7435958198288362
0.015318749999999999 300.561570465846 1.0532890689883074 0.9741672889629692 0.01646991142359252 4.967319064154526e-09 2.7445403042465945e-19 3.1540266358967688e-28 5.653414337684318e-10 1.937237540194469e-17 3.3253313541268472e-09 1.712816623853538e-07 0.014097440189355706 1.670793711089815e-12 0.2257920760532431 1.6479890964353265e-08 2.017470207496056e-09 2.47955826989477e-07 2.170845494685786e-07 6.627129563554044e-06 0.7436332815251725
0.01532578125 300.6637367436921 1.053298306375736 0.97415874555253 0.016470603512737637 6.170581820548637e-09 4.673926272612886e-19 7.369296599609232e-28 7.615996544749665e-10 3.4999649022236475e-17 4.500499740502216e-09 2.1807039892827035e-07 0.014067460954372396 2.293791658325302e-12 0.2257984193772344 1.937301323731245e-08 2.75377834230673e-09 3.143792779641387e-07 2.765127880085941e-07 8.280475535086139e-06 0.7436543931558784
0.0153328125 300.78715770976214 1.0533503732302607 0.9741105931221294 0.016471333405191625 7.702569397677624e-09 8.015831918114902e-19 1.7360340112292603e-27 1.0359664414659648e-09 6.415193499658672e-17 6.152873737475205e-09 2.794474290353545e-07 0.014034772810778197 3.15384493380819e-12 0.22580515643515156 2.284476989681201e-08 3.769479693941615e-09 4.010754055553294e-07 3.5450498290304927e-07 1.0403679849536066e-05 0.7436772571323874
0.015339843749999998 300.9362671770769 1.0534579405465627 0.97401112786888 0.016472097735056417 9.65108772745056e-09 1.3832308575262089e-18 4.1234248488725495e-27 1.4192470464474503e-09 1.1889059655211458e-16 8.47562095710349e-09 3.599478922549122e-07 0.01399913607559128 4.345914159794431e-12 0.22581226967967102 2.70107659387346e-08 5.169390984714686e-09 5.141953262494685e-07 4.568387521181519e-07 1.3129712493264426e-05 0.743701984084747
0.015346875 301.1164255221921 1.0536366627200278 0.9738459121070131 0.016472891006003524 1.2126536798668265e-08 2.3984605324889976e-18 9.861377194135022e-27 1.9542066942434088e-09 2.2214437930369777e-16 1.1739690272976858e-08 4.6550949236917317e-07 0.01396029122517127 6.002332403496623e-12 0.2258197243658372 3.20097365065512e-08 7.097963634859046e-09 6.617411421837103e-07 5.910774471766721e-07 1.6628885700219178e-05 0.7437286812550573
0.01535390625 301.3341128475689 1.0539058276518427 0.973597194280966 0.01647370491522672 1.526737582505232e-08 4.1747174922148586e-18 2.3723260227015713e-26 2.7001014377006364e-09 4.175652310883826e-16 1.632486478835849e-08 6.039022272843367e-07 0.013917957640061852 8.31007063963885e-12 0.22582746242702262 3.8008229763898406e-08 9.75439477434858e-09 8.541166526295643e-07 7.671147163617599e-07 2.111919027307865e-05 0.7437574486305294
0.0153609375 301.5971618062715 1.0542891420579736 0.9732432175465907 0.016474527492174037 1.9246759591592645e-08 7.289088229445214e-18 5.737878747922057e-26 3.738860234757246e-09 7.883150220888825e-16 2.276303992789034e-08 7.85287529222093e-07 0.013871832389223926 1.153615468928828e-11 0.22583539447829457 4.520628218595865e-08 1.3413633056254207e-08 1.1048395933034497e-06 9.978806786825955e-07 2.6879413377469555e-05 0.7437883738390032
0.015367968749999999 301.9150378267447 1.0548156782343971 0.9727574001950995 0.01647534200553736 2.4280527390709692e-08 1.2759296350463689e-17 1.3951090234526179e-25 5.183482371778176e-09 1.4928754282272804e-15 3.179842813092512e-08 1.0229445168704253e-06 0.01382158909964407 1.606662522612673e-11 0.22584338941136683 5.3844325750070945e-08 1.8455688817100586e-08 1.4314618216054618e-06 1.300254921734244e-06 3.426574376424345e-05 0.7438215254998923
0.015375 302.29917575389493 1.05552101275895 0.9721073710948631 0.01647612558175786 3.063671715055607e-08 2.236168256215782e-17 3.406549124130053e-25 7.189385213903348e-09 2.831950619375433e-15 4.4471127630579295e-08 1.3342113245625348e-06 0.013766876972597087 2.2468518289717113e-11 0.22585126090408117 6.421164080839151e-08 2.5406730388787184e-08 1.8567568375026308e-06 1.696242445018488e-06 4.373272651589964e-05 0.7438569446663356
0.015378515625 302.52127007452515 1.0559570336684145 0.9717059730120516 0.016476494202545065 3.4435823943880555e-08 2.974994972515171e-17 5.374167107392396e-25 8.483094439616395e-09 3.919602309837924e-15 5.271814758805717e-08 1.5259722983270201e-06 0.013737701154868985 2.669115177257427e-11 0.22585505259775376 7.017550590601692e-08 2.987291612585061e-08 2.1175376809411764e-06 1.9401359071850434e-06 4.9465044133775696e-05 0.7438755076425952
0.01538203125 302.7665077075214 1.0564585850685797 0.9712446577203306 0.016476839685366625 3.872986388694002e-08 3.964489434951061e-17 8.5020805070354e-25 1.0027072062505525e-08 5.439778422776594e-15 6.262071879796487e-08 1.7473579317110324e-06 0.01370723638118222 3.1756893568791987e-11 0.22585868120074354 7.673730441840448e-08 3.515521211573517e-08 2.4176559316855076e-06 2.2216489678723494e-06 5.6002054403224943e-05 0.7438946307135051
0.015385546875 303.03729582934267 1.0570333785416277 0.9707165144273529 0.016477155692784896 4.358058382853205e-08 5.292784379948474e-17 1.3497030603486429e-24 1.1868872115198019e-08 7.567900114694436e-15 7.450843559035413e-08 2.002904629410879e-06 0.01367542946256317 3.785389778178483e-11 0.22586209032491075 8.395752111895328e-08 4.140294942036282e-08 2.7629974810872907e-06 2.54650919654083e-06 6.345527223109027e-05 0.7439143014799444
0.0153890625 303.33628936748846 1.057689956423085 0.9701139266955281 0.01647743491637298 4.9056840333724307e-08 7.078532290592697e-17 2.1503315730327764e-24 1.406482940660662e-08 1.0550296553186539e-14 8.877564970912031e-08 2.2978328084754983e-06 0.013642225534954013 4.5216046318162723e-11 0.2258652139419951 9.190295347912567e-08 4.879365241440451e-08 3.160319579547768e-06 2.9212947423005845e-06 7.19513040504719e-05 0.7439345022163093
0.015392578125 303.666415675007 1.0584377757109256 0.9694285109614703 0.01647766894870025 5.523529243058162e-08 9.48258925138992e-17 3.438599815289481e-24 1.668160933623139e-08 1.473373432941553e-14 1.0589392905101644e-07 2.6381472153815003e-06 0.013607568082711342 5.4137166067366906e-11 0.2258679749518139 1.0064742958824824e-07 5.7538624289796344e-08 3.6173780385123254e-06 3.3535544613921507e-06 8.163379935768548e-05 0.7439552090866284
0.01539609375 304.0309014394045 1.0592872994753375 0.9686510518552375 0.016477848140295206 6.220113185352561e-08 1.2723625332685672e-16 5.520137849424885e-24 1.97980114487304e-08 2.060664858215274e-14 1.264268322408217e-07 3.0307512035295455e-06 0.013571398976303453 6.499007516570831e-11 0.22587028355479705 1.1027262354007473e-07 6.788973180214651e-08 4.143072681204339e-06 3.851943186334009e-06 9.266563161402354e-05 0.7439763912765404
0.015399609375 304.4333019753493 1.06025009632602 0.9677714346928142 0.016477961440177064 7.004884441309606e-08 1.7099560533564776e-16 8.898767673655592e-24 2.3507062814745868e-08 2.885737612363249e-14 1.5104740483879304e-07 3.483576716932995e-06 0.013533658526042313 7.825252365288587e-11 0.22587203540546116 1.2086898526343028e-07 8.014767584671622e-08 4.7476135452352375e-06 4.426373493841847e-06 0.00010523132969545842 0.7439980100365754
0.015403125 304.87753304298343 1.0613389483870712 0.966778575699125 0.016477996218498662 7.88829929196053e-08 2.301721928620689e-16 1.4410579060434256e-23 2.7918440919255212e-08 4.045652634150291e-14 1.8055886643262595e-07 4.005731887399395e-06 0.013494285554225107 9.454297937173219e-11 0.22587310952147396 1.325368052671844e-07 9.467211089106662e-08 5.442710629094575e-06 5.088185261869744e-06 0.00011953978137668671 0.7440200176328087
0.015406640625 305.3679053242435 1.0625679682024427 0.9656603507374836 0.016477938069822538 8.881900811160563e-08 3.10335319940215e-16 2.345348734327609e-23 3.3161269253829375e-08 5.677363147301397e-14 2.1591902898761396e-07 4.607668316789503e-06 0.013453217488240316 1.146705186359774e-10 0.22587336592117296 1.4538743918888123e-07 1.1189407522414039e-07 6.241790266632719e-06 5.85033416079629e-06 0.00013582723022471878 0.7440423562022078
0.015410156250000001 305.90916167363434 1.0639527249355492 0.9644035235871675 0.016477770595564035 9.998396910738489e-08 4.191301217971083e-16 3.838442199910271e-23 3.9387332067894535e-08 7.974256172324574e-14 2.5826906568902095e-07 5.30137027473318e-06 0.013410390477412803 1.3970500371039312e-10 0.2258726429608669 1.5954472248128323e-07 1.3233132214151456e-07 7.160241482761708e-06 6.72759996612906e-06 0.0001543605864931431 0.7440649565117032
0.015413671875 306.5065172360804 1.0655103801400292 0.9629936751291863 0.016477475164190746 1.1251734891607232e-07 5.670827924913079e-16 6.32143764152318e-23 4.677475752267958e-08 1.1209644992375912e-13 3.089673359546028e-07 6.1005681886265205e-06 0.013365739536571865 1.7107654322972723e-10 0.22587075434212345 1.7514661230301327e-07 1.5660730858656304e-07 8.215695892988953e-06 7.736815172016997e-06 0.0001754410709579309 0.7440877366223099
0.0154171875 307.1657024908265 1.0672598332581904 0.9614151351768887 0.016477030647879212 1.2657169349074442e-07 7.68733755646207e-16 1.0483938785999268e-22 5.553222054409019e-08 1.5770191633123248e-13 3.6962906573044813e-07 7.020978927619071e-06 0.013319198719517505 2.1071733678436736e-10 0.22586748575876037 1.9234710201216058e-07 1.8547481415591306e-07 9.428344800361696e-06 8.897113777875704e-06 0.0001994082078803544 0.7441106004626445
0.015420703125 307.89300923449815 1.0692218768414075 0.9596509191277454 0.016476413134511085 1.4231319480686905e-07 1.0442399283610074e-15 1.752481890111764e-22 6.590371766936031e-08 2.22035501771189e-13 4.4217278142763467e-07 8.080575474005982e-06 0.013270701325720415 2.612649695149173e-10 0.2258625911537027 2.1131846398872967e-07 2.1984544502654114e-07 1.0821297026118579e-05 1.0230199254196994e-05 0.00022664417914523957 0.7441334363200346
0.01542421875 308.69533945558817 1.071419361273465 0.9576826721186569 0.01647559561415803 1.5992210990915786e-07 1.421651521103099e-15 2.9553262619043235e-22 7.817396576251858e-08 3.1286430580248186e-13 5.288744989461625e-07 9.299888619662375e-06 0.013220180143703394 3.2635484637486397e-10 0.22585578855761873 2.3225388932865668e-07 2.608266439988692e-07 1.2420980551241507e-05 1.1760629494035022e-05 0.00025757854578949667 0.7441561152622475
0.015427734375 309.5802569734686 1.073877368502491 0.9554906239403383 0.016474547639574247 1.7959296965848617e-07 1.94016368313342e-15 5.032675898871533e-22 9.267447423741911e-08 4.4122070041292747e-13 6.32430773178158e-07 1.0702343304532156e-05 0.01316756773459902 4.110418487206043e-10 0.22584675548480182 2.553706088815841e-07 3.097683047285281e-07 1.425759005141166e-05 1.3516114934003411e-05 0.00029269333525643574 0.7441784895088219
0.01543125 310.55604161368035 1.0766233939370191 0.9530535586038261 0.016473234960704953 2.015345146517362e-07 2.6547823982868103e-15 8.662643870350076e-22 1.0979033597114656e-07 6.228018236690243e-13 7.560318139076233e-07 1.2314632108287922e-05 0.01311279675933566 5.224089748085621e-10 0.22583512386773247 2.809135999346356e-07 3.683217072668355e-07 1.6365580603974654e-05 1.5527823876495183e-05 0.00033252848241088507 0.7442003907781802
0.015434765625000001 311.63174556325305 1.0796875352222812 0.9503488031457632 0.016471619133845553 2.2596929425867956e-07 3.6430408984467565e-15 1.5085105659993945e-21 1.299677750513668e-07 8.799844558570223e-13 9.03445965247823e-07 1.4167128191598395e-05 0.013055800352743839 6.70445724978182e-10 0.22582047452092496 3.091600075701188e-07 4.3851429289728273e-07 1.878420485625079e-05 1.7830686240048877e-05 0.0003776875992403117 0.7442216286452524
0.015438281250000001 312.8172513899642 1.0831026860671613 0.9473522409937933 0.01646965710686313 2.531328723824895e-07 5.014642560211064e-15 2.659609495897721e-21 1.537224796228568e-07 1.2447321851630376e-12 1.079116919846591e-06 1.6294339633624488e-05 0.01299651254756839 8.693139800383096e-10 0.2258023311379636 3.4042444060070776e-07 5.228448269336451e-07 2.1558086268246086e-05 2.0463683369257036e-05 0.00042884403186543076 0.744241988954325
0.015441796875 314.12333101203063 1.0869047326219643 0.944038355964515 0.016467300782829423 2.8327260719519266e-07 6.9249938469474544e-15 4.749610957978714e-21 1.816487353341682e-07 1.7627673267887048e-12 1.2882750859202333e-06 1.873540659920149e-05 0.012934868750881772 1.139167502905539e-09 0.2257801538442174 3.750653405901453e-07 6.24404814546045e-07 2.4737814034550546e-05 2.3470107002261754e-05 0.0004867471436483707 0.7442612323432266
0.0154453125 315.5617046633635 1.0911327490918077 0.9403803136978897 0.01646449656551266 3.166460215186961e-07 9.592405190349548e-15 8.587029176027368e-21 2.1442935952816506e-07 2.499012828997585e-12 1.5370645319752645e-06 2.1534642063944296e-05 0.012870806274682487 1.5087571681985924e-09 0.2257533323528558 4.134926707669769e-07 7.470336980854295e-07 2.8380535156933497e-05 2.689776487762146e-05 0.0005522287395500517 0.7442790929476715
0.015447070312500002 316.33533648683004 1.0934226751733878 0.9384109001723313 0.016462903587473994 3.3464981553853435e-07 1.1320918572009861e-14 1.164695135772756e-20 2.3294039469942104e-07 2.9800770451591556e-12 1.6790743979391505e-06 2.3087806859438557e-05 0.012837841237512549 1.7464363912878109e-09 0.22573791581328176 4.3430756714325645e-07 8.180644330929629e-07 3.0400209448291525e-05 2.8789775779909616e-05 0.0005881680514651 0.7442873927320623
0.015448828125000001 317.1478932924982 1.0958386960490463 0.9363419639944031 0.01646117084716477 3.535941462393844e-07 1.337622145241565e-14 1.5845134280635453e-20 2.5304368818091266e-07 3.556343774931903e-12 1.834429790529123e-06 2.475400141188625e-05 0.012804242766587186 2.026405520824415e-09 0.22572101514929094 4.562796416778573e-07 8.964432766663436e-07 3.256570883019449e-05 3.081196094402439e-05 0.0006264330907483532 0.7442952106544247
0.0154505859375 318.0012232525683 1.0983869910506519 0.9341696189423226 0.0164592893120322 3.7351625042306736e-07 1.582454886395081e-14 2.1630413011035192e-20 2.748668342218435e-07 4.2473252791854914e-12 2.0043329742152243e-06 2.6541043494901686e-05 0.012770003778811215 2.356847392023785e-09 0.22570252336751287 4.794821110120632e-07 9.82990266798803e-07 3.488693110661737e-05 3.297219356436538e-05 0.0006671628752435098 0.744302502948609
0.01545234375 318.8972494236388 1.101073990981846 0.9318899231898206 0.01645724947331253 3.9445377875590717e-07 1.8745653748436936e-14 2.9629500495767466e-20 2.9854650090372824e-07 5.076464351807915e-12 2.190087171005705e-06 2.845724241822414e-05 0.012735117448971019 2.747531340100197e-09 0.22568232702095398 5.039938433555478e-07 1.0786254986492564e-06 3.737432608379214e-05 3.5278671364806525e-05 0.000710503426822155 0.7443092239305775
0.0154541015625 319.83797130490643 1.1039063831735967 0.9294988891485012 0.016455041329279736 4.16444769312035e-07 2.2236072948047393e-14 4.072421037231954e-20 3.242289449453522e-07 6.072076928076071e-12 2.3931040175441154e-06 3.051142415218863e-05 0.012699577234385025 3.2101181010433977e-09 0.2256603059403244 5.298998927923897e-07 1.1843820915923689e-06 4.003890132481715e-05 3.77399072021032e-05 0.0007566079776967866 0.744315326009631
0.015455859375 320.825466244484 1.1068911160106334 0.9269924946035791 0.016452654368742235 4.3952764836942814e-07 2.641301307958031e-14 5.615830906309151e-20 3.52070542821549e-07 7.268415889932814e-12 2.6149114329911028e-06 3.271295707103482e-05 0.012663376900331905 3.758518706228556e-09 0.22563633297040028 5.572920914790554e-07 1.3014208479442783e-06 4.289222228393636e-05 4.036471521776763e-05 0.0008056371656104656 0.7443207597118915
0.015457617187500002 321.86189066575434 1.110035402834204 0.9243666952124712 0.01645007755488939 4.6374126925309847e-07 3.1419087905939596e-14 7.768959026334452e-20 3.822383378359812e-07 8.706949333235202e-12 2.8571619007122304e-06 3.5071778250270445e-05 0.012626510546194045 4.409316010177335e-09 0.2256102737143366 5.862697063857063e-07 1.4310468041257252e-06 4.5946405520150164e-05 4.3162191889679606e-05 0.000857759215423253 0.7443254737173519
0.015459375000000001 322.9494810830146 1.1133467251178302 0.9216174384305856 0.0164472993095959 4.89125002176681e-07 3.7428153290448926e-14 1.0780681537853002e-19 4.149106028471549e-07 1.0437913957664104e-11 3.1216411635533245e-06 3.7598420242652514e-05 0.01258897263224054 5.182258553379121e-09 0.22558198628921952 6.169401679795659e-07 1.5747278910055908e-06 4.921410352372675e-05 4.614169128245309e-05 0.0009131501044225319 0.7443294149118411
0.0154611328125 324.0905548728754 1.1168328348036591 0.9187406789217984 0.016444307498298342 5.157188903530255e-07 4.4652528823251716e-14 1.5003950993686908e-19 4.502774184573093e-07 1.2522206557536171e-11 3.4102773287252242e-06 4.030403824616872e-05 0.012550758006961584 6.100837590357767e-09 0.22555132109653644 6.494198790626459e-07 1.7341159348264238e-06 5.270847951972095e-05 4.931279374590707e-05 0.0009719937084929724 0.7443325284552749
0.015462890625000001 325.2875107650183 1.1205017556776782 0.9157323955022315 0.01644108941556293 5.435638900665777e-07 5.3351960631026955e-14 2.0940072942521196e-19 4.885412666476707e-07 1.5033687896785468e-11 3.7251503740143226e-06 4.3200437565906685e-05 0.01251186193485193 7.192959292515645e-09 0.22551812061163873 6.838351128559118e-07 1.9110702424008372e-06 5.64431704453716e-05 5.268526726611933e-05 0.0010344819260970023 0.7443347578675737
0.015464648437500002 326.5428290130198 1.1243617836526913 0.9125886096548798 0.016437631771468276 5.727022148381705e-07 6.384476741041904e-14 2.9302030603331856e-19 5.299176400928087e-07 1.8061988595677375e-11 4.068502042153936e-06 4.630010126003039e-05 0.012472280124526253 8.491725345729801e-09 0.22548221919666867 7.203230103637929e-07 2.1076840228254285e-06 6.0432236140318244e-05 5.626902063610654e-05 0.0011008147768415619 0.7443360451336137
0.015466406250000002 327.8590712030432 1.1284214858185637 0.9093054056391741 0.016433920678929938 6.031778061492568e-07 7.65217240662181e-14 4.110510310866446e-19 5.746356677236996e-07 2.1715925416216e-11 4.442746104706288e-06 4.9616217848374276e-05 0.012432008757033782 1.0036336378152857e-08 0.2254434429418055 7.590326880481195e-07 2.32631390106668e-06 6.46900926487663e-05 6.007404758632336e-05 0.0011712004712444795 0.7443363308285451
0.015468164062500001 329.23887965533356 1.132689698110071 0.9058789522035668 0.016429941642096005 6.350369552798212e-07 9.186337875343143e-14 5.779659603926684e-19 6.229387575464991e-07 2.612765881017484e-11 4.850478970696142e-06 5.316270895059943e-05 0.012391044514224235 1.1873133841410656e-08 0.22540160954004843 8.001264678749803e-07 2.569612774297236e-06 6.923142742179979e-05 6.411036100269899e-05 0.001245855448167855 0.7443355542647507
0.015469921875 330.6849763707047 1.1371755214339232 0.9023055258904976 0.016425679545943928 6.683291024747022e-07 1.1046167415229302e-13 8.144161523060945e-19 6.750852582756247e-07 3.1457749288165905e-11 5.294490608500728e-06 5.695425670969779e-05 0.012349384607000967 1.405679708842807e-08 0.22535652820107566 8.437812428507686e-07 2.8405662472051057e-06 7.407109413879823e-05 6.838791636632879e-05 0.0013250043762614084 0.7443336536616227
0.0154716796875 332.2001614716739 1.1418883160885545 0.8985815359014185 0.016421118647208403 7.031078406833483e-07 1.3304695504021577e-13 1.1498911310363067e-18 7.313491420190125e-07 3.7901301464823025e-11 5.777775742145374e-06 6.10063308461795e-05 0.012307026803280609 1.6651713396007e-08 0.22530799960998568 8.901899922044187e-07 3.142532854561458e-06 7.922398485412249e-05 7.291652357938393e-05 0.0014088801156614363 0.7443305663392118
0.015473437500000001 333.78731108561374 1.1468376943031344 0.8947035504650992 0.01641624256676851 7.39432151295081e-07 1.605216875270005e-13 1.6265281717079514e-18 7.920207110701801e-07 4.5695419993216176e-11 6.303545275181108e-06 6.53352151786763e-05 0.012263969455462665 1.9733539514900633e-08 0.22525581593691701 9.395634613569844e-07 3.479288234467634e-06 8.470487723517593e-05 7.770574640189814e-05 0.0014977236361224224 0.7443262289366347
0.015475195312500002 335.449374615404 1.1520335107165096 0.8906683246249595 0.016411034283618953 7.773678983903202e-07 1.940024692081171e-13 2.304563178288656e-18 8.574073328275681e-07 5.512823600025418e-11 6.875237886776777e-06 6.995803343836808e-05 0.012220211527197104 2.339097393210439e-08 0.22519976090363966 9.92132022690889e-07 3.855073349746725e-06 9.052825480866918e-05 8.276478882033903e-05 0.0015917838877259624 0.7443205776559174
0.015476953125000002 337.18937134170034 1.157485850612798 0.8864728293308194 0.01640547613054519 8.169896058346263e-07 2.3487211200449967e-13 3.2701204373239507e-18 9.278342079843147e-07 6.654977055944412e-11 7.496531735602406e-06 7.489277419796702e-05 0.012175752619222269 2.7727759330213648e-08 0.2251396099131872 1.0481477338139178e-06 4.2746467632418245e-06 9.670809839223557e-05 8.810236780813922e-05 0.001691317620321046 0.7443135485316917
0.015478710937500001 339.010386300169 1.1632050157283542 0.8821142816875007 0.01639954979161585 8.583825378779502e-07 2.848435786063398e-13 4.6463113192339174e-18 1.0036451784121463e-06 8.03847656909161e-11 8.171356197570363e-06 8.015831473123414e-05 0.012130592994032024 3.28649346516329e-08 0.2250751302484352 1.1078866104081722e-06 4.743340850258448e-06 0.00010325764727717246 9.37265721275878e-05 0.0017965891479023804 0.7443050777268593
0.01548046875 340.915565377057 1.169201507445532 0.8775901761772851 0.016393236301596708 9.016450986725905e-07 3.4603700259010656e-13 6.6088596179581825e-18 1.0852035826019112e-06 9.714680860548643e-11 8.903903553658e-06 8.577444361703954e-05 0.012084733599118732 3.894335564114295e-08 0.22500608134520592 1.1716511307415044e-06 5.267121672756809e-06 0.00011018912926351015 9.96447070689628e-05 0.0019078700542375794 0.7442951018539676
0.0154822265625 342.9081095674603 1.1754860071924824 0.8728983166357346 0.016386516047379802 9.468915592667097e-07 4.21069161810201e-13 9.406074542984913e-18 1.1728931681147929e-06 1.1744929721154771e-10 9.69864053400312e-06 9.176188190492275e-05 0.012038176088527093 4.6126501665354203e-08 0.22493221514496467 1.2397729883487824e-06 5.852652039887209e-06 0.00011751345934841659 0.0001058631253333126 0.002025438836215383 0.7442835583216127
0.015483105468750001 343.938421278943 1.1787405451854671 0.8704882182078183 0.016382995145094528 9.703124494713889e-07 4.6499140150799e-13 1.1237617806289072e-17 1.219199711857559e-06 1.2919464932508093e-10 1.0121208477877477e-05 9.490353125582074e-05 0.012014634766334733 5.020415984848103e-08 0.22489337221727632 1.2756097890704686e-06 6.17141800708231e-06 0.00012132706935428876 0.00010908743412379413 0.002086699335812396 0.7442771724184447
0.015483984375 344.9920841879034 1.1820721538108956 0.8680347926312547 0.016379363147038313 9.942904262637364e-07 5.137441951589402e-13 1.3426218664184002e-17 1.2672319971548667e-06 1.4213615690042173e-10 1.0561533759595529e-05 9.814802910402469e-05 0.011990919132263354 5.463284301890187e-08 0.2248532052390046 1.3126897266204478e-06 6.508695593202527e-06 0.000125243975624809 0.00011239002723554645 0.0021496658845751057 0.7442703653481136
0.01548486328125 346.0695212433755 1.185482244451431 0.8655378532335762 0.016375617339110006 1.0188463240090484e-06 5.678884317817392e-13 1.6044023588666868e-17 1.3170469091781707e-06 1.5639722158659983e-10 1.1020287035614027e-05 0.00010149833880577943 0.011967029619953672 5.944101876235104e-08 0.2248116800857235 1.3510647358725222e-06 6.865560744205259e-06 0.00012926506775420984 0.00011577139163707828 0.002214376216701589 0.7442631295365402
0.015485742187500002 347.17115753507983 1.1889722353326602 0.8629972394792715 0.016371754965937124 1.0440026268585368e-06 6.280517029334536e-13 1.9176078346450147e-17 1.3687029279194734e-06 1.7211334592433983e-10 1.1498159587462444e-05 0.00010495748871439962 0.011942966711827712 6.46592237130248e-08 0.22476876223114653 1.390789248114133e-06 7.243146952968622e-06 0.00013339108438012594 0.0001192319164437395 0.0022808684260531564 0.7442554575421512
0.015486621093750002 348.2974199916236 1.1925435505035211 0.8604128180282367 0.016367773231196335 1.069783591533266e-06 6.949368760902661e-13 2.2923946614975498e-17 1.422260170631203e-06 1.894335458398989e-10 1.1995863673694961e-05 0.00010852857266184287 0.011918730939501083 7.032018958388412e-08 0.22472441676878027 1.431920313084055e-06 7.642647430061188e-06 0.00013762260033445655 0.00012277188598671757 0.002349180945925756 0.7442473420700825
0.015487500000000001 349.44873706175144 1.1961976187606018 0.8577844837827018 0.01636366929797201 1.096215373807209e-06 7.693316698813868e-13 2.7409181753951788e-17 1.477780436301099e-06 2.0852177319567674e-10 1.251413287068318e-05 0.00011221475040303186 0.011894322884146656 7.645897437733632e-08 0.22467860843504558 1.4745177257305584e-06 8.065317237141202e-06 0.0001419600135099897 0.00012639147275698536 0.0024193525275820102 0.7442387759866443
0.015488378906250001 350.6255383783755 1.1999358725154774 0.8551121609191888 0.01635944028915309 1.1233261582875668e-06 8.521193858611846e-13 3.277730635252793e-17 1.535327252322899e-06 2.2955841265711553e-10 1.3053722401010034e-05 0.00011601924802156665 0.01186974317680843 8.311309876677774e-08 0.22463130163385994 1.5186441576595568e-06 8.512475364678445e-06 0.00014640353149496422 0.0001300907302485111 0.0024914222175282754 0.7442297523340154
0.0154892578125 351.8282544052335 1.203759746604628 0.8523958039017678 0.01635508328786792 1.1511462910466279e-06 9.442909617190179e-13 3.9202534635279954e-17 1.5949659235351395e-06 2.527418877713877e-10 1.361540944822827e-05 0.00011994535829580931 0.011844992498662716 9.032268761445915e-08 0.22458246046266273 1.5643652932096152e-06 8.985506733752022e-06 0.00015095315803489748 0.00013386958572830348 0.0025654293335281436 0.7442202643451331
0.015490136718750002 353.05731606602444 1.2076706770414865 0.8496353984728264 0.01635059533795674 1.1797084146155707e-06 1.0469585248959778e-12 4.6893408675343355e-17 1.6567635838059744e-06 2.7829039802744964e-10 1.4199993456702966e-05 0.00012399644102429808 0.011820071581224717 9.813061656341266e-08 0.2245320487398606 1.6117499700491723e-06 9.485864099629296e-06 0.0001556086793878487 0.0001377278329638609 0.0026414134393439367 0.7442103054587401
0.015491015625000002 354.3131543559228 1.2116700997103593 0.8468309626174593 0.01634597344448154 1.209047604811017e-06 1.1613706430183019e-12 5.609952980367572e-17 1.7207892503487733e-06 3.0644380294724887e-10 1.4808296415234447e-05 0.0001281759233095461 0.01179498120649886 1.0658266361140233e-07 0.22448003003366218 1.6608703241462927e-06 1.0015069832742751e-05 0.00016036965064634778 0.00014166512494179586 0.0027194143182005443 0.7441998693345477
0.015491894531250001 355.5961999354764 1.215759449002264 0.8439825474973568 0.016341214574272372 1.239201508830827e-06 1.288929488089636e-12 6.711959625838942e-17 1.787113880962043e-06 3.3746566692328157e-10 1.54411631231646e-05 0.00013248729979955818 0.011769722207070104 1.157276655431841e-07 0.22442636769226032 1.7118019389129869e-06 1.0574717550581152e-05 0.00016523538210648086 0.00014568096661482223 0.002799471944972065 0.7441889498684701
0.015492773437500003 356.90688270687156 1.2199401563927073 0.8410902383501669 0.01633631565650967 1.2702104840230055e-06 1.4312101548539407e-12 8.031099662047212e-17 1.8558104343884921e-06 3.7164547772628665e-10 1.609946143761857e-05 0.0001369341328862474 0.011744295466135436 1.256176790625501e-07 0.22437102487531646 1.7646239982673764e-06 1.1166473571845904e-05 0.00017020492577130838 0.00014977470771732038 0.0028816264570899553 0.7441775412078837
0.015493652343750003 358.2456313726794 1.2242136489618225 0.8381541553500681 0.01633127358334142 1.3021177367077021e-06 1.5899824001265385e-12 9.610125468450755e-17 1.9269539339956982e-06 4.093010515196984e-10 1.678408250055869e-05 0.0001415200528602792 0.011718701917473373 1.3630814642941363e-07 0.22431396458668965 1.819419443298253e-06 1.179207816213224e-05 0.00017527706208288486 0.00015394553569318215 0.002965918124178971 0.7441656377668618
0.015494531250000002 359.6128729772736 1.228581347857543 0.8351744544252239 0.01632608521053405 1.3349694604127984e-06 1.7672350991932461e-12 1.1500167582425474e-16 2.0006215349842903e-06 4.5078113743914057e-10 1.7495940944330825e-05 0.0001462487580220234 0.011692942545349498 1.4785806536833235e-07 0.22425514970834567 1.8762751321498204e-06 1.2453346538326466e-05 0.00018045028698374763 0.00015819246878288204 0.0030523873164311865 0.7441532342413264
0.015495410156250002 361.00903243110804 1.2330446667025032 0.8321513280278998 0.016320747358155824 1.3688149728683644e-06 1.9652037476390923e-12 1.3762360887811434e-16 2.0768925953272574e-06 4.96468235139542e-10 1.8235975074351805e-05 0.00015112401474818126 0.011667018384357495 1.603301629729899e-07 0.22419454303537376 1.935282002668547e-06 1.3152169596883028e-05 0.00018572279941469339 0.0001625143493196319 0.0031410744717276225 0.7441403256240674
0.015496289062500002 362.4345320182123 1.2376050099458846 0.8290850058528118 0.016315256811291142 1.4037068511002626e-06 2.1864013722803602e-12 1.6469781261110445e-16 2.1558487506486203e-06 5.467816390962201e-10 1.900514702764488e-05 0.00015614965751410275 0.011640930519193807 1.737910732881866e-07 0.22413210731203037 1.9965352372789386e-06 1.3890514329308412e-05 0.0001910924893617618 0.00016690983728776313 0.0032320200615266292 0.7441269072195638
0.015497167968750001 363.8897908872918 1.242263771161549 0.8259757554993763 0.01630961032078407 1.4397010639613395e-06 2.433653253264775e-12 1.970975036384188e-16 2.2375739932449657e-06 6.021807238148701e-10 1.9804442905923748e-05 0.0001613295888717728 0.011614680084365015 1.88311518204562e-07 0.22406780526872028 2.0601344294684904e-06 1.4670423886438008e-05 0.00019655692657033345 0.00017137740419913657 0.003325264555539126 0.744112974658549
0.015498046875000001 365.37522452692673 1.2470223312941398 0.8228238830735252 0.016303804604009174 1.4768571014448538e-06 2.7101359009421737e-12 2.358657652873702e-16 2.322154755450252e-06 6.63168484437349e-10 2.0634872881964286e-05 0.00016666777938366574 0.011588268263827143 2.0396649125322452e-07 0.22400159965981917 2.126183751172949e-06 1.5494017251588668e-05 0.00020211335004881493 0.0001759153273460236 0.003420848385216354 0.744098523912252
0.01549892578125 366.89124422545495 1.2518820568551219 0.8196297337247764 0.016297836345667588 1.5152381001367675e-06 3.0194207757982294e-12 2.8224811643932415e-16 2.4096799975378284e-06 7.302953475049333e-10 2.1497471278039642e-05 0.00017216826751281387 0.011561696290556108 2.2083544383710985e-07 0.22393345330223388 2.194792120257958e-06 1.636348848141261e-05 0.0002077586584880638 0.00018052168449118815 0.0035188119060804274 0.7440835513062513
0.0154998046875 368.4382565162201 1.256844298071076 0.8163936921143375 0.016291702198605925 1.5549109641813443e-06 3.3655232875628038e-12 3.377311784052213e-16 2.5002413003446697e-06 8.041632668447821e-10 2.2393296615241545e-05 0.00017783515946959903 0.011534965446048982 2.390024733834788e-07 0.2238633291145894 2.266073367193554e-06 1.728110547232996e-05 0.00021348940172545572 0.00018519434905783807 0.003619195358932785 0.7440680535338693
0.015500683593750002 370.01666260897326 1.2619103869868828 0.8131161828100862 0.016285398784655725 1.5959464811576735e-06 3.7529576604727056e-12 4.0408853909757985e-16 2.5939329627913246e-06 8.854301196661051e-10 2.3323431632568907e-05 0.00018367262901595126 0.011508077059755735 2.5855651284769306e-07 0.22379119015692686 2.340146399914634e-06 1.82492082098349e-05 0.0002193017733842111 0.00018993098588364297 0.0037220388299809997 0.7440520276690388
0.015501562500000001 371.62685780829645 1.2670816355267167 0.8097976706044496 0.01627892269549053 1.6384194322919177e-06 4.186798305430451e-12 4.834351002051306e-16 2.6908521044550225e-06 9.748144179767627e-10 2.4288983274718552e-05 0.000189684917227717 0.01148103250844188 2.79591520942062e-07 0.22371699967079003 2.4171353657528128e-06 1.927020645779307e-05 0.0002251916048190387 0.00019472904760399275 0.003827382209928184 0.7440354711785688
0.015502441406250001 373.26923092009446 1.2723593335163386 0.8064386607512058 0.01627227049349792 1.6824086964633808e-06 4.672748396255615e-12 5.782914080875961e-16 2.7910987733394387e-06 1.0731003503531497e-09 2.5291082647628455e-05 0.00019587633221636978 0.011453833215481522 3.0220667240679843e-07 0.22364072111957212 2.4971698092195108e-06 2.034657684520504e-05 0.00023115436049864303 0.00019958577173036278 0.003935265152079001 0.7440183819337373
0.015503320312500003 374.9441636472029 1.2777447466702037 0.8030396991176341 0.016265438712663415 1.7279973474943069e-06 5.217216405985303e-12 6.916597162961017e-16 2.89477605895701e-06 1.1811431688916191e-09 2.633088494084884e-05 0.00020225124881100226 0.011426480650082418 3.2650654757998426e-07 0.223562318228994 2.5803848243056407e-06 2.148085930870091e-05 0.000237185134953098 0.00020449817848922203 0.004045727029514954 0.7440007582211373
0.015504199218750002 376.65202997536255 1.2832391145475306 0.7996013722484614 0.0162584238594632 1.7752727442521642e-06 5.827401419898175e-12 8.271138109016075e-16 3.001990210819924e-06 1.299874935845977e-09 2.7409569315964395e-05 0.00020881410820201154 0.011398976326443433 3.5260132046468073e-07 0.22348175502757983 2.6669211998583376e-06 2.2675652850533906e-05 0.00024327865141077142 0.0002094630694863964 0.004158806891402954 0.7439825987527038
0.015505078125000002 378.39319555092794 1.2888436484819035 0.7961243073382794 0.016251222413762235 1.8243266131311562e-06 6.511388103999766e-12 9.889049533254905e-16 3.1128507624079584e-06 1.4303106439904261e-09 2.852833876040509e-05 0.0002155694175480682 0.011371321802845162 3.806069444312347e-07 0.22339899588699078 2.756925556489122e-06 2.3933610573953274e-05 0.00024942926224428625 0.00021447702726030003 0.004274543418507393 0.7439639026748485
0.015505957031250002 380.16801705170104 1.2945595294890244 0.7926091721095679 0.01624383082971455 1.8752551225150254e-06 7.278252270391027e-12 1.1820866634773536e-15 3.227470660643309e-06 1.5735547241264967e-09 2.9688419906043795e-05 0.00022252174954774605 0.011343518680676143 4.106453346309848e-07 0.22331400556208414 2.8505504733608857e-06 2.525743396058066e-05 0.0002556309513378159 0.000219536415784878 0.004392974877975686 0.7439446695766306
0.015506835937500001 381.9768415525089 1.3003879061580002 0.7890566745935195 0.0162362455366622 1.9281589488635443e-06 8.138178043508917e-12 1.4126614832775438e-15 3.3459664008736437e-06 1.730807952389216e-09 3.089106281218006e-05 0.00022967574197776028 0.011315568603395687 4.4284454613917973e-07 0.22322674923055685 2.9479546031108996e-06 2.6649866358051114e-05 0.00026187733847987226 0.00022463738198031513 0.0045141390774807435 0.7439248994968962
0.015507714843750001 383.8200058871908 1.3063298925316835 0.7854675628113215 0.016228462940029404 1.98314333409895e-06 9.102587692537172e-12 1.6877533316803882e-15 3.4684581673208466e-06 1.903374769070034e-09 3.21375407126084e-05 0.00023703609719963092 0.011287473255435753 4.773389467848679e-07 0.22313719253203843 3.0493027730766188e-06 2.8113685650485397e-05 0.0002681616858752274 0.00022977585828537193 0.004638073318805384 0.7439045929303165
0.01550859375 385.69783600879623 1.3123865659820664 0.7818426243538639 0.01622047942220836 2.040318134002769e-06 1.0184285254235232e-11 2.0158095917651753e-15 3.595069978911167e-06 2.092671019574257e-09 3.342914972663628e-05 0.00024460758163680305 0.011259234361044253 5.142693835684151e-07 0.22304530160649877 3.154766070916611e-06 2.9651696089550016e-05 0.00027447690685768547 0.00023494756634038792 0.004764814350961372 0.7438837508322633
0.01550947265625 387.6106463499033 1.318558965087041 0.7781826858582233 0.016212291343433233 2.0997978573642843e-06 1.1397615125610284e-11 2.4068376628214816e-15 3.725929840355746e-06 2.3002321268586218e-09 3.47672085340774e-05 0.00025239502522435395 0.01123085368307252 5.537833415121528e-07 0.2229510431318385 3.2645219126573773e-06 3.126671926987587e-05 0.00028081557687168737 0.00024014802182417732 0.004894398322941651 0.7438623746224603
0.0155103515625 389.5587391850729 1.324848087515225 0.7744886123796753 0.016203895042638913 2.1617016956497894e-06 1.2758636855700625e-11 2.8726813698554587e-15 3.86116989830075e-06 2.527721703251522e-09 3.615305801441845e-05 0.0002604033208335235 0.011202333021709941 5.960350937376864e-07 0.2228543843605351 3.378754091152519e-06 3.2961584239473774e-05 0.0002871699467753259 0.00024537254048131595 0.0050268607362104695 0.7438404661873563
0.015511230468750001 391.5424039975607 1.3312548879258803 0.7707613066584167 0.016195286838301074 2.2261535429866695e-06 1.4285317408481221e-11 3.4273433533598576e-15 4.000926602314022e-06 2.7769406079465855e-09 3.758806085054153e-05 0.00026863742367340876 0.01117367421316914 6.411858415155042e-07 0.22275529315522163 3.4976528029168688e-06 3.473911674349973e-05 0.0002935319585003485 0.0002506162453686833 0.005162236397042276 0.7438180278811695
0.015512109375000001 393.5619168524739 1.3377802758911785 0.7670017082806847 0.01618646302925449 2.29328200627722e-06 1.599774220254737e-11 4.087360366617554e-15 4.145340870418127e-06 3.0498364546803757e-09 3.907360109755382e-05 0.0002771023506721276 0.01114487912832558 6.89403842988812e-07 0.22265373802308328 3.6214146512957454e-06 3.660212760823051e-05 0.0002998932630861178 0.00025587407534152285 0.005300559368824311 0.7437950625255589
0.01551298828125 395.61753977873246 1.3444251138486367 0.7632107927342755 0.016177419895486128 2.36322040527894e-06 1.7918346255723e-11 4.872239288472844e-15 4.294558258828502e-06 3.3485135721826828e-09 4.061108371753268e-05 0.00028580317984016175 0.011115949671314724 7.408645292382453e-07 0.22254968814895829 3.7502426239602175e-06 3.855340028149877e-05 0.000306245241084862 0.000261140794790121 0.005441862924449012 0.743771573407887
0.015513867187500002 397.7095201621361 1.3511902150913486 0.7593895703592158 0.01616815369890051 2.436106762500801e-06 2.0072166771463867e-11 5.804962617295555e-15 4.448729135487613e-06 3.6752434178925843e-09 4.220193408110087e-05 0.0002947450496180856 0.011086887778092002 7.957506063208539e-07 0.2224431134270458 3.88434604276659e-06 4.059567755575435e-05 0.00031257902531400377 0.0002664110046276867 0.005586179498918743 0.7437475642780432
0.015514746093750002 399.83809015201604 1.3580763418042407 0.7555390851946463 0.01615866068405446 2.512083782784222e-06 2.248711849667482e-11 6.912573246351582e-15 4.608008856934364e-06 4.032475443233409e-09 4.3847597437031015e-05 0.00030393315821136284 0.01105769541495939 8.542521418968415e-07 0.22233398449112496 4.02394048411265e-06 4.273164751069293e-05 0.0003188855259095658 0.00027167915451942675 0.005733540642297763 0.7437230393438073
0.015515625000000002 402.0034660840088 1.3650842031547537 0.7516604137234906 0.016148937078858477 2.5912988224534958e-06 2.5194293154394075e-11 8.226849429475372e-15 4.772557947989568e-06 4.422848406409765e-09 4.554953835129638e-05 0.00031337276291494164 0.011028374577062872 9.165666350448811e-07 0.22222227274319764 4.169247668047293e-06 4.496392872363116e-05 0.000325155457611701 0.0002769395563313242 0.005883976973151475 0.7436980032647411
0.015516503906250001 404.20584792141494 1.372214453446134 0.7477546635172372 0.016138979095243103 2.673903847932801e-06 2.8228284206711757e-11 9.785082024023707e-15 4.942542283671221e-06 4.849202126225175e-09 4.730924011710769e-05 0.00032306917942987443 0.010998927286866482 9.828990678607073e-07 0.22210795038048503 4.32049531454382e-06 4.729505480734008e-05 0.0003313793691895425 0.0002821863987648518 0.0060375181326092426 0.7436724611446036
0.015517382812500001 406.44541871777375 1.3794676903420588 0.7438229717834399 0.01612878292978779 2.760055383750679e-06 3.162753813066774e-11 1.163096733832926e-14 5.118133272707125e-06 5.3145896678851e-09 4.9128204137795495e-05 0.0003330277811747696 0.010969355592607184 1.0534619374457505e-06 0.22199099042070708 4.477916965557625e-06 4.972745834712053e-05 0.0003375476748892171 0.0002874137631318529 0.006194192739200543 0.7436464185223002
0.015518261718750002 408.7223441032126 1.3868444531710915 0.7398665038192377 0.016118344764310972 2.8499144498726098e-06 3.5434733289016944e-11 1.3815630202430252e-14 5.299508041952555e-06 5.822289949055435e-09 5.1007949284546865e-05 0.00034325399859450186 0.010939661566735863 1.1284752669112365e-06 0.2218713667255911 4.64175177172692e-06 5.2263454320885184e-05 0.0003436506877648402 0.00029261564021105553 0.006354028344611858 0.7436198813613785
0.015519140625000002 411.03677179712355 1.3943452213194478 0.7358864513747401 0.016107660766420017 2.9436464883298496e-06 3.969718734556613e-11 1.6398793209528475e-14 5.486849620969971e-06 6.375820751583053e-09 5.295001123120928e-05 0.00035375331846853865 0.010909847304349888 1.2081665940569622e-06 0.22174905402256473 4.812244242860623e-06 5.490522309800931e-05 0.0003496786547289003 0.00029778594811507176 0.006517051390514178 0.743592856038103
0.015520019531250002 413.3888311497856 1.4019704127207675 0.7318840309304904 0.01609672709001977 3.0414212791507075e-06 4.4467294007849115e-11 1.945010942298574e-14 5.680347125989557e-06 6.978952121153911e-09 5.4955941768651316e-05 0.0003645312832215806 0.010879914921621556 1.2927709364353929e-06 0.2216240279245917 4.989643961693195e-06 5.7654793124573816e-05 0.0003556217931359093 0.00030291855108446046 0.006683287166619346 0.7435653493281453
0.015520898437500003 415.7786327153552 1.4097203824509668 0.727860481894025 0.016085539875779483 3.1434128456369516e-06 4.98029896738343e-11 2.3050677186015255e-14 5.880195942417346e-06 7.635720133464599e-09 5.702730810123891e-05 0.0003755934902384483 0.01084986655422873 1.3825307315702053e-06 0.22149626494813002 5.174205260747116e-06 6.0514023413756824e-05 0.0003614703286910401 0.00030800727911291465 0.006852759770114021 0.7435373683919396
0.015521777343750003 418.2062678587114 1.417595421436424 0.7238170647208227 0.016074095251557563 3.2497993490846735e-06 5.576825031087945e-11 2.729475698018825e-14 6.0865979050343555e-06 8.350441000919456e-09 5.916569212827178e-05 0.0003869455911856019 0.010819704355792246 1.4776957511815418e-06 0.2213657425291916 5.366186862565816e-06 6.348458597089564e-05 0.0003672145344554216 0.0003130459482962717 0.007025492066629261 0.743508920758765
0.015522656250000003 420.67180839856275 1.425595755283531 0.7197550589654269 0.016062389332783963 3.3607629731119044e-06 6.243361859915224e-11 3.229171151900051e-14 6.299761475005598e-06 9.127725487634058e-09 6.137268971340585e-05 0.0003985932913416104 0.010789430496324639 1.5785229883664827e-06 0.22123243903749198 5.565851484033574e-06 6.656794829249076e-05 0.0003728447707010521 0.00031802838178709617 0.007201505652903804 0.743480014309625
0.015523535156250002 423.17530628898885 1.4337215432368522 0.7156757612692101 0.01605041822280092 3.476489797823266e-06 6.98767610227255e-11 3.81681913909089e-14 6.519901912789909e-06 9.97249359134691e-09 6.364990994512999e-05 0.00041054234893814163 0.010759047160696127 1.6852765167901872e-06 0.22109633378869417 5.773465405977358e-06 6.976535608687077e-05 0.0003783515253513192 0.0003229484312262638 0.007380820821288448 0.7434506572590079
0.015524414062500002 425.7167933416253 1.4419728772732623 0.7115804832914105 0.016038178013162305 3.597169664134728e-06 7.818305418444671e-11 4.50705895299779e-14 6.747241446047715e-06 1.0889989436717361e-08 6.59989743916472e-05 0.00042279857451365806 0.010728556547121746 1.7982273210780025e-06 0.2209574070547494 5.989298009778826e-06 7.307781637169596e-05 0.00038372545472920987 0.0003277999985143784 0.007563456526248179 0.7434208581356166
0.015525292968750002 428.2962809904597 1.4503497813386335 0.707470549590635 0.01602566478389256 3.722996028675766e-06 8.744619914675134e-11 5.316778852007561e-14 6.982009431638911e-06 1.188579630170991e-08 6.842151635355018e-05 0.00043536783028141256 0.010697960865674391 1.9176530977406036e-06 0.22081564007234777 6.213621283264821e-06 7.650608110906592e-05 0.00038895742432341223 0.0003325770577779785 0.007749430353008668 0.7433906257621716
0.015526171875000001 430.91376010107587 1.4588522107332278 0.7033472954643206 0.016012874603706276 3.854165809798541e-06 9.77688620513504e-11 6.265422512172935e-14 7.224442510819968e-06 1.2965851661553672e-08 7.09191801178155e-05 0.00044825602951336073 0.010667262336827917 2.043838026127001e-06 0.22067101504949865 6.446709298715291e-06 8.005063154298019e-05 0.000394038549273901 0.0003372736773793463 0.007938758488492063 0.7433599692343963
0.015527050781250001 433.56920082599646 1.4674800516513216 0.6992120647539795 0.015999803530189757 3.990879225346772e-06 1.0926333863388424e-10 7.375329623362949e-14 7.474784756774742e-06 1.4136462073422043e-08 7.34936202167202e-05 0.00046146913594145714 0.010636463190034123 2.1770725090771838e-06 0.2205235151702622 6.688837666408555e-06 8.371166340589411e-05 0.00039896023427306223 0.0003418840418141055 0.008131455694681723 0.7433288978993011
0.0155279296875 436.2625525075754 1.4762331208799329 0.6950662076243067 0.015986447609945994 4.133339622971818e-06 1.2205223950984602e-10 8.672112922313852e-14 7.733287813651267e-06 1.540431762381078e-08 7.614650069534585e-05 0.0004750131631777096 0.010605565662337101 2.317652883137754e-06 0.22037312459766087 6.940282967709988e-06 8.748907316101022e-05 0.0004037142125762966 0.0003464024733378998 0.008327535284549499 0.7432974213328907
0.015528808593750002 438.9937436296774 1.4851111656608282 0.6909110783244486 0.015972802878704614 4.281753303929378e-06 1.3626919224518562e-10 1.0185073560761865e-13 8.0002110263274e-06 1.6776505494248747e-08 7.887949439137723e-05 0.000488894174154334 0.01057457199702801 2.4658810984091726e-06 0.2202198284747978 7.201322172293056e-06 9.138244544461864e-05 0.00040829258381747726 0.0003508234531623859 0.008527009100672712 0.743265549317425
0.015529687500000002 441.76268181911524 1.4941138637190778 0.6867480329399416 0.015958865361398702 4.436329341443112e-06 1.520595552123682e-10 1.1947655554501573e-13 8.275821560187048e-06 1.8260521928779184e-08 8.16942822308764e-05 0.0005031182805851851 0.010543484442343154 2.62206436830776e-06 0.2200636129242177 7.472232044646315e-06 9.539104186808465e-05 0.0004126878503297226 0.0003551416420615443 0.008729887496657209 0.7432332918183673
0.015530566406250002 444.5692538976809 1.503240823461007 0.6825784271437728 0.015944631072209788 4.597279394890517e-06 1.6958113703701186e-10 1.3997936596791767e-13 8.560394510275032e-06 1.9864281443975656e-08 8.459255254381262e-05 0.0005176916424503668 0.010512305250206789 2.7865147897584592e-06 0.21990446504553687 7.753288545575358e-06 9.951379133220135e-05 0.0004168929516810561 0.0003593519002322559 0.008936179321482374 0.7432006589611555
0.015531445312500003 447.41332598516817 1.5124915843429219 0.6784036139553284 0.01593009601458331 4.764817521225281e-06 1.8900491401549818e-10 1.6379141812559197e-13 8.854212999268915e-06 2.159612140655627e-08 8.757600040290442e-05 0.0005326204675053576 0.01048103667502134 2.9595489345588195e-06 0.21974237291137963 8.044766234900974e-06 0.00010374928199692066 0.000420901297147042 0.0003634493062575056 0.009145891906860808 0.7431676610079381
0.015532324218750003 450.29474365366906 1.5218656174115848 0.6742249415157634 0.015915256181215982 4.939159985230978e-06 2.1051573618032753e-10 1.9140133491158615e-13 9.15756826382169e-06 2.346479895469688e-08 9.064632698941097e-05 0.0005479110108174322 0.010449680972505728 3.1414874129023743e-06 0.2195773255616512 8.346937682033424e-06 0.00010809575503787376 0.00042470679585951355 0.0003674291750274372 0.00935903105770566 0.7431343083344114
0.015533203125000002 453.21333213315836 1.5313623260167828 0.6700437508881452 0.015900107554018803 5.120525070377015e-06 2.3431301064978533e-10 2.2335724629922102e-13 9.470759728947099e-06 2.5479475407027867e-08 9.380523898944137e-05 0.0005635695743335221 0.010418240398583427 3.332654410294067e-06 0.21940931299620176 8.660072891514908e-06 0.00011255110030701211 0.0004283038843913681 0.0003712870744819848 0.009575601045788962 0.7431006114070039
0.015533642578125003 454.68652192622517 1.536156538206715 0.6679526020768392 0.015892415367936848 5.21393207218602e-06 2.471513759007019e-10 2.411944179526327e-13 9.63117624355244e-06 2.6545292673624075e-08 9.541871667515017e-05 0.0005715398799228062 0.01040248875343429 3.4318277311888123e-06 0.21932418484468486 8.820863595692357e-06 0.00011481881816881972 0.00043002240270686293 0.000373168780214306 0.00968518140817727 0.7430836364359624
0.015534082031250002 456.1689786430956 1.5409813347724446 0.6658612494118776 0.015884643970142005 5.309189760094416e-06 2.606478526411368e-10 2.603638246049595e-13 9.79419129350198e-06 2.7651615726586577e-08 9.705519388713277e-05 0.0005796052633206622 0.010386716722917615 3.5334342549600016e-06 0.21923830673444714 8.984508236048449e-06 0.00011711292103077147 0.0004316866055101455 0.000375018228880417 0.009795625647317303 0.7430665794766882
0.015534521484375001 457.6606748737088 1.5458366226726437 0.6637698588854589 0.015876792848730153 5.406326322544936e-06 2.7483236173787445e-10 2.809586968682664e-13 9.959845257363489e-06 2.879976036405079e-08 9.871488983062928e-05 0.0005877665369603262 0.010370924590574928 3.63751534767777e-06 0.21915167763492763 9.151039813406101e-06 0.00011943304367809077 0.0004332959466067815 0.00037683493867826103 0.009906933888458098 0.7430494418801488
0.015534960937500002 459.1615819825356 1.550722304793384 0.6616785956577407 0.015868861491080674 5.5053700597060026e-06 2.8973594181027307e-10 3.030770747696883e-13 1.0128179044006538e-05 2.999107838999775e-08 0.00010039802398794444 0.0005960245161830079 0.01035511263976488 3.7441125016400264e-06 0.2190642965742365 9.320491072591098e-06 0.00012177879893307283 0.0004348499167323933 0.0003786184463902986 0.010019106159989391 0.743032224999113
0.015535400390625002 460.67167012104665 1.555638279990695 0.659587623992114 0.0158608493838517 5.606349379201431e-06 3.0539077483597655e-10 3.268224257162892e-13 1.0299234093488059e-05 3.122695775043672e-08 0.0001021048161036927 0.0006043800192256795 0.010339281153633828 3.8532673180177625e-06 0.21897616263874314 9.492894488285582e-06 0.00012414977777680706 0.0004363480440438885 0.0003803683077442172 0.010132142393634858 0.7430149301874927
0.015535839843750001 462.19090824095827 1.5605844431357225 0.6574971071914111 0.015852756012974933 5.709292792037617e-06 3.2183021180235704e-10 3.523041144897896e-13 1.0473052377741317e-05 3.250882278032451e-08 0.00010383548617076323 0.0006128338672092167 0.010323430415086906 3.965021489209855e-06 0.21888727497263957 9.668282251668269e-06 0.0001265455495065489 0.0004377898945563218 0.00038208409774754485 0.010246042424700574 0.7429975587996945
0.015536279296875 463.71926410822215 1.5655606851623878 0.6554072075351304 0.01584458086365008 5.8142289087479305e-06 3.390887983533652e-10 3.796377983068294e-13 1.0649676401067498e-05 3.3838134536901804e-08 0.00010559025441699863 0.0006213868841267746 0.010307560706759788 4.079416780924615e-06 0.21879763277748052 9.846686257900934e-06 0.00012896566192885375 0.00043917507252455297 0.0003837654109956 0.010360805992376978 0.7429801121899893
0.015536718750000001 465.2567043177203 1.5705668931174208 0.6533180862177759 0.01583632342033909 5.921186435774212e-06 3.5720230038653305e-10 4.0894578606117227e-13 1.0829149200429324e-05 3.5216391201433175e-08 0.00010736934129257887 0.0006300398968322705 0.010291672310991469 4.196495014005803e-06 0.21870723531170164 1.0028138094519924e-05 0.00013140964158849113 0.0004405032207689987 0.0003854118619522836 0.010476432740092488 0.7429625917118925
0.015537158203125002 466.8031943086757 1.575602950212789 0.6512299032883231 0.01582798316676006 6.030194172109003e-06 3.762077295597237e-10 4.403573827518658e-13 1.101151434555193e-05 3.6645128536156407e-08 0.00010917296745815373 0.0006387937350291009 0.010275765509797702 4.3162980460249845e-06 0.2186160818901148 1.0212669030796193e-05 0.00013387699403313912 0.00044177402094494535 0.00038702308520333295 0.010592922215920427 0.7429449987175641
0.01553759765625 468.3586983807874 1.5806687358805684 0.6491428175908419 0.015819559585880633 6.141281006222675e-06 3.96143368671289e-10 4.740092304022642e-13 1.119681593883708e-05 3.8125920386907353e-08 0.00011100135377376998 0.0006476492312592302 0.01025984058484487 4.438867752663187e-06 0.21852417188337944 1.0400310008126866e-05 0.00013636720411376918 0.00044298719375502 0.00038859873568173 0.010710273873040979 0.7429273345572218
0.015538037109375 469.9231797110514 1.5857641258301105 0.6470569867063483 0.015811052159911115 6.254475913296728e-06 4.170487968805523e-10 5.100456515647431e-13 1.138509861509164e-05 3.966037922467472e-08 0.0001128547212885819 0.0006566072208925187 0.010243897817424519 4.564246008901765e-06 0.21843150471745093 1.0591091631514497e-05 0.00013887973632046013 0.00044414249910450465 0.0003901384888649644 0.0108284870702562 0.742909600578572
0.0155384765625 471.4966003712236 1.5908889921073723 0.6449725668959764 0.015802460370297363 6.369807952784498e-06 4.389649147392384e-10 5.486189986989272e-13 1.1576407541071271e-05 4.1250156721559904e-08 0.0001147332912313304 0.0006656685421161353 0.010227937488428755 4.692474670042669e-06 0.21833807987300807 1.078504416218842e-05 0.0001414140351532833 0.00044523973619931906 0.0003916420409439315 0.010947561072555909 0.74289179812626
0.015538916015625001 473.0789213459338 1.5960432031564367 0.6428897130454786 0.01579378369771332 6.48730626632425e-06 4.6193396900901155e-10 5.89890011194688e-13 1.1770788414846542e-05 4.2896944358456587e-08 0.00011663728500163059 0.0006748340359241808 0.010211959878326283 4.823595552582665e-06 0.21824389688485865 1.0982197511426821e-05 0.00014396952552788475 0.00044627874358667437 0.0003931091089633584 0.011067495051735939 0.7428739285413368
0.015539355468750002 474.67010255146016 1.6012266238832464 0.6408085786110589 0.0157850216220531 6.607000076030622e-06 4.85999577244633e-10 6.340281809883378e-13 1.196828746500029e-05 4.46024740632665e-08 0.00011856692416211953 0.000684104546107695 0.010195965267138672 4.957650414967477e-06 0.2181489553413205 1.1182581235637727e-05 0.0001465456132153105 0.00044725939913853026 0.00039453943093372855 0.011188288087070765 0.7428559931607461
0.015539794921875003 476.27010285509147 1.6064391157213205 0.6387293155666569 0.015776173622422826 6.728918683184005e-06 5.112067521254082e-10 6.812121272710586e-13 1.2168951449654719e-05 4.6368518879662074e-08 0.00012052243043140738 0.0006934809192447151 0.010179953934417492 5.094680938245081e-06 0.2180532548835827 1.1386224532744002e-05 0.00014914168531538795 0.00044818161997806484 0.00039593276591465656 0.011309939166035855 0.7428379933168296
0.015540234375000002 477.8788800950801 1.611680536699453 0.6366520743526862 0.015767239177132176 6.853091467343418e-06 5.376019255233744e-10 7.316299805493779e-13 1.2372827655336835e-05 4.8196893667646503e-08 0.00012250402567787132 0.000702964004690506 0.010163926159221908 5.234728706644212e-06 0.21795679520504482 1.1593156239925202e-05 0.00015175711076301408 0.0004490453623495577 0.00039728889406981556 0.011432447185081004 0.7428199303368539
0.015540673828125 479.4963911011897 1.6169507415114157 0.6345770038262376 0.015758217763685394 6.9795478859087e-06 5.652329723019228e-10 7.854797761933146e-13 1.2579963895691514e-05 5.008945583827568e-08 0.00012451193191433154 0.0007125546545681061 0.010147882220096613 5.377835188104872e-06 0.21785957605063294 1.1803404832767024e-05 0.00015439124086661464 0.00044985062143221337 0.00039860761669358014 0.011555810950456163 0.7428018055425558
0.015541113281250001 481.1225917157596 1.622249581587396 0.6325042512128501 0.0157491088587722 7.108317474151481e-06 5.941492338427151e-10 8.429698575515583e-13 1.2790408510041456e-05 5.204810612592447e-08 0.00012654637129354772 0.0007222537237588285 0.010131822395050484 5.524041714780719e-06 0.21776159721609656 1.2016998425855796e-05 0.000157043409877818 0.00045059743109853665 0.00039988875620954604 0.011680029179084664 0.7427836202497106
0.015541552734375002 482.75743681529417 1.6275769051672013 0.6304339620598457 0.015739911938258293 7.2394298457409466e-06 6.244015413061146e-10 9.043192887130433e-13 1.3004210361804501e-05 5.407478940274657e-08 0.0001286075661045775 0.000732062069892884 0.010115746961535733 5.673389463540944e-06 0.21766285854728426 1.2233964774863841e-05 0.0001597129355914447 0.00045128586361805 0.00040113215614123146 0.011805100499485606 0.7427653757677201
0.015541992187500003 484.40088033258553 1.6329325573752613 0.628366280191217 0.01573062647717537 7.372914693790673e-06 6.560422386370773e-10 9.69758277040984e-13 1.3221418836779674e-05 5.617149554127282e-08 0.0001306957387700447 0.0007419805533403032 0.010099656196427139 5.825919436499864e-06 0.21756335993939646 1.2454331280168992e-05 0.00016239911997483598 0.0004519160293072607 0.0004023376810553204 0.011931023452747125 0.7427470733992221
0.015542431640625003 486.0528752792898 1.6383163802971492 0.6263013476641676 0.015721251949710902 7.508801792445358e-06 6.89125205333937e-10 1.039528605709323e-12 1.344208384130173e-05 5.834026033243659e-08 0.0001328111118442467 0.0007520100372017858 0.010083550376001945 5.9816724415944165e-06 0.217463101336219 1.2678124992036425e-05 0.000165101249825318 0.00045248807612686324 0.0004035052164778032 0.012057796493545308 0.7427287144397224
0.015542871093750002 487.713373768956 1.6437282130576338 0.6242393047272999 0.01571178782919756 7.647120999032591e-06 7.237058790066926e-10 1.1138840766722123e-12 1.3666255800275018e-05 6.058316646809386e-08 0.00013495390801213523 0.0007621513872996105 0.010067429775920116 6.14068907323716e-06 0.21736208272933613 1.2905372617398472e-05 0.00016781859745465934 0.00045300218922732086 0.0004046346687834944 0.012185417991209866 0.7427103001772483
0.015543310546875001 489.38232704050984 1.6491678919002573 0.6221802897804416 0.015702233588102098 7.787902256804703e-06 7.598412777600431e-10 1.1930909648411946e-12 1.3893985655097909e-05 6.29023445990901e-08 0.0001371243500892049 0.0007724054721687352 0.010051294671204651 6.3030096930726805e-06 0.21726030415732214 1.3136100528264843e-05 0.00017055042139931022 0.0004534585904440749 0.0004057259650594643 0.012313886230837685 0.7426918318920229
0.015543750000000002 491.05968548210893 1.6546352502681638 0.6201244393362004 0.0156925886980141 7.9311755982883e-06 7.9759002244386e-10 1.2774284848246544e-12 1.41253248614779e-05 6.52999744821542e-08 0.0001393226610222133 0.0007827731630477059 0.01003514533622256 6.468674410857238e-06 0.2171577657049145 1.3370334771780552e-05 0.00017329596715500456 0.0004538575377437097 0.0004067790529429139 0.012443199414448717 0.742673310856164
0.015544189453125003 492.74539865537395 1.6601301188861946 0.6180718879832298 0.015682852629634262 8.076971149266104e-06 8.37012358825605e-10 1.3671892725713508e-12 1.4360325387149538e-05 6.777828623181488e-08 0.0001415490638907705 0.0007932553338695328 0.010018982044666083 6.637723065489667e-06 0.2170544675021674 1.3608101081957079e-05 0.00017605446793439341 0.00045419932462253336 0.0004077939004341446 0.012573355662185707 0.7426547383334023
0.015544628906250002 494.4394153199983 1.665652325844257 0.6160227683511843 0.01567302485276222 8.225319133414939e-06 8.781701797502046e-10 1.4626798859112091e-12 1.4599039709507128e-05 7.03395616968892e-08 0.000143803781909831 0.0008038528612526691 0.010002805069533915 6.810195206221342e-06 0.21695040972358465 1.3849424893098172e-05 0.00017882514544631016 0.00045448427945912387 0.00040877049568531303 0.012704353013558723 0.7426361155788244
0.015545068359375 496.14168345868234 1.6712016966817804 0.6139772110774142 0.015663104836283887 8.376249877618753e-06 9.211270473636188e-10 1.5642213307485144e-12 1.4841520813157016e-05 7.29861359850447e-08 0.00014608703843304934 0.0008145666244918943 0.009986614683112653 6.986130074067482e-06 0.2168455925872328 1.4094331354930145e-05 0.00018160721069512871 0.00045471276482245924 0.00040970884676567575 0.012836189428731416 0.742617443838635
0.015545507812500001 497.85215030233877 1.6767780544730888 0.6119353447754367 0.0156530920481586 8.529793817974574e-06 9.659482154890122e-10 1.6721496242819522e-12 1.5087822187393742e-05 7.572039916376435e-08 0.0001483990569569575 0.0008253975055488933 0.009970411156958674 7.1655665834414245e-06 0.21674001635383794 1.4342845349442113e-05 0.00018439986479862612 0.0004548851767373436 0.0004106089814040752 0.012968862789845657 0.7425987243499435
0.015545947265625002 499.5707623555689 1.6823812199136856 0.6098972960051652 0.015642985955405822 8.685981506513293e-06 1.0127006522596277e-09 1.7868164143346595e-12 1.5337997823611785e-05 7.854479817193427e-08 0.00015074006112598953 0.0008363463890426374 0.009954194761880185 7.348543304038409e-06 0.21663368132586353 1.4594991509444829e-05 0.00018720229982280482 0.00045500194390892305 0.0004114709467094949 0.013102370902385436 0.742579958340571
0.015546386718750003 501.29746542241577 1.6880110114074656 0.6078631892448587 0.015632786024091235 8.844843618657374e-06 1.0614530631278632e-09 1.9085896867058556e-12 1.55921022126662e-05 8.146183898327641e-08 0.00015311027473839333 0.0008474141622397401 0.009937965767919095 7.535098442996268e-06 0.21652658784656845 1.4850794238854103e-05 0.00019001369963210515 0.0004550635269081461 0.00041229480887054493 0.013236711496581385 0.7425611470288791
0.015546826171875004 503.03220463230724 1.6936672451545618 0.6058331468648649 0.015622491719312553 9.006410961428238e-06 1.112275914383516e-09 2.0378546137564975e-12 1.5850190342181387e-05 8.447408907105892e-08 0.00015550992175293634 0.0008586017150443386 0.009921724444333233 7.7252698273498e-06 0.21641873629904904 1.5110277734686463e-05 0.0001928332407532518 0.0004550704173200729 0.00041308065283472727 0.013371882228849892 0.7425422916236204
0.015547265625000002 504.7749244661873 1.6993497352398332 0.6038072891031315 0.015612102505184884 9.170714482422936e-06 1.165241457333196e-09 2.175014632760929e-12 1.6112317693819613e-05 8.758418023366197e-08 0.00015793922629643058 0.0008699099399876017 0.009905471059578678 7.919094886804126e-06 0.21631012710526434 1.537346601076296e-05 0.00019566009325109373 0.0004550231368570014 0.0004138285819684086 0.013507880683267571 0.7425233933238093
0.015547705078125001 506.5255687840099 1.7050582937301222 0.6017857340410101 0.015601617844809759 9.337785280039954e-06 1.2204237536826802e-09 2.3204929023551395e-12 1.637854024120151e-05 9.079481186937722e-08 0.0001603984126770526 0.0008813397322370812 0.009889205881290499 8.116610637469973e-06 0.21620076072491856 1.564038292373506e-05 0.0001984934216158101 0.00045492223642939876 0.0004145387176920875 0.013644704373215973 0.7425044533186079
0.015548144531250002 508.2840808453132 1.7107927307229802 0.5997685975894794 0.015591037200337818 9.507654611741085e-06 1.2778986997009913e-09 2.4747343710425115e-12 1.6648914443704756e-05 9.410875466954089e-08 0.00016288770536867456 0.0008928919894844001 0.009872929176271868 8.317853662249412e-06 0.21609063765506506 1.591105219705232e-05 0.0002013323856525784 0.00045476829523916816 0.0004152111991361413 0.01378235074224888 0.7424854727872369
0.015549023437500004 511.8244817815427 1.7223384760700993 0.5957480316016932 0.015569587767856753 9.855854952846774e-06 1.3999448353149639e-09 2.810870360459546e-12 1.7202234336726705e-05 1.0105421152290721e-07 0.00016795682462588535 0.0009163648701535453 0.009840342616569155 8.731608748184087e-06 0.21586813817065947 1.6463684130712938e-05 0.0002070244555574056 0.00045430332854871214 0.00041644373957030426 0.014060086672992002 0.7424473957144121
0.015549902343750003 515.3955070252717 1.7339848828069033 0.5917466565269494 0.01554775021612579 1.0215557046757532e-05 1.532051338955898e-09 3.1875435976799147e-12 1.7772708201330562e-05 1.0844381039686424e-07 0.00017314802767416532 0.000940335097159624 0.00980771311751932 9.160683097761026e-06 0.21564263866069833 1.7031542585664075e-05 0.00021272886327886327 0.00045363513763791683 0.0004175287224974436 0.014341062957449018 0.7424091687300566
0.015550781250000003 518.9966855425664 1.7457303765469432 0.5877653105272186 0.015525520257360346 1.058701344057633e-05 1.6748798430929741e-09 3.608868574961528e-12 1.8360798519290465e-05 1.1630133677872493e-07 0.0001784630809947312 0.0009648098483619316 0.009775042771163258 9.605351996592419e-06 0.2154141445377458 1.7614814238171005e-05 0.00021843884846913165 0.0004527692686357667 0.00041846786045015254 0.014625256827874264 0.742370800740999
0.015551660156250003 522.6275393949608 1.757573360800415 0.5838047957208993 0.01550289358686338 1.097047979518674e-05 1.8291198187504988e-09 4.079307474192303e-12 1.896697520052792e-05 1.2465155226032516e-07 0.00018390375471897456 0.0009897963417028893 0.009742333654656767 1.0065882428426793e-05 0.2151826616948432 1.821368668925481e-05 0.0002241476612343711 0.00045171162520955664 0.0004192631054321282 0.014912644573516189 0.742332300493029
0.015552539062500002 526.2875845802188 1.7695122198187425 0.5798658779368985 0.015479865882477744 1.1366215362495301e-05 1.995488978647104e-09 4.603675760402366e-12 1.9591715501971842e-05 1.3352026370397437e-07 0.00018947182309098028 0.0010153018348330912 0.009709587829695518 1.0542532657643735e-05 0.21494819647011998 1.8828349687409647e-05 0.000229848590586674 0.00045046843392484385 0.0004199166338942229 0.01520320159548667 0.7422936765723922
0.015553417968750002 529.9763318667665 1.7815453214172625 0.575949286570883 0.015456432804014196 1.1774483513023559e-05 2.174733653704711e-09 5.187155184463117e-12 2.0235503950503478e-05 1.429343892170537e-07 0.000195169064970359 0.0010413336247155594 0.009676807341931956 1.1035551844933631e-05 0.2147107556106698 1.945899643618186e-05 0.00023553499242498643 0.00044904620900342 0.00042043083120156787 0.015496902462808373 0.7422549374082695
0.015554296875000002 533.6932876187306 1.7936710197656265 0.5720557145405408 0.015432589992655888 1.2195552313816472e-05 2.367629158931781e-09 5.835309525307309e-12 2.0898832270699958e-05 1.5292202395621862e-07 0.00020099726437258466 0.0010678990472033285 0.009643994220383046 1.1545179697735088e-05 0.21447034623578617 2.0105824979211113e-05 0.00024120031684240388 0.00044745171676013716 0.0004208082757210999 0.015793720969430877 0.7422160912761555
0.015555175781250001 537.4379546086548 1.8058876581359444 0.5681858183363151 0.015408333070340662 1.262969515627888e-05 2.574980164187227e-09 6.554101417461689e-12 2.1582199317962344e-05 1.6351250779931238e-07 0.0002069582110438644 0.0010950054765850807 0.009611150476828192 1.207164615673306e-05 0.21422697579965536 2.076903965451206e-05 0.00024683813456849565 0.0004456919399922681 0.00042105172265559257 0.01609363019200359 0.7421771463020569
0.015556054687500001 541.2098328151118 1.8181935715992243 0.56434021816372 0.01538365763912285 1.3077191433189334e-05 2.7976210852662503e-09 7.349909685687486e-12 2.2286111017471376e-05 1.74736496324772e-07 0.00021305370106744403 0.0011226603250939116 0.009578278105197137 1.2615171119445696e-05 0.2139806520536101 2.1448852609047863e-05 0.00025244216236856284 0.00044377404258475644 0.0004211640877458357 0.01639660254819271 0.7421381104674243
0.015556933593750003 545.0084202026027 1.8305870896612189 0.5605194981730419 0.015358559280516708 1.3538327263774121e-05 3.036416510961972e-09 8.22954700185139e-12 2.3011080309258582e-05 1.866260361804474e-07 0.00021928553749815563 0.001150871042374541 0.00954537908094796 1.3175964201650603e-05 0.21373138300805308 2.214548536402187e-05 0.0002580062872367145 0.0004417053345816152 0.00042114843095705096 0.016702609855330532 0.7420989916147332
0.015557812500000002 548.8332134812588 1.8430665388292264 0.5567242067720185 0.015333033554824451 1.4013396265347924e-05 3.2922616821559346e-09 9.200277830862517e-12 2.375762709950132e-05 1.992146457211703e-07 0.00022565553102184757 0.0011796451149039251 0.009512455360436115 1.3754224537114956e-05 0.21347917689416507 2.285917042078438e-05 0.0002635245892359679 0.0004394932379582816 0.0004210079402591274 0.017011623389183 0.7420597974536288
0.015558691406250002 552.6837088441998 1.8556302451025328 0.5529548570167166 0.015307076000451302 1.4502700369677853e-05 3.5660830395440486e-09 1.0269836698909136e-11 2.4526278218001682e-05 2.1253740169877157e-07 0.0002321655006365353 0.0012089900653613893 0.009479508880274495 1.4350140615842781e-05 0.21322404212550766 2.35901528968727e-05 0.00026899136285635325 0.0004371452533121585 0.0004207459156029572 0.01732361394263698 0.7420205355675487
0.015559570312500003 556.559402680343 1.868276536378987 0.5492119270759058 0.015280682133212133 1.5006550681830898e-05 3.858838857247539e-09 1.1446446854292467e-11 2.5317567381572902e-05 2.2663103277095462e-07 0.0002388172743516557 0.0012389134519424003 0.009446541556687062 1.4963890160746452e-05 0.21296598725964985 2.4338692181362916e-05 0.00027440113678000043 0.0004346689276695693 0.0004203657531872091 0.017638551884092496 0.741981213420744
0.015560449218750003 560.4597922608614 1.8810037447715684 0.5454958607638855 0.015253847445633547 1.552526837893054e-05 4.171519980338298e-09 1.2738839420166697e-11 2.6132035162902036e-05 2.41534020647584e-07 0.00024561268990213095 0.0012694228676115003 0.009413555284857029 1.559564004242099e-05 0.2127050209599358 2.5105063598572644e-05 0.0002797486919614017 0.0004320718235868154 0.0004198709301014541 0.017956407215367 0.7419418383656176
0.015561328125000003 564.3843763976911 1.8938102088294924 0.5418070681366355 0.01522656740625551 1.60591856458996e-05 4.505150685195541e-09 1.4156273169020702e-11 2.6970228964260818e-05 2.5728670981187507e-07 0.0002525535954739665 0.0013005259392898025 0.009380551938270943 1.6245546231455186e-05 0.2124411519575134 2.5889560069094762e-05 0.00028502907795017714 0.000429361489701629 0.00041926498942276695 0.018277149628925737 0.7419024176503015
0.015562207031250002 568.3326560724797 1.906694275658382 0.5381459261463037 0.015198837458938855 1.6608646644899127e-05 4.860789682619389e-09 1.5708555088928662e-11 2.7832702995188853e-05 2.7393142694740683e-07 0.00025964185043776233 0.001332230326970531 0.009347533368062032 1.6913753787446516e-05 0.21217438901375787 2.6692493757152072e-05 0.0002902376274024633 0.0004265454328694705 0.00041855152583398966 0.01860074856424198 0.7418629584264046
0.015563085937500002 572.3041350348211 1.919654302935574 0.5345127793487895 0.015170653022183574 1.7174008514881696e-05 5.239531284850589e-09 1.7406061975208873e-11 2.872001825312018e-05 2.9151261148890217e-07 0.000266879326086996 0.0013645437227577763 0.0093145014023542 1.7600396883712033e-05 0.21190474088320715 2.7514197693474097e-05 0.0002953699687461783 0.0004236310919966686 0.0004177341718227866 0.01892717326312019 0.7418234677568564
0.015563964843750002 576.2983203686665 1.9326886608167748 0.5309079406593434 0.015142009488464439 1.7755642397347833e-05 5.64250675906702e-09 1.92597633964344e-11 2.9632742505683775e-05 3.100769591171583e-07 0.00027426790637772355 0.0013974738498219992 0.00928145784560958 1.8305598866464575e-05 0.2116322162771353 2.8355027363132263e-05 0.0003004220369833982 0.00042062581366019726 0.00041681658451166425 0.01925639282381134 0.7417839526237885
0.015564843750000001 580.3147230260469 1.9457957337311442 0.5273316921511135 0.015112902223590645 1.8353934484110402e-05 6.0708858916593975e-09 2.128124661397597e-11 3.0571450273211406e-05 3.296735805737428e-07 0.00028180948866649984 0.001431028461265717 0.009248404477982268 1.902947234705391e-05 0.21135682382788754 2.9215362248143216e-05 0.0003053900826305691 0.0004175368295817991 0.00041580243316032494 0.019588376253763737 0.7417444199363896
0.015565722656250001 584.3528583274245 1.9589739220624693 0.523784285891646 0.015083326566096627 1.8969287082600403e-05 6.525878789688107e-09 2.348274451891934e-11 3.1536722809775735e-05 3.5035417892519294e-07 0.00028950598444339227 0.0014652153388920698 0.009215343054680929 1.9772119325713827e-05 0.2110785720540943 3.009560731510183e-05 0.00031027067881370335 0.00041437123600256403 0.0004146953873731953 0.019923092520862447 0.7417048765386827
0.0155666015625 588.4122464281736 1.9722216437147606 0.5202659448124658 0.015053277826671646 1.9602119693999425e-05 7.008737948482563e-09 2.5877168696572502e-11 3.252914808087359e-05 3.7217324942145083e-07 0.0002973593200570492 0.0015000422918680925 0.009182275305343128 2.053363134512018e-05 0.21079746932688492 3.099619443864079e-05 0.000315060726550988 0.0004111359749831082 0.00041349910603679296 0.020260510603021455 0.7416653292171718
0.015567480468750002 592.49241275087 1.9855373355611934 0.5167768636069852 0.01502275128763609 2.0252870099260913e-05 7.52076061745287e-09 2.847815200851625e-11 3.354932073566354e-05 3.9518830744870044e-07 0.00030537143742890226 0.001535517155273451 0.009149202933424094 2.1314089671952172e-05 0.21051352383721178 3.19175837521216e-05 0.0003197574582692484 0.0004078378176342822 0.0004122172270038445 0.020600599536004714 0.7416257847083171
0.015568359375000002 596.5928883831839 1.9989194547757079 0.5133172096521853 0.014991742202473223 2.092199544787486e-05 8.063291499899497e-09 3.1300110052442214e-11 3.459784207144493e-05 4.1946015187285145e-07 0.00031354429475357167 0.0015716477885233966 0.009116127615603086 2.211356550454554e-05 0.21022674356440135 3.286026491761631e-05 0.00032435843961325727 0.0004044833492639952 0.00041085335753381996 0.020943328459359326 0.7415862497057953
0.015569238281250002 600.7132104414832 2.012366480047661 0.5098871239495619 0.014960245795424104 2.1609973344086312e-05 8.63772582696914e-09 3.43583416587268e-11 3.5675319987900814e-05 4.450531734323419e-07 0.00032187986718298375 0.0016084420736542239 0.009083051001209062 2.2932120204687858e-05 0.20993713624603016 3.3824758307991344e-05 0.0003288615696182406 0.0004010789564070567 0.0004094110654927618 0.021288666660370045 0.7415467308675111
0.015570117187500003 604.8529224001335 2.0258769126795384 0.5064867220812286 0.014928257261155984 2.231730292509218e-05 9.24551285066232e-09 3.766921191390684e-11 3.6782368928350246e-05 4.720357209105186e-07 0.0003303801474912832 0.0016459079134545725 0.009049974711669606 2.3769805551503814e-05 0.20964470934924248 3.4811616094586164e-05 0.00033326507932529635 0.00039763081568736504 0.00040789387130920365 0.02163658361593393 0.7415072348223324
0.015571875000000002 613.1888990748446 2.05308266840454 0.49977517838515584 0.014862798693541407 2.3791304712088874e-05 1.0565296898910207e-08 4.509983645655179e-11 3.908653139101963e-05 5.303692266441851e-07 0.0003478775071703776 0.0017228656186568836 0.008983829940242735 2.5502504359354507e-05 0.2090514977864161 3.685387876530455e-05 0.0003417690553199998 0.0003906221172266966 0.0004046459997063626 0.022339982012434506 0.7414283360704351
0.015573632812500002 621.5964789315765 2.0805223879904964 0.49318371326479393 0.014795334522725063 2.5348322720732802e-05 1.203544347004823e-08 5.3741216277055116e-11 4.151472121309477e-05 5.950704167346018e-07 0.00036604794810123065 0.0018025719866603595 0.00891770473759668 2.7311970662589056e-05 0.20844722129788756 3.8992284838578914e-05 0.00034986447632642754 0.00038350827760638375 0.00040114237703306373 0.023053239777742717 0.7413495901392823
0.015575390625000001 630.0722929651085 2.10818507527106 0.4867123711641798 0.014725826144407565 2.699307795256754e-05 1.3669176746458225e-08 6.374800181892689e-11 4.407195773886371e-05 6.667977552759865e-07 0.00038490750565196884 0.0018850892553585114 0.008851610952908462 2.9198301983090126e-05 0.20783192977378187 4.1232415362977785e-05 0.0003575490201909373 0.0003763298824772212 0.0003974085929039131 0.023776124492527688 0.7412710480960694
0.0155771484375 638.6130939596824 2.1360601617155486 0.4803608883433953 0.014654234538779126 2.873068149731227e-05 1.5480713278971803e-08 7.529123508258335e-11 4.676335300141592e-05 7.462778853451152e-07 0.0004044725348004936 0.0019704797790660576 0.008785559953215642 3.116147169744635e-05 0.20720566663399248 4.358041359450327e-05 0.0003648251477529062 0.0003691237313705148 0.0003934689581408646 0.02450840989267287 0.7411927610765205
0.015578906250000002 647.2157594502506 2.164137515756493 0.4741287230430582 0.014580520293411631 3.056665422373737e-05 1.748538643815637e-08 8.855924856505667e-11 4.9594105732757246e-05 8.343131455448783e-07 0.00042475972429700966 0.0020588059424739673 0.008719562613654136 3.320134016110913e-05 0.20656846833207287 4.604299186616662e-05 0.00037169980376577976 0.00036192284288067626 0.000389346413284821 0.025249876636123623 0.7411147804189496
0.015580664062500003 655.8772929716497 2.1924074462967793 0.4680150847722336 0.014504643637751445 3.2506941107229334e-05 1.9699780797368574e-08 1.0375928004804294e-10 5.256949340174089e-05 9.317889799103236e-07 0.00044578610861958744 0.002150130065092914 0.008653629310204037 3.531766607474925e-05 0.20592036397822303 4.8627430914008246e-05 0.00037818407963366267 0.0003547565299105214 0.00038506247118497383 0.026000312919363357 0.7410371577759851
0.015582421875000002 664.5948237332545 2.2208607008689905 0.4620189624820271 0.014426564490539475 3.4557919374079906e-05 2.214187714289217e-08 1.2111942751102846e-10 5.569486190276968e-05 1.039681325108744e-06 0.00046756907757892954 0.002244514295500291 0.008587769915015656 3.75101178876744e-05 0.20526137508385575 5.134157187128963e-05 0.00038429285050297534 0.00034765053172128833 0.0003806371894177765 0.026759514946105352 0.7409599452043887
0.015584179687500001 673.3656048639622 2.2494884589437225 0.45613915143766265 0.014346242521445911 3.672639967540448e-05 2.4831208210816067e-08 1.4089087719679945e-10 5.897561251744501e-05 1.1590639523616923e-06 0.0004901263834557751 0.0023420204948040773 0.008521993794330406 3.9778285057692285e-05 0.20459151542844098 5.4193801305411646e-05 0.0003900443981257324 0.00034062719005903457 0.0003760891682605126 0.02752728725271251 0.7408831952337387
0.0155859375 682.1870103757425 2.2782823208944 0.45037427864842666 0.014263637228142226 3.901961955376657e-05 2.7789024846423397e-08 1.6335040307299302e-10 6.241718577719245e-05 1.2911156767653827e-06 0.0005134761455780308 0.0024427101088071905 0.00845630980895661 4.2121689012662164e-05 0.20391079104771073 5.719302981405643e-05 0.00039546002954537053 0.0003337056575095021 0.0003714355700617806 0.028303442896485696 0.7408069609149717
0.0155876953125 691.0565309941347 2.3072342931256387 0.44472282675686786 0.014178708029942817 4.144522853302218e-05 3.10384719870554e-08 1.8880314861710953e-10 6.602504186821523e-05 1.437127299585039e-06 0.0005376368522650433 0.002546644028418182 0.008390726317210728 4.4539793684990256e-05 0.20321920034085703 6.0348664816349994e-05 0.00040056370015335217 0.00032690212737508824 0.0003666921560770763 0.029087803514296358 0.7407312958499032
0.015589453125000001 699.9717690012503 2.336336769861628 0.43918315632595617 0.014091414379036413 4.4011264246136226e-05 3.4604773628753405e-08 2.1758570262952064e-10 6.980463724165979e-05 1.5985081074296084e-06 0.0005626273600827465 0.0026538824379145525 0.00832525118019358 4.7032015515427925e-05 0.20251673429310288 6.367057827072005e-05 0.00040538164811743067 0.000320230075678214 0.00036187333713972155 0.029880199260057857 0.7406562542029098
0.015591210937500002 708.9304322319643 2.3655825120734515 0.43375352649521914 0.014001715890190359 4.672611911609937e-05 3.8515425707378077e-08 2.5006947783025945e-10 7.376139712269545e-05 1.77679170870435e-06 0.0005884668903668977 0.0027644846507336165 0.008259891769236942 4.9597732846063015e-05 0.2018033768089366 6.716907012376418e-05 0.0004099420456676021 0.00031370050729056685 0.0003569922348872402 0.03068046863028158 0.7405818906959678
0.015592968750000002 717.9303273576375 2.394964624001688 0.4284321140042325 0.013909572489649922 4.959849722047603e-05 4.2800395567754475e-08 2.8666439408475485e-10 7.79006836533286e-05 1.9736409366591215e-06 0.0006151750229827902 0.0028785089325485294 0.008194654975328614 5.2236294643834904e-05 0.20107910515036798 7.085482834448447e-05 0.00041427467130307233 0.000307322199596772 0.00035206075063730434 0.03148845818747469 0.7405082605882213
0.015594726562500001 726.9693525840119 2.4244765277036184 0.4232170306047187 0.01381494458377385 5.263736109890796e-05 4.749232637179515e-08 3.278228510612779e-10 8.222775945601722e-05 2.190851483504862e-06 0.0006427716872982001 0.0029960123114854656 0.0081295472203062 5.494702851482566e-05 0.2003438904737979 7.473888642654413e-05 0.0004184106056956738 0.00030110193847007174 0.0003470896393868415 0.032304022191402784 0.7404354196412217
0.015596484375 736.0454898816994 2.454111936025634 0.41810633890094345 0.01371779324774498 5.5851868403239845e-05 5.2626744369853776e-08 3.740439283078409e-10 8.674774646953124e-05 2.4303538432721873e-06 0.0006712771503534495 0.003117050375463656 0.008064574469598362 5.7729247985923025e-05 0.19959769845844935 7.883257924910777e-05 0.0004223819529392088 0.0002950447426297287 0.0003420885867781241 0.03312702214832561 0.740363424070944
0.0155982421875 745.1567968593025 2.483864824372286 0.41309806667251264 0.013618080434472164 5.9251298439527545e-05 5.8242266388619985e-08 4.2587761563666283e-10 9.146557998573195e-05 2.6942130205737723e-06 0.000700712002219112 0.0032416770568041643 0.00799974224628655 6.058225904421149e-05 0.1988404900187584 8.314749817578872e-05 0.0004262215878428531 0.00028915407364656873 0.0003370662872261282 0.03395732628824962 0.7402923304876488
0.015600000000000001 754.3013983806646 2.5137294016138507 0.40819021974465763 0.013515769203562353 6.284496880726229e-05 6.438080413418228e-08 4.839284820180963e-10 9.63859579062535e-05 2.9846252910654377e-06 0.000731097138537693 0.0033699444044665715 0.007935055646262087 6.350536593562128e-05 0.19807222209266567 8.769544624272657e-05 0.00042996292919012175 0.00028343202996426606 0.00033203052172526144 0.034794808980022365 0.7402221958246313
0.015601318359375001 761.1805523692329 2.5361976129210433 0.4045740566883899 0.01343730270328464 6.567401075421239e-05 6.935829361190627e-08 5.31985923499745e-10 0.00010021238283810281 3.221414803490948e-06 0.0007545253385502843 0.0034685732531830487 0.007886638959742776 6.574330844133272e-05 0.1974887023495053 9.126744587847735e-05 0.00043272661674442157 0.0002792517061185367 0.0003282492642358291 0.035427578626838714 0.740170262728743
0.01560263671875 768.0767326568337 2.558723463252595 0.4010123686903163 0.013357333323651565 6.862193118326619e-05 7.467771488114169e-08 5.842377566520754e-10 0.0001041576568076463 3.4755872114605116e-06 0.0007785125498114486 0.0035693089405000084 0.007838308833529416 6.802003452106285e-05 0.19689888335782793 9.498282570403903e-05 0.000435468268076232 0.0002751672075576345 0.0003244669769719718 0.03606428573181931 0.7401189315128146
0.015603955078125 774.9892022049778 2.5813046980467913 0.39750431539460623 0.013275847051441969 7.169255050688444e-05 8.036113339633855e-08 6.410190003447172e-10 0.00010822340083441308 3.7482323873554343e-06 0.0008030680214852829 0.0036721711028717577 0.007790066981818624 7.033525747860884e-05 0.19630274370804135 9.884674008484722e-05 0.00043820226733662913 0.0002711782431237333 0.0003206860935750909 0.03670488267022506 0.7400682266765749
0.015605273437500001 781.9172355196939 2.60393910288835 0.39404906039599696 0.013192830519575897 7.488959443841362e-05 8.643195291425483e-08 7.026887201763552e-10 0.00011241109014226317 4.0404813037750675e-06 0.0008282010752471555 0.0037771784860826467 0.007741915001740046 7.268869486117635e-05 0.19570026175250804 0.00010286436757018112 0.00044094297061370453 0.00026728426862953085 0.0003169088384010846 0.03734932300470206 0.74001817271948
0.015606591796875001 788.8601166005313 2.6266244963945926 0.390645773017645 0.013108271080591979 7.821666573709307e-05 9.291496487521826e-08 7.696322328334004e-10 0.0001167220372048569 4.353503466461847e-06 0.0008539210981282651 0.003884348876727172 0.0076938543775254995 7.508006910917881e-05 0.19509141585084958 0.0001070409026478589 0.00044370467596892526 0.0002634845149023348 0.0003131372421729147 0.037997561305878495 0.7399687941144286
0.015607910156250002 795.8171369104364 2.649358723170948 0.38729362990628863 0.013022156882745455 8.167721495500112e-05 9.983639584539024e-08 8.422630266655314e-10 0.00012115737416943828 4.688503925321921e-06 0.0008802375348509219 0.00399369903147895 0.007645886484685525 7.750910809754133e-05 0.19447618462133603 0.00011138154817976075 0.00044650159658918937 0.0002597780130279922 0.00030937315690545417 0.038649552970048746 0.7399201152802809
0.015609228515625002 802.787593373863 2.6721396468603564 0.3839918164554014 0.01293447694848934 8.527451034177583e-05 1.072239521795952e-07 9.210245980362062e-10 0.00012571803474916208 5.046719811025433e-06 0.0009071598796579897 0.004105244604260864 0.0075980125941736785 7.997554557237213e-05 0.1938545471972203 0.00011589150857411905 0.00044934783681971406 0.00025616361698941443 0.00030561827007698753 0.03930525403491288 0.7398721605533076
0.015610546875000002 809.7707864098153 2.6949651433090067 0.3807395280668408 0.012845221255073693 8.901160707676537e-05 1.1510686101583879e-07 1.006392279314827e-09 0.00013040473568625614 5.4294163591691675e-06 0.0009346976676406619 0.0042190000714330735 0.007550233876521346 8.247912148689663e-05 0.19322648348689658 0.00012057598374059878 0.00045225737084817624 0.0002526400238982207 0.000301874118033141 0.039964620994285355 0.7398249541576998
0.015611865234375003 816.7660180059827 2.717833093868974 0.3775359712612268 0.012754380816970967 9.289131601083221e-05 1.2351590665094364e-07 1.0988750841464408e-09 0.00013521795790005507 5.837882395517448e-06 0.0009628604655699695 0.004334978655124274 0.00750255140592774 8.50195822405519e-05 0.19259197443678597 0.0001254401638639565 0.0004552440238192023 0.00024920579201999214 0.00029814209861868244 0.04062761061263872 0.7397785201752639
0.015613183593750003 823.7725898396416 2.740741378856749 0.3743803646469647 0.012661947769809325 9.691617211121099e-05 1.3248346127814176e-07 1.199017574436423e-09 0.00014015792744509592 6.273425265725918e-06 0.000991657862238774 0.004453192244842185 0.007454966164291839 8.759668082509826e-05 0.19195100229586645 0.00013048922502164004 0.00045832145516952363 0.0002458593567934079 0.0002944234830407746 0.041294179740300654 0.7397328825144306
0.015614501953125002 830.7898014505341 2.763687871185137 0.37127193975747647 0.012567915455471583 0.00010108840281250627 1.4204350899650024e-07 1.3074017438464413e-09 0.00014522459641481253 6.737365201975154e-06 0.001021099458322507 0.004573651317511321 0.00740747904517502 9.021017688152641e-05 0.19130355088078788 0.00013572832566020735 0.00046150314398714327 0.00024259904504102383 0.00029071942697404075 0.041964285130074955 0.739688064878703
0.015615820312500002 837.8169484706009 2.7866704301848535 0.36820994176579697 0.012472278507993676 0.00010540989648508789 1.522316619325077e-07 1.4246489075760969e-09 0.0001504176239357427 7.231029127555771e-06 0.001051194855768926 0.004696364856100393 0.007360090857684806 9.285983667146437e-05 0.1906496058405282 0.00014116260393508512 0.00046480237621206926 0.00023942308756475346 0.00028703098092333406 0.042637883256017535 0.73964409073467
0.015617138671875003 844.8533209148816 2.8096868956303505 0.3651936300853777 0.012375032939878194 0.00010988217123853304 1.6308516724880344e-07 1.5514215850202063e-09 0.00015573635740512737 7.755743908882367e-06 0.0010819536467282318 0.004821340267012321 0.0073128023302733705 9.554543296660076e-05 0.18998915491958876 0.0001467971759078183 0.00046823223351082267 0.00023632963031258473 0.0002833590998647059 0.04331493013503562 0.7396009832797084
0.015618457031250001 851.8982015378785 2.8327350819843247 0.36222227886539266 0.012276176228415307 0.00011450634428278482 1.7464290375795026e-07 1.6884253594429203e-09 0.0001611798141316954 8.312829072839674e-06 0.0011133854020382613 0.004948583296429735 0.007265614114444353 9.826674485963127e-05 0.18932218821872218 0.0001526371345852639 0.00047180558367188627 0.0002333167442946527 0.00027970465218846467 0.04399538115196484 0.739558765409497
0.015619775390625002 858.9508642591165 2.855812772873512 0.35929517738854555 0.012175707401590219 0.00011928310207267962 1.8694536681173276e-07 1.8364106966383476e-09 0.00016674666354434721 8.903589015740497e-06 0.0011454996592806092 0.005078097945819328 0.0072185267883650706 0.00010102355750001014 0.1886486984522395 0.0001586875497754525 0.00047553507238360976 0.00023038243441726784 0.0002760684279711195 0.044679190888712396 0.7395174596854626
0.015621093750000002 866.0105726613479 2.878917715807482 0.35641163037896506 0.012073627123141827 0.0001242126714628874 2.0003464010240874e-07 1.9961747024969063e-09 0.0001724352101368063 9.529304738520207e-06 0.0011783059104257762 0.0052098863868132745 0.00717154086038316 0.00010381566175765427 0.18796868120097082 0.00016495346872576693 0.00047943311626987077 0.0002275246473927654 0.00027245114660505914 0.04536631295801321 0.7394770883022747
0.015622412109375003 873.0765785648583 2.9020476171521445 0.3535709582272564 0.01196993777632201 0.00012929479210016612 2.1395435299443287e-07 2.168562797417222e-09 0.00017824337731803036 1.0191225151045233e-05 0.001211813589089055 0.005343948875705909 0.007124656772446628 0.00010664285381772372 0.18728213515996425 0.00017143991750081635 0.0004835118970717748 0.00022474127887137682 0.00026885346381614667 0.046056699842331336 0.7394376730555042
0.015623730468750003 880.1481206807658 2.925200137367869 0.35077249713952185 0.01186464354589987 0.0001345286902775883 2.2874962200426157e-07 2.354470283571859e-09 0.00018416869233750833 1.0890557996400476e-05 0.0012460320574199382 0.00548028366781334 0.0070778749034300925 0.00010950493470936361 0.18658906238006748 0.000178151903049279 0.00048778335687524733 0.00022203017992931902 0.00026527597810052823 0.04675030273837025 0.7393992353095573
0.015625048828125 887.2244233461599 2.948372886521974 0.3480155992166944 0.011757750497946381 0.00013991305447178754 2.4446697506584263e-07 2.5548437791876765e-09 0.00019020827245230307 1.162846045370802e-05 0.0012809705926512093 0.005618886931962124 0.007031195572370368 0.00011240170977125748 0.18588946850255916 0.0001850944159019948 0.0004922591942949274 0.00021938916303469825 0.0002617192366123795 0.04744707140763518 0.739361795965989
0.015626367187500004 894.3046953437228 2.9715634200846677 0.3452996324701607 0.011649266656930987 0.00014544601277889952 2.611542572611192e-07 2.770682492250555e-09 0.0001963588124982957 1.2406029485235267e-05 0.0013166383733365242 0.00575975266538836 0.006984619041615961 0.0001153329880567572 0.1851833629860312 0.00019227243343723294 0.0004969508615339346 0.00021681600760012652 0.0002581837405344721 0.0481469540334563 0.7393253754323009
0.015627685546875002 901.3881288079908 2.994769235015972 0.34262398077939277 0.011539202079664704 0.00015112511245766254 2.7886051675947183e-07 3.003039304411693e-09 0.00020261657402145607 1.3224292000119287e-05 0.001353044465306533 0.005902872609338051 0.006938145519898113 0.00011829858168117157 0.1844707593247904 0.00019969092364321384 0.0005018695622466889 0.00021430846521831393 0.00025466994996342965 0.048849897084819155 0.7392899935913195
0.01562900390625 908.473898220788 3.017987766152375 0.33998804379674585 0.011427568925617863 0.00015694730178002176 2.976358698013522e-07 3.2530216344225712e-09 0.00020897737611712573 1.4084194912954318e-05 0.0013901978073790062 0.0060482361656853095 0.006891775165328539 0.0001212983051139784 0.1837516752580314 0.0002073548493037948 0.0005070262501387959 0.00021186426466409026 0.0002511782883408642 0.04955584518737231 0.7392556697712467
0.015630322265625003 915.561159497374 3.041216382898759 0.33739123680455685 0.011314381523157164 0.00016290891437891427 3.1753134367528755e-07 3.5217920491237725e-09 0.00021543658811444254 1.49865951803974e-05 0.0014281071968569954 0.006195830314883448 0.0068455080883351935 0.0001243319744183675 0.18302613296915468 0.00021526917252854516 0.0005124316282426647 0.00020948111673423596 0.0002477091464613741 0.050264741001871095 0.7392224227164707
0.015631640625000002 922.6490491652202 3.0644523862323023 0.33483299052914534 0.011199656431246168 0.00016900565627184705 3.385986967806394e-07 3.810568588969052e-09 0.00022198912423162362 1.59322499030177e-05 0.001466781274854232 0.006345639535588562 0.0067993443545445965 0.0001273994064407435 0.18229415927458928 0.00022343885954594463 0.0005180961488118548 0.0002071567189842938 0.0002442628860873314 0.050976525110341286 0.7391902705592175
0.015632958984375 929.7366836371017 3.0876930060244283 0.3323127509160383 0.011083412496163922 0.00017523259572604284 3.608902150369779e-07 4.120624774258311e-09 0.00022862944031434268 1.6921806582551945e-05 0.001506228511489265 0.00649764572630791 0.006753283987620221 0.00013050041795282282 0.18155578580152745 0.00023186888567626045 0.0005240300137800564 0.0002048887604100058 0.0002408398431994994 0.05169113591021399 0.7391592307921192
0.015634277343750003 936.8231585794764 3.110935398684424 0.32982997887065213 0.010965670902818216 0.0001815841561163577 3.844584840938216e-07 4.4532892577005765e-09 0.00023535153275408297 1.7955793626430896e-05 0.001546457190989108 0.006651828129426399 0.006707326972070428 0.0001336348247487682 0.18081104915407645 0.00024056424039869137 0.0005302431757321079 0.0002026749261101827 0.00023744033091176146 0.052408509516601275 0.7391293202417696
0.015635595703125 943.9075483774 3.134176645129366 0.32738414996821646 0.0108464552202386 0.00018805411191226312 4.093561370155323e-07 4.809945088718837e-09 0.0002421489396677014 1.903461119205404e-05 0.0015874753967476311 0.0068081632579855885 0.006661473256036718 0.0001368024407000623 0.1800599910673298 0.00024952993242732135 0.0005367453393358951 0.00020051290195724432 0.00023406464207691228 0.05312857967290269 0.7391005550433304
0.0156369140625 950.9889056970055 3.157413749084154 0.3249747541364868 0.010725791440852955 0.0001946355879137805 4.3563557736027895e-07 5.1920285550159085e-09 0.00024901474440235495 2.015852246259632e-05 0.0016292909963856689 0.006966624825599486 0.006615722754073488 0.00014000307677089445 0.17930265854890795 0.00025877099471064514 0.0005435459631844164 0.00019840037929194732 0.00023071305160931292 0.053851277669903476 0.739072950616248
0.015638232421875002 958.0662611458389 3.1806436357131966 0.3226012953147411 0.01060370801318184 0.0002013210618383589 4.6334867783673096e-07 5.6010275673500196e-09 0.0002559415814115812 2.1327645444094687e-05 0.001671911626858228 0.007127183679888637 0.006570075349934055 0.00014323653999669372 0.1785391040076192 0.00026829248926968764 0.0005506542619967157 0.00019633505964995252 0.00022738581854925855 0.054576532273446644 0.7390465216411324
0.01563955078125 965.1386230316144 3.2038631505860145 0.3202632910921523 0.010480235867600579 0.00020810237034278874 4.925464550108033e-07 6.0384795543103446e-09 0.0002629216445303653 2.254194537043407e-05 0.001715344679658051 0.007289807739831672 0.0065245308993744765 0.00014650263242876288 0.17776938536888887 0.0002780995117919074 0.0005580792091263116 0.00019431465951944726 0.000224083187892433 0.05530426966078364 0.7390212820378483
0.015640869140625 972.2049772197137 3.227069058978377 0.31796027232843715 0.010355408434845505 0.00021497071854511364 5.232787208402531e-07 6.50596883507687e-09 0.00026994669765828197 2.380122779847233e-05 0.0017595972861656785 0.0074544619374390456 0.006479089232986712 0.00014980115004809116 0.1769935661766517 0.00028819719590031416 0.0005658295393251189 0.00019233691512153374 0.00022080539220657537 0.05603441336568308 0.7389972449448576
0.0156421875 979.2642870890131 3.250258045508083 0.3156917827596472 0.01022926165697821 0.00022191669309117276 5.555937121334185e-07 7.0051234396657466e-09 0.0002770080878404358 2.510513246995542e-05 0.0018046763031935311 0.0076211081641456985 0.006433750159075641 0.00015313188165131967 0.17621171568150343 0.00029859071701930146 0.0005739137517095914 0.00019039958719849174 0.00021755265305645492 0.05676688423229931 0.7389744226998544
0.015643505859375004 986.3154935859021 3.2734267141054305 0.3134573785916094 0.010101833990543667 0.0002289302787904583 5.895376993629827e-07 7.53761134805784e-09 0.0002840967607176666 2.6453128010444942e-05 0.0018505882987747285 0.007789705222332631 0.006388513466590794 0.00015649460771220984 0.17542390891490148 0.00030928529576265494 0.0005823401128757084 0.00018850046578887343 0.00021432518225673216 0.05750160037783184 0.7389528268217217
0.015644824218750002 993.3575153759838 3.2965715883171947 0.31125662808339694 0.009973166401692823 0.00023600087882495442 6.25154576606478e-07 8.10513612171318e-09 0.00029120327829889285 2.784450752806964e-05 0.0018973395382464663 0.007960208782384036 0.006343378928123888 0.00015988909922205614 0.17463022674926162 0.00032028620077279604 0.0005911166601089603 0.00018663737496315237 0.00021112318297107665 0.058238477163969425 0.7389324679938414
0.015646142578125 1000.3892490925796 3.3196891119417216 0.3090891111230844 0.00984330235307715 0.00024311733851323475 6.624854347304423e-07 8.7094319031694e-09 0.00029831783899033173 2.9278385166768254e-05 0.0019449359706763577 0.00813257134568081 0.006298346302983514 0.00016331511651257254 0.17383075594385738 0.0003315987509442753 0.000600251204635396 0.00018480817748906607 0.00020794685067471118 0.05897742717707704 0.738913356048777
0.015647460937500003 1007.40956987676 3.342775650641652 0.30695441873821344 0.009712287782367442 0.0002502679725897506 7.015681204031748e-07 9.352257754755596e-09 0.0003054302997983788 3.0753693659982395e-05 0.001993383215675886 0.00830674221391425 0.006253415340360179 0.00016677240806503414 0.17302558917659214 0.0003432283169471578 0.0006097513348356868 0.0001830107793914577 0.00020479637399924028 0.059718360217005995 0.7388954999543415
0.015648779296875002 1014.4173400752264 3.365827520635462 0.3048521501842013 0.009580171072649756 0.00025744059591444485 7.424367831102572e-07 1.0035391333168099e-08 0.00031253020058785307 3.226918291660307e-05 0.0020426865505085096 0.008482667464629716 0.006208585782711347 0.0001702607092985999 0.17221482506363478 0.0003551803220417946 0.0006196244194391477 0.00018124313437782895 0.00020167193547264385 0.06046118329224138 0.7388789078013233
0.01565009765625 1021.4114085215833 3.38884098614779 0.3027819130519843 0.009447003014695959 0.00026462255738532654 7.851214132606847e-07 1.0760621869044451e-08 0.0003196067903439611 3.382341963859249e-05 0.002092850897554864 0.008660289933458559 0.006163857369345007 0.00017377974134421073 0.1713985681669153 0.00036746024194866445 0.0006298776105162794 0.0001795032482217713 0.00019857371218359596 0.061205800621661706 0.7388635867926732
0.015651416015625003 1028.3906081507753 3.41181225134361 0.3007433238480942 0.009312836760560071 0.00027180077699070484 8.296473744826582e-07 1.1529742473999993e-08 0.0003266490553432259 3.541478799479232e-05 0.0021438808123597844 0.008839549204042518 0.006119229840044748 0.0001773292098204166 0.1705769289863264 0.000380073603850298 0.0006405178463232482 0.00017778918303542436 0.00019550187635811666 0.061952113645816334 0.738849543233939
0.015652734375 1035.3537568577647 3.434737463040819 0.2987360075859345 0.009177727768508939 0.00027896178591309257 8.760349340726706e-07 1.234454175764043e-08 0.00033364574908046127 3.7041491365721325e-05 0.0021957804722845826 0.009020381605933577 0.006074702938763411 0.00018090880361511217 0.16975002393716526 0.00039302598447262714 0.0006515518539021816 0.0001760990613446345 0.0001924565958635381 0.06270002104724375 0.7388367825249894
0.015654052734375 1042.299658437263 3.4576127137043633 0.2967595973799166 0.009041733739465466 0.0002860917695201183 9.242987954325675e-07 1.3206794758176753e-08 0.00034058542380423863 3.870155515250084e-05 0.002248553665754441 0.009202720220631252 0.006030276417434694 0.00018451819367429028 0.1689179753137881 0.0004063230071894603 0.0006629861513672844 0.00017443106993678706 0.00018943803465298754 0.06344941877886251 0.7388253091530977
0.015655371093750002 1049.2271036014472 3.4804340447120543 0.2948137340437416 0.008904914545055369 0.000293176613063957 9.744476365940913e-07 1.4118253196608069e-08 0.00034745646351215737 4.039283063500841e-05 0.0023022037821354264 0.009386494896064072 0.00598595003990688 0.0001881570318024787 0.1680809112396999 0.00041997033810967083 0.0006748270498175334 0.00017278346345143476 0.0001864463531593806 0.06420020010024427 0.7388151266873747
0.015656689453125 1056.1348710729078 3.503197449883267 0.29289806569385723 0.008767332147379752 0.0003002019498912481 1.0264836591282477e-06 1.508063507068257e-08 0.0003542471182505754 4.211299985538267e-05 0.0023567338022765266 0.00957163226981068 0.00594172358599814 0.00019182494947989615 0.16723896560426918 0.00043397368111269775 0.00068708065482005 0.00017115456768611472 0.0001834817086466318 0.06495225562161695 0.7388062377745339
0.0156580078125 1063.0217287499117 3.525898879261142 0.29101224735901127 0.008629050510676244 0.0003071532119462992 1.0804021518932802e-06 1.609561361134131e-08 0.0003609455395576931 4.385958149447795e-05 0.0024121462897495043 0.009758055801329628 0.00589759685567122 0.00019552155670147023 0.1663922779862928 0.0004483387718032572 0.0006997528674115277 0.00016954278259251752 0.00018054425552476154 0.06570547335543396 0.7387986441359711
0.015659326171875 1069.8864349404182 3.5485342431366944 0.28915594059685734 0.00849013550508133 0.0003140156823317457 1.1361910741842295e-06 1.7164805630918585e-08 0.00036753981688399735 4.56299377008656e-05 0.002468443382812481 0.009945685813424091 0.00585356967332675 0.00019924644084267737 0.1655409935647178 0.0004630713703605028 0.0007128493845679389 0.000167946584941338 0.00017763414563479803 0.06645973877527953 0.7387923465661362
0.01566064453125 1076.7277396616344 3.5710994163044143 0.2873288131183262 0.008350654802736631 0.00032077454967441895 1.1938306629158658e-06 1.8289759299049376e-08 0.0003740180148214912 4.742128182495175e-05 0.00252562678712388 0.010134439543148537 0.005809641892209603 0.00020299916555748397 0.16468526301679787 0.00047817725326325806 0.0007263756990978176 0.0001663645306372852 0.00017475152850821306 0.06721493488192201 0.7387873449321762
0.015661962890625 1083.5443860017606 3.593590242538361 0.28553053842039183 0.008210677766520413 0.0003274149640285788 1.253293068484891e-06 1.9471941388608438e-08 0.0003803682109712707 4.923068700442208e-05 0.0025836977692303576 0.010324231202329648 0.005765813398920968 0.00020677926971370168 0.16382524240398533 0.000493662203878558 0.0007403370989191877 0.00016479525666912142 0.0001718965516047335 0.06797094227631748 0.7387836381748182
0.01566328125 1090.3351115399666 3.6160025392757618 0.28376079542790017 0.008070275331733377 0.0003339220940340962 1.3145420239115626e-06 2.071272403972561e-08 0.0003865785342778563 5.10550955415453e-05 0.0026426571508450587 0.010514972047823068 0.005722084118030172 0.0002105862663708161 0.16296109304594295 0.0005095320019053399 0.0007547386656843833 0.0001632374826831391 0.0001690693605317242 0.0687276392393016 0.7387812243104687
0.015664599609375003 1097.098649821027 3.6383321024963324 0.2820192681449111 0.007929519881094142 0.00034028118503524445 1.377532551764334e-06 2.2013371094790345e-08 0.0003926372036595401 5.289132900826359e-05 0.002702505303933399 0.010706570461601542 0.005678454016775385 0.00021441964180559766 0.1620929813830198 0.0005257924116720055 0.0007695852727234658 0.00016169001217175398 0.0001662700992473235 0.0694849018177552 0.7387801004344962
0.015665917968750002 1103.8337318808092 3.660574711784689 0.2803056453159645 0.007788485113437394 0.0003464776178549697 1.4422107132075563e-06 2.3375024060504457e-08 0.000398532566765201 5.473609901103007e-05 0.0027632421466194344 0.010898932040725076 0.005634923109841365 0.0002182788545906945 0.16122107882757214 0.0005424491692923223 0.0007848815822825746 0.00016015173327218142 0.00016349891024882674 0.07024260391700583 0.7387802627256652
0.015667236328125 1110.539087818583 3.6827261355624725 0.2786196200976403 0.007647245906543761 0.0003524969679106579 1.508513403283362e-06 2.4798687753648996e-08 0.00040425313869006825 5.658601854412934e-05 0.002824867139921487 0.011091959697196334 0.0055914914642016655 0.00022216333473125814 0.16034556160454483 0.0005595079686899868 0.0008006320420394043 0.00015862161917323619 0.00016075593474717777 0.07100061739920635 0.7387817064516901
0.015668554687500003 1117.2134484120227 3.704782136476381 0.27696088974072103 0.007505878174562145 0.0003583250643507645 1.5763681962432938e-06 2.6285215684033453e-08 0.0004097876404858228 5.8437613857705196e-05 0.0028873792853226082 0.011285553767659478 0.00554815920401101 0.00022607248286454564 0.1594666105817491 0.0005769744465085055 0.0008168408808843237 0.00015709872813105428 0.00015804131282780504 0.07175881218742394 0.7387844259758706
0.015669873046875 1123.855546770807 3.7267384769284284 0.27532915528316987 0.007364458720512147 0.0003639480488872919 1.645693244380941e-06 2.7835295219232537e-08 0.0004151250373040187 6.028733676481579e-05 0.002950777123179353 0.011479612132857475 0.0055049265155312915 0.00023000566952737666 0.15858441109027213 0.0005948541659299148 0.0008335121039624722 0.00015558220309688187 0.0001553551835974219 0.0725170563751799 0.7387884147647792
0.01567119140625 1130.4641200247625 3.748590924734769 0.27372412125405676 0.007223065084378964 0.00036935243399698146 1.7163972333806289e-06 2.9449432558451717e-08 0.000420254576015887 6.21315773103869e-05 0.0030150587319707563 0.011674030346719122 0.005461793652072389 0.00023396223449623297 0.15769915273545718 0.000613152599433049 0.000850649486979245 0.0001540712709619749 0.00015269768531587217 0.07327521634118853 0.7387936653969586
0.015672509765625002 1137.037911041911 3.7703352588975 0.27214549538864174 0.007081775387348483 0.00037452516016384314 1.7883793966802203e-06 3.112793751308531e-08 0.0004251658221555437 6.39666767236052e-05 0.003080221728381877 0.011868701774884746 0.005418760938930838 0.00023794148620430179 0.15681102919897072 0.0006318751105278363 0.0008682565697772381 0.0001525652414261405 0.00015006895551186765 0.074033156868981 0.7388001695725988
0.015673828125 1143.575670172192 3.7919672754751654 0.27059298835465706 0.006940668172742568 0.00037945365183870706 1.8615295907625707e-06 3.287090804384363e-08 0.0004298486960386638 6.578894057434416e-05 0.00314626326821801 0.012063517742444897 0.005375828778305082 0.0002419427012398133 0.15592023803242724 0.0006510269345106712 0.0008863366492008501 0.0001510635054970837 0.00014746913108091206 0.0747907412711485 0.7388079181241546
0.015675146484375 1150.0761570125403 3.813482793537271 0.26906631348980115 0.006799822244234076 0.00038412587179662905 1.9357284326235774e-06 3.46782144300431e-08 0.00043429350791344577 6.75946520530254e-05 0.0032131800481434054 0.012258367690618633 0.005332997654164917 0.00024596512392977026 0.15502698044305652 0.0006706131582936385 0.000904892771272001 0.00014956553362773656 0.00014489834836341878 0.07554783151793372 0.7388169010278727
0.01567646484375 1156.5381421884697 3.834877661185984 0.2675651865505682 0.006659316501947079 0.0003885303735803314 2.0108474999111765e-06 3.6549482833536774e-08 0.0004384909920051397 6.938008529162424e-05 0.003280968308230919 0.012453139342035189 0.005290268137054191 0.00025000796601256416 0.15413146107195289 0.0006906386993668767 0.0009239277227063618 0.00014807087349799156 0.00014235674320097472 0.07630428836983119 0.738827107416096
0.015677124023437503 1159.7542091869057 3.8455282131260176 0.2668241396098145 0.006589218723968806 0.0003906281529491727 2.0487020892568744e-06 3.750890417274028e-08 0.00044049367903296904 7.026383021959472e-05 0.0033151894854705818 0.012550456534396022 0.005268941662056798 0.00025203674729324294 0.1536829149201903 0.0007008183486838898 0.0009336260741819253 0.00014732461914943208 0.00014109689880399952 0.0766822359763571 0.7388326681360446
0.015677783203125 1162.9601488236226 3.856146909088427 0.2660893843010859 0.0065192361110869585 0.00039265464750545825 2.086735356951227e-06 3.8484112259293334e-08 0.0004424308438737402 7.114106702435054e-05 0.0033496284524364367 0.012647711018246088 0.005247640887786162 0.0002540703272003624 0.1532338786065652 0.0007111099916079998 0.0009434455062088387 0.00014657906178573734 0.00013984444098497862 0.07705997169958863 0.7388385321184214
0.015678442382812498 1166.1558104939313 3.866733238109661 0.2653608856957272 0.0064493785313191965 0.0003946086044864304 2.12492873758831e-06 3.9474991487963936e-08 0.0004443014497023274 7.201132814327704e-05 0.003384284625208918 0.0127448882775096 0.005226365911628362 0.0002561085978274312 0.15278437868168873 0.0007215141899177896 0.0009533862963462359 0.00014583416555999178 0.00013859938698074445 0.07743747778455189 0.7388446977651915
0.0156791015625 1169.3410446214566 3.877286692210007 0.2646386089724633 0.006379655828096296 0.00039648881662032184 2.1632631836458297e-06 4.048140956455684e-08 0.0004461044913498228 7.28741481782477e-05 0.003419157392012666 0.012841973722571098 0.005205116837323459 0.0002581514491809372 0.15233444186713235 0.0007320314908356023 0.0009634487053371224 0.0001450898991606324 0.00013736175401170766 0.07781473642524041 0.7388511634281473
0.0156797607421875 1172.5157027154255 3.8878067665653 0.2639225194107081 0.00631007781505235 0.0003982941234311316 2.2017191795423923e-06 4.150321721671335e-08 0.0004478389961862157 7.372906427388604e-05 0.0034542461133836035 0.012938952696448984 0.00518389377510395 0.00026019876918119536 0.15188409504771028 0.0007426624262752275 0.0009736329768009269 0.00014434623572532652 0.00013613155928023644 0.07819172976914676 0.7388579274093942
0.015680419921875 1175.6796374275668 3.8982929597054703 0.2632125823841239 0.006240654270830258 0.00040002341248816456 2.240276756848342e-06 4.254024791882259e-08 0.0004495040249732299 7.457561649686755e-05 0.003489550122356898 0.013035810481070137 0.005162696841829527 0.0002622504436648566 0.15143336526365378 0.0007534075120849965 0.0009839393369258044 0.00014360315275087904 0.00013490881996876413 0.07856843992183267 0.7388649879618592
0.015681079101562502 1178.8327026088884 3.908744773708167 0.2625087633543579 0.006171394933905507 0.00040167562060151906 2.278915510615205e-06 4.35923176326099e-08 0.00045109867268950543 7.541334821556844e-05 0.003525068724663668 0.013132532303640166 0.005141526161119536 0.00026430635638894663 0.15098227970272596 0.0007642672472818955 0.0009943679941556156 0.00014286063199961274 0.00013369355323736051 0.07894484895152791 0.7388723432898094
0.01568173828125 1181.9747533662965 3.919161714392021 0.26181102786495525 0.006102309497432619 0.00040324973496121515 2.3176146167983753e-06 4.465922456543242e-08 0.00045262206932689033 7.624180647916099e-05 0.0035608011989385203 0.013229103343106664 0.005120381863482429 0.0002663663890364983 0.1505308656922674 0.0007752421132783386 0.0010049191388729728 0.00014211865940260456 0.00013248577622076914 0.07932093889376174 0.738879991549381
0.015682397460937497 1185.1056461190828 3.9295432915096287 0.26111934153543254 0.006033407604117787 0.0004047447942181976 2.356352850744852e-06 4.5740748947994184e-08 0.00045407338065707855 7.706054239536965e-05 0.0035967467969385035 0.013325508736713019 0.005099264086441553 0.00026843042122383224 0.15007915069116867 0.0007863325731026072 0.00101559294307907 0.0001413772249601204 0.00013128550602486784 0.07969669175603236 0.7388879308491173
0.015683056640625 1188.2252386550974 3.9398890189396285 0.26043367005554463 0.005964698841126003 0.0004061598895054327 2.395108606713336e-06 4.683665283293878e-08 0.00045545180896775113 7.786911150610593e-05 0.00363290474377163 0.013421733586633502 0.005078172974658092 0.0002704983305093995 0.1496271622817948 0.0007975390706132401 0.0010263895600703037 0.00014063632263961067 0.0001300927597225947 0.08007208952249383 0.7388961592505179
0.0156837158203125 1191.3333901866472 3.9501984148780203 0.2597539791797237 0.005896192735025765 0.0004074941653975302 2.433859918394875e-06 4.794667991570775e-08 0.0004567565937675243 7.866707416031523e-05 0.0036692742381356927 0.01351776296668739 0.0050571086800504355 0.00027256999240424717 0.1491749281618545 0.0008088620297084874 0.0010373091241124826 0.00013989595027154788 0.00012890755434929245 0.0804471141586678 0.7389046747685981
0.015684375 1194.4299614061672 3.960471002028876 0.2590802347216728 0.0058278987467745 0.0004087468208074037 2.4725844804002657e-06 4.907055537893474e-08 0.0004579870124590199 7.945399588341569e-05 0.0037058544525681624 0.013613581929129608 0.005036071361909185 0.00027464528038416956 0.14872247613620712 0.0008203018535319789 0.0010483517501134612 0.00013915610944336359 0.0001277299068974269 0.08082174761618756 0.738913475372457
0.0156850341796875 1197.5148145414762 3.9707063077937974 0.25841240254914444 0.0057598262667528394 0.0004099171098184773 2.5112596706755274e-06 5.0207985761462424e-08 0.00045914238097929895 8.02294477426924e-05 0.003742644533705258 0.013709175511508142 0.00501506118700864 0.0002767240659034508 0.14826983410863281 0.0008318589236749656 0.0010595175332942571 0.00013841680539177978 0.0001265598343107238 0.0811959718375535 0.7389225589858556
0.015685693359375003 1200.5878134106595 3.980903864460267 0.2577504485788862 0.005691984609850738 0.0004110043424511588 2.5498625738075722e-06 5.135865885306082e-08 0.000460222054407031 8.09930067081093e-05 0.003779643602550929 0.01380452874358543 0.004994078329714011 0.0002788062184102571 0.14781703007355892 0.000843533599376328 0.0010708065488595061 0.0001376780468937542 0.00012539735347768163 0.08156976876090767 0.7389319234878043
0.015686352539062504 1203.648823476524 3.9910632093887273 0.2570943387717552 0.00562438301061059 0.0004120078853623536 2.588370005178943e-06 5.252224361581376e-08 0.0004612254275357572 8.174425600801002e-05 0.0038168507547553638 0.013899626654317722 0.004973122972084294 0.000280891605363669 0.14736409210774948 0.0008553262167212263 0.0010822188516677947 0.00013693984615627147 0.00012424248122445706 0.08194312032482266 0.7389415667131598
0.01568701171875 1206.6977119005708 4.001183885198149 0.25644403912800395 0.0055570306184323645 0.0004129271624769062 2.6267585359284244e-06 5.369839013306909e-08 0.00046215193541262534 8.248278547920933e-05 0.003854265060902612 0.013994454278886282 0.004952195303970709 0.0002829800922523409 0.14691104836196495 0.0008672370878392785 0.0010937544759024118 0.00013620221870519635 0.00012309523430712095 0.08231600847310021 0.7389514864532296
0.0156876708984375 1209.7343475965233 4.011265439950269 0.25579951568272014 0.005489936492843657 0.00041376165554999413 2.665004518673601e-06 5.488672958681879e-08 0.0004630010538420424 8.320819191103029e-05 0.00389188556680808 0.014088996665777185 0.004931295523109987 0.0002850715426148425 0.146457927052585 0.0008792665001035632 0.0011054134347434409 0.0001354651832733726 0.00012195562940324826 0.08268841515958636 0.7389616804563875
0.015688330078125 1212.7586012832298 4.021307427331859 0.2551607345014497 0.005423109598842383 0.00041451090465953976 2.7030841139465723e-06 5.6086874264226784e-08 0.0004637722998536398 8.392007938280968e-05 0.0039297112938239225 0.014183238883899291 0.004910423835213344 0.0002871658180615776 0.14600475645321992 0.0008914147153308773 0.001117195720041273 0.00013472876168819372 0.0001208236831028913 0.08306032235298363 0.7389721464286957
0.0156889892578125 1215.770345536979 4.031309406835145 0.2545276616759852 0.005356558802314782 0.0004151745086279008 2.740973317295044e-06 5.729841759404602e-08 0.00046446523213405667 8.461805959447575e-05 0.00396774123915307 0.014277166029737023 0.004889580454050362 0.0002892627782983289 0.14555156488630455 0.0009036819689845719 0.0011291013019924686 0.00013399297875881064 0.00011969941189890209 0.08343171204166645 0.7389828820345362
0.015689648437500002 1218.7694548432682 4.041270943936531 0.2539002633203026 0.005290292865531404 0.00041575212537219285 2.778647986999087e-06 5.852093421360978e-08 0.0004650794514220593 8.530175218981753e-05 0.004005974376172669 0.014370763234534198 0.004868765601527097 0.00029136228115147724 0.14509838071466621 0.0009160684693813319 0.0011411301288189242 0.00013325786216313184 0.00011858283217657305 0.08380256623850744 0.7389938848972508
0.015690307617187503 1221.7558056478426 4.051191610272991 0.25327850556667475 0.005224320442728486 0.0004162434721826704 2.8160838723493426e-06 5.975398006693388e-08 0.00046561460086648763 8.597078507203232e-05 0.00404440965476491 0.014464015671498354 0.004847979507759237 0.0002934641825947851 0.14464523233309373 0.000928574396902378 0.0011532821264504376 0.00013252344233482052 0.00011747396020264938 0.08417286698569428 0.7390051525997885
0.015690966796875 1224.7292764070273 4.06107098381622 0.25266235456194863 0.005158650075777537 0.00041664832592876275 2.853256642433352e-06 6.099709253448933e-08 0.00046607036634661425 8.662479471120406e-05 0.00408304600165581 0.014556908563021297 0.004827222411139692 0.00029556833677777837 0.14419214815990236 0.0009411999032104161 0.0011655571982115607 0.00013178975235043555 0.00011637281211369167 0.08454259635954199 0.7390166826853617
0.015691625976562498 1227.6897476373756 4.070908649044595 0.25205177646397164 0.00509329018994577 0.000416966523192469 2.890141915375122e-06 6.2249790595148e-08 0.0004664464767545138 8.726342644337639e-05 0.0041218823207625046 0.014649427187911417 0.004806494558400023 0.00029767459605575466 0.14373915662848974 0.0009539451104736852 0.001177955224513661 0.0001310568278168591 0.00011527940390376829 0.08491173647530606 0.7390284726581098
0.01569228515625 1230.637101964453 4.080704197112379 0.2514467374381957 0.005028249089754522 0.0004171979603289117 2.9267152879689895e-06 6.35115750206608e-08 0.000466742704239047 8.788633476085318e-05 0.004160917493547019 0.014741556888627055 0.004785796204666565 0.0002997828110213064 0.1432862861789091 0.0009668101105976144 0.0011904760625522663 0.0001303247067591983 0.00011419375141153652 0.08528026949197594 0.7390405199837711
0.0156929443359375 1233.5712241707959 4.090457226016233 0.250847203654443 0.004963534954937695 0.0004173425934540036 2.9629523656503097e-06 6.478192860306068e-08 0.00046695886441113177 8.849318359341991e-05 0.0042001503793772455 0.014833283078506877 0.004765127613510523 0.0003018928305373946 0.14283356524945257 0.0009797949644655185 0.0012031195460106673 0.00012959342950929147 0.00011311587030668957 0.08564817761705622 0.739052822090361
0.015693603515625 1236.4920012430823 4.10016734075923 0.2502531412838153 0.004899155836502301 0.00041740043835929006 2.9988287927441665e-06 6.606031641532723e-08 0.0004670948165100006 8.908364658018584e-05 0.004239579815895926 0.014924591248993167 0.004744489056991363 0.00030400450177201047 0.14238102226823682 0.0009928997011898 0.001215885484770765 0.00012886303859494495 0.00011204577607575064 0.08601544311134235 0.7390653763688603
0.015694262695312503 1239.3993224183369 4.10983415351171 0.2496645164957761 0.004835119652897738 0.00041737157035413684 3.034320282929584e-06 6.73461861055016e-08 0.00046715046353015214 8.965740733171043e-05 0.004279204619395572 0.0150154669768372 0.004723880815694368 0.0003061176702343047 0.14192868564481811 0.0010061243173741844 0.0012287736646312386 0.00012813357863007978 0.00011098348400727708 0.08638204829367079 0.7390781801739078
0.015694921875 1242.2930792291909 4.119457283769089 0.2490812954553912 0.00477143418629589 0.00041725612403557095 3.0694026498582404e-06 6.863896822447231e-08 0.0004671257523087684 9.021415968212692e-05 0.00431902358519985 0.01510589593128198 0.004703303178761752 0.0003082321798122063 0.14147658376183067 0.0010194687763883845 0.0012417838470339324 0.00012740509620591357 0.00010992900917646392 0.08674797554564859 0.739091230824503
0.015695581054687498 1245.173165548222 4.1290363585066725 0.2485034443207163 0.004708107078984053 0.0004170542929861931 3.1040518378658758e-06 6.993807658760323e-08 0.0004670206735733957 9.075360793097987e-05 0.0043590354880520535 0.015195863881217814 0.004682756443916822 0.00031034787281155045 0.14102474496664427 0.0010329330076566214 0.0012549157687994014 0.00012667763978330406 0.00010888236642914005 0.08711320731636789 0.7391045256047148
0.015696240234375 1248.0394776311978 4.138571012330886 0.24793092924035665 0.0046451458298768485 0.00041676632940070154 3.138243952711488e-06 7.124290867024057e-08 0.0004668352619497224 9.127546707445809e-05 0.004399239082508519 0.015285356702299715 0.004662240917482011 0.00031246458999659 0.14057319756306652 0.0010465169059605164 0.0012681691418716323 0.00012595125958642886 0.0001078435703652236 0.08747772612708468 0.7391180617643974
0.0156968994140625 1250.8919141592612 4.148060887627079 0.24736371635118393 0.0045825577911484845 0.00041639254364169 3.1719552922816e-06 7.255284603718813e-08 0.00046656959592933535 9.177946302575044e-05 0.004439633103337765 0.015374360384022592 0.004641756914390159 0.00031458217063191847 0.1401219698030829 0.0010602203307578343 0.0012815436530729187 0.0001252260074979243 0.00010681263532162692 0.08784151457586947 0.7391318365199132
0.01569755859375 1253.7303762800948 4.157505634703959 0.24680177177619464 0.004520350164986575 0.00041593330372547603 3.2051623771964414e-06 7.386725480620694e-08 0.00046622379779736163 9.226533282424872e-05 0.004480216265926174 0.015462861036749966 0.004621304758188388 0.0003167004525258308 0.1396710898786267 0.0010740431055185839 0.0012950389638698718 0.0001245019369556073 0.00010578957535460433 0.08820455534223644 0.7391458470548635
0.015698217773437502 1256.5547676478936 4.166904911934168 0.24624506162253565 0.004458530000473255 0.0004153890347388575 3.2378419812522276e-06 7.518548614547211e-08 0.00046579803351995847 9.273282483328305e-05 0.004520987266688062 0.01555084489868543 0.004600884781035448 0.0003188192720749914 0.13922058591340483 0.0010879850170789707 0.001308654710150556 0.0001237791028509613 0.0001047744042216141 0.08856683119173137 0.7391600905208259
0.015698876953125 1259.3649944621702 4.176258385890976 0.24569355197968526 0.0043971041905947784 0.0004147602181877901 3.2699711616361136e-06 7.650687680499172e-08 0.00046529251259165246 9.318169892610898e-05 0.004561944783480725 0.015638298342782346 0.004580497323692033 0.000320938464310419 0.13877048595477467 0.0011020458150146045 0.0013223905020136341 0.0001230575614295225 0.00010376713536269642 0.08892832498048356 0.7391745640380973
0.015699536132812497 1262.1609655054128 4.185565731481278 0.24514720891777647 0.004336079469380748 0.0004140473912790735 3.3015272888504985e-06 7.78307496819898e-08 0.00046470748784255733 9.36117266598571e-05 0.004603087476025055 0.015725207883587135 0.004560142735503546 0.00032305786294480347 0.13832081796566606 0.0011162252110343857 0.0013362459235704074 0.00012233737019330727 0.00010276778188137148 0.08928901965972648 0.7391892646964465
0.015700195312499998 1264.942592179432 4.194826632074219 0.24460599848608922 0.0042754624091781105 0.0004132511461362819 3.3324880762815154e-06 7.915641442017451e-08 0.00046404325520558304 9.40226914371176e-05 0.004644413986329567 0.015811560184005622 0.0045398213743762066 0.00032517730042101354 0.13787160981657487 0.001130522878395505 0.0013502205327596789 0.00012161858780547999 0.00010177635652513288 0.08964889828026777 0.7392041895558706
0.0157008544921875 1267.7097885404362 4.204040779625678 0.24406988671169358 0.0042152594180603535 0.00041237212895124155 3.362831609349514e-06 8.04831680429393e-08 0.00046330015344376663 9.441438865485631e-05 0.0046859229391186235 0.0158973420619886 0.004519533606745931 0.0003272966079618191 0.13742288927762025 0.0011449384513410113 0.0013643138611763594 0.00012090127399741704 0.00010079287166553751 0.09000794399691556 0.7392193356473601
0.015701513671875 1270.462471332872 4.213207874798673 0.24353883959823286 0.004155476737372218 0.0004114110390724363 3.3925363741799536e-06 8.181029562059431e-08 0.0004624785638378874 9.478662584034143e-05 0.004727612942265707 0.015982540497132557 0.004499279807539361 0.00032941561562084223 0.13697468401065718 0.0011594715245614009 0.0013785254139147267 0.00012018548947833375 9.981733927789679e-05 0.09036614007286806 0.7392346999736695
0.0157021728515625 1273.20056002187 4.222327627079173 0.24301282312486752 0.004096120439414549 0.0004103686280318823 3.4215812857317414e-06 8.313707097170344e-08 0.00046157890983463247 9.513922277371271e-05 0.00476948258722954 0.016067142637185415 0.0044790603601279864 0.0003315341523345978 0.1365270215614708 0.0011741216526806022 0.0013928546694262091 0.00011947129584770967 9.88497709206473e-05 0.09072346988404677 0.7392502795100959
0.01570283203125 1275.9239768243217 4.231399754887386 0.24249180324537026 0.004037196425269528 0.00040924569851205265 3.449945715323316e-06 8.446275739879816e-08 0.00046060165665559274 9.547201159683163e-05 0.0048115304494936485 0.016151135804453168 0.004458875656274898 0.0003336520459756299 0.1360799293520464 0.0011888883497676805 0.0014073010793924767 0.00011875875551071557 9.789017771441262e-05 0.09107991692337898 0.7392660712052623
0.015703491210937497 1278.6326467386123 4.24042398568462 0.24197574588735982 0.003978710422766454 0.0004080431032545065 3.477609517497894e-06 8.578660845888066e-08 0.0004595473108674062 9.57848369080215e-05 0.00485375508901002 0.016234507502103285 0.00443872609607371 0.0003357691234067426 0.13563343467290945 0.0012037710888755748 0.001421864068614617 0.00011804793159686671 9.693857032077078e-05 0.09143546480503395 0.7392820719819092
0.015704150390624998 1281.3264975728557 4.249400056075201 0.24146461695169624 0.003920667984592077 0.00040676174391203414 3.504553056168813e-06 8.710786876922045e-08 0.0004584164199134939 9.60775558422497e-05 0.004896155050644625 0.016317245420355207 0.004418612087880603 0.0003378852105361865 0.1351875646755612 0.001218769301607145 0.0014365430349181734 0.0001173388878822008 9.599495892080732e-05 0.09179009726859401 0.7392982787376909
0.0157048095703125 1284.0054599716734 4.258327711903553 0.24095838231202402 0.0038630744865449183 0.0004054025698461341 3.5307572299896677e-06 8.842577484927913e-08 0.0004572095716078239 9.635003813629043e-05 0.004938728864625621 0.016399337442554604 0.004398534048238936 0.00034000013237380904 0.13474234636500154 0.0012338823777098393 0.0014513373490748118 0.00011663168871525543 9.505935319346514e-05 0.09214379818316779 0.7393146883459797
0.01570546875 1286.6694674415598 4.267206708346634 0.24045700781444787 0.0038059351259329428 0.0004039665768716937 3.556203496895586e-06 8.973955599988786e-08 0.00045592739359118705 9.66021661783552e-05 0.004981475046995153 0.016480771651128268 0.004378492401795929 0.00034211371308818286 0.13429780659233104 0.001249109664700292 0.0014662463547413997 0.00011592639894715595 9.41317622937038e-05 0.09249655155145206 0.7393312976566745
0.0157061279296875 1289.3184563746859 4.2760368100011705 0.23996045927736492 0.0037492549201180053 0.0004024548059509044 3.58087389776197e-06 9.104843522106133e-08 0.00045457055275061373 9.683383504159742e-05 0.005024392100062476 0.01656153633341036 0.004358487581212344 0.00034422577606456366 0.13385397204745678 0.0012644504675190043 0.001481269368416142 0.000115223083866216 9.321219483055073e-05 0.09284834151372386 0.7393481034970177
0.015706787109375002 1291.9523660711818 4.28481779096619 0.23946870249142038 0.0036930387052063083 0.0004008683418384483 3.604751079131465e-06 9.235163017037464e-08 0.00045313975460258276 9.704495250085936e-05 0.0050674785128596534 0.0166416199873386 0.004338520027065001 0.0003463361439637152 0.13341086925190396 0.0012799040482164117 0.0014964056794125574 0.0001145218091374577 9.230065884506579e-05 0.09319915235177602 0.7393651026724702
0.01570810546875 1297.174844495827 4.302231949505175 0.2384994042296814 0.003582014173857396 0.0003974749360173492 3.650075983097521e-06 9.493858092361939e-08 0.000450058759798304 9.740532183230194e-05 0.005154151332891951 0.016799707004863412 0.004298698101171748 0.00035055126475642777 0.13252696114095702 0.0013111464734390352 0.0015270152485876692 0.00011312561367708972 9.050173954141825e-05 0.09389777808606735 0.739399665787823
0.015709423828125 1302.3366141714491 4.319448036666169 0.23754881366900052 0.0034728901213614423 0.00039379812766132086 3.692051864663402e-06 9.74934634717258e-08 0.00044669307915425977 9.768320329729745e-05 0.00524147879964035 0.016954952274006667 0.004259030504578939 0.00035475747062001115 0.13164627757719763 0.0013428285986809667 0.0015580672741859667 0.00011173832724294056 8.873485913609242e-05 0.09459231854679687 0.739434961690956
0.0157107421875 1307.4373001925098 4.336464609234703 0.2366166564878483 0.003365698329438767 0.0003898480058965015 3.730565543746151e-06 1.0000995901703844e-07 0.0004430496997296124 9.787835160805913e-05 0.005329448370307331 0.017107272531211786 0.004219521034741697 0.00035895332395235156 0.13076902280675937 0.0013749429466546083 0.0015895550709604906 0.0001103604723105364 8.70000565609768e-05 0.09528265404388583 0.7394709643803234
0.015712060546875 1312.476575559813 4.35328038138786 0.2357026579776454 0.0032604675990471664 0.0003856352326347754 3.7655154714040585e-06 1.0248173171941202e-07 0.0004391361688163803 9.799073280820874e-05 0.005418047332354605 0.017256588334459623 0.004180173602602445 0.00036313738164210277 0.1298953977506249 0.0014074813342032763 0.0016214715043506172 0.00010899256578740308 8.529735941929352e-05 0.09596866751991442 0.7395076475839751
0.01571337890625 1317.4541614939646 4.369894225998176 0.23480654307616214 0.003157223741923025 0.00038117099218430716 3.7968122278388208e-06 1.0490246301653023e-07 0.00043496056720702844 9.802052268285301e-05 0.005507262817956255 0.01740282420454425 0.004140992227720117 0.00036730819708282613 0.12902559980310438 0.0014404348708571746 0.0016538089935668001 0.00010763511734760456 8.362678329897412e-05 0.0966502446589129 0.7395449847867633
0.015714697265625 1322.369827638602 4.38630517557141 0.2339280364097105 0.0030559895810561 0.0003764669393790339 3.82437894049218e-06 1.0726588518515878e-07 0.00043053148058095334 9.79681044569473e-05 0.0055970818184114405 0.017545908754768517 0.004101981032956339 0.00037146432221007834 0.12815982263854236 0.0014737939598633374 0.001686559515901819 0.00010628862779161405 8.198833110307325e-05 0.09732727399011631 0.7395829492578784
0.015716015625 1327.2233921522293 4.402512422813968 0.23306686234388516 0.002956784959926757 0.00037153514656215 3.8481516197172326e-06 1.0956581427787766e-07 0.00042585796914058004 9.783406576812827e-05 0.005687491198485856 0.017685774808608685 0.004063144238732203 0.00037560430955459136 0.12729825602655592 0.001507548301746701 0.0017197146122812695 0.0001049535874553548 8.038199240236452e-05 0.0979996469864959 0.7396215140786908
0.015717333984374998 1332.0147216879432 4.4185153208274 0.23222274504259113 0.002859626760295263 0.0003663880497604936 3.868079410254739e-06 1.1179618244032039e-07 0.00042094953563787563 9.761919490932642e-05 0.005778477710651673 0.017822359504950112 0.004024486156871442 0.00037972671430463653 0.12644108565608114 0.0015416869004451586 0.0017532653940610632 0.00010363047468638904 7.880774281514302e-05 0.09866725815789637 0.7396606521708816
0.01571865234375 1336.7437312604657 4.434313382927695 0.2313954085351284 0.0027645289283022806 0.0003610383943860998 3.884124757515868e-06 1.1395106952880134e-07 0.0004158160919420025 9.732447634445698e-05 0.00587002800918971 0.01795560439054288 0.003986011184050818 0.00038383009637036534 0.12558849296853877 0.0015761980720438618 0.0017872025510716138 0.00010231975440074083 7.726554341919563e-05 0.09933000513857919 0.7397003363248307
0.015719970703125 1341.4103840007456 4.449906282089934 0.23058457679101757 0.0026715025085970495 0.00035549918079697354 3.8962634884578924e-06 1.1602473389377064e-07 0.0004104679243074241 9.695108550758814e-05 0.005962128664124558 0.018085455499396504 0.0039477237948776405 0.00038791302244325 0.12474065500033832 0.0016110694561206058 0.0018215163609043938 0.00010102187673013704 7.575534020055358e-05 0.09998778876903665 0.7397405392282348
0.015721289062499998 1346.014690798877 4.465293850020555 0.22978997380222374 0.0025805556861771962 0.0003497836100424358 3.904484807620092e-06 1.1801164216099146e-07 0.00040491565750980343 9.650038290239192e-05 0.006054766174964173 0.018211863418894157 0.003909628534616439 0.00039197406804382325 0.12389774423491154 0.0016462880296979254 0.0018561966994299812 9.973727576661325e-05 7.427706354337547e-05 0.1006405131719623 0.7397812334949261
0.015722607421875 1350.5567098362492 4.480476075859874 0.22901132367247146 0.002491693835600443 0.00034390503010946417 3.9087912096548974e-06 1.1990649782360337e-07 0.0003991702180245556 9.597390752458812e-05 0.006147926984209756 0.01833478334246147 0.003871730011591262 0.000396011819550747 0.12305992846449659 0.0016818401237784666 0.0018912330525273915 9.846636840928114e-05 7.283062776510134e-05 0.10128808582223299 0.7398223916938476
0.01572392578125 1355.0365460086957 4.49545310452045 0.2282483507132532 0.0024049195771940414 0.00033787688297424627 3.909198310435794e-06 1.2170426845066878e-07 0.0003932427964286453 9.537336963549843e-05 0.006241597490609079 0.018454175108699605 0.003834032889289013 0.0004000248762046823 0.12222737066180253 0.0017177114424259219 0.0019266145289998783 9.720955331618036e-05 7.14159307005547e-05 0.10193041761082641 0.7398639863781512
0.015725244140624997 1359.4543502428892 4.510225234668402 0.2275007795461153 0.0023202328398635 0.000331712652748977 3.9057345995343655e-06 1.2340021131814272e-07 0.0003871448092111158 9.470064291983412e-05 0.006335764062127686 0.01857000322695708 0.0037965418781908565 0.0004040118520806269 0.1214002288616548 0.0017538870843371694 0.0019623298746454794 9.596720996272613e-05 7.003285333829108e-05 0.10256742290261615 0.7399059901143703
0.0157265625 1363.81031870841 4.524792916355378 0.22676833521083273 0.002237630930086717 0.000325425815198074 3.8984411175275116e-06 1.2498989727460293e-07 0.0003808878601819384 9.39577560655239e-05 0.006430413048606813 0.018682236889372202 0.0037592617273627224 0.00040797137802232403 0.12057865605275056 0.001790351566832217 0.001998367487441138 9.47396978072217e-05 6.868125951217999e-05 0.10319901958796039 0.7399483755116198
0.015727880859375 1368.104691928736 4.539156748311574 0.22605074327900282 0.002157108606654392 0.00031902978887937477 3.887371062213983e-06 1.264692326655469e-07 0.0003744837016707139 9.314688380762502e-05 0.006525530794085101 0.018790849969492082 0.0037221972158343873 0.0004119021035328993 0.11976280007956089 0.0018270888521750052 0.00203471543379507 9.352735556290182e-05 6.736099565066488e-05 0.10382512912806831 0.7399911152507694
0.01572919921875 1372.3377537947727 4.553317474911447 0.2253477299725829 0.0020786581607040505 0.0003125378881461271 3.8725893283782005e-06 1.2783447915512537e-07 0.0003679441957078126 9.22703374822565e-05 0.0066211036487608625 0.018895821007636208 0.003685353143798338 0.00041580269861609277 0.11895280355440226 0.0018640823761218966 0.0020713614658149603 9.233050057526648e-05 6.60718905857248e-05 0.1044456765941351 0.7400341821135384
0.015730517578125 1376.5098304849162 4.567275982824936 0.22465902228688941 0.0020022695005842213 0.00030596327822444795 3.854171986234295e-06 1.290822713022574e-07 0.00036128127538019675 9.133055514000937e-05 0.006717117980571582 0.018997133183232963 0.003648734323661183 0.0004196718555626872 0.11814880377968606 0.0019013150785790972 0.0021082930395327176 9.114942830288984e-05 6.48137554231237e-05 0.10506059070024487 0.7400775490114484
0.0157318359375 1380.6212892960662 4.581033297368475 0.22398434811755594 0.001927930241076012 0.0002993189325585326 3.832205704109179e-06 1.3020963176853481e-07 0.0003545069065522504 9.033009127138388e-05 0.0068135601863688194 0.019094774274418892 0.0036123455709810284 0.0004235082906770719 0.11735093268032472 0.0019387694362361328 0.002145497334020738 8.998441189940166e-05 6.358638347506284e-05 0.10566980383005978 0.7401211890145755
0.015733154296875 1384.6725373904872 4.594590578571565 0.22332343639092042 0.0018556257964918294 0.0002926175925924988 3.8067871212757896e-06 1.3121398405760853e-07 0.0003476330501384418 8.927160619944467e-05 0.006910416702670324 0.01918873660525112 0.003576191695323988 0.0004273107459393034 0.11655931674622992 0.0019764274970301278 0.0021829612713299236 8.883570189391491e-05 6.238955025585849e-05 0.10627325205734443 0.7401650753800337
0.015734472656249998 1388.664020463846 4.607949116976194 0.2226760171972843 0.0017853394771668904 0.0002858717301337289 3.778022177124e-06 1.320931627093153e-07 0.0003406716251096491 8.815785519705483e-05 0.007007674015974837 0.019279016980940162 0.0035402774910726882 0.00043107799059846126 0.11577407698479703 0.0020142709162843625 0.0022206715371755857 8.770352596681979e-05 6.122301354078392e-05 0.10687087516040332 0.7402091815801282
0.015735791015625 1392.5962213397952 4.621110329186447 0.2220418219265276 0.001717052588864566 0.00027909351241883415 3.7460254030590883e-06 1.328454208961432e-07 0.00033363447240922954 8.69916773878477e-05 0.00710531867261988 0.0193656166115563 0.0035046077282223395 0.0004348088226931991 0.11499532888330122 0.0020522809943511002 0.002258614602290278 8.658808881767177e-05 6.008651348784913e-05 0.10746261663048216 0.740253481330102
0.015737109375 1396.4696584970575 4.634075753187612 0.22142058340550502 0.001650744534614122 0.000272294769978585 3.7109191836403664e-06 1.3346943539457262e-07 0.00032653331994678846 8.57759844912477e-05 0.0072033372881718 0.019448541024718543 0.0034691871431972426 0.00043850207049605665 0.11422318238104863 0.0020904387155819605 0.002296776744361473 8.548957212158257e-05 5.897977282176198e-05 0.10804842367424505 0.7402979486154136
0.015738427734374998 1400.2848845352225 4.646847043454952 0.22081203603664623 0.0015863929185054267 0.0002654869673739947 3.6728329935206885e-06 1.339643089286976e-07 0.00031937974882865615 8.451374947255468e-05 0.0073017165563394205 0.01952779996781964 0.00343402042972038 0.000442156593878494 0.11345774185110234 0.002128724788441184 0.00233514407046891 8.440813457032772e-05 5.790249707889773e-05 0.10862824721045342 0.7403425577184706
0.01573974609375 1404.0424845854027 4.659425965872057 0.2202159159372257 0.0015239736509782007 0.00025868117685250164 3.6319026167257942e-06 1.34329569908043e-07 0.00031218516097443824 8.320799515938731e-05 0.0074004432573980105 0.019603407300375728 0.003399112229770694 0.0004457712855937471 0.11269910609143426 0.002167119686567995 0.0023737025399311836 8.334391199429496e-05 5.685437491178259e-05 0.10920204186094812 0.7403872832447488
0.015741064453125 1407.7430746723614 4.671814392480315 0.21963196107872363 0.0014634610551491213 0.00025188805494961167 3.5882693547163307e-06 1.3456516960544e-07 0.00030496074825724757 8.186178288537543e-05 0.00749950426611931 0.019675380877131932 0.003364467124659535 0.0004493450724752816 0.11194736832527687 0.002205603690592081 0.0024124379874719605 8.229701756117448e-05 5.583507845113878e-05 0.10976976593609196 0.7404321001482279
0.015742382812499997 1411.3873000348472 4.684014296081352 0.21905991142570275 0.00140482797373342 0.000245117822039108 3.542079229515272e-06 1.3467147684367664e-07 0.00029771746329298185 8.047820122114062e-05 0.007598886559205748 0.019743742422586537 0.0033300896262568407 0.00045287691654901274 0.11120261621042833 0.002244156930502914 0.002451336146615001 8.126754204717524e-05 5.484426372319715e-05 0.11033138141484233 0.7404769837560738
0.015743701171875 1414.9758334106943 4.696027744713837 0.21849950907368013 0.001348045876137 0.00023838024481419382 3.4934821879664345e-06 1.3464927028122196e-07 0.0002904659919914182 7.906035485135362e-05 0.007698577222222122 0.019808517397618165 0.003295984168399167 0.00045636581605761067 0.11046493185729951 0.002282759428369225 0.0024903826732138447 8.025555417652704e-05 5.388157111973902e-05 0.11088685391959704 0.7405219097924979
0.015745019531249998 1418.5093732935698 4.7078568960270495 0.217950498385435 0.0012930849653074968 0.00023168462166141683 3.4426313129118817e-06 1.3449972840740147e-07 0.00028321672796758306 7.761135365472984e-05 0.00779856345602736 0.019869734858928383 0.003262155098507933 0.0004598108063958594 0.1097343918554178 0.002321391141207554 0.002529563169024818 7.926110102486927e-05 5.294662591796847e-05 0.1114361526860077 0.7405668544017293
0.015746337890624997 1421.9886421682393 4.719503991573634 0.21741262612521306 0.0012399142839516666 0.00022503977087053866 3.389682046751616e-06 1.3422441737565567e-07 0.0002759797488974697 7.613430204151543e-05 0.007898832582711108 0.01992742731202864 0.0032286066694449944 0.00046321096095641544 0.1090110673080889 0.0023600320038002784 0.0025688632052327655 7.828420848206863e-05 5.203903884707008e-05 0.11197925052796605 0.7406117941700376
0.01574765625 1425.4143847309308 4.730971351043035 0.21688564159034185 0.0011885018197505275 0.00021845402160675833 3.3347914324863744e-06 1.338252768198409e-07 0.0002687647948879152 7.46322886003815e-05 0.007999372051035075 0.019981630558508406 0.0031953430316336395 0.000466565391885442 0.10829502387495288 0.002398661971263805 0.0026082683458374845 7.73248817700317e-05 5.115840669815818e-05 0.11251612379793731 0.7406567061467432
0.015748974609375 1428.7873661015676 4.742261366457727 0.2163692967397491 0.0011388146092207458 0.00021193520755552172 3.278117376939154e-06 1.333046038127436e-07 0.0002615812489148767 7.310837610339893e-05 0.008100169441388392 0.020032383538333712 0.0031623682254689044 0.00046987325074821244 0.10758632182210395 0.0024372610611748833 0.00264776417081362 7.638310601097463e-05 5.030431297406906e-05 0.11304675234286585 0.7407015678641615
0.01575029296875 1432.1083700344416 4.753376496353785 0.21586334631891 0.001090818839894422 0.000205490663136233 3.219817940421595e-06 1.3266503513795366e-07 0.0002544381193693614 7.156559191428652e-05 0.008201212470266525 0.020079728167926376 0.0031296861740401473 0.00047313372910505474 0.10688501607944452 0.0024758093950682167 0.0026873362989586454 7.54588468416206e-05 4.947632857532284e-05 0.11357111945587366 0.7407463573564286
0.015751611328124998 1435.3781971336812 4.764319259966608 0.2153675479807831 0.001044479950513594 0.00019912722216893086 3.1600506566605453e-06 1.3190952805594272e-07 0.0002473440247353415 7.000691884132837e-05 0.008302488994283234 0.02012370917477079 0.0030973006761875867 0.0004763460589982774 0.10619115630494719 0.002514287239124978 0.0027269704103458337 7.455205106881754e-05 4.867401251848452e-05 0.11408921182396882 0.7407910531771598
0.0157529296875 1438.5976630796758 4.775092231442041 0.21488166240231998 0.000999762728959524 0.00019285121886732185 3.0989718863338455e-06 1.3104133975256696e-07 0.00024030718040914437 6.843528647226397e-05 0.008403987013726941 0.020164373929288996 0.0030652153999126196 0.00047950951335103305 0.1055047869554883 0.0025526750438802604 0.002766652268302732 7.366264736208962e-05 4.789691268307508e-05 0.1146010194719869 0.7408356344158995
0.015754248046875002 1441.767596872462 4.785698034092657 0.21440545339615244 0.0009566314076600898 0.00018666849102246465 3.0367362070884495e-06 1.3006400566323824e-07 0.00023333538765518648 6.68535630241009e-05 0.008505694675676573 0.02020177227471441 0.0030334338761591026 0.0004826234062794406 0.1048259473638944 0.0025909534827877998 0.00280636774084048 7.279054697865482e-05 4.714456658311908e-05 0.11510653570300274 0.7408800807133246
0.01575556640625 1444.8888390978093 4.796139334718078 0.21393868801709148 0.0009150497562432966 0.0001805843852341345 2.973495842437521e-06 1.2898131686874263e-07 0.0002264360246789493 6.526454773630933e-05 0.008607600276693531 0.02023595635567925 0.0030019594929807897 0.0004856870933195551 0.10415467182183705 0.002629103489490768 0.0028461028214637643 7.193564451649787e-05 4.641650215940419e-05 0.11560575703545257 0.7409243722751698
0.015756884765625 1447.962240221391 4.806418838007218 0.21348113666311538 0.0008749811712304508 0.00017460376404142297 2.909400131462182e-06 1.2779729675922758e-07 0.0002196160397849047 6.367096383127902e-05 0.00870969226510561 0.020266980446210437 0.002970795490108784 0.0004886999715709675 0.10349098966822154 0.0026671062936579736 0.0028858436492952087 7.10978186911797e-05 4.5712238588560074e-05 0.11609868313719794 0.7409684898848496
0.015758203125000002 1450.98865891612 4.816539281039144 0.21303257317055627 0.0008363887625868835 0.00016873101480010963 2.8445950407810576e-06 1.2651617716129e-07 0.00021288194657449286 6.207545206124365e-05 0.008811959242899963 0.020294900777806584 0.002939944953930733 0.0004916614797590483 0.1028349253827111 0.0027049434552568344 0.0029255765284530557 7.02769331321516e-05 4.503128710510557e-05 0.1165853167567628 0.7410124149147552
0.015759521484375004 1453.968960427458 4.826503427898651 0.21259277490321793 0.0007992354369713864 0.00016297006015174613 2.779222719801389e-06 1.2514237411947998e-07 0.00020623982112735157 6.048056485614962e-05 0.008914389967245298 0.02031977536824313 0.002909410812890824 0.0004945710982181352 0.10218649868401182 0.002742596897147965 0.0029652879466272996 6.947283719442967e-05 4.437315183266701e-05 0.11706566365198687 0.7410561293362133
0.015760839843750003 1456.9040149811556 4.8363140644213285 0.21216152283519563 0.0007634839775493937 0.00015732436992838724 2.7134210998363414e-06 1.2368046351807946e-07 0.00019969530109817938 5.888876108228788e-05 0.00901697335166441 0.020341663851723615 0.0028791958333175397 0.0004974283487981499 0.10154572463254388 0.0027800489358992607 0.0030049645928049537 6.868536678160678e-05 4.373733062066558e-05 0.11753973251633604 0.7410996157280998
0.015762158203125 1459.7946962374494 4.845973993081637 0.21173860162721125 0.000729097120258926 0.00015179697433738415 2.6473235372682543e-06 1.2213515672191346e-07 0.00019325358665193634 5.730240141696456e-05 0.00911969846687672 0.02036062731096285 0.0028493026156847807 0.0005002327946972396 0.10091261373713928 0.0028172823107299647 0.0030445933741001063 6.791434517633238e-05 4.312331588290054e-05 0.11800753490309775 0.7411428572841035
0.015763476562500003 1462.6418797953716 4.855486028036241 0.21132379969631218 0.0006960376264406418 0.00014639047827226227 2.581058500557311e-06 1.205112764063267e-07 0.00018691944315131585 5.572374434003732e-05 0.009222554541330925 0.02037672811175408 0.0028197335913099047 0.0005029840402231966 0.10028717206540752 0.002854280210508807 0.0030841614316502422 6.715958387453818e-05 4.2530595434586614e-05 0.11846908514768796 0.7411858378186468
0.015764794921875002 1465.446441750497 4.864852990333882 0.2109169092788115 0.000664268351764305 0.00014110707659837395 2.514749300542233e-06 1.1881373273648876e-07 0.00018069720550263608 5.41549427388354e-05 0.009325530961450166 0.020390029740537073 0.002790491019489726 0.0005056817304865948 0.099669401357402 0.002891026298744595 0.0031236561555469497 6.642088341983498e-05 4.195865332454231e-05 0.11892440028830002 0.74122854177147
0.01576611328125 1468.2092573091143 4.874077703301915 0.2105177264863724 0.0006337523114042469 0.0001359485702657483 2.448513863157261e-06 1.170475000450979e-07 0.00017459078405965682 5.2598041118879684e-05 0.009428617271614146 0.02040059664544652 0.0027615769850730825 0.0005083255510287407 0.09905929914221381 0.0029275047365218717 0.003163065198775775 6.5698034234668e-05 4.1406970659381834e-05 0.11937349998513082 0.7412709542108975
0.015767431640625003 1470.931199461208 4.883162988117727 0.21012605135520665 0.0006044527414384934 0.00013091638310669707 2.3824645434055025e-06 1.1521759414571189e-07 0.00016860367197988984 5.1054973409103325e-05 0.009531803173895105 0.020408494081280818 0.002732993396468907 0.0005109152273874269 0.0984568588571703 0.0029637002033448697 0.0032023764901429053 6.499081744505654e-05 4.0875026416782374e-05 0.11981640643837894 0.7413130608358044
0.01576875 1473.6131377144595 4.892111659572696 0.20974168788835929 0.0005763331564624867 0.00012601157918090035 2.316707979167895e-06 1.1332905040614815e-07 0.00016273895392324576 4.952756134659739e-05 0.009635078527571693 0.02041378795879308 0.002704741984084869 0.0005134505246037559 0.09786206996927813 0.002999597915868706 0.003241578246174945 6.429900569588321e-05 4.036229824504253e-05 0.12025314430523844 0.7413548479763091
0.015770068359375 1476.2559368910797 4.900926522035071 0.20936444409108532 0.0005493574034261015 0.00012123488053696349 2.25134498320407e-06 1.1138690269319872e-07 0.00015699931597972945 4.801751342263814e-05 0.00973843334844449 0.02041654469866591 0.0026768242991900074 0.000515931246673343 0.09727491809855845 0.0030351836445093668 0.003280658981983665 6.362236395390152e-05 3.9868263246344745e-05 0.12068374061610362 0.7413963025932252
0.015771386718750002 1478.8604559887267 4.909610365616298 0.20899413199938402 0.0005234897117210466 0.00011658668526661378 2.1864704715163385e-06 1.0939616328653541e-07 0.00015138705671124912 4.652642436890501e-05 0.0098418578079692 0.020416831090491007 0.0026492417131952516 0.0005183572359450749 0.09669538514297336 0.003070443727933603 0.003319607521090235 6.296065029588689e-05 3.939239874137185e-05 0.12110822469016252 0.7414374122763047
0.015772705078125 1481.4275471065857 4.918165962544844 0.208630567701756 0.0004986947395587696 0.00011206708573462458 2.122173426086043e-06 1.073618038459123e-07 0.0001459040991911484 4.505577516005725e-05 0.009945342232230274 0.0204147141570354 0.0026219954173421437 0.0005207283724708063 0.09612344940460844 0.003105365085444088 0.0033584130042115102 6.231361667951706e-05 3.8934183013091996e-05 0.12152662805058129 0.7414781652413129
0.0157740234375 1483.9580544373362 4.926596063750297 0.2082735713542795 0.0004749376166931748 0.00010767588687522615 2.0585368898659723e-06 1.0528873750215525e-07 0.00014055200392506823 4.360693350654683e-05 0.010048877100777101 0.020410261024036164 0.0025950864227887965 0.0005230445733093806 0.09555908571678685 0.0031399352272860007 0.0033970648970158765 6.168100969478472e-05 3.849309602773499e-05 0.12193898433947327 0.7415185503259798
0.015775341796875002 1486.4528133251983 4.93490339565894 0.2079229671891531 0.00045218398355695966 0.00010341262445398069 1.9956379918218446e-06 1.0318180212915655e-07 0.00013533198253804366 4.218115480969832e-05 0.010152453045336714 0.020403538795726723 0.002568515561082777 0.0005253057917881897 0.09500226557184296 0.0031741422629090175 0.003435552996858133 6.106257129400813e-05 3.806862013122134e-05 0.12234532923280876 0.7415585569848713
0.01577666015625 1488.9126493901313 4.943090657201468 0.20757858351685043 0.00043040002689000406 9.927658320181866e-05 1.933547999744698e-06 1.0104574484087088e-07 0.00013024491211411049 4.077958354936841e-05 0.010256060848423504 0.020394614436260013 0.0025422834850074806 0.0005275120167256404 0.09445295724925168 0.0032079749072306462 0.0034738674385100723 6.045803949867279e-05 3.7660240719474114e-05 0.1227457003554433 0.7415981752832312
0.015777978515625 1491.33837771793 4.951160517032505 0.20724025272205582 0.0004095525119487497 9.526681473608046e-05 1.8723323985166328e-06 9.888520774468e-08 0.0001252913500772935 3.940325507323016e-05 0.010359691441865495 0.020383554657156654 0.0025163906697875708 0.0005296632716178614 0.09391112594382361 0.0032414224849554966 0.003511998698907494 5.9867149081555357e-05 3.7267446881248126e-05 0.12314013719643396 0.7416373958898482
0.015779296875 1493.730802115511 4.959115610960146 0.20690781125359567 0.00038960881139617074 9.138215519181352e-05 1.81205099150224e-06 9.670471497059764e-08 0.00012047154950650175 3.805309775588494e-05 0.010463335905258284 0.020370425810871447 0.0024908374146400225 0.0005317596137927855 0.09337673389372708 0.003274474933010533 0.0035499376009354364 5.9289632222835114e-05 3.688973201233682e-05 0.12352868102477538 0.7416762100689971
0.015780615234375003 1496.0907144306022 4.966958539583388 0.20658109960857185 0.0003705369309781755 8.762124249427553e-05 1.7527580227417797e-06 9.450866098424718e-08 0.00011578547478039771 3.672993549527669e-05 0.01056698546436447 0.020355293790537136 0.0024656238446545157 0.000533801133534858 0.09284974050806898 0.0033071228011659283 0.003587675316279678 5.8725219139059476e-05 3.6526594400176515e-05 0.1239113748057089 0.7417146096715137
0.015781933593750002 1498.4188939347432 4.974691866134342 0.20625996231092647 0.0003523055320996263 8.398253321155572e-05 1.6945023176524507e-06 9.230130018094253e-08 0.00011123281745290537 3.543449051359546e-05 0.01067063148947324 0.02033822393591213 0.002440749912986757 0.000535787953183516 0.09233010249379035 0.003339357250916662 0.003625203367374915 5.8173638684044976e-05 3.6177537778063e-05 0.12428826311774178 0.7417525871250615
0.015783251953125 1500.7161067682487 4.982318114521349 0.20594424788468876 0.0003348839514192615 8.046431893395038e-05 1.6373274399927676e-06 9.008673774840797e-08 0.00010681301226507876 3.416738642985355e-05 0.010774265493731906 0.020319280945528675 0.002416215403348214 0.00053772022620848 0.0918177739816558 0.0033711700527047465 0.0036625136284820625 5.76346189210011e-05 3.584207184837981e-05 0.1246593920704983 0.7417901354236442
0.015784570312500003 1502.9831054455733 4.9898397675682755 0.2056338088221662 0.00031824221758742745 7.706474213411101e-05 1.5812718629086527e-06 8.786892177668872e-08 0.00010252525320439995 3.2929151571556476e-05 0.0108778791314599 0.02029852879500957 0.0023920199327752407 0.000539598136264819 0.09131270665112744 0.0034025535815665 0.0036995983259294814 5.710788766535022e-05 3.551971277440672e-05 0.12502480922351486 0.7418272481164272
0.015785888671875005 1505.2206284193921 4.997259265444943 0.20532850154734444 0.000302351065253847 7.378181146899061e-05 1.5263691519562948e-06 8.56516365856524e-08 9.836850952815845e-05 3.1720222493354105e-05 0.01098146419645696 0.02027603066149476 0.0023681629546596977 0.0005414218962307173 0.09081484985391715 0.003433500811293668 0.003736450037555817 5.6593172997885255e-05 3.5209983640431776e-05 0.12538456350609273 0.7418639192959235
0.015787207031250004 1507.4293997015448 5.004579004283073 0.20502818637476952 0.0002871819464754806 7.061341649136884e-05 1.472648158086342e-06 8.34384972332707e-08 9.434154167348896e-05 3.0540947671275575e-05 0.011085012620315932 0.020251848854094267 0.002344643762022936 0.000543191747230777 0.09032415073602466 0.0034640053072000827 0.003773061691393723 5.609020374807656e-05 3.491241488004345e-05 0.1257387051383118 0.7419001435856063
0.015788525390625002 1509.6101285387988 5.011801334971442 0.20473272746420015 0.000272707039656782 6.755734174518455e-05 1.4201332186743248e-06 8.123294516160766e-08 9.044291698282161e-05 2.93915913420992e-05 0.011188516470747515 0.02022604475026216 0.002321461491015399 0.0005449079576475509 0.08984055435809257 0.003494061217586961 0.0038094265636343994 5.5598709947511334e-05 3.4626544672630834e-05 0.1260872855532938 0.7419359161270036
0.015789843750000004 1511.7635091412822 5.01892856212362 0.20444199277131744 0.00025889925615564334 6.461128022488e-05 1.3688443647888917e-06 7.903824493201888e-08 8.667102517966618e-05 2.8272337458505722e-05 0.011291967949923029 0.020198678737965835 0.0022986151246239725 0.0005465708221239119 0.0893640038139223 0.0035236632640014403 0.0038455382759138373 5.5118423253596725e-05 3.435191930825229e-05 0.12643035732079472 0.7419712325663348
0.015791162109375007 1513.8902204613664 5.025962943211398 0.20415585399478148 0.00024573224468830203 6.17728461844732e-05 1.3187975330008837e-06 7.685748199646818e-08 8.302409353578e-05 2.7183293731894958e-05 0.011395359392842565 0.0201698101635063 0.0022761034965688097 0.0005481806605588001 0.08889444034699732 0.0035528067303842673 0.003881390791963227 5.4649077343785684e-05 3.40880935211515e-05 0.12676797407220766 0.742006089040744
0.015792480468750005 1515.9909260207155 5.032906687856764 0.20387418651991923 0.00023318039366613112 5.90395872872496e-05 1.2700047801530134e-06 7.469356144815866e-08 7.950020167696623e-05 2.612449573613692e-05 0.011498683265734779 0.02013949728482863 0.002253925295371431 0.0005497378170987752 0.0884318034648742 0.0035814874512026043 0.003916978413666366 5.4190408280713255e-05 3.3834630792315586e-05 0.12710019042704743 0.7420404821641874
0.015793798828125004 1518.066273783095 5.039761957274946 0.20359686935933816 0.00022121883159647676 5.6408996091774194e-05 1.2224744996300607e-06 7.254920769181593e-08 7.609729598093698e-05 2.5095911047050608e-05 0.01160193216449154 0.02010779723014832 0.002232079068576661 0.0005512426591276641 0.08797603105132355 0.003609701798662716 0.003952295776566294 5.374215484875645e-05 3.3591103621580884e-05 0.12742706192097467 0.7420744090130267
0.015795117187500006 1520.116896070504 5.046530863860744 0.20332378509075388 0.00020982342567801778 5.387852087424482e-05 1.1762116377894186e-06 7.042696497181377e-08 7.281320352664395e-05 2.4097443393986013e-05 0.011705098813139692 0.020074765961707 0.002210563227111148 0.0005526955762564857 0.08752705947611607 0.003637446669096256 0.003987337844863314 5.330405886263502e-05 3.3357093769886705e-05 0.12774864493541097 0.7421078671113821
0.015796435546875005 1522.1434095201944 5.053215470910598 0.20305481979231446 0.00019897077871871668 5.1445575791071675e-05 1.131217909330583e-06 6.832919869485914e-08 6.964564556021976e-05 2.3128936801514786e-05 0.011808176062353239 0.020040458244460133 0.0021893760497611737 0.0005540969793157557 0.08708482370235086 0.0036647194686128103 0.004022099905946881 5.2875865448754576e-05 3.313219247235868e-05 0.12806499662879456 0.7421408544162945
0.015797753906250003 1524.1464150801744 5.059817792472682 0.20278986297569004 0.00018863822450165585 4.9107550389043826e-05 1.0874920104996088e-06 6.625809748313747e-08 6.65922504482287e-05 2.2190179700915382e-05 0.011911156888010485 0.020004927619490215 0.0021685156877524763 0.0005554472993521802 0.08664925739122893 0.0036915180981096996 0.004056577564503884 5.2457323300068225e-05 3.291600062297703e-05 0.12837617486952613 0.742173369302745
0.015799072265625005 1526.1264980406365 5.066339793316957 0.20252880751721572 0.00017880382172181416 4.6861818473744445e-05 1.045029829143543e-06 6.421567589380029e-08 6.365056609452456e-05 2.1280908992931777e-05 0.012014034389792191 0.0199682263819345 0.0021479801694168623 0.0005567469866315425 0.0862202930042178 0.0037178409377256025 0.004090766736242552 5.204818490533532e-05 3.2708128931669526e-05 0.12868223817062463 0.7422054105485785
0.015800390625000004 1528.0842280989189 5.072783389017532 0.20227154958734223 0.00016944634661259655 4.470574634943151e-05 1.0038246507386757e-06 6.220377774088794e-08 6.081807180187528e-05 2.040081404494218e-05 0.012116801789823614 0.019930405563209082 0.00212776740492931 0.0005579965096495653 0.08579786190253189 0.0037436868308236768 0.004124663641272767 5.16482067536836e-05 3.250819805471171e-05 0.12898324562612923 0.7422369773193738
0.015801708984375003 1530.0201594556258 5.0791504461397965 0.2020179885786491 0.00016054528437731057 4.263670044599765e-05 9.638673596247767e-07 6.022407995663072e-08 5.809218956435504e-05 1.9549540607402647e-05 0.012219452431362585 0.01989151491730726 0.002107875191099894 0.000559196354152428 0.08538189444386583 0.003769055067586629 0.004158264797182433 5.1257149515431415e-05 3.231583869936871e-05 0.1292792568492778 0.7422680691533037
0.015803027343750005 1531.934830939439 5.085442782524406 0.20176802703267643 0.00015208081953747688 4.065205435081178e-05 9.251466347837144e-07 5.827809693047834e-08 5.547029478122852e-05 1.8726694636194563e-05 0.012321979777528032 0.01985160291095072 0.0020883012162068765 0.000560347022168411 0.08497232007635763 0.0037939453683009405 0.004191567011845931 5.08747782001937e-05 3.213069170377106e-05 0.12957033191246514 0.7422986859460222
0.015804345703125004 1533.8287661583329 5.091662167660752 0.20152157056581094 0.0001440338253049456 3.874919526479145e-05 8.876491395958431e-07 5.636718526567911e-08 5.2949726387054216e-05 1.7931846009106132e-05 0.012424377410070115 0.01981071671736877 0.002069043064856437 0.000561449031052126 0.08456906742973677 0.003818357866405698 0.004224567376001752 5.050086229329298e-05 3.195240809303667e-05 0.1298565312890014 0.7423288279356165
0.015805664062500002 1535.7024736749663 5.097810323142849 0.2012785277944452 0.00013638585208051784 3.692552990347867e-05 8.51359705100232e-07 5.449254889514991e-08 5.0527796396658634e-05 1.7164532126305998e-05 0.012526639028182799 0.019768902213481064 0.0020500982228552384 0.0005625029125426849 0.08417206440362426 0.0038422930913775996 0.004257263255634981 5.01351758715166e-05 3.178064911268104e-05 0.13013791579668516 0.7423584956876571
0.015806982421875004 1537.5564472039491 5.103888923200112 0.20103881025964257 0.0001291191151778538 3.517848986515195e-05 8.162615063740559e-07 5.2655244500658076e-08 4.820179886740796e-05 1.642426138629248e-05 0.012628758447351972 0.019726203980263885 0.002031464082084013 0.000563509211836964 0.08378123825298764 0.003865751951518007 0.004289652284196348 4.977749769929502e-05 3.161508624039213e-05 0.13041454654318052 0.7423876900803787
0.015808300781250003 1539.3911658288891 5.109899595296338 0.20080233235150546 0.00012221648186624268 3.3505536488724605e-05 7.823362317241569e-07 5.0856187181510954e-08 4.5969018284297877e-05 1.5710516530248722e-05 0.012730729598239244 0.019682665306079653 0.0020131379453596594 0.0005644684866791196 0.08339651567073324 0.00388873571670568 0.004321732354690442 4.9427611306345685e-05 3.145540117724758e-05 0.13068648487320558 0.7424164122900202
0.015809619140625 1541.207094237199 5.115843920790331 0.20056901123343926 0.00011566145782124511 3.190416522481713e-05 7.49564244458373e-07 4.9096156321377206e-08 4.3826737376388434e-05 1.5022757849178734e-05 0.012832546525601337 0.01963832819275286 0.0019951170312740487 0.0005653813064673871 0.08301782286742726 0.003911246001174638 0.004353501611663968 4.908530504781592e-05 3.1301285819463214e-05 0.13095379231753276 0.7424446637763502
0.015810937500000004 1543.0046829705923 5.121723435651426 0.20033876676650533 0.00010943817306804357 3.0371909543913358e-05 7.179247370748349e-07 4.7375801604459956e-08 4.177224437596739e-05 1.4360426249617321e-05 0.012934203387237464 0.01959323336418302 0.0019773984789997535 0.0005662482513790438 0.08264508564817155 0.003933284746370823 0.004384958443120988 4.875037214795856e-05 3.115244221177617e-05 0.13121653054378055 0.7424724462684045
0.015812255859375006 1544.7843686894162 5.127539631223941 0.2001115214340309 0.00010353136749712314 2.8906344405582996e-05 6.873958777668278e-07 4.569564913455311e-08 3.980283973407346e-05 1.37229461749424e-05 0.013035694452964493 0.019547420277286957 0.0019599793530521987 0.0005670699115143927 0.08227822948663735 0.003954854203938877 0.004416101472392853 4.842261072831217e-05 3.100858248355305e-05 0.131474761308992 0.7424997617504534
0.015813574218750005 1546.5465744490261 5.133293955034641 0.19988720026663379 9.792637602744415e-05 2.7505089312817926e-05 6.579549491976131e-07 4.4056107612914144e-08 3.791584230823085e-05 1.3109728380548334e-05 0.01313701410361774 0.019500927135069304 0.0019428566479988037 0.0005678468860605116 0.0819171795962757 0.003975956918885759 0.0044469295499881874 4.8101823821316495e-05 3.086942876871069e-05 0.13172854641398718 0.7425266124482234
0.015814892578125003 1548.291709986453 5.138987811637548 0.1996657307678149 9.260911348780007e-05 2.616581097542293e-05 6.295784795502611e-07 4.245747453312662e-08 3.610859504021432e-05 1.2520172562284597e-05 0.013238156830073197 0.019453790901626838 0.0019260272931066866 0.0005685797824754099 0.08156186099873398 0.003996595712963508 0.004477441745446118 4.778781937023645e-05 3.0734713110530235e-05 0.13197794765946863 0.7425530008153869
0.015816210937500005 1550.020172015715 5.144622563490697 0.19944704284026046 8.756605928252286e-05 2.4886225606119166e-05 6.022423659018347e-07 4.0899942353100954e-08 3.4378470143375804e-05 1.1953669838615331e-05 0.013339117232287062 0.019406047318898917 0.0019094881569211484 0.0005692692156931597 0.08121219858951496 0.0040167736683095106 0.004507637339214304 4.748041021618744e-05 3.060417735243038e-05 0.13222302680385767 0.742578929520337
0.015817529296875004 1551.7323445302434 5.1501995318597675 0.1992310687129766 8.278424190317766e-05 2.3664100872590638e-05 5.759219900095236e-07 3.93836046059932e-08 3.272287382056196e-05 1.1409605087914851e-05 0.013439890018350279 0.019357730924982365 0.0018932360517674872 0.0005699158073504923 0.0808681172009117 0.004036494111379215 0.004537515814572319 4.717941407294769e-05 3.047757301574603e-05 0.1324638455228397 0.7426044014332596
0.015818847656250003 1553.4285991110125 5.155719997743995 0.19901774286937063 7.825122334352466e-05 2.2497257528177106e-05 5.5059232662945e-07 3.79084619130511e-08 3.113925053500716e-05 1.0887359143193977e-05 0.013540470003557617 0.019308875073835028 0.0018772677381690575 0.0005705201850352982 0.08052954166225046 0.004055760597202777 0.004567076849619974 4.688465349011249e-05 3.035466116553579e-05 0.13270046537060082 0.742629419613515
0.015820166015625005 1555.109295238928 5.161185202819551 0.19880700197639337 7.395508347120284e-05 2.1383570743404203e-05 5.262280445192283e-07 3.647442786224174e-08 2.962508685796914e-05 1.0386310847393329e-05 0.013640852109483497 0.01925951195620328 0.0018615799291763317 0.0005710829815573321 0.08019639685750406 0.004074576893992055 0.004596320309346434 4.659595580501103e-05 3.023521226542825e-05 0.13293294774271594 0.7426539872973379
0.015821484375000004 1556.7747806102416 5.166596350396342 0.198598784814834 6.988440440517372e-05 2.0320971159763846e-05 5.028036002968985e-07 3.508133471648361e-08 2.8177914917922014e-05 9.905838973045868e-06 0.013741031363063953 0.019209672621612377 0.001846169294601115 0.0005716048342414154 0.07986860778031583 0.004092946968122381 0.0046252462377968425 4.631315308358862e-05 3.0119006022481458e-05 0.1331613538406664 0.7426781078858617
0.015822802734375002 1558.425391453837 5.17195460638436 0.1983930322108488 6.602825494411165e-05 1.930744568641711e-05 4.802933253479196e-07 3.372893891458826e-08 2.6795315477270216e-05 9.445324010719476e-06 0.013841002895684221 0.019159387001265984 0.0018310324651507081 0.0005720863842433534 0.0795460995864791 0.004110874969510097 0.004653854850351745 4.6036082050213647e-05 3.0005831223003156e-05 0.133385744637961 0.7427017849334764
0.015824121093750004 1560.0614528492085 5.177261100265984 0.19818968696879805 6.237617508747464e-05 1.8341038059761285e-05 4.586715059880478e-07 3.241692632639343e-08 2.5474920663792985e-05 9.004149831169343e-06 0.013940761942265206 0.01910868393171308 0.0018161660364585845 0.0005725282758887163 0.07922879764394859 0.004128365217402643 0.004682146526131735 4.5764584006085534e-05 2.9895485560260013e-05 0.13360618084782508 0.742725022136565
0.0158267578125 1563.2909005539461 5.18772216954055 0.19779003641366963 5.565421965343199e-05 1.6543887070963296e-05 4.180164794990338e-07 2.9912915520837714e-08 2.3013835889753002e-05 8.17800239063575e-06 0.014139620857392933 0.019006112297951787 0.0017872340333557211 0.0005732950655452287 0.0786096029932946 0.004162045661880249 0.004737779903037676 4.523785541246781e-05 2.9682705019066444e-05 0.13403536543405437 0.7427701853184951
0.015829394531250002 1566.4662191269415 5.197990597222058 0.19739930991136528 4.962791481117596e-05 1.4911665523032012e-05 3.80578671792134e-07 2.756396578569813e-08 2.077208732210811e-05 7.421163060308356e-06 0.014337585792310606 0.018902204835049334 0.0017593394829075897 0.0005739112676279634 0.07801016181815665 0.0041940409146344095 0.00479216188498692 4.4731447566580323e-05 2.947893851496489e-05 0.13444956213120068 0.7428136805135286
0.015832031250000003 1569.5896321550624 5.2080741852567085 0.1970171161774251 4.4229504763255586e-05 1.3430820278912459e-05 3.461560365202886e-07 2.536536700816845e-08 1.8732801801689072e-05 6.728930890888469e-06 0.014534623105570695 0.018797153986978538 0.0017324543247087471 0.0005743820793502045 0.07742988805943764 0.004224390434527992 0.004845301024583453 4.424426267760356e-05 2.9282880451933456e-05 0.13484924364164688 0.742855542620766
0.015834667968750004 1572.6632179976716 5.217980256616188 0.19664308915625103 3.9397215847989035e-05 1.2088684628501526e-05 3.145518260204161e-07 2.3311876979514417e-08 1.6880005482962067e-05 6.0967628724023455e-06 0.014730700741419297 0.018691137470549627 0.0017065502904547642 0.0005747126916557801 0.07686820251540998 0.004253135243920314 0.004897207806142169 4.377526564430973e-05 2.9093347318731085e-05 0.13523487614398835 0.7428958079507993
0.015837304687500005 1575.6889192491353 5.227715684895975 0.19627688624725087 3.507481809504171e-05 1.087345450189309e-05 2.855756392715207e-07 2.1397829530509516e-08 1.5198641085308463e-05 5.520292642705902e-06 0.014925788200709965 0.01858431911205371 0.0016815990049283379 0.0005749082735551404 0.07632453386214058 0.004280317591012929 0.00494789444795231 4.332348211270942e-05 2.8909271122964764e-05 0.1356069186128565 0.7429345139615982
0.015839941406250002 1578.6685518671409 5.237286922991571 0.19591818663071298 3.1211205582835284e-05 9.774159304874454e-06 2.5904424801971297e-07 1.9617237631552658e-08 1.3674570633016225e-05 4.995345668060264e-06 0.015119856511000545 0.01847684967762097 0.001657572079482034 0.0005749739578224026 0.07579831955027672 0.004305980641670189 0.004997374715154059 4.288799603491284e-05 2.8729692730961846e-05 0.13596582221966613 0.7429716990157033
0.015842578125000003 1581.603813923507 5.246700030698115 0.19556668969327018 2.7759996986301394e-05 8.780628649634862e-06 2.3478222052345794e-07 1.7963888911597083e-08 1.2294566456516111e-05 4.51795049782962e-06 0.01531287819577085 0.01836886768996317 0.0016344411980612921 0.0005749148280170136 0.07528900658622326 0.004330168199976675 0.005045663743466724 4.246794695331669e-05 2.8553755182815e-05 0.13631202980949877 0.7430074021580225
0.015845214843750004 1584.4962939458935 5.2559607011172975 0.1952221135517698 2.4679157224259513e-05 7.883456094343625e-06 2.1262236425006475e-07 1.6431432208107355e-08 1.1046292823229877e-05 4.08434618222894e-06 0.015504827242712455 0.018260500225304163 0.0016121781958821978 0.0005747359067854593 0.07479605220571724 0.004352924456514985 0.005092777873847744 4.206252715010373e-05 2.838069704362441e-05 0.13664597544937232 0.7430416629133848
0.0158478515625 1587.3474788293743 5.265074285790224 0.19488419367346213 2.193064070545669e-05 7.073960853892947e-06 1.9240600936453568e-07 1.5013454533811816e-08 9.918280221852291e-06 3.6909861820229342e-06 0.015695679071075462 0.018151863685445854 0.0015907551309368867 0.0005744421453922593 0.07431892444765383 0.004374293763130596 0.005138734498024036 4.167097875248475e-05 2.8209845843934313e-05 0.13696808404323807 0.7430745211029147
0.015850488281250002 1590.1587613057368 5.274045818504592 0.1945526815897073 1.948005632623736e-05 6.344148303047173e-06 1.7398315443357913e-07 1.370354836385678e-08 8.89989402674125e-06 3.334539202415003e-06 0.015885410498075882 0.018043064541010005 0.0015701443485494047 0.000574038414424938 0.07385710263583987 0.0043943204327862645 0.005183551914716532 4.1292590853903554e-05 2.8040611654754348e-05 0.1372787710091384 0.7431060166782235
0.015853125000000003 1592.9314469660535 5.282880037750056 0.1942273436998185 1.7296354084712036e-05 5.686669963684477e-06 1.5721249473508498e-07 1.2495369491115452e-08 7.981299010394614e-06 3.011887412006667e-06 0.016073999704391908 0.01793420004288814 0.0015503185392442154 0.0005735294956144074 0.07341007777609902 0.004413048562994015 0.005227249196281318 4.0926696692176105e-05 2.7872480835403683e-05 0.13757844201408428 0.7431361895723744
0.015855761718750003 1595.6667608385653 5.291581407817653 0.19390796016121384 1.53515329405387e-05 5.094783550450637e-06 1.4196135214876777e-07 1.1382685921569306e-08 7.153420945572174e-06 2.7201224965353815e-06 0.016261426198805645 0.017825358899806132 0.0015312507902195075 0.0005729200747100469 0.07297735287584277 0.004430521881241568 0.005269846065415043 4.057267091268394e-05 2.7705009985759086e-05 0.13786749276236468 0.743165079566559
0.015858398437500004 1598.3658535290322 5.300154138556389 0.19359432386174558 1.3620369360590544e-05 4.562313544184539e-06 1.2810552397650226e-07 1.0359418421795382e-08 6.407906340051615e-06 2.4565399657354073e-06 0.01644767078205635 0.017716621920678296 0.0015129146307412405 0.0005722147353475358 0.07255844319292352 0.004446783610793703 0.005311362781510657 4.022992693580759e-05 2.7537820128370026e-05 0.13814630883314294 0.7431927261714222
0.01586103515625 1601.0298069349815 5.308602203814858 0.1932862394698597 1.2080165842951611e-05 4.083612669554596e-06 1.155290663181388e-07 9.419673410873035e-09 5.737081172697545e-06 2.218632091036315e-06 0.01663271550999032 0.017608062621073412 0.0014952840717892164 0.0005714179538470538 0.07215287642023163 0.0044618763552449784 0.005351820036207073 3.9897914441286555e-05 2.7370591140309744e-05 0.13841526556336967 0.7432191685219822
0.015863671875000002 1603.6596395485528 5.316929358607081 0.19298352255812504 1.0710518599916377e-05 3.6535245720265338e-06 1.0412402589713959e-07 8.557768926679386e-09 5.133909346893987e-06 2.0040798080913983e-06 0.01681654365610322 0.01749974779366193 0.0014783336402963236 0.0005705340948796842 0.07176019281214731 0.00447584200022086 0.0053912388576457405 3.957611697734769e-05 2.7203056449579518e-05 0.13867472797221667 0.7432444452851124
0.015866308593750003 1606.2563113650438 5.325139155050239 0.19268599879563983 9.493103500016631e-06 3.2673479188433297e-06 9.379013254832475e-08 7.76825440373695e-09 4.591951444194502e-06 1.810743874699454e-06 0.016999139673573093 0.01739173804296697 0.0014620384083270978 0.0005695674079406561 0.0713799452586108 0.004488721630664984 0.005429640522926719 3.926404969875875e-05 2.703499800636311e-05 0.13892505072340838 0.7432685945785839
0.0158689453125 1608.8207284161422 5.3332349571289015 0.19239350320483908 8.41147931491284e-06 2.920802088276719e-06 8.443446298528619e-08 7.045924985291441e-09 4.105324245306233e-06 1.636655533362431e-06 0.01718048915689478 0.01728408828510249 0.0014463740175410674 0.0005685220245692979 0.0710116993121988 0.004500555462207964 0.005467046478248039 3.896125723509635e-05 2.686624153541096e-05 0.13916657812202443 0.7432916539007048
0.01587158203125 1611.3537469479224 5.341219954344366 0.19210587947831476 7.450907285381536e-06 2.6099945602032135e-06 7.597108498419064e-08 6.385831062804448e-09 3.6686613856375428e-06 1.4800068894858936e-06 0.017360578803221696 0.017176848213475263 0.001431316699283289 0.000567401956257244 0.07065503317325887 0.004511382785181583 0.005503478266207057 3.866731168830853e-05 2.6696652072322014e-05 0.13939964414252037 0.7433136600696288
0.015874218750000002 1613.8561772643548 5.349097174310722 0.19182297935138423 6.598186007678728e-06 2.33139007811019e-06 6.832068976625413e-08 5.783283696242194e-09 3.2770754269503315e-06 1.3391411814670156e-06 0.017539396373520356 0.017070062731650553 0.0014168432906376072 0.0005662110929884226 0.0703095376378075 0.004521241919919903 0.005538957459744081 3.838181075690211e-05 2.652612978344135e-05 0.13962457248490154 0.7433346491714533
0.015876855468750003 1616.3287872574463 5.356869494360845 0.19154466202628295 5.841500643993567e-06 2.0817816170900907e-06 6.14102191401732e-08 5.233856521963961e-09 2.9261215537382146e-06 1.2125430877413897e-06 0.017716930653647593 0.01696377235474286 0.0014029312467682333 0.0005649532023565366 0.06997481601255402 0.004530170182072555 0.005573505602214842 3.8104375982672676e-05 2.6354606066477412e-05 0.13984167665617578 0.7433546565162711
0.015879492187500004 1618.7723056449447 5.364539652225544 0.19127079364404861 5.170285475685904e-06 1.858263163430778e-06 5.517249288059207e-08 4.733384704171969e-09 2.611763041488817e-06 1.0988291882029732e-06 0.01789317141544865 0.016858013580814533 0.0013895586498645085 0.00056363192920822 0.06965048400111007 0.0045382038567414905 0.005607144153083699 3.78346511147303e-05 2.6182039926753853e-05 0.14005126007438426 0.7433737166013873
0.01588212890625 1621.1874249362675 5.37211025584864 0.19100124680035005 4.57509884278768e-06 1.6582042882272561e-06 4.95458408658775e-08 4.277961432146699e-09 2.3303385926350928e-06 9.96738673016923e-07 0.01806810937797423 0.016752819233836647 0.0013767042149903286 0.0005622507957626081 0.06933616956513297 0.004545378180340678 0.00563989443873794 3.75723005844867e-05 2.6008414622193708e-05 0.1402536161926944 0.7433918630809548
0.015884765625000002 1623.5748041467696 5.379583792399436 0.19073590010171854 4.047509545713174e-06 1.479226479348501e-06 4.4473743674992673e-08 3.863932409444034e-09 2.078531593607598e-06 9.051243703798746e-07 0.01824173616890895 0.016648218779806254 0.0013643472931255394 0.0005608132021607323 0.06903151276386768 0.004551727329165751 0.005671777607930283 3.73170080841341e-05 2.5833734568674786e-05 0.14044902864121425 0.7434091287413326
0.015887402343750003 1625.935071279704 5.386962636541897 0.1904746377588546 3.5799938233141736e-06 1.3191811824495474e-06 3.990448464399489e-08 3.487888722272233e-09 1.853341311824447e-06 8.229441457464454e-07 0.01841404428629287 0.016544238617628 0.0013524678716719662 0.0005593224274009434 0.06873616557529287 0.004557284413746575 0.005702814591360551 3.7068475239760025e-05 2.5658022496268033e-05 0.14063777138435615 0.743425545481507
0.0158900390625 1628.2688255945125 5.394249058017969 0.19021734921388528 3.16584206364023e-06 1.1761294919508726e-06 3.5790815802292366e-08 3.1466584103680785e-09 1.6520560235976212e-06 7.492527077102712e-07 0.01858502706061903 0.01644090234635065 0.0013410465726805974 0.0005577816306192937 0.06844979170181573 0.004562081478139854 0.00573302606491056 3.682642036829384e-05 2.5481316846031368e-05 0.1408201088917551 0.743441144297963
0.01589267578125 1630.5766396790982 5.401445228586401 0.189963928798665 2.79907444876528e-06 1.0483234265871754e-06 3.2089639644561936e-08 2.8372969910085736e-09 1.4722280418128014e-06 6.831938390343017e-07 0.018754678617378905 0.016338231010322047 0.0013300646490412395 0.000556193852676538 0.06817206636325952 0.004566149503398698 0.005762432416040874 3.659057730460083e-05 2.530366939648047e-05 0.14099629632089022 0.743455955273427
0.0158953125 1632.8590613428782 5.408553228460078 0.18971427542138666 2.474364781539713e-06 9.341887207528026e-07 2.876170833838392e-08 2.5570770974542515e-09 1.3116505950276212e-06 6.239930532084532e-07 0.01892299384009963 0.01623624332379552 0.0013195039788597856 0.0005545620180172098 0.06790267607960691 0.004569518414538578 0.005791053712854524 3.6360694280554174e-05 2.512514310858897e-05 0.1411665797098172 0.7434700075689488
0.015900585937500003 1637.3493695673592 5.422510941391748 0.18922594493686146 1.936863256370492e-06 7.426744024729634e-07 2.31182700139485e-08 2.0764698001513773e-09 1.0422744900865163e-06 5.240627677902375e-07 0.019255586513710704 0.016034375969243054 0.0012995934783247458 0.0005511746741694762 0.06738800228218554 0.004574246379400839 0.005846000065098925 3.591810296074552e-05 2.4765686332437237e-05 0.1414901456310819 0.743495920147698
0.015905859375 1641.7455955376936 5.436144454823997 0.18875137799268643 1.5151697102427606e-06 5.898980394636094e-07 1.8558765147139555e-08 1.6831743617381158e-09 8.273706934269597e-07 4.4361432843015405e-07 0.019582910536677437 0.01583536763606185 0.0012811580751868835 0.0005476439494558519 0.06690263986337996 0.004576541078412958 0.005898075505257653 3.549631195802691e-05 2.4403713529505537e-05 0.14179312490695056 0.7435192421282809
0.0159111328125 1646.0513977570677 5.449467670893289 0.18828990624090244 1.1846243329244581e-06 4.681661403544219e-07 1.4880959130953975e-08 1.362057218715535e-09 6.56173998563502e-07 3.7883426678137585e-07 0.01990495942497234 0.015639297165311827 0.0012640750530596202 0.0005439891700283228 0.06644446452288952 0.004576605182427983 0.005947429442779412 3.509377074816675e-05 2.4039951451748014e-05 0.1420771667943795 0.743540175480059
0.01591640625 1650.2701785965023 5.462493517802139 0.18784091065212985 9.257314284653654e-07 3.7127548044515784e-07 1.1918880537524032e-08 1.1004458801764657e-09 5.199711578605681e-07 3.2662628525720926e-07 0.02022173628628919 0.01544622243203721 0.0012482306376746083 0.0005402280342603592 0.06601150164728593 0.004574627419851889 0.005994205448142652 3.470907215421787e-05 2.3675163094401695e-05 0.1423437978858491 0.7435589093495442
0.015921679687500002 1654.4051138654734 5.475234053592991 0.18740381630661831 7.231034031018645e-07 2.942341712518495e-07 9.536660429815148e-09 8.877570280276566e-10 4.1173412216546637e-07 2.8448625888458695e-07 0.020533252905746802 0.015256183859587501 0.0012335195734638493 0.0005363767043477793 0.06560191807259372 0.004570783227143417 0.006038541060213995 3.434093898544047e-05 2.3310118518509e-05 0.1425944290957237 0.7435756204611643
0.015926953125 1658.4591776553136 5.487700554445631 0.18697808793229562 5.646133242184359e-07 2.3303250613410837e-07 7.623348903518252e-09 7.151808690090368e-10 3.2581010906671735e-07 2.5039602937770503e-07 0.02083952888569069 0.015069207346721155 0.0012198446761823335 0.0005324498999347482 0.06521401387694382 0.004565235441648576 0.00608056768477047 3.398821056497441e-05 2.294557267849222e-05 0.14283036262465373 0.7435904735895741
0.0159322265625 1662.4351632974797 5.499903590163936 0.18656322606276926 4.407169904694043e-07 1.8445527051712083e-07 6.0885621746944666e-09 5.754090910718666e-10 2.576633046000808e-07 2.2273400433755566e-07 0.021140590839604692 0.014885306703140444 0.0012071163728995602 0.0005284609920244137 0.06484621429805164 0.004558135012351673 0.006120410568417875 3.364983027688345e-05 2.258224908170524e-05 0.14305279881944538 0.7436036220810259
0.0159375 1666.3357011344162 5.511853089072598 0.186158763710404 3.4391214489679323e-07 1.45928475273529e-07 4.858838419121993e-09 4.623995605188946e-10 2.0366163765491578e-07 2.0020063590224015e-07 0.02143647163938784 0.01470448567563048 0.0011952522385066673 0.0005244220957813195 0.06449706184862533 0.004549621710848902 0.006158188834292923 3.332483444281514e-05 2.2220828238582333e-05 0.1432628428639962 0.7436152084059784
0.015942773437500002 1670.1632736762806 5.523558394156342 0.18576426346838137 2.6830819474958145e-07 1.1539456331896274e-07 3.874597995894853e-09 3.7117324779887495e-10 1.6090197546218041e-07 1.8175682516508418e-07 0.021727209714630012 0.014526739634579355 0.001184176535995336 0.0005203441611369042 0.0641652086847934 0.004539824830025715 0.006194015567785196 3.3012342522447114e-05 2.186193999292686e-05 0.1434615112522108 0.743625364728859
0.015948046875 1673.9202286115103 5.535028311943855 0.18537931497130972 2.0928465207657648e-07 9.121108097655e-08 3.087617402822795e-09 2.976398069266073e-10 1.2706757254259585e-07 1.6657336356300119e-07 0.02201284840202582 0.014352056979562773 0.001173819766149447 0.000516237060370381 0.06384940926776876 0.004528863861852335 0.006227997942153881 3.271154852041168e-05 2.15061589474337e-05 0.14364973800666067 0.7436342134839224
0.015953320312499998 1677.6087900514426 5.5462711553616115 0.18500353265687972 1.6322057194270022e-07 7.206861680439473e-08 2.458937995577523e-09 2.3844862699355104e-10 1.0031231165504017e-07 1.5398967057556875e-07 0.022293435342689818 0.014180420312977112 0.0011641182309273875 0.0005121096720579724 0.06354851334677615 0.0045168491486618995 0.006260237375374116 3.242171345345226e-05 2.1154002316643362e-05 0.14382838061746547 0.743641867948603
0.01595859375 1681.2310683168562 5.557294781553735 0.18463655378163252 1.2728063878430703e-07 5.692450661210465e-08 1.95714086813653e-09 1.9086238973904576e-10 7.916702940215583e-08 1.4348027903935092e-07 0.02256902192486787 0.014011807422373682 0.001155013613675228 0.0005079699609676357 0.06326145928134834 0.004503882504458911 0.006290829710841058 3.2142158734813296e-05 2.0805929646334246e-05 0.14399822568474016 0.7436484328077493
0.0159638671875 1684.789068515195 5.568106625476432 0.1842780366525041 9.924633201264578e-08 4.494939742191295e-08 1.556928617703799e-09 1.5265034822894625e-10 6.246393875991332e-08 1.3462772383724647e-07 0.022839662769362234 0.013846192105084922 0.0011464525783716885 0.0005038250536281981 0.06298726771308247 0.00449005780439623 0.006319865415697381 3.187226034741361e-05 2.046234393396582e-05 0.14415999425522533 0.7436540047037594
0.015969140625 1688.2846981092357 5.578713729922521 0.18392765904277655 7.738287893892792e-08 3.548426707085389e-08 1.2379631045491208e-09 1.2199873597432146e-10 4.92758104584638e-08 1.2710068759060142e-07 0.02310541525488427 0.013683544862809281 0.0011383863893387482 0.0004996813094253356 0.06272503559053579 0.004475461541698311 0.006347429791541879 3.1611443694624775e-05 2.0123593769013033e-05 0.14431434684961814 0.7436586727689387
0.015974414062499998 1691.7197736391954 5.589122772508131 0.1835851167666911 6.033455709814358e-08 2.8005921068112488e-08 9.839158080458818e-10 9.743593141737393e-11 3.886714328897203e-08 1.206364383574887e-07 0.023366339080502768 0.013523833488891105 0.0011307705522325766 0.0004955443871759431 0.062473930545864746 0.004460173352107675 0.006373603193136745 3.1359179034085635e-05 1.9789976185207257e-05 0.1444618881818459 0.7436625191374715
0.0159796875 1695.09602672915 5.599340090054046 0.18325012239150987 4.704241013798173e-08 2.20993444959942e-08 7.816940070199045e-10 7.777023322778607e-11 3.0655040330305016e-08 1.1502675507138968e-07 0.023622495862358553 0.013367023566951658 0.0011235644766358832 0.0004914193072106439 0.06223318561784455 0.0044442665064777145 0.006398461251471883 3.1114977414744336e-05 1.946173997951352e-05 0.1446031715752529 0.7436656194352473
0.0159849609375 1698.4151094837146 5.60937170071446 0.18292240406946056 3.667965304578266e-08 1.743558363184998e-08 6.208118163574895e-10 6.203833725281727e-11 2.41779196348626e-08 1.1010667569914982e-07 0.02387394876185492 0.013213078896167995 0.0011167311601851344 0.00048731050905471 0.06200209431286043 0.004427808372495188 0.006422075098178731 3.087838704996361e-05 1.9139089306060652e-05 0.1447387030835526 0.7436680432464716
0.015990234375 1701.678599361046 5.61922332414212 0.18260170447493537 2.860101595423575e-08 1.3754078156869419e-08 4.928801459021651e-10 4.946283693286655e-11 1.90705322250199e-08 1.0574552179384221e-07 0.024120762142596727 0.01306196185574253 0.001110236893866995 0.0004832219048433837 0.06178000599317969 0.004410860846741332 0.0064445115888252 3.0648990070145275e-05 1.8822187398291018e-05 0.1448689453265732 0.7436698545565307
0.015995507812499997 1704.8880035923414 5.628900399927803 0.18228777983468664 2.230305516343318e-08 1.0848567989798366e-08 3.9119397528075373e-10 3.941728840065308e-11 1.5044046051980487e-08 1.0183975307548993e-07 0.024363001253430466 0.012913633718856172 0.0011040509878927508 0.0004791569286410577 0.06156632158016034 0.0043934807584306715 0.006465833523077317 3.0426399607117615e-05 1.8511160310501588e-05 0.14499432105240545 0.7436711121710138
0.01600078125 1708.0447632053997 5.6384081045114955 0.18198039904067048 1.739308207413537e-08 8.555865725766778e-09 3.1039902882128573e-10 3.1397584581762255e-11 1.1870190293930512e-08 9.830728904127626e-08 0.02460073193502962 0.01276805492456321 0.001098145517394147 0.00047511858185709556 0.06136048955891393 0.004375720246230231 0.0064860998600896995 3.0210257169637755e-05 1.820610060197732e-05 0.14511521643865752 0.7436718701111282
0.0160060546875 1711.1502566998213 5.647751366730385 0.18167934283673753 1.3564855802175124e-08 6.746922295121107e-09 2.462230597591408e-10 2.4998566740482714e-11 9.36864775658686e-09 9.50830035755768e-08 0.024834020347569173 0.012625185314592698 0.001092495087068014 0.0004711094749661978 0.0611620022702244 0.004357627109581115 0.006505365927792019 3.0000230274786517e-05 1.7907070914440556e-05 0.14523198414622374 0.7436721779860013
0.016011328125 1714.205803413474 5.656934882143037 0.18138440307162151 1.0579578243987695e-08 5.319724900271493e-09 1.9525958320661455e-10 1.9894966003357e-11 7.397041047499138e-09 9.211515513454244e-08 0.0250629327171327 0.012484984340808743 0.0010870766138207032 0.0004671318657497667 0.060970392475154574 0.004339245135936366 0.006523683624973238 2.9796010303415538e-05 1.7614107418083615e-05 0.14534494613935325 0.743672081342554
0.016016601562500003 1717.2126666135914 5.665963126248731 0.18109538201169798 8.25104159395072e-09 4.193656922755625e-09 1.547941006647551e-10 1.5825911464048925e-11 5.842986558734746e-09 8.936256102479018e-08 0.025287535098591815 0.01234741124809978 0.001081869126418865 0.00046318769427813276 0.06078523017768659 0.004320614405307643 0.006541101615227351 2.959731054801333e-05 1.732722312480317e-05 0.1454543962859397 0.7436716219937698
0.016021875 1720.1720563410158 5.674840366705008 0.18081209170780888 6.434024236354903e-09 3.3050230517385496e-09 1.2266469891526848e-10 1.2582366070791143e-11 4.617794111737929e-09 8.679236061452047e-08 0.025507893152794885 0.012212425236668698 0.001076853581133445 0.00045927861485282824 0.060606119690882684 0.004301771573490295 0.006557665511905852 2.9403864415579974e-05 1.70464110916385e-05 0.14556060275190338 0.7436708383262701
0.0160271484375 1723.0851320324061 5.683570674613046 0.18053435341111118 5.015224823651359e-09 2.6035025450131993e-09 9.715044245119039e-11 9.9969569618261e-12 3.651473448448821e-09 8.437823838837426e-08 0.025724071935991508 0.012079985607052071 0.0010720126923638466 0.00045540602512456497 0.06043269693238653 0.004282750135325276 0.00657341805320585 2.9215423729908034e-05 1.677164756581176e-05 0.14566381020336583 0.7436697655881606
0.016032421875 1725.953004942493 5.692157935099795 0.18026199703344303 3.906176868186272e-09 2.0493420092400985e-09 7.688226701635441e-11 7.935752119079986e-12 2.888774629860678e-09 8.209898818726217e-08 0.025936135699446795 0.011950051890709872 0.0010673307772422628 0.00045157109259578743 0.060264626935631824 0.004263580669370015 0.006588399266379102 2.9031757032928512e-05 1.650289515936939e-05 0.14576424183005315 0.7436684361581564
0.016042968750000004 1731.556477544864 5.708915016390203 0.17973288337011964 2.409445378004246e-09 1.2887177651102894e-09 4.8813878718359685e-11 5.063791869426126e-12 1.8430408942358597e-09 7.789311373406811e-08 0.026348090113330773 0.011697589029072716 0.001058400962461957 0.0004440169786365699 0.05994362626386391 0.004224882489828052 0.006616160789333996 2.8678103674170718e-05 1.5983293804033666e-05 0.14595738847527712 0.7436651000123983
0.016053515625000004 1736.9963954335344 5.72515840547544 0.17922294618596898 1.4876480135364028e-09 8.108864208018853e-10 3.100075484285107e-11 3.2318247978496287e-12 1.185885969661132e-09 7.405294754022647e-08 0.026745002517131043 0.011454341101537096 0.0010499476974658375 0.00043662185208396273 0.05964001895500847 0.004185902421214976 0.006641318354562542 2.8340665276780103e-05 1.548635119755486e-05 0.14614187466870227 0.7436610678440958
0.016064062500000004 1742.2804618568712 5.7409142972040454 0.1787310702948886 9.195679061819503e-10 5.10596760083798e-10 1.9695157626588128e-11 2.0629745998968745e-12 7.726940339871361e-10 7.051471139939343e-08 0.02712743482494183 0.01121996727474166 0.0010418912261866025 0.00042938882799288314 0.05935195089531787 0.004146797444959833 0.006664110657504499 2.8018106572169348e-05 1.5011406728129933e-05 0.1463188612785601 0.743656495317043
0.016074609375000003 1747.4158588150922 5.756206911187087 0.17825623238388394 5.692957320488697e-10 3.2184563083554155e-10 1.2520729897286155e-11 1.3174052159214692e-12 5.125863275479281e-10 6.723305472333692e-08 0.027495940739388422 0.010994132010880918 0.0010341660142701885 0.00042231920752777014 0.05907783231235228 0.004107697400478597 0.006684748824007047 2.770923521250467e-05 1.4557670434032065e-05 0.14648931731776776 0.7436515106169366
0.016085156250000003 1752.409296118728 5.7710586930686665 0.17779749113319046 3.533434838648617e-10 2.032325586188134e-10 7.970151155134424e-12 8.422067619503301e-13 3.4858103042074975e-10 6.417493319618869e-08 0.027851064493859597 0.01077650610175105 0.001026718258873965 0.0004154128784871083 0.058816296326594485 0.0040687090350775956 0.006703419684686957 2.7412990140048505e-05 1.412426461327901e-05 0.14665405235936926 0.743646218517482
0.016090429687500005 1754.8550903071593 5.778326896953376 0.17757385054627833 2.7653889203510794e-10 1.6049573563741017e-10 6.320370525390204e-12 6.695051194910245e-13 2.8924285272366226e-10 6.272037055369167e-08 0.028023815359684272 0.010670647910413352 0.0010230819049880588 0.00041202053864253414 0.058689801618378425 0.004049288997003264 0.006712079243957739 2.7269243111621186e-05 1.3914824844728316e-05 0.14673452928826283 0.7436434876169131
0.016095703125000003 1757.266733186112 5.785489507714618 0.17735400875612617 2.1642947429202985e-10 1.267283015131506e-10 5.010854449375053e-12 5.319940575979653e-13 2.4221838985216104e-10 6.131387199592007e-08 0.028193286248699104 0.010566788863476803 0.0010194996466902125 0.00040866873449116575 0.05856611880218449 0.004029929406966975 0.006720297844263994 2.712839289647662e-05 1.3710256918983227e-05 0.14681379216741033 0.7436407177310482
0.0161009765625 1759.6449150921985 5.792548814701471 0.17713786963790853 1.6934802204301468e-10 1.0003432599159897e-10 3.9711057742377874e-12 4.2250673679010134e-13 2.0488136769534533e-10 5.995279705469092e-08 0.028359533828227087 0.010464893073874281 0.0010159671418974309 0.0004053571907211861 0.05844512618139689 0.00401063896097324 0.006728093513638793 2.6990333485861763e-05 1.3510436774249363e-05 0.14689190975804 0.7436379191493543
0.016106250000000003 1761.9903005384801 5.799507015490221 0.17692534107973515 1.3242687411456802e-10 7.891545341745265e-11 3.1450920781419893e-12 3.3530252433626893e-13 1.7516710659261437e-10 5.86348995050553e-08 0.02852261313732984 0.01036492549537821 0.0010124804706779825 0.0004020855910657284 0.05832671101939826 0.003991425502543902 0.006735483213150154 2.685496696001743e-05 1.3315246102704517e-05 0.14696894489254486 0.743635101439816
0.016116796875000002 1766.5846802312212 5.813126770306673 0.17651081721653367 8.231769886566939e-11 4.9844230573693e-11 2.0005253040582505e-12 2.1394111864648076e-13 1.3371826181552561e-10 5.612254032126082e-08 0.028839414877089964 0.010170677450077924 0.0010056339836212538 0.0003956610944845662 0.058097305091876224 0.003953251464229043 0.006749092971404627 2.6592045163330106e-05 1.293842404618144e-05 0.14711993832128784 0.743629437885941
0.016127343750000002 1771.0588997329137 5.826377675960685 0.17610937942521168 5.123581284624728e-11 3.1512298093899893e-11 1.2733878197655371e-12 1.3660830127967947e-13 1.0689963129081303e-10 5.375903381912145e-08 0.02914467061760954 0.009983491326508517 0.0009989310609498574 0.0003893908712682015 0.057876734614177104 0.003915452853561846 0.0067612896497744115 2.633858980419577e-05 1.2578336671262374e-05 0.14726731359430134 0.743623754535139
0.016137890625 1775.4177062176807 5.839275126284116 0.17572039929954295 3.1932292169484065e-11 1.994177943687497e-11 8.111225502449301e-13 8.728458153056434e-14 8.932648445270579e-11 5.1533295845246674e-08 0.029438824056908827 0.00980309385248796 0.0009923521577699912 0.0003832714332927654 0.057664341153815614 0.003878066064711663 0.006772176238591842 2.6094012857504125e-05 1.2234176129977278e-05 0.14741140344344525 0.7436180917344505
0.0161484375 1779.6655504923658 5.851833477892895 0.17534329380476138 1.9928289938354834e-11 1.2631965745469238e-11 5.170425193969963e-13 5.580351482195864e-14 7.760682089514992e-11 4.943520364082471e-08 0.029722300745367896 0.009629222438989664 0.0009858813615554662 0.00037729907395763976 0.05745954896161005 0.0038411193474075893 0.006781845111924055 2.5857776214783465e-05 1.1905141084199201e-05 0.14755248797527934 0.7436124825205224
0.016158984375 1783.806606569309 5.864066129112513 0.17497752143633646 1.2453437160988577e-11 8.009331321813478e-12 3.29820137181523e-13 3.5697756869201544e-14 6.96050494889558e-11 4.745565900591326e-08 0.029995507594412406 0.009461625365857157 0.0009795057404438376 0.0003714699507626436 0.05726185283694975 0.0038046342463065835 0.006790379251003738 2.5629390501199256e-05 1.1590452429113637e-05 0.14769080356782432 0.7436069540572735
0.01616953125 1787.8447887107222 5.875985588753789 0.17462257885296326 7.792079332417747e-12 5.082836844273422e-12 2.1052726867852516e-13 2.2847854746631408e-14 6.397584128899858e-11 4.5586440838906033e-08 0.030258832375398944 0.00930006194342149 0.0009732148076844528 0.0003657801495685927 0.057070807994805094 0.003768626803747348 0.0067978533728117 2.5408410791891278e-05 1.1289361694692409e-05 0.14782655021135546 0.7436015289050518
0.016180078125 1791.7837661985031 5.887603535963235 0.17427799792285206 4.880282583474954e-12 3.227645352123804e-12 1.3443383535137984e-13 1.4627409591615418e-14 5.987052903674384e-11 4.382007237817209e-08 0.03051264316908607 0.009144302669141537 0.0009670000824801263 0.0003602257338783924 0.05688602160384127 0.003733108580796097 0.006804334953977515 2.51944319984427e-05 1.1001155321441249e-05 0.1479598975675472 0.7435962261635883
0.016190625 1795.626975969924 5.898930872015317 0.17394334313681442 3.0571177453417386e-12 2.0492527063476854e-12 8.581146587410498e-14 9.360110335583354e-15 5.6752537561971136e-11 4.2149719024614754e-08 0.030757287724980993 0.008994129397917648 0.0009608547312497536 0.00035480278166777183 0.05670714570578755 0.003698087540149609 0.006809885174117221 2.4987084583017954e-05 1.0725156524061529e-05 0.14809098995776065 0.743591062533445
0.016201171875 1799.3776331390827 5.909977764556046 0.1736182093552268 1.910887343182832e-12 1.2980069207880956e-12 5.4636846065156144e-14 5.9740587735748456e-15 5.428134026909769e-11 4.056910201375095e-08 0.03099309268739079 0.008849335544821224 0.000954773276679074 0.00034950741154659524 0.056533871252980206 0.003663568827662706 0.006814559835727969 2.4786030636386822e-05 1.046072555683841e-05 0.1482199504343862 0.7435860533458154
0.01621171875 1803.0387392456425 5.92075368430598 0.17330221987301056 1.1837438971510248e-12 8.152043163277277e-13 3.4496599348366786e-14 3.781236775421508e-15 5.223931860336855e-11 3.907236448471783e-08 0.031220362640729773 0.008709726340072192 0.0009487513650985176 0.0003443357992367831 0.0563659230093858 0.0036295554803137003 0.006818410375005787 2.4590960043082626e-05 1.0207258403632619e-05 0.14834688402321167 0.7435812136217242
0.0162328125 1810.1009924183097 5.941520333968201 0.1726964983937723 4.954149735031176e-13 3.4895720627519726e-13 1.489232510215569e-14 1.63779082319325e-15 4.9019070375187886e-11 3.6312336080594645e-08 0.03165012733347223 0.008445517161334577 0.0009368757465979657 0.00033435213783578093 0.05604527294543474 0.003563050036263683 0.00682378596548906 2.4217915490305223e-05 9.731500880414997e-06 0.14859493730807716 0.7435720955867742
0.01625390625 1816.8552394146798 5.961359204572169 0.17212177988282448 2.084431029164669e-13 1.5011722836411572e-13 6.459500008230472e-15 7.143219791511827e-16 4.6379120328168316e-11 3.3821727980455915e-08 0.03205139318553386 0.00819874520015453 0.0009252013184455425 0.00032481436452310575 0.05574204683686824 0.0034984858544170406 0.006826486976081562 2.3864591957135766e-05 9.291971235314424e-06 0.14883610981897913 0.7435635260131978
0.016275 1823.3218791722047 5.9803335366884065 0.1715756739180238 8.817423430018574e-14 6.488650287427849e-14 2.8143391507939314e-15 3.140262205469397e-16 4.4090495712399074e-11 3.156898665541895e-08 0.03242641135982757 0.007968032622487974 0.0009137161708907433 0.00031569569065824496 0.05545472162028004 0.0034358272073100105 0.006826791032771376 2.352922588591197e-05 8.885259966533484e-06 0.14907085902861983 0.7435554991679344
0.016296093750000004 1829.5194355434846 5.998500488990049 0.17105604287190912 3.7501718813023296e-14 2.8178161875053122e-14 1.23176273278803e-15 1.3970807727358453e-16 4.20440640152324e-11 2.9526304635770036e-08 0.0327772526497239 0.007752112521163927 0.0009024129578279589 0.00030697120626995805 0.055181989705621944 0.0033750251278635386 0.006824940347131345 2.3210248948124386e-05 8.508186445094615e-06 0.14929954874690135 0.743547998733553
0.016317187500000004 1835.4647658094864 6.0159118640104845 0.1705609689779776 1.6037218108930552e-14 1.2294504559499886e-14 5.41800987805595e-16 6.347646404405396e-17 4.0183380065258634e-11 2.7669587433274203e-08 0.03310581975507626 0.00754982128259598 0.0008912872658052851 0.00029861780926678807 0.05492271360888013 0.003316023767216369 0.006821146885121182 2.290627662360812e-05 8.157897058431918e-06 0.1495224758310272 0.7435410019113948
0.016338281250000003 1841.1732363439066 6.032614709464988 0.17008872706583364 6.895798921488993e-15 5.390019049062404e-15 2.3975885744396453e-16 2.9994614639530893e-17 3.847572148221768e-11 2.597792693845753e-08 0.03341385904552939 0.007360091254612811 0.000880336512800369 0.0002906141053337555 0.05467589319019359 0.0032587640187768017 0.006815597398478915 2.2616083704861237e-05 7.83185723253088e-06 0.1497398882963108 0.7435344822204767
0.016359375000000002 1846.6588717638804 6.048651821651127 0.16963776177996068 2.9814470553323815e-15 2.3749058618404718e-15 1.0699085615913696e-16 1.5215998741385183e-17 3.689958527655878e-11 2.443313656592146e-08 0.03370297161654118 0.0071819438249548905 0.0008695592098864706 0.0002829402932481908 0.05444064163561099 0.0032031857426483 0.006808457506345089 2.2338582053615224e-05 7.527820121041457e-06 0.14995199789788968 0.7435284114005246
0.016380468750000002 1851.9344813414461 6.064062167176743 0.16920666848776597 1.2962016634940363e-15 1.052172392761625e-15 4.838764845716051e-17 8.650689465005043e-18 3.543920959941382e-11 2.3019360071782338e-08 0.03397462347376798 0.007014482994912637 0.00085895447139344 0.0002755780453715571 0.05421616763576406 0.0031492291701802596 0.006799874895331377 2.2072802212673028e-05 7.243792923749259e-06 0.15015898894305577 0.7435227607201504
0.0164015625 1857.0117653693953 6.078881234522406 0.16879417728755827 5.667057570785693e-16 4.692031691933463e-16 2.2410868545590838e-17 5.7055326308923794e-18 3.408210175369234e-11 2.1722742349575585e-08 0.03423015469240692 0.006856889517043776 0.0008485216947801457 0.0002685103895895359 0.05400176206514323 0.0030968357939284634 0.006789981824702411 2.1817878437418063e-05 6.978005880098203e-06 0.15036102447354527 0.7435175019075828
0.01642265625 1861.901403449918 6.093141323858961 0.1683991396672893 2.492118868702545e-16 2.1107656531442253e-16 1.0845872590364999e-17 4.361920664230665e-18 3.281786735823812e-11 2.0531151845679943e-08 0.034470787385511216 0.006708415662044181 0.0008382603563787626 0.0002617215963519907 0.053796788026484264 0.0030459489277749126 0.006778897100644646 2.1573036529288863e-05 6.7288849112857754e-06 0.15055825058839936 0.7435126078708654
0.01644375 1866.613126040064 6.1068717811022015 0.16802051747394708 1.1028119155792009e-16 9.62486101244008e-17 5.6730594507797264e-18 3.729437019821814e-18 3.163761426450935e-11 1.943394616078554e-08 0.03469763227750915 0.006568380687234479 0.0008281698869775506 0.0002551970724390095 0.05360067349932807 0.0029965140643497673 0.0067667276512988345 2.1337583951941482e-05 6.495027860452677e-06 0.15075079943049044 0.7435080533528418
0.01646484375 1871.1557699357784 6.120099180005798 0.1676573739455778 4.9153938277635335e-17 4.4922777693949414e-17 3.3469552301952956e-18 3.413866768067496e-18 3.0533618917233425e-11 1.8421773937732737e-08 0.034911693612399 0.006436167098191575 0.0008182496045991617 0.00024892326127238336 0.05341290607131246 0.0029484791377434793 0.00675356982601844 2.11109018048841e-05 6.275184057560103e-06 0.1509387911760406 0.7435038156741182
0.0164859375 1875.5373175542238 6.132847453777959 0.16730886664597247 2.2099007215885207e-17 2.1858563333791066e-17 2.2933425682018174e-18 3.240027593693432e-18 2.949911818208305e-11 1.748640728807236e-08 0.03511387202300226 0.0063112178279580745 0.000808498693566652 0.00024288754732068867 0.05323302933748299 0.002901794819931266 0.00673951059588086 2.0892438237889214e-05 6.068236877092822e-06 0.15112233519637777 0.7434998757673233
0.01650703125 1879.764918477756 6.145137974234242 0.1669742422534006 1.0016866760848079e-17 1.1405453408707815e-17 1.8096240544025445e-18 3.129734343285088e-18 2.852816015684903e-11 1.6620598676301735e-08 0.03530496483529975 0.006193034510130194 0.0007989162331259467 0.00023707815794676113 0.053060640453878614 0.0028564150502188145 0.006724629076277779 2.068170274803922e-05 5.873188257036603e-06 0.15130153030457258 0.7434962198382828
0.016528125 1883.8448883859278 6.15698956904424 0.16665283338412115 4.4720797509131625e-18 6.539337044603112e-18 1.5790312754135161e-18 3.0477937469135166e-18 2.7615458278050235e-11 1.5817925131187684e-08 0.03548566305543425 0.006081177105371606 0.0007895013042684475 0.00023148404632240206 0.05289538779454128 0.0028122980727831827 0.006708999746850449 2.0478260813995512e-05 5.689137555770963e-06 0.1514764633142035 0.7434928423161851
0.016570312500000003 1891.578752555187 6.179426653089364 0.16604772811496965 1.3508882233465586e-18 3.740637213272341e-18 1.432545868439771e-18 2.920097689228237e-18 2.5950749719517186e-11 1.438208926946199e-08 0.03581760331296139 0.005875296405260534 0.0007711713820132736 0.00022090934310471622 0.05258537541652775 0.002727742873791358 0.00667574012007677 2.0092125609541154e-05 5.351360111340158e-06 0.1518137516806092 0.7434869515717646
0.016612500000000002 1898.8377516564951 6.200459232433426 0.16548447757419904 5.835668832948376e-19 3.0246082829687027e-18 1.379482722813434e-18 2.804375296774772e-18 2.4457824315183704e-11 1.3130228356092248e-08 0.036119012347347934 0.005688159772941915 0.0007534745612362832 0.000211061674639695 0.052297578610876576 0.0026475392977266515 0.006640374291704599 1.9728490758416186e-05 5.047226969864359e-06 0.1521362532522657 0.7434817573187166
0.0166546875 1905.6647667762663 6.220215892341127 0.1649588655055311 3.923146421628e-19 2.8260127164959035e-18 1.348562741817322e-18 2.6933495024234992e-18 2.311225542051366e-11 1.2032553536304761e-08 0.03639400823564887 0.005517247708301692 0.0007363953566024217 0.00020187546684902083 0.05202967512990947 0.002571401454412288 0.00660329971476552 1.9384830305823956e-05 4.772331634664042e-06 0.1524447668636557 0.7434771608521191
0.016696875 1912.0975396907174 6.238809595652634 0.1644672338639245 3.441085022309264e-19 2.7562815194250757e-18 1.3222602596135973e-18 2.5855668571351972e-18 2.1893243259902416e-11 1.1064809840829403e-08 0.03664608122033854 0.005360424835589145 0.0007199165009786248 0.00019329281695562443 0.05177966035742968 0.0024990581155484096 0.006564857320434504 1.9058983620155344e-05 4.5228784165954235e-06 0.15274003912490894 0.743473076758947
0.0167390625 1918.1694148612016 6.256339998609713 0.16400639303958583 3.318195142418135e-19 2.7175980513651886e-18 1.2963524532061094e-18 2.48090733106918e-18 2.0783582788117717e-11 1.0207276098734346e-08 0.03687819325072933 0.005215878995723766 0.0007040196952164566 0.00018526227027644055 0.05154579080473384 0.002430259353433785 0.006525337737467933 1.8749105196724798e-05 4.295675857168383e-06 0.1530227704696279 0.7434694324135472
0.01678125 1923.9099451705467 6.272895310995774 0.16357355031944518 3.28536516334391e-19 2.6851699506983684e-18 1.2699432639364955e-18 2.3795070258127826e-18 1.976899970902135e-11 9.443809931234705e-09 0.037092861521985016 0.0050820701512491115 0.0006886860575056892 0.00017773791421067192 0.051326543549140846 0.00236477593613533 0.006484989462353367 1.8453612289701983e-05 4.08803132875986e-06 0.1532936177577691 0.7434661665423237
0.016823437500000003 1929.3453860570287 6.288553799811277 0.16316625244313498 3.27401862631956e-19 2.6528060571411886e-18 1.2429625278881892e-18 2.2815065041164897e-18 1.883758252008817e-11 8.761112457295152e-09 0.03729222835601742 0.004957687665403914 0.0006738964503435022 0.00017067865176918323 0.05112058457355981 0.002302397671454857 0.006444025420562161 1.817114278130731e-05 3.897660600821938e-06 0.15355319596402978 0.7434632276633973
0.016865625000000002 1934.4990933498987 6.303384989837604 0.1627823397201537 3.266484771026503e-19 2.61910381616938e-18 1.2155320048865257e-18 2.187000778698892e-18 1.797933508866524e-11 8.148160054712963e-09 0.03747811939536646 0.004841614724959448 0.000659631736182358 0.00016404760068450207 0.05092674358744235 0.0022429317383214375 0.006402628245341877 1.7900521853310325e-05 3.72261579013665e-06 0.15380207906884436 0.7434605725989445
0.0169078125 1939.391834952097 6.31745059385905 0.16241990998717992 3.2582118936314813e-19 2.583894107696222e-18 1.1878044228966753e-18 2.0960371124073683e-18 1.718582493882563e-11 7.595762457437332e-09 0.03765209165367725 0.004732898914227834 0.0006458729794898164 0.0001578115898674351 0.050743994327056646 0.0021862011963390583 0.006360954570666442 1.7640735842219687e-05 3.561228142043358e-06 0.15404080012456325 0.7434581650670498
0.01695 1944.0420209596045 6.3308051865067005 0.16207729136735194 3.2480788177760584e-19 2.547314650555622e-18 1.1599236867861816e-18 2.0086226368831085e-18 1.6449906053171673e-11 7.096217368297619e-09 0.03781547246055304 0.004630728211987284 0.0006326016049412474 0.0001519407345250331 0.050571439994968846 0.002132043701731931 0.006319138499734582 1.7390912252910593e-05 3.412062485168134e-06 0.15426985039638477 0.743455974307638
0.0169921875 1948.46585052137 6.34349661558987 0.1617530234479822 3.235872156821411e-19 2.509566134376696e-18 1.1320162266862993e-18 1.9247327075952247e-18 1.5765500722893605e-11 6.6430396276159795e-09 0.037969389684389745 0.004534411994354171 0.0006197995206841282 0.00014640807556906337 0.05040830402786917 0.002080310437898907 0.006277294343005966 1.7150305384153695e-05 3.273880979935747e-06 0.1544896773671859 0.7434539737037437
0.017034375 1952.677365899601 6.3555661207581835 0.16144584720040392 3.221618309953644e-19 2.4708477363674888e-18 1.104190174756523e-18 1.8443181618409472e-18 1.5127429401128057e-11 6.230748743705799e-09 0.038114792672475695 0.004443367034228945 0.000607449221773275 0.00014118926934638767 0.050253926920403896 0.002030865334009392 0.006235518755138719 1.691828733359993e-05 3.1456145229633585e-06 0.15470068119031255 0.7434521394544483
0.017076562500000003 1956.6883923775686 6.367048095781286 0.16115470487557895 3.205403847279075e-19 2.431340414996452e-18 1.0765362414752218e-18 1.7673114787386124e-18 1.4531279225926444e-11 5.854702620109149e-09 0.03825246185013784 0.004357109087615759 0.0005955339194922144 0.00013626230342792371 0.05010777008806435 0.0019835849737968184 0.0061938929322642635 1.6694344087356362e-05 3.0263411776696324e-06 0.15490320854157746 0.7434504497489943
0.017118750000000002 1960.5083168720776 6.377969365259782 0.16087875278822278 3.1873334404545425e-19 2.391210259141144e-18 1.0491306129014694e-18 1.693633222496185e-18 1.397328664538496e-11 5.510961080694915e-09 0.03838300235510247 0.004275251656906692 0.0005840378825344275 0.00013160715742366428 0.04996942566037816 0.0019383608046822753 0.006152489323390749 1.6478078384490346e-05 2.915270706366614e-06 0.15509753974684287 0.7434488865385862
0.017203125 1967.5946136889747 6.39818495611552 0.16037044315578028 3.1460135839816374e-19 2.309830060290029e-18 9.954497065540785e-19 1.5562126517323595e-18 1.2962012977118879e-11 4.908532619770599e-09 0.038623888972993015 0.004123898535053346 0.0005622623248601179 0.00012305505541831485 0.049715336464684665 0.0018538158793642836 0.006070678653768561 1.6067984571048e-05 2.715399202353855e-06 0.15546213480091042 0.7434461410075519
0.0172875 1974.1078837378286 6.416734456908265 0.15990684415817683 3.099263306683034e-19 2.2277583708287434e-18 9.434128181565138e-19 1.4304628035911216e-18 1.2060254486176403e-11 4.3948653161397735e-09 0.03884534752006677 0.003984640961980982 0.0005418981863109183 0.0001153482567791032 0.049483903911099095 0.0017758213650775035 0.005990237998448741 1.5680477161867245e-05 2.5390897429974654e-06 0.15580090185492262 0.7434436759713565
0.017371875000000002 1980.113710836222 6.43381176305816 0.15948240243786635 3.0480203218983164e-19 2.1459068280142552e-18 8.933459507106899e-19 1.3156289941354093e-18 1.1251907478526316e-11 3.953616715364417e-09 0.03905026850608698 0.0038556965798023832 0.0005228325842562621 0.00010837997744030296 0.04927224111665907 0.001703720755167108 0.005911435358857321 1.5312998360923333e-05 2.38265581702442e-06 0.15611628147046797 0.7434414440320887
0.01745625 1985.667699533096 6.449580924869511 0.15909246953537848 2.993179354967883e-19 2.0649967059664655e-18 8.454511313034481e-19 1.2109023437800102e-18 1.0523724433994907e-11 3.5720442085242605e-09 0.03924091664997395 0.0037356684734240826 0.0005049634238146263 0.00010206018163864974 0.04907797035100426 0.0016369296239576161 0.005834457566127616 1.496350026510418e-05 2.243097238315839e-06 0.15641041460502042 0.74343940894484
0.017540625 1990.8169284388896 6.464180493089827 0.1587331538627111 2.935550105150039e-19 1.985594464816578e-18 7.998477997497376e-19 1.1154826617193666e-18 9.864990285162432e-12 3.240127873605079e-09 0.03941908134974037 0.0036234532661489575 0.0004881988657000022 9.631253739829704e-05 0.04889911672005543 0.0015749382468158702 0.005759433240230083 1.4630328479623578e-05 2.117983562115923e-06 0.1566851687821476 0.7434375454296013
0.017625000000000002 1995.600789813044 6.477725880073001 0.15840123151283608 2.875847740617851e-19 1.9081359667982193e-18 7.565926276640419e-19 1.0286002742313564e-18 9.26696758085979e-12 2.9499110253603423e-09 0.03958617845791319 0.0035181784618297063 0.0004724567205365184 9.107220244772301e-05 0.04873405822188577 0.001517304377703482 0.0056864494905450496 1.4312167810071995e-05 2.005337415457808e-06 0.15694214521729322 0.7434358363853143
0.017709375 2000.0510475408507 6.4903092140312 0.15809412509777274 2.81468723575956e-19 1.832944843995384e-18 7.156939405057617e-19 9.495290927494401e-19 8.722505538173453e-12 2.695034692401052e-09 0.03974330221731403 0.003419167834608868 0.00045766400765620774 8.6284101429659e-05 0.04858152712296302 0.0014636472506148151 0.00561556276211224 1.4008029939053663e-05 1.9035504225711889e-06 0.1571826626396705 0.7434342677793844
0.01779375 2004.1906809770232 6.5019953135232145 0.15780998098726637 2.7525949953222525e-19 1.760250681444066e-18 6.771219193354247e-19 8.775943403401613e-19 8.225782351754397e-12 2.4704123628495765e-09 0.039891202130669184 0.0033259441717384108 0.0004437570386110596 8.190144324322686e-05 0.04844068322141873 0.0014136471283338664 0.0055468121294821315 1.3717293699789762e-05 1.8113318454150482e-06 0.15740769940839472 0.7434328222237994
0.0179625 2011.5704424392875 6.522756938787044 0.1573076793196237 2.6275295256081364e-19 1.6234324001880511e-18 6.07009133910457e-19 7.531800044316731e-19 7.360702098498227e-12 2.0974922265350473e-09 0.04015999905132367 0.0031562389090462567 0.0004184493584839793 7.422601953586125e-05 0.04819316111288151 0.0013239002266353464 0.005416283688093913 1.3176774860561491e-05 1.6521651809413362e-06 0.15781257771967477 0.7434303328693042
0.01813125 2018.1099072334064 6.541116247850049 0.156866155244364 2.5032669372588473e-19 1.4969174036581637e-18 5.447807339243196e-19 6.490746090739225e-19 6.622319609104917e-12 1.797840543354937e-09 0.0404036929743781 0.003002328855466898 0.00039574811541861235 6.764936013657698e-05 0.04797654028045522 0.0012444604229098861 0.0052930259790470845 1.2674158459122298e-05 1.5173805770691387e-06 0.15817425808527413 0.7434281025832884
0.0183 2023.9410978783235 6.557456337484441 0.15647527089755248 2.3817883146621846e-19 1.3807659774807785e-18 4.897463170765477e-19 5.617710474308325e-19 5.987581060783317e-12 1.55414945430589e-09 0.040625738963818145 0.0028620504666826262 0.00037529592131566654 6.197054771027761e-05 0.04778568479824557 0.0011737568680161542 0.005176729503872424 1.2205143818607344e-05 1.4020252792991638e-06 0.15849906718441512 0.743426097016563
0.01846875 2029.170086483547 6.572084016678455 0.15612699932058613 2.2644357470683526e-19 1.274620999821775e-18 4.411516628681262e-19 4.883316632650372e-19 5.4382969660472984e-12 1.3538308298480902e-09 0.040828890569928826 0.00273367697343016 0.00035679602343847424 5.703249897137299e-05 0.04761656384396361 0.0011104980625743647 0.0050670090129721216 1.1766318909307637e-05 1.3023527827526566e-06 0.15879217808983206 0.7434242848938017
0.0186375 2033.8830388228869 6.585247844377955 0.15581490341062995 2.1520654363609866e-19 1.1779150709707396e-18 3.982636484746292e-19 4.2633918556601715e-19 4.960124469699715e-12 1.1875767511541169e-09 0.04101539715857866 0.0026157962556598714 0.0003399996383334268 5.271102566430013e-05 0.04746593578409304 0.0010536257797280485 0.004963457176982552 1.1354863628928454e-05 1.21549800878516e-06 0.15905786594432322 0.7434226396823361
0.01880625 2038.1506455407755 6.59715127349143 0.15553376211483694 2.045175881111849e-19 1.0899765891104477e-18 3.604006313484555e-19 3.7381511692379576e-19 4.541613020859458e-12 1.0483959967404282e-09 0.04118713206914757 0.0025072314422891727 0.00032469713185619804 4.890700685052722e-05 0.04733115513223062 0.0010022682485230849 0.004865671218908534 1.0968399267305116e-05 1.139239006504119e-06 0.15929969043793274 0.743421138620924
0.018975 2042.0313893814985 6.607962320878569 0.15527929897009046 1.9440088241455874e-19 1.0100982932095383e-18 3.2694606176329796e-19 3.2914429801772613e-19 4.173528194774423e-12 9.309654041466238e-10 0.041345677736016176 0.0024069882867230837 0.00031071139654907713 4.55406793893223e-05 0.04721003815035206 0.0009557035531033264 0.004773268070522615 1.0604893295163923e-05 1.07183098227988e-06 0.1595206325125666 0.7434197619552352
0.01914375 2045.5739150550926 6.617820562858048 0.15504798703149442 1.8486285345360742e-19 9.375817802989304e-19 2.973528290063986e-19 2.910098879643663e-19 3.848366537668731e-12 8.311847307368847e-10 0.04149238262774566 0.0023142203499418204 0.00029789286361142035 4.2547460293417054e-05 0.04710076686532983 0.0009133321280063608 0.0046858951170084895 1.0262603499716065e-05 1.0118901422230333e-06 0.15972319427943843 0.7434184929798233
0.0193125 2048.818559795166 6.626841587630541 0.15483692242198585 1.7589839277081118e-19 8.71766400678618e-19 2.7114270387202607e-19 2.5833947734489604e-19 3.5600072165495175e-12 7.458673153907376e-10 0.041628395932159445 0.0022282085742242625 0.0002861159652134381 3.987491579853097e-05 0.04700182822092425 0.000874657040212534 0.004603240268647715 9.940060258037822e-06 9.583128617364028e-07 0.15990946086656496 0.7434173190935816
0.01948125 2051.797727873152 6.635117819494001 0.15464378850848365 1.6749588219282113e-19 8.120493561875884e-19 2.4790388385217283e-19 2.3026213026922973e-19 3.3034762104819416e-12 6.7252642581869e-10 0.041754670821697815 0.0021483602977200172 0.00027527704607136915 3.748064507674224e-05 0.04691200753385809 0.0008392717291937155 0.004525044310757761 9.636102300118111e-06 9.102224705724146e-07 0.16008110726221578 0.7434162333526819
0.01965 2054.533867823868 6.642711651999849 0.15446700241726555 1.5964236766497553e-19 7.579036365252791e-19 2.272889571372343e-19 2.0607667518930632e-19 3.0748348303472793e-12 6.092388660322269e-10 0.041871873988887934 0.002074258616797407 0.00026529391250407864 3.5330928342002265e-05 0.046830509876136045 0.0008068576442056263 0.004451121847943088 9.350015169114053e-06 8.669444431176387e-07 0.16023929922401697 0.7434152363891156
0.019987500000000002 2059.2889759189356 6.655868115110651 0.154161671935338 1.4562696155858235e-19 6.6516011613239535e-19 1.9300228436062913e-19 1.6742403544570877e-19 2.6917662309453948e-12 5.077061490809095e-10 0.04207878063909525 0.0019432653420824746 0.00024772841662890093 3.168165946603377e-05 0.04669250987756353 0.0007503266982750432 0.004316403591491 8.833528210051782e-06 7.933072827337743e-07 0.16051597054587083 0.7434137058835109
0.020325000000000003 2063.4203236236162 6.6672835118048726 0.15389772386155817 1.3325344945109114e-19 5.872716050865997e-19 1.6526517511890847e-19 1.3765587408036698e-19 2.3768226929795585e-12 4.2863412878298823e-10 0.042261211861786926 0.0018277443883176917 0.0002324266299015208 2.8636848686731394e-05 0.046575500007466124 0.0007014801629394873 0.004193788164704406 8.367718029108572e-06 7.313960762023356e-07 0.1607577266314124 0.743412385759543
0.0206625 2067.039498383159 6.67727220411512 0.153667504549838 1.2233953538186042e-19 5.215807313426238e-19 1.4265398925830221e-19 1.1444563293885188e-19 2.1152387026518876e-12 3.660934994158945e-10 0.04242291359408929 0.001725330496898346 0.00021899615417622916 2.6068242741709795e-05 0.046475447760505106 0.0006589206110514199 0.004081802845362561 7.946444330466905e-06 6.787200819255735e-07 0.16097065304589192 0.7434112417165368
0.021 2070.2334276341185 6.686078491447275 0.15346510785340214 1.1270179277823672e-19 4.658809320910515e-19 1.2407314883815176e-19 9.613366774631782e-20 1.895881531162914e-12 3.159378739928789e-10 0.04256695651803831 0.0016340846074513757 0.00020712949394532801 2.388007414968099e-05 0.04638926228966251 0.0006215577154166623 0.003979179984902247 7.5644747206919894e-06 6.33429552681361e-07 0.161159507877034 0.7434102432171673
0.021337500000000002 2073.0707234952574 6.693894900679269 0.1532859078355189 1.0417458427540328e-19 4.183959700525513e-19 1.0868570585641434e-19 8.152629211701166e-20 1.7103278884495238e-12 2.752130692897911e-10 0.042695865631952115 0.0015524124430999343 0.00019658238125401875 2.1999755906307943e-05 0.046314519026186635 0.0005885361075154496 0.0038848433935615326 7.2173119864495945e-06 5.941307846824634e-07 0.16132806620106785 0.7434093633396363
0.021675 2075.606076988029 6.700874858208701 0.15312623777014917 9.6613420940293e-20 3.777035543776543e-19 9.585033086361504e-20 6.975576142934836e-20 1.5521422181176616e-12 2.417796973218728e-10 0.04281171932191883 0.0014790029341124125 0.00018715996845636746 2.037168524020326e-05 0.04624928588198368 0.000559180929171514 0.0037978914964256457 6.901114439974254e-06 5.597603945821554e-07 0.1614793494244386 0.7434085772399609
0.0220125 2077.8828495811817 6.707140153304568 0.1529831990018053 8.989612487212957e-20 3.4267436299275963e-19 8.507580855774407e-20 6.018660397209624e-20 1.4163951800514857e-12 2.1407185283504038e-10 0.042916210413270026 0.0014127922392407233 0.00017870884916628988 1.895325677692676e-05 0.04619201467954073 0.0005329641383931827 0.0037175999009483795 6.612703350134906e-06 5.295061977833215e-07 0.16161575208648643 0.7434078620110157
0.022350000000000002 2079.932151794295 6.712777653896671 0.15285472120624816 8.392570112569395e-20 3.1243733367557e-19 7.599178067026427e-20 5.2355395057283087e-20 1.2994027142513337e-12 1.9095184432199226e-10 0.04301060231893412 0.0013529931621671977 0.00017111598908476115 1.7712812341745618e-05 0.04614157885337058 0.0005094962149561835 0.003643472224862241 6.349776769513777e-06 5.027730208999233e-07 0.16173897331324896 0.7434072023688675
0.023025000000000004 2083.361322785933 6.722188020823604 0.15264074042963768 7.407769687307517e-20 2.644060746173759e-19 6.199233400770186e-20 4.0748304638642957e-20 1.1137250415347597e-12 1.5576418117381284e-10 0.04316948987917118 0.0012522197992662872 0.000158327426470498 1.5698500853337978e-05 0.04606085692293593 0.00047019881985947064 0.0035140570988650573 5.900166393560129e-06 4.5878589197589124e-07 0.1619464773879065 0.7434063150553832
0.023700000000000002 2086.250623769245 6.730110918802702 0.15246104695524978 6.600268325986987e-20 2.2683476404271655e-19 5.145852976345129e-20 3.2424332353467836e-20 9.681973316031186e-13 1.2957606855441285e-10 0.0433038928238689 0.0011669604734463488 0.0001475815798230451 1.4078344368763922e-05 0.045995771407608264 0.0004373577641125767 0.0034004491903535335 5.515442974619756e-06 4.227188262843647e-07 0.1621223825183124 0.7434055876056359
0.024375 2088.713377149048 6.736860026231227 0.1523083087388281 5.932726635904963e-20 1.9703482714805392e-19 4.338537347155129e-20 2.6311205610437055e-20 8.522189537721423e-13 1.0963730781396871e-10 0.04341865230039572 0.0010941501745774904 0.00013844913405948865 1.2754397779745766e-05 0.04594264735113479 0.00040957597683182183 0.0033000402757094207 5.18405678684756e-06 3.9269473819205904e-07 0.1622731692237811 0.7434049843035908
0.025050000000000003 2090.8336055045265 6.742667573776004 0.15217712360551133 5.3758183030209716e-20 1.7307652837372986e-19 3.709246463330707e-20 2.172528864830523e-20 7.583963895505946e-13 9.415296068068993e-11 0.043517477786891925 0.0010314401741535648 0.0001306117780624078 1.1657658529514882e-05 0.04589881408927382 0.00038582612441047853 0.003210769681915436 4.89684565255035e-06 3.673782871361471e-07 0.16240366082731875 0.743404477560468
0.025725000000000005 2092.674760071971 6.747708825890989 0.15206343120026333 4.907213854125597e-20 1.5357758503967936e-19 3.2112496452476326e-20 1.8219712191926306e-20 6.814950027467749e-13 8.191908376118217e-11 0.043603230812940805 0.0009770190547152965 0.00012382947572001814 1.0738446787792476e-05 0.04586228877579199 0.0003653403694410953 0.0031309993934887015 4.646520274076544e-06 3.457982514339725e-07 0.16251751681793722 0.743404044451926
0.026400000000000003 2094.2847972871637 6.752116311358719 0.15196417085989403 4.510030572053921e-20 1.3754160091454618e-19 2.8120222465458813e-20 1.549634848734333e-20 6.177682250793045e-13 7.21123256531596e-11 0.043678107747942674 0.0009294989462680601 0.00011792176086146709 9.960692349986315e-06 0.04583158276792733 0.0003475448117300778 0.0030594556679547458 4.427368004621224e-06 3.272433823072196e-07 0.1626175089251084 0.7434036639956153
0.027200000000000002 2095.931877623632 6.7566228122752925 0.15186281450267405 4.1165120896294926e-20 1.221120313146975e-19 2.437325677614713e-20 1.3017796935189494e-20 5.559309884254875e-13 6.289915988055078e-11 0.04375456287894443 0.0008809646312176288 0.00011189391685933739 9.18954341007835e-06 0.045801547554971886 0.0003294360095571501 0.00298432998892681 4.203021816271212e-06 3.08546149844119e-07 0.16272026672472284 0.7434032971198437
0.028000000000000004 2097.3608500373307 6.760532915341129 0.15177498130015962 3.786605933404306e-20 1.095488577153732e-19 2.139764263280582e-20 1.1108378915658654e-20 5.051158430121764e-13 5.5566016947662257e-11 0.043820718899988384 0.0008389745316094558 0.0001066934543820189 8.542606808855515e-06 0.04577653855537307 0.00031384704414540496 0.0029176523062442884 4.0089929364034925e-06 2.9259500357562744e-07 0.16280977305785854 0.7434029578994541
0.0296 2099.5998761458513 6.766650672450201 0.15163776090621406 3.290851472268251e-20 9.132469600323904e-20 1.7209101900184555e-20 8.519389030924903e-21 4.3046275132383077e-13 4.5205181166735043e-11 0.04392414774941715 0.000773277392660019 9.854993474094671e-05 7.564724590763308e-06 0.045740099848950645 0.0002895100693236225 0.0028094608236419513 3.7051274574684023e-06 2.679725383147392e-07 0.16295085789880723 0.7434025584121114
0.031200000000000002 2101.3804400495637 6.771514678094808 0.15152883890572239 2.91706699520552e-20 7.815366771355479e-20 1.429067711178601e-20 6.793586778377548e-21 3.7563969962621633e-13 3.793812481454159e-11 0.04400603811799148 0.0007212555886975791 9.212175062553775e-05 6.823631489514059e-06 0.04571322105067367 0.0002703580377469729 0.002720498180246887 3.4655507656598674e-06 2.488244671657639e-07 0.16306371878242812 0.7434022504464288
0.0328 2102.817639989983 6.775440105463014 0.1514410489699917 2.629846217890069e-20 6.838166461484585e-20 1.219004069536048e-20 5.596725261414427e-21 3.343384411311929e-13 3.266944074748815e-11 0.044071798027466795 0.0006794768717946937 8.696792169166193e-05 6.249539016296404e-06 0.045693016513748644 0.0002550375022483824 0.002646652524747976 3.2740390278304575e-06 2.3365168736743996e-07 0.16315528495089537 0.7434020084245464
0.0344 2103.9917582495273 6.778646693809178 0.15136941090936232 2.40527434996773e-20 6.096418569756037e-20 1.0635952434894402e-20 4.738845410091704e-21 3.0255073342874464e-13 2.8743712952389255e-11 0.044125243817112164 0.0006455190208378458 8.278322898600812e-05 5.79681949598782e-06 0.04567756832601998 0.00024261967781871407 0.0025848937887733747 3.119140407194749e-06 2.214477150373154e-07 0.16323042125232645 0.7434018134513362
0.036000000000000004 2104.9604964467057 6.781292780039613 0.15131034598959364 2.22716598328324e-20 5.522767455961115e-20 9.460035725195496e-21 4.106998726992489e-21 2.776577624837948e-13 2.575300150033461e-11 0.044169103876506084 0.0006176517607330952 7.935223449950477e-05 5.4347634113787995e-06 0.04566554887290989 0.0002324519961065616 0.0025329619735621387 2.9926675600219786e-06 2.1151724721079704e-07 0.163292650274907 0.7434016400364016
0.0376 2105.7654159956273 6.78349605549564 0.15126120047983146 2.0852357930278212e-20 5.075330310966845e-20 8.559836177930711e-21 3.634244315456076e-21 2.5801293311531046e-13 2.344745794534571e-11 0.044205200654723484 0.0005947355805042988 7.653933337356737e-05 5.144067087269324e-06 0.04565582333086615 0.00022412012521708184 0.002489447861534589 2.889322166686755e-06 2.0341719969722316e-07 0.16334450609343049 0.7434013901900665
0.0392 2106.406697599992 6.785278920825111 0.1512214558572121 1.981481363942401e-20 4.754254030505227e-20 7.924566908594085e-21 3.3063560361344557e-21 2.437004940880676e-13 2.1800566031334673e-11 0.04423298374670209 0.0005772644119311993 7.445459828312721e-05 4.931529969088168e-06 0.0456466654437569 0.00021790895319008754 0.0024565074356084587 2.8123623784485836e-06 1.973760115714072e-07 0.16338561226223103 0.7434006618577685
0.04 2106.406697599992 6.7852789208259034 0.15122145585719443 1.981222313082172e-20 4.7542538328485953e-20 7.92456682027477e-21 3.3063555587266585e-21 2.4370049408805534e-13 2.1800566031334673e-11 0.04423298374670209 0.0005772644119311993 7.445459828312721e-05 4.931529969088168e-06 0.0456466654437569 0.00021790895319008754 0.0024565074356084587 2.8123623784485836e-06 1.973760115714072e-07 0.16338561226223103 0.7434006618578938
