<?xml version="1.0"?>
<VTKFile type="PolyData" version="1.0" byte_order="LittleEndian" header_type="UInt64">
  <PolyData>
    <Piece NumberOfPoints="2000" NumberOfPolys="2000">
      <Points>
        <DataArray type="Float64" Name="Points" NumberOfComponents="3" format="ascii">
-0.6 -0.7 0.0 -0.600001 -0.699686 0.0 -0.600002 -0.699372 0.0 -0.600005 -0.699058 0.0 -0.600008 -0.698743 0.0 -0.600013 -0.698429 0.0 -0.600018 -0.698115 0.0 -0.600025 -0.697801 0.0 -0.600032 -0.697487 0.0 -0.60004 -0.697173 0.0 -0.600049 -0.696859 0.0 -0.60006 -0.696545 0.0 -0.600071 -0.696231 0.0 -0.600084 -0.695917 0.0 -0.600097 -0.695603 0.0 -0.600112 -0.695289 0.0 -0.600126 -0.694976 0.0 -0.600143 -0.694662 0.0 -0.60016 -0.694348 0.0 -0.600179 -0.694035 0.0 -0.600197 -0.693721 0.0 -0.600218 -0.693407 0.0 -0.600239 -0.693094 0.0 -0.600261 -0.692781 0.0 -0.600284 -0.692467 0.0 -0.600309 -0.692154 0.0 -0.600333 -0.691841 0.0 -0.60036 -0.691528 0.0 -0.600387 -0.691215 0.0 -0.600415 -0.690902 0.0 -0.600444 -0.690589 0.0 -0.600474 -0.690276 0.0 -0.600505 -0.689964 0.0 -0.600537 -0.689651 0.0 -0.60057 -0.689339 0.0 -0.600604 -0.689027 0.0 -0.600639 -0.688714 0.0 -0.600675 -0.688402 0.0 -0.600712 -0.68809 0.0 -0.60075 -0.687778 0.0 -0.600789 -0.687467 0.0 -0.600829 -0.687155 0.0 -0.600869 -0.686844 0.0 -0.600912 -0.686532 0.0 -0.600954 -0.686221 0.0 -0.600998 -0.68591 0.0 -0.601042 -0.685599 0.0 -0.601089 -0.685288 0.0 -0.601135 -0.684977 0.0 -0.601183 -0.684667 0.0 -0.601231 -0.684357 0.0 -0.601281 -0.684046 0.0 -0.601331 -0.683736 0.0 -0.601383 -0.683426 0.0 -0.601436 -0.683117 0.0 -0.60149 -0.682807 0.0 -0.601544 -0.682498 0.0 -0.6016 -0.682189 0.0 -0.601655 -0.681879 0.0 -0.601713 -0.681571 0.0 -0.601771 -0.681262 0.0 -0.601831 -0.680953 0.0 -0.601891 -0.680645 0.0 -0.601953 -0.680337 0.0 -0.602014 -0.680029 0.0 -0.602078 -0.679721 0.0 -0.602142 -0.679414 0.0 -0.602208 -0.679107 0.0 -0.602273 -0.678799 0.0 -0.602341 -0.678492 0.0 -0.602408 -0.678186 0.0 -0.602478 -0.677879 0.0 -0.602547 -0.677573 0.0 -0.602619 -0.677267 0.0 -0.60269 -0.676961 0.0 -0.602763 -0.676656 0.0 -0.602837 -0.67635 0.0 -0.602912 -0.676045 0.0 -0.602987 -0.67574 0.0 -0.603065 -0.675436 0.0 -0.603142 -0.675131 0.0 -0.603221 -0.674827 0.0 -0.6033 -0.674523 0.0 -0.603381 -0.674219 0.0 -0.603462 -0.673916 0.0 -0.603545 -0.673613 0.0 -0.603628 -0.67331 0.0 -0.603712 -0.673007 0.0 -0.603797 -0.672705 0.0 -0.603884 -0.672403 0.0 -0.603971 -0.672101 0.0 -0.604059 -0.671799 0.0 -0.604148 -0.671498 0.0 -0.604238 -0.671197 0.0 -0.604329 -0.670896 0.0 -0.604421 -0.670596 0.0 -0.604514 -0.670296 0.0 -0.604608 -0.669996 0.0 -0.604702 -0.669696 0.0 -0.604798 -0.669397 0.0 -0.604894 -0.669098 0.0 -0.604992 -0.6688 0.0 -0.60509 -0.668501 0.0 -0.60519 -0.668203 0.0 -0.60529 -0.667906 0.0 -0.605392 -0.667608 0.0 -0.605494 -0.667311 0.0 -0.605597 -0.667015 0.0 -0.605701 -0.666718 0.0 -0.605806 -0.666422 0.0 -0.605912 -0.666126 0.0 -0.606019 -0.665831 0.0 -0.606127 -0.665536 0.0 -0.606236 -0.665241 0.0 -0.606345 -0.664947 0.0 -0.606456 -0.664653 0.0 -0.606567 -0.664359 0.0 -0.60668 -0.664066 0.0 -0.606793 -0.663772 0.0 -0.606908 -0.66348 0.0 -0.607022 -0.663188 0.0 -0.607139 -0.662896 0.0 -0.607255 -0.662604 0.0 -0.607374 -0.662313 0.0 -0.607492 -0.662022 0.0 -0.607613 -0.661732 0.0 -0.607733 -0.661442 0.0 -0.607855 -0.661152 0.0 -0.607977 -0.660863 0.0 -0.608101 -0.660574 0.0 -0.608225 -0.660285 0.0 -0.60835 -0.659997 0.0 -0.608476 -0.659709 0.0 -0.608603 -0.659422 0.0 -0.608731 -0.659135 0.0 -0.60886 -0.658849 0.0 -0.608989 -0.658562 0.0 -0.60912 -0.658277 0.0 -0.609252 -0.657991 0.0 -0.609384 -0.657707 0.0 -0.609517 -0.657422 0.0 -0.609652 -0.657138 0.0 -0.609787 -0.656854 0.0 -0.609923 -0.656571 0.0 -0.610059 -0.656288 0.0 -0.610198 -0.656006 0.0 -0.610336 -0.655724 0.0 -0.610476 -0.655443 0.0 -0.610616 -0.655162 0.0 -0.610758 -0.654881 0.0 -0.610899 -0.654601 0.0 -0.611043 -0.654321 0.0 -0.611186 -0.654042 0.0 -0.611332 -0.653763 0.0 -0.611477 -0.653485 0.0 -0.611624 -0.653207 0.0 -0.611771 -0.65293 0.0 -0.61192 -0.652653 0.0 -0.612068 -0.652376 0.0 -0.612219 -0.6521 0.0 -0.612369 -0.651825 0.0 -0.612522 -0.65155 0.0 -0.612674 -0.651275 0.0 -0.612828 -0.651001 0.0 -0.612982 -0.650727 0.0 -0.613137 -0.650454 0.0 -0.613293 -0.650181 0.0 -0.61345 -0.64991 0.0 -0.613608 -0.649638 0.0 -0.613767 -0.649367 0.0 -0.613926 -0.649096 0.0 -0.614087 -0.648826 0.0 -0.614247 -0.648556 0.0 -0.61441 -0.648287 0.0 -0.614572 -0.648018 0.0 -0.614736 -0.64775 0.0 -0.614901 -0.647483 0.0 -0.615066 -0.647216 0.0 -0.615232 -0.646949 0.0 -0.6154 -0.646683 0.0 -0.615567 -0.646417 0.0 -0.615736 -0.646153 0.0 -0.615906 -0.645888 0.0 -0.616076 -0.645624 0.0 -0.616247 -0.645361 0.0 -0.61642 -0.645098 0.0 -0.616592 -0.644835 0.0 -0.616766 -0.644574 0.0 -0.61694 -0.644312 0.0 -0.617116 -0.644052 0.0 -0.617292 -0.643792 0.0 -0.617469 -0.643532 0.0 -0.617647 -0.643273 0.0 -0.617826 -0.643015 0.0 -0.618005 -0.642757 0.0 -0.618185 -0.6425 0.0 -0.618366 -0.642243 0.0 -0.618548 -0.641987 0.0 -0.618731 -0.641731 0.0 -0.618914 -0.641476 0.0 -0.619098 -0.641221 0.0 -0.619284 -0.640968 0.0 -0.619469 -0.640714 0.0 -0.619656 -0.640462 0.0 -0.619843 -0.64021 0.0 -0.620032 -0.639958 0.0 -0.620221 -0.639707 0.0 -0.620411 -0.639457 0.0 -0.620601 -0.639207 0.0 -0.620793 -0.638958 0.0 -0.620984 -0.638709 0.0 -0.621178 -0.638462 0.0 -0.621371 -0.638214 0.0 -0.621566 -0.637968 0.0 -0.621761 -0.637721 0.0 -0.621957 -0.637476 0.0 -0.622154 -0.637231 0.0 -0.622352 -0.636987 0.0 -0.62255 -0.636743 0.0 -0.622749 -0.6365 0.0 -0.622949 -0.636258 0.0 -0.62315 -0.636016 0.0 -0.623351 -0.635775 0.0 -0.623553 -0.635535 0.0 -0.623756 -0.635294 0.0 -0.62396 -0.635056 0.0 -0.624164 -0.634817 0.0 -0.624369 -0.634579 0.0 -0.624575 -0.634341 0.0 -0.624782 -0.634105 0.0 -0.624989 -0.633869 0.0 -0.625197 -0.633634 0.0 -0.625406 -0.633399 0.0 -0.625616 -0.633165 0.0 -0.625826 -0.632931 0.0 -0.626037 -0.632699 0.0 -0.626249 -0.632467 0.0 -0.626462 -0.632236 0.0 -0.626674 -0.632005 0.0 -0.626889 -0.631775 0.0 -0.627103 -0.631545 0.0 -0.627319 -0.631317 0.0 -0.627535 -0.631089 0.0 -0.627752 -0.630862 0.0 -0.627969 -0.630635 0.0 -0.628188 -0.630409 0.0 -0.628406 -0.630183 0.0 -0.628626 -0.629959 0.0 -0.628846 -0.629735 0.0 -0.629068 -0.629512 0.0 -0.629289 -0.629289 0.0 -0.629512 -0.629068 0.0 -0.629735 -0.628846 0.0 -0.629959 -0.628626 0.0 -0.630183 -0.628406 0.0 -0.630409 -0.628188 0.0 -0.630635 -0.627969 0.0 -0.630862 -0.627752 0.0 -0.631089 -0.627535 0.0 -0.631317 -0.627319 0.0 -0.631545 -0.627103 0.0 -0.631775 -0.626889 0.0 -0.632005 -0.626674 0.0 -0.632236 -0.626462 0.0 -0.632467 -0.626249 0.0 -0.632699 -0.626037 0.0 -0.632931 -0.625826 0.0 -0.633165 -0.625616 0.0 -0.633399 -0.625406 0.0 -0.633634 -0.625197 0.0 -0.633869 -0.624989 0.0 -0.634105 -0.624782 0.0 -0.634341 -0.624575 0.0 -0.634579 -0.624369 0.0 -0.634817 -0.624164 0.0 -0.635056 -0.62396 0.0 -0.635294 -0.623756 0.0 -0.635535 -0.623553 0.0 -0.635775 -0.623351 0.0 -0.636016 -0.62315 0.0 -0.636258 -0.622949 0.0 -0.6365 -0.622749 0.0 -0.636743 -0.62255 0.0 -0.636987 -0.622352 0.0 -0.637231 -0.622154 0.0 -0.637476 -0.621957 0.0 -0.637721 -0.621761 0.0 -0.637968 -0.621566 0.0 -0.638214 -0.621371 0.0 -0.638462 -0.621178 0.0 -0.638709 -0.620984 0.0 -0.638958 -0.620793 0.0 -0.639207 -0.620601 0.0 -0.639457 -0.620411 0.0 -0.639707 -0.620221 0.0 -0.639958 -0.620032 0.0 -0.64021 -0.619843 0.0 -0.640462 -0.619656 0.0 -0.640714 -0.619469 0.0 -0.640968 -0.619284 0.0 -0.641221 -0.619098 0.0 -0.641476 -0.618914 0.0 -0.641731 -0.618731 0.0 -0.641987 -0.618548 0.0 -0.642243 -0.618366 0.0 -0.6425 -0.618185 0.0 -0.642757 -0.618005 0.0 -0.643015 -0.617826 0.0 -0.643273 -0.617647 0.0 -0.643532 -0.617469 0.0 -0.643792 -0.617292 0.0 -0.644052 -0.617116 0.0 -0.644312 -0.61694 0.0 -0.644574 -0.616766 0.0 -0.644835 -0.616592 0.0 -0.645098 -0.61642 0.0 -0.645361 -0.616247 0.0 -0.645624 -0.616076 0.0 -0.645888 -0.615906 0.0 -0.646153 -0.615736 0.0 -0.646417 -0.615567 0.0 -0.646683 -0.6154 0.0 -0.646949 -0.615232 0.0 -0.647216 -0.615066 0.0 -0.647483 -0.614901 0.0 -0.64775 -0.614736 0.0 -0.648018 -0.614572 0.0 -0.648287 -0.61441 0.0 -0.648556 -0.614247 0.0 -0.648826 -0.614087 0.0 -0.649096 -0.613926 0.0 -0.649367 -0.613767 0.0 -0.649638 -0.613608 0.0 -0.64991 -0.61345 0.0 -0.650181 -0.613293 0.0 -0.650454 -0.613137 0.0 -0.650727 -0.612982 0.0 -0.651001 -0.612828 0.0 -0.651275 -0.612674 0.0 -0.65155 -0.612522 0.0 -0.651825 -0.612369 0.0 -0.6521 -0.612219 0.0 -0.652376 -0.612068 0.0 -0.652653 -0.61192 0.0 -0.65293 -0.611771 0.0 -0.653207 -0.611624 0.0 -0.653485 -0.611477 0.0 -0.653763 -0.611332 0.0 -0.654042 -0.611186 0.0 -0.654321 -0.611043 0.0 -0.654601 -0.610899 0.0 -0.654881 -0.610758 0.0 -0.655162 -0.610616 0.0 -0.655443 -0.610476 0.0 -0.655724 -0.610336 0.0 -0.656006 -0.610198 0.0 -0.656288 -0.610059 0.0 -0.656571 -0.609923 0.0 -0.656854 -0.609787 0.0 -0.657138 -0.609652 0.0 -0.657422 -0.609517 0.0 -0.657707 -0.609384 0.0 -0.657991 -0.609252 0.0 -0.658277 -0.60912 0.0 -0.658562 -0.608989 0.0 -0.658849 -0.60886 0.0 -0.659135 -0.608731 0.0 -0.659422 -0.608603 0.0 -0.659709 -0.608476 0.0 -0.659997 -0.60835 0.0 -0.660285 -0.608225 0.0 -0.660574 -0.608101 0.0 -0.660863 -0.607977 0.0 -0.661152 -0.607855 0.0 -0.661442 -0.607733 0.0 -0.661732 -0.607613 0.0 -0.662022 -0.607492 0.0 -0.662313 -0.607374 0.0 -0.662604 -0.607255 0.0 -0.662896 -0.607139 0.0 -0.663188 -0.607022 0.0 -0.66348 -0.606908 0.0 -0.663772 -0.606793 0.0 -0.664066 -0.60668 0.0 -0.664359 -0.606567 0.0 -0.664653 -0.606456 0.0 -0.664947 -0.606345 0.0 -0.665241 -0.606236 0.0 -0.665536 -0.606127 0.0 -0.665831 -0.606019 0.0 -0.666126 -0.605912 0.0 -0.666422 -0.605806 0.0 -0.666718 -0.605701 0.0 -0.667015 -0.605597 0.0 -0.667311 -0.605494 0.0 -0.667608 -0.605392 0.0 -0.667906 -0.60529 0.0 -0.668203 -0.60519 0.0 -0.668501 -0.60509 0.0 -0.6688 -0.604992 0.0 -0.669098 -0.604894 0.0 -0.669397 -0.604798 0.0 -0.669696 -0.604702 0.0 -0.669996 -0.604608 0.0 -0.670296 -0.604514 0.0 -0.670596 -0.604421 0.0 -0.670896 -0.604329 0.0 -0.671197 -0.604238 0.0 -0.671498 -0.604148 0.0 -0.671799 -0.604059 0.0 -0.672101 -0.603971 0.0 -0.672403 -0.603884 0.0 -0.672705 -0.603797 0.0 -0.673007 -0.603712 0.0 -0.67331 -0.603628 0.0 -0.673613 -0.603545 0.0 -0.673916 -0.603462 0.0 -0.674219 -0.603381 0.0 -0.674523 -0.6033 0.0 -0.674827 -0.603221 0.0 -0.675131 -0.603142 0.0 -0.675436 -0.603065 0.0 -0.67574 -0.602987 0.0 -0.676045 -0.602912 0.0 -0.67635 -0.602837 0.0 -0.676656 -0.602763 0.0 -0.676961 -0.60269 0.0 -0.677267 -0.602619 0.0 -0.677573 -0.602547 0.0 -0.677879 -0.602478 0.0 -0.678186 -0.602408 0.0 -0.678492 -0.602341 0.0 -0.678799 -0.602273 0.0 -0.679107 -0.602208 0.0 -0.679414 -0.602142 0.0 -0.679721 -0.602078 0.0 -0.680029 -0.602014 0.0 -0.680337 -0.601953 0.0 -0.680645 -0.601891 0.0 -0.680953 -0.601831 0.0 -0.681262 -0.601771 0.0 -0.681571 -0.601713 0.0 -0.681879 -0.601655 0.0 -0.682189 -0.6016 0.0 -0.682498 -0.601544 0.0 -0.682807 -0.60149 0.0 -0.683117 -0.601436 0.0 -0.683426 -0.601383 0.0 -0.683736 -0.601331 0.0 -0.684046 -0.601281 0.0 -0.684357 -0.601231 0.0 -0.684667 -0.601183 0.0 -0.684977 -0.601135 0.0 -0.685288 -0.601089 0.0 -0.685599 -0.601042 0.0 -0.68591 -0.600998 0.0 -0.686221 -0.600954 0.0 -0.686532 -0.600912 0.0 -0.686844 -0.600869 0.0 -0.687155 -0.600829 0.0 -0.687467 -0.600789 0.0 -0.687778 -0.60075 0.0 -0.68809 -0.600712 0.0 -0.688402 -0.600675 0.0 -0.688714 -0.600639 0.0 -0.689027 -0.600604 0.0 -0.689339 -0.60057 0.0 -0.689651 -0.600537 0.0 -0.689964 -0.600505 0.0 -0.690276 -0.600474 0.0 -0.690589 -0.600444 0.0 -0.690902 -0.600415 0.0 -0.691215 -0.600387 0.0 -0.691528 -0.60036 0.0 -0.691841 -0.600333 0.0 -0.692154 -0.600309 0.0 -0.692467 -0.600284 0.0 -0.692781 -0.600261 0.0 -0.693094 -0.600239 0.0 -0.693407 -0.600218 0.0 -0.693721 -0.600197 0.0 -0.694035 -0.600179 0.0 -0.694348 -0.60016 0.0 -0.694662 -0.600143 0.0 -0.694976 -0.600126 0.0 -0.695289 -0.600112 0.0 -0.695603 -0.600097 0.0 -0.695917 -0.600084 0.0 -0.696231 -0.600071 0.0 -0.696545 -0.60006 0.0 -0.696859 -0.600049 0.0 -0.697173 -0.60004 0.0 -0.697487 -0.600032 0.0 -0.697801 -0.600025 0.0 -0.698115 -0.600018 0.0 -0.698429 -0.600013 0.0 -0.698743 -0.600008 0.0 -0.699058 -0.600005 0.0 -0.699372 -0.600002 0.0 -0.699686 -0.600001 0.0 -0.7 -0.6 0.0 -0.700314 -0.600001 0.0 -0.700628 -0.600002 0.0 -0.700942 -0.600005 0.0 -0.701257 -0.600008 0.0 -0.701571 -0.600013 0.0 -0.701885 -0.600018 0.0 -0.702199 -0.600025 0.0 -0.702513 -0.600032 0.0 -0.702827 -0.60004 0.0 -0.703141 -0.600049 0.0 -0.703455 -0.60006 0.0 -0.703769 -0.600071 0.0 -0.704083 -0.600084 0.0 -0.704397 -0.600097 0.0 -0.704711 -0.600112 0.0 -0.705024 -0.600126 0.0 -0.705338 -0.600143 0.0 -0.705652 -0.60016 0.0 -0.705965 -0.600179 0.0 -0.706279 -0.600197 0.0 -0.706593 -0.600218 0.0 -0.706906 -0.600239 0.0 -0.707219 -0.600261 0.0 -0.707533 -0.600284 0.0 -0.707846 -0.600309 0.0 -0.708159 -0.600333 0.0 -0.708472 -0.60036 0.0 -0.708785 -0.600387 0.0 -0.709098 -0.600415 0.0 -0.709411 -0.600444 0.0 -0.709724 -0.600474 0.0 -0.710036 -0.600505 0.0 -0.710349 -0.600537 0.0 -0.710661 -0.60057 0.0 -0.710973 -0.600604 0.0 -0.711286 -0.600639 0.0 -0.711598 -0.600675 0.0 -0.71191 -0.600712 0.0 -0.712222 -0.60075 0.0 -0.712533 -0.600789 0.0 -0.712845 -0.600829 0.0 -0.713156 -0.600869 0.0 -0.713468 -0.600912 0.0 -0.713779 -0.600954 0.0 -0.71409 -0.600998 0.0 -0.714401 -0.601042 0.0 -0.714712 -0.601089 0.0 -0.715023 -0.601135 0.0 -0.715333 -0.601183 0.0 -0.715643 -0.601231 0.0 -0.715954 -0.601281 0.0 -0.716264 -0.601331 0.0 -0.716574 -0.601383 0.0 -0.716883 -0.601436 0.0 -0.717193 -0.60149 0.0 -0.717502 -0.601544 0.0 -0.717811 -0.6016 0.0 -0.718121 -0.601655 0.0 -0.718429 -0.601713 0.0 -0.718738 -0.601771 0.0 -0.719047 -0.601831 0.0 -0.719355 -0.601891 0.0 -0.719663 -0.601953 0.0 -0.719971 -0.602014 0.0 -0.720279 -0.602078 0.0 -0.720586 -0.602142 0.0 -0.720893 -0.602208 0.0 -0.721201 -0.602273 0.0 -0.721508 -0.602341 0.0 -0.721814 -0.602408 0.0 -0.722121 -0.602478 0.0 -0.722427 -0.602547 0.0 -0.722733 -0.602619 0.0 -0.723039 -0.60269 0.0 -0.723344 -0.602763 0.0 -0.72365 -0.602837 0.0 -0.723955 -0.602912 0.0 -0.72426 -0.602987 0.0 -0.724564 -0.603065 0.0 -0.724869 -0.603142 0.0 -0.725173 -0.603221 0.0 -0.725477 -0.6033 0.0 -0.725781 -0.603381 0.0 -0.726084 -0.603462 0.0 -0.726387 -0.603545 0.0 -0.72669 -0.603628 0.0 -0.726993 -0.603712 0.0 -0.727295 -0.603797 0.0 -0.727597 -0.603884 0.0 -0.727899 -0.603971 0.0 -0.728201 -0.604059 0.0 -0.728502 -0.604148 0.0 -0.728803 -0.604238 0.0 -0.729104 -0.604329 0.0 -0.729404 -0.604421 0.0 -0.729704 -0.604514 0.0 -0.730004 -0.604608 0.0 -0.730304 -0.604702 0.0 -0.730603 -0.604798 0.0 -0.730902 -0.604894 0.0 -0.7312 -0.604992 0.0 -0.731499 -0.60509 0.0 -0.731797 -0.60519 0.0 -0.732094 -0.60529 0.0 -0.732392 -0.605392 0.0 -0.732689 -0.605494 0.0 -0.732985 -0.605597 0.0 -0.733282 -0.605701 0.0 -0.733578 -0.605806 0.0 -0.733874 -0.605912 0.0 -0.734169 -0.606019 0.0 -0.734464 -0.606127 0.0 -0.734759 -0.606236 0.0 -0.735053 -0.606345 0.0 -0.735347 -0.606456 0.0 -0.735641 -0.606567 0.0 -0.735934 -0.60668 0.0 -0.736228 -0.606793 0.0 -0.73652 -0.606908 0.0 -0.736812 -0.607022 0.0 -0.737104 -0.607139 0.0 -0.737396 -0.607255 0.0 -0.737687 -0.607374 0.0 -0.737978 -0.607492 0.0 -0.738268 -0.607613 0.0 -0.738558 -0.607733 0.0 -0.738848 -0.607855 0.0 -0.739137 -0.607977 0.0 -0.739426 -0.608101 0.0 -0.739715 -0.608225 0.0 -0.740003 -0.60835 0.0 -0.740291 -0.608476 0.0 -0.740578 -0.608603 0.0 -0.740865 -0.608731 0.0 -0.741151 -0.60886 0.0 -0.741438 -0.608989 0.0 -0.741723 -0.60912 0.0 -0.742009 -0.609252 0.0 -0.742293 -0.609384 0.0 -0.742578 -0.609517 0.0 -0.742862 -0.609652 0.0 -0.743146 -0.609787 0.0 -0.743429 -0.609923 0.0 -0.743712 -0.610059 0.0 -0.743994 -0.610198 0.0 -0.744276 -0.610336 0.0 -0.744557 -0.610476 0.0 -0.744838 -0.610616 0.0 -0.745119 -0.610758 0.0 -0.745399 -0.610899 0.0 -0.745679 -0.611043 0.0 -0.745958 -0.611186 0.0 -0.746237 -0.611332 0.0 -0.746515 -0.611477 0.0 -0.746793 -0.611624 0.0 -0.74707 -0.611771 0.0 -0.747347 -0.61192 0.0 -0.747624 -0.612068 0.0 -0.7479 -0.612219 0.0 -0.748175 -0.612369 0.0 -0.74845 -0.612522 0.0 -0.748725 -0.612674 0.0 -0.748999 -0.612828 0.0 -0.749273 -0.612982 0.0 -0.749546 -0.613137 0.0 -0.749819 -0.613293 0.0 -0.75009 -0.61345 0.0 -0.750362 -0.613608 0.0 -0.750633 -0.613767 0.0 -0.750904 -0.613926 0.0 -0.751174 -0.614087 0.0 -0.751444 -0.614247 0.0 -0.751713 -0.61441 0.0 -0.751982 -0.614572 0.0 -0.75225 -0.614736 0.0 -0.752517 -0.614901 0.0 -0.752784 -0.615066 0.0 -0.753051 -0.615232 0.0 -0.753317 -0.6154 0.0 -0.753583 -0.615567 0.0 -0.753847 -0.615736 0.0 -0.754112 -0.615906 0.0 -0.754376 -0.616076 0.0 -0.754639 -0.616247 0.0 -0.754902 -0.61642 0.0 -0.755165 -0.616592 0.0 -0.755426 -0.616766 0.0 -0.755688 -0.61694 0.0 -0.755948 -0.617116 0.0 -0.756208 -0.617292 0.0 -0.756468 -0.617469 0.0 -0.756727 -0.617647 0.0 -0.756985 -0.617826 0.0 -0.757243 -0.618005 0.0 -0.7575 -0.618185 0.0 -0.757757 -0.618366 0.0 -0.758013 -0.618548 0.0 -0.758269 -0.618731 0.0 -0.758524 -0.618914 0.0 -0.758779 -0.619098 0.0 -0.759032 -0.619284 0.0 -0.759286 -0.619469 0.0 -0.759538 -0.619656 0.0 -0.75979 -0.619843 0.0 -0.760042 -0.620032 0.0 -0.760293 -0.620221 0.0 -0.760543 -0.620411 0.0 -0.760793 -0.620601 0.0 -0.761042 -0.620793 0.0 -0.761291 -0.620984 0.0 -0.761538 -0.621178 0.0 -0.761786 -0.621371 0.0 -0.762032 -0.621566 0.0 -0.762279 -0.621761 0.0 -0.762524 -0.621957 0.0 -0.762769 -0.622154 0.0 -0.763013 -0.622352 0.0 -0.763257 -0.62255 0.0 -0.7635 -0.622749 0.0 -0.763742 -0.622949 0.0 -0.763984 -0.62315 0.0 -0.764225 -0.623351 0.0 -0.764465 -0.623553 0.0 -0.764706 -0.623756 0.0 -0.764944 -0.62396 0.0 -0.765183 -0.624164 0.0 -0.765421 -0.624369 0.0 -0.765659 -0.624575 0.0 -0.765895 -0.624782 0.0 -0.766131 -0.624989 0.0 -0.766366 -0.625197 0.0 -0.766601 -0.625406 0.0 -0.766835 -0.625616 0.0 -0.767069 -0.625826 0.0 -0.767301 -0.626037 0.0 -0.767533 -0.626249 0.0 -0.767764 -0.626462 0.0 -0.767995 -0.626674 0.0 -0.768225 -0.626889 0.0 -0.768455 -0.627103 0.0 -0.768683 -0.627319 0.0 -0.768911 -0.627535 0.0 -0.769138 -0.627752 0.0 -0.769365 -0.627969 0.0 -0.769591 -0.628188 0.0 -0.769817 -0.628406 0.0 -0.770041 -0.628626 0.0 -0.770265 -0.628846 0.0 -0.770488 -0.629068 0.0 -0.770711 -0.629289 0.0 -0.770932 -0.629512 0.0 -0.771154 -0.629735 0.0 -0.771374 -0.629959 0.0 -0.771594 -0.630183 0.0 -0.771812 -0.630409 0.0 -0.772031 -0.630635 0.0 -0.772248 -0.630862 0.0 -0.772465 -0.631089 0.0 -0.772681 -0.631317 0.0 -0.772897 -0.631545 0.0 -0.773111 -0.631775 0.0 -0.773326 -0.632005 0.0 -0.773538 -0.632236 0.0 -0.773751 -0.632467 0.0 -0.773963 -0.632699 0.0 -0.774174 -0.632931 0.0 -0.774384 -0.633165 0.0 -0.774594 -0.633399 0.0 -0.774803 -0.633634 0.0 -0.775011 -0.633869 0.0 -0.775218 -0.634105 0.0 -0.775425 -0.634341 0.0 -0.775631 -0.634579 0.0 -0.775836 -0.634817 0.0 -0.77604 -0.635056 0.0 -0.776244 -0.635294 0.0 -0.776447 -0.635535 0.0 -0.776649 -0.635775 0.0 -0.77685 -0.636016 0.0 -0.777051 -0.636258 0.0 -0.777251 -0.6365 0.0 -0.77745 -0.636743 0.0 -0.777648 -0.636987 0.0 -0.777846 -0.637231 0.0 -0.778043 -0.637476 0.0 -0.778239 -0.637721 0.0 -0.778434 -0.637968 0.0 -0.778629 -0.638214 0.0 -0.778822 -0.638462 0.0 -0.779016 -0.638709 0.0 -0.779207 -0.638958 0.0 -0.779399 -0.639207 0.0 -0.779589 -0.639457 0.0 -0.779779 -0.639707 0.0 -0.779968 -0.639958 0.0 -0.780157 -0.64021 0.0 -0.780344 -0.640462 0.0 -0.780531 -0.640714 0.0 -0.780716 -0.640968 0.0 -0.780902 -0.641221 0.0 -0.781086 -0.641476 0.0 -0.781269 -0.641731 0.0 -0.781452 -0.641987 0.0 -0.781634 -0.642243 0.0 -0.781815 -0.6425 0.0 -0.781995 -0.642757 0.0 -0.782174 -0.643015 0.0 -0.782353 -0.643273 0.0 -0.782531 -0.643532 0.0 -0.782708 -0.643792 0.0 -0.782884 -0.644052 0.0 -0.78306 -0.644312 0.0 -0.783234 -0.644574 0.0 -0.783408 -0.644835 0.0 -0.78358 -0.645098 0.0 -0.783753 -0.645361 0.0 -0.783924 -0.645624 0.0 -0.784094 -0.645888 0.0 -0.784264 -0.646153 0.0 -0.784433 -0.646417 0.0 -0.7846 -0.646683 0.0 -0.784768 -0.646949 0.0 -0.784934 -0.647216 0.0 -0.785099 -0.647483 0.0 -0.785264 -0.64775 0.0 -0.785428 -0.648018 0.0 -0.78559 -0.648287 0.0 -0.785753 -0.648556 0.0 -0.785913 -0.648826 0.0 -0.786074 -0.649096 0.0 -0.786233 -0.649367 0.0 -0.786392 -0.649638 0.0 -0.78655 -0.64991 0.0 -0.786707 -0.650181 0.0 -0.786863 -0.650454 0.0 -0.787018 -0.650727 0.0 -0.787172 -0.651001 0.0 -0.787326 -0.651275 0.0 -0.787478 -0.65155 0.0 -0.787631 -0.651825 0.0 -0.787781 -0.6521 0.0 -0.787932 -0.652376 0.0 -0.78808 -0.652653 0.0 -0.788229 -0.65293 0.0 -0.788376 -0.653207 0.0 -0.788523 -0.653485 0.0 -0.788668 -0.653763 0.0 -0.788814 -0.654042 0.0 -0.788957 -0.654321 0.0 -0.789101 -0.654601 0.0 -0.789242 -0.654881 0.0 -0.789384 -0.655162 0.0 -0.789524 -0.655443 0.0 -0.789664 -0.655724 0.0 -0.789802 -0.656006 0.0 -0.789941 -0.656288 0.0 -0.790077 -0.656571 0.0 -0.790213 -0.656854 0.0 -0.790348 -0.657138 0.0 -0.790483 -0.657422 0.0 -0.790616 -0.657707 0.0 -0.790748 -0.657991 0.0 -0.79088 -0.658277 0.0 -0.791011 -0.658562 0.0 -0.79114 -0.658849 0.0 -0.791269 -0.659135 0.0 -0.791397 -0.659422 0.0 -0.791524 -0.659709 0.0 -0.79165 -0.659997 0.0 -0.791775 -0.660285 0.0 -0.791899 -0.660574 0.0 -0.792023 -0.660863 0.0 -0.792145 -0.661152 0.0 -0.792267 -0.661442 0.0 -0.792387 -0.661732 0.0 -0.792508 -0.662022 0.0 -0.792626 -0.662313 0.0 -0.792745 -0.662604 0.0 -0.792861 -0.662896 0.0 -0.792978 -0.663188 0.0 -0.793092 -0.66348 0.0 -0.793207 -0.663772 0.0 -0.79332 -0.664066 0.0 -0.793433 -0.664359 0.0 -0.793544 -0.664653 0.0 -0.793655 -0.664947 0.0 -0.793764 -0.665241 0.0 -0.793873 -0.665536 0.0 -0.793981 -0.665831 0.0 -0.794088 -0.666126 0.0 -0.794194 -0.666422 0.0 -0.794299 -0.666718 0.0 -0.794403 -0.667015 0.0 -0.794506 -0.667311 0.0 -0.794608 -0.667608 0.0 -0.79471 -0.667906 0.0 -0.79481 -0.668203 0.0 -0.79491 -0.668501 0.0 -0.795008 -0.6688 0.0 -0.795106 -0.669098 0.0 -0.795202 -0.669397 0.0 -0.795298 -0.669696 0.0 -0.795392 -0.669996 0.0 -0.795486 -0.670296 0.0 -0.795579 -0.670596 0.0 -0.795671 -0.670896 0.0 -0.795762 -0.671197 0.0 -0.795852 -0.671498 0.0 -0.795941 -0.671799 0.0 -0.796029 -0.672101 0.0 -0.796116 -0.672403 0.0 -0.796203 -0.672705 0.0 -0.796288 -0.673007 0.0 -0.796372 -0.67331 0.0 -0.796455 -0.673613 0.0 -0.796538 -0.673916 0.0 -0.796619 -0.674219 0.0 -0.7967 -0.674523 0.0 -0.796779 -0.674827 0.0 -0.796858 -0.675131 0.0 -0.796935 -0.675436 0.0 -0.797013 -0.67574 0.0 -0.797088 -0.676045 0.0 -0.797163 -0.67635 0.0 -0.797237 -0.676656 0.0 -0.79731 -0.676961 0.0 -0.797381 -0.677267 0.0 -0.797453 -0.677573 0.0 -0.797522 -0.677879 0.0 -0.797592 -0.678186 0.0 -0.797659 -0.678492 0.0 -0.797727 -0.678799 0.0 -0.797792 -0.679107 0.0 -0.797858 -0.679414 0.0 -0.797922 -0.679721 0.0 -0.797986 -0.680029 0.0 -0.798047 -0.680337 0.0 -0.798109 -0.680645 0.0 -0.798169 -0.680953 0.0 -0.798229 -0.681262 0.0 -0.798287 -0.681571 0.0 -0.798345 -0.681879 0.0 -0.7984 -0.682189 0.0 -0.798456 -0.682498 0.0 -0.79851 -0.682807 0.0 -0.798564 -0.683117 0.0 -0.798617 -0.683426 0.0 -0.798669 -0.683736 0.0 -0.798719 -0.684046 0.0 -0.798769 -0.684357 0.0 -0.798817 -0.684667 0.0 -0.798865 -0.684977 0.0 -0.798911 -0.685288 0.0 -0.798958 -0.685599 0.0 -0.799002 -0.68591 0.0 -0.799046 -0.686221 0.0 -0.799088 -0.686532 0.0 -0.799131 -0.686844 0.0 -0.799171 -0.687155 0.0 -0.799211 -0.687467 0.0 -0.79925 -0.687778 0.0 -0.799288 -0.68809 0.0 -0.799325 -0.688402 0.0 -0.799361 -0.688714 0.0 -0.799396 -0.689027 0.0 -0.79943 -0.689339 0.0 -0.799463 -0.689651 0.0 -0.799495 -0.689964 0.0 -0.799526 -0.690276 0.0 -0.799556 -0.690589 0.0 -0.799585 -0.690902 0.0 -0.799613 -0.691215 0.0 -0.79964 -0.691528 0.0 -0.799667 -0.691841 0.0 -0.799691 -0.692154 0.0 -0.799716 -0.692467 0.0 -0.799739 -0.692781 0.0 -0.799761 -0.693094 0.0 -0.799782 -0.693407 0.0 -0.799803 -0.693721 0.0 -0.799821 -0.694035 0.0 -0.79984 -0.694348 0.0 -0.799857 -0.694662 0.0 -0.799874 -0.694976 0.0 -0.799888 -0.695289 0.0 -0.799903 -0.695603 0.0 -0.799916 -0.695917 0.0 -0.799929 -0.696231 0.0 -0.79994 -0.696545 0.0 -0.799951 -0.696859 0.0 -0.79996 -0.697173 0.0 -0.799968 -0.697487 0.0 -0.799975 -0.697801 0.0 -0.799982 -0.698115 0.0 -0.799987 -0.698429 0.0 -0.799992 -0.698743 0.0 -0.799995 -0.699058 0.0 -0.799998 -0.699372 0.0 -0.799999 -0.699686 0.0 -0.8 -0.7 0.0 -0.799999 -0.700314 0.0 -0.799998 -0.700628 0.0 -0.799995 -0.700942 0.0 -0.799992 -0.701257 0.0 -0.799987 -0.701571 0.0 -0.799982 -0.701885 0.0 -0.799975 -0.702199 0.0 -0.799968 -0.702513 0.0 -0.79996 -0.702827 0.0 -0.799951 -0.703141 0.0 -0.79994 -0.703455 0.0 -0.799929 -0.703769 0.0 -0.799916 -0.704083 0.0 -0.799903 -0.704397 0.0 -0.799888 -0.704711 0.0 -0.799874 -0.705024 0.0 -0.799857 -0.705338 0.0 -0.79984 -0.705652 0.0 -0.799821 -0.705965 0.0 -0.799803 -0.706279 0.0 -0.799782 -0.706593 0.0 -0.799761 -0.706906 0.0 -0.799739 -0.707219 0.0 -0.799716 -0.707533 0.0 -0.799691 -0.707846 0.0 -0.799667 -0.708159 0.0 -0.79964 -0.708472 0.0 -0.799613 -0.708785 0.0 -0.799585 -0.709098 0.0 -0.799556 -0.709411 0.0 -0.799526 -0.709724 0.0 -0.799495 -0.710036 0.0 -0.799463 -0.710349 0.0 -0.79943 -0.710661 0.0 -0.799396 -0.710973 0.0 -0.799361 -0.711286 0.0 -0.799325 -0.711598 0.0 -0.799288 -0.71191 0.0 -0.79925 -0.712222 0.0 -0.799211 -0.712533 0.0 -0.799171 -0.712845 0.0 -0.799131 -0.713156 0.0 -0.799088 -0.713468 0.0 -0.799046 -0.713779 0.0 -0.799002 -0.71409 0.0 -0.798958 -0.714401 0.0 -0.798911 -0.714712 0.0 -0.798865 -0.715023 0.0 -0.798817 -0.715333 0.0 -0.798769 -0.715643 0.0 -0.798719 -0.715954 0.0 -0.798669 -0.716264 0.0 -0.798617 -0.716574 0.0 -0.798564 -0.716883 0.0 -0.79851 -0.717193 0.0 -0.798456 -0.717502 0.0 -0.7984 -0.717811 0.0 -0.798345 -0.718121 0.0 -0.798287 -0.718429 0.0 -0.798229 -0.718738 0.0 -0.798169 -0.719047 0.0 -0.798109 -0.719355 0.0 -0.798047 -0.719663 0.0 -0.797986 -0.719971 0.0 -0.797922 -0.720279 0.0 -0.797858 -0.720586 0.0 -0.797792 -0.720893 0.0 -0.797727 -0.721201 0.0 -0.797659 -0.721508 0.0 -0.797592 -0.721814 0.0 -0.797522 -0.722121 0.0 -0.797453 -0.722427 0.0 -0.797381 -0.722733 0.0 -0.79731 -0.723039 0.0 -0.797237 -0.723344 0.0 -0.797163 -0.72365 0.0 -0.797088 -0.723955 0.0 -0.797013 -0.72426 0.0 -0.796935 -0.724564 0.0 -0.796858 -0.724869 0.0 -0.796779 -0.725173 0.0 -0.7967 -0.725477 0.0 -0.796619 -0.725781 0.0 -0.796538 -0.726084 0.0 -0.796455 -0.726387 0.0 -0.796372 -0.72669 0.0 -0.796288 -0.726993 0.0 -0.796203 -0.727295 0.0 -0.796116 -0.727597 0.0 -0.796029 -0.727899 0.0 -0.795941 -0.728201 0.0 -0.795852 -0.728502 0.0 -0.795762 -0.728803 0.0 -0.795671 -0.729104 0.0 -0.795579 -0.729404 0.0 -0.795486 -0.729704 0.0 -0.795392 -0.730004 0.0 -0.795298 -0.730304 0.0 -0.795202 -0.730603 0.0 -0.795106 -0.730902 0.0 -0.795008 -0.7312 0.0 -0.79491 -0.731499 0.0 -0.79481 -0.731797 0.0 -0.79471 -0.732094 0.0 -0.794608 -0.732392 0.0 -0.794506 -0.732689 0.0 -0.794403 -0.732985 0.0 -0.794299 -0.733282 0.0 -0.794194 -0.733578 0.0 -0.794088 -0.733874 0.0 -0.793981 -0.734169 0.0 -0.793873 -0.734464 0.0 -0.793764 -0.734759 0.0 -0.793655 -0.735053 0.0 -0.793544 -0.735347 0.0 -0.793433 -0.735641 0.0 -0.79332 -0.735934 0.0 -0.793207 -0.736228 0.0 -0.793092 -0.73652 0.0 -0.792978 -0.736812 0.0 -0.792861 -0.737104 0.0 -0.792745 -0.737396 0.0 -0.792626 -0.737687 0.0 -0.792508 -0.737978 0.0 -0.792387 -0.738268 0.0 -0.792267 -0.738558 0.0 -0.792145 -0.738848 0.0 -0.792023 -0.739137 0.0 -0.791899 -0.739426 0.0 -0.791775 -0.739715 0.0 -0.79165 -0.740003 0.0 -0.791524 -0.740291 0.0 -0.791397 -0.740578 0.0 -0.791269 -0.740865 0.0 -0.79114 -0.741151 0.0 -0.791011 -0.741438 0.0 -0.79088 -0.741723 0.0 -0.790748 -0.742009 0.0 -0.790616 -0.742293 0.0 -0.790483 -0.742578 0.0 -0.790348 -0.742862 0.0 -0.790213 -0.743146 0.0 -0.790077 -0.743429 0.0 -0.789941 -0.743712 0.0 -0.789802 -0.743994 0.0 -0.789664 -0.744276 0.0 -0.789524 -0.744557 0.0 -0.789384 -0.744838 0.0 -0.789242 -0.745119 0.0 -0.789101 -0.745399 0.0 -0.788957 -0.745679 0.0 -0.788814 -0.745958 0.0 -0.788668 -0.746237 0.0 -0.788523 -0.746515 0.0 -0.788376 -0.746793 0.0 -0.788229 -0.74707 0.0 -0.78808 -0.747347 0.0 -0.787932 -0.747624 0.0 -0.787781 -0.7479 0.0 -0.787631 -0.748175 0.0 -0.787478 -0.74845 0.0 -0.787326 -0.748725 0.0 -0.787172 -0.748999 0.0 -0.787018 -0.749273 0.0 -0.786863 -0.749546 0.0 -0.786707 -0.749819 0.0 -0.78655 -0.75009 0.0 -0.786392 -0.750362 0.0 -0.786233 -0.750633 0.0 -0.786074 -0.750904 0.0 -0.785913 -0.751174 0.0 -0.785753 -0.751444 0.0 -0.78559 -0.751713 0.0 -0.785428 -0.751982 0.0 -0.785264 -0.75225 0.0 -0.785099 -0.752517 0.0 -0.784934 -0.752784 0.0 -0.784768 -0.753051 0.0 -0.7846 -0.753317 0.0 -0.784433 -0.753583 0.0 -0.784264 -0.753847 0.0 -0.784094 -0.754112 0.0 -0.783924 -0.754376 0.0 -0.783753 -0.754639 0.0 -0.78358 -0.754902 0.0 -0.783408 -0.755165 0.0 -0.783234 -0.755426 0.0 -0.78306 -0.755688 0.0 -0.782884 -0.755948 0.0 -0.782708 -0.756208 0.0 -0.782531 -0.756468 0.0 -0.782353 -0.756727 0.0 -0.782174 -0.756985 0.0 -0.781995 -0.757243 0.0 -0.781815 -0.7575 0.0 -0.781634 -0.757757 0.0 -0.781452 -0.758013 0.0 -0.781269 -0.758269 0.0 -0.781086 -0.758524 0.0 -0.780902 -0.758779 0.0 -0.780716 -0.759032 0.0 -0.780531 -0.759286 0.0 -0.780344 -0.759538 0.0 -0.780157 -0.75979 0.0 -0.779968 -0.760042 0.0 -0.779779 -0.760293 0.0 -0.779589 -0.760543 0.0 -0.779399 -0.760793 0.0 -0.779207 -0.761042 0.0 -0.779016 -0.761291 0.0 -0.778822 -0.761538 0.0 -0.778629 -0.761786 0.0 -0.778434 -0.762032 0.0 -0.778239 -0.762279 0.0 -0.778043 -0.762524 0.0 -0.777846 -0.762769 0.0 -0.777648 -0.763013 0.0 -0.77745 -0.763257 0.0 -0.777251 -0.7635 0.0 -0.777051 -0.763742 0.0 -0.77685 -0.763984 0.0 -0.776649 -0.764225 0.0 -0.776447 -0.764465 0.0 -0.776244 -0.764706 0.0 -0.77604 -0.764944 0.0 -0.775836 -0.765183 0.0 -0.775631 -0.765421 0.0 -0.775425 -0.765659 0.0 -0.775218 -0.765895 0.0 -0.775011 -0.766131 0.0 -0.774803 -0.766366 0.0 -0.774594 -0.766601 0.0 -0.774384 -0.766835 0.0 -0.774174 -0.767069 0.0 -0.773963 -0.767301 0.0 -0.773751 -0.767533 0.0 -0.773538 -0.767764 0.0 -0.773326 -0.767995 0.0 -0.773111 -0.768225 0.0 -0.772897 -0.768455 0.0 -0.772681 -0.768683 0.0 -0.772465 -0.768911 0.0 -0.772248 -0.769138 0.0 -0.772031 -0.769365 0.0 -0.771812 -0.769591 0.0 -0.771594 -0.769817 0.0 -0.771374 -0.770041 0.0 -0.771154 -0.770265 0.0 -0.770932 -0.770488 0.0 -0.770711 -0.770711 0.0 -0.770488 -0.770932 0.0 -0.770265 -0.771154 0.0 -0.770041 -0.771374 0.0 -0.769817 -0.771594 0.0 -0.769591 -0.771812 0.0 -0.769365 -0.772031 0.0 -0.769138 -0.772248 0.0 -0.768911 -0.772465 0.0 -0.768683 -0.772681 0.0 -0.768455 -0.772897 0.0 -0.768225 -0.773111 0.0 -0.767995 -0.773326 0.0 -0.767764 -0.773538 0.0 -0.767533 -0.773751 0.0 -0.767301 -0.773963 0.0 -0.767069 -0.774174 0.0 -0.766835 -0.774384 0.0 -0.766601 -0.774594 0.0 -0.766366 -0.774803 0.0 -0.766131 -0.775011 0.0 -0.765895 -0.775218 0.0 -0.765659 -0.775425 0.0 -0.765421 -0.775631 0.0 -0.765183 -0.775836 0.0 -0.764944 -0.77604 0.0 -0.764706 -0.776244 0.0 -0.764465 -0.776447 0.0 -0.764225 -0.776649 0.0 -0.763984 -0.77685 0.0 -0.763742 -0.777051 0.0 -0.7635 -0.777251 0.0 -0.763257 -0.77745 0.0 -0.763013 -0.777648 0.0 -0.762769 -0.777846 0.0 -0.762524 -0.778043 0.0 -0.762279 -0.778239 0.0 -0.762032 -0.778434 0.0 -0.761786 -0.778629 0.0 -0.761538 -0.778822 0.0 -0.761291 -0.779016 0.0 -0.761042 -0.779207 0.0 -0.760793 -0.779399 0.0 -0.760543 -0.779589 0.0 -0.760293 -0.779779 0.0 -0.760042 -0.779968 0.0 -0.75979 -0.780157 0.0 -0.759538 -0.780344 0.0 -0.759286 -0.780531 0.0 -0.759032 -0.780716 0.0 -0.758779 -0.780902 0.0 -0.758524 -0.781086 0.0 -0.758269 -0.781269 0.0 -0.758013 -0.781452 0.0 -0.757757 -0.781634 0.0 -0.7575 -0.781815 0.0 -0.757243 -0.781995 0.0 -0.756985 -0.782174 0.0 -0.756727 -0.782353 0.0 -0.756468 -0.782531 0.0 -0.756208 -0.782708 0.0 -0.755948 -0.782884 0.0 -0.755688 -0.78306 0.0 -0.755426 -0.783234 0.0 -0.755165 -0.783408 0.0 -0.754902 -0.78358 0.0 -0.754639 -0.783753 0.0 -0.754376 -0.783924 0.0 -0.754112 -0.784094 0.0 -0.753847 -0.784264 0.0 -0.753583 -0.784433 0.0 -0.753317 -0.7846 0.0 -0.753051 -0.784768 0.0 -0.752784 -0.784934 0.0 -0.752517 -0.785099 0.0 -0.75225 -0.785264 0.0 -0.751982 -0.785428 0.0 -0.751713 -0.78559 0.0 -0.751444 -0.785753 0.0 -0.751174 -0.785913 0.0 -0.750904 -0.786074 0.0 -0.750633 -0.786233 0.0 -0.750362 -0.786392 0.0 -0.75009 -0.78655 0.0 -0.749819 -0.786707 0.0 -0.749546 -0.786863 0.0 -0.749273 -0.787018 0.0 -0.748999 -0.787172 0.0 -0.748725 -0.787326 0.0 -0.74845 -0.787478 0.0 -0.748175 -0.787631 0.0 -0.7479 -0.787781 0.0 -0.747624 -0.787932 0.0 -0.747347 -0.78808 0.0 -0.74707 -0.788229 0.0 -0.746793 -0.788376 0.0 -0.746515 -0.788523 0.0 -0.746237 -0.788668 0.0 -0.745958 -0.788814 0.0 -0.745679 -0.788957 0.0 -0.745399 -0.789101 0.0 -0.745119 -0.789242 0.0 -0.744838 -0.789384 0.0 -0.744557 -0.789524 0.0 -0.744276 -0.789664 0.0 -0.743994 -0.789802 0.0 -0.743712 -0.789941 0.0 -0.743429 -0.790077 0.0 -0.743146 -0.790213 0.0 -0.742862 -0.790348 0.0 -0.742578 -0.790483 0.0 -0.742293 -0.790616 0.0 -0.742009 -0.790748 0.0 -0.741723 -0.79088 0.0 -0.741438 -0.791011 0.0 -0.741151 -0.79114 0.0 -0.740865 -0.791269 0.0 -0.740578 -0.791397 0.0 -0.740291 -0.791524 0.0 -0.740003 -0.79165 0.0 -0.739715 -0.791775 0.0 -0.739426 -0.791899 0.0 -0.739137 -0.792023 0.0 -0.738848 -0.792145 0.0 -0.738558 -0.792267 0.0 -0.738268 -0.792387 0.0 -0.737978 -0.792508 0.0 -0.737687 -0.792626 0.0 -0.737396 -0.792745 0.0 -0.737104 -0.792861 0.0 -0.736812 -0.792978 0.0 -0.73652 -0.793092 0.0 -0.736228 -0.793207 0.0 -0.735934 -0.79332 0.0 -0.735641 -0.793433 0.0 -0.735347 -0.793544 0.0 -0.735053 -0.793655 0.0 -0.734759 -0.793764 0.0 -0.734464 -0.793873 0.0 -0.734169 -0.793981 0.0 -0.733874 -0.794088 0.0 -0.733578 -0.794194 0.0 -0.733282 -0.794299 0.0 -0.732985 -0.794403 0.0 -0.732689 -0.794506 0.0 -0.732392 -0.794608 0.0 -0.732094 -0.79471 0.0 -0.731797 -0.79481 0.0 -0.731499 -0.79491 0.0 -0.7312 -0.795008 0.0 -0.730902 -0.795106 0.0 -0.730603 -0.795202 0.0 -0.730304 -0.795298 0.0 -0.730004 -0.795392 0.0 -0.729704 -0.795486 0.0 -0.729404 -0.795579 0.0 -0.729104 -0.795671 0.0 -0.728803 -0.795762 0.0 -0.728502 -0.795852 0.0 -0.728201 -0.795941 0.0 -0.727899 -0.796029 0.0 -0.727597 -0.796116 0.0 -0.727295 -0.796203 0.0 -0.726993 -0.796288 0.0 -0.72669 -0.796372 0.0 -0.726387 -0.796455 0.0 -0.726084 -0.796538 0.0 -0.725781 -0.796619 0.0 -0.725477 -0.7967 0.0 -0.725173 -0.796779 0.0 -0.724869 -0.796858 0.0 -0.724564 -0.796935 0.0 -0.72426 -0.797013 0.0 -0.723955 -0.797088 0.0 -0.72365 -0.797163 0.0 -0.723344 -0.797237 0.0 -0.723039 -0.79731 0.0 -0.722733 -0.797381 0.0 -0.722427 -0.797453 0.0 -0.722121 -0.797522 0.0 -0.721814 -0.797592 0.0 -0.721508 -0.797659 0.0 -0.721201 -0.797727 0.0 -0.720893 -0.797792 0.0 -0.720586 -0.797858 0.0 -0.720279 -0.797922 0.0 -0.719971 -0.797986 0.0 -0.719663 -0.798047 0.0 -0.719355 -0.798109 0.0 -0.719047 -0.798169 0.0 -0.718738 -0.798229 0.0 -0.718429 -0.798287 0.0 -0.718121 -0.798345 0.0 -0.717811 -0.7984 0.0 -0.717502 -0.798456 0.0 -0.717193 -0.79851 0.0 -0.716883 -0.798564 0.0 -0.716574 -0.798617 0.0 -0.716264 -0.798669 0.0 -0.715954 -0.798719 0.0 -0.715643 -0.798769 0.0 -0.715333 -0.798817 0.0 -0.715023 -0.798865 0.0 -0.714712 -0.798911 0.0 -0.714401 -0.798958 0.0 -0.71409 -0.799002 0.0 -0.713779 -0.799046 0.0 -0.713468 -0.799088 0.0 -0.713156 -0.799131 0.0 -0.712845 -0.799171 0.0 -0.712533 -0.799211 0.0 -0.712222 -0.79925 0.0 -0.71191 -0.799288 0.0 -0.711598 -0.799325 0.0 -0.711286 -0.799361 0.0 -0.710973 -0.799396 0.0 -0.710661 -0.79943 0.0 -0.710349 -0.799463 0.0 -0.710036 -0.799495 0.0 -0.709724 -0.799526 0.0 -0.709411 -0.799556 0.0 -0.709098 -0.799585 0.0 -0.708785 -0.799613 0.0 -0.708472 -0.79964 0.0 -0.708159 -0.799667 0.0 -0.707846 -0.799691 0.0 -0.707533 -0.799716 0.0 -0.707219 -0.799739 0.0 -0.706906 -0.799761 0.0 -0.706593 -0.799782 0.0 -0.706279 -0.799803 0.0 -0.705965 -0.799821 0.0 -0.705652 -0.79984 0.0 -0.705338 -0.799857 0.0 -0.705024 -0.799874 0.0 -0.704711 -0.799888 0.0 -0.704397 -0.799903 0.0 -0.704083 -0.799916 0.0 -0.703769 -0.799929 0.0 -0.703455 -0.79994 0.0 -0.703141 -0.799951 0.0 -0.702827 -0.79996 0.0 -0.702513 -0.799968 0.0 -0.702199 -0.799975 0.0 -0.701885 -0.799982 0.0 -0.701571 -0.799987 0.0 -0.701257 -0.799992 0.0 -0.700942 -0.799995 0.0 -0.700628 -0.799998 0.0 -0.700314 -0.799999 0.0 -0.7 -0.8 0.0 -0.699686 -0.799999 0.0 -0.699372 -0.799998 0.0 -0.699058 -0.799995 0.0 -0.698743 -0.799992 0.0 -0.698429 -0.799987 0.0 -0.698115 -0.799982 0.0 -0.697801 -0.799975 0.0 -0.697487 -0.799968 0.0 -0.697173 -0.79996 0.0 -0.696859 -0.799951 0.0 -0.696545 -0.79994 0.0 -0.696231 -0.799929 0.0 -0.695917 -0.799916 0.0 -0.695603 -0.799903 0.0 -0.695289 -0.799888 0.0 -0.694976 -0.799874 0.0 -0.694662 -0.799857 0.0 -0.694348 -0.79984 0.0 -0.694035 -0.799821 0.0 -0.693721 -0.799803 0.0 -0.693407 -0.799782 0.0 -0.693094 -0.799761 0.0 -0.692781 -0.799739 0.0 -0.692467 -0.799716 0.0 -0.692154 -0.799691 0.0 -0.691841 -0.799667 0.0 -0.691528 -0.79964 0.0 -0.691215 -0.799613 0.0 -0.690902 -0.799585 0.0 -0.690589 -0.799556 0.0 -0.690276 -0.799526 0.0 -0.689964 -0.799495 0.0 -0.689651 -0.799463 0.0 -0.689339 -0.79943 0.0 -0.689027 -0.799396 0.0 -0.688714 -0.799361 0.0 -0.688402 -0.799325 0.0 -0.68809 -0.799288 0.0 -0.687778 -0.79925 0.0 -0.687467 -0.799211 0.0 -0.687155 -0.799171 0.0 -0.686844 -0.799131 0.0 -0.686532 -0.799088 0.0 -0.686221 -0.799046 0.0 -0.68591 -0.799002 0.0 -0.685599 -0.798958 0.0 -0.685288 -0.798911 0.0 -0.684977 -0.798865 0.0 -0.684667 -0.798817 0.0 -0.684357 -0.798769 0.0 -0.684046 -0.798719 0.0 -0.683736 -0.798669 0.0 -0.683426 -0.798617 0.0 -0.683117 -0.798564 0.0 -0.682807 -0.79851 0.0 -0.682498 -0.798456 0.0 -0.682189 -0.7984 0.0 -0.681879 -0.798345 0.0 -0.681571 -0.798287 0.0 -0.681262 -0.798229 0.0 -0.680953 -0.798169 0.0 -0.680645 -0.798109 0.0 -0.680337 -0.798047 0.0 -0.680029 -0.797986 0.0 -0.679721 -0.797922 0.0 -0.679414 -0.797858 0.0 -0.679107 -0.797792 0.0 -0.678799 -0.797727 0.0 -0.678492 -0.797659 0.0 -0.678186 -0.797592 0.0 -0.677879 -0.797522 0.0 -0.677573 -0.797453 0.0 -0.677267 -0.797381 0.0 -0.676961 -0.79731 0.0 -0.676656 -0.797237 0.0 -0.67635 -0.797163 0.0 -0.676045 -0.797088 0.0 -0.67574 -0.797013 0.0 -0.675436 -0.796935 0.0 -0.675131 -0.796858 0.0 -0.674827 -0.796779 0.0 -0.674523 -0.7967 0.0 -0.674219 -0.796619 0.0 -0.673916 -0.796538 0.0 -0.673613 -0.796455 0.0 -0.67331 -0.796372 0.0 -0.673007 -0.796288 0.0 -0.672705 -0.796203 0.0 -0.672403 -0.796116 0.0 -0.672101 -0.796029 0.0 -0.671799 -0.795941 0.0 -0.671498 -0.795852 0.0 -0.671197 -0.795762 0.0 -0.670896 -0.795671 0.0 -0.670596 -0.795579 0.0 -0.670296 -0.795486 0.0 -0.669996 -0.795392 0.0 -0.669696 -0.795298 0.0 -0.669397 -0.795202 0.0 -0.669098 -0.795106 0.0 -0.6688 -0.795008 0.0 -0.668501 -0.79491 0.0 -0.668203 -0.79481 0.0 -0.667906 -0.79471 0.0 -0.667608 -0.794608 0.0 -0.667311 -0.794506 0.0 -0.667015 -0.794403 0.0 -0.666718 -0.794299 0.0 -0.666422 -0.794194 0.0 -0.666126 -0.794088 0.0 -0.665831 -0.793981 0.0 -0.665536 -0.793873 0.0 -0.665241 -0.793764 0.0 -0.664947 -0.793655 0.0 -0.664653 -0.793544 0.0 -0.664359 -0.793433 0.0 -0.664066 -0.79332 0.0 -0.663772 -0.793207 0.0 -0.66348 -0.793092 0.0 -0.663188 -0.792978 0.0 -0.662896 -0.792861 0.0 -0.662604 -0.792745 0.0 -0.662313 -0.792626 0.0 -0.662022 -0.792508 0.0 -0.661732 -0.792387 0.0 -0.661442 -0.792267 0.0 -0.661152 -0.792145 0.0 -0.660863 -0.792023 0.0 -0.660574 -0.791899 0.0 -0.660285 -0.791775 0.0 -0.659997 -0.79165 0.0 -0.659709 -0.791524 0.0 -0.659422 -0.791397 0.0 -0.659135 -0.791269 0.0 -0.658849 -0.79114 0.0 -0.658562 -0.791011 0.0 -0.658277 -0.79088 0.0 -0.657991 -0.790748 0.0 -0.657707 -0.790616 0.0 -0.657422 -0.790483 0.0 -0.657138 -0.790348 0.0 -0.656854 -0.790213 0.0 -0.656571 -0.790077 0.0 -0.656288 -0.789941 0.0 -0.656006 -0.789802 0.0 -0.655724 -0.789664 0.0 -0.655443 -0.789524 0.0 -0.655162 -0.789384 0.0 -0.654881 -0.789242 0.0 -0.654601 -0.789101 0.0 -0.654321 -0.788957 0.0 -0.654042 -0.788814 0.0 -0.653763 -0.788668 0.0 -0.653485 -0.788523 0.0 -0.653207 -0.788376 0.0 -0.65293 -0.788229 0.0 -0.652653 -0.78808 0.0 -0.652376 -0.787932 0.0 -0.6521 -0.787781 0.0 -0.651825 -0.787631 0.0 -0.65155 -0.787478 0.0 -0.651275 -0.787326 0.0 -0.651001 -0.787172 0.0 -0.650727 -0.787018 0.0 -0.650454 -0.786863 0.0 -0.650181 -0.786707 0.0 -0.64991 -0.78655 0.0 -0.649638 -0.786392 0.0 -0.649367 -0.786233 0.0 -0.649096 -0.786074 0.0 -0.648826 -0.785913 0.0 -0.648556 -0.785753 0.0 -0.648287 -0.78559 0.0 -0.648018 -0.785428 0.0 -0.64775 -0.785264 0.0 -0.647483 -0.785099 0.0 -0.647216 -0.784934 0.0 -0.646949 -0.784768 0.0 -0.646683 -0.7846 0.0 -0.646417 -0.784433 0.0 -0.646153 -0.784264 0.0 -0.645888 -0.784094 0.0 -0.645624 -0.783924 0.0 -0.645361 -0.783753 0.0 -0.645098 -0.78358 0.0 -0.644835 -0.783408 0.0 -0.644574 -0.783234 0.0 -0.644312 -0.78306 0.0 -0.644052 -0.782884 0.0 -0.643792 -0.782708 0.0 -0.643532 -0.782531 0.0 -0.643273 -0.782353 0.0 -0.643015 -0.782174 0.0 -0.642757 -0.781995 0.0 -0.6425 -0.781815 0.0 -0.642243 -0.781634 0.0 -0.641987 -0.781452 0.0 -0.641731 -0.781269 0.0 -0.641476 -0.781086 0.0 -0.641221 -0.780902 0.0 -0.640968 -0.780716 0.0 -0.640714 -0.780531 0.0 -0.640462 -0.780344 0.0 -0.64021 -0.780157 0.0 -0.639958 -0.779968 0.0 -0.639707 -0.779779 0.0 -0.639457 -0.779589 0.0 -0.639207 -0.779399 0.0 -0.638958 -0.779207 0.0 -0.638709 -0.779016 0.0 -0.638462 -0.778822 0.0 -0.638214 -0.778629 0.0 -0.637968 -0.778434 0.0 -0.637721 -0.778239 0.0 -0.637476 -0.778043 0.0 -0.637231 -0.777846 0.0 -0.636987 -0.777648 0.0 -0.636743 -0.77745 0.0 -0.6365 -0.777251 0.0 -0.636258 -0.777051 0.0 -0.636016 -0.77685 0.0 -0.635775 -0.776649 0.0 -0.635535 -0.776447 0.0 -0.635294 -0.776244 0.0 -0.635056 -0.77604 0.0 -0.634817 -0.775836 0.0 -0.634579 -0.775631 0.0 -0.634341 -0.775425 0.0 -0.634105 -0.775218 0.0 -0.633869 -0.775011 0.0 -0.633634 -0.774803 0.0 -0.633399 -0.774594 0.0 -0.633165 -0.774384 0.0 -0.632931 -0.774174 0.0 -0.632699 -0.773963 0.0 -0.632467 -0.773751 0.0 -0.632236 -0.773538 0.0 -0.632005 -0.773326 0.0 -0.631775 -0.773111 0.0 -0.631545 -0.772897 0.0 -0.631317 -0.772681 0.0 -0.631089 -0.772465 0.0 -0.630862 -0.772248 0.0 -0.630635 -0.772031 0.0 -0.630409 -0.771812 0.0 -0.630183 -0.771594 0.0 -0.629959 -0.771374 0.0 -0.629735 -0.771154 0.0 -0.629512 -0.770932 0.0 -0.629289 -0.770711 0.0 -0.629068 -0.770488 0.0 -0.628846 -0.770265 0.0 -0.628626 -0.770041 0.0 -0.628406 -0.769817 0.0 -0.628188 -0.769591 0.0 -0.627969 -0.769365 0.0 -0.627752 -0.769138 0.0 -0.627535 -0.768911 0.0 -0.627319 -0.768683 0.0 -0.627103 -0.768455 0.0 -0.626889 -0.768225 0.0 -0.626674 -0.767995 0.0 -0.626462 -0.767764 0.0 -0.626249 -0.767533 0.0 -0.626037 -0.767301 0.0 -0.625826 -0.767069 0.0 -0.625616 -0.766835 0.0 -0.625406 -0.766601 0.0 -0.625197 -0.766366 0.0 -0.624989 -0.766131 0.0 -0.624782 -0.765895 0.0 -0.624575 -0.765659 0.0 -0.624369 -0.765421 0.0 -0.624164 -0.765183 0.0 -0.62396 -0.764944 0.0 -0.623756 -0.764706 0.0 -0.623553 -0.764465 0.0 -0.623351 -0.764225 0.0 -0.62315 -0.763984 0.0 -0.622949 -0.763742 0.0 -0.622749 -0.7635 0.0 -0.62255 -0.763257 0.0 -0.622352 -0.763013 0.0 -0.622154 -0.762769 0.0 -0.621957 -0.762524 0.0 -0.621761 -0.762279 0.0 -0.621566 -0.762032 0.0 -0.621371 -0.761786 0.0 -0.621178 -0.761538 0.0 -0.620984 -0.761291 0.0 -0.620793 -0.761042 0.0 -0.620601 -0.760793 0.0 -0.620411 -0.760543 0.0 -0.620221 -0.760293 0.0 -0.620032 -0.760042 0.0 -0.619843 -0.75979 0.0 -0.619656 -0.759538 0.0 -0.619469 -0.759286 0.0 -0.619284 -0.759032 0.0 -0.619098 -0.758779 0.0 -0.618914 -0.758524 0.0 -0.618731 -0.758269 0.0 -0.618548 -0.758013 0.0 -0.618366 -0.757757 0.0 -0.618185 -0.7575 0.0 -0.618005 -0.757243 0.0 -0.617826 -0.756985 0.0 -0.617647 -0.756727 0.0 -0.617469 -0.756468 0.0 -0.617292 -0.756208 0.0 -0.617116 -0.755948 0.0 -0.61694 -0.755688 0.0 -0.616766 -0.755426 0.0 -0.616592 -0.755165 0.0 -0.61642 -0.754902 0.0 -0.616247 -0.754639 0.0 -0.616076 -0.754376 0.0 -0.615906 -0.754112 0.0 -0.615736 -0.753847 0.0 -0.615567 -0.753583 0.0 -0.6154 -0.753317 0.0 -0.615232 -0.753051 0.0 -0.615066 -0.752784 0.0 -0.614901 -0.752517 0.0 -0.614736 -0.75225 0.0 -0.614572 -0.751982 0.0 -0.61441 -0.751713 0.0 -0.614247 -0.751444 0.0 -0.614087 -0.751174 0.0 -0.613926 -0.750904 0.0 -0.613767 -0.750633 0.0 -0.613608 -0.750362 0.0 -0.61345 -0.75009 0.0 -0.613293 -0.749819 0.0 -0.613137 -0.749546 0.0 -0.612982 -0.749273 0.0 -0.612828 -0.748999 0.0 -0.612674 -0.748725 0.0 -0.612522 -0.74845 0.0 -0.612369 -0.748175 0.0 -0.612219 -0.7479 0.0 -0.612068 -0.747624 0.0 -0.61192 -0.747347 0.0 -0.611771 -0.74707 0.0 -0.611624 -0.746793 0.0 -0.611477 -0.746515 0.0 -0.611332 -0.746237 0.0 -0.611186 -0.745958 0.0 -0.611043 -0.745679 0.0 -0.610899 -0.745399 0.0 -0.610758 -0.745119 0.0 -0.610616 -0.744838 0.0 -0.610476 -0.744557 0.0 -0.610336 -0.744276 0.0 -0.610198 -0.743994 0.0 -0.610059 -0.743712 0.0 -0.609923 -0.743429 0.0 -0.609787 -0.743146 0.0 -0.609652 -0.742862 0.0 -0.609517 -0.742578 0.0 -0.609384 -0.742293 0.0 -0.609252 -0.742009 0.0 -0.60912 -0.741723 0.0 -0.608989 -0.741438 0.0 -0.60886 -0.741151 0.0 -0.608731 -0.740865 0.0 -0.608603 -0.740578 0.0 -0.608476 -0.740291 0.0 -0.60835 -0.740003 0.0 -0.608225 -0.739715 0.0 -0.608101 -0.739426 0.0 -0.607977 -0.739137 0.0 -0.607855 -0.738848 0.0 -0.607733 -0.738558 0.0 -0.607613 -0.738268 0.0 -0.607492 -0.737978 0.0 -0.607374 -0.737687 0.0 -0.607255 -0.737396 0.0 -0.607139 -0.737104 0.0 -0.607022 -0.736812 0.0 -0.606908 -0.73652 0.0 -0.606793 -0.736228 0.0 -0.60668 -0.735934 0.0 -0.606567 -0.735641 0.0 -0.606456 -0.735347 0.0 -0.606345 -0.735053 0.0 -0.606236 -0.734759 0.0 -0.606127 -0.734464 0.0 -0.606019 -0.734169 0.0 -0.605912 -0.733874 0.0 -0.605806 -0.733578 0.0 -0.605701 -0.733282 0.0 -0.605597 -0.732985 0.0 -0.605494 -0.732689 0.0 -0.605392 -0.732392 0.0 -0.60529 -0.732094 0.0 -0.60519 -0.731797 0.0 -0.60509 -0.731499 0.0 -0.604992 -0.7312 0.0 -0.604894 -0.730902 0.0 -0.604798 -0.730603 0.0 -0.604702 -0.730304 0.0 -0.604608 -0.730004 0.0 -0.604514 -0.729704 0.0 -0.604421 -0.729404 0.0 -0.604329 -0.729104 0.0 -0.604238 -0.728803 0.0 -0.604148 -0.728502 0.0 -0.604059 -0.728201 0.0 -0.603971 -0.727899 0.0 -0.603884 -0.727597 0.0 -0.603797 -0.727295 0.0 -0.603712 -0.726993 0.0 -0.603628 -0.72669 0.0 -0.603545 -0.726387 0.0 -0.603462 -0.726084 0.0 -0.603381 -0.725781 0.0 -0.6033 -0.725477 0.0 -0.603221 -0.725173 0.0 -0.603142 -0.724869 0.0 -0.603065 -0.724564 0.0 -0.602987 -0.72426 0.0 -0.602912 -0.723955 0.0 -0.602837 -0.72365 0.0 -0.602763 -0.723344 0.0 -0.60269 -0.723039 0.0 -0.602619 -0.722733 0.0 -0.602547 -0.722427 0.0 -0.602478 -0.722121 0.0 -0.602408 -0.721814 0.0 -0.602341 -0.721508 0.0 -0.602273 -0.721201 0.0 -0.602208 -0.720893 0.0 -0.602142 -0.720586 0.0 -0.602078 -0.720279 0.0 -0.602014 -0.719971 0.0 -0.601953 -0.719663 0.0 -0.601891 -0.719355 0.0 -0.601831 -0.719047 0.0 -0.601771 -0.718738 0.0 -0.601713 -0.718429 0.0 -0.601655 -0.718121 0.0 -0.6016 -0.717811 0.0 -0.601544 -0.717502 0.0 -0.60149 -0.717193 0.0 -0.601436 -0.716883 0.0 -0.601383 -0.716574 0.0 -0.601331 -0.716264 0.0 -0.601281 -0.715954 0.0 -0.601231 -0.715643 0.0 -0.601183 -0.715333 0.0 -0.601135 -0.715023 0.0 -0.601089 -0.714712 0.0 -0.601042 -0.714401 0.0 -0.600998 -0.71409 0.0 -0.600954 -0.713779 0.0 -0.600912 -0.713468 0.0 -0.600869 -0.713156 0.0 -0.600829 -0.712845 0.0 -0.600789 -0.712533 0.0 -0.60075 -0.712222 0.0 -0.600712 -0.71191 0.0 -0.600675 -0.711598 0.0 -0.600639 -0.711286 0.0 -0.600604 -0.710973 0.0 -0.60057 -0.710661 0.0 -0.600537 -0.710349 0.0 -0.600505 -0.710036 0.0 -0.600474 -0.709724 0.0 -0.600444 -0.709411 0.0 -0.600415 -0.709098 0.0 -0.600387 -0.708785 0.0 -0.60036 -0.708472 0.0 -0.600333 -0.708159 0.0 -0.600309 -0.707846 0.0 -0.600284 -0.707533 0.0 -0.600261 -0.707219 0.0 -0.600239 -0.706906 0.0 -0.600218 -0.706593 0.0 -0.600197 -0.706279 0.0 -0.600179 -0.705965 0.0 -0.60016 -0.705652 0.0 -0.600143 -0.705338 0.0 -0.600126 -0.705024 0.0 -0.600112 -0.704711 0.0 -0.600097 -0.704397 0.0 -0.600084 -0.704083 0.0 -0.600071 -0.703769 0.0 -0.60006 -0.703455 0.0 -0.600049 -0.703141 0.0 -0.60004 -0.702827 0.0 -0.600032 -0.702513 0.0 -0.600025 -0.702199 0.0 -0.600018 -0.701885 0.0 -0.600013 -0.701571 0.0 -0.600008 -0.701257 0.0 -0.600005 -0.700942 0.0 -0.600002 -0.700628 0.0 -0.600001 -0.700314 0.0 
        </DataArray>
      </Points>
      <Polys>
        <DataArray type="Int64" Name="connectivity" format="ascii">
0 1 1 2 2 3 3 4 4 5 5 6 6 7 7 8 8 9 9 10 10 11 11 12 12 13 13 14 14 15 15 16 16 17 17 18 18 19 19 20 20 21 21 22 22 23 23 24 24 25 25 26 26 27 27 28 28 29 29 30 30 31 31 32 32 33 33 34 34 35 35 36 36 37 37 38 38 39 39 40 40 41 41 42 42 43 43 44 44 45 45 46 46 47 47 48 48 49 49 50 50 51 51 52 52 53 53 54 54 55 55 56 56 57 57 58 58 59 59 60 60 61 61 62 62 63 63 64 64 65 65 66 66 67 67 68 68 69 69 70 70 71 71 72 72 73 73 74 74 75 75 76 76 77 77 78 78 79 79 80 80 81 81 82 82 83 83 84 84 85 85 86 86 87 87 88 88 89 89 90 90 91 91 92 92 93 93 94 94 95 95 96 96 97 97 98 98 99 99 100 100 101 101 102 102 103 103 104 104 105 105 106 106 107 107 108 108 109 109 110 110 111 111 112 112 113 113 114 114 115 115 116 116 117 117 118 118 119 119 120 120 121 121 122 122 123 123 124 124 125 125 126 126 127 127 128 128 129 129 130 130 131 131 132 132 133 133 134 134 135 135 136 136 137 137 138 138 139 139 140 140 141 141 142 142 143 143 144 144 145 145 146 146 147 147 148 148 149 149 150 150 151 151 152 152 153 153 154 154 155 155 156 156 157 157 158 158 159 159 160 160 161 161 162 162 163 163 164 164 165 165 166 166 167 167 168 168 169 169 170 170 171 171 172 172 173 173 174 174 175 175 176 176 177 177 178 178 179 179 180 180 181 181 182 182 183 183 184 184 185 185 186 186 187 187 188 188 189 189 190 190 191 191 192 192 193 193 194 194 195 195 196 196 197 197 198 198 199 199 200 200 201 201 202 202 203 203 204 204 205 205 206 206 207 207 208 208 209 209 210 210 211 211 212 212 213 213 214 214 215 215 216 216 217 217 218 218 219 219 220 220 221 221 222 222 223 223 224 224 225 225 226 226 227 227 228 228 229 229 230 230 231 231 232 232 233 233 234 234 235 235 236 236 237 237 238 238 239 239 240 240 241 241 242 242 243 243 244 244 245 245 246 246 247 247 248 248 249 249 250 250 251 251 252 252 253 253 254 254 255 255 256 256 257 257 258 258 259 259 260 260 261 261 262 262 263 263 264 264 265 265 266 266 267 267 268 268 269 269 270 270 271 271 272 272 273 273 274 274 275 275 276 276 277 277 278 278 279 279 280 280 281 281 282 282 283 283 284 284 285 285 286 286 287 287 288 288 289 289 290 290 291 291 292 292 293 293 294 294 295 295 296 296 297 297 298 298 299 299 300 300 301 301 302 302 303 303 304 304 305 305 306 306 307 307 308 308 309 309 310 310 311 311 312 312 313 313 314 314 315 315 316 316 317 317 318 318 319 319 320 320 321 321 322 322 323 323 324 324 325 325 326 326 327 327 328 328 329 329 330 330 331 331 332 332 333 333 334 334 335 335 336 336 337 337 338 338 339 339 340 340 341 341 342 342 343 343 344 344 345 345 346 346 347 347 348 348 349 349 350 350 351 351 352 352 353 353 354 354 355 355 356 356 357 357 358 358 359 359 360 360 361 361 362 362 363 363 364 364 365 365 366 366 367 367 368 368 369 369 370 370 371 371 372 372 373 373 374 374 375 375 376 376 377 377 378 378 379 379 380 380 381 381 382 382 383 383 384 384 385 385 386 386 387 387 388 388 389 389 390 390 391 391 392 392 393 393 394 394 395 395 396 396 397 397 398 398 399 399 400 400 401 401 402 402 403 403 404 404 405 405 406 406 407 407 408 408 409 409 410 410 411 411 412 412 413 413 414 414 415 415 416 416 417 417 418 418 419 419 420 420 421 421 422 422 423 423 424 424 425 425 426 426 427 427 428 428 429 429 430 430 431 431 432 432 433 433 434 434 435 435 436 436 437 437 438 438 439 439 440 440 441 441 442 442 443 443 444 444 445 445 446 446 447 447 448 448 449 449 450 450 451 451 452 452 453 453 454 454 455 455 456 456 457 457 458 458 459 459 460 460 461 461 462 462 463 463 464 464 465 465 466 466 467 467 468 468 469 469 470 470 471 471 472 472 473 473 474 474 475 475 476 476 477 477 478 478 479 479 480 480 481 481 482 482 483 483 484 484 485 485 486 486 487 487 488 488 489 489 490 490 491 491 492 492 493 493 494 494 495 495 496 496 497 497 498 498 499 499 500 500 501 501 502 502 503 503 504 504 505 505 506 506 507 507 508 508 509 509 510 510 511 511 512 512 513 513 514 514 515 515 516 516 517 517 518 518 519 519 520 520 521 521 522 522 523 523 524 524 525 525 526 526 527 527 528 528 529 529 530 530 531 531 532 532 533 533 534 534 535 535 536 536 537 537 538 538 539 539 540 540 541 541 542 542 543 543 544 544 545 545 546 546 547 547 548 548 549 549 550 550 551 551 552 552 553 553 554 554 555 555 556 556 557 557 558 558 559 559 560 560 561 561 562 562 563 563 564 564 565 565 566 566 567 567 568 568 569 569 570 570 571 571 572 572 573 573 574 574 575 575 576 576 577 577 578 578 579 579 580 580 581 581 582 582 583 583 584 584 585 585 586 586 587 587 588 588 589 589 590 590 591 591 592 592 593 593 594 594 595 595 596 596 597 597 598 598 599 599 600 600 601 601 602 602 603 603 604 604 605 605 606 606 607 607 608 608 609 609 610 610 611 611 612 612 613 613 614 614 615 615 616 616 617 617 618 618 619 619 620 620 621 621 622 622 623 623 624 624 625 625 626 626 627 627 628 628 629 629 630 630 631 631 632 632 633 633 634 634 635 635 636 636 637 637 638 638 639 639 640 640 641 641 642 642 643 643 644 644 645 645 646 646 647 647 648 648 649 649 650 650 651 651 652 652 653 653 654 654 655 655 656 656 657 657 658 658 659 659 660 660 661 661 662 662 663 663 664 664 665 665 666 666 667 667 668 668 669 669 670 670 671 671 672 672 673 673 674 674 675 675 676 676 677 677 678 678 679 679 680 680 681 681 682 682 683 683 684 684 685 685 686 686 687 687 688 688 689 689 690 690 691 691 692 692 693 693 694 694 695 695 696 696 697 697 698 698 699 699 700 700 701 701 702 702 703 703 704 704 705 705 706 706 707 707 708 708 709 709 710 710 711 711 712 712 713 713 714 714 715 715 716 716 717 717 718 718 719 719 720 720 721 721 722 722 723 723 724 724 725 725 726 726 727 727 728 728 729 729 730 730 731 731 732 732 733 733 734 734 735 735 736 736 737 737 738 738 739 739 740 740 741 741 742 742 743 743 744 744 745 745 746 746 747 747 748 748 749 749 750 750 751 751 752 752 753 753 754 754 755 755 756 756 757 757 758 758 759 759 760 760 761 761 762 762 763 763 764 764 765 765 766 766 767 767 768 768 769 769 770 770 771 771 772 772 773 773 774 774 775 775 776 776 777 777 778 778 779 779 780 780 781 781 782 782 783 783 784 784 785 785 786 786 787 787 788 788 789 789 790 790 791 791 792 792 793 793 794 794 795 795 796 796 797 797 798 798 799 799 800 800 801 801 802 802 803 803 804 804 805 805 806 806 807 807 808 808 809 809 810 810 811 811 812 812 813 813 814 814 815 815 816 816 817 817 818 818 819 819 820 820 821 821 822 822 823 823 824 824 825 825 826 826 827 827 828 828 829 829 830 830 831 831 832 832 833 833 834 834 835 835 836 836 837 837 838 838 839 839 840 840 841 841 842 842 843 843 844 844 845 845 846 846 847 847 848 848 849 849 850 850 851 851 852 852 853 853 854 854 855 855 856 856 857 857 858 858 859 859 860 860 861 861 862 862 863 863 864 864 865 865 866 866 867 867 868 868 869 869 870 870 871 871 872 872 873 873 874 874 875 875 876 876 877 877 878 878 879 879 880 880 881 881 882 882 883 883 884 884 885 885 886 886 887 887 888 888 889 889 890 890 891 891 892 892 893 893 894 894 895 895 896 896 897 897 898 898 899 899 900 900 901 901 902 902 903 903 904 904 905 905 906 906 907 907 908 908 909 909 910 910 911 911 912 912 913 913 914 914 915 915 916 916 917 917 918 918 919 919 920 920 921 921 922 922 923 923 924 924 925 925 926 926 927 927 928 928 929 929 930 930 931 931 932 932 933 933 934 934 935 935 936 936 937 937 938 938 939 939 940 940 941 941 942 942 943 943 944 944 945 945 946 946 947 947 948 948 949 949 950 950 951 951 952 952 953 953 954 954 955 955 956 956 957 957 958 958 959 959 960 960 961 961 962 962 963 963 964 964 965 965 966 966 967 967 968 968 969 969 970 970 971 971 972 972 973 973 974 974 975 975 976 976 977 977 978 978 979 979 980 980 981 981 982 982 983 983 984 984 985 985 986 986 987 987 988 988 989 989 990 990 991 991 992 992 993 993 994 994 995 995 996 996 997 997 998 998 999 999 1000 1000 1001 1001 1002 1002 1003 1003 1004 1004 1005 1005 1006 1006 1007 1007 1008 1008 1009 1009 1010 1010 1011 1011 1012 1012 1013 1013 1014 1014 1015 1015 1016 1016 1017 1017 1018 1018 1019 1019 1020 1020 1021 1021 1022 1022 1023 1023 1024 1024 1025 1025 1026 1026 1027 1027 1028 1028 1029 1029 1030 1030 1031 1031 1032 1032 1033 1033 1034 1034 1035 1035 1036 1036 1037 1037 1038 1038 1039 1039 1040 1040 1041 1041 1042 1042 1043 1043 1044 1044 1045 1045 1046 1046 1047 1047 1048 1048 1049 1049 1050 1050 1051 1051 1052 1052 1053 1053 1054 1054 1055 1055 1056 1056 1057 1057 1058 1058 1059 1059 1060 1060 1061 1061 1062 1062 1063 1063 1064 1064 1065 1065 1066 1066 1067 1067 1068 1068 1069 1069 1070 1070 1071 1071 1072 1072 1073 1073 1074 1074 1075 1075 1076 1076 1077 1077 1078 1078 1079 1079 1080 1080 1081 1081 1082 1082 1083 1083 1084 1084 1085 1085 1086 1086 1087 1087 1088 1088 1089 1089 1090 1090 1091 1091 1092 1092 1093 1093 1094 1094 1095 1095 1096 1096 1097 1097 1098 1098 1099 1099 1100 1100 1101 1101 1102 1102 1103 1103 1104 1104 1105 1105 1106 1106 1107 1107 1108 1108 1109 1109 1110 1110 1111 1111 1112 1112 1113 1113 1114 1114 1115 1115 1116 1116 1117 1117 1118 1118 1119 1119 1120 1120 1121 1121 1122 1122 1123 1123 1124 1124 1125 1125 1126 1126 1127 1127 1128 1128 1129 1129 1130 1130 1131 1131 1132 1132 1133 1133 1134 1134 1135 1135 1136 1136 1137 1137 1138 1138 1139 1139 1140 1140 1141 1141 1142 1142 1143 1143 1144 1144 1145 1145 1146 1146 1147 1147 1148 1148 1149 1149 1150 1150 1151 1151 1152 1152 1153 1153 1154 1154 1155 1155 1156 1156 1157 1157 1158 1158 1159 1159 1160 1160 1161 1161 1162 1162 1163 1163 1164 1164 1165 1165 1166 1166 1167 1167 1168 1168 1169 1169 1170 1170 1171 1171 1172 1172 1173 1173 1174 1174 1175 1175 1176 1176 1177 1177 1178 1178 1179 1179 1180 1180 1181 1181 1182 1182 1183 1183 1184 1184 1185 1185 1186 1186 1187 1187 1188 1188 1189 1189 1190 1190 1191 1191 1192 1192 1193 1193 1194 1194 1195 1195 1196 1196 1197 1197 1198 1198 1199 1199 1200 1200 1201 1201 1202 1202 1203 1203 1204 1204 1205 1205 1206 1206 1207 1207 1208 1208 1209 1209 1210 1210 1211 1211 1212 1212 1213 1213 1214 1214 1215 1215 1216 1216 1217 1217 1218 1218 1219 1219 1220 1220 1221 1221 1222 1222 1223 1223 1224 1224 1225 1225 1226 1226 1227 1227 1228 1228 1229 1229 1230 1230 1231 1231 1232 1232 1233 1233 1234 1234 1235 1235 1236 1236 1237 1237 1238 1238 1239 1239 1240 1240 1241 1241 1242 1242 1243 1243 1244 1244 1245 1245 1246 1246 1247 1247 1248 1248 1249 1249 1250 1250 1251 1251 1252 1252 1253 1253 1254 1254 1255 1255 1256 1256 1257 1257 1258 1258 1259 1259 1260 1260 1261 1261 1262 1262 1263 1263 1264 1264 1265 1265 1266 1266 1267 1267 1268 1268 1269 1269 1270 1270 1271 1271 1272 1272 1273 1273 1274 1274 1275 1275 1276 1276 1277 1277 1278 1278 1279 1279 1280 1280 1281 1281 1282 1282 1283 1283 1284 1284 1285 1285 1286 1286 1287 1287 1288 1288 1289 1289 1290 1290 1291 1291 1292 1292 1293 1293 1294 1294 1295 1295 1296 1296 1297 1297 1298 1298 1299 1299 1300 1300 1301 1301 1302 1302 1303 1303 1304 1304 1305 1305 1306 1306 1307 1307 1308 1308 1309 1309 1310 1310 1311 1311 1312 1312 1313 1313 1314 1314 1315 1315 1316 1316 1317 1317 1318 1318 1319 1319 1320 1320 1321 1321 1322 1322 1323 1323 1324 1324 1325 1325 1326 1326 1327 1327 1328 1328 1329 1329 1330 1330 1331 1331 1332 1332 1333 1333 1334 1334 1335 1335 1336 1336 1337 1337 1338 1338 1339 1339 1340 1340 1341 1341 1342 1342 1343 1343 1344 1344 1345 1345 1346 1346 1347 1347 1348 1348 1349 1349 1350 1350 1351 1351 1352 1352 1353 1353 1354 1354 1355 1355 1356 1356 1357 1357 1358 1358 1359 1359 1360 1360 1361 1361 1362 1362 1363 1363 1364 1364 1365 1365 1366 1366 1367 1367 1368 1368 1369 1369 1370 1370 1371 1371 1372 1372 1373 1373 1374 1374 1375 1375 1376 1376 1377 1377 1378 1378 1379 1379 1380 1380 1381 1381 1382 1382 1383 1383 1384 1384 1385 1385 1386 1386 1387 1387 1388 1388 1389 1389 1390 1390 1391 1391 1392 1392 1393 1393 1394 1394 1395 1395 1396 1396 1397 1397 1398 1398 1399 1399 1400 1400 1401 1401 1402 1402 1403 1403 1404 1404 1405 1405 1406 1406 1407 1407 1408 1408 1409 1409 1410 1410 1411 1411 1412 1412 1413 1413 1414 1414 1415 1415 1416 1416 1417 1417 1418 1418 1419 1419 1420 1420 1421 1421 1422 1422 1423 1423 1424 1424 1425 1425 1426 1426 1427 1427 1428 1428 1429 1429 1430 1430 1431 1431 1432 1432 1433 1433 1434 1434 1435 1435 1436 1436 1437 1437 1438 1438 1439 1439 1440 1440 1441 1441 1442 1442 1443 1443 1444 1444 1445 1445 1446 1446 1447 1447 1448 1448 1449 1449 1450 1450 1451 1451 1452 1452 1453 1453 1454 1454 1455 1455 1456 1456 1457 1457 1458 1458 1459 1459 1460 1460 1461 1461 1462 1462 1463 1463 1464 1464 1465 1465 1466 1466 1467 1467 1468 1468 1469 1469 1470 1470 1471 1471 1472 1472 1473 1473 1474 1474 1475 1475 1476 1476 1477 1477 1478 1478 1479 1479 1480 1480 1481 1481 1482 1482 1483 1483 1484 1484 1485 1485 1486 1486 1487 1487 1488 1488 1489 1489 1490 1490 1491 1491 1492 1492 1493 1493 1494 1494 1495 1495 1496 1496 1497 1497 1498 1498 1499 1499 1500 1500 1501 1501 1502 1502 1503 1503 1504 1504 1505 1505 1506 1506 1507 1507 1508 1508 1509 1509 1510 1510 1511 1511 1512 1512 1513 1513 1514 1514 1515 1515 1516 1516 1517 1517 1518 1518 1519 1519 1520 1520 1521 1521 1522 1522 1523 1523 1524 1524 1525 1525 1526 1526 1527 1527 1528 1528 1529 1529 1530 1530 1531 1531 1532 1532 1533 1533 1534 1534 1535 1535 1536 1536 1537 1537 1538 1538 1539 1539 1540 1540 1541 1541 1542 1542 1543 1543 1544 1544 1545 1545 1546 1546 1547 1547 1548 1548 1549 1549 1550 1550 1551 1551 1552 1552 1553 1553 1554 1554 1555 1555 1556 1556 1557 1557 1558 1558 1559 1559 1560 1560 1561 1561 1562 1562 1563 1563 1564 1564 1565 1565 1566 1566 1567 1567 1568 1568 1569 1569 1570 1570 1571 1571 1572 1572 1573 1573 1574 1574 1575 1575 1576 1576 1577 1577 1578 1578 1579 1579 1580 1580 1581 1581 1582 1582 1583 1583 1584 1584 1585 1585 1586 1586 1587 1587 1588 1588 1589 1589 1590 1590 1591 1591 1592 1592 1593 1593 1594 1594 1595 1595 1596 1596 1597 1597 1598 1598 1599 1599 1600 1600 1601 1601 1602 1602 1603 1603 1604 1604 1605 1605 1606 1606 1607 1607 1608 1608 1609 1609 1610 1610 1611 1611 1612 1612 1613 1613 1614 1614 1615 1615 1616 1616 1617 1617 1618 1618 1619 1619 1620 1620 1621 1621 1622 1622 1623 1623 1624 1624 1625 1625 1626 1626 1627 1627 1628 1628 1629 1629 1630 1630 1631 1631 1632 1632 1633 1633 1634 1634 1635 1635 1636 1636 1637 1637 1638 1638 1639 1639 1640 1640 1641 1641 1642 1642 1643 1643 1644 1644 1645 1645 1646 1646 1647 1647 1648 1648 1649 1649 1650 1650 1651 1651 1652 1652 1653 1653 1654 1654 1655 1655 1656 1656 1657 1657 1658 1658 1659 1659 1660 1660 1661 1661 1662 1662 1663 1663 1664 1664 1665 1665 1666 1666 1667 1667 1668 1668 1669 1669 1670 1670 1671 1671 1672 1672 1673 1673 1674 1674 1675 1675 1676 1676 1677 1677 1678 1678 1679 1679 1680 1680 1681 1681 1682 1682 1683 1683 1684 1684 1685 1685 1686 1686 1687 1687 1688 1688 1689 1689 1690 1690 1691 1691 1692 1692 1693 1693 1694 1694 1695 1695 1696 1696 1697 1697 1698 1698 1699 1699 1700 1700 1701 1701 1702 1702 1703 1703 1704 1704 1705 1705 1706 1706 1707 1707 1708 1708 1709 1709 1710 1710 1711 1711 1712 1712 1713 1713 1714 1714 1715 1715 1716 1716 1717 1717 1718 1718 1719 1719 1720 1720 1721 1721 1722 1722 1723 1723 1724 1724 1725 1725 1726 1726 1727 1727 1728 1728 1729 1729 1730 1730 1731 1731 1732 1732 1733 1733 1734 1734 1735 1735 1736 1736 1737 1737 1738 1738 1739 1739 1740 1740 1741 1741 1742 1742 1743 1743 1744 1744 1745 1745 1746 1746 1747 1747 1748 1748 1749 1749 1750 1750 1751 1751 1752 1752 1753 1753 1754 1754 1755 1755 1756 1756 1757 1757 1758 1758 1759 1759 1760 1760 1761 1761 1762 1762 1763 1763 1764 1764 1765 1765 1766 1766 1767 1767 1768 1768 1769 1769 1770 1770 1771 1771 1772 1772 1773 1773 1774 1774 1775 1775 1776 1776 1777 1777 1778 1778 1779 1779 1780 1780 1781 1781 1782 1782 1783 1783 1784 1784 1785 1785 1786 1786 1787 1787 1788 1788 1789 1789 1790 1790 1791 1791 1792 1792 1793 1793 1794 1794 1795 1795 1796 1796 1797 1797 1798 1798 1799 1799 1800 1800 1801 1801 1802 1802 1803 1803 1804 1804 1805 1805 1806 1806 1807 1807 1808 1808 1809 1809 1810 1810 1811 1811 1812 1812 1813 1813 1814 1814 1815 1815 1816 1816 1817 1817 1818 1818 1819 1819 1820 1820 1821 1821 1822 1822 1823 1823 1824 1824 1825 1825 1826 1826 1827 1827 1828 1828 1829 1829 1830 1830 1831 1831 1832 1832 1833 1833 1834 1834 1835 1835 1836 1836 1837 1837 1838 1838 1839 1839 1840 1840 1841 1841 1842 1842 1843 1843 1844 1844 1845 1845 1846 1846 1847 1847 1848 1848 1849 1849 1850 1850 1851 1851 1852 1852 1853 1853 1854 1854 1855 1855 1856 1856 1857 1857 1858 1858 1859 1859 1860 1860 1861 1861 1862 1862 1863 1863 1864 1864 1865 1865 1866 1866 1867 1867 1868 1868 1869 1869 1870 1870 1871 1871 1872 1872 1873 1873 1874 1874 1875 1875 1876 1876 1877 1877 1878 1878 1879 1879 1880 1880 1881 1881 1882 1882 1883 1883 1884 1884 1885 1885 1886 1886 1887 1887 1888 1888 1889 1889 1890 1890 1891 1891 1892 1892 1893 1893 1894 1894 1895 1895 1896 1896 1897 1897 1898 1898 1899 1899 1900 1900 1901 1901 1902 1902 1903 1903 1904 1904 1905 1905 1906 1906 1907 1907 1908 1908 1909 1909 1910 1910 1911 1911 1912 1912 1913 1913 1914 1914 1915 1915 1916 1916 1917 1917 1918 1918 1919 1919 1920 1920 1921 1921 1922 1922 1923 1923 1924 1924 1925 1925 1926 1926 1927 1927 1928 1928 1929 1929 1930 1930 1931 1931 1932 1932 1933 1933 1934 1934 1935 1935 1936 1936 1937 1937 1938 1938 1939 1939 1940 1940 1941 1941 1942 1942 1943 1943 1944 1944 1945 1945 1946 1946 1947 1947 1948 1948 1949 1949 1950 1950 1951 1951 1952 1952 1953 1953 1954 1954 1955 1955 1956 1956 1957 1957 1958 1958 1959 1959 1960 1960 1961 1961 1962 1962 1963 1963 1964 1964 1965 1965 1966 1966 1967 1967 1968 1968 1969 1969 1970 1970 1971 1971 1972 1972 1973 1973 1974 1974 1975 1975 1976 1976 1977 1977 1978 1978 1979 1979 1980 1980 1981 1981 1982 1982 1983 1983 1984 1984 1985 1985 1986 1986 1987 1987 1988 1988 1989 1989 1990 1990 1991 1991 1992 1992 1993 1993 1994 1994 1995 1995 1996 1996 1997 1997 1998 1998 1999 1999 0 
        </DataArray>
        <DataArray type="Int64" Name="offsets" format="ascii">
2 4 6 8 10 12 14 16 18 20 22 24 26 28 30 32 34 36 38 40 42 44 46 48 50 52 54 56 58 60 62 64 66 68 70 72 74 76 78 80 82 84 86 88 90 92 94 96 98 100 102 104 106 108 110 112 114 116 118 120 122 124 126 128 130 132 134 136 138 140 142 144 146 148 150 152 154 156 158 160 162 164 166 168 170 172 174 176 178 180 182 184 186 188 190 192 194 196 198 200 202 204 206 208 210 212 214 216 218 220 222 224 226 228 230 232 234 236 238 240 242 244 246 248 250 252 254 256 258 260 262 264 266 268 270 272 274 276 278 280 282 284 286 288 290 292 294 296 298 300 302 304 306 308 310 312 314 316 318 320 322 324 326 328 330 332 334 336 338 340 342 344 346 348 350 352 354 356 358 360 362 364 366 368 370 372 374 376 378 380 382 384 386 388 390 392 394 396 398 400 402 404 406 408 410 412 414 416 418 420 422 424 426 428 430 432 434 436 438 440 442 444 446 448 450 452 454 456 458 460 462 464 466 468 470 472 474 476 478 480 482 484 486 488 490 492 494 496 498 500 502 504 506 508 510 512 514 516 518 520 522 524 526 528 530 532 534 536 538 540 542 544 546 548 550 552 554 556 558 560 562 564 566 568 570 572 574 576 578 580 582 584 586 588 590 592 594 596 598 600 602 604 606 608 610 612 614 616 618 620 622 624 626 628 630 632 634 636 638 640 642 644 646 648 650 652 654 656 658 660 662 664 666 668 670 672 674 676 678 680 682 684 686 688 690 692 694 696 698 700 702 704 706 708 710 712 714 716 718 720 722 724 726 728 730 732 734 736 738 740 742 744 746 748 750 752 754 756 758 760 762 764 766 768 770 772 774 776 778 780 782 784 786 788 790 792 794 796 798 800 802 804 806 808 810 812 814 816 818 820 822 824 826 828 830 832 834 836 838 840 842 844 846 848 850 852 854 856 858 860 862 864 866 868 870 872 874 876 878 880 882 884 886 888 890 892 894 896 898 900 902 904 906 908 910 912 914 916 918 920 922 924 926 928 930 932 934 936 938 940 942 944 946 948 950 952 954 956 958 960 962 964 966 968 970 972 974 976 978 980 982 984 986 988 990 992 994 996 998 1000 1002 1004 1006 1008 1010 1012 1014 1016 1018 1020 1022 1024 1026 1028 1030 1032 1034 1036 1038 1040 1042 1044 1046 1048 1050 1052 1054 1056 1058 1060 1062 1064 1066 1068 1070 1072 1074 1076 1078 1080 1082 1084 1086 1088 1090 1092 1094 1096 1098 1100 1102 1104 1106 1108 1110 1112 1114 1116 1118 1120 1122 1124 1126 1128 1130 1132 1134 1136 1138 1140 1142 1144 1146 1148 1150 1152 1154 1156 1158 1160 1162 1164 1166 1168 1170 1172 1174 1176 1178 1180 1182 1184 1186 1188 1190 1192 1194 1196 1198 1200 1202 1204 1206 1208 1210 1212 1214 1216 1218 1220 1222 1224 1226 1228 1230 1232 1234 1236 1238 1240 1242 1244 1246 1248 1250 1252 1254 1256 1258 1260 1262 1264 1266 1268 1270 1272 1274 1276 1278 1280 1282 1284 1286 1288 1290 1292 1294 1296 1298 1300 1302 1304 1306 1308 1310 1312 1314 1316 1318 1320 1322 1324 1326 1328 1330 1332 1334 1336 1338 1340 1342 1344 1346 1348 1350 1352 1354 1356 1358 1360 1362 1364 1366 1368 1370 1372 1374 1376 1378 1380 1382 1384 1386 1388 1390 1392 1394 1396 1398 1400 1402 1404 1406 1408 1410 1412 1414 1416 1418 1420 1422 1424 1426 1428 1430 1432 1434 1436 1438 1440 1442 1444 1446 1448 1450 1452 1454 1456 1458 1460 1462 1464 1466 1468 1470 1472 1474 1476 1478 1480 1482 1484 1486 1488 1490 1492 1494 1496 1498 1500 1502 1504 1506 1508 1510 1512 1514 1516 1518 1520 1522 1524 1526 1528 1530 1532 1534 1536 1538 1540 1542 1544 1546 1548 1550 1552 1554 1556 1558 1560 1562 1564 1566 1568 1570 1572 1574 1576 1578 1580 1582 1584 1586 1588 1590 1592 1594 1596 1598 1600 1602 1604 1606 1608 1610 1612 1614 1616 1618 1620 1622 1624 1626 1628 1630 1632 1634 1636 1638 1640 1642 1644 1646 1648 1650 1652 1654 1656 1658 1660 1662 1664 1666 1668 1670 1672 1674 1676 1678 1680 1682 1684 1686 1688 1690 1692 1694 1696 1698 1700 1702 1704 1706 1708 1710 1712 1714 1716 1718 1720 1722 1724 1726 1728 1730 1732 1734 1736 1738 1740 1742 1744 1746 1748 1750 1752 1754 1756 1758 1760 1762 1764 1766 1768 1770 1772 1774 1776 1778 1780 1782 1784 1786 1788 1790 1792 1794 1796 1798 1800 1802 1804 1806 1808 1810 1812 1814 1816 1818 1820 1822 1824 1826 1828 1830 1832 1834 1836 1838 1840 1842 1844 1846 1848 1850 1852 1854 1856 1858 1860 1862 1864 1866 1868 1870 1872 1874 1876 1878 1880 1882 1884 1886 1888 1890 1892 1894 1896 1898 1900 1902 1904 1906 1908 1910 1912 1914 1916 1918 1920 1922 1924 1926 1928 1930 1932 1934 1936 1938 1940 1942 1944 1946 1948 1950 1952 1954 1956 1958 1960 1962 1964 1966 1968 1970 1972 1974 1976 1978 1980 1982 1984 1986 1988 1990 1992 1994 1996 1998 2000 2002 2004 2006 2008 2010 2012 2014 2016 2018 2020 2022 2024 2026 2028 2030 2032 2034 2036 2038 2040 2042 2044 2046 2048 2050 2052 2054 2056 2058 2060 2062 2064 2066 2068 2070 2072 2074 2076 2078 2080 2082 2084 2086 2088 2090 2092 2094 2096 2098 2100 2102 2104 2106 2108 2110 2112 2114 2116 2118 2120 2122 2124 2126 2128 2130 2132 2134 2136 2138 2140 2142 2144 2146 2148 2150 2152 2154 2156 2158 2160 2162 2164 2166 2168 2170 2172 2174 2176 2178 2180 2182 2184 2186 2188 2190 2192 2194 2196 2198 2200 2202 2204 2206 2208 2210 2212 2214 2216 2218 2220 2222 2224 2226 2228 2230 2232 2234 2236 2238 2240 2242 2244 2246 2248 2250 2252 2254 2256 2258 2260 2262 2264 2266 2268 2270 2272 2274 2276 2278 2280 2282 2284 2286 2288 2290 2292 2294 2296 2298 2300 2302 2304 2306 2308 2310 2312 2314 2316 2318 2320 2322 2324 2326 2328 2330 2332 2334 2336 2338 2340 2342 2344 2346 2348 2350 2352 2354 2356 2358 2360 2362 2364 2366 2368 2370 2372 2374 2376 2378 2380 2382 2384 2386 2388 2390 2392 2394 2396 2398 2400 2402 2404 2406 2408 2410 2412 2414 2416 2418 2420 2422 2424 2426 2428 2430 2432 2434 2436 2438 2440 2442 2444 2446 2448 2450 2452 2454 2456 2458 2460 2462 2464 2466 2468 2470 2472 2474 2476 2478 2480 2482 2484 2486 2488 2490 2492 2494 2496 2498 2500 2502 2504 2506 2508 2510 2512 2514 2516 2518 2520 2522 2524 2526 2528 2530 2532 2534 2536 2538 2540 2542 2544 2546 2548 2550 2552 2554 2556 2558 2560 2562 2564 2566 2568 2570 2572 2574 2576 2578 2580 2582 2584 2586 2588 2590 2592 2594 2596 2598 2600 2602 2604 2606 2608 2610 2612 2614 2616 2618 2620 2622 2624 2626 2628 2630 2632 2634 2636 2638 2640 2642 2644 2646 2648 2650 2652 2654 2656 2658 2660 2662 2664 2666 2668 2670 2672 2674 2676 2678 2680 2682 2684 2686 2688 2690 2692 2694 2696 2698 2700 2702 2704 2706 2708 2710 2712 2714 2716 2718 2720 2722 2724 2726 2728 2730 2732 2734 2736 2738 2740 2742 2744 2746 2748 2750 2752 2754 2756 2758 2760 2762 2764 2766 2768 2770 2772 2774 2776 2778 2780 2782 2784 2786 2788 2790 2792 2794 2796 2798 2800 2802 2804 2806 2808 2810 2812 2814 2816 2818 2820 2822 2824 2826 2828 2830 2832 2834 2836 2838 2840 2842 2844 2846 2848 2850 2852 2854 2856 2858 2860 2862 2864 2866 2868 2870 2872 2874 2876 2878 2880 2882 2884 2886 2888 2890 2892 2894 2896 2898 2900 2902 2904 2906 2908 2910 2912 2914 2916 2918 2920 2922 2924 2926 2928 2930 2932 2934 2936 2938 2940 2942 2944 2946 2948 2950 2952 2954 2956 2958 2960 2962 2964 2966 2968 2970 2972 2974 2976 2978 2980 2982 2984 2986 2988 2990 2992 2994 2996 2998 3000 3002 3004 3006 3008 3010 3012 3014 3016 3018 3020 3022 3024 3026 3028 3030 3032 3034 3036 3038 3040 3042 3044 3046 3048 3050 3052 3054 3056 3058 3060 3062 3064 3066 3068 3070 3072 3074 3076 3078 3080 3082 3084 3086 3088 3090 3092 3094 3096 3098 3100 3102 3104 3106 3108 3110 3112 3114 3116 3118 3120 3122 3124 3126 3128 3130 3132 3134 3136 3138 3140 3142 3144 3146 3148 3150 3152 3154 3156 3158 3160 3162 3164 3166 3168 3170 3172 3174 3176 3178 3180 3182 3184 3186 3188 3190 3192 3194 3196 3198 3200 3202 3204 3206 3208 3210 3212 3214 3216 3218 3220 3222 3224 3226 3228 3230 3232 3234 3236 3238 3240 3242 3244 3246 3248 3250 3252 3254 3256 3258 3260 3262 3264 3266 3268 3270 3272 3274 3276 3278 3280 3282 3284 3286 3288 3290 3292 3294 3296 3298 3300 3302 3304 3306 3308 3310 3312 3314 3316 3318 3320 3322 3324 3326 3328 3330 3332 3334 3336 3338 3340 3342 3344 3346 3348 3350 3352 3354 3356 3358 3360 3362 3364 3366 3368 3370 3372 3374 3376 3378 3380 3382 3384 3386 3388 3390 3392 3394 3396 3398 3400 3402 3404 3406 3408 3410 3412 3414 3416 3418 3420 3422 3424 3426 3428 3430 3432 3434 3436 3438 3440 3442 3444 3446 3448 3450 3452 3454 3456 3458 3460 3462 3464 3466 3468 3470 3472 3474 3476 3478 3480 3482 3484 3486 3488 3490 3492 3494 3496 3498 3500 3502 3504 3506 3508 3510 3512 3514 3516 3518 3520 3522 3524 3526 3528 3530 3532 3534 3536 3538 3540 3542 3544 3546 3548 3550 3552 3554 3556 3558 3560 3562 3564 3566 3568 3570 3572 3574 3576 3578 3580 3582 3584 3586 3588 3590 3592 3594 3596 3598 3600 3602 3604 3606 3608 3610 3612 3614 3616 3618 3620 3622 3624 3626 3628 3630 3632 3634 3636 3638 3640 3642 3644 3646 3648 3650 3652 3654 3656 3658 3660 3662 3664 3666 3668 3670 3672 3674 3676 3678 3680 3682 3684 3686 3688 3690 3692 3694 3696 3698 3700 3702 3704 3706 3708 3710 3712 3714 3716 3718 3720 3722 3724 3726 3728 3730 3732 3734 3736 3738 3740 3742 3744 3746 3748 3750 3752 3754 3756 3758 3760 3762 3764 3766 3768 3770 3772 3774 3776 3778 3780 3782 3784 3786 3788 3790 3792 3794 3796 3798 3800 3802 3804 3806 3808 3810 3812 3814 3816 3818 3820 3822 3824 3826 3828 3830 3832 3834 3836 3838 3840 3842 3844 3846 3848 3850 3852 3854 3856 3858 3860 3862 3864 3866 3868 3870 3872 3874 3876 3878 3880 3882 3884 3886 3888 3890 3892 3894 3896 3898 3900 3902 3904 3906 3908 3910 3912 3914 3916 3918 3920 3922 3924 3926 3928 3930 3932 3934 3936 3938 3940 3942 3944 3946 3948 3950 3952 3954 3956 3958 3960 3962 3964 3966 3968 3970 3972 3974 3976 3978 3980 3982 3984 3986 3988 3990 3992 3994 3996 3998 4000 
        </DataArray>
      </Polys>
      <CellData Scalars="Pressure">
        <DataArray type="Float64" Name="Pressure" format="ascii">
813342 811838 810226 808651 806889 805029 803119 801200 799162 797166 794730 791684 788525 786053 785135 784251 786860 785081 783192 781251 779321 777367 775319 772869 770293 767679 765124 762569 759899 757107 754200 751300 748230 745148 741987 738905 735797 732730 729619 726568 723463 720688 718332 716613 714444 712567 710658 708422 706558 704723 702862 701198 699506 697843 696331 694864 693378 692251 691206 690188 689200 688235 687669 686960 686363 685848 691904 692383 692676 692930 693724 694462 695169 695849 696465 696996 691874 692420 692799 692983 691728 690551 689431 688367 687293 686101 684509 682842 684342 684389 684543 684455 686561 686443 686106 686527 687421 688373 688928 686538 686560 686103 685550 685138 684857 684482 684190 683997 683717 684021 683679 683259 682927 682589 682223 681799 681355 680805 680324 679844 679341 678806 678227 677649 677065 676528 676020 675486 674982 674490 673992 673584 673253 672929 672680 672587 672493 672403 672291 672177 672064 671317 670588 669880 670890 676265 677662 679012 677405 679532 678215 676047 675238 674663 674305 674796 675069 675352 675652 675896 676151 676016 676566 676811 677080 677364 677788 678145 678572 679179 679709 680282 680917 681275 681923 682544 683154 683731 684322 684863 685551 686159 686787 687417 687903 688060 688481 688744 688803 688842 688862 688636 688318 688043 687800 687594 687011 687096 687486 687317 687633 688329 687520 687358 688083 689674 691866 692558 693599 694957 696092 698423 699129 700377 702726 704435 705649 707319 708745 710167 711601 712992 714489 715713 716931 718104 719091 719874 720664 721433 722019 722625 723043 723164 723343 725027 726740 728113 729029 729893 730734 731637 732317 732935 733462 733931 734163 734449 734614 734654 734651 734545 734376 734146 734005 734153 734487 734573 734846 735147 736548 736290 734289 733211 732782 731348 730066 728568 727355 726528 731229 738249 744109 748618 748127 743957 740273 737196 735713 734051 732853 731701 730456 729578 728525 727737 727230 726759 726494 726142 725927 725770 725667 725621 725677 725605 725388 725033 723691 724814 724159 721565 721139 720944 718037 717222 713792 710920 708510 714504 727768 738565 747260 744277 742714 740630 738876 738865 738509 737821 736076 734325 732465 730578 728921 726316 723630 720744 717676 715011 712659 711493 709563 707991 706095 703196 700430 697886 697144 692587 690000 687419 681849 676238 670555 665794 665519 666922 670037 688795 695893 698285 706284 708856 710090 700797 699268 701497 703726 706066 706115 706312 706490 706270 706137 706094 705795 705515 705043 704279 703182 701908 702200 701749 699113 698659 696481 694228 692248 694098 692368 691046 690104 680380 676471 672821 668303 663375 658011 658274 654243 644497 636283 615305 589789 557859 422104 285029 142135 81595.5 76338.2 69805.2 67918.5 68907.8 69852.6 70911 72188.5 73136.8 75614.7 77460.9 79416.1 81370.4 76059.8 78386.2 80713.4 83192.9 85676.5 87958.2 90364.9 92715.9 94787.4 97477.1 97672.5 97783.2 99745.4 101138 102260 103080 103498 103673 103622 105061 106240 106649 97209.6 97036.2 97397.7 98473.7 95596.8 97612.5 99565.1 101369 103168 104920 106717 108433 110138 111864 113511 115028 116515 117812 118963 122499 123754 125048 126703 123209 124872 126701 128700 130711 132962 135376 137875 140505 143422 146337 149509 153007 156563 160076 163666 167124 170538 173496 176243 178692 180331 181689 182829 183676 184027 183905 172100 170441 168828 169942 172181 174351 176214 177821 179456 181097 182814 184478 186224 187966 189739 191408 193037 194616 196215 197751 199313 200882 202633 204329 206057 207734 209434 211119 213126 215069 211390 213460 215570 217651 219680 221663 223673 225539 227408 229242 231095 232895 234701 236656 238748 240803 242868 244861 246859 249047 251569 254042 256562 259039 261525 264118 267309 270449 273632 282478 285607 288661 291824 294853 297946 294043 297790 301590 304863 307867 310876 314390 318417 322563 326771 331020 335662 340099 344992 348811 347358 348882 350788 352999 355164 357195 359159 361703 364573 367648 370814 373910 383018 386107 389215 392186 388220 392344 396760 400960 404044 406973 409903 413980 425004 428835 425301 428594 432140 434950 437209 439310 441676 444577 447656 456101 457976 459706 462207 457718 462157 466803 472169 477866 483897 495208 500090 504759 502770 507864 512964 517903 522468 534884 539225 534120 537779 541241 545023 550158 555275 560207 577385 582576 588037 579939 593397 607280 621442 633580 657978 661171 658294 643138 626894 616697 616697 616697 618698 612888 615053 618038 622563 628429 640785 639353 643107 647203 651781 653674 653609 659398 650305 649463 648892 648613 648224 656262 655680 647403 652918 659334 666871 680564 685960 691207 700164 698953 709205 731027 730666 744109 758192 772456 789136 822762 839313 836422 877391 919175 963167 990747 998348 1.00638e+06 1.0151e+06 983543 936485 855984 838398 839111 840336 842036 845941 852710 859932 867374 872858 882493 884821 886618 880238 882215 892406 896649 891944 897631 903671 922786 920165 930808 941715 952532 976695 987475 997400 1.00939e+06 1.0024e+06 1.0355e+06 1.0507e+06 1.09323e+06 1.09426e+06 1.14367e+06 1.24151e+06 1.23067e+06 1.24856e+06 1.22423e+06 1.19194e+06 1.1356e+06 1.10892e+06 1.08761e+06 1.07357e+06 1.07371e+06 1.07016e+06 1.07533e+06 1.08097e+06 1.08689e+06 1.09113e+06 1.09258e+06 1.09307e+06 1.09259e+06 1.09018e+06 1.08267e+06 1.07453e+06 1.06605e+06 1.05692e+06 1.04696e+06 1.03723e+06 1.02835e+06 1.02001e+06 1.01646e+06 1.01984e+06 1.02612e+06 1.03549e+06 1.05042e+06 1.12226e+06 1.20241e+06 1.29353e+06 1.39265e+06 1.47322e+06 1.51679e+06 1.55244e+06 1.579e+06 1.55152e+06 1.53892e+06 1.50906e+06 1.48137e+06 1.45181e+06 1.42499e+06 1.4006e+06 1.37953e+06 1.36531e+06 1.35863e+06 1.34841e+06 1.34658e+06 1.35377e+06 1.35401e+06 1.35357e+06 1.34409e+06 1.34064e+06 1.3348e+06 1.32841e+06 1.32168e+06 1.31447e+06 1.30546e+06 1.29693e+06 1.28914e+06 1.34476e+06 1.30687e+06 1.34126e+06 1.38218e+06 1.49537e+06 1.54477e+06 1.58955e+06 1.63514e+06 1.67584e+06 1.71507e+06 1.73609e+06 1.81151e+06 1.77274e+06 1.73596e+06 1.69996e+06 1.6525e+06 1.63974e+06 1.62908e+06 1.62259e+06 1.62534e+06 1.63061e+06 1.63726e+06 1.64002e+06 1.64331e+06 1.64492e+06 1.64586e+06 1.66308e+06 1.63332e+06 1.63051e+06 1.63052e+06 1.67432e+06 1.68065e+06 1.68805e+06 1.67964e+06 1.70422e+06 1.7306e+06 1.75504e+06 1.77083e+06 1.77175e+06 1.76112e+06 1.75145e+06 1.74766e+06 1.74776e+06 1.74883e+06 1.75152e+06 1.75117e+06 1.75195e+06 1.75341e+06 1.75966e+06 1.76125e+06 1.76227e+06 1.76037e+06 1.75976e+06 1.75949e+06 1.75968e+06 1.76694e+06 1.76518e+06 1.76378e+06 1.76053e+06 1.75689e+06 1.75482e+06 1.75443e+06 1.76567e+06 1.77136e+06 1.77868e+06 1.77922e+06 1.79217e+06 1.80523e+06 1.81883e+06 1.83963e+06 1.85434e+06 1.86762e+06 1.8742e+06 1.88026e+06 1.88589e+06 1.89091e+06 1.90462e+06 1.90308e+06 1.90513e+06 1.90718e+06 1.89902e+06 1.89801e+06 1.89719e+06 1.89295e+06 1.88927e+06 1.88627e+06 1.88361e+06 1.87075e+06 1.85421e+06 1.84651e+06 1.84545e+06 1.84678e+06 1.86504e+06 1.86219e+06 1.85578e+06 1.85023e+06 1.84584e+06 1.8466e+06 1.84739e+06 1.84821e+06 1.84911e+06 1.85003e+06 1.8526e+06 1.85486e+06 1.85748e+06 1.85927e+06 1.86187e+06 1.86449e+06 1.86722e+06 1.87041e+06 1.87381e+06 1.87716e+06 1.88021e+06 1.88112e+06 1.88216e+06 1.8843e+06 1.88497e+06 1.88561e+06 1.88614e+06 1.88562e+06 1.88506e+06 1.88447e+06 1.88301e+06 1.88152e+06 1.88006e+06 1.87758e+06 1.87622e+06 1.87407e+06 1.872e+06 1.87009e+06 1.86815e+06 1.86615e+06 1.86395e+06 1.86186e+06 1.85949e+06 1.85756e+06 1.85551e+06 1.85344e+06 1.85113e+06 1.84958e+06 1.84721e+06 1.84515e+06 1.84313e+06 1.84117e+06 1.83967e+06 1.83848e+06 1.83731e+06 1.83649e+06 1.83606e+06 1.83574e+06 1.83553e+06 1.83637e+06 1.83723e+06 1.83809e+06 1.8394e+06 1.84105e+06 1.84236e+06 1.84392e+06 1.84551e+06 1.84707e+06 1.84841e+06 1.8497e+06 1.851e+06 1.85141e+06 1.85168e+06 1.85197e+06 1.85199e+06 1.85188e+06 1.85177e+06 1.85094e+06 1.84966e+06 1.84843e+06 1.8488e+06 1.84944e+06 1.8501e+06 1.85084e+06 1.85184e+06 1.85128e+06 1.85249e+06 1.85444e+06 1.85644e+06 1.85866e+06 1.86192e+06 1.86512e+06 1.86832e+06 1.87112e+06 1.87396e+06 1.87678e+06 1.88048e+06 1.8841e+06 1.88778e+06 1.89052e+06 1.89327e+06 1.89599e+06 1.89897e+06 1.90194e+06 1.90494e+06 1.90717e+06 1.90922e+06 1.91124e+06 1.91356e+06 1.91595e+06 1.91837e+06 1.9204e+06 1.92224e+06 1.92405e+06 1.92601e+06 1.92803e+06 1.93009e+06 1.93211e+06 1.93418e+06 1.9362e+06 1.93812e+06 1.93973e+06 1.94137e+06 1.94304e+06 1.94492e+06 1.94677e+06 1.94855e+06 1.94986e+06 1.95119e+06 1.95251e+06 1.95406e+06 1.95559e+06 1.95715e+06 1.95802e+06 1.95891e+06 1.95979e+06 1.96047e+06 1.96113e+06 1.9618e+06 1.96186e+06 1.96182e+06 1.96179e+06 1.96097e+06 1.95985e+06 1.95869e+06 1.95744e+06 1.95613e+06 1.95485e+06 1.9533e+06 1.95155e+06 1.94976e+06 1.9489e+06 1.94738e+06 1.94591e+06 1.94444e+06 1.94303e+06 1.94158e+06 1.94013e+06 1.93912e+06 1.9381e+06 1.93704e+06 1.93604e+06 1.93499e+06 1.93393e+06 1.93264e+06 1.93135e+06 1.93002e+06 1.92901e+06 1.92806e+06 1.92715e+06 1.92601e+06 1.92482e+06 1.92361e+06 1.923e+06 1.92219e+06 1.92146e+06 1.92079e+06 1.92008e+06 1.91935e+06 1.91864e+06 1.91796e+06 1.9173e+06 1.91705e+06 1.91808e+06 1.9192e+06 1.92039e+06 1.92172e+06 1.92306e+06 1.92445e+06 1.92714e+06 1.9298e+06 1.93243e+06 1.9348e+06 1.93662e+06 1.9384e+06 1.94099e+06 1.9442e+06 1.94737e+06 1.95037e+06 1.95307e+06 1.95589e+06 1.95919e+06 1.96442e+06 1.9691e+06 1.97388e+06 1.97573e+06 1.97743e+06 1.97893e+06 1.9816e+06 1.98445e+06 1.98733e+06 1.98966e+06 1.99181e+06 1.99412e+06 1.9961e+06 1.99728e+06 1.99834e+06 1.9992e+06 1.99993e+06 2.00061e+06 2.00129e+06 2.00172e+06 2.00218e+06 2.00244e+06 2.00221e+06 2.00096e+06 1.99947e+06 1.99989e+06 2.00348e+06 2.00696e+06 2.00973e+06 2.0074e+06 2.00356e+06 2.00151e+06 2.00009e+06 1.99704e+06 1.99369e+06 1.98989e+06 1.98575e+06 1.98174e+06 1.97783e+06 1.97425e+06 1.9708e+06 1.96719e+06 1.96396e+06 1.95875e+06 1.95307e+06 1.94847e+06 1.94546e+06 1.94212e+06 1.93804e+06 1.93483e+06 1.93159e+06 1.92843e+06 1.92511e+06 1.9218e+06 1.91981e+06 1.91261e+06 1.90734e+06 1.90239e+06 1.89761e+06 1.89259e+06 1.88774e+06 1.88592e+06 1.87766e+06 1.87245e+06 1.86756e+06 1.86309e+06 1.85827e+06 1.85367e+06 1.85081e+06 1.84341e+06 1.83818e+06 1.83332e+06 1.82868e+06 1.82449e+06 1.82075e+06 1.8181e+06 1.81262e+06 1.809e+06 1.80609e+06 1.80445e+06 1.80802e+06 1.81208e+06 1.80982e+06 1.78976e+06 1.75937e+06 1.72911e+06 1.69796e+06 1.68625e+06 1.66775e+06 1.64864e+06 1.59773e+06 1.58665e+06 1.57854e+06 1.59779e+06 1.57574e+06 1.57133e+06 1.5663e+06 1.56045e+06 1.55147e+06 1.54844e+06 1.53906e+06 1.52468e+06 1.51868e+06 1.51438e+06 1.52017e+06 1.52538e+06 1.5459e+06 1.57074e+06 1.60081e+06 1.63752e+06 1.67059e+06 1.70521e+06 1.72313e+06 1.68135e+06 1.62529e+06 1.55246e+06 1.47208e+06 1.4402e+06 1.41776e+06 1.4055e+06 1.44245e+06 1.43222e+06 1.45931e+06 1.43548e+06 1.42719e+06 1.44007e+06 1.44232e+06 1.4413e+06 1.43141e+06 1.42941e+06 1.43533e+06 1.43164e+06 1.4201e+06 1.4153e+06 1.4101e+06 1.41009e+06 1.39624e+06 1.38801e+06 1.37965e+06 1.37142e+06 1.36176e+06 1.35212e+06 1.34277e+06 1.33401e+06 1.3263e+06 1.32516e+06 1.3236e+06 1.3118e+06 1.2992e+06 1.2995e+06 1.29376e+06 1.28777e+06 1.27569e+06 1.26971e+06 1.2695e+06 1.2635e+06 1.25097e+06 1.2445e+06 1.23795e+06 1.23726e+06 1.22467e+06 1.21812e+06 1.21163e+06 1.21114e+06 1.20547e+06 1.19527e+06 1.19176e+06 1.19505e+06 1.19572e+06 1.19655e+06 1.21005e+06 1.22822e+06 1.26111e+06 1.30004e+06 1.34206e+06 1.38432e+06 1.42646e+06 1.43412e+06 1.46142e+06 1.44547e+06 1.3831e+06 1.34037e+06 1.24794e+06 1.11027e+06 1.0912e+06 1.07668e+06 1.00045e+06 950198 929611 918591 909466 902531 898109 904801 912279 920298 937295 938330 947350 956288 971800 980798 989165 1.00296e+06 1.02427e+06 1.04292e+06 1.06676e+06 1.08443e+06 1.11641e+06 1.14688e+06 1.16954e+06 1.19593e+06 1.22218e+06 1.25875e+06 1.29685e+06 1.33522e+06 1.3408e+06 1.36589e+06 1.35272e+06 1.3348e+06 1.27669e+06 1.19915e+06 1.07243e+06 994958 953276 915330 879362 876859 841242 831802 822577 828809 824832 815788 813256 808699 803636 798459 799379 786285 779298 772363 771614 766169 760950 750103 741106 732497 723989 724815 718615 707205 701849 695867 689912 684269 685654 674308 669407 664565 657529 650384 643279 645240 684806 715736 745118 750710 755604 762105 766914 723933 695924 669724 651479 633293 614565 616483 592930 583199 573514 566886 559933 552883 554807 550951 541260 535738 528859 522621 525446 521473 518223 515054 506207 503773 501401 498577 495376 492617 497704 494718 484952 481718 479054 476345 473398 469534 465256 461297 463332 452777 448072 443610 440284 436920 433409 429275 425215 421500 424467 414032 409958 406348 403373 400359 397060 393079 389109 385279 388917 387176 380810 378087 375086 372243 369907 367930 365886 363340 360092 357085 360506 357873 355139 347185 344199 341279 338328 335185 332022 328969 326826 324982 323064 321449 320110 318921 324112 323476 322788 316697 315802 314913 313839 312194 310520 308867 307119 305336 303463 301206 298873 296550 292975 289346 285743 288721 285892 283085 280177 277328 274389 267110 264120 261177 258083 254920 251709 248711 245940 243190 240361 237533 234649 231779 228741 225751 222748 220191 217574 214983 212405 209862 207266 205095 202912 200749 198580 196446 194267 192322 190406 188510 186581 184677 182733 180741 178655 176591 174571 172666 170720 168788 166801 164835 162900 161141 159347 157583 155799 154035 152269 150730 149160 147613 146055 144511 142930 141518 140080 138660 137288 135939 134559 132521 130227 127923 127825 131645 131750 229284 366395 502416 637872 751225 866131 938511 945295 951662 958743 968097 977719 986739 992873 998988 1.00522e+06 1.00982e+06 1.01451e+06 1.01916e+06 1.02281e+06 1.01948e+06 1.02316e+06 1.02577e+06 1.02826e+06 1.03049e+06 1.03167e+06 1.03328e+06 1.03501e+06 1.03635e+06 1.03733e+06 1.03836e+06 1.03939e+06 1.04028e+06 1.0412e+06 1.04195e+06 1.04206e+06 1.04368e+06 1.04371e+06 1.04348e+06 1.0432e+06 1.04297e+06 1.04231e+06 1.04264e+06 1.04296e+06 1.04308e+06 1.04322e+06 1.04345e+06 1.04364e+06 1.0438e+06 1.04336e+06 1.04542e+06 1.04707e+06 1.04869e+06 1.05042e+06 1.05287e+06 1.0553e+06 1.05762e+06 1.05906e+06 1.06021e+06 1.0612e+06 1.06269e+06 1.06457e+06 1.06633e+06 1.06797e+06 1.0687e+06 1.06945e+06 1.06986e+06 1.06899e+06 1.06798e+06 1.06681e+06 1.06461e+06 1.06318e+06 1.06165e+06 1.06011e+06 1.0582e+06 1.05621e+06 1.05395e+06 1.0513e+06 1.04868e+06 1.04759e+06 1.04805e+06 1.04869e+06 1.04759e+06 1.03698e+06 1.03324e+06 1.03029e+06 1.02994e+06 1.03345e+06 1.03518e+06 1.03434e+06 1.03392e+06 1.03399e+06 1.03458e+06 1.03432e+06 1.03406e+06 1.03486e+06 1.03572e+06 1.03674e+06 1.03857e+06 1.04071e+06 1.04331e+06 1.04615e+06 1.04914e+06 1.05093e+06 1.05377e+06 1.0566e+06 1.05813e+06 1.05971e+06 1.06106e+06 1.06224e+06 1.06485e+06 1.06624e+06 1.06786e+06 1.06306e+06 1.06893e+06 1.07679e+06 1.08615e+06 1.07882e+06 1.07502e+06 1.0733e+06 1.0745e+06 1.08256e+06 1.0903e+06 1.09771e+06 1.10439e+06 1.10687e+06 1.11032e+06 1.11511e+06 1.1192e+06 1.12325e+06 1.12743e+06 1.13179e+06 1.13618e+06 1.1405e+06 1.14374e+06 1.14569e+06 1.1464e+06 1.14883e+06 1.15108e+06 1.15337e+06 1.1556e+06 1.15726e+06 1.15557e+06 1.15497e+06 1.15429e+06 1.1528e+06 1.15138e+06 1.1495e+06 1.147e+06 1.1438e+06 1.13969e+06 1.13536e+06 1.13061e+06 1.12201e+06 1.11566e+06 1.10975e+06 1.09908e+06 1.09545e+06 1.09268e+06 1.09963e+06 1.08845e+06 1.09535e+06 1.10595e+06 1.12061e+06 1.12272e+06 1.12726e+06 1.12899e+06 1.12087e+06 1.11738e+06 1.11808e+06 1.11438e+06 1.10935e+06 1.10505e+06 1.10059e+06 1.09705e+06 1.09312e+06 1.09137e+06 1.08993e+06 1.08884e+06 1.08826e+06 1.08802e+06 1.08746e+06 1.0866e+06 1.08513e+06 1.08363e+06 1.08126e+06 1.07795e+06 1.07382e+06 1.06981e+06 1.06582e+06 1.06203e+06 1.05613e+06 1.05191e+06 1.04749e+06 1.04786e+06 1.03507e+06 1.03555e+06 1.03793e+06 1.0521e+06 1.05261e+06 1.05754e+06 1.06275e+06 1.06808e+06 1.07024e+06 1.06674e+06 1.06423e+06 1.0628e+06 1.06239e+06 1.06399e+06 1.06553e+06 1.06682e+06 1.06791e+06 1.06822e+06 1.06778e+06 1.06704e+06 1.06596e+06 1.06449e+06 1.06246e+06 1.0604e+06 1.05825e+06 1.05608e+06 1.05429e+06 1.05258e+06 1.05078e+06 1.04895e+06 1.04694e+06 1.04501e+06 1.04291e+06 1.04069e+06 1.04586e+06 1.03384e+06 1.03414e+06 1.03622e+06 1.05129e+06 1.05328e+06 1.05899e+06 1.06425e+06 1.06671e+06 1.06776e+06 1.06168e+06 1.05647e+06 1.05221e+06 1.04793e+06 1.04587e+06 1.0452e+06 1.04378e+06 1.04366e+06 1.04435e+06 1.04527e+06 1.04726e+06 1.04746e+06 1.04772e+06 1.04805e+06 1.04761e+06 1.04603e+06 1.04362e+06 1.04115e+06 1.04087e+06 1.04118e+06 1.03194e+06 1.03206e+06 1.04255e+06 1.04226e+06 1.03929e+06 1.03707e+06 1.03549e+06 1.03566e+06 1.03632e+06 1.03742e+06 1.0333e+06 1.02664e+06 1.0197e+06 1.01269e+06 1.00405e+06 996663 987737 979095 970732 963197 956237 951174 947596 944579 942019 941435 940244 938498 937306 935980 934708 933532 933112 930586 929124 929105 928004 926883 925761 923768 922416 921219 920135 920299 919404 918212 916971 915244 913730 912477 912764 910583 909315 907879 906137 904431 902702 902211 898970 897241 895536 893854 892142 892073 890622 887820 886773 886350 886386 886609 888982 890192 891568 893398 894717 896032 897517 900901 900847 901034 898151 897526 897320 897536 895429 893394 892104 894018 890281 887525 884947 887254 890608 894889 898275 893536 888615 883956 878787 873605 867595 860465 853311 846790 841606 837665 833937 830230 828214 826380 825235 824603 824072 823822 823868 823904 825014 825473 825085 825682 826685 827748 828889 830347 831919 833460 836540 837795 839072 840277 839796 840554 841259 841731 842206 842636 842519 842424 842347 842161 841954 841744 842511 842254 841200 840746 840217 839744 839516 839530 839543 839517 839425 839349 839297 839284 839271 840481 840407 840348 840297 840059 839768 838570 838393 838240 838082 837698 837244 836811 836546 836369 836182 835799 835264 834757 834339 834024 833695 833271 832671 832089 831526 831036 830537 830060 829650 829239 828795 828133 827455 826783 827198 826696 826185 825454 824669 823902 823019 822130 821217 820079 818814 817579 816198 814789 
        </DataArray>
        <DataArray type="Float64" Name="Temperature" format="ascii">
1074.66 1074.19 1073.68 1073.18 1072.58 1071.91 1071.22 1070.5 1069.7 1068.92 1067.97 1066.81 1065.61 1064.7 1064.47 1064.25 1067.85 1066.05 1064.03 1061.95 1061.93 1061.93 1061.97 1061.4 1060.81 1060.24 1059.42 1058.57 1057.71 1056.69 1055.62 1054.58 1053.51 1052.45 1051.39 1050.38 1049.38 1048.41 1047.45 1046.52 1045.6 1044.84 1044.29 1039.97 1039.44 1039.09 1038.79 1040.92 1040.14 1039.37 1038.58 1037.83 1037.06 1036.3 1035.51 1034.74 1033.95 1033.29 1032.65 1032.03 1031.43 1030.84 1030.38 1029.94 1029.57 1029.24 1040.65 1039.46 1036.9 1034.18 1035.66 1037.27 1039 1039.67 1040.28 1040.83 1035.53 1035.96 1036.7 1039.96 1039.45 1038.97 1038.54 1038.19 1037.85 1037.68 1037.87 1038.15 1039.31 1041 1043.09 1044.13 1048.51 1046.24 1043.61 1043.15 1043.53 1043.66 1043.89 1041.44 1042 1043.48 1043.31 1043.21 1043.16 1042.98 1042.83 1042.73 1042.53 1042.61 1042.36 1040.54 1040.31 1040.29 1040.79 1043.74 1047.7 1048.52 1049.6 1050.86 1052.36 1052.8 1052.75 1052.75 1052.76 1052.62 1051.96 1051.61 1051.15 1050.49 1049.93 1049.65 1049.56 1049.49 1049.32 1048.91 1048.51 1048.12 1047.93 1047.81 1047.7 1046.2 1044.75 1043.33 1043.68 1047.94 1049.82 1051.93 1050.27 1052.03 1049.91 1050.97 1050.65 1050.6 1050.82 1051.53 1052.22 1052.87 1053.49 1053.78 1054.27 1054.23 1055.24 1055.74 1056.3 1056.91 1057.77 1058.6 1059.86 1061.52 1064.52 1067.84 1071.58 1079.43 1086.28 1093.37 1097.8 1104.11 1110.38 1118.66 1121.45 1125.34 1128.58 1131.08 1130.24 1130 1128.72 1126.55 1124.79 1123.06 1121.29 1118.41 1114.71 1110.86 1106.71 1103.34 1101.72 1099 1099.93 1100.19 1103.49 1108.56 1109.69 1110.63 1111.84 1113.31 1114.97 1116.4 1117.91 1119.48 1120.98 1123.55 1125.29 1127.66 1129.73 1132.09 1135.05 1136.78 1137.95 1139.36 1140.67 1142.61 1144.14 1146.99 1150.34 1154.07 1157.11 1158.86 1160.37 1161.6 1164.09 1171.27 1178.77 1185.65 1191.58 1192.63 1198 1202.92 1207.29 1213.48 1221.84 1228.09 1233.87 1241.49 1244.85 1250.06 1253.7 1256.21 1258.5 1260.56 1261.31 1263.09 1264.32 1265 1267.93 1273.9 1282.02 1288.33 1296.83 1307.19 1320.68 1330.51 1337.05 1344.65 1350.54 1358.31 1360.44 1361.78 1363.37 1364.44 1364.14 1363.85 1361.91 1358.4 1353.64 1349.14 1344.77 1340.7 1338.78 1333.21 1328.99 1324.3 1320.7 1314.65 1302.72 1294.29 1288.34 1277.53 1265.27 1247.85 1236.01 1224.66 1213.07 1201.62 1191.47 1182.61 1174.12 1166.27 1160.86 1155.28 1150.35 1146.48 1142.51 1140.05 1138.3 1135.97 1132.78 1130.3 1128.42 1130.71 1135.6 1139.46 1142.43 1138.6 1138.89 1139.82 1140.25 1141.67 1142.99 1144.17 1144.15 1145.06 1145.3 1145.49 1145.27 1145.16 1145.02 1145.31 1145.33 1145.56 1146.02 1146.95 1148.24 1149.54 1150.72 1151.19 1151.66 1152.1 1154.06 1152.78 1153.3 1153.66 1152.29 1150.69 1148.87 1147.51 1148.75 1150.33 1152.29 1165.81 1166.13 1169.44 1166.65 1169.21 1171.92 1182.9 1186.41 1188.33 1190.59 1190.93 1190.17 1189.38 1188.18 1185.76 1183 1180 1178.22 1177.65 1176.31 1175.66 1175.98 1175.92 1178.52 1184.3 1191.67 1199.82 1208.03 1216.53 1225.46 1233.4 1238.43 1243.01 1247.7 1242.81 1242.22 1241.64 1238.27 1233.58 1227.84 1228.98 1225.37 1207.25 1201.59 1189.19 1173.7 1152.17 994.564 823.585 633.769 511.963 493.379 472.05 464.141 465.258 466.065 466.937 468.2 468.816 472.948 475.588 478.234 480.674 469.056 472.388 475.459 478.703 481.717 484.117 486.422 488.392 489.577 498.253 499.33 500.264 488.782 491.375 493.912 496.314 498.382 500.086 501.496 504.045 506.531 508.492 511.101 509.669 509.344 510.419 503.095 506.033 508.666 510.999 513.221 515.274 517.23 518.956 520.533 522.04 523.302 524.285 525.066 525.491 525.581 536.847 539.221 541.681 544.637 523.796 526.397 529.24 532.34 535.479 538.949 542.624 546.431 550.395 554.71 559.007 563.6 568.511 573.487 578.387 583.382 588.189 592.931 597.103 601.059 604.672 607.634 610.271 612.686 613.861 614.614 615.007 618.631 617.091 615.595 616.768 619.044 621.25 623.126 624.733 626.368 627.99 629.673 631.305 632.989 634.642 636.325 637.903 639.434 640.918 642.417 643.846 645.3 646.754 648.355 649.908 651.491 653.024 654.581 656.126 657.961 659.742 657.08 659.237 661.43 663.589 665.879 668.138 670.433 672.559 674.691 676.786 678.857 680.86 682.879 684.97 687.16 689.314 691.455 693.509 695.579 697.757 700.162 702.528 704.921 707.243 709.586 711.987 714.783 717.542 720.337 727.026 729.712 732.325 734.982 737.542 740.156 737.812 740.808 743.844 746.493 748.95 751.427 754.166 757.219 760.349 763.477 766.572 769.928 773.095 776.546 779.239 778.535 779.773 781.264 782.943 784.525 786.036 787.528 789.284 791.256 793.37 795.463 797.498 802.845 804.698 806.586 808.428 806.119 808.176 810.414 812.5 813.789 815.015 816.244 817.988 823.261 824.868 822.632 823.925 825.374 826.478 827.313 828.095 829.033 830.278 831.63 835.578 836.3 836.97 837.999 835.442 837.41 839.517 841.907 844.432 847.135 852.089 854.072 855.966 854.714 856.432 858.112 859.697 860.961 865.889 866.994 863.451 864.084 864.654 865.402 866.929 868.417 869.815 877.369 879.017 880.733 875.65 880.645 885.757 890.862 894.757 905.661 906.351 900.415 896.6 893.571 892.161 892.161 892.161 892.663 889.204 889.46 890.192 891.718 893.851 899.094 898.063 899.486 901.049 902.806 903.508 903.417 905.767 901.99 901.638 901.386 901.245 901.058 904.438 904.1 900.645 902.911 905.495 908.485 914.255 916.327 918.209 922.002 921.342 925.439 934.601 934.102 939.481 944.903 950.188 956.108 968.999 974.541 972.072 985.345 998.431 1011.76 1020.43 1025.22 1031.66 1039.95 1031.68 1016.81 990.764 985.352 985.966 986.878 988.061 989.981 992.675 995.524 998.437 1000.69 1004.11 1005.26 1006.17 1004.48 1005.36 1008.8 1010.31 1008.95 1010.86 1012.88 1019.03 1018.18 1021.51 1024.9 1028.25 1035.77 1038.88 1041.72 1045.47 1042.93 1052.99 1057.04 1068.53 1067.98 1080.9 1107.43 1104.69 1106.46 1100.62 1093.26 1080.47 1072.28 1065.81 1061.48 1061.67 1060.31 1061.84 1063.42 1065.01 1066.23 1066.75 1066.94 1066.78 1066.05 1064.06 1061.83 1059.43 1056.77 1054.07 1051.42 1048.94 1046.55 1045.7 1047.07 1049.19 1052.14 1056.6 1075.7 1096.2 1118.76 1142.66 1160.06 1169.88 1179.09 1187.39 1184.94 1181.78 1174.81 1168.31 1161.51 1154.78 1148.78 1143.48 1139.95 1138.16 1134.82 1133.91 1135.46 1134.85 1134.14 1130.05 1128.32 1125.94 1123.35 1120.61 1118.08 1115.22 1112.38 1109.65 1124.09 1113.09 1120.64 1129.22 1156.79 1168.33 1170.37 1182.36 1204.43 1215.2 1218.91 1234.43 1224.91 1216.03 1207.5 1197.82 1194.24 1192.27 1190.9 1191.78 1193.49 1195.84 1195.02 1196.87 1198.22 1199.06 1204.72 1197.65 1198.15 1198.83 1209.31 1210.99 1213.89 1208.11 1214.68 1222.29 1230.47 1243.8 1244.71 1243.62 1242.31 1241.95 1242.21 1242.66 1242.78 1243.06 1242.84 1242.9 1243.87 1243.19 1241.77 1241.09 1238.06 1235.27 1232.72 1232.38 1229.58 1226.97 1222.68 1220.33 1218.17 1216.26 1217.64 1217.72 1217.75 1213.39 1214.53 1215.28 1215.65 1218.38 1220.83 1222.53 1218.23 1219.35 1219.65 1219.11 1231.17 1221.44 1223.03 1224.13 1216.2 1216.94 1217.16 1216.66 1215.65 1214.16 1219.99 1218.8 1207.62 1207.35 1208.38 1209.73 1222.32 1222.74 1222.33 1221.64 1217.64 1219.08 1220.01 1220.68 1221.26 1221.59 1222.84 1224.16 1225.3 1224.47 1225.33 1226.03 1226.59 1227.02 1227.42 1227.78 1227.98 1227.7 1227.42 1227.86 1227.61 1227.41 1227.23 1226.99 1226.77 1226.58 1226.32 1226.09 1225.88 1225.34 1225.33 1224.97 1224.68 1224.45 1224.24 1224.03 1223.85 1223.68 1223.34 1223.32 1223.31 1223.29 1223.28 1223.6 1223.61 1223.71 1223.82 1223.92 1224.12 1224.37 1224.64 1224.95 1225.36 1225.79 1225.91 1226.45 1226.99 1227.52 1228.11 1229.58 1230.15 1230.71 1231.3 1231.89 1232.4 1232.9 1233.44 1233.77 1234.08 1234.41 1234.67 1234.91 1235.16 1235.28 1235.33 1235.41 1234.45 1234.58 1234.71 1234.85 1235.03 1238.18 1238.51 1239 1239.49 1240.01 1240.74 1241.45 1242.16 1242.78 1243.41 1244.04 1244.82 1245.58 1246.36 1246.97 1247.59 1248.2 1248.88 1249.57 1250.28 1250.85 1251.4 1251.95 1252.58 1253.24 1253.92 1254.55 1255.17 1255.8 1256.49 1257.23 1257.99 1258.76 1259.56 1260.36 1261.13 1261.8 1262.49 1263.07 1263.37 1263.66 1263.83 1263.48 1263.09 1262.69 1262.56 1262.4 1262.2 1262.38 1262.54 1262.67 1263.36 1264.08 1264.81 1265.71 1266.67 1267.63 1268.32 1268.89 1269.46 1269.97 1270.46 1270.93 1271.33 1271.67 1271.99 1276.02 1276.33 1276.6 1276.93 1277.3 1277.64 1275.95 1276.99 1278.05 1279.11 1279.86 1280.61 1281.34 1281.98 1282.61 1283.25 1283.54 1283.78 1284.01 1283.87 1283.6 1283.29 1283.27 1282.54 1281.72 1279.14 1278.18 1277.11 1276.33 1276.06 1275.72 1275.58 1276.18 1276.69 1277.08 1277.12 1277.15 1277.16 1281.24 1281.08 1280.93 1279.42 1280.13 1280.82 1281.49 1282.16 1282.8 1283.35 1283.8 1284.28 1284.85 1285.58 1286.28 1287.09 1287.06 1287.03 1287 1287.19 1287.46 1287.78 1288.05 1288.38 1288.03 1288.9 1288.78 1288.65 1288.5 1288.31 1288.16 1288.05 1287.86 1287.78 1286.52 1287.25 1286.72 1286.14 1285.74 1285.84 1286.16 1286.51 1285.55 1281.41 1280.41 1281.69 1280.1 1278.76 1277.46 1276.16 1275.16 1269.93 1269.07 1268.35 1267.72 1266.71 1264.98 1263.37 1262.04 1259.58 1258.43 1257.79 1256.43 1255.13 1253.92 1252.8 1251.71 1250.5 1249.13 1247.95 1246.84 1245.76 1244.76 1243.85 1243.2 1241.95 1240.96 1240.04 1239.21 1238.31 1237.53 1236.7 1235.66 1234.64 1233.71 1232.82 1231.99 1231.31 1230.48 1229.66 1228.89 1228.25 1227.83 1228.38 1228.24 1227.97 1213.98 1205.44 1198.05 1191.58 1193.56 1189.35 1185.9 1175.13 1173.11 1171.52 1176.49 1171.12 1170.25 1169.13 1167.75 1165.66 1165.45 1163.31 1160.14 1158.85 1157.86 1159.2 1160.09 1164.49 1169.8 1176.21 1184.11 1191.4 1198.95 1188.7 1177.96 1165.71 1159.21 1137.93 1132.17 1128.15 1126 1138.47 1137.25 1146.97 1141.33 1139.93 1145.12 1146.86 1147.2 1145.39 1145.46 1147.47 1146.75 1144.25 1143.21 1142.08 1142.03 1138.93 1137.01 1135.06 1133.14 1130.84 1128.53 1126.3 1124.2 1122.35 1121.97 1121.21 1118.75 1115.8 1115.82 1114.57 1113.15 1110.36 1109.04 1109.1 1107.83 1104.93 1103.51 1102.17 1102.17 1099.27 1097.78 1096.39 1096.45 1095.18 1092.67 1091.89 1092.83 1093.13 1093.42 1096.94 1101.68 1110.08 1120 1130.53 1141.2 1151.78 1153.03 1154.17 1149.63 1138.95 1129.18 1105.92 1070.27 1065.64 1061.78 1040.52 1025.22 1018.87 1015.26 1012.28 1010.05 1008.59 1010.57 1012.81 1015.23 1020.32 1020.58 1023.17 1025.74 1030.21 1032.71 1035.08 1038.95 1044.91 1050.11 1056.62 1061.44 1070.08 1078.03 1084.11 1090.87 1097.68 1106.84 1116.35 1125.9 1127.15 1133.73 1130.76 1126.76 1112.86 1092.36 1059.04 1038.22 1024.99 1012.84 1001.25 999.863 988.392 984.999 981.733 983.415 981.856 978.814 977.765 976.036 974.154 972.263 972.255 967.781 965.174 962.619 962.096 959.94 957.845 953.974 950.529 947.258 944.054 944.156 941.718 937.406 935.271 932.902 930.552 928.335 928.708 924.307 922.273 920.285 917.375 914.429 911.514 912.172 932.473 947.21 960.686 958.809 957.399 958.135 960.482 944.596 934.144 924.454 916.92 909.454 901.809 902.544 892.467 888.18 883.928 880.928 877.801 874.647 875.344 873.49 869.092 866.475 863.232 860.306 861.581 859.651 858.04 856.496 852.293 851.046 849.842 848.423 846.822 845.451 847.824 846.287 841.548 839.879 838.406 836.917 835.325 833.268 830.99 828.876 829.679 824.292 821.756 819.357 817.452 815.545 813.576 811.278 809.029 806.981 808.385 802.748 800.415 798.319 796.522 794.721 792.755 790.339 787.945 785.65 787.503 786.301 782.52 780.723 778.763 776.908 775.297 773.87 772.411 770.7 768.631 766.716 768.643 766.942 765.189 760.295 758.322 756.401 754.469 752.414 750.352 748.37 746.926 745.667 744.368 743.27 742.354 741.541 744.849 744.385 743.889 739.924 739.267 738.618 737.851 736.717 735.566 734.429 733.191 731.937 730.627 729.04 727.404 725.778 723.239 720.662 718.109 720.068 718.003 715.961 713.829 711.723 709.554 704.279 702.001 699.762 697.385 694.929 692.439 690.094 687.885 685.698 683.438 681.144 678.809 676.481 673.984 671.53 669.072 667.029 664.939 662.872 661.033 659.221 657.373 656.029 654.699 653.38 652.062 650.765 649.439 648.056 646.615 645.187 643.416 641.505 639.554 637.424 635.096 632.795 630.409 628.015 625.574 623.116 620.54 617.995 615.522 613.336 611.106 608.961 606.956 604.972 602.98 601.225 599.433 597.664 595.862 594.074 592.241 590.581 588.887 587.212 585.579 583.97 582.322 579.831 577.012 574.176 574.165 578.598 578.858 692.173 850.136 1005.38 1088.05 1134.39 1181.33 1211.49 1215.9 1220.14 1225.1 1232.12 1239.63 1246.92 1251.94 1257.34 1263.35 1270.97 1278.81 1286.62 1296.23 1311.67 1320.38 1323.26 1326.46 1329.81 1330.97 1332.43 1333.96 1336.32 1339.45 1342.46 1345.81 1349.68 1353.54 1357.46 1362.35 1370.5 1375.46 1380.71 1386.39 1392.07 1395.06 1400.04 1405.13 1410.01 1415.4 1421.29 1427.01 1432.25 1432.87 1439.83 1439.81 1439.61 1438.82 1434.85 1430.3 1425.32 1422.23 1419.58 1417.07 1419.04 1417.98 1417.12 1416.32 1415.86 1415.24 1414.36 1412.86 1411.33 1409.72 1408.24 1406.62 1405.14 1404.12 1402.63 1401.08 1399.26 1397.07 1394.9 1393.62 1393.59 1393.41 1392.28 1379.61 1376.75 1374.39 1372.82 1377.93 1376.76 1372.03 1371.56 1371.2 1370.95 1370.61 1370.29 1371.66 1371.32 1371.04 1371.62 1370.99 1369.47 1367.86 1366.23 1359.93 1355.57 1351.1 1348.26 1344.39 1340.87 1337.58 1338.22 1339.27 1341.7 1360.5 1374.07 1387.52 1400.3 1399.98 1405.62 1410.97 1413.81 1421.66 1429.92 1438.71 1446.17 1452.82 1459.11 1462.91 1468.61 1474.24 1481.86 1488.39 1497.82 1509.15 1519.5 1525.07 1525.53 1520.63 1512.83 1494.88 1474.6 1446.34 1379.03 1333.52 1301.03 1282.47 1269.78 1258.55 1248.78 1241.47 1234.11 1227.49 1222.45 1218.88 1216.53 1214.59 1212.48 1211.94 1211.97 1211.91 1209.63 1208.52 1208.13 1208.44 1210.17 1212.44 1212.31 1204.92 1198.38 1191.5 1186.88 1184.06 1181.93 1179.81 1178.32 1176.42 1175.52 1174.76 1174.18 1173.87 1173.8 1173.68 1173.49 1173.16 1172.74 1172.16 1171.13 1169.89 1168.5 1166.94 1165.45 1162.87 1160.87 1158.82 1158.43 1153.46 1152.9 1152.85 1157.17 1155.42 1156.7 1158.4 1160.46 1161.54 1159.32 1157.61 1156.48 1155.9 1156.15 1156.38 1156.54 1156.64 1156.49 1156.09 1155.56 1154.9 1154.09 1153.07 1152.02 1150.92 1149.8 1148.92 1148.09 1147.2 1146.29 1145.43 1144.66 1143.72 1142.64 1144.49 1139.78 1139.39 1139.27 1144.3 1141.62 1143.61 1146.13 1152.37 1152.41 1150.01 1148.05 1146.57 1145.04 1144.27 1143.85 1143.35 1143.16 1143.23 1143.39 1143.77 1143.72 1143.68 1143.66 1143.49 1142.84 1142.02 1141.18 1141.08 1141.08 1137.82 1137.62 1140.73 1139.92 1138.07 1134.2 1133.53 1134.01 1135.52 1138.01 1137.99 1135.41 1132.82 1130.29 1127.44 1124.84 1121.83 1118.9 1116.04 1113.44 1111.01 1109.22 1107.93 1106.81 1105.84 1105.59 1105.09 1104.32 1103.81 1103.26 1102.72 1102.21 1102.03 1100.98 1100.37 1100.31 1099.79 1099.24 1098.65 1097.6 1096.81 1096.06 1095.32 1095.21 1094.44 1093.22 1092.34 1091.36 1090.42 1089.56 1089.7 1088.58 1088.16 1087.79 1087.47 1087.11 1086.69 1087.95 1087.37 1087.96 1088.5 1089.05 1089.54 1090.57 1091.05 1090.86 1091.4 1091.87 1092.37 1092.89 1094.02 1094.65 1095.33 1096.11 1096.63 1097.13 1097.69 1098.89 1098.85 1098.92 1097.91 1097.23 1096.82 1096.68 1094.44 1091.87 1089.49 1091.47 1088.72 1079.39 1077.55 1078.5 1080.6 1083.77 1098.62 1096.72 1094.78 1093.12 1091.25 1089.38 1087.22 1084.64 1082.06 1079.69 1077.76 1076.31 1074.94 1073.8 1073.07 1072.42 1072.05 1071.88 1071.76 1071.75 1071.85 1071.96 1072.21 1072.44 1072.61 1072.88 1073.29 1073.73 1074.23 1074.81 1075.42 1076.02 1077.03 1077.43 1077.86 1078.28 1078.39 1078.6 1078.81 1078.94 1079.09 1079.23 1079.18 1079.14 1079.11 1079.04 1078.97 1078.89 1078.99 1078.94 1078.79 1078.67 1078.54 1078.43 1078.41 1078.48 1078.55 1078.6 1078.62 1078.65 1078.69 1078.74 1078.79 1079.24 1079.37 1079.52 1079.69 1079.87 1080.06 1079.62 1079.98 1080.34 1080.7 1080.97 1081.21 1081.43 1081.65 1081.86 1082.06 1082.13 1082.1 1082.08 1082.07 1082.08 1082.09 1082.05 1081.93 1081.82 1081.72 1081.63 1081.53 1081.44 1081.35 1081.26 1081.16 1080.96 1080.76 1080.56 1079.12 1078.94 1078.77 1078.51 1078.23 1077.97 1077.68 1077.39 1077.1 1076.74 1076.34 1075.95 1075.53 1075.1 
        </DataArray>
        <DataArray type="Float64" Name="Tau1" format="ascii">
0 0 0 0 0 0 0 0 0 0 0 0 0 0 0 0 0 0 0 0 0 0 0 0 0 0 0 0 0 0 0 0 0 0 0 0 0 0 0 0 0 0 0 0 0 0 0 0 0 0 0 0 0 0 0 0 0 0 0 0 0 0 0 0 0 0 0 0 0 0 0 0 0 0 0 0 0 0 0 0 0 0 0 0 0 0 0 0 0 0 0 0 0 0 0 0 0 0 0 0 0 0 0 0 0 0 0 0 0 0 0 0 0 0 0 0 0 0 0 0 0 0 0 0 0 0 0 0 0 0 0 0 0 0 0 0 0 0 0 0 0 0 0 0 0 0 0 0 0 0 0 0 0 0 0 0 0 0 0 0 0 0 0 0 0 0 0 0 0 0 0 0 0 0 0 0 0 0 0 0 0 0 0 0 0 0 0 0 0 0 0 0 0 0 0 0 0 0 0 0 0 0 0 0 0 0 0 0 0 0 0 0 0 0 0 0 0 0 0 0 0 0 0 0 0 0 0 0 0 0 0 0 0 0 0 0 0 0 0 0 0 0 0 0 0 0 0 0 0 0 0 0 0 0 0 0 0 0 0 0 0 0 0 0 0 0 0 0 0 0 0 0 0 0 0 0 0 0 0 0 0 0 0 0 0 0 0 0 0 0 0 0 0 0 0 0 0 0 0 0 0 0 0 0 0 0 0 0 0 0 0 0 0 0 0 0 0 0 0 0 0 0 0 0 0 0 0 0 0 0 0 0 0 0 0 0 0 0 0 0 0 0 0 0 0 0 0 0 0 0 0 0 0 0 0 0 0 0 0 0 0 0 0 0 0 0 0 0 0 0 0 0 0 0 0 0 0 0 0 0 0 0 0 0 0 0 0 0 0 0 0 0 0 0 0 0 0 0 0 0 0 0 0 0 0 0 0 0 0 0 0 0 0 0 0 0 0 0 0 0 0 0 0 0 0 0 0 0 0 0 0 0 0 0 0 0 0 0 0 0 0 0 0 0 0 0 0 0 0 0 0 0 0 0 0 0 0 0 0 0 0 0 0 0 0 0 0 0 0 0 0 0 0 0 0 0 0 0 0 0 0 0 0 0 0 0 0 0 0 0 0 0 0 0 0 0 0 0 0 0 0 0 0 0 0 0 0 0 0 0 0 0 0 0 0 0 0 0 0 0 0 0 0 0 0 0 0 0 0 0 0 0 0 0 0 0 0 0 0 0 0 0 0 0 0 0 0 0 0 0 0 0 0 0 0 0 0 0 0 0 0 0 0 0 0 0 0 0 0 0 0 0 0 0 0 0 0 0 0 0 0 0 0 0 0 0 0 0 0 0 0 0 0 0 0 0 0 0 0 0 0 0 0 0 0 0 0 0 0 0 0 0 0 0 0 0 0 0 0 0 0 0 0 0 0 0 0 0 0 0 0 0 0 0 0 0 0 0 0 0 0 0 0 0 0 0 0 0 0 0 0 0 0 0 0 0 0 0 0 0 0 0 0 0 0 0 0 0 0 0 0 0 0 0 0 0 0 0 0 0 0 0 0 0 0 0 0 0 0 0 0 0 0 0 0 0 0 0 0 0 0 0 0 0 0 0 0 0 0 0 0 0 0 0 0 0 0 0 0 0 0 0 0 0 0 0 0 0 0 0 0 0 0 0 0 0 0 0 0 0 0 0 0 0 0 0 0 0 0 0 0 0 0 0 0 0 0 0 0 0 0 0 0 0 0 0 0 0 0 0 0 0 0 0 0 0 0 0 0 0 0 0 0 0 0 0 0 0 0 0 0 0 0 0 0 0 0 0 0 0 0 0 0 0 0 0 0 0 0 0 0 0 0 0 0 0 0 0 0 0 0 0 0 0 0 0 0 0 0 0 0 0 0 0 0 0 0 0 0 0 0 0 0 0 0 0 0 0 0 0 0 0 0 0 0 0 0 0 0 0 0 0 0 0 0 0 0 0 0 0 0 0 0 0 0 0 0 0 0 0 0 0 0 0 0 0 0 0 0 0 0 0 0 0 0 0 0 0 0 0 0 0 0 0 0 0 0 0 0 0 0 0 0 0 0 0 0 0 0 0 0 0 0 0 0 0 0 0 0 0 0 0 0 0 0 0 0 0 0 0 0 0 0 0 0 0 0 0 0 0 0 0 0 0 0 0 0 0 0 0 0 0 0 0 0 0 0 0 0 0 0 0 0 0 0 0 0 0 0 0 0 0 0 0 0 0 0 0 0 0 0 0 0 0 0 0 0 0 0 0 0 0 0 0 0 0 0 0 0 0 0 0 0 0 0 0 0 0 0 0 0 0 0 0 0 0 0 0 0 0 0 0 0 0 0 0 0 0 0 0 0 0 0 0 0 0 0 0 0 0 0 0 0 0 0 0 0 0 0 0 0 0 0 0 0 0 0 0 0 0 0 0 0 0 0 0 0 0 0 0 0 0 0 0 0 0 0 0 0 0 0 0 0 0 0 0 0 0 0 0 0 0 0 0 0 0 0 0 0 0 0 0 0 0 0 0 0 0 0 0 0 0 0 0 0 0 0 0 0 0 0 0 0 0 0 0 0 0 0 0 0 0 0 0 0 0 0 0 0 0 0 0 0 0 0 0 0 0 0 0 0 0 0 0 0 0 0 0 0 0 0 0 0 0 0 0 0 0 0 0 0 0 0 0 0 0 0 0 0 0 0 0 0 0 0 0 0 0 0 0 0 0 0 0 0 0 0 0 0 0 0 0 0 0 0 0 0 0 0 0 0 0 0 0 0 0 0 0 0 0 0 0 0 0 0 0 0 0 0 0 0 0 0 0 0 0 0 0 0 0 0 0 0 0 0 0 0 0 0 0 0 0 0 0 0 0 0 0 0 0 0 0 0 0 0 0 0 0 0 0 0 0 0 0 0 0 0 0 0 0 0 0 0 0 0 0 0 0 0 0 0 0 0 0 0 0 0 0 0 0 0 0 0 0 0 0 0 0 0 0 0 0 0 0 0 0 0 0 0 0 0 0 0 0 0 0 0 0 0 0 0 0 0 0 0 0 0 0 0 0 0 0 0 0 0 0 0 0 0 0 0 0 0 0 0 0 0 0 0 0 0 0 0 0 0 0 0 0 0 0 0 0 0 0 0 0 0 0 0 0 0 0 0 0 0 0 0 0 0 0 0 0 0 0 0 0 0 0 0 0 0 0 0 0 0 0 0 0 0 0 0 0 0 0 0 0 0 0 0 0 0 0 0 0 0 0 0 0 0 0 0 0 0 0 0 0 0 0 0 0 0 0 0 0 0 0 0 0 0 0 0 0 0 0 0 0 0 0 0 0 0 0 0 0 0 0 0 0 0 0 0 0 0 0 0 0 0 0 0 0 0 0 0 0 0 0 0 0 0 0 0 0 0 0 0 0 0 0 0 0 0 0 0 0 0 0 0 0 0 0 0 0 0 0 0 0 0 0 0 0 0 0 0 0 0 0 0 0 0 0 0 0 0 0 0 0 0 0 0 0 0 0 0 0 0 0 0 0 0 0 0 0 0 0 0 0 0 0 0 0 0 0 0 0 0 0 0 0 0 0 0 0 0 0 0 0 0 0 0 0 0 0 0 0 0 0 0 0 0 0 0 0 0 0 0 0 0 0 0 0 0 0 0 0 0 0 0 0 0 0 0 0 0 0 0 0 0 0 0 0 0 0 0 0 0 0 0 0 0 0 0 0 0 0 0 0 0 0 0 0 0 0 0 0 0 0 0 0 0 0 0 0 0 0 0 0 0 0 0 0 0 0 0 0 0 0 0 0 0 0 0 0 0 0 0 0 0 0 0 0 0 0 0 0 0 0 0 0 0 0 0 0 0 0 0 0 0 0 0 0 0 0 0 0 0 0 0 0 0 0 0 0 0 0 0 0 0 0 0 0 0 0 0 0 0 0 0 0 0 0 0 0 0 0 0 0 0 0 0 0 0 0 0 0 0 0 0 0 0 0 0 0 0 0 0 0 0 0 0 0 0 0 0 0 0 0 0 0 0 0 0 0 0 0 0 0 0 0 0 0 0 0 0 0 0 0 0 0 0 0 0 0 0 0 0 0 0 0 0 0 0 0 0 0 0 0 0 0 0 0 0 0 0 0 0 0 0 0 0 0 0 0 0 0 0 0 0 0 0 0 0 0 0 0 0 0 0 0 0 0 0 0 0 0 0 0 0 0 0 0 0 0 0 0 0 0 0 0 0 0 0 0 0 0 0 0 0 0 0 0 0 0 0 0 0 0 0 0 0 0 0 0 0 0 0 0 0 0 0 0 0 0 0 0 0 0 0 0 0 0 0 0 0 0 0 0 0 0 0 0 0 0 0 0 0 0 0 0 0 0 0 0 0 0 0 0 0 0 0 0 0 0 0 0 0 0 0 0 0 0 0 0 0 0 0 0 0 0 0 0 0 0 0 0 0 0 0 0 0 0 0 0 0 0 0 0 0 0 0 0 0 0 0 0 0 0 0 0 0 0 0 0 0 0 0 0 0 0 0 0 
        </DataArray>
        <DataArray type="Float64" Name="Tau2" format="ascii">
0 0 0 0 0 0 0 0 0 0 0 0 0 0 0 0 0 0 0 0 0 0 0 0 0 0 0 0 0 0 0 0 0 0 0 0 0 0 0 0 0 0 0 0 0 0 0 0 0 0 0 0 0 0 0 0 0 0 0 0 0 0 0 0 0 0 0 0 0 0 0 0 0 0 0 0 0 0 0 0 0 0 0 0 0 0 0 0 0 0 0 0 0 0 0 0 0 0 0 0 0 0 0 0 0 0 0 0 0 0 0 0 0 0 0 0 0 0 0 0 0 0 0 0 0 0 0 0 0 0 0 0 0 0 0 0 0 0 0 0 0 0 0 0 0 0 0 0 0 0 0 0 0 0 0 0 0 0 0 0 0 0 0 0 0 0 0 0 0 0 0 0 0 0 0 0 0 0 0 0 0 0 0 0 0 0 0 0 0 0 0 0 0 0 0 0 0 0 0 0 0 0 0 0 0 0 0 0 0 0 0 0 0 0 0 0 0 0 0 0 0 0 0 0 0 0 0 0 0 0 0 0 0 0 0 0 0 0 0 0 0 0 0 0 0 0 0 0 0 0 0 0 0 0 0 0 0 0 0 0 0 0 0 0 0 0 0 0 0 0 0 0 0 0 0 0 0 0 0 0 0 0 0 0 0 0 0 0 0 0 0 0 0 0 0 0 0 0 0 0 0 0 0 0 0 0 0 0 0 0 0 0 0 0 0 0 0 0 0 0 0 0 0 0 0 0 0 0 0 0 0 0 0 0 0 0 0 0 0 0 0 0 0 0 0 0 0 0 0 0 0 0 0 0 0 0 0 0 0 0 0 0 0 0 0 0 0 0 0 0 0 0 0 0 0 0 0 0 0 0 0 0 0 0 0 0 0 0 0 0 0 0 0 0 0 0 0 0 0 0 0 0 0 0 0 0 0 0 0 0 0 0 0 0 0 0 0 0 0 0 0 0 0 0 0 0 0 0 0 0 0 0 0 0 0 0 0 0 0 0 0 0 0 0 0 0 0 0 0 0 0 0 0 0 0 0 0 0 0 0 0 0 0 0 0 0 0 0 0 0 0 0 0 0 0 0 0 0 0 0 0 0 0 0 0 0 0 0 0 0 0 0 0 0 0 0 0 0 0 0 0 0 0 0 0 0 0 0 0 0 0 0 0 0 0 0 0 0 0 0 0 0 0 0 0 0 0 0 0 0 0 0 0 0 0 0 0 0 0 0 0 0 0 0 0 0 0 0 0 0 0 0 0 0 0 0 0 0 0 0 0 0 0 0 0 0 0 0 0 0 0 0 0 0 0 0 0 0 0 0 0 0 0 0 0 0 0 0 0 0 0 0 0 0 0 0 0 0 0 0 0 0 0 0 0 0 0 0 0 0 0 0 0 0 0 0 0 0 0 0 0 0 0 0 0 0 0 0 0 0 0 0 0 0 0 0 0 0 0 0 0 0 0 0 0 0 0 0 0 0 0 0 0 0 0 0 0 0 0 0 0 0 0 0 0 0 0 0 0 0 0 0 0 0 0 0 0 0 0 0 0 0 0 0 0 0 0 0 0 0 0 0 0 0 0 0 0 0 0 0 0 0 0 0 0 0 0 0 0 0 0 0 0 0 0 0 0 0 0 0 0 0 0 0 0 0 0 0 0 0 0 0 0 0 0 0 0 0 0 0 0 0 0 0 0 0 0 0 0 0 0 0 0 0 0 0 0 0 0 0 0 0 0 0 0 0 0 0 0 0 0 0 0 0 0 0 0 0 0 0 0 0 0 0 0 0 0 0 0 0 0 0 0 0 0 0 0 0 0 0 0 0 0 0 0 0 0 0 0 0 0 0 0 0 0 0 0 0 0 0 0 0 0 0 0 0 0 0 0 0 0 0 0 0 0 0 0 0 0 0 0 0 0 0 0 0 0 0 0 0 0 0 0 0 0 0 0 0 0 0 0 0 0 0 0 0 0 0 0 0 0 0 0 0 0 0 0 0 0 0 0 0 0 0 0 0 0 0 0 0 0 0 0 0 0 0 0 0 0 0 0 0 0 0 0 0 0 0 0 0 0 0 0 0 0 0 0 0 0 0 0 0 0 0 0 0 0 0 0 0 0 0 0 0 0 0 0 0 0 0 0 0 0 0 0 0 0 0 0 0 0 0 0 0 0 0 0 0 0 0 0 0 0 0 0 0 0 0 0 0 0 0 0 0 0 0 0 0 0 0 0 0 0 0 0 0 0 0 0 0 0 0 0 0 0 0 0 0 0 0 0 0 0 0 0 0 0 0 0 0 0 0 0 0 0 0 0 0 0 0 0 0 0 0 0 0 0 0 0 0 0 0 0 0 0 0 0 0 0 0 0 0 0 0 0 0 0 0 0 0 0 0 0 0 0 0 0 0 0 0 0 0 0 0 0 0 0 0 0 0 0 0 0 0 0 0 0 0 0 0 0 0 0 0 0 0 0 0 0 0 0 0 0 0 0 0 0 0 0 0 0 0 0 0 0 0 0 0 0 0 0 0 0 0 0 0 0 0 0 0 0 0 0 0 0 0 0 0 0 0 0 0 0 0 0 0 0 0 0 0 0 0 0 0 0 0 0 0 0 0 0 0 0 0 0 0 0 0 0 0 0 0 0 0 0 0 0 0 0 0 0 0 0 0 0 0 0 0 0 0 0 0 0 0 0 0 0 0 0 0 0 0 0 0 0 0 0 0 0 0 0 0 0 0 0 0 0 0 0 0 0 0 0 0 0 0 0 0 0 0 0 0 0 0 0 0 0 0 0 0 0 0 0 0 0 0 0 0 0 0 0 0 0 0 0 0 0 0 0 0 0 0 0 0 0 0 0 0 0 0 0 0 0 0 0 0 0 0 0 0 0 0 0 0 0 0 0 0 0 0 0 0 0 0 0 0 0 0 0 0 0 0 0 0 0 0 0 0 0 0 0 0 0 0 0 0 0 0 0 0 0 0 0 0 0 0 0 0 0 0 0 0 0 0 0 0 0 0 0 0 0 0 0 0 0 0 0 0 0 0 0 0 0 0 0 0 0 0 0 0 0 0 0 0 0 0 0 0 0 0 0 0 0 0 0 0 0 0 0 0 0 0 0 0 0 0 0 0 0 0 0 0 0 0 0 0 0 0 0 0 0 0 0 0 0 0 0 0 0 0 0 0 0 0 0 0 0 0 0 0 0 0 0 0 0 0 0 0 0 0 0 0 0 0 0 0 0 0 0 0 0 0 0 0 0 0 0 0 0 0 0 0 0 0 0 0 0 0 0 0 0 0 0 0 0 0 0 0 0 0 0 0 0 0 0 0 0 0 0 0 0 0 0 0 0 0 0 0 0 0 0 0 0 0 0 0 0 0 0 0 0 0 0 0 0 0 0 0 0 0 0 0 0 0 0 0 0 0 0 0 0 0 0 0 0 0 0 0 0 0 0 0 0 0 0 0 0 0 0 0 0 0 0 0 0 0 0 0 0 0 0 0 0 0 0 0 0 0 0 0 0 0 0 0 0 0 0 0 0 0 0 0 0 0 0 0 0 0 0 0 0 0 0 0 0 0 0 0 0 0 0 0 0 0 0 0 0 0 0 0 0 0 0 0 0 0 0 0 0 0 0 0 0 0 0 0 0 0 0 0 0 0 0 0 0 0 0 0 0 0 0 0 0 0 0 0 0 0 0 0 0 0 0 0 0 0 0 0 0 0 0 0 0 0 0 0 0 0 0 0 0 0 0 0 0 0 0 0 0 0 0 0 0 0 0 0 0 0 0 0 0 0 0 0 0 0 0 0 0 0 0 0 0 0 0 0 0 0 0 0 0 0 0 0 0 0 0 0 0 0 0 0 0 0 0 0 0 0 0 0 0 0 0 0 0 0 0 0 0 0 0 0 0 0 0 0 0 0 0 0 0 0 0 0 0 0 0 0 0 0 0 0 0 0 0 0 0 0 0 0 0 0 0 0 0 0 0 0 0 0 0 0 0 0 0 0 0 0 0 0 0 0 0 0 0 0 0 0 0 0 0 0 0 0 0 0 0 0 0 0 0 0 0 0 0 0 0 0 0 0 0 0 0 0 0 0 0 0 0 0 0 0 0 0 0 0 0 0 0 0 0 0 0 0 0 0 0 0 0 0 0 0 0 0 0 0 0 0 0 0 0 0 0 0 0 0 0 0 0 0 0 0 0 0 0 0 0 0 0 0 0 0 0 0 0 0 0 0 0 0 0 0 0 0 0 0 0 0 0 0 0 0 0 0 0 0 0 0 0 0 0 0 0 0 0 0 0 0 0 0 0 0 0 0 0 0 0 0 0 0 0 0 0 0 0 0 0 0 0 0 0 0 0 0 0 0 0 0 0 0 0 0 0 0 0 0 0 0 0 0 0 0 0 0 0 0 0 0 0 0 0 0 0 0 0 0 0 0 0 0 0 0 0 0 0 0 0 0 0 0 0 0 0 0 0 0 0 0 0 0 0 0 0 0 0 0 0 0 0 0 0 0 0 0 0 0 0 0 0 0 
        </DataArray>
        <DataArray type="Float64" Name="dTdn" format="ascii">
0 0 0 0 0 0 0 0 0 0 0 0 0 0 0 0 0 0 0 0 0 0 0 0 0 0 0 0 0 0 0 0 0 0 0 0 0 0 0 0 0 0 0 0 0 0 0 0 0 0 0 0 0 0 0 0 0 0 0 0 0 0 0 0 0 0 0 0 0 0 0 0 0 0 0 0 0 0 0 0 0 0 0 0 0 0 0 0 0 0 0 0 0 0 0 0 0 0 0 0 0 0 0 0 0 0 0 0 0 0 0 0 0 0 0 0 0 0 0 0 0 0 0 0 0 0 0 0 0 0 0 0 0 0 0 0 0 0 0 0 0 0 0 0 0 0 0 0 0 0 0 0 0 0 0 0 0 0 0 0 0 0 0 0 0 0 0 0 0 0 0 0 0 0 0 0 0 0 0 0 0 0 0 0 0 0 0 0 0 0 0 0 0 0 0 0 0 0 0 0 0 0 0 0 0 0 0 0 0 0 0 0 0 0 0 0 0 0 0 0 0 0 0 0 0 0 0 0 0 0 0 0 0 0 0 0 0 0 0 0 0 0 0 0 0 0 0 0 0 0 0 0 0 0 0 0 0 0 0 0 0 0 0 0 0 0 0 0 0 0 0 0 0 0 0 0 0 0 0 0 0 0 0 0 0 0 0 0 0 0 0 0 0 0 0 0 0 0 0 0 0 0 0 0 0 0 0 0 0 0 0 0 0 0 0 0 0 0 0 0 0 0 0 0 0 0 0 0 0 0 0 0 0 0 0 0 0 0 0 0 0 0 0 0 0 0 0 0 0 0 0 0 0 0 0 0 0 0 0 0 0 0 0 0 0 0 0 0 0 0 0 0 0 0 0 0 0 0 0 0 0 0 0 0 0 0 0 0 0 0 0 0 0 0 0 0 0 0 0 0 0 0 0 0 0 0 0 0 0 0 0 0 0 0 0 0 0 0 0 0 0 0 0 0 0 0 0 0 0 0 0 0 0 0 0 0 0 0 0 0 0 0 0 0 0 0 0 0 0 0 0 0 0 0 0 0 0 0 0 0 0 0 0 0 0 0 0 0 0 0 0 0 0 0 0 0 0 0 0 0 0 0 0 0 0 0 0 0 0 0 0 0 0 0 0 0 0 0 0 0 0 0 0 0 0 0 0 0 0 0 0 0 0 0 0 0 0 0 0 0 0 0 0 0 0 0 0 0 0 0 0 0 0 0 0 0 0 0 0 0 0 0 0 0 0 0 0 0 0 0 0 0 0 0 0 0 0 0 0 0 0 0 0 0 0 0 0 0 0 0 0 0 0 0 0 0 0 0 0 0 0 0 0 0 0 0 0 0 0 0 0 0 0 0 0 0 0 0 0 0 0 0 0 0 0 0 0 0 0 0 0 0 0 0 0 0 0 0 0 0 0 0 0 0 0 0 0 0 0 0 0 0 0 0 0 0 0 0 0 0 0 0 0 0 0 0 0 0 0 0 0 0 0 0 0 0 0 0 0 0 0 0 0 0 0 0 0 0 0 0 0 0 0 0 0 0 0 0 0 0 0 0 0 0 0 0 0 0 0 0 0 0 0 0 0 0 0 0 0 0 0 0 0 0 0 0 0 0 0 0 0 0 0 0 0 0 0 0 0 0 0 0 0 0 0 0 0 0 0 0 0 0 0 0 0 0 0 0 0 0 0 0 0 0 0 0 0 0 0 0 0 0 0 0 0 0 0 0 0 0 0 0 0 0 0 0 0 0 0 0 0 0 0 0 0 0 0 0 0 0 0 0 0 0 0 0 0 0 0 0 0 0 0 0 0 0 0 0 0 0 0 0 0 0 0 0 0 0 0 0 0 0 0 0 0 0 0 0 0 0 0 0 0 0 0 0 0 0 0 0 0 0 0 0 0 0 0 0 0 0 0 0 0 0 0 0 0 0 0 0 0 0 0 0 0 0 0 0 0 0 0 0 0 0 0 0 0 0 0 0 0 0 0 0 0 0 0 0 0 0 0 0 0 0 0 0 0 0 0 0 0 0 0 0 0 0 0 0 0 0 0 0 0 0 0 0 0 0 0 0 0 0 0 0 0 0 0 0 0 0 0 0 0 0 0 0 0 0 0 0 0 0 0 0 0 0 0 0 0 0 0 0 0 0 0 0 0 0 0 0 0 0 0 0 0 0 0 0 0 0 0 0 0 0 0 0 0 0 0 0 0 0 0 0 0 0 0 0 0 0 0 0 0 0 0 0 0 0 0 0 0 0 0 0 0 0 0 0 0 0 0 0 0 0 0 0 0 0 0 0 0 0 0 0 0 0 0 0 0 0 0 0 0 0 0 0 0 0 0 0 0 0 0 0 0 0 0 0 0 0 0 0 0 0 0 0 0 0 0 0 0 0 0 0 0 0 0 0 0 0 0 0 0 0 0 0 0 0 0 0 0 0 0 0 0 0 0 0 0 0 0 0 0 0 0 0 0 0 0 0 0 0 0 0 0 0 0 0 0 0 0 0 0 0 0 0 0 0 0 0 0 0 0 0 0 0 0 0 0 0 0 0 0 0 0 0 0 0 0 0 0 0 0 0 0 0 0 0 0 0 0 0 0 0 0 0 0 0 0 0 0 0 0 0 0 0 0 0 0 0 0 0 0 0 0 0 0 0 0 0 0 0 0 0 0 0 0 0 0 0 0 0 0 0 0 0 0 0 0 0 0 0 0 0 0 0 0 0 0 0 0 0 0 0 0 0 0 0 0 0 0 0 0 0 0 0 0 0 0 0 0 0 0 0 0 0 0 0 0 0 0 0 0 0 0 0 0 0 0 0 0 0 0 0 0 0 0 0 0 0 0 0 0 0 0 0 0 0 0 0 0 0 0 0 0 0 0 0 0 0 0 0 0 0 0 0 0 0 0 0 0 0 0 0 0 0 0 0 0 0 0 0 0 0 0 0 0 0 0 0 0 0 0 0 0 0 0 0 0 0 0 0 0 0 0 0 0 0 0 0 0 0 0 0 0 0 0 0 0 0 0 0 0 0 0 0 0 0 0 0 0 0 0 0 0 0 0 0 0 0 0 0 0 0 0 0 0 0 0 0 0 0 0 0 0 0 0 0 0 0 0 0 0 0 0 0 0 0 0 0 0 0 0 0 0 0 0 0 0 0 0 0 0 0 0 0 0 0 0 0 0 0 0 0 0 0 0 0 0 0 0 0 0 0 0 0 0 0 0 0 0 0 0 0 0 0 0 0 0 0 0 0 0 0 0 0 0 0 0 0 0 0 0 0 0 0 0 0 0 0 0 0 0 0 0 0 0 0 0 0 0 0 0 0 0 0 0 0 0 0 0 0 0 0 0 0 0 0 0 0 0 0 0 0 0 0 0 0 0 0 0 0 0 0 0 0 0 0 0 0 0 0 0 0 0 0 0 0 0 0 0 0 0 0 0 0 0 0 0 0 0 0 0 0 0 0 0 0 0 0 0 0 0 0 0 0 0 0 0 0 0 0 0 0 0 0 0 0 0 0 0 0 0 0 0 0 0 0 0 0 0 0 0 0 0 0 0 0 0 0 0 0 0 0 0 0 0 0 0 0 0 0 0 0 0 0 0 0 0 0 0 0 0 0 0 0 0 0 0 0 0 0 0 0 0 0 0 0 0 0 0 0 0 0 0 0 0 0 0 0 0 0 0 0 0 0 0 0 0 0 0 0 0 0 0 0 0 0 0 0 0 0 0 0 0 0 0 0 0 0 0 0 0 0 0 0 0 0 0 0 0 0 0 0 0 0 0 0 0 0 0 0 0 0 0 0 0 0 0 0 0 0 0 0 0 0 0 0 0 0 0 0 0 0 0 0 0 0 0 0 0 0 0 0 0 0 0 0 0 0 0 0 0 0 0 0 0 0 0 0 0 0 0 0 0 0 0 0 0 0 0 0 0 0 0 0 0 0 0 0 0 0 0 0 0 0 0 0 0 0 0 0 0 0 0 0 0 0 0 0 0 0 0 0 0 0 0 0 0 0 0 0 0 0 0 0 0 0 0 0 0 0 0 0 0 0 0 0 0 0 0 0 0 0 0 0 0 0 0 0 0 0 0 0 0 0 0 0 0 0 0 0 0 0 0 0 0 0 0 0 0 0 0 0 0 0 0 0 0 0 0 0 0 0 0 0 0 0 0 0 0 0 0 0 0 0 0 0 0 0 0 0 0 0 0 0 0 0 0 0 0 0 0 0 0 0 0 0 0 0 0 0 0 0 0 0 0 0 0 0 0 0 0 0 0 0 0 0 0 0 0 0 0 0 0 0 0 0 0 0 0 0 0 0 0 0 0 0 0 0 0 0 0 0 0 0 0 0 0 0 0 0 0 0 0 0 0 0 0 0 0 0 0 0 0 0 0 0 0 0 0 0 0 0 0 0 0 0 0 0 0 0 0 0 0 0 0 0 0 0 0 0 0 0 0 0 0 0 0 0 0 0 0 0 0 0 0 0 0 0 0 0 0 0 0 0 0 0 0 0 0 0 0 0 0 0 0 0 0 0 
        </DataArray>
        <DataArray type="Int32" Name="Rank" format="ascii">
6 6 6 6 6 6 6 6 6 6 6 6 6 6 6 6 6 6 6 6 6 6 6 6 6 6 6 6 6 6 6 6 6 6 6 6 6 6 6 6 6 6 6 6 6 6 6 6 6 6 6 6 6 6 6 6 6 6 6 6 6 6 6 6 6 6 6 6 6 6 6 6 6 6 6 6 6 6 6 6 6 6 6 6 6 6 6 6 6 6 6 6 6 6 6 6 6 6 6 6 6 6 6 6 6 6 6 6 6 6 6 6 6 6 6 6 6 6 6 6 6 6 6 6 6 6 6 6 6 6 6 6 6 6 6 6 6 6 6 6 6 6 6 6 6 6 6 6 6 6 6 6 6 6 6 6 6 6 6 6 6 6 6 6 6 6 6 6 6 6 6 6 6 6 6 6 6 6 6 6 6 6 6 6 6 6 6 6 6 6 6 6 6 6 6 6 6 6 6 6 6 6 0 0 0 0 0 0 0 0 0 0 0 0 0 0 0 0 0 0 0 0 0 0 0 0 0 0 0 0 0 0 0 0 0 6 6 6 6 6 6 6 6 6 6 6 6 6 6 6 6 6 6 6 6 6 6 6 6 6 6 6 6 6 6 0 0 0 0 0 6 6 6 6 6 6 6 6 6 6 6 6 6 6 6 6 6 6 6 6 6 6 6 6 6 6 6 6 6 6 6 6 6 6 6 6 6 6 6 6 6 6 6 6 6 6 6 6 6 6 6 6 6 6 6 6 6 6 6 6 6 6 6 6 6 6 6 6 6 6 6 6 6 6 6 6 6 6 6 6 6 6 6 6 6 6 6 6 6 6 6 6 6 6 6 6 6 6 6 6 6 6 6 6 6 6 6 6 6 6 6 6 6 6 6 6 6 6 6 6 6 6 6 6 6 6 6 6 6 6 6 6 6 6 6 6 6 6 6 6 6 6 6 6 6 6 6 6 6 6 6 6 6 6 6 6 6 6 6 6 6 6 6 6 6 6 6 6 6 6 6 6 6 6 6 6 6 6 6 6 6 6 6 6 6 6 6 6 6 6 6 6 6 6 6 6 6 6 6 6 6 6 6 6 6 6 6 6 6 6 6 6 6 6 6 6 6 6 6 6 6 6 6 6 6 6 6 6 6 6 6 6 6 6 6 6 6 6 6 6 6 6 6 6 6 6 6 6 6 6 6 6 6 6 6 6 6 6 6 6 6 6 6 6 6 6 6 6 6 6 6 6 6 6 6 6 6 6 6 6 6 6 6 6 6 6 6 6 6 6 6 6 6 6 6 6 6 6 6 6 6 6 6 6 6 6 6 6 6 6 6 6 6 6 6 6 6 6 6 6 6 6 6 6 6 6 6 6 6 6 6 6 6 6 6 6 6 6 6 6 6 6 6 6 6 6 6 6 6 6 6 6 6 6 6 6 6 6 6 6 6 6 6 6 6 6 6 6 6 0 0 0 0 0 0 0 0 0 0 0 0 0 0 0 0 0 0 0 0 0 0 0 0 0 0 0 0 0 0 0 0 0 0 0 0 0 0 0 0 0 0 0 0 0 0 0 0 0 0 0 0 0 0 0 0 0 0 0 0 0 0 0 0 0 0 0 0 0 0 0 0 0 0 0 0 0 0 0 0 0 0 0 0 0 0 0 0 0 0 0 0 0 0 0 0 0 0 0 0 0 0 0 0 0 0 0 0 0 0 0 0 0 0 0 0 0 0 0 0 0 0 0 0 0 0 0 0 0 0 0 0 0 0 0 0 0 0 0 0 0 0 0 0 0 0 0 0 0 0 0 0 0 0 0 0 0 0 0 0 0 0 0 0 0 0 0 0 0 0 0 0 0 0 0 0 0 0 0 0 0 0 0 0 0 0 0 0 0 0 0 0 0 0 0 0 0 0 0 0 0 0 0 0 0 0 0 0 0 0 0 0 0 0 0 0 0 0 0 0 0 0 0 0 0 0 0 0 0 0 0 0 0 0 0 0 0 0 0 0 0 0 0 0 0 0 0 0 0 0 0 0 0 0 0 0 0 0 0 0 0 0 0 0 0 0 0 0 0 0 0 0 0 0 0 0 0 0 0 0 0 0 0 0 0 0 0 0 0 0 0 0 0 0 0 0 0 0 0 0 0 0 0 0 0 0 0 0 0 0 0 0 0 0 0 0 0 0 0 0 0 0 0 0 0 0 0 0 0 0 0 0 0 0 0 0 0 0 0 0 0 0 0 0 0 0 0 0 0 0 0 0 0 0 0 0 0 0 0 0 0 0 0 0 0 0 0 0 0 0 0 0 0 0 0 0 0 0 0 0 0 0 0 0 0 0 0 0 0 0 0 0 0 0 0 0 0 0 0 0 0 0 0 0 0 0 0 0 0 0 0 0 0 0 0 0 0 0 0 0 0 0 0 0 0 0 0 0 0 0 0 0 0 0 0 0 0 0 0 0 0 0 0 0 0 0 0 0 0 0 0 0 0 0 0 0 0 0 0 0 0 0 0 0 0 0 0 0 0 0 0 0 0 0 0 0 0 0 0 0 0 0 0 0 0 0 0 0 0 0 0 0 0 0 0 0 0 0 0 0 0 0 0 0 0 0 0 0 0 0 0 0 0 0 0 0 0 0 0 0 0 0 0 0 0 0 0 0 0 0 0 0 0 0 0 0 0 0 0 0 0 0 0 0 0 0 0 0 0 0 0 0 0 0 0 0 0 0 0 0 0 0 0 0 0 0 0 0 0 0 0 0 0 0 0 0 0 0 0 0 0 0 0 0 0 0 0 0 0 0 0 0 0 0 0 0 0 0 0 0 0 0 0 0 0 0 0 0 0 0 0 0 0 0 0 0 0 0 0 0 0 0 0 0 0 0 0 0 0 0 0 0 0 0 0 0 0 0 0 0 0 0 0 0 0 0 0 0 0 0 0 0 0 0 0 0 0 0 0 0 0 0 0 0 0 0 0 0 0 0 0 0 0 0 0 0 0 0 0 0 0 0 0 0 0 0 0 0 0 0 0 0 0 0 0 0 0 0 0 0 0 0 0 0 0 0 0 0 0 0 0 0 0 0 0 0 0 0 0 0 0 0 0 0 0 0 0 0 0 0 0 0 0 0 0 0 0 0 0 0 0 0 0 0 0 0 0 0 0 0 0 0 0 0 0 0 0 0 0 0 0 0 0 0 0 0 0 0 0 0 0 0 0 0 0 0 0 0 0 0 0 0 0 0 0 0 0 0 0 0 0 0 0 0 0 0 0 0 0 0 0 0 0 0 0 0 0 0 0 0 0 0 0 0 0 0 0 0 0 0 0 0 0 0 0 0 0 0 0 0 0 0 0 0 0 0 0 0 0 0 0 0 0 0 0 0 0 0 0 0 0 0 0 0 0 0 0 0 0 0 0 0 0 0 0 0 0 0 0 0 0 0 0 0 0 0 0 0 0 0 0 0 0 0 0 0 0 0 0 0 0 0 0 0 0 0 0 0 0 0 0 0 0 0 0 0 0 0 0 0 0 0 0 0 0 0 0 0 0 0 0 0 0 0 0 0 0 0 0 0 0 0 0 0 0 0 0 0 0 0 0 0 0 0 0 0 0 0 0 0 0 0 0 0 0 0 0 0 0 0 0 0 0 0 0 0 0 0 0 0 0 0 0 0 0 0 0 0 0 0 0 0 0 0 0 0 0 0 0 0 0 0 0 0 0 0 0 0 0 0 0 0 0 0 0 0 0 0 0 0 0 0 0 0 0 0 0 0 0 0 0 0 0 0 0 0 0 0 0 0 0 0 0 0 0 0 0 0 0 0 0 0 0 0 0 0 0 0 0 0 0 0 0 0 0 0 0 0 0 0 0 0 0 0 0 0 0 0 0 0 0 0 0 0 0 0 0 0 0 0 0 0 0 0 0 0 0 0 0 0 0 0 0 0 0 0 0 0 0 0 0 0 0 0 0 0 0 0 0 0 0 0 0 0 0 0 0 0 0 0 0 0 0 0 0 0 0 0 0 0 0 0 0 0 0 0 0 0 0 0 0 0 0 0 0 0 0 0 0 0 0 0 0 0 0 0 0 0 0 0 0 0 0 0 0 0 0 0 0 0 0 0 0 0 0 0 0 0 0 0 0 0 0 0 0 0 0 0 0 0 0 0 0 0 6 6 6 6 6 6 6 6 6 6 6 6 6 6 6 6 6 6 6 6 6 6 6 6 6 6 6 6 6 6 6 6 6 6 6 6 6 6 6 6 6 6 6 6 6 6 6 6 6 6 6 6 6 6 6 6 6 6 6 6 6 6 6 6 6 6 6 6 6 6 6 6 6 6 6 6 6 6 6 6 6 6 6 6 6 6 6 6 6 6 6 6 6 6 6 6 6 6 6 6 6 6 6 6 6 6 6 6 6 6 6 6 6 6 6 6 6 6 6 6 6 6 6 6 6 6 6 6 6 6 6 6 6 6 6 6 6 6 6 6 6 6 6 6 6 6 6 6 6 6 6 6 6 6 6 6 6 6 6 6 6 6 6 6 6 6 6 
        </DataArray>
        <DataArray type="Int32" Name="Level" format="ascii">
4 4 4 4 4 4 4 4 4 4 4 4 4 4 4 4 4 4 4 4 4 4 4 4 4 4 4 4 4 4 4 4 4 4 4 4 4 4 4 4 4 4 4 4 4 4 4 4 4 4 4 4 4 4 4 4 4 4 4 4 4 4 4 4 4 4 4 4 4 4 4 4 4 4 4 4 4 4 4 4 4 4 4 4 4 4 4 4 4 4 4 4 4 4 4 4 4 4 4 4 4 4 4 4 4 4 4 4 4 4 4 4 4 4 4 4 4 4 4 4 4 4 4 4 4 4 4 4 4 4 4 4 4 4 4 4 4 4 4 4 4 4 4 4 4 4 4 4 4 4 4 4 4 4 4 4 4 4 4 4 4 4 4 4 4 4 4 4 4 4 4 4 4 4 4 4 4 4 4 4 4 4 4 4 4 4 4 4 4 4 4 4 4 4 4 4 4 4 4 4 4 4 4 4 4 4 4 4 4 4 4 4 4 4 4 4 4 4 4 4 4 4 4 4 4 4 4 4 4 4 4 4 4 4 4 4 4 4 4 4 4 4 4 4 4 4 4 4 4 4 4 4 4 4 4 4 4 4 4 4 4 4 4 4 4 4 4 4 4 4 4 4 4 4 4 4 4 4 4 4 4 4 4 4 4 4 4 4 4 4 4 4 4 4 4 4 4 4 4 4 4 4 4 4 4 4 4 4 4 4 4 4 4 4 4 4 4 4 4 4 4 4 4 4 4 4 4 4 4 4 4 4 4 4 4 4 4 4 4 4 4 4 4 4 4 4 4 4 4 4 4 4 4 4 4 4 4 4 4 4 4 4 4 4 4 4 4 4 4 4 4 4 4 4 4 4 4 4 4 4 4 4 4 4 4 4 4 4 4 4 4 4 4 4 4 4 4 4 4 4 4 4 4 4 4 4 4 4 4 4 4 4 4 4 4 4 4 4 4 4 4 4 4 4 4 4 4 4 4 4 4 4 4 4 4 4 4 4 4 4 4 4 4 4 4 4 4 4 4 4 4 4 4 4 4 4 4 4 4 4 4 4 4 4 4 4 4 4 4 4 4 4 4 4 4 4 4 4 4 4 4 4 4 4 4 4 4 4 4 4 4 4 4 4 4 4 4 4 4 4 4 4 4 4 4 4 4 4 4 4 4 4 4 4 4 4 4 4 4 4 4 4 4 4 4 4 4 4 4 4 4 4 4 4 4 4 4 4 4 4 4 4 4 4 4 4 4 4 4 4 4 4 4 4 4 4 4 4 4 4 4 4 4 4 4 4 4 4 4 4 4 4 4 4 4 4 4 4 4 4 4 4 4 4 4 4 4 4 4 4 4 4 4 4 4 4 4 4 4 4 4 4 4 4 4 4 4 4 4 4 4 4 4 4 4 4 4 4 4 4 4 4 4 4 4 4 4 4 4 4 4 4 4 4 4 4 4 4 4 4 4 4 4 4 4 4 4 4 4 4 4 4 4 4 4 4 4 4 4 4 4 4 4 4 4 4 4 4 4 4 4 4 4 4 4 4 4 4 4 4 4 4 4 4 4 4 4 4 4 4 4 4 4 4 4 4 4 4 4 4 4 4 4 4 4 4 4 4 4 4 4 4 4 4 4 4 4 4 4 4 4 4 4 4 4 4 4 4 4 4 4 4 4 4 4 4 4 4 4 4 4 4 4 4 4 4 4 4 4 4 4 4 4 4 4 4 4 4 4 4 4 4 4 4 4 4 4 4 4 4 4 4 4 4 4 4 4 4 4 4 4 4 4 4 4 4 4 4 4 4 4 4 4 4 4 4 4 4 4 4 4 4 4 4 4 4 4 4 4 4 4 4 4 4 4 4 4 4 4 4 4 4 4 4 4 4 4 4 4 4 4 4 4 4 4 4 4 4 4 4 4 4 4 4 4 4 4 4 4 4 4 4 4 4 4 4 4 4 4 4 4 4 4 4 4 4 4 4 4 4 4 4 4 4 4 4 4 4 4 4 4 4 4 4 4 4 4 4 4 4 4 4 4 4 4 4 4 4 4 4 4 4 4 4 4 4 4 4 4 4 4 4 4 4 4 4 4 4 4 4 4 4 4 4 4 4 4 4 4 4 4 4 4 4 4 4 4 4 4 4 4 4 4 4 4 4 4 4 4 4 4 4 4 4 4 4 4 4 4 4 4 4 4 4 4 4 4 4 4 4 4 4 4 4 4 4 4 4 4 4 4 4 4 4 4 4 4 4 4 4 4 4 4 4 4 4 4 4 4 4 4 4 4 4 4 4 4 4 4 4 4 4 4 4 4 4 4 4 4 4 4 4 4 4 4 4 4 4 4 4 4 4 4 4 4 4 4 4 4 4 4 4 4 4 4 4 4 4 4 4 4 4 4 4 4 4 4 4 4 4 4 4 4 4 4 4 4 4 4 4 4 4 4 4 4 4 4 4 4 4 4 4 4 4 4 4 4 4 4 4 4 4 4 4 4 4 4 4 4 4 4 4 4 4 4 4 4 4 4 4 4 4 4 4 4 4 4 4 4 4 4 4 4 4 4 4 4 4 4 4 4 4 4 4 4 4 4 4 4 4 4 4 4 4 4 4 4 4 4 4 4 4 4 4 4 4 4 4 4 4 4 4 4 4 4 4 4 4 4 4 4 4 4 4 4 4 4 4 4 4 4 4 4 4 4 4 4 4 4 4 4 4 4 4 4 4 4 4 4 4 4 4 4 4 4 4 4 4 4 4 4 4 4 4 4 4 4 4 4 4 4 4 4 4 4 4 4 4 4 4 4 4 4 4 4 4 4 4 4 4 4 4 4 4 4 4 4 4 4 4 4 4 4 4 4 4 4 4 4 4 4 4 4 4 4 4 4 4 4 4 4 4 4 4 4 4 4 4 4 4 4 4 4 4 4 4 4 4 4 4 4 4 4 4 4 4 4 4 4 4 4 4 4 4 4 4 4 4 4 4 4 4 4 4 4 4 4 4 4 4 4 4 4 4 4 4 4 4 4 4 4 4 4 4 4 4 4 4 4 4 4 4 4 4 4 4 4 4 4 4 4 4 4 4 4 4 4 4 4 4 4 4 4 4 4 4 4 4 4 4 4 4 4 4 4 4 4 4 4 4 4 4 4 4 4 4 4 4 4 4 4 4 4 4 4 4 4 4 4 4 4 4 4 4 4 4 4 4 4 4 4 4 4 4 4 4 4 4 4 4 4 4 4 4 4 4 4 4 4 4 4 4 4 4 4 4 4 4 4 4 4 4 4 4 4 4 4 4 4 4 4 4 4 4 4 4 4 4 4 4 4 4 4 4 4 4 4 4 4 4 4 4 4 4 4 4 4 4 4 4 4 4 4 4 4 4 4 4 4 4 4 4 4 4 4 4 4 4 4 4 4 4 4 4 4 4 4 4 4 4 4 4 4 4 4 4 4 4 4 4 4 4 4 4 4 4 4 4 4 4 4 4 4 4 4 4 4 4 4 4 4 4 4 4 4 4 4 4 4 4 4 4 4 4 4 4 4 4 4 4 4 4 4 4 4 4 4 4 4 4 4 4 4 4 4 4 4 4 4 4 4 4 4 4 4 4 4 4 4 4 4 4 4 4 4 4 4 4 4 4 4 4 4 4 4 4 4 4 4 4 4 4 4 4 4 4 4 4 4 4 4 4 4 4 4 4 4 4 4 4 4 4 4 4 4 4 4 4 4 4 4 4 4 4 4 4 4 4 4 4 4 4 4 4 4 4 4 4 4 4 4 4 4 4 4 4 4 4 4 4 4 4 4 4 4 4 4 4 4 4 4 4 4 4 4 4 4 4 4 4 4 4 4 4 4 4 4 4 4 4 4 4 4 4 4 4 4 4 4 4 4 4 4 4 4 4 4 4 4 4 4 4 4 4 4 4 4 4 4 4 4 4 4 4 4 4 4 4 4 4 4 4 4 4 4 4 4 4 4 4 4 4 4 4 4 4 4 4 4 4 4 4 4 4 4 4 4 4 4 4 4 4 4 4 4 4 4 4 4 4 4 4 4 4 4 4 4 4 4 4 4 4 4 4 4 4 4 4 4 4 4 4 4 4 4 4 4 4 4 4 4 4 4 4 4 4 4 4 4 4 4 4 4 4 4 4 4 4 4 4 4 4 4 4 4 4 4 4 4 4 4 4 4 4 4 4 4 4 4 4 4 4 4 4 4 4 4 4 4 4 4 4 4 4 4 4 4 4 4 4 4 4 4 4 4 4 4 4 4 4 4 4 4 4 4 4 4 4 4 4 4 4 4 4 4 4 4 4 4 4 4 4 4 4 4 4 4 4 4 4 4 4 4 4 4 4 4 4 4 4 4 4 4 4 4 4 4 4 4 4 4 4 4 4 4 4 4 4 4 4 4 4 4 4 4 4 4 4 4 4 4 4 4 4 4 4 4 4 4 4 4 4 4 4 4 4 4 4 4 4 4 4 4 4 4 4 4 4 4 4 4 4 4 4 4 4 4 4 4 4 4 4 4 4 4 4 4 4 4 4 
        </DataArray>
        <DataArray type="Int32" Name="N_Interp_IP0" format="ascii">
4 4 4 4 4 4 4 4 4 4 4 4 4 4 4 4 4 4 4 4 4 4 4 4 4 4 4 4 4 4 4 4 4 4 4 4 4 4 4 4 4 4 4 4 4 4 4 4 4 4 4 4 4 4 4 4 4 4 4 4 4 4 4 4 4 4 4 4 4 4 4 4 4 4 4 4 4 4 4 4 4 4 4 4 4 4 4 4 4 4 4 4 4 4 4 4 4 4 4 4 4 4 4 4 4 4 4 4 4 4 4 4 4 4 4 4 4 4 4 4 4 4 4 4 4 4 4 4 4 4 4 4 4 4 4 4 4 4 4 4 4 4 4 4 4 4 4 4 4 4 4 4 4 4 4 4 4 4 4 4 4 4 4 4 4 4 4 4 4 4 4 4 4 4 4 4 4 4 4 4 4 4 4 4 4 4 4 4 4 4 4 4 4 4 4 4 4 4 4 4 4 4 4 4 4 4 4 4 4 4 4 4 4 4 4 4 4 4 4 4 4 4 4 4 4 4 4 4 4 4 4 4 4 4 4 4 4 4 4 4 4 4 4 4 4 4 4 4 4 4 4 4 4 4 4 4 4 4 4 4 4 4 4 4 4 4 4 4 4 4 4 4 4 4 4 4 4 4 4 4 4 4 4 4 4 4 4 4 4 4 4 4 4 4 4 4 4 4 4 4 4 4 4 4 4 4 4 4 4 4 4 4 4 4 4 4 4 4 4 4 4 4 4 4 4 4 4 4 4 4 4 4 4 4 4 4 4 4 4 4 4 4 4 4 4 4 4 4 4 4 4 4 4 4 4 4 4 4 4 4 4 4 4 4 4 4 4 4 4 4 4 4 4 4 4 4 4 4 4 4 4 4 4 4 4 4 4 4 4 4 4 4 4 4 4 4 4 4 4 4 4 4 4 4 4 4 4 4 4 4 4 4 4 4 4 4 4 4 4 4 4 4 4 4 4 4 4 4 4 4 4 4 4 4 4 4 4 4 4 4 4 4 4 4 4 4 4 4 4 4 4 4 4 4 4 4 4 4 4 4 4 4 4 4 4 4 4 4 4 4 4 4 4 4 4 4 4 4 4 4 4 4 4 4 4 4 4 4 4 4 4 4 4 4 4 4 4 4 4 4 4 4 4 4 4 4 4 4 4 4 4 4 4 4 4 4 4 4 4 4 4 4 4 4 4 4 4 4 4 4 4 4 4 4 4 4 4 4 4 4 4 4 4 4 4 4 4 4 4 4 4 4 4 4 4 4 4 4 4 4 4 4 4 4 4 4 4 4 4 4 4 4 4 4 4 4 4 4 4 4 4 4 4 4 4 4 4 4 4 4 4 4 4 4 4 4 4 4 4 4 4 4 4 4 4 4 4 4 4 4 4 4 4 4 4 4 4 4 4 4 4 4 4 4 4 4 4 4 4 4 4 4 4 4 4 4 4 4 4 4 4 4 4 4 4 4 4 4 4 4 4 4 4 4 4 4 4 4 4 4 4 4 4 4 4 4 4 4 4 4 4 4 4 4 4 4 4 4 4 4 4 4 4 4 4 4 4 4 4 4 4 4 4 4 4 4 4 4 4 4 4 4 4 4 4 4 4 4 4 4 4 4 4 4 4 4 4 4 4 4 4 4 4 4 4 4 4 4 4 4 4 4 4 4 4 4 4 4 4 4 4 4 4 4 4 4 4 4 4 4 4 4 4 4 4 4 4 4 4 4 4 4 4 4 4 4 4 4 4 4 4 4 4 4 4 4 4 4 4 4 4 4 4 4 4 4 4 4 4 4 4 4 4 4 4 4 4 4 4 4 4 4 4 4 4 4 4 4 4 4 4 4 4 4 4 4 4 4 4 4 4 4 4 4 4 4 4 4 4 4 4 4 4 4 4 4 4 4 4 4 4 4 4 4 4 4 4 4 4 4 4 4 4 4 4 4 4 4 4 4 4 4 4 4 4 4 4 4 4 4 4 4 4 4 4 4 4 4 4 4 4 4 4 4 4 4 4 4 4 4 4 4 4 4 4 4 4 4 4 4 4 4 4 4 4 4 4 4 4 4 4 4 4 4 4 4 4 4 4 4 4 4 4 4 4 4 4 4 4 4 4 4 4 4 4 4 4 4 4 4 4 4 4 4 4 4 4 4 4 4 4 4 4 4 4 4 4 4 4 4 4 4 4 4 4 4 4 4 4 4 4 4 4 4 4 4 4 4 4 4 4 4 4 4 4 4 4 4 4 4 4 4 4 4 4 4 4 4 4 4 4 4 4 4 4 4 4 4 4 4 4 4 4 4 4 4 4 4 4 4 4 4 4 4 4 4 4 4 4 4 4 4 4 4 4 4 4 4 4 4 4 4 4 4 4 4 4 4 4 4 4 4 4 4 4 4 4 4 4 4 4 4 4 4 4 4 4 4 4 4 4 4 4 4 4 4 4 4 4 4 4 4 4 4 4 4 4 4 4 4 4 4 4 4 4 4 4 4 4 4 4 4 4 4 4 4 4 4 4 4 4 4 4 4 4 4 4 4 4 4 4 4 4 4 4 4 4 4 4 4 4 4 4 4 4 4 4 4 4 4 4 4 4 4 4 4 4 4 4 4 4 4 4 4 4 4 4 4 4 4 4 4 4 4 4 4 4 4 4 4 4 4 4 4 4 4 4 4 4 4 4 4 4 4 4 4 4 4 4 4 4 4 4 4 4 4 4 4 4 4 4 4 4 4 4 4 4 4 4 4 4 4 4 4 4 4 4 4 4 4 4 4 4 4 4 4 4 4 4 4 4 4 4 4 4 4 4 4 4 4 4 4 4 4 4 4 4 4 4 4 4 4 4 4 4 4 4 4 4 4 4 4 4 4 4 4 4 4 4 4 4 4 4 4 4 4 4 4 4 4 4 4 4 4 4 4 4 4 4 4 4 4 4 4 4 4 4 4 4 4 4 4 4 4 4 4 4 4 4 4 4 4 4 4 4 4 4 4 4 4 4 4 4 4 4 4 4 4 4 4 4 4 4 4 4 4 4 4 4 4 4 4 4 4 4 4 4 4 4 4 4 4 4 4 4 4 4 4 4 4 4 4 4 4 4 4 4 4 4 4 4 4 4 4 4 4 4 4 4 4 4 4 4 4 4 4 4 4 4 4 4 4 4 4 4 4 4 4 4 4 4 4 4 4 4 4 4 4 4 4 4 4 4 4 4 4 4 4 4 4 4 4 4 4 4 4 4 4 4 4 4 4 4 4 4 4 4 4 4 4 4 4 4 4 4 4 4 4 4 4 4 4 4 4 4 4 4 4 4 4 4 4 4 4 4 4 4 4 4 4 4 4 4 4 4 4 4 4 4 4 4 4 4 4 4 4 4 4 4 4 4 4 4 4 4 4 4 4 4 4 4 4 4 4 4 4 4 4 4 4 4 4 4 4 4 4 4 4 4 4 4 4 4 4 4 4 4 4 4 4 4 4 4 4 4 4 4 4 4 4 4 4 4 4 4 4 4 4 4 4 4 4 4 4 4 4 4 4 4 4 4 4 4 4 4 4 4 4 4 4 4 4 4 4 4 4 4 4 4 4 4 4 4 4 4 4 4 4 4 4 4 4 4 4 4 4 4 4 4 4 4 4 4 4 4 4 4 4 4 4 4 4 4 4 4 4 4 4 4 4 4 4 4 4 4 4 4 4 4 4 4 4 4 4 4 4 4 4 4 4 4 4 4 4 4 4 4 4 4 4 4 4 4 4 4 4 4 4 4 4 4 4 4 4 4 4 4 4 4 4 4 4 4 4 4 4 4 4 4 4 4 4 4 4 4 4 4 4 4 4 4 4 4 4 4 4 4 4 4 4 4 4 4 4 4 4 4 4 4 4 4 4 4 4 4 4 4 4 4 4 4 4 4 4 4 4 4 4 4 4 4 4 4 4 4 4 4 4 4 4 4 4 4 4 4 4 4 4 4 4 4 4 4 4 4 4 4 4 4 4 4 4 4 4 4 4 4 4 4 4 4 4 4 4 4 4 4 4 4 4 4 4 4 4 4 4 4 4 4 4 4 4 4 4 4 4 4 4 4 4 4 4 4 4 4 4 4 4 4 4 4 4 4 4 4 4 4 4 4 4 4 4 4 4 4 4 4 4 4 4 4 4 4 4 4 4 4 4 4 4 4 4 4 4 4 4 4 4 4 4 4 4 4 4 4 4 4 4 4 4 4 4 4 4 4 4 4 4 4 4 4 4 4 4 4 4 4 4 4 4 4 4 4 4 4 4 4 4 4 4 4 4 4 4 4 4 4 4 4 4 4 4 4 4 4 4 4 4 4 4 4 4 4 4 4 4 4 4 4 4 4 4 4 4 4 4 4 4 4 4 4 4 4 4 4 4 4 4 4 4 4 4 4 4 4 4 4 4 4 4 4 4 4 4 4 4 4 4 4 4 4 4 4 4 4 4 4 4 4 4 4 4 4 4 4 4 4 4 4 4 4 4 4 4 4 4 4 4 4 4 4 4 4 4 4 4 4 4 4 4 
        </DataArray>
      </CellData>
    </Piece>
  </PolyData>
</VTKFile>
