<?xml version="1.0"?>
<VTKFile type="PolyData" version="1.0" byte_order="LittleEndian" header_type="UInt64">
  <PolyData>
    <Piece NumberOfPoints="2000" NumberOfPolys="2000">
      <Points>
        <DataArray type="Float64" Name="Points" NumberOfComponents="3" format="ascii">
-0.6 -0.7 0.0 -0.600001 -0.699686 0.0 -0.600002 -0.699372 0.0 -0.600005 -0.699058 0.0 -0.600008 -0.698743 0.0 -0.600013 -0.698429 0.0 -0.600018 -0.698115 0.0 -0.600025 -0.697801 0.0 -0.600032 -0.697487 0.0 -0.60004 -0.697173 0.0 -0.600049 -0.696859 0.0 -0.60006 -0.696545 0.0 -0.600071 -0.696231 0.0 -0.600084 -0.695917 0.0 -0.600097 -0.695603 0.0 -0.600112 -0.695289 0.0 -0.600126 -0.694976 0.0 -0.600143 -0.694662 0.0 -0.60016 -0.694348 0.0 -0.600179 -0.694035 0.0 -0.600197 -0.693721 0.0 -0.600218 -0.693407 0.0 -0.600239 -0.693094 0.0 -0.600261 -0.692781 0.0 -0.600284 -0.692467 0.0 -0.600309 -0.692154 0.0 -0.600333 -0.691841 0.0 -0.60036 -0.691528 0.0 -0.600387 -0.691215 0.0 -0.600415 -0.690902 0.0 -0.600444 -0.690589 0.0 -0.600474 -0.690276 0.0 -0.600505 -0.689964 0.0 -0.600537 -0.689651 0.0 -0.60057 -0.689339 0.0 -0.600604 -0.689027 0.0 -0.600639 -0.688714 0.0 -0.600675 -0.688402 0.0 -0.600712 -0.68809 0.0 -0.60075 -0.687778 0.0 -0.600789 -0.687467 0.0 -0.600829 -0.687155 0.0 -0.600869 -0.686844 0.0 -0.600912 -0.686532 0.0 -0.600954 -0.686221 0.0 -0.600998 -0.68591 0.0 -0.601042 -0.685599 0.0 -0.601089 -0.685288 0.0 -0.601135 -0.684977 0.0 -0.601183 -0.684667 0.0 -0.601231 -0.684357 0.0 -0.601281 -0.684046 0.0 -0.601331 -0.683736 0.0 -0.601383 -0.683426 0.0 -0.601436 -0.683117 0.0 -0.60149 -0.682807 0.0 -0.601544 -0.682498 0.0 -0.6016 -0.682189 0.0 -0.601655 -0.681879 0.0 -0.601713 -0.681571 0.0 -0.601771 -0.681262 0.0 -0.601831 -0.680953 0.0 -0.601891 -0.680645 0.0 -0.601953 -0.680337 0.0 -0.602014 -0.680029 0.0 -0.602078 -0.679721 0.0 -0.602142 -0.679414 0.0 -0.602208 -0.679107 0.0 -0.602273 -0.678799 0.0 -0.602341 -0.678492 0.0 -0.602408 -0.678186 0.0 -0.602478 -0.677879 0.0 -0.602547 -0.677573 0.0 -0.602619 -0.677267 0.0 -0.60269 -0.676961 0.0 -0.602763 -0.676656 0.0 -0.602837 -0.67635 0.0 -0.602912 -0.676045 0.0 -0.602987 -0.67574 0.0 -0.603065 -0.675436 0.0 -0.603142 -0.675131 0.0 -0.603221 -0.674827 0.0 -0.6033 -0.674523 0.0 -0.603381 -0.674219 0.0 -0.603462 -0.673916 0.0 -0.603545 -0.673613 0.0 -0.603628 -0.67331 0.0 -0.603712 -0.673007 0.0 -0.603797 -0.672705 0.0 -0.603884 -0.672403 0.0 -0.603971 -0.672101 0.0 -0.604059 -0.671799 0.0 -0.604148 -0.671498 0.0 -0.604238 -0.671197 0.0 -0.604329 -0.670896 0.0 -0.604421 -0.670596 0.0 -0.604514 -0.670296 0.0 -0.604608 -0.669996 0.0 -0.604702 -0.669696 0.0 -0.604798 -0.669397 0.0 -0.604894 -0.669098 0.0 -0.604992 -0.6688 0.0 -0.60509 -0.668501 0.0 -0.60519 -0.668203 0.0 -0.60529 -0.667906 0.0 -0.605392 -0.667608 0.0 -0.605494 -0.667311 0.0 -0.605597 -0.667015 0.0 -0.605701 -0.666718 0.0 -0.605806 -0.666422 0.0 -0.605912 -0.666126 0.0 -0.606019 -0.665831 0.0 -0.606127 -0.665536 0.0 -0.606236 -0.665241 0.0 -0.606345 -0.664947 0.0 -0.606456 -0.664653 0.0 -0.606567 -0.664359 0.0 -0.60668 -0.664066 0.0 -0.606793 -0.663772 0.0 -0.606908 -0.66348 0.0 -0.607022 -0.663188 0.0 -0.607139 -0.662896 0.0 -0.607255 -0.662604 0.0 -0.607374 -0.662313 0.0 -0.607492 -0.662022 0.0 -0.607613 -0.661732 0.0 -0.607733 -0.661442 0.0 -0.607855 -0.661152 0.0 -0.607977 -0.660863 0.0 -0.608101 -0.660574 0.0 -0.608225 -0.660285 0.0 -0.60835 -0.659997 0.0 -0.608476 -0.659709 0.0 -0.608603 -0.659422 0.0 -0.608731 -0.659135 0.0 -0.60886 -0.658849 0.0 -0.608989 -0.658562 0.0 -0.60912 -0.658277 0.0 -0.609252 -0.657991 0.0 -0.609384 -0.657707 0.0 -0.609517 -0.657422 0.0 -0.609652 -0.657138 0.0 -0.609787 -0.656854 0.0 -0.609923 -0.656571 0.0 -0.610059 -0.656288 0.0 -0.610198 -0.656006 0.0 -0.610336 -0.655724 0.0 -0.610476 -0.655443 0.0 -0.610616 -0.655162 0.0 -0.610758 -0.654881 0.0 -0.610899 -0.654601 0.0 -0.611043 -0.654321 0.0 -0.611186 -0.654042 0.0 -0.611332 -0.653763 0.0 -0.611477 -0.653485 0.0 -0.611624 -0.653207 0.0 -0.611771 -0.65293 0.0 -0.61192 -0.652653 0.0 -0.612068 -0.652376 0.0 -0.612219 -0.6521 0.0 -0.612369 -0.651825 0.0 -0.612522 -0.65155 0.0 -0.612674 -0.651275 0.0 -0.612828 -0.651001 0.0 -0.612982 -0.650727 0.0 -0.613137 -0.650454 0.0 -0.613293 -0.650181 0.0 -0.61345 -0.64991 0.0 -0.613608 -0.649638 0.0 -0.613767 -0.649367 0.0 -0.613926 -0.649096 0.0 -0.614087 -0.648826 0.0 -0.614247 -0.648556 0.0 -0.61441 -0.648287 0.0 -0.614572 -0.648018 0.0 -0.614736 -0.64775 0.0 -0.614901 -0.647483 0.0 -0.615066 -0.647216 0.0 -0.615232 -0.646949 0.0 -0.6154 -0.646683 0.0 -0.615567 -0.646417 0.0 -0.615736 -0.646153 0.0 -0.615906 -0.645888 0.0 -0.616076 -0.645624 0.0 -0.616247 -0.645361 0.0 -0.61642 -0.645098 0.0 -0.616592 -0.644835 0.0 -0.616766 -0.644574 0.0 -0.61694 -0.644312 0.0 -0.617116 -0.644052 0.0 -0.617292 -0.643792 0.0 -0.617469 -0.643532 0.0 -0.617647 -0.643273 0.0 -0.617826 -0.643015 0.0 -0.618005 -0.642757 0.0 -0.618185 -0.6425 0.0 -0.618366 -0.642243 0.0 -0.618548 -0.641987 0.0 -0.618731 -0.641731 0.0 -0.618914 -0.641476 0.0 -0.619098 -0.641221 0.0 -0.619284 -0.640968 0.0 -0.619469 -0.640714 0.0 -0.619656 -0.640462 0.0 -0.619843 -0.64021 0.0 -0.620032 -0.639958 0.0 -0.620221 -0.639707 0.0 -0.620411 -0.639457 0.0 -0.620601 -0.639207 0.0 -0.620793 -0.638958 0.0 -0.620984 -0.638709 0.0 -0.621178 -0.638462 0.0 -0.621371 -0.638214 0.0 -0.621566 -0.637968 0.0 -0.621761 -0.637721 0.0 -0.621957 -0.637476 0.0 -0.622154 -0.637231 0.0 -0.622352 -0.636987 0.0 -0.62255 -0.636743 0.0 -0.622749 -0.6365 0.0 -0.622949 -0.636258 0.0 -0.62315 -0.636016 0.0 -0.623351 -0.635775 0.0 -0.623553 -0.635535 0.0 -0.623756 -0.635294 0.0 -0.62396 -0.635056 0.0 -0.624164 -0.634817 0.0 -0.624369 -0.634579 0.0 -0.624575 -0.634341 0.0 -0.624782 -0.634105 0.0 -0.624989 -0.633869 0.0 -0.625197 -0.633634 0.0 -0.625406 -0.633399 0.0 -0.625616 -0.633165 0.0 -0.625826 -0.632931 0.0 -0.626037 -0.632699 0.0 -0.626249 -0.632467 0.0 -0.626462 -0.632236 0.0 -0.626674 -0.632005 0.0 -0.626889 -0.631775 0.0 -0.627103 -0.631545 0.0 -0.627319 -0.631317 0.0 -0.627535 -0.631089 0.0 -0.627752 -0.630862 0.0 -0.627969 -0.630635 0.0 -0.628188 -0.630409 0.0 -0.628406 -0.630183 0.0 -0.628626 -0.629959 0.0 -0.628846 -0.629735 0.0 -0.629068 -0.629512 0.0 -0.629289 -0.629289 0.0 -0.629512 -0.629068 0.0 -0.629735 -0.628846 0.0 -0.629959 -0.628626 0.0 -0.630183 -0.628406 0.0 -0.630409 -0.628188 0.0 -0.630635 -0.627969 0.0 -0.630862 -0.627752 0.0 -0.631089 -0.627535 0.0 -0.631317 -0.627319 0.0 -0.631545 -0.627103 0.0 -0.631775 -0.626889 0.0 -0.632005 -0.626674 0.0 -0.632236 -0.626462 0.0 -0.632467 -0.626249 0.0 -0.632699 -0.626037 0.0 -0.632931 -0.625826 0.0 -0.633165 -0.625616 0.0 -0.633399 -0.625406 0.0 -0.633634 -0.625197 0.0 -0.633869 -0.624989 0.0 -0.634105 -0.624782 0.0 -0.634341 -0.624575 0.0 -0.634579 -0.624369 0.0 -0.634817 -0.624164 0.0 -0.635056 -0.62396 0.0 -0.635294 -0.623756 0.0 -0.635535 -0.623553 0.0 -0.635775 -0.623351 0.0 -0.636016 -0.62315 0.0 -0.636258 -0.622949 0.0 -0.6365 -0.622749 0.0 -0.636743 -0.62255 0.0 -0.636987 -0.622352 0.0 -0.637231 -0.622154 0.0 -0.637476 -0.621957 0.0 -0.637721 -0.621761 0.0 -0.637968 -0.621566 0.0 -0.638214 -0.621371 0.0 -0.638462 -0.621178 0.0 -0.638709 -0.620984 0.0 -0.638958 -0.620793 0.0 -0.639207 -0.620601 0.0 -0.639457 -0.620411 0.0 -0.639707 -0.620221 0.0 -0.639958 -0.620032 0.0 -0.64021 -0.619843 0.0 -0.640462 -0.619656 0.0 -0.640714 -0.619469 0.0 -0.640968 -0.619284 0.0 -0.641221 -0.619098 0.0 -0.641476 -0.618914 0.0 -0.641731 -0.618731 0.0 -0.641987 -0.618548 0.0 -0.642243 -0.618366 0.0 -0.6425 -0.618185 0.0 -0.642757 -0.618005 0.0 -0.643015 -0.617826 0.0 -0.643273 -0.617647 0.0 -0.643532 -0.617469 0.0 -0.643792 -0.617292 0.0 -0.644052 -0.617116 0.0 -0.644312 -0.61694 0.0 -0.644574 -0.616766 0.0 -0.644835 -0.616592 0.0 -0.645098 -0.61642 0.0 -0.645361 -0.616247 0.0 -0.645624 -0.616076 0.0 -0.645888 -0.615906 0.0 -0.646153 -0.615736 0.0 -0.646417 -0.615567 0.0 -0.646683 -0.6154 0.0 -0.646949 -0.615232 0.0 -0.647216 -0.615066 0.0 -0.647483 -0.614901 0.0 -0.64775 -0.614736 0.0 -0.648018 -0.614572 0.0 -0.648287 -0.61441 0.0 -0.648556 -0.614247 0.0 -0.648826 -0.614087 0.0 -0.649096 -0.613926 0.0 -0.649367 -0.613767 0.0 -0.649638 -0.613608 0.0 -0.64991 -0.61345 0.0 -0.650181 -0.613293 0.0 -0.650454 -0.613137 0.0 -0.650727 -0.612982 0.0 -0.651001 -0.612828 0.0 -0.651275 -0.612674 0.0 -0.65155 -0.612522 0.0 -0.651825 -0.612369 0.0 -0.6521 -0.612219 0.0 -0.652376 -0.612068 0.0 -0.652653 -0.61192 0.0 -0.65293 -0.611771 0.0 -0.653207 -0.611624 0.0 -0.653485 -0.611477 0.0 -0.653763 -0.611332 0.0 -0.654042 -0.611186 0.0 -0.654321 -0.611043 0.0 -0.654601 -0.610899 0.0 -0.654881 -0.610758 0.0 -0.655162 -0.610616 0.0 -0.655443 -0.610476 0.0 -0.655724 -0.610336 0.0 -0.656006 -0.610198 0.0 -0.656288 -0.610059 0.0 -0.656571 -0.609923 0.0 -0.656854 -0.609787 0.0 -0.657138 -0.609652 0.0 -0.657422 -0.609517 0.0 -0.657707 -0.609384 0.0 -0.657991 -0.609252 0.0 -0.658277 -0.60912 0.0 -0.658562 -0.608989 0.0 -0.658849 -0.60886 0.0 -0.659135 -0.608731 0.0 -0.659422 -0.608603 0.0 -0.659709 -0.608476 0.0 -0.659997 -0.60835 0.0 -0.660285 -0.608225 0.0 -0.660574 -0.608101 0.0 -0.660863 -0.607977 0.0 -0.661152 -0.607855 0.0 -0.661442 -0.607733 0.0 -0.661732 -0.607613 0.0 -0.662022 -0.607492 0.0 -0.662313 -0.607374 0.0 -0.662604 -0.607255 0.0 -0.662896 -0.607139 0.0 -0.663188 -0.607022 0.0 -0.66348 -0.606908 0.0 -0.663772 -0.606793 0.0 -0.664066 -0.60668 0.0 -0.664359 -0.606567 0.0 -0.664653 -0.606456 0.0 -0.664947 -0.606345 0.0 -0.665241 -0.606236 0.0 -0.665536 -0.606127 0.0 -0.665831 -0.606019 0.0 -0.666126 -0.605912 0.0 -0.666422 -0.605806 0.0 -0.666718 -0.605701 0.0 -0.667015 -0.605597 0.0 -0.667311 -0.605494 0.0 -0.667608 -0.605392 0.0 -0.667906 -0.60529 0.0 -0.668203 -0.60519 0.0 -0.668501 -0.60509 0.0 -0.6688 -0.604992 0.0 -0.669098 -0.604894 0.0 -0.669397 -0.604798 0.0 -0.669696 -0.604702 0.0 -0.669996 -0.604608 0.0 -0.670296 -0.604514 0.0 -0.670596 -0.604421 0.0 -0.670896 -0.604329 0.0 -0.671197 -0.604238 0.0 -0.671498 -0.604148 0.0 -0.671799 -0.604059 0.0 -0.672101 -0.603971 0.0 -0.672403 -0.603884 0.0 -0.672705 -0.603797 0.0 -0.673007 -0.603712 0.0 -0.67331 -0.603628 0.0 -0.673613 -0.603545 0.0 -0.673916 -0.603462 0.0 -0.674219 -0.603381 0.0 -0.674523 -0.6033 0.0 -0.674827 -0.603221 0.0 -0.675131 -0.603142 0.0 -0.675436 -0.603065 0.0 -0.67574 -0.602987 0.0 -0.676045 -0.602912 0.0 -0.67635 -0.602837 0.0 -0.676656 -0.602763 0.0 -0.676961 -0.60269 0.0 -0.677267 -0.602619 0.0 -0.677573 -0.602547 0.0 -0.677879 -0.602478 0.0 -0.678186 -0.602408 0.0 -0.678492 -0.602341 0.0 -0.678799 -0.602273 0.0 -0.679107 -0.602208 0.0 -0.679414 -0.602142 0.0 -0.679721 -0.602078 0.0 -0.680029 -0.602014 0.0 -0.680337 -0.601953 0.0 -0.680645 -0.601891 0.0 -0.680953 -0.601831 0.0 -0.681262 -0.601771 0.0 -0.681571 -0.601713 0.0 -0.681879 -0.601655 0.0 -0.682189 -0.6016 0.0 -0.682498 -0.601544 0.0 -0.682807 -0.60149 0.0 -0.683117 -0.601436 0.0 -0.683426 -0.601383 0.0 -0.683736 -0.601331 0.0 -0.684046 -0.601281 0.0 -0.684357 -0.601231 0.0 -0.684667 -0.601183 0.0 -0.684977 -0.601135 0.0 -0.685288 -0.601089 0.0 -0.685599 -0.601042 0.0 -0.68591 -0.600998 0.0 -0.686221 -0.600954 0.0 -0.686532 -0.600912 0.0 -0.686844 -0.600869 0.0 -0.687155 -0.600829 0.0 -0.687467 -0.600789 0.0 -0.687778 -0.60075 0.0 -0.68809 -0.600712 0.0 -0.688402 -0.600675 0.0 -0.688714 -0.600639 0.0 -0.689027 -0.600604 0.0 -0.689339 -0.60057 0.0 -0.689651 -0.600537 0.0 -0.689964 -0.600505 0.0 -0.690276 -0.600474 0.0 -0.690589 -0.600444 0.0 -0.690902 -0.600415 0.0 -0.691215 -0.600387 0.0 -0.691528 -0.60036 0.0 -0.691841 -0.600333 0.0 -0.692154 -0.600309 0.0 -0.692467 -0.600284 0.0 -0.692781 -0.600261 0.0 -0.693094 -0.600239 0.0 -0.693407 -0.600218 0.0 -0.693721 -0.600197 0.0 -0.694035 -0.600179 0.0 -0.694348 -0.60016 0.0 -0.694662 -0.600143 0.0 -0.694976 -0.600126 0.0 -0.695289 -0.600112 0.0 -0.695603 -0.600097 0.0 -0.695917 -0.600084 0.0 -0.696231 -0.600071 0.0 -0.696545 -0.60006 0.0 -0.696859 -0.600049 0.0 -0.697173 -0.60004 0.0 -0.697487 -0.600032 0.0 -0.697801 -0.600025 0.0 -0.698115 -0.600018 0.0 -0.698429 -0.600013 0.0 -0.698743 -0.600008 0.0 -0.699058 -0.600005 0.0 -0.699372 -0.600002 0.0 -0.699686 -0.600001 0.0 -0.7 -0.6 0.0 -0.700314 -0.600001 0.0 -0.700628 -0.600002 0.0 -0.700942 -0.600005 0.0 -0.701257 -0.600008 0.0 -0.701571 -0.600013 0.0 -0.701885 -0.600018 0.0 -0.702199 -0.600025 0.0 -0.702513 -0.600032 0.0 -0.702827 -0.60004 0.0 -0.703141 -0.600049 0.0 -0.703455 -0.60006 0.0 -0.703769 -0.600071 0.0 -0.704083 -0.600084 0.0 -0.704397 -0.600097 0.0 -0.704711 -0.600112 0.0 -0.705024 -0.600126 0.0 -0.705338 -0.600143 0.0 -0.705652 -0.60016 0.0 -0.705965 -0.600179 0.0 -0.706279 -0.600197 0.0 -0.706593 -0.600218 0.0 -0.706906 -0.600239 0.0 -0.707219 -0.600261 0.0 -0.707533 -0.600284 0.0 -0.707846 -0.600309 0.0 -0.708159 -0.600333 0.0 -0.708472 -0.60036 0.0 -0.708785 -0.600387 0.0 -0.709098 -0.600415 0.0 -0.709411 -0.600444 0.0 -0.709724 -0.600474 0.0 -0.710036 -0.600505 0.0 -0.710349 -0.600537 0.0 -0.710661 -0.60057 0.0 -0.710973 -0.600604 0.0 -0.711286 -0.600639 0.0 -0.711598 -0.600675 0.0 -0.71191 -0.600712 0.0 -0.712222 -0.60075 0.0 -0.712533 -0.600789 0.0 -0.712845 -0.600829 0.0 -0.713156 -0.600869 0.0 -0.713468 -0.600912 0.0 -0.713779 -0.600954 0.0 -0.71409 -0.600998 0.0 -0.714401 -0.601042 0.0 -0.714712 -0.601089 0.0 -0.715023 -0.601135 0.0 -0.715333 -0.601183 0.0 -0.715643 -0.601231 0.0 -0.715954 -0.601281 0.0 -0.716264 -0.601331 0.0 -0.716574 -0.601383 0.0 -0.716883 -0.601436 0.0 -0.717193 -0.60149 0.0 -0.717502 -0.601544 0.0 -0.717811 -0.6016 0.0 -0.718121 -0.601655 0.0 -0.718429 -0.601713 0.0 -0.718738 -0.601771 0.0 -0.719047 -0.601831 0.0 -0.719355 -0.601891 0.0 -0.719663 -0.601953 0.0 -0.719971 -0.602014 0.0 -0.720279 -0.602078 0.0 -0.720586 -0.602142 0.0 -0.720893 -0.602208 0.0 -0.721201 -0.602273 0.0 -0.721508 -0.602341 0.0 -0.721814 -0.602408 0.0 -0.722121 -0.602478 0.0 -0.722427 -0.602547 0.0 -0.722733 -0.602619 0.0 -0.723039 -0.60269 0.0 -0.723344 -0.602763 0.0 -0.72365 -0.602837 0.0 -0.723955 -0.602912 0.0 -0.72426 -0.602987 0.0 -0.724564 -0.603065 0.0 -0.724869 -0.603142 0.0 -0.725173 -0.603221 0.0 -0.725477 -0.6033 0.0 -0.725781 -0.603381 0.0 -0.726084 -0.603462 0.0 -0.726387 -0.603545 0.0 -0.72669 -0.603628 0.0 -0.726993 -0.603712 0.0 -0.727295 -0.603797 0.0 -0.727597 -0.603884 0.0 -0.727899 -0.603971 0.0 -0.728201 -0.604059 0.0 -0.728502 -0.604148 0.0 -0.728803 -0.604238 0.0 -0.729104 -0.604329 0.0 -0.729404 -0.604421 0.0 -0.729704 -0.604514 0.0 -0.730004 -0.604608 0.0 -0.730304 -0.604702 0.0 -0.730603 -0.604798 0.0 -0.730902 -0.604894 0.0 -0.7312 -0.604992 0.0 -0.731499 -0.60509 0.0 -0.731797 -0.60519 0.0 -0.732094 -0.60529 0.0 -0.732392 -0.605392 0.0 -0.732689 -0.605494 0.0 -0.732985 -0.605597 0.0 -0.733282 -0.605701 0.0 -0.733578 -0.605806 0.0 -0.733874 -0.605912 0.0 -0.734169 -0.606019 0.0 -0.734464 -0.606127 0.0 -0.734759 -0.606236 0.0 -0.735053 -0.606345 0.0 -0.735347 -0.606456 0.0 -0.735641 -0.606567 0.0 -0.735934 -0.60668 0.0 -0.736228 -0.606793 0.0 -0.73652 -0.606908 0.0 -0.736812 -0.607022 0.0 -0.737104 -0.607139 0.0 -0.737396 -0.607255 0.0 -0.737687 -0.607374 0.0 -0.737978 -0.607492 0.0 -0.738268 -0.607613 0.0 -0.738558 -0.607733 0.0 -0.738848 -0.607855 0.0 -0.739137 -0.607977 0.0 -0.739426 -0.608101 0.0 -0.739715 -0.608225 0.0 -0.740003 -0.60835 0.0 -0.740291 -0.608476 0.0 -0.740578 -0.608603 0.0 -0.740865 -0.608731 0.0 -0.741151 -0.60886 0.0 -0.741438 -0.608989 0.0 -0.741723 -0.60912 0.0 -0.742009 -0.609252 0.0 -0.742293 -0.609384 0.0 -0.742578 -0.609517 0.0 -0.742862 -0.609652 0.0 -0.743146 -0.609787 0.0 -0.743429 -0.609923 0.0 -0.743712 -0.610059 0.0 -0.743994 -0.610198 0.0 -0.744276 -0.610336 0.0 -0.744557 -0.610476 0.0 -0.744838 -0.610616 0.0 -0.745119 -0.610758 0.0 -0.745399 -0.610899 0.0 -0.745679 -0.611043 0.0 -0.745958 -0.611186 0.0 -0.746237 -0.611332 0.0 -0.746515 -0.611477 0.0 -0.746793 -0.611624 0.0 -0.74707 -0.611771 0.0 -0.747347 -0.61192 0.0 -0.747624 -0.612068 0.0 -0.7479 -0.612219 0.0 -0.748175 -0.612369 0.0 -0.74845 -0.612522 0.0 -0.748725 -0.612674 0.0 -0.748999 -0.612828 0.0 -0.749273 -0.612982 0.0 -0.749546 -0.613137 0.0 -0.749819 -0.613293 0.0 -0.75009 -0.61345 0.0 -0.750362 -0.613608 0.0 -0.750633 -0.613767 0.0 -0.750904 -0.613926 0.0 -0.751174 -0.614087 0.0 -0.751444 -0.614247 0.0 -0.751713 -0.61441 0.0 -0.751982 -0.614572 0.0 -0.75225 -0.614736 0.0 -0.752517 -0.614901 0.0 -0.752784 -0.615066 0.0 -0.753051 -0.615232 0.0 -0.753317 -0.6154 0.0 -0.753583 -0.615567 0.0 -0.753847 -0.615736 0.0 -0.754112 -0.615906 0.0 -0.754376 -0.616076 0.0 -0.754639 -0.616247 0.0 -0.754902 -0.61642 0.0 -0.755165 -0.616592 0.0 -0.755426 -0.616766 0.0 -0.755688 -0.61694 0.0 -0.755948 -0.617116 0.0 -0.756208 -0.617292 0.0 -0.756468 -0.617469 0.0 -0.756727 -0.617647 0.0 -0.756985 -0.617826 0.0 -0.757243 -0.618005 0.0 -0.7575 -0.618185 0.0 -0.757757 -0.618366 0.0 -0.758013 -0.618548 0.0 -0.758269 -0.618731 0.0 -0.758524 -0.618914 0.0 -0.758779 -0.619098 0.0 -0.759032 -0.619284 0.0 -0.759286 -0.619469 0.0 -0.759538 -0.619656 0.0 -0.75979 -0.619843 0.0 -0.760042 -0.620032 0.0 -0.760293 -0.620221 0.0 -0.760543 -0.620411 0.0 -0.760793 -0.620601 0.0 -0.761042 -0.620793 0.0 -0.761291 -0.620984 0.0 -0.761538 -0.621178 0.0 -0.761786 -0.621371 0.0 -0.762032 -0.621566 0.0 -0.762279 -0.621761 0.0 -0.762524 -0.621957 0.0 -0.762769 -0.622154 0.0 -0.763013 -0.622352 0.0 -0.763257 -0.62255 0.0 -0.7635 -0.622749 0.0 -0.763742 -0.622949 0.0 -0.763984 -0.62315 0.0 -0.764225 -0.623351 0.0 -0.764465 -0.623553 0.0 -0.764706 -0.623756 0.0 -0.764944 -0.62396 0.0 -0.765183 -0.624164 0.0 -0.765421 -0.624369 0.0 -0.765659 -0.624575 0.0 -0.765895 -0.624782 0.0 -0.766131 -0.624989 0.0 -0.766366 -0.625197 0.0 -0.766601 -0.625406 0.0 -0.766835 -0.625616 0.0 -0.767069 -0.625826 0.0 -0.767301 -0.626037 0.0 -0.767533 -0.626249 0.0 -0.767764 -0.626462 0.0 -0.767995 -0.626674 0.0 -0.768225 -0.626889 0.0 -0.768455 -0.627103 0.0 -0.768683 -0.627319 0.0 -0.768911 -0.627535 0.0 -0.769138 -0.627752 0.0 -0.769365 -0.627969 0.0 -0.769591 -0.628188 0.0 -0.769817 -0.628406 0.0 -0.770041 -0.628626 0.0 -0.770265 -0.628846 0.0 -0.770488 -0.629068 0.0 -0.770711 -0.629289 0.0 -0.770932 -0.629512 0.0 -0.771154 -0.629735 0.0 -0.771374 -0.629959 0.0 -0.771594 -0.630183 0.0 -0.771812 -0.630409 0.0 -0.772031 -0.630635 0.0 -0.772248 -0.630862 0.0 -0.772465 -0.631089 0.0 -0.772681 -0.631317 0.0 -0.772897 -0.631545 0.0 -0.773111 -0.631775 0.0 -0.773326 -0.632005 0.0 -0.773538 -0.632236 0.0 -0.773751 -0.632467 0.0 -0.773963 -0.632699 0.0 -0.774174 -0.632931 0.0 -0.774384 -0.633165 0.0 -0.774594 -0.633399 0.0 -0.774803 -0.633634 0.0 -0.775011 -0.633869 0.0 -0.775218 -0.634105 0.0 -0.775425 -0.634341 0.0 -0.775631 -0.634579 0.0 -0.775836 -0.634817 0.0 -0.77604 -0.635056 0.0 -0.776244 -0.635294 0.0 -0.776447 -0.635535 0.0 -0.776649 -0.635775 0.0 -0.77685 -0.636016 0.0 -0.777051 -0.636258 0.0 -0.777251 -0.6365 0.0 -0.77745 -0.636743 0.0 -0.777648 -0.636987 0.0 -0.777846 -0.637231 0.0 -0.778043 -0.637476 0.0 -0.778239 -0.637721 0.0 -0.778434 -0.637968 0.0 -0.778629 -0.638214 0.0 -0.778822 -0.638462 0.0 -0.779016 -0.638709 0.0 -0.779207 -0.638958 0.0 -0.779399 -0.639207 0.0 -0.779589 -0.639457 0.0 -0.779779 -0.639707 0.0 -0.779968 -0.639958 0.0 -0.780157 -0.64021 0.0 -0.780344 -0.640462 0.0 -0.780531 -0.640714 0.0 -0.780716 -0.640968 0.0 -0.780902 -0.641221 0.0 -0.781086 -0.641476 0.0 -0.781269 -0.641731 0.0 -0.781452 -0.641987 0.0 -0.781634 -0.642243 0.0 -0.781815 -0.6425 0.0 -0.781995 -0.642757 0.0 -0.782174 -0.643015 0.0 -0.782353 -0.643273 0.0 -0.782531 -0.643532 0.0 -0.782708 -0.643792 0.0 -0.782884 -0.644052 0.0 -0.78306 -0.644312 0.0 -0.783234 -0.644574 0.0 -0.783408 -0.644835 0.0 -0.78358 -0.645098 0.0 -0.783753 -0.645361 0.0 -0.783924 -0.645624 0.0 -0.784094 -0.645888 0.0 -0.784264 -0.646153 0.0 -0.784433 -0.646417 0.0 -0.7846 -0.646683 0.0 -0.784768 -0.646949 0.0 -0.784934 -0.647216 0.0 -0.785099 -0.647483 0.0 -0.785264 -0.64775 0.0 -0.785428 -0.648018 0.0 -0.78559 -0.648287 0.0 -0.785753 -0.648556 0.0 -0.785913 -0.648826 0.0 -0.786074 -0.649096 0.0 -0.786233 -0.649367 0.0 -0.786392 -0.649638 0.0 -0.78655 -0.64991 0.0 -0.786707 -0.650181 0.0 -0.786863 -0.650454 0.0 -0.787018 -0.650727 0.0 -0.787172 -0.651001 0.0 -0.787326 -0.651275 0.0 -0.787478 -0.65155 0.0 -0.787631 -0.651825 0.0 -0.787781 -0.6521 0.0 -0.787932 -0.652376 0.0 -0.78808 -0.652653 0.0 -0.788229 -0.65293 0.0 -0.788376 -0.653207 0.0 -0.788523 -0.653485 0.0 -0.788668 -0.653763 0.0 -0.788814 -0.654042 0.0 -0.788957 -0.654321 0.0 -0.789101 -0.654601 0.0 -0.789242 -0.654881 0.0 -0.789384 -0.655162 0.0 -0.789524 -0.655443 0.0 -0.789664 -0.655724 0.0 -0.789802 -0.656006 0.0 -0.789941 -0.656288 0.0 -0.790077 -0.656571 0.0 -0.790213 -0.656854 0.0 -0.790348 -0.657138 0.0 -0.790483 -0.657422 0.0 -0.790616 -0.657707 0.0 -0.790748 -0.657991 0.0 -0.79088 -0.658277 0.0 -0.791011 -0.658562 0.0 -0.79114 -0.658849 0.0 -0.791269 -0.659135 0.0 -0.791397 -0.659422 0.0 -0.791524 -0.659709 0.0 -0.79165 -0.659997 0.0 -0.791775 -0.660285 0.0 -0.791899 -0.660574 0.0 -0.792023 -0.660863 0.0 -0.792145 -0.661152 0.0 -0.792267 -0.661442 0.0 -0.792387 -0.661732 0.0 -0.792508 -0.662022 0.0 -0.792626 -0.662313 0.0 -0.792745 -0.662604 0.0 -0.792861 -0.662896 0.0 -0.792978 -0.663188 0.0 -0.793092 -0.66348 0.0 -0.793207 -0.663772 0.0 -0.79332 -0.664066 0.0 -0.793433 -0.664359 0.0 -0.793544 -0.664653 0.0 -0.793655 -0.664947 0.0 -0.793764 -0.665241 0.0 -0.793873 -0.665536 0.0 -0.793981 -0.665831 0.0 -0.794088 -0.666126 0.0 -0.794194 -0.666422 0.0 -0.794299 -0.666718 0.0 -0.794403 -0.667015 0.0 -0.794506 -0.667311 0.0 -0.794608 -0.667608 0.0 -0.79471 -0.667906 0.0 -0.79481 -0.668203 0.0 -0.79491 -0.668501 0.0 -0.795008 -0.6688 0.0 -0.795106 -0.669098 0.0 -0.795202 -0.669397 0.0 -0.795298 -0.669696 0.0 -0.795392 -0.669996 0.0 -0.795486 -0.670296 0.0 -0.795579 -0.670596 0.0 -0.795671 -0.670896 0.0 -0.795762 -0.671197 0.0 -0.795852 -0.671498 0.0 -0.795941 -0.671799 0.0 -0.796029 -0.672101 0.0 -0.796116 -0.672403 0.0 -0.796203 -0.672705 0.0 -0.796288 -0.673007 0.0 -0.796372 -0.67331 0.0 -0.796455 -0.673613 0.0 -0.796538 -0.673916 0.0 -0.796619 -0.674219 0.0 -0.7967 -0.674523 0.0 -0.796779 -0.674827 0.0 -0.796858 -0.675131 0.0 -0.796935 -0.675436 0.0 -0.797013 -0.67574 0.0 -0.797088 -0.676045 0.0 -0.797163 -0.67635 0.0 -0.797237 -0.676656 0.0 -0.79731 -0.676961 0.0 -0.797381 -0.677267 0.0 -0.797453 -0.677573 0.0 -0.797522 -0.677879 0.0 -0.797592 -0.678186 0.0 -0.797659 -0.678492 0.0 -0.797727 -0.678799 0.0 -0.797792 -0.679107 0.0 -0.797858 -0.679414 0.0 -0.797922 -0.679721 0.0 -0.797986 -0.680029 0.0 -0.798047 -0.680337 0.0 -0.798109 -0.680645 0.0 -0.798169 -0.680953 0.0 -0.798229 -0.681262 0.0 -0.798287 -0.681571 0.0 -0.798345 -0.681879 0.0 -0.7984 -0.682189 0.0 -0.798456 -0.682498 0.0 -0.79851 -0.682807 0.0 -0.798564 -0.683117 0.0 -0.798617 -0.683426 0.0 -0.798669 -0.683736 0.0 -0.798719 -0.684046 0.0 -0.798769 -0.684357 0.0 -0.798817 -0.684667 0.0 -0.798865 -0.684977 0.0 -0.798911 -0.685288 0.0 -0.798958 -0.685599 0.0 -0.799002 -0.68591 0.0 -0.799046 -0.686221 0.0 -0.799088 -0.686532 0.0 -0.799131 -0.686844 0.0 -0.799171 -0.687155 0.0 -0.799211 -0.687467 0.0 -0.79925 -0.687778 0.0 -0.799288 -0.68809 0.0 -0.799325 -0.688402 0.0 -0.799361 -0.688714 0.0 -0.799396 -0.689027 0.0 -0.79943 -0.689339 0.0 -0.799463 -0.689651 0.0 -0.799495 -0.689964 0.0 -0.799526 -0.690276 0.0 -0.799556 -0.690589 0.0 -0.799585 -0.690902 0.0 -0.799613 -0.691215 0.0 -0.79964 -0.691528 0.0 -0.799667 -0.691841 0.0 -0.799691 -0.692154 0.0 -0.799716 -0.692467 0.0 -0.799739 -0.692781 0.0 -0.799761 -0.693094 0.0 -0.799782 -0.693407 0.0 -0.799803 -0.693721 0.0 -0.799821 -0.694035 0.0 -0.79984 -0.694348 0.0 -0.799857 -0.694662 0.0 -0.799874 -0.694976 0.0 -0.799888 -0.695289 0.0 -0.799903 -0.695603 0.0 -0.799916 -0.695917 0.0 -0.799929 -0.696231 0.0 -0.79994 -0.696545 0.0 -0.799951 -0.696859 0.0 -0.79996 -0.697173 0.0 -0.799968 -0.697487 0.0 -0.799975 -0.697801 0.0 -0.799982 -0.698115 0.0 -0.799987 -0.698429 0.0 -0.799992 -0.698743 0.0 -0.799995 -0.699058 0.0 -0.799998 -0.699372 0.0 -0.799999 -0.699686 0.0 -0.8 -0.7 0.0 -0.799999 -0.700314 0.0 -0.799998 -0.700628 0.0 -0.799995 -0.700942 0.0 -0.799992 -0.701257 0.0 -0.799987 -0.701571 0.0 -0.799982 -0.701885 0.0 -0.799975 -0.702199 0.0 -0.799968 -0.702513 0.0 -0.79996 -0.702827 0.0 -0.799951 -0.703141 0.0 -0.79994 -0.703455 0.0 -0.799929 -0.703769 0.0 -0.799916 -0.704083 0.0 -0.799903 -0.704397 0.0 -0.799888 -0.704711 0.0 -0.799874 -0.705024 0.0 -0.799857 -0.705338 0.0 -0.79984 -0.705652 0.0 -0.799821 -0.705965 0.0 -0.799803 -0.706279 0.0 -0.799782 -0.706593 0.0 -0.799761 -0.706906 0.0 -0.799739 -0.707219 0.0 -0.799716 -0.707533 0.0 -0.799691 -0.707846 0.0 -0.799667 -0.708159 0.0 -0.79964 -0.708472 0.0 -0.799613 -0.708785 0.0 -0.799585 -0.709098 0.0 -0.799556 -0.709411 0.0 -0.799526 -0.709724 0.0 -0.799495 -0.710036 0.0 -0.799463 -0.710349 0.0 -0.79943 -0.710661 0.0 -0.799396 -0.710973 0.0 -0.799361 -0.711286 0.0 -0.799325 -0.711598 0.0 -0.799288 -0.71191 0.0 -0.79925 -0.712222 0.0 -0.799211 -0.712533 0.0 -0.799171 -0.712845 0.0 -0.799131 -0.713156 0.0 -0.799088 -0.713468 0.0 -0.799046 -0.713779 0.0 -0.799002 -0.71409 0.0 -0.798958 -0.714401 0.0 -0.798911 -0.714712 0.0 -0.798865 -0.715023 0.0 -0.798817 -0.715333 0.0 -0.798769 -0.715643 0.0 -0.798719 -0.715954 0.0 -0.798669 -0.716264 0.0 -0.798617 -0.716574 0.0 -0.798564 -0.716883 0.0 -0.79851 -0.717193 0.0 -0.798456 -0.717502 0.0 -0.7984 -0.717811 0.0 -0.798345 -0.718121 0.0 -0.798287 -0.718429 0.0 -0.798229 -0.718738 0.0 -0.798169 -0.719047 0.0 -0.798109 -0.719355 0.0 -0.798047 -0.719663 0.0 -0.797986 -0.719971 0.0 -0.797922 -0.720279 0.0 -0.797858 -0.720586 0.0 -0.797792 -0.720893 0.0 -0.797727 -0.721201 0.0 -0.797659 -0.721508 0.0 -0.797592 -0.721814 0.0 -0.797522 -0.722121 0.0 -0.797453 -0.722427 0.0 -0.797381 -0.722733 0.0 -0.79731 -0.723039 0.0 -0.797237 -0.723344 0.0 -0.797163 -0.72365 0.0 -0.797088 -0.723955 0.0 -0.797013 -0.72426 0.0 -0.796935 -0.724564 0.0 -0.796858 -0.724869 0.0 -0.796779 -0.725173 0.0 -0.7967 -0.725477 0.0 -0.796619 -0.725781 0.0 -0.796538 -0.726084 0.0 -0.796455 -0.726387 0.0 -0.796372 -0.72669 0.0 -0.796288 -0.726993 0.0 -0.796203 -0.727295 0.0 -0.796116 -0.727597 0.0 -0.796029 -0.727899 0.0 -0.795941 -0.728201 0.0 -0.795852 -0.728502 0.0 -0.795762 -0.728803 0.0 -0.795671 -0.729104 0.0 -0.795579 -0.729404 0.0 -0.795486 -0.729704 0.0 -0.795392 -0.730004 0.0 -0.795298 -0.730304 0.0 -0.795202 -0.730603 0.0 -0.795106 -0.730902 0.0 -0.795008 -0.7312 0.0 -0.79491 -0.731499 0.0 -0.79481 -0.731797 0.0 -0.79471 -0.732094 0.0 -0.794608 -0.732392 0.0 -0.794506 -0.732689 0.0 -0.794403 -0.732985 0.0 -0.794299 -0.733282 0.0 -0.794194 -0.733578 0.0 -0.794088 -0.733874 0.0 -0.793981 -0.734169 0.0 -0.793873 -0.734464 0.0 -0.793764 -0.734759 0.0 -0.793655 -0.735053 0.0 -0.793544 -0.735347 0.0 -0.793433 -0.735641 0.0 -0.79332 -0.735934 0.0 -0.793207 -0.736228 0.0 -0.793092 -0.73652 0.0 -0.792978 -0.736812 0.0 -0.792861 -0.737104 0.0 -0.792745 -0.737396 0.0 -0.792626 -0.737687 0.0 -0.792508 -0.737978 0.0 -0.792387 -0.738268 0.0 -0.792267 -0.738558 0.0 -0.792145 -0.738848 0.0 -0.792023 -0.739137 0.0 -0.791899 -0.739426 0.0 -0.791775 -0.739715 0.0 -0.79165 -0.740003 0.0 -0.791524 -0.740291 0.0 -0.791397 -0.740578 0.0 -0.791269 -0.740865 0.0 -0.79114 -0.741151 0.0 -0.791011 -0.741438 0.0 -0.79088 -0.741723 0.0 -0.790748 -0.742009 0.0 -0.790616 -0.742293 0.0 -0.790483 -0.742578 0.0 -0.790348 -0.742862 0.0 -0.790213 -0.743146 0.0 -0.790077 -0.743429 0.0 -0.789941 -0.743712 0.0 -0.789802 -0.743994 0.0 -0.789664 -0.744276 0.0 -0.789524 -0.744557 0.0 -0.789384 -0.744838 0.0 -0.789242 -0.745119 0.0 -0.789101 -0.745399 0.0 -0.788957 -0.745679 0.0 -0.788814 -0.745958 0.0 -0.788668 -0.746237 0.0 -0.788523 -0.746515 0.0 -0.788376 -0.746793 0.0 -0.788229 -0.74707 0.0 -0.78808 -0.747347 0.0 -0.787932 -0.747624 0.0 -0.787781 -0.7479 0.0 -0.787631 -0.748175 0.0 -0.787478 -0.74845 0.0 -0.787326 -0.748725 0.0 -0.787172 -0.748999 0.0 -0.787018 -0.749273 0.0 -0.786863 -0.749546 0.0 -0.786707 -0.749819 0.0 -0.78655 -0.75009 0.0 -0.786392 -0.750362 0.0 -0.786233 -0.750633 0.0 -0.786074 -0.750904 0.0 -0.785913 -0.751174 0.0 -0.785753 -0.751444 0.0 -0.78559 -0.751713 0.0 -0.785428 -0.751982 0.0 -0.785264 -0.75225 0.0 -0.785099 -0.752517 0.0 -0.784934 -0.752784 0.0 -0.784768 -0.753051 0.0 -0.7846 -0.753317 0.0 -0.784433 -0.753583 0.0 -0.784264 -0.753847 0.0 -0.784094 -0.754112 0.0 -0.783924 -0.754376 0.0 -0.783753 -0.754639 0.0 -0.78358 -0.754902 0.0 -0.783408 -0.755165 0.0 -0.783234 -0.755426 0.0 -0.78306 -0.755688 0.0 -0.782884 -0.755948 0.0 -0.782708 -0.756208 0.0 -0.782531 -0.756468 0.0 -0.782353 -0.756727 0.0 -0.782174 -0.756985 0.0 -0.781995 -0.757243 0.0 -0.781815 -0.7575 0.0 -0.781634 -0.757757 0.0 -0.781452 -0.758013 0.0 -0.781269 -0.758269 0.0 -0.781086 -0.758524 0.0 -0.780902 -0.758779 0.0 -0.780716 -0.759032 0.0 -0.780531 -0.759286 0.0 -0.780344 -0.759538 0.0 -0.780157 -0.75979 0.0 -0.779968 -0.760042 0.0 -0.779779 -0.760293 0.0 -0.779589 -0.760543 0.0 -0.779399 -0.760793 0.0 -0.779207 -0.761042 0.0 -0.779016 -0.761291 0.0 -0.778822 -0.761538 0.0 -0.778629 -0.761786 0.0 -0.778434 -0.762032 0.0 -0.778239 -0.762279 0.0 -0.778043 -0.762524 0.0 -0.777846 -0.762769 0.0 -0.777648 -0.763013 0.0 -0.77745 -0.763257 0.0 -0.777251 -0.7635 0.0 -0.777051 -0.763742 0.0 -0.77685 -0.763984 0.0 -0.776649 -0.764225 0.0 -0.776447 -0.764465 0.0 -0.776244 -0.764706 0.0 -0.77604 -0.764944 0.0 -0.775836 -0.765183 0.0 -0.775631 -0.765421 0.0 -0.775425 -0.765659 0.0 -0.775218 -0.765895 0.0 -0.775011 -0.766131 0.0 -0.774803 -0.766366 0.0 -0.774594 -0.766601 0.0 -0.774384 -0.766835 0.0 -0.774174 -0.767069 0.0 -0.773963 -0.767301 0.0 -0.773751 -0.767533 0.0 -0.773538 -0.767764 0.0 -0.773326 -0.767995 0.0 -0.773111 -0.768225 0.0 -0.772897 -0.768455 0.0 -0.772681 -0.768683 0.0 -0.772465 -0.768911 0.0 -0.772248 -0.769138 0.0 -0.772031 -0.769365 0.0 -0.771812 -0.769591 0.0 -0.771594 -0.769817 0.0 -0.771374 -0.770041 0.0 -0.771154 -0.770265 0.0 -0.770932 -0.770488 0.0 -0.770711 -0.770711 0.0 -0.770488 -0.770932 0.0 -0.770265 -0.771154 0.0 -0.770041 -0.771374 0.0 -0.769817 -0.771594 0.0 -0.769591 -0.771812 0.0 -0.769365 -0.772031 0.0 -0.769138 -0.772248 0.0 -0.768911 -0.772465 0.0 -0.768683 -0.772681 0.0 -0.768455 -0.772897 0.0 -0.768225 -0.773111 0.0 -0.767995 -0.773326 0.0 -0.767764 -0.773538 0.0 -0.767533 -0.773751 0.0 -0.767301 -0.773963 0.0 -0.767069 -0.774174 0.0 -0.766835 -0.774384 0.0 -0.766601 -0.774594 0.0 -0.766366 -0.774803 0.0 -0.766131 -0.775011 0.0 -0.765895 -0.775218 0.0 -0.765659 -0.775425 0.0 -0.765421 -0.775631 0.0 -0.765183 -0.775836 0.0 -0.764944 -0.77604 0.0 -0.764706 -0.776244 0.0 -0.764465 -0.776447 0.0 -0.764225 -0.776649 0.0 -0.763984 -0.77685 0.0 -0.763742 -0.777051 0.0 -0.7635 -0.777251 0.0 -0.763257 -0.77745 0.0 -0.763013 -0.777648 0.0 -0.762769 -0.777846 0.0 -0.762524 -0.778043 0.0 -0.762279 -0.778239 0.0 -0.762032 -0.778434 0.0 -0.761786 -0.778629 0.0 -0.761538 -0.778822 0.0 -0.761291 -0.779016 0.0 -0.761042 -0.779207 0.0 -0.760793 -0.779399 0.0 -0.760543 -0.779589 0.0 -0.760293 -0.779779 0.0 -0.760042 -0.779968 0.0 -0.75979 -0.780157 0.0 -0.759538 -0.780344 0.0 -0.759286 -0.780531 0.0 -0.759032 -0.780716 0.0 -0.758779 -0.780902 0.0 -0.758524 -0.781086 0.0 -0.758269 -0.781269 0.0 -0.758013 -0.781452 0.0 -0.757757 -0.781634 0.0 -0.7575 -0.781815 0.0 -0.757243 -0.781995 0.0 -0.756985 -0.782174 0.0 -0.756727 -0.782353 0.0 -0.756468 -0.782531 0.0 -0.756208 -0.782708 0.0 -0.755948 -0.782884 0.0 -0.755688 -0.78306 0.0 -0.755426 -0.783234 0.0 -0.755165 -0.783408 0.0 -0.754902 -0.78358 0.0 -0.754639 -0.783753 0.0 -0.754376 -0.783924 0.0 -0.754112 -0.784094 0.0 -0.753847 -0.784264 0.0 -0.753583 -0.784433 0.0 -0.753317 -0.7846 0.0 -0.753051 -0.784768 0.0 -0.752784 -0.784934 0.0 -0.752517 -0.785099 0.0 -0.75225 -0.785264 0.0 -0.751982 -0.785428 0.0 -0.751713 -0.78559 0.0 -0.751444 -0.785753 0.0 -0.751174 -0.785913 0.0 -0.750904 -0.786074 0.0 -0.750633 -0.786233 0.0 -0.750362 -0.786392 0.0 -0.75009 -0.78655 0.0 -0.749819 -0.786707 0.0 -0.749546 -0.786863 0.0 -0.749273 -0.787018 0.0 -0.748999 -0.787172 0.0 -0.748725 -0.787326 0.0 -0.74845 -0.787478 0.0 -0.748175 -0.787631 0.0 -0.7479 -0.787781 0.0 -0.747624 -0.787932 0.0 -0.747347 -0.78808 0.0 -0.74707 -0.788229 0.0 -0.746793 -0.788376 0.0 -0.746515 -0.788523 0.0 -0.746237 -0.788668 0.0 -0.745958 -0.788814 0.0 -0.745679 -0.788957 0.0 -0.745399 -0.789101 0.0 -0.745119 -0.789242 0.0 -0.744838 -0.789384 0.0 -0.744557 -0.789524 0.0 -0.744276 -0.789664 0.0 -0.743994 -0.789802 0.0 -0.743712 -0.789941 0.0 -0.743429 -0.790077 0.0 -0.743146 -0.790213 0.0 -0.742862 -0.790348 0.0 -0.742578 -0.790483 0.0 -0.742293 -0.790616 0.0 -0.742009 -0.790748 0.0 -0.741723 -0.79088 0.0 -0.741438 -0.791011 0.0 -0.741151 -0.79114 0.0 -0.740865 -0.791269 0.0 -0.740578 -0.791397 0.0 -0.740291 -0.791524 0.0 -0.740003 -0.79165 0.0 -0.739715 -0.791775 0.0 -0.739426 -0.791899 0.0 -0.739137 -0.792023 0.0 -0.738848 -0.792145 0.0 -0.738558 -0.792267 0.0 -0.738268 -0.792387 0.0 -0.737978 -0.792508 0.0 -0.737687 -0.792626 0.0 -0.737396 -0.792745 0.0 -0.737104 -0.792861 0.0 -0.736812 -0.792978 0.0 -0.73652 -0.793092 0.0 -0.736228 -0.793207 0.0 -0.735934 -0.79332 0.0 -0.735641 -0.793433 0.0 -0.735347 -0.793544 0.0 -0.735053 -0.793655 0.0 -0.734759 -0.793764 0.0 -0.734464 -0.793873 0.0 -0.734169 -0.793981 0.0 -0.733874 -0.794088 0.0 -0.733578 -0.794194 0.0 -0.733282 -0.794299 0.0 -0.732985 -0.794403 0.0 -0.732689 -0.794506 0.0 -0.732392 -0.794608 0.0 -0.732094 -0.79471 0.0 -0.731797 -0.79481 0.0 -0.731499 -0.79491 0.0 -0.7312 -0.795008 0.0 -0.730902 -0.795106 0.0 -0.730603 -0.795202 0.0 -0.730304 -0.795298 0.0 -0.730004 -0.795392 0.0 -0.729704 -0.795486 0.0 -0.729404 -0.795579 0.0 -0.729104 -0.795671 0.0 -0.728803 -0.795762 0.0 -0.728502 -0.795852 0.0 -0.728201 -0.795941 0.0 -0.727899 -0.796029 0.0 -0.727597 -0.796116 0.0 -0.727295 -0.796203 0.0 -0.726993 -0.796288 0.0 -0.72669 -0.796372 0.0 -0.726387 -0.796455 0.0 -0.726084 -0.796538 0.0 -0.725781 -0.796619 0.0 -0.725477 -0.7967 0.0 -0.725173 -0.796779 0.0 -0.724869 -0.796858 0.0 -0.724564 -0.796935 0.0 -0.72426 -0.797013 0.0 -0.723955 -0.797088 0.0 -0.72365 -0.797163 0.0 -0.723344 -0.797237 0.0 -0.723039 -0.79731 0.0 -0.722733 -0.797381 0.0 -0.722427 -0.797453 0.0 -0.722121 -0.797522 0.0 -0.721814 -0.797592 0.0 -0.721508 -0.797659 0.0 -0.721201 -0.797727 0.0 -0.720893 -0.797792 0.0 -0.720586 -0.797858 0.0 -0.720279 -0.797922 0.0 -0.719971 -0.797986 0.0 -0.719663 -0.798047 0.0 -0.719355 -0.798109 0.0 -0.719047 -0.798169 0.0 -0.718738 -0.798229 0.0 -0.718429 -0.798287 0.0 -0.718121 -0.798345 0.0 -0.717811 -0.7984 0.0 -0.717502 -0.798456 0.0 -0.717193 -0.79851 0.0 -0.716883 -0.798564 0.0 -0.716574 -0.798617 0.0 -0.716264 -0.798669 0.0 -0.715954 -0.798719 0.0 -0.715643 -0.798769 0.0 -0.715333 -0.798817 0.0 -0.715023 -0.798865 0.0 -0.714712 -0.798911 0.0 -0.714401 -0.798958 0.0 -0.71409 -0.799002 0.0 -0.713779 -0.799046 0.0 -0.713468 -0.799088 0.0 -0.713156 -0.799131 0.0 -0.712845 -0.799171 0.0 -0.712533 -0.799211 0.0 -0.712222 -0.79925 0.0 -0.71191 -0.799288 0.0 -0.711598 -0.799325 0.0 -0.711286 -0.799361 0.0 -0.710973 -0.799396 0.0 -0.710661 -0.79943 0.0 -0.710349 -0.799463 0.0 -0.710036 -0.799495 0.0 -0.709724 -0.799526 0.0 -0.709411 -0.799556 0.0 -0.709098 -0.799585 0.0 -0.708785 -0.799613 0.0 -0.708472 -0.79964 0.0 -0.708159 -0.799667 0.0 -0.707846 -0.799691 0.0 -0.707533 -0.799716 0.0 -0.707219 -0.799739 0.0 -0.706906 -0.799761 0.0 -0.706593 -0.799782 0.0 -0.706279 -0.799803 0.0 -0.705965 -0.799821 0.0 -0.705652 -0.79984 0.0 -0.705338 -0.799857 0.0 -0.705024 -0.799874 0.0 -0.704711 -0.799888 0.0 -0.704397 -0.799903 0.0 -0.704083 -0.799916 0.0 -0.703769 -0.799929 0.0 -0.703455 -0.79994 0.0 -0.703141 -0.799951 0.0 -0.702827 -0.79996 0.0 -0.702513 -0.799968 0.0 -0.702199 -0.799975 0.0 -0.701885 -0.799982 0.0 -0.701571 -0.799987 0.0 -0.701257 -0.799992 0.0 -0.700942 -0.799995 0.0 -0.700628 -0.799998 0.0 -0.700314 -0.799999 0.0 -0.7 -0.8 0.0 -0.699686 -0.799999 0.0 -0.699372 -0.799998 0.0 -0.699058 -0.799995 0.0 -0.698743 -0.799992 0.0 -0.698429 -0.799987 0.0 -0.698115 -0.799982 0.0 -0.697801 -0.799975 0.0 -0.697487 -0.799968 0.0 -0.697173 -0.79996 0.0 -0.696859 -0.799951 0.0 -0.696545 -0.79994 0.0 -0.696231 -0.799929 0.0 -0.695917 -0.799916 0.0 -0.695603 -0.799903 0.0 -0.695289 -0.799888 0.0 -0.694976 -0.799874 0.0 -0.694662 -0.799857 0.0 -0.694348 -0.79984 0.0 -0.694035 -0.799821 0.0 -0.693721 -0.799803 0.0 -0.693407 -0.799782 0.0 -0.693094 -0.799761 0.0 -0.692781 -0.799739 0.0 -0.692467 -0.799716 0.0 -0.692154 -0.799691 0.0 -0.691841 -0.799667 0.0 -0.691528 -0.79964 0.0 -0.691215 -0.799613 0.0 -0.690902 -0.799585 0.0 -0.690589 -0.799556 0.0 -0.690276 -0.799526 0.0 -0.689964 -0.799495 0.0 -0.689651 -0.799463 0.0 -0.689339 -0.79943 0.0 -0.689027 -0.799396 0.0 -0.688714 -0.799361 0.0 -0.688402 -0.799325 0.0 -0.68809 -0.799288 0.0 -0.687778 -0.79925 0.0 -0.687467 -0.799211 0.0 -0.687155 -0.799171 0.0 -0.686844 -0.799131 0.0 -0.686532 -0.799088 0.0 -0.686221 -0.799046 0.0 -0.68591 -0.799002 0.0 -0.685599 -0.798958 0.0 -0.685288 -0.798911 0.0 -0.684977 -0.798865 0.0 -0.684667 -0.798817 0.0 -0.684357 -0.798769 0.0 -0.684046 -0.798719 0.0 -0.683736 -0.798669 0.0 -0.683426 -0.798617 0.0 -0.683117 -0.798564 0.0 -0.682807 -0.79851 0.0 -0.682498 -0.798456 0.0 -0.682189 -0.7984 0.0 -0.681879 -0.798345 0.0 -0.681571 -0.798287 0.0 -0.681262 -0.798229 0.0 -0.680953 -0.798169 0.0 -0.680645 -0.798109 0.0 -0.680337 -0.798047 0.0 -0.680029 -0.797986 0.0 -0.679721 -0.797922 0.0 -0.679414 -0.797858 0.0 -0.679107 -0.797792 0.0 -0.678799 -0.797727 0.0 -0.678492 -0.797659 0.0 -0.678186 -0.797592 0.0 -0.677879 -0.797522 0.0 -0.677573 -0.797453 0.0 -0.677267 -0.797381 0.0 -0.676961 -0.79731 0.0 -0.676656 -0.797237 0.0 -0.67635 -0.797163 0.0 -0.676045 -0.797088 0.0 -0.67574 -0.797013 0.0 -0.675436 -0.796935 0.0 -0.675131 -0.796858 0.0 -0.674827 -0.796779 0.0 -0.674523 -0.7967 0.0 -0.674219 -0.796619 0.0 -0.673916 -0.796538 0.0 -0.673613 -0.796455 0.0 -0.67331 -0.796372 0.0 -0.673007 -0.796288 0.0 -0.672705 -0.796203 0.0 -0.672403 -0.796116 0.0 -0.672101 -0.796029 0.0 -0.671799 -0.795941 0.0 -0.671498 -0.795852 0.0 -0.671197 -0.795762 0.0 -0.670896 -0.795671 0.0 -0.670596 -0.795579 0.0 -0.670296 -0.795486 0.0 -0.669996 -0.795392 0.0 -0.669696 -0.795298 0.0 -0.669397 -0.795202 0.0 -0.669098 -0.795106 0.0 -0.6688 -0.795008 0.0 -0.668501 -0.79491 0.0 -0.668203 -0.79481 0.0 -0.667906 -0.79471 0.0 -0.667608 -0.794608 0.0 -0.667311 -0.794506 0.0 -0.667015 -0.794403 0.0 -0.666718 -0.794299 0.0 -0.666422 -0.794194 0.0 -0.666126 -0.794088 0.0 -0.665831 -0.793981 0.0 -0.665536 -0.793873 0.0 -0.665241 -0.793764 0.0 -0.664947 -0.793655 0.0 -0.664653 -0.793544 0.0 -0.664359 -0.793433 0.0 -0.664066 -0.79332 0.0 -0.663772 -0.793207 0.0 -0.66348 -0.793092 0.0 -0.663188 -0.792978 0.0 -0.662896 -0.792861 0.0 -0.662604 -0.792745 0.0 -0.662313 -0.792626 0.0 -0.662022 -0.792508 0.0 -0.661732 -0.792387 0.0 -0.661442 -0.792267 0.0 -0.661152 -0.792145 0.0 -0.660863 -0.792023 0.0 -0.660574 -0.791899 0.0 -0.660285 -0.791775 0.0 -0.659997 -0.79165 0.0 -0.659709 -0.791524 0.0 -0.659422 -0.791397 0.0 -0.659135 -0.791269 0.0 -0.658849 -0.79114 0.0 -0.658562 -0.791011 0.0 -0.658277 -0.79088 0.0 -0.657991 -0.790748 0.0 -0.657707 -0.790616 0.0 -0.657422 -0.790483 0.0 -0.657138 -0.790348 0.0 -0.656854 -0.790213 0.0 -0.656571 -0.790077 0.0 -0.656288 -0.789941 0.0 -0.656006 -0.789802 0.0 -0.655724 -0.789664 0.0 -0.655443 -0.789524 0.0 -0.655162 -0.789384 0.0 -0.654881 -0.789242 0.0 -0.654601 -0.789101 0.0 -0.654321 -0.788957 0.0 -0.654042 -0.788814 0.0 -0.653763 -0.788668 0.0 -0.653485 -0.788523 0.0 -0.653207 -0.788376 0.0 -0.65293 -0.788229 0.0 -0.652653 -0.78808 0.0 -0.652376 -0.787932 0.0 -0.6521 -0.787781 0.0 -0.651825 -0.787631 0.0 -0.65155 -0.787478 0.0 -0.651275 -0.787326 0.0 -0.651001 -0.787172 0.0 -0.650727 -0.787018 0.0 -0.650454 -0.786863 0.0 -0.650181 -0.786707 0.0 -0.64991 -0.78655 0.0 -0.649638 -0.786392 0.0 -0.649367 -0.786233 0.0 -0.649096 -0.786074 0.0 -0.648826 -0.785913 0.0 -0.648556 -0.785753 0.0 -0.648287 -0.78559 0.0 -0.648018 -0.785428 0.0 -0.64775 -0.785264 0.0 -0.647483 -0.785099 0.0 -0.647216 -0.784934 0.0 -0.646949 -0.784768 0.0 -0.646683 -0.7846 0.0 -0.646417 -0.784433 0.0 -0.646153 -0.784264 0.0 -0.645888 -0.784094 0.0 -0.645624 -0.783924 0.0 -0.645361 -0.783753 0.0 -0.645098 -0.78358 0.0 -0.644835 -0.783408 0.0 -0.644574 -0.783234 0.0 -0.644312 -0.78306 0.0 -0.644052 -0.782884 0.0 -0.643792 -0.782708 0.0 -0.643532 -0.782531 0.0 -0.643273 -0.782353 0.0 -0.643015 -0.782174 0.0 -0.642757 -0.781995 0.0 -0.6425 -0.781815 0.0 -0.642243 -0.781634 0.0 -0.641987 -0.781452 0.0 -0.641731 -0.781269 0.0 -0.641476 -0.781086 0.0 -0.641221 -0.780902 0.0 -0.640968 -0.780716 0.0 -0.640714 -0.780531 0.0 -0.640462 -0.780344 0.0 -0.64021 -0.780157 0.0 -0.639958 -0.779968 0.0 -0.639707 -0.779779 0.0 -0.639457 -0.779589 0.0 -0.639207 -0.779399 0.0 -0.638958 -0.779207 0.0 -0.638709 -0.779016 0.0 -0.638462 -0.778822 0.0 -0.638214 -0.778629 0.0 -0.637968 -0.778434 0.0 -0.637721 -0.778239 0.0 -0.637476 -0.778043 0.0 -0.637231 -0.777846 0.0 -0.636987 -0.777648 0.0 -0.636743 -0.77745 0.0 -0.6365 -0.777251 0.0 -0.636258 -0.777051 0.0 -0.636016 -0.77685 0.0 -0.635775 -0.776649 0.0 -0.635535 -0.776447 0.0 -0.635294 -0.776244 0.0 -0.635056 -0.77604 0.0 -0.634817 -0.775836 0.0 -0.634579 -0.775631 0.0 -0.634341 -0.775425 0.0 -0.634105 -0.775218 0.0 -0.633869 -0.775011 0.0 -0.633634 -0.774803 0.0 -0.633399 -0.774594 0.0 -0.633165 -0.774384 0.0 -0.632931 -0.774174 0.0 -0.632699 -0.773963 0.0 -0.632467 -0.773751 0.0 -0.632236 -0.773538 0.0 -0.632005 -0.773326 0.0 -0.631775 -0.773111 0.0 -0.631545 -0.772897 0.0 -0.631317 -0.772681 0.0 -0.631089 -0.772465 0.0 -0.630862 -0.772248 0.0 -0.630635 -0.772031 0.0 -0.630409 -0.771812 0.0 -0.630183 -0.771594 0.0 -0.629959 -0.771374 0.0 -0.629735 -0.771154 0.0 -0.629512 -0.770932 0.0 -0.629289 -0.770711 0.0 -0.629068 -0.770488 0.0 -0.628846 -0.770265 0.0 -0.628626 -0.770041 0.0 -0.628406 -0.769817 0.0 -0.628188 -0.769591 0.0 -0.627969 -0.769365 0.0 -0.627752 -0.769138 0.0 -0.627535 -0.768911 0.0 -0.627319 -0.768683 0.0 -0.627103 -0.768455 0.0 -0.626889 -0.768225 0.0 -0.626674 -0.767995 0.0 -0.626462 -0.767764 0.0 -0.626249 -0.767533 0.0 -0.626037 -0.767301 0.0 -0.625826 -0.767069 0.0 -0.625616 -0.766835 0.0 -0.625406 -0.766601 0.0 -0.625197 -0.766366 0.0 -0.624989 -0.766131 0.0 -0.624782 -0.765895 0.0 -0.624575 -0.765659 0.0 -0.624369 -0.765421 0.0 -0.624164 -0.765183 0.0 -0.62396 -0.764944 0.0 -0.623756 -0.764706 0.0 -0.623553 -0.764465 0.0 -0.623351 -0.764225 0.0 -0.62315 -0.763984 0.0 -0.622949 -0.763742 0.0 -0.622749 -0.7635 0.0 -0.62255 -0.763257 0.0 -0.622352 -0.763013 0.0 -0.622154 -0.762769 0.0 -0.621957 -0.762524 0.0 -0.621761 -0.762279 0.0 -0.621566 -0.762032 0.0 -0.621371 -0.761786 0.0 -0.621178 -0.761538 0.0 -0.620984 -0.761291 0.0 -0.620793 -0.761042 0.0 -0.620601 -0.760793 0.0 -0.620411 -0.760543 0.0 -0.620221 -0.760293 0.0 -0.620032 -0.760042 0.0 -0.619843 -0.75979 0.0 -0.619656 -0.759538 0.0 -0.619469 -0.759286 0.0 -0.619284 -0.759032 0.0 -0.619098 -0.758779 0.0 -0.618914 -0.758524 0.0 -0.618731 -0.758269 0.0 -0.618548 -0.758013 0.0 -0.618366 -0.757757 0.0 -0.618185 -0.7575 0.0 -0.618005 -0.757243 0.0 -0.617826 -0.756985 0.0 -0.617647 -0.756727 0.0 -0.617469 -0.756468 0.0 -0.617292 -0.756208 0.0 -0.617116 -0.755948 0.0 -0.61694 -0.755688 0.0 -0.616766 -0.755426 0.0 -0.616592 -0.755165 0.0 -0.61642 -0.754902 0.0 -0.616247 -0.754639 0.0 -0.616076 -0.754376 0.0 -0.615906 -0.754112 0.0 -0.615736 -0.753847 0.0 -0.615567 -0.753583 0.0 -0.6154 -0.753317 0.0 -0.615232 -0.753051 0.0 -0.615066 -0.752784 0.0 -0.614901 -0.752517 0.0 -0.614736 -0.75225 0.0 -0.614572 -0.751982 0.0 -0.61441 -0.751713 0.0 -0.614247 -0.751444 0.0 -0.614087 -0.751174 0.0 -0.613926 -0.750904 0.0 -0.613767 -0.750633 0.0 -0.613608 -0.750362 0.0 -0.61345 -0.75009 0.0 -0.613293 -0.749819 0.0 -0.613137 -0.749546 0.0 -0.612982 -0.749273 0.0 -0.612828 -0.748999 0.0 -0.612674 -0.748725 0.0 -0.612522 -0.74845 0.0 -0.612369 -0.748175 0.0 -0.612219 -0.7479 0.0 -0.612068 -0.747624 0.0 -0.61192 -0.747347 0.0 -0.611771 -0.74707 0.0 -0.611624 -0.746793 0.0 -0.611477 -0.746515 0.0 -0.611332 -0.746237 0.0 -0.611186 -0.745958 0.0 -0.611043 -0.745679 0.0 -0.610899 -0.745399 0.0 -0.610758 -0.745119 0.0 -0.610616 -0.744838 0.0 -0.610476 -0.744557 0.0 -0.610336 -0.744276 0.0 -0.610198 -0.743994 0.0 -0.610059 -0.743712 0.0 -0.609923 -0.743429 0.0 -0.609787 -0.743146 0.0 -0.609652 -0.742862 0.0 -0.609517 -0.742578 0.0 -0.609384 -0.742293 0.0 -0.609252 -0.742009 0.0 -0.60912 -0.741723 0.0 -0.608989 -0.741438 0.0 -0.60886 -0.741151 0.0 -0.608731 -0.740865 0.0 -0.608603 -0.740578 0.0 -0.608476 -0.740291 0.0 -0.60835 -0.740003 0.0 -0.608225 -0.739715 0.0 -0.608101 -0.739426 0.0 -0.607977 -0.739137 0.0 -0.607855 -0.738848 0.0 -0.607733 -0.738558 0.0 -0.607613 -0.738268 0.0 -0.607492 -0.737978 0.0 -0.607374 -0.737687 0.0 -0.607255 -0.737396 0.0 -0.607139 -0.737104 0.0 -0.607022 -0.736812 0.0 -0.606908 -0.73652 0.0 -0.606793 -0.736228 0.0 -0.60668 -0.735934 0.0 -0.606567 -0.735641 0.0 -0.606456 -0.735347 0.0 -0.606345 -0.735053 0.0 -0.606236 -0.734759 0.0 -0.606127 -0.734464 0.0 -0.606019 -0.734169 0.0 -0.605912 -0.733874 0.0 -0.605806 -0.733578 0.0 -0.605701 -0.733282 0.0 -0.605597 -0.732985 0.0 -0.605494 -0.732689 0.0 -0.605392 -0.732392 0.0 -0.60529 -0.732094 0.0 -0.60519 -0.731797 0.0 -0.60509 -0.731499 0.0 -0.604992 -0.7312 0.0 -0.604894 -0.730902 0.0 -0.604798 -0.730603 0.0 -0.604702 -0.730304 0.0 -0.604608 -0.730004 0.0 -0.604514 -0.729704 0.0 -0.604421 -0.729404 0.0 -0.604329 -0.729104 0.0 -0.604238 -0.728803 0.0 -0.604148 -0.728502 0.0 -0.604059 -0.728201 0.0 -0.603971 -0.727899 0.0 -0.603884 -0.727597 0.0 -0.603797 -0.727295 0.0 -0.603712 -0.726993 0.0 -0.603628 -0.72669 0.0 -0.603545 -0.726387 0.0 -0.603462 -0.726084 0.0 -0.603381 -0.725781 0.0 -0.6033 -0.725477 0.0 -0.603221 -0.725173 0.0 -0.603142 -0.724869 0.0 -0.603065 -0.724564 0.0 -0.602987 -0.72426 0.0 -0.602912 -0.723955 0.0 -0.602837 -0.72365 0.0 -0.602763 -0.723344 0.0 -0.60269 -0.723039 0.0 -0.602619 -0.722733 0.0 -0.602547 -0.722427 0.0 -0.602478 -0.722121 0.0 -0.602408 -0.721814 0.0 -0.602341 -0.721508 0.0 -0.602273 -0.721201 0.0 -0.602208 -0.720893 0.0 -0.602142 -0.720586 0.0 -0.602078 -0.720279 0.0 -0.602014 -0.719971 0.0 -0.601953 -0.719663 0.0 -0.601891 -0.719355 0.0 -0.601831 -0.719047 0.0 -0.601771 -0.718738 0.0 -0.601713 -0.718429 0.0 -0.601655 -0.718121 0.0 -0.6016 -0.717811 0.0 -0.601544 -0.717502 0.0 -0.60149 -0.717193 0.0 -0.601436 -0.716883 0.0 -0.601383 -0.716574 0.0 -0.601331 -0.716264 0.0 -0.601281 -0.715954 0.0 -0.601231 -0.715643 0.0 -0.601183 -0.715333 0.0 -0.601135 -0.715023 0.0 -0.601089 -0.714712 0.0 -0.601042 -0.714401 0.0 -0.600998 -0.71409 0.0 -0.600954 -0.713779 0.0 -0.600912 -0.713468 0.0 -0.600869 -0.713156 0.0 -0.600829 -0.712845 0.0 -0.600789 -0.712533 0.0 -0.60075 -0.712222 0.0 -0.600712 -0.71191 0.0 -0.600675 -0.711598 0.0 -0.600639 -0.711286 0.0 -0.600604 -0.710973 0.0 -0.60057 -0.710661 0.0 -0.600537 -0.710349 0.0 -0.600505 -0.710036 0.0 -0.600474 -0.709724 0.0 -0.600444 -0.709411 0.0 -0.600415 -0.709098 0.0 -0.600387 -0.708785 0.0 -0.60036 -0.708472 0.0 -0.600333 -0.708159 0.0 -0.600309 -0.707846 0.0 -0.600284 -0.707533 0.0 -0.600261 -0.707219 0.0 -0.600239 -0.706906 0.0 -0.600218 -0.706593 0.0 -0.600197 -0.706279 0.0 -0.600179 -0.705965 0.0 -0.60016 -0.705652 0.0 -0.600143 -0.705338 0.0 -0.600126 -0.705024 0.0 -0.600112 -0.704711 0.0 -0.600097 -0.704397 0.0 -0.600084 -0.704083 0.0 -0.600071 -0.703769 0.0 -0.60006 -0.703455 0.0 -0.600049 -0.703141 0.0 -0.60004 -0.702827 0.0 -0.600032 -0.702513 0.0 -0.600025 -0.702199 0.0 -0.600018 -0.701885 0.0 -0.600013 -0.701571 0.0 -0.600008 -0.701257 0.0 -0.600005 -0.700942 0.0 -0.600002 -0.700628 0.0 -0.600001 -0.700314 0.0 
        </DataArray>
      </Points>
      <Polys>
        <DataArray type="Int64" Name="connectivity" format="ascii">
0 1 1 2 2 3 3 4 4 5 5 6 6 7 7 8 8 9 9 10 10 11 11 12 12 13 13 14 14 15 15 16 16 17 17 18 18 19 19 20 20 21 21 22 22 23 23 24 24 25 25 26 26 27 27 28 28 29 29 30 30 31 31 32 32 33 33 34 34 35 35 36 36 37 37 38 38 39 39 40 40 41 41 42 42 43 43 44 44 45 45 46 46 47 47 48 48 49 49 50 50 51 51 52 52 53 53 54 54 55 55 56 56 57 57 58 58 59 59 60 60 61 61 62 62 63 63 64 64 65 65 66 66 67 67 68 68 69 69 70 70 71 71 72 72 73 73 74 74 75 75 76 76 77 77 78 78 79 79 80 80 81 81 82 82 83 83 84 84 85 85 86 86 87 87 88 88 89 89 90 90 91 91 92 92 93 93 94 94 95 95 96 96 97 97 98 98 99 99 100 100 101 101 102 102 103 103 104 104 105 105 106 106 107 107 108 108 109 109 110 110 111 111 112 112 113 113 114 114 115 115 116 116 117 117 118 118 119 119 120 120 121 121 122 122 123 123 124 124 125 125 126 126 127 127 128 128 129 129 130 130 131 131 132 132 133 133 134 134 135 135 136 136 137 137 138 138 139 139 140 140 141 141 142 142 143 143 144 144 145 145 146 146 147 147 148 148 149 149 150 150 151 151 152 152 153 153 154 154 155 155 156 156 157 157 158 158 159 159 160 160 161 161 162 162 163 163 164 164 165 165 166 166 167 167 168 168 169 169 170 170 171 171 172 172 173 173 174 174 175 175 176 176 177 177 178 178 179 179 180 180 181 181 182 182 183 183 184 184 185 185 186 186 187 187 188 188 189 189 190 190 191 191 192 192 193 193 194 194 195 195 196 196 197 197 198 198 199 199 200 200 201 201 202 202 203 203 204 204 205 205 206 206 207 207 208 208 209 209 210 210 211 211 212 212 213 213 214 214 215 215 216 216 217 217 218 218 219 219 220 220 221 221 222 222 223 223 224 224 225 225 226 226 227 227 228 228 229 229 230 230 231 231 232 232 233 233 234 234 235 235 236 236 237 237 238 238 239 239 240 240 241 241 242 242 243 243 244 244 245 245 246 246 247 247 248 248 249 249 250 250 251 251 252 252 253 253 254 254 255 255 256 256 257 257 258 258 259 259 260 260 261 261 262 262 263 263 264 264 265 265 266 266 267 267 268 268 269 269 270 270 271 271 272 272 273 273 274 274 275 275 276 276 277 277 278 278 279 279 280 280 281 281 282 282 283 283 284 284 285 285 286 286 287 287 288 288 289 289 290 290 291 291 292 292 293 293 294 294 295 295 296 296 297 297 298 298 299 299 300 300 301 301 302 302 303 303 304 304 305 305 306 306 307 307 308 308 309 309 310 310 311 311 312 312 313 313 314 314 315 315 316 316 317 317 318 318 319 319 320 320 321 321 322 322 323 323 324 324 325 325 326 326 327 327 328 328 329 329 330 330 331 331 332 332 333 333 334 334 335 335 336 336 337 337 338 338 339 339 340 340 341 341 342 342 343 343 344 344 345 345 346 346 347 347 348 348 349 349 350 350 351 351 352 352 353 353 354 354 355 355 356 356 357 357 358 358 359 359 360 360 361 361 362 362 363 363 364 364 365 365 366 366 367 367 368 368 369 369 370 370 371 371 372 372 373 373 374 374 375 375 376 376 377 377 378 378 379 379 380 380 381 381 382 382 383 383 384 384 385 385 386 386 387 387 388 388 389 389 390 390 391 391 392 392 393 393 394 394 395 395 396 396 397 397 398 398 399 399 400 400 401 401 402 402 403 403 404 404 405 405 406 406 407 407 408 408 409 409 410 410 411 411 412 412 413 413 414 414 415 415 416 416 417 417 418 418 419 419 420 420 421 421 422 422 423 423 424 424 425 425 426 426 427 427 428 428 429 429 430 430 431 431 432 432 433 433 434 434 435 435 436 436 437 437 438 438 439 439 440 440 441 441 442 442 443 443 444 444 445 445 446 446 447 447 448 448 449 449 450 450 451 451 452 452 453 453 454 454 455 455 456 456 457 457 458 458 459 459 460 460 461 461 462 462 463 463 464 464 465 465 466 466 467 467 468 468 469 469 470 470 471 471 472 472 473 473 474 474 475 475 476 476 477 477 478 478 479 479 480 480 481 481 482 482 483 483 484 484 485 485 486 486 487 487 488 488 489 489 490 490 491 491 492 492 493 493 494 494 495 495 496 496 497 497 498 498 499 499 500 500 501 501 502 502 503 503 504 504 505 505 506 506 507 507 508 508 509 509 510 510 511 511 512 512 513 513 514 514 515 515 516 516 517 517 518 518 519 519 520 520 521 521 522 522 523 523 524 524 525 525 526 526 527 527 528 528 529 529 530 530 531 531 532 532 533 533 534 534 535 535 536 536 537 537 538 538 539 539 540 540 541 541 542 542 543 543 544 544 545 545 546 546 547 547 548 548 549 549 550 550 551 551 552 552 553 553 554 554 555 555 556 556 557 557 558 558 559 559 560 560 561 561 562 562 563 563 564 564 565 565 566 566 567 567 568 568 569 569 570 570 571 571 572 572 573 573 574 574 575 575 576 576 577 577 578 578 579 579 580 580 581 581 582 582 583 583 584 584 585 585 586 586 587 587 588 588 589 589 590 590 591 591 592 592 593 593 594 594 595 595 596 596 597 597 598 598 599 599 600 600 601 601 602 602 603 603 604 604 605 605 606 606 607 607 608 608 609 609 610 610 611 611 612 612 613 613 614 614 615 615 616 616 617 617 618 618 619 619 620 620 621 621 622 622 623 623 624 624 625 625 626 626 627 627 628 628 629 629 630 630 631 631 632 632 633 633 634 634 635 635 636 636 637 637 638 638 639 639 640 640 641 641 642 642 643 643 644 644 645 645 646 646 647 647 648 648 649 649 650 650 651 651 652 652 653 653 654 654 655 655 656 656 657 657 658 658 659 659 660 660 661 661 662 662 663 663 664 664 665 665 666 666 667 667 668 668 669 669 670 670 671 671 672 672 673 673 674 674 675 675 676 676 677 677 678 678 679 679 680 680 681 681 682 682 683 683 684 684 685 685 686 686 687 687 688 688 689 689 690 690 691 691 692 692 693 693 694 694 695 695 696 696 697 697 698 698 699 699 700 700 701 701 702 702 703 703 704 704 705 705 706 706 707 707 708 708 709 709 710 710 711 711 712 712 713 713 714 714 715 715 716 716 717 717 718 718 719 719 720 720 721 721 722 722 723 723 724 724 725 725 726 726 727 727 728 728 729 729 730 730 731 731 732 732 733 733 734 734 735 735 736 736 737 737 738 738 739 739 740 740 741 741 742 742 743 743 744 744 745 745 746 746 747 747 748 748 749 749 750 750 751 751 752 752 753 753 754 754 755 755 756 756 757 757 758 758 759 759 760 760 761 761 762 762 763 763 764 764 765 765 766 766 767 767 768 768 769 769 770 770 771 771 772 772 773 773 774 774 775 775 776 776 777 777 778 778 779 779 780 780 781 781 782 782 783 783 784 784 785 785 786 786 787 787 788 788 789 789 790 790 791 791 792 792 793 793 794 794 795 795 796 796 797 797 798 798 799 799 800 800 801 801 802 802 803 803 804 804 805 805 806 806 807 807 808 808 809 809 810 810 811 811 812 812 813 813 814 814 815 815 816 816 817 817 818 818 819 819 820 820 821 821 822 822 823 823 824 824 825 825 826 826 827 827 828 828 829 829 830 830 831 831 832 832 833 833 834 834 835 835 836 836 837 837 838 838 839 839 840 840 841 841 842 842 843 843 844 844 845 845 846 846 847 847 848 848 849 849 850 850 851 851 852 852 853 853 854 854 855 855 856 856 857 857 858 858 859 859 860 860 861 861 862 862 863 863 864 864 865 865 866 866 867 867 868 868 869 869 870 870 871 871 872 872 873 873 874 874 875 875 876 876 877 877 878 878 879 879 880 880 881 881 882 882 883 883 884 884 885 885 886 886 887 887 888 888 889 889 890 890 891 891 892 892 893 893 894 894 895 895 896 896 897 897 898 898 899 899 900 900 901 901 902 902 903 903 904 904 905 905 906 906 907 907 908 908 909 909 910 910 911 911 912 912 913 913 914 914 915 915 916 916 917 917 918 918 919 919 920 920 921 921 922 922 923 923 924 924 925 925 926 926 927 927 928 928 929 929 930 930 931 931 932 932 933 933 934 934 935 935 936 936 937 937 938 938 939 939 940 940 941 941 942 942 943 943 944 944 945 945 946 946 947 947 948 948 949 949 950 950 951 951 952 952 953 953 954 954 955 955 956 956 957 957 958 958 959 959 960 960 961 961 962 962 963 963 964 964 965 965 966 966 967 967 968 968 969 969 970 970 971 971 972 972 973 973 974 974 975 975 976 976 977 977 978 978 979 979 980 980 981 981 982 982 983 983 984 984 985 985 986 986 987 987 988 988 989 989 990 990 991 991 992 992 993 993 994 994 995 995 996 996 997 997 998 998 999 999 1000 1000 1001 1001 1002 1002 1003 1003 1004 1004 1005 1005 1006 1006 1007 1007 1008 1008 1009 1009 1010 1010 1011 1011 1012 1012 1013 1013 1014 1014 1015 1015 1016 1016 1017 1017 1018 1018 1019 1019 1020 1020 1021 1021 1022 1022 1023 1023 1024 1024 1025 1025 1026 1026 1027 1027 1028 1028 1029 1029 1030 1030 1031 1031 1032 1032 1033 1033 1034 1034 1035 1035 1036 1036 1037 1037 1038 1038 1039 1039 1040 1040 1041 1041 1042 1042 1043 1043 1044 1044 1045 1045 1046 1046 1047 1047 1048 1048 1049 1049 1050 1050 1051 1051 1052 1052 1053 1053 1054 1054 1055 1055 1056 1056 1057 1057 1058 1058 1059 1059 1060 1060 1061 1061 1062 1062 1063 1063 1064 1064 1065 1065 1066 1066 1067 1067 1068 1068 1069 1069 1070 1070 1071 1071 1072 1072 1073 1073 1074 1074 1075 1075 1076 1076 1077 1077 1078 1078 1079 1079 1080 1080 1081 1081 1082 1082 1083 1083 1084 1084 1085 1085 1086 1086 1087 1087 1088 1088 1089 1089 1090 1090 1091 1091 1092 1092 1093 1093 1094 1094 1095 1095 1096 1096 1097 1097 1098 1098 1099 1099 1100 1100 1101 1101 1102 1102 1103 1103 1104 1104 1105 1105 1106 1106 1107 1107 1108 1108 1109 1109 1110 1110 1111 1111 1112 1112 1113 1113 1114 1114 1115 1115 1116 1116 1117 1117 1118 1118 1119 1119 1120 1120 1121 1121 1122 1122 1123 1123 1124 1124 1125 1125 1126 1126 1127 1127 1128 1128 1129 1129 1130 1130 1131 1131 1132 1132 1133 1133 1134 1134 1135 1135 1136 1136 1137 1137 1138 1138 1139 1139 1140 1140 1141 1141 1142 1142 1143 1143 1144 1144 1145 1145 1146 1146 1147 1147 1148 1148 1149 1149 1150 1150 1151 1151 1152 1152 1153 1153 1154 1154 1155 1155 1156 1156 1157 1157 1158 1158 1159 1159 1160 1160 1161 1161 1162 1162 1163 1163 1164 1164 1165 1165 1166 1166 1167 1167 1168 1168 1169 1169 1170 1170 1171 1171 1172 1172 1173 1173 1174 1174 1175 1175 1176 1176 1177 1177 1178 1178 1179 1179 1180 1180 1181 1181 1182 1182 1183 1183 1184 1184 1185 1185 1186 1186 1187 1187 1188 1188 1189 1189 1190 1190 1191 1191 1192 1192 1193 1193 1194 1194 1195 1195 1196 1196 1197 1197 1198 1198 1199 1199 1200 1200 1201 1201 1202 1202 1203 1203 1204 1204 1205 1205 1206 1206 1207 1207 1208 1208 1209 1209 1210 1210 1211 1211 1212 1212 1213 1213 1214 1214 1215 1215 1216 1216 1217 1217 1218 1218 1219 1219 1220 1220 1221 1221 1222 1222 1223 1223 1224 1224 1225 1225 1226 1226 1227 1227 1228 1228 1229 1229 1230 1230 1231 1231 1232 1232 1233 1233 1234 1234 1235 1235 1236 1236 1237 1237 1238 1238 1239 1239 1240 1240 1241 1241 1242 1242 1243 1243 1244 1244 1245 1245 1246 1246 1247 1247 1248 1248 1249 1249 1250 1250 1251 1251 1252 1252 1253 1253 1254 1254 1255 1255 1256 1256 1257 1257 1258 1258 1259 1259 1260 1260 1261 1261 1262 1262 1263 1263 1264 1264 1265 1265 1266 1266 1267 1267 1268 1268 1269 1269 1270 1270 1271 1271 1272 1272 1273 1273 1274 1274 1275 1275 1276 1276 1277 1277 1278 1278 1279 1279 1280 1280 1281 1281 1282 1282 1283 1283 1284 1284 1285 1285 1286 1286 1287 1287 1288 1288 1289 1289 1290 1290 1291 1291 1292 1292 1293 1293 1294 1294 1295 1295 1296 1296 1297 1297 1298 1298 1299 1299 1300 1300 1301 1301 1302 1302 1303 1303 1304 1304 1305 1305 1306 1306 1307 1307 1308 1308 1309 1309 1310 1310 1311 1311 1312 1312 1313 1313 1314 1314 1315 1315 1316 1316 1317 1317 1318 1318 1319 1319 1320 1320 1321 1321 1322 1322 1323 1323 1324 1324 1325 1325 1326 1326 1327 1327 1328 1328 1329 1329 1330 1330 1331 1331 1332 1332 1333 1333 1334 1334 1335 1335 1336 1336 1337 1337 1338 1338 1339 1339 1340 1340 1341 1341 1342 1342 1343 1343 1344 1344 1345 1345 1346 1346 1347 1347 1348 1348 1349 1349 1350 1350 1351 1351 1352 1352 1353 1353 1354 1354 1355 1355 1356 1356 1357 1357 1358 1358 1359 1359 1360 1360 1361 1361 1362 1362 1363 1363 1364 1364 1365 1365 1366 1366 1367 1367 1368 1368 1369 1369 1370 1370 1371 1371 1372 1372 1373 1373 1374 1374 1375 1375 1376 1376 1377 1377 1378 1378 1379 1379 1380 1380 1381 1381 1382 1382 1383 1383 1384 1384 1385 1385 1386 1386 1387 1387 1388 1388 1389 1389 1390 1390 1391 1391 1392 1392 1393 1393 1394 1394 1395 1395 1396 1396 1397 1397 1398 1398 1399 1399 1400 1400 1401 1401 1402 1402 1403 1403 1404 1404 1405 1405 1406 1406 1407 1407 1408 1408 1409 1409 1410 1410 1411 1411 1412 1412 1413 1413 1414 1414 1415 1415 1416 1416 1417 1417 1418 1418 1419 1419 1420 1420 1421 1421 1422 1422 1423 1423 1424 1424 1425 1425 1426 1426 1427 1427 1428 1428 1429 1429 1430 1430 1431 1431 1432 1432 1433 1433 1434 1434 1435 1435 1436 1436 1437 1437 1438 1438 1439 1439 1440 1440 1441 1441 1442 1442 1443 1443 1444 1444 1445 1445 1446 1446 1447 1447 1448 1448 1449 1449 1450 1450 1451 1451 1452 1452 1453 1453 1454 1454 1455 1455 1456 1456 1457 1457 1458 1458 1459 1459 1460 1460 1461 1461 1462 1462 1463 1463 1464 1464 1465 1465 1466 1466 1467 1467 1468 1468 1469 1469 1470 1470 1471 1471 1472 1472 1473 1473 1474 1474 1475 1475 1476 1476 1477 1477 1478 1478 1479 1479 1480 1480 1481 1481 1482 1482 1483 1483 1484 1484 1485 1485 1486 1486 1487 1487 1488 1488 1489 1489 1490 1490 1491 1491 1492 1492 1493 1493 1494 1494 1495 1495 1496 1496 1497 1497 1498 1498 1499 1499 1500 1500 1501 1501 1502 1502 1503 1503 1504 1504 1505 1505 1506 1506 1507 1507 1508 1508 1509 1509 1510 1510 1511 1511 1512 1512 1513 1513 1514 1514 1515 1515 1516 1516 1517 1517 1518 1518 1519 1519 1520 1520 1521 1521 1522 1522 1523 1523 1524 1524 1525 1525 1526 1526 1527 1527 1528 1528 1529 1529 1530 1530 1531 1531 1532 1532 1533 1533 1534 1534 1535 1535 1536 1536 1537 1537 1538 1538 1539 1539 1540 1540 1541 1541 1542 1542 1543 1543 1544 1544 1545 1545 1546 1546 1547 1547 1548 1548 1549 1549 1550 1550 1551 1551 1552 1552 1553 1553 1554 1554 1555 1555 1556 1556 1557 1557 1558 1558 1559 1559 1560 1560 1561 1561 1562 1562 1563 1563 1564 1564 1565 1565 1566 1566 1567 1567 1568 1568 1569 1569 1570 1570 1571 1571 1572 1572 1573 1573 1574 1574 1575 1575 1576 1576 1577 1577 1578 1578 1579 1579 1580 1580 1581 1581 1582 1582 1583 1583 1584 1584 1585 1585 1586 1586 1587 1587 1588 1588 1589 1589 1590 1590 1591 1591 1592 1592 1593 1593 1594 1594 1595 1595 1596 1596 1597 1597 1598 1598 1599 1599 1600 1600 1601 1601 1602 1602 1603 1603 1604 1604 1605 1605 1606 1606 1607 1607 1608 1608 1609 1609 1610 1610 1611 1611 1612 1612 1613 1613 1614 1614 1615 1615 1616 1616 1617 1617 1618 1618 1619 1619 1620 1620 1621 1621 1622 1622 1623 1623 1624 1624 1625 1625 1626 1626 1627 1627 1628 1628 1629 1629 1630 1630 1631 1631 1632 1632 1633 1633 1634 1634 1635 1635 1636 1636 1637 1637 1638 1638 1639 1639 1640 1640 1641 1641 1642 1642 1643 1643 1644 1644 1645 1645 1646 1646 1647 1647 1648 1648 1649 1649 1650 1650 1651 1651 1652 1652 1653 1653 1654 1654 1655 1655 1656 1656 1657 1657 1658 1658 1659 1659 1660 1660 1661 1661 1662 1662 1663 1663 1664 1664 1665 1665 1666 1666 1667 1667 1668 1668 1669 1669 1670 1670 1671 1671 1672 1672 1673 1673 1674 1674 1675 1675 1676 1676 1677 1677 1678 1678 1679 1679 1680 1680 1681 1681 1682 1682 1683 1683 1684 1684 1685 1685 1686 1686 1687 1687 1688 1688 1689 1689 1690 1690 1691 1691 1692 1692 1693 1693 1694 1694 1695 1695 1696 1696 1697 1697 1698 1698 1699 1699 1700 1700 1701 1701 1702 1702 1703 1703 1704 1704 1705 1705 1706 1706 1707 1707 1708 1708 1709 1709 1710 1710 1711 1711 1712 1712 1713 1713 1714 1714 1715 1715 1716 1716 1717 1717 1718 1718 1719 1719 1720 1720 1721 1721 1722 1722 1723 1723 1724 1724 1725 1725 1726 1726 1727 1727 1728 1728 1729 1729 1730 1730 1731 1731 1732 1732 1733 1733 1734 1734 1735 1735 1736 1736 1737 1737 1738 1738 1739 1739 1740 1740 1741 1741 1742 1742 1743 1743 1744 1744 1745 1745 1746 1746 1747 1747 1748 1748 1749 1749 1750 1750 1751 1751 1752 1752 1753 1753 1754 1754 1755 1755 1756 1756 1757 1757 1758 1758 1759 1759 1760 1760 1761 1761 1762 1762 1763 1763 1764 1764 1765 1765 1766 1766 1767 1767 1768 1768 1769 1769 1770 1770 1771 1771 1772 1772 1773 1773 1774 1774 1775 1775 1776 1776 1777 1777 1778 1778 1779 1779 1780 1780 1781 1781 1782 1782 1783 1783 1784 1784 1785 1785 1786 1786 1787 1787 1788 1788 1789 1789 1790 1790 1791 1791 1792 1792 1793 1793 1794 1794 1795 1795 1796 1796 1797 1797 1798 1798 1799 1799 1800 1800 1801 1801 1802 1802 1803 1803 1804 1804 1805 1805 1806 1806 1807 1807 1808 1808 1809 1809 1810 1810 1811 1811 1812 1812 1813 1813 1814 1814 1815 1815 1816 1816 1817 1817 1818 1818 1819 1819 1820 1820 1821 1821 1822 1822 1823 1823 1824 1824 1825 1825 1826 1826 1827 1827 1828 1828 1829 1829 1830 1830 1831 1831 1832 1832 1833 1833 1834 1834 1835 1835 1836 1836 1837 1837 1838 1838 1839 1839 1840 1840 1841 1841 1842 1842 1843 1843 1844 1844 1845 1845 1846 1846 1847 1847 1848 1848 1849 1849 1850 1850 1851 1851 1852 1852 1853 1853 1854 1854 1855 1855 1856 1856 1857 1857 1858 1858 1859 1859 1860 1860 1861 1861 1862 1862 1863 1863 1864 1864 1865 1865 1866 1866 1867 1867 1868 1868 1869 1869 1870 1870 1871 1871 1872 1872 1873 1873 1874 1874 1875 1875 1876 1876 1877 1877 1878 1878 1879 1879 1880 1880 1881 1881 1882 1882 1883 1883 1884 1884 1885 1885 1886 1886 1887 1887 1888 1888 1889 1889 1890 1890 1891 1891 1892 1892 1893 1893 1894 1894 1895 1895 1896 1896 1897 1897 1898 1898 1899 1899 1900 1900 1901 1901 1902 1902 1903 1903 1904 1904 1905 1905 1906 1906 1907 1907 1908 1908 1909 1909 1910 1910 1911 1911 1912 1912 1913 1913 1914 1914 1915 1915 1916 1916 1917 1917 1918 1918 1919 1919 1920 1920 1921 1921 1922 1922 1923 1923 1924 1924 1925 1925 1926 1926 1927 1927 1928 1928 1929 1929 1930 1930 1931 1931 1932 1932 1933 1933 1934 1934 1935 1935 1936 1936 1937 1937 1938 1938 1939 1939 1940 1940 1941 1941 1942 1942 1943 1943 1944 1944 1945 1945 1946 1946 1947 1947 1948 1948 1949 1949 1950 1950 1951 1951 1952 1952 1953 1953 1954 1954 1955 1955 1956 1956 1957 1957 1958 1958 1959 1959 1960 1960 1961 1961 1962 1962 1963 1963 1964 1964 1965 1965 1966 1966 1967 1967 1968 1968 1969 1969 1970 1970 1971 1971 1972 1972 1973 1973 1974 1974 1975 1975 1976 1976 1977 1977 1978 1978 1979 1979 1980 1980 1981 1981 1982 1982 1983 1983 1984 1984 1985 1985 1986 1986 1987 1987 1988 1988 1989 1989 1990 1990 1991 1991 1992 1992 1993 1993 1994 1994 1995 1995 1996 1996 1997 1997 1998 1998 1999 1999 0 
        </DataArray>
        <DataArray type="Int64" Name="offsets" format="ascii">
2 4 6 8 10 12 14 16 18 20 22 24 26 28 30 32 34 36 38 40 42 44 46 48 50 52 54 56 58 60 62 64 66 68 70 72 74 76 78 80 82 84 86 88 90 92 94 96 98 100 102 104 106 108 110 112 114 116 118 120 122 124 126 128 130 132 134 136 138 140 142 144 146 148 150 152 154 156 158 160 162 164 166 168 170 172 174 176 178 180 182 184 186 188 190 192 194 196 198 200 202 204 206 208 210 212 214 216 218 220 222 224 226 228 230 232 234 236 238 240 242 244 246 248 250 252 254 256 258 260 262 264 266 268 270 272 274 276 278 280 282 284 286 288 290 292 294 296 298 300 302 304 306 308 310 312 314 316 318 320 322 324 326 328 330 332 334 336 338 340 342 344 346 348 350 352 354 356 358 360 362 364 366 368 370 372 374 376 378 380 382 384 386 388 390 392 394 396 398 400 402 404 406 408 410 412 414 416 418 420 422 424 426 428 430 432 434 436 438 440 442 444 446 448 450 452 454 456 458 460 462 464 466 468 470 472 474 476 478 480 482 484 486 488 490 492 494 496 498 500 502 504 506 508 510 512 514 516 518 520 522 524 526 528 530 532 534 536 538 540 542 544 546 548 550 552 554 556 558 560 562 564 566 568 570 572 574 576 578 580 582 584 586 588 590 592 594 596 598 600 602 604 606 608 610 612 614 616 618 620 622 624 626 628 630 632 634 636 638 640 642 644 646 648 650 652 654 656 658 660 662 664 666 668 670 672 674 676 678 680 682 684 686 688 690 692 694 696 698 700 702 704 706 708 710 712 714 716 718 720 722 724 726 728 730 732 734 736 738 740 742 744 746 748 750 752 754 756 758 760 762 764 766 768 770 772 774 776 778 780 782 784 786 788 790 792 794 796 798 800 802 804 806 808 810 812 814 816 818 820 822 824 826 828 830 832 834 836 838 840 842 844 846 848 850 852 854 856 858 860 862 864 866 868 870 872 874 876 878 880 882 884 886 888 890 892 894 896 898 900 902 904 906 908 910 912 914 916 918 920 922 924 926 928 930 932 934 936 938 940 942 944 946 948 950 952 954 956 958 960 962 964 966 968 970 972 974 976 978 980 982 984 986 988 990 992 994 996 998 1000 1002 1004 1006 1008 1010 1012 1014 1016 1018 1020 1022 1024 1026 1028 1030 1032 1034 1036 1038 1040 1042 1044 1046 1048 1050 1052 1054 1056 1058 1060 1062 1064 1066 1068 1070 1072 1074 1076 1078 1080 1082 1084 1086 1088 1090 1092 1094 1096 1098 1100 1102 1104 1106 1108 1110 1112 1114 1116 1118 1120 1122 1124 1126 1128 1130 1132 1134 1136 1138 1140 1142 1144 1146 1148 1150 1152 1154 1156 1158 1160 1162 1164 1166 1168 1170 1172 1174 1176 1178 1180 1182 1184 1186 1188 1190 1192 1194 1196 1198 1200 1202 1204 1206 1208 1210 1212 1214 1216 1218 1220 1222 1224 1226 1228 1230 1232 1234 1236 1238 1240 1242 1244 1246 1248 1250 1252 1254 1256 1258 1260 1262 1264 1266 1268 1270 1272 1274 1276 1278 1280 1282 1284 1286 1288 1290 1292 1294 1296 1298 1300 1302 1304 1306 1308 1310 1312 1314 1316 1318 1320 1322 1324 1326 1328 1330 1332 1334 1336 1338 1340 1342 1344 1346 1348 1350 1352 1354 1356 1358 1360 1362 1364 1366 1368 1370 1372 1374 1376 1378 1380 1382 1384 1386 1388 1390 1392 1394 1396 1398 1400 1402 1404 1406 1408 1410 1412 1414 1416 1418 1420 1422 1424 1426 1428 1430 1432 1434 1436 1438 1440 1442 1444 1446 1448 1450 1452 1454 1456 1458 1460 1462 1464 1466 1468 1470 1472 1474 1476 1478 1480 1482 1484 1486 1488 1490 1492 1494 1496 1498 1500 1502 1504 1506 1508 1510 1512 1514 1516 1518 1520 1522 1524 1526 1528 1530 1532 1534 1536 1538 1540 1542 1544 1546 1548 1550 1552 1554 1556 1558 1560 1562 1564 1566 1568 1570 1572 1574 1576 1578 1580 1582 1584 1586 1588 1590 1592 1594 1596 1598 1600 1602 1604 1606 1608 1610 1612 1614 1616 1618 1620 1622 1624 1626 1628 1630 1632 1634 1636 1638 1640 1642 1644 1646 1648 1650 1652 1654 1656 1658 1660 1662 1664 1666 1668 1670 1672 1674 1676 1678 1680 1682 1684 1686 1688 1690 1692 1694 1696 1698 1700 1702 1704 1706 1708 1710 1712 1714 1716 1718 1720 1722 1724 1726 1728 1730 1732 1734 1736 1738 1740 1742 1744 1746 1748 1750 1752 1754 1756 1758 1760 1762 1764 1766 1768 1770 1772 1774 1776 1778 1780 1782 1784 1786 1788 1790 1792 1794 1796 1798 1800 1802 1804 1806 1808 1810 1812 1814 1816 1818 1820 1822 1824 1826 1828 1830 1832 1834 1836 1838 1840 1842 1844 1846 1848 1850 1852 1854 1856 1858 1860 1862 1864 1866 1868 1870 1872 1874 1876 1878 1880 1882 1884 1886 1888 1890 1892 1894 1896 1898 1900 1902 1904 1906 1908 1910 1912 1914 1916 1918 1920 1922 1924 1926 1928 1930 1932 1934 1936 1938 1940 1942 1944 1946 1948 1950 1952 1954 1956 1958 1960 1962 1964 1966 1968 1970 1972 1974 1976 1978 1980 1982 1984 1986 1988 1990 1992 1994 1996 1998 2000 2002 2004 2006 2008 2010 2012 2014 2016 2018 2020 2022 2024 2026 2028 2030 2032 2034 2036 2038 2040 2042 2044 2046 2048 2050 2052 2054 2056 2058 2060 2062 2064 2066 2068 2070 2072 2074 2076 2078 2080 2082 2084 2086 2088 2090 2092 2094 2096 2098 2100 2102 2104 2106 2108 2110 2112 2114 2116 2118 2120 2122 2124 2126 2128 2130 2132 2134 2136 2138 2140 2142 2144 2146 2148 2150 2152 2154 2156 2158 2160 2162 2164 2166 2168 2170 2172 2174 2176 2178 2180 2182 2184 2186 2188 2190 2192 2194 2196 2198 2200 2202 2204 2206 2208 2210 2212 2214 2216 2218 2220 2222 2224 2226 2228 2230 2232 2234 2236 2238 2240 2242 2244 2246 2248 2250 2252 2254 2256 2258 2260 2262 2264 2266 2268 2270 2272 2274 2276 2278 2280 2282 2284 2286 2288 2290 2292 2294 2296 2298 2300 2302 2304 2306 2308 2310 2312 2314 2316 2318 2320 2322 2324 2326 2328 2330 2332 2334 2336 2338 2340 2342 2344 2346 2348 2350 2352 2354 2356 2358 2360 2362 2364 2366 2368 2370 2372 2374 2376 2378 2380 2382 2384 2386 2388 2390 2392 2394 2396 2398 2400 2402 2404 2406 2408 2410 2412 2414 2416 2418 2420 2422 2424 2426 2428 2430 2432 2434 2436 2438 2440 2442 2444 2446 2448 2450 2452 2454 2456 2458 2460 2462 2464 2466 2468 2470 2472 2474 2476 2478 2480 2482 2484 2486 2488 2490 2492 2494 2496 2498 2500 2502 2504 2506 2508 2510 2512 2514 2516 2518 2520 2522 2524 2526 2528 2530 2532 2534 2536 2538 2540 2542 2544 2546 2548 2550 2552 2554 2556 2558 2560 2562 2564 2566 2568 2570 2572 2574 2576 2578 2580 2582 2584 2586 2588 2590 2592 2594 2596 2598 2600 2602 2604 2606 2608 2610 2612 2614 2616 2618 2620 2622 2624 2626 2628 2630 2632 2634 2636 2638 2640 2642 2644 2646 2648 2650 2652 2654 2656 2658 2660 2662 2664 2666 2668 2670 2672 2674 2676 2678 2680 2682 2684 2686 2688 2690 2692 2694 2696 2698 2700 2702 2704 2706 2708 2710 2712 2714 2716 2718 2720 2722 2724 2726 2728 2730 2732 2734 2736 2738 2740 2742 2744 2746 2748 2750 2752 2754 2756 2758 2760 2762 2764 2766 2768 2770 2772 2774 2776 2778 2780 2782 2784 2786 2788 2790 2792 2794 2796 2798 2800 2802 2804 2806 2808 2810 2812 2814 2816 2818 2820 2822 2824 2826 2828 2830 2832 2834 2836 2838 2840 2842 2844 2846 2848 2850 2852 2854 2856 2858 2860 2862 2864 2866 2868 2870 2872 2874 2876 2878 2880 2882 2884 2886 2888 2890 2892 2894 2896 2898 2900 2902 2904 2906 2908 2910 2912 2914 2916 2918 2920 2922 2924 2926 2928 2930 2932 2934 2936 2938 2940 2942 2944 2946 2948 2950 2952 2954 2956 2958 2960 2962 2964 2966 2968 2970 2972 2974 2976 2978 2980 2982 2984 2986 2988 2990 2992 2994 2996 2998 3000 3002 3004 3006 3008 3010 3012 3014 3016 3018 3020 3022 3024 3026 3028 3030 3032 3034 3036 3038 3040 3042 3044 3046 3048 3050 3052 3054 3056 3058 3060 3062 3064 3066 3068 3070 3072 3074 3076 3078 3080 3082 3084 3086 3088 3090 3092 3094 3096 3098 3100 3102 3104 3106 3108 3110 3112 3114 3116 3118 3120 3122 3124 3126 3128 3130 3132 3134 3136 3138 3140 3142 3144 3146 3148 3150 3152 3154 3156 3158 3160 3162 3164 3166 3168 3170 3172 3174 3176 3178 3180 3182 3184 3186 3188 3190 3192 3194 3196 3198 3200 3202 3204 3206 3208 3210 3212 3214 3216 3218 3220 3222 3224 3226 3228 3230 3232 3234 3236 3238 3240 3242 3244 3246 3248 3250 3252 3254 3256 3258 3260 3262 3264 3266 3268 3270 3272 3274 3276 3278 3280 3282 3284 3286 3288 3290 3292 3294 3296 3298 3300 3302 3304 3306 3308 3310 3312 3314 3316 3318 3320 3322 3324 3326 3328 3330 3332 3334 3336 3338 3340 3342 3344 3346 3348 3350 3352 3354 3356 3358 3360 3362 3364 3366 3368 3370 3372 3374 3376 3378 3380 3382 3384 3386 3388 3390 3392 3394 3396 3398 3400 3402 3404 3406 3408 3410 3412 3414 3416 3418 3420 3422 3424 3426 3428 3430 3432 3434 3436 3438 3440 3442 3444 3446 3448 3450 3452 3454 3456 3458 3460 3462 3464 3466 3468 3470 3472 3474 3476 3478 3480 3482 3484 3486 3488 3490 3492 3494 3496 3498 3500 3502 3504 3506 3508 3510 3512 3514 3516 3518 3520 3522 3524 3526 3528 3530 3532 3534 3536 3538 3540 3542 3544 3546 3548 3550 3552 3554 3556 3558 3560 3562 3564 3566 3568 3570 3572 3574 3576 3578 3580 3582 3584 3586 3588 3590 3592 3594 3596 3598 3600 3602 3604 3606 3608 3610 3612 3614 3616 3618 3620 3622 3624 3626 3628 3630 3632 3634 3636 3638 3640 3642 3644 3646 3648 3650 3652 3654 3656 3658 3660 3662 3664 3666 3668 3670 3672 3674 3676 3678 3680 3682 3684 3686 3688 3690 3692 3694 3696 3698 3700 3702 3704 3706 3708 3710 3712 3714 3716 3718 3720 3722 3724 3726 3728 3730 3732 3734 3736 3738 3740 3742 3744 3746 3748 3750 3752 3754 3756 3758 3760 3762 3764 3766 3768 3770 3772 3774 3776 3778 3780 3782 3784 3786 3788 3790 3792 3794 3796 3798 3800 3802 3804 3806 3808 3810 3812 3814 3816 3818 3820 3822 3824 3826 3828 3830 3832 3834 3836 3838 3840 3842 3844 3846 3848 3850 3852 3854 3856 3858 3860 3862 3864 3866 3868 3870 3872 3874 3876 3878 3880 3882 3884 3886 3888 3890 3892 3894 3896 3898 3900 3902 3904 3906 3908 3910 3912 3914 3916 3918 3920 3922 3924 3926 3928 3930 3932 3934 3936 3938 3940 3942 3944 3946 3948 3950 3952 3954 3956 3958 3960 3962 3964 3966 3968 3970 3972 3974 3976 3978 3980 3982 3984 3986 3988 3990 3992 3994 3996 3998 4000 
        </DataArray>
      </Polys>
      <CellData Scalars="Pressure">
        <DataArray type="Float64" Name="Pressure" format="ascii">
727835 726253 724616 723018 721388 719804 718177 716534 714774 713047 711174 709180 707127 705928 706751 707602 705289 701803 698323 695107 694092 693187 692372 691333 690277 689245 688059 686879 685686 684397 683057 681743 680500 679329 678155 676963 675726 674519 673350 672260 671168 670118 669083 666978 665752 664388 662980 661339 660016 658775 657561 656034 654494 652992 651598 650262 648927 647584 646220 644893 643563 642263 641183 640338 639664 639060 639833 638622 637239 635863 635108 634614 634394 634814 635294 635819 632042 631571 630982 629381 628831 628542 628196 627634 627070 626411 625546 624758 626237 626411 626697 626149 619321 616758 614634 615374 617690 620468 622237 621531 621608 619801 620323 621236 622575 622623 622634 622649 622547 623697 623541 623691 624403 625156 625933 626486 627046 626909 627485 628010 628512 629237 629848 630517 631215 631713 631729 632193 632926 633357 633819 634228 634551 634830 635114 635493 635907 636341 636873 637534 638340 635800 633708 631432 630954 633529 634254 634975 634278 635339 634904 631894 631642 631666 631968 632633 632764 632874 632983 633349 633624 633328 633545 633313 633139 633031 632777 632210 631826 631493 631080 630743 630471 629879 629577 629283 629228 629086 628972 628746 628966 629141 629378 629668 629891 629743 629978 630295 630596 630892 631194 631534 631920 632313 632725 632710 631901 631967 631288 629431 629057 630050 633076 637445 641587 645366 647889 646527 645414 644589 643713 642964 641683 640905 641702 641440 640161 639977 640295 639991 639597 638777 638795 638509 638192 637852 637474 637044 636543 635989 635261 634348 633295 632130 630826 629225 627810 626375 625182 623512 621309 619449 617570 615865 613765 611842 609808 607641 605709 604055 602218 600167 598576 597491 596151 595015 593541 592939 592001 590845 590261 588512 585443 583254 582693 579187 578252 577409 577052 577296 583417 591185 596946 600515 600036 597457 595361 593816 593040 592156 591480 590887 590420 589659 588358 587370 586647 585622 584591 583379 582348 581262 580169 579105 578259 577583 576934 576334 575761 574865 573959 572964 572149 572319 569807 569795 568288 566920 565646 568666 575203 580635 585146 584119 581144 576853 573949 572530 570954 569274 567600 565766 564033 562320 560633 559297 557975 556571 555087 553699 552360 551543 550469 549437 548305 546424 544531 542687 540932 538214 535506 532668 529300 525885 522327 517590 513224 509367 505887 514523 510592 507970 505818 504350 503177 502058 503471 504921 503382 513141 505844 495616 455275 334977 209799 83844.7 48612.3 42991.8 38675 37630.9 38659.4 39427.8 41388.7 42152 41120.8 41935.1 42978.9 43899.7 44640.5 45950.2 46739.7 47494.4 48246.4 47070.2 48033.5 48891 49955.8 50852.9 51556.1 53520.1 54442.2 52754.9 53734.6 54839.4 55879 56831.9 58055.4 59045.1 59836.4 62083 62998.2 61645 62754 63928.9 65004.8 66095.5 67324.2 68270.2 70726.6 72705.8 74785 76829.4 71826.5 74110.9 76393.5 78863.9 81363.9 83671.2 86091.2 88437.5 90508.4 93164 93568.8 93861.9 96103.9 97419.8 98499.7 99313.1 99810.7 100060 100078 101459 102569 102931 93721.8 93518.1 93823.7 94763.8 91662 93322.3 94929 96398.9 97853.7 99267.8 100736 102126 103504 104939 106296 107530 108785 109861 110792 114188 115295 116439 117925 114234 115719 117424 119324 121233 123378 125685 128069 130578 133359 136132 139140 142445 145794 149097 152471 155711 158909 161741 164371 166717 168310 169639 170766 171759 172296 172384 161376 160053 158784 160061 162393 164650 166553 168173 169822 171441 173106 174721 176380 178002 179652 181181 182637 184048 185457 186774 188112 189445 190908 192323 193754 195107 196477 197834 199469 201049 197112 198815 200549 202259 204039 205790 207567 209308 211072 212805 214642 216458 218284 220288 222444 224563 226696 228759 230828 233047 235548 237998 240465 242837 245214 247670 250629 253538 256477 264938 267803 270596 273484 276247 279075 275294 278830 282415 285553 288449 291348 294776 298716 302766 306924 311164 315782 320237 325264 329186 327994 329923 332232 334823 337263 339577 341841 344704 347893 351277 354782 358252 367300 370741 374259 377678 374614 378958 383625 388007 390974 393765 396526 400262 410493 414118 410430 413803 417473 420801 423842 426749 430255 434731 439449 450139 453644 456945 460853 458220 463784 469449 474780 479856 485153 494852 498459 501833 498596 502894 507317 511721 516349 528388 533023 529650 535127 540562 546481 553624 560856 567942 584921 591024 597168 589262 602546 616148 629977 642161 666602 669879 666650 651563 635535 625539 625539 625539 628122 624669 627817 631461 636024 641323 652152 650406 654570 659219 664512 667830 669824 677185 672711 676207 680047 684108 687548 697416 700191 694804 701175 707944 715337 727424 731084 734603 740969 738491 745753 763210 761532 772897 784824 796925 811288 840784 855909 858525 904399 951863 1.0025e+06 1.05305e+06 1.10253e+06 1.15134e+06 1.20111e+06 1.18896e+06 1.1491e+06 1.07103e+06 1.02859e+06 995046 964404 937675 920378 918511 917616 917725 918340 928086 930607 932839 929401 930962 937401 938615 933524 933751 934177 942346 935556 936998 938707 940626 957356 961943 965492 970798 957254 984629 994401 1.03967e+06 1.0494e+06 1.11207e+06 1.22592e+06 1.2624e+06 1.32961e+06 1.36255e+06 1.38785e+06 1.37687e+06 1.37399e+06 1.36218e+06 1.35181e+06 1.34489e+06 1.33502e+06 1.32765e+06 1.32062e+06 1.31416e+06 1.30696e+06 1.29996e+06 1.29381e+06 1.28869e+06 1.2845e+06 1.28134e+06 1.2788e+06 1.27694e+06 1.27572e+06 1.27542e+06 1.27501e+06 1.27434e+06 1.27337e+06 1.27173e+06 1.26861e+06 1.2646e+06 1.25959e+06 1.25215e+06 1.24499e+06 1.24349e+06 1.2476e+06 1.25718e+06 1.28576e+06 1.30712e+06 1.32526e+06 1.33961e+06 1.33358e+06 1.32824e+06 1.31902e+06 1.31165e+06 1.30833e+06 1.30459e+06 1.30369e+06 1.30352e+06 1.30608e+06 1.30805e+06 1.30784e+06 1.31014e+06 1.31514e+06 1.31779e+06 1.32061e+06 1.32062e+06 1.32304e+06 1.32508e+06 1.32685e+06 1.32829e+06 1.32965e+06 1.32971e+06 1.32883e+06 1.32705e+06 1.3418e+06 1.31184e+06 1.31085e+06 1.31322e+06 1.35134e+06 1.36014e+06 1.35114e+06 1.36639e+06 1.41033e+06 1.44605e+06 1.47516e+06 1.52156e+06 1.52949e+06 1.53668e+06 1.54337e+06 1.53725e+06 1.54395e+06 1.54288e+06 1.54287e+06 1.54219e+06 1.54458e+06 1.54647e+06 1.5523e+06 1.55109e+06 1.54881e+06 1.54621e+06 1.54639e+06 1.52856e+06 1.52256e+06 1.51994e+06 1.54522e+06 1.54686e+06 1.54779e+06 1.53908e+06 1.56067e+06 1.5848e+06 1.60681e+06 1.61527e+06 1.62102e+06 1.62242e+06 1.62099e+06 1.62209e+06 1.6248e+06 1.62806e+06 1.63078e+06 1.63306e+06 1.63465e+06 1.6368e+06 1.64223e+06 1.64538e+06 1.64767e+06 1.64954e+06 1.6444e+06 1.63912e+06 1.63389e+06 1.63319e+06 1.63027e+06 1.62737e+06 1.62109e+06 1.61549e+06 1.61053e+06 1.60644e+06 1.60981e+06 1.61184e+06 1.61437e+06 1.61133e+06 1.61315e+06 1.6152e+06 1.61756e+06 1.627e+06 1.63121e+06 1.63533e+06 1.63233e+06 1.63245e+06 1.63298e+06 1.63392e+06 1.65365e+06 1.64893e+06 1.65228e+06 1.65606e+06 1.64492e+06 1.64655e+06 1.64776e+06 1.64106e+06 1.6352e+06 1.63037e+06 1.64421e+06 1.64386e+06 1.61982e+06 1.64025e+06 1.68071e+06 1.71766e+06 1.75675e+06 1.76329e+06 1.76165e+06 1.76134e+06 1.76186e+06 1.76682e+06 1.77197e+06 1.77707e+06 1.78228e+06 1.7875e+06 1.79543e+06 1.79962e+06 1.80372e+06 1.80594e+06 1.80841e+06 1.81087e+06 1.81339e+06 1.81453e+06 1.81538e+06 1.81631e+06 1.82085e+06 1.8209e+06 1.82084e+06 1.81796e+06 1.81802e+06 1.8183e+06 1.81903e+06 1.82213e+06 1.82535e+06 1.82859e+06 1.83279e+06 1.83727e+06 1.84205e+06 1.85032e+06 1.8527e+06 1.85791e+06 1.86434e+06 1.87163e+06 1.87898e+06 1.8857e+06 1.89159e+06 1.89769e+06 1.90987e+06 1.91634e+06 1.92303e+06 1.9296e+06 1.93507e+06 1.93621e+06 1.94091e+06 1.9453e+06 1.94979e+06 1.9543e+06 1.95936e+06 1.96456e+06 1.96985e+06 1.97427e+06 1.97819e+06 1.98235e+06 1.9934e+06 1.99954e+06 2.00592e+06 2.01223e+06 2.01822e+06 2.02013e+06 2.02601e+06 2.03257e+06 2.03927e+06 2.04589e+06 2.05278e+06 2.05953e+06 2.06634e+06 2.07229e+06 2.07821e+06 2.08403e+06 2.08995e+06 2.09573e+06 2.10157e+06 2.10632e+06 2.11053e+06 2.11467e+06 2.1216e+06 2.1259e+06 2.13036e+06 2.13439e+06 2.13745e+06 2.13834e+06 2.14123e+06 2.14389e+06 2.1466e+06 2.14912e+06 2.15107e+06 2.15297e+06 2.15481e+06 2.15592e+06 2.15705e+06 2.15815e+06 2.15843e+06 2.1587e+06 2.15896e+06 2.15881e+06 2.15862e+06 2.15844e+06 2.15738e+06 2.15617e+06 2.15492e+06 2.15385e+06 2.15281e+06 2.15178e+06 2.15028e+06 2.14859e+06 2.14687e+06 2.14522e+06 2.14358e+06 2.14195e+06 2.13962e+06 2.13667e+06 2.13367e+06 2.13087e+06 2.12823e+06 2.12562e+06 2.12273e+06 2.11944e+06 2.11609e+06 2.11296e+06 2.11029e+06 2.10765e+06 2.10488e+06 2.10172e+06 2.09851e+06 2.09538e+06 2.09252e+06 2.0897e+06 2.08683e+06 2.08391e+06 2.08095e+06 2.07804e+06 2.07514e+06 2.0723e+06 2.0694e+06 2.06659e+06 2.06373e+06 2.06092e+06 2.05812e+06 2.05537e+06 2.05257e+06 2.04979e+06 2.04695e+06 2.04416e+06 2.04138e+06 2.03869e+06 2.03595e+06 2.03349e+06 2.03066e+06 2.0279e+06 2.02526e+06 2.02286e+06 2.02041e+06 2.01822e+06 2.0156e+06 2.01303e+06 2.01043e+06 2.00796e+06 2.00544e+06 2.00295e+06 2.00049e+06 1.99808e+06 1.99564e+06 1.99319e+06 1.99069e+06 1.98823e+06 1.98582e+06 1.98349e+06 1.98113e+06 1.97803e+06 1.97562e+06 1.97326e+06 1.97129e+06 1.96908e+06 1.9669e+06 1.96479e+06 1.96265e+06 1.96057e+06 1.95846e+06 1.95632e+06 1.95412e+06 1.95192e+06 1.94954e+06 1.94723e+06 1.94491e+06 1.94146e+06 1.93894e+06 1.9365e+06 1.93401e+06 1.93086e+06 1.92775e+06 1.92447e+06 1.921e+06 1.91762e+06 1.91409e+06 1.91049e+06 1.90688e+06 1.90336e+06 1.89872e+06 1.89525e+06 1.89211e+06 1.88832e+06 1.88455e+06 1.88094e+06 1.87771e+06 1.87454e+06 1.87125e+06 1.86763e+06 1.86362e+06 1.85922e+06 1.85642e+06 1.8536e+06 1.85074e+06 1.84793e+06 1.84513e+06 1.84233e+06 1.83946e+06 1.8366e+06 1.83358e+06 1.82951e+06 1.82822e+06 1.82528e+06 1.82216e+06 1.8207e+06 1.82192e+06 1.82318e+06 1.82403e+06 1.82139e+06 1.81573e+06 1.81387e+06 1.81504e+06 1.81492e+06 1.81487e+06 1.81432e+06 1.81323e+06 1.81213e+06 1.81084e+06 1.81209e+06 1.8133e+06 1.81368e+06 1.81699e+06 1.81609e+06 1.81484e+06 1.81496e+06 1.81541e+06 1.81702e+06 1.81945e+06 1.81869e+06 1.81772e+06 1.81658e+06 1.81635e+06 1.81646e+06 1.81559e+06 1.81534e+06 1.81359e+06 1.81186e+06 1.81011e+06 1.8087e+06 1.80736e+06 1.80584e+06 1.80377e+06 1.80107e+06 1.79833e+06 1.79565e+06 1.79289e+06 1.79027e+06 1.78698e+06 1.78382e+06 1.77981e+06 1.77605e+06 1.77249e+06 1.76975e+06 1.76745e+06 1.76293e+06 1.76058e+06 1.75648e+06 1.75264e+06 1.74997e+06 1.75439e+06 1.76205e+06 1.75935e+06 1.73765e+06 1.71512e+06 1.69592e+06 1.67942e+06 1.67223e+06 1.66661e+06 1.6582e+06 1.6159e+06 1.60376e+06 1.59455e+06 1.606e+06 1.5899e+06 1.58736e+06 1.58457e+06 1.58141e+06 1.57682e+06 1.57643e+06 1.57243e+06 1.56336e+06 1.55909e+06 1.55538e+06 1.55501e+06 1.54639e+06 1.54118e+06 1.5366e+06 1.53252e+06 1.52796e+06 1.52725e+06 1.52289e+06 1.51195e+06 1.50644e+06 1.50136e+06 1.50044e+06 1.48989e+06 1.48343e+06 1.47742e+06 1.47206e+06 1.47088e+06 1.46566e+06 1.46369e+06 1.45368e+06 1.44212e+06 1.44273e+06 1.43822e+06 1.43348e+06 1.42192e+06 1.4178e+06 1.42031e+06 1.417e+06 1.40738e+06 1.40489e+06 1.40309e+06 1.40785e+06 1.40081e+06 1.40001e+06 1.39961e+06 1.39961e+06 1.39875e+06 1.39772e+06 1.39692e+06 1.39638e+06 1.39554e+06 1.39966e+06 1.40324e+06 1.39646e+06 1.38862e+06 1.3925e+06 1.39072e+06 1.38792e+06 1.37925e+06 1.3765e+06 1.37945e+06 1.37691e+06 1.36865e+06 1.36659e+06 1.36501e+06 1.36942e+06 1.36319e+06 1.36279e+06 1.36279e+06 1.36861e+06 1.37017e+06 1.36755e+06 1.37078e+06 1.37978e+06 1.38393e+06 1.38402e+06 1.39174e+06 1.40136e+06 1.4189e+06 1.43479e+06 1.45442e+06 1.47562e+06 1.49978e+06 1.49263e+06 1.50983e+06 1.48196e+06 1.40512e+06 1.35179e+06 1.25392e+06 1.11045e+06 1.08852e+06 1.07193e+06 990160 933206 907201 887824 868555 850021 833087 829909 826863 824048 831463 820764 820157 819716 827379 827106 822065 823309 830970 832041 832102 825411 832173 837905 829241 829783 830843 880858 951004 1.03894e+06 1.12571e+06 1.20487e+06 1.25025e+06 1.28147e+06 1.26749e+06 1.21177e+06 1.10643e+06 1.04308e+06 1.00429e+06 968923 935463 928078 893948 879817 866105 864840 856174 843000 836254 829171 822053 815211 816311 803108 797824 792758 795487 792507 789706 781058 774071 767253 760377 762141 756358 745512 740277 734130 727856 721775 722024 709816 703714 697649 689014 680199 671354 671679 710081 739671 767527 769962 771463 774614 776567 733311 704945 678728 660118 641705 622880 626023 602564 593555 584575 578666 572431 566073 569306 566412 557348 552664 546477 540860 544424 540427 536789 533191 523134 519681 516223 512214 507675 503540 507912 504095 492604 488674 485834 483012 479939 476218 472237 468535 470861 460423 455853 451506 448190 444823 441297 437049 432865 429041 432363 421370 417276 413693 410811 407867 404604 400581 396544 392625 396599 394741 387772 384824 381530 378375 375662 373272 370789 367802 364135 360747 364256 361572 358806 350408 347597 344839 342041 338985 335881 332862 330427 328158 325766 322892 319783 316862 320313 317707 314993 306949 304163 301421 298580 295602 292597 289711 287300 284894 282415 280167 277873 275602 272639 269708 266821 271096 269007 266917 264756 262650 260470 253415 251099 248821 246408 243919 241394 239071 236990 234919 232787 230666 228497 226324 223970 221649 219313 217313 215260 213220 211064 208932 206752 204855 202934 201029 199028 197040 195009 193161 191325 189508 187646 185803 183919 181990 179970 177971 176021 174189 172317 170445 168502 166579 164715 163079 161410 159623 157335 155062 153312 154768 156412 172121 403815 632576 866045 936911 1.00481e+06 1.07081e+06 1.07726e+06 1.07556e+06 1.07382e+06 1.07653e+06 1.08044e+06 1.08423e+06 1.08621e+06 1.0832e+06 1.08467e+06 1.08668e+06 1.08891e+06 1.09104e+06 1.09369e+06 1.09549e+06 1.09736e+06 1.09924e+06 1.10116e+06 1.10305e+06 1.105e+06 1.10702e+06 1.10909e+06 1.11097e+06 1.11197e+06 1.11296e+06 1.11395e+06 1.1145e+06 1.11512e+06 1.1158e+06 1.11627e+06 1.11556e+06 1.11592e+06 1.11628e+06 1.1168e+06 1.11747e+06 1.11683e+06 1.11705e+06 1.11727e+06 1.11779e+06 1.11864e+06 1.11952e+06 1.11996e+06 1.11959e+06 1.1193e+06 1.1192e+06 1.11952e+06 1.12172e+06 1.12143e+06 1.12018e+06 1.11906e+06 1.11833e+06 1.11778e+06 1.11781e+06 1.11778e+06 1.11785e+06 1.11811e+06 1.11851e+06 1.11895e+06 1.11926e+06 1.11966e+06 1.11961e+06 1.11982e+06 1.12002e+06 1.12017e+06 1.11991e+06 1.1196e+06 1.11926e+06 1.1186e+06 1.11793e+06 1.11727e+06 1.11663e+06 1.1154e+06 1.11417e+06 1.1124e+06 1.11131e+06 1.1102e+06 1.10911e+06 1.10807e+06 1.10703e+06 1.10596e+06 1.10573e+06 1.10479e+06 1.10392e+06 1.10254e+06 1.10176e+06 1.101e+06 1.10017e+06 1.09915e+06 1.09807e+06 1.09916e+06 1.10072e+06 1.10263e+06 1.10239e+06 1.0882e+06 1.08413e+06 1.08099e+06 1.08151e+06 1.08835e+06 1.09207e+06 1.09185e+06 1.09062e+06 1.08966e+06 1.08902e+06 1.08795e+06 1.08715e+06 1.08956e+06 1.08851e+06 1.08767e+06 1.08842e+06 1.08612e+06 1.08739e+06 1.08914e+06 1.09133e+06 1.09185e+06 1.09306e+06 1.09436e+06 1.09678e+06 1.09781e+06 1.09864e+06 1.09929e+06 1.10132e+06 1.10387e+06 1.10683e+06 1.1059e+06 1.10853e+06 1.11191e+06 1.11567e+06 1.09936e+06 1.08852e+06 1.08132e+06 1.08339e+06 1.09549e+06 1.10753e+06 1.11929e+06 1.1212e+06 1.12108e+06 1.12147e+06 1.12387e+06 1.12492e+06 1.12594e+06 1.12589e+06 1.12753e+06 1.12854e+06 1.12971e+06 1.12998e+06 1.12891e+06 1.12546e+06 1.12597e+06 1.12753e+06 1.12882e+06 1.13017e+06 1.1311e+06 1.12824e+06 1.12717e+06 1.12648e+06 1.12636e+06 1.12617e+06 1.12587e+06 1.12511e+06 1.12515e+06 1.12466e+06 1.12433e+06 1.12371e+06 1.11858e+06 1.11601e+06 1.11348e+06 1.10635e+06 1.10425e+06 1.10248e+06 1.10789e+06 1.09706e+06 1.10115e+06 1.1085e+06 1.11934e+06 1.11919e+06 1.12066e+06 1.12117e+06 1.11802e+06 1.11551e+06 1.11366e+06 1.11106e+06 1.10994e+06 1.10853e+06 1.10698e+06 1.10471e+06 1.10341e+06 1.10164e+06 1.09984e+06 1.09805e+06 1.09621e+06 1.09438e+06 1.09251e+06 1.09066e+06 1.08879e+06 1.08687e+06 1.08512e+06 1.08354e+06 1.08149e+06 1.07956e+06 1.0778e+06 1.07634e+06 1.07285e+06 1.0711e+06 1.06897e+06 1.07094e+06 1.06062e+06 1.0615e+06 1.06404e+06 1.07622e+06 1.07713e+06 1.08095e+06 1.08512e+06 1.08952e+06 1.09103e+06 1.08736e+06 1.08403e+06 1.08114e+06 1.0786e+06 1.07751e+06 1.07646e+06 1.07544e+06 1.07441e+06 1.07333e+06 1.07212e+06 1.0709e+06 1.06963e+06 1.06833e+06 1.06692e+06 1.06547e+06 1.06394e+06 1.06239e+06 1.06067e+06 1.0589e+06 1.05706e+06 1.05519e+06 1.05263e+06 1.04971e+06 1.04676e+06 1.04387e+06 1.04715e+06 1.03466e+06 1.03297e+06 1.03301e+06 1.04468e+06 1.04454e+06 1.04812e+06 1.05198e+06 1.05444e+06 1.05625e+06 1.05038e+06 1.04643e+06 1.04451e+06 1.04139e+06 1.039e+06 1.03647e+06 1.0348e+06 1.03297e+06 1.03089e+06 1.02882e+06 1.02631e+06 1.02408e+06 1.02182e+06 1.01961e+06 1.01794e+06 1.01425e+06 1.01146e+06 1.00895e+06 1.009e+06 1.00812e+06 1.00012e+06 999364 1.00691e+06 1.0057e+06 1.00207e+06 998911 997780 998354 999535 1.00128e+06 999736 996606 993691 991086 989923 988464 986925 985324 983469 981694 979939 978167 976364 974669 973028 972051 970500 968638 967047 965328 963590 961890 960743 958560 956965 956083 954573 953051 951547 949490 948046 946688 945372 944776 943311 941228 939872 938530 937198 935919 935422 933616 932394 931282 930243 929271 928334 927908 926263 925204 924251 923400 922563 922426 921445 919638 918611 917718 916844 915982 916121 915341 913253 912515 911519 910495 909468 910248 909629 909274 906377 905995 905871 906007 905685 905309 905036 904462 901196 899323 896479 895195 894796 895283 898393 895844 893409 891053 890769 890390 889738 888723 887672 886596 885172 883666 882163 880536 879215 877871 876289 874638 872996 871431 869854 868270 866660 865189 863890 862478 860442 858444 856447 854834 853269 851697 849915 848229 846520 844876 843102 841551 839971 838406 836817 835258 833708 832183 830632 829213 827754 826290 824835 823351 821609 820167 818737 817328 815890 814471 813028 811611 810176 808761 807337 805990 804599 803186 801684 800215 798716 797328 795921 794300 792816 791341 789842 788434 787023 785635 784122 782578 781008 779515 778042 776593 775064 773489 771886 770324 768760 767222 765647 764066 762457 760875 759267 757683 756075 754546 752985 751445 749857 748234 746573 745046 743496 741982 740385 738815 737205 735671 734112 732590 731003 729439 
        </DataArray>
        <DataArray type="Float64" Name="Temperature" format="ascii">
1035.03 1034.45 1033.86 1033.29 1032.73 1032.19 1031.65 1031.12 1030.57 1030.04 1029.47 1028.86 1028.25 1028.08 1029 1029.93 1028.54 1027.29 1026.04 1024.91 1024.87 1024.86 1024.88 1025.29 1025.69 1026.04 1026.56 1027.05 1027.5 1027.33 1027.02 1026.76 1026.33 1025.9 1025.56 1025.25 1025.05 1025.07 1025.56 1026.58 1027.94 1029.4 1030.84 1025.91 1026.24 1026.14 1026.12 1028.99 1027.26 1025.63 1024.02 1021.73 1019.48 1017.33 1015.54 1013.87 1012.23 1011.2 1010.38 1009.66 1009.03 1008.6 1006.23 1005.59 1004.77 1003.77 998.43 996.861 995.382 994.08 993.112 992.443 992.068 992.155 992.389 992.765 993.725 993.488 993.353 992.478 992.792 993.16 993.435 993.556 993.661 993.66 993.502 993.388 994.386 994.646 995.031 995.075 984.881 982.791 981.134 980.811 981.26 982.081 982.632 987.588 987.419 985.212 986.762 988.299 989.873 991.011 991.982 992.764 993.522 996.72 997.475 997.646 999.132 1000.55 1001.91 1003.01 1004.05 1005.42 1006.21 1006.9 1007.55 1008.32 1009.37 1010.43 1011.62 1013.12 1015.09 1016.52 1017.38 1018.64 1019.88 1020.81 1021.51 1022.19 1022.99 1024.07 1025.19 1026.32 1027.94 1029.72 1031.59 1031.24 1030.25 1029.14 1028.22 1026.9 1027.2 1027.74 1028.28 1028.85 1027.8 1027.77 1027.55 1027.46 1027.52 1027.75 1027.71 1027.66 1027.62 1027.77 1027.88 1027.78 1027.91 1027.93 1027.99 1028.07 1028.27 1028.52 1028.66 1028.71 1028.87 1029.03 1029.22 1029.36 1029.51 1029.65 1029.93 1030.44 1031.01 1032.59 1034.36 1038.73 1043.89 1049.65 1061.13 1078.12 1089.33 1092.96 1094.2 1094.52 1093.93 1091.04 1087.44 1084.18 1081.15 1080.2 1081.02 1081.35 1087.64 1088.56 1098.44 1114.25 1121.31 1124.18 1127.43 1130.96 1137.2 1150.26 1165.6 1182.74 1201.08 1213.1 1229.44 1240.52 1247.47 1250.27 1250.7 1245.16 1227.06 1208.34 1188.71 1174.73 1160.35 1155.06 1151.21 1148.94 1150.08 1153.54 1157.2 1160.95 1164.48 1166.33 1167.8 1169 1170 1170.35 1171.41 1172.14 1173.5 1173.76 1172.94 1173.07 1172.73 1173.23 1172.21 1172.02 1171.04 1170.87 1170.26 1169.19 1168.24 1167.94 1167.21 1166.1 1166.12 1164.83 1165.43 1164.23 1164.95 1163.88 1165.01 1165.1 1164.42 1164.67 1163.26 1165.83 1164.98 1164.75 1165.63 1167.2 1169.65 1172.88 1175.45 1177.28 1176.9 1175.56 1175.21 1175.86 1173.51 1176.38 1176.29 1177.03 1175.84 1175.8 1177.45 1177.51 1176.68 1176.59 1175.26 1176.95 1175.92 1174.76 1173.89 1173.33 1171.79 1170.27 1169.12 1168.37 1165.92 1164.24 1161.71 1158.95 1157.11 1154.27 1149.92 1147.31 1145.05 1143.27 1141.88 1143.59 1145.86 1147.22 1147.72 1140.99 1139.62 1137.63 1136.58 1137.93 1139.33 1140.75 1141.14 1144 1145.75 1147.53 1148.21 1150.28 1152.47 1156.27 1158.97 1161.92 1165.23 1167.37 1171.35 1177.64 1181.66 1183.89 1186.12 1188.27 1189.19 1189.23 1188.77 1188.11 1186.57 1184.88 1183.03 1181 1180.3 1179.52 1178.64 1189.28 1187.45 1192.08 1187.1 1191.16 1195.37 1211.57 1215.9 1219.59 1227.62 1225.08 1236.72 1244 1204.61 1022.83 808.248 568.098 460.753 423.57 394.454 384.858 387.794 389.957 395.247 397.237 394.508 396.637 399.344 401.708 403.58 406.771 408.687 410.501 412.286 409.422 411.741 413.778 416.274 418.35 419.946 424.32 426.323 422.528 424.669 427.112 429.371 431.399 433.984 436.046 437.659 442.587 444.478 441.199 443.465 445.787 447.835 449.839 452.063 453.693 458.423 462.164 465.913 469.422 459.056 462.965 466.611 470.373 473.938 476.93 479.846 482.36 484.065 492.684 494.576 496.404 486.012 488.781 491.415 493.832 496.354 498.585 500.588 503.457 506.199 508.418 511.227 510.062 509.963 511.149 503.895 506.616 509.091 511.285 513.356 515.258 517.08 518.682 520.153 521.678 522.944 523.917 524.713 525.147 525.237 536.704 539.195 541.776 544.865 523.655 526.358 529.381 532.713 536.081 539.797 543.723 547.786 552.002 556.575 561.121 565.955 571.086 576.274 581.369 586.539 591.504 596.408 600.845 605.068 608.943 612.055 614.837 617.395 618.866 619.931 620.629 624.594 623.373 622.211 623.699 626.289 628.796 630.917 632.729 634.573 636.334 638.107 639.827 641.561 643.224 644.917 646.477 647.949 649.376 650.794 652.106 653.44 654.763 656.195 657.583 658.984 660.299 661.633 662.951 664.503 666.005 662.567 664.148 665.759 667.35 668.95 670.521 672.117 673.634 675.165 676.671 678.231 679.762 681.304 682.964 684.738 686.483 688.216 689.875 691.542 693.309 695.277 697.21 699.143 700.976 702.818 704.71 706.948 709.154 711.38 717.757 719.852 721.886 723.936 725.906 727.92 725.052 727.544 730.083 732.258 734.256 736.268 738.585 741.229 743.957 746.707 749.46 752.466 755.325 758.449 760.886 759.945 761.054 762.421 763.979 765.388 766.731 768.051 769.679 771.512 773.478 775.464 777.416 782.832 784.66 786.536 788.375 786.267 788.59 791.108 793.46 794.941 796.334 797.71 799.573 805.111 806.898 804.543 806.161 807.947 809.52 810.916 812.251 813.876 815.982 818.22 823.674 825.22 826.678 828.426 826.642 829.194 831.808 834.188 836.409 838.737 843.374 844.823 846.173 844.124 845.91 847.742 849.561 851.444 857.089 858.967 856.91 859.191 861.435 863.851 866.717 869.595 872.393 879.916 882.213 884.52 880.179 885.323 890.562 895.797 900.007 910.412 911.498 905.853 902.064 899.1 897.75 897.75 897.75 898.789 897.551 898.844 900.295 902.038 904.07 908.186 907.517 909.029 910.755 912.754 913.989 914.718 917.461 915.708 916.966 918.373 919.885 921.157 924.805 925.839 923.753 926.04 928.496 931.202 935.591 936.886 938.152 940.331 939.16 941.645 947.929 947.027 950.87 954.864 958.88 963.473 973.634 978.29 977.537 991.342 1005.32 1019.94 1033.93 1048.29 1063.7 1080.69 1078.29 1067.41 1045.97 1034.5 1024.22 1014.96 1007.03 1001.66 1000.82 1000.34 1000.26 1000.37 1002.73 1003.6 1004.16 1003.38 1003.75 1005.08 1005.35 1004.15 1004.01 1004.02 1005.73 1004.14 1004.4 1004.85 1005.45 1009.89 1011.44 1012.66 1014.03 1010.6 1018.32 1021.55 1033.59 1036.77 1053.29 1082.69 1091.59 1105.21 1112.94 1119.59 1118.12 1117.6 1114.7 1112.32 1110.45 1108.56 1106.82 1105.24 1103.87 1102.25 1100.6 1099.21 1098.11 1097.24 1096.48 1095.9 1095.51 1095.32 1095.26 1095.16 1094.99 1094.76 1094.35 1093.53 1092.48 1091.18 1089.24 1087.25 1086.56 1087.15 1088.99 1094.89 1100.2 1105.68 1111.15 1112.29 1111.77 1110 1108.8 1108.22 1108.44 1108.86 1109.53 1110.42 1111.5 1112.66 1113.87 1115.26 1116.47 1117.37 1118.19 1118.98 1119.52 1120 1120.41 1120.54 1120.21 1119.67 1118.94 1122.24 1113.96 1112.81 1112.36 1121.44 1123.51 1117.13 1122.15 1140.99 1150.64 1155.52 1168.39 1166.24 1164.93 1164.41 1161.91 1163.44 1163.33 1163.41 1163.31 1163.58 1163.44 1162.75 1161.32 1159.24 1156.85 1157.02 1149.22 1146.33 1143.76 1148.21 1147.01 1147.19 1139.49 1144.54 1150.86 1157.6 1168.26 1169.55 1170.54 1170.66 1171.52 1172.9 1174.39 1175.49 1176.86 1177.76 1178.74 1180.18 1181.3 1182.29 1183.14 1182.47 1181.72 1180.94 1180.92 1180.76 1180.54 1179.2 1178.36 1177.55 1176.8 1177.58 1178.59 1179.57 1178.55 1179.42 1180.15 1180.78 1182.75 1184.78 1186.54 1185.34 1186.41 1187.25 1187.83 1196.97 1192.28 1194.69 1197.09 1191.5 1193.38 1194.97 1194.55 1193.85 1192.9 1202.85 1205.04 1190.91 1197.34 1208.25 1219.11 1247.56 1250.73 1251.8 1252.92 1253.93 1256.33 1258.61 1260.72 1262.82 1264.83 1267.73 1270.41 1272.73 1272.67 1274.55 1276.12 1277.44 1278.32 1279.03 1279.6 1282.26 1283.85 1285.15 1281.15 1282.66 1283.9 1284.98 1286.41 1287.63 1288.61 1289.76 1290.83 1291.84 1297.63 1294.82 1296.91 1298.99 1300.98 1302.72 1304.12 1305.26 1306.27 1308.98 1310.92 1312.83 1314.57 1316.06 1311.84 1313.32 1314.74 1316.04 1317.15 1318.24 1319.21 1320 1320.51 1320.83 1321.06 1324.43 1325.67 1326.96 1328.22 1329.49 1323.93 1325.16 1326.64 1328.1 1329.51 1331.04 1332.44 1333.77 1334.91 1335.91 1336.74 1337.4 1337.87 1338.16 1338.14 1337.88 1337.48 1343.81 1344.67 1345.67 1346.67 1347.53 1331.96 1332.25 1332.51 1332.82 1333.16 1333.52 1333.89 1334.28 1334.65 1335.03 1335.38 1335.68 1335.93 1336.14 1336.35 1336.51 1336.59 1336.46 1336.24 1335.93 1335.7 1335.44 1335.11 1334.56 1333.89 1333.14 1332.33 1331.43 1330.49 1329.16 1327.47 1325.72 1324.35 1323.46 1322.55 1321.37 1319.75 1318.08 1316.6 1315.61 1314.62 1313.61 1312.55 1311.49 1310.47 1309.68 1308.9 1308.14 1307.61 1307.08 1306.58 1306.24 1305.92 1305.62 1305.38 1305.17 1304.99 1304.84 1304.72 1304.62 1304.48 1304.3 1304.14 1303.91 1303.62 1303.32 1304.57 1303.97 1303.37 1302.68 1301.94 1301.17 1299.81 1298.93 1298.05 1297.17 1296.55 1295.89 1295.22 1294.81 1294.41 1293.98 1293.6 1293.21 1292.8 1292.28 1291.74 1291.18 1291.01 1290.28 1289.57 1288.58 1287.93 1287.27 1286.63 1285.97 1285.33 1284.67 1284.03 1283.35 1282.68 1282 1281.32 1280.61 1280.16 1279.47 1278.78 1277.82 1277.07 1276.29 1275.5 1274.67 1273.82 1272.93 1272 1271.03 1270.02 1269.32 1268.27 1267.25 1266.2 1265.21 1264.29 1263.35 1262.48 1261.68 1260.75 1259.74 1256.81 1257.5 1256.21 1255.15 1254.32 1253.6 1253.16 1252.98 1253.11 1253.39 1248.38 1252.11 1250.89 1249.66 1248.14 1246.24 1244.55 1242.88 1240.28 1234.59 1232.55 1235.32 1235.18 1235.08 1234.72 1233.82 1232.58 1228.68 1228.43 1227.76 1226.72 1227.11 1226.23 1225.38 1224.96 1223.85 1223.74 1224.04 1223.39 1222.76 1222.17 1221.69 1221.28 1220.17 1220.2 1219.49 1218.85 1218.28 1217.67 1217.1 1215.64 1215.62 1214.71 1213.91 1213.23 1212.48 1211.78 1209.86 1209.75 1208.57 1207.59 1206.8 1206.16 1205.61 1203.37 1203.35 1202.03 1200.96 1200.38 1201.58 1202.6 1202.19 1190.62 1184.46 1179.72 1176.25 1178.2 1176.68 1175.21 1166.52 1164.23 1162.33 1165.34 1161.35 1160.81 1160.14 1159.33 1158.18 1158.24 1157.2 1155.25 1154.29 1153.45 1153.22 1151.38 1150.18 1149.15 1148.24 1147.2 1146.76 1145.82 1143.48 1142.19 1141.07 1140.55 1138.54 1137.09 1135.82 1134.77 1134.02 1132.99 1131.75 1130.28 1128.13 1127.85 1127.07 1125.97 1123.55 1122.68 1123.04 1122.33 1120.42 1119.86 1119.59 1120.25 1119.2 1119.02 1119.05 1119.28 1119.08 1118.8 1118.71 1118.82 1118.75 1119.02 1118.63 1118.27 1116.95 1117.27 1117.14 1116.39 1114.76 1114.16 1114.49 1114.05 1112.37 1111.89 1111.71 1112.48 1111.33 1111.16 1111.26 1112.45 1112.82 1112.43 1113.18 1115.07 1116.08 1116.29 1117.98 1120.26 1123.99 1127.77 1132.12 1137.05 1142.59 1140.49 1139.99 1133.26 1119.69 1107.98 1083.83 1047.79 1042.32 1037.74 1015.61 998.588 990.766 984.532 978.344 972.405 966.981 965.934 964.948 964.054 966.431 963.014 962.831 962.742 965.266 965.219 963.619 964.045 966.586 966.974 966.94 964.865 967.035 968.604 966.092 966.236 966.853 983.665 1006.96 1035.95 1061.75 1085.08 1096.88 1105.17 1100.81 1086.12 1059.8 1043.3 1031.73 1021.24 1011.42 1008.64 998.804 994.298 990.054 989.439 986.564 982.817 980.653 978.367 976.123 974.038 974.143 970.375 968.717 967.209 968.078 967.054 966.079 963.657 961.302 959.058 956.851 957.398 955.425 951.93 950.157 948.018 945.86 943.807 943.653 939.673 937.383 935.191 931.924 928.597 925.297 925.183 945.395 959.678 972.716 969.851 967.385 967.094 968.339 952.795 942.366 932.854 925.293 917.928 910.514 911.795 902.13 898.26 894.456 891.878 889.187 886.47 887.715 886.383 882.57 880.432 877.612 875.085 876.719 874.8 873.031 871.344 866.783 865.077 863.397 861.444 859.214 857.195 859.066 857.115 851.695 849.679 848.11 846.562 844.913 842.947 840.849 838.902 839.799 834.542 832.055 829.704 827.786 825.867 823.884 821.512 819.176 817.042 818.482 812.688 810.335 808.241 806.472 804.698 802.765 800.411 798.066 795.805 797.827 796.628 792.618 790.804 788.807 786.902 785.22 783.705 782.146 780.29 778.028 775.946 777.963 776.251 774.5 769.4 767.585 765.815 764.032 762.054 760.052 758.115 756.531 755.05 753.498 751.607 749.553 747.634 749.871 748.14 746.348 741.025 739.122 737.258 735.325 733.267 731.199 729.217 727.528 725.85 724.127 722.526 720.896 719.286 717.147 715.031 712.955 716.108 714.572 713.042 711.444 709.87 708.245 702.937 701.137 699.37 697.478 695.504 693.505 691.648 689.944 688.253 686.501 684.722 682.906 681.078 679.046 677.044 675.027 673.245 671.417 669.605 667.649 665.716 663.742 661.983 660.2 658.433 656.546 654.665 652.745 650.969 649.196 647.441 645.601 643.759 641.876 639.926 637.865 635.826 633.813 631.895 629.936 627.965 625.902 623.86 621.857 620.054 618.214 616.238 613.686 611.15 609.5 613.118 617.102 632.487 820.581 1005.7 1194 1221.89 1246.6 1270.59 1276.65 1280.23 1283.9 1291.19 1299.61 1307.95 1310.4 1307.15 1306.97 1306.25 1305.33 1304.44 1305.31 1305.35 1305.41 1305.22 1304.61 1304.1 1303.6 1302.95 1302.36 1301.9 1301.76 1301.66 1301.57 1301.2 1300.93 1300.76 1300.35 1297.99 1298.01 1300.57 1302.17 1302.72 1300.36 1303.76 1306.6 1311.83 1319.17 1325.21 1329.35 1331.57 1333.68 1334.58 1331.58 1345.27 1340.76 1335.28 1330.66 1326.98 1325.01 1322.59 1320.08 1317.4 1314.74 1312.32 1309.73 1306.87 1301.2 1301.3 1300.31 1299.28 1298.45 1299.43 1300.26 1300.9 1305.63 1309.91 1313.41 1333.5 1343.14 1351.38 1354.24 1364.84 1374.61 1382.92 1389.58 1395.73 1401.56 1414.95 1418.86 1422.53 1423.34 1427.37 1431.15 1434.04 1436.14 1438.11 1443 1444.8 1446.67 1446.99 1428.99 1425.93 1423.56 1422.66 1432.59 1432.75 1427.41 1427.41 1427.13 1426.58 1425.41 1423.88 1428.32 1426.74 1424.62 1431.14 1422.39 1422.65 1422.76 1422.75 1423.12 1422.11 1420.42 1421.19 1421.11 1420.92 1420.61 1420.5 1420.74 1421.11 1435.28 1438.63 1440.98 1442.23 1433.16 1431.95 1432.06 1431.77 1435.99 1440.22 1444.36 1444.57 1443.7 1443.01 1443.06 1442.13 1441.04 1439.09 1438.19 1436.85 1435.71 1436.09 1438.52 1441.75 1431.54 1413.47 1373.45 1325.97 1274.23 1247.32 1215.82 1199.73 1196.27 1193.57 1191.25 1188.82 1187.7 1186.23 1184.92 1183.68 1180.84 1179.51 1177.98 1176.59 1175.06 1173.86 1171.84 1169.47 1167.34 1165.65 1164.33 1166.86 1168.17 1169.02 1166.8 1165.41 1164.61 1163.45 1162.73 1162.01 1161.22 1160.3 1159.41 1158.49 1157.53 1156.56 1155.58 1154.66 1153.73 1152.81 1151.91 1151.19 1150.34 1149.65 1148.71 1147.94 1147.35 1146.73 1145.4 1144.72 1143.89 1144.47 1140.85 1140.75 1141.02 1144.61 1143.26 1144.09 1145.42 1147.2 1148.32 1146.79 1145.42 1144.25 1143.24 1142.9 1142.58 1142.26 1141.93 1141.73 1141.62 1141.49 1141.34 1141.22 1141.38 1141.52 1141.65 1141.77 1141.92 1142.04 1142.12 1142.14 1141.91 1141.52 1141.07 1140.59 1141.99 1138.12 1137.5 1137.24 1141.09 1138.81 1140.06 1142 1147.07 1147.69 1145.72 1144.43 1143.86 1142.89 1142.04 1140.86 1140.33 1139.47 1138.46 1137.52 1135.73 1134.66 1133.48 1132.24 1131.9 1129.7 1128.45 1127.18 1127.21 1126.67 1123.28 1122.73 1125.15 1124.38 1123.33 1120.37 1120.4 1121.25 1122.72 1124.76 1125.26 1124.17 1123.16 1122.26 1122.03 1121.44 1121.04 1120.56 1120 1119.44 1118.85 1118.32 1117.82 1117.28 1116.7 1116.48 1116.08 1115.23 1114.73 1114.2 1113.63 1113.03 1112.89 1111.99 1111.47 1111.21 1110.59 1110.23 1109.77 1108.82 1108.37 1107.89 1107.37 1107.31 1106.93 1105.89 1105.48 1105.06 1104.57 1104.03 1104.2 1103.09 1102.81 1102.51 1102.22 1101.88 1101.48 1101.88 1100.78 1100.52 1100.26 1100.01 1099.7 1100.03 1099.75 1098.62 1098.32 1098.03 1097.71 1097.3 1097.5 1097.4 1095.86 1095.74 1095.48 1095.08 1094.52 1094.69 1094.76 1094.93 1092.02 1092.28 1092.53 1092.76 1092.73 1092.52 1092.17 1094.02 1093.35 1089.47 1089.03 1089.3 1090.07 1091.31 1097.78 1096.64 1095.57 1095.06 1094.94 1094.81 1094.59 1094.25 1093.95 1093.56 1093.03 1092.45 1091.86 1092.11 1091.54 1091 1090.36 1089.72 1089.13 1088.59 1088.07 1087.61 1086.33 1085.72 1086.17 1085.57 1084.73 1083.95 1083.21 1082.62 1082.13 1081.71 1080.7 1079.99 1079.25 1078.51 1079.66 1078.97 1078.26 1077.53 1076.83 1076.17 1075.53 1074.95 1074.41 1073.92 1073.49 1073.12 1071.09 1070.45 1071.81 1071.12 1070.41 1069.74 1069.06 1068.42 1067.81 1067.22 1066.65 1066.14 1065.68 1065.29 1064.94 1063.48 1062.9 1062.3 1061.66 1061.05 1060.41 1063.06 1062.41 1061.76 1061.1 1060.42 1059.74 1059.08 1058.37 1057.66 1056.95 1056.29 1055.65 1055.04 1054.4 1053.75 1053.12 1052.52 1051.94 1051.39 1050.85 1050.31 1049.78 1049.27 1048.76 1048.28 1047.8 1047.38 1046.96 1046.56 1043.25 1042.67 1042.07 1041.51 1040.93 1040.38 1039.77 1039.17 1038.56 1037.97 1037.37 1036.8 1036.2 1035.62 
        </DataArray>
        <DataArray type="Float64" Name="Tau1" format="ascii">
0 0 0 0 0 0 0 0 0 0 0 0 0 0 0 0 0 0 0 0 0 0 0 0 0 0 0 0 0 0 0 0 0 0 0 0 0 0 0 0 0 0 0 0 0 0 0 0 0 0 0 0 0 0 0 0 0 0 0 0 0 0 0 0 0 0 0 0 0 0 0 0 0 0 0 0 0 0 0 0 0 0 0 0 0 0 0 0 0 0 0 0 0 0 0 0 0 0 0 0 0 0 0 0 0 0 0 0 0 0 0 0 0 0 0 0 0 0 0 0 0 0 0 0 0 0 0 0 0 0 0 0 0 0 0 0 0 0 0 0 0 0 0 0 0 0 0 0 0 0 0 0 0 0 0 0 0 0 0 0 0 0 0 0 0 0 0 0 0 0 0 0 0 0 0 0 0 0 0 0 0 0 0 0 0 0 0 0 0 0 0 0 0 0 0 0 0 0 0 0 0 0 0 0 0 0 0 0 0 0 0 0 0 0 0 0 0 0 0 0 0 0 0 0 0 0 0 0 0 0 0 0 0 0 0 0 0 0 0 0 0 0 0 0 0 0 0 0 0 0 0 0 0 0 0 0 0 0 0 0 0 0 0 0 0 0 0 0 0 0 0 0 0 0 0 0 0 0 0 0 0 0 0 0 0 0 0 0 0 0 0 0 0 0 0 0 0 0 0 0 0 0 0 0 0 0 0 0 0 0 0 0 0 0 0 0 0 0 0 0 0 0 0 0 0 0 0 0 0 0 0 0 0 0 0 0 0 0 0 0 0 0 0 0 0 0 0 0 0 0 0 0 0 0 0 0 0 0 0 0 0 0 0 0 0 0 0 0 0 0 0 0 0 0 0 0 0 0 0 0 0 0 0 0 0 0 0 0 0 0 0 0 0 0 0 0 0 0 0 0 0 0 0 0 0 0 0 0 0 0 0 0 0 0 0 0 0 0 0 0 0 0 0 0 0 0 0 0 0 0 0 0 0 0 0 0 0 0 0 0 0 0 0 0 0 0 0 0 0 0 0 0 0 0 0 0 0 0 0 0 0 0 0 0 0 0 0 0 0 0 0 0 0 0 0 0 0 0 0 0 0 0 0 0 0 0 0 0 0 0 0 0 0 0 0 0 0 0 0 0 0 0 0 0 0 0 0 0 0 0 0 0 0 0 0 0 0 0 0 0 0 0 0 0 0 0 0 0 0 0 0 0 0 0 0 0 0 0 0 0 0 0 0 0 0 0 0 0 0 0 0 0 0 0 0 0 0 0 0 0 0 0 0 0 0 0 0 0 0 0 0 0 0 0 0 0 0 0 0 0 0 0 0 0 0 0 0 0 0 0 0 0 0 0 0 0 0 0 0 0 0 0 0 0 0 0 0 0 0 0 0 0 0 0 0 0 0 0 0 0 0 0 0 0 0 0 0 0 0 0 0 0 0 0 0 0 0 0 0 0 0 0 0 0 0 0 0 0 0 0 0 0 0 0 0 0 0 0 0 0 0 0 0 0 0 0 0 0 0 0 0 0 0 0 0 0 0 0 0 0 0 0 0 0 0 0 0 0 0 0 0 0 0 0 0 0 0 0 0 0 0 0 0 0 0 0 0 0 0 0 0 0 0 0 0 0 0 0 0 0 0 0 0 0 0 0 0 0 0 0 0 0 0 0 0 0 0 0 0 0 0 0 0 0 0 0 0 0 0 0 0 0 0 0 0 0 0 0 0 0 0 0 0 0 0 0 0 0 0 0 0 0 0 0 0 0 0 0 0 0 0 0 0 0 0 0 0 0 0 0 0 0 0 0 0 0 0 0 0 0 0 0 0 0 0 0 0 0 0 0 0 0 0 0 0 0 0 0 0 0 0 0 0 0 0 0 0 0 0 0 0 0 0 0 0 0 0 0 0 0 0 0 0 0 0 0 0 0 0 0 0 0 0 0 0 0 0 0 0 0 0 0 0 0 0 0 0 0 0 0 0 0 0 0 0 0 0 0 0 0 0 0 0 0 0 0 0 0 0 0 0 0 0 0 0 0 0 0 0 0 0 0 0 0 0 0 0 0 0 0 0 0 0 0 0 0 0 0 0 0 0 0 0 0 0 0 0 0 0 0 0 0 0 0 0 0 0 0 0 0 0 0 0 0 0 0 0 0 0 0 0 0 0 0 0 0 0 0 0 0 0 0 0 0 0 0 0 0 0 0 0 0 0 0 0 0 0 0 0 0 0 0 0 0 0 0 0 0 0 0 0 0 0 0 0 0 0 0 0 0 0 0 0 0 0 0 0 0 0 0 0 0 0 0 0 0 0 0 0 0 0 0 0 0 0 0 0 0 0 0 0 0 0 0 0 0 0 0 0 0 0 0 0 0 0 0 0 0 0 0 0 0 0 0 0 0 0 0 0 0 0 0 0 0 0 0 0 0 0 0 0 0 0 0 0 0 0 0 0 0 0 0 0 0 0 0 0 0 0 0 0 0 0 0 0 0 0 0 0 0 0 0 0 0 0 0 0 0 0 0 0 0 0 0 0 0 0 0 0 0 0 0 0 0 0 0 0 0 0 0 0 0 0 0 0 0 0 0 0 0 0 0 0 0 0 0 0 0 0 0 0 0 0 0 0 0 0 0 0 0 0 0 0 0 0 0 0 0 0 0 0 0 0 0 0 0 0 0 0 0 0 0 0 0 0 0 0 0 0 0 0 0 0 0 0 0 0 0 0 0 0 0 0 0 0 0 0 0 0 0 0 0 0 0 0 0 0 0 0 0 0 0 0 0 0 0 0 0 0 0 0 0 0 0 0 0 0 0 0 0 0 0 0 0 0 0 0 0 0 0 0 0 0 0 0 0 0 0 0 0 0 0 0 0 0 0 0 0 0 0 0 0 0 0 0 0 0 0 0 0 0 0 0 0 0 0 0 0 0 0 0 0 0 0 0 0 0 0 0 0 0 0 0 0 0 0 0 0 0 0 0 0 0 0 0 0 0 0 0 0 0 0 0 0 0 0 0 0 0 0 0 0 0 0 0 0 0 0 0 0 0 0 0 0 0 0 0 0 0 0 0 0 0 0 0 0 0 0 0 0 0 0 0 0 0 0 0 0 0 0 0 0 0 0 0 0 0 0 0 0 0 0 0 0 0 0 0 0 0 0 0 0 0 0 0 0 0 0 0 0 0 0 0 0 0 0 0 0 0 0 0 0 0 0 0 0 0 0 0 0 0 0 0 0 0 0 0 0 0 0 0 0 0 0 0 0 0 0 0 0 0 0 0 0 0 0 0 0 0 0 0 0 0 0 0 0 0 0 0 0 0 0 0 0 0 0 0 0 0 0 0 0 0 0 0 0 0 0 0 0 0 0 0 0 0 0 0 0 0 0 0 0 0 0 0 0 0 0 0 0 0 0 0 0 0 0 0 0 0 0 0 0 0 0 0 0 0 0 0 0 0 0 0 0 0 0 0 0 0 0 0 0 0 0 0 0 0 0 0 0 0 0 0 0 0 0 0 0 0 0 0 0 0 0 0 0 0 0 0 0 0 0 0 0 0 0 0 0 0 0 0 0 0 0 0 0 0 0 0 0 0 0 0 0 0 0 0 0 0 0 0 0 0 0 0 0 0 0 0 0 0 0 0 0 0 0 0 0 0 0 0 0 0 0 0 0 0 0 0 0 0 0 0 0 0 0 0 0 0 0 0 0 0 0 0 0 0 0 0 0 0 0 0 0 0 0 0 0 0 0 0 0 0 0 0 0 0 0 0 0 0 0 0 0 0 0 0 0 0 0 0 0 0 0 0 0 0 0 0 0 0 0 0 0 0 0 0 0 0 0 0 0 0 0 0 0 0 0 0 0 0 0 0 0 0 0 0 0 0 0 0 0 0 0 0 0 0 0 0 0 0 0 0 0 0 0 0 0 0 0 0 0 0 0 0 0 0 0 0 0 0 0 0 0 0 0 0 0 0 0 0 0 0 0 0 0 0 0 0 0 0 0 0 0 0 0 0 0 0 0 0 0 0 0 0 0 0 0 0 0 0 0 0 0 0 0 0 0 0 0 0 0 0 0 0 0 0 0 0 0 0 0 0 0 0 0 0 0 0 0 0 0 0 0 0 0 0 0 0 0 0 0 0 0 0 0 0 0 0 0 0 0 0 0 0 0 0 0 0 0 0 0 0 0 0 0 0 0 0 0 0 0 0 0 0 0 0 0 0 0 0 0 0 0 0 0 0 0 0 0 0 0 0 0 0 0 0 0 0 0 0 0 0 0 0 0 0 0 0 0 0 0 0 0 0 0 0 0 0 0 0 0 0 0 0 0 0 0 0 0 0 0 0 0 0 0 0 0 0 0 0 0 0 0 0 0 0 0 0 0 0 0 0 0 0 0 0 0 0 0 0 0 0 0 0 0 0 0 0 0 0 0 0 0 0 0 0 0 0 0 0 0 0 0 0 0 0 0 0 0 0 0 0 0 0 0 0 0 0 0 0 0 0 0 0 0 0 0 0 0 0 0 0 0 0 0 0 0 0 0 
        </DataArray>
        <DataArray type="Float64" Name="Tau2" format="ascii">
0 0 0 0 0 0 0 0 0 0 0 0 0 0 0 0 0 0 0 0 0 0 0 0 0 0 0 0 0 0 0 0 0 0 0 0 0 0 0 0 0 0 0 0 0 0 0 0 0 0 0 0 0 0 0 0 0 0 0 0 0 0 0 0 0 0 0 0 0 0 0 0 0 0 0 0 0 0 0 0 0 0 0 0 0 0 0 0 0 0 0 0 0 0 0 0 0 0 0 0 0 0 0 0 0 0 0 0 0 0 0 0 0 0 0 0 0 0 0 0 0 0 0 0 0 0 0 0 0 0 0 0 0 0 0 0 0 0 0 0 0 0 0 0 0 0 0 0 0 0 0 0 0 0 0 0 0 0 0 0 0 0 0 0 0 0 0 0 0 0 0 0 0 0 0 0 0 0 0 0 0 0 0 0 0 0 0 0 0 0 0 0 0 0 0 0 0 0 0 0 0 0 0 0 0 0 0 0 0 0 0 0 0 0 0 0 0 0 0 0 0 0 0 0 0 0 0 0 0 0 0 0 0 0 0 0 0 0 0 0 0 0 0 0 0 0 0 0 0 0 0 0 0 0 0 0 0 0 0 0 0 0 0 0 0 0 0 0 0 0 0 0 0 0 0 0 0 0 0 0 0 0 0 0 0 0 0 0 0 0 0 0 0 0 0 0 0 0 0 0 0 0 0 0 0 0 0 0 0 0 0 0 0 0 0 0 0 0 0 0 0 0 0 0 0 0 0 0 0 0 0 0 0 0 0 0 0 0 0 0 0 0 0 0 0 0 0 0 0 0 0 0 0 0 0 0 0 0 0 0 0 0 0 0 0 0 0 0 0 0 0 0 0 0 0 0 0 0 0 0 0 0 0 0 0 0 0 0 0 0 0 0 0 0 0 0 0 0 0 0 0 0 0 0 0 0 0 0 0 0 0 0 0 0 0 0 0 0 0 0 0 0 0 0 0 0 0 0 0 0 0 0 0 0 0 0 0 0 0 0 0 0 0 0 0 0 0 0 0 0 0 0 0 0 0 0 0 0 0 0 0 0 0 0 0 0 0 0 0 0 0 0 0 0 0 0 0 0 0 0 0 0 0 0 0 0 0 0 0 0 0 0 0 0 0 0 0 0 0 0 0 0 0 0 0 0 0 0 0 0 0 0 0 0 0 0 0 0 0 0 0 0 0 0 0 0 0 0 0 0 0 0 0 0 0 0 0 0 0 0 0 0 0 0 0 0 0 0 0 0 0 0 0 0 0 0 0 0 0 0 0 0 0 0 0 0 0 0 0 0 0 0 0 0 0 0 0 0 0 0 0 0 0 0 0 0 0 0 0 0 0 0 0 0 0 0 0 0 0 0 0 0 0 0 0 0 0 0 0 0 0 0 0 0 0 0 0 0 0 0 0 0 0 0 0 0 0 0 0 0 0 0 0 0 0 0 0 0 0 0 0 0 0 0 0 0 0 0 0 0 0 0 0 0 0 0 0 0 0 0 0 0 0 0 0 0 0 0 0 0 0 0 0 0 0 0 0 0 0 0 0 0 0 0 0 0 0 0 0 0 0 0 0 0 0 0 0 0 0 0 0 0 0 0 0 0 0 0 0 0 0 0 0 0 0 0 0 0 0 0 0 0 0 0 0 0 0 0 0 0 0 0 0 0 0 0 0 0 0 0 0 0 0 0 0 0 0 0 0 0 0 0 0 0 0 0 0 0 0 0 0 0 0 0 0 0 0 0 0 0 0 0 0 0 0 0 0 0 0 0 0 0 0 0 0 0 0 0 0 0 0 0 0 0 0 0 0 0 0 0 0 0 0 0 0 0 0 0 0 0 0 0 0 0 0 0 0 0 0 0 0 0 0 0 0 0 0 0 0 0 0 0 0 0 0 0 0 0 0 0 0 0 0 0 0 0 0 0 0 0 0 0 0 0 0 0 0 0 0 0 0 0 0 0 0 0 0 0 0 0 0 0 0 0 0 0 0 0 0 0 0 0 0 0 0 0 0 0 0 0 0 0 0 0 0 0 0 0 0 0 0 0 0 0 0 0 0 0 0 0 0 0 0 0 0 0 0 0 0 0 0 0 0 0 0 0 0 0 0 0 0 0 0 0 0 0 0 0 0 0 0 0 0 0 0 0 0 0 0 0 0 0 0 0 0 0 0 0 0 0 0 0 0 0 0 0 0 0 0 0 0 0 0 0 0 0 0 0 0 0 0 0 0 0 0 0 0 0 0 0 0 0 0 0 0 0 0 0 0 0 0 0 0 0 0 0 0 0 0 0 0 0 0 0 0 0 0 0 0 0 0 0 0 0 0 0 0 0 0 0 0 0 0 0 0 0 0 0 0 0 0 0 0 0 0 0 0 0 0 0 0 0 0 0 0 0 0 0 0 0 0 0 0 0 0 0 0 0 0 0 0 0 0 0 0 0 0 0 0 0 0 0 0 0 0 0 0 0 0 0 0 0 0 0 0 0 0 0 0 0 0 0 0 0 0 0 0 0 0 0 0 0 0 0 0 0 0 0 0 0 0 0 0 0 0 0 0 0 0 0 0 0 0 0 0 0 0 0 0 0 0 0 0 0 0 0 0 0 0 0 0 0 0 0 0 0 0 0 0 0 0 0 0 0 0 0 0 0 0 0 0 0 0 0 0 0 0 0 0 0 0 0 0 0 0 0 0 0 0 0 0 0 0 0 0 0 0 0 0 0 0 0 0 0 0 0 0 0 0 0 0 0 0 0 0 0 0 0 0 0 0 0 0 0 0 0 0 0 0 0 0 0 0 0 0 0 0 0 0 0 0 0 0 0 0 0 0 0 0 0 0 0 0 0 0 0 0 0 0 0 0 0 0 0 0 0 0 0 0 0 0 0 0 0 0 0 0 0 0 0 0 0 0 0 0 0 0 0 0 0 0 0 0 0 0 0 0 0 0 0 0 0 0 0 0 0 0 0 0 0 0 0 0 0 0 0 0 0 0 0 0 0 0 0 0 0 0 0 0 0 0 0 0 0 0 0 0 0 0 0 0 0 0 0 0 0 0 0 0 0 0 0 0 0 0 0 0 0 0 0 0 0 0 0 0 0 0 0 0 0 0 0 0 0 0 0 0 0 0 0 0 0 0 0 0 0 0 0 0 0 0 0 0 0 0 0 0 0 0 0 0 0 0 0 0 0 0 0 0 0 0 0 0 0 0 0 0 0 0 0 0 0 0 0 0 0 0 0 0 0 0 0 0 0 0 0 0 0 0 0 0 0 0 0 0 0 0 0 0 0 0 0 0 0 0 0 0 0 0 0 0 0 0 0 0 0 0 0 0 0 0 0 0 0 0 0 0 0 0 0 0 0 0 0 0 0 0 0 0 0 0 0 0 0 0 0 0 0 0 0 0 0 0 0 0 0 0 0 0 0 0 0 0 0 0 0 0 0 0 0 0 0 0 0 0 0 0 0 0 0 0 0 0 0 0 0 0 0 0 0 0 0 0 0 0 0 0 0 0 0 0 0 0 0 0 0 0 0 0 0 0 0 0 0 0 0 0 0 0 0 0 0 0 0 0 0 0 0 0 0 0 0 0 0 0 0 0 0 0 0 0 0 0 0 0 0 0 0 0 0 0 0 0 0 0 0 0 0 0 0 0 0 0 0 0 0 0 0 0 0 0 0 0 0 0 0 0 0 0 0 0 0 0 0 0 0 0 0 0 0 0 0 0 0 0 0 0 0 0 0 0 0 0 0 0 0 0 0 0 0 0 0 0 0 0 0 0 0 0 0 0 0 0 0 0 0 0 0 0 0 0 0 0 0 0 0 0 0 0 0 0 0 0 0 0 0 0 0 0 0 0 0 0 0 0 0 0 0 0 0 0 0 0 0 0 0 0 0 0 0 0 0 0 0 0 0 0 0 0 0 0 0 0 0 0 0 0 0 0 0 0 0 0 0 0 0 0 0 0 0 0 0 0 0 0 0 0 0 0 0 0 0 0 0 0 0 0 0 0 0 0 0 0 0 0 0 0 0 0 0 0 0 0 0 0 0 0 0 0 0 0 0 0 0 0 0 0 0 0 0 0 0 0 0 0 0 0 0 0 0 0 0 0 0 0 0 0 0 0 0 0 0 0 0 0 0 0 0 0 0 0 0 0 0 0 0 0 0 0 0 0 0 0 0 0 0 0 0 0 0 0 0 0 0 0 0 0 0 0 0 0 0 0 0 0 0 0 0 0 0 0 0 0 0 0 0 0 0 0 0 0 0 0 0 0 0 0 0 0 0 0 0 0 0 0 0 0 0 0 0 0 0 0 0 0 0 0 0 0 0 0 0 0 0 0 0 0 0 0 0 0 0 0 0 0 0 0 0 0 0 0 0 0 0 0 0 0 0 0 0 0 0 0 0 0 0 0 0 0 0 0 0 0 0 0 0 0 0 0 0 0 0 0 0 0 0 0 0 0 0 0 0 0 0 0 0 0 0 0 0 0 0 0 0 0 0 0 0 0 0 0 0 0 0 0 0 0 0 0 0 
        </DataArray>
        <DataArray type="Float64" Name="dTdn" format="ascii">
0 0 0 0 0 0 0 0 0 0 0 0 0 0 0 0 0 0 0 0 0 0 0 0 0 0 0 0 0 0 0 0 0 0 0 0 0 0 0 0 0 0 0 0 0 0 0 0 0 0 0 0 0 0 0 0 0 0 0 0 0 0 0 0 0 0 0 0 0 0 0 0 0 0 0 0 0 0 0 0 0 0 0 0 0 0 0 0 0 0 0 0 0 0 0 0 0 0 0 0 0 0 0 0 0 0 0 0 0 0 0 0 0 0 0 0 0 0 0 0 0 0 0 0 0 0 0 0 0 0 0 0 0 0 0 0 0 0 0 0 0 0 0 0 0 0 0 0 0 0 0 0 0 0 0 0 0 0 0 0 0 0 0 0 0 0 0 0 0 0 0 0 0 0 0 0 0 0 0 0 0 0 0 0 0 0 0 0 0 0 0 0 0 0 0 0 0 0 0 0 0 0 0 0 0 0 0 0 0 0 0 0 0 0 0 0 0 0 0 0 0 0 0 0 0 0 0 0 0 0 0 0 0 0 0 0 0 0 0 0 0 0 0 0 0 0 0 0 0 0 0 0 0 0 0 0 0 0 0 0 0 0 0 0 0 0 0 0 0 0 0 0 0 0 0 0 0 0 0 0 0 0 0 0 0 0 0 0 0 0 0 0 0 0 0 0 0 0 0 0 0 0 0 0 0 0 0 0 0 0 0 0 0 0 0 0 0 0 0 0 0 0 0 0 0 0 0 0 0 0 0 0 0 0 0 0 0 0 0 0 0 0 0 0 0 0 0 0 0 0 0 0 0 0 0 0 0 0 0 0 0 0 0 0 0 0 0 0 0 0 0 0 0 0 0 0 0 0 0 0 0 0 0 0 0 0 0 0 0 0 0 0 0 0 0 0 0 0 0 0 0 0 0 0 0 0 0 0 0 0 0 0 0 0 0 0 0 0 0 0 0 0 0 0 0 0 0 0 0 0 0 0 0 0 0 0 0 0 0 0 0 0 0 0 0 0 0 0 0 0 0 0 0 0 0 0 0 0 0 0 0 0 0 0 0 0 0 0 0 0 0 0 0 0 0 0 0 0 0 0 0 0 0 0 0 0 0 0 0 0 0 0 0 0 0 0 0 0 0 0 0 0 0 0 0 0 0 0 0 0 0 0 0 0 0 0 0 0 0 0 0 0 0 0 0 0 0 0 0 0 0 0 0 0 0 0 0 0 0 0 0 0 0 0 0 0 0 0 0 0 0 0 0 0 0 0 0 0 0 0 0 0 0 0 0 0 0 0 0 0 0 0 0 0 0 0 0 0 0 0 0 0 0 0 0 0 0 0 0 0 0 0 0 0 0 0 0 0 0 0 0 0 0 0 0 0 0 0 0 0 0 0 0 0 0 0 0 0 0 0 0 0 0 0 0 0 0 0 0 0 0 0 0 0 0 0 0 0 0 0 0 0 0 0 0 0 0 0 0 0 0 0 0 0 0 0 0 0 0 0 0 0 0 0 0 0 0 0 0 0 0 0 0 0 0 0 0 0 0 0 0 0 0 0 0 0 0 0 0 0 0 0 0 0 0 0 0 0 0 0 0 0 0 0 0 0 0 0 0 0 0 0 0 0 0 0 0 0 0 0 0 0 0 0 0 0 0 0 0 0 0 0 0 0 0 0 0 0 0 0 0 0 0 0 0 0 0 0 0 0 0 0 0 0 0 0 0 0 0 0 0 0 0 0 0 0 0 0 0 0 0 0 0 0 0 0 0 0 0 0 0 0 0 0 0 0 0 0 0 0 0 0 0 0 0 0 0 0 0 0 0 0 0 0 0 0 0 0 0 0 0 0 0 0 0 0 0 0 0 0 0 0 0 0 0 0 0 0 0 0 0 0 0 0 0 0 0 0 0 0 0 0 0 0 0 0 0 0 0 0 0 0 0 0 0 0 0 0 0 0 0 0 0 0 0 0 0 0 0 0 0 0 0 0 0 0 0 0 0 0 0 0 0 0 0 0 0 0 0 0 0 0 0 0 0 0 0 0 0 0 0 0 0 0 0 0 0 0 0 0 0 0 0 0 0 0 0 0 0 0 0 0 0 0 0 0 0 0 0 0 0 0 0 0 0 0 0 0 0 0 0 0 0 0 0 0 0 0 0 0 0 0 0 0 0 0 0 0 0 0 0 0 0 0 0 0 0 0 0 0 0 0 0 0 0 0 0 0 0 0 0 0 0 0 0 0 0 0 0 0 0 0 0 0 0 0 0 0 0 0 0 0 0 0 0 0 0 0 0 0 0 0 0 0 0 0 0 0 0 0 0 0 0 0 0 0 0 0 0 0 0 0 0 0 0 0 0 0 0 0 0 0 0 0 0 0 0 0 0 0 0 0 0 0 0 0 0 0 0 0 0 0 0 0 0 0 0 0 0 0 0 0 0 0 0 0 0 0 0 0 0 0 0 0 0 0 0 0 0 0 0 0 0 0 0 0 0 0 0 0 0 0 0 0 0 0 0 0 0 0 0 0 0 0 0 0 0 0 0 0 0 0 0 0 0 0 0 0 0 0 0 0 0 0 0 0 0 0 0 0 0 0 0 0 0 0 0 0 0 0 0 0 0 0 0 0 0 0 0 0 0 0 0 0 0 0 0 0 0 0 0 0 0 0 0 0 0 0 0 0 0 0 0 0 0 0 0 0 0 0 0 0 0 0 0 0 0 0 0 0 0 0 0 0 0 0 0 0 0 0 0 0 0 0 0 0 0 0 0 0 0 0 0 0 0 0 0 0 0 0 0 0 0 0 0 0 0 0 0 0 0 0 0 0 0 0 0 0 0 0 0 0 0 0 0 0 0 0 0 0 0 0 0 0 0 0 0 0 0 0 0 0 0 0 0 0 0 0 0 0 0 0 0 0 0 0 0 0 0 0 0 0 0 0 0 0 0 0 0 0 0 0 0 0 0 0 0 0 0 0 0 0 0 0 0 0 0 0 0 0 0 0 0 0 0 0 0 0 0 0 0 0 0 0 0 0 0 0 0 0 0 0 0 0 0 0 0 0 0 0 0 0 0 0 0 0 0 0 0 0 0 0 0 0 0 0 0 0 0 0 0 0 0 0 0 0 0 0 0 0 0 0 0 0 0 0 0 0 0 0 0 0 0 0 0 0 0 0 0 0 0 0 0 0 0 0 0 0 0 0 0 0 0 0 0 0 0 0 0 0 0 0 0 0 0 0 0 0 0 0 0 0 0 0 0 0 0 0 0 0 0 0 0 0 0 0 0 0 0 0 0 0 0 0 0 0 0 0 0 0 0 0 0 0 0 0 0 0 0 0 0 0 0 0 0 0 0 0 0 0 0 0 0 0 0 0 0 0 0 0 0 0 0 0 0 0 0 0 0 0 0 0 0 0 0 0 0 0 0 0 0 0 0 0 0 0 0 0 0 0 0 0 0 0 0 0 0 0 0 0 0 0 0 0 0 0 0 0 0 0 0 0 0 0 0 0 0 0 0 0 0 0 0 0 0 0 0 0 0 0 0 0 0 0 0 0 0 0 0 0 0 0 0 0 0 0 0 0 0 0 0 0 0 0 0 0 0 0 0 0 0 0 0 0 0 0 0 0 0 0 0 0 0 0 0 0 0 0 0 0 0 0 0 0 0 0 0 0 0 0 0 0 0 0 0 0 0 0 0 0 0 0 0 0 0 0 0 0 0 0 0 0 0 0 0 0 0 0 0 0 0 0 0 0 0 0 0 0 0 0 0 0 0 0 0 0 0 0 0 0 0 0 0 0 0 0 0 0 0 0 0 0 0 0 0 0 0 0 0 0 0 0 0 0 0 0 0 0 0 0 0 0 0 0 0 0 0 0 0 0 0 0 0 0 0 0 0 0 0 0 0 0 0 0 0 0 0 0 0 0 0 0 0 0 0 0 0 0 0 0 0 0 0 0 0 0 0 0 0 0 0 0 0 0 0 0 0 0 0 0 0 0 0 0 0 0 0 0 0 0 0 0 0 0 0 0 0 0 0 0 0 0 0 0 0 0 0 0 0 0 0 0 0 0 0 0 0 0 0 0 0 0 0 0 0 0 0 0 0 0 0 0 0 0 0 0 0 0 0 0 0 0 0 0 0 0 0 0 0 0 0 0 0 0 0 0 0 0 0 0 0 0 0 0 0 0 0 0 0 0 0 0 0 0 0 0 0 0 0 0 0 0 0 0 0 0 0 0 0 0 0 0 0 0 0 0 0 0 0 0 0 0 0 0 0 0 0 0 0 0 0 0 0 0 0 0 0 0 0 0 0 0 0 0 0 0 0 0 0 0 0 0 0 0 0 0 0 0 0 0 0 0 0 0 0 0 0 0 0 0 0 0 0 0 0 0 0 0 0 0 0 0 0 0 0 0 0 0 0 0 0 0 0 0 0 0 0 0 0 0 0 0 0 0 0 0 0 0 0 0 0 0 0 0 0 0 0 0 0 0 0 0 0 0 0 0 0 0 0 0 0 0 0 0 0 0 0 0 0 0 
        </DataArray>
        <DataArray type="Int32" Name="Rank" format="ascii">
3 3 3 3 3 3 3 3 3 3 3 3 3 3 3 3 3 3 3 3 3 3 3 3 3 3 3 3 3 3 3 3 3 3 3 3 3 3 3 3 3 3 3 3 3 3 3 3 3 3 3 3 3 3 3 3 3 3 3 3 3 3 3 3 3 3 3 3 3 3 3 3 3 3 3 3 3 3 3 3 3 3 3 3 3 3 3 3 3 3 3 3 3 3 3 3 3 3 3 3 3 3 3 3 3 3 3 3 3 3 3 3 3 3 3 3 3 3 3 3 3 3 3 3 3 3 3 3 3 3 3 3 3 3 3 3 3 3 3 3 3 3 3 3 3 3 3 3 3 3 3 3 3 3 3 3 3 3 3 3 3 3 3 3 3 3 3 3 3 3 3 3 3 3 3 3 3 3 3 3 3 3 3 3 3 3 3 3 3 3 3 3 3 3 3 3 3 3 3 3 3 3 9 9 9 9 9 9 9 9 9 9 9 9 9 9 9 9 9 9 9 9 9 9 9 9 9 9 9 9 9 9 9 9 9 9 9 9 9 9 9 9 9 9 9 9 9 9 9 9 9 9 9 9 9 9 9 9 9 9 9 9 9 9 9 9 9 9 9 9 3 3 3 3 3 3 3 3 3 3 3 3 3 3 3 3 3 3 3 3 3 3 3 3 3 3 3 3 3 3 3 3 3 3 3 3 3 3 3 3 3 3 3 3 3 3 3 3 3 3 3 3 3 3 3 3 3 3 3 3 3 3 3 3 3 3 3 3 3 3 3 3 3 3 3 3 3 3 3 3 3 3 3 3 3 3 3 3 3 3 3 3 3 3 3 3 3 3 3 3 3 3 3 3 3 3 3 3 3 3 3 3 3 3 3 3 3 3 3 3 3 3 3 3 3 3 3 3 3 3 3 3 3 3 3 3 3 3 3 3 3 3 3 3 3 3 3 3 3 3 3 3 3 3 3 3 3 3 3 3 3 3 3 3 3 3 3 3 3 3 3 3 3 3 3 3 3 3 3 3 3 3 3 3 3 3 3 3 3 3 3 3 3 3 3 3 3 3 3 3 3 3 3 3 3 3 3 3 3 3 3 3 3 3 3 3 3 3 3 3 3 3 3 3 3 3 3 3 3 3 3 3 3 3 3 3 3 3 3 3 3 3 3 3 3 3 3 3 3 3 3 3 3 3 3 3 3 3 3 3 3 3 3 3 3 3 3 3 3 3 3 3 3 3 3 3 3 3 3 3 3 3 3 3 3 3 3 3 3 3 3 3 3 3 3 3 3 3 3 3 3 3 3 3 3 3 3 3 3 3 3 3 3 3 3 3 3 3 3 3 3 3 3 3 3 3 3 3 3 3 3 3 3 3 3 3 3 3 3 3 3 3 3 3 3 3 3 3 3 3 3 3 3 3 3 3 3 3 3 3 3 3 3 3 3 3 3 3 3 9 9 9 9 9 9 9 9 9 9 9 9 9 9 9 9 9 9 9 9 9 9 9 9 9 9 9 9 9 9 9 9 9 9 9 9 9 9 9 9 9 9 9 9 9 9 9 9 9 9 9 9 9 9 9 9 9 9 9 9 9 9 9 9 9 9 9 9 9 9 9 9 9 9 9 9 9 9 9 9 9 9 9 9 9 9 9 9 9 9 9 9 9 9 9 9 9 9 9 9 9 9 9 9 9 9 9 9 9 9 9 9 9 9 9 9 9 9 9 9 9 9 9 9 9 9 9 9 9 9 9 9 9 9 9 9 9 9 9 9 9 9 9 9 9 9 9 9 9 9 9 9 9 9 9 9 9 9 9 9 9 9 9 9 9 9 9 9 9 9 9 9 9 9 9 9 9 9 9 9 9 9 9 9 9 9 9 9 9 9 9 9 9 9 9 9 9 9 9 9 9 9 9 9 9 9 9 9 9 9 9 9 9 9 9 9 9 9 9 9 9 9 9 9 9 9 9 9 9 9 9 9 9 9 9 9 9 9 9 9 9 9 9 9 9 9 9 9 9 9 9 9 9 9 9 9 9 9 9 9 9 9 9 9 9 9 9 9 9 9 9 9 9 9 9 9 9 9 9 9 9 9 9 9 9 9 9 9 9 9 9 9 9 9 9 9 9 9 9 9 9 9 9 9 9 9 9 9 9 9 9 9 9 9 9 9 9 9 9 9 9 9 9 9 9 9 9 9 9 9 9 9 9 9 9 9 9 9 9 9 9 9 9 9 9 9 9 9 9 9 9 9 9 9 9 9 9 9 9 9 9 9 9 9 9 9 9 9 9 9 9 9 9 9 9 9 9 9 9 9 9 9 9 9 9 9 9 9 9 9 9 9 9 9 9 9 9 9 9 9 9 9 9 9 9 9 9 9 9 9 9 9 9 9 9 9 9 9 9 9 9 9 9 9 9 9 9 9 9 9 9 9 9 9 9 9 9 9 9 9 9 9 9 9 9 9 9 9 9 9 9 9 9 9 9 9 9 9 9 9 9 9 9 9 9 9 9 9 9 9 9 9 9 9 9 9 9 9 9 9 9 9 9 9 9 9 9 9 9 9 9 9 9 9 9 9 9 9 9 9 9 9 9 9 9 9 9 9 9 9 9 9 9 9 9 9 9 9 9 9 9 9 9 9 9 9 9 9 9 9 9 9 9 9 9 9 9 9 9 9 9 9 9 9 9 9 9 9 9 9 9 9 9 9 9 9 9 9 9 9 9 9 9 9 9 9 9 9 9 9 9 9 9 9 9 9 9 9 9 9 9 9 9 9 9 9 9 9 9 9 9 9 9 9 9 9 9 9 9 9 9 9 9 9 9 9 9 9 9 9 9 9 9 9 9 9 9 9 9 9 9 9 9 9 9 9 9 9 9 9 9 9 9 9 9 9 9 9 9 9 9 9 9 9 9 9 9 9 9 9 9 9 9 9 9 9 9 9 9 9 9 9 9 9 9 9 9 9 9 9 9 9 9 9 9 9 9 9 9 9 9 9 9 9 9 9 9 9 9 9 9 9 9 9 9 9 9 9 9 9 9 9 9 9 9 9 9 9 9 9 9 9 9 9 9 9 9 9 9 9 9 9 9 9 9 9 9 9 9 9 9 9 9 9 9 9 9 9 9 9 9 9 9 9 9 9 9 9 9 9 9 9 9 9 9 9 9 9 9 9 9 9 9 9 9 9 9 9 9 9 9 9 9 9 9 9 9 9 9 9 9 9 9 9 9 9 9 9 9 9 9 9 9 9 9 9 9 9 9 9 9 9 9 9 9 9 9 9 9 9 9 9 9 9 9 9 9 9 9 9 9 9 9 9 9 9 9 9 9 9 9 9 9 9 9 9 9 9 9 9 9 9 9 9 9 9 9 9 9 9 9 9 9 9 9 9 9 9 9 9 9 9 9 9 9 9 9 9 9 9 9 9 9 9 9 9 9 9 9 9 9 9 9 9 9 9 9 9 9 9 9 9 9 9 9 9 9 9 9 9 9 9 9 9 9 9 9 9 9 9 9 9 9 9 9 9 9 9 9 9 9 9 9 9 9 9 9 9 9 9 9 9 9 9 9 9 9 9 9 9 9 9 9 9 9 9 9 9 9 9 9 9 9 9 9 9 9 9 9 9 9 9 9 9 9 9 9 9 9 9 9 9 9 9 9 9 9 9 9 9 9 9 9 9 9 9 9 9 9 9 9 9 9 9 9 9 9 9 9 9 9 9 9 9 9 9 9 9 9 9 9 9 9 9 9 9 9 9 9 9 9 9 9 9 9 9 9 9 9 9 9 9 9 9 9 9 9 9 9 9 9 9 9 9 9 9 9 9 9 9 9 9 9 9 9 9 9 9 9 9 9 9 9 9 9 9 9 9 9 9 9 9 9 9 9 9 9 9 9 9 9 9 9 9 9 9 9 9 9 9 9 9 9 9 9 9 9 9 9 9 9 9 9 9 9 9 9 9 9 9 9 9 9 9 9 9 9 9 9 9 9 9 9 9 9 9 9 9 9 9 9 9 9 9 9 9 9 9 9 9 9 9 9 9 9 9 9 9 9 9 9 9 9 9 9 9 9 9 9 9 9 9 9 9 9 9 9 9 9 9 9 9 9 9 9 9 9 9 9 9 9 9 9 9 9 9 9 9 9 9 9 9 9 9 3 3 3 3 3 3 3 3 3 3 3 3 3 3 3 3 3 3 3 3 3 3 3 3 3 3 3 3 3 3 3 3 3 3 3 3 3 3 3 3 3 3 3 3 3 3 3 3 3 3 3 3 3 3 3 3 3 3 3 3 3 3 3 3 3 3 3 3 3 3 3 3 3 3 3 3 3 3 3 3 3 3 3 3 3 3 3 3 3 3 3 3 3 3 3 3 3 3 3 3 3 3 3 3 3 3 3 3 3 3 3 3 3 3 3 3 3 3 3 3 3 3 3 3 3 3 3 3 3 3 3 3 3 3 3 3 3 3 3 3 3 3 3 3 3 3 3 3 3 3 3 3 3 3 3 3 3 3 3 3 3 3 3 3 3 3 3 
        </DataArray>
        <DataArray type="Int32" Name="Level" format="ascii">
4 4 4 4 4 4 4 4 4 4 4 4 4 4 4 4 4 4 4 4 4 4 4 4 4 4 4 4 4 4 4 4 4 4 4 4 4 4 4 4 4 4 4 4 4 4 4 4 4 4 4 4 4 4 4 4 4 4 4 4 4 4 4 4 4 4 4 4 4 4 4 4 4 4 4 4 4 4 4 4 4 4 4 4 4 4 4 4 4 4 4 4 4 4 4 4 4 4 4 4 4 4 4 4 4 4 4 4 4 4 4 4 4 4 4 4 4 4 4 4 4 4 4 4 4 4 4 4 4 4 4 4 4 4 4 4 4 4 4 4 4 4 4 4 4 4 4 4 4 4 4 4 4 4 4 4 4 4 4 4 4 4 4 4 4 4 4 4 4 4 4 4 4 4 4 4 4 4 4 4 4 4 4 4 4 4 4 4 4 4 4 4 4 4 4 4 4 4 4 4 4 4 4 4 4 4 4 4 4 4 4 4 4 4 4 4 4 4 4 4 4 4 4 4 4 4 4 4 4 4 4 4 4 4 4 4 4 4 4 4 4 4 4 4 4 4 4 4 4 4 4 4 4 4 4 4 4 4 4 4 4 4 4 4 4 4 4 4 4 4 4 4 4 4 4 4 4 4 4 4 4 4 4 4 4 4 4 4 4 4 4 4 4 4 4 4 4 4 4 4 4 4 4 4 4 4 4 4 4 4 4 4 4 4 4 4 4 4 4 4 4 4 4 4 4 4 4 4 4 4 4 4 4 4 4 4 4 4 4 4 4 4 4 4 4 4 4 4 4 4 4 4 4 4 4 4 4 4 4 4 4 4 4 4 4 4 4 4 4 4 4 4 4 4 4 4 4 4 4 4 4 4 4 4 4 4 4 4 4 4 4 4 4 4 4 4 4 4 4 4 4 4 4 4 4 4 4 4 4 4 4 4 4 4 4 4 4 4 4 4 4 4 4 4 4 4 4 4 4 4 4 4 4 4 4 4 4 4 4 4 4 4 4 4 4 4 4 4 4 4 4 4 4 4 4 4 4 4 4 4 4 4 4 4 4 4 4 4 4 4 4 4 4 4 4 4 4 4 4 4 4 4 4 4 4 4 4 4 4 4 4 4 4 4 4 4 4 4 4 4 4 4 4 4 4 4 4 4 4 4 4 4 4 4 4 4 4 4 4 4 4 4 4 4 4 4 4 4 4 4 4 4 4 4 4 4 4 4 4 4 4 4 4 4 4 4 4 4 4 4 4 4 4 4 4 4 4 4 4 4 4 4 4 4 4 4 4 4 4 4 4 4 4 4 4 4 4 4 4 4 4 4 4 4 4 4 4 4 4 4 4 4 4 4 4 4 4 4 4 4 4 4 4 4 4 4 4 4 4 4 4 4 4 4 4 4 4 4 4 4 4 4 4 4 4 4 4 4 4 4 4 4 4 4 4 4 4 4 4 4 4 4 4 4 4 4 4 4 4 4 4 4 4 4 4 4 4 4 4 4 4 4 4 4 4 4 4 4 4 4 4 4 4 4 4 4 4 4 4 4 4 4 4 4 4 4 4 4 4 4 4 4 4 4 4 4 4 4 4 4 4 4 4 4 4 4 4 4 4 4 4 4 4 4 4 4 4 4 4 4 4 4 4 4 4 4 4 4 4 4 4 4 4 4 4 4 4 4 4 4 4 4 4 4 4 4 4 4 4 4 4 4 4 4 4 4 4 4 4 4 4 4 4 4 4 4 4 4 4 4 4 4 4 4 4 4 4 4 4 4 4 4 4 4 4 4 4 4 4 4 4 4 4 4 4 4 4 4 4 4 4 4 4 4 4 4 4 4 4 4 4 4 4 4 4 4 4 4 4 4 4 4 4 4 4 4 4 4 4 4 4 4 4 4 4 4 4 4 4 4 4 4 4 4 4 4 4 4 4 4 4 4 4 4 4 4 4 4 4 4 4 4 4 4 4 4 4 4 4 4 4 4 4 4 4 4 4 4 4 4 4 4 4 4 4 4 4 4 4 4 4 4 4 4 4 4 4 4 4 4 4 4 4 4 4 4 4 4 4 4 4 4 4 4 4 4 4 4 4 4 4 4 4 4 4 4 4 4 4 4 4 4 4 4 4 4 4 4 4 4 4 4 4 4 4 4 4 4 4 4 4 4 4 4 4 4 4 4 4 4 4 4 4 4 4 4 4 4 4 4 4 4 4 4 4 4 4 4 4 4 4 4 4 4 4 4 4 4 4 4 4 4 4 4 4 4 4 4 4 4 4 4 4 4 4 4 4 4 4 4 4 4 4 4 4 4 4 4 4 4 4 4 4 4 4 4 4 4 4 4 4 4 4 4 4 4 4 4 4 4 4 4 4 4 4 4 4 4 4 4 4 4 4 4 4 4 4 4 4 4 4 4 4 4 4 4 4 4 4 4 4 4 4 4 4 4 4 4 4 4 4 4 4 4 4 4 4 4 4 4 4 4 4 4 4 4 4 4 4 4 4 4 4 4 4 4 4 4 4 4 4 4 4 4 4 4 4 4 4 4 4 4 4 4 4 4 4 4 4 4 4 4 4 4 4 4 4 4 4 4 4 4 4 4 4 4 4 4 4 4 4 4 4 4 4 4 4 4 4 4 4 4 4 4 4 4 4 4 4 4 4 4 4 4 4 4 4 4 4 4 4 4 4 4 4 4 4 4 4 4 4 4 4 4 4 4 4 4 4 4 4 4 4 4 4 4 4 4 4 4 4 4 4 4 4 4 4 4 4 4 4 4 4 4 4 4 4 4 4 4 4 4 4 4 4 4 4 4 4 4 4 4 4 4 4 4 4 4 4 4 4 4 4 4 4 4 4 4 4 4 4 4 4 4 4 4 4 4 4 4 4 4 4 4 4 4 4 4 4 4 4 4 4 4 4 4 4 4 4 4 4 4 4 4 4 4 4 4 4 4 4 4 4 4 4 4 4 4 4 4 4 4 4 4 4 4 4 4 4 4 4 4 4 4 4 4 4 4 4 4 4 4 4 4 4 4 4 4 4 4 4 4 4 4 4 4 4 4 4 4 4 4 4 4 4 4 4 4 4 4 4 4 4 4 4 4 4 4 4 4 4 4 4 4 4 4 4 4 4 4 4 4 4 4 4 4 4 4 4 4 4 4 4 4 4 4 4 4 4 4 4 4 4 4 4 4 4 4 4 4 4 4 4 4 4 4 4 4 4 4 4 4 4 4 4 4 4 4 4 4 4 4 4 4 4 4 4 4 4 4 4 4 4 4 4 4 4 4 4 4 4 4 4 4 4 4 4 4 4 4 4 4 4 4 4 4 4 4 4 4 4 4 4 4 4 4 4 4 4 4 4 4 4 4 4 4 4 4 4 4 4 4 4 4 4 4 4 4 4 4 4 4 4 4 4 4 4 4 4 4 4 4 4 4 4 4 4 4 4 4 4 4 4 4 4 4 4 4 4 4 4 4 4 4 4 4 4 4 4 4 4 4 4 4 4 4 4 4 4 4 4 4 4 4 4 4 4 4 4 4 4 4 4 4 4 4 4 4 4 4 4 4 4 4 4 4 4 4 4 4 4 4 4 4 4 4 4 4 4 4 4 4 4 4 4 4 4 4 4 4 4 4 4 4 4 4 4 4 4 4 4 4 4 4 4 4 4 4 4 4 4 4 4 4 4 4 4 4 4 4 4 4 4 4 4 4 4 4 4 4 4 4 4 4 4 4 4 4 4 4 4 4 4 4 4 4 4 4 4 4 4 4 4 4 4 4 4 4 4 4 4 4 4 4 4 4 4 4 4 4 4 4 4 4 4 4 4 4 4 4 4 4 4 4 4 4 4 4 4 4 4 4 4 4 4 4 4 4 4 4 4 4 4 4 4 4 4 4 4 4 4 4 4 4 4 4 4 4 4 4 4 4 4 4 4 4 4 4 4 4 4 4 4 4 4 4 4 4 4 4 4 4 4 4 4 4 4 4 4 4 4 4 4 4 4 4 4 4 4 4 4 4 4 4 4 4 4 4 4 4 4 4 4 4 4 4 4 4 4 4 4 4 4 4 4 4 4 4 4 4 4 4 4 4 4 4 4 4 4 4 4 4 4 4 4 4 4 4 4 4 4 4 4 4 4 4 4 4 4 4 4 4 4 4 4 4 4 4 4 4 4 4 4 4 4 4 4 4 4 4 4 4 4 4 4 4 4 4 4 4 4 4 4 4 4 4 4 4 4 4 4 4 4 4 4 4 4 4 4 4 4 4 4 4 4 4 4 4 4 4 4 4 4 4 4 4 4 4 4 4 4 4 4 4 4 4 4 4 4 4 4 4 4 4 4 4 4 4 4 4 4 4 4 4 4 4 4 4 4 4 4 4 4 4 4 4 4 4 4 4 4 4 4 4 4 4 4 4 4 4 4 4 4 4 4 4 4 4 4 4 4 4 4 4 4 4 4 4 4 4 4 4 4 4 4 4 4 4 4 4 4 4 4 4 4 4 4 4 4 4 4 4 4 4 4 4 4 4 4 4 
        </DataArray>
        <DataArray type="Int32" Name="N_Interp_IP0" format="ascii">
4 4 4 4 4 4 4 4 4 4 4 4 4 4 4 4 4 4 4 4 4 4 4 4 4 4 4 4 4 4 4 4 4 4 4 4 4 4 4 4 4 4 4 4 4 4 4 4 4 4 4 4 4 4 4 4 4 4 4 4 4 4 4 4 4 4 4 4 4 4 4 4 4 4 4 4 4 4 4 4 4 4 4 4 4 4 4 4 4 4 4 4 4 4 4 4 4 4 4 4 4 4 4 4 4 4 4 4 4 4 4 4 4 4 4 4 4 4 4 4 4 4 4 4 4 4 4 4 4 4 4 4 4 4 4 4 4 4 4 4 4 4 4 4 4 4 4 4 4 4 4 4 4 4 4 4 4 4 4 4 4 4 4 4 4 4 4 4 4 4 4 4 4 4 4 4 4 4 4 4 4 4 4 4 4 4 4 4 4 4 4 4 4 4 4 4 4 4 4 4 4 4 4 4 4 4 4 4 4 4 4 4 4 4 4 4 4 4 4 4 4 4 4 4 4 4 4 4 4 4 4 4 4 4 4 4 4 4 4 4 4 4 4 4 4 4 4 4 4 4 4 4 4 4 4 4 4 4 4 4 4 4 4 4 4 4 4 4 4 4 4 4 4 4 4 4 4 4 4 4 4 4 4 4 4 4 4 4 4 4 4 4 4 4 4 4 4 4 4 4 4 4 4 4 4 4 4 4 4 4 4 4 4 4 4 4 4 4 4 4 4 4 4 4 4 4 4 4 4 4 4 4 4 4 4 4 4 4 4 4 4 4 4 4 4 4 4 4 4 4 4 4 4 4 4 4 4 4 4 4 4 4 4 4 4 4 4 4 4 4 4 4 4 4 4 4 4 4 4 4 4 4 4 4 4 4 4 4 4 4 4 4 4 4 4 4 4 4 4 4 4 4 4 4 4 4 4 4 4 4 4 4 4 4 4 4 4 4 4 4 4 4 4 4 4 4 4 4 4 4 4 4 4 4 4 4 4 4 4 4 4 4 4 4 4 4 4 4 4 4 4 4 4 4 4 4 4 4 4 4 4 4 4 4 4 4 4 4 4 4 4 4 4 4 4 4 4 4 4 4 4 4 4 4 4 4 4 4 4 4 4 4 4 4 4 4 4 4 4 4 4 4 4 4 4 4 4 4 4 4 4 4 4 4 4 4 4 4 4 4 4 4 4 4 4 4 4 4 4 4 4 4 4 4 4 4 4 4 4 4 4 4 4 4 4 4 4 4 4 4 4 4 4 4 4 4 4 4 4 4 4 4 4 4 4 4 4 4 4 4 4 4 4 4 4 4 4 4 4 4 4 4 4 4 4 4 4 4 4 4 4 4 4 4 4 4 4 4 4 4 4 4 4 4 4 4 4 4 4 4 4 4 4 4 4 4 4 4 4 4 4 4 4 4 4 4 4 4 4 4 4 4 4 4 4 4 4 4 4 4 4 4 4 4 4 4 4 4 4 4 4 4 4 4 4 4 4 4 4 4 4 4 4 4 4 4 4 4 4 4 4 4 4 4 4 4 4 4 4 4 4 4 4 4 4 4 4 4 4 4 4 4 4 4 4 4 4 4 4 4 4 4 4 4 4 4 4 4 4 4 4 4 4 4 4 4 4 4 4 4 4 4 4 4 4 4 4 4 4 4 4 4 4 4 4 4 4 4 4 4 4 4 4 4 4 4 4 4 4 4 4 4 4 4 4 4 4 4 4 4 4 4 4 4 4 4 4 4 4 4 4 4 4 4 4 4 4 4 4 4 4 4 4 4 4 4 4 4 4 4 4 4 4 4 4 4 4 4 4 4 4 4 4 4 4 4 4 4 4 4 4 4 4 4 4 4 4 4 4 4 4 4 4 4 4 4 4 4 4 4 4 4 4 4 4 4 4 4 4 4 4 4 4 4 4 4 4 4 4 4 4 4 4 4 4 4 4 4 4 4 4 4 4 4 4 4 4 4 4 4 4 4 4 4 4 4 4 4 4 4 4 4 4 4 4 4 4 4 4 4 4 4 4 4 4 4 4 4 4 4 4 4 4 4 4 4 4 4 4 4 4 4 4 4 4 4 4 4 4 4 4 4 4 4 4 4 4 4 4 4 4 4 4 4 4 4 4 4 4 4 4 4 4 4 4 4 4 4 4 4 4 4 4 4 4 4 4 4 4 4 4 4 4 4 4 4 4 4 4 4 4 4 4 4 4 4 4 4 4 4 4 4 4 4 4 4 4 4 4 4 4 4 4 4 4 4 4 4 4 4 4 4 4 4 4 4 4 4 4 4 4 4 4 4 4 4 4 4 4 4 4 4 4 4 4 4 4 4 4 4 4 4 4 4 4 4 4 4 4 4 4 4 4 4 4 4 4 4 4 4 4 4 4 4 4 4 4 4 4 4 4 4 4 4 4 4 4 4 4 4 4 4 4 4 4 4 4 4 4 4 4 4 4 4 4 4 4 4 4 4 4 4 4 4 4 4 4 4 4 4 4 4 4 4 4 4 4 4 4 4 4 4 4 4 4 4 4 4 4 4 4 4 4 4 4 4 4 4 4 4 4 4 4 4 4 4 4 4 4 4 4 4 4 4 4 4 4 4 4 4 4 4 4 4 4 4 4 4 4 4 4 4 4 4 4 4 4 4 4 4 4 4 4 4 4 4 4 4 4 4 4 4 4 4 4 4 4 4 4 4 4 4 4 4 4 4 4 4 4 4 4 4 4 4 4 4 4 4 4 4 4 4 4 4 4 4 4 4 4 4 4 4 4 4 4 4 4 4 4 4 4 4 4 4 4 4 4 4 4 4 4 4 4 4 4 4 4 4 4 4 4 4 4 4 4 4 4 4 4 4 4 4 4 4 4 4 4 4 4 4 4 4 4 4 4 4 4 4 4 4 4 4 4 4 4 4 4 4 4 4 4 4 4 4 4 4 4 4 4 4 4 4 4 4 4 4 4 4 4 4 4 4 4 4 4 4 4 4 4 4 4 4 4 4 4 4 4 4 4 4 4 4 4 4 4 4 4 4 4 4 4 4 4 4 4 4 4 4 4 4 4 4 4 4 4 4 4 4 4 4 4 4 4 4 4 4 4 4 4 4 4 4 4 4 4 4 4 4 4 4 4 4 4 4 4 4 4 4 4 4 4 4 4 4 4 4 4 4 4 4 4 4 4 4 4 4 4 4 4 4 4 4 4 4 4 4 4 4 4 4 4 4 4 4 4 4 4 4 4 4 4 4 4 4 4 4 4 4 4 4 4 4 4 4 4 4 4 4 4 4 4 4 4 4 4 4 4 4 4 4 4 4 4 4 4 4 4 4 4 4 4 4 4 4 4 4 4 4 4 4 4 4 4 4 4 4 4 4 4 4 4 4 4 4 4 4 4 4 4 4 4 4 4 4 4 4 4 4 4 4 4 4 4 4 4 4 4 4 4 4 4 4 4 4 4 4 4 4 4 4 4 4 4 4 4 4 4 4 4 4 4 4 4 4 4 4 4 4 4 4 4 4 4 4 4 4 4 4 4 4 4 4 4 4 4 4 4 4 4 4 4 4 4 4 4 4 4 4 4 4 4 4 4 4 4 4 4 4 4 4 4 4 4 4 4 4 4 4 4 4 4 4 4 4 4 4 4 4 4 4 4 4 4 4 4 4 4 4 4 4 4 4 4 4 4 4 4 4 4 4 4 4 4 4 4 4 4 4 4 4 4 4 4 4 4 4 4 4 4 4 4 4 4 4 4 4 4 4 4 4 4 4 4 4 4 4 4 4 4 4 4 4 4 4 4 4 4 4 4 4 4 4 4 4 4 4 4 4 4 4 4 4 4 4 4 4 4 4 4 4 4 4 4 4 4 4 4 4 4 4 4 4 4 4 4 4 4 4 4 4 4 4 4 4 4 4 4 4 4 4 4 4 4 4 4 4 4 4 4 4 4 4 4 4 4 4 4 4 4 4 4 4 4 4 4 4 4 4 4 4 4 4 4 4 4 4 4 4 4 4 4 4 4 4 4 4 4 4 4 4 4 4 4 4 4 4 4 4 4 4 4 4 4 4 4 4 4 4 4 4 4 4 4 4 4 4 4 4 4 4 4 4 4 4 4 4 4 4 4 4 4 4 4 4 4 4 4 4 4 4 4 4 4 4 4 4 4 4 4 4 4 4 4 4 4 4 4 4 4 4 4 4 4 4 4 4 4 4 4 4 4 4 4 4 4 4 4 4 4 4 4 4 4 4 4 4 4 4 4 4 4 4 4 4 4 4 4 4 4 4 4 4 4 4 4 4 4 4 4 4 4 4 4 4 4 4 4 4 4 4 4 4 4 4 4 4 4 4 4 4 4 4 4 4 4 4 4 4 4 4 4 4 4 4 4 4 4 4 4 4 4 4 4 4 4 4 4 4 4 4 4 4 4 4 4 4 4 4 4 4 4 4 4 4 4 4 4 4 4 4 4 4 4 4 4 4 4 4 4 4 4 4 4 4 4 4 4 4 4 4 4 4 4 4 4 4 4 4 4 4 
        </DataArray>
      </CellData>
    </Piece>
  </PolyData>
</VTKFile>
