<?xml version="1.0"?>
<VTKFile type="PolyData" version="1.0" byte_order="LittleEndian" header_type="UInt64">
  <PolyData>
    <Piece NumberOfPoints="2000" NumberOfPolys="2000">
      <Points>
        <DataArray type="Float64" Name="Points" NumberOfComponents="3" format="ascii">
0.8 0 0.0 0.799999 0.000314157 0.0 0.799998 0.000628314 0.0 0.799995 0.000942459 0.0 0.799992 0.0012566 0.0 0.799987 0.00157072 0.0 0.799982 0.00188484 0.0 0.799975 0.00219893 0.0 0.799968 0.00251301 0.0 0.79996 0.00282704 0.0 0.799951 0.00314108 0.0 0.79994 0.00345505 0.0 0.799929 0.00376902 0.0 0.799916 0.00408292 0.0 0.799903 0.00439681 0.0 0.799888 0.00471062 0.0 0.799874 0.00502443 0.0 0.799857 0.00533814 0.0 0.79984 0.00565185 0.0 0.799821 0.00596545 0.0 0.799803 0.00627905 0.0 0.799782 0.00659253 0.0 0.799761 0.006906 0.0 0.799739 0.00721934 0.0 0.799716 0.00753268 0.0 0.799691 0.00784587 0.0 0.799667 0.00815906 0.0 0.79964 0.00847209 0.0 0.799613 0.00878512 0.0 0.799585 0.00909798 0.0 0.799556 0.00941083 0.0 0.799526 0.0097235 0.0 0.799495 0.0100362 0.0 0.799463 0.0103486 0.0 0.79943 0.0106611 0.0 0.799396 0.0109734 0.0 0.799361 0.0112856 0.0 0.799325 0.0115977 0.0 0.799288 0.0119097 0.0 0.79925 0.0122215 0.0 0.799211 0.0125333 0.0 0.799171 0.0128449 0.0 0.799131 0.0131564 0.0 0.799088 0.0134677 0.0 0.799046 0.013779 0.0 0.799002 0.0140901 0.0 0.798958 0.0144011 0.0 0.798911 0.0147118 0.0 0.798865 0.0150226 0.0 0.798817 0.015333 0.0 0.798769 0.0156434 0.0 0.798719 0.0159536 0.0 0.798669 0.0162637 0.0 0.798617 0.0165735 0.0 0.798564 0.0168833 0.0 0.79851 0.0171928 0.0 0.798456 0.0175023 0.0 0.7984 0.0178114 0.0 0.798345 0.0181206 0.0 0.798287 0.0184294 0.0 0.798229 0.0187381 0.0 0.798169 0.0190465 0.0 0.798109 0.0193549 0.0 0.798047 0.019663 0.0 0.797986 0.019971 0.0 0.797922 0.0202786 0.0 0.797858 0.0205863 0.0 0.797792 0.0208935 0.0 0.797727 0.0212007 0.0 0.797659 0.0215075 0.0 0.797592 0.0218143 0.0 0.797522 0.0221207 0.0 0.797453 0.0224271 0.0 0.797381 0.022733 0.0 0.79731 0.0230389 0.0 0.797237 0.0233444 0.0 0.797163 0.0236499 0.0 0.797088 0.0239549 0.0 0.797013 0.0242599 0.0 0.796935 0.0245645 0.0 0.796858 0.024869 0.0 0.796779 0.025173 0.0 0.7967 0.0254771 0.0 0.796619 0.0257806 0.0 0.796538 0.0260842 0.0 0.796455 0.0263872 0.0 0.796372 0.0266902 0.0 0.796288 0.0269927 0.0 0.796203 0.0272952 0.0 0.796116 0.0275972 0.0 0.796029 0.0278991 0.0 0.795941 0.0282005 0.0 0.795852 0.0285019 0.0 0.795762 0.0288028 0.0 0.795671 0.0291036 0.0 0.795579 0.0294039 0.0 0.795486 0.0297042 0.0 0.795392 0.0300038 0.0 0.795298 0.0303035 0.0 0.795202 0.0306026 0.0 0.795106 0.0309017 0.0 0.795008 0.0312002 0.0 0.79491 0.0314987 0.0 0.79481 0.0317965 0.0 0.79471 0.0320944 0.0 0.794608 0.0323916 0.0 0.794506 0.0326888 0.0 0.794403 0.0329854 0.0 0.794299 0.033282 0.0 0.794194 0.0335779 0.0 0.794088 0.0338738 0.0 0.793981 0.034169 0.0 0.793873 0.0344643 0.0 0.793764 0.0347589 0.0 0.793655 0.0350534 0.0 0.793544 0.0353473 0.0 0.793433 0.0356412 0.0 0.79332 0.0359344 0.0 0.793207 0.0362275 0.0 0.793092 0.03652 0.0 0.792978 0.0368125 0.0 0.792861 0.0371042 0.0 0.792745 0.0373959 0.0 0.792626 0.0376869 0.0 0.792508 0.0379779 0.0 0.792387 0.0382682 0.0 0.792267 0.0385584 0.0 0.792145 0.0388479 0.0 0.792023 0.0391374 0.0 0.791899 0.0394261 0.0 0.791775 0.0397148 0.0 0.79165 0.0400027 0.0 0.791524 0.0402906 0.0 0.791397 0.0405778 0.0 0.791269 0.0408649 0.0 0.79114 0.0411512 0.0 0.791011 0.0414376 0.0 0.79088 0.0417231 0.0 0.790748 0.0420086 0.0 0.790616 0.0422933 0.0 0.790483 0.0425779 0.0 0.790348 0.0428618 0.0 0.790213 0.0431456 0.0 0.790077 0.0434286 0.0 0.789941 0.0437116 0.0 0.789802 0.0439937 0.0 0.789664 0.0442758 0.0 0.789524 0.0445571 0.0 0.789384 0.0448383 0.0 0.789242 0.0451187 0.0 0.789101 0.0453991 0.0 0.788957 0.0456785 0.0 0.788814 0.045958 0.0 0.788668 0.0462365 0.0 0.788523 0.0465151 0.0 0.788376 0.0467928 0.0 0.788229 0.0470704 0.0 0.78808 0.0473471 0.0 0.787932 0.0476238 0.0 0.787781 0.0478996 0.0 0.787631 0.0481754 0.0 0.787478 0.0484502 0.0 0.787326 0.048725 0.0 0.787172 0.0489989 0.0 0.787018 0.0492727 0.0 0.786863 0.0495456 0.0 0.786707 0.0498185 0.0 0.78655 0.0500904 0.0 0.786392 0.0503623 0.0 0.786233 0.0506332 0.0 0.786074 0.0509041 0.0 0.785913 0.051174 0.0 0.785753 0.051444 0.0 0.78559 0.0517128 0.0 0.785428 0.0519817 0.0 0.785264 0.0522496 0.0 0.785099 0.0525175 0.0 0.784934 0.0527843 0.0 0.784768 0.0530511 0.0 0.7846 0.0533169 0.0 0.784433 0.0535827 0.0 0.784264 0.0538474 0.0 0.784094 0.0541121 0.0 0.783924 0.0543758 0.0 0.783753 0.0546394 0.0 0.78358 0.054902 0.0 0.783408 0.0551646 0.0 0.783234 0.0554261 0.0 0.78306 0.0556876 0.0 0.782884 0.0559479 0.0 0.782708 0.0562083 0.0 0.782531 0.0564676 0.0 0.782353 0.0567269 0.0 0.782174 0.0569851 0.0 0.781995 0.0572432 0.0 0.781815 0.0575002 0.0 0.781634 0.0577573 0.0 0.781452 0.0580132 0.0 0.781269 0.058269 0.0 0.781086 0.0585238 0.0 0.780902 0.0587785 0.0 0.780716 0.0590321 0.0 0.780531 0.0592857 0.0 0.780344 0.0595381 0.0 0.780157 0.0597905 0.0 0.779968 0.0600417 0.0 0.779779 0.060293 0.0 0.779589 0.060543 0.0 0.779399 0.060793 0.0 0.779207 0.0610419 0.0 0.779016 0.0612907 0.0 0.778822 0.0615383 0.0 0.778629 0.061786 0.0 0.778434 0.0620324 0.0 0.778239 0.0622788 0.0 0.778043 0.062524 0.0 0.777846 0.0627691 0.0 0.777648 0.0630131 0.0 0.77745 0.063257 0.0 0.777251 0.0634997 0.0 0.777051 0.0637424 0.0 0.77685 0.0639838 0.0 0.776649 0.0642253 0.0 0.776447 0.0644654 0.0 0.776244 0.0647056 0.0 0.77604 0.0649445 0.0 0.775836 0.0651834 0.0 0.775631 0.065421 0.0 0.775425 0.0656586 0.0 0.775218 0.0658949 0.0 0.775011 0.0661312 0.0 0.774803 0.0663662 0.0 0.774594 0.0666012 0.0 0.774384 0.0668349 0.0 0.774174 0.0670686 0.0 0.773963 0.0673009 0.0 0.773751 0.0675333 0.0 0.773538 0.0677643 0.0 0.773326 0.0679953 0.0 0.773111 0.068225 0.0 0.772897 0.0684547 0.0 0.772681 0.068683 0.0 0.772465 0.0689114 0.0 0.772248 0.0691384 0.0 0.772031 0.0693653 0.0 0.771812 0.0695909 0.0 0.771594 0.0698165 0.0 0.771374 0.0700408 0.0 0.771154 0.070265 0.0 0.770932 0.0704878 0.0 0.770711 0.0707107 0.0 0.770488 0.0709321 0.0 0.770265 0.0711536 0.0 0.770041 0.0713736 0.0 0.769817 0.0715936 0.0 0.769591 0.0718123 0.0 0.769365 0.0720309 0.0 0.769138 0.0722481 0.0 0.768911 0.0724653 0.0 0.768683 0.0726811 0.0 0.768455 0.0728969 0.0 0.768225 0.0731112 0.0 0.767995 0.0733255 0.0 0.767764 0.0735384 0.0 0.767533 0.0737513 0.0 0.767301 0.0739627 0.0 0.767069 0.0741742 0.0 0.766835 0.0743841 0.0 0.766601 0.0745941 0.0 0.766366 0.0748026 0.0 0.766131 0.0750111 0.0 0.765895 0.0752181 0.0 0.765659 0.0754251 0.0 0.765421 0.0756307 0.0 0.765183 0.0758362 0.0 0.764944 0.0760402 0.0 0.764706 0.0762443 0.0 0.764465 0.0764468 0.0 0.764225 0.0766493 0.0 0.763984 0.0768503 0.0 0.763742 0.0770513 0.0 0.7635 0.0772508 0.0 0.763257 0.0774503 0.0 0.763013 0.0776483 0.0 0.762769 0.0778462 0.0 0.762524 0.0780427 0.0 0.762279 0.0782391 0.0 0.762032 0.078434 0.0 0.761786 0.0786288 0.0 0.761538 0.0788222 0.0 0.761291 0.0790155 0.0 0.761042 0.0792073 0.0 0.760793 0.079399 0.0 0.760543 0.0795892 0.0 0.760293 0.0797794 0.0 0.760042 0.0799681 0.0 0.75979 0.0801567 0.0 0.759538 0.0803437 0.0 0.759286 0.0805308 0.0 0.759032 0.0807162 0.0 0.758779 0.0809017 0.0 0.758524 0.0810856 0.0 0.758269 0.0812694 0.0 0.758013 0.0814517 0.0 0.757757 0.0816339 0.0 0.7575 0.0818146 0.0 0.757243 0.0819952 0.0 0.756985 0.0821742 0.0 0.756727 0.0823533 0.0 0.756468 0.0825307 0.0 0.756208 0.0827081 0.0 0.755948 0.0828838 0.0 0.755688 0.0830596 0.0 0.755426 0.0832337 0.0 0.755165 0.0834078 0.0 0.754902 0.0835803 0.0 0.754639 0.0837528 0.0 0.754376 0.0839236 0.0 0.754112 0.0840945 0.0 0.753847 0.0842636 0.0 0.753583 0.0844328 0.0 0.753317 0.0846003 0.0 0.753051 0.0847678 0.0 0.752784 0.0849336 0.0 0.752517 0.0850994 0.0 0.75225 0.0852636 0.0 0.751982 0.0854277 0.0 0.751713 0.0855902 0.0 0.751444 0.0857527 0.0 0.751174 0.0859134 0.0 0.750904 0.0860742 0.0 0.750633 0.0862333 0.0 0.750362 0.0863923 0.0 0.75009 0.0865497 0.0 0.749819 0.0867071 0.0 0.749546 0.0868627 0.0 0.749273 0.0870184 0.0 0.748999 0.0871723 0.0 0.748725 0.0873262 0.0 0.74845 0.0874785 0.0 0.748175 0.0876307 0.0 0.7479 0.0877811 0.0 0.747624 0.0879316 0.0 0.747347 0.0880804 0.0 0.74707 0.0882291 0.0 0.746793 0.0883761 0.0 0.746515 0.0885231 0.0 0.746237 0.0886684 0.0 0.745958 0.0888136 0.0 0.745679 0.0889571 0.0 0.745399 0.0891007 0.0 0.745119 0.0892424 0.0 0.744838 0.0893841 0.0 0.744557 0.0895241 0.0 0.744276 0.0896641 0.0 0.743994 0.0898023 0.0 0.743712 0.0899405 0.0 0.743429 0.090077 0.0 0.743146 0.0902134 0.0 0.742862 0.0903481 0.0 0.742578 0.0904827 0.0 0.742293 0.0906156 0.0 0.742009 0.0907484 0.0 0.741723 0.0908795 0.0 0.741438 0.0910106 0.0 0.741151 0.0911399 0.0 0.740865 0.0912692 0.0 0.740578 0.0913966 0.0 0.740291 0.0915241 0.0 0.740003 0.0916498 0.0 0.739715 0.0917755 0.0 0.739426 0.0918993 0.0 0.739137 0.0920232 0.0 0.738848 0.0921452 0.0 0.738558 0.0922673 0.0 0.738268 0.0923875 0.0 0.737978 0.0925077 0.0 0.737687 0.0926261 0.0 0.737396 0.0927445 0.0 0.737104 0.0928611 0.0 0.736812 0.0929776 0.0 0.73652 0.0930924 0.0 0.736228 0.0932071 0.0 0.735934 0.09332 0.0 0.735641 0.0934329 0.0 0.735347 0.0935439 0.0 0.735053 0.093655 0.0 0.734759 0.0937642 0.0 0.734464 0.0938734 0.0 0.734169 0.0939807 0.0 0.733874 0.0940881 0.0 0.733578 0.0941936 0.0 0.733282 0.0942991 0.0 0.732985 0.0944027 0.0 0.732689 0.0945063 0.0 0.732392 0.0946081 0.0 0.732094 0.0947098 0.0 0.731797 0.0948097 0.0 0.731499 0.0949096 0.0 0.7312 0.0950076 0.0 0.730902 0.0951057 0.0 0.730603 0.0952018 0.0 0.730304 0.0952979 0.0 0.730004 0.0953922 0.0 0.729704 0.0954865 0.0 0.729404 0.0955788 0.0 0.729104 0.0956712 0.0 0.728803 0.0957617 0.0 0.728502 0.0958522 0.0 0.728201 0.0959408 0.0 0.727899 0.0960294 0.0 0.727597 0.0961161 0.0 0.727295 0.0962028 0.0 0.726993 0.0962876 0.0 0.72669 0.0963724 0.0 0.726387 0.0964553 0.0 0.726084 0.0965382 0.0 0.725781 0.0966192 0.0 0.725477 0.0967001 0.0 0.725173 0.0967792 0.0 0.724869 0.0968583 0.0 0.724564 0.0969355 0.0 0.72426 0.0970127 0.0 0.723955 0.0970879 0.0 0.72365 0.0971632 0.0 0.723344 0.0972365 0.0 0.723039 0.0973099 0.0 0.722733 0.0973813 0.0 0.722427 0.0974527 0.0 0.722121 0.0975222 0.0 0.721814 0.0975917 0.0 0.721508 0.0976592 0.0 0.721201 0.0977268 0.0 0.720893 0.0977925 0.0 0.720586 0.0978581 0.0 0.720279 0.0979218 0.0 0.719971 0.0979855 0.0 0.719663 0.0980473 0.0 0.719355 0.0981091 0.0 0.719047 0.0981689 0.0 0.718738 0.0982287 0.0 0.718429 0.0982866 0.0 0.718121 0.0983445 0.0 0.717811 0.0984005 0.0 0.717502 0.0984564 0.0 0.717193 0.0985104 0.0 0.716883 0.0985645 0.0 0.716574 0.0986165 0.0 0.716264 0.0986686 0.0 0.715954 0.0987187 0.0 0.715643 0.0987688 0.0 0.715333 0.098817 0.0 0.715023 0.0988652 0.0 0.714712 0.0989114 0.0 0.714401 0.0989576 0.0 0.71409 0.0990019 0.0 0.713779 0.0990461 0.0 0.713468 0.0990885 0.0 0.713156 0.0991308 0.0 0.712845 0.0991711 0.0 0.712533 0.0992115 0.0 0.712222 0.0992499 0.0 0.71191 0.0992883 0.0 0.711598 0.0993247 0.0 0.711286 0.0993611 0.0 0.710973 0.0993956 0.0 0.710661 0.0994301 0.0 0.710349 0.0994626 0.0 0.710036 0.0994951 0.0 0.709724 0.0995256 0.0 0.709411 0.0995562 0.0 0.709098 0.0995848 0.0 0.708785 0.0996134 0.0 0.708472 0.09964 0.0 0.708159 0.0996666 0.0 0.707846 0.0996912 0.0 0.707533 0.0997159 0.0 0.707219 0.0997386 0.0 0.706906 0.0997613 0.0 0.706593 0.099782 0.0 0.706279 0.0998027 0.0 0.705965 0.0998214 0.0 0.705652 0.0998402 0.0 0.705338 0.0998569 0.0 0.705024 0.0998737 0.0 0.704711 0.0998885 0.0 0.704397 0.0999033 0.0 0.704083 0.0999161 0.0 0.703769 0.0999289 0.0 0.703455 0.0999398 0.0 0.703141 0.0999507 0.0 0.702827 0.0999595 0.0 0.702513 0.0999684 0.0 0.702199 0.0999753 0.0 0.701885 0.0999822 0.0 0.701571 0.0999872 0.0 0.701257 0.0999921 0.0 0.700942 0.0999951 0.0 0.700628 0.099998 0.0 0.700314 0.099999 0.0 0.7 0.1 0.0 0.699686 0.099999 0.0 0.699372 0.099998 0.0 0.699058 0.0999951 0.0 0.698743 0.0999921 0.0 0.698429 0.0999872 0.0 0.698115 0.0999822 0.0 0.697801 0.0999753 0.0 0.697487 0.0999684 0.0 0.697173 0.0999595 0.0 0.696859 0.0999507 0.0 0.696545 0.0999398 0.0 0.696231 0.0999289 0.0 0.695917 0.0999161 0.0 0.695603 0.0999033 0.0 0.695289 0.0998885 0.0 0.694976 0.0998737 0.0 0.694662 0.0998569 0.0 0.694348 0.0998402 0.0 0.694035 0.0998214 0.0 0.693721 0.0998027 0.0 0.693407 0.099782 0.0 0.693094 0.0997613 0.0 0.692781 0.0997386 0.0 0.692467 0.0997159 0.0 0.692154 0.0996912 0.0 0.691841 0.0996666 0.0 0.691528 0.09964 0.0 0.691215 0.0996134 0.0 0.690902 0.0995848 0.0 0.690589 0.0995562 0.0 0.690276 0.0995256 0.0 0.689964 0.0994951 0.0 0.689651 0.0994626 0.0 0.689339 0.0994301 0.0 0.689027 0.0993956 0.0 0.688714 0.0993611 0.0 0.688402 0.0993247 0.0 0.68809 0.0992883 0.0 0.687778 0.0992499 0.0 0.687467 0.0992115 0.0 0.687155 0.0991711 0.0 0.686844 0.0991308 0.0 0.686532 0.0990885 0.0 0.686221 0.0990461 0.0 0.68591 0.0990019 0.0 0.685599 0.0989576 0.0 0.685288 0.0989114 0.0 0.684977 0.0988652 0.0 0.684667 0.098817 0.0 0.684357 0.0987688 0.0 0.684046 0.0987187 0.0 0.683736 0.0986686 0.0 0.683426 0.0986165 0.0 0.683117 0.0985645 0.0 0.682807 0.0985104 0.0 0.682498 0.0984564 0.0 0.682189 0.0984005 0.0 0.681879 0.0983445 0.0 0.681571 0.0982866 0.0 0.681262 0.0982287 0.0 0.680953 0.0981689 0.0 0.680645 0.0981091 0.0 0.680337 0.0980473 0.0 0.680029 0.0979855 0.0 0.679721 0.0979218 0.0 0.679414 0.0978581 0.0 0.679107 0.0977925 0.0 0.678799 0.0977268 0.0 0.678492 0.0976592 0.0 0.678186 0.0975917 0.0 0.677879 0.0975222 0.0 0.677573 0.0974527 0.0 0.677267 0.0973813 0.0 0.676961 0.0973099 0.0 0.676656 0.0972365 0.0 0.67635 0.0971632 0.0 0.676045 0.0970879 0.0 0.67574 0.0970127 0.0 0.675436 0.0969355 0.0 0.675131 0.0968583 0.0 0.674827 0.0967792 0.0 0.674523 0.0967001 0.0 0.674219 0.0966192 0.0 0.673916 0.0965382 0.0 0.673613 0.0964553 0.0 0.67331 0.0963724 0.0 0.673007 0.0962876 0.0 0.672705 0.0962028 0.0 0.672403 0.0961161 0.0 0.672101 0.0960294 0.0 0.671799 0.0959408 0.0 0.671498 0.0958522 0.0 0.671197 0.0957617 0.0 0.670896 0.0956712 0.0 0.670596 0.0955788 0.0 0.670296 0.0954865 0.0 0.669996 0.0953922 0.0 0.669696 0.0952979 0.0 0.669397 0.0952018 0.0 0.669098 0.0951057 0.0 0.6688 0.0950076 0.0 0.668501 0.0949096 0.0 0.668203 0.0948097 0.0 0.667906 0.0947098 0.0 0.667608 0.0946081 0.0 0.667311 0.0945063 0.0 0.667015 0.0944027 0.0 0.666718 0.0942991 0.0 0.666422 0.0941936 0.0 0.666126 0.0940881 0.0 0.665831 0.0939807 0.0 0.665536 0.0938734 0.0 0.665241 0.0937642 0.0 0.664947 0.093655 0.0 0.664653 0.0935439 0.0 0.664359 0.0934329 0.0 0.664066 0.09332 0.0 0.663772 0.0932071 0.0 0.66348 0.0930924 0.0 0.663188 0.0929776 0.0 0.662896 0.0928611 0.0 0.662604 0.0927445 0.0 0.662313 0.0926261 0.0 0.662022 0.0925077 0.0 0.661732 0.0923875 0.0 0.661442 0.0922673 0.0 0.661152 0.0921452 0.0 0.660863 0.0920232 0.0 0.660574 0.0918993 0.0 0.660285 0.0917755 0.0 0.659997 0.0916498 0.0 0.659709 0.0915241 0.0 0.659422 0.0913966 0.0 0.659135 0.0912692 0.0 0.658849 0.0911399 0.0 0.658562 0.0910106 0.0 0.658277 0.0908795 0.0 0.657991 0.0907484 0.0 0.657707 0.0906156 0.0 0.657422 0.0904827 0.0 0.657138 0.0903481 0.0 0.656854 0.0902134 0.0 0.656571 0.090077 0.0 0.656288 0.0899405 0.0 0.656006 0.0898023 0.0 0.655724 0.0896641 0.0 0.655443 0.0895241 0.0 0.655162 0.0893841 0.0 0.654881 0.0892424 0.0 0.654601 0.0891007 0.0 0.654321 0.0889571 0.0 0.654042 0.0888136 0.0 0.653763 0.0886684 0.0 0.653485 0.0885231 0.0 0.653207 0.0883761 0.0 0.65293 0.0882291 0.0 0.652653 0.0880804 0.0 0.652376 0.0879316 0.0 0.6521 0.0877811 0.0 0.651825 0.0876307 0.0 0.65155 0.0874785 0.0 0.651275 0.0873262 0.0 0.651001 0.0871723 0.0 0.650727 0.0870184 0.0 0.650454 0.0868627 0.0 0.650181 0.0867071 0.0 0.64991 0.0865497 0.0 0.649638 0.0863923 0.0 0.649367 0.0862333 0.0 0.649096 0.0860742 0.0 0.648826 0.0859134 0.0 0.648556 0.0857527 0.0 0.648287 0.0855902 0.0 0.648018 0.0854277 0.0 0.64775 0.0852636 0.0 0.647483 0.0850994 0.0 0.647216 0.0849336 0.0 0.646949 0.0847678 0.0 0.646683 0.0846003 0.0 0.646417 0.0844328 0.0 0.646153 0.0842636 0.0 0.645888 0.0840945 0.0 0.645624 0.0839236 0.0 0.645361 0.0837528 0.0 0.645098 0.0835803 0.0 0.644835 0.0834078 0.0 0.644574 0.0832337 0.0 0.644312 0.0830596 0.0 0.644052 0.0828838 0.0 0.643792 0.0827081 0.0 0.643532 0.0825307 0.0 0.643273 0.0823533 0.0 0.643015 0.0821742 0.0 0.642757 0.0819952 0.0 0.6425 0.0818146 0.0 0.642243 0.0816339 0.0 0.641987 0.0814517 0.0 0.641731 0.0812694 0.0 0.641476 0.0810856 0.0 0.641221 0.0809017 0.0 0.640968 0.0807162 0.0 0.640714 0.0805308 0.0 0.640462 0.0803437 0.0 0.64021 0.0801567 0.0 0.639958 0.0799681 0.0 0.639707 0.0797794 0.0 0.639457 0.0795892 0.0 0.639207 0.079399 0.0 0.638958 0.0792073 0.0 0.638709 0.0790155 0.0 0.638462 0.0788222 0.0 0.638214 0.0786288 0.0 0.637968 0.078434 0.0 0.637721 0.0782391 0.0 0.637476 0.0780427 0.0 0.637231 0.0778462 0.0 0.636987 0.0776483 0.0 0.636743 0.0774503 0.0 0.6365 0.0772508 0.0 0.636258 0.0770513 0.0 0.636016 0.0768503 0.0 0.635775 0.0766493 0.0 0.635535 0.0764468 0.0 0.635294 0.0762443 0.0 0.635056 0.0760402 0.0 0.634817 0.0758362 0.0 0.634579 0.0756307 0.0 0.634341 0.0754251 0.0 0.634105 0.0752181 0.0 0.633869 0.0750111 0.0 0.633634 0.0748026 0.0 0.633399 0.0745941 0.0 0.633165 0.0743841 0.0 0.632931 0.0741742 0.0 0.632699 0.0739627 0.0 0.632467 0.0737513 0.0 0.632236 0.0735384 0.0 0.632005 0.0733255 0.0 0.631775 0.0731112 0.0 0.631545 0.0728969 0.0 0.631317 0.0726811 0.0 0.631089 0.0724653 0.0 0.630862 0.0722481 0.0 0.630635 0.0720309 0.0 0.630409 0.0718123 0.0 0.630183 0.0715936 0.0 0.629959 0.0713736 0.0 0.629735 0.0711536 0.0 0.629512 0.0709321 0.0 0.629289 0.0707107 0.0 0.629068 0.0704878 0.0 0.628846 0.070265 0.0 0.628626 0.0700408 0.0 0.628406 0.0698165 0.0 0.628188 0.0695909 0.0 0.627969 0.0693653 0.0 0.627752 0.0691384 0.0 0.627535 0.0689114 0.0 0.627319 0.068683 0.0 0.627103 0.0684547 0.0 0.626889 0.068225 0.0 0.626674 0.0679953 0.0 0.626462 0.0677643 0.0 0.626249 0.0675333 0.0 0.626037 0.0673009 0.0 0.625826 0.0670686 0.0 0.625616 0.0668349 0.0 0.625406 0.0666012 0.0 0.625197 0.0663662 0.0 0.624989 0.0661312 0.0 0.624782 0.0658949 0.0 0.624575 0.0656586 0.0 0.624369 0.065421 0.0 0.624164 0.0651834 0.0 0.62396 0.0649445 0.0 0.623756 0.0647056 0.0 0.623553 0.0644654 0.0 0.623351 0.0642253 0.0 0.62315 0.0639838 0.0 0.622949 0.0637424 0.0 0.622749 0.0634997 0.0 0.62255 0.063257 0.0 0.622352 0.0630131 0.0 0.622154 0.0627691 0.0 0.621957 0.062524 0.0 0.621761 0.0622788 0.0 0.621566 0.0620324 0.0 0.621371 0.061786 0.0 0.621178 0.0615383 0.0 0.620984 0.0612907 0.0 0.620793 0.0610419 0.0 0.620601 0.060793 0.0 0.620411 0.060543 0.0 0.620221 0.060293 0.0 0.620032 0.0600417 0.0 0.619843 0.0597905 0.0 0.619656 0.0595381 0.0 0.619469 0.0592857 0.0 0.619284 0.0590321 0.0 0.619098 0.0587785 0.0 0.618914 0.0585238 0.0 0.618731 0.058269 0.0 0.618548 0.0580132 0.0 0.618366 0.0577573 0.0 0.618185 0.0575002 0.0 0.618005 0.0572432 0.0 0.617826 0.0569851 0.0 0.617647 0.0567269 0.0 0.617469 0.0564676 0.0 0.617292 0.0562083 0.0 0.617116 0.0559479 0.0 0.61694 0.0556876 0.0 0.616766 0.0554261 0.0 0.616592 0.0551646 0.0 0.61642 0.054902 0.0 0.616247 0.0546394 0.0 0.616076 0.0543758 0.0 0.615906 0.0541121 0.0 0.615736 0.0538474 0.0 0.615567 0.0535827 0.0 0.6154 0.0533169 0.0 0.615232 0.0530511 0.0 0.615066 0.0527843 0.0 0.614901 0.0525175 0.0 0.614736 0.0522496 0.0 0.614572 0.0519817 0.0 0.61441 0.0517128 0.0 0.614247 0.051444 0.0 0.614087 0.051174 0.0 0.613926 0.0509041 0.0 0.613767 0.0506332 0.0 0.613608 0.0503623 0.0 0.61345 0.0500904 0.0 0.613293 0.0498185 0.0 0.613137 0.0495456 0.0 0.612982 0.0492727 0.0 0.612828 0.0489989 0.0 0.612674 0.048725 0.0 0.612522 0.0484502 0.0 0.612369 0.0481754 0.0 0.612219 0.0478996 0.0 0.612068 0.0476238 0.0 0.61192 0.0473471 0.0 0.611771 0.0470704 0.0 0.611624 0.0467928 0.0 0.611477 0.0465151 0.0 0.611332 0.0462365 0.0 0.611186 0.045958 0.0 0.611043 0.0456785 0.0 0.610899 0.0453991 0.0 0.610758 0.0451187 0.0 0.610616 0.0448383 0.0 0.610476 0.0445571 0.0 0.610336 0.0442758 0.0 0.610198 0.0439937 0.0 0.610059 0.0437116 0.0 0.609923 0.0434286 0.0 0.609787 0.0431456 0.0 0.609652 0.0428618 0.0 0.609517 0.0425779 0.0 0.609384 0.0422933 0.0 0.609252 0.0420086 0.0 0.60912 0.0417231 0.0 0.608989 0.0414376 0.0 0.60886 0.0411512 0.0 0.608731 0.0408649 0.0 0.608603 0.0405778 0.0 0.608476 0.0402906 0.0 0.60835 0.0400027 0.0 0.608225 0.0397148 0.0 0.608101 0.0394261 0.0 0.607977 0.0391374 0.0 0.607855 0.0388479 0.0 0.607733 0.0385584 0.0 0.607613 0.0382682 0.0 0.607492 0.0379779 0.0 0.607374 0.0376869 0.0 0.607255 0.0373959 0.0 0.607139 0.0371042 0.0 0.607022 0.0368125 0.0 0.606908 0.03652 0.0 0.606793 0.0362275 0.0 0.60668 0.0359344 0.0 0.606567 0.0356412 0.0 0.606456 0.0353473 0.0 0.606345 0.0350534 0.0 0.606236 0.0347589 0.0 0.606127 0.0344643 0.0 0.606019 0.034169 0.0 0.605912 0.0338738 0.0 0.605806 0.0335779 0.0 0.605701 0.033282 0.0 0.605597 0.0329854 0.0 0.605494 0.0326888 0.0 0.605392 0.0323916 0.0 0.60529 0.0320944 0.0 0.60519 0.0317965 0.0 0.60509 0.0314987 0.0 0.604992 0.0312002 0.0 0.604894 0.0309017 0.0 0.604798 0.0306026 0.0 0.604702 0.0303035 0.0 0.604608 0.0300038 0.0 0.604514 0.0297042 0.0 0.604421 0.0294039 0.0 0.604329 0.0291036 0.0 0.604238 0.0288028 0.0 0.604148 0.0285019 0.0 0.604059 0.0282005 0.0 0.603971 0.0278991 0.0 0.603884 0.0275972 0.0 0.603797 0.0272952 0.0 0.603712 0.0269927 0.0 0.603628 0.0266902 0.0 0.603545 0.0263872 0.0 0.603462 0.0260842 0.0 0.603381 0.0257806 0.0 0.6033 0.0254771 0.0 0.603221 0.025173 0.0 0.603142 0.024869 0.0 0.603065 0.0245645 0.0 0.602987 0.0242599 0.0 0.602912 0.0239549 0.0 0.602837 0.0236499 0.0 0.602763 0.0233444 0.0 0.60269 0.0230389 0.0 0.602619 0.022733 0.0 0.602547 0.0224271 0.0 0.602478 0.0221207 0.0 0.602408 0.0218143 0.0 0.602341 0.0215075 0.0 0.602273 0.0212007 0.0 0.602208 0.0208935 0.0 0.602142 0.0205863 0.0 0.602078 0.0202786 0.0 0.602014 0.019971 0.0 0.601953 0.019663 0.0 0.601891 0.0193549 0.0 0.601831 0.0190465 0.0 0.601771 0.0187381 0.0 0.601713 0.0184294 0.0 0.601655 0.0181206 0.0 0.6016 0.0178114 0.0 0.601544 0.0175023 0.0 0.60149 0.0171928 0.0 0.601436 0.0168833 0.0 0.601383 0.0165735 0.0 0.601331 0.0162637 0.0 0.601281 0.0159536 0.0 0.601231 0.0156434 0.0 0.601183 0.015333 0.0 0.601135 0.0150226 0.0 0.601089 0.0147118 0.0 0.601042 0.0144011 0.0 0.600998 0.0140901 0.0 0.600954 0.013779 0.0 0.600912 0.0134677 0.0 0.600869 0.0131564 0.0 0.600829 0.0128449 0.0 0.600789 0.0125333 0.0 0.60075 0.0122215 0.0 0.600712 0.0119097 0.0 0.600675 0.0115977 0.0 0.600639 0.0112856 0.0 0.600604 0.0109734 0.0 0.60057 0.0106611 0.0 0.600537 0.0103486 0.0 0.600505 0.0100362 0.0 0.600474 0.0097235 0.0 0.600444 0.00941083 0.0 0.600415 0.00909798 0.0 0.600387 0.00878512 0.0 0.60036 0.00847209 0.0 0.600333 0.00815906 0.0 0.600309 0.00784587 0.0 0.600284 0.00753268 0.0 0.600261 0.00721934 0.0 0.600239 0.006906 0.0 0.600218 0.00659253 0.0 0.600197 0.00627905 0.0 0.600179 0.00596545 0.0 0.60016 0.00565185 0.0 0.600143 0.00533814 0.0 0.600126 0.00502443 0.0 0.600112 0.00471062 0.0 0.600097 0.00439681 0.0 0.600084 0.00408292 0.0 0.600071 0.00376902 0.0 0.60006 0.00345505 0.0 0.600049 0.00314108 0.0 0.60004 0.00282704 0.0 0.600032 0.00251301 0.0 0.600025 0.00219893 0.0 0.600018 0.00188484 0.0 0.600013 0.00157072 0.0 0.600008 0.0012566 0.0 0.600005 0.000942459 0.0 0.600002 0.000628314 0.0 0.600001 0.000314157 0.0 0.6 0 0.0 0.600001 -0.000314157 0.0 0.600002 -0.000628314 0.0 0.600005 -0.000942459 0.0 0.600008 -0.0012566 0.0 0.600013 -0.00157072 0.0 0.600018 -0.00188484 0.0 0.600025 -0.00219893 0.0 0.600032 -0.00251301 0.0 0.60004 -0.00282704 0.0 0.600049 -0.00314108 0.0 0.60006 -0.00345505 0.0 0.600071 -0.00376902 0.0 0.600084 -0.00408292 0.0 0.600097 -0.00439681 0.0 0.600112 -0.00471062 0.0 0.600126 -0.00502443 0.0 0.600143 -0.00533814 0.0 0.60016 -0.00565185 0.0 0.600179 -0.00596545 0.0 0.600197 -0.00627905 0.0 0.600218 -0.00659253 0.0 0.600239 -0.006906 0.0 0.600261 -0.00721934 0.0 0.600284 -0.00753268 0.0 0.600309 -0.00784587 0.0 0.600333 -0.00815906 0.0 0.60036 -0.00847209 0.0 0.600387 -0.00878512 0.0 0.600415 -0.00909798 0.0 0.600444 -0.00941083 0.0 0.600474 -0.0097235 0.0 0.600505 -0.0100362 0.0 0.600537 -0.0103486 0.0 0.60057 -0.0106611 0.0 0.600604 -0.0109734 0.0 0.600639 -0.0112856 0.0 0.600675 -0.0115977 0.0 0.600712 -0.0119097 0.0 0.60075 -0.0122215 0.0 0.600789 -0.0125333 0.0 0.600829 -0.0128449 0.0 0.600869 -0.0131564 0.0 0.600912 -0.0134677 0.0 0.600954 -0.013779 0.0 0.600998 -0.0140901 0.0 0.601042 -0.0144011 0.0 0.601089 -0.0147118 0.0 0.601135 -0.0150226 0.0 0.601183 -0.015333 0.0 0.601231 -0.0156434 0.0 0.601281 -0.0159536 0.0 0.601331 -0.0162637 0.0 0.601383 -0.0165735 0.0 0.601436 -0.0168833 0.0 0.60149 -0.0171928 0.0 0.601544 -0.0175023 0.0 0.6016 -0.0178114 0.0 0.601655 -0.0181206 0.0 0.601713 -0.0184294 0.0 0.601771 -0.0187381 0.0 0.601831 -0.0190465 0.0 0.601891 -0.0193549 0.0 0.601953 -0.019663 0.0 0.602014 -0.019971 0.0 0.602078 -0.0202786 0.0 0.602142 -0.0205863 0.0 0.602208 -0.0208935 0.0 0.602273 -0.0212007 0.0 0.602341 -0.0215075 0.0 0.602408 -0.0218143 0.0 0.602478 -0.0221207 0.0 0.602547 -0.0224271 0.0 0.602619 -0.022733 0.0 0.60269 -0.0230389 0.0 0.602763 -0.0233444 0.0 0.602837 -0.0236499 0.0 0.602912 -0.0239549 0.0 0.602987 -0.0242599 0.0 0.603065 -0.0245645 0.0 0.603142 -0.024869 0.0 0.603221 -0.025173 0.0 0.6033 -0.0254771 0.0 0.603381 -0.0257806 0.0 0.603462 -0.0260842 0.0 0.603545 -0.0263872 0.0 0.603628 -0.0266902 0.0 0.603712 -0.0269927 0.0 0.603797 -0.0272952 0.0 0.603884 -0.0275972 0.0 0.603971 -0.0278991 0.0 0.604059 -0.0282005 0.0 0.604148 -0.0285019 0.0 0.604238 -0.0288028 0.0 0.604329 -0.0291036 0.0 0.604421 -0.0294039 0.0 0.604514 -0.0297042 0.0 0.604608 -0.0300038 0.0 0.604702 -0.0303035 0.0 0.604798 -0.0306026 0.0 0.604894 -0.0309017 0.0 0.604992 -0.0312002 0.0 0.60509 -0.0314987 0.0 0.60519 -0.0317965 0.0 0.60529 -0.0320944 0.0 0.605392 -0.0323916 0.0 0.605494 -0.0326888 0.0 0.605597 -0.0329854 0.0 0.605701 -0.033282 0.0 0.605806 -0.0335779 0.0 0.605912 -0.0338738 0.0 0.606019 -0.034169 0.0 0.606127 -0.0344643 0.0 0.606236 -0.0347589 0.0 0.606345 -0.0350534 0.0 0.606456 -0.0353473 0.0 0.606567 -0.0356412 0.0 0.60668 -0.0359344 0.0 0.606793 -0.0362275 0.0 0.606908 -0.03652 0.0 0.607022 -0.0368125 0.0 0.607139 -0.0371042 0.0 0.607255 -0.0373959 0.0 0.607374 -0.0376869 0.0 0.607492 -0.0379779 0.0 0.607613 -0.0382682 0.0 0.607733 -0.0385584 0.0 0.607855 -0.0388479 0.0 0.607977 -0.0391374 0.0 0.608101 -0.0394261 0.0 0.608225 -0.0397148 0.0 0.60835 -0.0400027 0.0 0.608476 -0.0402906 0.0 0.608603 -0.0405778 0.0 0.608731 -0.0408649 0.0 0.60886 -0.0411512 0.0 0.608989 -0.0414376 0.0 0.60912 -0.0417231 0.0 0.609252 -0.0420086 0.0 0.609384 -0.0422933 0.0 0.609517 -0.0425779 0.0 0.609652 -0.0428618 0.0 0.609787 -0.0431456 0.0 0.609923 -0.0434286 0.0 0.610059 -0.0437116 0.0 0.610198 -0.0439937 0.0 0.610336 -0.0442758 0.0 0.610476 -0.0445571 0.0 0.610616 -0.0448383 0.0 0.610758 -0.0451187 0.0 0.610899 -0.0453991 0.0 0.611043 -0.0456785 0.0 0.611186 -0.045958 0.0 0.611332 -0.0462365 0.0 0.611477 -0.0465151 0.0 0.611624 -0.0467928 0.0 0.611771 -0.0470704 0.0 0.61192 -0.0473471 0.0 0.612068 -0.0476238 0.0 0.612219 -0.0478996 0.0 0.612369 -0.0481754 0.0 0.612522 -0.0484502 0.0 0.612674 -0.048725 0.0 0.612828 -0.0489989 0.0 0.612982 -0.0492727 0.0 0.613137 -0.0495456 0.0 0.613293 -0.0498185 0.0 0.61345 -0.0500904 0.0 0.613608 -0.0503623 0.0 0.613767 -0.0506332 0.0 0.613926 -0.0509041 0.0 0.614087 -0.051174 0.0 0.614247 -0.051444 0.0 0.61441 -0.0517128 0.0 0.614572 -0.0519817 0.0 0.614736 -0.0522496 0.0 0.614901 -0.0525175 0.0 0.615066 -0.0527843 0.0 0.615232 -0.0530511 0.0 0.6154 -0.0533169 0.0 0.615567 -0.0535827 0.0 0.615736 -0.0538474 0.0 0.615906 -0.0541121 0.0 0.616076 -0.0543758 0.0 0.616247 -0.0546394 0.0 0.61642 -0.054902 0.0 0.616592 -0.0551646 0.0 0.616766 -0.0554261 0.0 0.61694 -0.0556876 0.0 0.617116 -0.0559479 0.0 0.617292 -0.0562083 0.0 0.617469 -0.0564676 0.0 0.617647 -0.0567269 0.0 0.617826 -0.0569851 0.0 0.618005 -0.0572432 0.0 0.618185 -0.0575002 0.0 0.618366 -0.0577573 0.0 0.618548 -0.0580132 0.0 0.618731 -0.058269 0.0 0.618914 -0.0585238 0.0 0.619098 -0.0587785 0.0 0.619284 -0.0590321 0.0 0.619469 -0.0592857 0.0 0.619656 -0.0595381 0.0 0.619843 -0.0597905 0.0 0.620032 -0.0600417 0.0 0.620221 -0.060293 0.0 0.620411 -0.060543 0.0 0.620601 -0.060793 0.0 0.620793 -0.0610419 0.0 0.620984 -0.0612907 0.0 0.621178 -0.0615383 0.0 0.621371 -0.061786 0.0 0.621566 -0.0620324 0.0 0.621761 -0.0622788 0.0 0.621957 -0.062524 0.0 0.622154 -0.0627691 0.0 0.622352 -0.0630131 0.0 0.62255 -0.063257 0.0 0.622749 -0.0634997 0.0 0.622949 -0.0637424 0.0 0.62315 -0.0639838 0.0 0.623351 -0.0642253 0.0 0.623553 -0.0644654 0.0 0.623756 -0.0647056 0.0 0.62396 -0.0649445 0.0 0.624164 -0.0651834 0.0 0.624369 -0.065421 0.0 0.624575 -0.0656586 0.0 0.624782 -0.0658949 0.0 0.624989 -0.0661312 0.0 0.625197 -0.0663662 0.0 0.625406 -0.0666012 0.0 0.625616 -0.0668349 0.0 0.625826 -0.0670686 0.0 0.626037 -0.0673009 0.0 0.626249 -0.0675333 0.0 0.626462 -0.0677643 0.0 0.626674 -0.0679953 0.0 0.626889 -0.068225 0.0 0.627103 -0.0684547 0.0 0.627319 -0.068683 0.0 0.627535 -0.0689114 0.0 0.627752 -0.0691384 0.0 0.627969 -0.0693653 0.0 0.628188 -0.0695909 0.0 0.628406 -0.0698165 0.0 0.628626 -0.0700408 0.0 0.628846 -0.070265 0.0 0.629068 -0.0704878 0.0 0.629289 -0.0707107 0.0 0.629512 -0.0709321 0.0 0.629735 -0.0711536 0.0 0.629959 -0.0713736 0.0 0.630183 -0.0715936 0.0 0.630409 -0.0718123 0.0 0.630635 -0.0720309 0.0 0.630862 -0.0722481 0.0 0.631089 -0.0724653 0.0 0.631317 -0.0726811 0.0 0.631545 -0.0728969 0.0 0.631775 -0.0731112 0.0 0.632005 -0.0733255 0.0 0.632236 -0.0735384 0.0 0.632467 -0.0737513 0.0 0.632699 -0.0739627 0.0 0.632931 -0.0741742 0.0 0.633165 -0.0743841 0.0 0.633399 -0.0745941 0.0 0.633634 -0.0748026 0.0 0.633869 -0.0750111 0.0 0.634105 -0.0752181 0.0 0.634341 -0.0754251 0.0 0.634579 -0.0756307 0.0 0.634817 -0.0758362 0.0 0.635056 -0.0760402 0.0 0.635294 -0.0762443 0.0 0.635535 -0.0764468 0.0 0.635775 -0.0766493 0.0 0.636016 -0.0768503 0.0 0.636258 -0.0770513 0.0 0.6365 -0.0772508 0.0 0.636743 -0.0774503 0.0 0.636987 -0.0776483 0.0 0.637231 -0.0778462 0.0 0.637476 -0.0780427 0.0 0.637721 -0.0782391 0.0 0.637968 -0.078434 0.0 0.638214 -0.0786288 0.0 0.638462 -0.0788222 0.0 0.638709 -0.0790155 0.0 0.638958 -0.0792073 0.0 0.639207 -0.079399 0.0 0.639457 -0.0795892 0.0 0.639707 -0.0797794 0.0 0.639958 -0.0799681 0.0 0.64021 -0.0801567 0.0 0.640462 -0.0803437 0.0 0.640714 -0.0805308 0.0 0.640968 -0.0807162 0.0 0.641221 -0.0809017 0.0 0.641476 -0.0810856 0.0 0.641731 -0.0812694 0.0 0.641987 -0.0814517 0.0 0.642243 -0.0816339 0.0 0.6425 -0.0818146 0.0 0.642757 -0.0819952 0.0 0.643015 -0.0821742 0.0 0.643273 -0.0823533 0.0 0.643532 -0.0825307 0.0 0.643792 -0.0827081 0.0 0.644052 -0.0828838 0.0 0.644312 -0.0830596 0.0 0.644574 -0.0832337 0.0 0.644835 -0.0834078 0.0 0.645098 -0.0835803 0.0 0.645361 -0.0837528 0.0 0.645624 -0.0839236 0.0 0.645888 -0.0840945 0.0 0.646153 -0.0842636 0.0 0.646417 -0.0844328 0.0 0.646683 -0.0846003 0.0 0.646949 -0.0847678 0.0 0.647216 -0.0849336 0.0 0.647483 -0.0850994 0.0 0.64775 -0.0852636 0.0 0.648018 -0.0854277 0.0 0.648287 -0.0855902 0.0 0.648556 -0.0857527 0.0 0.648826 -0.0859134 0.0 0.649096 -0.0860742 0.0 0.649367 -0.0862333 0.0 0.649638 -0.0863923 0.0 0.64991 -0.0865497 0.0 0.650181 -0.0867071 0.0 0.650454 -0.0868627 0.0 0.650727 -0.0870184 0.0 0.651001 -0.0871723 0.0 0.651275 -0.0873262 0.0 0.65155 -0.0874785 0.0 0.651825 -0.0876307 0.0 0.6521 -0.0877811 0.0 0.652376 -0.0879316 0.0 0.652653 -0.0880804 0.0 0.65293 -0.0882291 0.0 0.653207 -0.0883761 0.0 0.653485 -0.0885231 0.0 0.653763 -0.0886684 0.0 0.654042 -0.0888136 0.0 0.654321 -0.0889571 0.0 0.654601 -0.0891007 0.0 0.654881 -0.0892424 0.0 0.655162 -0.0893841 0.0 0.655443 -0.0895241 0.0 0.655724 -0.0896641 0.0 0.656006 -0.0898023 0.0 0.656288 -0.0899405 0.0 0.656571 -0.090077 0.0 0.656854 -0.0902134 0.0 0.657138 -0.0903481 0.0 0.657422 -0.0904827 0.0 0.657707 -0.0906156 0.0 0.657991 -0.0907484 0.0 0.658277 -0.0908795 0.0 0.658562 -0.0910106 0.0 0.658849 -0.0911399 0.0 0.659135 -0.0912692 0.0 0.659422 -0.0913966 0.0 0.659709 -0.0915241 0.0 0.659997 -0.0916498 0.0 0.660285 -0.0917755 0.0 0.660574 -0.0918993 0.0 0.660863 -0.0920232 0.0 0.661152 -0.0921452 0.0 0.661442 -0.0922673 0.0 0.661732 -0.0923875 0.0 0.662022 -0.0925077 0.0 0.662313 -0.0926261 0.0 0.662604 -0.0927445 0.0 0.662896 -0.0928611 0.0 0.663188 -0.0929776 0.0 0.66348 -0.0930924 0.0 0.663772 -0.0932071 0.0 0.664066 -0.09332 0.0 0.664359 -0.0934329 0.0 0.664653 -0.0935439 0.0 0.664947 -0.093655 0.0 0.665241 -0.0937642 0.0 0.665536 -0.0938734 0.0 0.665831 -0.0939807 0.0 0.666126 -0.0940881 0.0 0.666422 -0.0941936 0.0 0.666718 -0.0942991 0.0 0.667015 -0.0944027 0.0 0.667311 -0.0945063 0.0 0.667608 -0.0946081 0.0 0.667906 -0.0947098 0.0 0.668203 -0.0948097 0.0 0.668501 -0.0949096 0.0 0.6688 -0.0950076 0.0 0.669098 -0.0951057 0.0 0.669397 -0.0952018 0.0 0.669696 -0.0952979 0.0 0.669996 -0.0953922 0.0 0.670296 -0.0954865 0.0 0.670596 -0.0955788 0.0 0.670896 -0.0956712 0.0 0.671197 -0.0957617 0.0 0.671498 -0.0958522 0.0 0.671799 -0.0959408 0.0 0.672101 -0.0960294 0.0 0.672403 -0.0961161 0.0 0.672705 -0.0962028 0.0 0.673007 -0.0962876 0.0 0.67331 -0.0963724 0.0 0.673613 -0.0964553 0.0 0.673916 -0.0965382 0.0 0.674219 -0.0966192 0.0 0.674523 -0.0967001 0.0 0.674827 -0.0967792 0.0 0.675131 -0.0968583 0.0 0.675436 -0.0969355 0.0 0.67574 -0.0970127 0.0 0.676045 -0.0970879 0.0 0.67635 -0.0971632 0.0 0.676656 -0.0972365 0.0 0.676961 -0.0973099 0.0 0.677267 -0.0973813 0.0 0.677573 -0.0974527 0.0 0.677879 -0.0975222 0.0 0.678186 -0.0975917 0.0 0.678492 -0.0976592 0.0 0.678799 -0.0977268 0.0 0.679107 -0.0977925 0.0 0.679414 -0.0978581 0.0 0.679721 -0.0979218 0.0 0.680029 -0.0979855 0.0 0.680337 -0.0980473 0.0 0.680645 -0.0981091 0.0 0.680953 -0.0981689 0.0 0.681262 -0.0982287 0.0 0.681571 -0.0982866 0.0 0.681879 -0.0983445 0.0 0.682189 -0.0984005 0.0 0.682498 -0.0984564 0.0 0.682807 -0.0985104 0.0 0.683117 -0.0985645 0.0 0.683426 -0.0986165 0.0 0.683736 -0.0986686 0.0 0.684046 -0.0987187 0.0 0.684357 -0.0987688 0.0 0.684667 -0.098817 0.0 0.684977 -0.0988652 0.0 0.685288 -0.0989114 0.0 0.685599 -0.0989576 0.0 0.68591 -0.0990019 0.0 0.686221 -0.0990461 0.0 0.686532 -0.0990885 0.0 0.686844 -0.0991308 0.0 0.687155 -0.0991711 0.0 0.687467 -0.0992115 0.0 0.687778 -0.0992499 0.0 0.68809 -0.0992883 0.0 0.688402 -0.0993247 0.0 0.688714 -0.0993611 0.0 0.689027 -0.0993956 0.0 0.689339 -0.0994301 0.0 0.689651 -0.0994626 0.0 0.689964 -0.0994951 0.0 0.690276 -0.0995256 0.0 0.690589 -0.0995562 0.0 0.690902 -0.0995848 0.0 0.691215 -0.0996134 0.0 0.691528 -0.09964 0.0 0.691841 -0.0996666 0.0 0.692154 -0.0996912 0.0 0.692467 -0.0997159 0.0 0.692781 -0.0997386 0.0 0.693094 -0.0997613 0.0 0.693407 -0.099782 0.0 0.693721 -0.0998027 0.0 0.694035 -0.0998214 0.0 0.694348 -0.0998402 0.0 0.694662 -0.0998569 0.0 0.694976 -0.0998737 0.0 0.695289 -0.0998885 0.0 0.695603 -0.0999033 0.0 0.695917 -0.0999161 0.0 0.696231 -0.0999289 0.0 0.696545 -0.0999398 0.0 0.696859 -0.0999507 0.0 0.697173 -0.0999595 0.0 0.697487 -0.0999684 0.0 0.697801 -0.0999753 0.0 0.698115 -0.0999822 0.0 0.698429 -0.0999872 0.0 0.698743 -0.0999921 0.0 0.699058 -0.0999951 0.0 0.699372 -0.099998 0.0 0.699686 -0.099999 0.0 0.7 -0.1 0.0 0.700314 -0.099999 0.0 0.700628 -0.099998 0.0 0.700942 -0.0999951 0.0 0.701257 -0.0999921 0.0 0.701571 -0.0999872 0.0 0.701885 -0.0999822 0.0 0.702199 -0.0999753 0.0 0.702513 -0.0999684 0.0 0.702827 -0.0999595 0.0 0.703141 -0.0999507 0.0 0.703455 -0.0999398 0.0 0.703769 -0.0999289 0.0 0.704083 -0.0999161 0.0 0.704397 -0.0999033 0.0 0.704711 -0.0998885 0.0 0.705024 -0.0998737 0.0 0.705338 -0.0998569 0.0 0.705652 -0.0998402 0.0 0.705965 -0.0998214 0.0 0.706279 -0.0998027 0.0 0.706593 -0.099782 0.0 0.706906 -0.0997613 0.0 0.707219 -0.0997386 0.0 0.707533 -0.0997159 0.0 0.707846 -0.0996912 0.0 0.708159 -0.0996666 0.0 0.708472 -0.09964 0.0 0.708785 -0.0996134 0.0 0.709098 -0.0995848 0.0 0.709411 -0.0995562 0.0 0.709724 -0.0995256 0.0 0.710036 -0.0994951 0.0 0.710349 -0.0994626 0.0 0.710661 -0.0994301 0.0 0.710973 -0.0993956 0.0 0.711286 -0.0993611 0.0 0.711598 -0.0993247 0.0 0.71191 -0.0992883 0.0 0.712222 -0.0992499 0.0 0.712533 -0.0992115 0.0 0.712845 -0.0991711 0.0 0.713156 -0.0991308 0.0 0.713468 -0.0990885 0.0 0.713779 -0.0990461 0.0 0.71409 -0.0990019 0.0 0.714401 -0.0989576 0.0 0.714712 -0.0989114 0.0 0.715023 -0.0988652 0.0 0.715333 -0.098817 0.0 0.715643 -0.0987688 0.0 0.715954 -0.0987187 0.0 0.716264 -0.0986686 0.0 0.716574 -0.0986165 0.0 0.716883 -0.0985645 0.0 0.717193 -0.0985104 0.0 0.717502 -0.0984564 0.0 0.717811 -0.0984005 0.0 0.718121 -0.0983445 0.0 0.718429 -0.0982866 0.0 0.718738 -0.0982287 0.0 0.719047 -0.0981689 0.0 0.719355 -0.0981091 0.0 0.719663 -0.0980473 0.0 0.719971 -0.0979855 0.0 0.720279 -0.0979218 0.0 0.720586 -0.0978581 0.0 0.720893 -0.0977925 0.0 0.721201 -0.0977268 0.0 0.721508 -0.0976592 0.0 0.721814 -0.0975917 0.0 0.722121 -0.0975222 0.0 0.722427 -0.0974527 0.0 0.722733 -0.0973813 0.0 0.723039 -0.0973099 0.0 0.723344 -0.0972365 0.0 0.72365 -0.0971632 0.0 0.723955 -0.0970879 0.0 0.72426 -0.0970127 0.0 0.724564 -0.0969355 0.0 0.724869 -0.0968583 0.0 0.725173 -0.0967792 0.0 0.725477 -0.0967001 0.0 0.725781 -0.0966192 0.0 0.726084 -0.0965382 0.0 0.726387 -0.0964553 0.0 0.72669 -0.0963724 0.0 0.726993 -0.0962876 0.0 0.727295 -0.0962028 0.0 0.727597 -0.0961161 0.0 0.727899 -0.0960294 0.0 0.728201 -0.0959408 0.0 0.728502 -0.0958522 0.0 0.728803 -0.0957617 0.0 0.729104 -0.0956712 0.0 0.729404 -0.0955788 0.0 0.729704 -0.0954865 0.0 0.730004 -0.0953922 0.0 0.730304 -0.0952979 0.0 0.730603 -0.0952018 0.0 0.730902 -0.0951057 0.0 0.7312 -0.0950076 0.0 0.731499 -0.0949096 0.0 0.731797 -0.0948097 0.0 0.732094 -0.0947098 0.0 0.732392 -0.0946081 0.0 0.732689 -0.0945063 0.0 0.732985 -0.0944027 0.0 0.733282 -0.0942991 0.0 0.733578 -0.0941936 0.0 0.733874 -0.0940881 0.0 0.734169 -0.0939807 0.0 0.734464 -0.0938734 0.0 0.734759 -0.0937642 0.0 0.735053 -0.093655 0.0 0.735347 -0.0935439 0.0 0.735641 -0.0934329 0.0 0.735934 -0.09332 0.0 0.736228 -0.0932071 0.0 0.73652 -0.0930924 0.0 0.736812 -0.0929776 0.0 0.737104 -0.0928611 0.0 0.737396 -0.0927445 0.0 0.737687 -0.0926261 0.0 0.737978 -0.0925077 0.0 0.738268 -0.0923875 0.0 0.738558 -0.0922673 0.0 0.738848 -0.0921452 0.0 0.739137 -0.0920232 0.0 0.739426 -0.0918993 0.0 0.739715 -0.0917755 0.0 0.740003 -0.0916498 0.0 0.740291 -0.0915241 0.0 0.740578 -0.0913966 0.0 0.740865 -0.0912692 0.0 0.741151 -0.0911399 0.0 0.741438 -0.0910106 0.0 0.741723 -0.0908795 0.0 0.742009 -0.0907484 0.0 0.742293 -0.0906156 0.0 0.742578 -0.0904827 0.0 0.742862 -0.0903481 0.0 0.743146 -0.0902134 0.0 0.743429 -0.090077 0.0 0.743712 -0.0899405 0.0 0.743994 -0.0898023 0.0 0.744276 -0.0896641 0.0 0.744557 -0.0895241 0.0 0.744838 -0.0893841 0.0 0.745119 -0.0892424 0.0 0.745399 -0.0891007 0.0 0.745679 -0.0889571 0.0 0.745958 -0.0888136 0.0 0.746237 -0.0886684 0.0 0.746515 -0.0885231 0.0 0.746793 -0.0883761 0.0 0.74707 -0.0882291 0.0 0.747347 -0.0880804 0.0 0.747624 -0.0879316 0.0 0.7479 -0.0877811 0.0 0.748175 -0.0876307 0.0 0.74845 -0.0874785 0.0 0.748725 -0.0873262 0.0 0.748999 -0.0871723 0.0 0.749273 -0.0870184 0.0 0.749546 -0.0868627 0.0 0.749819 -0.0867071 0.0 0.75009 -0.0865497 0.0 0.750362 -0.0863923 0.0 0.750633 -0.0862333 0.0 0.750904 -0.0860742 0.0 0.751174 -0.0859134 0.0 0.751444 -0.0857527 0.0 0.751713 -0.0855902 0.0 0.751982 -0.0854277 0.0 0.75225 -0.0852636 0.0 0.752517 -0.0850994 0.0 0.752784 -0.0849336 0.0 0.753051 -0.0847678 0.0 0.753317 -0.0846003 0.0 0.753583 -0.0844328 0.0 0.753847 -0.0842636 0.0 0.754112 -0.0840945 0.0 0.754376 -0.0839236 0.0 0.754639 -0.0837528 0.0 0.754902 -0.0835803 0.0 0.755165 -0.0834078 0.0 0.755426 -0.0832337 0.0 0.755688 -0.0830596 0.0 0.755948 -0.0828838 0.0 0.756208 -0.0827081 0.0 0.756468 -0.0825307 0.0 0.756727 -0.0823533 0.0 0.756985 -0.0821742 0.0 0.757243 -0.0819952 0.0 0.7575 -0.0818146 0.0 0.757757 -0.0816339 0.0 0.758013 -0.0814517 0.0 0.758269 -0.0812694 0.0 0.758524 -0.0810856 0.0 0.758779 -0.0809017 0.0 0.759032 -0.0807162 0.0 0.759286 -0.0805308 0.0 0.759538 -0.0803437 0.0 0.75979 -0.0801567 0.0 0.760042 -0.0799681 0.0 0.760293 -0.0797794 0.0 0.760543 -0.0795892 0.0 0.760793 -0.079399 0.0 0.761042 -0.0792073 0.0 0.761291 -0.0790155 0.0 0.761538 -0.0788222 0.0 0.761786 -0.0786288 0.0 0.762032 -0.078434 0.0 0.762279 -0.0782391 0.0 0.762524 -0.0780427 0.0 0.762769 -0.0778462 0.0 0.763013 -0.0776483 0.0 0.763257 -0.0774503 0.0 0.7635 -0.0772508 0.0 0.763742 -0.0770513 0.0 0.763984 -0.0768503 0.0 0.764225 -0.0766493 0.0 0.764465 -0.0764468 0.0 0.764706 -0.0762443 0.0 0.764944 -0.0760402 0.0 0.765183 -0.0758362 0.0 0.765421 -0.0756307 0.0 0.765659 -0.0754251 0.0 0.765895 -0.0752181 0.0 0.766131 -0.0750111 0.0 0.766366 -0.0748026 0.0 0.766601 -0.0745941 0.0 0.766835 -0.0743841 0.0 0.767069 -0.0741742 0.0 0.767301 -0.0739627 0.0 0.767533 -0.0737513 0.0 0.767764 -0.0735384 0.0 0.767995 -0.0733255 0.0 0.768225 -0.0731112 0.0 0.768455 -0.0728969 0.0 0.768683 -0.0726811 0.0 0.768911 -0.0724653 0.0 0.769138 -0.0722481 0.0 0.769365 -0.0720309 0.0 0.769591 -0.0718123 0.0 0.769817 -0.0715936 0.0 0.770041 -0.0713736 0.0 0.770265 -0.0711536 0.0 0.770488 -0.0709321 0.0 0.770711 -0.0707107 0.0 0.770932 -0.0704878 0.0 0.771154 -0.070265 0.0 0.771374 -0.0700408 0.0 0.771594 -0.0698165 0.0 0.771812 -0.0695909 0.0 0.772031 -0.0693653 0.0 0.772248 -0.0691384 0.0 0.772465 -0.0689114 0.0 0.772681 -0.068683 0.0 0.772897 -0.0684547 0.0 0.773111 -0.068225 0.0 0.773326 -0.0679953 0.0 0.773538 -0.0677643 0.0 0.773751 -0.0675333 0.0 0.773963 -0.0673009 0.0 0.774174 -0.0670686 0.0 0.774384 -0.0668349 0.0 0.774594 -0.0666012 0.0 0.774803 -0.0663662 0.0 0.775011 -0.0661312 0.0 0.775218 -0.0658949 0.0 0.775425 -0.0656586 0.0 0.775631 -0.065421 0.0 0.775836 -0.0651834 0.0 0.77604 -0.0649445 0.0 0.776244 -0.0647056 0.0 0.776447 -0.0644654 0.0 0.776649 -0.0642253 0.0 0.77685 -0.0639838 0.0 0.777051 -0.0637424 0.0 0.777251 -0.0634997 0.0 0.77745 -0.063257 0.0 0.777648 -0.0630131 0.0 0.777846 -0.0627691 0.0 0.778043 -0.062524 0.0 0.778239 -0.0622788 0.0 0.778434 -0.0620324 0.0 0.778629 -0.061786 0.0 0.778822 -0.0615383 0.0 0.779016 -0.0612907 0.0 0.779207 -0.0610419 0.0 0.779399 -0.060793 0.0 0.779589 -0.060543 0.0 0.779779 -0.060293 0.0 0.779968 -0.0600417 0.0 0.780157 -0.0597905 0.0 0.780344 -0.0595381 0.0 0.780531 -0.0592857 0.0 0.780716 -0.0590321 0.0 0.780902 -0.0587785 0.0 0.781086 -0.0585238 0.0 0.781269 -0.058269 0.0 0.781452 -0.0580132 0.0 0.781634 -0.0577573 0.0 0.781815 -0.0575002 0.0 0.781995 -0.0572432 0.0 0.782174 -0.0569851 0.0 0.782353 -0.0567269 0.0 0.782531 -0.0564676 0.0 0.782708 -0.0562083 0.0 0.782884 -0.0559479 0.0 0.78306 -0.0556876 0.0 0.783234 -0.0554261 0.0 0.783408 -0.0551646 0.0 0.78358 -0.054902 0.0 0.783753 -0.0546394 0.0 0.783924 -0.0543758 0.0 0.784094 -0.0541121 0.0 0.784264 -0.0538474 0.0 0.784433 -0.0535827 0.0 0.7846 -0.0533169 0.0 0.784768 -0.0530511 0.0 0.784934 -0.0527843 0.0 0.785099 -0.0525175 0.0 0.785264 -0.0522496 0.0 0.785428 -0.0519817 0.0 0.78559 -0.0517128 0.0 0.785753 -0.051444 0.0 0.785913 -0.051174 0.0 0.786074 -0.0509041 0.0 0.786233 -0.0506332 0.0 0.786392 -0.0503623 0.0 0.78655 -0.0500904 0.0 0.786707 -0.0498185 0.0 0.786863 -0.0495456 0.0 0.787018 -0.0492727 0.0 0.787172 -0.0489989 0.0 0.787326 -0.048725 0.0 0.787478 -0.0484502 0.0 0.787631 -0.0481754 0.0 0.787781 -0.0478996 0.0 0.787932 -0.0476238 0.0 0.78808 -0.0473471 0.0 0.788229 -0.0470704 0.0 0.788376 -0.0467928 0.0 0.788523 -0.0465151 0.0 0.788668 -0.0462365 0.0 0.788814 -0.045958 0.0 0.788957 -0.0456785 0.0 0.789101 -0.0453991 0.0 0.789242 -0.0451187 0.0 0.789384 -0.0448383 0.0 0.789524 -0.0445571 0.0 0.789664 -0.0442758 0.0 0.789802 -0.0439937 0.0 0.789941 -0.0437116 0.0 0.790077 -0.0434286 0.0 0.790213 -0.0431456 0.0 0.790348 -0.0428618 0.0 0.790483 -0.0425779 0.0 0.790616 -0.0422933 0.0 0.790748 -0.0420086 0.0 0.79088 -0.0417231 0.0 0.791011 -0.0414376 0.0 0.79114 -0.0411512 0.0 0.791269 -0.0408649 0.0 0.791397 -0.0405778 0.0 0.791524 -0.0402906 0.0 0.79165 -0.0400027 0.0 0.791775 -0.0397148 0.0 0.791899 -0.0394261 0.0 0.792023 -0.0391374 0.0 0.792145 -0.0388479 0.0 0.792267 -0.0385584 0.0 0.792387 -0.0382682 0.0 0.792508 -0.0379779 0.0 0.792626 -0.0376869 0.0 0.792745 -0.0373959 0.0 0.792861 -0.0371042 0.0 0.792978 -0.0368125 0.0 0.793092 -0.03652 0.0 0.793207 -0.0362275 0.0 0.79332 -0.0359344 0.0 0.793433 -0.0356412 0.0 0.793544 -0.0353473 0.0 0.793655 -0.0350534 0.0 0.793764 -0.0347589 0.0 0.793873 -0.0344643 0.0 0.793981 -0.034169 0.0 0.794088 -0.0338738 0.0 0.794194 -0.0335779 0.0 0.794299 -0.033282 0.0 0.794403 -0.0329854 0.0 0.794506 -0.0326888 0.0 0.794608 -0.0323916 0.0 0.79471 -0.0320944 0.0 0.79481 -0.0317965 0.0 0.79491 -0.0314987 0.0 0.795008 -0.0312002 0.0 0.795106 -0.0309017 0.0 0.795202 -0.0306026 0.0 0.795298 -0.0303035 0.0 0.795392 -0.0300038 0.0 0.795486 -0.0297042 0.0 0.795579 -0.0294039 0.0 0.795671 -0.0291036 0.0 0.795762 -0.0288028 0.0 0.795852 -0.0285019 0.0 0.795941 -0.0282005 0.0 0.796029 -0.0278991 0.0 0.796116 -0.0275972 0.0 0.796203 -0.0272952 0.0 0.796288 -0.0269927 0.0 0.796372 -0.0266902 0.0 0.796455 -0.0263872 0.0 0.796538 -0.0260842 0.0 0.796619 -0.0257806 0.0 0.7967 -0.0254771 0.0 0.796779 -0.025173 0.0 0.796858 -0.024869 0.0 0.796935 -0.0245645 0.0 0.797013 -0.0242599 0.0 0.797088 -0.0239549 0.0 0.797163 -0.0236499 0.0 0.797237 -0.0233444 0.0 0.79731 -0.0230389 0.0 0.797381 -0.022733 0.0 0.797453 -0.0224271 0.0 0.797522 -0.0221207 0.0 0.797592 -0.0218143 0.0 0.797659 -0.0215075 0.0 0.797727 -0.0212007 0.0 0.797792 -0.0208935 0.0 0.797858 -0.0205863 0.0 0.797922 -0.0202786 0.0 0.797986 -0.019971 0.0 0.798047 -0.019663 0.0 0.798109 -0.0193549 0.0 0.798169 -0.0190465 0.0 0.798229 -0.0187381 0.0 0.798287 -0.0184294 0.0 0.798345 -0.0181206 0.0 0.7984 -0.0178114 0.0 0.798456 -0.0175023 0.0 0.79851 -0.0171928 0.0 0.798564 -0.0168833 0.0 0.798617 -0.0165735 0.0 0.798669 -0.0162637 0.0 0.798719 -0.0159536 0.0 0.798769 -0.0156434 0.0 0.798817 -0.015333 0.0 0.798865 -0.0150226 0.0 0.798911 -0.0147118 0.0 0.798958 -0.0144011 0.0 0.799002 -0.0140901 0.0 0.799046 -0.013779 0.0 0.799088 -0.0134677 0.0 0.799131 -0.0131564 0.0 0.799171 -0.0128449 0.0 0.799211 -0.0125333 0.0 0.79925 -0.0122215 0.0 0.799288 -0.0119097 0.0 0.799325 -0.0115977 0.0 0.799361 -0.0112856 0.0 0.799396 -0.0109734 0.0 0.79943 -0.0106611 0.0 0.799463 -0.0103486 0.0 0.799495 -0.0100362 0.0 0.799526 -0.0097235 0.0 0.799556 -0.00941083 0.0 0.799585 -0.00909798 0.0 0.799613 -0.00878512 0.0 0.79964 -0.00847209 0.0 0.799667 -0.00815906 0.0 0.799691 -0.00784587 0.0 0.799716 -0.00753268 0.0 0.799739 -0.00721934 0.0 0.799761 -0.006906 0.0 0.799782 -0.00659253 0.0 0.799803 -0.00627905 0.0 0.799821 -0.00596545 0.0 0.79984 -0.00565185 0.0 0.799857 -0.00533814 0.0 0.799874 -0.00502443 0.0 0.799888 -0.00471062 0.0 0.799903 -0.00439681 0.0 0.799916 -0.00408292 0.0 0.799929 -0.00376902 0.0 0.79994 -0.00345505 0.0 0.799951 -0.00314108 0.0 0.79996 -0.00282704 0.0 0.799968 -0.00251301 0.0 0.799975 -0.00219893 0.0 0.799982 -0.00188484 0.0 0.799987 -0.00157072 0.0 0.799992 -0.0012566 0.0 0.799995 -0.000942459 0.0 0.799998 -0.000628314 0.0 0.799999 -0.000314157 0.0 
        </DataArray>
      </Points>
      <Polys>
        <DataArray type="Int64" Name="connectivity" format="ascii">
0 1 1 2 2 3 3 4 4 5 5 6 6 7 7 8 8 9 9 10 10 11 11 12 12 13 13 14 14 15 15 16 16 17 17 18 18 19 19 20 20 21 21 22 22 23 23 24 24 25 25 26 26 27 27 28 28 29 29 30 30 31 31 32 32 33 33 34 34 35 35 36 36 37 37 38 38 39 39 40 40 41 41 42 42 43 43 44 44 45 45 46 46 47 47 48 48 49 49 50 50 51 51 52 52 53 53 54 54 55 55 56 56 57 57 58 58 59 59 60 60 61 61 62 62 63 63 64 64 65 65 66 66 67 67 68 68 69 69 70 70 71 71 72 72 73 73 74 74 75 75 76 76 77 77 78 78 79 79 80 80 81 81 82 82 83 83 84 84 85 85 86 86 87 87 88 88 89 89 90 90 91 91 92 92 93 93 94 94 95 95 96 96 97 97 98 98 99 99 100 100 101 101 102 102 103 103 104 104 105 105 106 106 107 107 108 108 109 109 110 110 111 111 112 112 113 113 114 114 115 115 116 116 117 117 118 118 119 119 120 120 121 121 122 122 123 123 124 124 125 125 126 126 127 127 128 128 129 129 130 130 131 131 132 132 133 133 134 134 135 135 136 136 137 137 138 138 139 139 140 140 141 141 142 142 143 143 144 144 145 145 146 146 147 147 148 148 149 149 150 150 151 151 152 152 153 153 154 154 155 155 156 156 157 157 158 158 159 159 160 160 161 161 162 162 163 163 164 164 165 165 166 166 167 167 168 168 169 169 170 170 171 171 172 172 173 173 174 174 175 175 176 176 177 177 178 178 179 179 180 180 181 181 182 182 183 183 184 184 185 185 186 186 187 187 188 188 189 189 190 190 191 191 192 192 193 193 194 194 195 195 196 196 197 197 198 198 199 199 200 200 201 201 202 202 203 203 204 204 205 205 206 206 207 207 208 208 209 209 210 210 211 211 212 212 213 213 214 214 215 215 216 216 217 217 218 218 219 219 220 220 221 221 222 222 223 223 224 224 225 225 226 226 227 227 228 228 229 229 230 230 231 231 232 232 233 233 234 234 235 235 236 236 237 237 238 238 239 239 240 240 241 241 242 242 243 243 244 244 245 245 246 246 247 247 248 248 249 249 250 250 251 251 252 252 253 253 254 254 255 255 256 256 257 257 258 258 259 259 260 260 261 261 262 262 263 263 264 264 265 265 266 266 267 267 268 268 269 269 270 270 271 271 272 272 273 273 274 274 275 275 276 276 277 277 278 278 279 279 280 280 281 281 282 282 283 283 284 284 285 285 286 286 287 287 288 288 289 289 290 290 291 291 292 292 293 293 294 294 295 295 296 296 297 297 298 298 299 299 300 300 301 301 302 302 303 303 304 304 305 305 306 306 307 307 308 308 309 309 310 310 311 311 312 312 313 313 314 314 315 315 316 316 317 317 318 318 319 319 320 320 321 321 322 322 323 323 324 324 325 325 326 326 327 327 328 328 329 329 330 330 331 331 332 332 333 333 334 334 335 335 336 336 337 337 338 338 339 339 340 340 341 341 342 342 343 343 344 344 345 345 346 346 347 347 348 348 349 349 350 350 351 351 352 352 353 353 354 354 355 355 356 356 357 357 358 358 359 359 360 360 361 361 362 362 363 363 364 364 365 365 366 366 367 367 368 368 369 369 370 370 371 371 372 372 373 373 374 374 375 375 376 376 377 377 378 378 379 379 380 380 381 381 382 382 383 383 384 384 385 385 386 386 387 387 388 388 389 389 390 390 391 391 392 392 393 393 394 394 395 395 396 396 397 397 398 398 399 399 400 400 401 401 402 402 403 403 404 404 405 405 406 406 407 407 408 408 409 409 410 410 411 411 412 412 413 413 414 414 415 415 416 416 417 417 418 418 419 419 420 420 421 421 422 422 423 423 424 424 425 425 426 426 427 427 428 428 429 429 430 430 431 431 432 432 433 433 434 434 435 435 436 436 437 437 438 438 439 439 440 440 441 441 442 442 443 443 444 444 445 445 446 446 447 447 448 448 449 449 450 450 451 451 452 452 453 453 454 454 455 455 456 456 457 457 458 458 459 459 460 460 461 461 462 462 463 463 464 464 465 465 466 466 467 467 468 468 469 469 470 470 471 471 472 472 473 473 474 474 475 475 476 476 477 477 478 478 479 479 480 480 481 481 482 482 483 483 484 484 485 485 486 486 487 487 488 488 489 489 490 490 491 491 492 492 493 493 494 494 495 495 496 496 497 497 498 498 499 499 500 500 501 501 502 502 503 503 504 504 505 505 506 506 507 507 508 508 509 509 510 510 511 511 512 512 513 513 514 514 515 515 516 516 517 517 518 518 519 519 520 520 521 521 522 522 523 523 524 524 525 525 526 526 527 527 528 528 529 529 530 530 531 531 532 532 533 533 534 534 535 535 536 536 537 537 538 538 539 539 540 540 541 541 542 542 543 543 544 544 545 545 546 546 547 547 548 548 549 549 550 550 551 551 552 552 553 553 554 554 555 555 556 556 557 557 558 558 559 559 560 560 561 561 562 562 563 563 564 564 565 565 566 566 567 567 568 568 569 569 570 570 571 571 572 572 573 573 574 574 575 575 576 576 577 577 578 578 579 579 580 580 581 581 582 582 583 583 584 584 585 585 586 586 587 587 588 588 589 589 590 590 591 591 592 592 593 593 594 594 595 595 596 596 597 597 598 598 599 599 600 600 601 601 602 602 603 603 604 604 605 605 606 606 607 607 608 608 609 609 610 610 611 611 612 612 613 613 614 614 615 615 616 616 617 617 618 618 619 619 620 620 621 621 622 622 623 623 624 624 625 625 626 626 627 627 628 628 629 629 630 630 631 631 632 632 633 633 634 634 635 635 636 636 637 637 638 638 639 639 640 640 641 641 642 642 643 643 644 644 645 645 646 646 647 647 648 648 649 649 650 650 651 651 652 652 653 653 654 654 655 655 656 656 657 657 658 658 659 659 660 660 661 661 662 662 663 663 664 664 665 665 666 666 667 667 668 668 669 669 670 670 671 671 672 672 673 673 674 674 675 675 676 676 677 677 678 678 679 679 680 680 681 681 682 682 683 683 684 684 685 685 686 686 687 687 688 688 689 689 690 690 691 691 692 692 693 693 694 694 695 695 696 696 697 697 698 698 699 699 700 700 701 701 702 702 703 703 704 704 705 705 706 706 707 707 708 708 709 709 710 710 711 711 712 712 713 713 714 714 715 715 716 716 717 717 718 718 719 719 720 720 721 721 722 722 723 723 724 724 725 725 726 726 727 727 728 728 729 729 730 730 731 731 732 732 733 733 734 734 735 735 736 736 737 737 738 738 739 739 740 740 741 741 742 742 743 743 744 744 745 745 746 746 747 747 748 748 749 749 750 750 751 751 752 752 753 753 754 754 755 755 756 756 757 757 758 758 759 759 760 760 761 761 762 762 763 763 764 764 765 765 766 766 767 767 768 768 769 769 770 770 771 771 772 772 773 773 774 774 775 775 776 776 777 777 778 778 779 779 780 780 781 781 782 782 783 783 784 784 785 785 786 786 787 787 788 788 789 789 790 790 791 791 792 792 793 793 794 794 795 795 796 796 797 797 798 798 799 799 800 800 801 801 802 802 803 803 804 804 805 805 806 806 807 807 808 808 809 809 810 810 811 811 812 812 813 813 814 814 815 815 816 816 817 817 818 818 819 819 820 820 821 821 822 822 823 823 824 824 825 825 826 826 827 827 828 828 829 829 830 830 831 831 832 832 833 833 834 834 835 835 836 836 837 837 838 838 839 839 840 840 841 841 842 842 843 843 844 844 845 845 846 846 847 847 848 848 849 849 850 850 851 851 852 852 853 853 854 854 855 855 856 856 857 857 858 858 859 859 860 860 861 861 862 862 863 863 864 864 865 865 866 866 867 867 868 868 869 869 870 870 871 871 872 872 873 873 874 874 875 875 876 876 877 877 878 878 879 879 880 880 881 881 882 882 883 883 884 884 885 885 886 886 887 887 888 888 889 889 890 890 891 891 892 892 893 893 894 894 895 895 896 896 897 897 898 898 899 899 900 900 901 901 902 902 903 903 904 904 905 905 906 906 907 907 908 908 909 909 910 910 911 911 912 912 913 913 914 914 915 915 916 916 917 917 918 918 919 919 920 920 921 921 922 922 923 923 924 924 925 925 926 926 927 927 928 928 929 929 930 930 931 931 932 932 933 933 934 934 935 935 936 936 937 937 938 938 939 939 940 940 941 941 942 942 943 943 944 944 945 945 946 946 947 947 948 948 949 949 950 950 951 951 952 952 953 953 954 954 955 955 956 956 957 957 958 958 959 959 960 960 961 961 962 962 963 963 964 964 965 965 966 966 967 967 968 968 969 969 970 970 971 971 972 972 973 973 974 974 975 975 976 976 977 977 978 978 979 979 980 980 981 981 982 982 983 983 984 984 985 985 986 986 987 987 988 988 989 989 990 990 991 991 992 992 993 993 994 994 995 995 996 996 997 997 998 998 999 999 1000 1000 1001 1001 1002 1002 1003 1003 1004 1004 1005 1005 1006 1006 1007 1007 1008 1008 1009 1009 1010 1010 1011 1011 1012 1012 1013 1013 1014 1014 1015 1015 1016 1016 1017 1017 1018 1018 1019 1019 1020 1020 1021 1021 1022 1022 1023 1023 1024 1024 1025 1025 1026 1026 1027 1027 1028 1028 1029 1029 1030 1030 1031 1031 1032 1032 1033 1033 1034 1034 1035 1035 1036 1036 1037 1037 1038 1038 1039 1039 1040 1040 1041 1041 1042 1042 1043 1043 1044 1044 1045 1045 1046 1046 1047 1047 1048 1048 1049 1049 1050 1050 1051 1051 1052 1052 1053 1053 1054 1054 1055 1055 1056 1056 1057 1057 1058 1058 1059 1059 1060 1060 1061 1061 1062 1062 1063 1063 1064 1064 1065 1065 1066 1066 1067 1067 1068 1068 1069 1069 1070 1070 1071 1071 1072 1072 1073 1073 1074 1074 1075 1075 1076 1076 1077 1077 1078 1078 1079 1079 1080 1080 1081 1081 1082 1082 1083 1083 1084 1084 1085 1085 1086 1086 1087 1087 1088 1088 1089 1089 1090 1090 1091 1091 1092 1092 1093 1093 1094 1094 1095 1095 1096 1096 1097 1097 1098 1098 1099 1099 1100 1100 1101 1101 1102 1102 1103 1103 1104 1104 1105 1105 1106 1106 1107 1107 1108 1108 1109 1109 1110 1110 1111 1111 1112 1112 1113 1113 1114 1114 1115 1115 1116 1116 1117 1117 1118 1118 1119 1119 1120 1120 1121 1121 1122 1122 1123 1123 1124 1124 1125 1125 1126 1126 1127 1127 1128 1128 1129 1129 1130 1130 1131 1131 1132 1132 1133 1133 1134 1134 1135 1135 1136 1136 1137 1137 1138 1138 1139 1139 1140 1140 1141 1141 1142 1142 1143 1143 1144 1144 1145 1145 1146 1146 1147 1147 1148 1148 1149 1149 1150 1150 1151 1151 1152 1152 1153 1153 1154 1154 1155 1155 1156 1156 1157 1157 1158 1158 1159 1159 1160 1160 1161 1161 1162 1162 1163 1163 1164 1164 1165 1165 1166 1166 1167 1167 1168 1168 1169 1169 1170 1170 1171 1171 1172 1172 1173 1173 1174 1174 1175 1175 1176 1176 1177 1177 1178 1178 1179 1179 1180 1180 1181 1181 1182 1182 1183 1183 1184 1184 1185 1185 1186 1186 1187 1187 1188 1188 1189 1189 1190 1190 1191 1191 1192 1192 1193 1193 1194 1194 1195 1195 1196 1196 1197 1197 1198 1198 1199 1199 1200 1200 1201 1201 1202 1202 1203 1203 1204 1204 1205 1205 1206 1206 1207 1207 1208 1208 1209 1209 1210 1210 1211 1211 1212 1212 1213 1213 1214 1214 1215 1215 1216 1216 1217 1217 1218 1218 1219 1219 1220 1220 1221 1221 1222 1222 1223 1223 1224 1224 1225 1225 1226 1226 1227 1227 1228 1228 1229 1229 1230 1230 1231 1231 1232 1232 1233 1233 1234 1234 1235 1235 1236 1236 1237 1237 1238 1238 1239 1239 1240 1240 1241 1241 1242 1242 1243 1243 1244 1244 1245 1245 1246 1246 1247 1247 1248 1248 1249 1249 1250 1250 1251 1251 1252 1252 1253 1253 1254 1254 1255 1255 1256 1256 1257 1257 1258 1258 1259 1259 1260 1260 1261 1261 1262 1262 1263 1263 1264 1264 1265 1265 1266 1266 1267 1267 1268 1268 1269 1269 1270 1270 1271 1271 1272 1272 1273 1273 1274 1274 1275 1275 1276 1276 1277 1277 1278 1278 1279 1279 1280 1280 1281 1281 1282 1282 1283 1283 1284 1284 1285 1285 1286 1286 1287 1287 1288 1288 1289 1289 1290 1290 1291 1291 1292 1292 1293 1293 1294 1294 1295 1295 1296 1296 1297 1297 1298 1298 1299 1299 1300 1300 1301 1301 1302 1302 1303 1303 1304 1304 1305 1305 1306 1306 1307 1307 1308 1308 1309 1309 1310 1310 1311 1311 1312 1312 1313 1313 1314 1314 1315 1315 1316 1316 1317 1317 1318 1318 1319 1319 1320 1320 1321 1321 1322 1322 1323 1323 1324 1324 1325 1325 1326 1326 1327 1327 1328 1328 1329 1329 1330 1330 1331 1331 1332 1332 1333 1333 1334 1334 1335 1335 1336 1336 1337 1337 1338 1338 1339 1339 1340 1340 1341 1341 1342 1342 1343 1343 1344 1344 1345 1345 1346 1346 1347 1347 1348 1348 1349 1349 1350 1350 1351 1351 1352 1352 1353 1353 1354 1354 1355 1355 1356 1356 1357 1357 1358 1358 1359 1359 1360 1360 1361 1361 1362 1362 1363 1363 1364 1364 1365 1365 1366 1366 1367 1367 1368 1368 1369 1369 1370 1370 1371 1371 1372 1372 1373 1373 1374 1374 1375 1375 1376 1376 1377 1377 1378 1378 1379 1379 1380 1380 1381 1381 1382 1382 1383 1383 1384 1384 1385 1385 1386 1386 1387 1387 1388 1388 1389 1389 1390 1390 1391 1391 1392 1392 1393 1393 1394 1394 1395 1395 1396 1396 1397 1397 1398 1398 1399 1399 1400 1400 1401 1401 1402 1402 1403 1403 1404 1404 1405 1405 1406 1406 1407 1407 1408 1408 1409 1409 1410 1410 1411 1411 1412 1412 1413 1413 1414 1414 1415 1415 1416 1416 1417 1417 1418 1418 1419 1419 1420 1420 1421 1421 1422 1422 1423 1423 1424 1424 1425 1425 1426 1426 1427 1427 1428 1428 1429 1429 1430 1430 1431 1431 1432 1432 1433 1433 1434 1434 1435 1435 1436 1436 1437 1437 1438 1438 1439 1439 1440 1440 1441 1441 1442 1442 1443 1443 1444 1444 1445 1445 1446 1446 1447 1447 1448 1448 1449 1449 1450 1450 1451 1451 1452 1452 1453 1453 1454 1454 1455 1455 1456 1456 1457 1457 1458 1458 1459 1459 1460 1460 1461 1461 1462 1462 1463 1463 1464 1464 1465 1465 1466 1466 1467 1467 1468 1468 1469 1469 1470 1470 1471 1471 1472 1472 1473 1473 1474 1474 1475 1475 1476 1476 1477 1477 1478 1478 1479 1479 1480 1480 1481 1481 1482 1482 1483 1483 1484 1484 1485 1485 1486 1486 1487 1487 1488 1488 1489 1489 1490 1490 1491 1491 1492 1492 1493 1493 1494 1494 1495 1495 1496 1496 1497 1497 1498 1498 1499 1499 1500 1500 1501 1501 1502 1502 1503 1503 1504 1504 1505 1505 1506 1506 1507 1507 1508 1508 1509 1509 1510 1510 1511 1511 1512 1512 1513 1513 1514 1514 1515 1515 1516 1516 1517 1517 1518 1518 1519 1519 1520 1520 1521 1521 1522 1522 1523 1523 1524 1524 1525 1525 1526 1526 1527 1527 1528 1528 1529 1529 1530 1530 1531 1531 1532 1532 1533 1533 1534 1534 1535 1535 1536 1536 1537 1537 1538 1538 1539 1539 1540 1540 1541 1541 1542 1542 1543 1543 1544 1544 1545 1545 1546 1546 1547 1547 1548 1548 1549 1549 1550 1550 1551 1551 1552 1552 1553 1553 1554 1554 1555 1555 1556 1556 1557 1557 1558 1558 1559 1559 1560 1560 1561 1561 1562 1562 1563 1563 1564 1564 1565 1565 1566 1566 1567 1567 1568 1568 1569 1569 1570 1570 1571 1571 1572 1572 1573 1573 1574 1574 1575 1575 1576 1576 1577 1577 1578 1578 1579 1579 1580 1580 1581 1581 1582 1582 1583 1583 1584 1584 1585 1585 1586 1586 1587 1587 1588 1588 1589 1589 1590 1590 1591 1591 1592 1592 1593 1593 1594 1594 1595 1595 1596 1596 1597 1597 1598 1598 1599 1599 1600 1600 1601 1601 1602 1602 1603 1603 1604 1604 1605 1605 1606 1606 1607 1607 1608 1608 1609 1609 1610 1610 1611 1611 1612 1612 1613 1613 1614 1614 1615 1615 1616 1616 1617 1617 1618 1618 1619 1619 1620 1620 1621 1621 1622 1622 1623 1623 1624 1624 1625 1625 1626 1626 1627 1627 1628 1628 1629 1629 1630 1630 1631 1631 1632 1632 1633 1633 1634 1634 1635 1635 1636 1636 1637 1637 1638 1638 1639 1639 1640 1640 1641 1641 1642 1642 1643 1643 1644 1644 1645 1645 1646 1646 1647 1647 1648 1648 1649 1649 1650 1650 1651 1651 1652 1652 1653 1653 1654 1654 1655 1655 1656 1656 1657 1657 1658 1658 1659 1659 1660 1660 1661 1661 1662 1662 1663 1663 1664 1664 1665 1665 1666 1666 1667 1667 1668 1668 1669 1669 1670 1670 1671 1671 1672 1672 1673 1673 1674 1674 1675 1675 1676 1676 1677 1677 1678 1678 1679 1679 1680 1680 1681 1681 1682 1682 1683 1683 1684 1684 1685 1685 1686 1686 1687 1687 1688 1688 1689 1689 1690 1690 1691 1691 1692 1692 1693 1693 1694 1694 1695 1695 1696 1696 1697 1697 1698 1698 1699 1699 1700 1700 1701 1701 1702 1702 1703 1703 1704 1704 1705 1705 1706 1706 1707 1707 1708 1708 1709 1709 1710 1710 1711 1711 1712 1712 1713 1713 1714 1714 1715 1715 1716 1716 1717 1717 1718 1718 1719 1719 1720 1720 1721 1721 1722 1722 1723 1723 1724 1724 1725 1725 1726 1726 1727 1727 1728 1728 1729 1729 1730 1730 1731 1731 1732 1732 1733 1733 1734 1734 1735 1735 1736 1736 1737 1737 1738 1738 1739 1739 1740 1740 1741 1741 1742 1742 1743 1743 1744 1744 1745 1745 1746 1746 1747 1747 1748 1748 1749 1749 1750 1750 1751 1751 1752 1752 1753 1753 1754 1754 1755 1755 1756 1756 1757 1757 1758 1758 1759 1759 1760 1760 1761 1761 1762 1762 1763 1763 1764 1764 1765 1765 1766 1766 1767 1767 1768 1768 1769 1769 1770 1770 1771 1771 1772 1772 1773 1773 1774 1774 1775 1775 1776 1776 1777 1777 1778 1778 1779 1779 1780 1780 1781 1781 1782 1782 1783 1783 1784 1784 1785 1785 1786 1786 1787 1787 1788 1788 1789 1789 1790 1790 1791 1791 1792 1792 1793 1793 1794 1794 1795 1795 1796 1796 1797 1797 1798 1798 1799 1799 1800 1800 1801 1801 1802 1802 1803 1803 1804 1804 1805 1805 1806 1806 1807 1807 1808 1808 1809 1809 1810 1810 1811 1811 1812 1812 1813 1813 1814 1814 1815 1815 1816 1816 1817 1817 1818 1818 1819 1819 1820 1820 1821 1821 1822 1822 1823 1823 1824 1824 1825 1825 1826 1826 1827 1827 1828 1828 1829 1829 1830 1830 1831 1831 1832 1832 1833 1833 1834 1834 1835 1835 1836 1836 1837 1837 1838 1838 1839 1839 1840 1840 1841 1841 1842 1842 1843 1843 1844 1844 1845 1845 1846 1846 1847 1847 1848 1848 1849 1849 1850 1850 1851 1851 1852 1852 1853 1853 1854 1854 1855 1855 1856 1856 1857 1857 1858 1858 1859 1859 1860 1860 1861 1861 1862 1862 1863 1863 1864 1864 1865 1865 1866 1866 1867 1867 1868 1868 1869 1869 1870 1870 1871 1871 1872 1872 1873 1873 1874 1874 1875 1875 1876 1876 1877 1877 1878 1878 1879 1879 1880 1880 1881 1881 1882 1882 1883 1883 1884 1884 1885 1885 1886 1886 1887 1887 1888 1888 1889 1889 1890 1890 1891 1891 1892 1892 1893 1893 1894 1894 1895 1895 1896 1896 1897 1897 1898 1898 1899 1899 1900 1900 1901 1901 1902 1902 1903 1903 1904 1904 1905 1905 1906 1906 1907 1907 1908 1908 1909 1909 1910 1910 1911 1911 1912 1912 1913 1913 1914 1914 1915 1915 1916 1916 1917 1917 1918 1918 1919 1919 1920 1920 1921 1921 1922 1922 1923 1923 1924 1924 1925 1925 1926 1926 1927 1927 1928 1928 1929 1929 1930 1930 1931 1931 1932 1932 1933 1933 1934 1934 1935 1935 1936 1936 1937 1937 1938 1938 1939 1939 1940 1940 1941 1941 1942 1942 1943 1943 1944 1944 1945 1945 1946 1946 1947 1947 1948 1948 1949 1949 1950 1950 1951 1951 1952 1952 1953 1953 1954 1954 1955 1955 1956 1956 1957 1957 1958 1958 1959 1959 1960 1960 1961 1961 1962 1962 1963 1963 1964 1964 1965 1965 1966 1966 1967 1967 1968 1968 1969 1969 1970 1970 1971 1971 1972 1972 1973 1973 1974 1974 1975 1975 1976 1976 1977 1977 1978 1978 1979 1979 1980 1980 1981 1981 1982 1982 1983 1983 1984 1984 1985 1985 1986 1986 1987 1987 1988 1988 1989 1989 1990 1990 1991 1991 1992 1992 1993 1993 1994 1994 1995 1995 1996 1996 1997 1997 1998 1998 1999 1999 0 
        </DataArray>
        <DataArray type="Int64" Name="offsets" format="ascii">
2 4 6 8 10 12 14 16 18 20 22 24 26 28 30 32 34 36 38 40 42 44 46 48 50 52 54 56 58 60 62 64 66 68 70 72 74 76 78 80 82 84 86 88 90 92 94 96 98 100 102 104 106 108 110 112 114 116 118 120 122 124 126 128 130 132 134 136 138 140 142 144 146 148 150 152 154 156 158 160 162 164 166 168 170 172 174 176 178 180 182 184 186 188 190 192 194 196 198 200 202 204 206 208 210 212 214 216 218 220 222 224 226 228 230 232 234 236 238 240 242 244 246 248 250 252 254 256 258 260 262 264 266 268 270 272 274 276 278 280 282 284 286 288 290 292 294 296 298 300 302 304 306 308 310 312 314 316 318 320 322 324 326 328 330 332 334 336 338 340 342 344 346 348 350 352 354 356 358 360 362 364 366 368 370 372 374 376 378 380 382 384 386 388 390 392 394 396 398 400 402 404 406 408 410 412 414 416 418 420 422 424 426 428 430 432 434 436 438 440 442 444 446 448 450 452 454 456 458 460 462 464 466 468 470 472 474 476 478 480 482 484 486 488 490 492 494 496 498 500 502 504 506 508 510 512 514 516 518 520 522 524 526 528 530 532 534 536 538 540 542 544 546 548 550 552 554 556 558 560 562 564 566 568 570 572 574 576 578 580 582 584 586 588 590 592 594 596 598 600 602 604 606 608 610 612 614 616 618 620 622 624 626 628 630 632 634 636 638 640 642 644 646 648 650 652 654 656 658 660 662 664 666 668 670 672 674 676 678 680 682 684 686 688 690 692 694 696 698 700 702 704 706 708 710 712 714 716 718 720 722 724 726 728 730 732 734 736 738 740 742 744 746 748 750 752 754 756 758 760 762 764 766 768 770 772 774 776 778 780 782 784 786 788 790 792 794 796 798 800 802 804 806 808 810 812 814 816 818 820 822 824 826 828 830 832 834 836 838 840 842 844 846 848 850 852 854 856 858 860 862 864 866 868 870 872 874 876 878 880 882 884 886 888 890 892 894 896 898 900 902 904 906 908 910 912 914 916 918 920 922 924 926 928 930 932 934 936 938 940 942 944 946 948 950 952 954 956 958 960 962 964 966 968 970 972 974 976 978 980 982 984 986 988 990 992 994 996 998 1000 1002 1004 1006 1008 1010 1012 1014 1016 1018 1020 1022 1024 1026 1028 1030 1032 1034 1036 1038 1040 1042 1044 1046 1048 1050 1052 1054 1056 1058 1060 1062 1064 1066 1068 1070 1072 1074 1076 1078 1080 1082 1084 1086 1088 1090 1092 1094 1096 1098 1100 1102 1104 1106 1108 1110 1112 1114 1116 1118 1120 1122 1124 1126 1128 1130 1132 1134 1136 1138 1140 1142 1144 1146 1148 1150 1152 1154 1156 1158 1160 1162 1164 1166 1168 1170 1172 1174 1176 1178 1180 1182 1184 1186 1188 1190 1192 1194 1196 1198 1200 1202 1204 1206 1208 1210 1212 1214 1216 1218 1220 1222 1224 1226 1228 1230 1232 1234 1236 1238 1240 1242 1244 1246 1248 1250 1252 1254 1256 1258 1260 1262 1264 1266 1268 1270 1272 1274 1276 1278 1280 1282 1284 1286 1288 1290 1292 1294 1296 1298 1300 1302 1304 1306 1308 1310 1312 1314 1316 1318 1320 1322 1324 1326 1328 1330 1332 1334 1336 1338 1340 1342 1344 1346 1348 1350 1352 1354 1356 1358 1360 1362 1364 1366 1368 1370 1372 1374 1376 1378 1380 1382 1384 1386 1388 1390 1392 1394 1396 1398 1400 1402 1404 1406 1408 1410 1412 1414 1416 1418 1420 1422 1424 1426 1428 1430 1432 1434 1436 1438 1440 1442 1444 1446 1448 1450 1452 1454 1456 1458 1460 1462 1464 1466 1468 1470 1472 1474 1476 1478 1480 1482 1484 1486 1488 1490 1492 1494 1496 1498 1500 1502 1504 1506 1508 1510 1512 1514 1516 1518 1520 1522 1524 1526 1528 1530 1532 1534 1536 1538 1540 1542 1544 1546 1548 1550 1552 1554 1556 1558 1560 1562 1564 1566 1568 1570 1572 1574 1576 1578 1580 1582 1584 1586 1588 1590 1592 1594 1596 1598 1600 1602 1604 1606 1608 1610 1612 1614 1616 1618 1620 1622 1624 1626 1628 1630 1632 1634 1636 1638 1640 1642 1644 1646 1648 1650 1652 1654 1656 1658 1660 1662 1664 1666 1668 1670 1672 1674 1676 1678 1680 1682 1684 1686 1688 1690 1692 1694 1696 1698 1700 1702 1704 1706 1708 1710 1712 1714 1716 1718 1720 1722 1724 1726 1728 1730 1732 1734 1736 1738 1740 1742 1744 1746 1748 1750 1752 1754 1756 1758 1760 1762 1764 1766 1768 1770 1772 1774 1776 1778 1780 1782 1784 1786 1788 1790 1792 1794 1796 1798 1800 1802 1804 1806 1808 1810 1812 1814 1816 1818 1820 1822 1824 1826 1828 1830 1832 1834 1836 1838 1840 1842 1844 1846 1848 1850 1852 1854 1856 1858 1860 1862 1864 1866 1868 1870 1872 1874 1876 1878 1880 1882 1884 1886 1888 1890 1892 1894 1896 1898 1900 1902 1904 1906 1908 1910 1912 1914 1916 1918 1920 1922 1924 1926 1928 1930 1932 1934 1936 1938 1940 1942 1944 1946 1948 1950 1952 1954 1956 1958 1960 1962 1964 1966 1968 1970 1972 1974 1976 1978 1980 1982 1984 1986 1988 1990 1992 1994 1996 1998 2000 2002 2004 2006 2008 2010 2012 2014 2016 2018 2020 2022 2024 2026 2028 2030 2032 2034 2036 2038 2040 2042 2044 2046 2048 2050 2052 2054 2056 2058 2060 2062 2064 2066 2068 2070 2072 2074 2076 2078 2080 2082 2084 2086 2088 2090 2092 2094 2096 2098 2100 2102 2104 2106 2108 2110 2112 2114 2116 2118 2120 2122 2124 2126 2128 2130 2132 2134 2136 2138 2140 2142 2144 2146 2148 2150 2152 2154 2156 2158 2160 2162 2164 2166 2168 2170 2172 2174 2176 2178 2180 2182 2184 2186 2188 2190 2192 2194 2196 2198 2200 2202 2204 2206 2208 2210 2212 2214 2216 2218 2220 2222 2224 2226 2228 2230 2232 2234 2236 2238 2240 2242 2244 2246 2248 2250 2252 2254 2256 2258 2260 2262 2264 2266 2268 2270 2272 2274 2276 2278 2280 2282 2284 2286 2288 2290 2292 2294 2296 2298 2300 2302 2304 2306 2308 2310 2312 2314 2316 2318 2320 2322 2324 2326 2328 2330 2332 2334 2336 2338 2340 2342 2344 2346 2348 2350 2352 2354 2356 2358 2360 2362 2364 2366 2368 2370 2372 2374 2376 2378 2380 2382 2384 2386 2388 2390 2392 2394 2396 2398 2400 2402 2404 2406 2408 2410 2412 2414 2416 2418 2420 2422 2424 2426 2428 2430 2432 2434 2436 2438 2440 2442 2444 2446 2448 2450 2452 2454 2456 2458 2460 2462 2464 2466 2468 2470 2472 2474 2476 2478 2480 2482 2484 2486 2488 2490 2492 2494 2496 2498 2500 2502 2504 2506 2508 2510 2512 2514 2516 2518 2520 2522 2524 2526 2528 2530 2532 2534 2536 2538 2540 2542 2544 2546 2548 2550 2552 2554 2556 2558 2560 2562 2564 2566 2568 2570 2572 2574 2576 2578 2580 2582 2584 2586 2588 2590 2592 2594 2596 2598 2600 2602 2604 2606 2608 2610 2612 2614 2616 2618 2620 2622 2624 2626 2628 2630 2632 2634 2636 2638 2640 2642 2644 2646 2648 2650 2652 2654 2656 2658 2660 2662 2664 2666 2668 2670 2672 2674 2676 2678 2680 2682 2684 2686 2688 2690 2692 2694 2696 2698 2700 2702 2704 2706 2708 2710 2712 2714 2716 2718 2720 2722 2724 2726 2728 2730 2732 2734 2736 2738 2740 2742 2744 2746 2748 2750 2752 2754 2756 2758 2760 2762 2764 2766 2768 2770 2772 2774 2776 2778 2780 2782 2784 2786 2788 2790 2792 2794 2796 2798 2800 2802 2804 2806 2808 2810 2812 2814 2816 2818 2820 2822 2824 2826 2828 2830 2832 2834 2836 2838 2840 2842 2844 2846 2848 2850 2852 2854 2856 2858 2860 2862 2864 2866 2868 2870 2872 2874 2876 2878 2880 2882 2884 2886 2888 2890 2892 2894 2896 2898 2900 2902 2904 2906 2908 2910 2912 2914 2916 2918 2920 2922 2924 2926 2928 2930 2932 2934 2936 2938 2940 2942 2944 2946 2948 2950 2952 2954 2956 2958 2960 2962 2964 2966 2968 2970 2972 2974 2976 2978 2980 2982 2984 2986 2988 2990 2992 2994 2996 2998 3000 3002 3004 3006 3008 3010 3012 3014 3016 3018 3020 3022 3024 3026 3028 3030 3032 3034 3036 3038 3040 3042 3044 3046 3048 3050 3052 3054 3056 3058 3060 3062 3064 3066 3068 3070 3072 3074 3076 3078 3080 3082 3084 3086 3088 3090 3092 3094 3096 3098 3100 3102 3104 3106 3108 3110 3112 3114 3116 3118 3120 3122 3124 3126 3128 3130 3132 3134 3136 3138 3140 3142 3144 3146 3148 3150 3152 3154 3156 3158 3160 3162 3164 3166 3168 3170 3172 3174 3176 3178 3180 3182 3184 3186 3188 3190 3192 3194 3196 3198 3200 3202 3204 3206 3208 3210 3212 3214 3216 3218 3220 3222 3224 3226 3228 3230 3232 3234 3236 3238 3240 3242 3244 3246 3248 3250 3252 3254 3256 3258 3260 3262 3264 3266 3268 3270 3272 3274 3276 3278 3280 3282 3284 3286 3288 3290 3292 3294 3296 3298 3300 3302 3304 3306 3308 3310 3312 3314 3316 3318 3320 3322 3324 3326 3328 3330 3332 3334 3336 3338 3340 3342 3344 3346 3348 3350 3352 3354 3356 3358 3360 3362 3364 3366 3368 3370 3372 3374 3376 3378 3380 3382 3384 3386 3388 3390 3392 3394 3396 3398 3400 3402 3404 3406 3408 3410 3412 3414 3416 3418 3420 3422 3424 3426 3428 3430 3432 3434 3436 3438 3440 3442 3444 3446 3448 3450 3452 3454 3456 3458 3460 3462 3464 3466 3468 3470 3472 3474 3476 3478 3480 3482 3484 3486 3488 3490 3492 3494 3496 3498 3500 3502 3504 3506 3508 3510 3512 3514 3516 3518 3520 3522 3524 3526 3528 3530 3532 3534 3536 3538 3540 3542 3544 3546 3548 3550 3552 3554 3556 3558 3560 3562 3564 3566 3568 3570 3572 3574 3576 3578 3580 3582 3584 3586 3588 3590 3592 3594 3596 3598 3600 3602 3604 3606 3608 3610 3612 3614 3616 3618 3620 3622 3624 3626 3628 3630 3632 3634 3636 3638 3640 3642 3644 3646 3648 3650 3652 3654 3656 3658 3660 3662 3664 3666 3668 3670 3672 3674 3676 3678 3680 3682 3684 3686 3688 3690 3692 3694 3696 3698 3700 3702 3704 3706 3708 3710 3712 3714 3716 3718 3720 3722 3724 3726 3728 3730 3732 3734 3736 3738 3740 3742 3744 3746 3748 3750 3752 3754 3756 3758 3760 3762 3764 3766 3768 3770 3772 3774 3776 3778 3780 3782 3784 3786 3788 3790 3792 3794 3796 3798 3800 3802 3804 3806 3808 3810 3812 3814 3816 3818 3820 3822 3824 3826 3828 3830 3832 3834 3836 3838 3840 3842 3844 3846 3848 3850 3852 3854 3856 3858 3860 3862 3864 3866 3868 3870 3872 3874 3876 3878 3880 3882 3884 3886 3888 3890 3892 3894 3896 3898 3900 3902 3904 3906 3908 3910 3912 3914 3916 3918 3920 3922 3924 3926 3928 3930 3932 3934 3936 3938 3940 3942 3944 3946 3948 3950 3952 3954 3956 3958 3960 3962 3964 3966 3968 3970 3972 3974 3976 3978 3980 3982 3984 3986 3988 3990 3992 3994 3996 3998 4000 
        </DataArray>
      </Polys>
      <CellData Scalars="Pressure">
        <DataArray type="Float64" Name="Pressure" format="ascii">
173410 173044 172605 172171 171728 171455 171200 170950 170787 170652 170514 170770 171193 171611 172504 173665 174847 175986 177125 178245 179240 180041 180858 181525 181951 182370 182722 182868 183017 183139 183137 183134 183133 183010 183027 183058 183202 183341 183485 183888 184176 184461 184915 185415 185925 186505 187137 187761 188462 189211 189974 190767 191631 192485 193375 194115 195048 195974 196934 197866 198984 199874 200777 201665 202428 203156 203893 204493 205055 205602 206067 206313 206727 207190 207536 207878 208224 208561 208905 209244 209602 209953 210309 210689 211020 211408 211902 212390 212898 213397 213892 214380 214878 215369 215858 216339 216809 217254 217652 218209 218484 218747 219090 219461 219802 220033 220234 220433 221000 220910 220793 220653 220662 220742 220400 220783 220339 219882 219245 217870 216312 214618 213041 212020 211163 212357 211218 209617 205138 188725 175235 143959 93319.7 54762.1 23396.7 10048.6 10256 10461.7 11218.9 11353.9 11459.6 11658.3 11487.4 11781.3 12059.6 12809.5 12964.9 13082.9 13339.2 13306.3 13592.4 13845.2 14523.8 14744.4 15516.7 15101.2 14462.5 14762 15089.3 15525.2 15885.9 16177.5 16409.5 16679.3 16924.9 18053.7 17671.6 18116.5 18492.6 18787.3 19052.5 20166.2 20342.7 19695.2 20224.5 20724.2 21210.8 21740.7 22276.6 22741.6 23150.9 23535.9 23825.4 24965.6 24690.7 25352.3 25925.6 26391.7 27801 28188.6 29897.8 29171.5 28730.7 29132.4 30594.6 31210.6 30691.1 31340.7 31902.4 32543.9 33419.7 34158.9 34785.5 35318 36974.6 37340.3 37958.5 37490.3 38107 39965.3 40539.8 39932.4 40679.9 41279.5 43323.2 42848.5 43794.6 44568.5 45195.4 46584.4 46817 48869.5 47711.6 46765.1 48960.9 49367.8 50124.7 49223.9 49777.3 51840.6 52403.6 51640 52210 54163 54703.6 54005.3 54744.2 55296.5 57415.6 56650 57569.3 58272.2 58781.7 59531.9 60642.5 61485.8 62089.5 64733.2 64036.4 65141.4 65958.6 68402 67446 68440.9 69221.7 69763 72450.3 71665.8 72602.3 73277.2 75907.1 75083.4 76201.4 77040.8 79584 80638.9 80077.1 81136.9 83766 84774.5 84464.4 85803.4 88736.7 89597.7 91293.6 90923.6 93913.1 94844.4 95915.3 97509.1 95942.5 98271.5 100346 102100 106408 106306 108659 110602 114179 116209 115994 117787 121333 122696 124114 121880 123347 124819 125954 126717 127855 129193 130259 131021 134384 133376 135011 136403 143513 141471 143164 141301 143646 145633 147329 151732 151232 153256 155010 162127 160210 162183 160492 163063 165351 167283 171601 173166 172055 173571 175283 176828 178257 182598 181975 183986 185764 193230 191314 193443 192094 194834 197288 199380 203525 205601 207627 206460 208995 211170 213061 216981 219327 217562 220196 223015 225556 230178 232238 234424 236594 235495 238140 240412 244472 246158 248436 250742 248604 251267 253915 256697 259487 261861 269223 272544 269177 272560 276759 280671 284161 290114 292150 294183 296920 296920 296920 306281 299564 303083 307261 314309 316920 314145 317001 320253 323428 326455 329642 332367 334727 340820 343570 340430 343461 346588 349669 352903 356308 359156 364611 367093 369944 373043 366692 369644 373105 379111 385705 391925 398407 404684 410611 422028 427445 432954 431564 438504 445991 453951 465295 476425 487707 497139 505942 513984 521344 526289 528865 506136 489264 471124 461911 464226 466800 469893 473809 477679 481730 486059 490426 494661 498682 502667 506745 511112 515380 519406 524966 527005 529122 531471 529887 532126 535716 539917 544171 547739 550880 553997 557727 562015 566325 570269 573820 577341 581474 586981 592547 597880 602706 607405 611982 614838 617758 620643 625323 629908 634536 637161 639649 642100 646020 650159 654347 657092 659399 661662 664892 668540 672235 676406 681045 685602 689258 691859 694491 697800 702238 706600 710528 713350 716200 719174 722812 726394 729906 732632 735387 738113 741378 744599 747882 750271 752658 754984 757621 760238 762881 765777 768805 771787 774149 776137 778107 780762 784003 787214 794170 796485 798846 801295 804035 806845 807031 810234 813513 816756 820028 823252 826572 830686 834906 839093 842742 846281 849894 853325 856758 862584 865455 868289 871312 871182 871805 872262 872755 873588 874542 875540 876453 877419 878483 879837 882494 883772 883129 884133 885182 886051 886853 887638 888632 889836 891118 892471 895981 897342 897100 897534 897925 898260 898450 898636 898840 898579 898103 899026 895892 894259 892660 890815 887262 882973 877797 881827 886899 898743 890124 886439 882557 887844 907679 930072 950529 941301 923731 917467 917475 917455 917422 917694 918406 919305 918904 918692 918320 918026 917534 916988 916269 915309 914612 913560 912362 911140 909864 908574 906868 904784 902967 901172 898990 896809 894557 891967 889309 886476 883623 880601 877499 874416 871131 867871 864612 861655 858610 855591 852490 849310 845873 842722 838860 834941 830682 826218 829526 829300 827672 827392 818852 810159 799531 798481 797274 795763 794199 793898 796064 795409 795714 794176 792707 791355 789578 789251 788142 786205 784595 783238 781618 779619 777870 776278 774792 772923 770909 769029 767221 765636 764249 762675 761021 759302 757669 755715 754644 753609 753091 753108 751904 747545 743411 739636 731444 709760 692382 681887 666341 663643 672815 670374 667121 667016 666693 668072 665593 664702 664001 663514 663352 663631 664177 664973 665955 666764 667716 668782 669945 670393 670589 670723 670799 670354 669410 668354 667151 666457 668233 665017 666143 669252 641774 621530 603903 595784 577316 576785 575979 574909 573028 570996 569166 567278 565270 563162 561068 559074 557114 555130 552847 550682 548563 547854 544157 541921 539743 539209 536907 532696 530362 530094 528007 525845 522076 521708 521107 517528 515329 511586 509514 507537 505589 505449 502031 500390 498802 499035 497739 494887 493851 494826 494400 494358 492836 495804 499594 504081 505123 509973 501869 491897 467321 442239 413831 370850 357937 349611 342950 349515 348802 349052 353468 361845 365381 367070 368410 367225 366971 366561 367620 366150 364252 360775 358247 355666 353204 353616 352522 350617 350586 352541 354751 355990 354685 347566 340577 333815 328208 323398 318665 317676 311639 308867 306088 304193 302532 300912 301118 297513 295771 294090 291865 289708 287591 288127 283877 281969 280070 278574 277046 275537 275816 274310 271070 269000 266264 263612 261033 258993 256931 254913 255007 250901 248842 246466 243799 241276 241566 239559 237576 233639 231584 229563 227513 225696 223911 222121 222031 220065 218056 214012 212074 210163 208216 205854 203505 201267 201769 199884 197921 195998 192306 190491 188613 186686 184739 182856 181102 179398 177689 178331 176900 175465 171988 170097 168213 166665 165273 163885 162270 160467 158684 159345 158355 157357 156294 155008 151831 150476 149429 148392 147323 146192 145033 143897 142640 141364 140071 138775 137448 136153 136881 135692 134455 133232 131973 129072 127797 126478 125142 123818 122392 120993 119583 118432 117249 116073 114832 113606 112357 111288 110224 109167 108066 106975 105867 104883 103935 102994 101962 100901 99833.3 100661 99628 98616.8 97622.3 96740 95829.4 94932.5 94000.6 93087.9 92170.4 91366.9 90538.9 89725 88871.5 88035.3 87178.9 86432.4 85663.8 84910.4 84113.1 83330.7 82524.9 81808.9 81080.5 80366.6 79620.6 78886.2 78129.4 77400.8 76655.5 75925.4 75324.2 74808.6 74282.4 72844.5 72130.1 71400.1 70630.4 69858 69059.4 68257.9 67429 66605 65777.5 65012.1 64234.2 63470.4 62698 61936 61164.4 60466.8 59759.6 59066.1 58366.6 57676.7 56973.6 56253.3 55510.6 54773.5 54105.8 54855.9 54183.7 53655.3 53151.2 52673.3 51575.8 51096.6 50562.8 50008.8 49436.1 48841.3 48212.2 47588.7 46933.6 46276 45638.6 45003.2 44349.8 43749.9 44484.6 43887.4 43374.7 42889.5 42408.1 41601.7 41121.9 40591.2 40058.4 39544.4 38987.1 38454.4 37969.6 37482.9 38031.8 37630.4 37230.8 36350.7 35975.8 35551.1 35061.8 34613.6 34134.3 33628 33154.7 32709.4 33216.4 32835 32458.2 32094.3 31424.8 31105.2 30719.2 30282 29867.9 29422.7 28931 29643.2 29502.1 29409.7 31855.9 32145.4 32173.8 32096.7 32212.6 32227 32149.6 31378.2 31432.6 31445 29926.5 29132.6 28200.3 27293.6 26446.2 27606.7 25187.8 24856.4 24416.3 23880.9 23408.8 22930.8 22407.5 21949.6 22744.6 22357.3 21631.8 21402.3 21081.6 20679.4 20382.2 20105.5 20516.8 19724 19471.8 19149.1 18757.2 18490.9 18210.4 18734.8 17860.7 17638.4 17338.2 17006.7 16758.5 16502.6 17008.9 16220.6 16045 15809.7 15546.2 15333 15098.1 15508.1 15680.5 15818.6 15812.2 15769.6 15877 15707.6 15796.3 15364.9 15012 14597.7 14175.1 14635.2 14369.4 14138.3 13659.9 13407.3 13055.3 13317.5 13076.2 12827.2 12740.5 12308.4 12069.1 12163.7 11926.9 11524.2 11365.4 11130.4 10847.3 11144.5 10967.3 10846.5 10458.2 10260.4 9998.19 10138.8 9765.64 9644.19 9448.44 9184.52 9459.52 9312.07 9234.55 8938.71 8794.81 8867.52 8682.79 8414.83 8317.55 8171.02 8261.71 7867.41 7759.42 7601.81 7389.22 7626.92 7490.95 7775.43 7355.9 7050.58 7143.69 6976.4 6896.47 6662.3 6553.11 6604.26 6493.87 6262.75 6179.94 6057.52 6155.47 5886.02 5821.33 5715.4 5564.66 5486.67 5424.01 5326.24 5190.09 5077.55 5045.54 4976.74 4868.82 4742.66 4696.5 4640.21 4542.48 4406.64 4590.49 4476.29 4687.84 4591.83 4623.3 4559.27 4598.39 4427.39 4299.46 4230.45 4142.85 4040.19 3919.08 3861.85 3811.55 3736.84 3635.26 3545.29 3525.36 3480.12 3402.96 3296.4 3250.59 3210.16 3149.46 3070.48 3082.28 3294.92 3382.36 3341.91 11299.4 7875.76 14653.4 20817.6 35349.9 39542.8 45497.8 50532.4 54002 59285.9 67319.6 91141.6 97056.7 107543 121175 137502 140516 141298 147470 158818 148074 167266 170503 176741 174159 172811 173637 174462 178760 183491 188812 193575 195527 197096 198334 200687 200380 197942 197431 199031 198124 196765 194078 191840 189729 187813 187820 186362 183917 182762 182949 184350 186737 189738 197200 202592 207461 206533 200825 194012 181215 180138 179449 179169 183754 184326 183235 183906 182819 181607 180318 181492 180400 177487 176447 175700 175091 174634 175844 174034 173527 173057 172115 171335 170689 172040 171333 169210 168520 167891 167311 166800 167740 167101 165209 164002 162257 160672 161700 160626 159672 158764 155849 154892 153991 153343 152891 152439 153772 152911 150256 149297 148564 147887 147205 146378 145485 144695 145616 143102 142133 141230 140623 140053 139502 138827 138198 137687 139425 136776 136263 135916 135855 135799 135759 135914 136137 136417 138723 139268 138805 138856 138732 138683 138698 138730 138770 138650 138164 137727 139039 138080 135401 134317 133273 132249 131207 130071 128902 127769 126621 125509 124403 125368 124508 123656 122733 119882 118609 117436 116434 115447 114434 113351 112258 111187 110342 109502 108629 107555 106458 105413 106444 105452 104432 103519 102688 101870 99347 98212.9 97077.8 96050.9 95119.3 94201.4 93269.7 92358.7 91431.9 90510.2 89538.1 88581.6 87628.8 86831.9 86011.2 85193.6 84342.5 83500.7 82640.5 81901.7 81149.6 80401.6 79614.3 78832.9 78035 77306.2 76578.1 75856 75099.6 74344.2 73572.9 72840.4 72111.8 71390.3 70655.5 69932 69192.7 68439.8 67640.6 66850 66056.4 65299.2 64525.4 63759.5 62974 62197 61413.5 60689.3 59950.5 59220.1 58458.9 57706.8 56940.7 56391.2 55827.8 55268.9 54327.6 53359.8 52367.3 52161.2 52109.8 52058.7 62287 76213.5 90691.8 133463 192487 250409 278187 280607 283022 285993 289744 293375 296448 298483 299230 300838 302083 303257 304586 303944 303340 302787 301820 300908 300022 299127 298207 297295 296503 295765 295021 294477 294021 293573 293186 292110 291863 291775 291573 291387 291214 291051 290873 290678 290406 290156 289922 289859 289803 289745 290148 290310 290496 290277 290707 291150 291561 291889 292217 292337 291803 291257 291028 289925 288789 287630 286103 284820 283522 282079 280475 278858 276967 275079 272863 269787 266601 263377 260009 256542 252999 249504 246446 244634 241816 238546 237040 235712 234547 233689 232895 232189 231693 230793 229933 228264 227280 226394 225545 224601 223953 223196 222303 221844 221338 220958 220674 220349 221095 221216 221382 221492 220662 220771 220925 221729 221767 221785 221633 220651 220416 220200 219532 218756 217647 215490 213311 211160 208967 206662 204086 201569 198541 195866 193151 190484 187868 184971 182429 178135 175242 172497 170468 167907 166494 165345 164422 164800 165806 166628 167189 168767 170547 172473 173151 173805 173963 174636 174805 175027 175136 176252 177395 178651 180061 181239 182902 183903 185693 186386 186953 187104 186879 185988 185304 184852 184880 185275 185948 186877 187480 188160 188667 189145 190161 190481 190222 189687 188673 187204 185683 183669 182567 181217 180136 179359 178260 178094 177074 176699 174103 176360 176403 178258 181718 183027 182419 182931 181470 180753 180779 177414 164684 142246 111003 79793.1 53209.9 41777.6 34262.2 31652 31300.3 32265.9 33334.7 34471.9 34747.2 35011.9 34118.7 33295.2 32383.5 32367.7 32835.9 33268.2 33678.9 34154.3 34706.8 35226.9 35731.6 36826.3 36818.4 37439.2 38054.7 39305.9 39986.8 40023 40697.7 41985.4 42851 42840.8 43770.9 45608.5 46651.3 48552.5 48271.3 52365.7 54164 55203.8 54388.1 55484.9 54310.7 53100.9 51815.3 50533.5 50325.2 50474.1 50775.7 51680.8 52267.9 52293.6 52784.3 53693.7 54391.3 55353.2 55372.5 56435.2 57535.8 58612.4 59700.6 61302.5 63196.3 65100.4 68535.5 71487 72251.2 76084.9 83693.7 88626.7 91812 94219.4 97863 99743.3 101341 102606 100157 96525.6 92602.2 89058.3 86364.6 84213.5 82531.4 81841.6 81810.8 81862.8 81999.1 82752.3 83185.1 83195.8 83684.6 84259.4 84898.5 85580.8 86785.7 86951.1 87666 88452.4 89423.9 90450.9 91567.3 92595.9 93446.7 94337.8 95923.6 97216 97713 98527.9 98868.8 99671.8 100556 102216 103224 104119 105079 105542 106621 107713 109496 110569 111566 112566 113107 114104 115157 116301 117539 118765 120345 121398 122294 123335 124332 125341 126413 127856 128917 129962 130735 131765 132849 133951 135131 136329 137576 138910 140103 141237 142398 143525 144676 145815 146979 147999 149057 150146 151310 152464 153481 154257 155026 155845 156516 157159 157809 158618 159266 159912 160453 160951 161472 161952 162401 162840 163137 163403 163827 164070 164223 164380 164546 164662 164783 164907 164999 165072 165138 165107 165155 165250 165278 165306 165337 165379 165446 165517 165583 165587 165585 165577 165663 165783 165917 166106 166333 166509 166835 167199 167573 167965 168380 168791 169207 169615 170030 170389 170659 170925 171145 171200 171254 171378 171140 170902 170660 170211 169724 169133 168566 168003 167431 166923 166419 165924 165501 165114 164721 164511 164399 164287 164331 164500 164671 164951 165367 165774 166471 167611 168770 169896 171005 172096 173053 173444 173841 174183 174177 174171 174148 173782 
        </DataArray>
        <DataArray type="Float64" Name="Temperature" format="ascii">
985.426 984.27 982.994 981.718 980.402 979.417 978.443 977.466 976.669 975.921 975.143 975.109 975.365 975.597 976.63 978.114 979.597 981.005 982.386 983.719 984.823 985.61 986.383 986.9 987 987.071 986.991 986.554 986.085 985.555 984.766 983.969 983.136 990.802 989.871 988.951 988.013 987.096 986.157 983.749 983.997 984.233 984.61 985.01 985.396 985.795 986.197 986.567 986.963 987.366 987.748 988.133 988.555 988.944 989.349 988.825 989.353 989.89 990.48 991.036 992.19 992.847 993.517 994.177 994.81 995.42 996.032 996.584 997.119 997.633 998.137 998.329 998.845 999.537 1000.03 1000.51 1001.04 1001.69 1002.35 1003.07 1004.65 1006.18 1007.72 1010.82 1015.72 1019.22 1023.29 1029.96 1036.62 1045.3 1056.38 1067 1079.31 1095.96 1112.63 1141.86 1163.42 1184.5 1204.34 1221.75 1233.92 1244.2 1244.99 1238.19 1229.52 1225.01 1212.71 1201.73 1197.48 1200.57 1204.96 1210.53 1221.8 1234.66 1242.11 1252.52 1251.29 1248.31 1241.14 1222.16 1200.99 1178.31 1175.38 1162.4 1151.06 1154.76 1167.38 1183.64 1199.84 1200.05 1172.69 1077.8 860.172 604.101 384.039 283.485 283.619 284.451 289.844 290.809 291.61 293.044 292.002 294.068 296.055 300.964 302.019 302.865 304.533 304.34 306.142 307.735 311.874 313.158 317.771 315.347 311.7 313.507 315.437 317.992 320.042 321.721 323.082 324.511 325.831 331.705 329.874 332.173 334.139 335.707 337.052 342.316 343.263 340.247 342.63 344.921 347.197 349.645 352.068 354.178 356.044 357.693 358.952 363.639 362.642 365.318 367.65 369.561 374.873 376.357 382.556 380.047 378.562 380.076 385.33 387.445 385.722 387.992 389.987 392.242 395.189 397.687 399.819 401.595 406.702 407.933 409.853 408.567 410.456 415.967 417.65 416.007 418.189 419.959 425.675 424.449 427.048 429.155 430.84 434.44 435.009 440.202 437.035 434.35 439.808 440.624 442.166 439.401 440.336 445.139 446.007 443.422 444.227 448.576 449.211 446.739 447.857 448.506 453.011 450.47 452.039 453.106 453.705 455.02 457.136 458.699 459.761 465.079 463.556 465.72 467.301 472.072 470.255 472.298 473.949 475.155 480.372 479.772 482.209 484.243 489.499 489.485 492.518 495.114 500.227 503.044 503.521 506.247 511.185 513.663 513.935 516.611 521.625 523.504 526.384 526.124 530.922 532.594 534.318 536.778 534.42 538.026 541.223 543.91 550.248 550.135 553.535 556.316 561.307 564.06 563.774 566.193 570.947 572.699 574.497 571.491 573.374 575.277 576.728 577.681 579.097 580.769 582.087 583.009 587.159 585.886 587.859 589.522 598.066 595.558 597.504 595.234 597.979 600.286 602.233 607.245 606.667 608.928 610.873 618.678 616.562 618.663 616.828 619.593 622.041 624.096 628.592 630.188 629.12 630.644 632.302 633.806 635.207 639.537 638.912 640.902 642.648 649.924 648.033 650.061 648.773 651.386 653.713 655.681 659.521 661.424 663.264 662.188 664.495 666.464 668.164 671.641 673.701 672.131 674.433 676.896 679.098 683.012 684.793 686.676 688.5 687.5 689.697 691.555 694.831 696.22 698.202 700.163 698.062 700.29 702.455 704.696 706.919 708.758 714.638 717.154 714.304 716.871 720.031 722.948 725.513 729.951 731.271 732.591 734.368 734.368 734.368 743.087 735.887 737.938 740.4 745.562 747.615 745.25 747.39 749.648 751.762 753.694 755.746 757.44 758.834 763.653 765.569 762.263 764.394 766.468 768.356 770.198 772.056 773.479 777.176 779.146 781.207 783.252 776.325 778.401 780.539 783.968 787.475 790.496 793.398 795.898 797.859 807.033 810.831 814.936 800.232 804.537 809.432 814.817 821.899 829.156 836.821 843.883 850.926 857.781 863.984 869.284 874.024 874.92 866.064 856.482 851.64 852.835 854.161 855.741 857.723 859.675 861.707 863.85 866.003 868.08 870.009 871.911 873.849 875.882 877.853 879.697 882.882 883.838 884.827 885.91 884.076 885.099 886.741 888.658 890.593 892.201 893.599 894.979 896.632 898.531 900.43 902.164 903.72 905.255 907.049 909.434 911.836 914.125 916.171 918.157 920.084 921.263 922.465 923.648 925.579 927.466 929.369 930.435 931.441 932.431 934.028 935.715 937.421 938.547 939.496 940.426 941.816 943.41 945.024 946.91 949.05 951.152 952.907 954.242 955.595 957.201 959.243 961.253 963.102 964.521 965.959 967.437 969.167 970.872 972.555 973.924 975.311 976.68 978.228 979.754 981.309 982.486 983.666 984.817 986.044 987.251 988.47 989.735 991.037 992.317 993.337 994.199 995.053 996.123 997.387 998.632 1001.38 1002.29 1003.22 1004.16 1005.19 1006.22 1006.15 1007.33 1008.54 1009.74 1010.96 1012.16 1013.4 1014.91 1016.46 1018 1019.36 1020.67 1021.99 1023.25 1024.49 1026.74 1027.85 1028.91 1030 1030.04 1030.39 1030.69 1031.01 1031.48 1031.97 1032.45 1032.88 1033.29 1033.72 1034.21 1035.25 1035.72 1035.54 1035.92 1036.33 1036.69 1037.03 1037.38 1037.72 1038.04 1038.36 1038.64 1039.38 1039.61 1039.32 1039.08 1038.76 1038.38 1038.25 1038.13 1037.99 1037.81 1037.61 1038.23 1037.51 1038.14 1039.01 1040.04 1040.97 1041.83 1042.65 1045.88 1049.54 1052.15 1052.65 1051.47 1050.4 1051.39 1055.6 1060.57 1064.77 1059.15 1048.34 1044.51 1040.79 1039.27 1037.61 1036.22 1034.93 1033.44 1037.48 1035.2 1032.73 1030.95 1031.16 1031.05 1030.89 1030.65 1030.82 1030.4 1029.88 1029.56 1029.22 1028.88 1028.45 1028.13 1027.4 1026.74 1026.25 1025.84 1025.5 1024.96 1024.12 1022.75 1022.29 1021.45 1020.67 1019.96 1019.14 1017.27 1016.41 1016.09 1015.21 1014.34 1013.46 1012.46 1010.69 1009.65 1008.74 1007.55 1006.22 1004.81 1009.67 1012.65 1014.7 1015.54 1009.84 1003.83 996.25 996.22 995.863 995.221 995.192 997.556 1005.05 1004.97 1002.9 1001.93 1000.24 997.861 1001.84 999.743 998.567 996.081 994.24 995.432 992.283 988.661 987.926 986.417 984.081 982.807 982.015 981.044 979.86 978.941 980.038 977.828 976.594 976.568 975.926 976.853 974.349 974.251 973.806 973.029 971.632 971.373 972.194 974.07 974.003 963.776 958.276 954.34 948.09 946.781 949.917 949.103 948 948.137 948.216 948.956 948.207 948.045 947.968 947.98 948.201 948.674 949.245 949.896 950.631 951.338 952.082 952.839 953.612 954.058 954.401 954.692 954.938 954.885 954.613 954.279 953.872 953.634 954.318 953.26 954.904 958.813 946.515 937.39 930.812 926.977 918.909 918.591 918.215 917.787 917.013 916.112 915.37 914.672 913.995 913.405 912.78 912.166 911.542 910.892 910.143 909.417 908.69 908.725 907.182 906.451 905.76 905.922 905.207 903.536 902.837 903.197 902.61 901.969 900.612 900.791 900.696 899.366 898.441 896.938 895.967 895.045 894.143 893.75 892.16 891.115 890.105 889.545 888.106 886.631 885.326 884.367 883.16 882.101 880.657 880.909 881.585 882.663 881.645 883.045 877.826 871.975 859.259 844.99 828.085 803.245 794.486 788.404 783.444 786.76 785.768 785.535 787.776 792.333 794.028 794.706 795.125 794.037 793.534 792.935 793.162 792.019 790.612 788.196 786.417 784.64 782.953 783.098 782.356 781.091 781.03 782.354 783.87 784.724 783.746 779.255 774.73 770.349 766.591 763.297 760.058 759.608 755.202 753.336 751.436 750.113 748.919 747.725 748.025 745.172 743.868 742.576 740.93 739.335 737.767 738.201 735.007 733.604 732.201 731.088 729.951 728.828 729.1 727.992 725.502 723.947 721.868 719.853 717.888 716.303 714.702 713.137 713.34 709.999 708.396 706.512 704.374 702.352 702.73 701.142 699.564 696.22 694.553 692.908 691.236 689.763 688.316 686.854 686.91 685.274 683.594 680.024 678.341 676.681 674.987 672.855 670.736 668.719 669.229 667.447 665.591 663.762 660.174 658.387 656.521 654.564 652.59 650.678 648.855 647.088 645.319 645.908 644.36 642.811 639.113 637.072 635.041 633.329 631.757 630.195 628.381 626.359 624.364 625.091 623.936 622.775 621.542 620.051 616.404 614.83 613.579 612.342 611.07 609.708 608.312 606.946 605.413 603.852 602.272 600.666 599.006 597.39 598.253 596.744 595.178 593.626 591.995 588.28 586.612 584.857 583.081 581.318 579.378 577.478 575.562 573.936 572.267 570.61 568.836 567.084 565.302 563.715 562.125 560.548 558.894 557.252 555.585 554.079 552.615 551.164 549.547 547.864 546.173 547.262 545.618 544.009 542.408 540.947 539.441 537.959 536.417 534.908 533.387 532.032 530.637 529.265 527.803 526.371 524.904 523.602 522.262 520.95 519.526 518.129 516.69 515.38 514.044 512.734 511.34 509.962 508.541 507.171 505.767 504.392 503.237 502.233 501.209 498.535 497.093 495.621 494.066 492.497 490.873 489.223 487.484 485.753 484.008 482.376 480.714 479.073 477.376 475.701 474.001 472.438 470.851 469.292 467.698 466.123 464.514 462.833 461.095 459.368 457.78 459.318 457.721 456.452 455.233 454.074 451.463 450.239 448.88 447.461 445.978 444.437 442.8 441.156 439.429 437.691 435.984 434.278 432.519 430.878 432.711 431.083 429.666 428.318 426.974 424.702 423.297 421.746 420.175 418.646 416.984 415.392 413.938 412.474 414.09 412.879 411.671 408.997 407.841 406.522 404.991 403.593 402.091 400.497 399.019 397.629 399.422 398.253 397.097 395.978 393.737 392.708 391.438 389.979 388.574 387.044 385.338 388.155 387.798 387.624 385.715 385.146 384.18 383.073 382.245 381.318 380.297 384.283 383.808 383.39 378.173 375.942 372.967 369.851 366.766 372.153 362.032 360.851 359.157 357.001 355.089 353.075 350.784 348.71 352.821 350.99 347.592 346.641 345.224 343.383 342.04 340.753 342.842 338.947 337.707 336.097 334.128 332.815 331.416 334.126 329.641 328.476 326.873 325.086 323.757 322.381 325.156 320.84 319.843 318.488 316.985 315.816 314.511 317.022 313.94 313.337 312.368 311.469 311.288 313.341 313.316 309.517 307.779 305.44 302.847 306.923 305.154 303.519 300.78 299.378 297.235 299.221 297.705 296.007 295.526 292.704 291.138 291.877 290.31 287.517 286.413 284.735 282.696 284.935 283.677 282.833 280.014 278.542 276.56 277.624 274.775 273.811 272.231 270.086 272.368 271.209 270.609 268.185 266.991 267.591 266.05 263.761 262.912 261.611 262.416 258.912 257.934 256.464 254.454 256.705 255.487 258.202 254.277 251.344 252.225 250.586 249.826 247.469 246.341 246.819 245.707 243.267 242.366 241.019 242.066 239.146 238.424 237.211 235.464 234.556 233.813 232.631 230.971 229.608 229.2 228.316 226.926 225.304 224.689 223.892 222.526 220.636 223.195 221.758 224.684 223.046 222.949 222.336 223.066 220.648 219.005 218.043 216.759 215.23 213.406 212.556 211.771 210.592 208.979 207.562 207.23 206.478 205.206 203.456 202.632 201.857 200.737 199.309 201.421 211.488 217.657 219.734 317.427 284.215 367.493 443.918 601.266 613.399 655.017 671.515 659.008 671.104 691.635 775.472 782.219 795.453 819.643 853.976 856.119 849.471 854.932 872.294 844.237 879.93 882.403 890.613 880.694 874.781 878.463 877.257 881.714 887.537 894.913 900.733 900.34 900.789 902.092 898.905 895.883 896.637 894.598 892.596 889.433 884.793 884.064 879.694 876.206 873.708 870.548 867.047 866.081 863.44 863.022 864.537 867.768 867.472 881.985 889.204 896.437 893.442 883.753 872.905 859.441 856.724 855.131 854.705 858.082 856.629 857.674 856.952 854.313 851.98 850.004 847.56 844.427 843.911 841.433 839.441 838.083 837.403 834.591 835.827 833.486 831.921 829.643 827.99 826.905 824.036 821.128 821.715 819.351 817.208 815.528 814.362 811.037 807.931 807.595 804.219 800.468 797.319 796.542 793.58 790.332 787.664 785.077 782.459 780.242 778.59 777.232 776.021 776.007 774.084 771.512 769.5 767.886 766.481 765.197 763.775 762.286 761.019 760.856 758.324 756.445 754.802 753.547 752.441 751.446 750.277 749.211 748.377 749.227 746.598 745.395 744.545 744.153 743.862 743.685 743.892 744.266 744.793 746.526 747.04 747.876 747.664 747.305 747.155 747.166 747.24 747.386 747.344 746.791 746.343 747.068 745.663 743.354 741.68 740.031 738.473 736.957 735.224 733.451 731.775 730.056 728.392 726.773 727.439 725.815 724.286 722.709 719.181 716.888 714.802 712.999 711.26 709.508 707.643 705.784 703.992 702.581 701.195 699.769 698.027 696.264 694.599 695.454 693.64 691.817 690.18 688.665 687.207 683.82 681.635 679.473 677.511 675.706 673.947 672.156 670.367 668.561 666.762 664.804 662.89 660.982 659.302 657.582 655.873 653.972 652.098 650.187 648.419 646.615 644.826 642.845 640.863 638.843 636.895 634.918 632.961 630.867 628.755 626.603 624.511 622.399 620.31 618.172 616.055 613.895 611.692 609.347 607.03 604.693 602.439 600.137 597.855 595.501 593.174 590.82 588.607 586.349 584.116 581.775 579.462 577.104 575.323 573.495 571.681 568.693 565.628 562.49 561.828 561.639 561.438 601.292 655.547 711.939 792.018 885.985 977.705 1020.35 1021.96 1023.34 1025.91 1030.2 1034.35 1038.6 1043.08 1043.46 1048.93 1057.44 1066.37 1081.94 1098.31 1114.01 1128.66 1150.06 1170.02 1189.15 1212.25 1235.54 1257.75 1281.01 1306.56 1335.3 1373.46 1421.52 1474.95 1512.52 1464.39 1481.03 1539.78 1534.88 1533.54 1531.34 1519.63 1511.54 1506.79 1499.32 1494.54 1492.35 1489.22 1486.13 1483.34 1375.9 1375.84 1374.82 1404.62 1399.19 1397.81 1403.2 1416.11 1433.37 1455.24 1483.9 1515.97 1468.8 1486.76 1506.32 1523.98 1527.62 1517.51 1508.57 1485.11 1454.2 1426.76 1394.31 1316.96 1273.78 1256.82 1224.78 1194.69 1165.59 1154.6 1144 1132.71 1126.44 1123.77 1120.41 1117.03 1116.51 1116.43 1117.04 1120 1123.7 1128.01 1128.09 1131.26 1134.85 1132.79 1131.71 1130.97 1130.26 1128.68 1126.65 1125.12 1123.9 1122.22 1120.52 1119.08 1117.74 1116.32 1116.29 1115.78 1115.01 1114.76 1113.67 1113.87 1113.93 1117.26 1117.73 1117.24 1117.61 1116.95 1117.73 1117.93 1117.85 1124.75 1123.33 1121 1123.26 1124.23 1123.93 1133.55 1133.56 1131.84 1129.94 1131.82 1132.13 1130.85 1139.05 1136.54 1148.96 1129.44 1128.14 1125.59 1130.28 1121.97 1122.38 1122.73 1123.05 1125.89 1134.51 1137.54 1139.09 1145.64 1152.42 1159.18 1165.66 1170.2 1176.19 1177.29 1180.1 1182.86 1186.45 1189.22 1192.9 1196.61 1200.48 1205.18 1209.03 1213.77 1215.72 1219.47 1223.45 1228.2 1223.18 1228.03 1235 1243.87 1261.82 1286.28 1305.22 1318.01 1310.2 1285.98 1260.51 1240.54 1230.28 1221.76 1211.83 1209.44 1205.4 1199.5 1192.52 1186.91 1179.3 1175.02 1171.72 1169.51 1170.37 1170.88 1172.68 1175.28 1180.69 1183.26 1188.64 1189.1 1195.99 1193.35 1181.79 1178.15 1173.28 1168.85 1164.42 1157.62 1123.6 1061.51 972.561 866.643 749.345 674.387 624.558 604.639 602.588 607.569 612.996 618.689 620.936 621.171 617.098 613.613 610.74 610.577 613.095 615.415 617.612 620.248 623.204 625.955 628.593 634.117 634.144 637.219 640.222 646.299 649.598 649.83 652.99 658.912 662.944 662.897 667.062 675.187 679.383 686.891 685.533 701.033 709.228 710.791 708.576 710.047 706.45 703.267 700.392 698.697 697.592 698.14 699.264 703.042 705.464 705.552 707.533 711.07 713.838 717.727 717.599 721.556 725.603 729.501 733.381 739.075 745.606 751.944 763.272 772.769 774.255 785.507 807.702 824.713 829.055 836.46 840.525 846.229 852.192 858.217 859.946 850.311 840.19 830.869 823.527 817.617 812.937 811.232 811.513 811.825 812.178 814.584 816.236 815.505 817.14 819.033 820.941 822.802 826.916 826.836 829.049 831.264 833.95 836.688 839.567 842.379 844.997 847.466 851.643 856.916 856.416 858.76 858.765 861.125 863.418 867.507 869.839 872.535 875.122 875.131 878.011 880.604 884.696 887.013 889.964 892.676 892.008 894.662 897.203 899.89 902.721 905.302 910.283 912.749 912.987 915.316 917.544 919.576 921.451 925.179 928.097 930.785 929.454 932.116 934.637 936.936 939.454 941.788 943.929 949.597 948.784 951.473 954.016 956.43 958.443 959.995 963.052 965.618 968.137 965.409 968.278 970.762 972.808 974.128 974.881 976.397 978.292 980.39 982.525 976.441 978.469 980.354 982.118 983.588 984.812 985.72 986.219 986.285 992.573 993.188 984.226 984.801 985.792 986.647 987.395 988.048 988.432 988.533 988.325 987.719 986.696 993.675 993.556 982.264 982.271 982.7 983.069 983.456 983.939 984.209 984.325 984.405 984.04 983.25 989.039 988.894 988.89 989.327 990.033 979.492 980.514 981.716 982.943 984.28 985.692 987.036 988.308 989.444 990.533 991.457 992.137 992.692 993.05 992.979 992.759 1000.37 999.784 999.187 998.553 997.526 996.397 987.148 985.999 984.839 983.63 982.609 981.582 980.544 979.668 978.855 978.003 977.49 977.142 976.778 976.678 976.794 976.894 977.182 977.703 978.197 979.157 980.852 982.558 984.185 985.734 987.241 988.499 988.773 989.036 989.194 988.721 988.24 987.705 986.583 
        </DataArray>
        <DataArray type="Float64" Name="Tau1" format="ascii">
0 0 0 0 0 0 0 0 0 0 0 0 0 0 0 0 0 0 0 0 0 0 0 0 0 0 0 0 0 0 0 0 0 0 0 0 0 0 0 0 0 0 0 0 0 0 0 0 0 0 0 0 0 0 0 0 0 0 0 0 0 0 0 0 0 0 0 0 0 0 0 0 0 0 0 0 0 0 0 0 0 0 0 0 0 0 0 0 0 0 0 0 0 0 0 0 0 0 0 0 0 0 0 0 0 0 0 0 0 0 0 0 0 0 0 0 0 0 0 0 0 0 0 0 0 0 0 0 0 0 0 0 0 0 0 0 0 0 0 0 0 0 0 0 0 0 0 0 0 0 0 0 0 0 0 0 0 0 0 0 0 0 0 0 0 0 0 0 0 0 0 0 0 0 0 0 0 0 0 0 0 0 0 0 0 0 0 0 0 0 0 0 0 0 0 0 0 0 0 0 0 0 0 0 0 0 0 0 0 0 0 0 0 0 0 0 0 0 0 0 0 0 0 0 0 0 0 0 0 0 0 0 0 0 0 0 0 0 0 0 0 0 0 0 0 0 0 0 0 0 0 0 0 0 0 0 0 0 0 0 0 0 0 0 0 0 0 0 0 0 0 0 0 0 0 0 0 0 0 0 0 0 0 0 0 0 0 0 0 0 0 0 0 0 0 0 0 0 0 0 0 0 0 0 0 0 0 0 0 0 0 0 0 0 0 0 0 0 0 0 0 0 0 0 0 0 0 0 0 0 0 0 0 0 0 0 0 0 0 0 0 0 0 0 0 0 0 0 0 0 0 0 0 0 0 0 0 0 0 0 0 0 0 0 0 0 0 0 0 0 0 0 0 0 0 0 0 0 0 0 0 0 0 0 0 0 0 0 0 0 0 0 0 0 0 0 0 0 0 0 0 0 0 0 0 0 0 0 0 0 0 0 0 0 0 0 0 0 0 0 0 0 0 0 0 0 0 0 0 0 0 0 0 0 0 0 0 0 0 0 0 0 0 0 0 0 0 0 0 0 0 0 0 0 0 0 0 0 0 0 0 0 0 0 0 0 0 0 0 0 0 0 0 0 0 0 0 0 0 0 0 0 0 0 0 0 0 0 0 0 0 0 0 0 0 0 0 0 0 0 0 0 0 0 0 0 0 0 0 0 0 0 0 0 0 0 0 0 0 0 0 0 0 0 0 0 0 0 0 0 0 0 0 0 0 0 0 0 0 0 0 0 0 0 0 0 0 0 0 0 0 0 0 0 0 0 0 0 0 0 0 0 0 0 0 0 0 0 0 0 0 0 0 0 0 0 0 0 0 0 0 0 0 0 0 0 0 0 0 0 0 0 0 0 0 0 0 0 0 0 0 0 0 0 0 0 0 0 0 0 0 0 0 0 0 0 0 0 0 0 0 0 0 0 0 0 0 0 0 0 0 0 0 0 0 0 0 0 0 0 0 0 0 0 0 0 0 0 0 0 0 0 0 0 0 0 0 0 0 0 0 0 0 0 0 0 0 0 0 0 0 0 0 0 0 0 0 0 0 0 0 0 0 0 0 0 0 0 0 0 0 0 0 0 0 0 0 0 0 0 0 0 0 0 0 0 0 0 0 0 0 0 0 0 0 0 0 0 0 0 0 0 0 0 0 0 0 0 0 0 0 0 0 0 0 0 0 0 0 0 0 0 0 0 0 0 0 0 0 0 0 0 0 0 0 0 0 0 0 0 0 0 0 0 0 0 0 0 0 0 0 0 0 0 0 0 0 0 0 0 0 0 0 0 0 0 0 0 0 0 0 0 0 0 0 0 0 0 0 0 0 0 0 0 0 0 0 0 0 0 0 0 0 0 0 0 0 0 0 0 0 0 0 0 0 0 0 0 0 0 0 0 0 0 0 0 0 0 0 0 0 0 0 0 0 0 0 0 0 0 0 0 0 0 0 0 0 0 0 0 0 0 0 0 0 0 0 0 0 0 0 0 0 0 0 0 0 0 0 0 0 0 0 0 0 0 0 0 0 0 0 0 0 0 0 0 0 0 0 0 0 0 0 0 0 0 0 0 0 0 0 0 0 0 0 0 0 0 0 0 0 0 0 0 0 0 0 0 0 0 0 0 0 0 0 0 0 0 0 0 0 0 0 0 0 0 0 0 0 0 0 0 0 0 0 0 0 0 0 0 0 0 0 0 0 0 0 0 0 0 0 0 0 0 0 0 0 0 0 0 0 0 0 0 0 0 0 0 0 0 0 0 0 0 0 0 0 0 0 0 0 0 0 0 0 0 0 0 0 0 0 0 0 0 0 0 0 0 0 0 0 0 0 0 0 0 0 0 0 0 0 0 0 0 0 0 0 0 0 0 0 0 0 0 0 0 0 0 0 0 0 0 0 0 0 0 0 0 0 0 0 0 0 0 0 0 0 0 0 0 0 0 0 0 0 0 0 0 0 0 0 0 0 0 0 0 0 0 0 0 0 0 0 0 0 0 0 0 0 0 0 0 0 0 0 0 0 0 0 0 0 0 0 0 0 0 0 0 0 0 0 0 0 0 0 0 0 0 0 0 0 0 0 0 0 0 0 0 0 0 0 0 0 0 0 0 0 0 0 0 0 0 0 0 0 0 0 0 0 0 0 0 0 0 0 0 0 0 0 0 0 0 0 0 0 0 0 0 0 0 0 0 0 0 0 0 0 0 0 0 0 0 0 0 0 0 0 0 0 0 0 0 0 0 0 0 0 0 0 0 0 0 0 0 0 0 0 0 0 0 0 0 0 0 0 0 0 0 0 0 0 0 0 0 0 0 0 0 0 0 0 0 0 0 0 0 0 0 0 0 0 0 0 0 0 0 0 0 0 0 0 0 0 0 0 0 0 0 0 0 0 0 0 0 0 0 0 0 0 0 0 0 0 0 0 0 0 0 0 0 0 0 0 0 0 0 0 0 0 0 0 0 0 0 0 0 0 0 0 0 0 0 0 0 0 0 0 0 0 0 0 0 0 0 0 0 0 0 0 0 0 0 0 0 0 0 0 0 0 0 0 0 0 0 0 0 0 0 0 0 0 0 0 0 0 0 0 0 0 0 0 0 0 0 0 0 0 0 0 0 0 0 0 0 0 0 0 0 0 0 0 0 0 0 0 0 0 0 0 0 0 0 0 0 0 0 0 0 0 0 0 0 0 0 0 0 0 0 0 0 0 0 0 0 0 0 0 0 0 0 0 0 0 0 0 0 0 0 0 0 0 0 0 0 0 0 0 0 0 0 0 0 0 0 0 0 0 0 0 0 0 0 0 0 0 0 0 0 0 0 0 0 0 0 0 0 0 0 0 0 0 0 0 0 0 0 0 0 0 0 0 0 0 0 0 0 0 0 0 0 0 0 0 0 0 0 0 0 0 0 0 0 0 0 0 0 0 0 0 0 0 0 0 0 0 0 0 0 0 0 0 0 0 0 0 0 0 0 0 0 0 0 0 0 0 0 0 0 0 0 0 0 0 0 0 0 0 0 0 0 0 0 0 0 0 0 0 0 0 0 0 0 0 0 0 0 0 0 0 0 0 0 0 0 0 0 0 0 0 0 0 0 0 0 0 0 0 0 0 0 0 0 0 0 0 0 0 0 0 0 0 0 0 0 0 0 0 0 0 0 0 0 0 0 0 0 0 0 0 0 0 0 0 0 0 0 0 0 0 0 0 0 0 0 0 0 0 0 0 0 0 0 0 0 0 0 0 0 0 0 0 0 0 0 0 0 0 0 0 0 0 0 0 0 0 0 0 0 0 0 0 0 0 0 0 0 0 0 0 0 0 0 0 0 0 0 0 0 0 0 0 0 0 0 0 0 0 0 0 0 0 0 0 0 0 0 0 0 0 0 0 0 0 0 0 0 0 0 0 0 0 0 0 0 0 0 0 0 0 0 0 0 0 0 0 0 0 0 0 0 0 0 0 0 0 0 0 0 0 0 0 0 0 0 0 0 0 0 0 0 0 0 0 0 0 0 0 0 0 0 0 0 0 0 0 0 0 0 0 0 0 0 0 0 0 0 0 0 0 0 0 0 0 0 0 0 0 0 0 0 0 0 0 0 0 0 0 0 0 0 0 0 0 0 0 0 0 0 0 0 0 0 0 0 0 0 0 0 0 0 0 0 0 0 0 0 0 0 0 0 0 0 0 0 0 0 0 0 0 0 0 0 0 0 0 0 0 0 0 0 0 0 0 0 0 0 0 0 0 0 0 0 0 0 0 0 0 0 0 0 0 0 0 0 0 0 0 0 0 0 0 0 0 0 0 0 0 0 0 0 0 0 0 0 0 0 0 0 0 0 0 0 0 0 0 0 0 0 0 0 0 0 0 0 0 0 0 0 0 0 0 0 0 0 0 0 0 0 0 0 0 0 0 0 0 0 0 0 0 0 0 0 0 0 0 0 0 0 0 0 0 0 0 0 0 0 0 0 0 0 0 0 0 0 0 0 0 0 0 0 0 0 0 0 0 0 0 0 0 0 0 0 0 0 0 0 0 0 0 0 
        </DataArray>
        <DataArray type="Float64" Name="Tau2" format="ascii">
0 0 0 0 0 0 0 0 0 0 0 0 0 0 0 0 0 0 0 0 0 0 0 0 0 0 0 0 0 0 0 0 0 0 0 0 0 0 0 0 0 0 0 0 0 0 0 0 0 0 0 0 0 0 0 0 0 0 0 0 0 0 0 0 0 0 0 0 0 0 0 0 0 0 0 0 0 0 0 0 0 0 0 0 0 0 0 0 0 0 0 0 0 0 0 0 0 0 0 0 0 0 0 0 0 0 0 0 0 0 0 0 0 0 0 0 0 0 0 0 0 0 0 0 0 0 0 0 0 0 0 0 0 0 0 0 0 0 0 0 0 0 0 0 0 0 0 0 0 0 0 0 0 0 0 0 0 0 0 0 0 0 0 0 0 0 0 0 0 0 0 0 0 0 0 0 0 0 0 0 0 0 0 0 0 0 0 0 0 0 0 0 0 0 0 0 0 0 0 0 0 0 0 0 0 0 0 0 0 0 0 0 0 0 0 0 0 0 0 0 0 0 0 0 0 0 0 0 0 0 0 0 0 0 0 0 0 0 0 0 0 0 0 0 0 0 0 0 0 0 0 0 0 0 0 0 0 0 0 0 0 0 0 0 0 0 0 0 0 0 0 0 0 0 0 0 0 0 0 0 0 0 0 0 0 0 0 0 0 0 0 0 0 0 0 0 0 0 0 0 0 0 0 0 0 0 0 0 0 0 0 0 0 0 0 0 0 0 0 0 0 0 0 0 0 0 0 0 0 0 0 0 0 0 0 0 0 0 0 0 0 0 0 0 0 0 0 0 0 0 0 0 0 0 0 0 0 0 0 0 0 0 0 0 0 0 0 0 0 0 0 0 0 0 0 0 0 0 0 0 0 0 0 0 0 0 0 0 0 0 0 0 0 0 0 0 0 0 0 0 0 0 0 0 0 0 0 0 0 0 0 0 0 0 0 0 0 0 0 0 0 0 0 0 0 0 0 0 0 0 0 0 0 0 0 0 0 0 0 0 0 0 0 0 0 0 0 0 0 0 0 0 0 0 0 0 0 0 0 0 0 0 0 0 0 0 0 0 0 0 0 0 0 0 0 0 0 0 0 0 0 0 0 0 0 0 0 0 0 0 0 0 0 0 0 0 0 0 0 0 0 0 0 0 0 0 0 0 0 0 0 0 0 0 0 0 0 0 0 0 0 0 0 0 0 0 0 0 0 0 0 0 0 0 0 0 0 0 0 0 0 0 0 0 0 0 0 0 0 0 0 0 0 0 0 0 0 0 0 0 0 0 0 0 0 0 0 0 0 0 0 0 0 0 0 0 0 0 0 0 0 0 0 0 0 0 0 0 0 0 0 0 0 0 0 0 0 0 0 0 0 0 0 0 0 0 0 0 0 0 0 0 0 0 0 0 0 0 0 0 0 0 0 0 0 0 0 0 0 0 0 0 0 0 0 0 0 0 0 0 0 0 0 0 0 0 0 0 0 0 0 0 0 0 0 0 0 0 0 0 0 0 0 0 0 0 0 0 0 0 0 0 0 0 0 0 0 0 0 0 0 0 0 0 0 0 0 0 0 0 0 0 0 0 0 0 0 0 0 0 0 0 0 0 0 0 0 0 0 0 0 0 0 0 0 0 0 0 0 0 0 0 0 0 0 0 0 0 0 0 0 0 0 0 0 0 0 0 0 0 0 0 0 0 0 0 0 0 0 0 0 0 0 0 0 0 0 0 0 0 0 0 0 0 0 0 0 0 0 0 0 0 0 0 0 0 0 0 0 0 0 0 0 0 0 0 0 0 0 0 0 0 0 0 0 0 0 0 0 0 0 0 0 0 0 0 0 0 0 0 0 0 0 0 0 0 0 0 0 0 0 0 0 0 0 0 0 0 0 0 0 0 0 0 0 0 0 0 0 0 0 0 0 0 0 0 0 0 0 0 0 0 0 0 0 0 0 0 0 0 0 0 0 0 0 0 0 0 0 0 0 0 0 0 0 0 0 0 0 0 0 0 0 0 0 0 0 0 0 0 0 0 0 0 0 0 0 0 0 0 0 0 0 0 0 0 0 0 0 0 0 0 0 0 0 0 0 0 0 0 0 0 0 0 0 0 0 0 0 0 0 0 0 0 0 0 0 0 0 0 0 0 0 0 0 0 0 0 0 0 0 0 0 0 0 0 0 0 0 0 0 0 0 0 0 0 0 0 0 0 0 0 0 0 0 0 0 0 0 0 0 0 0 0 0 0 0 0 0 0 0 0 0 0 0 0 0 0 0 0 0 0 0 0 0 0 0 0 0 0 0 0 0 0 0 0 0 0 0 0 0 0 0 0 0 0 0 0 0 0 0 0 0 0 0 0 0 0 0 0 0 0 0 0 0 0 0 0 0 0 0 0 0 0 0 0 0 0 0 0 0 0 0 0 0 0 0 0 0 0 0 0 0 0 0 0 0 0 0 0 0 0 0 0 0 0 0 0 0 0 0 0 0 0 0 0 0 0 0 0 0 0 0 0 0 0 0 0 0 0 0 0 0 0 0 0 0 0 0 0 0 0 0 0 0 0 0 0 0 0 0 0 0 0 0 0 0 0 0 0 0 0 0 0 0 0 0 0 0 0 0 0 0 0 0 0 0 0 0 0 0 0 0 0 0 0 0 0 0 0 0 0 0 0 0 0 0 0 0 0 0 0 0 0 0 0 0 0 0 0 0 0 0 0 0 0 0 0 0 0 0 0 0 0 0 0 0 0 0 0 0 0 0 0 0 0 0 0 0 0 0 0 0 0 0 0 0 0 0 0 0 0 0 0 0 0 0 0 0 0 0 0 0 0 0 0 0 0 0 0 0 0 0 0 0 0 0 0 0 0 0 0 0 0 0 0 0 0 0 0 0 0 0 0 0 0 0 0 0 0 0 0 0 0 0 0 0 0 0 0 0 0 0 0 0 0 0 0 0 0 0 0 0 0 0 0 0 0 0 0 0 0 0 0 0 0 0 0 0 0 0 0 0 0 0 0 0 0 0 0 0 0 0 0 0 0 0 0 0 0 0 0 0 0 0 0 0 0 0 0 0 0 0 0 0 0 0 0 0 0 0 0 0 0 0 0 0 0 0 0 0 0 0 0 0 0 0 0 0 0 0 0 0 0 0 0 0 0 0 0 0 0 0 0 0 0 0 0 0 0 0 0 0 0 0 0 0 0 0 0 0 0 0 0 0 0 0 0 0 0 0 0 0 0 0 0 0 0 0 0 0 0 0 0 0 0 0 0 0 0 0 0 0 0 0 0 0 0 0 0 0 0 0 0 0 0 0 0 0 0 0 0 0 0 0 0 0 0 0 0 0 0 0 0 0 0 0 0 0 0 0 0 0 0 0 0 0 0 0 0 0 0 0 0 0 0 0 0 0 0 0 0 0 0 0 0 0 0 0 0 0 0 0 0 0 0 0 0 0 0 0 0 0 0 0 0 0 0 0 0 0 0 0 0 0 0 0 0 0 0 0 0 0 0 0 0 0 0 0 0 0 0 0 0 0 0 0 0 0 0 0 0 0 0 0 0 0 0 0 0 0 0 0 0 0 0 0 0 0 0 0 0 0 0 0 0 0 0 0 0 0 0 0 0 0 0 0 0 0 0 0 0 0 0 0 0 0 0 0 0 0 0 0 0 0 0 0 0 0 0 0 0 0 0 0 0 0 0 0 0 0 0 0 0 0 0 0 0 0 0 0 0 0 0 0 0 0 0 0 0 0 0 0 0 0 0 0 0 0 0 0 0 0 0 0 0 0 0 0 0 0 0 0 0 0 0 0 0 0 0 0 0 0 0 0 0 0 0 0 0 0 0 0 0 0 0 0 0 0 0 0 0 0 0 0 0 0 0 0 0 0 0 0 0 0 0 0 0 0 0 0 0 0 0 0 0 0 0 0 0 0 0 0 0 0 0 0 0 0 0 0 0 0 0 0 0 0 0 0 0 0 0 0 0 0 0 0 0 0 0 0 0 0 0 0 0 0 0 0 0 0 0 0 0 0 0 0 0 0 0 0 0 0 0 0 0 0 0 0 0 0 0 0 0 0 0 0 0 0 0 0 0 0 0 0 0 0 0 0 0 0 0 0 0 0 0 0 0 0 0 0 0 0 0 0 0 0 0 0 0 0 0 0 0 0 0 0 0 0 0 0 0 0 0 0 0 0 0 0 0 0 0 0 0 0 0 0 0 0 0 0 0 0 0 0 0 0 0 0 0 0 0 0 0 0 0 0 0 0 0 0 0 0 0 0 0 0 0 0 0 0 0 0 0 0 0 0 0 0 0 0 0 0 0 0 0 0 0 0 0 0 0 0 0 0 0 0 0 0 0 0 0 0 0 0 0 0 0 0 0 0 0 0 0 0 0 0 0 0 0 0 0 0 0 0 0 0 0 0 0 0 0 0 0 0 0 0 0 0 0 0 0 0 0 0 0 0 0 0 0 0 0 0 0 0 0 0 0 0 0 0 0 0 0 0 0 0 0 0 0 0 0 0 0 0 0 0 0 0 0 
        </DataArray>
        <DataArray type="Float64" Name="dTdn" format="ascii">
0 0 0 0 0 0 0 0 0 0 0 0 0 0 0 0 0 0 0 0 0 0 0 0 0 0 0 0 0 0 0 0 0 0 0 0 0 0 0 0 0 0 0 0 0 0 0 0 0 0 0 0 0 0 0 0 0 0 0 0 0 0 0 0 0 0 0 0 0 0 0 0 0 0 0 0 0 0 0 0 0 0 0 0 0 0 0 0 0 0 0 0 0 0 0 0 0 0 0 0 0 0 0 0 0 0 0 0 0 0 0 0 0 0 0 0 0 0 0 0 0 0 0 0 0 0 0 0 0 0 0 0 0 0 0 0 0 0 0 0 0 0 0 0 0 0 0 0 0 0 0 0 0 0 0 0 0 0 0 0 0 0 0 0 0 0 0 0 0 0 0 0 0 0 0 0 0 0 0 0 0 0 0 0 0 0 0 0 0 0 0 0 0 0 0 0 0 0 0 0 0 0 0 0 0 0 0 0 0 0 0 0 0 0 0 0 0 0 0 0 0 0 0 0 0 0 0 0 0 0 0 0 0 0 0 0 0 0 0 0 0 0 0 0 0 0 0 0 0 0 0 0 0 0 0 0 0 0 0 0 0 0 0 0 0 0 0 0 0 0 0 0 0 0 0 0 0 0 0 0 0 0 0 0 0 0 0 0 0 0 0 0 0 0 0 0 0 0 0 0 0 0 0 0 0 0 0 0 0 0 0 0 0 0 0 0 0 0 0 0 0 0 0 0 0 0 0 0 0 0 0 0 0 0 0 0 0 0 0 0 0 0 0 0 0 0 0 0 0 0 0 0 0 0 0 0 0 0 0 0 0 0 0 0 0 0 0 0 0 0 0 0 0 0 0 0 0 0 0 0 0 0 0 0 0 0 0 0 0 0 0 0 0 0 0 0 0 0 0 0 0 0 0 0 0 0 0 0 0 0 0 0 0 0 0 0 0 0 0 0 0 0 0 0 0 0 0 0 0 0 0 0 0 0 0 0 0 0 0 0 0 0 0 0 0 0 0 0 0 0 0 0 0 0 0 0 0 0 0 0 0 0 0 0 0 0 0 0 0 0 0 0 0 0 0 0 0 0 0 0 0 0 0 0 0 0 0 0 0 0 0 0 0 0 0 0 0 0 0 0 0 0 0 0 0 0 0 0 0 0 0 0 0 0 0 0 0 0 0 0 0 0 0 0 0 0 0 0 0 0 0 0 0 0 0 0 0 0 0 0 0 0 0 0 0 0 0 0 0 0 0 0 0 0 0 0 0 0 0 0 0 0 0 0 0 0 0 0 0 0 0 0 0 0 0 0 0 0 0 0 0 0 0 0 0 0 0 0 0 0 0 0 0 0 0 0 0 0 0 0 0 0 0 0 0 0 0 0 0 0 0 0 0 0 0 0 0 0 0 0 0 0 0 0 0 0 0 0 0 0 0 0 0 0 0 0 0 0 0 0 0 0 0 0 0 0 0 0 0 0 0 0 0 0 0 0 0 0 0 0 0 0 0 0 0 0 0 0 0 0 0 0 0 0 0 0 0 0 0 0 0 0 0 0 0 0 0 0 0 0 0 0 0 0 0 0 0 0 0 0 0 0 0 0 0 0 0 0 0 0 0 0 0 0 0 0 0 0 0 0 0 0 0 0 0 0 0 0 0 0 0 0 0 0 0 0 0 0 0 0 0 0 0 0 0 0 0 0 0 0 0 0 0 0 0 0 0 0 0 0 0 0 0 0 0 0 0 0 0 0 0 0 0 0 0 0 0 0 0 0 0 0 0 0 0 0 0 0 0 0 0 0 0 0 0 0 0 0 0 0 0 0 0 0 0 0 0 0 0 0 0 0 0 0 0 0 0 0 0 0 0 0 0 0 0 0 0 0 0 0 0 0 0 0 0 0 0 0 0 0 0 0 0 0 0 0 0 0 0 0 0 0 0 0 0 0 0 0 0 0 0 0 0 0 0 0 0 0 0 0 0 0 0 0 0 0 0 0 0 0 0 0 0 0 0 0 0 0 0 0 0 0 0 0 0 0 0 0 0 0 0 0 0 0 0 0 0 0 0 0 0 0 0 0 0 0 0 0 0 0 0 0 0 0 0 0 0 0 0 0 0 0 0 0 0 0 0 0 0 0 0 0 0 0 0 0 0 0 0 0 0 0 0 0 0 0 0 0 0 0 0 0 0 0 0 0 0 0 0 0 0 0 0 0 0 0 0 0 0 0 0 0 0 0 0 0 0 0 0 0 0 0 0 0 0 0 0 0 0 0 0 0 0 0 0 0 0 0 0 0 0 0 0 0 0 0 0 0 0 0 0 0 0 0 0 0 0 0 0 0 0 0 0 0 0 0 0 0 0 0 0 0 0 0 0 0 0 0 0 0 0 0 0 0 0 0 0 0 0 0 0 0 0 0 0 0 0 0 0 0 0 0 0 0 0 0 0 0 0 0 0 0 0 0 0 0 0 0 0 0 0 0 0 0 0 0 0 0 0 0 0 0 0 0 0 0 0 0 0 0 0 0 0 0 0 0 0 0 0 0 0 0 0 0 0 0 0 0 0 0 0 0 0 0 0 0 0 0 0 0 0 0 0 0 0 0 0 0 0 0 0 0 0 0 0 0 0 0 0 0 0 0 0 0 0 0 0 0 0 0 0 0 0 0 0 0 0 0 0 0 0 0 0 0 0 0 0 0 0 0 0 0 0 0 0 0 0 0 0 0 0 0 0 0 0 0 0 0 0 0 0 0 0 0 0 0 0 0 0 0 0 0 0 0 0 0 0 0 0 0 0 0 0 0 0 0 0 0 0 0 0 0 0 0 0 0 0 0 0 0 0 0 0 0 0 0 0 0 0 0 0 0 0 0 0 0 0 0 0 0 0 0 0 0 0 0 0 0 0 0 0 0 0 0 0 0 0 0 0 0 0 0 0 0 0 0 0 0 0 0 0 0 0 0 0 0 0 0 0 0 0 0 0 0 0 0 0 0 0 0 0 0 0 0 0 0 0 0 0 0 0 0 0 0 0 0 0 0 0 0 0 0 0 0 0 0 0 0 0 0 0 0 0 0 0 0 0 0 0 0 0 0 0 0 0 0 0 0 0 0 0 0 0 0 0 0 0 0 0 0 0 0 0 0 0 0 0 0 0 0 0 0 0 0 0 0 0 0 0 0 0 0 0 0 0 0 0 0 0 0 0 0 0 0 0 0 0 0 0 0 0 0 0 0 0 0 0 0 0 0 0 0 0 0 0 0 0 0 0 0 0 0 0 0 0 0 0 0 0 0 0 0 0 0 0 0 0 0 0 0 0 0 0 0 0 0 0 0 0 0 0 0 0 0 0 0 0 0 0 0 0 0 0 0 0 0 0 0 0 0 0 0 0 0 0 0 0 0 0 0 0 0 0 0 0 0 0 0 0 0 0 0 0 0 0 0 0 0 0 0 0 0 0 0 0 0 0 0 0 0 0 0 0 0 0 0 0 0 0 0 0 0 0 0 0 0 0 0 0 0 0 0 0 0 0 0 0 0 0 0 0 0 0 0 0 0 0 0 0 0 0 0 0 0 0 0 0 0 0 0 0 0 0 0 0 0 0 0 0 0 0 0 0 0 0 0 0 0 0 0 0 0 0 0 0 0 0 0 0 0 0 0 0 0 0 0 0 0 0 0 0 0 0 0 0 0 0 0 0 0 0 0 0 0 0 0 0 0 0 0 0 0 0 0 0 0 0 0 0 0 0 0 0 0 0 0 0 0 0 0 0 0 0 0 0 0 0 0 0 0 0 0 0 0 0 0 0 0 0 0 0 0 0 0 0 0 0 0 0 0 0 0 0 0 0 0 0 0 0 0 0 0 0 0 0 0 0 0 0 0 0 0 0 0 0 0 0 0 0 0 0 0 0 0 0 0 0 0 0 0 0 0 0 0 0 0 0 0 0 0 0 0 0 0 0 0 0 0 0 0 0 0 0 0 0 0 0 0 0 0 0 0 0 0 0 0 0 0 0 0 0 0 0 0 0 0 0 0 0 0 0 0 0 0 0 0 0 0 0 0 0 0 0 0 0 0 0 0 0 0 0 0 0 0 0 0 0 0 0 0 0 0 0 0 0 0 0 0 0 0 0 0 0 0 0 0 0 0 0 0 0 0 0 0 0 0 0 0 0 0 0 0 0 0 0 0 0 0 0 0 0 0 0 0 0 0 0 0 0 0 0 0 0 0 0 0 0 0 0 0 0 0 0 0 0 0 0 0 0 0 0 0 0 0 0 0 0 0 0 0 0 0 0 0 0 0 0 0 0 0 0 0 0 0 0 0 0 0 0 0 0 0 0 0 0 0 0 0 0 0 0 0 0 0 0 0 0 0 0 0 0 0 0 0 0 0 0 0 0 0 0 0 0 0 0 0 0 0 0 0 0 0 0 0 0 0 0 0 0 0 0 0 0 0 0 0 0 0 0 0 0 0 0 0 0 0 0 0 0 0 0 0 0 0 0 0 0 0 0 0 0 0 0 0 0 0 0 0 0 0 
        </DataArray>
        <DataArray type="Int32" Name="Rank" format="ascii">
7 7 7 7 7 7 7 7 7 7 7 7 7 7 7 7 7 7 7 7 7 7 7 7 7 7 7 7 7 7 7 7 7 7 7 7 7 7 7 7 7 7 7 7 7 7 7 7 7 7 7 7 7 7 7 7 7 7 7 7 7 7 7 7 7 7 7 7 7 7 7 7 7 7 7 7 7 7 7 7 7 7 7 7 7 7 7 7 7 7 7 7 7 7 7 7 7 7 7 7 7 7 7 7 7 7 7 7 7 7 7 7 7 7 7 7 7 7 7 7 7 7 7 7 7 7 7 7 7 7 7 7 7 7 7 7 7 7 7 7 7 7 7 7 7 7 7 7 7 7 7 7 7 7 7 7 7 7 7 7 7 7 7 7 7 7 7 7 7 7 7 7 7 7 7 7 7 7 7 7 7 7 7 7 7 7 7 7 7 7 7 7 7 7 7 7 7 7 7 7 7 7 7 7 7 7 7 7 7 7 7 7 7 7 7 6 6 6 6 6 6 6 6 6 6 6 6 6 6 6 6 6 6 6 6 6 6 6 6 6 6 6 6 6 6 6 6 6 6 6 6 6 6 6 6 6 6 6 6 6 6 6 6 6 6 6 6 6 6 6 6 6 6 6 6 6 6 6 6 6 6 6 6 6 6 7 7 7 7 7 7 7 7 7 7 7 7 7 7 7 7 7 7 7 7 7 7 7 7 7 7 7 7 7 7 7 7 7 7 7 7 7 7 7 7 7 7 7 7 7 7 7 7 7 7 7 7 7 7 7 7 7 7 7 7 7 7 7 7 7 7 7 7 7 7 7 7 7 7 7 7 7 7 7 7 7 7 7 7 7 7 7 7 7 7 7 7 7 7 7 7 7 7 7 7 7 7 6 7 7 7 7 7 7 7 7 7 7 7 7 7 7 7 7 7 7 7 7 7 7 7 7 7 7 7 7 7 7 7 7 7 7 7 7 7 7 7 7 7 7 7 7 7 7 7 7 7 7 7 7 7 7 7 7 7 7 7 7 7 7 7 7 7 7 7 7 7 7 7 7 7 7 7 7 7 7 7 7 7 7 7 7 7 7 7 7 7 7 7 7 7 7 7 7 7 7 7 7 7 7 7 7 7 7 7 7 7 7 7 7 7 7 7 7 7 7 7 7 7 7 7 7 7 7 7 7 7 7 7 7 7 7 7 7 7 7 7 7 7 7 7 7 7 7 7 7 7 7 7 7 7 7 7 7 7 7 7 7 7 7 7 7 7 7 7 7 7 7 7 7 7 7 7 7 7 7 7 7 7 7 7 7 7 7 7 7 7 7 7 7 7 7 7 7 7 7 7 7 7 7 7 7 7 7 7 7 7 7 7 7 7 7 7 7 7 7 7 7 7 7 7 7 7 7 7 7 7 7 7 7 7 7 7 7 7 7 7 7 7 7 7 7 7 7 7 7 7 7 7 7 7 7 7 7 7 7 7 7 7 7 7 7 7 7 7 7 7 7 7 7 7 7 7 7 7 7 7 7 7 7 7 7 7 7 7 7 7 7 7 7 7 7 7 7 7 7 7 7 7 7 7 7 7 7 7 7 7 7 7 7 7 7 7 7 7 7 7 7 7 7 7 7 7 7 7 7 7 7 7 7 7 7 7 7 7 7 7 7 7 7 7 7 7 7 7 7 7 7 7 7 7 7 7 7 7 7 7 7 7 7 7 7 7 7 7 7 7 7 7 7 7 7 7 7 7 7 7 7 7 7 7 7 7 7 7 7 7 7 7 7 7 7 7 7 7 7 7 7 7 7 7 7 7 7 7 7 7 7 7 7 7 7 7 7 7 7 7 7 7 7 7 7 7 7 7 7 7 7 7 7 7 7 7 7 7 7 7 7 7 7 7 7 7 7 7 7 7 7 7 7 7 7 7 7 7 7 7 7 7 7 7 7 7 7 7 7 7 7 7 7 7 7 7 7 7 7 7 7 7 7 7 7 7 7 7 7 7 7 7 7 7 7 7 7 7 7 7 7 7 7 7 7 7 7 7 7 7 7 7 7 7 7 7 7 7 7 7 7 7 7 7 7 7 7 7 7 7 7 7 7 7 7 7 7 7 7 7 7 7 7 7 7 7 7 7 7 7 7 7 7 7 7 7 7 7 7 7 7 7 7 7 7 7 7 7 7 7 7 7 7 7 7 7 7 7 7 7 7 7 7 7 7 7 7 7 8 8 8 8 8 8 8 8 8 8 8 8 8 8 8 8 8 8 8 8 8 8 8 8 8 8 8 8 8 8 8 8 8 8 8 8 8 8 8 8 8 8 8 8 8 8 8 8 8 8 8 8 8 8 8 8 8 8 8 8 8 8 8 8 8 8 8 8 8 8 8 8 8 8 8 8 8 8 8 8 8 8 8 8 8 8 8 8 8 8 8 8 8 8 8 8 8 8 8 8 8 8 8 8 8 8 8 8 8 8 8 8 8 8 8 8 8 8 8 8 8 8 8 8 8 8 8 8 8 8 8 8 8 8 8 8 8 8 8 8 8 8 8 8 8 8 8 8 8 8 8 8 8 8 8 8 8 8 8 8 8 8 8 8 8 8 8 8 8 8 8 8 8 8 8 8 8 8 8 8 8 8 8 8 8 8 8 8 8 8 8 8 8 8 8 8 8 8 8 8 8 8 8 8 8 8 8 8 8 8 8 8 8 8 8 8 8 8 8 8 8 8 8 8 8 8 8 8 8 8 8 8 8 8 8 8 8 8 8 8 8 8 8 8 8 8 8 8 8 8 8 8 8 8 8 8 8 8 8 8 8 8 8 8 8 8 8 8 8 8 8 8 8 8 8 8 8 8 8 8 8 8 8 8 8 8 8 8 8 8 8 8 8 8 8 8 8 8 8 8 8 8 8 8 8 8 8 8 8 8 8 8 8 8 8 8 8 8 8 8 8 8 8 8 8 8 8 8 8 8 8 8 8 8 8 8 8 8 8 8 8 8 8 8 8 8 8 8 8 8 8 8 8 8 8 8 8 8 8 8 8 8 8 8 8 8 8 8 8 8 8 8 8 8 8 8 8 8 8 8 8 8 8 8 8 8 8 8 8 8 8 8 8 8 8 8 8 8 8 8 8 8 8 8 8 8 8 8 8 8 8 8 8 8 8 8 8 8 8 8 8 8 8 8 8 8 8 8 8 8 8 8 8 8 8 8 8 8 8 8 8 8 8 8 8 8 8 8 8 8 8 8 8 8 8 8 8 8 8 8 8 8 8 8 8 8 8 8 8 8 8 8 8 8 8 8 8 8 8 8 8 8 8 8 8 8 8 8 8 8 8 8 8 8 8 8 8 8 8 8 8 8 8 8 8 8 8 8 8 8 8 8 8 8 8 8 8 8 8 8 8 8 8 8 8 8 8 8 8 8 8 8 8 8 8 8 8 8 8 8 8 8 8 8 8 8 8 8 8 8 8 8 8 8 8 8 8 8 8 8 8 8 8 8 8 8 8 8 8 8 8 8 8 8 8 8 8 8 8 8 8 8 8 8 8 8 8 8 8 8 8 8 8 8 8 8 8 8 8 8 8 8 8 8 8 8 8 8 8 8 8 8 8 8 8 8 8 8 8 8 8 8 8 8 8 8 8 8 8 8 8 8 8 8 8 8 8 8 8 8 8 8 8 8 8 8 8 8 8 8 8 8 8 8 8 8 8 8 8 8 8 8 8 8 8 8 8 8 8 8 8 8 8 8 8 8 8 8 8 8 8 8 8 8 8 8 8 8 8 8 8 8 8 8 8 8 8 8 8 8 8 8 8 8 8 8 8 8 8 8 8 8 8 8 8 8 8 8 8 8 8 8 8 8 8 8 8 8 8 8 8 8 8 8 8 8 8 8 8 8 8 8 8 8 8 8 8 8 8 8 8 8 8 8 8 8 8 8 8 8 8 8 8 8 8 8 8 8 8 8 8 8 8 8 8 8 8 8 8 8 8 8 8 8 8 8 8 8 8 8 8 8 8 8 8 8 8 8 8 8 8 8 8 8 8 8 8 8 8 8 8 8 8 8 8 8 8 8 8 8 8 8 8 8 8 8 8 8 8 8 8 8 8 8 8 8 8 8 8 8 8 8 8 8 8 8 8 8 8 8 8 8 8 8 8 8 8 8 8 8 8 8 8 8 8 8 8 8 8 8 8 8 8 8 8 8 8 8 8 8 8 8 8 8 8 8 8 8 8 8 8 8 8 8 8 8 8 8 8 8 8 8 8 8 8 8 8 8 8 8 8 8 8 8 8 8 8 8 8 8 8 8 8 8 8 8 8 8 8 8 8 8 8 8 8 8 8 8 8 8 8 8 8 8 8 8 8 8 8 8 8 8 8 8 8 8 8 8 8 8 8 8 8 8 8 8 8 8 8 8 8 8 8 8 8 8 8 8 8 8 8 8 8 8 8 8 8 8 8 8 8 8 8 8 8 8 8 8 8 8 8 8 8 8 8 8 8 8 8 8 8 8 8 8 8 8 8 8 8 8 8 8 8 8 8 
        </DataArray>
        <DataArray type="Int32" Name="Level" format="ascii">
4 4 4 4 4 4 4 4 4 4 4 4 4 4 4 4 4 4 4 4 4 4 4 4 4 4 4 4 4 4 4 4 4 4 4 4 4 4 4 4 4 4 4 4 4 4 4 4 4 4 4 4 4 4 4 4 4 4 4 4 4 4 4 4 4 4 4 4 4 4 4 4 4 4 4 4 4 4 4 4 4 4 4 4 4 4 4 4 4 4 4 4 4 4 4 4 4 4 4 4 4 4 4 4 4 4 4 4 4 4 4 4 4 4 4 4 4 4 4 4 4 4 4 4 4 4 4 4 4 4 4 4 4 4 4 4 4 4 4 4 4 4 4 4 4 4 4 4 4 4 4 4 4 4 4 4 4 4 4 4 4 4 4 4 4 4 4 4 4 4 4 4 4 4 4 4 4 4 4 4 4 4 4 4 4 4 4 4 4 4 4 4 4 4 4 4 4 4 4 4 4 4 4 4 4 4 4 4 4 4 4 4 4 4 4 4 4 4 4 4 4 4 4 4 4 4 4 4 4 4 4 4 4 4 4 4 4 4 4 4 4 4 4 4 4 4 4 4 4 4 4 4 4 4 4 4 4 4 4 4 4 4 4 4 4 4 4 4 4 4 4 4 4 4 4 4 4 4 4 4 4 4 4 4 4 4 4 4 4 4 4 4 4 4 4 4 4 4 4 4 4 4 4 4 4 4 4 4 4 4 4 4 4 4 4 4 4 4 4 4 4 4 4 4 4 4 4 4 4 4 4 4 4 4 4 4 4 4 4 4 4 4 4 4 4 4 4 4 4 4 4 4 4 4 4 4 4 4 4 4 4 4 4 4 4 4 4 4 4 4 4 4 4 4 4 4 4 4 4 4 4 4 4 4 4 4 4 3 4 4 4 4 4 4 4 4 4 4 4 4 4 4 4 4 4 4 4 4 4 4 4 4 4 4 4 4 4 4 4 4 4 4 4 4 4 4 4 4 4 4 4 4 4 4 4 4 4 4 4 4 4 4 4 4 4 4 4 4 4 4 4 4 4 4 4 4 4 4 4 4 4 4 4 4 4 4 4 4 4 4 4 4 4 4 4 4 4 4 4 4 4 4 4 4 4 4 4 4 4 4 4 4 4 4 4 4 4 4 4 4 4 4 4 4 4 4 4 4 4 4 4 4 4 4 4 4 4 4 4 4 4 4 4 4 4 4 4 4 4 4 4 4 4 4 4 4 4 4 4 4 4 4 4 4 4 4 4 4 4 4 4 4 4 4 4 4 4 4 4 4 4 4 4 4 4 4 4 4 4 4 4 4 4 4 4 4 4 4 4 4 4 4 4 4 4 4 4 4 4 4 4 4 4 4 4 4 4 4 4 4 4 4 4 4 4 4 4 4 4 4 4 4 4 4 4 4 4 4 4 4 4 4 4 4 4 4 4 4 4 4 4 4 4 4 4 4 4 4 4 4 4 4 4 4 4 4 4 4 4 4 4 4 4 4 4 4 4 4 4 4 4 4 4 4 4 4 4 4 4 4 4 4 4 4 4 4 4 4 4 4 4 4 4 4 4 4 4 4 4 4 4 4 4 4 4 4 4 4 4 4 4 4 4 4 4 4 4 4 4 4 4 4 4 4 4 4 4 4 4 4 4 4 4 4 4 4 4 4 4 4 4 4 4 4 4 4 4 4 4 4 4 4 4 4 4 4 4 4 4 4 4 4 4 4 4 4 4 4 4 4 4 4 4 4 4 4 4 4 4 4 4 4 4 4 4 4 4 4 4 4 4 4 4 4 4 4 4 4 4 4 4 4 4 4 4 4 4 4 4 4 4 4 4 4 4 4 4 4 4 4 4 4 4 4 4 4 4 4 4 4 4 4 4 4 4 4 4 4 4 4 4 4 4 4 4 4 4 4 4 4 4 4 4 4 4 4 4 4 4 4 4 4 4 4 4 4 4 4 4 4 4 4 4 4 4 4 4 4 4 4 4 4 4 4 4 4 4 4 4 4 4 4 4 4 4 4 4 4 4 4 4 4 4 4 4 4 4 4 4 4 4 4 4 4 4 4 4 4 4 4 4 4 4 4 4 4 4 4 4 4 4 4 4 4 4 4 4 4 4 4 4 4 4 4 4 4 4 4 4 4 4 4 4 4 4 4 4 4 4 4 4 4 4 4 4 4 4 4 4 4 4 4 4 4 4 4 4 4 4 4 4 4 4 4 4 4 4 4 4 4 4 4 4 4 4 4 4 4 4 4 4 4 4 4 4 4 4 4 4 4 4 4 4 4 4 4 4 4 4 4 4 4 4 4 4 4 4 4 4 4 4 4 4 4 4 4 4 4 4 4 4 4 4 4 4 4 4 4 4 4 4 4 4 4 4 4 4 4 4 4 4 4 4 4 4 4 4 4 4 4 4 4 4 4 4 4 4 4 4 4 4 4 4 4 4 4 4 4 4 4 4 4 4 4 4 4 4 4 4 4 4 4 4 4 4 4 4 4 4 4 4 4 4 4 4 4 4 4 4 4 4 4 4 4 4 4 4 4 4 4 4 4 4 4 4 4 4 4 4 4 4 4 4 4 4 4 4 4 4 4 4 4 4 4 4 4 4 4 4 4 4 4 4 4 4 4 4 4 4 4 4 4 4 4 4 4 4 4 4 4 4 4 4 4 4 4 4 4 4 4 4 4 4 4 4 4 4 4 4 4 4 4 4 4 4 4 4 4 4 4 4 4 4 4 4 4 4 4 4 4 4 4 4 4 4 4 4 4 4 4 4 4 4 4 4 4 4 4 4 4 4 4 4 4 4 4 4 4 4 4 4 4 4 4 4 4 4 4 4 4 4 4 4 4 4 4 4 4 4 4 4 4 4 4 4 4 4 4 4 4 4 4 4 4 4 4 4 4 4 4 4 4 4 4 4 4 4 4 4 4 4 4 4 4 4 4 4 4 4 4 4 4 4 4 4 4 4 4 4 4 4 4 4 4 4 4 4 4 4 4 4 4 4 4 4 4 4 4 4 4 4 4 4 4 4 4 4 4 4 4 4 4 4 4 4 4 4 4 4 4 4 4 4 4 4 4 4 4 4 4 4 4 4 4 4 4 4 4 4 4 4 4 4 4 4 4 4 4 4 4 4 4 4 4 4 4 4 4 4 4 4 4 4 4 4 4 4 4 4 4 4 4 4 4 4 4 4 4 4 4 4 4 4 4 4 4 4 4 4 4 4 4 4 4 4 4 4 4 4 4 4 4 4 4 4 4 4 4 4 4 4 4 4 4 4 4 4 4 4 4 4 4 4 4 4 4 4 4 4 4 4 4 4 4 4 4 4 4 4 4 4 4 4 4 4 4 4 4 4 4 4 4 4 4 4 4 4 4 4 4 4 4 4 4 4 4 4 4 4 4 4 4 4 4 4 4 4 4 4 4 4 4 4 4 4 4 4 4 4 4 4 4 4 4 4 4 4 4 4 4 4 4 4 4 4 4 4 4 4 4 4 4 4 4 4 4 4 4 4 4 4 4 4 4 4 4 4 4 4 4 4 4 4 4 4 4 4 4 4 4 4 4 4 4 4 4 4 4 4 4 4 4 4 4 4 4 4 4 4 4 4 4 4 4 4 4 4 4 4 4 4 4 4 4 4 4 4 4 4 4 4 4 4 4 4 4 4 4 4 4 4 4 4 4 4 4 4 4 4 4 4 4 4 4 4 4 4 4 4 4 4 4 4 4 4 4 4 4 4 4 4 4 4 4 4 4 4 4 4 4 4 4 4 4 4 4 4 4 4 4 4 4 4 4 4 4 4 4 4 4 4 4 4 4 4 4 4 4 4 4 4 4 4 4 4 4 4 4 4 4 4 4 4 4 4 4 4 4 4 4 4 4 4 4 4 4 4 4 4 4 4 4 4 4 4 4 4 4 4 4 4 4 4 4 4 4 4 4 4 4 4 4 4 4 4 4 4 4 4 4 4 4 4 4 4 4 4 4 4 4 4 4 4 4 4 4 4 4 4 4 4 4 4 4 4 4 4 4 4 4 4 4 4 4 4 4 4 4 4 4 4 4 4 4 4 4 4 4 4 4 4 4 4 4 4 4 4 4 4 4 4 4 4 4 4 4 4 4 4 4 4 4 4 4 4 4 4 4 4 4 4 4 4 4 4 4 4 4 4 4 4 4 4 4 4 4 4 4 4 4 4 4 4 4 4 4 4 4 4 4 4 4 4 4 4 4 4 4 4 4 4 4 4 4 4 4 4 4 4 4 4 4 4 4 4 4 4 4 4 4 4 4 4 4 4 4 4 4 4 4 4 4 4 4 4 4 4 4 4 4 4 4 4 4 4 4 4 4 4 4 4 4 4 4 4 4 4 4 4 4 4 4 4 4 4 4 4 4 4 4 4 4 4 4 4 4 4 4 4 4 4 4 4 4 4 4 4 4 4 4 4 4 4 4 4 4 4 4 4 4 4 4 4 4 4 4 4 4 4 4 4 4 4 4 4 4 4 4 4 4 4 4 4 4 4 4 4 4 4 4 
        </DataArray>
        <DataArray type="Int32" Name="N_Interp_IP0" format="ascii">
4 4 4 4 4 4 4 4 4 4 4 4 4 4 4 4 4 4 4 4 4 4 4 4 4 4 4 4 4 4 4 4 4 4 4 4 4 4 4 4 4 4 4 4 4 4 4 4 4 4 4 4 4 4 4 4 4 4 4 4 4 4 4 4 4 4 4 4 4 4 4 4 4 4 4 4 4 4 4 4 4 4 4 4 4 4 4 4 4 4 4 4 4 4 4 4 4 4 4 4 4 4 4 4 4 4 4 4 4 4 4 4 4 4 4 4 4 4 4 4 4 4 4 4 4 4 4 4 4 4 4 4 4 4 4 4 4 4 4 4 4 4 4 4 4 4 4 4 4 4 4 4 4 4 4 4 4 4 4 4 4 4 4 4 4 4 4 4 4 4 4 4 4 4 4 4 4 4 4 4 4 4 4 4 4 4 4 4 4 4 4 4 4 4 4 4 4 4 4 4 4 4 4 4 4 4 4 4 4 4 4 4 4 4 4 4 4 4 4 4 4 4 4 4 4 4 4 4 4 4 4 4 4 4 4 4 4 4 4 4 4 4 4 4 4 4 4 4 4 4 4 4 4 4 4 4 4 4 4 4 4 4 4 4 4 4 4 4 4 4 4 4 4 4 4 4 4 4 4 4 4 4 4 4 4 4 4 4 4 4 4 4 4 4 4 4 4 4 4 4 4 4 4 4 4 4 4 4 4 4 4 4 4 4 4 4 4 4 4 4 4 4 4 4 4 4 4 4 4 4 4 4 4 4 4 4 4 4 4 4 4 4 4 4 4 4 4 4 4 4 4 4 4 4 4 4 4 4 4 4 4 4 4 4 4 4 4 4 4 4 4 4 4 4 4 4 4 4 4 4 4 4 4 4 4 4 4 4 4 4 4 4 4 4 4 4 4 4 4 4 4 4 4 4 4 4 4 4 4 4 4 4 4 4 4 4 4 4 4 4 4 4 4 4 4 4 4 4 4 4 4 4 4 4 4 4 4 4 4 4 4 4 4 4 4 4 4 4 4 4 4 4 4 4 4 4 4 4 4 4 4 4 4 4 4 4 4 4 4 4 4 4 4 4 4 4 4 4 4 4 4 4 4 4 4 4 4 4 4 4 4 4 4 4 4 4 4 4 4 4 4 4 4 4 4 4 4 4 4 4 4 4 4 4 4 4 4 4 4 4 4 4 4 4 4 4 4 4 4 4 4 4 4 4 4 4 4 4 4 4 4 4 4 4 4 4 4 4 4 4 4 4 4 4 4 4 4 4 4 4 4 4 4 4 4 4 4 4 4 4 4 4 4 4 4 4 4 4 4 4 4 4 4 4 4 4 4 4 4 4 4 4 4 4 4 4 4 4 4 4 4 4 4 4 4 4 4 4 4 4 4 4 4 4 4 4 4 4 4 4 4 4 4 4 4 4 4 4 4 4 4 4 4 4 4 4 4 4 4 4 4 4 4 4 4 4 4 4 4 4 4 4 4 4 4 4 4 4 4 4 4 4 4 4 4 4 4 4 4 4 4 4 4 4 4 4 4 4 4 4 4 4 4 4 4 4 4 4 4 4 4 4 4 4 4 4 4 4 4 4 4 4 4 4 4 4 4 4 4 4 4 4 4 4 4 4 4 4 4 4 4 4 4 4 4 4 4 4 4 4 4 4 4 4 4 4 4 4 4 4 4 4 4 4 4 4 4 4 4 4 4 4 4 4 4 4 4 4 4 4 4 4 4 4 4 4 4 4 4 4 4 4 4 4 4 4 4 4 4 4 4 4 4 4 4 4 4 4 4 4 4 4 4 4 4 4 4 4 4 4 4 4 4 4 4 4 4 4 4 4 4 4 4 4 4 4 4 4 4 4 4 4 4 4 4 4 4 4 4 4 4 4 4 4 4 4 4 4 4 4 4 4 4 4 4 4 4 4 4 4 4 4 4 4 4 4 4 4 4 4 4 4 4 4 4 4 4 4 4 4 4 4 4 4 4 4 4 4 4 4 4 4 4 4 4 4 4 4 4 4 4 4 4 4 4 4 4 4 4 4 4 4 4 4 4 4 4 4 4 4 4 4 4 4 4 4 4 4 4 4 4 4 4 4 4 4 4 4 4 4 4 4 4 4 4 4 4 4 4 4 4 4 4 4 4 4 4 4 4 4 4 4 4 4 4 4 4 4 4 4 4 4 4 4 4 4 4 4 4 4 4 4 4 4 4 4 4 4 4 4 4 4 4 4 4 4 4 4 4 4 4 4 4 4 4 4 4 4 4 4 4 4 4 4 4 4 4 4 4 4 4 4 4 4 4 4 4 4 4 4 4 4 4 4 4 4 4 4 4 4 4 4 4 4 4 4 4 4 4 4 4 4 4 4 4 4 4 4 4 4 4 4 4 4 4 4 4 4 4 4 4 4 4 4 4 4 4 4 4 4 4 4 4 4 4 4 4 4 4 4 4 4 4 4 4 4 4 4 4 4 4 4 4 4 4 4 4 4 4 4 4 4 4 4 4 4 4 4 4 4 4 4 4 4 4 4 4 4 4 4 4 4 4 4 4 4 4 4 4 4 4 4 4 4 4 4 4 4 4 4 4 4 4 4 4 4 4 4 4 4 4 4 4 4 4 4 4 4 4 4 4 4 4 4 4 4 4 4 4 4 4 4 4 4 4 4 4 4 4 4 4 4 4 4 4 4 4 4 4 4 4 4 4 4 4 4 4 4 4 4 4 4 4 4 4 4 4 4 4 4 4 4 4 4 4 4 4 4 4 4 4 4 4 4 4 4 4 4 4 4 4 4 4 4 4 4 4 4 4 4 4 4 4 4 4 4 4 4 4 4 4 4 4 4 4 4 4 4 4 4 4 4 4 4 4 4 4 4 4 4 4 4 4 4 4 4 4 4 4 4 4 4 4 4 4 4 4 4 4 4 4 4 4 4 4 4 4 4 4 4 4 4 4 4 4 4 4 4 4 4 4 4 4 4 4 4 4 4 4 4 4 4 4 4 4 4 4 4 4 4 4 4 4 4 4 4 4 4 4 4 4 4 4 4 4 4 4 4 4 4 4 4 4 4 4 4 4 4 4 4 4 4 4 4 4 4 4 4 4 4 4 4 4 4 4 4 4 4 4 4 4 4 4 4 4 4 4 4 4 4 4 4 4 4 4 4 4 4 4 4 4 4 4 4 4 4 4 4 4 4 4 4 4 4 4 4 4 4 4 4 4 4 4 4 4 4 4 4 4 4 4 4 4 4 4 4 4 4 4 4 4 4 4 4 4 4 4 4 4 4 4 4 4 4 4 4 4 4 4 4 4 4 4 4 4 4 4 4 4 4 4 4 4 4 4 4 4 4 4 4 4 4 4 4 4 4 4 4 4 4 4 4 4 4 4 4 4 4 4 4 4 4 4 4 4 4 4 4 4 4 4 4 4 4 4 4 4 4 4 4 4 4 4 4 4 4 4 4 4 4 4 4 4 4 4 4 4 4 4 4 4 4 4 4 4 4 4 4 4 4 4 4 4 4 4 4 4 4 4 4 4 4 4 4 4 4 4 4 4 4 4 4 4 4 4 4 4 4 4 4 4 4 4 4 4 4 4 4 4 4 4 4 4 4 4 4 4 4 4 4 4 4 4 4 4 4 4 4 4 4 4 4 4 4 4 4 4 4 4 4 4 4 4 4 4 4 4 4 4 4 4 4 4 4 4 4 4 4 4 4 4 4 4 4 4 4 4 4 4 4 4 4 4 4 4 4 4 4 4 4 4 4 4 4 4 4 4 4 4 4 4 4 4 4 4 4 4 4 4 4 4 4 4 4 4 4 4 4 4 4 4 4 4 4 4 4 4 4 4 4 4 4 4 4 4 4 4 4 4 4 4 4 4 4 4 4 4 4 4 4 4 4 4 4 4 4 4 4 4 4 4 4 4 4 4 4 4 4 4 4 4 4 4 4 4 4 4 4 4 4 4 4 4 4 4 4 4 4 4 4 4 4 4 4 4 4 4 4 4 4 4 4 4 4 4 4 4 4 4 4 4 4 4 4 4 4 4 4 4 4 4 4 4 4 4 4 4 4 4 4 4 4 4 4 4 4 4 4 4 4 4 4 4 4 4 4 4 4 4 4 4 4 4 4 4 4 4 4 4 4 4 4 4 4 4 4 4 4 4 4 4 4 4 4 4 4 4 4 4 4 4 4 4 4 4 4 4 4 4 4 4 4 4 4 4 4 4 4 4 4 4 4 4 4 4 4 4 4 4 4 4 4 4 4 4 4 4 4 4 4 4 4 4 4 4 4 4 4 4 4 4 4 4 4 4 4 4 4 4 4 4 4 4 4 4 4 4 4 4 4 4 4 4 4 4 4 4 4 4 4 4 4 4 4 4 4 4 4 4 4 4 4 4 4 4 4 4 4 4 4 4 4 4 4 4 4 4 4 4 4 4 4 4 4 4 4 4 4 4 4 4 4 4 4 4 4 4 4 4 4 4 4 4 4 4 4 4 4 4 4 4 4 4 4 4 4 4 4 4 4 
        </DataArray>
      </CellData>
    </Piece>
  </PolyData>
</VTKFile>
