<?xml version="1.0"?>
<VTKFile type="PolyData" version="1.0" byte_order="LittleEndian" header_type="UInt64">
  <PolyData>
    <Piece NumberOfPoints="2000" NumberOfPolys="2000">
      <Points>
        <DataArray type="Float64" Name="Points" NumberOfComponents="3" format="ascii">
0.6 -0.5 0.0 0.599999 -0.499686 0.0 0.599998 -0.499372 0.0 0.599995 -0.499058 0.0 0.599992 -0.498743 0.0 0.599987 -0.498429 0.0 0.599982 -0.498115 0.0 0.599975 -0.497801 0.0 0.599968 -0.497487 0.0 0.59996 -0.497173 0.0 0.599951 -0.496859 0.0 0.59994 -0.496545 0.0 0.599929 -0.496231 0.0 0.599916 -0.495917 0.0 0.599903 -0.495603 0.0 0.599888 -0.495289 0.0 0.599874 -0.494976 0.0 0.599857 -0.494662 0.0 0.59984 -0.494348 0.0 0.599821 -0.494035 0.0 0.599803 -0.493721 0.0 0.599782 -0.493407 0.0 0.599761 -0.493094 0.0 0.599739 -0.492781 0.0 0.599716 -0.492467 0.0 0.599691 -0.492154 0.0 0.599667 -0.491841 0.0 0.59964 -0.491528 0.0 0.599613 -0.491215 0.0 0.599585 -0.490902 0.0 0.599556 -0.490589 0.0 0.599526 -0.490276 0.0 0.599495 -0.489964 0.0 0.599463 -0.489651 0.0 0.59943 -0.489339 0.0 0.599396 -0.489027 0.0 0.599361 -0.488714 0.0 0.599325 -0.488402 0.0 0.599288 -0.48809 0.0 0.59925 -0.487778 0.0 0.599211 -0.487467 0.0 0.599171 -0.487155 0.0 0.599131 -0.486844 0.0 0.599088 -0.486532 0.0 0.599046 -0.486221 0.0 0.599002 -0.48591 0.0 0.598958 -0.485599 0.0 0.598911 -0.485288 0.0 0.598865 -0.484977 0.0 0.598817 -0.484667 0.0 0.598769 -0.484357 0.0 0.598719 -0.484046 0.0 0.598669 -0.483736 0.0 0.598617 -0.483426 0.0 0.598564 -0.483117 0.0 0.59851 -0.482807 0.0 0.598456 -0.482498 0.0 0.5984 -0.482189 0.0 0.598345 -0.481879 0.0 0.598287 -0.481571 0.0 0.598229 -0.481262 0.0 0.598169 -0.480953 0.0 0.598109 -0.480645 0.0 0.598047 -0.480337 0.0 0.597986 -0.480029 0.0 0.597922 -0.479721 0.0 0.597858 -0.479414 0.0 0.597792 -0.479107 0.0 0.597727 -0.478799 0.0 0.597659 -0.478492 0.0 0.597592 -0.478186 0.0 0.597522 -0.477879 0.0 0.597453 -0.477573 0.0 0.597381 -0.477267 0.0 0.59731 -0.476961 0.0 0.597237 -0.476656 0.0 0.597163 -0.47635 0.0 0.597088 -0.476045 0.0 0.597013 -0.47574 0.0 0.596935 -0.475436 0.0 0.596858 -0.475131 0.0 0.596779 -0.474827 0.0 0.5967 -0.474523 0.0 0.596619 -0.474219 0.0 0.596538 -0.473916 0.0 0.596455 -0.473613 0.0 0.596372 -0.47331 0.0 0.596288 -0.473007 0.0 0.596203 -0.472705 0.0 0.596116 -0.472403 0.0 0.596029 -0.472101 0.0 0.595941 -0.471799 0.0 0.595852 -0.471498 0.0 0.595762 -0.471197 0.0 0.595671 -0.470896 0.0 0.595579 -0.470596 0.0 0.595486 -0.470296 0.0 0.595392 -0.469996 0.0 0.595298 -0.469696 0.0 0.595202 -0.469397 0.0 0.595106 -0.469098 0.0 0.595008 -0.4688 0.0 0.59491 -0.468501 0.0 0.59481 -0.468203 0.0 0.59471 -0.467906 0.0 0.594608 -0.467608 0.0 0.594506 -0.467311 0.0 0.594403 -0.467015 0.0 0.594299 -0.466718 0.0 0.594194 -0.466422 0.0 0.594088 -0.466126 0.0 0.593981 -0.465831 0.0 0.593873 -0.465536 0.0 0.593764 -0.465241 0.0 0.593655 -0.464947 0.0 0.593544 -0.464653 0.0 0.593433 -0.464359 0.0 0.59332 -0.464066 0.0 0.593207 -0.463772 0.0 0.593092 -0.46348 0.0 0.592978 -0.463188 0.0 0.592861 -0.462896 0.0 0.592745 -0.462604 0.0 0.592626 -0.462313 0.0 0.592508 -0.462022 0.0 0.592387 -0.461732 0.0 0.592267 -0.461442 0.0 0.592145 -0.461152 0.0 0.592023 -0.460863 0.0 0.591899 -0.460574 0.0 0.591775 -0.460285 0.0 0.59165 -0.459997 0.0 0.591524 -0.459709 0.0 0.591397 -0.459422 0.0 0.591269 -0.459135 0.0 0.59114 -0.458849 0.0 0.591011 -0.458562 0.0 0.59088 -0.458277 0.0 0.590748 -0.457991 0.0 0.590616 -0.457707 0.0 0.590483 -0.457422 0.0 0.590348 -0.457138 0.0 0.590213 -0.456854 0.0 0.590077 -0.456571 0.0 0.589941 -0.456288 0.0 0.589802 -0.456006 0.0 0.589664 -0.455724 0.0 0.589524 -0.455443 0.0 0.589384 -0.455162 0.0 0.589242 -0.454881 0.0 0.589101 -0.454601 0.0 0.588957 -0.454321 0.0 0.588814 -0.454042 0.0 0.588668 -0.453763 0.0 0.588523 -0.453485 0.0 0.588376 -0.453207 0.0 0.588229 -0.45293 0.0 0.58808 -0.452653 0.0 0.587932 -0.452376 0.0 0.587781 -0.4521 0.0 0.587631 -0.451825 0.0 0.587478 -0.45155 0.0 0.587326 -0.451275 0.0 0.587172 -0.451001 0.0 0.587018 -0.450727 0.0 0.586863 -0.450454 0.0 0.586707 -0.450181 0.0 0.58655 -0.44991 0.0 0.586392 -0.449638 0.0 0.586233 -0.449367 0.0 0.586074 -0.449096 0.0 0.585913 -0.448826 0.0 0.585753 -0.448556 0.0 0.58559 -0.448287 0.0 0.585428 -0.448018 0.0 0.585264 -0.44775 0.0 0.585099 -0.447483 0.0 0.584934 -0.447216 0.0 0.584768 -0.446949 0.0 0.5846 -0.446683 0.0 0.584433 -0.446417 0.0 0.584264 -0.446153 0.0 0.584094 -0.445888 0.0 0.583924 -0.445624 0.0 0.583753 -0.445361 0.0 0.58358 -0.445098 0.0 0.583408 -0.444835 0.0 0.583234 -0.444574 0.0 0.58306 -0.444312 0.0 0.582884 -0.444052 0.0 0.582708 -0.443792 0.0 0.582531 -0.443532 0.0 0.582353 -0.443273 0.0 0.582174 -0.443015 0.0 0.581995 -0.442757 0.0 0.581815 -0.4425 0.0 0.581634 -0.442243 0.0 0.581452 -0.441987 0.0 0.581269 -0.441731 0.0 0.581086 -0.441476 0.0 0.580902 -0.441221 0.0 0.580716 -0.440968 0.0 0.580531 -0.440714 0.0 0.580344 -0.440462 0.0 0.580157 -0.44021 0.0 0.579968 -0.439958 0.0 0.579779 -0.439707 0.0 0.579589 -0.439457 0.0 0.579399 -0.439207 0.0 0.579207 -0.438958 0.0 0.579016 -0.438709 0.0 0.578822 -0.438462 0.0 0.578629 -0.438214 0.0 0.578434 -0.437968 0.0 0.578239 -0.437721 0.0 0.578043 -0.437476 0.0 0.577846 -0.437231 0.0 0.577648 -0.436987 0.0 0.57745 -0.436743 0.0 0.577251 -0.4365 0.0 0.577051 -0.436258 0.0 0.57685 -0.436016 0.0 0.576649 -0.435775 0.0 0.576447 -0.435535 0.0 0.576244 -0.435294 0.0 0.57604 -0.435056 0.0 0.575836 -0.434817 0.0 0.575631 -0.434579 0.0 0.575425 -0.434341 0.0 0.575218 -0.434105 0.0 0.575011 -0.433869 0.0 0.574803 -0.433634 0.0 0.574594 -0.433399 0.0 0.574384 -0.433165 0.0 0.574174 -0.432931 0.0 0.573963 -0.432699 0.0 0.573751 -0.432467 0.0 0.573538 -0.432236 0.0 0.573326 -0.432005 0.0 0.573111 -0.431775 0.0 0.572897 -0.431545 0.0 0.572681 -0.431317 0.0 0.572465 -0.431089 0.0 0.572248 -0.430862 0.0 0.572031 -0.430635 0.0 0.571812 -0.430409 0.0 0.571594 -0.430183 0.0 0.571374 -0.429959 0.0 0.571154 -0.429735 0.0 0.570932 -0.429512 0.0 0.570711 -0.429289 0.0 0.570488 -0.429068 0.0 0.570265 -0.428846 0.0 0.570041 -0.428626 0.0 0.569817 -0.428406 0.0 0.569591 -0.428188 0.0 0.569365 -0.427969 0.0 0.569138 -0.427752 0.0 0.568911 -0.427535 0.0 0.568683 -0.427319 0.0 0.568455 -0.427103 0.0 0.568225 -0.426889 0.0 0.567995 -0.426674 0.0 0.567764 -0.426462 0.0 0.567533 -0.426249 0.0 0.567301 -0.426037 0.0 0.567069 -0.425826 0.0 0.566835 -0.425616 0.0 0.566601 -0.425406 0.0 0.566366 -0.425197 0.0 0.566131 -0.424989 0.0 0.565895 -0.424782 0.0 0.565659 -0.424575 0.0 0.565421 -0.424369 0.0 0.565183 -0.424164 0.0 0.564944 -0.42396 0.0 0.564706 -0.423756 0.0 0.564465 -0.423553 0.0 0.564225 -0.423351 0.0 0.563984 -0.42315 0.0 0.563742 -0.422949 0.0 0.5635 -0.422749 0.0 0.563257 -0.42255 0.0 0.563013 -0.422352 0.0 0.562769 -0.422154 0.0 0.562524 -0.421957 0.0 0.562279 -0.421761 0.0 0.562032 -0.421566 0.0 0.561786 -0.421371 0.0 0.561538 -0.421178 0.0 0.561291 -0.420984 0.0 0.561042 -0.420793 0.0 0.560793 -0.420601 0.0 0.560543 -0.420411 0.0 0.560293 -0.420221 0.0 0.560042 -0.420032 0.0 0.55979 -0.419843 0.0 0.559538 -0.419656 0.0 0.559286 -0.419469 0.0 0.559032 -0.419284 0.0 0.558779 -0.419098 0.0 0.558524 -0.418914 0.0 0.558269 -0.418731 0.0 0.558013 -0.418548 0.0 0.557757 -0.418366 0.0 0.5575 -0.418185 0.0 0.557243 -0.418005 0.0 0.556985 -0.417826 0.0 0.556727 -0.417647 0.0 0.556468 -0.417469 0.0 0.556208 -0.417292 0.0 0.555948 -0.417116 0.0 0.555688 -0.41694 0.0 0.555426 -0.416766 0.0 0.555165 -0.416592 0.0 0.554902 -0.41642 0.0 0.554639 -0.416247 0.0 0.554376 -0.416076 0.0 0.554112 -0.415906 0.0 0.553847 -0.415736 0.0 0.553583 -0.415567 0.0 0.553317 -0.4154 0.0 0.553051 -0.415232 0.0 0.552784 -0.415066 0.0 0.552517 -0.414901 0.0 0.55225 -0.414736 0.0 0.551982 -0.414572 0.0 0.551713 -0.41441 0.0 0.551444 -0.414247 0.0 0.551174 -0.414087 0.0 0.550904 -0.413926 0.0 0.550633 -0.413767 0.0 0.550362 -0.413608 0.0 0.55009 -0.41345 0.0 0.549819 -0.413293 0.0 0.549546 -0.413137 0.0 0.549273 -0.412982 0.0 0.548999 -0.412828 0.0 0.548725 -0.412674 0.0 0.54845 -0.412522 0.0 0.548175 -0.412369 0.0 0.5479 -0.412219 0.0 0.547624 -0.412068 0.0 0.547347 -0.41192 0.0 0.54707 -0.411771 0.0 0.546793 -0.411624 0.0 0.546515 -0.411477 0.0 0.546237 -0.411332 0.0 0.545958 -0.411186 0.0 0.545679 -0.411043 0.0 0.545399 -0.410899 0.0 0.545119 -0.410758 0.0 0.544838 -0.410616 0.0 0.544557 -0.410476 0.0 0.544276 -0.410336 0.0 0.543994 -0.410198 0.0 0.543712 -0.410059 0.0 0.543429 -0.409923 0.0 0.543146 -0.409787 0.0 0.542862 -0.409652 0.0 0.542578 -0.409517 0.0 0.542293 -0.409384 0.0 0.542009 -0.409252 0.0 0.541723 -0.40912 0.0 0.541438 -0.408989 0.0 0.541151 -0.40886 0.0 0.540865 -0.408731 0.0 0.540578 -0.408603 0.0 0.540291 -0.408476 0.0 0.540003 -0.40835 0.0 0.539715 -0.408225 0.0 0.539426 -0.408101 0.0 0.539137 -0.407977 0.0 0.538848 -0.407855 0.0 0.538558 -0.407733 0.0 0.538268 -0.407613 0.0 0.537978 -0.407492 0.0 0.537687 -0.407374 0.0 0.537396 -0.407255 0.0 0.537104 -0.407139 0.0 0.536812 -0.407022 0.0 0.53652 -0.406908 0.0 0.536228 -0.406793 0.0 0.535934 -0.40668 0.0 0.535641 -0.406567 0.0 0.535347 -0.406456 0.0 0.535053 -0.406345 0.0 0.534759 -0.406236 0.0 0.534464 -0.406127 0.0 0.534169 -0.406019 0.0 0.533874 -0.405912 0.0 0.533578 -0.405806 0.0 0.533282 -0.405701 0.0 0.532985 -0.405597 0.0 0.532689 -0.405494 0.0 0.532392 -0.405392 0.0 0.532094 -0.40529 0.0 0.531797 -0.40519 0.0 0.531499 -0.40509 0.0 0.5312 -0.404992 0.0 0.530902 -0.404894 0.0 0.530603 -0.404798 0.0 0.530304 -0.404702 0.0 0.530004 -0.404608 0.0 0.529704 -0.404514 0.0 0.529404 -0.404421 0.0 0.529104 -0.404329 0.0 0.528803 -0.404238 0.0 0.528502 -0.404148 0.0 0.528201 -0.404059 0.0 0.527899 -0.403971 0.0 0.527597 -0.403884 0.0 0.527295 -0.403797 0.0 0.526993 -0.403712 0.0 0.52669 -0.403628 0.0 0.526387 -0.403545 0.0 0.526084 -0.403462 0.0 0.525781 -0.403381 0.0 0.525477 -0.4033 0.0 0.525173 -0.403221 0.0 0.524869 -0.403142 0.0 0.524564 -0.403065 0.0 0.52426 -0.402987 0.0 0.523955 -0.402912 0.0 0.52365 -0.402837 0.0 0.523344 -0.402763 0.0 0.523039 -0.40269 0.0 0.522733 -0.402619 0.0 0.522427 -0.402547 0.0 0.522121 -0.402478 0.0 0.521814 -0.402408 0.0 0.521508 -0.402341 0.0 0.521201 -0.402273 0.0 0.520893 -0.402208 0.0 0.520586 -0.402142 0.0 0.520279 -0.402078 0.0 0.519971 -0.402014 0.0 0.519663 -0.401953 0.0 0.519355 -0.401891 0.0 0.519047 -0.401831 0.0 0.518738 -0.401771 0.0 0.518429 -0.401713 0.0 0.518121 -0.401655 0.0 0.517811 -0.4016 0.0 0.517502 -0.401544 0.0 0.517193 -0.40149 0.0 0.516883 -0.401436 0.0 0.516574 -0.401383 0.0 0.516264 -0.401331 0.0 0.515954 -0.401281 0.0 0.515643 -0.401231 0.0 0.515333 -0.401183 0.0 0.515023 -0.401135 0.0 0.514712 -0.401089 0.0 0.514401 -0.401042 0.0 0.51409 -0.400998 0.0 0.513779 -0.400954 0.0 0.513468 -0.400912 0.0 0.513156 -0.400869 0.0 0.512845 -0.400829 0.0 0.512533 -0.400789 0.0 0.512222 -0.40075 0.0 0.51191 -0.400712 0.0 0.511598 -0.400675 0.0 0.511286 -0.400639 0.0 0.510973 -0.400604 0.0 0.510661 -0.40057 0.0 0.510349 -0.400537 0.0 0.510036 -0.400505 0.0 0.509724 -0.400474 0.0 0.509411 -0.400444 0.0 0.509098 -0.400415 0.0 0.508785 -0.400387 0.0 0.508472 -0.40036 0.0 0.508159 -0.400333 0.0 0.507846 -0.400309 0.0 0.507533 -0.400284 0.0 0.507219 -0.400261 0.0 0.506906 -0.400239 0.0 0.506593 -0.400218 0.0 0.506279 -0.400197 0.0 0.505965 -0.400179 0.0 0.505652 -0.40016 0.0 0.505338 -0.400143 0.0 0.505024 -0.400126 0.0 0.504711 -0.400112 0.0 0.504397 -0.400097 0.0 0.504083 -0.400084 0.0 0.503769 -0.400071 0.0 0.503455 -0.40006 0.0 0.503141 -0.400049 0.0 0.502827 -0.40004 0.0 0.502513 -0.400032 0.0 0.502199 -0.400025 0.0 0.501885 -0.400018 0.0 0.501571 -0.400013 0.0 0.501257 -0.400008 0.0 0.500942 -0.400005 0.0 0.500628 -0.400002 0.0 0.500314 -0.400001 0.0 0.5 -0.4 0.0 0.499686 -0.400001 0.0 0.499372 -0.400002 0.0 0.499058 -0.400005 0.0 0.498743 -0.400008 0.0 0.498429 -0.400013 0.0 0.498115 -0.400018 0.0 0.497801 -0.400025 0.0 0.497487 -0.400032 0.0 0.497173 -0.40004 0.0 0.496859 -0.400049 0.0 0.496545 -0.40006 0.0 0.496231 -0.400071 0.0 0.495917 -0.400084 0.0 0.495603 -0.400097 0.0 0.495289 -0.400112 0.0 0.494976 -0.400126 0.0 0.494662 -0.400143 0.0 0.494348 -0.40016 0.0 0.494035 -0.400179 0.0 0.493721 -0.400197 0.0 0.493407 -0.400218 0.0 0.493094 -0.400239 0.0 0.492781 -0.400261 0.0 0.492467 -0.400284 0.0 0.492154 -0.400309 0.0 0.491841 -0.400333 0.0 0.491528 -0.40036 0.0 0.491215 -0.400387 0.0 0.490902 -0.400415 0.0 0.490589 -0.400444 0.0 0.490276 -0.400474 0.0 0.489964 -0.400505 0.0 0.489651 -0.400537 0.0 0.489339 -0.40057 0.0 0.489027 -0.400604 0.0 0.488714 -0.400639 0.0 0.488402 -0.400675 0.0 0.48809 -0.400712 0.0 0.487778 -0.40075 0.0 0.487467 -0.400789 0.0 0.487155 -0.400829 0.0 0.486844 -0.400869 0.0 0.486532 -0.400912 0.0 0.486221 -0.400954 0.0 0.48591 -0.400998 0.0 0.485599 -0.401042 0.0 0.485288 -0.401089 0.0 0.484977 -0.401135 0.0 0.484667 -0.401183 0.0 0.484357 -0.401231 0.0 0.484046 -0.401281 0.0 0.483736 -0.401331 0.0 0.483426 -0.401383 0.0 0.483117 -0.401436 0.0 0.482807 -0.40149 0.0 0.482498 -0.401544 0.0 0.482189 -0.4016 0.0 0.481879 -0.401655 0.0 0.481571 -0.401713 0.0 0.481262 -0.401771 0.0 0.480953 -0.401831 0.0 0.480645 -0.401891 0.0 0.480337 -0.401953 0.0 0.480029 -0.402014 0.0 0.479721 -0.402078 0.0 0.479414 -0.402142 0.0 0.479107 -0.402208 0.0 0.478799 -0.402273 0.0 0.478492 -0.402341 0.0 0.478186 -0.402408 0.0 0.477879 -0.402478 0.0 0.477573 -0.402547 0.0 0.477267 -0.402619 0.0 0.476961 -0.40269 0.0 0.476656 -0.402763 0.0 0.47635 -0.402837 0.0 0.476045 -0.402912 0.0 0.47574 -0.402987 0.0 0.475436 -0.403065 0.0 0.475131 -0.403142 0.0 0.474827 -0.403221 0.0 0.474523 -0.4033 0.0 0.474219 -0.403381 0.0 0.473916 -0.403462 0.0 0.473613 -0.403545 0.0 0.47331 -0.403628 0.0 0.473007 -0.403712 0.0 0.472705 -0.403797 0.0 0.472403 -0.403884 0.0 0.472101 -0.403971 0.0 0.471799 -0.404059 0.0 0.471498 -0.404148 0.0 0.471197 -0.404238 0.0 0.470896 -0.404329 0.0 0.470596 -0.404421 0.0 0.470296 -0.404514 0.0 0.469996 -0.404608 0.0 0.469696 -0.404702 0.0 0.469397 -0.404798 0.0 0.469098 -0.404894 0.0 0.4688 -0.404992 0.0 0.468501 -0.40509 0.0 0.468203 -0.40519 0.0 0.467906 -0.40529 0.0 0.467608 -0.405392 0.0 0.467311 -0.405494 0.0 0.467015 -0.405597 0.0 0.466718 -0.405701 0.0 0.466422 -0.405806 0.0 0.466126 -0.405912 0.0 0.465831 -0.406019 0.0 0.465536 -0.406127 0.0 0.465241 -0.406236 0.0 0.464947 -0.406345 0.0 0.464653 -0.406456 0.0 0.464359 -0.406567 0.0 0.464066 -0.40668 0.0 0.463772 -0.406793 0.0 0.46348 -0.406908 0.0 0.463188 -0.407022 0.0 0.462896 -0.407139 0.0 0.462604 -0.407255 0.0 0.462313 -0.407374 0.0 0.462022 -0.407492 0.0 0.461732 -0.407613 0.0 0.461442 -0.407733 0.0 0.461152 -0.407855 0.0 0.460863 -0.407977 0.0 0.460574 -0.408101 0.0 0.460285 -0.408225 0.0 0.459997 -0.40835 0.0 0.459709 -0.408476 0.0 0.459422 -0.408603 0.0 0.459135 -0.408731 0.0 0.458849 -0.40886 0.0 0.458562 -0.408989 0.0 0.458277 -0.40912 0.0 0.457991 -0.409252 0.0 0.457707 -0.409384 0.0 0.457422 -0.409517 0.0 0.457138 -0.409652 0.0 0.456854 -0.409787 0.0 0.456571 -0.409923 0.0 0.456288 -0.410059 0.0 0.456006 -0.410198 0.0 0.455724 -0.410336 0.0 0.455443 -0.410476 0.0 0.455162 -0.410616 0.0 0.454881 -0.410758 0.0 0.454601 -0.410899 0.0 0.454321 -0.411043 0.0 0.454042 -0.411186 0.0 0.453763 -0.411332 0.0 0.453485 -0.411477 0.0 0.453207 -0.411624 0.0 0.45293 -0.411771 0.0 0.452653 -0.41192 0.0 0.452376 -0.412068 0.0 0.4521 -0.412219 0.0 0.451825 -0.412369 0.0 0.45155 -0.412522 0.0 0.451275 -0.412674 0.0 0.451001 -0.412828 0.0 0.450727 -0.412982 0.0 0.450454 -0.413137 0.0 0.450181 -0.413293 0.0 0.44991 -0.41345 0.0 0.449638 -0.413608 0.0 0.449367 -0.413767 0.0 0.449096 -0.413926 0.0 0.448826 -0.414087 0.0 0.448556 -0.414247 0.0 0.448287 -0.41441 0.0 0.448018 -0.414572 0.0 0.44775 -0.414736 0.0 0.447483 -0.414901 0.0 0.447216 -0.415066 0.0 0.446949 -0.415232 0.0 0.446683 -0.4154 0.0 0.446417 -0.415567 0.0 0.446153 -0.415736 0.0 0.445888 -0.415906 0.0 0.445624 -0.416076 0.0 0.445361 -0.416247 0.0 0.445098 -0.41642 0.0 0.444835 -0.416592 0.0 0.444574 -0.416766 0.0 0.444312 -0.41694 0.0 0.444052 -0.417116 0.0 0.443792 -0.417292 0.0 0.443532 -0.417469 0.0 0.443273 -0.417647 0.0 0.443015 -0.417826 0.0 0.442757 -0.418005 0.0 0.4425 -0.418185 0.0 0.442243 -0.418366 0.0 0.441987 -0.418548 0.0 0.441731 -0.418731 0.0 0.441476 -0.418914 0.0 0.441221 -0.419098 0.0 0.440968 -0.419284 0.0 0.440714 -0.419469 0.0 0.440462 -0.419656 0.0 0.44021 -0.419843 0.0 0.439958 -0.420032 0.0 0.439707 -0.420221 0.0 0.439457 -0.420411 0.0 0.439207 -0.420601 0.0 0.438958 -0.420793 0.0 0.438709 -0.420984 0.0 0.438462 -0.421178 0.0 0.438214 -0.421371 0.0 0.437968 -0.421566 0.0 0.437721 -0.421761 0.0 0.437476 -0.421957 0.0 0.437231 -0.422154 0.0 0.436987 -0.422352 0.0 0.436743 -0.42255 0.0 0.4365 -0.422749 0.0 0.436258 -0.422949 0.0 0.436016 -0.42315 0.0 0.435775 -0.423351 0.0 0.435535 -0.423553 0.0 0.435294 -0.423756 0.0 0.435056 -0.42396 0.0 0.434817 -0.424164 0.0 0.434579 -0.424369 0.0 0.434341 -0.424575 0.0 0.434105 -0.424782 0.0 0.433869 -0.424989 0.0 0.433634 -0.425197 0.0 0.433399 -0.425406 0.0 0.433165 -0.425616 0.0 0.432931 -0.425826 0.0 0.432699 -0.426037 0.0 0.432467 -0.426249 0.0 0.432236 -0.426462 0.0 0.432005 -0.426674 0.0 0.431775 -0.426889 0.0 0.431545 -0.427103 0.0 0.431317 -0.427319 0.0 0.431089 -0.427535 0.0 0.430862 -0.427752 0.0 0.430635 -0.427969 0.0 0.430409 -0.428188 0.0 0.430183 -0.428406 0.0 0.429959 -0.428626 0.0 0.429735 -0.428846 0.0 0.429512 -0.429068 0.0 0.429289 -0.429289 0.0 0.429068 -0.429512 0.0 0.428846 -0.429735 0.0 0.428626 -0.429959 0.0 0.428406 -0.430183 0.0 0.428188 -0.430409 0.0 0.427969 -0.430635 0.0 0.427752 -0.430862 0.0 0.427535 -0.431089 0.0 0.427319 -0.431317 0.0 0.427103 -0.431545 0.0 0.426889 -0.431775 0.0 0.426674 -0.432005 0.0 0.426462 -0.432236 0.0 0.426249 -0.432467 0.0 0.426037 -0.432699 0.0 0.425826 -0.432931 0.0 0.425616 -0.433165 0.0 0.425406 -0.433399 0.0 0.425197 -0.433634 0.0 0.424989 -0.433869 0.0 0.424782 -0.434105 0.0 0.424575 -0.434341 0.0 0.424369 -0.434579 0.0 0.424164 -0.434817 0.0 0.42396 -0.435056 0.0 0.423756 -0.435294 0.0 0.423553 -0.435535 0.0 0.423351 -0.435775 0.0 0.42315 -0.436016 0.0 0.422949 -0.436258 0.0 0.422749 -0.4365 0.0 0.42255 -0.436743 0.0 0.422352 -0.436987 0.0 0.422154 -0.437231 0.0 0.421957 -0.437476 0.0 0.421761 -0.437721 0.0 0.421566 -0.437968 0.0 0.421371 -0.438214 0.0 0.421178 -0.438462 0.0 0.420984 -0.438709 0.0 0.420793 -0.438958 0.0 0.420601 -0.439207 0.0 0.420411 -0.439457 0.0 0.420221 -0.439707 0.0 0.420032 -0.439958 0.0 0.419843 -0.44021 0.0 0.419656 -0.440462 0.0 0.419469 -0.440714 0.0 0.419284 -0.440968 0.0 0.419098 -0.441221 0.0 0.418914 -0.441476 0.0 0.418731 -0.441731 0.0 0.418548 -0.441987 0.0 0.418366 -0.442243 0.0 0.418185 -0.4425 0.0 0.418005 -0.442757 0.0 0.417826 -0.443015 0.0 0.417647 -0.443273 0.0 0.417469 -0.443532 0.0 0.417292 -0.443792 0.0 0.417116 -0.444052 0.0 0.41694 -0.444312 0.0 0.416766 -0.444574 0.0 0.416592 -0.444835 0.0 0.41642 -0.445098 0.0 0.416247 -0.445361 0.0 0.416076 -0.445624 0.0 0.415906 -0.445888 0.0 0.415736 -0.446153 0.0 0.415567 -0.446417 0.0 0.4154 -0.446683 0.0 0.415232 -0.446949 0.0 0.415066 -0.447216 0.0 0.414901 -0.447483 0.0 0.414736 -0.44775 0.0 0.414572 -0.448018 0.0 0.41441 -0.448287 0.0 0.414247 -0.448556 0.0 0.414087 -0.448826 0.0 0.413926 -0.449096 0.0 0.413767 -0.449367 0.0 0.413608 -0.449638 0.0 0.41345 -0.44991 0.0 0.413293 -0.450181 0.0 0.413137 -0.450454 0.0 0.412982 -0.450727 0.0 0.412828 -0.451001 0.0 0.412674 -0.451275 0.0 0.412522 -0.45155 0.0 0.412369 -0.451825 0.0 0.412219 -0.4521 0.0 0.412068 -0.452376 0.0 0.41192 -0.452653 0.0 0.411771 -0.45293 0.0 0.411624 -0.453207 0.0 0.411477 -0.453485 0.0 0.411332 -0.453763 0.0 0.411186 -0.454042 0.0 0.411043 -0.454321 0.0 0.410899 -0.454601 0.0 0.410758 -0.454881 0.0 0.410616 -0.455162 0.0 0.410476 -0.455443 0.0 0.410336 -0.455724 0.0 0.410198 -0.456006 0.0 0.410059 -0.456288 0.0 0.409923 -0.456571 0.0 0.409787 -0.456854 0.0 0.409652 -0.457138 0.0 0.409517 -0.457422 0.0 0.409384 -0.457707 0.0 0.409252 -0.457991 0.0 0.40912 -0.458277 0.0 0.408989 -0.458562 0.0 0.40886 -0.458849 0.0 0.408731 -0.459135 0.0 0.408603 -0.459422 0.0 0.408476 -0.459709 0.0 0.40835 -0.459997 0.0 0.408225 -0.460285 0.0 0.408101 -0.460574 0.0 0.407977 -0.460863 0.0 0.407855 -0.461152 0.0 0.407733 -0.461442 0.0 0.407613 -0.461732 0.0 0.407492 -0.462022 0.0 0.407374 -0.462313 0.0 0.407255 -0.462604 0.0 0.407139 -0.462896 0.0 0.407022 -0.463188 0.0 0.406908 -0.46348 0.0 0.406793 -0.463772 0.0 0.40668 -0.464066 0.0 0.406567 -0.464359 0.0 0.406456 -0.464653 0.0 0.406345 -0.464947 0.0 0.406236 -0.465241 0.0 0.406127 -0.465536 0.0 0.406019 -0.465831 0.0 0.405912 -0.466126 0.0 0.405806 -0.466422 0.0 0.405701 -0.466718 0.0 0.405597 -0.467015 0.0 0.405494 -0.467311 0.0 0.405392 -0.467608 0.0 0.40529 -0.467906 0.0 0.40519 -0.468203 0.0 0.40509 -0.468501 0.0 0.404992 -0.4688 0.0 0.404894 -0.469098 0.0 0.404798 -0.469397 0.0 0.404702 -0.469696 0.0 0.404608 -0.469996 0.0 0.404514 -0.470296 0.0 0.404421 -0.470596 0.0 0.404329 -0.470896 0.0 0.404238 -0.471197 0.0 0.404148 -0.471498 0.0 0.404059 -0.471799 0.0 0.403971 -0.472101 0.0 0.403884 -0.472403 0.0 0.403797 -0.472705 0.0 0.403712 -0.473007 0.0 0.403628 -0.47331 0.0 0.403545 -0.473613 0.0 0.403462 -0.473916 0.0 0.403381 -0.474219 0.0 0.4033 -0.474523 0.0 0.403221 -0.474827 0.0 0.403142 -0.475131 0.0 0.403065 -0.475436 0.0 0.402987 -0.47574 0.0 0.402912 -0.476045 0.0 0.402837 -0.47635 0.0 0.402763 -0.476656 0.0 0.40269 -0.476961 0.0 0.402619 -0.477267 0.0 0.402547 -0.477573 0.0 0.402478 -0.477879 0.0 0.402408 -0.478186 0.0 0.402341 -0.478492 0.0 0.402273 -0.478799 0.0 0.402208 -0.479107 0.0 0.402142 -0.479414 0.0 0.402078 -0.479721 0.0 0.402014 -0.480029 0.0 0.401953 -0.480337 0.0 0.401891 -0.480645 0.0 0.401831 -0.480953 0.0 0.401771 -0.481262 0.0 0.401713 -0.481571 0.0 0.401655 -0.481879 0.0 0.4016 -0.482189 0.0 0.401544 -0.482498 0.0 0.40149 -0.482807 0.0 0.401436 -0.483117 0.0 0.401383 -0.483426 0.0 0.401331 -0.483736 0.0 0.401281 -0.484046 0.0 0.401231 -0.484357 0.0 0.401183 -0.484667 0.0 0.401135 -0.484977 0.0 0.401089 -0.485288 0.0 0.401042 -0.485599 0.0 0.400998 -0.48591 0.0 0.400954 -0.486221 0.0 0.400912 -0.486532 0.0 0.400869 -0.486844 0.0 0.400829 -0.487155 0.0 0.400789 -0.487467 0.0 0.40075 -0.487778 0.0 0.400712 -0.48809 0.0 0.400675 -0.488402 0.0 0.400639 -0.488714 0.0 0.400604 -0.489027 0.0 0.40057 -0.489339 0.0 0.400537 -0.489651 0.0 0.400505 -0.489964 0.0 0.400474 -0.490276 0.0 0.400444 -0.490589 0.0 0.400415 -0.490902 0.0 0.400387 -0.491215 0.0 0.40036 -0.491528 0.0 0.400333 -0.491841 0.0 0.400309 -0.492154 0.0 0.400284 -0.492467 0.0 0.400261 -0.492781 0.0 0.400239 -0.493094 0.0 0.400218 -0.493407 0.0 0.400197 -0.493721 0.0 0.400179 -0.494035 0.0 0.40016 -0.494348 0.0 0.400143 -0.494662 0.0 0.400126 -0.494976 0.0 0.400112 -0.495289 0.0 0.400097 -0.495603 0.0 0.400084 -0.495917 0.0 0.400071 -0.496231 0.0 0.40006 -0.496545 0.0 0.400049 -0.496859 0.0 0.40004 -0.497173 0.0 0.400032 -0.497487 0.0 0.400025 -0.497801 0.0 0.400018 -0.498115 0.0 0.400013 -0.498429 0.0 0.400008 -0.498743 0.0 0.400005 -0.499058 0.0 0.400002 -0.499372 0.0 0.400001 -0.499686 0.0 0.4 -0.5 0.0 0.400001 -0.500314 0.0 0.400002 -0.500628 0.0 0.400005 -0.500942 0.0 0.400008 -0.501257 0.0 0.400013 -0.501571 0.0 0.400018 -0.501885 0.0 0.400025 -0.502199 0.0 0.400032 -0.502513 0.0 0.40004 -0.502827 0.0 0.400049 -0.503141 0.0 0.40006 -0.503455 0.0 0.400071 -0.503769 0.0 0.400084 -0.504083 0.0 0.400097 -0.504397 0.0 0.400112 -0.504711 0.0 0.400126 -0.505024 0.0 0.400143 -0.505338 0.0 0.40016 -0.505652 0.0 0.400179 -0.505965 0.0 0.400197 -0.506279 0.0 0.400218 -0.506593 0.0 0.400239 -0.506906 0.0 0.400261 -0.507219 0.0 0.400284 -0.507533 0.0 0.400309 -0.507846 0.0 0.400333 -0.508159 0.0 0.40036 -0.508472 0.0 0.400387 -0.508785 0.0 0.400415 -0.509098 0.0 0.400444 -0.509411 0.0 0.400474 -0.509724 0.0 0.400505 -0.510036 0.0 0.400537 -0.510349 0.0 0.40057 -0.510661 0.0 0.400604 -0.510973 0.0 0.400639 -0.511286 0.0 0.400675 -0.511598 0.0 0.400712 -0.51191 0.0 0.40075 -0.512222 0.0 0.400789 -0.512533 0.0 0.400829 -0.512845 0.0 0.400869 -0.513156 0.0 0.400912 -0.513468 0.0 0.400954 -0.513779 0.0 0.400998 -0.51409 0.0 0.401042 -0.514401 0.0 0.401089 -0.514712 0.0 0.401135 -0.515023 0.0 0.401183 -0.515333 0.0 0.401231 -0.515643 0.0 0.401281 -0.515954 0.0 0.401331 -0.516264 0.0 0.401383 -0.516574 0.0 0.401436 -0.516883 0.0 0.40149 -0.517193 0.0 0.401544 -0.517502 0.0 0.4016 -0.517811 0.0 0.401655 -0.518121 0.0 0.401713 -0.518429 0.0 0.401771 -0.518738 0.0 0.401831 -0.519047 0.0 0.401891 -0.519355 0.0 0.401953 -0.519663 0.0 0.402014 -0.519971 0.0 0.402078 -0.520279 0.0 0.402142 -0.520586 0.0 0.402208 -0.520893 0.0 0.402273 -0.521201 0.0 0.402341 -0.521508 0.0 0.402408 -0.521814 0.0 0.402478 -0.522121 0.0 0.402547 -0.522427 0.0 0.402619 -0.522733 0.0 0.40269 -0.523039 0.0 0.402763 -0.523344 0.0 0.402837 -0.52365 0.0 0.402912 -0.523955 0.0 0.402987 -0.52426 0.0 0.403065 -0.524564 0.0 0.403142 -0.524869 0.0 0.403221 -0.525173 0.0 0.4033 -0.525477 0.0 0.403381 -0.525781 0.0 0.403462 -0.526084 0.0 0.403545 -0.526387 0.0 0.403628 -0.52669 0.0 0.403712 -0.526993 0.0 0.403797 -0.527295 0.0 0.403884 -0.527597 0.0 0.403971 -0.527899 0.0 0.404059 -0.528201 0.0 0.404148 -0.528502 0.0 0.404238 -0.528803 0.0 0.404329 -0.529104 0.0 0.404421 -0.529404 0.0 0.404514 -0.529704 0.0 0.404608 -0.530004 0.0 0.404702 -0.530304 0.0 0.404798 -0.530603 0.0 0.404894 -0.530902 0.0 0.404992 -0.5312 0.0 0.40509 -0.531499 0.0 0.40519 -0.531797 0.0 0.40529 -0.532094 0.0 0.405392 -0.532392 0.0 0.405494 -0.532689 0.0 0.405597 -0.532985 0.0 0.405701 -0.533282 0.0 0.405806 -0.533578 0.0 0.405912 -0.533874 0.0 0.406019 -0.534169 0.0 0.406127 -0.534464 0.0 0.406236 -0.534759 0.0 0.406345 -0.535053 0.0 0.406456 -0.535347 0.0 0.406567 -0.535641 0.0 0.40668 -0.535934 0.0 0.406793 -0.536228 0.0 0.406908 -0.53652 0.0 0.407022 -0.536812 0.0 0.407139 -0.537104 0.0 0.407255 -0.537396 0.0 0.407374 -0.537687 0.0 0.407492 -0.537978 0.0 0.407613 -0.538268 0.0 0.407733 -0.538558 0.0 0.407855 -0.538848 0.0 0.407977 -0.539137 0.0 0.408101 -0.539426 0.0 0.408225 -0.539715 0.0 0.40835 -0.540003 0.0 0.408476 -0.540291 0.0 0.408603 -0.540578 0.0 0.408731 -0.540865 0.0 0.40886 -0.541151 0.0 0.408989 -0.541438 0.0 0.40912 -0.541723 0.0 0.409252 -0.542009 0.0 0.409384 -0.542293 0.0 0.409517 -0.542578 0.0 0.409652 -0.542862 0.0 0.409787 -0.543146 0.0 0.409923 -0.543429 0.0 0.410059 -0.543712 0.0 0.410198 -0.543994 0.0 0.410336 -0.544276 0.0 0.410476 -0.544557 0.0 0.410616 -0.544838 0.0 0.410758 -0.545119 0.0 0.410899 -0.545399 0.0 0.411043 -0.545679 0.0 0.411186 -0.545958 0.0 0.411332 -0.546237 0.0 0.411477 -0.546515 0.0 0.411624 -0.546793 0.0 0.411771 -0.54707 0.0 0.41192 -0.547347 0.0 0.412068 -0.547624 0.0 0.412219 -0.5479 0.0 0.412369 -0.548175 0.0 0.412522 -0.54845 0.0 0.412674 -0.548725 0.0 0.412828 -0.548999 0.0 0.412982 -0.549273 0.0 0.413137 -0.549546 0.0 0.413293 -0.549819 0.0 0.41345 -0.55009 0.0 0.413608 -0.550362 0.0 0.413767 -0.550633 0.0 0.413926 -0.550904 0.0 0.414087 -0.551174 0.0 0.414247 -0.551444 0.0 0.41441 -0.551713 0.0 0.414572 -0.551982 0.0 0.414736 -0.55225 0.0 0.414901 -0.552517 0.0 0.415066 -0.552784 0.0 0.415232 -0.553051 0.0 0.4154 -0.553317 0.0 0.415567 -0.553583 0.0 0.415736 -0.553847 0.0 0.415906 -0.554112 0.0 0.416076 -0.554376 0.0 0.416247 -0.554639 0.0 0.41642 -0.554902 0.0 0.416592 -0.555165 0.0 0.416766 -0.555426 0.0 0.41694 -0.555688 0.0 0.417116 -0.555948 0.0 0.417292 -0.556208 0.0 0.417469 -0.556468 0.0 0.417647 -0.556727 0.0 0.417826 -0.556985 0.0 0.418005 -0.557243 0.0 0.418185 -0.5575 0.0 0.418366 -0.557757 0.0 0.418548 -0.558013 0.0 0.418731 -0.558269 0.0 0.418914 -0.558524 0.0 0.419098 -0.558779 0.0 0.419284 -0.559032 0.0 0.419469 -0.559286 0.0 0.419656 -0.559538 0.0 0.419843 -0.55979 0.0 0.420032 -0.560042 0.0 0.420221 -0.560293 0.0 0.420411 -0.560543 0.0 0.420601 -0.560793 0.0 0.420793 -0.561042 0.0 0.420984 -0.561291 0.0 0.421178 -0.561538 0.0 0.421371 -0.561786 0.0 0.421566 -0.562032 0.0 0.421761 -0.562279 0.0 0.421957 -0.562524 0.0 0.422154 -0.562769 0.0 0.422352 -0.563013 0.0 0.42255 -0.563257 0.0 0.422749 -0.5635 0.0 0.422949 -0.563742 0.0 0.42315 -0.563984 0.0 0.423351 -0.564225 0.0 0.423553 -0.564465 0.0 0.423756 -0.564706 0.0 0.42396 -0.564944 0.0 0.424164 -0.565183 0.0 0.424369 -0.565421 0.0 0.424575 -0.565659 0.0 0.424782 -0.565895 0.0 0.424989 -0.566131 0.0 0.425197 -0.566366 0.0 0.425406 -0.566601 0.0 0.425616 -0.566835 0.0 0.425826 -0.567069 0.0 0.426037 -0.567301 0.0 0.426249 -0.567533 0.0 0.426462 -0.567764 0.0 0.426674 -0.567995 0.0 0.426889 -0.568225 0.0 0.427103 -0.568455 0.0 0.427319 -0.568683 0.0 0.427535 -0.568911 0.0 0.427752 -0.569138 0.0 0.427969 -0.569365 0.0 0.428188 -0.569591 0.0 0.428406 -0.569817 0.0 0.428626 -0.570041 0.0 0.428846 -0.570265 0.0 0.429068 -0.570488 0.0 0.429289 -0.570711 0.0 0.429512 -0.570932 0.0 0.429735 -0.571154 0.0 0.429959 -0.571374 0.0 0.430183 -0.571594 0.0 0.430409 -0.571812 0.0 0.430635 -0.572031 0.0 0.430862 -0.572248 0.0 0.431089 -0.572465 0.0 0.431317 -0.572681 0.0 0.431545 -0.572897 0.0 0.431775 -0.573111 0.0 0.432005 -0.573326 0.0 0.432236 -0.573538 0.0 0.432467 -0.573751 0.0 0.432699 -0.573963 0.0 0.432931 -0.574174 0.0 0.433165 -0.574384 0.0 0.433399 -0.574594 0.0 0.433634 -0.574803 0.0 0.433869 -0.575011 0.0 0.434105 -0.575218 0.0 0.434341 -0.575425 0.0 0.434579 -0.575631 0.0 0.434817 -0.575836 0.0 0.435056 -0.57604 0.0 0.435294 -0.576244 0.0 0.435535 -0.576447 0.0 0.435775 -0.576649 0.0 0.436016 -0.57685 0.0 0.436258 -0.577051 0.0 0.4365 -0.577251 0.0 0.436743 -0.57745 0.0 0.436987 -0.577648 0.0 0.437231 -0.577846 0.0 0.437476 -0.578043 0.0 0.437721 -0.578239 0.0 0.437968 -0.578434 0.0 0.438214 -0.578629 0.0 0.438462 -0.578822 0.0 0.438709 -0.579016 0.0 0.438958 -0.579207 0.0 0.439207 -0.579399 0.0 0.439457 -0.579589 0.0 0.439707 -0.579779 0.0 0.439958 -0.579968 0.0 0.44021 -0.580157 0.0 0.440462 -0.580344 0.0 0.440714 -0.580531 0.0 0.440968 -0.580716 0.0 0.441221 -0.580902 0.0 0.441476 -0.581086 0.0 0.441731 -0.581269 0.0 0.441987 -0.581452 0.0 0.442243 -0.581634 0.0 0.4425 -0.581815 0.0 0.442757 -0.581995 0.0 0.443015 -0.582174 0.0 0.443273 -0.582353 0.0 0.443532 -0.582531 0.0 0.443792 -0.582708 0.0 0.444052 -0.582884 0.0 0.444312 -0.58306 0.0 0.444574 -0.583234 0.0 0.444835 -0.583408 0.0 0.445098 -0.58358 0.0 0.445361 -0.583753 0.0 0.445624 -0.583924 0.0 0.445888 -0.584094 0.0 0.446153 -0.584264 0.0 0.446417 -0.584433 0.0 0.446683 -0.5846 0.0 0.446949 -0.584768 0.0 0.447216 -0.584934 0.0 0.447483 -0.585099 0.0 0.44775 -0.585264 0.0 0.448018 -0.585428 0.0 0.448287 -0.58559 0.0 0.448556 -0.585753 0.0 0.448826 -0.585913 0.0 0.449096 -0.586074 0.0 0.449367 -0.586233 0.0 0.449638 -0.586392 0.0 0.44991 -0.58655 0.0 0.450181 -0.586707 0.0 0.450454 -0.586863 0.0 0.450727 -0.587018 0.0 0.451001 -0.587172 0.0 0.451275 -0.587326 0.0 0.45155 -0.587478 0.0 0.451825 -0.587631 0.0 0.4521 -0.587781 0.0 0.452376 -0.587932 0.0 0.452653 -0.58808 0.0 0.45293 -0.588229 0.0 0.453207 -0.588376 0.0 0.453485 -0.588523 0.0 0.453763 -0.588668 0.0 0.454042 -0.588814 0.0 0.454321 -0.588957 0.0 0.454601 -0.589101 0.0 0.454881 -0.589242 0.0 0.455162 -0.589384 0.0 0.455443 -0.589524 0.0 0.455724 -0.589664 0.0 0.456006 -0.589802 0.0 0.456288 -0.589941 0.0 0.456571 -0.590077 0.0 0.456854 -0.590213 0.0 0.457138 -0.590348 0.0 0.457422 -0.590483 0.0 0.457707 -0.590616 0.0 0.457991 -0.590748 0.0 0.458277 -0.59088 0.0 0.458562 -0.591011 0.0 0.458849 -0.59114 0.0 0.459135 -0.591269 0.0 0.459422 -0.591397 0.0 0.459709 -0.591524 0.0 0.459997 -0.59165 0.0 0.460285 -0.591775 0.0 0.460574 -0.591899 0.0 0.460863 -0.592023 0.0 0.461152 -0.592145 0.0 0.461442 -0.592267 0.0 0.461732 -0.592387 0.0 0.462022 -0.592508 0.0 0.462313 -0.592626 0.0 0.462604 -0.592745 0.0 0.462896 -0.592861 0.0 0.463188 -0.592978 0.0 0.46348 -0.593092 0.0 0.463772 -0.593207 0.0 0.464066 -0.59332 0.0 0.464359 -0.593433 0.0 0.464653 -0.593544 0.0 0.464947 -0.593655 0.0 0.465241 -0.593764 0.0 0.465536 -0.593873 0.0 0.465831 -0.593981 0.0 0.466126 -0.594088 0.0 0.466422 -0.594194 0.0 0.466718 -0.594299 0.0 0.467015 -0.594403 0.0 0.467311 -0.594506 0.0 0.467608 -0.594608 0.0 0.467906 -0.59471 0.0 0.468203 -0.59481 0.0 0.468501 -0.59491 0.0 0.4688 -0.595008 0.0 0.469098 -0.595106 0.0 0.469397 -0.595202 0.0 0.469696 -0.595298 0.0 0.469996 -0.595392 0.0 0.470296 -0.595486 0.0 0.470596 -0.595579 0.0 0.470896 -0.595671 0.0 0.471197 -0.595762 0.0 0.471498 -0.595852 0.0 0.471799 -0.595941 0.0 0.472101 -0.596029 0.0 0.472403 -0.596116 0.0 0.472705 -0.596203 0.0 0.473007 -0.596288 0.0 0.47331 -0.596372 0.0 0.473613 -0.596455 0.0 0.473916 -0.596538 0.0 0.474219 -0.596619 0.0 0.474523 -0.5967 0.0 0.474827 -0.596779 0.0 0.475131 -0.596858 0.0 0.475436 -0.596935 0.0 0.47574 -0.597013 0.0 0.476045 -0.597088 0.0 0.47635 -0.597163 0.0 0.476656 -0.597237 0.0 0.476961 -0.59731 0.0 0.477267 -0.597381 0.0 0.477573 -0.597453 0.0 0.477879 -0.597522 0.0 0.478186 -0.597592 0.0 0.478492 -0.597659 0.0 0.478799 -0.597727 0.0 0.479107 -0.597792 0.0 0.479414 -0.597858 0.0 0.479721 -0.597922 0.0 0.480029 -0.597986 0.0 0.480337 -0.598047 0.0 0.480645 -0.598109 0.0 0.480953 -0.598169 0.0 0.481262 -0.598229 0.0 0.481571 -0.598287 0.0 0.481879 -0.598345 0.0 0.482189 -0.5984 0.0 0.482498 -0.598456 0.0 0.482807 -0.59851 0.0 0.483117 -0.598564 0.0 0.483426 -0.598617 0.0 0.483736 -0.598669 0.0 0.484046 -0.598719 0.0 0.484357 -0.598769 0.0 0.484667 -0.598817 0.0 0.484977 -0.598865 0.0 0.485288 -0.598911 0.0 0.485599 -0.598958 0.0 0.48591 -0.599002 0.0 0.486221 -0.599046 0.0 0.486532 -0.599088 0.0 0.486844 -0.599131 0.0 0.487155 -0.599171 0.0 0.487467 -0.599211 0.0 0.487778 -0.59925 0.0 0.48809 -0.599288 0.0 0.488402 -0.599325 0.0 0.488714 -0.599361 0.0 0.489027 -0.599396 0.0 0.489339 -0.59943 0.0 0.489651 -0.599463 0.0 0.489964 -0.599495 0.0 0.490276 -0.599526 0.0 0.490589 -0.599556 0.0 0.490902 -0.599585 0.0 0.491215 -0.599613 0.0 0.491528 -0.59964 0.0 0.491841 -0.599667 0.0 0.492154 -0.599691 0.0 0.492467 -0.599716 0.0 0.492781 -0.599739 0.0 0.493094 -0.599761 0.0 0.493407 -0.599782 0.0 0.493721 -0.599803 0.0 0.494035 -0.599821 0.0 0.494348 -0.59984 0.0 0.494662 -0.599857 0.0 0.494976 -0.599874 0.0 0.495289 -0.599888 0.0 0.495603 -0.599903 0.0 0.495917 -0.599916 0.0 0.496231 -0.599929 0.0 0.496545 -0.59994 0.0 0.496859 -0.599951 0.0 0.497173 -0.59996 0.0 0.497487 -0.599968 0.0 0.497801 -0.599975 0.0 0.498115 -0.599982 0.0 0.498429 -0.599987 0.0 0.498743 -0.599992 0.0 0.499058 -0.599995 0.0 0.499372 -0.599998 0.0 0.499686 -0.599999 0.0 0.5 -0.6 0.0 0.500314 -0.599999 0.0 0.500628 -0.599998 0.0 0.500942 -0.599995 0.0 0.501257 -0.599992 0.0 0.501571 -0.599987 0.0 0.501885 -0.599982 0.0 0.502199 -0.599975 0.0 0.502513 -0.599968 0.0 0.502827 -0.59996 0.0 0.503141 -0.599951 0.0 0.503455 -0.59994 0.0 0.503769 -0.599929 0.0 0.504083 -0.599916 0.0 0.504397 -0.599903 0.0 0.504711 -0.599888 0.0 0.505024 -0.599874 0.0 0.505338 -0.599857 0.0 0.505652 -0.59984 0.0 0.505965 -0.599821 0.0 0.506279 -0.599803 0.0 0.506593 -0.599782 0.0 0.506906 -0.599761 0.0 0.507219 -0.599739 0.0 0.507533 -0.599716 0.0 0.507846 -0.599691 0.0 0.508159 -0.599667 0.0 0.508472 -0.59964 0.0 0.508785 -0.599613 0.0 0.509098 -0.599585 0.0 0.509411 -0.599556 0.0 0.509724 -0.599526 0.0 0.510036 -0.599495 0.0 0.510349 -0.599463 0.0 0.510661 -0.59943 0.0 0.510973 -0.599396 0.0 0.511286 -0.599361 0.0 0.511598 -0.599325 0.0 0.51191 -0.599288 0.0 0.512222 -0.59925 0.0 0.512533 -0.599211 0.0 0.512845 -0.599171 0.0 0.513156 -0.599131 0.0 0.513468 -0.599088 0.0 0.513779 -0.599046 0.0 0.51409 -0.599002 0.0 0.514401 -0.598958 0.0 0.514712 -0.598911 0.0 0.515023 -0.598865 0.0 0.515333 -0.598817 0.0 0.515643 -0.598769 0.0 0.515954 -0.598719 0.0 0.516264 -0.598669 0.0 0.516574 -0.598617 0.0 0.516883 -0.598564 0.0 0.517193 -0.59851 0.0 0.517502 -0.598456 0.0 0.517811 -0.5984 0.0 0.518121 -0.598345 0.0 0.518429 -0.598287 0.0 0.518738 -0.598229 0.0 0.519047 -0.598169 0.0 0.519355 -0.598109 0.0 0.519663 -0.598047 0.0 0.519971 -0.597986 0.0 0.520279 -0.597922 0.0 0.520586 -0.597858 0.0 0.520893 -0.597792 0.0 0.521201 -0.597727 0.0 0.521508 -0.597659 0.0 0.521814 -0.597592 0.0 0.522121 -0.597522 0.0 0.522427 -0.597453 0.0 0.522733 -0.597381 0.0 0.523039 -0.59731 0.0 0.523344 -0.597237 0.0 0.52365 -0.597163 0.0 0.523955 -0.597088 0.0 0.52426 -0.597013 0.0 0.524564 -0.596935 0.0 0.524869 -0.596858 0.0 0.525173 -0.596779 0.0 0.525477 -0.5967 0.0 0.525781 -0.596619 0.0 0.526084 -0.596538 0.0 0.526387 -0.596455 0.0 0.52669 -0.596372 0.0 0.526993 -0.596288 0.0 0.527295 -0.596203 0.0 0.527597 -0.596116 0.0 0.527899 -0.596029 0.0 0.528201 -0.595941 0.0 0.528502 -0.595852 0.0 0.528803 -0.595762 0.0 0.529104 -0.595671 0.0 0.529404 -0.595579 0.0 0.529704 -0.595486 0.0 0.530004 -0.595392 0.0 0.530304 -0.595298 0.0 0.530603 -0.595202 0.0 0.530902 -0.595106 0.0 0.5312 -0.595008 0.0 0.531499 -0.59491 0.0 0.531797 -0.59481 0.0 0.532094 -0.59471 0.0 0.532392 -0.594608 0.0 0.532689 -0.594506 0.0 0.532985 -0.594403 0.0 0.533282 -0.594299 0.0 0.533578 -0.594194 0.0 0.533874 -0.594088 0.0 0.534169 -0.593981 0.0 0.534464 -0.593873 0.0 0.534759 -0.593764 0.0 0.535053 -0.593655 0.0 0.535347 -0.593544 0.0 0.535641 -0.593433 0.0 0.535934 -0.59332 0.0 0.536228 -0.593207 0.0 0.53652 -0.593092 0.0 0.536812 -0.592978 0.0 0.537104 -0.592861 0.0 0.537396 -0.592745 0.0 0.537687 -0.592626 0.0 0.537978 -0.592508 0.0 0.538268 -0.592387 0.0 0.538558 -0.592267 0.0 0.538848 -0.592145 0.0 0.539137 -0.592023 0.0 0.539426 -0.591899 0.0 0.539715 -0.591775 0.0 0.540003 -0.59165 0.0 0.540291 -0.591524 0.0 0.540578 -0.591397 0.0 0.540865 -0.591269 0.0 0.541151 -0.59114 0.0 0.541438 -0.591011 0.0 0.541723 -0.59088 0.0 0.542009 -0.590748 0.0 0.542293 -0.590616 0.0 0.542578 -0.590483 0.0 0.542862 -0.590348 0.0 0.543146 -0.590213 0.0 0.543429 -0.590077 0.0 0.543712 -0.589941 0.0 0.543994 -0.589802 0.0 0.544276 -0.589664 0.0 0.544557 -0.589524 0.0 0.544838 -0.589384 0.0 0.545119 -0.589242 0.0 0.545399 -0.589101 0.0 0.545679 -0.588957 0.0 0.545958 -0.588814 0.0 0.546237 -0.588668 0.0 0.546515 -0.588523 0.0 0.546793 -0.588376 0.0 0.54707 -0.588229 0.0 0.547347 -0.58808 0.0 0.547624 -0.587932 0.0 0.5479 -0.587781 0.0 0.548175 -0.587631 0.0 0.54845 -0.587478 0.0 0.548725 -0.587326 0.0 0.548999 -0.587172 0.0 0.549273 -0.587018 0.0 0.549546 -0.586863 0.0 0.549819 -0.586707 0.0 0.55009 -0.58655 0.0 0.550362 -0.586392 0.0 0.550633 -0.586233 0.0 0.550904 -0.586074 0.0 0.551174 -0.585913 0.0 0.551444 -0.585753 0.0 0.551713 -0.58559 0.0 0.551982 -0.585428 0.0 0.55225 -0.585264 0.0 0.552517 -0.585099 0.0 0.552784 -0.584934 0.0 0.553051 -0.584768 0.0 0.553317 -0.5846 0.0 0.553583 -0.584433 0.0 0.553847 -0.584264 0.0 0.554112 -0.584094 0.0 0.554376 -0.583924 0.0 0.554639 -0.583753 0.0 0.554902 -0.58358 0.0 0.555165 -0.583408 0.0 0.555426 -0.583234 0.0 0.555688 -0.58306 0.0 0.555948 -0.582884 0.0 0.556208 -0.582708 0.0 0.556468 -0.582531 0.0 0.556727 -0.582353 0.0 0.556985 -0.582174 0.0 0.557243 -0.581995 0.0 0.5575 -0.581815 0.0 0.557757 -0.581634 0.0 0.558013 -0.581452 0.0 0.558269 -0.581269 0.0 0.558524 -0.581086 0.0 0.558779 -0.580902 0.0 0.559032 -0.580716 0.0 0.559286 -0.580531 0.0 0.559538 -0.580344 0.0 0.55979 -0.580157 0.0 0.560042 -0.579968 0.0 0.560293 -0.579779 0.0 0.560543 -0.579589 0.0 0.560793 -0.579399 0.0 0.561042 -0.579207 0.0 0.561291 -0.579016 0.0 0.561538 -0.578822 0.0 0.561786 -0.578629 0.0 0.562032 -0.578434 0.0 0.562279 -0.578239 0.0 0.562524 -0.578043 0.0 0.562769 -0.577846 0.0 0.563013 -0.577648 0.0 0.563257 -0.57745 0.0 0.5635 -0.577251 0.0 0.563742 -0.577051 0.0 0.563984 -0.57685 0.0 0.564225 -0.576649 0.0 0.564465 -0.576447 0.0 0.564706 -0.576244 0.0 0.564944 -0.57604 0.0 0.565183 -0.575836 0.0 0.565421 -0.575631 0.0 0.565659 -0.575425 0.0 0.565895 -0.575218 0.0 0.566131 -0.575011 0.0 0.566366 -0.574803 0.0 0.566601 -0.574594 0.0 0.566835 -0.574384 0.0 0.567069 -0.574174 0.0 0.567301 -0.573963 0.0 0.567533 -0.573751 0.0 0.567764 -0.573538 0.0 0.567995 -0.573326 0.0 0.568225 -0.573111 0.0 0.568455 -0.572897 0.0 0.568683 -0.572681 0.0 0.568911 -0.572465 0.0 0.569138 -0.572248 0.0 0.569365 -0.572031 0.0 0.569591 -0.571812 0.0 0.569817 -0.571594 0.0 0.570041 -0.571374 0.0 0.570265 -0.571154 0.0 0.570488 -0.570932 0.0 0.570711 -0.570711 0.0 0.570932 -0.570488 0.0 0.571154 -0.570265 0.0 0.571374 -0.570041 0.0 0.571594 -0.569817 0.0 0.571812 -0.569591 0.0 0.572031 -0.569365 0.0 0.572248 -0.569138 0.0 0.572465 -0.568911 0.0 0.572681 -0.568683 0.0 0.572897 -0.568455 0.0 0.573111 -0.568225 0.0 0.573326 -0.567995 0.0 0.573538 -0.567764 0.0 0.573751 -0.567533 0.0 0.573963 -0.567301 0.0 0.574174 -0.567069 0.0 0.574384 -0.566835 0.0 0.574594 -0.566601 0.0 0.574803 -0.566366 0.0 0.575011 -0.566131 0.0 0.575218 -0.565895 0.0 0.575425 -0.565659 0.0 0.575631 -0.565421 0.0 0.575836 -0.565183 0.0 0.57604 -0.564944 0.0 0.576244 -0.564706 0.0 0.576447 -0.564465 0.0 0.576649 -0.564225 0.0 0.57685 -0.563984 0.0 0.577051 -0.563742 0.0 0.577251 -0.5635 0.0 0.57745 -0.563257 0.0 0.577648 -0.563013 0.0 0.577846 -0.562769 0.0 0.578043 -0.562524 0.0 0.578239 -0.562279 0.0 0.578434 -0.562032 0.0 0.578629 -0.561786 0.0 0.578822 -0.561538 0.0 0.579016 -0.561291 0.0 0.579207 -0.561042 0.0 0.579399 -0.560793 0.0 0.579589 -0.560543 0.0 0.579779 -0.560293 0.0 0.579968 -0.560042 0.0 0.580157 -0.55979 0.0 0.580344 -0.559538 0.0 0.580531 -0.559286 0.0 0.580716 -0.559032 0.0 0.580902 -0.558779 0.0 0.581086 -0.558524 0.0 0.581269 -0.558269 0.0 0.581452 -0.558013 0.0 0.581634 -0.557757 0.0 0.581815 -0.5575 0.0 0.581995 -0.557243 0.0 0.582174 -0.556985 0.0 0.582353 -0.556727 0.0 0.582531 -0.556468 0.0 0.582708 -0.556208 0.0 0.582884 -0.555948 0.0 0.58306 -0.555688 0.0 0.583234 -0.555426 0.0 0.583408 -0.555165 0.0 0.58358 -0.554902 0.0 0.583753 -0.554639 0.0 0.583924 -0.554376 0.0 0.584094 -0.554112 0.0 0.584264 -0.553847 0.0 0.584433 -0.553583 0.0 0.5846 -0.553317 0.0 0.584768 -0.553051 0.0 0.584934 -0.552784 0.0 0.585099 -0.552517 0.0 0.585264 -0.55225 0.0 0.585428 -0.551982 0.0 0.58559 -0.551713 0.0 0.585753 -0.551444 0.0 0.585913 -0.551174 0.0 0.586074 -0.550904 0.0 0.586233 -0.550633 0.0 0.586392 -0.550362 0.0 0.58655 -0.55009 0.0 0.586707 -0.549819 0.0 0.586863 -0.549546 0.0 0.587018 -0.549273 0.0 0.587172 -0.548999 0.0 0.587326 -0.548725 0.0 0.587478 -0.54845 0.0 0.587631 -0.548175 0.0 0.587781 -0.5479 0.0 0.587932 -0.547624 0.0 0.58808 -0.547347 0.0 0.588229 -0.54707 0.0 0.588376 -0.546793 0.0 0.588523 -0.546515 0.0 0.588668 -0.546237 0.0 0.588814 -0.545958 0.0 0.588957 -0.545679 0.0 0.589101 -0.545399 0.0 0.589242 -0.545119 0.0 0.589384 -0.544838 0.0 0.589524 -0.544557 0.0 0.589664 -0.544276 0.0 0.589802 -0.543994 0.0 0.589941 -0.543712 0.0 0.590077 -0.543429 0.0 0.590213 -0.543146 0.0 0.590348 -0.542862 0.0 0.590483 -0.542578 0.0 0.590616 -0.542293 0.0 0.590748 -0.542009 0.0 0.59088 -0.541723 0.0 0.591011 -0.541438 0.0 0.59114 -0.541151 0.0 0.591269 -0.540865 0.0 0.591397 -0.540578 0.0 0.591524 -0.540291 0.0 0.59165 -0.540003 0.0 0.591775 -0.539715 0.0 0.591899 -0.539426 0.0 0.592023 -0.539137 0.0 0.592145 -0.538848 0.0 0.592267 -0.538558 0.0 0.592387 -0.538268 0.0 0.592508 -0.537978 0.0 0.592626 -0.537687 0.0 0.592745 -0.537396 0.0 0.592861 -0.537104 0.0 0.592978 -0.536812 0.0 0.593092 -0.53652 0.0 0.593207 -0.536228 0.0 0.59332 -0.535934 0.0 0.593433 -0.535641 0.0 0.593544 -0.535347 0.0 0.593655 -0.535053 0.0 0.593764 -0.534759 0.0 0.593873 -0.534464 0.0 0.593981 -0.534169 0.0 0.594088 -0.533874 0.0 0.594194 -0.533578 0.0 0.594299 -0.533282 0.0 0.594403 -0.532985 0.0 0.594506 -0.532689 0.0 0.594608 -0.532392 0.0 0.59471 -0.532094 0.0 0.59481 -0.531797 0.0 0.59491 -0.531499 0.0 0.595008 -0.5312 0.0 0.595106 -0.530902 0.0 0.595202 -0.530603 0.0 0.595298 -0.530304 0.0 0.595392 -0.530004 0.0 0.595486 -0.529704 0.0 0.595579 -0.529404 0.0 0.595671 -0.529104 0.0 0.595762 -0.528803 0.0 0.595852 -0.528502 0.0 0.595941 -0.528201 0.0 0.596029 -0.527899 0.0 0.596116 -0.527597 0.0 0.596203 -0.527295 0.0 0.596288 -0.526993 0.0 0.596372 -0.52669 0.0 0.596455 -0.526387 0.0 0.596538 -0.526084 0.0 0.596619 -0.525781 0.0 0.5967 -0.525477 0.0 0.596779 -0.525173 0.0 0.596858 -0.524869 0.0 0.596935 -0.524564 0.0 0.597013 -0.52426 0.0 0.597088 -0.523955 0.0 0.597163 -0.52365 0.0 0.597237 -0.523344 0.0 0.59731 -0.523039 0.0 0.597381 -0.522733 0.0 0.597453 -0.522427 0.0 0.597522 -0.522121 0.0 0.597592 -0.521814 0.0 0.597659 -0.521508 0.0 0.597727 -0.521201 0.0 0.597792 -0.520893 0.0 0.597858 -0.520586 0.0 0.597922 -0.520279 0.0 0.597986 -0.519971 0.0 0.598047 -0.519663 0.0 0.598109 -0.519355 0.0 0.598169 -0.519047 0.0 0.598229 -0.518738 0.0 0.598287 -0.518429 0.0 0.598345 -0.518121 0.0 0.5984 -0.517811 0.0 0.598456 -0.517502 0.0 0.59851 -0.517193 0.0 0.598564 -0.516883 0.0 0.598617 -0.516574 0.0 0.598669 -0.516264 0.0 0.598719 -0.515954 0.0 0.598769 -0.515643 0.0 0.598817 -0.515333 0.0 0.598865 -0.515023 0.0 0.598911 -0.514712 0.0 0.598958 -0.514401 0.0 0.599002 -0.51409 0.0 0.599046 -0.513779 0.0 0.599088 -0.513468 0.0 0.599131 -0.513156 0.0 0.599171 -0.512845 0.0 0.599211 -0.512533 0.0 0.59925 -0.512222 0.0 0.599288 -0.51191 0.0 0.599325 -0.511598 0.0 0.599361 -0.511286 0.0 0.599396 -0.510973 0.0 0.59943 -0.510661 0.0 0.599463 -0.510349 0.0 0.599495 -0.510036 0.0 0.599526 -0.509724 0.0 0.599556 -0.509411 0.0 0.599585 -0.509098 0.0 0.599613 -0.508785 0.0 0.59964 -0.508472 0.0 0.599667 -0.508159 0.0 0.599691 -0.507846 0.0 0.599716 -0.507533 0.0 0.599739 -0.507219 0.0 0.599761 -0.506906 0.0 0.599782 -0.506593 0.0 0.599803 -0.506279 0.0 0.599821 -0.505965 0.0 0.59984 -0.505652 0.0 0.599857 -0.505338 0.0 0.599874 -0.505024 0.0 0.599888 -0.504711 0.0 0.599903 -0.504397 0.0 0.599916 -0.504083 0.0 0.599929 -0.503769 0.0 0.59994 -0.503455 0.0 0.599951 -0.503141 0.0 0.59996 -0.502827 0.0 0.599968 -0.502513 0.0 0.599975 -0.502199 0.0 0.599982 -0.501885 0.0 0.599987 -0.501571 0.0 0.599992 -0.501257 0.0 0.599995 -0.500942 0.0 0.599998 -0.500628 0.0 0.599999 -0.500314 0.0 
        </DataArray>
      </Points>
      <Polys>
        <DataArray type="Int64" Name="connectivity" format="ascii">
0 1 1 2 2 3 3 4 4 5 5 6 6 7 7 8 8 9 9 10 10 11 11 12 12 13 13 14 14 15 15 16 16 17 17 18 18 19 19 20 20 21 21 22 22 23 23 24 24 25 25 26 26 27 27 28 28 29 29 30 30 31 31 32 32 33 33 34 34 35 35 36 36 37 37 38 38 39 39 40 40 41 41 42 42 43 43 44 44 45 45 46 46 47 47 48 48 49 49 50 50 51 51 52 52 53 53 54 54 55 55 56 56 57 57 58 58 59 59 60 60 61 61 62 62 63 63 64 64 65 65 66 66 67 67 68 68 69 69 70 70 71 71 72 72 73 73 74 74 75 75 76 76 77 77 78 78 79 79 80 80 81 81 82 82 83 83 84 84 85 85 86 86 87 87 88 88 89 89 90 90 91 91 92 92 93 93 94 94 95 95 96 96 97 97 98 98 99 99 100 100 101 101 102 102 103 103 104 104 105 105 106 106 107 107 108 108 109 109 110 110 111 111 112 112 113 113 114 114 115 115 116 116 117 117 118 118 119 119 120 120 121 121 122 122 123 123 124 124 125 125 126 126 127 127 128 128 129 129 130 130 131 131 132 132 133 133 134 134 135 135 136 136 137 137 138 138 139 139 140 140 141 141 142 142 143 143 144 144 145 145 146 146 147 147 148 148 149 149 150 150 151 151 152 152 153 153 154 154 155 155 156 156 157 157 158 158 159 159 160 160 161 161 162 162 163 163 164 164 165 165 166 166 167 167 168 168 169 169 170 170 171 171 172 172 173 173 174 174 175 175 176 176 177 177 178 178 179 179 180 180 181 181 182 182 183 183 184 184 185 185 186 186 187 187 188 188 189 189 190 190 191 191 192 192 193 193 194 194 195 195 196 196 197 197 198 198 199 199 200 200 201 201 202 202 203 203 204 204 205 205 206 206 207 207 208 208 209 209 210 210 211 211 212 212 213 213 214 214 215 215 216 216 217 217 218 218 219 219 220 220 221 221 222 222 223 223 224 224 225 225 226 226 227 227 228 228 229 229 230 230 231 231 232 232 233 233 234 234 235 235 236 236 237 237 238 238 239 239 240 240 241 241 242 242 243 243 244 244 245 245 246 246 247 247 248 248 249 249 250 250 251 251 252 252 253 253 254 254 255 255 256 256 257 257 258 258 259 259 260 260 261 261 262 262 263 263 264 264 265 265 266 266 267 267 268 268 269 269 270 270 271 271 272 272 273 273 274 274 275 275 276 276 277 277 278 278 279 279 280 280 281 281 282 282 283 283 284 284 285 285 286 286 287 287 288 288 289 289 290 290 291 291 292 292 293 293 294 294 295 295 296 296 297 297 298 298 299 299 300 300 301 301 302 302 303 303 304 304 305 305 306 306 307 307 308 308 309 309 310 310 311 311 312 312 313 313 314 314 315 315 316 316 317 317 318 318 319 319 320 320 321 321 322 322 323 323 324 324 325 325 326 326 327 327 328 328 329 329 330 330 331 331 332 332 333 333 334 334 335 335 336 336 337 337 338 338 339 339 340 340 341 341 342 342 343 343 344 344 345 345 346 346 347 347 348 348 349 349 350 350 351 351 352 352 353 353 354 354 355 355 356 356 357 357 358 358 359 359 360 360 361 361 362 362 363 363 364 364 365 365 366 366 367 367 368 368 369 369 370 370 371 371 372 372 373 373 374 374 375 375 376 376 377 377 378 378 379 379 380 380 381 381 382 382 383 383 384 384 385 385 386 386 387 387 388 388 389 389 390 390 391 391 392 392 393 393 394 394 395 395 396 396 397 397 398 398 399 399 400 400 401 401 402 402 403 403 404 404 405 405 406 406 407 407 408 408 409 409 410 410 411 411 412 412 413 413 414 414 415 415 416 416 417 417 418 418 419 419 420 420 421 421 422 422 423 423 424 424 425 425 426 426 427 427 428 428 429 429 430 430 431 431 432 432 433 433 434 434 435 435 436 436 437 437 438 438 439 439 440 440 441 441 442 442 443 443 444 444 445 445 446 446 447 447 448 448 449 449 450 450 451 451 452 452 453 453 454 454 455 455 456 456 457 457 458 458 459 459 460 460 461 461 462 462 463 463 464 464 465 465 466 466 467 467 468 468 469 469 470 470 471 471 472 472 473 473 474 474 475 475 476 476 477 477 478 478 479 479 480 480 481 481 482 482 483 483 484 484 485 485 486 486 487 487 488 488 489 489 490 490 491 491 492 492 493 493 494 494 495 495 496 496 497 497 498 498 499 499 500 500 501 501 502 502 503 503 504 504 505 505 506 506 507 507 508 508 509 509 510 510 511 511 512 512 513 513 514 514 515 515 516 516 517 517 518 518 519 519 520 520 521 521 522 522 523 523 524 524 525 525 526 526 527 527 528 528 529 529 530 530 531 531 532 532 533 533 534 534 535 535 536 536 537 537 538 538 539 539 540 540 541 541 542 542 543 543 544 544 545 545 546 546 547 547 548 548 549 549 550 550 551 551 552 552 553 553 554 554 555 555 556 556 557 557 558 558 559 559 560 560 561 561 562 562 563 563 564 564 565 565 566 566 567 567 568 568 569 569 570 570 571 571 572 572 573 573 574 574 575 575 576 576 577 577 578 578 579 579 580 580 581 581 582 582 583 583 584 584 585 585 586 586 587 587 588 588 589 589 590 590 591 591 592 592 593 593 594 594 595 595 596 596 597 597 598 598 599 599 600 600 601 601 602 602 603 603 604 604 605 605 606 606 607 607 608 608 609 609 610 610 611 611 612 612 613 613 614 614 615 615 616 616 617 617 618 618 619 619 620 620 621 621 622 622 623 623 624 624 625 625 626 626 627 627 628 628 629 629 630 630 631 631 632 632 633 633 634 634 635 635 636 636 637 637 638 638 639 639 640 640 641 641 642 642 643 643 644 644 645 645 646 646 647 647 648 648 649 649 650 650 651 651 652 652 653 653 654 654 655 655 656 656 657 657 658 658 659 659 660 660 661 661 662 662 663 663 664 664 665 665 666 666 667 667 668 668 669 669 670 670 671 671 672 672 673 673 674 674 675 675 676 676 677 677 678 678 679 679 680 680 681 681 682 682 683 683 684 684 685 685 686 686 687 687 688 688 689 689 690 690 691 691 692 692 693 693 694 694 695 695 696 696 697 697 698 698 699 699 700 700 701 701 702 702 703 703 704 704 705 705 706 706 707 707 708 708 709 709 710 710 711 711 712 712 713 713 714 714 715 715 716 716 717 717 718 718 719 719 720 720 721 721 722 722 723 723 724 724 725 725 726 726 727 727 728 728 729 729 730 730 731 731 732 732 733 733 734 734 735 735 736 736 737 737 738 738 739 739 740 740 741 741 742 742 743 743 744 744 745 745 746 746 747 747 748 748 749 749 750 750 751 751 752 752 753 753 754 754 755 755 756 756 757 757 758 758 759 759 760 760 761 761 762 762 763 763 764 764 765 765 766 766 767 767 768 768 769 769 770 770 771 771 772 772 773 773 774 774 775 775 776 776 777 777 778 778 779 779 780 780 781 781 782 782 783 783 784 784 785 785 786 786 787 787 788 788 789 789 790 790 791 791 792 792 793 793 794 794 795 795 796 796 797 797 798 798 799 799 800 800 801 801 802 802 803 803 804 804 805 805 806 806 807 807 808 808 809 809 810 810 811 811 812 812 813 813 814 814 815 815 816 816 817 817 818 818 819 819 820 820 821 821 822 822 823 823 824 824 825 825 826 826 827 827 828 828 829 829 830 830 831 831 832 832 833 833 834 834 835 835 836 836 837 837 838 838 839 839 840 840 841 841 842 842 843 843 844 844 845 845 846 846 847 847 848 848 849 849 850 850 851 851 852 852 853 853 854 854 855 855 856 856 857 857 858 858 859 859 860 860 861 861 862 862 863 863 864 864 865 865 866 866 867 867 868 868 869 869 870 870 871 871 872 872 873 873 874 874 875 875 876 876 877 877 878 878 879 879 880 880 881 881 882 882 883 883 884 884 885 885 886 886 887 887 888 888 889 889 890 890 891 891 892 892 893 893 894 894 895 895 896 896 897 897 898 898 899 899 900 900 901 901 902 902 903 903 904 904 905 905 906 906 907 907 908 908 909 909 910 910 911 911 912 912 913 913 914 914 915 915 916 916 917 917 918 918 919 919 920 920 921 921 922 922 923 923 924 924 925 925 926 926 927 927 928 928 929 929 930 930 931 931 932 932 933 933 934 934 935 935 936 936 937 937 938 938 939 939 940 940 941 941 942 942 943 943 944 944 945 945 946 946 947 947 948 948 949 949 950 950 951 951 952 952 953 953 954 954 955 955 956 956 957 957 958 958 959 959 960 960 961 961 962 962 963 963 964 964 965 965 966 966 967 967 968 968 969 969 970 970 971 971 972 972 973 973 974 974 975 975 976 976 977 977 978 978 979 979 980 980 981 981 982 982 983 983 984 984 985 985 986 986 987 987 988 988 989 989 990 990 991 991 992 992 993 993 994 994 995 995 996 996 997 997 998 998 999 999 1000 1000 1001 1001 1002 1002 1003 1003 1004 1004 1005 1005 1006 1006 1007 1007 1008 1008 1009 1009 1010 1010 1011 1011 1012 1012 1013 1013 1014 1014 1015 1015 1016 1016 1017 1017 1018 1018 1019 1019 1020 1020 1021 1021 1022 1022 1023 1023 1024 1024 1025 1025 1026 1026 1027 1027 1028 1028 1029 1029 1030 1030 1031 1031 1032 1032 1033 1033 1034 1034 1035 1035 1036 1036 1037 1037 1038 1038 1039 1039 1040 1040 1041 1041 1042 1042 1043 1043 1044 1044 1045 1045 1046 1046 1047 1047 1048 1048 1049 1049 1050 1050 1051 1051 1052 1052 1053 1053 1054 1054 1055 1055 1056 1056 1057 1057 1058 1058 1059 1059 1060 1060 1061 1061 1062 1062 1063 1063 1064 1064 1065 1065 1066 1066 1067 1067 1068 1068 1069 1069 1070 1070 1071 1071 1072 1072 1073 1073 1074 1074 1075 1075 1076 1076 1077 1077 1078 1078 1079 1079 1080 1080 1081 1081 1082 1082 1083 1083 1084 1084 1085 1085 1086 1086 1087 1087 1088 1088 1089 1089 1090 1090 1091 1091 1092 1092 1093 1093 1094 1094 1095 1095 1096 1096 1097 1097 1098 1098 1099 1099 1100 1100 1101 1101 1102 1102 1103 1103 1104 1104 1105 1105 1106 1106 1107 1107 1108 1108 1109 1109 1110 1110 1111 1111 1112 1112 1113 1113 1114 1114 1115 1115 1116 1116 1117 1117 1118 1118 1119 1119 1120 1120 1121 1121 1122 1122 1123 1123 1124 1124 1125 1125 1126 1126 1127 1127 1128 1128 1129 1129 1130 1130 1131 1131 1132 1132 1133 1133 1134 1134 1135 1135 1136 1136 1137 1137 1138 1138 1139 1139 1140 1140 1141 1141 1142 1142 1143 1143 1144 1144 1145 1145 1146 1146 1147 1147 1148 1148 1149 1149 1150 1150 1151 1151 1152 1152 1153 1153 1154 1154 1155 1155 1156 1156 1157 1157 1158 1158 1159 1159 1160 1160 1161 1161 1162 1162 1163 1163 1164 1164 1165 1165 1166 1166 1167 1167 1168 1168 1169 1169 1170 1170 1171 1171 1172 1172 1173 1173 1174 1174 1175 1175 1176 1176 1177 1177 1178 1178 1179 1179 1180 1180 1181 1181 1182 1182 1183 1183 1184 1184 1185 1185 1186 1186 1187 1187 1188 1188 1189 1189 1190 1190 1191 1191 1192 1192 1193 1193 1194 1194 1195 1195 1196 1196 1197 1197 1198 1198 1199 1199 1200 1200 1201 1201 1202 1202 1203 1203 1204 1204 1205 1205 1206 1206 1207 1207 1208 1208 1209 1209 1210 1210 1211 1211 1212 1212 1213 1213 1214 1214 1215 1215 1216 1216 1217 1217 1218 1218 1219 1219 1220 1220 1221 1221 1222 1222 1223 1223 1224 1224 1225 1225 1226 1226 1227 1227 1228 1228 1229 1229 1230 1230 1231 1231 1232 1232 1233 1233 1234 1234 1235 1235 1236 1236 1237 1237 1238 1238 1239 1239 1240 1240 1241 1241 1242 1242 1243 1243 1244 1244 1245 1245 1246 1246 1247 1247 1248 1248 1249 1249 1250 1250 1251 1251 1252 1252 1253 1253 1254 1254 1255 1255 1256 1256 1257 1257 1258 1258 1259 1259 1260 1260 1261 1261 1262 1262 1263 1263 1264 1264 1265 1265 1266 1266 1267 1267 1268 1268 1269 1269 1270 1270 1271 1271 1272 1272 1273 1273 1274 1274 1275 1275 1276 1276 1277 1277 1278 1278 1279 1279 1280 1280 1281 1281 1282 1282 1283 1283 1284 1284 1285 1285 1286 1286 1287 1287 1288 1288 1289 1289 1290 1290 1291 1291 1292 1292 1293 1293 1294 1294 1295 1295 1296 1296 1297 1297 1298 1298 1299 1299 1300 1300 1301 1301 1302 1302 1303 1303 1304 1304 1305 1305 1306 1306 1307 1307 1308 1308 1309 1309 1310 1310 1311 1311 1312 1312 1313 1313 1314 1314 1315 1315 1316 1316 1317 1317 1318 1318 1319 1319 1320 1320 1321 1321 1322 1322 1323 1323 1324 1324 1325 1325 1326 1326 1327 1327 1328 1328 1329 1329 1330 1330 1331 1331 1332 1332 1333 1333 1334 1334 1335 1335 1336 1336 1337 1337 1338 1338 1339 1339 1340 1340 1341 1341 1342 1342 1343 1343 1344 1344 1345 1345 1346 1346 1347 1347 1348 1348 1349 1349 1350 1350 1351 1351 1352 1352 1353 1353 1354 1354 1355 1355 1356 1356 1357 1357 1358 1358 1359 1359 1360 1360 1361 1361 1362 1362 1363 1363 1364 1364 1365 1365 1366 1366 1367 1367 1368 1368 1369 1369 1370 1370 1371 1371 1372 1372 1373 1373 1374 1374 1375 1375 1376 1376 1377 1377 1378 1378 1379 1379 1380 1380 1381 1381 1382 1382 1383 1383 1384 1384 1385 1385 1386 1386 1387 1387 1388 1388 1389 1389 1390 1390 1391 1391 1392 1392 1393 1393 1394 1394 1395 1395 1396 1396 1397 1397 1398 1398 1399 1399 1400 1400 1401 1401 1402 1402 1403 1403 1404 1404 1405 1405 1406 1406 1407 1407 1408 1408 1409 1409 1410 1410 1411 1411 1412 1412 1413 1413 1414 1414 1415 1415 1416 1416 1417 1417 1418 1418 1419 1419 1420 1420 1421 1421 1422 1422 1423 1423 1424 1424 1425 1425 1426 1426 1427 1427 1428 1428 1429 1429 1430 1430 1431 1431 1432 1432 1433 1433 1434 1434 1435 1435 1436 1436 1437 1437 1438 1438 1439 1439 1440 1440 1441 1441 1442 1442 1443 1443 1444 1444 1445 1445 1446 1446 1447 1447 1448 1448 1449 1449 1450 1450 1451 1451 1452 1452 1453 1453 1454 1454 1455 1455 1456 1456 1457 1457 1458 1458 1459 1459 1460 1460 1461 1461 1462 1462 1463 1463 1464 1464 1465 1465 1466 1466 1467 1467 1468 1468 1469 1469 1470 1470 1471 1471 1472 1472 1473 1473 1474 1474 1475 1475 1476 1476 1477 1477 1478 1478 1479 1479 1480 1480 1481 1481 1482 1482 1483 1483 1484 1484 1485 1485 1486 1486 1487 1487 1488 1488 1489 1489 1490 1490 1491 1491 1492 1492 1493 1493 1494 1494 1495 1495 1496 1496 1497 1497 1498 1498 1499 1499 1500 1500 1501 1501 1502 1502 1503 1503 1504 1504 1505 1505 1506 1506 1507 1507 1508 1508 1509 1509 1510 1510 1511 1511 1512 1512 1513 1513 1514 1514 1515 1515 1516 1516 1517 1517 1518 1518 1519 1519 1520 1520 1521 1521 1522 1522 1523 1523 1524 1524 1525 1525 1526 1526 1527 1527 1528 1528 1529 1529 1530 1530 1531 1531 1532 1532 1533 1533 1534 1534 1535 1535 1536 1536 1537 1537 1538 1538 1539 1539 1540 1540 1541 1541 1542 1542 1543 1543 1544 1544 1545 1545 1546 1546 1547 1547 1548 1548 1549 1549 1550 1550 1551 1551 1552 1552 1553 1553 1554 1554 1555 1555 1556 1556 1557 1557 1558 1558 1559 1559 1560 1560 1561 1561 1562 1562 1563 1563 1564 1564 1565 1565 1566 1566 1567 1567 1568 1568 1569 1569 1570 1570 1571 1571 1572 1572 1573 1573 1574 1574 1575 1575 1576 1576 1577 1577 1578 1578 1579 1579 1580 1580 1581 1581 1582 1582 1583 1583 1584 1584 1585 1585 1586 1586 1587 1587 1588 1588 1589 1589 1590 1590 1591 1591 1592 1592 1593 1593 1594 1594 1595 1595 1596 1596 1597 1597 1598 1598 1599 1599 1600 1600 1601 1601 1602 1602 1603 1603 1604 1604 1605 1605 1606 1606 1607 1607 1608 1608 1609 1609 1610 1610 1611 1611 1612 1612 1613 1613 1614 1614 1615 1615 1616 1616 1617 1617 1618 1618 1619 1619 1620 1620 1621 1621 1622 1622 1623 1623 1624 1624 1625 1625 1626 1626 1627 1627 1628 1628 1629 1629 1630 1630 1631 1631 1632 1632 1633 1633 1634 1634 1635 1635 1636 1636 1637 1637 1638 1638 1639 1639 1640 1640 1641 1641 1642 1642 1643 1643 1644 1644 1645 1645 1646 1646 1647 1647 1648 1648 1649 1649 1650 1650 1651 1651 1652 1652 1653 1653 1654 1654 1655 1655 1656 1656 1657 1657 1658 1658 1659 1659 1660 1660 1661 1661 1662 1662 1663 1663 1664 1664 1665 1665 1666 1666 1667 1667 1668 1668 1669 1669 1670 1670 1671 1671 1672 1672 1673 1673 1674 1674 1675 1675 1676 1676 1677 1677 1678 1678 1679 1679 1680 1680 1681 1681 1682 1682 1683 1683 1684 1684 1685 1685 1686 1686 1687 1687 1688 1688 1689 1689 1690 1690 1691 1691 1692 1692 1693 1693 1694 1694 1695 1695 1696 1696 1697 1697 1698 1698 1699 1699 1700 1700 1701 1701 1702 1702 1703 1703 1704 1704 1705 1705 1706 1706 1707 1707 1708 1708 1709 1709 1710 1710 1711 1711 1712 1712 1713 1713 1714 1714 1715 1715 1716 1716 1717 1717 1718 1718 1719 1719 1720 1720 1721 1721 1722 1722 1723 1723 1724 1724 1725 1725 1726 1726 1727 1727 1728 1728 1729 1729 1730 1730 1731 1731 1732 1732 1733 1733 1734 1734 1735 1735 1736 1736 1737 1737 1738 1738 1739 1739 1740 1740 1741 1741 1742 1742 1743 1743 1744 1744 1745 1745 1746 1746 1747 1747 1748 1748 1749 1749 1750 1750 1751 1751 1752 1752 1753 1753 1754 1754 1755 1755 1756 1756 1757 1757 1758 1758 1759 1759 1760 1760 1761 1761 1762 1762 1763 1763 1764 1764 1765 1765 1766 1766 1767 1767 1768 1768 1769 1769 1770 1770 1771 1771 1772 1772 1773 1773 1774 1774 1775 1775 1776 1776 1777 1777 1778 1778 1779 1779 1780 1780 1781 1781 1782 1782 1783 1783 1784 1784 1785 1785 1786 1786 1787 1787 1788 1788 1789 1789 1790 1790 1791 1791 1792 1792 1793 1793 1794 1794 1795 1795 1796 1796 1797 1797 1798 1798 1799 1799 1800 1800 1801 1801 1802 1802 1803 1803 1804 1804 1805 1805 1806 1806 1807 1807 1808 1808 1809 1809 1810 1810 1811 1811 1812 1812 1813 1813 1814 1814 1815 1815 1816 1816 1817 1817 1818 1818 1819 1819 1820 1820 1821 1821 1822 1822 1823 1823 1824 1824 1825 1825 1826 1826 1827 1827 1828 1828 1829 1829 1830 1830 1831 1831 1832 1832 1833 1833 1834 1834 1835 1835 1836 1836 1837 1837 1838 1838 1839 1839 1840 1840 1841 1841 1842 1842 1843 1843 1844 1844 1845 1845 1846 1846 1847 1847 1848 1848 1849 1849 1850 1850 1851 1851 1852 1852 1853 1853 1854 1854 1855 1855 1856 1856 1857 1857 1858 1858 1859 1859 1860 1860 1861 1861 1862 1862 1863 1863 1864 1864 1865 1865 1866 1866 1867 1867 1868 1868 1869 1869 1870 1870 1871 1871 1872 1872 1873 1873 1874 1874 1875 1875 1876 1876 1877 1877 1878 1878 1879 1879 1880 1880 1881 1881 1882 1882 1883 1883 1884 1884 1885 1885 1886 1886 1887 1887 1888 1888 1889 1889 1890 1890 1891 1891 1892 1892 1893 1893 1894 1894 1895 1895 1896 1896 1897 1897 1898 1898 1899 1899 1900 1900 1901 1901 1902 1902 1903 1903 1904 1904 1905 1905 1906 1906 1907 1907 1908 1908 1909 1909 1910 1910 1911 1911 1912 1912 1913 1913 1914 1914 1915 1915 1916 1916 1917 1917 1918 1918 1919 1919 1920 1920 1921 1921 1922 1922 1923 1923 1924 1924 1925 1925 1926 1926 1927 1927 1928 1928 1929 1929 1930 1930 1931 1931 1932 1932 1933 1933 1934 1934 1935 1935 1936 1936 1937 1937 1938 1938 1939 1939 1940 1940 1941 1941 1942 1942 1943 1943 1944 1944 1945 1945 1946 1946 1947 1947 1948 1948 1949 1949 1950 1950 1951 1951 1952 1952 1953 1953 1954 1954 1955 1955 1956 1956 1957 1957 1958 1958 1959 1959 1960 1960 1961 1961 1962 1962 1963 1963 1964 1964 1965 1965 1966 1966 1967 1967 1968 1968 1969 1969 1970 1970 1971 1971 1972 1972 1973 1973 1974 1974 1975 1975 1976 1976 1977 1977 1978 1978 1979 1979 1980 1980 1981 1981 1982 1982 1983 1983 1984 1984 1985 1985 1986 1986 1987 1987 1988 1988 1989 1989 1990 1990 1991 1991 1992 1992 1993 1993 1994 1994 1995 1995 1996 1996 1997 1997 1998 1998 1999 1999 0 
        </DataArray>
        <DataArray type="Int64" Name="offsets" format="ascii">
2 4 6 8 10 12 14 16 18 20 22 24 26 28 30 32 34 36 38 40 42 44 46 48 50 52 54 56 58 60 62 64 66 68 70 72 74 76 78 80 82 84 86 88 90 92 94 96 98 100 102 104 106 108 110 112 114 116 118 120 122 124 126 128 130 132 134 136 138 140 142 144 146 148 150 152 154 156 158 160 162 164 166 168 170 172 174 176 178 180 182 184 186 188 190 192 194 196 198 200 202 204 206 208 210 212 214 216 218 220 222 224 226 228 230 232 234 236 238 240 242 244 246 248 250 252 254 256 258 260 262 264 266 268 270 272 274 276 278 280 282 284 286 288 290 292 294 296 298 300 302 304 306 308 310 312 314 316 318 320 322 324 326 328 330 332 334 336 338 340 342 344 346 348 350 352 354 356 358 360 362 364 366 368 370 372 374 376 378 380 382 384 386 388 390 392 394 396 398 400 402 404 406 408 410 412 414 416 418 420 422 424 426 428 430 432 434 436 438 440 442 444 446 448 450 452 454 456 458 460 462 464 466 468 470 472 474 476 478 480 482 484 486 488 490 492 494 496 498 500 502 504 506 508 510 512 514 516 518 520 522 524 526 528 530 532 534 536 538 540 542 544 546 548 550 552 554 556 558 560 562 564 566 568 570 572 574 576 578 580 582 584 586 588 590 592 594 596 598 600 602 604 606 608 610 612 614 616 618 620 622 624 626 628 630 632 634 636 638 640 642 644 646 648 650 652 654 656 658 660 662 664 666 668 670 672 674 676 678 680 682 684 686 688 690 692 694 696 698 700 702 704 706 708 710 712 714 716 718 720 722 724 726 728 730 732 734 736 738 740 742 744 746 748 750 752 754 756 758 760 762 764 766 768 770 772 774 776 778 780 782 784 786 788 790 792 794 796 798 800 802 804 806 808 810 812 814 816 818 820 822 824 826 828 830 832 834 836 838 840 842 844 846 848 850 852 854 856 858 860 862 864 866 868 870 872 874 876 878 880 882 884 886 888 890 892 894 896 898 900 902 904 906 908 910 912 914 916 918 920 922 924 926 928 930 932 934 936 938 940 942 944 946 948 950 952 954 956 958 960 962 964 966 968 970 972 974 976 978 980 982 984 986 988 990 992 994 996 998 1000 1002 1004 1006 1008 1010 1012 1014 1016 1018 1020 1022 1024 1026 1028 1030 1032 1034 1036 1038 1040 1042 1044 1046 1048 1050 1052 1054 1056 1058 1060 1062 1064 1066 1068 1070 1072 1074 1076 1078 1080 1082 1084 1086 1088 1090 1092 1094 1096 1098 1100 1102 1104 1106 1108 1110 1112 1114 1116 1118 1120 1122 1124 1126 1128 1130 1132 1134 1136 1138 1140 1142 1144 1146 1148 1150 1152 1154 1156 1158 1160 1162 1164 1166 1168 1170 1172 1174 1176 1178 1180 1182 1184 1186 1188 1190 1192 1194 1196 1198 1200 1202 1204 1206 1208 1210 1212 1214 1216 1218 1220 1222 1224 1226 1228 1230 1232 1234 1236 1238 1240 1242 1244 1246 1248 1250 1252 1254 1256 1258 1260 1262 1264 1266 1268 1270 1272 1274 1276 1278 1280 1282 1284 1286 1288 1290 1292 1294 1296 1298 1300 1302 1304 1306 1308 1310 1312 1314 1316 1318 1320 1322 1324 1326 1328 1330 1332 1334 1336 1338 1340 1342 1344 1346 1348 1350 1352 1354 1356 1358 1360 1362 1364 1366 1368 1370 1372 1374 1376 1378 1380 1382 1384 1386 1388 1390 1392 1394 1396 1398 1400 1402 1404 1406 1408 1410 1412 1414 1416 1418 1420 1422 1424 1426 1428 1430 1432 1434 1436 1438 1440 1442 1444 1446 1448 1450 1452 1454 1456 1458 1460 1462 1464 1466 1468 1470 1472 1474 1476 1478 1480 1482 1484 1486 1488 1490 1492 1494 1496 1498 1500 1502 1504 1506 1508 1510 1512 1514 1516 1518 1520 1522 1524 1526 1528 1530 1532 1534 1536 1538 1540 1542 1544 1546 1548 1550 1552 1554 1556 1558 1560 1562 1564 1566 1568 1570 1572 1574 1576 1578 1580 1582 1584 1586 1588 1590 1592 1594 1596 1598 1600 1602 1604 1606 1608 1610 1612 1614 1616 1618 1620 1622 1624 1626 1628 1630 1632 1634 1636 1638 1640 1642 1644 1646 1648 1650 1652 1654 1656 1658 1660 1662 1664 1666 1668 1670 1672 1674 1676 1678 1680 1682 1684 1686 1688 1690 1692 1694 1696 1698 1700 1702 1704 1706 1708 1710 1712 1714 1716 1718 1720 1722 1724 1726 1728 1730 1732 1734 1736 1738 1740 1742 1744 1746 1748 1750 1752 1754 1756 1758 1760 1762 1764 1766 1768 1770 1772 1774 1776 1778 1780 1782 1784 1786 1788 1790 1792 1794 1796 1798 1800 1802 1804 1806 1808 1810 1812 1814 1816 1818 1820 1822 1824 1826 1828 1830 1832 1834 1836 1838 1840 1842 1844 1846 1848 1850 1852 1854 1856 1858 1860 1862 1864 1866 1868 1870 1872 1874 1876 1878 1880 1882 1884 1886 1888 1890 1892 1894 1896 1898 1900 1902 1904 1906 1908 1910 1912 1914 1916 1918 1920 1922 1924 1926 1928 1930 1932 1934 1936 1938 1940 1942 1944 1946 1948 1950 1952 1954 1956 1958 1960 1962 1964 1966 1968 1970 1972 1974 1976 1978 1980 1982 1984 1986 1988 1990 1992 1994 1996 1998 2000 2002 2004 2006 2008 2010 2012 2014 2016 2018 2020 2022 2024 2026 2028 2030 2032 2034 2036 2038 2040 2042 2044 2046 2048 2050 2052 2054 2056 2058 2060 2062 2064 2066 2068 2070 2072 2074 2076 2078 2080 2082 2084 2086 2088 2090 2092 2094 2096 2098 2100 2102 2104 2106 2108 2110 2112 2114 2116 2118 2120 2122 2124 2126 2128 2130 2132 2134 2136 2138 2140 2142 2144 2146 2148 2150 2152 2154 2156 2158 2160 2162 2164 2166 2168 2170 2172 2174 2176 2178 2180 2182 2184 2186 2188 2190 2192 2194 2196 2198 2200 2202 2204 2206 2208 2210 2212 2214 2216 2218 2220 2222 2224 2226 2228 2230 2232 2234 2236 2238 2240 2242 2244 2246 2248 2250 2252 2254 2256 2258 2260 2262 2264 2266 2268 2270 2272 2274 2276 2278 2280 2282 2284 2286 2288 2290 2292 2294 2296 2298 2300 2302 2304 2306 2308 2310 2312 2314 2316 2318 2320 2322 2324 2326 2328 2330 2332 2334 2336 2338 2340 2342 2344 2346 2348 2350 2352 2354 2356 2358 2360 2362 2364 2366 2368 2370 2372 2374 2376 2378 2380 2382 2384 2386 2388 2390 2392 2394 2396 2398 2400 2402 2404 2406 2408 2410 2412 2414 2416 2418 2420 2422 2424 2426 2428 2430 2432 2434 2436 2438 2440 2442 2444 2446 2448 2450 2452 2454 2456 2458 2460 2462 2464 2466 2468 2470 2472 2474 2476 2478 2480 2482 2484 2486 2488 2490 2492 2494 2496 2498 2500 2502 2504 2506 2508 2510 2512 2514 2516 2518 2520 2522 2524 2526 2528 2530 2532 2534 2536 2538 2540 2542 2544 2546 2548 2550 2552 2554 2556 2558 2560 2562 2564 2566 2568 2570 2572 2574 2576 2578 2580 2582 2584 2586 2588 2590 2592 2594 2596 2598 2600 2602 2604 2606 2608 2610 2612 2614 2616 2618 2620 2622 2624 2626 2628 2630 2632 2634 2636 2638 2640 2642 2644 2646 2648 2650 2652 2654 2656 2658 2660 2662 2664 2666 2668 2670 2672 2674 2676 2678 2680 2682 2684 2686 2688 2690 2692 2694 2696 2698 2700 2702 2704 2706 2708 2710 2712 2714 2716 2718 2720 2722 2724 2726 2728 2730 2732 2734 2736 2738 2740 2742 2744 2746 2748 2750 2752 2754 2756 2758 2760 2762 2764 2766 2768 2770 2772 2774 2776 2778 2780 2782 2784 2786 2788 2790 2792 2794 2796 2798 2800 2802 2804 2806 2808 2810 2812 2814 2816 2818 2820 2822 2824 2826 2828 2830 2832 2834 2836 2838 2840 2842 2844 2846 2848 2850 2852 2854 2856 2858 2860 2862 2864 2866 2868 2870 2872 2874 2876 2878 2880 2882 2884 2886 2888 2890 2892 2894 2896 2898 2900 2902 2904 2906 2908 2910 2912 2914 2916 2918 2920 2922 2924 2926 2928 2930 2932 2934 2936 2938 2940 2942 2944 2946 2948 2950 2952 2954 2956 2958 2960 2962 2964 2966 2968 2970 2972 2974 2976 2978 2980 2982 2984 2986 2988 2990 2992 2994 2996 2998 3000 3002 3004 3006 3008 3010 3012 3014 3016 3018 3020 3022 3024 3026 3028 3030 3032 3034 3036 3038 3040 3042 3044 3046 3048 3050 3052 3054 3056 3058 3060 3062 3064 3066 3068 3070 3072 3074 3076 3078 3080 3082 3084 3086 3088 3090 3092 3094 3096 3098 3100 3102 3104 3106 3108 3110 3112 3114 3116 3118 3120 3122 3124 3126 3128 3130 3132 3134 3136 3138 3140 3142 3144 3146 3148 3150 3152 3154 3156 3158 3160 3162 3164 3166 3168 3170 3172 3174 3176 3178 3180 3182 3184 3186 3188 3190 3192 3194 3196 3198 3200 3202 3204 3206 3208 3210 3212 3214 3216 3218 3220 3222 3224 3226 3228 3230 3232 3234 3236 3238 3240 3242 3244 3246 3248 3250 3252 3254 3256 3258 3260 3262 3264 3266 3268 3270 3272 3274 3276 3278 3280 3282 3284 3286 3288 3290 3292 3294 3296 3298 3300 3302 3304 3306 3308 3310 3312 3314 3316 3318 3320 3322 3324 3326 3328 3330 3332 3334 3336 3338 3340 3342 3344 3346 3348 3350 3352 3354 3356 3358 3360 3362 3364 3366 3368 3370 3372 3374 3376 3378 3380 3382 3384 3386 3388 3390 3392 3394 3396 3398 3400 3402 3404 3406 3408 3410 3412 3414 3416 3418 3420 3422 3424 3426 3428 3430 3432 3434 3436 3438 3440 3442 3444 3446 3448 3450 3452 3454 3456 3458 3460 3462 3464 3466 3468 3470 3472 3474 3476 3478 3480 3482 3484 3486 3488 3490 3492 3494 3496 3498 3500 3502 3504 3506 3508 3510 3512 3514 3516 3518 3520 3522 3524 3526 3528 3530 3532 3534 3536 3538 3540 3542 3544 3546 3548 3550 3552 3554 3556 3558 3560 3562 3564 3566 3568 3570 3572 3574 3576 3578 3580 3582 3584 3586 3588 3590 3592 3594 3596 3598 3600 3602 3604 3606 3608 3610 3612 3614 3616 3618 3620 3622 3624 3626 3628 3630 3632 3634 3636 3638 3640 3642 3644 3646 3648 3650 3652 3654 3656 3658 3660 3662 3664 3666 3668 3670 3672 3674 3676 3678 3680 3682 3684 3686 3688 3690 3692 3694 3696 3698 3700 3702 3704 3706 3708 3710 3712 3714 3716 3718 3720 3722 3724 3726 3728 3730 3732 3734 3736 3738 3740 3742 3744 3746 3748 3750 3752 3754 3756 3758 3760 3762 3764 3766 3768 3770 3772 3774 3776 3778 3780 3782 3784 3786 3788 3790 3792 3794 3796 3798 3800 3802 3804 3806 3808 3810 3812 3814 3816 3818 3820 3822 3824 3826 3828 3830 3832 3834 3836 3838 3840 3842 3844 3846 3848 3850 3852 3854 3856 3858 3860 3862 3864 3866 3868 3870 3872 3874 3876 3878 3880 3882 3884 3886 3888 3890 3892 3894 3896 3898 3900 3902 3904 3906 3908 3910 3912 3914 3916 3918 3920 3922 3924 3926 3928 3930 3932 3934 3936 3938 3940 3942 3944 3946 3948 3950 3952 3954 3956 3958 3960 3962 3964 3966 3968 3970 3972 3974 3976 3978 3980 3982 3984 3986 3988 3990 3992 3994 3996 3998 4000 
        </DataArray>
      </Polys>
      <CellData Scalars="Pressure">
        <DataArray type="Float64" Name="Pressure" format="ascii">
294526 293198 292431 291698 290945 288704 286218 283777 282664 281926 281176 278017 273786 269610 268378 269022 269733 239875 183178 128210 86657.5 61709.5 35417.2 18321.8 18534.2 18759.3 19030.2 19364.2 19694.1 20008.7 20325 20638.1 20961.2 21308.8 21658.2 21998.1 22394.6 22786.7 24220.2 24552.4 24884.6 25200.6 25555.6 25894.3 26230 25358.3 25825.1 26298.5 26729.9 27091.3 27444.1 27825.2 28275.2 28712.5 29155.3 29592.7 30028.4 30464 30991.9 32861.4 33366.7 33809 34246 34673.5 33678.4 34273.9 34899.5 35437.4 35941.3 36426.9 36948.9 37485.1 38025.4 38542.2 40572.1 41078.5 40063.2 40675.8 41299.9 41911.5 42467.7 43000.5 43527.4 44161.8 44827.6 45486.6 47625.2 48148.6 48649.4 47417.5 48168.5 48934.7 49700.7 50339.4 50964.8 51561.1 52259.3 54862.7 55570.9 54268.8 55061.8 55877.3 56665.7 57372.2 58064.8 58757.2 59525.5 62343.4 60927.5 61762.1 62671.5 63626.8 64474 65257.1 66049.3 66756.3 69367.8 69978.6 68372 69340.9 70366.1 71414.7 72312.3 73150.4 76252.3 74756.1 75784.9 76905.5 78056.8 78812.7 79544.1 80226.8 83321.8 84103 84861.4 83037.1 84316.8 85679.5 87120.9 90229.1 91048.6 91878.3 90280.5 91475.8 92773.5 93988.1 94712.4 97732.2 98630.8 96930.6 98336.7 99808.7 101162 104449 105310 106281 104764 106074 107470 108693 111906 112635 113712 112049 113650 115291 119416 120437 124299 122528 120827 122321 126962 125497 126714 127943 129226 130418 134038 134981 136572 134627 136496 138323 140243 142046 143942 145870 147500 151374 152381 154048 152273 154371 156463 162473 160789 162907 165038 167106 172955 174726 176842 174545 177151 184722 187205 184286 187534 191146 197981 197453 198164 198788 199347 199006 198351 200635 199389 198210 203446 205121 206977 205163 207032 212550 214077 212463 213906 215263 219867 218215 219726 221118 225934 224103 225739 227089 228195 229800 233042 236025 238849 241441 245139 248885 252802 256765 261406 262658 263916 265098 258784 259345 260322 261684 263476 265850 268060 270057 271906 274109 276588 278877 281054 287622 286222 289095 291901 298398 297389 299649 301859 307149 309410 308588 310788 315869 317882 320079 319230 324064 330702 328450 331981 329792 333563 337127 340602 348242 347152 349837 352267 357906 360153 359455 361612 366322 368807 372253 370175 373985 377828 381527 395647 391446 399979 407941 427132 427759 426282 426981 425042 422707 419540 415646 412044 411260 411054 414584 416701 419522 417380 420447 423700 426982 430400 439499 438529 442387 450969 463023 458885 464489 459938 468004 476887 498971 504437 505878 507801 508028 507161 505235 497395 493527 489342 482773 482112 483212 484872 490848 493402 491517 493754 496072 498549 501080 507907 509802 511535 509664 511470 513390 515482 521563 523378 525155 523624 525415 527486 529766 533854 538154 542400 551722 549026 552658 556504 560610 564876 569162 576732 577569 578846 579544 580120 586548 588520 590451 592469 594559 596742 598805 600884 602848 604827 612198 613835 603300 604168 608200 609562 607484 609156 612427 615778 619035 621972 624808 627772 634727 637491 640194 639454 641809 644205 646517 648587 650726 653002 656171 659444 662657 669355 672106 672138 674011 675345 676745 678908 681887 684871 687626 690079 692554 698826 701639 704592 707500 710345 710034 712798 714986 717152 719324 722179 725199 728227 730831 733244 735632 738198 740826 743446 748578 750589 752595 754735 757336 759986 762558 762555 765244 767931 769938 771992 774025 776765 779492 782242 784459 786631 788784 791137 793486 795847 797903 799857 801783 804122 806710 809322 811733 814022 816282 818524 820617 822730 825033 827951 830810 833548 835654 837787 839959 842745 845478 848223 850365 852536 854665 857372 860055 862778 865020 867229 869393 871977 874612 877282 880081 883003 885882 888580 891087 893626 896350 899328 902263 905012 907422 909861 912398 915246 918053 920768 923046 925350 927675 930396 933075 935761 937897 940047 942140 945063 947944 953823 956521 959331 962119 965034 967944 970995 971996 974933 977824 980660 983353 986080 988936 992117 995269 998370 1.00111e+06 1.00388e+06 1.00666e+06 1.00989e+06 1.015e+06 1.01814e+06 1.02113e+06 1.02427e+06 1.02734e+06 1.0281e+06 1.03049e+06 1.03291e+06 1.03535e+06 1.03783e+06 1.04025e+06 1.04238e+06 1.04419e+06 1.04594e+06 1.0485e+06 1.05562e+06 1.05933e+06 1.06422e+06 1.06806e+06 1.07156e+06 1.07459e+06 1.07729e+06 1.07969e+06 1.08188e+06 1.08422e+06 1.08657e+06 1.0888e+06 1.09272e+06 1.09547e+06 1.0984e+06 1.09991e+06 1.1021e+06 1.10419e+06 1.10635e+06 1.10872e+06 1.11115e+06 1.11356e+06 1.11618e+06 1.1198e+06 1.12235e+06 1.12341e+06 1.12535e+06 1.12724e+06 1.12935e+06 1.13163e+06 1.13403e+06 1.13644e+06 1.13893e+06 1.14225e+06 1.14369e+06 1.14552e+06 1.14737e+06 1.14917e+06 1.15112e+06 1.15308e+06 1.15508e+06 1.15729e+06 1.16131e+06 1.16382e+06 1.16553e+06 1.16727e+06 1.16893e+06 1.17046e+06 1.17234e+06 1.17436e+06 1.177e+06 1.17812e+06 1.17963e+06 1.18112e+06 1.18265e+06 1.18416e+06 1.18562e+06 1.187e+06 1.19038e+06 1.19229e+06 1.19442e+06 1.1951e+06 1.19648e+06 1.19779e+06 1.19914e+06 1.20194e+06 1.20384e+06 1.20563e+06 1.20611e+06 1.20726e+06 1.20845e+06 1.20971e+06 1.2113e+06 1.21368e+06 1.21514e+06 1.21565e+06 1.2166e+06 1.21747e+06 1.21847e+06 1.22067e+06 1.22207e+06 1.22316e+06 1.22355e+06 1.22446e+06 1.22547e+06 1.2264e+06 1.22714e+06 1.22777e+06 1.22826e+06 1.22692e+06 1.22641e+06 1.22563e+06 1.23028e+06 1.2334e+06 1.23916e+06 1.2394e+06 1.24186e+06 1.24127e+06 1.23774e+06 1.23863e+06 1.23862e+06 1.23858e+06 1.2385e+06 1.23845e+06 1.23967e+06 1.2398e+06 1.24013e+06 1.24128e+06 1.24153e+06 1.24158e+06 1.24152e+06 1.24161e+06 1.24161e+06 1.24153e+06 1.24158e+06 1.24218e+06 1.24248e+06 1.24232e+06 1.24259e+06 1.24225e+06 1.24189e+06 1.24129e+06 1.2412e+06 1.24093e+06 1.24062e+06 1.24021e+06 1.23939e+06 1.23874e+06 1.23808e+06 1.23787e+06 1.23709e+06 1.23582e+06 1.23611e+06 1.23487e+06 1.23614e+06 1.2376e+06 1.23739e+06 1.23728e+06 1.23248e+06 1.22755e+06 1.2223e+06 1.22082e+06 1.22082e+06 1.22029e+06 1.21952e+06 1.21832e+06 1.21821e+06 1.21803e+06 1.21665e+06 1.21617e+06 1.21444e+06 1.2115e+06 1.21034e+06 1.20839e+06 1.20682e+06 1.20527e+06 1.2038e+06 1.20203e+06 1.20019e+06 1.19843e+06 1.19653e+06 1.19464e+06 1.19262e+06 1.1907e+06 1.1888e+06 1.18681e+06 1.18441e+06 1.18208e+06 1.17975e+06 1.17748e+06 1.17563e+06 1.17419e+06 1.17309e+06 1.17237e+06 1.16908e+06 1.16375e+06 1.15724e+06 1.14975e+06 1.1431e+06 1.14016e+06 1.13742e+06 1.13497e+06 1.13274e+06 1.13035e+06 1.12782e+06 1.12535e+06 1.12286e+06 1.12023e+06 1.11749e+06 1.11487e+06 1.11228e+06 1.10967e+06 1.1064e+06 1.10342e+06 1.10054e+06 1.09811e+06 1.09458e+06 1.09157e+06 1.0887e+06 1.0867e+06 1.08374e+06 1.08034e+06 1.07742e+06 1.07515e+06 1.07253e+06 1.07019e+06 1.06725e+06 1.06658e+06 1.06299e+06 1.06373e+06 1.05889e+06 1.05695e+06 1.03854e+06 1.02459e+06 1.01462e+06 1.0165e+06 1.00471e+06 1.00048e+06 996666 999727 995987 991275 988562 987884 984760 981402 976555 973117 969693 966428 964407 959863 956352 953049 951078 947464 943295 939116 934938 930323 924791 918525 911542 906449 901588 901606 897160 893461 888671 884695 880387 876249 872143 869845 863906 859892 857829 855645 849733 845723 839797 836118 832444 830932 827213 823484 817934 814108 810209 806438 804722 801092 797396 791534 788222 785125 781994 781002 777654 772371 768991 765651 762273 758983 757783 754489 751155 745375 742749 740222 737659 737416 734557 731781 726675 723748 720866 718122 715599 713233 710900 711232 706608 704429 702262 700465 698579 696669 696366 693855 688777 686265 683788 681472 679528 678579 677527 676406 677042 672545 670637 669214 667990 666825 665961 665428 664799 666233 664999 661009 659661 659256 658894 658548 658658 658843 658928 660730 660033 659426 656149 655879 655675 655751 657320 658703 659948 660129 660080 659862 660942 660378 656581 656959 658047 659075 660049 660927 661778 662659 663704 664642 667178 667504 667831 668194 668892 667105 667886 669560 671381 673124 674202 674998 675807 676980 678409 679778 680818 681482 682162 684823 685759 686655 687526 688004 688508 689012 687586 688300 689043 690486 691922 693303 694036 694708 695396 696489 697668 698812 699469 699942 700428 701220 702187 703125 703784 704209 704647 705337 706334 707306 708188 708896 709623 710038 709696 709342 709551 711901 714288 716420 717015 717596 718206 719260 720328 721375 721784 722151 722519 722986 723474 723954 724061 724058 724045 724127 724251 724372 724705 725163 725631 726113 726605 727071 727205 726960 726735 726764 727192 727581 727970 728420 728886 729286 729351 729396 729473 730168 730880 731587 731934 732245 734570 735100 735639 736161 736995 737847 738735 737519 738004 738439 739026 739765 740527 741083 741330 741544 741903 742683 743502 744268 744676 747230 747677 748176 748688 749220 747419 748290 749223 749809 750263 750701 751488 752597 753830 755097 757502 758660 755750 749942 743583 737229 736668 736719 737395 738253 739223 740306 742518 742702 742828 739246 740553 741967 743112 743145 743167 743203 743928 748715 749411 747020 747853 748647 749025 749025 748935 749112 750126 754371 752484 754104 755817 757567 759433 761286 763175 765005 769820 771592 770118 773255 776599 780041 782223 784102 788974 787615 789111 790440 791489 791839 792218 792614 794315 793358 792226 786848 785402 784199 783154 784412 782787 781045 775039 773509 772308 771352 770128 771777 770549 766584 766073 765926 766163 768494 769084 765985 759097 747916 734884 722664 719204 710942 705856 692262 693336 696012 709480 714430 727442 728304 730641 740345 757363 760307 766708 772779 778719 782337 785145 786395 787610 787587 790132 793147 794976 788411 778898 766736 753255 744305 731481 718352 688300 675054 663363 668371 657294 658240 659825 661780 667540 669057 670280 666549 666752 671144 670237 662212 659018 655849 658025 649564 647066 645203 643917 647411 646690 649794 645312 640490 644070 643703 642721 637292 636234 639518 638117 631126 628818 626546 629007 621235 618705 616323 619633 612774 611666 610556 609408 607785 605452 603044 600482 597946 598022 599665 602930 607710 617690 627227 633789 637161 633312 618314 603345 588891 574474 570757 567267 564083 561100 559268 557676 556214 554833 557184 550927 548828 546821 549527 542790 540869 538985 542134 539918 530867 527761 530715 527643 524851 517320 519267 521072 513722 510883 503242 499572 496041 492531 494994 486740 484146 481495 484023 481230 473209 470453 473107 470651 468396 461022 458163 455180 452351 455397 447107 444515 441995 445025 443030 441874 436529 434025 430509 427152 424063 421314 418594 415855 419353 417087 415681 410248 407696 404374 401122 397830 399528 403501 406268 407364 408585 401197 397501 385872 380625 375543 379968 376470 374216 366512 363438 360140 357030 359581 356864 354272 346944 343484 339842 336339 339003 336494 330339 328340 325489 322527 319819 322529 320493 318447 311668 308461 305410 302509 305938 304098 302222 296163 294265 292326 290411 287491 284618 281955 284392 277430 275061 272581 269675 266638 263571 266353 266192 263322 263741 264698 265434 265623 264701 264013 263580 263408 255945 252658 249467 246167 243005 239907 236926 233898 237493 234948 226906 224516 222444 220265 218033 215690 213409 211125 213885 212454 210947 205337 203153 200985 198972 197442 195889 194262 192044 189873 187860 190701 189082 183576 181900 180137 178397 176619 174861 173073 171240 169214 167273 169632 168215 166785 165349 163611 158133 156249 154748 153274 151810 150306 148823 147317 146096 145010 143903 142588 141147 139729 142423 141472 140508 139489 138556 137584 136622 132084 130660 129240 128070 126875 125696 124452 123220 121963 120905 119850 118793 117672 116549 115398 114361 113351 112343 111283 110217 109126 108097 107099 106106 105090 104092 103071 102042 100947 99865.4 98775.6 97751.3 96701.3 95660.1 94593.6 93537.2 92459.7 91468.6 90453.7 89448.4 88433.1 87427.9 86398.9 85446.9 84482.8 83529.1 82583.5 81654.5 80703.6 79753 78774.4 77802.9 76848.8 75930.4 74991.8 74069.3 73129.6 72198.5 71279.2 70412.8 69529.9 68665.3 67792.1 66926.7 66056 65237.9 64405.4 63586.7 62756.2 61934.6 61098.2 60314.8 59515.4 58726.4 58024.9 57341 58902.3 58164.8 57406.2 56663.3 56044.5 55460.3 54871.4 53581.2 52998.9 52360.2 51705.4 51069.3 50381.1 49697 49021 48329.3 47620.1 46955.4 46263.8 45577.3 44923 46163 45527.4 44988.3 44444 43924.5 42827.7 42317.6 41724.6 41161.4 40573 39946.5 39345.7 38791.4 38207.3 37671.4 38714.2 38249.1 36979.3 36638.7 36204.3 35696.1 35230.6 34724.6 34160.4 33669 33161.2 32639.6 33561.4 33127.3 32678.1 31635.7 31252.3 30785.2 30263.1 29809 29302.4 28765.3 28333.3 29135 28701.6 27359.9 26897.6 26338 25789.5 25295.6 24759 24238 23783.7 24779.1 23322.3 23053.7 22702.5 22279.3 21895.8 21522.9 21116.8 20730.5 21481.4 21124.1 20378.4 20167.9 19866.9 19484.5 19154.9 18813.9 19240.1 18305.2 18084.6 17767.7 17372.7 17039.3 16659.1 16244.1 16989.4 16670.3 16336.2 15872.9 15647.4 15345.2 14969.4 15378.6 15128.7 14861.5 14907.4 16413.4 18675 30307 77284.4 126089 175044 212635 232267 247522 256524 256288 258716 260526 259931 260878 262089 263378 265074 266305 267693 269554 271005 272426 273368 274541 275335 276040 276854 275719 273281 272403 272204 271813 271217 270094 269528 267967 266062 265122 263711 262449 261390 261037 260662 260277 259577 258194 257220 256641 256371 255926 255435 254736 254498 254072 253676 253356 252926 252734 252572 252772 252658 252222 252328 252379 252573 252759 253055 252842 252918 253183 253648 253276 253167 252856 252825 252542 252737 252716 252713 252790 252854 252890 253004 253125 253272 253441 253650 253892 254176 254477 254815 255165 255548 255937 256345 256778 257239 257692 258151 258600 259330 260061 260818 261576 262093 262513 262965 263432 264029 264784 265490 266125 266711 267233 267744 268226 268696 269101 269467 269805 270126 270487 270711 270979 271229 271510 271705 271937 272168 272419 272647 272897 273157 273425 273704 273994 274294 274617 274963 275317 275709 276082 276525 276961 277404 277909 278382 278897 279413 279965 280527 281053 281616 282193 282773 283351 283921 284499 285096 285685 286356 286802 287428 288090 289127 289485 289663 290345 290479 290495 290319 289958 289860 290352 290845 291897 292323 292880 293695 294063 294301 294563 294857 295239 295503 295847 296293 296679 296947 297250 297509 297807 298104 298427 298673 298884 299063 299277 299497 299717 299997 300190 300382 300524 300742 300969 301200 301471 301664 301821 302008 302187 302368 302550 302784 302881 302964 302985 303142 303298 303454 303624 303712 303814 303839 304099 304359 304612 304815 305029 305277 305446 305899 306202 306569 307086 307590 308066 308438 308877 309127 309656 310253 310808 311313 311705 312107 312505 312824 313086 313348 313547 313726 313908 314084 314237 314393 314579 314621 314602 314620 314564 314510 314461 314415 314365 314309 314222 314023 313816 313804 313588 313348 313122 313057 312920 312710 312341 311856 311277 310058 309665 308819 308666 308686 308687 308607 308449 308297 308171 308092 308017 308237 308089 307943 307813 307638 307218 307019 306850 306678 306504 306246 305967 305691 305468 305267 305066 304816 304524 304226 304166 303847 303537 303223 302943 302660 302387 302272 302351 302442 302676 302912 303141 303445 303753 304068 304424 304790 305144 305492 305832 306179 306468 306732 306993 307201 307364 307533 307431 307004 306578 306171 305827 305485 304983 304043 303113 302124 301009 299876 298834 298296 297767 297192 295871 
        </DataArray>
        <DataArray type="Float64" Name="Temperature" format="ascii">
1215.18 1210.22 1204.85 1199.59 1194.29 1191.26 1188.45 1185.66 1182.05 1178.23 1174.24 1173.08 1173.04 1172.95 1192.06 1222.99 1255.24 1211.12 1101.71 997.807 858.772 674.271 481.582 357.073 358.168 359.346 360.769 362.493 364.207 365.839 367.428 369.01 370.645 372.33 374.033 375.701 377.547 379.378 385.833 387.292 388.762 390.17 391.701 393.172 394.645 390.925 392.923 394.966 396.792 398.285 399.754 401.313 403.115 404.881 406.657 408.362 410.079 411.79 413.748 420.528 422.363 423.931 425.502 427.042 423.455 425.562 427.805 429.653 431.356 433.014 434.755 436.521 438.319 440.024 446.382 447.986 444.853 446.726 448.656 450.564 452.22 453.827 455.437 457.273 459.203 461.132 467.136 468.598 470.022 466.548 468.604 470.735 472.858 474.544 476.217 477.83 479.635 486.268 488.073 484.743 486.726 488.802 490.756 492.465 494.163 495.848 497.668 504.245 500.965 502.845 504.934 507.165 509.057 510.785 512.549 514.111 519.752 521.083 517.597 519.629 521.817 524.094 525.947 527.682 533.958 530.939 532.963 535.21 537.531 538.987 540.412 541.76 547.603 549.087 550.551 547.064 549.419 551.964 554.682 560.209 561.678 563.157 560.297 562.385 564.681 566.836 568.081 573.194 574.7 571.809 574.145 576.623 578.894 584.172 585.569 587.111 584.671 586.74 588.968 590.914 595.833 596.971 598.583 596.029 598.435 600.926 607.011 608.489 614.028 611.496 609.032 611.161 617.767 615.733 617.407 619.108 620.895 622.536 627.423 628.714 630.793 628.158 630.617 633.047 635.593 637.867 640.269 642.722 644.773 649.595 650.831 652.816 650.59 653.11 655.635 662.832 660.77 663.225 665.697 668.073 674.737 676.639 678.93 676.171 678.908 687.288 689.872 686.123 689.378 692.882 700.94 698.694 700.277 702.522 705.503 704.803 703.719 705.312 704.071 702.906 708.146 709.834 711.646 709.878 711.699 717.073 718.531 716.975 718.351 719.648 724.026 722.459 723.873 725.176 729.675 727.964 729.473 730.72 731.744 733.203 736.095 738.767 741.305 743.647 746.773 749.946 753.27 756.637 760.578 761.604 762.614 763.541 758.221 758.493 759.169 760.225 761.698 763.64 765.44 767.063 768.561 770.331 772.302 774.118 775.84 780.984 779.887 782.103 784.26 789.25 788.457 790.153 791.803 795.774 797.441 796.804 798.411 802.144 803.597 805.228 804.546 808.067 812.956 811.147 813.644 811.999 814.629 817.101 819.496 824.821 823.971 825.761 827.349 831.2 832.752 832.1 833.483 836.599 838.218 840.6 838.87 841.397 843.876 846.179 855.228 852.225 857.348 861.98 873.425 873.907 873.322 872.147 871.364 870.479 869.41 868.194 866.943 866.437 866.241 868.36 869.634 871.4 869.868 871.714 873.658 875.577 877.535 883.096 882.283 884.476 889.408 896.884 893.79 896.987 893.861 898.255 902.878 914.693 917.465 918.461 917.072 917.412 917.396 917.202 918.203 916.135 913.883 910.35 910.007 910.611 911.511 914.704 916.056 915.102 916.288 917.514 918.822 920.158 923.719 924.703 925.605 924.673 925.609 926.603 927.685 930.801 931.719 932.622 931.876 932.78 933.825 934.974 937.016 939.152 941.251 945.706 944.569 946.375 948.287 950.277 952.346 954.425 958.052 958.46 959.082 959.411 959.669 961.954 962.878 963.818 964.837 965.859 966.911 967.924 968.963 969.963 970.99 972.523 973.154 970.565 971.041 972.915 973.524 972.564 973.302 974.764 976.26 977.712 979.015 980.268 981.574 984.648 985.834 986.993 986.642 987.642 988.659 989.641 990.513 991.415 992.376 993.725 995.116 996.479 999.299 1000.45 1000.48 1001.26 1001.82 1002.4 1003.31 1004.56 1005.82 1006.97 1008 1009.04 1011.6 1012.73 1013.94 1015.14 1016.32 1016.37 1017.52 1018.43 1019.35 1020.26 1021.45 1022.7 1023.96 1025.05 1026.05 1027.05 1028.11 1029.19 1030.26 1032.27 1033.1 1033.93 1034.81 1035.86 1036.94 1037.99 1037.9 1038.95 1040 1040.76 1041.54 1042.32 1043.36 1044.39 1045.43 1046.26 1047.07 1047.88 1048.74 1049.6 1050.47 1051.21 1051.92 1052.61 1053.46 1054.41 1055.36 1056.25 1057.09 1057.92 1058.75 1059.52 1060.31 1061.17 1062.28 1063.37 1064.44 1065.37 1066.31 1067.28 1068.52 1069.74 1070.97 1071.97 1072.98 1073.98 1075.15 1076.32 1077.5 1078.47 1079.44 1080.38 1081.44 1082.5 1083.58 1084.67 1085.79 1086.89 1087.9 1088.82 1089.76 1090.74 1091.79 1092.82 1093.78 1094.61 1095.45 1096.31 1097.27 1098.21 1099.12 1099.87 1100.63 1101.39 1102.29 1103.17 1104.06 1104.78 1105.49 1106.19 1107.17 1108.13 1110.03 1110.92 1111.85 1112.78 1113.75 1114.72 1115.74 1116.11 1117.08 1118.03 1118.97 1119.87 1120.79 1121.75 1122.82 1123.88 1124.92 1125.83 1126.76 1127.69 1128.76 1130.4 1131.43 1132.42 1133.46 1134.47 1134.79 1135.58 1136.39 1137.19 1138.01 1138.81 1139.53 1140.14 1140.75 1141.61 1143.66 1144.85 1146.62 1147.78 1148.82 1149.72 1150.57 1151.34 1152.04 1152.75 1153.47 1154.18 1155.1 1155.94 1156.87 1157.53 1158.1 1158.67 1159.25 1159.91 1160.6 1161.31 1162.09 1162.75 1163.5 1164.13 1164.65 1165.17 1165.75 1166.4 1167.1 1167.82 1168.58 1169.1 1169.92 1170.4 1170.89 1171.39 1171.93 1172.5 1173.12 1173.84 1174.54 1175.4 1176.51 1176.85 1177.31 1177.87 1178.63 1179.57 1178.97 1180.81 1181.05 1181.32 1181.62 1181.92 1182.28 1182.69 1182.92 1183.55 1184.4 1184.79 1185.08 1185.4 1185.78 1186.16 1186.81 1187.53 1187.95 1188.34 1188.77 1189.27 1189.98 1190.72 1191.41 1191.84 1192.35 1192.88 1193.45 1194.03 1194.67 1195.17 1195.5 1195.85 1196.24 1196.6 1196.28 1196.78 1197.21 1197.06 1196.97 1196.91 1197.54 1198.73 1198.35 1200.69 1201.37 1199.63 1195.77 1195.44 1195.55 1195.6 1195.57 1195.44 1195.61 1195.95 1196.48 1196.32 1196.63 1197.02 1197.17 1197.02 1196.89 1196.8 1196.76 1197.37 1197.69 1197.81 1197.22 1197.16 1197.23 1197.08 1197.17 1197.03 1196.9 1196.75 1196.5 1196.62 1196.54 1196.47 1196.19 1195.5 1195.97 1195.76 1196.38 1197.04 1197.29 1199.87 1199.68 1198.14 1195.19 1194.13 1194.13 1192.49 1192.99 1193.29 1191.96 1192.27 1191.99 1192.05 1191.61 1190.62 1190.07 1189.76 1189.21 1188.87 1187.81 1187.74 1187.04 1186.51 1185.42 1185.37 1184.63 1184.04 1183.56 1182.97 1182.08 1181.32 1180.65 1180.09 1179.4 1178.91 1178.58 1178.44 1177.62 1176.29 1174.71 1172.92 1171.2 1170.16 1169.32 1168.71 1168.3 1167.41 1166.58 1165.87 1165.26 1164.39 1163.39 1162.52 1161.76 1160.49 1159.81 1158.8 1157.92 1156.81 1156.02 1154.95 1154.04 1153.21 1152.22 1151.31 1150.33 1149.42 1148.67 1147.71 1146.92 1146.36 1144.52 1145.89 1144.72 1144.98 1138.25 1133.26 1129.85 1130.87 1126.97 1125.65 1124.45 1125.49 1124.26 1122.76 1121.88 1121.64 1120.59 1119.44 1117.9 1116.76 1115.62 1114.53 1113.78 1112.33 1111.15 1110.04 1109.35 1108.1 1106.64 1105.28 1103.89 1102.38 1100.56 1098.48 1096.08 1094.3 1092.63 1092.57 1090.87 1089.34 1087.92 1086.4 1084.8 1083.32 1081.89 1080.76 1078.86 1077.4 1076.52 1075.22 1073.48 1071.94 1069.97 1068.6 1067.26 1066.67 1065.29 1063.84 1061.88 1060.44 1058.97 1057.57 1056.89 1055.48 1054.04 1051.88 1050.59 1049.4 1048.2 1047.76 1046.43 1044.44 1043.09 1041.78 1040.45 1039.17 1038.64 1037.31 1035.96 1033.73 1032.67 1031.66 1030.64 1030.51 1029.33 1028.2 1026.2 1025 1023.83 1022.72 1021.69 1020.73 1019.78 1019.89 1018.02 1017.13 1016.24 1015.5 1014.73 1013.94 1013.78 1012.73 1010.67 1009.63 1008.6 1007.64 1006.84 1006.47 1006.05 1005.61 1005.88 1004.04 1003.26 1002.69 1002.21 1001.75 1001.43 1001.25 1001.03 1001.68 1001.2 999.545 999.013 998.884 998.774 998.671 998.759 998.875 998.948 999.757 999.475 999.233 997.835 997.735 997.663 997.711 998.403 999.015 999.566 999.671 999.674 999.6 1000.06 999.836 998.22 998.401 998.89 999.351 999.789 1000.18 1000.57 1000.96 1001.43 1001.84 1002.93 1003.08 1003.23 1003.39 1003.7 1002.95 1003.29 1004.01 1004.8 1005.55 1006.01 1006.35 1006.7 1007.2 1007.8 1008.38 1008.82 1009.1 1009.39 1010.5 1010.89 1011.27 1011.63 1011.83 1012.04 1012.25 1011.66 1011.96 1012.28 1012.88 1013.48 1014.06 1014.37 1014.65 1014.94 1015.4 1015.89 1016.37 1016.65 1016.85 1017.06 1017.39 1017.8 1018.19 1018.47 1018.65 1018.83 1019.11 1019.52 1019.92 1020.28 1020.56 1020.86 1021.02 1020.86 1020.7 1020.77 1021.7 1022.66 1023.51 1023.72 1023.92 1024.14 1024.54 1024.94 1025.33 1025.47 1025.59 1025.71 1025.87 1026.05 1026.23 1026.26 1026.26 1026.25 1026.28 1026.33 1026.38 1026.52 1026.71 1026.9 1027.09 1027.3 1027.49 1027.55 1027.46 1027.37 1027.39 1027.57 1027.73 1027.9 1028.09 1028.29 1028.47 1028.51 1028.54 1028.59 1028.89 1029.19 1029.49 1029.64 1029.77 1030.78 1031 1031.22 1031.43 1031.75 1032.07 1032.42 1031.9 1032.08 1032.24 1032.46 1032.73 1033.01 1033.21 1033.27 1033.33 1033.43 1033.71 1033.99 1034.25 1034.37 1035.35 1035.48 1035.63 1035.79 1035.95 1035.2 1035.5 1035.83 1036.02 1036.16 1036.29 1036.56 1036.96 1037.4 1037.86 1038.76 1039.18 1034.57 1031.36 1028.08 1024.97 1024.11 1023.63 1023.49 1023.48 1023.6 1023.87 1027.79 1027.58 1027.43 1025.35 1026.16 1026.92 1027.5 1027.55 1027.51 1027.4 1027.56 1030.27 1030.42 1028.8 1029.16 1029.47 1029.6 1029.56 1029.42 1029.35 1029.61 1032.01 1030.54 1031.23 1031.91 1032.57 1033.27 1033.92 1034.52 1035.06 1037.59 1038.11 1037.23 1038.51 1039.84 1041.16 1041.95 1042.54 1044.64 1043.8 1044.52 1045.1 1045.5 1045.61 1045.64 1045.6 1047.01 1046.44 1045.72 1043.66 1043.14 1042.63 1042.08 1043.02 1042.31 1041.48 1039.09 1038.55 1038.07 1037.66 1037.13 1038.11 1037.52 1035.92 1035.76 1035.68 1035.75 1037.02 1037.25 1036.05 1029.15 1024.15 1018.64 1013.54 1014.42 1010.71 1008.63 1003.02 1003.61 1004.67 1010.96 1012.78 1019.2 1018.32 1019.14 1022.96 1030.08 1030.72 1033.23 1035.53 1037.67 1038.89 1040.42 1040.64 1041.16 1041.08 1042.19 1043.35 1043.27 1039.9 1035.61 1030.53 1024.97 1023.13 1017.67 1012.26 999.823 994.48 989.524 992.337 987.018 987.448 988.032 988.688 991.793 992.142 992.634 990.968 991.096 993.311 992.811 989.209 987.906 986.507 987.728 983.704 982.655 981.804 981.123 983.073 982.59 984.72 982.066 979.719 981.57 981.223 980.885 978.389 977.901 979.486 978.808 975.635 974.627 973.54 974.837 971.174 970.078 968.968 970.653 967.307 966.863 966.338 965.716 964.925 963.942 962.886 961.723 960.536 960.593 961.373 962.902 965.13 969.442 973.499 976.314 977.794 976.089 969.329 962.555 955.986 949.404 947.702 946.044 944.461 942.899 942.039 941.33 940.599 939.821 941.121 937.868 936.836 935.772 937.175 933.663 932.735 931.748 933.291 932.167 927.514 925.952 927.501 925.882 924.503 920.488 921.577 922.772 918.62 917.162 912.997 911.052 909.143 907.209 908.598 904.028 902.603 901.103 902.469 900.944 896.471 894.953 896.427 895.05 893.813 889.575 887.956 886.254 884.623 886.381 881.531 880.014 878.525 880.273 879.117 878.426 875.171 873.659 871.577 869.593 867.77 866.104 864.453 862.79 864.855 863.693 863.071 859.546 858.097 856.115 854.122 852.051 853.362 858.744 861.456 860.194 860.167 855.902 853.659 846.627 843.234 839.996 842.688 840.501 839.01 834.046 832.001 829.8 827.733 829.382 827.578 825.826 820.895 818.506 815.981 813.565 815.428 813.693 809.381 807.976 805.933 803.812 801.881 803.848 802.386 800.912 796.012 793.624 791.364 789.232 791.839 790.466 789.071 784.526 783.084 781.619 780.178 777.916 775.696 773.657 775.597 770.128 768.264 766.314 763.96 761.517 759.063 762.084 763.736 765.948 766.142 765.384 764.897 764.249 762.645 761.542 760.971 761.238 755.358 752.609 749.875 747.051 744.39 741.741 739.125 736.518 739.627 737.362 730.417 728.256 726.318 724.303 722.268 720.081 717.952 715.85 718.435 717.043 715.598 710.377 708.212 706.083 704.116 702.574 701.026 699.42 697.151 694.951 692.936 695.751 694.045 688.498 686.679 684.752 682.868 680.927 678.981 677.018 674.995 672.707 670.534 673.164 671.526 669.872 668.225 666.199 660.013 657.785 655.948 654.14 652.361 650.503 648.667 646.813 645.294 643.928 642.546 640.882 639.04 637.239 640.604 639.359 638.104 636.786 635.553 634.277 633.019 627.225 625.307 623.399 621.773 620.122 618.498 616.746 615.014 613.253 611.739 610.224 608.714 607.086 605.449 603.776 602.245 600.74 599.242 597.649 596.032 594.381 592.805 591.254 589.714 588.126 586.541 584.922 583.283 581.517 579.772 578.004 576.299 574.552 572.819 571.018 569.236 567.416 565.673 563.89 562.126 560.296 558.483 556.628 554.872 553.089 551.326 549.546 547.789 545.99 544.161 542.266 540.384 538.509 536.688 534.824 532.969 531.06 529.164 527.272 525.465 523.62 521.798 519.936 518.085 516.207 514.404 512.564 510.744 508.871 507.012 505.112 503.304 501.453 499.621 497.94 496.291 499.418 497.669 495.864 494.09 492.587 491.159 489.71 486.578 485.033 483.349 481.602 479.882 478.024 476.168 474.316 472.422 470.47 468.617 466.687 464.766 462.915 466.093 464.295 462.75 461.185 459.683 456.486 454.901 453.069 451.3 449.441 447.465 445.56 443.793 441.93 440.214 443.299 441.801 437.804 436.613 435.109 433.357 431.713 429.928 427.94 426.201 424.405 422.561 425.607 424.057 422.452 418.745 417.25 415.438 413.409 411.621 409.629 407.518 405.808 408.769 407.054 401.762 399.776 397.363 394.974 392.798 390.425 388.116 386.107 390.295 383.936 382.633 380.925 378.863 376.983 375.147 373.144 371.236 374.732 372.968 369.356 368.234 366.637 364.613 362.814 360.942 362.995 358.114 356.874 355.063 352.788 350.852 348.637 346.211 350.411 348.569 346.645 343.918 342.492 340.585 338.219 340.656 339.079 337.386 343.538 366.656 400.744 487.012 740.7 1011.92 1216.11 1242.53 1250.59 1256.25 1255.83 1269.34 1263.62 1265.6 1267.22 1273.03 1277.38 1279.81 1290.09 1290.7 1292.99 1298.8 1305.66 1312.54 1318.29 1322.67 1325.47 1322.37 1314.54 1301.16 1284.68 1270.29 1249.77 1232.6 1218.22 1204.5 1167.24 1153.17 1146.18 1159.62 1163.36 1170.44 1174.31 1172.25 1172.05 1173.72 1176.15 1165.07 1167.66 1168.3 1163.3 1157.42 1151.66 1137.37 1127.73 1110.8 1093.22 1076.41 1060.26 1048.12 1039.77 1037.38 1036.49 1035.6 1040.71 1050.85 1061.15 1070.19 1075.87 1079.02 1077.75 1076.23 1074.41 1070.39 1067.32 1062.87 1055.35 1044.63 1039.26 1030.58 1019.29 1007.74 996.946 986.923 975.569 964.531 954.297 945.25 935.985 929.96 923.801 918.931 913.905 913.182 912.194 911.802 911.993 913.042 915.213 917.82 920.951 924.544 929.164 933.439 937.512 941.249 941.594 941.005 941.028 941.664 943.029 944.774 946.763 948.932 951.353 953.581 955.879 958.147 960.461 962.721 965.072 967.278 969.411 973.177 973.988 976.326 978.511 982.578 983.094 985.715 988.125 992.276 995.18 995.8 998.664 1003.5 1006.13 1009.62 1010.17 1015.76 1022.32 1022.14 1025.96 1026.66 1030.3 1033.62 1036.73 1043.21 1043.65 1047.33 1050.75 1057.27 1061.42 1062.57 1066.47 1072.49 1076.07 1079.7 1081.22 1084.39 1087.35 1090.01 1093.36 1094.47 1096.4 1098.28 1101.04 1101.97 1102.58 1104.08 1105.48 1107.2 1108.28 1108.68 1108.14 1108.41 1108.92 1109.5 1110.16 1110.56 1112.02 1112.27 1112.43 1112.73 1113.16 1112.84 1113.61 1113.86 1113.91 1112.44 1113.98 1113.96 1114.67 1114.75 1114.88 1114.79 1114.61 1114.32 1114.82 1114.69 1114.6 1114.55 1114.09 1113.47 1112.87 1113.43 1113.05 1112.75 1112.52 1111.12 1109.86 1111.14 1110.04 1109.33 1108.85 1108.61 1106.29 1104.46 1102.98 1105.46 1104.71 1104.42 1104.56 1103.12 1101.55 1100.68 1103.31 1103.12 1103.27 1103.76 1104.18 1104.67 1105.33 1098.99 1104.92 1103.81 1103.39 1103.21 1103.43 1104.05 1100.55 1099.31 1101.64 1100.54 1099.59 1098.83 1098.19 1097.51 1096.98 1096.6 1092.5 1094.9 1093.52 1092.15 1090.85 1089.79 1089.06 1088.64 1088.34 1085.14 1084.94 1088.5 1088.42 1089.09 1090.05 1091.23 1093.92 1097.03 1100.17 1099.52 1101.56 1103.78 1109.94 1111.97 1114.18 1116.42 1118.33 1120.25 1122.24 1124.41 1126.43 1128.23 1125.62 1126.27 1129.07 1129.81 1130.78 1131.79 1132.88 1134.06 1135.32 1137.43 1141.71 1145.75 1145.25 1148.06 1151.06 1154.05 1157.6 1168.77 1172.4 1175.1 1177.77 1180.5 1181.34 1181.56 1181.99 1182 1181.68 1181.44 1181.17 1180.81 1180.51 1178.82 1179.88 1181.16 1182.81 1185.75 1188.86 1191.97 1194.85 1198.75 1202.67 1206.06 1209.44 1212.7 1214.97 1217.11 1219.25 1220.77 1222.2 1223.6 1224.81 1225.94 1227.11 1228.14 1229.12 1230.1 1231.01 1231.84 1232.69 1233.27 1233.54 1233.79 1234.09 1234.47 1234.86 1234.95 1234.31 1233.67 1232.88 1231.64 1230.38 1229.13 1227.87 1226.63 1225.2 1220.23 
        </DataArray>
        <DataArray type="Float64" Name="Tau1" format="ascii">
0 0 0 0 0 0 0 0 0 0 0 0 0 0 0 0 0 0 0 0 0 0 0 0 0 0 0 0 0 0 0 0 0 0 0 0 0 0 0 0 0 0 0 0 0 0 0 0 0 0 0 0 0 0 0 0 0 0 0 0 0 0 0 0 0 0 0 0 0 0 0 0 0 0 0 0 0 0 0 0 0 0 0 0 0 0 0 0 0 0 0 0 0 0 0 0 0 0 0 0 0 0 0 0 0 0 0 0 0 0 0 0 0 0 0 0 0 0 0 0 0 0 0 0 0 0 0 0 0 0 0 0 0 0 0 0 0 0 0 0 0 0 0 0 0 0 0 0 0 0 0 0 0 0 0 0 0 0 0 0 0 0 0 0 0 0 0 0 0 0 0 0 0 0 0 0 0 0 0 0 0 0 0 0 0 0 0 0 0 0 0 0 0 0 0 0 0 0 0 0 0 0 0 0 0 0 0 0 0 0 0 0 0 0 0 0 0 0 0 0 0 0 0 0 0 0 0 0 0 0 0 0 0 0 0 0 0 0 0 0 0 0 0 0 0 0 0 0 0 0 0 0 0 0 0 0 0 0 0 0 0 0 0 0 0 0 0 0 0 0 0 0 0 0 0 0 0 0 0 0 0 0 0 0 0 0 0 0 0 0 0 0 0 0 0 0 0 0 0 0 0 0 0 0 0 0 0 0 0 0 0 0 0 0 0 0 0 0 0 0 0 0 0 0 0 0 0 0 0 0 0 0 0 0 0 0 0 0 0 0 0 0 0 0 0 0 0 0 0 0 0 0 0 0 0 0 0 0 0 0 0 0 0 0 0 0 0 0 0 0 0 0 0 0 0 0 0 0 0 0 0 0 0 0 0 0 0 0 0 0 0 0 0 0 0 0 0 0 0 0 0 0 0 0 0 0 0 0 0 0 0 0 0 0 0 0 0 0 0 0 0 0 0 0 0 0 0 0 0 0 0 0 0 0 0 0 0 0 0 0 0 0 0 0 0 0 0 0 0 0 0 0 0 0 0 0 0 0 0 0 0 0 0 0 0 0 0 0 0 0 0 0 0 0 0 0 0 0 0 0 0 0 0 0 0 0 0 0 0 0 0 0 0 0 0 0 0 0 0 0 0 0 0 0 0 0 0 0 0 0 0 0 0 0 0 0 0 0 0 0 0 0 0 0 0 0 0 0 0 0 0 0 0 0 0 0 0 0 0 0 0 0 0 0 0 0 0 0 0 0 0 0 0 0 0 0 0 0 0 0 0 0 0 0 0 0 0 0 0 0 0 0 0 0 0 0 0 0 0 0 0 0 0 0 0 0 0 0 0 0 0 0 0 0 0 0 0 0 0 0 0 0 0 0 0 0 0 0 0 0 0 0 0 0 0 0 0 0 0 0 0 0 0 0 0 0 0 0 0 0 0 0 0 0 0 0 0 0 0 0 0 0 0 0 0 0 0 0 0 0 0 0 0 0 0 0 0 0 0 0 0 0 0 0 0 0 0 0 0 0 0 0 0 0 0 0 0 0 0 0 0 0 0 0 0 0 0 0 0 0 0 0 0 0 0 0 0 0 0 0 0 0 0 0 0 0 0 0 0 0 0 0 0 0 0 0 0 0 0 0 0 0 0 0 0 0 0 0 0 0 0 0 0 0 0 0 0 0 0 0 0 0 0 0 0 0 0 0 0 0 0 0 0 0 0 0 0 0 0 0 0 0 0 0 0 0 0 0 0 0 0 0 0 0 0 0 0 0 0 0 0 0 0 0 0 0 0 0 0 0 0 0 0 0 0 0 0 0 0 0 0 0 0 0 0 0 0 0 0 0 0 0 0 0 0 0 0 0 0 0 0 0 0 0 0 0 0 0 0 0 0 0 0 0 0 0 0 0 0 0 0 0 0 0 0 0 0 0 0 0 0 0 0 0 0 0 0 0 0 0 0 0 0 0 0 0 0 0 0 0 0 0 0 0 0 0 0 0 0 0 0 0 0 0 0 0 0 0 0 0 0 0 0 0 0 0 0 0 0 0 0 0 0 0 0 0 0 0 0 0 0 0 0 0 0 0 0 0 0 0 0 0 0 0 0 0 0 0 0 0 0 0 0 0 0 0 0 0 0 0 0 0 0 0 0 0 0 0 0 0 0 0 0 0 0 0 0 0 0 0 0 0 0 0 0 0 0 0 0 0 0 0 0 0 0 0 0 0 0 0 0 0 0 0 0 0 0 0 0 0 0 0 0 0 0 0 0 0 0 0 0 0 0 0 0 0 0 0 0 0 0 0 0 0 0 0 0 0 0 0 0 0 0 0 0 0 0 0 0 0 0 0 0 0 0 0 0 0 0 0 0 0 0 0 0 0 0 0 0 0 0 0 0 0 0 0 0 0 0 0 0 0 0 0 0 0 0 0 0 0 0 0 0 0 0 0 0 0 0 0 0 0 0 0 0 0 0 0 0 0 0 0 0 0 0 0 0 0 0 0 0 0 0 0 0 0 0 0 0 0 0 0 0 0 0 0 0 0 0 0 0 0 0 0 0 0 0 0 0 0 0 0 0 0 0 0 0 0 0 0 0 0 0 0 0 0 0 0 0 0 0 0 0 0 0 0 0 0 0 0 0 0 0 0 0 0 0 0 0 0 0 0 0 0 0 0 0 0 0 0 0 0 0 0 0 0 0 0 0 0 0 0 0 0 0 0 0 0 0 0 0 0 0 0 0 0 0 0 0 0 0 0 0 0 0 0 0 0 0 0 0 0 0 0 0 0 0 0 0 0 0 0 0 0 0 0 0 0 0 0 0 0 0 0 0 0 0 0 0 0 0 0 0 0 0 0 0 0 0 0 0 0 0 0 0 0 0 0 0 0 0 0 0 0 0 0 0 0 0 0 0 0 0 0 0 0 0 0 0 0 0 0 0 0 0 0 0 0 0 0 0 0 0 0 0 0 0 0 0 0 0 0 0 0 0 0 0 0 0 0 0 0 0 0 0 0 0 0 0 0 0 0 0 0 0 0 0 0 0 0 0 0 0 0 0 0 0 0 0 0 0 0 0 0 0 0 0 0 0 0 0 0 0 0 0 0 0 0 0 0 0 0 0 0 0 0 0 0 0 0 0 0 0 0 0 0 0 0 0 0 0 0 0 0 0 0 0 0 0 0 0 0 0 0 0 0 0 0 0 0 0 0 0 0 0 0 0 0 0 0 0 0 0 0 0 0 0 0 0 0 0 0 0 0 0 0 0 0 0 0 0 0 0 0 0 0 0 0 0 0 0 0 0 0 0 0 0 0 0 0 0 0 0 0 0 0 0 0 0 0 0 0 0 0 0 0 0 0 0 0 0 0 0 0 0 0 0 0 0 0 0 0 0 0 0 0 0 0 0 0 0 0 0 0 0 0 0 0 0 0 0 0 0 0 0 0 0 0 0 0 0 0 0 0 0 0 0 0 0 0 0 0 0 0 0 0 0 0 0 0 0 0 0 0 0 0 0 0 0 0 0 0 0 0 0 0 0 0 0 0 0 0 0 0 0 0 0 0 0 0 0 0 0 0 0 0 0 0 0 0 0 0 0 0 0 0 0 0 0 0 0 0 0 0 0 0 0 0 0 0 0 0 0 0 0 0 0 0 0 0 0 0 0 0 0 0 0 0 0 0 0 0 0 0 0 0 0 0 0 0 0 0 0 0 0 0 0 0 0 0 0 0 0 0 0 0 0 0 0 0 0 0 0 0 0 0 0 0 0 0 0 0 0 0 0 0 0 0 0 0 0 0 0 0 0 0 0 0 0 0 0 0 0 0 0 0 0 0 0 0 0 0 0 0 0 0 0 0 0 0 0 0 0 0 0 0 0 0 0 0 0 0 0 0 0 0 0 0 0 0 0 0 0 0 0 0 0 0 0 0 0 0 0 0 0 0 0 0 0 0 0 0 0 0 0 0 0 0 0 0 0 0 0 0 0 0 0 0 0 0 0 0 0 0 0 0 0 0 0 0 0 0 0 0 0 0 0 0 0 0 0 0 0 0 0 0 0 0 0 0 0 0 0 0 0 0 0 0 0 0 0 0 0 0 0 0 0 0 0 0 0 0 0 0 0 0 0 0 0 0 0 0 0 0 0 0 0 0 0 0 0 0 0 0 0 0 0 0 0 0 0 0 0 0 0 0 0 0 0 0 0 0 0 0 0 0 0 0 0 0 0 0 0 0 0 0 0 0 0 0 0 0 0 0 0 0 0 0 0 0 0 0 0 0 0 0 0 0 0 0 0 0 0 0 0 0 0 0 0 0 0 0 0 0 0 0 0 0 0 0 0 0 0 0 0 0 0 0 0 0 0 0 0 0 0 0 0 0 0 0 0 0 0 0 0 0 0 0 0 0 0 0 0 0 0 0 0 0 0 0 0 0 0 0 0 0 0 0 0 0 0 0 0 0 0 0 0 0 0 0 0 0 0 0 0 0 0 0 0 0 0 0 0 0 0 0 0 0 0 0 0 0 0 0 0 0 0 0 0 0 
        </DataArray>
        <DataArray type="Float64" Name="Tau2" format="ascii">
0 0 0 0 0 0 0 0 0 0 0 0 0 0 0 0 0 0 0 0 0 0 0 0 0 0 0 0 0 0 0 0 0 0 0 0 0 0 0 0 0 0 0 0 0 0 0 0 0 0 0 0 0 0 0 0 0 0 0 0 0 0 0 0 0 0 0 0 0 0 0 0 0 0 0 0 0 0 0 0 0 0 0 0 0 0 0 0 0 0 0 0 0 0 0 0 0 0 0 0 0 0 0 0 0 0 0 0 0 0 0 0 0 0 0 0 0 0 0 0 0 0 0 0 0 0 0 0 0 0 0 0 0 0 0 0 0 0 0 0 0 0 0 0 0 0 0 0 0 0 0 0 0 0 0 0 0 0 0 0 0 0 0 0 0 0 0 0 0 0 0 0 0 0 0 0 0 0 0 0 0 0 0 0 0 0 0 0 0 0 0 0 0 0 0 0 0 0 0 0 0 0 0 0 0 0 0 0 0 0 0 0 0 0 0 0 0 0 0 0 0 0 0 0 0 0 0 0 0 0 0 0 0 0 0 0 0 0 0 0 0 0 0 0 0 0 0 0 0 0 0 0 0 0 0 0 0 0 0 0 0 0 0 0 0 0 0 0 0 0 0 0 0 0 0 0 0 0 0 0 0 0 0 0 0 0 0 0 0 0 0 0 0 0 0 0 0 0 0 0 0 0 0 0 0 0 0 0 0 0 0 0 0 0 0 0 0 0 0 0 0 0 0 0 0 0 0 0 0 0 0 0 0 0 0 0 0 0 0 0 0 0 0 0 0 0 0 0 0 0 0 0 0 0 0 0 0 0 0 0 0 0 0 0 0 0 0 0 0 0 0 0 0 0 0 0 0 0 0 0 0 0 0 0 0 0 0 0 0 0 0 0 0 0 0 0 0 0 0 0 0 0 0 0 0 0 0 0 0 0 0 0 0 0 0 0 0 0 0 0 0 0 0 0 0 0 0 0 0 0 0 0 0 0 0 0 0 0 0 0 0 0 0 0 0 0 0 0 0 0 0 0 0 0 0 0 0 0 0 0 0 0 0 0 0 0 0 0 0 0 0 0 0 0 0 0 0 0 0 0 0 0 0 0 0 0 0 0 0 0 0 0 0 0 0 0 0 0 0 0 0 0 0 0 0 0 0 0 0 0 0 0 0 0 0 0 0 0 0 0 0 0 0 0 0 0 0 0 0 0 0 0 0 0 0 0 0 0 0 0 0 0 0 0 0 0 0 0 0 0 0 0 0 0 0 0 0 0 0 0 0 0 0 0 0 0 0 0 0 0 0 0 0 0 0 0 0 0 0 0 0 0 0 0 0 0 0 0 0 0 0 0 0 0 0 0 0 0 0 0 0 0 0 0 0 0 0 0 0 0 0 0 0 0 0 0 0 0 0 0 0 0 0 0 0 0 0 0 0 0 0 0 0 0 0 0 0 0 0 0 0 0 0 0 0 0 0 0 0 0 0 0 0 0 0 0 0 0 0 0 0 0 0 0 0 0 0 0 0 0 0 0 0 0 0 0 0 0 0 0 0 0 0 0 0 0 0 0 0 0 0 0 0 0 0 0 0 0 0 0 0 0 0 0 0 0 0 0 0 0 0 0 0 0 0 0 0 0 0 0 0 0 0 0 0 0 0 0 0 0 0 0 0 0 0 0 0 0 0 0 0 0 0 0 0 0 0 0 0 0 0 0 0 0 0 0 0 0 0 0 0 0 0 0 0 0 0 0 0 0 0 0 0 0 0 0 0 0 0 0 0 0 0 0 0 0 0 0 0 0 0 0 0 0 0 0 0 0 0 0 0 0 0 0 0 0 0 0 0 0 0 0 0 0 0 0 0 0 0 0 0 0 0 0 0 0 0 0 0 0 0 0 0 0 0 0 0 0 0 0 0 0 0 0 0 0 0 0 0 0 0 0 0 0 0 0 0 0 0 0 0 0 0 0 0 0 0 0 0 0 0 0 0 0 0 0 0 0 0 0 0 0 0 0 0 0 0 0 0 0 0 0 0 0 0 0 0 0 0 0 0 0 0 0 0 0 0 0 0 0 0 0 0 0 0 0 0 0 0 0 0 0 0 0 0 0 0 0 0 0 0 0 0 0 0 0 0 0 0 0 0 0 0 0 0 0 0 0 0 0 0 0 0 0 0 0 0 0 0 0 0 0 0 0 0 0 0 0 0 0 0 0 0 0 0 0 0 0 0 0 0 0 0 0 0 0 0 0 0 0 0 0 0 0 0 0 0 0 0 0 0 0 0 0 0 0 0 0 0 0 0 0 0 0 0 0 0 0 0 0 0 0 0 0 0 0 0 0 0 0 0 0 0 0 0 0 0 0 0 0 0 0 0 0 0 0 0 0 0 0 0 0 0 0 0 0 0 0 0 0 0 0 0 0 0 0 0 0 0 0 0 0 0 0 0 0 0 0 0 0 0 0 0 0 0 0 0 0 0 0 0 0 0 0 0 0 0 0 0 0 0 0 0 0 0 0 0 0 0 0 0 0 0 0 0 0 0 0 0 0 0 0 0 0 0 0 0 0 0 0 0 0 0 0 0 0 0 0 0 0 0 0 0 0 0 0 0 0 0 0 0 0 0 0 0 0 0 0 0 0 0 0 0 0 0 0 0 0 0 0 0 0 0 0 0 0 0 0 0 0 0 0 0 0 0 0 0 0 0 0 0 0 0 0 0 0 0 0 0 0 0 0 0 0 0 0 0 0 0 0 0 0 0 0 0 0 0 0 0 0 0 0 0 0 0 0 0 0 0 0 0 0 0 0 0 0 0 0 0 0 0 0 0 0 0 0 0 0 0 0 0 0 0 0 0 0 0 0 0 0 0 0 0 0 0 0 0 0 0 0 0 0 0 0 0 0 0 0 0 0 0 0 0 0 0 0 0 0 0 0 0 0 0 0 0 0 0 0 0 0 0 0 0 0 0 0 0 0 0 0 0 0 0 0 0 0 0 0 0 0 0 0 0 0 0 0 0 0 0 0 0 0 0 0 0 0 0 0 0 0 0 0 0 0 0 0 0 0 0 0 0 0 0 0 0 0 0 0 0 0 0 0 0 0 0 0 0 0 0 0 0 0 0 0 0 0 0 0 0 0 0 0 0 0 0 0 0 0 0 0 0 0 0 0 0 0 0 0 0 0 0 0 0 0 0 0 0 0 0 0 0 0 0 0 0 0 0 0 0 0 0 0 0 0 0 0 0 0 0 0 0 0 0 0 0 0 0 0 0 0 0 0 0 0 0 0 0 0 0 0 0 0 0 0 0 0 0 0 0 0 0 0 0 0 0 0 0 0 0 0 0 0 0 0 0 0 0 0 0 0 0 0 0 0 0 0 0 0 0 0 0 0 0 0 0 0 0 0 0 0 0 0 0 0 0 0 0 0 0 0 0 0 0 0 0 0 0 0 0 0 0 0 0 0 0 0 0 0 0 0 0 0 0 0 0 0 0 0 0 0 0 0 0 0 0 0 0 0 0 0 0 0 0 0 0 0 0 0 0 0 0 0 0 0 0 0 0 0 0 0 0 0 0 0 0 0 0 0 0 0 0 0 0 0 0 0 0 0 0 0 0 0 0 0 0 0 0 0 0 0 0 0 0 0 0 0 0 0 0 0 0 0 0 0 0 0 0 0 0 0 0 0 0 0 0 0 0 0 0 0 0 0 0 0 0 0 0 0 0 0 0 0 0 0 0 0 0 0 0 0 0 0 0 0 0 0 0 0 0 0 0 0 0 0 0 0 0 0 0 0 0 0 0 0 0 0 0 0 0 0 0 0 0 0 0 0 0 0 0 0 0 0 0 0 0 0 0 0 0 0 0 0 0 0 0 0 0 0 0 0 0 0 0 0 0 0 0 0 0 0 0 0 0 0 0 0 0 0 0 0 0 0 0 0 0 0 0 0 0 0 0 0 0 0 0 0 0 0 0 0 0 0 0 0 0 0 0 0 0 0 0 0 0 0 0 0 0 0 0 0 0 0 0 0 0 0 0 0 0 0 0 0 0 0 0 0 0 0 0 0 0 0 0 0 0 0 0 0 0 0 0 0 0 0 0 0 0 0 0 0 0 0 0 0 0 0 0 0 0 0 0 0 0 0 0 0 0 0 0 0 0 0 0 0 0 0 0 0 0 0 0 0 0 0 0 0 0 0 0 0 0 0 0 0 0 0 0 0 0 0 0 0 0 0 0 0 0 0 0 0 0 0 0 0 0 0 0 0 0 0 0 0 0 0 0 0 0 0 0 0 0 0 0 0 0 0 0 0 0 0 0 0 0 0 0 0 0 0 0 0 0 0 0 0 0 0 0 0 0 0 0 0 0 0 0 0 0 0 0 0 0 0 0 0 0 0 0 0 0 0 0 0 0 0 0 0 0 0 0 0 0 0 0 0 0 0 0 0 0 0 0 0 0 0 0 0 0 0 0 0 0 0 0 0 0 0 0 0 0 0 0 0 0 0 0 0 0 0 0 0 0 0 0 0 0 0 0 0 0 0 
        </DataArray>
        <DataArray type="Float64" Name="dTdn" format="ascii">
0 0 0 0 0 0 0 0 0 0 0 0 0 0 0 0 0 0 0 0 0 0 0 0 0 0 0 0 0 0 0 0 0 0 0 0 0 0 0 0 0 0 0 0 0 0 0 0 0 0 0 0 0 0 0 0 0 0 0 0 0 0 0 0 0 0 0 0 0 0 0 0 0 0 0 0 0 0 0 0 0 0 0 0 0 0 0 0 0 0 0 0 0 0 0 0 0 0 0 0 0 0 0 0 0 0 0 0 0 0 0 0 0 0 0 0 0 0 0 0 0 0 0 0 0 0 0 0 0 0 0 0 0 0 0 0 0 0 0 0 0 0 0 0 0 0 0 0 0 0 0 0 0 0 0 0 0 0 0 0 0 0 0 0 0 0 0 0 0 0 0 0 0 0 0 0 0 0 0 0 0 0 0 0 0 0 0 0 0 0 0 0 0 0 0 0 0 0 0 0 0 0 0 0 0 0 0 0 0 0 0 0 0 0 0 0 0 0 0 0 0 0 0 0 0 0 0 0 0 0 0 0 0 0 0 0 0 0 0 0 0 0 0 0 0 0 0 0 0 0 0 0 0 0 0 0 0 0 0 0 0 0 0 0 0 0 0 0 0 0 0 0 0 0 0 0 0 0 0 0 0 0 0 0 0 0 0 0 0 0 0 0 0 0 0 0 0 0 0 0 0 0 0 0 0 0 0 0 0 0 0 0 0 0 0 0 0 0 0 0 0 0 0 0 0 0 0 0 0 0 0 0 0 0 0 0 0 0 0 0 0 0 0 0 0 0 0 0 0 0 0 0 0 0 0 0 0 0 0 0 0 0 0 0 0 0 0 0 0 0 0 0 0 0 0 0 0 0 0 0 0 0 0 0 0 0 0 0 0 0 0 0 0 0 0 0 0 0 0 0 0 0 0 0 0 0 0 0 0 0 0 0 0 0 0 0 0 0 0 0 0 0 0 0 0 0 0 0 0 0 0 0 0 0 0 0 0 0 0 0 0 0 0 0 0 0 0 0 0 0 0 0 0 0 0 0 0 0 0 0 0 0 0 0 0 0 0 0 0 0 0 0 0 0 0 0 0 0 0 0 0 0 0 0 0 0 0 0 0 0 0 0 0 0 0 0 0 0 0 0 0 0 0 0 0 0 0 0 0 0 0 0 0 0 0 0 0 0 0 0 0 0 0 0 0 0 0 0 0 0 0 0 0 0 0 0 0 0 0 0 0 0 0 0 0 0 0 0 0 0 0 0 0 0 0 0 0 0 0 0 0 0 0 0 0 0 0 0 0 0 0 0 0 0 0 0 0 0 0 0 0 0 0 0 0 0 0 0 0 0 0 0 0 0 0 0 0 0 0 0 0 0 0 0 0 0 0 0 0 0 0 0 0 0 0 0 0 0 0 0 0 0 0 0 0 0 0 0 0 0 0 0 0 0 0 0 0 0 0 0 0 0 0 0 0 0 0 0 0 0 0 0 0 0 0 0 0 0 0 0 0 0 0 0 0 0 0 0 0 0 0 0 0 0 0 0 0 0 0 0 0 0 0 0 0 0 0 0 0 0 0 0 0 0 0 0 0 0 0 0 0 0 0 0 0 0 0 0 0 0 0 0 0 0 0 0 0 0 0 0 0 0 0 0 0 0 0 0 0 0 0 0 0 0 0 0 0 0 0 0 0 0 0 0 0 0 0 0 0 0 0 0 0 0 0 0 0 0 0 0 0 0 0 0 0 0 0 0 0 0 0 0 0 0 0 0 0 0 0 0 0 0 0 0 0 0 0 0 0 0 0 0 0 0 0 0 0 0 0 0 0 0 0 0 0 0 0 0 0 0 0 0 0 0 0 0 0 0 0 0 0 0 0 0 0 0 0 0 0 0 0 0 0 0 0 0 0 0 0 0 0 0 0 0 0 0 0 0 0 0 0 0 0 0 0 0 0 0 0 0 0 0 0 0 0 0 0 0 0 0 0 0 0 0 0 0 0 0 0 0 0 0 0 0 0 0 0 0 0 0 0 0 0 0 0 0 0 0 0 0 0 0 0 0 0 0 0 0 0 0 0 0 0 0 0 0 0 0 0 0 0 0 0 0 0 0 0 0 0 0 0 0 0 0 0 0 0 0 0 0 0 0 0 0 0 0 0 0 0 0 0 0 0 0 0 0 0 0 0 0 0 0 0 0 0 0 0 0 0 0 0 0 0 0 0 0 0 0 0 0 0 0 0 0 0 0 0 0 0 0 0 0 0 0 0 0 0 0 0 0 0 0 0 0 0 0 0 0 0 0 0 0 0 0 0 0 0 0 0 0 0 0 0 0 0 0 0 0 0 0 0 0 0 0 0 0 0 0 0 0 0 0 0 0 0 0 0 0 0 0 0 0 0 0 0 0 0 0 0 0 0 0 0 0 0 0 0 0 0 0 0 0 0 0 0 0 0 0 0 0 0 0 0 0 0 0 0 0 0 0 0 0 0 0 0 0 0 0 0 0 0 0 0 0 0 0 0 0 0 0 0 0 0 0 0 0 0 0 0 0 0 0 0 0 0 0 0 0 0 0 0 0 0 0 0 0 0 0 0 0 0 0 0 0 0 0 0 0 0 0 0 0 0 0 0 0 0 0 0 0 0 0 0 0 0 0 0 0 0 0 0 0 0 0 0 0 0 0 0 0 0 0 0 0 0 0 0 0 0 0 0 0 0 0 0 0 0 0 0 0 0 0 0 0 0 0 0 0 0 0 0 0 0 0 0 0 0 0 0 0 0 0 0 0 0 0 0 0 0 0 0 0 0 0 0 0 0 0 0 0 0 0 0 0 0 0 0 0 0 0 0 0 0 0 0 0 0 0 0 0 0 0 0 0 0 0 0 0 0 0 0 0 0 0 0 0 0 0 0 0 0 0 0 0 0 0 0 0 0 0 0 0 0 0 0 0 0 0 0 0 0 0 0 0 0 0 0 0 0 0 0 0 0 0 0 0 0 0 0 0 0 0 0 0 0 0 0 0 0 0 0 0 0 0 0 0 0 0 0 0 0 0 0 0 0 0 0 0 0 0 0 0 0 0 0 0 0 0 0 0 0 0 0 0 0 0 0 0 0 0 0 0 0 0 0 0 0 0 0 0 0 0 0 0 0 0 0 0 0 0 0 0 0 0 0 0 0 0 0 0 0 0 0 0 0 0 0 0 0 0 0 0 0 0 0 0 0 0 0 0 0 0 0 0 0 0 0 0 0 0 0 0 0 0 0 0 0 0 0 0 0 0 0 0 0 0 0 0 0 0 0 0 0 0 0 0 0 0 0 0 0 0 0 0 0 0 0 0 0 0 0 0 0 0 0 0 0 0 0 0 0 0 0 0 0 0 0 0 0 0 0 0 0 0 0 0 0 0 0 0 0 0 0 0 0 0 0 0 0 0 0 0 0 0 0 0 0 0 0 0 0 0 0 0 0 0 0 0 0 0 0 0 0 0 0 0 0 0 0 0 0 0 0 0 0 0 0 0 0 0 0 0 0 0 0 0 0 0 0 0 0 0 0 0 0 0 0 0 0 0 0 0 0 0 0 0 0 0 0 0 0 0 0 0 0 0 0 0 0 0 0 0 0 0 0 0 0 0 0 0 0 0 0 0 0 0 0 0 0 0 0 0 0 0 0 0 0 0 0 0 0 0 0 0 0 0 0 0 0 0 0 0 0 0 0 0 0 0 0 0 0 0 0 0 0 0 0 0 0 0 0 0 0 0 0 0 0 0 0 0 0 0 0 0 0 0 0 0 0 0 0 0 0 0 0 0 0 0 0 0 0 0 0 0 0 0 0 0 0 0 0 0 0 0 0 0 0 0 0 0 0 0 0 0 0 0 0 0 0 0 0 0 0 0 0 0 0 0 0 0 0 0 0 0 0 0 0 0 0 0 0 0 0 0 0 0 0 0 0 0 0 0 0 0 0 0 0 0 0 0 0 0 0 0 0 0 0 0 0 0 0 0 0 0 0 0 0 0 0 0 0 0 0 0 0 0 0 0 0 0 0 0 0 0 0 0 0 0 0 0 0 0 0 0 0 0 0 0 0 0 0 0 0 0 0 0 0 0 0 0 0 0 0 0 0 0 0 0 0 0 0 0 0 0 0 0 0 0 0 0 0 0 0 0 0 0 0 0 0 0 0 0 0 0 0 0 0 0 0 0 0 0 0 0 0 0 0 0 0 0 0 0 0 0 0 0 0 0 0 0 0 0 0 0 0 0 0 0 0 0 0 0 0 0 0 0 0 0 0 0 0 0 0 0 0 0 0 0 0 0 0 0 0 0 0 0 0 0 0 0 0 0 0 0 0 0 0 0 0 0 0 0 0 0 0 0 0 0 0 0 0 0 0 0 0 0 0 0 0 0 0 0 0 0 0 0 0 0 0 0 0 0 0 0 0 0 0 0 0 0 0 0 0 0 0 0 0 0 0 0 0 0 0 0 0 0 0 0 0 0 0 0 0 0 0 0 0 0 0 0 0 0 0 0 0 0 0 0 0 0 
        </DataArray>
        <DataArray type="Int32" Name="Rank" format="ascii">
4 4 4 4 4 4 4 4 4 4 4 4 4 4 4 4 4 4 4 4 4 4 4 4 4 4 4 4 4 4 4 4 4 4 4 4 4 4 4 4 4 4 4 4 4 4 4 4 4 4 4 4 4 4 4 4 4 4 4 4 4 4 4 4 4 4 4 4 4 4 4 4 4 4 4 4 4 4 4 4 4 4 4 4 4 4 4 4 4 4 4 4 4 4 4 4 4 4 4 4 4 4 4 4 4 4 4 4 4 4 4 4 4 4 4 4 4 4 4 4 4 4 4 4 4 4 4 4 4 4 4 4 4 4 4 4 4 4 4 4 4 4 4 4 4 4 4 4 4 4 4 4 4 4 4 4 4 4 4 4 4 4 4 4 4 4 4 4 4 4 4 4 4 4 4 4 4 4 4 4 4 4 4 4 4 4 4 4 4 4 4 4 4 4 4 4 4 4 4 4 4 4 4 4 4 4 4 4 4 4 4 4 4 4 4 0 0 0 0 0 0 0 0 0 0 0 0 0 0 0 0 0 0 0 0 0 0 0 0 0 0 0 0 0 0 0 0 0 7 7 7 7 0 0 0 0 0 0 0 0 0 0 0 0 0 0 0 0 0 0 0 0 0 0 0 0 0 0 0 0 0 0 0 0 0 0 0 0 0 0 0 0 0 0 0 0 0 0 0 0 0 0 0 0 0 0 0 0 0 0 0 0 0 0 0 0 0 0 0 0 0 0 0 0 0 0 0 0 0 0 0 0 0 0 0 0 0 0 0 0 0 0 0 0 0 4 4 4 4 4 4 4 4 4 4 4 4 4 4 4 4 4 4 4 4 4 4 4 4 4 4 4 4 4 4 4 4 4 4 4 4 4 4 4 4 4 4 7 7 7 7 7 7 7 7 7 7 7 7 0 0 0 0 0 0 0 0 0 0 0 0 0 0 0 0 0 0 0 0 0 0 0 0 0 0 0 0 0 0 0 0 0 0 0 0 0 0 0 0 0 0 0 0 0 0 0 0 0 0 0 0 0 0 0 0 0 0 0 0 0 0 0 0 0 0 0 0 0 0 0 0 0 0 0 0 4 4 4 4 4 4 4 4 4 4 4 4 4 4 4 4 4 4 4 4 4 4 4 4 4 4 4 4 4 4 4 4 4 4 4 4 4 4 4 4 4 4 4 4 4 4 4 4 4 4 4 4 4 4 4 4 4 4 4 4 4 4 4 4 4 4 4 4 4 4 4 4 4 4 4 4 4 4 4 4 4 4 4 4 4 4 4 4 4 4 4 4 4 4 4 4 4 4 4 4 4 4 4 4 4 4 4 4 4 4 4 4 4 4 4 4 4 4 4 4 4 4 4 4 4 4 4 4 4 4 4 4 4 4 4 4 4 4 4 4 4 4 4 4 4 4 4 4 4 4 4 4 4 4 4 4 4 4 4 4 4 4 4 4 4 4 4 4 4 4 4 4 4 4 4 4 4 4 4 4 4 4 4 4 4 4 4 4 4 4 4 4 4 4 4 4 4 4 4 4 4 4 4 4 4 4 4 4 4 4 4 4 4 4 4 4 4 4 4 4 4 4 4 4 4 4 4 4 4 4 4 4 4 4 4 4 4 4 4 4 4 4 4 4 4 4 4 4 4 4 4 4 4 4 4 4 4 4 4 4 4 4 4 4 4 4 4 4 4 4 4 4 4 4 4 4 4 4 4 4 4 4 4 4 4 4 4 4 4 4 4 4 4 4 4 4 4 4 4 4 4 4 4 4 4 4 4 4 4 4 4 4 4 4 4 4 4 4 4 4 4 4 4 4 4 4 4 4 4 4 4 4 4 4 4 4 4 4 4 4 4 4 4 4 4 4 4 4 4 4 4 4 4 4 4 4 4 4 4 4 4 4 4 4 4 4 4 4 4 4 4 4 4 4 4 4 4 4 4 4 4 4 4 4 4 4 4 4 4 4 4 4 4 4 4 4 4 4 4 4 4 4 4 4 4 4 4 4 4 4 4 4 4 4 4 4 4 4 4 4 4 4 4 4 4 4 4 4 4 4 4 4 4 4 4 4 4 4 4 4 4 4 4 4 4 4 4 4 4 4 4 4 4 4 4 4 4 4 4 4 4 4 4 4 4 4 4 4 4 4 4 4 4 4 4 4 4 4 4 4 4 4 4 4 4 4 4 4 4 4 4 4 4 4 4 4 4 4 4 4 2 2 2 2 2 2 2 2 2 2 2 2 2 2 2 2 2 2 2 2 2 2 2 2 2 2 2 2 2 2 2 2 2 2 2 2 2 2 2 2 2 2 2 2 2 2 2 2 2 2 2 2 2 2 2 2 2 2 2 2 2 2 2 2 2 2 2 2 2 2 2 2 2 2 2 2 2 2 2 2 2 2 2 2 2 2 2 2 2 2 2 2 2 2 2 2 2 2 2 2 2 2 2 2 2 2 2 2 2 2 2 2 2 2 2 2 2 2 2 2 2 2 2 2 2 2 2 2 2 2 2 2 2 2 2 2 2 2 2 2 2 2 2 2 2 2 2 2 2 2 2 2 2 2 2 2 2 2 2 2 2 2 2 2 2 2 2 2 2 2 2 2 2 2 2 2 2 2 2 2 2 2 2 2 2 2 2 2 2 2 2 2 2 2 2 2 2 2 2 2 2 2 2 2 2 2 2 2 2 2 2 2 2 2 2 2 2 2 2 2 2 2 2 2 2 2 2 2 2 2 2 2 2 2 2 2 2 2 2 2 2 2 2 2 2 2 2 2 2 2 2 2 2 2 2 2 2 2 2 2 2 2 2 2 2 2 2 2 2 2 2 2 2 2 2 2 2 2 2 2 2 2 2 2 2 2 2 2 2 2 2 2 2 2 2 2 2 2 2 2 2 2 2 2 2 2 2 2 2 2 2 2 2 2 2 2 2 2 2 2 2 2 2 2 2 2 2 2 2 2 2 2 2 2 2 2 2 2 2 2 2 2 2 2 2 2 2 2 2 2 2 2 2 2 2 2 2 2 2 2 2 2 2 2 2 2 2 2 2 2 2 2 2 2 2 2 2 2 2 2 2 2 2 2 2 2 2 2 2 2 2 2 2 2 2 2 2 2 2 2 2 2 2 2 2 2 2 2 2 2 2 2 2 2 2 2 2 2 2 2 2 2 2 2 2 2 2 2 2 2 2 2 2 2 2 2 2 2 2 2 2 2 2 2 2 2 2 2 2 2 2 2 2 2 2 2 2 2 2 2 2 2 2 2 2 2 2 2 2 2 2 2 2 2 2 2 2 2 2 2 2 2 2 2 2 2 2 2 2 2 2 2 2 2 2 2 2 2 2 2 2 2 2 2 2 2 2 2 2 2 2 2 2 2 2 2 2 2 2 2 2 2 2 2 2 2 2 2 2 2 2 2 2 2 2 2 2 2 2 2 2 2 2 2 2 2 2 2 2 2 2 2 2 2 2 2 2 2 2 2 2 2 2 2 2 2 2 2 2 2 2 2 2 2 2 2 2 2 2 2 2 2 2 2 2 2 2 2 2 2 2 2 2 2 2 2 2 2 2 2 2 2 2 2 2 2 2 2 2 2 2 2 2 2 2 2 2 2 2 2 2 2 2 2 2 2 2 2 2 2 2 2 2 2 2 2 2 2 2 2 2 2 2 2 2 2 2 2 2 2 2 2 2 2 2 2 2 2 2 2 2 2 2 2 2 2 2 2 2 2 2 2 2 2 2 2 2 2 2 2 2 2 2 2 2 2 2 2 2 2 2 2 2 2 2 2 2 2 2 2 2 2 2 2 2 2 2 2 2 2 2 2 2 2 2 2 2 2 2 2 2 2 2 2 2 2 2 2 2 2 2 2 2 2 2 2 2 2 2 2 2 2 2 2 2 2 2 2 2 2 2 2 2 2 2 2 2 2 2 2 2 2 2 2 2 2 2 2 2 2 2 2 2 2 2 2 2 4 4 4 4 4 4 4 4 4 4 4 4 4 4 4 4 4 4 4 4 4 4 4 4 4 4 4 4 4 4 4 4 4 4 4 4 4 4 4 4 4 4 4 4 4 4 4 4 4 4 4 4 4 4 4 4 4 4 4 4 4 4 4 4 4 4 4 4 4 4 4 4 4 4 4 4 4 4 4 4 4 4 4 4 4 4 4 4 4 4 4 4 4 4 4 4 4 4 4 4 4 4 4 4 4 4 4 4 4 4 4 4 4 4 4 4 4 4 4 4 4 4 4 4 4 4 4 4 4 4 4 4 4 4 4 4 4 4 4 4 4 4 4 4 4 4 4 4 4 4 4 4 4 4 4 4 4 4 4 4 4 4 4 4 4 4 4 4 4 4 4 4 4 4 4 4 4 4 4 4 4 4 4 4 4 4 4 4 4 4 4 4 4 4 4 4 4 4 4 4 4 4 4 4 4 4 4 4 4 4 4 4 4 4 4 4 4 4 4 4 4 4 4 4 4 4 4 4 4 4 4 4 4 4 4 4 4 4 4 4 4 4 4 4 4 4 4 4 
        </DataArray>
        <DataArray type="Int32" Name="Level" format="ascii">
4 4 4 4 4 4 4 4 4 4 4 4 4 4 4 4 4 4 4 4 4 4 4 4 4 4 4 4 4 4 4 4 4 4 4 4 4 4 4 4 4 4 4 4 4 4 4 4 4 4 4 4 4 4 4 4 4 4 4 4 4 4 4 4 4 4 4 4 4 4 4 4 4 4 4 4 4 4 4 4 4 4 4 4 4 4 4 4 4 4 4 4 4 4 4 4 4 4 4 4 4 4 4 4 4 4 4 4 4 4 4 4 4 4 4 4 4 4 4 4 4 4 4 4 4 4 4 4 4 4 4 4 4 4 4 4 4 4 4 4 4 4 4 4 4 4 4 4 4 4 4 4 4 4 4 4 4 4 4 4 4 4 4 4 4 4 4 4 4 4 4 4 4 4 4 4 4 4 4 4 4 4 4 4 4 4 4 4 4 4 4 4 4 4 4 4 4 4 4 4 4 4 4 4 4 4 4 4 4 4 4 4 4 4 4 4 4 4 4 4 4 4 4 4 4 4 4 4 4 4 4 4 4 4 4 4 4 4 4 4 4 4 4 4 4 4 4 4 3 3 3 3 4 4 4 4 4 4 4 4 4 4 4 4 4 4 4 4 4 4 4 4 4 4 4 4 4 4 4 4 4 4 4 4 4 4 4 4 4 4 4 4 4 4 4 4 4 4 4 4 4 4 4 4 4 4 4 4 4 4 4 4 4 4 4 4 4 4 4 4 4 4 4 4 4 4 4 4 4 4 4 4 4 4 4 4 4 4 4 4 4 4 4 4 4 4 4 4 4 4 4 4 4 4 4 4 4 4 4 4 4 4 4 4 4 4 4 4 4 4 4 4 4 4 4 4 4 4 4 4 4 4 4 4 4 4 4 3 3 3 3 3 3 3 3 3 3 3 3 4 4 4 4 4 4 4 4 4 4 4 4 4 4 4 4 4 4 4 4 4 4 4 4 4 4 4 4 4 4 4 4 4 4 4 4 4 4 4 4 4 4 4 4 4 4 4 4 4 4 4 4 4 4 4 4 4 4 4 4 4 4 4 4 4 4 4 4 4 4 4 4 4 4 4 4 4 4 4 4 4 4 4 4 4 4 4 4 4 4 4 4 4 4 4 4 4 4 4 4 4 4 4 4 4 4 4 4 4 4 4 4 4 4 4 4 4 4 4 4 4 4 4 4 4 4 4 4 4 4 4 4 4 4 4 4 4 4 4 4 4 4 4 4 4 4 4 4 4 4 4 4 4 4 4 4 4 4 4 4 4 4 4 4 4 4 4 4 4 4 4 4 4 4 4 4 4 4 4 4 4 4 4 4 4 4 4 4 4 4 4 4 4 4 4 4 4 4 4 4 4 4 4 4 4 4 4 4 4 4 4 4 4 4 4 4 4 4 4 4 4 4 4 4 4 4 4 4 4 4 4 4 4 4 4 4 4 4 4 4 4 4 4 4 4 4 4 4 4 4 4 4 4 4 4 4 4 4 4 4 4 4 4 4 4 4 4 4 4 4 4 4 4 4 4 4 4 4 4 4 4 4 4 4 4 4 4 4 4 4 4 4 4 4 4 4 4 4 4 4 4 4 4 4 4 4 4 4 4 4 4 4 4 4 4 4 4 4 4 4 4 4 4 4 4 4 4 4 4 4 4 4 4 4 4 4 4 4 4 4 4 4 4 4 4 4 4 4 4 4 4 4 4 4 4 4 4 4 4 4 4 4 4 4 4 4 4 4 4 4 4 4 4 4 4 4 4 4 4 4 4 4 4 4 4 4 4 4 4 4 4 4 4 4 4 4 4 4 4 4 4 4 4 4 4 4 4 4 4 4 4 4 4 4 4 4 4 4 4 4 4 4 4 4 4 4 4 4 4 4 4 4 4 4 4 4 4 4 4 4 4 4 4 4 4 4 4 4 4 4 4 4 4 4 4 4 4 4 4 4 4 4 4 4 4 4 4 4 4 4 4 4 4 4 4 4 4 4 4 4 4 4 4 4 4 4 4 4 4 4 4 4 4 4 4 4 4 4 4 4 4 4 4 4 4 4 4 4 4 4 4 4 4 4 4 4 4 4 4 4 4 4 4 4 4 4 4 4 4 4 4 4 4 4 4 4 4 4 4 4 4 4 4 4 4 4 4 4 4 4 4 4 4 4 4 4 4 4 4 4 4 4 4 4 4 4 4 4 4 4 4 4 4 4 4 4 4 4 4 4 4 4 4 4 4 4 4 4 4 4 4 4 4 4 4 4 4 4 4 4 4 4 4 4 4 4 4 4 4 4 4 4 4 4 4 4 4 4 4 4 4 4 4 4 4 4 4 4 4 4 4 4 4 4 4 4 4 4 4 4 4 4 4 4 4 4 4 4 4 4 4 4 4 4 4 4 4 4 4 4 4 4 4 4 4 4 4 4 4 4 4 4 4 4 4 4 4 4 4 4 4 4 4 4 4 4 4 4 4 4 4 4 4 4 4 4 4 4 4 4 4 4 4 4 4 4 4 4 4 4 4 4 4 4 4 4 4 4 4 4 4 4 4 4 4 4 4 4 4 4 4 4 4 4 4 4 4 4 4 4 4 4 4 4 4 4 4 4 4 4 4 4 4 4 4 4 4 4 4 4 4 4 4 4 4 4 4 4 4 4 4 4 4 4 4 4 4 4 4 4 4 4 4 4 4 4 4 4 4 4 4 4 4 4 4 4 4 4 4 4 4 4 4 4 4 4 4 4 4 4 4 4 4 4 4 4 4 4 4 4 4 4 4 4 4 4 4 4 4 4 4 4 4 4 4 4 4 4 4 4 4 4 4 4 4 4 4 4 4 4 4 4 4 4 4 4 4 4 4 4 4 4 4 4 4 4 4 4 4 4 4 4 4 4 4 4 4 4 4 4 4 4 4 4 4 4 4 4 4 4 4 4 4 4 4 4 4 4 4 4 4 4 4 4 4 4 4 4 4 4 4 4 4 4 4 4 4 4 4 4 4 4 4 4 4 4 4 4 4 4 4 4 4 4 4 4 4 4 4 4 4 4 4 4 4 4 4 4 4 4 4 4 4 4 4 4 4 4 4 4 4 4 4 4 4 4 4 4 4 4 4 4 4 4 4 4 4 4 4 4 4 4 4 4 4 4 4 4 4 4 4 4 4 4 4 4 4 4 4 4 4 4 4 4 4 4 4 4 4 4 4 4 4 4 4 4 4 4 4 4 4 4 4 4 4 4 4 4 4 4 4 4 4 4 4 4 4 4 4 4 4 4 4 4 4 4 4 4 4 4 4 4 4 4 4 4 4 4 4 4 4 4 4 4 4 4 4 4 4 4 4 4 4 4 4 4 4 4 4 4 4 4 4 4 4 4 4 4 4 4 4 4 4 4 4 4 4 4 4 4 4 4 4 4 4 4 4 4 4 4 4 4 4 4 4 4 4 4 4 4 4 4 4 4 4 4 4 4 4 4 4 4 4 4 4 4 4 4 4 4 4 4 4 4 4 4 4 4 4 4 4 4 4 4 4 4 4 4 4 4 4 4 4 4 4 4 4 4 4 4 4 4 4 4 4 4 4 4 4 4 4 4 4 4 4 4 4 4 4 4 4 4 4 4 4 4 4 4 4 4 4 4 4 4 4 4 4 4 4 4 4 4 4 4 4 4 4 4 4 4 4 4 4 4 4 4 4 4 4 4 4 4 4 4 4 4 4 4 4 4 4 4 4 4 4 4 4 4 4 4 4 4 4 4 4 4 4 4 4 4 4 4 4 4 4 4 4 4 4 4 4 4 4 4 4 4 4 4 4 4 4 4 4 4 4 4 4 4 4 4 4 4 4 4 4 4 4 4 4 4 4 4 4 4 4 4 4 4 4 4 4 4 4 4 4 4 4 4 4 4 4 4 4 4 4 4 4 4 4 4 4 4 4 4 4 4 4 4 4 4 4 4 4 4 4 4 4 4 4 4 4 4 4 4 4 4 4 4 4 4 4 4 4 4 4 4 4 4 4 4 4 4 4 4 4 4 4 4 4 4 4 4 4 4 4 4 4 4 4 4 4 4 4 4 4 4 4 4 4 4 4 4 4 4 4 4 4 4 4 4 4 4 4 4 4 4 4 4 4 4 4 4 4 4 4 4 4 4 4 4 4 4 4 4 4 4 4 4 4 4 4 4 4 4 4 4 4 4 4 4 4 4 4 4 4 4 4 4 4 4 4 4 4 4 4 4 4 4 4 4 4 4 4 4 4 4 4 4 4 4 4 4 4 4 4 4 4 4 4 4 4 4 4 4 4 4 4 4 4 4 4 4 4 4 4 4 4 4 4 4 4 4 4 4 4 4 4 4 4 4 4 4 4 4 4 4 4 4 4 4 4 4 4 4 4 4 4 4 4 4 4 4 4 4 4 4 4 4 4 4 4 4 4 4 4 4 4 4 4 4 4 4 4 4 4 4 4 4 4 4 4 4 4 4 4 4 4 4 4 4 4 4 4 4 4 4 4 4 4 4 4 4 4 4 4 4 4 4 4 4 4 
        </DataArray>
        <DataArray type="Int32" Name="N_Interp_IP0" format="ascii">
4 4 4 4 4 4 4 4 4 4 4 4 4 4 4 4 4 4 4 4 4 4 4 4 4 4 4 4 4 4 4 4 4 4 4 4 4 4 4 4 4 4 4 4 4 4 4 4 4 4 4 4 4 4 4 4 4 4 4 4 4 4 4 4 4 4 4 4 4 4 4 4 4 4 4 4 4 4 4 4 4 4 4 4 4 4 4 4 4 4 4 4 4 4 4 4 4 4 4 4 4 4 4 4 4 4 4 4 4 4 4 4 4 4 4 4 4 4 4 4 4 4 4 4 4 4 4 4 4 4 4 4 4 4 4 4 4 4 4 4 4 4 4 4 4 4 4 4 4 4 4 4 4 4 4 4 4 4 4 4 4 4 4 4 4 4 4 4 4 4 4 4 4 4 4 4 4 4 4 4 4 4 4 4 4 4 4 4 4 4 4 4 4 4 4 4 4 4 4 4 4 4 4 4 4 4 4 4 4 4 4 4 4 4 4 4 4 4 4 4 4 4 4 4 4 4 4 4 4 4 4 4 4 4 4 4 4 4 4 4 4 4 4 4 4 4 4 4 4 4 4 4 4 4 4 4 4 4 4 4 4 4 4 4 4 4 4 4 4 4 4 4 4 4 4 4 4 4 4 4 4 4 4 4 4 4 4 4 4 4 4 4 4 4 4 4 4 4 4 4 4 4 4 4 4 4 4 4 4 4 4 4 4 4 4 4 4 4 4 4 4 4 4 4 4 4 4 4 4 4 4 4 4 4 4 4 4 4 4 4 4 4 4 4 4 4 4 4 4 4 4 4 4 4 4 4 4 4 4 4 4 4 4 4 4 4 4 4 4 4 4 4 4 4 4 4 4 4 4 4 4 4 4 4 4 4 4 4 4 4 4 4 4 4 4 4 4 4 4 4 4 4 4 4 4 4 4 4 4 4 4 4 4 4 4 4 4 4 4 4 4 4 4 4 4 4 4 4 4 4 4 4 4 4 4 4 4 4 4 4 4 4 4 4 4 4 4 4 4 4 4 4 4 4 4 4 4 4 4 4 4 4 4 4 4 4 4 4 4 4 4 4 4 4 4 4 4 4 4 4 4 4 4 4 4 4 4 4 4 4 4 4 4 4 4 4 4 4 4 4 4 4 4 4 4 4 4 4 4 4 4 4 4 4 4 4 4 4 4 4 4 4 4 4 4 4 4 4 4 4 4 4 4 4 4 4 4 4 4 4 4 4 4 4 4 4 4 4 4 4 4 4 4 4 4 4 4 4 4 4 4 4 4 4 4 4 4 4 4 4 4 4 4 4 4 4 4 4 4 4 4 4 4 4 4 4 4 4 4 4 4 4 4 4 4 4 4 4 4 4 4 4 4 4 4 4 4 4 4 4 4 4 4 4 4 4 4 4 4 4 4 4 4 4 4 4 4 4 4 4 4 4 4 4 4 4 4 4 4 4 4 4 4 4 4 4 4 4 4 4 4 4 4 4 4 4 4 4 4 4 4 4 4 4 4 4 4 4 4 4 4 4 4 4 4 4 4 4 4 4 4 4 4 4 4 4 4 4 4 4 4 4 4 4 4 4 4 4 4 4 4 4 4 4 4 4 4 4 4 4 4 4 4 4 4 4 4 4 4 4 4 4 4 4 4 4 4 4 4 4 4 4 4 4 4 4 4 4 4 4 4 4 4 4 4 4 4 4 4 4 4 4 4 4 4 4 4 4 4 4 4 4 4 4 4 4 4 4 4 4 4 4 4 4 4 4 4 4 4 4 4 4 4 4 4 4 4 4 4 4 4 4 4 4 4 4 4 4 4 4 4 4 4 4 4 4 4 4 4 4 4 4 4 4 4 4 4 4 4 4 4 4 4 4 4 4 4 4 4 4 4 4 4 4 4 4 4 4 4 4 4 4 4 4 4 4 4 4 4 4 4 4 4 4 4 4 4 4 4 4 4 4 4 4 4 4 4 4 4 4 4 4 4 4 4 4 4 4 4 4 4 4 4 4 4 4 4 4 4 4 4 4 4 4 4 4 4 4 4 4 4 4 4 4 4 4 4 4 4 4 4 4 4 4 4 4 4 4 4 4 4 4 4 4 4 4 4 4 4 4 4 4 4 4 4 4 4 4 4 4 4 4 4 4 4 4 4 4 4 4 4 4 4 4 4 4 4 4 4 4 4 4 4 4 4 4 4 4 4 4 4 4 4 4 4 4 4 4 4 4 4 4 4 4 4 4 4 4 4 4 4 4 4 4 4 4 4 4 4 4 4 4 4 4 4 4 4 4 4 4 4 4 4 4 4 4 4 4 4 4 4 4 4 4 4 4 4 4 4 4 4 4 4 4 4 4 4 4 4 4 4 4 4 4 4 4 4 4 4 4 4 4 4 4 4 4 4 4 4 4 4 4 4 4 4 4 4 4 4 4 4 4 4 4 4 4 4 4 4 4 4 4 4 4 4 4 4 4 4 4 4 4 4 4 4 4 4 4 4 4 4 4 4 4 4 4 4 4 4 4 4 4 4 4 4 4 4 4 4 4 4 4 4 4 4 4 4 4 4 4 4 4 4 4 4 4 4 4 4 4 4 4 4 4 4 4 4 4 4 4 4 4 4 4 4 4 4 4 4 4 4 4 4 4 4 4 4 4 4 4 4 4 4 4 4 4 4 4 4 4 4 4 4 4 4 4 4 4 4 4 4 4 4 4 4 4 4 4 4 4 4 4 4 4 4 4 4 4 4 4 4 4 4 4 4 4 4 4 4 4 4 4 4 4 4 4 4 4 4 4 4 4 4 4 4 4 4 4 4 4 4 4 4 4 4 4 4 4 4 4 4 4 4 4 4 4 4 4 4 4 4 4 4 4 4 4 4 4 4 4 4 4 4 4 4 4 4 4 4 4 4 4 4 4 4 4 4 4 4 4 4 4 4 4 4 4 4 4 4 4 4 4 4 4 4 4 4 4 4 4 4 4 4 4 4 4 4 4 4 4 4 4 4 4 4 4 4 4 4 4 4 4 4 4 4 4 4 4 4 4 4 4 4 4 4 4 4 4 4 4 4 4 4 4 4 4 4 4 4 4 4 4 4 4 4 4 4 4 4 4 4 4 4 4 4 4 4 4 4 4 4 4 4 4 4 4 4 4 4 4 4 4 4 4 4 4 4 4 4 4 4 4 4 4 4 4 4 4 4 4 4 4 4 4 4 4 4 4 4 4 4 4 4 4 4 4 4 4 4 4 4 4 4 4 4 4 4 4 4 4 4 4 4 4 4 4 4 4 4 4 4 4 4 4 4 4 4 4 4 4 4 4 4 4 4 4 4 4 4 4 4 4 4 4 4 4 4 4 4 4 4 4 4 4 4 4 4 4 4 4 4 4 4 4 4 4 4 4 4 4 4 4 4 4 4 4 4 4 4 4 4 4 4 4 4 4 4 4 4 4 4 4 4 4 4 4 4 4 4 4 4 4 4 4 4 4 4 4 4 4 4 4 4 4 4 4 4 4 4 4 4 4 4 4 4 4 4 4 4 4 4 4 4 4 4 4 4 4 4 4 4 4 4 4 4 4 4 4 4 4 4 4 4 4 4 4 4 4 4 4 4 4 4 4 4 4 4 4 4 4 4 4 4 4 4 4 4 4 4 4 4 4 4 4 4 4 4 4 4 4 4 4 4 4 4 4 4 4 4 4 4 4 4 4 4 4 4 4 4 4 4 4 4 4 4 4 4 4 4 4 4 4 4 4 4 4 4 4 4 4 4 4 4 4 4 4 4 4 4 4 4 4 4 4 4 4 4 4 4 4 4 4 4 4 4 4 4 4 4 4 4 4 4 4 4 4 4 4 4 4 4 4 4 4 4 4 4 4 4 4 4 4 4 4 4 4 4 4 4 4 4 4 4 4 4 4 4 4 4 4 4 4 4 4 4 4 4 4 4 4 4 4 4 4 4 4 4 4 4 4 4 4 4 4 4 4 4 4 4 4 4 4 4 4 4 4 4 4 4 4 4 4 4 4 4 4 4 4 4 4 4 4 4 4 4 4 4 4 4 4 4 4 4 4 4 4 4 4 4 4 4 4 4 4 4 4 4 4 4 4 4 4 4 4 4 4 4 4 4 4 4 4 4 4 4 4 4 4 4 4 4 4 4 4 4 4 4 4 4 4 4 4 4 4 4 4 4 4 4 4 4 4 4 4 4 4 4 4 4 4 4 4 4 4 4 4 4 4 4 4 4 4 4 4 4 4 4 4 4 4 4 4 4 4 4 4 4 4 4 4 4 4 4 4 4 4 4 4 4 4 4 4 4 4 4 4 4 4 4 4 4 4 4 4 4 4 4 4 4 4 4 4 4 4 4 4 4 4 4 4 4 4 4 4 4 4 4 4 4 4 4 4 4 4 4 4 4 4 4 4 4 4 4 4 4 4 4 4 4 4 4 4 4 4 4 4 4 4 4 4 4 4 4 4 4 4 4 4 4 4 4 4 4 4 4 4 4 4 4 4 4 4 4 4 4 4 4 4 4 4 
        </DataArray>
      </CellData>
    </Piece>
  </PolyData>
</VTKFile>
