<?xml version="1.0"?>
<VTKFile type="PolyData" version="1.0" byte_order="LittleEndian" header_type="UInt64">
  <PolyData>
    <Piece NumberOfPoints="2000" NumberOfPolys="2000">
      <Points>
        <DataArray type="Float64" Name="Points" NumberOfComponents="3" format="ascii">
0.8 0 0.0 0.799999 0.000314157 0.0 0.799998 0.000628314 0.0 0.799995 0.000942459 0.0 0.799992 0.0012566 0.0 0.799987 0.00157072 0.0 0.799982 0.00188484 0.0 0.799975 0.00219893 0.0 0.799968 0.00251301 0.0 0.79996 0.00282704 0.0 0.799951 0.00314108 0.0 0.79994 0.00345505 0.0 0.799929 0.00376902 0.0 0.799916 0.00408292 0.0 0.799903 0.00439681 0.0 0.799888 0.00471062 0.0 0.799874 0.00502443 0.0 0.799857 0.00533814 0.0 0.79984 0.00565185 0.0 0.799821 0.00596545 0.0 0.799803 0.00627905 0.0 0.799782 0.00659253 0.0 0.799761 0.006906 0.0 0.799739 0.00721934 0.0 0.799716 0.00753268 0.0 0.799691 0.00784587 0.0 0.799667 0.00815906 0.0 0.79964 0.00847209 0.0 0.799613 0.00878512 0.0 0.799585 0.00909798 0.0 0.799556 0.00941083 0.0 0.799526 0.0097235 0.0 0.799495 0.0100362 0.0 0.799463 0.0103486 0.0 0.79943 0.0106611 0.0 0.799396 0.0109734 0.0 0.799361 0.0112856 0.0 0.799325 0.0115977 0.0 0.799288 0.0119097 0.0 0.79925 0.0122215 0.0 0.799211 0.0125333 0.0 0.799171 0.0128449 0.0 0.799131 0.0131564 0.0 0.799088 0.0134677 0.0 0.799046 0.013779 0.0 0.799002 0.0140901 0.0 0.798958 0.0144011 0.0 0.798911 0.0147118 0.0 0.798865 0.0150226 0.0 0.798817 0.015333 0.0 0.798769 0.0156434 0.0 0.798719 0.0159536 0.0 0.798669 0.0162637 0.0 0.798617 0.0165735 0.0 0.798564 0.0168833 0.0 0.79851 0.0171928 0.0 0.798456 0.0175023 0.0 0.7984 0.0178114 0.0 0.798345 0.0181206 0.0 0.798287 0.0184294 0.0 0.798229 0.0187381 0.0 0.798169 0.0190465 0.0 0.798109 0.0193549 0.0 0.798047 0.019663 0.0 0.797986 0.019971 0.0 0.797922 0.0202786 0.0 0.797858 0.0205863 0.0 0.797792 0.0208935 0.0 0.797727 0.0212007 0.0 0.797659 0.0215075 0.0 0.797592 0.0218143 0.0 0.797522 0.0221207 0.0 0.797453 0.0224271 0.0 0.797381 0.022733 0.0 0.79731 0.0230389 0.0 0.797237 0.0233444 0.0 0.797163 0.0236499 0.0 0.797088 0.0239549 0.0 0.797013 0.0242599 0.0 0.796935 0.0245645 0.0 0.796858 0.024869 0.0 0.796779 0.025173 0.0 0.7967 0.0254771 0.0 0.796619 0.0257806 0.0 0.796538 0.0260842 0.0 0.796455 0.0263872 0.0 0.796372 0.0266902 0.0 0.796288 0.0269927 0.0 0.796203 0.0272952 0.0 0.796116 0.0275972 0.0 0.796029 0.0278991 0.0 0.795941 0.0282005 0.0 0.795852 0.0285019 0.0 0.795762 0.0288028 0.0 0.795671 0.0291036 0.0 0.795579 0.0294039 0.0 0.795486 0.0297042 0.0 0.795392 0.0300038 0.0 0.795298 0.0303035 0.0 0.795202 0.0306026 0.0 0.795106 0.0309017 0.0 0.795008 0.0312002 0.0 0.79491 0.0314987 0.0 0.79481 0.0317965 0.0 0.79471 0.0320944 0.0 0.794608 0.0323916 0.0 0.794506 0.0326888 0.0 0.794403 0.0329854 0.0 0.794299 0.033282 0.0 0.794194 0.0335779 0.0 0.794088 0.0338738 0.0 0.793981 0.034169 0.0 0.793873 0.0344643 0.0 0.793764 0.0347589 0.0 0.793655 0.0350534 0.0 0.793544 0.0353473 0.0 0.793433 0.0356412 0.0 0.79332 0.0359344 0.0 0.793207 0.0362275 0.0 0.793092 0.03652 0.0 0.792978 0.0368125 0.0 0.792861 0.0371042 0.0 0.792745 0.0373959 0.0 0.792626 0.0376869 0.0 0.792508 0.0379779 0.0 0.792387 0.0382682 0.0 0.792267 0.0385584 0.0 0.792145 0.0388479 0.0 0.792023 0.0391374 0.0 0.791899 0.0394261 0.0 0.791775 0.0397148 0.0 0.79165 0.0400027 0.0 0.791524 0.0402906 0.0 0.791397 0.0405778 0.0 0.791269 0.0408649 0.0 0.79114 0.0411512 0.0 0.791011 0.0414376 0.0 0.79088 0.0417231 0.0 0.790748 0.0420086 0.0 0.790616 0.0422933 0.0 0.790483 0.0425779 0.0 0.790348 0.0428618 0.0 0.790213 0.0431456 0.0 0.790077 0.0434286 0.0 0.789941 0.0437116 0.0 0.789802 0.0439937 0.0 0.789664 0.0442758 0.0 0.789524 0.0445571 0.0 0.789384 0.0448383 0.0 0.789242 0.0451187 0.0 0.789101 0.0453991 0.0 0.788957 0.0456785 0.0 0.788814 0.045958 0.0 0.788668 0.0462365 0.0 0.788523 0.0465151 0.0 0.788376 0.0467928 0.0 0.788229 0.0470704 0.0 0.78808 0.0473471 0.0 0.787932 0.0476238 0.0 0.787781 0.0478996 0.0 0.787631 0.0481754 0.0 0.787478 0.0484502 0.0 0.787326 0.048725 0.0 0.787172 0.0489989 0.0 0.787018 0.0492727 0.0 0.786863 0.0495456 0.0 0.786707 0.0498185 0.0 0.78655 0.0500904 0.0 0.786392 0.0503623 0.0 0.786233 0.0506332 0.0 0.786074 0.0509041 0.0 0.785913 0.051174 0.0 0.785753 0.051444 0.0 0.78559 0.0517128 0.0 0.785428 0.0519817 0.0 0.785264 0.0522496 0.0 0.785099 0.0525175 0.0 0.784934 0.0527843 0.0 0.784768 0.0530511 0.0 0.7846 0.0533169 0.0 0.784433 0.0535827 0.0 0.784264 0.0538474 0.0 0.784094 0.0541121 0.0 0.783924 0.0543758 0.0 0.783753 0.0546394 0.0 0.78358 0.054902 0.0 0.783408 0.0551646 0.0 0.783234 0.0554261 0.0 0.78306 0.0556876 0.0 0.782884 0.0559479 0.0 0.782708 0.0562083 0.0 0.782531 0.0564676 0.0 0.782353 0.0567269 0.0 0.782174 0.0569851 0.0 0.781995 0.0572432 0.0 0.781815 0.0575002 0.0 0.781634 0.0577573 0.0 0.781452 0.0580132 0.0 0.781269 0.058269 0.0 0.781086 0.0585238 0.0 0.780902 0.0587785 0.0 0.780716 0.0590321 0.0 0.780531 0.0592857 0.0 0.780344 0.0595381 0.0 0.780157 0.0597905 0.0 0.779968 0.0600417 0.0 0.779779 0.060293 0.0 0.779589 0.060543 0.0 0.779399 0.060793 0.0 0.779207 0.0610419 0.0 0.779016 0.0612907 0.0 0.778822 0.0615383 0.0 0.778629 0.061786 0.0 0.778434 0.0620324 0.0 0.778239 0.0622788 0.0 0.778043 0.062524 0.0 0.777846 0.0627691 0.0 0.777648 0.0630131 0.0 0.77745 0.063257 0.0 0.777251 0.0634997 0.0 0.777051 0.0637424 0.0 0.77685 0.0639838 0.0 0.776649 0.0642253 0.0 0.776447 0.0644654 0.0 0.776244 0.0647056 0.0 0.77604 0.0649445 0.0 0.775836 0.0651834 0.0 0.775631 0.065421 0.0 0.775425 0.0656586 0.0 0.775218 0.0658949 0.0 0.775011 0.0661312 0.0 0.774803 0.0663662 0.0 0.774594 0.0666012 0.0 0.774384 0.0668349 0.0 0.774174 0.0670686 0.0 0.773963 0.0673009 0.0 0.773751 0.0675333 0.0 0.773538 0.0677643 0.0 0.773326 0.0679953 0.0 0.773111 0.068225 0.0 0.772897 0.0684547 0.0 0.772681 0.068683 0.0 0.772465 0.0689114 0.0 0.772248 0.0691384 0.0 0.772031 0.0693653 0.0 0.771812 0.0695909 0.0 0.771594 0.0698165 0.0 0.771374 0.0700408 0.0 0.771154 0.070265 0.0 0.770932 0.0704878 0.0 0.770711 0.0707107 0.0 0.770488 0.0709321 0.0 0.770265 0.0711536 0.0 0.770041 0.0713736 0.0 0.769817 0.0715936 0.0 0.769591 0.0718123 0.0 0.769365 0.0720309 0.0 0.769138 0.0722481 0.0 0.768911 0.0724653 0.0 0.768683 0.0726811 0.0 0.768455 0.0728969 0.0 0.768225 0.0731112 0.0 0.767995 0.0733255 0.0 0.767764 0.0735384 0.0 0.767533 0.0737513 0.0 0.767301 0.0739627 0.0 0.767069 0.0741742 0.0 0.766835 0.0743841 0.0 0.766601 0.0745941 0.0 0.766366 0.0748026 0.0 0.766131 0.0750111 0.0 0.765895 0.0752181 0.0 0.765659 0.0754251 0.0 0.765421 0.0756307 0.0 0.765183 0.0758362 0.0 0.764944 0.0760402 0.0 0.764706 0.0762443 0.0 0.764465 0.0764468 0.0 0.764225 0.0766493 0.0 0.763984 0.0768503 0.0 0.763742 0.0770513 0.0 0.7635 0.0772508 0.0 0.763257 0.0774503 0.0 0.763013 0.0776483 0.0 0.762769 0.0778462 0.0 0.762524 0.0780427 0.0 0.762279 0.0782391 0.0 0.762032 0.078434 0.0 0.761786 0.0786288 0.0 0.761538 0.0788222 0.0 0.761291 0.0790155 0.0 0.761042 0.0792073 0.0 0.760793 0.079399 0.0 0.760543 0.0795892 0.0 0.760293 0.0797794 0.0 0.760042 0.0799681 0.0 0.75979 0.0801567 0.0 0.759538 0.0803437 0.0 0.759286 0.0805308 0.0 0.759032 0.0807162 0.0 0.758779 0.0809017 0.0 0.758524 0.0810856 0.0 0.758269 0.0812694 0.0 0.758013 0.0814517 0.0 0.757757 0.0816339 0.0 0.7575 0.0818146 0.0 0.757243 0.0819952 0.0 0.756985 0.0821742 0.0 0.756727 0.0823533 0.0 0.756468 0.0825307 0.0 0.756208 0.0827081 0.0 0.755948 0.0828838 0.0 0.755688 0.0830596 0.0 0.755426 0.0832337 0.0 0.755165 0.0834078 0.0 0.754902 0.0835803 0.0 0.754639 0.0837528 0.0 0.754376 0.0839236 0.0 0.754112 0.0840945 0.0 0.753847 0.0842636 0.0 0.753583 0.0844328 0.0 0.753317 0.0846003 0.0 0.753051 0.0847678 0.0 0.752784 0.0849336 0.0 0.752517 0.0850994 0.0 0.75225 0.0852636 0.0 0.751982 0.0854277 0.0 0.751713 0.0855902 0.0 0.751444 0.0857527 0.0 0.751174 0.0859134 0.0 0.750904 0.0860742 0.0 0.750633 0.0862333 0.0 0.750362 0.0863923 0.0 0.75009 0.0865497 0.0 0.749819 0.0867071 0.0 0.749546 0.0868627 0.0 0.749273 0.0870184 0.0 0.748999 0.0871723 0.0 0.748725 0.0873262 0.0 0.74845 0.0874785 0.0 0.748175 0.0876307 0.0 0.7479 0.0877811 0.0 0.747624 0.0879316 0.0 0.747347 0.0880804 0.0 0.74707 0.0882291 0.0 0.746793 0.0883761 0.0 0.746515 0.0885231 0.0 0.746237 0.0886684 0.0 0.745958 0.0888136 0.0 0.745679 0.0889571 0.0 0.745399 0.0891007 0.0 0.745119 0.0892424 0.0 0.744838 0.0893841 0.0 0.744557 0.0895241 0.0 0.744276 0.0896641 0.0 0.743994 0.0898023 0.0 0.743712 0.0899405 0.0 0.743429 0.090077 0.0 0.743146 0.0902134 0.0 0.742862 0.0903481 0.0 0.742578 0.0904827 0.0 0.742293 0.0906156 0.0 0.742009 0.0907484 0.0 0.741723 0.0908795 0.0 0.741438 0.0910106 0.0 0.741151 0.0911399 0.0 0.740865 0.0912692 0.0 0.740578 0.0913966 0.0 0.740291 0.0915241 0.0 0.740003 0.0916498 0.0 0.739715 0.0917755 0.0 0.739426 0.0918993 0.0 0.739137 0.0920232 0.0 0.738848 0.0921452 0.0 0.738558 0.0922673 0.0 0.738268 0.0923875 0.0 0.737978 0.0925077 0.0 0.737687 0.0926261 0.0 0.737396 0.0927445 0.0 0.737104 0.0928611 0.0 0.736812 0.0929776 0.0 0.73652 0.0930924 0.0 0.736228 0.0932071 0.0 0.735934 0.09332 0.0 0.735641 0.0934329 0.0 0.735347 0.0935439 0.0 0.735053 0.093655 0.0 0.734759 0.0937642 0.0 0.734464 0.0938734 0.0 0.734169 0.0939807 0.0 0.733874 0.0940881 0.0 0.733578 0.0941936 0.0 0.733282 0.0942991 0.0 0.732985 0.0944027 0.0 0.732689 0.0945063 0.0 0.732392 0.0946081 0.0 0.732094 0.0947098 0.0 0.731797 0.0948097 0.0 0.731499 0.0949096 0.0 0.7312 0.0950076 0.0 0.730902 0.0951057 0.0 0.730603 0.0952018 0.0 0.730304 0.0952979 0.0 0.730004 0.0953922 0.0 0.729704 0.0954865 0.0 0.729404 0.0955788 0.0 0.729104 0.0956712 0.0 0.728803 0.0957617 0.0 0.728502 0.0958522 0.0 0.728201 0.0959408 0.0 0.727899 0.0960294 0.0 0.727597 0.0961161 0.0 0.727295 0.0962028 0.0 0.726993 0.0962876 0.0 0.72669 0.0963724 0.0 0.726387 0.0964553 0.0 0.726084 0.0965382 0.0 0.725781 0.0966192 0.0 0.725477 0.0967001 0.0 0.725173 0.0967792 0.0 0.724869 0.0968583 0.0 0.724564 0.0969355 0.0 0.72426 0.0970127 0.0 0.723955 0.0970879 0.0 0.72365 0.0971632 0.0 0.723344 0.0972365 0.0 0.723039 0.0973099 0.0 0.722733 0.0973813 0.0 0.722427 0.0974527 0.0 0.722121 0.0975222 0.0 0.721814 0.0975917 0.0 0.721508 0.0976592 0.0 0.721201 0.0977268 0.0 0.720893 0.0977925 0.0 0.720586 0.0978581 0.0 0.720279 0.0979218 0.0 0.719971 0.0979855 0.0 0.719663 0.0980473 0.0 0.719355 0.0981091 0.0 0.719047 0.0981689 0.0 0.718738 0.0982287 0.0 0.718429 0.0982866 0.0 0.718121 0.0983445 0.0 0.717811 0.0984005 0.0 0.717502 0.0984564 0.0 0.717193 0.0985104 0.0 0.716883 0.0985645 0.0 0.716574 0.0986165 0.0 0.716264 0.0986686 0.0 0.715954 0.0987187 0.0 0.715643 0.0987688 0.0 0.715333 0.098817 0.0 0.715023 0.0988652 0.0 0.714712 0.0989114 0.0 0.714401 0.0989576 0.0 0.71409 0.0990019 0.0 0.713779 0.0990461 0.0 0.713468 0.0990885 0.0 0.713156 0.0991308 0.0 0.712845 0.0991711 0.0 0.712533 0.0992115 0.0 0.712222 0.0992499 0.0 0.71191 0.0992883 0.0 0.711598 0.0993247 0.0 0.711286 0.0993611 0.0 0.710973 0.0993956 0.0 0.710661 0.0994301 0.0 0.710349 0.0994626 0.0 0.710036 0.0994951 0.0 0.709724 0.0995256 0.0 0.709411 0.0995562 0.0 0.709098 0.0995848 0.0 0.708785 0.0996134 0.0 0.708472 0.09964 0.0 0.708159 0.0996666 0.0 0.707846 0.0996912 0.0 0.707533 0.0997159 0.0 0.707219 0.0997386 0.0 0.706906 0.0997613 0.0 0.706593 0.099782 0.0 0.706279 0.0998027 0.0 0.705965 0.0998214 0.0 0.705652 0.0998402 0.0 0.705338 0.0998569 0.0 0.705024 0.0998737 0.0 0.704711 0.0998885 0.0 0.704397 0.0999033 0.0 0.704083 0.0999161 0.0 0.703769 0.0999289 0.0 0.703455 0.0999398 0.0 0.703141 0.0999507 0.0 0.702827 0.0999595 0.0 0.702513 0.0999684 0.0 0.702199 0.0999753 0.0 0.701885 0.0999822 0.0 0.701571 0.0999872 0.0 0.701257 0.0999921 0.0 0.700942 0.0999951 0.0 0.700628 0.099998 0.0 0.700314 0.099999 0.0 0.7 0.1 0.0 0.699686 0.099999 0.0 0.699372 0.099998 0.0 0.699058 0.0999951 0.0 0.698743 0.0999921 0.0 0.698429 0.0999872 0.0 0.698115 0.0999822 0.0 0.697801 0.0999753 0.0 0.697487 0.0999684 0.0 0.697173 0.0999595 0.0 0.696859 0.0999507 0.0 0.696545 0.0999398 0.0 0.696231 0.0999289 0.0 0.695917 0.0999161 0.0 0.695603 0.0999033 0.0 0.695289 0.0998885 0.0 0.694976 0.0998737 0.0 0.694662 0.0998569 0.0 0.694348 0.0998402 0.0 0.694035 0.0998214 0.0 0.693721 0.0998027 0.0 0.693407 0.099782 0.0 0.693094 0.0997613 0.0 0.692781 0.0997386 0.0 0.692467 0.0997159 0.0 0.692154 0.0996912 0.0 0.691841 0.0996666 0.0 0.691528 0.09964 0.0 0.691215 0.0996134 0.0 0.690902 0.0995848 0.0 0.690589 0.0995562 0.0 0.690276 0.0995256 0.0 0.689964 0.0994951 0.0 0.689651 0.0994626 0.0 0.689339 0.0994301 0.0 0.689027 0.0993956 0.0 0.688714 0.0993611 0.0 0.688402 0.0993247 0.0 0.68809 0.0992883 0.0 0.687778 0.0992499 0.0 0.687467 0.0992115 0.0 0.687155 0.0991711 0.0 0.686844 0.0991308 0.0 0.686532 0.0990885 0.0 0.686221 0.0990461 0.0 0.68591 0.0990019 0.0 0.685599 0.0989576 0.0 0.685288 0.0989114 0.0 0.684977 0.0988652 0.0 0.684667 0.098817 0.0 0.684357 0.0987688 0.0 0.684046 0.0987187 0.0 0.683736 0.0986686 0.0 0.683426 0.0986165 0.0 0.683117 0.0985645 0.0 0.682807 0.0985104 0.0 0.682498 0.0984564 0.0 0.682189 0.0984005 0.0 0.681879 0.0983445 0.0 0.681571 0.0982866 0.0 0.681262 0.0982287 0.0 0.680953 0.0981689 0.0 0.680645 0.0981091 0.0 0.680337 0.0980473 0.0 0.680029 0.0979855 0.0 0.679721 0.0979218 0.0 0.679414 0.0978581 0.0 0.679107 0.0977925 0.0 0.678799 0.0977268 0.0 0.678492 0.0976592 0.0 0.678186 0.0975917 0.0 0.677879 0.0975222 0.0 0.677573 0.0974527 0.0 0.677267 0.0973813 0.0 0.676961 0.0973099 0.0 0.676656 0.0972365 0.0 0.67635 0.0971632 0.0 0.676045 0.0970879 0.0 0.67574 0.0970127 0.0 0.675436 0.0969355 0.0 0.675131 0.0968583 0.0 0.674827 0.0967792 0.0 0.674523 0.0967001 0.0 0.674219 0.0966192 0.0 0.673916 0.0965382 0.0 0.673613 0.0964553 0.0 0.67331 0.0963724 0.0 0.673007 0.0962876 0.0 0.672705 0.0962028 0.0 0.672403 0.0961161 0.0 0.672101 0.0960294 0.0 0.671799 0.0959408 0.0 0.671498 0.0958522 0.0 0.671197 0.0957617 0.0 0.670896 0.0956712 0.0 0.670596 0.0955788 0.0 0.670296 0.0954865 0.0 0.669996 0.0953922 0.0 0.669696 0.0952979 0.0 0.669397 0.0952018 0.0 0.669098 0.0951057 0.0 0.6688 0.0950076 0.0 0.668501 0.0949096 0.0 0.668203 0.0948097 0.0 0.667906 0.0947098 0.0 0.667608 0.0946081 0.0 0.667311 0.0945063 0.0 0.667015 0.0944027 0.0 0.666718 0.0942991 0.0 0.666422 0.0941936 0.0 0.666126 0.0940881 0.0 0.665831 0.0939807 0.0 0.665536 0.0938734 0.0 0.665241 0.0937642 0.0 0.664947 0.093655 0.0 0.664653 0.0935439 0.0 0.664359 0.0934329 0.0 0.664066 0.09332 0.0 0.663772 0.0932071 0.0 0.66348 0.0930924 0.0 0.663188 0.0929776 0.0 0.662896 0.0928611 0.0 0.662604 0.0927445 0.0 0.662313 0.0926261 0.0 0.662022 0.0925077 0.0 0.661732 0.0923875 0.0 0.661442 0.0922673 0.0 0.661152 0.0921452 0.0 0.660863 0.0920232 0.0 0.660574 0.0918993 0.0 0.660285 0.0917755 0.0 0.659997 0.0916498 0.0 0.659709 0.0915241 0.0 0.659422 0.0913966 0.0 0.659135 0.0912692 0.0 0.658849 0.0911399 0.0 0.658562 0.0910106 0.0 0.658277 0.0908795 0.0 0.657991 0.0907484 0.0 0.657707 0.0906156 0.0 0.657422 0.0904827 0.0 0.657138 0.0903481 0.0 0.656854 0.0902134 0.0 0.656571 0.090077 0.0 0.656288 0.0899405 0.0 0.656006 0.0898023 0.0 0.655724 0.0896641 0.0 0.655443 0.0895241 0.0 0.655162 0.0893841 0.0 0.654881 0.0892424 0.0 0.654601 0.0891007 0.0 0.654321 0.0889571 0.0 0.654042 0.0888136 0.0 0.653763 0.0886684 0.0 0.653485 0.0885231 0.0 0.653207 0.0883761 0.0 0.65293 0.0882291 0.0 0.652653 0.0880804 0.0 0.652376 0.0879316 0.0 0.6521 0.0877811 0.0 0.651825 0.0876307 0.0 0.65155 0.0874785 0.0 0.651275 0.0873262 0.0 0.651001 0.0871723 0.0 0.650727 0.0870184 0.0 0.650454 0.0868627 0.0 0.650181 0.0867071 0.0 0.64991 0.0865497 0.0 0.649638 0.0863923 0.0 0.649367 0.0862333 0.0 0.649096 0.0860742 0.0 0.648826 0.0859134 0.0 0.648556 0.0857527 0.0 0.648287 0.0855902 0.0 0.648018 0.0854277 0.0 0.64775 0.0852636 0.0 0.647483 0.0850994 0.0 0.647216 0.0849336 0.0 0.646949 0.0847678 0.0 0.646683 0.0846003 0.0 0.646417 0.0844328 0.0 0.646153 0.0842636 0.0 0.645888 0.0840945 0.0 0.645624 0.0839236 0.0 0.645361 0.0837528 0.0 0.645098 0.0835803 0.0 0.644835 0.0834078 0.0 0.644574 0.0832337 0.0 0.644312 0.0830596 0.0 0.644052 0.0828838 0.0 0.643792 0.0827081 0.0 0.643532 0.0825307 0.0 0.643273 0.0823533 0.0 0.643015 0.0821742 0.0 0.642757 0.0819952 0.0 0.6425 0.0818146 0.0 0.642243 0.0816339 0.0 0.641987 0.0814517 0.0 0.641731 0.0812694 0.0 0.641476 0.0810856 0.0 0.641221 0.0809017 0.0 0.640968 0.0807162 0.0 0.640714 0.0805308 0.0 0.640462 0.0803437 0.0 0.64021 0.0801567 0.0 0.639958 0.0799681 0.0 0.639707 0.0797794 0.0 0.639457 0.0795892 0.0 0.639207 0.079399 0.0 0.638958 0.0792073 0.0 0.638709 0.0790155 0.0 0.638462 0.0788222 0.0 0.638214 0.0786288 0.0 0.637968 0.078434 0.0 0.637721 0.0782391 0.0 0.637476 0.0780427 0.0 0.637231 0.0778462 0.0 0.636987 0.0776483 0.0 0.636743 0.0774503 0.0 0.6365 0.0772508 0.0 0.636258 0.0770513 0.0 0.636016 0.0768503 0.0 0.635775 0.0766493 0.0 0.635535 0.0764468 0.0 0.635294 0.0762443 0.0 0.635056 0.0760402 0.0 0.634817 0.0758362 0.0 0.634579 0.0756307 0.0 0.634341 0.0754251 0.0 0.634105 0.0752181 0.0 0.633869 0.0750111 0.0 0.633634 0.0748026 0.0 0.633399 0.0745941 0.0 0.633165 0.0743841 0.0 0.632931 0.0741742 0.0 0.632699 0.0739627 0.0 0.632467 0.0737513 0.0 0.632236 0.0735384 0.0 0.632005 0.0733255 0.0 0.631775 0.0731112 0.0 0.631545 0.0728969 0.0 0.631317 0.0726811 0.0 0.631089 0.0724653 0.0 0.630862 0.0722481 0.0 0.630635 0.0720309 0.0 0.630409 0.0718123 0.0 0.630183 0.0715936 0.0 0.629959 0.0713736 0.0 0.629735 0.0711536 0.0 0.629512 0.0709321 0.0 0.629289 0.0707107 0.0 0.629068 0.0704878 0.0 0.628846 0.070265 0.0 0.628626 0.0700408 0.0 0.628406 0.0698165 0.0 0.628188 0.0695909 0.0 0.627969 0.0693653 0.0 0.627752 0.0691384 0.0 0.627535 0.0689114 0.0 0.627319 0.068683 0.0 0.627103 0.0684547 0.0 0.626889 0.068225 0.0 0.626674 0.0679953 0.0 0.626462 0.0677643 0.0 0.626249 0.0675333 0.0 0.626037 0.0673009 0.0 0.625826 0.0670686 0.0 0.625616 0.0668349 0.0 0.625406 0.0666012 0.0 0.625197 0.0663662 0.0 0.624989 0.0661312 0.0 0.624782 0.0658949 0.0 0.624575 0.0656586 0.0 0.624369 0.065421 0.0 0.624164 0.0651834 0.0 0.62396 0.0649445 0.0 0.623756 0.0647056 0.0 0.623553 0.0644654 0.0 0.623351 0.0642253 0.0 0.62315 0.0639838 0.0 0.622949 0.0637424 0.0 0.622749 0.0634997 0.0 0.62255 0.063257 0.0 0.622352 0.0630131 0.0 0.622154 0.0627691 0.0 0.621957 0.062524 0.0 0.621761 0.0622788 0.0 0.621566 0.0620324 0.0 0.621371 0.061786 0.0 0.621178 0.0615383 0.0 0.620984 0.0612907 0.0 0.620793 0.0610419 0.0 0.620601 0.060793 0.0 0.620411 0.060543 0.0 0.620221 0.060293 0.0 0.620032 0.0600417 0.0 0.619843 0.0597905 0.0 0.619656 0.0595381 0.0 0.619469 0.0592857 0.0 0.619284 0.0590321 0.0 0.619098 0.0587785 0.0 0.618914 0.0585238 0.0 0.618731 0.058269 0.0 0.618548 0.0580132 0.0 0.618366 0.0577573 0.0 0.618185 0.0575002 0.0 0.618005 0.0572432 0.0 0.617826 0.0569851 0.0 0.617647 0.0567269 0.0 0.617469 0.0564676 0.0 0.617292 0.0562083 0.0 0.617116 0.0559479 0.0 0.61694 0.0556876 0.0 0.616766 0.0554261 0.0 0.616592 0.0551646 0.0 0.61642 0.054902 0.0 0.616247 0.0546394 0.0 0.616076 0.0543758 0.0 0.615906 0.0541121 0.0 0.615736 0.0538474 0.0 0.615567 0.0535827 0.0 0.6154 0.0533169 0.0 0.615232 0.0530511 0.0 0.615066 0.0527843 0.0 0.614901 0.0525175 0.0 0.614736 0.0522496 0.0 0.614572 0.0519817 0.0 0.61441 0.0517128 0.0 0.614247 0.051444 0.0 0.614087 0.051174 0.0 0.613926 0.0509041 0.0 0.613767 0.0506332 0.0 0.613608 0.0503623 0.0 0.61345 0.0500904 0.0 0.613293 0.0498185 0.0 0.613137 0.0495456 0.0 0.612982 0.0492727 0.0 0.612828 0.0489989 0.0 0.612674 0.048725 0.0 0.612522 0.0484502 0.0 0.612369 0.0481754 0.0 0.612219 0.0478996 0.0 0.612068 0.0476238 0.0 0.61192 0.0473471 0.0 0.611771 0.0470704 0.0 0.611624 0.0467928 0.0 0.611477 0.0465151 0.0 0.611332 0.0462365 0.0 0.611186 0.045958 0.0 0.611043 0.0456785 0.0 0.610899 0.0453991 0.0 0.610758 0.0451187 0.0 0.610616 0.0448383 0.0 0.610476 0.0445571 0.0 0.610336 0.0442758 0.0 0.610198 0.0439937 0.0 0.610059 0.0437116 0.0 0.609923 0.0434286 0.0 0.609787 0.0431456 0.0 0.609652 0.0428618 0.0 0.609517 0.0425779 0.0 0.609384 0.0422933 0.0 0.609252 0.0420086 0.0 0.60912 0.0417231 0.0 0.608989 0.0414376 0.0 0.60886 0.0411512 0.0 0.608731 0.0408649 0.0 0.608603 0.0405778 0.0 0.608476 0.0402906 0.0 0.60835 0.0400027 0.0 0.608225 0.0397148 0.0 0.608101 0.0394261 0.0 0.607977 0.0391374 0.0 0.607855 0.0388479 0.0 0.607733 0.0385584 0.0 0.607613 0.0382682 0.0 0.607492 0.0379779 0.0 0.607374 0.0376869 0.0 0.607255 0.0373959 0.0 0.607139 0.0371042 0.0 0.607022 0.0368125 0.0 0.606908 0.03652 0.0 0.606793 0.0362275 0.0 0.60668 0.0359344 0.0 0.606567 0.0356412 0.0 0.606456 0.0353473 0.0 0.606345 0.0350534 0.0 0.606236 0.0347589 0.0 0.606127 0.0344643 0.0 0.606019 0.034169 0.0 0.605912 0.0338738 0.0 0.605806 0.0335779 0.0 0.605701 0.033282 0.0 0.605597 0.0329854 0.0 0.605494 0.0326888 0.0 0.605392 0.0323916 0.0 0.60529 0.0320944 0.0 0.60519 0.0317965 0.0 0.60509 0.0314987 0.0 0.604992 0.0312002 0.0 0.604894 0.0309017 0.0 0.604798 0.0306026 0.0 0.604702 0.0303035 0.0 0.604608 0.0300038 0.0 0.604514 0.0297042 0.0 0.604421 0.0294039 0.0 0.604329 0.0291036 0.0 0.604238 0.0288028 0.0 0.604148 0.0285019 0.0 0.604059 0.0282005 0.0 0.603971 0.0278991 0.0 0.603884 0.0275972 0.0 0.603797 0.0272952 0.0 0.603712 0.0269927 0.0 0.603628 0.0266902 0.0 0.603545 0.0263872 0.0 0.603462 0.0260842 0.0 0.603381 0.0257806 0.0 0.6033 0.0254771 0.0 0.603221 0.025173 0.0 0.603142 0.024869 0.0 0.603065 0.0245645 0.0 0.602987 0.0242599 0.0 0.602912 0.0239549 0.0 0.602837 0.0236499 0.0 0.602763 0.0233444 0.0 0.60269 0.0230389 0.0 0.602619 0.022733 0.0 0.602547 0.0224271 0.0 0.602478 0.0221207 0.0 0.602408 0.0218143 0.0 0.602341 0.0215075 0.0 0.602273 0.0212007 0.0 0.602208 0.0208935 0.0 0.602142 0.0205863 0.0 0.602078 0.0202786 0.0 0.602014 0.019971 0.0 0.601953 0.019663 0.0 0.601891 0.0193549 0.0 0.601831 0.0190465 0.0 0.601771 0.0187381 0.0 0.601713 0.0184294 0.0 0.601655 0.0181206 0.0 0.6016 0.0178114 0.0 0.601544 0.0175023 0.0 0.60149 0.0171928 0.0 0.601436 0.0168833 0.0 0.601383 0.0165735 0.0 0.601331 0.0162637 0.0 0.601281 0.0159536 0.0 0.601231 0.0156434 0.0 0.601183 0.015333 0.0 0.601135 0.0150226 0.0 0.601089 0.0147118 0.0 0.601042 0.0144011 0.0 0.600998 0.0140901 0.0 0.600954 0.013779 0.0 0.600912 0.0134677 0.0 0.600869 0.0131564 0.0 0.600829 0.0128449 0.0 0.600789 0.0125333 0.0 0.60075 0.0122215 0.0 0.600712 0.0119097 0.0 0.600675 0.0115977 0.0 0.600639 0.0112856 0.0 0.600604 0.0109734 0.0 0.60057 0.0106611 0.0 0.600537 0.0103486 0.0 0.600505 0.0100362 0.0 0.600474 0.0097235 0.0 0.600444 0.00941083 0.0 0.600415 0.00909798 0.0 0.600387 0.00878512 0.0 0.60036 0.00847209 0.0 0.600333 0.00815906 0.0 0.600309 0.00784587 0.0 0.600284 0.00753268 0.0 0.600261 0.00721934 0.0 0.600239 0.006906 0.0 0.600218 0.00659253 0.0 0.600197 0.00627905 0.0 0.600179 0.00596545 0.0 0.60016 0.00565185 0.0 0.600143 0.00533814 0.0 0.600126 0.00502443 0.0 0.600112 0.00471062 0.0 0.600097 0.00439681 0.0 0.600084 0.00408292 0.0 0.600071 0.00376902 0.0 0.60006 0.00345505 0.0 0.600049 0.00314108 0.0 0.60004 0.00282704 0.0 0.600032 0.00251301 0.0 0.600025 0.00219893 0.0 0.600018 0.00188484 0.0 0.600013 0.00157072 0.0 0.600008 0.0012566 0.0 0.600005 0.000942459 0.0 0.600002 0.000628314 0.0 0.600001 0.000314157 0.0 0.6 0 0.0 0.600001 -0.000314157 0.0 0.600002 -0.000628314 0.0 0.600005 -0.000942459 0.0 0.600008 -0.0012566 0.0 0.600013 -0.00157072 0.0 0.600018 -0.00188484 0.0 0.600025 -0.00219893 0.0 0.600032 -0.00251301 0.0 0.60004 -0.00282704 0.0 0.600049 -0.00314108 0.0 0.60006 -0.00345505 0.0 0.600071 -0.00376902 0.0 0.600084 -0.00408292 0.0 0.600097 -0.00439681 0.0 0.600112 -0.00471062 0.0 0.600126 -0.00502443 0.0 0.600143 -0.00533814 0.0 0.60016 -0.00565185 0.0 0.600179 -0.00596545 0.0 0.600197 -0.00627905 0.0 0.600218 -0.00659253 0.0 0.600239 -0.006906 0.0 0.600261 -0.00721934 0.0 0.600284 -0.00753268 0.0 0.600309 -0.00784587 0.0 0.600333 -0.00815906 0.0 0.60036 -0.00847209 0.0 0.600387 -0.00878512 0.0 0.600415 -0.00909798 0.0 0.600444 -0.00941083 0.0 0.600474 -0.0097235 0.0 0.600505 -0.0100362 0.0 0.600537 -0.0103486 0.0 0.60057 -0.0106611 0.0 0.600604 -0.0109734 0.0 0.600639 -0.0112856 0.0 0.600675 -0.0115977 0.0 0.600712 -0.0119097 0.0 0.60075 -0.0122215 0.0 0.600789 -0.0125333 0.0 0.600829 -0.0128449 0.0 0.600869 -0.0131564 0.0 0.600912 -0.0134677 0.0 0.600954 -0.013779 0.0 0.600998 -0.0140901 0.0 0.601042 -0.0144011 0.0 0.601089 -0.0147118 0.0 0.601135 -0.0150226 0.0 0.601183 -0.015333 0.0 0.601231 -0.0156434 0.0 0.601281 -0.0159536 0.0 0.601331 -0.0162637 0.0 0.601383 -0.0165735 0.0 0.601436 -0.0168833 0.0 0.60149 -0.0171928 0.0 0.601544 -0.0175023 0.0 0.6016 -0.0178114 0.0 0.601655 -0.0181206 0.0 0.601713 -0.0184294 0.0 0.601771 -0.0187381 0.0 0.601831 -0.0190465 0.0 0.601891 -0.0193549 0.0 0.601953 -0.019663 0.0 0.602014 -0.019971 0.0 0.602078 -0.0202786 0.0 0.602142 -0.0205863 0.0 0.602208 -0.0208935 0.0 0.602273 -0.0212007 0.0 0.602341 -0.0215075 0.0 0.602408 -0.0218143 0.0 0.602478 -0.0221207 0.0 0.602547 -0.0224271 0.0 0.602619 -0.022733 0.0 0.60269 -0.0230389 0.0 0.602763 -0.0233444 0.0 0.602837 -0.0236499 0.0 0.602912 -0.0239549 0.0 0.602987 -0.0242599 0.0 0.603065 -0.0245645 0.0 0.603142 -0.024869 0.0 0.603221 -0.025173 0.0 0.6033 -0.0254771 0.0 0.603381 -0.0257806 0.0 0.603462 -0.0260842 0.0 0.603545 -0.0263872 0.0 0.603628 -0.0266902 0.0 0.603712 -0.0269927 0.0 0.603797 -0.0272952 0.0 0.603884 -0.0275972 0.0 0.603971 -0.0278991 0.0 0.604059 -0.0282005 0.0 0.604148 -0.0285019 0.0 0.604238 -0.0288028 0.0 0.604329 -0.0291036 0.0 0.604421 -0.0294039 0.0 0.604514 -0.0297042 0.0 0.604608 -0.0300038 0.0 0.604702 -0.0303035 0.0 0.604798 -0.0306026 0.0 0.604894 -0.0309017 0.0 0.604992 -0.0312002 0.0 0.60509 -0.0314987 0.0 0.60519 -0.0317965 0.0 0.60529 -0.0320944 0.0 0.605392 -0.0323916 0.0 0.605494 -0.0326888 0.0 0.605597 -0.0329854 0.0 0.605701 -0.033282 0.0 0.605806 -0.0335779 0.0 0.605912 -0.0338738 0.0 0.606019 -0.034169 0.0 0.606127 -0.0344643 0.0 0.606236 -0.0347589 0.0 0.606345 -0.0350534 0.0 0.606456 -0.0353473 0.0 0.606567 -0.0356412 0.0 0.60668 -0.0359344 0.0 0.606793 -0.0362275 0.0 0.606908 -0.03652 0.0 0.607022 -0.0368125 0.0 0.607139 -0.0371042 0.0 0.607255 -0.0373959 0.0 0.607374 -0.0376869 0.0 0.607492 -0.0379779 0.0 0.607613 -0.0382682 0.0 0.607733 -0.0385584 0.0 0.607855 -0.0388479 0.0 0.607977 -0.0391374 0.0 0.608101 -0.0394261 0.0 0.608225 -0.0397148 0.0 0.60835 -0.0400027 0.0 0.608476 -0.0402906 0.0 0.608603 -0.0405778 0.0 0.608731 -0.0408649 0.0 0.60886 -0.0411512 0.0 0.608989 -0.0414376 0.0 0.60912 -0.0417231 0.0 0.609252 -0.0420086 0.0 0.609384 -0.0422933 0.0 0.609517 -0.0425779 0.0 0.609652 -0.0428618 0.0 0.609787 -0.0431456 0.0 0.609923 -0.0434286 0.0 0.610059 -0.0437116 0.0 0.610198 -0.0439937 0.0 0.610336 -0.0442758 0.0 0.610476 -0.0445571 0.0 0.610616 -0.0448383 0.0 0.610758 -0.0451187 0.0 0.610899 -0.0453991 0.0 0.611043 -0.0456785 0.0 0.611186 -0.045958 0.0 0.611332 -0.0462365 0.0 0.611477 -0.0465151 0.0 0.611624 -0.0467928 0.0 0.611771 -0.0470704 0.0 0.61192 -0.0473471 0.0 0.612068 -0.0476238 0.0 0.612219 -0.0478996 0.0 0.612369 -0.0481754 0.0 0.612522 -0.0484502 0.0 0.612674 -0.048725 0.0 0.612828 -0.0489989 0.0 0.612982 -0.0492727 0.0 0.613137 -0.0495456 0.0 0.613293 -0.0498185 0.0 0.61345 -0.0500904 0.0 0.613608 -0.0503623 0.0 0.613767 -0.0506332 0.0 0.613926 -0.0509041 0.0 0.614087 -0.051174 0.0 0.614247 -0.051444 0.0 0.61441 -0.0517128 0.0 0.614572 -0.0519817 0.0 0.614736 -0.0522496 0.0 0.614901 -0.0525175 0.0 0.615066 -0.0527843 0.0 0.615232 -0.0530511 0.0 0.6154 -0.0533169 0.0 0.615567 -0.0535827 0.0 0.615736 -0.0538474 0.0 0.615906 -0.0541121 0.0 0.616076 -0.0543758 0.0 0.616247 -0.0546394 0.0 0.61642 -0.054902 0.0 0.616592 -0.0551646 0.0 0.616766 -0.0554261 0.0 0.61694 -0.0556876 0.0 0.617116 -0.0559479 0.0 0.617292 -0.0562083 0.0 0.617469 -0.0564676 0.0 0.617647 -0.0567269 0.0 0.617826 -0.0569851 0.0 0.618005 -0.0572432 0.0 0.618185 -0.0575002 0.0 0.618366 -0.0577573 0.0 0.618548 -0.0580132 0.0 0.618731 -0.058269 0.0 0.618914 -0.0585238 0.0 0.619098 -0.0587785 0.0 0.619284 -0.0590321 0.0 0.619469 -0.0592857 0.0 0.619656 -0.0595381 0.0 0.619843 -0.0597905 0.0 0.620032 -0.0600417 0.0 0.620221 -0.060293 0.0 0.620411 -0.060543 0.0 0.620601 -0.060793 0.0 0.620793 -0.0610419 0.0 0.620984 -0.0612907 0.0 0.621178 -0.0615383 0.0 0.621371 -0.061786 0.0 0.621566 -0.0620324 0.0 0.621761 -0.0622788 0.0 0.621957 -0.062524 0.0 0.622154 -0.0627691 0.0 0.622352 -0.0630131 0.0 0.62255 -0.063257 0.0 0.622749 -0.0634997 0.0 0.622949 -0.0637424 0.0 0.62315 -0.0639838 0.0 0.623351 -0.0642253 0.0 0.623553 -0.0644654 0.0 0.623756 -0.0647056 0.0 0.62396 -0.0649445 0.0 0.624164 -0.0651834 0.0 0.624369 -0.065421 0.0 0.624575 -0.0656586 0.0 0.624782 -0.0658949 0.0 0.624989 -0.0661312 0.0 0.625197 -0.0663662 0.0 0.625406 -0.0666012 0.0 0.625616 -0.0668349 0.0 0.625826 -0.0670686 0.0 0.626037 -0.0673009 0.0 0.626249 -0.0675333 0.0 0.626462 -0.0677643 0.0 0.626674 -0.0679953 0.0 0.626889 -0.068225 0.0 0.627103 -0.0684547 0.0 0.627319 -0.068683 0.0 0.627535 -0.0689114 0.0 0.627752 -0.0691384 0.0 0.627969 -0.0693653 0.0 0.628188 -0.0695909 0.0 0.628406 -0.0698165 0.0 0.628626 -0.0700408 0.0 0.628846 -0.070265 0.0 0.629068 -0.0704878 0.0 0.629289 -0.0707107 0.0 0.629512 -0.0709321 0.0 0.629735 -0.0711536 0.0 0.629959 -0.0713736 0.0 0.630183 -0.0715936 0.0 0.630409 -0.0718123 0.0 0.630635 -0.0720309 0.0 0.630862 -0.0722481 0.0 0.631089 -0.0724653 0.0 0.631317 -0.0726811 0.0 0.631545 -0.0728969 0.0 0.631775 -0.0731112 0.0 0.632005 -0.0733255 0.0 0.632236 -0.0735384 0.0 0.632467 -0.0737513 0.0 0.632699 -0.0739627 0.0 0.632931 -0.0741742 0.0 0.633165 -0.0743841 0.0 0.633399 -0.0745941 0.0 0.633634 -0.0748026 0.0 0.633869 -0.0750111 0.0 0.634105 -0.0752181 0.0 0.634341 -0.0754251 0.0 0.634579 -0.0756307 0.0 0.634817 -0.0758362 0.0 0.635056 -0.0760402 0.0 0.635294 -0.0762443 0.0 0.635535 -0.0764468 0.0 0.635775 -0.0766493 0.0 0.636016 -0.0768503 0.0 0.636258 -0.0770513 0.0 0.6365 -0.0772508 0.0 0.636743 -0.0774503 0.0 0.636987 -0.0776483 0.0 0.637231 -0.0778462 0.0 0.637476 -0.0780427 0.0 0.637721 -0.0782391 0.0 0.637968 -0.078434 0.0 0.638214 -0.0786288 0.0 0.638462 -0.0788222 0.0 0.638709 -0.0790155 0.0 0.638958 -0.0792073 0.0 0.639207 -0.079399 0.0 0.639457 -0.0795892 0.0 0.639707 -0.0797794 0.0 0.639958 -0.0799681 0.0 0.64021 -0.0801567 0.0 0.640462 -0.0803437 0.0 0.640714 -0.0805308 0.0 0.640968 -0.0807162 0.0 0.641221 -0.0809017 0.0 0.641476 -0.0810856 0.0 0.641731 -0.0812694 0.0 0.641987 -0.0814517 0.0 0.642243 -0.0816339 0.0 0.6425 -0.0818146 0.0 0.642757 -0.0819952 0.0 0.643015 -0.0821742 0.0 0.643273 -0.0823533 0.0 0.643532 -0.0825307 0.0 0.643792 -0.0827081 0.0 0.644052 -0.0828838 0.0 0.644312 -0.0830596 0.0 0.644574 -0.0832337 0.0 0.644835 -0.0834078 0.0 0.645098 -0.0835803 0.0 0.645361 -0.0837528 0.0 0.645624 -0.0839236 0.0 0.645888 -0.0840945 0.0 0.646153 -0.0842636 0.0 0.646417 -0.0844328 0.0 0.646683 -0.0846003 0.0 0.646949 -0.0847678 0.0 0.647216 -0.0849336 0.0 0.647483 -0.0850994 0.0 0.64775 -0.0852636 0.0 0.648018 -0.0854277 0.0 0.648287 -0.0855902 0.0 0.648556 -0.0857527 0.0 0.648826 -0.0859134 0.0 0.649096 -0.0860742 0.0 0.649367 -0.0862333 0.0 0.649638 -0.0863923 0.0 0.64991 -0.0865497 0.0 0.650181 -0.0867071 0.0 0.650454 -0.0868627 0.0 0.650727 -0.0870184 0.0 0.651001 -0.0871723 0.0 0.651275 -0.0873262 0.0 0.65155 -0.0874785 0.0 0.651825 -0.0876307 0.0 0.6521 -0.0877811 0.0 0.652376 -0.0879316 0.0 0.652653 -0.0880804 0.0 0.65293 -0.0882291 0.0 0.653207 -0.0883761 0.0 0.653485 -0.0885231 0.0 0.653763 -0.0886684 0.0 0.654042 -0.0888136 0.0 0.654321 -0.0889571 0.0 0.654601 -0.0891007 0.0 0.654881 -0.0892424 0.0 0.655162 -0.0893841 0.0 0.655443 -0.0895241 0.0 0.655724 -0.0896641 0.0 0.656006 -0.0898023 0.0 0.656288 -0.0899405 0.0 0.656571 -0.090077 0.0 0.656854 -0.0902134 0.0 0.657138 -0.0903481 0.0 0.657422 -0.0904827 0.0 0.657707 -0.0906156 0.0 0.657991 -0.0907484 0.0 0.658277 -0.0908795 0.0 0.658562 -0.0910106 0.0 0.658849 -0.0911399 0.0 0.659135 -0.0912692 0.0 0.659422 -0.0913966 0.0 0.659709 -0.0915241 0.0 0.659997 -0.0916498 0.0 0.660285 -0.0917755 0.0 0.660574 -0.0918993 0.0 0.660863 -0.0920232 0.0 0.661152 -0.0921452 0.0 0.661442 -0.0922673 0.0 0.661732 -0.0923875 0.0 0.662022 -0.0925077 0.0 0.662313 -0.0926261 0.0 0.662604 -0.0927445 0.0 0.662896 -0.0928611 0.0 0.663188 -0.0929776 0.0 0.66348 -0.0930924 0.0 0.663772 -0.0932071 0.0 0.664066 -0.09332 0.0 0.664359 -0.0934329 0.0 0.664653 -0.0935439 0.0 0.664947 -0.093655 0.0 0.665241 -0.0937642 0.0 0.665536 -0.0938734 0.0 0.665831 -0.0939807 0.0 0.666126 -0.0940881 0.0 0.666422 -0.0941936 0.0 0.666718 -0.0942991 0.0 0.667015 -0.0944027 0.0 0.667311 -0.0945063 0.0 0.667608 -0.0946081 0.0 0.667906 -0.0947098 0.0 0.668203 -0.0948097 0.0 0.668501 -0.0949096 0.0 0.6688 -0.0950076 0.0 0.669098 -0.0951057 0.0 0.669397 -0.0952018 0.0 0.669696 -0.0952979 0.0 0.669996 -0.0953922 0.0 0.670296 -0.0954865 0.0 0.670596 -0.0955788 0.0 0.670896 -0.0956712 0.0 0.671197 -0.0957617 0.0 0.671498 -0.0958522 0.0 0.671799 -0.0959408 0.0 0.672101 -0.0960294 0.0 0.672403 -0.0961161 0.0 0.672705 -0.0962028 0.0 0.673007 -0.0962876 0.0 0.67331 -0.0963724 0.0 0.673613 -0.0964553 0.0 0.673916 -0.0965382 0.0 0.674219 -0.0966192 0.0 0.674523 -0.0967001 0.0 0.674827 -0.0967792 0.0 0.675131 -0.0968583 0.0 0.675436 -0.0969355 0.0 0.67574 -0.0970127 0.0 0.676045 -0.0970879 0.0 0.67635 -0.0971632 0.0 0.676656 -0.0972365 0.0 0.676961 -0.0973099 0.0 0.677267 -0.0973813 0.0 0.677573 -0.0974527 0.0 0.677879 -0.0975222 0.0 0.678186 -0.0975917 0.0 0.678492 -0.0976592 0.0 0.678799 -0.0977268 0.0 0.679107 -0.0977925 0.0 0.679414 -0.0978581 0.0 0.679721 -0.0979218 0.0 0.680029 -0.0979855 0.0 0.680337 -0.0980473 0.0 0.680645 -0.0981091 0.0 0.680953 -0.0981689 0.0 0.681262 -0.0982287 0.0 0.681571 -0.0982866 0.0 0.681879 -0.0983445 0.0 0.682189 -0.0984005 0.0 0.682498 -0.0984564 0.0 0.682807 -0.0985104 0.0 0.683117 -0.0985645 0.0 0.683426 -0.0986165 0.0 0.683736 -0.0986686 0.0 0.684046 -0.0987187 0.0 0.684357 -0.0987688 0.0 0.684667 -0.098817 0.0 0.684977 -0.0988652 0.0 0.685288 -0.0989114 0.0 0.685599 -0.0989576 0.0 0.68591 -0.0990019 0.0 0.686221 -0.0990461 0.0 0.686532 -0.0990885 0.0 0.686844 -0.0991308 0.0 0.687155 -0.0991711 0.0 0.687467 -0.0992115 0.0 0.687778 -0.0992499 0.0 0.68809 -0.0992883 0.0 0.688402 -0.0993247 0.0 0.688714 -0.0993611 0.0 0.689027 -0.0993956 0.0 0.689339 -0.0994301 0.0 0.689651 -0.0994626 0.0 0.689964 -0.0994951 0.0 0.690276 -0.0995256 0.0 0.690589 -0.0995562 0.0 0.690902 -0.0995848 0.0 0.691215 -0.0996134 0.0 0.691528 -0.09964 0.0 0.691841 -0.0996666 0.0 0.692154 -0.0996912 0.0 0.692467 -0.0997159 0.0 0.692781 -0.0997386 0.0 0.693094 -0.0997613 0.0 0.693407 -0.099782 0.0 0.693721 -0.0998027 0.0 0.694035 -0.0998214 0.0 0.694348 -0.0998402 0.0 0.694662 -0.0998569 0.0 0.694976 -0.0998737 0.0 0.695289 -0.0998885 0.0 0.695603 -0.0999033 0.0 0.695917 -0.0999161 0.0 0.696231 -0.0999289 0.0 0.696545 -0.0999398 0.0 0.696859 -0.0999507 0.0 0.697173 -0.0999595 0.0 0.697487 -0.0999684 0.0 0.697801 -0.0999753 0.0 0.698115 -0.0999822 0.0 0.698429 -0.0999872 0.0 0.698743 -0.0999921 0.0 0.699058 -0.0999951 0.0 0.699372 -0.099998 0.0 0.699686 -0.099999 0.0 0.7 -0.1 0.0 0.700314 -0.099999 0.0 0.700628 -0.099998 0.0 0.700942 -0.0999951 0.0 0.701257 -0.0999921 0.0 0.701571 -0.0999872 0.0 0.701885 -0.0999822 0.0 0.702199 -0.0999753 0.0 0.702513 -0.0999684 0.0 0.702827 -0.0999595 0.0 0.703141 -0.0999507 0.0 0.703455 -0.0999398 0.0 0.703769 -0.0999289 0.0 0.704083 -0.0999161 0.0 0.704397 -0.0999033 0.0 0.704711 -0.0998885 0.0 0.705024 -0.0998737 0.0 0.705338 -0.0998569 0.0 0.705652 -0.0998402 0.0 0.705965 -0.0998214 0.0 0.706279 -0.0998027 0.0 0.706593 -0.099782 0.0 0.706906 -0.0997613 0.0 0.707219 -0.0997386 0.0 0.707533 -0.0997159 0.0 0.707846 -0.0996912 0.0 0.708159 -0.0996666 0.0 0.708472 -0.09964 0.0 0.708785 -0.0996134 0.0 0.709098 -0.0995848 0.0 0.709411 -0.0995562 0.0 0.709724 -0.0995256 0.0 0.710036 -0.0994951 0.0 0.710349 -0.0994626 0.0 0.710661 -0.0994301 0.0 0.710973 -0.0993956 0.0 0.711286 -0.0993611 0.0 0.711598 -0.0993247 0.0 0.71191 -0.0992883 0.0 0.712222 -0.0992499 0.0 0.712533 -0.0992115 0.0 0.712845 -0.0991711 0.0 0.713156 -0.0991308 0.0 0.713468 -0.0990885 0.0 0.713779 -0.0990461 0.0 0.71409 -0.0990019 0.0 0.714401 -0.0989576 0.0 0.714712 -0.0989114 0.0 0.715023 -0.0988652 0.0 0.715333 -0.098817 0.0 0.715643 -0.0987688 0.0 0.715954 -0.0987187 0.0 0.716264 -0.0986686 0.0 0.716574 -0.0986165 0.0 0.716883 -0.0985645 0.0 0.717193 -0.0985104 0.0 0.717502 -0.0984564 0.0 0.717811 -0.0984005 0.0 0.718121 -0.0983445 0.0 0.718429 -0.0982866 0.0 0.718738 -0.0982287 0.0 0.719047 -0.0981689 0.0 0.719355 -0.0981091 0.0 0.719663 -0.0980473 0.0 0.719971 -0.0979855 0.0 0.720279 -0.0979218 0.0 0.720586 -0.0978581 0.0 0.720893 -0.0977925 0.0 0.721201 -0.0977268 0.0 0.721508 -0.0976592 0.0 0.721814 -0.0975917 0.0 0.722121 -0.0975222 0.0 0.722427 -0.0974527 0.0 0.722733 -0.0973813 0.0 0.723039 -0.0973099 0.0 0.723344 -0.0972365 0.0 0.72365 -0.0971632 0.0 0.723955 -0.0970879 0.0 0.72426 -0.0970127 0.0 0.724564 -0.0969355 0.0 0.724869 -0.0968583 0.0 0.725173 -0.0967792 0.0 0.725477 -0.0967001 0.0 0.725781 -0.0966192 0.0 0.726084 -0.0965382 0.0 0.726387 -0.0964553 0.0 0.72669 -0.0963724 0.0 0.726993 -0.0962876 0.0 0.727295 -0.0962028 0.0 0.727597 -0.0961161 0.0 0.727899 -0.0960294 0.0 0.728201 -0.0959408 0.0 0.728502 -0.0958522 0.0 0.728803 -0.0957617 0.0 0.729104 -0.0956712 0.0 0.729404 -0.0955788 0.0 0.729704 -0.0954865 0.0 0.730004 -0.0953922 0.0 0.730304 -0.0952979 0.0 0.730603 -0.0952018 0.0 0.730902 -0.0951057 0.0 0.7312 -0.0950076 0.0 0.731499 -0.0949096 0.0 0.731797 -0.0948097 0.0 0.732094 -0.0947098 0.0 0.732392 -0.0946081 0.0 0.732689 -0.0945063 0.0 0.732985 -0.0944027 0.0 0.733282 -0.0942991 0.0 0.733578 -0.0941936 0.0 0.733874 -0.0940881 0.0 0.734169 -0.0939807 0.0 0.734464 -0.0938734 0.0 0.734759 -0.0937642 0.0 0.735053 -0.093655 0.0 0.735347 -0.0935439 0.0 0.735641 -0.0934329 0.0 0.735934 -0.09332 0.0 0.736228 -0.0932071 0.0 0.73652 -0.0930924 0.0 0.736812 -0.0929776 0.0 0.737104 -0.0928611 0.0 0.737396 -0.0927445 0.0 0.737687 -0.0926261 0.0 0.737978 -0.0925077 0.0 0.738268 -0.0923875 0.0 0.738558 -0.0922673 0.0 0.738848 -0.0921452 0.0 0.739137 -0.0920232 0.0 0.739426 -0.0918993 0.0 0.739715 -0.0917755 0.0 0.740003 -0.0916498 0.0 0.740291 -0.0915241 0.0 0.740578 -0.0913966 0.0 0.740865 -0.0912692 0.0 0.741151 -0.0911399 0.0 0.741438 -0.0910106 0.0 0.741723 -0.0908795 0.0 0.742009 -0.0907484 0.0 0.742293 -0.0906156 0.0 0.742578 -0.0904827 0.0 0.742862 -0.0903481 0.0 0.743146 -0.0902134 0.0 0.743429 -0.090077 0.0 0.743712 -0.0899405 0.0 0.743994 -0.0898023 0.0 0.744276 -0.0896641 0.0 0.744557 -0.0895241 0.0 0.744838 -0.0893841 0.0 0.745119 -0.0892424 0.0 0.745399 -0.0891007 0.0 0.745679 -0.0889571 0.0 0.745958 -0.0888136 0.0 0.746237 -0.0886684 0.0 0.746515 -0.0885231 0.0 0.746793 -0.0883761 0.0 0.74707 -0.0882291 0.0 0.747347 -0.0880804 0.0 0.747624 -0.0879316 0.0 0.7479 -0.0877811 0.0 0.748175 -0.0876307 0.0 0.74845 -0.0874785 0.0 0.748725 -0.0873262 0.0 0.748999 -0.0871723 0.0 0.749273 -0.0870184 0.0 0.749546 -0.0868627 0.0 0.749819 -0.0867071 0.0 0.75009 -0.0865497 0.0 0.750362 -0.0863923 0.0 0.750633 -0.0862333 0.0 0.750904 -0.0860742 0.0 0.751174 -0.0859134 0.0 0.751444 -0.0857527 0.0 0.751713 -0.0855902 0.0 0.751982 -0.0854277 0.0 0.75225 -0.0852636 0.0 0.752517 -0.0850994 0.0 0.752784 -0.0849336 0.0 0.753051 -0.0847678 0.0 0.753317 -0.0846003 0.0 0.753583 -0.0844328 0.0 0.753847 -0.0842636 0.0 0.754112 -0.0840945 0.0 0.754376 -0.0839236 0.0 0.754639 -0.0837528 0.0 0.754902 -0.0835803 0.0 0.755165 -0.0834078 0.0 0.755426 -0.0832337 0.0 0.755688 -0.0830596 0.0 0.755948 -0.0828838 0.0 0.756208 -0.0827081 0.0 0.756468 -0.0825307 0.0 0.756727 -0.0823533 0.0 0.756985 -0.0821742 0.0 0.757243 -0.0819952 0.0 0.7575 -0.0818146 0.0 0.757757 -0.0816339 0.0 0.758013 -0.0814517 0.0 0.758269 -0.0812694 0.0 0.758524 -0.0810856 0.0 0.758779 -0.0809017 0.0 0.759032 -0.0807162 0.0 0.759286 -0.0805308 0.0 0.759538 -0.0803437 0.0 0.75979 -0.0801567 0.0 0.760042 -0.0799681 0.0 0.760293 -0.0797794 0.0 0.760543 -0.0795892 0.0 0.760793 -0.079399 0.0 0.761042 -0.0792073 0.0 0.761291 -0.0790155 0.0 0.761538 -0.0788222 0.0 0.761786 -0.0786288 0.0 0.762032 -0.078434 0.0 0.762279 -0.0782391 0.0 0.762524 -0.0780427 0.0 0.762769 -0.0778462 0.0 0.763013 -0.0776483 0.0 0.763257 -0.0774503 0.0 0.7635 -0.0772508 0.0 0.763742 -0.0770513 0.0 0.763984 -0.0768503 0.0 0.764225 -0.0766493 0.0 0.764465 -0.0764468 0.0 0.764706 -0.0762443 0.0 0.764944 -0.0760402 0.0 0.765183 -0.0758362 0.0 0.765421 -0.0756307 0.0 0.765659 -0.0754251 0.0 0.765895 -0.0752181 0.0 0.766131 -0.0750111 0.0 0.766366 -0.0748026 0.0 0.766601 -0.0745941 0.0 0.766835 -0.0743841 0.0 0.767069 -0.0741742 0.0 0.767301 -0.0739627 0.0 0.767533 -0.0737513 0.0 0.767764 -0.0735384 0.0 0.767995 -0.0733255 0.0 0.768225 -0.0731112 0.0 0.768455 -0.0728969 0.0 0.768683 -0.0726811 0.0 0.768911 -0.0724653 0.0 0.769138 -0.0722481 0.0 0.769365 -0.0720309 0.0 0.769591 -0.0718123 0.0 0.769817 -0.0715936 0.0 0.770041 -0.0713736 0.0 0.770265 -0.0711536 0.0 0.770488 -0.0709321 0.0 0.770711 -0.0707107 0.0 0.770932 -0.0704878 0.0 0.771154 -0.070265 0.0 0.771374 -0.0700408 0.0 0.771594 -0.0698165 0.0 0.771812 -0.0695909 0.0 0.772031 -0.0693653 0.0 0.772248 -0.0691384 0.0 0.772465 -0.0689114 0.0 0.772681 -0.068683 0.0 0.772897 -0.0684547 0.0 0.773111 -0.068225 0.0 0.773326 -0.0679953 0.0 0.773538 -0.0677643 0.0 0.773751 -0.0675333 0.0 0.773963 -0.0673009 0.0 0.774174 -0.0670686 0.0 0.774384 -0.0668349 0.0 0.774594 -0.0666012 0.0 0.774803 -0.0663662 0.0 0.775011 -0.0661312 0.0 0.775218 -0.0658949 0.0 0.775425 -0.0656586 0.0 0.775631 -0.065421 0.0 0.775836 -0.0651834 0.0 0.77604 -0.0649445 0.0 0.776244 -0.0647056 0.0 0.776447 -0.0644654 0.0 0.776649 -0.0642253 0.0 0.77685 -0.0639838 0.0 0.777051 -0.0637424 0.0 0.777251 -0.0634997 0.0 0.77745 -0.063257 0.0 0.777648 -0.0630131 0.0 0.777846 -0.0627691 0.0 0.778043 -0.062524 0.0 0.778239 -0.0622788 0.0 0.778434 -0.0620324 0.0 0.778629 -0.061786 0.0 0.778822 -0.0615383 0.0 0.779016 -0.0612907 0.0 0.779207 -0.0610419 0.0 0.779399 -0.060793 0.0 0.779589 -0.060543 0.0 0.779779 -0.060293 0.0 0.779968 -0.0600417 0.0 0.780157 -0.0597905 0.0 0.780344 -0.0595381 0.0 0.780531 -0.0592857 0.0 0.780716 -0.0590321 0.0 0.780902 -0.0587785 0.0 0.781086 -0.0585238 0.0 0.781269 -0.058269 0.0 0.781452 -0.0580132 0.0 0.781634 -0.0577573 0.0 0.781815 -0.0575002 0.0 0.781995 -0.0572432 0.0 0.782174 -0.0569851 0.0 0.782353 -0.0567269 0.0 0.782531 -0.0564676 0.0 0.782708 -0.0562083 0.0 0.782884 -0.0559479 0.0 0.78306 -0.0556876 0.0 0.783234 -0.0554261 0.0 0.783408 -0.0551646 0.0 0.78358 -0.054902 0.0 0.783753 -0.0546394 0.0 0.783924 -0.0543758 0.0 0.784094 -0.0541121 0.0 0.784264 -0.0538474 0.0 0.784433 -0.0535827 0.0 0.7846 -0.0533169 0.0 0.784768 -0.0530511 0.0 0.784934 -0.0527843 0.0 0.785099 -0.0525175 0.0 0.785264 -0.0522496 0.0 0.785428 -0.0519817 0.0 0.78559 -0.0517128 0.0 0.785753 -0.051444 0.0 0.785913 -0.051174 0.0 0.786074 -0.0509041 0.0 0.786233 -0.0506332 0.0 0.786392 -0.0503623 0.0 0.78655 -0.0500904 0.0 0.786707 -0.0498185 0.0 0.786863 -0.0495456 0.0 0.787018 -0.0492727 0.0 0.787172 -0.0489989 0.0 0.787326 -0.048725 0.0 0.787478 -0.0484502 0.0 0.787631 -0.0481754 0.0 0.787781 -0.0478996 0.0 0.787932 -0.0476238 0.0 0.78808 -0.0473471 0.0 0.788229 -0.0470704 0.0 0.788376 -0.0467928 0.0 0.788523 -0.0465151 0.0 0.788668 -0.0462365 0.0 0.788814 -0.045958 0.0 0.788957 -0.0456785 0.0 0.789101 -0.0453991 0.0 0.789242 -0.0451187 0.0 0.789384 -0.0448383 0.0 0.789524 -0.0445571 0.0 0.789664 -0.0442758 0.0 0.789802 -0.0439937 0.0 0.789941 -0.0437116 0.0 0.790077 -0.0434286 0.0 0.790213 -0.0431456 0.0 0.790348 -0.0428618 0.0 0.790483 -0.0425779 0.0 0.790616 -0.0422933 0.0 0.790748 -0.0420086 0.0 0.79088 -0.0417231 0.0 0.791011 -0.0414376 0.0 0.79114 -0.0411512 0.0 0.791269 -0.0408649 0.0 0.791397 -0.0405778 0.0 0.791524 -0.0402906 0.0 0.79165 -0.0400027 0.0 0.791775 -0.0397148 0.0 0.791899 -0.0394261 0.0 0.792023 -0.0391374 0.0 0.792145 -0.0388479 0.0 0.792267 -0.0385584 0.0 0.792387 -0.0382682 0.0 0.792508 -0.0379779 0.0 0.792626 -0.0376869 0.0 0.792745 -0.0373959 0.0 0.792861 -0.0371042 0.0 0.792978 -0.0368125 0.0 0.793092 -0.03652 0.0 0.793207 -0.0362275 0.0 0.79332 -0.0359344 0.0 0.793433 -0.0356412 0.0 0.793544 -0.0353473 0.0 0.793655 -0.0350534 0.0 0.793764 -0.0347589 0.0 0.793873 -0.0344643 0.0 0.793981 -0.034169 0.0 0.794088 -0.0338738 0.0 0.794194 -0.0335779 0.0 0.794299 -0.033282 0.0 0.794403 -0.0329854 0.0 0.794506 -0.0326888 0.0 0.794608 -0.0323916 0.0 0.79471 -0.0320944 0.0 0.79481 -0.0317965 0.0 0.79491 -0.0314987 0.0 0.795008 -0.0312002 0.0 0.795106 -0.0309017 0.0 0.795202 -0.0306026 0.0 0.795298 -0.0303035 0.0 0.795392 -0.0300038 0.0 0.795486 -0.0297042 0.0 0.795579 -0.0294039 0.0 0.795671 -0.0291036 0.0 0.795762 -0.0288028 0.0 0.795852 -0.0285019 0.0 0.795941 -0.0282005 0.0 0.796029 -0.0278991 0.0 0.796116 -0.0275972 0.0 0.796203 -0.0272952 0.0 0.796288 -0.0269927 0.0 0.796372 -0.0266902 0.0 0.796455 -0.0263872 0.0 0.796538 -0.0260842 0.0 0.796619 -0.0257806 0.0 0.7967 -0.0254771 0.0 0.796779 -0.025173 0.0 0.796858 -0.024869 0.0 0.796935 -0.0245645 0.0 0.797013 -0.0242599 0.0 0.797088 -0.0239549 0.0 0.797163 -0.0236499 0.0 0.797237 -0.0233444 0.0 0.79731 -0.0230389 0.0 0.797381 -0.022733 0.0 0.797453 -0.0224271 0.0 0.797522 -0.0221207 0.0 0.797592 -0.0218143 0.0 0.797659 -0.0215075 0.0 0.797727 -0.0212007 0.0 0.797792 -0.0208935 0.0 0.797858 -0.0205863 0.0 0.797922 -0.0202786 0.0 0.797986 -0.019971 0.0 0.798047 -0.019663 0.0 0.798109 -0.0193549 0.0 0.798169 -0.0190465 0.0 0.798229 -0.0187381 0.0 0.798287 -0.0184294 0.0 0.798345 -0.0181206 0.0 0.7984 -0.0178114 0.0 0.798456 -0.0175023 0.0 0.79851 -0.0171928 0.0 0.798564 -0.0168833 0.0 0.798617 -0.0165735 0.0 0.798669 -0.0162637 0.0 0.798719 -0.0159536 0.0 0.798769 -0.0156434 0.0 0.798817 -0.015333 0.0 0.798865 -0.0150226 0.0 0.798911 -0.0147118 0.0 0.798958 -0.0144011 0.0 0.799002 -0.0140901 0.0 0.799046 -0.013779 0.0 0.799088 -0.0134677 0.0 0.799131 -0.0131564 0.0 0.799171 -0.0128449 0.0 0.799211 -0.0125333 0.0 0.79925 -0.0122215 0.0 0.799288 -0.0119097 0.0 0.799325 -0.0115977 0.0 0.799361 -0.0112856 0.0 0.799396 -0.0109734 0.0 0.79943 -0.0106611 0.0 0.799463 -0.0103486 0.0 0.799495 -0.0100362 0.0 0.799526 -0.0097235 0.0 0.799556 -0.00941083 0.0 0.799585 -0.00909798 0.0 0.799613 -0.00878512 0.0 0.79964 -0.00847209 0.0 0.799667 -0.00815906 0.0 0.799691 -0.00784587 0.0 0.799716 -0.00753268 0.0 0.799739 -0.00721934 0.0 0.799761 -0.006906 0.0 0.799782 -0.00659253 0.0 0.799803 -0.00627905 0.0 0.799821 -0.00596545 0.0 0.79984 -0.00565185 0.0 0.799857 -0.00533814 0.0 0.799874 -0.00502443 0.0 0.799888 -0.00471062 0.0 0.799903 -0.00439681 0.0 0.799916 -0.00408292 0.0 0.799929 -0.00376902 0.0 0.79994 -0.00345505 0.0 0.799951 -0.00314108 0.0 0.79996 -0.00282704 0.0 0.799968 -0.00251301 0.0 0.799975 -0.00219893 0.0 0.799982 -0.00188484 0.0 0.799987 -0.00157072 0.0 0.799992 -0.0012566 0.0 0.799995 -0.000942459 0.0 0.799998 -0.000628314 0.0 0.799999 -0.000314157 0.0 
        </DataArray>
      </Points>
      <Polys>
        <DataArray type="Int64" Name="connectivity" format="ascii">
0 1 1 2 2 3 3 4 4 5 5 6 6 7 7 8 8 9 9 10 10 11 11 12 12 13 13 14 14 15 15 16 16 17 17 18 18 19 19 20 20 21 21 22 22 23 23 24 24 25 25 26 26 27 27 28 28 29 29 30 30 31 31 32 32 33 33 34 34 35 35 36 36 37 37 38 38 39 39 40 40 41 41 42 42 43 43 44 44 45 45 46 46 47 47 48 48 49 49 50 50 51 51 52 52 53 53 54 54 55 55 56 56 57 57 58 58 59 59 60 60 61 61 62 62 63 63 64 64 65 65 66 66 67 67 68 68 69 69 70 70 71 71 72 72 73 73 74 74 75 75 76 76 77 77 78 78 79 79 80 80 81 81 82 82 83 83 84 84 85 85 86 86 87 87 88 88 89 89 90 90 91 91 92 92 93 93 94 94 95 95 96 96 97 97 98 98 99 99 100 100 101 101 102 102 103 103 104 104 105 105 106 106 107 107 108 108 109 109 110 110 111 111 112 112 113 113 114 114 115 115 116 116 117 117 118 118 119 119 120 120 121 121 122 122 123 123 124 124 125 125 126 126 127 127 128 128 129 129 130 130 131 131 132 132 133 133 134 134 135 135 136 136 137 137 138 138 139 139 140 140 141 141 142 142 143 143 144 144 145 145 146 146 147 147 148 148 149 149 150 150 151 151 152 152 153 153 154 154 155 155 156 156 157 157 158 158 159 159 160 160 161 161 162 162 163 163 164 164 165 165 166 166 167 167 168 168 169 169 170 170 171 171 172 172 173 173 174 174 175 175 176 176 177 177 178 178 179 179 180 180 181 181 182 182 183 183 184 184 185 185 186 186 187 187 188 188 189 189 190 190 191 191 192 192 193 193 194 194 195 195 196 196 197 197 198 198 199 199 200 200 201 201 202 202 203 203 204 204 205 205 206 206 207 207 208 208 209 209 210 210 211 211 212 212 213 213 214 214 215 215 216 216 217 217 218 218 219 219 220 220 221 221 222 222 223 223 224 224 225 225 226 226 227 227 228 228 229 229 230 230 231 231 232 232 233 233 234 234 235 235 236 236 237 237 238 238 239 239 240 240 241 241 242 242 243 243 244 244 245 245 246 246 247 247 248 248 249 249 250 250 251 251 252 252 253 253 254 254 255 255 256 256 257 257 258 258 259 259 260 260 261 261 262 262 263 263 264 264 265 265 266 266 267 267 268 268 269 269 270 270 271 271 272 272 273 273 274 274 275 275 276 276 277 277 278 278 279 279 280 280 281 281 282 282 283 283 284 284 285 285 286 286 287 287 288 288 289 289 290 290 291 291 292 292 293 293 294 294 295 295 296 296 297 297 298 298 299 299 300 300 301 301 302 302 303 303 304 304 305 305 306 306 307 307 308 308 309 309 310 310 311 311 312 312 313 313 314 314 315 315 316 316 317 317 318 318 319 319 320 320 321 321 322 322 323 323 324 324 325 325 326 326 327 327 328 328 329 329 330 330 331 331 332 332 333 333 334 334 335 335 336 336 337 337 338 338 339 339 340 340 341 341 342 342 343 343 344 344 345 345 346 346 347 347 348 348 349 349 350 350 351 351 352 352 353 353 354 354 355 355 356 356 357 357 358 358 359 359 360 360 361 361 362 362 363 363 364 364 365 365 366 366 367 367 368 368 369 369 370 370 371 371 372 372 373 373 374 374 375 375 376 376 377 377 378 378 379 379 380 380 381 381 382 382 383 383 384 384 385 385 386 386 387 387 388 388 389 389 390 390 391 391 392 392 393 393 394 394 395 395 396 396 397 397 398 398 399 399 400 400 401 401 402 402 403 403 404 404 405 405 406 406 407 407 408 408 409 409 410 410 411 411 412 412 413 413 414 414 415 415 416 416 417 417 418 418 419 419 420 420 421 421 422 422 423 423 424 424 425 425 426 426 427 427 428 428 429 429 430 430 431 431 432 432 433 433 434 434 435 435 436 436 437 437 438 438 439 439 440 440 441 441 442 442 443 443 444 444 445 445 446 446 447 447 448 448 449 449 450 450 451 451 452 452 453 453 454 454 455 455 456 456 457 457 458 458 459 459 460 460 461 461 462 462 463 463 464 464 465 465 466 466 467 467 468 468 469 469 470 470 471 471 472 472 473 473 474 474 475 475 476 476 477 477 478 478 479 479 480 480 481 481 482 482 483 483 484 484 485 485 486 486 487 487 488 488 489 489 490 490 491 491 492 492 493 493 494 494 495 495 496 496 497 497 498 498 499 499 500 500 501 501 502 502 503 503 504 504 505 505 506 506 507 507 508 508 509 509 510 510 511 511 512 512 513 513 514 514 515 515 516 516 517 517 518 518 519 519 520 520 521 521 522 522 523 523 524 524 525 525 526 526 527 527 528 528 529 529 530 530 531 531 532 532 533 533 534 534 535 535 536 536 537 537 538 538 539 539 540 540 541 541 542 542 543 543 544 544 545 545 546 546 547 547 548 548 549 549 550 550 551 551 552 552 553 553 554 554 555 555 556 556 557 557 558 558 559 559 560 560 561 561 562 562 563 563 564 564 565 565 566 566 567 567 568 568 569 569 570 570 571 571 572 572 573 573 574 574 575 575 576 576 577 577 578 578 579 579 580 580 581 581 582 582 583 583 584 584 585 585 586 586 587 587 588 588 589 589 590 590 591 591 592 592 593 593 594 594 595 595 596 596 597 597 598 598 599 599 600 600 601 601 602 602 603 603 604 604 605 605 606 606 607 607 608 608 609 609 610 610 611 611 612 612 613 613 614 614 615 615 616 616 617 617 618 618 619 619 620 620 621 621 622 622 623 623 624 624 625 625 626 626 627 627 628 628 629 629 630 630 631 631 632 632 633 633 634 634 635 635 636 636 637 637 638 638 639 639 640 640 641 641 642 642 643 643 644 644 645 645 646 646 647 647 648 648 649 649 650 650 651 651 652 652 653 653 654 654 655 655 656 656 657 657 658 658 659 659 660 660 661 661 662 662 663 663 664 664 665 665 666 666 667 667 668 668 669 669 670 670 671 671 672 672 673 673 674 674 675 675 676 676 677 677 678 678 679 679 680 680 681 681 682 682 683 683 684 684 685 685 686 686 687 687 688 688 689 689 690 690 691 691 692 692 693 693 694 694 695 695 696 696 697 697 698 698 699 699 700 700 701 701 702 702 703 703 704 704 705 705 706 706 707 707 708 708 709 709 710 710 711 711 712 712 713 713 714 714 715 715 716 716 717 717 718 718 719 719 720 720 721 721 722 722 723 723 724 724 725 725 726 726 727 727 728 728 729 729 730 730 731 731 732 732 733 733 734 734 735 735 736 736 737 737 738 738 739 739 740 740 741 741 742 742 743 743 744 744 745 745 746 746 747 747 748 748 749 749 750 750 751 751 752 752 753 753 754 754 755 755 756 756 757 757 758 758 759 759 760 760 761 761 762 762 763 763 764 764 765 765 766 766 767 767 768 768 769 769 770 770 771 771 772 772 773 773 774 774 775 775 776 776 777 777 778 778 779 779 780 780 781 781 782 782 783 783 784 784 785 785 786 786 787 787 788 788 789 789 790 790 791 791 792 792 793 793 794 794 795 795 796 796 797 797 798 798 799 799 800 800 801 801 802 802 803 803 804 804 805 805 806 806 807 807 808 808 809 809 810 810 811 811 812 812 813 813 814 814 815 815 816 816 817 817 818 818 819 819 820 820 821 821 822 822 823 823 824 824 825 825 826 826 827 827 828 828 829 829 830 830 831 831 832 832 833 833 834 834 835 835 836 836 837 837 838 838 839 839 840 840 841 841 842 842 843 843 844 844 845 845 846 846 847 847 848 848 849 849 850 850 851 851 852 852 853 853 854 854 855 855 856 856 857 857 858 858 859 859 860 860 861 861 862 862 863 863 864 864 865 865 866 866 867 867 868 868 869 869 870 870 871 871 872 872 873 873 874 874 875 875 876 876 877 877 878 878 879 879 880 880 881 881 882 882 883 883 884 884 885 885 886 886 887 887 888 888 889 889 890 890 891 891 892 892 893 893 894 894 895 895 896 896 897 897 898 898 899 899 900 900 901 901 902 902 903 903 904 904 905 905 906 906 907 907 908 908 909 909 910 910 911 911 912 912 913 913 914 914 915 915 916 916 917 917 918 918 919 919 920 920 921 921 922 922 923 923 924 924 925 925 926 926 927 927 928 928 929 929 930 930 931 931 932 932 933 933 934 934 935 935 936 936 937 937 938 938 939 939 940 940 941 941 942 942 943 943 944 944 945 945 946 946 947 947 948 948 949 949 950 950 951 951 952 952 953 953 954 954 955 955 956 956 957 957 958 958 959 959 960 960 961 961 962 962 963 963 964 964 965 965 966 966 967 967 968 968 969 969 970 970 971 971 972 972 973 973 974 974 975 975 976 976 977 977 978 978 979 979 980 980 981 981 982 982 983 983 984 984 985 985 986 986 987 987 988 988 989 989 990 990 991 991 992 992 993 993 994 994 995 995 996 996 997 997 998 998 999 999 1000 1000 1001 1001 1002 1002 1003 1003 1004 1004 1005 1005 1006 1006 1007 1007 1008 1008 1009 1009 1010 1010 1011 1011 1012 1012 1013 1013 1014 1014 1015 1015 1016 1016 1017 1017 1018 1018 1019 1019 1020 1020 1021 1021 1022 1022 1023 1023 1024 1024 1025 1025 1026 1026 1027 1027 1028 1028 1029 1029 1030 1030 1031 1031 1032 1032 1033 1033 1034 1034 1035 1035 1036 1036 1037 1037 1038 1038 1039 1039 1040 1040 1041 1041 1042 1042 1043 1043 1044 1044 1045 1045 1046 1046 1047 1047 1048 1048 1049 1049 1050 1050 1051 1051 1052 1052 1053 1053 1054 1054 1055 1055 1056 1056 1057 1057 1058 1058 1059 1059 1060 1060 1061 1061 1062 1062 1063 1063 1064 1064 1065 1065 1066 1066 1067 1067 1068 1068 1069 1069 1070 1070 1071 1071 1072 1072 1073 1073 1074 1074 1075 1075 1076 1076 1077 1077 1078 1078 1079 1079 1080 1080 1081 1081 1082 1082 1083 1083 1084 1084 1085 1085 1086 1086 1087 1087 1088 1088 1089 1089 1090 1090 1091 1091 1092 1092 1093 1093 1094 1094 1095 1095 1096 1096 1097 1097 1098 1098 1099 1099 1100 1100 1101 1101 1102 1102 1103 1103 1104 1104 1105 1105 1106 1106 1107 1107 1108 1108 1109 1109 1110 1110 1111 1111 1112 1112 1113 1113 1114 1114 1115 1115 1116 1116 1117 1117 1118 1118 1119 1119 1120 1120 1121 1121 1122 1122 1123 1123 1124 1124 1125 1125 1126 1126 1127 1127 1128 1128 1129 1129 1130 1130 1131 1131 1132 1132 1133 1133 1134 1134 1135 1135 1136 1136 1137 1137 1138 1138 1139 1139 1140 1140 1141 1141 1142 1142 1143 1143 1144 1144 1145 1145 1146 1146 1147 1147 1148 1148 1149 1149 1150 1150 1151 1151 1152 1152 1153 1153 1154 1154 1155 1155 1156 1156 1157 1157 1158 1158 1159 1159 1160 1160 1161 1161 1162 1162 1163 1163 1164 1164 1165 1165 1166 1166 1167 1167 1168 1168 1169 1169 1170 1170 1171 1171 1172 1172 1173 1173 1174 1174 1175 1175 1176 1176 1177 1177 1178 1178 1179 1179 1180 1180 1181 1181 1182 1182 1183 1183 1184 1184 1185 1185 1186 1186 1187 1187 1188 1188 1189 1189 1190 1190 1191 1191 1192 1192 1193 1193 1194 1194 1195 1195 1196 1196 1197 1197 1198 1198 1199 1199 1200 1200 1201 1201 1202 1202 1203 1203 1204 1204 1205 1205 1206 1206 1207 1207 1208 1208 1209 1209 1210 1210 1211 1211 1212 1212 1213 1213 1214 1214 1215 1215 1216 1216 1217 1217 1218 1218 1219 1219 1220 1220 1221 1221 1222 1222 1223 1223 1224 1224 1225 1225 1226 1226 1227 1227 1228 1228 1229 1229 1230 1230 1231 1231 1232 1232 1233 1233 1234 1234 1235 1235 1236 1236 1237 1237 1238 1238 1239 1239 1240 1240 1241 1241 1242 1242 1243 1243 1244 1244 1245 1245 1246 1246 1247 1247 1248 1248 1249 1249 1250 1250 1251 1251 1252 1252 1253 1253 1254 1254 1255 1255 1256 1256 1257 1257 1258 1258 1259 1259 1260 1260 1261 1261 1262 1262 1263 1263 1264 1264 1265 1265 1266 1266 1267 1267 1268 1268 1269 1269 1270 1270 1271 1271 1272 1272 1273 1273 1274 1274 1275 1275 1276 1276 1277 1277 1278 1278 1279 1279 1280 1280 1281 1281 1282 1282 1283 1283 1284 1284 1285 1285 1286 1286 1287 1287 1288 1288 1289 1289 1290 1290 1291 1291 1292 1292 1293 1293 1294 1294 1295 1295 1296 1296 1297 1297 1298 1298 1299 1299 1300 1300 1301 1301 1302 1302 1303 1303 1304 1304 1305 1305 1306 1306 1307 1307 1308 1308 1309 1309 1310 1310 1311 1311 1312 1312 1313 1313 1314 1314 1315 1315 1316 1316 1317 1317 1318 1318 1319 1319 1320 1320 1321 1321 1322 1322 1323 1323 1324 1324 1325 1325 1326 1326 1327 1327 1328 1328 1329 1329 1330 1330 1331 1331 1332 1332 1333 1333 1334 1334 1335 1335 1336 1336 1337 1337 1338 1338 1339 1339 1340 1340 1341 1341 1342 1342 1343 1343 1344 1344 1345 1345 1346 1346 1347 1347 1348 1348 1349 1349 1350 1350 1351 1351 1352 1352 1353 1353 1354 1354 1355 1355 1356 1356 1357 1357 1358 1358 1359 1359 1360 1360 1361 1361 1362 1362 1363 1363 1364 1364 1365 1365 1366 1366 1367 1367 1368 1368 1369 1369 1370 1370 1371 1371 1372 1372 1373 1373 1374 1374 1375 1375 1376 1376 1377 1377 1378 1378 1379 1379 1380 1380 1381 1381 1382 1382 1383 1383 1384 1384 1385 1385 1386 1386 1387 1387 1388 1388 1389 1389 1390 1390 1391 1391 1392 1392 1393 1393 1394 1394 1395 1395 1396 1396 1397 1397 1398 1398 1399 1399 1400 1400 1401 1401 1402 1402 1403 1403 1404 1404 1405 1405 1406 1406 1407 1407 1408 1408 1409 1409 1410 1410 1411 1411 1412 1412 1413 1413 1414 1414 1415 1415 1416 1416 1417 1417 1418 1418 1419 1419 1420 1420 1421 1421 1422 1422 1423 1423 1424 1424 1425 1425 1426 1426 1427 1427 1428 1428 1429 1429 1430 1430 1431 1431 1432 1432 1433 1433 1434 1434 1435 1435 1436 1436 1437 1437 1438 1438 1439 1439 1440 1440 1441 1441 1442 1442 1443 1443 1444 1444 1445 1445 1446 1446 1447 1447 1448 1448 1449 1449 1450 1450 1451 1451 1452 1452 1453 1453 1454 1454 1455 1455 1456 1456 1457 1457 1458 1458 1459 1459 1460 1460 1461 1461 1462 1462 1463 1463 1464 1464 1465 1465 1466 1466 1467 1467 1468 1468 1469 1469 1470 1470 1471 1471 1472 1472 1473 1473 1474 1474 1475 1475 1476 1476 1477 1477 1478 1478 1479 1479 1480 1480 1481 1481 1482 1482 1483 1483 1484 1484 1485 1485 1486 1486 1487 1487 1488 1488 1489 1489 1490 1490 1491 1491 1492 1492 1493 1493 1494 1494 1495 1495 1496 1496 1497 1497 1498 1498 1499 1499 1500 1500 1501 1501 1502 1502 1503 1503 1504 1504 1505 1505 1506 1506 1507 1507 1508 1508 1509 1509 1510 1510 1511 1511 1512 1512 1513 1513 1514 1514 1515 1515 1516 1516 1517 1517 1518 1518 1519 1519 1520 1520 1521 1521 1522 1522 1523 1523 1524 1524 1525 1525 1526 1526 1527 1527 1528 1528 1529 1529 1530 1530 1531 1531 1532 1532 1533 1533 1534 1534 1535 1535 1536 1536 1537 1537 1538 1538 1539 1539 1540 1540 1541 1541 1542 1542 1543 1543 1544 1544 1545 1545 1546 1546 1547 1547 1548 1548 1549 1549 1550 1550 1551 1551 1552 1552 1553 1553 1554 1554 1555 1555 1556 1556 1557 1557 1558 1558 1559 1559 1560 1560 1561 1561 1562 1562 1563 1563 1564 1564 1565 1565 1566 1566 1567 1567 1568 1568 1569 1569 1570 1570 1571 1571 1572 1572 1573 1573 1574 1574 1575 1575 1576 1576 1577 1577 1578 1578 1579 1579 1580 1580 1581 1581 1582 1582 1583 1583 1584 1584 1585 1585 1586 1586 1587 1587 1588 1588 1589 1589 1590 1590 1591 1591 1592 1592 1593 1593 1594 1594 1595 1595 1596 1596 1597 1597 1598 1598 1599 1599 1600 1600 1601 1601 1602 1602 1603 1603 1604 1604 1605 1605 1606 1606 1607 1607 1608 1608 1609 1609 1610 1610 1611 1611 1612 1612 1613 1613 1614 1614 1615 1615 1616 1616 1617 1617 1618 1618 1619 1619 1620 1620 1621 1621 1622 1622 1623 1623 1624 1624 1625 1625 1626 1626 1627 1627 1628 1628 1629 1629 1630 1630 1631 1631 1632 1632 1633 1633 1634 1634 1635 1635 1636 1636 1637 1637 1638 1638 1639 1639 1640 1640 1641 1641 1642 1642 1643 1643 1644 1644 1645 1645 1646 1646 1647 1647 1648 1648 1649 1649 1650 1650 1651 1651 1652 1652 1653 1653 1654 1654 1655 1655 1656 1656 1657 1657 1658 1658 1659 1659 1660 1660 1661 1661 1662 1662 1663 1663 1664 1664 1665 1665 1666 1666 1667 1667 1668 1668 1669 1669 1670 1670 1671 1671 1672 1672 1673 1673 1674 1674 1675 1675 1676 1676 1677 1677 1678 1678 1679 1679 1680 1680 1681 1681 1682 1682 1683 1683 1684 1684 1685 1685 1686 1686 1687 1687 1688 1688 1689 1689 1690 1690 1691 1691 1692 1692 1693 1693 1694 1694 1695 1695 1696 1696 1697 1697 1698 1698 1699 1699 1700 1700 1701 1701 1702 1702 1703 1703 1704 1704 1705 1705 1706 1706 1707 1707 1708 1708 1709 1709 1710 1710 1711 1711 1712 1712 1713 1713 1714 1714 1715 1715 1716 1716 1717 1717 1718 1718 1719 1719 1720 1720 1721 1721 1722 1722 1723 1723 1724 1724 1725 1725 1726 1726 1727 1727 1728 1728 1729 1729 1730 1730 1731 1731 1732 1732 1733 1733 1734 1734 1735 1735 1736 1736 1737 1737 1738 1738 1739 1739 1740 1740 1741 1741 1742 1742 1743 1743 1744 1744 1745 1745 1746 1746 1747 1747 1748 1748 1749 1749 1750 1750 1751 1751 1752 1752 1753 1753 1754 1754 1755 1755 1756 1756 1757 1757 1758 1758 1759 1759 1760 1760 1761 1761 1762 1762 1763 1763 1764 1764 1765 1765 1766 1766 1767 1767 1768 1768 1769 1769 1770 1770 1771 1771 1772 1772 1773 1773 1774 1774 1775 1775 1776 1776 1777 1777 1778 1778 1779 1779 1780 1780 1781 1781 1782 1782 1783 1783 1784 1784 1785 1785 1786 1786 1787 1787 1788 1788 1789 1789 1790 1790 1791 1791 1792 1792 1793 1793 1794 1794 1795 1795 1796 1796 1797 1797 1798 1798 1799 1799 1800 1800 1801 1801 1802 1802 1803 1803 1804 1804 1805 1805 1806 1806 1807 1807 1808 1808 1809 1809 1810 1810 1811 1811 1812 1812 1813 1813 1814 1814 1815 1815 1816 1816 1817 1817 1818 1818 1819 1819 1820 1820 1821 1821 1822 1822 1823 1823 1824 1824 1825 1825 1826 1826 1827 1827 1828 1828 1829 1829 1830 1830 1831 1831 1832 1832 1833 1833 1834 1834 1835 1835 1836 1836 1837 1837 1838 1838 1839 1839 1840 1840 1841 1841 1842 1842 1843 1843 1844 1844 1845 1845 1846 1846 1847 1847 1848 1848 1849 1849 1850 1850 1851 1851 1852 1852 1853 1853 1854 1854 1855 1855 1856 1856 1857 1857 1858 1858 1859 1859 1860 1860 1861 1861 1862 1862 1863 1863 1864 1864 1865 1865 1866 1866 1867 1867 1868 1868 1869 1869 1870 1870 1871 1871 1872 1872 1873 1873 1874 1874 1875 1875 1876 1876 1877 1877 1878 1878 1879 1879 1880 1880 1881 1881 1882 1882 1883 1883 1884 1884 1885 1885 1886 1886 1887 1887 1888 1888 1889 1889 1890 1890 1891 1891 1892 1892 1893 1893 1894 1894 1895 1895 1896 1896 1897 1897 1898 1898 1899 1899 1900 1900 1901 1901 1902 1902 1903 1903 1904 1904 1905 1905 1906 1906 1907 1907 1908 1908 1909 1909 1910 1910 1911 1911 1912 1912 1913 1913 1914 1914 1915 1915 1916 1916 1917 1917 1918 1918 1919 1919 1920 1920 1921 1921 1922 1922 1923 1923 1924 1924 1925 1925 1926 1926 1927 1927 1928 1928 1929 1929 1930 1930 1931 1931 1932 1932 1933 1933 1934 1934 1935 1935 1936 1936 1937 1937 1938 1938 1939 1939 1940 1940 1941 1941 1942 1942 1943 1943 1944 1944 1945 1945 1946 1946 1947 1947 1948 1948 1949 1949 1950 1950 1951 1951 1952 1952 1953 1953 1954 1954 1955 1955 1956 1956 1957 1957 1958 1958 1959 1959 1960 1960 1961 1961 1962 1962 1963 1963 1964 1964 1965 1965 1966 1966 1967 1967 1968 1968 1969 1969 1970 1970 1971 1971 1972 1972 1973 1973 1974 1974 1975 1975 1976 1976 1977 1977 1978 1978 1979 1979 1980 1980 1981 1981 1982 1982 1983 1983 1984 1984 1985 1985 1986 1986 1987 1987 1988 1988 1989 1989 1990 1990 1991 1991 1992 1992 1993 1993 1994 1994 1995 1995 1996 1996 1997 1997 1998 1998 1999 1999 0 
        </DataArray>
        <DataArray type="Int64" Name="offsets" format="ascii">
2 4 6 8 10 12 14 16 18 20 22 24 26 28 30 32 34 36 38 40 42 44 46 48 50 52 54 56 58 60 62 64 66 68 70 72 74 76 78 80 82 84 86 88 90 92 94 96 98 100 102 104 106 108 110 112 114 116 118 120 122 124 126 128 130 132 134 136 138 140 142 144 146 148 150 152 154 156 158 160 162 164 166 168 170 172 174 176 178 180 182 184 186 188 190 192 194 196 198 200 202 204 206 208 210 212 214 216 218 220 222 224 226 228 230 232 234 236 238 240 242 244 246 248 250 252 254 256 258 260 262 264 266 268 270 272 274 276 278 280 282 284 286 288 290 292 294 296 298 300 302 304 306 308 310 312 314 316 318 320 322 324 326 328 330 332 334 336 338 340 342 344 346 348 350 352 354 356 358 360 362 364 366 368 370 372 374 376 378 380 382 384 386 388 390 392 394 396 398 400 402 404 406 408 410 412 414 416 418 420 422 424 426 428 430 432 434 436 438 440 442 444 446 448 450 452 454 456 458 460 462 464 466 468 470 472 474 476 478 480 482 484 486 488 490 492 494 496 498 500 502 504 506 508 510 512 514 516 518 520 522 524 526 528 530 532 534 536 538 540 542 544 546 548 550 552 554 556 558 560 562 564 566 568 570 572 574 576 578 580 582 584 586 588 590 592 594 596 598 600 602 604 606 608 610 612 614 616 618 620 622 624 626 628 630 632 634 636 638 640 642 644 646 648 650 652 654 656 658 660 662 664 666 668 670 672 674 676 678 680 682 684 686 688 690 692 694 696 698 700 702 704 706 708 710 712 714 716 718 720 722 724 726 728 730 732 734 736 738 740 742 744 746 748 750 752 754 756 758 760 762 764 766 768 770 772 774 776 778 780 782 784 786 788 790 792 794 796 798 800 802 804 806 808 810 812 814 816 818 820 822 824 826 828 830 832 834 836 838 840 842 844 846 848 850 852 854 856 858 860 862 864 866 868 870 872 874 876 878 880 882 884 886 888 890 892 894 896 898 900 902 904 906 908 910 912 914 916 918 920 922 924 926 928 930 932 934 936 938 940 942 944 946 948 950 952 954 956 958 960 962 964 966 968 970 972 974 976 978 980 982 984 986 988 990 992 994 996 998 1000 1002 1004 1006 1008 1010 1012 1014 1016 1018 1020 1022 1024 1026 1028 1030 1032 1034 1036 1038 1040 1042 1044 1046 1048 1050 1052 1054 1056 1058 1060 1062 1064 1066 1068 1070 1072 1074 1076 1078 1080 1082 1084 1086 1088 1090 1092 1094 1096 1098 1100 1102 1104 1106 1108 1110 1112 1114 1116 1118 1120 1122 1124 1126 1128 1130 1132 1134 1136 1138 1140 1142 1144 1146 1148 1150 1152 1154 1156 1158 1160 1162 1164 1166 1168 1170 1172 1174 1176 1178 1180 1182 1184 1186 1188 1190 1192 1194 1196 1198 1200 1202 1204 1206 1208 1210 1212 1214 1216 1218 1220 1222 1224 1226 1228 1230 1232 1234 1236 1238 1240 1242 1244 1246 1248 1250 1252 1254 1256 1258 1260 1262 1264 1266 1268 1270 1272 1274 1276 1278 1280 1282 1284 1286 1288 1290 1292 1294 1296 1298 1300 1302 1304 1306 1308 1310 1312 1314 1316 1318 1320 1322 1324 1326 1328 1330 1332 1334 1336 1338 1340 1342 1344 1346 1348 1350 1352 1354 1356 1358 1360 1362 1364 1366 1368 1370 1372 1374 1376 1378 1380 1382 1384 1386 1388 1390 1392 1394 1396 1398 1400 1402 1404 1406 1408 1410 1412 1414 1416 1418 1420 1422 1424 1426 1428 1430 1432 1434 1436 1438 1440 1442 1444 1446 1448 1450 1452 1454 1456 1458 1460 1462 1464 1466 1468 1470 1472 1474 1476 1478 1480 1482 1484 1486 1488 1490 1492 1494 1496 1498 1500 1502 1504 1506 1508 1510 1512 1514 1516 1518 1520 1522 1524 1526 1528 1530 1532 1534 1536 1538 1540 1542 1544 1546 1548 1550 1552 1554 1556 1558 1560 1562 1564 1566 1568 1570 1572 1574 1576 1578 1580 1582 1584 1586 1588 1590 1592 1594 1596 1598 1600 1602 1604 1606 1608 1610 1612 1614 1616 1618 1620 1622 1624 1626 1628 1630 1632 1634 1636 1638 1640 1642 1644 1646 1648 1650 1652 1654 1656 1658 1660 1662 1664 1666 1668 1670 1672 1674 1676 1678 1680 1682 1684 1686 1688 1690 1692 1694 1696 1698 1700 1702 1704 1706 1708 1710 1712 1714 1716 1718 1720 1722 1724 1726 1728 1730 1732 1734 1736 1738 1740 1742 1744 1746 1748 1750 1752 1754 1756 1758 1760 1762 1764 1766 1768 1770 1772 1774 1776 1778 1780 1782 1784 1786 1788 1790 1792 1794 1796 1798 1800 1802 1804 1806 1808 1810 1812 1814 1816 1818 1820 1822 1824 1826 1828 1830 1832 1834 1836 1838 1840 1842 1844 1846 1848 1850 1852 1854 1856 1858 1860 1862 1864 1866 1868 1870 1872 1874 1876 1878 1880 1882 1884 1886 1888 1890 1892 1894 1896 1898 1900 1902 1904 1906 1908 1910 1912 1914 1916 1918 1920 1922 1924 1926 1928 1930 1932 1934 1936 1938 1940 1942 1944 1946 1948 1950 1952 1954 1956 1958 1960 1962 1964 1966 1968 1970 1972 1974 1976 1978 1980 1982 1984 1986 1988 1990 1992 1994 1996 1998 2000 2002 2004 2006 2008 2010 2012 2014 2016 2018 2020 2022 2024 2026 2028 2030 2032 2034 2036 2038 2040 2042 2044 2046 2048 2050 2052 2054 2056 2058 2060 2062 2064 2066 2068 2070 2072 2074 2076 2078 2080 2082 2084 2086 2088 2090 2092 2094 2096 2098 2100 2102 2104 2106 2108 2110 2112 2114 2116 2118 2120 2122 2124 2126 2128 2130 2132 2134 2136 2138 2140 2142 2144 2146 2148 2150 2152 2154 2156 2158 2160 2162 2164 2166 2168 2170 2172 2174 2176 2178 2180 2182 2184 2186 2188 2190 2192 2194 2196 2198 2200 2202 2204 2206 2208 2210 2212 2214 2216 2218 2220 2222 2224 2226 2228 2230 2232 2234 2236 2238 2240 2242 2244 2246 2248 2250 2252 2254 2256 2258 2260 2262 2264 2266 2268 2270 2272 2274 2276 2278 2280 2282 2284 2286 2288 2290 2292 2294 2296 2298 2300 2302 2304 2306 2308 2310 2312 2314 2316 2318 2320 2322 2324 2326 2328 2330 2332 2334 2336 2338 2340 2342 2344 2346 2348 2350 2352 2354 2356 2358 2360 2362 2364 2366 2368 2370 2372 2374 2376 2378 2380 2382 2384 2386 2388 2390 2392 2394 2396 2398 2400 2402 2404 2406 2408 2410 2412 2414 2416 2418 2420 2422 2424 2426 2428 2430 2432 2434 2436 2438 2440 2442 2444 2446 2448 2450 2452 2454 2456 2458 2460 2462 2464 2466 2468 2470 2472 2474 2476 2478 2480 2482 2484 2486 2488 2490 2492 2494 2496 2498 2500 2502 2504 2506 2508 2510 2512 2514 2516 2518 2520 2522 2524 2526 2528 2530 2532 2534 2536 2538 2540 2542 2544 2546 2548 2550 2552 2554 2556 2558 2560 2562 2564 2566 2568 2570 2572 2574 2576 2578 2580 2582 2584 2586 2588 2590 2592 2594 2596 2598 2600 2602 2604 2606 2608 2610 2612 2614 2616 2618 2620 2622 2624 2626 2628 2630 2632 2634 2636 2638 2640 2642 2644 2646 2648 2650 2652 2654 2656 2658 2660 2662 2664 2666 2668 2670 2672 2674 2676 2678 2680 2682 2684 2686 2688 2690 2692 2694 2696 2698 2700 2702 2704 2706 2708 2710 2712 2714 2716 2718 2720 2722 2724 2726 2728 2730 2732 2734 2736 2738 2740 2742 2744 2746 2748 2750 2752 2754 2756 2758 2760 2762 2764 2766 2768 2770 2772 2774 2776 2778 2780 2782 2784 2786 2788 2790 2792 2794 2796 2798 2800 2802 2804 2806 2808 2810 2812 2814 2816 2818 2820 2822 2824 2826 2828 2830 2832 2834 2836 2838 2840 2842 2844 2846 2848 2850 2852 2854 2856 2858 2860 2862 2864 2866 2868 2870 2872 2874 2876 2878 2880 2882 2884 2886 2888 2890 2892 2894 2896 2898 2900 2902 2904 2906 2908 2910 2912 2914 2916 2918 2920 2922 2924 2926 2928 2930 2932 2934 2936 2938 2940 2942 2944 2946 2948 2950 2952 2954 2956 2958 2960 2962 2964 2966 2968 2970 2972 2974 2976 2978 2980 2982 2984 2986 2988 2990 2992 2994 2996 2998 3000 3002 3004 3006 3008 3010 3012 3014 3016 3018 3020 3022 3024 3026 3028 3030 3032 3034 3036 3038 3040 3042 3044 3046 3048 3050 3052 3054 3056 3058 3060 3062 3064 3066 3068 3070 3072 3074 3076 3078 3080 3082 3084 3086 3088 3090 3092 3094 3096 3098 3100 3102 3104 3106 3108 3110 3112 3114 3116 3118 3120 3122 3124 3126 3128 3130 3132 3134 3136 3138 3140 3142 3144 3146 3148 3150 3152 3154 3156 3158 3160 3162 3164 3166 3168 3170 3172 3174 3176 3178 3180 3182 3184 3186 3188 3190 3192 3194 3196 3198 3200 3202 3204 3206 3208 3210 3212 3214 3216 3218 3220 3222 3224 3226 3228 3230 3232 3234 3236 3238 3240 3242 3244 3246 3248 3250 3252 3254 3256 3258 3260 3262 3264 3266 3268 3270 3272 3274 3276 3278 3280 3282 3284 3286 3288 3290 3292 3294 3296 3298 3300 3302 3304 3306 3308 3310 3312 3314 3316 3318 3320 3322 3324 3326 3328 3330 3332 3334 3336 3338 3340 3342 3344 3346 3348 3350 3352 3354 3356 3358 3360 3362 3364 3366 3368 3370 3372 3374 3376 3378 3380 3382 3384 3386 3388 3390 3392 3394 3396 3398 3400 3402 3404 3406 3408 3410 3412 3414 3416 3418 3420 3422 3424 3426 3428 3430 3432 3434 3436 3438 3440 3442 3444 3446 3448 3450 3452 3454 3456 3458 3460 3462 3464 3466 3468 3470 3472 3474 3476 3478 3480 3482 3484 3486 3488 3490 3492 3494 3496 3498 3500 3502 3504 3506 3508 3510 3512 3514 3516 3518 3520 3522 3524 3526 3528 3530 3532 3534 3536 3538 3540 3542 3544 3546 3548 3550 3552 3554 3556 3558 3560 3562 3564 3566 3568 3570 3572 3574 3576 3578 3580 3582 3584 3586 3588 3590 3592 3594 3596 3598 3600 3602 3604 3606 3608 3610 3612 3614 3616 3618 3620 3622 3624 3626 3628 3630 3632 3634 3636 3638 3640 3642 3644 3646 3648 3650 3652 3654 3656 3658 3660 3662 3664 3666 3668 3670 3672 3674 3676 3678 3680 3682 3684 3686 3688 3690 3692 3694 3696 3698 3700 3702 3704 3706 3708 3710 3712 3714 3716 3718 3720 3722 3724 3726 3728 3730 3732 3734 3736 3738 3740 3742 3744 3746 3748 3750 3752 3754 3756 3758 3760 3762 3764 3766 3768 3770 3772 3774 3776 3778 3780 3782 3784 3786 3788 3790 3792 3794 3796 3798 3800 3802 3804 3806 3808 3810 3812 3814 3816 3818 3820 3822 3824 3826 3828 3830 3832 3834 3836 3838 3840 3842 3844 3846 3848 3850 3852 3854 3856 3858 3860 3862 3864 3866 3868 3870 3872 3874 3876 3878 3880 3882 3884 3886 3888 3890 3892 3894 3896 3898 3900 3902 3904 3906 3908 3910 3912 3914 3916 3918 3920 3922 3924 3926 3928 3930 3932 3934 3936 3938 3940 3942 3944 3946 3948 3950 3952 3954 3956 3958 3960 3962 3964 3966 3968 3970 3972 3974 3976 3978 3980 3982 3984 3986 3988 3990 3992 3994 3996 3998 4000 
        </DataArray>
      </Polys>
      <CellData Scalars="Pressure">
        <DataArray type="Float64" Name="Pressure" format="ascii">
182663 182796 183586 184394 185215 186764 188445 190098 191537 192889 194262 195291 196203 197101 197740 198204 198677 198927 198990 199050 199032 198921 198809 198645 198375 198107 197795 197386 196970 196514 195814 195125 194432 193867 193263 192694 192273 191860 191438 191027 190696 190374 190427 190603 190788 191043 191339 191627 191842 191987 192132 192150 191984 191814 191632 191572 191382 191205 191033 190853 190487 190795 191118 191448 192308 193240 194200 194921 195573 196221 196550 196516 196593 196547 196181 195816 195335 194527 193695 192883 192335 191794 191245 191016 190945 190782 191075 191686 192327 193191 194294 195354 196320 196987 197602 198841 199334 199766 200250 200515 201688 202937 204823 207194 209744 211751 213903 216106 218478 219263 220135 221069 221007 220749 218247 220235 220017 219777 219372 218411 217482 216616 213731 212202 209477 202452 179520 151254 115530 76280 31432.5 9436.55 8241.15 8657.74 9020.27 9267.71 9422.27 9544.31 10256.3 10433.5 10574.9 10809.6 10605.4 10938 11253.6 12111.3 12292.4 12435.4 12697.8 12558.4 12921.5 13278.6 13951.7 14168.3 14572.4 14224.8 13135.4 13241.8 13507.7 13925.9 14250.2 14522.2 14750.6 15036.2 15278.8 16312 15941.4 16344.6 16679.6 16934.8 17157.5 18172.9 18311.9 17706.2 18174.4 18610.7 19029.5 19498.1 19982.7 20399.8 20762.8 21106.8 21359.1 22403.8 22139.7 22751.7 23278.2 23701.8 25013.8 25365.2 26970.9 26274.7 25863.7 26231.4 27589.7 28145.2 27674 28256.8 28747.1 29298.7 30053 30684.4 31213.6 31656.6 33108.5 33368.3 33823.2 33241.7 33672.3 35264.6 35616.3 34862.2 35348.7 35713.1 37395.5 36780.1 37444.5 37947.7 38306.3 39444.8 39507.4 41280.8 40081.6 39071.4 41098.8 41448.8 42105.8 41274.1 41750.3 43583 44107.8 43475 44013.2 45772.3 46293.5 45733.4 46448.5 46969.4 48905.3 48267.7 49161.3 49824.9 50280.2 50967 52015.9 52777.9 53278.1 55689.7 54983.6 55971.4 56664.8 58908.5 57968.3 58914.7 59626.1 60079.6 62609.4 61926.2 62841.7 63480.5 65968.4 65321.6 66508.3 67404.2 69875.4 71075.4 70802.6 72012.5 74648.3 75834.1 75777.2 77300.9 80337.6 81300.9 83266.4 83075.1 86309.1 87395.6 89013.7 91099.5 90316 92672.3 94728.3 96417.5 100394 99863 101465 102544 105309 106440 104825 105674 108663 109236 110315 107521 108892 110531 111826 112736 114304 116176 117678 118761 122440 121825 123765 125307 132363 130093 131755 129701 132004 133895 135438 139795 139127 141089 142725 149657 147408 149035 147040 149511 151571 153153 157272 159158 156864 158719 161369 163469 165092 169803 168941 171113 172970 180836 178276 180159 177979 180722 183116 185084 189503 191463 193378 191591 194109 196206 197953 202140 204671 202561 205321 208226 210813 215709 217922 220399 222798 221610 224640 227249 231711 233860 236808 239681 237677 241014 244286 247749 251334 254453 261787 265424 263683 267461 271880 275992 279727 285711 287714 289797 289501 292292 295120 307343 301348 304863 308470 315813 318870 315490 318804 322493 326015 329313 332993 336180 338983 346024 349135 345272 348849 352576 356188 359880 363699 366880 373434 377129 381303 385700 378338 383512 388996 396088 403469 410379 417998 425673 432914 446832 453406 460164 455946 463879 472297 481086 492786 503839 514620 522822 529780 535457 541026 543838 543469 516825 504297 489378 483334 487623 492153 496694 501213 505668 510326 515314 520349 525255 530056 534740 539465 544184 548702 552876 559436 562251 565179 568555 566997 570429 574916 579816 584762 589148 593238 597280 601788 606667 611599 616252 620663 625018 629765 635248 640772 646034 650716 655283 659826 663642 667528 671354 676349 681242 686189 690185 694158 698060 703199 708486 713844 718716 723530 728258 734404 741126 747944 754062 759841 765520 770482 774530 778623 783363 789258 795054 800180 803635 807101 810899 816187 821421 826285 828428 830553 832774 837900 842972 848162 850422 852599 854677 860142 865973 871903 878528 885519 892449 897124 900575 903974 909692 917319 924955 935884 941424 947096 952643 958395 964077 964778 969769 974919 979683 982385 984959 987530 991064 994668 998226 1.00063e+06 1.00279e+06 1.00491e+06 1.0093e+06 1.01456e+06 1.02495e+06 1.03032e+06 1.0358e+06 1.04163e+06 1.042e+06 1.04539e+06 1.04858e+06 1.05205e+06 1.05609e+06 1.06028e+06 1.06427e+06 1.06754e+06 1.0708e+06 1.0742e+06 1.07826e+06 1.08601e+06 1.08989e+06 1.08947e+06 1.09301e+06 1.0967e+06 1.09956e+06 1.10207e+06 1.1045e+06 1.10767e+06 1.11164e+06 1.11592e+06 1.12e+06 1.12646e+06 1.12975e+06 1.12981e+06 1.13218e+06 1.1346e+06 1.137e+06 1.13871e+06 1.14037e+06 1.14211e+06 1.14304e+06 1.14345e+06 1.14788e+06 1.14301e+06 1.14194e+06 1.1399e+06 1.13638e+06 1.12913e+06 1.11989e+06 1.10832e+06 1.1191e+06 1.13332e+06 1.16651e+06 1.15748e+06 1.16611e+06 1.17557e+06 1.20361e+06 1.26187e+06 1.32658e+06 1.38529e+06 1.36007e+06 1.30665e+06 1.2892e+06 1.29406e+06 1.29521e+06 1.29598e+06 1.29692e+06 1.29803e+06 1.29875e+06 1.29654e+06 1.29609e+06 1.29532e+06 1.29433e+06 1.29094e+06 1.28994e+06 1.28904e+06 1.28781e+06 1.28703e+06 1.28552e+06 1.28251e+06 1.28028e+06 1.2781e+06 1.27606e+06 1.27393e+06 1.27272e+06 1.27058e+06 1.26647e+06 1.26418e+06 1.26224e+06 1.26056e+06 1.25909e+06 1.25776e+06 1.25761e+06 1.25505e+06 1.25446e+06 1.25409e+06 1.25395e+06 1.25397e+06 1.25576e+06 1.25593e+06 1.2542e+06 1.25529e+06 1.25669e+06 1.25832e+06 1.25721e+06 1.25613e+06 1.25547e+06 1.24883e+06 1.24655e+06 1.24317e+06 1.23879e+06 1.27228e+06 1.28667e+06 1.29913e+06 1.3068e+06 1.29856e+06 1.28824e+06 1.27408e+06 1.26905e+06 1.26535e+06 1.26205e+06 1.25896e+06 1.25607e+06 1.25639e+06 1.25392e+06 1.25163e+06 1.24953e+06 1.24709e+06 1.24438e+06 1.24176e+06 1.23912e+06 1.23616e+06 1.2324e+06 1.22918e+06 1.22634e+06 1.22304e+06 1.21978e+06 1.21594e+06 1.21212e+06 1.20819e+06 1.20511e+06 1.20231e+06 1.19962e+06 1.19697e+06 1.1944e+06 1.19217e+06 1.18979e+06 1.1876e+06 1.18537e+06 1.18336e+06 1.18115e+06 1.17964e+06 1.17837e+06 1.17697e+06 1.17547e+06 1.17543e+06 1.17673e+06 1.18027e+06 1.18596e+06 1.18713e+06 1.17766e+06 1.17048e+06 1.16853e+06 1.15541e+06 1.15789e+06 1.17571e+06 1.17523e+06 1.17697e+06 1.17953e+06 1.18185e+06 1.18184e+06 1.18195e+06 1.17912e+06 1.17608e+06 1.17295e+06 1.16868e+06 1.16422e+06 1.15963e+06 1.15508e+06 1.15023e+06 1.14511e+06 1.13984e+06 1.13462e+06 1.12925e+06 1.12371e+06 1.11791e+06 1.11219e+06 1.10637e+06 1.10077e+06 1.09615e+06 1.09197e+06 1.08807e+06 1.08585e+06 1.08587e+06 1.07975e+06 1.08163e+06 1.08577e+06 1.05258e+06 1.02855e+06 1.01036e+06 1.00407e+06 985071 987723 989360 989911 988586 986216 983988 981662 979161 975873 971983 968022 963861 959592 955060 950664 946259 942393 937213 932727 928331 924818 920204 914484 909712 906146 901513 896615 890842 887164 883018 877586 872573 866733 861795 857125 852567 849529 843695 839348 835049 832318 828044 822660 818680 816432 812994 809616 805629 803851 803686 805133 802288 803854 788696 772034 738931 712986 689615 643766 641895 643539 644844 656772 655505 653808 654277 655228 653018 650475 647767 642576 639393 636216 635205 631800 628353 622849 619483 616378 613463 613258 610673 608015 605493 603573 600158 594547 584438 569898 558519 548266 543401 541137 538991 540686 535732 533882 531903 529843 527654 525414 524975 519319 515859 512522 509176 505987 502852 502783 497478 494852 492300 490263 488126 485959 485112 481345 475291 471143 466559 462154 457962 455018 452029 449092 447385 440410 435847 431435 427105 422990 422098 419051 416201 410927 409335 407962 406691 408226 410691 412699 413144 405949 398605 388268 382590 377093 371592 367269 363036 358984 358835 355954 352986 350187 345702 343538 341264 338804 336312 334016 332787 331591 330385 331339 329704 328049 323493 320702 317921 315719 313802 311886 309691 307268 304841 305201 303572 301946 300233 297780 292821 290191 288099 286032 283906 281565 279161 276817 274219 271587 268924 266659 264592 262549 262933 260880 258768 256726 254766 250446 248454 246451 244423 242416 240245 238113 235965 234363 232708 231056 229185 227330 225442 223832 222230 220638 218829 216987 215117 213395 211699 210018 208242 206462 204668 205258 203154 201104 199130 197449 195721 194042 192360 190715 189083 187744 186364 185006 183566 182155 180711 179467 178187 176933 175512 174115 172677 171357 170010 168691 167226 165768 164266 162789 161271 159785 158550 157482 156392 153746 152226 150685 149099 147550 145959 144387 142796 141221 139667 138291 136898 135538 134180 132841 131487 130307 129111 127938 126736 125546 124330 123038 121695 120359 119169 120283 119091 118163 117281 116445 114467 113557 112553 111500 110394 109256 108045 106816 105533 104252 103012 101784 100529 99389.8 100530 99397.8 98472.1 97600.8 96742.1 95249.7 94359.7 93374 92391.5 91453.1 90438.4 89436.5 88478.5 87528.8 88471.2 87711.6 86957.1 85258.9 84493.8 83631.9 82643 81715.3 80724.3 79682.7 78710.4 77802.2 78785 78018.2 77275.5 76570.9 75219.6 74545.8 73736 72822.6 71974.5 71073.4 70088.6 71757.7 71764.1 71936.3 77758.1 78510.3 78624.3 78462.1 78744.6 78795.8 78630.2 77143 77150.1 77031.9 73282.8 71372.3 69151.8 67011.7 65040.2 67654.5 62146.9 61331.2 60323.6 59155.1 58175.7 57190.4 56111.8 55185.5 56724.8 55962.9 54444.6 53964.1 53320.1 52532.2 51917.4 51328.6 52133.9 50436.8 49898.9 49237.6 48451.8 47883.6 47288.8 48310.2 46474.8 45972.1 45320.5 44608.4 44044.5 43467.2 44461.8 42790.9 42394.5 41878.5 41307.6 40853.2 40369.4 41194.1 42241.1 42894.6 43263.2 43564.9 44211.5 43396.2 44027.5 42891.8 41788 40481.1 39118.9 40609.5 39662.2 38792.5 37629.8 37005.5 36128.6 36739 36132 35496.9 35257.7 34179.2 33612.5 33868.8 33311.4 32296.3 31870.2 31252.1 30514.1 31275.9 30825.1 30525.4 29581.7 29111.9 28491.8 28829.8 27891 27578.9 27100.1 26469.4 27106.3 26741.7 26527.5 25757.6 25380.4 25543.6 25075.4 24356.1 24082.9 23697.9 23918 22887 22576.6 22149.6 21591.5 22186.4 21822.3 22524.4 21451.2 20654 20916.9 20510 20315.6 19705.6 19452.3 19636.1 19390.6 18795.7 18620 18354.8 18679.9 17992.2 17859.7 17629.6 17294.3 17125.5 16991.3 16770.7 16456.4 16196.5 16129.9 15971 15714.5 15416.4 15323.9 15198.2 14961.5 14621.8 15147.6 14834.6 15412.1 15296.6 15556.7 15460.9 15573 15178.5 14766.2 14572.4 14310.6 13996.5 13619.7 13455.4 13322.6 13118.1 12834.9 12563.1 12477.8 12321.9 12074.1 11742.5 11631.8 11532.4 11363 11129.5 10918.1 10789.6 10600.9 10358.1 10696.7 10115.1 10029.7 9871.16 10050.3 9923.02 9460.63 9332.89 9489.24 9348.49 9305.8 8905.85 8798.42 8677.98 8521.92 8335.39 8248.29 8159.99 8042.9 7900.92 8173.32 7621.44 7500.2 7364.55 7651.95 7641.11 7301.04 7239.4 7176.62 7084.31 6959.5 6842.71 6772.88 6688.01 6585.32 6819.5 6759.05 6398.3 6322.62 6489.06 6439.92 6409.49 6091.02 6029.27 5942.95 5834.97 5939.12 5893.81 5614.2 5569.31 5507.86 5417.11 5290.86 5441 5043.66 4966.97 4875.89 5064.15 5049.5 5034.36 4762.77 4714.26 4648.35 4567.28 4686.94 4674.31 4439.48 4421.76 4383.25 4330.8 4262.91 4408.57 4380.66 4080.95 4047.66 4022.72 3978.52 3916.21 4046.87 3805.08 3766.75 3722.47 3668.72 3608.81 3540.81 3907.7 3942.29 3460.92 3450.34 3433.29 3392.65 3329.92 7158.53 9789.49 5667.41 8118.25 10517 12803.6 21170.8 23557.9 26019.6 27930.7 29999.7 32491.7 34469.4 35948.2 37394.6 38819.2 37009.7 38631.7 47326.8 49240.5 52456 55553.6 58324.1 61304.8 65801.6 71546.3 65337.7 74773.8 72499.3 71398.2 70539.7 70315.1 70709.2 70832.4 70975.2 71330.9 68785.6 71112 70667.2 70504.8 70243.1 70092.5 70027.4 69872.3 69799 69808.7 69462.2 69326.1 69415 68985.9 68495.9 68074.4 67713.4 67401.1 67110.6 66810 66461.7 66187.7 66619.4 66103.1 64918 64291.8 63756.9 63277.6 62835 62414.2 62019.6 61670.1 61248.9 60808.3 60390 61682.9 61315 60976.5 60627 58599.3 57999.3 57455.9 56965 56484.5 55992.6 55451.7 54900.7 54357.6 53927 53488.2 53021.4 52457.5 51882.9 51333.9 52760.2 52345.8 51922.5 51565.1 51262.4 50959.6 48731.4 48242.7 47754.1 47308.8 46894.5 46480 46057.3 45646.6 45221.1 44796.3 44363 43930.3 43497 43157.5 42801.2 42440.5 42078.4 41714.7 41337.7 41008.7 40669 40326.6 39938.8 39546.6 39143.1 38736.2 38315.4 37896.5 37440.5 36976.6 36501.9 36041.2 35576 35115 34656.5 34215.2 33764 33327 32893.2 32463.7 32046.5 31675.9 31296.3 30931.6 30591.5 30254 29917.8 29629.4 29334.3 29043.6 28759.8 28478.2 28189.6 27910.7 27626.2 27345.4 27060.1 26778.5 26491.1 26127.5 25732.6 25334 25064.7 24869.3 24694.9 42012.6 70252.3 99243.1 139364 185943 232346 258350 261238 263632 265030 265234 267389 267566 267616 267562 265187 264685 264229 263823 262769 261721 260644 259403 258124 256868 255243 253541 251798 249739 247299 244691 243647 245576 245856 247532 246798 245908 243826 238691 233390 228372 225840 223173 220280 221533 223110 224713 226758 229784 232923 236372 240101 243784 247598 251467 255460 259448 263557 267641 271760 275283 278904 282361 284677 287370 290040 291649 292783 294011 294424 292502 291531 290631 288250 285963 283695 277887 272078 266771 262105 248065 243970 244821 234034 224476 215735 207155 198995 191528 165032 151699 136590 117223 100072 82210.2 64935.4 55410 56765.6 49312.8 43202.7 42918.6 42723.7 42759.1 42941.3 43120.3 43603.8 43799.3 43992.6 44239.7 44518.2 44609.4 44636.1 42052.3 38271.3 33565.3 26522.8 18051.4 13497 10296.7 9285.91 9754.56 9866.42 9708.35 9931.93 10157 10391.1 10901.6 11061.5 11202.4 11031.4 11363.5 11710.9 12062.4 12725.4 12982.5 13556.4 12951 13259.9 13626 14277.7 14330.7 14335.3 14290.3 14194.1 14273.4 14536 14662.8 14740.6 15068.9 15373.9 15645.5 16192.1 16405.8 17041.3 16391.1 16688.7 16992.1 17735.9 17619 17846.5 18071.4 18301.2 18842.2 19045.2 19683.6 19063.8 19287.6 19484.8 20141.7 19885.9 20231.6 20567.1 20881.4 21267.7 21767.8 22286.1 22805.8 23298.5 24262.1 24723.9 25070.8 24878.7 25340.5 26394.2 26337.5 26234.4 25984.3 25737.9 26055.5 26044.3 26578.2 27090.9 27565.5 28430.3 28815.5 29213.5 29665.5 29669.4 30525.5 30933.1 31409.5 31382 31839.4 32808.7 33350.3 33311.4 33839.5 34968.1 35604.7 35580.2 36266.9 36937.2 38546.6 38468.2 39465.6 40426.9 42784.3 42374.3 44294 46307.6 48349.4 48840.2 49378.5 47915 46552.4 44778.6 44866 45476.1 46087.9 46721.5 47369.4 48097.2 48803 49510.1 50911.1 51160.2 52050.1 52940.4 54448.2 55367.9 55408 56236.6 57824.5 58845 58905.6 60049.1 62250.6 63572.2 65900.6 65288.7 70631.7 73466.1 74407.1 73621.6 74678.6 72911.7 70919.4 68636.2 65642.3 64327.2 63254.1 62618.5 63071.7 63422.4 63317.5 63695.9 64520.9 64969.6 65550.1 65272.2 65951 66718.8 67542.6 68449.3 69686.8 71165.4 72699 75999.5 78618.5 78892.2 82447.3 90048.3 95260.1 98505.1 101645 105636 109185 112331 114974 114431 113298 111870 110605 109473 108522 107719 106982 106222 105556 104962 105042 104830 104138 103988 103903 103837 103793 106022 104064 105422 107070 109209 111830 115015 119853 123323 126466 127584 126645 126533 125005 124117 123463 123067 123264 123906 124887 125966 126737 128020 129317 131179 132510 133771 135010 135989 137189 138448 139762 141156 142547 144191 145439 146618 147853 149075 150307 151604 153148 154365 155556 156604 157779 159014 160269 161588 162911 164280 165805 166891 168088 169313 170511 171724 172912 174237 175264 176302 177215 178372 179498 180601 181637 182674 183703 184579 185404 186253 187021 187863 188689 189408 190078 190764 191441 192118 192772 193463 194034 194559 195126 195704 196277 196862 197462 198073 198674 199287 199880 200473 201008 201534 202045 202558 203060 203568 204053 204506 204953 205399 205759 206114 206451 206634 206847 207080 207264 207423 207487 207595 207685 207780 207819 207820 207823 207765 207642 207517 207359 207127 206899 206651 206351 206039 205784 205240 204710 204172 203561 202925 202180 201439 200704 199959 199196 198414 197647 196798 195940 195069 194238 193409 192593 191743 190894 190033 189254 188541 187837 187130 186449 185758 185125 184599 184080 183595 183279 182956 182665 182571 182477 182392 182527 
        </DataArray>
        <DataArray type="Float64" Name="Temperature" format="ascii">
970.435 970.307 971.164 972.049 972.947 974.897 977.03 979.128 980.865 982.471 984.103 985.285 986.315 987.335 988.018 988.483 988.968 989.169 989.128 989.098 988.983 988.764 988.554 988.286 987.88 987.478 986.994 986.32 985.628 984.863 983.69 982.522 981.337 980.232 979.291 978.405 977.81 977.224 976.623 976.043 975.597 975.164 975.328 975.683 976.05 976.547 977.117 977.671 978.15 978.548 978.946 979.214 979.301 979.368 979.51 980.476 980.876 981.497 982.484 983.386 983.491 986.003 988.529 990.986 995.427 1000.01 1004.6 1009.93 1015.55 1020.94 1027.03 1038.76 1045.57 1047.49 1055.27 1062.66 1070.15 1078 1085.75 1093.23 1101.75 1109.98 1118.19 1126.75 1145.38 1153.96 1155.32 1164.62 1173.86 1182.76 1191.75 1200.55 1209.13 1216.65 1224.3 1238.51 1245.35 1252.04 1258.85 1262.29 1270.24 1278.28 1286.4 1294.47 1302.93 1311.78 1318.75 1324.82 1329.59 1334.23 1339.11 1344.07 1359.99 1380.42 1398.81 1423.79 1438.08 1448.24 1451.97 1443.64 1436.59 1431.05 1436.03 1439.42 1439.31 1392.85 1322.48 1238.63 1102.38 823.38 464.076 294.441 271.004 274.862 278.233 280.44 281.707 282.742 288.266 289.598 290.733 292.518 291.182 293.615 295.973 301.769 303.017 304.053 305.789 305.109 307.39 309.639 313.543 314.764 317.021 314.693 307.372 307.978 309.615 312.31 314.323 316.025 317.471 319.127 320.545 326.386 324.419 326.663 328.536 329.975 331.166 336.396 337.177 334.117 336.418 338.603 340.744 343.093 345.458 347.496 349.273 350.861 352.042 356.729 355.668 358.365 360.694 362.579 367.959 369.41 375.751 373.104 371.601 373.102 378.396 380.459 378.73 380.922 382.791 384.878 387.615 389.909 391.834 393.406 398.262 399.188 400.693 398.793 400.186 405.346 406.425 404.004 405.495 406.594 411.77 409.742 411.627 412.983 413.855 417.01 416.857 421.793 417.626 413.962 419.52 419.976 421.222 417.993 418.616 423.271 423.941 421.228 421.918 426.187 426.726 424.269 425.428 426.058 430.598 428.211 430.01 431.244 431.954 433.414 435.738 437.408 438.479 443.871 442.311 444.514 446.059 450.925 449.224 451.642 453.639 455.151 460.676 460.383 463.017 465.13 470.449 470.23 473.144 475.498 480.528 483.24 483.26 485.826 490.848 493.227 493.411 496.264 501.666 503.487 506.882 506.732 512.15 514.039 516.713 520.055 518.884 522.65 525.923 528.596 534.614 533.892 536.311 537.937 541.95 543.569 541.273 542.502 546.793 547.581 549.061 545.098 547.038 549.382 551.224 552.506 554.662 557.229 559.279 560.747 565.557 564.821 567.352 569.352 578.214 575.391 577.443 574.911 577.781 580.127 582.03 587.254 586.508 588.846 590.784 598.77 596.195 598.034 595.772 598.603 600.951 602.744 607.267 609.312 606.842 608.842 611.711 613.975 615.71 620.63 619.753 622.012 623.928 631.882 629.299 631.167 629.009 631.753 634.133 636.075 640.345 642.215 644.032 642.323 644.723 646.709 648.348 652.204 654.504 652.569 655.069 657.7 660.025 664.333 666.28 668.436 670.478 669.396 671.975 674.169 677.846 679.649 682.174 684.558 682.691 685.418 688.045 690.781 693.583 695.981 701.929 704.712 702.996 705.844 709.078 712.016 714.604 718.847 720.381 721.895 721.361 723.175 724.996 736.266 728.689 730.549 732.383 737.562 739.712 736.68 738.945 741.349 743.539 745.49 747.725 749.579 751.118 756.466 758.504 754.67 757.003 759.288 761.342 763.326 765.319 766.826 771.042 773.69 776.451 779.131 771.629 774.9 778.065 781.869 785.541 788.667 791.876 794.793 797.098 807.612 812.043 816.839 798.959 803.739 809.078 814.854 822.03 829.198 836.592 843.247 849.635 855.609 861.014 865.419 869.032 869.791 863.367 855.874 852.748 854.892 857.15 859.4 861.621 863.808 866.082 868.479 870.895 873.244 875.52 877.74 879.976 882.167 884.263 886.196 889.127 890.415 891.752 893.273 892.705 894.25 896.247 898.417 900.605 902.541 904.343 906.121 908.077 910.167 912.278 914.269 916.157 918.019 920.035 922.335 924.653 926.874 928.923 930.922 932.914 934.62 936.357 938.067 940.251 942.392 944.556 946.34 948.117 949.863 952.058 954.3 956.573 958.632 960.662 962.657 965.141 967.813 970.525 972.931 975.182 977.394 979.313 980.861 982.428 984.189 986.314 988.403 990.239 991.45 992.664 993.978 995.756 997.516 999.146 999.827 1000.5 1001.21 1002.9 1004.58 1006.31 1007.05 1007.77 1008.46 1010.29 1012.25 1014.24 1016.45 1018.8 1021.13 1022.84 1024.22 1025.61 1027.76 1030.55 1033.36 1036.51 1038.58 1040.71 1042.78 1044.89 1047 1048.15 1049.85 1051.61 1053.24 1054.2 1055.14 1056.08 1057.24 1058.42 1059.6 1060.36 1061.06 1061.77 1063.1 1064.7 1066.87 1068.33 1069.84 1071.48 1071.98 1072.49 1072.96 1073.5 1074.23 1075.01 1075.75 1076.27 1076.82 1077.4 1078.27 1079.68 1080.52 1080.55 1081.37 1082.24 1082.97 1083.66 1084.33 1085.27 1086.47 1087.78 1089.14 1091 1092.33 1093.36 1094.7 1096.12 1097.57 1098.98 1100.43 1101.99 1103.23 1104.36 1105.21 1105.71 1105.78 1105.62 1105.01 1103.18 1100.82 1097.83 1100.82 1104.95 1112.65 1111.09 1113.65 1116.82 1124.07 1138.06 1154.13 1168.64 1159.24 1139.65 1133.06 1134.53 1134.91 1135.31 1135.95 1136.73 1137.39 1136.48 1136.8 1137.11 1137.22 1137.38 1137.51 1137.78 1138.07 1137.16 1137.51 1138.08 1137.72 1137.43 1137.21 1136.94 1135.94 1135.77 1135.66 1135.07 1134.66 1134.4 1134.19 1134.2 1133.21 1133.57 1133.34 1133.28 1133.38 1133.55 1133.16 1133.48 1133.77 1133.89 1134.2 1134.66 1134.49 1133.36 1133.35 1132.01 1130.86 1129.57 1128.17 1134.55 1137.63 1140.1 1139.96 1137.06 1134.16 1129.96 1130.01 1129.27 1128.59 1128.03 1127.9 1126.98 1126.91 1127.05 1126.47 1125.96 1125.56 1124.32 1124.3 1124.03 1124 1123.52 1122.11 1121.89 1122.72 1122.14 1121.68 1121.34 1120.87 1120.39 1120.05 1119.84 1119.57 1116.99 1118.15 1123.85 1122.96 1122.55 1115.17 1118.69 1116.77 1116 1116.39 1119.6 1127.58 1133.33 1136.67 1136.78 1129.31 1128.04 1125.07 1117.58 1113.42 1112.06 1107.84 1105.35 1102.69 1100.3 1097.48 1096.46 1094.99 1093.5 1092.05 1090.6 1089.34 1088 1086.64 1085.24 1084.03 1082.69 1081.28 1079.76 1078.45 1077.02 1075.47 1073.76 1072.19 1071.05 1069.9 1068.72 1068.04 1068.82 1067.91 1073.46 1084.28 1071.94 1062.46 1060.79 1057.76 1052.09 1052.62 1052.84 1052.74 1051.93 1050.41 1048.94 1047.54 1046.17 1044.61 1043.03 1041.63 1040.38 1039.29 1038.23 1037.31 1036.51 1035.17 1034.27 1032.87 1031.57 1030.2 1028.6 1026.86 1025.04 1023.28 1021.52 1019.48 1017.61 1015.72 1013.64 1011.97 1010 1008.07 1006.17 1004.4 1002.69 1001.27 999.321 997.653 996.015 994.74 993.113 991.173 989.624 988.583 987.213 985.873 984.342 983.527 983.336 983.773 982.719 983.226 977.991 972.422 961.638 952.285 943.303 925.962 925.278 925.99 926.638 931.256 930.755 930.49 930.695 930.838 930.042 929.008 927.981 926.32 925.205 924.158 923.895 922.771 921.677 920.005 919.06 918.301 917.706 918.135 917.569 917.111 916.511 916.617 916.197 914.676 910.14 904.699 899.85 895.553 893.567 892.716 891.97 892.117 890.574 889.513 888.5 887.462 886.406 885.394 884.609 882.357 880.492 878.768 877.041 875.433 873.898 873.432 871.182 869.75 868.406 867.337 866.262 865.218 864.513 862.465 859.611 857.389 854.951 852.636 850.451 848.884 847.302 845.759 844.586 841.017 838.519 836.086 833.677 831.402 830.806 829.051 827.415 824.619 823.695 822.914 822.208 823.22 824.798 826.092 826.207 822.118 817.966 812.215 808.871 805.647 802.435 799.878 797.382 795.005 794.973 793.263 791.511 789.868 787.19 785.919 784.571 783.077 781.57 780.193 779.514 778.853 778.188 778.74 777.685 776.626 773.746 771.857 769.984 768.46 767.1 765.75 764.196 762.466 760.736 760.909 759.67 758.441 757.155 755.312 751.725 749.745 748.102 746.481 744.821 742.971 741.071 739.219 737.143 735.032 732.9 731.051 729.336 727.642 727.754 725.993 724.185 722.445 720.792 717.309 715.611 713.886 712.143 710.421 708.568 706.75 704.918 703.48 701.998 700.522 698.866 697.226 695.559 694.093 692.625 691.169 689.512 687.824 686.112 684.517 682.935 681.37 679.697 678.004 676.298 676.698 674.688 672.732 670.826 669.158 667.443 665.775 664.092 662.445 660.803 659.415 657.985 656.576 655.058 653.572 652.05 650.702 649.316 647.958 646.392 644.851 643.267 641.778 640.254 638.763 637.089 635.419 633.699 631.987 630.22 628.49 627.014 625.716 624.39 621.396 619.543 617.669 615.722 613.796 611.817 609.849 607.832 605.835 603.851 602.059 600.243 598.462 596.66 594.88 593.079 591.477 589.851 588.254 586.597 584.955 583.275 581.481 579.614 577.755 576.08 577.335 575.663 574.344 573.083 571.884 569.163 567.814 566.329 564.769 563.121 561.424 559.617 557.767 555.836 553.904 552.002 550.115 548.183 546.402 547.952 546.184 544.713 543.324 541.95 539.576 538.087 536.446 534.799 533.215 531.507 529.816 528.187 526.572 527.982 526.657 525.339 522.481 521.094 519.536 517.752 516.06 514.252 512.355 510.572 508.897 510.558 509.131 507.742 506.421 503.896 502.568 500.982 499.199 497.497 495.687 493.707 496.952 497.027 497.449 494.68 493.849 492.502 490.939 489.687 488.346 486.902 492.503 491.5 490.541 483.655 480.736 476.934 472.996 469.136 475.44 463.219 461.603 459.505 456.988 454.897 452.703 450.195 447.953 452.242 450.29 446.522 445.508 444.051 442.196 440.771 439.341 441.517 437.167 435.825 434.154 432.156 430.748 429.245 431.973 427.148 425.812 424.059 422.136 420.63 419.074 421.819 417.217 416.095 414.62 413.002 411.758 410.416 412.921 410.211 410.078 409.777 409.66 410.296 412.102 413.048 408.121 405.447 401.875 397.866 403.829 400.844 397.996 394.782 393.126 390.55 392.879 390.984 388.794 388.132 384.777 383.007 383.954 382.177 378.79 377.356 375.242 372.712 375.415 373.889 372.875 369.615 367.941 365.71 366.897 363.504 362.336 360.518 358.108 360.544 359.178 358.372 355.412 353.929 354.522 352.678 349.802 348.67 347.065 347.932 343.665 342.343 340.499 338.073 340.609 339.06 342.084 337.425 333.867 334.992 333.138 332.26 329.422 328.211 329.013 327.869 325.004 324.13 322.809 324.371 321.012 320.345 319.171 317.45 316.572 315.865 314.699 313.034 311.662 311.276 310.384 308.957 307.311 306.793 306.046 304.661 302.684 305.707 304.041 307.334 306.112 306.722 306.672 307.634 305.302 303.114 302.033 300.493 298.618 296.348 295.381 294.546 293.256 291.468 289.774 289.229 288.212 286.593 284.427 283.684 282.986 281.821 280.229 278.761 277.858 276.54 274.853 277.343 273.155 272.558 271.423 272.833 271.998 268.463 267.572 268.943 267.996 267.828 264.683 263.987 263.141 261.975 260.527 260.022 259.503 258.719 257.694 260.407 255.527 254.641 253.642 256.619 256.674 253.605 253.178 252.686 251.874 250.717 249.608 248.932 248.116 247.134 249.539 248.95 245.271 244.51 246.251 245.722 245.385 242.035 241.34 240.376 239.176 240.279 239.773 236.605 236.094 235.387 234.315 232.806 234.541 229.728 228.767 227.667 230.105 229.913 229.72 226.304 225.676 224.828 223.79 225.39 225.245 222.116 221.913 221.457 220.797 219.914 221.932 221.61 217.465 217.09 216.813 216.264 215.457 217.434 213.921 213.386 212.78 211.968 211.079 210.087 219.046 220.984 210.176 211.126 211.953 212.353 212.315 259.975 293.182 252.507 282.681 310.745 336.753 426.161 441.764 455.077 465.067 479.264 490.071 498.38 503.747 508.511 513.508 499.573 505.543 549.894 557.351 560.777 565.157 571.144 576.83 586.435 601.842 583.59 612.992 605.001 601.085 597.853 596.425 596.732 596.783 596.991 597.766 588.863 597.06 595.65 595.064 594.293 593.89 593.792 593.594 593.695 594.088 589.759 588.569 591.751 589.849 587.934 586.331 584.896 583.598 582.462 581.387 580.199 579.275 576.058 573.865 574.881 572.293 569.861 567.743 565.869 564.093 562.478 561.12 559.701 558.335 557.112 557.87 556.179 554.726 553.368 550.414 548.253 546.352 544.69 543.127 541.594 540.001 538.429 536.93 535.788 534.66 533.492 532.288 531.12 530.035 532.089 530.942 529.81 528.795 527.857 526.976 523.586 521.935 520.331 518.869 517.484 516.142 514.799 513.492 512.169 510.875 509.57 508.285 507.022 506.081 505.103 504.122 503.184 502.245 501.275 500.449 499.595 498.734 497.665 496.569 495.443 494.194 492.869 491.552 490.011 488.396 486.747 485.072 483.328 481.604 479.863 478.163 476.427 474.733 473.033 471.353 469.759 468.415 467.04 465.786 464.814 463.848 462.951 462.495 462.024 461.58 461.392 461.198 460.989 460.694 460.394 460.097 459.091 458.04 456.974 455.245 453.306 451.351 449.559 447.984 446.515 548.623 713.993 882.087 1017.56 1116.58 1213.81 1286.65 1337.91 1390.99 1520.45 1790.88 1801.3 2007.36 2198.18 2367.22 2509.19 2488.95 2475.67 2467.8 2366.58 2272.2 2181.68 2060.93 1932.77 1804.55 1703.4 1609.67 1511.49 1439.49 1378.25 1315.8 1269.99 1215.54 1187.89 1192.18 1170.27 1146.45 1123.99 1113.09 1101.83 1091.29 1087.42 1083.41 1079.13 1081.46 1084.37 1087.39 1088.43 1093.7 1099.28 1108.97 1114.55 1120.08 1125.45 1130.29 1135.13 1139.76 1144.25 1148.54 1150.58 1154.93 1159.37 1163.58 1172.41 1176.85 1181.37 1184.15 1185.93 1187.65 1188.29 1181.37 1180.44 1184.37 1182.82 1181.5 1180.39 1174.68 1169.12 1164.29 1160.03 1136.32 1132.68 1132.28 1118.62 1107.86 1098.89 1086.74 1076.09 1067.31 1016.37 989.931 959.741 911.518 863.91 811.645 757.678 721.386 725.444 695.298 668.909 667.766 667.138 668.169 670.667 673.501 676.752 680.927 685.641 690.602 696.475 700.916 705.188 695.853 681.209 661.669 603.408 515.988 464.28 425.982 412.894 418.756 420.073 418.158 420.823 423.545 426.414 432.287 434.181 435.9 434.148 437.761 441.571 445.457 452.163 454.796 460.279 454.693 457.562 461 467.23 466.735 468.116 470.384 473.62 472.77 469.913 469.078 469.676 472.521 475.151 477.477 482.091 483.812 489.046 483.47 485.801 488.196 494.221 493.195 494.937 496.666 498.437 502.54 504.05 508.791 504.174 505.826 507.3 512.136 510.354 512.85 515.307 517.645 520.366 523.718 527.22 530.76 534.001 539.925 542.917 545.007 544.228 547.052 553.055 552.601 552.766 550.831 548.676 549.698 549.587 552.813 555.891 558.72 563.849 566.01 568.378 571.071 571.496 576.235 578.704 581.518 581.826 584.52 589.763 592.911 593.123 596.05 601.911 605.346 605.546 609.134 612.481 620.381 620.137 624.974 629.453 639.996 637.971 645.721 653.707 661.667 664.687 665.427 660.28 655.821 650.99 651.268 653.776 656.286 658.881 661.587 664.538 667.355 670.131 675.565 676.512 679.87 683.186 688.776 692.087 692.171 695.091 700.724 704.401 704.495 708.437 716.052 720.219 727.382 725.196 741.113 750.862 751.288 749.723 750.068 745.559 740.953 736.098 729.882 725.346 721.648 719.416 721.047 722.267 721.877 723.151 725.854 727.388 729.454 728.213 730.435 732.919 735.515 738.307 742.101 746.522 750.973 760.762 768.352 768.338 777.827 798.132 814.008 818.348 826.604 831.155 839.613 848.076 856.268 862.009 859.217 856.05 853.213 850.726 848.608 846.787 845.146 843.428 841.794 840.189 840.497 839.735 836.279 835.269 833.85 832.234 830.475 836.512 827.73 829.707 832.266 835.988 840.26 845.219 852.743 860.664 868.639 885.613 889.491 887.593 884.463 881.84 880.798 880.102 880.524 881.825 884.325 886.751 887.522 890.41 893.085 896.694 899.254 902.289 905.006 905.702 908.358 910.887 913.38 915.978 918.477 922.638 925.075 926.168 928.45 930.544 932.527 934.47 937.78 940.432 942.773 942.403 944.713 946.879 948.831 950.998 953.13 955.224 959.976 959.644 961.924 964.038 966.144 968.003 969.557 972.546 975 977.151 975.183 977.669 979.792 981.722 983.348 984.563 986.129 988.429 990.648 992.798 987.222 989.416 991.383 993.15 994.592 995.761 996.718 997.404 997.691 1004.18 1005.43 997.584 998.88 1000.6 1002.08 1003.39 1004.78 1005.95 1006.84 1008.09 1009.13 1009.79 1015.74 1016.87 1011.96 1013.68 1015.76 1017.56 1018.92 1019.82 1020.61 1021.23 1021.14 1020.94 1020.64 1023.87 1024.22 1024.56 1024.78 1024.89 1016.83 1017.12 1017.4 1017.6 1017.76 1017.86 1017.84 1017.69 1017.4 1016.99 1016.48 1015.85 1015.14 1014.29 1013.31 1012.24 1017.59 1017.15 1016.69 1016.19 1015.47 1014.67 1003.69 1002.84 1001.95 1001 1000.08 999.107 998.096 996.983 995.824 994.594 993.412 992.202 990.96 989.634 988.274 986.851 985.521 984.258 982.978 981.661 980.371 979.032 977.771 976.664 975.554 974.48 973.682 972.856 972.076 971.61 971.142 970.675 970.559 
        </DataArray>
        <DataArray type="Float64" Name="Tau1" format="ascii">
0 0 0 0 0 0 0 0 0 0 0 0 0 0 0 0 0 0 0 0 0 0 0 0 0 0 0 0 0 0 0 0 0 0 0 0 0 0 0 0 0 0 0 0 0 0 0 0 0 0 0 0 0 0 0 0 0 0 0 0 0 0 0 0 0 0 0 0 0 0 0 0 0 0 0 0 0 0 0 0 0 0 0 0 0 0 0 0 0 0 0 0 0 0 0 0 0 0 0 0 0 0 0 0 0 0 0 0 0 0 0 0 0 0 0 0 0 0 0 0 0 0 0 0 0 0 0 0 0 0 0 0 0 0 0 0 0 0 0 0 0 0 0 0 0 0 0 0 0 0 0 0 0 0 0 0 0 0 0 0 0 0 0 0 0 0 0 0 0 0 0 0 0 0 0 0 0 0 0 0 0 0 0 0 0 0 0 0 0 0 0 0 0 0 0 0 0 0 0 0 0 0 0 0 0 0 0 0 0 0 0 0 0 0 0 0 0 0 0 0 0 0 0 0 0 0 0 0 0 0 0 0 0 0 0 0 0 0 0 0 0 0 0 0 0 0 0 0 0 0 0 0 0 0 0 0 0 0 0 0 0 0 0 0 0 0 0 0 0 0 0 0 0 0 0 0 0 0 0 0 0 0 0 0 0 0 0 0 0 0 0 0 0 0 0 0 0 0 0 0 0 0 0 0 0 0 0 0 0 0 0 0 0 0 0 0 0 0 0 0 0 0 0 0 0 0 0 0 0 0 0 0 0 0 0 0 0 0 0 0 0 0 0 0 0 0 0 0 0 0 0 0 0 0 0 0 0 0 0 0 0 0 0 0 0 0 0 0 0 0 0 0 0 0 0 0 0 0 0 0 0 0 0 0 0 0 0 0 0 0 0 0 0 0 0 0 0 0 0 0 0 0 0 0 0 0 0 0 0 0 0 0 0 0 0 0 0 0 0 0 0 0 0 0 0 0 0 0 0 0 0 0 0 0 0 0 0 0 0 0 0 0 0 0 0 0 0 0 0 0 0 0 0 0 0 0 0 0 0 0 0 0 0 0 0 0 0 0 0 0 0 0 0 0 0 0 0 0 0 0 0 0 0 0 0 0 0 0 0 0 0 0 0 0 0 0 0 0 0 0 0 0 0 0 0 0 0 0 0 0 0 0 0 0 0 0 0 0 0 0 0 0 0 0 0 0 0 0 0 0 0 0 0 0 0 0 0 0 0 0 0 0 0 0 0 0 0 0 0 0 0 0 0 0 0 0 0 0 0 0 0 0 0 0 0 0 0 0 0 0 0 0 0 0 0 0 0 0 0 0 0 0 0 0 0 0 0 0 0 0 0 0 0 0 0 0 0 0 0 0 0 0 0 0 0 0 0 0 0 0 0 0 0 0 0 0 0 0 0 0 0 0 0 0 0 0 0 0 0 0 0 0 0 0 0 0 0 0 0 0 0 0 0 0 0 0 0 0 0 0 0 0 0 0 0 0 0 0 0 0 0 0 0 0 0 0 0 0 0 0 0 0 0 0 0 0 0 0 0 0 0 0 0 0 0 0 0 0 0 0 0 0 0 0 0 0 0 0 0 0 0 0 0 0 0 0 0 0 0 0 0 0 0 0 0 0 0 0 0 0 0 0 0 0 0 0 0 0 0 0 0 0 0 0 0 0 0 0 0 0 0 0 0 0 0 0 0 0 0 0 0 0 0 0 0 0 0 0 0 0 0 0 0 0 0 0 0 0 0 0 0 0 0 0 0 0 0 0 0 0 0 0 0 0 0 0 0 0 0 0 0 0 0 0 0 0 0 0 0 0 0 0 0 0 0 0 0 0 0 0 0 0 0 0 0 0 0 0 0 0 0 0 0 0 0 0 0 0 0 0 0 0 0 0 0 0 0 0 0 0 0 0 0 0 0 0 0 0 0 0 0 0 0 0 0 0 0 0 0 0 0 0 0 0 0 0 0 0 0 0 0 0 0 0 0 0 0 0 0 0 0 0 0 0 0 0 0 0 0 0 0 0 0 0 0 0 0 0 0 0 0 0 0 0 0 0 0 0 0 0 0 0 0 0 0 0 0 0 0 0 0 0 0 0 0 0 0 0 0 0 0 0 0 0 0 0 0 0 0 0 0 0 0 0 0 0 0 0 0 0 0 0 0 0 0 0 0 0 0 0 0 0 0 0 0 0 0 0 0 0 0 0 0 0 0 0 0 0 0 0 0 0 0 0 0 0 0 0 0 0 0 0 0 0 0 0 0 0 0 0 0 0 0 0 0 0 0 0 0 0 0 0 0 0 0 0 0 0 0 0 0 0 0 0 0 0 0 0 0 0 0 0 0 0 0 0 0 0 0 0 0 0 0 0 0 0 0 0 0 0 0 0 0 0 0 0 0 0 0 0 0 0 0 0 0 0 0 0 0 0 0 0 0 0 0 0 0 0 0 0 0 0 0 0 0 0 0 0 0 0 0 0 0 0 0 0 0 0 0 0 0 0 0 0 0 0 0 0 0 0 0 0 0 0 0 0 0 0 0 0 0 0 0 0 0 0 0 0 0 0 0 0 0 0 0 0 0 0 0 0 0 0 0 0 0 0 0 0 0 0 0 0 0 0 0 0 0 0 0 0 0 0 0 0 0 0 0 0 0 0 0 0 0 0 0 0 0 0 0 0 0 0 0 0 0 0 0 0 0 0 0 0 0 0 0 0 0 0 0 0 0 0 0 0 0 0 0 0 0 0 0 0 0 0 0 0 0 0 0 0 0 0 0 0 0 0 0 0 0 0 0 0 0 0 0 0 0 0 0 0 0 0 0 0 0 0 0 0 0 0 0 0 0 0 0 0 0 0 0 0 0 0 0 0 0 0 0 0 0 0 0 0 0 0 0 0 0 0 0 0 0 0 0 0 0 0 0 0 0 0 0 0 0 0 0 0 0 0 0 0 0 0 0 0 0 0 0 0 0 0 0 0 0 0 0 0 0 0 0 0 0 0 0 0 0 0 0 0 0 0 0 0 0 0 0 0 0 0 0 0 0 0 0 0 0 0 0 0 0 0 0 0 0 0 0 0 0 0 0 0 0 0 0 0 0 0 0 0 0 0 0 0 0 0 0 0 0 0 0 0 0 0 0 0 0 0 0 0 0 0 0 0 0 0 0 0 0 0 0 0 0 0 0 0 0 0 0 0 0 0 0 0 0 0 0 0 0 0 0 0 0 0 0 0 0 0 0 0 0 0 0 0 0 0 0 0 0 0 0 0 0 0 0 0 0 0 0 0 0 0 0 0 0 0 0 0 0 0 0 0 0 0 0 0 0 0 0 0 0 0 0 0 0 0 0 0 0 0 0 0 0 0 0 0 0 0 0 0 0 0 0 0 0 0 0 0 0 0 0 0 0 0 0 0 0 0 0 0 0 0 0 0 0 0 0 0 0 0 0 0 0 0 0 0 0 0 0 0 0 0 0 0 0 0 0 0 0 0 0 0 0 0 0 0 0 0 0 0 0 0 0 0 0 0 0 0 0 0 0 0 0 0 0 0 0 0 0 0 0 0 0 0 0 0 0 0 0 0 0 0 0 0 0 0 0 0 0 0 0 0 0 0 0 0 0 0 0 0 0 0 0 0 0 0 0 0 0 0 0 0 0 0 0 0 0 0 0 0 0 0 0 0 0 0 0 0 0 0 0 0 0 0 0 0 0 0 0 0 0 0 0 0 0 0 0 0 0 0 0 0 0 0 0 0 0 0 0 0 0 0 0 0 0 0 0 0 0 0 0 0 0 0 0 0 0 0 0 0 0 0 0 0 0 0 0 0 0 0 0 0 0 0 0 0 0 0 0 0 0 0 0 0 0 0 0 0 0 0 0 0 0 0 0 0 0 0 0 0 0 0 0 0 0 0 0 0 0 0 0 0 0 0 0 0 0 0 0 0 0 0 0 0 0 0 0 0 0 0 0 0 0 0 0 0 0 0 0 0 0 0 0 0 0 0 0 0 0 0 0 0 0 0 0 0 0 0 0 0 0 0 0 0 0 0 0 0 0 0 0 0 0 0 0 0 0 0 0 0 0 0 0 0 0 0 0 0 0 0 0 0 0 0 0 0 0 0 0 0 0 0 0 0 0 0 0 0 0 0 0 0 0 0 0 0 0 0 0 0 0 0 0 0 0 0 0 0 0 0 0 0 0 0 0 0 0 0 0 0 0 0 0 0 0 0 0 0 0 0 0 0 0 0 0 0 0 0 0 0 0 0 0 0 0 0 0 0 0 0 0 0 0 0 0 0 0 0 0 0 0 0 0 0 0 0 0 0 0 0 0 0 0 0 0 0 0 0 0 0 0 0 0 0 0 0 0 0 0 0 0 0 0 0 0 0 0 0 0 0 0 0 0 0 0 0 0 0 0 0 0 0 0 0 0 0 0 0 0 0 0 0 0 0 0 0 0 0 0 0 0 0 0 0 0 0 0 0 0 0 0 0 0 0 0 0 0 0 0 0 0 0 0 0 0 0 0 0 0 0 0 0 
        </DataArray>
        <DataArray type="Float64" Name="Tau2" format="ascii">
0 0 0 0 0 0 0 0 0 0 0 0 0 0 0 0 0 0 0 0 0 0 0 0 0 0 0 0 0 0 0 0 0 0 0 0 0 0 0 0 0 0 0 0 0 0 0 0 0 0 0 0 0 0 0 0 0 0 0 0 0 0 0 0 0 0 0 0 0 0 0 0 0 0 0 0 0 0 0 0 0 0 0 0 0 0 0 0 0 0 0 0 0 0 0 0 0 0 0 0 0 0 0 0 0 0 0 0 0 0 0 0 0 0 0 0 0 0 0 0 0 0 0 0 0 0 0 0 0 0 0 0 0 0 0 0 0 0 0 0 0 0 0 0 0 0 0 0 0 0 0 0 0 0 0 0 0 0 0 0 0 0 0 0 0 0 0 0 0 0 0 0 0 0 0 0 0 0 0 0 0 0 0 0 0 0 0 0 0 0 0 0 0 0 0 0 0 0 0 0 0 0 0 0 0 0 0 0 0 0 0 0 0 0 0 0 0 0 0 0 0 0 0 0 0 0 0 0 0 0 0 0 0 0 0 0 0 0 0 0 0 0 0 0 0 0 0 0 0 0 0 0 0 0 0 0 0 0 0 0 0 0 0 0 0 0 0 0 0 0 0 0 0 0 0 0 0 0 0 0 0 0 0 0 0 0 0 0 0 0 0 0 0 0 0 0 0 0 0 0 0 0 0 0 0 0 0 0 0 0 0 0 0 0 0 0 0 0 0 0 0 0 0 0 0 0 0 0 0 0 0 0 0 0 0 0 0 0 0 0 0 0 0 0 0 0 0 0 0 0 0 0 0 0 0 0 0 0 0 0 0 0 0 0 0 0 0 0 0 0 0 0 0 0 0 0 0 0 0 0 0 0 0 0 0 0 0 0 0 0 0 0 0 0 0 0 0 0 0 0 0 0 0 0 0 0 0 0 0 0 0 0 0 0 0 0 0 0 0 0 0 0 0 0 0 0 0 0 0 0 0 0 0 0 0 0 0 0 0 0 0 0 0 0 0 0 0 0 0 0 0 0 0 0 0 0 0 0 0 0 0 0 0 0 0 0 0 0 0 0 0 0 0 0 0 0 0 0 0 0 0 0 0 0 0 0 0 0 0 0 0 0 0 0 0 0 0 0 0 0 0 0 0 0 0 0 0 0 0 0 0 0 0 0 0 0 0 0 0 0 0 0 0 0 0 0 0 0 0 0 0 0 0 0 0 0 0 0 0 0 0 0 0 0 0 0 0 0 0 0 0 0 0 0 0 0 0 0 0 0 0 0 0 0 0 0 0 0 0 0 0 0 0 0 0 0 0 0 0 0 0 0 0 0 0 0 0 0 0 0 0 0 0 0 0 0 0 0 0 0 0 0 0 0 0 0 0 0 0 0 0 0 0 0 0 0 0 0 0 0 0 0 0 0 0 0 0 0 0 0 0 0 0 0 0 0 0 0 0 0 0 0 0 0 0 0 0 0 0 0 0 0 0 0 0 0 0 0 0 0 0 0 0 0 0 0 0 0 0 0 0 0 0 0 0 0 0 0 0 0 0 0 0 0 0 0 0 0 0 0 0 0 0 0 0 0 0 0 0 0 0 0 0 0 0 0 0 0 0 0 0 0 0 0 0 0 0 0 0 0 0 0 0 0 0 0 0 0 0 0 0 0 0 0 0 0 0 0 0 0 0 0 0 0 0 0 0 0 0 0 0 0 0 0 0 0 0 0 0 0 0 0 0 0 0 0 0 0 0 0 0 0 0 0 0 0 0 0 0 0 0 0 0 0 0 0 0 0 0 0 0 0 0 0 0 0 0 0 0 0 0 0 0 0 0 0 0 0 0 0 0 0 0 0 0 0 0 0 0 0 0 0 0 0 0 0 0 0 0 0 0 0 0 0 0 0 0 0 0 0 0 0 0 0 0 0 0 0 0 0 0 0 0 0 0 0 0 0 0 0 0 0 0 0 0 0 0 0 0 0 0 0 0 0 0 0 0 0 0 0 0 0 0 0 0 0 0 0 0 0 0 0 0 0 0 0 0 0 0 0 0 0 0 0 0 0 0 0 0 0 0 0 0 0 0 0 0 0 0 0 0 0 0 0 0 0 0 0 0 0 0 0 0 0 0 0 0 0 0 0 0 0 0 0 0 0 0 0 0 0 0 0 0 0 0 0 0 0 0 0 0 0 0 0 0 0 0 0 0 0 0 0 0 0 0 0 0 0 0 0 0 0 0 0 0 0 0 0 0 0 0 0 0 0 0 0 0 0 0 0 0 0 0 0 0 0 0 0 0 0 0 0 0 0 0 0 0 0 0 0 0 0 0 0 0 0 0 0 0 0 0 0 0 0 0 0 0 0 0 0 0 0 0 0 0 0 0 0 0 0 0 0 0 0 0 0 0 0 0 0 0 0 0 0 0 0 0 0 0 0 0 0 0 0 0 0 0 0 0 0 0 0 0 0 0 0 0 0 0 0 0 0 0 0 0 0 0 0 0 0 0 0 0 0 0 0 0 0 0 0 0 0 0 0 0 0 0 0 0 0 0 0 0 0 0 0 0 0 0 0 0 0 0 0 0 0 0 0 0 0 0 0 0 0 0 0 0 0 0 0 0 0 0 0 0 0 0 0 0 0 0 0 0 0 0 0 0 0 0 0 0 0 0 0 0 0 0 0 0 0 0 0 0 0 0 0 0 0 0 0 0 0 0 0 0 0 0 0 0 0 0 0 0 0 0 0 0 0 0 0 0 0 0 0 0 0 0 0 0 0 0 0 0 0 0 0 0 0 0 0 0 0 0 0 0 0 0 0 0 0 0 0 0 0 0 0 0 0 0 0 0 0 0 0 0 0 0 0 0 0 0 0 0 0 0 0 0 0 0 0 0 0 0 0 0 0 0 0 0 0 0 0 0 0 0 0 0 0 0 0 0 0 0 0 0 0 0 0 0 0 0 0 0 0 0 0 0 0 0 0 0 0 0 0 0 0 0 0 0 0 0 0 0 0 0 0 0 0 0 0 0 0 0 0 0 0 0 0 0 0 0 0 0 0 0 0 0 0 0 0 0 0 0 0 0 0 0 0 0 0 0 0 0 0 0 0 0 0 0 0 0 0 0 0 0 0 0 0 0 0 0 0 0 0 0 0 0 0 0 0 0 0 0 0 0 0 0 0 0 0 0 0 0 0 0 0 0 0 0 0 0 0 0 0 0 0 0 0 0 0 0 0 0 0 0 0 0 0 0 0 0 0 0 0 0 0 0 0 0 0 0 0 0 0 0 0 0 0 0 0 0 0 0 0 0 0 0 0 0 0 0 0 0 0 0 0 0 0 0 0 0 0 0 0 0 0 0 0 0 0 0 0 0 0 0 0 0 0 0 0 0 0 0 0 0 0 0 0 0 0 0 0 0 0 0 0 0 0 0 0 0 0 0 0 0 0 0 0 0 0 0 0 0 0 0 0 0 0 0 0 0 0 0 0 0 0 0 0 0 0 0 0 0 0 0 0 0 0 0 0 0 0 0 0 0 0 0 0 0 0 0 0 0 0 0 0 0 0 0 0 0 0 0 0 0 0 0 0 0 0 0 0 0 0 0 0 0 0 0 0 0 0 0 0 0 0 0 0 0 0 0 0 0 0 0 0 0 0 0 0 0 0 0 0 0 0 0 0 0 0 0 0 0 0 0 0 0 0 0 0 0 0 0 0 0 0 0 0 0 0 0 0 0 0 0 0 0 0 0 0 0 0 0 0 0 0 0 0 0 0 0 0 0 0 0 0 0 0 0 0 0 0 0 0 0 0 0 0 0 0 0 0 0 0 0 0 0 0 0 0 0 0 0 0 0 0 0 0 0 0 0 0 0 0 0 0 0 0 0 0 0 0 0 0 0 0 0 0 0 0 0 0 0 0 0 0 0 0 0 0 0 0 0 0 0 0 0 0 0 0 0 0 0 0 0 0 0 0 0 0 0 0 0 0 0 0 0 0 0 0 0 0 0 0 0 0 0 0 0 0 0 0 0 0 0 0 0 0 0 0 0 0 0 0 0 0 0 0 0 0 0 0 0 0 0 0 0 0 0 0 0 0 0 0 0 0 0 0 0 0 0 0 0 0 0 0 0 0 0 0 0 0 0 0 0 0 0 0 0 0 0 0 0 0 0 0 0 0 0 0 0 0 0 0 0 0 0 0 0 0 0 0 0 0 0 0 0 0 0 0 0 0 0 0 0 0 0 0 0 0 0 0 0 0 0 0 0 0 0 0 0 0 0 0 0 0 0 0 0 0 0 0 0 0 0 0 0 0 0 0 0 0 0 0 0 0 0 0 0 0 0 0 0 0 0 0 0 0 0 0 0 0 0 0 0 0 0 0 0 0 0 0 0 0 0 0 0 0 0 0 0 0 0 0 0 0 0 0 0 0 0 0 0 0 0 0 0 0 0 0 0 0 0 0 0 0 0 0 0 0 0 0 0 0 0 0 0 0 0 0 0 0 0 0 0 0 0 0 0 0 0 0 0 0 0 0 0 0 0 0 
        </DataArray>
        <DataArray type="Float64" Name="dTdn" format="ascii">
0 0 0 0 0 0 0 0 0 0 0 0 0 0 0 0 0 0 0 0 0 0 0 0 0 0 0 0 0 0 0 0 0 0 0 0 0 0 0 0 0 0 0 0 0 0 0 0 0 0 0 0 0 0 0 0 0 0 0 0 0 0 0 0 0 0 0 0 0 0 0 0 0 0 0 0 0 0 0 0 0 0 0 0 0 0 0 0 0 0 0 0 0 0 0 0 0 0 0 0 0 0 0 0 0 0 0 0 0 0 0 0 0 0 0 0 0 0 0 0 0 0 0 0 0 0 0 0 0 0 0 0 0 0 0 0 0 0 0 0 0 0 0 0 0 0 0 0 0 0 0 0 0 0 0 0 0 0 0 0 0 0 0 0 0 0 0 0 0 0 0 0 0 0 0 0 0 0 0 0 0 0 0 0 0 0 0 0 0 0 0 0 0 0 0 0 0 0 0 0 0 0 0 0 0 0 0 0 0 0 0 0 0 0 0 0 0 0 0 0 0 0 0 0 0 0 0 0 0 0 0 0 0 0 0 0 0 0 0 0 0 0 0 0 0 0 0 0 0 0 0 0 0 0 0 0 0 0 0 0 0 0 0 0 0 0 0 0 0 0 0 0 0 0 0 0 0 0 0 0 0 0 0 0 0 0 0 0 0 0 0 0 0 0 0 0 0 0 0 0 0 0 0 0 0 0 0 0 0 0 0 0 0 0 0 0 0 0 0 0 0 0 0 0 0 0 0 0 0 0 0 0 0 0 0 0 0 0 0 0 0 0 0 0 0 0 0 0 0 0 0 0 0 0 0 0 0 0 0 0 0 0 0 0 0 0 0 0 0 0 0 0 0 0 0 0 0 0 0 0 0 0 0 0 0 0 0 0 0 0 0 0 0 0 0 0 0 0 0 0 0 0 0 0 0 0 0 0 0 0 0 0 0 0 0 0 0 0 0 0 0 0 0 0 0 0 0 0 0 0 0 0 0 0 0 0 0 0 0 0 0 0 0 0 0 0 0 0 0 0 0 0 0 0 0 0 0 0 0 0 0 0 0 0 0 0 0 0 0 0 0 0 0 0 0 0 0 0 0 0 0 0 0 0 0 0 0 0 0 0 0 0 0 0 0 0 0 0 0 0 0 0 0 0 0 0 0 0 0 0 0 0 0 0 0 0 0 0 0 0 0 0 0 0 0 0 0 0 0 0 0 0 0 0 0 0 0 0 0 0 0 0 0 0 0 0 0 0 0 0 0 0 0 0 0 0 0 0 0 0 0 0 0 0 0 0 0 0 0 0 0 0 0 0 0 0 0 0 0 0 0 0 0 0 0 0 0 0 0 0 0 0 0 0 0 0 0 0 0 0 0 0 0 0 0 0 0 0 0 0 0 0 0 0 0 0 0 0 0 0 0 0 0 0 0 0 0 0 0 0 0 0 0 0 0 0 0 0 0 0 0 0 0 0 0 0 0 0 0 0 0 0 0 0 0 0 0 0 0 0 0 0 0 0 0 0 0 0 0 0 0 0 0 0 0 0 0 0 0 0 0 0 0 0 0 0 0 0 0 0 0 0 0 0 0 0 0 0 0 0 0 0 0 0 0 0 0 0 0 0 0 0 0 0 0 0 0 0 0 0 0 0 0 0 0 0 0 0 0 0 0 0 0 0 0 0 0 0 0 0 0 0 0 0 0 0 0 0 0 0 0 0 0 0 0 0 0 0 0 0 0 0 0 0 0 0 0 0 0 0 0 0 0 0 0 0 0 0 0 0 0 0 0 0 0 0 0 0 0 0 0 0 0 0 0 0 0 0 0 0 0 0 0 0 0 0 0 0 0 0 0 0 0 0 0 0 0 0 0 0 0 0 0 0 0 0 0 0 0 0 0 0 0 0 0 0 0 0 0 0 0 0 0 0 0 0 0 0 0 0 0 0 0 0 0 0 0 0 0 0 0 0 0 0 0 0 0 0 0 0 0 0 0 0 0 0 0 0 0 0 0 0 0 0 0 0 0 0 0 0 0 0 0 0 0 0 0 0 0 0 0 0 0 0 0 0 0 0 0 0 0 0 0 0 0 0 0 0 0 0 0 0 0 0 0 0 0 0 0 0 0 0 0 0 0 0 0 0 0 0 0 0 0 0 0 0 0 0 0 0 0 0 0 0 0 0 0 0 0 0 0 0 0 0 0 0 0 0 0 0 0 0 0 0 0 0 0 0 0 0 0 0 0 0 0 0 0 0 0 0 0 0 0 0 0 0 0 0 0 0 0 0 0 0 0 0 0 0 0 0 0 0 0 0 0 0 0 0 0 0 0 0 0 0 0 0 0 0 0 0 0 0 0 0 0 0 0 0 0 0 0 0 0 0 0 0 0 0 0 0 0 0 0 0 0 0 0 0 0 0 0 0 0 0 0 0 0 0 0 0 0 0 0 0 0 0 0 0 0 0 0 0 0 0 0 0 0 0 0 0 0 0 0 0 0 0 0 0 0 0 0 0 0 0 0 0 0 0 0 0 0 0 0 0 0 0 0 0 0 0 0 0 0 0 0 0 0 0 0 0 0 0 0 0 0 0 0 0 0 0 0 0 0 0 0 0 0 0 0 0 0 0 0 0 0 0 0 0 0 0 0 0 0 0 0 0 0 0 0 0 0 0 0 0 0 0 0 0 0 0 0 0 0 0 0 0 0 0 0 0 0 0 0 0 0 0 0 0 0 0 0 0 0 0 0 0 0 0 0 0 0 0 0 0 0 0 0 0 0 0 0 0 0 0 0 0 0 0 0 0 0 0 0 0 0 0 0 0 0 0 0 0 0 0 0 0 0 0 0 0 0 0 0 0 0 0 0 0 0 0 0 0 0 0 0 0 0 0 0 0 0 0 0 0 0 0 0 0 0 0 0 0 0 0 0 0 0 0 0 0 0 0 0 0 0 0 0 0 0 0 0 0 0 0 0 0 0 0 0 0 0 0 0 0 0 0 0 0 0 0 0 0 0 0 0 0 0 0 0 0 0 0 0 0 0 0 0 0 0 0 0 0 0 0 0 0 0 0 0 0 0 0 0 0 0 0 0 0 0 0 0 0 0 0 0 0 0 0 0 0 0 0 0 0 0 0 0 0 0 0 0 0 0 0 0 0 0 0 0 0 0 0 0 0 0 0 0 0 0 0 0 0 0 0 0 0 0 0 0 0 0 0 0 0 0 0 0 0 0 0 0 0 0 0 0 0 0 0 0 0 0 0 0 0 0 0 0 0 0 0 0 0 0 0 0 0 0 0 0 0 0 0 0 0 0 0 0 0 0 0 0 0 0 0 0 0 0 0 0 0 0 0 0 0 0 0 0 0 0 0 0 0 0 0 0 0 0 0 0 0 0 0 0 0 0 0 0 0 0 0 0 0 0 0 0 0 0 0 0 0 0 0 0 0 0 0 0 0 0 0 0 0 0 0 0 0 0 0 0 0 0 0 0 0 0 0 0 0 0 0 0 0 0 0 0 0 0 0 0 0 0 0 0 0 0 0 0 0 0 0 0 0 0 0 0 0 0 0 0 0 0 0 0 0 0 0 0 0 0 0 0 0 0 0 0 0 0 0 0 0 0 0 0 0 0 0 0 0 0 0 0 0 0 0 0 0 0 0 0 0 0 0 0 0 0 0 0 0 0 0 0 0 0 0 0 0 0 0 0 0 0 0 0 0 0 0 0 0 0 0 0 0 0 0 0 0 0 0 0 0 0 0 0 0 0 0 0 0 0 0 0 0 0 0 0 0 0 0 0 0 0 0 0 0 0 0 0 0 0 0 0 0 0 0 0 0 0 0 0 0 0 0 0 0 0 0 0 0 0 0 0 0 0 0 0 0 0 0 0 0 0 0 0 0 0 0 0 0 0 0 0 0 0 0 0 0 0 0 0 0 0 0 0 0 0 0 0 0 0 0 0 0 0 0 0 0 0 0 0 0 0 0 0 0 0 0 0 0 0 0 0 0 0 0 0 0 0 0 0 0 0 0 0 0 0 0 0 0 0 0 0 0 0 0 0 0 0 0 0 0 0 0 0 0 0 0 0 0 0 0 0 0 0 0 0 0 0 0 0 0 0 0 0 0 0 0 0 0 0 0 0 0 0 0 0 0 0 0 0 0 0 0 0 0 0 0 0 0 0 0 0 0 0 0 0 0 0 0 0 0 0 0 0 0 0 0 0 0 0 0 0 0 0 0 0 0 0 0 0 0 0 0 0 0 0 0 0 0 0 0 0 0 0 0 0 0 0 0 0 0 0 0 0 0 0 0 0 0 0 0 0 0 0 0 0 0 0 0 0 0 0 0 0 0 0 0 0 0 0 0 0 0 0 0 0 0 0 0 0 0 0 0 0 0 0 0 0 0 0 0 0 0 0 0 0 0 0 0 0 0 0 0 0 0 0 0 0 0 0 0 0 0 0 0 0 0 0 0 0 0 0 0 0 0 0 0 0 0 0 0 0 0 0 0 0 0 0 0 0 0 0 0 0 0 0 0 0 0 0 0 
        </DataArray>
        <DataArray type="Int32" Name="Rank" format="ascii">
3 3 3 3 3 3 3 3 3 3 3 3 3 3 3 3 3 3 3 3 3 3 3 3 3 3 3 3 3 3 3 3 3 3 3 3 3 3 3 3 3 3 3 3 3 3 3 3 3 3 3 3 3 3 3 3 3 3 3 3 3 3 3 3 3 3 3 3 3 3 3 3 3 3 3 3 3 3 3 3 3 3 3 3 3 3 3 3 3 3 3 3 3 3 3 3 3 3 3 3 3 3 3 3 3 3 3 3 3 3 3 3 3 3 3 3 3 3 3 3 3 3 3 3 3 3 3 3 3 3 3 3 3 3 3 3 3 3 3 3 3 3 3 3 3 3 3 3 3 3 3 3 3 3 3 3 3 3 3 3 3 3 3 3 3 3 3 3 3 3 3 3 3 3 3 3 3 3 3 3 3 3 3 3 3 3 3 3 3 3 3 3 3 3 3 3 3 3 3 3 3 3 3 3 3 3 3 3 3 3 3 3 3 3 3 6 6 6 6 6 6 6 6 6 6 6 6 6 6 6 6 6 6 6 6 6 6 6 6 6 6 6 6 6 6 6 6 6 6 6 6 6 6 6 6 6 6 6 6 6 6 6 6 6 6 6 6 6 6 6 6 6 6 6 6 6 6 6 6 6 6 6 6 6 6 3 3 3 3 3 3 3 3 3 3 3 3 3 3 3 3 3 3 3 3 3 3 3 3 3 3 3 3 3 3 3 3 3 3 3 3 3 3 3 3 3 3 3 3 3 3 3 3 3 3 3 3 3 3 3 3 3 3 3 3 3 3 3 3 3 3 3 3 3 3 3 3 3 3 3 3 3 3 3 3 3 3 3 3 3 3 3 3 3 3 3 3 3 3 3 3 3 3 3 3 3 3 9 3 3 3 3 3 3 3 3 3 3 3 3 3 3 3 3 3 3 3 3 3 3 3 3 3 3 3 3 3 3 3 3 3 3 3 3 3 3 3 3 3 3 3 3 3 3 3 3 3 3 3 3 3 3 3 3 3 3 3 3 3 3 3 3 3 3 3 3 3 3 3 3 3 3 3 3 3 3 3 3 3 3 3 3 3 3 3 3 3 3 3 3 3 3 3 3 3 3 3 3 3 3 3 3 3 3 3 3 3 3 3 3 3 3 3 3 3 3 3 3 3 3 3 3 3 3 3 3 3 3 3 3 3 3 3 3 3 3 3 3 3 3 3 3 3 3 3 3 3 3 3 3 3 3 3 3 3 3 3 3 3 3 3 3 3 3 3 3 3 3 3 3 3 3 3 3 3 3 3 3 3 3 3 3 3 3 3 3 3 3 3 3 3 3 3 3 3 3 3 3 3 3 3 3 3 3 3 3 3 3 3 3 3 3 3 3 3 3 3 3 3 3 3 3 3 3 3 3 3 3 3 3 3 3 3 3 3 3 3 3 3 3 3 3 3 3 3 3 3 3 3 3 3 3 3 3 3 3 3 3 3 3 3 3 3 3 3 3 3 3 3 3 3 3 3 3 3 3 3 3 3 3 3 3 3 3 3 3 3 3 3 3 3 3 3 3 3 3 3 3 3 3 3 3 3 3 3 3 3 3 3 3 3 3 3 3 3 3 3 3 3 3 3 3 3 3 3 3 3 3 3 3 3 3 3 3 3 3 3 3 3 3 3 3 3 3 3 3 3 3 3 3 3 3 3 3 3 3 3 3 3 3 3 3 3 3 3 3 3 3 3 3 3 3 3 3 3 3 3 3 3 3 3 3 3 3 3 3 3 3 3 3 3 3 3 3 3 3 3 3 3 3 3 3 3 3 3 3 3 3 3 3 3 3 3 3 3 3 3 3 3 3 3 3 3 3 3 3 3 3 3 3 3 3 3 3 3 3 3 3 3 3 3 3 3 3 3 3 3 3 3 3 3 3 3 3 3 3 3 3 3 3 3 3 3 3 3 3 3 3 3 3 3 3 3 3 3 3 3 3 3 3 3 3 3 3 3 3 3 3 3 3 3 3 3 3 3 3 3 3 3 3 3 3 3 3 3 3 3 3 3 3 3 3 3 3 3 3 3 3 3 3 3 3 3 3 3 3 3 3 3 3 3 3 3 3 3 3 3 3 3 3 3 3 3 3 3 3 3 3 3 3 3 3 3 3 3 3 3 3 3 3 3 3 3 3 3 3 3 3 3 3 3 3 3 3 3 3 3 3 3 3 3 3 3 3 3 4 4 4 4 4 4 4 4 4 4 4 4 4 4 4 4 4 4 4 4 4 4 4 4 4 4 4 4 4 4 4 4 4 4 4 4 4 4 4 4 4 4 4 4 4 4 4 4 4 4 4 4 4 4 4 4 4 4 4 4 4 4 4 4 4 4 4 4 4 4 4 4 4 4 4 4 4 4 4 4 4 4 4 4 4 4 4 4 4 4 4 4 4 4 4 4 4 4 4 4 4 4 4 4 4 4 4 4 4 4 4 4 4 4 4 4 4 4 4 4 4 4 4 4 4 4 4 4 4 4 4 4 4 4 4 4 4 4 4 4 4 4 4 4 4 4 4 4 4 4 4 4 4 4 4 4 4 4 4 4 4 4 4 4 4 4 4 4 4 4 4 4 4 4 4 4 4 4 4 4 4 4 4 4 4 4 4 4 4 4 4 4 4 4 4 4 4 4 4 4 4 4 4 4 4 4 4 4 4 4 4 4 4 4 4 4 4 4 4 4 4 4 4 4 4 4 4 4 4 4 4 4 4 4 4 4 4 4 4 4 4 4 4 4 4 4 4 4 4 4 4 4 4 4 4 4 4 4 4 4 4 4 4 4 4 4 4 4 4 4 4 4 4 4 4 4 4 4 4 4 4 4 4 4 4 4 4 4 4 4 4 4 4 4 4 4 4 4 4 4 4 4 4 4 4 4 4 4 4 4 4 4 4 4 4 4 4 4 4 4 4 4 4 4 4 4 4 4 4 4 4 4 4 4 4 4 4 4 4 4 4 4 4 4 4 4 4 4 4 4 4 4 4 4 4 4 4 4 4 4 4 4 4 4 4 4 4 4 4 4 4 4 4 4 4 4 4 4 4 4 4 4 4 4 4 4 4 4 4 4 4 4 4 4 4 4 4 4 4 4 4 4 4 4 4 4 4 4 4 4 4 4 4 4 4 4 4 4 4 4 4 4 4 4 4 4 4 4 4 4 4 4 4 4 4 4 4 4 4 4 4 4 4 4 4 4 4 4 4 4 4 4 4 4 4 4 4 4 4 4 4 4 4 4 4 4 4 4 4 4 4 4 4 4 4 4 4 4 4 4 4 4 4 4 4 4 4 4 4 4 4 4 4 4 4 4 4 4 4 4 4 4 4 4 4 4 4 4 4 4 4 4 4 4 4 4 4 4 4 4 4 4 4 4 4 4 4 4 4 4 4 4 4 4 4 4 4 4 4 4 4 4 4 4 4 4 4 4 4 4 4 4 4 4 4 4 4 4 4 4 4 4 4 4 4 4 4 4 4 4 4 4 4 4 4 4 4 4 4 4 4 4 4 4 4 4 4 4 4 4 4 4 4 4 4 4 4 4 4 4 4 4 4 4 4 4 4 4 4 4 4 4 4 4 4 4 4 4 4 4 4 4 4 4 4 4 4 4 4 4 4 4 4 4 4 4 4 4 4 4 4 4 4 4 4 4 4 4 4 4 4 4 4 4 4 4 4 4 4 4 4 4 4 4 4 4 4 4 4 4 4 4 4 4 4 4 4 4 4 4 4 4 4 4 4 4 4 4 4 4 4 4 4 4 4 4 4 4 4 4 4 4 4 4 4 4 4 4 4 4 4 4 4 4 4 4 4 4 4 4 4 4 4 4 4 4 4 4 4 4 4 4 4 4 4 4 4 4 4 4 4 4 4 4 4 4 4 4 4 4 4 4 4 4 4 4 4 4 4 4 4 4 4 4 4 4 4 4 4 4 4 4 4 4 4 4 4 4 4 4 4 4 4 4 4 4 4 4 4 4 4 4 4 4 4 4 4 4 4 4 4 4 4 4 4 4 4 4 4 4 4 4 4 4 4 4 4 4 4 4 4 4 4 4 4 4 4 4 4 4 4 4 4 4 4 4 4 4 4 4 4 4 4 4 4 4 4 4 4 4 4 4 4 4 4 4 4 4 4 4 4 4 4 4 4 4 4 4 4 4 4 4 4 4 4 4 4 4 4 4 4 4 4 4 4 4 4 4 4 4 4 4 4 4 4 4 4 4 4 4 4 4 4 4 4 4 4 4 4 4 4 4 4 4 4 4 4 4 4 4 4 4 4 4 4 4 4 4 4 4 4 4 4 4 4 4 4 4 4 4 4 4 4 4 4 4 4 4 4 4 4 4 4 4 4 4 4 4 4 4 4 4 4 4 4 4 4 4 4 4 4 4 4 4 4 4 4 4 4 4 4 4 4 4 4 4 4 4 4 4 4 4 4 4 4 4 4 4 4 4 4 4 4 4 4 4 4 4 4 4 4 4 4 4 4 4 4 4 4 4 4 4 4 4 4 
        </DataArray>
        <DataArray type="Int32" Name="Level" format="ascii">
4 4 4 4 4 4 4 4 4 4 4 4 4 4 4 4 4 4 4 4 4 4 4 4 4 4 4 4 4 4 4 4 4 4 4 4 4 4 4 4 4 4 4 4 4 4 4 4 4 4 4 4 4 4 4 4 4 4 4 4 4 4 4 4 4 4 4 4 4 4 4 4 4 4 4 4 4 4 4 4 4 4 4 4 4 4 4 4 4 4 4 4 4 4 4 4 4 4 4 4 4 4 4 4 4 4 4 4 4 4 4 4 4 4 4 4 4 4 4 4 4 4 4 4 4 4 4 4 4 4 4 4 4 4 4 4 4 4 4 4 4 4 4 4 4 4 4 4 4 4 4 4 4 4 4 4 4 4 4 4 4 4 4 4 4 4 4 4 4 4 4 4 4 4 4 4 4 4 4 4 4 4 4 4 4 4 4 4 4 4 4 4 4 4 4 4 4 4 4 4 4 4 4 4 4 4 4 4 4 4 4 4 4 4 4 4 4 4 4 4 4 4 4 4 4 4 4 4 4 4 4 4 4 4 4 4 4 4 4 4 4 4 4 4 4 4 4 4 4 4 4 4 4 4 4 4 4 4 4 4 4 4 4 4 4 4 4 4 4 4 4 4 4 4 4 4 4 4 4 4 4 4 4 4 4 4 4 4 4 4 4 4 4 4 4 4 4 4 4 4 4 4 4 4 4 4 4 4 4 4 4 4 4 4 4 4 4 4 4 4 4 4 4 4 4 4 4 4 4 4 4 4 4 4 4 4 4 4 4 4 4 4 4 4 4 4 4 4 4 4 4 4 4 4 4 4 4 4 4 4 4 4 4 4 4 4 4 4 4 4 4 4 4 4 4 4 4 4 4 4 4 4 4 4 4 4 4 3 4 4 4 4 4 4 4 4 4 4 4 4 4 4 4 4 4 4 4 4 4 4 4 4 4 4 4 4 4 4 4 4 4 4 4 4 4 4 4 4 4 4 4 4 4 4 4 4 4 4 4 4 4 4 4 4 4 4 4 4 4 4 4 4 4 4 4 4 4 4 4 4 4 4 4 4 4 4 4 4 4 4 4 4 4 4 4 4 4 4 4 4 4 4 4 4 4 4 4 4 4 4 4 4 4 4 4 4 4 4 4 4 4 4 4 4 4 4 4 4 4 4 4 4 4 4 4 4 4 4 4 4 4 4 4 4 4 4 4 4 4 4 4 4 4 4 4 4 4 4 4 4 4 4 4 4 4 4 4 4 4 4 4 4 4 4 4 4 4 4 4 4 4 4 4 4 4 4 4 4 4 4 4 4 4 4 4 4 4 4 4 4 4 4 4 4 4 4 4 4 4 4 4 4 4 4 4 4 4 4 4 4 4 4 4 4 4 4 4 4 4 4 4 4 4 4 4 4 4 4 4 4 4 4 4 4 4 4 4 4 4 4 4 4 4 4 4 4 4 4 4 4 4 4 4 4 4 4 4 4 4 4 4 4 4 4 4 4 4 4 4 4 4 4 4 4 4 4 4 4 4 4 4 4 4 4 4 4 4 4 4 4 4 4 4 4 4 4 4 4 4 4 4 4 4 4 4 4 4 4 4 4 4 4 4 4 4 4 4 4 4 4 4 4 4 4 4 4 4 4 4 4 4 4 4 4 4 4 4 4 4 4 4 4 4 4 4 4 4 4 4 4 4 4 4 4 4 4 4 4 4 4 4 4 4 4 4 4 4 4 4 4 4 4 4 4 4 4 4 4 4 4 4 4 4 4 4 4 4 4 4 4 4 4 4 4 4 4 4 4 4 4 4 4 4 4 4 4 4 4 4 4 4 4 4 4 4 4 4 4 4 4 4 4 4 4 4 4 4 4 4 4 4 4 4 4 4 4 4 4 4 4 4 4 4 4 4 4 4 4 4 4 4 4 4 4 4 4 4 4 4 4 4 4 4 4 4 4 4 4 4 4 4 4 4 4 4 4 4 4 4 4 4 4 4 4 4 4 4 4 4 4 4 4 4 4 4 4 4 4 4 4 4 4 4 4 4 4 4 4 4 4 4 4 4 4 4 4 4 4 4 4 4 4 4 4 4 4 4 4 4 4 4 4 4 4 4 4 4 4 4 4 4 4 4 4 4 4 4 4 4 4 4 4 4 4 4 4 4 4 4 4 4 4 4 4 4 4 4 4 4 4 4 4 4 4 4 4 4 4 4 4 4 4 4 4 4 4 4 4 4 4 4 4 4 4 4 4 4 4 4 4 4 4 4 4 4 4 4 4 4 4 4 4 4 4 4 4 4 4 4 4 4 4 4 4 4 4 4 4 4 4 4 4 4 4 4 4 4 4 4 4 4 4 4 4 4 4 4 4 4 4 4 4 4 4 4 4 4 4 4 4 4 4 4 4 4 4 4 4 4 4 4 4 4 4 4 4 4 4 4 4 4 4 4 4 4 4 4 4 4 4 4 4 4 4 4 4 4 4 4 4 4 4 4 4 4 4 4 4 4 4 4 4 4 4 4 4 4 4 4 4 4 4 4 4 4 4 4 4 4 4 4 4 4 4 4 4 4 4 4 4 4 4 4 4 4 4 4 4 4 4 4 4 4 4 4 4 4 4 4 4 4 4 4 4 4 4 4 4 4 4 4 4 4 4 4 4 4 4 4 4 4 4 4 4 4 4 4 4 4 4 4 4 4 4 4 4 4 4 4 4 4 4 4 4 4 4 4 4 4 4 4 4 4 4 4 4 4 4 4 4 4 4 4 4 4 4 4 4 4 4 4 4 4 4 4 4 4 4 4 4 4 4 4 4 4 4 4 4 4 4 4 4 4 4 4 4 4 4 4 4 4 4 4 4 4 4 4 4 4 4 4 4 4 4 4 4 4 4 4 4 4 4 4 4 4 4 4 4 4 4 4 4 4 4 4 4 4 4 4 4 4 4 4 4 4 4 4 4 4 4 4 4 4 4 4 4 4 4 4 4 4 4 4 4 4 4 4 4 4 4 4 4 4 4 4 4 4 4 4 4 4 4 4 4 4 4 4 4 4 4 4 4 4 4 4 4 4 4 4 4 4 4 4 4 4 4 4 4 4 4 4 4 4 4 4 4 4 4 4 4 4 4 4 4 4 4 4 4 4 4 4 4 4 4 4 4 4 4 4 4 4 4 4 4 4 4 4 4 4 4 4 4 4 4 4 4 4 4 4 4 4 4 4 4 4 4 4 4 4 4 4 4 4 4 4 4 4 4 4 4 4 4 4 4 4 4 4 4 4 4 4 4 4 4 4 4 4 4 4 4 4 4 4 4 4 4 4 4 4 4 4 4 4 4 4 4 4 4 4 4 4 4 4 4 4 4 4 4 4 4 4 4 4 4 4 4 4 4 4 4 4 4 4 4 4 4 4 4 4 4 4 4 4 4 4 4 4 4 4 4 4 4 4 4 4 4 4 4 4 4 4 4 4 4 4 4 4 4 4 4 4 4 4 4 4 4 4 4 4 4 4 4 4 4 4 4 4 4 4 4 4 4 4 4 4 4 4 4 4 4 4 4 4 4 4 4 4 4 4 4 4 4 4 4 4 4 4 4 4 4 4 4 4 4 4 4 4 4 4 4 4 4 4 4 4 4 4 4 4 4 4 4 4 4 4 4 4 4 4 4 4 4 4 4 4 4 4 4 4 4 4 4 4 4 4 4 4 4 4 4 4 4 4 4 4 4 4 4 4 4 4 4 4 4 4 4 4 4 4 4 4 4 4 4 4 4 4 4 4 4 4 4 4 4 4 4 4 4 4 4 4 4 4 4 4 4 4 4 4 4 4 4 4 4 4 4 4 4 4 4 4 4 4 4 4 4 4 4 4 4 4 4 4 4 4 4 4 4 4 4 4 4 4 4 4 4 4 4 4 4 4 4 4 4 4 4 4 4 4 4 4 4 4 4 4 4 4 4 4 4 4 4 4 4 4 4 4 4 4 4 4 4 4 4 4 4 4 4 4 4 4 4 4 4 4 4 4 4 4 4 4 4 4 4 4 4 4 4 4 4 4 4 4 4 4 4 4 4 4 4 4 4 4 4 4 4 4 4 4 4 4 4 4 4 4 4 4 4 4 4 4 4 4 4 4 4 4 4 4 4 4 4 4 4 4 4 4 4 4 4 4 4 4 4 4 4 4 4 4 4 4 4 4 4 4 4 4 4 4 4 4 4 4 4 4 4 4 4 4 4 4 4 4 4 4 4 4 4 4 4 4 4 4 4 4 4 4 4 4 4 4 4 4 4 4 4 4 4 4 4 4 4 4 4 4 4 4 4 4 4 4 4 4 4 4 4 4 4 4 4 4 4 4 4 4 4 4 4 4 4 4 4 4 4 4 4 4 4 4 4 4 4 4 4 4 4 4 4 4 4 4 4 4 4 4 4 4 4 4 4 4 4 4 4 4 4 4 4 4 4 4 4 4 4 4 4 4 4 4 4 4 4 4 4 4 4 4 4 4 4 4 4 4 4 4 4 4 4 4 4 4 4 4 4 4 4 4 4 4 4 
        </DataArray>
        <DataArray type="Int32" Name="N_Interp_IP0" format="ascii">
4 4 4 4 4 4 4 4 4 4 4 4 4 4 4 4 4 4 4 4 4 4 4 4 4 4 4 4 4 4 4 4 4 4 4 4 4 4 4 4 4 4 4 4 4 4 4 4 4 4 4 4 4 4 4 4 4 4 4 4 4 4 4 4 4 4 4 4 4 4 4 4 4 4 4 4 4 4 4 4 4 4 4 4 4 4 4 4 4 4 4 4 4 4 4 4 4 4 4 4 4 4 4 4 4 4 4 4 4 4 4 4 4 4 4 4 4 4 4 4 4 4 4 4 4 4 4 4 4 4 4 4 4 4 4 4 4 4 4 4 4 4 4 4 4 4 4 4 4 4 4 4 4 4 4 4 4 4 4 4 4 4 4 4 4 4 4 4 4 4 4 4 4 4 4 4 4 4 4 4 4 4 4 4 4 4 4 4 4 4 4 4 4 4 4 4 4 4 4 4 4 4 4 4 4 4 4 4 4 4 4 4 4 4 4 4 4 4 4 4 4 4 4 4 4 4 4 4 4 4 4 4 4 4 4 4 4 4 4 4 4 4 4 4 4 4 4 4 4 4 4 4 4 4 4 4 4 4 4 4 4 4 4 4 4 4 4 4 4 4 4 4 4 4 4 4 4 4 4 4 4 4 4 4 4 4 4 4 4 4 4 4 4 4 4 4 4 4 4 4 4 4 4 4 4 4 4 4 4 4 4 4 4 4 4 4 4 4 4 4 4 4 4 4 4 4 4 4 4 4 4 4 4 4 4 4 4 4 4 4 4 4 4 4 4 4 4 4 4 4 4 4 4 4 4 4 4 4 4 4 4 4 4 4 4 4 4 4 4 4 4 4 4 4 4 4 4 4 4 4 4 4 4 4 4 4 4 4 4 4 4 4 4 4 4 4 4 4 4 4 4 4 4 4 4 4 4 4 4 4 4 4 4 4 4 4 4 4 4 4 4 4 4 4 4 4 4 4 4 4 4 4 4 4 4 4 4 4 4 4 4 4 4 4 4 4 4 4 4 4 4 4 4 4 4 4 4 4 4 4 4 4 4 4 4 4 4 4 4 4 4 4 4 4 4 4 4 4 4 4 4 4 4 4 4 4 4 4 4 4 4 4 4 4 4 4 4 4 4 4 4 4 4 4 4 4 4 4 4 4 4 4 4 4 4 4 4 4 4 4 4 4 4 4 4 4 4 4 4 4 4 4 4 4 4 4 4 4 4 4 4 4 4 4 4 4 4 4 4 4 4 4 4 4 4 4 4 4 4 4 4 4 4 4 4 4 4 4 4 4 4 4 4 4 4 4 4 4 4 4 4 4 4 4 4 4 4 4 4 4 4 4 4 4 4 4 4 4 4 4 4 4 4 4 4 4 4 4 4 4 4 4 4 4 4 4 4 4 4 4 4 4 4 4 4 4 4 4 4 4 4 4 4 4 4 4 4 4 4 4 4 4 4 4 4 4 4 4 4 4 4 4 4 4 4 4 4 4 4 4 4 4 4 4 4 4 4 4 4 4 4 4 4 4 4 4 4 4 4 4 4 4 4 4 4 4 4 4 4 4 4 4 4 4 4 4 4 4 4 4 4 4 4 4 4 4 4 4 4 4 4 4 4 4 4 4 4 4 4 4 4 4 4 4 4 4 4 4 4 4 4 4 4 4 4 4 4 4 4 4 4 4 4 4 4 4 4 4 4 4 4 4 4 4 4 4 4 4 4 4 4 4 4 4 4 4 4 4 4 4 4 4 4 4 4 4 4 4 4 4 4 4 4 4 4 4 4 4 4 4 4 4 4 4 4 4 4 4 4 4 4 4 4 4 4 4 4 4 4 4 4 4 4 4 4 4 4 4 4 4 4 4 4 4 4 4 4 4 4 4 4 4 4 4 4 4 4 4 4 4 4 4 4 4 4 4 4 4 4 4 4 4 4 4 4 4 4 4 4 4 4 4 4 4 4 4 4 4 4 4 4 4 4 4 4 4 4 4 4 4 4 4 4 4 4 4 4 4 4 4 4 4 4 4 4 4 4 4 4 4 4 4 4 4 4 4 4 4 4 4 4 4 4 4 4 4 4 4 4 4 4 4 4 4 4 4 4 4 4 4 4 4 4 4 4 4 4 4 4 4 4 4 4 4 4 4 4 4 4 4 4 4 4 4 4 4 4 4 4 4 4 4 4 4 4 4 4 4 4 4 4 4 4 4 4 4 4 4 4 4 4 4 4 4 4 4 4 4 4 4 4 4 4 4 4 4 4 4 4 4 4 4 4 4 4 4 4 4 4 4 4 4 4 4 4 4 4 4 4 4 4 4 4 4 4 4 4 4 4 4 4 4 4 4 4 4 4 4 4 4 4 4 4 4 4 4 4 4 4 4 4 4 4 4 4 4 4 4 4 4 4 4 4 4 4 4 4 4 4 4 4 4 4 4 4 4 4 4 4 4 4 4 4 4 4 4 4 4 4 4 4 4 4 4 4 4 4 4 4 4 4 4 4 4 4 4 4 4 4 4 4 4 4 4 4 4 4 4 4 4 4 4 4 4 4 4 4 4 4 4 4 4 4 4 4 4 4 4 4 4 4 4 4 4 4 4 4 4 4 4 4 4 4 4 4 4 4 4 4 4 4 4 4 4 4 4 4 4 4 4 4 4 4 4 4 4 4 4 4 4 4 4 4 4 4 4 4 4 4 4 4 4 4 4 4 4 4 4 4 4 4 4 4 4 4 4 4 4 4 4 4 4 4 4 4 4 4 4 4 4 4 4 4 4 4 4 4 4 4 4 4 4 4 4 4 4 4 4 4 4 4 4 4 4 4 4 4 4 4 4 4 4 4 4 4 4 4 4 4 4 4 4 4 4 4 4 4 4 4 4 4 4 4 4 4 4 4 4 4 4 4 4 4 4 4 4 4 4 4 4 4 4 4 4 4 4 4 4 4 4 4 4 4 4 4 4 4 4 4 4 4 4 4 4 4 4 4 4 4 4 4 4 4 4 4 4 4 4 4 4 4 4 4 4 4 4 4 4 4 4 4 4 4 4 4 4 4 4 4 4 4 4 4 4 4 4 4 4 4 4 4 4 4 4 4 4 4 4 4 4 4 4 4 4 4 4 4 4 4 4 4 4 4 4 4 4 4 4 4 4 4 4 4 4 4 4 4 4 4 4 4 4 4 4 4 4 4 4 4 4 4 4 4 4 4 4 4 4 4 4 4 4 4 4 4 4 4 4 4 4 4 4 4 4 4 4 4 4 4 4 4 4 4 4 4 4 4 4 4 4 4 4 4 4 4 4 4 4 4 4 4 4 4 4 4 4 4 4 4 4 4 4 4 4 4 4 4 4 4 4 4 4 4 4 4 4 4 4 4 4 4 4 4 4 4 4 4 4 4 4 4 4 4 4 4 4 4 4 4 4 4 4 4 4 4 4 4 4 4 4 4 4 4 4 4 4 4 4 4 4 4 4 4 4 4 4 4 4 4 4 4 4 4 4 4 4 4 4 4 4 4 4 4 4 4 4 4 4 4 4 4 4 4 4 4 4 4 4 4 4 4 4 4 4 4 4 4 4 4 4 4 4 4 4 4 4 4 4 4 4 4 4 4 4 4 4 4 4 4 4 4 4 4 4 4 4 4 4 4 4 4 4 4 4 4 4 4 4 4 4 4 4 4 4 4 4 4 4 4 4 4 4 4 4 4 4 4 4 4 4 4 4 4 4 4 4 4 4 4 4 4 4 4 4 4 4 4 4 4 4 4 4 4 4 4 4 4 4 4 4 4 4 4 4 4 4 4 4 4 4 4 4 4 4 4 4 4 4 4 4 4 4 4 4 4 4 4 4 4 4 4 4 4 4 4 4 4 4 4 4 4 4 4 4 4 4 4 4 4 4 4 4 4 4 4 4 4 4 4 4 4 4 4 4 4 4 4 4 4 4 4 4 4 4 4 4 4 4 4 4 4 4 4 4 4 4 4 4 4 4 4 4 4 4 4 4 4 4 4 4 4 4 4 4 4 4 4 4 4 4 4 4 4 4 4 4 4 4 4 4 4 4 4 4 4 4 4 4 4 4 4 4 4 4 4 4 4 4 4 4 4 4 4 4 4 4 4 4 4 4 4 4 4 4 4 4 4 4 4 4 4 4 4 4 4 4 4 4 4 4 4 4 4 4 4 4 4 4 4 4 4 4 4 4 4 4 4 4 4 4 4 4 4 4 4 4 4 4 4 4 4 4 4 4 4 4 4 4 4 4 4 4 4 4 4 4 4 4 4 4 4 4 4 4 4 4 4 4 4 4 4 4 4 4 4 4 4 4 4 4 4 4 4 4 4 4 4 4 4 4 4 4 4 4 4 4 4 4 4 4 4 4 4 4 4 4 4 4 4 4 4 4 4 4 4 4 4 4 4 4 4 4 4 4 4 4 4 4 4 4 4 4 4 4 4 4 4 4 4 4 4 4 4 4 4 4 4 4 4 4 4 4 4 4 4 4 4 4 4 4 4 4 4 4 4 4 4 4 4 4 
        </DataArray>
      </CellData>
    </Piece>
  </PolyData>
</VTKFile>
