<?xml version="1.0"?>
<VTKFile type="PolyData" version="1.0" byte_order="LittleEndian" header_type="UInt64">
  <PolyData>
    <Piece NumberOfPoints="2000" NumberOfPolys="2000">
      <Points>
        <DataArray type="Float64" Name="Points" NumberOfComponents="3" format="ascii">
0.6 -0.5 0.0 0.599999 -0.499686 0.0 0.599998 -0.499372 0.0 0.599995 -0.499058 0.0 0.599992 -0.498743 0.0 0.599987 -0.498429 0.0 0.599982 -0.498115 0.0 0.599975 -0.497801 0.0 0.599968 -0.497487 0.0 0.59996 -0.497173 0.0 0.599951 -0.496859 0.0 0.59994 -0.496545 0.0 0.599929 -0.496231 0.0 0.599916 -0.495917 0.0 0.599903 -0.495603 0.0 0.599888 -0.495289 0.0 0.599874 -0.494976 0.0 0.599857 -0.494662 0.0 0.59984 -0.494348 0.0 0.599821 -0.494035 0.0 0.599803 -0.493721 0.0 0.599782 -0.493407 0.0 0.599761 -0.493094 0.0 0.599739 -0.492781 0.0 0.599716 -0.492467 0.0 0.599691 -0.492154 0.0 0.599667 -0.491841 0.0 0.59964 -0.491528 0.0 0.599613 -0.491215 0.0 0.599585 -0.490902 0.0 0.599556 -0.490589 0.0 0.599526 -0.490276 0.0 0.599495 -0.489964 0.0 0.599463 -0.489651 0.0 0.59943 -0.489339 0.0 0.599396 -0.489027 0.0 0.599361 -0.488714 0.0 0.599325 -0.488402 0.0 0.599288 -0.48809 0.0 0.59925 -0.487778 0.0 0.599211 -0.487467 0.0 0.599171 -0.487155 0.0 0.599131 -0.486844 0.0 0.599088 -0.486532 0.0 0.599046 -0.486221 0.0 0.599002 -0.48591 0.0 0.598958 -0.485599 0.0 0.598911 -0.485288 0.0 0.598865 -0.484977 0.0 0.598817 -0.484667 0.0 0.598769 -0.484357 0.0 0.598719 -0.484046 0.0 0.598669 -0.483736 0.0 0.598617 -0.483426 0.0 0.598564 -0.483117 0.0 0.59851 -0.482807 0.0 0.598456 -0.482498 0.0 0.5984 -0.482189 0.0 0.598345 -0.481879 0.0 0.598287 -0.481571 0.0 0.598229 -0.481262 0.0 0.598169 -0.480953 0.0 0.598109 -0.480645 0.0 0.598047 -0.480337 0.0 0.597986 -0.480029 0.0 0.597922 -0.479721 0.0 0.597858 -0.479414 0.0 0.597792 -0.479107 0.0 0.597727 -0.478799 0.0 0.597659 -0.478492 0.0 0.597592 -0.478186 0.0 0.597522 -0.477879 0.0 0.597453 -0.477573 0.0 0.597381 -0.477267 0.0 0.59731 -0.476961 0.0 0.597237 -0.476656 0.0 0.597163 -0.47635 0.0 0.597088 -0.476045 0.0 0.597013 -0.47574 0.0 0.596935 -0.475436 0.0 0.596858 -0.475131 0.0 0.596779 -0.474827 0.0 0.5967 -0.474523 0.0 0.596619 -0.474219 0.0 0.596538 -0.473916 0.0 0.596455 -0.473613 0.0 0.596372 -0.47331 0.0 0.596288 -0.473007 0.0 0.596203 -0.472705 0.0 0.596116 -0.472403 0.0 0.596029 -0.472101 0.0 0.595941 -0.471799 0.0 0.595852 -0.471498 0.0 0.595762 -0.471197 0.0 0.595671 -0.470896 0.0 0.595579 -0.470596 0.0 0.595486 -0.470296 0.0 0.595392 -0.469996 0.0 0.595298 -0.469696 0.0 0.595202 -0.469397 0.0 0.595106 -0.469098 0.0 0.595008 -0.4688 0.0 0.59491 -0.468501 0.0 0.59481 -0.468203 0.0 0.59471 -0.467906 0.0 0.594608 -0.467608 0.0 0.594506 -0.467311 0.0 0.594403 -0.467015 0.0 0.594299 -0.466718 0.0 0.594194 -0.466422 0.0 0.594088 -0.466126 0.0 0.593981 -0.465831 0.0 0.593873 -0.465536 0.0 0.593764 -0.465241 0.0 0.593655 -0.464947 0.0 0.593544 -0.464653 0.0 0.593433 -0.464359 0.0 0.59332 -0.464066 0.0 0.593207 -0.463772 0.0 0.593092 -0.46348 0.0 0.592978 -0.463188 0.0 0.592861 -0.462896 0.0 0.592745 -0.462604 0.0 0.592626 -0.462313 0.0 0.592508 -0.462022 0.0 0.592387 -0.461732 0.0 0.592267 -0.461442 0.0 0.592145 -0.461152 0.0 0.592023 -0.460863 0.0 0.591899 -0.460574 0.0 0.591775 -0.460285 0.0 0.59165 -0.459997 0.0 0.591524 -0.459709 0.0 0.591397 -0.459422 0.0 0.591269 -0.459135 0.0 0.59114 -0.458849 0.0 0.591011 -0.458562 0.0 0.59088 -0.458277 0.0 0.590748 -0.457991 0.0 0.590616 -0.457707 0.0 0.590483 -0.457422 0.0 0.590348 -0.457138 0.0 0.590213 -0.456854 0.0 0.590077 -0.456571 0.0 0.589941 -0.456288 0.0 0.589802 -0.456006 0.0 0.589664 -0.455724 0.0 0.589524 -0.455443 0.0 0.589384 -0.455162 0.0 0.589242 -0.454881 0.0 0.589101 -0.454601 0.0 0.588957 -0.454321 0.0 0.588814 -0.454042 0.0 0.588668 -0.453763 0.0 0.588523 -0.453485 0.0 0.588376 -0.453207 0.0 0.588229 -0.45293 0.0 0.58808 -0.452653 0.0 0.587932 -0.452376 0.0 0.587781 -0.4521 0.0 0.587631 -0.451825 0.0 0.587478 -0.45155 0.0 0.587326 -0.451275 0.0 0.587172 -0.451001 0.0 0.587018 -0.450727 0.0 0.586863 -0.450454 0.0 0.586707 -0.450181 0.0 0.58655 -0.44991 0.0 0.586392 -0.449638 0.0 0.586233 -0.449367 0.0 0.586074 -0.449096 0.0 0.585913 -0.448826 0.0 0.585753 -0.448556 0.0 0.58559 -0.448287 0.0 0.585428 -0.448018 0.0 0.585264 -0.44775 0.0 0.585099 -0.447483 0.0 0.584934 -0.447216 0.0 0.584768 -0.446949 0.0 0.5846 -0.446683 0.0 0.584433 -0.446417 0.0 0.584264 -0.446153 0.0 0.584094 -0.445888 0.0 0.583924 -0.445624 0.0 0.583753 -0.445361 0.0 0.58358 -0.445098 0.0 0.583408 -0.444835 0.0 0.583234 -0.444574 0.0 0.58306 -0.444312 0.0 0.582884 -0.444052 0.0 0.582708 -0.443792 0.0 0.582531 -0.443532 0.0 0.582353 -0.443273 0.0 0.582174 -0.443015 0.0 0.581995 -0.442757 0.0 0.581815 -0.4425 0.0 0.581634 -0.442243 0.0 0.581452 -0.441987 0.0 0.581269 -0.441731 0.0 0.581086 -0.441476 0.0 0.580902 -0.441221 0.0 0.580716 -0.440968 0.0 0.580531 -0.440714 0.0 0.580344 -0.440462 0.0 0.580157 -0.44021 0.0 0.579968 -0.439958 0.0 0.579779 -0.439707 0.0 0.579589 -0.439457 0.0 0.579399 -0.439207 0.0 0.579207 -0.438958 0.0 0.579016 -0.438709 0.0 0.578822 -0.438462 0.0 0.578629 -0.438214 0.0 0.578434 -0.437968 0.0 0.578239 -0.437721 0.0 0.578043 -0.437476 0.0 0.577846 -0.437231 0.0 0.577648 -0.436987 0.0 0.57745 -0.436743 0.0 0.577251 -0.4365 0.0 0.577051 -0.436258 0.0 0.57685 -0.436016 0.0 0.576649 -0.435775 0.0 0.576447 -0.435535 0.0 0.576244 -0.435294 0.0 0.57604 -0.435056 0.0 0.575836 -0.434817 0.0 0.575631 -0.434579 0.0 0.575425 -0.434341 0.0 0.575218 -0.434105 0.0 0.575011 -0.433869 0.0 0.574803 -0.433634 0.0 0.574594 -0.433399 0.0 0.574384 -0.433165 0.0 0.574174 -0.432931 0.0 0.573963 -0.432699 0.0 0.573751 -0.432467 0.0 0.573538 -0.432236 0.0 0.573326 -0.432005 0.0 0.573111 -0.431775 0.0 0.572897 -0.431545 0.0 0.572681 -0.431317 0.0 0.572465 -0.431089 0.0 0.572248 -0.430862 0.0 0.572031 -0.430635 0.0 0.571812 -0.430409 0.0 0.571594 -0.430183 0.0 0.571374 -0.429959 0.0 0.571154 -0.429735 0.0 0.570932 -0.429512 0.0 0.570711 -0.429289 0.0 0.570488 -0.429068 0.0 0.570265 -0.428846 0.0 0.570041 -0.428626 0.0 0.569817 -0.428406 0.0 0.569591 -0.428188 0.0 0.569365 -0.427969 0.0 0.569138 -0.427752 0.0 0.568911 -0.427535 0.0 0.568683 -0.427319 0.0 0.568455 -0.427103 0.0 0.568225 -0.426889 0.0 0.567995 -0.426674 0.0 0.567764 -0.426462 0.0 0.567533 -0.426249 0.0 0.567301 -0.426037 0.0 0.567069 -0.425826 0.0 0.566835 -0.425616 0.0 0.566601 -0.425406 0.0 0.566366 -0.425197 0.0 0.566131 -0.424989 0.0 0.565895 -0.424782 0.0 0.565659 -0.424575 0.0 0.565421 -0.424369 0.0 0.565183 -0.424164 0.0 0.564944 -0.42396 0.0 0.564706 -0.423756 0.0 0.564465 -0.423553 0.0 0.564225 -0.423351 0.0 0.563984 -0.42315 0.0 0.563742 -0.422949 0.0 0.5635 -0.422749 0.0 0.563257 -0.42255 0.0 0.563013 -0.422352 0.0 0.562769 -0.422154 0.0 0.562524 -0.421957 0.0 0.562279 -0.421761 0.0 0.562032 -0.421566 0.0 0.561786 -0.421371 0.0 0.561538 -0.421178 0.0 0.561291 -0.420984 0.0 0.561042 -0.420793 0.0 0.560793 -0.420601 0.0 0.560543 -0.420411 0.0 0.560293 -0.420221 0.0 0.560042 -0.420032 0.0 0.55979 -0.419843 0.0 0.559538 -0.419656 0.0 0.559286 -0.419469 0.0 0.559032 -0.419284 0.0 0.558779 -0.419098 0.0 0.558524 -0.418914 0.0 0.558269 -0.418731 0.0 0.558013 -0.418548 0.0 0.557757 -0.418366 0.0 0.5575 -0.418185 0.0 0.557243 -0.418005 0.0 0.556985 -0.417826 0.0 0.556727 -0.417647 0.0 0.556468 -0.417469 0.0 0.556208 -0.417292 0.0 0.555948 -0.417116 0.0 0.555688 -0.41694 0.0 0.555426 -0.416766 0.0 0.555165 -0.416592 0.0 0.554902 -0.41642 0.0 0.554639 -0.416247 0.0 0.554376 -0.416076 0.0 0.554112 -0.415906 0.0 0.553847 -0.415736 0.0 0.553583 -0.415567 0.0 0.553317 -0.4154 0.0 0.553051 -0.415232 0.0 0.552784 -0.415066 0.0 0.552517 -0.414901 0.0 0.55225 -0.414736 0.0 0.551982 -0.414572 0.0 0.551713 -0.41441 0.0 0.551444 -0.414247 0.0 0.551174 -0.414087 0.0 0.550904 -0.413926 0.0 0.550633 -0.413767 0.0 0.550362 -0.413608 0.0 0.55009 -0.41345 0.0 0.549819 -0.413293 0.0 0.549546 -0.413137 0.0 0.549273 -0.412982 0.0 0.548999 -0.412828 0.0 0.548725 -0.412674 0.0 0.54845 -0.412522 0.0 0.548175 -0.412369 0.0 0.5479 -0.412219 0.0 0.547624 -0.412068 0.0 0.547347 -0.41192 0.0 0.54707 -0.411771 0.0 0.546793 -0.411624 0.0 0.546515 -0.411477 0.0 0.546237 -0.411332 0.0 0.545958 -0.411186 0.0 0.545679 -0.411043 0.0 0.545399 -0.410899 0.0 0.545119 -0.410758 0.0 0.544838 -0.410616 0.0 0.544557 -0.410476 0.0 0.544276 -0.410336 0.0 0.543994 -0.410198 0.0 0.543712 -0.410059 0.0 0.543429 -0.409923 0.0 0.543146 -0.409787 0.0 0.542862 -0.409652 0.0 0.542578 -0.409517 0.0 0.542293 -0.409384 0.0 0.542009 -0.409252 0.0 0.541723 -0.40912 0.0 0.541438 -0.408989 0.0 0.541151 -0.40886 0.0 0.540865 -0.408731 0.0 0.540578 -0.408603 0.0 0.540291 -0.408476 0.0 0.540003 -0.40835 0.0 0.539715 -0.408225 0.0 0.539426 -0.408101 0.0 0.539137 -0.407977 0.0 0.538848 -0.407855 0.0 0.538558 -0.407733 0.0 0.538268 -0.407613 0.0 0.537978 -0.407492 0.0 0.537687 -0.407374 0.0 0.537396 -0.407255 0.0 0.537104 -0.407139 0.0 0.536812 -0.407022 0.0 0.53652 -0.406908 0.0 0.536228 -0.406793 0.0 0.535934 -0.40668 0.0 0.535641 -0.406567 0.0 0.535347 -0.406456 0.0 0.535053 -0.406345 0.0 0.534759 -0.406236 0.0 0.534464 -0.406127 0.0 0.534169 -0.406019 0.0 0.533874 -0.405912 0.0 0.533578 -0.405806 0.0 0.533282 -0.405701 0.0 0.532985 -0.405597 0.0 0.532689 -0.405494 0.0 0.532392 -0.405392 0.0 0.532094 -0.40529 0.0 0.531797 -0.40519 0.0 0.531499 -0.40509 0.0 0.5312 -0.404992 0.0 0.530902 -0.404894 0.0 0.530603 -0.404798 0.0 0.530304 -0.404702 0.0 0.530004 -0.404608 0.0 0.529704 -0.404514 0.0 0.529404 -0.404421 0.0 0.529104 -0.404329 0.0 0.528803 -0.404238 0.0 0.528502 -0.404148 0.0 0.528201 -0.404059 0.0 0.527899 -0.403971 0.0 0.527597 -0.403884 0.0 0.527295 -0.403797 0.0 0.526993 -0.403712 0.0 0.52669 -0.403628 0.0 0.526387 -0.403545 0.0 0.526084 -0.403462 0.0 0.525781 -0.403381 0.0 0.525477 -0.4033 0.0 0.525173 -0.403221 0.0 0.524869 -0.403142 0.0 0.524564 -0.403065 0.0 0.52426 -0.402987 0.0 0.523955 -0.402912 0.0 0.52365 -0.402837 0.0 0.523344 -0.402763 0.0 0.523039 -0.40269 0.0 0.522733 -0.402619 0.0 0.522427 -0.402547 0.0 0.522121 -0.402478 0.0 0.521814 -0.402408 0.0 0.521508 -0.402341 0.0 0.521201 -0.402273 0.0 0.520893 -0.402208 0.0 0.520586 -0.402142 0.0 0.520279 -0.402078 0.0 0.519971 -0.402014 0.0 0.519663 -0.401953 0.0 0.519355 -0.401891 0.0 0.519047 -0.401831 0.0 0.518738 -0.401771 0.0 0.518429 -0.401713 0.0 0.518121 -0.401655 0.0 0.517811 -0.4016 0.0 0.517502 -0.401544 0.0 0.517193 -0.40149 0.0 0.516883 -0.401436 0.0 0.516574 -0.401383 0.0 0.516264 -0.401331 0.0 0.515954 -0.401281 0.0 0.515643 -0.401231 0.0 0.515333 -0.401183 0.0 0.515023 -0.401135 0.0 0.514712 -0.401089 0.0 0.514401 -0.401042 0.0 0.51409 -0.400998 0.0 0.513779 -0.400954 0.0 0.513468 -0.400912 0.0 0.513156 -0.400869 0.0 0.512845 -0.400829 0.0 0.512533 -0.400789 0.0 0.512222 -0.40075 0.0 0.51191 -0.400712 0.0 0.511598 -0.400675 0.0 0.511286 -0.400639 0.0 0.510973 -0.400604 0.0 0.510661 -0.40057 0.0 0.510349 -0.400537 0.0 0.510036 -0.400505 0.0 0.509724 -0.400474 0.0 0.509411 -0.400444 0.0 0.509098 -0.400415 0.0 0.508785 -0.400387 0.0 0.508472 -0.40036 0.0 0.508159 -0.400333 0.0 0.507846 -0.400309 0.0 0.507533 -0.400284 0.0 0.507219 -0.400261 0.0 0.506906 -0.400239 0.0 0.506593 -0.400218 0.0 0.506279 -0.400197 0.0 0.505965 -0.400179 0.0 0.505652 -0.40016 0.0 0.505338 -0.400143 0.0 0.505024 -0.400126 0.0 0.504711 -0.400112 0.0 0.504397 -0.400097 0.0 0.504083 -0.400084 0.0 0.503769 -0.400071 0.0 0.503455 -0.40006 0.0 0.503141 -0.400049 0.0 0.502827 -0.40004 0.0 0.502513 -0.400032 0.0 0.502199 -0.400025 0.0 0.501885 -0.400018 0.0 0.501571 -0.400013 0.0 0.501257 -0.400008 0.0 0.500942 -0.400005 0.0 0.500628 -0.400002 0.0 0.500314 -0.400001 0.0 0.5 -0.4 0.0 0.499686 -0.400001 0.0 0.499372 -0.400002 0.0 0.499058 -0.400005 0.0 0.498743 -0.400008 0.0 0.498429 -0.400013 0.0 0.498115 -0.400018 0.0 0.497801 -0.400025 0.0 0.497487 -0.400032 0.0 0.497173 -0.40004 0.0 0.496859 -0.400049 0.0 0.496545 -0.40006 0.0 0.496231 -0.400071 0.0 0.495917 -0.400084 0.0 0.495603 -0.400097 0.0 0.495289 -0.400112 0.0 0.494976 -0.400126 0.0 0.494662 -0.400143 0.0 0.494348 -0.40016 0.0 0.494035 -0.400179 0.0 0.493721 -0.400197 0.0 0.493407 -0.400218 0.0 0.493094 -0.400239 0.0 0.492781 -0.400261 0.0 0.492467 -0.400284 0.0 0.492154 -0.400309 0.0 0.491841 -0.400333 0.0 0.491528 -0.40036 0.0 0.491215 -0.400387 0.0 0.490902 -0.400415 0.0 0.490589 -0.400444 0.0 0.490276 -0.400474 0.0 0.489964 -0.400505 0.0 0.489651 -0.400537 0.0 0.489339 -0.40057 0.0 0.489027 -0.400604 0.0 0.488714 -0.400639 0.0 0.488402 -0.400675 0.0 0.48809 -0.400712 0.0 0.487778 -0.40075 0.0 0.487467 -0.400789 0.0 0.487155 -0.400829 0.0 0.486844 -0.400869 0.0 0.486532 -0.400912 0.0 0.486221 -0.400954 0.0 0.48591 -0.400998 0.0 0.485599 -0.401042 0.0 0.485288 -0.401089 0.0 0.484977 -0.401135 0.0 0.484667 -0.401183 0.0 0.484357 -0.401231 0.0 0.484046 -0.401281 0.0 0.483736 -0.401331 0.0 0.483426 -0.401383 0.0 0.483117 -0.401436 0.0 0.482807 -0.40149 0.0 0.482498 -0.401544 0.0 0.482189 -0.4016 0.0 0.481879 -0.401655 0.0 0.481571 -0.401713 0.0 0.481262 -0.401771 0.0 0.480953 -0.401831 0.0 0.480645 -0.401891 0.0 0.480337 -0.401953 0.0 0.480029 -0.402014 0.0 0.479721 -0.402078 0.0 0.479414 -0.402142 0.0 0.479107 -0.402208 0.0 0.478799 -0.402273 0.0 0.478492 -0.402341 0.0 0.478186 -0.402408 0.0 0.477879 -0.402478 0.0 0.477573 -0.402547 0.0 0.477267 -0.402619 0.0 0.476961 -0.40269 0.0 0.476656 -0.402763 0.0 0.47635 -0.402837 0.0 0.476045 -0.402912 0.0 0.47574 -0.402987 0.0 0.475436 -0.403065 0.0 0.475131 -0.403142 0.0 0.474827 -0.403221 0.0 0.474523 -0.4033 0.0 0.474219 -0.403381 0.0 0.473916 -0.403462 0.0 0.473613 -0.403545 0.0 0.47331 -0.403628 0.0 0.473007 -0.403712 0.0 0.472705 -0.403797 0.0 0.472403 -0.403884 0.0 0.472101 -0.403971 0.0 0.471799 -0.404059 0.0 0.471498 -0.404148 0.0 0.471197 -0.404238 0.0 0.470896 -0.404329 0.0 0.470596 -0.404421 0.0 0.470296 -0.404514 0.0 0.469996 -0.404608 0.0 0.469696 -0.404702 0.0 0.469397 -0.404798 0.0 0.469098 -0.404894 0.0 0.4688 -0.404992 0.0 0.468501 -0.40509 0.0 0.468203 -0.40519 0.0 0.467906 -0.40529 0.0 0.467608 -0.405392 0.0 0.467311 -0.405494 0.0 0.467015 -0.405597 0.0 0.466718 -0.405701 0.0 0.466422 -0.405806 0.0 0.466126 -0.405912 0.0 0.465831 -0.406019 0.0 0.465536 -0.406127 0.0 0.465241 -0.406236 0.0 0.464947 -0.406345 0.0 0.464653 -0.406456 0.0 0.464359 -0.406567 0.0 0.464066 -0.40668 0.0 0.463772 -0.406793 0.0 0.46348 -0.406908 0.0 0.463188 -0.407022 0.0 0.462896 -0.407139 0.0 0.462604 -0.407255 0.0 0.462313 -0.407374 0.0 0.462022 -0.407492 0.0 0.461732 -0.407613 0.0 0.461442 -0.407733 0.0 0.461152 -0.407855 0.0 0.460863 -0.407977 0.0 0.460574 -0.408101 0.0 0.460285 -0.408225 0.0 0.459997 -0.40835 0.0 0.459709 -0.408476 0.0 0.459422 -0.408603 0.0 0.459135 -0.408731 0.0 0.458849 -0.40886 0.0 0.458562 -0.408989 0.0 0.458277 -0.40912 0.0 0.457991 -0.409252 0.0 0.457707 -0.409384 0.0 0.457422 -0.409517 0.0 0.457138 -0.409652 0.0 0.456854 -0.409787 0.0 0.456571 -0.409923 0.0 0.456288 -0.410059 0.0 0.456006 -0.410198 0.0 0.455724 -0.410336 0.0 0.455443 -0.410476 0.0 0.455162 -0.410616 0.0 0.454881 -0.410758 0.0 0.454601 -0.410899 0.0 0.454321 -0.411043 0.0 0.454042 -0.411186 0.0 0.453763 -0.411332 0.0 0.453485 -0.411477 0.0 0.453207 -0.411624 0.0 0.45293 -0.411771 0.0 0.452653 -0.41192 0.0 0.452376 -0.412068 0.0 0.4521 -0.412219 0.0 0.451825 -0.412369 0.0 0.45155 -0.412522 0.0 0.451275 -0.412674 0.0 0.451001 -0.412828 0.0 0.450727 -0.412982 0.0 0.450454 -0.413137 0.0 0.450181 -0.413293 0.0 0.44991 -0.41345 0.0 0.449638 -0.413608 0.0 0.449367 -0.413767 0.0 0.449096 -0.413926 0.0 0.448826 -0.414087 0.0 0.448556 -0.414247 0.0 0.448287 -0.41441 0.0 0.448018 -0.414572 0.0 0.44775 -0.414736 0.0 0.447483 -0.414901 0.0 0.447216 -0.415066 0.0 0.446949 -0.415232 0.0 0.446683 -0.4154 0.0 0.446417 -0.415567 0.0 0.446153 -0.415736 0.0 0.445888 -0.415906 0.0 0.445624 -0.416076 0.0 0.445361 -0.416247 0.0 0.445098 -0.41642 0.0 0.444835 -0.416592 0.0 0.444574 -0.416766 0.0 0.444312 -0.41694 0.0 0.444052 -0.417116 0.0 0.443792 -0.417292 0.0 0.443532 -0.417469 0.0 0.443273 -0.417647 0.0 0.443015 -0.417826 0.0 0.442757 -0.418005 0.0 0.4425 -0.418185 0.0 0.442243 -0.418366 0.0 0.441987 -0.418548 0.0 0.441731 -0.418731 0.0 0.441476 -0.418914 0.0 0.441221 -0.419098 0.0 0.440968 -0.419284 0.0 0.440714 -0.419469 0.0 0.440462 -0.419656 0.0 0.44021 -0.419843 0.0 0.439958 -0.420032 0.0 0.439707 -0.420221 0.0 0.439457 -0.420411 0.0 0.439207 -0.420601 0.0 0.438958 -0.420793 0.0 0.438709 -0.420984 0.0 0.438462 -0.421178 0.0 0.438214 -0.421371 0.0 0.437968 -0.421566 0.0 0.437721 -0.421761 0.0 0.437476 -0.421957 0.0 0.437231 -0.422154 0.0 0.436987 -0.422352 0.0 0.436743 -0.42255 0.0 0.4365 -0.422749 0.0 0.436258 -0.422949 0.0 0.436016 -0.42315 0.0 0.435775 -0.423351 0.0 0.435535 -0.423553 0.0 0.435294 -0.423756 0.0 0.435056 -0.42396 0.0 0.434817 -0.424164 0.0 0.434579 -0.424369 0.0 0.434341 -0.424575 0.0 0.434105 -0.424782 0.0 0.433869 -0.424989 0.0 0.433634 -0.425197 0.0 0.433399 -0.425406 0.0 0.433165 -0.425616 0.0 0.432931 -0.425826 0.0 0.432699 -0.426037 0.0 0.432467 -0.426249 0.0 0.432236 -0.426462 0.0 0.432005 -0.426674 0.0 0.431775 -0.426889 0.0 0.431545 -0.427103 0.0 0.431317 -0.427319 0.0 0.431089 -0.427535 0.0 0.430862 -0.427752 0.0 0.430635 -0.427969 0.0 0.430409 -0.428188 0.0 0.430183 -0.428406 0.0 0.429959 -0.428626 0.0 0.429735 -0.428846 0.0 0.429512 -0.429068 0.0 0.429289 -0.429289 0.0 0.429068 -0.429512 0.0 0.428846 -0.429735 0.0 0.428626 -0.429959 0.0 0.428406 -0.430183 0.0 0.428188 -0.430409 0.0 0.427969 -0.430635 0.0 0.427752 -0.430862 0.0 0.427535 -0.431089 0.0 0.427319 -0.431317 0.0 0.427103 -0.431545 0.0 0.426889 -0.431775 0.0 0.426674 -0.432005 0.0 0.426462 -0.432236 0.0 0.426249 -0.432467 0.0 0.426037 -0.432699 0.0 0.425826 -0.432931 0.0 0.425616 -0.433165 0.0 0.425406 -0.433399 0.0 0.425197 -0.433634 0.0 0.424989 -0.433869 0.0 0.424782 -0.434105 0.0 0.424575 -0.434341 0.0 0.424369 -0.434579 0.0 0.424164 -0.434817 0.0 0.42396 -0.435056 0.0 0.423756 -0.435294 0.0 0.423553 -0.435535 0.0 0.423351 -0.435775 0.0 0.42315 -0.436016 0.0 0.422949 -0.436258 0.0 0.422749 -0.4365 0.0 0.42255 -0.436743 0.0 0.422352 -0.436987 0.0 0.422154 -0.437231 0.0 0.421957 -0.437476 0.0 0.421761 -0.437721 0.0 0.421566 -0.437968 0.0 0.421371 -0.438214 0.0 0.421178 -0.438462 0.0 0.420984 -0.438709 0.0 0.420793 -0.438958 0.0 0.420601 -0.439207 0.0 0.420411 -0.439457 0.0 0.420221 -0.439707 0.0 0.420032 -0.439958 0.0 0.419843 -0.44021 0.0 0.419656 -0.440462 0.0 0.419469 -0.440714 0.0 0.419284 -0.440968 0.0 0.419098 -0.441221 0.0 0.418914 -0.441476 0.0 0.418731 -0.441731 0.0 0.418548 -0.441987 0.0 0.418366 -0.442243 0.0 0.418185 -0.4425 0.0 0.418005 -0.442757 0.0 0.417826 -0.443015 0.0 0.417647 -0.443273 0.0 0.417469 -0.443532 0.0 0.417292 -0.443792 0.0 0.417116 -0.444052 0.0 0.41694 -0.444312 0.0 0.416766 -0.444574 0.0 0.416592 -0.444835 0.0 0.41642 -0.445098 0.0 0.416247 -0.445361 0.0 0.416076 -0.445624 0.0 0.415906 -0.445888 0.0 0.415736 -0.446153 0.0 0.415567 -0.446417 0.0 0.4154 -0.446683 0.0 0.415232 -0.446949 0.0 0.415066 -0.447216 0.0 0.414901 -0.447483 0.0 0.414736 -0.44775 0.0 0.414572 -0.448018 0.0 0.41441 -0.448287 0.0 0.414247 -0.448556 0.0 0.414087 -0.448826 0.0 0.413926 -0.449096 0.0 0.413767 -0.449367 0.0 0.413608 -0.449638 0.0 0.41345 -0.44991 0.0 0.413293 -0.450181 0.0 0.413137 -0.450454 0.0 0.412982 -0.450727 0.0 0.412828 -0.451001 0.0 0.412674 -0.451275 0.0 0.412522 -0.45155 0.0 0.412369 -0.451825 0.0 0.412219 -0.4521 0.0 0.412068 -0.452376 0.0 0.41192 -0.452653 0.0 0.411771 -0.45293 0.0 0.411624 -0.453207 0.0 0.411477 -0.453485 0.0 0.411332 -0.453763 0.0 0.411186 -0.454042 0.0 0.411043 -0.454321 0.0 0.410899 -0.454601 0.0 0.410758 -0.454881 0.0 0.410616 -0.455162 0.0 0.410476 -0.455443 0.0 0.410336 -0.455724 0.0 0.410198 -0.456006 0.0 0.410059 -0.456288 0.0 0.409923 -0.456571 0.0 0.409787 -0.456854 0.0 0.409652 -0.457138 0.0 0.409517 -0.457422 0.0 0.409384 -0.457707 0.0 0.409252 -0.457991 0.0 0.40912 -0.458277 0.0 0.408989 -0.458562 0.0 0.40886 -0.458849 0.0 0.408731 -0.459135 0.0 0.408603 -0.459422 0.0 0.408476 -0.459709 0.0 0.40835 -0.459997 0.0 0.408225 -0.460285 0.0 0.408101 -0.460574 0.0 0.407977 -0.460863 0.0 0.407855 -0.461152 0.0 0.407733 -0.461442 0.0 0.407613 -0.461732 0.0 0.407492 -0.462022 0.0 0.407374 -0.462313 0.0 0.407255 -0.462604 0.0 0.407139 -0.462896 0.0 0.407022 -0.463188 0.0 0.406908 -0.46348 0.0 0.406793 -0.463772 0.0 0.40668 -0.464066 0.0 0.406567 -0.464359 0.0 0.406456 -0.464653 0.0 0.406345 -0.464947 0.0 0.406236 -0.465241 0.0 0.406127 -0.465536 0.0 0.406019 -0.465831 0.0 0.405912 -0.466126 0.0 0.405806 -0.466422 0.0 0.405701 -0.466718 0.0 0.405597 -0.467015 0.0 0.405494 -0.467311 0.0 0.405392 -0.467608 0.0 0.40529 -0.467906 0.0 0.40519 -0.468203 0.0 0.40509 -0.468501 0.0 0.404992 -0.4688 0.0 0.404894 -0.469098 0.0 0.404798 -0.469397 0.0 0.404702 -0.469696 0.0 0.404608 -0.469996 0.0 0.404514 -0.470296 0.0 0.404421 -0.470596 0.0 0.404329 -0.470896 0.0 0.404238 -0.471197 0.0 0.404148 -0.471498 0.0 0.404059 -0.471799 0.0 0.403971 -0.472101 0.0 0.403884 -0.472403 0.0 0.403797 -0.472705 0.0 0.403712 -0.473007 0.0 0.403628 -0.47331 0.0 0.403545 -0.473613 0.0 0.403462 -0.473916 0.0 0.403381 -0.474219 0.0 0.4033 -0.474523 0.0 0.403221 -0.474827 0.0 0.403142 -0.475131 0.0 0.403065 -0.475436 0.0 0.402987 -0.47574 0.0 0.402912 -0.476045 0.0 0.402837 -0.47635 0.0 0.402763 -0.476656 0.0 0.40269 -0.476961 0.0 0.402619 -0.477267 0.0 0.402547 -0.477573 0.0 0.402478 -0.477879 0.0 0.402408 -0.478186 0.0 0.402341 -0.478492 0.0 0.402273 -0.478799 0.0 0.402208 -0.479107 0.0 0.402142 -0.479414 0.0 0.402078 -0.479721 0.0 0.402014 -0.480029 0.0 0.401953 -0.480337 0.0 0.401891 -0.480645 0.0 0.401831 -0.480953 0.0 0.401771 -0.481262 0.0 0.401713 -0.481571 0.0 0.401655 -0.481879 0.0 0.4016 -0.482189 0.0 0.401544 -0.482498 0.0 0.40149 -0.482807 0.0 0.401436 -0.483117 0.0 0.401383 -0.483426 0.0 0.401331 -0.483736 0.0 0.401281 -0.484046 0.0 0.401231 -0.484357 0.0 0.401183 -0.484667 0.0 0.401135 -0.484977 0.0 0.401089 -0.485288 0.0 0.401042 -0.485599 0.0 0.400998 -0.48591 0.0 0.400954 -0.486221 0.0 0.400912 -0.486532 0.0 0.400869 -0.486844 0.0 0.400829 -0.487155 0.0 0.400789 -0.487467 0.0 0.40075 -0.487778 0.0 0.400712 -0.48809 0.0 0.400675 -0.488402 0.0 0.400639 -0.488714 0.0 0.400604 -0.489027 0.0 0.40057 -0.489339 0.0 0.400537 -0.489651 0.0 0.400505 -0.489964 0.0 0.400474 -0.490276 0.0 0.400444 -0.490589 0.0 0.400415 -0.490902 0.0 0.400387 -0.491215 0.0 0.40036 -0.491528 0.0 0.400333 -0.491841 0.0 0.400309 -0.492154 0.0 0.400284 -0.492467 0.0 0.400261 -0.492781 0.0 0.400239 -0.493094 0.0 0.400218 -0.493407 0.0 0.400197 -0.493721 0.0 0.400179 -0.494035 0.0 0.40016 -0.494348 0.0 0.400143 -0.494662 0.0 0.400126 -0.494976 0.0 0.400112 -0.495289 0.0 0.400097 -0.495603 0.0 0.400084 -0.495917 0.0 0.400071 -0.496231 0.0 0.40006 -0.496545 0.0 0.400049 -0.496859 0.0 0.40004 -0.497173 0.0 0.400032 -0.497487 0.0 0.400025 -0.497801 0.0 0.400018 -0.498115 0.0 0.400013 -0.498429 0.0 0.400008 -0.498743 0.0 0.400005 -0.499058 0.0 0.400002 -0.499372 0.0 0.400001 -0.499686 0.0 0.4 -0.5 0.0 0.400001 -0.500314 0.0 0.400002 -0.500628 0.0 0.400005 -0.500942 0.0 0.400008 -0.501257 0.0 0.400013 -0.501571 0.0 0.400018 -0.501885 0.0 0.400025 -0.502199 0.0 0.400032 -0.502513 0.0 0.40004 -0.502827 0.0 0.400049 -0.503141 0.0 0.40006 -0.503455 0.0 0.400071 -0.503769 0.0 0.400084 -0.504083 0.0 0.400097 -0.504397 0.0 0.400112 -0.504711 0.0 0.400126 -0.505024 0.0 0.400143 -0.505338 0.0 0.40016 -0.505652 0.0 0.400179 -0.505965 0.0 0.400197 -0.506279 0.0 0.400218 -0.506593 0.0 0.400239 -0.506906 0.0 0.400261 -0.507219 0.0 0.400284 -0.507533 0.0 0.400309 -0.507846 0.0 0.400333 -0.508159 0.0 0.40036 -0.508472 0.0 0.400387 -0.508785 0.0 0.400415 -0.509098 0.0 0.400444 -0.509411 0.0 0.400474 -0.509724 0.0 0.400505 -0.510036 0.0 0.400537 -0.510349 0.0 0.40057 -0.510661 0.0 0.400604 -0.510973 0.0 0.400639 -0.511286 0.0 0.400675 -0.511598 0.0 0.400712 -0.51191 0.0 0.40075 -0.512222 0.0 0.400789 -0.512533 0.0 0.400829 -0.512845 0.0 0.400869 -0.513156 0.0 0.400912 -0.513468 0.0 0.400954 -0.513779 0.0 0.400998 -0.51409 0.0 0.401042 -0.514401 0.0 0.401089 -0.514712 0.0 0.401135 -0.515023 0.0 0.401183 -0.515333 0.0 0.401231 -0.515643 0.0 0.401281 -0.515954 0.0 0.401331 -0.516264 0.0 0.401383 -0.516574 0.0 0.401436 -0.516883 0.0 0.40149 -0.517193 0.0 0.401544 -0.517502 0.0 0.4016 -0.517811 0.0 0.401655 -0.518121 0.0 0.401713 -0.518429 0.0 0.401771 -0.518738 0.0 0.401831 -0.519047 0.0 0.401891 -0.519355 0.0 0.401953 -0.519663 0.0 0.402014 -0.519971 0.0 0.402078 -0.520279 0.0 0.402142 -0.520586 0.0 0.402208 -0.520893 0.0 0.402273 -0.521201 0.0 0.402341 -0.521508 0.0 0.402408 -0.521814 0.0 0.402478 -0.522121 0.0 0.402547 -0.522427 0.0 0.402619 -0.522733 0.0 0.40269 -0.523039 0.0 0.402763 -0.523344 0.0 0.402837 -0.52365 0.0 0.402912 -0.523955 0.0 0.402987 -0.52426 0.0 0.403065 -0.524564 0.0 0.403142 -0.524869 0.0 0.403221 -0.525173 0.0 0.4033 -0.525477 0.0 0.403381 -0.525781 0.0 0.403462 -0.526084 0.0 0.403545 -0.526387 0.0 0.403628 -0.52669 0.0 0.403712 -0.526993 0.0 0.403797 -0.527295 0.0 0.403884 -0.527597 0.0 0.403971 -0.527899 0.0 0.404059 -0.528201 0.0 0.404148 -0.528502 0.0 0.404238 -0.528803 0.0 0.404329 -0.529104 0.0 0.404421 -0.529404 0.0 0.404514 -0.529704 0.0 0.404608 -0.530004 0.0 0.404702 -0.530304 0.0 0.404798 -0.530603 0.0 0.404894 -0.530902 0.0 0.404992 -0.5312 0.0 0.40509 -0.531499 0.0 0.40519 -0.531797 0.0 0.40529 -0.532094 0.0 0.405392 -0.532392 0.0 0.405494 -0.532689 0.0 0.405597 -0.532985 0.0 0.405701 -0.533282 0.0 0.405806 -0.533578 0.0 0.405912 -0.533874 0.0 0.406019 -0.534169 0.0 0.406127 -0.534464 0.0 0.406236 -0.534759 0.0 0.406345 -0.535053 0.0 0.406456 -0.535347 0.0 0.406567 -0.535641 0.0 0.40668 -0.535934 0.0 0.406793 -0.536228 0.0 0.406908 -0.53652 0.0 0.407022 -0.536812 0.0 0.407139 -0.537104 0.0 0.407255 -0.537396 0.0 0.407374 -0.537687 0.0 0.407492 -0.537978 0.0 0.407613 -0.538268 0.0 0.407733 -0.538558 0.0 0.407855 -0.538848 0.0 0.407977 -0.539137 0.0 0.408101 -0.539426 0.0 0.408225 -0.539715 0.0 0.40835 -0.540003 0.0 0.408476 -0.540291 0.0 0.408603 -0.540578 0.0 0.408731 -0.540865 0.0 0.40886 -0.541151 0.0 0.408989 -0.541438 0.0 0.40912 -0.541723 0.0 0.409252 -0.542009 0.0 0.409384 -0.542293 0.0 0.409517 -0.542578 0.0 0.409652 -0.542862 0.0 0.409787 -0.543146 0.0 0.409923 -0.543429 0.0 0.410059 -0.543712 0.0 0.410198 -0.543994 0.0 0.410336 -0.544276 0.0 0.410476 -0.544557 0.0 0.410616 -0.544838 0.0 0.410758 -0.545119 0.0 0.410899 -0.545399 0.0 0.411043 -0.545679 0.0 0.411186 -0.545958 0.0 0.411332 -0.546237 0.0 0.411477 -0.546515 0.0 0.411624 -0.546793 0.0 0.411771 -0.54707 0.0 0.41192 -0.547347 0.0 0.412068 -0.547624 0.0 0.412219 -0.5479 0.0 0.412369 -0.548175 0.0 0.412522 -0.54845 0.0 0.412674 -0.548725 0.0 0.412828 -0.548999 0.0 0.412982 -0.549273 0.0 0.413137 -0.549546 0.0 0.413293 -0.549819 0.0 0.41345 -0.55009 0.0 0.413608 -0.550362 0.0 0.413767 -0.550633 0.0 0.413926 -0.550904 0.0 0.414087 -0.551174 0.0 0.414247 -0.551444 0.0 0.41441 -0.551713 0.0 0.414572 -0.551982 0.0 0.414736 -0.55225 0.0 0.414901 -0.552517 0.0 0.415066 -0.552784 0.0 0.415232 -0.553051 0.0 0.4154 -0.553317 0.0 0.415567 -0.553583 0.0 0.415736 -0.553847 0.0 0.415906 -0.554112 0.0 0.416076 -0.554376 0.0 0.416247 -0.554639 0.0 0.41642 -0.554902 0.0 0.416592 -0.555165 0.0 0.416766 -0.555426 0.0 0.41694 -0.555688 0.0 0.417116 -0.555948 0.0 0.417292 -0.556208 0.0 0.417469 -0.556468 0.0 0.417647 -0.556727 0.0 0.417826 -0.556985 0.0 0.418005 -0.557243 0.0 0.418185 -0.5575 0.0 0.418366 -0.557757 0.0 0.418548 -0.558013 0.0 0.418731 -0.558269 0.0 0.418914 -0.558524 0.0 0.419098 -0.558779 0.0 0.419284 -0.559032 0.0 0.419469 -0.559286 0.0 0.419656 -0.559538 0.0 0.419843 -0.55979 0.0 0.420032 -0.560042 0.0 0.420221 -0.560293 0.0 0.420411 -0.560543 0.0 0.420601 -0.560793 0.0 0.420793 -0.561042 0.0 0.420984 -0.561291 0.0 0.421178 -0.561538 0.0 0.421371 -0.561786 0.0 0.421566 -0.562032 0.0 0.421761 -0.562279 0.0 0.421957 -0.562524 0.0 0.422154 -0.562769 0.0 0.422352 -0.563013 0.0 0.42255 -0.563257 0.0 0.422749 -0.5635 0.0 0.422949 -0.563742 0.0 0.42315 -0.563984 0.0 0.423351 -0.564225 0.0 0.423553 -0.564465 0.0 0.423756 -0.564706 0.0 0.42396 -0.564944 0.0 0.424164 -0.565183 0.0 0.424369 -0.565421 0.0 0.424575 -0.565659 0.0 0.424782 -0.565895 0.0 0.424989 -0.566131 0.0 0.425197 -0.566366 0.0 0.425406 -0.566601 0.0 0.425616 -0.566835 0.0 0.425826 -0.567069 0.0 0.426037 -0.567301 0.0 0.426249 -0.567533 0.0 0.426462 -0.567764 0.0 0.426674 -0.567995 0.0 0.426889 -0.568225 0.0 0.427103 -0.568455 0.0 0.427319 -0.568683 0.0 0.427535 -0.568911 0.0 0.427752 -0.569138 0.0 0.427969 -0.569365 0.0 0.428188 -0.569591 0.0 0.428406 -0.569817 0.0 0.428626 -0.570041 0.0 0.428846 -0.570265 0.0 0.429068 -0.570488 0.0 0.429289 -0.570711 0.0 0.429512 -0.570932 0.0 0.429735 -0.571154 0.0 0.429959 -0.571374 0.0 0.430183 -0.571594 0.0 0.430409 -0.571812 0.0 0.430635 -0.572031 0.0 0.430862 -0.572248 0.0 0.431089 -0.572465 0.0 0.431317 -0.572681 0.0 0.431545 -0.572897 0.0 0.431775 -0.573111 0.0 0.432005 -0.573326 0.0 0.432236 -0.573538 0.0 0.432467 -0.573751 0.0 0.432699 -0.573963 0.0 0.432931 -0.574174 0.0 0.433165 -0.574384 0.0 0.433399 -0.574594 0.0 0.433634 -0.574803 0.0 0.433869 -0.575011 0.0 0.434105 -0.575218 0.0 0.434341 -0.575425 0.0 0.434579 -0.575631 0.0 0.434817 -0.575836 0.0 0.435056 -0.57604 0.0 0.435294 -0.576244 0.0 0.435535 -0.576447 0.0 0.435775 -0.576649 0.0 0.436016 -0.57685 0.0 0.436258 -0.577051 0.0 0.4365 -0.577251 0.0 0.436743 -0.57745 0.0 0.436987 -0.577648 0.0 0.437231 -0.577846 0.0 0.437476 -0.578043 0.0 0.437721 -0.578239 0.0 0.437968 -0.578434 0.0 0.438214 -0.578629 0.0 0.438462 -0.578822 0.0 0.438709 -0.579016 0.0 0.438958 -0.579207 0.0 0.439207 -0.579399 0.0 0.439457 -0.579589 0.0 0.439707 -0.579779 0.0 0.439958 -0.579968 0.0 0.44021 -0.580157 0.0 0.440462 -0.580344 0.0 0.440714 -0.580531 0.0 0.440968 -0.580716 0.0 0.441221 -0.580902 0.0 0.441476 -0.581086 0.0 0.441731 -0.581269 0.0 0.441987 -0.581452 0.0 0.442243 -0.581634 0.0 0.4425 -0.581815 0.0 0.442757 -0.581995 0.0 0.443015 -0.582174 0.0 0.443273 -0.582353 0.0 0.443532 -0.582531 0.0 0.443792 -0.582708 0.0 0.444052 -0.582884 0.0 0.444312 -0.58306 0.0 0.444574 -0.583234 0.0 0.444835 -0.583408 0.0 0.445098 -0.58358 0.0 0.445361 -0.583753 0.0 0.445624 -0.583924 0.0 0.445888 -0.584094 0.0 0.446153 -0.584264 0.0 0.446417 -0.584433 0.0 0.446683 -0.5846 0.0 0.446949 -0.584768 0.0 0.447216 -0.584934 0.0 0.447483 -0.585099 0.0 0.44775 -0.585264 0.0 0.448018 -0.585428 0.0 0.448287 -0.58559 0.0 0.448556 -0.585753 0.0 0.448826 -0.585913 0.0 0.449096 -0.586074 0.0 0.449367 -0.586233 0.0 0.449638 -0.586392 0.0 0.44991 -0.58655 0.0 0.450181 -0.586707 0.0 0.450454 -0.586863 0.0 0.450727 -0.587018 0.0 0.451001 -0.587172 0.0 0.451275 -0.587326 0.0 0.45155 -0.587478 0.0 0.451825 -0.587631 0.0 0.4521 -0.587781 0.0 0.452376 -0.587932 0.0 0.452653 -0.58808 0.0 0.45293 -0.588229 0.0 0.453207 -0.588376 0.0 0.453485 -0.588523 0.0 0.453763 -0.588668 0.0 0.454042 -0.588814 0.0 0.454321 -0.588957 0.0 0.454601 -0.589101 0.0 0.454881 -0.589242 0.0 0.455162 -0.589384 0.0 0.455443 -0.589524 0.0 0.455724 -0.589664 0.0 0.456006 -0.589802 0.0 0.456288 -0.589941 0.0 0.456571 -0.590077 0.0 0.456854 -0.590213 0.0 0.457138 -0.590348 0.0 0.457422 -0.590483 0.0 0.457707 -0.590616 0.0 0.457991 -0.590748 0.0 0.458277 -0.59088 0.0 0.458562 -0.591011 0.0 0.458849 -0.59114 0.0 0.459135 -0.591269 0.0 0.459422 -0.591397 0.0 0.459709 -0.591524 0.0 0.459997 -0.59165 0.0 0.460285 -0.591775 0.0 0.460574 -0.591899 0.0 0.460863 -0.592023 0.0 0.461152 -0.592145 0.0 0.461442 -0.592267 0.0 0.461732 -0.592387 0.0 0.462022 -0.592508 0.0 0.462313 -0.592626 0.0 0.462604 -0.592745 0.0 0.462896 -0.592861 0.0 0.463188 -0.592978 0.0 0.46348 -0.593092 0.0 0.463772 -0.593207 0.0 0.464066 -0.59332 0.0 0.464359 -0.593433 0.0 0.464653 -0.593544 0.0 0.464947 -0.593655 0.0 0.465241 -0.593764 0.0 0.465536 -0.593873 0.0 0.465831 -0.593981 0.0 0.466126 -0.594088 0.0 0.466422 -0.594194 0.0 0.466718 -0.594299 0.0 0.467015 -0.594403 0.0 0.467311 -0.594506 0.0 0.467608 -0.594608 0.0 0.467906 -0.59471 0.0 0.468203 -0.59481 0.0 0.468501 -0.59491 0.0 0.4688 -0.595008 0.0 0.469098 -0.595106 0.0 0.469397 -0.595202 0.0 0.469696 -0.595298 0.0 0.469996 -0.595392 0.0 0.470296 -0.595486 0.0 0.470596 -0.595579 0.0 0.470896 -0.595671 0.0 0.471197 -0.595762 0.0 0.471498 -0.595852 0.0 0.471799 -0.595941 0.0 0.472101 -0.596029 0.0 0.472403 -0.596116 0.0 0.472705 -0.596203 0.0 0.473007 -0.596288 0.0 0.47331 -0.596372 0.0 0.473613 -0.596455 0.0 0.473916 -0.596538 0.0 0.474219 -0.596619 0.0 0.474523 -0.5967 0.0 0.474827 -0.596779 0.0 0.475131 -0.596858 0.0 0.475436 -0.596935 0.0 0.47574 -0.597013 0.0 0.476045 -0.597088 0.0 0.47635 -0.597163 0.0 0.476656 -0.597237 0.0 0.476961 -0.59731 0.0 0.477267 -0.597381 0.0 0.477573 -0.597453 0.0 0.477879 -0.597522 0.0 0.478186 -0.597592 0.0 0.478492 -0.597659 0.0 0.478799 -0.597727 0.0 0.479107 -0.597792 0.0 0.479414 -0.597858 0.0 0.479721 -0.597922 0.0 0.480029 -0.597986 0.0 0.480337 -0.598047 0.0 0.480645 -0.598109 0.0 0.480953 -0.598169 0.0 0.481262 -0.598229 0.0 0.481571 -0.598287 0.0 0.481879 -0.598345 0.0 0.482189 -0.5984 0.0 0.482498 -0.598456 0.0 0.482807 -0.59851 0.0 0.483117 -0.598564 0.0 0.483426 -0.598617 0.0 0.483736 -0.598669 0.0 0.484046 -0.598719 0.0 0.484357 -0.598769 0.0 0.484667 -0.598817 0.0 0.484977 -0.598865 0.0 0.485288 -0.598911 0.0 0.485599 -0.598958 0.0 0.48591 -0.599002 0.0 0.486221 -0.599046 0.0 0.486532 -0.599088 0.0 0.486844 -0.599131 0.0 0.487155 -0.599171 0.0 0.487467 -0.599211 0.0 0.487778 -0.59925 0.0 0.48809 -0.599288 0.0 0.488402 -0.599325 0.0 0.488714 -0.599361 0.0 0.489027 -0.599396 0.0 0.489339 -0.59943 0.0 0.489651 -0.599463 0.0 0.489964 -0.599495 0.0 0.490276 -0.599526 0.0 0.490589 -0.599556 0.0 0.490902 -0.599585 0.0 0.491215 -0.599613 0.0 0.491528 -0.59964 0.0 0.491841 -0.599667 0.0 0.492154 -0.599691 0.0 0.492467 -0.599716 0.0 0.492781 -0.599739 0.0 0.493094 -0.599761 0.0 0.493407 -0.599782 0.0 0.493721 -0.599803 0.0 0.494035 -0.599821 0.0 0.494348 -0.59984 0.0 0.494662 -0.599857 0.0 0.494976 -0.599874 0.0 0.495289 -0.599888 0.0 0.495603 -0.599903 0.0 0.495917 -0.599916 0.0 0.496231 -0.599929 0.0 0.496545 -0.59994 0.0 0.496859 -0.599951 0.0 0.497173 -0.59996 0.0 0.497487 -0.599968 0.0 0.497801 -0.599975 0.0 0.498115 -0.599982 0.0 0.498429 -0.599987 0.0 0.498743 -0.599992 0.0 0.499058 -0.599995 0.0 0.499372 -0.599998 0.0 0.499686 -0.599999 0.0 0.5 -0.6 0.0 0.500314 -0.599999 0.0 0.500628 -0.599998 0.0 0.500942 -0.599995 0.0 0.501257 -0.599992 0.0 0.501571 -0.599987 0.0 0.501885 -0.599982 0.0 0.502199 -0.599975 0.0 0.502513 -0.599968 0.0 0.502827 -0.59996 0.0 0.503141 -0.599951 0.0 0.503455 -0.59994 0.0 0.503769 -0.599929 0.0 0.504083 -0.599916 0.0 0.504397 -0.599903 0.0 0.504711 -0.599888 0.0 0.505024 -0.599874 0.0 0.505338 -0.599857 0.0 0.505652 -0.59984 0.0 0.505965 -0.599821 0.0 0.506279 -0.599803 0.0 0.506593 -0.599782 0.0 0.506906 -0.599761 0.0 0.507219 -0.599739 0.0 0.507533 -0.599716 0.0 0.507846 -0.599691 0.0 0.508159 -0.599667 0.0 0.508472 -0.59964 0.0 0.508785 -0.599613 0.0 0.509098 -0.599585 0.0 0.509411 -0.599556 0.0 0.509724 -0.599526 0.0 0.510036 -0.599495 0.0 0.510349 -0.599463 0.0 0.510661 -0.59943 0.0 0.510973 -0.599396 0.0 0.511286 -0.599361 0.0 0.511598 -0.599325 0.0 0.51191 -0.599288 0.0 0.512222 -0.59925 0.0 0.512533 -0.599211 0.0 0.512845 -0.599171 0.0 0.513156 -0.599131 0.0 0.513468 -0.599088 0.0 0.513779 -0.599046 0.0 0.51409 -0.599002 0.0 0.514401 -0.598958 0.0 0.514712 -0.598911 0.0 0.515023 -0.598865 0.0 0.515333 -0.598817 0.0 0.515643 -0.598769 0.0 0.515954 -0.598719 0.0 0.516264 -0.598669 0.0 0.516574 -0.598617 0.0 0.516883 -0.598564 0.0 0.517193 -0.59851 0.0 0.517502 -0.598456 0.0 0.517811 -0.5984 0.0 0.518121 -0.598345 0.0 0.518429 -0.598287 0.0 0.518738 -0.598229 0.0 0.519047 -0.598169 0.0 0.519355 -0.598109 0.0 0.519663 -0.598047 0.0 0.519971 -0.597986 0.0 0.520279 -0.597922 0.0 0.520586 -0.597858 0.0 0.520893 -0.597792 0.0 0.521201 -0.597727 0.0 0.521508 -0.597659 0.0 0.521814 -0.597592 0.0 0.522121 -0.597522 0.0 0.522427 -0.597453 0.0 0.522733 -0.597381 0.0 0.523039 -0.59731 0.0 0.523344 -0.597237 0.0 0.52365 -0.597163 0.0 0.523955 -0.597088 0.0 0.52426 -0.597013 0.0 0.524564 -0.596935 0.0 0.524869 -0.596858 0.0 0.525173 -0.596779 0.0 0.525477 -0.5967 0.0 0.525781 -0.596619 0.0 0.526084 -0.596538 0.0 0.526387 -0.596455 0.0 0.52669 -0.596372 0.0 0.526993 -0.596288 0.0 0.527295 -0.596203 0.0 0.527597 -0.596116 0.0 0.527899 -0.596029 0.0 0.528201 -0.595941 0.0 0.528502 -0.595852 0.0 0.528803 -0.595762 0.0 0.529104 -0.595671 0.0 0.529404 -0.595579 0.0 0.529704 -0.595486 0.0 0.530004 -0.595392 0.0 0.530304 -0.595298 0.0 0.530603 -0.595202 0.0 0.530902 -0.595106 0.0 0.5312 -0.595008 0.0 0.531499 -0.59491 0.0 0.531797 -0.59481 0.0 0.532094 -0.59471 0.0 0.532392 -0.594608 0.0 0.532689 -0.594506 0.0 0.532985 -0.594403 0.0 0.533282 -0.594299 0.0 0.533578 -0.594194 0.0 0.533874 -0.594088 0.0 0.534169 -0.593981 0.0 0.534464 -0.593873 0.0 0.534759 -0.593764 0.0 0.535053 -0.593655 0.0 0.535347 -0.593544 0.0 0.535641 -0.593433 0.0 0.535934 -0.59332 0.0 0.536228 -0.593207 0.0 0.53652 -0.593092 0.0 0.536812 -0.592978 0.0 0.537104 -0.592861 0.0 0.537396 -0.592745 0.0 0.537687 -0.592626 0.0 0.537978 -0.592508 0.0 0.538268 -0.592387 0.0 0.538558 -0.592267 0.0 0.538848 -0.592145 0.0 0.539137 -0.592023 0.0 0.539426 -0.591899 0.0 0.539715 -0.591775 0.0 0.540003 -0.59165 0.0 0.540291 -0.591524 0.0 0.540578 -0.591397 0.0 0.540865 -0.591269 0.0 0.541151 -0.59114 0.0 0.541438 -0.591011 0.0 0.541723 -0.59088 0.0 0.542009 -0.590748 0.0 0.542293 -0.590616 0.0 0.542578 -0.590483 0.0 0.542862 -0.590348 0.0 0.543146 -0.590213 0.0 0.543429 -0.590077 0.0 0.543712 -0.589941 0.0 0.543994 -0.589802 0.0 0.544276 -0.589664 0.0 0.544557 -0.589524 0.0 0.544838 -0.589384 0.0 0.545119 -0.589242 0.0 0.545399 -0.589101 0.0 0.545679 -0.588957 0.0 0.545958 -0.588814 0.0 0.546237 -0.588668 0.0 0.546515 -0.588523 0.0 0.546793 -0.588376 0.0 0.54707 -0.588229 0.0 0.547347 -0.58808 0.0 0.547624 -0.587932 0.0 0.5479 -0.587781 0.0 0.548175 -0.587631 0.0 0.54845 -0.587478 0.0 0.548725 -0.587326 0.0 0.548999 -0.587172 0.0 0.549273 -0.587018 0.0 0.549546 -0.586863 0.0 0.549819 -0.586707 0.0 0.55009 -0.58655 0.0 0.550362 -0.586392 0.0 0.550633 -0.586233 0.0 0.550904 -0.586074 0.0 0.551174 -0.585913 0.0 0.551444 -0.585753 0.0 0.551713 -0.58559 0.0 0.551982 -0.585428 0.0 0.55225 -0.585264 0.0 0.552517 -0.585099 0.0 0.552784 -0.584934 0.0 0.553051 -0.584768 0.0 0.553317 -0.5846 0.0 0.553583 -0.584433 0.0 0.553847 -0.584264 0.0 0.554112 -0.584094 0.0 0.554376 -0.583924 0.0 0.554639 -0.583753 0.0 0.554902 -0.58358 0.0 0.555165 -0.583408 0.0 0.555426 -0.583234 0.0 0.555688 -0.58306 0.0 0.555948 -0.582884 0.0 0.556208 -0.582708 0.0 0.556468 -0.582531 0.0 0.556727 -0.582353 0.0 0.556985 -0.582174 0.0 0.557243 -0.581995 0.0 0.5575 -0.581815 0.0 0.557757 -0.581634 0.0 0.558013 -0.581452 0.0 0.558269 -0.581269 0.0 0.558524 -0.581086 0.0 0.558779 -0.580902 0.0 0.559032 -0.580716 0.0 0.559286 -0.580531 0.0 0.559538 -0.580344 0.0 0.55979 -0.580157 0.0 0.560042 -0.579968 0.0 0.560293 -0.579779 0.0 0.560543 -0.579589 0.0 0.560793 -0.579399 0.0 0.561042 -0.579207 0.0 0.561291 -0.579016 0.0 0.561538 -0.578822 0.0 0.561786 -0.578629 0.0 0.562032 -0.578434 0.0 0.562279 -0.578239 0.0 0.562524 -0.578043 0.0 0.562769 -0.577846 0.0 0.563013 -0.577648 0.0 0.563257 -0.57745 0.0 0.5635 -0.577251 0.0 0.563742 -0.577051 0.0 0.563984 -0.57685 0.0 0.564225 -0.576649 0.0 0.564465 -0.576447 0.0 0.564706 -0.576244 0.0 0.564944 -0.57604 0.0 0.565183 -0.575836 0.0 0.565421 -0.575631 0.0 0.565659 -0.575425 0.0 0.565895 -0.575218 0.0 0.566131 -0.575011 0.0 0.566366 -0.574803 0.0 0.566601 -0.574594 0.0 0.566835 -0.574384 0.0 0.567069 -0.574174 0.0 0.567301 -0.573963 0.0 0.567533 -0.573751 0.0 0.567764 -0.573538 0.0 0.567995 -0.573326 0.0 0.568225 -0.573111 0.0 0.568455 -0.572897 0.0 0.568683 -0.572681 0.0 0.568911 -0.572465 0.0 0.569138 -0.572248 0.0 0.569365 -0.572031 0.0 0.569591 -0.571812 0.0 0.569817 -0.571594 0.0 0.570041 -0.571374 0.0 0.570265 -0.571154 0.0 0.570488 -0.570932 0.0 0.570711 -0.570711 0.0 0.570932 -0.570488 0.0 0.571154 -0.570265 0.0 0.571374 -0.570041 0.0 0.571594 -0.569817 0.0 0.571812 -0.569591 0.0 0.572031 -0.569365 0.0 0.572248 -0.569138 0.0 0.572465 -0.568911 0.0 0.572681 -0.568683 0.0 0.572897 -0.568455 0.0 0.573111 -0.568225 0.0 0.573326 -0.567995 0.0 0.573538 -0.567764 0.0 0.573751 -0.567533 0.0 0.573963 -0.567301 0.0 0.574174 -0.567069 0.0 0.574384 -0.566835 0.0 0.574594 -0.566601 0.0 0.574803 -0.566366 0.0 0.575011 -0.566131 0.0 0.575218 -0.565895 0.0 0.575425 -0.565659 0.0 0.575631 -0.565421 0.0 0.575836 -0.565183 0.0 0.57604 -0.564944 0.0 0.576244 -0.564706 0.0 0.576447 -0.564465 0.0 0.576649 -0.564225 0.0 0.57685 -0.563984 0.0 0.577051 -0.563742 0.0 0.577251 -0.5635 0.0 0.57745 -0.563257 0.0 0.577648 -0.563013 0.0 0.577846 -0.562769 0.0 0.578043 -0.562524 0.0 0.578239 -0.562279 0.0 0.578434 -0.562032 0.0 0.578629 -0.561786 0.0 0.578822 -0.561538 0.0 0.579016 -0.561291 0.0 0.579207 -0.561042 0.0 0.579399 -0.560793 0.0 0.579589 -0.560543 0.0 0.579779 -0.560293 0.0 0.579968 -0.560042 0.0 0.580157 -0.55979 0.0 0.580344 -0.559538 0.0 0.580531 -0.559286 0.0 0.580716 -0.559032 0.0 0.580902 -0.558779 0.0 0.581086 -0.558524 0.0 0.581269 -0.558269 0.0 0.581452 -0.558013 0.0 0.581634 -0.557757 0.0 0.581815 -0.5575 0.0 0.581995 -0.557243 0.0 0.582174 -0.556985 0.0 0.582353 -0.556727 0.0 0.582531 -0.556468 0.0 0.582708 -0.556208 0.0 0.582884 -0.555948 0.0 0.58306 -0.555688 0.0 0.583234 -0.555426 0.0 0.583408 -0.555165 0.0 0.58358 -0.554902 0.0 0.583753 -0.554639 0.0 0.583924 -0.554376 0.0 0.584094 -0.554112 0.0 0.584264 -0.553847 0.0 0.584433 -0.553583 0.0 0.5846 -0.553317 0.0 0.584768 -0.553051 0.0 0.584934 -0.552784 0.0 0.585099 -0.552517 0.0 0.585264 -0.55225 0.0 0.585428 -0.551982 0.0 0.58559 -0.551713 0.0 0.585753 -0.551444 0.0 0.585913 -0.551174 0.0 0.586074 -0.550904 0.0 0.586233 -0.550633 0.0 0.586392 -0.550362 0.0 0.58655 -0.55009 0.0 0.586707 -0.549819 0.0 0.586863 -0.549546 0.0 0.587018 -0.549273 0.0 0.587172 -0.548999 0.0 0.587326 -0.548725 0.0 0.587478 -0.54845 0.0 0.587631 -0.548175 0.0 0.587781 -0.5479 0.0 0.587932 -0.547624 0.0 0.58808 -0.547347 0.0 0.588229 -0.54707 0.0 0.588376 -0.546793 0.0 0.588523 -0.546515 0.0 0.588668 -0.546237 0.0 0.588814 -0.545958 0.0 0.588957 -0.545679 0.0 0.589101 -0.545399 0.0 0.589242 -0.545119 0.0 0.589384 -0.544838 0.0 0.589524 -0.544557 0.0 0.589664 -0.544276 0.0 0.589802 -0.543994 0.0 0.589941 -0.543712 0.0 0.590077 -0.543429 0.0 0.590213 -0.543146 0.0 0.590348 -0.542862 0.0 0.590483 -0.542578 0.0 0.590616 -0.542293 0.0 0.590748 -0.542009 0.0 0.59088 -0.541723 0.0 0.591011 -0.541438 0.0 0.59114 -0.541151 0.0 0.591269 -0.540865 0.0 0.591397 -0.540578 0.0 0.591524 -0.540291 0.0 0.59165 -0.540003 0.0 0.591775 -0.539715 0.0 0.591899 -0.539426 0.0 0.592023 -0.539137 0.0 0.592145 -0.538848 0.0 0.592267 -0.538558 0.0 0.592387 -0.538268 0.0 0.592508 -0.537978 0.0 0.592626 -0.537687 0.0 0.592745 -0.537396 0.0 0.592861 -0.537104 0.0 0.592978 -0.536812 0.0 0.593092 -0.53652 0.0 0.593207 -0.536228 0.0 0.59332 -0.535934 0.0 0.593433 -0.535641 0.0 0.593544 -0.535347 0.0 0.593655 -0.535053 0.0 0.593764 -0.534759 0.0 0.593873 -0.534464 0.0 0.593981 -0.534169 0.0 0.594088 -0.533874 0.0 0.594194 -0.533578 0.0 0.594299 -0.533282 0.0 0.594403 -0.532985 0.0 0.594506 -0.532689 0.0 0.594608 -0.532392 0.0 0.59471 -0.532094 0.0 0.59481 -0.531797 0.0 0.59491 -0.531499 0.0 0.595008 -0.5312 0.0 0.595106 -0.530902 0.0 0.595202 -0.530603 0.0 0.595298 -0.530304 0.0 0.595392 -0.530004 0.0 0.595486 -0.529704 0.0 0.595579 -0.529404 0.0 0.595671 -0.529104 0.0 0.595762 -0.528803 0.0 0.595852 -0.528502 0.0 0.595941 -0.528201 0.0 0.596029 -0.527899 0.0 0.596116 -0.527597 0.0 0.596203 -0.527295 0.0 0.596288 -0.526993 0.0 0.596372 -0.52669 0.0 0.596455 -0.526387 0.0 0.596538 -0.526084 0.0 0.596619 -0.525781 0.0 0.5967 -0.525477 0.0 0.596779 -0.525173 0.0 0.596858 -0.524869 0.0 0.596935 -0.524564 0.0 0.597013 -0.52426 0.0 0.597088 -0.523955 0.0 0.597163 -0.52365 0.0 0.597237 -0.523344 0.0 0.59731 -0.523039 0.0 0.597381 -0.522733 0.0 0.597453 -0.522427 0.0 0.597522 -0.522121 0.0 0.597592 -0.521814 0.0 0.597659 -0.521508 0.0 0.597727 -0.521201 0.0 0.597792 -0.520893 0.0 0.597858 -0.520586 0.0 0.597922 -0.520279 0.0 0.597986 -0.519971 0.0 0.598047 -0.519663 0.0 0.598109 -0.519355 0.0 0.598169 -0.519047 0.0 0.598229 -0.518738 0.0 0.598287 -0.518429 0.0 0.598345 -0.518121 0.0 0.5984 -0.517811 0.0 0.598456 -0.517502 0.0 0.59851 -0.517193 0.0 0.598564 -0.516883 0.0 0.598617 -0.516574 0.0 0.598669 -0.516264 0.0 0.598719 -0.515954 0.0 0.598769 -0.515643 0.0 0.598817 -0.515333 0.0 0.598865 -0.515023 0.0 0.598911 -0.514712 0.0 0.598958 -0.514401 0.0 0.599002 -0.51409 0.0 0.599046 -0.513779 0.0 0.599088 -0.513468 0.0 0.599131 -0.513156 0.0 0.599171 -0.512845 0.0 0.599211 -0.512533 0.0 0.59925 -0.512222 0.0 0.599288 -0.51191 0.0 0.599325 -0.511598 0.0 0.599361 -0.511286 0.0 0.599396 -0.510973 0.0 0.59943 -0.510661 0.0 0.599463 -0.510349 0.0 0.599495 -0.510036 0.0 0.599526 -0.509724 0.0 0.599556 -0.509411 0.0 0.599585 -0.509098 0.0 0.599613 -0.508785 0.0 0.59964 -0.508472 0.0 0.599667 -0.508159 0.0 0.599691 -0.507846 0.0 0.599716 -0.507533 0.0 0.599739 -0.507219 0.0 0.599761 -0.506906 0.0 0.599782 -0.506593 0.0 0.599803 -0.506279 0.0 0.599821 -0.505965 0.0 0.59984 -0.505652 0.0 0.599857 -0.505338 0.0 0.599874 -0.505024 0.0 0.599888 -0.504711 0.0 0.599903 -0.504397 0.0 0.599916 -0.504083 0.0 0.599929 -0.503769 0.0 0.59994 -0.503455 0.0 0.599951 -0.503141 0.0 0.59996 -0.502827 0.0 0.599968 -0.502513 0.0 0.599975 -0.502199 0.0 0.599982 -0.501885 0.0 0.599987 -0.501571 0.0 0.599992 -0.501257 0.0 0.599995 -0.500942 0.0 0.599998 -0.500628 0.0 0.599999 -0.500314 0.0 
        </DataArray>
      </Points>
      <Polys>
        <DataArray type="Int64" Name="connectivity" format="ascii">
0 1 1 2 2 3 3 4 4 5 5 6 6 7 7 8 8 9 9 10 10 11 11 12 12 13 13 14 14 15 15 16 16 17 17 18 18 19 19 20 20 21 21 22 22 23 23 24 24 25 25 26 26 27 27 28 28 29 29 30 30 31 31 32 32 33 33 34 34 35 35 36 36 37 37 38 38 39 39 40 40 41 41 42 42 43 43 44 44 45 45 46 46 47 47 48 48 49 49 50 50 51 51 52 52 53 53 54 54 55 55 56 56 57 57 58 58 59 59 60 60 61 61 62 62 63 63 64 64 65 65 66 66 67 67 68 68 69 69 70 70 71 71 72 72 73 73 74 74 75 75 76 76 77 77 78 78 79 79 80 80 81 81 82 82 83 83 84 84 85 85 86 86 87 87 88 88 89 89 90 90 91 91 92 92 93 93 94 94 95 95 96 96 97 97 98 98 99 99 100 100 101 101 102 102 103 103 104 104 105 105 106 106 107 107 108 108 109 109 110 110 111 111 112 112 113 113 114 114 115 115 116 116 117 117 118 118 119 119 120 120 121 121 122 122 123 123 124 124 125 125 126 126 127 127 128 128 129 129 130 130 131 131 132 132 133 133 134 134 135 135 136 136 137 137 138 138 139 139 140 140 141 141 142 142 143 143 144 144 145 145 146 146 147 147 148 148 149 149 150 150 151 151 152 152 153 153 154 154 155 155 156 156 157 157 158 158 159 159 160 160 161 161 162 162 163 163 164 164 165 165 166 166 167 167 168 168 169 169 170 170 171 171 172 172 173 173 174 174 175 175 176 176 177 177 178 178 179 179 180 180 181 181 182 182 183 183 184 184 185 185 186 186 187 187 188 188 189 189 190 190 191 191 192 192 193 193 194 194 195 195 196 196 197 197 198 198 199 199 200 200 201 201 202 202 203 203 204 204 205 205 206 206 207 207 208 208 209 209 210 210 211 211 212 212 213 213 214 214 215 215 216 216 217 217 218 218 219 219 220 220 221 221 222 222 223 223 224 224 225 225 226 226 227 227 228 228 229 229 230 230 231 231 232 232 233 233 234 234 235 235 236 236 237 237 238 238 239 239 240 240 241 241 242 242 243 243 244 244 245 245 246 246 247 247 248 248 249 249 250 250 251 251 252 252 253 253 254 254 255 255 256 256 257 257 258 258 259 259 260 260 261 261 262 262 263 263 264 264 265 265 266 266 267 267 268 268 269 269 270 270 271 271 272 272 273 273 274 274 275 275 276 276 277 277 278 278 279 279 280 280 281 281 282 282 283 283 284 284 285 285 286 286 287 287 288 288 289 289 290 290 291 291 292 292 293 293 294 294 295 295 296 296 297 297 298 298 299 299 300 300 301 301 302 302 303 303 304 304 305 305 306 306 307 307 308 308 309 309 310 310 311 311 312 312 313 313 314 314 315 315 316 316 317 317 318 318 319 319 320 320 321 321 322 322 323 323 324 324 325 325 326 326 327 327 328 328 329 329 330 330 331 331 332 332 333 333 334 334 335 335 336 336 337 337 338 338 339 339 340 340 341 341 342 342 343 343 344 344 345 345 346 346 347 347 348 348 349 349 350 350 351 351 352 352 353 353 354 354 355 355 356 356 357 357 358 358 359 359 360 360 361 361 362 362 363 363 364 364 365 365 366 366 367 367 368 368 369 369 370 370 371 371 372 372 373 373 374 374 375 375 376 376 377 377 378 378 379 379 380 380 381 381 382 382 383 383 384 384 385 385 386 386 387 387 388 388 389 389 390 390 391 391 392 392 393 393 394 394 395 395 396 396 397 397 398 398 399 399 400 400 401 401 402 402 403 403 404 404 405 405 406 406 407 407 408 408 409 409 410 410 411 411 412 412 413 413 414 414 415 415 416 416 417 417 418 418 419 419 420 420 421 421 422 422 423 423 424 424 425 425 426 426 427 427 428 428 429 429 430 430 431 431 432 432 433 433 434 434 435 435 436 436 437 437 438 438 439 439 440 440 441 441 442 442 443 443 444 444 445 445 446 446 447 447 448 448 449 449 450 450 451 451 452 452 453 453 454 454 455 455 456 456 457 457 458 458 459 459 460 460 461 461 462 462 463 463 464 464 465 465 466 466 467 467 468 468 469 469 470 470 471 471 472 472 473 473 474 474 475 475 476 476 477 477 478 478 479 479 480 480 481 481 482 482 483 483 484 484 485 485 486 486 487 487 488 488 489 489 490 490 491 491 492 492 493 493 494 494 495 495 496 496 497 497 498 498 499 499 500 500 501 501 502 502 503 503 504 504 505 505 506 506 507 507 508 508 509 509 510 510 511 511 512 512 513 513 514 514 515 515 516 516 517 517 518 518 519 519 520 520 521 521 522 522 523 523 524 524 525 525 526 526 527 527 528 528 529 529 530 530 531 531 532 532 533 533 534 534 535 535 536 536 537 537 538 538 539 539 540 540 541 541 542 542 543 543 544 544 545 545 546 546 547 547 548 548 549 549 550 550 551 551 552 552 553 553 554 554 555 555 556 556 557 557 558 558 559 559 560 560 561 561 562 562 563 563 564 564 565 565 566 566 567 567 568 568 569 569 570 570 571 571 572 572 573 573 574 574 575 575 576 576 577 577 578 578 579 579 580 580 581 581 582 582 583 583 584 584 585 585 586 586 587 587 588 588 589 589 590 590 591 591 592 592 593 593 594 594 595 595 596 596 597 597 598 598 599 599 600 600 601 601 602 602 603 603 604 604 605 605 606 606 607 607 608 608 609 609 610 610 611 611 612 612 613 613 614 614 615 615 616 616 617 617 618 618 619 619 620 620 621 621 622 622 623 623 624 624 625 625 626 626 627 627 628 628 629 629 630 630 631 631 632 632 633 633 634 634 635 635 636 636 637 637 638 638 639 639 640 640 641 641 642 642 643 643 644 644 645 645 646 646 647 647 648 648 649 649 650 650 651 651 652 652 653 653 654 654 655 655 656 656 657 657 658 658 659 659 660 660 661 661 662 662 663 663 664 664 665 665 666 666 667 667 668 668 669 669 670 670 671 671 672 672 673 673 674 674 675 675 676 676 677 677 678 678 679 679 680 680 681 681 682 682 683 683 684 684 685 685 686 686 687 687 688 688 689 689 690 690 691 691 692 692 693 693 694 694 695 695 696 696 697 697 698 698 699 699 700 700 701 701 702 702 703 703 704 704 705 705 706 706 707 707 708 708 709 709 710 710 711 711 712 712 713 713 714 714 715 715 716 716 717 717 718 718 719 719 720 720 721 721 722 722 723 723 724 724 725 725 726 726 727 727 728 728 729 729 730 730 731 731 732 732 733 733 734 734 735 735 736 736 737 737 738 738 739 739 740 740 741 741 742 742 743 743 744 744 745 745 746 746 747 747 748 748 749 749 750 750 751 751 752 752 753 753 754 754 755 755 756 756 757 757 758 758 759 759 760 760 761 761 762 762 763 763 764 764 765 765 766 766 767 767 768 768 769 769 770 770 771 771 772 772 773 773 774 774 775 775 776 776 777 777 778 778 779 779 780 780 781 781 782 782 783 783 784 784 785 785 786 786 787 787 788 788 789 789 790 790 791 791 792 792 793 793 794 794 795 795 796 796 797 797 798 798 799 799 800 800 801 801 802 802 803 803 804 804 805 805 806 806 807 807 808 808 809 809 810 810 811 811 812 812 813 813 814 814 815 815 816 816 817 817 818 818 819 819 820 820 821 821 822 822 823 823 824 824 825 825 826 826 827 827 828 828 829 829 830 830 831 831 832 832 833 833 834 834 835 835 836 836 837 837 838 838 839 839 840 840 841 841 842 842 843 843 844 844 845 845 846 846 847 847 848 848 849 849 850 850 851 851 852 852 853 853 854 854 855 855 856 856 857 857 858 858 859 859 860 860 861 861 862 862 863 863 864 864 865 865 866 866 867 867 868 868 869 869 870 870 871 871 872 872 873 873 874 874 875 875 876 876 877 877 878 878 879 879 880 880 881 881 882 882 883 883 884 884 885 885 886 886 887 887 888 888 889 889 890 890 891 891 892 892 893 893 894 894 895 895 896 896 897 897 898 898 899 899 900 900 901 901 902 902 903 903 904 904 905 905 906 906 907 907 908 908 909 909 910 910 911 911 912 912 913 913 914 914 915 915 916 916 917 917 918 918 919 919 920 920 921 921 922 922 923 923 924 924 925 925 926 926 927 927 928 928 929 929 930 930 931 931 932 932 933 933 934 934 935 935 936 936 937 937 938 938 939 939 940 940 941 941 942 942 943 943 944 944 945 945 946 946 947 947 948 948 949 949 950 950 951 951 952 952 953 953 954 954 955 955 956 956 957 957 958 958 959 959 960 960 961 961 962 962 963 963 964 964 965 965 966 966 967 967 968 968 969 969 970 970 971 971 972 972 973 973 974 974 975 975 976 976 977 977 978 978 979 979 980 980 981 981 982 982 983 983 984 984 985 985 986 986 987 987 988 988 989 989 990 990 991 991 992 992 993 993 994 994 995 995 996 996 997 997 998 998 999 999 1000 1000 1001 1001 1002 1002 1003 1003 1004 1004 1005 1005 1006 1006 1007 1007 1008 1008 1009 1009 1010 1010 1011 1011 1012 1012 1013 1013 1014 1014 1015 1015 1016 1016 1017 1017 1018 1018 1019 1019 1020 1020 1021 1021 1022 1022 1023 1023 1024 1024 1025 1025 1026 1026 1027 1027 1028 1028 1029 1029 1030 1030 1031 1031 1032 1032 1033 1033 1034 1034 1035 1035 1036 1036 1037 1037 1038 1038 1039 1039 1040 1040 1041 1041 1042 1042 1043 1043 1044 1044 1045 1045 1046 1046 1047 1047 1048 1048 1049 1049 1050 1050 1051 1051 1052 1052 1053 1053 1054 1054 1055 1055 1056 1056 1057 1057 1058 1058 1059 1059 1060 1060 1061 1061 1062 1062 1063 1063 1064 1064 1065 1065 1066 1066 1067 1067 1068 1068 1069 1069 1070 1070 1071 1071 1072 1072 1073 1073 1074 1074 1075 1075 1076 1076 1077 1077 1078 1078 1079 1079 1080 1080 1081 1081 1082 1082 1083 1083 1084 1084 1085 1085 1086 1086 1087 1087 1088 1088 1089 1089 1090 1090 1091 1091 1092 1092 1093 1093 1094 1094 1095 1095 1096 1096 1097 1097 1098 1098 1099 1099 1100 1100 1101 1101 1102 1102 1103 1103 1104 1104 1105 1105 1106 1106 1107 1107 1108 1108 1109 1109 1110 1110 1111 1111 1112 1112 1113 1113 1114 1114 1115 1115 1116 1116 1117 1117 1118 1118 1119 1119 1120 1120 1121 1121 1122 1122 1123 1123 1124 1124 1125 1125 1126 1126 1127 1127 1128 1128 1129 1129 1130 1130 1131 1131 1132 1132 1133 1133 1134 1134 1135 1135 1136 1136 1137 1137 1138 1138 1139 1139 1140 1140 1141 1141 1142 1142 1143 1143 1144 1144 1145 1145 1146 1146 1147 1147 1148 1148 1149 1149 1150 1150 1151 1151 1152 1152 1153 1153 1154 1154 1155 1155 1156 1156 1157 1157 1158 1158 1159 1159 1160 1160 1161 1161 1162 1162 1163 1163 1164 1164 1165 1165 1166 1166 1167 1167 1168 1168 1169 1169 1170 1170 1171 1171 1172 1172 1173 1173 1174 1174 1175 1175 1176 1176 1177 1177 1178 1178 1179 1179 1180 1180 1181 1181 1182 1182 1183 1183 1184 1184 1185 1185 1186 1186 1187 1187 1188 1188 1189 1189 1190 1190 1191 1191 1192 1192 1193 1193 1194 1194 1195 1195 1196 1196 1197 1197 1198 1198 1199 1199 1200 1200 1201 1201 1202 1202 1203 1203 1204 1204 1205 1205 1206 1206 1207 1207 1208 1208 1209 1209 1210 1210 1211 1211 1212 1212 1213 1213 1214 1214 1215 1215 1216 1216 1217 1217 1218 1218 1219 1219 1220 1220 1221 1221 1222 1222 1223 1223 1224 1224 1225 1225 1226 1226 1227 1227 1228 1228 1229 1229 1230 1230 1231 1231 1232 1232 1233 1233 1234 1234 1235 1235 1236 1236 1237 1237 1238 1238 1239 1239 1240 1240 1241 1241 1242 1242 1243 1243 1244 1244 1245 1245 1246 1246 1247 1247 1248 1248 1249 1249 1250 1250 1251 1251 1252 1252 1253 1253 1254 1254 1255 1255 1256 1256 1257 1257 1258 1258 1259 1259 1260 1260 1261 1261 1262 1262 1263 1263 1264 1264 1265 1265 1266 1266 1267 1267 1268 1268 1269 1269 1270 1270 1271 1271 1272 1272 1273 1273 1274 1274 1275 1275 1276 1276 1277 1277 1278 1278 1279 1279 1280 1280 1281 1281 1282 1282 1283 1283 1284 1284 1285 1285 1286 1286 1287 1287 1288 1288 1289 1289 1290 1290 1291 1291 1292 1292 1293 1293 1294 1294 1295 1295 1296 1296 1297 1297 1298 1298 1299 1299 1300 1300 1301 1301 1302 1302 1303 1303 1304 1304 1305 1305 1306 1306 1307 1307 1308 1308 1309 1309 1310 1310 1311 1311 1312 1312 1313 1313 1314 1314 1315 1315 1316 1316 1317 1317 1318 1318 1319 1319 1320 1320 1321 1321 1322 1322 1323 1323 1324 1324 1325 1325 1326 1326 1327 1327 1328 1328 1329 1329 1330 1330 1331 1331 1332 1332 1333 1333 1334 1334 1335 1335 1336 1336 1337 1337 1338 1338 1339 1339 1340 1340 1341 1341 1342 1342 1343 1343 1344 1344 1345 1345 1346 1346 1347 1347 1348 1348 1349 1349 1350 1350 1351 1351 1352 1352 1353 1353 1354 1354 1355 1355 1356 1356 1357 1357 1358 1358 1359 1359 1360 1360 1361 1361 1362 1362 1363 1363 1364 1364 1365 1365 1366 1366 1367 1367 1368 1368 1369 1369 1370 1370 1371 1371 1372 1372 1373 1373 1374 1374 1375 1375 1376 1376 1377 1377 1378 1378 1379 1379 1380 1380 1381 1381 1382 1382 1383 1383 1384 1384 1385 1385 1386 1386 1387 1387 1388 1388 1389 1389 1390 1390 1391 1391 1392 1392 1393 1393 1394 1394 1395 1395 1396 1396 1397 1397 1398 1398 1399 1399 1400 1400 1401 1401 1402 1402 1403 1403 1404 1404 1405 1405 1406 1406 1407 1407 1408 1408 1409 1409 1410 1410 1411 1411 1412 1412 1413 1413 1414 1414 1415 1415 1416 1416 1417 1417 1418 1418 1419 1419 1420 1420 1421 1421 1422 1422 1423 1423 1424 1424 1425 1425 1426 1426 1427 1427 1428 1428 1429 1429 1430 1430 1431 1431 1432 1432 1433 1433 1434 1434 1435 1435 1436 1436 1437 1437 1438 1438 1439 1439 1440 1440 1441 1441 1442 1442 1443 1443 1444 1444 1445 1445 1446 1446 1447 1447 1448 1448 1449 1449 1450 1450 1451 1451 1452 1452 1453 1453 1454 1454 1455 1455 1456 1456 1457 1457 1458 1458 1459 1459 1460 1460 1461 1461 1462 1462 1463 1463 1464 1464 1465 1465 1466 1466 1467 1467 1468 1468 1469 1469 1470 1470 1471 1471 1472 1472 1473 1473 1474 1474 1475 1475 1476 1476 1477 1477 1478 1478 1479 1479 1480 1480 1481 1481 1482 1482 1483 1483 1484 1484 1485 1485 1486 1486 1487 1487 1488 1488 1489 1489 1490 1490 1491 1491 1492 1492 1493 1493 1494 1494 1495 1495 1496 1496 1497 1497 1498 1498 1499 1499 1500 1500 1501 1501 1502 1502 1503 1503 1504 1504 1505 1505 1506 1506 1507 1507 1508 1508 1509 1509 1510 1510 1511 1511 1512 1512 1513 1513 1514 1514 1515 1515 1516 1516 1517 1517 1518 1518 1519 1519 1520 1520 1521 1521 1522 1522 1523 1523 1524 1524 1525 1525 1526 1526 1527 1527 1528 1528 1529 1529 1530 1530 1531 1531 1532 1532 1533 1533 1534 1534 1535 1535 1536 1536 1537 1537 1538 1538 1539 1539 1540 1540 1541 1541 1542 1542 1543 1543 1544 1544 1545 1545 1546 1546 1547 1547 1548 1548 1549 1549 1550 1550 1551 1551 1552 1552 1553 1553 1554 1554 1555 1555 1556 1556 1557 1557 1558 1558 1559 1559 1560 1560 1561 1561 1562 1562 1563 1563 1564 1564 1565 1565 1566 1566 1567 1567 1568 1568 1569 1569 1570 1570 1571 1571 1572 1572 1573 1573 1574 1574 1575 1575 1576 1576 1577 1577 1578 1578 1579 1579 1580 1580 1581 1581 1582 1582 1583 1583 1584 1584 1585 1585 1586 1586 1587 1587 1588 1588 1589 1589 1590 1590 1591 1591 1592 1592 1593 1593 1594 1594 1595 1595 1596 1596 1597 1597 1598 1598 1599 1599 1600 1600 1601 1601 1602 1602 1603 1603 1604 1604 1605 1605 1606 1606 1607 1607 1608 1608 1609 1609 1610 1610 1611 1611 1612 1612 1613 1613 1614 1614 1615 1615 1616 1616 1617 1617 1618 1618 1619 1619 1620 1620 1621 1621 1622 1622 1623 1623 1624 1624 1625 1625 1626 1626 1627 1627 1628 1628 1629 1629 1630 1630 1631 1631 1632 1632 1633 1633 1634 1634 1635 1635 1636 1636 1637 1637 1638 1638 1639 1639 1640 1640 1641 1641 1642 1642 1643 1643 1644 1644 1645 1645 1646 1646 1647 1647 1648 1648 1649 1649 1650 1650 1651 1651 1652 1652 1653 1653 1654 1654 1655 1655 1656 1656 1657 1657 1658 1658 1659 1659 1660 1660 1661 1661 1662 1662 1663 1663 1664 1664 1665 1665 1666 1666 1667 1667 1668 1668 1669 1669 1670 1670 1671 1671 1672 1672 1673 1673 1674 1674 1675 1675 1676 1676 1677 1677 1678 1678 1679 1679 1680 1680 1681 1681 1682 1682 1683 1683 1684 1684 1685 1685 1686 1686 1687 1687 1688 1688 1689 1689 1690 1690 1691 1691 1692 1692 1693 1693 1694 1694 1695 1695 1696 1696 1697 1697 1698 1698 1699 1699 1700 1700 1701 1701 1702 1702 1703 1703 1704 1704 1705 1705 1706 1706 1707 1707 1708 1708 1709 1709 1710 1710 1711 1711 1712 1712 1713 1713 1714 1714 1715 1715 1716 1716 1717 1717 1718 1718 1719 1719 1720 1720 1721 1721 1722 1722 1723 1723 1724 1724 1725 1725 1726 1726 1727 1727 1728 1728 1729 1729 1730 1730 1731 1731 1732 1732 1733 1733 1734 1734 1735 1735 1736 1736 1737 1737 1738 1738 1739 1739 1740 1740 1741 1741 1742 1742 1743 1743 1744 1744 1745 1745 1746 1746 1747 1747 1748 1748 1749 1749 1750 1750 1751 1751 1752 1752 1753 1753 1754 1754 1755 1755 1756 1756 1757 1757 1758 1758 1759 1759 1760 1760 1761 1761 1762 1762 1763 1763 1764 1764 1765 1765 1766 1766 1767 1767 1768 1768 1769 1769 1770 1770 1771 1771 1772 1772 1773 1773 1774 1774 1775 1775 1776 1776 1777 1777 1778 1778 1779 1779 1780 1780 1781 1781 1782 1782 1783 1783 1784 1784 1785 1785 1786 1786 1787 1787 1788 1788 1789 1789 1790 1790 1791 1791 1792 1792 1793 1793 1794 1794 1795 1795 1796 1796 1797 1797 1798 1798 1799 1799 1800 1800 1801 1801 1802 1802 1803 1803 1804 1804 1805 1805 1806 1806 1807 1807 1808 1808 1809 1809 1810 1810 1811 1811 1812 1812 1813 1813 1814 1814 1815 1815 1816 1816 1817 1817 1818 1818 1819 1819 1820 1820 1821 1821 1822 1822 1823 1823 1824 1824 1825 1825 1826 1826 1827 1827 1828 1828 1829 1829 1830 1830 1831 1831 1832 1832 1833 1833 1834 1834 1835 1835 1836 1836 1837 1837 1838 1838 1839 1839 1840 1840 1841 1841 1842 1842 1843 1843 1844 1844 1845 1845 1846 1846 1847 1847 1848 1848 1849 1849 1850 1850 1851 1851 1852 1852 1853 1853 1854 1854 1855 1855 1856 1856 1857 1857 1858 1858 1859 1859 1860 1860 1861 1861 1862 1862 1863 1863 1864 1864 1865 1865 1866 1866 1867 1867 1868 1868 1869 1869 1870 1870 1871 1871 1872 1872 1873 1873 1874 1874 1875 1875 1876 1876 1877 1877 1878 1878 1879 1879 1880 1880 1881 1881 1882 1882 1883 1883 1884 1884 1885 1885 1886 1886 1887 1887 1888 1888 1889 1889 1890 1890 1891 1891 1892 1892 1893 1893 1894 1894 1895 1895 1896 1896 1897 1897 1898 1898 1899 1899 1900 1900 1901 1901 1902 1902 1903 1903 1904 1904 1905 1905 1906 1906 1907 1907 1908 1908 1909 1909 1910 1910 1911 1911 1912 1912 1913 1913 1914 1914 1915 1915 1916 1916 1917 1917 1918 1918 1919 1919 1920 1920 1921 1921 1922 1922 1923 1923 1924 1924 1925 1925 1926 1926 1927 1927 1928 1928 1929 1929 1930 1930 1931 1931 1932 1932 1933 1933 1934 1934 1935 1935 1936 1936 1937 1937 1938 1938 1939 1939 1940 1940 1941 1941 1942 1942 1943 1943 1944 1944 1945 1945 1946 1946 1947 1947 1948 1948 1949 1949 1950 1950 1951 1951 1952 1952 1953 1953 1954 1954 1955 1955 1956 1956 1957 1957 1958 1958 1959 1959 1960 1960 1961 1961 1962 1962 1963 1963 1964 1964 1965 1965 1966 1966 1967 1967 1968 1968 1969 1969 1970 1970 1971 1971 1972 1972 1973 1973 1974 1974 1975 1975 1976 1976 1977 1977 1978 1978 1979 1979 1980 1980 1981 1981 1982 1982 1983 1983 1984 1984 1985 1985 1986 1986 1987 1987 1988 1988 1989 1989 1990 1990 1991 1991 1992 1992 1993 1993 1994 1994 1995 1995 1996 1996 1997 1997 1998 1998 1999 1999 0 
        </DataArray>
        <DataArray type="Int64" Name="offsets" format="ascii">
2 4 6 8 10 12 14 16 18 20 22 24 26 28 30 32 34 36 38 40 42 44 46 48 50 52 54 56 58 60 62 64 66 68 70 72 74 76 78 80 82 84 86 88 90 92 94 96 98 100 102 104 106 108 110 112 114 116 118 120 122 124 126 128 130 132 134 136 138 140 142 144 146 148 150 152 154 156 158 160 162 164 166 168 170 172 174 176 178 180 182 184 186 188 190 192 194 196 198 200 202 204 206 208 210 212 214 216 218 220 222 224 226 228 230 232 234 236 238 240 242 244 246 248 250 252 254 256 258 260 262 264 266 268 270 272 274 276 278 280 282 284 286 288 290 292 294 296 298 300 302 304 306 308 310 312 314 316 318 320 322 324 326 328 330 332 334 336 338 340 342 344 346 348 350 352 354 356 358 360 362 364 366 368 370 372 374 376 378 380 382 384 386 388 390 392 394 396 398 400 402 404 406 408 410 412 414 416 418 420 422 424 426 428 430 432 434 436 438 440 442 444 446 448 450 452 454 456 458 460 462 464 466 468 470 472 474 476 478 480 482 484 486 488 490 492 494 496 498 500 502 504 506 508 510 512 514 516 518 520 522 524 526 528 530 532 534 536 538 540 542 544 546 548 550 552 554 556 558 560 562 564 566 568 570 572 574 576 578 580 582 584 586 588 590 592 594 596 598 600 602 604 606 608 610 612 614 616 618 620 622 624 626 628 630 632 634 636 638 640 642 644 646 648 650 652 654 656 658 660 662 664 666 668 670 672 674 676 678 680 682 684 686 688 690 692 694 696 698 700 702 704 706 708 710 712 714 716 718 720 722 724 726 728 730 732 734 736 738 740 742 744 746 748 750 752 754 756 758 760 762 764 766 768 770 772 774 776 778 780 782 784 786 788 790 792 794 796 798 800 802 804 806 808 810 812 814 816 818 820 822 824 826 828 830 832 834 836 838 840 842 844 846 848 850 852 854 856 858 860 862 864 866 868 870 872 874 876 878 880 882 884 886 888 890 892 894 896 898 900 902 904 906 908 910 912 914 916 918 920 922 924 926 928 930 932 934 936 938 940 942 944 946 948 950 952 954 956 958 960 962 964 966 968 970 972 974 976 978 980 982 984 986 988 990 992 994 996 998 1000 1002 1004 1006 1008 1010 1012 1014 1016 1018 1020 1022 1024 1026 1028 1030 1032 1034 1036 1038 1040 1042 1044 1046 1048 1050 1052 1054 1056 1058 1060 1062 1064 1066 1068 1070 1072 1074 1076 1078 1080 1082 1084 1086 1088 1090 1092 1094 1096 1098 1100 1102 1104 1106 1108 1110 1112 1114 1116 1118 1120 1122 1124 1126 1128 1130 1132 1134 1136 1138 1140 1142 1144 1146 1148 1150 1152 1154 1156 1158 1160 1162 1164 1166 1168 1170 1172 1174 1176 1178 1180 1182 1184 1186 1188 1190 1192 1194 1196 1198 1200 1202 1204 1206 1208 1210 1212 1214 1216 1218 1220 1222 1224 1226 1228 1230 1232 1234 1236 1238 1240 1242 1244 1246 1248 1250 1252 1254 1256 1258 1260 1262 1264 1266 1268 1270 1272 1274 1276 1278 1280 1282 1284 1286 1288 1290 1292 1294 1296 1298 1300 1302 1304 1306 1308 1310 1312 1314 1316 1318 1320 1322 1324 1326 1328 1330 1332 1334 1336 1338 1340 1342 1344 1346 1348 1350 1352 1354 1356 1358 1360 1362 1364 1366 1368 1370 1372 1374 1376 1378 1380 1382 1384 1386 1388 1390 1392 1394 1396 1398 1400 1402 1404 1406 1408 1410 1412 1414 1416 1418 1420 1422 1424 1426 1428 1430 1432 1434 1436 1438 1440 1442 1444 1446 1448 1450 1452 1454 1456 1458 1460 1462 1464 1466 1468 1470 1472 1474 1476 1478 1480 1482 1484 1486 1488 1490 1492 1494 1496 1498 1500 1502 1504 1506 1508 1510 1512 1514 1516 1518 1520 1522 1524 1526 1528 1530 1532 1534 1536 1538 1540 1542 1544 1546 1548 1550 1552 1554 1556 1558 1560 1562 1564 1566 1568 1570 1572 1574 1576 1578 1580 1582 1584 1586 1588 1590 1592 1594 1596 1598 1600 1602 1604 1606 1608 1610 1612 1614 1616 1618 1620 1622 1624 1626 1628 1630 1632 1634 1636 1638 1640 1642 1644 1646 1648 1650 1652 1654 1656 1658 1660 1662 1664 1666 1668 1670 1672 1674 1676 1678 1680 1682 1684 1686 1688 1690 1692 1694 1696 1698 1700 1702 1704 1706 1708 1710 1712 1714 1716 1718 1720 1722 1724 1726 1728 1730 1732 1734 1736 1738 1740 1742 1744 1746 1748 1750 1752 1754 1756 1758 1760 1762 1764 1766 1768 1770 1772 1774 1776 1778 1780 1782 1784 1786 1788 1790 1792 1794 1796 1798 1800 1802 1804 1806 1808 1810 1812 1814 1816 1818 1820 1822 1824 1826 1828 1830 1832 1834 1836 1838 1840 1842 1844 1846 1848 1850 1852 1854 1856 1858 1860 1862 1864 1866 1868 1870 1872 1874 1876 1878 1880 1882 1884 1886 1888 1890 1892 1894 1896 1898 1900 1902 1904 1906 1908 1910 1912 1914 1916 1918 1920 1922 1924 1926 1928 1930 1932 1934 1936 1938 1940 1942 1944 1946 1948 1950 1952 1954 1956 1958 1960 1962 1964 1966 1968 1970 1972 1974 1976 1978 1980 1982 1984 1986 1988 1990 1992 1994 1996 1998 2000 2002 2004 2006 2008 2010 2012 2014 2016 2018 2020 2022 2024 2026 2028 2030 2032 2034 2036 2038 2040 2042 2044 2046 2048 2050 2052 2054 2056 2058 2060 2062 2064 2066 2068 2070 2072 2074 2076 2078 2080 2082 2084 2086 2088 2090 2092 2094 2096 2098 2100 2102 2104 2106 2108 2110 2112 2114 2116 2118 2120 2122 2124 2126 2128 2130 2132 2134 2136 2138 2140 2142 2144 2146 2148 2150 2152 2154 2156 2158 2160 2162 2164 2166 2168 2170 2172 2174 2176 2178 2180 2182 2184 2186 2188 2190 2192 2194 2196 2198 2200 2202 2204 2206 2208 2210 2212 2214 2216 2218 2220 2222 2224 2226 2228 2230 2232 2234 2236 2238 2240 2242 2244 2246 2248 2250 2252 2254 2256 2258 2260 2262 2264 2266 2268 2270 2272 2274 2276 2278 2280 2282 2284 2286 2288 2290 2292 2294 2296 2298 2300 2302 2304 2306 2308 2310 2312 2314 2316 2318 2320 2322 2324 2326 2328 2330 2332 2334 2336 2338 2340 2342 2344 2346 2348 2350 2352 2354 2356 2358 2360 2362 2364 2366 2368 2370 2372 2374 2376 2378 2380 2382 2384 2386 2388 2390 2392 2394 2396 2398 2400 2402 2404 2406 2408 2410 2412 2414 2416 2418 2420 2422 2424 2426 2428 2430 2432 2434 2436 2438 2440 2442 2444 2446 2448 2450 2452 2454 2456 2458 2460 2462 2464 2466 2468 2470 2472 2474 2476 2478 2480 2482 2484 2486 2488 2490 2492 2494 2496 2498 2500 2502 2504 2506 2508 2510 2512 2514 2516 2518 2520 2522 2524 2526 2528 2530 2532 2534 2536 2538 2540 2542 2544 2546 2548 2550 2552 2554 2556 2558 2560 2562 2564 2566 2568 2570 2572 2574 2576 2578 2580 2582 2584 2586 2588 2590 2592 2594 2596 2598 2600 2602 2604 2606 2608 2610 2612 2614 2616 2618 2620 2622 2624 2626 2628 2630 2632 2634 2636 2638 2640 2642 2644 2646 2648 2650 2652 2654 2656 2658 2660 2662 2664 2666 2668 2670 2672 2674 2676 2678 2680 2682 2684 2686 2688 2690 2692 2694 2696 2698 2700 2702 2704 2706 2708 2710 2712 2714 2716 2718 2720 2722 2724 2726 2728 2730 2732 2734 2736 2738 2740 2742 2744 2746 2748 2750 2752 2754 2756 2758 2760 2762 2764 2766 2768 2770 2772 2774 2776 2778 2780 2782 2784 2786 2788 2790 2792 2794 2796 2798 2800 2802 2804 2806 2808 2810 2812 2814 2816 2818 2820 2822 2824 2826 2828 2830 2832 2834 2836 2838 2840 2842 2844 2846 2848 2850 2852 2854 2856 2858 2860 2862 2864 2866 2868 2870 2872 2874 2876 2878 2880 2882 2884 2886 2888 2890 2892 2894 2896 2898 2900 2902 2904 2906 2908 2910 2912 2914 2916 2918 2920 2922 2924 2926 2928 2930 2932 2934 2936 2938 2940 2942 2944 2946 2948 2950 2952 2954 2956 2958 2960 2962 2964 2966 2968 2970 2972 2974 2976 2978 2980 2982 2984 2986 2988 2990 2992 2994 2996 2998 3000 3002 3004 3006 3008 3010 3012 3014 3016 3018 3020 3022 3024 3026 3028 3030 3032 3034 3036 3038 3040 3042 3044 3046 3048 3050 3052 3054 3056 3058 3060 3062 3064 3066 3068 3070 3072 3074 3076 3078 3080 3082 3084 3086 3088 3090 3092 3094 3096 3098 3100 3102 3104 3106 3108 3110 3112 3114 3116 3118 3120 3122 3124 3126 3128 3130 3132 3134 3136 3138 3140 3142 3144 3146 3148 3150 3152 3154 3156 3158 3160 3162 3164 3166 3168 3170 3172 3174 3176 3178 3180 3182 3184 3186 3188 3190 3192 3194 3196 3198 3200 3202 3204 3206 3208 3210 3212 3214 3216 3218 3220 3222 3224 3226 3228 3230 3232 3234 3236 3238 3240 3242 3244 3246 3248 3250 3252 3254 3256 3258 3260 3262 3264 3266 3268 3270 3272 3274 3276 3278 3280 3282 3284 3286 3288 3290 3292 3294 3296 3298 3300 3302 3304 3306 3308 3310 3312 3314 3316 3318 3320 3322 3324 3326 3328 3330 3332 3334 3336 3338 3340 3342 3344 3346 3348 3350 3352 3354 3356 3358 3360 3362 3364 3366 3368 3370 3372 3374 3376 3378 3380 3382 3384 3386 3388 3390 3392 3394 3396 3398 3400 3402 3404 3406 3408 3410 3412 3414 3416 3418 3420 3422 3424 3426 3428 3430 3432 3434 3436 3438 3440 3442 3444 3446 3448 3450 3452 3454 3456 3458 3460 3462 3464 3466 3468 3470 3472 3474 3476 3478 3480 3482 3484 3486 3488 3490 3492 3494 3496 3498 3500 3502 3504 3506 3508 3510 3512 3514 3516 3518 3520 3522 3524 3526 3528 3530 3532 3534 3536 3538 3540 3542 3544 3546 3548 3550 3552 3554 3556 3558 3560 3562 3564 3566 3568 3570 3572 3574 3576 3578 3580 3582 3584 3586 3588 3590 3592 3594 3596 3598 3600 3602 3604 3606 3608 3610 3612 3614 3616 3618 3620 3622 3624 3626 3628 3630 3632 3634 3636 3638 3640 3642 3644 3646 3648 3650 3652 3654 3656 3658 3660 3662 3664 3666 3668 3670 3672 3674 3676 3678 3680 3682 3684 3686 3688 3690 3692 3694 3696 3698 3700 3702 3704 3706 3708 3710 3712 3714 3716 3718 3720 3722 3724 3726 3728 3730 3732 3734 3736 3738 3740 3742 3744 3746 3748 3750 3752 3754 3756 3758 3760 3762 3764 3766 3768 3770 3772 3774 3776 3778 3780 3782 3784 3786 3788 3790 3792 3794 3796 3798 3800 3802 3804 3806 3808 3810 3812 3814 3816 3818 3820 3822 3824 3826 3828 3830 3832 3834 3836 3838 3840 3842 3844 3846 3848 3850 3852 3854 3856 3858 3860 3862 3864 3866 3868 3870 3872 3874 3876 3878 3880 3882 3884 3886 3888 3890 3892 3894 3896 3898 3900 3902 3904 3906 3908 3910 3912 3914 3916 3918 3920 3922 3924 3926 3928 3930 3932 3934 3936 3938 3940 3942 3944 3946 3948 3950 3952 3954 3956 3958 3960 3962 3964 3966 3968 3970 3972 3974 3976 3978 3980 3982 3984 3986 3988 3990 3992 3994 3996 3998 4000 
        </DataArray>
      </Polys>
      <CellData Scalars="Pressure">
        <DataArray type="Float64" Name="Pressure" format="ascii">
238841 238730 238810 238898 238987 238630 238205 237789 237968 238302 238642 238743 238746 238747 238685 238576 238447 237865 236887 235929 235293 235056 234793 234118 232717 231355 230671 231729 232599 232525 228893 225579 218330 161978 104856 48831.6 37798.2 28207 17766.3 18288.9 18813.8 19315.2 19571.3 19796.5 20021.5 19298.1 19683.6 20073.2 20418.2 20697.5 20968.6 21262.4 21611.7 21950.7 22295.5 22640.3 22983.9 23328.8 23754.6 25303.9 25714.3 26081.7 26444.6 26800.2 25968.7 26466.2 26988.5 27434.8 27850.8 28250.6 28680 29120.8 29564.1 29986.3 31690.3 32103.1 31226.6 31728.9 32239.9 32740.3 33198.9 33637.4 34070.2 34593.3 35141.2 35682.2 37504.4 37944.9 38365.8 37322.1 37969.7 38630 39292.1 39851.4 40399.1 40921.7 41548.5 43802.7 44441.1 43374.7 44102 44849.8 45572 46218.9 46852.9 47488.8 48198.2 50658.4 49494.2 50267.4 51108.1 51989.6 52768.1 53484.6 54206.8 54862 57180.2 57762.2 56414.6 57314.9 58266.9 59240 60083 60873 63639.1 62433.2 63452 64554.6 65690.7 66477.3 67242.9 67962.4 70754.7 71552.1 72325.5 70810.2 71987.7 73230.7 74532.9 77224.7 77920.4 78617 77190.2 78203.6 79299.9 80327.2 80952.1 83624.2 84423.4 82980.4 84278.8 85634 86900.8 89927.1 90791.5 91788.5 90628.2 91996 93449.5 94762 97878.1 98775.3 100044 98856.6 100684 102561 106658 107963 111750 110601 109481 111026 115269 114179 115351 116499 117660 118666 121768 122464 123718 121641 123155 124646 126324 128078 129938 131842 133526 137329 138498 140283 138985 141126 143235 148856 147432 149455 151481 153428 158813 160446 162398 160291 162748 169802 172178 169623 172777 176292 182776 182571 183481 184310 185086 185234 185073 187624 186900 186213 191451 193400 195635 194392 196591 202210 204101 203022 204838 206534 211348 210205 212088 213834 218764 217453 219388 221080 222585 224471 227685 230771 233830 236784 240391 244458 249118 254220 258029 259589 261168 262665 256359 257634 259198 261001 263103 265578 267889 269983 271929 274057 276349 278430 280369 286607 284884 287428 289909 296117 294844 296863 298844 303901 305900 304892 306876 311739 313547 315315 314025 318439 324519 321741 324484 321669 324498 327247 330007 336851 335189 337257 339185 344446 346489 345711 347874 352797 355613 359593 357560 362409 367236 371712 386500 383141 392653 401565 421408 422472 420965 421848 419942 417650 414524 410669 406594 405191 404296 407423 408860 411217 408392 411069 414087 417178 420445 429674 429148 433424 442473 455424 452923 460499 457804 468660 480198 504797 511884 514678 518378 520045 520463 519652 512613 509094 505027 498361 498094 499750 502057 509132 512362 510798 513816 517347 521211 525160 533979 536903 539680 538582 541112 543702 546459 553681 555379 556967 554998 556388 558032 559877 562755 565709 568615 577589 574015 577597 581922 588468 595177 601831 611208 613209 616261 617749 618767 626473 629373 632185 635093 638009 641025 643887 646784 649531 652312 661306 663778 652366 654797 660918 663046 660944 663247 666954 670722 674372 677747 681032 684456 692429 695806 699137 698565 701811 705119 708363 711588 714878 718339 722980 727780 732508 740848 744976 746314 749362 751788 754274 757318 760858 764414 767662 770419 773201 780474 783478 786633 789759 793066 792752 796048 798676 801279 803885 807314 810946 814592 817731 820641 823522 826577 829668 832751 838873 841412 843951 846673 850117 853636 857058 857475 861259 865063 868228 871480 874711 878602 882430 886270 889332 892308 895241 898727 902311 905926 909125 912194 915222 918677 922350 926058 929443 932603 935718 939111 942799 946538 950326 954453 958496 962491 966056 969673 973275 977302 981252 985231 988587 991991 995332 999144 1.00291e+06 1.00673e+06 1.0099e+06 1.01304e+06 1.01611e+06 1.01949e+06 1.02286e+06 1.02628e+06 1.02974e+06 1.03328e+06 1.03678e+06 1.03999e+06 1.04295e+06 1.04594e+06 1.04908e+06 1.05246e+06 1.05578e+06 1.0589e+06 1.06163e+06 1.0644e+06 1.06725e+06 1.07043e+06 1.07355e+06 1.07658e+06 1.07914e+06 1.08172e+06 1.08433e+06 1.08738e+06 1.09039e+06 1.09341e+06 1.09569e+06 1.09799e+06 1.10023e+06 1.10305e+06 1.10584e+06 1.11186e+06 1.11463e+06 1.11755e+06 1.12047e+06 1.12345e+06 1.12639e+06 1.12944e+06 1.12942e+06 1.13153e+06 1.13361e+06 1.13555e+06 1.13727e+06 1.13899e+06 1.14071e+06 1.1426e+06 1.14454e+06 1.14646e+06 1.14804e+06 1.14963e+06 1.15124e+06 1.15322e+06 1.1571e+06 1.159e+06 1.16085e+06 1.16281e+06 1.16475e+06 1.16354e+06 1.16489e+06 1.16624e+06 1.16777e+06 1.1694e+06 1.171e+06 1.1726e+06 1.17408e+06 1.17546e+06 1.17754e+06 1.1857e+06 1.18888e+06 1.19276e+06 1.19681e+06 1.20043e+06 1.20352e+06 1.20639e+06 1.20886e+06 1.21101e+06 1.21321e+06 1.21537e+06 1.21738e+06 1.22167e+06 1.22406e+06 1.22661e+06 1.22711e+06 1.22898e+06 1.23076e+06 1.23259e+06 1.23465e+06 1.23677e+06 1.23889e+06 1.2411e+06 1.24491e+06 1.24708e+06 1.24748e+06 1.24924e+06 1.25093e+06 1.25283e+06 1.25489e+06 1.25707e+06 1.25925e+06 1.26153e+06 1.26497e+06 1.26596e+06 1.26757e+06 1.2692e+06 1.2708e+06 1.2723e+06 1.2737e+06 1.27508e+06 1.27682e+06 1.28073e+06 1.28296e+06 1.28496e+06 1.287e+06 1.28913e+06 1.2913e+06 1.29359e+06 1.29607e+06 1.29732e+06 1.30054e+06 1.30266e+06 1.30477e+06 1.30663e+06 1.30718e+06 1.30776e+06 1.30834e+06 1.3106e+06 1.31239e+06 1.31428e+06 1.3155e+06 1.31633e+06 1.31715e+06 1.31806e+06 1.31998e+06 1.32198e+06 1.32402e+06 1.32572e+06 1.32752e+06 1.32943e+06 1.33154e+06 1.33438e+06 1.33724e+06 1.34022e+06 1.34252e+06 1.3448e+06 1.34695e+06 1.34924e+06 1.35273e+06 1.35556e+06 1.35771e+06 1.35949e+06 1.36057e+06 1.36146e+06 1.36197e+06 1.36188e+06 1.36185e+06 1.36114e+06 1.35888e+06 1.35669e+06 1.3542e+06 1.356e+06 1.3567e+06 1.3595e+06 1.35721e+06 1.35649e+06 1.35397e+06 1.34921e+06 1.34896e+06 1.34861e+06 1.34828e+06 1.34796e+06 1.34762e+06 1.34795e+06 1.34747e+06 1.34789e+06 1.34931e+06 1.3506e+06 1.35184e+06 1.3526e+06 1.35201e+06 1.35139e+06 1.35076e+06 1.35057e+06 1.35103e+06 1.3513e+06 1.35113e+06 1.35121e+06 1.35095e+06 1.35073e+06 1.35042e+06 1.35023e+06 1.35016e+06 1.35013e+06 1.35016e+06 1.35055e+06 1.35062e+06 1.35054e+06 1.3507e+06 1.35035e+06 1.34943e+06 1.35008e+06 1.34915e+06 1.35089e+06 1.3531e+06 1.3533e+06 1.3552e+06 1.35061e+06 1.34515e+06 1.33863e+06 1.33666e+06 1.33666e+06 1.33649e+06 1.33501e+06 1.33262e+06 1.33408e+06 1.33429e+06 1.33274e+06 1.33167e+06 1.33008e+06 1.32787e+06 1.32711e+06 1.32474e+06 1.32343e+06 1.32223e+06 1.32153e+06 1.31931e+06 1.31757e+06 1.31603e+06 1.31493e+06 1.31299e+06 1.31144e+06 1.31009e+06 1.3089e+06 1.30769e+06 1.30622e+06 1.30498e+06 1.30394e+06 1.30312e+06 1.30319e+06 1.30374e+06 1.30479e+06 1.30629e+06 1.30488e+06 1.30079e+06 1.29501e+06 1.28773e+06 1.28172e+06 1.28109e+06 1.28054e+06 1.28009e+06 1.27974e+06 1.2795e+06 1.27896e+06 1.27823e+06 1.27729e+06 1.27604e+06 1.27466e+06 1.27338e+06 1.27214e+06 1.2714e+06 1.26909e+06 1.26762e+06 1.26632e+06 1.2661e+06 1.2637e+06 1.2626e+06 1.26177e+06 1.26262e+06 1.26181e+06 1.25967e+06 1.25902e+06 1.26008e+06 1.25995e+06 1.25991e+06 1.2591e+06 1.26131e+06 1.26067e+06 1.26338e+06 1.26047e+06 1.25973e+06 1.24155e+06 1.22865e+06 1.22058e+06 1.22614e+06 1.21485e+06 1.2128e+06 1.21174e+06 1.21976e+06 1.21853e+06 1.21555e+06 1.21571e+06 1.21934e+06 1.21977e+06 1.22009e+06 1.21762e+06 1.21897e+06 1.2207e+06 1.22259e+06 1.22646e+06 1.22617e+06 1.22735e+06 1.22887e+06 1.23285e+06 1.23441e+06 1.23568e+06 1.23631e+06 1.23816e+06 1.23905e+06 1.23789e+06 1.23473e+06 1.23119e+06 1.23134e+06 1.23215e+06 1.24049e+06 1.24176e+06 1.24365e+06 1.24486e+06 1.24679e+06 1.24871e+06 1.25087e+06 1.25336e+06 1.2568e+06 1.25588e+06 1.25678e+06 1.25996e+06 1.26296e+06 1.26134e+06 1.262e+06 1.26012e+06 1.26121e+06 1.2622e+06 1.26555e+06 1.2655e+06 1.26507e+06 1.26275e+06 1.26249e+06 1.26225e+06 1.26205e+06 1.2641e+06 1.26321e+06 1.2621e+06 1.25876e+06 1.25829e+06 1.25799e+06 1.25764e+06 1.25929e+06 1.25823e+06 1.25503e+06 1.25389e+06 1.25296e+06 1.25204e+06 1.25113e+06 1.25232e+06 1.25084e+06 1.24938e+06 1.24539e+06 1.24466e+06 1.24395e+06 1.24321e+06 1.24476e+06 1.24287e+06 1.24114e+06 1.23673e+06 1.23527e+06 1.23382e+06 1.23243e+06 1.23062e+06 1.22873e+06 1.22679e+06 1.2264e+06 1.22307e+06 1.22116e+06 1.21947e+06 1.2181e+06 1.21666e+06 1.2152e+06 1.21513e+06 1.21307e+06 1.20832e+06 1.20661e+06 1.20519e+06 1.20385e+06 1.20269e+06 1.20196e+06 1.20113e+06 1.20023e+06 1.20066e+06 1.19636e+06 1.19438e+06 1.19277e+06 1.19126e+06 1.18978e+06 1.18842e+06 1.18724e+06 1.18599e+06 1.18675e+06 1.18472e+06 1.18009e+06 1.17792e+06 1.17632e+06 1.17473e+06 1.17317e+06 1.17195e+06 1.17079e+06 1.16951e+06 1.16999e+06 1.16795e+06 1.16609e+06 1.16154e+06 1.16025e+06 1.15892e+06 1.15768e+06 1.15692e+06 1.15592e+06 1.15466e+06 1.15258e+06 1.14998e+06 1.14698e+06 1.14385e+06 1.14036e+06 1.13233e+06 1.13043e+06 1.12972e+06 1.12896e+06 1.12813e+06 1.12727e+06 1.12636e+06 1.12559e+06 1.12521e+06 1.12475e+06 1.12658e+06 1.12536e+06 1.12411e+06 1.12295e+06 1.12186e+06 1.11756e+06 1.11644e+06 1.11612e+06 1.11589e+06 1.11561e+06 1.11458e+06 1.1133e+06 1.11202e+06 1.11114e+06 1.11048e+06 1.10979e+06 1.10871e+06 1.10724e+06 1.10576e+06 1.10696e+06 1.10561e+06 1.10429e+06 1.10292e+06 1.10122e+06 1.09952e+06 1.09791e+06 1.09334e+06 1.09207e+06 1.09082e+06 1.09079e+06 1.09072e+06 1.09061e+06 1.08966e+06 1.08868e+06 1.08769e+06 1.08742e+06 1.08727e+06 1.0871e+06 1.08632e+06 1.08536e+06 1.08439e+06 1.0839e+06 1.08365e+06 1.08338e+06 1.08265e+06 1.08159e+06 1.08051e+06 1.0798e+06 1.0795e+06 1.07918e+06 1.07866e+06 1.07787e+06 1.07707e+06 1.07617e+06 1.07494e+06 1.0737e+06 1.07289e+06 1.07383e+06 1.07479e+06 1.07551e+06 1.0747e+06 1.07389e+06 1.07312e+06 1.07323e+06 1.07333e+06 1.07343e+06 1.07265e+06 1.07185e+06 1.07101e+06 1.07074e+06 1.07054e+06 1.07033e+06 1.0698e+06 1.06917e+06 1.06851e+06 1.06827e+06 1.0682e+06 1.06812e+06 1.06807e+06 1.06804e+06 1.06802e+06 1.06791e+06 1.0677e+06 1.06745e+06 1.06656e+06 1.065e+06 1.06346e+06 1.06218e+06 1.06117e+06 1.06012e+06 1.05908e+06 1.05829e+06 1.0575e+06 1.05664e+06 1.05523e+06 1.05382e+06 1.05242e+06 1.05172e+06 1.05103e+06 1.05036e+06 1.04893e+06 1.04746e+06 1.04959e+06 1.04839e+06 1.04714e+06 1.04589e+06 1.04543e+06 1.04507e+06 1.04472e+06 1.03983e+06 1.03845e+06 1.03705e+06 1.03616e+06 1.03576e+06 1.03534e+06 1.03455e+06 1.03318e+06 1.0318e+06 1.0308e+06 1.03087e+06 1.03099e+06 1.03108e+06 1.03081e+06 1.03442e+06 1.03421e+06 1.03441e+06 1.03459e+06 1.03485e+06 1.03152e+06 1.03315e+06 1.03494e+06 1.03617e+06 1.03713e+06 1.03804e+06 1.03925e+06 1.04084e+06 1.04268e+06 1.04463e+06 1.04796e+06 1.04974e+06 1.04454e+06 1.02875e+06 1.01153e+06 994204 989432 985654 982760 981892 981490 981392 984056 982021 979825 970954 971007 971246 971000 968987 966901 964888 964827 972149 971877 965891 965263 964602 963098 960895 958487 956525 955867 960780 954693 953382 952063 950782 948692 946370 943968 941215 942743 939588 930449 927667 925048 922678 920718 918978 922351 915735 913708 911416 908836 906736 905177 904213 909324 909855 910120 903314 902486 901850 901275 904047 902000 899401 889170 885952 883211 881024 878963 882107 881597 879440 884260 889942 898247 914328 927154 934675 940332 936846 930973 922552 912730 901275 886725 852205 840509 831544 839717 834857 841635 827868 814314 810695 816645 806357 808332 811034 814555 818004 826069 828658 832692 836499 848431 862833 879016 885745 889833 891137 889250 883225 876487 863537 820081 800313 781818 785327 762124 756397 751874 748762 753563 751946 751913 747118 748353 755700 755955 747694 745145 742252 745998 734615 730589 726957 723599 727773 724890 729471 722449 716534 721417 720824 720643 714747 714388 719657 718451 710575 708176 705576 708270 697500 692886 688278 690984 680458 677676 674949 672188 669641 667235 664719 662009 659189 656555 655013 654513 655070 664154 675531 684973 692172 691159 674591 658038 642039 626064 621220 616299 611449 606509 603680 601348 598959 596432 598526 589979 586590 583175 585505 576625 573736 570896 574062 571495 560441 557227 562062 559364 557307 548144 552916 556736 548500 546043 538187 536036 534619 533885 541021 533807 533450 532678 537982 533944 522693 517439 518042 512445 507063 495778 489576 483283 477330 478342 466255 461079 456175 458257 455039 453463 446284 443711 440536 437737 435404 434068 432991 431851 438678 437723 437837 433153 432230 430580 428978 427369 431690 436122 440108 442825 444918 437893 434596 422953 417425 412097 416788 413034 410310 401154 397392 393277 389340 392039 388486 385087 376036 371679 367174 362866 366079 363222 355846 353611 350513 347301 344337 347455 344858 342180 334452 330250 326229 322378 325620 323197 320771 313174 310945 308667 306413 303111 299899 296947 300393 292276 289888 287329 284045 280543 276940 280160 279564 275081 275389 276437 277118 277061 275695 274556 273679 273065 264227 260024 255840 251531 247421 243457 239752 236054 240089 237458 228533 226168 224479 222707 220879 219043 217277 215493 219314 218142 216875 211024 208950 206892 204982 203534 202054 200494 198310 196198 194268 197943 196485 190370 188824 187177 185552 183881 182207 180492 178681 176564 174534 177581 176047 174478 172890 170964 164697 162624 160947 159287 157635 155914 154205 152462 150999 149651 148278 146573 144636 142726 145453 144027 142595 141094 139696 138244 136808 131486 129651 127816 126317 124791 123285 121816 120372 118899 117709 116534 115361 114177 113012 111818 110765 109751 108739 107692 106650 105583 104587 103638 102692 101738 100820 99879.9 98946.4 97988.5 97040.9 96095.6 95245.1 94371.2 93508.4 92666.5 91830.3 90977 90231.2 89464.7 88702.8 87953.1 87209 86444.5 85746.5 85039 84336.6 83627.8 82926.3 82205.5 81456.9 80672.8 79891.1 79090.8 78299.7 77490 76691.7 75874.4 75060.7 74227.4 73408 72572.8 71749.4 70907.6 70073.1 69238.8 68469.3 67684 66910 66124.7 65345.9 64552.4 63820.3 63071.5 62330.6 61701.6 61089.4 63191 62523.8 61836.7 61163.2 60616.7 60103.1 59586.3 58198.8 57694.8 57124.6 56535.5 55962 55331.9 54698.3 54067.1 53415 52739.7 52099.4 51427.1 50753.6 50104.8 51706.9 51085.4 50561.2 50028.8 49518.2 48304.4 47815.9 47232.2 46683 46107 45484.7 44889.1 44341.7 43760.4 43227.1 44564.5 44108.1 42670.2 42349.8 41921.8 41406.5 40931 40404 39807.2 39277.8 38723.3 38147 39380.1 38968.5 38548.4 37389.6 37041.9 36592.5 36082.1 35657.5 35169.9 34640.4 34193.6 35312.7 34853.5 33170.1 32600.7 31901.2 31221.9 30625 29982 29348 28757 29988.7 28151.4 27882.8 27502.4 27021.5 26616 26232.3 25809.5 25427.4 26554 26226.4 25377.6 25202.6 24902 24484.6 24211.4 23955.1 24697.4 23610.9 23369 22988.6 22512.3 22195.8 21844 21468.4 22493.4 22137.5 21756.3 21197.5 20961.5 20625.2 20193.3 20767.7 20481 20182.7 19579.6 19351.9 19034.5 18662.1 18302.4 18662.6 39083.6 67852.7 131594 199240 253257 252033 264604 273120 278000 281918 285214 287845 292938 295250 297079 298492 300856 303357 305233 306889 307633 310144 312639 311933 309176 309716 312167 314294 316166 317015 318102 317830 317385 318244 318492 318783 319036 319701 320365 321006 321446 321829 322049 322277 322160 322756 323560 324842 325698 326796 327913 329054 330746 332057 333516 334956 336443 337966 339416 340828 342299 343745 345024 346512 347643 348725 349795 348134 347331 347226 346785 346275 349361 350822 352050 352991 354106 355399 356411 357161 358074 358922 359909 360345 360903 361395 362030 362149 362400 362616 362805 362936 363015 363098 363188 363287 363653 364107 364664 365304 365344 364828 363957 362760 361898 362276 362701 363160 363666 364226 364719 365153 365544 365743 365818 365848 365832 365965 365535 365292 365010 364919 364349 363979 363585 363372 362946 362353 361902 361587 361070 360538 359905 359391 358851 358193 357591 356980 356460 355962 355471 354911 354568 354148 353750 353267 352922 352692 352364 351959 351653 351330 351208 350888 350509 350068 349261 348668 347782 346869 345877 344018 341095 338370 334561 329841 324630 319099 310549 300652 290234 278976 268524 260366 252368 246848 243386 240580 238334 237547 237215 236948 236828 236731 236559 236448 236281 236212 236140 236129 236029 235916 235738 235638 235541 235444 235399 235287 235169 234983 234904 234837 234761 234712 234605 234421 234312 234257 234205 234143 234092 233989 233886 233769 233750 233728 233694 233591 233542 233498 233404 233434 233453 233460 233362 233247 233136 232978 232949 232844 232748 232673 232601 232532 232436 232381 232317 232271 232233 232196 232156 232111 232064 232014 231928 231852 231768 231686 231601 231517 231430 231345 231259 231207 231159 231079 231038 231029 231039 231065 231103 231162 231245 231339 231363 231379 231889 231933 231969 231995 232019 232062 232123 232427 232749 233065 233165 233512 233845 234229 234639 235036 235408 235742 236083 236396 236644 236887 237142 237388 237641 237885 238096 238320 238513 238702 238895 239086 239236 239364 239492 239608 239719 239828 239899 239926 239955 239996 240032 240066 240101 240115 240131 240147 240193 240240 240287 240322 240358 240393 240385 240373 240361 240362 240367 240372 240385 240402 240421 240433 240442 240450 240437 240406 240372 240340 240311 240282 240235 240164 240091 240001 239864 239729 239623 239642 239662 239657 239458 239263 239067 238955 
        </DataArray>
        <DataArray type="Float64" Name="Temperature" format="ascii">
1153.62 1153.9 1154.16 1154.41 1154.67 1154.18 1153.58 1153 1151.07 1148.81 1146.5 1141.62 1135.57 1129.61 1124.01 1118.77 1113.43 1108.83 1104.77 1100.82 1097.82 1096.04 1094.25 1092.42 1090.46 1088.55 1088.15 1091.89 1095.64 1098.31 1096.74 1096.36 1085.51 936.876 786.917 640.568 548.425 457.055 353.652 356.477 359.336 362.089 363.438 364.631 365.839 362.088 364.098 366.148 367.929 369.333 370.711 372.177 373.884 375.558 377.251 378.896 380.557 382.219 384.151 390.938 392.758 394.354 395.955 397.528 393.959 396.111 398.402 400.283 402.014 403.698 405.467 407.261 409.089 410.825 417.214 418.848 415.746 417.639 419.588 421.514 423.209 424.856 426.508 428.379 430.343 432.305 438.402 439.952 441.474 438.058 440.171 442.362 444.556 446.334 448.099 449.805 451.738 458.535 460.471 457.272 459.416 461.657 463.762 465.6 467.427 469.241 471.201 477.88 474.75 476.759 478.987 481.364 483.359 485.168 487.008 488.658 494.405 495.841 492.44 494.577 496.88 499.277 501.238 503.078 509.447 506.634 508.886 511.37 513.941 515.626 517.283 518.859 524.776 526.452 528.098 524.809 527.214 529.794 532.526 537.865 539.24 540.611 537.729 539.697 541.856 543.885 545.075 550.131 551.617 548.854 551.259 553.801 556.166 561.58 563.134 564.883 562.793 565.184 567.749 570.051 575.315 576.847 578.928 576.913 579.911 583.016 589.597 591.643 597.535 595.754 594.004 596.365 602.845 601.219 602.95 604.652 606.384 607.867 612.355 613.38 615.139 612.107 614.251 616.392 618.791 621.174 623.711 626.321 628.595 633.675 635.21 637.492 635.718 638.459 641.164 648.343 646.463 648.954 651.448 653.82 660.333 662.2 664.447 661.744 664.487 672.79 675.422 671.892 675.249 678.88 686.968 685.064 686.889 689.372 692.596 692.386 691.799 693.775 693.043 692.356 697.834 699.893 702.169 700.93 703.163 708.842 710.717 709.668 711.463 713.141 717.84 716.751 718.567 720.25 724.952 723.726 725.555 727.154 728.577 730.329 733.248 736.051 738.832 741.516 744.62 748.105 752.086 756.434 759.648 760.931 762.228 763.457 758.216 759.201 760.446 761.91 763.642 765.629 767.469 769.124 770.65 772.31 774.082 775.677 777.149 782.008 780.584 782.504 784.366 789.115 788.082 789.578 791.038 794.834 796.281 795.502 796.946 800.524 801.825 803.102 802.094 805.303 809.737 807.573 809.479 807.314 809.263 811.135 812.994 817.808 816.412 817.709 818.872 822.462 823.767 822.902 824.203 827.467 829.205 831.812 829.997 833.139 836.218 838.999 848.499 845.994 851.733 856.957 868.843 869.564 868.927 867.852 867.053 866.164 865.101 863.9 862.336 861.424 860.79 862.671 863.53 865.019 863.076 864.693 866.493 868.299 870.17 875.867 875.29 877.736 882.965 891.025 888.765 893.037 890.903 896.772 902.759 915.742 919.278 920.913 920.289 921.292 921.867 922.199 923.756 921.869 919.688 916.095 915.921 916.755 917.919 921.579 923.207 922.346 923.859 925.635 927.571 929.538 933.964 935.413 936.773 936.161 937.395 938.649 939.975 943.5 944.351 945.128 944.065 944.747 945.54 946.418 947.793 949.201 950.578 954.931 953.135 954.819 956.829 959.867 962.961 966.011 970.296 971.128 972.398 973.014 973.432 977.303 978.582 979.81 981.068 982.305 983.562 984.737 985.91 987.004 988.094 992.772 993.852 987.248 987.932 990.613 991.426 990.112 991.02 992.487 993.958 995.359 996.662 997.921 999.215 1002.69 1004.11 1005.46 1004.74 1006.11 1007.45 1008.73 1010.01 1011.28 1012.6 1014.44 1016.32 1018.15 1022.01 1023.71 1023.45 1024.81 1025.9 1026.96 1028.19 1029.56 1030.92 1032.13 1033.16 1034.17 1037.19 1038.52 1039.86 1041.14 1042.46 1041.2 1042.57 1043.71 1044.81 1045.86 1047.16 1048.51 1049.82 1050.94 1051.97 1052.96 1053.99 1055.03 1056.04 1058.93 1060.02 1061.09 1062.21 1063.57 1064.94 1066.26 1063.94 1065.42 1066.9 1068.15 1069.4 1070.63 1072.07 1073.47 1074.85 1075.98 1077.06 1078.11 1079.34 1080.59 1081.83 1082.93 1083.99 1085.02 1086.19 1087.42 1088.67 1089.8 1090.86 1091.9 1093.03 1094.26 1095.51 1096.77 1098.15 1099.49 1100.82 1102.03 1103.26 1104.48 1105.84 1107.18 1108.53 1109.7 1110.88 1112.04 1113.38 1114.71 1116.05 1117.2 1118.35 1119.47 1120.7 1121.93 1123.18 1124.43 1125.72 1126.98 1128.15 1129.22 1130.31 1131.41 1132.57 1133.72 1134.78 1135.69 1136.62 1137.56 1138.57 1139.57 1140.54 1141.36 1142.19 1143.02 1144.01 1144.97 1145.94 1146.71 1147.48 1148.22 1149.13 1150.02 1152.49 1153.4 1154.33 1155.24 1156.15 1157.03 1157.92 1157.23 1157.94 1158.63 1159.25 1159.79 1160.31 1160.82 1161.36 1161.91 1162.43 1162.81 1163.19 1163.55 1163.98 1165.85 1166.26 1166.61 1166.94 1167.25 1166.39 1166.73 1167.07 1167.54 1168.04 1168.51 1169.04 1169.55 1169.98 1170.55 1174.1 1175.03 1175.2 1176.45 1177.55 1178.46 1179.41 1180.24 1180.98 1181.61 1182.2 1182.74 1184.49 1185.08 1185.71 1185.63 1186.33 1187.04 1187.85 1188.87 1189.98 1191.14 1192.64 1194.11 1195.6 1196.95 1198.17 1199.33 1200.32 1201.17 1201.99 1202.64 1202.96 1203.75 1203.25 1203.04 1202.75 1202.39 1202.23 1202.09 1201.88 1201.82 1204.02 1204.14 1203.41 1204.41 1205.32 1206.11 1206.76 1207.38 1209.28 1209.04 1209.97 1210.84 1211.6 1212.04 1212.36 1212.57 1214.54 1215.08 1215.52 1215.05 1215.52 1215.88 1216.13 1217.68 1217.79 1217.9 1217.5 1217.89 1218.12 1218.24 1218.29 1220.06 1220.5 1219.26 1220.22 1220.92 1221.39 1224.69 1225.02 1225.43 1224.86 1225.27 1225.3 1224.74 1225.85 1224.35 1223.13 1217.36 1216.93 1216.66 1221.89 1222.48 1227.02 1224.63 1225.74 1223.08 1218.02 1218.49 1220.67 1221.59 1221.28 1220.18 1221.47 1220.33 1220.77 1219.82 1220.59 1220.92 1221.5 1221.86 1222.23 1222.58 1223.12 1224.39 1224.83 1224.92 1224.71 1224.5 1224.08 1224.49 1223.86 1223.99 1224.1 1224.19 1224.98 1224.99 1225.07 1224.8 1224.71 1225 1225.2 1224.66 1225.39 1226.04 1226.8 1228.12 1227.77 1226.43 1224.04 1223.2 1223.2 1222.98 1222.54 1221.85 1221.88 1221.77 1221.21 1220.86 1220.25 1219.37 1219.01 1218.19 1217.63 1217.08 1216.75 1216.01 1215.48 1214.98 1214.72 1214.08 1213.69 1213.34 1212.99 1212.67 1212.35 1212.04 1211.75 1211.49 1211.54 1211.69 1211.94 1212.29 1212.07 1211.2 1209.85 1208.05 1206.48 1206.19 1205.97 1205.81 1205.71 1205.57 1205.36 1205.11 1204.82 1204.44 1204.03 1203.63 1203.24 1203.03 1202.34 1201.92 1201.52 1201.49 1200.78 1200.5 1200.27 1200.54 1200.38 1199.75 1199.62 1200 1199.97 1200.08 1199.8 1200.57 1200.67 1201.81 1201.54 1201.84 1195.86 1191.69 1189.2 1191.69 1188.13 1187.72 1187.5 1190.11 1189.81 1188.88 1188.97 1190.12 1190.28 1190.44 1189.68 1190.06 1190.54 1191.04 1192.19 1191.97 1192.28 1192.66 1193.79 1194.22 1194.58 1194.65 1195.22 1195.57 1195.32 1194.49 1193.48 1193.5 1193.68 1195.95 1196.38 1197.02 1197.17 1197.75 1198.3 1198.87 1199.51 1200.6 1200.25 1200.52 1201.5 1202.67 1202.02 1202.29 1201.68 1202.04 1202.34 1203.34 1203.39 1203.37 1202.64 1202.6 1202.54 1202.47 1203.08 1202.84 1202.53 1201.48 1201.3 1201.16 1201 1201.44 1201.13 1200.15 1199.83 1199.56 1199.28 1199 1199.34 1198.96 1198.57 1197.41 1197.21 1197.01 1196.8 1197.24 1196.75 1196.29 1195.02 1194.63 1194.23 1193.84 1193.33 1192.79 1192.23 1192.4 1191.23 1190.76 1190.33 1189.97 1189.57 1189.15 1189.27 1188.75 1187.35 1186.92 1186.57 1186.24 1185.95 1185.77 1185.56 1185.32 1185.61 1184.24 1183.71 1183.26 1182.82 1182.38 1181.97 1181.59 1181.19 1181.49 1180.88 1179.37 1178.72 1178.23 1177.73 1177.24 1176.84 1176.45 1176.03 1176.2 1175.6 1175.03 1173.6 1173.22 1172.82 1172.43 1172.17 1171.83 1171.42 1170.81 1170.04 1169.14 1168.22 1167.16 1164.68 1164.07 1163.79 1163.49 1163.17 1162.84 1162.48 1162.17 1161.96 1161.74 1162.24 1161.8 1161.35 1160.93 1160.51 1159.09 1158.67 1158.5 1158.34 1158.17 1157.78 1157.31 1156.85 1156.51 1156.24 1155.96 1155.56 1155.05 1154.53 1154.87 1154.4 1153.94 1153.46 1152.87 1152.28 1151.72 1150.18 1149.71 1149.25 1149.14 1149.01 1148.88 1148.49 1148.09 1147.69 1147.5 1147.35 1147.19 1146.85 1146.46 1146.06 1145.81 1145.62 1145.44 1145.11 1144.69 1144.26 1143.95 1143.75 1143.56 1143.3 1142.97 1142.63 1142.26 1141.79 1141.32 1140.97 1141.16 1141.34 1141.45 1141.1 1140.75 1140.4 1140.31 1140.23 1140.14 1139.78 1139.42 1139.05 1138.85 1138.68 1138.5 1138.23 1137.93 1137.62 1137.45 1137.33 1137.2 1137.09 1136.98 1136.87 1136.74 1136.57 1136.4 1136.02 1135.45 1134.88 1134.39 1133.98 1133.56 1133.14 1132.8 1132.46 1132.09 1131.57 1131.04 1130.51 1130.2 1129.89 1129.57 1129.03 1128.46 1129.55 1129.11 1128.63 1128.15 1127.92 1127.71 1127.49 1125.72 1125.26 1124.79 1124.47 1124.31 1124.13 1123.83 1123.36 1122.87 1122.48 1122.42 1122.36 1122.27 1122.04 1123.49 1123.31 1123.26 1123.17 1123.07 1121.86 1122.29 1122.78 1123.11 1123.37 1123.59 1123.88 1124.25 1124.66 1125.15 1126.44 1126.95 1120.58 1114.52 1108.19 1102.01 1099.66 1097.75 1096.24 1095.47 1094.95 1094.65 1099.95 1098.91 1097.89 1094.03 1094.55 1095.01 1095.23 1094.78 1094.2 1093.52 1093.44 1096.92 1096.77 1094.03 1093.98 1093.87 1093.48 1092.83 1092.04 1091.33 1091.01 1093.6 1090.77 1090.48 1090.15 1089.79 1089.17 1088.43 1087.59 1086.61 1087.96 1086.86 1083.64 1083 1082.38 1081.79 1081.41 1081.1 1082.83 1080.68 1080.52 1080.26 1079.89 1079.59 1079.47 1079.55 1081.88 1082.41 1082.81 1080.59 1080.51 1080.49 1080.47 1081.68 1081.08 1080.25 1076.72 1075.66 1074.75 1074.03 1073.32 1074.5 1074.31 1073.53 1075.23 1077.22 1080.11 1085.66 1090.05 1092.63 1088.85 1086.82 1084.39 1081.31 1080.72 1076.49 1071.55 1059.42 1055.48 1052.28 1056.02 1054.12 1057.73 1051.62 1046.64 1045.35 1047.94 1043.74 1044.58 1045.63 1046.93 1048.17 1051.55 1052.34 1053.91 1055.3 1059.84 1065.16 1069.96 1071.12 1071.61 1071.42 1070.25 1070.51 1067.7 1062.94 1047.29 1040.35 1033.59 1035.66 1026.4 1024.35 1022.65 1021.42 1024.01 1023.26 1023.35 1021.51 1022.14 1025.43 1025.53 1022.25 1021.39 1020.33 1022.07 1017.39 1015.83 1014.37 1012.96 1014.83 1013.56 1015.75 1012.55 1010.03 1012.04 1011.64 1011.55 1009.1 1008.88 1010.97 1010.39 1007.14 1006.12 1004.98 1006.09 1001.57 999.66 997.733 998.868 994.415 993.235 992.073 990.89 989.793 988.765 987.693 986.542 985.345 984.221 983.584 983.412 983.71 987.347 991.923 995.811 998.884 998.538 991.51 984.487 977.699 970.921 968.744 966.488 964.22 961.867 960.52 959.429 958.283 957.044 957.942 953.931 952.311 950.671 951.672 947.476 946.064 944.676 946.084 944.819 939.527 937.945 940.18 938.855 937.803 933.366 935.595 937.389 933.377 932.142 928.276 927.153 926.402 925.999 929.443 925.875 925.656 925.245 927.808 925.769 920.142 917.469 917.682 914.726 911.802 905.824 902.322 898.709 895.253 895.557 888.602 885.487 882.525 883.56 881.618 880.627 876.34 874.792 872.943 871.323 869.983 869.196 868.556 867.884 871.839 871.275 871.327 868.627 868.086 867.132 866.214 865.301 867.974 873.985 877.478 876.968 876.853 873.508 871.507 865.212 861.843 858.694 861.214 859.041 857.321 852.115 849.78 847.251 844.881 846.48 844.328 842.21 836.758 833.995 831.14 828.455 830.56 828.75 824.081 822.632 820.582 818.466 816.542 818.641 816.884 815.062 809.951 806.996 804.195 801.547 803.85 802.084 800.332 795.036 793.377 791.703 790.068 787.606 785.229 783.079 785.627 779.599 777.782 775.834 773.239 770.5 767.706 770.96 772.441 773.957 773.998 773.069 772.359 771.387 769.316 767.756 766.753 766.579 759.767 756.25 752.608 748.834 745.288 741.763 738.31 734.912 738.091 735.446 727.448 724.978 723.069 721.109 719.139 717.186 715.327 713.478 716.834 715.482 714.067 708.445 706.248 704.077 702.052 700.382 698.703 696.961 694.676 692.487 690.504 693.975 692.385 686.201 684.51 682.734 680.996 679.204 677.396 675.558 673.604 671.275 669.057 672.368 670.676 668.949 667.215 665.083 658.142 655.818 653.873 651.945 650.039 648.017 646.002 643.958 642.221 640.608 638.97 636.919 634.571 632.267 635.638 633.898 632.157 630.334 628.603 626.811 625.045 618.481 616.14 613.801 611.803 609.778 607.793 605.816 603.879 601.914 600.311 598.734 597.167 595.579 594.017 592.422 590.989 589.597 588.209 586.71 585.167 583.589 582.045 580.483 578.931 577.328 575.722 574.078 572.431 570.7 568.988 567.282 565.757 564.192 562.655 561.199 559.755 558.28 556.942 555.569 554.207 552.838 551.48 550.086 548.785 547.463 546.152 544.796 543.445 542.058 540.595 539.055 537.522 535.926 534.333 532.703 531.087 529.423 527.766 526.061 524.373 522.648 520.941 519.184 517.437 515.677 514.025 512.334 510.661 508.951 507.249 505.506 503.877 502.205 500.544 499.117 497.719 501.78 500.286 498.741 497.219 495.978 494.805 493.615 490.485 489.232 487.826 486.366 484.935 483.366 481.786 480.207 478.578 476.888 475.277 473.587 471.894 470.257 474.092 472.53 471.213 469.873 468.586 465.423 464.095 462.508 461.004 459.421 457.712 456.074 454.567 452.968 451.507 455.163 453.915 449.932 448.967 447.683 446.139 444.691 443.088 441.272 439.667 437.992 436.254 439.94 438.692 437.423 433.842 432.681 431.183 429.474 428.024 426.36 424.551 422.934 426.521 424.825 418.85 416.494 413.655 410.819 408.236 405.457 402.706 400.093 404.213 396.991 395.727 393.984 391.813 390.048 388.382 386.526 384.884 389.63 388.278 384.775 384.041 382.745 380.926 379.748 378.64 381.905 377.163 376.095 374.357 372.156 370.709 369.086 367.339 372.243 370.613 368.867 366.242 365.099 363.443 361.299 364.173 362.761 361.288 358.28 357.106 355.452 353.486 351.524 353.289 454.281 586.031 832.102 1066.04 1224.26 1235.5 1243.43 1243.37 1248.6 1248.63 1248.03 1246.44 1237.75 1235.78 1232.41 1230.68 1226.57 1223.28 1212.73 1207.22 1194.03 1193.53 1190.43 1180.46 1163.71 1159.64 1153.03 1146.72 1140.49 1134.68 1126.34 1120.74 1116.77 1116.23 1114.02 1112.1 1110.21 1108.98 1107.74 1106.51 1105.34 1104.15 1102.79 1102.15 1102.07 1102.71 1103.57 1105.66 1107.08 1109.59 1112.34 1115.8 1124.24 1130.14 1136.69 1141.6 1147.09 1153.73 1156.74 1158.08 1158.71 1159.02 1156.49 1154.59 1147.69 1140.06 1131.46 1112.43 1098.07 1077.66 1068.86 1060.13 1043.01 1031.56 1021.78 1017.31 1010.86 1001.7 1000.87 1001.1 1001.72 1002.73 1004.52 1006.31 1008.99 1011.83 1015.84 1018.32 1022.07 1025.78 1029.59 1033.42 1037.35 1041.12 1044.85 1048.41 1052.42 1056.45 1060.63 1064.82 1069.54 1074.11 1078.38 1082.2 1086.44 1091.92 1097.58 1103.23 1109.06 1114.48 1119.83 1124.97 1130.08 1134.91 1139.65 1144.17 1148.63 1155.01 1157.43 1161.45 1165.15 1169.93 1170.91 1172.63 1173.95 1175.94 1176 1175.66 1175.72 1176.16 1175.99 1175.67 1175.33 1175.28 1175.11 1175.39 1175.58 1175.82 1175.88 1175.81 1175.61 1174.81 1174.47 1173.67 1172.86 1171.58 1170.54 1169.69 1168.64 1167.49 1166.88 1166.55 1166.15 1165.98 1165.75 1165.4 1164.58 1164.11 1163.2 1162.22 1160.92 1158.5 1154.77 1151.68 1147.35 1142.34 1136.95 1131.37 1122.7 1112.48 1102.55 1090.2 1080.03 1069.75 1061.92 1054.9 1050.2 1046.51 1043.69 1039.09 1039.86 1038.74 1038.06 1031.44 1036.74 1035.4 1037.29 1035.69 1034.82 1034.27 1032.51 1030.22 1033.12 1031.53 1030.32 1029.86 1029.37 1028.26 1027.2 1028.92 1028.35 1028.03 1028.1 1026.63 1023.81 1027.76 1025.68 1023.55 1021.96 1021.35 1019.52 1017.18 1015.67 1020.12 1018.78 1018.17 1018.33 1017.16 1013.72 1011.49 1018.52 1015.6 1013.62 1012.63 1013.19 1014.61 1016.75 1019.38 1021.67 1024.58 1028.09 1032.94 1038.04 1043.2 1040.45 1037.96 1050.03 1047.5 1045.27 1043.9 1042.84 1041.04 1040.11 1040.08 1030.87 1039.57 1038.6 1038.02 1038.07 1039.03 1040.77 1042.74 1044.97 1040.74 1040.13 1048.49 1047.66 1046.18 1045 1044.21 1041.66 1038.89 1036.6 1031.37 1029.62 1029.53 1027.57 1028.64 1030.11 1032.76 1041.64 1050.27 1058.93 1066.9 1074.11 1080.34 1081.25 1085.97 1096.77 1100.27 1103.05 1105.99 1108.55 1110.4 1112.44 1113.78 1113.24 1113.15 1105.36 1101.87 1099.23 1097.45 1095.68 1115.87 1111.98 1107.33 1103.6 1101.26 1100.16 1099.85 1100.24 1102.04 1105.03 1108.58 1113.85 1119.73 1124.85 1132.18 1133.48 1134.75 1135.98 1136.43 1136.89 1137.34 1138.37 1139.14 1139.93 1140.58 1141.25 1141.92 1142.63 1143.35 1144.08 1144.56 1145 1145.43 1145.85 1146.26 1146.68 1146.92 1147.09 1147.25 1147.4 1147.53 1147.66 1147.81 1147.97 1148.14 1148.32 1148.53 1148.75 1148.97 1149.22 1149.47 1149.81 1150.48 1151.16 1151.79 1152.22 1152.63 1153.05 1153.33 
        </DataArray>
        <DataArray type="Float64" Name="Tau1" format="ascii">
0 0 0 0 0 0 0 0 0 0 0 0 0 0 0 0 0 0 0 0 0 0 0 0 0 0 0 0 0 0 0 0 0 0 0 0 0 0 0 0 0 0 0 0 0 0 0 0 0 0 0 0 0 0 0 0 0 0 0 0 0 0 0 0 0 0 0 0 0 0 0 0 0 0 0 0 0 0 0 0 0 0 0 0 0 0 0 0 0 0 0 0 0 0 0 0 0 0 0 0 0 0 0 0 0 0 0 0 0 0 0 0 0 0 0 0 0 0 0 0 0 0 0 0 0 0 0 0 0 0 0 0 0 0 0 0 0 0 0 0 0 0 0 0 0 0 0 0 0 0 0 0 0 0 0 0 0 0 0 0 0 0 0 0 0 0 0 0 0 0 0 0 0 0 0 0 0 0 0 0 0 0 0 0 0 0 0 0 0 0 0 0 0 0 0 0 0 0 0 0 0 0 0 0 0 0 0 0 0 0 0 0 0 0 0 0 0 0 0 0 0 0 0 0 0 0 0 0 0 0 0 0 0 0 0 0 0 0 0 0 0 0 0 0 0 0 0 0 0 0 0 0 0 0 0 0 0 0 0 0 0 0 0 0 0 0 0 0 0 0 0 0 0 0 0 0 0 0 0 0 0 0 0 0 0 0 0 0 0 0 0 0 0 0 0 0 0 0 0 0 0 0 0 0 0 0 0 0 0 0 0 0 0 0 0 0 0 0 0 0 0 0 0 0 0 0 0 0 0 0 0 0 0 0 0 0 0 0 0 0 0 0 0 0 0 0 0 0 0 0 0 0 0 0 0 0 0 0 0 0 0 0 0 0 0 0 0 0 0 0 0 0 0 0 0 0 0 0 0 0 0 0 0 0 0 0 0 0 0 0 0 0 0 0 0 0 0 0 0 0 0 0 0 0 0 0 0 0 0 0 0 0 0 0 0 0 0 0 0 0 0 0 0 0 0 0 0 0 0 0 0 0 0 0 0 0 0 0 0 0 0 0 0 0 0 0 0 0 0 0 0 0 0 0 0 0 0 0 0 0 0 0 0 0 0 0 0 0 0 0 0 0 0 0 0 0 0 0 0 0 0 0 0 0 0 0 0 0 0 0 0 0 0 0 0 0 0 0 0 0 0 0 0 0 0 0 0 0 0 0 0 0 0 0 0 0 0 0 0 0 0 0 0 0 0 0 0 0 0 0 0 0 0 0 0 0 0 0 0 0 0 0 0 0 0 0 0 0 0 0 0 0 0 0 0 0 0 0 0 0 0 0 0 0 0 0 0 0 0 0 0 0 0 0 0 0 0 0 0 0 0 0 0 0 0 0 0 0 0 0 0 0 0 0 0 0 0 0 0 0 0 0 0 0 0 0 0 0 0 0 0 0 0 0 0 0 0 0 0 0 0 0 0 0 0 0 0 0 0 0 0 0 0 0 0 0 0 0 0 0 0 0 0 0 0 0 0 0 0 0 0 0 0 0 0 0 0 0 0 0 0 0 0 0 0 0 0 0 0 0 0 0 0 0 0 0 0 0 0 0 0 0 0 0 0 0 0 0 0 0 0 0 0 0 0 0 0 0 0 0 0 0 0 0 0 0 0 0 0 0 0 0 0 0 0 0 0 0 0 0 0 0 0 0 0 0 0 0 0 0 0 0 0 0 0 0 0 0 0 0 0 0 0 0 0 0 0 0 0 0 0 0 0 0 0 0 0 0 0 0 0 0 0 0 0 0 0 0 0 0 0 0 0 0 0 0 0 0 0 0 0 0 0 0 0 0 0 0 0 0 0 0 0 0 0 0 0 0 0 0 0 0 0 0 0 0 0 0 0 0 0 0 0 0 0 0 0 0 0 0 0 0 0 0 0 0 0 0 0 0 0 0 0 0 0 0 0 0 0 0 0 0 0 0 0 0 0 0 0 0 0 0 0 0 0 0 0 0 0 0 0 0 0 0 0 0 0 0 0 0 0 0 0 0 0 0 0 0 0 0 0 0 0 0 0 0 0 0 0 0 0 0 0 0 0 0 0 0 0 0 0 0 0 0 0 0 0 0 0 0 0 0 0 0 0 0 0 0 0 0 0 0 0 0 0 0 0 0 0 0 0 0 0 0 0 0 0 0 0 0 0 0 0 0 0 0 0 0 0 0 0 0 0 0 0 0 0 0 0 0 0 0 0 0 0 0 0 0 0 0 0 0 0 0 0 0 0 0 0 0 0 0 0 0 0 0 0 0 0 0 0 0 0 0 0 0 0 0 0 0 0 0 0 0 0 0 0 0 0 0 0 0 0 0 0 0 0 0 0 0 0 0 0 0 0 0 0 0 0 0 0 0 0 0 0 0 0 0 0 0 0 0 0 0 0 0 0 0 0 0 0 0 0 0 0 0 0 0 0 0 0 0 0 0 0 0 0 0 0 0 0 0 0 0 0 0 0 0 0 0 0 0 0 0 0 0 0 0 0 0 0 0 0 0 0 0 0 0 0 0 0 0 0 0 0 0 0 0 0 0 0 0 0 0 0 0 0 0 0 0 0 0 0 0 0 0 0 0 0 0 0 0 0 0 0 0 0 0 0 0 0 0 0 0 0 0 0 0 0 0 0 0 0 0 0 0 0 0 0 0 0 0 0 0 0 0 0 0 0 0 0 0 0 0 0 0 0 0 0 0 0 0 0 0 0 0 0 0 0 0 0 0 0 0 0 0 0 0 0 0 0 0 0 0 0 0 0 0 0 0 0 0 0 0 0 0 0 0 0 0 0 0 0 0 0 0 0 0 0 0 0 0 0 0 0 0 0 0 0 0 0 0 0 0 0 0 0 0 0 0 0 0 0 0 0 0 0 0 0 0 0 0 0 0 0 0 0 0 0 0 0 0 0 0 0 0 0 0 0 0 0 0 0 0 0 0 0 0 0 0 0 0 0 0 0 0 0 0 0 0 0 0 0 0 0 0 0 0 0 0 0 0 0 0 0 0 0 0 0 0 0 0 0 0 0 0 0 0 0 0 0 0 0 0 0 0 0 0 0 0 0 0 0 0 0 0 0 0 0 0 0 0 0 0 0 0 0 0 0 0 0 0 0 0 0 0 0 0 0 0 0 0 0 0 0 0 0 0 0 0 0 0 0 0 0 0 0 0 0 0 0 0 0 0 0 0 0 0 0 0 0 0 0 0 0 0 0 0 0 0 0 0 0 0 0 0 0 0 0 0 0 0 0 0 0 0 0 0 0 0 0 0 0 0 0 0 0 0 0 0 0 0 0 0 0 0 0 0 0 0 0 0 0 0 0 0 0 0 0 0 0 0 0 0 0 0 0 0 0 0 0 0 0 0 0 0 0 0 0 0 0 0 0 0 0 0 0 0 0 0 0 0 0 0 0 0 0 0 0 0 0 0 0 0 0 0 0 0 0 0 0 0 0 0 0 0 0 0 0 0 0 0 0 0 0 0 0 0 0 0 0 0 0 0 0 0 0 0 0 0 0 0 0 0 0 0 0 0 0 0 0 0 0 0 0 0 0 0 0 0 0 0 0 0 0 0 0 0 0 0 0 0 0 0 0 0 0 0 0 0 0 0 0 0 0 0 0 0 0 0 0 0 0 0 0 0 0 0 0 0 0 0 0 0 0 0 0 0 0 0 0 0 0 0 0 0 0 0 0 0 0 0 0 0 0 0 0 0 0 0 0 0 0 0 0 0 0 0 0 0 0 0 0 0 0 0 0 0 0 0 0 0 0 0 0 0 0 0 0 0 0 0 0 0 0 0 0 0 0 0 0 0 0 0 0 0 0 0 0 0 0 0 0 0 0 0 0 0 0 0 0 0 0 0 0 0 0 0 0 0 0 0 0 0 0 0 0 0 0 0 0 0 0 0 0 0 0 0 0 0 0 0 0 0 0 0 0 0 0 0 0 0 0 0 0 0 0 0 0 0 0 0 0 0 0 0 0 0 0 0 0 0 0 0 0 0 0 0 0 0 0 0 0 0 0 0 0 0 0 0 0 0 0 0 0 0 0 0 0 0 0 0 0 0 0 0 0 0 0 0 0 0 0 0 0 0 0 0 0 0 0 0 0 0 0 0 0 0 0 0 0 0 0 0 0 0 0 0 0 0 0 0 0 0 0 0 0 0 0 0 0 0 0 0 0 0 0 0 0 0 0 0 0 0 0 0 0 0 0 0 0 0 0 0 0 0 0 0 0 0 0 0 0 0 0 0 0 0 0 0 0 0 0 0 0 0 0 0 0 0 0 0 0 0 0 0 0 0 0 0 0 0 0 0 0 0 0 0 0 0 0 0 0 0 0 0 0 0 0 0 0 0 0 0 0 0 0 0 0 0 0 0 0 0 0 0 0 0 0 0 0 0 0 0 0 0 0 0 0 0 0 0 0 0 0 0 0 0 0 0 0 0 0 0 0 0 0 0 0 0 0 0 0 0 0 0 0 0 0 0 0 0 0 0 0 0 0 0 0 0 0 0 0 0 0 0 0 0 0 0 0 0 0 0 0 0 0 0 0 0 
        </DataArray>
        <DataArray type="Float64" Name="Tau2" format="ascii">
0 0 0 0 0 0 0 0 0 0 0 0 0 0 0 0 0 0 0 0 0 0 0 0 0 0 0 0 0 0 0 0 0 0 0 0 0 0 0 0 0 0 0 0 0 0 0 0 0 0 0 0 0 0 0 0 0 0 0 0 0 0 0 0 0 0 0 0 0 0 0 0 0 0 0 0 0 0 0 0 0 0 0 0 0 0 0 0 0 0 0 0 0 0 0 0 0 0 0 0 0 0 0 0 0 0 0 0 0 0 0 0 0 0 0 0 0 0 0 0 0 0 0 0 0 0 0 0 0 0 0 0 0 0 0 0 0 0 0 0 0 0 0 0 0 0 0 0 0 0 0 0 0 0 0 0 0 0 0 0 0 0 0 0 0 0 0 0 0 0 0 0 0 0 0 0 0 0 0 0 0 0 0 0 0 0 0 0 0 0 0 0 0 0 0 0 0 0 0 0 0 0 0 0 0 0 0 0 0 0 0 0 0 0 0 0 0 0 0 0 0 0 0 0 0 0 0 0 0 0 0 0 0 0 0 0 0 0 0 0 0 0 0 0 0 0 0 0 0 0 0 0 0 0 0 0 0 0 0 0 0 0 0 0 0 0 0 0 0 0 0 0 0 0 0 0 0 0 0 0 0 0 0 0 0 0 0 0 0 0 0 0 0 0 0 0 0 0 0 0 0 0 0 0 0 0 0 0 0 0 0 0 0 0 0 0 0 0 0 0 0 0 0 0 0 0 0 0 0 0 0 0 0 0 0 0 0 0 0 0 0 0 0 0 0 0 0 0 0 0 0 0 0 0 0 0 0 0 0 0 0 0 0 0 0 0 0 0 0 0 0 0 0 0 0 0 0 0 0 0 0 0 0 0 0 0 0 0 0 0 0 0 0 0 0 0 0 0 0 0 0 0 0 0 0 0 0 0 0 0 0 0 0 0 0 0 0 0 0 0 0 0 0 0 0 0 0 0 0 0 0 0 0 0 0 0 0 0 0 0 0 0 0 0 0 0 0 0 0 0 0 0 0 0 0 0 0 0 0 0 0 0 0 0 0 0 0 0 0 0 0 0 0 0 0 0 0 0 0 0 0 0 0 0 0 0 0 0 0 0 0 0 0 0 0 0 0 0 0 0 0 0 0 0 0 0 0 0 0 0 0 0 0 0 0 0 0 0 0 0 0 0 0 0 0 0 0 0 0 0 0 0 0 0 0 0 0 0 0 0 0 0 0 0 0 0 0 0 0 0 0 0 0 0 0 0 0 0 0 0 0 0 0 0 0 0 0 0 0 0 0 0 0 0 0 0 0 0 0 0 0 0 0 0 0 0 0 0 0 0 0 0 0 0 0 0 0 0 0 0 0 0 0 0 0 0 0 0 0 0 0 0 0 0 0 0 0 0 0 0 0 0 0 0 0 0 0 0 0 0 0 0 0 0 0 0 0 0 0 0 0 0 0 0 0 0 0 0 0 0 0 0 0 0 0 0 0 0 0 0 0 0 0 0 0 0 0 0 0 0 0 0 0 0 0 0 0 0 0 0 0 0 0 0 0 0 0 0 0 0 0 0 0 0 0 0 0 0 0 0 0 0 0 0 0 0 0 0 0 0 0 0 0 0 0 0 0 0 0 0 0 0 0 0 0 0 0 0 0 0 0 0 0 0 0 0 0 0 0 0 0 0 0 0 0 0 0 0 0 0 0 0 0 0 0 0 0 0 0 0 0 0 0 0 0 0 0 0 0 0 0 0 0 0 0 0 0 0 0 0 0 0 0 0 0 0 0 0 0 0 0 0 0 0 0 0 0 0 0 0 0 0 0 0 0 0 0 0 0 0 0 0 0 0 0 0 0 0 0 0 0 0 0 0 0 0 0 0 0 0 0 0 0 0 0 0 0 0 0 0 0 0 0 0 0 0 0 0 0 0 0 0 0 0 0 0 0 0 0 0 0 0 0 0 0 0 0 0 0 0 0 0 0 0 0 0 0 0 0 0 0 0 0 0 0 0 0 0 0 0 0 0 0 0 0 0 0 0 0 0 0 0 0 0 0 0 0 0 0 0 0 0 0 0 0 0 0 0 0 0 0 0 0 0 0 0 0 0 0 0 0 0 0 0 0 0 0 0 0 0 0 0 0 0 0 0 0 0 0 0 0 0 0 0 0 0 0 0 0 0 0 0 0 0 0 0 0 0 0 0 0 0 0 0 0 0 0 0 0 0 0 0 0 0 0 0 0 0 0 0 0 0 0 0 0 0 0 0 0 0 0 0 0 0 0 0 0 0 0 0 0 0 0 0 0 0 0 0 0 0 0 0 0 0 0 0 0 0 0 0 0 0 0 0 0 0 0 0 0 0 0 0 0 0 0 0 0 0 0 0 0 0 0 0 0 0 0 0 0 0 0 0 0 0 0 0 0 0 0 0 0 0 0 0 0 0 0 0 0 0 0 0 0 0 0 0 0 0 0 0 0 0 0 0 0 0 0 0 0 0 0 0 0 0 0 0 0 0 0 0 0 0 0 0 0 0 0 0 0 0 0 0 0 0 0 0 0 0 0 0 0 0 0 0 0 0 0 0 0 0 0 0 0 0 0 0 0 0 0 0 0 0 0 0 0 0 0 0 0 0 0 0 0 0 0 0 0 0 0 0 0 0 0 0 0 0 0 0 0 0 0 0 0 0 0 0 0 0 0 0 0 0 0 0 0 0 0 0 0 0 0 0 0 0 0 0 0 0 0 0 0 0 0 0 0 0 0 0 0 0 0 0 0 0 0 0 0 0 0 0 0 0 0 0 0 0 0 0 0 0 0 0 0 0 0 0 0 0 0 0 0 0 0 0 0 0 0 0 0 0 0 0 0 0 0 0 0 0 0 0 0 0 0 0 0 0 0 0 0 0 0 0 0 0 0 0 0 0 0 0 0 0 0 0 0 0 0 0 0 0 0 0 0 0 0 0 0 0 0 0 0 0 0 0 0 0 0 0 0 0 0 0 0 0 0 0 0 0 0 0 0 0 0 0 0 0 0 0 0 0 0 0 0 0 0 0 0 0 0 0 0 0 0 0 0 0 0 0 0 0 0 0 0 0 0 0 0 0 0 0 0 0 0 0 0 0 0 0 0 0 0 0 0 0 0 0 0 0 0 0 0 0 0 0 0 0 0 0 0 0 0 0 0 0 0 0 0 0 0 0 0 0 0 0 0 0 0 0 0 0 0 0 0 0 0 0 0 0 0 0 0 0 0 0 0 0 0 0 0 0 0 0 0 0 0 0 0 0 0 0 0 0 0 0 0 0 0 0 0 0 0 0 0 0 0 0 0 0 0 0 0 0 0 0 0 0 0 0 0 0 0 0 0 0 0 0 0 0 0 0 0 0 0 0 0 0 0 0 0 0 0 0 0 0 0 0 0 0 0 0 0 0 0 0 0 0 0 0 0 0 0 0 0 0 0 0 0 0 0 0 0 0 0 0 0 0 0 0 0 0 0 0 0 0 0 0 0 0 0 0 0 0 0 0 0 0 0 0 0 0 0 0 0 0 0 0 0 0 0 0 0 0 0 0 0 0 0 0 0 0 0 0 0 0 0 0 0 0 0 0 0 0 0 0 0 0 0 0 0 0 0 0 0 0 0 0 0 0 0 0 0 0 0 0 0 0 0 0 0 0 0 0 0 0 0 0 0 0 0 0 0 0 0 0 0 0 0 0 0 0 0 0 0 0 0 0 0 0 0 0 0 0 0 0 0 0 0 0 0 0 0 0 0 0 0 0 0 0 0 0 0 0 0 0 0 0 0 0 0 0 0 0 0 0 0 0 0 0 0 0 0 0 0 0 0 0 0 0 0 0 0 0 0 0 0 0 0 0 0 0 0 0 0 0 0 0 0 0 0 0 0 0 0 0 0 0 0 0 0 0 0 0 0 0 0 0 0 0 0 0 0 0 0 0 0 0 0 0 0 0 0 0 0 0 0 0 0 0 0 0 0 0 0 0 0 0 0 0 0 0 0 0 0 0 0 0 0 0 0 0 0 0 0 0 0 0 0 0 0 0 0 0 0 0 0 0 0 0 0 0 0 0 0 0 0 0 0 0 0 0 0 0 0 0 0 0 0 0 0 0 0 0 0 0 0 0 0 0 0 0 0 0 0 0 0 0 0 0 0 0 0 0 0 0 0 0 0 0 0 0 0 0 0 0 0 0 0 0 0 0 0 0 0 0 0 0 0 0 0 0 0 0 0 0 0 0 0 0 0 0 0 0 0 0 0 0 0 0 0 0 0 0 0 0 0 0 0 0 0 0 0 0 0 0 0 0 0 0 0 0 0 0 0 0 0 0 0 0 0 0 0 0 0 0 0 0 0 0 0 0 0 0 0 0 0 0 0 0 0 0 0 0 0 0 0 0 0 0 0 0 0 0 0 0 0 0 0 0 0 0 0 0 0 0 0 0 0 0 0 0 0 0 0 0 0 0 0 0 0 0 0 0 0 0 0 0 0 0 0 0 0 0 0 0 0 0 0 0 0 0 
        </DataArray>
        <DataArray type="Float64" Name="dTdn" format="ascii">
0 0 0 0 0 0 0 0 0 0 0 0 0 0 0 0 0 0 0 0 0 0 0 0 0 0 0 0 0 0 0 0 0 0 0 0 0 0 0 0 0 0 0 0 0 0 0 0 0 0 0 0 0 0 0 0 0 0 0 0 0 0 0 0 0 0 0 0 0 0 0 0 0 0 0 0 0 0 0 0 0 0 0 0 0 0 0 0 0 0 0 0 0 0 0 0 0 0 0 0 0 0 0 0 0 0 0 0 0 0 0 0 0 0 0 0 0 0 0 0 0 0 0 0 0 0 0 0 0 0 0 0 0 0 0 0 0 0 0 0 0 0 0 0 0 0 0 0 0 0 0 0 0 0 0 0 0 0 0 0 0 0 0 0 0 0 0 0 0 0 0 0 0 0 0 0 0 0 0 0 0 0 0 0 0 0 0 0 0 0 0 0 0 0 0 0 0 0 0 0 0 0 0 0 0 0 0 0 0 0 0 0 0 0 0 0 0 0 0 0 0 0 0 0 0 0 0 0 0 0 0 0 0 0 0 0 0 0 0 0 0 0 0 0 0 0 0 0 0 0 0 0 0 0 0 0 0 0 0 0 0 0 0 0 0 0 0 0 0 0 0 0 0 0 0 0 0 0 0 0 0 0 0 0 0 0 0 0 0 0 0 0 0 0 0 0 0 0 0 0 0 0 0 0 0 0 0 0 0 0 0 0 0 0 0 0 0 0 0 0 0 0 0 0 0 0 0 0 0 0 0 0 0 0 0 0 0 0 0 0 0 0 0 0 0 0 0 0 0 0 0 0 0 0 0 0 0 0 0 0 0 0 0 0 0 0 0 0 0 0 0 0 0 0 0 0 0 0 0 0 0 0 0 0 0 0 0 0 0 0 0 0 0 0 0 0 0 0 0 0 0 0 0 0 0 0 0 0 0 0 0 0 0 0 0 0 0 0 0 0 0 0 0 0 0 0 0 0 0 0 0 0 0 0 0 0 0 0 0 0 0 0 0 0 0 0 0 0 0 0 0 0 0 0 0 0 0 0 0 0 0 0 0 0 0 0 0 0 0 0 0 0 0 0 0 0 0 0 0 0 0 0 0 0 0 0 0 0 0 0 0 0 0 0 0 0 0 0 0 0 0 0 0 0 0 0 0 0 0 0 0 0 0 0 0 0 0 0 0 0 0 0 0 0 0 0 0 0 0 0 0 0 0 0 0 0 0 0 0 0 0 0 0 0 0 0 0 0 0 0 0 0 0 0 0 0 0 0 0 0 0 0 0 0 0 0 0 0 0 0 0 0 0 0 0 0 0 0 0 0 0 0 0 0 0 0 0 0 0 0 0 0 0 0 0 0 0 0 0 0 0 0 0 0 0 0 0 0 0 0 0 0 0 0 0 0 0 0 0 0 0 0 0 0 0 0 0 0 0 0 0 0 0 0 0 0 0 0 0 0 0 0 0 0 0 0 0 0 0 0 0 0 0 0 0 0 0 0 0 0 0 0 0 0 0 0 0 0 0 0 0 0 0 0 0 0 0 0 0 0 0 0 0 0 0 0 0 0 0 0 0 0 0 0 0 0 0 0 0 0 0 0 0 0 0 0 0 0 0 0 0 0 0 0 0 0 0 0 0 0 0 0 0 0 0 0 0 0 0 0 0 0 0 0 0 0 0 0 0 0 0 0 0 0 0 0 0 0 0 0 0 0 0 0 0 0 0 0 0 0 0 0 0 0 0 0 0 0 0 0 0 0 0 0 0 0 0 0 0 0 0 0 0 0 0 0 0 0 0 0 0 0 0 0 0 0 0 0 0 0 0 0 0 0 0 0 0 0 0 0 0 0 0 0 0 0 0 0 0 0 0 0 0 0 0 0 0 0 0 0 0 0 0 0 0 0 0 0 0 0 0 0 0 0 0 0 0 0 0 0 0 0 0 0 0 0 0 0 0 0 0 0 0 0 0 0 0 0 0 0 0 0 0 0 0 0 0 0 0 0 0 0 0 0 0 0 0 0 0 0 0 0 0 0 0 0 0 0 0 0 0 0 0 0 0 0 0 0 0 0 0 0 0 0 0 0 0 0 0 0 0 0 0 0 0 0 0 0 0 0 0 0 0 0 0 0 0 0 0 0 0 0 0 0 0 0 0 0 0 0 0 0 0 0 0 0 0 0 0 0 0 0 0 0 0 0 0 0 0 0 0 0 0 0 0 0 0 0 0 0 0 0 0 0 0 0 0 0 0 0 0 0 0 0 0 0 0 0 0 0 0 0 0 0 0 0 0 0 0 0 0 0 0 0 0 0 0 0 0 0 0 0 0 0 0 0 0 0 0 0 0 0 0 0 0 0 0 0 0 0 0 0 0 0 0 0 0 0 0 0 0 0 0 0 0 0 0 0 0 0 0 0 0 0 0 0 0 0 0 0 0 0 0 0 0 0 0 0 0 0 0 0 0 0 0 0 0 0 0 0 0 0 0 0 0 0 0 0 0 0 0 0 0 0 0 0 0 0 0 0 0 0 0 0 0 0 0 0 0 0 0 0 0 0 0 0 0 0 0 0 0 0 0 0 0 0 0 0 0 0 0 0 0 0 0 0 0 0 0 0 0 0 0 0 0 0 0 0 0 0 0 0 0 0 0 0 0 0 0 0 0 0 0 0 0 0 0 0 0 0 0 0 0 0 0 0 0 0 0 0 0 0 0 0 0 0 0 0 0 0 0 0 0 0 0 0 0 0 0 0 0 0 0 0 0 0 0 0 0 0 0 0 0 0 0 0 0 0 0 0 0 0 0 0 0 0 0 0 0 0 0 0 0 0 0 0 0 0 0 0 0 0 0 0 0 0 0 0 0 0 0 0 0 0 0 0 0 0 0 0 0 0 0 0 0 0 0 0 0 0 0 0 0 0 0 0 0 0 0 0 0 0 0 0 0 0 0 0 0 0 0 0 0 0 0 0 0 0 0 0 0 0 0 0 0 0 0 0 0 0 0 0 0 0 0 0 0 0 0 0 0 0 0 0 0 0 0 0 0 0 0 0 0 0 0 0 0 0 0 0 0 0 0 0 0 0 0 0 0 0 0 0 0 0 0 0 0 0 0 0 0 0 0 0 0 0 0 0 0 0 0 0 0 0 0 0 0 0 0 0 0 0 0 0 0 0 0 0 0 0 0 0 0 0 0 0 0 0 0 0 0 0 0 0 0 0 0 0 0 0 0 0 0 0 0 0 0 0 0 0 0 0 0 0 0 0 0 0 0 0 0 0 0 0 0 0 0 0 0 0 0 0 0 0 0 0 0 0 0 0 0 0 0 0 0 0 0 0 0 0 0 0 0 0 0 0 0 0 0 0 0 0 0 0 0 0 0 0 0 0 0 0 0 0 0 0 0 0 0 0 0 0 0 0 0 0 0 0 0 0 0 0 0 0 0 0 0 0 0 0 0 0 0 0 0 0 0 0 0 0 0 0 0 0 0 0 0 0 0 0 0 0 0 0 0 0 0 0 0 0 0 0 0 0 0 0 0 0 0 0 0 0 0 0 0 0 0 0 0 0 0 0 0 0 0 0 0 0 0 0 0 0 0 0 0 0 0 0 0 0 0 0 0 0 0 0 0 0 0 0 0 0 0 0 0 0 0 0 0 0 0 0 0 0 0 0 0 0 0 0 0 0 0 0 0 0 0 0 0 0 0 0 0 0 0 0 0 0 0 0 0 0 0 0 0 0 0 0 0 0 0 0 0 0 0 0 0 0 0 0 0 0 0 0 0 0 0 0 0 0 0 0 0 0 0 0 0 0 0 0 0 0 0 0 0 0 0 0 0 0 0 0 0 0 0 0 0 0 0 0 0 0 0 0 0 0 0 0 0 0 0 0 0 0 0 0 0 0 0 0 0 0 0 0 0 0 0 0 0 0 0 0 0 0 0 0 0 0 0 0 0 0 0 0 0 0 0 0 0 0 0 0 0 0 0 0 0 0 0 0 0 0 0 0 0 0 0 0 0 0 0 0 0 0 0 0 0 0 0 0 0 0 0 0 0 0 0 0 0 0 0 0 0 0 0 0 0 0 0 0 0 0 0 0 0 0 0 0 0 0 0 0 0 0 0 0 0 0 0 0 0 0 0 0 0 0 0 0 0 0 0 0 0 0 0 0 0 0 0 0 0 0 0 0 0 0 0 0 0 0 0 0 0 0 0 0 0 0 0 0 0 0 0 0 0 0 0 0 0 0 0 0 0 0 0 0 0 0 0 0 0 0 0 0 0 0 0 0 0 0 0 0 0 0 0 0 0 0 0 0 0 0 0 0 0 0 0 0 0 0 0 0 0 0 0 0 0 0 0 0 0 0 0 0 0 0 0 0 0 0 0 0 0 0 0 0 0 0 0 0 0 0 0 0 0 0 0 0 0 0 0 0 0 0 0 0 0 0 0 0 0 0 0 0 0 0 0 0 0 0 0 0 0 0 0 0 0 0 0 0 0 0 0 0 0 0 0 0 0 0 0 0 0 0 0 0 0 0 0 0 
        </DataArray>
        <DataArray type="Int32" Name="Rank" format="ascii">
4 4 4 4 4 4 4 4 4 4 4 4 4 4 4 4 4 4 4 4 4 4 4 4 4 4 4 4 4 4 4 4 4 4 4 4 4 4 4 4 4 4 4 4 4 4 4 4 4 4 4 4 4 4 4 4 4 4 4 4 4 4 4 4 4 4 4 4 4 4 4 4 4 4 4 4 4 4 4 4 4 4 4 4 4 4 4 4 4 4 4 4 4 4 4 4 4 4 4 4 4 4 4 4 4 4 4 4 4 4 4 4 4 4 4 4 4 4 4 4 4 4 4 4 4 4 4 4 4 4 4 4 4 4 4 4 4 4 4 4 4 4 4 4 4 4 4 4 4 4 4 4 4 4 4 4 4 4 4 4 4 4 4 4 4 4 4 4 4 4 4 4 4 4 4 4 4 4 4 4 4 4 4 4 4 4 4 4 4 4 4 4 4 4 4 4 4 4 4 4 4 4 4 4 4 4 4 4 4 4 4 4 4 4 4 3 3 3 3 3 3 3 3 3 3 3 3 3 3 3 3 3 3 3 3 3 3 3 3 3 3 3 3 3 3 3 3 3 0 0 0 0 4 4 4 4 4 4 4 4 4 4 4 4 4 4 4 4 4 4 4 4 4 4 4 4 4 4 4 4 4 4 4 4 4 4 4 4 4 4 4 4 4 4 4 4 4 4 4 4 4 4 4 4 4 4 4 4 4 4 4 4 4 4 4 4 3 3 3 3 3 3 3 3 3 3 3 3 3 3 3 3 3 3 3 3 3 3 3 3 3 3 3 3 3 4 4 4 4 4 4 4 4 4 4 4 4 4 4 4 4 4 4 4 4 4 4 4 4 4 4 4 4 4 4 4 4 4 4 4 4 4 4 4 4 4 4 0 0 0 0 0 0 0 0 0 0 0 0 3 3 3 3 3 3 3 3 3 3 3 3 3 3 3 3 3 3 3 3 3 3 3 3 3 3 3 3 3 3 3 3 3 3 3 3 3 3 3 3 3 3 3 3 3 3 3 3 3 3 3 3 3 3 3 3 3 3 3 3 3 3 3 3 3 3 3 3 3 3 3 3 3 3 3 3 4 4 4 4 4 4 4 4 4 4 4 4 4 4 4 4 4 4 4 4 4 4 4 4 4 4 4 4 4 4 4 4 4 4 4 4 4 4 4 4 4 4 4 4 4 4 4 4 4 4 4 4 4 4 4 4 4 4 4 4 4 4 4 4 4 4 4 4 4 4 4 4 4 4 4 4 4 4 4 4 4 4 4 4 4 4 4 4 4 4 4 4 4 4 4 4 4 4 4 4 4 4 4 4 4 4 4 4 4 4 4 4 4 4 4 4 4 4 4 4 4 4 4 4 4 4 4 4 4 4 4 4 4 4 4 4 4 4 4 4 4 4 4 4 4 4 4 4 4 4 4 4 4 4 4 4 4 4 4 4 4 4 4 4 4 4 4 4 4 4 4 4 4 4 4 4 4 4 4 4 4 4 4 4 4 4 4 4 4 4 4 4 4 4 4 4 4 4 4 4 4 4 4 4 4 4 4 4 4 4 4 4 4 4 4 4 4 4 4 4 4 4 4 4 4 4 4 4 4 4 4 4 4 4 4 4 4 4 4 4 4 4 4 4 4 4 4 4 4 4 4 4 4 4 4 4 4 4 4 4 4 4 4 4 4 4 4 4 4 4 4 4 4 4 4 4 4 4 4 4 4 4 4 4 4 4 4 4 4 4 4 4 4 4 4 4 4 4 4 4 4 4 4 4 4 4 4 4 4 4 4 4 4 4 4 4 4 4 4 4 4 4 4 4 4 4 4 4 4 4 4 4 4 4 4 4 4 4 4 4 4 4 4 4 4 4 4 4 4 4 4 4 4 4 4 4 4 4 4 4 4 4 4 4 4 4 4 4 4 4 4 4 4 4 4 4 4 4 4 4 4 4 4 4 4 4 4 4 4 4 4 4 4 4 4 4 4 4 4 4 4 4 4 4 4 4 4 4 4 4 4 4 4 4 4 4 4 4 4 4 4 4 4 4 4 4 4 4 4 4 4 4 4 4 4 4 4 4 4 4 4 4 4 4 4 4 4 4 4 4 4 4 4 4 4 4 4 4 4 4 4 4 4 4 4 4 4 4 4 4 4 4 4 4 4 4 4 4 4 4 4 4 4 4 4 4 4 4 4 4 4 4 4 4 4 4 4 4 4 4 7 7 7 7 7 7 7 7 7 7 7 7 7 7 7 7 7 7 7 7 7 7 7 7 7 7 7 7 7 7 7 7 7 7 7 7 7 7 7 7 7 7 7 7 7 7 7 7 7 7 7 7 7 7 7 7 7 7 7 7 7 7 7 7 7 7 7 7 7 7 7 7 7 7 7 7 7 7 7 7 7 7 7 7 7 7 7 7 7 7 7 7 7 7 7 7 7 7 7 7 7 7 7 7 7 7 7 7 7 7 7 7 7 7 7 7 7 7 7 7 7 7 7 7 7 7 7 7 7 7 7 7 7 7 7 7 7 7 7 7 7 7 7 7 7 7 7 7 7 7 7 7 7 7 7 7 7 7 7 7 7 7 7 7 7 7 7 7 7 7 7 7 7 7 7 7 7 7 7 7 7 7 7 7 7 7 7 7 7 7 7 7 7 7 7 7 7 7 7 7 7 7 7 7 7 7 7 7 7 7 7 7 7 7 7 7 7 7 7 7 7 7 7 7 7 7 7 7 7 7 7 7 7 7 7 7 7 7 7 7 7 7 7 7 7 7 7 7 7 7 7 7 7 7 7 7 7 7 7 7 7 7 7 7 7 7 7 7 7 7 7 7 7 7 7 7 7 7 7 7 7 7 7 7 7 7 7 7 7 7 7 7 7 7 7 7 7 7 7 7 7 7 7 7 7 7 7 7 7 7 7 7 7 7 7 7 7 7 7 7 7 7 7 7 7 7 7 7 7 7 7 7 7 7 7 7 7 7 7 7 7 7 7 7 7 7 7 7 7 7 7 7 7 7 7 7 7 7 7 7 7 7 7 7 7 7 7 7 7 7 7 7 7 7 7 7 7 7 7 7 7 7 7 7 7 7 7 7 7 7 7 7 7 7 7 7 7 7 7 7 7 7 7 7 7 7 7 7 7 7 7 7 7 7 7 7 7 7 7 7 7 7 7 7 7 7 7 7 7 7 7 7 7 7 7 7 7 7 7 7 7 7 7 7 7 7 7 7 7 7 7 7 7 7 7 7 7 7 7 7 7 7 7 7 7 7 7 7 7 7 7 7 7 7 7 7 7 7 7 7 7 7 7 7 7 7 7 7 7 7 7 7 7 7 7 7 7 7 7 7 7 7 7 7 7 7 7 7 7 7 7 7 7 7 7 7 7 7 7 7 7 7 7 7 7 7 7 7 7 7 7 7 7 7 7 7 7 7 7 7 7 7 7 7 7 7 7 7 7 7 7 7 7 7 7 7 7 7 7 7 7 7 7 7 7 7 7 7 7 7 7 7 7 7 7 7 7 7 7 7 7 7 7 7 7 7 7 7 7 7 7 7 7 7 7 7 7 7 7 7 7 7 7 7 7 7 7 7 7 7 7 7 7 7 7 7 7 7 7 7 7 7 7 7 7 7 7 7 7 7 7 7 7 7 7 7 7 7 7 7 7 7 7 7 7 7 7 7 7 7 7 7 7 7 7 7 7 7 7 7 7 7 7 7 7 7 7 7 7 7 7 7 7 7 7 7 7 7 7 7 7 7 7 7 7 7 7 7 7 7 7 7 7 7 7 7 7 7 7 7 7 7 7 7 7 7 7 7 7 7 7 7 7 7 7 7 7 7 7 7 7 7 7 7 7 7 7 7 7 7 7 7 7 7 7 7 7 7 7 7 7 7 7 7 7 7 7 7 7 7 7 7 7 7 7 7 7 7 7 7 7 7 7 7 7 7 7 7 7 7 7 7 7 7 7 7 7 4 4 4 4 4 4 4 4 4 4 4 4 4 4 4 4 4 4 4 4 4 4 4 4 4 4 4 4 4 4 4 4 4 4 4 4 4 4 4 4 4 4 4 4 4 4 4 4 4 4 4 4 4 4 4 4 4 4 4 4 4 4 4 4 4 4 4 4 4 4 4 4 4 4 4 4 4 4 4 4 4 4 4 4 4 4 4 4 4 4 4 4 4 4 4 4 4 4 4 4 4 4 4 4 4 4 4 4 4 4 4 4 4 4 4 4 4 4 4 4 4 4 4 4 4 4 4 4 4 4 4 4 4 4 4 4 4 4 4 4 4 4 4 4 4 4 4 4 4 4 4 4 4 4 4 4 4 4 4 4 4 4 4 4 4 4 4 4 4 4 4 4 4 4 4 4 4 4 4 4 4 4 4 4 4 4 4 4 4 4 4 4 4 4 4 4 4 4 4 4 4 4 4 4 4 4 4 4 4 4 4 4 4 4 4 4 4 4 4 4 4 4 4 4 4 4 4 4 4 4 4 4 4 4 4 4 4 4 4 4 4 4 4 4 4 4 4 4 
        </DataArray>
        <DataArray type="Int32" Name="Level" format="ascii">
4 4 4 4 4 4 4 4 4 4 4 4 4 4 4 4 4 4 4 4 4 4 4 4 4 4 4 4 4 4 4 4 4 4 4 4 4 4 4 4 4 4 4 4 4 4 4 4 4 4 4 4 4 4 4 4 4 4 4 4 4 4 4 4 4 4 4 4 4 4 4 4 4 4 4 4 4 4 4 4 4 4 4 4 4 4 4 4 4 4 4 4 4 4 4 4 4 4 4 4 4 4 4 4 4 4 4 4 4 4 4 4 4 4 4 4 4 4 4 4 4 4 4 4 4 4 4 4 4 4 4 4 4 4 4 4 4 4 4 4 4 4 4 4 4 4 4 4 4 4 4 4 4 4 4 4 4 4 4 4 4 4 4 4 4 4 4 4 4 4 4 4 4 4 4 4 4 4 4 4 4 4 4 4 4 4 4 4 4 4 4 4 4 4 4 4 4 4 4 4 4 4 4 4 4 4 4 4 4 4 4 4 4 4 4 4 4 4 4 4 4 4 4 4 4 4 4 4 4 4 4 4 4 4 4 4 4 4 4 4 4 4 4 4 4 4 4 4 3 3 3 3 4 4 4 4 4 4 4 4 4 4 4 4 4 4 4 4 4 4 4 4 4 4 4 4 4 4 4 4 4 4 4 4 4 4 4 4 4 4 4 4 4 4 4 4 4 4 4 4 4 4 4 4 4 4 4 4 4 4 4 4 4 4 4 4 4 4 4 4 4 4 4 4 4 4 4 4 4 4 4 4 4 4 4 4 4 4 4 4 4 4 4 4 4 4 4 4 4 4 4 4 4 4 4 4 4 4 4 4 4 4 4 4 4 4 4 4 4 4 4 4 4 4 4 4 4 4 4 4 4 4 4 4 4 4 4 3 3 3 3 3 3 3 3 3 3 3 3 4 4 4 4 4 4 4 4 4 4 4 4 4 4 4 4 4 4 4 4 4 4 4 4 4 4 4 4 4 4 4 4 4 4 4 4 4 4 4 4 4 4 4 4 4 4 4 4 4 4 4 4 4 4 4 4 4 4 4 4 4 4 4 4 4 4 4 4 4 4 4 4 4 4 4 4 4 4 4 4 4 4 4 4 4 4 4 4 4 4 4 4 4 4 4 4 4 4 4 4 4 4 4 4 4 4 4 4 4 4 4 4 4 4 4 4 4 4 4 4 4 4 4 4 4 4 4 4 4 4 4 4 4 4 4 4 4 4 4 4 4 4 4 4 4 4 4 4 4 4 4 4 4 4 4 4 4 4 4 4 4 4 4 4 4 4 4 4 4 4 4 4 4 4 4 4 4 4 4 4 4 4 4 4 4 4 4 4 4 4 4 4 4 4 4 4 4 4 4 4 4 4 4 4 4 4 4 4 4 4 4 4 4 4 4 4 4 4 4 4 4 4 4 4 4 4 4 4 4 4 4 4 4 4 4 4 4 4 4 4 4 4 4 4 4 4 4 4 4 4 4 4 4 4 4 4 4 4 4 4 4 4 4 4 4 4 4 4 4 4 4 4 4 4 4 4 4 4 4 4 4 4 4 4 4 4 4 4 4 4 4 4 4 4 4 4 4 4 4 4 4 4 4 4 4 4 4 4 4 4 4 4 4 4 4 4 4 4 4 4 4 4 4 4 4 4 4 4 4 4 4 4 4 4 4 4 4 4 4 4 4 4 4 4 4 4 4 4 4 4 4 4 4 4 4 4 4 4 4 4 4 4 4 4 4 4 4 4 4 4 4 4 4 4 4 4 4 4 4 4 4 4 4 4 4 4 4 4 4 4 4 4 4 4 4 4 4 4 4 4 4 4 4 4 4 4 4 4 4 4 4 4 4 4 4 4 4 4 4 4 4 4 4 4 4 4 4 4 4 4 4 4 4 4 4 4 4 4 4 4 4 4 4 4 4 4 4 4 4 4 4 4 4 4 4 4 4 4 4 4 4 4 4 4 4 4 4 4 4 4 4 4 4 4 4 4 4 4 4 4 4 4 4 4 4 4 4 4 4 4 4 4 4 4 4 4 4 4 4 4 4 4 4 4 4 4 4 4 4 4 4 4 4 4 4 4 4 4 4 4 4 4 4 4 4 4 4 4 4 4 4 4 4 4 4 4 4 4 4 4 4 4 4 4 4 4 4 4 4 4 4 4 4 4 4 4 4 4 4 4 4 4 4 4 4 4 4 4 4 4 4 4 4 4 4 4 4 4 4 4 4 4 4 4 4 4 4 4 4 4 4 4 4 4 4 4 4 4 4 4 4 4 4 4 4 4 4 4 4 4 4 4 4 4 4 4 4 4 4 4 4 4 4 4 4 4 4 4 4 4 4 4 4 4 4 4 4 4 4 4 4 4 4 4 4 4 4 4 4 4 4 4 4 4 4 4 4 4 4 4 4 4 4 4 4 4 4 4 4 4 4 4 4 4 4 4 4 4 4 4 4 4 4 4 4 4 4 4 4 4 4 4 4 4 4 4 4 4 4 4 4 4 4 4 4 4 4 4 4 4 4 4 4 4 4 4 4 4 4 4 4 4 4 4 4 4 4 4 4 4 4 4 4 4 4 4 4 4 4 4 4 4 4 4 4 4 4 4 4 4 4 4 4 4 4 4 4 4 4 4 4 4 4 4 4 4 4 4 4 4 4 4 4 4 4 4 4 4 4 4 4 4 4 4 4 4 4 4 4 4 4 4 4 4 4 4 4 4 4 4 4 4 4 4 4 4 4 4 4 4 4 4 4 4 4 4 4 4 4 4 4 4 4 4 4 4 4 4 4 4 4 4 4 4 4 4 4 4 4 4 4 4 4 4 4 4 4 4 4 4 4 4 4 4 4 4 4 4 4 4 4 4 4 4 4 4 4 4 4 4 4 4 4 4 4 4 4 4 4 4 4 4 4 4 4 4 4 4 4 4 4 4 4 4 4 4 4 4 4 4 4 4 4 4 4 4 4 4 4 4 4 4 4 4 4 4 4 4 4 4 4 4 4 4 4 4 4 4 4 4 4 4 4 4 4 4 4 4 4 4 4 4 4 4 4 4 4 4 4 4 4 4 4 4 4 4 4 4 4 4 4 4 4 4 4 4 4 4 4 4 4 4 4 4 4 4 4 4 4 4 4 4 4 4 4 4 4 4 4 4 4 4 4 4 4 4 4 4 4 4 4 4 4 4 4 4 4 4 4 4 4 4 4 4 4 4 4 4 4 4 4 4 4 4 4 4 4 4 4 4 4 4 4 4 4 4 4 4 4 4 4 4 4 4 4 4 4 4 4 4 4 4 4 4 4 4 4 4 4 4 4 4 4 4 4 4 4 4 4 4 4 4 4 4 4 4 4 4 4 4 4 4 4 4 4 4 4 4 4 4 4 4 4 4 4 4 4 4 4 4 4 4 4 4 4 4 4 4 4 4 4 4 4 4 4 4 4 4 4 4 4 4 4 4 4 4 4 4 4 4 4 4 4 4 4 4 4 4 4 4 4 4 4 4 4 4 4 4 4 4 4 4 4 4 4 4 4 4 4 4 4 4 4 4 4 4 4 4 4 4 4 4 4 4 4 4 4 4 4 4 4 4 4 4 4 4 4 4 4 4 4 4 4 4 4 4 4 4 4 4 4 4 4 4 4 4 4 4 4 4 4 4 4 4 4 4 4 4 4 4 4 4 4 4 4 4 4 4 4 4 4 4 4 4 4 4 4 4 4 4 4 4 4 4 4 4 4 4 4 4 4 4 4 4 4 4 4 4 4 4 4 4 4 4 4 4 4 4 4 4 4 4 4 4 4 4 4 4 4 4 4 4 4 4 4 4 4 4 4 4 4 4 4 4 4 4 4 4 4 4 4 4 4 4 4 4 4 4 4 4 4 4 4 4 4 4 4 4 4 4 4 4 4 4 4 4 4 4 4 4 4 4 4 4 4 4 4 4 4 4 4 4 4 4 4 4 4 4 4 4 4 4 4 4 4 4 4 4 4 4 4 4 4 4 4 4 4 4 4 4 4 4 4 4 4 4 4 4 4 4 4 4 4 4 4 4 4 4 4 4 4 4 4 4 4 4 4 4 4 4 4 4 4 4 4 4 4 4 4 4 4 4 4 4 4 4 4 4 4 4 4 4 4 4 4 4 4 4 4 4 4 4 4 4 4 4 4 4 4 4 4 4 4 4 4 4 4 4 4 4 4 4 4 4 4 4 4 4 4 4 4 4 4 4 4 4 4 4 4 4 4 4 4 4 4 4 4 4 4 4 4 4 4 4 4 4 4 4 4 4 4 4 4 4 4 4 4 4 4 4 4 4 4 4 4 4 4 4 4 4 4 4 4 4 4 4 4 4 4 4 4 4 4 4 4 4 4 4 4 4 4 4 4 4 4 4 4 4 4 4 4 4 4 4 4 4 4 4 4 4 4 4 4 4 4 4 4 4 4 4 4 4 4 4 4 4 4 4 4 4 4 4 4 4 4 4 4 4 4 4 4 4 4 4 4 4 4 4 4 4 4 4 4 4 4 4 4 4 4 4 4 
        </DataArray>
        <DataArray type="Int32" Name="N_Interp_IP0" format="ascii">
4 4 4 4 4 4 4 4 4 4 4 4 4 4 4 4 4 4 4 4 4 4 4 4 4 4 4 4 4 4 4 4 4 4 4 4 4 4 4 4 4 4 4 4 4 4 4 4 4 4 4 4 4 4 4 4 4 4 4 4 4 4 4 4 4 4 4 4 4 4 4 4 4 4 4 4 4 4 4 4 4 4 4 4 4 4 4 4 4 4 4 4 4 4 4 4 4 4 4 4 4 4 4 4 4 4 4 4 4 4 4 4 4 4 4 4 4 4 4 4 4 4 4 4 4 4 4 4 4 4 4 4 4 4 4 4 4 4 4 4 4 4 4 4 4 4 4 4 4 4 4 4 4 4 4 4 4 4 4 4 4 4 4 4 4 4 4 4 4 4 4 4 4 4 4 4 4 4 4 4 4 4 4 4 4 4 4 4 4 4 4 4 4 4 4 4 4 4 4 4 4 4 4 4 4 4 4 4 4 4 4 4 4 4 4 4 4 4 4 4 4 4 4 4 4 4 4 4 4 4 4 4 4 4 4 4 4 4 4 4 4 4 4 4 4 4 4 4 4 4 4 4 4 4 4 4 4 4 4 4 4 4 4 4 4 4 4 4 4 4 4 4 4 4 4 4 4 4 4 4 4 4 4 4 4 4 4 4 4 4 4 4 4 4 4 4 4 4 4 4 4 4 4 4 4 4 4 4 4 4 4 4 4 4 4 4 4 4 4 4 4 4 4 4 4 4 4 4 4 4 4 4 4 4 4 4 4 4 4 4 4 4 4 4 4 4 4 4 4 4 4 4 4 4 4 4 4 4 4 4 4 4 4 4 4 4 4 4 4 4 4 4 4 4 4 4 4 4 4 4 4 4 4 4 4 4 4 4 4 4 4 4 4 4 4 4 4 4 4 4 4 4 4 4 4 4 4 4 4 4 4 4 4 4 4 4 4 4 4 4 4 4 4 4 4 4 4 4 4 4 4 4 4 4 4 4 4 4 4 4 4 4 4 4 4 4 4 4 4 4 4 4 4 4 4 4 4 4 4 4 4 4 4 4 4 4 4 4 4 4 4 4 4 4 4 4 4 4 4 4 4 4 4 4 4 4 4 4 4 4 4 4 4 4 4 4 4 4 4 4 4 4 4 4 4 4 4 4 4 4 4 4 4 4 4 4 4 4 4 4 4 4 4 4 4 4 4 4 4 4 4 4 4 4 4 4 4 4 4 4 4 4 4 4 4 4 4 4 4 4 4 4 4 4 4 4 4 4 4 4 4 4 4 4 4 4 4 4 4 4 4 4 4 4 4 4 4 4 4 4 4 4 4 4 4 4 4 4 4 4 4 4 4 4 4 4 4 4 4 4 4 4 4 4 4 4 4 4 4 4 4 4 4 4 4 4 4 4 4 4 4 4 4 4 4 4 4 4 4 4 4 4 4 4 4 4 4 4 4 4 4 4 4 4 4 4 4 4 4 4 4 4 4 4 4 4 4 4 4 4 4 4 4 4 4 4 4 4 4 4 4 4 4 4 4 4 4 4 4 4 4 4 4 4 4 4 4 4 4 4 4 4 4 4 4 4 4 4 4 4 4 4 4 4 4 4 4 4 4 4 4 4 4 4 4 4 4 4 4 4 4 4 4 4 4 4 4 4 4 4 4 4 4 4 4 4 4 4 4 4 4 4 4 4 4 4 4 4 4 4 4 4 4 4 4 4 4 4 4 4 4 4 4 4 4 4 4 4 4 4 4 4 4 4 4 4 4 4 4 4 4 4 4 4 4 4 4 4 4 4 4 4 4 4 4 4 4 4 4 4 4 4 4 4 4 4 4 4 4 4 4 4 4 4 4 4 4 4 4 4 4 4 4 4 4 4 4 4 4 4 4 4 4 4 4 4 4 4 4 4 4 4 4 4 4 4 4 4 4 4 4 4 4 4 4 4 4 4 4 4 4 4 4 4 4 4 4 4 4 4 4 4 4 4 4 4 4 4 4 4 4 4 4 4 4 4 4 4 4 4 4 4 4 4 4 4 4 4 4 4 4 4 4 4 4 4 4 4 4 4 4 4 4 4 4 4 4 4 4 4 4 4 4 4 4 4 4 4 4 4 4 4 4 4 4 4 4 4 4 4 4 4 4 4 4 4 4 4 4 4 4 4 4 4 4 4 4 4 4 4 4 4 4 4 4 4 4 4 4 4 4 4 4 4 4 4 4 4 4 4 4 4 4 4 4 4 4 4 4 4 4 4 4 4 4 4 4 4 4 4 4 4 4 4 4 4 4 4 4 4 4 4 4 4 4 4 4 4 4 4 4 4 4 4 4 4 4 4 4 4 4 4 4 4 4 4 4 4 4 4 4 4 4 4 4 4 4 4 4 4 4 4 4 4 4 4 4 4 4 4 4 4 4 4 4 4 4 4 4 4 4 4 4 4 4 4 4 4 4 4 4 4 4 4 4 4 4 4 4 4 4 4 4 4 4 4 4 4 4 4 4 4 4 4 4 4 4 4 4 4 4 4 4 4 4 4 4 4 4 4 4 4 4 4 4 4 4 4 4 4 4 4 4 4 4 4 4 4 4 4 4 4 4 4 4 4 4 4 4 4 4 4 4 4 4 4 4 4 4 4 4 4 4 4 4 4 4 4 4 4 4 4 4 4 4 4 4 4 4 4 4 4 4 4 4 4 4 4 4 4 4 4 4 4 4 4 4 4 4 4 4 4 4 4 4 4 4 4 4 4 4 4 4 4 4 4 4 4 4 4 4 4 4 4 4 4 4 4 4 4 4 4 4 4 4 4 4 4 4 4 4 4 4 4 4 4 4 4 4 4 4 4 4 4 4 4 4 4 4 4 4 4 4 4 4 4 4 4 4 4 4 4 4 4 4 4 4 4 4 4 4 4 4 4 4 4 4 4 4 4 4 4 4 4 4 4 4 4 4 4 4 4 4 4 4 4 4 4 4 4 4 4 4 4 4 4 4 4 4 4 4 4 4 4 4 4 4 4 4 4 4 4 4 4 4 4 4 4 4 4 4 4 4 4 4 4 4 4 4 4 4 4 4 4 4 4 4 4 4 4 4 4 4 4 4 4 4 4 4 4 4 4 4 4 4 4 4 4 4 4 4 4 4 4 4 4 4 4 4 4 4 4 4 4 4 4 4 4 4 4 4 4 4 4 4 4 4 4 4 4 4 4 4 4 4 4 4 4 4 4 4 4 4 4 4 4 4 4 4 4 4 4 4 4 4 4 4 4 4 4 4 4 4 4 4 4 4 4 4 4 4 4 4 4 4 4 4 4 4 4 4 4 4 4 4 4 4 4 4 4 4 4 4 4 4 4 4 4 4 4 4 4 4 4 4 4 4 4 4 4 4 4 4 4 4 4 4 4 4 4 4 4 4 4 4 4 4 4 4 4 4 4 4 4 4 4 4 4 4 4 4 4 4 4 4 4 4 4 4 4 4 4 4 4 4 4 4 4 4 4 4 4 4 4 4 4 4 4 4 4 4 4 4 4 4 4 4 4 4 4 4 4 4 4 4 4 4 4 4 4 4 4 4 4 4 4 4 4 4 4 4 4 4 4 4 4 4 4 4 4 4 4 4 4 4 4 4 4 4 4 4 4 4 4 4 4 4 4 4 4 4 4 4 4 4 4 4 4 4 4 4 4 4 4 4 4 4 4 4 4 4 4 4 4 4 4 4 4 4 4 4 4 4 4 4 4 4 4 4 4 4 4 4 4 4 4 4 4 4 4 4 4 4 4 4 4 4 4 4 4 4 4 4 4 4 4 4 4 4 4 4 4 4 4 4 4 4 4 4 4 4 4 4 4 4 4 4 4 4 4 4 4 4 4 4 4 4 4 4 4 4 4 4 4 4 4 4 4 4 4 4 4 4 4 4 4 4 4 4 4 4 4 4 4 4 4 4 4 4 4 4 4 4 4 4 4 4 4 4 4 4 4 4 4 4 4 4 4 4 4 4 4 4 4 4 4 4 4 4 4 4 4 4 4 4 4 4 4 4 4 4 4 4 4 4 4 4 4 4 4 4 4 4 4 4 4 4 4 4 4 4 4 4 4 4 4 4 4 4 4 4 4 4 4 4 4 4 4 4 4 4 4 4 4 4 4 4 4 4 4 4 4 4 4 4 4 4 4 4 4 4 4 4 4 4 4 4 4 4 4 4 4 4 4 4 4 4 4 4 4 4 4 4 4 4 4 4 4 4 4 4 4 4 4 4 4 4 4 4 4 4 4 4 4 4 4 4 4 4 4 4 4 4 4 4 4 4 4 4 4 4 4 4 4 4 4 4 4 4 4 4 4 4 4 4 4 4 4 4 4 4 4 4 4 4 4 4 4 4 4 4 4 4 4 4 4 4 4 4 4 4 4 4 4 4 4 4 4 4 4 4 4 4 4 4 4 4 4 4 4 4 4 4 4 4 4 4 4 4 4 4 4 4 4 4 4 4 4 4 4 4 4 4 4 4 4 4 4 4 4 4 4 4 4 4 4 4 4 4 4 
        </DataArray>
      </CellData>
    </Piece>
  </PolyData>
</VTKFile>
