<?xml version="1.0"?>
<VTKFile type="PolyData" version="1.0" byte_order="LittleEndian" header_type="UInt64">
  <PolyData>
    <Piece NumberOfPoints="2000" NumberOfPolys="2000">
      <Points>
        <DataArray type="Float64" Name="Points" NumberOfComponents="3" format="ascii">
0.1 0 0.0 0.099999 0.000314157 0.0 0.099998 0.000628314 0.0 0.0999951 0.000942459 0.0 0.0999921 0.0012566 0.0 0.0999872 0.00157072 0.0 0.0999822 0.00188484 0.0 0.0999753 0.00219893 0.0 0.0999684 0.00251301 0.0 0.0999595 0.00282704 0.0 0.0999507 0.00314108 0.0 0.0999398 0.00345505 0.0 0.0999289 0.00376902 0.0 0.0999161 0.00408292 0.0 0.0999033 0.00439681 0.0 0.0998885 0.00471062 0.0 0.0998737 0.00502443 0.0 0.0998569 0.00533814 0.0 0.0998402 0.00565185 0.0 0.0998214 0.00596545 0.0 0.0998027 0.00627905 0.0 0.099782 0.00659253 0.0 0.0997613 0.006906 0.0 0.0997386 0.00721934 0.0 0.0997159 0.00753268 0.0 0.0996912 0.00784587 0.0 0.0996666 0.00815906 0.0 0.09964 0.00847209 0.0 0.0996134 0.00878512 0.0 0.0995848 0.00909798 0.0 0.0995562 0.00941083 0.0 0.0995256 0.0097235 0.0 0.0994951 0.0100362 0.0 0.0994626 0.0103486 0.0 0.0994301 0.0106611 0.0 0.0993956 0.0109734 0.0 0.0993611 0.0112856 0.0 0.0993247 0.0115977 0.0 0.0992883 0.0119097 0.0 0.0992499 0.0122215 0.0 0.0992115 0.0125333 0.0 0.0991711 0.0128449 0.0 0.0991308 0.0131564 0.0 0.0990885 0.0134677 0.0 0.0990461 0.013779 0.0 0.0990019 0.0140901 0.0 0.0989576 0.0144011 0.0 0.0989114 0.0147118 0.0 0.0988652 0.0150226 0.0 0.098817 0.015333 0.0 0.0987688 0.0156434 0.0 0.0987187 0.0159536 0.0 0.0986686 0.0162637 0.0 0.0986165 0.0165735 0.0 0.0985645 0.0168833 0.0 0.0985104 0.0171928 0.0 0.0984564 0.0175023 0.0 0.0984005 0.0178114 0.0 0.0983445 0.0181206 0.0 0.0982866 0.0184294 0.0 0.0982287 0.0187381 0.0 0.0981689 0.0190465 0.0 0.0981091 0.0193549 0.0 0.0980473 0.019663 0.0 0.0979855 0.019971 0.0 0.0979218 0.0202786 0.0 0.0978581 0.0205863 0.0 0.0977925 0.0208935 0.0 0.0977268 0.0212007 0.0 0.0976592 0.0215075 0.0 0.0975917 0.0218143 0.0 0.0975222 0.0221207 0.0 0.0974527 0.0224271 0.0 0.0973813 0.022733 0.0 0.0973099 0.0230389 0.0 0.0972365 0.0233444 0.0 0.0971632 0.0236499 0.0 0.0970879 0.0239549 0.0 0.0970127 0.0242599 0.0 0.0969355 0.0245645 0.0 0.0968583 0.024869 0.0 0.0967792 0.025173 0.0 0.0967001 0.0254771 0.0 0.0966192 0.0257806 0.0 0.0965382 0.0260842 0.0 0.0964553 0.0263872 0.0 0.0963724 0.0266902 0.0 0.0962876 0.0269927 0.0 0.0962028 0.0272952 0.0 0.0961161 0.0275972 0.0 0.0960294 0.0278991 0.0 0.0959408 0.0282005 0.0 0.0958522 0.0285019 0.0 0.0957617 0.0288028 0.0 0.0956712 0.0291036 0.0 0.0955788 0.0294039 0.0 0.0954865 0.0297042 0.0 0.0953922 0.0300038 0.0 0.0952979 0.0303035 0.0 0.0952018 0.0306026 0.0 0.0951057 0.0309017 0.0 0.0950076 0.0312002 0.0 0.0949096 0.0314987 0.0 0.0948097 0.0317965 0.0 0.0947098 0.0320944 0.0 0.0946081 0.0323916 0.0 0.0945063 0.0326888 0.0 0.0944027 0.0329854 0.0 0.0942991 0.033282 0.0 0.0941936 0.0335779 0.0 0.0940881 0.0338738 0.0 0.0939807 0.034169 0.0 0.0938734 0.0344643 0.0 0.0937642 0.0347589 0.0 0.093655 0.0350534 0.0 0.0935439 0.0353473 0.0 0.0934329 0.0356412 0.0 0.09332 0.0359344 0.0 0.0932071 0.0362275 0.0 0.0930924 0.03652 0.0 0.0929776 0.0368125 0.0 0.0928611 0.0371042 0.0 0.0927445 0.0373959 0.0 0.0926261 0.0376869 0.0 0.0925077 0.0379779 0.0 0.0923875 0.0382682 0.0 0.0922673 0.0385584 0.0 0.0921452 0.0388479 0.0 0.0920232 0.0391374 0.0 0.0918993 0.0394261 0.0 0.0917755 0.0397148 0.0 0.0916498 0.0400027 0.0 0.0915241 0.0402906 0.0 0.0913966 0.0405778 0.0 0.0912692 0.0408649 0.0 0.0911399 0.0411512 0.0 0.0910106 0.0414376 0.0 0.0908795 0.0417231 0.0 0.0907484 0.0420086 0.0 0.0906156 0.0422933 0.0 0.0904827 0.0425779 0.0 0.0903481 0.0428618 0.0 0.0902134 0.0431456 0.0 0.090077 0.0434286 0.0 0.0899405 0.0437116 0.0 0.0898023 0.0439937 0.0 0.0896641 0.0442758 0.0 0.0895241 0.0445571 0.0 0.0893841 0.0448383 0.0 0.0892424 0.0451187 0.0 0.0891007 0.0453991 0.0 0.0889571 0.0456785 0.0 0.0888136 0.045958 0.0 0.0886684 0.0462365 0.0 0.0885231 0.0465151 0.0 0.0883761 0.0467928 0.0 0.0882291 0.0470704 0.0 0.0880804 0.0473471 0.0 0.0879316 0.0476238 0.0 0.0877811 0.0478996 0.0 0.0876307 0.0481754 0.0 0.0874785 0.0484502 0.0 0.0873262 0.048725 0.0 0.0871723 0.0489989 0.0 0.0870184 0.0492727 0.0 0.0868627 0.0495456 0.0 0.0867071 0.0498185 0.0 0.0865497 0.0500904 0.0 0.0863923 0.0503623 0.0 0.0862333 0.0506332 0.0 0.0860742 0.0509041 0.0 0.0859134 0.051174 0.0 0.0857527 0.051444 0.0 0.0855902 0.0517128 0.0 0.0854277 0.0519817 0.0 0.0852636 0.0522496 0.0 0.0850994 0.0525175 0.0 0.0849336 0.0527843 0.0 0.0847678 0.0530511 0.0 0.0846003 0.0533169 0.0 0.0844328 0.0535827 0.0 0.0842636 0.0538474 0.0 0.0840945 0.0541121 0.0 0.0839236 0.0543758 0.0 0.0837528 0.0546394 0.0 0.0835803 0.054902 0.0 0.0834078 0.0551646 0.0 0.0832337 0.0554261 0.0 0.0830596 0.0556876 0.0 0.0828838 0.0559479 0.0 0.0827081 0.0562083 0.0 0.0825307 0.0564676 0.0 0.0823533 0.0567269 0.0 0.0821742 0.0569851 0.0 0.0819952 0.0572432 0.0 0.0818146 0.0575002 0.0 0.0816339 0.0577573 0.0 0.0814517 0.0580132 0.0 0.0812694 0.058269 0.0 0.0810856 0.0585238 0.0 0.0809017 0.0587785 0.0 0.0807162 0.0590321 0.0 0.0805308 0.0592857 0.0 0.0803437 0.0595381 0.0 0.0801567 0.0597905 0.0 0.0799681 0.0600417 0.0 0.0797794 0.060293 0.0 0.0795892 0.060543 0.0 0.079399 0.060793 0.0 0.0792073 0.0610419 0.0 0.0790155 0.0612907 0.0 0.0788222 0.0615383 0.0 0.0786288 0.061786 0.0 0.078434 0.0620324 0.0 0.0782391 0.0622788 0.0 0.0780427 0.062524 0.0 0.0778462 0.0627691 0.0 0.0776483 0.0630131 0.0 0.0774503 0.063257 0.0 0.0772508 0.0634997 0.0 0.0770513 0.0637424 0.0 0.0768503 0.0639838 0.0 0.0766493 0.0642253 0.0 0.0764468 0.0644654 0.0 0.0762443 0.0647056 0.0 0.0760402 0.0649445 0.0 0.0758362 0.0651834 0.0 0.0756307 0.065421 0.0 0.0754251 0.0656586 0.0 0.0752181 0.0658949 0.0 0.0750111 0.0661312 0.0 0.0748026 0.0663662 0.0 0.0745941 0.0666012 0.0 0.0743841 0.0668349 0.0 0.0741742 0.0670686 0.0 0.0739627 0.0673009 0.0 0.0737513 0.0675333 0.0 0.0735384 0.0677643 0.0 0.0733255 0.0679953 0.0 0.0731112 0.068225 0.0 0.0728969 0.0684547 0.0 0.0726811 0.068683 0.0 0.0724653 0.0689114 0.0 0.0722481 0.0691384 0.0 0.0720309 0.0693653 0.0 0.0718123 0.0695909 0.0 0.0715936 0.0698165 0.0 0.0713736 0.0700408 0.0 0.0711536 0.070265 0.0 0.0709321 0.0704878 0.0 0.0707107 0.0707107 0.0 0.0704878 0.0709321 0.0 0.070265 0.0711536 0.0 0.0700408 0.0713736 0.0 0.0698165 0.0715936 0.0 0.0695909 0.0718123 0.0 0.0693653 0.0720309 0.0 0.0691384 0.0722481 0.0 0.0689114 0.0724653 0.0 0.068683 0.0726811 0.0 0.0684547 0.0728969 0.0 0.068225 0.0731112 0.0 0.0679953 0.0733255 0.0 0.0677643 0.0735384 0.0 0.0675333 0.0737513 0.0 0.0673009 0.0739627 0.0 0.0670686 0.0741742 0.0 0.0668349 0.0743841 0.0 0.0666012 0.0745941 0.0 0.0663662 0.0748026 0.0 0.0661312 0.0750111 0.0 0.0658949 0.0752181 0.0 0.0656586 0.0754251 0.0 0.065421 0.0756307 0.0 0.0651834 0.0758362 0.0 0.0649445 0.0760402 0.0 0.0647056 0.0762443 0.0 0.0644654 0.0764468 0.0 0.0642253 0.0766493 0.0 0.0639838 0.0768503 0.0 0.0637424 0.0770513 0.0 0.0634997 0.0772508 0.0 0.063257 0.0774503 0.0 0.0630131 0.0776483 0.0 0.0627691 0.0778462 0.0 0.062524 0.0780427 0.0 0.0622788 0.0782391 0.0 0.0620324 0.078434 0.0 0.061786 0.0786288 0.0 0.0615383 0.0788222 0.0 0.0612907 0.0790155 0.0 0.0610419 0.0792073 0.0 0.060793 0.079399 0.0 0.060543 0.0795892 0.0 0.060293 0.0797794 0.0 0.0600417 0.0799681 0.0 0.0597905 0.0801567 0.0 0.0595381 0.0803437 0.0 0.0592857 0.0805308 0.0 0.0590321 0.0807162 0.0 0.0587785 0.0809017 0.0 0.0585238 0.0810856 0.0 0.058269 0.0812694 0.0 0.0580132 0.0814517 0.0 0.0577573 0.0816339 0.0 0.0575002 0.0818146 0.0 0.0572432 0.0819952 0.0 0.0569851 0.0821742 0.0 0.0567269 0.0823533 0.0 0.0564676 0.0825307 0.0 0.0562083 0.0827081 0.0 0.0559479 0.0828838 0.0 0.0556876 0.0830596 0.0 0.0554261 0.0832337 0.0 0.0551646 0.0834078 0.0 0.054902 0.0835803 0.0 0.0546394 0.0837528 0.0 0.0543758 0.0839236 0.0 0.0541121 0.0840945 0.0 0.0538474 0.0842636 0.0 0.0535827 0.0844328 0.0 0.0533169 0.0846003 0.0 0.0530511 0.0847678 0.0 0.0527843 0.0849336 0.0 0.0525175 0.0850994 0.0 0.0522496 0.0852636 0.0 0.0519817 0.0854277 0.0 0.0517128 0.0855902 0.0 0.051444 0.0857527 0.0 0.051174 0.0859134 0.0 0.0509041 0.0860742 0.0 0.0506332 0.0862333 0.0 0.0503623 0.0863923 0.0 0.0500904 0.0865497 0.0 0.0498185 0.0867071 0.0 0.0495456 0.0868627 0.0 0.0492727 0.0870184 0.0 0.0489989 0.0871723 0.0 0.048725 0.0873262 0.0 0.0484502 0.0874785 0.0 0.0481754 0.0876307 0.0 0.0478996 0.0877811 0.0 0.0476238 0.0879316 0.0 0.0473471 0.0880804 0.0 0.0470704 0.0882291 0.0 0.0467928 0.0883761 0.0 0.0465151 0.0885231 0.0 0.0462365 0.0886684 0.0 0.045958 0.0888136 0.0 0.0456785 0.0889571 0.0 0.0453991 0.0891007 0.0 0.0451187 0.0892424 0.0 0.0448383 0.0893841 0.0 0.0445571 0.0895241 0.0 0.0442758 0.0896641 0.0 0.0439937 0.0898023 0.0 0.0437116 0.0899405 0.0 0.0434286 0.090077 0.0 0.0431456 0.0902134 0.0 0.0428618 0.0903481 0.0 0.0425779 0.0904827 0.0 0.0422933 0.0906156 0.0 0.0420086 0.0907484 0.0 0.0417231 0.0908795 0.0 0.0414376 0.0910106 0.0 0.0411512 0.0911399 0.0 0.0408649 0.0912692 0.0 0.0405778 0.0913966 0.0 0.0402906 0.0915241 0.0 0.0400027 0.0916498 0.0 0.0397148 0.0917755 0.0 0.0394261 0.0918993 0.0 0.0391374 0.0920232 0.0 0.0388479 0.0921452 0.0 0.0385584 0.0922673 0.0 0.0382682 0.0923875 0.0 0.0379779 0.0925077 0.0 0.0376869 0.0926261 0.0 0.0373959 0.0927445 0.0 0.0371042 0.0928611 0.0 0.0368125 0.0929776 0.0 0.03652 0.0930924 0.0 0.0362275 0.0932071 0.0 0.0359344 0.09332 0.0 0.0356412 0.0934329 0.0 0.0353473 0.0935439 0.0 0.0350534 0.093655 0.0 0.0347589 0.0937642 0.0 0.0344643 0.0938734 0.0 0.034169 0.0939807 0.0 0.0338738 0.0940881 0.0 0.0335779 0.0941936 0.0 0.033282 0.0942991 0.0 0.0329854 0.0944027 0.0 0.0326888 0.0945063 0.0 0.0323916 0.0946081 0.0 0.0320944 0.0947098 0.0 0.0317965 0.0948097 0.0 0.0314987 0.0949096 0.0 0.0312002 0.0950076 0.0 0.0309017 0.0951057 0.0 0.0306026 0.0952018 0.0 0.0303035 0.0952979 0.0 0.0300038 0.0953922 0.0 0.0297042 0.0954865 0.0 0.0294039 0.0955788 0.0 0.0291036 0.0956712 0.0 0.0288028 0.0957617 0.0 0.0285019 0.0958522 0.0 0.0282005 0.0959408 0.0 0.0278991 0.0960294 0.0 0.0275972 0.0961161 0.0 0.0272952 0.0962028 0.0 0.0269927 0.0962876 0.0 0.0266902 0.0963724 0.0 0.0263872 0.0964553 0.0 0.0260842 0.0965382 0.0 0.0257806 0.0966192 0.0 0.0254771 0.0967001 0.0 0.025173 0.0967792 0.0 0.024869 0.0968583 0.0 0.0245645 0.0969355 0.0 0.0242599 0.0970127 0.0 0.0239549 0.0970879 0.0 0.0236499 0.0971632 0.0 0.0233444 0.0972365 0.0 0.0230389 0.0973099 0.0 0.022733 0.0973813 0.0 0.0224271 0.0974527 0.0 0.0221207 0.0975222 0.0 0.0218143 0.0975917 0.0 0.0215075 0.0976592 0.0 0.0212007 0.0977268 0.0 0.0208935 0.0977925 0.0 0.0205863 0.0978581 0.0 0.0202786 0.0979218 0.0 0.019971 0.0979855 0.0 0.019663 0.0980473 0.0 0.0193549 0.0981091 0.0 0.0190465 0.0981689 0.0 0.0187381 0.0982287 0.0 0.0184294 0.0982866 0.0 0.0181206 0.0983445 0.0 0.0178114 0.0984005 0.0 0.0175023 0.0984564 0.0 0.0171928 0.0985104 0.0 0.0168833 0.0985645 0.0 0.0165735 0.0986165 0.0 0.0162637 0.0986686 0.0 0.0159536 0.0987187 0.0 0.0156434 0.0987688 0.0 0.015333 0.098817 0.0 0.0150226 0.0988652 0.0 0.0147118 0.0989114 0.0 0.0144011 0.0989576 0.0 0.0140901 0.0990019 0.0 0.013779 0.0990461 0.0 0.0134677 0.0990885 0.0 0.0131564 0.0991308 0.0 0.0128449 0.0991711 0.0 0.0125333 0.0992115 0.0 0.0122215 0.0992499 0.0 0.0119097 0.0992883 0.0 0.0115977 0.0993247 0.0 0.0112856 0.0993611 0.0 0.0109734 0.0993956 0.0 0.0106611 0.0994301 0.0 0.0103486 0.0994626 0.0 0.0100362 0.0994951 0.0 0.0097235 0.0995256 0.0 0.00941083 0.0995562 0.0 0.00909798 0.0995848 0.0 0.00878512 0.0996134 0.0 0.00847209 0.09964 0.0 0.00815906 0.0996666 0.0 0.00784587 0.0996912 0.0 0.00753268 0.0997159 0.0 0.00721934 0.0997386 0.0 0.006906 0.0997613 0.0 0.00659253 0.099782 0.0 0.00627905 0.0998027 0.0 0.00596545 0.0998214 0.0 0.00565185 0.0998402 0.0 0.00533814 0.0998569 0.0 0.00502443 0.0998737 0.0 0.00471062 0.0998885 0.0 0.00439681 0.0999033 0.0 0.00408292 0.0999161 0.0 0.00376902 0.0999289 0.0 0.00345505 0.0999398 0.0 0.00314108 0.0999507 0.0 0.00282704 0.0999595 0.0 0.00251301 0.0999684 0.0 0.00219893 0.0999753 0.0 0.00188484 0.0999822 0.0 0.00157072 0.0999872 0.0 0.0012566 0.0999921 0.0 0.000942459 0.0999951 0.0 0.000628314 0.099998 0.0 0.000314157 0.099999 0.0 0 0.1 0.0 -0.000314157 0.099999 0.0 -0.000628314 0.099998 0.0 -0.000942459 0.0999951 0.0 -0.0012566 0.0999921 0.0 -0.00157072 0.0999872 0.0 -0.00188484 0.0999822 0.0 -0.00219893 0.0999753 0.0 -0.00251301 0.0999684 0.0 -0.00282704 0.0999595 0.0 -0.00314108 0.0999507 0.0 -0.00345505 0.0999398 0.0 -0.00376902 0.0999289 0.0 -0.00408292 0.0999161 0.0 -0.00439681 0.0999033 0.0 -0.00471062 0.0998885 0.0 -0.00502443 0.0998737 0.0 -0.00533814 0.0998569 0.0 -0.00565185 0.0998402 0.0 -0.00596545 0.0998214 0.0 -0.00627905 0.0998027 0.0 -0.00659253 0.099782 0.0 -0.006906 0.0997613 0.0 -0.00721934 0.0997386 0.0 -0.00753268 0.0997159 0.0 -0.00784587 0.0996912 0.0 -0.00815906 0.0996666 0.0 -0.00847209 0.09964 0.0 -0.00878512 0.0996134 0.0 -0.00909798 0.0995848 0.0 -0.00941083 0.0995562 0.0 -0.0097235 0.0995256 0.0 -0.0100362 0.0994951 0.0 -0.0103486 0.0994626 0.0 -0.0106611 0.0994301 0.0 -0.0109734 0.0993956 0.0 -0.0112856 0.0993611 0.0 -0.0115977 0.0993247 0.0 -0.0119097 0.0992883 0.0 -0.0122215 0.0992499 0.0 -0.0125333 0.0992115 0.0 -0.0128449 0.0991711 0.0 -0.0131564 0.0991308 0.0 -0.0134677 0.0990885 0.0 -0.013779 0.0990461 0.0 -0.0140901 0.0990019 0.0 -0.0144011 0.0989576 0.0 -0.0147118 0.0989114 0.0 -0.0150226 0.0988652 0.0 -0.015333 0.098817 0.0 -0.0156434 0.0987688 0.0 -0.0159536 0.0987187 0.0 -0.0162637 0.0986686 0.0 -0.0165735 0.0986165 0.0 -0.0168833 0.0985645 0.0 -0.0171928 0.0985104 0.0 -0.0175023 0.0984564 0.0 -0.0178114 0.0984005 0.0 -0.0181206 0.0983445 0.0 -0.0184294 0.0982866 0.0 -0.0187381 0.0982287 0.0 -0.0190465 0.0981689 0.0 -0.0193549 0.0981091 0.0 -0.019663 0.0980473 0.0 -0.019971 0.0979855 0.0 -0.0202786 0.0979218 0.0 -0.0205863 0.0978581 0.0 -0.0208935 0.0977925 0.0 -0.0212007 0.0977268 0.0 -0.0215075 0.0976592 0.0 -0.0218143 0.0975917 0.0 -0.0221207 0.0975222 0.0 -0.0224271 0.0974527 0.0 -0.022733 0.0973813 0.0 -0.0230389 0.0973099 0.0 -0.0233444 0.0972365 0.0 -0.0236499 0.0971632 0.0 -0.0239549 0.0970879 0.0 -0.0242599 0.0970127 0.0 -0.0245645 0.0969355 0.0 -0.024869 0.0968583 0.0 -0.025173 0.0967792 0.0 -0.0254771 0.0967001 0.0 -0.0257806 0.0966192 0.0 -0.0260842 0.0965382 0.0 -0.0263872 0.0964553 0.0 -0.0266902 0.0963724 0.0 -0.0269927 0.0962876 0.0 -0.0272952 0.0962028 0.0 -0.0275972 0.0961161 0.0 -0.0278991 0.0960294 0.0 -0.0282005 0.0959408 0.0 -0.0285019 0.0958522 0.0 -0.0288028 0.0957617 0.0 -0.0291036 0.0956712 0.0 -0.0294039 0.0955788 0.0 -0.0297042 0.0954865 0.0 -0.0300038 0.0953922 0.0 -0.0303035 0.0952979 0.0 -0.0306026 0.0952018 0.0 -0.0309017 0.0951057 0.0 -0.0312002 0.0950076 0.0 -0.0314987 0.0949096 0.0 -0.0317965 0.0948097 0.0 -0.0320944 0.0947098 0.0 -0.0323916 0.0946081 0.0 -0.0326888 0.0945063 0.0 -0.0329854 0.0944027 0.0 -0.033282 0.0942991 0.0 -0.0335779 0.0941936 0.0 -0.0338738 0.0940881 0.0 -0.034169 0.0939807 0.0 -0.0344643 0.0938734 0.0 -0.0347589 0.0937642 0.0 -0.0350534 0.093655 0.0 -0.0353473 0.0935439 0.0 -0.0356412 0.0934329 0.0 -0.0359344 0.09332 0.0 -0.0362275 0.0932071 0.0 -0.03652 0.0930924 0.0 -0.0368125 0.0929776 0.0 -0.0371042 0.0928611 0.0 -0.0373959 0.0927445 0.0 -0.0376869 0.0926261 0.0 -0.0379779 0.0925077 0.0 -0.0382682 0.0923875 0.0 -0.0385584 0.0922673 0.0 -0.0388479 0.0921452 0.0 -0.0391374 0.0920232 0.0 -0.0394261 0.0918993 0.0 -0.0397148 0.0917755 0.0 -0.0400027 0.0916498 0.0 -0.0402906 0.0915241 0.0 -0.0405778 0.0913966 0.0 -0.0408649 0.0912692 0.0 -0.0411512 0.0911399 0.0 -0.0414376 0.0910106 0.0 -0.0417231 0.0908795 0.0 -0.0420086 0.0907484 0.0 -0.0422933 0.0906156 0.0 -0.0425779 0.0904827 0.0 -0.0428618 0.0903481 0.0 -0.0431456 0.0902134 0.0 -0.0434286 0.090077 0.0 -0.0437116 0.0899405 0.0 -0.0439937 0.0898023 0.0 -0.0442758 0.0896641 0.0 -0.0445571 0.0895241 0.0 -0.0448383 0.0893841 0.0 -0.0451187 0.0892424 0.0 -0.0453991 0.0891007 0.0 -0.0456785 0.0889571 0.0 -0.045958 0.0888136 0.0 -0.0462365 0.0886684 0.0 -0.0465151 0.0885231 0.0 -0.0467928 0.0883761 0.0 -0.0470704 0.0882291 0.0 -0.0473471 0.0880804 0.0 -0.0476238 0.0879316 0.0 -0.0478996 0.0877811 0.0 -0.0481754 0.0876307 0.0 -0.0484502 0.0874785 0.0 -0.048725 0.0873262 0.0 -0.0489989 0.0871723 0.0 -0.0492727 0.0870184 0.0 -0.0495456 0.0868627 0.0 -0.0498185 0.0867071 0.0 -0.0500904 0.0865497 0.0 -0.0503623 0.0863923 0.0 -0.0506332 0.0862333 0.0 -0.0509041 0.0860742 0.0 -0.051174 0.0859134 0.0 -0.051444 0.0857527 0.0 -0.0517128 0.0855902 0.0 -0.0519817 0.0854277 0.0 -0.0522496 0.0852636 0.0 -0.0525175 0.0850994 0.0 -0.0527843 0.0849336 0.0 -0.0530511 0.0847678 0.0 -0.0533169 0.0846003 0.0 -0.0535827 0.0844328 0.0 -0.0538474 0.0842636 0.0 -0.0541121 0.0840945 0.0 -0.0543758 0.0839236 0.0 -0.0546394 0.0837528 0.0 -0.054902 0.0835803 0.0 -0.0551646 0.0834078 0.0 -0.0554261 0.0832337 0.0 -0.0556876 0.0830596 0.0 -0.0559479 0.0828838 0.0 -0.0562083 0.0827081 0.0 -0.0564676 0.0825307 0.0 -0.0567269 0.0823533 0.0 -0.0569851 0.0821742 0.0 -0.0572432 0.0819952 0.0 -0.0575002 0.0818146 0.0 -0.0577573 0.0816339 0.0 -0.0580132 0.0814517 0.0 -0.058269 0.0812694 0.0 -0.0585238 0.0810856 0.0 -0.0587785 0.0809017 0.0 -0.0590321 0.0807162 0.0 -0.0592857 0.0805308 0.0 -0.0595381 0.0803437 0.0 -0.0597905 0.0801567 0.0 -0.0600417 0.0799681 0.0 -0.060293 0.0797794 0.0 -0.060543 0.0795892 0.0 -0.060793 0.079399 0.0 -0.0610419 0.0792073 0.0 -0.0612907 0.0790155 0.0 -0.0615383 0.0788222 0.0 -0.061786 0.0786288 0.0 -0.0620324 0.078434 0.0 -0.0622788 0.0782391 0.0 -0.062524 0.0780427 0.0 -0.0627691 0.0778462 0.0 -0.0630131 0.0776483 0.0 -0.063257 0.0774503 0.0 -0.0634997 0.0772508 0.0 -0.0637424 0.0770513 0.0 -0.0639838 0.0768503 0.0 -0.0642253 0.0766493 0.0 -0.0644654 0.0764468 0.0 -0.0647056 0.0762443 0.0 -0.0649445 0.0760402 0.0 -0.0651834 0.0758362 0.0 -0.065421 0.0756307 0.0 -0.0656586 0.0754251 0.0 -0.0658949 0.0752181 0.0 -0.0661312 0.0750111 0.0 -0.0663662 0.0748026 0.0 -0.0666012 0.0745941 0.0 -0.0668349 0.0743841 0.0 -0.0670686 0.0741742 0.0 -0.0673009 0.0739627 0.0 -0.0675333 0.0737513 0.0 -0.0677643 0.0735384 0.0 -0.0679953 0.0733255 0.0 -0.068225 0.0731112 0.0 -0.0684547 0.0728969 0.0 -0.068683 0.0726811 0.0 -0.0689114 0.0724653 0.0 -0.0691384 0.0722481 0.0 -0.0693653 0.0720309 0.0 -0.0695909 0.0718123 0.0 -0.0698165 0.0715936 0.0 -0.0700408 0.0713736 0.0 -0.070265 0.0711536 0.0 -0.0704878 0.0709321 0.0 -0.0707107 0.0707107 0.0 -0.0709321 0.0704878 0.0 -0.0711536 0.070265 0.0 -0.0713736 0.0700408 0.0 -0.0715936 0.0698165 0.0 -0.0718123 0.0695909 0.0 -0.0720309 0.0693653 0.0 -0.0722481 0.0691384 0.0 -0.0724653 0.0689114 0.0 -0.0726811 0.068683 0.0 -0.0728969 0.0684547 0.0 -0.0731112 0.068225 0.0 -0.0733255 0.0679953 0.0 -0.0735384 0.0677643 0.0 -0.0737513 0.0675333 0.0 -0.0739627 0.0673009 0.0 -0.0741742 0.0670686 0.0 -0.0743841 0.0668349 0.0 -0.0745941 0.0666012 0.0 -0.0748026 0.0663662 0.0 -0.0750111 0.0661312 0.0 -0.0752181 0.0658949 0.0 -0.0754251 0.0656586 0.0 -0.0756307 0.065421 0.0 -0.0758362 0.0651834 0.0 -0.0760402 0.0649445 0.0 -0.0762443 0.0647056 0.0 -0.0764468 0.0644654 0.0 -0.0766493 0.0642253 0.0 -0.0768503 0.0639838 0.0 -0.0770513 0.0637424 0.0 -0.0772508 0.0634997 0.0 -0.0774503 0.063257 0.0 -0.0776483 0.0630131 0.0 -0.0778462 0.0627691 0.0 -0.0780427 0.062524 0.0 -0.0782391 0.0622788 0.0 -0.078434 0.0620324 0.0 -0.0786288 0.061786 0.0 -0.0788222 0.0615383 0.0 -0.0790155 0.0612907 0.0 -0.0792073 0.0610419 0.0 -0.079399 0.060793 0.0 -0.0795892 0.060543 0.0 -0.0797794 0.060293 0.0 -0.0799681 0.0600417 0.0 -0.0801567 0.0597905 0.0 -0.0803437 0.0595381 0.0 -0.0805308 0.0592857 0.0 -0.0807162 0.0590321 0.0 -0.0809017 0.0587785 0.0 -0.0810856 0.0585238 0.0 -0.0812694 0.058269 0.0 -0.0814517 0.0580132 0.0 -0.0816339 0.0577573 0.0 -0.0818146 0.0575002 0.0 -0.0819952 0.0572432 0.0 -0.0821742 0.0569851 0.0 -0.0823533 0.0567269 0.0 -0.0825307 0.0564676 0.0 -0.0827081 0.0562083 0.0 -0.0828838 0.0559479 0.0 -0.0830596 0.0556876 0.0 -0.0832337 0.0554261 0.0 -0.0834078 0.0551646 0.0 -0.0835803 0.054902 0.0 -0.0837528 0.0546394 0.0 -0.0839236 0.0543758 0.0 -0.0840945 0.0541121 0.0 -0.0842636 0.0538474 0.0 -0.0844328 0.0535827 0.0 -0.0846003 0.0533169 0.0 -0.0847678 0.0530511 0.0 -0.0849336 0.0527843 0.0 -0.0850994 0.0525175 0.0 -0.0852636 0.0522496 0.0 -0.0854277 0.0519817 0.0 -0.0855902 0.0517128 0.0 -0.0857527 0.051444 0.0 -0.0859134 0.051174 0.0 -0.0860742 0.0509041 0.0 -0.0862333 0.0506332 0.0 -0.0863923 0.0503623 0.0 -0.0865497 0.0500904 0.0 -0.0867071 0.0498185 0.0 -0.0868627 0.0495456 0.0 -0.0870184 0.0492727 0.0 -0.0871723 0.0489989 0.0 -0.0873262 0.048725 0.0 -0.0874785 0.0484502 0.0 -0.0876307 0.0481754 0.0 -0.0877811 0.0478996 0.0 -0.0879316 0.0476238 0.0 -0.0880804 0.0473471 0.0 -0.0882291 0.0470704 0.0 -0.0883761 0.0467928 0.0 -0.0885231 0.0465151 0.0 -0.0886684 0.0462365 0.0 -0.0888136 0.045958 0.0 -0.0889571 0.0456785 0.0 -0.0891007 0.0453991 0.0 -0.0892424 0.0451187 0.0 -0.0893841 0.0448383 0.0 -0.0895241 0.0445571 0.0 -0.0896641 0.0442758 0.0 -0.0898023 0.0439937 0.0 -0.0899405 0.0437116 0.0 -0.090077 0.0434286 0.0 -0.0902134 0.0431456 0.0 -0.0903481 0.0428618 0.0 -0.0904827 0.0425779 0.0 -0.0906156 0.0422933 0.0 -0.0907484 0.0420086 0.0 -0.0908795 0.0417231 0.0 -0.0910106 0.0414376 0.0 -0.0911399 0.0411512 0.0 -0.0912692 0.0408649 0.0 -0.0913966 0.0405778 0.0 -0.0915241 0.0402906 0.0 -0.0916498 0.0400027 0.0 -0.0917755 0.0397148 0.0 -0.0918993 0.0394261 0.0 -0.0920232 0.0391374 0.0 -0.0921452 0.0388479 0.0 -0.0922673 0.0385584 0.0 -0.0923875 0.0382682 0.0 -0.0925077 0.0379779 0.0 -0.0926261 0.0376869 0.0 -0.0927445 0.0373959 0.0 -0.0928611 0.0371042 0.0 -0.0929776 0.0368125 0.0 -0.0930924 0.03652 0.0 -0.0932071 0.0362275 0.0 -0.09332 0.0359344 0.0 -0.0934329 0.0356412 0.0 -0.0935439 0.0353473 0.0 -0.093655 0.0350534 0.0 -0.0937642 0.0347589 0.0 -0.0938734 0.0344643 0.0 -0.0939807 0.034169 0.0 -0.0940881 0.0338738 0.0 -0.0941936 0.0335779 0.0 -0.0942991 0.033282 0.0 -0.0944027 0.0329854 0.0 -0.0945063 0.0326888 0.0 -0.0946081 0.0323916 0.0 -0.0947098 0.0320944 0.0 -0.0948097 0.0317965 0.0 -0.0949096 0.0314987 0.0 -0.0950076 0.0312002 0.0 -0.0951057 0.0309017 0.0 -0.0952018 0.0306026 0.0 -0.0952979 0.0303035 0.0 -0.0953922 0.0300038 0.0 -0.0954865 0.0297042 0.0 -0.0955788 0.0294039 0.0 -0.0956712 0.0291036 0.0 -0.0957617 0.0288028 0.0 -0.0958522 0.0285019 0.0 -0.0959408 0.0282005 0.0 -0.0960294 0.0278991 0.0 -0.0961161 0.0275972 0.0 -0.0962028 0.0272952 0.0 -0.0962876 0.0269927 0.0 -0.0963724 0.0266902 0.0 -0.0964553 0.0263872 0.0 -0.0965382 0.0260842 0.0 -0.0966192 0.0257806 0.0 -0.0967001 0.0254771 0.0 -0.0967792 0.025173 0.0 -0.0968583 0.024869 0.0 -0.0969355 0.0245645 0.0 -0.0970127 0.0242599 0.0 -0.0970879 0.0239549 0.0 -0.0971632 0.0236499 0.0 -0.0972365 0.0233444 0.0 -0.0973099 0.0230389 0.0 -0.0973813 0.022733 0.0 -0.0974527 0.0224271 0.0 -0.0975222 0.0221207 0.0 -0.0975917 0.0218143 0.0 -0.0976592 0.0215075 0.0 -0.0977268 0.0212007 0.0 -0.0977925 0.0208935 0.0 -0.0978581 0.0205863 0.0 -0.0979218 0.0202786 0.0 -0.0979855 0.019971 0.0 -0.0980473 0.019663 0.0 -0.0981091 0.0193549 0.0 -0.0981689 0.0190465 0.0 -0.0982287 0.0187381 0.0 -0.0982866 0.0184294 0.0 -0.0983445 0.0181206 0.0 -0.0984005 0.0178114 0.0 -0.0984564 0.0175023 0.0 -0.0985104 0.0171928 0.0 -0.0985645 0.0168833 0.0 -0.0986165 0.0165735 0.0 -0.0986686 0.0162637 0.0 -0.0987187 0.0159536 0.0 -0.0987688 0.0156434 0.0 -0.098817 0.015333 0.0 -0.0988652 0.0150226 0.0 -0.0989114 0.0147118 0.0 -0.0989576 0.0144011 0.0 -0.0990019 0.0140901 0.0 -0.0990461 0.013779 0.0 -0.0990885 0.0134677 0.0 -0.0991308 0.0131564 0.0 -0.0991711 0.0128449 0.0 -0.0992115 0.0125333 0.0 -0.0992499 0.0122215 0.0 -0.0992883 0.0119097 0.0 -0.0993247 0.0115977 0.0 -0.0993611 0.0112856 0.0 -0.0993956 0.0109734 0.0 -0.0994301 0.0106611 0.0 -0.0994626 0.0103486 0.0 -0.0994951 0.0100362 0.0 -0.0995256 0.0097235 0.0 -0.0995562 0.00941083 0.0 -0.0995848 0.00909798 0.0 -0.0996134 0.00878512 0.0 -0.09964 0.00847209 0.0 -0.0996666 0.00815906 0.0 -0.0996912 0.00784587 0.0 -0.0997159 0.00753268 0.0 -0.0997386 0.00721934 0.0 -0.0997613 0.006906 0.0 -0.099782 0.00659253 0.0 -0.0998027 0.00627905 0.0 -0.0998214 0.00596545 0.0 -0.0998402 0.00565185 0.0 -0.0998569 0.00533814 0.0 -0.0998737 0.00502443 0.0 -0.0998885 0.00471062 0.0 -0.0999033 0.00439681 0.0 -0.0999161 0.00408292 0.0 -0.0999289 0.00376902 0.0 -0.0999398 0.00345505 0.0 -0.0999507 0.00314108 0.0 -0.0999595 0.00282704 0.0 -0.0999684 0.00251301 0.0 -0.0999753 0.00219893 0.0 -0.0999822 0.00188484 0.0 -0.0999872 0.00157072 0.0 -0.0999921 0.0012566 0.0 -0.0999951 0.000942459 0.0 -0.099998 0.000628314 0.0 -0.099999 0.000314157 0.0 -0.1 0 0.0 -0.099999 -0.000314157 0.0 -0.099998 -0.000628314 0.0 -0.0999951 -0.000942459 0.0 -0.0999921 -0.0012566 0.0 -0.0999872 -0.00157072 0.0 -0.0999822 -0.00188484 0.0 -0.0999753 -0.00219893 0.0 -0.0999684 -0.00251301 0.0 -0.0999595 -0.00282704 0.0 -0.0999507 -0.00314108 0.0 -0.0999398 -0.00345505 0.0 -0.0999289 -0.00376902 0.0 -0.0999161 -0.00408292 0.0 -0.0999033 -0.00439681 0.0 -0.0998885 -0.00471062 0.0 -0.0998737 -0.00502443 0.0 -0.0998569 -0.00533814 0.0 -0.0998402 -0.00565185 0.0 -0.0998214 -0.00596545 0.0 -0.0998027 -0.00627905 0.0 -0.099782 -0.00659253 0.0 -0.0997613 -0.006906 0.0 -0.0997386 -0.00721934 0.0 -0.0997159 -0.00753268 0.0 -0.0996912 -0.00784587 0.0 -0.0996666 -0.00815906 0.0 -0.09964 -0.00847209 0.0 -0.0996134 -0.00878512 0.0 -0.0995848 -0.00909798 0.0 -0.0995562 -0.00941083 0.0 -0.0995256 -0.0097235 0.0 -0.0994951 -0.0100362 0.0 -0.0994626 -0.0103486 0.0 -0.0994301 -0.0106611 0.0 -0.0993956 -0.0109734 0.0 -0.0993611 -0.0112856 0.0 -0.0993247 -0.0115977 0.0 -0.0992883 -0.0119097 0.0 -0.0992499 -0.0122215 0.0 -0.0992115 -0.0125333 0.0 -0.0991711 -0.0128449 0.0 -0.0991308 -0.0131564 0.0 -0.0990885 -0.0134677 0.0 -0.0990461 -0.013779 0.0 -0.0990019 -0.0140901 0.0 -0.0989576 -0.0144011 0.0 -0.0989114 -0.0147118 0.0 -0.0988652 -0.0150226 0.0 -0.098817 -0.015333 0.0 -0.0987688 -0.0156434 0.0 -0.0987187 -0.0159536 0.0 -0.0986686 -0.0162637 0.0 -0.0986165 -0.0165735 0.0 -0.0985645 -0.0168833 0.0 -0.0985104 -0.0171928 0.0 -0.0984564 -0.0175023 0.0 -0.0984005 -0.0178114 0.0 -0.0983445 -0.0181206 0.0 -0.0982866 -0.0184294 0.0 -0.0982287 -0.0187381 0.0 -0.0981689 -0.0190465 0.0 -0.0981091 -0.0193549 0.0 -0.0980473 -0.019663 0.0 -0.0979855 -0.019971 0.0 -0.0979218 -0.0202786 0.0 -0.0978581 -0.0205863 0.0 -0.0977925 -0.0208935 0.0 -0.0977268 -0.0212007 0.0 -0.0976592 -0.0215075 0.0 -0.0975917 -0.0218143 0.0 -0.0975222 -0.0221207 0.0 -0.0974527 -0.0224271 0.0 -0.0973813 -0.022733 0.0 -0.0973099 -0.0230389 0.0 -0.0972365 -0.0233444 0.0 -0.0971632 -0.0236499 0.0 -0.0970879 -0.0239549 0.0 -0.0970127 -0.0242599 0.0 -0.0969355 -0.0245645 0.0 -0.0968583 -0.024869 0.0 -0.0967792 -0.025173 0.0 -0.0967001 -0.0254771 0.0 -0.0966192 -0.0257806 0.0 -0.0965382 -0.0260842 0.0 -0.0964553 -0.0263872 0.0 -0.0963724 -0.0266902 0.0 -0.0962876 -0.0269927 0.0 -0.0962028 -0.0272952 0.0 -0.0961161 -0.0275972 0.0 -0.0960294 -0.0278991 0.0 -0.0959408 -0.0282005 0.0 -0.0958522 -0.0285019 0.0 -0.0957617 -0.0288028 0.0 -0.0956712 -0.0291036 0.0 -0.0955788 -0.0294039 0.0 -0.0954865 -0.0297042 0.0 -0.0953922 -0.0300038 0.0 -0.0952979 -0.0303035 0.0 -0.0952018 -0.0306026 0.0 -0.0951057 -0.0309017 0.0 -0.0950076 -0.0312002 0.0 -0.0949096 -0.0314987 0.0 -0.0948097 -0.0317965 0.0 -0.0947098 -0.0320944 0.0 -0.0946081 -0.0323916 0.0 -0.0945063 -0.0326888 0.0 -0.0944027 -0.0329854 0.0 -0.0942991 -0.033282 0.0 -0.0941936 -0.0335779 0.0 -0.0940881 -0.0338738 0.0 -0.0939807 -0.034169 0.0 -0.0938734 -0.0344643 0.0 -0.0937642 -0.0347589 0.0 -0.093655 -0.0350534 0.0 -0.0935439 -0.0353473 0.0 -0.0934329 -0.0356412 0.0 -0.09332 -0.0359344 0.0 -0.0932071 -0.0362275 0.0 -0.0930924 -0.03652 0.0 -0.0929776 -0.0368125 0.0 -0.0928611 -0.0371042 0.0 -0.0927445 -0.0373959 0.0 -0.0926261 -0.0376869 0.0 -0.0925077 -0.0379779 0.0 -0.0923875 -0.0382682 0.0 -0.0922673 -0.0385584 0.0 -0.0921452 -0.0388479 0.0 -0.0920232 -0.0391374 0.0 -0.0918993 -0.0394261 0.0 -0.0917755 -0.0397148 0.0 -0.0916498 -0.0400027 0.0 -0.0915241 -0.0402906 0.0 -0.0913966 -0.0405778 0.0 -0.0912692 -0.0408649 0.0 -0.0911399 -0.0411512 0.0 -0.0910106 -0.0414376 0.0 -0.0908795 -0.0417231 0.0 -0.0907484 -0.0420086 0.0 -0.0906156 -0.0422933 0.0 -0.0904827 -0.0425779 0.0 -0.0903481 -0.0428618 0.0 -0.0902134 -0.0431456 0.0 -0.090077 -0.0434286 0.0 -0.0899405 -0.0437116 0.0 -0.0898023 -0.0439937 0.0 -0.0896641 -0.0442758 0.0 -0.0895241 -0.0445571 0.0 -0.0893841 -0.0448383 0.0 -0.0892424 -0.0451187 0.0 -0.0891007 -0.0453991 0.0 -0.0889571 -0.0456785 0.0 -0.0888136 -0.045958 0.0 -0.0886684 -0.0462365 0.0 -0.0885231 -0.0465151 0.0 -0.0883761 -0.0467928 0.0 -0.0882291 -0.0470704 0.0 -0.0880804 -0.0473471 0.0 -0.0879316 -0.0476238 0.0 -0.0877811 -0.0478996 0.0 -0.0876307 -0.0481754 0.0 -0.0874785 -0.0484502 0.0 -0.0873262 -0.048725 0.0 -0.0871723 -0.0489989 0.0 -0.0870184 -0.0492727 0.0 -0.0868627 -0.0495456 0.0 -0.0867071 -0.0498185 0.0 -0.0865497 -0.0500904 0.0 -0.0863923 -0.0503623 0.0 -0.0862333 -0.0506332 0.0 -0.0860742 -0.0509041 0.0 -0.0859134 -0.051174 0.0 -0.0857527 -0.051444 0.0 -0.0855902 -0.0517128 0.0 -0.0854277 -0.0519817 0.0 -0.0852636 -0.0522496 0.0 -0.0850994 -0.0525175 0.0 -0.0849336 -0.0527843 0.0 -0.0847678 -0.0530511 0.0 -0.0846003 -0.0533169 0.0 -0.0844328 -0.0535827 0.0 -0.0842636 -0.0538474 0.0 -0.0840945 -0.0541121 0.0 -0.0839236 -0.0543758 0.0 -0.0837528 -0.0546394 0.0 -0.0835803 -0.054902 0.0 -0.0834078 -0.0551646 0.0 -0.0832337 -0.0554261 0.0 -0.0830596 -0.0556876 0.0 -0.0828838 -0.0559479 0.0 -0.0827081 -0.0562083 0.0 -0.0825307 -0.0564676 0.0 -0.0823533 -0.0567269 0.0 -0.0821742 -0.0569851 0.0 -0.0819952 -0.0572432 0.0 -0.0818146 -0.0575002 0.0 -0.0816339 -0.0577573 0.0 -0.0814517 -0.0580132 0.0 -0.0812694 -0.058269 0.0 -0.0810856 -0.0585238 0.0 -0.0809017 -0.0587785 0.0 -0.0807162 -0.0590321 0.0 -0.0805308 -0.0592857 0.0 -0.0803437 -0.0595381 0.0 -0.0801567 -0.0597905 0.0 -0.0799681 -0.0600417 0.0 -0.0797794 -0.060293 0.0 -0.0795892 -0.060543 0.0 -0.079399 -0.060793 0.0 -0.0792073 -0.0610419 0.0 -0.0790155 -0.0612907 0.0 -0.0788222 -0.0615383 0.0 -0.0786288 -0.061786 0.0 -0.078434 -0.0620324 0.0 -0.0782391 -0.0622788 0.0 -0.0780427 -0.062524 0.0 -0.0778462 -0.0627691 0.0 -0.0776483 -0.0630131 0.0 -0.0774503 -0.063257 0.0 -0.0772508 -0.0634997 0.0 -0.0770513 -0.0637424 0.0 -0.0768503 -0.0639838 0.0 -0.0766493 -0.0642253 0.0 -0.0764468 -0.0644654 0.0 -0.0762443 -0.0647056 0.0 -0.0760402 -0.0649445 0.0 -0.0758362 -0.0651834 0.0 -0.0756307 -0.065421 0.0 -0.0754251 -0.0656586 0.0 -0.0752181 -0.0658949 0.0 -0.0750111 -0.0661312 0.0 -0.0748026 -0.0663662 0.0 -0.0745941 -0.0666012 0.0 -0.0743841 -0.0668349 0.0 -0.0741742 -0.0670686 0.0 -0.0739627 -0.0673009 0.0 -0.0737513 -0.0675333 0.0 -0.0735384 -0.0677643 0.0 -0.0733255 -0.0679953 0.0 -0.0731112 -0.068225 0.0 -0.0728969 -0.0684547 0.0 -0.0726811 -0.068683 0.0 -0.0724653 -0.0689114 0.0 -0.0722481 -0.0691384 0.0 -0.0720309 -0.0693653 0.0 -0.0718123 -0.0695909 0.0 -0.0715936 -0.0698165 0.0 -0.0713736 -0.0700408 0.0 -0.0711536 -0.070265 0.0 -0.0709321 -0.0704878 0.0 -0.0707107 -0.0707107 0.0 -0.0704878 -0.0709321 0.0 -0.070265 -0.0711536 0.0 -0.0700408 -0.0713736 0.0 -0.0698165 -0.0715936 0.0 -0.0695909 -0.0718123 0.0 -0.0693653 -0.0720309 0.0 -0.0691384 -0.0722481 0.0 -0.0689114 -0.0724653 0.0 -0.068683 -0.0726811 0.0 -0.0684547 -0.0728969 0.0 -0.068225 -0.0731112 0.0 -0.0679953 -0.0733255 0.0 -0.0677643 -0.0735384 0.0 -0.0675333 -0.0737513 0.0 -0.0673009 -0.0739627 0.0 -0.0670686 -0.0741742 0.0 -0.0668349 -0.0743841 0.0 -0.0666012 -0.0745941 0.0 -0.0663662 -0.0748026 0.0 -0.0661312 -0.0750111 0.0 -0.0658949 -0.0752181 0.0 -0.0656586 -0.0754251 0.0 -0.065421 -0.0756307 0.0 -0.0651834 -0.0758362 0.0 -0.0649445 -0.0760402 0.0 -0.0647056 -0.0762443 0.0 -0.0644654 -0.0764468 0.0 -0.0642253 -0.0766493 0.0 -0.0639838 -0.0768503 0.0 -0.0637424 -0.0770513 0.0 -0.0634997 -0.0772508 0.0 -0.063257 -0.0774503 0.0 -0.0630131 -0.0776483 0.0 -0.0627691 -0.0778462 0.0 -0.062524 -0.0780427 0.0 -0.0622788 -0.0782391 0.0 -0.0620324 -0.078434 0.0 -0.061786 -0.0786288 0.0 -0.0615383 -0.0788222 0.0 -0.0612907 -0.0790155 0.0 -0.0610419 -0.0792073 0.0 -0.060793 -0.079399 0.0 -0.060543 -0.0795892 0.0 -0.060293 -0.0797794 0.0 -0.0600417 -0.0799681 0.0 -0.0597905 -0.0801567 0.0 -0.0595381 -0.0803437 0.0 -0.0592857 -0.0805308 0.0 -0.0590321 -0.0807162 0.0 -0.0587785 -0.0809017 0.0 -0.0585238 -0.0810856 0.0 -0.058269 -0.0812694 0.0 -0.0580132 -0.0814517 0.0 -0.0577573 -0.0816339 0.0 -0.0575002 -0.0818146 0.0 -0.0572432 -0.0819952 0.0 -0.0569851 -0.0821742 0.0 -0.0567269 -0.0823533 0.0 -0.0564676 -0.0825307 0.0 -0.0562083 -0.0827081 0.0 -0.0559479 -0.0828838 0.0 -0.0556876 -0.0830596 0.0 -0.0554261 -0.0832337 0.0 -0.0551646 -0.0834078 0.0 -0.054902 -0.0835803 0.0 -0.0546394 -0.0837528 0.0 -0.0543758 -0.0839236 0.0 -0.0541121 -0.0840945 0.0 -0.0538474 -0.0842636 0.0 -0.0535827 -0.0844328 0.0 -0.0533169 -0.0846003 0.0 -0.0530511 -0.0847678 0.0 -0.0527843 -0.0849336 0.0 -0.0525175 -0.0850994 0.0 -0.0522496 -0.0852636 0.0 -0.0519817 -0.0854277 0.0 -0.0517128 -0.0855902 0.0 -0.051444 -0.0857527 0.0 -0.051174 -0.0859134 0.0 -0.0509041 -0.0860742 0.0 -0.0506332 -0.0862333 0.0 -0.0503623 -0.0863923 0.0 -0.0500904 -0.0865497 0.0 -0.0498185 -0.0867071 0.0 -0.0495456 -0.0868627 0.0 -0.0492727 -0.0870184 0.0 -0.0489989 -0.0871723 0.0 -0.048725 -0.0873262 0.0 -0.0484502 -0.0874785 0.0 -0.0481754 -0.0876307 0.0 -0.0478996 -0.0877811 0.0 -0.0476238 -0.0879316 0.0 -0.0473471 -0.0880804 0.0 -0.0470704 -0.0882291 0.0 -0.0467928 -0.0883761 0.0 -0.0465151 -0.0885231 0.0 -0.0462365 -0.0886684 0.0 -0.045958 -0.0888136 0.0 -0.0456785 -0.0889571 0.0 -0.0453991 -0.0891007 0.0 -0.0451187 -0.0892424 0.0 -0.0448383 -0.0893841 0.0 -0.0445571 -0.0895241 0.0 -0.0442758 -0.0896641 0.0 -0.0439937 -0.0898023 0.0 -0.0437116 -0.0899405 0.0 -0.0434286 -0.090077 0.0 -0.0431456 -0.0902134 0.0 -0.0428618 -0.0903481 0.0 -0.0425779 -0.0904827 0.0 -0.0422933 -0.0906156 0.0 -0.0420086 -0.0907484 0.0 -0.0417231 -0.0908795 0.0 -0.0414376 -0.0910106 0.0 -0.0411512 -0.0911399 0.0 -0.0408649 -0.0912692 0.0 -0.0405778 -0.0913966 0.0 -0.0402906 -0.0915241 0.0 -0.0400027 -0.0916498 0.0 -0.0397148 -0.0917755 0.0 -0.0394261 -0.0918993 0.0 -0.0391374 -0.0920232 0.0 -0.0388479 -0.0921452 0.0 -0.0385584 -0.0922673 0.0 -0.0382682 -0.0923875 0.0 -0.0379779 -0.0925077 0.0 -0.0376869 -0.0926261 0.0 -0.0373959 -0.0927445 0.0 -0.0371042 -0.0928611 0.0 -0.0368125 -0.0929776 0.0 -0.03652 -0.0930924 0.0 -0.0362275 -0.0932071 0.0 -0.0359344 -0.09332 0.0 -0.0356412 -0.0934329 0.0 -0.0353473 -0.0935439 0.0 -0.0350534 -0.093655 0.0 -0.0347589 -0.0937642 0.0 -0.0344643 -0.0938734 0.0 -0.034169 -0.0939807 0.0 -0.0338738 -0.0940881 0.0 -0.0335779 -0.0941936 0.0 -0.033282 -0.0942991 0.0 -0.0329854 -0.0944027 0.0 -0.0326888 -0.0945063 0.0 -0.0323916 -0.0946081 0.0 -0.0320944 -0.0947098 0.0 -0.0317965 -0.0948097 0.0 -0.0314987 -0.0949096 0.0 -0.0312002 -0.0950076 0.0 -0.0309017 -0.0951057 0.0 -0.0306026 -0.0952018 0.0 -0.0303035 -0.0952979 0.0 -0.0300038 -0.0953922 0.0 -0.0297042 -0.0954865 0.0 -0.0294039 -0.0955788 0.0 -0.0291036 -0.0956712 0.0 -0.0288028 -0.0957617 0.0 -0.0285019 -0.0958522 0.0 -0.0282005 -0.0959408 0.0 -0.0278991 -0.0960294 0.0 -0.0275972 -0.0961161 0.0 -0.0272952 -0.0962028 0.0 -0.0269927 -0.0962876 0.0 -0.0266902 -0.0963724 0.0 -0.0263872 -0.0964553 0.0 -0.0260842 -0.0965382 0.0 -0.0257806 -0.0966192 0.0 -0.0254771 -0.0967001 0.0 -0.025173 -0.0967792 0.0 -0.024869 -0.0968583 0.0 -0.0245645 -0.0969355 0.0 -0.0242599 -0.0970127 0.0 -0.0239549 -0.0970879 0.0 -0.0236499 -0.0971632 0.0 -0.0233444 -0.0972365 0.0 -0.0230389 -0.0973099 0.0 -0.022733 -0.0973813 0.0 -0.0224271 -0.0974527 0.0 -0.0221207 -0.0975222 0.0 -0.0218143 -0.0975917 0.0 -0.0215075 -0.0976592 0.0 -0.0212007 -0.0977268 0.0 -0.0208935 -0.0977925 0.0 -0.0205863 -0.0978581 0.0 -0.0202786 -0.0979218 0.0 -0.019971 -0.0979855 0.0 -0.019663 -0.0980473 0.0 -0.0193549 -0.0981091 0.0 -0.0190465 -0.0981689 0.0 -0.0187381 -0.0982287 0.0 -0.0184294 -0.0982866 0.0 -0.0181206 -0.0983445 0.0 -0.0178114 -0.0984005 0.0 -0.0175023 -0.0984564 0.0 -0.0171928 -0.0985104 0.0 -0.0168833 -0.0985645 0.0 -0.0165735 -0.0986165 0.0 -0.0162637 -0.0986686 0.0 -0.0159536 -0.0987187 0.0 -0.0156434 -0.0987688 0.0 -0.015333 -0.098817 0.0 -0.0150226 -0.0988652 0.0 -0.0147118 -0.0989114 0.0 -0.0144011 -0.0989576 0.0 -0.0140901 -0.0990019 0.0 -0.013779 -0.0990461 0.0 -0.0134677 -0.0990885 0.0 -0.0131564 -0.0991308 0.0 -0.0128449 -0.0991711 0.0 -0.0125333 -0.0992115 0.0 -0.0122215 -0.0992499 0.0 -0.0119097 -0.0992883 0.0 -0.0115977 -0.0993247 0.0 -0.0112856 -0.0993611 0.0 -0.0109734 -0.0993956 0.0 -0.0106611 -0.0994301 0.0 -0.0103486 -0.0994626 0.0 -0.0100362 -0.0994951 0.0 -0.0097235 -0.0995256 0.0 -0.00941083 -0.0995562 0.0 -0.00909798 -0.0995848 0.0 -0.00878512 -0.0996134 0.0 -0.00847209 -0.09964 0.0 -0.00815906 -0.0996666 0.0 -0.00784587 -0.0996912 0.0 -0.00753268 -0.0997159 0.0 -0.00721934 -0.0997386 0.0 -0.006906 -0.0997613 0.0 -0.00659253 -0.099782 0.0 -0.00627905 -0.0998027 0.0 -0.00596545 -0.0998214 0.0 -0.00565185 -0.0998402 0.0 -0.00533814 -0.0998569 0.0 -0.00502443 -0.0998737 0.0 -0.00471062 -0.0998885 0.0 -0.00439681 -0.0999033 0.0 -0.00408292 -0.0999161 0.0 -0.00376902 -0.0999289 0.0 -0.00345505 -0.0999398 0.0 -0.00314108 -0.0999507 0.0 -0.00282704 -0.0999595 0.0 -0.00251301 -0.0999684 0.0 -0.00219893 -0.0999753 0.0 -0.00188484 -0.0999822 0.0 -0.00157072 -0.0999872 0.0 -0.0012566 -0.0999921 0.0 -0.000942459 -0.0999951 0.0 -0.000628314 -0.099998 0.0 -0.000314157 -0.099999 0.0 -0 -0.1 0.0 0.000314157 -0.099999 0.0 0.000628314 -0.099998 0.0 0.000942459 -0.0999951 0.0 0.0012566 -0.0999921 0.0 0.00157072 -0.0999872 0.0 0.00188484 -0.0999822 0.0 0.00219893 -0.0999753 0.0 0.00251301 -0.0999684 0.0 0.00282704 -0.0999595 0.0 0.00314108 -0.0999507 0.0 0.00345505 -0.0999398 0.0 0.00376902 -0.0999289 0.0 0.00408292 -0.0999161 0.0 0.00439681 -0.0999033 0.0 0.00471062 -0.0998885 0.0 0.00502443 -0.0998737 0.0 0.00533814 -0.0998569 0.0 0.00565185 -0.0998402 0.0 0.00596545 -0.0998214 0.0 0.00627905 -0.0998027 0.0 0.00659253 -0.099782 0.0 0.006906 -0.0997613 0.0 0.00721934 -0.0997386 0.0 0.00753268 -0.0997159 0.0 0.00784587 -0.0996912 0.0 0.00815906 -0.0996666 0.0 0.00847209 -0.09964 0.0 0.00878512 -0.0996134 0.0 0.00909798 -0.0995848 0.0 0.00941083 -0.0995562 0.0 0.0097235 -0.0995256 0.0 0.0100362 -0.0994951 0.0 0.0103486 -0.0994626 0.0 0.0106611 -0.0994301 0.0 0.0109734 -0.0993956 0.0 0.0112856 -0.0993611 0.0 0.0115977 -0.0993247 0.0 0.0119097 -0.0992883 0.0 0.0122215 -0.0992499 0.0 0.0125333 -0.0992115 0.0 0.0128449 -0.0991711 0.0 0.0131564 -0.0991308 0.0 0.0134677 -0.0990885 0.0 0.013779 -0.0990461 0.0 0.0140901 -0.0990019 0.0 0.0144011 -0.0989576 0.0 0.0147118 -0.0989114 0.0 0.0150226 -0.0988652 0.0 0.015333 -0.098817 0.0 0.0156434 -0.0987688 0.0 0.0159536 -0.0987187 0.0 0.0162637 -0.0986686 0.0 0.0165735 -0.0986165 0.0 0.0168833 -0.0985645 0.0 0.0171928 -0.0985104 0.0 0.0175023 -0.0984564 0.0 0.0178114 -0.0984005 0.0 0.0181206 -0.0983445 0.0 0.0184294 -0.0982866 0.0 0.0187381 -0.0982287 0.0 0.0190465 -0.0981689 0.0 0.0193549 -0.0981091 0.0 0.019663 -0.0980473 0.0 0.019971 -0.0979855 0.0 0.0202786 -0.0979218 0.0 0.0205863 -0.0978581 0.0 0.0208935 -0.0977925 0.0 0.0212007 -0.0977268 0.0 0.0215075 -0.0976592 0.0 0.0218143 -0.0975917 0.0 0.0221207 -0.0975222 0.0 0.0224271 -0.0974527 0.0 0.022733 -0.0973813 0.0 0.0230389 -0.0973099 0.0 0.0233444 -0.0972365 0.0 0.0236499 -0.0971632 0.0 0.0239549 -0.0970879 0.0 0.0242599 -0.0970127 0.0 0.0245645 -0.0969355 0.0 0.024869 -0.0968583 0.0 0.025173 -0.0967792 0.0 0.0254771 -0.0967001 0.0 0.0257806 -0.0966192 0.0 0.0260842 -0.0965382 0.0 0.0263872 -0.0964553 0.0 0.0266902 -0.0963724 0.0 0.0269927 -0.0962876 0.0 0.0272952 -0.0962028 0.0 0.0275972 -0.0961161 0.0 0.0278991 -0.0960294 0.0 0.0282005 -0.0959408 0.0 0.0285019 -0.0958522 0.0 0.0288028 -0.0957617 0.0 0.0291036 -0.0956712 0.0 0.0294039 -0.0955788 0.0 0.0297042 -0.0954865 0.0 0.0300038 -0.0953922 0.0 0.0303035 -0.0952979 0.0 0.0306026 -0.0952018 0.0 0.0309017 -0.0951057 0.0 0.0312002 -0.0950076 0.0 0.0314987 -0.0949096 0.0 0.0317965 -0.0948097 0.0 0.0320944 -0.0947098 0.0 0.0323916 -0.0946081 0.0 0.0326888 -0.0945063 0.0 0.0329854 -0.0944027 0.0 0.033282 -0.0942991 0.0 0.0335779 -0.0941936 0.0 0.0338738 -0.0940881 0.0 0.034169 -0.0939807 0.0 0.0344643 -0.0938734 0.0 0.0347589 -0.0937642 0.0 0.0350534 -0.093655 0.0 0.0353473 -0.0935439 0.0 0.0356412 -0.0934329 0.0 0.0359344 -0.09332 0.0 0.0362275 -0.0932071 0.0 0.03652 -0.0930924 0.0 0.0368125 -0.0929776 0.0 0.0371042 -0.0928611 0.0 0.0373959 -0.0927445 0.0 0.0376869 -0.0926261 0.0 0.0379779 -0.0925077 0.0 0.0382682 -0.0923875 0.0 0.0385584 -0.0922673 0.0 0.0388479 -0.0921452 0.0 0.0391374 -0.0920232 0.0 0.0394261 -0.0918993 0.0 0.0397148 -0.0917755 0.0 0.0400027 -0.0916498 0.0 0.0402906 -0.0915241 0.0 0.0405778 -0.0913966 0.0 0.0408649 -0.0912692 0.0 0.0411512 -0.0911399 0.0 0.0414376 -0.0910106 0.0 0.0417231 -0.0908795 0.0 0.0420086 -0.0907484 0.0 0.0422933 -0.0906156 0.0 0.0425779 -0.0904827 0.0 0.0428618 -0.0903481 0.0 0.0431456 -0.0902134 0.0 0.0434286 -0.090077 0.0 0.0437116 -0.0899405 0.0 0.0439937 -0.0898023 0.0 0.0442758 -0.0896641 0.0 0.0445571 -0.0895241 0.0 0.0448383 -0.0893841 0.0 0.0451187 -0.0892424 0.0 0.0453991 -0.0891007 0.0 0.0456785 -0.0889571 0.0 0.045958 -0.0888136 0.0 0.0462365 -0.0886684 0.0 0.0465151 -0.0885231 0.0 0.0467928 -0.0883761 0.0 0.0470704 -0.0882291 0.0 0.0473471 -0.0880804 0.0 0.0476238 -0.0879316 0.0 0.0478996 -0.0877811 0.0 0.0481754 -0.0876307 0.0 0.0484502 -0.0874785 0.0 0.048725 -0.0873262 0.0 0.0489989 -0.0871723 0.0 0.0492727 -0.0870184 0.0 0.0495456 -0.0868627 0.0 0.0498185 -0.0867071 0.0 0.0500904 -0.0865497 0.0 0.0503623 -0.0863923 0.0 0.0506332 -0.0862333 0.0 0.0509041 -0.0860742 0.0 0.051174 -0.0859134 0.0 0.051444 -0.0857527 0.0 0.0517128 -0.0855902 0.0 0.0519817 -0.0854277 0.0 0.0522496 -0.0852636 0.0 0.0525175 -0.0850994 0.0 0.0527843 -0.0849336 0.0 0.0530511 -0.0847678 0.0 0.0533169 -0.0846003 0.0 0.0535827 -0.0844328 0.0 0.0538474 -0.0842636 0.0 0.0541121 -0.0840945 0.0 0.0543758 -0.0839236 0.0 0.0546394 -0.0837528 0.0 0.054902 -0.0835803 0.0 0.0551646 -0.0834078 0.0 0.0554261 -0.0832337 0.0 0.0556876 -0.0830596 0.0 0.0559479 -0.0828838 0.0 0.0562083 -0.0827081 0.0 0.0564676 -0.0825307 0.0 0.0567269 -0.0823533 0.0 0.0569851 -0.0821742 0.0 0.0572432 -0.0819952 0.0 0.0575002 -0.0818146 0.0 0.0577573 -0.0816339 0.0 0.0580132 -0.0814517 0.0 0.058269 -0.0812694 0.0 0.0585238 -0.0810856 0.0 0.0587785 -0.0809017 0.0 0.0590321 -0.0807162 0.0 0.0592857 -0.0805308 0.0 0.0595381 -0.0803437 0.0 0.0597905 -0.0801567 0.0 0.0600417 -0.0799681 0.0 0.060293 -0.0797794 0.0 0.060543 -0.0795892 0.0 0.060793 -0.079399 0.0 0.0610419 -0.0792073 0.0 0.0612907 -0.0790155 0.0 0.0615383 -0.0788222 0.0 0.061786 -0.0786288 0.0 0.0620324 -0.078434 0.0 0.0622788 -0.0782391 0.0 0.062524 -0.0780427 0.0 0.0627691 -0.0778462 0.0 0.0630131 -0.0776483 0.0 0.063257 -0.0774503 0.0 0.0634997 -0.0772508 0.0 0.0637424 -0.0770513 0.0 0.0639838 -0.0768503 0.0 0.0642253 -0.0766493 0.0 0.0644654 -0.0764468 0.0 0.0647056 -0.0762443 0.0 0.0649445 -0.0760402 0.0 0.0651834 -0.0758362 0.0 0.065421 -0.0756307 0.0 0.0656586 -0.0754251 0.0 0.0658949 -0.0752181 0.0 0.0661312 -0.0750111 0.0 0.0663662 -0.0748026 0.0 0.0666012 -0.0745941 0.0 0.0668349 -0.0743841 0.0 0.0670686 -0.0741742 0.0 0.0673009 -0.0739627 0.0 0.0675333 -0.0737513 0.0 0.0677643 -0.0735384 0.0 0.0679953 -0.0733255 0.0 0.068225 -0.0731112 0.0 0.0684547 -0.0728969 0.0 0.068683 -0.0726811 0.0 0.0689114 -0.0724653 0.0 0.0691384 -0.0722481 0.0 0.0693653 -0.0720309 0.0 0.0695909 -0.0718123 0.0 0.0698165 -0.0715936 0.0 0.0700408 -0.0713736 0.0 0.070265 -0.0711536 0.0 0.0704878 -0.0709321 0.0 0.0707107 -0.0707107 0.0 0.0709321 -0.0704878 0.0 0.0711536 -0.070265 0.0 0.0713736 -0.0700408 0.0 0.0715936 -0.0698165 0.0 0.0718123 -0.0695909 0.0 0.0720309 -0.0693653 0.0 0.0722481 -0.0691384 0.0 0.0724653 -0.0689114 0.0 0.0726811 -0.068683 0.0 0.0728969 -0.0684547 0.0 0.0731112 -0.068225 0.0 0.0733255 -0.0679953 0.0 0.0735384 -0.0677643 0.0 0.0737513 -0.0675333 0.0 0.0739627 -0.0673009 0.0 0.0741742 -0.0670686 0.0 0.0743841 -0.0668349 0.0 0.0745941 -0.0666012 0.0 0.0748026 -0.0663662 0.0 0.0750111 -0.0661312 0.0 0.0752181 -0.0658949 0.0 0.0754251 -0.0656586 0.0 0.0756307 -0.065421 0.0 0.0758362 -0.0651834 0.0 0.0760402 -0.0649445 0.0 0.0762443 -0.0647056 0.0 0.0764468 -0.0644654 0.0 0.0766493 -0.0642253 0.0 0.0768503 -0.0639838 0.0 0.0770513 -0.0637424 0.0 0.0772508 -0.0634997 0.0 0.0774503 -0.063257 0.0 0.0776483 -0.0630131 0.0 0.0778462 -0.0627691 0.0 0.0780427 -0.062524 0.0 0.0782391 -0.0622788 0.0 0.078434 -0.0620324 0.0 0.0786288 -0.061786 0.0 0.0788222 -0.0615383 0.0 0.0790155 -0.0612907 0.0 0.0792073 -0.0610419 0.0 0.079399 -0.060793 0.0 0.0795892 -0.060543 0.0 0.0797794 -0.060293 0.0 0.0799681 -0.0600417 0.0 0.0801567 -0.0597905 0.0 0.0803437 -0.0595381 0.0 0.0805308 -0.0592857 0.0 0.0807162 -0.0590321 0.0 0.0809017 -0.0587785 0.0 0.0810856 -0.0585238 0.0 0.0812694 -0.058269 0.0 0.0814517 -0.0580132 0.0 0.0816339 -0.0577573 0.0 0.0818146 -0.0575002 0.0 0.0819952 -0.0572432 0.0 0.0821742 -0.0569851 0.0 0.0823533 -0.0567269 0.0 0.0825307 -0.0564676 0.0 0.0827081 -0.0562083 0.0 0.0828838 -0.0559479 0.0 0.0830596 -0.0556876 0.0 0.0832337 -0.0554261 0.0 0.0834078 -0.0551646 0.0 0.0835803 -0.054902 0.0 0.0837528 -0.0546394 0.0 0.0839236 -0.0543758 0.0 0.0840945 -0.0541121 0.0 0.0842636 -0.0538474 0.0 0.0844328 -0.0535827 0.0 0.0846003 -0.0533169 0.0 0.0847678 -0.0530511 0.0 0.0849336 -0.0527843 0.0 0.0850994 -0.0525175 0.0 0.0852636 -0.0522496 0.0 0.0854277 -0.0519817 0.0 0.0855902 -0.0517128 0.0 0.0857527 -0.051444 0.0 0.0859134 -0.051174 0.0 0.0860742 -0.0509041 0.0 0.0862333 -0.0506332 0.0 0.0863923 -0.0503623 0.0 0.0865497 -0.0500904 0.0 0.0867071 -0.0498185 0.0 0.0868627 -0.0495456 0.0 0.0870184 -0.0492727 0.0 0.0871723 -0.0489989 0.0 0.0873262 -0.048725 0.0 0.0874785 -0.0484502 0.0 0.0876307 -0.0481754 0.0 0.0877811 -0.0478996 0.0 0.0879316 -0.0476238 0.0 0.0880804 -0.0473471 0.0 0.0882291 -0.0470704 0.0 0.0883761 -0.0467928 0.0 0.0885231 -0.0465151 0.0 0.0886684 -0.0462365 0.0 0.0888136 -0.045958 0.0 0.0889571 -0.0456785 0.0 0.0891007 -0.0453991 0.0 0.0892424 -0.0451187 0.0 0.0893841 -0.0448383 0.0 0.0895241 -0.0445571 0.0 0.0896641 -0.0442758 0.0 0.0898023 -0.0439937 0.0 0.0899405 -0.0437116 0.0 0.090077 -0.0434286 0.0 0.0902134 -0.0431456 0.0 0.0903481 -0.0428618 0.0 0.0904827 -0.0425779 0.0 0.0906156 -0.0422933 0.0 0.0907484 -0.0420086 0.0 0.0908795 -0.0417231 0.0 0.0910106 -0.0414376 0.0 0.0911399 -0.0411512 0.0 0.0912692 -0.0408649 0.0 0.0913966 -0.0405778 0.0 0.0915241 -0.0402906 0.0 0.0916498 -0.0400027 0.0 0.0917755 -0.0397148 0.0 0.0918993 -0.0394261 0.0 0.0920232 -0.0391374 0.0 0.0921452 -0.0388479 0.0 0.0922673 -0.0385584 0.0 0.0923875 -0.0382682 0.0 0.0925077 -0.0379779 0.0 0.0926261 -0.0376869 0.0 0.0927445 -0.0373959 0.0 0.0928611 -0.0371042 0.0 0.0929776 -0.0368125 0.0 0.0930924 -0.03652 0.0 0.0932071 -0.0362275 0.0 0.09332 -0.0359344 0.0 0.0934329 -0.0356412 0.0 0.0935439 -0.0353473 0.0 0.093655 -0.0350534 0.0 0.0937642 -0.0347589 0.0 0.0938734 -0.0344643 0.0 0.0939807 -0.034169 0.0 0.0940881 -0.0338738 0.0 0.0941936 -0.0335779 0.0 0.0942991 -0.033282 0.0 0.0944027 -0.0329854 0.0 0.0945063 -0.0326888 0.0 0.0946081 -0.0323916 0.0 0.0947098 -0.0320944 0.0 0.0948097 -0.0317965 0.0 0.0949096 -0.0314987 0.0 0.0950076 -0.0312002 0.0 0.0951057 -0.0309017 0.0 0.0952018 -0.0306026 0.0 0.0952979 -0.0303035 0.0 0.0953922 -0.0300038 0.0 0.0954865 -0.0297042 0.0 0.0955788 -0.0294039 0.0 0.0956712 -0.0291036 0.0 0.0957617 -0.0288028 0.0 0.0958522 -0.0285019 0.0 0.0959408 -0.0282005 0.0 0.0960294 -0.0278991 0.0 0.0961161 -0.0275972 0.0 0.0962028 -0.0272952 0.0 0.0962876 -0.0269927 0.0 0.0963724 -0.0266902 0.0 0.0964553 -0.0263872 0.0 0.0965382 -0.0260842 0.0 0.0966192 -0.0257806 0.0 0.0967001 -0.0254771 0.0 0.0967792 -0.025173 0.0 0.0968583 -0.024869 0.0 0.0969355 -0.0245645 0.0 0.0970127 -0.0242599 0.0 0.0970879 -0.0239549 0.0 0.0971632 -0.0236499 0.0 0.0972365 -0.0233444 0.0 0.0973099 -0.0230389 0.0 0.0973813 -0.022733 0.0 0.0974527 -0.0224271 0.0 0.0975222 -0.0221207 0.0 0.0975917 -0.0218143 0.0 0.0976592 -0.0215075 0.0 0.0977268 -0.0212007 0.0 0.0977925 -0.0208935 0.0 0.0978581 -0.0205863 0.0 0.0979218 -0.0202786 0.0 0.0979855 -0.019971 0.0 0.0980473 -0.019663 0.0 0.0981091 -0.0193549 0.0 0.0981689 -0.0190465 0.0 0.0982287 -0.0187381 0.0 0.0982866 -0.0184294 0.0 0.0983445 -0.0181206 0.0 0.0984005 -0.0178114 0.0 0.0984564 -0.0175023 0.0 0.0985104 -0.0171928 0.0 0.0985645 -0.0168833 0.0 0.0986165 -0.0165735 0.0 0.0986686 -0.0162637 0.0 0.0987187 -0.0159536 0.0 0.0987688 -0.0156434 0.0 0.098817 -0.015333 0.0 0.0988652 -0.0150226 0.0 0.0989114 -0.0147118 0.0 0.0989576 -0.0144011 0.0 0.0990019 -0.0140901 0.0 0.0990461 -0.013779 0.0 0.0990885 -0.0134677 0.0 0.0991308 -0.0131564 0.0 0.0991711 -0.0128449 0.0 0.0992115 -0.0125333 0.0 0.0992499 -0.0122215 0.0 0.0992883 -0.0119097 0.0 0.0993247 -0.0115977 0.0 0.0993611 -0.0112856 0.0 0.0993956 -0.0109734 0.0 0.0994301 -0.0106611 0.0 0.0994626 -0.0103486 0.0 0.0994951 -0.0100362 0.0 0.0995256 -0.0097235 0.0 0.0995562 -0.00941083 0.0 0.0995848 -0.00909798 0.0 0.0996134 -0.00878512 0.0 0.09964 -0.00847209 0.0 0.0996666 -0.00815906 0.0 0.0996912 -0.00784587 0.0 0.0997159 -0.00753268 0.0 0.0997386 -0.00721934 0.0 0.0997613 -0.006906 0.0 0.099782 -0.00659253 0.0 0.0998027 -0.00627905 0.0 0.0998214 -0.00596545 0.0 0.0998402 -0.00565185 0.0 0.0998569 -0.00533814 0.0 0.0998737 -0.00502443 0.0 0.0998885 -0.00471062 0.0 0.0999033 -0.00439681 0.0 0.0999161 -0.00408292 0.0 0.0999289 -0.00376902 0.0 0.0999398 -0.00345505 0.0 0.0999507 -0.00314108 0.0 0.0999595 -0.00282704 0.0 0.0999684 -0.00251301 0.0 0.0999753 -0.00219893 0.0 0.0999822 -0.00188484 0.0 0.0999872 -0.00157072 0.0 0.0999921 -0.0012566 0.0 0.0999951 -0.000942459 0.0 0.099998 -0.000628314 0.0 0.099999 -0.000314157 0.0 
        </DataArray>
      </Points>
      <Polys>
        <DataArray type="Int64" Name="connectivity" format="ascii">
0 1 1 2 2 3 3 4 4 5 5 6 6 7 7 8 8 9 9 10 10 11 11 12 12 13 13 14 14 15 15 16 16 17 17 18 18 19 19 20 20 21 21 22 22 23 23 24 24 25 25 26 26 27 27 28 28 29 29 30 30 31 31 32 32 33 33 34 34 35 35 36 36 37 37 38 38 39 39 40 40 41 41 42 42 43 43 44 44 45 45 46 46 47 47 48 48 49 49 50 50 51 51 52 52 53 53 54 54 55 55 56 56 57 57 58 58 59 59 60 60 61 61 62 62 63 63 64 64 65 65 66 66 67 67 68 68 69 69 70 70 71 71 72 72 73 73 74 74 75 75 76 76 77 77 78 78 79 79 80 80 81 81 82 82 83 83 84 84 85 85 86 86 87 87 88 88 89 89 90 90 91 91 92 92 93 93 94 94 95 95 96 96 97 97 98 98 99 99 100 100 101 101 102 102 103 103 104 104 105 105 106 106 107 107 108 108 109 109 110 110 111 111 112 112 113 113 114 114 115 115 116 116 117 117 118 118 119 119 120 120 121 121 122 122 123 123 124 124 125 125 126 126 127 127 128 128 129 129 130 130 131 131 132 132 133 133 134 134 135 135 136 136 137 137 138 138 139 139 140 140 141 141 142 142 143 143 144 144 145 145 146 146 147 147 148 148 149 149 150 150 151 151 152 152 153 153 154 154 155 155 156 156 157 157 158 158 159 159 160 160 161 161 162 162 163 163 164 164 165 165 166 166 167 167 168 168 169 169 170 170 171 171 172 172 173 173 174 174 175 175 176 176 177 177 178 178 179 179 180 180 181 181 182 182 183 183 184 184 185 185 186 186 187 187 188 188 189 189 190 190 191 191 192 192 193 193 194 194 195 195 196 196 197 197 198 198 199 199 200 200 201 201 202 202 203 203 204 204 205 205 206 206 207 207 208 208 209 209 210 210 211 211 212 212 213 213 214 214 215 215 216 216 217 217 218 218 219 219 220 220 221 221 222 222 223 223 224 224 225 225 226 226 227 227 228 228 229 229 230 230 231 231 232 232 233 233 234 234 235 235 236 236 237 237 238 238 239 239 240 240 241 241 242 242 243 243 244 244 245 245 246 246 247 247 248 248 249 249 250 250 251 251 252 252 253 253 254 254 255 255 256 256 257 257 258 258 259 259 260 260 261 261 262 262 263 263 264 264 265 265 266 266 267 267 268 268 269 269 270 270 271 271 272 272 273 273 274 274 275 275 276 276 277 277 278 278 279 279 280 280 281 281 282 282 283 283 284 284 285 285 286 286 287 287 288 288 289 289 290 290 291 291 292 292 293 293 294 294 295 295 296 296 297 297 298 298 299 299 300 300 301 301 302 302 303 303 304 304 305 305 306 306 307 307 308 308 309 309 310 310 311 311 312 312 313 313 314 314 315 315 316 316 317 317 318 318 319 319 320 320 321 321 322 322 323 323 324 324 325 325 326 326 327 327 328 328 329 329 330 330 331 331 332 332 333 333 334 334 335 335 336 336 337 337 338 338 339 339 340 340 341 341 342 342 343 343 344 344 345 345 346 346 347 347 348 348 349 349 350 350 351 351 352 352 353 353 354 354 355 355 356 356 357 357 358 358 359 359 360 360 361 361 362 362 363 363 364 364 365 365 366 366 367 367 368 368 369 369 370 370 371 371 372 372 373 373 374 374 375 375 376 376 377 377 378 378 379 379 380 380 381 381 382 382 383 383 384 384 385 385 386 386 387 387 388 388 389 389 390 390 391 391 392 392 393 393 394 394 395 395 396 396 397 397 398 398 399 399 400 400 401 401 402 402 403 403 404 404 405 405 406 406 407 407 408 408 409 409 410 410 411 411 412 412 413 413 414 414 415 415 416 416 417 417 418 418 419 419 420 420 421 421 422 422 423 423 424 424 425 425 426 426 427 427 428 428 429 429 430 430 431 431 432 432 433 433 434 434 435 435 436 436 437 437 438 438 439 439 440 440 441 441 442 442 443 443 444 444 445 445 446 446 447 447 448 448 449 449 450 450 451 451 452 452 453 453 454 454 455 455 456 456 457 457 458 458 459 459 460 460 461 461 462 462 463 463 464 464 465 465 466 466 467 467 468 468 469 469 470 470 471 471 472 472 473 473 474 474 475 475 476 476 477 477 478 478 479 479 480 480 481 481 482 482 483 483 484 484 485 485 486 486 487 487 488 488 489 489 490 490 491 491 492 492 493 493 494 494 495 495 496 496 497 497 498 498 499 499 500 500 501 501 502 502 503 503 504 504 505 505 506 506 507 507 508 508 509 509 510 510 511 511 512 512 513 513 514 514 515 515 516 516 517 517 518 518 519 519 520 520 521 521 522 522 523 523 524 524 525 525 526 526 527 527 528 528 529 529 530 530 531 531 532 532 533 533 534 534 535 535 536 536 537 537 538 538 539 539 540 540 541 541 542 542 543 543 544 544 545 545 546 546 547 547 548 548 549 549 550 550 551 551 552 552 553 553 554 554 555 555 556 556 557 557 558 558 559 559 560 560 561 561 562 562 563 563 564 564 565 565 566 566 567 567 568 568 569 569 570 570 571 571 572 572 573 573 574 574 575 575 576 576 577 577 578 578 579 579 580 580 581 581 582 582 583 583 584 584 585 585 586 586 587 587 588 588 589 589 590 590 591 591 592 592 593 593 594 594 595 595 596 596 597 597 598 598 599 599 600 600 601 601 602 602 603 603 604 604 605 605 606 606 607 607 608 608 609 609 610 610 611 611 612 612 613 613 614 614 615 615 616 616 617 617 618 618 619 619 620 620 621 621 622 622 623 623 624 624 625 625 626 626 627 627 628 628 629 629 630 630 631 631 632 632 633 633 634 634 635 635 636 636 637 637 638 638 639 639 640 640 641 641 642 642 643 643 644 644 645 645 646 646 647 647 648 648 649 649 650 650 651 651 652 652 653 653 654 654 655 655 656 656 657 657 658 658 659 659 660 660 661 661 662 662 663 663 664 664 665 665 666 666 667 667 668 668 669 669 670 670 671 671 672 672 673 673 674 674 675 675 676 676 677 677 678 678 679 679 680 680 681 681 682 682 683 683 684 684 685 685 686 686 687 687 688 688 689 689 690 690 691 691 692 692 693 693 694 694 695 695 696 696 697 697 698 698 699 699 700 700 701 701 702 702 703 703 704 704 705 705 706 706 707 707 708 708 709 709 710 710 711 711 712 712 713 713 714 714 715 715 716 716 717 717 718 718 719 719 720 720 721 721 722 722 723 723 724 724 725 725 726 726 727 727 728 728 729 729 730 730 731 731 732 732 733 733 734 734 735 735 736 736 737 737 738 738 739 739 740 740 741 741 742 742 743 743 744 744 745 745 746 746 747 747 748 748 749 749 750 750 751 751 752 752 753 753 754 754 755 755 756 756 757 757 758 758 759 759 760 760 761 761 762 762 763 763 764 764 765 765 766 766 767 767 768 768 769 769 770 770 771 771 772 772 773 773 774 774 775 775 776 776 777 777 778 778 779 779 780 780 781 781 782 782 783 783 784 784 785 785 786 786 787 787 788 788 789 789 790 790 791 791 792 792 793 793 794 794 795 795 796 796 797 797 798 798 799 799 800 800 801 801 802 802 803 803 804 804 805 805 806 806 807 807 808 808 809 809 810 810 811 811 812 812 813 813 814 814 815 815 816 816 817 817 818 818 819 819 820 820 821 821 822 822 823 823 824 824 825 825 826 826 827 827 828 828 829 829 830 830 831 831 832 832 833 833 834 834 835 835 836 836 837 837 838 838 839 839 840 840 841 841 842 842 843 843 844 844 845 845 846 846 847 847 848 848 849 849 850 850 851 851 852 852 853 853 854 854 855 855 856 856 857 857 858 858 859 859 860 860 861 861 862 862 863 863 864 864 865 865 866 866 867 867 868 868 869 869 870 870 871 871 872 872 873 873 874 874 875 875 876 876 877 877 878 878 879 879 880 880 881 881 882 882 883 883 884 884 885 885 886 886 887 887 888 888 889 889 890 890 891 891 892 892 893 893 894 894 895 895 896 896 897 897 898 898 899 899 900 900 901 901 902 902 903 903 904 904 905 905 906 906 907 907 908 908 909 909 910 910 911 911 912 912 913 913 914 914 915 915 916 916 917 917 918 918 919 919 920 920 921 921 922 922 923 923 924 924 925 925 926 926 927 927 928 928 929 929 930 930 931 931 932 932 933 933 934 934 935 935 936 936 937 937 938 938 939 939 940 940 941 941 942 942 943 943 944 944 945 945 946 946 947 947 948 948 949 949 950 950 951 951 952 952 953 953 954 954 955 955 956 956 957 957 958 958 959 959 960 960 961 961 962 962 963 963 964 964 965 965 966 966 967 967 968 968 969 969 970 970 971 971 972 972 973 973 974 974 975 975 976 976 977 977 978 978 979 979 980 980 981 981 982 982 983 983 984 984 985 985 986 986 987 987 988 988 989 989 990 990 991 991 992 992 993 993 994 994 995 995 996 996 997 997 998 998 999 999 1000 1000 1001 1001 1002 1002 1003 1003 1004 1004 1005 1005 1006 1006 1007 1007 1008 1008 1009 1009 1010 1010 1011 1011 1012 1012 1013 1013 1014 1014 1015 1015 1016 1016 1017 1017 1018 1018 1019 1019 1020 1020 1021 1021 1022 1022 1023 1023 1024 1024 1025 1025 1026 1026 1027 1027 1028 1028 1029 1029 1030 1030 1031 1031 1032 1032 1033 1033 1034 1034 1035 1035 1036 1036 1037 1037 1038 1038 1039 1039 1040 1040 1041 1041 1042 1042 1043 1043 1044 1044 1045 1045 1046 1046 1047 1047 1048 1048 1049 1049 1050 1050 1051 1051 1052 1052 1053 1053 1054 1054 1055 1055 1056 1056 1057 1057 1058 1058 1059 1059 1060 1060 1061 1061 1062 1062 1063 1063 1064 1064 1065 1065 1066 1066 1067 1067 1068 1068 1069 1069 1070 1070 1071 1071 1072 1072 1073 1073 1074 1074 1075 1075 1076 1076 1077 1077 1078 1078 1079 1079 1080 1080 1081 1081 1082 1082 1083 1083 1084 1084 1085 1085 1086 1086 1087 1087 1088 1088 1089 1089 1090 1090 1091 1091 1092 1092 1093 1093 1094 1094 1095 1095 1096 1096 1097 1097 1098 1098 1099 1099 1100 1100 1101 1101 1102 1102 1103 1103 1104 1104 1105 1105 1106 1106 1107 1107 1108 1108 1109 1109 1110 1110 1111 1111 1112 1112 1113 1113 1114 1114 1115 1115 1116 1116 1117 1117 1118 1118 1119 1119 1120 1120 1121 1121 1122 1122 1123 1123 1124 1124 1125 1125 1126 1126 1127 1127 1128 1128 1129 1129 1130 1130 1131 1131 1132 1132 1133 1133 1134 1134 1135 1135 1136 1136 1137 1137 1138 1138 1139 1139 1140 1140 1141 1141 1142 1142 1143 1143 1144 1144 1145 1145 1146 1146 1147 1147 1148 1148 1149 1149 1150 1150 1151 1151 1152 1152 1153 1153 1154 1154 1155 1155 1156 1156 1157 1157 1158 1158 1159 1159 1160 1160 1161 1161 1162 1162 1163 1163 1164 1164 1165 1165 1166 1166 1167 1167 1168 1168 1169 1169 1170 1170 1171 1171 1172 1172 1173 1173 1174 1174 1175 1175 1176 1176 1177 1177 1178 1178 1179 1179 1180 1180 1181 1181 1182 1182 1183 1183 1184 1184 1185 1185 1186 1186 1187 1187 1188 1188 1189 1189 1190 1190 1191 1191 1192 1192 1193 1193 1194 1194 1195 1195 1196 1196 1197 1197 1198 1198 1199 1199 1200 1200 1201 1201 1202 1202 1203 1203 1204 1204 1205 1205 1206 1206 1207 1207 1208 1208 1209 1209 1210 1210 1211 1211 1212 1212 1213 1213 1214 1214 1215 1215 1216 1216 1217 1217 1218 1218 1219 1219 1220 1220 1221 1221 1222 1222 1223 1223 1224 1224 1225 1225 1226 1226 1227 1227 1228 1228 1229 1229 1230 1230 1231 1231 1232 1232 1233 1233 1234 1234 1235 1235 1236 1236 1237 1237 1238 1238 1239 1239 1240 1240 1241 1241 1242 1242 1243 1243 1244 1244 1245 1245 1246 1246 1247 1247 1248 1248 1249 1249 1250 1250 1251 1251 1252 1252 1253 1253 1254 1254 1255 1255 1256 1256 1257 1257 1258 1258 1259 1259 1260 1260 1261 1261 1262 1262 1263 1263 1264 1264 1265 1265 1266 1266 1267 1267 1268 1268 1269 1269 1270 1270 1271 1271 1272 1272 1273 1273 1274 1274 1275 1275 1276 1276 1277 1277 1278 1278 1279 1279 1280 1280 1281 1281 1282 1282 1283 1283 1284 1284 1285 1285 1286 1286 1287 1287 1288 1288 1289 1289 1290 1290 1291 1291 1292 1292 1293 1293 1294 1294 1295 1295 1296 1296 1297 1297 1298 1298 1299 1299 1300 1300 1301 1301 1302 1302 1303 1303 1304 1304 1305 1305 1306 1306 1307 1307 1308 1308 1309 1309 1310 1310 1311 1311 1312 1312 1313 1313 1314 1314 1315 1315 1316 1316 1317 1317 1318 1318 1319 1319 1320 1320 1321 1321 1322 1322 1323 1323 1324 1324 1325 1325 1326 1326 1327 1327 1328 1328 1329 1329 1330 1330 1331 1331 1332 1332 1333 1333 1334 1334 1335 1335 1336 1336 1337 1337 1338 1338 1339 1339 1340 1340 1341 1341 1342 1342 1343 1343 1344 1344 1345 1345 1346 1346 1347 1347 1348 1348 1349 1349 1350 1350 1351 1351 1352 1352 1353 1353 1354 1354 1355 1355 1356 1356 1357 1357 1358 1358 1359 1359 1360 1360 1361 1361 1362 1362 1363 1363 1364 1364 1365 1365 1366 1366 1367 1367 1368 1368 1369 1369 1370 1370 1371 1371 1372 1372 1373 1373 1374 1374 1375 1375 1376 1376 1377 1377 1378 1378 1379 1379 1380 1380 1381 1381 1382 1382 1383 1383 1384 1384 1385 1385 1386 1386 1387 1387 1388 1388 1389 1389 1390 1390 1391 1391 1392 1392 1393 1393 1394 1394 1395 1395 1396 1396 1397 1397 1398 1398 1399 1399 1400 1400 1401 1401 1402 1402 1403 1403 1404 1404 1405 1405 1406 1406 1407 1407 1408 1408 1409 1409 1410 1410 1411 1411 1412 1412 1413 1413 1414 1414 1415 1415 1416 1416 1417 1417 1418 1418 1419 1419 1420 1420 1421 1421 1422 1422 1423 1423 1424 1424 1425 1425 1426 1426 1427 1427 1428 1428 1429 1429 1430 1430 1431 1431 1432 1432 1433 1433 1434 1434 1435 1435 1436 1436 1437 1437 1438 1438 1439 1439 1440 1440 1441 1441 1442 1442 1443 1443 1444 1444 1445 1445 1446 1446 1447 1447 1448 1448 1449 1449 1450 1450 1451 1451 1452 1452 1453 1453 1454 1454 1455 1455 1456 1456 1457 1457 1458 1458 1459 1459 1460 1460 1461 1461 1462 1462 1463 1463 1464 1464 1465 1465 1466 1466 1467 1467 1468 1468 1469 1469 1470 1470 1471 1471 1472 1472 1473 1473 1474 1474 1475 1475 1476 1476 1477 1477 1478 1478 1479 1479 1480 1480 1481 1481 1482 1482 1483 1483 1484 1484 1485 1485 1486 1486 1487 1487 1488 1488 1489 1489 1490 1490 1491 1491 1492 1492 1493 1493 1494 1494 1495 1495 1496 1496 1497 1497 1498 1498 1499 1499 1500 1500 1501 1501 1502 1502 1503 1503 1504 1504 1505 1505 1506 1506 1507 1507 1508 1508 1509 1509 1510 1510 1511 1511 1512 1512 1513 1513 1514 1514 1515 1515 1516 1516 1517 1517 1518 1518 1519 1519 1520 1520 1521 1521 1522 1522 1523 1523 1524 1524 1525 1525 1526 1526 1527 1527 1528 1528 1529 1529 1530 1530 1531 1531 1532 1532 1533 1533 1534 1534 1535 1535 1536 1536 1537 1537 1538 1538 1539 1539 1540 1540 1541 1541 1542 1542 1543 1543 1544 1544 1545 1545 1546 1546 1547 1547 1548 1548 1549 1549 1550 1550 1551 1551 1552 1552 1553 1553 1554 1554 1555 1555 1556 1556 1557 1557 1558 1558 1559 1559 1560 1560 1561 1561 1562 1562 1563 1563 1564 1564 1565 1565 1566 1566 1567 1567 1568 1568 1569 1569 1570 1570 1571 1571 1572 1572 1573 1573 1574 1574 1575 1575 1576 1576 1577 1577 1578 1578 1579 1579 1580 1580 1581 1581 1582 1582 1583 1583 1584 1584 1585 1585 1586 1586 1587 1587 1588 1588 1589 1589 1590 1590 1591 1591 1592 1592 1593 1593 1594 1594 1595 1595 1596 1596 1597 1597 1598 1598 1599 1599 1600 1600 1601 1601 1602 1602 1603 1603 1604 1604 1605 1605 1606 1606 1607 1607 1608 1608 1609 1609 1610 1610 1611 1611 1612 1612 1613 1613 1614 1614 1615 1615 1616 1616 1617 1617 1618 1618 1619 1619 1620 1620 1621 1621 1622 1622 1623 1623 1624 1624 1625 1625 1626 1626 1627 1627 1628 1628 1629 1629 1630 1630 1631 1631 1632 1632 1633 1633 1634 1634 1635 1635 1636 1636 1637 1637 1638 1638 1639 1639 1640 1640 1641 1641 1642 1642 1643 1643 1644 1644 1645 1645 1646 1646 1647 1647 1648 1648 1649 1649 1650 1650 1651 1651 1652 1652 1653 1653 1654 1654 1655 1655 1656 1656 1657 1657 1658 1658 1659 1659 1660 1660 1661 1661 1662 1662 1663 1663 1664 1664 1665 1665 1666 1666 1667 1667 1668 1668 1669 1669 1670 1670 1671 1671 1672 1672 1673 1673 1674 1674 1675 1675 1676 1676 1677 1677 1678 1678 1679 1679 1680 1680 1681 1681 1682 1682 1683 1683 1684 1684 1685 1685 1686 1686 1687 1687 1688 1688 1689 1689 1690 1690 1691 1691 1692 1692 1693 1693 1694 1694 1695 1695 1696 1696 1697 1697 1698 1698 1699 1699 1700 1700 1701 1701 1702 1702 1703 1703 1704 1704 1705 1705 1706 1706 1707 1707 1708 1708 1709 1709 1710 1710 1711 1711 1712 1712 1713 1713 1714 1714 1715 1715 1716 1716 1717 1717 1718 1718 1719 1719 1720 1720 1721 1721 1722 1722 1723 1723 1724 1724 1725 1725 1726 1726 1727 1727 1728 1728 1729 1729 1730 1730 1731 1731 1732 1732 1733 1733 1734 1734 1735 1735 1736 1736 1737 1737 1738 1738 1739 1739 1740 1740 1741 1741 1742 1742 1743 1743 1744 1744 1745 1745 1746 1746 1747 1747 1748 1748 1749 1749 1750 1750 1751 1751 1752 1752 1753 1753 1754 1754 1755 1755 1756 1756 1757 1757 1758 1758 1759 1759 1760 1760 1761 1761 1762 1762 1763 1763 1764 1764 1765 1765 1766 1766 1767 1767 1768 1768 1769 1769 1770 1770 1771 1771 1772 1772 1773 1773 1774 1774 1775 1775 1776 1776 1777 1777 1778 1778 1779 1779 1780 1780 1781 1781 1782 1782 1783 1783 1784 1784 1785 1785 1786 1786 1787 1787 1788 1788 1789 1789 1790 1790 1791 1791 1792 1792 1793 1793 1794 1794 1795 1795 1796 1796 1797 1797 1798 1798 1799 1799 1800 1800 1801 1801 1802 1802 1803 1803 1804 1804 1805 1805 1806 1806 1807 1807 1808 1808 1809 1809 1810 1810 1811 1811 1812 1812 1813 1813 1814 1814 1815 1815 1816 1816 1817 1817 1818 1818 1819 1819 1820 1820 1821 1821 1822 1822 1823 1823 1824 1824 1825 1825 1826 1826 1827 1827 1828 1828 1829 1829 1830 1830 1831 1831 1832 1832 1833 1833 1834 1834 1835 1835 1836 1836 1837 1837 1838 1838 1839 1839 1840 1840 1841 1841 1842 1842 1843 1843 1844 1844 1845 1845 1846 1846 1847 1847 1848 1848 1849 1849 1850 1850 1851 1851 1852 1852 1853 1853 1854 1854 1855 1855 1856 1856 1857 1857 1858 1858 1859 1859 1860 1860 1861 1861 1862 1862 1863 1863 1864 1864 1865 1865 1866 1866 1867 1867 1868 1868 1869 1869 1870 1870 1871 1871 1872 1872 1873 1873 1874 1874 1875 1875 1876 1876 1877 1877 1878 1878 1879 1879 1880 1880 1881 1881 1882 1882 1883 1883 1884 1884 1885 1885 1886 1886 1887 1887 1888 1888 1889 1889 1890 1890 1891 1891 1892 1892 1893 1893 1894 1894 1895 1895 1896 1896 1897 1897 1898 1898 1899 1899 1900 1900 1901 1901 1902 1902 1903 1903 1904 1904 1905 1905 1906 1906 1907 1907 1908 1908 1909 1909 1910 1910 1911 1911 1912 1912 1913 1913 1914 1914 1915 1915 1916 1916 1917 1917 1918 1918 1919 1919 1920 1920 1921 1921 1922 1922 1923 1923 1924 1924 1925 1925 1926 1926 1927 1927 1928 1928 1929 1929 1930 1930 1931 1931 1932 1932 1933 1933 1934 1934 1935 1935 1936 1936 1937 1937 1938 1938 1939 1939 1940 1940 1941 1941 1942 1942 1943 1943 1944 1944 1945 1945 1946 1946 1947 1947 1948 1948 1949 1949 1950 1950 1951 1951 1952 1952 1953 1953 1954 1954 1955 1955 1956 1956 1957 1957 1958 1958 1959 1959 1960 1960 1961 1961 1962 1962 1963 1963 1964 1964 1965 1965 1966 1966 1967 1967 1968 1968 1969 1969 1970 1970 1971 1971 1972 1972 1973 1973 1974 1974 1975 1975 1976 1976 1977 1977 1978 1978 1979 1979 1980 1980 1981 1981 1982 1982 1983 1983 1984 1984 1985 1985 1986 1986 1987 1987 1988 1988 1989 1989 1990 1990 1991 1991 1992 1992 1993 1993 1994 1994 1995 1995 1996 1996 1997 1997 1998 1998 1999 1999 0 
        </DataArray>
        <DataArray type="Int64" Name="offsets" format="ascii">
2 4 6 8 10 12 14 16 18 20 22 24 26 28 30 32 34 36 38 40 42 44 46 48 50 52 54 56 58 60 62 64 66 68 70 72 74 76 78 80 82 84 86 88 90 92 94 96 98 100 102 104 106 108 110 112 114 116 118 120 122 124 126 128 130 132 134 136 138 140 142 144 146 148 150 152 154 156 158 160 162 164 166 168 170 172 174 176 178 180 182 184 186 188 190 192 194 196 198 200 202 204 206 208 210 212 214 216 218 220 222 224 226 228 230 232 234 236 238 240 242 244 246 248 250 252 254 256 258 260 262 264 266 268 270 272 274 276 278 280 282 284 286 288 290 292 294 296 298 300 302 304 306 308 310 312 314 316 318 320 322 324 326 328 330 332 334 336 338 340 342 344 346 348 350 352 354 356 358 360 362 364 366 368 370 372 374 376 378 380 382 384 386 388 390 392 394 396 398 400 402 404 406 408 410 412 414 416 418 420 422 424 426 428 430 432 434 436 438 440 442 444 446 448 450 452 454 456 458 460 462 464 466 468 470 472 474 476 478 480 482 484 486 488 490 492 494 496 498 500 502 504 506 508 510 512 514 516 518 520 522 524 526 528 530 532 534 536 538 540 542 544 546 548 550 552 554 556 558 560 562 564 566 568 570 572 574 576 578 580 582 584 586 588 590 592 594 596 598 600 602 604 606 608 610 612 614 616 618 620 622 624 626 628 630 632 634 636 638 640 642 644 646 648 650 652 654 656 658 660 662 664 666 668 670 672 674 676 678 680 682 684 686 688 690 692 694 696 698 700 702 704 706 708 710 712 714 716 718 720 722 724 726 728 730 732 734 736 738 740 742 744 746 748 750 752 754 756 758 760 762 764 766 768 770 772 774 776 778 780 782 784 786 788 790 792 794 796 798 800 802 804 806 808 810 812 814 816 818 820 822 824 826 828 830 832 834 836 838 840 842 844 846 848 850 852 854 856 858 860 862 864 866 868 870 872 874 876 878 880 882 884 886 888 890 892 894 896 898 900 902 904 906 908 910 912 914 916 918 920 922 924 926 928 930 932 934 936 938 940 942 944 946 948 950 952 954 956 958 960 962 964 966 968 970 972 974 976 978 980 982 984 986 988 990 992 994 996 998 1000 1002 1004 1006 1008 1010 1012 1014 1016 1018 1020 1022 1024 1026 1028 1030 1032 1034 1036 1038 1040 1042 1044 1046 1048 1050 1052 1054 1056 1058 1060 1062 1064 1066 1068 1070 1072 1074 1076 1078 1080 1082 1084 1086 1088 1090 1092 1094 1096 1098 1100 1102 1104 1106 1108 1110 1112 1114 1116 1118 1120 1122 1124 1126 1128 1130 1132 1134 1136 1138 1140 1142 1144 1146 1148 1150 1152 1154 1156 1158 1160 1162 1164 1166 1168 1170 1172 1174 1176 1178 1180 1182 1184 1186 1188 1190 1192 1194 1196 1198 1200 1202 1204 1206 1208 1210 1212 1214 1216 1218 1220 1222 1224 1226 1228 1230 1232 1234 1236 1238 1240 1242 1244 1246 1248 1250 1252 1254 1256 1258 1260 1262 1264 1266 1268 1270 1272 1274 1276 1278 1280 1282 1284 1286 1288 1290 1292 1294 1296 1298 1300 1302 1304 1306 1308 1310 1312 1314 1316 1318 1320 1322 1324 1326 1328 1330 1332 1334 1336 1338 1340 1342 1344 1346 1348 1350 1352 1354 1356 1358 1360 1362 1364 1366 1368 1370 1372 1374 1376 1378 1380 1382 1384 1386 1388 1390 1392 1394 1396 1398 1400 1402 1404 1406 1408 1410 1412 1414 1416 1418 1420 1422 1424 1426 1428 1430 1432 1434 1436 1438 1440 1442 1444 1446 1448 1450 1452 1454 1456 1458 1460 1462 1464 1466 1468 1470 1472 1474 1476 1478 1480 1482 1484 1486 1488 1490 1492 1494 1496 1498 1500 1502 1504 1506 1508 1510 1512 1514 1516 1518 1520 1522 1524 1526 1528 1530 1532 1534 1536 1538 1540 1542 1544 1546 1548 1550 1552 1554 1556 1558 1560 1562 1564 1566 1568 1570 1572 1574 1576 1578 1580 1582 1584 1586 1588 1590 1592 1594 1596 1598 1600 1602 1604 1606 1608 1610 1612 1614 1616 1618 1620 1622 1624 1626 1628 1630 1632 1634 1636 1638 1640 1642 1644 1646 1648 1650 1652 1654 1656 1658 1660 1662 1664 1666 1668 1670 1672 1674 1676 1678 1680 1682 1684 1686 1688 1690 1692 1694 1696 1698 1700 1702 1704 1706 1708 1710 1712 1714 1716 1718 1720 1722 1724 1726 1728 1730 1732 1734 1736 1738 1740 1742 1744 1746 1748 1750 1752 1754 1756 1758 1760 1762 1764 1766 1768 1770 1772 1774 1776 1778 1780 1782 1784 1786 1788 1790 1792 1794 1796 1798 1800 1802 1804 1806 1808 1810 1812 1814 1816 1818 1820 1822 1824 1826 1828 1830 1832 1834 1836 1838 1840 1842 1844 1846 1848 1850 1852 1854 1856 1858 1860 1862 1864 1866 1868 1870 1872 1874 1876 1878 1880 1882 1884 1886 1888 1890 1892 1894 1896 1898 1900 1902 1904 1906 1908 1910 1912 1914 1916 1918 1920 1922 1924 1926 1928 1930 1932 1934 1936 1938 1940 1942 1944 1946 1948 1950 1952 1954 1956 1958 1960 1962 1964 1966 1968 1970 1972 1974 1976 1978 1980 1982 1984 1986 1988 1990 1992 1994 1996 1998 2000 2002 2004 2006 2008 2010 2012 2014 2016 2018 2020 2022 2024 2026 2028 2030 2032 2034 2036 2038 2040 2042 2044 2046 2048 2050 2052 2054 2056 2058 2060 2062 2064 2066 2068 2070 2072 2074 2076 2078 2080 2082 2084 2086 2088 2090 2092 2094 2096 2098 2100 2102 2104 2106 2108 2110 2112 2114 2116 2118 2120 2122 2124 2126 2128 2130 2132 2134 2136 2138 2140 2142 2144 2146 2148 2150 2152 2154 2156 2158 2160 2162 2164 2166 2168 2170 2172 2174 2176 2178 2180 2182 2184 2186 2188 2190 2192 2194 2196 2198 2200 2202 2204 2206 2208 2210 2212 2214 2216 2218 2220 2222 2224 2226 2228 2230 2232 2234 2236 2238 2240 2242 2244 2246 2248 2250 2252 2254 2256 2258 2260 2262 2264 2266 2268 2270 2272 2274 2276 2278 2280 2282 2284 2286 2288 2290 2292 2294 2296 2298 2300 2302 2304 2306 2308 2310 2312 2314 2316 2318 2320 2322 2324 2326 2328 2330 2332 2334 2336 2338 2340 2342 2344 2346 2348 2350 2352 2354 2356 2358 2360 2362 2364 2366 2368 2370 2372 2374 2376 2378 2380 2382 2384 2386 2388 2390 2392 2394 2396 2398 2400 2402 2404 2406 2408 2410 2412 2414 2416 2418 2420 2422 2424 2426 2428 2430 2432 2434 2436 2438 2440 2442 2444 2446 2448 2450 2452 2454 2456 2458 2460 2462 2464 2466 2468 2470 2472 2474 2476 2478 2480 2482 2484 2486 2488 2490 2492 2494 2496 2498 2500 2502 2504 2506 2508 2510 2512 2514 2516 2518 2520 2522 2524 2526 2528 2530 2532 2534 2536 2538 2540 2542 2544 2546 2548 2550 2552 2554 2556 2558 2560 2562 2564 2566 2568 2570 2572 2574 2576 2578 2580 2582 2584 2586 2588 2590 2592 2594 2596 2598 2600 2602 2604 2606 2608 2610 2612 2614 2616 2618 2620 2622 2624 2626 2628 2630 2632 2634 2636 2638 2640 2642 2644 2646 2648 2650 2652 2654 2656 2658 2660 2662 2664 2666 2668 2670 2672 2674 2676 2678 2680 2682 2684 2686 2688 2690 2692 2694 2696 2698 2700 2702 2704 2706 2708 2710 2712 2714 2716 2718 2720 2722 2724 2726 2728 2730 2732 2734 2736 2738 2740 2742 2744 2746 2748 2750 2752 2754 2756 2758 2760 2762 2764 2766 2768 2770 2772 2774 2776 2778 2780 2782 2784 2786 2788 2790 2792 2794 2796 2798 2800 2802 2804 2806 2808 2810 2812 2814 2816 2818 2820 2822 2824 2826 2828 2830 2832 2834 2836 2838 2840 2842 2844 2846 2848 2850 2852 2854 2856 2858 2860 2862 2864 2866 2868 2870 2872 2874 2876 2878 2880 2882 2884 2886 2888 2890 2892 2894 2896 2898 2900 2902 2904 2906 2908 2910 2912 2914 2916 2918 2920 2922 2924 2926 2928 2930 2932 2934 2936 2938 2940 2942 2944 2946 2948 2950 2952 2954 2956 2958 2960 2962 2964 2966 2968 2970 2972 2974 2976 2978 2980 2982 2984 2986 2988 2990 2992 2994 2996 2998 3000 3002 3004 3006 3008 3010 3012 3014 3016 3018 3020 3022 3024 3026 3028 3030 3032 3034 3036 3038 3040 3042 3044 3046 3048 3050 3052 3054 3056 3058 3060 3062 3064 3066 3068 3070 3072 3074 3076 3078 3080 3082 3084 3086 3088 3090 3092 3094 3096 3098 3100 3102 3104 3106 3108 3110 3112 3114 3116 3118 3120 3122 3124 3126 3128 3130 3132 3134 3136 3138 3140 3142 3144 3146 3148 3150 3152 3154 3156 3158 3160 3162 3164 3166 3168 3170 3172 3174 3176 3178 3180 3182 3184 3186 3188 3190 3192 3194 3196 3198 3200 3202 3204 3206 3208 3210 3212 3214 3216 3218 3220 3222 3224 3226 3228 3230 3232 3234 3236 3238 3240 3242 3244 3246 3248 3250 3252 3254 3256 3258 3260 3262 3264 3266 3268 3270 3272 3274 3276 3278 3280 3282 3284 3286 3288 3290 3292 3294 3296 3298 3300 3302 3304 3306 3308 3310 3312 3314 3316 3318 3320 3322 3324 3326 3328 3330 3332 3334 3336 3338 3340 3342 3344 3346 3348 3350 3352 3354 3356 3358 3360 3362 3364 3366 3368 3370 3372 3374 3376 3378 3380 3382 3384 3386 3388 3390 3392 3394 3396 3398 3400 3402 3404 3406 3408 3410 3412 3414 3416 3418 3420 3422 3424 3426 3428 3430 3432 3434 3436 3438 3440 3442 3444 3446 3448 3450 3452 3454 3456 3458 3460 3462 3464 3466 3468 3470 3472 3474 3476 3478 3480 3482 3484 3486 3488 3490 3492 3494 3496 3498 3500 3502 3504 3506 3508 3510 3512 3514 3516 3518 3520 3522 3524 3526 3528 3530 3532 3534 3536 3538 3540 3542 3544 3546 3548 3550 3552 3554 3556 3558 3560 3562 3564 3566 3568 3570 3572 3574 3576 3578 3580 3582 3584 3586 3588 3590 3592 3594 3596 3598 3600 3602 3604 3606 3608 3610 3612 3614 3616 3618 3620 3622 3624 3626 3628 3630 3632 3634 3636 3638 3640 3642 3644 3646 3648 3650 3652 3654 3656 3658 3660 3662 3664 3666 3668 3670 3672 3674 3676 3678 3680 3682 3684 3686 3688 3690 3692 3694 3696 3698 3700 3702 3704 3706 3708 3710 3712 3714 3716 3718 3720 3722 3724 3726 3728 3730 3732 3734 3736 3738 3740 3742 3744 3746 3748 3750 3752 3754 3756 3758 3760 3762 3764 3766 3768 3770 3772 3774 3776 3778 3780 3782 3784 3786 3788 3790 3792 3794 3796 3798 3800 3802 3804 3806 3808 3810 3812 3814 3816 3818 3820 3822 3824 3826 3828 3830 3832 3834 3836 3838 3840 3842 3844 3846 3848 3850 3852 3854 3856 3858 3860 3862 3864 3866 3868 3870 3872 3874 3876 3878 3880 3882 3884 3886 3888 3890 3892 3894 3896 3898 3900 3902 3904 3906 3908 3910 3912 3914 3916 3918 3920 3922 3924 3926 3928 3930 3932 3934 3936 3938 3940 3942 3944 3946 3948 3950 3952 3954 3956 3958 3960 3962 3964 3966 3968 3970 3972 3974 3976 3978 3980 3982 3984 3986 3988 3990 3992 3994 3996 3998 4000 
        </DataArray>
      </Polys>
      <CellData Scalars="Pressure">
        <DataArray type="Float64" Name="Pressure" format="ascii">
376960 374256 372322 370457 368557 366205 363744 361323 359106 356985 354822 352750 350668 348618 346605 344668 342700 340733 338703 336704 334762 332965 331143 329317 327388 325487 323625 322003 320362 318726 316898 315091 313266 311719 310151 308616 306886 305171 303835 302209 300540 298908 297359 295867 294348 292311 290878 289468 288060 286699 285322 283970 282587 281213 279857 278661 277458 276299 275178 274685 273562 272513 271452 270454 268874 268053 267234 266331 265366 264408 263571 262870 262181 261450 261052 260211 258777 258010 257235 256483 255811 255167 254527 253897 253261 252641 252662 252127 251602 250485 250040 249619 249206 248797 248384 247994 247943 248494 248440 247843 247794 247761 247745 247734 247722 247807 248129 249015 248808 249313 249865 250447 251128 251824 252542 253400 255016 256035 256659 258250 259892 261534 263113 264579 267037 267404 268739 270085 271517 273050 274583 276067 277852 278964 280031 280547 282052 283621 285307 287591 289376 291360 293120 296079 299244 302431 305468 308916 311826 313907 316363 318718 320678 321844 322985 323736 324051 324458 324887 325225 325271 325423 325624 325890 326195 326524 326928 327370 327906 328380 328923 329722 330725 331569 332750 333943 335186 336469 337944 339280 340680 342129 343620 345112 346732 348487 350259 351992 353694 355261 356923 358563 360266 361844 363412 364851 366452 367889 369321 370673 371711 372911 374087 375333 376345 377160 378066 378995 379730 380392 380897 381495 381934 382330 382695 382750 382922 382904 383031 383116 382828 382643 382401 382277 381881 381271 380779 380494 380021 379532 378951 378659 378342 378043 377698 377683 377620 377577 377553 377519 377657 377797 377946 378148 378753 379451 380265 381169 380669 381450 382206 382889 384302 385883 387144 388044 388613 389116 389377 389300 388880 388778 388624 388250 387644 386673 386122 385415 384648 383709 382320 381107 379879 379246 378496 375155 373566 373633 371408 368755 364223 363526 349223 320327 258550 211990 130433 72964 37627.3 29404.4 27882.7 28559.3 28990.4 29989.2 30580.2 30327.9 30830.9 31869.8 32212.4 32793.2 31747 32608.8 33375.3 33916.4 35593.6 35048.2 35895.9 36517 37725.3 38308.1 39017.7 37994.2 38845.7 39695.2 40330.4 40731.6 41578.8 42562.1 43311.7 44601 45258.6 46152.2 44940 46018.8 47157.3 48024.3 48649.8 50855.7 50589.2 51497.9 53169.7 55723.5 54378.6 55204.3 54375.9 55589.3 56570.1 58341.2 59048.8 59879.3 58642.3 59778.8 60910 61776.5 63578.7 64530.8 65551.3 64217.1 65511.8 66729 67701.1 69809.1 70759.9 69565.4 70532.9 71774.1 72921 73809.9 75839 76939.7 78068.1 76885.6 78381.5 79647.3 80685.1 82683.7 83940.7 85164.2 83297.9 84826.6 86285.5 87627.6 89242.4 90689.1 91919 96126 94368 95865.3 97362.7 99470.6 101528 103467 106178 106483 106151 106850 107847 112802 113988 115106 116229 117459 118747 119909 121022 122016 122958 129360 130774 119886 119820 123629 125309 123279 125111 126960 128720 130330 132142 133793 135211 138696 140274 141823 139261 141150 143007 144805 146761 148555 150249 152033 153596 154872 158761 160261 157458 159205 161151 163019 165015 167064 169021 170884 172766 174419 177915 179457 181088 182727 184726 181648 183701 185894 188119 190269 192557 194790 196984 199112 201219 203206 205259 207258 209109 212857 214506 216138 217867 219962 222097 224168 220858 222690 224571 226696 228853 230971 233211 235406 237620 239700 241801 243872 246049 248197 250360 252449 254559 256633 258866 261149 263451 265680 267913 270101 272395 274759 277137 279414 281615 283763 285946 288140 290359 292570 295096 297565 300057 302462 304891 307266 310040 312772 315534 318184 320851 323456 326322 329195 332109 334769 337381 339941 342512 345006 347517 350170 353037 355850 358614 361199 363796 366524 369657 372727 375795 378669 381547 384470 388117 391693 395312 398786 402299 405740 410152 414593 425115 428131 431217 434224 437423 440482 443539 440059 444585 449160 453273 456718 460144 463896 468364 472769 477136 481113 485123 489190 494243 505553 510068 513433 516803 520121 516553 520505 524578 528540 532564 536552 540336 543858 547459 550870 560885 564130 559353 563354 567655 572047 575415 578657 581878 586412 591406 596522 606030 608856 611658 607654 611479 615304 619360 623686 628143 632560 636451 647272 651149 647235 650760 654272 658586 663404 668363 673081 677429 689071 685729 689785 693984 698189 703505 709221 715261 719926 728895 731977 728627 733230 738025 742859 748631 754482 767916 766042 772215 778610 784932 789264 793728 798180 807386 810891 814380 809941 814953 820120 825510 837239 841431 845370 841316 845263 849567 853775 857121 866585 871077 868242 874271 880426 886543 899262 904771 909614 906689 911199 915983 920377 929824 933323 938179 935535 941762 948103 962086 967906 981093 979025 976775 981710 993745 992118 997544 1.00307e+06 1.00887e+06 1.01404e+06 1.02371e+06 1.02826e+06 1.03304e+06 1.03045e+06 1.03504e+06 1.03966e+06 1.04495e+06 1.0527e+06 1.0609e+06 1.06928e+06 1.0761e+06 1.08646e+06 1.09099e+06 1.09392e+06 1.08955e+06 1.09153e+06 1.0937e+06 1.10324e+06 1.1e+06 1.10422e+06 1.10876e+06 1.11347e+06 1.12538e+06 1.13032e+06 1.13541e+06 1.13402e+06 1.13916e+06 1.15054e+06 1.15565e+06 1.15203e+06 1.15556e+06 1.15904e+06 1.1738e+06 1.17192e+06 1.18296e+06 1.19353e+06 1.20398e+06 1.21564e+06 1.22072e+06 1.23322e+06 1.23223e+06 1.23065e+06 1.2443e+06 1.24929e+06 1.25413e+06 1.25182e+06 1.25729e+06 1.27026e+06 1.27579e+06 1.27537e+06 1.28149e+06 1.28767e+06 1.29975e+06 1.30001e+06 1.30585e+06 1.31174e+06 1.32281e+06 1.32338e+06 1.32855e+06 1.33365e+06 1.33885e+06 1.34352e+06 1.34754e+06 1.35145e+06 1.35537e+06 1.35913e+06 1.36299e+06 1.36724e+06 1.372e+06 1.37713e+06 1.38243e+06 1.38784e+06 1.39368e+06 1.39976e+06 1.4058e+06 1.41102e+06 1.41656e+06 1.42222e+06 1.42819e+06 1.43321e+06 1.43853e+06 1.44404e+06 1.44992e+06 1.45522e+06 1.46011e+06 1.46501e+06 1.47008e+06 1.48005e+06 1.47928e+06 1.48401e+06 1.48915e+06 1.50002e+06 1.49971e+06 1.50492e+06 1.51062e+06 1.52234e+06 1.52779e+06 1.52818e+06 1.53375e+06 1.54458e+06 1.5504e+06 1.55511e+06 1.55583e+06 1.56541e+06 1.57443e+06 1.57522e+06 1.57948e+06 1.57926e+06 1.58336e+06 1.58778e+06 1.59269e+06 1.60258e+06 1.60245e+06 1.60763e+06 1.61347e+06 1.62496e+06 1.63029e+06 1.63126e+06 1.63666e+06 1.64667e+06 1.65187e+06 1.65632e+06 1.65741e+06 1.66162e+06 1.66609e+06 1.67081e+06 1.67954e+06 1.68008e+06 1.68411e+06 1.68846e+06 1.69775e+06 1.70217e+06 1.70636e+06 1.70686e+06 1.71149e+06 1.7167e+06 1.7225e+06 1.72872e+06 1.73376e+06 1.73792e+06 1.74214e+06 1.75096e+06 1.75469e+06 1.75819e+06 1.75881e+06 1.76198e+06 1.76521e+06 1.76874e+06 1.7727e+06 1.77989e+06 1.77973e+06 1.78345e+06 1.79223e+06 1.79962e+06 1.80128e+06 1.80542e+06 1.80626e+06 1.81001e+06 1.81409e+06 1.82256e+06 1.8267e+06 1.83047e+06 1.83151e+06 1.83491e+06 1.83844e+06 1.8423e+06 1.85108e+06 1.85506e+06 1.8593e+06 1.86083e+06 1.86455e+06 1.86815e+06 1.87205e+06 1.87976e+06 1.88347e+06 1.88482e+06 1.88861e+06 1.89191e+06 1.89538e+06 1.8991e+06 1.90695e+06 1.91088e+06 1.91508e+06 1.91727e+06 1.92083e+06 1.92447e+06 1.92839e+06 1.9354e+06 1.93938e+06 1.94342e+06 1.94684e+06 1.95053e+06 1.95474e+06 1.95933e+06 1.96358e+06 1.96758e+06 1.97164e+06 1.97758e+06 1.97917e+06 1.98229e+06 1.98524e+06 1.9878e+06 1.99069e+06 1.99379e+06 1.99915e+06 2.00198e+06 2.00321e+06 2.00644e+06 2.01003e+06 2.01351e+06 2.01683e+06 2.01966e+06 2.02276e+06 2.02603e+06 2.03093e+06 2.03224e+06 2.03502e+06 2.03814e+06 2.04144e+06 2.04464e+06 2.04763e+06 2.05035e+06 2.05326e+06 2.0578e+06 2.06047e+06 2.06177e+06 2.06436e+06 2.06729e+06 2.07023e+06 2.0731e+06 2.07567e+06 2.07811e+06 2.08061e+06 2.08432e+06 2.08664e+06 2.08895e+06 2.09007e+06 2.09249e+06 2.09491e+06 2.09721e+06 2.09918e+06 2.10112e+06 2.10312e+06 2.10518e+06 2.10725e+06 2.10925e+06 2.11216e+06 2.114e+06 2.11481e+06 2.11652e+06 2.11819e+06 2.11984e+06 2.12162e+06 2.12348e+06 2.12536e+06 2.12713e+06 2.12874e+06 2.13031e+06 2.1328e+06 2.13424e+06 2.13576e+06 2.13728e+06 2.13884e+06 2.13939e+06 2.14093e+06 2.14223e+06 2.14353e+06 2.14481e+06 2.14614e+06 2.14747e+06 2.14881e+06 2.14994e+06 2.15095e+06 2.15194e+06 2.15302e+06 2.15415e+06 2.15526e+06 2.15686e+06 2.15773e+06 2.15861e+06 2.15954e+06 2.16038e+06 2.16124e+06 2.16208e+06 2.16174e+06 2.16246e+06 2.16319e+06 2.16382e+06 2.16445e+06 2.16508e+06 2.16573e+06 2.16637e+06 2.16701e+06 2.16754e+06 2.16804e+06 2.16854e+06 2.16895e+06 2.16932e+06 2.1697e+06 2.17006e+06 2.17042e+06 2.17077e+06 2.17112e+06 2.17147e+06 2.17183e+06 2.17213e+06 2.17238e+06 2.17263e+06 2.17288e+06 2.17312e+06 2.17337e+06 2.17358e+06 2.17372e+06 2.17385e+06 2.17399e+06 2.17418e+06 2.17437e+06 2.17453e+06 2.17445e+06 2.17436e+06 2.17428e+06 2.17431e+06 2.17433e+06 2.17435e+06 2.17421e+06 2.17405e+06 2.17389e+06 2.1738e+06 2.17372e+06 2.17363e+06 2.17337e+06 2.17306e+06 2.17275e+06 2.1725e+06 2.17226e+06 2.17202e+06 2.17153e+06 2.17089e+06 2.17024e+06 2.16971e+06 2.16925e+06 2.16879e+06 2.16806e+06 2.16703e+06 2.16599e+06 2.16505e+06 2.16421e+06 2.16336e+06 2.16244e+06 2.16139e+06 2.16032e+06 2.15922e+06 2.15783e+06 2.15645e+06 2.15504e+06 2.15377e+06 2.15247e+06 2.1512e+06 2.14956e+06 2.14792e+06 2.1478e+06 2.14594e+06 2.14404e+06 2.14219e+06 2.14022e+06 2.13834e+06 2.13646e+06 2.13307e+06 2.13071e+06 2.12835e+06 2.12594e+06 2.12359e+06 2.12121e+06 2.11861e+06 2.11557e+06 2.11255e+06 2.10952e+06 2.10665e+06 2.10376e+06 2.10084e+06 2.09732e+06 2.09532e+06 2.09176e+06 2.08827e+06 2.08474e+06 2.08134e+06 2.07514e+06 2.07173e+06 2.06837e+06 2.06436e+06 2.05998e+06 2.05564e+06 2.05152e+06 2.04771e+06 2.04388e+06 2.03988e+06 2.03698e+06 2.03258e+06 2.02495e+06 2.02018e+06 2.01537e+06 2.01071e+06 2.00625e+06 2.00209e+06 1.9981e+06 1.99336e+06 1.98838e+06 1.98343e+06 1.98119e+06 1.97666e+06 1.97211e+06 1.96393e+06 1.95925e+06 1.95487e+06 1.95032e+06 1.94505e+06 1.93966e+06 1.93435e+06 1.92969e+06 1.92758e+06 1.92282e+06 1.91431e+06 1.90904e+06 1.90405e+06 1.89863e+06 1.89296e+06 1.88717e+06 1.88176e+06 1.87707e+06 1.87556e+06 1.86692e+06 1.86134e+06 1.85586e+06 1.85066e+06 1.84505e+06 1.83934e+06 1.83346e+06 1.8282e+06 1.82758e+06 1.82301e+06 1.81346e+06 1.80856e+06 1.80392e+06 1.7997e+06 1.79526e+06 1.79086e+06 1.78975e+06 1.78046e+06 1.77465e+06 1.76889e+06 1.76279e+06 1.75636e+06 1.75028e+06 1.74477e+06 1.74251e+06 1.73708e+06 1.73192e+06 1.72101e+06 1.71591e+06 1.71112e+06 1.70637e+06 1.70486e+06 1.69883e+06 1.69298e+06 1.67956e+06 1.67378e+06 1.66845e+06 1.66348e+06 1.65785e+06 1.65711e+06 1.65154e+06 1.63925e+06 1.63362e+06 1.62848e+06 1.62326e+06 1.62226e+06 1.61633e+06 1.61072e+06 1.59685e+06 1.5914e+06 1.58645e+06 1.58182e+06 1.58234e+06 1.57747e+06 1.57209e+06 1.55898e+06 1.55375e+06 1.54905e+06 1.5499e+06 1.54463e+06 1.54423e+06 1.53265e+06 1.51856e+06 1.51362e+06 1.51602e+06 1.50493e+06 1.50077e+06 1.49726e+06 1.4943e+06 1.49145e+06 1.49342e+06 1.49033e+06 1.48633e+06 1.47404e+06 1.46902e+06 1.46416e+06 1.45784e+06 1.44953e+06 1.44185e+06 1.43506e+06 1.42909e+06 1.42953e+06 1.42448e+06 1.41926e+06 1.40574e+06 1.40052e+06 1.3959e+06 1.39755e+06 1.38643e+06 1.38196e+06 1.37796e+06 1.37433e+06 1.37508e+06 1.37098e+06 1.36533e+06 1.35231e+06 1.3454e+06 1.34443e+06 1.33747e+06 1.32152e+06 1.31349e+06 1.30638e+06 1.30735e+06 1.2942e+06 1.28923e+06 1.28514e+06 1.28178e+06 1.28386e+06 1.27988e+06 1.28067e+06 1.27057e+06 1.25991e+06 1.26012e+06 1.2551e+06 1.24805e+06 1.23446e+06 1.22735e+06 1.22671e+06 1.21943e+06 1.20376e+06 1.19565e+06 1.18803e+06 1.18777e+06 1.1725e+06 1.16545e+06 1.15909e+06 1.16105e+06 1.14823e+06 1.14318e+06 1.13834e+06 1.13354e+06 1.12815e+06 1.1218e+06 1.11573e+06 1.10974e+06 1.10396e+06 1.09724e+06 1.09101e+06 1.08506e+06 1.07958e+06 1.07323e+06 1.06658e+06 1.05994e+06 1.05351e+06 1.04637e+06 1.03815e+06 1.03031e+06 1.02313e+06 1.01636e+06 1.01133e+06 1.00657e+06 1.00225e+06 998225 994457 990589 986929 983356 985971 975055 970889 966805 969897 957817 952841 947759 950306 944531 927760 920643 923473 916951 911583 896309 901174 906689 891787 887429 872369 866623 861053 855473 861680 846712 843002 839340 845907 841996 827282 823225 830060 826524 823160 809124 803852 798211 792835 800145 782963 778494 774203 782200 779974 779930 768325 765719 761043 756844 753256 752349 751995 751109 766090 763508 762856 755110 752064 747896 745001 743278 752996 736739 733866 745929 755656 744792 743491 730019 724803 720267 730375 727556 725727 717244 712794 707691 703622 711934 708693 705652 694823 689621 684049 679189 687086 684060 675559 673821 670023 666252 663363 671860 669864 668077 658350 653815 649717 646159 655171 652624 649845 641423 637030 632806 628888 622536 616371 610873 614382 601627 596766 592071 587434 583181 579446 587147 585787 576744 574019 570277 566977 564008 561393 558987 556864 562351 554053 551181 547581 543804 540395 537179 534253 531595 535987 532922 525101 522097 518299 514637 511271 507877 504752 501876 506734 504546 502436 495392 491550 487903 484657 482201 479880 477617 474250 471103 468355 471985 468328 460754 456710 452446 448352 443944 439277 434666 429911 424315 419025 421793 417513 413225 409048 404102 392728 387337 382858 378457 374140 369641 365199 360718 356916 353413 349902 345813 341370 336998 341127 337857 334597 331201 328030 324769 321577 311909 307681 303463 299939 296360 292840 289210 285635 281999 278911 275842 272794 269656 266553 263388 260572 257859 255163 252406 249689 246917 244352 241926 239520 237092 234753 232364 229981 227497 225045 222593 220347 218045 215769 213479 211210 208900 206858 204766 202693 200631 198589 196496 194610 192704 190816 188920 187049 185130 183157 181102 179060 176996 174973 172908 170830 168672 166537 164388 162313 160202 158082 155842 153629 151379 149182 146949 144731 142370 140037 137660 135352 133001 130683 128515 126397 129082 126840 124535 122278 120248 118309 116344 113165 111309 109356 107385 105479 103456 101461 99467 97425 95339.2 93403.9 91382.9 89381 87537 89825.8 88038.9 86496.7 84936.5 83438.6 81047.6 79735.9 78276.4 76714.3 74961.8 73067.6 71688.6 70923 70271 95551.1 150357 206009 332579 479570 624225 753587 750039 746111 741665 740259 739454 738850 728545 725344 721601 716581 711576 707192 703172 699154 695140 691255 687203 682041 678469 675958 673731 671626 669499 667413 665349 662947 659615 656122 653447 651577 649665 647772 645786 643723 641516 639396 637805 635826 633651 633140 632671 632260 631758 631203 631696 630720 630777 630790 630824 631104 631383 631652 632352 632804 633357 634068 635088 636073 637040 637992 638796 639837 641577 643223 644821 646218 647272 648183 649381 650559 651844 653076 654139 654801 655519 656203 656767 657411 658058 658583 658856 659150 659433 659778 660088 660398 660553 660747 660843 661026 661052 661257 661574 661688 661990 662325 662703 663006 663212 663459 663868 664596 665095 665572 666183 667156 668137 669094 669891 670276 670858 671491 672084 672645 673170 673541 673906 674095 674234 674308 674211 674162 674035 673823 673651 673526 673322 672841 672501 672173 671943 671412 670878 670316 669710 669164 668493 667998 667147 666329 665807 665120 664334 663437 662684 662079 661450 660527 659881 659243 658878 657998 657312 656589 656004 654828 653791 652757 651693 650536 649198 647869 646504 645140 643665 642239 640816 639441 638045 636682 635325 634016 632631 631091 629488 627877 626202 624217 622172 620141 618056 615946 613744 611580 609383 607775 605174 603279 601438 600274 597850 596062 594309 593288 591563 589136 587333 586201 584356 582399 579539 578482 577326 574706 572776 570141 567840 565614 563389 562206 558694 556453 554318 553714 551741 548799 546979 546395 544860 543451 541226 539682 538115 536614 536122 533382 531762 530310 530506 529322 528239 526175 524978 523735 522567 521514 520715 519622 518437 517125 515980 515002 514223 508740 495534 478224 456258 412893 349336 297577 265016 249178 242589 243911 242908 245660 248292 253355 255440 257460 256563 259304 262388 265398 270973 273283 275560 275429 278173 281104 284160 289666 292231 292534 295160 297985 301010 304127 310323 312556 314684 314960 316817 318753 320857 325512 327678 329966 330212 332790 335539 338369 340145 341453 342605 345289 345707 347454 349452 351561 353832 356189 360968 363095 362852 365326 368110 370810 373561 376406 379293 382131 386462 387405 389948 392767 395759 398719 401536 404055 406639 410577 412711 413690 415763 418026 420331 422597 424449 426163 427968 431080 432489 433920 434490 436051 437630 439120 440259 441458 442754 444195 445609 446943 448874 449955 450547 451536 452501 453459 454444 455413 456389 457324 458208 459052 460271 460719 461145 461571 462169 462496 463140 463326 463434 463539 463660 463776 463883 463746 463437 463129 462781 462367 461902 461238 460202 459205 458172 456852 455491 454156 451791 449815 447794 446341 444866 443418 442031 440701 439377 437928 436423 434944 433270 431561 429825 427928 425892 423889 421918 420034 418121 416134 413990 411878 409691 407477 405226 402984 400630 398310 395900 393349 390756 388281 386327 384403 382411 379709 
        </DataArray>
        <DataArray type="Float64" Name="Temperature" format="ascii">
870.002 868.318 867.107 865.948 864.779 863.289 861.735 860.217 858.825 857.5 856.158 854.868 853.576 852.313 851.073 849.884 848.685 847.472 846.207 844.969 843.766 842.648 841.524 840.384 839.146 837.932 836.745 835.707 834.662 833.615 832.406 831.21 830.003 828.987 827.957 826.947 825.778 824.615 820.275 819.227 818.144 817.079 816.061 815.073 814.06 813.13 811.862 810.641 809.429 808.271 807.13 806.027 804.914 803.848 802.831 801.961 801.129 800.359 799.591 797.913 797.107 796.37 795.653 795.006 793.926 793.2 792.496 791.727 790.929 790.167 789.528 789.039 788.609 788.177 787.203 786.633 785.971 785.283 784.609 783.973 783.394 782.863 782.365 781.903 781.491 781.145 780.682 780.295 779.968 779.273 778.856 778.479 778.118 777.763 777.441 777.174 777.233 777.407 777.458 777.291 777.25 777.241 777.248 777.279 777.351 777.525 777.901 778.278 778.523 778.943 779.428 779.962 780.567 781.204 781.891 782.714 783.764 784.727 785.417 786.729 788.105 789.5 790.827 792.084 794.009 794.459 795.526 796.621 797.805 799.071 800.352 801.605 802.926 803.87 804.783 805.207 806.432 807.717 809.106 810.933 812.393 814.01 815.424 817.778 820.297 822.823 825.191 827.849 830.105 831.713 833.593 835.4 836.912 837.805 838.703 839.317 839.597 839.956 840.337 840.655 840.756 840.944 841.165 841.405 841.694 842.002 842.372 842.762 843.218 843.635 844.078 844.732 845.557 846.233 847.194 848.162 849.169 850.212 851.469 852.563 853.729 854.862 856.099 857.332 858.666 860.108 861.557 862.967 864.358 865.761 867.13 868.483 869.826 871.14 872.446 873.754 875.015 876.247 877.476 878.646 879.735 880.819 881.905 882.954 883.932 884.86 885.781 886.659 887.526 888.346 889.221 889.985 890.849 891.696 892.553 893.538 894.448 895.498 896.364 897.24 898.338 899.3 900.785 902.922 905.455 908.057 913.893 927.511 942.553 959.822 982.618 1014.97 1047.14 1077.35 1100.73 1120.3 1128.11 1133.88 1137.79 1139.11 1139 1138.64 1138 1137.06 1135.29 1133.21 1130.74 1127.97 1131.49 1130.05 1128.62 1127.31 1127.48 1126.15 1125.69 1126.11 1127.42 1139.62 1152.17 1164.4 1176.7 1182.38 1183.59 1183.69 1182.71 1179.97 1176.41 1173.3 1170.48 1169.66 1167.7 1167.67 1167.46 1168.43 1168.2 1166.47 1166.16 1167.19 1165.41 1163.25 1166.68 1164.76 1142.44 1124.4 1008.99 954.256 704.476 523.766 405.991 375.823 366.126 368.652 370.268 373.734 375.768 375.043 376.8 380.283 381.405 383.262 379.935 382.77 385.295 387.072 392.23 390.674 393.303 395.225 398.799 400.466 402.508 399.631 402.108 404.584 406.426 407.577 409.937 412.65 414.719 418.129 419.8 422.071 419.097 421.857 424.771 426.978 428.555 433.809 433.291 435.487 439.395 445.12 442.174 444.029 442.266 445.015 447.231 451.094 452.606 454.374 451.816 454.247 456.669 458.523 462.233 464.138 466.187 463.616 466.214 468.652 470.593 474.623 476.422 474.252 476.086 478.434 480.6 482.276 485.941 487.912 489.932 487.923 490.579 492.822 494.656 498.051 500.145 502.178 499.149 501.69 504.108 506.325 508.971 511.325 513.308 519.697 517.113 519.381 521.64 524.805 527.885 530.779 534.628 535.001 534.698 535.599 536.921 543.485 545.09 546.597 548.108 549.758 551.481 553.031 554.512 555.832 557.078 564.825 566.547 553.191 553.08 557.855 559.978 557.573 559.901 562.208 564.401 566.403 568.634 570.663 572.407 576.462 578.301 580.099 577.302 579.474 581.605 583.66 585.878 587.91 589.825 591.808 593.549 594.975 599.059 600.654 597.856 599.704 601.75 603.709 605.787 607.905 609.927 611.842 613.754 615.437 618.864 620.371 621.957 623.543 625.452 622.699 624.665 626.744 628.848 630.879 633.009 635.077 637.106 639.058 640.982 642.795 644.65 646.44 648.102 651.302 652.716 654.11 655.58 657.336 659.123 660.851 658.414 659.955 661.531 663.273 665.037 666.766 668.57 670.332 672.106 673.755 675.414 677.044 678.733 680.389 682.052 683.648 685.251 686.824 688.499 690.199 691.91 693.556 695.191 696.791 698.457 700.159 701.869 703.499 705.056 706.575 708.113 709.639 711.183 712.718 714.447 716.137 717.843 719.454 721.083 722.677 724.487 726.267 728.069 729.774 731.488 733.164 734.973 736.778 738.61 740.267 741.886 743.475 745.054 746.577 748.112 749.715 751.434 753.122 754.769 756.296 757.832 759.434 761.254 763.039 764.816 766.459 768.107 769.776 771.82 773.829 775.862 777.773 779.712 781.614 783.982 786.366 791.939 793.518 795.136 796.715 798.37 799.956 801.545 799.774 802.088 804.433 806.522 808.253 809.978 811.847 814.047 816.221 818.367 820.293 822.241 824.21 826.596 831.905 834.023 835.579 837.142 838.679 837.032 838.847 840.723 842.517 844.331 846.133 847.828 849.394 851 852.514 856.875 858.295 856.226 857.948 859.807 861.711 863.143 864.527 865.908 867.808 869.901 872.051 875.984 877.149 878.308 876.652 878.215 879.784 881.442 883.18 884.977 886.761 888.304 892.585 894.116 892.57 893.949 895.329 897.003 898.86 900.778 902.596 904.248 908.662 907.408 908.923 910.497 912.079 914.041 916.144 918.372 920.085 923.341 924.46 923.24 924.892 926.619 928.366 930.408 932.476 937.209 936.544 938.677 940.892 943.081 944.556 946.079 947.6 950.707 951.889 953.066 951.562 953.235 954.966 956.776 960.629 962.007 963.299 961.97 963.256 964.663 966.039 967.119 970.167 971.603 970.692 972.613 974.58 976.525 980.501 982.226 983.73 982.824 984.218 985.7 987.058 989.945 991.017 992.488 991.684 993.566 995.486 999.668 1001.39 1005.29 1004.69 1004.03 1005.47 1008.99 1008.52 1010.09 1011.69 1013.36 1014.85 1017.61 1018.91 1020.26 1019.54 1020.84 1022.15 1023.64 1025.8 1028.07 1030.4 1032.29 1035.11 1036.35 1037.15 1035.97 1036.52 1037.11 1039.69 1038.82 1039.96 1041.19 1042.45 1045.62 1046.94 1048.29 1047.93 1049.28 1052.26 1053.6 1052.65 1053.57 1054.48 1058.29 1057.81 1060.62 1063.32 1065.99 1068.89 1070.15 1073.24 1072.96 1072.51 1075.9 1077.11 1078.29 1077.72 1079.06 1082.25 1083.59 1083.49 1084.97 1086.46 1089.37 1089.44 1090.84 1092.24 1094.88 1095.02 1096.24 1097.45 1098.68 1099.78 1100.72 1101.63 1102.55 1103.43 1104.33 1105.32 1106.42 1107.61 1108.83 1110.07 1111.4 1112.79 1114.16 1115.35 1116.6 1117.88 1119.23 1120.35 1121.54 1122.77 1124.08 1125.27 1126.35 1127.43 1128.55 1130.75 1130.59 1131.63 1132.75 1135.13 1135.07 1136.21 1137.45 1139.97 1141.16 1141.25 1142.45 1144.76 1145.99 1147.01 1147.16 1149.19 1151.13 1151.24 1152.15 1152.08 1152.95 1153.88 1154.89 1156.97 1156.92 1157.99 1159.18 1161.54 1162.63 1162.8 1163.89 1165.92 1166.97 1167.88 1168.06 1168.91 1169.81 1170.75 1172.52 1172.6 1173.41 1174.27 1176.12 1177 1177.84 1177.9 1178.82 1179.85 1180.99 1182.2 1183.18 1184 1184.81 1186.53 1187.26 1187.96 1188.02 1188.65 1189.29 1189.97 1190.73 1192.15 1192.11 1192.83 1194.51 1196.01 1196.25 1197.04 1197.17 1197.9 1198.68 1200.28 1201.07 1201.8 1201.96 1202.61 1203.28 1204 1205.64 1206.4 1207.21 1207.45 1208.15 1208.83 1209.55 1210.99 1211.7 1211.89 1212.6 1213.22 1213.86 1214.53 1215.97 1216.72 1217.5 1217.8 1218.46 1219.11 1219.8 1221.05 1221.81 1222.57 1222.98 1223.68 1224.45 1225.27 1226.02 1226.71 1227.39 1228.58 1228.75 1229.33 1229.86 1230.31 1230.81 1231.33 1232.37 1232.91 1232.91 1233.53 1234.2 1234.83 1235.42 1235.92 1236.46 1237.02 1238.09 1238.1 1238.63 1239.22 1239.83 1240.41 1240.93 1241.41 1241.91 1242.86 1243.37 1243.43 1243.92 1244.47 1245.01 1245.51 1245.96 1246.38 1246.8 1247.55 1248 1248.43 1248.44 1248.91 1249.37 1249.79 1250.15 1250.5 1250.84 1251.2 1251.55 1251.89 1252.55 1252.9 1252.86 1253.2 1253.53 1253.85 1254.17 1254.51 1254.85 1255.16 1255.44 1255.71 1256.19 1256.48 1256.78 1257.07 1257.38 1257.24 1257.55 1257.82 1258.08 1258.34 1258.6 1258.86 1259.11 1259.33 1259.52 1259.7 1259.9 1260.11 1260.31 1260.68 1260.87 1261.05 1261.25 1261.42 1261.59 1261.76 1261.45 1261.6 1261.75 1261.88 1262.02 1262.14 1262.27 1262.4 1262.53 1262.63 1262.72 1262.82 1262.89 1262.96 1263.02 1263.08 1263.15 1263.21 1263.27 1263.31 1263.36 1263.41 1263.47 1263.52 1263.58 1263.63 1263.67 1263.72 1263.75 1263.77 1263.8 1263.85 1263.89 1263.93 1263.92 1263.91 1263.91 1263.92 1263.94 1263.95 1263.94 1263.92 1263.9 1263.9 1263.9 1263.9 1263.87 1263.83 1263.79 1263.76 1263.73 1263.7 1263.63 1263.53 1263.43 1263.35 1263.29 1263.22 1263.1 1262.94 1262.77 1262.61 1262.47 1262.33 1262.18 1262 1261.82 1261.64 1261.4 1261.16 1260.92 1260.71 1260.48 1260.26 1259.98 1259.71 1259.83 1259.51 1259.19 1258.87 1258.53 1258.21 1257.88 1257.28 1256.89 1256.5 1256.09 1255.7 1255.3 1254.85 1254.34 1253.82 1253.3 1252.8 1252.3 1251.79 1251.17 1250.92 1250.3 1249.69 1249.08 1248.48 1247.41 1246.82 1246.25 1245.56 1244.8 1244.04 1243.32 1242.65 1241.97 1241.26 1240.82 1240.04 1238.66 1237.83 1236.99 1236.18 1235.4 1234.66 1233.96 1233.11 1232.22 1231.33 1230.97 1230.15 1229.32 1227.83 1227 1226.22 1225.4 1224.45 1223.47 1222.5 1221.64 1221.3 1220.42 1218.82 1217.86 1216.95 1215.95 1214.91 1213.83 1212.82 1211.93 1211.72 1210.03 1209 1207.98 1207.01 1205.96 1204.88 1203.75 1202.74 1202.71 1201.83 1199.98 1199.06 1198.18 1197.38 1196.52 1195.65 1195.48 1193.63 1192.53 1191.42 1190.24 1189 1187.81 1186.71 1186.37 1185.29 1184.24 1182.11 1181.11 1180.16 1179.2 1178.95 1177.75 1176.56 1173.88 1172.73 1171.66 1170.65 1169.5 1169.36 1168.21 1165.71 1164.57 1163.51 1162.44 1162.24 1161 1159.83 1156.97 1155.84 1154.81 1153.84 1153.95 1152.91 1151.76 1149.01 1147.91 1146.91 1147.1 1145.97 1145.93 1143.4 1140.39 1139.33 1139.84 1137.43 1136.52 1135.76 1135.11 1134.48 1134.91 1134.21 1133.35 1130.65 1129.55 1128.47 1127.07 1125.25 1123.54 1122.02 1120.68 1120.85 1119.69 1118.5 1115.44 1114.26 1113.19 1113.61 1111.01 1109.98 1109.04 1108.18 1108.41 1107.43 1106.11 1103.08 1101.46 1101.24 1099.59 1095.8 1093.9 1092.21 1092.44 1089.27 1088.06 1087.06 1086.24 1086.74 1085.74 1085.97 1083.45 1080.84 1080.88 1079.62 1077.88 1074.5 1072.73 1072.57 1070.75 1066.78 1064.73 1062.79 1062.71 1058.78 1056.95 1055.3 1055.8 1052.45 1051.11 1049.83 1048.56 1047.12 1045.42 1043.79 1042.18 1040.63 1038.79 1037.09 1035.47 1033.97 1032.21 1030.37 1028.52 1026.73 1024.74 1022.41 1020.19 1018.14 1016.21 1014.76 1013.38 1012.12 1010.95 1009.84 1008.7 1007.62 1006.57 1007.31 1004.1 1002.85 1001.64 1002.53 998.939 997.443 995.916 996.659 994.921 989.823 987.647 988.483 986.482 984.808 980.064 981.566 983.274 978.607 977.228 972.459 970.598 968.801 967.009 969.012 964.154 962.936 961.74 963.893 962.611 957.75 956.412 958.684 957.511 956.385 951.702 949.903 947.978 946.155 948.65 942.771 941.213 939.729 942.513 941.751 941.731 937.703 936.769 935.108 933.644 932.425 932.109 931.962 931.646 936.964 936.104 935.899 933.135 932.048 930.557 929.527 928.922 932.41 926.573 925.548 929.911 933.411 929.533 929.076 924.21 922.305 920.661 924.372 923.364 922.699 919.603 917.949 916.052 914.548 917.648 916.451 915.317 911.284 909.301 907.174 905.332 908.357 907.214 903.971 903.303 901.822 900.354 899.237 902.534 901.758 901.062 897.301 895.499 893.88 892.485 896.056 895.049 893.953 890.629 888.865 887.173 885.607 883.011 880.495 878.265 879.742 874.438 872.416 870.461 868.482 866.678 865.106 868.419 867.842 863.992 862.814 861.192 859.769 858.487 857.333 856.284 855.373 857.796 854.149 852.884 851.277 849.586 848.064 846.616 845.284 844.083 846.093 844.698 841.132 839.758 837.99 836.289 834.73 833.128 831.651 830.3 832.609 831.568 830.566 827.225 825.377 823.626 822.067 820.862 819.729 818.629 816.965 815.42 814.084 815.884 814.06 810.314 808.267 806.093 804.011 801.746 799.321 796.93 794.445 791.463 788.655 790.164 787.845 785.514 783.249 780.516 774.238 771.231 768.649 766.101 763.612 760.965 758.337 755.695 753.419 751.293 749.171 746.667 743.915 741.217 743.791 741.723 739.668 737.531 735.493 733.402 731.359 725.098 722.305 719.519 717.097 714.644 712.238 709.694 707.188 704.646 702.428 700.215 698.022 695.725 693.442 691.118 689.014 686.967 684.936 682.834 680.74 678.607 676.614 674.704 672.812 670.888 669.009 667.093 665.171 663.141 661.139 659.126 657.244 655.317 653.408 651.454 649.52 647.549 645.773 643.955 642.153 640.304 638.47 636.591 634.865 633.118 631.385 629.616 627.86 626.06 624.176 622.202 620.237 618.224 616.235 614.201 612.127 609.948 607.788 605.594 603.446 601.257 599.035 596.648 594.284 591.856 589.436 586.967 584.498 581.809 579.144 576.416 573.695 570.914 568.164 565.517 562.92 565.641 562.859 559.986 557.162 554.56 552.06 549.514 545.4 542.806 540.084 537.276 534.498 531.547 528.597 525.586 522.497 519.312 516.283 513.111 509.951 506.973 510.208 507.329 504.802 502.23 499.739 495.74 493.405 490.813 487.933 484.661 481.127 478.592 477.229 476.08 538.862 677.319 815.991 1017.05 1131.61 1243.38 1342.77 1346.6 1350.85 1355.68 1360.72 1366.62 1373.25 1375.44 1375.69 1376.24 1370.22 1361.05 1353.17 1346.77 1341.9 1336.76 1331.64 1329.64 1319.11 1317.04 1321.68 1319.16 1317.69 1315.89 1314.04 1313.05 1313.15 1313.9 1302.23 1309.36 1301.71 1293.75 1285.74 1280.32 1275.92 1271.6 1270.16 1271.69 1273.32 1273.8 1271.82 1270.59 1270.18 1269.18 1267.77 1263.67 1266.39 1268.11 1269.53 1270.66 1271.46 1272.17 1272.75 1272.98 1273.33 1273.72 1274.14 1274.68 1275.23 1275.79 1276.17 1276.64 1277.22 1278.14 1278.92 1279.67 1280.21 1280.23 1279.91 1279.88 1279.96 1279.9 1279.88 1280.05 1280.55 1281.04 1282.21 1283.57 1285.69 1287.95 1290.74 1296.04 1299.69 1302.94 1304.81 1306.46 1307.57 1306.2 1303.2 1299.5 1296.25 1292.97 1290.2 1287.1 1285.84 1286.13 1286.74 1287.69 1288.58 1289.07 1289.6 1290.01 1289.52 1288.23 1286.29 1280.39 1267.8 1254.63 1241.31 1228.44 1219.19 1208.77 1203.03 1200.47 1198.98 1197.92 1197.48 1196.99 1196.45 1195.72 1194.72 1193.32 1191.51 1189.13 1185.47 1182.38 1180.14 1176.74 1171.68 1167.77 1163.78 1161.14 1155.33 1150.86 1146.35 1141.65 1138.73 1133.95 1131.55 1125.24 1119.52 1117.16 1113.07 1109.54 1104.87 1101.5 1099.53 1096.36 1092.22 1089.2 1086.1 1084.31 1080.1 1077.11 1074.04 1072.2 1068.18 1065.69 1063.23 1060.73 1058.66 1057.12 1055.66 1054.23 1052.89 1052.03 1051.21 1050.42 1049.67 1049.04 1048.52 1048.05 1047.65 1047.29 1046.9 1046.45 1045.94 1045.36 1044.42 1043.37 1042.26 1041.04 1039.6 1037.99 1036.33 1034.56 1033.51 1031.24 1029.72 1028.17 1027.34 1025.22 1023.84 1022.41 1021.65 1020.26 1018.2 1016.76 1015.95 1014.42 1012.95 1010.62 1009.87 1009.1 1006.76 1005.2 1002.9 1001.17 999.452 997.694 996.729 993.999 992.194 990.421 989.635 987.859 985.434 983.772 982.983 981.393 979.812 977.838 976.289 974.756 973.308 972.318 970.323 968.812 967.499 967.161 965.935 964.742 963.529 962.404 961.326 960.364 959.547 958.77 957.833 956.969 956.068 955.122 954.213 953.806 950.773 943.455 933.913 921.842 894.875 846.203 807.036 779.589 765.192 760.262 761.535 761.135 763.456 765.757 770.2 771.904 773.448 773.113 775.307 777.827 780.369 784.974 786.697 788.408 788.808 790.927 793.242 795.751 800.003 801.825 802.713 804.629 806.698 808.996 811.48 816.046 817.49 818.926 819.987 821.212 822.645 824.362 827.794 829.044 830.47 832.051 833.642 835.462 837.45 838.742 839.836 840.978 842.284 843.192 844.254 845.597 847.067 848.737 850.55 853.292 854.482 855.62 857.039 858.703 860.409 862.212 864.065 866.038 868.066 869.663 871.583 873.026 874.653 876.437 878.285 880.061 881.644 883.344 884.872 886.077 887.841 888.987 890.207 891.553 892.983 894.187 895.345 896.623 897.889 898.551 899.305 901.182 901.905 902.728 903.571 904.175 904.917 905.821 906.792 907.8 908.814 908.825 909.332 911.641 912.004 912.372 912.81 913.283 913.762 914.333 914.948 915.565 916.23 916.493 916.632 916.754 916.89 917.116 920.023 920.256 920.186 920.091 920.032 919.98 919.958 919.978 919.851 919.65 919.516 919.409 919.316 919.269 918.163 917.664 917.173 916.651 915.926 915.167 914.413 916.238 915.182 914.091 913.323 912.532 911.747 910.951 910.178 909.404 908.511 907.575 906.654 905.59 904.501 903.4 902.165 900.829 899.523 898.226 896.98 895.727 894.428 893.027 891.659 890.266 888.888 887.498 886.116 884.657 883.229 881.752 880.183 878.598 877.09 875.861 874.661 873.427 871.723 
        </DataArray>
        <DataArray type="Float64" Name="Tau1" format="ascii">
0 0 0 0 0 0 0 0 0 0 0 0 0 0 0 0 0 0 0 0 0 0 0 0 0 0 0 0 0 0 0 0 0 0 0 0 0 0 0 0 0 0 0 0 0 0 0 0 0 0 0 0 0 0 0 0 0 0 0 0 0 0 0 0 0 0 0 0 0 0 0 0 0 0 0 0 0 0 0 0 0 0 0 0 0 0 0 0 0 0 0 0 0 0 0 0 0 0 0 0 0 0 0 0 0 0 0 0 0 0 0 0 0 0 0 0 0 0 0 0 0 0 0 0 0 0 0 0 0 0 0 0 0 0 0 0 0 0 0 0 0 0 0 0 0 0 0 0 0 0 0 0 0 0 0 0 0 0 0 0 0 0 0 0 0 0 0 0 0 0 0 0 0 0 0 0 0 0 0 0 0 0 0 0 0 0 0 0 0 0 0 0 0 0 0 0 0 0 0 0 0 0 0 0 0 0 0 0 0 0 0 0 0 0 0 0 0 0 0 0 0 0 0 0 0 0 0 0 0 0 0 0 0 0 0 0 0 0 0 0 0 0 0 0 0 0 0 0 0 0 0 0 0 0 0 0 0 0 0 0 0 0 0 0 0 0 0 0 0 0 0 0 0 0 0 0 0 0 0 0 0 0 0 0 0 0 0 0 0 0 0 0 0 0 0 0 0 0 0 0 0 0 0 0 0 0 0 0 0 0 0 0 0 0 0 0 0 0 0 0 0 0 0 0 0 0 0 0 0 0 0 0 0 0 0 0 0 0 0 0 0 0 0 0 0 0 0 0 0 0 0 0 0 0 0 0 0 0 0 0 0 0 0 0 0 0 0 0 0 0 0 0 0 0 0 0 0 0 0 0 0 0 0 0 0 0 0 0 0 0 0 0 0 0 0 0 0 0 0 0 0 0 0 0 0 0 0 0 0 0 0 0 0 0 0 0 0 0 0 0 0 0 0 0 0 0 0 0 0 0 0 0 0 0 0 0 0 0 0 0 0 0 0 0 0 0 0 0 0 0 0 0 0 0 0 0 0 0 0 0 0 0 0 0 0 0 0 0 0 0 0 0 0 0 0 0 0 0 0 0 0 0 0 0 0 0 0 0 0 0 0 0 0 0 0 0 0 0 0 0 0 0 0 0 0 0 0 0 0 0 0 0 0 0 0 0 0 0 0 0 0 0 0 0 0 0 0 0 0 0 0 0 0 0 0 0 0 0 0 0 0 0 0 0 0 0 0 0 0 0 0 0 0 0 0 0 0 0 0 0 0 0 0 0 0 0 0 0 0 0 0 0 0 0 0 0 0 0 0 0 0 0 0 0 0 0 0 0 0 0 0 0 0 0 0 0 0 0 0 0 0 0 0 0 0 0 0 0 0 0 0 0 0 0 0 0 0 0 0 0 0 0 0 0 0 0 0 0 0 0 0 0 0 0 0 0 0 0 0 0 0 0 0 0 0 0 0 0 0 0 0 0 0 0 0 0 0 0 0 0 0 0 0 0 0 0 0 0 0 0 0 0 0 0 0 0 0 0 0 0 0 0 0 0 0 0 0 0 0 0 0 0 0 0 0 0 0 0 0 0 0 0 0 0 0 0 0 0 0 0 0 0 0 0 0 0 0 0 0 0 0 0 0 0 0 0 0 0 0 0 0 0 0 0 0 0 0 0 0 0 0 0 0 0 0 0 0 0 0 0 0 0 0 0 0 0 0 0 0 0 0 0 0 0 0 0 0 0 0 0 0 0 0 0 0 0 0 0 0 0 0 0 0 0 0 0 0 0 0 0 0 0 0 0 0 0 0 0 0 0 0 0 0 0 0 0 0 0 0 0 0 0 0 0 0 0 0 0 0 0 0 0 0 0 0 0 0 0 0 0 0 0 0 0 0 0 0 0 0 0 0 0 0 0 0 0 0 0 0 0 0 0 0 0 0 0 0 0 0 0 0 0 0 0 0 0 0 0 0 0 0 0 0 0 0 0 0 0 0 0 0 0 0 0 0 0 0 0 0 0 0 0 0 0 0 0 0 0 0 0 0 0 0 0 0 0 0 0 0 0 0 0 0 0 0 0 0 0 0 0 0 0 0 0 0 0 0 0 0 0 0 0 0 0 0 0 0 0 0 0 0 0 0 0 0 0 0 0 0 0 0 0 0 0 0 0 0 0 0 0 0 0 0 0 0 0 0 0 0 0 0 0 0 0 0 0 0 0 0 0 0 0 0 0 0 0 0 0 0 0 0 0 0 0 0 0 0 0 0 0 0 0 0 0 0 0 0 0 0 0 0 0 0 0 0 0 0 0 0 0 0 0 0 0 0 0 0 0 0 0 0 0 0 0 0 0 0 0 0 0 0 0 0 0 0 0 0 0 0 0 0 0 0 0 0 0 0 0 0 0 0 0 0 0 0 0 0 0 0 0 0 0 0 0 0 0 0 0 0 0 0 0 0 0 0 0 0 0 0 0 0 0 0 0 0 0 0 0 0 0 0 0 0 0 0 0 0 0 0 0 0 0 0 0 0 0 0 0 0 0 0 0 0 0 0 0 0 0 0 0 0 0 0 0 0 0 0 0 0 0 0 0 0 0 0 0 0 0 0 0 0 0 0 0 0 0 0 0 0 0 0 0 0 0 0 0 0 0 0 0 0 0 0 0 0 0 0 0 0 0 0 0 0 0 0 0 0 0 0 0 0 0 0 0 0 0 0 0 0 0 0 0 0 0 0 0 0 0 0 0 0 0 0 0 0 0 0 0 0 0 0 0 0 0 0 0 0 0 0 0 0 0 0 0 0 0 0 0 0 0 0 0 0 0 0 0 0 0 0 0 0 0 0 0 0 0 0 0 0 0 0 0 0 0 0 0 0 0 0 0 0 0 0 0 0 0 0 0 0 0 0 0 0 0 0 0 0 0 0 0 0 0 0 0 0 0 0 0 0 0 0 0 0 0 0 0 0 0 0 0 0 0 0 0 0 0 0 0 0 0 0 0 0 0 0 0 0 0 0 0 0 0 0 0 0 0 0 0 0 0 0 0 0 0 0 0 0 0 0 0 0 0 0 0 0 0 0 0 0 0 0 0 0 0 0 0 0 0 0 0 0 0 0 0 0 0 0 0 0 0 0 0 0 0 0 0 0 0 0 0 0 0 0 0 0 0 0 0 0 0 0 0 0 0 0 0 0 0 0 0 0 0 0 0 0 0 0 0 0 0 0 0 0 0 0 0 0 0 0 0 0 0 0 0 0 0 0 0 0 0 0 0 0 0 0 0 0 0 0 0 0 0 0 0 0 0 0 0 0 0 0 0 0 0 0 0 0 0 0 0 0 0 0 0 0 0 0 0 0 0 0 0 0 0 0 0 0 0 0 0 0 0 0 0 0 0 0 0 0 0 0 0 0 0 0 0 0 0 0 0 0 0 0 0 0 0 0 0 0 0 0 0 0 0 0 0 0 0 0 0 0 0 0 0 0 0 0 0 0 0 0 0 0 0 0 0 0 0 0 0 0 0 0 0 0 0 0 0 0 0 0 0 0 0 0 0 0 0 0 0 0 0 0 0 0 0 0 0 0 0 0 0 0 0 0 0 0 0 0 0 0 0 0 0 0 0 0 0 0 0 0 0 0 0 0 0 0 0 0 0 0 0 0 0 0 0 0 0 0 0 0 0 0 0 0 0 0 0 0 0 0 0 0 0 0 0 0 0 0 0 0 0 0 0 0 0 0 0 0 0 0 0 0 0 0 0 0 0 0 0 0 0 0 0 0 0 0 0 0 0 0 0 0 0 0 0 0 0 0 0 0 0 0 0 0 0 0 0 0 0 0 0 0 0 0 0 0 0 0 0 0 0 0 0 0 0 0 0 0 0 0 0 0 0 0 0 0 0 0 0 0 0 0 0 0 0 0 0 0 0 0 0 0 0 0 0 0 0 0 0 0 0 0 0 0 0 0 0 0 0 0 0 0 0 0 0 0 0 0 0 0 0 0 0 0 0 0 0 0 0 0 0 0 0 0 0 0 0 0 0 0 0 0 0 0 0 0 0 0 0 0 0 0 0 0 0 0 0 0 0 0 0 0 0 0 0 0 0 0 0 0 0 0 0 0 0 0 0 0 0 0 0 0 0 0 0 0 0 0 0 0 0 0 0 0 0 0 0 0 0 0 0 0 0 0 0 0 0 0 0 0 0 0 0 0 0 0 0 0 0 0 0 0 0 0 0 0 0 0 0 0 0 0 0 0 0 0 0 0 0 0 0 0 0 0 0 0 0 0 0 0 0 0 0 0 0 0 0 0 0 0 0 0 0 0 0 0 0 0 0 0 0 0 0 0 0 0 0 0 0 0 0 0 0 0 0 0 0 0 0 0 0 0 0 0 0 0 0 0 0 0 0 0 0 0 0 0 0 0 0 0 0 0 0 0 0 0 0 0 0 0 0 0 0 0 0 0 0 0 0 0 0 0 0 0 0 0 0 0 0 0 0 0 0 0 0 0 0 0 0 0 0 0 0 0 0 0 0 0 0 
        </DataArray>
        <DataArray type="Float64" Name="Tau2" format="ascii">
0 0 0 0 0 0 0 0 0 0 0 0 0 0 0 0 0 0 0 0 0 0 0 0 0 0 0 0 0 0 0 0 0 0 0 0 0 0 0 0 0 0 0 0 0 0 0 0 0 0 0 0 0 0 0 0 0 0 0 0 0 0 0 0 0 0 0 0 0 0 0 0 0 0 0 0 0 0 0 0 0 0 0 0 0 0 0 0 0 0 0 0 0 0 0 0 0 0 0 0 0 0 0 0 0 0 0 0 0 0 0 0 0 0 0 0 0 0 0 0 0 0 0 0 0 0 0 0 0 0 0 0 0 0 0 0 0 0 0 0 0 0 0 0 0 0 0 0 0 0 0 0 0 0 0 0 0 0 0 0 0 0 0 0 0 0 0 0 0 0 0 0 0 0 0 0 0 0 0 0 0 0 0 0 0 0 0 0 0 0 0 0 0 0 0 0 0 0 0 0 0 0 0 0 0 0 0 0 0 0 0 0 0 0 0 0 0 0 0 0 0 0 0 0 0 0 0 0 0 0 0 0 0 0 0 0 0 0 0 0 0 0 0 0 0 0 0 0 0 0 0 0 0 0 0 0 0 0 0 0 0 0 0 0 0 0 0 0 0 0 0 0 0 0 0 0 0 0 0 0 0 0 0 0 0 0 0 0 0 0 0 0 0 0 0 0 0 0 0 0 0 0 0 0 0 0 0 0 0 0 0 0 0 0 0 0 0 0 0 0 0 0 0 0 0 0 0 0 0 0 0 0 0 0 0 0 0 0 0 0 0 0 0 0 0 0 0 0 0 0 0 0 0 0 0 0 0 0 0 0 0 0 0 0 0 0 0 0 0 0 0 0 0 0 0 0 0 0 0 0 0 0 0 0 0 0 0 0 0 0 0 0 0 0 0 0 0 0 0 0 0 0 0 0 0 0 0 0 0 0 0 0 0 0 0 0 0 0 0 0 0 0 0 0 0 0 0 0 0 0 0 0 0 0 0 0 0 0 0 0 0 0 0 0 0 0 0 0 0 0 0 0 0 0 0 0 0 0 0 0 0 0 0 0 0 0 0 0 0 0 0 0 0 0 0 0 0 0 0 0 0 0 0 0 0 0 0 0 0 0 0 0 0 0 0 0 0 0 0 0 0 0 0 0 0 0 0 0 0 0 0 0 0 0 0 0 0 0 0 0 0 0 0 0 0 0 0 0 0 0 0 0 0 0 0 0 0 0 0 0 0 0 0 0 0 0 0 0 0 0 0 0 0 0 0 0 0 0 0 0 0 0 0 0 0 0 0 0 0 0 0 0 0 0 0 0 0 0 0 0 0 0 0 0 0 0 0 0 0 0 0 0 0 0 0 0 0 0 0 0 0 0 0 0 0 0 0 0 0 0 0 0 0 0 0 0 0 0 0 0 0 0 0 0 0 0 0 0 0 0 0 0 0 0 0 0 0 0 0 0 0 0 0 0 0 0 0 0 0 0 0 0 0 0 0 0 0 0 0 0 0 0 0 0 0 0 0 0 0 0 0 0 0 0 0 0 0 0 0 0 0 0 0 0 0 0 0 0 0 0 0 0 0 0 0 0 0 0 0 0 0 0 0 0 0 0 0 0 0 0 0 0 0 0 0 0 0 0 0 0 0 0 0 0 0 0 0 0 0 0 0 0 0 0 0 0 0 0 0 0 0 0 0 0 0 0 0 0 0 0 0 0 0 0 0 0 0 0 0 0 0 0 0 0 0 0 0 0 0 0 0 0 0 0 0 0 0 0 0 0 0 0 0 0 0 0 0 0 0 0 0 0 0 0 0 0 0 0 0 0 0 0 0 0 0 0 0 0 0 0 0 0 0 0 0 0 0 0 0 0 0 0 0 0 0 0 0 0 0 0 0 0 0 0 0 0 0 0 0 0 0 0 0 0 0 0 0 0 0 0 0 0 0 0 0 0 0 0 0 0 0 0 0 0 0 0 0 0 0 0 0 0 0 0 0 0 0 0 0 0 0 0 0 0 0 0 0 0 0 0 0 0 0 0 0 0 0 0 0 0 0 0 0 0 0 0 0 0 0 0 0 0 0 0 0 0 0 0 0 0 0 0 0 0 0 0 0 0 0 0 0 0 0 0 0 0 0 0 0 0 0 0 0 0 0 0 0 0 0 0 0 0 0 0 0 0 0 0 0 0 0 0 0 0 0 0 0 0 0 0 0 0 0 0 0 0 0 0 0 0 0 0 0 0 0 0 0 0 0 0 0 0 0 0 0 0 0 0 0 0 0 0 0 0 0 0 0 0 0 0 0 0 0 0 0 0 0 0 0 0 0 0 0 0 0 0 0 0 0 0 0 0 0 0 0 0 0 0 0 0 0 0 0 0 0 0 0 0 0 0 0 0 0 0 0 0 0 0 0 0 0 0 0 0 0 0 0 0 0 0 0 0 0 0 0 0 0 0 0 0 0 0 0 0 0 0 0 0 0 0 0 0 0 0 0 0 0 0 0 0 0 0 0 0 0 0 0 0 0 0 0 0 0 0 0 0 0 0 0 0 0 0 0 0 0 0 0 0 0 0 0 0 0 0 0 0 0 0 0 0 0 0 0 0 0 0 0 0 0 0 0 0 0 0 0 0 0 0 0 0 0 0 0 0 0 0 0 0 0 0 0 0 0 0 0 0 0 0 0 0 0 0 0 0 0 0 0 0 0 0 0 0 0 0 0 0 0 0 0 0 0 0 0 0 0 0 0 0 0 0 0 0 0 0 0 0 0 0 0 0 0 0 0 0 0 0 0 0 0 0 0 0 0 0 0 0 0 0 0 0 0 0 0 0 0 0 0 0 0 0 0 0 0 0 0 0 0 0 0 0 0 0 0 0 0 0 0 0 0 0 0 0 0 0 0 0 0 0 0 0 0 0 0 0 0 0 0 0 0 0 0 0 0 0 0 0 0 0 0 0 0 0 0 0 0 0 0 0 0 0 0 0 0 0 0 0 0 0 0 0 0 0 0 0 0 0 0 0 0 0 0 0 0 0 0 0 0 0 0 0 0 0 0 0 0 0 0 0 0 0 0 0 0 0 0 0 0 0 0 0 0 0 0 0 0 0 0 0 0 0 0 0 0 0 0 0 0 0 0 0 0 0 0 0 0 0 0 0 0 0 0 0 0 0 0 0 0 0 0 0 0 0 0 0 0 0 0 0 0 0 0 0 0 0 0 0 0 0 0 0 0 0 0 0 0 0 0 0 0 0 0 0 0 0 0 0 0 0 0 0 0 0 0 0 0 0 0 0 0 0 0 0 0 0 0 0 0 0 0 0 0 0 0 0 0 0 0 0 0 0 0 0 0 0 0 0 0 0 0 0 0 0 0 0 0 0 0 0 0 0 0 0 0 0 0 0 0 0 0 0 0 0 0 0 0 0 0 0 0 0 0 0 0 0 0 0 0 0 0 0 0 0 0 0 0 0 0 0 0 0 0 0 0 0 0 0 0 0 0 0 0 0 0 0 0 0 0 0 0 0 0 0 0 0 0 0 0 0 0 0 0 0 0 0 0 0 0 0 0 0 0 0 0 0 0 0 0 0 0 0 0 0 0 0 0 0 0 0 0 0 0 0 0 0 0 0 0 0 0 0 0 0 0 0 0 0 0 0 0 0 0 0 0 0 0 0 0 0 0 0 0 0 0 0 0 0 0 0 0 0 0 0 0 0 0 0 0 0 0 0 0 0 0 0 0 0 0 0 0 0 0 0 0 0 0 0 0 0 0 0 0 0 0 0 0 0 0 0 0 0 0 0 0 0 0 0 0 0 0 0 0 0 0 0 0 0 0 0 0 0 0 0 0 0 0 0 0 0 0 0 0 0 0 0 0 0 0 0 0 0 0 0 0 0 0 0 0 0 0 0 0 0 0 0 0 0 0 0 0 0 0 0 0 0 0 0 0 0 0 0 0 0 0 0 0 0 0 0 0 0 0 0 0 0 0 0 0 0 0 0 0 0 0 0 0 0 0 0 0 0 0 0 0 0 0 0 0 0 0 0 0 0 0 0 0 0 0 0 0 0 0 0 0 0 0 0 0 0 0 0 0 0 0 0 0 0 0 0 0 0 0 0 0 0 0 0 0 0 0 0 0 0 0 0 0 0 0 0 0 0 0 0 0 0 0 0 0 0 0 0 0 0 0 0 0 0 0 0 0 0 0 0 0 0 0 0 0 0 0 0 0 0 0 0 0 0 0 0 0 0 0 0 0 0 0 0 0 0 0 0 0 0 0 0 0 0 0 0 0 0 0 0 0 0 0 0 0 0 0 0 0 0 0 0 0 0 0 0 0 0 0 0 0 0 0 0 0 0 0 0 0 0 0 0 0 0 0 0 0 0 0 0 0 0 0 0 0 0 0 0 0 0 0 0 0 0 0 0 0 0 0 0 0 0 0 0 0 0 0 0 0 0 0 0 0 0 0 0 0 0 0 0 0 0 0 0 0 0 0 0 0 0 0 0 0 0 0 0 0 0 0 0 0 0 0 0 0 0 0 0 
        </DataArray>
        <DataArray type="Float64" Name="dTdn" format="ascii">
0 0 0 0 0 0 0 0 0 0 0 0 0 0 0 0 0 0 0 0 0 0 0 0 0 0 0 0 0 0 0 0 0 0 0 0 0 0 0 0 0 0 0 0 0 0 0 0 0 0 0 0 0 0 0 0 0 0 0 0 0 0 0 0 0 0 0 0 0 0 0 0 0 0 0 0 0 0 0 0 0 0 0 0 0 0 0 0 0 0 0 0 0 0 0 0 0 0 0 0 0 0 0 0 0 0 0 0 0 0 0 0 0 0 0 0 0 0 0 0 0 0 0 0 0 0 0 0 0 0 0 0 0 0 0 0 0 0 0 0 0 0 0 0 0 0 0 0 0 0 0 0 0 0 0 0 0 0 0 0 0 0 0 0 0 0 0 0 0 0 0 0 0 0 0 0 0 0 0 0 0 0 0 0 0 0 0 0 0 0 0 0 0 0 0 0 0 0 0 0 0 0 0 0 0 0 0 0 0 0 0 0 0 0 0 0 0 0 0 0 0 0 0 0 0 0 0 0 0 0 0 0 0 0 0 0 0 0 0 0 0 0 0 0 0 0 0 0 0 0 0 0 0 0 0 0 0 0 0 0 0 0 0 0 0 0 0 0 0 0 0 0 0 0 0 0 0 0 0 0 0 0 0 0 0 0 0 0 0 0 0 0 0 0 0 0 0 0 0 0 0 0 0 0 0 0 0 0 0 0 0 0 0 0 0 0 0 0 0 0 0 0 0 0 0 0 0 0 0 0 0 0 0 0 0 0 0 0 0 0 0 0 0 0 0 0 0 0 0 0 0 0 0 0 0 0 0 0 0 0 0 0 0 0 0 0 0 0 0 0 0 0 0 0 0 0 0 0 0 0 0 0 0 0 0 0 0 0 0 0 0 0 0 0 0 0 0 0 0 0 0 0 0 0 0 0 0 0 0 0 0 0 0 0 0 0 0 0 0 0 0 0 0 0 0 0 0 0 0 0 0 0 0 0 0 0 0 0 0 0 0 0 0 0 0 0 0 0 0 0 0 0 0 0 0 0 0 0 0 0 0 0 0 0 0 0 0 0 0 0 0 0 0 0 0 0 0 0 0 0 0 0 0 0 0 0 0 0 0 0 0 0 0 0 0 0 0 0 0 0 0 0 0 0 0 0 0 0 0 0 0 0 0 0 0 0 0 0 0 0 0 0 0 0 0 0 0 0 0 0 0 0 0 0 0 0 0 0 0 0 0 0 0 0 0 0 0 0 0 0 0 0 0 0 0 0 0 0 0 0 0 0 0 0 0 0 0 0 0 0 0 0 0 0 0 0 0 0 0 0 0 0 0 0 0 0 0 0 0 0 0 0 0 0 0 0 0 0 0 0 0 0 0 0 0 0 0 0 0 0 0 0 0 0 0 0 0 0 0 0 0 0 0 0 0 0 0 0 0 0 0 0 0 0 0 0 0 0 0 0 0 0 0 0 0 0 0 0 0 0 0 0 0 0 0 0 0 0 0 0 0 0 0 0 0 0 0 0 0 0 0 0 0 0 0 0 0 0 0 0 0 0 0 0 0 0 0 0 0 0 0 0 0 0 0 0 0 0 0 0 0 0 0 0 0 0 0 0 0 0 0 0 0 0 0 0 0 0 0 0 0 0 0 0 0 0 0 0 0 0 0 0 0 0 0 0 0 0 0 0 0 0 0 0 0 0 0 0 0 0 0 0 0 0 0 0 0 0 0 0 0 0 0 0 0 0 0 0 0 0 0 0 0 0 0 0 0 0 0 0 0 0 0 0 0 0 0 0 0 0 0 0 0 0 0 0 0 0 0 0 0 0 0 0 0 0 0 0 0 0 0 0 0 0 0 0 0 0 0 0 0 0 0 0 0 0 0 0 0 0 0 0 0 0 0 0 0 0 0 0 0 0 0 0 0 0 0 0 0 0 0 0 0 0 0 0 0 0 0 0 0 0 0 0 0 0 0 0 0 0 0 0 0 0 0 0 0 0 0 0 0 0 0 0 0 0 0 0 0 0 0 0 0 0 0 0 0 0 0 0 0 0 0 0 0 0 0 0 0 0 0 0 0 0 0 0 0 0 0 0 0 0 0 0 0 0 0 0 0 0 0 0 0 0 0 0 0 0 0 0 0 0 0 0 0 0 0 0 0 0 0 0 0 0 0 0 0 0 0 0 0 0 0 0 0 0 0 0 0 0 0 0 0 0 0 0 0 0 0 0 0 0 0 0 0 0 0 0 0 0 0 0 0 0 0 0 0 0 0 0 0 0 0 0 0 0 0 0 0 0 0 0 0 0 0 0 0 0 0 0 0 0 0 0 0 0 0 0 0 0 0 0 0 0 0 0 0 0 0 0 0 0 0 0 0 0 0 0 0 0 0 0 0 0 0 0 0 0 0 0 0 0 0 0 0 0 0 0 0 0 0 0 0 0 0 0 0 0 0 0 0 0 0 0 0 0 0 0 0 0 0 0 0 0 0 0 0 0 0 0 0 0 0 0 0 0 0 0 0 0 0 0 0 0 0 0 0 0 0 0 0 0 0 0 0 0 0 0 0 0 0 0 0 0 0 0 0 0 0 0 0 0 0 0 0 0 0 0 0 0 0 0 0 0 0 0 0 0 0 0 0 0 0 0 0 0 0 0 0 0 0 0 0 0 0 0 0 0 0 0 0 0 0 0 0 0 0 0 0 0 0 0 0 0 0 0 0 0 0 0 0 0 0 0 0 0 0 0 0 0 0 0 0 0 0 0 0 0 0 0 0 0 0 0 0 0 0 0 0 0 0 0 0 0 0 0 0 0 0 0 0 0 0 0 0 0 0 0 0 0 0 0 0 0 0 0 0 0 0 0 0 0 0 0 0 0 0 0 0 0 0 0 0 0 0 0 0 0 0 0 0 0 0 0 0 0 0 0 0 0 0 0 0 0 0 0 0 0 0 0 0 0 0 0 0 0 0 0 0 0 0 0 0 0 0 0 0 0 0 0 0 0 0 0 0 0 0 0 0 0 0 0 0 0 0 0 0 0 0 0 0 0 0 0 0 0 0 0 0 0 0 0 0 0 0 0 0 0 0 0 0 0 0 0 0 0 0 0 0 0 0 0 0 0 0 0 0 0 0 0 0 0 0 0 0 0 0 0 0 0 0 0 0 0 0 0 0 0 0 0 0 0 0 0 0 0 0 0 0 0 0 0 0 0 0 0 0 0 0 0 0 0 0 0 0 0 0 0 0 0 0 0 0 0 0 0 0 0 0 0 0 0 0 0 0 0 0 0 0 0 0 0 0 0 0 0 0 0 0 0 0 0 0 0 0 0 0 0 0 0 0 0 0 0 0 0 0 0 0 0 0 0 0 0 0 0 0 0 0 0 0 0 0 0 0 0 0 0 0 0 0 0 0 0 0 0 0 0 0 0 0 0 0 0 0 0 0 0 0 0 0 0 0 0 0 0 0 0 0 0 0 0 0 0 0 0 0 0 0 0 0 0 0 0 0 0 0 0 0 0 0 0 0 0 0 0 0 0 0 0 0 0 0 0 0 0 0 0 0 0 0 0 0 0 0 0 0 0 0 0 0 0 0 0 0 0 0 0 0 0 0 0 0 0 0 0 0 0 0 0 0 0 0 0 0 0 0 0 0 0 0 0 0 0 0 0 0 0 0 0 0 0 0 0 0 0 0 0 0 0 0 0 0 0 0 0 0 0 0 0 0 0 0 0 0 0 0 0 0 0 0 0 0 0 0 0 0 0 0 0 0 0 0 0 0 0 0 0 0 0 0 0 0 0 0 0 0 0 0 0 0 0 0 0 0 0 0 0 0 0 0 0 0 0 0 0 0 0 0 0 0 0 0 0 0 0 0 0 0 0 0 0 0 0 0 0 0 0 0 0 0 0 0 0 0 0 0 0 0 0 0 0 0 0 0 0 0 0 0 0 0 0 0 0 0 0 0 0 0 0 0 0 0 0 0 0 0 0 0 0 0 0 0 0 0 0 0 0 0 0 0 0 0 0 0 0 0 0 0 0 0 0 0 0 0 0 0 0 0 0 0 0 0 0 0 0 0 0 0 0 0 0 0 0 0 0 0 0 0 0 0 0 0 0 0 0 0 0 0 0 0 0 0 0 0 0 0 0 0 0 0 0 0 0 0 0 0 0 0 0 0 0 0 0 0 0 0 0 0 0 0 0 0 0 0 0 0 0 0 0 0 0 0 0 0 0 0 0 0 0 0 0 0 0 0 0 0 0 0 0 0 0 0 0 0 0 0 0 0 0 0 0 0 0 0 0 0 0 0 0 0 0 0 0 0 0 0 0 0 0 0 0 0 0 0 0 0 0 0 0 0 0 0 0 0 0 0 0 0 0 0 0 0 0 0 0 0 0 0 0 0 0 0 0 0 0 0 0 0 0 0 0 0 0 0 0 0 0 0 0 0 0 0 0 0 0 0 0 0 0 0 0 0 0 0 0 0 0 0 0 0 0 0 0 0 0 0 0 0 0 0 0 0 0 0 0 0 0 0 0 
        </DataArray>
        <DataArray type="Int32" Name="Rank" format="ascii">
6 6 6 6 6 6 6 6 6 6 6 6 6 6 6 6 6 6 6 6 6 6 6 6 6 1 1 1 1 1 1 1 1 1 1 1 1 1 1 1 1 1 1 1 1 1 1 1 1 1 1 1 1 1 1 1 1 1 1 1 1 1 1 1 1 1 1 1 1 1 1 1 1 1 1 1 1 1 1 1 1 1 1 1 1 1 1 1 1 1 1 1 1 1 1 1 1 1 1 1 1 1 1 1 1 1 1 1 1 1 1 1 1 1 1 1 1 1 1 1 1 1 1 1 1 1 1 1 1 1 1 1 1 1 1 1 1 1 1 1 1 1 1 1 1 1 1 1 1 1 1 1 1 1 1 1 1 1 1 1 1 1 1 1 1 1 1 1 1 1 1 1 1 1 1 1 1 1 1 1 1 1 1 1 1 1 1 1 1 1 1 1 1 1 1 1 1 1 1 1 1 1 1 1 1 1 1 1 1 1 1 1 1 1 1 1 1 1 1 1 1 1 1 1 1 1 1 1 1 1 1 1 1 1 1 1 1 1 1 1 1 1 1 1 1 1 1 1 0 0 0 0 1 1 1 1 1 1 1 1 1 1 1 1 1 1 1 1 1 1 1 1 1 1 1 1 1 1 1 1 1 1 1 1 1 1 1 1 1 1 1 1 1 1 1 1 1 1 1 1 1 1 1 1 1 1 1 1 1 1 1 1 1 1 1 1 1 1 1 1 1 1 1 1 1 1 1 1 1 1 1 1 1 1 1 1 1 1 1 1 1 1 1 1 1 1 1 1 1 1 1 1 1 1 1 1 1 1 1 1 1 1 1 1 1 1 1 1 1 1 1 1 1 1 1 1 1 1 1 1 1 1 1 1 1 1 1 0 0 0 0 0 0 0 0 0 0 0 0 1 1 1 1 1 1 1 1 1 1 1 1 1 1 1 1 1 1 1 1 1 1 1 1 1 1 1 1 1 1 1 1 1 1 1 1 1 1 1 1 1 1 1 1 1 1 1 1 1 1 1 1 1 1 1 1 1 1 1 1 1 1 1 1 1 1 1 1 1 1 1 1 1 1 1 1 9 9 9 9 9 9 9 9 9 9 9 9 9 9 9 9 9 9 9 9 9 9 9 9 9 9 9 9 9 9 9 9 9 9 9 9 9 9 9 9 9 9 9 9 9 9 9 9 9 9 9 9 9 9 9 9 9 9 9 9 9 9 9 9 9 9 9 9 9 9 9 9 9 9 9 9 9 9 9 9 9 9 9 9 9 9 9 9 9 9 9 9 9 9 9 9 9 9 9 9 9 9 9 9 9 9 9 9 9 9 9 9 9 9 9 9 9 9 9 9 9 9 9 9 9 9 9 9 9 9 9 9 9 9 9 9 9 9 9 9 9 9 9 9 9 9 9 9 9 9 9 9 9 9 9 9 9 9 9 9 9 9 9 9 9 9 9 9 9 9 9 9 9 9 9 9 9 9 9 9 9 9 9 9 9 9 9 9 9 9 9 9 9 9 9 9 9 9 9 9 9 9 9 9 9 9 9 9 9 9 9 9 9 9 9 9 9 9 9 9 9 9 9 9 9 9 9 9 9 9 9 9 9 9 9 9 9 9 9 9 9 9 9 9 9 9 9 9 9 9 9 9 9 9 9 9 9 9 9 9 9 9 9 9 9 9 9 9 9 9 9 9 9 9 9 9 9 3 3 3 3 3 3 3 3 3 3 3 3 3 3 3 3 3 3 3 3 3 3 3 3 3 3 3 3 3 3 3 3 3 3 3 3 3 3 3 3 3 3 3 3 3 3 3 3 3 3 3 3 3 3 3 3 3 3 3 3 3 3 3 3 3 3 3 3 3 3 3 3 3 3 3 3 3 3 3 3 3 3 3 3 3 3 3 3 3 3 3 3 3 3 3 3 3 3 3 3 3 3 3 3 3 3 3 3 3 3 3 3 3 3 3 3 3 3 3 3 3 3 3 3 3 3 3 3 3 3 3 3 3 3 3 3 3 3 3 3 3 3 3 3 3 3 3 3 3 3 3 3 3 3 3 3 3 3 3 3 3 3 3 3 3 3 3 3 3 3 3 3 3 3 3 3 3 3 3 3 3 3 3 3 3 3 3 3 3 3 3 3 3 3 3 3 3 3 3 3 3 3 3 3 3 3 3 3 3 3 3 3 3 3 3 3 3 3 3 3 3 3 3 8 8 8 8 8 8 8 8 8 8 8 8 8 8 8 8 8 8 8 8 8 8 8 8 8 8 8 8 8 8 8 8 8 8 8 8 8 8 8 8 8 8 8 8 8 8 8 8 8 8 8 8 8 8 8 8 8 8 8 8 8 8 8 8 8 8 8 8 8 8 8 8 8 8 8 8 8 8 8 8 8 8 8 8 8 8 8 8 8 8 8 8 8 8 8 8 8 8 8 8 8 8 8 8 8 8 8 8 8 8 8 8 8 8 8 8 8 8 8 8 8 8 8 8 8 8 8 8 8 8 8 8 8 8 8 8 8 8 8 8 8 8 8 8 8 8 8 8 8 8 8 8 8 8 8 8 8 8 8 8 8 8 8 8 8 8 8 8 8 8 8 8 8 8 8 8 8 8 8 8 8 8 8 8 8 8 8 8 8 8 8 8 8 8 8 8 8 8 8 8 8 8 8 8 8 8 8 8 8 8 8 8 8 8 8 8 8 8 8 8 8 8 8 8 8 8 8 8 8 8 8 8 8 8 8 8 8 8 8 8 8 8 8 8 8 8 8 8 8 8 8 8 8 8 8 8 8 8 8 8 8 8 8 8 8 8 8 8 8 8 8 8 8 8 8 8 8 8 8 8 8 8 8 8 8 8 8 8 8 8 8 8 8 8 8 8 8 8 8 8 8 8 8 8 8 8 8 8 8 8 8 8 8 8 8 8 8 8 8 8 8 8 8 8 8 8 8 8 8 8 8 8 8 8 8 8 8 8 8 8 8 8 8 8 8 8 8 8 8 8 8 8 8 8 8 8 8 8 8 8 8 8 8 8 8 8 8 8 8 8 8 8 8 8 8 8 8 8 8 8 8 8 8 8 8 8 8 8 8 8 8 8 8 8 8 8 8 8 8 8 8 8 8 8 8 8 8 8 8 8 8 8 8 8 8 8 8 8 8 8 8 8 8 8 8 8 8 8 8 8 8 8 8 8 8 8 8 8 8 8 8 8 8 8 8 8 8 8 8 8 8 8 8 8 8 8 8 8 8 8 8 8 8 8 8 8 8 8 8 8 8 8 8 8 8 8 8 8 8 8 8 8 8 8 8 8 8 8 8 8 8 8 8 8 8 8 8 8 8 8 8 8 8 8 8 8 8 8 8 8 8 8 8 8 8 8 8 8 8 8 8 8 8 8 8 8 8 8 8 8 8 8 8 8 8 8 8 8 8 8 8 8 8 8 8 8 8 8 8 8 8 8 8 8 8 8 8 8 8 8 8 8 8 8 8 8 8 8 8 8 8 8 8 8 8 8 8 8 8 8 8 8 8 8 8 8 8 8 8 8 8 8 8 8 8 8 8 8 8 8 6 6 6 6 6 6 6 6 6 6 6 6 6 6 6 6 6 6 6 6 6 6 6 6 6 6 6 6 6 6 6 6 6 6 6 6 6 6 6 6 6 6 6 6 6 6 6 6 6 6 6 6 6 6 6 6 6 6 6 6 6 6 6 6 6 6 6 6 6 6 6 6 6 6 6 6 6 6 6 6 6 6 6 6 6 6 6 6 6 6 6 6 6 6 6 6 6 6 6 6 6 6 6 6 6 6 6 6 6 6 6 6 6 6 6 6 6 6 6 6 6 6 6 6 6 6 6 6 6 6 6 6 6 6 6 6 6 6 6 6 6 6 6 6 6 6 6 6 6 6 6 6 6 6 6 6 6 6 6 6 6 6 6 6 6 6 6 6 6 6 6 6 6 6 6 6 6 6 6 6 6 6 6 6 6 6 6 6 6 6 6 6 6 6 6 6 6 6 6 6 6 6 6 6 6 6 6 6 6 6 6 6 6 6 6 6 6 6 6 6 6 6 6 6 6 6 6 6 6 6 6 6 6 6 6 6 6 6 6 6 6 6 6 6 6 6 6 6 6 6 6 6 6 6 6 6 6 6 6 6 6 6 6 6 6 6 6 6 6 6 6 6 6 6 6 6 6 6 6 6 6 6 6 6 6 6 6 6 6 6 6 6 6 6 6 6 6 6 6 6 6 6 6 6 6 6 6 6 6 6 6 6 6 6 6 6 6 6 6 6 6 6 6 6 6 6 6 6 6 6 6 6 6 6 6 6 6 6 6 6 6 6 6 6 6 6 6 6 6 6 6 6 6 6 6 6 6 6 6 6 6 6 6 6 6 6 6 6 6 6 6 6 6 6 6 6 6 6 6 6 6 6 6 6 6 6 6 6 6 6 6 6 6 6 6 6 6 6 6 6 6 6 6 6 6 6 6 6 6 6 6 6 6 6 6 6 6 6 6 6 6 6 6 6 6 
        </DataArray>
        <DataArray type="Int32" Name="Level" format="ascii">
4 4 4 4 4 4 4 4 4 4 4 4 4 4 4 4 4 4 4 4 4 4 4 4 4 4 4 4 4 4 4 4 4 4 4 4 4 4 4 4 4 4 4 4 4 4 4 4 4 4 4 4 4 4 4 4 4 4 4 4 4 4 4 4 4 4 4 4 4 4 4 4 4 4 4 4 4 4 4 4 4 4 4 4 4 4 4 4 4 4 4 4 4 4 4 4 4 4 4 4 4 4 4 4 4 4 4 4 4 4 4 4 4 4 4 4 4 4 4 4 4 4 4 4 4 4 4 4 4 4 4 4 4 4 4 4 4 4 4 4 4 4 4 4 4 4 4 4 4 4 4 4 4 4 4 4 4 4 4 4 4 4 4 4 4 4 4 4 4 4 4 4 4 4 4 4 4 4 4 4 4 4 4 4 4 4 4 4 4 4 4 4 4 4 4 4 4 4 4 4 4 4 4 4 4 4 4 4 4 4 4 4 4 4 4 4 4 4 4 4 4 4 4 4 4 4 4 4 4 4 4 4 4 4 4 4 4 4 4 4 4 4 4 4 4 4 4 4 3 3 3 3 4 4 4 4 4 4 4 4 4 4 4 4 4 4 4 4 4 4 4 4 4 4 4 4 4 4 4 4 4 4 4 4 4 4 4 4 4 4 4 4 4 4 4 4 4 4 4 4 4 4 4 4 4 4 4 4 4 4 4 4 4 4 4 4 4 4 4 4 4 4 4 4 4 4 4 4 4 4 4 4 4 4 4 4 4 4 4 4 4 4 4 4 4 4 4 4 4 4 4 4 4 4 4 4 4 4 4 4 4 4 4 4 4 4 4 4 4 4 4 4 4 4 4 4 4 4 4 4 4 4 4 4 4 4 4 3 3 3 3 3 3 3 3 3 3 3 3 4 4 4 4 4 4 4 4 4 4 4 4 4 4 4 4 4 4 4 4 4 4 4 4 4 4 4 4 4 4 4 4 4 4 4 4 4 4 4 4 4 4 4 4 4 4 4 4 4 4 4 4 4 4 4 4 4 4 4 4 4 4 4 4 4 4 4 4 4 4 4 4 4 4 4 4 4 4 4 4 4 4 4 4 4 4 4 4 4 4 4 4 4 4 4 4 4 4 4 4 4 4 4 4 4 4 4 4 4 4 4 4 4 4 4 4 4 4 4 4 4 4 4 4 4 4 4 4 4 4 4 4 4 4 4 4 4 4 4 4 4 4 4 4 4 4 4 4 4 4 4 4 4 4 4 4 4 4 4 4 4 4 4 4 4 4 4 4 4 4 4 4 4 4 4 4 4 4 4 4 4 4 4 4 4 4 4 4 4 4 4 4 4 4 4 4 4 4 4 4 4 4 4 4 4 4 4 4 4 4 4 4 4 4 4 4 4 4 4 4 4 4 4 4 4 4 4 4 4 4 4 4 4 4 4 4 4 4 4 4 4 4 4 4 4 4 4 4 4 4 4 4 4 4 4 4 4 4 4 4 4 4 4 4 4 4 4 4 4 4 4 4 4 4 4 4 4 4 4 4 4 4 4 4 4 4 4 4 4 4 4 4 4 4 4 4 4 4 4 4 4 4 4 4 4 4 4 4 4 4 4 4 4 4 4 4 4 4 4 4 4 4 4 4 4 4 4 4 4 4 4 4 4 4 4 4 4 4 4 4 4 4 4 4 4 4 4 4 4 4 4 4 4 4 4 4 4 4 4 4 4 4 4 4 4 4 4 4 4 4 4 4 4 4 4 4 4 4 4 4 4 4 4 4 4 4 4 4 4 4 4 4 4 4 4 4 4 4 4 4 4 4 4 4 4 4 4 4 4 4 4 4 4 4 4 4 4 4 4 4 4 4 4 4 4 4 4 4 4 4 4 4 4 4 4 4 4 4 4 4 4 4 4 4 4 4 4 4 4 4 4 4 4 4 4 4 4 4 4 4 4 4 4 4 4 4 4 4 4 4 4 4 4 4 4 4 4 4 4 4 4 4 4 4 4 4 4 4 4 4 4 4 4 4 4 4 4 4 4 4 4 4 4 4 4 4 4 4 4 4 4 4 4 4 4 4 4 4 4 4 4 4 4 4 4 4 4 4 4 4 4 4 4 4 4 4 4 4 4 4 4 4 4 4 4 4 4 4 4 4 4 4 4 4 4 4 4 4 4 4 4 4 4 4 4 4 4 4 4 4 4 4 4 4 4 4 4 4 4 4 4 4 4 4 4 4 4 4 4 4 4 4 4 4 4 4 4 4 4 4 4 4 4 4 4 4 4 4 4 4 4 4 4 4 4 4 4 4 4 4 4 4 4 4 4 4 4 4 4 4 4 4 4 4 4 4 4 4 4 4 4 4 4 4 4 4 4 4 4 4 4 4 4 4 4 4 4 4 4 4 4 4 4 4 4 4 4 4 4 4 4 4 4 4 4 4 4 4 4 4 4 4 4 4 4 4 4 4 4 4 4 4 4 4 4 4 4 4 4 4 4 4 4 4 4 4 4 4 4 4 4 4 4 4 4 4 4 4 4 4 4 4 4 4 4 4 4 4 4 4 4 4 4 4 4 4 4 4 4 4 4 4 4 4 4 4 4 4 4 4 4 4 4 4 4 4 4 4 4 4 4 4 4 4 4 4 4 4 4 4 4 4 4 4 4 4 4 4 4 4 4 4 4 4 4 4 4 4 4 4 4 4 4 4 4 4 4 4 4 4 4 4 4 4 4 4 4 4 4 4 4 4 4 4 4 4 4 4 4 4 4 4 4 4 4 4 4 4 4 4 4 4 4 4 4 4 4 4 4 4 4 4 4 4 4 4 4 4 4 4 4 4 4 4 4 4 4 4 4 4 4 4 4 4 4 4 4 4 4 4 4 4 4 4 4 4 4 4 4 4 4 4 4 4 4 4 4 4 4 4 4 4 4 4 4 4 4 4 4 4 4 4 4 4 4 4 4 4 4 4 4 4 4 4 4 4 4 4 4 4 4 4 4 4 4 4 4 4 4 4 4 4 4 4 4 4 4 4 4 4 4 4 4 4 4 4 4 4 4 4 4 4 4 4 4 4 4 4 4 4 4 4 4 4 4 4 4 4 4 4 4 4 4 4 4 4 4 4 4 4 4 4 4 4 4 4 4 4 4 4 4 4 4 4 4 4 4 4 4 4 4 4 4 4 4 4 4 4 4 4 4 4 4 4 4 4 4 4 4 4 4 4 4 4 4 4 4 4 4 4 4 4 4 4 4 4 4 4 4 4 4 4 4 4 4 4 4 4 4 4 4 4 4 4 4 4 4 4 4 4 4 4 4 4 4 4 4 4 4 4 4 4 4 4 4 4 4 4 4 4 4 4 4 4 4 4 4 4 4 4 4 4 4 4 4 4 4 4 4 4 4 4 4 4 4 4 4 4 4 4 4 4 4 4 4 4 4 4 4 4 4 4 4 4 4 4 4 4 4 4 4 4 4 4 4 4 4 4 4 4 4 4 4 4 4 4 4 4 4 4 4 4 4 4 4 4 4 4 4 4 4 4 4 4 4 4 4 4 4 4 4 4 4 4 4 4 4 4 4 4 4 4 4 4 4 4 4 4 4 4 4 4 4 4 4 4 4 4 4 4 4 4 4 4 4 4 4 4 4 4 4 4 4 4 4 4 4 4 4 4 4 4 4 4 4 4 4 4 4 4 4 4 4 4 4 4 4 4 4 4 4 4 4 4 4 4 4 4 4 4 4 4 4 4 4 4 4 4 4 4 4 4 4 4 4 4 4 4 4 4 4 4 4 4 4 4 4 4 4 4 4 4 4 4 4 4 4 4 4 4 4 4 4 4 4 4 4 4 4 4 4 4 4 4 4 4 4 4 4 4 4 4 4 4 4 4 4 4 4 4 4 4 4 4 4 4 4 4 4 4 4 4 4 4 4 4 4 4 4 4 4 4 4 4 4 4 4 4 4 4 4 4 4 4 4 4 4 4 4 4 4 4 4 4 4 4 4 4 4 4 4 4 4 4 4 4 4 4 4 4 4 4 4 4 4 4 4 4 4 4 4 4 4 4 4 4 4 4 4 4 4 4 4 4 4 4 4 4 4 4 4 4 4 4 4 4 4 4 4 4 4 4 4 4 4 4 4 4 4 4 4 4 4 4 4 4 4 4 4 4 4 4 4 4 4 4 4 4 4 4 4 4 4 4 4 4 4 4 4 4 4 4 4 4 4 4 4 4 4 4 4 4 4 4 4 4 4 4 4 4 4 4 4 4 4 4 4 4 4 4 4 4 4 4 4 4 4 4 4 4 4 4 4 4 4 4 4 4 4 4 4 4 4 4 4 4 4 4 4 4 4 4 4 4 4 4 4 4 4 4 4 4 4 4 4 4 4 4 4 4 4 4 4 4 4 4 4 4 4 4 4 4 4 4 4 4 4 4 4 4 4 4 4 4 4 4 4 4 4 4 4 4 4 4 4 4 4 4 4 4 4 4 4 4 4 4 4 4 4 4 4 4 4 4 4 4 4 4 4 4 4 
        </DataArray>
        <DataArray type="Int32" Name="N_Interp_IP0" format="ascii">
4 4 4 4 4 4 4 4 4 4 4 4 4 4 4 4 4 4 4 4 4 4 4 4 4 4 4 4 4 4 4 4 4 4 4 4 4 4 4 4 4 4 4 4 4 4 4 4 4 4 4 4 4 4 4 4 4 4 4 4 4 4 4 4 4 4 4 4 4 4 4 4 4 4 4 4 4 4 4 4 4 4 4 4 4 4 4 4 4 4 4 4 4 4 4 4 4 4 4 4 4 4 4 4 4 4 4 4 4 4 4 4 4 4 4 4 4 4 4 4 4 4 4 4 4 4 4 4 4 4 4 4 4 4 4 4 4 4 4 4 4 4 4 4 4 4 4 4 4 4 4 4 4 4 4 4 4 4 4 4 4 4 4 4 4 4 4 4 4 4 4 4 4 4 4 4 4 4 4 4 4 4 4 4 4 4 4 4 4 4 4 4 4 4 4 4 4 4 4 4 4 4 4 4 4 4 4 4 4 4 4 4 4 4 4 4 4 4 4 4 4 4 4 4 4 4 4 4 4 4 4 4 4 4 4 4 4 4 4 4 4 4 4 4 4 4 4 4 4 4 4 4 4 4 4 4 4 4 4 4 4 4 4 4 4 4 4 4 4 4 4 4 4 4 4 4 4 4 4 4 4 4 4 4 4 4 4 4 4 4 4 4 4 4 4 4 4 4 4 4 4 4 4 4 4 4 4 4 4 4 4 4 4 4 4 4 4 4 4 4 4 4 4 4 4 4 4 4 4 4 4 4 4 4 4 4 4 4 4 4 4 4 4 4 4 4 4 4 4 4 4 4 4 4 4 4 4 4 4 4 4 4 4 4 4 4 4 4 4 4 4 4 4 4 4 4 4 4 4 4 4 4 4 4 4 4 4 4 4 4 4 4 4 4 4 4 4 4 4 4 4 4 4 4 4 4 4 4 4 4 4 4 4 4 4 4 4 4 4 4 4 4 4 4 4 4 4 4 4 4 4 4 4 4 4 4 4 4 4 4 4 4 4 4 4 4 4 4 4 4 4 4 4 4 4 4 4 4 4 4 4 4 4 4 4 4 4 4 4 4 4 4 4 4 4 4 4 4 4 4 4 4 4 4 4 4 4 4 4 4 4 4 4 4 4 4 4 4 4 4 4 4 4 4 4 4 4 4 4 4 4 4 4 4 4 4 4 4 4 4 4 4 4 4 4 4 4 4 4 4 4 4 4 4 4 4 4 4 4 4 4 4 4 4 4 4 4 4 4 4 4 4 4 4 4 4 4 4 4 4 4 4 4 4 4 4 4 4 4 4 4 4 4 4 4 4 4 4 4 4 4 4 4 4 4 4 4 4 4 4 4 4 4 4 4 4 4 4 4 4 4 4 4 4 4 4 4 4 4 4 4 4 4 4 4 4 4 4 4 4 4 4 4 4 4 4 4 4 4 4 4 4 4 4 4 4 4 4 4 4 4 4 4 4 4 4 4 4 4 4 4 4 4 4 4 4 4 4 4 4 4 4 4 4 4 4 4 4 4 4 4 4 4 4 4 4 4 4 4 4 4 4 4 4 4 4 4 4 4 4 4 4 4 4 4 4 4 4 4 4 4 4 4 4 4 4 4 4 4 4 4 4 4 4 4 4 4 4 4 4 4 4 4 4 4 4 4 4 4 4 4 4 4 4 4 4 4 4 4 4 4 4 4 4 4 4 4 4 4 4 4 4 4 4 4 4 4 4 4 4 4 4 4 4 4 4 4 4 4 4 4 4 4 4 4 4 4 4 4 4 4 4 4 4 4 4 4 4 4 4 4 4 4 4 4 4 4 4 4 4 4 4 4 4 4 4 4 4 4 4 4 4 4 4 4 4 4 4 4 4 4 4 4 4 4 4 4 4 4 4 4 4 4 4 4 4 4 4 4 4 4 4 4 4 4 4 4 4 4 4 4 4 4 4 4 4 4 4 4 4 4 4 4 4 4 4 4 4 4 4 4 4 4 4 4 4 4 4 4 4 4 4 4 4 4 4 4 4 4 4 4 4 4 4 4 4 4 4 4 4 4 4 4 4 4 4 4 4 4 4 4 4 4 4 4 4 4 4 4 4 4 4 4 4 4 4 4 4 4 4 4 4 4 4 4 4 4 4 4 4 4 4 4 4 4 4 4 4 4 4 4 4 4 4 4 4 4 4 4 4 4 4 4 4 4 4 4 4 4 4 4 4 4 4 4 4 4 4 4 4 4 4 4 4 4 4 4 4 4 4 4 4 4 4 4 4 4 4 4 4 4 4 4 4 4 4 4 4 4 4 4 4 4 4 4 4 4 4 4 4 4 4 4 4 4 4 4 4 4 4 4 4 4 4 4 4 4 4 4 4 4 4 4 4 4 4 4 4 4 4 4 4 4 4 4 4 4 4 4 4 4 4 4 4 4 4 4 4 4 4 4 4 4 4 4 4 4 4 4 4 4 4 4 4 4 4 4 4 4 4 4 4 4 4 4 4 4 4 4 4 4 4 4 4 4 4 4 4 4 4 4 4 4 4 4 4 4 4 4 4 4 4 4 4 4 4 4 4 4 4 4 4 4 4 4 4 4 4 4 4 4 4 4 4 4 4 4 4 4 4 4 4 4 4 4 4 4 4 4 4 4 4 4 4 4 4 4 4 4 4 4 4 4 4 4 4 4 4 4 4 4 4 4 4 4 4 4 4 4 4 4 4 4 4 4 4 4 4 4 4 4 4 4 4 4 4 4 4 4 4 4 4 4 4 4 4 4 4 4 4 4 4 4 4 4 4 4 4 4 4 4 4 4 4 4 4 4 4 4 4 4 4 4 4 4 4 4 4 4 4 4 4 4 4 4 4 4 4 4 4 4 4 4 4 4 4 4 4 4 4 4 4 4 4 4 4 4 4 4 4 4 4 4 4 4 4 4 4 4 4 4 4 4 4 4 4 4 4 4 4 4 4 4 4 4 4 4 4 4 4 4 4 4 4 4 4 4 4 4 4 4 4 4 4 4 4 4 4 4 4 4 4 4 4 4 4 4 4 4 4 4 4 4 4 4 4 4 4 4 4 4 4 4 4 4 4 4 4 4 4 4 4 4 4 4 4 4 4 4 4 4 4 4 4 4 4 4 4 4 4 4 4 4 4 4 4 4 4 4 4 4 4 4 4 4 4 4 4 4 4 4 4 4 4 4 4 4 4 4 4 4 4 4 4 4 4 4 4 4 4 4 4 4 4 4 4 4 4 4 4 4 4 4 4 4 4 4 4 4 4 4 4 4 4 4 4 4 4 4 4 4 4 4 4 4 4 4 4 4 4 4 4 4 4 4 4 4 4 4 4 4 4 4 4 4 4 4 4 4 4 4 4 4 4 4 4 4 4 4 4 4 4 4 4 4 4 4 4 4 4 4 4 4 4 4 4 4 4 4 4 4 4 4 4 4 4 4 4 4 4 4 4 4 4 4 4 4 4 4 4 4 4 4 4 4 4 4 4 4 4 4 4 4 4 4 4 4 4 4 4 4 4 4 4 4 4 4 4 4 4 4 4 4 4 4 4 4 4 4 4 4 4 4 4 4 4 4 4 4 4 4 4 4 4 4 4 4 4 4 4 4 4 4 4 4 4 4 4 4 4 4 4 4 4 4 4 4 4 4 4 4 4 4 4 4 4 4 4 4 4 4 4 4 4 4 4 4 4 4 4 4 4 4 4 4 4 4 4 4 4 4 4 4 4 4 4 4 4 4 4 4 4 4 4 4 4 4 4 4 4 4 4 4 4 4 4 4 4 4 4 4 4 4 4 4 4 4 4 4 4 4 4 4 4 4 4 4 4 4 4 4 4 4 4 4 4 4 4 4 4 4 4 4 4 4 4 4 4 4 4 4 4 4 4 4 4 4 4 4 4 4 4 4 4 4 4 4 4 4 4 4 4 4 4 4 4 4 4 4 4 4 4 4 4 4 4 4 4 4 4 4 4 4 4 4 4 4 4 4 4 4 4 4 4 4 4 4 4 4 4 4 4 4 4 4 4 4 4 4 4 4 4 4 4 4 4 4 4 4 4 4 4 4 4 4 4 4 4 4 4 4 4 4 4 4 4 4 4 4 4 4 4 4 4 4 4 4 4 4 4 4 4 4 4 4 4 4 4 4 4 4 4 4 4 4 4 4 4 4 4 4 4 4 4 4 4 4 4 4 4 4 4 4 4 4 4 4 4 4 4 4 4 4 4 4 4 4 4 4 4 4 4 4 4 4 4 4 4 4 4 4 4 4 4 4 4 4 4 4 4 4 4 4 4 4 4 4 4 4 4 4 4 4 4 4 4 4 4 4 4 4 4 4 4 4 4 4 4 4 4 4 4 4 4 4 4 4 4 4 4 4 4 4 4 4 4 4 4 4 4 4 4 4 4 4 4 4 4 4 4 4 4 4 4 4 4 4 4 4 4 4 4 4 4 4 4 4 4 4 4 4 4 4 4 4 4 4 4 4 4 4 4 4 4 4 4 4 4 4 4 4 4 4 4 4 4 4 4 4 4 
        </DataArray>
      </CellData>
    </Piece>
  </PolyData>
</VTKFile>
