<?xml version="1.0"?>
<VTKFile type="PolyData" version="1.0" byte_order="LittleEndian" header_type="UInt64">
  <PolyData>
    <Piece NumberOfPoints="2000" NumberOfPolys="2000">
      <Points>
        <DataArray type="Float64" Name="Points" NumberOfComponents="3" format="ascii">
-0.6 -0.7 0.0 -0.600001 -0.699686 0.0 -0.600002 -0.699372 0.0 -0.600005 -0.699058 0.0 -0.600008 -0.698743 0.0 -0.600013 -0.698429 0.0 -0.600018 -0.698115 0.0 -0.600025 -0.697801 0.0 -0.600032 -0.697487 0.0 -0.60004 -0.697173 0.0 -0.600049 -0.696859 0.0 -0.60006 -0.696545 0.0 -0.600071 -0.696231 0.0 -0.600084 -0.695917 0.0 -0.600097 -0.695603 0.0 -0.600112 -0.695289 0.0 -0.600126 -0.694976 0.0 -0.600143 -0.694662 0.0 -0.60016 -0.694348 0.0 -0.600179 -0.694035 0.0 -0.600197 -0.693721 0.0 -0.600218 -0.693407 0.0 -0.600239 -0.693094 0.0 -0.600261 -0.692781 0.0 -0.600284 -0.692467 0.0 -0.600309 -0.692154 0.0 -0.600333 -0.691841 0.0 -0.60036 -0.691528 0.0 -0.600387 -0.691215 0.0 -0.600415 -0.690902 0.0 -0.600444 -0.690589 0.0 -0.600474 -0.690276 0.0 -0.600505 -0.689964 0.0 -0.600537 -0.689651 0.0 -0.60057 -0.689339 0.0 -0.600604 -0.689027 0.0 -0.600639 -0.688714 0.0 -0.600675 -0.688402 0.0 -0.600712 -0.68809 0.0 -0.60075 -0.687778 0.0 -0.600789 -0.687467 0.0 -0.600829 -0.687155 0.0 -0.600869 -0.686844 0.0 -0.600912 -0.686532 0.0 -0.600954 -0.686221 0.0 -0.600998 -0.68591 0.0 -0.601042 -0.685599 0.0 -0.601089 -0.685288 0.0 -0.601135 -0.684977 0.0 -0.601183 -0.684667 0.0 -0.601231 -0.684357 0.0 -0.601281 -0.684046 0.0 -0.601331 -0.683736 0.0 -0.601383 -0.683426 0.0 -0.601436 -0.683117 0.0 -0.60149 -0.682807 0.0 -0.601544 -0.682498 0.0 -0.6016 -0.682189 0.0 -0.601655 -0.681879 0.0 -0.601713 -0.681571 0.0 -0.601771 -0.681262 0.0 -0.601831 -0.680953 0.0 -0.601891 -0.680645 0.0 -0.601953 -0.680337 0.0 -0.602014 -0.680029 0.0 -0.602078 -0.679721 0.0 -0.602142 -0.679414 0.0 -0.602208 -0.679107 0.0 -0.602273 -0.678799 0.0 -0.602341 -0.678492 0.0 -0.602408 -0.678186 0.0 -0.602478 -0.677879 0.0 -0.602547 -0.677573 0.0 -0.602619 -0.677267 0.0 -0.60269 -0.676961 0.0 -0.602763 -0.676656 0.0 -0.602837 -0.67635 0.0 -0.602912 -0.676045 0.0 -0.602987 -0.67574 0.0 -0.603065 -0.675436 0.0 -0.603142 -0.675131 0.0 -0.603221 -0.674827 0.0 -0.6033 -0.674523 0.0 -0.603381 -0.674219 0.0 -0.603462 -0.673916 0.0 -0.603545 -0.673613 0.0 -0.603628 -0.67331 0.0 -0.603712 -0.673007 0.0 -0.603797 -0.672705 0.0 -0.603884 -0.672403 0.0 -0.603971 -0.672101 0.0 -0.604059 -0.671799 0.0 -0.604148 -0.671498 0.0 -0.604238 -0.671197 0.0 -0.604329 -0.670896 0.0 -0.604421 -0.670596 0.0 -0.604514 -0.670296 0.0 -0.604608 -0.669996 0.0 -0.604702 -0.669696 0.0 -0.604798 -0.669397 0.0 -0.604894 -0.669098 0.0 -0.604992 -0.6688 0.0 -0.60509 -0.668501 0.0 -0.60519 -0.668203 0.0 -0.60529 -0.667906 0.0 -0.605392 -0.667608 0.0 -0.605494 -0.667311 0.0 -0.605597 -0.667015 0.0 -0.605701 -0.666718 0.0 -0.605806 -0.666422 0.0 -0.605912 -0.666126 0.0 -0.606019 -0.665831 0.0 -0.606127 -0.665536 0.0 -0.606236 -0.665241 0.0 -0.606345 -0.664947 0.0 -0.606456 -0.664653 0.0 -0.606567 -0.664359 0.0 -0.60668 -0.664066 0.0 -0.606793 -0.663772 0.0 -0.606908 -0.66348 0.0 -0.607022 -0.663188 0.0 -0.607139 -0.662896 0.0 -0.607255 -0.662604 0.0 -0.607374 -0.662313 0.0 -0.607492 -0.662022 0.0 -0.607613 -0.661732 0.0 -0.607733 -0.661442 0.0 -0.607855 -0.661152 0.0 -0.607977 -0.660863 0.0 -0.608101 -0.660574 0.0 -0.608225 -0.660285 0.0 -0.60835 -0.659997 0.0 -0.608476 -0.659709 0.0 -0.608603 -0.659422 0.0 -0.608731 -0.659135 0.0 -0.60886 -0.658849 0.0 -0.608989 -0.658562 0.0 -0.60912 -0.658277 0.0 -0.609252 -0.657991 0.0 -0.609384 -0.657707 0.0 -0.609517 -0.657422 0.0 -0.609652 -0.657138 0.0 -0.609787 -0.656854 0.0 -0.609923 -0.656571 0.0 -0.610059 -0.656288 0.0 -0.610198 -0.656006 0.0 -0.610336 -0.655724 0.0 -0.610476 -0.655443 0.0 -0.610616 -0.655162 0.0 -0.610758 -0.654881 0.0 -0.610899 -0.654601 0.0 -0.611043 -0.654321 0.0 -0.611186 -0.654042 0.0 -0.611332 -0.653763 0.0 -0.611477 -0.653485 0.0 -0.611624 -0.653207 0.0 -0.611771 -0.65293 0.0 -0.61192 -0.652653 0.0 -0.612068 -0.652376 0.0 -0.612219 -0.6521 0.0 -0.612369 -0.651825 0.0 -0.612522 -0.65155 0.0 -0.612674 -0.651275 0.0 -0.612828 -0.651001 0.0 -0.612982 -0.650727 0.0 -0.613137 -0.650454 0.0 -0.613293 -0.650181 0.0 -0.61345 -0.64991 0.0 -0.613608 -0.649638 0.0 -0.613767 -0.649367 0.0 -0.613926 -0.649096 0.0 -0.614087 -0.648826 0.0 -0.614247 -0.648556 0.0 -0.61441 -0.648287 0.0 -0.614572 -0.648018 0.0 -0.614736 -0.64775 0.0 -0.614901 -0.647483 0.0 -0.615066 -0.647216 0.0 -0.615232 -0.646949 0.0 -0.6154 -0.646683 0.0 -0.615567 -0.646417 0.0 -0.615736 -0.646153 0.0 -0.615906 -0.645888 0.0 -0.616076 -0.645624 0.0 -0.616247 -0.645361 0.0 -0.61642 -0.645098 0.0 -0.616592 -0.644835 0.0 -0.616766 -0.644574 0.0 -0.61694 -0.644312 0.0 -0.617116 -0.644052 0.0 -0.617292 -0.643792 0.0 -0.617469 -0.643532 0.0 -0.617647 -0.643273 0.0 -0.617826 -0.643015 0.0 -0.618005 -0.642757 0.0 -0.618185 -0.6425 0.0 -0.618366 -0.642243 0.0 -0.618548 -0.641987 0.0 -0.618731 -0.641731 0.0 -0.618914 -0.641476 0.0 -0.619098 -0.641221 0.0 -0.619284 -0.640968 0.0 -0.619469 -0.640714 0.0 -0.619656 -0.640462 0.0 -0.619843 -0.64021 0.0 -0.620032 -0.639958 0.0 -0.620221 -0.639707 0.0 -0.620411 -0.639457 0.0 -0.620601 -0.639207 0.0 -0.620793 -0.638958 0.0 -0.620984 -0.638709 0.0 -0.621178 -0.638462 0.0 -0.621371 -0.638214 0.0 -0.621566 -0.637968 0.0 -0.621761 -0.637721 0.0 -0.621957 -0.637476 0.0 -0.622154 -0.637231 0.0 -0.622352 -0.636987 0.0 -0.62255 -0.636743 0.0 -0.622749 -0.6365 0.0 -0.622949 -0.636258 0.0 -0.62315 -0.636016 0.0 -0.623351 -0.635775 0.0 -0.623553 -0.635535 0.0 -0.623756 -0.635294 0.0 -0.62396 -0.635056 0.0 -0.624164 -0.634817 0.0 -0.624369 -0.634579 0.0 -0.624575 -0.634341 0.0 -0.624782 -0.634105 0.0 -0.624989 -0.633869 0.0 -0.625197 -0.633634 0.0 -0.625406 -0.633399 0.0 -0.625616 -0.633165 0.0 -0.625826 -0.632931 0.0 -0.626037 -0.632699 0.0 -0.626249 -0.632467 0.0 -0.626462 -0.632236 0.0 -0.626674 -0.632005 0.0 -0.626889 -0.631775 0.0 -0.627103 -0.631545 0.0 -0.627319 -0.631317 0.0 -0.627535 -0.631089 0.0 -0.627752 -0.630862 0.0 -0.627969 -0.630635 0.0 -0.628188 -0.630409 0.0 -0.628406 -0.630183 0.0 -0.628626 -0.629959 0.0 -0.628846 -0.629735 0.0 -0.629068 -0.629512 0.0 -0.629289 -0.629289 0.0 -0.629512 -0.629068 0.0 -0.629735 -0.628846 0.0 -0.629959 -0.628626 0.0 -0.630183 -0.628406 0.0 -0.630409 -0.628188 0.0 -0.630635 -0.627969 0.0 -0.630862 -0.627752 0.0 -0.631089 -0.627535 0.0 -0.631317 -0.627319 0.0 -0.631545 -0.627103 0.0 -0.631775 -0.626889 0.0 -0.632005 -0.626674 0.0 -0.632236 -0.626462 0.0 -0.632467 -0.626249 0.0 -0.632699 -0.626037 0.0 -0.632931 -0.625826 0.0 -0.633165 -0.625616 0.0 -0.633399 -0.625406 0.0 -0.633634 -0.625197 0.0 -0.633869 -0.624989 0.0 -0.634105 -0.624782 0.0 -0.634341 -0.624575 0.0 -0.634579 -0.624369 0.0 -0.634817 -0.624164 0.0 -0.635056 -0.62396 0.0 -0.635294 -0.623756 0.0 -0.635535 -0.623553 0.0 -0.635775 -0.623351 0.0 -0.636016 -0.62315 0.0 -0.636258 -0.622949 0.0 -0.6365 -0.622749 0.0 -0.636743 -0.62255 0.0 -0.636987 -0.622352 0.0 -0.637231 -0.622154 0.0 -0.637476 -0.621957 0.0 -0.637721 -0.621761 0.0 -0.637968 -0.621566 0.0 -0.638214 -0.621371 0.0 -0.638462 -0.621178 0.0 -0.638709 -0.620984 0.0 -0.638958 -0.620793 0.0 -0.639207 -0.620601 0.0 -0.639457 -0.620411 0.0 -0.639707 -0.620221 0.0 -0.639958 -0.620032 0.0 -0.64021 -0.619843 0.0 -0.640462 -0.619656 0.0 -0.640714 -0.619469 0.0 -0.640968 -0.619284 0.0 -0.641221 -0.619098 0.0 -0.641476 -0.618914 0.0 -0.641731 -0.618731 0.0 -0.641987 -0.618548 0.0 -0.642243 -0.618366 0.0 -0.6425 -0.618185 0.0 -0.642757 -0.618005 0.0 -0.643015 -0.617826 0.0 -0.643273 -0.617647 0.0 -0.643532 -0.617469 0.0 -0.643792 -0.617292 0.0 -0.644052 -0.617116 0.0 -0.644312 -0.61694 0.0 -0.644574 -0.616766 0.0 -0.644835 -0.616592 0.0 -0.645098 -0.61642 0.0 -0.645361 -0.616247 0.0 -0.645624 -0.616076 0.0 -0.645888 -0.615906 0.0 -0.646153 -0.615736 0.0 -0.646417 -0.615567 0.0 -0.646683 -0.6154 0.0 -0.646949 -0.615232 0.0 -0.647216 -0.615066 0.0 -0.647483 -0.614901 0.0 -0.64775 -0.614736 0.0 -0.648018 -0.614572 0.0 -0.648287 -0.61441 0.0 -0.648556 -0.614247 0.0 -0.648826 -0.614087 0.0 -0.649096 -0.613926 0.0 -0.649367 -0.613767 0.0 -0.649638 -0.613608 0.0 -0.64991 -0.61345 0.0 -0.650181 -0.613293 0.0 -0.650454 -0.613137 0.0 -0.650727 -0.612982 0.0 -0.651001 -0.612828 0.0 -0.651275 -0.612674 0.0 -0.65155 -0.612522 0.0 -0.651825 -0.612369 0.0 -0.6521 -0.612219 0.0 -0.652376 -0.612068 0.0 -0.652653 -0.61192 0.0 -0.65293 -0.611771 0.0 -0.653207 -0.611624 0.0 -0.653485 -0.611477 0.0 -0.653763 -0.611332 0.0 -0.654042 -0.611186 0.0 -0.654321 -0.611043 0.0 -0.654601 -0.610899 0.0 -0.654881 -0.610758 0.0 -0.655162 -0.610616 0.0 -0.655443 -0.610476 0.0 -0.655724 -0.610336 0.0 -0.656006 -0.610198 0.0 -0.656288 -0.610059 0.0 -0.656571 -0.609923 0.0 -0.656854 -0.609787 0.0 -0.657138 -0.609652 0.0 -0.657422 -0.609517 0.0 -0.657707 -0.609384 0.0 -0.657991 -0.609252 0.0 -0.658277 -0.60912 0.0 -0.658562 -0.608989 0.0 -0.658849 -0.60886 0.0 -0.659135 -0.608731 0.0 -0.659422 -0.608603 0.0 -0.659709 -0.608476 0.0 -0.659997 -0.60835 0.0 -0.660285 -0.608225 0.0 -0.660574 -0.608101 0.0 -0.660863 -0.607977 0.0 -0.661152 -0.607855 0.0 -0.661442 -0.607733 0.0 -0.661732 -0.607613 0.0 -0.662022 -0.607492 0.0 -0.662313 -0.607374 0.0 -0.662604 -0.607255 0.0 -0.662896 -0.607139 0.0 -0.663188 -0.607022 0.0 -0.66348 -0.606908 0.0 -0.663772 -0.606793 0.0 -0.664066 -0.60668 0.0 -0.664359 -0.606567 0.0 -0.664653 -0.606456 0.0 -0.664947 -0.606345 0.0 -0.665241 -0.606236 0.0 -0.665536 -0.606127 0.0 -0.665831 -0.606019 0.0 -0.666126 -0.605912 0.0 -0.666422 -0.605806 0.0 -0.666718 -0.605701 0.0 -0.667015 -0.605597 0.0 -0.667311 -0.605494 0.0 -0.667608 -0.605392 0.0 -0.667906 -0.60529 0.0 -0.668203 -0.60519 0.0 -0.668501 -0.60509 0.0 -0.6688 -0.604992 0.0 -0.669098 -0.604894 0.0 -0.669397 -0.604798 0.0 -0.669696 -0.604702 0.0 -0.669996 -0.604608 0.0 -0.670296 -0.604514 0.0 -0.670596 -0.604421 0.0 -0.670896 -0.604329 0.0 -0.671197 -0.604238 0.0 -0.671498 -0.604148 0.0 -0.671799 -0.604059 0.0 -0.672101 -0.603971 0.0 -0.672403 -0.603884 0.0 -0.672705 -0.603797 0.0 -0.673007 -0.603712 0.0 -0.67331 -0.603628 0.0 -0.673613 -0.603545 0.0 -0.673916 -0.603462 0.0 -0.674219 -0.603381 0.0 -0.674523 -0.6033 0.0 -0.674827 -0.603221 0.0 -0.675131 -0.603142 0.0 -0.675436 -0.603065 0.0 -0.67574 -0.602987 0.0 -0.676045 -0.602912 0.0 -0.67635 -0.602837 0.0 -0.676656 -0.602763 0.0 -0.676961 -0.60269 0.0 -0.677267 -0.602619 0.0 -0.677573 -0.602547 0.0 -0.677879 -0.602478 0.0 -0.678186 -0.602408 0.0 -0.678492 -0.602341 0.0 -0.678799 -0.602273 0.0 -0.679107 -0.602208 0.0 -0.679414 -0.602142 0.0 -0.679721 -0.602078 0.0 -0.680029 -0.602014 0.0 -0.680337 -0.601953 0.0 -0.680645 -0.601891 0.0 -0.680953 -0.601831 0.0 -0.681262 -0.601771 0.0 -0.681571 -0.601713 0.0 -0.681879 -0.601655 0.0 -0.682189 -0.6016 0.0 -0.682498 -0.601544 0.0 -0.682807 -0.60149 0.0 -0.683117 -0.601436 0.0 -0.683426 -0.601383 0.0 -0.683736 -0.601331 0.0 -0.684046 -0.601281 0.0 -0.684357 -0.601231 0.0 -0.684667 -0.601183 0.0 -0.684977 -0.601135 0.0 -0.685288 -0.601089 0.0 -0.685599 -0.601042 0.0 -0.68591 -0.600998 0.0 -0.686221 -0.600954 0.0 -0.686532 -0.600912 0.0 -0.686844 -0.600869 0.0 -0.687155 -0.600829 0.0 -0.687467 -0.600789 0.0 -0.687778 -0.60075 0.0 -0.68809 -0.600712 0.0 -0.688402 -0.600675 0.0 -0.688714 -0.600639 0.0 -0.689027 -0.600604 0.0 -0.689339 -0.60057 0.0 -0.689651 -0.600537 0.0 -0.689964 -0.600505 0.0 -0.690276 -0.600474 0.0 -0.690589 -0.600444 0.0 -0.690902 -0.600415 0.0 -0.691215 -0.600387 0.0 -0.691528 -0.60036 0.0 -0.691841 -0.600333 0.0 -0.692154 -0.600309 0.0 -0.692467 -0.600284 0.0 -0.692781 -0.600261 0.0 -0.693094 -0.600239 0.0 -0.693407 -0.600218 0.0 -0.693721 -0.600197 0.0 -0.694035 -0.600179 0.0 -0.694348 -0.60016 0.0 -0.694662 -0.600143 0.0 -0.694976 -0.600126 0.0 -0.695289 -0.600112 0.0 -0.695603 -0.600097 0.0 -0.695917 -0.600084 0.0 -0.696231 -0.600071 0.0 -0.696545 -0.60006 0.0 -0.696859 -0.600049 0.0 -0.697173 -0.60004 0.0 -0.697487 -0.600032 0.0 -0.697801 -0.600025 0.0 -0.698115 -0.600018 0.0 -0.698429 -0.600013 0.0 -0.698743 -0.600008 0.0 -0.699058 -0.600005 0.0 -0.699372 -0.600002 0.0 -0.699686 -0.600001 0.0 -0.7 -0.6 0.0 -0.700314 -0.600001 0.0 -0.700628 -0.600002 0.0 -0.700942 -0.600005 0.0 -0.701257 -0.600008 0.0 -0.701571 -0.600013 0.0 -0.701885 -0.600018 0.0 -0.702199 -0.600025 0.0 -0.702513 -0.600032 0.0 -0.702827 -0.60004 0.0 -0.703141 -0.600049 0.0 -0.703455 -0.60006 0.0 -0.703769 -0.600071 0.0 -0.704083 -0.600084 0.0 -0.704397 -0.600097 0.0 -0.704711 -0.600112 0.0 -0.705024 -0.600126 0.0 -0.705338 -0.600143 0.0 -0.705652 -0.60016 0.0 -0.705965 -0.600179 0.0 -0.706279 -0.600197 0.0 -0.706593 -0.600218 0.0 -0.706906 -0.600239 0.0 -0.707219 -0.600261 0.0 -0.707533 -0.600284 0.0 -0.707846 -0.600309 0.0 -0.708159 -0.600333 0.0 -0.708472 -0.60036 0.0 -0.708785 -0.600387 0.0 -0.709098 -0.600415 0.0 -0.709411 -0.600444 0.0 -0.709724 -0.600474 0.0 -0.710036 -0.600505 0.0 -0.710349 -0.600537 0.0 -0.710661 -0.60057 0.0 -0.710973 -0.600604 0.0 -0.711286 -0.600639 0.0 -0.711598 -0.600675 0.0 -0.71191 -0.600712 0.0 -0.712222 -0.60075 0.0 -0.712533 -0.600789 0.0 -0.712845 -0.600829 0.0 -0.713156 -0.600869 0.0 -0.713468 -0.600912 0.0 -0.713779 -0.600954 0.0 -0.71409 -0.600998 0.0 -0.714401 -0.601042 0.0 -0.714712 -0.601089 0.0 -0.715023 -0.601135 0.0 -0.715333 -0.601183 0.0 -0.715643 -0.601231 0.0 -0.715954 -0.601281 0.0 -0.716264 -0.601331 0.0 -0.716574 -0.601383 0.0 -0.716883 -0.601436 0.0 -0.717193 -0.60149 0.0 -0.717502 -0.601544 0.0 -0.717811 -0.6016 0.0 -0.718121 -0.601655 0.0 -0.718429 -0.601713 0.0 -0.718738 -0.601771 0.0 -0.719047 -0.601831 0.0 -0.719355 -0.601891 0.0 -0.719663 -0.601953 0.0 -0.719971 -0.602014 0.0 -0.720279 -0.602078 0.0 -0.720586 -0.602142 0.0 -0.720893 -0.602208 0.0 -0.721201 -0.602273 0.0 -0.721508 -0.602341 0.0 -0.721814 -0.602408 0.0 -0.722121 -0.602478 0.0 -0.722427 -0.602547 0.0 -0.722733 -0.602619 0.0 -0.723039 -0.60269 0.0 -0.723344 -0.602763 0.0 -0.72365 -0.602837 0.0 -0.723955 -0.602912 0.0 -0.72426 -0.602987 0.0 -0.724564 -0.603065 0.0 -0.724869 -0.603142 0.0 -0.725173 -0.603221 0.0 -0.725477 -0.6033 0.0 -0.725781 -0.603381 0.0 -0.726084 -0.603462 0.0 -0.726387 -0.603545 0.0 -0.72669 -0.603628 0.0 -0.726993 -0.603712 0.0 -0.727295 -0.603797 0.0 -0.727597 -0.603884 0.0 -0.727899 -0.603971 0.0 -0.728201 -0.604059 0.0 -0.728502 -0.604148 0.0 -0.728803 -0.604238 0.0 -0.729104 -0.604329 0.0 -0.729404 -0.604421 0.0 -0.729704 -0.604514 0.0 -0.730004 -0.604608 0.0 -0.730304 -0.604702 0.0 -0.730603 -0.604798 0.0 -0.730902 -0.604894 0.0 -0.7312 -0.604992 0.0 -0.731499 -0.60509 0.0 -0.731797 -0.60519 0.0 -0.732094 -0.60529 0.0 -0.732392 -0.605392 0.0 -0.732689 -0.605494 0.0 -0.732985 -0.605597 0.0 -0.733282 -0.605701 0.0 -0.733578 -0.605806 0.0 -0.733874 -0.605912 0.0 -0.734169 -0.606019 0.0 -0.734464 -0.606127 0.0 -0.734759 -0.606236 0.0 -0.735053 -0.606345 0.0 -0.735347 -0.606456 0.0 -0.735641 -0.606567 0.0 -0.735934 -0.60668 0.0 -0.736228 -0.606793 0.0 -0.73652 -0.606908 0.0 -0.736812 -0.607022 0.0 -0.737104 -0.607139 0.0 -0.737396 -0.607255 0.0 -0.737687 -0.607374 0.0 -0.737978 -0.607492 0.0 -0.738268 -0.607613 0.0 -0.738558 -0.607733 0.0 -0.738848 -0.607855 0.0 -0.739137 -0.607977 0.0 -0.739426 -0.608101 0.0 -0.739715 -0.608225 0.0 -0.740003 -0.60835 0.0 -0.740291 -0.608476 0.0 -0.740578 -0.608603 0.0 -0.740865 -0.608731 0.0 -0.741151 -0.60886 0.0 -0.741438 -0.608989 0.0 -0.741723 -0.60912 0.0 -0.742009 -0.609252 0.0 -0.742293 -0.609384 0.0 -0.742578 -0.609517 0.0 -0.742862 -0.609652 0.0 -0.743146 -0.609787 0.0 -0.743429 -0.609923 0.0 -0.743712 -0.610059 0.0 -0.743994 -0.610198 0.0 -0.744276 -0.610336 0.0 -0.744557 -0.610476 0.0 -0.744838 -0.610616 0.0 -0.745119 -0.610758 0.0 -0.745399 -0.610899 0.0 -0.745679 -0.611043 0.0 -0.745958 -0.611186 0.0 -0.746237 -0.611332 0.0 -0.746515 -0.611477 0.0 -0.746793 -0.611624 0.0 -0.74707 -0.611771 0.0 -0.747347 -0.61192 0.0 -0.747624 -0.612068 0.0 -0.7479 -0.612219 0.0 -0.748175 -0.612369 0.0 -0.74845 -0.612522 0.0 -0.748725 -0.612674 0.0 -0.748999 -0.612828 0.0 -0.749273 -0.612982 0.0 -0.749546 -0.613137 0.0 -0.749819 -0.613293 0.0 -0.75009 -0.61345 0.0 -0.750362 -0.613608 0.0 -0.750633 -0.613767 0.0 -0.750904 -0.613926 0.0 -0.751174 -0.614087 0.0 -0.751444 -0.614247 0.0 -0.751713 -0.61441 0.0 -0.751982 -0.614572 0.0 -0.75225 -0.614736 0.0 -0.752517 -0.614901 0.0 -0.752784 -0.615066 0.0 -0.753051 -0.615232 0.0 -0.753317 -0.6154 0.0 -0.753583 -0.615567 0.0 -0.753847 -0.615736 0.0 -0.754112 -0.615906 0.0 -0.754376 -0.616076 0.0 -0.754639 -0.616247 0.0 -0.754902 -0.61642 0.0 -0.755165 -0.616592 0.0 -0.755426 -0.616766 0.0 -0.755688 -0.61694 0.0 -0.755948 -0.617116 0.0 -0.756208 -0.617292 0.0 -0.756468 -0.617469 0.0 -0.756727 -0.617647 0.0 -0.756985 -0.617826 0.0 -0.757243 -0.618005 0.0 -0.7575 -0.618185 0.0 -0.757757 -0.618366 0.0 -0.758013 -0.618548 0.0 -0.758269 -0.618731 0.0 -0.758524 -0.618914 0.0 -0.758779 -0.619098 0.0 -0.759032 -0.619284 0.0 -0.759286 -0.619469 0.0 -0.759538 -0.619656 0.0 -0.75979 -0.619843 0.0 -0.760042 -0.620032 0.0 -0.760293 -0.620221 0.0 -0.760543 -0.620411 0.0 -0.760793 -0.620601 0.0 -0.761042 -0.620793 0.0 -0.761291 -0.620984 0.0 -0.761538 -0.621178 0.0 -0.761786 -0.621371 0.0 -0.762032 -0.621566 0.0 -0.762279 -0.621761 0.0 -0.762524 -0.621957 0.0 -0.762769 -0.622154 0.0 -0.763013 -0.622352 0.0 -0.763257 -0.62255 0.0 -0.7635 -0.622749 0.0 -0.763742 -0.622949 0.0 -0.763984 -0.62315 0.0 -0.764225 -0.623351 0.0 -0.764465 -0.623553 0.0 -0.764706 -0.623756 0.0 -0.764944 -0.62396 0.0 -0.765183 -0.624164 0.0 -0.765421 -0.624369 0.0 -0.765659 -0.624575 0.0 -0.765895 -0.624782 0.0 -0.766131 -0.624989 0.0 -0.766366 -0.625197 0.0 -0.766601 -0.625406 0.0 -0.766835 -0.625616 0.0 -0.767069 -0.625826 0.0 -0.767301 -0.626037 0.0 -0.767533 -0.626249 0.0 -0.767764 -0.626462 0.0 -0.767995 -0.626674 0.0 -0.768225 -0.626889 0.0 -0.768455 -0.627103 0.0 -0.768683 -0.627319 0.0 -0.768911 -0.627535 0.0 -0.769138 -0.627752 0.0 -0.769365 -0.627969 0.0 -0.769591 -0.628188 0.0 -0.769817 -0.628406 0.0 -0.770041 -0.628626 0.0 -0.770265 -0.628846 0.0 -0.770488 -0.629068 0.0 -0.770711 -0.629289 0.0 -0.770932 -0.629512 0.0 -0.771154 -0.629735 0.0 -0.771374 -0.629959 0.0 -0.771594 -0.630183 0.0 -0.771812 -0.630409 0.0 -0.772031 -0.630635 0.0 -0.772248 -0.630862 0.0 -0.772465 -0.631089 0.0 -0.772681 -0.631317 0.0 -0.772897 -0.631545 0.0 -0.773111 -0.631775 0.0 -0.773326 -0.632005 0.0 -0.773538 -0.632236 0.0 -0.773751 -0.632467 0.0 -0.773963 -0.632699 0.0 -0.774174 -0.632931 0.0 -0.774384 -0.633165 0.0 -0.774594 -0.633399 0.0 -0.774803 -0.633634 0.0 -0.775011 -0.633869 0.0 -0.775218 -0.634105 0.0 -0.775425 -0.634341 0.0 -0.775631 -0.634579 0.0 -0.775836 -0.634817 0.0 -0.77604 -0.635056 0.0 -0.776244 -0.635294 0.0 -0.776447 -0.635535 0.0 -0.776649 -0.635775 0.0 -0.77685 -0.636016 0.0 -0.777051 -0.636258 0.0 -0.777251 -0.6365 0.0 -0.77745 -0.636743 0.0 -0.777648 -0.636987 0.0 -0.777846 -0.637231 0.0 -0.778043 -0.637476 0.0 -0.778239 -0.637721 0.0 -0.778434 -0.637968 0.0 -0.778629 -0.638214 0.0 -0.778822 -0.638462 0.0 -0.779016 -0.638709 0.0 -0.779207 -0.638958 0.0 -0.779399 -0.639207 0.0 -0.779589 -0.639457 0.0 -0.779779 -0.639707 0.0 -0.779968 -0.639958 0.0 -0.780157 -0.64021 0.0 -0.780344 -0.640462 0.0 -0.780531 -0.640714 0.0 -0.780716 -0.640968 0.0 -0.780902 -0.641221 0.0 -0.781086 -0.641476 0.0 -0.781269 -0.641731 0.0 -0.781452 -0.641987 0.0 -0.781634 -0.642243 0.0 -0.781815 -0.6425 0.0 -0.781995 -0.642757 0.0 -0.782174 -0.643015 0.0 -0.782353 -0.643273 0.0 -0.782531 -0.643532 0.0 -0.782708 -0.643792 0.0 -0.782884 -0.644052 0.0 -0.78306 -0.644312 0.0 -0.783234 -0.644574 0.0 -0.783408 -0.644835 0.0 -0.78358 -0.645098 0.0 -0.783753 -0.645361 0.0 -0.783924 -0.645624 0.0 -0.784094 -0.645888 0.0 -0.784264 -0.646153 0.0 -0.784433 -0.646417 0.0 -0.7846 -0.646683 0.0 -0.784768 -0.646949 0.0 -0.784934 -0.647216 0.0 -0.785099 -0.647483 0.0 -0.785264 -0.64775 0.0 -0.785428 -0.648018 0.0 -0.78559 -0.648287 0.0 -0.785753 -0.648556 0.0 -0.785913 -0.648826 0.0 -0.786074 -0.649096 0.0 -0.786233 -0.649367 0.0 -0.786392 -0.649638 0.0 -0.78655 -0.64991 0.0 -0.786707 -0.650181 0.0 -0.786863 -0.650454 0.0 -0.787018 -0.650727 0.0 -0.787172 -0.651001 0.0 -0.787326 -0.651275 0.0 -0.787478 -0.65155 0.0 -0.787631 -0.651825 0.0 -0.787781 -0.6521 0.0 -0.787932 -0.652376 0.0 -0.78808 -0.652653 0.0 -0.788229 -0.65293 0.0 -0.788376 -0.653207 0.0 -0.788523 -0.653485 0.0 -0.788668 -0.653763 0.0 -0.788814 -0.654042 0.0 -0.788957 -0.654321 0.0 -0.789101 -0.654601 0.0 -0.789242 -0.654881 0.0 -0.789384 -0.655162 0.0 -0.789524 -0.655443 0.0 -0.789664 -0.655724 0.0 -0.789802 -0.656006 0.0 -0.789941 -0.656288 0.0 -0.790077 -0.656571 0.0 -0.790213 -0.656854 0.0 -0.790348 -0.657138 0.0 -0.790483 -0.657422 0.0 -0.790616 -0.657707 0.0 -0.790748 -0.657991 0.0 -0.79088 -0.658277 0.0 -0.791011 -0.658562 0.0 -0.79114 -0.658849 0.0 -0.791269 -0.659135 0.0 -0.791397 -0.659422 0.0 -0.791524 -0.659709 0.0 -0.79165 -0.659997 0.0 -0.791775 -0.660285 0.0 -0.791899 -0.660574 0.0 -0.792023 -0.660863 0.0 -0.792145 -0.661152 0.0 -0.792267 -0.661442 0.0 -0.792387 -0.661732 0.0 -0.792508 -0.662022 0.0 -0.792626 -0.662313 0.0 -0.792745 -0.662604 0.0 -0.792861 -0.662896 0.0 -0.792978 -0.663188 0.0 -0.793092 -0.66348 0.0 -0.793207 -0.663772 0.0 -0.79332 -0.664066 0.0 -0.793433 -0.664359 0.0 -0.793544 -0.664653 0.0 -0.793655 -0.664947 0.0 -0.793764 -0.665241 0.0 -0.793873 -0.665536 0.0 -0.793981 -0.665831 0.0 -0.794088 -0.666126 0.0 -0.794194 -0.666422 0.0 -0.794299 -0.666718 0.0 -0.794403 -0.667015 0.0 -0.794506 -0.667311 0.0 -0.794608 -0.667608 0.0 -0.79471 -0.667906 0.0 -0.79481 -0.668203 0.0 -0.79491 -0.668501 0.0 -0.795008 -0.6688 0.0 -0.795106 -0.669098 0.0 -0.795202 -0.669397 0.0 -0.795298 -0.669696 0.0 -0.795392 -0.669996 0.0 -0.795486 -0.670296 0.0 -0.795579 -0.670596 0.0 -0.795671 -0.670896 0.0 -0.795762 -0.671197 0.0 -0.795852 -0.671498 0.0 -0.795941 -0.671799 0.0 -0.796029 -0.672101 0.0 -0.796116 -0.672403 0.0 -0.796203 -0.672705 0.0 -0.796288 -0.673007 0.0 -0.796372 -0.67331 0.0 -0.796455 -0.673613 0.0 -0.796538 -0.673916 0.0 -0.796619 -0.674219 0.0 -0.7967 -0.674523 0.0 -0.796779 -0.674827 0.0 -0.796858 -0.675131 0.0 -0.796935 -0.675436 0.0 -0.797013 -0.67574 0.0 -0.797088 -0.676045 0.0 -0.797163 -0.67635 0.0 -0.797237 -0.676656 0.0 -0.79731 -0.676961 0.0 -0.797381 -0.677267 0.0 -0.797453 -0.677573 0.0 -0.797522 -0.677879 0.0 -0.797592 -0.678186 0.0 -0.797659 -0.678492 0.0 -0.797727 -0.678799 0.0 -0.797792 -0.679107 0.0 -0.797858 -0.679414 0.0 -0.797922 -0.679721 0.0 -0.797986 -0.680029 0.0 -0.798047 -0.680337 0.0 -0.798109 -0.680645 0.0 -0.798169 -0.680953 0.0 -0.798229 -0.681262 0.0 -0.798287 -0.681571 0.0 -0.798345 -0.681879 0.0 -0.7984 -0.682189 0.0 -0.798456 -0.682498 0.0 -0.79851 -0.682807 0.0 -0.798564 -0.683117 0.0 -0.798617 -0.683426 0.0 -0.798669 -0.683736 0.0 -0.798719 -0.684046 0.0 -0.798769 -0.684357 0.0 -0.798817 -0.684667 0.0 -0.798865 -0.684977 0.0 -0.798911 -0.685288 0.0 -0.798958 -0.685599 0.0 -0.799002 -0.68591 0.0 -0.799046 -0.686221 0.0 -0.799088 -0.686532 0.0 -0.799131 -0.686844 0.0 -0.799171 -0.687155 0.0 -0.799211 -0.687467 0.0 -0.79925 -0.687778 0.0 -0.799288 -0.68809 0.0 -0.799325 -0.688402 0.0 -0.799361 -0.688714 0.0 -0.799396 -0.689027 0.0 -0.79943 -0.689339 0.0 -0.799463 -0.689651 0.0 -0.799495 -0.689964 0.0 -0.799526 -0.690276 0.0 -0.799556 -0.690589 0.0 -0.799585 -0.690902 0.0 -0.799613 -0.691215 0.0 -0.79964 -0.691528 0.0 -0.799667 -0.691841 0.0 -0.799691 -0.692154 0.0 -0.799716 -0.692467 0.0 -0.799739 -0.692781 0.0 -0.799761 -0.693094 0.0 -0.799782 -0.693407 0.0 -0.799803 -0.693721 0.0 -0.799821 -0.694035 0.0 -0.79984 -0.694348 0.0 -0.799857 -0.694662 0.0 -0.799874 -0.694976 0.0 -0.799888 -0.695289 0.0 -0.799903 -0.695603 0.0 -0.799916 -0.695917 0.0 -0.799929 -0.696231 0.0 -0.79994 -0.696545 0.0 -0.799951 -0.696859 0.0 -0.79996 -0.697173 0.0 -0.799968 -0.697487 0.0 -0.799975 -0.697801 0.0 -0.799982 -0.698115 0.0 -0.799987 -0.698429 0.0 -0.799992 -0.698743 0.0 -0.799995 -0.699058 0.0 -0.799998 -0.699372 0.0 -0.799999 -0.699686 0.0 -0.8 -0.7 0.0 -0.799999 -0.700314 0.0 -0.799998 -0.700628 0.0 -0.799995 -0.700942 0.0 -0.799992 -0.701257 0.0 -0.799987 -0.701571 0.0 -0.799982 -0.701885 0.0 -0.799975 -0.702199 0.0 -0.799968 -0.702513 0.0 -0.79996 -0.702827 0.0 -0.799951 -0.703141 0.0 -0.79994 -0.703455 0.0 -0.799929 -0.703769 0.0 -0.799916 -0.704083 0.0 -0.799903 -0.704397 0.0 -0.799888 -0.704711 0.0 -0.799874 -0.705024 0.0 -0.799857 -0.705338 0.0 -0.79984 -0.705652 0.0 -0.799821 -0.705965 0.0 -0.799803 -0.706279 0.0 -0.799782 -0.706593 0.0 -0.799761 -0.706906 0.0 -0.799739 -0.707219 0.0 -0.799716 -0.707533 0.0 -0.799691 -0.707846 0.0 -0.799667 -0.708159 0.0 -0.79964 -0.708472 0.0 -0.799613 -0.708785 0.0 -0.799585 -0.709098 0.0 -0.799556 -0.709411 0.0 -0.799526 -0.709724 0.0 -0.799495 -0.710036 0.0 -0.799463 -0.710349 0.0 -0.79943 -0.710661 0.0 -0.799396 -0.710973 0.0 -0.799361 -0.711286 0.0 -0.799325 -0.711598 0.0 -0.799288 -0.71191 0.0 -0.79925 -0.712222 0.0 -0.799211 -0.712533 0.0 -0.799171 -0.712845 0.0 -0.799131 -0.713156 0.0 -0.799088 -0.713468 0.0 -0.799046 -0.713779 0.0 -0.799002 -0.71409 0.0 -0.798958 -0.714401 0.0 -0.798911 -0.714712 0.0 -0.798865 -0.715023 0.0 -0.798817 -0.715333 0.0 -0.798769 -0.715643 0.0 -0.798719 -0.715954 0.0 -0.798669 -0.716264 0.0 -0.798617 -0.716574 0.0 -0.798564 -0.716883 0.0 -0.79851 -0.717193 0.0 -0.798456 -0.717502 0.0 -0.7984 -0.717811 0.0 -0.798345 -0.718121 0.0 -0.798287 -0.718429 0.0 -0.798229 -0.718738 0.0 -0.798169 -0.719047 0.0 -0.798109 -0.719355 0.0 -0.798047 -0.719663 0.0 -0.797986 -0.719971 0.0 -0.797922 -0.720279 0.0 -0.797858 -0.720586 0.0 -0.797792 -0.720893 0.0 -0.797727 -0.721201 0.0 -0.797659 -0.721508 0.0 -0.797592 -0.721814 0.0 -0.797522 -0.722121 0.0 -0.797453 -0.722427 0.0 -0.797381 -0.722733 0.0 -0.79731 -0.723039 0.0 -0.797237 -0.723344 0.0 -0.797163 -0.72365 0.0 -0.797088 -0.723955 0.0 -0.797013 -0.72426 0.0 -0.796935 -0.724564 0.0 -0.796858 -0.724869 0.0 -0.796779 -0.725173 0.0 -0.7967 -0.725477 0.0 -0.796619 -0.725781 0.0 -0.796538 -0.726084 0.0 -0.796455 -0.726387 0.0 -0.796372 -0.72669 0.0 -0.796288 -0.726993 0.0 -0.796203 -0.727295 0.0 -0.796116 -0.727597 0.0 -0.796029 -0.727899 0.0 -0.795941 -0.728201 0.0 -0.795852 -0.728502 0.0 -0.795762 -0.728803 0.0 -0.795671 -0.729104 0.0 -0.795579 -0.729404 0.0 -0.795486 -0.729704 0.0 -0.795392 -0.730004 0.0 -0.795298 -0.730304 0.0 -0.795202 -0.730603 0.0 -0.795106 -0.730902 0.0 -0.795008 -0.7312 0.0 -0.79491 -0.731499 0.0 -0.79481 -0.731797 0.0 -0.79471 -0.732094 0.0 -0.794608 -0.732392 0.0 -0.794506 -0.732689 0.0 -0.794403 -0.732985 0.0 -0.794299 -0.733282 0.0 -0.794194 -0.733578 0.0 -0.794088 -0.733874 0.0 -0.793981 -0.734169 0.0 -0.793873 -0.734464 0.0 -0.793764 -0.734759 0.0 -0.793655 -0.735053 0.0 -0.793544 -0.735347 0.0 -0.793433 -0.735641 0.0 -0.79332 -0.735934 0.0 -0.793207 -0.736228 0.0 -0.793092 -0.73652 0.0 -0.792978 -0.736812 0.0 -0.792861 -0.737104 0.0 -0.792745 -0.737396 0.0 -0.792626 -0.737687 0.0 -0.792508 -0.737978 0.0 -0.792387 -0.738268 0.0 -0.792267 -0.738558 0.0 -0.792145 -0.738848 0.0 -0.792023 -0.739137 0.0 -0.791899 -0.739426 0.0 -0.791775 -0.739715 0.0 -0.79165 -0.740003 0.0 -0.791524 -0.740291 0.0 -0.791397 -0.740578 0.0 -0.791269 -0.740865 0.0 -0.79114 -0.741151 0.0 -0.791011 -0.741438 0.0 -0.79088 -0.741723 0.0 -0.790748 -0.742009 0.0 -0.790616 -0.742293 0.0 -0.790483 -0.742578 0.0 -0.790348 -0.742862 0.0 -0.790213 -0.743146 0.0 -0.790077 -0.743429 0.0 -0.789941 -0.743712 0.0 -0.789802 -0.743994 0.0 -0.789664 -0.744276 0.0 -0.789524 -0.744557 0.0 -0.789384 -0.744838 0.0 -0.789242 -0.745119 0.0 -0.789101 -0.745399 0.0 -0.788957 -0.745679 0.0 -0.788814 -0.745958 0.0 -0.788668 -0.746237 0.0 -0.788523 -0.746515 0.0 -0.788376 -0.746793 0.0 -0.788229 -0.74707 0.0 -0.78808 -0.747347 0.0 -0.787932 -0.747624 0.0 -0.787781 -0.7479 0.0 -0.787631 -0.748175 0.0 -0.787478 -0.74845 0.0 -0.787326 -0.748725 0.0 -0.787172 -0.748999 0.0 -0.787018 -0.749273 0.0 -0.786863 -0.749546 0.0 -0.786707 -0.749819 0.0 -0.78655 -0.75009 0.0 -0.786392 -0.750362 0.0 -0.786233 -0.750633 0.0 -0.786074 -0.750904 0.0 -0.785913 -0.751174 0.0 -0.785753 -0.751444 0.0 -0.78559 -0.751713 0.0 -0.785428 -0.751982 0.0 -0.785264 -0.75225 0.0 -0.785099 -0.752517 0.0 -0.784934 -0.752784 0.0 -0.784768 -0.753051 0.0 -0.7846 -0.753317 0.0 -0.784433 -0.753583 0.0 -0.784264 -0.753847 0.0 -0.784094 -0.754112 0.0 -0.783924 -0.754376 0.0 -0.783753 -0.754639 0.0 -0.78358 -0.754902 0.0 -0.783408 -0.755165 0.0 -0.783234 -0.755426 0.0 -0.78306 -0.755688 0.0 -0.782884 -0.755948 0.0 -0.782708 -0.756208 0.0 -0.782531 -0.756468 0.0 -0.782353 -0.756727 0.0 -0.782174 -0.756985 0.0 -0.781995 -0.757243 0.0 -0.781815 -0.7575 0.0 -0.781634 -0.757757 0.0 -0.781452 -0.758013 0.0 -0.781269 -0.758269 0.0 -0.781086 -0.758524 0.0 -0.780902 -0.758779 0.0 -0.780716 -0.759032 0.0 -0.780531 -0.759286 0.0 -0.780344 -0.759538 0.0 -0.780157 -0.75979 0.0 -0.779968 -0.760042 0.0 -0.779779 -0.760293 0.0 -0.779589 -0.760543 0.0 -0.779399 -0.760793 0.0 -0.779207 -0.761042 0.0 -0.779016 -0.761291 0.0 -0.778822 -0.761538 0.0 -0.778629 -0.761786 0.0 -0.778434 -0.762032 0.0 -0.778239 -0.762279 0.0 -0.778043 -0.762524 0.0 -0.777846 -0.762769 0.0 -0.777648 -0.763013 0.0 -0.77745 -0.763257 0.0 -0.777251 -0.7635 0.0 -0.777051 -0.763742 0.0 -0.77685 -0.763984 0.0 -0.776649 -0.764225 0.0 -0.776447 -0.764465 0.0 -0.776244 -0.764706 0.0 -0.77604 -0.764944 0.0 -0.775836 -0.765183 0.0 -0.775631 -0.765421 0.0 -0.775425 -0.765659 0.0 -0.775218 -0.765895 0.0 -0.775011 -0.766131 0.0 -0.774803 -0.766366 0.0 -0.774594 -0.766601 0.0 -0.774384 -0.766835 0.0 -0.774174 -0.767069 0.0 -0.773963 -0.767301 0.0 -0.773751 -0.767533 0.0 -0.773538 -0.767764 0.0 -0.773326 -0.767995 0.0 -0.773111 -0.768225 0.0 -0.772897 -0.768455 0.0 -0.772681 -0.768683 0.0 -0.772465 -0.768911 0.0 -0.772248 -0.769138 0.0 -0.772031 -0.769365 0.0 -0.771812 -0.769591 0.0 -0.771594 -0.769817 0.0 -0.771374 -0.770041 0.0 -0.771154 -0.770265 0.0 -0.770932 -0.770488 0.0 -0.770711 -0.770711 0.0 -0.770488 -0.770932 0.0 -0.770265 -0.771154 0.0 -0.770041 -0.771374 0.0 -0.769817 -0.771594 0.0 -0.769591 -0.771812 0.0 -0.769365 -0.772031 0.0 -0.769138 -0.772248 0.0 -0.768911 -0.772465 0.0 -0.768683 -0.772681 0.0 -0.768455 -0.772897 0.0 -0.768225 -0.773111 0.0 -0.767995 -0.773326 0.0 -0.767764 -0.773538 0.0 -0.767533 -0.773751 0.0 -0.767301 -0.773963 0.0 -0.767069 -0.774174 0.0 -0.766835 -0.774384 0.0 -0.766601 -0.774594 0.0 -0.766366 -0.774803 0.0 -0.766131 -0.775011 0.0 -0.765895 -0.775218 0.0 -0.765659 -0.775425 0.0 -0.765421 -0.775631 0.0 -0.765183 -0.775836 0.0 -0.764944 -0.77604 0.0 -0.764706 -0.776244 0.0 -0.764465 -0.776447 0.0 -0.764225 -0.776649 0.0 -0.763984 -0.77685 0.0 -0.763742 -0.777051 0.0 -0.7635 -0.777251 0.0 -0.763257 -0.77745 0.0 -0.763013 -0.777648 0.0 -0.762769 -0.777846 0.0 -0.762524 -0.778043 0.0 -0.762279 -0.778239 0.0 -0.762032 -0.778434 0.0 -0.761786 -0.778629 0.0 -0.761538 -0.778822 0.0 -0.761291 -0.779016 0.0 -0.761042 -0.779207 0.0 -0.760793 -0.779399 0.0 -0.760543 -0.779589 0.0 -0.760293 -0.779779 0.0 -0.760042 -0.779968 0.0 -0.75979 -0.780157 0.0 -0.759538 -0.780344 0.0 -0.759286 -0.780531 0.0 -0.759032 -0.780716 0.0 -0.758779 -0.780902 0.0 -0.758524 -0.781086 0.0 -0.758269 -0.781269 0.0 -0.758013 -0.781452 0.0 -0.757757 -0.781634 0.0 -0.7575 -0.781815 0.0 -0.757243 -0.781995 0.0 -0.756985 -0.782174 0.0 -0.756727 -0.782353 0.0 -0.756468 -0.782531 0.0 -0.756208 -0.782708 0.0 -0.755948 -0.782884 0.0 -0.755688 -0.78306 0.0 -0.755426 -0.783234 0.0 -0.755165 -0.783408 0.0 -0.754902 -0.78358 0.0 -0.754639 -0.783753 0.0 -0.754376 -0.783924 0.0 -0.754112 -0.784094 0.0 -0.753847 -0.784264 0.0 -0.753583 -0.784433 0.0 -0.753317 -0.7846 0.0 -0.753051 -0.784768 0.0 -0.752784 -0.784934 0.0 -0.752517 -0.785099 0.0 -0.75225 -0.785264 0.0 -0.751982 -0.785428 0.0 -0.751713 -0.78559 0.0 -0.751444 -0.785753 0.0 -0.751174 -0.785913 0.0 -0.750904 -0.786074 0.0 -0.750633 -0.786233 0.0 -0.750362 -0.786392 0.0 -0.75009 -0.78655 0.0 -0.749819 -0.786707 0.0 -0.749546 -0.786863 0.0 -0.749273 -0.787018 0.0 -0.748999 -0.787172 0.0 -0.748725 -0.787326 0.0 -0.74845 -0.787478 0.0 -0.748175 -0.787631 0.0 -0.7479 -0.787781 0.0 -0.747624 -0.787932 0.0 -0.747347 -0.78808 0.0 -0.74707 -0.788229 0.0 -0.746793 -0.788376 0.0 -0.746515 -0.788523 0.0 -0.746237 -0.788668 0.0 -0.745958 -0.788814 0.0 -0.745679 -0.788957 0.0 -0.745399 -0.789101 0.0 -0.745119 -0.789242 0.0 -0.744838 -0.789384 0.0 -0.744557 -0.789524 0.0 -0.744276 -0.789664 0.0 -0.743994 -0.789802 0.0 -0.743712 -0.789941 0.0 -0.743429 -0.790077 0.0 -0.743146 -0.790213 0.0 -0.742862 -0.790348 0.0 -0.742578 -0.790483 0.0 -0.742293 -0.790616 0.0 -0.742009 -0.790748 0.0 -0.741723 -0.79088 0.0 -0.741438 -0.791011 0.0 -0.741151 -0.79114 0.0 -0.740865 -0.791269 0.0 -0.740578 -0.791397 0.0 -0.740291 -0.791524 0.0 -0.740003 -0.79165 0.0 -0.739715 -0.791775 0.0 -0.739426 -0.791899 0.0 -0.739137 -0.792023 0.0 -0.738848 -0.792145 0.0 -0.738558 -0.792267 0.0 -0.738268 -0.792387 0.0 -0.737978 -0.792508 0.0 -0.737687 -0.792626 0.0 -0.737396 -0.792745 0.0 -0.737104 -0.792861 0.0 -0.736812 -0.792978 0.0 -0.73652 -0.793092 0.0 -0.736228 -0.793207 0.0 -0.735934 -0.79332 0.0 -0.735641 -0.793433 0.0 -0.735347 -0.793544 0.0 -0.735053 -0.793655 0.0 -0.734759 -0.793764 0.0 -0.734464 -0.793873 0.0 -0.734169 -0.793981 0.0 -0.733874 -0.794088 0.0 -0.733578 -0.794194 0.0 -0.733282 -0.794299 0.0 -0.732985 -0.794403 0.0 -0.732689 -0.794506 0.0 -0.732392 -0.794608 0.0 -0.732094 -0.79471 0.0 -0.731797 -0.79481 0.0 -0.731499 -0.79491 0.0 -0.7312 -0.795008 0.0 -0.730902 -0.795106 0.0 -0.730603 -0.795202 0.0 -0.730304 -0.795298 0.0 -0.730004 -0.795392 0.0 -0.729704 -0.795486 0.0 -0.729404 -0.795579 0.0 -0.729104 -0.795671 0.0 -0.728803 -0.795762 0.0 -0.728502 -0.795852 0.0 -0.728201 -0.795941 0.0 -0.727899 -0.796029 0.0 -0.727597 -0.796116 0.0 -0.727295 -0.796203 0.0 -0.726993 -0.796288 0.0 -0.72669 -0.796372 0.0 -0.726387 -0.796455 0.0 -0.726084 -0.796538 0.0 -0.725781 -0.796619 0.0 -0.725477 -0.7967 0.0 -0.725173 -0.796779 0.0 -0.724869 -0.796858 0.0 -0.724564 -0.796935 0.0 -0.72426 -0.797013 0.0 -0.723955 -0.797088 0.0 -0.72365 -0.797163 0.0 -0.723344 -0.797237 0.0 -0.723039 -0.79731 0.0 -0.722733 -0.797381 0.0 -0.722427 -0.797453 0.0 -0.722121 -0.797522 0.0 -0.721814 -0.797592 0.0 -0.721508 -0.797659 0.0 -0.721201 -0.797727 0.0 -0.720893 -0.797792 0.0 -0.720586 -0.797858 0.0 -0.720279 -0.797922 0.0 -0.719971 -0.797986 0.0 -0.719663 -0.798047 0.0 -0.719355 -0.798109 0.0 -0.719047 -0.798169 0.0 -0.718738 -0.798229 0.0 -0.718429 -0.798287 0.0 -0.718121 -0.798345 0.0 -0.717811 -0.7984 0.0 -0.717502 -0.798456 0.0 -0.717193 -0.79851 0.0 -0.716883 -0.798564 0.0 -0.716574 -0.798617 0.0 -0.716264 -0.798669 0.0 -0.715954 -0.798719 0.0 -0.715643 -0.798769 0.0 -0.715333 -0.798817 0.0 -0.715023 -0.798865 0.0 -0.714712 -0.798911 0.0 -0.714401 -0.798958 0.0 -0.71409 -0.799002 0.0 -0.713779 -0.799046 0.0 -0.713468 -0.799088 0.0 -0.713156 -0.799131 0.0 -0.712845 -0.799171 0.0 -0.712533 -0.799211 0.0 -0.712222 -0.79925 0.0 -0.71191 -0.799288 0.0 -0.711598 -0.799325 0.0 -0.711286 -0.799361 0.0 -0.710973 -0.799396 0.0 -0.710661 -0.79943 0.0 -0.710349 -0.799463 0.0 -0.710036 -0.799495 0.0 -0.709724 -0.799526 0.0 -0.709411 -0.799556 0.0 -0.709098 -0.799585 0.0 -0.708785 -0.799613 0.0 -0.708472 -0.79964 0.0 -0.708159 -0.799667 0.0 -0.707846 -0.799691 0.0 -0.707533 -0.799716 0.0 -0.707219 -0.799739 0.0 -0.706906 -0.799761 0.0 -0.706593 -0.799782 0.0 -0.706279 -0.799803 0.0 -0.705965 -0.799821 0.0 -0.705652 -0.79984 0.0 -0.705338 -0.799857 0.0 -0.705024 -0.799874 0.0 -0.704711 -0.799888 0.0 -0.704397 -0.799903 0.0 -0.704083 -0.799916 0.0 -0.703769 -0.799929 0.0 -0.703455 -0.79994 0.0 -0.703141 -0.799951 0.0 -0.702827 -0.79996 0.0 -0.702513 -0.799968 0.0 -0.702199 -0.799975 0.0 -0.701885 -0.799982 0.0 -0.701571 -0.799987 0.0 -0.701257 -0.799992 0.0 -0.700942 -0.799995 0.0 -0.700628 -0.799998 0.0 -0.700314 -0.799999 0.0 -0.7 -0.8 0.0 -0.699686 -0.799999 0.0 -0.699372 -0.799998 0.0 -0.699058 -0.799995 0.0 -0.698743 -0.799992 0.0 -0.698429 -0.799987 0.0 -0.698115 -0.799982 0.0 -0.697801 -0.799975 0.0 -0.697487 -0.799968 0.0 -0.697173 -0.79996 0.0 -0.696859 -0.799951 0.0 -0.696545 -0.79994 0.0 -0.696231 -0.799929 0.0 -0.695917 -0.799916 0.0 -0.695603 -0.799903 0.0 -0.695289 -0.799888 0.0 -0.694976 -0.799874 0.0 -0.694662 -0.799857 0.0 -0.694348 -0.79984 0.0 -0.694035 -0.799821 0.0 -0.693721 -0.799803 0.0 -0.693407 -0.799782 0.0 -0.693094 -0.799761 0.0 -0.692781 -0.799739 0.0 -0.692467 -0.799716 0.0 -0.692154 -0.799691 0.0 -0.691841 -0.799667 0.0 -0.691528 -0.79964 0.0 -0.691215 -0.799613 0.0 -0.690902 -0.799585 0.0 -0.690589 -0.799556 0.0 -0.690276 -0.799526 0.0 -0.689964 -0.799495 0.0 -0.689651 -0.799463 0.0 -0.689339 -0.79943 0.0 -0.689027 -0.799396 0.0 -0.688714 -0.799361 0.0 -0.688402 -0.799325 0.0 -0.68809 -0.799288 0.0 -0.687778 -0.79925 0.0 -0.687467 -0.799211 0.0 -0.687155 -0.799171 0.0 -0.686844 -0.799131 0.0 -0.686532 -0.799088 0.0 -0.686221 -0.799046 0.0 -0.68591 -0.799002 0.0 -0.685599 -0.798958 0.0 -0.685288 -0.798911 0.0 -0.684977 -0.798865 0.0 -0.684667 -0.798817 0.0 -0.684357 -0.798769 0.0 -0.684046 -0.798719 0.0 -0.683736 -0.798669 0.0 -0.683426 -0.798617 0.0 -0.683117 -0.798564 0.0 -0.682807 -0.79851 0.0 -0.682498 -0.798456 0.0 -0.682189 -0.7984 0.0 -0.681879 -0.798345 0.0 -0.681571 -0.798287 0.0 -0.681262 -0.798229 0.0 -0.680953 -0.798169 0.0 -0.680645 -0.798109 0.0 -0.680337 -0.798047 0.0 -0.680029 -0.797986 0.0 -0.679721 -0.797922 0.0 -0.679414 -0.797858 0.0 -0.679107 -0.797792 0.0 -0.678799 -0.797727 0.0 -0.678492 -0.797659 0.0 -0.678186 -0.797592 0.0 -0.677879 -0.797522 0.0 -0.677573 -0.797453 0.0 -0.677267 -0.797381 0.0 -0.676961 -0.79731 0.0 -0.676656 -0.797237 0.0 -0.67635 -0.797163 0.0 -0.676045 -0.797088 0.0 -0.67574 -0.797013 0.0 -0.675436 -0.796935 0.0 -0.675131 -0.796858 0.0 -0.674827 -0.796779 0.0 -0.674523 -0.7967 0.0 -0.674219 -0.796619 0.0 -0.673916 -0.796538 0.0 -0.673613 -0.796455 0.0 -0.67331 -0.796372 0.0 -0.673007 -0.796288 0.0 -0.672705 -0.796203 0.0 -0.672403 -0.796116 0.0 -0.672101 -0.796029 0.0 -0.671799 -0.795941 0.0 -0.671498 -0.795852 0.0 -0.671197 -0.795762 0.0 -0.670896 -0.795671 0.0 -0.670596 -0.795579 0.0 -0.670296 -0.795486 0.0 -0.669996 -0.795392 0.0 -0.669696 -0.795298 0.0 -0.669397 -0.795202 0.0 -0.669098 -0.795106 0.0 -0.6688 -0.795008 0.0 -0.668501 -0.79491 0.0 -0.668203 -0.79481 0.0 -0.667906 -0.79471 0.0 -0.667608 -0.794608 0.0 -0.667311 -0.794506 0.0 -0.667015 -0.794403 0.0 -0.666718 -0.794299 0.0 -0.666422 -0.794194 0.0 -0.666126 -0.794088 0.0 -0.665831 -0.793981 0.0 -0.665536 -0.793873 0.0 -0.665241 -0.793764 0.0 -0.664947 -0.793655 0.0 -0.664653 -0.793544 0.0 -0.664359 -0.793433 0.0 -0.664066 -0.79332 0.0 -0.663772 -0.793207 0.0 -0.66348 -0.793092 0.0 -0.663188 -0.792978 0.0 -0.662896 -0.792861 0.0 -0.662604 -0.792745 0.0 -0.662313 -0.792626 0.0 -0.662022 -0.792508 0.0 -0.661732 -0.792387 0.0 -0.661442 -0.792267 0.0 -0.661152 -0.792145 0.0 -0.660863 -0.792023 0.0 -0.660574 -0.791899 0.0 -0.660285 -0.791775 0.0 -0.659997 -0.79165 0.0 -0.659709 -0.791524 0.0 -0.659422 -0.791397 0.0 -0.659135 -0.791269 0.0 -0.658849 -0.79114 0.0 -0.658562 -0.791011 0.0 -0.658277 -0.79088 0.0 -0.657991 -0.790748 0.0 -0.657707 -0.790616 0.0 -0.657422 -0.790483 0.0 -0.657138 -0.790348 0.0 -0.656854 -0.790213 0.0 -0.656571 -0.790077 0.0 -0.656288 -0.789941 0.0 -0.656006 -0.789802 0.0 -0.655724 -0.789664 0.0 -0.655443 -0.789524 0.0 -0.655162 -0.789384 0.0 -0.654881 -0.789242 0.0 -0.654601 -0.789101 0.0 -0.654321 -0.788957 0.0 -0.654042 -0.788814 0.0 -0.653763 -0.788668 0.0 -0.653485 -0.788523 0.0 -0.653207 -0.788376 0.0 -0.65293 -0.788229 0.0 -0.652653 -0.78808 0.0 -0.652376 -0.787932 0.0 -0.6521 -0.787781 0.0 -0.651825 -0.787631 0.0 -0.65155 -0.787478 0.0 -0.651275 -0.787326 0.0 -0.651001 -0.787172 0.0 -0.650727 -0.787018 0.0 -0.650454 -0.786863 0.0 -0.650181 -0.786707 0.0 -0.64991 -0.78655 0.0 -0.649638 -0.786392 0.0 -0.649367 -0.786233 0.0 -0.649096 -0.786074 0.0 -0.648826 -0.785913 0.0 -0.648556 -0.785753 0.0 -0.648287 -0.78559 0.0 -0.648018 -0.785428 0.0 -0.64775 -0.785264 0.0 -0.647483 -0.785099 0.0 -0.647216 -0.784934 0.0 -0.646949 -0.784768 0.0 -0.646683 -0.7846 0.0 -0.646417 -0.784433 0.0 -0.646153 -0.784264 0.0 -0.645888 -0.784094 0.0 -0.645624 -0.783924 0.0 -0.645361 -0.783753 0.0 -0.645098 -0.78358 0.0 -0.644835 -0.783408 0.0 -0.644574 -0.783234 0.0 -0.644312 -0.78306 0.0 -0.644052 -0.782884 0.0 -0.643792 -0.782708 0.0 -0.643532 -0.782531 0.0 -0.643273 -0.782353 0.0 -0.643015 -0.782174 0.0 -0.642757 -0.781995 0.0 -0.6425 -0.781815 0.0 -0.642243 -0.781634 0.0 -0.641987 -0.781452 0.0 -0.641731 -0.781269 0.0 -0.641476 -0.781086 0.0 -0.641221 -0.780902 0.0 -0.640968 -0.780716 0.0 -0.640714 -0.780531 0.0 -0.640462 -0.780344 0.0 -0.64021 -0.780157 0.0 -0.639958 -0.779968 0.0 -0.639707 -0.779779 0.0 -0.639457 -0.779589 0.0 -0.639207 -0.779399 0.0 -0.638958 -0.779207 0.0 -0.638709 -0.779016 0.0 -0.638462 -0.778822 0.0 -0.638214 -0.778629 0.0 -0.637968 -0.778434 0.0 -0.637721 -0.778239 0.0 -0.637476 -0.778043 0.0 -0.637231 -0.777846 0.0 -0.636987 -0.777648 0.0 -0.636743 -0.77745 0.0 -0.6365 -0.777251 0.0 -0.636258 -0.777051 0.0 -0.636016 -0.77685 0.0 -0.635775 -0.776649 0.0 -0.635535 -0.776447 0.0 -0.635294 -0.776244 0.0 -0.635056 -0.77604 0.0 -0.634817 -0.775836 0.0 -0.634579 -0.775631 0.0 -0.634341 -0.775425 0.0 -0.634105 -0.775218 0.0 -0.633869 -0.775011 0.0 -0.633634 -0.774803 0.0 -0.633399 -0.774594 0.0 -0.633165 -0.774384 0.0 -0.632931 -0.774174 0.0 -0.632699 -0.773963 0.0 -0.632467 -0.773751 0.0 -0.632236 -0.773538 0.0 -0.632005 -0.773326 0.0 -0.631775 -0.773111 0.0 -0.631545 -0.772897 0.0 -0.631317 -0.772681 0.0 -0.631089 -0.772465 0.0 -0.630862 -0.772248 0.0 -0.630635 -0.772031 0.0 -0.630409 -0.771812 0.0 -0.630183 -0.771594 0.0 -0.629959 -0.771374 0.0 -0.629735 -0.771154 0.0 -0.629512 -0.770932 0.0 -0.629289 -0.770711 0.0 -0.629068 -0.770488 0.0 -0.628846 -0.770265 0.0 -0.628626 -0.770041 0.0 -0.628406 -0.769817 0.0 -0.628188 -0.769591 0.0 -0.627969 -0.769365 0.0 -0.627752 -0.769138 0.0 -0.627535 -0.768911 0.0 -0.627319 -0.768683 0.0 -0.627103 -0.768455 0.0 -0.626889 -0.768225 0.0 -0.626674 -0.767995 0.0 -0.626462 -0.767764 0.0 -0.626249 -0.767533 0.0 -0.626037 -0.767301 0.0 -0.625826 -0.767069 0.0 -0.625616 -0.766835 0.0 -0.625406 -0.766601 0.0 -0.625197 -0.766366 0.0 -0.624989 -0.766131 0.0 -0.624782 -0.765895 0.0 -0.624575 -0.765659 0.0 -0.624369 -0.765421 0.0 -0.624164 -0.765183 0.0 -0.62396 -0.764944 0.0 -0.623756 -0.764706 0.0 -0.623553 -0.764465 0.0 -0.623351 -0.764225 0.0 -0.62315 -0.763984 0.0 -0.622949 -0.763742 0.0 -0.622749 -0.7635 0.0 -0.62255 -0.763257 0.0 -0.622352 -0.763013 0.0 -0.622154 -0.762769 0.0 -0.621957 -0.762524 0.0 -0.621761 -0.762279 0.0 -0.621566 -0.762032 0.0 -0.621371 -0.761786 0.0 -0.621178 -0.761538 0.0 -0.620984 -0.761291 0.0 -0.620793 -0.761042 0.0 -0.620601 -0.760793 0.0 -0.620411 -0.760543 0.0 -0.620221 -0.760293 0.0 -0.620032 -0.760042 0.0 -0.619843 -0.75979 0.0 -0.619656 -0.759538 0.0 -0.619469 -0.759286 0.0 -0.619284 -0.759032 0.0 -0.619098 -0.758779 0.0 -0.618914 -0.758524 0.0 -0.618731 -0.758269 0.0 -0.618548 -0.758013 0.0 -0.618366 -0.757757 0.0 -0.618185 -0.7575 0.0 -0.618005 -0.757243 0.0 -0.617826 -0.756985 0.0 -0.617647 -0.756727 0.0 -0.617469 -0.756468 0.0 -0.617292 -0.756208 0.0 -0.617116 -0.755948 0.0 -0.61694 -0.755688 0.0 -0.616766 -0.755426 0.0 -0.616592 -0.755165 0.0 -0.61642 -0.754902 0.0 -0.616247 -0.754639 0.0 -0.616076 -0.754376 0.0 -0.615906 -0.754112 0.0 -0.615736 -0.753847 0.0 -0.615567 -0.753583 0.0 -0.6154 -0.753317 0.0 -0.615232 -0.753051 0.0 -0.615066 -0.752784 0.0 -0.614901 -0.752517 0.0 -0.614736 -0.75225 0.0 -0.614572 -0.751982 0.0 -0.61441 -0.751713 0.0 -0.614247 -0.751444 0.0 -0.614087 -0.751174 0.0 -0.613926 -0.750904 0.0 -0.613767 -0.750633 0.0 -0.613608 -0.750362 0.0 -0.61345 -0.75009 0.0 -0.613293 -0.749819 0.0 -0.613137 -0.749546 0.0 -0.612982 -0.749273 0.0 -0.612828 -0.748999 0.0 -0.612674 -0.748725 0.0 -0.612522 -0.74845 0.0 -0.612369 -0.748175 0.0 -0.612219 -0.7479 0.0 -0.612068 -0.747624 0.0 -0.61192 -0.747347 0.0 -0.611771 -0.74707 0.0 -0.611624 -0.746793 0.0 -0.611477 -0.746515 0.0 -0.611332 -0.746237 0.0 -0.611186 -0.745958 0.0 -0.611043 -0.745679 0.0 -0.610899 -0.745399 0.0 -0.610758 -0.745119 0.0 -0.610616 -0.744838 0.0 -0.610476 -0.744557 0.0 -0.610336 -0.744276 0.0 -0.610198 -0.743994 0.0 -0.610059 -0.743712 0.0 -0.609923 -0.743429 0.0 -0.609787 -0.743146 0.0 -0.609652 -0.742862 0.0 -0.609517 -0.742578 0.0 -0.609384 -0.742293 0.0 -0.609252 -0.742009 0.0 -0.60912 -0.741723 0.0 -0.608989 -0.741438 0.0 -0.60886 -0.741151 0.0 -0.608731 -0.740865 0.0 -0.608603 -0.740578 0.0 -0.608476 -0.740291 0.0 -0.60835 -0.740003 0.0 -0.608225 -0.739715 0.0 -0.608101 -0.739426 0.0 -0.607977 -0.739137 0.0 -0.607855 -0.738848 0.0 -0.607733 -0.738558 0.0 -0.607613 -0.738268 0.0 -0.607492 -0.737978 0.0 -0.607374 -0.737687 0.0 -0.607255 -0.737396 0.0 -0.607139 -0.737104 0.0 -0.607022 -0.736812 0.0 -0.606908 -0.73652 0.0 -0.606793 -0.736228 0.0 -0.60668 -0.735934 0.0 -0.606567 -0.735641 0.0 -0.606456 -0.735347 0.0 -0.606345 -0.735053 0.0 -0.606236 -0.734759 0.0 -0.606127 -0.734464 0.0 -0.606019 -0.734169 0.0 -0.605912 -0.733874 0.0 -0.605806 -0.733578 0.0 -0.605701 -0.733282 0.0 -0.605597 -0.732985 0.0 -0.605494 -0.732689 0.0 -0.605392 -0.732392 0.0 -0.60529 -0.732094 0.0 -0.60519 -0.731797 0.0 -0.60509 -0.731499 0.0 -0.604992 -0.7312 0.0 -0.604894 -0.730902 0.0 -0.604798 -0.730603 0.0 -0.604702 -0.730304 0.0 -0.604608 -0.730004 0.0 -0.604514 -0.729704 0.0 -0.604421 -0.729404 0.0 -0.604329 -0.729104 0.0 -0.604238 -0.728803 0.0 -0.604148 -0.728502 0.0 -0.604059 -0.728201 0.0 -0.603971 -0.727899 0.0 -0.603884 -0.727597 0.0 -0.603797 -0.727295 0.0 -0.603712 -0.726993 0.0 -0.603628 -0.72669 0.0 -0.603545 -0.726387 0.0 -0.603462 -0.726084 0.0 -0.603381 -0.725781 0.0 -0.6033 -0.725477 0.0 -0.603221 -0.725173 0.0 -0.603142 -0.724869 0.0 -0.603065 -0.724564 0.0 -0.602987 -0.72426 0.0 -0.602912 -0.723955 0.0 -0.602837 -0.72365 0.0 -0.602763 -0.723344 0.0 -0.60269 -0.723039 0.0 -0.602619 -0.722733 0.0 -0.602547 -0.722427 0.0 -0.602478 -0.722121 0.0 -0.602408 -0.721814 0.0 -0.602341 -0.721508 0.0 -0.602273 -0.721201 0.0 -0.602208 -0.720893 0.0 -0.602142 -0.720586 0.0 -0.602078 -0.720279 0.0 -0.602014 -0.719971 0.0 -0.601953 -0.719663 0.0 -0.601891 -0.719355 0.0 -0.601831 -0.719047 0.0 -0.601771 -0.718738 0.0 -0.601713 -0.718429 0.0 -0.601655 -0.718121 0.0 -0.6016 -0.717811 0.0 -0.601544 -0.717502 0.0 -0.60149 -0.717193 0.0 -0.601436 -0.716883 0.0 -0.601383 -0.716574 0.0 -0.601331 -0.716264 0.0 -0.601281 -0.715954 0.0 -0.601231 -0.715643 0.0 -0.601183 -0.715333 0.0 -0.601135 -0.715023 0.0 -0.601089 -0.714712 0.0 -0.601042 -0.714401 0.0 -0.600998 -0.71409 0.0 -0.600954 -0.713779 0.0 -0.600912 -0.713468 0.0 -0.600869 -0.713156 0.0 -0.600829 -0.712845 0.0 -0.600789 -0.712533 0.0 -0.60075 -0.712222 0.0 -0.600712 -0.71191 0.0 -0.600675 -0.711598 0.0 -0.600639 -0.711286 0.0 -0.600604 -0.710973 0.0 -0.60057 -0.710661 0.0 -0.600537 -0.710349 0.0 -0.600505 -0.710036 0.0 -0.600474 -0.709724 0.0 -0.600444 -0.709411 0.0 -0.600415 -0.709098 0.0 -0.600387 -0.708785 0.0 -0.60036 -0.708472 0.0 -0.600333 -0.708159 0.0 -0.600309 -0.707846 0.0 -0.600284 -0.707533 0.0 -0.600261 -0.707219 0.0 -0.600239 -0.706906 0.0 -0.600218 -0.706593 0.0 -0.600197 -0.706279 0.0 -0.600179 -0.705965 0.0 -0.60016 -0.705652 0.0 -0.600143 -0.705338 0.0 -0.600126 -0.705024 0.0 -0.600112 -0.704711 0.0 -0.600097 -0.704397 0.0 -0.600084 -0.704083 0.0 -0.600071 -0.703769 0.0 -0.60006 -0.703455 0.0 -0.600049 -0.703141 0.0 -0.60004 -0.702827 0.0 -0.600032 -0.702513 0.0 -0.600025 -0.702199 0.0 -0.600018 -0.701885 0.0 -0.600013 -0.701571 0.0 -0.600008 -0.701257 0.0 -0.600005 -0.700942 0.0 -0.600002 -0.700628 0.0 -0.600001 -0.700314 0.0 
        </DataArray>
      </Points>
      <Polys>
        <DataArray type="Int64" Name="connectivity" format="ascii">
0 1 1 2 2 3 3 4 4 5 5 6 6 7 7 8 8 9 9 10 10 11 11 12 12 13 13 14 14 15 15 16 16 17 17 18 18 19 19 20 20 21 21 22 22 23 23 24 24 25 25 26 26 27 27 28 28 29 29 30 30 31 31 32 32 33 33 34 34 35 35 36 36 37 37 38 38 39 39 40 40 41 41 42 42 43 43 44 44 45 45 46 46 47 47 48 48 49 49 50 50 51 51 52 52 53 53 54 54 55 55 56 56 57 57 58 58 59 59 60 60 61 61 62 62 63 63 64 64 65 65 66 66 67 67 68 68 69 69 70 70 71 71 72 72 73 73 74 74 75 75 76 76 77 77 78 78 79 79 80 80 81 81 82 82 83 83 84 84 85 85 86 86 87 87 88 88 89 89 90 90 91 91 92 92 93 93 94 94 95 95 96 96 97 97 98 98 99 99 100 100 101 101 102 102 103 103 104 104 105 105 106 106 107 107 108 108 109 109 110 110 111 111 112 112 113 113 114 114 115 115 116 116 117 117 118 118 119 119 120 120 121 121 122 122 123 123 124 124 125 125 126 126 127 127 128 128 129 129 130 130 131 131 132 132 133 133 134 134 135 135 136 136 137 137 138 138 139 139 140 140 141 141 142 142 143 143 144 144 145 145 146 146 147 147 148 148 149 149 150 150 151 151 152 152 153 153 154 154 155 155 156 156 157 157 158 158 159 159 160 160 161 161 162 162 163 163 164 164 165 165 166 166 167 167 168 168 169 169 170 170 171 171 172 172 173 173 174 174 175 175 176 176 177 177 178 178 179 179 180 180 181 181 182 182 183 183 184 184 185 185 186 186 187 187 188 188 189 189 190 190 191 191 192 192 193 193 194 194 195 195 196 196 197 197 198 198 199 199 200 200 201 201 202 202 203 203 204 204 205 205 206 206 207 207 208 208 209 209 210 210 211 211 212 212 213 213 214 214 215 215 216 216 217 217 218 218 219 219 220 220 221 221 222 222 223 223 224 224 225 225 226 226 227 227 228 228 229 229 230 230 231 231 232 232 233 233 234 234 235 235 236 236 237 237 238 238 239 239 240 240 241 241 242 242 243 243 244 244 245 245 246 246 247 247 248 248 249 249 250 250 251 251 252 252 253 253 254 254 255 255 256 256 257 257 258 258 259 259 260 260 261 261 262 262 263 263 264 264 265 265 266 266 267 267 268 268 269 269 270 270 271 271 272 272 273 273 274 274 275 275 276 276 277 277 278 278 279 279 280 280 281 281 282 282 283 283 284 284 285 285 286 286 287 287 288 288 289 289 290 290 291 291 292 292 293 293 294 294 295 295 296 296 297 297 298 298 299 299 300 300 301 301 302 302 303 303 304 304 305 305 306 306 307 307 308 308 309 309 310 310 311 311 312 312 313 313 314 314 315 315 316 316 317 317 318 318 319 319 320 320 321 321 322 322 323 323 324 324 325 325 326 326 327 327 328 328 329 329 330 330 331 331 332 332 333 333 334 334 335 335 336 336 337 337 338 338 339 339 340 340 341 341 342 342 343 343 344 344 345 345 346 346 347 347 348 348 349 349 350 350 351 351 352 352 353 353 354 354 355 355 356 356 357 357 358 358 359 359 360 360 361 361 362 362 363 363 364 364 365 365 366 366 367 367 368 368 369 369 370 370 371 371 372 372 373 373 374 374 375 375 376 376 377 377 378 378 379 379 380 380 381 381 382 382 383 383 384 384 385 385 386 386 387 387 388 388 389 389 390 390 391 391 392 392 393 393 394 394 395 395 396 396 397 397 398 398 399 399 400 400 401 401 402 402 403 403 404 404 405 405 406 406 407 407 408 408 409 409 410 410 411 411 412 412 413 413 414 414 415 415 416 416 417 417 418 418 419 419 420 420 421 421 422 422 423 423 424 424 425 425 426 426 427 427 428 428 429 429 430 430 431 431 432 432 433 433 434 434 435 435 436 436 437 437 438 438 439 439 440 440 441 441 442 442 443 443 444 444 445 445 446 446 447 447 448 448 449 449 450 450 451 451 452 452 453 453 454 454 455 455 456 456 457 457 458 458 459 459 460 460 461 461 462 462 463 463 464 464 465 465 466 466 467 467 468 468 469 469 470 470 471 471 472 472 473 473 474 474 475 475 476 476 477 477 478 478 479 479 480 480 481 481 482 482 483 483 484 484 485 485 486 486 487 487 488 488 489 489 490 490 491 491 492 492 493 493 494 494 495 495 496 496 497 497 498 498 499 499 500 500 501 501 502 502 503 503 504 504 505 505 506 506 507 507 508 508 509 509 510 510 511 511 512 512 513 513 514 514 515 515 516 516 517 517 518 518 519 519 520 520 521 521 522 522 523 523 524 524 525 525 526 526 527 527 528 528 529 529 530 530 531 531 532 532 533 533 534 534 535 535 536 536 537 537 538 538 539 539 540 540 541 541 542 542 543 543 544 544 545 545 546 546 547 547 548 548 549 549 550 550 551 551 552 552 553 553 554 554 555 555 556 556 557 557 558 558 559 559 560 560 561 561 562 562 563 563 564 564 565 565 566 566 567 567 568 568 569 569 570 570 571 571 572 572 573 573 574 574 575 575 576 576 577 577 578 578 579 579 580 580 581 581 582 582 583 583 584 584 585 585 586 586 587 587 588 588 589 589 590 590 591 591 592 592 593 593 594 594 595 595 596 596 597 597 598 598 599 599 600 600 601 601 602 602 603 603 604 604 605 605 606 606 607 607 608 608 609 609 610 610 611 611 612 612 613 613 614 614 615 615 616 616 617 617 618 618 619 619 620 620 621 621 622 622 623 623 624 624 625 625 626 626 627 627 628 628 629 629 630 630 631 631 632 632 633 633 634 634 635 635 636 636 637 637 638 638 639 639 640 640 641 641 642 642 643 643 644 644 645 645 646 646 647 647 648 648 649 649 650 650 651 651 652 652 653 653 654 654 655 655 656 656 657 657 658 658 659 659 660 660 661 661 662 662 663 663 664 664 665 665 666 666 667 667 668 668 669 669 670 670 671 671 672 672 673 673 674 674 675 675 676 676 677 677 678 678 679 679 680 680 681 681 682 682 683 683 684 684 685 685 686 686 687 687 688 688 689 689 690 690 691 691 692 692 693 693 694 694 695 695 696 696 697 697 698 698 699 699 700 700 701 701 702 702 703 703 704 704 705 705 706 706 707 707 708 708 709 709 710 710 711 711 712 712 713 713 714 714 715 715 716 716 717 717 718 718 719 719 720 720 721 721 722 722 723 723 724 724 725 725 726 726 727 727 728 728 729 729 730 730 731 731 732 732 733 733 734 734 735 735 736 736 737 737 738 738 739 739 740 740 741 741 742 742 743 743 744 744 745 745 746 746 747 747 748 748 749 749 750 750 751 751 752 752 753 753 754 754 755 755 756 756 757 757 758 758 759 759 760 760 761 761 762 762 763 763 764 764 765 765 766 766 767 767 768 768 769 769 770 770 771 771 772 772 773 773 774 774 775 775 776 776 777 777 778 778 779 779 780 780 781 781 782 782 783 783 784 784 785 785 786 786 787 787 788 788 789 789 790 790 791 791 792 792 793 793 794 794 795 795 796 796 797 797 798 798 799 799 800 800 801 801 802 802 803 803 804 804 805 805 806 806 807 807 808 808 809 809 810 810 811 811 812 812 813 813 814 814 815 815 816 816 817 817 818 818 819 819 820 820 821 821 822 822 823 823 824 824 825 825 826 826 827 827 828 828 829 829 830 830 831 831 832 832 833 833 834 834 835 835 836 836 837 837 838 838 839 839 840 840 841 841 842 842 843 843 844 844 845 845 846 846 847 847 848 848 849 849 850 850 851 851 852 852 853 853 854 854 855 855 856 856 857 857 858 858 859 859 860 860 861 861 862 862 863 863 864 864 865 865 866 866 867 867 868 868 869 869 870 870 871 871 872 872 873 873 874 874 875 875 876 876 877 877 878 878 879 879 880 880 881 881 882 882 883 883 884 884 885 885 886 886 887 887 888 888 889 889 890 890 891 891 892 892 893 893 894 894 895 895 896 896 897 897 898 898 899 899 900 900 901 901 902 902 903 903 904 904 905 905 906 906 907 907 908 908 909 909 910 910 911 911 912 912 913 913 914 914 915 915 916 916 917 917 918 918 919 919 920 920 921 921 922 922 923 923 924 924 925 925 926 926 927 927 928 928 929 929 930 930 931 931 932 932 933 933 934 934 935 935 936 936 937 937 938 938 939 939 940 940 941 941 942 942 943 943 944 944 945 945 946 946 947 947 948 948 949 949 950 950 951 951 952 952 953 953 954 954 955 955 956 956 957 957 958 958 959 959 960 960 961 961 962 962 963 963 964 964 965 965 966 966 967 967 968 968 969 969 970 970 971 971 972 972 973 973 974 974 975 975 976 976 977 977 978 978 979 979 980 980 981 981 982 982 983 983 984 984 985 985 986 986 987 987 988 988 989 989 990 990 991 991 992 992 993 993 994 994 995 995 996 996 997 997 998 998 999 999 1000 1000 1001 1001 1002 1002 1003 1003 1004 1004 1005 1005 1006 1006 1007 1007 1008 1008 1009 1009 1010 1010 1011 1011 1012 1012 1013 1013 1014 1014 1015 1015 1016 1016 1017 1017 1018 1018 1019 1019 1020 1020 1021 1021 1022 1022 1023 1023 1024 1024 1025 1025 1026 1026 1027 1027 1028 1028 1029 1029 1030 1030 1031 1031 1032 1032 1033 1033 1034 1034 1035 1035 1036 1036 1037 1037 1038 1038 1039 1039 1040 1040 1041 1041 1042 1042 1043 1043 1044 1044 1045 1045 1046 1046 1047 1047 1048 1048 1049 1049 1050 1050 1051 1051 1052 1052 1053 1053 1054 1054 1055 1055 1056 1056 1057 1057 1058 1058 1059 1059 1060 1060 1061 1061 1062 1062 1063 1063 1064 1064 1065 1065 1066 1066 1067 1067 1068 1068 1069 1069 1070 1070 1071 1071 1072 1072 1073 1073 1074 1074 1075 1075 1076 1076 1077 1077 1078 1078 1079 1079 1080 1080 1081 1081 1082 1082 1083 1083 1084 1084 1085 1085 1086 1086 1087 1087 1088 1088 1089 1089 1090 1090 1091 1091 1092 1092 1093 1093 1094 1094 1095 1095 1096 1096 1097 1097 1098 1098 1099 1099 1100 1100 1101 1101 1102 1102 1103 1103 1104 1104 1105 1105 1106 1106 1107 1107 1108 1108 1109 1109 1110 1110 1111 1111 1112 1112 1113 1113 1114 1114 1115 1115 1116 1116 1117 1117 1118 1118 1119 1119 1120 1120 1121 1121 1122 1122 1123 1123 1124 1124 1125 1125 1126 1126 1127 1127 1128 1128 1129 1129 1130 1130 1131 1131 1132 1132 1133 1133 1134 1134 1135 1135 1136 1136 1137 1137 1138 1138 1139 1139 1140 1140 1141 1141 1142 1142 1143 1143 1144 1144 1145 1145 1146 1146 1147 1147 1148 1148 1149 1149 1150 1150 1151 1151 1152 1152 1153 1153 1154 1154 1155 1155 1156 1156 1157 1157 1158 1158 1159 1159 1160 1160 1161 1161 1162 1162 1163 1163 1164 1164 1165 1165 1166 1166 1167 1167 1168 1168 1169 1169 1170 1170 1171 1171 1172 1172 1173 1173 1174 1174 1175 1175 1176 1176 1177 1177 1178 1178 1179 1179 1180 1180 1181 1181 1182 1182 1183 1183 1184 1184 1185 1185 1186 1186 1187 1187 1188 1188 1189 1189 1190 1190 1191 1191 1192 1192 1193 1193 1194 1194 1195 1195 1196 1196 1197 1197 1198 1198 1199 1199 1200 1200 1201 1201 1202 1202 1203 1203 1204 1204 1205 1205 1206 1206 1207 1207 1208 1208 1209 1209 1210 1210 1211 1211 1212 1212 1213 1213 1214 1214 1215 1215 1216 1216 1217 1217 1218 1218 1219 1219 1220 1220 1221 1221 1222 1222 1223 1223 1224 1224 1225 1225 1226 1226 1227 1227 1228 1228 1229 1229 1230 1230 1231 1231 1232 1232 1233 1233 1234 1234 1235 1235 1236 1236 1237 1237 1238 1238 1239 1239 1240 1240 1241 1241 1242 1242 1243 1243 1244 1244 1245 1245 1246 1246 1247 1247 1248 1248 1249 1249 1250 1250 1251 1251 1252 1252 1253 1253 1254 1254 1255 1255 1256 1256 1257 1257 1258 1258 1259 1259 1260 1260 1261 1261 1262 1262 1263 1263 1264 1264 1265 1265 1266 1266 1267 1267 1268 1268 1269 1269 1270 1270 1271 1271 1272 1272 1273 1273 1274 1274 1275 1275 1276 1276 1277 1277 1278 1278 1279 1279 1280 1280 1281 1281 1282 1282 1283 1283 1284 1284 1285 1285 1286 1286 1287 1287 1288 1288 1289 1289 1290 1290 1291 1291 1292 1292 1293 1293 1294 1294 1295 1295 1296 1296 1297 1297 1298 1298 1299 1299 1300 1300 1301 1301 1302 1302 1303 1303 1304 1304 1305 1305 1306 1306 1307 1307 1308 1308 1309 1309 1310 1310 1311 1311 1312 1312 1313 1313 1314 1314 1315 1315 1316 1316 1317 1317 1318 1318 1319 1319 1320 1320 1321 1321 1322 1322 1323 1323 1324 1324 1325 1325 1326 1326 1327 1327 1328 1328 1329 1329 1330 1330 1331 1331 1332 1332 1333 1333 1334 1334 1335 1335 1336 1336 1337 1337 1338 1338 1339 1339 1340 1340 1341 1341 1342 1342 1343 1343 1344 1344 1345 1345 1346 1346 1347 1347 1348 1348 1349 1349 1350 1350 1351 1351 1352 1352 1353 1353 1354 1354 1355 1355 1356 1356 1357 1357 1358 1358 1359 1359 1360 1360 1361 1361 1362 1362 1363 1363 1364 1364 1365 1365 1366 1366 1367 1367 1368 1368 1369 1369 1370 1370 1371 1371 1372 1372 1373 1373 1374 1374 1375 1375 1376 1376 1377 1377 1378 1378 1379 1379 1380 1380 1381 1381 1382 1382 1383 1383 1384 1384 1385 1385 1386 1386 1387 1387 1388 1388 1389 1389 1390 1390 1391 1391 1392 1392 1393 1393 1394 1394 1395 1395 1396 1396 1397 1397 1398 1398 1399 1399 1400 1400 1401 1401 1402 1402 1403 1403 1404 1404 1405 1405 1406 1406 1407 1407 1408 1408 1409 1409 1410 1410 1411 1411 1412 1412 1413 1413 1414 1414 1415 1415 1416 1416 1417 1417 1418 1418 1419 1419 1420 1420 1421 1421 1422 1422 1423 1423 1424 1424 1425 1425 1426 1426 1427 1427 1428 1428 1429 1429 1430 1430 1431 1431 1432 1432 1433 1433 1434 1434 1435 1435 1436 1436 1437 1437 1438 1438 1439 1439 1440 1440 1441 1441 1442 1442 1443 1443 1444 1444 1445 1445 1446 1446 1447 1447 1448 1448 1449 1449 1450 1450 1451 1451 1452 1452 1453 1453 1454 1454 1455 1455 1456 1456 1457 1457 1458 1458 1459 1459 1460 1460 1461 1461 1462 1462 1463 1463 1464 1464 1465 1465 1466 1466 1467 1467 1468 1468 1469 1469 1470 1470 1471 1471 1472 1472 1473 1473 1474 1474 1475 1475 1476 1476 1477 1477 1478 1478 1479 1479 1480 1480 1481 1481 1482 1482 1483 1483 1484 1484 1485 1485 1486 1486 1487 1487 1488 1488 1489 1489 1490 1490 1491 1491 1492 1492 1493 1493 1494 1494 1495 1495 1496 1496 1497 1497 1498 1498 1499 1499 1500 1500 1501 1501 1502 1502 1503 1503 1504 1504 1505 1505 1506 1506 1507 1507 1508 1508 1509 1509 1510 1510 1511 1511 1512 1512 1513 1513 1514 1514 1515 1515 1516 1516 1517 1517 1518 1518 1519 1519 1520 1520 1521 1521 1522 1522 1523 1523 1524 1524 1525 1525 1526 1526 1527 1527 1528 1528 1529 1529 1530 1530 1531 1531 1532 1532 1533 1533 1534 1534 1535 1535 1536 1536 1537 1537 1538 1538 1539 1539 1540 1540 1541 1541 1542 1542 1543 1543 1544 1544 1545 1545 1546 1546 1547 1547 1548 1548 1549 1549 1550 1550 1551 1551 1552 1552 1553 1553 1554 1554 1555 1555 1556 1556 1557 1557 1558 1558 1559 1559 1560 1560 1561 1561 1562 1562 1563 1563 1564 1564 1565 1565 1566 1566 1567 1567 1568 1568 1569 1569 1570 1570 1571 1571 1572 1572 1573 1573 1574 1574 1575 1575 1576 1576 1577 1577 1578 1578 1579 1579 1580 1580 1581 1581 1582 1582 1583 1583 1584 1584 1585 1585 1586 1586 1587 1587 1588 1588 1589 1589 1590 1590 1591 1591 1592 1592 1593 1593 1594 1594 1595 1595 1596 1596 1597 1597 1598 1598 1599 1599 1600 1600 1601 1601 1602 1602 1603 1603 1604 1604 1605 1605 1606 1606 1607 1607 1608 1608 1609 1609 1610 1610 1611 1611 1612 1612 1613 1613 1614 1614 1615 1615 1616 1616 1617 1617 1618 1618 1619 1619 1620 1620 1621 1621 1622 1622 1623 1623 1624 1624 1625 1625 1626 1626 1627 1627 1628 1628 1629 1629 1630 1630 1631 1631 1632 1632 1633 1633 1634 1634 1635 1635 1636 1636 1637 1637 1638 1638 1639 1639 1640 1640 1641 1641 1642 1642 1643 1643 1644 1644 1645 1645 1646 1646 1647 1647 1648 1648 1649 1649 1650 1650 1651 1651 1652 1652 1653 1653 1654 1654 1655 1655 1656 1656 1657 1657 1658 1658 1659 1659 1660 1660 1661 1661 1662 1662 1663 1663 1664 1664 1665 1665 1666 1666 1667 1667 1668 1668 1669 1669 1670 1670 1671 1671 1672 1672 1673 1673 1674 1674 1675 1675 1676 1676 1677 1677 1678 1678 1679 1679 1680 1680 1681 1681 1682 1682 1683 1683 1684 1684 1685 1685 1686 1686 1687 1687 1688 1688 1689 1689 1690 1690 1691 1691 1692 1692 1693 1693 1694 1694 1695 1695 1696 1696 1697 1697 1698 1698 1699 1699 1700 1700 1701 1701 1702 1702 1703 1703 1704 1704 1705 1705 1706 1706 1707 1707 1708 1708 1709 1709 1710 1710 1711 1711 1712 1712 1713 1713 1714 1714 1715 1715 1716 1716 1717 1717 1718 1718 1719 1719 1720 1720 1721 1721 1722 1722 1723 1723 1724 1724 1725 1725 1726 1726 1727 1727 1728 1728 1729 1729 1730 1730 1731 1731 1732 1732 1733 1733 1734 1734 1735 1735 1736 1736 1737 1737 1738 1738 1739 1739 1740 1740 1741 1741 1742 1742 1743 1743 1744 1744 1745 1745 1746 1746 1747 1747 1748 1748 1749 1749 1750 1750 1751 1751 1752 1752 1753 1753 1754 1754 1755 1755 1756 1756 1757 1757 1758 1758 1759 1759 1760 1760 1761 1761 1762 1762 1763 1763 1764 1764 1765 1765 1766 1766 1767 1767 1768 1768 1769 1769 1770 1770 1771 1771 1772 1772 1773 1773 1774 1774 1775 1775 1776 1776 1777 1777 1778 1778 1779 1779 1780 1780 1781 1781 1782 1782 1783 1783 1784 1784 1785 1785 1786 1786 1787 1787 1788 1788 1789 1789 1790 1790 1791 1791 1792 1792 1793 1793 1794 1794 1795 1795 1796 1796 1797 1797 1798 1798 1799 1799 1800 1800 1801 1801 1802 1802 1803 1803 1804 1804 1805 1805 1806 1806 1807 1807 1808 1808 1809 1809 1810 1810 1811 1811 1812 1812 1813 1813 1814 1814 1815 1815 1816 1816 1817 1817 1818 1818 1819 1819 1820 1820 1821 1821 1822 1822 1823 1823 1824 1824 1825 1825 1826 1826 1827 1827 1828 1828 1829 1829 1830 1830 1831 1831 1832 1832 1833 1833 1834 1834 1835 1835 1836 1836 1837 1837 1838 1838 1839 1839 1840 1840 1841 1841 1842 1842 1843 1843 1844 1844 1845 1845 1846 1846 1847 1847 1848 1848 1849 1849 1850 1850 1851 1851 1852 1852 1853 1853 1854 1854 1855 1855 1856 1856 1857 1857 1858 1858 1859 1859 1860 1860 1861 1861 1862 1862 1863 1863 1864 1864 1865 1865 1866 1866 1867 1867 1868 1868 1869 1869 1870 1870 1871 1871 1872 1872 1873 1873 1874 1874 1875 1875 1876 1876 1877 1877 1878 1878 1879 1879 1880 1880 1881 1881 1882 1882 1883 1883 1884 1884 1885 1885 1886 1886 1887 1887 1888 1888 1889 1889 1890 1890 1891 1891 1892 1892 1893 1893 1894 1894 1895 1895 1896 1896 1897 1897 1898 1898 1899 1899 1900 1900 1901 1901 1902 1902 1903 1903 1904 1904 1905 1905 1906 1906 1907 1907 1908 1908 1909 1909 1910 1910 1911 1911 1912 1912 1913 1913 1914 1914 1915 1915 1916 1916 1917 1917 1918 1918 1919 1919 1920 1920 1921 1921 1922 1922 1923 1923 1924 1924 1925 1925 1926 1926 1927 1927 1928 1928 1929 1929 1930 1930 1931 1931 1932 1932 1933 1933 1934 1934 1935 1935 1936 1936 1937 1937 1938 1938 1939 1939 1940 1940 1941 1941 1942 1942 1943 1943 1944 1944 1945 1945 1946 1946 1947 1947 1948 1948 1949 1949 1950 1950 1951 1951 1952 1952 1953 1953 1954 1954 1955 1955 1956 1956 1957 1957 1958 1958 1959 1959 1960 1960 1961 1961 1962 1962 1963 1963 1964 1964 1965 1965 1966 1966 1967 1967 1968 1968 1969 1969 1970 1970 1971 1971 1972 1972 1973 1973 1974 1974 1975 1975 1976 1976 1977 1977 1978 1978 1979 1979 1980 1980 1981 1981 1982 1982 1983 1983 1984 1984 1985 1985 1986 1986 1987 1987 1988 1988 1989 1989 1990 1990 1991 1991 1992 1992 1993 1993 1994 1994 1995 1995 1996 1996 1997 1997 1998 1998 1999 1999 0 
        </DataArray>
        <DataArray type="Int64" Name="offsets" format="ascii">
2 4 6 8 10 12 14 16 18 20 22 24 26 28 30 32 34 36 38 40 42 44 46 48 50 52 54 56 58 60 62 64 66 68 70 72 74 76 78 80 82 84 86 88 90 92 94 96 98 100 102 104 106 108 110 112 114 116 118 120 122 124 126 128 130 132 134 136 138 140 142 144 146 148 150 152 154 156 158 160 162 164 166 168 170 172 174 176 178 180 182 184 186 188 190 192 194 196 198 200 202 204 206 208 210 212 214 216 218 220 222 224 226 228 230 232 234 236 238 240 242 244 246 248 250 252 254 256 258 260 262 264 266 268 270 272 274 276 278 280 282 284 286 288 290 292 294 296 298 300 302 304 306 308 310 312 314 316 318 320 322 324 326 328 330 332 334 336 338 340 342 344 346 348 350 352 354 356 358 360 362 364 366 368 370 372 374 376 378 380 382 384 386 388 390 392 394 396 398 400 402 404 406 408 410 412 414 416 418 420 422 424 426 428 430 432 434 436 438 440 442 444 446 448 450 452 454 456 458 460 462 464 466 468 470 472 474 476 478 480 482 484 486 488 490 492 494 496 498 500 502 504 506 508 510 512 514 516 518 520 522 524 526 528 530 532 534 536 538 540 542 544 546 548 550 552 554 556 558 560 562 564 566 568 570 572 574 576 578 580 582 584 586 588 590 592 594 596 598 600 602 604 606 608 610 612 614 616 618 620 622 624 626 628 630 632 634 636 638 640 642 644 646 648 650 652 654 656 658 660 662 664 666 668 670 672 674 676 678 680 682 684 686 688 690 692 694 696 698 700 702 704 706 708 710 712 714 716 718 720 722 724 726 728 730 732 734 736 738 740 742 744 746 748 750 752 754 756 758 760 762 764 766 768 770 772 774 776 778 780 782 784 786 788 790 792 794 796 798 800 802 804 806 808 810 812 814 816 818 820 822 824 826 828 830 832 834 836 838 840 842 844 846 848 850 852 854 856 858 860 862 864 866 868 870 872 874 876 878 880 882 884 886 888 890 892 894 896 898 900 902 904 906 908 910 912 914 916 918 920 922 924 926 928 930 932 934 936 938 940 942 944 946 948 950 952 954 956 958 960 962 964 966 968 970 972 974 976 978 980 982 984 986 988 990 992 994 996 998 1000 1002 1004 1006 1008 1010 1012 1014 1016 1018 1020 1022 1024 1026 1028 1030 1032 1034 1036 1038 1040 1042 1044 1046 1048 1050 1052 1054 1056 1058 1060 1062 1064 1066 1068 1070 1072 1074 1076 1078 1080 1082 1084 1086 1088 1090 1092 1094 1096 1098 1100 1102 1104 1106 1108 1110 1112 1114 1116 1118 1120 1122 1124 1126 1128 1130 1132 1134 1136 1138 1140 1142 1144 1146 1148 1150 1152 1154 1156 1158 1160 1162 1164 1166 1168 1170 1172 1174 1176 1178 1180 1182 1184 1186 1188 1190 1192 1194 1196 1198 1200 1202 1204 1206 1208 1210 1212 1214 1216 1218 1220 1222 1224 1226 1228 1230 1232 1234 1236 1238 1240 1242 1244 1246 1248 1250 1252 1254 1256 1258 1260 1262 1264 1266 1268 1270 1272 1274 1276 1278 1280 1282 1284 1286 1288 1290 1292 1294 1296 1298 1300 1302 1304 1306 1308 1310 1312 1314 1316 1318 1320 1322 1324 1326 1328 1330 1332 1334 1336 1338 1340 1342 1344 1346 1348 1350 1352 1354 1356 1358 1360 1362 1364 1366 1368 1370 1372 1374 1376 1378 1380 1382 1384 1386 1388 1390 1392 1394 1396 1398 1400 1402 1404 1406 1408 1410 1412 1414 1416 1418 1420 1422 1424 1426 1428 1430 1432 1434 1436 1438 1440 1442 1444 1446 1448 1450 1452 1454 1456 1458 1460 1462 1464 1466 1468 1470 1472 1474 1476 1478 1480 1482 1484 1486 1488 1490 1492 1494 1496 1498 1500 1502 1504 1506 1508 1510 1512 1514 1516 1518 1520 1522 1524 1526 1528 1530 1532 1534 1536 1538 1540 1542 1544 1546 1548 1550 1552 1554 1556 1558 1560 1562 1564 1566 1568 1570 1572 1574 1576 1578 1580 1582 1584 1586 1588 1590 1592 1594 1596 1598 1600 1602 1604 1606 1608 1610 1612 1614 1616 1618 1620 1622 1624 1626 1628 1630 1632 1634 1636 1638 1640 1642 1644 1646 1648 1650 1652 1654 1656 1658 1660 1662 1664 1666 1668 1670 1672 1674 1676 1678 1680 1682 1684 1686 1688 1690 1692 1694 1696 1698 1700 1702 1704 1706 1708 1710 1712 1714 1716 1718 1720 1722 1724 1726 1728 1730 1732 1734 1736 1738 1740 1742 1744 1746 1748 1750 1752 1754 1756 1758 1760 1762 1764 1766 1768 1770 1772 1774 1776 1778 1780 1782 1784 1786 1788 1790 1792 1794 1796 1798 1800 1802 1804 1806 1808 1810 1812 1814 1816 1818 1820 1822 1824 1826 1828 1830 1832 1834 1836 1838 1840 1842 1844 1846 1848 1850 1852 1854 1856 1858 1860 1862 1864 1866 1868 1870 1872 1874 1876 1878 1880 1882 1884 1886 1888 1890 1892 1894 1896 1898 1900 1902 1904 1906 1908 1910 1912 1914 1916 1918 1920 1922 1924 1926 1928 1930 1932 1934 1936 1938 1940 1942 1944 1946 1948 1950 1952 1954 1956 1958 1960 1962 1964 1966 1968 1970 1972 1974 1976 1978 1980 1982 1984 1986 1988 1990 1992 1994 1996 1998 2000 2002 2004 2006 2008 2010 2012 2014 2016 2018 2020 2022 2024 2026 2028 2030 2032 2034 2036 2038 2040 2042 2044 2046 2048 2050 2052 2054 2056 2058 2060 2062 2064 2066 2068 2070 2072 2074 2076 2078 2080 2082 2084 2086 2088 2090 2092 2094 2096 2098 2100 2102 2104 2106 2108 2110 2112 2114 2116 2118 2120 2122 2124 2126 2128 2130 2132 2134 2136 2138 2140 2142 2144 2146 2148 2150 2152 2154 2156 2158 2160 2162 2164 2166 2168 2170 2172 2174 2176 2178 2180 2182 2184 2186 2188 2190 2192 2194 2196 2198 2200 2202 2204 2206 2208 2210 2212 2214 2216 2218 2220 2222 2224 2226 2228 2230 2232 2234 2236 2238 2240 2242 2244 2246 2248 2250 2252 2254 2256 2258 2260 2262 2264 2266 2268 2270 2272 2274 2276 2278 2280 2282 2284 2286 2288 2290 2292 2294 2296 2298 2300 2302 2304 2306 2308 2310 2312 2314 2316 2318 2320 2322 2324 2326 2328 2330 2332 2334 2336 2338 2340 2342 2344 2346 2348 2350 2352 2354 2356 2358 2360 2362 2364 2366 2368 2370 2372 2374 2376 2378 2380 2382 2384 2386 2388 2390 2392 2394 2396 2398 2400 2402 2404 2406 2408 2410 2412 2414 2416 2418 2420 2422 2424 2426 2428 2430 2432 2434 2436 2438 2440 2442 2444 2446 2448 2450 2452 2454 2456 2458 2460 2462 2464 2466 2468 2470 2472 2474 2476 2478 2480 2482 2484 2486 2488 2490 2492 2494 2496 2498 2500 2502 2504 2506 2508 2510 2512 2514 2516 2518 2520 2522 2524 2526 2528 2530 2532 2534 2536 2538 2540 2542 2544 2546 2548 2550 2552 2554 2556 2558 2560 2562 2564 2566 2568 2570 2572 2574 2576 2578 2580 2582 2584 2586 2588 2590 2592 2594 2596 2598 2600 2602 2604 2606 2608 2610 2612 2614 2616 2618 2620 2622 2624 2626 2628 2630 2632 2634 2636 2638 2640 2642 2644 2646 2648 2650 2652 2654 2656 2658 2660 2662 2664 2666 2668 2670 2672 2674 2676 2678 2680 2682 2684 2686 2688 2690 2692 2694 2696 2698 2700 2702 2704 2706 2708 2710 2712 2714 2716 2718 2720 2722 2724 2726 2728 2730 2732 2734 2736 2738 2740 2742 2744 2746 2748 2750 2752 2754 2756 2758 2760 2762 2764 2766 2768 2770 2772 2774 2776 2778 2780 2782 2784 2786 2788 2790 2792 2794 2796 2798 2800 2802 2804 2806 2808 2810 2812 2814 2816 2818 2820 2822 2824 2826 2828 2830 2832 2834 2836 2838 2840 2842 2844 2846 2848 2850 2852 2854 2856 2858 2860 2862 2864 2866 2868 2870 2872 2874 2876 2878 2880 2882 2884 2886 2888 2890 2892 2894 2896 2898 2900 2902 2904 2906 2908 2910 2912 2914 2916 2918 2920 2922 2924 2926 2928 2930 2932 2934 2936 2938 2940 2942 2944 2946 2948 2950 2952 2954 2956 2958 2960 2962 2964 2966 2968 2970 2972 2974 2976 2978 2980 2982 2984 2986 2988 2990 2992 2994 2996 2998 3000 3002 3004 3006 3008 3010 3012 3014 3016 3018 3020 3022 3024 3026 3028 3030 3032 3034 3036 3038 3040 3042 3044 3046 3048 3050 3052 3054 3056 3058 3060 3062 3064 3066 3068 3070 3072 3074 3076 3078 3080 3082 3084 3086 3088 3090 3092 3094 3096 3098 3100 3102 3104 3106 3108 3110 3112 3114 3116 3118 3120 3122 3124 3126 3128 3130 3132 3134 3136 3138 3140 3142 3144 3146 3148 3150 3152 3154 3156 3158 3160 3162 3164 3166 3168 3170 3172 3174 3176 3178 3180 3182 3184 3186 3188 3190 3192 3194 3196 3198 3200 3202 3204 3206 3208 3210 3212 3214 3216 3218 3220 3222 3224 3226 3228 3230 3232 3234 3236 3238 3240 3242 3244 3246 3248 3250 3252 3254 3256 3258 3260 3262 3264 3266 3268 3270 3272 3274 3276 3278 3280 3282 3284 3286 3288 3290 3292 3294 3296 3298 3300 3302 3304 3306 3308 3310 3312 3314 3316 3318 3320 3322 3324 3326 3328 3330 3332 3334 3336 3338 3340 3342 3344 3346 3348 3350 3352 3354 3356 3358 3360 3362 3364 3366 3368 3370 3372 3374 3376 3378 3380 3382 3384 3386 3388 3390 3392 3394 3396 3398 3400 3402 3404 3406 3408 3410 3412 3414 3416 3418 3420 3422 3424 3426 3428 3430 3432 3434 3436 3438 3440 3442 3444 3446 3448 3450 3452 3454 3456 3458 3460 3462 3464 3466 3468 3470 3472 3474 3476 3478 3480 3482 3484 3486 3488 3490 3492 3494 3496 3498 3500 3502 3504 3506 3508 3510 3512 3514 3516 3518 3520 3522 3524 3526 3528 3530 3532 3534 3536 3538 3540 3542 3544 3546 3548 3550 3552 3554 3556 3558 3560 3562 3564 3566 3568 3570 3572 3574 3576 3578 3580 3582 3584 3586 3588 3590 3592 3594 3596 3598 3600 3602 3604 3606 3608 3610 3612 3614 3616 3618 3620 3622 3624 3626 3628 3630 3632 3634 3636 3638 3640 3642 3644 3646 3648 3650 3652 3654 3656 3658 3660 3662 3664 3666 3668 3670 3672 3674 3676 3678 3680 3682 3684 3686 3688 3690 3692 3694 3696 3698 3700 3702 3704 3706 3708 3710 3712 3714 3716 3718 3720 3722 3724 3726 3728 3730 3732 3734 3736 3738 3740 3742 3744 3746 3748 3750 3752 3754 3756 3758 3760 3762 3764 3766 3768 3770 3772 3774 3776 3778 3780 3782 3784 3786 3788 3790 3792 3794 3796 3798 3800 3802 3804 3806 3808 3810 3812 3814 3816 3818 3820 3822 3824 3826 3828 3830 3832 3834 3836 3838 3840 3842 3844 3846 3848 3850 3852 3854 3856 3858 3860 3862 3864 3866 3868 3870 3872 3874 3876 3878 3880 3882 3884 3886 3888 3890 3892 3894 3896 3898 3900 3902 3904 3906 3908 3910 3912 3914 3916 3918 3920 3922 3924 3926 3928 3930 3932 3934 3936 3938 3940 3942 3944 3946 3948 3950 3952 3954 3956 3958 3960 3962 3964 3966 3968 3970 3972 3974 3976 3978 3980 3982 3984 3986 3988 3990 3992 3994 3996 3998 4000 
        </DataArray>
      </Polys>
      <CellData Scalars="Pressure">
        <DataArray type="Float64" Name="Pressure" format="ascii">
758689 757434 756138 754871 753575 752310 751010 749661 748177 746726 745078 743197 741263 740000 740291 740602 739804 738189 736573 735050 734154 733333 732565 731272 729951 728655 727416 726217 725009 723769 722492 721237 719992 718785 717560 716327 715051 713794 712518 711261 709973 708789 707731 705797 704758 703720 702641 701714 700740 699809 698900 698172 697431 696700 696099 695528 694954 694425 693900 693390 692993 692672 692339 691903 691431 690975 692493 692283 691850 691304 691252 691496 692052 692776 693552 694354 690732 690513 690179 688996 688321 687824 687088 686045 685003 683930 682745 681645 682690 682646 682697 681991 676559 674290 672431 673025 674950 677266 678447 676302 675731 674056 673942 674177 674775 674389 674005 673670 673541 674068 674022 674292 674563 674843 675134 675388 675649 675383 675681 675953 676216 676297 676579 676902 677227 677360 677432 677507 677559 677548 677533 677429 677207 676950 676673 676288 675896 675512 675166 674882 674641 672427 670419 668424 668231 670855 670486 669732 667684 667188 665378 661691 660675 659940 659463 659502 659120 658723 658325 658434 658514 658028 658250 658186 658279 658524 658768 658702 658910 659250 659545 659925 660403 660308 660580 660822 661077 661253 661427 661517 661716 661817 661931 662054 662028 661740 661670 661420 661301 661264 661307 661094 660831 660630 660485 660045 659117 658688 657667 655106 654323 655258 657476 661877 666521 671259 674874 673517 672535 671962 671516 672187 671400 671044 672140 672379 671804 672135 672110 671969 671744 671665 671497 671440 671363 671268 671135 670999 670885 670794 670891 671201 671323 671246 671186 672868 673944 674745 675295 675592 675586 676321 677454 678369 679454 680324 680654 681365 681591 681327 681370 681800 681359 680046 679223 678145 677740 675384 673691 671888 670582 668334 664962 662139 660065 656555 652619 648652 645517 643287 647821 654910 659915 662676 661023 657202 654135 651920 650863 650062 649706 649573 649909 649928 649385 649398 650066 650151 650042 649490 649108 648774 648678 648822 648212 647600 647266 647221 647861 645673 644737 645327 644613 642947 636855 635121 631973 629475 627541 633451 645693 655054 661856 657966 655555 652526 650254 649089 647913 646766 646318 644533 643670 642922 643410 642317 641438 639646 639400 639194 639020 639808 639864 639545 639665 639715 639801 639922 640528 639686 639253 638697 637705 636451 634908 632004 629095 626847 625180 633349 628470 625882 621201 621229 621675 625791 625637 621889 618200 614348 611145 608143 604808 600309 595702 591136 589582 586631 582843 578053 572201 565819 548847 476814 324739 205017 138326 96138.4 62521.3 50555.9 50983.1 51825.1 52629.8 51602.3 52471 53263.2 54297.4 55180.9 55884.7 57698.4 58441 56948.3 57727.9 58623.3 59488.4 60308.5 61483.9 62443.9 63222.8 65336.2 66202.3 64689.1 65687.5 66704.4 67619.8 68498.2 69399 70041.1 72086.1 73518.9 75144.6 76849.1 72244.8 74264 76354.5 78887.7 81555.2 84035 86582.9 89012.2 91184.8 93921.2 94348.9 94669.9 96852.2 98031.5 98973.4 99651.8 100020 100157 100076 101131 101850 101830 92791.5 92879.9 93382.9 94366.1 92169.1 93688.8 95268.7 96949.5 98634.4 100316 102176 103981 105797 107592 109347 111006 112445 113733 114920 117694 118439 119227 120096 116517 117195 118002 118929 119888 121150 122673 124271 126123 128410 130725 133516 137098 140721 144276 147867 151326 154725 157587 160258 162652 164194 165480 166569 167558 168106 168217 157530 156252 155028 156403 158855 161230 163300 165109 166951 168822 170797 172713 174740 176780 178860 180857 182864 184812 186808 188762 190753 192742 194926 197045 199203 201281 203393 205474 207843 210140 206960 209406 211902 214367 216714 219002 221323 223541 225779 227976 230227 232430 234645 237007 239514 241976 244420 246758 249105 251575 254306 256983 259635 262109 264586 267107 270040 272918 275791 284137 286754 289249 291631 293894 296164 291220 293789 296402 298553 300482 302403 304851 307807 310913 314154 317537 321319 324988 329029 332182 330128 331070 332367 333990 335809 337517 339171 341618 344404 347399 350554 353702 362816 365813 368831 371725 367351 370606 374103 377252 378856 380276 381610 383906 393527 395694 390133 392290 394768 397215 399548 401791 404672 408568 412700 422546 425617 428497 431897 428337 433049 437865 442458 446854 451435 461189 464466 467512 464538 468920 473345 477669 482071 493505 497905 494660 499150 503656 508391 513401 518625 523893 534127 537606 541187 537061 542858 548833 554904 559412 572337 577368 574282 583338 593798 602804 608281 617027 620574 613709 615334 618319 623321 629523 641588 640499 645463 650929 657082 661113 663655 671958 667491 671536 675937 680554 684335 694521 697537 692878 698799 705089 711960 721884 724456 726760 731101 725293 729966 746101 740014 748726 758038 767650 779509 808707 820817 817326 856773 897285 940213 971355 987417 1.00314e+06 1.01904e+06 991206 946217 868211 844635 838346 833841 831273 833016 839239 845583 851840 855827 862828 863721 863552 856859 856466 862101 863223 857038 858728 860688 875384 870489 879446 889189 899402 927124 941397 957327 975710 983013 1.02218e+06 1.05069e+06 1.0868e+06 1.10603e+06 1.15082e+06 1.22071e+06 1.26062e+06 1.32372e+06 1.35997e+06 1.38831e+06 1.39469e+06 1.40395e+06 1.40504e+06 1.40253e+06 1.39378e+06 1.36674e+06 1.33183e+06 1.2918e+06 1.24796e+06 1.20578e+06 1.17239e+06 1.14321e+06 1.11919e+06 1.10111e+06 1.0929e+06 1.08425e+06 1.07545e+06 1.06619e+06 1.05418e+06 1.04107e+06 1.02795e+06 1.01441e+06 1.00467e+06 1.00085e+06 999561 1.00076e+06 1.00679e+06 1.06291e+06 1.1248e+06 1.19452e+06 1.26979e+06 1.37528e+06 1.45202e+06 1.51124e+06 1.55105e+06 1.52763e+06 1.5202e+06 1.49962e+06 1.48237e+06 1.46951e+06 1.45615e+06 1.44572e+06 1.43671e+06 1.43171e+06 1.42556e+06 1.41507e+06 1.40893e+06 1.407e+06 1.40237e+06 1.39988e+06 1.39525e+06 1.39378e+06 1.39337e+06 1.3937e+06 1.39475e+06 1.39443e+06 1.39391e+06 1.39435e+06 1.39576e+06 1.39933e+06 1.39119e+06 1.39012e+06 1.39149e+06 1.40372e+06 1.40578e+06 1.40161e+06 1.40696e+06 1.42499e+06 1.43703e+06 1.45014e+06 1.45708e+06 1.47246e+06 1.48925e+06 1.50801e+06 1.53726e+06 1.55172e+06 1.57304e+06 1.59405e+06 1.61992e+06 1.63729e+06 1.65164e+06 1.66117e+06 1.67005e+06 1.67651e+06 1.68129e+06 1.69241e+06 1.68238e+06 1.68533e+06 1.68961e+06 1.71358e+06 1.71331e+06 1.70738e+06 1.70577e+06 1.70486e+06 1.70795e+06 1.71432e+06 1.7217e+06 1.72493e+06 1.71873e+06 1.71452e+06 1.71442e+06 1.7173e+06 1.72051e+06 1.72045e+06 1.72163e+06 1.71812e+06 1.7147e+06 1.71054e+06 1.70674e+06 1.70417e+06 1.69508e+06 1.68116e+06 1.669e+06 1.65888e+06 1.67462e+06 1.69532e+06 1.72007e+06 1.74819e+06 1.75621e+06 1.76401e+06 1.77164e+06 1.78028e+06 1.78018e+06 1.77952e+06 1.78205e+06 1.78067e+06 1.77798e+06 1.7739e+06 1.76084e+06 1.75076e+06 1.74138e+06 1.73478e+06 1.72481e+06 1.71629e+06 1.70947e+06 1.71226e+06 1.71238e+06 1.71529e+06 1.71863e+06 1.71694e+06 1.72007e+06 1.72319e+06 1.72298e+06 1.72336e+06 1.72431e+06 1.72735e+06 1.72157e+06 1.70694e+06 1.70869e+06 1.71898e+06 1.73046e+06 1.75784e+06 1.76212e+06 1.76279e+06 1.76381e+06 1.76532e+06 1.76961e+06 1.77371e+06 1.77634e+06 1.77826e+06 1.78035e+06 1.78421e+06 1.78649e+06 1.78873e+06 1.79038e+06 1.79164e+06 1.79287e+06 1.79411e+06 1.79455e+06 1.79496e+06 1.79557e+06 1.79851e+06 1.79945e+06 1.80033e+06 1.80022e+06 1.80021e+06 1.80026e+06 1.80043e+06 1.8012e+06 1.80191e+06 1.80253e+06 1.80242e+06 1.80241e+06 1.80261e+06 1.80466e+06 1.80351e+06 1.80386e+06 1.80481e+06 1.8063e+06 1.8078e+06 1.8092e+06 1.81057e+06 1.81203e+06 1.8157e+06 1.81832e+06 1.82121e+06 1.82403e+06 1.82687e+06 1.82822e+06 1.83097e+06 1.83409e+06 1.83742e+06 1.84075e+06 1.84471e+06 1.84888e+06 1.85312e+06 1.85709e+06 1.86098e+06 1.86488e+06 1.87152e+06 1.87608e+06 1.88075e+06 1.8853e+06 1.88969e+06 1.89173e+06 1.89597e+06 1.90077e+06 1.90567e+06 1.91051e+06 1.91648e+06 1.9224e+06 1.92842e+06 1.93392e+06 1.93955e+06 1.94519e+06 1.95183e+06 1.95864e+06 1.96551e+06 1.97153e+06 1.97731e+06 1.98314e+06 1.99273e+06 1.999e+06 2.00547e+06 2.01157e+06 2.01718e+06 2.02031e+06 2.02571e+06 2.03096e+06 2.03631e+06 2.0415e+06 2.04648e+06 2.05138e+06 2.0562e+06 2.05986e+06 2.06357e+06 2.06721e+06 2.07069e+06 2.07409e+06 2.07752e+06 2.07989e+06 2.08222e+06 2.08451e+06 2.08659e+06 2.08858e+06 2.09058e+06 2.09204e+06 2.09335e+06 2.09463e+06 2.09576e+06 2.09679e+06 2.09783e+06 2.09839e+06 2.09865e+06 2.09889e+06 2.09876e+06 2.09828e+06 2.09779e+06 2.09731e+06 2.09684e+06 2.09637e+06 2.09567e+06 2.09456e+06 2.09342e+06 2.09215e+06 2.09041e+06 2.08869e+06 2.08678e+06 2.0842e+06 2.08157e+06 2.07898e+06 2.07625e+06 2.07357e+06 2.07083e+06 2.06724e+06 2.06358e+06 2.05998e+06 2.05651e+06 2.0531e+06 2.04962e+06 2.04515e+06 2.04039e+06 2.0357e+06 2.03157e+06 2.02772e+06 2.02379e+06 2.0195e+06 2.0149e+06 2.01038e+06 2.00646e+06 2.00312e+06 1.99971e+06 1.99716e+06 1.99281e+06 1.98859e+06 1.9849e+06 1.98189e+06 1.97883e+06 1.97593e+06 1.97297e+06 1.97006e+06 1.96717e+06 1.96467e+06 1.96213e+06 1.95963e+06 1.95732e+06 1.95505e+06 1.95274e+06 1.95096e+06 1.94921e+06 1.9475e+06 1.94584e+06 1.94423e+06 1.94261e+06 1.94065e+06 1.93943e+06 1.93823e+06 1.9378e+06 1.93717e+06 1.93653e+06 1.93578e+06 1.9348e+06 1.93384e+06 1.93277e+06 1.93146e+06 1.93013e+06 1.92881e+06 1.92711e+06 1.92548e+06 1.92387e+06 1.9203e+06 1.91809e+06 1.9158e+06 1.91421e+06 1.91184e+06 1.9095e+06 1.9071e+06 1.90442e+06 1.90164e+06 1.89879e+06 1.89611e+06 1.89342e+06 1.89098e+06 1.88898e+06 1.88721e+06 1.88616e+06 1.88524e+06 1.88422e+06 1.88315e+06 1.88225e+06 1.8814e+06 1.88051e+06 1.88002e+06 1.87976e+06 1.8789e+06 1.87979e+06 1.88025e+06 1.88064e+06 1.88096e+06 1.88126e+06 1.88157e+06 1.88187e+06 1.88215e+06 1.88219e+06 1.88284e+06 1.88402e+06 1.88537e+06 1.8864e+06 1.8886e+06 1.89316e+06 1.89779e+06 1.90216e+06 1.90318e+06 1.90286e+06 1.90431e+06 1.90876e+06 1.91079e+06 1.9122e+06 1.9129e+06 1.91339e+06 1.91381e+06 1.91491e+06 1.91678e+06 1.91867e+06 1.91929e+06 1.92305e+06 1.92103e+06 1.91822e+06 1.91723e+06 1.91815e+06 1.91937e+06 1.92106e+06 1.91913e+06 1.91677e+06 1.91408e+06 1.91222e+06 1.91076e+06 1.90873e+06 1.90651e+06 1.90307e+06 1.89961e+06 1.896e+06 1.89316e+06 1.8905e+06 1.8881e+06 1.88425e+06 1.88026e+06 1.87638e+06 1.87273e+06 1.86915e+06 1.86586e+06 1.86202e+06 1.85703e+06 1.852e+06 1.84742e+06 1.84329e+06 1.84076e+06 1.83908e+06 1.8369e+06 1.83441e+06 1.83153e+06 1.82914e+06 1.82801e+06 1.83324e+06 1.84105e+06 1.83807e+06 1.81383e+06 1.7822e+06 1.75178e+06 1.72157e+06 1.71006e+06 1.69277e+06 1.67405e+06 1.62247e+06 1.60831e+06 1.5971e+06 1.61214e+06 1.59e+06 1.58574e+06 1.5815e+06 1.57706e+06 1.56992e+06 1.56728e+06 1.5603e+06 1.54905e+06 1.54555e+06 1.54381e+06 1.55123e+06 1.55992e+06 1.58252e+06 1.6091e+06 1.6406e+06 1.67815e+06 1.71187e+06 1.74703e+06 1.76585e+06 1.72424e+06 1.66823e+06 1.59442e+06 1.51271e+06 1.47823e+06 1.45309e+06 1.43814e+06 1.47213e+06 1.45883e+06 1.48267e+06 1.4557e+06 1.44435e+06 1.45318e+06 1.45161e+06 1.44754e+06 1.43437e+06 1.42921e+06 1.43205e+06 1.42518e+06 1.41021e+06 1.40262e+06 1.39474e+06 1.39239e+06 1.37592e+06 1.36558e+06 1.35537e+06 1.34564e+06 1.33485e+06 1.32441e+06 1.31447e+06 1.30536e+06 1.29792e+06 1.29755e+06 1.29739e+06 1.28694e+06 1.27631e+06 1.28084e+06 1.27916e+06 1.28021e+06 1.27592e+06 1.27878e+06 1.28875e+06 1.29319e+06 1.29171e+06 1.29808e+06 1.30519e+06 1.31978e+06 1.32173e+06 1.32928e+06 1.33702e+06 1.35011e+06 1.35584e+06 1.35509e+06 1.36055e+06 1.37209e+06 1.37817e+06 1.37972e+06 1.38843e+06 1.39857e+06 1.416e+06 1.4317e+06 1.45098e+06 1.47191e+06 1.49564e+06 1.48782e+06 1.50377e+06 1.47466e+06 1.39649e+06 1.34253e+06 1.24589e+06 1.10404e+06 1.08267e+06 1.06659e+06 986123 930444 905402 887378 869594 852629 837530 835647 833666 831649 839477 829662 829744 829977 837631 837622 833038 834161 841143 841841 840814 833408 839506 854403 872521 923558 962918 1.06779e+06 1.16362e+06 1.24732e+06 1.29181e+06 1.30896e+06 1.29791e+06 1.2766e+06 1.22268e+06 1.17121e+06 1.1024e+06 1.05097e+06 1.00748e+06 968146 931547 914769 878367 857991 839234 835254 824688 809617 801616 794031 786436 779084 779468 766315 760673 755293 757182 754168 751598 742789 736613 730789 725124 729074 724825 715344 711654 707034 702314 697762 699282 688552 683557 678643 671070 663329 655636 657606 691927 719112 744362 749944 755466 762762 767471 727734 702015 678415 660812 643389 625570 629789 606794 598204 589542 583899 577957 571909 574676 571287 562068 556960 550387 544377 547189 542540 538089 533703 522987 518682 514341 509488 504134 499201 502555 497984 485813 481134 477660 474245 470580 466374 461970 457863 459885 449200 444449 439937 436579 433180 429627 425397 421243 417453 420718 410115 406168 402721 399978 397178 394090 390350 386601 382966 386879 385265 378772 376124 373159 370330 367951 365891 363747 361120 357856 354857 358534 356115 353615 345621 343001 340430 337822 334907 331938 329050 326718 324540 322242 319467 316461 313638 317109 314600 311983 304072 301362 298693 295919 292988 290024 287172 284758 282345 279852 277548 275191 272854 269748 266658 263603 267240 264925 262619 260231 257896 255487 248609 246092 243617 241022 238375 235691 233230 231039 228863 226647 224501 222310 220133 217853 215606 213354 211509 209615 207734 205811 203910 201966 200338 198696 197064 195353 193652 191913 190336 188772 187221 185603 183984 182329 180595 178750 176922 175121 173408 171657 169898 168058 166238 164433 162769 161071 159380 157601 155841 154088 152594 151070 149523 147340 145194 143016 153751 165533 177751 391386 628841 870832 956758 1.00241e+06 1.04618e+06 1.06006e+06 1.05735e+06 1.05755e+06 1.0615e+06 1.06685e+06 1.07205e+06 1.07598e+06 1.07812e+06 1.08039e+06 1.08227e+06 1.08348e+06 1.08469e+06 1.08606e+06 1.08776e+06 1.0895e+06 1.09136e+06 1.09399e+06 1.09668e+06 1.09957e+06 1.10342e+06 1.10735e+06 1.11124e+06 1.11475e+06 1.11723e+06 1.1207e+06 1.12469e+06 1.12882e+06 1.13289e+06 1.13065e+06 1.13043e+06 1.13047e+06 1.13034e+06 1.12995e+06 1.12972e+06 1.12955e+06 1.12944e+06 1.12955e+06 1.12929e+06 1.12679e+06 1.1225e+06 1.12146e+06 1.12294e+06 1.1242e+06 1.12506e+06 1.12527e+06 1.12586e+06 1.12649e+06 1.12637e+06 1.12591e+06 1.12546e+06 1.12479e+06 1.12394e+06 1.1225e+06 1.12157e+06 1.11987e+06 1.11823e+06 1.11658e+06 1.11488e+06 1.11321e+06 1.11161e+06 1.11028e+06 1.109e+06 1.10769e+06 1.10656e+06 1.10542e+06 1.1043e+06 1.10282e+06 1.10181e+06 1.10077e+06 1.09974e+06 1.09864e+06 1.09755e+06 1.09645e+06 1.09567e+06 1.09439e+06 1.09313e+06 1.09129e+06 1.08995e+06 1.08858e+06 1.08715e+06 1.0856e+06 1.08408e+06 1.08404e+06 1.08451e+06 1.08522e+06 1.08406e+06 1.07179e+06 1.06781e+06 1.06478e+06 1.0651e+06 1.06997e+06 1.07312e+06 1.07317e+06 1.07186e+06 1.07083e+06 1.07012e+06 1.0693e+06 1.0688e+06 1.07092e+06 1.07052e+06 1.07031e+06 1.07135e+06 1.07039e+06 1.07206e+06 1.07412e+06 1.0765e+06 1.07774e+06 1.07953e+06 1.08138e+06 1.0834e+06 1.08461e+06 1.08563e+06 1.08647e+06 1.08857e+06 1.09073e+06 1.09337e+06 1.09236e+06 1.09665e+06 1.10201e+06 1.10802e+06 1.09525e+06 1.08773e+06 1.08329e+06 1.08844e+06 1.09772e+06 1.10606e+06 1.11331e+06 1.11412e+06 1.11258e+06 1.1118e+06 1.1133e+06 1.11365e+06 1.11395e+06 1.11366e+06 1.11427e+06 1.1148e+06 1.11547e+06 1.11515e+06 1.11339e+06 1.1097e+06 1.10983e+06 1.11041e+06 1.11143e+06 1.11251e+06 1.1131e+06 1.11009e+06 1.10851e+06 1.10752e+06 1.10716e+06 1.10672e+06 1.10609e+06 1.10531e+06 1.1052e+06 1.10455e+06 1.10391e+06 1.10283e+06 1.09723e+06 1.09399e+06 1.09087e+06 1.082e+06 1.07979e+06 1.07801e+06 1.08475e+06 1.07254e+06 1.07761e+06 1.08663e+06 1.09992e+06 1.0997e+06 1.10167e+06 1.10252e+06 1.09997e+06 1.09801e+06 1.09665e+06 1.09467e+06 1.0941e+06 1.09324e+06 1.09223e+06 1.0906e+06 1.08963e+06 1.08827e+06 1.08685e+06 1.08542e+06 1.08386e+06 1.08217e+06 1.0804e+06 1.07861e+06 1.07674e+06 1.07492e+06 1.07295e+06 1.0711e+06 1.0689e+06 1.06671e+06 1.06456e+06 1.0627e+06 1.05813e+06 1.05587e+06 1.05346e+06 1.05559e+06 1.04374e+06 1.0441e+06 1.04636e+06 1.05973e+06 1.0607e+06 1.06548e+06 1.07043e+06 1.07538e+06 1.077e+06 1.07283e+06 1.06906e+06 1.06584e+06 1.06304e+06 1.06176e+06 1.06051e+06 1.05927e+06 1.058e+06 1.05659e+06 1.05499e+06 1.05336e+06 1.05166e+06 1.04995e+06 1.04812e+06 1.04627e+06 1.04433e+06 1.04237e+06 1.0402e+06 1.03799e+06 1.03568e+06 1.03336e+06 1.03021e+06 1.02667e+06 1.02306e+06 1.01949e+06 1.02351e+06 1.00928e+06 1.00773e+06 1.00818e+06 1.02211e+06 1.02415e+06 1.03012e+06 1.03599e+06 1.03833e+06 1.0414e+06 1.03531e+06 1.03139e+06 1.02989e+06 1.02724e+06 1.02547e+06 1.02348e+06 1.0226e+06 1.02146e+06 1.02021e+06 1.01884e+06 1.01737e+06 1.01569e+06 1.01406e+06 1.01251e+06 1.01187e+06 1.00908e+06 1.00739e+06 1.00587e+06 1.0072e+06 1.00784e+06 1.0008e+06 1.00171e+06 1.01167e+06 1.01174e+06 1.00941e+06 1.00592e+06 1.00793e+06 1.01201e+06 1.01622e+06 1.02041e+06 1.01972e+06 1.01673e+06 1.01402e+06 1.0117e+06 1.01105e+06 1.00964e+06 1.00842e+06 1.00713e+06 1.00553e+06 1.00392e+06 1.00226e+06 1.0005e+06 998687 996954 995245 994251 992509 990458 988607 986546 984453 982397 980711 977886 975591 973983 971814 969913 967937 965364 963059 960897 958805 957943 956568 954714 953086 951206 949466 947920 947562 945788 944633 943469 942225 941085 940010 939826 938223 937262 936309 935404 934549 934770 934139 932402 931835 931287 930725 930192 931130 930870 929303 929118 927850 926521 925308 926894 926337 926083 922422 921900 921718 921878 920869 919585 918345 918140 914058 909210 906193 906862 908469 910953 917065 913836 910745 907842 906769 905693 904528 903269 901980 900931 899570 898251 896954 895323 894390 893458 892471 891490 890504 889629 888877 888125 887501 886459 885205 884127 882465 880802 879109 877638 876190 874751 873289 871492 869688 867969 865834 864199 862547 860969 859373 857811 856220 854684 853153 851848 850537 849241 848183 846877 845357 844040 842709 841403 840118 838897 837654 836371 834960 833591 832252 831048 829794 828587 827160 825769 824354 822965 821539 819928 818491 817079 815646 814177 812666 811184 809690 808226 806739 805244 803697 802176 800647 799160 797649 796155 794622 793113 791590 790121 788626 787155 785668 784204 782720 781333 779914 778508 777200 775782 774330 772986 771619 770285 768946 767648 766316 765044 763749 762485 761205 759964 
        </DataArray>
        <DataArray type="Float64" Name="Temperature" format="ascii">
1050.76 1050.66 1050.64 1050.62 1050.71 1050.9 1051.1 1051.39 1051.79 1052.2 1052.74 1053.46 1054.2 1055.72 1059.26 1062.72 1065.34 1064.69 1064.21 1063.82 1062.08 1060.59 1059.32 1057.87 1056.46 1055.14 1053.53 1051.81 1049.96 1048.23 1046.39 1044.46 1043.33 1042.63 1041.93 1041.38 1040.95 1040.57 1040.22 1039.9 1039.62 1039.41 1039.28 1034.47 1034.19 1033.9 1033.66 1035.81 1035.2 1034.72 1034.34 1033.97 1033.7 1033.53 1033.29 1033.09 1032.95 1032.85 1032.77 1032.73 1032.74 1032.81 1030.14 1029.93 1029.39 1028.59 1026 1025.58 1025.19 1024.81 1024.52 1024.51 1024.79 1025.22 1025.75 1026.37 1025.76 1025.88 1026.22 1027.45 1028.75 1030.12 1031.55 1032.96 1034.43 1035.42 1035.45 1035.59 1035.44 1035.68 1036.01 1036.05 1028.3 1026.51 1025.08 1024.94 1025.42 1026.09 1026.39 1030.96 1030.62 1028.21 1029.32 1030.43 1031.56 1032.57 1033.59 1034.59 1036.14 1038.72 1040.51 1041.03 1041.55 1042.04 1042.37 1041.91 1041.4 1040.82 1040.35 1039.94 1039.62 1040.1 1040.86 1041.68 1042.75 1044.66 1046.35 1048.15 1049.54 1050.59 1051.62 1052.08 1052.02 1051.95 1051.85 1051.53 1051.21 1050.9 1050.59 1050.31 1050.06 1047.42 1044.93 1042.47 1041.73 1043.28 1043.67 1044.04 1042.81 1043.36 1040.85 1042.03 1041.65 1041.47 1041.5 1041.76 1041.79 1041.8 1041.8 1042 1042.16 1042.23 1042.29 1042.41 1042.6 1042.85 1043.18 1043.49 1043.86 1044.28 1044.84 1045.43 1046.07 1046.83 1047.57 1048.34 1049.82 1052.92 1056.44 1062.76 1068.38 1078.36 1088.53 1098.55 1104.96 1112.29 1116.39 1115.18 1113.3 1111.29 1109.07 1105.81 1102.13 1098.56 1095 1092.59 1091.04 1089.92 1091.44 1089.51 1092.33 1098.94 1101.73 1105.09 1108.19 1110.93 1112.68 1111.71 1111.52 1112.11 1113.65 1116.86 1119.61 1123.62 1130 1136.09 1141.75 1149.1 1158.68 1166.38 1173.89 1179 1187.2 1193.15 1199.5 1206.03 1214.5 1224.29 1234.1 1243.61 1254.14 1265.67 1276.24 1285.42 1293.12 1299.2 1308.55 1313.35 1314.33 1311.47 1305.13 1295.61 1272.8 1243.86 1226.5 1203.04 1184.78 1166.1 1154.02 1148.72 1144.23 1143.65 1143.73 1144.51 1146.36 1150.5 1156.94 1158.47 1162.29 1163.76 1166.28 1167.27 1166.77 1167 1166.76 1167.32 1165.98 1164.76 1164.2 1164.16 1166.65 1170.24 1172.79 1174.22 1173.82 1172.81 1172.34 1172.42 1172.18 1174 1175.1 1176.49 1177 1177.96 1180.64 1182.15 1182.97 1184.31 1185.07 1189.21 1190.24 1191.42 1193.15 1195.35 1195.69 1196.33 1198.06 1200.82 1198.69 1203.14 1204.14 1203.67 1207.17 1205.64 1206.99 1206.4 1204.97 1204.5 1204.98 1209.4 1214.64 1218.69 1221.7 1215.97 1214.53 1214.07 1213.01 1212.21 1211.48 1210.82 1210.47 1208.61 1207.35 1206.1 1205.91 1203.14 1200.28 1192.97 1189.79 1185.88 1181.11 1180.88 1178.29 1170.17 1167.09 1166.35 1165.37 1164.19 1165.25 1163.69 1163.95 1164.04 1165.15 1166.09 1166.81 1166.47 1165.79 1165.23 1164.76 1174.62 1165.82 1164.85 1154.16 1154.92 1156.24 1169.88 1172.64 1173.19 1174.11 1174.06 1180.28 1185.84 1190.31 1192.62 1194.69 1196.47 1197.49 1197.11 1196.11 1194.04 1191.47 1189.2 1182.04 1108.85 982.483 849.977 699.129 572.443 468.776 429.931 431.498 434.716 437.651 436.556 439.478 442.214 445.256 447.88 450.085 454.406 456.286 453.438 455.346 457.386 459.356 461.217 463.744 465.809 467.486 471.66 473.177 469.714 471.12 472.254 473.166 473.918 474.434 474.396 477.464 479.041 480.953 482.935 473.431 476.597 479.719 483.63 487.66 491.184 494.606 497.604 499.91 507.651 509.593 511.575 503.905 506.453 508.889 511.136 513.587 515.883 518.084 520.766 523.185 525.072 527.715 528.059 529.015 530.693 527.899 530.447 533.103 535.917 538.735 541.53 544.575 547.532 550.492 553.267 555.99 558.574 560.513 562.254 563.883 566.741 566.219 566.046 565.427 550.838 548.052 546.149 544.866 543.988 544.378 545.887 547.653 550.214 553.874 557.599 562.018 567.523 573.091 578.542 584.016 589.288 594.474 598.937 603.193 607.101 610.033 612.636 615.011 616.281 617.138 617.632 621.337 619.877 618.469 619.713 622.053 624.318 626.265 627.947 629.658 631.368 633.151 634.88 636.699 638.522 640.378 642.175 644.001 645.774 647.604 649.422 651.275 653.128 655.166 657.145 659.154 661.068 663.015 664.928 667.065 669.139 666.5 668.695 670.935 673.151 675.219 677.233 679.278 681.201 683.138 685.042 686.966 688.843 690.734 692.717 694.807 696.862 698.887 700.812 702.75 704.763 706.958 709.114 711.245 713.225 715.216 717.225 719.488 721.716 723.94 730.007 732.005 733.892 735.624 737.274 738.925 735.425 737.239 739.094 740.576 741.895 743.216 744.854 746.817 748.887 751.013 753.197 755.644 757.993 760.516 762.484 760.899 761.282 761.919 762.804 763.862 764.853 765.809 767.189 768.794 770.552 772.408 774.25 779.948 781.602 783.269 784.877 782.023 783.889 785.91 787.731 788.621 789.41 790.153 791.452 797.055 798.273 794.973 796.194 797.612 798.998 800.31 801.58 803.197 805.364 807.671 813.146 814.822 816.402 818.25 816.279 818.848 821.489 823.963 826.307 828.755 833.984 835.823 837.54 836.092 838.519 840.985 843.409 845.792 851.712 854.075 852.588 854.937 857.295 859.75 862.262 864.881 867.523 872.488 874.239 876.041 874.223 876.993 879.851 882.755 884.922 890.868 893.224 891.88 895.903 900.55 904.535 906.92 910.729 912.459 909.896 910.906 912.423 914.706 917.458 922.782 922.496 924.764 927.231 929.982 931.862 933.135 936.749 935.183 937.02 939.001 941.062 942.77 946.994 948.39 946.728 949.18 951.767 954.577 958.589 959.719 960.749 962.488 960.115 962.005 968.472 966.037 969.329 972.8 976.336 980.492 991.31 995.439 992.979 1005.82 1018.82 1032.42 1041.97 1048.12 1055.81 1065.3 1057.39 1042.61 1016.14 1008.65 1006.38 1004.85 1004.13 1004.79 1006.81 1008.9 1010.98 1012.31 1014.51 1014.86 1014.76 1012.54 1012.41 1014.21 1014.57 1012.61 1013.14 1013.81 1018.35 1016.93 1019.73 1022.85 1026.17 1034.33 1038.8 1043.75 1048.77 1051.21 1062.03 1070.35 1079.72 1085.19 1096.87 1114.58 1123.94 1139.08 1146.99 1153.03 1152.95 1154.64 1154.04 1152.71 1149.51 1142.38 1132.75 1121.83 1109.96 1098.19 1088.49 1079.94 1072.8 1067.26 1064.44 1061.52 1058.58 1055.54 1051.79 1047.69 1043.54 1039.2 1036.04 1034.67 1034 1034.01 1035.36 1050.27 1066.35 1084.13 1103.03 1125.42 1141.66 1155.35 1166.04 1163.6 1161.62 1156.53 1152.42 1149.23 1146.28 1143.77 1141.67 1140.43 1138.79 1136.38 1134.83 1134.21 1133.06 1132.08 1131.08 1130.72 1130.64 1130.73 1131 1131.09 1131.25 1131.67 1132.32 1132.69 1131.43 1131.21 1131.67 1133.64 1132.75 1132.02 1132.29 1134.74 1136.94 1139.26 1142.03 1144.81 1148.15 1152.14 1157.67 1161.57 1166.01 1170.58 1175.91 1179.41 1182.13 1184.8 1186.48 1187.71 1188.7 1190.61 1188.84 1189.22 1189.98 1194.8 1194.4 1193.13 1190.23 1190.57 1192.2 1195.13 1202.02 1202.46 1201.97 1201.05 1201.05 1201.63 1202.33 1201.94 1202.6 1201.83 1201.15 1200.31 1199.69 1199.43 1197.68 1195.64 1194.03 1192.9 1197.32 1201.02 1204.97 1212.1 1213.37 1213.71 1213.14 1205.73 1205.05 1204.08 1202.88 1202 1200.82 1199.31 1196.25 1194.38 1192.4 1190.02 1187.83 1185.78 1183.94 1188.48 1184.39 1185.46 1186.42 1182.71 1183.6 1184.33 1184.24 1183.96 1183.51 1187.66 1187.13 1178.01 1179.11 1182.35 1186.37 1204.62 1206.29 1207.09 1207.97 1209.6 1211.2 1212.82 1214.08 1215.16 1216.29 1217.46 1218.47 1219.46 1220.74 1221.38 1222.02 1222.68 1223.1 1223.51 1223.95 1224.69 1225.15 1225.61 1226.13 1226.42 1226.72 1227.05 1227.52 1227.98 1228.42 1228.78 1229.16 1229.59 1230.19 1230.7 1231.23 1231.91 1232.7 1233.48 1234.23 1235.02 1235.8 1236.94 1238.51 1240.04 1241.43 1242.74 1242.19 1243.57 1244.94 1246.25 1247.44 1248.72 1249.97 1251.14 1252.2 1253.19 1254.08 1258.29 1260.59 1262.78 1264.74 1266.57 1260.03 1262.07 1264.15 1266.06 1267.73 1269.52 1271.12 1272.55 1273.8 1274.93 1275.91 1277 1278.01 1278.89 1279.5 1279.92 1280.24 1290.31 1292.1 1293.86 1295.47 1296.93 1281.1 1282.62 1284.05 1285.43 1286.71 1287.99 1289.16 1290.25 1291.16 1292.01 1292.76 1293.54 1294.23 1294.86 1295.35 1295.78 1296.13 1296.48 1296.78 1297.03 1297.36 1297.69 1297.96 1298.26 1298.55 1298.8 1299.04 1299.26 1299.45 1299.62 1299.77 1299.91 1300.09 1300.36 1300.61 1300.81 1300.94 1301.06 1301.15 1301.19 1301.22 1301.24 1301.18 1301.11 1301.06 1301.05 1301.05 1301.05 1300.93 1300.81 1300.7 1300.71 1300.73 1300.76 1300.62 1300.45 1300.29 1300.19 1300.11 1300.03 1299.67 1299.15 1298.64 1298.07 1297.46 1296.82 1297.5 1296.44 1295.4 1294.36 1293.36 1292.31 1290.41 1289.73 1289.07 1288.43 1288.01 1287.59 1287.16 1286.95 1286.71 1286.45 1286.11 1285.75 1285.38 1284.9 1284.39 1283.87 1284.26 1283.73 1283.19 1282.09 1281.86 1281.61 1281.32 1280.93 1280.55 1280.14 1279.68 1279.2 1278.72 1278.17 1277.62 1277.04 1276.65 1276.01 1275.33 1274.49 1273.9 1273.31 1272.7 1272.02 1271.29 1270.54 1269.8 1269.02 1268.26 1268.05 1267.38 1266.81 1266.39 1265.98 1265.59 1265.18 1264.84 1264.58 1264.33 1264.16 1261.66 1263.61 1263.13 1262.81 1262.63 1262.5 1262.6 1262.92 1263.26 1263.78 1259.57 1263.79 1263.66 1263.59 1263.05 1262.26 1262.28 1262.88 1262.15 1253.44 1252.67 1258.63 1257.79 1257.53 1257.49 1257.4 1257.51 1248.2 1248.59 1248.8 1248.39 1250.47 1249.44 1249.04 1249.42 1243.41 1244.35 1248.08 1246.12 1244.97 1244.7 1244.62 1244.99 1239.15 1243.65 1242.04 1241.13 1240.87 1240.67 1241.07 1234.9 1239.47 1237.7 1236.64 1236.24 1235.86 1236.14 1230.02 1233.81 1231.92 1230.77 1230.25 1230.14 1230.8 1225.53 1228.75 1227.59 1227.11 1227.34 1228.77 1225.47 1226.21 1213.11 1203.93 1196.44 1190.37 1190.71 1187.56 1184.82 1173.87 1170.9 1168.71 1171.37 1167.33 1166.4 1165.58 1164.8 1163.42 1162.01 1160.97 1158.63 1157.8 1157.62 1158.5 1161.33 1166.03 1171.71 1178.58 1186.78 1193.2 1201.44 1191.53 1180.82 1168.79 1161.76 1141.24 1135.17 1130.84 1128.4 1138.43 1136.47 1142.68 1137.73 1135.74 1138.2 1138.77 1138.08 1135.5 1134.68 1135.42 1134.05 1131.12 1129.5 1128.01 1127.05 1124.07 1121.76 1119.63 1117.75 1115.32 1112.88 1110.71 1108.88 1107.35 1106.72 1105.53 1104.39 1102.29 1103.13 1103.18 1103.48 1102.77 1103.67 1106.14 1107.55 1107.47 1109.19 1111.29 1114.87 1115.66 1117.48 1119.47 1122.57 1124.03 1123.91 1125.17 1127.79 1129.24 1129.61 1131.57 1133.87 1137.76 1141.31 1145.67 1150.53 1156.12 1153.72 1152.77 1145.56 1131.44 1119.24 1094.94 1058.48 1053.05 1048.65 1026.25 1009.25 1001.56 995.647 989.83 984.294 979.392 978.766 978.106 977.434 980.04 976.771 976.798 976.882 979.436 979.443 977.911 978.282 980.613 980.84 980.47 978.015 980.015 984.764 990.929 1007.15 1019.75 1050.75 1078.27 1101.45 1112.97 1118.14 1115.75 1110.82 1097.19 1083.56 1065.85 1052.05 1039.2 1027.55 1016.72 1011.23 1000.16 993.542 987.521 986.102 982.463 977.65 974.893 972.211 969.547 967.01 966.77 962.429 960.288 958.321 958.804 957.439 956.202 953.174 950.737 948.492 946.364 947.587 945.856 942.397 940.889 939.03 937.144 935.342 935.526 931.634 929.508 927.475 924.331 921.152 918.038 918.533 937.13 950.461 962.378 960.316 958.987 959.919 962.043 947.525 937.929 929.23 921.962 914.866 907.708 909.321 899.822 896.109 892.421 889.953 887.375 884.773 885.805 884.283 880.409 878.131 875.209 872.572 873.908 871.826 869.831 867.91 863.173 861.237 859.312 857.131 854.7 852.491 854.196 852.118 846.453 844.304 842.689 841.106 839.42 837.428 835.321 833.375 834.49 829.144 826.771 824.528 822.803 821.069 819.267 817.047 814.87 812.903 814.67 808.966 806.809 804.915 803.372 801.809 800.083 797.943 795.812 793.759 795.978 795.033 791.324 789.741 787.974 786.299 784.878 783.638 782.355 780.768 778.777 776.963 779.221 777.732 776.204 771.329 769.677 768.066 766.444 764.6 762.729 760.919 759.441 758.057 756.602 754.817 752.875 751.062 753.415 751.764 750.051 744.768 742.912 741.093 739.194 737.146 735.083 733.098 731.367 729.643 727.868 726.182 724.461 722.759 720.432 718.116 715.834 718.509 716.719 714.944 713.081 711.236 709.337 703.996 701.937 699.917 697.776 695.567 693.331 691.261 689.376 687.509 685.603 683.731 681.823 679.921 677.894 675.898 673.896 672.211 670.482 668.768 666.982 665.217 663.415 661.873 660.314 658.767 657.122 655.481 653.805 652.265 650.728 649.207 647.572 645.916 644.223 642.432 640.513 638.615 636.708 634.858 632.967 631.061 629.059 627.078 625.091 623.21 621.29 619.372 617.34 615.33 613.314 611.54 609.729 607.893 605.272 602.69 600.064 623.437 649.04 675.59 836.656 1012.17 1189.79 1238.3 1253.6 1268.13 1275.1 1277.53 1281.12 1286.05 1291.65 1297.15 1298.94 1297.27 1295.76 1293.84 1290.86 1287.89 1285.81 1286.24 1286.51 1286.8 1288.03 1289.3 1290.65 1291.94 1293.58 1295.53 1297.17 1294.97 1296.53 1300.31 1303.71 1306.57 1306.41 1308.43 1310.24 1310.58 1309.74 1309.03 1308.07 1306.73 1305.71 1304.31 1300.21 1294.97 1291.31 1288.91 1286.7 1285.95 1289.29 1293.04 1296.71 1307.4 1320.97 1333.85 1347.15 1360.64 1384.89 1386.06 1393.1 1399.89 1406.23 1409.59 1413.23 1417.03 1421.46 1426 1430.76 1438.85 1443.62 1448.4 1448.19 1448.64 1449.16 1449.3 1447.9 1446.61 1445.38 1441.39 1438.51 1435.87 1434.09 1431.63 1429.23 1426.99 1424.76 1422.54 1421.02 1420.98 1420.71 1419.5 1404.56 1401.72 1399.49 1398.63 1407.04 1407.03 1401.9 1402.05 1401.83 1401.22 1400.55 1399.45 1405.3 1404.29 1402.49 1411.6 1401.49 1402.67 1403.53 1404.04 1405.78 1405.64 1405.1 1405.84 1406.08 1406.23 1406.28 1405.44 1405.09 1405.02 1419.52 1422.75 1424.63 1425.08 1418.54 1417.86 1418.31 1420.78 1424.18 1426.88 1428.75 1427.55 1424.46 1422.66 1423.87 1425.54 1427.45 1431.06 1435.42 1441.85 1449.13 1457.54 1466.14 1477.25 1453.38 1404.35 1346.34 1291.25 1244.26 1235.51 1219.93 1212.15 1207.51 1202.89 1198.27 1193.91 1191.11 1188.82 1187.01 1185.72 1183.27 1182.13 1180.67 1178.18 1176.39 1174.87 1173.99 1170.34 1169.13 1168.65 1168.88 1170.83 1171.72 1172.07 1169.3 1167.63 1166.72 1165.44 1164.63 1163.91 1163.15 1162.35 1161.5 1160.71 1159.89 1159.08 1158.25 1157.44 1156.61 1155.78 1154.95 1154.25 1153.39 1152.64 1151.68 1150.84 1150.11 1149.38 1147.68 1146.82 1145.88 1146.5 1142.31 1142.02 1142.2 1146.23 1144.78 1145.89 1147.47 1149.45 1150.6 1148.71 1146.98 1145.46 1144.11 1143.45 1142.79 1142.11 1141.39 1140.72 1140.04 1139.35 1138.61 1137.89 1137.29 1136.62 1135.87 1135.06 1134.35 1133.6 1132.74 1131.81 1130.69 1129.52 1128.19 1126.74 1128.32 1122.91 1122 1121.45 1126.13 1123.64 1125.54 1127.97 1133.43 1133.98 1131.38 1129.73 1129.13 1128.04 1127.52 1126.73 1126.57 1126.12 1125.9 1125.76 1125.21 1125.24 1125.25 1125.26 1125.77 1125.44 1125.64 1125.8 1126.87 1127.75 1125.82 1126.6 1130.35 1130.53 1129.97 1127.28 1128.47 1130.59 1133.25 1136.37 1137.36 1136.4 1135.55 1134.83 1134.63 1134.07 1133.62 1133.06 1132.16 1131.21 1130.19 1129.08 1127.89 1126.7 1125.47 1124.83 1123.81 1122.36 1121.38 1120.57 1119.75 1118.94 1118.46 1117.41 1116.64 1116.12 1115.36 1114.92 1114.35 1113.27 1112.58 1111.87 1111.12 1111.01 1110.7 1109.69 1109.21 1108.62 1107.98 1107.33 1107.59 1106.41 1106.16 1105.84 1105.46 1105.03 1104.53 1105.11 1103.9 1103.68 1103.4 1103.1 1102.72 1103.23 1103.07 1101.79 1101.63 1101.41 1101.13 1100.74 1101.24 1101.35 1099.71 1099.8 1099.46 1098.92 1098.23 1098.68 1098.86 1099.15 1095.28 1095.56 1095.83 1096.09 1095.77 1095.12 1094.22 1096.99 1096.03 1089.37 1088.91 1089.91 1091.58 1093.86 1104.38 1103.08 1101.86 1101.16 1100.73 1100.35 1099.95 1099.54 1099.16 1098.83 1098.28 1097.75 1097.24 1097.48 1097.09 1096.75 1096.39 1096.07 1095.8 1095.59 1095.43 1095.31 1094.37 1093.98 1094.5 1094.08 1093.46 1092.92 1092.44 1092.05 1091.7 1091.41 1090.47 1089.67 1088.88 1088.14 1089.29 1088.54 1087.81 1087.09 1086.43 1085.83 1085.23 1084.7 1084.24 1083.81 1083.43 1083.12 1081.04 1080.44 1081.94 1081.26 1080.59 1079.98 1079.39 1078.86 1078.37 1077.92 1077.45 1077.06 1076.73 1076.46 1076.21 1074.87 1074.21 1073.57 1072.91 1072.24 1071.56 1074.44 1073.72 1073.03 1072.36 1071.65 1070.95 1070.29 1069.62 1068.99 1068.38 1067.78 1067.18 1066.62 1066.08 1065.58 1065.1 1064.63 1064.16 1063.72 1063.29 1062.87 1062.47 1062.08 1061.65 1061.24 1060.84 1060.44 1060.05 1059.67 1056.49 1055.94 1055.39 1054.87 1054.35 1053.85 1053.38 1052.94 1052.51 1052.13 1051.77 1051.43 1051.17 1050.96 
        </DataArray>
        <DataArray type="Float64" Name="Tau1" format="ascii">
0 0 0 0 0 0 0 0 0 0 0 0 0 0 0 0 0 0 0 0 0 0 0 0 0 0 0 0 0 0 0 0 0 0 0 0 0 0 0 0 0 0 0 0 0 0 0 0 0 0 0 0 0 0 0 0 0 0 0 0 0 0 0 0 0 0 0 0 0 0 0 0 0 0 0 0 0 0 0 0 0 0 0 0 0 0 0 0 0 0 0 0 0 0 0 0 0 0 0 0 0 0 0 0 0 0 0 0 0 0 0 0 0 0 0 0 0 0 0 0 0 0 0 0 0 0 0 0 0 0 0 0 0 0 0 0 0 0 0 0 0 0 0 0 0 0 0 0 0 0 0 0 0 0 0 0 0 0 0 0 0 0 0 0 0 0 0 0 0 0 0 0 0 0 0 0 0 0 0 0 0 0 0 0 0 0 0 0 0 0 0 0 0 0 0 0 0 0 0 0 0 0 0 0 0 0 0 0 0 0 0 0 0 0 0 0 0 0 0 0 0 0 0 0 0 0 0 0 0 0 0 0 0 0 0 0 0 0 0 0 0 0 0 0 0 0 0 0 0 0 0 0 0 0 0 0 0 0 0 0 0 0 0 0 0 0 0 0 0 0 0 0 0 0 0 0 0 0 0 0 0 0 0 0 0 0 0 0 0 0 0 0 0 0 0 0 0 0 0 0 0 0 0 0 0 0 0 0 0 0 0 0 0 0 0 0 0 0 0 0 0 0 0 0 0 0 0 0 0 0 0 0 0 0 0 0 0 0 0 0 0 0 0 0 0 0 0 0 0 0 0 0 0 0 0 0 0 0 0 0 0 0 0 0 0 0 0 0 0 0 0 0 0 0 0 0 0 0 0 0 0 0 0 0 0 0 0 0 0 0 0 0 0 0 0 0 0 0 0 0 0 0 0 0 0 0 0 0 0 0 0 0 0 0 0 0 0 0 0 0 0 0 0 0 0 0 0 0 0 0 0 0 0 0 0 0 0 0 0 0 0 0 0 0 0 0 0 0 0 0 0 0 0 0 0 0 0 0 0 0 0 0 0 0 0 0 0 0 0 0 0 0 0 0 0 0 0 0 0 0 0 0 0 0 0 0 0 0 0 0 0 0 0 0 0 0 0 0 0 0 0 0 0 0 0 0 0 0 0 0 0 0 0 0 0 0 0 0 0 0 0 0 0 0 0 0 0 0 0 0 0 0 0 0 0 0 0 0 0 0 0 0 0 0 0 0 0 0 0 0 0 0 0 0 0 0 0 0 0 0 0 0 0 0 0 0 0 0 0 0 0 0 0 0 0 0 0 0 0 0 0 0 0 0 0 0 0 0 0 0 0 0 0 0 0 0 0 0 0 0 0 0 0 0 0 0 0 0 0 0 0 0 0 0 0 0 0 0 0 0 0 0 0 0 0 0 0 0 0 0 0 0 0 0 0 0 0 0 0 0 0 0 0 0 0 0 0 0 0 0 0 0 0 0 0 0 0 0 0 0 0 0 0 0 0 0 0 0 0 0 0 0 0 0 0 0 0 0 0 0 0 0 0 0 0 0 0 0 0 0 0 0 0 0 0 0 0 0 0 0 0 0 0 0 0 0 0 0 0 0 0 0 0 0 0 0 0 0 0 0 0 0 0 0 0 0 0 0 0 0 0 0 0 0 0 0 0 0 0 0 0 0 0 0 0 0 0 0 0 0 0 0 0 0 0 0 0 0 0 0 0 0 0 0 0 0 0 0 0 0 0 0 0 0 0 0 0 0 0 0 0 0 0 0 0 0 0 0 0 0 0 0 0 0 0 0 0 0 0 0 0 0 0 0 0 0 0 0 0 0 0 0 0 0 0 0 0 0 0 0 0 0 0 0 0 0 0 0 0 0 0 0 0 0 0 0 0 0 0 0 0 0 0 0 0 0 0 0 0 0 0 0 0 0 0 0 0 0 0 0 0 0 0 0 0 0 0 0 0 0 0 0 0 0 0 0 0 0 0 0 0 0 0 0 0 0 0 0 0 0 0 0 0 0 0 0 0 0 0 0 0 0 0 0 0 0 0 0 0 0 0 0 0 0 0 0 0 0 0 0 0 0 0 0 0 0 0 0 0 0 0 0 0 0 0 0 0 0 0 0 0 0 0 0 0 0 0 0 0 0 0 0 0 0 0 0 0 0 0 0 0 0 0 0 0 0 0 0 0 0 0 0 0 0 0 0 0 0 0 0 0 0 0 0 0 0 0 0 0 0 0 0 0 0 0 0 0 0 0 0 0 0 0 0 0 0 0 0 0 0 0 0 0 0 0 0 0 0 0 0 0 0 0 0 0 0 0 0 0 0 0 0 0 0 0 0 0 0 0 0 0 0 0 0 0 0 0 0 0 0 0 0 0 0 0 0 0 0 0 0 0 0 0 0 0 0 0 0 0 0 0 0 0 0 0 0 0 0 0 0 0 0 0 0 0 0 0 0 0 0 0 0 0 0 0 0 0 0 0 0 0 0 0 0 0 0 0 0 0 0 0 0 0 0 0 0 0 0 0 0 0 0 0 0 0 0 0 0 0 0 0 0 0 0 0 0 0 0 0 0 0 0 0 0 0 0 0 0 0 0 0 0 0 0 0 0 0 0 0 0 0 0 0 0 0 0 0 0 0 0 0 0 0 0 0 0 0 0 0 0 0 0 0 0 0 0 0 0 0 0 0 0 0 0 0 0 0 0 0 0 0 0 0 0 0 0 0 0 0 0 0 0 0 0 0 0 0 0 0 0 0 0 0 0 0 0 0 0 0 0 0 0 0 0 0 0 0 0 0 0 0 0 0 0 0 0 0 0 0 0 0 0 0 0 0 0 0 0 0 0 0 0 0 0 0 0 0 0 0 0 0 0 0 0 0 0 0 0 0 0 0 0 0 0 0 0 0 0 0 0 0 0 0 0 0 0 0 0 0 0 0 0 0 0 0 0 0 0 0 0 0 0 0 0 0 0 0 0 0 0 0 0 0 0 0 0 0 0 0 0 0 0 0 0 0 0 0 0 0 0 0 0 0 0 0 0 0 0 0 0 0 0 0 0 0 0 0 0 0 0 0 0 0 0 0 0 0 0 0 0 0 0 0 0 0 0 0 0 0 0 0 0 0 0 0 0 0 0 0 0 0 0 0 0 0 0 0 0 0 0 0 0 0 0 0 0 0 0 0 0 0 0 0 0 0 0 0 0 0 0 0 0 0 0 0 0 0 0 0 0 0 0 0 0 0 0 0 0 0 0 0 0 0 0 0 0 0 0 0 0 0 0 0 0 0 0 0 0 0 0 0 0 0 0 0 0 0 0 0 0 0 0 0 0 0 0 0 0 0 0 0 0 0 0 0 0 0 0 0 0 0 0 0 0 0 0 0 0 0 0 0 0 0 0 0 0 0 0 0 0 0 0 0 0 0 0 0 0 0 0 0 0 0 0 0 0 0 0 0 0 0 0 0 0 0 0 0 0 0 0 0 0 0 0 0 0 0 0 0 0 0 0 0 0 0 0 0 0 0 0 0 0 0 0 0 0 0 0 0 0 0 0 0 0 0 0 0 0 0 0 0 0 0 0 0 0 0 0 0 0 0 0 0 0 0 0 0 0 0 0 0 0 0 0 0 0 0 0 0 0 0 0 0 0 0 0 0 0 0 0 0 0 0 0 0 0 0 0 0 0 0 0 0 0 0 0 0 0 0 0 0 0 0 0 0 0 0 0 0 0 0 0 0 0 0 0 0 0 0 0 0 0 0 0 0 0 0 0 0 0 0 0 0 0 0 0 0 0 0 0 0 0 0 0 0 0 0 0 0 0 0 0 0 0 0 0 0 0 0 0 0 0 0 0 0 0 0 0 0 0 0 0 0 0 0 0 0 0 0 0 0 0 0 0 0 0 0 0 0 0 0 0 0 0 0 0 0 0 0 0 0 0 0 0 0 0 0 0 0 0 0 0 0 0 0 0 0 0 0 0 0 0 0 0 0 0 0 0 0 0 0 0 0 0 0 0 0 0 0 0 0 0 0 0 0 0 0 0 0 0 0 0 0 0 0 0 0 0 0 0 0 0 0 0 0 0 0 0 0 0 0 0 0 0 0 0 0 0 0 0 0 0 0 0 0 0 0 0 0 0 0 0 0 0 0 0 0 0 0 0 0 0 0 0 0 0 0 0 0 0 0 0 0 0 0 0 0 0 0 0 0 0 0 0 0 0 0 0 0 0 0 0 0 0 0 0 0 0 0 0 0 0 0 0 0 0 0 0 0 0 0 0 0 0 0 0 0 0 0 0 0 0 0 0 0 0 0 0 0 0 0 0 0 0 0 0 0 0 0 0 0 0 0 0 0 0 0 0 0 0 0 0 0 0 0 0 0 0 0 0 0 0 0 0 0 0 0 0 0 0 0 0 0 0 0 0 0 0 0 0 0 0 0 0 0 0 0 0 0 0 0 0 0 0 0 0 0 0 0 0 0 0 0 0 0 0 0 0 0 0 0 0 0 0 0 0 0 0 0 0 
        </DataArray>
        <DataArray type="Float64" Name="Tau2" format="ascii">
0 0 0 0 0 0 0 0 0 0 0 0 0 0 0 0 0 0 0 0 0 0 0 0 0 0 0 0 0 0 0 0 0 0 0 0 0 0 0 0 0 0 0 0 0 0 0 0 0 0 0 0 0 0 0 0 0 0 0 0 0 0 0 0 0 0 0 0 0 0 0 0 0 0 0 0 0 0 0 0 0 0 0 0 0 0 0 0 0 0 0 0 0 0 0 0 0 0 0 0 0 0 0 0 0 0 0 0 0 0 0 0 0 0 0 0 0 0 0 0 0 0 0 0 0 0 0 0 0 0 0 0 0 0 0 0 0 0 0 0 0 0 0 0 0 0 0 0 0 0 0 0 0 0 0 0 0 0 0 0 0 0 0 0 0 0 0 0 0 0 0 0 0 0 0 0 0 0 0 0 0 0 0 0 0 0 0 0 0 0 0 0 0 0 0 0 0 0 0 0 0 0 0 0 0 0 0 0 0 0 0 0 0 0 0 0 0 0 0 0 0 0 0 0 0 0 0 0 0 0 0 0 0 0 0 0 0 0 0 0 0 0 0 0 0 0 0 0 0 0 0 0 0 0 0 0 0 0 0 0 0 0 0 0 0 0 0 0 0 0 0 0 0 0 0 0 0 0 0 0 0 0 0 0 0 0 0 0 0 0 0 0 0 0 0 0 0 0 0 0 0 0 0 0 0 0 0 0 0 0 0 0 0 0 0 0 0 0 0 0 0 0 0 0 0 0 0 0 0 0 0 0 0 0 0 0 0 0 0 0 0 0 0 0 0 0 0 0 0 0 0 0 0 0 0 0 0 0 0 0 0 0 0 0 0 0 0 0 0 0 0 0 0 0 0 0 0 0 0 0 0 0 0 0 0 0 0 0 0 0 0 0 0 0 0 0 0 0 0 0 0 0 0 0 0 0 0 0 0 0 0 0 0 0 0 0 0 0 0 0 0 0 0 0 0 0 0 0 0 0 0 0 0 0 0 0 0 0 0 0 0 0 0 0 0 0 0 0 0 0 0 0 0 0 0 0 0 0 0 0 0 0 0 0 0 0 0 0 0 0 0 0 0 0 0 0 0 0 0 0 0 0 0 0 0 0 0 0 0 0 0 0 0 0 0 0 0 0 0 0 0 0 0 0 0 0 0 0 0 0 0 0 0 0 0 0 0 0 0 0 0 0 0 0 0 0 0 0 0 0 0 0 0 0 0 0 0 0 0 0 0 0 0 0 0 0 0 0 0 0 0 0 0 0 0 0 0 0 0 0 0 0 0 0 0 0 0 0 0 0 0 0 0 0 0 0 0 0 0 0 0 0 0 0 0 0 0 0 0 0 0 0 0 0 0 0 0 0 0 0 0 0 0 0 0 0 0 0 0 0 0 0 0 0 0 0 0 0 0 0 0 0 0 0 0 0 0 0 0 0 0 0 0 0 0 0 0 0 0 0 0 0 0 0 0 0 0 0 0 0 0 0 0 0 0 0 0 0 0 0 0 0 0 0 0 0 0 0 0 0 0 0 0 0 0 0 0 0 0 0 0 0 0 0 0 0 0 0 0 0 0 0 0 0 0 0 0 0 0 0 0 0 0 0 0 0 0 0 0 0 0 0 0 0 0 0 0 0 0 0 0 0 0 0 0 0 0 0 0 0 0 0 0 0 0 0 0 0 0 0 0 0 0 0 0 0 0 0 0 0 0 0 0 0 0 0 0 0 0 0 0 0 0 0 0 0 0 0 0 0 0 0 0 0 0 0 0 0 0 0 0 0 0 0 0 0 0 0 0 0 0 0 0 0 0 0 0 0 0 0 0 0 0 0 0 0 0 0 0 0 0 0 0 0 0 0 0 0 0 0 0 0 0 0 0 0 0 0 0 0 0 0 0 0 0 0 0 0 0 0 0 0 0 0 0 0 0 0 0 0 0 0 0 0 0 0 0 0 0 0 0 0 0 0 0 0 0 0 0 0 0 0 0 0 0 0 0 0 0 0 0 0 0 0 0 0 0 0 0 0 0 0 0 0 0 0 0 0 0 0 0 0 0 0 0 0 0 0 0 0 0 0 0 0 0 0 0 0 0 0 0 0 0 0 0 0 0 0 0 0 0 0 0 0 0 0 0 0 0 0 0 0 0 0 0 0 0 0 0 0 0 0 0 0 0 0 0 0 0 0 0 0 0 0 0 0 0 0 0 0 0 0 0 0 0 0 0 0 0 0 0 0 0 0 0 0 0 0 0 0 0 0 0 0 0 0 0 0 0 0 0 0 0 0 0 0 0 0 0 0 0 0 0 0 0 0 0 0 0 0 0 0 0 0 0 0 0 0 0 0 0 0 0 0 0 0 0 0 0 0 0 0 0 0 0 0 0 0 0 0 0 0 0 0 0 0 0 0 0 0 0 0 0 0 0 0 0 0 0 0 0 0 0 0 0 0 0 0 0 0 0 0 0 0 0 0 0 0 0 0 0 0 0 0 0 0 0 0 0 0 0 0 0 0 0 0 0 0 0 0 0 0 0 0 0 0 0 0 0 0 0 0 0 0 0 0 0 0 0 0 0 0 0 0 0 0 0 0 0 0 0 0 0 0 0 0 0 0 0 0 0 0 0 0 0 0 0 0 0 0 0 0 0 0 0 0 0 0 0 0 0 0 0 0 0 0 0 0 0 0 0 0 0 0 0 0 0 0 0 0 0 0 0 0 0 0 0 0 0 0 0 0 0 0 0 0 0 0 0 0 0 0 0 0 0 0 0 0 0 0 0 0 0 0 0 0 0 0 0 0 0 0 0 0 0 0 0 0 0 0 0 0 0 0 0 0 0 0 0 0 0 0 0 0 0 0 0 0 0 0 0 0 0 0 0 0 0 0 0 0 0 0 0 0 0 0 0 0 0 0 0 0 0 0 0 0 0 0 0 0 0 0 0 0 0 0 0 0 0 0 0 0 0 0 0 0 0 0 0 0 0 0 0 0 0 0 0 0 0 0 0 0 0 0 0 0 0 0 0 0 0 0 0 0 0 0 0 0 0 0 0 0 0 0 0 0 0 0 0 0 0 0 0 0 0 0 0 0 0 0 0 0 0 0 0 0 0 0 0 0 0 0 0 0 0 0 0 0 0 0 0 0 0 0 0 0 0 0 0 0 0 0 0 0 0 0 0 0 0 0 0 0 0 0 0 0 0 0 0 0 0 0 0 0 0 0 0 0 0 0 0 0 0 0 0 0 0 0 0 0 0 0 0 0 0 0 0 0 0 0 0 0 0 0 0 0 0 0 0 0 0 0 0 0 0 0 0 0 0 0 0 0 0 0 0 0 0 0 0 0 0 0 0 0 0 0 0 0 0 0 0 0 0 0 0 0 0 0 0 0 0 0 0 0 0 0 0 0 0 0 0 0 0 0 0 0 0 0 0 0 0 0 0 0 0 0 0 0 0 0 0 0 0 0 0 0 0 0 0 0 0 0 0 0 0 0 0 0 0 0 0 0 0 0 0 0 0 0 0 0 0 0 0 0 0 0 0 0 0 0 0 0 0 0 0 0 0 0 0 0 0 0 0 0 0 0 0 0 0 0 0 0 0 0 0 0 0 0 0 0 0 0 0 0 0 0 0 0 0 0 0 0 0 0 0 0 0 0 0 0 0 0 0 0 0 0 0 0 0 0 0 0 0 0 0 0 0 0 0 0 0 0 0 0 0 0 0 0 0 0 0 0 0 0 0 0 0 0 0 0 0 0 0 0 0 0 0 0 0 0 0 0 0 0 0 0 0 0 0 0 0 0 0 0 0 0 0 0 0 0 0 0 0 0 0 0 0 0 0 0 0 0 0 0 0 0 0 0 0 0 0 0 0 0 0 0 0 0 0 0 0 0 0 0 0 0 0 0 0 0 0 0 0 0 0 0 0 0 0 0 0 0 0 0 0 0 0 0 0 0 0 0 0 0 0 0 0 0 0 0 0 0 0 0 0 0 0 0 0 0 0 0 0 0 0 0 0 0 0 0 0 0 0 0 0 0 0 0 0 0 0 0 0 0 0 0 0 0 0 0 0 0 0 0 0 0 0 0 0 0 0 0 0 0 0 0 0 0 0 0 0 0 0 0 0 0 0 0 0 0 0 0 0 0 0 0 0 0 0 0 0 0 0 0 0 0 0 0 0 0 0 0 0 0 0 0 0 0 0 0 0 0 0 0 0 0 0 0 0 0 0 0 0 0 0 0 0 0 0 0 0 0 0 0 0 0 0 0 0 0 0 0 0 0 0 0 0 0 0 0 0 0 0 0 0 0 0 0 0 0 0 0 0 0 0 0 0 0 0 0 0 0 0 0 0 0 0 0 0 0 0 0 0 0 0 0 0 0 0 0 0 0 0 0 0 0 0 0 0 0 0 0 0 0 0 0 0 0 0 0 0 0 0 0 0 0 0 0 0 0 0 0 0 0 0 0 0 0 0 0 0 0 0 0 0 0 0 0 0 0 0 0 0 0 0 0 0 0 0 0 0 0 0 0 0 0 0 0 0 0 
        </DataArray>
        <DataArray type="Float64" Name="dTdn" format="ascii">
0 0 0 0 0 0 0 0 0 0 0 0 0 0 0 0 0 0 0 0 0 0 0 0 0 0 0 0 0 0 0 0 0 0 0 0 0 0 0 0 0 0 0 0 0 0 0 0 0 0 0 0 0 0 0 0 0 0 0 0 0 0 0 0 0 0 0 0 0 0 0 0 0 0 0 0 0 0 0 0 0 0 0 0 0 0 0 0 0 0 0 0 0 0 0 0 0 0 0 0 0 0 0 0 0 0 0 0 0 0 0 0 0 0 0 0 0 0 0 0 0 0 0 0 0 0 0 0 0 0 0 0 0 0 0 0 0 0 0 0 0 0 0 0 0 0 0 0 0 0 0 0 0 0 0 0 0 0 0 0 0 0 0 0 0 0 0 0 0 0 0 0 0 0 0 0 0 0 0 0 0 0 0 0 0 0 0 0 0 0 0 0 0 0 0 0 0 0 0 0 0 0 0 0 0 0 0 0 0 0 0 0 0 0 0 0 0 0 0 0 0 0 0 0 0 0 0 0 0 0 0 0 0 0 0 0 0 0 0 0 0 0 0 0 0 0 0 0 0 0 0 0 0 0 0 0 0 0 0 0 0 0 0 0 0 0 0 0 0 0 0 0 0 0 0 0 0 0 0 0 0 0 0 0 0 0 0 0 0 0 0 0 0 0 0 0 0 0 0 0 0 0 0 0 0 0 0 0 0 0 0 0 0 0 0 0 0 0 0 0 0 0 0 0 0 0 0 0 0 0 0 0 0 0 0 0 0 0 0 0 0 0 0 0 0 0 0 0 0 0 0 0 0 0 0 0 0 0 0 0 0 0 0 0 0 0 0 0 0 0 0 0 0 0 0 0 0 0 0 0 0 0 0 0 0 0 0 0 0 0 0 0 0 0 0 0 0 0 0 0 0 0 0 0 0 0 0 0 0 0 0 0 0 0 0 0 0 0 0 0 0 0 0 0 0 0 0 0 0 0 0 0 0 0 0 0 0 0 0 0 0 0 0 0 0 0 0 0 0 0 0 0 0 0 0 0 0 0 0 0 0 0 0 0 0 0 0 0 0 0 0 0 0 0 0 0 0 0 0 0 0 0 0 0 0 0 0 0 0 0 0 0 0 0 0 0 0 0 0 0 0 0 0 0 0 0 0 0 0 0 0 0 0 0 0 0 0 0 0 0 0 0 0 0 0 0 0 0 0 0 0 0 0 0 0 0 0 0 0 0 0 0 0 0 0 0 0 0 0 0 0 0 0 0 0 0 0 0 0 0 0 0 0 0 0 0 0 0 0 0 0 0 0 0 0 0 0 0 0 0 0 0 0 0 0 0 0 0 0 0 0 0 0 0 0 0 0 0 0 0 0 0 0 0 0 0 0 0 0 0 0 0 0 0 0 0 0 0 0 0 0 0 0 0 0 0 0 0 0 0 0 0 0 0 0 0 0 0 0 0 0 0 0 0 0 0 0 0 0 0 0 0 0 0 0 0 0 0 0 0 0 0 0 0 0 0 0 0 0 0 0 0 0 0 0 0 0 0 0 0 0 0 0 0 0 0 0 0 0 0 0 0 0 0 0 0 0 0 0 0 0 0 0 0 0 0 0 0 0 0 0 0 0 0 0 0 0 0 0 0 0 0 0 0 0 0 0 0 0 0 0 0 0 0 0 0 0 0 0 0 0 0 0 0 0 0 0 0 0 0 0 0 0 0 0 0 0 0 0 0 0 0 0 0 0 0 0 0 0 0 0 0 0 0 0 0 0 0 0 0 0 0 0 0 0 0 0 0 0 0 0 0 0 0 0 0 0 0 0 0 0 0 0 0 0 0 0 0 0 0 0 0 0 0 0 0 0 0 0 0 0 0 0 0 0 0 0 0 0 0 0 0 0 0 0 0 0 0 0 0 0 0 0 0 0 0 0 0 0 0 0 0 0 0 0 0 0 0 0 0 0 0 0 0 0 0 0 0 0 0 0 0 0 0 0 0 0 0 0 0 0 0 0 0 0 0 0 0 0 0 0 0 0 0 0 0 0 0 0 0 0 0 0 0 0 0 0 0 0 0 0 0 0 0 0 0 0 0 0 0 0 0 0 0 0 0 0 0 0 0 0 0 0 0 0 0 0 0 0 0 0 0 0 0 0 0 0 0 0 0 0 0 0 0 0 0 0 0 0 0 0 0 0 0 0 0 0 0 0 0 0 0 0 0 0 0 0 0 0 0 0 0 0 0 0 0 0 0 0 0 0 0 0 0 0 0 0 0 0 0 0 0 0 0 0 0 0 0 0 0 0 0 0 0 0 0 0 0 0 0 0 0 0 0 0 0 0 0 0 0 0 0 0 0 0 0 0 0 0 0 0 0 0 0 0 0 0 0 0 0 0 0 0 0 0 0 0 0 0 0 0 0 0 0 0 0 0 0 0 0 0 0 0 0 0 0 0 0 0 0 0 0 0 0 0 0 0 0 0 0 0 0 0 0 0 0 0 0 0 0 0 0 0 0 0 0 0 0 0 0 0 0 0 0 0 0 0 0 0 0 0 0 0 0 0 0 0 0 0 0 0 0 0 0 0 0 0 0 0 0 0 0 0 0 0 0 0 0 0 0 0 0 0 0 0 0 0 0 0 0 0 0 0 0 0 0 0 0 0 0 0 0 0 0 0 0 0 0 0 0 0 0 0 0 0 0 0 0 0 0 0 0 0 0 0 0 0 0 0 0 0 0 0 0 0 0 0 0 0 0 0 0 0 0 0 0 0 0 0 0 0 0 0 0 0 0 0 0 0 0 0 0 0 0 0 0 0 0 0 0 0 0 0 0 0 0 0 0 0 0 0 0 0 0 0 0 0 0 0 0 0 0 0 0 0 0 0 0 0 0 0 0 0 0 0 0 0 0 0 0 0 0 0 0 0 0 0 0 0 0 0 0 0 0 0 0 0 0 0 0 0 0 0 0 0 0 0 0 0 0 0 0 0 0 0 0 0 0 0 0 0 0 0 0 0 0 0 0 0 0 0 0 0 0 0 0 0 0 0 0 0 0 0 0 0 0 0 0 0 0 0 0 0 0 0 0 0 0 0 0 0 0 0 0 0 0 0 0 0 0 0 0 0 0 0 0 0 0 0 0 0 0 0 0 0 0 0 0 0 0 0 0 0 0 0 0 0 0 0 0 0 0 0 0 0 0 0 0 0 0 0 0 0 0 0 0 0 0 0 0 0 0 0 0 0 0 0 0 0 0 0 0 0 0 0 0 0 0 0 0 0 0 0 0 0 0 0 0 0 0 0 0 0 0 0 0 0 0 0 0 0 0 0 0 0 0 0 0 0 0 0 0 0 0 0 0 0 0 0 0 0 0 0 0 0 0 0 0 0 0 0 0 0 0 0 0 0 0 0 0 0 0 0 0 0 0 0 0 0 0 0 0 0 0 0 0 0 0 0 0 0 0 0 0 0 0 0 0 0 0 0 0 0 0 0 0 0 0 0 0 0 0 0 0 0 0 0 0 0 0 0 0 0 0 0 0 0 0 0 0 0 0 0 0 0 0 0 0 0 0 0 0 0 0 0 0 0 0 0 0 0 0 0 0 0 0 0 0 0 0 0 0 0 0 0 0 0 0 0 0 0 0 0 0 0 0 0 0 0 0 0 0 0 0 0 0 0 0 0 0 0 0 0 0 0 0 0 0 0 0 0 0 0 0 0 0 0 0 0 0 0 0 0 0 0 0 0 0 0 0 0 0 0 0 0 0 0 0 0 0 0 0 0 0 0 0 0 0 0 0 0 0 0 0 0 0 0 0 0 0 0 0 0 0 0 0 0 0 0 0 0 0 0 0 0 0 0 0 0 0 0 0 0 0 0 0 0 0 0 0 0 0 0 0 0 0 0 0 0 0 0 0 0 0 0 0 0 0 0 0 0 0 0 0 0 0 0 0 0 0 0 0 0 0 0 0 0 0 0 0 0 0 0 0 0 0 0 0 0 0 0 0 0 0 0 0 0 0 0 0 0 0 0 0 0 0 0 0 0 0 0 0 0 0 0 0 0 0 0 0 0 0 0 0 0 0 0 0 0 0 0 0 0 0 0 0 0 0 0 0 0 0 0 0 0 0 0 0 0 0 0 0 0 0 0 0 0 0 0 0 0 0 0 0 0 0 0 0 0 0 0 0 0 0 0 0 0 0 0 0 0 0 0 0 0 0 0 0 0 0 0 0 0 0 0 0 0 0 0 0 0 0 0 0 0 0 0 0 0 0 0 0 0 0 0 0 0 0 0 0 0 0 0 0 0 0 0 0 0 0 0 0 0 0 0 0 0 0 0 0 0 0 0 0 0 0 0 0 0 0 0 0 0 0 0 0 0 0 0 0 0 0 0 0 0 0 0 0 0 0 0 0 0 0 0 0 0 0 0 0 0 0 0 0 0 0 0 0 0 0 0 0 0 0 0 0 0 0 0 0 0 0 0 0 0 0 0 0 0 0 0 0 0 0 0 0 0 0 0 0 0 0 0 0 0 0 0 0 0 0 
        </DataArray>
        <DataArray type="Int32" Name="Rank" format="ascii">
4 4 4 4 4 4 4 4 4 4 4 4 4 4 4 4 4 4 4 4 4 4 4 4 4 4 4 4 4 4 4 4 4 4 4 4 4 4 4 4 4 4 4 4 4 4 4 4 4 4 4 4 4 4 4 4 4 4 4 4 4 4 4 4 4 4 4 4 4 4 4 4 4 4 4 4 4 4 4 4 4 4 4 4 4 4 4 4 4 4 4 4 4 4 4 4 4 4 4 4 4 4 4 4 4 4 4 4 4 4 4 4 4 4 4 4 4 4 4 4 4 4 4 4 4 4 4 4 4 4 4 4 4 4 4 4 4 4 4 4 4 4 4 4 4 4 4 4 4 4 4 4 4 4 4 4 4 4 4 4 4 4 4 4 4 4 4 4 4 4 4 4 4 4 4 4 4 4 4 4 4 4 4 4 4 4 4 4 4 4 4 4 4 4 4 4 4 4 4 4 4 4 5 5 5 5 5 5 5 5 5 5 5 5 5 5 5 5 5 5 5 5 5 5 5 5 5 5 5 5 5 5 5 5 5 5 5 5 5 5 5 5 5 5 5 5 5 5 5 5 5 5 5 5 5 5 5 5 5 5 5 5 5 5 5 5 5 5 5 5 4 4 4 4 4 4 4 4 4 4 4 4 4 4 4 4 4 4 4 4 4 4 4 4 4 4 4 4 4 4 4 4 4 4 4 4 4 4 4 4 4 4 4 4 4 4 4 4 4 4 4 4 4 4 4 4 4 4 4 4 4 4 4 4 4 4 4 4 4 4 4 4 4 4 4 4 4 4 4 4 4 4 4 4 4 4 4 4 4 4 4 4 4 4 4 4 4 4 4 4 4 4 4 4 4 4 4 4 4 4 4 4 4 4 4 4 4 4 4 4 4 4 4 4 4 4 4 4 4 4 4 4 4 4 4 4 4 4 4 4 4 4 4 4 4 4 4 4 4 4 4 4 4 4 4 4 4 4 4 4 4 4 4 4 4 4 4 4 4 4 4 4 4 4 4 4 4 4 4 4 4 4 4 4 4 4 4 4 4 4 4 4 4 4 4 4 4 4 4 4 4 4 4 4 4 4 4 4 4 4 4 4 4 4 4 4 4 4 4 4 4 4 4 4 4 4 4 4 4 4 4 4 4 4 4 4 4 4 4 4 4 4 4 4 4 4 4 4 4 4 4 4 4 4 4 4 4 4 4 4 4 4 4 4 4 4 4 4 4 4 4 4 4 4 4 4 4 4 4 4 4 4 4 4 4 4 4 4 4 4 4 4 4 4 4 4 4 4 4 4 4 4 4 4 4 4 4 4 4 4 4 4 4 4 4 4 4 4 4 4 4 4 4 4 4 4 4 4 4 4 4 4 4 4 4 4 4 4 4 4 4 4 4 4 4 4 4 4 4 4 4 4 4 4 4 4 4 4 4 4 4 4 4 4 4 4 4 4 4 5 5 5 5 5 5 5 5 5 5 5 5 5 5 5 5 5 5 5 5 5 5 5 5 5 5 5 5 5 5 5 5 5 5 5 5 5 5 5 5 5 5 5 5 5 5 5 5 5 5 5 5 5 5 5 5 5 5 5 5 5 5 5 5 5 5 5 5 5 5 5 5 5 5 5 5 5 5 5 5 5 5 5 5 5 5 5 5 5 5 5 5 5 5 5 5 5 5 5 5 5 5 5 5 5 5 5 5 5 5 5 5 5 5 5 5 5 5 5 5 5 5 5 5 5 5 5 5 5 5 5 5 5 5 5 5 5 5 5 5 5 5 5 5 5 5 5 5 5 5 5 5 5 5 5 5 5 5 5 5 5 5 5 5 5 5 5 5 5 5 5 5 5 5 5 5 5 5 5 5 5 5 5 5 5 5 5 5 5 5 5 5 5 5 5 5 5 5 5 5 5 5 5 5 5 5 5 5 5 5 5 5 5 5 5 5 5 5 5 5 5 5 5 5 5 5 5 5 5 5 5 5 5 5 5 5 5 5 5 5 5 5 5 5 5 5 5 5 5 5 5 5 5 5 5 5 5 5 5 5 5 5 5 5 5 5 5 5 5 5 5 5 5 5 5 5 5 5 5 5 5 5 5 5 5 5 5 5 5 5 5 5 5 5 5 5 5 5 5 5 5 5 5 5 5 5 5 5 5 5 5 5 5 5 5 5 5 5 5 5 5 5 5 5 5 5 5 5 5 5 5 5 5 5 5 5 5 5 5 5 5 5 5 5 5 5 5 5 5 5 5 5 5 5 5 5 5 5 5 5 5 5 5 5 5 5 5 5 5 5 5 5 5 5 5 5 5 5 5 5 5 5 5 5 5 5 5 5 5 5 5 5 5 5 5 5 5 5 5 5 5 5 5 5 5 5 5 5 5 5 5 5 5 5 5 5 5 5 5 5 5 5 5 5 5 5 5 5 5 5 5 5 5 5 5 5 5 5 5 5 5 5 5 5 5 5 5 5 5 5 5 5 5 5 5 5 5 5 5 5 5 5 5 5 5 5 5 5 5 5 5 5 5 5 5 5 5 5 5 5 5 5 5 5 5 5 5 5 5 5 5 5 5 5 5 5 5 5 5 5 5 5 5 5 5 5 5 5 5 5 5 5 5 5 5 5 5 5 5 5 5 5 5 5 5 5 5 5 5 5 5 5 5 5 5 5 5 5 5 5 5 5 5 5 5 5 5 5 5 5 5 5 5 5 5 5 5 5 5 5 5 5 5 5 5 5 5 5 5 5 5 5 5 5 5 5 5 5 5 5 5 5 5 5 5 5 5 5 5 5 5 5 5 5 5 5 5 5 5 5 5 5 5 5 5 5 5 5 5 5 5 5 5 5 5 5 5 5 5 5 5 5 5 5 5 5 5 5 5 5 5 5 5 5 5 5 5 5 5 5 5 5 5 5 5 5 5 5 5 5 5 5 5 5 5 5 5 5 5 5 5 5 5 5 5 5 5 5 5 5 5 5 5 5 5 5 5 5 5 5 5 5 5 5 5 5 5 5 5 5 5 5 5 5 5 5 5 5 5 5 5 5 5 5 5 5 5 5 5 5 5 5 5 5 5 5 5 5 5 5 5 5 5 5 5 5 5 5 5 5 5 5 5 5 5 5 5 5 5 5 5 5 5 5 5 5 5 5 5 5 5 5 5 5 5 5 5 5 5 5 5 5 5 5 5 5 5 5 5 5 5 5 5 5 5 5 5 5 5 5 5 5 5 5 5 5 5 5 5 5 5 5 5 5 5 5 5 5 5 5 5 5 5 5 5 5 5 5 5 5 5 5 5 5 5 5 5 5 5 5 5 5 5 5 5 5 5 5 5 5 5 5 5 5 5 5 5 5 5 5 5 5 5 5 5 5 5 5 5 5 5 5 5 5 5 5 5 5 5 5 5 5 5 5 5 5 5 5 5 5 5 5 5 5 5 5 5 5 5 5 5 5 5 5 5 5 5 5 5 5 5 5 5 5 5 5 5 5 5 5 5 5 5 5 5 5 5 5 5 5 5 5 5 5 5 5 5 5 5 5 5 5 5 5 5 5 5 5 5 5 5 5 5 5 5 5 5 5 5 5 5 5 5 5 5 5 5 5 5 5 5 5 5 5 5 5 5 5 5 5 5 5 5 5 5 5 5 5 5 5 5 5 5 5 5 5 5 5 5 5 5 5 5 5 5 5 5 5 5 5 5 5 5 5 5 5 5 5 5 5 5 5 5 5 5 5 5 5 5 5 5 5 5 5 5 5 5 5 5 5 5 5 5 5 5 5 5 5 5 5 5 5 5 5 5 5 5 5 5 5 5 5 5 5 5 5 5 5 5 5 5 5 5 5 5 5 5 5 5 5 5 5 5 5 5 5 5 5 5 5 5 5 5 5 5 5 5 5 5 5 5 5 5 5 5 5 5 5 5 5 5 5 5 5 5 5 5 5 5 5 5 5 5 5 5 5 5 5 5 5 5 5 5 5 5 5 5 5 5 5 5 5 5 5 5 5 5 5 5 5 5 5 5 5 5 5 5 5 5 5 5 5 5 5 5 5 5 5 5 5 5 5 5 5 5 5 5 5 5 5 5 5 5 5 5 5 5 5 5 5 5 5 5 5 5 5 5 5 5 5 5 5 5 5 5 5 5 5 5 5 5 5 5 5 4 4 4 4 4 4 4 4 4 4 4 4 4 4 4 4 4 4 4 4 4 4 4 4 4 4 4 4 4 4 4 4 4 4 4 4 4 4 4 4 4 4 4 4 4 4 4 4 4 4 4 4 4 4 4 4 4 4 4 4 4 4 4 4 4 4 4 4 4 4 4 4 4 4 4 4 4 4 4 4 4 4 4 4 4 4 4 4 4 4 4 4 4 4 4 4 4 4 4 4 4 4 4 4 4 4 4 4 4 4 4 4 4 4 4 4 4 4 4 4 4 4 4 4 4 4 4 4 4 4 4 4 4 4 4 4 4 4 4 4 4 4 4 4 4 4 4 4 4 4 4 4 4 4 4 4 4 4 4 4 4 4 4 4 4 4 4 
        </DataArray>
        <DataArray type="Int32" Name="Level" format="ascii">
4 4 4 4 4 4 4 4 4 4 4 4 4 4 4 4 4 4 4 4 4 4 4 4 4 4 4 4 4 4 4 4 4 4 4 4 4 4 4 4 4 4 4 4 4 4 4 4 4 4 4 4 4 4 4 4 4 4 4 4 4 4 4 4 4 4 4 4 4 4 4 4 4 4 4 4 4 4 4 4 4 4 4 4 4 4 4 4 4 4 4 4 4 4 4 4 4 4 4 4 4 4 4 4 4 4 4 4 4 4 4 4 4 4 4 4 4 4 4 4 4 4 4 4 4 4 4 4 4 4 4 4 4 4 4 4 4 4 4 4 4 4 4 4 4 4 4 4 4 4 4 4 4 4 4 4 4 4 4 4 4 4 4 4 4 4 4 4 4 4 4 4 4 4 4 4 4 4 4 4 4 4 4 4 4 4 4 4 4 4 4 4 4 4 4 4 4 4 4 4 4 4 4 4 4 4 4 4 4 4 4 4 4 4 4 4 4 4 4 4 4 4 4 4 4 4 4 4 4 4 4 4 4 4 4 4 4 4 4 4 4 4 4 4 4 4 4 4 4 4 4 4 4 4 4 4 4 4 4 4 4 4 4 4 4 4 4 4 4 4 4 4 4 4 4 4 4 4 4 4 4 4 4 4 4 4 4 4 4 4 4 4 4 4 4 4 4 4 4 4 4 4 4 4 4 4 4 4 4 4 4 4 4 4 4 4 4 4 4 4 4 4 4 4 4 4 4 4 4 4 4 4 4 4 4 4 4 4 4 4 4 4 4 4 4 4 4 4 4 4 4 4 4 4 4 4 4 4 4 4 4 4 4 4 4 4 4 4 4 4 4 4 4 4 4 4 4 4 4 4 4 4 4 4 4 4 4 4 4 4 4 4 4 4 4 4 4 4 4 4 4 4 4 4 4 4 4 4 4 4 4 4 4 4 4 4 4 4 4 4 4 4 4 4 4 4 4 4 4 4 4 4 4 4 4 4 4 4 4 4 4 4 4 4 4 4 4 4 4 4 4 4 4 4 4 4 4 4 4 4 4 4 4 4 4 4 4 4 4 4 4 4 4 4 4 4 4 4 4 4 4 4 4 4 4 4 4 4 4 4 4 4 4 4 4 4 4 4 4 4 4 4 4 4 4 4 4 4 4 4 4 4 4 4 4 4 4 4 4 4 4 4 4 4 4 4 4 4 4 4 4 4 4 4 4 4 4 4 4 4 4 4 4 4 4 4 4 4 4 4 4 4 4 4 4 4 4 4 4 4 4 4 4 4 4 4 4 4 4 4 4 4 4 4 4 4 4 4 4 4 4 4 4 4 4 4 4 4 4 4 4 4 4 4 4 4 4 4 4 4 4 4 4 4 4 4 4 4 4 4 4 4 4 4 4 4 4 4 4 4 4 4 4 4 4 4 4 4 4 4 4 4 4 4 4 4 4 4 4 4 4 4 4 4 4 4 4 4 4 4 4 4 4 4 4 4 4 4 4 4 4 4 4 4 4 4 4 4 4 4 4 4 4 4 4 4 4 4 4 4 4 4 4 4 4 4 4 4 4 4 4 4 4 4 4 4 4 4 4 4 4 4 4 4 4 4 4 4 4 4 4 4 4 4 4 4 4 4 4 4 4 4 4 4 4 4 4 4 4 4 4 4 4 4 4 4 4 4 4 4 4 4 4 4 4 4 4 4 4 4 4 4 4 4 4 4 4 4 4 4 4 4 4 4 4 4 4 4 4 4 4 4 4 4 4 4 4 4 4 4 4 4 4 4 4 4 4 4 4 4 4 4 4 4 4 4 4 4 4 4 4 4 4 4 4 4 4 4 4 4 4 4 4 4 4 4 4 4 4 4 4 4 4 4 4 4 4 4 4 4 4 4 4 4 4 4 4 4 4 4 4 4 4 4 4 4 4 4 4 4 4 4 4 4 4 4 4 4 4 4 4 4 4 4 4 4 4 4 4 4 4 4 4 4 4 4 4 4 4 4 4 4 4 4 4 4 4 4 4 4 4 4 4 4 4 4 4 4 4 4 4 4 4 4 4 4 4 4 4 4 4 4 4 4 4 4 4 4 4 4 4 4 4 4 4 4 4 4 4 4 4 4 4 4 4 4 4 4 4 4 4 4 4 4 4 4 4 4 4 4 4 4 4 4 4 4 4 4 4 4 4 4 4 4 4 4 4 4 4 4 4 4 4 4 4 4 4 4 4 4 4 4 4 4 4 4 4 4 4 4 4 4 4 4 4 4 4 4 4 4 4 4 4 4 4 4 4 4 4 4 4 4 4 4 4 4 4 4 4 4 4 4 4 4 4 4 4 4 4 4 4 4 4 4 4 4 4 4 4 4 4 4 4 4 4 4 4 4 4 4 4 4 4 4 4 4 4 4 4 4 4 4 4 4 4 4 4 4 4 4 4 4 4 4 4 4 4 4 4 4 4 4 4 4 4 4 4 4 4 4 4 4 4 4 4 4 4 4 4 4 4 4 4 4 4 4 4 4 4 4 4 4 4 4 4 4 4 4 4 4 4 4 4 4 4 4 4 4 4 4 4 4 4 4 4 4 4 4 4 4 4 4 4 4 4 4 4 4 4 4 4 4 4 4 4 4 4 4 4 4 4 4 4 4 4 4 4 4 4 4 4 4 4 4 4 4 4 4 4 4 4 4 4 4 4 4 4 4 4 4 4 4 4 4 4 4 4 4 4 4 4 4 4 4 4 4 4 4 4 4 4 4 4 4 4 4 4 4 4 4 4 4 4 4 4 4 4 4 4 4 4 4 4 4 4 4 4 4 4 4 4 4 4 4 4 4 4 4 4 4 4 4 4 4 4 4 4 4 4 4 4 4 4 4 4 4 4 4 4 4 4 4 4 4 4 4 4 4 4 4 4 4 4 4 4 4 4 4 4 4 4 4 4 4 4 4 4 4 4 4 4 4 4 4 4 4 4 4 4 4 4 4 4 4 4 4 4 4 4 4 4 4 4 4 4 4 4 4 4 4 4 4 4 4 4 4 4 4 4 4 4 4 4 4 4 4 4 4 4 4 4 4 4 4 4 4 4 4 4 4 4 4 4 4 4 4 4 4 4 4 4 4 4 4 4 4 4 4 4 4 4 4 4 4 4 4 4 4 4 4 4 4 4 4 4 4 4 4 4 4 4 4 4 4 4 4 4 4 4 4 4 4 4 4 4 4 4 4 4 4 4 4 4 4 4 4 4 4 4 4 4 4 4 4 4 4 4 4 4 4 4 4 4 4 4 4 4 4 4 4 4 4 4 4 4 4 4 4 4 4 4 4 4 4 4 4 4 4 4 4 4 4 4 4 4 4 4 4 4 4 4 4 4 4 4 4 4 4 4 4 4 4 4 4 4 4 4 4 4 4 4 4 4 4 4 4 4 4 4 4 4 4 4 4 4 4 4 4 4 4 4 4 4 4 4 4 4 4 4 4 4 4 4 4 4 4 4 4 4 4 4 4 4 4 4 4 4 4 4 4 4 4 4 4 4 4 4 4 4 4 4 4 4 4 4 4 4 4 4 4 4 4 4 4 4 4 4 4 4 4 4 4 4 4 4 4 4 4 4 4 4 4 4 4 4 4 4 4 4 4 4 4 4 4 4 4 4 4 4 4 4 4 4 4 4 4 4 4 4 4 4 4 4 4 4 4 4 4 4 4 4 4 4 4 4 4 4 4 4 4 4 4 4 4 4 4 4 4 4 4 4 4 4 4 4 4 4 4 4 4 4 4 4 4 4 4 4 4 4 4 4 4 4 4 4 4 4 4 4 4 4 4 4 4 4 4 4 4 4 4 4 4 4 4 4 4 4 4 4 4 4 4 4 4 4 4 4 4 4 4 4 4 4 4 4 4 4 4 4 4 4 4 4 4 4 4 4 4 4 4 4 4 4 4 4 4 4 4 4 4 4 4 4 4 4 4 4 4 4 4 4 4 4 4 4 4 4 4 4 4 4 4 4 4 4 4 4 4 4 4 4 4 4 4 4 4 4 4 4 4 4 4 4 4 4 4 4 4 4 4 4 4 4 4 4 4 4 4 4 4 4 4 4 4 4 4 4 4 4 4 4 4 4 4 4 4 4 4 4 4 4 4 4 4 4 4 4 4 4 4 4 4 4 4 4 4 4 4 4 4 4 4 4 4 4 4 4 4 4 4 4 4 4 4 4 4 4 4 4 4 4 4 4 4 4 4 4 4 4 4 4 4 4 4 4 4 4 4 4 4 4 4 4 4 4 4 4 4 4 4 4 4 4 4 4 4 4 4 4 4 4 4 4 4 4 4 4 4 4 4 4 4 4 4 4 4 4 4 4 4 4 4 4 4 4 4 4 4 4 4 4 4 4 4 4 4 4 4 4 4 4 4 4 4 4 4 4 4 4 4 4 4 4 4 4 4 4 4 4 4 4 4 4 4 4 4 4 4 4 4 4 4 4 4 4 4 4 4 4 4 4 4 4 4 4 4 4 4 4 4 4 4 4 4 4 4 4 4 4 4 
        </DataArray>
        <DataArray type="Int32" Name="N_Interp_IP0" format="ascii">
4 4 4 4 4 4 4 4 4 4 4 4 4 4 4 4 4 4 4 4 4 4 4 4 4 4 4 4 4 4 4 4 4 4 4 4 4 4 4 4 4 4 4 4 4 4 4 4 4 4 4 4 4 4 4 4 4 4 4 4 4 4 4 4 4 4 4 4 4 4 4 4 4 4 4 4 4 4 4 4 4 4 4 4 4 4 4 4 4 4 4 4 4 4 4 4 4 4 4 4 4 4 4 4 4 4 4 4 4 4 4 4 4 4 4 4 4 4 4 4 4 4 4 4 4 4 4 4 4 4 4 4 4 4 4 4 4 4 4 4 4 4 4 4 4 4 4 4 4 4 4 4 4 4 4 4 4 4 4 4 4 4 4 4 4 4 4 4 4 4 4 4 4 4 4 4 4 4 4 4 4 4 4 4 4 4 4 4 4 4 4 4 4 4 4 4 4 4 4 4 4 4 4 4 4 4 4 4 4 4 4 4 4 4 4 4 4 4 4 4 4 4 4 4 4 4 4 4 4 4 4 4 4 4 4 4 4 4 4 4 4 4 4 4 4 4 4 4 4 4 4 4 4 4 4 4 4 4 4 4 4 4 4 4 4 4 4 4 4 4 4 4 4 4 4 4 4 4 4 4 4 4 4 4 4 4 4 4 4 4 4 4 4 4 4 4 4 4 4 4 4 4 4 4 4 4 4 4 4 4 4 4 4 4 4 4 4 4 4 4 4 4 4 4 4 4 4 4 4 4 4 4 4 4 4 4 4 4 4 4 4 4 4 4 4 4 4 4 4 4 4 4 4 4 4 4 4 4 4 4 4 4 4 4 4 4 4 4 4 4 4 4 4 4 4 4 4 4 4 4 4 4 4 4 4 4 4 4 4 4 4 4 4 4 4 4 4 4 4 4 4 4 4 4 4 4 4 4 4 4 4 4 4 4 4 4 4 4 4 4 4 4 4 4 4 4 4 4 4 4 4 4 4 4 4 4 4 4 4 4 4 4 4 4 4 4 4 4 4 4 4 4 4 4 4 4 4 4 4 4 4 4 4 4 4 4 4 4 4 4 4 4 4 4 4 4 4 4 4 4 4 4 4 4 4 4 4 4 4 4 4 4 4 4 4 4 4 4 4 4 4 4 4 4 4 4 4 4 4 4 4 4 4 4 4 4 4 4 4 4 4 4 4 4 4 4 4 4 4 4 4 4 4 4 4 4 4 4 4 4 4 4 4 4 4 4 4 4 4 4 4 4 4 4 4 4 4 4 4 4 4 4 4 4 4 4 4 4 4 4 4 4 4 4 4 4 4 4 4 4 4 4 4 4 4 4 4 4 4 4 4 4 4 4 4 4 4 4 4 4 4 4 4 4 4 4 4 4 4 4 4 4 4 4 4 4 4 4 4 4 4 4 4 4 4 4 4 4 4 4 4 4 4 4 4 4 4 4 4 4 4 4 4 4 4 4 4 4 4 4 4 4 4 4 4 4 4 4 4 4 4 4 4 4 4 4 4 4 4 4 4 4 4 4 4 4 4 4 4 4 4 4 4 4 4 4 4 4 4 4 4 4 4 4 4 4 4 4 4 4 4 4 4 4 4 4 4 4 4 4 4 4 4 4 4 4 4 4 4 4 4 4 4 4 4 4 4 4 4 4 4 4 4 4 4 4 4 4 4 4 4 4 4 4 4 4 4 4 4 4 4 4 4 4 4 4 4 4 4 4 4 4 4 4 4 4 4 4 4 4 4 4 4 4 4 4 4 4 4 4 4 4 4 4 4 4 4 4 4 4 4 4 4 4 4 4 4 4 4 4 4 4 4 4 4 4 4 4 4 4 4 4 4 4 4 4 4 4 4 4 4 4 4 4 4 4 4 4 4 4 4 4 4 4 4 4 4 4 4 4 4 4 4 4 4 4 4 4 4 4 4 4 4 4 4 4 4 4 4 4 4 4 4 4 4 4 4 4 4 4 4 4 4 4 4 4 4 4 4 4 4 4 4 4 4 4 4 4 4 4 4 4 4 4 4 4 4 4 4 4 4 4 4 4 4 4 4 4 4 4 4 4 4 4 4 4 4 4 4 4 4 4 4 4 4 4 4 4 4 4 4 4 4 4 4 4 4 4 4 4 4 4 4 4 4 4 4 4 4 4 4 4 4 4 4 4 4 4 4 4 4 4 4 4 4 4 4 4 4 4 4 4 4 4 4 4 4 4 4 4 4 4 4 4 4 4 4 4 4 4 4 4 4 4 4 4 4 4 4 4 4 4 4 4 4 4 4 4 4 4 4 4 4 4 4 4 4 4 4 4 4 4 4 4 4 4 4 4 4 4 4 4 4 4 4 4 4 4 4 4 4 4 4 4 4 4 4 4 4 4 4 4 4 4 4 4 4 4 4 4 4 4 4 4 4 4 4 4 4 4 4 4 4 4 4 4 4 4 4 4 4 4 4 4 4 4 4 4 4 4 4 4 4 4 4 4 4 4 4 4 4 4 4 4 4 4 4 4 4 4 4 4 4 4 4 4 4 4 4 4 4 4 4 4 4 4 4 4 4 4 4 4 4 4 4 4 4 4 4 4 4 4 4 4 4 4 4 4 4 4 4 4 4 4 4 4 4 4 4 4 4 4 4 4 4 4 4 4 4 4 4 4 4 4 4 4 4 4 4 4 4 4 4 4 4 4 4 4 4 4 4 4 4 4 4 4 4 4 4 4 4 4 4 4 4 4 4 4 4 4 4 4 4 4 4 4 4 4 4 4 4 4 4 4 4 4 4 4 4 4 4 4 4 4 4 4 4 4 4 4 4 4 4 4 4 4 4 4 4 4 4 4 4 4 4 4 4 4 4 4 4 4 4 4 4 4 4 4 4 4 4 4 4 4 4 4 4 4 4 4 4 4 4 4 4 4 4 4 4 4 4 4 4 4 4 4 4 4 4 4 4 4 4 4 4 4 4 4 4 4 4 4 4 4 4 4 4 4 4 4 4 4 4 4 4 4 4 4 4 4 4 4 4 4 4 4 4 4 4 4 4 4 4 4 4 4 4 4 4 4 4 4 4 4 4 4 4 4 4 4 4 4 4 4 4 4 4 4 4 4 4 4 4 4 4 4 4 4 4 4 4 4 4 4 4 4 4 4 4 4 4 4 4 4 4 4 4 4 4 4 4 4 4 4 4 4 4 4 4 4 4 4 4 4 4 4 4 4 4 4 4 4 4 4 4 4 4 4 4 4 4 4 4 4 4 4 4 4 4 4 4 4 4 4 4 4 4 4 4 4 4 4 4 4 4 4 4 4 4 4 4 4 4 4 4 4 4 4 4 4 4 4 4 4 4 4 4 4 4 4 4 4 4 4 4 4 4 4 4 4 4 4 4 4 4 4 4 4 4 4 4 4 4 4 4 4 4 4 4 4 4 4 4 4 4 4 4 4 4 4 4 4 4 4 4 4 4 4 4 4 4 4 4 4 4 4 4 4 4 4 4 4 4 4 4 4 4 4 4 4 4 4 4 4 4 4 4 4 4 4 4 4 4 4 4 4 4 4 4 4 4 4 4 4 4 4 4 4 4 4 4 4 4 4 4 4 4 4 4 4 4 4 4 4 4 4 4 4 4 4 4 4 4 4 4 4 4 4 4 4 4 4 4 4 4 4 4 4 4 4 4 4 4 4 4 4 4 4 4 4 4 4 4 4 4 4 4 4 4 4 4 4 4 4 4 4 4 4 4 4 4 4 4 4 4 4 4 4 4 4 4 4 4 4 4 4 4 4 4 4 4 4 4 4 4 4 4 4 4 4 4 4 4 4 4 4 4 4 4 4 4 4 4 4 4 4 4 4 4 4 4 4 4 4 4 4 4 4 4 4 4 4 4 4 4 4 4 4 4 4 4 4 4 4 4 4 4 4 4 4 4 4 4 4 4 4 4 4 4 4 4 4 4 4 4 4 4 4 4 4 4 4 4 4 4 4 4 4 4 4 4 4 4 4 4 4 4 4 4 4 4 4 4 4 4 4 4 4 4 4 4 4 4 4 4 4 4 4 4 4 4 4 4 4 4 4 4 4 4 4 4 4 4 4 4 4 4 4 4 4 4 4 4 4 4 4 4 4 4 4 4 4 4 4 4 4 4 4 4 4 4 4 4 4 4 4 4 4 4 4 4 4 4 4 4 4 4 4 4 4 4 4 4 4 4 4 4 4 4 4 4 4 4 4 4 4 4 4 4 4 4 4 4 4 4 4 4 4 4 4 4 4 4 4 4 4 4 4 4 4 4 4 4 4 4 4 4 4 4 4 4 4 4 4 4 4 4 4 4 4 4 4 4 4 4 4 4 4 4 4 4 4 4 4 4 4 4 4 4 4 4 4 4 4 4 4 4 4 4 4 4 4 4 4 4 4 4 4 4 4 4 4 4 4 4 4 4 4 4 4 4 4 4 4 4 4 4 4 4 4 4 4 4 4 4 4 4 4 4 4 4 4 4 4 4 4 4 4 4 4 4 4 4 4 4 4 4 4 4 4 
        </DataArray>
      </CellData>
    </Piece>
  </PolyData>
</VTKFile>
