<?xml version="1.0"?>
<VTKFile type="PolyData" version="1.0" byte_order="LittleEndian" header_type="UInt64">
  <PolyData>
    <Piece NumberOfPoints="2000" NumberOfPolys="2000">
      <Points>
        <DataArray type="Float64" Name="Points" NumberOfComponents="3" format="ascii">
-0.2 0.6 0.0 -0.200001 0.600314 0.0 -0.200002 0.600628 0.0 -0.200005 0.600942 0.0 -0.200008 0.601257 0.0 -0.200013 0.601571 0.0 -0.200018 0.601885 0.0 -0.200025 0.602199 0.0 -0.200032 0.602513 0.0 -0.20004 0.602827 0.0 -0.200049 0.603141 0.0 -0.20006 0.603455 0.0 -0.200071 0.603769 0.0 -0.200084 0.604083 0.0 -0.200097 0.604397 0.0 -0.200112 0.604711 0.0 -0.200126 0.605024 0.0 -0.200143 0.605338 0.0 -0.20016 0.605652 0.0 -0.200179 0.605965 0.0 -0.200197 0.606279 0.0 -0.200218 0.606593 0.0 -0.200239 0.606906 0.0 -0.200261 0.607219 0.0 -0.200284 0.607533 0.0 -0.200309 0.607846 0.0 -0.200333 0.608159 0.0 -0.20036 0.608472 0.0 -0.200387 0.608785 0.0 -0.200415 0.609098 0.0 -0.200444 0.609411 0.0 -0.200474 0.609724 0.0 -0.200505 0.610036 0.0 -0.200537 0.610349 0.0 -0.20057 0.610661 0.0 -0.200604 0.610973 0.0 -0.200639 0.611286 0.0 -0.200675 0.611598 0.0 -0.200712 0.61191 0.0 -0.20075 0.612222 0.0 -0.200789 0.612533 0.0 -0.200829 0.612845 0.0 -0.200869 0.613156 0.0 -0.200912 0.613468 0.0 -0.200954 0.613779 0.0 -0.200998 0.61409 0.0 -0.201042 0.614401 0.0 -0.201089 0.614712 0.0 -0.201135 0.615023 0.0 -0.201183 0.615333 0.0 -0.201231 0.615643 0.0 -0.201281 0.615954 0.0 -0.201331 0.616264 0.0 -0.201383 0.616574 0.0 -0.201436 0.616883 0.0 -0.20149 0.617193 0.0 -0.201544 0.617502 0.0 -0.2016 0.617811 0.0 -0.201655 0.618121 0.0 -0.201713 0.618429 0.0 -0.201771 0.618738 0.0 -0.201831 0.619047 0.0 -0.201891 0.619355 0.0 -0.201953 0.619663 0.0 -0.202014 0.619971 0.0 -0.202078 0.620279 0.0 -0.202142 0.620586 0.0 -0.202208 0.620893 0.0 -0.202273 0.621201 0.0 -0.202341 0.621508 0.0 -0.202408 0.621814 0.0 -0.202478 0.622121 0.0 -0.202547 0.622427 0.0 -0.202619 0.622733 0.0 -0.20269 0.623039 0.0 -0.202763 0.623344 0.0 -0.202837 0.62365 0.0 -0.202912 0.623955 0.0 -0.202987 0.62426 0.0 -0.203065 0.624564 0.0 -0.203142 0.624869 0.0 -0.203221 0.625173 0.0 -0.2033 0.625477 0.0 -0.203381 0.625781 0.0 -0.203462 0.626084 0.0 -0.203545 0.626387 0.0 -0.203628 0.62669 0.0 -0.203712 0.626993 0.0 -0.203797 0.627295 0.0 -0.203884 0.627597 0.0 -0.203971 0.627899 0.0 -0.204059 0.628201 0.0 -0.204148 0.628502 0.0 -0.204238 0.628803 0.0 -0.204329 0.629104 0.0 -0.204421 0.629404 0.0 -0.204514 0.629704 0.0 -0.204608 0.630004 0.0 -0.204702 0.630304 0.0 -0.204798 0.630603 0.0 -0.204894 0.630902 0.0 -0.204992 0.6312 0.0 -0.20509 0.631499 0.0 -0.20519 0.631797 0.0 -0.20529 0.632094 0.0 -0.205392 0.632392 0.0 -0.205494 0.632689 0.0 -0.205597 0.632985 0.0 -0.205701 0.633282 0.0 -0.205806 0.633578 0.0 -0.205912 0.633874 0.0 -0.206019 0.634169 0.0 -0.206127 0.634464 0.0 -0.206236 0.634759 0.0 -0.206345 0.635053 0.0 -0.206456 0.635347 0.0 -0.206567 0.635641 0.0 -0.20668 0.635934 0.0 -0.206793 0.636228 0.0 -0.206908 0.63652 0.0 -0.207022 0.636812 0.0 -0.207139 0.637104 0.0 -0.207255 0.637396 0.0 -0.207374 0.637687 0.0 -0.207492 0.637978 0.0 -0.207613 0.638268 0.0 -0.207733 0.638558 0.0 -0.207855 0.638848 0.0 -0.207977 0.639137 0.0 -0.208101 0.639426 0.0 -0.208225 0.639715 0.0 -0.20835 0.640003 0.0 -0.208476 0.640291 0.0 -0.208603 0.640578 0.0 -0.208731 0.640865 0.0 -0.20886 0.641151 0.0 -0.208989 0.641438 0.0 -0.20912 0.641723 0.0 -0.209252 0.642009 0.0 -0.209384 0.642293 0.0 -0.209517 0.642578 0.0 -0.209652 0.642862 0.0 -0.209787 0.643146 0.0 -0.209923 0.643429 0.0 -0.210059 0.643712 0.0 -0.210198 0.643994 0.0 -0.210336 0.644276 0.0 -0.210476 0.644557 0.0 -0.210616 0.644838 0.0 -0.210758 0.645119 0.0 -0.210899 0.645399 0.0 -0.211043 0.645679 0.0 -0.211186 0.645958 0.0 -0.211332 0.646237 0.0 -0.211477 0.646515 0.0 -0.211624 0.646793 0.0 -0.211771 0.64707 0.0 -0.21192 0.647347 0.0 -0.212068 0.647624 0.0 -0.212219 0.6479 0.0 -0.212369 0.648175 0.0 -0.212522 0.64845 0.0 -0.212674 0.648725 0.0 -0.212828 0.648999 0.0 -0.212982 0.649273 0.0 -0.213137 0.649546 0.0 -0.213293 0.649819 0.0 -0.21345 0.65009 0.0 -0.213608 0.650362 0.0 -0.213767 0.650633 0.0 -0.213926 0.650904 0.0 -0.214087 0.651174 0.0 -0.214247 0.651444 0.0 -0.21441 0.651713 0.0 -0.214572 0.651982 0.0 -0.214736 0.65225 0.0 -0.214901 0.652517 0.0 -0.215066 0.652784 0.0 -0.215232 0.653051 0.0 -0.2154 0.653317 0.0 -0.215567 0.653583 0.0 -0.215736 0.653847 0.0 -0.215906 0.654112 0.0 -0.216076 0.654376 0.0 -0.216247 0.654639 0.0 -0.21642 0.654902 0.0 -0.216592 0.655165 0.0 -0.216766 0.655426 0.0 -0.21694 0.655688 0.0 -0.217116 0.655948 0.0 -0.217292 0.656208 0.0 -0.217469 0.656468 0.0 -0.217647 0.656727 0.0 -0.217826 0.656985 0.0 -0.218005 0.657243 0.0 -0.218185 0.6575 0.0 -0.218366 0.657757 0.0 -0.218548 0.658013 0.0 -0.218731 0.658269 0.0 -0.218914 0.658524 0.0 -0.219098 0.658779 0.0 -0.219284 0.659032 0.0 -0.219469 0.659286 0.0 -0.219656 0.659538 0.0 -0.219843 0.65979 0.0 -0.220032 0.660042 0.0 -0.220221 0.660293 0.0 -0.220411 0.660543 0.0 -0.220601 0.660793 0.0 -0.220793 0.661042 0.0 -0.220984 0.661291 0.0 -0.221178 0.661538 0.0 -0.221371 0.661786 0.0 -0.221566 0.662032 0.0 -0.221761 0.662279 0.0 -0.221957 0.662524 0.0 -0.222154 0.662769 0.0 -0.222352 0.663013 0.0 -0.22255 0.663257 0.0 -0.222749 0.6635 0.0 -0.222949 0.663742 0.0 -0.22315 0.663984 0.0 -0.223351 0.664225 0.0 -0.223553 0.664465 0.0 -0.223756 0.664706 0.0 -0.22396 0.664944 0.0 -0.224164 0.665183 0.0 -0.224369 0.665421 0.0 -0.224575 0.665659 0.0 -0.224782 0.665895 0.0 -0.224989 0.666131 0.0 -0.225197 0.666366 0.0 -0.225406 0.666601 0.0 -0.225616 0.666835 0.0 -0.225826 0.667069 0.0 -0.226037 0.667301 0.0 -0.226249 0.667533 0.0 -0.226462 0.667764 0.0 -0.226674 0.667995 0.0 -0.226889 0.668225 0.0 -0.227103 0.668455 0.0 -0.227319 0.668683 0.0 -0.227535 0.668911 0.0 -0.227752 0.669138 0.0 -0.227969 0.669365 0.0 -0.228188 0.669591 0.0 -0.228406 0.669817 0.0 -0.228626 0.670041 0.0 -0.228846 0.670265 0.0 -0.229068 0.670488 0.0 -0.229289 0.670711 0.0 -0.229512 0.670932 0.0 -0.229735 0.671154 0.0 -0.229959 0.671374 0.0 -0.230183 0.671594 0.0 -0.230409 0.671812 0.0 -0.230635 0.672031 0.0 -0.230862 0.672248 0.0 -0.231089 0.672465 0.0 -0.231317 0.672681 0.0 -0.231545 0.672897 0.0 -0.231775 0.673111 0.0 -0.232005 0.673326 0.0 -0.232236 0.673538 0.0 -0.232467 0.673751 0.0 -0.232699 0.673963 0.0 -0.232931 0.674174 0.0 -0.233165 0.674384 0.0 -0.233399 0.674594 0.0 -0.233634 0.674803 0.0 -0.233869 0.675011 0.0 -0.234105 0.675218 0.0 -0.234341 0.675425 0.0 -0.234579 0.675631 0.0 -0.234817 0.675836 0.0 -0.235056 0.67604 0.0 -0.235294 0.676244 0.0 -0.235535 0.676447 0.0 -0.235775 0.676649 0.0 -0.236016 0.67685 0.0 -0.236258 0.677051 0.0 -0.2365 0.677251 0.0 -0.236743 0.67745 0.0 -0.236987 0.677648 0.0 -0.237231 0.677846 0.0 -0.237476 0.678043 0.0 -0.237721 0.678239 0.0 -0.237968 0.678434 0.0 -0.238214 0.678629 0.0 -0.238462 0.678822 0.0 -0.238709 0.679016 0.0 -0.238958 0.679207 0.0 -0.239207 0.679399 0.0 -0.239457 0.679589 0.0 -0.239707 0.679779 0.0 -0.239958 0.679968 0.0 -0.24021 0.680157 0.0 -0.240462 0.680344 0.0 -0.240714 0.680531 0.0 -0.240968 0.680716 0.0 -0.241221 0.680902 0.0 -0.241476 0.681086 0.0 -0.241731 0.681269 0.0 -0.241987 0.681452 0.0 -0.242243 0.681634 0.0 -0.2425 0.681815 0.0 -0.242757 0.681995 0.0 -0.243015 0.682174 0.0 -0.243273 0.682353 0.0 -0.243532 0.682531 0.0 -0.243792 0.682708 0.0 -0.244052 0.682884 0.0 -0.244312 0.68306 0.0 -0.244574 0.683234 0.0 -0.244835 0.683408 0.0 -0.245098 0.68358 0.0 -0.245361 0.683753 0.0 -0.245624 0.683924 0.0 -0.245888 0.684094 0.0 -0.246153 0.684264 0.0 -0.246417 0.684433 0.0 -0.246683 0.6846 0.0 -0.246949 0.684768 0.0 -0.247216 0.684934 0.0 -0.247483 0.685099 0.0 -0.24775 0.685264 0.0 -0.248018 0.685428 0.0 -0.248287 0.68559 0.0 -0.248556 0.685753 0.0 -0.248826 0.685913 0.0 -0.249096 0.686074 0.0 -0.249367 0.686233 0.0 -0.249638 0.686392 0.0 -0.24991 0.68655 0.0 -0.250181 0.686707 0.0 -0.250454 0.686863 0.0 -0.250727 0.687018 0.0 -0.251001 0.687172 0.0 -0.251275 0.687326 0.0 -0.25155 0.687478 0.0 -0.251825 0.687631 0.0 -0.2521 0.687781 0.0 -0.252376 0.687932 0.0 -0.252653 0.68808 0.0 -0.25293 0.688229 0.0 -0.253207 0.688376 0.0 -0.253485 0.688523 0.0 -0.253763 0.688668 0.0 -0.254042 0.688814 0.0 -0.254321 0.688957 0.0 -0.254601 0.689101 0.0 -0.254881 0.689242 0.0 -0.255162 0.689384 0.0 -0.255443 0.689524 0.0 -0.255724 0.689664 0.0 -0.256006 0.689802 0.0 -0.256288 0.689941 0.0 -0.256571 0.690077 0.0 -0.256854 0.690213 0.0 -0.257138 0.690348 0.0 -0.257422 0.690483 0.0 -0.257707 0.690616 0.0 -0.257991 0.690748 0.0 -0.258277 0.69088 0.0 -0.258562 0.691011 0.0 -0.258849 0.69114 0.0 -0.259135 0.691269 0.0 -0.259422 0.691397 0.0 -0.259709 0.691524 0.0 -0.259997 0.69165 0.0 -0.260285 0.691775 0.0 -0.260574 0.691899 0.0 -0.260863 0.692023 0.0 -0.261152 0.692145 0.0 -0.261442 0.692267 0.0 -0.261732 0.692387 0.0 -0.262022 0.692508 0.0 -0.262313 0.692626 0.0 -0.262604 0.692745 0.0 -0.262896 0.692861 0.0 -0.263188 0.692978 0.0 -0.26348 0.693092 0.0 -0.263772 0.693207 0.0 -0.264066 0.69332 0.0 -0.264359 0.693433 0.0 -0.264653 0.693544 0.0 -0.264947 0.693655 0.0 -0.265241 0.693764 0.0 -0.265536 0.693873 0.0 -0.265831 0.693981 0.0 -0.266126 0.694088 0.0 -0.266422 0.694194 0.0 -0.266718 0.694299 0.0 -0.267015 0.694403 0.0 -0.267311 0.694506 0.0 -0.267608 0.694608 0.0 -0.267906 0.69471 0.0 -0.268203 0.69481 0.0 -0.268501 0.69491 0.0 -0.2688 0.695008 0.0 -0.269098 0.695106 0.0 -0.269397 0.695202 0.0 -0.269696 0.695298 0.0 -0.269996 0.695392 0.0 -0.270296 0.695486 0.0 -0.270596 0.695579 0.0 -0.270896 0.695671 0.0 -0.271197 0.695762 0.0 -0.271498 0.695852 0.0 -0.271799 0.695941 0.0 -0.272101 0.696029 0.0 -0.272403 0.696116 0.0 -0.272705 0.696203 0.0 -0.273007 0.696288 0.0 -0.27331 0.696372 0.0 -0.273613 0.696455 0.0 -0.273916 0.696538 0.0 -0.274219 0.696619 0.0 -0.274523 0.6967 0.0 -0.274827 0.696779 0.0 -0.275131 0.696858 0.0 -0.275436 0.696935 0.0 -0.27574 0.697013 0.0 -0.276045 0.697088 0.0 -0.27635 0.697163 0.0 -0.276656 0.697237 0.0 -0.276961 0.69731 0.0 -0.277267 0.697381 0.0 -0.277573 0.697453 0.0 -0.277879 0.697522 0.0 -0.278186 0.697592 0.0 -0.278492 0.697659 0.0 -0.278799 0.697727 0.0 -0.279107 0.697792 0.0 -0.279414 0.697858 0.0 -0.279721 0.697922 0.0 -0.280029 0.697986 0.0 -0.280337 0.698047 0.0 -0.280645 0.698109 0.0 -0.280953 0.698169 0.0 -0.281262 0.698229 0.0 -0.281571 0.698287 0.0 -0.281879 0.698345 0.0 -0.282189 0.6984 0.0 -0.282498 0.698456 0.0 -0.282807 0.69851 0.0 -0.283117 0.698564 0.0 -0.283426 0.698617 0.0 -0.283736 0.698669 0.0 -0.284046 0.698719 0.0 -0.284357 0.698769 0.0 -0.284667 0.698817 0.0 -0.284977 0.698865 0.0 -0.285288 0.698911 0.0 -0.285599 0.698958 0.0 -0.28591 0.699002 0.0 -0.286221 0.699046 0.0 -0.286532 0.699088 0.0 -0.286844 0.699131 0.0 -0.287155 0.699171 0.0 -0.287467 0.699211 0.0 -0.287778 0.69925 0.0 -0.28809 0.699288 0.0 -0.288402 0.699325 0.0 -0.288714 0.699361 0.0 -0.289027 0.699396 0.0 -0.289339 0.69943 0.0 -0.289651 0.699463 0.0 -0.289964 0.699495 0.0 -0.290276 0.699526 0.0 -0.290589 0.699556 0.0 -0.290902 0.699585 0.0 -0.291215 0.699613 0.0 -0.291528 0.69964 0.0 -0.291841 0.699667 0.0 -0.292154 0.699691 0.0 -0.292467 0.699716 0.0 -0.292781 0.699739 0.0 -0.293094 0.699761 0.0 -0.293407 0.699782 0.0 -0.293721 0.699803 0.0 -0.294035 0.699821 0.0 -0.294348 0.69984 0.0 -0.294662 0.699857 0.0 -0.294976 0.699874 0.0 -0.295289 0.699888 0.0 -0.295603 0.699903 0.0 -0.295917 0.699916 0.0 -0.296231 0.699929 0.0 -0.296545 0.69994 0.0 -0.296859 0.699951 0.0 -0.297173 0.69996 0.0 -0.297487 0.699968 0.0 -0.297801 0.699975 0.0 -0.298115 0.699982 0.0 -0.298429 0.699987 0.0 -0.298743 0.699992 0.0 -0.299058 0.699995 0.0 -0.299372 0.699998 0.0 -0.299686 0.699999 0.0 -0.3 0.7 0.0 -0.300314 0.699999 0.0 -0.300628 0.699998 0.0 -0.300942 0.699995 0.0 -0.301257 0.699992 0.0 -0.301571 0.699987 0.0 -0.301885 0.699982 0.0 -0.302199 0.699975 0.0 -0.302513 0.699968 0.0 -0.302827 0.69996 0.0 -0.303141 0.699951 0.0 -0.303455 0.69994 0.0 -0.303769 0.699929 0.0 -0.304083 0.699916 0.0 -0.304397 0.699903 0.0 -0.304711 0.699888 0.0 -0.305024 0.699874 0.0 -0.305338 0.699857 0.0 -0.305652 0.69984 0.0 -0.305965 0.699821 0.0 -0.306279 0.699803 0.0 -0.306593 0.699782 0.0 -0.306906 0.699761 0.0 -0.307219 0.699739 0.0 -0.307533 0.699716 0.0 -0.307846 0.699691 0.0 -0.308159 0.699667 0.0 -0.308472 0.69964 0.0 -0.308785 0.699613 0.0 -0.309098 0.699585 0.0 -0.309411 0.699556 0.0 -0.309724 0.699526 0.0 -0.310036 0.699495 0.0 -0.310349 0.699463 0.0 -0.310661 0.69943 0.0 -0.310973 0.699396 0.0 -0.311286 0.699361 0.0 -0.311598 0.699325 0.0 -0.31191 0.699288 0.0 -0.312222 0.69925 0.0 -0.312533 0.699211 0.0 -0.312845 0.699171 0.0 -0.313156 0.699131 0.0 -0.313468 0.699088 0.0 -0.313779 0.699046 0.0 -0.31409 0.699002 0.0 -0.314401 0.698958 0.0 -0.314712 0.698911 0.0 -0.315023 0.698865 0.0 -0.315333 0.698817 0.0 -0.315643 0.698769 0.0 -0.315954 0.698719 0.0 -0.316264 0.698669 0.0 -0.316574 0.698617 0.0 -0.316883 0.698564 0.0 -0.317193 0.69851 0.0 -0.317502 0.698456 0.0 -0.317811 0.6984 0.0 -0.318121 0.698345 0.0 -0.318429 0.698287 0.0 -0.318738 0.698229 0.0 -0.319047 0.698169 0.0 -0.319355 0.698109 0.0 -0.319663 0.698047 0.0 -0.319971 0.697986 0.0 -0.320279 0.697922 0.0 -0.320586 0.697858 0.0 -0.320893 0.697792 0.0 -0.321201 0.697727 0.0 -0.321508 0.697659 0.0 -0.321814 0.697592 0.0 -0.322121 0.697522 0.0 -0.322427 0.697453 0.0 -0.322733 0.697381 0.0 -0.323039 0.69731 0.0 -0.323344 0.697237 0.0 -0.32365 0.697163 0.0 -0.323955 0.697088 0.0 -0.32426 0.697013 0.0 -0.324564 0.696935 0.0 -0.324869 0.696858 0.0 -0.325173 0.696779 0.0 -0.325477 0.6967 0.0 -0.325781 0.696619 0.0 -0.326084 0.696538 0.0 -0.326387 0.696455 0.0 -0.32669 0.696372 0.0 -0.326993 0.696288 0.0 -0.327295 0.696203 0.0 -0.327597 0.696116 0.0 -0.327899 0.696029 0.0 -0.328201 0.695941 0.0 -0.328502 0.695852 0.0 -0.328803 0.695762 0.0 -0.329104 0.695671 0.0 -0.329404 0.695579 0.0 -0.329704 0.695486 0.0 -0.330004 0.695392 0.0 -0.330304 0.695298 0.0 -0.330603 0.695202 0.0 -0.330902 0.695106 0.0 -0.3312 0.695008 0.0 -0.331499 0.69491 0.0 -0.331797 0.69481 0.0 -0.332094 0.69471 0.0 -0.332392 0.694608 0.0 -0.332689 0.694506 0.0 -0.332985 0.694403 0.0 -0.333282 0.694299 0.0 -0.333578 0.694194 0.0 -0.333874 0.694088 0.0 -0.334169 0.693981 0.0 -0.334464 0.693873 0.0 -0.334759 0.693764 0.0 -0.335053 0.693655 0.0 -0.335347 0.693544 0.0 -0.335641 0.693433 0.0 -0.335934 0.69332 0.0 -0.336228 0.693207 0.0 -0.33652 0.693092 0.0 -0.336812 0.692978 0.0 -0.337104 0.692861 0.0 -0.337396 0.692745 0.0 -0.337687 0.692626 0.0 -0.337978 0.692508 0.0 -0.338268 0.692387 0.0 -0.338558 0.692267 0.0 -0.338848 0.692145 0.0 -0.339137 0.692023 0.0 -0.339426 0.691899 0.0 -0.339715 0.691775 0.0 -0.340003 0.69165 0.0 -0.340291 0.691524 0.0 -0.340578 0.691397 0.0 -0.340865 0.691269 0.0 -0.341151 0.69114 0.0 -0.341438 0.691011 0.0 -0.341723 0.69088 0.0 -0.342009 0.690748 0.0 -0.342293 0.690616 0.0 -0.342578 0.690483 0.0 -0.342862 0.690348 0.0 -0.343146 0.690213 0.0 -0.343429 0.690077 0.0 -0.343712 0.689941 0.0 -0.343994 0.689802 0.0 -0.344276 0.689664 0.0 -0.344557 0.689524 0.0 -0.344838 0.689384 0.0 -0.345119 0.689242 0.0 -0.345399 0.689101 0.0 -0.345679 0.688957 0.0 -0.345958 0.688814 0.0 -0.346237 0.688668 0.0 -0.346515 0.688523 0.0 -0.346793 0.688376 0.0 -0.34707 0.688229 0.0 -0.347347 0.68808 0.0 -0.347624 0.687932 0.0 -0.3479 0.687781 0.0 -0.348175 0.687631 0.0 -0.34845 0.687478 0.0 -0.348725 0.687326 0.0 -0.348999 0.687172 0.0 -0.349273 0.687018 0.0 -0.349546 0.686863 0.0 -0.349819 0.686707 0.0 -0.35009 0.68655 0.0 -0.350362 0.686392 0.0 -0.350633 0.686233 0.0 -0.350904 0.686074 0.0 -0.351174 0.685913 0.0 -0.351444 0.685753 0.0 -0.351713 0.68559 0.0 -0.351982 0.685428 0.0 -0.35225 0.685264 0.0 -0.352517 0.685099 0.0 -0.352784 0.684934 0.0 -0.353051 0.684768 0.0 -0.353317 0.6846 0.0 -0.353583 0.684433 0.0 -0.353847 0.684264 0.0 -0.354112 0.684094 0.0 -0.354376 0.683924 0.0 -0.354639 0.683753 0.0 -0.354902 0.68358 0.0 -0.355165 0.683408 0.0 -0.355426 0.683234 0.0 -0.355688 0.68306 0.0 -0.355948 0.682884 0.0 -0.356208 0.682708 0.0 -0.356468 0.682531 0.0 -0.356727 0.682353 0.0 -0.356985 0.682174 0.0 -0.357243 0.681995 0.0 -0.3575 0.681815 0.0 -0.357757 0.681634 0.0 -0.358013 0.681452 0.0 -0.358269 0.681269 0.0 -0.358524 0.681086 0.0 -0.358779 0.680902 0.0 -0.359032 0.680716 0.0 -0.359286 0.680531 0.0 -0.359538 0.680344 0.0 -0.35979 0.680157 0.0 -0.360042 0.679968 0.0 -0.360293 0.679779 0.0 -0.360543 0.679589 0.0 -0.360793 0.679399 0.0 -0.361042 0.679207 0.0 -0.361291 0.679016 0.0 -0.361538 0.678822 0.0 -0.361786 0.678629 0.0 -0.362032 0.678434 0.0 -0.362279 0.678239 0.0 -0.362524 0.678043 0.0 -0.362769 0.677846 0.0 -0.363013 0.677648 0.0 -0.363257 0.67745 0.0 -0.3635 0.677251 0.0 -0.363742 0.677051 0.0 -0.363984 0.67685 0.0 -0.364225 0.676649 0.0 -0.364465 0.676447 0.0 -0.364706 0.676244 0.0 -0.364944 0.67604 0.0 -0.365183 0.675836 0.0 -0.365421 0.675631 0.0 -0.365659 0.675425 0.0 -0.365895 0.675218 0.0 -0.366131 0.675011 0.0 -0.366366 0.674803 0.0 -0.366601 0.674594 0.0 -0.366835 0.674384 0.0 -0.367069 0.674174 0.0 -0.367301 0.673963 0.0 -0.367533 0.673751 0.0 -0.367764 0.673538 0.0 -0.367995 0.673326 0.0 -0.368225 0.673111 0.0 -0.368455 0.672897 0.0 -0.368683 0.672681 0.0 -0.368911 0.672465 0.0 -0.369138 0.672248 0.0 -0.369365 0.672031 0.0 -0.369591 0.671812 0.0 -0.369817 0.671594 0.0 -0.370041 0.671374 0.0 -0.370265 0.671154 0.0 -0.370488 0.670932 0.0 -0.370711 0.670711 0.0 -0.370932 0.670488 0.0 -0.371154 0.670265 0.0 -0.371374 0.670041 0.0 -0.371594 0.669817 0.0 -0.371812 0.669591 0.0 -0.372031 0.669365 0.0 -0.372248 0.669138 0.0 -0.372465 0.668911 0.0 -0.372681 0.668683 0.0 -0.372897 0.668455 0.0 -0.373111 0.668225 0.0 -0.373326 0.667995 0.0 -0.373538 0.667764 0.0 -0.373751 0.667533 0.0 -0.373963 0.667301 0.0 -0.374174 0.667069 0.0 -0.374384 0.666835 0.0 -0.374594 0.666601 0.0 -0.374803 0.666366 0.0 -0.375011 0.666131 0.0 -0.375218 0.665895 0.0 -0.375425 0.665659 0.0 -0.375631 0.665421 0.0 -0.375836 0.665183 0.0 -0.37604 0.664944 0.0 -0.376244 0.664706 0.0 -0.376447 0.664465 0.0 -0.376649 0.664225 0.0 -0.37685 0.663984 0.0 -0.377051 0.663742 0.0 -0.377251 0.6635 0.0 -0.37745 0.663257 0.0 -0.377648 0.663013 0.0 -0.377846 0.662769 0.0 -0.378043 0.662524 0.0 -0.378239 0.662279 0.0 -0.378434 0.662032 0.0 -0.378629 0.661786 0.0 -0.378822 0.661538 0.0 -0.379016 0.661291 0.0 -0.379207 0.661042 0.0 -0.379399 0.660793 0.0 -0.379589 0.660543 0.0 -0.379779 0.660293 0.0 -0.379968 0.660042 0.0 -0.380157 0.65979 0.0 -0.380344 0.659538 0.0 -0.380531 0.659286 0.0 -0.380716 0.659032 0.0 -0.380902 0.658779 0.0 -0.381086 0.658524 0.0 -0.381269 0.658269 0.0 -0.381452 0.658013 0.0 -0.381634 0.657757 0.0 -0.381815 0.6575 0.0 -0.381995 0.657243 0.0 -0.382174 0.656985 0.0 -0.382353 0.656727 0.0 -0.382531 0.656468 0.0 -0.382708 0.656208 0.0 -0.382884 0.655948 0.0 -0.38306 0.655688 0.0 -0.383234 0.655426 0.0 -0.383408 0.655165 0.0 -0.38358 0.654902 0.0 -0.383753 0.654639 0.0 -0.383924 0.654376 0.0 -0.384094 0.654112 0.0 -0.384264 0.653847 0.0 -0.384433 0.653583 0.0 -0.3846 0.653317 0.0 -0.384768 0.653051 0.0 -0.384934 0.652784 0.0 -0.385099 0.652517 0.0 -0.385264 0.65225 0.0 -0.385428 0.651982 0.0 -0.38559 0.651713 0.0 -0.385753 0.651444 0.0 -0.385913 0.651174 0.0 -0.386074 0.650904 0.0 -0.386233 0.650633 0.0 -0.386392 0.650362 0.0 -0.38655 0.65009 0.0 -0.386707 0.649819 0.0 -0.386863 0.649546 0.0 -0.387018 0.649273 0.0 -0.387172 0.648999 0.0 -0.387326 0.648725 0.0 -0.387478 0.64845 0.0 -0.387631 0.648175 0.0 -0.387781 0.6479 0.0 -0.387932 0.647624 0.0 -0.38808 0.647347 0.0 -0.388229 0.64707 0.0 -0.388376 0.646793 0.0 -0.388523 0.646515 0.0 -0.388668 0.646237 0.0 -0.388814 0.645958 0.0 -0.388957 0.645679 0.0 -0.389101 0.645399 0.0 -0.389242 0.645119 0.0 -0.389384 0.644838 0.0 -0.389524 0.644557 0.0 -0.389664 0.644276 0.0 -0.389802 0.643994 0.0 -0.389941 0.643712 0.0 -0.390077 0.643429 0.0 -0.390213 0.643146 0.0 -0.390348 0.642862 0.0 -0.390483 0.642578 0.0 -0.390616 0.642293 0.0 -0.390748 0.642009 0.0 -0.39088 0.641723 0.0 -0.391011 0.641438 0.0 -0.39114 0.641151 0.0 -0.391269 0.640865 0.0 -0.391397 0.640578 0.0 -0.391524 0.640291 0.0 -0.39165 0.640003 0.0 -0.391775 0.639715 0.0 -0.391899 0.639426 0.0 -0.392023 0.639137 0.0 -0.392145 0.638848 0.0 -0.392267 0.638558 0.0 -0.392387 0.638268 0.0 -0.392508 0.637978 0.0 -0.392626 0.637687 0.0 -0.392745 0.637396 0.0 -0.392861 0.637104 0.0 -0.392978 0.636812 0.0 -0.393092 0.63652 0.0 -0.393207 0.636228 0.0 -0.39332 0.635934 0.0 -0.393433 0.635641 0.0 -0.393544 0.635347 0.0 -0.393655 0.635053 0.0 -0.393764 0.634759 0.0 -0.393873 0.634464 0.0 -0.393981 0.634169 0.0 -0.394088 0.633874 0.0 -0.394194 0.633578 0.0 -0.394299 0.633282 0.0 -0.394403 0.632985 0.0 -0.394506 0.632689 0.0 -0.394608 0.632392 0.0 -0.39471 0.632094 0.0 -0.39481 0.631797 0.0 -0.39491 0.631499 0.0 -0.395008 0.6312 0.0 -0.395106 0.630902 0.0 -0.395202 0.630603 0.0 -0.395298 0.630304 0.0 -0.395392 0.630004 0.0 -0.395486 0.629704 0.0 -0.395579 0.629404 0.0 -0.395671 0.629104 0.0 -0.395762 0.628803 0.0 -0.395852 0.628502 0.0 -0.395941 0.628201 0.0 -0.396029 0.627899 0.0 -0.396116 0.627597 0.0 -0.396203 0.627295 0.0 -0.396288 0.626993 0.0 -0.396372 0.62669 0.0 -0.396455 0.626387 0.0 -0.396538 0.626084 0.0 -0.396619 0.625781 0.0 -0.3967 0.625477 0.0 -0.396779 0.625173 0.0 -0.396858 0.624869 0.0 -0.396935 0.624564 0.0 -0.397013 0.62426 0.0 -0.397088 0.623955 0.0 -0.397163 0.62365 0.0 -0.397237 0.623344 0.0 -0.39731 0.623039 0.0 -0.397381 0.622733 0.0 -0.397453 0.622427 0.0 -0.397522 0.622121 0.0 -0.397592 0.621814 0.0 -0.397659 0.621508 0.0 -0.397727 0.621201 0.0 -0.397792 0.620893 0.0 -0.397858 0.620586 0.0 -0.397922 0.620279 0.0 -0.397986 0.619971 0.0 -0.398047 0.619663 0.0 -0.398109 0.619355 0.0 -0.398169 0.619047 0.0 -0.398229 0.618738 0.0 -0.398287 0.618429 0.0 -0.398345 0.618121 0.0 -0.3984 0.617811 0.0 -0.398456 0.617502 0.0 -0.39851 0.617193 0.0 -0.398564 0.616883 0.0 -0.398617 0.616574 0.0 -0.398669 0.616264 0.0 -0.398719 0.615954 0.0 -0.398769 0.615643 0.0 -0.398817 0.615333 0.0 -0.398865 0.615023 0.0 -0.398911 0.614712 0.0 -0.398958 0.614401 0.0 -0.399002 0.61409 0.0 -0.399046 0.613779 0.0 -0.399088 0.613468 0.0 -0.399131 0.613156 0.0 -0.399171 0.612845 0.0 -0.399211 0.612533 0.0 -0.39925 0.612222 0.0 -0.399288 0.61191 0.0 -0.399325 0.611598 0.0 -0.399361 0.611286 0.0 -0.399396 0.610973 0.0 -0.39943 0.610661 0.0 -0.399463 0.610349 0.0 -0.399495 0.610036 0.0 -0.399526 0.609724 0.0 -0.399556 0.609411 0.0 -0.399585 0.609098 0.0 -0.399613 0.608785 0.0 -0.39964 0.608472 0.0 -0.399667 0.608159 0.0 -0.399691 0.607846 0.0 -0.399716 0.607533 0.0 -0.399739 0.607219 0.0 -0.399761 0.606906 0.0 -0.399782 0.606593 0.0 -0.399803 0.606279 0.0 -0.399821 0.605965 0.0 -0.39984 0.605652 0.0 -0.399857 0.605338 0.0 -0.399874 0.605024 0.0 -0.399888 0.604711 0.0 -0.399903 0.604397 0.0 -0.399916 0.604083 0.0 -0.399929 0.603769 0.0 -0.39994 0.603455 0.0 -0.399951 0.603141 0.0 -0.39996 0.602827 0.0 -0.399968 0.602513 0.0 -0.399975 0.602199 0.0 -0.399982 0.601885 0.0 -0.399987 0.601571 0.0 -0.399992 0.601257 0.0 -0.399995 0.600942 0.0 -0.399998 0.600628 0.0 -0.399999 0.600314 0.0 -0.4 0.6 0.0 -0.399999 0.599686 0.0 -0.399998 0.599372 0.0 -0.399995 0.599058 0.0 -0.399992 0.598743 0.0 -0.399987 0.598429 0.0 -0.399982 0.598115 0.0 -0.399975 0.597801 0.0 -0.399968 0.597487 0.0 -0.39996 0.597173 0.0 -0.399951 0.596859 0.0 -0.39994 0.596545 0.0 -0.399929 0.596231 0.0 -0.399916 0.595917 0.0 -0.399903 0.595603 0.0 -0.399888 0.595289 0.0 -0.399874 0.594976 0.0 -0.399857 0.594662 0.0 -0.39984 0.594348 0.0 -0.399821 0.594035 0.0 -0.399803 0.593721 0.0 -0.399782 0.593407 0.0 -0.399761 0.593094 0.0 -0.399739 0.592781 0.0 -0.399716 0.592467 0.0 -0.399691 0.592154 0.0 -0.399667 0.591841 0.0 -0.39964 0.591528 0.0 -0.399613 0.591215 0.0 -0.399585 0.590902 0.0 -0.399556 0.590589 0.0 -0.399526 0.590276 0.0 -0.399495 0.589964 0.0 -0.399463 0.589651 0.0 -0.39943 0.589339 0.0 -0.399396 0.589027 0.0 -0.399361 0.588714 0.0 -0.399325 0.588402 0.0 -0.399288 0.58809 0.0 -0.39925 0.587778 0.0 -0.399211 0.587467 0.0 -0.399171 0.587155 0.0 -0.399131 0.586844 0.0 -0.399088 0.586532 0.0 -0.399046 0.586221 0.0 -0.399002 0.58591 0.0 -0.398958 0.585599 0.0 -0.398911 0.585288 0.0 -0.398865 0.584977 0.0 -0.398817 0.584667 0.0 -0.398769 0.584357 0.0 -0.398719 0.584046 0.0 -0.398669 0.583736 0.0 -0.398617 0.583426 0.0 -0.398564 0.583117 0.0 -0.39851 0.582807 0.0 -0.398456 0.582498 0.0 -0.3984 0.582189 0.0 -0.398345 0.581879 0.0 -0.398287 0.581571 0.0 -0.398229 0.581262 0.0 -0.398169 0.580953 0.0 -0.398109 0.580645 0.0 -0.398047 0.580337 0.0 -0.397986 0.580029 0.0 -0.397922 0.579721 0.0 -0.397858 0.579414 0.0 -0.397792 0.579107 0.0 -0.397727 0.578799 0.0 -0.397659 0.578492 0.0 -0.397592 0.578186 0.0 -0.397522 0.577879 0.0 -0.397453 0.577573 0.0 -0.397381 0.577267 0.0 -0.39731 0.576961 0.0 -0.397237 0.576656 0.0 -0.397163 0.57635 0.0 -0.397088 0.576045 0.0 -0.397013 0.57574 0.0 -0.396935 0.575436 0.0 -0.396858 0.575131 0.0 -0.396779 0.574827 0.0 -0.3967 0.574523 0.0 -0.396619 0.574219 0.0 -0.396538 0.573916 0.0 -0.396455 0.573613 0.0 -0.396372 0.57331 0.0 -0.396288 0.573007 0.0 -0.396203 0.572705 0.0 -0.396116 0.572403 0.0 -0.396029 0.572101 0.0 -0.395941 0.571799 0.0 -0.395852 0.571498 0.0 -0.395762 0.571197 0.0 -0.395671 0.570896 0.0 -0.395579 0.570596 0.0 -0.395486 0.570296 0.0 -0.395392 0.569996 0.0 -0.395298 0.569696 0.0 -0.395202 0.569397 0.0 -0.395106 0.569098 0.0 -0.395008 0.5688 0.0 -0.39491 0.568501 0.0 -0.39481 0.568203 0.0 -0.39471 0.567906 0.0 -0.394608 0.567608 0.0 -0.394506 0.567311 0.0 -0.394403 0.567015 0.0 -0.394299 0.566718 0.0 -0.394194 0.566422 0.0 -0.394088 0.566126 0.0 -0.393981 0.565831 0.0 -0.393873 0.565536 0.0 -0.393764 0.565241 0.0 -0.393655 0.564947 0.0 -0.393544 0.564653 0.0 -0.393433 0.564359 0.0 -0.39332 0.564066 0.0 -0.393207 0.563772 0.0 -0.393092 0.56348 0.0 -0.392978 0.563188 0.0 -0.392861 0.562896 0.0 -0.392745 0.562604 0.0 -0.392626 0.562313 0.0 -0.392508 0.562022 0.0 -0.392387 0.561732 0.0 -0.392267 0.561442 0.0 -0.392145 0.561152 0.0 -0.392023 0.560863 0.0 -0.391899 0.560574 0.0 -0.391775 0.560285 0.0 -0.39165 0.559997 0.0 -0.391524 0.559709 0.0 -0.391397 0.559422 0.0 -0.391269 0.559135 0.0 -0.39114 0.558849 0.0 -0.391011 0.558562 0.0 -0.39088 0.558277 0.0 -0.390748 0.557991 0.0 -0.390616 0.557707 0.0 -0.390483 0.557422 0.0 -0.390348 0.557138 0.0 -0.390213 0.556854 0.0 -0.390077 0.556571 0.0 -0.389941 0.556288 0.0 -0.389802 0.556006 0.0 -0.389664 0.555724 0.0 -0.389524 0.555443 0.0 -0.389384 0.555162 0.0 -0.389242 0.554881 0.0 -0.389101 0.554601 0.0 -0.388957 0.554321 0.0 -0.388814 0.554042 0.0 -0.388668 0.553763 0.0 -0.388523 0.553485 0.0 -0.388376 0.553207 0.0 -0.388229 0.55293 0.0 -0.38808 0.552653 0.0 -0.387932 0.552376 0.0 -0.387781 0.5521 0.0 -0.387631 0.551825 0.0 -0.387478 0.55155 0.0 -0.387326 0.551275 0.0 -0.387172 0.551001 0.0 -0.387018 0.550727 0.0 -0.386863 0.550454 0.0 -0.386707 0.550181 0.0 -0.38655 0.54991 0.0 -0.386392 0.549638 0.0 -0.386233 0.549367 0.0 -0.386074 0.549096 0.0 -0.385913 0.548826 0.0 -0.385753 0.548556 0.0 -0.38559 0.548287 0.0 -0.385428 0.548018 0.0 -0.385264 0.54775 0.0 -0.385099 0.547483 0.0 -0.384934 0.547216 0.0 -0.384768 0.546949 0.0 -0.3846 0.546683 0.0 -0.384433 0.546417 0.0 -0.384264 0.546153 0.0 -0.384094 0.545888 0.0 -0.383924 0.545624 0.0 -0.383753 0.545361 0.0 -0.38358 0.545098 0.0 -0.383408 0.544835 0.0 -0.383234 0.544574 0.0 -0.38306 0.544312 0.0 -0.382884 0.544052 0.0 -0.382708 0.543792 0.0 -0.382531 0.543532 0.0 -0.382353 0.543273 0.0 -0.382174 0.543015 0.0 -0.381995 0.542757 0.0 -0.381815 0.5425 0.0 -0.381634 0.542243 0.0 -0.381452 0.541987 0.0 -0.381269 0.541731 0.0 -0.381086 0.541476 0.0 -0.380902 0.541221 0.0 -0.380716 0.540968 0.0 -0.380531 0.540714 0.0 -0.380344 0.540462 0.0 -0.380157 0.54021 0.0 -0.379968 0.539958 0.0 -0.379779 0.539707 0.0 -0.379589 0.539457 0.0 -0.379399 0.539207 0.0 -0.379207 0.538958 0.0 -0.379016 0.538709 0.0 -0.378822 0.538462 0.0 -0.378629 0.538214 0.0 -0.378434 0.537968 0.0 -0.378239 0.537721 0.0 -0.378043 0.537476 0.0 -0.377846 0.537231 0.0 -0.377648 0.536987 0.0 -0.37745 0.536743 0.0 -0.377251 0.5365 0.0 -0.377051 0.536258 0.0 -0.37685 0.536016 0.0 -0.376649 0.535775 0.0 -0.376447 0.535535 0.0 -0.376244 0.535294 0.0 -0.37604 0.535056 0.0 -0.375836 0.534817 0.0 -0.375631 0.534579 0.0 -0.375425 0.534341 0.0 -0.375218 0.534105 0.0 -0.375011 0.533869 0.0 -0.374803 0.533634 0.0 -0.374594 0.533399 0.0 -0.374384 0.533165 0.0 -0.374174 0.532931 0.0 -0.373963 0.532699 0.0 -0.373751 0.532467 0.0 -0.373538 0.532236 0.0 -0.373326 0.532005 0.0 -0.373111 0.531775 0.0 -0.372897 0.531545 0.0 -0.372681 0.531317 0.0 -0.372465 0.531089 0.0 -0.372248 0.530862 0.0 -0.372031 0.530635 0.0 -0.371812 0.530409 0.0 -0.371594 0.530183 0.0 -0.371374 0.529959 0.0 -0.371154 0.529735 0.0 -0.370932 0.529512 0.0 -0.370711 0.529289 0.0 -0.370488 0.529068 0.0 -0.370265 0.528846 0.0 -0.370041 0.528626 0.0 -0.369817 0.528406 0.0 -0.369591 0.528188 0.0 -0.369365 0.527969 0.0 -0.369138 0.527752 0.0 -0.368911 0.527535 0.0 -0.368683 0.527319 0.0 -0.368455 0.527103 0.0 -0.368225 0.526889 0.0 -0.367995 0.526674 0.0 -0.367764 0.526462 0.0 -0.367533 0.526249 0.0 -0.367301 0.526037 0.0 -0.367069 0.525826 0.0 -0.366835 0.525616 0.0 -0.366601 0.525406 0.0 -0.366366 0.525197 0.0 -0.366131 0.524989 0.0 -0.365895 0.524782 0.0 -0.365659 0.524575 0.0 -0.365421 0.524369 0.0 -0.365183 0.524164 0.0 -0.364944 0.52396 0.0 -0.364706 0.523756 0.0 -0.364465 0.523553 0.0 -0.364225 0.523351 0.0 -0.363984 0.52315 0.0 -0.363742 0.522949 0.0 -0.3635 0.522749 0.0 -0.363257 0.52255 0.0 -0.363013 0.522352 0.0 -0.362769 0.522154 0.0 -0.362524 0.521957 0.0 -0.362279 0.521761 0.0 -0.362032 0.521566 0.0 -0.361786 0.521371 0.0 -0.361538 0.521178 0.0 -0.361291 0.520984 0.0 -0.361042 0.520793 0.0 -0.360793 0.520601 0.0 -0.360543 0.520411 0.0 -0.360293 0.520221 0.0 -0.360042 0.520032 0.0 -0.35979 0.519843 0.0 -0.359538 0.519656 0.0 -0.359286 0.519469 0.0 -0.359032 0.519284 0.0 -0.358779 0.519098 0.0 -0.358524 0.518914 0.0 -0.358269 0.518731 0.0 -0.358013 0.518548 0.0 -0.357757 0.518366 0.0 -0.3575 0.518185 0.0 -0.357243 0.518005 0.0 -0.356985 0.517826 0.0 -0.356727 0.517647 0.0 -0.356468 0.517469 0.0 -0.356208 0.517292 0.0 -0.355948 0.517116 0.0 -0.355688 0.51694 0.0 -0.355426 0.516766 0.0 -0.355165 0.516592 0.0 -0.354902 0.51642 0.0 -0.354639 0.516247 0.0 -0.354376 0.516076 0.0 -0.354112 0.515906 0.0 -0.353847 0.515736 0.0 -0.353583 0.515567 0.0 -0.353317 0.5154 0.0 -0.353051 0.515232 0.0 -0.352784 0.515066 0.0 -0.352517 0.514901 0.0 -0.35225 0.514736 0.0 -0.351982 0.514572 0.0 -0.351713 0.51441 0.0 -0.351444 0.514247 0.0 -0.351174 0.514087 0.0 -0.350904 0.513926 0.0 -0.350633 0.513767 0.0 -0.350362 0.513608 0.0 -0.35009 0.51345 0.0 -0.349819 0.513293 0.0 -0.349546 0.513137 0.0 -0.349273 0.512982 0.0 -0.348999 0.512828 0.0 -0.348725 0.512674 0.0 -0.34845 0.512522 0.0 -0.348175 0.512369 0.0 -0.3479 0.512219 0.0 -0.347624 0.512068 0.0 -0.347347 0.51192 0.0 -0.34707 0.511771 0.0 -0.346793 0.511624 0.0 -0.346515 0.511477 0.0 -0.346237 0.511332 0.0 -0.345958 0.511186 0.0 -0.345679 0.511043 0.0 -0.345399 0.510899 0.0 -0.345119 0.510758 0.0 -0.344838 0.510616 0.0 -0.344557 0.510476 0.0 -0.344276 0.510336 0.0 -0.343994 0.510198 0.0 -0.343712 0.510059 0.0 -0.343429 0.509923 0.0 -0.343146 0.509787 0.0 -0.342862 0.509652 0.0 -0.342578 0.509517 0.0 -0.342293 0.509384 0.0 -0.342009 0.509252 0.0 -0.341723 0.50912 0.0 -0.341438 0.508989 0.0 -0.341151 0.50886 0.0 -0.340865 0.508731 0.0 -0.340578 0.508603 0.0 -0.340291 0.508476 0.0 -0.340003 0.50835 0.0 -0.339715 0.508225 0.0 -0.339426 0.508101 0.0 -0.339137 0.507977 0.0 -0.338848 0.507855 0.0 -0.338558 0.507733 0.0 -0.338268 0.507613 0.0 -0.337978 0.507492 0.0 -0.337687 0.507374 0.0 -0.337396 0.507255 0.0 -0.337104 0.507139 0.0 -0.336812 0.507022 0.0 -0.33652 0.506908 0.0 -0.336228 0.506793 0.0 -0.335934 0.50668 0.0 -0.335641 0.506567 0.0 -0.335347 0.506456 0.0 -0.335053 0.506345 0.0 -0.334759 0.506236 0.0 -0.334464 0.506127 0.0 -0.334169 0.506019 0.0 -0.333874 0.505912 0.0 -0.333578 0.505806 0.0 -0.333282 0.505701 0.0 -0.332985 0.505597 0.0 -0.332689 0.505494 0.0 -0.332392 0.505392 0.0 -0.332094 0.50529 0.0 -0.331797 0.50519 0.0 -0.331499 0.50509 0.0 -0.3312 0.504992 0.0 -0.330902 0.504894 0.0 -0.330603 0.504798 0.0 -0.330304 0.504702 0.0 -0.330004 0.504608 0.0 -0.329704 0.504514 0.0 -0.329404 0.504421 0.0 -0.329104 0.504329 0.0 -0.328803 0.504238 0.0 -0.328502 0.504148 0.0 -0.328201 0.504059 0.0 -0.327899 0.503971 0.0 -0.327597 0.503884 0.0 -0.327295 0.503797 0.0 -0.326993 0.503712 0.0 -0.32669 0.503628 0.0 -0.326387 0.503545 0.0 -0.326084 0.503462 0.0 -0.325781 0.503381 0.0 -0.325477 0.5033 0.0 -0.325173 0.503221 0.0 -0.324869 0.503142 0.0 -0.324564 0.503065 0.0 -0.32426 0.502987 0.0 -0.323955 0.502912 0.0 -0.32365 0.502837 0.0 -0.323344 0.502763 0.0 -0.323039 0.50269 0.0 -0.322733 0.502619 0.0 -0.322427 0.502547 0.0 -0.322121 0.502478 0.0 -0.321814 0.502408 0.0 -0.321508 0.502341 0.0 -0.321201 0.502273 0.0 -0.320893 0.502208 0.0 -0.320586 0.502142 0.0 -0.320279 0.502078 0.0 -0.319971 0.502014 0.0 -0.319663 0.501953 0.0 -0.319355 0.501891 0.0 -0.319047 0.501831 0.0 -0.318738 0.501771 0.0 -0.318429 0.501713 0.0 -0.318121 0.501655 0.0 -0.317811 0.5016 0.0 -0.317502 0.501544 0.0 -0.317193 0.50149 0.0 -0.316883 0.501436 0.0 -0.316574 0.501383 0.0 -0.316264 0.501331 0.0 -0.315954 0.501281 0.0 -0.315643 0.501231 0.0 -0.315333 0.501183 0.0 -0.315023 0.501135 0.0 -0.314712 0.501089 0.0 -0.314401 0.501042 0.0 -0.31409 0.500998 0.0 -0.313779 0.500954 0.0 -0.313468 0.500912 0.0 -0.313156 0.500869 0.0 -0.312845 0.500829 0.0 -0.312533 0.500789 0.0 -0.312222 0.50075 0.0 -0.31191 0.500712 0.0 -0.311598 0.500675 0.0 -0.311286 0.500639 0.0 -0.310973 0.500604 0.0 -0.310661 0.50057 0.0 -0.310349 0.500537 0.0 -0.310036 0.500505 0.0 -0.309724 0.500474 0.0 -0.309411 0.500444 0.0 -0.309098 0.500415 0.0 -0.308785 0.500387 0.0 -0.308472 0.50036 0.0 -0.308159 0.500333 0.0 -0.307846 0.500309 0.0 -0.307533 0.500284 0.0 -0.307219 0.500261 0.0 -0.306906 0.500239 0.0 -0.306593 0.500218 0.0 -0.306279 0.500197 0.0 -0.305965 0.500179 0.0 -0.305652 0.50016 0.0 -0.305338 0.500143 0.0 -0.305024 0.500126 0.0 -0.304711 0.500112 0.0 -0.304397 0.500097 0.0 -0.304083 0.500084 0.0 -0.303769 0.500071 0.0 -0.303455 0.50006 0.0 -0.303141 0.500049 0.0 -0.302827 0.50004 0.0 -0.302513 0.500032 0.0 -0.302199 0.500025 0.0 -0.301885 0.500018 0.0 -0.301571 0.500013 0.0 -0.301257 0.500008 0.0 -0.300942 0.500005 0.0 -0.300628 0.500002 0.0 -0.300314 0.500001 0.0 -0.3 0.5 0.0 -0.299686 0.500001 0.0 -0.299372 0.500002 0.0 -0.299058 0.500005 0.0 -0.298743 0.500008 0.0 -0.298429 0.500013 0.0 -0.298115 0.500018 0.0 -0.297801 0.500025 0.0 -0.297487 0.500032 0.0 -0.297173 0.50004 0.0 -0.296859 0.500049 0.0 -0.296545 0.50006 0.0 -0.296231 0.500071 0.0 -0.295917 0.500084 0.0 -0.295603 0.500097 0.0 -0.295289 0.500112 0.0 -0.294976 0.500126 0.0 -0.294662 0.500143 0.0 -0.294348 0.50016 0.0 -0.294035 0.500179 0.0 -0.293721 0.500197 0.0 -0.293407 0.500218 0.0 -0.293094 0.500239 0.0 -0.292781 0.500261 0.0 -0.292467 0.500284 0.0 -0.292154 0.500309 0.0 -0.291841 0.500333 0.0 -0.291528 0.50036 0.0 -0.291215 0.500387 0.0 -0.290902 0.500415 0.0 -0.290589 0.500444 0.0 -0.290276 0.500474 0.0 -0.289964 0.500505 0.0 -0.289651 0.500537 0.0 -0.289339 0.50057 0.0 -0.289027 0.500604 0.0 -0.288714 0.500639 0.0 -0.288402 0.500675 0.0 -0.28809 0.500712 0.0 -0.287778 0.50075 0.0 -0.287467 0.500789 0.0 -0.287155 0.500829 0.0 -0.286844 0.500869 0.0 -0.286532 0.500912 0.0 -0.286221 0.500954 0.0 -0.28591 0.500998 0.0 -0.285599 0.501042 0.0 -0.285288 0.501089 0.0 -0.284977 0.501135 0.0 -0.284667 0.501183 0.0 -0.284357 0.501231 0.0 -0.284046 0.501281 0.0 -0.283736 0.501331 0.0 -0.283426 0.501383 0.0 -0.283117 0.501436 0.0 -0.282807 0.50149 0.0 -0.282498 0.501544 0.0 -0.282189 0.5016 0.0 -0.281879 0.501655 0.0 -0.281571 0.501713 0.0 -0.281262 0.501771 0.0 -0.280953 0.501831 0.0 -0.280645 0.501891 0.0 -0.280337 0.501953 0.0 -0.280029 0.502014 0.0 -0.279721 0.502078 0.0 -0.279414 0.502142 0.0 -0.279107 0.502208 0.0 -0.278799 0.502273 0.0 -0.278492 0.502341 0.0 -0.278186 0.502408 0.0 -0.277879 0.502478 0.0 -0.277573 0.502547 0.0 -0.277267 0.502619 0.0 -0.276961 0.50269 0.0 -0.276656 0.502763 0.0 -0.27635 0.502837 0.0 -0.276045 0.502912 0.0 -0.27574 0.502987 0.0 -0.275436 0.503065 0.0 -0.275131 0.503142 0.0 -0.274827 0.503221 0.0 -0.274523 0.5033 0.0 -0.274219 0.503381 0.0 -0.273916 0.503462 0.0 -0.273613 0.503545 0.0 -0.27331 0.503628 0.0 -0.273007 0.503712 0.0 -0.272705 0.503797 0.0 -0.272403 0.503884 0.0 -0.272101 0.503971 0.0 -0.271799 0.504059 0.0 -0.271498 0.504148 0.0 -0.271197 0.504238 0.0 -0.270896 0.504329 0.0 -0.270596 0.504421 0.0 -0.270296 0.504514 0.0 -0.269996 0.504608 0.0 -0.269696 0.504702 0.0 -0.269397 0.504798 0.0 -0.269098 0.504894 0.0 -0.2688 0.504992 0.0 -0.268501 0.50509 0.0 -0.268203 0.50519 0.0 -0.267906 0.50529 0.0 -0.267608 0.505392 0.0 -0.267311 0.505494 0.0 -0.267015 0.505597 0.0 -0.266718 0.505701 0.0 -0.266422 0.505806 0.0 -0.266126 0.505912 0.0 -0.265831 0.506019 0.0 -0.265536 0.506127 0.0 -0.265241 0.506236 0.0 -0.264947 0.506345 0.0 -0.264653 0.506456 0.0 -0.264359 0.506567 0.0 -0.264066 0.50668 0.0 -0.263772 0.506793 0.0 -0.26348 0.506908 0.0 -0.263188 0.507022 0.0 -0.262896 0.507139 0.0 -0.262604 0.507255 0.0 -0.262313 0.507374 0.0 -0.262022 0.507492 0.0 -0.261732 0.507613 0.0 -0.261442 0.507733 0.0 -0.261152 0.507855 0.0 -0.260863 0.507977 0.0 -0.260574 0.508101 0.0 -0.260285 0.508225 0.0 -0.259997 0.50835 0.0 -0.259709 0.508476 0.0 -0.259422 0.508603 0.0 -0.259135 0.508731 0.0 -0.258849 0.50886 0.0 -0.258562 0.508989 0.0 -0.258277 0.50912 0.0 -0.257991 0.509252 0.0 -0.257707 0.509384 0.0 -0.257422 0.509517 0.0 -0.257138 0.509652 0.0 -0.256854 0.509787 0.0 -0.256571 0.509923 0.0 -0.256288 0.510059 0.0 -0.256006 0.510198 0.0 -0.255724 0.510336 0.0 -0.255443 0.510476 0.0 -0.255162 0.510616 0.0 -0.254881 0.510758 0.0 -0.254601 0.510899 0.0 -0.254321 0.511043 0.0 -0.254042 0.511186 0.0 -0.253763 0.511332 0.0 -0.253485 0.511477 0.0 -0.253207 0.511624 0.0 -0.25293 0.511771 0.0 -0.252653 0.51192 0.0 -0.252376 0.512068 0.0 -0.2521 0.512219 0.0 -0.251825 0.512369 0.0 -0.25155 0.512522 0.0 -0.251275 0.512674 0.0 -0.251001 0.512828 0.0 -0.250727 0.512982 0.0 -0.250454 0.513137 0.0 -0.250181 0.513293 0.0 -0.24991 0.51345 0.0 -0.249638 0.513608 0.0 -0.249367 0.513767 0.0 -0.249096 0.513926 0.0 -0.248826 0.514087 0.0 -0.248556 0.514247 0.0 -0.248287 0.51441 0.0 -0.248018 0.514572 0.0 -0.24775 0.514736 0.0 -0.247483 0.514901 0.0 -0.247216 0.515066 0.0 -0.246949 0.515232 0.0 -0.246683 0.5154 0.0 -0.246417 0.515567 0.0 -0.246153 0.515736 0.0 -0.245888 0.515906 0.0 -0.245624 0.516076 0.0 -0.245361 0.516247 0.0 -0.245098 0.51642 0.0 -0.244835 0.516592 0.0 -0.244574 0.516766 0.0 -0.244312 0.51694 0.0 -0.244052 0.517116 0.0 -0.243792 0.517292 0.0 -0.243532 0.517469 0.0 -0.243273 0.517647 0.0 -0.243015 0.517826 0.0 -0.242757 0.518005 0.0 -0.2425 0.518185 0.0 -0.242243 0.518366 0.0 -0.241987 0.518548 0.0 -0.241731 0.518731 0.0 -0.241476 0.518914 0.0 -0.241221 0.519098 0.0 -0.240968 0.519284 0.0 -0.240714 0.519469 0.0 -0.240462 0.519656 0.0 -0.24021 0.519843 0.0 -0.239958 0.520032 0.0 -0.239707 0.520221 0.0 -0.239457 0.520411 0.0 -0.239207 0.520601 0.0 -0.238958 0.520793 0.0 -0.238709 0.520984 0.0 -0.238462 0.521178 0.0 -0.238214 0.521371 0.0 -0.237968 0.521566 0.0 -0.237721 0.521761 0.0 -0.237476 0.521957 0.0 -0.237231 0.522154 0.0 -0.236987 0.522352 0.0 -0.236743 0.52255 0.0 -0.2365 0.522749 0.0 -0.236258 0.522949 0.0 -0.236016 0.52315 0.0 -0.235775 0.523351 0.0 -0.235535 0.523553 0.0 -0.235294 0.523756 0.0 -0.235056 0.52396 0.0 -0.234817 0.524164 0.0 -0.234579 0.524369 0.0 -0.234341 0.524575 0.0 -0.234105 0.524782 0.0 -0.233869 0.524989 0.0 -0.233634 0.525197 0.0 -0.233399 0.525406 0.0 -0.233165 0.525616 0.0 -0.232931 0.525826 0.0 -0.232699 0.526037 0.0 -0.232467 0.526249 0.0 -0.232236 0.526462 0.0 -0.232005 0.526674 0.0 -0.231775 0.526889 0.0 -0.231545 0.527103 0.0 -0.231317 0.527319 0.0 -0.231089 0.527535 0.0 -0.230862 0.527752 0.0 -0.230635 0.527969 0.0 -0.230409 0.528188 0.0 -0.230183 0.528406 0.0 -0.229959 0.528626 0.0 -0.229735 0.528846 0.0 -0.229512 0.529068 0.0 -0.229289 0.529289 0.0 -0.229068 0.529512 0.0 -0.228846 0.529735 0.0 -0.228626 0.529959 0.0 -0.228406 0.530183 0.0 -0.228188 0.530409 0.0 -0.227969 0.530635 0.0 -0.227752 0.530862 0.0 -0.227535 0.531089 0.0 -0.227319 0.531317 0.0 -0.227103 0.531545 0.0 -0.226889 0.531775 0.0 -0.226674 0.532005 0.0 -0.226462 0.532236 0.0 -0.226249 0.532467 0.0 -0.226037 0.532699 0.0 -0.225826 0.532931 0.0 -0.225616 0.533165 0.0 -0.225406 0.533399 0.0 -0.225197 0.533634 0.0 -0.224989 0.533869 0.0 -0.224782 0.534105 0.0 -0.224575 0.534341 0.0 -0.224369 0.534579 0.0 -0.224164 0.534817 0.0 -0.22396 0.535056 0.0 -0.223756 0.535294 0.0 -0.223553 0.535535 0.0 -0.223351 0.535775 0.0 -0.22315 0.536016 0.0 -0.222949 0.536258 0.0 -0.222749 0.5365 0.0 -0.22255 0.536743 0.0 -0.222352 0.536987 0.0 -0.222154 0.537231 0.0 -0.221957 0.537476 0.0 -0.221761 0.537721 0.0 -0.221566 0.537968 0.0 -0.221371 0.538214 0.0 -0.221178 0.538462 0.0 -0.220984 0.538709 0.0 -0.220793 0.538958 0.0 -0.220601 0.539207 0.0 -0.220411 0.539457 0.0 -0.220221 0.539707 0.0 -0.220032 0.539958 0.0 -0.219843 0.54021 0.0 -0.219656 0.540462 0.0 -0.219469 0.540714 0.0 -0.219284 0.540968 0.0 -0.219098 0.541221 0.0 -0.218914 0.541476 0.0 -0.218731 0.541731 0.0 -0.218548 0.541987 0.0 -0.218366 0.542243 0.0 -0.218185 0.5425 0.0 -0.218005 0.542757 0.0 -0.217826 0.543015 0.0 -0.217647 0.543273 0.0 -0.217469 0.543532 0.0 -0.217292 0.543792 0.0 -0.217116 0.544052 0.0 -0.21694 0.544312 0.0 -0.216766 0.544574 0.0 -0.216592 0.544835 0.0 -0.21642 0.545098 0.0 -0.216247 0.545361 0.0 -0.216076 0.545624 0.0 -0.215906 0.545888 0.0 -0.215736 0.546153 0.0 -0.215567 0.546417 0.0 -0.2154 0.546683 0.0 -0.215232 0.546949 0.0 -0.215066 0.547216 0.0 -0.214901 0.547483 0.0 -0.214736 0.54775 0.0 -0.214572 0.548018 0.0 -0.21441 0.548287 0.0 -0.214247 0.548556 0.0 -0.214087 0.548826 0.0 -0.213926 0.549096 0.0 -0.213767 0.549367 0.0 -0.213608 0.549638 0.0 -0.21345 0.54991 0.0 -0.213293 0.550181 0.0 -0.213137 0.550454 0.0 -0.212982 0.550727 0.0 -0.212828 0.551001 0.0 -0.212674 0.551275 0.0 -0.212522 0.55155 0.0 -0.212369 0.551825 0.0 -0.212219 0.5521 0.0 -0.212068 0.552376 0.0 -0.21192 0.552653 0.0 -0.211771 0.55293 0.0 -0.211624 0.553207 0.0 -0.211477 0.553485 0.0 -0.211332 0.553763 0.0 -0.211186 0.554042 0.0 -0.211043 0.554321 0.0 -0.210899 0.554601 0.0 -0.210758 0.554881 0.0 -0.210616 0.555162 0.0 -0.210476 0.555443 0.0 -0.210336 0.555724 0.0 -0.210198 0.556006 0.0 -0.210059 0.556288 0.0 -0.209923 0.556571 0.0 -0.209787 0.556854 0.0 -0.209652 0.557138 0.0 -0.209517 0.557422 0.0 -0.209384 0.557707 0.0 -0.209252 0.557991 0.0 -0.20912 0.558277 0.0 -0.208989 0.558562 0.0 -0.20886 0.558849 0.0 -0.208731 0.559135 0.0 -0.208603 0.559422 0.0 -0.208476 0.559709 0.0 -0.20835 0.559997 0.0 -0.208225 0.560285 0.0 -0.208101 0.560574 0.0 -0.207977 0.560863 0.0 -0.207855 0.561152 0.0 -0.207733 0.561442 0.0 -0.207613 0.561732 0.0 -0.207492 0.562022 0.0 -0.207374 0.562313 0.0 -0.207255 0.562604 0.0 -0.207139 0.562896 0.0 -0.207022 0.563188 0.0 -0.206908 0.56348 0.0 -0.206793 0.563772 0.0 -0.20668 0.564066 0.0 -0.206567 0.564359 0.0 -0.206456 0.564653 0.0 -0.206345 0.564947 0.0 -0.206236 0.565241 0.0 -0.206127 0.565536 0.0 -0.206019 0.565831 0.0 -0.205912 0.566126 0.0 -0.205806 0.566422 0.0 -0.205701 0.566718 0.0 -0.205597 0.567015 0.0 -0.205494 0.567311 0.0 -0.205392 0.567608 0.0 -0.20529 0.567906 0.0 -0.20519 0.568203 0.0 -0.20509 0.568501 0.0 -0.204992 0.5688 0.0 -0.204894 0.569098 0.0 -0.204798 0.569397 0.0 -0.204702 0.569696 0.0 -0.204608 0.569996 0.0 -0.204514 0.570296 0.0 -0.204421 0.570596 0.0 -0.204329 0.570896 0.0 -0.204238 0.571197 0.0 -0.204148 0.571498 0.0 -0.204059 0.571799 0.0 -0.203971 0.572101 0.0 -0.203884 0.572403 0.0 -0.203797 0.572705 0.0 -0.203712 0.573007 0.0 -0.203628 0.57331 0.0 -0.203545 0.573613 0.0 -0.203462 0.573916 0.0 -0.203381 0.574219 0.0 -0.2033 0.574523 0.0 -0.203221 0.574827 0.0 -0.203142 0.575131 0.0 -0.203065 0.575436 0.0 -0.202987 0.57574 0.0 -0.202912 0.576045 0.0 -0.202837 0.57635 0.0 -0.202763 0.576656 0.0 -0.20269 0.576961 0.0 -0.202619 0.577267 0.0 -0.202547 0.577573 0.0 -0.202478 0.577879 0.0 -0.202408 0.578186 0.0 -0.202341 0.578492 0.0 -0.202273 0.578799 0.0 -0.202208 0.579107 0.0 -0.202142 0.579414 0.0 -0.202078 0.579721 0.0 -0.202014 0.580029 0.0 -0.201953 0.580337 0.0 -0.201891 0.580645 0.0 -0.201831 0.580953 0.0 -0.201771 0.581262 0.0 -0.201713 0.581571 0.0 -0.201655 0.581879 0.0 -0.2016 0.582189 0.0 -0.201544 0.582498 0.0 -0.20149 0.582807 0.0 -0.201436 0.583117 0.0 -0.201383 0.583426 0.0 -0.201331 0.583736 0.0 -0.201281 0.584046 0.0 -0.201231 0.584357 0.0 -0.201183 0.584667 0.0 -0.201135 0.584977 0.0 -0.201089 0.585288 0.0 -0.201042 0.585599 0.0 -0.200998 0.58591 0.0 -0.200954 0.586221 0.0 -0.200912 0.586532 0.0 -0.200869 0.586844 0.0 -0.200829 0.587155 0.0 -0.200789 0.587467 0.0 -0.20075 0.587778 0.0 -0.200712 0.58809 0.0 -0.200675 0.588402 0.0 -0.200639 0.588714 0.0 -0.200604 0.589027 0.0 -0.20057 0.589339 0.0 -0.200537 0.589651 0.0 -0.200505 0.589964 0.0 -0.200474 0.590276 0.0 -0.200444 0.590589 0.0 -0.200415 0.590902 0.0 -0.200387 0.591215 0.0 -0.20036 0.591528 0.0 -0.200333 0.591841 0.0 -0.200309 0.592154 0.0 -0.200284 0.592467 0.0 -0.200261 0.592781 0.0 -0.200239 0.593094 0.0 -0.200218 0.593407 0.0 -0.200197 0.593721 0.0 -0.200179 0.594035 0.0 -0.20016 0.594348 0.0 -0.200143 0.594662 0.0 -0.200126 0.594976 0.0 -0.200112 0.595289 0.0 -0.200097 0.595603 0.0 -0.200084 0.595917 0.0 -0.200071 0.596231 0.0 -0.20006 0.596545 0.0 -0.200049 0.596859 0.0 -0.20004 0.597173 0.0 -0.200032 0.597487 0.0 -0.200025 0.597801 0.0 -0.200018 0.598115 0.0 -0.200013 0.598429 0.0 -0.200008 0.598743 0.0 -0.200005 0.599058 0.0 -0.200002 0.599372 0.0 -0.200001 0.599686 0.0 
        </DataArray>
      </Points>
      <Polys>
        <DataArray type="Int64" Name="connectivity" format="ascii">
0 1 1 2 2 3 3 4 4 5 5 6 6 7 7 8 8 9 9 10 10 11 11 12 12 13 13 14 14 15 15 16 16 17 17 18 18 19 19 20 20 21 21 22 22 23 23 24 24 25 25 26 26 27 27 28 28 29 29 30 30 31 31 32 32 33 33 34 34 35 35 36 36 37 37 38 38 39 39 40 40 41 41 42 42 43 43 44 44 45 45 46 46 47 47 48 48 49 49 50 50 51 51 52 52 53 53 54 54 55 55 56 56 57 57 58 58 59 59 60 60 61 61 62 62 63 63 64 64 65 65 66 66 67 67 68 68 69 69 70 70 71 71 72 72 73 73 74 74 75 75 76 76 77 77 78 78 79 79 80 80 81 81 82 82 83 83 84 84 85 85 86 86 87 87 88 88 89 89 90 90 91 91 92 92 93 93 94 94 95 95 96 96 97 97 98 98 99 99 100 100 101 101 102 102 103 103 104 104 105 105 106 106 107 107 108 108 109 109 110 110 111 111 112 112 113 113 114 114 115 115 116 116 117 117 118 118 119 119 120 120 121 121 122 122 123 123 124 124 125 125 126 126 127 127 128 128 129 129 130 130 131 131 132 132 133 133 134 134 135 135 136 136 137 137 138 138 139 139 140 140 141 141 142 142 143 143 144 144 145 145 146 146 147 147 148 148 149 149 150 150 151 151 152 152 153 153 154 154 155 155 156 156 157 157 158 158 159 159 160 160 161 161 162 162 163 163 164 164 165 165 166 166 167 167 168 168 169 169 170 170 171 171 172 172 173 173 174 174 175 175 176 176 177 177 178 178 179 179 180 180 181 181 182 182 183 183 184 184 185 185 186 186 187 187 188 188 189 189 190 190 191 191 192 192 193 193 194 194 195 195 196 196 197 197 198 198 199 199 200 200 201 201 202 202 203 203 204 204 205 205 206 206 207 207 208 208 209 209 210 210 211 211 212 212 213 213 214 214 215 215 216 216 217 217 218 218 219 219 220 220 221 221 222 222 223 223 224 224 225 225 226 226 227 227 228 228 229 229 230 230 231 231 232 232 233 233 234 234 235 235 236 236 237 237 238 238 239 239 240 240 241 241 242 242 243 243 244 244 245 245 246 246 247 247 248 248 249 249 250 250 251 251 252 252 253 253 254 254 255 255 256 256 257 257 258 258 259 259 260 260 261 261 262 262 263 263 264 264 265 265 266 266 267 267 268 268 269 269 270 270 271 271 272 272 273 273 274 274 275 275 276 276 277 277 278 278 279 279 280 280 281 281 282 282 283 283 284 284 285 285 286 286 287 287 288 288 289 289 290 290 291 291 292 292 293 293 294 294 295 295 296 296 297 297 298 298 299 299 300 300 301 301 302 302 303 303 304 304 305 305 306 306 307 307 308 308 309 309 310 310 311 311 312 312 313 313 314 314 315 315 316 316 317 317 318 318 319 319 320 320 321 321 322 322 323 323 324 324 325 325 326 326 327 327 328 328 329 329 330 330 331 331 332 332 333 333 334 334 335 335 336 336 337 337 338 338 339 339 340 340 341 341 342 342 343 343 344 344 345 345 346 346 347 347 348 348 349 349 350 350 351 351 352 352 353 353 354 354 355 355 356 356 357 357 358 358 359 359 360 360 361 361 362 362 363 363 364 364 365 365 366 366 367 367 368 368 369 369 370 370 371 371 372 372 373 373 374 374 375 375 376 376 377 377 378 378 379 379 380 380 381 381 382 382 383 383 384 384 385 385 386 386 387 387 388 388 389 389 390 390 391 391 392 392 393 393 394 394 395 395 396 396 397 397 398 398 399 399 400 400 401 401 402 402 403 403 404 404 405 405 406 406 407 407 408 408 409 409 410 410 411 411 412 412 413 413 414 414 415 415 416 416 417 417 418 418 419 419 420 420 421 421 422 422 423 423 424 424 425 425 426 426 427 427 428 428 429 429 430 430 431 431 432 432 433 433 434 434 435 435 436 436 437 437 438 438 439 439 440 440 441 441 442 442 443 443 444 444 445 445 446 446 447 447 448 448 449 449 450 450 451 451 452 452 453 453 454 454 455 455 456 456 457 457 458 458 459 459 460 460 461 461 462 462 463 463 464 464 465 465 466 466 467 467 468 468 469 469 470 470 471 471 472 472 473 473 474 474 475 475 476 476 477 477 478 478 479 479 480 480 481 481 482 482 483 483 484 484 485 485 486 486 487 487 488 488 489 489 490 490 491 491 492 492 493 493 494 494 495 495 496 496 497 497 498 498 499 499 500 500 501 501 502 502 503 503 504 504 505 505 506 506 507 507 508 508 509 509 510 510 511 511 512 512 513 513 514 514 515 515 516 516 517 517 518 518 519 519 520 520 521 521 522 522 523 523 524 524 525 525 526 526 527 527 528 528 529 529 530 530 531 531 532 532 533 533 534 534 535 535 536 536 537 537 538 538 539 539 540 540 541 541 542 542 543 543 544 544 545 545 546 546 547 547 548 548 549 549 550 550 551 551 552 552 553 553 554 554 555 555 556 556 557 557 558 558 559 559 560 560 561 561 562 562 563 563 564 564 565 565 566 566 567 567 568 568 569 569 570 570 571 571 572 572 573 573 574 574 575 575 576 576 577 577 578 578 579 579 580 580 581 581 582 582 583 583 584 584 585 585 586 586 587 587 588 588 589 589 590 590 591 591 592 592 593 593 594 594 595 595 596 596 597 597 598 598 599 599 600 600 601 601 602 602 603 603 604 604 605 605 606 606 607 607 608 608 609 609 610 610 611 611 612 612 613 613 614 614 615 615 616 616 617 617 618 618 619 619 620 620 621 621 622 622 623 623 624 624 625 625 626 626 627 627 628 628 629 629 630 630 631 631 632 632 633 633 634 634 635 635 636 636 637 637 638 638 639 639 640 640 641 641 642 642 643 643 644 644 645 645 646 646 647 647 648 648 649 649 650 650 651 651 652 652 653 653 654 654 655 655 656 656 657 657 658 658 659 659 660 660 661 661 662 662 663 663 664 664 665 665 666 666 667 667 668 668 669 669 670 670 671 671 672 672 673 673 674 674 675 675 676 676 677 677 678 678 679 679 680 680 681 681 682 682 683 683 684 684 685 685 686 686 687 687 688 688 689 689 690 690 691 691 692 692 693 693 694 694 695 695 696 696 697 697 698 698 699 699 700 700 701 701 702 702 703 703 704 704 705 705 706 706 707 707 708 708 709 709 710 710 711 711 712 712 713 713 714 714 715 715 716 716 717 717 718 718 719 719 720 720 721 721 722 722 723 723 724 724 725 725 726 726 727 727 728 728 729 729 730 730 731 731 732 732 733 733 734 734 735 735 736 736 737 737 738 738 739 739 740 740 741 741 742 742 743 743 744 744 745 745 746 746 747 747 748 748 749 749 750 750 751 751 752 752 753 753 754 754 755 755 756 756 757 757 758 758 759 759 760 760 761 761 762 762 763 763 764 764 765 765 766 766 767 767 768 768 769 769 770 770 771 771 772 772 773 773 774 774 775 775 776 776 777 777 778 778 779 779 780 780 781 781 782 782 783 783 784 784 785 785 786 786 787 787 788 788 789 789 790 790 791 791 792 792 793 793 794 794 795 795 796 796 797 797 798 798 799 799 800 800 801 801 802 802 803 803 804 804 805 805 806 806 807 807 808 808 809 809 810 810 811 811 812 812 813 813 814 814 815 815 816 816 817 817 818 818 819 819 820 820 821 821 822 822 823 823 824 824 825 825 826 826 827 827 828 828 829 829 830 830 831 831 832 832 833 833 834 834 835 835 836 836 837 837 838 838 839 839 840 840 841 841 842 842 843 843 844 844 845 845 846 846 847 847 848 848 849 849 850 850 851 851 852 852 853 853 854 854 855 855 856 856 857 857 858 858 859 859 860 860 861 861 862 862 863 863 864 864 865 865 866 866 867 867 868 868 869 869 870 870 871 871 872 872 873 873 874 874 875 875 876 876 877 877 878 878 879 879 880 880 881 881 882 882 883 883 884 884 885 885 886 886 887 887 888 888 889 889 890 890 891 891 892 892 893 893 894 894 895 895 896 896 897 897 898 898 899 899 900 900 901 901 902 902 903 903 904 904 905 905 906 906 907 907 908 908 909 909 910 910 911 911 912 912 913 913 914 914 915 915 916 916 917 917 918 918 919 919 920 920 921 921 922 922 923 923 924 924 925 925 926 926 927 927 928 928 929 929 930 930 931 931 932 932 933 933 934 934 935 935 936 936 937 937 938 938 939 939 940 940 941 941 942 942 943 943 944 944 945 945 946 946 947 947 948 948 949 949 950 950 951 951 952 952 953 953 954 954 955 955 956 956 957 957 958 958 959 959 960 960 961 961 962 962 963 963 964 964 965 965 966 966 967 967 968 968 969 969 970 970 971 971 972 972 973 973 974 974 975 975 976 976 977 977 978 978 979 979 980 980 981 981 982 982 983 983 984 984 985 985 986 986 987 987 988 988 989 989 990 990 991 991 992 992 993 993 994 994 995 995 996 996 997 997 998 998 999 999 1000 1000 1001 1001 1002 1002 1003 1003 1004 1004 1005 1005 1006 1006 1007 1007 1008 1008 1009 1009 1010 1010 1011 1011 1012 1012 1013 1013 1014 1014 1015 1015 1016 1016 1017 1017 1018 1018 1019 1019 1020 1020 1021 1021 1022 1022 1023 1023 1024 1024 1025 1025 1026 1026 1027 1027 1028 1028 1029 1029 1030 1030 1031 1031 1032 1032 1033 1033 1034 1034 1035 1035 1036 1036 1037 1037 1038 1038 1039 1039 1040 1040 1041 1041 1042 1042 1043 1043 1044 1044 1045 1045 1046 1046 1047 1047 1048 1048 1049 1049 1050 1050 1051 1051 1052 1052 1053 1053 1054 1054 1055 1055 1056 1056 1057 1057 1058 1058 1059 1059 1060 1060 1061 1061 1062 1062 1063 1063 1064 1064 1065 1065 1066 1066 1067 1067 1068 1068 1069 1069 1070 1070 1071 1071 1072 1072 1073 1073 1074 1074 1075 1075 1076 1076 1077 1077 1078 1078 1079 1079 1080 1080 1081 1081 1082 1082 1083 1083 1084 1084 1085 1085 1086 1086 1087 1087 1088 1088 1089 1089 1090 1090 1091 1091 1092 1092 1093 1093 1094 1094 1095 1095 1096 1096 1097 1097 1098 1098 1099 1099 1100 1100 1101 1101 1102 1102 1103 1103 1104 1104 1105 1105 1106 1106 1107 1107 1108 1108 1109 1109 1110 1110 1111 1111 1112 1112 1113 1113 1114 1114 1115 1115 1116 1116 1117 1117 1118 1118 1119 1119 1120 1120 1121 1121 1122 1122 1123 1123 1124 1124 1125 1125 1126 1126 1127 1127 1128 1128 1129 1129 1130 1130 1131 1131 1132 1132 1133 1133 1134 1134 1135 1135 1136 1136 1137 1137 1138 1138 1139 1139 1140 1140 1141 1141 1142 1142 1143 1143 1144 1144 1145 1145 1146 1146 1147 1147 1148 1148 1149 1149 1150 1150 1151 1151 1152 1152 1153 1153 1154 1154 1155 1155 1156 1156 1157 1157 1158 1158 1159 1159 1160 1160 1161 1161 1162 1162 1163 1163 1164 1164 1165 1165 1166 1166 1167 1167 1168 1168 1169 1169 1170 1170 1171 1171 1172 1172 1173 1173 1174 1174 1175 1175 1176 1176 1177 1177 1178 1178 1179 1179 1180 1180 1181 1181 1182 1182 1183 1183 1184 1184 1185 1185 1186 1186 1187 1187 1188 1188 1189 1189 1190 1190 1191 1191 1192 1192 1193 1193 1194 1194 1195 1195 1196 1196 1197 1197 1198 1198 1199 1199 1200 1200 1201 1201 1202 1202 1203 1203 1204 1204 1205 1205 1206 1206 1207 1207 1208 1208 1209 1209 1210 1210 1211 1211 1212 1212 1213 1213 1214 1214 1215 1215 1216 1216 1217 1217 1218 1218 1219 1219 1220 1220 1221 1221 1222 1222 1223 1223 1224 1224 1225 1225 1226 1226 1227 1227 1228 1228 1229 1229 1230 1230 1231 1231 1232 1232 1233 1233 1234 1234 1235 1235 1236 1236 1237 1237 1238 1238 1239 1239 1240 1240 1241 1241 1242 1242 1243 1243 1244 1244 1245 1245 1246 1246 1247 1247 1248 1248 1249 1249 1250 1250 1251 1251 1252 1252 1253 1253 1254 1254 1255 1255 1256 1256 1257 1257 1258 1258 1259 1259 1260 1260 1261 1261 1262 1262 1263 1263 1264 1264 1265 1265 1266 1266 1267 1267 1268 1268 1269 1269 1270 1270 1271 1271 1272 1272 1273 1273 1274 1274 1275 1275 1276 1276 1277 1277 1278 1278 1279 1279 1280 1280 1281 1281 1282 1282 1283 1283 1284 1284 1285 1285 1286 1286 1287 1287 1288 1288 1289 1289 1290 1290 1291 1291 1292 1292 1293 1293 1294 1294 1295 1295 1296 1296 1297 1297 1298 1298 1299 1299 1300 1300 1301 1301 1302 1302 1303 1303 1304 1304 1305 1305 1306 1306 1307 1307 1308 1308 1309 1309 1310 1310 1311 1311 1312 1312 1313 1313 1314 1314 1315 1315 1316 1316 1317 1317 1318 1318 1319 1319 1320 1320 1321 1321 1322 1322 1323 1323 1324 1324 1325 1325 1326 1326 1327 1327 1328 1328 1329 1329 1330 1330 1331 1331 1332 1332 1333 1333 1334 1334 1335 1335 1336 1336 1337 1337 1338 1338 1339 1339 1340 1340 1341 1341 1342 1342 1343 1343 1344 1344 1345 1345 1346 1346 1347 1347 1348 1348 1349 1349 1350 1350 1351 1351 1352 1352 1353 1353 1354 1354 1355 1355 1356 1356 1357 1357 1358 1358 1359 1359 1360 1360 1361 1361 1362 1362 1363 1363 1364 1364 1365 1365 1366 1366 1367 1367 1368 1368 1369 1369 1370 1370 1371 1371 1372 1372 1373 1373 1374 1374 1375 1375 1376 1376 1377 1377 1378 1378 1379 1379 1380 1380 1381 1381 1382 1382 1383 1383 1384 1384 1385 1385 1386 1386 1387 1387 1388 1388 1389 1389 1390 1390 1391 1391 1392 1392 1393 1393 1394 1394 1395 1395 1396 1396 1397 1397 1398 1398 1399 1399 1400 1400 1401 1401 1402 1402 1403 1403 1404 1404 1405 1405 1406 1406 1407 1407 1408 1408 1409 1409 1410 1410 1411 1411 1412 1412 1413 1413 1414 1414 1415 1415 1416 1416 1417 1417 1418 1418 1419 1419 1420 1420 1421 1421 1422 1422 1423 1423 1424 1424 1425 1425 1426 1426 1427 1427 1428 1428 1429 1429 1430 1430 1431 1431 1432 1432 1433 1433 1434 1434 1435 1435 1436 1436 1437 1437 1438 1438 1439 1439 1440 1440 1441 1441 1442 1442 1443 1443 1444 1444 1445 1445 1446 1446 1447 1447 1448 1448 1449 1449 1450 1450 1451 1451 1452 1452 1453 1453 1454 1454 1455 1455 1456 1456 1457 1457 1458 1458 1459 1459 1460 1460 1461 1461 1462 1462 1463 1463 1464 1464 1465 1465 1466 1466 1467 1467 1468 1468 1469 1469 1470 1470 1471 1471 1472 1472 1473 1473 1474 1474 1475 1475 1476 1476 1477 1477 1478 1478 1479 1479 1480 1480 1481 1481 1482 1482 1483 1483 1484 1484 1485 1485 1486 1486 1487 1487 1488 1488 1489 1489 1490 1490 1491 1491 1492 1492 1493 1493 1494 1494 1495 1495 1496 1496 1497 1497 1498 1498 1499 1499 1500 1500 1501 1501 1502 1502 1503 1503 1504 1504 1505 1505 1506 1506 1507 1507 1508 1508 1509 1509 1510 1510 1511 1511 1512 1512 1513 1513 1514 1514 1515 1515 1516 1516 1517 1517 1518 1518 1519 1519 1520 1520 1521 1521 1522 1522 1523 1523 1524 1524 1525 1525 1526 1526 1527 1527 1528 1528 1529 1529 1530 1530 1531 1531 1532 1532 1533 1533 1534 1534 1535 1535 1536 1536 1537 1537 1538 1538 1539 1539 1540 1540 1541 1541 1542 1542 1543 1543 1544 1544 1545 1545 1546 1546 1547 1547 1548 1548 1549 1549 1550 1550 1551 1551 1552 1552 1553 1553 1554 1554 1555 1555 1556 1556 1557 1557 1558 1558 1559 1559 1560 1560 1561 1561 1562 1562 1563 1563 1564 1564 1565 1565 1566 1566 1567 1567 1568 1568 1569 1569 1570 1570 1571 1571 1572 1572 1573 1573 1574 1574 1575 1575 1576 1576 1577 1577 1578 1578 1579 1579 1580 1580 1581 1581 1582 1582 1583 1583 1584 1584 1585 1585 1586 1586 1587 1587 1588 1588 1589 1589 1590 1590 1591 1591 1592 1592 1593 1593 1594 1594 1595 1595 1596 1596 1597 1597 1598 1598 1599 1599 1600 1600 1601 1601 1602 1602 1603 1603 1604 1604 1605 1605 1606 1606 1607 1607 1608 1608 1609 1609 1610 1610 1611 1611 1612 1612 1613 1613 1614 1614 1615 1615 1616 1616 1617 1617 1618 1618 1619 1619 1620 1620 1621 1621 1622 1622 1623 1623 1624 1624 1625 1625 1626 1626 1627 1627 1628 1628 1629 1629 1630 1630 1631 1631 1632 1632 1633 1633 1634 1634 1635 1635 1636 1636 1637 1637 1638 1638 1639 1639 1640 1640 1641 1641 1642 1642 1643 1643 1644 1644 1645 1645 1646 1646 1647 1647 1648 1648 1649 1649 1650 1650 1651 1651 1652 1652 1653 1653 1654 1654 1655 1655 1656 1656 1657 1657 1658 1658 1659 1659 1660 1660 1661 1661 1662 1662 1663 1663 1664 1664 1665 1665 1666 1666 1667 1667 1668 1668 1669 1669 1670 1670 1671 1671 1672 1672 1673 1673 1674 1674 1675 1675 1676 1676 1677 1677 1678 1678 1679 1679 1680 1680 1681 1681 1682 1682 1683 1683 1684 1684 1685 1685 1686 1686 1687 1687 1688 1688 1689 1689 1690 1690 1691 1691 1692 1692 1693 1693 1694 1694 1695 1695 1696 1696 1697 1697 1698 1698 1699 1699 1700 1700 1701 1701 1702 1702 1703 1703 1704 1704 1705 1705 1706 1706 1707 1707 1708 1708 1709 1709 1710 1710 1711 1711 1712 1712 1713 1713 1714 1714 1715 1715 1716 1716 1717 1717 1718 1718 1719 1719 1720 1720 1721 1721 1722 1722 1723 1723 1724 1724 1725 1725 1726 1726 1727 1727 1728 1728 1729 1729 1730 1730 1731 1731 1732 1732 1733 1733 1734 1734 1735 1735 1736 1736 1737 1737 1738 1738 1739 1739 1740 1740 1741 1741 1742 1742 1743 1743 1744 1744 1745 1745 1746 1746 1747 1747 1748 1748 1749 1749 1750 1750 1751 1751 1752 1752 1753 1753 1754 1754 1755 1755 1756 1756 1757 1757 1758 1758 1759 1759 1760 1760 1761 1761 1762 1762 1763 1763 1764 1764 1765 1765 1766 1766 1767 1767 1768 1768 1769 1769 1770 1770 1771 1771 1772 1772 1773 1773 1774 1774 1775 1775 1776 1776 1777 1777 1778 1778 1779 1779 1780 1780 1781 1781 1782 1782 1783 1783 1784 1784 1785 1785 1786 1786 1787 1787 1788 1788 1789 1789 1790 1790 1791 1791 1792 1792 1793 1793 1794 1794 1795 1795 1796 1796 1797 1797 1798 1798 1799 1799 1800 1800 1801 1801 1802 1802 1803 1803 1804 1804 1805 1805 1806 1806 1807 1807 1808 1808 1809 1809 1810 1810 1811 1811 1812 1812 1813 1813 1814 1814 1815 1815 1816 1816 1817 1817 1818 1818 1819 1819 1820 1820 1821 1821 1822 1822 1823 1823 1824 1824 1825 1825 1826 1826 1827 1827 1828 1828 1829 1829 1830 1830 1831 1831 1832 1832 1833 1833 1834 1834 1835 1835 1836 1836 1837 1837 1838 1838 1839 1839 1840 1840 1841 1841 1842 1842 1843 1843 1844 1844 1845 1845 1846 1846 1847 1847 1848 1848 1849 1849 1850 1850 1851 1851 1852 1852 1853 1853 1854 1854 1855 1855 1856 1856 1857 1857 1858 1858 1859 1859 1860 1860 1861 1861 1862 1862 1863 1863 1864 1864 1865 1865 1866 1866 1867 1867 1868 1868 1869 1869 1870 1870 1871 1871 1872 1872 1873 1873 1874 1874 1875 1875 1876 1876 1877 1877 1878 1878 1879 1879 1880 1880 1881 1881 1882 1882 1883 1883 1884 1884 1885 1885 1886 1886 1887 1887 1888 1888 1889 1889 1890 1890 1891 1891 1892 1892 1893 1893 1894 1894 1895 1895 1896 1896 1897 1897 1898 1898 1899 1899 1900 1900 1901 1901 1902 1902 1903 1903 1904 1904 1905 1905 1906 1906 1907 1907 1908 1908 1909 1909 1910 1910 1911 1911 1912 1912 1913 1913 1914 1914 1915 1915 1916 1916 1917 1917 1918 1918 1919 1919 1920 1920 1921 1921 1922 1922 1923 1923 1924 1924 1925 1925 1926 1926 1927 1927 1928 1928 1929 1929 1930 1930 1931 1931 1932 1932 1933 1933 1934 1934 1935 1935 1936 1936 1937 1937 1938 1938 1939 1939 1940 1940 1941 1941 1942 1942 1943 1943 1944 1944 1945 1945 1946 1946 1947 1947 1948 1948 1949 1949 1950 1950 1951 1951 1952 1952 1953 1953 1954 1954 1955 1955 1956 1956 1957 1957 1958 1958 1959 1959 1960 1960 1961 1961 1962 1962 1963 1963 1964 1964 1965 1965 1966 1966 1967 1967 1968 1968 1969 1969 1970 1970 1971 1971 1972 1972 1973 1973 1974 1974 1975 1975 1976 1976 1977 1977 1978 1978 1979 1979 1980 1980 1981 1981 1982 1982 1983 1983 1984 1984 1985 1985 1986 1986 1987 1987 1988 1988 1989 1989 1990 1990 1991 1991 1992 1992 1993 1993 1994 1994 1995 1995 1996 1996 1997 1997 1998 1998 1999 1999 0 
        </DataArray>
        <DataArray type="Int64" Name="offsets" format="ascii">
2 4 6 8 10 12 14 16 18 20 22 24 26 28 30 32 34 36 38 40 42 44 46 48 50 52 54 56 58 60 62 64 66 68 70 72 74 76 78 80 82 84 86 88 90 92 94 96 98 100 102 104 106 108 110 112 114 116 118 120 122 124 126 128 130 132 134 136 138 140 142 144 146 148 150 152 154 156 158 160 162 164 166 168 170 172 174 176 178 180 182 184 186 188 190 192 194 196 198 200 202 204 206 208 210 212 214 216 218 220 222 224 226 228 230 232 234 236 238 240 242 244 246 248 250 252 254 256 258 260 262 264 266 268 270 272 274 276 278 280 282 284 286 288 290 292 294 296 298 300 302 304 306 308 310 312 314 316 318 320 322 324 326 328 330 332 334 336 338 340 342 344 346 348 350 352 354 356 358 360 362 364 366 368 370 372 374 376 378 380 382 384 386 388 390 392 394 396 398 400 402 404 406 408 410 412 414 416 418 420 422 424 426 428 430 432 434 436 438 440 442 444 446 448 450 452 454 456 458 460 462 464 466 468 470 472 474 476 478 480 482 484 486 488 490 492 494 496 498 500 502 504 506 508 510 512 514 516 518 520 522 524 526 528 530 532 534 536 538 540 542 544 546 548 550 552 554 556 558 560 562 564 566 568 570 572 574 576 578 580 582 584 586 588 590 592 594 596 598 600 602 604 606 608 610 612 614 616 618 620 622 624 626 628 630 632 634 636 638 640 642 644 646 648 650 652 654 656 658 660 662 664 666 668 670 672 674 676 678 680 682 684 686 688 690 692 694 696 698 700 702 704 706 708 710 712 714 716 718 720 722 724 726 728 730 732 734 736 738 740 742 744 746 748 750 752 754 756 758 760 762 764 766 768 770 772 774 776 778 780 782 784 786 788 790 792 794 796 798 800 802 804 806 808 810 812 814 816 818 820 822 824 826 828 830 832 834 836 838 840 842 844 846 848 850 852 854 856 858 860 862 864 866 868 870 872 874 876 878 880 882 884 886 888 890 892 894 896 898 900 902 904 906 908 910 912 914 916 918 920 922 924 926 928 930 932 934 936 938 940 942 944 946 948 950 952 954 956 958 960 962 964 966 968 970 972 974 976 978 980 982 984 986 988 990 992 994 996 998 1000 1002 1004 1006 1008 1010 1012 1014 1016 1018 1020 1022 1024 1026 1028 1030 1032 1034 1036 1038 1040 1042 1044 1046 1048 1050 1052 1054 1056 1058 1060 1062 1064 1066 1068 1070 1072 1074 1076 1078 1080 1082 1084 1086 1088 1090 1092 1094 1096 1098 1100 1102 1104 1106 1108 1110 1112 1114 1116 1118 1120 1122 1124 1126 1128 1130 1132 1134 1136 1138 1140 1142 1144 1146 1148 1150 1152 1154 1156 1158 1160 1162 1164 1166 1168 1170 1172 1174 1176 1178 1180 1182 1184 1186 1188 1190 1192 1194 1196 1198 1200 1202 1204 1206 1208 1210 1212 1214 1216 1218 1220 1222 1224 1226 1228 1230 1232 1234 1236 1238 1240 1242 1244 1246 1248 1250 1252 1254 1256 1258 1260 1262 1264 1266 1268 1270 1272 1274 1276 1278 1280 1282 1284 1286 1288 1290 1292 1294 1296 1298 1300 1302 1304 1306 1308 1310 1312 1314 1316 1318 1320 1322 1324 1326 1328 1330 1332 1334 1336 1338 1340 1342 1344 1346 1348 1350 1352 1354 1356 1358 1360 1362 1364 1366 1368 1370 1372 1374 1376 1378 1380 1382 1384 1386 1388 1390 1392 1394 1396 1398 1400 1402 1404 1406 1408 1410 1412 1414 1416 1418 1420 1422 1424 1426 1428 1430 1432 1434 1436 1438 1440 1442 1444 1446 1448 1450 1452 1454 1456 1458 1460 1462 1464 1466 1468 1470 1472 1474 1476 1478 1480 1482 1484 1486 1488 1490 1492 1494 1496 1498 1500 1502 1504 1506 1508 1510 1512 1514 1516 1518 1520 1522 1524 1526 1528 1530 1532 1534 1536 1538 1540 1542 1544 1546 1548 1550 1552 1554 1556 1558 1560 1562 1564 1566 1568 1570 1572 1574 1576 1578 1580 1582 1584 1586 1588 1590 1592 1594 1596 1598 1600 1602 1604 1606 1608 1610 1612 1614 1616 1618 1620 1622 1624 1626 1628 1630 1632 1634 1636 1638 1640 1642 1644 1646 1648 1650 1652 1654 1656 1658 1660 1662 1664 1666 1668 1670 1672 1674 1676 1678 1680 1682 1684 1686 1688 1690 1692 1694 1696 1698 1700 1702 1704 1706 1708 1710 1712 1714 1716 1718 1720 1722 1724 1726 1728 1730 1732 1734 1736 1738 1740 1742 1744 1746 1748 1750 1752 1754 1756 1758 1760 1762 1764 1766 1768 1770 1772 1774 1776 1778 1780 1782 1784 1786 1788 1790 1792 1794 1796 1798 1800 1802 1804 1806 1808 1810 1812 1814 1816 1818 1820 1822 1824 1826 1828 1830 1832 1834 1836 1838 1840 1842 1844 1846 1848 1850 1852 1854 1856 1858 1860 1862 1864 1866 1868 1870 1872 1874 1876 1878 1880 1882 1884 1886 1888 1890 1892 1894 1896 1898 1900 1902 1904 1906 1908 1910 1912 1914 1916 1918 1920 1922 1924 1926 1928 1930 1932 1934 1936 1938 1940 1942 1944 1946 1948 1950 1952 1954 1956 1958 1960 1962 1964 1966 1968 1970 1972 1974 1976 1978 1980 1982 1984 1986 1988 1990 1992 1994 1996 1998 2000 2002 2004 2006 2008 2010 2012 2014 2016 2018 2020 2022 2024 2026 2028 2030 2032 2034 2036 2038 2040 2042 2044 2046 2048 2050 2052 2054 2056 2058 2060 2062 2064 2066 2068 2070 2072 2074 2076 2078 2080 2082 2084 2086 2088 2090 2092 2094 2096 2098 2100 2102 2104 2106 2108 2110 2112 2114 2116 2118 2120 2122 2124 2126 2128 2130 2132 2134 2136 2138 2140 2142 2144 2146 2148 2150 2152 2154 2156 2158 2160 2162 2164 2166 2168 2170 2172 2174 2176 2178 2180 2182 2184 2186 2188 2190 2192 2194 2196 2198 2200 2202 2204 2206 2208 2210 2212 2214 2216 2218 2220 2222 2224 2226 2228 2230 2232 2234 2236 2238 2240 2242 2244 2246 2248 2250 2252 2254 2256 2258 2260 2262 2264 2266 2268 2270 2272 2274 2276 2278 2280 2282 2284 2286 2288 2290 2292 2294 2296 2298 2300 2302 2304 2306 2308 2310 2312 2314 2316 2318 2320 2322 2324 2326 2328 2330 2332 2334 2336 2338 2340 2342 2344 2346 2348 2350 2352 2354 2356 2358 2360 2362 2364 2366 2368 2370 2372 2374 2376 2378 2380 2382 2384 2386 2388 2390 2392 2394 2396 2398 2400 2402 2404 2406 2408 2410 2412 2414 2416 2418 2420 2422 2424 2426 2428 2430 2432 2434 2436 2438 2440 2442 2444 2446 2448 2450 2452 2454 2456 2458 2460 2462 2464 2466 2468 2470 2472 2474 2476 2478 2480 2482 2484 2486 2488 2490 2492 2494 2496 2498 2500 2502 2504 2506 2508 2510 2512 2514 2516 2518 2520 2522 2524 2526 2528 2530 2532 2534 2536 2538 2540 2542 2544 2546 2548 2550 2552 2554 2556 2558 2560 2562 2564 2566 2568 2570 2572 2574 2576 2578 2580 2582 2584 2586 2588 2590 2592 2594 2596 2598 2600 2602 2604 2606 2608 2610 2612 2614 2616 2618 2620 2622 2624 2626 2628 2630 2632 2634 2636 2638 2640 2642 2644 2646 2648 2650 2652 2654 2656 2658 2660 2662 2664 2666 2668 2670 2672 2674 2676 2678 2680 2682 2684 2686 2688 2690 2692 2694 2696 2698 2700 2702 2704 2706 2708 2710 2712 2714 2716 2718 2720 2722 2724 2726 2728 2730 2732 2734 2736 2738 2740 2742 2744 2746 2748 2750 2752 2754 2756 2758 2760 2762 2764 2766 2768 2770 2772 2774 2776 2778 2780 2782 2784 2786 2788 2790 2792 2794 2796 2798 2800 2802 2804 2806 2808 2810 2812 2814 2816 2818 2820 2822 2824 2826 2828 2830 2832 2834 2836 2838 2840 2842 2844 2846 2848 2850 2852 2854 2856 2858 2860 2862 2864 2866 2868 2870 2872 2874 2876 2878 2880 2882 2884 2886 2888 2890 2892 2894 2896 2898 2900 2902 2904 2906 2908 2910 2912 2914 2916 2918 2920 2922 2924 2926 2928 2930 2932 2934 2936 2938 2940 2942 2944 2946 2948 2950 2952 2954 2956 2958 2960 2962 2964 2966 2968 2970 2972 2974 2976 2978 2980 2982 2984 2986 2988 2990 2992 2994 2996 2998 3000 3002 3004 3006 3008 3010 3012 3014 3016 3018 3020 3022 3024 3026 3028 3030 3032 3034 3036 3038 3040 3042 3044 3046 3048 3050 3052 3054 3056 3058 3060 3062 3064 3066 3068 3070 3072 3074 3076 3078 3080 3082 3084 3086 3088 3090 3092 3094 3096 3098 3100 3102 3104 3106 3108 3110 3112 3114 3116 3118 3120 3122 3124 3126 3128 3130 3132 3134 3136 3138 3140 3142 3144 3146 3148 3150 3152 3154 3156 3158 3160 3162 3164 3166 3168 3170 3172 3174 3176 3178 3180 3182 3184 3186 3188 3190 3192 3194 3196 3198 3200 3202 3204 3206 3208 3210 3212 3214 3216 3218 3220 3222 3224 3226 3228 3230 3232 3234 3236 3238 3240 3242 3244 3246 3248 3250 3252 3254 3256 3258 3260 3262 3264 3266 3268 3270 3272 3274 3276 3278 3280 3282 3284 3286 3288 3290 3292 3294 3296 3298 3300 3302 3304 3306 3308 3310 3312 3314 3316 3318 3320 3322 3324 3326 3328 3330 3332 3334 3336 3338 3340 3342 3344 3346 3348 3350 3352 3354 3356 3358 3360 3362 3364 3366 3368 3370 3372 3374 3376 3378 3380 3382 3384 3386 3388 3390 3392 3394 3396 3398 3400 3402 3404 3406 3408 3410 3412 3414 3416 3418 3420 3422 3424 3426 3428 3430 3432 3434 3436 3438 3440 3442 3444 3446 3448 3450 3452 3454 3456 3458 3460 3462 3464 3466 3468 3470 3472 3474 3476 3478 3480 3482 3484 3486 3488 3490 3492 3494 3496 3498 3500 3502 3504 3506 3508 3510 3512 3514 3516 3518 3520 3522 3524 3526 3528 3530 3532 3534 3536 3538 3540 3542 3544 3546 3548 3550 3552 3554 3556 3558 3560 3562 3564 3566 3568 3570 3572 3574 3576 3578 3580 3582 3584 3586 3588 3590 3592 3594 3596 3598 3600 3602 3604 3606 3608 3610 3612 3614 3616 3618 3620 3622 3624 3626 3628 3630 3632 3634 3636 3638 3640 3642 3644 3646 3648 3650 3652 3654 3656 3658 3660 3662 3664 3666 3668 3670 3672 3674 3676 3678 3680 3682 3684 3686 3688 3690 3692 3694 3696 3698 3700 3702 3704 3706 3708 3710 3712 3714 3716 3718 3720 3722 3724 3726 3728 3730 3732 3734 3736 3738 3740 3742 3744 3746 3748 3750 3752 3754 3756 3758 3760 3762 3764 3766 3768 3770 3772 3774 3776 3778 3780 3782 3784 3786 3788 3790 3792 3794 3796 3798 3800 3802 3804 3806 3808 3810 3812 3814 3816 3818 3820 3822 3824 3826 3828 3830 3832 3834 3836 3838 3840 3842 3844 3846 3848 3850 3852 3854 3856 3858 3860 3862 3864 3866 3868 3870 3872 3874 3876 3878 3880 3882 3884 3886 3888 3890 3892 3894 3896 3898 3900 3902 3904 3906 3908 3910 3912 3914 3916 3918 3920 3922 3924 3926 3928 3930 3932 3934 3936 3938 3940 3942 3944 3946 3948 3950 3952 3954 3956 3958 3960 3962 3964 3966 3968 3970 3972 3974 3976 3978 3980 3982 3984 3986 3988 3990 3992 3994 3996 3998 4000 
        </DataArray>
      </Polys>
      <CellData Scalars="Pressure">
        <DataArray type="Float64" Name="Pressure" format="ascii">
811224 810092 808937 807741 806017 804315 802595 801454 800294 799153 797359 795541 793680 792227 790813 789421 787484 785405 783271 781546 779972 778420 777172 776173 775165 773966 772523 771088 769913 769186 768456 767659 766643 767664 766717 765894 765042 762107 761772 761462 761161 760251 759300 758337 757710 757158 756617 755536 754257 752975 751882 750948 750032 748765 747125 746923 745330 743810 742267 738882 737008 735205 733357 731188 728950 726718 725035 723426 721830 719928 717909 717441 715498 713613 711688 707623 705384 703221 700970 698572 696110 693761 691972 690279 689904 687694 685425 683195 678810 676428 674050 672044 670309 668674 667017 666578 664784 661589 660221 658931 657677 657216 657017 656989 657692 659031 660161 654104 640681 626475 611997 607677 604390 602254 601743 598439 595067 585712 584735 584161 583684 582415 586767 585544 581205 580526 579666 578718 577889 577225 578347 576788 575183 573417 567650 565265 562877 560702 561723 559818 555650 554460 553295 552191 550684 550997 549164 545433 544123 542866 541622 540723 542140 541433 539159 540213 541772 543789 545911 548511 550905 549805 538446 524939 508823 499793 488845 485094 455882 452009 449334 460517 454098 459947 466389 473218 475912 480297 481919 479125 479032 478996 479016 479240 479713 480393 481303 481261 482677 482343 479759 480335 481212 482363 483902 485726 487844 490187 492117 495116 496669 498093 497219 499313 504021 504054 505983 508072 510391 512708 514683 516777 519059 521264 523384 525210 527272 530287 533855 537348 539410 542916 536865 529033 517458 505430 503335 503365 505526 511201 515232 518884 522277 525204 527473 529362 530933 532135 533105 533924 534633 535209 535444 535637 535822 535988 535935 534963 533164 533909 534446 532153 531646 530725 527633 527725 517357 508982 503641 501366 500670 500484 500445 500555 500035 499723 499134 498290 497181 495904 494458 492892 491180 489828 488543 487295 485748 484564 483821 482799 481476 480509 479127 478039 476041 474268 472798 471353 469912 467923 465962 464095 460952 460040 457861 456004 453020 451581 447953 445653 444764 443835 443528 444304 444351 444642 445151 445860 446869 448311 449905 451832 453807 455925 458367 460395 462482 464708 467146 468653 471823 473806 474763 476720 478065 481798 481316 479694 477631 472284 468332 467533 462050 454809 446034 437748 429674 421140 416884 411978 409341 410399 412103 414396 413299 408713 402363 383201 312106 216752 120849 49753.8 39599.4 31515.5 29408.8 29170.2 29727.5 30256.4 29271.5 29904.6 30490.7 31112.5 31682.6 32102.6 33927.2 32979.2 33644.5 34245 34959.7 35575.8 36077.6 37679.4 38311.7 37591.4 38230.7 39029.3 39688.4 40187.8 41377 42095.5 42823.5 41522.5 42377.3 43173.6 43986.4 44902.9 45685.3 46309.8 49067.3 50142.3 48318.9 49457.3 50580.3 51587.3 52696.8 54021.2 55227.9 56820 57060.9 57203.7 57343.9 57931.3 60724.3 61392.3 62059.7 62683.9 63336 64046.9 64735.4 65358 65956.5 66493.2 67004.2 71001.4 64947.8 64945.5 64857.6 66391.4 67338.8 68241.4 69154 67391.9 68307.3 69247.9 70251.8 71209.6 72184 73196.2 74164 75065.6 76050.3 76916.2 77694 81019.1 82051.2 79863.9 81046.9 82238.3 83413.8 84549.3 85672.7 86738 87852.4 88956.9 89998.2 90984.3 91956.6 92792.3 95336.9 96252.3 97222.7 98199.9 95622.5 96795.5 97995 99290 100604 101890 103276 104637 106004 107352 108710 110027 111422 112800 114162 115471 116761 117980 119195 120341 121420 124187 125048 125896 126828 128002 129201 130368 131580 132759 133965 131073 132156 133222 134751 136248 137758 139145 140537 141899 143469 145042 146631 148157 149689 151185 152869 154602 156353 158012 159647 161244 162869 164470 166083 167786 169699 171568 173457 175303 177164 179078 181332 183545 185778 192621 194686 196691 198696 200641 202627 204575 206551 208458 205522 207700 209937 212056 214175 216249 218393 220501 222617 224891 227345 229755 232158 234455 236764 239179 241916 244622 247304 249729 252194 254579 261623 263836 260470 262580 264812 267097 268869 270474 272020 273960 276058 278114 280093 281958 283821 285977 288557 297083 299122 300802 302447 297707 300306 302942 305698 308284 310935 313565 316205 318810 321473 329628 332209 334660 330618 333909 337470 340781 343291 345685 348174 351552 355087 364060 366433 368626 370861 366383 369791 373266 376693 379888 383217 392208 394515 396635 399238 395161 398945 402833 406567 410232 419902 422600 425239 427781 424540 428164 431921 435688 439195 448790 452205 448450 452134 455842 459747 463894 468261 479017 482027 484855 487749 484379 489307 494424 499636 509340 512956 516902 513464 519313 525741 531155 539503 542291 545971 542841 547617 552554 556939 566622 569978 565625 571178 577110 583620 588199 596214 598832 594548 598694 603080 607562 618257 621159 623917 628055 625081 630979 637436 641701 643799 646036 648489 649992 651089 657951 651973 654940 658253 661806 672885 675600 686446 681909 677806 681638 693529 689413 694657 700058 705795 711336 725453 730698 738583 734707 743921 765942 794798 792005 825291 859429 892001 906582 920837 934300 932542 868665 831214 804532 787230 781839 784872 786487 783589 786960 790395 801368 797464 802057 806836 811643 816647 821544 826605 831664 836744 851262 866866 862874 859239 868115 889524 901967 901069 920246 959596 989795 1.00331e+06 1.06638e+06 1.13792e+06 1.25179e+06 1.27841e+06 1.33015e+06 1.34291e+06 1.31738e+06 1.30908e+06 1.26247e+06 1.21067e+06 1.15549e+06 1.09814e+06 1.04138e+06 1.00038e+06 967193 950094 941583 930593 928672 935847 937819 930796 935376 951855 957614 968128 964178 977353 1.00788e+06 1.03232e+06 1.03128e+06 1.06818e+06 1.14455e+06 1.19372e+06 1.22309e+06 1.25603e+06 1.28514e+06 1.31087e+06 1.33026e+06 1.34395e+06 1.33771e+06 1.3251e+06 1.31508e+06 1.30731e+06 1.30607e+06 1.29889e+06 1.29652e+06 1.29483e+06 1.29919e+06 1.30025e+06 1.29694e+06 1.29904e+06 1.30695e+06 1.30975e+06 1.3123e+06 1.3107e+06 1.31269e+06 1.31505e+06 1.31777e+06 1.32612e+06 1.32407e+06 1.32767e+06 1.33165e+06 1.34201e+06 1.34597e+06 1.34482e+06 1.3487e+06 1.35806e+06 1.36678e+06 1.36547e+06 1.36331e+06 1.36765e+06 1.3724e+06 1.37756e+06 1.38893e+06 1.39385e+06 1.39312e+06 1.39781e+06 1.40819e+06 1.41721e+06 1.41637e+06 1.41992e+06 1.41788e+06 1.42104e+06 1.42465e+06 1.4356e+06 1.43903e+06 1.44227e+06 1.44113e+06 1.44396e+06 1.44645e+06 1.44927e+06 1.45231e+06 1.45987e+06 1.45776e+06 1.46063e+06 1.46933e+06 1.47669e+06 1.47542e+06 1.4784e+06 1.4757e+06 1.47853e+06 1.48184e+06 1.49313e+06 1.49712e+06 1.50077e+06 1.49978e+06 1.50295e+06 1.50623e+06 1.50992e+06 1.52006e+06 1.52387e+06 1.52779e+06 1.52733e+06 1.5309e+06 1.53487e+06 1.53926e+06 1.55117e+06 1.55581e+06 1.56068e+06 1.56152e+06 1.56529e+06 1.56925e+06 1.57357e+06 1.58407e+06 1.58822e+06 1.59229e+06 1.59241e+06 1.59575e+06 1.5994e+06 1.60321e+06 1.60784e+06 1.61268e+06 1.61776e+06 1.62668e+06 1.62725e+06 1.63114e+06 1.63516e+06 1.63874e+06 1.64262e+06 1.64668e+06 1.65575e+06 1.65939e+06 1.66331e+06 1.66298e+06 1.66734e+06 1.67161e+06 1.67579e+06 1.6794e+06 1.68322e+06 1.68713e+06 1.69473e+06 1.69407e+06 1.69719e+06 1.70096e+06 1.70507e+06 1.7091e+06 1.71292e+06 1.71636e+06 1.71998e+06 1.72734e+06 1.73035e+06 1.72969e+06 1.73255e+06 1.73634e+06 1.74031e+06 1.74421e+06 1.74785e+06 1.75137e+06 1.75508e+06 1.76246e+06 1.76553e+06 1.76865e+06 1.76926e+06 1.77408e+06 1.77888e+06 1.78345e+06 1.78732e+06 1.7914e+06 1.79582e+06 1.79939e+06 1.8028e+06 1.80611e+06 1.81252e+06 1.8155e+06 1.81646e+06 1.81903e+06 1.8213e+06 1.82376e+06 1.82681e+06 1.8306e+06 1.83445e+06 1.8381e+06 1.84114e+06 1.84422e+06 1.8509e+06 1.85378e+06 1.85681e+06 1.85987e+06 1.86067e+06 1.8644e+06 1.86813e+06 1.87086e+06 1.87339e+06 1.876e+06 1.87922e+06 1.8827e+06 1.88622e+06 1.88944e+06 1.89249e+06 1.89553e+06 1.89868e+06 1.90178e+06 1.90489e+06 1.91018e+06 1.91271e+06 1.91524e+06 1.91791e+06 1.91824e+06 1.92106e+06 1.92384e+06 1.92691e+06 1.92992e+06 1.93296e+06 1.93536e+06 1.93776e+06 1.94013e+06 1.94302e+06 1.94596e+06 1.94893e+06 1.95129e+06 1.95348e+06 1.95568e+06 1.95829e+06 1.96106e+06 1.96385e+06 1.96632e+06 1.96858e+06 1.97081e+06 1.97326e+06 1.97591e+06 1.97858e+06 1.98095e+06 1.98279e+06 1.98461e+06 1.98875e+06 1.9909e+06 1.99313e+06 1.99532e+06 1.99764e+06 1.9999e+06 2.0022e+06 2.00423e+06 2.0063e+06 2.00833e+06 2.01066e+06 2.01294e+06 2.01527e+06 2.0173e+06 2.01934e+06 2.02133e+06 2.02355e+06 2.02576e+06 2.02802e+06 2.03004e+06 2.03205e+06 2.034e+06 2.03608e+06 2.03815e+06 2.04027e+06 2.04239e+06 2.04461e+06 2.04678e+06 2.04885e+06 2.05076e+06 2.05273e+06 2.05369e+06 2.05548e+06 2.05722e+06 2.05893e+06 2.06052e+06 2.06212e+06 2.06371e+06 2.06538e+06 2.06703e+06 2.06868e+06 2.07005e+06 2.07145e+06 2.07283e+06 2.07421e+06 2.07558e+06 2.07696e+06 2.07826e+06 2.07959e+06 2.0809e+06 2.08204e+06 2.08312e+06 2.08423e+06 2.0853e+06 2.08639e+06 2.08747e+06 2.08847e+06 2.08941e+06 2.09036e+06 2.09235e+06 2.09332e+06 2.09427e+06 2.09521e+06 2.09614e+06 2.09714e+06 2.09741e+06 2.0979e+06 2.09834e+06 2.09877e+06 2.09934e+06 2.09992e+06 2.10048e+06 2.10097e+06 2.10145e+06 2.10195e+06 2.10241e+06 2.10286e+06 2.10329e+06 2.10489e+06 2.10544e+06 2.10606e+06 2.10581e+06 2.1059e+06 2.10595e+06 2.10605e+06 2.10625e+06 2.10644e+06 2.1066e+06 2.10668e+06 2.10678e+06 2.10691e+06 2.10715e+06 2.10828e+06 2.10848e+06 2.10865e+06 2.10886e+06 2.10914e+06 2.10897e+06 2.10916e+06 2.10931e+06 2.10936e+06 2.10935e+06 2.10933e+06 2.10934e+06 2.11006e+06 2.11013e+06 2.10967e+06 2.10932e+06 2.10891e+06 2.10847e+06 2.10884e+06 2.10921e+06 2.10956e+06 2.10927e+06 2.10877e+06 2.10892e+06 2.10851e+06 2.10816e+06 2.10785e+06 2.107e+06 2.10646e+06 2.10587e+06 2.10522e+06 2.10465e+06 2.10411e+06 2.10404e+06 2.10273e+06 2.10179e+06 2.10081e+06 2.09988e+06 2.09903e+06 2.09819e+06 2.09728e+06 2.09645e+06 2.09521e+06 2.09411e+06 2.09234e+06 2.0911e+06 2.0898e+06 2.08848e+06 2.08713e+06 2.08581e+06 2.08514e+06 2.08378e+06 2.08242e+06 2.08096e+06 2.07838e+06 2.07681e+06 2.07522e+06 2.07365e+06 2.07295e+06 2.07141e+06 2.06918e+06 2.06769e+06 2.06625e+06 2.06489e+06 2.0637e+06 2.06276e+06 2.06177e+06 2.06095e+06 2.06031e+06 2.05981e+06 2.05945e+06 2.06366e+06 2.06965e+06 2.07472e+06 2.06635e+06 2.05684e+06 2.04908e+06 2.04334e+06 2.04309e+06 2.04058e+06 2.04161e+06 2.02488e+06 2.02018e+06 2.01652e+06 2.01379e+06 2.01907e+06 2.01396e+06 2.00964e+06 2.00474e+06 2.00307e+06 2.00128e+06 2.0027e+06 1.9981e+06 1.99673e+06 1.99531e+06 1.99367e+06 1.99142e+06 1.99088e+06 1.98877e+06 1.98456e+06 1.98238e+06 1.98027e+06 1.97816e+06 1.97756e+06 1.97525e+06 1.97309e+06 1.96767e+06 1.96534e+06 1.96302e+06 1.96345e+06 1.95896e+06 1.95708e+06 1.95525e+06 1.95353e+06 1.95138e+06 1.95069e+06 1.94868e+06 1.9444e+06 1.9425e+06 1.94085e+06 1.94115e+06 1.93781e+06 1.93658e+06 1.93565e+06 1.93499e+06 1.93453e+06 1.93308e+06 1.93285e+06 1.93224e+06 1.93256e+06 1.93799e+06 1.94302e+06 1.92974e+06 1.9168e+06 1.89447e+06 1.86755e+06 1.83745e+06 1.83186e+06 1.82933e+06 1.82993e+06 1.8334e+06 1.8364e+06 1.83928e+06 1.84196e+06 1.84412e+06 1.8479e+06 1.84793e+06 1.84773e+06 1.84402e+06 1.84346e+06 1.84588e+06 1.84552e+06 1.84174e+06 1.84087e+06 1.8404e+06 1.84247e+06 1.84165e+06 1.83783e+06 1.83659e+06 1.83795e+06 1.8364e+06 1.83568e+06 1.8384e+06 1.84295e+06 1.83896e+06 1.83681e+06 1.81622e+06 1.79211e+06 1.76548e+06 1.72866e+06 1.71721e+06 1.71037e+06 1.70792e+06 1.73029e+06 1.72076e+06 1.72352e+06 1.72631e+06 1.73491e+06 1.73126e+06 1.73221e+06 1.73303e+06 1.73746e+06 1.73343e+06 1.73263e+06 1.73206e+06 1.73174e+06 1.7346e+06 1.73076e+06 1.73031e+06 1.73022e+06 1.7333e+06 1.73024e+06 1.72971e+06 1.72946e+06 1.73214e+06 1.73212e+06 1.73262e+06 1.73643e+06 1.74488e+06 1.74832e+06 1.73297e+06 1.73702e+06 1.69058e+06 1.62726e+06 1.57661e+06 1.54025e+06 1.52818e+06 1.53062e+06 1.53682e+06 1.54657e+06 1.5765e+06 1.57298e+06 1.57946e+06 1.58486e+06 1.59441e+06 1.59604e+06 1.59238e+06 1.59336e+06 1.59887e+06 1.59896e+06 1.59925e+06 1.59332e+06 1.59545e+06 1.59783e+06 1.60027e+06 1.60675e+06 1.60377e+06 1.60466e+06 1.60604e+06 1.61244e+06 1.61436e+06 1.61239e+06 1.61485e+06 1.61889e+06 1.62451e+06 1.63028e+06 1.63637e+06 1.64151e+06 1.64814e+06 1.65663e+06 1.67135e+06 1.66808e+06 1.68314e+06 1.67069e+06 1.62933e+06 1.56049e+06 1.50046e+06 1.45115e+06 1.42738e+06 1.4173e+06 1.41139e+06 1.45192e+06 1.45633e+06 1.46232e+06 1.45787e+06 1.46261e+06 1.46647e+06 1.4694e+06 1.47806e+06 1.47672e+06 1.46784e+06 1.4651e+06 1.46299e+06 1.4614e+06 1.45977e+06 1.45813e+06 1.46077e+06 1.45267e+06 1.44971e+06 1.44701e+06 1.44433e+06 1.4416e+06 1.43873e+06 1.4348e+06 1.43124e+06 1.42818e+06 1.42688e+06 1.42686e+06 1.42673e+06 1.43063e+06 1.42466e+06 1.42261e+06 1.42067e+06 1.42055e+06 1.42154e+06 1.4228e+06 1.42724e+06 1.42907e+06 1.42779e+06 1.43053e+06 1.44218e+06 1.45691e+06 1.474e+06 1.48525e+06 1.48186e+06 1.5088e+06 1.49121e+06 1.40977e+06 1.33195e+06 1.26025e+06 1.21646e+06 1.16637e+06 1.11872e+06 1.04431e+06 1.03053e+06 1.01992e+06 1.02039e+06 1.06617e+06 1.11382e+06 1.16177e+06 1.21179e+06 1.22946e+06 1.24407e+06 1.2523e+06 1.25339e+06 1.25407e+06 1.25326e+06 1.24969e+06 1.24595e+06 1.24648e+06 1.2413e+06 1.22916e+06 1.22318e+06 1.21848e+06 1.21428e+06 1.21046e+06 1.20834e+06 1.20745e+06 1.20642e+06 1.21061e+06 1.20504e+06 1.19264e+06 1.18691e+06 1.18329e+06 1.17993e+06 1.17694e+06 1.1774e+06 1.17823e+06 1.17898e+06 1.18357e+06 1.17728e+06 1.17125e+06 1.16478e+06 1.14813e+06 1.13918e+06 1.13277e+06 1.13121e+06 1.12962e+06 1.12754e+06 1.1228e+06 1.11805e+06 1.11343e+06 1.11619e+06 1.1106e+06 1.10494e+06 1.09971e+06 1.08773e+06 1.08253e+06 1.07526e+06 1.06698e+06 1.05856e+06 1.05283e+06 1.04964e+06 1.04649e+06 1.04257e+06 1.03759e+06 1.03267e+06 1.03647e+06 1.03617e+06 1.03597e+06 1.03577e+06 1.03122e+06 1.02609e+06 1.01192e+06 1.00551e+06 999202 992823 990540 988843 987061 983854 980226 976555 974505 973325 972081 969484 965755 961993 959103 957311 955511 959643 956259 952853 949239 941910 934872 917788 913881 909846 905796 900681 895635 890489 887543 884636 881724 877227 872531 867757 864307 861166 858045 853794 849104 844331 840505 837205 833932 830059 825734 821321 816420 810673 804995 799768 795681 791509 787181 782142 777160 772302 768571 764768 760939 756156 751417 746573 742824 739006 735245 730752 726232 721593 716089 710255 704456 700522 697400 702683 698724 694562 690489 686998 683926 680787 672502 668773 664820 660764 657098 653294 649479 645544 641604 637473 633014 628399 623791 619740 615765 611736 608420 605170 610651 608038 605567 603114 595526 592925 589924 586630 583369 579914 576261 572245 568181 564036 560230 556366 552645 558451 555287 552184 543822 540687 537060 533396 529734 525820 521728 517403 513035 508939 514437 510806 500865 498269 495365 492058 488672 484997 481148 477774 474621 471454 476793 474330 472065 465992 463353 460023 456275 452980 449565 445915 451401 448821 446410 439728 436906 433326 429593 426244 422797 427550 424900 422269 419847 413718 410537 406566 402920 399846 404479 395824 394308 392811 391381 393661 397374 402153 402675 402267 401304 390636 385296 379454 373297 382987 382240 381461 400087 405234 408070 408673 412135 407421 410214 392411 382128 370692 358840 349964 362724 354007 344120 340557 335942 330567 335034 331642 328387 320593 316979 312544 307673 312399 309097 306693 300609 298217 295478 298050 290309 287620 284572 281492 278901 282886 280272 274082 272086 269651 266970 270439 268292 266804 261176 259268 261553 259477 254281 252441 250263 247692 250795 248865 253705 267617 271588 266623 270365 258160 252635 246592 251797 237823 234321 229741 224230 229509 225181 231079 220649 213973 216742 214103 212087 205924 203620 205388 203310 197679 195882 193660 196036 189471 187383 184817 181856 182296 184352 185975 187112 188429 188747 189295 185560 178672 181255 179390 178180 173002 171141 172582 170558 164671 162759 164760 162441 161139 155662 157698 155573 154164 149245 147686 149500 147860 143061 141434 142956 145402 139510 134308 136347 138801 134202 133683 130924 129101 127699 126673 154125 348881 536585 717051 884411 935625 946694 954317 958251 962793 965247 971713 977426 985515 989897 995073 999463 1.00311e+06 1.00589e+06 1.00824e+06 1.00828e+06 1.01326e+06 1.01782e+06 1.02211e+06 1.02416e+06 1.02774e+06 1.02965e+06 1.03146e+06 1.03261e+06 1.03454e+06 1.03677e+06 1.03832e+06 1.03869e+06 1.03966e+06 1.04028e+06 1.04282e+06 1.04257e+06 1.04214e+06 1.04177e+06 1.04044e+06 1.04108e+06 1.0408e+06 1.04112e+06 1.04216e+06 1.04141e+06 1.0373e+06 1.03791e+06 1.03304e+06 1.02779e+06 1.02223e+06 1.01654e+06 1.0117e+06 1.0101e+06 1.01017e+06 1.01042e+06 1.01073e+06 1.01093e+06 1.01104e+06 1.01067e+06 1.00993e+06 1.00932e+06 1.00777e+06 1.00746e+06 1.00703e+06 1.00707e+06 1.00689e+06 1.00684e+06 1.00679e+06 1.00644e+06 1.00693e+06 1.00659e+06 1.00703e+06 1.0075e+06 1.00801e+06 1.00852e+06 1.00955e+06 1.00985e+06 1.00999e+06 1.01029e+06 1.01079e+06 1.01139e+06 1.01198e+06 1.01274e+06 1.01339e+06 1.01327e+06 1.01374e+06 1.01443e+06 1.01522e+06 1.01597e+06 1.01685e+06 1.01736e+06 1.0176e+06 1.01794e+06 1.01872e+06 1.01961e+06 1.02058e+06 1.02129e+06 1.02185e+06 1.02232e+06 1.02345e+06 1.02436e+06 1.02528e+06 1.02621e+06 1.0262e+06 1.02679e+06 1.02736e+06 1.02791e+06 1.02973e+06 1.03103e+06 1.03233e+06 1.03335e+06 1.03436e+06 1.03534e+06 1.03638e+06 1.03791e+06 1.03915e+06 1.04087e+06 1.04279e+06 1.04472e+06 1.04686e+06 1.04938e+06 1.05201e+06 1.05466e+06 1.05534e+06 1.05975e+06 1.06141e+06 1.06277e+06 1.06365e+06 1.06405e+06 1.06471e+06 1.06565e+06 1.06614e+06 1.06187e+06 1.0594e+06 1.05537e+06 1.0523e+06 1.05283e+06 1.05336e+06 1.05386e+06 1.05456e+06 1.05512e+06 1.0555e+06 1.05415e+06 1.05322e+06 1.05242e+06 1.05071e+06 1.05022e+06 1.04973e+06 1.04917e+06 1.0483e+06 1.04746e+06 1.04662e+06 1.04541e+06 1.04423e+06 1.04314e+06 1.04228e+06 1.03984e+06 1.03746e+06 1.03361e+06 1.03077e+06 1.02803e+06 1.02506e+06 1.02199e+06 1.01893e+06 1.01596e+06 1.01296e+06 1.01004e+06 1.007e+06 1.00373e+06 1.00049e+06 999350 994968 990666 986383 980270 975798 971449 966711 962061 957417 953349 949405 945540 941412 937214 932946 929012 925255 921501 919515 914916 910297 905951 902127 898415 894647 888601 885323 882107 878996 875929 872803 870339 867829 865340 862349 859351 856310 853866 851514 849186 846503 843736 840927 838612 836536 834483 832188 829755 827282 825158 823386 821635 820055 818859 817633 816287 814556 812849 
        </DataArray>
        <DataArray type="Float64" Name="Temperature" format="ascii">
1136.93 1136.49 1136.04 1135.57 1134.91 1134.26 1133.6 1133.19 1132.78 1132.37 1131.71 1131.05 1130.37 1129.86 1129.36 1128.87 1128.14 1127.35 1126.54 1125.87 1125.26 1124.66 1124.18 1123.79 1123.4 1122.92 1122.32 1121.74 1121.25 1120.92 1120.61 1120.26 1119.79 1118.51 1118.01 1117.55 1117.09 1116.81 1116.4 1116.02 1115.64 1115.02 1114.38 1113.75 1113.3 1112.89 1112.49 1111.95 1111.35 1110.76 1110.29 1109.91 1109.54 1109.04 1108.41 1108.26 1107.63 1107.03 1106.43 1105.07 1104.26 1103.49 1102.69 1101.72 1100.72 1099.72 1098.84 1097.99 1097.15 1096 1094.77 1093.95 1092.45 1090.99 1089.53 1087.3 1085.47 1083.71 1081.94 1080.14 1078.3 1076.62 1075.56 1074.52 1073.99 1073.07 1072.12 1071.2 1069.47 1068.73 1067.99 1067.82 1068.07 1068.29 1068.72 1071.5 1072.37 1071.56 1073.17 1074.68 1076.14 1077.94 1079.8 1081.6 1083.31 1086.42 1088.11 1077.01 1068.86 1060.88 1053.18 1049.87 1047.44 1045.98 1051.45 1049.28 1047.47 1042.02 1041.49 1040.98 1040.28 1038.86 1040.92 1039.36 1035.97 1034.77 1033.43 1031.9 1030.29 1028.78 1027.84 1025.76 1023.57 1021.44 1018.04 1015.97 1013.88 1012 1011.88 1010.12 1007.43 1006.7 1005.91 1005.09 1004.14 1004.53 1003.41 1001.31 1000.76 1000.2 999.633 999.343 1000.75 1000.47 999.39 1000.47 1001.77 1003.25 1005.7 1010.6 1013.08 1002.96 996.19 988.736 980.349 982.577 976.246 980.826 958.407 957.34 956.399 966.203 960.983 965.79 970.631 975.346 977.527 983.351 984.427 982.864 983.983 984.678 984.968 985.859 987.053 988.187 989.298 989.867 992.817 992.794 991.17 992.403 993.558 994.598 996.081 997.88 999.768 1001.68 1003.37 1006.75 1007.86 1009.41 1009.04 1010.79 1014.75 1014.53 1016.3 1018.06 1019.87 1021.6 1023.15 1024.74 1026.4 1027.99 1029.9 1031.13 1032.55 1034.38 1036.79 1039.41 1040.95 1038.78 1034.61 1030.02 1026.63 1018.98 1018.44 1018.91 1020.4 1023.91 1026.5 1028.77 1030.77 1032.42 1033.84 1034.98 1035.87 1036.49 1036.91 1037.24 1037.47 1037.59 1037.35 1036.95 1036.5 1036.01 1035.04 1032.16 1028.05 1026.95 1024.66 1019.32 1015.93 1011.86 1007.73 1004.34 997.501 992.55 990.113 990.499 994.458 999.623 1005.24 1011.14 1018.98 1028.75 1038.89 1049.05 1060.48 1076.28 1093.55 1111.71 1134.95 1151.57 1171.53 1190.71 1212.93 1228.43 1236.62 1244.32 1250.17 1250.79 1246.12 1241.79 1234.19 1228.46 1224.73 1224.62 1223.98 1226.3 1229.06 1232.16 1231.1 1236.02 1236.17 1236.73 1231.49 1227.34 1217.83 1209.25 1201.81 1196.61 1191.67 1193.59 1188.76 1184.92 1181.74 1179.31 1178.82 1177.89 1177.08 1165.8 1165.98 1167.45 1177.65 1180.85 1185.69 1191.64 1198.89 1199.13 1208.84 1215.2 1221.45 1236.03 1257.31 1286.71 1297.05 1299.68 1300.47 1296.68 1290.81 1276.96 1264.19 1248.48 1229 1209.43 1189.13 1186.83 1163.99 1155.18 1149.46 1149 1147.36 1144.6 1147.28 1155.87 1164.58 1202.4 1083.93 896.089 689.167 517.75 449.285 393.643 376.047 372.548 374.474 376.303 372.991 375.196 377.231 379.391 381.364 382.806 388.638 385.706 387.847 389.771 392.05 394.003 395.583 400.356 402.242 400.201 402.101 404.451 406.386 407.845 411.115 413.082 415.068 411.6 413.931 416.092 418.289 420.762 422.86 424.517 431.22 433.792 429.502 432.243 434.947 437.358 439.989 443.094 445.896 449.463 450.007 450.365 450.674 451.952 457.65 459.056 460.457 461.765 463.128 464.608 466.04 467.332 468.572 469.681 470.735 478.072 466.749 466.725 466.543 469.547 471.41 473.178 474.952 471.786 473.545 475.344 477.254 479.073 480.917 482.822 484.641 486.332 488.154 489.757 491.196 496.781 498.551 495.083 497.094 499.107 501.091 502.991 504.861 506.632 508.472 510.284 511.993 513.601 515.168 516.521 520.343 521.733 523.201 524.674 521.092 522.854 524.65 526.566 528.505 530.4 532.404 534.363 536.325 538.234 540.144 541.992 543.931 545.834 547.713 549.502 551.249 552.901 554.528 556.045 557.475 560.871 561.954 563.021 564.188 565.639 567.118 568.555 570.026 571.455 572.915 569.832 571.15 572.446 574.264 576.043 577.836 579.452 581.072 582.655 584.446 586.236 588.042 589.75 591.454 593.119 594.958 596.838 598.736 600.502 602.218 603.895 605.589 607.244 608.914 610.658 612.59 614.481 616.378 618.205 620.051 621.934 624.104 626.238 628.384 634.618 636.535 638.394 640.213 641.98 643.784 645.518 647.28 648.985 646.503 648.429 650.413 652.256 654.092 655.891 657.724 659.516 661.321 663.228 665.267 667.273 669.256 671.135 673.028 674.987 677.169 679.331 681.466 683.367 685.304 687.179 692.437 694.132 691.731 693.321 695.01 696.745 698.102 699.344 700.552 702.037 703.639 705.216 706.794 708.321 709.862 711.569 713.541 719.551 721.121 722.44 723.752 720.703 722.582 724.497 726.505 728.357 730.263 732.163 734.026 735.865 737.756 743.046 744.812 746.506 744.016 746.137 748.444 750.599 752.245 753.831 755.474 757.562 759.756 765.17 766.653 768.041 769.46 766.764 768.792 770.876 772.914 774.786 776.745 781.925 783.263 784.506 785.998 783.658 785.791 787.997 790.071 792.087 797.392 798.844 800.266 801.642 799.884 801.805 803.806 805.822 807.656 812.643 814.419 812.451 814.331 816.238 818.241 820.309 822.499 827.852 829.322 830.718 832.153 830.463 832.844 835.33 837.865 842.444 844.159 846.011 844.348 847.05 850.04 852.557 856.318 857.59 859.239 857.807 859.934 862.15 864.109 868.319 869.812 867.934 870.298 872.846 875.665 877.642 880.988 882.12 880.318 882.028 883.852 885.731 890.129 891.319 892.468 894.119 892.83 895.195 897.795 899.505 900.318 901.185 902.133 902.694 903.079 905.833 903.35 904.491 905.763 907.127 911.501 912.48 916.805 914.833 913.066 914.475 919.178 917.363 919.356 921.358 923.437 925.36 930.74 932.406 935.368 933.158 936.149 944.597 954.47 951.564 962.348 973.039 982.823 988.076 994.618 1002.24 1004.64 983.067 970.603 961.526 955.311 953.326 954.261 954.814 953.873 954.992 956.166 959.793 958.567 960.088 961.702 963.355 965.038 966.629 968.298 969.992 971.675 976.311 981.073 980.115 979.008 981.868 988.676 992.611 992.336 998.239 1010.34 1019.25 1023.01 1039.8 1058.6 1088.64 1094.99 1105.34 1108.82 1105.5 1103.41 1091.7 1078.16 1063.69 1047.88 1031.87 1019.85 1010.1 1004.8 1002.27 999.005 998.444 1000.61 1001.21 999.114 1000.48 1005.41 1007.22 1010.27 1009.16 1013.08 1022.11 1028.92 1028.68 1038.69 1059.37 1072.07 1079.02 1086.06 1092.98 1099.43 1104.99 1109.86 1108.65 1105.37 1102.85 1100.99 1100.41 1098.84 1098.21 1097.84 1098.72 1098.79 1098.18 1098.68 1100.55 1101.07 1101.44 1101.5 1101.83 1102.31 1102.96 1104.5 1104.37 1105.12 1106.09 1108.45 1109.26 1109.3 1110.2 1112.31 1113.33 1113.98 1113.95 1114.86 1115.93 1117.18 1119.7 1120.77 1120.91 1121.96 1124.25 1125.26 1126.07 1126.77 1126.73 1127.39 1128.25 1130.77 1131.32 1131.83 1132.11 1132.69 1133.19 1133.83 1134.58 1135.73 1135.58 1136.17 1138.07 1138.15 1139.22 1139.75 1139.69 1140.16 1140.87 1143.4 1144.18 1144.71 1144.8 1145.38 1146.06 1146.91 1149.22 1149.75 1150.42 1150.84 1151.5 1152.3 1153.28 1155.93 1156.59 1157.44 1158.26 1158.91 1159.7 1160.69 1163.11 1163.61 1164.19 1165.13 1165.55 1166.16 1166.96 1167.92 1168.94 1170.05 1171.15 1171.92 1172.55 1173.36 1174.13 1175.03 1176.03 1177.48 1177.93 1178.57 1179.63 1180.32 1181.13 1182.01 1182.75 1183.59 1184.5 1184.85 1185.98 1186.39 1186.97 1187.69 1188.49 1189.31 1190.03 1190.82 1191.26 1191.72 1192.79 1193.21 1193.85 1194.63 1195.52 1196.42 1197.36 1198.42 1198.85 1199.18 1199.6 1202.44 1203.11 1203.86 1204.66 1205.46 1206.46 1207.7 1208.66 1209.66 1210.73 1211.17 1211.7 1212.77 1213.16 1213.55 1214.03 1214.66 1215.44 1216.26 1217.06 1217.71 1218.4 1219 1219.39 1219.87 1220.43 1221.88 1222.44 1223.06 1223.54 1224.01 1224.54 1225.19 1225.89 1226.64 1227.33 1227.98 1228.66 1229.35 1230.03 1230.72 1230.44 1230.81 1231.23 1231.72 1233.55 1233.93 1234.34 1234.82 1235.32 1235.86 1236.28 1236.72 1237.18 1237.72 1238.28 1238.85 1239.31 1239.74 1240.18 1240.69 1241.22 1241.77 1242.25 1242.69 1243.13 1243.6 1244.11 1244.63 1245.09 1245.46 1245.83 1244.96 1245.28 1245.62 1245.96 1246.31 1246.65 1247.02 1247.33 1247.66 1247.99 1248.37 1248.75 1249.15 1249.49 1249.83 1250.18 1250.57 1250.96 1251.37 1251.74 1252.11 1252.49 1252.89 1253.3 1253.73 1254.16 1254.63 1255.09 1255.55 1255.98 1256.44 1259.07 1259.37 1259.65 1259.92 1260.17 1260.42 1260.67 1260.93 1261.19 1261.45 1261.62 1261.81 1261.99 1262.13 1262.28 1262.44 1262.55 1262.68 1262.83 1262.94 1263.06 1263.22 1263.37 1263.56 1263.8 1264.05 1264.33 1264.69 1262.45 1262.64 1262.91 1263.25 1263.64 1264.13 1265.9 1265.88 1265.85 1265.84 1265.86 1265.89 1265.94 1265.97 1266.04 1266.16 1266.27 1266.46 1266.7 1265.36 1265.5 1265.76 1267.41 1267.47 1267.54 1267.63 1267.75 1267.87 1267.98 1268.11 1268.22 1268.34 1268.53 1268.72 1268.91 1269.09 1269.36 1269.73 1270.05 1270.4 1270.72 1270.91 1271.07 1271.3 1271.59 1271.09 1271.32 1272.44 1272.36 1272.3 1272.27 1272.15 1272.18 1272.38 1272.33 1272.46 1269.72 1269.63 1269.82 1270.33 1270.13 1269.59 1269.37 1269.45 1269.48 1269.83 1266.71 1269.03 1268.51 1268.19 1267.93 1267.74 1267.83 1268.15 1264.86 1265.1 1265.49 1266.18 1265.63 1265.31 1265.12 1265.14 1265.52 1263.4 1263.65 1264.25 1263.91 1263.45 1263.28 1263.4 1263.62 1261.84 1262.13 1262.3 1261.84 1261.57 1261.5 1261.58 1260.42 1260.79 1261.19 1260.89 1260.8 1260.9 1261.06 1258.91 1259.81 1255.46 1252.58 1250.49 1249.27 1249.17 1249.75 1250.58 1247.76 1246.9 1246.28 1245.89 1246.67 1246.12 1245.91 1244.92 1244.62 1244.41 1244.43 1244.13 1243.98 1243.83 1243.6 1243.3 1243.01 1242.8 1242.49 1242.11 1241.81 1241.58 1241.05 1240.97 1240.99 1239.96 1239.57 1239.31 1239.16 1238.79 1238.46 1238.17 1237.94 1237.73 1237.49 1237.51 1236.7 1236.36 1236.17 1236.1 1235.78 1235.56 1235.42 1235.36 1235.23 1235.21 1234.37 1235.09 1235.48 1236.47 1238 1234.98 1227.92 1223.33 1221.33 1214.77 1214.45 1214.51 1214.95 1215.73 1216.4 1217.02 1217.59 1218.02 1218.85 1218.88 1218.9 1218.21 1218.15 1218.71 1218.68 1217.98 1217.86 1217.8 1218.26 1218.17 1217.45 1217.28 1217.64 1216.87 1217.01 1217.46 1218.46 1217.39 1215.21 1210.63 1205.93 1202.59 1195.23 1193.33 1192.25 1191.95 1196.65 1194.78 1195.41 1196.03 1197.82 1197.14 1197.39 1197.62 1198.58 1197.82 1197.73 1197.68 1197.69 1198.34 1197.63 1197.62 1197.69 1198.4 1197.86 1197.84 1197.89 1198.56 1198.4 1198.75 1199.52 1201.07 1201.84 1198.67 1199.25 1188.83 1173.85 1162.15 1154.1 1151.8 1153.13 1154.92 1157.13 1164.69 1163.26 1164.81 1165.97 1168.48 1168.93 1167.95 1168.23 1169.66 1169.76 1169.98 1168.6 1169.13 1169.67 1170.19 1171.72 1170.95 1171.19 1171.5 1172.95 1173.38 1172.92 1173.5 1174.38 1175.58 1176.79 1178.04 1179.12 1180.52 1182.32 1185.45 1185.07 1190.54 1189.06 1179.82 1163.08 1148.95 1137.88 1133.33 1131.31 1130.2 1140.1 1141.12 1142.44 1141.48 1142.54 1143.41 1144.07 1145.99 1145.68 1143.74 1143.13 1142.66 1142.31 1141.96 1141.61 1142.16 1140.4 1139.74 1139.15 1138.56 1137.97 1137.35 1136.48 1135.69 1135.02 1134.75 1134.77 1134.77 1135.65 1134.36 1133.92 1133.5 1133.5 1133.76 1134.08 1135.04 1135.47 1135.3 1135.94 1138.62 1142.01 1145.96 1148.55 1150.19 1161.59 1159.07 1137.5 1117.49 1099.67 1090.36 1076.66 1063.78 1043.91 1039.73 1036.57 1036.67 1049.75 1063.27 1076.78 1089.62 1093.95 1098.12 1100.09 1100.31 1100.46 1100.27 1099.38 1098.48 1098.23 1096.89 1094.28 1092.72 1091.48 1090.38 1089.41 1088.89 1088.67 1088.44 1089.22 1087.75 1084.93 1083.41 1082.42 1081.53 1080.75 1080.87 1081.11 1081.34 1082.34 1080.61 1078.98 1077.25 1073.08 1070.66 1068.93 1068.47 1068.02 1067.46 1066.17 1064.89 1063.66 1064.23 1062.65 1061.07 1059.61 1056.47 1055 1052.94 1050.59 1048.21 1046.58 1045.66 1044.75 1043.63 1042.2 1040.8 1041.76 1041.63 1041.54 1041.46 1040.13 1038.64 1034.75 1032.84 1030.98 1029.09 1028.41 1027.9 1027.37 1026.42 1025.34 1024.25 1023.64 1023.3 1022.93 1022.16 1021.04 1019.92 1019.06 1018.53 1018 1019.13 1018.1 1017.07 1015.97 1013.72 1011.56 1006.43 1005.2 1003.93 1002.65 1001.03 999.43 997.801 996.857 995.925 994.993 993.543 992.029 990.491 989.371 988.348 987.333 985.939 984.399 982.832 981.57 980.475 979.389 978.097 976.648 975.17 973.515 971.557 969.622 967.833 966.415 964.968 963.462 961.693 959.945 958.236 956.906 955.551 954.185 952.463 950.758 949.014 947.649 946.258 944.888 943.234 941.569 939.859 937.811 935.636 933.473 931.989 930.801 932.579 931.082 929.505 927.962 926.63 925.453 924.249 921.126 919.647 918.081 916.471 915.009 913.492 911.965 910.378 908.788 907.119 905.306 903.428 901.553 899.893 898.263 896.61 895.246 893.909 896.09 895.014 893.998 892.991 889.871 888.765 887.486 886.077 884.676 883.191 881.615 879.874 878.113 876.316 874.654 872.967 871.341 873.789 872.389 871.014 867.309 865.855 864.177 862.47 860.759 858.931 857.015 854.986 852.939 851.011 853.471 851.75 847.105 845.82 844.386 842.756 841.082 839.268 837.37 835.701 834.139 832.57 835.093 833.869 832.742 829.709 828.343 826.629 824.704 823.008 821.251 819.375 822.12 820.795 819.556 816.078 814.571 812.663 810.678 808.898 807.068 809.555 808.15 806.758 805.476 802.118 800.362 798.173 796.164 794.474 796.996 792.236 791.379 790.538 789.739 791.232 793.646 796.758 796.764 796.601 796.113 790.054 786.909 783.479 779.873 785.271 784.863 784.506 782.179 782.525 782.515 782.148 782.737 786.674 787.279 776.568 771.655 765.641 758.943 753.73 762.502 757.153 750.943 748.905 746.033 742.528 746.124 743.763 741.355 736.386 734.121 731.238 727.997 731.426 729.106 727.441 723.333 721.724 719.823 721.764 716.192 714.281 712.092 709.886 708.036 711.007 709.108 704.582 703.12 701.313 699.306 701.933 700.273 699.146 694.907 693.454 695.176 693.579 689.552 688.071 686.315 684.24 686.885 685.402 686.436 688.635 690.319 691.36 693.473 683.938 680.274 675.911 680.774 669.209 666.476 662.765 658.193 663.128 659.424 665.255 655.724 649.788 652.41 649.905 648.103 642.644 640.598 642.206 640.346 635.157 633.489 631.402 633.632 627.402 625.415 622.979 620.172 619.936 621.021 621.947 622.681 623.565 624.855 626.284 622.213 615.83 618.477 616.726 615.595 610.543 608.719 610.118 608.074 602.037 600.074 602.123 599.731 598.349 592.486 594.686 592.421 590.892 585.457 583.737 585.748 583.926 578.5 576.659 578.376 581.177 574.372 568.225 570.638 573.548 568.114 567.489 564.175 562.195 561.019 560.609 592.595 787.88 952.049 1084.26 1180.26 1203.94 1208.76 1211.77 1212.88 1215.48 1216.06 1218.82 1221.18 1225.02 1227.41 1229.27 1231.48 1233.95 1235.69 1237.38 1237.51 1240.21 1242.71 1245.1 1245.99 1248.38 1249.47 1250.65 1251.05 1252.1 1252.85 1253.15 1252.76 1252.08 1250.47 1249.62 1247.41 1245.32 1243.55 1241.87 1241.71 1241.77 1244.65 1253.36 1265.41 1282.41 1317.56 1323.45 1321.56 1319.01 1315.89 1312.43 1296.38 1289.77 1285.69 1284.66 1282.61 1279.48 1276.32 1272.84 1268.88 1265.72 1262.88 1261.72 1255.3 1254.48 1253.54 1251.83 1251.97 1250.36 1248.08 1247.79 1247.71 1248.08 1248.43 1249.13 1249.68 1249.58 1249.95 1250.37 1250.91 1251.47 1253.31 1254.59 1253.02 1253.79 1254.7 1255.6 1256.28 1258.69 1259.66 1257.63 1258.25 1259.38 1260.26 1260.83 1262.4 1263.27 1263.76 1261.62 1262.34 1262.74 1262.81 1263.26 1263.9 1264.29 1264.4 1262.29 1262.91 1263.31 1263.54 1263.49 1263.18 1264.81 1265.26 1263.33 1263.87 1264.38 1264.67 1264.88 1265.36 1265.79 1266.16 1266.15 1267.24 1267.36 1267.14 1266.72 1266.15 1268.22 1272.11 1274.64 1267.33 1265.41 1266.18 1263.77 1262.54 1261.37 1260.31 1259.64 1259.11 1258.62 1255.27 1254.05 1252.89 1253.88 1252.89 1251.95 1251.06 1250.09 1249.23 1248.42 1247.62 1246.88 1246.23 1242.45 1240.56 1238.73 1240.7 1238.73 1236.89 1235.01 1233.16 1231.4 1229.75 1228.13 1226.63 1225.19 1223.82 1222.53 1218.64 1216.32 1214.05 1211.85 1213.24 1210.94 1208.76 1206.46 1204.27 1202.13 1200.25 1198.46 1196.76 1194.97 1193.19 1191.43 1189.85 1188.37 1186.93 1183.22 1181 1178.8 1176.76 1174.86 1173.07 1171.3 1172.47 1170.8 1169.2 1167.66 1166.17 1164.68 1163.46 1162.24 1161.06 1159.68 1158.32 1156.96 1155.83 1154.75 1153.68 1152.48 1151.26 1150.03 1148.99 1148.04 1147.11 1146.09 1145.01 1143.93 1142.98 1142.18 1141.39 1140.67 1140.12 1139.57 1138.98 1138.28 1137.59 
        </DataArray>
        <DataArray type="Float64" Name="Tau1" format="ascii">
0 0 0 0 0 0 0 0 0 0 0 0 0 0 0 0 0 0 0 0 0 0 0 0 0 0 0 0 0 0 0 0 0 0 0 0 0 0 0 0 0 0 0 0 0 0 0 0 0 0 0 0 0 0 0 0 0 0 0 0 0 0 0 0 0 0 0 0 0 0 0 0 0 0 0 0 0 0 0 0 0 0 0 0 0 0 0 0 0 0 0 0 0 0 0 0 0 0 0 0 0 0 0 0 0 0 0 0 0 0 0 0 0 0 0 0 0 0 0 0 0 0 0 0 0 0 0 0 0 0 0 0 0 0 0 0 0 0 0 0 0 0 0 0 0 0 0 0 0 0 0 0 0 0 0 0 0 0 0 0 0 0 0 0 0 0 0 0 0 0 0 0 0 0 0 0 0 0 0 0 0 0 0 0 0 0 0 0 0 0 0 0 0 0 0 0 0 0 0 0 0 0 0 0 0 0 0 0 0 0 0 0 0 0 0 0 0 0 0 0 0 0 0 0 0 0 0 0 0 0 0 0 0 0 0 0 0 0 0 0 0 0 0 0 0 0 0 0 0 0 0 0 0 0 0 0 0 0 0 0 0 0 0 0 0 0 0 0 0 0 0 0 0 0 0 0 0 0 0 0 0 0 0 0 0 0 0 0 0 0 0 0 0 0 0 0 0 0 0 0 0 0 0 0 0 0 0 0 0 0 0 0 0 0 0 0 0 0 0 0 0 0 0 0 0 0 0 0 0 0 0 0 0 0 0 0 0 0 0 0 0 0 0 0 0 0 0 0 0 0 0 0 0 0 0 0 0 0 0 0 0 0 0 0 0 0 0 0 0 0 0 0 0 0 0 0 0 0 0 0 0 0 0 0 0 0 0 0 0 0 0 0 0 0 0 0 0 0 0 0 0 0 0 0 0 0 0 0 0 0 0 0 0 0 0 0 0 0 0 0 0 0 0 0 0 0 0 0 0 0 0 0 0 0 0 0 0 0 0 0 0 0 0 0 0 0 0 0 0 0 0 0 0 0 0 0 0 0 0 0 0 0 0 0 0 0 0 0 0 0 0 0 0 0 0 0 0 0 0 0 0 0 0 0 0 0 0 0 0 0 0 0 0 0 0 0 0 0 0 0 0 0 0 0 0 0 0 0 0 0 0 0 0 0 0 0 0 0 0 0 0 0 0 0 0 0 0 0 0 0 0 0 0 0 0 0 0 0 0 0 0 0 0 0 0 0 0 0 0 0 0 0 0 0 0 0 0 0 0 0 0 0 0 0 0 0 0 0 0 0 0 0 0 0 0 0 0 0 0 0 0 0 0 0 0 0 0 0 0 0 0 0 0 0 0 0 0 0 0 0 0 0 0 0 0 0 0 0 0 0 0 0 0 0 0 0 0 0 0 0 0 0 0 0 0 0 0 0 0 0 0 0 0 0 0 0 0 0 0 0 0 0 0 0 0 0 0 0 0 0 0 0 0 0 0 0 0 0 0 0 0 0 0 0 0 0 0 0 0 0 0 0 0 0 0 0 0 0 0 0 0 0 0 0 0 0 0 0 0 0 0 0 0 0 0 0 0 0 0 0 0 0 0 0 0 0 0 0 0 0 0 0 0 0 0 0 0 0 0 0 0 0 0 0 0 0 0 0 0 0 0 0 0 0 0 0 0 0 0 0 0 0 0 0 0 0 0 0 0 0 0 0 0 0 0 0 0 0 0 0 0 0 0 0 0 0 0 0 0 0 0 0 0 0 0 0 0 0 0 0 0 0 0 0 0 0 0 0 0 0 0 0 0 0 0 0 0 0 0 0 0 0 0 0 0 0 0 0 0 0 0 0 0 0 0 0 0 0 0 0 0 0 0 0 0 0 0 0 0 0 0 0 0 0 0 0 0 0 0 0 0 0 0 0 0 0 0 0 0 0 0 0 0 0 0 0 0 0 0 0 0 0 0 0 0 0 0 0 0 0 0 0 0 0 0 0 0 0 0 0 0 0 0 0 0 0 0 0 0 0 0 0 0 0 0 0 0 0 0 0 0 0 0 0 0 0 0 0 0 0 0 0 0 0 0 0 0 0 0 0 0 0 0 0 0 0 0 0 0 0 0 0 0 0 0 0 0 0 0 0 0 0 0 0 0 0 0 0 0 0 0 0 0 0 0 0 0 0 0 0 0 0 0 0 0 0 0 0 0 0 0 0 0 0 0 0 0 0 0 0 0 0 0 0 0 0 0 0 0 0 0 0 0 0 0 0 0 0 0 0 0 0 0 0 0 0 0 0 0 0 0 0 0 0 0 0 0 0 0 0 0 0 0 0 0 0 0 0 0 0 0 0 0 0 0 0 0 0 0 0 0 0 0 0 0 0 0 0 0 0 0 0 0 0 0 0 0 0 0 0 0 0 0 0 0 0 0 0 0 0 0 0 0 0 0 0 0 0 0 0 0 0 0 0 0 0 0 0 0 0 0 0 0 0 0 0 0 0 0 0 0 0 0 0 0 0 0 0 0 0 0 0 0 0 0 0 0 0 0 0 0 0 0 0 0 0 0 0 0 0 0 0 0 0 0 0 0 0 0 0 0 0 0 0 0 0 0 0 0 0 0 0 0 0 0 0 0 0 0 0 0 0 0 0 0 0 0 0 0 0 0 0 0 0 0 0 0 0 0 0 0 0 0 0 0 0 0 0 0 0 0 0 0 0 0 0 0 0 0 0 0 0 0 0 0 0 0 0 0 0 0 0 0 0 0 0 0 0 0 0 0 0 0 0 0 0 0 0 0 0 0 0 0 0 0 0 0 0 0 0 0 0 0 0 0 0 0 0 0 0 0 0 0 0 0 0 0 0 0 0 0 0 0 0 0 0 0 0 0 0 0 0 0 0 0 0 0 0 0 0 0 0 0 0 0 0 0 0 0 0 0 0 0 0 0 0 0 0 0 0 0 0 0 0 0 0 0 0 0 0 0 0 0 0 0 0 0 0 0 0 0 0 0 0 0 0 0 0 0 0 0 0 0 0 0 0 0 0 0 0 0 0 0 0 0 0 0 0 0 0 0 0 0 0 0 0 0 0 0 0 0 0 0 0 0 0 0 0 0 0 0 0 0 0 0 0 0 0 0 0 0 0 0 0 0 0 0 0 0 0 0 0 0 0 0 0 0 0 0 0 0 0 0 0 0 0 0 0 0 0 0 0 0 0 0 0 0 0 0 0 0 0 0 0 0 0 0 0 0 0 0 0 0 0 0 0 0 0 0 0 0 0 0 0 0 0 0 0 0 0 0 0 0 0 0 0 0 0 0 0 0 0 0 0 0 0 0 0 0 0 0 0 0 0 0 0 0 0 0 0 0 0 0 0 0 0 0 0 0 0 0 0 0 0 0 0 0 0 0 0 0 0 0 0 0 0 0 0 0 0 0 0 0 0 0 0 0 0 0 0 0 0 0 0 0 0 0 0 0 0 0 0 0 0 0 0 0 0 0 0 0 0 0 0 0 0 0 0 0 0 0 0 0 0 0 0 0 0 0 0 0 0 0 0 0 0 0 0 0 0 0 0 0 0 0 0 0 0 0 0 0 0 0 0 0 0 0 0 0 0 0 0 0 0 0 0 0 0 0 0 0 0 0 0 0 0 0 0 0 0 0 0 0 0 0 0 0 0 0 0 0 0 0 0 0 0 0 0 0 0 0 0 0 0 0 0 0 0 0 0 0 0 0 0 0 0 0 0 0 0 0 0 0 0 0 0 0 0 0 0 0 0 0 0 0 0 0 0 0 0 0 0 0 0 0 0 0 0 0 0 0 0 0 0 0 0 0 0 0 0 0 0 0 0 0 0 0 0 0 0 0 0 0 0 0 0 0 0 0 0 0 0 0 0 0 0 0 0 0 0 0 0 0 0 0 0 0 0 0 0 0 0 0 0 0 0 0 0 0 0 0 0 0 0 0 0 0 0 0 0 0 0 0 0 0 0 0 0 0 0 0 0 0 0 0 0 0 0 0 0 0 0 0 0 0 0 0 0 0 0 0 0 0 0 0 0 0 0 0 0 0 0 0 0 0 0 0 0 0 0 0 0 0 0 0 0 0 0 0 0 0 0 0 0 0 0 0 0 0 0 0 0 0 0 0 0 0 0 0 0 0 0 0 0 0 0 0 0 0 0 0 0 0 0 0 0 0 0 0 0 0 0 0 0 0 0 0 0 0 0 0 0 0 0 0 0 0 0 0 0 0 0 0 0 0 0 0 0 0 0 0 0 0 0 0 0 0 0 0 0 0 0 0 0 0 0 0 0 0 0 0 0 0 0 0 0 0 0 0 0 0 0 0 0 0 0 0 0 0 0 0 0 0 0 0 0 0 0 0 0 0 0 0 0 0 0 0 0 0 0 0 0 0 0 0 0 0 0 0 0 0 0 0 0 0 0 0 0 0 0 0 0 0 0 0 0 0 0 0 0 0 0 0 0 0 0 0 0 0 0 0 0 0 0 0 0 0 0 0 0 0 0 0 0 0 0 0 0 0 0 
        </DataArray>
        <DataArray type="Float64" Name="Tau2" format="ascii">
0 0 0 0 0 0 0 0 0 0 0 0 0 0 0 0 0 0 0 0 0 0 0 0 0 0 0 0 0 0 0 0 0 0 0 0 0 0 0 0 0 0 0 0 0 0 0 0 0 0 0 0 0 0 0 0 0 0 0 0 0 0 0 0 0 0 0 0 0 0 0 0 0 0 0 0 0 0 0 0 0 0 0 0 0 0 0 0 0 0 0 0 0 0 0 0 0 0 0 0 0 0 0 0 0 0 0 0 0 0 0 0 0 0 0 0 0 0 0 0 0 0 0 0 0 0 0 0 0 0 0 0 0 0 0 0 0 0 0 0 0 0 0 0 0 0 0 0 0 0 0 0 0 0 0 0 0 0 0 0 0 0 0 0 0 0 0 0 0 0 0 0 0 0 0 0 0 0 0 0 0 0 0 0 0 0 0 0 0 0 0 0 0 0 0 0 0 0 0 0 0 0 0 0 0 0 0 0 0 0 0 0 0 0 0 0 0 0 0 0 0 0 0 0 0 0 0 0 0 0 0 0 0 0 0 0 0 0 0 0 0 0 0 0 0 0 0 0 0 0 0 0 0 0 0 0 0 0 0 0 0 0 0 0 0 0 0 0 0 0 0 0 0 0 0 0 0 0 0 0 0 0 0 0 0 0 0 0 0 0 0 0 0 0 0 0 0 0 0 0 0 0 0 0 0 0 0 0 0 0 0 0 0 0 0 0 0 0 0 0 0 0 0 0 0 0 0 0 0 0 0 0 0 0 0 0 0 0 0 0 0 0 0 0 0 0 0 0 0 0 0 0 0 0 0 0 0 0 0 0 0 0 0 0 0 0 0 0 0 0 0 0 0 0 0 0 0 0 0 0 0 0 0 0 0 0 0 0 0 0 0 0 0 0 0 0 0 0 0 0 0 0 0 0 0 0 0 0 0 0 0 0 0 0 0 0 0 0 0 0 0 0 0 0 0 0 0 0 0 0 0 0 0 0 0 0 0 0 0 0 0 0 0 0 0 0 0 0 0 0 0 0 0 0 0 0 0 0 0 0 0 0 0 0 0 0 0 0 0 0 0 0 0 0 0 0 0 0 0 0 0 0 0 0 0 0 0 0 0 0 0 0 0 0 0 0 0 0 0 0 0 0 0 0 0 0 0 0 0 0 0 0 0 0 0 0 0 0 0 0 0 0 0 0 0 0 0 0 0 0 0 0 0 0 0 0 0 0 0 0 0 0 0 0 0 0 0 0 0 0 0 0 0 0 0 0 0 0 0 0 0 0 0 0 0 0 0 0 0 0 0 0 0 0 0 0 0 0 0 0 0 0 0 0 0 0 0 0 0 0 0 0 0 0 0 0 0 0 0 0 0 0 0 0 0 0 0 0 0 0 0 0 0 0 0 0 0 0 0 0 0 0 0 0 0 0 0 0 0 0 0 0 0 0 0 0 0 0 0 0 0 0 0 0 0 0 0 0 0 0 0 0 0 0 0 0 0 0 0 0 0 0 0 0 0 0 0 0 0 0 0 0 0 0 0 0 0 0 0 0 0 0 0 0 0 0 0 0 0 0 0 0 0 0 0 0 0 0 0 0 0 0 0 0 0 0 0 0 0 0 0 0 0 0 0 0 0 0 0 0 0 0 0 0 0 0 0 0 0 0 0 0 0 0 0 0 0 0 0 0 0 0 0 0 0 0 0 0 0 0 0 0 0 0 0 0 0 0 0 0 0 0 0 0 0 0 0 0 0 0 0 0 0 0 0 0 0 0 0 0 0 0 0 0 0 0 0 0 0 0 0 0 0 0 0 0 0 0 0 0 0 0 0 0 0 0 0 0 0 0 0 0 0 0 0 0 0 0 0 0 0 0 0 0 0 0 0 0 0 0 0 0 0 0 0 0 0 0 0 0 0 0 0 0 0 0 0 0 0 0 0 0 0 0 0 0 0 0 0 0 0 0 0 0 0 0 0 0 0 0 0 0 0 0 0 0 0 0 0 0 0 0 0 0 0 0 0 0 0 0 0 0 0 0 0 0 0 0 0 0 0 0 0 0 0 0 0 0 0 0 0 0 0 0 0 0 0 0 0 0 0 0 0 0 0 0 0 0 0 0 0 0 0 0 0 0 0 0 0 0 0 0 0 0 0 0 0 0 0 0 0 0 0 0 0 0 0 0 0 0 0 0 0 0 0 0 0 0 0 0 0 0 0 0 0 0 0 0 0 0 0 0 0 0 0 0 0 0 0 0 0 0 0 0 0 0 0 0 0 0 0 0 0 0 0 0 0 0 0 0 0 0 0 0 0 0 0 0 0 0 0 0 0 0 0 0 0 0 0 0 0 0 0 0 0 0 0 0 0 0 0 0 0 0 0 0 0 0 0 0 0 0 0 0 0 0 0 0 0 0 0 0 0 0 0 0 0 0 0 0 0 0 0 0 0 0 0 0 0 0 0 0 0 0 0 0 0 0 0 0 0 0 0 0 0 0 0 0 0 0 0 0 0 0 0 0 0 0 0 0 0 0 0 0 0 0 0 0 0 0 0 0 0 0 0 0 0 0 0 0 0 0 0 0 0 0 0 0 0 0 0 0 0 0 0 0 0 0 0 0 0 0 0 0 0 0 0 0 0 0 0 0 0 0 0 0 0 0 0 0 0 0 0 0 0 0 0 0 0 0 0 0 0 0 0 0 0 0 0 0 0 0 0 0 0 0 0 0 0 0 0 0 0 0 0 0 0 0 0 0 0 0 0 0 0 0 0 0 0 0 0 0 0 0 0 0 0 0 0 0 0 0 0 0 0 0 0 0 0 0 0 0 0 0 0 0 0 0 0 0 0 0 0 0 0 0 0 0 0 0 0 0 0 0 0 0 0 0 0 0 0 0 0 0 0 0 0 0 0 0 0 0 0 0 0 0 0 0 0 0 0 0 0 0 0 0 0 0 0 0 0 0 0 0 0 0 0 0 0 0 0 0 0 0 0 0 0 0 0 0 0 0 0 0 0 0 0 0 0 0 0 0 0 0 0 0 0 0 0 0 0 0 0 0 0 0 0 0 0 0 0 0 0 0 0 0 0 0 0 0 0 0 0 0 0 0 0 0 0 0 0 0 0 0 0 0 0 0 0 0 0 0 0 0 0 0 0 0 0 0 0 0 0 0 0 0 0 0 0 0 0 0 0 0 0 0 0 0 0 0 0 0 0 0 0 0 0 0 0 0 0 0 0 0 0 0 0 0 0 0 0 0 0 0 0 0 0 0 0 0 0 0 0 0 0 0 0 0 0 0 0 0 0 0 0 0 0 0 0 0 0 0 0 0 0 0 0 0 0 0 0 0 0 0 0 0 0 0 0 0 0 0 0 0 0 0 0 0 0 0 0 0 0 0 0 0 0 0 0 0 0 0 0 0 0 0 0 0 0 0 0 0 0 0 0 0 0 0 0 0 0 0 0 0 0 0 0 0 0 0 0 0 0 0 0 0 0 0 0 0 0 0 0 0 0 0 0 0 0 0 0 0 0 0 0 0 0 0 0 0 0 0 0 0 0 0 0 0 0 0 0 0 0 0 0 0 0 0 0 0 0 0 0 0 0 0 0 0 0 0 0 0 0 0 0 0 0 0 0 0 0 0 0 0 0 0 0 0 0 0 0 0 0 0 0 0 0 0 0 0 0 0 0 0 0 0 0 0 0 0 0 0 0 0 0 0 0 0 0 0 0 0 0 0 0 0 0 0 0 0 0 0 0 0 0 0 0 0 0 0 0 0 0 0 0 0 0 0 0 0 0 0 0 0 0 0 0 0 0 0 0 0 0 0 0 0 0 0 0 0 0 0 0 0 0 0 0 0 0 0 0 0 0 0 0 0 0 0 0 0 0 0 0 0 0 0 0 0 0 0 0 0 0 0 0 0 0 0 0 0 0 0 0 0 0 0 0 0 0 0 0 0 0 0 0 0 0 0 0 0 0 0 0 0 0 0 0 0 0 0 0 0 0 0 0 0 0 0 0 0 0 0 0 0 0 0 0 0 0 0 0 0 0 0 0 0 0 0 0 0 0 0 0 0 0 0 0 0 0 0 0 0 0 0 0 0 0 0 0 0 0 0 0 0 0 0 0 0 0 0 0 0 0 0 0 0 0 0 0 0 0 0 0 0 0 0 0 0 0 0 0 0 0 0 0 0 0 0 0 0 0 0 0 0 0 0 0 0 0 0 0 0 0 0 0 0 0 0 0 0 0 0 0 0 0 0 0 0 0 0 0 0 0 0 0 0 0 0 0 0 0 0 0 0 0 0 0 0 0 0 0 0 0 0 0 0 0 0 0 0 0 0 0 0 0 0 0 0 0 0 0 0 0 0 0 0 0 0 0 0 0 0 0 0 0 0 0 0 0 0 0 0 0 0 0 0 0 0 0 0 0 0 0 0 0 0 0 0 0 0 0 0 0 0 0 0 0 0 0 0 0 0 0 0 0 0 0 0 0 0 0 0 0 0 0 0 0 0 0 0 0 0 0 0 0 0 0 0 0 0 
        </DataArray>
        <DataArray type="Float64" Name="dTdn" format="ascii">
0 0 0 0 0 0 0 0 0 0 0 0 0 0 0 0 0 0 0 0 0 0 0 0 0 0 0 0 0 0 0 0 0 0 0 0 0 0 0 0 0 0 0 0 0 0 0 0 0 0 0 0 0 0 0 0 0 0 0 0 0 0 0 0 0 0 0 0 0 0 0 0 0 0 0 0 0 0 0 0 0 0 0 0 0 0 0 0 0 0 0 0 0 0 0 0 0 0 0 0 0 0 0 0 0 0 0 0 0 0 0 0 0 0 0 0 0 0 0 0 0 0 0 0 0 0 0 0 0 0 0 0 0 0 0 0 0 0 0 0 0 0 0 0 0 0 0 0 0 0 0 0 0 0 0 0 0 0 0 0 0 0 0 0 0 0 0 0 0 0 0 0 0 0 0 0 0 0 0 0 0 0 0 0 0 0 0 0 0 0 0 0 0 0 0 0 0 0 0 0 0 0 0 0 0 0 0 0 0 0 0 0 0 0 0 0 0 0 0 0 0 0 0 0 0 0 0 0 0 0 0 0 0 0 0 0 0 0 0 0 0 0 0 0 0 0 0 0 0 0 0 0 0 0 0 0 0 0 0 0 0 0 0 0 0 0 0 0 0 0 0 0 0 0 0 0 0 0 0 0 0 0 0 0 0 0 0 0 0 0 0 0 0 0 0 0 0 0 0 0 0 0 0 0 0 0 0 0 0 0 0 0 0 0 0 0 0 0 0 0 0 0 0 0 0 0 0 0 0 0 0 0 0 0 0 0 0 0 0 0 0 0 0 0 0 0 0 0 0 0 0 0 0 0 0 0 0 0 0 0 0 0 0 0 0 0 0 0 0 0 0 0 0 0 0 0 0 0 0 0 0 0 0 0 0 0 0 0 0 0 0 0 0 0 0 0 0 0 0 0 0 0 0 0 0 0 0 0 0 0 0 0 0 0 0 0 0 0 0 0 0 0 0 0 0 0 0 0 0 0 0 0 0 0 0 0 0 0 0 0 0 0 0 0 0 0 0 0 0 0 0 0 0 0 0 0 0 0 0 0 0 0 0 0 0 0 0 0 0 0 0 0 0 0 0 0 0 0 0 0 0 0 0 0 0 0 0 0 0 0 0 0 0 0 0 0 0 0 0 0 0 0 0 0 0 0 0 0 0 0 0 0 0 0 0 0 0 0 0 0 0 0 0 0 0 0 0 0 0 0 0 0 0 0 0 0 0 0 0 0 0 0 0 0 0 0 0 0 0 0 0 0 0 0 0 0 0 0 0 0 0 0 0 0 0 0 0 0 0 0 0 0 0 0 0 0 0 0 0 0 0 0 0 0 0 0 0 0 0 0 0 0 0 0 0 0 0 0 0 0 0 0 0 0 0 0 0 0 0 0 0 0 0 0 0 0 0 0 0 0 0 0 0 0 0 0 0 0 0 0 0 0 0 0 0 0 0 0 0 0 0 0 0 0 0 0 0 0 0 0 0 0 0 0 0 0 0 0 0 0 0 0 0 0 0 0 0 0 0 0 0 0 0 0 0 0 0 0 0 0 0 0 0 0 0 0 0 0 0 0 0 0 0 0 0 0 0 0 0 0 0 0 0 0 0 0 0 0 0 0 0 0 0 0 0 0 0 0 0 0 0 0 0 0 0 0 0 0 0 0 0 0 0 0 0 0 0 0 0 0 0 0 0 0 0 0 0 0 0 0 0 0 0 0 0 0 0 0 0 0 0 0 0 0 0 0 0 0 0 0 0 0 0 0 0 0 0 0 0 0 0 0 0 0 0 0 0 0 0 0 0 0 0 0 0 0 0 0 0 0 0 0 0 0 0 0 0 0 0 0 0 0 0 0 0 0 0 0 0 0 0 0 0 0 0 0 0 0 0 0 0 0 0 0 0 0 0 0 0 0 0 0 0 0 0 0 0 0 0 0 0 0 0 0 0 0 0 0 0 0 0 0 0 0 0 0 0 0 0 0 0 0 0 0 0 0 0 0 0 0 0 0 0 0 0 0 0 0 0 0 0 0 0 0 0 0 0 0 0 0 0 0 0 0 0 0 0 0 0 0 0 0 0 0 0 0 0 0 0 0 0 0 0 0 0 0 0 0 0 0 0 0 0 0 0 0 0 0 0 0 0 0 0 0 0 0 0 0 0 0 0 0 0 0 0 0 0 0 0 0 0 0 0 0 0 0 0 0 0 0 0 0 0 0 0 0 0 0 0 0 0 0 0 0 0 0 0 0 0 0 0 0 0 0 0 0 0 0 0 0 0 0 0 0 0 0 0 0 0 0 0 0 0 0 0 0 0 0 0 0 0 0 0 0 0 0 0 0 0 0 0 0 0 0 0 0 0 0 0 0 0 0 0 0 0 0 0 0 0 0 0 0 0 0 0 0 0 0 0 0 0 0 0 0 0 0 0 0 0 0 0 0 0 0 0 0 0 0 0 0 0 0 0 0 0 0 0 0 0 0 0 0 0 0 0 0 0 0 0 0 0 0 0 0 0 0 0 0 0 0 0 0 0 0 0 0 0 0 0 0 0 0 0 0 0 0 0 0 0 0 0 0 0 0 0 0 0 0 0 0 0 0 0 0 0 0 0 0 0 0 0 0 0 0 0 0 0 0 0 0 0 0 0 0 0 0 0 0 0 0 0 0 0 0 0 0 0 0 0 0 0 0 0 0 0 0 0 0 0 0 0 0 0 0 0 0 0 0 0 0 0 0 0 0 0 0 0 0 0 0 0 0 0 0 0 0 0 0 0 0 0 0 0 0 0 0 0 0 0 0 0 0 0 0 0 0 0 0 0 0 0 0 0 0 0 0 0 0 0 0 0 0 0 0 0 0 0 0 0 0 0 0 0 0 0 0 0 0 0 0 0 0 0 0 0 0 0 0 0 0 0 0 0 0 0 0 0 0 0 0 0 0 0 0 0 0 0 0 0 0 0 0 0 0 0 0 0 0 0 0 0 0 0 0 0 0 0 0 0 0 0 0 0 0 0 0 0 0 0 0 0 0 0 0 0 0 0 0 0 0 0 0 0 0 0 0 0 0 0 0 0 0 0 0 0 0 0 0 0 0 0 0 0 0 0 0 0 0 0 0 0 0 0 0 0 0 0 0 0 0 0 0 0 0 0 0 0 0 0 0 0 0 0 0 0 0 0 0 0 0 0 0 0 0 0 0 0 0 0 0 0 0 0 0 0 0 0 0 0 0 0 0 0 0 0 0 0 0 0 0 0 0 0 0 0 0 0 0 0 0 0 0 0 0 0 0 0 0 0 0 0 0 0 0 0 0 0 0 0 0 0 0 0 0 0 0 0 0 0 0 0 0 0 0 0 0 0 0 0 0 0 0 0 0 0 0 0 0 0 0 0 0 0 0 0 0 0 0 0 0 0 0 0 0 0 0 0 0 0 0 0 0 0 0 0 0 0 0 0 0 0 0 0 0 0 0 0 0 0 0 0 0 0 0 0 0 0 0 0 0 0 0 0 0 0 0 0 0 0 0 0 0 0 0 0 0 0 0 0 0 0 0 0 0 0 0 0 0 0 0 0 0 0 0 0 0 0 0 0 0 0 0 0 0 0 0 0 0 0 0 0 0 0 0 0 0 0 0 0 0 0 0 0 0 0 0 0 0 0 0 0 0 0 0 0 0 0 0 0 0 0 0 0 0 0 0 0 0 0 0 0 0 0 0 0 0 0 0 0 0 0 0 0 0 0 0 0 0 0 0 0 0 0 0 0 0 0 0 0 0 0 0 0 0 0 0 0 0 0 0 0 0 0 0 0 0 0 0 0 0 0 0 0 0 0 0 0 0 0 0 0 0 0 0 0 0 0 0 0 0 0 0 0 0 0 0 0 0 0 0 0 0 0 0 0 0 0 0 0 0 0 0 0 0 0 0 0 0 0 0 0 0 0 0 0 0 0 0 0 0 0 0 0 0 0 0 0 0 0 0 0 0 0 0 0 0 0 0 0 0 0 0 0 0 0 0 0 0 0 0 0 0 0 0 0 0 0 0 0 0 0 0 0 0 0 0 0 0 0 0 0 0 0 0 0 0 0 0 0 0 0 0 0 0 0 0 0 0 0 0 0 0 0 0 0 0 0 0 0 0 0 0 0 0 0 0 0 0 0 0 0 0 0 0 0 0 0 0 0 0 0 0 0 0 0 0 0 0 0 0 0 0 0 0 0 0 0 0 0 0 0 0 0 0 0 0 0 0 0 0 0 0 0 0 0 0 0 0 0 0 0 0 0 0 0 0 0 0 0 0 0 0 0 0 0 0 0 0 0 0 0 0 0 0 0 0 0 0 0 0 0 0 0 0 0 0 0 0 0 0 0 0 0 0 0 0 0 0 0 0 0 0 0 0 0 0 0 0 0 0 0 0 0 0 0 0 0 0 0 0 0 0 0 0 0 0 0 0 0 0 0 0 0 0 0 0 0 0 0 0 0 0 0 0 0 0 0 0 0 0 0 0 0 0 0 0 0 0 0 0 0 0 0 0 0 0 0 0 0 0 
        </DataArray>
        <DataArray type="Int32" Name="Rank" format="ascii">
1 1 1 1 1 1 1 1 1 1 1 1 1 1 1 1 1 1 1 1 1 1 1 1 1 1 1 1 1 1 1 1 1 1 1 1 1 1 1 1 1 1 1 1 1 1 1 1 1 1 1 1 1 1 1 1 1 1 1 1 1 1 1 1 1 1 1 1 1 1 1 1 1 1 1 1 1 1 1 1 1 1 1 1 1 1 1 1 1 1 1 1 1 1 1 1 1 1 1 1 1 1 1 1 1 1 1 1 1 1 1 1 1 1 1 1 1 1 1 1 1 1 1 1 1 1 1 1 1 1 1 1 1 1 1 1 1 1 1 1 1 1 1 1 1 1 1 1 1 1 1 1 1 1 1 1 1 1 1 1 1 1 1 1 1 1 1 1 1 1 1 1 1 1 1 1 1 1 1 1 1 1 1 1 1 1 1 1 1 1 1 1 1 1 1 1 1 1 1 1 1 1 1 1 1 1 1 1 1 1 1 1 1 1 1 1 1 1 1 1 1 1 1 1 1 1 1 1 1 1 1 1 1 1 1 1 1 1 1 1 1 1 1 1 1 1 1 1 1 1 1 1 1 1 1 1 1 1 1 1 1 1 1 1 1 1 1 1 1 1 1 1 1 1 1 1 1 1 1 1 1 1 1 1 1 1 1 1 1 1 1 1 1 1 1 1 1 1 1 1 1 1 1 1 1 1 1 1 1 1 1 1 1 1 1 1 1 1 1 1 1 1 1 1 1 1 1 1 1 1 1 1 1 1 1 1 1 1 1 1 1 1 1 1 1 1 1 1 1 1 1 1 1 1 1 1 1 1 1 1 1 1 1 1 1 1 1 1 1 1 1 1 1 1 1 1 1 1 1 1 1 1 1 1 1 1 1 1 1 1 1 1 1 1 1 1 1 1 1 1 1 1 3 3 3 3 3 3 3 3 3 3 3 3 1 1 1 1 1 1 1 1 1 1 1 1 1 1 1 1 1 1 1 1 1 1 1 1 1 1 1 1 1 1 1 1 1 1 1 1 1 1 1 1 1 1 1 1 1 1 1 1 1 1 1 1 1 1 1 1 1 1 1 1 1 1 1 1 1 1 1 1 1 1 1 1 1 1 1 1 1 1 1 1 1 1 1 1 1 1 1 1 1 1 1 1 1 1 1 1 1 1 1 1 1 1 1 1 1 1 1 1 1 1 1 1 1 1 1 1 1 1 1 1 1 1 1 1 1 1 1 1 1 1 1 1 1 1 1 1 1 1 1 1 1 1 1 1 1 1 1 1 1 1 1 1 1 1 1 1 1 1 1 1 1 1 1 1 1 1 1 1 1 1 1 1 1 1 1 1 1 1 1 1 1 1 1 1 1 1 1 1 1 1 1 1 1 1 1 1 1 1 1 1 1 1 1 6 6 6 6 6 6 6 6 6 6 6 6 6 6 6 6 6 6 6 6 6 6 6 6 6 6 6 6 6 6 6 6 6 6 6 6 6 6 6 6 6 6 6 6 6 6 6 6 6 6 6 6 6 6 6 6 6 6 6 6 6 6 6 6 6 6 6 6 6 6 6 6 6 6 6 6 6 6 6 6 6 6 6 6 6 6 6 6 6 6 6 6 6 6 6 6 6 6 6 6 6 6 6 6 6 6 6 6 6 6 6 6 6 6 6 6 6 6 6 6 6 6 6 6 6 6 6 6 6 6 6 6 6 6 6 6 6 6 6 6 6 6 6 6 6 6 6 6 6 6 6 6 6 6 6 6 6 6 6 6 6 6 6 6 6 6 6 6 6 6 6 6 6 6 6 6 6 6 6 6 6 6 6 6 6 6 6 6 6 6 6 6 6 6 6 6 6 6 6 6 6 6 6 6 6 6 6 6 6 6 6 6 6 6 6 6 6 6 6 6 6 6 6 6 6 6 6 6 6 6 6 6 6 6 6 6 6 6 6 6 6 6 6 6 6 6 6 6 6 6 6 6 6 6 6 6 6 6 6 6 6 6 6 6 6 6 6 6 6 6 6 6 6 6 6 6 6 6 6 6 6 6 6 6 6 6 6 6 6 6 6 6 6 6 6 6 6 6 6 6 6 6 6 6 6 6 6 6 6 6 6 6 6 6 6 6 6 6 6 6 6 6 6 6 6 6 6 6 6 6 6 6 6 6 6 6 6 6 6 6 6 6 6 6 6 6 6 6 6 6 6 6 6 6 6 6 6 6 6 6 6 6 6 6 6 6 6 6 6 6 6 6 6 6 6 6 6 6 6 6 6 6 6 6 6 6 6 6 6 6 6 6 6 6 6 6 6 6 6 6 6 6 6 6 6 6 6 6 6 6 6 6 6 6 6 6 6 6 6 6 6 6 6 6 6 6 6 6 6 6 6 6 6 6 6 6 6 6 6 6 6 6 6 6 6 6 6 6 6 6 6 6 6 6 6 6 6 6 6 6 6 6 6 6 6 6 6 6 6 6 6 6 6 6 6 6 6 6 6 6 6 6 6 6 6 6 6 6 6 6 6 6 6 6 6 6 6 6 6 6 6 6 6 6 6 6 6 6 6 6 6 6 6 6 6 6 6 6 6 6 6 6 6 6 6 6 6 6 6 6 6 6 6 6 6 6 6 6 6 6 6 6 6 6 6 6 6 6 6 6 6 6 6 6 6 6 6 6 6 6 6 6 6 6 6 6 6 6 6 6 6 6 6 6 6 6 6 6 6 6 6 6 6 6 6 6 6 6 6 6 6 6 6 6 6 6 6 6 6 6 6 6 6 6 6 6 6 6 6 6 6 6 6 6 6 6 6 6 6 6 6 6 6 6 6 6 6 6 6 6 6 6 6 6 6 6 6 6 6 6 6 6 6 6 6 6 6 6 6 6 6 6 6 6 6 6 6 6 6 6 6 6 6 6 6 6 6 6 6 6 6 6 6 6 6 6 6 6 6 6 6 6 6 6 6 6 6 6 6 6 6 6 6 6 6 6 6 6 6 6 6 6 6 6 6 6 6 6 6 6 6 6 6 6 6 6 6 6 6 6 6 6 6 6 6 6 6 6 6 6 6 6 6 6 6 6 6 6 6 6 6 6 6 6 6 6 6 6 6 6 6 6 6 6 6 6 6 6 6 6 6 6 6 6 6 6 6 6 6 6 6 6 6 6 6 6 6 6 6 6 6 6 6 6 6 6 6 6 6 6 6 6 6 6 6 6 6 6 6 6 6 6 6 6 6 6 6 6 6 6 6 6 6 6 6 6 6 6 6 6 6 6 6 6 6 6 6 6 6 6 6 6 6 6 6 6 6 6 6 6 6 6 6 6 6 6 6 6 6 6 6 6 6 6 6 6 6 6 6 6 6 6 6 6 6 6 6 6 6 6 6 6 6 6 6 6 6 6 6 6 6 6 6 6 6 6 6 6 6 6 6 6 6 6 6 6 6 6 6 6 6 6 6 6 6 6 6 6 6 6 6 6 6 6 6 6 6 6 6 6 6 6 6 6 6 6 6 6 6 6 6 6 6 6 6 6 6 6 6 6 6 6 6 6 6 6 6 6 6 6 6 6 6 6 6 6 6 6 6 6 6 6 6 6 6 6 6 6 6 6 6 6 6 6 6 6 6 6 6 6 6 6 6 6 6 6 6 6 6 6 6 6 6 6 6 6 6 6 6 6 6 6 6 6 6 6 6 6 6 6 6 6 6 6 6 6 6 6 6 6 6 6 6 6 6 6 6 6 6 6 6 6 6 6 6 6 6 6 6 6 6 6 6 6 6 6 6 6 6 6 6 6 6 6 6 6 6 6 6 6 6 6 6 6 6 6 6 6 6 6 6 6 6 6 6 6 6 6 6 1 1 1 1 1 1 1 1 1 1 1 1 1 1 1 1 1 1 1 1 1 1 1 1 1 1 1 1 1 1 1 1 1 1 1 1 1 1 1 1 1 1 1 1 1 1 1 1 1 1 1 1 1 1 1 1 1 1 1 1 1 1 1 1 1 1 1 1 1 1 1 1 1 1 1 1 1 1 1 1 1 1 1 1 1 1 1 1 1 1 1 1 1 1 1 1 1 1 1 1 1 1 1 1 1 1 1 1 1 1 1 1 1 1 1 1 1 1 1 1 1 1 1 1 1 1 1 1 1 1 1 1 1 1 1 1 1 1 1 1 1 1 1 1 1 1 1 1 1 1 1 1 1 1 1 1 1 1 1 1 1 1 1 1 1 1 1 1 1 1 1 1 1 1 1 1 1 1 1 1 1 1 1 1 1 1 1 1 1 1 1 1 1 1 1 1 1 1 1 1 1 1 1 1 1 1 1 1 1 1 1 1 1 1 1 1 1 1 1 1 1 1 1 1 1 1 1 1 1 1 1 1 1 1 1 1 1 1 1 1 1 1 1 1 1 1 1 1 1 1 1 1 1 1 1 1 1 1 1 1 1 1 1 1 1 1 1 1 1 1 1 1 1 1 1 1 1 1 1 1 1 1 1 1 1 1 1 1 1 1 1 1 1 1 1 1 1 1 1 1 1 1 1 1 
        </DataArray>
        <DataArray type="Int32" Name="Level" format="ascii">
4 4 4 4 4 4 4 4 4 4 4 4 4 4 4 4 4 4 4 4 4 4 4 4 4 4 4 4 4 4 4 4 4 4 4 4 4 4 4 4 4 4 4 4 4 4 4 4 4 4 4 4 4 4 4 4 4 4 4 4 4 4 4 4 4 4 4 4 4 4 4 4 4 4 4 4 4 4 4 4 4 4 4 4 4 4 4 4 4 4 4 4 4 4 4 4 4 4 4 4 4 4 4 4 4 4 4 4 4 4 4 4 4 4 4 4 4 4 4 4 4 4 4 4 4 4 4 4 4 4 4 4 4 4 4 4 4 4 4 4 4 4 4 4 4 4 4 4 4 4 4 4 4 4 4 4 4 4 4 4 4 4 4 4 4 4 4 4 4 4 4 4 4 4 4 4 4 4 4 4 4 4 4 4 4 4 4 4 4 4 4 4 4 4 4 4 4 4 4 4 4 4 4 4 4 4 4 4 4 4 4 4 4 4 4 4 4 4 4 4 4 4 4 4 4 4 4 4 4 4 4 4 4 4 4 4 4 4 4 4 4 4 4 4 4 4 4 4 4 4 4 4 4 4 4 4 4 4 4 4 4 4 4 4 4 4 4 4 4 4 4 4 4 4 4 4 4 4 4 4 4 4 4 4 4 4 4 4 4 4 4 4 4 4 4 4 4 4 4 4 4 4 4 4 4 4 4 4 4 4 4 4 4 4 4 4 4 4 4 4 4 4 4 4 4 4 4 4 4 4 4 4 4 4 4 4 4 4 4 4 4 4 4 4 4 4 4 4 4 4 4 4 4 4 4 4 4 4 4 4 4 4 4 4 4 4 4 4 4 4 4 4 4 4 4 4 4 4 4 4 4 4 4 4 4 4 4 4 4 4 4 4 4 4 4 4 4 4 4 4 4 4 3 3 3 3 3 3 3 3 3 3 3 3 4 4 4 4 4 4 4 4 4 4 4 4 4 4 4 4 4 4 4 4 4 4 4 4 4 4 4 4 4 4 4 4 4 4 4 4 4 4 4 4 4 4 4 4 4 4 4 4 4 4 4 4 4 4 4 4 4 4 4 4 4 4 4 4 4 4 4 4 4 4 4 4 4 4 4 4 4 4 4 4 4 4 4 4 4 4 4 4 4 4 4 4 4 4 4 4 4 4 4 4 4 4 4 4 4 4 4 4 4 4 4 4 4 4 4 4 4 4 4 4 4 4 4 4 4 4 4 4 4 4 4 4 4 4 4 4 4 4 4 4 4 4 4 4 4 4 4 4 4 4 4 4 4 4 4 4 4 4 4 4 4 4 4 4 4 4 4 4 4 4 4 4 4 4 4 4 4 4 4 4 4 4 4 4 4 4 4 4 4 4 4 4 4 4 4 4 4 4 4 4 4 4 4 4 4 4 4 4 4 4 4 4 4 4 4 4 4 4 4 4 4 4 4 4 4 4 4 4 4 4 4 4 4 4 4 4 4 4 4 4 4 4 4 4 4 4 4 4 4 4 4 4 4 4 4 4 4 4 4 4 4 4 4 4 4 4 4 4 4 4 4 4 4 4 4 4 4 4 4 4 4 4 4 4 4 4 4 4 4 4 4 4 4 4 4 4 4 4 4 4 4 4 4 4 4 4 4 4 4 4 4 4 4 4 4 4 4 4 4 4 4 4 4 4 4 4 4 4 4 4 4 4 4 4 4 4 4 4 4 4 4 4 4 4 4 4 4 4 4 4 4 4 4 4 4 4 4 4 4 4 4 4 4 4 4 4 4 4 4 4 4 4 4 4 4 4 4 4 4 4 4 4 4 4 4 4 4 4 4 4 4 4 4 4 4 4 4 4 4 4 4 4 4 4 4 4 4 4 4 4 4 4 4 4 4 4 4 4 4 4 4 4 4 4 4 4 4 4 4 4 4 4 4 4 4 4 4 4 4 4 4 4 4 4 4 4 4 4 4 4 4 4 4 4 4 4 4 4 4 4 4 4 4 4 4 4 4 4 4 4 4 4 4 4 4 4 4 4 4 4 4 4 4 4 4 4 4 4 4 4 4 4 4 4 4 4 4 4 4 4 4 4 4 4 4 4 4 4 4 4 4 4 4 4 4 4 4 4 4 4 4 4 4 4 4 4 4 4 4 4 4 4 4 4 4 4 4 4 4 4 4 4 4 4 4 4 4 4 4 4 4 4 4 4 4 4 4 4 4 4 4 4 4 4 4 4 4 4 4 4 4 4 4 4 4 4 4 4 4 4 4 4 4 4 4 4 4 4 4 4 4 4 4 4 4 4 4 4 4 4 4 4 4 4 4 4 4 4 4 4 4 4 4 4 4 4 4 4 4 4 4 4 4 4 4 4 4 4 4 4 4 4 4 4 4 4 4 4 4 4 4 4 4 4 4 4 4 4 4 4 4 4 4 4 4 4 4 4 4 4 4 4 4 4 4 4 4 4 4 4 4 4 4 4 4 4 4 4 4 4 4 4 4 4 4 4 4 4 4 4 4 4 4 4 4 4 4 4 4 4 4 4 4 4 4 4 4 4 4 4 4 4 4 4 4 4 4 4 4 4 4 4 4 4 4 4 4 4 4 4 4 4 4 4 4 4 4 4 4 4 4 4 4 4 4 4 4 4 4 4 4 4 4 4 4 4 4 4 4 4 4 4 4 4 4 4 4 4 4 4 4 4 4 4 4 4 4 4 4 4 4 4 4 4 4 4 4 4 4 4 4 4 4 4 4 4 4 4 4 4 4 4 4 4 4 4 4 4 4 4 4 4 4 4 4 4 4 4 4 4 4 4 4 4 4 4 4 4 4 4 4 4 4 4 4 4 4 4 4 4 4 4 4 4 4 4 4 4 4 4 4 4 4 4 4 4 4 4 4 4 4 4 4 4 4 4 4 4 4 4 4 4 4 4 4 4 4 4 4 4 4 4 4 4 4 4 4 4 4 4 4 4 4 4 4 4 4 4 4 4 4 4 4 4 4 4 4 4 4 4 4 4 4 4 4 4 4 4 4 4 4 4 4 4 4 4 4 4 4 4 4 4 4 4 4 4 4 4 4 4 4 4 4 4 4 4 4 4 4 4 4 4 4 4 4 4 4 4 4 4 4 4 4 4 4 4 4 4 4 4 4 4 4 4 4 4 4 4 4 4 4 4 4 4 4 4 4 4 4 4 4 4 4 4 4 4 4 4 4 4 4 4 4 4 4 4 4 4 4 4 4 4 4 4 4 4 4 4 4 4 4 4 4 4 4 4 4 4 4 4 4 4 4 4 4 4 4 4 4 4 4 4 4 4 4 4 4 4 4 4 4 4 4 4 4 4 4 4 4 4 4 4 4 4 4 4 4 4 4 4 4 4 4 4 4 4 4 4 4 4 4 4 4 4 4 4 4 4 4 4 4 4 4 4 4 4 4 4 4 4 4 4 4 4 4 4 4 4 4 4 4 4 4 4 4 4 4 4 4 4 4 4 4 4 4 4 4 4 4 4 4 4 4 4 4 4 4 4 4 4 4 4 4 4 4 4 4 4 4 4 4 4 4 4 4 4 4 4 4 4 4 4 4 4 4 4 4 4 4 4 4 4 4 4 4 4 4 4 4 4 4 4 4 4 4 4 4 4 4 4 4 4 4 4 4 4 4 4 4 4 4 4 4 4 4 4 4 4 4 4 4 4 4 4 4 4 4 4 4 4 4 4 4 4 4 4 4 4 4 4 4 4 4 4 4 4 4 4 4 4 4 4 4 4 4 4 4 4 4 4 4 4 4 4 4 4 4 4 4 4 4 4 4 4 4 4 4 4 4 4 4 4 4 4 4 4 4 4 4 4 4 4 4 4 4 4 4 4 4 4 4 4 4 4 4 4 4 4 4 4 4 4 4 4 4 4 4 4 4 4 4 4 4 4 4 4 4 4 4 4 4 4 4 4 4 4 4 4 4 4 4 4 4 4 4 4 4 4 4 4 4 4 4 4 4 4 4 4 4 4 4 4 4 4 4 4 4 4 4 4 4 4 4 4 4 4 4 4 4 4 4 4 4 4 4 4 4 4 4 4 4 4 4 4 4 4 4 4 4 4 4 4 4 4 4 4 4 4 4 4 4 4 4 4 4 4 4 4 4 4 4 4 4 4 4 4 4 4 4 4 4 4 4 4 4 4 4 4 4 4 4 4 4 4 4 4 4 4 4 4 4 4 4 4 4 4 4 4 4 4 4 4 4 4 4 4 4 4 4 4 4 4 4 4 4 4 4 4 4 4 4 4 4 4 4 4 4 4 4 4 4 4 4 4 4 4 4 4 4 4 4 4 4 4 4 4 4 4 4 4 4 4 4 4 4 4 4 4 4 4 4 4 4 4 4 4 4 4 4 4 4 4 4 4 4 4 4 4 4 4 4 4 4 4 4 4 4 4 4 4 4 4 4 4 4 4 4 4 4 4 4 4 4 4 4 4 4 4 4 4 4 4 4 4 4 4 4 4 4 4 4 4 4 4 4 4 4 4 4 4 4 4 4 4 4 4 
        </DataArray>
        <DataArray type="Int32" Name="N_Interp_IP0" format="ascii">
4 4 4 4 4 4 4 4 4 4 4 4 4 4 4 4 4 4 4 4 4 4 4 4 4 4 4 4 4 4 4 4 4 4 4 4 4 4 4 4 4 4 4 4 4 4 4 4 4 4 4 4 4 4 4 4 4 4 4 4 4 4 4 4 4 4 4 4 4 4 4 4 4 4 4 4 4 4 4 4 4 4 4 4 4 4 4 4 4 4 4 4 4 4 4 4 4 4 4 4 4 4 4 4 4 4 4 4 4 4 4 4 4 4 4 4 4 4 4 4 4 4 4 4 4 4 4 4 4 4 4 4 4 4 4 4 4 4 4 4 4 4 4 4 4 4 4 4 4 4 4 4 4 4 4 4 4 4 4 4 4 4 4 4 4 4 4 4 4 4 4 4 4 4 4 4 4 4 4 4 4 4 4 4 4 4 4 4 4 4 4 4 4 4 4 4 4 4 4 4 4 4 4 4 4 4 4 4 4 4 4 4 4 4 4 4 4 4 4 4 4 4 4 4 4 4 4 4 4 4 4 4 4 4 4 4 4 4 4 4 4 4 4 4 4 4 4 4 4 4 4 4 4 4 4 4 4 4 4 4 4 4 4 4 4 4 4 4 4 4 4 4 4 4 4 4 4 4 4 4 4 4 4 4 4 4 4 4 4 4 4 4 4 4 4 4 4 4 4 4 4 4 4 4 4 4 4 4 4 4 4 4 4 4 4 4 4 4 4 4 4 4 4 4 4 4 4 4 4 4 4 4 4 4 4 4 4 4 4 4 4 4 4 4 4 4 4 4 4 4 4 4 4 4 4 4 4 4 4 4 4 4 4 4 4 4 4 4 4 4 4 4 4 4 4 4 4 4 4 4 4 4 4 4 4 4 4 4 4 4 4 4 4 4 4 4 4 4 4 4 4 4 4 4 4 4 4 4 4 4 4 4 4 4 4 4 4 4 4 4 4 4 4 4 4 4 4 4 4 4 4 4 4 4 4 4 4 4 4 4 4 4 4 4 4 4 4 4 4 4 4 4 4 4 4 4 4 4 4 4 4 4 4 4 4 4 4 4 4 4 4 4 4 4 4 4 4 4 4 4 4 4 4 4 4 4 4 4 4 4 4 4 4 4 4 4 4 4 4 4 4 4 4 4 4 4 4 4 4 4 4 4 4 4 4 4 4 4 4 4 4 4 4 4 4 4 4 4 4 4 4 4 4 4 4 4 4 4 4 4 4 4 4 4 4 4 4 4 4 4 4 4 4 4 4 4 4 4 4 4 4 4 4 4 4 4 4 4 4 4 4 4 4 4 4 4 4 4 4 4 4 4 4 4 4 4 4 4 4 4 4 4 4 4 4 4 4 4 4 4 4 4 4 4 4 4 4 4 4 4 4 4 4 4 4 4 4 4 4 4 4 4 4 4 4 4 4 4 4 4 4 4 4 4 4 4 4 4 4 4 4 4 4 4 4 4 4 4 4 4 4 4 4 4 4 4 4 4 4 4 4 4 4 4 4 4 4 4 4 4 4 4 4 4 4 4 4 4 4 4 4 4 4 4 4 4 4 4 4 4 4 4 4 4 4 4 4 4 4 4 4 4 4 4 4 4 4 4 4 4 4 4 4 4 4 4 4 4 4 4 4 4 4 4 4 4 4 4 4 4 4 4 4 4 4 4 4 4 4 4 4 4 4 4 4 4 4 4 4 4 4 4 4 4 4 4 4 4 4 4 4 4 4 4 4 4 4 4 4 4 4 4 4 4 4 4 4 4 4 4 4 4 4 4 4 4 4 4 4 4 4 4 4 4 4 4 4 4 4 4 4 4 4 4 4 4 4 4 4 4 4 4 4 4 4 4 4 4 4 4 4 4 4 4 4 4 4 4 4 4 4 4 4 4 4 4 4 4 4 4 4 4 4 4 4 4 4 4 4 4 4 4 4 4 4 4 4 4 4 4 4 4 4 4 4 4 4 4 4 4 4 4 4 4 4 4 4 4 4 4 4 4 4 4 4 4 4 4 4 4 4 4 4 4 4 4 4 4 4 4 4 4 4 4 4 4 4 4 4 4 4 4 4 4 4 4 4 4 4 4 4 4 4 4 4 4 4 4 4 4 4 4 4 4 4 4 4 4 4 4 4 4 4 4 4 4 4 4 4 4 4 4 4 4 4 4 4 4 4 4 4 4 4 4 4 4 4 4 4 4 4 4 4 4 4 4 4 4 4 4 4 4 4 4 4 4 4 4 4 4 4 4 4 4 4 4 4 4 4 4 4 4 4 4 4 4 4 4 4 4 4 4 4 4 4 4 4 4 4 4 4 4 4 4 4 4 4 4 4 4 4 4 4 4 4 4 4 4 4 4 4 4 4 4 4 4 4 4 4 4 4 4 4 4 4 4 4 4 4 4 4 4 4 4 4 4 4 4 4 4 4 4 4 4 4 4 4 4 4 4 4 4 4 4 4 4 4 4 4 4 4 4 4 4 4 4 4 4 4 4 4 4 4 4 4 4 4 4 4 4 4 4 4 4 4 4 4 4 4 4 4 4 4 4 4 4 4 4 4 4 4 4 4 4 4 4 4 4 4 4 4 4 4 4 4 4 4 4 4 4 4 4 4 4 4 4 4 4 4 4 4 4 4 4 4 4 4 4 4 4 4 4 4 4 4 4 4 4 4 4 4 4 4 4 4 4 4 4 4 4 4 4 4 4 4 4 4 4 4 4 4 4 4 4 4 4 4 4 4 4 4 4 4 4 4 4 4 4 4 4 4 4 4 4 4 4 4 4 4 4 4 4 4 4 4 4 4 4 4 4 4 4 4 4 4 4 4 4 4 4 4 4 4 4 4 4 4 4 4 4 4 4 4 4 4 4 4 4 4 4 4 4 4 4 4 4 4 4 4 4 4 4 4 4 4 4 4 4 4 4 4 4 4 4 4 4 4 4 4 4 4 4 4 4 4 4 4 4 4 4 4 4 4 4 4 4 4 4 4 4 4 4 4 4 4 4 4 4 4 4 4 4 4 4 4 4 4 4 4 4 4 4 4 4 4 4 4 4 4 4 4 4 4 4 4 4 4 4 4 4 4 4 4 4 4 4 4 4 4 4 4 4 4 4 4 4 4 4 4 4 4 4 4 4 4 4 4 4 4 4 4 4 4 4 4 4 4 4 4 4 4 4 4 4 4 4 4 4 4 4 4 4 4 4 4 4 4 4 4 4 4 4 4 4 4 4 4 4 4 4 4 4 4 4 4 4 4 4 4 4 4 4 4 4 4 4 4 4 4 4 4 4 4 4 4 4 4 4 4 4 4 4 4 4 4 4 4 4 4 4 4 4 4 4 4 4 4 4 4 4 4 4 4 4 4 4 4 4 4 4 4 4 4 4 4 4 4 4 4 4 4 4 4 4 4 4 4 4 4 4 4 4 4 4 4 4 4 4 4 4 4 4 4 4 4 4 4 4 4 4 4 4 4 4 4 4 4 4 4 4 4 4 4 4 4 4 4 4 4 4 4 4 4 4 4 4 4 4 4 4 4 4 4 4 4 4 4 4 4 4 4 4 4 4 4 4 4 4 4 4 4 4 4 4 4 4 4 4 4 4 4 4 4 4 4 4 4 4 4 4 4 4 4 4 4 4 4 4 4 4 4 4 4 4 4 4 4 4 4 4 4 4 4 4 4 4 4 4 4 4 4 4 4 4 4 4 4 4 4 4 4 4 4 4 4 4 4 4 4 4 4 4 4 4 4 4 4 4 4 4 4 4 4 4 4 4 4 4 4 4 4 4 4 4 4 4 4 4 4 4 4 4 4 4 4 4 4 4 4 4 4 4 4 4 4 4 4 4 4 4 4 4 4 4 4 4 4 4 4 4 4 4 4 4 4 4 4 4 4 4 4 4 4 4 4 4 4 4 4 4 4 4 4 4 4 4 4 4 4 4 4 4 4 4 4 4 4 4 4 4 4 4 4 4 4 4 4 4 4 4 4 4 4 4 4 4 4 4 4 4 4 4 4 4 4 4 4 4 4 4 4 4 4 4 4 4 4 4 4 4 4 4 4 4 4 4 4 4 4 4 4 4 4 4 4 4 4 4 4 4 4 4 4 4 4 4 4 4 4 4 4 4 4 4 4 4 4 4 4 4 4 4 4 4 4 4 4 4 4 4 4 4 4 4 4 4 4 4 4 4 4 4 4 4 4 4 4 4 4 4 4 4 4 4 4 4 4 4 4 4 4 4 4 4 4 4 4 4 4 4 4 4 4 4 4 4 4 4 4 4 4 4 4 4 4 4 4 4 4 4 4 4 4 4 4 4 4 4 4 4 4 4 4 4 4 4 4 4 4 4 4 4 4 4 4 4 4 4 4 4 4 4 4 4 4 4 4 4 4 4 4 4 4 4 4 4 4 4 4 4 4 4 4 4 4 4 4 4 4 4 4 4 4 4 4 4 4 4 4 4 4 4 4 4 4 4 4 4 4 4 4 4 4 4 4 4 4 4 4 4 4 4 4 4 4 4 4 4 4 4 
        </DataArray>
      </CellData>
    </Piece>
  </PolyData>
</VTKFile>
