<?xml version="1.0"?>
<VTKFile type="PolyData" version="1.0" byte_order="LittleEndian" header_type="UInt64">
  <PolyData>
    <Piece NumberOfPoints="2000" NumberOfPolys="2000">
      <Points>
        <DataArray type="Float64" Name="Points" NumberOfComponents="3" format="ascii">
0.6 0.5 0.0 0.599999 0.500314 0.0 0.599998 0.500628 0.0 0.599995 0.500942 0.0 0.599992 0.501257 0.0 0.599987 0.501571 0.0 0.599982 0.501885 0.0 0.599975 0.502199 0.0 0.599968 0.502513 0.0 0.59996 0.502827 0.0 0.599951 0.503141 0.0 0.59994 0.503455 0.0 0.599929 0.503769 0.0 0.599916 0.504083 0.0 0.599903 0.504397 0.0 0.599888 0.504711 0.0 0.599874 0.505024 0.0 0.599857 0.505338 0.0 0.59984 0.505652 0.0 0.599821 0.505965 0.0 0.599803 0.506279 0.0 0.599782 0.506593 0.0 0.599761 0.506906 0.0 0.599739 0.507219 0.0 0.599716 0.507533 0.0 0.599691 0.507846 0.0 0.599667 0.508159 0.0 0.59964 0.508472 0.0 0.599613 0.508785 0.0 0.599585 0.509098 0.0 0.599556 0.509411 0.0 0.599526 0.509724 0.0 0.599495 0.510036 0.0 0.599463 0.510349 0.0 0.59943 0.510661 0.0 0.599396 0.510973 0.0 0.599361 0.511286 0.0 0.599325 0.511598 0.0 0.599288 0.51191 0.0 0.59925 0.512222 0.0 0.599211 0.512533 0.0 0.599171 0.512845 0.0 0.599131 0.513156 0.0 0.599088 0.513468 0.0 0.599046 0.513779 0.0 0.599002 0.51409 0.0 0.598958 0.514401 0.0 0.598911 0.514712 0.0 0.598865 0.515023 0.0 0.598817 0.515333 0.0 0.598769 0.515643 0.0 0.598719 0.515954 0.0 0.598669 0.516264 0.0 0.598617 0.516574 0.0 0.598564 0.516883 0.0 0.59851 0.517193 0.0 0.598456 0.517502 0.0 0.5984 0.517811 0.0 0.598345 0.518121 0.0 0.598287 0.518429 0.0 0.598229 0.518738 0.0 0.598169 0.519047 0.0 0.598109 0.519355 0.0 0.598047 0.519663 0.0 0.597986 0.519971 0.0 0.597922 0.520279 0.0 0.597858 0.520586 0.0 0.597792 0.520893 0.0 0.597727 0.521201 0.0 0.597659 0.521508 0.0 0.597592 0.521814 0.0 0.597522 0.522121 0.0 0.597453 0.522427 0.0 0.597381 0.522733 0.0 0.59731 0.523039 0.0 0.597237 0.523344 0.0 0.597163 0.52365 0.0 0.597088 0.523955 0.0 0.597013 0.52426 0.0 0.596935 0.524564 0.0 0.596858 0.524869 0.0 0.596779 0.525173 0.0 0.5967 0.525477 0.0 0.596619 0.525781 0.0 0.596538 0.526084 0.0 0.596455 0.526387 0.0 0.596372 0.52669 0.0 0.596288 0.526993 0.0 0.596203 0.527295 0.0 0.596116 0.527597 0.0 0.596029 0.527899 0.0 0.595941 0.528201 0.0 0.595852 0.528502 0.0 0.595762 0.528803 0.0 0.595671 0.529104 0.0 0.595579 0.529404 0.0 0.595486 0.529704 0.0 0.595392 0.530004 0.0 0.595298 0.530304 0.0 0.595202 0.530603 0.0 0.595106 0.530902 0.0 0.595008 0.5312 0.0 0.59491 0.531499 0.0 0.59481 0.531797 0.0 0.59471 0.532094 0.0 0.594608 0.532392 0.0 0.594506 0.532689 0.0 0.594403 0.532985 0.0 0.594299 0.533282 0.0 0.594194 0.533578 0.0 0.594088 0.533874 0.0 0.593981 0.534169 0.0 0.593873 0.534464 0.0 0.593764 0.534759 0.0 0.593655 0.535053 0.0 0.593544 0.535347 0.0 0.593433 0.535641 0.0 0.59332 0.535934 0.0 0.593207 0.536228 0.0 0.593092 0.53652 0.0 0.592978 0.536812 0.0 0.592861 0.537104 0.0 0.592745 0.537396 0.0 0.592626 0.537687 0.0 0.592508 0.537978 0.0 0.592387 0.538268 0.0 0.592267 0.538558 0.0 0.592145 0.538848 0.0 0.592023 0.539137 0.0 0.591899 0.539426 0.0 0.591775 0.539715 0.0 0.59165 0.540003 0.0 0.591524 0.540291 0.0 0.591397 0.540578 0.0 0.591269 0.540865 0.0 0.59114 0.541151 0.0 0.591011 0.541438 0.0 0.59088 0.541723 0.0 0.590748 0.542009 0.0 0.590616 0.542293 0.0 0.590483 0.542578 0.0 0.590348 0.542862 0.0 0.590213 0.543146 0.0 0.590077 0.543429 0.0 0.589941 0.543712 0.0 0.589802 0.543994 0.0 0.589664 0.544276 0.0 0.589524 0.544557 0.0 0.589384 0.544838 0.0 0.589242 0.545119 0.0 0.589101 0.545399 0.0 0.588957 0.545679 0.0 0.588814 0.545958 0.0 0.588668 0.546237 0.0 0.588523 0.546515 0.0 0.588376 0.546793 0.0 0.588229 0.54707 0.0 0.58808 0.547347 0.0 0.587932 0.547624 0.0 0.587781 0.5479 0.0 0.587631 0.548175 0.0 0.587478 0.54845 0.0 0.587326 0.548725 0.0 0.587172 0.548999 0.0 0.587018 0.549273 0.0 0.586863 0.549546 0.0 0.586707 0.549819 0.0 0.58655 0.55009 0.0 0.586392 0.550362 0.0 0.586233 0.550633 0.0 0.586074 0.550904 0.0 0.585913 0.551174 0.0 0.585753 0.551444 0.0 0.58559 0.551713 0.0 0.585428 0.551982 0.0 0.585264 0.55225 0.0 0.585099 0.552517 0.0 0.584934 0.552784 0.0 0.584768 0.553051 0.0 0.5846 0.553317 0.0 0.584433 0.553583 0.0 0.584264 0.553847 0.0 0.584094 0.554112 0.0 0.583924 0.554376 0.0 0.583753 0.554639 0.0 0.58358 0.554902 0.0 0.583408 0.555165 0.0 0.583234 0.555426 0.0 0.58306 0.555688 0.0 0.582884 0.555948 0.0 0.582708 0.556208 0.0 0.582531 0.556468 0.0 0.582353 0.556727 0.0 0.582174 0.556985 0.0 0.581995 0.557243 0.0 0.581815 0.5575 0.0 0.581634 0.557757 0.0 0.581452 0.558013 0.0 0.581269 0.558269 0.0 0.581086 0.558524 0.0 0.580902 0.558779 0.0 0.580716 0.559032 0.0 0.580531 0.559286 0.0 0.580344 0.559538 0.0 0.580157 0.55979 0.0 0.579968 0.560042 0.0 0.579779 0.560293 0.0 0.579589 0.560543 0.0 0.579399 0.560793 0.0 0.579207 0.561042 0.0 0.579016 0.561291 0.0 0.578822 0.561538 0.0 0.578629 0.561786 0.0 0.578434 0.562032 0.0 0.578239 0.562279 0.0 0.578043 0.562524 0.0 0.577846 0.562769 0.0 0.577648 0.563013 0.0 0.57745 0.563257 0.0 0.577251 0.5635 0.0 0.577051 0.563742 0.0 0.57685 0.563984 0.0 0.576649 0.564225 0.0 0.576447 0.564465 0.0 0.576244 0.564706 0.0 0.57604 0.564944 0.0 0.575836 0.565183 0.0 0.575631 0.565421 0.0 0.575425 0.565659 0.0 0.575218 0.565895 0.0 0.575011 0.566131 0.0 0.574803 0.566366 0.0 0.574594 0.566601 0.0 0.574384 0.566835 0.0 0.574174 0.567069 0.0 0.573963 0.567301 0.0 0.573751 0.567533 0.0 0.573538 0.567764 0.0 0.573326 0.567995 0.0 0.573111 0.568225 0.0 0.572897 0.568455 0.0 0.572681 0.568683 0.0 0.572465 0.568911 0.0 0.572248 0.569138 0.0 0.572031 0.569365 0.0 0.571812 0.569591 0.0 0.571594 0.569817 0.0 0.571374 0.570041 0.0 0.571154 0.570265 0.0 0.570932 0.570488 0.0 0.570711 0.570711 0.0 0.570488 0.570932 0.0 0.570265 0.571154 0.0 0.570041 0.571374 0.0 0.569817 0.571594 0.0 0.569591 0.571812 0.0 0.569365 0.572031 0.0 0.569138 0.572248 0.0 0.568911 0.572465 0.0 0.568683 0.572681 0.0 0.568455 0.572897 0.0 0.568225 0.573111 0.0 0.567995 0.573326 0.0 0.567764 0.573538 0.0 0.567533 0.573751 0.0 0.567301 0.573963 0.0 0.567069 0.574174 0.0 0.566835 0.574384 0.0 0.566601 0.574594 0.0 0.566366 0.574803 0.0 0.566131 0.575011 0.0 0.565895 0.575218 0.0 0.565659 0.575425 0.0 0.565421 0.575631 0.0 0.565183 0.575836 0.0 0.564944 0.57604 0.0 0.564706 0.576244 0.0 0.564465 0.576447 0.0 0.564225 0.576649 0.0 0.563984 0.57685 0.0 0.563742 0.577051 0.0 0.5635 0.577251 0.0 0.563257 0.57745 0.0 0.563013 0.577648 0.0 0.562769 0.577846 0.0 0.562524 0.578043 0.0 0.562279 0.578239 0.0 0.562032 0.578434 0.0 0.561786 0.578629 0.0 0.561538 0.578822 0.0 0.561291 0.579016 0.0 0.561042 0.579207 0.0 0.560793 0.579399 0.0 0.560543 0.579589 0.0 0.560293 0.579779 0.0 0.560042 0.579968 0.0 0.55979 0.580157 0.0 0.559538 0.580344 0.0 0.559286 0.580531 0.0 0.559032 0.580716 0.0 0.558779 0.580902 0.0 0.558524 0.581086 0.0 0.558269 0.581269 0.0 0.558013 0.581452 0.0 0.557757 0.581634 0.0 0.5575 0.581815 0.0 0.557243 0.581995 0.0 0.556985 0.582174 0.0 0.556727 0.582353 0.0 0.556468 0.582531 0.0 0.556208 0.582708 0.0 0.555948 0.582884 0.0 0.555688 0.58306 0.0 0.555426 0.583234 0.0 0.555165 0.583408 0.0 0.554902 0.58358 0.0 0.554639 0.583753 0.0 0.554376 0.583924 0.0 0.554112 0.584094 0.0 0.553847 0.584264 0.0 0.553583 0.584433 0.0 0.553317 0.5846 0.0 0.553051 0.584768 0.0 0.552784 0.584934 0.0 0.552517 0.585099 0.0 0.55225 0.585264 0.0 0.551982 0.585428 0.0 0.551713 0.58559 0.0 0.551444 0.585753 0.0 0.551174 0.585913 0.0 0.550904 0.586074 0.0 0.550633 0.586233 0.0 0.550362 0.586392 0.0 0.55009 0.58655 0.0 0.549819 0.586707 0.0 0.549546 0.586863 0.0 0.549273 0.587018 0.0 0.548999 0.587172 0.0 0.548725 0.587326 0.0 0.54845 0.587478 0.0 0.548175 0.587631 0.0 0.5479 0.587781 0.0 0.547624 0.587932 0.0 0.547347 0.58808 0.0 0.54707 0.588229 0.0 0.546793 0.588376 0.0 0.546515 0.588523 0.0 0.546237 0.588668 0.0 0.545958 0.588814 0.0 0.545679 0.588957 0.0 0.545399 0.589101 0.0 0.545119 0.589242 0.0 0.544838 0.589384 0.0 0.544557 0.589524 0.0 0.544276 0.589664 0.0 0.543994 0.589802 0.0 0.543712 0.589941 0.0 0.543429 0.590077 0.0 0.543146 0.590213 0.0 0.542862 0.590348 0.0 0.542578 0.590483 0.0 0.542293 0.590616 0.0 0.542009 0.590748 0.0 0.541723 0.59088 0.0 0.541438 0.591011 0.0 0.541151 0.59114 0.0 0.540865 0.591269 0.0 0.540578 0.591397 0.0 0.540291 0.591524 0.0 0.540003 0.59165 0.0 0.539715 0.591775 0.0 0.539426 0.591899 0.0 0.539137 0.592023 0.0 0.538848 0.592145 0.0 0.538558 0.592267 0.0 0.538268 0.592387 0.0 0.537978 0.592508 0.0 0.537687 0.592626 0.0 0.537396 0.592745 0.0 0.537104 0.592861 0.0 0.536812 0.592978 0.0 0.53652 0.593092 0.0 0.536228 0.593207 0.0 0.535934 0.59332 0.0 0.535641 0.593433 0.0 0.535347 0.593544 0.0 0.535053 0.593655 0.0 0.534759 0.593764 0.0 0.534464 0.593873 0.0 0.534169 0.593981 0.0 0.533874 0.594088 0.0 0.533578 0.594194 0.0 0.533282 0.594299 0.0 0.532985 0.594403 0.0 0.532689 0.594506 0.0 0.532392 0.594608 0.0 0.532094 0.59471 0.0 0.531797 0.59481 0.0 0.531499 0.59491 0.0 0.5312 0.595008 0.0 0.530902 0.595106 0.0 0.530603 0.595202 0.0 0.530304 0.595298 0.0 0.530004 0.595392 0.0 0.529704 0.595486 0.0 0.529404 0.595579 0.0 0.529104 0.595671 0.0 0.528803 0.595762 0.0 0.528502 0.595852 0.0 0.528201 0.595941 0.0 0.527899 0.596029 0.0 0.527597 0.596116 0.0 0.527295 0.596203 0.0 0.526993 0.596288 0.0 0.52669 0.596372 0.0 0.526387 0.596455 0.0 0.526084 0.596538 0.0 0.525781 0.596619 0.0 0.525477 0.5967 0.0 0.525173 0.596779 0.0 0.524869 0.596858 0.0 0.524564 0.596935 0.0 0.52426 0.597013 0.0 0.523955 0.597088 0.0 0.52365 0.597163 0.0 0.523344 0.597237 0.0 0.523039 0.59731 0.0 0.522733 0.597381 0.0 0.522427 0.597453 0.0 0.522121 0.597522 0.0 0.521814 0.597592 0.0 0.521508 0.597659 0.0 0.521201 0.597727 0.0 0.520893 0.597792 0.0 0.520586 0.597858 0.0 0.520279 0.597922 0.0 0.519971 0.597986 0.0 0.519663 0.598047 0.0 0.519355 0.598109 0.0 0.519047 0.598169 0.0 0.518738 0.598229 0.0 0.518429 0.598287 0.0 0.518121 0.598345 0.0 0.517811 0.5984 0.0 0.517502 0.598456 0.0 0.517193 0.59851 0.0 0.516883 0.598564 0.0 0.516574 0.598617 0.0 0.516264 0.598669 0.0 0.515954 0.598719 0.0 0.515643 0.598769 0.0 0.515333 0.598817 0.0 0.515023 0.598865 0.0 0.514712 0.598911 0.0 0.514401 0.598958 0.0 0.51409 0.599002 0.0 0.513779 0.599046 0.0 0.513468 0.599088 0.0 0.513156 0.599131 0.0 0.512845 0.599171 0.0 0.512533 0.599211 0.0 0.512222 0.59925 0.0 0.51191 0.599288 0.0 0.511598 0.599325 0.0 0.511286 0.599361 0.0 0.510973 0.599396 0.0 0.510661 0.59943 0.0 0.510349 0.599463 0.0 0.510036 0.599495 0.0 0.509724 0.599526 0.0 0.509411 0.599556 0.0 0.509098 0.599585 0.0 0.508785 0.599613 0.0 0.508472 0.59964 0.0 0.508159 0.599667 0.0 0.507846 0.599691 0.0 0.507533 0.599716 0.0 0.507219 0.599739 0.0 0.506906 0.599761 0.0 0.506593 0.599782 0.0 0.506279 0.599803 0.0 0.505965 0.599821 0.0 0.505652 0.59984 0.0 0.505338 0.599857 0.0 0.505024 0.599874 0.0 0.504711 0.599888 0.0 0.504397 0.599903 0.0 0.504083 0.599916 0.0 0.503769 0.599929 0.0 0.503455 0.59994 0.0 0.503141 0.599951 0.0 0.502827 0.59996 0.0 0.502513 0.599968 0.0 0.502199 0.599975 0.0 0.501885 0.599982 0.0 0.501571 0.599987 0.0 0.501257 0.599992 0.0 0.500942 0.599995 0.0 0.500628 0.599998 0.0 0.500314 0.599999 0.0 0.5 0.6 0.0 0.499686 0.599999 0.0 0.499372 0.599998 0.0 0.499058 0.599995 0.0 0.498743 0.599992 0.0 0.498429 0.599987 0.0 0.498115 0.599982 0.0 0.497801 0.599975 0.0 0.497487 0.599968 0.0 0.497173 0.59996 0.0 0.496859 0.599951 0.0 0.496545 0.59994 0.0 0.496231 0.599929 0.0 0.495917 0.599916 0.0 0.495603 0.599903 0.0 0.495289 0.599888 0.0 0.494976 0.599874 0.0 0.494662 0.599857 0.0 0.494348 0.59984 0.0 0.494035 0.599821 0.0 0.493721 0.599803 0.0 0.493407 0.599782 0.0 0.493094 0.599761 0.0 0.492781 0.599739 0.0 0.492467 0.599716 0.0 0.492154 0.599691 0.0 0.491841 0.599667 0.0 0.491528 0.59964 0.0 0.491215 0.599613 0.0 0.490902 0.599585 0.0 0.490589 0.599556 0.0 0.490276 0.599526 0.0 0.489964 0.599495 0.0 0.489651 0.599463 0.0 0.489339 0.59943 0.0 0.489027 0.599396 0.0 0.488714 0.599361 0.0 0.488402 0.599325 0.0 0.48809 0.599288 0.0 0.487778 0.59925 0.0 0.487467 0.599211 0.0 0.487155 0.599171 0.0 0.486844 0.599131 0.0 0.486532 0.599088 0.0 0.486221 0.599046 0.0 0.48591 0.599002 0.0 0.485599 0.598958 0.0 0.485288 0.598911 0.0 0.484977 0.598865 0.0 0.484667 0.598817 0.0 0.484357 0.598769 0.0 0.484046 0.598719 0.0 0.483736 0.598669 0.0 0.483426 0.598617 0.0 0.483117 0.598564 0.0 0.482807 0.59851 0.0 0.482498 0.598456 0.0 0.482189 0.5984 0.0 0.481879 0.598345 0.0 0.481571 0.598287 0.0 0.481262 0.598229 0.0 0.480953 0.598169 0.0 0.480645 0.598109 0.0 0.480337 0.598047 0.0 0.480029 0.597986 0.0 0.479721 0.597922 0.0 0.479414 0.597858 0.0 0.479107 0.597792 0.0 0.478799 0.597727 0.0 0.478492 0.597659 0.0 0.478186 0.597592 0.0 0.477879 0.597522 0.0 0.477573 0.597453 0.0 0.477267 0.597381 0.0 0.476961 0.59731 0.0 0.476656 0.597237 0.0 0.47635 0.597163 0.0 0.476045 0.597088 0.0 0.47574 0.597013 0.0 0.475436 0.596935 0.0 0.475131 0.596858 0.0 0.474827 0.596779 0.0 0.474523 0.5967 0.0 0.474219 0.596619 0.0 0.473916 0.596538 0.0 0.473613 0.596455 0.0 0.47331 0.596372 0.0 0.473007 0.596288 0.0 0.472705 0.596203 0.0 0.472403 0.596116 0.0 0.472101 0.596029 0.0 0.471799 0.595941 0.0 0.471498 0.595852 0.0 0.471197 0.595762 0.0 0.470896 0.595671 0.0 0.470596 0.595579 0.0 0.470296 0.595486 0.0 0.469996 0.595392 0.0 0.469696 0.595298 0.0 0.469397 0.595202 0.0 0.469098 0.595106 0.0 0.4688 0.595008 0.0 0.468501 0.59491 0.0 0.468203 0.59481 0.0 0.467906 0.59471 0.0 0.467608 0.594608 0.0 0.467311 0.594506 0.0 0.467015 0.594403 0.0 0.466718 0.594299 0.0 0.466422 0.594194 0.0 0.466126 0.594088 0.0 0.465831 0.593981 0.0 0.465536 0.593873 0.0 0.465241 0.593764 0.0 0.464947 0.593655 0.0 0.464653 0.593544 0.0 0.464359 0.593433 0.0 0.464066 0.59332 0.0 0.463772 0.593207 0.0 0.46348 0.593092 0.0 0.463188 0.592978 0.0 0.462896 0.592861 0.0 0.462604 0.592745 0.0 0.462313 0.592626 0.0 0.462022 0.592508 0.0 0.461732 0.592387 0.0 0.461442 0.592267 0.0 0.461152 0.592145 0.0 0.460863 0.592023 0.0 0.460574 0.591899 0.0 0.460285 0.591775 0.0 0.459997 0.59165 0.0 0.459709 0.591524 0.0 0.459422 0.591397 0.0 0.459135 0.591269 0.0 0.458849 0.59114 0.0 0.458562 0.591011 0.0 0.458277 0.59088 0.0 0.457991 0.590748 0.0 0.457707 0.590616 0.0 0.457422 0.590483 0.0 0.457138 0.590348 0.0 0.456854 0.590213 0.0 0.456571 0.590077 0.0 0.456288 0.589941 0.0 0.456006 0.589802 0.0 0.455724 0.589664 0.0 0.455443 0.589524 0.0 0.455162 0.589384 0.0 0.454881 0.589242 0.0 0.454601 0.589101 0.0 0.454321 0.588957 0.0 0.454042 0.588814 0.0 0.453763 0.588668 0.0 0.453485 0.588523 0.0 0.453207 0.588376 0.0 0.45293 0.588229 0.0 0.452653 0.58808 0.0 0.452376 0.587932 0.0 0.4521 0.587781 0.0 0.451825 0.587631 0.0 0.45155 0.587478 0.0 0.451275 0.587326 0.0 0.451001 0.587172 0.0 0.450727 0.587018 0.0 0.450454 0.586863 0.0 0.450181 0.586707 0.0 0.44991 0.58655 0.0 0.449638 0.586392 0.0 0.449367 0.586233 0.0 0.449096 0.586074 0.0 0.448826 0.585913 0.0 0.448556 0.585753 0.0 0.448287 0.58559 0.0 0.448018 0.585428 0.0 0.44775 0.585264 0.0 0.447483 0.585099 0.0 0.447216 0.584934 0.0 0.446949 0.584768 0.0 0.446683 0.5846 0.0 0.446417 0.584433 0.0 0.446153 0.584264 0.0 0.445888 0.584094 0.0 0.445624 0.583924 0.0 0.445361 0.583753 0.0 0.445098 0.58358 0.0 0.444835 0.583408 0.0 0.444574 0.583234 0.0 0.444312 0.58306 0.0 0.444052 0.582884 0.0 0.443792 0.582708 0.0 0.443532 0.582531 0.0 0.443273 0.582353 0.0 0.443015 0.582174 0.0 0.442757 0.581995 0.0 0.4425 0.581815 0.0 0.442243 0.581634 0.0 0.441987 0.581452 0.0 0.441731 0.581269 0.0 0.441476 0.581086 0.0 0.441221 0.580902 0.0 0.440968 0.580716 0.0 0.440714 0.580531 0.0 0.440462 0.580344 0.0 0.44021 0.580157 0.0 0.439958 0.579968 0.0 0.439707 0.579779 0.0 0.439457 0.579589 0.0 0.439207 0.579399 0.0 0.438958 0.579207 0.0 0.438709 0.579016 0.0 0.438462 0.578822 0.0 0.438214 0.578629 0.0 0.437968 0.578434 0.0 0.437721 0.578239 0.0 0.437476 0.578043 0.0 0.437231 0.577846 0.0 0.436987 0.577648 0.0 0.436743 0.57745 0.0 0.4365 0.577251 0.0 0.436258 0.577051 0.0 0.436016 0.57685 0.0 0.435775 0.576649 0.0 0.435535 0.576447 0.0 0.435294 0.576244 0.0 0.435056 0.57604 0.0 0.434817 0.575836 0.0 0.434579 0.575631 0.0 0.434341 0.575425 0.0 0.434105 0.575218 0.0 0.433869 0.575011 0.0 0.433634 0.574803 0.0 0.433399 0.574594 0.0 0.433165 0.574384 0.0 0.432931 0.574174 0.0 0.432699 0.573963 0.0 0.432467 0.573751 0.0 0.432236 0.573538 0.0 0.432005 0.573326 0.0 0.431775 0.573111 0.0 0.431545 0.572897 0.0 0.431317 0.572681 0.0 0.431089 0.572465 0.0 0.430862 0.572248 0.0 0.430635 0.572031 0.0 0.430409 0.571812 0.0 0.430183 0.571594 0.0 0.429959 0.571374 0.0 0.429735 0.571154 0.0 0.429512 0.570932 0.0 0.429289 0.570711 0.0 0.429068 0.570488 0.0 0.428846 0.570265 0.0 0.428626 0.570041 0.0 0.428406 0.569817 0.0 0.428188 0.569591 0.0 0.427969 0.569365 0.0 0.427752 0.569138 0.0 0.427535 0.568911 0.0 0.427319 0.568683 0.0 0.427103 0.568455 0.0 0.426889 0.568225 0.0 0.426674 0.567995 0.0 0.426462 0.567764 0.0 0.426249 0.567533 0.0 0.426037 0.567301 0.0 0.425826 0.567069 0.0 0.425616 0.566835 0.0 0.425406 0.566601 0.0 0.425197 0.566366 0.0 0.424989 0.566131 0.0 0.424782 0.565895 0.0 0.424575 0.565659 0.0 0.424369 0.565421 0.0 0.424164 0.565183 0.0 0.42396 0.564944 0.0 0.423756 0.564706 0.0 0.423553 0.564465 0.0 0.423351 0.564225 0.0 0.42315 0.563984 0.0 0.422949 0.563742 0.0 0.422749 0.5635 0.0 0.42255 0.563257 0.0 0.422352 0.563013 0.0 0.422154 0.562769 0.0 0.421957 0.562524 0.0 0.421761 0.562279 0.0 0.421566 0.562032 0.0 0.421371 0.561786 0.0 0.421178 0.561538 0.0 0.420984 0.561291 0.0 0.420793 0.561042 0.0 0.420601 0.560793 0.0 0.420411 0.560543 0.0 0.420221 0.560293 0.0 0.420032 0.560042 0.0 0.419843 0.55979 0.0 0.419656 0.559538 0.0 0.419469 0.559286 0.0 0.419284 0.559032 0.0 0.419098 0.558779 0.0 0.418914 0.558524 0.0 0.418731 0.558269 0.0 0.418548 0.558013 0.0 0.418366 0.557757 0.0 0.418185 0.5575 0.0 0.418005 0.557243 0.0 0.417826 0.556985 0.0 0.417647 0.556727 0.0 0.417469 0.556468 0.0 0.417292 0.556208 0.0 0.417116 0.555948 0.0 0.41694 0.555688 0.0 0.416766 0.555426 0.0 0.416592 0.555165 0.0 0.41642 0.554902 0.0 0.416247 0.554639 0.0 0.416076 0.554376 0.0 0.415906 0.554112 0.0 0.415736 0.553847 0.0 0.415567 0.553583 0.0 0.4154 0.553317 0.0 0.415232 0.553051 0.0 0.415066 0.552784 0.0 0.414901 0.552517 0.0 0.414736 0.55225 0.0 0.414572 0.551982 0.0 0.41441 0.551713 0.0 0.414247 0.551444 0.0 0.414087 0.551174 0.0 0.413926 0.550904 0.0 0.413767 0.550633 0.0 0.413608 0.550362 0.0 0.41345 0.55009 0.0 0.413293 0.549819 0.0 0.413137 0.549546 0.0 0.412982 0.549273 0.0 0.412828 0.548999 0.0 0.412674 0.548725 0.0 0.412522 0.54845 0.0 0.412369 0.548175 0.0 0.412219 0.5479 0.0 0.412068 0.547624 0.0 0.41192 0.547347 0.0 0.411771 0.54707 0.0 0.411624 0.546793 0.0 0.411477 0.546515 0.0 0.411332 0.546237 0.0 0.411186 0.545958 0.0 0.411043 0.545679 0.0 0.410899 0.545399 0.0 0.410758 0.545119 0.0 0.410616 0.544838 0.0 0.410476 0.544557 0.0 0.410336 0.544276 0.0 0.410198 0.543994 0.0 0.410059 0.543712 0.0 0.409923 0.543429 0.0 0.409787 0.543146 0.0 0.409652 0.542862 0.0 0.409517 0.542578 0.0 0.409384 0.542293 0.0 0.409252 0.542009 0.0 0.40912 0.541723 0.0 0.408989 0.541438 0.0 0.40886 0.541151 0.0 0.408731 0.540865 0.0 0.408603 0.540578 0.0 0.408476 0.540291 0.0 0.40835 0.540003 0.0 0.408225 0.539715 0.0 0.408101 0.539426 0.0 0.407977 0.539137 0.0 0.407855 0.538848 0.0 0.407733 0.538558 0.0 0.407613 0.538268 0.0 0.407492 0.537978 0.0 0.407374 0.537687 0.0 0.407255 0.537396 0.0 0.407139 0.537104 0.0 0.407022 0.536812 0.0 0.406908 0.53652 0.0 0.406793 0.536228 0.0 0.40668 0.535934 0.0 0.406567 0.535641 0.0 0.406456 0.535347 0.0 0.406345 0.535053 0.0 0.406236 0.534759 0.0 0.406127 0.534464 0.0 0.406019 0.534169 0.0 0.405912 0.533874 0.0 0.405806 0.533578 0.0 0.405701 0.533282 0.0 0.405597 0.532985 0.0 0.405494 0.532689 0.0 0.405392 0.532392 0.0 0.40529 0.532094 0.0 0.40519 0.531797 0.0 0.40509 0.531499 0.0 0.404992 0.5312 0.0 0.404894 0.530902 0.0 0.404798 0.530603 0.0 0.404702 0.530304 0.0 0.404608 0.530004 0.0 0.404514 0.529704 0.0 0.404421 0.529404 0.0 0.404329 0.529104 0.0 0.404238 0.528803 0.0 0.404148 0.528502 0.0 0.404059 0.528201 0.0 0.403971 0.527899 0.0 0.403884 0.527597 0.0 0.403797 0.527295 0.0 0.403712 0.526993 0.0 0.403628 0.52669 0.0 0.403545 0.526387 0.0 0.403462 0.526084 0.0 0.403381 0.525781 0.0 0.4033 0.525477 0.0 0.403221 0.525173 0.0 0.403142 0.524869 0.0 0.403065 0.524564 0.0 0.402987 0.52426 0.0 0.402912 0.523955 0.0 0.402837 0.52365 0.0 0.402763 0.523344 0.0 0.40269 0.523039 0.0 0.402619 0.522733 0.0 0.402547 0.522427 0.0 0.402478 0.522121 0.0 0.402408 0.521814 0.0 0.402341 0.521508 0.0 0.402273 0.521201 0.0 0.402208 0.520893 0.0 0.402142 0.520586 0.0 0.402078 0.520279 0.0 0.402014 0.519971 0.0 0.401953 0.519663 0.0 0.401891 0.519355 0.0 0.401831 0.519047 0.0 0.401771 0.518738 0.0 0.401713 0.518429 0.0 0.401655 0.518121 0.0 0.4016 0.517811 0.0 0.401544 0.517502 0.0 0.40149 0.517193 0.0 0.401436 0.516883 0.0 0.401383 0.516574 0.0 0.401331 0.516264 0.0 0.401281 0.515954 0.0 0.401231 0.515643 0.0 0.401183 0.515333 0.0 0.401135 0.515023 0.0 0.401089 0.514712 0.0 0.401042 0.514401 0.0 0.400998 0.51409 0.0 0.400954 0.513779 0.0 0.400912 0.513468 0.0 0.400869 0.513156 0.0 0.400829 0.512845 0.0 0.400789 0.512533 0.0 0.40075 0.512222 0.0 0.400712 0.51191 0.0 0.400675 0.511598 0.0 0.400639 0.511286 0.0 0.400604 0.510973 0.0 0.40057 0.510661 0.0 0.400537 0.510349 0.0 0.400505 0.510036 0.0 0.400474 0.509724 0.0 0.400444 0.509411 0.0 0.400415 0.509098 0.0 0.400387 0.508785 0.0 0.40036 0.508472 0.0 0.400333 0.508159 0.0 0.400309 0.507846 0.0 0.400284 0.507533 0.0 0.400261 0.507219 0.0 0.400239 0.506906 0.0 0.400218 0.506593 0.0 0.400197 0.506279 0.0 0.400179 0.505965 0.0 0.40016 0.505652 0.0 0.400143 0.505338 0.0 0.400126 0.505024 0.0 0.400112 0.504711 0.0 0.400097 0.504397 0.0 0.400084 0.504083 0.0 0.400071 0.503769 0.0 0.40006 0.503455 0.0 0.400049 0.503141 0.0 0.40004 0.502827 0.0 0.400032 0.502513 0.0 0.400025 0.502199 0.0 0.400018 0.501885 0.0 0.400013 0.501571 0.0 0.400008 0.501257 0.0 0.400005 0.500942 0.0 0.400002 0.500628 0.0 0.400001 0.500314 0.0 0.4 0.5 0.0 0.400001 0.499686 0.0 0.400002 0.499372 0.0 0.400005 0.499058 0.0 0.400008 0.498743 0.0 0.400013 0.498429 0.0 0.400018 0.498115 0.0 0.400025 0.497801 0.0 0.400032 0.497487 0.0 0.40004 0.497173 0.0 0.400049 0.496859 0.0 0.40006 0.496545 0.0 0.400071 0.496231 0.0 0.400084 0.495917 0.0 0.400097 0.495603 0.0 0.400112 0.495289 0.0 0.400126 0.494976 0.0 0.400143 0.494662 0.0 0.40016 0.494348 0.0 0.400179 0.494035 0.0 0.400197 0.493721 0.0 0.400218 0.493407 0.0 0.400239 0.493094 0.0 0.400261 0.492781 0.0 0.400284 0.492467 0.0 0.400309 0.492154 0.0 0.400333 0.491841 0.0 0.40036 0.491528 0.0 0.400387 0.491215 0.0 0.400415 0.490902 0.0 0.400444 0.490589 0.0 0.400474 0.490276 0.0 0.400505 0.489964 0.0 0.400537 0.489651 0.0 0.40057 0.489339 0.0 0.400604 0.489027 0.0 0.400639 0.488714 0.0 0.400675 0.488402 0.0 0.400712 0.48809 0.0 0.40075 0.487778 0.0 0.400789 0.487467 0.0 0.400829 0.487155 0.0 0.400869 0.486844 0.0 0.400912 0.486532 0.0 0.400954 0.486221 0.0 0.400998 0.48591 0.0 0.401042 0.485599 0.0 0.401089 0.485288 0.0 0.401135 0.484977 0.0 0.401183 0.484667 0.0 0.401231 0.484357 0.0 0.401281 0.484046 0.0 0.401331 0.483736 0.0 0.401383 0.483426 0.0 0.401436 0.483117 0.0 0.40149 0.482807 0.0 0.401544 0.482498 0.0 0.4016 0.482189 0.0 0.401655 0.481879 0.0 0.401713 0.481571 0.0 0.401771 0.481262 0.0 0.401831 0.480953 0.0 0.401891 0.480645 0.0 0.401953 0.480337 0.0 0.402014 0.480029 0.0 0.402078 0.479721 0.0 0.402142 0.479414 0.0 0.402208 0.479107 0.0 0.402273 0.478799 0.0 0.402341 0.478492 0.0 0.402408 0.478186 0.0 0.402478 0.477879 0.0 0.402547 0.477573 0.0 0.402619 0.477267 0.0 0.40269 0.476961 0.0 0.402763 0.476656 0.0 0.402837 0.47635 0.0 0.402912 0.476045 0.0 0.402987 0.47574 0.0 0.403065 0.475436 0.0 0.403142 0.475131 0.0 0.403221 0.474827 0.0 0.4033 0.474523 0.0 0.403381 0.474219 0.0 0.403462 0.473916 0.0 0.403545 0.473613 0.0 0.403628 0.47331 0.0 0.403712 0.473007 0.0 0.403797 0.472705 0.0 0.403884 0.472403 0.0 0.403971 0.472101 0.0 0.404059 0.471799 0.0 0.404148 0.471498 0.0 0.404238 0.471197 0.0 0.404329 0.470896 0.0 0.404421 0.470596 0.0 0.404514 0.470296 0.0 0.404608 0.469996 0.0 0.404702 0.469696 0.0 0.404798 0.469397 0.0 0.404894 0.469098 0.0 0.404992 0.4688 0.0 0.40509 0.468501 0.0 0.40519 0.468203 0.0 0.40529 0.467906 0.0 0.405392 0.467608 0.0 0.405494 0.467311 0.0 0.405597 0.467015 0.0 0.405701 0.466718 0.0 0.405806 0.466422 0.0 0.405912 0.466126 0.0 0.406019 0.465831 0.0 0.406127 0.465536 0.0 0.406236 0.465241 0.0 0.406345 0.464947 0.0 0.406456 0.464653 0.0 0.406567 0.464359 0.0 0.40668 0.464066 0.0 0.406793 0.463772 0.0 0.406908 0.46348 0.0 0.407022 0.463188 0.0 0.407139 0.462896 0.0 0.407255 0.462604 0.0 0.407374 0.462313 0.0 0.407492 0.462022 0.0 0.407613 0.461732 0.0 0.407733 0.461442 0.0 0.407855 0.461152 0.0 0.407977 0.460863 0.0 0.408101 0.460574 0.0 0.408225 0.460285 0.0 0.40835 0.459997 0.0 0.408476 0.459709 0.0 0.408603 0.459422 0.0 0.408731 0.459135 0.0 0.40886 0.458849 0.0 0.408989 0.458562 0.0 0.40912 0.458277 0.0 0.409252 0.457991 0.0 0.409384 0.457707 0.0 0.409517 0.457422 0.0 0.409652 0.457138 0.0 0.409787 0.456854 0.0 0.409923 0.456571 0.0 0.410059 0.456288 0.0 0.410198 0.456006 0.0 0.410336 0.455724 0.0 0.410476 0.455443 0.0 0.410616 0.455162 0.0 0.410758 0.454881 0.0 0.410899 0.454601 0.0 0.411043 0.454321 0.0 0.411186 0.454042 0.0 0.411332 0.453763 0.0 0.411477 0.453485 0.0 0.411624 0.453207 0.0 0.411771 0.45293 0.0 0.41192 0.452653 0.0 0.412068 0.452376 0.0 0.412219 0.4521 0.0 0.412369 0.451825 0.0 0.412522 0.45155 0.0 0.412674 0.451275 0.0 0.412828 0.451001 0.0 0.412982 0.450727 0.0 0.413137 0.450454 0.0 0.413293 0.450181 0.0 0.41345 0.44991 0.0 0.413608 0.449638 0.0 0.413767 0.449367 0.0 0.413926 0.449096 0.0 0.414087 0.448826 0.0 0.414247 0.448556 0.0 0.41441 0.448287 0.0 0.414572 0.448018 0.0 0.414736 0.44775 0.0 0.414901 0.447483 0.0 0.415066 0.447216 0.0 0.415232 0.446949 0.0 0.4154 0.446683 0.0 0.415567 0.446417 0.0 0.415736 0.446153 0.0 0.415906 0.445888 0.0 0.416076 0.445624 0.0 0.416247 0.445361 0.0 0.41642 0.445098 0.0 0.416592 0.444835 0.0 0.416766 0.444574 0.0 0.41694 0.444312 0.0 0.417116 0.444052 0.0 0.417292 0.443792 0.0 0.417469 0.443532 0.0 0.417647 0.443273 0.0 0.417826 0.443015 0.0 0.418005 0.442757 0.0 0.418185 0.4425 0.0 0.418366 0.442243 0.0 0.418548 0.441987 0.0 0.418731 0.441731 0.0 0.418914 0.441476 0.0 0.419098 0.441221 0.0 0.419284 0.440968 0.0 0.419469 0.440714 0.0 0.419656 0.440462 0.0 0.419843 0.44021 0.0 0.420032 0.439958 0.0 0.420221 0.439707 0.0 0.420411 0.439457 0.0 0.420601 0.439207 0.0 0.420793 0.438958 0.0 0.420984 0.438709 0.0 0.421178 0.438462 0.0 0.421371 0.438214 0.0 0.421566 0.437968 0.0 0.421761 0.437721 0.0 0.421957 0.437476 0.0 0.422154 0.437231 0.0 0.422352 0.436987 0.0 0.42255 0.436743 0.0 0.422749 0.4365 0.0 0.422949 0.436258 0.0 0.42315 0.436016 0.0 0.423351 0.435775 0.0 0.423553 0.435535 0.0 0.423756 0.435294 0.0 0.42396 0.435056 0.0 0.424164 0.434817 0.0 0.424369 0.434579 0.0 0.424575 0.434341 0.0 0.424782 0.434105 0.0 0.424989 0.433869 0.0 0.425197 0.433634 0.0 0.425406 0.433399 0.0 0.425616 0.433165 0.0 0.425826 0.432931 0.0 0.426037 0.432699 0.0 0.426249 0.432467 0.0 0.426462 0.432236 0.0 0.426674 0.432005 0.0 0.426889 0.431775 0.0 0.427103 0.431545 0.0 0.427319 0.431317 0.0 0.427535 0.431089 0.0 0.427752 0.430862 0.0 0.427969 0.430635 0.0 0.428188 0.430409 0.0 0.428406 0.430183 0.0 0.428626 0.429959 0.0 0.428846 0.429735 0.0 0.429068 0.429512 0.0 0.429289 0.429289 0.0 0.429512 0.429068 0.0 0.429735 0.428846 0.0 0.429959 0.428626 0.0 0.430183 0.428406 0.0 0.430409 0.428188 0.0 0.430635 0.427969 0.0 0.430862 0.427752 0.0 0.431089 0.427535 0.0 0.431317 0.427319 0.0 0.431545 0.427103 0.0 0.431775 0.426889 0.0 0.432005 0.426674 0.0 0.432236 0.426462 0.0 0.432467 0.426249 0.0 0.432699 0.426037 0.0 0.432931 0.425826 0.0 0.433165 0.425616 0.0 0.433399 0.425406 0.0 0.433634 0.425197 0.0 0.433869 0.424989 0.0 0.434105 0.424782 0.0 0.434341 0.424575 0.0 0.434579 0.424369 0.0 0.434817 0.424164 0.0 0.435056 0.42396 0.0 0.435294 0.423756 0.0 0.435535 0.423553 0.0 0.435775 0.423351 0.0 0.436016 0.42315 0.0 0.436258 0.422949 0.0 0.4365 0.422749 0.0 0.436743 0.42255 0.0 0.436987 0.422352 0.0 0.437231 0.422154 0.0 0.437476 0.421957 0.0 0.437721 0.421761 0.0 0.437968 0.421566 0.0 0.438214 0.421371 0.0 0.438462 0.421178 0.0 0.438709 0.420984 0.0 0.438958 0.420793 0.0 0.439207 0.420601 0.0 0.439457 0.420411 0.0 0.439707 0.420221 0.0 0.439958 0.420032 0.0 0.44021 0.419843 0.0 0.440462 0.419656 0.0 0.440714 0.419469 0.0 0.440968 0.419284 0.0 0.441221 0.419098 0.0 0.441476 0.418914 0.0 0.441731 0.418731 0.0 0.441987 0.418548 0.0 0.442243 0.418366 0.0 0.4425 0.418185 0.0 0.442757 0.418005 0.0 0.443015 0.417826 0.0 0.443273 0.417647 0.0 0.443532 0.417469 0.0 0.443792 0.417292 0.0 0.444052 0.417116 0.0 0.444312 0.41694 0.0 0.444574 0.416766 0.0 0.444835 0.416592 0.0 0.445098 0.41642 0.0 0.445361 0.416247 0.0 0.445624 0.416076 0.0 0.445888 0.415906 0.0 0.446153 0.415736 0.0 0.446417 0.415567 0.0 0.446683 0.4154 0.0 0.446949 0.415232 0.0 0.447216 0.415066 0.0 0.447483 0.414901 0.0 0.44775 0.414736 0.0 0.448018 0.414572 0.0 0.448287 0.41441 0.0 0.448556 0.414247 0.0 0.448826 0.414087 0.0 0.449096 0.413926 0.0 0.449367 0.413767 0.0 0.449638 0.413608 0.0 0.44991 0.41345 0.0 0.450181 0.413293 0.0 0.450454 0.413137 0.0 0.450727 0.412982 0.0 0.451001 0.412828 0.0 0.451275 0.412674 0.0 0.45155 0.412522 0.0 0.451825 0.412369 0.0 0.4521 0.412219 0.0 0.452376 0.412068 0.0 0.452653 0.41192 0.0 0.45293 0.411771 0.0 0.453207 0.411624 0.0 0.453485 0.411477 0.0 0.453763 0.411332 0.0 0.454042 0.411186 0.0 0.454321 0.411043 0.0 0.454601 0.410899 0.0 0.454881 0.410758 0.0 0.455162 0.410616 0.0 0.455443 0.410476 0.0 0.455724 0.410336 0.0 0.456006 0.410198 0.0 0.456288 0.410059 0.0 0.456571 0.409923 0.0 0.456854 0.409787 0.0 0.457138 0.409652 0.0 0.457422 0.409517 0.0 0.457707 0.409384 0.0 0.457991 0.409252 0.0 0.458277 0.40912 0.0 0.458562 0.408989 0.0 0.458849 0.40886 0.0 0.459135 0.408731 0.0 0.459422 0.408603 0.0 0.459709 0.408476 0.0 0.459997 0.40835 0.0 0.460285 0.408225 0.0 0.460574 0.408101 0.0 0.460863 0.407977 0.0 0.461152 0.407855 0.0 0.461442 0.407733 0.0 0.461732 0.407613 0.0 0.462022 0.407492 0.0 0.462313 0.407374 0.0 0.462604 0.407255 0.0 0.462896 0.407139 0.0 0.463188 0.407022 0.0 0.46348 0.406908 0.0 0.463772 0.406793 0.0 0.464066 0.40668 0.0 0.464359 0.406567 0.0 0.464653 0.406456 0.0 0.464947 0.406345 0.0 0.465241 0.406236 0.0 0.465536 0.406127 0.0 0.465831 0.406019 0.0 0.466126 0.405912 0.0 0.466422 0.405806 0.0 0.466718 0.405701 0.0 0.467015 0.405597 0.0 0.467311 0.405494 0.0 0.467608 0.405392 0.0 0.467906 0.40529 0.0 0.468203 0.40519 0.0 0.468501 0.40509 0.0 0.4688 0.404992 0.0 0.469098 0.404894 0.0 0.469397 0.404798 0.0 0.469696 0.404702 0.0 0.469996 0.404608 0.0 0.470296 0.404514 0.0 0.470596 0.404421 0.0 0.470896 0.404329 0.0 0.471197 0.404238 0.0 0.471498 0.404148 0.0 0.471799 0.404059 0.0 0.472101 0.403971 0.0 0.472403 0.403884 0.0 0.472705 0.403797 0.0 0.473007 0.403712 0.0 0.47331 0.403628 0.0 0.473613 0.403545 0.0 0.473916 0.403462 0.0 0.474219 0.403381 0.0 0.474523 0.4033 0.0 0.474827 0.403221 0.0 0.475131 0.403142 0.0 0.475436 0.403065 0.0 0.47574 0.402987 0.0 0.476045 0.402912 0.0 0.47635 0.402837 0.0 0.476656 0.402763 0.0 0.476961 0.40269 0.0 0.477267 0.402619 0.0 0.477573 0.402547 0.0 0.477879 0.402478 0.0 0.478186 0.402408 0.0 0.478492 0.402341 0.0 0.478799 0.402273 0.0 0.479107 0.402208 0.0 0.479414 0.402142 0.0 0.479721 0.402078 0.0 0.480029 0.402014 0.0 0.480337 0.401953 0.0 0.480645 0.401891 0.0 0.480953 0.401831 0.0 0.481262 0.401771 0.0 0.481571 0.401713 0.0 0.481879 0.401655 0.0 0.482189 0.4016 0.0 0.482498 0.401544 0.0 0.482807 0.40149 0.0 0.483117 0.401436 0.0 0.483426 0.401383 0.0 0.483736 0.401331 0.0 0.484046 0.401281 0.0 0.484357 0.401231 0.0 0.484667 0.401183 0.0 0.484977 0.401135 0.0 0.485288 0.401089 0.0 0.485599 0.401042 0.0 0.48591 0.400998 0.0 0.486221 0.400954 0.0 0.486532 0.400912 0.0 0.486844 0.400869 0.0 0.487155 0.400829 0.0 0.487467 0.400789 0.0 0.487778 0.40075 0.0 0.48809 0.400712 0.0 0.488402 0.400675 0.0 0.488714 0.400639 0.0 0.489027 0.400604 0.0 0.489339 0.40057 0.0 0.489651 0.400537 0.0 0.489964 0.400505 0.0 0.490276 0.400474 0.0 0.490589 0.400444 0.0 0.490902 0.400415 0.0 0.491215 0.400387 0.0 0.491528 0.40036 0.0 0.491841 0.400333 0.0 0.492154 0.400309 0.0 0.492467 0.400284 0.0 0.492781 0.400261 0.0 0.493094 0.400239 0.0 0.493407 0.400218 0.0 0.493721 0.400197 0.0 0.494035 0.400179 0.0 0.494348 0.40016 0.0 0.494662 0.400143 0.0 0.494976 0.400126 0.0 0.495289 0.400112 0.0 0.495603 0.400097 0.0 0.495917 0.400084 0.0 0.496231 0.400071 0.0 0.496545 0.40006 0.0 0.496859 0.400049 0.0 0.497173 0.40004 0.0 0.497487 0.400032 0.0 0.497801 0.400025 0.0 0.498115 0.400018 0.0 0.498429 0.400013 0.0 0.498743 0.400008 0.0 0.499058 0.400005 0.0 0.499372 0.400002 0.0 0.499686 0.400001 0.0 0.5 0.4 0.0 0.500314 0.400001 0.0 0.500628 0.400002 0.0 0.500942 0.400005 0.0 0.501257 0.400008 0.0 0.501571 0.400013 0.0 0.501885 0.400018 0.0 0.502199 0.400025 0.0 0.502513 0.400032 0.0 0.502827 0.40004 0.0 0.503141 0.400049 0.0 0.503455 0.40006 0.0 0.503769 0.400071 0.0 0.504083 0.400084 0.0 0.504397 0.400097 0.0 0.504711 0.400112 0.0 0.505024 0.400126 0.0 0.505338 0.400143 0.0 0.505652 0.40016 0.0 0.505965 0.400179 0.0 0.506279 0.400197 0.0 0.506593 0.400218 0.0 0.506906 0.400239 0.0 0.507219 0.400261 0.0 0.507533 0.400284 0.0 0.507846 0.400309 0.0 0.508159 0.400333 0.0 0.508472 0.40036 0.0 0.508785 0.400387 0.0 0.509098 0.400415 0.0 0.509411 0.400444 0.0 0.509724 0.400474 0.0 0.510036 0.400505 0.0 0.510349 0.400537 0.0 0.510661 0.40057 0.0 0.510973 0.400604 0.0 0.511286 0.400639 0.0 0.511598 0.400675 0.0 0.51191 0.400712 0.0 0.512222 0.40075 0.0 0.512533 0.400789 0.0 0.512845 0.400829 0.0 0.513156 0.400869 0.0 0.513468 0.400912 0.0 0.513779 0.400954 0.0 0.51409 0.400998 0.0 0.514401 0.401042 0.0 0.514712 0.401089 0.0 0.515023 0.401135 0.0 0.515333 0.401183 0.0 0.515643 0.401231 0.0 0.515954 0.401281 0.0 0.516264 0.401331 0.0 0.516574 0.401383 0.0 0.516883 0.401436 0.0 0.517193 0.40149 0.0 0.517502 0.401544 0.0 0.517811 0.4016 0.0 0.518121 0.401655 0.0 0.518429 0.401713 0.0 0.518738 0.401771 0.0 0.519047 0.401831 0.0 0.519355 0.401891 0.0 0.519663 0.401953 0.0 0.519971 0.402014 0.0 0.520279 0.402078 0.0 0.520586 0.402142 0.0 0.520893 0.402208 0.0 0.521201 0.402273 0.0 0.521508 0.402341 0.0 0.521814 0.402408 0.0 0.522121 0.402478 0.0 0.522427 0.402547 0.0 0.522733 0.402619 0.0 0.523039 0.40269 0.0 0.523344 0.402763 0.0 0.52365 0.402837 0.0 0.523955 0.402912 0.0 0.52426 0.402987 0.0 0.524564 0.403065 0.0 0.524869 0.403142 0.0 0.525173 0.403221 0.0 0.525477 0.4033 0.0 0.525781 0.403381 0.0 0.526084 0.403462 0.0 0.526387 0.403545 0.0 0.52669 0.403628 0.0 0.526993 0.403712 0.0 0.527295 0.403797 0.0 0.527597 0.403884 0.0 0.527899 0.403971 0.0 0.528201 0.404059 0.0 0.528502 0.404148 0.0 0.528803 0.404238 0.0 0.529104 0.404329 0.0 0.529404 0.404421 0.0 0.529704 0.404514 0.0 0.530004 0.404608 0.0 0.530304 0.404702 0.0 0.530603 0.404798 0.0 0.530902 0.404894 0.0 0.5312 0.404992 0.0 0.531499 0.40509 0.0 0.531797 0.40519 0.0 0.532094 0.40529 0.0 0.532392 0.405392 0.0 0.532689 0.405494 0.0 0.532985 0.405597 0.0 0.533282 0.405701 0.0 0.533578 0.405806 0.0 0.533874 0.405912 0.0 0.534169 0.406019 0.0 0.534464 0.406127 0.0 0.534759 0.406236 0.0 0.535053 0.406345 0.0 0.535347 0.406456 0.0 0.535641 0.406567 0.0 0.535934 0.40668 0.0 0.536228 0.406793 0.0 0.53652 0.406908 0.0 0.536812 0.407022 0.0 0.537104 0.407139 0.0 0.537396 0.407255 0.0 0.537687 0.407374 0.0 0.537978 0.407492 0.0 0.538268 0.407613 0.0 0.538558 0.407733 0.0 0.538848 0.407855 0.0 0.539137 0.407977 0.0 0.539426 0.408101 0.0 0.539715 0.408225 0.0 0.540003 0.40835 0.0 0.540291 0.408476 0.0 0.540578 0.408603 0.0 0.540865 0.408731 0.0 0.541151 0.40886 0.0 0.541438 0.408989 0.0 0.541723 0.40912 0.0 0.542009 0.409252 0.0 0.542293 0.409384 0.0 0.542578 0.409517 0.0 0.542862 0.409652 0.0 0.543146 0.409787 0.0 0.543429 0.409923 0.0 0.543712 0.410059 0.0 0.543994 0.410198 0.0 0.544276 0.410336 0.0 0.544557 0.410476 0.0 0.544838 0.410616 0.0 0.545119 0.410758 0.0 0.545399 0.410899 0.0 0.545679 0.411043 0.0 0.545958 0.411186 0.0 0.546237 0.411332 0.0 0.546515 0.411477 0.0 0.546793 0.411624 0.0 0.54707 0.411771 0.0 0.547347 0.41192 0.0 0.547624 0.412068 0.0 0.5479 0.412219 0.0 0.548175 0.412369 0.0 0.54845 0.412522 0.0 0.548725 0.412674 0.0 0.548999 0.412828 0.0 0.549273 0.412982 0.0 0.549546 0.413137 0.0 0.549819 0.413293 0.0 0.55009 0.41345 0.0 0.550362 0.413608 0.0 0.550633 0.413767 0.0 0.550904 0.413926 0.0 0.551174 0.414087 0.0 0.551444 0.414247 0.0 0.551713 0.41441 0.0 0.551982 0.414572 0.0 0.55225 0.414736 0.0 0.552517 0.414901 0.0 0.552784 0.415066 0.0 0.553051 0.415232 0.0 0.553317 0.4154 0.0 0.553583 0.415567 0.0 0.553847 0.415736 0.0 0.554112 0.415906 0.0 0.554376 0.416076 0.0 0.554639 0.416247 0.0 0.554902 0.41642 0.0 0.555165 0.416592 0.0 0.555426 0.416766 0.0 0.555688 0.41694 0.0 0.555948 0.417116 0.0 0.556208 0.417292 0.0 0.556468 0.417469 0.0 0.556727 0.417647 0.0 0.556985 0.417826 0.0 0.557243 0.418005 0.0 0.5575 0.418185 0.0 0.557757 0.418366 0.0 0.558013 0.418548 0.0 0.558269 0.418731 0.0 0.558524 0.418914 0.0 0.558779 0.419098 0.0 0.559032 0.419284 0.0 0.559286 0.419469 0.0 0.559538 0.419656 0.0 0.55979 0.419843 0.0 0.560042 0.420032 0.0 0.560293 0.420221 0.0 0.560543 0.420411 0.0 0.560793 0.420601 0.0 0.561042 0.420793 0.0 0.561291 0.420984 0.0 0.561538 0.421178 0.0 0.561786 0.421371 0.0 0.562032 0.421566 0.0 0.562279 0.421761 0.0 0.562524 0.421957 0.0 0.562769 0.422154 0.0 0.563013 0.422352 0.0 0.563257 0.42255 0.0 0.5635 0.422749 0.0 0.563742 0.422949 0.0 0.563984 0.42315 0.0 0.564225 0.423351 0.0 0.564465 0.423553 0.0 0.564706 0.423756 0.0 0.564944 0.42396 0.0 0.565183 0.424164 0.0 0.565421 0.424369 0.0 0.565659 0.424575 0.0 0.565895 0.424782 0.0 0.566131 0.424989 0.0 0.566366 0.425197 0.0 0.566601 0.425406 0.0 0.566835 0.425616 0.0 0.567069 0.425826 0.0 0.567301 0.426037 0.0 0.567533 0.426249 0.0 0.567764 0.426462 0.0 0.567995 0.426674 0.0 0.568225 0.426889 0.0 0.568455 0.427103 0.0 0.568683 0.427319 0.0 0.568911 0.427535 0.0 0.569138 0.427752 0.0 0.569365 0.427969 0.0 0.569591 0.428188 0.0 0.569817 0.428406 0.0 0.570041 0.428626 0.0 0.570265 0.428846 0.0 0.570488 0.429068 0.0 0.570711 0.429289 0.0 0.570932 0.429512 0.0 0.571154 0.429735 0.0 0.571374 0.429959 0.0 0.571594 0.430183 0.0 0.571812 0.430409 0.0 0.572031 0.430635 0.0 0.572248 0.430862 0.0 0.572465 0.431089 0.0 0.572681 0.431317 0.0 0.572897 0.431545 0.0 0.573111 0.431775 0.0 0.573326 0.432005 0.0 0.573538 0.432236 0.0 0.573751 0.432467 0.0 0.573963 0.432699 0.0 0.574174 0.432931 0.0 0.574384 0.433165 0.0 0.574594 0.433399 0.0 0.574803 0.433634 0.0 0.575011 0.433869 0.0 0.575218 0.434105 0.0 0.575425 0.434341 0.0 0.575631 0.434579 0.0 0.575836 0.434817 0.0 0.57604 0.435056 0.0 0.576244 0.435294 0.0 0.576447 0.435535 0.0 0.576649 0.435775 0.0 0.57685 0.436016 0.0 0.577051 0.436258 0.0 0.577251 0.4365 0.0 0.57745 0.436743 0.0 0.577648 0.436987 0.0 0.577846 0.437231 0.0 0.578043 0.437476 0.0 0.578239 0.437721 0.0 0.578434 0.437968 0.0 0.578629 0.438214 0.0 0.578822 0.438462 0.0 0.579016 0.438709 0.0 0.579207 0.438958 0.0 0.579399 0.439207 0.0 0.579589 0.439457 0.0 0.579779 0.439707 0.0 0.579968 0.439958 0.0 0.580157 0.44021 0.0 0.580344 0.440462 0.0 0.580531 0.440714 0.0 0.580716 0.440968 0.0 0.580902 0.441221 0.0 0.581086 0.441476 0.0 0.581269 0.441731 0.0 0.581452 0.441987 0.0 0.581634 0.442243 0.0 0.581815 0.4425 0.0 0.581995 0.442757 0.0 0.582174 0.443015 0.0 0.582353 0.443273 0.0 0.582531 0.443532 0.0 0.582708 0.443792 0.0 0.582884 0.444052 0.0 0.58306 0.444312 0.0 0.583234 0.444574 0.0 0.583408 0.444835 0.0 0.58358 0.445098 0.0 0.583753 0.445361 0.0 0.583924 0.445624 0.0 0.584094 0.445888 0.0 0.584264 0.446153 0.0 0.584433 0.446417 0.0 0.5846 0.446683 0.0 0.584768 0.446949 0.0 0.584934 0.447216 0.0 0.585099 0.447483 0.0 0.585264 0.44775 0.0 0.585428 0.448018 0.0 0.58559 0.448287 0.0 0.585753 0.448556 0.0 0.585913 0.448826 0.0 0.586074 0.449096 0.0 0.586233 0.449367 0.0 0.586392 0.449638 0.0 0.58655 0.44991 0.0 0.586707 0.450181 0.0 0.586863 0.450454 0.0 0.587018 0.450727 0.0 0.587172 0.451001 0.0 0.587326 0.451275 0.0 0.587478 0.45155 0.0 0.587631 0.451825 0.0 0.587781 0.4521 0.0 0.587932 0.452376 0.0 0.58808 0.452653 0.0 0.588229 0.45293 0.0 0.588376 0.453207 0.0 0.588523 0.453485 0.0 0.588668 0.453763 0.0 0.588814 0.454042 0.0 0.588957 0.454321 0.0 0.589101 0.454601 0.0 0.589242 0.454881 0.0 0.589384 0.455162 0.0 0.589524 0.455443 0.0 0.589664 0.455724 0.0 0.589802 0.456006 0.0 0.589941 0.456288 0.0 0.590077 0.456571 0.0 0.590213 0.456854 0.0 0.590348 0.457138 0.0 0.590483 0.457422 0.0 0.590616 0.457707 0.0 0.590748 0.457991 0.0 0.59088 0.458277 0.0 0.591011 0.458562 0.0 0.59114 0.458849 0.0 0.591269 0.459135 0.0 0.591397 0.459422 0.0 0.591524 0.459709 0.0 0.59165 0.459997 0.0 0.591775 0.460285 0.0 0.591899 0.460574 0.0 0.592023 0.460863 0.0 0.592145 0.461152 0.0 0.592267 0.461442 0.0 0.592387 0.461732 0.0 0.592508 0.462022 0.0 0.592626 0.462313 0.0 0.592745 0.462604 0.0 0.592861 0.462896 0.0 0.592978 0.463188 0.0 0.593092 0.46348 0.0 0.593207 0.463772 0.0 0.59332 0.464066 0.0 0.593433 0.464359 0.0 0.593544 0.464653 0.0 0.593655 0.464947 0.0 0.593764 0.465241 0.0 0.593873 0.465536 0.0 0.593981 0.465831 0.0 0.594088 0.466126 0.0 0.594194 0.466422 0.0 0.594299 0.466718 0.0 0.594403 0.467015 0.0 0.594506 0.467311 0.0 0.594608 0.467608 0.0 0.59471 0.467906 0.0 0.59481 0.468203 0.0 0.59491 0.468501 0.0 0.595008 0.4688 0.0 0.595106 0.469098 0.0 0.595202 0.469397 0.0 0.595298 0.469696 0.0 0.595392 0.469996 0.0 0.595486 0.470296 0.0 0.595579 0.470596 0.0 0.595671 0.470896 0.0 0.595762 0.471197 0.0 0.595852 0.471498 0.0 0.595941 0.471799 0.0 0.596029 0.472101 0.0 0.596116 0.472403 0.0 0.596203 0.472705 0.0 0.596288 0.473007 0.0 0.596372 0.47331 0.0 0.596455 0.473613 0.0 0.596538 0.473916 0.0 0.596619 0.474219 0.0 0.5967 0.474523 0.0 0.596779 0.474827 0.0 0.596858 0.475131 0.0 0.596935 0.475436 0.0 0.597013 0.47574 0.0 0.597088 0.476045 0.0 0.597163 0.47635 0.0 0.597237 0.476656 0.0 0.59731 0.476961 0.0 0.597381 0.477267 0.0 0.597453 0.477573 0.0 0.597522 0.477879 0.0 0.597592 0.478186 0.0 0.597659 0.478492 0.0 0.597727 0.478799 0.0 0.597792 0.479107 0.0 0.597858 0.479414 0.0 0.597922 0.479721 0.0 0.597986 0.480029 0.0 0.598047 0.480337 0.0 0.598109 0.480645 0.0 0.598169 0.480953 0.0 0.598229 0.481262 0.0 0.598287 0.481571 0.0 0.598345 0.481879 0.0 0.5984 0.482189 0.0 0.598456 0.482498 0.0 0.59851 0.482807 0.0 0.598564 0.483117 0.0 0.598617 0.483426 0.0 0.598669 0.483736 0.0 0.598719 0.484046 0.0 0.598769 0.484357 0.0 0.598817 0.484667 0.0 0.598865 0.484977 0.0 0.598911 0.485288 0.0 0.598958 0.485599 0.0 0.599002 0.48591 0.0 0.599046 0.486221 0.0 0.599088 0.486532 0.0 0.599131 0.486844 0.0 0.599171 0.487155 0.0 0.599211 0.487467 0.0 0.59925 0.487778 0.0 0.599288 0.48809 0.0 0.599325 0.488402 0.0 0.599361 0.488714 0.0 0.599396 0.489027 0.0 0.59943 0.489339 0.0 0.599463 0.489651 0.0 0.599495 0.489964 0.0 0.599526 0.490276 0.0 0.599556 0.490589 0.0 0.599585 0.490902 0.0 0.599613 0.491215 0.0 0.59964 0.491528 0.0 0.599667 0.491841 0.0 0.599691 0.492154 0.0 0.599716 0.492467 0.0 0.599739 0.492781 0.0 0.599761 0.493094 0.0 0.599782 0.493407 0.0 0.599803 0.493721 0.0 0.599821 0.494035 0.0 0.59984 0.494348 0.0 0.599857 0.494662 0.0 0.599874 0.494976 0.0 0.599888 0.495289 0.0 0.599903 0.495603 0.0 0.599916 0.495917 0.0 0.599929 0.496231 0.0 0.59994 0.496545 0.0 0.599951 0.496859 0.0 0.59996 0.497173 0.0 0.599968 0.497487 0.0 0.599975 0.497801 0.0 0.599982 0.498115 0.0 0.599987 0.498429 0.0 0.599992 0.498743 0.0 0.599995 0.499058 0.0 0.599998 0.499372 0.0 0.599999 0.499686 0.0 
        </DataArray>
      </Points>
      <Polys>
        <DataArray type="Int64" Name="connectivity" format="ascii">
0 1 1 2 2 3 3 4 4 5 5 6 6 7 7 8 8 9 9 10 10 11 11 12 12 13 13 14 14 15 15 16 16 17 17 18 18 19 19 20 20 21 21 22 22 23 23 24 24 25 25 26 26 27 27 28 28 29 29 30 30 31 31 32 32 33 33 34 34 35 35 36 36 37 37 38 38 39 39 40 40 41 41 42 42 43 43 44 44 45 45 46 46 47 47 48 48 49 49 50 50 51 51 52 52 53 53 54 54 55 55 56 56 57 57 58 58 59 59 60 60 61 61 62 62 63 63 64 64 65 65 66 66 67 67 68 68 69 69 70 70 71 71 72 72 73 73 74 74 75 75 76 76 77 77 78 78 79 79 80 80 81 81 82 82 83 83 84 84 85 85 86 86 87 87 88 88 89 89 90 90 91 91 92 92 93 93 94 94 95 95 96 96 97 97 98 98 99 99 100 100 101 101 102 102 103 103 104 104 105 105 106 106 107 107 108 108 109 109 110 110 111 111 112 112 113 113 114 114 115 115 116 116 117 117 118 118 119 119 120 120 121 121 122 122 123 123 124 124 125 125 126 126 127 127 128 128 129 129 130 130 131 131 132 132 133 133 134 134 135 135 136 136 137 137 138 138 139 139 140 140 141 141 142 142 143 143 144 144 145 145 146 146 147 147 148 148 149 149 150 150 151 151 152 152 153 153 154 154 155 155 156 156 157 157 158 158 159 159 160 160 161 161 162 162 163 163 164 164 165 165 166 166 167 167 168 168 169 169 170 170 171 171 172 172 173 173 174 174 175 175 176 176 177 177 178 178 179 179 180 180 181 181 182 182 183 183 184 184 185 185 186 186 187 187 188 188 189 189 190 190 191 191 192 192 193 193 194 194 195 195 196 196 197 197 198 198 199 199 200 200 201 201 202 202 203 203 204 204 205 205 206 206 207 207 208 208 209 209 210 210 211 211 212 212 213 213 214 214 215 215 216 216 217 217 218 218 219 219 220 220 221 221 222 222 223 223 224 224 225 225 226 226 227 227 228 228 229 229 230 230 231 231 232 232 233 233 234 234 235 235 236 236 237 237 238 238 239 239 240 240 241 241 242 242 243 243 244 244 245 245 246 246 247 247 248 248 249 249 250 250 251 251 252 252 253 253 254 254 255 255 256 256 257 257 258 258 259 259 260 260 261 261 262 262 263 263 264 264 265 265 266 266 267 267 268 268 269 269 270 270 271 271 272 272 273 273 274 274 275 275 276 276 277 277 278 278 279 279 280 280 281 281 282 282 283 283 284 284 285 285 286 286 287 287 288 288 289 289 290 290 291 291 292 292 293 293 294 294 295 295 296 296 297 297 298 298 299 299 300 300 301 301 302 302 303 303 304 304 305 305 306 306 307 307 308 308 309 309 310 310 311 311 312 312 313 313 314 314 315 315 316 316 317 317 318 318 319 319 320 320 321 321 322 322 323 323 324 324 325 325 326 326 327 327 328 328 329 329 330 330 331 331 332 332 333 333 334 334 335 335 336 336 337 337 338 338 339 339 340 340 341 341 342 342 343 343 344 344 345 345 346 346 347 347 348 348 349 349 350 350 351 351 352 352 353 353 354 354 355 355 356 356 357 357 358 358 359 359 360 360 361 361 362 362 363 363 364 364 365 365 366 366 367 367 368 368 369 369 370 370 371 371 372 372 373 373 374 374 375 375 376 376 377 377 378 378 379 379 380 380 381 381 382 382 383 383 384 384 385 385 386 386 387 387 388 388 389 389 390 390 391 391 392 392 393 393 394 394 395 395 396 396 397 397 398 398 399 399 400 400 401 401 402 402 403 403 404 404 405 405 406 406 407 407 408 408 409 409 410 410 411 411 412 412 413 413 414 414 415 415 416 416 417 417 418 418 419 419 420 420 421 421 422 422 423 423 424 424 425 425 426 426 427 427 428 428 429 429 430 430 431 431 432 432 433 433 434 434 435 435 436 436 437 437 438 438 439 439 440 440 441 441 442 442 443 443 444 444 445 445 446 446 447 447 448 448 449 449 450 450 451 451 452 452 453 453 454 454 455 455 456 456 457 457 458 458 459 459 460 460 461 461 462 462 463 463 464 464 465 465 466 466 467 467 468 468 469 469 470 470 471 471 472 472 473 473 474 474 475 475 476 476 477 477 478 478 479 479 480 480 481 481 482 482 483 483 484 484 485 485 486 486 487 487 488 488 489 489 490 490 491 491 492 492 493 493 494 494 495 495 496 496 497 497 498 498 499 499 500 500 501 501 502 502 503 503 504 504 505 505 506 506 507 507 508 508 509 509 510 510 511 511 512 512 513 513 514 514 515 515 516 516 517 517 518 518 519 519 520 520 521 521 522 522 523 523 524 524 525 525 526 526 527 527 528 528 529 529 530 530 531 531 532 532 533 533 534 534 535 535 536 536 537 537 538 538 539 539 540 540 541 541 542 542 543 543 544 544 545 545 546 546 547 547 548 548 549 549 550 550 551 551 552 552 553 553 554 554 555 555 556 556 557 557 558 558 559 559 560 560 561 561 562 562 563 563 564 564 565 565 566 566 567 567 568 568 569 569 570 570 571 571 572 572 573 573 574 574 575 575 576 576 577 577 578 578 579 579 580 580 581 581 582 582 583 583 584 584 585 585 586 586 587 587 588 588 589 589 590 590 591 591 592 592 593 593 594 594 595 595 596 596 597 597 598 598 599 599 600 600 601 601 602 602 603 603 604 604 605 605 606 606 607 607 608 608 609 609 610 610 611 611 612 612 613 613 614 614 615 615 616 616 617 617 618 618 619 619 620 620 621 621 622 622 623 623 624 624 625 625 626 626 627 627 628 628 629 629 630 630 631 631 632 632 633 633 634 634 635 635 636 636 637 637 638 638 639 639 640 640 641 641 642 642 643 643 644 644 645 645 646 646 647 647 648 648 649 649 650 650 651 651 652 652 653 653 654 654 655 655 656 656 657 657 658 658 659 659 660 660 661 661 662 662 663 663 664 664 665 665 666 666 667 667 668 668 669 669 670 670 671 671 672 672 673 673 674 674 675 675 676 676 677 677 678 678 679 679 680 680 681 681 682 682 683 683 684 684 685 685 686 686 687 687 688 688 689 689 690 690 691 691 692 692 693 693 694 694 695 695 696 696 697 697 698 698 699 699 700 700 701 701 702 702 703 703 704 704 705 705 706 706 707 707 708 708 709 709 710 710 711 711 712 712 713 713 714 714 715 715 716 716 717 717 718 718 719 719 720 720 721 721 722 722 723 723 724 724 725 725 726 726 727 727 728 728 729 729 730 730 731 731 732 732 733 733 734 734 735 735 736 736 737 737 738 738 739 739 740 740 741 741 742 742 743 743 744 744 745 745 746 746 747 747 748 748 749 749 750 750 751 751 752 752 753 753 754 754 755 755 756 756 757 757 758 758 759 759 760 760 761 761 762 762 763 763 764 764 765 765 766 766 767 767 768 768 769 769 770 770 771 771 772 772 773 773 774 774 775 775 776 776 777 777 778 778 779 779 780 780 781 781 782 782 783 783 784 784 785 785 786 786 787 787 788 788 789 789 790 790 791 791 792 792 793 793 794 794 795 795 796 796 797 797 798 798 799 799 800 800 801 801 802 802 803 803 804 804 805 805 806 806 807 807 808 808 809 809 810 810 811 811 812 812 813 813 814 814 815 815 816 816 817 817 818 818 819 819 820 820 821 821 822 822 823 823 824 824 825 825 826 826 827 827 828 828 829 829 830 830 831 831 832 832 833 833 834 834 835 835 836 836 837 837 838 838 839 839 840 840 841 841 842 842 843 843 844 844 845 845 846 846 847 847 848 848 849 849 850 850 851 851 852 852 853 853 854 854 855 855 856 856 857 857 858 858 859 859 860 860 861 861 862 862 863 863 864 864 865 865 866 866 867 867 868 868 869 869 870 870 871 871 872 872 873 873 874 874 875 875 876 876 877 877 878 878 879 879 880 880 881 881 882 882 883 883 884 884 885 885 886 886 887 887 888 888 889 889 890 890 891 891 892 892 893 893 894 894 895 895 896 896 897 897 898 898 899 899 900 900 901 901 902 902 903 903 904 904 905 905 906 906 907 907 908 908 909 909 910 910 911 911 912 912 913 913 914 914 915 915 916 916 917 917 918 918 919 919 920 920 921 921 922 922 923 923 924 924 925 925 926 926 927 927 928 928 929 929 930 930 931 931 932 932 933 933 934 934 935 935 936 936 937 937 938 938 939 939 940 940 941 941 942 942 943 943 944 944 945 945 946 946 947 947 948 948 949 949 950 950 951 951 952 952 953 953 954 954 955 955 956 956 957 957 958 958 959 959 960 960 961 961 962 962 963 963 964 964 965 965 966 966 967 967 968 968 969 969 970 970 971 971 972 972 973 973 974 974 975 975 976 976 977 977 978 978 979 979 980 980 981 981 982 982 983 983 984 984 985 985 986 986 987 987 988 988 989 989 990 990 991 991 992 992 993 993 994 994 995 995 996 996 997 997 998 998 999 999 1000 1000 1001 1001 1002 1002 1003 1003 1004 1004 1005 1005 1006 1006 1007 1007 1008 1008 1009 1009 1010 1010 1011 1011 1012 1012 1013 1013 1014 1014 1015 1015 1016 1016 1017 1017 1018 1018 1019 1019 1020 1020 1021 1021 1022 1022 1023 1023 1024 1024 1025 1025 1026 1026 1027 1027 1028 1028 1029 1029 1030 1030 1031 1031 1032 1032 1033 1033 1034 1034 1035 1035 1036 1036 1037 1037 1038 1038 1039 1039 1040 1040 1041 1041 1042 1042 1043 1043 1044 1044 1045 1045 1046 1046 1047 1047 1048 1048 1049 1049 1050 1050 1051 1051 1052 1052 1053 1053 1054 1054 1055 1055 1056 1056 1057 1057 1058 1058 1059 1059 1060 1060 1061 1061 1062 1062 1063 1063 1064 1064 1065 1065 1066 1066 1067 1067 1068 1068 1069 1069 1070 1070 1071 1071 1072 1072 1073 1073 1074 1074 1075 1075 1076 1076 1077 1077 1078 1078 1079 1079 1080 1080 1081 1081 1082 1082 1083 1083 1084 1084 1085 1085 1086 1086 1087 1087 1088 1088 1089 1089 1090 1090 1091 1091 1092 1092 1093 1093 1094 1094 1095 1095 1096 1096 1097 1097 1098 1098 1099 1099 1100 1100 1101 1101 1102 1102 1103 1103 1104 1104 1105 1105 1106 1106 1107 1107 1108 1108 1109 1109 1110 1110 1111 1111 1112 1112 1113 1113 1114 1114 1115 1115 1116 1116 1117 1117 1118 1118 1119 1119 1120 1120 1121 1121 1122 1122 1123 1123 1124 1124 1125 1125 1126 1126 1127 1127 1128 1128 1129 1129 1130 1130 1131 1131 1132 1132 1133 1133 1134 1134 1135 1135 1136 1136 1137 1137 1138 1138 1139 1139 1140 1140 1141 1141 1142 1142 1143 1143 1144 1144 1145 1145 1146 1146 1147 1147 1148 1148 1149 1149 1150 1150 1151 1151 1152 1152 1153 1153 1154 1154 1155 1155 1156 1156 1157 1157 1158 1158 1159 1159 1160 1160 1161 1161 1162 1162 1163 1163 1164 1164 1165 1165 1166 1166 1167 1167 1168 1168 1169 1169 1170 1170 1171 1171 1172 1172 1173 1173 1174 1174 1175 1175 1176 1176 1177 1177 1178 1178 1179 1179 1180 1180 1181 1181 1182 1182 1183 1183 1184 1184 1185 1185 1186 1186 1187 1187 1188 1188 1189 1189 1190 1190 1191 1191 1192 1192 1193 1193 1194 1194 1195 1195 1196 1196 1197 1197 1198 1198 1199 1199 1200 1200 1201 1201 1202 1202 1203 1203 1204 1204 1205 1205 1206 1206 1207 1207 1208 1208 1209 1209 1210 1210 1211 1211 1212 1212 1213 1213 1214 1214 1215 1215 1216 1216 1217 1217 1218 1218 1219 1219 1220 1220 1221 1221 1222 1222 1223 1223 1224 1224 1225 1225 1226 1226 1227 1227 1228 1228 1229 1229 1230 1230 1231 1231 1232 1232 1233 1233 1234 1234 1235 1235 1236 1236 1237 1237 1238 1238 1239 1239 1240 1240 1241 1241 1242 1242 1243 1243 1244 1244 1245 1245 1246 1246 1247 1247 1248 1248 1249 1249 1250 1250 1251 1251 1252 1252 1253 1253 1254 1254 1255 1255 1256 1256 1257 1257 1258 1258 1259 1259 1260 1260 1261 1261 1262 1262 1263 1263 1264 1264 1265 1265 1266 1266 1267 1267 1268 1268 1269 1269 1270 1270 1271 1271 1272 1272 1273 1273 1274 1274 1275 1275 1276 1276 1277 1277 1278 1278 1279 1279 1280 1280 1281 1281 1282 1282 1283 1283 1284 1284 1285 1285 1286 1286 1287 1287 1288 1288 1289 1289 1290 1290 1291 1291 1292 1292 1293 1293 1294 1294 1295 1295 1296 1296 1297 1297 1298 1298 1299 1299 1300 1300 1301 1301 1302 1302 1303 1303 1304 1304 1305 1305 1306 1306 1307 1307 1308 1308 1309 1309 1310 1310 1311 1311 1312 1312 1313 1313 1314 1314 1315 1315 1316 1316 1317 1317 1318 1318 1319 1319 1320 1320 1321 1321 1322 1322 1323 1323 1324 1324 1325 1325 1326 1326 1327 1327 1328 1328 1329 1329 1330 1330 1331 1331 1332 1332 1333 1333 1334 1334 1335 1335 1336 1336 1337 1337 1338 1338 1339 1339 1340 1340 1341 1341 1342 1342 1343 1343 1344 1344 1345 1345 1346 1346 1347 1347 1348 1348 1349 1349 1350 1350 1351 1351 1352 1352 1353 1353 1354 1354 1355 1355 1356 1356 1357 1357 1358 1358 1359 1359 1360 1360 1361 1361 1362 1362 1363 1363 1364 1364 1365 1365 1366 1366 1367 1367 1368 1368 1369 1369 1370 1370 1371 1371 1372 1372 1373 1373 1374 1374 1375 1375 1376 1376 1377 1377 1378 1378 1379 1379 1380 1380 1381 1381 1382 1382 1383 1383 1384 1384 1385 1385 1386 1386 1387 1387 1388 1388 1389 1389 1390 1390 1391 1391 1392 1392 1393 1393 1394 1394 1395 1395 1396 1396 1397 1397 1398 1398 1399 1399 1400 1400 1401 1401 1402 1402 1403 1403 1404 1404 1405 1405 1406 1406 1407 1407 1408 1408 1409 1409 1410 1410 1411 1411 1412 1412 1413 1413 1414 1414 1415 1415 1416 1416 1417 1417 1418 1418 1419 1419 1420 1420 1421 1421 1422 1422 1423 1423 1424 1424 1425 1425 1426 1426 1427 1427 1428 1428 1429 1429 1430 1430 1431 1431 1432 1432 1433 1433 1434 1434 1435 1435 1436 1436 1437 1437 1438 1438 1439 1439 1440 1440 1441 1441 1442 1442 1443 1443 1444 1444 1445 1445 1446 1446 1447 1447 1448 1448 1449 1449 1450 1450 1451 1451 1452 1452 1453 1453 1454 1454 1455 1455 1456 1456 1457 1457 1458 1458 1459 1459 1460 1460 1461 1461 1462 1462 1463 1463 1464 1464 1465 1465 1466 1466 1467 1467 1468 1468 1469 1469 1470 1470 1471 1471 1472 1472 1473 1473 1474 1474 1475 1475 1476 1476 1477 1477 1478 1478 1479 1479 1480 1480 1481 1481 1482 1482 1483 1483 1484 1484 1485 1485 1486 1486 1487 1487 1488 1488 1489 1489 1490 1490 1491 1491 1492 1492 1493 1493 1494 1494 1495 1495 1496 1496 1497 1497 1498 1498 1499 1499 1500 1500 1501 1501 1502 1502 1503 1503 1504 1504 1505 1505 1506 1506 1507 1507 1508 1508 1509 1509 1510 1510 1511 1511 1512 1512 1513 1513 1514 1514 1515 1515 1516 1516 1517 1517 1518 1518 1519 1519 1520 1520 1521 1521 1522 1522 1523 1523 1524 1524 1525 1525 1526 1526 1527 1527 1528 1528 1529 1529 1530 1530 1531 1531 1532 1532 1533 1533 1534 1534 1535 1535 1536 1536 1537 1537 1538 1538 1539 1539 1540 1540 1541 1541 1542 1542 1543 1543 1544 1544 1545 1545 1546 1546 1547 1547 1548 1548 1549 1549 1550 1550 1551 1551 1552 1552 1553 1553 1554 1554 1555 1555 1556 1556 1557 1557 1558 1558 1559 1559 1560 1560 1561 1561 1562 1562 1563 1563 1564 1564 1565 1565 1566 1566 1567 1567 1568 1568 1569 1569 1570 1570 1571 1571 1572 1572 1573 1573 1574 1574 1575 1575 1576 1576 1577 1577 1578 1578 1579 1579 1580 1580 1581 1581 1582 1582 1583 1583 1584 1584 1585 1585 1586 1586 1587 1587 1588 1588 1589 1589 1590 1590 1591 1591 1592 1592 1593 1593 1594 1594 1595 1595 1596 1596 1597 1597 1598 1598 1599 1599 1600 1600 1601 1601 1602 1602 1603 1603 1604 1604 1605 1605 1606 1606 1607 1607 1608 1608 1609 1609 1610 1610 1611 1611 1612 1612 1613 1613 1614 1614 1615 1615 1616 1616 1617 1617 1618 1618 1619 1619 1620 1620 1621 1621 1622 1622 1623 1623 1624 1624 1625 1625 1626 1626 1627 1627 1628 1628 1629 1629 1630 1630 1631 1631 1632 1632 1633 1633 1634 1634 1635 1635 1636 1636 1637 1637 1638 1638 1639 1639 1640 1640 1641 1641 1642 1642 1643 1643 1644 1644 1645 1645 1646 1646 1647 1647 1648 1648 1649 1649 1650 1650 1651 1651 1652 1652 1653 1653 1654 1654 1655 1655 1656 1656 1657 1657 1658 1658 1659 1659 1660 1660 1661 1661 1662 1662 1663 1663 1664 1664 1665 1665 1666 1666 1667 1667 1668 1668 1669 1669 1670 1670 1671 1671 1672 1672 1673 1673 1674 1674 1675 1675 1676 1676 1677 1677 1678 1678 1679 1679 1680 1680 1681 1681 1682 1682 1683 1683 1684 1684 1685 1685 1686 1686 1687 1687 1688 1688 1689 1689 1690 1690 1691 1691 1692 1692 1693 1693 1694 1694 1695 1695 1696 1696 1697 1697 1698 1698 1699 1699 1700 1700 1701 1701 1702 1702 1703 1703 1704 1704 1705 1705 1706 1706 1707 1707 1708 1708 1709 1709 1710 1710 1711 1711 1712 1712 1713 1713 1714 1714 1715 1715 1716 1716 1717 1717 1718 1718 1719 1719 1720 1720 1721 1721 1722 1722 1723 1723 1724 1724 1725 1725 1726 1726 1727 1727 1728 1728 1729 1729 1730 1730 1731 1731 1732 1732 1733 1733 1734 1734 1735 1735 1736 1736 1737 1737 1738 1738 1739 1739 1740 1740 1741 1741 1742 1742 1743 1743 1744 1744 1745 1745 1746 1746 1747 1747 1748 1748 1749 1749 1750 1750 1751 1751 1752 1752 1753 1753 1754 1754 1755 1755 1756 1756 1757 1757 1758 1758 1759 1759 1760 1760 1761 1761 1762 1762 1763 1763 1764 1764 1765 1765 1766 1766 1767 1767 1768 1768 1769 1769 1770 1770 1771 1771 1772 1772 1773 1773 1774 1774 1775 1775 1776 1776 1777 1777 1778 1778 1779 1779 1780 1780 1781 1781 1782 1782 1783 1783 1784 1784 1785 1785 1786 1786 1787 1787 1788 1788 1789 1789 1790 1790 1791 1791 1792 1792 1793 1793 1794 1794 1795 1795 1796 1796 1797 1797 1798 1798 1799 1799 1800 1800 1801 1801 1802 1802 1803 1803 1804 1804 1805 1805 1806 1806 1807 1807 1808 1808 1809 1809 1810 1810 1811 1811 1812 1812 1813 1813 1814 1814 1815 1815 1816 1816 1817 1817 1818 1818 1819 1819 1820 1820 1821 1821 1822 1822 1823 1823 1824 1824 1825 1825 1826 1826 1827 1827 1828 1828 1829 1829 1830 1830 1831 1831 1832 1832 1833 1833 1834 1834 1835 1835 1836 1836 1837 1837 1838 1838 1839 1839 1840 1840 1841 1841 1842 1842 1843 1843 1844 1844 1845 1845 1846 1846 1847 1847 1848 1848 1849 1849 1850 1850 1851 1851 1852 1852 1853 1853 1854 1854 1855 1855 1856 1856 1857 1857 1858 1858 1859 1859 1860 1860 1861 1861 1862 1862 1863 1863 1864 1864 1865 1865 1866 1866 1867 1867 1868 1868 1869 1869 1870 1870 1871 1871 1872 1872 1873 1873 1874 1874 1875 1875 1876 1876 1877 1877 1878 1878 1879 1879 1880 1880 1881 1881 1882 1882 1883 1883 1884 1884 1885 1885 1886 1886 1887 1887 1888 1888 1889 1889 1890 1890 1891 1891 1892 1892 1893 1893 1894 1894 1895 1895 1896 1896 1897 1897 1898 1898 1899 1899 1900 1900 1901 1901 1902 1902 1903 1903 1904 1904 1905 1905 1906 1906 1907 1907 1908 1908 1909 1909 1910 1910 1911 1911 1912 1912 1913 1913 1914 1914 1915 1915 1916 1916 1917 1917 1918 1918 1919 1919 1920 1920 1921 1921 1922 1922 1923 1923 1924 1924 1925 1925 1926 1926 1927 1927 1928 1928 1929 1929 1930 1930 1931 1931 1932 1932 1933 1933 1934 1934 1935 1935 1936 1936 1937 1937 1938 1938 1939 1939 1940 1940 1941 1941 1942 1942 1943 1943 1944 1944 1945 1945 1946 1946 1947 1947 1948 1948 1949 1949 1950 1950 1951 1951 1952 1952 1953 1953 1954 1954 1955 1955 1956 1956 1957 1957 1958 1958 1959 1959 1960 1960 1961 1961 1962 1962 1963 1963 1964 1964 1965 1965 1966 1966 1967 1967 1968 1968 1969 1969 1970 1970 1971 1971 1972 1972 1973 1973 1974 1974 1975 1975 1976 1976 1977 1977 1978 1978 1979 1979 1980 1980 1981 1981 1982 1982 1983 1983 1984 1984 1985 1985 1986 1986 1987 1987 1988 1988 1989 1989 1990 1990 1991 1991 1992 1992 1993 1993 1994 1994 1995 1995 1996 1996 1997 1997 1998 1998 1999 1999 0 
        </DataArray>
        <DataArray type="Int64" Name="offsets" format="ascii">
2 4 6 8 10 12 14 16 18 20 22 24 26 28 30 32 34 36 38 40 42 44 46 48 50 52 54 56 58 60 62 64 66 68 70 72 74 76 78 80 82 84 86 88 90 92 94 96 98 100 102 104 106 108 110 112 114 116 118 120 122 124 126 128 130 132 134 136 138 140 142 144 146 148 150 152 154 156 158 160 162 164 166 168 170 172 174 176 178 180 182 184 186 188 190 192 194 196 198 200 202 204 206 208 210 212 214 216 218 220 222 224 226 228 230 232 234 236 238 240 242 244 246 248 250 252 254 256 258 260 262 264 266 268 270 272 274 276 278 280 282 284 286 288 290 292 294 296 298 300 302 304 306 308 310 312 314 316 318 320 322 324 326 328 330 332 334 336 338 340 342 344 346 348 350 352 354 356 358 360 362 364 366 368 370 372 374 376 378 380 382 384 386 388 390 392 394 396 398 400 402 404 406 408 410 412 414 416 418 420 422 424 426 428 430 432 434 436 438 440 442 444 446 448 450 452 454 456 458 460 462 464 466 468 470 472 474 476 478 480 482 484 486 488 490 492 494 496 498 500 502 504 506 508 510 512 514 516 518 520 522 524 526 528 530 532 534 536 538 540 542 544 546 548 550 552 554 556 558 560 562 564 566 568 570 572 574 576 578 580 582 584 586 588 590 592 594 596 598 600 602 604 606 608 610 612 614 616 618 620 622 624 626 628 630 632 634 636 638 640 642 644 646 648 650 652 654 656 658 660 662 664 666 668 670 672 674 676 678 680 682 684 686 688 690 692 694 696 698 700 702 704 706 708 710 712 714 716 718 720 722 724 726 728 730 732 734 736 738 740 742 744 746 748 750 752 754 756 758 760 762 764 766 768 770 772 774 776 778 780 782 784 786 788 790 792 794 796 798 800 802 804 806 808 810 812 814 816 818 820 822 824 826 828 830 832 834 836 838 840 842 844 846 848 850 852 854 856 858 860 862 864 866 868 870 872 874 876 878 880 882 884 886 888 890 892 894 896 898 900 902 904 906 908 910 912 914 916 918 920 922 924 926 928 930 932 934 936 938 940 942 944 946 948 950 952 954 956 958 960 962 964 966 968 970 972 974 976 978 980 982 984 986 988 990 992 994 996 998 1000 1002 1004 1006 1008 1010 1012 1014 1016 1018 1020 1022 1024 1026 1028 1030 1032 1034 1036 1038 1040 1042 1044 1046 1048 1050 1052 1054 1056 1058 1060 1062 1064 1066 1068 1070 1072 1074 1076 1078 1080 1082 1084 1086 1088 1090 1092 1094 1096 1098 1100 1102 1104 1106 1108 1110 1112 1114 1116 1118 1120 1122 1124 1126 1128 1130 1132 1134 1136 1138 1140 1142 1144 1146 1148 1150 1152 1154 1156 1158 1160 1162 1164 1166 1168 1170 1172 1174 1176 1178 1180 1182 1184 1186 1188 1190 1192 1194 1196 1198 1200 1202 1204 1206 1208 1210 1212 1214 1216 1218 1220 1222 1224 1226 1228 1230 1232 1234 1236 1238 1240 1242 1244 1246 1248 1250 1252 1254 1256 1258 1260 1262 1264 1266 1268 1270 1272 1274 1276 1278 1280 1282 1284 1286 1288 1290 1292 1294 1296 1298 1300 1302 1304 1306 1308 1310 1312 1314 1316 1318 1320 1322 1324 1326 1328 1330 1332 1334 1336 1338 1340 1342 1344 1346 1348 1350 1352 1354 1356 1358 1360 1362 1364 1366 1368 1370 1372 1374 1376 1378 1380 1382 1384 1386 1388 1390 1392 1394 1396 1398 1400 1402 1404 1406 1408 1410 1412 1414 1416 1418 1420 1422 1424 1426 1428 1430 1432 1434 1436 1438 1440 1442 1444 1446 1448 1450 1452 1454 1456 1458 1460 1462 1464 1466 1468 1470 1472 1474 1476 1478 1480 1482 1484 1486 1488 1490 1492 1494 1496 1498 1500 1502 1504 1506 1508 1510 1512 1514 1516 1518 1520 1522 1524 1526 1528 1530 1532 1534 1536 1538 1540 1542 1544 1546 1548 1550 1552 1554 1556 1558 1560 1562 1564 1566 1568 1570 1572 1574 1576 1578 1580 1582 1584 1586 1588 1590 1592 1594 1596 1598 1600 1602 1604 1606 1608 1610 1612 1614 1616 1618 1620 1622 1624 1626 1628 1630 1632 1634 1636 1638 1640 1642 1644 1646 1648 1650 1652 1654 1656 1658 1660 1662 1664 1666 1668 1670 1672 1674 1676 1678 1680 1682 1684 1686 1688 1690 1692 1694 1696 1698 1700 1702 1704 1706 1708 1710 1712 1714 1716 1718 1720 1722 1724 1726 1728 1730 1732 1734 1736 1738 1740 1742 1744 1746 1748 1750 1752 1754 1756 1758 1760 1762 1764 1766 1768 1770 1772 1774 1776 1778 1780 1782 1784 1786 1788 1790 1792 1794 1796 1798 1800 1802 1804 1806 1808 1810 1812 1814 1816 1818 1820 1822 1824 1826 1828 1830 1832 1834 1836 1838 1840 1842 1844 1846 1848 1850 1852 1854 1856 1858 1860 1862 1864 1866 1868 1870 1872 1874 1876 1878 1880 1882 1884 1886 1888 1890 1892 1894 1896 1898 1900 1902 1904 1906 1908 1910 1912 1914 1916 1918 1920 1922 1924 1926 1928 1930 1932 1934 1936 1938 1940 1942 1944 1946 1948 1950 1952 1954 1956 1958 1960 1962 1964 1966 1968 1970 1972 1974 1976 1978 1980 1982 1984 1986 1988 1990 1992 1994 1996 1998 2000 2002 2004 2006 2008 2010 2012 2014 2016 2018 2020 2022 2024 2026 2028 2030 2032 2034 2036 2038 2040 2042 2044 2046 2048 2050 2052 2054 2056 2058 2060 2062 2064 2066 2068 2070 2072 2074 2076 2078 2080 2082 2084 2086 2088 2090 2092 2094 2096 2098 2100 2102 2104 2106 2108 2110 2112 2114 2116 2118 2120 2122 2124 2126 2128 2130 2132 2134 2136 2138 2140 2142 2144 2146 2148 2150 2152 2154 2156 2158 2160 2162 2164 2166 2168 2170 2172 2174 2176 2178 2180 2182 2184 2186 2188 2190 2192 2194 2196 2198 2200 2202 2204 2206 2208 2210 2212 2214 2216 2218 2220 2222 2224 2226 2228 2230 2232 2234 2236 2238 2240 2242 2244 2246 2248 2250 2252 2254 2256 2258 2260 2262 2264 2266 2268 2270 2272 2274 2276 2278 2280 2282 2284 2286 2288 2290 2292 2294 2296 2298 2300 2302 2304 2306 2308 2310 2312 2314 2316 2318 2320 2322 2324 2326 2328 2330 2332 2334 2336 2338 2340 2342 2344 2346 2348 2350 2352 2354 2356 2358 2360 2362 2364 2366 2368 2370 2372 2374 2376 2378 2380 2382 2384 2386 2388 2390 2392 2394 2396 2398 2400 2402 2404 2406 2408 2410 2412 2414 2416 2418 2420 2422 2424 2426 2428 2430 2432 2434 2436 2438 2440 2442 2444 2446 2448 2450 2452 2454 2456 2458 2460 2462 2464 2466 2468 2470 2472 2474 2476 2478 2480 2482 2484 2486 2488 2490 2492 2494 2496 2498 2500 2502 2504 2506 2508 2510 2512 2514 2516 2518 2520 2522 2524 2526 2528 2530 2532 2534 2536 2538 2540 2542 2544 2546 2548 2550 2552 2554 2556 2558 2560 2562 2564 2566 2568 2570 2572 2574 2576 2578 2580 2582 2584 2586 2588 2590 2592 2594 2596 2598 2600 2602 2604 2606 2608 2610 2612 2614 2616 2618 2620 2622 2624 2626 2628 2630 2632 2634 2636 2638 2640 2642 2644 2646 2648 2650 2652 2654 2656 2658 2660 2662 2664 2666 2668 2670 2672 2674 2676 2678 2680 2682 2684 2686 2688 2690 2692 2694 2696 2698 2700 2702 2704 2706 2708 2710 2712 2714 2716 2718 2720 2722 2724 2726 2728 2730 2732 2734 2736 2738 2740 2742 2744 2746 2748 2750 2752 2754 2756 2758 2760 2762 2764 2766 2768 2770 2772 2774 2776 2778 2780 2782 2784 2786 2788 2790 2792 2794 2796 2798 2800 2802 2804 2806 2808 2810 2812 2814 2816 2818 2820 2822 2824 2826 2828 2830 2832 2834 2836 2838 2840 2842 2844 2846 2848 2850 2852 2854 2856 2858 2860 2862 2864 2866 2868 2870 2872 2874 2876 2878 2880 2882 2884 2886 2888 2890 2892 2894 2896 2898 2900 2902 2904 2906 2908 2910 2912 2914 2916 2918 2920 2922 2924 2926 2928 2930 2932 2934 2936 2938 2940 2942 2944 2946 2948 2950 2952 2954 2956 2958 2960 2962 2964 2966 2968 2970 2972 2974 2976 2978 2980 2982 2984 2986 2988 2990 2992 2994 2996 2998 3000 3002 3004 3006 3008 3010 3012 3014 3016 3018 3020 3022 3024 3026 3028 3030 3032 3034 3036 3038 3040 3042 3044 3046 3048 3050 3052 3054 3056 3058 3060 3062 3064 3066 3068 3070 3072 3074 3076 3078 3080 3082 3084 3086 3088 3090 3092 3094 3096 3098 3100 3102 3104 3106 3108 3110 3112 3114 3116 3118 3120 3122 3124 3126 3128 3130 3132 3134 3136 3138 3140 3142 3144 3146 3148 3150 3152 3154 3156 3158 3160 3162 3164 3166 3168 3170 3172 3174 3176 3178 3180 3182 3184 3186 3188 3190 3192 3194 3196 3198 3200 3202 3204 3206 3208 3210 3212 3214 3216 3218 3220 3222 3224 3226 3228 3230 3232 3234 3236 3238 3240 3242 3244 3246 3248 3250 3252 3254 3256 3258 3260 3262 3264 3266 3268 3270 3272 3274 3276 3278 3280 3282 3284 3286 3288 3290 3292 3294 3296 3298 3300 3302 3304 3306 3308 3310 3312 3314 3316 3318 3320 3322 3324 3326 3328 3330 3332 3334 3336 3338 3340 3342 3344 3346 3348 3350 3352 3354 3356 3358 3360 3362 3364 3366 3368 3370 3372 3374 3376 3378 3380 3382 3384 3386 3388 3390 3392 3394 3396 3398 3400 3402 3404 3406 3408 3410 3412 3414 3416 3418 3420 3422 3424 3426 3428 3430 3432 3434 3436 3438 3440 3442 3444 3446 3448 3450 3452 3454 3456 3458 3460 3462 3464 3466 3468 3470 3472 3474 3476 3478 3480 3482 3484 3486 3488 3490 3492 3494 3496 3498 3500 3502 3504 3506 3508 3510 3512 3514 3516 3518 3520 3522 3524 3526 3528 3530 3532 3534 3536 3538 3540 3542 3544 3546 3548 3550 3552 3554 3556 3558 3560 3562 3564 3566 3568 3570 3572 3574 3576 3578 3580 3582 3584 3586 3588 3590 3592 3594 3596 3598 3600 3602 3604 3606 3608 3610 3612 3614 3616 3618 3620 3622 3624 3626 3628 3630 3632 3634 3636 3638 3640 3642 3644 3646 3648 3650 3652 3654 3656 3658 3660 3662 3664 3666 3668 3670 3672 3674 3676 3678 3680 3682 3684 3686 3688 3690 3692 3694 3696 3698 3700 3702 3704 3706 3708 3710 3712 3714 3716 3718 3720 3722 3724 3726 3728 3730 3732 3734 3736 3738 3740 3742 3744 3746 3748 3750 3752 3754 3756 3758 3760 3762 3764 3766 3768 3770 3772 3774 3776 3778 3780 3782 3784 3786 3788 3790 3792 3794 3796 3798 3800 3802 3804 3806 3808 3810 3812 3814 3816 3818 3820 3822 3824 3826 3828 3830 3832 3834 3836 3838 3840 3842 3844 3846 3848 3850 3852 3854 3856 3858 3860 3862 3864 3866 3868 3870 3872 3874 3876 3878 3880 3882 3884 3886 3888 3890 3892 3894 3896 3898 3900 3902 3904 3906 3908 3910 3912 3914 3916 3918 3920 3922 3924 3926 3928 3930 3932 3934 3936 3938 3940 3942 3944 3946 3948 3950 3952 3954 3956 3958 3960 3962 3964 3966 3968 3970 3972 3974 3976 3978 3980 3982 3984 3986 3988 3990 3992 3994 3996 3998 4000 
        </DataArray>
      </Polys>
      <CellData Scalars="Pressure">
        <DataArray type="Float64" Name="Pressure" format="ascii">
74381.7 72299.9 71242.7 70250.6 69240.5 68684 68178.9 67681.1 67810.8 68103.4 68398.6 68454.6 68416 68380.1 68573.2 68898.2 69226 69611.4 70061.3 70505.2 70913.9 71260.7 71610.3 72011.7 72531.3 73044.4 73534.8 73925.8 74319.6 74740.2 75354.5 75960.2 76578.6 77197.7 77822.1 78431.2 79474.6 80520.5 82065.5 82830.6 83619.2 84393.4 85062.7 85703.2 86356.4 86738.5 87731.5 88717.6 89586.6 90316.9 91055.4 91925.3 93026.8 94115.7 95158.8 96014.9 96880.4 97797.5 99133.8 100919 102224 103454 104719 105939 106611 107668 108739 109935 111212 112478 113755 115008 116296 117624 119413 120808 121812 123127 124459 125760 127007 128229 129469 130912 132428 133939 135850 137289 138797 139729 140987 142217 143495 144848 146242 147630 149045 150778 152173 153005 154208 155402 156678 157992 159351 160691 162038 163657 164571 165616 166688 167752 168894 170051 171245 172480 174222 175519 176458 177462 178479 179475 180549 181668 182927 183830 184803 185740 186672 187587 188528 189464 191033 192080 193162 193697 194429 195156 195920 197202 198239 199200 199748 200419 201085 201760 202572 203651 204398 204820 205329 205797 206294 207183 207808 208326 208614 208938 209231 209540 210215 210640 211008 211282 211459 211578 211921 212192 212612 212742 212904 213060 213236 213414 213597 213771 213940 214123 214281 214507 214727 214801 214915 215008 215301 215755 216151 216475 216786 216969 217300 217561 217658 217819 217989 218247 218457 218713 218972 219226 219488 219763 220068 220419 220741 221023 221407 221782 222218 222645 223111 223404 223776 224192 224665 224814 225053 225255 225597 225937 226184 226427 226670 226879 227084 227291 227449 227556 227667 227761 227852 227911 227952 227982 227977 227995 227979 227978 227992 228002 228060 228083 228075 228052 228245 228490 228793 229144 228865 229014 229147 229254 229421 229821 230098 230244 230263 230450 230616 230723 230775 230909 230995 231039 231042 230989 230892 230773 230572 230381 230410 230408 230425 230169 230330 229403 229047 229248 229022 229457 229156 230444 231190 231240 231240 231426 232092 232733 233372 233306 233611 233565 233569 233777 233857 233668 233749 234143 234188 234147 233639 233360 233011 232653 232485 231192 230018 229032 228878 227805 226200 224374 222644 220841 218839 216705 215136 214944 215849 219353 219666 215992 217294 209339 196416 180978 162526 106264 70330.9 32522.8 16315.1 13137.4 12372.9 12716.3 12519.6 12865.3 13131.4 13599.3 13844 14164.1 13798.4 14178.1 14533.6 14789.1 15299.1 15631.7 16001.9 15598.8 16026.2 16408.4 16695.6 17312.8 17659.8 17275.3 17632.1 18051.7 18421.9 18691.4 19320.4 19733.3 20147.6 19699.8 20208.3 20620.4 20937.4 21588.6 22037.7 22466.9 21575.6 22123.3 22625.2 23065.3 23568.1 23979.9 24282.3 25557.9 25020.9 25507.3 25980.9 26537.8 26983.3 27304 28353.9 28882.6 27837.3 28435.8 29081.6 29669.2 30257 30878.8 31400 31804.7 33690.2 32496.2 33109.8 33810.3 34530.2 35191.9 35897.6 36602.1 37204.3 39051.4 39685.1 38633.6 39266.5 40043.4 40780.3 41445.4 42213.7 42906.6 43483 44947.4 45611.5 46255 45036.3 45807 46559.4 47288.8 48121.8 48873.4 49569.4 50323.8 50976.5 51498.2 53297 53996.6 52607.9 53406 54273.8 55100 55990.9 56914 57784.5 58617.5 59488.3 60241.7 61805.3 62571.7 63375.8 64173.7 65108.9 63397.5 64356.9 65359.9 66371.4 67345.5 68385.3 69400.8 70395.1 71401.4 72414.7 73353.5 74319.6 75262.3 76125.8 77961.7 78823.5 79677.5 80581.7 81668.3 82777.4 83855.2 81801.2 82810 83843.6 85001.5 86174.2 87323.4 88550.3 89755.1 90972.2 92165.2 93375.8 94564 95846.1 97127.8 98422.8 99694.7 100987 102255 103602 104968 106347 107700 109074 110420 111819 113244 114680 116077 117477 118846 120241 121652 123080 124492 126020 127514 129025 130532 132054 133542 135165 136758 138368 139955 141559 143126 144803 146471 148161 149775 151390 152971 154601 156210 157830 159521 161329 163100 164889 166629 168379 170183 172195 174165 176153 178074 180004 181936 184185 186393 188633 190813 193013 195163 197674 200192 206736 208685 210650 212535 214477 216331 218183 215120 217774 220472 222929 225000 227047 229291 231969 234601 237250 239776 242314 244871 247986 256149 259056 261459 263850 266195 263053 266092 269256 272062 274773 277430 280101 282703 285334 287867 296080 298576 295140 298407 301809 305196 308001 310722 313449 316843 320467 324108 332304 334895 337404 333948 337478 341018 344619 347959 351276 354473 357930 368628 372245 368082 372195 376271 380641 385121 389715 394235 399010 410222 409353 411234 413451 415935 417659 418784 419602 420693 427438 428981 425839 430645 435516 440295 444566 448554 459229 455852 459853 464142 468531 471646 474807 477912 486968 490104 493253 489239 494265 499548 505120 515352 519227 522964 519638 523672 528014 532180 535209 544364 548095 544264 549469 554872 560051 570965 575010 579024 575819 580338 585167 589716 600220 603728 608776 604209 611049 618026 633200 638205 649691 646901 644749 644139 645561 643690 649095 654474 660007 664638 672928 676114 680019 676135 680240 684269 687996 692580 697737 703299 707597 716436 719009 723248 720668 726301 732183 746773 745096 752164 759545 766793 781161 787717 794910 793560 801676 818979 830140 828355 842212 856092 880697 879459 886012 892567 899342 891394 884518 881388 878217 874731 886075 890992 897695 895786 902475 917629 922971 920466 925176 929753 941398 939042 943731 948479 959756 958430 963246 968088 973116 978191 984088 990449 997488 1.00497e+06 1.02236e+06 1.04014e+06 1.05891e+06 1.07806e+06 1.08444e+06 1.08316e+06 1.07962e+06 1.07391e+06 1.06677e+06 1.0613e+06 1.0573e+06 1.05489e+06 1.054e+06 1.05988e+06 1.06627e+06 1.07278e+06 1.07961e+06 1.08526e+06 1.09015e+06 1.09491e+06 1.09971e+06 1.11169e+06 1.10919e+06 1.11452e+06 1.1203e+06 1.13408e+06 1.13277e+06 1.13886e+06 1.14521e+06 1.15905e+06 1.16495e+06 1.16339e+06 1.16939e+06 1.18302e+06 1.18995e+06 1.19741e+06 1.19615e+06 1.21496e+06 1.232e+06 1.23819e+06 1.24789e+06 1.25522e+06 1.25564e+06 1.25643e+06 1.25761e+06 1.26622e+06 1.26316e+06 1.26781e+06 1.27327e+06 1.28651e+06 1.29198e+06 1.2916e+06 1.29683e+06 1.3075e+06 1.31167e+06 1.31486e+06 1.31334e+06 1.31489e+06 1.31616e+06 1.31756e+06 1.32823e+06 1.32083e+06 1.32564e+06 1.33196e+06 1.35431e+06 1.3621e+06 1.37113e+06 1.37454e+06 1.38579e+06 1.39784e+06 1.40886e+06 1.4185e+06 1.421e+06 1.42178e+06 1.42307e+06 1.42977e+06 1.43207e+06 1.43437e+06 1.43242e+06 1.43449e+06 1.43658e+06 1.43911e+06 1.44217e+06 1.45125e+06 1.44871e+06 1.4525e+06 1.46408e+06 1.47347e+06 1.47355e+06 1.47771e+06 1.47681e+06 1.48054e+06 1.48473e+06 1.49555e+06 1.49994e+06 1.50392e+06 1.50354e+06 1.50727e+06 1.51131e+06 1.51584e+06 1.52766e+06 1.53229e+06 1.53709e+06 1.53779e+06 1.54195e+06 1.54602e+06 1.55055e+06 1.56092e+06 1.5652e+06 1.56502e+06 1.56923e+06 1.57295e+06 1.57704e+06 1.58158e+06 1.59307e+06 1.59774e+06 1.60256e+06 1.60345e+06 1.60746e+06 1.61174e+06 1.6165e+06 1.62722e+06 1.63138e+06 1.63532e+06 1.63599e+06 1.64017e+06 1.64505e+06 1.65048e+06 1.65437e+06 1.65736e+06 1.66002e+06 1.66575e+06 1.66512e+06 1.66745e+06 1.66999e+06 1.67268e+06 1.67574e+06 1.67908e+06 1.68731e+06 1.6909e+06 1.69053e+06 1.69451e+06 1.6989e+06 1.70323e+06 1.7075e+06 1.71127e+06 1.71524e+06 1.71926e+06 1.72696e+06 1.72608e+06 1.72925e+06 1.7332e+06 1.73753e+06 1.74176e+06 1.74579e+06 1.74948e+06 1.7533e+06 1.76124e+06 1.76476e+06 1.76371e+06 1.76713e+06 1.77148e+06 1.77601e+06 1.78052e+06 1.78444e+06 1.78828e+06 1.79245e+06 1.80156e+06 1.80501e+06 1.80849e+06 1.81043e+06 1.81368e+06 1.817e+06 1.82015e+06 1.82264e+06 1.82536e+06 1.82839e+06 1.83485e+06 1.84174e+06 1.84863e+06 1.85528e+06 1.85783e+06 1.85883e+06 1.86144e+06 1.8643e+06 1.86721e+06 1.87047e+06 1.87398e+06 1.87755e+06 1.88082e+06 1.88353e+06 1.88632e+06 1.89272e+06 1.89568e+06 1.89879e+06 1.90188e+06 1.90517e+06 1.9066e+06 1.90992e+06 1.91268e+06 1.91542e+06 1.91815e+06 1.92129e+06 1.92451e+06 1.92774e+06 1.93042e+06 1.93287e+06 1.93535e+06 1.93809e+06 1.94092e+06 1.94374e+06 1.94834e+06 1.9507e+06 1.95305e+06 1.9555e+06 1.95796e+06 1.96049e+06 1.96295e+06 1.96386e+06 1.96635e+06 1.96885e+06 1.97093e+06 1.97305e+06 1.97515e+06 1.97757e+06 1.97997e+06 1.98239e+06 1.98439e+06 1.98635e+06 1.98828e+06 1.99043e+06 1.99261e+06 1.9948e+06 1.9968e+06 1.99877e+06 2.0007e+06 2.00265e+06 2.00453e+06 2.00642e+06 2.00828e+06 2.01018e+06 2.01205e+06 2.01387e+06 2.0155e+06 2.01715e+06 2.01881e+06 2.0206e+06 2.02235e+06 2.02406e+06 2.0255e+06 2.02696e+06 2.0284e+06 2.02998e+06 2.03153e+06 2.03309e+06 2.0343e+06 2.03553e+06 2.03673e+06 2.03806e+06 2.03937e+06 2.0407e+06 2.04173e+06 2.04274e+06 2.04373e+06 2.04478e+06 2.04583e+06 2.04688e+06 2.0479e+06 2.04891e+06 2.04991e+06 2.05071e+06 2.05136e+06 2.05202e+06 2.05282e+06 2.05375e+06 2.05467e+06 2.05539e+06 2.05584e+06 2.0563e+06 2.05683e+06 2.05752e+06 2.05821e+06 2.05884e+06 2.05927e+06 2.05971e+06 2.06013e+06 2.06057e+06 2.061e+06 2.06142e+06 2.0617e+06 2.062e+06 2.06229e+06 2.06279e+06 2.06328e+06 2.06479e+06 2.06462e+06 2.06446e+06 2.0643e+06 2.06457e+06 2.06489e+06 2.06525e+06 2.0649e+06 2.06454e+06 2.06415e+06 2.06407e+06 2.0643e+06 2.06453e+06 2.06446e+06 2.06398e+06 2.06352e+06 2.06311e+06 2.06285e+06 2.0626e+06 2.06231e+06 2.06177e+06 2.06173e+06 2.06123e+06 2.06082e+06 2.06043e+06 2.06005e+06 2.05889e+06 2.058e+06 2.05704e+06 2.05607e+06 2.05508e+06 2.05409e+06 2.05297e+06 2.05178e+06 2.05056e+06 2.04955e+06 2.04986e+06 2.04913e+06 2.04801e+06 2.04638e+06 2.04468e+06 2.04302e+06 2.04237e+06 2.04177e+06 2.04119e+06 2.04046e+06 2.03968e+06 2.03888e+06 2.03736e+06 2.03634e+06 2.03531e+06 2.03296e+06 2.03164e+06 2.03042e+06 2.02911e+06 2.02745e+06 2.02576e+06 2.02409e+06 2.02254e+06 2.02228e+06 2.02068e+06 2.01827e+06 2.01663e+06 2.01498e+06 2.01316e+06 2.01127e+06 2.00933e+06 2.00743e+06 2.00562e+06 2.00461e+06 2.002e+06 2.00002e+06 1.998e+06 1.996e+06 1.99383e+06 1.99164e+06 1.98937e+06 1.98724e+06 1.98614e+06 1.98414e+06 1.98132e+06 1.97928e+06 1.97728e+06 1.97537e+06 1.97357e+06 1.97188e+06 1.97032e+06 1.9684e+06 1.96683e+06 1.96523e+06 1.96339e+06 1.96106e+06 1.9589e+06 1.95698e+06 1.95624e+06 1.95478e+06 1.95316e+06 1.94978e+06 1.94798e+06 1.94628e+06 1.94462e+06 1.9439e+06 1.94202e+06 1.94018e+06 1.93562e+06 1.93377e+06 1.93218e+06 1.9307e+06 1.92868e+06 1.92782e+06 1.92575e+06 1.92139e+06 1.91911e+06 1.91708e+06 1.91516e+06 1.91463e+06 1.91278e+06 1.91004e+06 1.90543e+06 1.90154e+06 1.89769e+06 1.89437e+06 1.89239e+06 1.88997e+06 1.88715e+06 1.87822e+06 1.87525e+06 1.87283e+06 1.8735e+06 1.87015e+06 1.86939e+06 1.86382e+06 1.85833e+06 1.85614e+06 1.85648e+06 1.85194e+06 1.84937e+06 1.84705e+06 1.84489e+06 1.84263e+06 1.84202e+06 1.83932e+06 1.83633e+06 1.83131e+06 1.82906e+06 1.82717e+06 1.8243e+06 1.81793e+06 1.81129e+06 1.80459e+06 1.79915e+06 1.79775e+06 1.79444e+06 1.79098e+06 1.77796e+06 1.77331e+06 1.76927e+06 1.77121e+06 1.76344e+06 1.76033e+06 1.75723e+06 1.75403e+06 1.75239e+06 1.74836e+06 1.74366e+06 1.73517e+06 1.73037e+06 1.72915e+06 1.72443e+06 1.7153e+06 1.71047e+06 1.70614e+06 1.70552e+06 1.69766e+06 1.69315e+06 1.68905e+06 1.68522e+06 1.68388e+06 1.67956e+06 1.67769e+06 1.67008e+06 1.66208e+06 1.66072e+06 1.65641e+06 1.65122e+06 1.64232e+06 1.63742e+06 1.63647e+06 1.63168e+06 1.62216e+06 1.61727e+06 1.61283e+06 1.61244e+06 1.60363e+06 1.59899e+06 1.59471e+06 1.59444e+06 1.58622e+06 1.5816e+06 1.57727e+06 1.57306e+06 1.56867e+06 1.56395e+06 1.55971e+06 1.5558e+06 1.55234e+06 1.54885e+06 1.54603e+06 1.54379e+06 1.54219e+06 1.53772e+06 1.52929e+06 1.51735e+06 1.50229e+06 1.48737e+06 1.47934e+06 1.47288e+06 1.4682e+06 1.46515e+06 1.4638e+06 1.46195e+06 1.45989e+06 1.45754e+06 1.45419e+06 1.45017e+06 1.44614e+06 1.44196e+06 1.44163e+06 1.43212e+06 1.427e+06 1.42189e+06 1.42136e+06 1.41076e+06 1.4051e+06 1.39963e+06 1.39976e+06 1.39448e+06 1.38338e+06 1.37827e+06 1.37951e+06 1.37495e+06 1.37013e+06 1.36013e+06 1.36094e+06 1.36101e+06 1.3511e+06 1.34557e+06 1.3348e+06 1.32959e+06 1.32472e+06 1.32004e+06 1.32076e+06 1.31076e+06 1.30595e+06 1.30117e+06 1.30158e+06 1.29644e+06 1.28534e+06 1.28026e+06 1.28165e+06 1.27665e+06 1.27163e+06 1.26047e+06 1.25624e+06 1.2522e+06 1.24839e+06 1.25029e+06 1.24132e+06 1.23748e+06 1.2337e+06 1.23465e+06 1.22992e+06 1.22412e+06 1.2133e+06 1.20751e+06 1.20166e+06 1.19573e+06 1.1899e+06 1.1842e+06 1.17899e+06 1.17366e+06 1.17532e+06 1.16987e+06 1.16623e+06 1.15893e+06 1.15684e+06 1.156e+06 1.15573e+06 1.15601e+06 1.1583e+06 1.15776e+06 1.15459e+06 1.14424e+06 1.13399e+06 1.10506e+06 1.08444e+06 1.05606e+06 1.0453e+06 1.03566e+06 1.039e+06 1.03451e+06 1.03269e+06 1.02315e+06 1.02158e+06 1.02006e+06 1.01858e+06 1.02488e+06 1.02129e+06 1.01663e+06 1.00512e+06 1.00126e+06 998006 994982 999401 996822 989018 986804 983756 980465 977325 980709 975731 970227 957788 953009 948727 944766 949620 947704 945818 938200 935272 932428 929760 923964 917233 910089 908116 894524 886549 878987 873413 868023 862990 869245 877186 886314 890305 890955 891882 891990 888675 885677 883089 881581 857141 844092 833827 824418 815095 807881 803761 799512 802801 798061 786955 782383 777057 771718 766575 762727 759471 756223 760227 757915 755631 746619 741092 735667 730749 727479 724147 720642 715671 710724 706056 709061 704871 694515 690216 685872 681699 677362 672939 668541 664691 661883 659156 664209 662136 660073 657991 654191 642655 638033 634778 631640 628498 624715 620780 616787 613588 610779 607927 604257 599938 595658 599067 595851 592645 589271 585703 582087 578594 566929 561092 555303 550940 546483 542078 537365 532704 527960 524286 520712 517151 513227 509267 505239 501790 498548 495327 491822 488206 484530 481185 478082 475003 471809 468595 465322 461952 458167 454439 450741 447458 444096 440756 437263 433812 430310 427332 424287 421276 418102 414958 411743 408884 406010 403171 400278 397415 394483 391430 388234 385055 381905 378866 375772 372782 369771 366780 363807 360993 358140 355322 352408 349519 346661 344111 341515 338928 336120 333331 330486 327872 325208 322579 320306 318094 321891 319354 316735 314160 312046 310044 308016 303187 300823 298295 295741 293282 290654 287976 285203 282382 279505 276832 274084 271399 268938 272750 270318 268327 266350 264481 259985 257925 255603 253227 250667 247958 245365 243000 240552 238376 242095 240229 235171 233525 231525 229251 227033 224660 222048 219666 217221 214745 218306 216309 214298 209617 207820 205738 203414 201190 198722 196114 193997 197113 194981 189162 187220 185015 182799 180681 178372 176117 174130 177423 171622 170281 168676 166858 165108 163318 161336 159562 162560 161092 157583 156438 154970 153223 151741 150225 152073 147572 146185 144521 142631 141004 139201 137280 140046 138551 136989 134400 133286 131920 130301 131962 130726 129469 126685 125539 124108 122586 121376 122997 121761 118666 117202 115406 113558 115603 114282 112992 110247 108954 107330 105736 107485 106334 105293 102427 100955 99186.9 100479 99262.3 101259 97397.2 94723.7 93431.6 94014.1 90585.4 89482.6 88059.6 86267.7 84627 86663.9 85357.7 84319.4 82233.4 81143.9 79765.4 78514.2 77773.2 76712.8 75366.6 74047.3 75663.4 74591.2 73676.3 71600.5 70611.9 69313.7 70199.8 67393.5 66451.9 65198.6 63822 65446.5 64445.1 63818.7 62020.7 61235.5 61770.9 60816.8 59009.5 58390.5 57550.7 58175.6 55868.1 55112.4 54050 52645.2 54003.8 53095.1 54708.7 52150.7 50235.6 50821.4 49847 49360.6 47799.1 47100.3 47415.8 46697.6 45228.4 44648.7 43887.9 44401.8 42678.6 42125.1 41378.1 41913.1 40029.7 39632.4 39023.3 38182 37557.4 37314.8 36865.4 36194.2 35342.3 34996.2 34496.9 33827.8 33010.6 32553.1 32191.4 31659.1 30973.5 30335.7 30012.7 29525.6 28890.2 28085.6 27804 27387.9 26824.9 26096.4 25831.7 25709.9 25394.7 24875.7 25493.4 24258.9 23999.3 23570.2 24001.2 22824.9 22628.9 22288.7 22601.4 22288.6 21224.8 20906.8 21264.2 20803.9 20652.7 19596.1 19990.8 20592.6 19351.8 19164.8 18248.3 17994.1 17663.4 17245.5 17591.1 16584.9 16324.6 15979.4 16313.3 16094.9 15231 14969.1 15201.8 14965.9 14852.8 14069.4 13880.1 13639.4 13339.7 13580.4 12689.8 12486.2 12223.9 12480.6 12286.3 12212.1 11547.6 11385.2 11197.8 10953.5 10660.3 10371.9 10150 9879.64 10086.2 9983.09 10040.5 9283.52 9228.1 9127.24 8952.39 8698.11 9024.23 8232.12 8043.96 8370.01 8832.14 8131.53 8027.61 7498.01 7370.36 7197.69 7253 7118.35 7063.25 6633.09 6537.24 6412.33 6258.38 6294.98 6206.68 6140.25 5751.17 5640.49 5503.01 5339.99 5413.5 5336.23 4978.85 4931.64 4826.36 4666.42 4466.54 7407.22 32300 66908.4 100450 122525 138673 150297 150450 150812 151350 153647 153104 152407 151579 151278 151118 150941 149943 149754 149329 148976 149010 149058 149117 148901 149031 149483 149657 149904 150187 150567 151133 151711 152281 152772 153691 154417 155072 155710 156338 156877 157269 157658 157924 157990 157979 157955 157576 157160 156735 156069 155345 154624 154005 153361 152734 152157 151559 150959 150382 149848 149340 148841 148482 148153 147855 147674 147360 147013 146761 146553 146350 146212 146162 146108 146047 145974 145909 145859 145662 145425 145186 144764 144293 143820 143077 142272 141482 140590 139677 138748 137758 136701 135665 134605 133551 132480 131517 130254 129022 127769 126673 125556 124475 123292 122321 121341 120711 120080 119469 118726 117982 117224 116488 115742 115008 114172 113318 112449 111410 110251 109112 108028 107019 105994 104861 103565 102291 100853 99203.8 97526.1 95786.3 93796.6 91838 89759.8 87397.1 84995.1 82753.1 81364.6 79998.3 78576 76496.7 
        </DataArray>
        <DataArray type="Float64" Name="Temperature" format="ascii">
771.007 764.87 761.597 758.511 755.37 753.618 752.023 750.451 750.865 751.794 752.733 752.926 752.825 752.732 753.369 754.426 755.495 756.731 758.159 759.571 760.876 761.993 763.123 764.397 766.004 767.597 769.125 770.353 771.598 772.923 774.795 776.651 778.556 780.443 782.364 784.257 787.304 790.375 793.418 795.632 797.958 800.284 802.233 804.143 806.148 808.459 811.053 813.645 815.923 817.843 819.811 822.072 824.862 827.659 830.353 832.557 834.849 837.308 840.758 842.595 845.821 848.91 852.244 855.526 858.425 860.524 862.716 865.215 867.96 870.766 873.581 876.399 879.441 882.694 882.98 886.216 891.42 893.575 895.865 898.203 900.483 902.86 905.415 908.394 911.733 915.291 915.147 918.615 922.6 927.871 929.928 932.157 934.707 937.685 941.036 944.638 948.326 946.815 950.366 956.479 958.542 960.799 963.302 966.065 969.228 972.549 976.045 974.122 981.006 982.347 983.947 985.756 987.801 990.142 992.883 996.027 995.21 998.735 1005.14 1005.95 1007.58 1009.98 1013.03 1016.73 1010.77 1021.02 1021.75 1022.86 1024.31 1025.96 1028.26 1031.13 1028.28 1032.08 1036.79 1040.53 1041.13 1042.57 1044.96 1041.46 1045.45 1049.36 1054.15 1054.57 1055.87 1058.15 1061.9 1058 1061.27 1066.19 1066.49 1067.71 1070.12 1065.99 1070.08 1073.08 1077.5 1077.85 1079.25 1081.83 1077.48 1081.73 1083.85 1088.31 1089.12 1091.08 1086.64 1090.74 1084.11 1096.26 1101.22 1101.63 1095.94 1101.44 1100.07 1099.29 1099.06 1099.65 1096.26 1098.23 1099.7 1105.49 1107.37 1109.91 1111.7 1111.89 1112.09 1112.28 1112.96 1111.62 1113.11 1114.45 1115.12 1115.62 1116.29 1116.45 1117.54 1118.15 1118.77 1119.39 1119.85 1120.48 1121.15 1121.9 1122.85 1123.85 1125.31 1127.89 1130.39 1132.88 1134.02 1136.12 1136.21 1136.26 1136.27 1134.34 1133.73 1132.45 1132.81 1132.79 1132.89 1132.96 1133.06 1133.18 1133.29 1133.39 1133.52 1133.59 1133.68 1133.75 1133.82 1133.6 1133.3 1132.89 1132.35 1131.06 1129.38 1127.53 1125.45 1122.81 1119.73 1116.79 1113.89 1111.21 1111.05 1111.17 1111.57 1112.24 1113.26 1115.12 1117.71 1120.84 1116.76 1129.6 1142.09 1153.81 1165.16 1170.12 1174.63 1178.68 1182.42 1186.4 1190.35 1193.82 1196.91 1197.93 1198.44 1197.79 1196.66 1195.02 1192.71 1190.61 1188.7 1187.2 1186.23 1184.46 1183.58 1183.66 1183.32 1184.38 1184.73 1187.13 1188.5 1189.18 1189.18 1189.56 1190.96 1192.38 1193.86 1194 1193.34 1192 1190.43 1189.82 1188.05 1183.57 1181.19 1180.8 1178.46 1176.41 1171.22 1169.36 1167.52 1165.62 1165.32 1161.67 1159.69 1157.9 1157.62 1156.77 1155.76 1152.25 1151.9 1152.14 1151.87 1151.11 1152.41 1155.99 1160.87 1168.31 1175.26 1178.84 1171.03 1172.07 1169.69 1167.82 1166.37 912.375 674.104 432.884 326.419 300.705 293.589 295.854 294.815 297.058 298.774 301.547 303.013 304.947 302.911 305.208 307.357 308.898 311.73 313.57 315.638 313.594 315.97 318.086 319.664 322.77 324.557 322.735 324.583 326.737 328.633 330.01 332.989 334.959 336.937 334.971 337.367 339.304 340.79 343.649 345.593 347.451 343.667 346.059 348.238 350.136 352.292 354.038 355.296 360.277 358.332 360.309 362.217 364.401 366.148 367.407 371.167 373.086 369.482 371.656 373.998 376.12 378.229 380.441 382.288 383.713 389.765 386.076 388.073 390.351 392.684 394.817 397.065 399.286 401.174 406.519 408.356 405.505 407.339 409.57 411.683 413.588 415.753 417.701 419.325 423.115 424.839 426.505 423.582 425.559 427.487 429.351 431.461 433.365 435.129 436.993 438.611 439.913 443.998 445.61 442.642 444.469 446.443 448.321 450.328 452.39 454.336 456.184 458.083 459.731 462.984 464.548 466.179 467.791 469.658 466.498 468.419 470.404 472.401 474.321 476.346 478.314 480.239 482.166 484.096 485.885 487.701 489.454 491.066 494.236 495.727 497.196 498.74 500.563 502.415 504.205 501.318 503.005 504.722 506.609 508.51 510.366 512.307 514.204 516.114 517.955 519.812 521.63 523.56 525.477 527.409 529.279 531.163 533.008 534.943 536.885 538.843 540.743 542.651 544.516 546.437 548.37 550.317 552.198 554.053 555.866 557.705 559.532 561.382 563.205 565.137 567.027 568.938 570.79 572.664 574.498 576.422 578.308 580.215 582.065 583.932 585.757 587.664 589.549 591.46 593.262 595.055 596.812 598.598 600.348 602.112 603.925 605.842 607.723 609.603 611.41 613.23 615.088 617.125 619.124 621.13 623.035 624.952 626.865 629.034 631.17 633.336 635.385 637.459 639.49 641.772 644.061 649.807 651.517 653.246 654.91 656.586 658.19 659.8 657.22 659.482 661.79 663.868 665.595 667.31 669.166 671.351 673.508 675.67 677.698 679.746 681.807 684.236 690.423 692.666 694.498 696.335 698.14 695.832 698.106 700.488 702.559 704.548 706.509 708.458 710.342 712.262 714.105 719.729 721.504 719.271 721.506 723.846 726.185 728.064 729.903 731.763 733.996 736.386 738.806 743.934 745.607 747.254 745.144 747.33 749.543 751.79 753.83 755.879 757.874 759.964 766.145 768.303 765.946 768.324 770.713 773.217 775.756 778.398 780.991 783.667 789.624 789.041 790.159 791.625 793.393 794.694 795.816 797.008 797.638 798.82 798.708 796.716 799.207 801.756 804.28 806.472 808.526 813.823 812.215 814.188 816.326 818.522 820.043 821.599 823.14 827.463 828.992 830.547 828.599 830.974 833.498 836.18 840.837 842.648 844.395 842.877 844.699 846.682 848.594 849.97 853.979 855.65 853.97 856.257 858.662 860.973 865.581 867.375 869.13 867.823 869.748 871.834 873.815 878.084 879.649 881.731 879.934 882.732 885.648 891.506 893.53 897.653 897.27 897.453 896.619 895.414 894.679 896.782 898.897 901.095 902.944 906.024 907.337 908.878 907.372 908.918 910.448 911.845 913.517 915.421 917.496 919.095 922.327 923.274 924.805 923.824 925.853 927.983 933.208 932.593 935.085 937.691 940.236 945.195 947.45 949.893 949.272 951.944 957.845 961.492 960.537 964.967 969.346 977.761 976.463 978.931 981.816 985.215 982.301 979.84 978.208 977.374 976.341 979.801 981.364 983.359 982.799 984.824 989.371 990.957 990.209 991.593 992.98 996.344 995.709 997.065 998.485 1001.71 1001.45 1002.83 1004.27 1005.81 1007.33 1009 1010.85 1012.92 1015.14 1019.95 1024.9 1030.15 1035.53 1037.29 1036.93 1035.99 1034.51 1032.6 1031.02 1029.88 1029.23 1029.03 1030.6 1032.35 1034.16 1036.1 1037.62 1038.89 1040.17 1041.5 1044.57 1043.99 1045.38 1046.92 1050.46 1050.22 1051.76 1053.4 1056.95 1058.44 1058.13 1059.65 1063.06 1064.85 1066.65 1066.49 1071.06 1074.99 1076.86 1079.17 1081.17 1081.17 1081.3 1081.57 1083.5 1082.85 1083.94 1085.27 1088.4 1089.68 1089.67 1090.91 1093.42 1094.41 1095.09 1094.86 1095.18 1095.44 1095.75 1098.17 1096.49 1097.57 1099.02 1104.25 1106.03 1108.06 1108.53 1111.16 1114.04 1116.85 1119.5 1120.38 1120.49 1120.82 1122.27 1122.82 1123.2 1123.06 1123.45 1123.85 1124.4 1125.12 1126.88 1126.51 1127.33 1129.82 1131.34 1131.88 1132.72 1132.79 1133.53 1134.45 1136.81 1137.73 1138.47 1138.73 1139.45 1140.28 1141.28 1143.79 1144.69 1145.64 1146.14 1146.97 1147.82 1148.82 1150.94 1151.74 1152.1 1152.91 1153.62 1154.45 1155.45 1157.74 1158.55 1159.44 1160.15 1160.85 1161.71 1162.78 1164.99 1165.63 1166.28 1167.38 1168.06 1168.97 1170.07 1170.89 1171.61 1172.38 1173.16 1173.46 1173.85 1174.36 1174.92 1175.61 1176.41 1177.74 1178.31 1179.01 1179.66 1180.43 1181.25 1182.1 1182.82 1183.64 1184.51 1185.37 1185.87 1186.39 1187.06 1187.83 1188.64 1189.43 1190.14 1190.89 1192 1192.61 1192.89 1193.48 1194.21 1195.01 1195.84 1196.56 1197.28 1198.06 1199.68 1200.29 1201.01 1201.03 1201.62 1202.3 1203.03 1203.63 1204.35 1205.24 1206.74 1208.42 1210.2 1211.82 1212.18 1213.76 1214.07 1214.47 1214.95 1215.52 1216.14 1216.84 1217.54 1218.16 1218.82 1219.66 1220.04 1220.46 1220.92 1221.41 1223.77 1224.21 1224.54 1224.91 1225.34 1225.84 1226.4 1227.03 1227.59 1228.14 1228.76 1229.45 1230.18 1230.96 1230.91 1231.24 1231.55 1231.88 1232.18 1232.5 1232.8 1237.31 1237.65 1237.99 1238.25 1238.51 1238.78 1239.1 1239.43 1239.77 1240.03 1240.29 1240.56 1240.87 1241.19 1241.54 1241.84 1242.15 1242.46 1242.78 1243.1 1243.43 1243.75 1244.08 1244.41 1244.75 1245.05 1245.36 1245.68 1246 1246.33 1246.66 1246.93 1247.22 1247.5 1247.8 1248.11 1248.42 1248.64 1248.88 1249.12 1249.38 1249.63 1249.9 1250.07 1250.24 1250.42 1250.6 1250.78 1250.98 1251.14 1251.31 1251.48 1251.61 1251.71 1251.83 1251.97 1252.13 1252.32 1252.47 1252.57 1252.69 1252.83 1252.99 1253.17 1253.35 1253.51 1253.69 1253.88 1254.02 1254.19 1254.37 1254.44 1254.52 1254.61 1254.64 1254.65 1249.59 1249.58 1249.56 1249.54 1249.42 1249.27 1249.09 1252.75 1252.59 1252.51 1252.55 1252.72 1252.96 1253.29 1253.67 1254.08 1254.48 1254.78 1255.11 1255.44 1255.73 1250.6 1250.88 1251.01 1251.12 1251.14 1252.33 1252.12 1252.18 1252.13 1252.08 1252.18 1252.32 1252.47 1252.71 1253.03 1248.45 1248.78 1251.02 1250.28 1249.69 1249.26 1249.03 1249.05 1249.3 1249.41 1249.63 1250.01 1246.68 1246.87 1247.19 1248.02 1247.46 1247.09 1246.82 1246.55 1246.51 1246.69 1246.73 1244.08 1244.07 1245.69 1245.25 1245.01 1244.74 1244.5 1244.44 1244.5 1244.57 1241.32 1243.58 1242.82 1242.27 1241.96 1241.63 1241.45 1241.47 1241.59 1238.33 1238.45 1239.02 1238.18 1237.62 1237.36 1237.07 1237 1234.76 1236.29 1235.68 1235.3 1235.07 1234.75 1234.62 1234.68 1232.49 1232.52 1232.63 1231.95 1231.29 1230.89 1230.71 1229.24 1229.04 1228.97 1228.32 1227.8 1227.55 1227.47 1227.31 1226.03 1225.91 1225.34 1224.81 1224.54 1224.39 1223.29 1223.19 1223.01 1221.31 1220.4 1219.7 1219.19 1218.45 1218.15 1217.71 1216.1 1215.59 1215.31 1214.9 1214.4 1213.13 1213.25 1212.34 1211.93 1211.51 1211.23 1210.65 1210.23 1209.96 1209.67 1208.77 1208.55 1207.9 1207.11 1206.59 1206.37 1205.69 1204.1 1202.67 1201.43 1200.46 1199.66 1199.23 1198.71 1196.29 1195.42 1194.81 1194.78 1193.77 1193.19 1192.72 1192.29 1191.43 1190.89 1190.01 1188.51 1187.57 1186.99 1186.18 1184.6 1183.6 1182.82 1182.37 1181.27 1180.33 1179.56 1178.94 1178.13 1177.44 1176.15 1175.4 1174.1 1173.42 1172.76 1171.56 1169.91 1168.91 1168.46 1167.52 1165.7 1164.64 1163.8 1163.37 1161.8 1160.76 1159.91 1159.55 1158.19 1157.13 1156.23 1155.47 1154.58 1153.45 1152.52 1151.75 1151.17 1150.33 1149.73 1149.33 1149.15 1148.16 1146.28 1143.76 1140.67 1137.58 1135.76 1134.37 1133.44 1132.95 1132.54 1132.1 1131.7 1131.34 1130.53 1129.49 1128.58 1127.75 1127.27 1125.47 1124.27 1123.18 1122.79 1120.72 1119.34 1118.1 1117.97 1116.73 1114.4 1113.2 1113.28 1112.33 1111.07 1109.07 1109 1108.45 1106.77 1105.37 1103.18 1101.94 1100.82 1099.8 1099.67 1097.64 1096.52 1095.47 1095.37 1094.09 1091.64 1090.41 1090.63 1089.4 1088.05 1085.58 1084.52 1083.54 1082.65 1082.88 1080.99 1080.03 1079.14 1079.27 1078.07 1076.52 1074.04 1072.58 1071.11 1069.65 1068.24 1066.79 1065.44 1064.11 1064.47 1062.89 1061.6 1060.11 1059.37 1059.01 1058.86 1058.94 1059.12 1060.94 1060.63 1056.69 1052.86 1045.88 1040.24 1032.99 1029.88 1027.17 1027.93 1026.63 1025.94 1023.5 1022.98 1022.52 1022.13 1023.82 1022.73 1021.31 1018.26 1017.11 1016.17 1015.33 1016.51 1015.72 1013.65 1012.95 1012.05 1011.09 1010.2 1011.11 1009.6 1007.96 1004.47 1003.03 1001.77 1000.63 1002.05 1001.44 1000.87 998.758 997.872 997.031 996.261 994.534 992.523 990.394 989.307 985.529 982.934 980.492 978.641 976.882 975.27 977.31 980.727 986.12 987.38 986.937 986.809 986.548 985.105 983.915 983.013 982.466 974.956 970.718 967.312 964.162 961.075 958.687 957.301 955.885 956.808 955.17 951.621 950.028 948.144 946.27 944.484 943.136 941.998 940.878 942.141 941.264 940.42 937.387 935.363 933.391 931.613 930.405 929.184 927.91 926.078 924.262 922.558 923.502 921.914 918.221 916.567 914.895 913.298 911.635 909.928 908.241 906.765 905.678 904.629 906.528 905.696 904.873 904.054 902.556 898.176 896.34 895.024 893.757 892.496 890.965 889.37 887.759 886.46 885.311 884.149 882.641 880.857 879.093 880.455 879.096 877.746 876.329 874.809 873.272 871.791 866.871 864.332 861.815 859.863 857.873 855.912 853.778 851.669 849.526 847.838 846.191 844.553 842.726 840.875 838.994 837.367 835.827 834.299 832.62 830.879 829.109 827.488 825.971 824.466 822.896 821.303 819.681 818.004 816.103 814.231 812.367 810.686 808.966 807.253 805.44 803.648 801.829 800.258 798.653 797.066 795.359 793.668 791.938 790.38 788.811 787.261 785.665 784.08 782.457 780.75 778.955 777.17 775.386 773.657 771.895 770.177 768.433 766.7 764.964 763.308 761.626 759.954 758.206 756.471 754.747 753.193 751.61 750.026 748.285 746.552 744.78 743.133 741.45 739.787 738.337 736.922 739.11 737.481 735.795 734.135 732.764 731.463 730.143 726.964 725.345 723.615 721.853 720.142 718.313 716.439 714.488 712.501 710.467 708.564 706.605 704.687 702.917 705.587 703.841 702.405 700.98 699.632 696.287 694.727 692.967 691.151 689.188 687.108 685.11 683.281 681.385 679.7 682.592 681.15 677.177 675.845 674.221 672.369 670.541 668.578 666.414 664.429 662.386 660.314 663.297 661.62 659.929 655.903 654.31 652.459 650.382 648.376 646.148 643.792 641.863 644.652 642.707 637.33 635.465 633.34 631.189 629.119 626.858 624.643 622.683 625.85 620.13 618.737 617.064 615.163 613.324 611.438 609.348 607.481 610.586 609.046 605.326 604.063 602.442 600.513 598.866 597.182 599.172 594.191 592.592 590.663 588.463 586.552 584.433 582.173 585.376 583.626 581.795 578.671 577.291 575.601 573.598 575.619 574.092 572.54 569.047 567.576 565.732 563.768 562.211 564.28 562.692 558.633 556.662 554.234 551.733 554.472 552.693 550.957 547.143 545.308 542.997 540.727 543.196 541.566 540.086 535.9 533.708 531.065 532.944 531.14 534.084 528.32 524.189 522.153 522.995 517.607 515.796 513.443 510.467 507.744 511.038 508.886 507.166 503.572 501.646 499.213 496.98 495.622 493.67 491.186 488.755 491.648 489.69 488.02 484.106 482.185 479.664 481.277 475.836 473.916 471.359 468.552 471.762 469.757 468.469 464.707 463.018 464.049 462.023 458.137 456.742 454.859 456.159 451.077 449.335 446.87 443.6 446.683 444.634 448.305 442.39 437.811 439.14 436.781 435.578 431.681 429.896 430.607 428.806 424.974 423.422 421.391 422.691 418.096 416.561 414.483 415.872 410.663 409.492 407.701 405.231 403.374 402.622 401.235 399.167 396.538 395.423 393.819 391.672 389.053 387.532 386.272 384.446 382.114 379.936 378.766 377.02 374.754 371.896 370.766 369.149 367.003 364.256 363.201 362.646 361.333 359.221 361.582 356.652 355.557 353.761 355.434 350.547 349.649 348.141 349.339 348.02 343.355 341.933 343.445 341.384 340.602 335.753 337.442 340.121 334.353 333.418 328.993 327.663 325.935 323.753 325.391 320.151 318.686 316.785 318.457 317.291 312.527 311.054 312.29 310.911 310.183 305.691 304.497 302.966 301.074 302.393 296.855 295.463 293.723 295.266 294.022 293.482 289.033 287.914 286.582 284.837 282.738 280.532 278.769 276.668 277.974 277.273 277.77 271.808 271.475 270.69 269.266 267.159 269.923 263.017 261.375 264.351 268.336 262.278 261.341 256.547 255.287 253.603 254.008 252.687 252.101 247.871 246.853 245.497 243.833 244.068 243.113 242.369 238.188 236.903 235.278 233.357 234.064 233.133 228.868 228.27 226.833 224.642 221.932 270.993 509.193 789.443 1060.59 1149.12 1207.59 1251.33 1285.39 1296.07 1307.71 1318.02 1331.22 1344.38 1357.07 1365.79 1370.06 1370.65 1354.26 1342.75 1326.14 1312.11 1308.97 1307.18 1306.81 1310.89 1312.9 1312.89 1293.77 1253.4 1212.49 1167.32 1114.54 1060.9 1008.15 999.991 995.302 991.777 994.146 999.292 1004.41 1007.99 1009.36 1010.74 1011.86 1010.5 1007.47 1005.33 1001.74 997.959 994.169 990.686 987.395 984.034 982.246 980.439 978.562 975.688 974.484 973.261 972.076 971.033 970.055 969.109 968.318 967.593 966.953 966.984 966.023 964.856 964.011 963.241 962.489 961.903 961.553 961.195 960.846 960.515 960.2 959.988 959.334 958.6 957.877 956.649 955.031 953.632 951.553 949.321 947.134 944.673 942.157 939.603 936.972 934.222 931.53 928.84 926.241 923.603 920.9 917.713 914.606 911.447 908.658 905.825 903.084 901.897 899.355 896.798 894.952 893.11 891.333 889.24 887.165 885.064 883.001 880.916 878.878 876.597 874.286 871.946 869.214 866.201 863.248 860.43 857.802 855.135 852.255 849.026 845.858 842.28 838.175 834.003 829.629 824.515 819.484 814.084 807.726 801.263 795.209 791.277 787.409 783.373 777.242 
        </DataArray>
        <DataArray type="Float64" Name="Tau1" format="ascii">
0 0 0 0 0 0 0 0 0 0 0 0 0 0 0 0 0 0 0 0 0 0 0 0 0 0 0 0 0 0 0 0 0 0 0 0 0 0 0 0 0 0 0 0 0 0 0 0 0 0 0 0 0 0 0 0 0 0 0 0 0 0 0 0 0 0 0 0 0 0 0 0 0 0 0 0 0 0 0 0 0 0 0 0 0 0 0 0 0 0 0 0 0 0 0 0 0 0 0 0 0 0 0 0 0 0 0 0 0 0 0 0 0 0 0 0 0 0 0 0 0 0 0 0 0 0 0 0 0 0 0 0 0 0 0 0 0 0 0 0 0 0 0 0 0 0 0 0 0 0 0 0 0 0 0 0 0 0 0 0 0 0 0 0 0 0 0 0 0 0 0 0 0 0 0 0 0 0 0 0 0 0 0 0 0 0 0 0 0 0 0 0 0 0 0 0 0 0 0 0 0 0 0 0 0 0 0 0 0 0 0 0 0 0 0 0 0 0 0 0 0 0 0 0 0 0 0 0 0 0 0 0 0 0 0 0 0 0 0 0 0 0 0 0 0 0 0 0 0 0 0 0 0 0 0 0 0 0 0 0 0 0 0 0 0 0 0 0 0 0 0 0 0 0 0 0 0 0 0 0 0 0 0 0 0 0 0 0 0 0 0 0 0 0 0 0 0 0 0 0 0 0 0 0 0 0 0 0 0 0 0 0 0 0 0 0 0 0 0 0 0 0 0 0 0 0 0 0 0 0 0 0 0 0 0 0 0 0 0 0 0 0 0 0 0 0 0 0 0 0 0 0 0 0 0 0 0 0 0 0 0 0 0 0 0 0 0 0 0 0 0 0 0 0 0 0 0 0 0 0 0 0 0 0 0 0 0 0 0 0 0 0 0 0 0 0 0 0 0 0 0 0 0 0 0 0 0 0 0 0 0 0 0 0 0 0 0 0 0 0 0 0 0 0 0 0 0 0 0 0 0 0 0 0 0 0 0 0 0 0 0 0 0 0 0 0 0 0 0 0 0 0 0 0 0 0 0 0 0 0 0 0 0 0 0 0 0 0 0 0 0 0 0 0 0 0 0 0 0 0 0 0 0 0 0 0 0 0 0 0 0 0 0 0 0 0 0 0 0 0 0 0 0 0 0 0 0 0 0 0 0 0 0 0 0 0 0 0 0 0 0 0 0 0 0 0 0 0 0 0 0 0 0 0 0 0 0 0 0 0 0 0 0 0 0 0 0 0 0 0 0 0 0 0 0 0 0 0 0 0 0 0 0 0 0 0 0 0 0 0 0 0 0 0 0 0 0 0 0 0 0 0 0 0 0 0 0 0 0 0 0 0 0 0 0 0 0 0 0 0 0 0 0 0 0 0 0 0 0 0 0 0 0 0 0 0 0 0 0 0 0 0 0 0 0 0 0 0 0 0 0 0 0 0 0 0 0 0 0 0 0 0 0 0 0 0 0 0 0 0 0 0 0 0 0 0 0 0 0 0 0 0 0 0 0 0 0 0 0 0 0 0 0 0 0 0 0 0 0 0 0 0 0 0 0 0 0 0 0 0 0 0 0 0 0 0 0 0 0 0 0 0 0 0 0 0 0 0 0 0 0 0 0 0 0 0 0 0 0 0 0 0 0 0 0 0 0 0 0 0 0 0 0 0 0 0 0 0 0 0 0 0 0 0 0 0 0 0 0 0 0 0 0 0 0 0 0 0 0 0 0 0 0 0 0 0 0 0 0 0 0 0 0 0 0 0 0 0 0 0 0 0 0 0 0 0 0 0 0 0 0 0 0 0 0 0 0 0 0 0 0 0 0 0 0 0 0 0 0 0 0 0 0 0 0 0 0 0 0 0 0 0 0 0 0 0 0 0 0 0 0 0 0 0 0 0 0 0 0 0 0 0 0 0 0 0 0 0 0 0 0 0 0 0 0 0 0 0 0 0 0 0 0 0 0 0 0 0 0 0 0 0 0 0 0 0 0 0 0 0 0 0 0 0 0 0 0 0 0 0 0 0 0 0 0 0 0 0 0 0 0 0 0 0 0 0 0 0 0 0 0 0 0 0 0 0 0 0 0 0 0 0 0 0 0 0 0 0 0 0 0 0 0 0 0 0 0 0 0 0 0 0 0 0 0 0 0 0 0 0 0 0 0 0 0 0 0 0 0 0 0 0 0 0 0 0 0 0 0 0 0 0 0 0 0 0 0 0 0 0 0 0 0 0 0 0 0 0 0 0 0 0 0 0 0 0 0 0 0 0 0 0 0 0 0 0 0 0 0 0 0 0 0 0 0 0 0 0 0 0 0 0 0 0 0 0 0 0 0 0 0 0 0 0 0 0 0 0 0 0 0 0 0 0 0 0 0 0 0 0 0 0 0 0 0 0 0 0 0 0 0 0 0 0 0 0 0 0 0 0 0 0 0 0 0 0 0 0 0 0 0 0 0 0 0 0 0 0 0 0 0 0 0 0 0 0 0 0 0 0 0 0 0 0 0 0 0 0 0 0 0 0 0 0 0 0 0 0 0 0 0 0 0 0 0 0 0 0 0 0 0 0 0 0 0 0 0 0 0 0 0 0 0 0 0 0 0 0 0 0 0 0 0 0 0 0 0 0 0 0 0 0 0 0 0 0 0 0 0 0 0 0 0 0 0 0 0 0 0 0 0 0 0 0 0 0 0 0 0 0 0 0 0 0 0 0 0 0 0 0 0 0 0 0 0 0 0 0 0 0 0 0 0 0 0 0 0 0 0 0 0 0 0 0 0 0 0 0 0 0 0 0 0 0 0 0 0 0 0 0 0 0 0 0 0 0 0 0 0 0 0 0 0 0 0 0 0 0 0 0 0 0 0 0 0 0 0 0 0 0 0 0 0 0 0 0 0 0 0 0 0 0 0 0 0 0 0 0 0 0 0 0 0 0 0 0 0 0 0 0 0 0 0 0 0 0 0 0 0 0 0 0 0 0 0 0 0 0 0 0 0 0 0 0 0 0 0 0 0 0 0 0 0 0 0 0 0 0 0 0 0 0 0 0 0 0 0 0 0 0 0 0 0 0 0 0 0 0 0 0 0 0 0 0 0 0 0 0 0 0 0 0 0 0 0 0 0 0 0 0 0 0 0 0 0 0 0 0 0 0 0 0 0 0 0 0 0 0 0 0 0 0 0 0 0 0 0 0 0 0 0 0 0 0 0 0 0 0 0 0 0 0 0 0 0 0 0 0 0 0 0 0 0 0 0 0 0 0 0 0 0 0 0 0 0 0 0 0 0 0 0 0 0 0 0 0 0 0 0 0 0 0 0 0 0 0 0 0 0 0 0 0 0 0 0 0 0 0 0 0 0 0 0 0 0 0 0 0 0 0 0 0 0 0 0 0 0 0 0 0 0 0 0 0 0 0 0 0 0 0 0 0 0 0 0 0 0 0 0 0 0 0 0 0 0 0 0 0 0 0 0 0 0 0 0 0 0 0 0 0 0 0 0 0 0 0 0 0 0 0 0 0 0 0 0 0 0 0 0 0 0 0 0 0 0 0 0 0 0 0 0 0 0 0 0 0 0 0 0 0 0 0 0 0 0 0 0 0 0 0 0 0 0 0 0 0 0 0 0 0 0 0 0 0 0 0 0 0 0 0 0 0 0 0 0 0 0 0 0 0 0 0 0 0 0 0 0 0 0 0 0 0 0 0 0 0 0 0 0 0 0 0 0 0 0 0 0 0 0 0 0 0 0 0 0 0 0 0 0 0 0 0 0 0 0 0 0 0 0 0 0 0 0 0 0 0 0 0 0 0 0 0 0 0 0 0 0 0 0 0 0 0 0 0 0 0 0 0 0 0 0 0 0 0 0 0 0 0 0 0 0 0 0 0 0 0 0 0 0 0 0 0 0 0 0 0 0 0 0 0 0 0 0 0 0 0 0 0 0 0 0 0 0 0 0 0 0 0 0 0 0 0 0 0 0 0 0 0 0 0 0 0 0 0 0 0 0 0 0 0 0 0 0 0 0 0 0 0 0 0 0 0 0 0 0 0 0 0 0 0 0 0 0 0 0 0 0 0 0 0 0 0 0 0 0 0 0 0 0 0 0 0 0 0 0 0 0 0 0 0 0 0 0 0 0 0 0 0 0 0 0 0 0 0 0 0 0 0 0 0 0 0 0 0 0 0 0 0 0 0 0 0 0 0 0 0 0 0 0 0 0 0 0 0 0 0 0 0 0 0 0 0 0 0 0 0 0 0 0 0 0 0 0 0 0 0 0 0 0 0 0 0 0 0 0 0 0 0 0 0 0 0 0 0 0 0 0 0 0 0 0 0 0 0 0 0 0 0 0 0 0 0 0 0 0 0 0 0 0 0 0 0 0 0 0 0 0 0 0 0 0 0 0 0 0 0 0 0 0 0 0 0 0 0 0 0 0 0 0 0 0 0 0 0 0 0 0 0 0 0 0 0 0 0 0 0 0 0 0 0 0 0 0 0 0 0 0 0 0 0 0 0 0 0 0 0 0 0 0 0 
        </DataArray>
        <DataArray type="Float64" Name="Tau2" format="ascii">
0 0 0 0 0 0 0 0 0 0 0 0 0 0 0 0 0 0 0 0 0 0 0 0 0 0 0 0 0 0 0 0 0 0 0 0 0 0 0 0 0 0 0 0 0 0 0 0 0 0 0 0 0 0 0 0 0 0 0 0 0 0 0 0 0 0 0 0 0 0 0 0 0 0 0 0 0 0 0 0 0 0 0 0 0 0 0 0 0 0 0 0 0 0 0 0 0 0 0 0 0 0 0 0 0 0 0 0 0 0 0 0 0 0 0 0 0 0 0 0 0 0 0 0 0 0 0 0 0 0 0 0 0 0 0 0 0 0 0 0 0 0 0 0 0 0 0 0 0 0 0 0 0 0 0 0 0 0 0 0 0 0 0 0 0 0 0 0 0 0 0 0 0 0 0 0 0 0 0 0 0 0 0 0 0 0 0 0 0 0 0 0 0 0 0 0 0 0 0 0 0 0 0 0 0 0 0 0 0 0 0 0 0 0 0 0 0 0 0 0 0 0 0 0 0 0 0 0 0 0 0 0 0 0 0 0 0 0 0 0 0 0 0 0 0 0 0 0 0 0 0 0 0 0 0 0 0 0 0 0 0 0 0 0 0 0 0 0 0 0 0 0 0 0 0 0 0 0 0 0 0 0 0 0 0 0 0 0 0 0 0 0 0 0 0 0 0 0 0 0 0 0 0 0 0 0 0 0 0 0 0 0 0 0 0 0 0 0 0 0 0 0 0 0 0 0 0 0 0 0 0 0 0 0 0 0 0 0 0 0 0 0 0 0 0 0 0 0 0 0 0 0 0 0 0 0 0 0 0 0 0 0 0 0 0 0 0 0 0 0 0 0 0 0 0 0 0 0 0 0 0 0 0 0 0 0 0 0 0 0 0 0 0 0 0 0 0 0 0 0 0 0 0 0 0 0 0 0 0 0 0 0 0 0 0 0 0 0 0 0 0 0 0 0 0 0 0 0 0 0 0 0 0 0 0 0 0 0 0 0 0 0 0 0 0 0 0 0 0 0 0 0 0 0 0 0 0 0 0 0 0 0 0 0 0 0 0 0 0 0 0 0 0 0 0 0 0 0 0 0 0 0 0 0 0 0 0 0 0 0 0 0 0 0 0 0 0 0 0 0 0 0 0 0 0 0 0 0 0 0 0 0 0 0 0 0 0 0 0 0 0 0 0 0 0 0 0 0 0 0 0 0 0 0 0 0 0 0 0 0 0 0 0 0 0 0 0 0 0 0 0 0 0 0 0 0 0 0 0 0 0 0 0 0 0 0 0 0 0 0 0 0 0 0 0 0 0 0 0 0 0 0 0 0 0 0 0 0 0 0 0 0 0 0 0 0 0 0 0 0 0 0 0 0 0 0 0 0 0 0 0 0 0 0 0 0 0 0 0 0 0 0 0 0 0 0 0 0 0 0 0 0 0 0 0 0 0 0 0 0 0 0 0 0 0 0 0 0 0 0 0 0 0 0 0 0 0 0 0 0 0 0 0 0 0 0 0 0 0 0 0 0 0 0 0 0 0 0 0 0 0 0 0 0 0 0 0 0 0 0 0 0 0 0 0 0 0 0 0 0 0 0 0 0 0 0 0 0 0 0 0 0 0 0 0 0 0 0 0 0 0 0 0 0 0 0 0 0 0 0 0 0 0 0 0 0 0 0 0 0 0 0 0 0 0 0 0 0 0 0 0 0 0 0 0 0 0 0 0 0 0 0 0 0 0 0 0 0 0 0 0 0 0 0 0 0 0 0 0 0 0 0 0 0 0 0 0 0 0 0 0 0 0 0 0 0 0 0 0 0 0 0 0 0 0 0 0 0 0 0 0 0 0 0 0 0 0 0 0 0 0 0 0 0 0 0 0 0 0 0 0 0 0 0 0 0 0 0 0 0 0 0 0 0 0 0 0 0 0 0 0 0 0 0 0 0 0 0 0 0 0 0 0 0 0 0 0 0 0 0 0 0 0 0 0 0 0 0 0 0 0 0 0 0 0 0 0 0 0 0 0 0 0 0 0 0 0 0 0 0 0 0 0 0 0 0 0 0 0 0 0 0 0 0 0 0 0 0 0 0 0 0 0 0 0 0 0 0 0 0 0 0 0 0 0 0 0 0 0 0 0 0 0 0 0 0 0 0 0 0 0 0 0 0 0 0 0 0 0 0 0 0 0 0 0 0 0 0 0 0 0 0 0 0 0 0 0 0 0 0 0 0 0 0 0 0 0 0 0 0 0 0 0 0 0 0 0 0 0 0 0 0 0 0 0 0 0 0 0 0 0 0 0 0 0 0 0 0 0 0 0 0 0 0 0 0 0 0 0 0 0 0 0 0 0 0 0 0 0 0 0 0 0 0 0 0 0 0 0 0 0 0 0 0 0 0 0 0 0 0 0 0 0 0 0 0 0 0 0 0 0 0 0 0 0 0 0 0 0 0 0 0 0 0 0 0 0 0 0 0 0 0 0 0 0 0 0 0 0 0 0 0 0 0 0 0 0 0 0 0 0 0 0 0 0 0 0 0 0 0 0 0 0 0 0 0 0 0 0 0 0 0 0 0 0 0 0 0 0 0 0 0 0 0 0 0 0 0 0 0 0 0 0 0 0 0 0 0 0 0 0 0 0 0 0 0 0 0 0 0 0 0 0 0 0 0 0 0 0 0 0 0 0 0 0 0 0 0 0 0 0 0 0 0 0 0 0 0 0 0 0 0 0 0 0 0 0 0 0 0 0 0 0 0 0 0 0 0 0 0 0 0 0 0 0 0 0 0 0 0 0 0 0 0 0 0 0 0 0 0 0 0 0 0 0 0 0 0 0 0 0 0 0 0 0 0 0 0 0 0 0 0 0 0 0 0 0 0 0 0 0 0 0 0 0 0 0 0 0 0 0 0 0 0 0 0 0 0 0 0 0 0 0 0 0 0 0 0 0 0 0 0 0 0 0 0 0 0 0 0 0 0 0 0 0 0 0 0 0 0 0 0 0 0 0 0 0 0 0 0 0 0 0 0 0 0 0 0 0 0 0 0 0 0 0 0 0 0 0 0 0 0 0 0 0 0 0 0 0 0 0 0 0 0 0 0 0 0 0 0 0 0 0 0 0 0 0 0 0 0 0 0 0 0 0 0 0 0 0 0 0 0 0 0 0 0 0 0 0 0 0 0 0 0 0 0 0 0 0 0 0 0 0 0 0 0 0 0 0 0 0 0 0 0 0 0 0 0 0 0 0 0 0 0 0 0 0 0 0 0 0 0 0 0 0 0 0 0 0 0 0 0 0 0 0 0 0 0 0 0 0 0 0 0 0 0 0 0 0 0 0 0 0 0 0 0 0 0 0 0 0 0 0 0 0 0 0 0 0 0 0 0 0 0 0 0 0 0 0 0 0 0 0 0 0 0 0 0 0 0 0 0 0 0 0 0 0 0 0 0 0 0 0 0 0 0 0 0 0 0 0 0 0 0 0 0 0 0 0 0 0 0 0 0 0 0 0 0 0 0 0 0 0 0 0 0 0 0 0 0 0 0 0 0 0 0 0 0 0 0 0 0 0 0 0 0 0 0 0 0 0 0 0 0 0 0 0 0 0 0 0 0 0 0 0 0 0 0 0 0 0 0 0 0 0 0 0 0 0 0 0 0 0 0 0 0 0 0 0 0 0 0 0 0 0 0 0 0 0 0 0 0 0 0 0 0 0 0 0 0 0 0 0 0 0 0 0 0 0 0 0 0 0 0 0 0 0 0 0 0 0 0 0 0 0 0 0 0 0 0 0 0 0 0 0 0 0 0 0 0 0 0 0 0 0 0 0 0 0 0 0 0 0 0 0 0 0 0 0 0 0 0 0 0 0 0 0 0 0 0 0 0 0 0 0 0 0 0 0 0 0 0 0 0 0 0 0 0 0 0 0 0 0 0 0 0 0 0 0 0 0 0 0 0 0 0 0 0 0 0 0 0 0 0 0 0 0 0 0 0 0 0 0 0 0 0 0 0 0 0 0 0 0 0 0 0 0 0 0 0 0 0 0 0 0 0 0 0 0 0 0 0 0 0 0 0 0 0 0 0 0 0 0 0 0 0 0 0 0 0 0 0 0 0 0 0 0 0 0 0 0 0 0 0 0 0 0 0 0 0 0 0 0 0 0 0 0 0 0 0 0 0 0 0 0 0 0 0 0 0 0 0 0 0 0 0 0 0 0 0 0 0 0 0 0 0 0 0 0 0 0 0 0 0 0 0 0 0 0 0 0 0 0 0 0 0 0 0 0 0 0 0 0 0 0 0 0 0 0 0 0 0 0 0 0 0 0 0 0 0 0 0 0 0 0 0 0 0 0 0 0 0 0 0 0 0 0 0 0 0 0 0 0 0 0 0 0 0 0 0 0 0 0 0 0 0 0 0 0 0 0 0 0 0 0 0 0 0 0 0 0 0 0 0 0 0 0 0 0 0 0 0 0 0 0 0 0 0 0 0 0 0 0 0 0 0 0 0 0 0 0 0 0 0 0 0 0 0 0 0 
        </DataArray>
        <DataArray type="Float64" Name="dTdn" format="ascii">
0 0 0 0 0 0 0 0 0 0 0 0 0 0 0 0 0 0 0 0 0 0 0 0 0 0 0 0 0 0 0 0 0 0 0 0 0 0 0 0 0 0 0 0 0 0 0 0 0 0 0 0 0 0 0 0 0 0 0 0 0 0 0 0 0 0 0 0 0 0 0 0 0 0 0 0 0 0 0 0 0 0 0 0 0 0 0 0 0 0 0 0 0 0 0 0 0 0 0 0 0 0 0 0 0 0 0 0 0 0 0 0 0 0 0 0 0 0 0 0 0 0 0 0 0 0 0 0 0 0 0 0 0 0 0 0 0 0 0 0 0 0 0 0 0 0 0 0 0 0 0 0 0 0 0 0 0 0 0 0 0 0 0 0 0 0 0 0 0 0 0 0 0 0 0 0 0 0 0 0 0 0 0 0 0 0 0 0 0 0 0 0 0 0 0 0 0 0 0 0 0 0 0 0 0 0 0 0 0 0 0 0 0 0 0 0 0 0 0 0 0 0 0 0 0 0 0 0 0 0 0 0 0 0 0 0 0 0 0 0 0 0 0 0 0 0 0 0 0 0 0 0 0 0 0 0 0 0 0 0 0 0 0 0 0 0 0 0 0 0 0 0 0 0 0 0 0 0 0 0 0 0 0 0 0 0 0 0 0 0 0 0 0 0 0 0 0 0 0 0 0 0 0 0 0 0 0 0 0 0 0 0 0 0 0 0 0 0 0 0 0 0 0 0 0 0 0 0 0 0 0 0 0 0 0 0 0 0 0 0 0 0 0 0 0 0 0 0 0 0 0 0 0 0 0 0 0 0 0 0 0 0 0 0 0 0 0 0 0 0 0 0 0 0 0 0 0 0 0 0 0 0 0 0 0 0 0 0 0 0 0 0 0 0 0 0 0 0 0 0 0 0 0 0 0 0 0 0 0 0 0 0 0 0 0 0 0 0 0 0 0 0 0 0 0 0 0 0 0 0 0 0 0 0 0 0 0 0 0 0 0 0 0 0 0 0 0 0 0 0 0 0 0 0 0 0 0 0 0 0 0 0 0 0 0 0 0 0 0 0 0 0 0 0 0 0 0 0 0 0 0 0 0 0 0 0 0 0 0 0 0 0 0 0 0 0 0 0 0 0 0 0 0 0 0 0 0 0 0 0 0 0 0 0 0 0 0 0 0 0 0 0 0 0 0 0 0 0 0 0 0 0 0 0 0 0 0 0 0 0 0 0 0 0 0 0 0 0 0 0 0 0 0 0 0 0 0 0 0 0 0 0 0 0 0 0 0 0 0 0 0 0 0 0 0 0 0 0 0 0 0 0 0 0 0 0 0 0 0 0 0 0 0 0 0 0 0 0 0 0 0 0 0 0 0 0 0 0 0 0 0 0 0 0 0 0 0 0 0 0 0 0 0 0 0 0 0 0 0 0 0 0 0 0 0 0 0 0 0 0 0 0 0 0 0 0 0 0 0 0 0 0 0 0 0 0 0 0 0 0 0 0 0 0 0 0 0 0 0 0 0 0 0 0 0 0 0 0 0 0 0 0 0 0 0 0 0 0 0 0 0 0 0 0 0 0 0 0 0 0 0 0 0 0 0 0 0 0 0 0 0 0 0 0 0 0 0 0 0 0 0 0 0 0 0 0 0 0 0 0 0 0 0 0 0 0 0 0 0 0 0 0 0 0 0 0 0 0 0 0 0 0 0 0 0 0 0 0 0 0 0 0 0 0 0 0 0 0 0 0 0 0 0 0 0 0 0 0 0 0 0 0 0 0 0 0 0 0 0 0 0 0 0 0 0 0 0 0 0 0 0 0 0 0 0 0 0 0 0 0 0 0 0 0 0 0 0 0 0 0 0 0 0 0 0 0 0 0 0 0 0 0 0 0 0 0 0 0 0 0 0 0 0 0 0 0 0 0 0 0 0 0 0 0 0 0 0 0 0 0 0 0 0 0 0 0 0 0 0 0 0 0 0 0 0 0 0 0 0 0 0 0 0 0 0 0 0 0 0 0 0 0 0 0 0 0 0 0 0 0 0 0 0 0 0 0 0 0 0 0 0 0 0 0 0 0 0 0 0 0 0 0 0 0 0 0 0 0 0 0 0 0 0 0 0 0 0 0 0 0 0 0 0 0 0 0 0 0 0 0 0 0 0 0 0 0 0 0 0 0 0 0 0 0 0 0 0 0 0 0 0 0 0 0 0 0 0 0 0 0 0 0 0 0 0 0 0 0 0 0 0 0 0 0 0 0 0 0 0 0 0 0 0 0 0 0 0 0 0 0 0 0 0 0 0 0 0 0 0 0 0 0 0 0 0 0 0 0 0 0 0 0 0 0 0 0 0 0 0 0 0 0 0 0 0 0 0 0 0 0 0 0 0 0 0 0 0 0 0 0 0 0 0 0 0 0 0 0 0 0 0 0 0 0 0 0 0 0 0 0 0 0 0 0 0 0 0 0 0 0 0 0 0 0 0 0 0 0 0 0 0 0 0 0 0 0 0 0 0 0 0 0 0 0 0 0 0 0 0 0 0 0 0 0 0 0 0 0 0 0 0 0 0 0 0 0 0 0 0 0 0 0 0 0 0 0 0 0 0 0 0 0 0 0 0 0 0 0 0 0 0 0 0 0 0 0 0 0 0 0 0 0 0 0 0 0 0 0 0 0 0 0 0 0 0 0 0 0 0 0 0 0 0 0 0 0 0 0 0 0 0 0 0 0 0 0 0 0 0 0 0 0 0 0 0 0 0 0 0 0 0 0 0 0 0 0 0 0 0 0 0 0 0 0 0 0 0 0 0 0 0 0 0 0 0 0 0 0 0 0 0 0 0 0 0 0 0 0 0 0 0 0 0 0 0 0 0 0 0 0 0 0 0 0 0 0 0 0 0 0 0 0 0 0 0 0 0 0 0 0 0 0 0 0 0 0 0 0 0 0 0 0 0 0 0 0 0 0 0 0 0 0 0 0 0 0 0 0 0 0 0 0 0 0 0 0 0 0 0 0 0 0 0 0 0 0 0 0 0 0 0 0 0 0 0 0 0 0 0 0 0 0 0 0 0 0 0 0 0 0 0 0 0 0 0 0 0 0 0 0 0 0 0 0 0 0 0 0 0 0 0 0 0 0 0 0 0 0 0 0 0 0 0 0 0 0 0 0 0 0 0 0 0 0 0 0 0 0 0 0 0 0 0 0 0 0 0 0 0 0 0 0 0 0 0 0 0 0 0 0 0 0 0 0 0 0 0 0 0 0 0 0 0 0 0 0 0 0 0 0 0 0 0 0 0 0 0 0 0 0 0 0 0 0 0 0 0 0 0 0 0 0 0 0 0 0 0 0 0 0 0 0 0 0 0 0 0 0 0 0 0 0 0 0 0 0 0 0 0 0 0 0 0 0 0 0 0 0 0 0 0 0 0 0 0 0 0 0 0 0 0 0 0 0 0 0 0 0 0 0 0 0 0 0 0 0 0 0 0 0 0 0 0 0 0 0 0 0 0 0 0 0 0 0 0 0 0 0 0 0 0 0 0 0 0 0 0 0 0 0 0 0 0 0 0 0 0 0 0 0 0 0 0 0 0 0 0 0 0 0 0 0 0 0 0 0 0 0 0 0 0 0 0 0 0 0 0 0 0 0 0 0 0 0 0 0 0 0 0 0 0 0 0 0 0 0 0 0 0 0 0 0 0 0 0 0 0 0 0 0 0 0 0 0 0 0 0 0 0 0 0 0 0 0 0 0 0 0 0 0 0 0 0 0 0 0 0 0 0 0 0 0 0 0 0 0 0 0 0 0 0 0 0 0 0 0 0 0 0 0 0 0 0 0 0 0 0 0 0 0 0 0 0 0 0 0 0 0 0 0 0 0 0 0 0 0 0 0 0 0 0 0 0 0 0 0 0 0 0 0 0 0 0 0 0 0 0 0 0 0 0 0 0 0 0 0 0 0 0 0 0 0 0 0 0 0 0 0 0 0 0 0 0 0 0 0 0 0 0 0 0 0 0 0 0 0 0 0 0 0 0 0 0 0 0 0 0 0 0 0 0 0 0 0 0 0 0 0 0 0 0 0 0 0 0 0 0 0 0 0 0 0 0 0 0 0 0 0 0 0 0 0 0 0 0 0 0 0 0 0 0 0 0 0 0 0 0 0 0 0 0 0 0 0 0 0 0 0 0 0 0 0 0 0 0 0 0 0 0 0 0 0 0 0 0 0 0 0 0 0 0 0 0 0 0 0 0 0 0 0 0 0 0 0 0 0 0 0 0 0 0 0 0 0 0 0 0 0 0 0 0 0 0 0 0 0 0 0 0 0 0 0 0 0 0 0 0 0 0 0 0 0 0 0 0 0 0 0 0 0 0 0 0 0 0 0 0 0 0 0 0 0 0 0 0 0 0 0 0 0 0 0 0 0 0 0 0 0 0 0 0 0 0 0 0 0 0 0 0 0 0 0 0 0 0 0 0 0 0 0 0 0 0 0 0 0 0 0 0 0 0 0 0 0 0 0 0 0 0 0 
        </DataArray>
        <DataArray type="Int32" Name="Rank" format="ascii">
6 6 6 6 6 6 6 6 6 6 6 6 6 6 6 6 6 6 6 6 6 6 6 6 6 6 6 6 6 6 6 6 6 6 6 6 6 6 6 6 6 6 6 6 6 6 6 6 6 6 6 6 6 6 6 6 6 6 6 6 6 6 6 6 6 6 6 6 6 6 6 6 6 6 6 6 6 6 6 6 6 6 6 6 6 6 6 6 6 6 6 6 6 6 6 6 6 6 6 6 6 6 6 6 6 6 6 6 6 6 6 6 6 6 6 6 6 6 6 6 6 6 6 6 6 6 6 6 6 6 6 6 6 6 6 6 6 6 6 6 6 6 6 6 6 6 6 6 6 6 6 6 6 6 6 6 6 6 6 6 6 6 6 6 6 6 6 6 6 6 6 6 6 6 6 6 6 6 6 6 6 6 6 6 6 6 6 6 6 6 6 6 6 6 6 6 6 6 6 6 6 6 6 6 6 6 6 6 6 6 6 6 6 6 6 6 6 6 6 6 6 6 6 6 6 6 6 6 6 6 6 6 6 6 6 6 6 6 6 6 6 6 6 6 6 6 6 6 6 6 6 6 6 6 6 6 6 6 6 6 6 6 6 6 6 6 6 6 6 6 6 6 6 6 6 6 6 6 6 6 6 6 6 6 6 6 6 6 6 6 6 6 6 6 6 6 6 6 6 6 6 6 6 6 6 6 6 6 6 6 6 6 6 6 6 6 6 6 6 6 6 6 6 6 6 6 6 6 6 6 6 6 6 6 6 6 6 6 6 6 6 6 6 6 6 6 6 6 6 6 6 6 6 6 6 6 6 6 6 6 6 6 6 6 6 6 6 6 6 6 6 6 6 6 6 6 6 6 6 6 6 6 6 6 6 6 6 6 6 6 6 6 6 6 6 6 6 6 6 6 6 6 6 6 6 6 6 6 6 6 6 6 6 6 6 6 6 6 6 6 6 6 6 6 6 6 6 6 6 6 6 6 6 6 6 6 6 6 6 6 6 6 6 6 6 6 6 6 6 6 6 6 6 6 6 6 6 6 6 6 6 6 6 6 6 6 6 6 6 6 6 6 6 6 6 6 6 6 6 6 6 6 6 6 6 6 6 6 6 6 6 6 6 6 6 6 6 6 6 6 6 6 6 6 6 6 6 6 6 6 6 6 6 6 6 6 6 6 6 6 6 6 6 6 6 6 6 6 6 6 6 6 6 6 6 6 6 6 6 6 6 6 6 6 6 6 6 6 6 6 6 6 6 6 6 6 6 6 6 6 6 6 6 6 6 6 6 6 6 6 6 6 6 6 6 6 6 6 6 6 6 6 6 6 6 6 6 6 6 6 6 6 6 6 6 6 6 6 6 6 6 6 6 6 6 6 6 6 6 6 6 6 6 6 6 6 6 6 6 6 6 6 6 6 6 6 6 6 6 6 6 6 6 6 6 6 6 6 6 6 6 6 6 6 6 6 6 6 6 6 6 6 6 6 6 6 6 6 6 6 6 6 6 6 6 6 6 6 6 6 6 6 6 6 6 6 6 6 6 6 6 6 6 6 6 6 6 6 6 6 6 6 6 6 6 6 6 6 6 6 6 6 6 6 6 6 6 6 6 6 6 6 6 6 6 6 6 6 6 6 6 6 6 6 6 6 6 6 6 6 6 6 6 6 6 6 6 6 6 6 6 6 6 6 6 6 6 6 6 6 6 6 6 6 6 6 6 6 6 6 6 6 6 6 6 6 6 6 6 6 6 6 6 6 6 6 6 6 6 6 6 6 6 6 6 6 6 6 6 6 6 6 6 6 6 6 6 6 6 6 6 6 6 6 6 6 6 6 6 6 6 6 6 6 6 6 6 6 6 6 6 6 6 6 6 6 6 6 6 6 6 6 6 6 6 6 6 6 6 6 6 6 6 6 6 6 6 6 6 6 6 6 6 6 6 6 6 6 6 6 6 6 6 6 6 6 6 6 6 6 6 6 6 6 6 6 6 6 6 6 6 6 6 6 6 6 6 6 6 6 6 6 6 6 6 6 6 6 6 6 6 6 6 6 6 6 6 6 6 6 6 6 6 6 6 6 6 6 6 6 6 6 6 6 6 6 6 6 6 6 6 6 6 6 6 6 6 6 6 6 6 6 6 6 6 6 6 6 6 6 6 6 6 6 6 6 6 6 6 6 6 6 6 6 6 6 6 6 6 6 6 6 6 6 6 7 7 7 7 7 7 7 7 7 7 7 7 7 7 7 7 7 7 7 7 7 7 7 7 7 7 7 7 7 7 7 7 7 7 7 7 7 7 7 7 7 7 7 7 7 7 7 7 7 7 7 7 7 7 7 7 7 7 7 7 7 7 7 7 7 7 7 7 7 7 7 7 7 7 7 7 7 7 7 7 7 7 7 7 7 7 7 7 7 7 7 7 7 7 7 7 7 7 7 7 7 7 7 7 7 7 7 7 7 7 7 7 7 7 7 7 7 7 7 7 7 7 7 7 7 7 7 7 7 7 7 7 7 7 7 7 7 7 7 7 7 7 7 7 7 7 7 7 7 7 7 7 7 7 7 7 7 7 7 7 7 7 7 7 7 7 7 7 7 7 7 7 7 7 7 7 7 7 7 7 7 7 7 7 7 7 7 7 7 7 7 7 7 7 7 7 7 7 7 7 7 7 7 7 7 7 7 7 7 7 7 7 7 7 7 7 7 7 7 7 7 7 7 7 7 7 7 7 7 7 7 7 7 7 7 7 7 7 7 7 7 7 7 7 7 7 7 7 7 7 7 7 7 7 7 7 7 7 7 7 7 7 7 7 7 7 7 7 7 7 7 7 7 7 7 7 7 7 7 7 7 7 7 7 7 7 7 7 7 7 7 7 7 7 7 7 7 7 7 7 7 7 7 7 7 7 7 7 7 7 7 7 7 7 7 7 7 7 7 7 7 7 7 7 7 7 7 7 7 7 7 7 7 7 7 7 7 7 7 7 7 7 7 7 7 7 7 7 7 7 7 7 7 7 7 7 7 7 7 7 7 7 7 7 7 7 7 7 7 7 7 7 7 7 7 7 7 7 7 7 7 7 7 7 7 7 7 7 7 7 7 7 7 7 7 7 7 7 7 7 7 7 7 7 7 7 7 7 7 7 7 7 7 7 7 7 7 7 7 7 7 7 7 7 7 7 7 7 7 7 7 7 7 7 7 7 7 7 7 7 7 7 7 7 7 7 7 7 7 7 7 7 7 7 7 7 7 7 7 7 7 7 7 7 7 7 7 7 7 7 7 7 7 7 7 7 7 7 7 7 7 7 7 7 7 7 7 7 7 7 7 7 7 7 7 7 7 7 7 7 7 7 7 7 7 7 7 7 7 7 7 7 7 7 7 7 7 7 7 7 7 7 7 7 7 7 7 7 7 7 7 7 7 7 7 7 7 7 7 7 7 7 7 7 7 7 7 7 7 7 6 6 6 6 6 6 6 6 6 6 6 6 6 6 6 6 6 6 6 6 6 6 6 6 6 6 6 6 6 6 6 6 6 6 6 6 6 6 6 6 6 6 6 6 6 6 6 6 6 6 6 6 6 6 6 6 6 6 6 6 6 6 6 6 6 6 6 6 6 6 6 6 6 6 6 6 6 6 6 6 6 6 6 6 6 6 6 6 6 6 6 6 6 6 6 6 6 6 6 6 6 6 6 6 6 6 6 6 6 6 6 6 6 6 6 6 6 6 6 6 6 6 6 6 6 6 6 6 6 6 6 6 6 6 6 6 6 6 6 6 6 6 6 6 6 6 6 6 6 6 6 6 6 6 6 6 6 6 6 6 6 6 6 6 6 6 6 6 6 6 6 6 6 6 6 6 6 6 6 6 6 6 6 6 6 6 6 6 6 6 6 6 6 6 6 6 6 6 6 6 6 6 6 6 6 6 6 6 6 6 6 6 6 6 6 6 6 6 6 6 6 6 6 6 6 6 6 6 6 6 6 6 6 6 6 6 6 6 6 6 6 6 6 6 6 6 6 6 6 6 6 6 6 6 6 6 6 6 6 6 6 6 6 6 6 6 6 6 6 6 6 6 6 6 6 6 6 6 6 6 6 6 6 6 6 6 6 6 6 6 6 6 6 6 6 6 6 6 6 6 6 6 6 6 6 6 6 6 6 6 6 6 6 6 6 6 6 6 6 6 6 6 6 6 6 6 6 6 6 6 6 6 6 6 6 6 6 6 6 6 6 6 6 6 6 6 6 6 6 6 6 6 6 6 6 6 6 6 6 6 6 6 6 6 6 6 6 6 6 6 6 6 6 6 6 6 6 6 6 6 6 6 6 6 6 6 6 6 6 6 6 6 6 6 6 6 6 6 6 6 6 6 6 6 6 6 6 6 6 6 6 6 6 6 6 6 6 6 6 6 6 6 6 6 6 6 6 6 6 6 6 6 6 6 6 6 6 6 6 6 6 6 6 6 6 6 6 6 6 6 6 6 6 6 6 6 6 6 6 6 6 6 6 6 6 6 6 6 6 6 6 6 6 6 6 
        </DataArray>
        <DataArray type="Int32" Name="Level" format="ascii">
4 4 4 4 4 4 4 4 4 4 4 4 4 4 4 4 4 4 4 4 4 4 4 4 4 4 4 4 4 4 4 4 4 4 4 4 4 4 4 4 4 4 4 4 4 4 4 4 4 4 4 4 4 4 4 4 4 4 4 4 4 4 4 4 4 4 4 4 4 4 4 4 4 4 4 4 4 4 4 4 4 4 4 4 4 4 4 4 4 4 4 4 4 4 4 4 4 4 4 4 4 4 4 4 4 4 4 4 4 4 4 4 4 4 4 4 4 4 4 4 4 4 4 4 4 4 4 4 4 4 4 4 4 4 4 4 4 4 4 4 4 4 4 4 4 4 4 4 4 4 4 4 4 4 4 4 4 4 4 4 4 4 4 4 4 4 4 4 4 4 4 4 4 4 4 4 4 4 4 4 4 4 4 4 4 4 4 4 4 4 4 4 4 4 4 4 4 4 4 4 4 4 4 4 4 4 4 4 4 4 4 4 4 4 4 4 4 4 4 4 4 4 4 4 4 4 4 4 4 4 4 4 4 4 4 4 4 4 4 4 4 4 4 4 4 4 4 4 3 3 3 3 4 4 4 4 4 4 4 4 4 4 4 4 4 4 4 4 4 4 4 4 4 4 4 4 4 4 4 4 4 4 4 4 4 4 4 4 4 4 4 4 4 4 4 4 4 4 4 4 4 4 4 4 4 4 4 4 4 4 4 4 4 4 4 4 4 4 4 4 4 4 4 4 4 4 4 4 4 4 4 4 4 4 4 4 4 4 4 4 4 4 4 4 4 4 4 4 4 4 4 4 4 4 4 4 4 4 4 4 4 4 4 4 4 4 4 4 4 4 4 4 4 4 4 4 4 4 4 4 4 4 4 4 4 4 4 4 4 4 4 4 4 4 4 4 4 4 4 4 4 4 4 4 4 4 4 4 4 4 4 4 4 4 4 4 4 4 4 4 4 4 4 4 4 4 4 4 4 4 4 4 4 4 4 4 4 4 4 4 4 4 4 4 4 4 4 4 4 4 4 4 4 4 4 4 4 4 4 4 4 4 4 4 4 4 4 4 4 4 4 4 4 4 4 4 4 4 4 4 4 4 4 4 4 4 4 4 4 4 4 4 4 4 4 4 4 4 4 4 4 4 4 4 4 4 4 4 4 4 4 4 4 4 4 4 4 4 4 4 4 4 4 4 4 4 4 4 4 4 4 4 4 4 4 4 4 4 4 4 4 4 4 4 4 4 4 4 4 4 4 4 4 4 4 4 4 4 4 4 4 4 4 4 4 4 4 4 4 4 4 4 4 4 4 4 4 4 4 4 4 4 4 4 4 4 4 4 4 4 4 4 4 4 4 4 4 4 4 4 4 4 4 4 4 4 4 4 4 4 4 4 4 4 4 4 4 4 4 4 4 4 4 4 4 4 4 4 4 4 4 4 4 4 4 4 4 4 4 4 4 4 4 4 4 4 4 4 4 4 4 4 4 4 4 4 4 4 4 4 4 4 4 4 4 4 4 4 4 4 4 4 4 4 4 4 4 4 4 4 4 4 4 4 4 4 4 4 4 4 4 4 4 4 4 4 4 4 4 4 4 4 4 4 4 4 4 4 4 4 4 4 4 4 4 4 4 4 4 4 4 4 4 4 4 4 4 4 4 4 4 4 4 4 4 4 4 4 4 4 4 4 4 4 4 4 4 4 4 4 4 4 4 4 4 4 4 4 4 4 4 4 4 4 4 4 4 4 4 4 4 4 4 4 4 4 4 4 4 4 4 4 4 4 4 4 4 4 4 4 4 4 4 4 4 4 4 4 4 4 4 4 4 4 4 4 4 4 4 4 4 4 4 4 4 4 4 4 4 4 4 4 4 4 4 4 4 4 4 4 4 4 4 4 4 4 4 4 4 4 4 4 4 4 4 4 4 4 4 4 4 4 4 4 4 4 4 4 4 4 4 4 4 4 4 4 4 4 4 4 4 4 4 4 4 4 4 4 4 4 4 4 4 4 4 4 4 4 4 4 4 4 4 4 4 4 4 4 4 4 4 4 4 4 4 4 4 4 4 4 4 4 4 4 4 4 4 4 4 4 4 4 4 4 4 4 4 4 4 4 4 4 4 4 4 4 4 4 4 4 4 4 4 4 4 4 4 4 4 4 4 4 4 4 4 4 4 4 4 4 4 4 4 4 4 4 4 4 4 4 4 4 4 4 4 4 4 4 4 4 4 4 4 4 4 4 4 4 4 4 4 4 4 4 4 4 4 4 4 4 4 4 4 4 4 4 4 4 4 4 4 4 4 4 4 4 4 4 4 4 4 4 4 4 4 4 4 4 4 4 4 4 4 4 4 4 4 4 4 4 4 4 4 4 4 4 4 4 4 4 4 4 4 4 4 4 4 4 4 4 4 4 4 4 4 4 4 4 4 4 4 4 4 4 4 4 4 4 4 4 4 4 4 4 4 4 4 4 4 4 4 4 4 4 4 4 4 4 4 4 4 4 4 4 4 4 4 4 4 4 4 4 4 4 4 4 4 4 4 4 4 4 4 4 4 4 4 4 4 4 4 4 4 4 4 4 4 4 4 4 4 4 4 4 4 4 4 4 4 4 4 4 4 4 4 4 4 4 4 4 4 4 4 4 4 4 4 4 4 4 4 4 4 4 4 4 4 4 4 4 4 4 4 4 4 4 4 4 4 4 4 4 4 4 4 4 4 4 4 4 4 4 4 4 4 4 4 4 4 4 4 4 4 4 4 4 4 4 4 4 4 4 4 4 4 4 4 4 4 4 4 4 4 4 4 4 4 4 4 4 4 4 4 4 4 4 4 4 4 4 4 4 4 4 4 4 4 4 4 4 4 4 4 4 4 4 4 4 4 4 4 4 4 4 4 4 4 4 4 4 4 4 4 4 4 4 4 4 4 4 4 4 4 4 4 4 4 4 4 4 4 4 4 4 4 4 4 4 4 4 4 4 4 4 4 4 4 4 4 4 4 4 4 4 4 4 4 4 4 4 4 4 4 4 4 4 4 4 4 4 4 4 4 4 4 4 4 4 4 4 4 4 4 4 4 4 4 4 4 4 4 4 4 4 4 4 4 4 4 4 4 4 4 4 4 4 4 4 4 4 4 4 4 4 4 4 4 4 4 4 4 4 4 4 4 4 4 4 4 4 4 4 4 4 4 4 4 4 4 4 4 4 4 4 4 4 4 4 4 4 4 4 4 4 4 4 4 4 4 4 4 4 4 4 4 4 4 4 4 4 4 4 4 4 4 4 4 4 4 4 4 4 4 4 4 4 4 4 4 4 4 4 4 4 4 4 4 4 4 4 4 4 4 4 4 4 4 4 4 4 4 4 4 4 4 4 4 4 4 4 4 4 4 4 4 4 4 4 4 4 4 4 4 4 4 4 4 4 4 4 4 4 4 4 4 4 4 4 4 4 4 4 4 4 4 4 4 4 4 4 4 4 4 4 4 4 4 4 4 4 4 4 4 4 4 4 4 4 4 4 4 4 4 4 4 4 4 4 4 4 4 4 4 4 4 4 4 4 4 4 4 4 4 4 4 4 4 4 4 4 4 4 4 4 4 4 4 4 4 4 4 4 4 4 4 4 4 4 4 4 4 4 4 4 4 4 4 4 4 4 4 4 4 4 4 4 4 4 4 4 4 4 4 4 4 4 4 4 4 4 4 4 4 4 4 4 4 4 4 4 4 4 4 4 4 4 4 4 4 4 4 4 4 4 4 4 4 4 4 4 4 4 4 4 4 4 4 4 4 4 4 4 4 4 4 4 4 4 4 4 4 4 4 4 4 4 4 4 4 4 4 4 4 4 4 4 4 4 4 4 4 4 4 4 4 4 4 4 4 4 4 4 4 4 4 4 4 4 4 4 4 4 4 4 4 4 4 4 4 4 4 4 4 4 4 4 4 4 4 4 4 4 4 4 4 4 4 4 4 4 4 4 4 4 4 4 4 4 4 4 4 4 4 4 4 4 4 4 4 4 4 4 4 4 4 4 4 4 4 4 4 4 4 4 4 4 4 4 4 4 4 4 4 4 4 4 4 4 4 4 4 4 4 4 4 4 4 4 4 4 4 4 4 4 4 4 4 4 4 4 4 4 4 4 4 4 4 4 4 4 4 4 4 4 4 4 4 4 4 4 4 4 4 4 4 4 4 4 4 4 4 4 4 4 4 4 4 4 4 4 4 4 4 4 4 4 4 4 4 4 4 4 4 4 4 4 4 4 4 4 4 4 4 4 4 4 4 4 4 4 4 4 4 4 4 4 4 4 4 4 4 4 4 4 4 4 4 4 4 4 4 4 4 4 4 4 4 4 4 4 4 4 4 4 4 4 4 4 4 4 4 4 4 4 4 4 4 4 4 4 4 4 4 4 4 4 4 4 4 4 4 4 4 4 4 4 4 4 4 4 4 4 4 4 4 4 4 4 4 4 4 4 4 4 4 4 4 4 4 4 4 4 4 4 4 4 4 4 4 4 4 4 4 4 4 4 4 4 4 4 
        </DataArray>
        <DataArray type="Int32" Name="N_Interp_IP0" format="ascii">
4 4 4 4 4 4 4 4 4 4 4 4 4 4 4 4 4 4 4 4 4 4 4 4 4 4 4 4 4 4 4 4 4 4 4 4 4 4 4 4 4 4 4 4 4 4 4 4 4 4 4 4 4 4 4 4 4 4 4 4 4 4 4 4 4 4 4 4 4 4 4 4 4 4 4 4 4 4 4 4 4 4 4 4 4 4 4 4 4 4 4 4 4 4 4 4 4 4 4 4 4 4 4 4 4 4 4 4 4 4 4 4 4 4 4 4 4 4 4 4 4 4 4 4 4 4 4 4 4 4 4 4 4 4 4 4 4 4 4 4 4 4 4 4 4 4 4 4 4 4 4 4 4 4 4 4 4 4 4 4 4 4 4 4 4 4 4 4 4 4 4 4 4 4 4 4 4 4 4 4 4 4 4 4 4 4 4 4 4 4 4 4 4 4 4 4 4 4 4 4 4 4 4 4 4 4 4 4 4 4 4 4 4 4 4 4 4 4 4 4 4 4 4 4 4 4 4 4 4 4 4 4 4 4 4 4 4 4 4 4 4 4 4 4 4 4 4 4 4 4 4 4 4 4 4 4 4 4 4 4 4 4 4 4 4 4 4 4 4 4 4 4 4 4 4 4 4 4 4 4 4 4 4 4 4 4 4 4 4 4 4 4 4 4 4 4 4 4 4 4 4 4 4 4 4 4 4 4 4 4 4 4 4 4 4 4 4 4 4 4 4 4 4 4 4 4 4 4 4 4 4 4 4 4 4 4 4 4 4 4 4 4 4 4 4 4 4 4 4 4 4 4 4 4 4 4 4 4 4 4 4 4 4 4 4 4 4 4 4 4 4 4 4 4 4 4 4 4 4 4 4 4 4 4 4 4 4 4 4 4 4 4 4 4 4 4 4 4 4 4 4 4 4 4 4 4 4 4 4 4 4 4 4 4 4 4 4 4 4 4 4 4 4 4 4 4 4 4 4 4 4 4 4 4 4 4 4 4 4 4 4 4 4 4 4 4 4 4 4 4 4 4 4 4 4 4 4 4 4 4 4 4 4 4 4 4 4 4 4 4 4 4 4 4 4 4 4 4 4 4 4 4 4 4 4 4 4 4 4 4 4 4 4 4 4 4 4 4 4 4 4 4 4 4 4 4 4 4 4 4 4 4 4 4 4 4 4 4 4 4 4 4 4 4 4 4 4 4 4 4 4 4 4 4 4 4 4 4 4 4 4 4 4 4 4 4 4 4 4 4 4 4 4 4 4 4 4 4 4 4 4 4 4 4 4 4 4 4 4 4 4 4 4 4 4 4 4 4 4 4 4 4 4 4 4 4 4 4 4 4 4 4 4 4 4 4 4 4 4 4 4 4 4 4 4 4 4 4 4 4 4 4 4 4 4 4 4 4 4 4 4 4 4 4 4 4 4 4 4 4 4 4 4 4 4 4 4 4 4 4 4 4 4 4 4 4 4 4 4 4 4 4 4 4 4 4 4 4 4 4 4 4 4 4 4 4 4 4 4 4 4 4 4 4 4 4 4 4 4 4 4 4 4 4 4 4 4 4 4 4 4 4 4 4 4 4 4 4 4 4 4 4 4 4 4 4 4 4 4 4 4 4 4 4 4 4 4 4 4 4 4 4 4 4 4 4 4 4 4 4 4 4 4 4 4 4 4 4 4 4 4 4 4 4 4 4 4 4 4 4 4 4 4 4 4 4 4 4 4 4 4 4 4 4 4 4 4 4 4 4 4 4 4 4 4 4 4 4 4 4 4 4 4 4 4 4 4 4 4 4 4 4 4 4 4 4 4 4 4 4 4 4 4 4 4 4 4 4 4 4 4 4 4 4 4 4 4 4 4 4 4 4 4 4 4 4 4 4 4 4 4 4 4 4 4 4 4 4 4 4 4 4 4 4 4 4 4 4 4 4 4 4 4 4 4 4 4 4 4 4 4 4 4 4 4 4 4 4 4 4 4 4 4 4 4 4 4 4 4 4 4 4 4 4 4 4 4 4 4 4 4 4 4 4 4 4 4 4 4 4 4 4 4 4 4 4 4 4 4 4 4 4 4 4 4 4 4 4 4 4 4 4 4 4 4 4 4 4 4 4 4 4 4 4 4 4 4 4 4 4 4 4 4 4 4 4 4 4 4 4 4 4 4 4 4 4 4 4 4 4 4 4 4 4 4 4 4 4 4 4 4 4 4 4 4 4 4 4 4 4 4 4 4 4 4 4 4 4 4 4 4 4 4 4 4 4 4 4 4 4 4 4 4 4 4 4 4 4 4 4 4 4 4 4 4 4 4 4 4 4 4 4 4 4 4 4 4 4 4 4 4 4 4 4 4 4 4 4 4 4 4 4 4 4 4 4 4 4 4 4 4 4 4 4 4 4 4 4 4 4 4 4 4 4 4 4 4 4 4 4 4 4 4 4 4 4 4 4 4 4 4 4 4 4 4 4 4 4 4 4 4 4 4 4 4 4 4 4 4 4 4 4 4 4 4 4 4 4 4 4 4 4 4 4 4 4 4 4 4 4 4 4 4 4 4 4 4 4 4 4 4 4 4 4 4 4 4 4 4 4 4 4 4 4 4 4 4 4 4 4 4 4 4 4 4 4 4 4 4 4 4 4 4 4 4 4 4 4 4 4 4 4 4 4 4 4 4 4 4 4 4 4 4 4 4 4 4 4 4 4 4 4 4 4 4 4 4 4 4 4 4 4 4 4 4 4 4 4 4 4 4 4 4 4 4 4 4 4 4 4 4 4 4 4 4 4 4 4 4 4 4 4 4 4 4 4 4 4 4 4 4 4 4 4 4 4 4 4 4 4 4 4 4 4 4 4 4 4 4 4 4 4 4 4 4 4 4 4 4 4 4 4 4 4 4 4 4 4 4 4 4 4 4 4 4 4 4 4 4 4 4 4 4 4 4 4 4 4 4 4 4 4 4 4 4 4 4 4 4 4 4 4 4 4 4 4 4 4 4 4 4 4 4 4 4 4 4 4 4 4 4 4 4 4 4 4 4 4 4 4 4 4 4 4 4 4 4 4 4 4 4 4 4 4 4 4 4 4 4 4 4 4 4 4 4 4 4 4 4 4 4 4 4 4 4 4 4 4 4 4 4 4 4 4 4 4 4 4 4 4 4 4 4 4 4 4 4 4 4 4 4 4 4 4 4 4 4 4 4 4 4 4 4 4 4 4 4 4 4 4 4 4 4 4 4 4 4 4 4 4 4 4 4 4 4 4 4 4 4 4 4 4 4 4 4 4 4 4 4 4 4 4 4 4 4 4 4 4 4 4 4 4 4 4 4 4 4 4 4 4 4 4 4 4 4 4 4 4 4 4 4 4 4 4 4 4 4 4 4 4 4 4 4 4 4 4 4 4 4 4 4 4 4 4 4 4 4 4 4 4 4 4 4 4 4 4 4 4 4 4 4 4 4 4 4 4 4 4 4 4 4 4 4 4 4 4 4 4 4 4 4 4 4 4 4 4 4 4 4 4 4 4 4 4 4 4 4 4 4 4 4 4 4 4 4 4 4 4 4 4 4 4 4 4 4 4 4 4 4 4 4 4 4 4 4 4 4 4 4 4 4 4 4 4 4 4 4 4 4 4 4 4 4 4 4 4 4 4 4 4 4 4 4 4 4 4 4 4 4 4 4 4 4 4 4 4 4 4 4 4 4 4 4 4 4 4 4 4 4 4 4 4 4 4 4 4 4 4 4 4 4 4 4 4 4 4 4 4 4 4 4 4 4 4 4 4 4 4 4 4 4 4 4 4 4 4 4 4 4 4 4 4 4 4 4 4 4 4 4 4 4 4 4 4 4 4 4 4 4 4 4 4 4 4 4 4 4 4 4 4 4 4 4 4 4 4 4 4 4 4 4 4 4 4 4 4 4 4 4 4 4 4 4 4 4 4 4 4 4 4 4 4 4 4 4 4 4 4 4 4 4 4 4 4 4 4 4 4 4 4 4 4 4 4 4 4 4 4 4 4 4 4 4 4 4 4 4 4 4 4 4 4 4 4 4 4 4 4 4 4 4 4 4 4 4 4 4 4 4 4 4 4 4 4 4 4 4 4 4 4 4 4 4 4 4 4 4 4 4 4 4 4 4 4 4 4 4 4 4 4 4 4 4 4 4 4 4 4 4 4 4 4 4 4 4 4 4 4 4 4 4 4 4 4 4 4 4 4 4 4 4 4 4 4 4 4 4 4 4 4 4 4 4 4 4 4 4 4 4 4 4 4 4 4 4 4 4 4 4 4 4 4 4 4 4 4 4 4 4 4 4 4 4 4 4 4 4 4 4 4 4 4 4 4 4 4 4 4 4 4 4 4 4 4 4 4 4 4 4 4 4 4 4 4 4 4 4 4 4 4 4 4 4 4 4 4 4 4 4 4 4 4 4 4 4 4 4 4 4 4 4 4 4 4 4 4 4 4 4 4 4 4 4 4 4 4 4 4 4 4 4 4 4 4 4 4 4 4 4 4 4 4 4 4 4 4 4 4 4 4 
        </DataArray>
      </CellData>
    </Piece>
  </PolyData>
</VTKFile>
