<?xml version="1.0"?>
<VTKFile type="PolyData" version="1.0" byte_order="LittleEndian" header_type="UInt64">
  <PolyData>
    <Piece NumberOfPoints="2000" NumberOfPolys="2000">
      <Points>
        <DataArray type="Float64" Name="Points" NumberOfComponents="3" format="ascii">
-0.2 -0.3 0.0 -0.200001 -0.299686 0.0 -0.200002 -0.299372 0.0 -0.200005 -0.299058 0.0 -0.200008 -0.298743 0.0 -0.200013 -0.298429 0.0 -0.200018 -0.298115 0.0 -0.200025 -0.297801 0.0 -0.200032 -0.297487 0.0 -0.20004 -0.297173 0.0 -0.200049 -0.296859 0.0 -0.20006 -0.296545 0.0 -0.200071 -0.296231 0.0 -0.200084 -0.295917 0.0 -0.200097 -0.295603 0.0 -0.200112 -0.295289 0.0 -0.200126 -0.294976 0.0 -0.200143 -0.294662 0.0 -0.20016 -0.294348 0.0 -0.200179 -0.294035 0.0 -0.200197 -0.293721 0.0 -0.200218 -0.293407 0.0 -0.200239 -0.293094 0.0 -0.200261 -0.292781 0.0 -0.200284 -0.292467 0.0 -0.200309 -0.292154 0.0 -0.200333 -0.291841 0.0 -0.20036 -0.291528 0.0 -0.200387 -0.291215 0.0 -0.200415 -0.290902 0.0 -0.200444 -0.290589 0.0 -0.200474 -0.290276 0.0 -0.200505 -0.289964 0.0 -0.200537 -0.289651 0.0 -0.20057 -0.289339 0.0 -0.200604 -0.289027 0.0 -0.200639 -0.288714 0.0 -0.200675 -0.288402 0.0 -0.200712 -0.28809 0.0 -0.20075 -0.287778 0.0 -0.200789 -0.287467 0.0 -0.200829 -0.287155 0.0 -0.200869 -0.286844 0.0 -0.200912 -0.286532 0.0 -0.200954 -0.286221 0.0 -0.200998 -0.28591 0.0 -0.201042 -0.285599 0.0 -0.201089 -0.285288 0.0 -0.201135 -0.284977 0.0 -0.201183 -0.284667 0.0 -0.201231 -0.284357 0.0 -0.201281 -0.284046 0.0 -0.201331 -0.283736 0.0 -0.201383 -0.283426 0.0 -0.201436 -0.283117 0.0 -0.20149 -0.282807 0.0 -0.201544 -0.282498 0.0 -0.2016 -0.282189 0.0 -0.201655 -0.281879 0.0 -0.201713 -0.281571 0.0 -0.201771 -0.281262 0.0 -0.201831 -0.280953 0.0 -0.201891 -0.280645 0.0 -0.201953 -0.280337 0.0 -0.202014 -0.280029 0.0 -0.202078 -0.279721 0.0 -0.202142 -0.279414 0.0 -0.202208 -0.279107 0.0 -0.202273 -0.278799 0.0 -0.202341 -0.278492 0.0 -0.202408 -0.278186 0.0 -0.202478 -0.277879 0.0 -0.202547 -0.277573 0.0 -0.202619 -0.277267 0.0 -0.20269 -0.276961 0.0 -0.202763 -0.276656 0.0 -0.202837 -0.27635 0.0 -0.202912 -0.276045 0.0 -0.202987 -0.27574 0.0 -0.203065 -0.275436 0.0 -0.203142 -0.275131 0.0 -0.203221 -0.274827 0.0 -0.2033 -0.274523 0.0 -0.203381 -0.274219 0.0 -0.203462 -0.273916 0.0 -0.203545 -0.273613 0.0 -0.203628 -0.27331 0.0 -0.203712 -0.273007 0.0 -0.203797 -0.272705 0.0 -0.203884 -0.272403 0.0 -0.203971 -0.272101 0.0 -0.204059 -0.271799 0.0 -0.204148 -0.271498 0.0 -0.204238 -0.271197 0.0 -0.204329 -0.270896 0.0 -0.204421 -0.270596 0.0 -0.204514 -0.270296 0.0 -0.204608 -0.269996 0.0 -0.204702 -0.269696 0.0 -0.204798 -0.269397 0.0 -0.204894 -0.269098 0.0 -0.204992 -0.2688 0.0 -0.20509 -0.268501 0.0 -0.20519 -0.268203 0.0 -0.20529 -0.267906 0.0 -0.205392 -0.267608 0.0 -0.205494 -0.267311 0.0 -0.205597 -0.267015 0.0 -0.205701 -0.266718 0.0 -0.205806 -0.266422 0.0 -0.205912 -0.266126 0.0 -0.206019 -0.265831 0.0 -0.206127 -0.265536 0.0 -0.206236 -0.265241 0.0 -0.206345 -0.264947 0.0 -0.206456 -0.264653 0.0 -0.206567 -0.264359 0.0 -0.20668 -0.264066 0.0 -0.206793 -0.263772 0.0 -0.206908 -0.26348 0.0 -0.207022 -0.263188 0.0 -0.207139 -0.262896 0.0 -0.207255 -0.262604 0.0 -0.207374 -0.262313 0.0 -0.207492 -0.262022 0.0 -0.207613 -0.261732 0.0 -0.207733 -0.261442 0.0 -0.207855 -0.261152 0.0 -0.207977 -0.260863 0.0 -0.208101 -0.260574 0.0 -0.208225 -0.260285 0.0 -0.20835 -0.259997 0.0 -0.208476 -0.259709 0.0 -0.208603 -0.259422 0.0 -0.208731 -0.259135 0.0 -0.20886 -0.258849 0.0 -0.208989 -0.258562 0.0 -0.20912 -0.258277 0.0 -0.209252 -0.257991 0.0 -0.209384 -0.257707 0.0 -0.209517 -0.257422 0.0 -0.209652 -0.257138 0.0 -0.209787 -0.256854 0.0 -0.209923 -0.256571 0.0 -0.210059 -0.256288 0.0 -0.210198 -0.256006 0.0 -0.210336 -0.255724 0.0 -0.210476 -0.255443 0.0 -0.210616 -0.255162 0.0 -0.210758 -0.254881 0.0 -0.210899 -0.254601 0.0 -0.211043 -0.254321 0.0 -0.211186 -0.254042 0.0 -0.211332 -0.253763 0.0 -0.211477 -0.253485 0.0 -0.211624 -0.253207 0.0 -0.211771 -0.25293 0.0 -0.21192 -0.252653 0.0 -0.212068 -0.252376 0.0 -0.212219 -0.2521 0.0 -0.212369 -0.251825 0.0 -0.212522 -0.25155 0.0 -0.212674 -0.251275 0.0 -0.212828 -0.251001 0.0 -0.212982 -0.250727 0.0 -0.213137 -0.250454 0.0 -0.213293 -0.250181 0.0 -0.21345 -0.24991 0.0 -0.213608 -0.249638 0.0 -0.213767 -0.249367 0.0 -0.213926 -0.249096 0.0 -0.214087 -0.248826 0.0 -0.214247 -0.248556 0.0 -0.21441 -0.248287 0.0 -0.214572 -0.248018 0.0 -0.214736 -0.24775 0.0 -0.214901 -0.247483 0.0 -0.215066 -0.247216 0.0 -0.215232 -0.246949 0.0 -0.2154 -0.246683 0.0 -0.215567 -0.246417 0.0 -0.215736 -0.246153 0.0 -0.215906 -0.245888 0.0 -0.216076 -0.245624 0.0 -0.216247 -0.245361 0.0 -0.21642 -0.245098 0.0 -0.216592 -0.244835 0.0 -0.216766 -0.244574 0.0 -0.21694 -0.244312 0.0 -0.217116 -0.244052 0.0 -0.217292 -0.243792 0.0 -0.217469 -0.243532 0.0 -0.217647 -0.243273 0.0 -0.217826 -0.243015 0.0 -0.218005 -0.242757 0.0 -0.218185 -0.2425 0.0 -0.218366 -0.242243 0.0 -0.218548 -0.241987 0.0 -0.218731 -0.241731 0.0 -0.218914 -0.241476 0.0 -0.219098 -0.241221 0.0 -0.219284 -0.240968 0.0 -0.219469 -0.240714 0.0 -0.219656 -0.240462 0.0 -0.219843 -0.24021 0.0 -0.220032 -0.239958 0.0 -0.220221 -0.239707 0.0 -0.220411 -0.239457 0.0 -0.220601 -0.239207 0.0 -0.220793 -0.238958 0.0 -0.220984 -0.238709 0.0 -0.221178 -0.238462 0.0 -0.221371 -0.238214 0.0 -0.221566 -0.237968 0.0 -0.221761 -0.237721 0.0 -0.221957 -0.237476 0.0 -0.222154 -0.237231 0.0 -0.222352 -0.236987 0.0 -0.22255 -0.236743 0.0 -0.222749 -0.2365 0.0 -0.222949 -0.236258 0.0 -0.22315 -0.236016 0.0 -0.223351 -0.235775 0.0 -0.223553 -0.235535 0.0 -0.223756 -0.235294 0.0 -0.22396 -0.235056 0.0 -0.224164 -0.234817 0.0 -0.224369 -0.234579 0.0 -0.224575 -0.234341 0.0 -0.224782 -0.234105 0.0 -0.224989 -0.233869 0.0 -0.225197 -0.233634 0.0 -0.225406 -0.233399 0.0 -0.225616 -0.233165 0.0 -0.225826 -0.232931 0.0 -0.226037 -0.232699 0.0 -0.226249 -0.232467 0.0 -0.226462 -0.232236 0.0 -0.226674 -0.232005 0.0 -0.226889 -0.231775 0.0 -0.227103 -0.231545 0.0 -0.227319 -0.231317 0.0 -0.227535 -0.231089 0.0 -0.227752 -0.230862 0.0 -0.227969 -0.230635 0.0 -0.228188 -0.230409 0.0 -0.228406 -0.230183 0.0 -0.228626 -0.229959 0.0 -0.228846 -0.229735 0.0 -0.229068 -0.229512 0.0 -0.229289 -0.229289 0.0 -0.229512 -0.229068 0.0 -0.229735 -0.228846 0.0 -0.229959 -0.228626 0.0 -0.230183 -0.228406 0.0 -0.230409 -0.228188 0.0 -0.230635 -0.227969 0.0 -0.230862 -0.227752 0.0 -0.231089 -0.227535 0.0 -0.231317 -0.227319 0.0 -0.231545 -0.227103 0.0 -0.231775 -0.226889 0.0 -0.232005 -0.226674 0.0 -0.232236 -0.226462 0.0 -0.232467 -0.226249 0.0 -0.232699 -0.226037 0.0 -0.232931 -0.225826 0.0 -0.233165 -0.225616 0.0 -0.233399 -0.225406 0.0 -0.233634 -0.225197 0.0 -0.233869 -0.224989 0.0 -0.234105 -0.224782 0.0 -0.234341 -0.224575 0.0 -0.234579 -0.224369 0.0 -0.234817 -0.224164 0.0 -0.235056 -0.22396 0.0 -0.235294 -0.223756 0.0 -0.235535 -0.223553 0.0 -0.235775 -0.223351 0.0 -0.236016 -0.22315 0.0 -0.236258 -0.222949 0.0 -0.2365 -0.222749 0.0 -0.236743 -0.22255 0.0 -0.236987 -0.222352 0.0 -0.237231 -0.222154 0.0 -0.237476 -0.221957 0.0 -0.237721 -0.221761 0.0 -0.237968 -0.221566 0.0 -0.238214 -0.221371 0.0 -0.238462 -0.221178 0.0 -0.238709 -0.220984 0.0 -0.238958 -0.220793 0.0 -0.239207 -0.220601 0.0 -0.239457 -0.220411 0.0 -0.239707 -0.220221 0.0 -0.239958 -0.220032 0.0 -0.24021 -0.219843 0.0 -0.240462 -0.219656 0.0 -0.240714 -0.219469 0.0 -0.240968 -0.219284 0.0 -0.241221 -0.219098 0.0 -0.241476 -0.218914 0.0 -0.241731 -0.218731 0.0 -0.241987 -0.218548 0.0 -0.242243 -0.218366 0.0 -0.2425 -0.218185 0.0 -0.242757 -0.218005 0.0 -0.243015 -0.217826 0.0 -0.243273 -0.217647 0.0 -0.243532 -0.217469 0.0 -0.243792 -0.217292 0.0 -0.244052 -0.217116 0.0 -0.244312 -0.21694 0.0 -0.244574 -0.216766 0.0 -0.244835 -0.216592 0.0 -0.245098 -0.21642 0.0 -0.245361 -0.216247 0.0 -0.245624 -0.216076 0.0 -0.245888 -0.215906 0.0 -0.246153 -0.215736 0.0 -0.246417 -0.215567 0.0 -0.246683 -0.2154 0.0 -0.246949 -0.215232 0.0 -0.247216 -0.215066 0.0 -0.247483 -0.214901 0.0 -0.24775 -0.214736 0.0 -0.248018 -0.214572 0.0 -0.248287 -0.21441 0.0 -0.248556 -0.214247 0.0 -0.248826 -0.214087 0.0 -0.249096 -0.213926 0.0 -0.249367 -0.213767 0.0 -0.249638 -0.213608 0.0 -0.24991 -0.21345 0.0 -0.250181 -0.213293 0.0 -0.250454 -0.213137 0.0 -0.250727 -0.212982 0.0 -0.251001 -0.212828 0.0 -0.251275 -0.212674 0.0 -0.25155 -0.212522 0.0 -0.251825 -0.212369 0.0 -0.2521 -0.212219 0.0 -0.252376 -0.212068 0.0 -0.252653 -0.21192 0.0 -0.25293 -0.211771 0.0 -0.253207 -0.211624 0.0 -0.253485 -0.211477 0.0 -0.253763 -0.211332 0.0 -0.254042 -0.211186 0.0 -0.254321 -0.211043 0.0 -0.254601 -0.210899 0.0 -0.254881 -0.210758 0.0 -0.255162 -0.210616 0.0 -0.255443 -0.210476 0.0 -0.255724 -0.210336 0.0 -0.256006 -0.210198 0.0 -0.256288 -0.210059 0.0 -0.256571 -0.209923 0.0 -0.256854 -0.209787 0.0 -0.257138 -0.209652 0.0 -0.257422 -0.209517 0.0 -0.257707 -0.209384 0.0 -0.257991 -0.209252 0.0 -0.258277 -0.20912 0.0 -0.258562 -0.208989 0.0 -0.258849 -0.20886 0.0 -0.259135 -0.208731 0.0 -0.259422 -0.208603 0.0 -0.259709 -0.208476 0.0 -0.259997 -0.20835 0.0 -0.260285 -0.208225 0.0 -0.260574 -0.208101 0.0 -0.260863 -0.207977 0.0 -0.261152 -0.207855 0.0 -0.261442 -0.207733 0.0 -0.261732 -0.207613 0.0 -0.262022 -0.207492 0.0 -0.262313 -0.207374 0.0 -0.262604 -0.207255 0.0 -0.262896 -0.207139 0.0 -0.263188 -0.207022 0.0 -0.26348 -0.206908 0.0 -0.263772 -0.206793 0.0 -0.264066 -0.20668 0.0 -0.264359 -0.206567 0.0 -0.264653 -0.206456 0.0 -0.264947 -0.206345 0.0 -0.265241 -0.206236 0.0 -0.265536 -0.206127 0.0 -0.265831 -0.206019 0.0 -0.266126 -0.205912 0.0 -0.266422 -0.205806 0.0 -0.266718 -0.205701 0.0 -0.267015 -0.205597 0.0 -0.267311 -0.205494 0.0 -0.267608 -0.205392 0.0 -0.267906 -0.20529 0.0 -0.268203 -0.20519 0.0 -0.268501 -0.20509 0.0 -0.2688 -0.204992 0.0 -0.269098 -0.204894 0.0 -0.269397 -0.204798 0.0 -0.269696 -0.204702 0.0 -0.269996 -0.204608 0.0 -0.270296 -0.204514 0.0 -0.270596 -0.204421 0.0 -0.270896 -0.204329 0.0 -0.271197 -0.204238 0.0 -0.271498 -0.204148 0.0 -0.271799 -0.204059 0.0 -0.272101 -0.203971 0.0 -0.272403 -0.203884 0.0 -0.272705 -0.203797 0.0 -0.273007 -0.203712 0.0 -0.27331 -0.203628 0.0 -0.273613 -0.203545 0.0 -0.273916 -0.203462 0.0 -0.274219 -0.203381 0.0 -0.274523 -0.2033 0.0 -0.274827 -0.203221 0.0 -0.275131 -0.203142 0.0 -0.275436 -0.203065 0.0 -0.27574 -0.202987 0.0 -0.276045 -0.202912 0.0 -0.27635 -0.202837 0.0 -0.276656 -0.202763 0.0 -0.276961 -0.20269 0.0 -0.277267 -0.202619 0.0 -0.277573 -0.202547 0.0 -0.277879 -0.202478 0.0 -0.278186 -0.202408 0.0 -0.278492 -0.202341 0.0 -0.278799 -0.202273 0.0 -0.279107 -0.202208 0.0 -0.279414 -0.202142 0.0 -0.279721 -0.202078 0.0 -0.280029 -0.202014 0.0 -0.280337 -0.201953 0.0 -0.280645 -0.201891 0.0 -0.280953 -0.201831 0.0 -0.281262 -0.201771 0.0 -0.281571 -0.201713 0.0 -0.281879 -0.201655 0.0 -0.282189 -0.2016 0.0 -0.282498 -0.201544 0.0 -0.282807 -0.20149 0.0 -0.283117 -0.201436 0.0 -0.283426 -0.201383 0.0 -0.283736 -0.201331 0.0 -0.284046 -0.201281 0.0 -0.284357 -0.201231 0.0 -0.284667 -0.201183 0.0 -0.284977 -0.201135 0.0 -0.285288 -0.201089 0.0 -0.285599 -0.201042 0.0 -0.28591 -0.200998 0.0 -0.286221 -0.200954 0.0 -0.286532 -0.200912 0.0 -0.286844 -0.200869 0.0 -0.287155 -0.200829 0.0 -0.287467 -0.200789 0.0 -0.287778 -0.20075 0.0 -0.28809 -0.200712 0.0 -0.288402 -0.200675 0.0 -0.288714 -0.200639 0.0 -0.289027 -0.200604 0.0 -0.289339 -0.20057 0.0 -0.289651 -0.200537 0.0 -0.289964 -0.200505 0.0 -0.290276 -0.200474 0.0 -0.290589 -0.200444 0.0 -0.290902 -0.200415 0.0 -0.291215 -0.200387 0.0 -0.291528 -0.20036 0.0 -0.291841 -0.200333 0.0 -0.292154 -0.200309 0.0 -0.292467 -0.200284 0.0 -0.292781 -0.200261 0.0 -0.293094 -0.200239 0.0 -0.293407 -0.200218 0.0 -0.293721 -0.200197 0.0 -0.294035 -0.200179 0.0 -0.294348 -0.20016 0.0 -0.294662 -0.200143 0.0 -0.294976 -0.200126 0.0 -0.295289 -0.200112 0.0 -0.295603 -0.200097 0.0 -0.295917 -0.200084 0.0 -0.296231 -0.200071 0.0 -0.296545 -0.20006 0.0 -0.296859 -0.200049 0.0 -0.297173 -0.20004 0.0 -0.297487 -0.200032 0.0 -0.297801 -0.200025 0.0 -0.298115 -0.200018 0.0 -0.298429 -0.200013 0.0 -0.298743 -0.200008 0.0 -0.299058 -0.200005 0.0 -0.299372 -0.200002 0.0 -0.299686 -0.200001 0.0 -0.3 -0.2 0.0 -0.300314 -0.200001 0.0 -0.300628 -0.200002 0.0 -0.300942 -0.200005 0.0 -0.301257 -0.200008 0.0 -0.301571 -0.200013 0.0 -0.301885 -0.200018 0.0 -0.302199 -0.200025 0.0 -0.302513 -0.200032 0.0 -0.302827 -0.20004 0.0 -0.303141 -0.200049 0.0 -0.303455 -0.20006 0.0 -0.303769 -0.200071 0.0 -0.304083 -0.200084 0.0 -0.304397 -0.200097 0.0 -0.304711 -0.200112 0.0 -0.305024 -0.200126 0.0 -0.305338 -0.200143 0.0 -0.305652 -0.20016 0.0 -0.305965 -0.200179 0.0 -0.306279 -0.200197 0.0 -0.306593 -0.200218 0.0 -0.306906 -0.200239 0.0 -0.307219 -0.200261 0.0 -0.307533 -0.200284 0.0 -0.307846 -0.200309 0.0 -0.308159 -0.200333 0.0 -0.308472 -0.20036 0.0 -0.308785 -0.200387 0.0 -0.309098 -0.200415 0.0 -0.309411 -0.200444 0.0 -0.309724 -0.200474 0.0 -0.310036 -0.200505 0.0 -0.310349 -0.200537 0.0 -0.310661 -0.20057 0.0 -0.310973 -0.200604 0.0 -0.311286 -0.200639 0.0 -0.311598 -0.200675 0.0 -0.31191 -0.200712 0.0 -0.312222 -0.20075 0.0 -0.312533 -0.200789 0.0 -0.312845 -0.200829 0.0 -0.313156 -0.200869 0.0 -0.313468 -0.200912 0.0 -0.313779 -0.200954 0.0 -0.31409 -0.200998 0.0 -0.314401 -0.201042 0.0 -0.314712 -0.201089 0.0 -0.315023 -0.201135 0.0 -0.315333 -0.201183 0.0 -0.315643 -0.201231 0.0 -0.315954 -0.201281 0.0 -0.316264 -0.201331 0.0 -0.316574 -0.201383 0.0 -0.316883 -0.201436 0.0 -0.317193 -0.20149 0.0 -0.317502 -0.201544 0.0 -0.317811 -0.2016 0.0 -0.318121 -0.201655 0.0 -0.318429 -0.201713 0.0 -0.318738 -0.201771 0.0 -0.319047 -0.201831 0.0 -0.319355 -0.201891 0.0 -0.319663 -0.201953 0.0 -0.319971 -0.202014 0.0 -0.320279 -0.202078 0.0 -0.320586 -0.202142 0.0 -0.320893 -0.202208 0.0 -0.321201 -0.202273 0.0 -0.321508 -0.202341 0.0 -0.321814 -0.202408 0.0 -0.322121 -0.202478 0.0 -0.322427 -0.202547 0.0 -0.322733 -0.202619 0.0 -0.323039 -0.20269 0.0 -0.323344 -0.202763 0.0 -0.32365 -0.202837 0.0 -0.323955 -0.202912 0.0 -0.32426 -0.202987 0.0 -0.324564 -0.203065 0.0 -0.324869 -0.203142 0.0 -0.325173 -0.203221 0.0 -0.325477 -0.2033 0.0 -0.325781 -0.203381 0.0 -0.326084 -0.203462 0.0 -0.326387 -0.203545 0.0 -0.32669 -0.203628 0.0 -0.326993 -0.203712 0.0 -0.327295 -0.203797 0.0 -0.327597 -0.203884 0.0 -0.327899 -0.203971 0.0 -0.328201 -0.204059 0.0 -0.328502 -0.204148 0.0 -0.328803 -0.204238 0.0 -0.329104 -0.204329 0.0 -0.329404 -0.204421 0.0 -0.329704 -0.204514 0.0 -0.330004 -0.204608 0.0 -0.330304 -0.204702 0.0 -0.330603 -0.204798 0.0 -0.330902 -0.204894 0.0 -0.3312 -0.204992 0.0 -0.331499 -0.20509 0.0 -0.331797 -0.20519 0.0 -0.332094 -0.20529 0.0 -0.332392 -0.205392 0.0 -0.332689 -0.205494 0.0 -0.332985 -0.205597 0.0 -0.333282 -0.205701 0.0 -0.333578 -0.205806 0.0 -0.333874 -0.205912 0.0 -0.334169 -0.206019 0.0 -0.334464 -0.206127 0.0 -0.334759 -0.206236 0.0 -0.335053 -0.206345 0.0 -0.335347 -0.206456 0.0 -0.335641 -0.206567 0.0 -0.335934 -0.20668 0.0 -0.336228 -0.206793 0.0 -0.33652 -0.206908 0.0 -0.336812 -0.207022 0.0 -0.337104 -0.207139 0.0 -0.337396 -0.207255 0.0 -0.337687 -0.207374 0.0 -0.337978 -0.207492 0.0 -0.338268 -0.207613 0.0 -0.338558 -0.207733 0.0 -0.338848 -0.207855 0.0 -0.339137 -0.207977 0.0 -0.339426 -0.208101 0.0 -0.339715 -0.208225 0.0 -0.340003 -0.20835 0.0 -0.340291 -0.208476 0.0 -0.340578 -0.208603 0.0 -0.340865 -0.208731 0.0 -0.341151 -0.20886 0.0 -0.341438 -0.208989 0.0 -0.341723 -0.20912 0.0 -0.342009 -0.209252 0.0 -0.342293 -0.209384 0.0 -0.342578 -0.209517 0.0 -0.342862 -0.209652 0.0 -0.343146 -0.209787 0.0 -0.343429 -0.209923 0.0 -0.343712 -0.210059 0.0 -0.343994 -0.210198 0.0 -0.344276 -0.210336 0.0 -0.344557 -0.210476 0.0 -0.344838 -0.210616 0.0 -0.345119 -0.210758 0.0 -0.345399 -0.210899 0.0 -0.345679 -0.211043 0.0 -0.345958 -0.211186 0.0 -0.346237 -0.211332 0.0 -0.346515 -0.211477 0.0 -0.346793 -0.211624 0.0 -0.34707 -0.211771 0.0 -0.347347 -0.21192 0.0 -0.347624 -0.212068 0.0 -0.3479 -0.212219 0.0 -0.348175 -0.212369 0.0 -0.34845 -0.212522 0.0 -0.348725 -0.212674 0.0 -0.348999 -0.212828 0.0 -0.349273 -0.212982 0.0 -0.349546 -0.213137 0.0 -0.349819 -0.213293 0.0 -0.35009 -0.21345 0.0 -0.350362 -0.213608 0.0 -0.350633 -0.213767 0.0 -0.350904 -0.213926 0.0 -0.351174 -0.214087 0.0 -0.351444 -0.214247 0.0 -0.351713 -0.21441 0.0 -0.351982 -0.214572 0.0 -0.35225 -0.214736 0.0 -0.352517 -0.214901 0.0 -0.352784 -0.215066 0.0 -0.353051 -0.215232 0.0 -0.353317 -0.2154 0.0 -0.353583 -0.215567 0.0 -0.353847 -0.215736 0.0 -0.354112 -0.215906 0.0 -0.354376 -0.216076 0.0 -0.354639 -0.216247 0.0 -0.354902 -0.21642 0.0 -0.355165 -0.216592 0.0 -0.355426 -0.216766 0.0 -0.355688 -0.21694 0.0 -0.355948 -0.217116 0.0 -0.356208 -0.217292 0.0 -0.356468 -0.217469 0.0 -0.356727 -0.217647 0.0 -0.356985 -0.217826 0.0 -0.357243 -0.218005 0.0 -0.3575 -0.218185 0.0 -0.357757 -0.218366 0.0 -0.358013 -0.218548 0.0 -0.358269 -0.218731 0.0 -0.358524 -0.218914 0.0 -0.358779 -0.219098 0.0 -0.359032 -0.219284 0.0 -0.359286 -0.219469 0.0 -0.359538 -0.219656 0.0 -0.35979 -0.219843 0.0 -0.360042 -0.220032 0.0 -0.360293 -0.220221 0.0 -0.360543 -0.220411 0.0 -0.360793 -0.220601 0.0 -0.361042 -0.220793 0.0 -0.361291 -0.220984 0.0 -0.361538 -0.221178 0.0 -0.361786 -0.221371 0.0 -0.362032 -0.221566 0.0 -0.362279 -0.221761 0.0 -0.362524 -0.221957 0.0 -0.362769 -0.222154 0.0 -0.363013 -0.222352 0.0 -0.363257 -0.22255 0.0 -0.3635 -0.222749 0.0 -0.363742 -0.222949 0.0 -0.363984 -0.22315 0.0 -0.364225 -0.223351 0.0 -0.364465 -0.223553 0.0 -0.364706 -0.223756 0.0 -0.364944 -0.22396 0.0 -0.365183 -0.224164 0.0 -0.365421 -0.224369 0.0 -0.365659 -0.224575 0.0 -0.365895 -0.224782 0.0 -0.366131 -0.224989 0.0 -0.366366 -0.225197 0.0 -0.366601 -0.225406 0.0 -0.366835 -0.225616 0.0 -0.367069 -0.225826 0.0 -0.367301 -0.226037 0.0 -0.367533 -0.226249 0.0 -0.367764 -0.226462 0.0 -0.367995 -0.226674 0.0 -0.368225 -0.226889 0.0 -0.368455 -0.227103 0.0 -0.368683 -0.227319 0.0 -0.368911 -0.227535 0.0 -0.369138 -0.227752 0.0 -0.369365 -0.227969 0.0 -0.369591 -0.228188 0.0 -0.369817 -0.228406 0.0 -0.370041 -0.228626 0.0 -0.370265 -0.228846 0.0 -0.370488 -0.229068 0.0 -0.370711 -0.229289 0.0 -0.370932 -0.229512 0.0 -0.371154 -0.229735 0.0 -0.371374 -0.229959 0.0 -0.371594 -0.230183 0.0 -0.371812 -0.230409 0.0 -0.372031 -0.230635 0.0 -0.372248 -0.230862 0.0 -0.372465 -0.231089 0.0 -0.372681 -0.231317 0.0 -0.372897 -0.231545 0.0 -0.373111 -0.231775 0.0 -0.373326 -0.232005 0.0 -0.373538 -0.232236 0.0 -0.373751 -0.232467 0.0 -0.373963 -0.232699 0.0 -0.374174 -0.232931 0.0 -0.374384 -0.233165 0.0 -0.374594 -0.233399 0.0 -0.374803 -0.233634 0.0 -0.375011 -0.233869 0.0 -0.375218 -0.234105 0.0 -0.375425 -0.234341 0.0 -0.375631 -0.234579 0.0 -0.375836 -0.234817 0.0 -0.37604 -0.235056 0.0 -0.376244 -0.235294 0.0 -0.376447 -0.235535 0.0 -0.376649 -0.235775 0.0 -0.37685 -0.236016 0.0 -0.377051 -0.236258 0.0 -0.377251 -0.2365 0.0 -0.37745 -0.236743 0.0 -0.377648 -0.236987 0.0 -0.377846 -0.237231 0.0 -0.378043 -0.237476 0.0 -0.378239 -0.237721 0.0 -0.378434 -0.237968 0.0 -0.378629 -0.238214 0.0 -0.378822 -0.238462 0.0 -0.379016 -0.238709 0.0 -0.379207 -0.238958 0.0 -0.379399 -0.239207 0.0 -0.379589 -0.239457 0.0 -0.379779 -0.239707 0.0 -0.379968 -0.239958 0.0 -0.380157 -0.24021 0.0 -0.380344 -0.240462 0.0 -0.380531 -0.240714 0.0 -0.380716 -0.240968 0.0 -0.380902 -0.241221 0.0 -0.381086 -0.241476 0.0 -0.381269 -0.241731 0.0 -0.381452 -0.241987 0.0 -0.381634 -0.242243 0.0 -0.381815 -0.2425 0.0 -0.381995 -0.242757 0.0 -0.382174 -0.243015 0.0 -0.382353 -0.243273 0.0 -0.382531 -0.243532 0.0 -0.382708 -0.243792 0.0 -0.382884 -0.244052 0.0 -0.38306 -0.244312 0.0 -0.383234 -0.244574 0.0 -0.383408 -0.244835 0.0 -0.38358 -0.245098 0.0 -0.383753 -0.245361 0.0 -0.383924 -0.245624 0.0 -0.384094 -0.245888 0.0 -0.384264 -0.246153 0.0 -0.384433 -0.246417 0.0 -0.3846 -0.246683 0.0 -0.384768 -0.246949 0.0 -0.384934 -0.247216 0.0 -0.385099 -0.247483 0.0 -0.385264 -0.24775 0.0 -0.385428 -0.248018 0.0 -0.38559 -0.248287 0.0 -0.385753 -0.248556 0.0 -0.385913 -0.248826 0.0 -0.386074 -0.249096 0.0 -0.386233 -0.249367 0.0 -0.386392 -0.249638 0.0 -0.38655 -0.24991 0.0 -0.386707 -0.250181 0.0 -0.386863 -0.250454 0.0 -0.387018 -0.250727 0.0 -0.387172 -0.251001 0.0 -0.387326 -0.251275 0.0 -0.387478 -0.25155 0.0 -0.387631 -0.251825 0.0 -0.387781 -0.2521 0.0 -0.387932 -0.252376 0.0 -0.38808 -0.252653 0.0 -0.388229 -0.25293 0.0 -0.388376 -0.253207 0.0 -0.388523 -0.253485 0.0 -0.388668 -0.253763 0.0 -0.388814 -0.254042 0.0 -0.388957 -0.254321 0.0 -0.389101 -0.254601 0.0 -0.389242 -0.254881 0.0 -0.389384 -0.255162 0.0 -0.389524 -0.255443 0.0 -0.389664 -0.255724 0.0 -0.389802 -0.256006 0.0 -0.389941 -0.256288 0.0 -0.390077 -0.256571 0.0 -0.390213 -0.256854 0.0 -0.390348 -0.257138 0.0 -0.390483 -0.257422 0.0 -0.390616 -0.257707 0.0 -0.390748 -0.257991 0.0 -0.39088 -0.258277 0.0 -0.391011 -0.258562 0.0 -0.39114 -0.258849 0.0 -0.391269 -0.259135 0.0 -0.391397 -0.259422 0.0 -0.391524 -0.259709 0.0 -0.39165 -0.259997 0.0 -0.391775 -0.260285 0.0 -0.391899 -0.260574 0.0 -0.392023 -0.260863 0.0 -0.392145 -0.261152 0.0 -0.392267 -0.261442 0.0 -0.392387 -0.261732 0.0 -0.392508 -0.262022 0.0 -0.392626 -0.262313 0.0 -0.392745 -0.262604 0.0 -0.392861 -0.262896 0.0 -0.392978 -0.263188 0.0 -0.393092 -0.26348 0.0 -0.393207 -0.263772 0.0 -0.39332 -0.264066 0.0 -0.393433 -0.264359 0.0 -0.393544 -0.264653 0.0 -0.393655 -0.264947 0.0 -0.393764 -0.265241 0.0 -0.393873 -0.265536 0.0 -0.393981 -0.265831 0.0 -0.394088 -0.266126 0.0 -0.394194 -0.266422 0.0 -0.394299 -0.266718 0.0 -0.394403 -0.267015 0.0 -0.394506 -0.267311 0.0 -0.394608 -0.267608 0.0 -0.39471 -0.267906 0.0 -0.39481 -0.268203 0.0 -0.39491 -0.268501 0.0 -0.395008 -0.2688 0.0 -0.395106 -0.269098 0.0 -0.395202 -0.269397 0.0 -0.395298 -0.269696 0.0 -0.395392 -0.269996 0.0 -0.395486 -0.270296 0.0 -0.395579 -0.270596 0.0 -0.395671 -0.270896 0.0 -0.395762 -0.271197 0.0 -0.395852 -0.271498 0.0 -0.395941 -0.271799 0.0 -0.396029 -0.272101 0.0 -0.396116 -0.272403 0.0 -0.396203 -0.272705 0.0 -0.396288 -0.273007 0.0 -0.396372 -0.27331 0.0 -0.396455 -0.273613 0.0 -0.396538 -0.273916 0.0 -0.396619 -0.274219 0.0 -0.3967 -0.274523 0.0 -0.396779 -0.274827 0.0 -0.396858 -0.275131 0.0 -0.396935 -0.275436 0.0 -0.397013 -0.27574 0.0 -0.397088 -0.276045 0.0 -0.397163 -0.27635 0.0 -0.397237 -0.276656 0.0 -0.39731 -0.276961 0.0 -0.397381 -0.277267 0.0 -0.397453 -0.277573 0.0 -0.397522 -0.277879 0.0 -0.397592 -0.278186 0.0 -0.397659 -0.278492 0.0 -0.397727 -0.278799 0.0 -0.397792 -0.279107 0.0 -0.397858 -0.279414 0.0 -0.397922 -0.279721 0.0 -0.397986 -0.280029 0.0 -0.398047 -0.280337 0.0 -0.398109 -0.280645 0.0 -0.398169 -0.280953 0.0 -0.398229 -0.281262 0.0 -0.398287 -0.281571 0.0 -0.398345 -0.281879 0.0 -0.3984 -0.282189 0.0 -0.398456 -0.282498 0.0 -0.39851 -0.282807 0.0 -0.398564 -0.283117 0.0 -0.398617 -0.283426 0.0 -0.398669 -0.283736 0.0 -0.398719 -0.284046 0.0 -0.398769 -0.284357 0.0 -0.398817 -0.284667 0.0 -0.398865 -0.284977 0.0 -0.398911 -0.285288 0.0 -0.398958 -0.285599 0.0 -0.399002 -0.28591 0.0 -0.399046 -0.286221 0.0 -0.399088 -0.286532 0.0 -0.399131 -0.286844 0.0 -0.399171 -0.287155 0.0 -0.399211 -0.287467 0.0 -0.39925 -0.287778 0.0 -0.399288 -0.28809 0.0 -0.399325 -0.288402 0.0 -0.399361 -0.288714 0.0 -0.399396 -0.289027 0.0 -0.39943 -0.289339 0.0 -0.399463 -0.289651 0.0 -0.399495 -0.289964 0.0 -0.399526 -0.290276 0.0 -0.399556 -0.290589 0.0 -0.399585 -0.290902 0.0 -0.399613 -0.291215 0.0 -0.39964 -0.291528 0.0 -0.399667 -0.291841 0.0 -0.399691 -0.292154 0.0 -0.399716 -0.292467 0.0 -0.399739 -0.292781 0.0 -0.399761 -0.293094 0.0 -0.399782 -0.293407 0.0 -0.399803 -0.293721 0.0 -0.399821 -0.294035 0.0 -0.39984 -0.294348 0.0 -0.399857 -0.294662 0.0 -0.399874 -0.294976 0.0 -0.399888 -0.295289 0.0 -0.399903 -0.295603 0.0 -0.399916 -0.295917 0.0 -0.399929 -0.296231 0.0 -0.39994 -0.296545 0.0 -0.399951 -0.296859 0.0 -0.39996 -0.297173 0.0 -0.399968 -0.297487 0.0 -0.399975 -0.297801 0.0 -0.399982 -0.298115 0.0 -0.399987 -0.298429 0.0 -0.399992 -0.298743 0.0 -0.399995 -0.299058 0.0 -0.399998 -0.299372 0.0 -0.399999 -0.299686 0.0 -0.4 -0.3 0.0 -0.399999 -0.300314 0.0 -0.399998 -0.300628 0.0 -0.399995 -0.300942 0.0 -0.399992 -0.301257 0.0 -0.399987 -0.301571 0.0 -0.399982 -0.301885 0.0 -0.399975 -0.302199 0.0 -0.399968 -0.302513 0.0 -0.39996 -0.302827 0.0 -0.399951 -0.303141 0.0 -0.39994 -0.303455 0.0 -0.399929 -0.303769 0.0 -0.399916 -0.304083 0.0 -0.399903 -0.304397 0.0 -0.399888 -0.304711 0.0 -0.399874 -0.305024 0.0 -0.399857 -0.305338 0.0 -0.39984 -0.305652 0.0 -0.399821 -0.305965 0.0 -0.399803 -0.306279 0.0 -0.399782 -0.306593 0.0 -0.399761 -0.306906 0.0 -0.399739 -0.307219 0.0 -0.399716 -0.307533 0.0 -0.399691 -0.307846 0.0 -0.399667 -0.308159 0.0 -0.39964 -0.308472 0.0 -0.399613 -0.308785 0.0 -0.399585 -0.309098 0.0 -0.399556 -0.309411 0.0 -0.399526 -0.309724 0.0 -0.399495 -0.310036 0.0 -0.399463 -0.310349 0.0 -0.39943 -0.310661 0.0 -0.399396 -0.310973 0.0 -0.399361 -0.311286 0.0 -0.399325 -0.311598 0.0 -0.399288 -0.31191 0.0 -0.39925 -0.312222 0.0 -0.399211 -0.312533 0.0 -0.399171 -0.312845 0.0 -0.399131 -0.313156 0.0 -0.399088 -0.313468 0.0 -0.399046 -0.313779 0.0 -0.399002 -0.31409 0.0 -0.398958 -0.314401 0.0 -0.398911 -0.314712 0.0 -0.398865 -0.315023 0.0 -0.398817 -0.315333 0.0 -0.398769 -0.315643 0.0 -0.398719 -0.315954 0.0 -0.398669 -0.316264 0.0 -0.398617 -0.316574 0.0 -0.398564 -0.316883 0.0 -0.39851 -0.317193 0.0 -0.398456 -0.317502 0.0 -0.3984 -0.317811 0.0 -0.398345 -0.318121 0.0 -0.398287 -0.318429 0.0 -0.398229 -0.318738 0.0 -0.398169 -0.319047 0.0 -0.398109 -0.319355 0.0 -0.398047 -0.319663 0.0 -0.397986 -0.319971 0.0 -0.397922 -0.320279 0.0 -0.397858 -0.320586 0.0 -0.397792 -0.320893 0.0 -0.397727 -0.321201 0.0 -0.397659 -0.321508 0.0 -0.397592 -0.321814 0.0 -0.397522 -0.322121 0.0 -0.397453 -0.322427 0.0 -0.397381 -0.322733 0.0 -0.39731 -0.323039 0.0 -0.397237 -0.323344 0.0 -0.397163 -0.32365 0.0 -0.397088 -0.323955 0.0 -0.397013 -0.32426 0.0 -0.396935 -0.324564 0.0 -0.396858 -0.324869 0.0 -0.396779 -0.325173 0.0 -0.3967 -0.325477 0.0 -0.396619 -0.325781 0.0 -0.396538 -0.326084 0.0 -0.396455 -0.326387 0.0 -0.396372 -0.32669 0.0 -0.396288 -0.326993 0.0 -0.396203 -0.327295 0.0 -0.396116 -0.327597 0.0 -0.396029 -0.327899 0.0 -0.395941 -0.328201 0.0 -0.395852 -0.328502 0.0 -0.395762 -0.328803 0.0 -0.395671 -0.329104 0.0 -0.395579 -0.329404 0.0 -0.395486 -0.329704 0.0 -0.395392 -0.330004 0.0 -0.395298 -0.330304 0.0 -0.395202 -0.330603 0.0 -0.395106 -0.330902 0.0 -0.395008 -0.3312 0.0 -0.39491 -0.331499 0.0 -0.39481 -0.331797 0.0 -0.39471 -0.332094 0.0 -0.394608 -0.332392 0.0 -0.394506 -0.332689 0.0 -0.394403 -0.332985 0.0 -0.394299 -0.333282 0.0 -0.394194 -0.333578 0.0 -0.394088 -0.333874 0.0 -0.393981 -0.334169 0.0 -0.393873 -0.334464 0.0 -0.393764 -0.334759 0.0 -0.393655 -0.335053 0.0 -0.393544 -0.335347 0.0 -0.393433 -0.335641 0.0 -0.39332 -0.335934 0.0 -0.393207 -0.336228 0.0 -0.393092 -0.33652 0.0 -0.392978 -0.336812 0.0 -0.392861 -0.337104 0.0 -0.392745 -0.337396 0.0 -0.392626 -0.337687 0.0 -0.392508 -0.337978 0.0 -0.392387 -0.338268 0.0 -0.392267 -0.338558 0.0 -0.392145 -0.338848 0.0 -0.392023 -0.339137 0.0 -0.391899 -0.339426 0.0 -0.391775 -0.339715 0.0 -0.39165 -0.340003 0.0 -0.391524 -0.340291 0.0 -0.391397 -0.340578 0.0 -0.391269 -0.340865 0.0 -0.39114 -0.341151 0.0 -0.391011 -0.341438 0.0 -0.39088 -0.341723 0.0 -0.390748 -0.342009 0.0 -0.390616 -0.342293 0.0 -0.390483 -0.342578 0.0 -0.390348 -0.342862 0.0 -0.390213 -0.343146 0.0 -0.390077 -0.343429 0.0 -0.389941 -0.343712 0.0 -0.389802 -0.343994 0.0 -0.389664 -0.344276 0.0 -0.389524 -0.344557 0.0 -0.389384 -0.344838 0.0 -0.389242 -0.345119 0.0 -0.389101 -0.345399 0.0 -0.388957 -0.345679 0.0 -0.388814 -0.345958 0.0 -0.388668 -0.346237 0.0 -0.388523 -0.346515 0.0 -0.388376 -0.346793 0.0 -0.388229 -0.34707 0.0 -0.38808 -0.347347 0.0 -0.387932 -0.347624 0.0 -0.387781 -0.3479 0.0 -0.387631 -0.348175 0.0 -0.387478 -0.34845 0.0 -0.387326 -0.348725 0.0 -0.387172 -0.348999 0.0 -0.387018 -0.349273 0.0 -0.386863 -0.349546 0.0 -0.386707 -0.349819 0.0 -0.38655 -0.35009 0.0 -0.386392 -0.350362 0.0 -0.386233 -0.350633 0.0 -0.386074 -0.350904 0.0 -0.385913 -0.351174 0.0 -0.385753 -0.351444 0.0 -0.38559 -0.351713 0.0 -0.385428 -0.351982 0.0 -0.385264 -0.35225 0.0 -0.385099 -0.352517 0.0 -0.384934 -0.352784 0.0 -0.384768 -0.353051 0.0 -0.3846 -0.353317 0.0 -0.384433 -0.353583 0.0 -0.384264 -0.353847 0.0 -0.384094 -0.354112 0.0 -0.383924 -0.354376 0.0 -0.383753 -0.354639 0.0 -0.38358 -0.354902 0.0 -0.383408 -0.355165 0.0 -0.383234 -0.355426 0.0 -0.38306 -0.355688 0.0 -0.382884 -0.355948 0.0 -0.382708 -0.356208 0.0 -0.382531 -0.356468 0.0 -0.382353 -0.356727 0.0 -0.382174 -0.356985 0.0 -0.381995 -0.357243 0.0 -0.381815 -0.3575 0.0 -0.381634 -0.357757 0.0 -0.381452 -0.358013 0.0 -0.381269 -0.358269 0.0 -0.381086 -0.358524 0.0 -0.380902 -0.358779 0.0 -0.380716 -0.359032 0.0 -0.380531 -0.359286 0.0 -0.380344 -0.359538 0.0 -0.380157 -0.35979 0.0 -0.379968 -0.360042 0.0 -0.379779 -0.360293 0.0 -0.379589 -0.360543 0.0 -0.379399 -0.360793 0.0 -0.379207 -0.361042 0.0 -0.379016 -0.361291 0.0 -0.378822 -0.361538 0.0 -0.378629 -0.361786 0.0 -0.378434 -0.362032 0.0 -0.378239 -0.362279 0.0 -0.378043 -0.362524 0.0 -0.377846 -0.362769 0.0 -0.377648 -0.363013 0.0 -0.37745 -0.363257 0.0 -0.377251 -0.3635 0.0 -0.377051 -0.363742 0.0 -0.37685 -0.363984 0.0 -0.376649 -0.364225 0.0 -0.376447 -0.364465 0.0 -0.376244 -0.364706 0.0 -0.37604 -0.364944 0.0 -0.375836 -0.365183 0.0 -0.375631 -0.365421 0.0 -0.375425 -0.365659 0.0 -0.375218 -0.365895 0.0 -0.375011 -0.366131 0.0 -0.374803 -0.366366 0.0 -0.374594 -0.366601 0.0 -0.374384 -0.366835 0.0 -0.374174 -0.367069 0.0 -0.373963 -0.367301 0.0 -0.373751 -0.367533 0.0 -0.373538 -0.367764 0.0 -0.373326 -0.367995 0.0 -0.373111 -0.368225 0.0 -0.372897 -0.368455 0.0 -0.372681 -0.368683 0.0 -0.372465 -0.368911 0.0 -0.372248 -0.369138 0.0 -0.372031 -0.369365 0.0 -0.371812 -0.369591 0.0 -0.371594 -0.369817 0.0 -0.371374 -0.370041 0.0 -0.371154 -0.370265 0.0 -0.370932 -0.370488 0.0 -0.370711 -0.370711 0.0 -0.370488 -0.370932 0.0 -0.370265 -0.371154 0.0 -0.370041 -0.371374 0.0 -0.369817 -0.371594 0.0 -0.369591 -0.371812 0.0 -0.369365 -0.372031 0.0 -0.369138 -0.372248 0.0 -0.368911 -0.372465 0.0 -0.368683 -0.372681 0.0 -0.368455 -0.372897 0.0 -0.368225 -0.373111 0.0 -0.367995 -0.373326 0.0 -0.367764 -0.373538 0.0 -0.367533 -0.373751 0.0 -0.367301 -0.373963 0.0 -0.367069 -0.374174 0.0 -0.366835 -0.374384 0.0 -0.366601 -0.374594 0.0 -0.366366 -0.374803 0.0 -0.366131 -0.375011 0.0 -0.365895 -0.375218 0.0 -0.365659 -0.375425 0.0 -0.365421 -0.375631 0.0 -0.365183 -0.375836 0.0 -0.364944 -0.37604 0.0 -0.364706 -0.376244 0.0 -0.364465 -0.376447 0.0 -0.364225 -0.376649 0.0 -0.363984 -0.37685 0.0 -0.363742 -0.377051 0.0 -0.3635 -0.377251 0.0 -0.363257 -0.37745 0.0 -0.363013 -0.377648 0.0 -0.362769 -0.377846 0.0 -0.362524 -0.378043 0.0 -0.362279 -0.378239 0.0 -0.362032 -0.378434 0.0 -0.361786 -0.378629 0.0 -0.361538 -0.378822 0.0 -0.361291 -0.379016 0.0 -0.361042 -0.379207 0.0 -0.360793 -0.379399 0.0 -0.360543 -0.379589 0.0 -0.360293 -0.379779 0.0 -0.360042 -0.379968 0.0 -0.35979 -0.380157 0.0 -0.359538 -0.380344 0.0 -0.359286 -0.380531 0.0 -0.359032 -0.380716 0.0 -0.358779 -0.380902 0.0 -0.358524 -0.381086 0.0 -0.358269 -0.381269 0.0 -0.358013 -0.381452 0.0 -0.357757 -0.381634 0.0 -0.3575 -0.381815 0.0 -0.357243 -0.381995 0.0 -0.356985 -0.382174 0.0 -0.356727 -0.382353 0.0 -0.356468 -0.382531 0.0 -0.356208 -0.382708 0.0 -0.355948 -0.382884 0.0 -0.355688 -0.38306 0.0 -0.355426 -0.383234 0.0 -0.355165 -0.383408 0.0 -0.354902 -0.38358 0.0 -0.354639 -0.383753 0.0 -0.354376 -0.383924 0.0 -0.354112 -0.384094 0.0 -0.353847 -0.384264 0.0 -0.353583 -0.384433 0.0 -0.353317 -0.3846 0.0 -0.353051 -0.384768 0.0 -0.352784 -0.384934 0.0 -0.352517 -0.385099 0.0 -0.35225 -0.385264 0.0 -0.351982 -0.385428 0.0 -0.351713 -0.38559 0.0 -0.351444 -0.385753 0.0 -0.351174 -0.385913 0.0 -0.350904 -0.386074 0.0 -0.350633 -0.386233 0.0 -0.350362 -0.386392 0.0 -0.35009 -0.38655 0.0 -0.349819 -0.386707 0.0 -0.349546 -0.386863 0.0 -0.349273 -0.387018 0.0 -0.348999 -0.387172 0.0 -0.348725 -0.387326 0.0 -0.34845 -0.387478 0.0 -0.348175 -0.387631 0.0 -0.3479 -0.387781 0.0 -0.347624 -0.387932 0.0 -0.347347 -0.38808 0.0 -0.34707 -0.388229 0.0 -0.346793 -0.388376 0.0 -0.346515 -0.388523 0.0 -0.346237 -0.388668 0.0 -0.345958 -0.388814 0.0 -0.345679 -0.388957 0.0 -0.345399 -0.389101 0.0 -0.345119 -0.389242 0.0 -0.344838 -0.389384 0.0 -0.344557 -0.389524 0.0 -0.344276 -0.389664 0.0 -0.343994 -0.389802 0.0 -0.343712 -0.389941 0.0 -0.343429 -0.390077 0.0 -0.343146 -0.390213 0.0 -0.342862 -0.390348 0.0 -0.342578 -0.390483 0.0 -0.342293 -0.390616 0.0 -0.342009 -0.390748 0.0 -0.341723 -0.39088 0.0 -0.341438 -0.391011 0.0 -0.341151 -0.39114 0.0 -0.340865 -0.391269 0.0 -0.340578 -0.391397 0.0 -0.340291 -0.391524 0.0 -0.340003 -0.39165 0.0 -0.339715 -0.391775 0.0 -0.339426 -0.391899 0.0 -0.339137 -0.392023 0.0 -0.338848 -0.392145 0.0 -0.338558 -0.392267 0.0 -0.338268 -0.392387 0.0 -0.337978 -0.392508 0.0 -0.337687 -0.392626 0.0 -0.337396 -0.392745 0.0 -0.337104 -0.392861 0.0 -0.336812 -0.392978 0.0 -0.33652 -0.393092 0.0 -0.336228 -0.393207 0.0 -0.335934 -0.39332 0.0 -0.335641 -0.393433 0.0 -0.335347 -0.393544 0.0 -0.335053 -0.393655 0.0 -0.334759 -0.393764 0.0 -0.334464 -0.393873 0.0 -0.334169 -0.393981 0.0 -0.333874 -0.394088 0.0 -0.333578 -0.394194 0.0 -0.333282 -0.394299 0.0 -0.332985 -0.394403 0.0 -0.332689 -0.394506 0.0 -0.332392 -0.394608 0.0 -0.332094 -0.39471 0.0 -0.331797 -0.39481 0.0 -0.331499 -0.39491 0.0 -0.3312 -0.395008 0.0 -0.330902 -0.395106 0.0 -0.330603 -0.395202 0.0 -0.330304 -0.395298 0.0 -0.330004 -0.395392 0.0 -0.329704 -0.395486 0.0 -0.329404 -0.395579 0.0 -0.329104 -0.395671 0.0 -0.328803 -0.395762 0.0 -0.328502 -0.395852 0.0 -0.328201 -0.395941 0.0 -0.327899 -0.396029 0.0 -0.327597 -0.396116 0.0 -0.327295 -0.396203 0.0 -0.326993 -0.396288 0.0 -0.32669 -0.396372 0.0 -0.326387 -0.396455 0.0 -0.326084 -0.396538 0.0 -0.325781 -0.396619 0.0 -0.325477 -0.3967 0.0 -0.325173 -0.396779 0.0 -0.324869 -0.396858 0.0 -0.324564 -0.396935 0.0 -0.32426 -0.397013 0.0 -0.323955 -0.397088 0.0 -0.32365 -0.397163 0.0 -0.323344 -0.397237 0.0 -0.323039 -0.39731 0.0 -0.322733 -0.397381 0.0 -0.322427 -0.397453 0.0 -0.322121 -0.397522 0.0 -0.321814 -0.397592 0.0 -0.321508 -0.397659 0.0 -0.321201 -0.397727 0.0 -0.320893 -0.397792 0.0 -0.320586 -0.397858 0.0 -0.320279 -0.397922 0.0 -0.319971 -0.397986 0.0 -0.319663 -0.398047 0.0 -0.319355 -0.398109 0.0 -0.319047 -0.398169 0.0 -0.318738 -0.398229 0.0 -0.318429 -0.398287 0.0 -0.318121 -0.398345 0.0 -0.317811 -0.3984 0.0 -0.317502 -0.398456 0.0 -0.317193 -0.39851 0.0 -0.316883 -0.398564 0.0 -0.316574 -0.398617 0.0 -0.316264 -0.398669 0.0 -0.315954 -0.398719 0.0 -0.315643 -0.398769 0.0 -0.315333 -0.398817 0.0 -0.315023 -0.398865 0.0 -0.314712 -0.398911 0.0 -0.314401 -0.398958 0.0 -0.31409 -0.399002 0.0 -0.313779 -0.399046 0.0 -0.313468 -0.399088 0.0 -0.313156 -0.399131 0.0 -0.312845 -0.399171 0.0 -0.312533 -0.399211 0.0 -0.312222 -0.39925 0.0 -0.31191 -0.399288 0.0 -0.311598 -0.399325 0.0 -0.311286 -0.399361 0.0 -0.310973 -0.399396 0.0 -0.310661 -0.39943 0.0 -0.310349 -0.399463 0.0 -0.310036 -0.399495 0.0 -0.309724 -0.399526 0.0 -0.309411 -0.399556 0.0 -0.309098 -0.399585 0.0 -0.308785 -0.399613 0.0 -0.308472 -0.39964 0.0 -0.308159 -0.399667 0.0 -0.307846 -0.399691 0.0 -0.307533 -0.399716 0.0 -0.307219 -0.399739 0.0 -0.306906 -0.399761 0.0 -0.306593 -0.399782 0.0 -0.306279 -0.399803 0.0 -0.305965 -0.399821 0.0 -0.305652 -0.39984 0.0 -0.305338 -0.399857 0.0 -0.305024 -0.399874 0.0 -0.304711 -0.399888 0.0 -0.304397 -0.399903 0.0 -0.304083 -0.399916 0.0 -0.303769 -0.399929 0.0 -0.303455 -0.39994 0.0 -0.303141 -0.399951 0.0 -0.302827 -0.39996 0.0 -0.302513 -0.399968 0.0 -0.302199 -0.399975 0.0 -0.301885 -0.399982 0.0 -0.301571 -0.399987 0.0 -0.301257 -0.399992 0.0 -0.300942 -0.399995 0.0 -0.300628 -0.399998 0.0 -0.300314 -0.399999 0.0 -0.3 -0.4 0.0 -0.299686 -0.399999 0.0 -0.299372 -0.399998 0.0 -0.299058 -0.399995 0.0 -0.298743 -0.399992 0.0 -0.298429 -0.399987 0.0 -0.298115 -0.399982 0.0 -0.297801 -0.399975 0.0 -0.297487 -0.399968 0.0 -0.297173 -0.39996 0.0 -0.296859 -0.399951 0.0 -0.296545 -0.39994 0.0 -0.296231 -0.399929 0.0 -0.295917 -0.399916 0.0 -0.295603 -0.399903 0.0 -0.295289 -0.399888 0.0 -0.294976 -0.399874 0.0 -0.294662 -0.399857 0.0 -0.294348 -0.39984 0.0 -0.294035 -0.399821 0.0 -0.293721 -0.399803 0.0 -0.293407 -0.399782 0.0 -0.293094 -0.399761 0.0 -0.292781 -0.399739 0.0 -0.292467 -0.399716 0.0 -0.292154 -0.399691 0.0 -0.291841 -0.399667 0.0 -0.291528 -0.39964 0.0 -0.291215 -0.399613 0.0 -0.290902 -0.399585 0.0 -0.290589 -0.399556 0.0 -0.290276 -0.399526 0.0 -0.289964 -0.399495 0.0 -0.289651 -0.399463 0.0 -0.289339 -0.39943 0.0 -0.289027 -0.399396 0.0 -0.288714 -0.399361 0.0 -0.288402 -0.399325 0.0 -0.28809 -0.399288 0.0 -0.287778 -0.39925 0.0 -0.287467 -0.399211 0.0 -0.287155 -0.399171 0.0 -0.286844 -0.399131 0.0 -0.286532 -0.399088 0.0 -0.286221 -0.399046 0.0 -0.28591 -0.399002 0.0 -0.285599 -0.398958 0.0 -0.285288 -0.398911 0.0 -0.284977 -0.398865 0.0 -0.284667 -0.398817 0.0 -0.284357 -0.398769 0.0 -0.284046 -0.398719 0.0 -0.283736 -0.398669 0.0 -0.283426 -0.398617 0.0 -0.283117 -0.398564 0.0 -0.282807 -0.39851 0.0 -0.282498 -0.398456 0.0 -0.282189 -0.3984 0.0 -0.281879 -0.398345 0.0 -0.281571 -0.398287 0.0 -0.281262 -0.398229 0.0 -0.280953 -0.398169 0.0 -0.280645 -0.398109 0.0 -0.280337 -0.398047 0.0 -0.280029 -0.397986 0.0 -0.279721 -0.397922 0.0 -0.279414 -0.397858 0.0 -0.279107 -0.397792 0.0 -0.278799 -0.397727 0.0 -0.278492 -0.397659 0.0 -0.278186 -0.397592 0.0 -0.277879 -0.397522 0.0 -0.277573 -0.397453 0.0 -0.277267 -0.397381 0.0 -0.276961 -0.39731 0.0 -0.276656 -0.397237 0.0 -0.27635 -0.397163 0.0 -0.276045 -0.397088 0.0 -0.27574 -0.397013 0.0 -0.275436 -0.396935 0.0 -0.275131 -0.396858 0.0 -0.274827 -0.396779 0.0 -0.274523 -0.3967 0.0 -0.274219 -0.396619 0.0 -0.273916 -0.396538 0.0 -0.273613 -0.396455 0.0 -0.27331 -0.396372 0.0 -0.273007 -0.396288 0.0 -0.272705 -0.396203 0.0 -0.272403 -0.396116 0.0 -0.272101 -0.396029 0.0 -0.271799 -0.395941 0.0 -0.271498 -0.395852 0.0 -0.271197 -0.395762 0.0 -0.270896 -0.395671 0.0 -0.270596 -0.395579 0.0 -0.270296 -0.395486 0.0 -0.269996 -0.395392 0.0 -0.269696 -0.395298 0.0 -0.269397 -0.395202 0.0 -0.269098 -0.395106 0.0 -0.2688 -0.395008 0.0 -0.268501 -0.39491 0.0 -0.268203 -0.39481 0.0 -0.267906 -0.39471 0.0 -0.267608 -0.394608 0.0 -0.267311 -0.394506 0.0 -0.267015 -0.394403 0.0 -0.266718 -0.394299 0.0 -0.266422 -0.394194 0.0 -0.266126 -0.394088 0.0 -0.265831 -0.393981 0.0 -0.265536 -0.393873 0.0 -0.265241 -0.393764 0.0 -0.264947 -0.393655 0.0 -0.264653 -0.393544 0.0 -0.264359 -0.393433 0.0 -0.264066 -0.39332 0.0 -0.263772 -0.393207 0.0 -0.26348 -0.393092 0.0 -0.263188 -0.392978 0.0 -0.262896 -0.392861 0.0 -0.262604 -0.392745 0.0 -0.262313 -0.392626 0.0 -0.262022 -0.392508 0.0 -0.261732 -0.392387 0.0 -0.261442 -0.392267 0.0 -0.261152 -0.392145 0.0 -0.260863 -0.392023 0.0 -0.260574 -0.391899 0.0 -0.260285 -0.391775 0.0 -0.259997 -0.39165 0.0 -0.259709 -0.391524 0.0 -0.259422 -0.391397 0.0 -0.259135 -0.391269 0.0 -0.258849 -0.39114 0.0 -0.258562 -0.391011 0.0 -0.258277 -0.39088 0.0 -0.257991 -0.390748 0.0 -0.257707 -0.390616 0.0 -0.257422 -0.390483 0.0 -0.257138 -0.390348 0.0 -0.256854 -0.390213 0.0 -0.256571 -0.390077 0.0 -0.256288 -0.389941 0.0 -0.256006 -0.389802 0.0 -0.255724 -0.389664 0.0 -0.255443 -0.389524 0.0 -0.255162 -0.389384 0.0 -0.254881 -0.389242 0.0 -0.254601 -0.389101 0.0 -0.254321 -0.388957 0.0 -0.254042 -0.388814 0.0 -0.253763 -0.388668 0.0 -0.253485 -0.388523 0.0 -0.253207 -0.388376 0.0 -0.25293 -0.388229 0.0 -0.252653 -0.38808 0.0 -0.252376 -0.387932 0.0 -0.2521 -0.387781 0.0 -0.251825 -0.387631 0.0 -0.25155 -0.387478 0.0 -0.251275 -0.387326 0.0 -0.251001 -0.387172 0.0 -0.250727 -0.387018 0.0 -0.250454 -0.386863 0.0 -0.250181 -0.386707 0.0 -0.24991 -0.38655 0.0 -0.249638 -0.386392 0.0 -0.249367 -0.386233 0.0 -0.249096 -0.386074 0.0 -0.248826 -0.385913 0.0 -0.248556 -0.385753 0.0 -0.248287 -0.38559 0.0 -0.248018 -0.385428 0.0 -0.24775 -0.385264 0.0 -0.247483 -0.385099 0.0 -0.247216 -0.384934 0.0 -0.246949 -0.384768 0.0 -0.246683 -0.3846 0.0 -0.246417 -0.384433 0.0 -0.246153 -0.384264 0.0 -0.245888 -0.384094 0.0 -0.245624 -0.383924 0.0 -0.245361 -0.383753 0.0 -0.245098 -0.38358 0.0 -0.244835 -0.383408 0.0 -0.244574 -0.383234 0.0 -0.244312 -0.38306 0.0 -0.244052 -0.382884 0.0 -0.243792 -0.382708 0.0 -0.243532 -0.382531 0.0 -0.243273 -0.382353 0.0 -0.243015 -0.382174 0.0 -0.242757 -0.381995 0.0 -0.2425 -0.381815 0.0 -0.242243 -0.381634 0.0 -0.241987 -0.381452 0.0 -0.241731 -0.381269 0.0 -0.241476 -0.381086 0.0 -0.241221 -0.380902 0.0 -0.240968 -0.380716 0.0 -0.240714 -0.380531 0.0 -0.240462 -0.380344 0.0 -0.24021 -0.380157 0.0 -0.239958 -0.379968 0.0 -0.239707 -0.379779 0.0 -0.239457 -0.379589 0.0 -0.239207 -0.379399 0.0 -0.238958 -0.379207 0.0 -0.238709 -0.379016 0.0 -0.238462 -0.378822 0.0 -0.238214 -0.378629 0.0 -0.237968 -0.378434 0.0 -0.237721 -0.378239 0.0 -0.237476 -0.378043 0.0 -0.237231 -0.377846 0.0 -0.236987 -0.377648 0.0 -0.236743 -0.37745 0.0 -0.2365 -0.377251 0.0 -0.236258 -0.377051 0.0 -0.236016 -0.37685 0.0 -0.235775 -0.376649 0.0 -0.235535 -0.376447 0.0 -0.235294 -0.376244 0.0 -0.235056 -0.37604 0.0 -0.234817 -0.375836 0.0 -0.234579 -0.375631 0.0 -0.234341 -0.375425 0.0 -0.234105 -0.375218 0.0 -0.233869 -0.375011 0.0 -0.233634 -0.374803 0.0 -0.233399 -0.374594 0.0 -0.233165 -0.374384 0.0 -0.232931 -0.374174 0.0 -0.232699 -0.373963 0.0 -0.232467 -0.373751 0.0 -0.232236 -0.373538 0.0 -0.232005 -0.373326 0.0 -0.231775 -0.373111 0.0 -0.231545 -0.372897 0.0 -0.231317 -0.372681 0.0 -0.231089 -0.372465 0.0 -0.230862 -0.372248 0.0 -0.230635 -0.372031 0.0 -0.230409 -0.371812 0.0 -0.230183 -0.371594 0.0 -0.229959 -0.371374 0.0 -0.229735 -0.371154 0.0 -0.229512 -0.370932 0.0 -0.229289 -0.370711 0.0 -0.229068 -0.370488 0.0 -0.228846 -0.370265 0.0 -0.228626 -0.370041 0.0 -0.228406 -0.369817 0.0 -0.228188 -0.369591 0.0 -0.227969 -0.369365 0.0 -0.227752 -0.369138 0.0 -0.227535 -0.368911 0.0 -0.227319 -0.368683 0.0 -0.227103 -0.368455 0.0 -0.226889 -0.368225 0.0 -0.226674 -0.367995 0.0 -0.226462 -0.367764 0.0 -0.226249 -0.367533 0.0 -0.226037 -0.367301 0.0 -0.225826 -0.367069 0.0 -0.225616 -0.366835 0.0 -0.225406 -0.366601 0.0 -0.225197 -0.366366 0.0 -0.224989 -0.366131 0.0 -0.224782 -0.365895 0.0 -0.224575 -0.365659 0.0 -0.224369 -0.365421 0.0 -0.224164 -0.365183 0.0 -0.22396 -0.364944 0.0 -0.223756 -0.364706 0.0 -0.223553 -0.364465 0.0 -0.223351 -0.364225 0.0 -0.22315 -0.363984 0.0 -0.222949 -0.363742 0.0 -0.222749 -0.3635 0.0 -0.22255 -0.363257 0.0 -0.222352 -0.363013 0.0 -0.222154 -0.362769 0.0 -0.221957 -0.362524 0.0 -0.221761 -0.362279 0.0 -0.221566 -0.362032 0.0 -0.221371 -0.361786 0.0 -0.221178 -0.361538 0.0 -0.220984 -0.361291 0.0 -0.220793 -0.361042 0.0 -0.220601 -0.360793 0.0 -0.220411 -0.360543 0.0 -0.220221 -0.360293 0.0 -0.220032 -0.360042 0.0 -0.219843 -0.35979 0.0 -0.219656 -0.359538 0.0 -0.219469 -0.359286 0.0 -0.219284 -0.359032 0.0 -0.219098 -0.358779 0.0 -0.218914 -0.358524 0.0 -0.218731 -0.358269 0.0 -0.218548 -0.358013 0.0 -0.218366 -0.357757 0.0 -0.218185 -0.3575 0.0 -0.218005 -0.357243 0.0 -0.217826 -0.356985 0.0 -0.217647 -0.356727 0.0 -0.217469 -0.356468 0.0 -0.217292 -0.356208 0.0 -0.217116 -0.355948 0.0 -0.21694 -0.355688 0.0 -0.216766 -0.355426 0.0 -0.216592 -0.355165 0.0 -0.21642 -0.354902 0.0 -0.216247 -0.354639 0.0 -0.216076 -0.354376 0.0 -0.215906 -0.354112 0.0 -0.215736 -0.353847 0.0 -0.215567 -0.353583 0.0 -0.2154 -0.353317 0.0 -0.215232 -0.353051 0.0 -0.215066 -0.352784 0.0 -0.214901 -0.352517 0.0 -0.214736 -0.35225 0.0 -0.214572 -0.351982 0.0 -0.21441 -0.351713 0.0 -0.214247 -0.351444 0.0 -0.214087 -0.351174 0.0 -0.213926 -0.350904 0.0 -0.213767 -0.350633 0.0 -0.213608 -0.350362 0.0 -0.21345 -0.35009 0.0 -0.213293 -0.349819 0.0 -0.213137 -0.349546 0.0 -0.212982 -0.349273 0.0 -0.212828 -0.348999 0.0 -0.212674 -0.348725 0.0 -0.212522 -0.34845 0.0 -0.212369 -0.348175 0.0 -0.212219 -0.3479 0.0 -0.212068 -0.347624 0.0 -0.21192 -0.347347 0.0 -0.211771 -0.34707 0.0 -0.211624 -0.346793 0.0 -0.211477 -0.346515 0.0 -0.211332 -0.346237 0.0 -0.211186 -0.345958 0.0 -0.211043 -0.345679 0.0 -0.210899 -0.345399 0.0 -0.210758 -0.345119 0.0 -0.210616 -0.344838 0.0 -0.210476 -0.344557 0.0 -0.210336 -0.344276 0.0 -0.210198 -0.343994 0.0 -0.210059 -0.343712 0.0 -0.209923 -0.343429 0.0 -0.209787 -0.343146 0.0 -0.209652 -0.342862 0.0 -0.209517 -0.342578 0.0 -0.209384 -0.342293 0.0 -0.209252 -0.342009 0.0 -0.20912 -0.341723 0.0 -0.208989 -0.341438 0.0 -0.20886 -0.341151 0.0 -0.208731 -0.340865 0.0 -0.208603 -0.340578 0.0 -0.208476 -0.340291 0.0 -0.20835 -0.340003 0.0 -0.208225 -0.339715 0.0 -0.208101 -0.339426 0.0 -0.207977 -0.339137 0.0 -0.207855 -0.338848 0.0 -0.207733 -0.338558 0.0 -0.207613 -0.338268 0.0 -0.207492 -0.337978 0.0 -0.207374 -0.337687 0.0 -0.207255 -0.337396 0.0 -0.207139 -0.337104 0.0 -0.207022 -0.336812 0.0 -0.206908 -0.33652 0.0 -0.206793 -0.336228 0.0 -0.20668 -0.335934 0.0 -0.206567 -0.335641 0.0 -0.206456 -0.335347 0.0 -0.206345 -0.335053 0.0 -0.206236 -0.334759 0.0 -0.206127 -0.334464 0.0 -0.206019 -0.334169 0.0 -0.205912 -0.333874 0.0 -0.205806 -0.333578 0.0 -0.205701 -0.333282 0.0 -0.205597 -0.332985 0.0 -0.205494 -0.332689 0.0 -0.205392 -0.332392 0.0 -0.20529 -0.332094 0.0 -0.20519 -0.331797 0.0 -0.20509 -0.331499 0.0 -0.204992 -0.3312 0.0 -0.204894 -0.330902 0.0 -0.204798 -0.330603 0.0 -0.204702 -0.330304 0.0 -0.204608 -0.330004 0.0 -0.204514 -0.329704 0.0 -0.204421 -0.329404 0.0 -0.204329 -0.329104 0.0 -0.204238 -0.328803 0.0 -0.204148 -0.328502 0.0 -0.204059 -0.328201 0.0 -0.203971 -0.327899 0.0 -0.203884 -0.327597 0.0 -0.203797 -0.327295 0.0 -0.203712 -0.326993 0.0 -0.203628 -0.32669 0.0 -0.203545 -0.326387 0.0 -0.203462 -0.326084 0.0 -0.203381 -0.325781 0.0 -0.2033 -0.325477 0.0 -0.203221 -0.325173 0.0 -0.203142 -0.324869 0.0 -0.203065 -0.324564 0.0 -0.202987 -0.32426 0.0 -0.202912 -0.323955 0.0 -0.202837 -0.32365 0.0 -0.202763 -0.323344 0.0 -0.20269 -0.323039 0.0 -0.202619 -0.322733 0.0 -0.202547 -0.322427 0.0 -0.202478 -0.322121 0.0 -0.202408 -0.321814 0.0 -0.202341 -0.321508 0.0 -0.202273 -0.321201 0.0 -0.202208 -0.320893 0.0 -0.202142 -0.320586 0.0 -0.202078 -0.320279 0.0 -0.202014 -0.319971 0.0 -0.201953 -0.319663 0.0 -0.201891 -0.319355 0.0 -0.201831 -0.319047 0.0 -0.201771 -0.318738 0.0 -0.201713 -0.318429 0.0 -0.201655 -0.318121 0.0 -0.2016 -0.317811 0.0 -0.201544 -0.317502 0.0 -0.20149 -0.317193 0.0 -0.201436 -0.316883 0.0 -0.201383 -0.316574 0.0 -0.201331 -0.316264 0.0 -0.201281 -0.315954 0.0 -0.201231 -0.315643 0.0 -0.201183 -0.315333 0.0 -0.201135 -0.315023 0.0 -0.201089 -0.314712 0.0 -0.201042 -0.314401 0.0 -0.200998 -0.31409 0.0 -0.200954 -0.313779 0.0 -0.200912 -0.313468 0.0 -0.200869 -0.313156 0.0 -0.200829 -0.312845 0.0 -0.200789 -0.312533 0.0 -0.20075 -0.312222 0.0 -0.200712 -0.31191 0.0 -0.200675 -0.311598 0.0 -0.200639 -0.311286 0.0 -0.200604 -0.310973 0.0 -0.20057 -0.310661 0.0 -0.200537 -0.310349 0.0 -0.200505 -0.310036 0.0 -0.200474 -0.309724 0.0 -0.200444 -0.309411 0.0 -0.200415 -0.309098 0.0 -0.200387 -0.308785 0.0 -0.20036 -0.308472 0.0 -0.200333 -0.308159 0.0 -0.200309 -0.307846 0.0 -0.200284 -0.307533 0.0 -0.200261 -0.307219 0.0 -0.200239 -0.306906 0.0 -0.200218 -0.306593 0.0 -0.200197 -0.306279 0.0 -0.200179 -0.305965 0.0 -0.20016 -0.305652 0.0 -0.200143 -0.305338 0.0 -0.200126 -0.305024 0.0 -0.200112 -0.304711 0.0 -0.200097 -0.304397 0.0 -0.200084 -0.304083 0.0 -0.200071 -0.303769 0.0 -0.20006 -0.303455 0.0 -0.200049 -0.303141 0.0 -0.20004 -0.302827 0.0 -0.200032 -0.302513 0.0 -0.200025 -0.302199 0.0 -0.200018 -0.301885 0.0 -0.200013 -0.301571 0.0 -0.200008 -0.301257 0.0 -0.200005 -0.300942 0.0 -0.200002 -0.300628 0.0 -0.200001 -0.300314 0.0 
        </DataArray>
      </Points>
      <Polys>
        <DataArray type="Int64" Name="connectivity" format="ascii">
0 1 1 2 2 3 3 4 4 5 5 6 6 7 7 8 8 9 9 10 10 11 11 12 12 13 13 14 14 15 15 16 16 17 17 18 18 19 19 20 20 21 21 22 22 23 23 24 24 25 25 26 26 27 27 28 28 29 29 30 30 31 31 32 32 33 33 34 34 35 35 36 36 37 37 38 38 39 39 40 40 41 41 42 42 43 43 44 44 45 45 46 46 47 47 48 48 49 49 50 50 51 51 52 52 53 53 54 54 55 55 56 56 57 57 58 58 59 59 60 60 61 61 62 62 63 63 64 64 65 65 66 66 67 67 68 68 69 69 70 70 71 71 72 72 73 73 74 74 75 75 76 76 77 77 78 78 79 79 80 80 81 81 82 82 83 83 84 84 85 85 86 86 87 87 88 88 89 89 90 90 91 91 92 92 93 93 94 94 95 95 96 96 97 97 98 98 99 99 100 100 101 101 102 102 103 103 104 104 105 105 106 106 107 107 108 108 109 109 110 110 111 111 112 112 113 113 114 114 115 115 116 116 117 117 118 118 119 119 120 120 121 121 122 122 123 123 124 124 125 125 126 126 127 127 128 128 129 129 130 130 131 131 132 132 133 133 134 134 135 135 136 136 137 137 138 138 139 139 140 140 141 141 142 142 143 143 144 144 145 145 146 146 147 147 148 148 149 149 150 150 151 151 152 152 153 153 154 154 155 155 156 156 157 157 158 158 159 159 160 160 161 161 162 162 163 163 164 164 165 165 166 166 167 167 168 168 169 169 170 170 171 171 172 172 173 173 174 174 175 175 176 176 177 177 178 178 179 179 180 180 181 181 182 182 183 183 184 184 185 185 186 186 187 187 188 188 189 189 190 190 191 191 192 192 193 193 194 194 195 195 196 196 197 197 198 198 199 199 200 200 201 201 202 202 203 203 204 204 205 205 206 206 207 207 208 208 209 209 210 210 211 211 212 212 213 213 214 214 215 215 216 216 217 217 218 218 219 219 220 220 221 221 222 222 223 223 224 224 225 225 226 226 227 227 228 228 229 229 230 230 231 231 232 232 233 233 234 234 235 235 236 236 237 237 238 238 239 239 240 240 241 241 242 242 243 243 244 244 245 245 246 246 247 247 248 248 249 249 250 250 251 251 252 252 253 253 254 254 255 255 256 256 257 257 258 258 259 259 260 260 261 261 262 262 263 263 264 264 265 265 266 266 267 267 268 268 269 269 270 270 271 271 272 272 273 273 274 274 275 275 276 276 277 277 278 278 279 279 280 280 281 281 282 282 283 283 284 284 285 285 286 286 287 287 288 288 289 289 290 290 291 291 292 292 293 293 294 294 295 295 296 296 297 297 298 298 299 299 300 300 301 301 302 302 303 303 304 304 305 305 306 306 307 307 308 308 309 309 310 310 311 311 312 312 313 313 314 314 315 315 316 316 317 317 318 318 319 319 320 320 321 321 322 322 323 323 324 324 325 325 326 326 327 327 328 328 329 329 330 330 331 331 332 332 333 333 334 334 335 335 336 336 337 337 338 338 339 339 340 340 341 341 342 342 343 343 344 344 345 345 346 346 347 347 348 348 349 349 350 350 351 351 352 352 353 353 354 354 355 355 356 356 357 357 358 358 359 359 360 360 361 361 362 362 363 363 364 364 365 365 366 366 367 367 368 368 369 369 370 370 371 371 372 372 373 373 374 374 375 375 376 376 377 377 378 378 379 379 380 380 381 381 382 382 383 383 384 384 385 385 386 386 387 387 388 388 389 389 390 390 391 391 392 392 393 393 394 394 395 395 396 396 397 397 398 398 399 399 400 400 401 401 402 402 403 403 404 404 405 405 406 406 407 407 408 408 409 409 410 410 411 411 412 412 413 413 414 414 415 415 416 416 417 417 418 418 419 419 420 420 421 421 422 422 423 423 424 424 425 425 426 426 427 427 428 428 429 429 430 430 431 431 432 432 433 433 434 434 435 435 436 436 437 437 438 438 439 439 440 440 441 441 442 442 443 443 444 444 445 445 446 446 447 447 448 448 449 449 450 450 451 451 452 452 453 453 454 454 455 455 456 456 457 457 458 458 459 459 460 460 461 461 462 462 463 463 464 464 465 465 466 466 467 467 468 468 469 469 470 470 471 471 472 472 473 473 474 474 475 475 476 476 477 477 478 478 479 479 480 480 481 481 482 482 483 483 484 484 485 485 486 486 487 487 488 488 489 489 490 490 491 491 492 492 493 493 494 494 495 495 496 496 497 497 498 498 499 499 500 500 501 501 502 502 503 503 504 504 505 505 506 506 507 507 508 508 509 509 510 510 511 511 512 512 513 513 514 514 515 515 516 516 517 517 518 518 519 519 520 520 521 521 522 522 523 523 524 524 525 525 526 526 527 527 528 528 529 529 530 530 531 531 532 532 533 533 534 534 535 535 536 536 537 537 538 538 539 539 540 540 541 541 542 542 543 543 544 544 545 545 546 546 547 547 548 548 549 549 550 550 551 551 552 552 553 553 554 554 555 555 556 556 557 557 558 558 559 559 560 560 561 561 562 562 563 563 564 564 565 565 566 566 567 567 568 568 569 569 570 570 571 571 572 572 573 573 574 574 575 575 576 576 577 577 578 578 579 579 580 580 581 581 582 582 583 583 584 584 585 585 586 586 587 587 588 588 589 589 590 590 591 591 592 592 593 593 594 594 595 595 596 596 597 597 598 598 599 599 600 600 601 601 602 602 603 603 604 604 605 605 606 606 607 607 608 608 609 609 610 610 611 611 612 612 613 613 614 614 615 615 616 616 617 617 618 618 619 619 620 620 621 621 622 622 623 623 624 624 625 625 626 626 627 627 628 628 629 629 630 630 631 631 632 632 633 633 634 634 635 635 636 636 637 637 638 638 639 639 640 640 641 641 642 642 643 643 644 644 645 645 646 646 647 647 648 648 649 649 650 650 651 651 652 652 653 653 654 654 655 655 656 656 657 657 658 658 659 659 660 660 661 661 662 662 663 663 664 664 665 665 666 666 667 667 668 668 669 669 670 670 671 671 672 672 673 673 674 674 675 675 676 676 677 677 678 678 679 679 680 680 681 681 682 682 683 683 684 684 685 685 686 686 687 687 688 688 689 689 690 690 691 691 692 692 693 693 694 694 695 695 696 696 697 697 698 698 699 699 700 700 701 701 702 702 703 703 704 704 705 705 706 706 707 707 708 708 709 709 710 710 711 711 712 712 713 713 714 714 715 715 716 716 717 717 718 718 719 719 720 720 721 721 722 722 723 723 724 724 725 725 726 726 727 727 728 728 729 729 730 730 731 731 732 732 733 733 734 734 735 735 736 736 737 737 738 738 739 739 740 740 741 741 742 742 743 743 744 744 745 745 746 746 747 747 748 748 749 749 750 750 751 751 752 752 753 753 754 754 755 755 756 756 757 757 758 758 759 759 760 760 761 761 762 762 763 763 764 764 765 765 766 766 767 767 768 768 769 769 770 770 771 771 772 772 773 773 774 774 775 775 776 776 777 777 778 778 779 779 780 780 781 781 782 782 783 783 784 784 785 785 786 786 787 787 788 788 789 789 790 790 791 791 792 792 793 793 794 794 795 795 796 796 797 797 798 798 799 799 800 800 801 801 802 802 803 803 804 804 805 805 806 806 807 807 808 808 809 809 810 810 811 811 812 812 813 813 814 814 815 815 816 816 817 817 818 818 819 819 820 820 821 821 822 822 823 823 824 824 825 825 826 826 827 827 828 828 829 829 830 830 831 831 832 832 833 833 834 834 835 835 836 836 837 837 838 838 839 839 840 840 841 841 842 842 843 843 844 844 845 845 846 846 847 847 848 848 849 849 850 850 851 851 852 852 853 853 854 854 855 855 856 856 857 857 858 858 859 859 860 860 861 861 862 862 863 863 864 864 865 865 866 866 867 867 868 868 869 869 870 870 871 871 872 872 873 873 874 874 875 875 876 876 877 877 878 878 879 879 880 880 881 881 882 882 883 883 884 884 885 885 886 886 887 887 888 888 889 889 890 890 891 891 892 892 893 893 894 894 895 895 896 896 897 897 898 898 899 899 900 900 901 901 902 902 903 903 904 904 905 905 906 906 907 907 908 908 909 909 910 910 911 911 912 912 913 913 914 914 915 915 916 916 917 917 918 918 919 919 920 920 921 921 922 922 923 923 924 924 925 925 926 926 927 927 928 928 929 929 930 930 931 931 932 932 933 933 934 934 935 935 936 936 937 937 938 938 939 939 940 940 941 941 942 942 943 943 944 944 945 945 946 946 947 947 948 948 949 949 950 950 951 951 952 952 953 953 954 954 955 955 956 956 957 957 958 958 959 959 960 960 961 961 962 962 963 963 964 964 965 965 966 966 967 967 968 968 969 969 970 970 971 971 972 972 973 973 974 974 975 975 976 976 977 977 978 978 979 979 980 980 981 981 982 982 983 983 984 984 985 985 986 986 987 987 988 988 989 989 990 990 991 991 992 992 993 993 994 994 995 995 996 996 997 997 998 998 999 999 1000 1000 1001 1001 1002 1002 1003 1003 1004 1004 1005 1005 1006 1006 1007 1007 1008 1008 1009 1009 1010 1010 1011 1011 1012 1012 1013 1013 1014 1014 1015 1015 1016 1016 1017 1017 1018 1018 1019 1019 1020 1020 1021 1021 1022 1022 1023 1023 1024 1024 1025 1025 1026 1026 1027 1027 1028 1028 1029 1029 1030 1030 1031 1031 1032 1032 1033 1033 1034 1034 1035 1035 1036 1036 1037 1037 1038 1038 1039 1039 1040 1040 1041 1041 1042 1042 1043 1043 1044 1044 1045 1045 1046 1046 1047 1047 1048 1048 1049 1049 1050 1050 1051 1051 1052 1052 1053 1053 1054 1054 1055 1055 1056 1056 1057 1057 1058 1058 1059 1059 1060 1060 1061 1061 1062 1062 1063 1063 1064 1064 1065 1065 1066 1066 1067 1067 1068 1068 1069 1069 1070 1070 1071 1071 1072 1072 1073 1073 1074 1074 1075 1075 1076 1076 1077 1077 1078 1078 1079 1079 1080 1080 1081 1081 1082 1082 1083 1083 1084 1084 1085 1085 1086 1086 1087 1087 1088 1088 1089 1089 1090 1090 1091 1091 1092 1092 1093 1093 1094 1094 1095 1095 1096 1096 1097 1097 1098 1098 1099 1099 1100 1100 1101 1101 1102 1102 1103 1103 1104 1104 1105 1105 1106 1106 1107 1107 1108 1108 1109 1109 1110 1110 1111 1111 1112 1112 1113 1113 1114 1114 1115 1115 1116 1116 1117 1117 1118 1118 1119 1119 1120 1120 1121 1121 1122 1122 1123 1123 1124 1124 1125 1125 1126 1126 1127 1127 1128 1128 1129 1129 1130 1130 1131 1131 1132 1132 1133 1133 1134 1134 1135 1135 1136 1136 1137 1137 1138 1138 1139 1139 1140 1140 1141 1141 1142 1142 1143 1143 1144 1144 1145 1145 1146 1146 1147 1147 1148 1148 1149 1149 1150 1150 1151 1151 1152 1152 1153 1153 1154 1154 1155 1155 1156 1156 1157 1157 1158 1158 1159 1159 1160 1160 1161 1161 1162 1162 1163 1163 1164 1164 1165 1165 1166 1166 1167 1167 1168 1168 1169 1169 1170 1170 1171 1171 1172 1172 1173 1173 1174 1174 1175 1175 1176 1176 1177 1177 1178 1178 1179 1179 1180 1180 1181 1181 1182 1182 1183 1183 1184 1184 1185 1185 1186 1186 1187 1187 1188 1188 1189 1189 1190 1190 1191 1191 1192 1192 1193 1193 1194 1194 1195 1195 1196 1196 1197 1197 1198 1198 1199 1199 1200 1200 1201 1201 1202 1202 1203 1203 1204 1204 1205 1205 1206 1206 1207 1207 1208 1208 1209 1209 1210 1210 1211 1211 1212 1212 1213 1213 1214 1214 1215 1215 1216 1216 1217 1217 1218 1218 1219 1219 1220 1220 1221 1221 1222 1222 1223 1223 1224 1224 1225 1225 1226 1226 1227 1227 1228 1228 1229 1229 1230 1230 1231 1231 1232 1232 1233 1233 1234 1234 1235 1235 1236 1236 1237 1237 1238 1238 1239 1239 1240 1240 1241 1241 1242 1242 1243 1243 1244 1244 1245 1245 1246 1246 1247 1247 1248 1248 1249 1249 1250 1250 1251 1251 1252 1252 1253 1253 1254 1254 1255 1255 1256 1256 1257 1257 1258 1258 1259 1259 1260 1260 1261 1261 1262 1262 1263 1263 1264 1264 1265 1265 1266 1266 1267 1267 1268 1268 1269 1269 1270 1270 1271 1271 1272 1272 1273 1273 1274 1274 1275 1275 1276 1276 1277 1277 1278 1278 1279 1279 1280 1280 1281 1281 1282 1282 1283 1283 1284 1284 1285 1285 1286 1286 1287 1287 1288 1288 1289 1289 1290 1290 1291 1291 1292 1292 1293 1293 1294 1294 1295 1295 1296 1296 1297 1297 1298 1298 1299 1299 1300 1300 1301 1301 1302 1302 1303 1303 1304 1304 1305 1305 1306 1306 1307 1307 1308 1308 1309 1309 1310 1310 1311 1311 1312 1312 1313 1313 1314 1314 1315 1315 1316 1316 1317 1317 1318 1318 1319 1319 1320 1320 1321 1321 1322 1322 1323 1323 1324 1324 1325 1325 1326 1326 1327 1327 1328 1328 1329 1329 1330 1330 1331 1331 1332 1332 1333 1333 1334 1334 1335 1335 1336 1336 1337 1337 1338 1338 1339 1339 1340 1340 1341 1341 1342 1342 1343 1343 1344 1344 1345 1345 1346 1346 1347 1347 1348 1348 1349 1349 1350 1350 1351 1351 1352 1352 1353 1353 1354 1354 1355 1355 1356 1356 1357 1357 1358 1358 1359 1359 1360 1360 1361 1361 1362 1362 1363 1363 1364 1364 1365 1365 1366 1366 1367 1367 1368 1368 1369 1369 1370 1370 1371 1371 1372 1372 1373 1373 1374 1374 1375 1375 1376 1376 1377 1377 1378 1378 1379 1379 1380 1380 1381 1381 1382 1382 1383 1383 1384 1384 1385 1385 1386 1386 1387 1387 1388 1388 1389 1389 1390 1390 1391 1391 1392 1392 1393 1393 1394 1394 1395 1395 1396 1396 1397 1397 1398 1398 1399 1399 1400 1400 1401 1401 1402 1402 1403 1403 1404 1404 1405 1405 1406 1406 1407 1407 1408 1408 1409 1409 1410 1410 1411 1411 1412 1412 1413 1413 1414 1414 1415 1415 1416 1416 1417 1417 1418 1418 1419 1419 1420 1420 1421 1421 1422 1422 1423 1423 1424 1424 1425 1425 1426 1426 1427 1427 1428 1428 1429 1429 1430 1430 1431 1431 1432 1432 1433 1433 1434 1434 1435 1435 1436 1436 1437 1437 1438 1438 1439 1439 1440 1440 1441 1441 1442 1442 1443 1443 1444 1444 1445 1445 1446 1446 1447 1447 1448 1448 1449 1449 1450 1450 1451 1451 1452 1452 1453 1453 1454 1454 1455 1455 1456 1456 1457 1457 1458 1458 1459 1459 1460 1460 1461 1461 1462 1462 1463 1463 1464 1464 1465 1465 1466 1466 1467 1467 1468 1468 1469 1469 1470 1470 1471 1471 1472 1472 1473 1473 1474 1474 1475 1475 1476 1476 1477 1477 1478 1478 1479 1479 1480 1480 1481 1481 1482 1482 1483 1483 1484 1484 1485 1485 1486 1486 1487 1487 1488 1488 1489 1489 1490 1490 1491 1491 1492 1492 1493 1493 1494 1494 1495 1495 1496 1496 1497 1497 1498 1498 1499 1499 1500 1500 1501 1501 1502 1502 1503 1503 1504 1504 1505 1505 1506 1506 1507 1507 1508 1508 1509 1509 1510 1510 1511 1511 1512 1512 1513 1513 1514 1514 1515 1515 1516 1516 1517 1517 1518 1518 1519 1519 1520 1520 1521 1521 1522 1522 1523 1523 1524 1524 1525 1525 1526 1526 1527 1527 1528 1528 1529 1529 1530 1530 1531 1531 1532 1532 1533 1533 1534 1534 1535 1535 1536 1536 1537 1537 1538 1538 1539 1539 1540 1540 1541 1541 1542 1542 1543 1543 1544 1544 1545 1545 1546 1546 1547 1547 1548 1548 1549 1549 1550 1550 1551 1551 1552 1552 1553 1553 1554 1554 1555 1555 1556 1556 1557 1557 1558 1558 1559 1559 1560 1560 1561 1561 1562 1562 1563 1563 1564 1564 1565 1565 1566 1566 1567 1567 1568 1568 1569 1569 1570 1570 1571 1571 1572 1572 1573 1573 1574 1574 1575 1575 1576 1576 1577 1577 1578 1578 1579 1579 1580 1580 1581 1581 1582 1582 1583 1583 1584 1584 1585 1585 1586 1586 1587 1587 1588 1588 1589 1589 1590 1590 1591 1591 1592 1592 1593 1593 1594 1594 1595 1595 1596 1596 1597 1597 1598 1598 1599 1599 1600 1600 1601 1601 1602 1602 1603 1603 1604 1604 1605 1605 1606 1606 1607 1607 1608 1608 1609 1609 1610 1610 1611 1611 1612 1612 1613 1613 1614 1614 1615 1615 1616 1616 1617 1617 1618 1618 1619 1619 1620 1620 1621 1621 1622 1622 1623 1623 1624 1624 1625 1625 1626 1626 1627 1627 1628 1628 1629 1629 1630 1630 1631 1631 1632 1632 1633 1633 1634 1634 1635 1635 1636 1636 1637 1637 1638 1638 1639 1639 1640 1640 1641 1641 1642 1642 1643 1643 1644 1644 1645 1645 1646 1646 1647 1647 1648 1648 1649 1649 1650 1650 1651 1651 1652 1652 1653 1653 1654 1654 1655 1655 1656 1656 1657 1657 1658 1658 1659 1659 1660 1660 1661 1661 1662 1662 1663 1663 1664 1664 1665 1665 1666 1666 1667 1667 1668 1668 1669 1669 1670 1670 1671 1671 1672 1672 1673 1673 1674 1674 1675 1675 1676 1676 1677 1677 1678 1678 1679 1679 1680 1680 1681 1681 1682 1682 1683 1683 1684 1684 1685 1685 1686 1686 1687 1687 1688 1688 1689 1689 1690 1690 1691 1691 1692 1692 1693 1693 1694 1694 1695 1695 1696 1696 1697 1697 1698 1698 1699 1699 1700 1700 1701 1701 1702 1702 1703 1703 1704 1704 1705 1705 1706 1706 1707 1707 1708 1708 1709 1709 1710 1710 1711 1711 1712 1712 1713 1713 1714 1714 1715 1715 1716 1716 1717 1717 1718 1718 1719 1719 1720 1720 1721 1721 1722 1722 1723 1723 1724 1724 1725 1725 1726 1726 1727 1727 1728 1728 1729 1729 1730 1730 1731 1731 1732 1732 1733 1733 1734 1734 1735 1735 1736 1736 1737 1737 1738 1738 1739 1739 1740 1740 1741 1741 1742 1742 1743 1743 1744 1744 1745 1745 1746 1746 1747 1747 1748 1748 1749 1749 1750 1750 1751 1751 1752 1752 1753 1753 1754 1754 1755 1755 1756 1756 1757 1757 1758 1758 1759 1759 1760 1760 1761 1761 1762 1762 1763 1763 1764 1764 1765 1765 1766 1766 1767 1767 1768 1768 1769 1769 1770 1770 1771 1771 1772 1772 1773 1773 1774 1774 1775 1775 1776 1776 1777 1777 1778 1778 1779 1779 1780 1780 1781 1781 1782 1782 1783 1783 1784 1784 1785 1785 1786 1786 1787 1787 1788 1788 1789 1789 1790 1790 1791 1791 1792 1792 1793 1793 1794 1794 1795 1795 1796 1796 1797 1797 1798 1798 1799 1799 1800 1800 1801 1801 1802 1802 1803 1803 1804 1804 1805 1805 1806 1806 1807 1807 1808 1808 1809 1809 1810 1810 1811 1811 1812 1812 1813 1813 1814 1814 1815 1815 1816 1816 1817 1817 1818 1818 1819 1819 1820 1820 1821 1821 1822 1822 1823 1823 1824 1824 1825 1825 1826 1826 1827 1827 1828 1828 1829 1829 1830 1830 1831 1831 1832 1832 1833 1833 1834 1834 1835 1835 1836 1836 1837 1837 1838 1838 1839 1839 1840 1840 1841 1841 1842 1842 1843 1843 1844 1844 1845 1845 1846 1846 1847 1847 1848 1848 1849 1849 1850 1850 1851 1851 1852 1852 1853 1853 1854 1854 1855 1855 1856 1856 1857 1857 1858 1858 1859 1859 1860 1860 1861 1861 1862 1862 1863 1863 1864 1864 1865 1865 1866 1866 1867 1867 1868 1868 1869 1869 1870 1870 1871 1871 1872 1872 1873 1873 1874 1874 1875 1875 1876 1876 1877 1877 1878 1878 1879 1879 1880 1880 1881 1881 1882 1882 1883 1883 1884 1884 1885 1885 1886 1886 1887 1887 1888 1888 1889 1889 1890 1890 1891 1891 1892 1892 1893 1893 1894 1894 1895 1895 1896 1896 1897 1897 1898 1898 1899 1899 1900 1900 1901 1901 1902 1902 1903 1903 1904 1904 1905 1905 1906 1906 1907 1907 1908 1908 1909 1909 1910 1910 1911 1911 1912 1912 1913 1913 1914 1914 1915 1915 1916 1916 1917 1917 1918 1918 1919 1919 1920 1920 1921 1921 1922 1922 1923 1923 1924 1924 1925 1925 1926 1926 1927 1927 1928 1928 1929 1929 1930 1930 1931 1931 1932 1932 1933 1933 1934 1934 1935 1935 1936 1936 1937 1937 1938 1938 1939 1939 1940 1940 1941 1941 1942 1942 1943 1943 1944 1944 1945 1945 1946 1946 1947 1947 1948 1948 1949 1949 1950 1950 1951 1951 1952 1952 1953 1953 1954 1954 1955 1955 1956 1956 1957 1957 1958 1958 1959 1959 1960 1960 1961 1961 1962 1962 1963 1963 1964 1964 1965 1965 1966 1966 1967 1967 1968 1968 1969 1969 1970 1970 1971 1971 1972 1972 1973 1973 1974 1974 1975 1975 1976 1976 1977 1977 1978 1978 1979 1979 1980 1980 1981 1981 1982 1982 1983 1983 1984 1984 1985 1985 1986 1986 1987 1987 1988 1988 1989 1989 1990 1990 1991 1991 1992 1992 1993 1993 1994 1994 1995 1995 1996 1996 1997 1997 1998 1998 1999 1999 0 
        </DataArray>
        <DataArray type="Int64" Name="offsets" format="ascii">
2 4 6 8 10 12 14 16 18 20 22 24 26 28 30 32 34 36 38 40 42 44 46 48 50 52 54 56 58 60 62 64 66 68 70 72 74 76 78 80 82 84 86 88 90 92 94 96 98 100 102 104 106 108 110 112 114 116 118 120 122 124 126 128 130 132 134 136 138 140 142 144 146 148 150 152 154 156 158 160 162 164 166 168 170 172 174 176 178 180 182 184 186 188 190 192 194 196 198 200 202 204 206 208 210 212 214 216 218 220 222 224 226 228 230 232 234 236 238 240 242 244 246 248 250 252 254 256 258 260 262 264 266 268 270 272 274 276 278 280 282 284 286 288 290 292 294 296 298 300 302 304 306 308 310 312 314 316 318 320 322 324 326 328 330 332 334 336 338 340 342 344 346 348 350 352 354 356 358 360 362 364 366 368 370 372 374 376 378 380 382 384 386 388 390 392 394 396 398 400 402 404 406 408 410 412 414 416 418 420 422 424 426 428 430 432 434 436 438 440 442 444 446 448 450 452 454 456 458 460 462 464 466 468 470 472 474 476 478 480 482 484 486 488 490 492 494 496 498 500 502 504 506 508 510 512 514 516 518 520 522 524 526 528 530 532 534 536 538 540 542 544 546 548 550 552 554 556 558 560 562 564 566 568 570 572 574 576 578 580 582 584 586 588 590 592 594 596 598 600 602 604 606 608 610 612 614 616 618 620 622 624 626 628 630 632 634 636 638 640 642 644 646 648 650 652 654 656 658 660 662 664 666 668 670 672 674 676 678 680 682 684 686 688 690 692 694 696 698 700 702 704 706 708 710 712 714 716 718 720 722 724 726 728 730 732 734 736 738 740 742 744 746 748 750 752 754 756 758 760 762 764 766 768 770 772 774 776 778 780 782 784 786 788 790 792 794 796 798 800 802 804 806 808 810 812 814 816 818 820 822 824 826 828 830 832 834 836 838 840 842 844 846 848 850 852 854 856 858 860 862 864 866 868 870 872 874 876 878 880 882 884 886 888 890 892 894 896 898 900 902 904 906 908 910 912 914 916 918 920 922 924 926 928 930 932 934 936 938 940 942 944 946 948 950 952 954 956 958 960 962 964 966 968 970 972 974 976 978 980 982 984 986 988 990 992 994 996 998 1000 1002 1004 1006 1008 1010 1012 1014 1016 1018 1020 1022 1024 1026 1028 1030 1032 1034 1036 1038 1040 1042 1044 1046 1048 1050 1052 1054 1056 1058 1060 1062 1064 1066 1068 1070 1072 1074 1076 1078 1080 1082 1084 1086 1088 1090 1092 1094 1096 1098 1100 1102 1104 1106 1108 1110 1112 1114 1116 1118 1120 1122 1124 1126 1128 1130 1132 1134 1136 1138 1140 1142 1144 1146 1148 1150 1152 1154 1156 1158 1160 1162 1164 1166 1168 1170 1172 1174 1176 1178 1180 1182 1184 1186 1188 1190 1192 1194 1196 1198 1200 1202 1204 1206 1208 1210 1212 1214 1216 1218 1220 1222 1224 1226 1228 1230 1232 1234 1236 1238 1240 1242 1244 1246 1248 1250 1252 1254 1256 1258 1260 1262 1264 1266 1268 1270 1272 1274 1276 1278 1280 1282 1284 1286 1288 1290 1292 1294 1296 1298 1300 1302 1304 1306 1308 1310 1312 1314 1316 1318 1320 1322 1324 1326 1328 1330 1332 1334 1336 1338 1340 1342 1344 1346 1348 1350 1352 1354 1356 1358 1360 1362 1364 1366 1368 1370 1372 1374 1376 1378 1380 1382 1384 1386 1388 1390 1392 1394 1396 1398 1400 1402 1404 1406 1408 1410 1412 1414 1416 1418 1420 1422 1424 1426 1428 1430 1432 1434 1436 1438 1440 1442 1444 1446 1448 1450 1452 1454 1456 1458 1460 1462 1464 1466 1468 1470 1472 1474 1476 1478 1480 1482 1484 1486 1488 1490 1492 1494 1496 1498 1500 1502 1504 1506 1508 1510 1512 1514 1516 1518 1520 1522 1524 1526 1528 1530 1532 1534 1536 1538 1540 1542 1544 1546 1548 1550 1552 1554 1556 1558 1560 1562 1564 1566 1568 1570 1572 1574 1576 1578 1580 1582 1584 1586 1588 1590 1592 1594 1596 1598 1600 1602 1604 1606 1608 1610 1612 1614 1616 1618 1620 1622 1624 1626 1628 1630 1632 1634 1636 1638 1640 1642 1644 1646 1648 1650 1652 1654 1656 1658 1660 1662 1664 1666 1668 1670 1672 1674 1676 1678 1680 1682 1684 1686 1688 1690 1692 1694 1696 1698 1700 1702 1704 1706 1708 1710 1712 1714 1716 1718 1720 1722 1724 1726 1728 1730 1732 1734 1736 1738 1740 1742 1744 1746 1748 1750 1752 1754 1756 1758 1760 1762 1764 1766 1768 1770 1772 1774 1776 1778 1780 1782 1784 1786 1788 1790 1792 1794 1796 1798 1800 1802 1804 1806 1808 1810 1812 1814 1816 1818 1820 1822 1824 1826 1828 1830 1832 1834 1836 1838 1840 1842 1844 1846 1848 1850 1852 1854 1856 1858 1860 1862 1864 1866 1868 1870 1872 1874 1876 1878 1880 1882 1884 1886 1888 1890 1892 1894 1896 1898 1900 1902 1904 1906 1908 1910 1912 1914 1916 1918 1920 1922 1924 1926 1928 1930 1932 1934 1936 1938 1940 1942 1944 1946 1948 1950 1952 1954 1956 1958 1960 1962 1964 1966 1968 1970 1972 1974 1976 1978 1980 1982 1984 1986 1988 1990 1992 1994 1996 1998 2000 2002 2004 2006 2008 2010 2012 2014 2016 2018 2020 2022 2024 2026 2028 2030 2032 2034 2036 2038 2040 2042 2044 2046 2048 2050 2052 2054 2056 2058 2060 2062 2064 2066 2068 2070 2072 2074 2076 2078 2080 2082 2084 2086 2088 2090 2092 2094 2096 2098 2100 2102 2104 2106 2108 2110 2112 2114 2116 2118 2120 2122 2124 2126 2128 2130 2132 2134 2136 2138 2140 2142 2144 2146 2148 2150 2152 2154 2156 2158 2160 2162 2164 2166 2168 2170 2172 2174 2176 2178 2180 2182 2184 2186 2188 2190 2192 2194 2196 2198 2200 2202 2204 2206 2208 2210 2212 2214 2216 2218 2220 2222 2224 2226 2228 2230 2232 2234 2236 2238 2240 2242 2244 2246 2248 2250 2252 2254 2256 2258 2260 2262 2264 2266 2268 2270 2272 2274 2276 2278 2280 2282 2284 2286 2288 2290 2292 2294 2296 2298 2300 2302 2304 2306 2308 2310 2312 2314 2316 2318 2320 2322 2324 2326 2328 2330 2332 2334 2336 2338 2340 2342 2344 2346 2348 2350 2352 2354 2356 2358 2360 2362 2364 2366 2368 2370 2372 2374 2376 2378 2380 2382 2384 2386 2388 2390 2392 2394 2396 2398 2400 2402 2404 2406 2408 2410 2412 2414 2416 2418 2420 2422 2424 2426 2428 2430 2432 2434 2436 2438 2440 2442 2444 2446 2448 2450 2452 2454 2456 2458 2460 2462 2464 2466 2468 2470 2472 2474 2476 2478 2480 2482 2484 2486 2488 2490 2492 2494 2496 2498 2500 2502 2504 2506 2508 2510 2512 2514 2516 2518 2520 2522 2524 2526 2528 2530 2532 2534 2536 2538 2540 2542 2544 2546 2548 2550 2552 2554 2556 2558 2560 2562 2564 2566 2568 2570 2572 2574 2576 2578 2580 2582 2584 2586 2588 2590 2592 2594 2596 2598 2600 2602 2604 2606 2608 2610 2612 2614 2616 2618 2620 2622 2624 2626 2628 2630 2632 2634 2636 2638 2640 2642 2644 2646 2648 2650 2652 2654 2656 2658 2660 2662 2664 2666 2668 2670 2672 2674 2676 2678 2680 2682 2684 2686 2688 2690 2692 2694 2696 2698 2700 2702 2704 2706 2708 2710 2712 2714 2716 2718 2720 2722 2724 2726 2728 2730 2732 2734 2736 2738 2740 2742 2744 2746 2748 2750 2752 2754 2756 2758 2760 2762 2764 2766 2768 2770 2772 2774 2776 2778 2780 2782 2784 2786 2788 2790 2792 2794 2796 2798 2800 2802 2804 2806 2808 2810 2812 2814 2816 2818 2820 2822 2824 2826 2828 2830 2832 2834 2836 2838 2840 2842 2844 2846 2848 2850 2852 2854 2856 2858 2860 2862 2864 2866 2868 2870 2872 2874 2876 2878 2880 2882 2884 2886 2888 2890 2892 2894 2896 2898 2900 2902 2904 2906 2908 2910 2912 2914 2916 2918 2920 2922 2924 2926 2928 2930 2932 2934 2936 2938 2940 2942 2944 2946 2948 2950 2952 2954 2956 2958 2960 2962 2964 2966 2968 2970 2972 2974 2976 2978 2980 2982 2984 2986 2988 2990 2992 2994 2996 2998 3000 3002 3004 3006 3008 3010 3012 3014 3016 3018 3020 3022 3024 3026 3028 3030 3032 3034 3036 3038 3040 3042 3044 3046 3048 3050 3052 3054 3056 3058 3060 3062 3064 3066 3068 3070 3072 3074 3076 3078 3080 3082 3084 3086 3088 3090 3092 3094 3096 3098 3100 3102 3104 3106 3108 3110 3112 3114 3116 3118 3120 3122 3124 3126 3128 3130 3132 3134 3136 3138 3140 3142 3144 3146 3148 3150 3152 3154 3156 3158 3160 3162 3164 3166 3168 3170 3172 3174 3176 3178 3180 3182 3184 3186 3188 3190 3192 3194 3196 3198 3200 3202 3204 3206 3208 3210 3212 3214 3216 3218 3220 3222 3224 3226 3228 3230 3232 3234 3236 3238 3240 3242 3244 3246 3248 3250 3252 3254 3256 3258 3260 3262 3264 3266 3268 3270 3272 3274 3276 3278 3280 3282 3284 3286 3288 3290 3292 3294 3296 3298 3300 3302 3304 3306 3308 3310 3312 3314 3316 3318 3320 3322 3324 3326 3328 3330 3332 3334 3336 3338 3340 3342 3344 3346 3348 3350 3352 3354 3356 3358 3360 3362 3364 3366 3368 3370 3372 3374 3376 3378 3380 3382 3384 3386 3388 3390 3392 3394 3396 3398 3400 3402 3404 3406 3408 3410 3412 3414 3416 3418 3420 3422 3424 3426 3428 3430 3432 3434 3436 3438 3440 3442 3444 3446 3448 3450 3452 3454 3456 3458 3460 3462 3464 3466 3468 3470 3472 3474 3476 3478 3480 3482 3484 3486 3488 3490 3492 3494 3496 3498 3500 3502 3504 3506 3508 3510 3512 3514 3516 3518 3520 3522 3524 3526 3528 3530 3532 3534 3536 3538 3540 3542 3544 3546 3548 3550 3552 3554 3556 3558 3560 3562 3564 3566 3568 3570 3572 3574 3576 3578 3580 3582 3584 3586 3588 3590 3592 3594 3596 3598 3600 3602 3604 3606 3608 3610 3612 3614 3616 3618 3620 3622 3624 3626 3628 3630 3632 3634 3636 3638 3640 3642 3644 3646 3648 3650 3652 3654 3656 3658 3660 3662 3664 3666 3668 3670 3672 3674 3676 3678 3680 3682 3684 3686 3688 3690 3692 3694 3696 3698 3700 3702 3704 3706 3708 3710 3712 3714 3716 3718 3720 3722 3724 3726 3728 3730 3732 3734 3736 3738 3740 3742 3744 3746 3748 3750 3752 3754 3756 3758 3760 3762 3764 3766 3768 3770 3772 3774 3776 3778 3780 3782 3784 3786 3788 3790 3792 3794 3796 3798 3800 3802 3804 3806 3808 3810 3812 3814 3816 3818 3820 3822 3824 3826 3828 3830 3832 3834 3836 3838 3840 3842 3844 3846 3848 3850 3852 3854 3856 3858 3860 3862 3864 3866 3868 3870 3872 3874 3876 3878 3880 3882 3884 3886 3888 3890 3892 3894 3896 3898 3900 3902 3904 3906 3908 3910 3912 3914 3916 3918 3920 3922 3924 3926 3928 3930 3932 3934 3936 3938 3940 3942 3944 3946 3948 3950 3952 3954 3956 3958 3960 3962 3964 3966 3968 3970 3972 3974 3976 3978 3980 3982 3984 3986 3988 3990 3992 3994 3996 3998 4000 
        </DataArray>
      </Polys>
      <CellData Scalars="Pressure">
        <DataArray type="Float64" Name="Pressure" format="ascii">
310047 305145 300306 295832 291273 286797 282293 277850 273404 269410 265344 261345 257344 253394 249369 245777 242120 238519 234913 231359 227734 224094 220362 216669 213121 209704 206223 202750 199181 195657 192378 189416 186421 187619 184471 181398 178551 176090 173599 169732 167339 164846 162185 159561 156787 153957 151312 148664 145924 143313 140641 137982 135515 133168 130794 132859 130848 128940 125094 123447 121582 119644 117683 115651 113528 111505 109387 107266 105328 103412 101457 103378 101730 100167 97218.9 95872.6 94311.9 92780.5 91233 89609.4 87979.4 86482.5 84918.5 83409.8 84933.9 83622.9 80961.7 79939.4 78714.1 77323 75989.7 74632.9 73161.1 71835.5 70583.5 71689.3 68676.7 67710.1 66579 65359.4 64235.1 63068.6 61820.5 60756.7 59681 60819.1 58119.5 57267.6 56253.1 55213 54239.9 53234.3 52185 51290.3 52360.4 51472.3 49261.6 48448.5 47487.8 46524.9 45569.2 44560.8 47519.3 50292.7 54257.4 108057 213474 361719 517584 610264 618733 647550 650400 643405 637445 632724 635759 641841 650388 655108 659553 663774 667910 672526 677109 684844 687196 692178 697101 701667 704880 707866 711140 712496 713984 715381 716443 715727 714796 713379 713317 711066 708095 704621 701903 698638 696795 707712 709779 710515 709935 701779 700130 697973 698231 697638 697300 695625 697378 697229 696775 696193 696945 697290 698860 701368 704351 707808 711304 716502 721847 727438 733465 739814 746343 752799 756866 760926 765055 769007 770570 772132 773803 775529 779066 781211 784129 785269 785434 790934 794894 799058 801830 806715 813582 818742 823156 828717 834587 841264 846455 852468 858813 865283 871654 877796 884283 890905 897732 905666 913135 919048 925066 932082 938816 945111 950841 957070 964093 970117 975956 981934 988081 994261 999645 1.00507e+06 1.01067e+06 1.0165e+06 1.02193e+06 1.02686e+06 1.03219e+06 1.0378e+06 1.04281e+06 1.04794e+06 1.05271e+06 1.05741e+06 1.06199e+06 1.0636e+06 1.06714e+06 1.07075e+06 1.07709e+06 1.08236e+06 1.09198e+06 1.09861e+06 1.10241e+06 1.10691e+06 1.10764e+06 1.10537e+06 1.10967e+06 1.11273e+06 1.11305e+06 1.11478e+06 1.11673e+06 1.11887e+06 1.12103e+06 1.12315e+06 1.12533e+06 1.12765e+06 1.13007e+06 1.13252e+06 1.13489e+06 1.13768e+06 1.14041e+06 1.1432e+06 1.14599e+06 1.14892e+06 1.15183e+06 1.1547e+06 1.15774e+06 1.16048e+06 1.16275e+06 1.1652e+06 1.16694e+06 1.16938e+06 1.1712e+06 1.17364e+06 1.17505e+06 1.17625e+06 1.17753e+06 1.17886e+06 1.18019e+06 1.18329e+06 1.1851e+06 1.18702e+06 1.18727e+06 1.18447e+06 1.17626e+06 1.1727e+06 1.17273e+06 1.17217e+06 1.17095e+06 1.16996e+06 1.1684e+06 1.16725e+06 1.16579e+06 1.16356e+06 1.16095e+06 1.15756e+06 1.15468e+06 1.15163e+06 1.14843e+06 1.1452e+06 1.1423e+06 1.13875e+06 1.13552e+06 1.1323e+06 1.12909e+06 1.12613e+06 1.12316e+06 1.1196e+06 1.11584e+06 1.11209e+06 1.10822e+06 1.10519e+06 1.10215e+06 1.10023e+06 1.09788e+06 1.09296e+06 1.08734e+06 1.08154e+06 1.07788e+06 1.07056e+06 1.06626e+06 1.06197e+06 1.05539e+06 1.04828e+06 1.04076e+06 1.03588e+06 1.0314e+06 1.02739e+06 1.02278e+06 1.01427e+06 1.0061e+06 998976 990733 985589 977684 970175 965140 959965 954479 949042 942565 938304 934803 933609 932175 930550 928425 926526 924469 922636 920839 919199 918686 916998 915209 913519 911224 909589 908048 906351 904241 902054 900491 898838 897985 896790 894010 890965 887756 884349 880894 877646 876905 871103 868569 866215 861867 856981 851401 846209 841514 837378 831315 828654 823750 817294 806365 795137 784116 778684 775346 774179 813139 863162 941422 936362 911773 885645 779541 614358 441857 295994 195964 105058 44193 40412.3 41140.9 39359 40040.1 40681.3 41304.5 41948.3 42567.7 43136.7 43702.4 44207.6 44658.3 45124.2 45525.1 45781.8 47840.5 48211.4 48592.2 45978.5 46533 47050.7 47576.4 48154.5 48697.9 49198.4 49751.3 50252.4 50719.8 51250.2 51733.8 52153.9 52585.7 52946.2 53238.8 55121.3 55580 56041.7 56592.4 57197.4 57819.6 54158.7 54645.2 55130 55731.7 56442 57153.3 57820 58448.6 59060.4 59687 60325.4 60963.2 61565.3 62096.3 62609.8 63115.7 63532 63946.9 64346.6 64717.7 65071.2 65418.8 65702 65974.7 66232.4 66567.8 66902.9 67230.6 67602.1 67989.2 68358.2 68840.6 69364.7 69885.5 70444.5 71044.7 71623.9 72245.1 72888.7 73530.4 74178.6 74868.6 75535.5 76165.3 76697.4 77222.4 77703 78111.5 78498.4 78842.3 78983.3 79106.7 79206.5 79266.6 79311.1 79341.4 79292.1 79224.1 79140.9 79298.2 79485.8 79676.5 79959.9 80273.3 80582 81033.6 86546.2 87004.3 87532.3 88080.5 88589.3 84088.2 84942.7 85815.6 86675.9 87528.9 88341.6 89169.4 90029.6 90871.5 91694.4 92662.3 93601.9 94541.6 95388 96231.5 97044.5 97802.7 104176 104930 105544 106104 106581 101365 102399 103494 104511 105448 106363 107346 108419 109522 110616 111719 117981 119082 120137 121156 122186 117672 119280 120972 122359 123584 124735 125943 127175 134462 129364 130541 131761 133025 134011 134982 135907 136983 137976 138900 146158 146732 147254 141359 142633 144089 145441 145945 146351 146672 153374 153850 154295 147986 149304 150809 152103 152915 153607 161443 162459 163308 164387 158408 160727 163204 165049 173700 174851 168783 170791 172848 174888 176352 177590 185886 186727 187353 196068 180980 183013 185178 187405 196027 196982 197831 191373 194623 198274 202450 209718 211178 212571 211114 210431 208610 205810 216760 218836 221095 216339 219554 222598 225490 234541 235568 236945 230583 233407 236164 247913 241927 244400 246786 248794 250012 259368 261483 255623 259475 263043 265982 275902 276328 278277 271122 274978 278390 293918 286820 290691 294210 297130 309610 311474 313475 305120 309828 315359 327554 326424 325701 323532 319841 324786 324320 323009 313911 314586 323507 327228 319164 322080 324517 340370 330419 334247 337410 339802 341723 345010 347712 349743 351097 361794 361352 363778 356324 358822 372038 374029 367086 370624 373572 386916 379509 382762 386314 397090 393550 391674 388850 385168 381857 386061 389325 391542 392785 397247 401047 403640 405112 408607 413463 416938 419146 421220 427145 431802 435344 437657 442529 447020 450551 453008 456516 460538 463433 465108 478898 471276 475251 478024 491439 484175 489168 492884 505710 509622 503441 507879 522533 525388 530805 523671 537798 539358 544202 551468 539020 547841 555483 561700 584856 576846 585084 591542 611913 621134 612230 622587 652451 654134 646483 648524 641810 634993 626781 617444 614551 618897 620693 619890 633772 622754 629377 635786 643177 649421 654730 659059 662323 664516 665716 677420 683562 672193 678096 684601 689711 693267 711233 702256 706481 720847 722429 727558 732183 722219 728153 732185 734458 746644 751698 741660 747186 753085 757347 759843 774259 763511 768346 773615 779393 783715 786733 806527 794030 800654 808535 816741 823468 843726 850258 838258 844979 853973 862987 869635 884533 889831 878975 884425 893208 901144 907730 921633 928023 934394 923132 932153 940730 948588 957604 965959 973482 994485 1.00393e+06 997227 1.00709e+06 1.01902e+06 1.02993e+06 1.03949e+06 1.057e+06 1.06647e+06 1.07633e+06 1.07039e+06 1.08247e+06 1.09401e+06 1.10611e+06 1.11852e+06 1.13e+06 1.1492e+06 1.15925e+06 1.16937e+06 1.18003e+06 1.17443e+06 1.18681e+06 1.19905e+06 1.21211e+06 1.22506e+06 1.23788e+06 1.25054e+06 1.26318e+06 1.27455e+06 1.29938e+06 1.31148e+06 1.30624e+06 1.31835e+06 1.33463e+06 1.35053e+06 1.36637e+06 1.38251e+06 1.398e+06 1.41199e+06 1.4333e+06 1.44497e+06 1.45738e+06 1.47014e+06 1.46976e+06 1.48535e+06 1.5024e+06 1.52201e+06 1.54173e+06 1.5609e+06 1.58009e+06 1.59879e+06 1.61762e+06 1.63705e+06 1.65604e+06 1.67384e+06 1.70052e+06 1.71689e+06 1.71952e+06 1.73934e+06 1.7622e+06 1.78481e+06 1.80878e+06 1.8333e+06 1.85814e+06 1.88168e+06 1.90406e+06 1.92624e+06 1.9487e+06 1.96946e+06 1.98977e+06 2.01907e+06 2.0306e+06 2.04128e+06 2.05243e+06 2.06796e+06 2.08536e+06 2.08352e+06 2.11377e+06 2.1455e+06 2.17742e+06 2.2097e+06 2.24288e+06 2.27554e+06 2.31092e+06 2.3468e+06 2.38315e+06 2.40942e+06 2.42832e+06 2.44703e+06 2.47494e+06 2.51289e+06 2.55131e+06 2.58322e+06 2.60502e+06 2.62664e+06 2.65089e+06 2.68059e+06 2.71073e+06 2.74134e+06 2.77752e+06 2.81293e+06 2.8483e+06 2.87842e+06 2.90909e+06 2.9393e+06 2.98738e+06 3.02134e+06 3.05617e+06 3.08811e+06 3.12055e+06 3.15221e+06 3.18742e+06 3.22245e+06 3.2583e+06 3.29144e+06 3.32468e+06 3.35709e+06 3.39174e+06 3.4263e+06 3.46168e+06 3.49882e+06 3.53883e+06 3.57784e+06 3.61662e+06 3.65329e+06 3.69084e+06 3.72929e+06 3.77113e+06 3.812e+06 3.85251e+06 3.88965e+06 3.92766e+06 3.96728e+06 4.01444e+06 4.06065e+06 4.10663e+06 4.14503e+06 4.18358e+06 4.22085e+06 4.25609e+06 4.29049e+06 4.32515e+06 4.36006e+06 4.39583e+06 4.43128e+06 4.4637e+06 4.49513e+06 4.52713e+06 4.55773e+06 4.58869e+06 4.61927e+06 4.64733e+06 4.67358e+06 4.70028e+06 4.7254e+06 4.75018e+06 4.77462e+06 4.79746e+06 4.81781e+06 4.83854e+06 4.85865e+06 4.87873e+06 4.90138e+06 4.91856e+06 4.93275e+06 4.94775e+06 4.95934e+06 4.968e+06 4.97639e+06 4.98474e+06 4.99239e+06 5.00027e+06 5.00814e+06 5.01366e+06 5.01898e+06 5.02453e+06 5.02824e+06 5.03159e+06 5.03499e+06 5.03703e+06 5.03821e+06 5.04497e+06 5.04462e+06 5.04429e+06 5.04454e+06 5.03755e+06 5.02818e+06 5.01823e+06 5.00828e+06 4.99898e+06 4.9898e+06 4.9803e+06 4.96825e+06 4.95605e+06 4.94411e+06 4.93646e+06 4.92354e+06 4.9107e+06 4.89314e+06 4.8779e+06 4.8626e+06 4.8458e+06 4.82837e+06 4.81069e+06 4.79311e+06 4.77489e+06 4.75711e+06 4.74192e+06 4.72196e+06 4.70187e+06 4.68238e+06 4.65561e+06 4.63393e+06 4.61178e+06 4.59015e+06 4.56844e+06 4.54729e+06 4.525e+06 4.50562e+06 4.48198e+06 4.45193e+06 4.42643e+06 4.40156e+06 4.3765e+06 4.34871e+06 4.32038e+06 4.29251e+06 4.26428e+06 4.2406e+06 4.21232e+06 4.17012e+06 4.13981e+06 4.11166e+06 4.0839e+06 4.0525e+06 4.0206e+06 3.99644e+06 3.96621e+06 3.93718e+06 3.90777e+06 3.85875e+06 3.82781e+06 3.79901e+06 3.76995e+06 3.73655e+06 3.70841e+06 3.67485e+06 3.62185e+06 3.58474e+06 3.54787e+06 3.51374e+06 3.48188e+06 3.45233e+06 3.41892e+06 3.38365e+06 3.34906e+06 3.31628e+06 3.28448e+06 3.25387e+06 3.22325e+06 3.21014e+06 3.18387e+06 3.1596e+06 3.13091e+06 3.08522e+06 3.06079e+06 3.03863e+06 3.02698e+06 3.00294e+06 2.98645e+06 2.93039e+06 2.90234e+06 2.87654e+06 2.85213e+06 2.8229e+06 2.79124e+06 2.76127e+06 2.73232e+06 2.71131e+06 2.69186e+06 2.6905e+06 2.65787e+06 2.64358e+06 2.63046e+06 2.61894e+06 2.60633e+06 2.60812e+06 2.59355e+06 2.55552e+06 2.53099e+06 2.50714e+06 2.48317e+06 2.48267e+06 2.46407e+06 2.44707e+06 2.40964e+06 2.39255e+06 2.37602e+06 2.37743e+06 2.34478e+06 2.33074e+06 2.31788e+06 2.30662e+06 2.29609e+06 2.30109e+06 2.29054e+06 2.25742e+06 2.24111e+06 2.22488e+06 2.20818e+06 2.18768e+06 2.16682e+06 2.1476e+06 2.12939e+06 2.11378e+06 2.11716e+06 2.10493e+06 2.10967e+06 2.11929e+06 2.15366e+06 2.19543e+06 2.26296e+06 2.28285e+06 2.29025e+06 2.28491e+06 2.26348e+06 2.19784e+06 2.13408e+06 2.0743e+06 2.01523e+06 2.03368e+06 1.98241e+06 1.94895e+06 1.91203e+06 1.89624e+06 1.89989e+06 1.88635e+06 1.85643e+06 1.84428e+06 1.8316e+06 1.83642e+06 1.80683e+06 1.79417e+06 1.78062e+06 1.76663e+06 1.75016e+06 1.73177e+06 1.71242e+06 1.69272e+06 1.67201e+06 1.65015e+06 1.62776e+06 1.60586e+06 1.58402e+06 1.58468e+06 1.5641e+06 1.55035e+06 1.52802e+06 1.51523e+06 1.51149e+06 1.497e+06 1.48138e+06 1.45063e+06 1.44938e+06 1.43302e+06 1.41806e+06 1.38886e+06 1.37437e+06 1.37496e+06 1.36131e+06 1.33325e+06 1.32038e+06 1.32302e+06 1.30958e+06 1.29538e+06 1.26162e+06 1.26592e+06 1.25067e+06 1.23791e+06 1.20754e+06 1.19456e+06 1.19827e+06 1.18814e+06 1.17976e+06 1.15804e+06 1.14527e+06 1.13126e+06 1.11696e+06 1.10307e+06 1.09147e+06 1.08076e+06 1.06954e+06 1.05819e+06 1.04606e+06 1.03382e+06 1.02143e+06 1.00929e+06 1.01964e+06 995332 989832 983695 992053 986110 965750 959908 967903 962010 956723 938174 931265 923696 916103 908734 899773 890431 881337 872787 883879 864922 861270 872479 869643 870772 855517 854347 850999 847746 844479 840492 833501 826586 819517 826635 821250 800581 794746 787180 780133 773832 782656 760728 753069 745605 752797 749897 746524 729523 720356 712111 704510 714541 709560 693468 688589 681966 675605 669712 679038 660498 656545 652475 646251 640637 635563 630407 623472 616859 610349 636297 618857 616500 600040 594518 588702 595983 594088 596682 597830 599746 603572 606507 607022 603169 600344 598632 587790 576897 567677 556975 543981 532540 546255 539208 511313 504675 498187 491739 484983 497574 494890 491669 487464 469685 465120 460420 454906 449547 444285 451977 448204 435301 431118 426266 421406 416660 410780 405335 400143 407706 404356 390787 387492 384249 380887 377018 372053 367357 373697 369984 366310 362552 350271 346596 342863 339354 335884 332490 328828 325104 321475 327202 324611 322033 311776 308150 304583 301188 298705 296234 293646 290051 286342 282912 289834 287193 284410 281626 270461 267634 264683 261673 258610 255702 253107 250493 247788 245204 242530 239856 236858 233959 231074 236949 234736 232510 229982 219889 217090 214666 212380 210105 207762 205435 203049 200837 198781 196715 194555 192364 190116 187938 185908 183878 181790 179790 177740 175708 173660 171639 169577 167625 165629 163649 167895 165998 164036 162315 160618 158941 157220 155535 153792 152157 150530 148927 147255 145597 143884 142162 140330 138530 136710 134988 133211 131467 129669 127903 126094 124366 122584 120903 119626 118381 114412 113194 111904 110578 109224 107849 106399 104971 103488 101989 100558 99176.5 97754.9 96307.4 94783.2 93244.3 91995 91118 90329.7 126724 213165 303577 459697 717211 973604 1.163e+06 1.1731e+06 1.18197e+06 1.18776e+06 1.18953e+06 1.18054e+06 1.17432e+06 1.17686e+06 1.18023e+06 1.1846e+06 1.18957e+06 1.19223e+06 1.19471e+06 1.19646e+06 1.19781e+06 1.19896e+06 1.19782e+06 1.19539e+06 1.1928e+06 1.19641e+06 1.20632e+06 1.21739e+06 1.22317e+06 1.21526e+06 1.21236e+06 1.21168e+06 1.21445e+06 1.21729e+06 1.21976e+06 1.21903e+06 1.21829e+06 1.21751e+06 1.21595e+06 1.2142e+06 1.21238e+06 1.20875e+06 1.20456e+06 1.20235e+06 1.19756e+06 1.19249e+06 1.18744e+06 1.18311e+06 1.17945e+06 1.17589e+06 1.17244e+06 1.16854e+06 1.16452e+06 1.16049e+06 1.16178e+06 1.16359e+06 1.16432e+06 1.16455e+06 1.16381e+06 1.16313e+06 1.16381e+06 1.16525e+06 1.16659e+06 1.16674e+06 1.16515e+06 1.16346e+06 1.16019e+06 1.15876e+06 1.1572e+06 1.15504e+06 1.15394e+06 1.15146e+06 1.1491e+06 1.14697e+06 1.14491e+06 1.14274e+06 1.13846e+06 1.13519e+06 1.13185e+06 1.13062e+06 1.1269e+06 1.12281e+06 1.11849e+06 1.1127e+06 1.10588e+06 1.0996e+06 1.0947e+06 1.0877e+06 1.08057e+06 1.07289e+06 1.06432e+06 1.05535e+06 1.04628e+06 1.03565e+06 1.02709e+06 1.01811e+06 1.00727e+06 996569 985395 975435 976237 985511 987060 983871 992312 1.00384e+06 1.0116e+06 1.00969e+06 999021 997014 994490 990584 987528 984511 981360 975780 972922 969782 966292 962332 956715 950566 946405 946117 936325 922068 903786 820252 677988 531589 381212 308954 256412 221952 218222 220616 222475 225364 222887 226205 235294 233237 237469 241912 246420 251234 262271 266891 263907 270784 278543 287444 292938 293884 295338 297349 296041 293112 285773 286469 291405 296263 300884 305527 310573 315839 321155 325903 332563 336424 340030 340777 344401 351004 355269 356123 360756 365621 375477 377022 383887 391160 398604 412550 421103 430228 440664 445401 463735 476726 497341 503725 525867 564202 564981 581821 577497 568921 548543 542326 537800 536145 540168 543249 550508 558443 566795 575443 583792 592419 601042 609738 617397 625355 633353 641656 648964 656224 663410 670761 676769 681662 687064 693153 700029 719088 741110 766821 795382 830636 857390 880263 898512 901687 909576 915314 922604 931893 940002 949472 959786 972742 982721 991900 1.00215e+06 1.01444e+06 1.02509e+06 1.0345e+06 1.04375e+06 1.05319e+06 1.06258e+06 1.07297e+06 1.084e+06 1.09298e+06 1.10133e+06 1.11061e+06 1.1205e+06 1.13935e+06 1.13833e+06 1.15174e+06 1.16737e+06 1.19939e+06 1.21682e+06 1.23886e+06 1.25793e+06 1.27485e+06 1.28506e+06 1.29241e+06 1.30181e+06 1.31104e+06 1.32054e+06 1.33064e+06 1.3389e+06 1.35062e+06 1.35988e+06 1.36952e+06 1.37782e+06 1.38703e+06 1.39562e+06 1.40572e+06 1.41422e+06 1.42279e+06 1.43123e+06 1.43969e+06 1.4463e+06 1.45393e+06 1.46199e+06 1.47393e+06 1.48054e+06 1.48456e+06 1.49492e+06 1.49753e+06 1.5003e+06 1.50362e+06 1.503e+06 1.50748e+06 1.50901e+06 1.5117e+06 1.51558e+06 1.5202e+06 1.52464e+06 1.52616e+06 1.53181e+06 1.53363e+06 1.53553e+06 1.53444e+06 1.53344e+06 1.53139e+06 1.53019e+06 1.52826e+06 1.52632e+06 1.52433e+06 1.52205e+06 1.51706e+06 1.51181e+06 1.50468e+06 1.49965e+06 1.49475e+06 1.49017e+06 1.48862e+06 1.4815e+06 1.47445e+06 1.46514e+06 1.45796e+06 1.45154e+06 1.44566e+06 1.44593e+06 1.4383e+06 1.43135e+06 1.42202e+06 1.41454e+06 1.40758e+06 1.40137e+06 1.40077e+06 1.39245e+06 1.38418e+06 1.37667e+06 1.36427e+06 1.3561e+06 1.34838e+06 1.34165e+06 1.33521e+06 1.32926e+06 1.32508e+06 1.31638e+06 1.30787e+06 1.2986e+06 1.2879e+06 1.2766e+06 1.26137e+06 1.24638e+06 1.23036e+06 1.21552e+06 1.1948e+06 1.18375e+06 1.17285e+06 1.16326e+06 1.1544e+06 1.14593e+06 1.14527e+06 1.13582e+06 1.12622e+06 1.1128e+06 1.10109e+06 1.08979e+06 1.07852e+06 1.06754e+06 1.05668e+06 1.04632e+06 1.04339e+06 1.03457e+06 1.02566e+06 1.01172e+06 1.00162e+06 991903 982108 971376 960509 949859 942073 934785 927324 924078 908761 899096 888599 877606 866605 856705 848457 840293 838408 829880 821217 812808 804072 789650 780788 771504 762008 752774 743281 733874 724346 715910 708250 700675 699705 692423 684906 677518 670033 657118 649553 641591 633563 625730 617362 609149 600834 593907 587021 580173 572919 565687 558330 551324 544355 537503 536539 529719 522704 515857 508898 496624 489572 482517 475366 468325 461080 453967 446895 440994 434958 428986 422888 416878 410758 405512 400203 394953 389475 384058 378543 373551 368597 363705 358607 353531 348364 343521 338759 334059 329283 324588 319803 315018 
        </DataArray>
        <DataArray type="Float64" Name="Temperature" format="ascii">
790.455 787.087 783.728 780.555 777.321 774.118 770.815 767.554 764.273 761.241 758.153 755.105 751.95 748.835 745.656 742.718 739.725 736.774 733.717 730.691 727.601 724.406 721.107 717.839 714.62 711.485 708.286 705.032 701.65 698.303 695.144 692.25 689.314 690.34 687.227 684.18 681.332 678.844 676.321 672.309 669.75 667.074 664.194 661.269 658.165 654.985 651.922 648.843 645.646 642.518 639.298 636.082 633.04 630.121 627.157 629.871 627.348 624.949 619.918 617.737 615.25 612.628 609.919 607.096 604.115 601.222 598.179 595.113 592.25 589.408 586.493 589.491 587.005 584.633 579.939 577.742 575.183 572.614 569.97 567.185 564.358 561.717 558.945 556.25 558.95 556.586 551.727 549.792 547.456 544.789 542.202 539.544 536.638 534.013 531.518 533.89 527.68 525.694 523.329 520.747 518.353 515.84 513.123 510.808 508.449 511.308 505.004 503.041 500.65 498.163 495.81 493.349 490.756 488.542 491.527 489.319 483.437 481.274 478.671 476.017 473.331 470.46 487.139 509.637 540.368 675.854 927.627 1177.6 1411.32 1526.99 1555.47 1577.74 1570.24 1569 1562.32 1550.38 1547.32 1550.58 1590.72 1581.11 1592.73 1601.83 1608.71 1595.95 1580.61 1567.01 1555.93 1552.77 1549.9 1549.11 1565.06 1582.26 1600.64 1606.97 1596.75 1579.01 1547.9 1486.88 1427.97 1354.96 1324.66 1291.72 1261.59 1236.77 1226.28 1215.68 1207.68 1209.41 1204.26 1198.52 1192.03 1185.89 1182.45 1178.87 1176.08 1173.6 1171.27 1168.91 1167.51 1165.77 1163.9 1162.04 1160.91 1159.84 1159.15 1158.81 1158.92 1159.38 1159.6 1161.05 1162.25 1163.69 1165.44 1167.27 1168.49 1170.65 1171.95 1172.53 1173.36 1172.83 1173.48 1172.82 1172.43 1172.34 1171.54 1171.74 1169.91 1171.51 1172.07 1171.75 1172.7 1173.39 1175.11 1176.38 1176.85 1178.17 1180.95 1182.49 1184.4 1184.52 1188.01 1189.76 1191.85 1194.21 1195.8 1197.05 1198.7 1200.68 1202.61 1202.96 1201.88 1206.57 1210.29 1210.04 1212.54 1214.39 1218.03 1220.34 1221.29 1223.6 1226.78 1228.42 1230.5 1230.65 1233.13 1234.54 1236.51 1237.82 1240.15 1243.32 1245.73 1247.32 1249.92 1252.15 1253.91 1255.78 1257.37 1259.98 1262.85 1266.18 1269.98 1272.55 1281.39 1284.16 1280.91 1282.06 1279.4 1275.95 1276.15 1276.36 1275.94 1276.13 1276.55 1277.05 1277.54 1277.99 1278.47 1279.11 1279.78 1280.46 1280.83 1281.66 1282.13 1282.59 1282.28 1281.91 1282.91 1282.66 1281.35 1281.61 1281.57 1282.04 1281.63 1281.06 1281.63 1281.55 1281.85 1281.48 1281.28 1281.28 1281.08 1285.66 1288.2 1290.69 1290.07 1288.93 1286.39 1284.71 1283.61 1282.44 1281.16 1280.27 1280.37 1280.7 1281.1 1281.14 1282.39 1282.54 1284.71 1290.66 1298.39 1307.27 1316.79 1326.91 1334.81 1342.24 1347.1 1350.71 1353.89 1362.09 1369.82 1379.54 1391.57 1401.14 1408.42 1418.76 1423.87 1418.89 1411.85 1404.21 1397.19 1392.71 1388.53 1384.82 1384.34 1385.45 1387.71 1386.93 1393.56 1394.01 1393.76 1388.34 1382.24 1376.16 1370.08 1364 1360.32 1357.63 1355.33 1351.67 1346.54 1355.68 1337.08 1338.94 1342.48 1347.69 1352.07 1355.49 1379.41 1379.88 1354.4 1351.44 1343.42 1333.82 1346.49 1340.01 1333.81 1325.47 1294.45 1286.91 1277.09 1267.04 1257.19 1246.22 1254.05 1248.9 1219.62 1215 1213.75 1211.45 1207.27 1204.81 1204.12 1203.27 1214.62 1209.56 1215.85 1221.37 1229.69 1236.52 1242.11 1263.32 1288.5 1313.64 1330.53 1346.24 1357.72 1368.81 1388.56 1415.36 1447.35 1466.01 1480.44 1490.24 1506.14 1524.95 1548.95 1552.5 1551.69 1551.27 1489.4 1375.8 1250.65 1062.66 787.766 525.525 341.911 328.149 329.785 326.168 327.647 329.044 330.406 331.797 333.14 334.378 335.607 336.707 337.695 338.694 339.55 340.111 343.963 344.655 345.375 340.534 341.579 342.561 343.568 344.689 345.75 346.733 347.821 348.815 349.749 350.795 351.758 352.604 353.459 354.182 354.782 357.821 358.567 359.319 360.219 361.212 362.23 356.739 357.527 358.312 359.296 360.466 361.635 362.729 363.759 364.758 365.779 366.816 367.849 368.819 369.661 370.473 371.27 371.911 372.548 373.162 373.698 374.209 374.71 375.089 375.45 375.79 376.251 376.714 377.166 377.682 378.22 378.733 379.379 380.072 380.76 381.521 382.355 383.16 384.022 384.914 385.803 386.696 387.637 388.547 389.403 390.117 390.823 391.463 391.988 392.484 392.922 393.085 393.225 393.334 393.381 393.409 393.419 393.335 393.228 393.103 393.313 393.567 393.829 394.23 394.68 395.129 395.769 402.95 403.57 404.275 405.014 405.711 399.872 401 402.167 403.306 404.407 405.467 406.545 407.646 408.741 409.817 411.038 412.241 413.46 414.525 415.605 416.665 417.624 424.998 425.919 426.673 427.394 428.046 422.01 423.24 424.574 425.796 426.897 427.994 429.16 430.401 431.701 432.994 434.239 440.79 441.99 443.123 444.25 445.394 440.49 442.162 443.964 445.383 446.622 447.815 449.048 450.292 457.319 452.392 453.487 454.67 455.929 456.854 457.799 458.732 459.759 460.741 461.703 468.129 468.713 469.282 463.887 465.015 466.363 467.645 468.109 468.518 468.888 474.569 475.06 475.55 469.902 471.042 472.416 473.609 474.352 475.042 481.525 482.451 483.317 484.334 479.137 481.11 483.306 484.947 491.717 492.73 488.037 489.594 491.257 492.972 494.146 495.173 501.454 502.161 502.79 508.974 498.069 499.608 501.333 503.189 509.45 510.32 511.204 506.401 508.735 511.455 514.654 519.652 520.878 522.14 520.313 521.758 523.388 525.11 527.038 526.47 526.044 522.781 524.98 527.11 529.184 535.082 535.846 536.787 532.674 534.533 536.4 543.862 540.215 541.815 543.379 544.695 545.516 551.282 552.601 549.126 551.48 553.687 555.534 561.408 561.793 562.947 558.693 560.909 562.938 571.756 567.763 569.891 571.837 573.432 580.171 581.1 582.108 576.841 579.071 581.677 589.108 586.288 587.582 589.316 591.549 590.985 589.507 587.43 582.578 582.884 587.585 589.371 585.076 586.489 587.719 595.709 590.724 592.559 594.097 595.289 596.23 597.801 599.102 600.09 600.729 605.804 605.621 606.723 603.193 604.367 610.576 611.476 608.314 609.924 611.299 617.312 614.056 615.469 617.031 621.72 620.271 619.373 618.002 616.204 614.543 616.41 617.867 618.868 619.446 621.389 623.045 624.185 624.845 626.337 628.396 629.88 630.838 631.721 634.151 636.069 637.539 638.514 640.469 642.265 643.679 644.668 646.071 647.65 648.781 649.426 654.821 651.815 653.346 654.407 659.572 656.761 658.642 660.034 664.887 666.288 663.95 665.564 670.972 671.973 673.916 671.247 676.374 676.881 678.533 681.028 676.474 679.57 682.224 684.351 692.354 689.458 692.179 694.245 701.034 703.968 700.672 703.783 713.203 713.538 711.403 710.328 708.591 707.01 705.484 704.062 704.249 705.591 706.133 705.859 710.253 706.813 708.881 710.9 713.232 715.2 716.87 718.21 719.206 719.879 720.254 723.786 725.592 722.184 723.946 725.9 727.434 728.502 733.73 731.122 732.341 736.519 736.983 738.395 739.68 736.855 738.523 739.659 740.305 743.716 745.097 742.325 743.86 745.51 746.709 747.42 751.344 748.45 749.758 751.198 752.786 753.98 754.821 760.053 756.788 758.533 760.626 762.809 764.601 769.838 771.485 768.477 770.177 772.456 774.741 776.429 780.15 781.437 778.787 780.115 782.278 784.236 785.864 789.258 790.76 792.261 789.643 791.78 793.812 795.674 797.804 799.776 801.548 806.321 808.469 807.032 809.27 811.957 814.417 816.573 820.421 822.468 824.597 823.448 826.033 828.505 831.087 833.719 836.159 840.17 842.21 844.256 846.407 845.485 847.96 850.407 853.004 855.573 858.118 860.615 863.089 865.318 869.888 872.174 871.415 873.696 876.714 879.663 882.609 885.549 888.356 890.889 894.613 896.653 898.821 901.049 901.173 903.844 906.75 910.053 913.37 916.588 919.741 922.811 925.9 929.013 932.047 934.891 938.886 941.411 942.008 945.014 948.465 951.876 955.452 959.066 962.729 966.173 969.388 972.572 975.78 978.694 981.543 985.517 987.064 988.495 989.993 992.077 994.41 994.449 998.458 1002.66 1006.88 1011.06 1015.32 1019.52 1023.95 1028.4 1032.9 1036.13 1038.41 1040.67 1043.99 1048.45 1052.96 1056.68 1059.18 1061.65 1064.4 1067.74 1071.12 1074.54 1078.5 1082.38 1086.24 1089.46 1092.74 1095.96 1100.78 1104.31 1107.92 1111.16 1114.44 1117.64 1121.14 1124.6 1128.15 1131.38 1134.59 1137.73 1141.04 1144.33 1147.69 1151.19 1154.93 1158.58 1162.21 1165.65 1169.17 1172.74 1176.57 1180.32 1183.99 1187.3 1190.69 1194.17 1198.19 1202.13 1207.96 1211.07 1214.2 1217.25 1220.16 1223.01 1225.91 1228.78 1231.73 1234.67 1237.35 1239.97 1242.65 1245.18 1247.74 1250.29 1252.61 1254.78 1256.99 1259.04 1261.03 1262.99 1264.77 1266.29 1267.83 1269.28 1270.67 1269.61 1270.9 1271.96 1273.05 1276.07 1276.62 1277.17 1277.73 1278.33 1278.96 1279.6 1280.02 1280.42 1280.85 1281.17 1281.47 1281.75 1282.03 1282.28 1280.76 1280.68 1280.49 1280.31 1280.92 1280.08 1279.22 1278.4 1277.67 1276.93 1276.16 1275.27 1274.37 1273.49 1271.72 1270.74 1269.76 1268.96 1267.72 1266.54 1265.31 1264.07 1262.87 1261.72 1260.52 1259.33 1257.56 1256.21 1254.82 1253.45 1251.58 1249.97 1248.36 1246.8 1245.26 1243.76 1242.16 1240.43 1238.68 1236.49 1234.47 1232.52 1230.58 1228.43 1226.24 1224.1 1221.87 1219.8 1217.54 1214.14 1211.65 1209.35 1207.07 1204.47 1201.81 1199.73 1197.18 1194.72 1192.22 1187.97 1185.28 1182.77 1180.23 1177.26 1174.75 1171.74 1166.93 1163.54 1160.16 1157 1154.03 1151.26 1148.09 1144.71 1141.39 1138.23 1135.14 1132.14 1129.13 1127.82 1125.22 1122.8 1119.91 1115.27 1112.78 1110.51 1109.33 1106.86 1105.19 1099.26 1096.3 1093.56 1090.96 1087.8 1084.35 1081.08 1077.89 1075.58 1073.43 1073.34 1069.64 1068.05 1066.58 1065.29 1063.87 1064.15 1062.5 1058.06 1055.2 1052.41 1049.6 1049.59 1047.4 1045.39 1040.82 1038.76 1036.75 1036.98 1032.93 1031.21 1029.63 1028.25 1026.97 1027.71 1026.42 1022.2 1020.15 1018.11 1016 1013.35 1010.64 1008.15 1005.76 1003.72 1004.27 1002.67 1003.54 1004.91 1009.84 1015.93 1021.88 1022.98 1023.12 1022.28 1019.85 1011.81 1003.71 995.841 987.786 991.601 984.38 979.81 974.347 972.175 973.232 971.16 966.541 964.848 962.95 963.969 959.221 957.354 955.27 953.04 950.43 947.555 944.485 941.32 937.969 934.405 930.721 927.087 923.444 923.613 920.111 917.788 914.018 911.811 911.098 908.517 905.778 900.339 900.126 897.218 894.51 889.175 886.529 886.636 884.112 878.849 876.433 876.92 874.372 871.629 865.097 865.905 862.923 860.371 854.273 851.653 852.358 850.27 848.533 844.038 841.311 838.301 835.224 832.236 829.686 827.286 824.777 822.241 819.49 816.684 813.858 811.106 813.474 807.882 806.598 805.175 807.14 805.779 800.993 799.644 801.582 800.242 799.044 794.625 793.014 791.228 789.444 787.719 785.59 783.356 781.193 779.172 782.177 777.378 776.551 779.59 778.996 779.458 775.55 775.399 774.67 773.961 773.248 772.325 770.607 768.91 767.179 769.31 768.033 762.5 761.081 759.125 757.321 755.728 758.456 752.325 750.316 748.364 750.692 750.032 749.235 744.351 741.813 739.55 737.488 740.749 739.433 734.654 733.343 731.448 729.636 727.966 731.093 725.348 724.253 723.126 721.259 719.599 718.133 716.601 714.434 712.386 710.391 719.157 713.475 712.802 707.347 705.578 703.727 706.405 707.615 711.731 714.549 718.984 717.079 715.854 714.447 711.62 709.839 709.154 706.664 702.953 699.837 696.054 691.39 687.382 692.518 689.938 679.797 677.291 674.705 672.157 669.569 674.665 673.484 672.148 670.496 663.501 661.635 659.748 657.436 655.201 653.039 656.205 654.55 649.215 647.385 645.259 643.15 641.106 638.459 636.036 633.754 637.018 635.456 629.433 627.873 626.339 624.775 622.966 620.599 618.391 621.399 619.542 617.688 615.827 610.021 608.127 606.225 604.401 602.589 600.838 598.923 596.958 595.07 598.017 596.65 595.298 589.979 588.006 586.076 584.251 582.844 581.455 580.018 577.956 575.834 573.891 577.71 576.112 574.45 572.785 566.34 564.548 562.681 560.765 558.829 556.983 555.268 553.559 551.805 550.104 548.356 546.618 544.609 542.678 540.769 544.496 543.012 541.531 539.838 533.148 531.234 529.537 527.913 526.306 524.633 522.952 521.237 519.634 518.116 516.598 515.002 513.356 511.672 510.037 508.476 506.92 505.32 503.751 502.147 500.56 498.932 497.327 495.69 494.104 492.483 490.876 494.18 492.645 491.059 489.643 488.237 486.85 485.408 483.986 482.517 481.116 479.701 478.309 476.837 475.356 473.829 472.277 470.603 468.96 467.285 465.675 464.014 462.361 460.596 458.861 457.075 455.333 453.537 451.837 450.52 449.235 445.41 444.074 442.657 441.201 439.67 438.108 436.46 434.8 433.066 431.31 429.605 427.946 426.235 424.461 422.575 420.665 419.135 418.088 417.153 484.392 642.451 806.368 968.62 1103.08 1233.43 1327.41 1332.52 1336.19 1338.58 1328.47 1334.06 1335.89 1327.41 1319.35 1313.02 1320.37 1325.48 1330.04 1340.36 1351.57 1362.33 1369.96 1376.71 1383.72 1391.84 1401.27 1411.97 1417.56 1407.24 1403.44 1402.25 1392.93 1383.1 1373.44 1367.45 1362.17 1357.43 1355.68 1354.79 1354.65 1353.76 1352.67 1345.4 1341.7 1337.84 1334.19 1333.69 1330.21 1326.73 1322.41 1314.86 1307.39 1299.98 1297.34 1294.02 1291.47 1290.02 1288.23 1286.53 1284.53 1281.95 1279.07 1273.99 1266.26 1258.46 1250.02 1243.8 1237.82 1231.69 1226.36 1219.96 1213.68 1207.91 1202.61 1197.33 1192.18 1188.51 1185.02 1183.12 1180.96 1178.73 1176.52 1174.17 1171.22 1168.77 1167.1 1164.36 1161.6 1158.61 1155.21 1151.68 1148.15 1143.32 1139.82 1136.24 1133.08 1129.41 1125.82 1123.07 1125.32 1128.32 1131.3 1135.65 1142.59 1151.39 1159.18 1163.5 1159.88 1164.84 1171.26 1174.18 1177.13 1178.81 1179.43 1176.71 1178.35 1177.08 1175.7 1174.16 1171.69 1169.47 1165.06 1165.41 1161.65 1156.17 1149.12 1111.02 1049.59 980.497 871.452 801.632 749.487 713.386 707.981 710.237 712.016 714.633 712.331 715.371 723.641 721.778 725.464 729.343 733.289 737.305 746.525 750.325 747.507 752.774 758.669 765.39 769.466 770.949 773.799 778.117 777.52 774.401 766.108 766.653 770.417 774.134 777.683 781.195 784.861 788.696 792.576 796.021 800.599 803.415 805.954 806.664 809.197 813.586 816.481 817.311 820.405 823.673 829.821 831.125 835.477 840.092 844.818 852.993 858.254 863.826 869.715 872.808 882.819 890.184 900.544 904.315 915.405 934.028 934.565 942.478 940.62 936.987 927.295 924.722 922.613 922.073 923.773 925.953 929.446 933.33 937.479 941.551 945.282 949.21 953.208 957.226 960.434 963.867 967.413 971.19 974.206 977.221 980.327 983.628 986.247 988.228 990.55 993.288 996.418 1003.82 1012.46 1022.62 1033.96 1046.22 1055.45 1063.92 1071.34 1072.39 1076.21 1078.25 1081.13 1083.41 1087.23 1090.14 1093.7 1097.35 1100.07 1104.02 1107.04 1109.72 1112.95 1114.55 1119.14 1120.85 1122.46 1124.78 1127.73 1129.36 1130.61 1132.45 1134.82 1138.31 1138.35 1141.41 1145.44 1153.44 1157.26 1162.3 1167.43 1173.79 1177.31 1178.86 1184.33 1186.22 1188.71 1191.89 1191.61 1197.78 1199.8 1202.52 1203.05 1205.54 1206.99 1215.08 1215.22 1215.59 1216.49 1213.23 1218.21 1218.87 1219.62 1217.22 1220.28 1223.75 1235.05 1237.16 1239.34 1241.67 1233.89 1234.6 1238.3 1236.7 1235.72 1235.41 1235.67 1232.44 1236 1235.48 1235.22 1232.41 1231.8 1231.05 1231.31 1230.72 1230.2 1229.74 1228.66 1227.44 1226.13 1225.1 1223.94 1222.86 1221.9 1221.07 1219.37 1217.68 1216.15 1214.44 1212.97 1211.69 1211.43 1209.43 1207.63 1205.9 1203.97 1202.23 1200.71 1199.49 1197.99 1195.86 1193.93 1191.25 1189.15 1187.21 1185.55 1184 1182.6 1181.18 1178.96 1177.29 1174.96 1172.3 1169.5 1165.32 1161.37 1157.08 1153.12 1147.96 1144.91 1141.94 1139.31 1136.89 1134.59 1134.2 1131.45 1128.67 1125.27 1121.82 1118.52 1115.26 1112.04 1108.85 1105.84 1104.77 1102.07 1099.37 1095.47 1092.34 1089.35 1086.36 1082.99 1079.61 1076.3 1073.86 1071.56 1069.22 1067.93 1063.18 1059.99 1056.48 1052.76 1049.04 1045.69 1042.82 1040 1039.25 1036.2 1033.1 1030.11 1026.96 1021.92 1018.68 1015.22 1011.67 1008.23 1004.64 1001.05 997.419 994.188 991.226 988.304 987.919 985.043 982.084 979.186 976.175 971.025 967.958 964.635 961.292 958.038 954.45 950.932 947.376 944.331 941.291 938.272 935 931.713 928.373 925.149 921.911 918.729 918.197 914.935 911.585 908.295 904.879 898.9 895.377 891.777 888.133 884.524 880.717 876.983 873.261 870.052 866.774 863.533 860.119 856.758 853.338 850.307 847.235 844.199 840.951 837.727 834.446 831.403 828.36 825.356 822.17 818.974 815.72 812.622 809.54 806.498 803.37 800.259 797.09 793.869 
        </DataArray>
        <DataArray type="Float64" Name="Tau1" format="ascii">
0 0 0 0 0 0 0 0 0 0 0 0 0 0 0 0 0 0 0 0 0 0 0 0 0 0 0 0 0 0 0 0 0 0 0 0 0 0 0 0 0 0 0 0 0 0 0 0 0 0 0 0 0 0 0 0 0 0 0 0 0 0 0 0 0 0 0 0 0 0 0 0 0 0 0 0 0 0 0 0 0 0 0 0 0 0 0 0 0 0 0 0 0 0 0 0 0 0 0 0 0 0 0 0 0 0 0 0 0 0 0 0 0 0 0 0 0 0 0 0 0 0 0 0 0 0 0 0 0 0 0 0 0 0 0 0 0 0 0 0 0 0 0 0 0 0 0 0 0 0 0 0 0 0 0 0 0 0 0 0 0 0 0 0 0 0 0 0 0 0 0 0 0 0 0 0 0 0 0 0 0 0 0 0 0 0 0 0 0 0 0 0 0 0 0 0 0 0 0 0 0 0 0 0 0 0 0 0 0 0 0 0 0 0 0 0 0 0 0 0 0 0 0 0 0 0 0 0 0 0 0 0 0 0 0 0 0 0 0 0 0 0 0 0 0 0 0 0 0 0 0 0 0 0 0 0 0 0 0 0 0 0 0 0 0 0 0 0 0 0 0 0 0 0 0 0 0 0 0 0 0 0 0 0 0 0 0 0 0 0 0 0 0 0 0 0 0 0 0 0 0 0 0 0 0 0 0 0 0 0 0 0 0 0 0 0 0 0 0 0 0 0 0 0 0 0 0 0 0 0 0 0 0 0 0 0 0 0 0 0 0 0 0 0 0 0 0 0 0 0 0 0 0 0 0 0 0 0 0 0 0 0 0 0 0 0 0 0 0 0 0 0 0 0 0 0 0 0 0 0 0 0 0 0 0 0 0 0 0 0 0 0 0 0 0 0 0 0 0 0 0 0 0 0 0 0 0 0 0 0 0 0 0 0 0 0 0 0 0 0 0 0 0 0 0 0 0 0 0 0 0 0 0 0 0 0 0 0 0 0 0 0 0 0 0 0 0 0 0 0 0 0 0 0 0 0 0 0 0 0 0 0 0 0 0 0 0 0 0 0 0 0 0 0 0 0 0 0 0 0 0 0 0 0 0 0 0 0 0 0 0 0 0 0 0 0 0 0 0 0 0 0 0 0 0 0 0 0 0 0 0 0 0 0 0 0 0 0 0 0 0 0 0 0 0 0 0 0 0 0 0 0 0 0 0 0 0 0 0 0 0 0 0 0 0 0 0 0 0 0 0 0 0 0 0 0 0 0 0 0 0 0 0 0 0 0 0 0 0 0 0 0 0 0 0 0 0 0 0 0 0 0 0 0 0 0 0 0 0 0 0 0 0 0 0 0 0 0 0 0 0 0 0 0 0 0 0 0 0 0 0 0 0 0 0 0 0 0 0 0 0 0 0 0 0 0 0 0 0 0 0 0 0 0 0 0 0 0 0 0 0 0 0 0 0 0 0 0 0 0 0 0 0 0 0 0 0 0 0 0 0 0 0 0 0 0 0 0 0 0 0 0 0 0 0 0 0 0 0 0 0 0 0 0 0 0 0 0 0 0 0 0 0 0 0 0 0 0 0 0 0 0 0 0 0 0 0 0 0 0 0 0 0 0 0 0 0 0 0 0 0 0 0 0 0 0 0 0 0 0 0 0 0 0 0 0 0 0 0 0 0 0 0 0 0 0 0 0 0 0 0 0 0 0 0 0 0 0 0 0 0 0 0 0 0 0 0 0 0 0 0 0 0 0 0 0 0 0 0 0 0 0 0 0 0 0 0 0 0 0 0 0 0 0 0 0 0 0 0 0 0 0 0 0 0 0 0 0 0 0 0 0 0 0 0 0 0 0 0 0 0 0 0 0 0 0 0 0 0 0 0 0 0 0 0 0 0 0 0 0 0 0 0 0 0 0 0 0 0 0 0 0 0 0 0 0 0 0 0 0 0 0 0 0 0 0 0 0 0 0 0 0 0 0 0 0 0 0 0 0 0 0 0 0 0 0 0 0 0 0 0 0 0 0 0 0 0 0 0 0 0 0 0 0 0 0 0 0 0 0 0 0 0 0 0 0 0 0 0 0 0 0 0 0 0 0 0 0 0 0 0 0 0 0 0 0 0 0 0 0 0 0 0 0 0 0 0 0 0 0 0 0 0 0 0 0 0 0 0 0 0 0 0 0 0 0 0 0 0 0 0 0 0 0 0 0 0 0 0 0 0 0 0 0 0 0 0 0 0 0 0 0 0 0 0 0 0 0 0 0 0 0 0 0 0 0 0 0 0 0 0 0 0 0 0 0 0 0 0 0 0 0 0 0 0 0 0 0 0 0 0 0 0 0 0 0 0 0 0 0 0 0 0 0 0 0 0 0 0 0 0 0 0 0 0 0 0 0 0 0 0 0 0 0 0 0 0 0 0 0 0 0 0 0 0 0 0 0 0 0 0 0 0 0 0 0 0 0 0 0 0 0 0 0 0 0 0 0 0 0 0 0 0 0 0 0 0 0 0 0 0 0 0 0 0 0 0 0 0 0 0 0 0 0 0 0 0 0 0 0 0 0 0 0 0 0 0 0 0 0 0 0 0 0 0 0 0 0 0 0 0 0 0 0 0 0 0 0 0 0 0 0 0 0 0 0 0 0 0 0 0 0 0 0 0 0 0 0 0 0 0 0 0 0 0 0 0 0 0 0 0 0 0 0 0 0 0 0 0 0 0 0 0 0 0 0 0 0 0 0 0 0 0 0 0 0 0 0 0 0 0 0 0 0 0 0 0 0 0 0 0 0 0 0 0 0 0 0 0 0 0 0 0 0 0 0 0 0 0 0 0 0 0 0 0 0 0 0 0 0 0 0 0 0 0 0 0 0 0 0 0 0 0 0 0 0 0 0 0 0 0 0 0 0 0 0 0 0 0 0 0 0 0 0 0 0 0 0 0 0 0 0 0 0 0 0 0 0 0 0 0 0 0 0 0 0 0 0 0 0 0 0 0 0 0 0 0 0 0 0 0 0 0 0 0 0 0 0 0 0 0 0 0 0 0 0 0 0 0 0 0 0 0 0 0 0 0 0 0 0 0 0 0 0 0 0 0 0 0 0 0 0 0 0 0 0 0 0 0 0 0 0 0 0 0 0 0 0 0 0 0 0 0 0 0 0 0 0 0 0 0 0 0 0 0 0 0 0 0 0 0 0 0 0 0 0 0 0 0 0 0 0 0 0 0 0 0 0 0 0 0 0 0 0 0 0 0 0 0 0 0 0 0 0 0 0 0 0 0 0 0 0 0 0 0 0 0 0 0 0 0 0 0 0 0 0 0 0 0 0 0 0 0 0 0 0 0 0 0 0 0 0 0 0 0 0 0 0 0 0 0 0 0 0 0 0 0 0 0 0 0 0 0 0 0 0 0 0 0 0 0 0 0 0 0 0 0 0 0 0 0 0 0 0 0 0 0 0 0 0 0 0 0 0 0 0 0 0 0 0 0 0 0 0 0 0 0 0 0 0 0 0 0 0 0 0 0 0 0 0 0 0 0 0 0 0 0 0 0 0 0 0 0 0 0 0 0 0 0 0 0 0 0 0 0 0 0 0 0 0 0 0 0 0 0 0 0 0 0 0 0 0 0 0 0 0 0 0 0 0 0 0 0 0 0 0 0 0 0 0 0 0 0 0 0 0 0 0 0 0 0 0 0 0 0 0 0 0 0 0 0 0 0 0 0 0 0 0 0 0 0 0 0 0 0 0 0 0 0 0 0 0 0 0 0 0 0 0 0 0 0 0 0 0 0 0 0 0 0 0 0 0 0 0 0 0 0 0 0 0 0 0 0 0 0 0 0 0 0 0 0 0 0 0 0 0 0 0 0 0 0 0 0 0 0 0 0 0 0 0 0 0 0 0 0 0 0 0 0 0 0 0 0 0 0 0 0 0 0 0 0 0 0 0 0 0 0 0 0 0 0 0 0 0 0 0 0 0 0 0 0 0 0 0 0 0 0 0 0 0 0 0 0 0 0 0 0 0 0 0 0 0 0 0 0 0 0 0 0 0 0 0 0 0 0 0 0 0 0 0 0 0 0 0 0 0 0 0 0 0 0 0 0 0 0 0 0 0 0 0 0 0 0 0 0 0 0 0 0 0 0 0 0 0 0 0 0 0 0 0 0 0 0 0 0 0 0 0 0 0 0 0 0 0 0 0 0 0 0 0 0 0 0 0 0 0 0 0 0 0 0 0 0 0 0 0 0 0 0 0 0 0 0 0 0 0 0 0 0 0 0 0 0 0 0 0 0 0 0 0 0 0 0 0 0 0 0 0 0 0 0 0 0 0 0 0 0 0 0 0 0 0 0 0 0 0 0 0 0 0 0 0 0 0 0 0 0 0 0 0 0 0 0 0 0 0 0 0 0 0 0 0 0 0 0 0 0 0 0 0 0 0 0 0 0 0 0 0 0 0 0 0 0 0 0 0 0 0 0 0 0 0 0 0 0 0 0 0 0 0 0 0 0 0 0 0 0 0 0 0 
        </DataArray>
        <DataArray type="Float64" Name="Tau2" format="ascii">
0 0 0 0 0 0 0 0 0 0 0 0 0 0 0 0 0 0 0 0 0 0 0 0 0 0 0 0 0 0 0 0 0 0 0 0 0 0 0 0 0 0 0 0 0 0 0 0 0 0 0 0 0 0 0 0 0 0 0 0 0 0 0 0 0 0 0 0 0 0 0 0 0 0 0 0 0 0 0 0 0 0 0 0 0 0 0 0 0 0 0 0 0 0 0 0 0 0 0 0 0 0 0 0 0 0 0 0 0 0 0 0 0 0 0 0 0 0 0 0 0 0 0 0 0 0 0 0 0 0 0 0 0 0 0 0 0 0 0 0 0 0 0 0 0 0 0 0 0 0 0 0 0 0 0 0 0 0 0 0 0 0 0 0 0 0 0 0 0 0 0 0 0 0 0 0 0 0 0 0 0 0 0 0 0 0 0 0 0 0 0 0 0 0 0 0 0 0 0 0 0 0 0 0 0 0 0 0 0 0 0 0 0 0 0 0 0 0 0 0 0 0 0 0 0 0 0 0 0 0 0 0 0 0 0 0 0 0 0 0 0 0 0 0 0 0 0 0 0 0 0 0 0 0 0 0 0 0 0 0 0 0 0 0 0 0 0 0 0 0 0 0 0 0 0 0 0 0 0 0 0 0 0 0 0 0 0 0 0 0 0 0 0 0 0 0 0 0 0 0 0 0 0 0 0 0 0 0 0 0 0 0 0 0 0 0 0 0 0 0 0 0 0 0 0 0 0 0 0 0 0 0 0 0 0 0 0 0 0 0 0 0 0 0 0 0 0 0 0 0 0 0 0 0 0 0 0 0 0 0 0 0 0 0 0 0 0 0 0 0 0 0 0 0 0 0 0 0 0 0 0 0 0 0 0 0 0 0 0 0 0 0 0 0 0 0 0 0 0 0 0 0 0 0 0 0 0 0 0 0 0 0 0 0 0 0 0 0 0 0 0 0 0 0 0 0 0 0 0 0 0 0 0 0 0 0 0 0 0 0 0 0 0 0 0 0 0 0 0 0 0 0 0 0 0 0 0 0 0 0 0 0 0 0 0 0 0 0 0 0 0 0 0 0 0 0 0 0 0 0 0 0 0 0 0 0 0 0 0 0 0 0 0 0 0 0 0 0 0 0 0 0 0 0 0 0 0 0 0 0 0 0 0 0 0 0 0 0 0 0 0 0 0 0 0 0 0 0 0 0 0 0 0 0 0 0 0 0 0 0 0 0 0 0 0 0 0 0 0 0 0 0 0 0 0 0 0 0 0 0 0 0 0 0 0 0 0 0 0 0 0 0 0 0 0 0 0 0 0 0 0 0 0 0 0 0 0 0 0 0 0 0 0 0 0 0 0 0 0 0 0 0 0 0 0 0 0 0 0 0 0 0 0 0 0 0 0 0 0 0 0 0 0 0 0 0 0 0 0 0 0 0 0 0 0 0 0 0 0 0 0 0 0 0 0 0 0 0 0 0 0 0 0 0 0 0 0 0 0 0 0 0 0 0 0 0 0 0 0 0 0 0 0 0 0 0 0 0 0 0 0 0 0 0 0 0 0 0 0 0 0 0 0 0 0 0 0 0 0 0 0 0 0 0 0 0 0 0 0 0 0 0 0 0 0 0 0 0 0 0 0 0 0 0 0 0 0 0 0 0 0 0 0 0 0 0 0 0 0 0 0 0 0 0 0 0 0 0 0 0 0 0 0 0 0 0 0 0 0 0 0 0 0 0 0 0 0 0 0 0 0 0 0 0 0 0 0 0 0 0 0 0 0 0 0 0 0 0 0 0 0 0 0 0 0 0 0 0 0 0 0 0 0 0 0 0 0 0 0 0 0 0 0 0 0 0 0 0 0 0 0 0 0 0 0 0 0 0 0 0 0 0 0 0 0 0 0 0 0 0 0 0 0 0 0 0 0 0 0 0 0 0 0 0 0 0 0 0 0 0 0 0 0 0 0 0 0 0 0 0 0 0 0 0 0 0 0 0 0 0 0 0 0 0 0 0 0 0 0 0 0 0 0 0 0 0 0 0 0 0 0 0 0 0 0 0 0 0 0 0 0 0 0 0 0 0 0 0 0 0 0 0 0 0 0 0 0 0 0 0 0 0 0 0 0 0 0 0 0 0 0 0 0 0 0 0 0 0 0 0 0 0 0 0 0 0 0 0 0 0 0 0 0 0 0 0 0 0 0 0 0 0 0 0 0 0 0 0 0 0 0 0 0 0 0 0 0 0 0 0 0 0 0 0 0 0 0 0 0 0 0 0 0 0 0 0 0 0 0 0 0 0 0 0 0 0 0 0 0 0 0 0 0 0 0 0 0 0 0 0 0 0 0 0 0 0 0 0 0 0 0 0 0 0 0 0 0 0 0 0 0 0 0 0 0 0 0 0 0 0 0 0 0 0 0 0 0 0 0 0 0 0 0 0 0 0 0 0 0 0 0 0 0 0 0 0 0 0 0 0 0 0 0 0 0 0 0 0 0 0 0 0 0 0 0 0 0 0 0 0 0 0 0 0 0 0 0 0 0 0 0 0 0 0 0 0 0 0 0 0 0 0 0 0 0 0 0 0 0 0 0 0 0 0 0 0 0 0 0 0 0 0 0 0 0 0 0 0 0 0 0 0 0 0 0 0 0 0 0 0 0 0 0 0 0 0 0 0 0 0 0 0 0 0 0 0 0 0 0 0 0 0 0 0 0 0 0 0 0 0 0 0 0 0 0 0 0 0 0 0 0 0 0 0 0 0 0 0 0 0 0 0 0 0 0 0 0 0 0 0 0 0 0 0 0 0 0 0 0 0 0 0 0 0 0 0 0 0 0 0 0 0 0 0 0 0 0 0 0 0 0 0 0 0 0 0 0 0 0 0 0 0 0 0 0 0 0 0 0 0 0 0 0 0 0 0 0 0 0 0 0 0 0 0 0 0 0 0 0 0 0 0 0 0 0 0 0 0 0 0 0 0 0 0 0 0 0 0 0 0 0 0 0 0 0 0 0 0 0 0 0 0 0 0 0 0 0 0 0 0 0 0 0 0 0 0 0 0 0 0 0 0 0 0 0 0 0 0 0 0 0 0 0 0 0 0 0 0 0 0 0 0 0 0 0 0 0 0 0 0 0 0 0 0 0 0 0 0 0 0 0 0 0 0 0 0 0 0 0 0 0 0 0 0 0 0 0 0 0 0 0 0 0 0 0 0 0 0 0 0 0 0 0 0 0 0 0 0 0 0 0 0 0 0 0 0 0 0 0 0 0 0 0 0 0 0 0 0 0 0 0 0 0 0 0 0 0 0 0 0 0 0 0 0 0 0 0 0 0 0 0 0 0 0 0 0 0 0 0 0 0 0 0 0 0 0 0 0 0 0 0 0 0 0 0 0 0 0 0 0 0 0 0 0 0 0 0 0 0 0 0 0 0 0 0 0 0 0 0 0 0 0 0 0 0 0 0 0 0 0 0 0 0 0 0 0 0 0 0 0 0 0 0 0 0 0 0 0 0 0 0 0 0 0 0 0 0 0 0 0 0 0 0 0 0 0 0 0 0 0 0 0 0 0 0 0 0 0 0 0 0 0 0 0 0 0 0 0 0 0 0 0 0 0 0 0 0 0 0 0 0 0 0 0 0 0 0 0 0 0 0 0 0 0 0 0 0 0 0 0 0 0 0 0 0 0 0 0 0 0 0 0 0 0 0 0 0 0 0 0 0 0 0 0 0 0 0 0 0 0 0 0 0 0 0 0 0 0 0 0 0 0 0 0 0 0 0 0 0 0 0 0 0 0 0 0 0 0 0 0 0 0 0 0 0 0 0 0 0 0 0 0 0 0 0 0 0 0 0 0 0 0 0 0 0 0 0 0 0 0 0 0 0 0 0 0 0 0 0 0 0 0 0 0 0 0 0 0 0 0 0 0 0 0 0 0 0 0 0 0 0 0 0 0 0 0 0 0 0 0 0 0 0 0 0 0 0 0 0 0 0 0 0 0 0 0 0 0 0 0 0 0 0 0 0 0 0 0 0 0 0 0 0 0 0 0 0 0 0 0 0 0 0 0 0 0 0 0 0 0 0 0 0 0 0 0 0 0 0 0 0 0 0 0 0 0 0 0 0 0 0 0 0 0 0 0 0 0 0 0 0 0 0 0 0 0 0 0 0 0 0 0 0 0 0 0 0 0 0 0 0 0 0 0 0 0 0 0 0 0 0 0 0 0 0 0 0 0 0 0 0 0 0 0 0 0 0 0 0 0 0 0 0 0 0 0 0 0 0 0 0 0 0 0 0 0 0 0 0 0 0 0 0 0 0 0 0 0 0 0 0 0 0 0 0 0 0 0 0 0 0 0 0 0 0 0 0 0 0 0 0 0 0 0 0 0 0 0 0 0 0 0 0 0 0 0 0 0 0 0 0 0 0 0 0 0 0 0 0 0 0 0 0 0 0 0 0 0 0 0 0 0 0 0 0 0 0 0 0 0 0 0 0 0 0 0 0 0 0 0 0 0 0 0 0 0 0 0 0 0 
        </DataArray>
        <DataArray type="Float64" Name="dTdn" format="ascii">
0 0 0 0 0 0 0 0 0 0 0 0 0 0 0 0 0 0 0 0 0 0 0 0 0 0 0 0 0 0 0 0 0 0 0 0 0 0 0 0 0 0 0 0 0 0 0 0 0 0 0 0 0 0 0 0 0 0 0 0 0 0 0 0 0 0 0 0 0 0 0 0 0 0 0 0 0 0 0 0 0 0 0 0 0 0 0 0 0 0 0 0 0 0 0 0 0 0 0 0 0 0 0 0 0 0 0 0 0 0 0 0 0 0 0 0 0 0 0 0 0 0 0 0 0 0 0 0 0 0 0 0 0 0 0 0 0 0 0 0 0 0 0 0 0 0 0 0 0 0 0 0 0 0 0 0 0 0 0 0 0 0 0 0 0 0 0 0 0 0 0 0 0 0 0 0 0 0 0 0 0 0 0 0 0 0 0 0 0 0 0 0 0 0 0 0 0 0 0 0 0 0 0 0 0 0 0 0 0 0 0 0 0 0 0 0 0 0 0 0 0 0 0 0 0 0 0 0 0 0 0 0 0 0 0 0 0 0 0 0 0 0 0 0 0 0 0 0 0 0 0 0 0 0 0 0 0 0 0 0 0 0 0 0 0 0 0 0 0 0 0 0 0 0 0 0 0 0 0 0 0 0 0 0 0 0 0 0 0 0 0 0 0 0 0 0 0 0 0 0 0 0 0 0 0 0 0 0 0 0 0 0 0 0 0 0 0 0 0 0 0 0 0 0 0 0 0 0 0 0 0 0 0 0 0 0 0 0 0 0 0 0 0 0 0 0 0 0 0 0 0 0 0 0 0 0 0 0 0 0 0 0 0 0 0 0 0 0 0 0 0 0 0 0 0 0 0 0 0 0 0 0 0 0 0 0 0 0 0 0 0 0 0 0 0 0 0 0 0 0 0 0 0 0 0 0 0 0 0 0 0 0 0 0 0 0 0 0 0 0 0 0 0 0 0 0 0 0 0 0 0 0 0 0 0 0 0 0 0 0 0 0 0 0 0 0 0 0 0 0 0 0 0 0 0 0 0 0 0 0 0 0 0 0 0 0 0 0 0 0 0 0 0 0 0 0 0 0 0 0 0 0 0 0 0 0 0 0 0 0 0 0 0 0 0 0 0 0 0 0 0 0 0 0 0 0 0 0 0 0 0 0 0 0 0 0 0 0 0 0 0 0 0 0 0 0 0 0 0 0 0 0 0 0 0 0 0 0 0 0 0 0 0 0 0 0 0 0 0 0 0 0 0 0 0 0 0 0 0 0 0 0 0 0 0 0 0 0 0 0 0 0 0 0 0 0 0 0 0 0 0 0 0 0 0 0 0 0 0 0 0 0 0 0 0 0 0 0 0 0 0 0 0 0 0 0 0 0 0 0 0 0 0 0 0 0 0 0 0 0 0 0 0 0 0 0 0 0 0 0 0 0 0 0 0 0 0 0 0 0 0 0 0 0 0 0 0 0 0 0 0 0 0 0 0 0 0 0 0 0 0 0 0 0 0 0 0 0 0 0 0 0 0 0 0 0 0 0 0 0 0 0 0 0 0 0 0 0 0 0 0 0 0 0 0 0 0 0 0 0 0 0 0 0 0 0 0 0 0 0 0 0 0 0 0 0 0 0 0 0 0 0 0 0 0 0 0 0 0 0 0 0 0 0 0 0 0 0 0 0 0 0 0 0 0 0 0 0 0 0 0 0 0 0 0 0 0 0 0 0 0 0 0 0 0 0 0 0 0 0 0 0 0 0 0 0 0 0 0 0 0 0 0 0 0 0 0 0 0 0 0 0 0 0 0 0 0 0 0 0 0 0 0 0 0 0 0 0 0 0 0 0 0 0 0 0 0 0 0 0 0 0 0 0 0 0 0 0 0 0 0 0 0 0 0 0 0 0 0 0 0 0 0 0 0 0 0 0 0 0 0 0 0 0 0 0 0 0 0 0 0 0 0 0 0 0 0 0 0 0 0 0 0 0 0 0 0 0 0 0 0 0 0 0 0 0 0 0 0 0 0 0 0 0 0 0 0 0 0 0 0 0 0 0 0 0 0 0 0 0 0 0 0 0 0 0 0 0 0 0 0 0 0 0 0 0 0 0 0 0 0 0 0 0 0 0 0 0 0 0 0 0 0 0 0 0 0 0 0 0 0 0 0 0 0 0 0 0 0 0 0 0 0 0 0 0 0 0 0 0 0 0 0 0 0 0 0 0 0 0 0 0 0 0 0 0 0 0 0 0 0 0 0 0 0 0 0 0 0 0 0 0 0 0 0 0 0 0 0 0 0 0 0 0 0 0 0 0 0 0 0 0 0 0 0 0 0 0 0 0 0 0 0 0 0 0 0 0 0 0 0 0 0 0 0 0 0 0 0 0 0 0 0 0 0 0 0 0 0 0 0 0 0 0 0 0 0 0 0 0 0 0 0 0 0 0 0 0 0 0 0 0 0 0 0 0 0 0 0 0 0 0 0 0 0 0 0 0 0 0 0 0 0 0 0 0 0 0 0 0 0 0 0 0 0 0 0 0 0 0 0 0 0 0 0 0 0 0 0 0 0 0 0 0 0 0 0 0 0 0 0 0 0 0 0 0 0 0 0 0 0 0 0 0 0 0 0 0 0 0 0 0 0 0 0 0 0 0 0 0 0 0 0 0 0 0 0 0 0 0 0 0 0 0 0 0 0 0 0 0 0 0 0 0 0 0 0 0 0 0 0 0 0 0 0 0 0 0 0 0 0 0 0 0 0 0 0 0 0 0 0 0 0 0 0 0 0 0 0 0 0 0 0 0 0 0 0 0 0 0 0 0 0 0 0 0 0 0 0 0 0 0 0 0 0 0 0 0 0 0 0 0 0 0 0 0 0 0 0 0 0 0 0 0 0 0 0 0 0 0 0 0 0 0 0 0 0 0 0 0 0 0 0 0 0 0 0 0 0 0 0 0 0 0 0 0 0 0 0 0 0 0 0 0 0 0 0 0 0 0 0 0 0 0 0 0 0 0 0 0 0 0 0 0 0 0 0 0 0 0 0 0 0 0 0 0 0 0 0 0 0 0 0 0 0 0 0 0 0 0 0 0 0 0 0 0 0 0 0 0 0 0 0 0 0 0 0 0 0 0 0 0 0 0 0 0 0 0 0 0 0 0 0 0 0 0 0 0 0 0 0 0 0 0 0 0 0 0 0 0 0 0 0 0 0 0 0 0 0 0 0 0 0 0 0 0 0 0 0 0 0 0 0 0 0 0 0 0 0 0 0 0 0 0 0 0 0 0 0 0 0 0 0 0 0 0 0 0 0 0 0 0 0 0 0 0 0 0 0 0 0 0 0 0 0 0 0 0 0 0 0 0 0 0 0 0 0 0 0 0 0 0 0 0 0 0 0 0 0 0 0 0 0 0 0 0 0 0 0 0 0 0 0 0 0 0 0 0 0 0 0 0 0 0 0 0 0 0 0 0 0 0 0 0 0 0 0 0 0 0 0 0 0 0 0 0 0 0 0 0 0 0 0 0 0 0 0 0 0 0 0 0 0 0 0 0 0 0 0 0 0 0 0 0 0 0 0 0 0 0 0 0 0 0 0 0 0 0 0 0 0 0 0 0 0 0 0 0 0 0 0 0 0 0 0 0 0 0 0 0 0 0 0 0 0 0 0 0 0 0 0 0 0 0 0 0 0 0 0 0 0 0 0 0 0 0 0 0 0 0 0 0 0 0 0 0 0 0 0 0 0 0 0 0 0 0 0 0 0 0 0 0 0 0 0 0 0 0 0 0 0 0 0 0 0 0 0 0 0 0 0 0 0 0 0 0 0 0 0 0 0 0 0 0 0 0 0 0 0 0 0 0 0 0 0 0 0 0 0 0 0 0 0 0 0 0 0 0 0 0 0 0 0 0 0 0 0 0 0 0 0 0 0 0 0 0 0 0 0 0 0 0 0 0 0 0 0 0 0 0 0 0 0 0 0 0 0 0 0 0 0 0 0 0 0 0 0 0 0 0 0 0 0 0 0 0 0 0 0 0 0 0 0 0 0 0 0 0 0 0 0 0 0 0 0 0 0 0 0 0 0 0 0 0 0 0 0 0 0 0 0 0 0 0 0 0 0 0 0 0 0 0 0 0 0 0 0 0 0 0 0 0 0 0 0 0 0 0 0 0 0 0 0 0 0 0 0 0 0 0 0 0 0 0 0 0 0 0 0 0 0 0 0 0 0 0 0 0 0 0 0 0 0 0 0 0 0 0 0 0 0 0 0 0 0 0 0 0 0 0 0 0 0 0 0 0 0 0 0 0 0 0 0 0 0 0 0 0 0 0 0 0 0 0 0 0 0 0 0 0 0 0 0 0 0 0 0 0 0 0 0 0 0 0 0 0 0 0 0 0 0 0 0 0 0 0 0 0 0 0 0 0 0 0 0 0 0 0 0 0 0 0 0 0 0 0 0 0 0 0 0 0 0 0 0 0 0 0 0 0 0 0 0 0 0 0 0 0 0 0 0 0 0 0 0 0 0 0 0 0 
        </DataArray>
        <DataArray type="Int32" Name="Rank" format="ascii">
2 2 2 2 2 2 2 2 2 2 2 2 2 2 2 2 2 2 2 2 2 2 2 2 2 2 2 2 2 2 2 2 2 2 2 2 2 2 2 2 2 2 2 2 2 2 2 2 2 2 2 2 2 2 2 2 2 2 2 2 2 2 2 2 2 2 2 2 2 2 2 2 2 2 2 2 2 2 2 2 2 2 2 2 2 2 2 2 2 2 2 2 2 2 2 2 2 2 2 2 2 2 2 2 2 2 2 2 2 2 2 2 2 2 2 2 2 2 2 2 2 2 2 2 2 2 2 2 2 2 2 2 2 2 2 2 2 2 2 2 2 2 2 2 2 2 2 2 2 2 2 2 2 2 2 2 2 2 2 2 2 2 2 2 2 2 2 7 7 7 7 7 7 7 7 7 7 7 7 7 7 7 7 7 7 7 7 7 7 7 7 7 7 7 7 7 7 7 7 7 7 7 7 7 7 7 7 7 7 7 7 7 7 7 7 7 7 7 7 7 7 7 7 7 7 7 7 7 7 7 7 7 7 7 7 7 7 7 7 7 7 7 7 7 7 7 7 7 7 7 7 7 7 7 7 7 7 7 7 7 7 7 7 7 7 7 7 7 7 7 7 7 7 7 7 7 7 7 7 7 7 7 7 7 7 7 7 7 7 7 7 7 7 7 7 7 7 7 7 7 7 7 2 2 2 2 2 2 2 2 2 2 2 2 2 2 2 2 2 2 2 2 2 2 2 2 2 2 2 2 2 2 2 2 2 2 2 2 2 2 2 2 2 2 2 2 2 2 2 2 7 7 7 7 7 7 7 7 7 7 7 2 2 2 2 2 2 2 2 2 2 2 2 2 2 2 2 2 2 2 2 2 2 2 2 2 2 2 2 2 2 2 2 2 2 2 2 2 2 2 2 2 2 2 2 2 2 2 2 2 2 2 2 2 2 2 2 2 2 2 7 7 7 7 7 7 7 7 7 7 7 7 7 7 7 7 7 7 7 7 2 2 2 2 2 2 2 2 2 2 2 2 2 2 2 2 2 2 2 2 2 2 2 2 2 2 2 2 2 2 2 2 2 2 2 2 2 2 2 2 2 2 2 2 2 2 2 2 2 2 2 2 2 2 2 2 2 2 2 2 2 2 2 2 2 2 2 2 2 2 2 2 2 2 2 2 2 2 2 2 2 2 2 2 2 2 2 2 2 2 2 2 2 2 2 2 2 2 2 2 2 2 2 2 2 2 2 2 2 2 2 2 2 2 2 2 2 2 2 2 2 2 2 2 2 2 2 2 2 2 2 2 2 2 2 2 2 2 2 2 2 2 2 2 2 2 2 2 2 2 2 2 2 2 2 2 2 2 2 2 2 2 2 2 2 2 2 2 2 2 2 2 2 2 2 2 2 2 2 2 2 2 2 2 2 2 2 2 2 2 2 2 2 2 2 2 2 2 2 2 2 2 2 2 2 2 2 2 2 2 2 2 2 2 2 2 2 2 2 2 2 2 2 2 2 2 2 2 2 2 2 2 2 2 2 2 2 2 2 2 2 2 2 2 2 2 2 2 2 2 2 2 2 2 2 2 2 2 2 2 2 2 2 2 2 2 2 2 2 2 2 2 2 2 2 2 2 2 2 2 2 2 2 2 2 2 2 2 2 2 2 2 2 2 2 2 2 2 2 2 2 2 2 2 2 2 2 2 2 2 2 2 2 2 2 2 2 2 2 2 2 2 2 2 2 2 2 2 2 2 2 2 2 2 2 2 2 2 2 2 2 2 2 2 2 2 2 2 2 2 2 2 2 2 2 2 2 2 2 2 2 2 2 2 2 2 2 2 2 2 2 2 2 2 2 2 2 2 2 2 2 2 2 2 2 2 2 2 2 2 2 2 2 2 2 2 2 2 2 2 2 2 2 2 2 2 2 2 2 2 2 2 2 2 2 2 2 2 2 2 2 2 2 2 2 2 2 2 2 2 2 2 2 2 2 2 2 2 2 2 2 2 2 2 2 2 2 2 2 2 2 2 2 2 2 2 2 2 2 2 2 2 2 2 2 2 2 2 2 2 2 2 2 2 2 2 2 2 2 2 2 2 2 2 2 2 2 2 2 2 2 2 2 2 2 2 2 2 2 2 2 2 2 2 2 2 2 2 2 2 2 2 2 2 2 2 2 2 2 2 2 2 2 2 2 2 2 2 2 2 2 2 2 2 2 2 2 2 2 2 2 2 2 2 2 2 2 2 2 2 2 2 2 2 2 2 2 2 2 2 2 2 2 2 2 2 2 2 2 2 2 2 2 2 2 2 2 2 2 2 2 2 2 2 2 2 2 2 2 2 2 2 2 2 2 2 2 2 2 2 2 2 2 2 2 2 2 2 2 2 2 2 2 2 2 2 2 2 2 2 2 2 2 2 2 2 2 2 2 2 2 2 2 2 2 2 2 2 2 2 2 2 2 2 2 2 2 2 2 2 2 2 2 2 2 2 2 2 2 2 2 2 2 2 2 2 2 2 2 2 2 2 2 2 2 2 2 6 6 6 6 6 6 6 6 6 6 6 6 6 6 6 6 6 6 6 6 6 6 6 6 6 6 6 6 6 6 6 6 6 6 6 6 6 6 6 6 6 6 6 6 6 6 6 6 6 6 6 6 6 6 6 6 6 6 6 6 6 6 6 6 6 6 6 6 6 6 6 6 6 6 6 6 6 6 6 6 6 6 6 6 6 6 6 6 6 6 6 6 6 6 6 6 6 6 6 6 6 6 6 6 6 6 6 6 6 6 6 6 6 6 6 6 6 6 6 6 6 6 6 6 6 6 6 6 6 6 6 6 6 6 6 6 6 6 6 6 6 6 6 6 6 6 6 6 6 6 6 6 6 6 6 6 6 6 6 6 6 6 6 6 6 6 6 6 6 6 6 6 6 6 6 6 6 6 6 6 6 6 6 6 6 6 6 6 6 6 6 6 6 6 6 6 6 6 6 6 6 6 6 6 6 6 6 6 6 6 6 6 6 6 6 6 6 6 6 6 6 6 6 6 6 6 6 6 6 6 6 6 6 6 6 6 6 6 6 6 6 6 6 6 6 6 6 6 6 6 6 6 6 6 6 6 6 6 6 6 6 6 6 6 6 6 6 6 6 6 6 6 6 6 6 6 6 6 6 6 6 6 6 6 6 6 6 6 6 6 6 6 6 6 6 6 6 6 6 6 6 6 6 6 6 6 6 6 6 6 6 6 6 6 6 6 6 6 6 6 6 6 6 6 6 6 6 6 6 6 6 6 6 6 6 6 6 6 6 6 6 6 6 6 6 6 6 6 6 6 6 6 6 6 6 6 6 6 6 6 6 6 6 6 6 6 6 6 6 6 6 6 6 6 6 6 6 6 6 6 6 6 6 6 6 6 6 6 6 6 6 6 6 6 6 6 6 6 6 6 6 6 6 6 6 6 6 6 6 6 6 6 6 6 6 6 6 6 6 6 6 6 6 6 6 6 6 6 6 6 6 6 6 6 6 6 6 6 6 6 6 6 6 6 6 6 6 6 6 6 6 6 6 6 6 6 6 6 6 6 6 6 6 6 6 6 6 6 6 6 6 6 6 6 6 6 6 6 6 6 6 6 6 6 6 6 6 6 6 6 6 6 6 6 6 6 6 6 6 6 6 6 6 6 6 6 6 6 6 6 6 6 6 6 6 6 6 6 6 6 6 6 6 6 6 6 6 6 6 6 6 6 6 6 6 6 6 6 6 6 6 6 6 6 6 6 6 6 6 6 2 2 2 2 2 2 2 2 2 2 2 2 2 2 2 2 2 2 2 2 2 2 2 2 2 2 2 2 2 2 2 2 2 2 2 2 2 2 2 2 2 2 2 2 2 2 2 2 2 2 2 2 2 2 2 2 2 2 2 2 2 2 2 2 2 2 2 2 2 2 2 2 2 2 2 2 2 2 2 2 2 2 2 2 2 2 2 2 2 2 2 2 2 2 2 2 2 2 2 2 2 2 2 2 2 2 2 2 2 2 2 2 2 2 2 2 2 2 2 2 2 2 2 2 2 2 2 2 2 2 2 2 2 2 2 2 2 2 2 2 2 2 2 2 2 2 2 2 2 2 2 2 2 2 2 2 2 2 2 2 2 2 2 2 2 2 2 2 2 2 2 2 2 2 2 2 2 2 2 2 2 2 2 2 2 2 2 2 2 2 2 2 2 2 2 2 2 2 2 2 2 2 2 2 2 2 2 2 2 2 2 2 2 2 2 2 2 2 2 2 2 2 2 2 2 2 2 2 2 2 2 2 2 2 2 2 2 2 2 2 2 2 2 2 2 2 2 2 2 2 2 2 2 2 2 2 2 2 2 2 2 2 2 2 2 2 2 2 2 2 2 2 2 2 2 2 2 2 2 2 2 2 2 2 2 2 2 2 2 2 2 2 2 2 2 2 2 2 2 2 2 2 2 2 2 2 2 2 2 2 2 2 2 2 2 2 2 2 2 2 2 2 2 2 2 2 2 2 2 2 2 2 2 
        </DataArray>
        <DataArray type="Int32" Name="Level" format="ascii">
4 4 4 4 4 4 4 4 4 4 4 4 4 4 4 4 4 4 4 4 4 4 4 4 4 4 4 4 4 4 4 4 4 4 4 4 4 4 4 4 4 4 4 4 4 4 4 4 4 4 4 4 4 4 4 4 4 4 4 4 4 4 4 4 4 4 4 4 4 4 4 4 4 4 4 4 4 4 4 4 4 4 4 4 4 4 4 4 4 4 4 4 4 4 4 4 4 4 4 4 4 4 4 4 4 4 4 4 4 4 4 4 4 4 4 4 4 4 4 4 4 4 4 4 4 4 4 4 4 4 4 4 4 4 4 4 4 4 4 4 4 4 4 4 4 4 4 4 4 4 4 4 4 4 4 4 4 4 4 4 4 4 4 4 4 4 4 4 4 4 4 4 4 4 4 4 4 4 4 4 4 4 4 4 4 4 4 4 4 4 4 4 4 4 4 4 4 4 4 4 4 4 4 4 4 4 4 4 4 4 4 4 4 4 4 4 4 4 4 4 4 4 4 4 4 4 4 4 4 4 4 4 4 4 4 4 4 4 4 4 4 4 4 4 4 4 4 4 4 4 4 4 4 4 4 4 4 4 4 4 4 4 4 4 4 4 4 4 4 4 4 4 4 4 4 4 4 4 4 4 4 4 4 4 4 4 4 4 4 4 4 4 4 4 4 4 4 4 4 4 4 4 4 4 4 4 4 4 4 4 4 4 4 4 4 4 4 4 4 4 4 4 4 4 4 4 4 4 4 4 4 4 4 4 4 4 4 4 4 4 4 4 4 4 4 4 4 4 4 4 4 4 4 4 4 4 4 4 4 4 4 4 4 4 4 4 4 4 4 4 4 4 4 4 4 4 4 4 4 4 4 4 4 4 4 4 4 4 4 4 4 4 4 4 4 4 4 4 4 4 4 4 4 4 4 4 4 4 4 4 4 4 4 4 4 4 4 4 4 4 4 4 4 4 4 4 4 4 4 4 4 4 4 4 4 4 4 4 4 4 4 4 4 4 4 4 4 4 4 4 4 4 4 4 4 4 4 4 4 4 4 4 4 4 4 4 4 4 4 4 4 4 4 4 4 4 4 4 4 4 4 4 4 4 4 4 4 4 4 4 4 4 4 4 4 4 4 4 4 4 4 4 4 4 4 4 4 4 4 4 4 4 4 4 4 4 4 4 4 4 4 4 4 4 4 4 4 4 4 4 4 4 4 4 4 4 4 4 4 4 4 4 4 4 4 4 4 4 4 4 4 4 4 4 4 4 4 4 4 4 4 4 4 4 4 4 4 4 4 4 4 4 4 4 4 4 4 4 4 4 4 4 4 4 4 4 4 4 4 4 4 4 4 4 4 4 4 4 4 4 4 4 4 4 4 4 4 4 4 4 4 4 4 4 4 4 4 4 4 4 4 4 4 4 4 4 4 4 4 4 4 4 4 4 4 4 4 4 4 4 4 4 4 4 4 4 4 4 4 4 4 4 4 4 4 4 4 4 4 4 4 4 4 4 4 4 4 4 4 4 4 4 4 4 4 4 4 4 4 4 4 4 4 4 4 4 4 4 4 4 4 4 4 4 4 4 4 4 4 4 4 4 4 4 4 4 4 4 4 4 4 4 4 4 4 4 4 4 4 4 4 4 4 4 4 4 4 4 4 4 4 4 4 4 4 4 4 4 4 4 4 4 4 4 4 4 4 4 4 4 4 4 4 4 4 4 4 4 4 4 4 4 4 4 4 4 4 4 4 4 4 4 4 4 4 4 4 4 4 4 4 4 4 4 4 4 4 4 4 4 4 4 4 4 4 4 4 4 4 4 4 4 4 4 4 4 4 4 4 4 4 4 4 4 4 4 4 4 4 4 4 4 4 4 4 4 4 4 4 4 4 4 4 4 4 4 4 4 4 4 4 4 4 4 4 4 4 4 4 4 4 4 4 4 4 4 4 4 4 4 4 4 4 4 4 4 4 4 4 4 4 4 4 4 4 4 4 4 4 4 4 4 4 4 4 4 4 4 4 4 4 4 4 4 4 4 4 4 4 4 4 4 4 4 4 4 4 4 4 4 4 4 4 4 4 4 4 4 4 4 4 4 4 4 4 4 4 4 4 4 4 4 4 4 4 4 4 4 4 4 4 4 4 4 4 4 4 4 4 4 4 4 4 4 4 4 4 4 4 4 4 4 4 4 4 4 4 4 4 4 4 4 4 4 4 4 4 4 4 4 4 4 4 4 4 4 4 4 4 4 4 4 4 4 4 4 4 4 4 4 4 4 4 4 4 4 4 4 4 4 4 4 4 4 4 4 4 4 4 4 4 4 4 4 4 4 4 4 4 4 4 4 4 4 4 4 4 4 4 4 4 4 4 4 4 4 4 4 4 4 4 4 4 4 4 4 4 4 4 4 4 4 4 4 4 4 4 4 4 4 4 4 4 4 4 4 4 4 4 4 4 4 4 4 4 4 4 4 4 4 4 4 4 4 4 4 4 4 4 4 4 4 4 4 4 4 4 4 4 4 4 4 4 4 4 4 4 4 4 4 4 4 4 4 4 4 4 4 4 4 4 4 4 4 4 4 4 4 4 4 4 4 4 4 4 4 4 4 4 4 4 4 4 4 4 4 4 4 4 4 4 4 4 4 4 4 4 4 4 4 4 4 4 4 4 4 4 4 4 4 4 4 4 4 4 4 4 4 4 4 4 4 4 4 4 4 4 4 4 4 4 4 4 4 4 4 4 4 4 4 4 4 4 4 4 4 4 4 4 4 4 4 4 4 4 4 4 4 4 4 4 4 4 4 4 4 4 4 4 4 4 4 4 4 4 4 4 4 4 4 4 4 4 4 4 4 4 4 4 4 4 4 4 4 4 4 4 4 4 4 4 4 4 4 4 4 4 4 4 4 4 4 4 4 4 4 4 4 4 4 4 4 4 4 4 4 4 4 4 4 4 4 4 4 4 4 4 4 4 4 4 4 4 4 4 4 4 4 4 4 4 4 4 4 4 4 4 4 4 4 4 4 4 4 4 4 4 4 4 4 4 4 4 4 4 4 4 4 4 4 4 4 4 4 4 4 4 4 4 4 4 4 4 4 4 4 4 4 4 4 4 4 4 4 4 4 4 4 4 4 4 4 4 4 4 4 4 4 4 4 4 4 4 4 4 4 4 4 4 4 4 4 4 4 4 4 4 4 4 4 4 4 4 4 4 4 4 4 4 4 4 4 4 4 4 4 4 4 4 4 4 4 4 4 4 4 4 4 4 4 4 4 4 4 4 4 4 4 4 4 4 4 4 4 4 4 4 4 4 4 4 4 4 4 4 4 4 4 4 4 4 4 4 4 4 4 4 4 4 4 4 4 4 4 4 4 4 4 4 4 4 4 4 4 4 4 4 4 4 4 4 4 4 4 4 4 4 4 4 4 4 4 4 4 4 4 4 4 4 4 4 4 4 4 4 4 4 4 4 4 4 4 4 4 4 4 4 4 4 4 4 4 4 4 4 4 4 4 4 4 4 4 4 4 4 4 4 4 4 4 4 4 4 4 4 4 4 4 4 4 4 4 4 4 4 4 4 4 4 4 4 4 4 4 4 4 4 4 4 4 4 4 4 4 4 4 4 4 4 4 4 4 4 4 4 4 4 4 4 4 4 4 4 4 4 4 4 4 4 4 4 4 4 4 4 4 4 4 4 4 4 4 4 4 4 4 4 4 4 4 4 4 4 4 4 4 4 4 4 4 4 4 4 4 4 4 4 4 4 4 4 4 4 4 4 4 4 4 4 4 4 4 4 4 4 4 4 4 4 4 4 4 4 4 4 4 4 4 4 4 4 4 4 4 4 4 4 4 4 4 4 4 4 4 4 4 4 4 4 4 4 4 4 4 4 4 4 4 4 4 4 4 4 4 4 4 4 4 4 4 4 4 4 4 4 4 4 4 4 4 4 4 4 4 4 4 4 4 4 4 4 4 4 4 4 4 4 4 4 4 4 4 4 4 4 4 4 4 4 4 4 4 4 4 4 4 4 4 4 4 4 4 4 4 4 4 4 4 4 4 4 4 4 4 4 4 4 4 4 4 4 4 4 4 4 4 4 4 4 4 4 4 4 4 4 4 4 4 4 4 4 4 4 4 4 4 4 4 4 4 4 4 4 4 4 4 4 4 4 4 4 4 4 4 4 4 4 4 4 4 4 4 4 4 4 4 4 4 4 4 4 4 4 4 4 4 4 4 4 4 4 4 4 4 4 4 4 4 4 4 4 4 4 4 4 4 4 4 4 4 4 4 4 4 4 4 4 4 4 4 4 4 4 4 4 4 4 4 4 4 4 4 4 4 4 4 4 4 4 4 4 4 4 4 4 4 4 4 4 4 4 4 4 4 4 4 4 4 4 4 4 4 4 4 4 4 4 4 4 4 4 4 4 4 4 4 4 4 4 4 4 4 4 4 4 4 4 4 4 4 4 4 4 4 4 4 4 4 4 4 4 4 4 4 4 4 4 4 4 4 4 4 4 4 4 4 4 4 4 4 
        </DataArray>
        <DataArray type="Int32" Name="N_Interp_IP0" format="ascii">
4 4 4 4 4 4 4 4 4 4 4 4 4 4 4 4 4 4 4 4 4 4 4 4 4 4 4 4 4 4 4 4 4 4 4 4 4 4 4 4 4 4 4 4 4 4 4 4 4 4 4 4 4 4 4 4 4 4 4 4 4 4 4 4 4 4 4 4 4 4 4 4 4 4 4 4 4 4 4 4 4 4 4 4 4 4 4 4 4 4 4 4 4 4 4 4 4 4 4 4 4 4 4 4 4 4 4 4 4 4 4 4 4 4 4 4 4 4 4 4 4 4 4 4 4 4 4 4 4 4 4 4 4 4 4 4 4 4 4 4 4 4 4 4 4 4 4 4 4 4 4 4 4 4 4 4 4 4 4 4 4 4 4 4 4 4 4 4 4 4 4 4 4 4 4 4 4 4 4 4 4 4 4 4 4 4 4 4 4 4 4 4 4 4 4 4 4 4 4 4 4 4 4 4 4 4 4 4 4 4 4 4 4 4 4 4 4 4 4 4 4 4 4 4 4 4 4 4 4 4 4 4 4 4 4 4 4 4 4 4 4 4 4 4 4 4 4 4 4 4 4 4 4 4 4 4 4 4 4 4 4 4 4 4 4 4 4 4 4 4 4 4 4 4 4 4 4 4 4 4 4 4 4 4 4 4 4 4 4 4 4 4 4 4 4 4 4 4 4 4 4 4 4 4 4 4 4 4 4 4 4 4 4 4 4 4 4 4 4 4 4 4 4 4 4 4 4 4 4 4 4 4 4 4 4 4 4 4 4 4 4 4 4 4 4 4 4 4 4 4 4 4 4 4 4 4 4 4 4 4 4 4 4 4 4 4 4 4 4 4 4 4 4 4 4 4 4 4 4 4 4 4 4 4 4 4 4 4 4 4 4 4 4 4 4 4 4 4 4 4 4 4 4 4 4 4 4 4 4 4 4 4 4 4 4 4 4 4 4 4 4 4 4 4 4 4 4 4 4 4 4 4 4 4 4 4 4 4 4 4 4 4 4 4 4 4 4 4 4 4 4 4 4 4 4 4 4 4 4 4 4 4 4 4 4 4 4 4 4 4 4 4 4 4 4 4 4 4 4 4 4 4 4 4 4 4 4 4 4 4 4 4 4 4 4 4 4 4 4 4 4 4 4 4 4 4 4 4 4 4 4 4 4 4 4 4 4 4 4 4 4 4 4 4 4 4 4 4 4 4 4 4 4 4 4 4 4 4 4 4 4 4 4 4 4 4 4 4 4 4 4 4 4 4 4 4 4 4 4 4 4 4 4 4 4 4 4 4 4 4 4 4 4 4 4 4 4 4 4 4 4 4 4 4 4 4 4 4 4 4 4 4 4 4 4 4 4 4 4 4 4 4 4 4 4 4 4 4 4 4 4 4 4 4 4 4 4 4 4 4 4 4 4 4 4 4 4 4 4 4 4 4 4 4 4 4 4 4 4 4 4 4 4 4 4 4 4 4 4 4 4 4 4 4 4 4 4 4 4 4 4 4 4 4 4 4 4 4 4 4 4 4 4 4 4 4 4 4 4 4 4 4 4 4 4 4 4 4 4 4 4 4 4 4 4 4 4 4 4 4 4 4 4 4 4 4 4 4 4 4 4 4 4 4 4 4 4 4 4 4 4 4 4 4 4 4 4 4 4 4 4 4 4 4 4 4 4 4 4 4 4 4 4 4 4 4 4 4 4 4 4 4 4 4 4 4 4 4 4 4 4 4 4 4 4 4 4 4 4 4 4 4 4 4 4 4 4 4 4 4 4 4 4 4 4 4 4 4 4 4 4 4 4 4 4 4 4 4 4 4 4 4 4 4 4 4 4 4 4 4 4 4 4 4 4 4 4 4 4 4 4 4 4 4 4 4 4 4 4 4 4 4 4 4 4 4 4 4 4 4 4 4 4 4 4 4 4 4 4 4 4 4 4 4 4 4 4 4 4 4 4 4 4 4 4 4 4 4 4 4 4 4 4 4 4 4 4 4 4 4 4 4 4 4 4 4 4 4 4 4 4 4 4 4 4 4 4 4 4 4 4 4 4 4 4 4 4 4 4 4 4 4 4 4 4 4 4 4 4 4 4 4 4 4 4 4 4 4 4 4 4 4 4 4 4 4 4 4 4 4 4 4 4 4 4 4 4 4 4 4 4 4 4 4 4 4 4 4 4 4 4 4 4 4 4 4 4 4 4 4 4 4 4 4 4 4 4 4 4 4 4 4 4 4 4 4 4 4 4 4 4 4 4 4 4 4 4 4 4 4 4 4 4 4 4 4 4 4 4 4 4 4 4 4 4 4 4 4 4 4 4 4 4 4 4 4 4 4 4 4 4 4 4 4 4 4 4 4 4 4 4 4 4 4 4 4 4 4 4 4 4 4 4 4 4 4 4 4 4 4 4 4 4 4 4 4 4 4 4 4 4 4 4 4 4 4 4 4 4 4 4 4 4 4 4 4 4 4 4 4 4 4 4 4 4 4 4 4 4 4 4 4 4 4 4 4 4 4 4 4 4 4 4 4 4 4 4 4 4 4 4 4 4 4 4 4 4 4 4 4 4 4 4 4 4 4 4 4 4 4 4 4 4 4 4 4 4 4 4 4 4 4 4 4 4 4 4 4 4 4 4 4 4 4 4 4 4 4 4 4 4 4 4 4 4 4 4 4 4 4 4 4 4 4 4 4 4 4 4 4 4 4 4 4 4 4 4 4 4 4 4 4 4 4 4 4 4 4 4 4 4 4 4 4 4 4 4 4 4 4 4 4 4 4 4 4 4 4 4 4 4 4 4 4 4 4 4 4 4 4 4 4 4 4 4 4 4 4 4 4 4 4 4 4 4 4 4 4 4 4 4 4 4 4 4 4 4 4 4 4 4 4 4 4 4 4 4 4 4 4 4 4 4 4 4 4 4 4 4 4 4 4 4 4 4 4 4 4 4 4 4 4 4 4 4 4 4 4 4 4 4 4 4 4 4 4 4 4 4 4 4 4 4 4 4 4 4 4 4 4 4 4 4 4 4 4 4 4 4 4 4 4 4 4 4 4 4 4 4 4 4 4 4 4 4 4 4 4 4 4 4 4 4 4 4 4 4 4 4 4 4 4 4 4 4 4 4 4 4 4 4 4 4 4 4 4 4 4 4 4 4 4 4 4 4 4 4 4 4 4 4 4 4 4 4 4 4 4 4 4 4 4 4 4 4 4 4 4 4 4 4 4 4 4 4 4 4 4 4 4 4 4 4 4 4 4 4 4 4 4 4 4 4 4 4 4 4 4 4 4 4 4 4 4 4 4 4 4 4 4 4 4 4 4 4 4 4 4 4 4 4 4 4 4 4 4 4 4 4 4 4 4 4 4 4 4 4 4 4 4 4 4 4 4 4 4 4 4 4 4 4 4 4 4 4 4 4 4 4 4 4 4 4 4 4 4 4 4 4 4 4 4 4 4 4 4 4 4 4 4 4 4 4 4 4 4 4 4 4 4 4 4 4 4 4 4 4 4 4 4 4 4 4 4 4 4 4 4 4 4 4 4 4 4 4 4 4 4 4 4 4 4 4 4 4 4 4 4 4 4 4 4 4 4 4 4 4 4 4 4 4 4 4 4 4 4 4 4 4 4 4 4 4 4 4 4 4 4 4 4 4 4 4 4 4 4 4 4 4 4 4 4 4 4 4 4 4 4 4 4 4 4 4 4 4 4 4 4 4 4 4 4 4 4 4 4 4 4 4 4 4 4 4 4 4 4 4 4 4 4 4 4 4 4 4 4 4 4 4 4 4 4 4 4 4 4 4 4 4 4 4 4 4 4 4 4 4 4 4 4 4 4 4 4 4 4 4 4 4 4 4 4 4 4 4 4 4 4 4 4 4 4 4 4 4 4 4 4 4 4 4 4 4 4 4 4 4 4 4 4 4 4 4 4 4 4 4 4 4 4 4 4 4 4 4 4 4 4 4 4 4 4 4 4 4 4 4 4 4 4 4 4 4 4 4 4 4 4 4 4 4 4 4 4 4 4 4 4 4 4 4 4 4 4 4 4 4 4 4 4 4 4 4 4 4 4 4 4 4 4 4 4 4 4 4 4 4 4 4 4 4 4 4 4 4 4 4 4 4 4 4 4 4 4 4 4 4 4 4 4 4 4 4 4 4 4 4 4 4 4 4 4 4 4 4 4 4 4 4 4 4 4 4 4 4 4 4 4 4 4 4 4 4 4 4 4 4 4 4 4 4 4 4 4 4 4 4 4 4 4 4 4 4 4 4 4 4 4 4 4 4 4 4 4 4 4 4 4 4 4 4 4 4 4 4 4 4 4 4 4 4 4 4 4 4 4 4 4 4 4 4 4 4 4 4 4 4 4 4 4 4 4 4 4 4 4 4 4 4 4 4 4 4 4 4 4 4 4 4 4 4 4 4 4 4 4 4 4 4 4 4 4 4 4 4 4 4 4 4 4 4 4 4 4 4 4 4 4 4 4 4 4 4 4 4 4 4 4 4 4 4 4 4 4 4 4 4 4 4 4 
        </DataArray>
      </CellData>
    </Piece>
  </PolyData>
</VTKFile>
