<?xml version="1.0"?>
<VTKFile type="PolyData" version="1.0" byte_order="LittleEndian" header_type="UInt64">
  <PolyData>
    <Piece NumberOfPoints="2000" NumberOfPolys="2000">
      <Points>
        <DataArray type="Float64" Name="Points" NumberOfComponents="3" format="ascii">
0.8 0 0.0 0.799999 0.000314157 0.0 0.799998 0.000628314 0.0 0.799995 0.000942459 0.0 0.799992 0.0012566 0.0 0.799987 0.00157072 0.0 0.799982 0.00188484 0.0 0.799975 0.00219893 0.0 0.799968 0.00251301 0.0 0.79996 0.00282704 0.0 0.799951 0.00314108 0.0 0.79994 0.00345505 0.0 0.799929 0.00376902 0.0 0.799916 0.00408292 0.0 0.799903 0.00439681 0.0 0.799888 0.00471062 0.0 0.799874 0.00502443 0.0 0.799857 0.00533814 0.0 0.79984 0.00565185 0.0 0.799821 0.00596545 0.0 0.799803 0.00627905 0.0 0.799782 0.00659253 0.0 0.799761 0.006906 0.0 0.799739 0.00721934 0.0 0.799716 0.00753268 0.0 0.799691 0.00784587 0.0 0.799667 0.00815906 0.0 0.79964 0.00847209 0.0 0.799613 0.00878512 0.0 0.799585 0.00909798 0.0 0.799556 0.00941083 0.0 0.799526 0.0097235 0.0 0.799495 0.0100362 0.0 0.799463 0.0103486 0.0 0.79943 0.0106611 0.0 0.799396 0.0109734 0.0 0.799361 0.0112856 0.0 0.799325 0.0115977 0.0 0.799288 0.0119097 0.0 0.79925 0.0122215 0.0 0.799211 0.0125333 0.0 0.799171 0.0128449 0.0 0.799131 0.0131564 0.0 0.799088 0.0134677 0.0 0.799046 0.013779 0.0 0.799002 0.0140901 0.0 0.798958 0.0144011 0.0 0.798911 0.0147118 0.0 0.798865 0.0150226 0.0 0.798817 0.015333 0.0 0.798769 0.0156434 0.0 0.798719 0.0159536 0.0 0.798669 0.0162637 0.0 0.798617 0.0165735 0.0 0.798564 0.0168833 0.0 0.79851 0.0171928 0.0 0.798456 0.0175023 0.0 0.7984 0.0178114 0.0 0.798345 0.0181206 0.0 0.798287 0.0184294 0.0 0.798229 0.0187381 0.0 0.798169 0.0190465 0.0 0.798109 0.0193549 0.0 0.798047 0.019663 0.0 0.797986 0.019971 0.0 0.797922 0.0202786 0.0 0.797858 0.0205863 0.0 0.797792 0.0208935 0.0 0.797727 0.0212007 0.0 0.797659 0.0215075 0.0 0.797592 0.0218143 0.0 0.797522 0.0221207 0.0 0.797453 0.0224271 0.0 0.797381 0.022733 0.0 0.79731 0.0230389 0.0 0.797237 0.0233444 0.0 0.797163 0.0236499 0.0 0.797088 0.0239549 0.0 0.797013 0.0242599 0.0 0.796935 0.0245645 0.0 0.796858 0.024869 0.0 0.796779 0.025173 0.0 0.7967 0.0254771 0.0 0.796619 0.0257806 0.0 0.796538 0.0260842 0.0 0.796455 0.0263872 0.0 0.796372 0.0266902 0.0 0.796288 0.0269927 0.0 0.796203 0.0272952 0.0 0.796116 0.0275972 0.0 0.796029 0.0278991 0.0 0.795941 0.0282005 0.0 0.795852 0.0285019 0.0 0.795762 0.0288028 0.0 0.795671 0.0291036 0.0 0.795579 0.0294039 0.0 0.795486 0.0297042 0.0 0.795392 0.0300038 0.0 0.795298 0.0303035 0.0 0.795202 0.0306026 0.0 0.795106 0.0309017 0.0 0.795008 0.0312002 0.0 0.79491 0.0314987 0.0 0.79481 0.0317965 0.0 0.79471 0.0320944 0.0 0.794608 0.0323916 0.0 0.794506 0.0326888 0.0 0.794403 0.0329854 0.0 0.794299 0.033282 0.0 0.794194 0.0335779 0.0 0.794088 0.0338738 0.0 0.793981 0.034169 0.0 0.793873 0.0344643 0.0 0.793764 0.0347589 0.0 0.793655 0.0350534 0.0 0.793544 0.0353473 0.0 0.793433 0.0356412 0.0 0.79332 0.0359344 0.0 0.793207 0.0362275 0.0 0.793092 0.03652 0.0 0.792978 0.0368125 0.0 0.792861 0.0371042 0.0 0.792745 0.0373959 0.0 0.792626 0.0376869 0.0 0.792508 0.0379779 0.0 0.792387 0.0382682 0.0 0.792267 0.0385584 0.0 0.792145 0.0388479 0.0 0.792023 0.0391374 0.0 0.791899 0.0394261 0.0 0.791775 0.0397148 0.0 0.79165 0.0400027 0.0 0.791524 0.0402906 0.0 0.791397 0.0405778 0.0 0.791269 0.0408649 0.0 0.79114 0.0411512 0.0 0.791011 0.0414376 0.0 0.79088 0.0417231 0.0 0.790748 0.0420086 0.0 0.790616 0.0422933 0.0 0.790483 0.0425779 0.0 0.790348 0.0428618 0.0 0.790213 0.0431456 0.0 0.790077 0.0434286 0.0 0.789941 0.0437116 0.0 0.789802 0.0439937 0.0 0.789664 0.0442758 0.0 0.789524 0.0445571 0.0 0.789384 0.0448383 0.0 0.789242 0.0451187 0.0 0.789101 0.0453991 0.0 0.788957 0.0456785 0.0 0.788814 0.045958 0.0 0.788668 0.0462365 0.0 0.788523 0.0465151 0.0 0.788376 0.0467928 0.0 0.788229 0.0470704 0.0 0.78808 0.0473471 0.0 0.787932 0.0476238 0.0 0.787781 0.0478996 0.0 0.787631 0.0481754 0.0 0.787478 0.0484502 0.0 0.787326 0.048725 0.0 0.787172 0.0489989 0.0 0.787018 0.0492727 0.0 0.786863 0.0495456 0.0 0.786707 0.0498185 0.0 0.78655 0.0500904 0.0 0.786392 0.0503623 0.0 0.786233 0.0506332 0.0 0.786074 0.0509041 0.0 0.785913 0.051174 0.0 0.785753 0.051444 0.0 0.78559 0.0517128 0.0 0.785428 0.0519817 0.0 0.785264 0.0522496 0.0 0.785099 0.0525175 0.0 0.784934 0.0527843 0.0 0.784768 0.0530511 0.0 0.7846 0.0533169 0.0 0.784433 0.0535827 0.0 0.784264 0.0538474 0.0 0.784094 0.0541121 0.0 0.783924 0.0543758 0.0 0.783753 0.0546394 0.0 0.78358 0.054902 0.0 0.783408 0.0551646 0.0 0.783234 0.0554261 0.0 0.78306 0.0556876 0.0 0.782884 0.0559479 0.0 0.782708 0.0562083 0.0 0.782531 0.0564676 0.0 0.782353 0.0567269 0.0 0.782174 0.0569851 0.0 0.781995 0.0572432 0.0 0.781815 0.0575002 0.0 0.781634 0.0577573 0.0 0.781452 0.0580132 0.0 0.781269 0.058269 0.0 0.781086 0.0585238 0.0 0.780902 0.0587785 0.0 0.780716 0.0590321 0.0 0.780531 0.0592857 0.0 0.780344 0.0595381 0.0 0.780157 0.0597905 0.0 0.779968 0.0600417 0.0 0.779779 0.060293 0.0 0.779589 0.060543 0.0 0.779399 0.060793 0.0 0.779207 0.0610419 0.0 0.779016 0.0612907 0.0 0.778822 0.0615383 0.0 0.778629 0.061786 0.0 0.778434 0.0620324 0.0 0.778239 0.0622788 0.0 0.778043 0.062524 0.0 0.777846 0.0627691 0.0 0.777648 0.0630131 0.0 0.77745 0.063257 0.0 0.777251 0.0634997 0.0 0.777051 0.0637424 0.0 0.77685 0.0639838 0.0 0.776649 0.0642253 0.0 0.776447 0.0644654 0.0 0.776244 0.0647056 0.0 0.77604 0.0649445 0.0 0.775836 0.0651834 0.0 0.775631 0.065421 0.0 0.775425 0.0656586 0.0 0.775218 0.0658949 0.0 0.775011 0.0661312 0.0 0.774803 0.0663662 0.0 0.774594 0.0666012 0.0 0.774384 0.0668349 0.0 0.774174 0.0670686 0.0 0.773963 0.0673009 0.0 0.773751 0.0675333 0.0 0.773538 0.0677643 0.0 0.773326 0.0679953 0.0 0.773111 0.068225 0.0 0.772897 0.0684547 0.0 0.772681 0.068683 0.0 0.772465 0.0689114 0.0 0.772248 0.0691384 0.0 0.772031 0.0693653 0.0 0.771812 0.0695909 0.0 0.771594 0.0698165 0.0 0.771374 0.0700408 0.0 0.771154 0.070265 0.0 0.770932 0.0704878 0.0 0.770711 0.0707107 0.0 0.770488 0.0709321 0.0 0.770265 0.0711536 0.0 0.770041 0.0713736 0.0 0.769817 0.0715936 0.0 0.769591 0.0718123 0.0 0.769365 0.0720309 0.0 0.769138 0.0722481 0.0 0.768911 0.0724653 0.0 0.768683 0.0726811 0.0 0.768455 0.0728969 0.0 0.768225 0.0731112 0.0 0.767995 0.0733255 0.0 0.767764 0.0735384 0.0 0.767533 0.0737513 0.0 0.767301 0.0739627 0.0 0.767069 0.0741742 0.0 0.766835 0.0743841 0.0 0.766601 0.0745941 0.0 0.766366 0.0748026 0.0 0.766131 0.0750111 0.0 0.765895 0.0752181 0.0 0.765659 0.0754251 0.0 0.765421 0.0756307 0.0 0.765183 0.0758362 0.0 0.764944 0.0760402 0.0 0.764706 0.0762443 0.0 0.764465 0.0764468 0.0 0.764225 0.0766493 0.0 0.763984 0.0768503 0.0 0.763742 0.0770513 0.0 0.7635 0.0772508 0.0 0.763257 0.0774503 0.0 0.763013 0.0776483 0.0 0.762769 0.0778462 0.0 0.762524 0.0780427 0.0 0.762279 0.0782391 0.0 0.762032 0.078434 0.0 0.761786 0.0786288 0.0 0.761538 0.0788222 0.0 0.761291 0.0790155 0.0 0.761042 0.0792073 0.0 0.760793 0.079399 0.0 0.760543 0.0795892 0.0 0.760293 0.0797794 0.0 0.760042 0.0799681 0.0 0.75979 0.0801567 0.0 0.759538 0.0803437 0.0 0.759286 0.0805308 0.0 0.759032 0.0807162 0.0 0.758779 0.0809017 0.0 0.758524 0.0810856 0.0 0.758269 0.0812694 0.0 0.758013 0.0814517 0.0 0.757757 0.0816339 0.0 0.7575 0.0818146 0.0 0.757243 0.0819952 0.0 0.756985 0.0821742 0.0 0.756727 0.0823533 0.0 0.756468 0.0825307 0.0 0.756208 0.0827081 0.0 0.755948 0.0828838 0.0 0.755688 0.0830596 0.0 0.755426 0.0832337 0.0 0.755165 0.0834078 0.0 0.754902 0.0835803 0.0 0.754639 0.0837528 0.0 0.754376 0.0839236 0.0 0.754112 0.0840945 0.0 0.753847 0.0842636 0.0 0.753583 0.0844328 0.0 0.753317 0.0846003 0.0 0.753051 0.0847678 0.0 0.752784 0.0849336 0.0 0.752517 0.0850994 0.0 0.75225 0.0852636 0.0 0.751982 0.0854277 0.0 0.751713 0.0855902 0.0 0.751444 0.0857527 0.0 0.751174 0.0859134 0.0 0.750904 0.0860742 0.0 0.750633 0.0862333 0.0 0.750362 0.0863923 0.0 0.75009 0.0865497 0.0 0.749819 0.0867071 0.0 0.749546 0.0868627 0.0 0.749273 0.0870184 0.0 0.748999 0.0871723 0.0 0.748725 0.0873262 0.0 0.74845 0.0874785 0.0 0.748175 0.0876307 0.0 0.7479 0.0877811 0.0 0.747624 0.0879316 0.0 0.747347 0.0880804 0.0 0.74707 0.0882291 0.0 0.746793 0.0883761 0.0 0.746515 0.0885231 0.0 0.746237 0.0886684 0.0 0.745958 0.0888136 0.0 0.745679 0.0889571 0.0 0.745399 0.0891007 0.0 0.745119 0.0892424 0.0 0.744838 0.0893841 0.0 0.744557 0.0895241 0.0 0.744276 0.0896641 0.0 0.743994 0.0898023 0.0 0.743712 0.0899405 0.0 0.743429 0.090077 0.0 0.743146 0.0902134 0.0 0.742862 0.0903481 0.0 0.742578 0.0904827 0.0 0.742293 0.0906156 0.0 0.742009 0.0907484 0.0 0.741723 0.0908795 0.0 0.741438 0.0910106 0.0 0.741151 0.0911399 0.0 0.740865 0.0912692 0.0 0.740578 0.0913966 0.0 0.740291 0.0915241 0.0 0.740003 0.0916498 0.0 0.739715 0.0917755 0.0 0.739426 0.0918993 0.0 0.739137 0.0920232 0.0 0.738848 0.0921452 0.0 0.738558 0.0922673 0.0 0.738268 0.0923875 0.0 0.737978 0.0925077 0.0 0.737687 0.0926261 0.0 0.737396 0.0927445 0.0 0.737104 0.0928611 0.0 0.736812 0.0929776 0.0 0.73652 0.0930924 0.0 0.736228 0.0932071 0.0 0.735934 0.09332 0.0 0.735641 0.0934329 0.0 0.735347 0.0935439 0.0 0.735053 0.093655 0.0 0.734759 0.0937642 0.0 0.734464 0.0938734 0.0 0.734169 0.0939807 0.0 0.733874 0.0940881 0.0 0.733578 0.0941936 0.0 0.733282 0.0942991 0.0 0.732985 0.0944027 0.0 0.732689 0.0945063 0.0 0.732392 0.0946081 0.0 0.732094 0.0947098 0.0 0.731797 0.0948097 0.0 0.731499 0.0949096 0.0 0.7312 0.0950076 0.0 0.730902 0.0951057 0.0 0.730603 0.0952018 0.0 0.730304 0.0952979 0.0 0.730004 0.0953922 0.0 0.729704 0.0954865 0.0 0.729404 0.0955788 0.0 0.729104 0.0956712 0.0 0.728803 0.0957617 0.0 0.728502 0.0958522 0.0 0.728201 0.0959408 0.0 0.727899 0.0960294 0.0 0.727597 0.0961161 0.0 0.727295 0.0962028 0.0 0.726993 0.0962876 0.0 0.72669 0.0963724 0.0 0.726387 0.0964553 0.0 0.726084 0.0965382 0.0 0.725781 0.0966192 0.0 0.725477 0.0967001 0.0 0.725173 0.0967792 0.0 0.724869 0.0968583 0.0 0.724564 0.0969355 0.0 0.72426 0.0970127 0.0 0.723955 0.0970879 0.0 0.72365 0.0971632 0.0 0.723344 0.0972365 0.0 0.723039 0.0973099 0.0 0.722733 0.0973813 0.0 0.722427 0.0974527 0.0 0.722121 0.0975222 0.0 0.721814 0.0975917 0.0 0.721508 0.0976592 0.0 0.721201 0.0977268 0.0 0.720893 0.0977925 0.0 0.720586 0.0978581 0.0 0.720279 0.0979218 0.0 0.719971 0.0979855 0.0 0.719663 0.0980473 0.0 0.719355 0.0981091 0.0 0.719047 0.0981689 0.0 0.718738 0.0982287 0.0 0.718429 0.0982866 0.0 0.718121 0.0983445 0.0 0.717811 0.0984005 0.0 0.717502 0.0984564 0.0 0.717193 0.0985104 0.0 0.716883 0.0985645 0.0 0.716574 0.0986165 0.0 0.716264 0.0986686 0.0 0.715954 0.0987187 0.0 0.715643 0.0987688 0.0 0.715333 0.098817 0.0 0.715023 0.0988652 0.0 0.714712 0.0989114 0.0 0.714401 0.0989576 0.0 0.71409 0.0990019 0.0 0.713779 0.0990461 0.0 0.713468 0.0990885 0.0 0.713156 0.0991308 0.0 0.712845 0.0991711 0.0 0.712533 0.0992115 0.0 0.712222 0.0992499 0.0 0.71191 0.0992883 0.0 0.711598 0.0993247 0.0 0.711286 0.0993611 0.0 0.710973 0.0993956 0.0 0.710661 0.0994301 0.0 0.710349 0.0994626 0.0 0.710036 0.0994951 0.0 0.709724 0.0995256 0.0 0.709411 0.0995562 0.0 0.709098 0.0995848 0.0 0.708785 0.0996134 0.0 0.708472 0.09964 0.0 0.708159 0.0996666 0.0 0.707846 0.0996912 0.0 0.707533 0.0997159 0.0 0.707219 0.0997386 0.0 0.706906 0.0997613 0.0 0.706593 0.099782 0.0 0.706279 0.0998027 0.0 0.705965 0.0998214 0.0 0.705652 0.0998402 0.0 0.705338 0.0998569 0.0 0.705024 0.0998737 0.0 0.704711 0.0998885 0.0 0.704397 0.0999033 0.0 0.704083 0.0999161 0.0 0.703769 0.0999289 0.0 0.703455 0.0999398 0.0 0.703141 0.0999507 0.0 0.702827 0.0999595 0.0 0.702513 0.0999684 0.0 0.702199 0.0999753 0.0 0.701885 0.0999822 0.0 0.701571 0.0999872 0.0 0.701257 0.0999921 0.0 0.700942 0.0999951 0.0 0.700628 0.099998 0.0 0.700314 0.099999 0.0 0.7 0.1 0.0 0.699686 0.099999 0.0 0.699372 0.099998 0.0 0.699058 0.0999951 0.0 0.698743 0.0999921 0.0 0.698429 0.0999872 0.0 0.698115 0.0999822 0.0 0.697801 0.0999753 0.0 0.697487 0.0999684 0.0 0.697173 0.0999595 0.0 0.696859 0.0999507 0.0 0.696545 0.0999398 0.0 0.696231 0.0999289 0.0 0.695917 0.0999161 0.0 0.695603 0.0999033 0.0 0.695289 0.0998885 0.0 0.694976 0.0998737 0.0 0.694662 0.0998569 0.0 0.694348 0.0998402 0.0 0.694035 0.0998214 0.0 0.693721 0.0998027 0.0 0.693407 0.099782 0.0 0.693094 0.0997613 0.0 0.692781 0.0997386 0.0 0.692467 0.0997159 0.0 0.692154 0.0996912 0.0 0.691841 0.0996666 0.0 0.691528 0.09964 0.0 0.691215 0.0996134 0.0 0.690902 0.0995848 0.0 0.690589 0.0995562 0.0 0.690276 0.0995256 0.0 0.689964 0.0994951 0.0 0.689651 0.0994626 0.0 0.689339 0.0994301 0.0 0.689027 0.0993956 0.0 0.688714 0.0993611 0.0 0.688402 0.0993247 0.0 0.68809 0.0992883 0.0 0.687778 0.0992499 0.0 0.687467 0.0992115 0.0 0.687155 0.0991711 0.0 0.686844 0.0991308 0.0 0.686532 0.0990885 0.0 0.686221 0.0990461 0.0 0.68591 0.0990019 0.0 0.685599 0.0989576 0.0 0.685288 0.0989114 0.0 0.684977 0.0988652 0.0 0.684667 0.098817 0.0 0.684357 0.0987688 0.0 0.684046 0.0987187 0.0 0.683736 0.0986686 0.0 0.683426 0.0986165 0.0 0.683117 0.0985645 0.0 0.682807 0.0985104 0.0 0.682498 0.0984564 0.0 0.682189 0.0984005 0.0 0.681879 0.0983445 0.0 0.681571 0.0982866 0.0 0.681262 0.0982287 0.0 0.680953 0.0981689 0.0 0.680645 0.0981091 0.0 0.680337 0.0980473 0.0 0.680029 0.0979855 0.0 0.679721 0.0979218 0.0 0.679414 0.0978581 0.0 0.679107 0.0977925 0.0 0.678799 0.0977268 0.0 0.678492 0.0976592 0.0 0.678186 0.0975917 0.0 0.677879 0.0975222 0.0 0.677573 0.0974527 0.0 0.677267 0.0973813 0.0 0.676961 0.0973099 0.0 0.676656 0.0972365 0.0 0.67635 0.0971632 0.0 0.676045 0.0970879 0.0 0.67574 0.0970127 0.0 0.675436 0.0969355 0.0 0.675131 0.0968583 0.0 0.674827 0.0967792 0.0 0.674523 0.0967001 0.0 0.674219 0.0966192 0.0 0.673916 0.0965382 0.0 0.673613 0.0964553 0.0 0.67331 0.0963724 0.0 0.673007 0.0962876 0.0 0.672705 0.0962028 0.0 0.672403 0.0961161 0.0 0.672101 0.0960294 0.0 0.671799 0.0959408 0.0 0.671498 0.0958522 0.0 0.671197 0.0957617 0.0 0.670896 0.0956712 0.0 0.670596 0.0955788 0.0 0.670296 0.0954865 0.0 0.669996 0.0953922 0.0 0.669696 0.0952979 0.0 0.669397 0.0952018 0.0 0.669098 0.0951057 0.0 0.6688 0.0950076 0.0 0.668501 0.0949096 0.0 0.668203 0.0948097 0.0 0.667906 0.0947098 0.0 0.667608 0.0946081 0.0 0.667311 0.0945063 0.0 0.667015 0.0944027 0.0 0.666718 0.0942991 0.0 0.666422 0.0941936 0.0 0.666126 0.0940881 0.0 0.665831 0.0939807 0.0 0.665536 0.0938734 0.0 0.665241 0.0937642 0.0 0.664947 0.093655 0.0 0.664653 0.0935439 0.0 0.664359 0.0934329 0.0 0.664066 0.09332 0.0 0.663772 0.0932071 0.0 0.66348 0.0930924 0.0 0.663188 0.0929776 0.0 0.662896 0.0928611 0.0 0.662604 0.0927445 0.0 0.662313 0.0926261 0.0 0.662022 0.0925077 0.0 0.661732 0.0923875 0.0 0.661442 0.0922673 0.0 0.661152 0.0921452 0.0 0.660863 0.0920232 0.0 0.660574 0.0918993 0.0 0.660285 0.0917755 0.0 0.659997 0.0916498 0.0 0.659709 0.0915241 0.0 0.659422 0.0913966 0.0 0.659135 0.0912692 0.0 0.658849 0.0911399 0.0 0.658562 0.0910106 0.0 0.658277 0.0908795 0.0 0.657991 0.0907484 0.0 0.657707 0.0906156 0.0 0.657422 0.0904827 0.0 0.657138 0.0903481 0.0 0.656854 0.0902134 0.0 0.656571 0.090077 0.0 0.656288 0.0899405 0.0 0.656006 0.0898023 0.0 0.655724 0.0896641 0.0 0.655443 0.0895241 0.0 0.655162 0.0893841 0.0 0.654881 0.0892424 0.0 0.654601 0.0891007 0.0 0.654321 0.0889571 0.0 0.654042 0.0888136 0.0 0.653763 0.0886684 0.0 0.653485 0.0885231 0.0 0.653207 0.0883761 0.0 0.65293 0.0882291 0.0 0.652653 0.0880804 0.0 0.652376 0.0879316 0.0 0.6521 0.0877811 0.0 0.651825 0.0876307 0.0 0.65155 0.0874785 0.0 0.651275 0.0873262 0.0 0.651001 0.0871723 0.0 0.650727 0.0870184 0.0 0.650454 0.0868627 0.0 0.650181 0.0867071 0.0 0.64991 0.0865497 0.0 0.649638 0.0863923 0.0 0.649367 0.0862333 0.0 0.649096 0.0860742 0.0 0.648826 0.0859134 0.0 0.648556 0.0857527 0.0 0.648287 0.0855902 0.0 0.648018 0.0854277 0.0 0.64775 0.0852636 0.0 0.647483 0.0850994 0.0 0.647216 0.0849336 0.0 0.646949 0.0847678 0.0 0.646683 0.0846003 0.0 0.646417 0.0844328 0.0 0.646153 0.0842636 0.0 0.645888 0.0840945 0.0 0.645624 0.0839236 0.0 0.645361 0.0837528 0.0 0.645098 0.0835803 0.0 0.644835 0.0834078 0.0 0.644574 0.0832337 0.0 0.644312 0.0830596 0.0 0.644052 0.0828838 0.0 0.643792 0.0827081 0.0 0.643532 0.0825307 0.0 0.643273 0.0823533 0.0 0.643015 0.0821742 0.0 0.642757 0.0819952 0.0 0.6425 0.0818146 0.0 0.642243 0.0816339 0.0 0.641987 0.0814517 0.0 0.641731 0.0812694 0.0 0.641476 0.0810856 0.0 0.641221 0.0809017 0.0 0.640968 0.0807162 0.0 0.640714 0.0805308 0.0 0.640462 0.0803437 0.0 0.64021 0.0801567 0.0 0.639958 0.0799681 0.0 0.639707 0.0797794 0.0 0.639457 0.0795892 0.0 0.639207 0.079399 0.0 0.638958 0.0792073 0.0 0.638709 0.0790155 0.0 0.638462 0.0788222 0.0 0.638214 0.0786288 0.0 0.637968 0.078434 0.0 0.637721 0.0782391 0.0 0.637476 0.0780427 0.0 0.637231 0.0778462 0.0 0.636987 0.0776483 0.0 0.636743 0.0774503 0.0 0.6365 0.0772508 0.0 0.636258 0.0770513 0.0 0.636016 0.0768503 0.0 0.635775 0.0766493 0.0 0.635535 0.0764468 0.0 0.635294 0.0762443 0.0 0.635056 0.0760402 0.0 0.634817 0.0758362 0.0 0.634579 0.0756307 0.0 0.634341 0.0754251 0.0 0.634105 0.0752181 0.0 0.633869 0.0750111 0.0 0.633634 0.0748026 0.0 0.633399 0.0745941 0.0 0.633165 0.0743841 0.0 0.632931 0.0741742 0.0 0.632699 0.0739627 0.0 0.632467 0.0737513 0.0 0.632236 0.0735384 0.0 0.632005 0.0733255 0.0 0.631775 0.0731112 0.0 0.631545 0.0728969 0.0 0.631317 0.0726811 0.0 0.631089 0.0724653 0.0 0.630862 0.0722481 0.0 0.630635 0.0720309 0.0 0.630409 0.0718123 0.0 0.630183 0.0715936 0.0 0.629959 0.0713736 0.0 0.629735 0.0711536 0.0 0.629512 0.0709321 0.0 0.629289 0.0707107 0.0 0.629068 0.0704878 0.0 0.628846 0.070265 0.0 0.628626 0.0700408 0.0 0.628406 0.0698165 0.0 0.628188 0.0695909 0.0 0.627969 0.0693653 0.0 0.627752 0.0691384 0.0 0.627535 0.0689114 0.0 0.627319 0.068683 0.0 0.627103 0.0684547 0.0 0.626889 0.068225 0.0 0.626674 0.0679953 0.0 0.626462 0.0677643 0.0 0.626249 0.0675333 0.0 0.626037 0.0673009 0.0 0.625826 0.0670686 0.0 0.625616 0.0668349 0.0 0.625406 0.0666012 0.0 0.625197 0.0663662 0.0 0.624989 0.0661312 0.0 0.624782 0.0658949 0.0 0.624575 0.0656586 0.0 0.624369 0.065421 0.0 0.624164 0.0651834 0.0 0.62396 0.0649445 0.0 0.623756 0.0647056 0.0 0.623553 0.0644654 0.0 0.623351 0.0642253 0.0 0.62315 0.0639838 0.0 0.622949 0.0637424 0.0 0.622749 0.0634997 0.0 0.62255 0.063257 0.0 0.622352 0.0630131 0.0 0.622154 0.0627691 0.0 0.621957 0.062524 0.0 0.621761 0.0622788 0.0 0.621566 0.0620324 0.0 0.621371 0.061786 0.0 0.621178 0.0615383 0.0 0.620984 0.0612907 0.0 0.620793 0.0610419 0.0 0.620601 0.060793 0.0 0.620411 0.060543 0.0 0.620221 0.060293 0.0 0.620032 0.0600417 0.0 0.619843 0.0597905 0.0 0.619656 0.0595381 0.0 0.619469 0.0592857 0.0 0.619284 0.0590321 0.0 0.619098 0.0587785 0.0 0.618914 0.0585238 0.0 0.618731 0.058269 0.0 0.618548 0.0580132 0.0 0.618366 0.0577573 0.0 0.618185 0.0575002 0.0 0.618005 0.0572432 0.0 0.617826 0.0569851 0.0 0.617647 0.0567269 0.0 0.617469 0.0564676 0.0 0.617292 0.0562083 0.0 0.617116 0.0559479 0.0 0.61694 0.0556876 0.0 0.616766 0.0554261 0.0 0.616592 0.0551646 0.0 0.61642 0.054902 0.0 0.616247 0.0546394 0.0 0.616076 0.0543758 0.0 0.615906 0.0541121 0.0 0.615736 0.0538474 0.0 0.615567 0.0535827 0.0 0.6154 0.0533169 0.0 0.615232 0.0530511 0.0 0.615066 0.0527843 0.0 0.614901 0.0525175 0.0 0.614736 0.0522496 0.0 0.614572 0.0519817 0.0 0.61441 0.0517128 0.0 0.614247 0.051444 0.0 0.614087 0.051174 0.0 0.613926 0.0509041 0.0 0.613767 0.0506332 0.0 0.613608 0.0503623 0.0 0.61345 0.0500904 0.0 0.613293 0.0498185 0.0 0.613137 0.0495456 0.0 0.612982 0.0492727 0.0 0.612828 0.0489989 0.0 0.612674 0.048725 0.0 0.612522 0.0484502 0.0 0.612369 0.0481754 0.0 0.612219 0.0478996 0.0 0.612068 0.0476238 0.0 0.61192 0.0473471 0.0 0.611771 0.0470704 0.0 0.611624 0.0467928 0.0 0.611477 0.0465151 0.0 0.611332 0.0462365 0.0 0.611186 0.045958 0.0 0.611043 0.0456785 0.0 0.610899 0.0453991 0.0 0.610758 0.0451187 0.0 0.610616 0.0448383 0.0 0.610476 0.0445571 0.0 0.610336 0.0442758 0.0 0.610198 0.0439937 0.0 0.610059 0.0437116 0.0 0.609923 0.0434286 0.0 0.609787 0.0431456 0.0 0.609652 0.0428618 0.0 0.609517 0.0425779 0.0 0.609384 0.0422933 0.0 0.609252 0.0420086 0.0 0.60912 0.0417231 0.0 0.608989 0.0414376 0.0 0.60886 0.0411512 0.0 0.608731 0.0408649 0.0 0.608603 0.0405778 0.0 0.608476 0.0402906 0.0 0.60835 0.0400027 0.0 0.608225 0.0397148 0.0 0.608101 0.0394261 0.0 0.607977 0.0391374 0.0 0.607855 0.0388479 0.0 0.607733 0.0385584 0.0 0.607613 0.0382682 0.0 0.607492 0.0379779 0.0 0.607374 0.0376869 0.0 0.607255 0.0373959 0.0 0.607139 0.0371042 0.0 0.607022 0.0368125 0.0 0.606908 0.03652 0.0 0.606793 0.0362275 0.0 0.60668 0.0359344 0.0 0.606567 0.0356412 0.0 0.606456 0.0353473 0.0 0.606345 0.0350534 0.0 0.606236 0.0347589 0.0 0.606127 0.0344643 0.0 0.606019 0.034169 0.0 0.605912 0.0338738 0.0 0.605806 0.0335779 0.0 0.605701 0.033282 0.0 0.605597 0.0329854 0.0 0.605494 0.0326888 0.0 0.605392 0.0323916 0.0 0.60529 0.0320944 0.0 0.60519 0.0317965 0.0 0.60509 0.0314987 0.0 0.604992 0.0312002 0.0 0.604894 0.0309017 0.0 0.604798 0.0306026 0.0 0.604702 0.0303035 0.0 0.604608 0.0300038 0.0 0.604514 0.0297042 0.0 0.604421 0.0294039 0.0 0.604329 0.0291036 0.0 0.604238 0.0288028 0.0 0.604148 0.0285019 0.0 0.604059 0.0282005 0.0 0.603971 0.0278991 0.0 0.603884 0.0275972 0.0 0.603797 0.0272952 0.0 0.603712 0.0269927 0.0 0.603628 0.0266902 0.0 0.603545 0.0263872 0.0 0.603462 0.0260842 0.0 0.603381 0.0257806 0.0 0.6033 0.0254771 0.0 0.603221 0.025173 0.0 0.603142 0.024869 0.0 0.603065 0.0245645 0.0 0.602987 0.0242599 0.0 0.602912 0.0239549 0.0 0.602837 0.0236499 0.0 0.602763 0.0233444 0.0 0.60269 0.0230389 0.0 0.602619 0.022733 0.0 0.602547 0.0224271 0.0 0.602478 0.0221207 0.0 0.602408 0.0218143 0.0 0.602341 0.0215075 0.0 0.602273 0.0212007 0.0 0.602208 0.0208935 0.0 0.602142 0.0205863 0.0 0.602078 0.0202786 0.0 0.602014 0.019971 0.0 0.601953 0.019663 0.0 0.601891 0.0193549 0.0 0.601831 0.0190465 0.0 0.601771 0.0187381 0.0 0.601713 0.0184294 0.0 0.601655 0.0181206 0.0 0.6016 0.0178114 0.0 0.601544 0.0175023 0.0 0.60149 0.0171928 0.0 0.601436 0.0168833 0.0 0.601383 0.0165735 0.0 0.601331 0.0162637 0.0 0.601281 0.0159536 0.0 0.601231 0.0156434 0.0 0.601183 0.015333 0.0 0.601135 0.0150226 0.0 0.601089 0.0147118 0.0 0.601042 0.0144011 0.0 0.600998 0.0140901 0.0 0.600954 0.013779 0.0 0.600912 0.0134677 0.0 0.600869 0.0131564 0.0 0.600829 0.0128449 0.0 0.600789 0.0125333 0.0 0.60075 0.0122215 0.0 0.600712 0.0119097 0.0 0.600675 0.0115977 0.0 0.600639 0.0112856 0.0 0.600604 0.0109734 0.0 0.60057 0.0106611 0.0 0.600537 0.0103486 0.0 0.600505 0.0100362 0.0 0.600474 0.0097235 0.0 0.600444 0.00941083 0.0 0.600415 0.00909798 0.0 0.600387 0.00878512 0.0 0.60036 0.00847209 0.0 0.600333 0.00815906 0.0 0.600309 0.00784587 0.0 0.600284 0.00753268 0.0 0.600261 0.00721934 0.0 0.600239 0.006906 0.0 0.600218 0.00659253 0.0 0.600197 0.00627905 0.0 0.600179 0.00596545 0.0 0.60016 0.00565185 0.0 0.600143 0.00533814 0.0 0.600126 0.00502443 0.0 0.600112 0.00471062 0.0 0.600097 0.00439681 0.0 0.600084 0.00408292 0.0 0.600071 0.00376902 0.0 0.60006 0.00345505 0.0 0.600049 0.00314108 0.0 0.60004 0.00282704 0.0 0.600032 0.00251301 0.0 0.600025 0.00219893 0.0 0.600018 0.00188484 0.0 0.600013 0.00157072 0.0 0.600008 0.0012566 0.0 0.600005 0.000942459 0.0 0.600002 0.000628314 0.0 0.600001 0.000314157 0.0 0.6 0 0.0 0.600001 -0.000314157 0.0 0.600002 -0.000628314 0.0 0.600005 -0.000942459 0.0 0.600008 -0.0012566 0.0 0.600013 -0.00157072 0.0 0.600018 -0.00188484 0.0 0.600025 -0.00219893 0.0 0.600032 -0.00251301 0.0 0.60004 -0.00282704 0.0 0.600049 -0.00314108 0.0 0.60006 -0.00345505 0.0 0.600071 -0.00376902 0.0 0.600084 -0.00408292 0.0 0.600097 -0.00439681 0.0 0.600112 -0.00471062 0.0 0.600126 -0.00502443 0.0 0.600143 -0.00533814 0.0 0.60016 -0.00565185 0.0 0.600179 -0.00596545 0.0 0.600197 -0.00627905 0.0 0.600218 -0.00659253 0.0 0.600239 -0.006906 0.0 0.600261 -0.00721934 0.0 0.600284 -0.00753268 0.0 0.600309 -0.00784587 0.0 0.600333 -0.00815906 0.0 0.60036 -0.00847209 0.0 0.600387 -0.00878512 0.0 0.600415 -0.00909798 0.0 0.600444 -0.00941083 0.0 0.600474 -0.0097235 0.0 0.600505 -0.0100362 0.0 0.600537 -0.0103486 0.0 0.60057 -0.0106611 0.0 0.600604 -0.0109734 0.0 0.600639 -0.0112856 0.0 0.600675 -0.0115977 0.0 0.600712 -0.0119097 0.0 0.60075 -0.0122215 0.0 0.600789 -0.0125333 0.0 0.600829 -0.0128449 0.0 0.600869 -0.0131564 0.0 0.600912 -0.0134677 0.0 0.600954 -0.013779 0.0 0.600998 -0.0140901 0.0 0.601042 -0.0144011 0.0 0.601089 -0.0147118 0.0 0.601135 -0.0150226 0.0 0.601183 -0.015333 0.0 0.601231 -0.0156434 0.0 0.601281 -0.0159536 0.0 0.601331 -0.0162637 0.0 0.601383 -0.0165735 0.0 0.601436 -0.0168833 0.0 0.60149 -0.0171928 0.0 0.601544 -0.0175023 0.0 0.6016 -0.0178114 0.0 0.601655 -0.0181206 0.0 0.601713 -0.0184294 0.0 0.601771 -0.0187381 0.0 0.601831 -0.0190465 0.0 0.601891 -0.0193549 0.0 0.601953 -0.019663 0.0 0.602014 -0.019971 0.0 0.602078 -0.0202786 0.0 0.602142 -0.0205863 0.0 0.602208 -0.0208935 0.0 0.602273 -0.0212007 0.0 0.602341 -0.0215075 0.0 0.602408 -0.0218143 0.0 0.602478 -0.0221207 0.0 0.602547 -0.0224271 0.0 0.602619 -0.022733 0.0 0.60269 -0.0230389 0.0 0.602763 -0.0233444 0.0 0.602837 -0.0236499 0.0 0.602912 -0.0239549 0.0 0.602987 -0.0242599 0.0 0.603065 -0.0245645 0.0 0.603142 -0.024869 0.0 0.603221 -0.025173 0.0 0.6033 -0.0254771 0.0 0.603381 -0.0257806 0.0 0.603462 -0.0260842 0.0 0.603545 -0.0263872 0.0 0.603628 -0.0266902 0.0 0.603712 -0.0269927 0.0 0.603797 -0.0272952 0.0 0.603884 -0.0275972 0.0 0.603971 -0.0278991 0.0 0.604059 -0.0282005 0.0 0.604148 -0.0285019 0.0 0.604238 -0.0288028 0.0 0.604329 -0.0291036 0.0 0.604421 -0.0294039 0.0 0.604514 -0.0297042 0.0 0.604608 -0.0300038 0.0 0.604702 -0.0303035 0.0 0.604798 -0.0306026 0.0 0.604894 -0.0309017 0.0 0.604992 -0.0312002 0.0 0.60509 -0.0314987 0.0 0.60519 -0.0317965 0.0 0.60529 -0.0320944 0.0 0.605392 -0.0323916 0.0 0.605494 -0.0326888 0.0 0.605597 -0.0329854 0.0 0.605701 -0.033282 0.0 0.605806 -0.0335779 0.0 0.605912 -0.0338738 0.0 0.606019 -0.034169 0.0 0.606127 -0.0344643 0.0 0.606236 -0.0347589 0.0 0.606345 -0.0350534 0.0 0.606456 -0.0353473 0.0 0.606567 -0.0356412 0.0 0.60668 -0.0359344 0.0 0.606793 -0.0362275 0.0 0.606908 -0.03652 0.0 0.607022 -0.0368125 0.0 0.607139 -0.0371042 0.0 0.607255 -0.0373959 0.0 0.607374 -0.0376869 0.0 0.607492 -0.0379779 0.0 0.607613 -0.0382682 0.0 0.607733 -0.0385584 0.0 0.607855 -0.0388479 0.0 0.607977 -0.0391374 0.0 0.608101 -0.0394261 0.0 0.608225 -0.0397148 0.0 0.60835 -0.0400027 0.0 0.608476 -0.0402906 0.0 0.608603 -0.0405778 0.0 0.608731 -0.0408649 0.0 0.60886 -0.0411512 0.0 0.608989 -0.0414376 0.0 0.60912 -0.0417231 0.0 0.609252 -0.0420086 0.0 0.609384 -0.0422933 0.0 0.609517 -0.0425779 0.0 0.609652 -0.0428618 0.0 0.609787 -0.0431456 0.0 0.609923 -0.0434286 0.0 0.610059 -0.0437116 0.0 0.610198 -0.0439937 0.0 0.610336 -0.0442758 0.0 0.610476 -0.0445571 0.0 0.610616 -0.0448383 0.0 0.610758 -0.0451187 0.0 0.610899 -0.0453991 0.0 0.611043 -0.0456785 0.0 0.611186 -0.045958 0.0 0.611332 -0.0462365 0.0 0.611477 -0.0465151 0.0 0.611624 -0.0467928 0.0 0.611771 -0.0470704 0.0 0.61192 -0.0473471 0.0 0.612068 -0.0476238 0.0 0.612219 -0.0478996 0.0 0.612369 -0.0481754 0.0 0.612522 -0.0484502 0.0 0.612674 -0.048725 0.0 0.612828 -0.0489989 0.0 0.612982 -0.0492727 0.0 0.613137 -0.0495456 0.0 0.613293 -0.0498185 0.0 0.61345 -0.0500904 0.0 0.613608 -0.0503623 0.0 0.613767 -0.0506332 0.0 0.613926 -0.0509041 0.0 0.614087 -0.051174 0.0 0.614247 -0.051444 0.0 0.61441 -0.0517128 0.0 0.614572 -0.0519817 0.0 0.614736 -0.0522496 0.0 0.614901 -0.0525175 0.0 0.615066 -0.0527843 0.0 0.615232 -0.0530511 0.0 0.6154 -0.0533169 0.0 0.615567 -0.0535827 0.0 0.615736 -0.0538474 0.0 0.615906 -0.0541121 0.0 0.616076 -0.0543758 0.0 0.616247 -0.0546394 0.0 0.61642 -0.054902 0.0 0.616592 -0.0551646 0.0 0.616766 -0.0554261 0.0 0.61694 -0.0556876 0.0 0.617116 -0.0559479 0.0 0.617292 -0.0562083 0.0 0.617469 -0.0564676 0.0 0.617647 -0.0567269 0.0 0.617826 -0.0569851 0.0 0.618005 -0.0572432 0.0 0.618185 -0.0575002 0.0 0.618366 -0.0577573 0.0 0.618548 -0.0580132 0.0 0.618731 -0.058269 0.0 0.618914 -0.0585238 0.0 0.619098 -0.0587785 0.0 0.619284 -0.0590321 0.0 0.619469 -0.0592857 0.0 0.619656 -0.0595381 0.0 0.619843 -0.0597905 0.0 0.620032 -0.0600417 0.0 0.620221 -0.060293 0.0 0.620411 -0.060543 0.0 0.620601 -0.060793 0.0 0.620793 -0.0610419 0.0 0.620984 -0.0612907 0.0 0.621178 -0.0615383 0.0 0.621371 -0.061786 0.0 0.621566 -0.0620324 0.0 0.621761 -0.0622788 0.0 0.621957 -0.062524 0.0 0.622154 -0.0627691 0.0 0.622352 -0.0630131 0.0 0.62255 -0.063257 0.0 0.622749 -0.0634997 0.0 0.622949 -0.0637424 0.0 0.62315 -0.0639838 0.0 0.623351 -0.0642253 0.0 0.623553 -0.0644654 0.0 0.623756 -0.0647056 0.0 0.62396 -0.0649445 0.0 0.624164 -0.0651834 0.0 0.624369 -0.065421 0.0 0.624575 -0.0656586 0.0 0.624782 -0.0658949 0.0 0.624989 -0.0661312 0.0 0.625197 -0.0663662 0.0 0.625406 -0.0666012 0.0 0.625616 -0.0668349 0.0 0.625826 -0.0670686 0.0 0.626037 -0.0673009 0.0 0.626249 -0.0675333 0.0 0.626462 -0.0677643 0.0 0.626674 -0.0679953 0.0 0.626889 -0.068225 0.0 0.627103 -0.0684547 0.0 0.627319 -0.068683 0.0 0.627535 -0.0689114 0.0 0.627752 -0.0691384 0.0 0.627969 -0.0693653 0.0 0.628188 -0.0695909 0.0 0.628406 -0.0698165 0.0 0.628626 -0.0700408 0.0 0.628846 -0.070265 0.0 0.629068 -0.0704878 0.0 0.629289 -0.0707107 0.0 0.629512 -0.0709321 0.0 0.629735 -0.0711536 0.0 0.629959 -0.0713736 0.0 0.630183 -0.0715936 0.0 0.630409 -0.0718123 0.0 0.630635 -0.0720309 0.0 0.630862 -0.0722481 0.0 0.631089 -0.0724653 0.0 0.631317 -0.0726811 0.0 0.631545 -0.0728969 0.0 0.631775 -0.0731112 0.0 0.632005 -0.0733255 0.0 0.632236 -0.0735384 0.0 0.632467 -0.0737513 0.0 0.632699 -0.0739627 0.0 0.632931 -0.0741742 0.0 0.633165 -0.0743841 0.0 0.633399 -0.0745941 0.0 0.633634 -0.0748026 0.0 0.633869 -0.0750111 0.0 0.634105 -0.0752181 0.0 0.634341 -0.0754251 0.0 0.634579 -0.0756307 0.0 0.634817 -0.0758362 0.0 0.635056 -0.0760402 0.0 0.635294 -0.0762443 0.0 0.635535 -0.0764468 0.0 0.635775 -0.0766493 0.0 0.636016 -0.0768503 0.0 0.636258 -0.0770513 0.0 0.6365 -0.0772508 0.0 0.636743 -0.0774503 0.0 0.636987 -0.0776483 0.0 0.637231 -0.0778462 0.0 0.637476 -0.0780427 0.0 0.637721 -0.0782391 0.0 0.637968 -0.078434 0.0 0.638214 -0.0786288 0.0 0.638462 -0.0788222 0.0 0.638709 -0.0790155 0.0 0.638958 -0.0792073 0.0 0.639207 -0.079399 0.0 0.639457 -0.0795892 0.0 0.639707 -0.0797794 0.0 0.639958 -0.0799681 0.0 0.64021 -0.0801567 0.0 0.640462 -0.0803437 0.0 0.640714 -0.0805308 0.0 0.640968 -0.0807162 0.0 0.641221 -0.0809017 0.0 0.641476 -0.0810856 0.0 0.641731 -0.0812694 0.0 0.641987 -0.0814517 0.0 0.642243 -0.0816339 0.0 0.6425 -0.0818146 0.0 0.642757 -0.0819952 0.0 0.643015 -0.0821742 0.0 0.643273 -0.0823533 0.0 0.643532 -0.0825307 0.0 0.643792 -0.0827081 0.0 0.644052 -0.0828838 0.0 0.644312 -0.0830596 0.0 0.644574 -0.0832337 0.0 0.644835 -0.0834078 0.0 0.645098 -0.0835803 0.0 0.645361 -0.0837528 0.0 0.645624 -0.0839236 0.0 0.645888 -0.0840945 0.0 0.646153 -0.0842636 0.0 0.646417 -0.0844328 0.0 0.646683 -0.0846003 0.0 0.646949 -0.0847678 0.0 0.647216 -0.0849336 0.0 0.647483 -0.0850994 0.0 0.64775 -0.0852636 0.0 0.648018 -0.0854277 0.0 0.648287 -0.0855902 0.0 0.648556 -0.0857527 0.0 0.648826 -0.0859134 0.0 0.649096 -0.0860742 0.0 0.649367 -0.0862333 0.0 0.649638 -0.0863923 0.0 0.64991 -0.0865497 0.0 0.650181 -0.0867071 0.0 0.650454 -0.0868627 0.0 0.650727 -0.0870184 0.0 0.651001 -0.0871723 0.0 0.651275 -0.0873262 0.0 0.65155 -0.0874785 0.0 0.651825 -0.0876307 0.0 0.6521 -0.0877811 0.0 0.652376 -0.0879316 0.0 0.652653 -0.0880804 0.0 0.65293 -0.0882291 0.0 0.653207 -0.0883761 0.0 0.653485 -0.0885231 0.0 0.653763 -0.0886684 0.0 0.654042 -0.0888136 0.0 0.654321 -0.0889571 0.0 0.654601 -0.0891007 0.0 0.654881 -0.0892424 0.0 0.655162 -0.0893841 0.0 0.655443 -0.0895241 0.0 0.655724 -0.0896641 0.0 0.656006 -0.0898023 0.0 0.656288 -0.0899405 0.0 0.656571 -0.090077 0.0 0.656854 -0.0902134 0.0 0.657138 -0.0903481 0.0 0.657422 -0.0904827 0.0 0.657707 -0.0906156 0.0 0.657991 -0.0907484 0.0 0.658277 -0.0908795 0.0 0.658562 -0.0910106 0.0 0.658849 -0.0911399 0.0 0.659135 -0.0912692 0.0 0.659422 -0.0913966 0.0 0.659709 -0.0915241 0.0 0.659997 -0.0916498 0.0 0.660285 -0.0917755 0.0 0.660574 -0.0918993 0.0 0.660863 -0.0920232 0.0 0.661152 -0.0921452 0.0 0.661442 -0.0922673 0.0 0.661732 -0.0923875 0.0 0.662022 -0.0925077 0.0 0.662313 -0.0926261 0.0 0.662604 -0.0927445 0.0 0.662896 -0.0928611 0.0 0.663188 -0.0929776 0.0 0.66348 -0.0930924 0.0 0.663772 -0.0932071 0.0 0.664066 -0.09332 0.0 0.664359 -0.0934329 0.0 0.664653 -0.0935439 0.0 0.664947 -0.093655 0.0 0.665241 -0.0937642 0.0 0.665536 -0.0938734 0.0 0.665831 -0.0939807 0.0 0.666126 -0.0940881 0.0 0.666422 -0.0941936 0.0 0.666718 -0.0942991 0.0 0.667015 -0.0944027 0.0 0.667311 -0.0945063 0.0 0.667608 -0.0946081 0.0 0.667906 -0.0947098 0.0 0.668203 -0.0948097 0.0 0.668501 -0.0949096 0.0 0.6688 -0.0950076 0.0 0.669098 -0.0951057 0.0 0.669397 -0.0952018 0.0 0.669696 -0.0952979 0.0 0.669996 -0.0953922 0.0 0.670296 -0.0954865 0.0 0.670596 -0.0955788 0.0 0.670896 -0.0956712 0.0 0.671197 -0.0957617 0.0 0.671498 -0.0958522 0.0 0.671799 -0.0959408 0.0 0.672101 -0.0960294 0.0 0.672403 -0.0961161 0.0 0.672705 -0.0962028 0.0 0.673007 -0.0962876 0.0 0.67331 -0.0963724 0.0 0.673613 -0.0964553 0.0 0.673916 -0.0965382 0.0 0.674219 -0.0966192 0.0 0.674523 -0.0967001 0.0 0.674827 -0.0967792 0.0 0.675131 -0.0968583 0.0 0.675436 -0.0969355 0.0 0.67574 -0.0970127 0.0 0.676045 -0.0970879 0.0 0.67635 -0.0971632 0.0 0.676656 -0.0972365 0.0 0.676961 -0.0973099 0.0 0.677267 -0.0973813 0.0 0.677573 -0.0974527 0.0 0.677879 -0.0975222 0.0 0.678186 -0.0975917 0.0 0.678492 -0.0976592 0.0 0.678799 -0.0977268 0.0 0.679107 -0.0977925 0.0 0.679414 -0.0978581 0.0 0.679721 -0.0979218 0.0 0.680029 -0.0979855 0.0 0.680337 -0.0980473 0.0 0.680645 -0.0981091 0.0 0.680953 -0.0981689 0.0 0.681262 -0.0982287 0.0 0.681571 -0.0982866 0.0 0.681879 -0.0983445 0.0 0.682189 -0.0984005 0.0 0.682498 -0.0984564 0.0 0.682807 -0.0985104 0.0 0.683117 -0.0985645 0.0 0.683426 -0.0986165 0.0 0.683736 -0.0986686 0.0 0.684046 -0.0987187 0.0 0.684357 -0.0987688 0.0 0.684667 -0.098817 0.0 0.684977 -0.0988652 0.0 0.685288 -0.0989114 0.0 0.685599 -0.0989576 0.0 0.68591 -0.0990019 0.0 0.686221 -0.0990461 0.0 0.686532 -0.0990885 0.0 0.686844 -0.0991308 0.0 0.687155 -0.0991711 0.0 0.687467 -0.0992115 0.0 0.687778 -0.0992499 0.0 0.68809 -0.0992883 0.0 0.688402 -0.0993247 0.0 0.688714 -0.0993611 0.0 0.689027 -0.0993956 0.0 0.689339 -0.0994301 0.0 0.689651 -0.0994626 0.0 0.689964 -0.0994951 0.0 0.690276 -0.0995256 0.0 0.690589 -0.0995562 0.0 0.690902 -0.0995848 0.0 0.691215 -0.0996134 0.0 0.691528 -0.09964 0.0 0.691841 -0.0996666 0.0 0.692154 -0.0996912 0.0 0.692467 -0.0997159 0.0 0.692781 -0.0997386 0.0 0.693094 -0.0997613 0.0 0.693407 -0.099782 0.0 0.693721 -0.0998027 0.0 0.694035 -0.0998214 0.0 0.694348 -0.0998402 0.0 0.694662 -0.0998569 0.0 0.694976 -0.0998737 0.0 0.695289 -0.0998885 0.0 0.695603 -0.0999033 0.0 0.695917 -0.0999161 0.0 0.696231 -0.0999289 0.0 0.696545 -0.0999398 0.0 0.696859 -0.0999507 0.0 0.697173 -0.0999595 0.0 0.697487 -0.0999684 0.0 0.697801 -0.0999753 0.0 0.698115 -0.0999822 0.0 0.698429 -0.0999872 0.0 0.698743 -0.0999921 0.0 0.699058 -0.0999951 0.0 0.699372 -0.099998 0.0 0.699686 -0.099999 0.0 0.7 -0.1 0.0 0.700314 -0.099999 0.0 0.700628 -0.099998 0.0 0.700942 -0.0999951 0.0 0.701257 -0.0999921 0.0 0.701571 -0.0999872 0.0 0.701885 -0.0999822 0.0 0.702199 -0.0999753 0.0 0.702513 -0.0999684 0.0 0.702827 -0.0999595 0.0 0.703141 -0.0999507 0.0 0.703455 -0.0999398 0.0 0.703769 -0.0999289 0.0 0.704083 -0.0999161 0.0 0.704397 -0.0999033 0.0 0.704711 -0.0998885 0.0 0.705024 -0.0998737 0.0 0.705338 -0.0998569 0.0 0.705652 -0.0998402 0.0 0.705965 -0.0998214 0.0 0.706279 -0.0998027 0.0 0.706593 -0.099782 0.0 0.706906 -0.0997613 0.0 0.707219 -0.0997386 0.0 0.707533 -0.0997159 0.0 0.707846 -0.0996912 0.0 0.708159 -0.0996666 0.0 0.708472 -0.09964 0.0 0.708785 -0.0996134 0.0 0.709098 -0.0995848 0.0 0.709411 -0.0995562 0.0 0.709724 -0.0995256 0.0 0.710036 -0.0994951 0.0 0.710349 -0.0994626 0.0 0.710661 -0.0994301 0.0 0.710973 -0.0993956 0.0 0.711286 -0.0993611 0.0 0.711598 -0.0993247 0.0 0.71191 -0.0992883 0.0 0.712222 -0.0992499 0.0 0.712533 -0.0992115 0.0 0.712845 -0.0991711 0.0 0.713156 -0.0991308 0.0 0.713468 -0.0990885 0.0 0.713779 -0.0990461 0.0 0.71409 -0.0990019 0.0 0.714401 -0.0989576 0.0 0.714712 -0.0989114 0.0 0.715023 -0.0988652 0.0 0.715333 -0.098817 0.0 0.715643 -0.0987688 0.0 0.715954 -0.0987187 0.0 0.716264 -0.0986686 0.0 0.716574 -0.0986165 0.0 0.716883 -0.0985645 0.0 0.717193 -0.0985104 0.0 0.717502 -0.0984564 0.0 0.717811 -0.0984005 0.0 0.718121 -0.0983445 0.0 0.718429 -0.0982866 0.0 0.718738 -0.0982287 0.0 0.719047 -0.0981689 0.0 0.719355 -0.0981091 0.0 0.719663 -0.0980473 0.0 0.719971 -0.0979855 0.0 0.720279 -0.0979218 0.0 0.720586 -0.0978581 0.0 0.720893 -0.0977925 0.0 0.721201 -0.0977268 0.0 0.721508 -0.0976592 0.0 0.721814 -0.0975917 0.0 0.722121 -0.0975222 0.0 0.722427 -0.0974527 0.0 0.722733 -0.0973813 0.0 0.723039 -0.0973099 0.0 0.723344 -0.0972365 0.0 0.72365 -0.0971632 0.0 0.723955 -0.0970879 0.0 0.72426 -0.0970127 0.0 0.724564 -0.0969355 0.0 0.724869 -0.0968583 0.0 0.725173 -0.0967792 0.0 0.725477 -0.0967001 0.0 0.725781 -0.0966192 0.0 0.726084 -0.0965382 0.0 0.726387 -0.0964553 0.0 0.72669 -0.0963724 0.0 0.726993 -0.0962876 0.0 0.727295 -0.0962028 0.0 0.727597 -0.0961161 0.0 0.727899 -0.0960294 0.0 0.728201 -0.0959408 0.0 0.728502 -0.0958522 0.0 0.728803 -0.0957617 0.0 0.729104 -0.0956712 0.0 0.729404 -0.0955788 0.0 0.729704 -0.0954865 0.0 0.730004 -0.0953922 0.0 0.730304 -0.0952979 0.0 0.730603 -0.0952018 0.0 0.730902 -0.0951057 0.0 0.7312 -0.0950076 0.0 0.731499 -0.0949096 0.0 0.731797 -0.0948097 0.0 0.732094 -0.0947098 0.0 0.732392 -0.0946081 0.0 0.732689 -0.0945063 0.0 0.732985 -0.0944027 0.0 0.733282 -0.0942991 0.0 0.733578 -0.0941936 0.0 0.733874 -0.0940881 0.0 0.734169 -0.0939807 0.0 0.734464 -0.0938734 0.0 0.734759 -0.0937642 0.0 0.735053 -0.093655 0.0 0.735347 -0.0935439 0.0 0.735641 -0.0934329 0.0 0.735934 -0.09332 0.0 0.736228 -0.0932071 0.0 0.73652 -0.0930924 0.0 0.736812 -0.0929776 0.0 0.737104 -0.0928611 0.0 0.737396 -0.0927445 0.0 0.737687 -0.0926261 0.0 0.737978 -0.0925077 0.0 0.738268 -0.0923875 0.0 0.738558 -0.0922673 0.0 0.738848 -0.0921452 0.0 0.739137 -0.0920232 0.0 0.739426 -0.0918993 0.0 0.739715 -0.0917755 0.0 0.740003 -0.0916498 0.0 0.740291 -0.0915241 0.0 0.740578 -0.0913966 0.0 0.740865 -0.0912692 0.0 0.741151 -0.0911399 0.0 0.741438 -0.0910106 0.0 0.741723 -0.0908795 0.0 0.742009 -0.0907484 0.0 0.742293 -0.0906156 0.0 0.742578 -0.0904827 0.0 0.742862 -0.0903481 0.0 0.743146 -0.0902134 0.0 0.743429 -0.090077 0.0 0.743712 -0.0899405 0.0 0.743994 -0.0898023 0.0 0.744276 -0.0896641 0.0 0.744557 -0.0895241 0.0 0.744838 -0.0893841 0.0 0.745119 -0.0892424 0.0 0.745399 -0.0891007 0.0 0.745679 -0.0889571 0.0 0.745958 -0.0888136 0.0 0.746237 -0.0886684 0.0 0.746515 -0.0885231 0.0 0.746793 -0.0883761 0.0 0.74707 -0.0882291 0.0 0.747347 -0.0880804 0.0 0.747624 -0.0879316 0.0 0.7479 -0.0877811 0.0 0.748175 -0.0876307 0.0 0.74845 -0.0874785 0.0 0.748725 -0.0873262 0.0 0.748999 -0.0871723 0.0 0.749273 -0.0870184 0.0 0.749546 -0.0868627 0.0 0.749819 -0.0867071 0.0 0.75009 -0.0865497 0.0 0.750362 -0.0863923 0.0 0.750633 -0.0862333 0.0 0.750904 -0.0860742 0.0 0.751174 -0.0859134 0.0 0.751444 -0.0857527 0.0 0.751713 -0.0855902 0.0 0.751982 -0.0854277 0.0 0.75225 -0.0852636 0.0 0.752517 -0.0850994 0.0 0.752784 -0.0849336 0.0 0.753051 -0.0847678 0.0 0.753317 -0.0846003 0.0 0.753583 -0.0844328 0.0 0.753847 -0.0842636 0.0 0.754112 -0.0840945 0.0 0.754376 -0.0839236 0.0 0.754639 -0.0837528 0.0 0.754902 -0.0835803 0.0 0.755165 -0.0834078 0.0 0.755426 -0.0832337 0.0 0.755688 -0.0830596 0.0 0.755948 -0.0828838 0.0 0.756208 -0.0827081 0.0 0.756468 -0.0825307 0.0 0.756727 -0.0823533 0.0 0.756985 -0.0821742 0.0 0.757243 -0.0819952 0.0 0.7575 -0.0818146 0.0 0.757757 -0.0816339 0.0 0.758013 -0.0814517 0.0 0.758269 -0.0812694 0.0 0.758524 -0.0810856 0.0 0.758779 -0.0809017 0.0 0.759032 -0.0807162 0.0 0.759286 -0.0805308 0.0 0.759538 -0.0803437 0.0 0.75979 -0.0801567 0.0 0.760042 -0.0799681 0.0 0.760293 -0.0797794 0.0 0.760543 -0.0795892 0.0 0.760793 -0.079399 0.0 0.761042 -0.0792073 0.0 0.761291 -0.0790155 0.0 0.761538 -0.0788222 0.0 0.761786 -0.0786288 0.0 0.762032 -0.078434 0.0 0.762279 -0.0782391 0.0 0.762524 -0.0780427 0.0 0.762769 -0.0778462 0.0 0.763013 -0.0776483 0.0 0.763257 -0.0774503 0.0 0.7635 -0.0772508 0.0 0.763742 -0.0770513 0.0 0.763984 -0.0768503 0.0 0.764225 -0.0766493 0.0 0.764465 -0.0764468 0.0 0.764706 -0.0762443 0.0 0.764944 -0.0760402 0.0 0.765183 -0.0758362 0.0 0.765421 -0.0756307 0.0 0.765659 -0.0754251 0.0 0.765895 -0.0752181 0.0 0.766131 -0.0750111 0.0 0.766366 -0.0748026 0.0 0.766601 -0.0745941 0.0 0.766835 -0.0743841 0.0 0.767069 -0.0741742 0.0 0.767301 -0.0739627 0.0 0.767533 -0.0737513 0.0 0.767764 -0.0735384 0.0 0.767995 -0.0733255 0.0 0.768225 -0.0731112 0.0 0.768455 -0.0728969 0.0 0.768683 -0.0726811 0.0 0.768911 -0.0724653 0.0 0.769138 -0.0722481 0.0 0.769365 -0.0720309 0.0 0.769591 -0.0718123 0.0 0.769817 -0.0715936 0.0 0.770041 -0.0713736 0.0 0.770265 -0.0711536 0.0 0.770488 -0.0709321 0.0 0.770711 -0.0707107 0.0 0.770932 -0.0704878 0.0 0.771154 -0.070265 0.0 0.771374 -0.0700408 0.0 0.771594 -0.0698165 0.0 0.771812 -0.0695909 0.0 0.772031 -0.0693653 0.0 0.772248 -0.0691384 0.0 0.772465 -0.0689114 0.0 0.772681 -0.068683 0.0 0.772897 -0.0684547 0.0 0.773111 -0.068225 0.0 0.773326 -0.0679953 0.0 0.773538 -0.0677643 0.0 0.773751 -0.0675333 0.0 0.773963 -0.0673009 0.0 0.774174 -0.0670686 0.0 0.774384 -0.0668349 0.0 0.774594 -0.0666012 0.0 0.774803 -0.0663662 0.0 0.775011 -0.0661312 0.0 0.775218 -0.0658949 0.0 0.775425 -0.0656586 0.0 0.775631 -0.065421 0.0 0.775836 -0.0651834 0.0 0.77604 -0.0649445 0.0 0.776244 -0.0647056 0.0 0.776447 -0.0644654 0.0 0.776649 -0.0642253 0.0 0.77685 -0.0639838 0.0 0.777051 -0.0637424 0.0 0.777251 -0.0634997 0.0 0.77745 -0.063257 0.0 0.777648 -0.0630131 0.0 0.777846 -0.0627691 0.0 0.778043 -0.062524 0.0 0.778239 -0.0622788 0.0 0.778434 -0.0620324 0.0 0.778629 -0.061786 0.0 0.778822 -0.0615383 0.0 0.779016 -0.0612907 0.0 0.779207 -0.0610419 0.0 0.779399 -0.060793 0.0 0.779589 -0.060543 0.0 0.779779 -0.060293 0.0 0.779968 -0.0600417 0.0 0.780157 -0.0597905 0.0 0.780344 -0.0595381 0.0 0.780531 -0.0592857 0.0 0.780716 -0.0590321 0.0 0.780902 -0.0587785 0.0 0.781086 -0.0585238 0.0 0.781269 -0.058269 0.0 0.781452 -0.0580132 0.0 0.781634 -0.0577573 0.0 0.781815 -0.0575002 0.0 0.781995 -0.0572432 0.0 0.782174 -0.0569851 0.0 0.782353 -0.0567269 0.0 0.782531 -0.0564676 0.0 0.782708 -0.0562083 0.0 0.782884 -0.0559479 0.0 0.78306 -0.0556876 0.0 0.783234 -0.0554261 0.0 0.783408 -0.0551646 0.0 0.78358 -0.054902 0.0 0.783753 -0.0546394 0.0 0.783924 -0.0543758 0.0 0.784094 -0.0541121 0.0 0.784264 -0.0538474 0.0 0.784433 -0.0535827 0.0 0.7846 -0.0533169 0.0 0.784768 -0.0530511 0.0 0.784934 -0.0527843 0.0 0.785099 -0.0525175 0.0 0.785264 -0.0522496 0.0 0.785428 -0.0519817 0.0 0.78559 -0.0517128 0.0 0.785753 -0.051444 0.0 0.785913 -0.051174 0.0 0.786074 -0.0509041 0.0 0.786233 -0.0506332 0.0 0.786392 -0.0503623 0.0 0.78655 -0.0500904 0.0 0.786707 -0.0498185 0.0 0.786863 -0.0495456 0.0 0.787018 -0.0492727 0.0 0.787172 -0.0489989 0.0 0.787326 -0.048725 0.0 0.787478 -0.0484502 0.0 0.787631 -0.0481754 0.0 0.787781 -0.0478996 0.0 0.787932 -0.0476238 0.0 0.78808 -0.0473471 0.0 0.788229 -0.0470704 0.0 0.788376 -0.0467928 0.0 0.788523 -0.0465151 0.0 0.788668 -0.0462365 0.0 0.788814 -0.045958 0.0 0.788957 -0.0456785 0.0 0.789101 -0.0453991 0.0 0.789242 -0.0451187 0.0 0.789384 -0.0448383 0.0 0.789524 -0.0445571 0.0 0.789664 -0.0442758 0.0 0.789802 -0.0439937 0.0 0.789941 -0.0437116 0.0 0.790077 -0.0434286 0.0 0.790213 -0.0431456 0.0 0.790348 -0.0428618 0.0 0.790483 -0.0425779 0.0 0.790616 -0.0422933 0.0 0.790748 -0.0420086 0.0 0.79088 -0.0417231 0.0 0.791011 -0.0414376 0.0 0.79114 -0.0411512 0.0 0.791269 -0.0408649 0.0 0.791397 -0.0405778 0.0 0.791524 -0.0402906 0.0 0.79165 -0.0400027 0.0 0.791775 -0.0397148 0.0 0.791899 -0.0394261 0.0 0.792023 -0.0391374 0.0 0.792145 -0.0388479 0.0 0.792267 -0.0385584 0.0 0.792387 -0.0382682 0.0 0.792508 -0.0379779 0.0 0.792626 -0.0376869 0.0 0.792745 -0.0373959 0.0 0.792861 -0.0371042 0.0 0.792978 -0.0368125 0.0 0.793092 -0.03652 0.0 0.793207 -0.0362275 0.0 0.79332 -0.0359344 0.0 0.793433 -0.0356412 0.0 0.793544 -0.0353473 0.0 0.793655 -0.0350534 0.0 0.793764 -0.0347589 0.0 0.793873 -0.0344643 0.0 0.793981 -0.034169 0.0 0.794088 -0.0338738 0.0 0.794194 -0.0335779 0.0 0.794299 -0.033282 0.0 0.794403 -0.0329854 0.0 0.794506 -0.0326888 0.0 0.794608 -0.0323916 0.0 0.79471 -0.0320944 0.0 0.79481 -0.0317965 0.0 0.79491 -0.0314987 0.0 0.795008 -0.0312002 0.0 0.795106 -0.0309017 0.0 0.795202 -0.0306026 0.0 0.795298 -0.0303035 0.0 0.795392 -0.0300038 0.0 0.795486 -0.0297042 0.0 0.795579 -0.0294039 0.0 0.795671 -0.0291036 0.0 0.795762 -0.0288028 0.0 0.795852 -0.0285019 0.0 0.795941 -0.0282005 0.0 0.796029 -0.0278991 0.0 0.796116 -0.0275972 0.0 0.796203 -0.0272952 0.0 0.796288 -0.0269927 0.0 0.796372 -0.0266902 0.0 0.796455 -0.0263872 0.0 0.796538 -0.0260842 0.0 0.796619 -0.0257806 0.0 0.7967 -0.0254771 0.0 0.796779 -0.025173 0.0 0.796858 -0.024869 0.0 0.796935 -0.0245645 0.0 0.797013 -0.0242599 0.0 0.797088 -0.0239549 0.0 0.797163 -0.0236499 0.0 0.797237 -0.0233444 0.0 0.79731 -0.0230389 0.0 0.797381 -0.022733 0.0 0.797453 -0.0224271 0.0 0.797522 -0.0221207 0.0 0.797592 -0.0218143 0.0 0.797659 -0.0215075 0.0 0.797727 -0.0212007 0.0 0.797792 -0.0208935 0.0 0.797858 -0.0205863 0.0 0.797922 -0.0202786 0.0 0.797986 -0.019971 0.0 0.798047 -0.019663 0.0 0.798109 -0.0193549 0.0 0.798169 -0.0190465 0.0 0.798229 -0.0187381 0.0 0.798287 -0.0184294 0.0 0.798345 -0.0181206 0.0 0.7984 -0.0178114 0.0 0.798456 -0.0175023 0.0 0.79851 -0.0171928 0.0 0.798564 -0.0168833 0.0 0.798617 -0.0165735 0.0 0.798669 -0.0162637 0.0 0.798719 -0.0159536 0.0 0.798769 -0.0156434 0.0 0.798817 -0.015333 0.0 0.798865 -0.0150226 0.0 0.798911 -0.0147118 0.0 0.798958 -0.0144011 0.0 0.799002 -0.0140901 0.0 0.799046 -0.013779 0.0 0.799088 -0.0134677 0.0 0.799131 -0.0131564 0.0 0.799171 -0.0128449 0.0 0.799211 -0.0125333 0.0 0.79925 -0.0122215 0.0 0.799288 -0.0119097 0.0 0.799325 -0.0115977 0.0 0.799361 -0.0112856 0.0 0.799396 -0.0109734 0.0 0.79943 -0.0106611 0.0 0.799463 -0.0103486 0.0 0.799495 -0.0100362 0.0 0.799526 -0.0097235 0.0 0.799556 -0.00941083 0.0 0.799585 -0.00909798 0.0 0.799613 -0.00878512 0.0 0.79964 -0.00847209 0.0 0.799667 -0.00815906 0.0 0.799691 -0.00784587 0.0 0.799716 -0.00753268 0.0 0.799739 -0.00721934 0.0 0.799761 -0.006906 0.0 0.799782 -0.00659253 0.0 0.799803 -0.00627905 0.0 0.799821 -0.00596545 0.0 0.79984 -0.00565185 0.0 0.799857 -0.00533814 0.0 0.799874 -0.00502443 0.0 0.799888 -0.00471062 0.0 0.799903 -0.00439681 0.0 0.799916 -0.00408292 0.0 0.799929 -0.00376902 0.0 0.79994 -0.00345505 0.0 0.799951 -0.00314108 0.0 0.79996 -0.00282704 0.0 0.799968 -0.00251301 0.0 0.799975 -0.00219893 0.0 0.799982 -0.00188484 0.0 0.799987 -0.00157072 0.0 0.799992 -0.0012566 0.0 0.799995 -0.000942459 0.0 0.799998 -0.000628314 0.0 0.799999 -0.000314157 0.0 
        </DataArray>
      </Points>
      <Polys>
        <DataArray type="Int64" Name="connectivity" format="ascii">
0 1 1 2 2 3 3 4 4 5 5 6 6 7 7 8 8 9 9 10 10 11 11 12 12 13 13 14 14 15 15 16 16 17 17 18 18 19 19 20 20 21 21 22 22 23 23 24 24 25 25 26 26 27 27 28 28 29 29 30 30 31 31 32 32 33 33 34 34 35 35 36 36 37 37 38 38 39 39 40 40 41 41 42 42 43 43 44 44 45 45 46 46 47 47 48 48 49 49 50 50 51 51 52 52 53 53 54 54 55 55 56 56 57 57 58 58 59 59 60 60 61 61 62 62 63 63 64 64 65 65 66 66 67 67 68 68 69 69 70 70 71 71 72 72 73 73 74 74 75 75 76 76 77 77 78 78 79 79 80 80 81 81 82 82 83 83 84 84 85 85 86 86 87 87 88 88 89 89 90 90 91 91 92 92 93 93 94 94 95 95 96 96 97 97 98 98 99 99 100 100 101 101 102 102 103 103 104 104 105 105 106 106 107 107 108 108 109 109 110 110 111 111 112 112 113 113 114 114 115 115 116 116 117 117 118 118 119 119 120 120 121 121 122 122 123 123 124 124 125 125 126 126 127 127 128 128 129 129 130 130 131 131 132 132 133 133 134 134 135 135 136 136 137 137 138 138 139 139 140 140 141 141 142 142 143 143 144 144 145 145 146 146 147 147 148 148 149 149 150 150 151 151 152 152 153 153 154 154 155 155 156 156 157 157 158 158 159 159 160 160 161 161 162 162 163 163 164 164 165 165 166 166 167 167 168 168 169 169 170 170 171 171 172 172 173 173 174 174 175 175 176 176 177 177 178 178 179 179 180 180 181 181 182 182 183 183 184 184 185 185 186 186 187 187 188 188 189 189 190 190 191 191 192 192 193 193 194 194 195 195 196 196 197 197 198 198 199 199 200 200 201 201 202 202 203 203 204 204 205 205 206 206 207 207 208 208 209 209 210 210 211 211 212 212 213 213 214 214 215 215 216 216 217 217 218 218 219 219 220 220 221 221 222 222 223 223 224 224 225 225 226 226 227 227 228 228 229 229 230 230 231 231 232 232 233 233 234 234 235 235 236 236 237 237 238 238 239 239 240 240 241 241 242 242 243 243 244 244 245 245 246 246 247 247 248 248 249 249 250 250 251 251 252 252 253 253 254 254 255 255 256 256 257 257 258 258 259 259 260 260 261 261 262 262 263 263 264 264 265 265 266 266 267 267 268 268 269 269 270 270 271 271 272 272 273 273 274 274 275 275 276 276 277 277 278 278 279 279 280 280 281 281 282 282 283 283 284 284 285 285 286 286 287 287 288 288 289 289 290 290 291 291 292 292 293 293 294 294 295 295 296 296 297 297 298 298 299 299 300 300 301 301 302 302 303 303 304 304 305 305 306 306 307 307 308 308 309 309 310 310 311 311 312 312 313 313 314 314 315 315 316 316 317 317 318 318 319 319 320 320 321 321 322 322 323 323 324 324 325 325 326 326 327 327 328 328 329 329 330 330 331 331 332 332 333 333 334 334 335 335 336 336 337 337 338 338 339 339 340 340 341 341 342 342 343 343 344 344 345 345 346 346 347 347 348 348 349 349 350 350 351 351 352 352 353 353 354 354 355 355 356 356 357 357 358 358 359 359 360 360 361 361 362 362 363 363 364 364 365 365 366 366 367 367 368 368 369 369 370 370 371 371 372 372 373 373 374 374 375 375 376 376 377 377 378 378 379 379 380 380 381 381 382 382 383 383 384 384 385 385 386 386 387 387 388 388 389 389 390 390 391 391 392 392 393 393 394 394 395 395 396 396 397 397 398 398 399 399 400 400 401 401 402 402 403 403 404 404 405 405 406 406 407 407 408 408 409 409 410 410 411 411 412 412 413 413 414 414 415 415 416 416 417 417 418 418 419 419 420 420 421 421 422 422 423 423 424 424 425 425 426 426 427 427 428 428 429 429 430 430 431 431 432 432 433 433 434 434 435 435 436 436 437 437 438 438 439 439 440 440 441 441 442 442 443 443 444 444 445 445 446 446 447 447 448 448 449 449 450 450 451 451 452 452 453 453 454 454 455 455 456 456 457 457 458 458 459 459 460 460 461 461 462 462 463 463 464 464 465 465 466 466 467 467 468 468 469 469 470 470 471 471 472 472 473 473 474 474 475 475 476 476 477 477 478 478 479 479 480 480 481 481 482 482 483 483 484 484 485 485 486 486 487 487 488 488 489 489 490 490 491 491 492 492 493 493 494 494 495 495 496 496 497 497 498 498 499 499 500 500 501 501 502 502 503 503 504 504 505 505 506 506 507 507 508 508 509 509 510 510 511 511 512 512 513 513 514 514 515 515 516 516 517 517 518 518 519 519 520 520 521 521 522 522 523 523 524 524 525 525 526 526 527 527 528 528 529 529 530 530 531 531 532 532 533 533 534 534 535 535 536 536 537 537 538 538 539 539 540 540 541 541 542 542 543 543 544 544 545 545 546 546 547 547 548 548 549 549 550 550 551 551 552 552 553 553 554 554 555 555 556 556 557 557 558 558 559 559 560 560 561 561 562 562 563 563 564 564 565 565 566 566 567 567 568 568 569 569 570 570 571 571 572 572 573 573 574 574 575 575 576 576 577 577 578 578 579 579 580 580 581 581 582 582 583 583 584 584 585 585 586 586 587 587 588 588 589 589 590 590 591 591 592 592 593 593 594 594 595 595 596 596 597 597 598 598 599 599 600 600 601 601 602 602 603 603 604 604 605 605 606 606 607 607 608 608 609 609 610 610 611 611 612 612 613 613 614 614 615 615 616 616 617 617 618 618 619 619 620 620 621 621 622 622 623 623 624 624 625 625 626 626 627 627 628 628 629 629 630 630 631 631 632 632 633 633 634 634 635 635 636 636 637 637 638 638 639 639 640 640 641 641 642 642 643 643 644 644 645 645 646 646 647 647 648 648 649 649 650 650 651 651 652 652 653 653 654 654 655 655 656 656 657 657 658 658 659 659 660 660 661 661 662 662 663 663 664 664 665 665 666 666 667 667 668 668 669 669 670 670 671 671 672 672 673 673 674 674 675 675 676 676 677 677 678 678 679 679 680 680 681 681 682 682 683 683 684 684 685 685 686 686 687 687 688 688 689 689 690 690 691 691 692 692 693 693 694 694 695 695 696 696 697 697 698 698 699 699 700 700 701 701 702 702 703 703 704 704 705 705 706 706 707 707 708 708 709 709 710 710 711 711 712 712 713 713 714 714 715 715 716 716 717 717 718 718 719 719 720 720 721 721 722 722 723 723 724 724 725 725 726 726 727 727 728 728 729 729 730 730 731 731 732 732 733 733 734 734 735 735 736 736 737 737 738 738 739 739 740 740 741 741 742 742 743 743 744 744 745 745 746 746 747 747 748 748 749 749 750 750 751 751 752 752 753 753 754 754 755 755 756 756 757 757 758 758 759 759 760 760 761 761 762 762 763 763 764 764 765 765 766 766 767 767 768 768 769 769 770 770 771 771 772 772 773 773 774 774 775 775 776 776 777 777 778 778 779 779 780 780 781 781 782 782 783 783 784 784 785 785 786 786 787 787 788 788 789 789 790 790 791 791 792 792 793 793 794 794 795 795 796 796 797 797 798 798 799 799 800 800 801 801 802 802 803 803 804 804 805 805 806 806 807 807 808 808 809 809 810 810 811 811 812 812 813 813 814 814 815 815 816 816 817 817 818 818 819 819 820 820 821 821 822 822 823 823 824 824 825 825 826 826 827 827 828 828 829 829 830 830 831 831 832 832 833 833 834 834 835 835 836 836 837 837 838 838 839 839 840 840 841 841 842 842 843 843 844 844 845 845 846 846 847 847 848 848 849 849 850 850 851 851 852 852 853 853 854 854 855 855 856 856 857 857 858 858 859 859 860 860 861 861 862 862 863 863 864 864 865 865 866 866 867 867 868 868 869 869 870 870 871 871 872 872 873 873 874 874 875 875 876 876 877 877 878 878 879 879 880 880 881 881 882 882 883 883 884 884 885 885 886 886 887 887 888 888 889 889 890 890 891 891 892 892 893 893 894 894 895 895 896 896 897 897 898 898 899 899 900 900 901 901 902 902 903 903 904 904 905 905 906 906 907 907 908 908 909 909 910 910 911 911 912 912 913 913 914 914 915 915 916 916 917 917 918 918 919 919 920 920 921 921 922 922 923 923 924 924 925 925 926 926 927 927 928 928 929 929 930 930 931 931 932 932 933 933 934 934 935 935 936 936 937 937 938 938 939 939 940 940 941 941 942 942 943 943 944 944 945 945 946 946 947 947 948 948 949 949 950 950 951 951 952 952 953 953 954 954 955 955 956 956 957 957 958 958 959 959 960 960 961 961 962 962 963 963 964 964 965 965 966 966 967 967 968 968 969 969 970 970 971 971 972 972 973 973 974 974 975 975 976 976 977 977 978 978 979 979 980 980 981 981 982 982 983 983 984 984 985 985 986 986 987 987 988 988 989 989 990 990 991 991 992 992 993 993 994 994 995 995 996 996 997 997 998 998 999 999 1000 1000 1001 1001 1002 1002 1003 1003 1004 1004 1005 1005 1006 1006 1007 1007 1008 1008 1009 1009 1010 1010 1011 1011 1012 1012 1013 1013 1014 1014 1015 1015 1016 1016 1017 1017 1018 1018 1019 1019 1020 1020 1021 1021 1022 1022 1023 1023 1024 1024 1025 1025 1026 1026 1027 1027 1028 1028 1029 1029 1030 1030 1031 1031 1032 1032 1033 1033 1034 1034 1035 1035 1036 1036 1037 1037 1038 1038 1039 1039 1040 1040 1041 1041 1042 1042 1043 1043 1044 1044 1045 1045 1046 1046 1047 1047 1048 1048 1049 1049 1050 1050 1051 1051 1052 1052 1053 1053 1054 1054 1055 1055 1056 1056 1057 1057 1058 1058 1059 1059 1060 1060 1061 1061 1062 1062 1063 1063 1064 1064 1065 1065 1066 1066 1067 1067 1068 1068 1069 1069 1070 1070 1071 1071 1072 1072 1073 1073 1074 1074 1075 1075 1076 1076 1077 1077 1078 1078 1079 1079 1080 1080 1081 1081 1082 1082 1083 1083 1084 1084 1085 1085 1086 1086 1087 1087 1088 1088 1089 1089 1090 1090 1091 1091 1092 1092 1093 1093 1094 1094 1095 1095 1096 1096 1097 1097 1098 1098 1099 1099 1100 1100 1101 1101 1102 1102 1103 1103 1104 1104 1105 1105 1106 1106 1107 1107 1108 1108 1109 1109 1110 1110 1111 1111 1112 1112 1113 1113 1114 1114 1115 1115 1116 1116 1117 1117 1118 1118 1119 1119 1120 1120 1121 1121 1122 1122 1123 1123 1124 1124 1125 1125 1126 1126 1127 1127 1128 1128 1129 1129 1130 1130 1131 1131 1132 1132 1133 1133 1134 1134 1135 1135 1136 1136 1137 1137 1138 1138 1139 1139 1140 1140 1141 1141 1142 1142 1143 1143 1144 1144 1145 1145 1146 1146 1147 1147 1148 1148 1149 1149 1150 1150 1151 1151 1152 1152 1153 1153 1154 1154 1155 1155 1156 1156 1157 1157 1158 1158 1159 1159 1160 1160 1161 1161 1162 1162 1163 1163 1164 1164 1165 1165 1166 1166 1167 1167 1168 1168 1169 1169 1170 1170 1171 1171 1172 1172 1173 1173 1174 1174 1175 1175 1176 1176 1177 1177 1178 1178 1179 1179 1180 1180 1181 1181 1182 1182 1183 1183 1184 1184 1185 1185 1186 1186 1187 1187 1188 1188 1189 1189 1190 1190 1191 1191 1192 1192 1193 1193 1194 1194 1195 1195 1196 1196 1197 1197 1198 1198 1199 1199 1200 1200 1201 1201 1202 1202 1203 1203 1204 1204 1205 1205 1206 1206 1207 1207 1208 1208 1209 1209 1210 1210 1211 1211 1212 1212 1213 1213 1214 1214 1215 1215 1216 1216 1217 1217 1218 1218 1219 1219 1220 1220 1221 1221 1222 1222 1223 1223 1224 1224 1225 1225 1226 1226 1227 1227 1228 1228 1229 1229 1230 1230 1231 1231 1232 1232 1233 1233 1234 1234 1235 1235 1236 1236 1237 1237 1238 1238 1239 1239 1240 1240 1241 1241 1242 1242 1243 1243 1244 1244 1245 1245 1246 1246 1247 1247 1248 1248 1249 1249 1250 1250 1251 1251 1252 1252 1253 1253 1254 1254 1255 1255 1256 1256 1257 1257 1258 1258 1259 1259 1260 1260 1261 1261 1262 1262 1263 1263 1264 1264 1265 1265 1266 1266 1267 1267 1268 1268 1269 1269 1270 1270 1271 1271 1272 1272 1273 1273 1274 1274 1275 1275 1276 1276 1277 1277 1278 1278 1279 1279 1280 1280 1281 1281 1282 1282 1283 1283 1284 1284 1285 1285 1286 1286 1287 1287 1288 1288 1289 1289 1290 1290 1291 1291 1292 1292 1293 1293 1294 1294 1295 1295 1296 1296 1297 1297 1298 1298 1299 1299 1300 1300 1301 1301 1302 1302 1303 1303 1304 1304 1305 1305 1306 1306 1307 1307 1308 1308 1309 1309 1310 1310 1311 1311 1312 1312 1313 1313 1314 1314 1315 1315 1316 1316 1317 1317 1318 1318 1319 1319 1320 1320 1321 1321 1322 1322 1323 1323 1324 1324 1325 1325 1326 1326 1327 1327 1328 1328 1329 1329 1330 1330 1331 1331 1332 1332 1333 1333 1334 1334 1335 1335 1336 1336 1337 1337 1338 1338 1339 1339 1340 1340 1341 1341 1342 1342 1343 1343 1344 1344 1345 1345 1346 1346 1347 1347 1348 1348 1349 1349 1350 1350 1351 1351 1352 1352 1353 1353 1354 1354 1355 1355 1356 1356 1357 1357 1358 1358 1359 1359 1360 1360 1361 1361 1362 1362 1363 1363 1364 1364 1365 1365 1366 1366 1367 1367 1368 1368 1369 1369 1370 1370 1371 1371 1372 1372 1373 1373 1374 1374 1375 1375 1376 1376 1377 1377 1378 1378 1379 1379 1380 1380 1381 1381 1382 1382 1383 1383 1384 1384 1385 1385 1386 1386 1387 1387 1388 1388 1389 1389 1390 1390 1391 1391 1392 1392 1393 1393 1394 1394 1395 1395 1396 1396 1397 1397 1398 1398 1399 1399 1400 1400 1401 1401 1402 1402 1403 1403 1404 1404 1405 1405 1406 1406 1407 1407 1408 1408 1409 1409 1410 1410 1411 1411 1412 1412 1413 1413 1414 1414 1415 1415 1416 1416 1417 1417 1418 1418 1419 1419 1420 1420 1421 1421 1422 1422 1423 1423 1424 1424 1425 1425 1426 1426 1427 1427 1428 1428 1429 1429 1430 1430 1431 1431 1432 1432 1433 1433 1434 1434 1435 1435 1436 1436 1437 1437 1438 1438 1439 1439 1440 1440 1441 1441 1442 1442 1443 1443 1444 1444 1445 1445 1446 1446 1447 1447 1448 1448 1449 1449 1450 1450 1451 1451 1452 1452 1453 1453 1454 1454 1455 1455 1456 1456 1457 1457 1458 1458 1459 1459 1460 1460 1461 1461 1462 1462 1463 1463 1464 1464 1465 1465 1466 1466 1467 1467 1468 1468 1469 1469 1470 1470 1471 1471 1472 1472 1473 1473 1474 1474 1475 1475 1476 1476 1477 1477 1478 1478 1479 1479 1480 1480 1481 1481 1482 1482 1483 1483 1484 1484 1485 1485 1486 1486 1487 1487 1488 1488 1489 1489 1490 1490 1491 1491 1492 1492 1493 1493 1494 1494 1495 1495 1496 1496 1497 1497 1498 1498 1499 1499 1500 1500 1501 1501 1502 1502 1503 1503 1504 1504 1505 1505 1506 1506 1507 1507 1508 1508 1509 1509 1510 1510 1511 1511 1512 1512 1513 1513 1514 1514 1515 1515 1516 1516 1517 1517 1518 1518 1519 1519 1520 1520 1521 1521 1522 1522 1523 1523 1524 1524 1525 1525 1526 1526 1527 1527 1528 1528 1529 1529 1530 1530 1531 1531 1532 1532 1533 1533 1534 1534 1535 1535 1536 1536 1537 1537 1538 1538 1539 1539 1540 1540 1541 1541 1542 1542 1543 1543 1544 1544 1545 1545 1546 1546 1547 1547 1548 1548 1549 1549 1550 1550 1551 1551 1552 1552 1553 1553 1554 1554 1555 1555 1556 1556 1557 1557 1558 1558 1559 1559 1560 1560 1561 1561 1562 1562 1563 1563 1564 1564 1565 1565 1566 1566 1567 1567 1568 1568 1569 1569 1570 1570 1571 1571 1572 1572 1573 1573 1574 1574 1575 1575 1576 1576 1577 1577 1578 1578 1579 1579 1580 1580 1581 1581 1582 1582 1583 1583 1584 1584 1585 1585 1586 1586 1587 1587 1588 1588 1589 1589 1590 1590 1591 1591 1592 1592 1593 1593 1594 1594 1595 1595 1596 1596 1597 1597 1598 1598 1599 1599 1600 1600 1601 1601 1602 1602 1603 1603 1604 1604 1605 1605 1606 1606 1607 1607 1608 1608 1609 1609 1610 1610 1611 1611 1612 1612 1613 1613 1614 1614 1615 1615 1616 1616 1617 1617 1618 1618 1619 1619 1620 1620 1621 1621 1622 1622 1623 1623 1624 1624 1625 1625 1626 1626 1627 1627 1628 1628 1629 1629 1630 1630 1631 1631 1632 1632 1633 1633 1634 1634 1635 1635 1636 1636 1637 1637 1638 1638 1639 1639 1640 1640 1641 1641 1642 1642 1643 1643 1644 1644 1645 1645 1646 1646 1647 1647 1648 1648 1649 1649 1650 1650 1651 1651 1652 1652 1653 1653 1654 1654 1655 1655 1656 1656 1657 1657 1658 1658 1659 1659 1660 1660 1661 1661 1662 1662 1663 1663 1664 1664 1665 1665 1666 1666 1667 1667 1668 1668 1669 1669 1670 1670 1671 1671 1672 1672 1673 1673 1674 1674 1675 1675 1676 1676 1677 1677 1678 1678 1679 1679 1680 1680 1681 1681 1682 1682 1683 1683 1684 1684 1685 1685 1686 1686 1687 1687 1688 1688 1689 1689 1690 1690 1691 1691 1692 1692 1693 1693 1694 1694 1695 1695 1696 1696 1697 1697 1698 1698 1699 1699 1700 1700 1701 1701 1702 1702 1703 1703 1704 1704 1705 1705 1706 1706 1707 1707 1708 1708 1709 1709 1710 1710 1711 1711 1712 1712 1713 1713 1714 1714 1715 1715 1716 1716 1717 1717 1718 1718 1719 1719 1720 1720 1721 1721 1722 1722 1723 1723 1724 1724 1725 1725 1726 1726 1727 1727 1728 1728 1729 1729 1730 1730 1731 1731 1732 1732 1733 1733 1734 1734 1735 1735 1736 1736 1737 1737 1738 1738 1739 1739 1740 1740 1741 1741 1742 1742 1743 1743 1744 1744 1745 1745 1746 1746 1747 1747 1748 1748 1749 1749 1750 1750 1751 1751 1752 1752 1753 1753 1754 1754 1755 1755 1756 1756 1757 1757 1758 1758 1759 1759 1760 1760 1761 1761 1762 1762 1763 1763 1764 1764 1765 1765 1766 1766 1767 1767 1768 1768 1769 1769 1770 1770 1771 1771 1772 1772 1773 1773 1774 1774 1775 1775 1776 1776 1777 1777 1778 1778 1779 1779 1780 1780 1781 1781 1782 1782 1783 1783 1784 1784 1785 1785 1786 1786 1787 1787 1788 1788 1789 1789 1790 1790 1791 1791 1792 1792 1793 1793 1794 1794 1795 1795 1796 1796 1797 1797 1798 1798 1799 1799 1800 1800 1801 1801 1802 1802 1803 1803 1804 1804 1805 1805 1806 1806 1807 1807 1808 1808 1809 1809 1810 1810 1811 1811 1812 1812 1813 1813 1814 1814 1815 1815 1816 1816 1817 1817 1818 1818 1819 1819 1820 1820 1821 1821 1822 1822 1823 1823 1824 1824 1825 1825 1826 1826 1827 1827 1828 1828 1829 1829 1830 1830 1831 1831 1832 1832 1833 1833 1834 1834 1835 1835 1836 1836 1837 1837 1838 1838 1839 1839 1840 1840 1841 1841 1842 1842 1843 1843 1844 1844 1845 1845 1846 1846 1847 1847 1848 1848 1849 1849 1850 1850 1851 1851 1852 1852 1853 1853 1854 1854 1855 1855 1856 1856 1857 1857 1858 1858 1859 1859 1860 1860 1861 1861 1862 1862 1863 1863 1864 1864 1865 1865 1866 1866 1867 1867 1868 1868 1869 1869 1870 1870 1871 1871 1872 1872 1873 1873 1874 1874 1875 1875 1876 1876 1877 1877 1878 1878 1879 1879 1880 1880 1881 1881 1882 1882 1883 1883 1884 1884 1885 1885 1886 1886 1887 1887 1888 1888 1889 1889 1890 1890 1891 1891 1892 1892 1893 1893 1894 1894 1895 1895 1896 1896 1897 1897 1898 1898 1899 1899 1900 1900 1901 1901 1902 1902 1903 1903 1904 1904 1905 1905 1906 1906 1907 1907 1908 1908 1909 1909 1910 1910 1911 1911 1912 1912 1913 1913 1914 1914 1915 1915 1916 1916 1917 1917 1918 1918 1919 1919 1920 1920 1921 1921 1922 1922 1923 1923 1924 1924 1925 1925 1926 1926 1927 1927 1928 1928 1929 1929 1930 1930 1931 1931 1932 1932 1933 1933 1934 1934 1935 1935 1936 1936 1937 1937 1938 1938 1939 1939 1940 1940 1941 1941 1942 1942 1943 1943 1944 1944 1945 1945 1946 1946 1947 1947 1948 1948 1949 1949 1950 1950 1951 1951 1952 1952 1953 1953 1954 1954 1955 1955 1956 1956 1957 1957 1958 1958 1959 1959 1960 1960 1961 1961 1962 1962 1963 1963 1964 1964 1965 1965 1966 1966 1967 1967 1968 1968 1969 1969 1970 1970 1971 1971 1972 1972 1973 1973 1974 1974 1975 1975 1976 1976 1977 1977 1978 1978 1979 1979 1980 1980 1981 1981 1982 1982 1983 1983 1984 1984 1985 1985 1986 1986 1987 1987 1988 1988 1989 1989 1990 1990 1991 1991 1992 1992 1993 1993 1994 1994 1995 1995 1996 1996 1997 1997 1998 1998 1999 1999 0 
        </DataArray>
        <DataArray type="Int64" Name="offsets" format="ascii">
2 4 6 8 10 12 14 16 18 20 22 24 26 28 30 32 34 36 38 40 42 44 46 48 50 52 54 56 58 60 62 64 66 68 70 72 74 76 78 80 82 84 86 88 90 92 94 96 98 100 102 104 106 108 110 112 114 116 118 120 122 124 126 128 130 132 134 136 138 140 142 144 146 148 150 152 154 156 158 160 162 164 166 168 170 172 174 176 178 180 182 184 186 188 190 192 194 196 198 200 202 204 206 208 210 212 214 216 218 220 222 224 226 228 230 232 234 236 238 240 242 244 246 248 250 252 254 256 258 260 262 264 266 268 270 272 274 276 278 280 282 284 286 288 290 292 294 296 298 300 302 304 306 308 310 312 314 316 318 320 322 324 326 328 330 332 334 336 338 340 342 344 346 348 350 352 354 356 358 360 362 364 366 368 370 372 374 376 378 380 382 384 386 388 390 392 394 396 398 400 402 404 406 408 410 412 414 416 418 420 422 424 426 428 430 432 434 436 438 440 442 444 446 448 450 452 454 456 458 460 462 464 466 468 470 472 474 476 478 480 482 484 486 488 490 492 494 496 498 500 502 504 506 508 510 512 514 516 518 520 522 524 526 528 530 532 534 536 538 540 542 544 546 548 550 552 554 556 558 560 562 564 566 568 570 572 574 576 578 580 582 584 586 588 590 592 594 596 598 600 602 604 606 608 610 612 614 616 618 620 622 624 626 628 630 632 634 636 638 640 642 644 646 648 650 652 654 656 658 660 662 664 666 668 670 672 674 676 678 680 682 684 686 688 690 692 694 696 698 700 702 704 706 708 710 712 714 716 718 720 722 724 726 728 730 732 734 736 738 740 742 744 746 748 750 752 754 756 758 760 762 764 766 768 770 772 774 776 778 780 782 784 786 788 790 792 794 796 798 800 802 804 806 808 810 812 814 816 818 820 822 824 826 828 830 832 834 836 838 840 842 844 846 848 850 852 854 856 858 860 862 864 866 868 870 872 874 876 878 880 882 884 886 888 890 892 894 896 898 900 902 904 906 908 910 912 914 916 918 920 922 924 926 928 930 932 934 936 938 940 942 944 946 948 950 952 954 956 958 960 962 964 966 968 970 972 974 976 978 980 982 984 986 988 990 992 994 996 998 1000 1002 1004 1006 1008 1010 1012 1014 1016 1018 1020 1022 1024 1026 1028 1030 1032 1034 1036 1038 1040 1042 1044 1046 1048 1050 1052 1054 1056 1058 1060 1062 1064 1066 1068 1070 1072 1074 1076 1078 1080 1082 1084 1086 1088 1090 1092 1094 1096 1098 1100 1102 1104 1106 1108 1110 1112 1114 1116 1118 1120 1122 1124 1126 1128 1130 1132 1134 1136 1138 1140 1142 1144 1146 1148 1150 1152 1154 1156 1158 1160 1162 1164 1166 1168 1170 1172 1174 1176 1178 1180 1182 1184 1186 1188 1190 1192 1194 1196 1198 1200 1202 1204 1206 1208 1210 1212 1214 1216 1218 1220 1222 1224 1226 1228 1230 1232 1234 1236 1238 1240 1242 1244 1246 1248 1250 1252 1254 1256 1258 1260 1262 1264 1266 1268 1270 1272 1274 1276 1278 1280 1282 1284 1286 1288 1290 1292 1294 1296 1298 1300 1302 1304 1306 1308 1310 1312 1314 1316 1318 1320 1322 1324 1326 1328 1330 1332 1334 1336 1338 1340 1342 1344 1346 1348 1350 1352 1354 1356 1358 1360 1362 1364 1366 1368 1370 1372 1374 1376 1378 1380 1382 1384 1386 1388 1390 1392 1394 1396 1398 1400 1402 1404 1406 1408 1410 1412 1414 1416 1418 1420 1422 1424 1426 1428 1430 1432 1434 1436 1438 1440 1442 1444 1446 1448 1450 1452 1454 1456 1458 1460 1462 1464 1466 1468 1470 1472 1474 1476 1478 1480 1482 1484 1486 1488 1490 1492 1494 1496 1498 1500 1502 1504 1506 1508 1510 1512 1514 1516 1518 1520 1522 1524 1526 1528 1530 1532 1534 1536 1538 1540 1542 1544 1546 1548 1550 1552 1554 1556 1558 1560 1562 1564 1566 1568 1570 1572 1574 1576 1578 1580 1582 1584 1586 1588 1590 1592 1594 1596 1598 1600 1602 1604 1606 1608 1610 1612 1614 1616 1618 1620 1622 1624 1626 1628 1630 1632 1634 1636 1638 1640 1642 1644 1646 1648 1650 1652 1654 1656 1658 1660 1662 1664 1666 1668 1670 1672 1674 1676 1678 1680 1682 1684 1686 1688 1690 1692 1694 1696 1698 1700 1702 1704 1706 1708 1710 1712 1714 1716 1718 1720 1722 1724 1726 1728 1730 1732 1734 1736 1738 1740 1742 1744 1746 1748 1750 1752 1754 1756 1758 1760 1762 1764 1766 1768 1770 1772 1774 1776 1778 1780 1782 1784 1786 1788 1790 1792 1794 1796 1798 1800 1802 1804 1806 1808 1810 1812 1814 1816 1818 1820 1822 1824 1826 1828 1830 1832 1834 1836 1838 1840 1842 1844 1846 1848 1850 1852 1854 1856 1858 1860 1862 1864 1866 1868 1870 1872 1874 1876 1878 1880 1882 1884 1886 1888 1890 1892 1894 1896 1898 1900 1902 1904 1906 1908 1910 1912 1914 1916 1918 1920 1922 1924 1926 1928 1930 1932 1934 1936 1938 1940 1942 1944 1946 1948 1950 1952 1954 1956 1958 1960 1962 1964 1966 1968 1970 1972 1974 1976 1978 1980 1982 1984 1986 1988 1990 1992 1994 1996 1998 2000 2002 2004 2006 2008 2010 2012 2014 2016 2018 2020 2022 2024 2026 2028 2030 2032 2034 2036 2038 2040 2042 2044 2046 2048 2050 2052 2054 2056 2058 2060 2062 2064 2066 2068 2070 2072 2074 2076 2078 2080 2082 2084 2086 2088 2090 2092 2094 2096 2098 2100 2102 2104 2106 2108 2110 2112 2114 2116 2118 2120 2122 2124 2126 2128 2130 2132 2134 2136 2138 2140 2142 2144 2146 2148 2150 2152 2154 2156 2158 2160 2162 2164 2166 2168 2170 2172 2174 2176 2178 2180 2182 2184 2186 2188 2190 2192 2194 2196 2198 2200 2202 2204 2206 2208 2210 2212 2214 2216 2218 2220 2222 2224 2226 2228 2230 2232 2234 2236 2238 2240 2242 2244 2246 2248 2250 2252 2254 2256 2258 2260 2262 2264 2266 2268 2270 2272 2274 2276 2278 2280 2282 2284 2286 2288 2290 2292 2294 2296 2298 2300 2302 2304 2306 2308 2310 2312 2314 2316 2318 2320 2322 2324 2326 2328 2330 2332 2334 2336 2338 2340 2342 2344 2346 2348 2350 2352 2354 2356 2358 2360 2362 2364 2366 2368 2370 2372 2374 2376 2378 2380 2382 2384 2386 2388 2390 2392 2394 2396 2398 2400 2402 2404 2406 2408 2410 2412 2414 2416 2418 2420 2422 2424 2426 2428 2430 2432 2434 2436 2438 2440 2442 2444 2446 2448 2450 2452 2454 2456 2458 2460 2462 2464 2466 2468 2470 2472 2474 2476 2478 2480 2482 2484 2486 2488 2490 2492 2494 2496 2498 2500 2502 2504 2506 2508 2510 2512 2514 2516 2518 2520 2522 2524 2526 2528 2530 2532 2534 2536 2538 2540 2542 2544 2546 2548 2550 2552 2554 2556 2558 2560 2562 2564 2566 2568 2570 2572 2574 2576 2578 2580 2582 2584 2586 2588 2590 2592 2594 2596 2598 2600 2602 2604 2606 2608 2610 2612 2614 2616 2618 2620 2622 2624 2626 2628 2630 2632 2634 2636 2638 2640 2642 2644 2646 2648 2650 2652 2654 2656 2658 2660 2662 2664 2666 2668 2670 2672 2674 2676 2678 2680 2682 2684 2686 2688 2690 2692 2694 2696 2698 2700 2702 2704 2706 2708 2710 2712 2714 2716 2718 2720 2722 2724 2726 2728 2730 2732 2734 2736 2738 2740 2742 2744 2746 2748 2750 2752 2754 2756 2758 2760 2762 2764 2766 2768 2770 2772 2774 2776 2778 2780 2782 2784 2786 2788 2790 2792 2794 2796 2798 2800 2802 2804 2806 2808 2810 2812 2814 2816 2818 2820 2822 2824 2826 2828 2830 2832 2834 2836 2838 2840 2842 2844 2846 2848 2850 2852 2854 2856 2858 2860 2862 2864 2866 2868 2870 2872 2874 2876 2878 2880 2882 2884 2886 2888 2890 2892 2894 2896 2898 2900 2902 2904 2906 2908 2910 2912 2914 2916 2918 2920 2922 2924 2926 2928 2930 2932 2934 2936 2938 2940 2942 2944 2946 2948 2950 2952 2954 2956 2958 2960 2962 2964 2966 2968 2970 2972 2974 2976 2978 2980 2982 2984 2986 2988 2990 2992 2994 2996 2998 3000 3002 3004 3006 3008 3010 3012 3014 3016 3018 3020 3022 3024 3026 3028 3030 3032 3034 3036 3038 3040 3042 3044 3046 3048 3050 3052 3054 3056 3058 3060 3062 3064 3066 3068 3070 3072 3074 3076 3078 3080 3082 3084 3086 3088 3090 3092 3094 3096 3098 3100 3102 3104 3106 3108 3110 3112 3114 3116 3118 3120 3122 3124 3126 3128 3130 3132 3134 3136 3138 3140 3142 3144 3146 3148 3150 3152 3154 3156 3158 3160 3162 3164 3166 3168 3170 3172 3174 3176 3178 3180 3182 3184 3186 3188 3190 3192 3194 3196 3198 3200 3202 3204 3206 3208 3210 3212 3214 3216 3218 3220 3222 3224 3226 3228 3230 3232 3234 3236 3238 3240 3242 3244 3246 3248 3250 3252 3254 3256 3258 3260 3262 3264 3266 3268 3270 3272 3274 3276 3278 3280 3282 3284 3286 3288 3290 3292 3294 3296 3298 3300 3302 3304 3306 3308 3310 3312 3314 3316 3318 3320 3322 3324 3326 3328 3330 3332 3334 3336 3338 3340 3342 3344 3346 3348 3350 3352 3354 3356 3358 3360 3362 3364 3366 3368 3370 3372 3374 3376 3378 3380 3382 3384 3386 3388 3390 3392 3394 3396 3398 3400 3402 3404 3406 3408 3410 3412 3414 3416 3418 3420 3422 3424 3426 3428 3430 3432 3434 3436 3438 3440 3442 3444 3446 3448 3450 3452 3454 3456 3458 3460 3462 3464 3466 3468 3470 3472 3474 3476 3478 3480 3482 3484 3486 3488 3490 3492 3494 3496 3498 3500 3502 3504 3506 3508 3510 3512 3514 3516 3518 3520 3522 3524 3526 3528 3530 3532 3534 3536 3538 3540 3542 3544 3546 3548 3550 3552 3554 3556 3558 3560 3562 3564 3566 3568 3570 3572 3574 3576 3578 3580 3582 3584 3586 3588 3590 3592 3594 3596 3598 3600 3602 3604 3606 3608 3610 3612 3614 3616 3618 3620 3622 3624 3626 3628 3630 3632 3634 3636 3638 3640 3642 3644 3646 3648 3650 3652 3654 3656 3658 3660 3662 3664 3666 3668 3670 3672 3674 3676 3678 3680 3682 3684 3686 3688 3690 3692 3694 3696 3698 3700 3702 3704 3706 3708 3710 3712 3714 3716 3718 3720 3722 3724 3726 3728 3730 3732 3734 3736 3738 3740 3742 3744 3746 3748 3750 3752 3754 3756 3758 3760 3762 3764 3766 3768 3770 3772 3774 3776 3778 3780 3782 3784 3786 3788 3790 3792 3794 3796 3798 3800 3802 3804 3806 3808 3810 3812 3814 3816 3818 3820 3822 3824 3826 3828 3830 3832 3834 3836 3838 3840 3842 3844 3846 3848 3850 3852 3854 3856 3858 3860 3862 3864 3866 3868 3870 3872 3874 3876 3878 3880 3882 3884 3886 3888 3890 3892 3894 3896 3898 3900 3902 3904 3906 3908 3910 3912 3914 3916 3918 3920 3922 3924 3926 3928 3930 3932 3934 3936 3938 3940 3942 3944 3946 3948 3950 3952 3954 3956 3958 3960 3962 3964 3966 3968 3970 3972 3974 3976 3978 3980 3982 3984 3986 3988 3990 3992 3994 3996 3998 4000 
        </DataArray>
      </Polys>
      <CellData Scalars="Pressure">
        <DataArray type="Float64" Name="Pressure" format="ascii">
172280 173907 174844 175733 176636 177059 177424 177783 177854 177847 177841 177451 176895 176347 175736 175102 174457 173889 173369 172857 172502 172354 172204 172130 172190 172249 172707 174229 175783 177520 180303 183041 185792 188216 190561 192727 193932 195108 196286 196806 197161 197511 197625 197664 197704 197717 197715 197714 197809 197989 198174 198451 198867 199279 199795 200386 201135 201985 203039 204066 205241 206543 207870 209180 210642 212099 213581 214971 216359 217725 218922 219847 220916 221813 222409 222991 223492 223714 223938 224149 224264 224379 224496 224713 224780 225019 225568 226060 226569 227119 227726 228326 228926 229482 230053 230428 230821 231213 231585 232577 232849 233094 233569 234195 234805 234867 235192 235575 236559 237108 237562 237904 237618 237141 236598 236464 235859 235162 234117 231944 229542 226990 224549 222314 219907 218409 216435 213977 211254 209615 210183 203508 187900 154597 110616 67473 39191.1 19714.5 13695.3 11754.3 10851.2 10964.7 10670.2 10935.8 11200.6 11953.6 12080.8 12173 12397.2 12299.7 12583.5 12844.4 13496.7 13683.1 14348.9 13944.9 13276.1 13564.9 13914 14373 14755.4 15071.6 15331.7 15636.4 15914.4 17046.4 16738.1 17235.3 17661 18001 18311 19450.6 19664.3 19094.6 19666.4 20193.2 20692.1 21239.8 21803.1 22286.4 22705.4 23080 23347.1 24471.4 24124.9 24717.4 25215 25601 26926.1 27211.8 28805.3 27935 27339.4 27608.7 28933.3 29373.5 28676.1 29175.2 29617.2 30132.4 30800.6 31357.9 31822.6 32221.7 33705.2 33960.8 34446.6 33904.4 34412 36104.7 36584.7 35967.2 36626.6 37162.4 39060.5 38651.3 39576.2 40345.2 40983.6 42338.6 42624.7 44669.9 43700.6 42968 45142.7 45634.7 46570.3 45928.2 46611.8 48690.7 49423.2 48899.9 49620.9 51652.3 52324.6 51828 52730.6 53390.4 55604.5 54960.1 56033.8 56849.1 57432.9 58290.2 59554.9 60517.4 61209.5 63966.2 63372.9 64628.6 65590.7 68224.3 67445 68651.8 69613.3 70298.4 73197.4 72645.3 73801.9 74655.1 77463 76858.4 78198.9 79224.2 81931.2 83189.7 82777.8 83987.3 86755.7 87861 87541.6 88921.4 91927 92742.6 94354.1 93787.8 96722.1 97488.2 98366.4 99735.5 97905 99792.2 101367 102579 106493 105587 107269 108483 111512 112932 112257 113728 117065 118252 119855 117705 119550 121528 123163 124403 126133 128059 129629 130794 134568 133832 135718 137240 144483 142206 143944 141871 144309 146354 148076 152741 152488 154869 156959 164407 163237 166141 165324 168810 172019 174849 179571 181830 184792 187194 188938 190467 191885 189762 187119 186853 186863 195204 193001 195272 193799 196559 199032 201139 205545 207680 209743 208483 211105 213352 215300 219327 221763 219905 222639 225557 228174 232929 235058 237344 239599 238432 241204 243581 247794 249579 252009 254449 252215 255008 257773 260653 263524 265956 273631 277104 273494 277051 281353 285299 288768 294852 296786 298724 301332 301332 301332 311259 303804 307124 311091 318290 320866 317545 320350 323516 326566 329447 332618 335320 337650 343958 346656 343081 346159 349379 352530 355810 359238 362086 367776 370562 373759 377195 370569 374145 378140 384226 390744 396849 403340 409750 415829 427825 433146 438583 435874 442730 450090 457884 468937 479623 490301 498835 506514 513259 519490 523420 524955 501559 486295 469770 461572 464263 467207 470508 474350 478141 482104 486340 490617 494779 498828 502821 506889 511196 515382 519308 524804 526920 529119 531658 530338 532859 536577 540815 545103 548807 552170 555496 559394 563814 568280 572416 576199 579945 584248 589772 595355 600641 605095 609443 613738 616948 620206 623404 628020 632541 637108 640299 643423 646499 650957 655603 660304 663504 666259 668965 673028 677689 682413 687609 693302 698899 703295 706295 709327 713105 718139 723086 727222 729472 731742 734442 738763 743016 747031 749304 751587 753875 757317 760713 764177 766537 768882 771155 774035 776933 779865 783303 786962 790578 793280 795458 797616 800722 804611 808463 815999 817979 820055 822581 825635 828716 828312 831010 833768 836407 838566 840649 842748 845390 848074 850712 852725 854651 856621 859643 863065 870154 873448 876847 880540 881103 883284 885299 887326 889489 891705 893911 896263 898696 901281 903732 908119 910436 910113 912003 913968 915453 916735 917973 919355 920917 922603 923893 926365 926673 923918 921922 919830 917709 914409 911027 907562 904199 900953 899653 895515 894784 894609 894898 895144 895557 896152 897116 898430 897007 896980 894937 893215 891268 888433 885449 883272 887318 894927 898098 917282 924098 930460 938987 948861 957031 951037 953179 954982 956433 954882 954678 954318 953079 951497 949699 948031 946569 945156 943839 942794 941949 941070 940236 939549 938840 938084 937051 936017 935264 933594 932192 930706 929181 927582 926714 925178 923437 922265 921106 919879 917799 915489 913419 910802 908498 906035 903493 910621 913001 913613 912446 906197 900019 892692 905297 913862 921021 927134 932796 920087 924151 918103 909999 902649 896295 891428 885497 880307 876201 872401 868021 865927 866027 866503 867369 868656 869747 870431 870840 870987 870203 869156 867508 864492 860162 857278 851736 846200 840887 836991 834642 831443 828617 825993 823657 815438 790783 772031 759917 742111 737289 744412 739611 734981 732932 730632 729409 725066 721883 718781 715862 712907 710102 707364 704783 702182 699379 696594 693917 691214 687712 683670 679490 675034 669649 663076 656553 649864 643347 638485 634393 626807 619763 618056 616535 611178 609040 604068 603377 602779 602292 601732 602303 604110 606738 610273 616042 623539 631728 640877 646658 640972 635259 629331 618730 599571 585761 574147 581098 574027 569691 569194 572400 570768 568475 564579 563760 561838 557814 554067 549616 545863 542350 538960 537381 533410 531060 528792 528150 526476 523895 522664 523042 522673 522645 521778 523700 526533 530183 530718 534951 526445 515847 490344 465787 439508 396487 387756 383665 380974 390418 391202 391998 395932 401919 403761 404206 404387 402161 401059 399861 400286 398069 395502 391434 388636 385975 383506 383835 382614 380620 380190 381438 382628 382666 379459 370923 362448 354404 348276 343366 338638 337925 332234 329930 327665 326440 325516 324635 325543 322090 320469 318830 316319 313824 311330 311231 306381 303764 301211 299299 297392 295552 295535 293833 290404 288227 285486 282847 280335 278616 276882 275190 275400 271356 269355 267078 264530 262094 262256 260064 257845 253700 251441 249230 246998 245126 243335 241535 241387 239250 237081 232768 230692 228650 226573 224099 221633 219275 219828 217933 215953 214023 210313 208578 206789 204965 203128 201355 199709 198119 196529 197513 196245 194950 191480 189620 187770 186231 184825 183418 181693 179669 177665 178245 177022 175790 174481 172867 169280 167582 166167 164767 163328 161793 160217 158673 156989 155288 153564 151861 150134 148449 148872 147343 145761 144218 142704 139519 138000 136491 134964 133462 131906 130381 128847 127654 126427 125208 123968 122748 121505 120486 119482 118484 117449 116427 115388 114472 113593 112718 111757 110768 109774 110636 109578 108544 107521 106599 105648 104706 103712 102738 101758 100896 100008 99134.5 98210.3 97305.1 96378.1 95569 94735.9 93919.5 93047.1 92190.7 91309.1 90519.2 89715 88927.5 88094.6 87273 86426.9 85607.7 84768.7 83947.1 83271.6 82692.6 82102 80585.9 79786.8 78972.4 78121.8 77276.7 76404.2 75531.6 74633.4 73741.7 72848.9 72028.9 71196.5 70379.7 69552.1 68735.9 67909.8 67163.1 66406.3 65664.3 64909.7 64165 63405.8 62621.6 61812 61008.1 60281.8 60995 60265.2 59695.3 59152.5 58637.9 57486.9 56967.6 56391.2 55796.5 55185.2 54551.1 53881.9 53220.8 52527.2 51832.9 51167.2 50504.7 49824.7 49210.1 49982.7 49371.8 48863.5 48384 47910.1 47083.9 46610.7 46082.5 45554.5 45048.6 44498.7 43965.7 43467.4 42963.5 43603.5 43207.1 42806.9 41841.3 41486.8 41074.5 40589.6 40141.9 39660.5 39149.3 38671.7 38224.3 38842.2 38453.7 38072.5 37707.9 36980.4 36640.3 36227.5 35758.1 35311.1 34831.6 34303.4 35129.8 35019.4 34971.7 37750.8 38109 38170.9 38101.3 38227 38238 38143.3 37294.9 37322.5 37299.9 35521.4 34603.7 33530.6 32489.3 31520.2 32827.1 30086.7 29672 29139.1 28504.5 27975.7 27455.9 26897.4 26394 27172 26721.7 25883.3 25635.2 25298.6 24883.5 24540.8 24203.8 24625 23718.2 23447.7 23105.4 22690.7 22383.7 22054.2 22631.5 21637.6 21392.8 21060 20688.8 20402.4 20106.9 20684.9 19786.4 19594.3 19334.6 19040.9 18799.8 18534.7 19005.8 19298.3 19509.6 19552.8 19552.9 19731 19500.8 19659.8 19139.5 18702.1 18185.5 17656.2 18260.2 17926.5 17635 17058.4 16759.8 16339.7 16671.9 16388.4 16094.1 15996.3 15470.6 15189.1 15320.7 15043 14551.4 14365.1 14086.2 13749.1 14130.1 13924.5 13790.1 13338.5 13112.8 12809.9 12987.5 12526.3 12375.9 12135 11811.2 12164 11984.8 11891.6 11515.9 11339.1 11441.2 11213.9 10874.1 10754.7 10573.6 10696.3 10195.7 10062.5 9869.23 9609.4 9883.61 9682.33 10019.3 9789.05 10006.2 9828.59 9717.53 9624.78 9269.3 9089.65 9117.93 8973.4 8626.15 8485.47 8292.38 8420.2 8024.84 7921.46 7756.88 7525.57 7407.61 7313.78 7167.54 6964 6793.22 6742.75 6639.65 6480.44 6296.76 6232.19 6153.48 6015.06 5821.62 6064.92 5896.94 6173.58 6046.62 6096.82 6001.14 6044.44 5818.9 5647.78 5554.68 5438.16 5302.86 5144.29 5065.22 4994.47 4892.3 4755.36 4630.54 4590.19 4518.08 4405.44 4255.99 4207.28 4164.16 4090.2 3987.84 3901.82 3858.34 3788.31 3694.03 3831.54 3601.72 3572.13 3511.91 3588.89 3545.07 3364.05 3317.04 3381.29 3316.41 3284.9 3136.04 3078.3 3017.24 2942 2855.06 2929.53 2940.33 2869.16 2718.55 11157.1 6881.94 11722.6 16231.4 28632.5 34703.9 41290.8 45817 54487.2 62168.5 69118.3 76549.4 88534.3 98258 106050 85330.8 87611.2 108772 111276 96625 96951.5 96987 112765 118688 126919 137180 132418 134160 144116 144302 146940 151091 156816 155978 174429 184379 195125 198239 194808 187956 175920 170372 164861 159569 159022 156592 152005 150181 147961 145839 143762 144791 143426 139903 138716 138024 137351 136710 137866 135719 135092 134444 133337 132305 131315 132267 131442 129022 128238 127580 126934 126323 127389 127122 125705 125037 124045 123183 124365 123958 123606 123230 121254 120819 120385 119814 119069 118343 119506 118736 115756 114930 115128 115520 115944 116431 117013 117642 120090 118193 118128 118035 117419 116724 115929 114417 112725 111100 112294 108344 107082 105975 105220 104450 103652 103017 102427 101902 103876 103864 102149 101844 101432 101074 100821 100643 100453 100153 99619.2 99128.3 100552 99781.7 97319.1 96498.9 95721.8 94951.5 94159.5 93291.3 92394.8 91520.9 90561.9 89596.9 88640.5 89564.1 88795.5 88038 87229.4 84657.6 83590.1 82604.7 81754.9 80922.2 80076.9 79230.1 78374.7 77538.5 76904.4 76272.6 75613.1 74834.4 74044.6 73292.2 74607.3 73945.4 73258.4 72653.6 72117.6 71584.8 69304.6 68532.9 67760.3 67066.2 66444.5 65831.7 65217.4 64633.1 64036.6 63447.1 62845.2 62251.3 61662.2 61199 60718.5 60237.3 59762.9 59291.1 58806.4 58424.2 58034.4 57643.2 57240.4 56840.2 56429.3 56065 55702.6 55340.2 54951 54557 54152.8 53759.7 53361.2 52964.6 52548.6 52127.6 51695.9 51238.3 50729.1 50224.3 49709.1 49202.5 48684 48158.9 47586.6 47020.2 46463.7 46017.1 45560.4 45072.3 44185.3 43308.3 42422.5 42643.7 42852.7 43041.8 47770.9 53090 58784.1 107352 165531 222813 243416 250174 256672 260060 261997 263913 264853 265025 265285 265508 265613 265715 265492 264642 263573 263288 263431 263507 263233 263537 263819 264071 264425 264784 265161 265175 265124 265042 265319 265677 266021 265960 265694 265429 265056 264554 264136 263300 262781 262252 261637 260883 260173 259545 259056 258582 258106 257987 257902 257834 257960 257815 257670 257123 257204 257327 257252 256852 256422 255930 255266 254605 254169 253108 251995 250845 249366 248117 246852 245588 244279 242976 241581 240269 238776 237004 235625 234273 232904 231535 230132 228743 227208 225980 224372 222573 221122 219705 218263 216785 215288 213821 212418 210900 209346 207858 206639 205461 204283 203130 202063 200954 199736 198716 197702 196728 195753 194801 193839 192825 191777 190637 189173 188005 186856 185724 184482 183284 182038 180665 179442 178262 177043 175796 174550 173202 172017 170885 169768 168592 167342 166100 164168 162307 160352 158366 156409 154081 152328 148866 147155 145642 144777 143536 143253 143096 143059 143676 145073 145878 146400 147436 148782 150398 150752 151919 152529 155427 157529 159721 161611 164834 167722 170563 173451 174813 176908 177908 179281 180087 180895 181807 182032 181989 182326 183036 183853 184255 184872 185683 185974 186183 186158 185624 184541 183058 181423 179474 177278 175643 174143 168336 157407 134303 102907 64229.6 50564.8 32414.2 24494.6 24857.1 24835.9 25519.3 25818 26144.7 26050.5 26315.2 26967 27247.4 27009.3 27247.3 27982.2 28281.8 27966.1 28285.6 28596.8 29740.4 29444.6 30117.3 30780.9 32517.8 32179 33400 34716.2 36085 36415.5 36734.1 35703.7 34723.7 33568.7 33444.2 33814.1 34158.1 34487.6 34881.5 35345 35774 36182.4 37223.7 37113.5 37668.9 38215.1 39432.8 40049.6 39977.4 40596.2 41884 42691.4 42744.1 43663.2 45417.3 46439.9 48263.5 47926.1 51943.1 53741.3 54695 53890 54905.5 53772.6 52598.2 51343.6 50021 49777.6 49850.5 50088.7 50948.5 51506.4 51545.4 52027 52907.3 53569 54464 54448.4 55453 56507.1 57544 58598.1 60113.3 61907.1 63721.7 67052.2 69895.4 70679.1 74446 81921.9 86815 90067.2 92591 96298.7 98429 100284 101806 99967.2 97430.1 94558.8 91944.7 89646.8 87719.6 86097.7 85278 85046.3 84899.7 84833 85359.9 85718.8 85699.4 86104.3 86569.2 87096.6 87669.3 88811.2 88935.5 89643.3 90437.9 91465.2 92552.8 93736.3 94859.8 95831.3 96850.9 98611.8 100030 100682 101629 102092 103008 104013 105834 106958 107931 108966 109465 110528 111621 113501 114613 115627 116645 117197 118198 119251 120382 121604 122822 124420 125482 126367 127423 128458 129508 130622 132131 133236 134322 135140 136177 137279 138410 139624 140853 142132 143537 144565 145617 146680 147683 148708 149720 150783 151619 152488 153287 154237 155179 156013 156646 157264 157964 158494 159012 159545 160085 160651 161215 161717 162191 162682 163170 163658 164132 164618 164975 165322 165664 165939 166213 166493 166726 166962 167196 167379 167532 167677 167761 167826 167872 167906 167916 167926 167930 167919 167911 167899 167846 167783 167711 167596 167492 167397 167297 167187 167043 166899 166748 166599 166412 166194 165982 165742 165478 165212 164943 164656 164375 164086 163785 163474 163238 162848 162472 162091 161728 161357 160868 160511 160162 159807 159527 159256 158990 158769 158569 158367 158248 158172 158098 158050 158026 158003 158038 158143 158246 158388 158587 158790 159024 159342 159655 160149 161285 162439 163650 165446 167211 168998 170626 
        </DataArray>
        <DataArray type="Float64" Name="Temperature" format="ascii">
977.864 980.173 981.382 982.5 983.617 984.02 984.315 984.583 984.396 984.074 983.726 982.776 981.543 980.307 978.946 977.536 976.076 974.723 973.418 972.109 971.018 970.243 969.433 968.73 968.21 967.678 967.74 969.472 971.221 973.224 976.729 980.16 983.564 994.771 997.275 999.504 1000.1 1000.69 1001.25 998.885 999.071 999.227 998.957 998.539 998.088 997.569 996.99 996.395 995.916 995.557 995.175 994.932 994.892 994.839 994.931 994.76 995.255 995.929 996.923 997.885 999.27 1000.72 1002.2 1003.67 1005.39 1007.12 1008.88 1010.56 1012.24 1013.89 1015.39 1016.5 1017.88 1019.1 1019.9 1020.68 1021.38 1021.78 1022.19 1022.6 1023.21 1023.8 1024.39 1025.79 1027.81 1029.42 1031.77 1035.2 1038.61 1043.24 1049.23 1054.86 1061.26 1069.63 1077.6 1096.04 1107.5 1117.75 1128.27 1141.69 1159.75 1177.8 1195.9 1213.19 1230.54 1247.68 1262.86 1277.71 1292.34 1303.53 1313.92 1323.14 1315.03 1299.33 1290.82 1256.17 1227.51 1201.32 1180.16 1175.1 1170.32 1165.98 1177.78 1185.26 1192.42 1198.27 1212.68 1227.9 1243.25 1254.82 1260.13 1266.82 1207 1105.12 958.996 760.502 557.584 392.384 335.89 303.904 288.004 287.68 285.672 287.57 289.518 294.526 295.428 296.135 297.619 296.989 298.77 300.399 304.464 305.561 309.673 307.169 303.003 304.795 306.921 309.74 312.009 313.904 315.483 317.153 318.69 324.819 323.308 325.96 328.247 330.094 331.685 337.171 338.31 335.657 338.275 340.732 343.108 345.66 348.207 350.396 352.296 353.893 355.049 359.706 358.383 360.795 362.832 364.427 369.505 370.609 376.517 373.369 371.213 372.26 377.176 378.723 376.259 378.075 379.722 381.625 383.969 385.934 387.586 388.975 393.807 394.707 396.285 394.594 396.217 401.565 403.023 401.219 403.278 404.976 410.635 409.549 412.288 414.562 416.446 420.207 421.056 426.545 424.022 422.126 427.947 429.333 431.764 430.202 431.994 437.309 439.15 437.974 439.806 444.803 446.447 445.382 447.573 449.189 454.346 453.005 455.512 457.44 458.855 460.859 463.663 465.818 467.394 473.163 472.09 474.732 476.761 482.046 480.619 483.065 485.027 486.439 491.975 491.067 493.311 494.977 500.142 499.17 501.645 503.547 508.358 510.552 509.969 512.099 516.835 518.689 518.281 520.59 525.493 526.854 529.436 528.634 533.238 534.472 535.849 537.928 535.21 538.108 540.528 542.391 548.132 546.889 549.366 551.154 555.443 557.43 556.578 558.652 563.259 564.863 567.002 564.169 566.647 569.317 571.52 573.187 575.454 577.969 580.026 581.557 586.246 585.496 587.882 589.816 598.439 595.883 597.996 595.709 598.655 601.131 603.221 608.552 608.426 611.171 613.576 621.607 620.506 623.651 622.967 626.644 630.019 632.984 637.804 640.026 642.979 645.399 647.112 648.595 649.947 647.846 645.199 644.669 644.516 652.603 650.558 652.765 651.473 654.137 656.519 658.543 662.639 664.635 666.545 665.478 667.889 669.955 671.746 675.318 677.475 675.873 678.265 680.801 683.056 687.052 688.898 690.874 692.768 691.694 693.964 695.875 699.237 700.652 702.704 704.729 702.384 704.655 706.842 709.061 711.21 712.949 719.039 721.521 718.191 720.711 723.778 726.568 728.973 733.444 734.329 735.218 736.415 736.415 736.415 745.629 737.509 739.058 740.981 746.057 747.844 744.637 746.522 748.54 750.369 751.989 753.82 755.283 756.433 761.334 763.089 759.273 761.296 763.277 765.05 766.785 768.554 769.867 773.596 775.683 777.873 780.025 772.858 775.259 777.648 781.031 784.393 787.247 790.051 792.525 794.466 803.916 807.659 811.721 796.022 800.281 805.101 810.384 817.296 824.305 831.637 838.296 844.833 851.099 856.782 861.623 865.908 866.596 858.624 850.086 845.904 847.506 849.228 851.119 853.291 855.435 857.667 860.023 862.408 864.732 866.981 869.203 871.471 873.805 876.088 878.246 880.659 881.839 883.063 884.425 884.668 886.012 887.887 889.988 892.116 893.946 895.599 897.234 899.107 901.188 903.294 905.232 906.977 908.705 910.667 913.124 915.61 917.957 919.899 921.795 923.666 925.042 926.439 927.812 929.74 931.628 933.536 934.841 936.116 937.372 939.161 941.021 942.904 944.157 945.224 946.272 947.835 949.625 951.44 953.409 955.549 957.654 959.269 960.321 961.384 962.716 964.499 966.251 967.687 968.393 969.104 969.974 971.436 972.875 974.222 974.925 975.628 976.335 977.479 978.607 979.758 980.541 981.317 982.068 983.072 984.089 985.117 986.334 987.631 988.914 989.869 990.636 991.397 992.494 993.868 995.228 998.062 998.887 999.745 1000.84 1002.21 1003.58 1003.86 1005.25 1006.68 1008.08 1009.35 1010.61 1011.89 1013.36 1014.88 1016.39 1017.67 1018.92 1020.21 1021.77 1023.46 1025.31 1026.85 1028.39 1030.03 1031.16 1032.04 1032.88 1033.73 1034.63 1035.57 1036.51 1037.46 1038.46 1039.54 1040.57 1041 1041.94 1042.83 1043.43 1044.12 1044.72 1045.33 1045.97 1046.71 1047.55 1048.49 1049.38 1048.81 1049.38 1050.35 1049.62 1048.96 1048.41 1047.62 1046.92 1046.31 1045.76 1045.33 1042.72 1043.91 1043.47 1043.33 1043.44 1043.53 1043.86 1044.45 1044.7 1045.12 1041.37 1042.5 1039.51 1036.59 1034.03 1031.64 1029.14 1026.98 1027.82 1029.43 1030.09 1036.27 1037.55 1038.24 1039.84 1042.32 1044.24 1043.28 1043.32 1043.19 1043.12 1043.36 1043.4 1043.42 1043.18 1042.09 1041.67 1041.83 1041.29 1040.85 1040.54 1040.38 1039.28 1039.16 1039.83 1039.67 1039.65 1039.76 1039.78 1039.85 1038.4 1039.17 1038.76 1038.47 1038.29 1038.17 1036.92 1036.87 1037.26 1036.84 1036.53 1036.33 1035.92 1034.59 1034.24 1033.67 1032.79 1031.87 1030.93 1033.03 1034.19 1034.6 1035.32 1030.67 1025.77 1019.58 1025.51 1029.79 1033.62 1037.05 1039.31 1033.48 1034.5 1031.63 1028.95 1026.3 1023.77 1022.77 1019.96 1017.82 1016.45 1015.03 1013.25 1012.62 1012.48 1012.58 1012.84 1013.27 1013.62 1013.86 1014.03 1014.15 1014.07 1013.74 1013.32 1007.58 1005.58 1005.05 1006.83 1004.91 1003.65 1002.74 1002.21 1001.31 1002.87 1006.14 1011.03 1013.55 1000.37 997.154 993.343 987.729 985.782 986.49 985.289 984.46 983.268 982.526 980.369 980.042 978.154 976.717 975.778 974.619 973.326 972.363 971.764 971.285 970.228 969.548 969.268 969.313 968.51 967.561 966.894 966.487 965.293 963.233 961.631 960.435 959.202 956.013 952.566 951.826 949.586 948.698 947.166 946.939 945.717 944.095 944.03 943.986 943.965 943.611 943.153 943.237 943.772 944.776 945.88 947.47 949.551 952.192 952.706 947.242 942.423 938.09 932.137 923.006 915.639 909.26 910.424 906.276 903.42 901.937 901.757 899.933 898.233 895.567 894.526 893.417 890.573 888.48 885.852 883.821 881.911 880.06 879.241 877.214 876.067 874.942 874.612 873.799 872.526 871.911 872.051 871.874 871.905 871.382 872.245 873.562 875.288 875.629 877.802 874.004 869.258 857.453 845.054 831.166 808.31 803.156 800.525 798.807 804.312 804.792 805.272 807.585 811.085 812.173 812.457 812.59 811.333 810.746 810.105 810.414 809.219 807.828 805.537 804.012 802.576 801.265 801.64 801.075 800.001 799.896 800.986 802.097 802.447 800.5 795.636 790.575 785.771 781.996 778.914 775.963 775.529 771.914 770.425 768.957 768.142 767.521 766.936 767.419 765.161 763.994 762.826 761.033 759.262 757.501 757.278 753.914 751.991 750.114 748.663 747.222 745.839 745.686 744.353 741.816 740.138 738.05 736.047 734.143 732.815 731.48 730.182 730.297 727.208 725.66 723.886 721.89 719.986 720.1 718.357 716.583 713.289 711.441 709.633 707.811 706.284 704.819 703.341 703.156 701.334 699.489 695.869 694.026 692.217 690.381 688.177 685.984 683.891 684.288 682.52 680.685 678.898 675.511 673.859 672.136 670.333 668.519 666.773 665.163 663.611 662.065 662.86 661.535 660.19 656.817 654.946 653.088 651.492 649.998 648.511 646.709 644.613 642.543 643.079 641.733 640.383 638.956 637.221 633.453 631.626 630.027 628.449 626.834 625.096 623.313 621.566 619.636 617.681 615.701 613.72 611.692 609.717 610.123 608.286 606.39 604.535 602.68 598.859 596.978 595.08 593.162 591.272 589.273 587.316 585.349 583.773 582.157 580.554 578.896 577.263 575.603 574.215 572.842 571.48 570.05 568.632 567.192 565.908 564.666 563.433 562.065 560.65 559.229 560.365 558.839 557.348 555.865 554.509 553.111 551.722 550.238 548.785 547.321 546.021 544.683 543.367 541.982 540.626 539.238 538.052 536.831 535.633 534.353 533.096 531.802 530.653 529.484 528.338 527.113 525.901 524.651 523.428 522.171 520.94 519.949 519.113 518.261 515.752 514.467 513.15 511.749 510.329 508.858 507.364 505.789 504.221 502.637 501.147 499.632 498.134 496.567 495.02 493.448 491.981 490.492 489.031 487.487 485.96 484.402 482.739 481.014 479.3 477.713 479.127 477.525 476.248 475.023 473.86 471.287 470.045 468.67 467.24 465.753 464.21 462.575 460.943 459.229 457.508 455.832 454.161 452.442 450.87 452.668 451.109 449.794 448.549 447.315 445.147 443.85 442.408 440.952 439.544 438.014 436.528 435.13 433.716 435.401 434.279 433.144 430.438 429.377 428.147 426.703 425.354 423.9 422.357 420.909 419.548 421.34 420.156 418.992 417.876 415.617 414.517 413.185 411.673 410.213 408.644 406.912 409.628 409.329 409.244 407.103 406.479 405.457 404.273 403.327 402.298 401.182 405.284 404.627 404.031 398.553 396.226 393.158 389.958 386.798 392.171 381.951 380.617 378.791 376.527 374.651 372.728 370.569 368.547 372.274 370.384 366.904 366.056 364.801 363.175 361.842 360.477 362.436 358.496 357.356 355.887 354.091 352.792 351.371 354.043 349.559 348.459 346.927 345.198 343.867 342.485 345.272 340.974 340.035 338.744 337.291 336.137 334.857 337.34 334.468 334.017 333.229 332.528 332.573 334.612 334.842 330.871 328.995 326.468 323.659 328.137 326.212 324.426 321.569 320.134 317.928 320.046 318.493 316.741 316.254 313.312 311.716 312.531 310.939 308.017 306.878 305.148 303.05 305.448 304.191 303.373 300.568 299.112 297.14 298.239 295.254 294.229 292.573 290.337 292.733 291.521 290.883 288.286 287.025 287.684 286.064 283.616 282.712 281.335 282.197 278.457 277.421 275.894 273.825 275.971 274.458 277.109 273.843 272.671 272.897 271.766 271.099 268.257 266.895 267.374 266.138 263.213 262.067 260.422 261.596 258.146 257.241 255.742 253.598 252.504 251.618 250.199 248.2 246.531 246.005 244.922 243.243 241.317 240.639 239.746 238.179 235.991 238.761 237.025 240.164 238.365 238.316 237.544 238.257 235.63 233.836 232.776 231.38 229.736 227.789 226.827 225.919 224.598 222.819 221.209 220.656 219.667 218.13 216.097 215.383 214.707 213.601 212.101 210.82 210.158 209.11 207.712 209.699 206.25 205.719 204.722 205.79 205.122 202.197 201.403 202.367 201.292 200.749 198.22 197.19 196.052 194.642 193.009 195.643 196.974 196.549 194.384 290.628 245.896 306.8 366.508 508.1 536.059 587.6 605.119 629.968 653.607 676.824 696.743 717.19 738.767 762.183 696.683 696.1 753.997 753.844 707.053 701.708 694.977 733.334 739.325 751.367 769.043 753.913 756.775 776.243 775.027 778.413 784.567 793.668 786.892 818.312 830.795 844.932 844.717 837.862 826.601 813.633 804.662 796.32 788.874 785.483 780.92 775.597 772.103 768.402 765.093 762.096 762.066 759.499 755.838 753.791 752.515 751.458 750.645 751.019 749.434 748.237 747.27 745.61 744.218 743.047 743.408 742.004 739.877 738.706 737.773 737.032 736.508 737.059 736.111 735.101 733.732 732.015 730.668 732.231 730.997 729.674 728.699 727.652 726.816 726.228 725.541 724.605 723.837 724.345 723.027 720.74 719.333 719.483 720.076 720.905 721.9 723.079 724.423 726.036 725.813 725.448 725.283 724.195 723.152 722.12 719.611 716.787 714.176 713.725 708.639 705.657 703.032 700.773 698.611 696.494 694.723 693.097 691.666 692.874 692.058 689.891 688.479 686.954 685.634 684.571 683.707 682.873 681.888 680.48 679.199 680.17 678.195 674.647 672.497 670.426 668.448 666.493 664.358 662.182 660.104 657.887 655.688 653.528 654.271 652.214 650.278 648.298 643.56 640.879 638.404 636.156 633.985 631.806 629.574 627.342 625.179 623.363 621.569 619.724 617.603 615.455 613.408 615.456 613.456 611.422 609.577 607.852 606.172 600.851 598.494 596.144 593.986 591.975 590.007 588.025 586.099 584.145 582.223 580.256 578.323 576.408 574.861 573.271 571.694 570.337 568.992 567.614 566.531 565.43 564.328 563.188 562.056 560.895 559.86 558.829 557.799 556.694 555.576 554.43 553.325 552.211 551.103 549.943 548.771 547.569 546.266 544.778 543.303 541.776 540.233 538.654 537.038 535.228 533.436 531.667 530.209 528.718 527.115 524.112 521.141 518.142 519.392 520.586 521.678 546.541 574.671 604.973 711.989 835.823 957.005 997.511 1008.14 1018.5 1027.63 1036.43 1045 1057.8 1074.15 1091.32 1110.56 1133.11 1156.16 1178.94 1199.44 1175.67 1195.95 1221.94 1249.18 1311.8 1345.13 1378.87 1411.52 1429.06 1450.49 1476.67 1506.43 1542.24 1583.18 1603.96 1619.77 1638.13 1646.45 1650.48 1656.15 1656.83 1506.68 1502.18 1604.27 1595.73 1593.32 1599.46 1618.16 1642.69 1671.47 1695.33 1720.41 1747.57 1758.59 1769.25 1780.2 1573.13 1531.86 1484.21 1462.69 1379.56 1302.25 1244.26 1209.43 1173.69 1145.76 1141.63 1136.92 1131.39 1130.41 1129.37 1128.39 1127.16 1126.35 1125.54 1124.98 1124.59 1124.23 1123.95 1124.06 1123.88 1123 1122.82 1122.66 1122.53 1122.08 1121.82 1121.79 1120.91 1118.24 1116.88 1115.25 1112.96 1110.84 1108.75 1106.35 1104.08 1102.01 1098.59 1096.27 1093.81 1091.92 1090.3 1088.87 1087.56 1086.14 1084.22 1083.13 1082.05 1081.26 1080.66 1080.82 1081.35 1081.61 1085.85 1088.81 1089.83 1093.62 1093.8 1098.07 1100.57 1114.85 1115.75 1115.35 1117.07 1114.93 1115.62 1114.34 1112.63 1126.55 1124.15 1120.98 1124.35 1125.36 1124.05 1136.62 1135.4 1132.71 1130.08 1130.75 1129.36 1125.95 1133.23 1128.84 1141.05 1120.19 1119.46 1117.77 1123.6 1117.31 1119.84 1121.59 1122.64 1124.61 1136.5 1136.45 1134.62 1139.18 1143.62 1147.8 1154.61 1157.76 1168.33 1168.41 1176.33 1184.17 1192.58 1201.19 1210.72 1220.34 1230.38 1251.15 1271.11 1297.91 1316.77 1338.07 1356.01 1375.05 1368.42 1358.84 1350.4 1343.36 1329.26 1304.19 1278.35 1252.56 1231.81 1219.57 1207.57 1202.72 1201.94 1197.79 1190.81 1187.46 1183.34 1180.11 1176.82 1165.7 1132.63 1059.67 952.431 814.358 715.797 613.699 553.562 556.053 556.161 560.538 562.524 564.597 564.188 565.883 569.857 571.583 570.235 571.681 576.047 577.819 575.938 577.773 579.553 586.118 584.352 588.051 591.671 601.153 599.176 605.231 611.66 618.254 620.653 621.098 616.514 612.431 608.498 607.958 609.959 611.839 613.659 615.784 618.197 620.427 622.55 627.739 627.324 630.078 632.735 638.598 641.624 641.437 644.367 650.257 654.029 654.362 658.504 666.207 670.338 677.516 675.985 691.162 699.291 700.682 698.519 699.827 696.403 693.352 690.573 688.621 687.426 687.69 688.58 692.197 694.569 694.739 696.721 700.166 702.809 706.476 706.271 710.046 713.945 717.717 721.486 726.988 733.304 739.442 750.49 759.713 761.331 772.477 794.417 811.372 816.029 823.747 828.163 834.458 840.946 847.416 850.471 843.606 836.45 829.841 823.952 818.938 814.627 812.627 812.334 812.077 811.85 813.583 815.019 814.176 815.541 817.091 818.65 820.167 824.079 823.878 826.047 828.23 830.985 833.803 836.775 839.773 842.667 845.406 849.891 855.62 855.253 857.869 858.074 860.651 863.155 867.455 869.976 872.853 875.561 875.525 878.333 880.859 884.984 887.324 890.368 893.11 892.282 894.919 897.387 899.963 902.695 905.195 910.45 912.948 912.796 915.115 917.325 919.29 921.036 924.991 928.048 930.777 928.629 931.306 933.775 935.958 938.372 940.572 942.528 948.841 946.976 949.497 951.771 953.89 955.517 956.605 959.573 961.952 964.14 959.93 962.442 964.459 966.039 966.972 967.252 968.228 970.037 972.073 974.007 968.127 970.057 971.756 973.347 974.661 975.709 976.624 977.331 977.636 984.03 985.257 977.429 978.652 980.022 981.212 982.264 983.151 983.793 984.17 984.262 983.973 983.294 990.284 990.413 979.978 980.196 980.601 980.898 981.158 981.453 981.533 981.504 981.809 981.666 981.091 985.279 984.755 984.347 984.259 984.336 973.957 974.061 974.229 974.4 974.573 974.713 974.802 974.774 974.618 974.403 974.218 974.076 973.818 973.405 972.762 971.969 978.212 977.479 976.776 976.056 975.356 974.637 965.927 965.2 964.485 963.75 963.2 962.663 962.122 961.679 961.273 960.842 960.563 960.348 960.116 959.909 959.724 959.515 959.391 959.363 959.312 959.3 959.37 959.419 959.506 959.721 959.912 960.394 961.988 963.588 965.275 967.939 970.54 973.155 975.499 
        </DataArray>
        <DataArray type="Float64" Name="Tau1" format="ascii">
0 0 0 0 0 0 0 0 0 0 0 0 0 0 0 0 0 0 0 0 0 0 0 0 0 0 0 0 0 0 0 0 0 0 0 0 0 0 0 0 0 0 0 0 0 0 0 0 0 0 0 0 0 0 0 0 0 0 0 0 0 0 0 0 0 0 0 0 0 0 0 0 0 0 0 0 0 0 0 0 0 0 0 0 0 0 0 0 0 0 0 0 0 0 0 0 0 0 0 0 0 0 0 0 0 0 0 0 0 0 0 0 0 0 0 0 0 0 0 0 0 0 0 0 0 0 0 0 0 0 0 0 0 0 0 0 0 0 0 0 0 0 0 0 0 0 0 0 0 0 0 0 0 0 0 0 0 0 0 0 0 0 0 0 0 0 0 0 0 0 0 0 0 0 0 0 0 0 0 0 0 0 0 0 0 0 0 0 0 0 0 0 0 0 0 0 0 0 0 0 0 0 0 0 0 0 0 0 0 0 0 0 0 0 0 0 0 0 0 0 0 0 0 0 0 0 0 0 0 0 0 0 0 0 0 0 0 0 0 0 0 0 0 0 0 0 0 0 0 0 0 0 0 0 0 0 0 0 0 0 0 0 0 0 0 0 0 0 0 0 0 0 0 0 0 0 0 0 0 0 0 0 0 0 0 0 0 0 0 0 0 0 0 0 0 0 0 0 0 0 0 0 0 0 0 0 0 0 0 0 0 0 0 0 0 0 0 0 0 0 0 0 0 0 0 0 0 0 0 0 0 0 0 0 0 0 0 0 0 0 0 0 0 0 0 0 0 0 0 0 0 0 0 0 0 0 0 0 0 0 0 0 0 0 0 0 0 0 0 0 0 0 0 0 0 0 0 0 0 0 0 0 0 0 0 0 0 0 0 0 0 0 0 0 0 0 0 0 0 0 0 0 0 0 0 0 0 0 0 0 0 0 0 0 0 0 0 0 0 0 0 0 0 0 0 0 0 0 0 0 0 0 0 0 0 0 0 0 0 0 0 0 0 0 0 0 0 0 0 0 0 0 0 0 0 0 0 0 0 0 0 0 0 0 0 0 0 0 0 0 0 0 0 0 0 0 0 0 0 0 0 0 0 0 0 0 0 0 0 0 0 0 0 0 0 0 0 0 0 0 0 0 0 0 0 0 0 0 0 0 0 0 0 0 0 0 0 0 0 0 0 0 0 0 0 0 0 0 0 0 0 0 0 0 0 0 0 0 0 0 0 0 0 0 0 0 0 0 0 0 0 0 0 0 0 0 0 0 0 0 0 0 0 0 0 0 0 0 0 0 0 0 0 0 0 0 0 0 0 0 0 0 0 0 0 0 0 0 0 0 0 0 0 0 0 0 0 0 0 0 0 0 0 0 0 0 0 0 0 0 0 0 0 0 0 0 0 0 0 0 0 0 0 0 0 0 0 0 0 0 0 0 0 0 0 0 0 0 0 0 0 0 0 0 0 0 0 0 0 0 0 0 0 0 0 0 0 0 0 0 0 0 0 0 0 0 0 0 0 0 0 0 0 0 0 0 0 0 0 0 0 0 0 0 0 0 0 0 0 0 0 0 0 0 0 0 0 0 0 0 0 0 0 0 0 0 0 0 0 0 0 0 0 0 0 0 0 0 0 0 0 0 0 0 0 0 0 0 0 0 0 0 0 0 0 0 0 0 0 0 0 0 0 0 0 0 0 0 0 0 0 0 0 0 0 0 0 0 0 0 0 0 0 0 0 0 0 0 0 0 0 0 0 0 0 0 0 0 0 0 0 0 0 0 0 0 0 0 0 0 0 0 0 0 0 0 0 0 0 0 0 0 0 0 0 0 0 0 0 0 0 0 0 0 0 0 0 0 0 0 0 0 0 0 0 0 0 0 0 0 0 0 0 0 0 0 0 0 0 0 0 0 0 0 0 0 0 0 0 0 0 0 0 0 0 0 0 0 0 0 0 0 0 0 0 0 0 0 0 0 0 0 0 0 0 0 0 0 0 0 0 0 0 0 0 0 0 0 0 0 0 0 0 0 0 0 0 0 0 0 0 0 0 0 0 0 0 0 0 0 0 0 0 0 0 0 0 0 0 0 0 0 0 0 0 0 0 0 0 0 0 0 0 0 0 0 0 0 0 0 0 0 0 0 0 0 0 0 0 0 0 0 0 0 0 0 0 0 0 0 0 0 0 0 0 0 0 0 0 0 0 0 0 0 0 0 0 0 0 0 0 0 0 0 0 0 0 0 0 0 0 0 0 0 0 0 0 0 0 0 0 0 0 0 0 0 0 0 0 0 0 0 0 0 0 0 0 0 0 0 0 0 0 0 0 0 0 0 0 0 0 0 0 0 0 0 0 0 0 0 0 0 0 0 0 0 0 0 0 0 0 0 0 0 0 0 0 0 0 0 0 0 0 0 0 0 0 0 0 0 0 0 0 0 0 0 0 0 0 0 0 0 0 0 0 0 0 0 0 0 0 0 0 0 0 0 0 0 0 0 0 0 0 0 0 0 0 0 0 0 0 0 0 0 0 0 0 0 0 0 0 0 0 0 0 0 0 0 0 0 0 0 0 0 0 0 0 0 0 0 0 0 0 0 0 0 0 0 0 0 0 0 0 0 0 0 0 0 0 0 0 0 0 0 0 0 0 0 0 0 0 0 0 0 0 0 0 0 0 0 0 0 0 0 0 0 0 0 0 0 0 0 0 0 0 0 0 0 0 0 0 0 0 0 0 0 0 0 0 0 0 0 0 0 0 0 0 0 0 0 0 0 0 0 0 0 0 0 0 0 0 0 0 0 0 0 0 0 0 0 0 0 0 0 0 0 0 0 0 0 0 0 0 0 0 0 0 0 0 0 0 0 0 0 0 0 0 0 0 0 0 0 0 0 0 0 0 0 0 0 0 0 0 0 0 0 0 0 0 0 0 0 0 0 0 0 0 0 0 0 0 0 0 0 0 0 0 0 0 0 0 0 0 0 0 0 0 0 0 0 0 0 0 0 0 0 0 0 0 0 0 0 0 0 0 0 0 0 0 0 0 0 0 0 0 0 0 0 0 0 0 0 0 0 0 0 0 0 0 0 0 0 0 0 0 0 0 0 0 0 0 0 0 0 0 0 0 0 0 0 0 0 0 0 0 0 0 0 0 0 0 0 0 0 0 0 0 0 0 0 0 0 0 0 0 0 0 0 0 0 0 0 0 0 0 0 0 0 0 0 0 0 0 0 0 0 0 0 0 0 0 0 0 0 0 0 0 0 0 0 0 0 0 0 0 0 0 0 0 0 0 0 0 0 0 0 0 0 0 0 0 0 0 0 0 0 0 0 0 0 0 0 0 0 0 0 0 0 0 0 0 0 0 0 0 0 0 0 0 0 0 0 0 0 0 0 0 0 0 0 0 0 0 0 0 0 0 0 0 0 0 0 0 0 0 0 0 0 0 0 0 0 0 0 0 0 0 0 0 0 0 0 0 0 0 0 0 0 0 0 0 0 0 0 0 0 0 0 0 0 0 0 0 0 0 0 0 0 0 0 0 0 0 0 0 0 0 0 0 0 0 0 0 0 0 0 0 0 0 0 0 0 0 0 0 0 0 0 0 0 0 0 0 0 0 0 0 0 0 0 0 0 0 0 0 0 0 0 0 0 0 0 0 0 0 0 0 0 0 0 0 0 0 0 0 0 0 0 0 0 0 0 0 0 0 0 0 0 0 0 0 0 0 0 0 0 0 0 0 0 0 0 0 0 0 0 0 0 0 0 0 0 0 0 0 0 0 0 0 0 0 0 0 0 0 0 0 0 0 0 0 0 0 0 0 0 0 0 0 0 0 0 0 0 0 0 0 0 0 0 0 0 0 0 0 0 0 0 0 0 0 0 0 0 0 0 0 0 0 0 0 0 0 0 0 0 0 0 0 0 0 0 0 0 0 0 0 0 0 0 0 0 0 0 0 0 0 0 0 0 0 0 0 0 0 0 0 0 0 0 0 0 0 0 0 0 0 0 0 0 0 0 0 0 0 0 0 0 0 0 0 0 0 0 0 0 0 0 0 0 0 0 0 0 0 0 0 0 0 0 0 0 0 0 0 0 0 0 0 0 0 0 0 0 0 0 0 0 0 0 0 0 0 0 0 0 0 0 0 0 0 0 0 0 0 0 0 0 0 0 0 0 0 0 0 0 0 0 0 0 0 0 0 0 0 0 0 0 0 0 0 0 0 0 0 0 0 0 0 0 0 0 0 0 0 0 0 0 0 0 0 0 0 0 0 0 0 0 0 0 0 0 0 0 0 0 0 0 0 0 0 0 0 0 0 0 0 0 0 0 0 0 0 0 0 0 0 0 0 0 0 0 0 0 0 0 0 0 0 0 0 0 0 0 0 0 0 0 0 0 0 0 0 0 0 0 0 0 0 0 0 0 0 0 0 0 0 0 0 0 0 0 0 0 0 0 0 0 0 0 0 0 0 0 0 0 0 0 0 0 0 0 0 0 0 0 0 0 0 0 0 0 0 0 0 0 0 0 0 0 
        </DataArray>
        <DataArray type="Float64" Name="Tau2" format="ascii">
0 0 0 0 0 0 0 0 0 0 0 0 0 0 0 0 0 0 0 0 0 0 0 0 0 0 0 0 0 0 0 0 0 0 0 0 0 0 0 0 0 0 0 0 0 0 0 0 0 0 0 0 0 0 0 0 0 0 0 0 0 0 0 0 0 0 0 0 0 0 0 0 0 0 0 0 0 0 0 0 0 0 0 0 0 0 0 0 0 0 0 0 0 0 0 0 0 0 0 0 0 0 0 0 0 0 0 0 0 0 0 0 0 0 0 0 0 0 0 0 0 0 0 0 0 0 0 0 0 0 0 0 0 0 0 0 0 0 0 0 0 0 0 0 0 0 0 0 0 0 0 0 0 0 0 0 0 0 0 0 0 0 0 0 0 0 0 0 0 0 0 0 0 0 0 0 0 0 0 0 0 0 0 0 0 0 0 0 0 0 0 0 0 0 0 0 0 0 0 0 0 0 0 0 0 0 0 0 0 0 0 0 0 0 0 0 0 0 0 0 0 0 0 0 0 0 0 0 0 0 0 0 0 0 0 0 0 0 0 0 0 0 0 0 0 0 0 0 0 0 0 0 0 0 0 0 0 0 0 0 0 0 0 0 0 0 0 0 0 0 0 0 0 0 0 0 0 0 0 0 0 0 0 0 0 0 0 0 0 0 0 0 0 0 0 0 0 0 0 0 0 0 0 0 0 0 0 0 0 0 0 0 0 0 0 0 0 0 0 0 0 0 0 0 0 0 0 0 0 0 0 0 0 0 0 0 0 0 0 0 0 0 0 0 0 0 0 0 0 0 0 0 0 0 0 0 0 0 0 0 0 0 0 0 0 0 0 0 0 0 0 0 0 0 0 0 0 0 0 0 0 0 0 0 0 0 0 0 0 0 0 0 0 0 0 0 0 0 0 0 0 0 0 0 0 0 0 0 0 0 0 0 0 0 0 0 0 0 0 0 0 0 0 0 0 0 0 0 0 0 0 0 0 0 0 0 0 0 0 0 0 0 0 0 0 0 0 0 0 0 0 0 0 0 0 0 0 0 0 0 0 0 0 0 0 0 0 0 0 0 0 0 0 0 0 0 0 0 0 0 0 0 0 0 0 0 0 0 0 0 0 0 0 0 0 0 0 0 0 0 0 0 0 0 0 0 0 0 0 0 0 0 0 0 0 0 0 0 0 0 0 0 0 0 0 0 0 0 0 0 0 0 0 0 0 0 0 0 0 0 0 0 0 0 0 0 0 0 0 0 0 0 0 0 0 0 0 0 0 0 0 0 0 0 0 0 0 0 0 0 0 0 0 0 0 0 0 0 0 0 0 0 0 0 0 0 0 0 0 0 0 0 0 0 0 0 0 0 0 0 0 0 0 0 0 0 0 0 0 0 0 0 0 0 0 0 0 0 0 0 0 0 0 0 0 0 0 0 0 0 0 0 0 0 0 0 0 0 0 0 0 0 0 0 0 0 0 0 0 0 0 0 0 0 0 0 0 0 0 0 0 0 0 0 0 0 0 0 0 0 0 0 0 0 0 0 0 0 0 0 0 0 0 0 0 0 0 0 0 0 0 0 0 0 0 0 0 0 0 0 0 0 0 0 0 0 0 0 0 0 0 0 0 0 0 0 0 0 0 0 0 0 0 0 0 0 0 0 0 0 0 0 0 0 0 0 0 0 0 0 0 0 0 0 0 0 0 0 0 0 0 0 0 0 0 0 0 0 0 0 0 0 0 0 0 0 0 0 0 0 0 0 0 0 0 0 0 0 0 0 0 0 0 0 0 0 0 0 0 0 0 0 0 0 0 0 0 0 0 0 0 0 0 0 0 0 0 0 0 0 0 0 0 0 0 0 0 0 0 0 0 0 0 0 0 0 0 0 0 0 0 0 0 0 0 0 0 0 0 0 0 0 0 0 0 0 0 0 0 0 0 0 0 0 0 0 0 0 0 0 0 0 0 0 0 0 0 0 0 0 0 0 0 0 0 0 0 0 0 0 0 0 0 0 0 0 0 0 0 0 0 0 0 0 0 0 0 0 0 0 0 0 0 0 0 0 0 0 0 0 0 0 0 0 0 0 0 0 0 0 0 0 0 0 0 0 0 0 0 0 0 0 0 0 0 0 0 0 0 0 0 0 0 0 0 0 0 0 0 0 0 0 0 0 0 0 0 0 0 0 0 0 0 0 0 0 0 0 0 0 0 0 0 0 0 0 0 0 0 0 0 0 0 0 0 0 0 0 0 0 0 0 0 0 0 0 0 0 0 0 0 0 0 0 0 0 0 0 0 0 0 0 0 0 0 0 0 0 0 0 0 0 0 0 0 0 0 0 0 0 0 0 0 0 0 0 0 0 0 0 0 0 0 0 0 0 0 0 0 0 0 0 0 0 0 0 0 0 0 0 0 0 0 0 0 0 0 0 0 0 0 0 0 0 0 0 0 0 0 0 0 0 0 0 0 0 0 0 0 0 0 0 0 0 0 0 0 0 0 0 0 0 0 0 0 0 0 0 0 0 0 0 0 0 0 0 0 0 0 0 0 0 0 0 0 0 0 0 0 0 0 0 0 0 0 0 0 0 0 0 0 0 0 0 0 0 0 0 0 0 0 0 0 0 0 0 0 0 0 0 0 0 0 0 0 0 0 0 0 0 0 0 0 0 0 0 0 0 0 0 0 0 0 0 0 0 0 0 0 0 0 0 0 0 0 0 0 0 0 0 0 0 0 0 0 0 0 0 0 0 0 0 0 0 0 0 0 0 0 0 0 0 0 0 0 0 0 0 0 0 0 0 0 0 0 0 0 0 0 0 0 0 0 0 0 0 0 0 0 0 0 0 0 0 0 0 0 0 0 0 0 0 0 0 0 0 0 0 0 0 0 0 0 0 0 0 0 0 0 0 0 0 0 0 0 0 0 0 0 0 0 0 0 0 0 0 0 0 0 0 0 0 0 0 0 0 0 0 0 0 0 0 0 0 0 0 0 0 0 0 0 0 0 0 0 0 0 0 0 0 0 0 0 0 0 0 0 0 0 0 0 0 0 0 0 0 0 0 0 0 0 0 0 0 0 0 0 0 0 0 0 0 0 0 0 0 0 0 0 0 0 0 0 0 0 0 0 0 0 0 0 0 0 0 0 0 0 0 0 0 0 0 0 0 0 0 0 0 0 0 0 0 0 0 0 0 0 0 0 0 0 0 0 0 0 0 0 0 0 0 0 0 0 0 0 0 0 0 0 0 0 0 0 0 0 0 0 0 0 0 0 0 0 0 0 0 0 0 0 0 0 0 0 0 0 0 0 0 0 0 0 0 0 0 0 0 0 0 0 0 0 0 0 0 0 0 0 0 0 0 0 0 0 0 0 0 0 0 0 0 0 0 0 0 0 0 0 0 0 0 0 0 0 0 0 0 0 0 0 0 0 0 0 0 0 0 0 0 0 0 0 0 0 0 0 0 0 0 0 0 0 0 0 0 0 0 0 0 0 0 0 0 0 0 0 0 0 0 0 0 0 0 0 0 0 0 0 0 0 0 0 0 0 0 0 0 0 0 0 0 0 0 0 0 0 0 0 0 0 0 0 0 0 0 0 0 0 0 0 0 0 0 0 0 0 0 0 0 0 0 0 0 0 0 0 0 0 0 0 0 0 0 0 0 0 0 0 0 0 0 0 0 0 0 0 0 0 0 0 0 0 0 0 0 0 0 0 0 0 0 0 0 0 0 0 0 0 0 0 0 0 0 0 0 0 0 0 0 0 0 0 0 0 0 0 0 0 0 0 0 0 0 0 0 0 0 0 0 0 0 0 0 0 0 0 0 0 0 0 0 0 0 0 0 0 0 0 0 0 0 0 0 0 0 0 0 0 0 0 0 0 0 0 0 0 0 0 0 0 0 0 0 0 0 0 0 0 0 0 0 0 0 0 0 0 0 0 0 0 0 0 0 0 0 0 0 0 0 0 0 0 0 0 0 0 0 0 0 0 0 0 0 0 0 0 0 0 0 0 0 0 0 0 0 0 0 0 0 0 0 0 0 0 0 0 0 0 0 0 0 0 0 0 0 0 0 0 0 0 0 0 0 0 0 0 0 0 0 0 0 0 0 0 0 0 0 0 0 0 0 0 0 0 0 0 0 0 0 0 0 0 0 0 0 0 0 0 0 0 0 0 0 0 0 0 0 0 0 0 0 0 0 0 0 0 0 0 0 0 0 0 0 0 0 0 0 0 0 0 0 0 0 0 0 0 0 0 0 0 0 0 0 0 0 0 0 0 0 0 0 0 0 0 0 0 0 0 0 0 0 0 0 0 0 0 0 0 0 0 0 0 0 0 0 0 0 0 0 0 0 0 0 0 0 0 0 0 0 0 0 0 0 0 0 0 0 0 0 0 0 0 0 0 0 0 0 0 0 0 0 0 0 0 0 0 0 0 0 0 0 0 0 0 0 0 0 0 0 0 0 0 0 0 0 0 0 0 0 0 0 0 0 0 0 0 0 0 0 0 0 0 0 0 0 0 0 0 0 0 0 
        </DataArray>
        <DataArray type="Float64" Name="dTdn" format="ascii">
0 0 0 0 0 0 0 0 0 0 0 0 0 0 0 0 0 0 0 0 0 0 0 0 0 0 0 0 0 0 0 0 0 0 0 0 0 0 0 0 0 0 0 0 0 0 0 0 0 0 0 0 0 0 0 0 0 0 0 0 0 0 0 0 0 0 0 0 0 0 0 0 0 0 0 0 0 0 0 0 0 0 0 0 0 0 0 0 0 0 0 0 0 0 0 0 0 0 0 0 0 0 0 0 0 0 0 0 0 0 0 0 0 0 0 0 0 0 0 0 0 0 0 0 0 0 0 0 0 0 0 0 0 0 0 0 0 0 0 0 0 0 0 0 0 0 0 0 0 0 0 0 0 0 0 0 0 0 0 0 0 0 0 0 0 0 0 0 0 0 0 0 0 0 0 0 0 0 0 0 0 0 0 0 0 0 0 0 0 0 0 0 0 0 0 0 0 0 0 0 0 0 0 0 0 0 0 0 0 0 0 0 0 0 0 0 0 0 0 0 0 0 0 0 0 0 0 0 0 0 0 0 0 0 0 0 0 0 0 0 0 0 0 0 0 0 0 0 0 0 0 0 0 0 0 0 0 0 0 0 0 0 0 0 0 0 0 0 0 0 0 0 0 0 0 0 0 0 0 0 0 0 0 0 0 0 0 0 0 0 0 0 0 0 0 0 0 0 0 0 0 0 0 0 0 0 0 0 0 0 0 0 0 0 0 0 0 0 0 0 0 0 0 0 0 0 0 0 0 0 0 0 0 0 0 0 0 0 0 0 0 0 0 0 0 0 0 0 0 0 0 0 0 0 0 0 0 0 0 0 0 0 0 0 0 0 0 0 0 0 0 0 0 0 0 0 0 0 0 0 0 0 0 0 0 0 0 0 0 0 0 0 0 0 0 0 0 0 0 0 0 0 0 0 0 0 0 0 0 0 0 0 0 0 0 0 0 0 0 0 0 0 0 0 0 0 0 0 0 0 0 0 0 0 0 0 0 0 0 0 0 0 0 0 0 0 0 0 0 0 0 0 0 0 0 0 0 0 0 0 0 0 0 0 0 0 0 0 0 0 0 0 0 0 0 0 0 0 0 0 0 0 0 0 0 0 0 0 0 0 0 0 0 0 0 0 0 0 0 0 0 0 0 0 0 0 0 0 0 0 0 0 0 0 0 0 0 0 0 0 0 0 0 0 0 0 0 0 0 0 0 0 0 0 0 0 0 0 0 0 0 0 0 0 0 0 0 0 0 0 0 0 0 0 0 0 0 0 0 0 0 0 0 0 0 0 0 0 0 0 0 0 0 0 0 0 0 0 0 0 0 0 0 0 0 0 0 0 0 0 0 0 0 0 0 0 0 0 0 0 0 0 0 0 0 0 0 0 0 0 0 0 0 0 0 0 0 0 0 0 0 0 0 0 0 0 0 0 0 0 0 0 0 0 0 0 0 0 0 0 0 0 0 0 0 0 0 0 0 0 0 0 0 0 0 0 0 0 0 0 0 0 0 0 0 0 0 0 0 0 0 0 0 0 0 0 0 0 0 0 0 0 0 0 0 0 0 0 0 0 0 0 0 0 0 0 0 0 0 0 0 0 0 0 0 0 0 0 0 0 0 0 0 0 0 0 0 0 0 0 0 0 0 0 0 0 0 0 0 0 0 0 0 0 0 0 0 0 0 0 0 0 0 0 0 0 0 0 0 0 0 0 0 0 0 0 0 0 0 0 0 0 0 0 0 0 0 0 0 0 0 0 0 0 0 0 0 0 0 0 0 0 0 0 0 0 0 0 0 0 0 0 0 0 0 0 0 0 0 0 0 0 0 0 0 0 0 0 0 0 0 0 0 0 0 0 0 0 0 0 0 0 0 0 0 0 0 0 0 0 0 0 0 0 0 0 0 0 0 0 0 0 0 0 0 0 0 0 0 0 0 0 0 0 0 0 0 0 0 0 0 0 0 0 0 0 0 0 0 0 0 0 0 0 0 0 0 0 0 0 0 0 0 0 0 0 0 0 0 0 0 0 0 0 0 0 0 0 0 0 0 0 0 0 0 0 0 0 0 0 0 0 0 0 0 0 0 0 0 0 0 0 0 0 0 0 0 0 0 0 0 0 0 0 0 0 0 0 0 0 0 0 0 0 0 0 0 0 0 0 0 0 0 0 0 0 0 0 0 0 0 0 0 0 0 0 0 0 0 0 0 0 0 0 0 0 0 0 0 0 0 0 0 0 0 0 0 0 0 0 0 0 0 0 0 0 0 0 0 0 0 0 0 0 0 0 0 0 0 0 0 0 0 0 0 0 0 0 0 0 0 0 0 0 0 0 0 0 0 0 0 0 0 0 0 0 0 0 0 0 0 0 0 0 0 0 0 0 0 0 0 0 0 0 0 0 0 0 0 0 0 0 0 0 0 0 0 0 0 0 0 0 0 0 0 0 0 0 0 0 0 0 0 0 0 0 0 0 0 0 0 0 0 0 0 0 0 0 0 0 0 0 0 0 0 0 0 0 0 0 0 0 0 0 0 0 0 0 0 0 0 0 0 0 0 0 0 0 0 0 0 0 0 0 0 0 0 0 0 0 0 0 0 0 0 0 0 0 0 0 0 0 0 0 0 0 0 0 0 0 0 0 0 0 0 0 0 0 0 0 0 0 0 0 0 0 0 0 0 0 0 0 0 0 0 0 0 0 0 0 0 0 0 0 0 0 0 0 0 0 0 0 0 0 0 0 0 0 0 0 0 0 0 0 0 0 0 0 0 0 0 0 0 0 0 0 0 0 0 0 0 0 0 0 0 0 0 0 0 0 0 0 0 0 0 0 0 0 0 0 0 0 0 0 0 0 0 0 0 0 0 0 0 0 0 0 0 0 0 0 0 0 0 0 0 0 0 0 0 0 0 0 0 0 0 0 0 0 0 0 0 0 0 0 0 0 0 0 0 0 0 0 0 0 0 0 0 0 0 0 0 0 0 0 0 0 0 0 0 0 0 0 0 0 0 0 0 0 0 0 0 0 0 0 0 0 0 0 0 0 0 0 0 0 0 0 0 0 0 0 0 0 0 0 0 0 0 0 0 0 0 0 0 0 0 0 0 0 0 0 0 0 0 0 0 0 0 0 0 0 0 0 0 0 0 0 0 0 0 0 0 0 0 0 0 0 0 0 0 0 0 0 0 0 0 0 0 0 0 0 0 0 0 0 0 0 0 0 0 0 0 0 0 0 0 0 0 0 0 0 0 0 0 0 0 0 0 0 0 0 0 0 0 0 0 0 0 0 0 0 0 0 0 0 0 0 0 0 0 0 0 0 0 0 0 0 0 0 0 0 0 0 0 0 0 0 0 0 0 0 0 0 0 0 0 0 0 0 0 0 0 0 0 0 0 0 0 0 0 0 0 0 0 0 0 0 0 0 0 0 0 0 0 0 0 0 0 0 0 0 0 0 0 0 0 0 0 0 0 0 0 0 0 0 0 0 0 0 0 0 0 0 0 0 0 0 0 0 0 0 0 0 0 0 0 0 0 0 0 0 0 0 0 0 0 0 0 0 0 0 0 0 0 0 0 0 0 0 0 0 0 0 0 0 0 0 0 0 0 0 0 0 0 0 0 0 0 0 0 0 0 0 0 0 0 0 0 0 0 0 0 0 0 0 0 0 0 0 0 0 0 0 0 0 0 0 0 0 0 0 0 0 0 0 0 0 0 0 0 0 0 0 0 0 0 0 0 0 0 0 0 0 0 0 0 0 0 0 0 0 0 0 0 0 0 0 0 0 0 0 0 0 0 0 0 0 0 0 0 0 0 0 0 0 0 0 0 0 0 0 0 0 0 0 0 0 0 0 0 0 0 0 0 0 0 0 0 0 0 0 0 0 0 0 0 0 0 0 0 0 0 0 0 0 0 0 0 0 0 0 0 0 0 0 0 0 0 0 0 0 0 0 0 0 0 0 0 0 0 0 0 0 0 0 0 0 0 0 0 0 0 0 0 0 0 0 0 0 0 0 0 0 0 0 0 0 0 0 0 0 0 0 0 0 0 0 0 0 0 0 0 0 0 0 0 0 0 0 0 0 0 0 0 0 0 0 0 0 0 0 0 0 0 0 0 0 0 0 0 0 0 0 0 0 0 0 0 0 0 0 0 0 0 0 0 0 0 0 0 0 0 0 0 0 0 0 0 0 0 0 0 0 0 0 0 0 0 0 0 0 0 0 0 0 0 0 0 0 0 0 0 0 0 0 0 0 0 0 0 0 0 0 0 0 0 0 0 0 0 0 0 0 0 0 0 0 0 0 0 0 0 0 0 0 0 0 0 0 0 0 0 0 0 0 0 0 0 0 0 0 0 0 0 0 0 0 0 0 0 0 0 0 0 0 0 0 0 0 0 0 0 0 0 0 0 0 0 0 0 0 0 0 0 0 0 0 0 0 0 0 0 0 0 0 0 0 0 0 0 0 0 0 0 0 0 0 0 0 0 0 0 0 0 0 0 0 0 0 0 0 0 0 0 0 0 0 0 0 0 0 
        </DataArray>
        <DataArray type="Int32" Name="Rank" format="ascii">
3 3 3 3 3 3 3 3 3 3 3 3 3 3 3 3 3 3 3 3 3 3 3 3 3 3 3 3 3 3 3 3 3 3 3 3 3 3 3 3 3 3 3 3 3 3 3 3 3 3 3 3 3 3 3 3 3 3 3 3 3 3 3 3 3 3 3 3 3 3 3 3 3 3 3 3 3 3 3 3 3 3 3 3 3 3 3 3 3 3 3 3 3 3 3 3 3 3 3 3 3 3 3 3 3 3 3 3 3 3 3 3 3 3 3 3 3 3 3 3 3 3 3 3 3 3 3 3 3 3 3 3 3 3 3 3 3 3 3 3 3 3 3 3 3 3 3 3 3 3 3 3 3 3 3 3 3 3 3 3 3 3 3 3 3 3 3 3 3 3 3 3 3 3 3 3 3 3 3 3 3 3 3 3 3 3 3 3 3 3 3 3 3 3 3 3 3 3 3 3 3 3 3 3 3 3 3 3 3 3 3 3 3 3 3 8 8 8 8 8 8 8 8 8 8 8 8 8 8 8 8 8 8 8 8 8 8 8 8 8 8 8 8 8 8 8 8 8 8 8 8 8 8 8 8 8 8 8 8 8 8 8 8 8 8 8 8 8 8 8 8 8 8 8 8 8 8 8 8 8 8 8 8 8 8 3 3 3 3 3 3 3 3 3 3 3 3 3 3 3 3 3 3 3 3 3 3 3 3 3 3 3 3 3 3 3 3 3 3 3 3 3 3 3 3 3 3 3 3 5 5 5 5 3 3 3 3 3 3 3 3 3 3 3 3 3 3 3 3 3 3 3 3 3 3 3 3 3 3 3 3 3 3 3 3 3 3 3 3 3 3 3 3 3 3 3 3 3 3 3 3 3 3 3 3 3 3 5 3 3 3 3 3 3 3 3 3 3 3 3 3 3 3 3 3 3 3 3 3 3 3 3 3 3 3 3 3 3 3 3 3 3 3 3 3 3 3 3 3 3 3 3 3 3 3 3 3 3 3 3 3 3 3 3 3 3 3 3 3 3 3 3 3 3 3 3 3 3 3 3 3 3 3 3 3 3 3 3 3 3 3 3 3 3 3 3 3 3 3 3 3 3 3 3 3 3 3 3 3 3 3 3 3 3 3 3 3 3 3 3 3 3 3 3 3 3 3 3 3 3 3 3 3 3 3 3 3 3 3 3 3 3 3 3 3 3 3 3 3 3 3 3 3 3 3 3 3 3 3 3 3 3 3 3 3 3 3 3 3 3 3 3 3 3 3 3 3 3 3 3 3 3 3 3 3 3 3 3 3 3 3 3 3 3 3 3 3 3 3 3 3 3 3 3 3 3 3 3 3 3 3 3 3 3 3 3 3 3 3 3 3 3 3 3 3 3 3 3 3 3 3 3 3 3 3 3 3 3 3 3 3 3 3 3 3 3 3 3 3 3 3 3 3 3 3 3 3 3 3 3 3 3 3 3 3 3 3 3 3 3 3 3 3 3 3 3 3 3 3 3 3 3 3 3 3 3 3 3 3 3 3 3 3 3 3 3 3 3 3 3 3 3 3 3 3 3 3 3 3 3 3 3 3 3 3 3 3 3 3 3 3 3 3 3 3 3 3 3 3 3 3 3 3 3 3 3 3 3 3 3 3 3 3 3 3 3 3 3 3 3 3 3 3 3 3 3 3 3 3 3 3 3 3 3 3 3 3 3 3 3 3 3 3 3 3 3 3 3 3 3 3 3 3 3 3 3 3 3 3 3 3 3 3 3 3 3 3 3 3 3 3 3 3 3 3 3 3 3 3 3 3 3 3 3 3 3 3 3 3 3 3 3 3 3 3 3 3 3 3 3 3 3 3 3 3 3 3 3 3 3 3 3 3 3 3 3 3 3 3 3 3 3 3 3 3 3 3 3 3 3 3 3 3 3 3 3 3 3 3 3 3 3 3 3 3 3 3 3 3 3 3 3 3 3 3 3 3 3 3 3 3 3 3 3 3 3 3 3 3 3 3 3 3 3 3 3 3 3 3 3 3 3 3 3 3 3 3 3 3 3 3 3 3 3 3 3 3 3 3 3 3 3 3 3 3 3 3 3 3 3 3 3 3 3 3 3 3 3 3 3 3 3 3 3 3 3 3 3 3 3 3 3 3 3 3 3 3 3 3 3 3 3 3 3 3 3 3 3 3 3 3 3 3 3 3 3 3 3 3 3 3 3 3 3 3 3 3 3 3 3 3 3 3 3 3 3 3 3 3 3 3 3 3 3 3 3 3 3 3 3 0 0 0 0 0 0 0 0 0 0 0 0 0 0 0 0 0 0 0 0 0 0 0 0 0 0 0 0 0 0 0 0 0 0 0 0 0 0 0 0 0 0 0 0 0 0 0 0 0 0 0 0 0 0 0 0 0 0 0 0 0 0 0 0 0 0 0 0 0 0 0 0 0 0 0 0 0 0 0 0 0 0 0 0 0 0 0 0 0 0 0 0 0 0 0 0 0 0 0 0 0 0 0 0 0 0 0 0 0 0 0 0 0 0 0 0 0 0 0 0 0 0 0 0 0 0 0 0 0 0 0 0 0 0 0 0 0 0 0 0 0 0 0 0 0 0 0 0 0 0 0 0 0 0 0 0 0 0 0 0 0 0 0 0 0 0 0 0 0 0 0 0 0 0 0 0 0 0 0 0 0 0 0 0 0 0 0 0 0 0 0 0 0 0 0 0 0 0 0 0 0 0 0 0 0 0 0 0 0 0 0 0 0 0 0 0 0 0 0 0 0 0 0 0 0 0 0 0 0 0 0 0 0 0 0 0 0 0 0 0 0 0 0 0 0 0 0 0 0 0 0 0 0 0 0 0 0 0 0 0 0 0 0 0 0 0 0 0 0 0 0 0 0 0 0 0 0 0 0 0 0 0 0 0 0 0 0 0 0 0 0 0 0 0 0 0 0 0 0 0 0 0 0 0 0 0 0 0 0 0 0 0 0 0 0 0 0 0 0 0 0 0 0 0 0 0 0 0 0 0 0 0 0 0 0 0 0 0 0 0 0 0 0 0 0 0 0 0 0 0 0 0 0 0 0 0 0 0 0 0 0 0 0 0 0 0 0 0 0 0 0 0 0 0 0 0 0 0 0 0 0 0 0 0 0 0 0 0 0 0 0 0 0 0 0 0 0 0 0 0 0 0 0 0 0 0 0 0 0 0 0 0 0 0 0 0 0 0 0 0 0 0 0 0 0 0 0 0 0 0 0 0 0 0 0 0 0 0 0 0 0 0 0 0 0 0 0 0 0 0 0 0 0 0 0 0 0 0 0 0 0 0 0 0 0 0 0 0 0 0 0 0 0 0 0 0 0 0 0 0 0 0 0 0 0 0 0 0 0 0 0 0 0 0 0 0 0 0 0 0 0 0 0 0 0 0 0 0 0 0 0 0 0 0 0 0 0 0 0 0 0 0 0 0 0 0 0 0 0 0 0 0 0 0 0 0 0 0 0 0 0 0 0 0 0 0 0 0 0 0 0 0 0 0 0 0 0 0 0 0 0 0 0 0 0 0 0 0 0 0 0 0 0 0 0 0 0 0 0 0 0 0 0 0 0 0 0 0 0 0 0 0 0 0 0 0 0 0 0 0 0 0 0 0 0 0 0 0 0 0 0 0 0 0 0 0 0 0 0 0 0 0 0 0 0 0 0 0 0 0 0 0 0 0 0 0 0 0 0 0 0 0 0 0 0 0 0 0 0 0 0 0 0 0 0 0 0 0 0 0 0 0 0 0 0 0 0 0 0 0 0 0 0 0 0 0 0 0 0 0 0 0 0 0 0 0 0 0 0 0 0 0 0 0 0 0 0 0 0 0 0 0 0 0 0 0 0 0 0 0 0 0 0 0 0 0 0 0 0 0 0 0 0 0 0 0 0 0 0 0 0 0 0 0 0 0 0 0 0 0 0 0 0 0 0 0 0 0 0 0 0 0 0 0 0 0 0 0 0 0 0 0 0 0 0 0 0 0 0 0 0 0 0 0 0 0 0 0 0 0 0 0 0 0 0 0 0 0 0 0 0 0 0 0 0 0 0 0 0 0 0 0 0 0 0 0 0 0 0 0 0 0 0 0 0 0 0 0 0 0 0 0 0 0 0 0 0 0 0 0 0 0 0 0 0 0 0 0 0 0 0 0 0 0 0 0 0 0 0 0 0 0 0 0 0 0 0 0 0 0 0 0 0 0 0 0 0 0 0 0 0 0 0 0 0 0 0 0 0 0 0 0 0 0 0 0 0 0 0 0 0 0 0 0 0 0 0 0 0 0 0 0 0 0 0 0 0 0 0 0 0 0 0 0 0 0 0 0 0 0 0 0 0 0 0 0 0 0 0 0 0 0 0 0 0 0 0 0 0 0 0 0 0 0 0 0 0 0 0 0 0 0 0 0 0 0 0 0 0 0 0 0 0 0 0 0 0 0 0 0 0 0 0 0 0 0 0 0 0 0 0 0 0 0 0 0 0 0 0 0 0 0 0 0 0 0 0 0 0 0 
        </DataArray>
        <DataArray type="Int32" Name="Level" format="ascii">
4 4 4 4 4 4 4 4 4 4 4 4 4 4 4 4 4 4 4 4 4 4 4 4 4 4 4 4 4 4 4 4 4 4 4 4 4 4 4 4 4 4 4 4 4 4 4 4 4 4 4 4 4 4 4 4 4 4 4 4 4 4 4 4 4 4 4 4 4 4 4 4 4 4 4 4 4 4 4 4 4 4 4 4 4 4 4 4 4 4 4 4 4 4 4 4 4 4 4 4 4 4 4 4 4 4 4 4 4 4 4 4 4 4 4 4 4 4 4 4 4 4 4 4 4 4 4 4 4 4 4 4 4 4 4 4 4 4 4 4 4 4 4 4 4 4 4 4 4 4 4 4 4 4 4 4 4 4 4 4 4 4 4 4 4 4 4 4 4 4 4 4 4 4 4 4 4 4 4 4 4 4 4 4 4 4 4 4 4 4 4 4 4 4 4 4 4 4 4 4 4 4 4 4 4 4 4 4 4 4 4 4 4 4 4 4 4 4 4 4 4 4 4 4 4 4 4 4 4 4 4 4 4 4 4 4 4 4 4 4 4 4 4 4 4 4 4 4 4 4 4 4 4 4 4 4 4 4 4 4 4 4 4 4 4 4 4 4 4 4 4 4 4 4 4 4 4 4 4 4 4 4 4 4 4 4 4 4 4 4 4 4 4 4 4 4 4 4 4 4 4 4 4 4 4 4 4 4 4 4 4 4 4 4 4 4 4 4 4 4 4 4 4 4 4 4 4 4 4 3 3 3 3 4 4 4 4 4 4 4 4 4 4 4 4 4 4 4 4 4 4 4 4 4 4 4 4 4 4 4 4 4 4 4 4 4 4 4 4 4 4 4 4 4 4 4 4 4 4 4 4 4 4 4 4 4 4 3 4 4 4 4 4 4 4 4 4 4 4 4 4 4 4 4 4 4 4 4 4 4 4 4 4 4 4 4 4 4 4 4 4 4 4 4 4 4 4 4 4 4 4 4 4 4 4 4 4 4 4 4 4 4 4 4 4 4 4 4 4 4 4 4 4 4 4 4 4 4 4 4 4 4 4 4 4 4 4 4 4 4 4 4 4 4 4 4 4 4 4 4 4 4 4 4 4 4 4 4 4 4 4 4 4 4 4 4 4 4 4 4 4 4 4 4 4 4 4 4 4 4 4 4 4 4 4 4 4 4 4 4 4 4 4 4 4 4 4 4 4 4 4 4 4 4 4 4 4 4 4 4 4 4 4 4 4 4 4 4 4 4 4 4 4 4 4 4 4 4 4 4 4 4 4 4 4 4 4 4 4 4 4 4 4 4 4 4 4 4 4 4 4 4 4 4 4 4 4 4 4 4 4 4 4 4 4 4 4 4 4 4 4 4 4 4 4 4 4 4 4 4 4 4 4 4 4 4 4 4 4 4 4 4 4 4 4 4 4 4 4 4 4 4 4 4 4 4 4 4 4 4 4 4 4 4 4 4 4 4 4 4 4 4 4 4 4 4 4 4 4 4 4 4 4 4 4 4 4 4 4 4 4 4 4 4 4 4 4 4 4 4 4 4 4 4 4 4 4 4 4 4 4 4 4 4 4 4 4 4 4 4 4 4 4 4 4 4 4 4 4 4 4 4 4 4 4 4 4 4 4 4 4 4 4 4 4 4 4 4 4 4 4 4 4 4 4 4 4 4 4 4 4 4 4 4 4 4 4 4 4 4 4 4 4 4 4 4 4 4 4 4 4 4 4 4 4 4 4 4 4 4 4 4 4 4 4 4 4 4 4 4 4 4 4 4 4 4 4 4 4 4 4 4 4 4 4 4 4 4 4 4 4 4 4 4 4 4 4 4 4 4 4 4 4 4 4 4 4 4 4 4 4 4 4 4 4 4 4 4 4 4 4 4 4 4 4 4 4 4 4 4 4 4 4 4 4 4 4 4 4 4 4 4 4 4 4 4 4 4 4 4 4 4 4 4 4 4 4 4 4 4 4 4 4 4 4 4 4 4 4 4 4 4 4 4 4 4 4 4 4 4 4 4 4 4 4 4 4 4 4 4 4 4 4 4 4 4 4 4 4 4 4 4 4 4 4 4 4 4 4 4 4 4 4 4 4 4 4 4 4 4 4 4 4 4 4 4 4 4 4 4 4 4 4 4 4 4 4 4 4 4 4 4 4 4 4 4 4 4 4 4 4 4 4 4 4 4 4 4 4 4 4 4 4 4 4 4 4 4 4 4 4 4 4 4 4 4 4 4 4 4 4 4 4 4 4 4 4 4 4 4 4 4 4 4 4 4 4 4 4 4 4 4 4 4 4 4 4 4 4 4 4 4 4 4 4 4 4 4 4 4 4 4 4 4 4 4 4 4 4 4 4 4 4 4 4 4 4 4 4 4 4 4 4 4 4 4 4 4 4 4 4 4 4 4 4 4 4 4 4 4 4 4 4 4 4 4 4 4 4 4 4 4 4 4 4 4 4 4 4 4 4 4 4 4 4 4 4 4 4 4 4 4 4 4 4 4 4 4 4 4 4 4 4 4 4 4 4 4 4 4 4 4 4 4 4 4 4 4 4 4 4 4 4 4 4 4 4 4 4 4 4 4 4 4 4 4 4 4 4 4 4 4 4 4 4 4 4 4 4 4 4 4 4 4 4 4 4 4 4 4 4 4 4 4 4 4 4 4 4 4 4 4 4 4 4 4 4 4 4 4 4 4 4 4 4 4 4 4 4 4 4 4 4 4 4 4 4 4 4 4 4 4 4 4 4 4 4 4 4 4 4 4 4 4 4 4 4 4 4 4 4 4 4 4 4 4 4 4 4 4 4 4 4 4 4 4 4 4 4 4 4 4 4 4 4 4 4 4 4 4 4 4 4 4 4 4 4 4 4 4 4 4 4 4 4 4 4 4 4 4 4 4 4 4 4 4 4 4 4 4 4 4 4 4 4 4 4 4 4 4 4 4 4 4 4 4 4 4 4 4 4 4 4 4 4 4 4 4 4 4 4 4 4 4 4 4 4 4 4 4 4 4 4 4 4 4 4 4 4 4 4 4 4 4 4 4 4 4 4 4 4 4 4 4 4 4 4 4 4 4 4 4 4 4 4 4 4 4 4 4 4 4 4 4 4 4 4 4 4 4 4 4 4 4 4 4 4 4 4 4 4 4 4 4 4 4 4 4 4 4 4 4 4 4 4 4 4 4 4 4 4 4 4 4 4 4 4 4 4 4 4 4 4 4 4 4 4 4 4 4 4 4 4 4 4 4 4 4 4 4 4 4 4 4 4 4 4 4 4 4 4 4 4 4 4 4 4 4 4 4 4 4 4 4 4 4 4 4 4 4 4 4 4 4 4 4 4 4 4 4 4 4 4 4 4 4 4 4 4 4 4 4 4 4 4 4 4 4 4 4 4 4 4 4 4 4 4 4 4 4 4 4 4 4 4 4 4 4 4 4 4 4 4 4 4 4 4 4 4 4 4 4 4 4 4 4 4 4 4 4 4 4 4 4 4 4 4 4 4 4 4 4 4 4 4 4 4 4 4 4 4 4 4 4 4 4 4 4 4 4 4 4 4 4 4 4 4 4 4 4 4 4 4 4 4 4 4 4 4 4 4 4 4 4 4 4 4 4 4 4 4 4 4 4 4 4 4 4 4 4 4 4 4 4 4 4 4 4 4 4 4 4 4 4 4 4 4 4 4 4 4 4 4 4 4 4 4 4 4 4 4 4 4 4 4 4 4 4 4 4 4 4 4 4 4 4 4 4 4 4 4 4 4 4 4 4 4 4 4 4 4 4 4 4 4 4 4 4 4 4 4 4 4 4 4 4 4 4 4 4 4 4 4 4 4 4 4 4 4 4 4 4 4 4 4 4 4 4 4 4 4 4 4 4 4 4 4 4 4 4 4 4 4 4 4 4 4 4 4 4 4 4 4 4 4 4 4 4 4 4 4 4 4 4 4 4 4 4 4 4 4 4 4 4 4 4 4 4 4 4 4 4 4 4 4 4 4 4 4 4 4 4 4 4 4 4 4 4 4 4 4 4 4 4 4 4 4 4 4 4 4 4 4 4 4 4 4 4 4 4 4 4 4 4 4 4 4 4 4 4 4 4 4 4 4 4 4 4 4 4 4 4 4 4 4 4 4 4 4 4 4 4 4 4 4 4 4 4 4 4 4 4 4 4 4 4 4 4 4 4 4 4 4 4 4 4 4 4 4 4 4 4 4 4 4 4 4 4 4 4 4 4 4 4 4 4 4 4 4 4 4 4 4 4 4 4 4 4 4 4 4 4 4 4 4 4 4 4 4 4 4 4 4 4 4 4 4 4 4 4 4 4 4 4 4 4 4 4 4 4 4 4 4 4 4 4 4 4 4 4 4 4 4 4 4 4 4 4 4 4 4 4 4 4 4 4 4 4 4 4 4 4 4 4 4 4 4 4 4 4 4 4 4 4 4 4 4 4 4 4 4 4 4 4 4 4 4 4 4 4 4 4 4 4 4 4 4 4 4 4 4 4 4 4 4 4 4 4 4 4 
        </DataArray>
        <DataArray type="Int32" Name="N_Interp_IP0" format="ascii">
4 4 4 4 4 4 4 4 4 4 4 4 4 4 4 4 4 4 4 4 4 4 4 4 4 4 4 4 4 4 4 4 4 4 4 4 4 4 4 4 4 4 4 4 4 4 4 4 4 4 4 4 4 4 4 4 4 4 4 4 4 4 4 4 4 4 4 4 4 4 4 4 4 4 4 4 4 4 4 4 4 4 4 4 4 4 4 4 4 4 4 4 4 4 4 4 4 4 4 4 4 4 4 4 4 4 4 4 4 4 4 4 4 4 4 4 4 4 4 4 4 4 4 4 4 4 4 4 4 4 4 4 4 4 4 4 4 4 4 4 4 4 4 4 4 4 4 4 4 4 4 4 4 4 4 4 4 4 4 4 4 4 4 4 4 4 4 4 4 4 4 4 4 4 4 4 4 4 4 4 4 4 4 4 4 4 4 4 4 4 4 4 4 4 4 4 4 4 4 4 4 4 4 4 4 4 4 4 4 4 4 4 4 4 4 4 4 4 4 4 4 4 4 4 4 4 4 4 4 4 4 4 4 4 4 4 4 4 4 4 4 4 4 4 4 4 4 4 4 4 4 4 4 4 4 4 4 4 4 4 4 4 4 4 4 4 4 4 4 4 4 4 4 4 4 4 4 4 4 4 4 4 4 4 4 4 4 4 4 4 4 4 4 4 4 4 4 4 4 4 4 4 4 4 4 4 4 4 4 4 4 4 4 4 4 4 4 4 4 4 4 4 4 4 4 4 4 4 4 4 4 4 4 4 4 4 4 4 4 4 4 4 4 4 4 4 4 4 4 4 4 4 4 4 4 4 4 4 4 4 4 4 4 4 4 4 4 4 4 4 4 4 4 4 4 4 4 4 4 4 4 4 4 4 4 4 4 4 4 4 4 4 4 4 4 4 4 4 4 4 4 4 4 4 4 4 4 4 4 4 4 4 4 4 4 4 4 4 4 4 4 4 4 4 4 4 4 4 4 4 4 4 4 4 4 4 4 4 4 4 4 4 4 4 4 4 4 4 4 4 4 4 4 4 4 4 4 4 4 4 4 4 4 4 4 4 4 4 4 4 4 4 4 4 4 4 4 4 4 4 4 4 4 4 4 4 4 4 4 4 4 4 4 4 4 4 4 4 4 4 4 4 4 4 4 4 4 4 4 4 4 4 4 4 4 4 4 4 4 4 4 4 4 4 4 4 4 4 4 4 4 4 4 4 4 4 4 4 4 4 4 4 4 4 4 4 4 4 4 4 4 4 4 4 4 4 4 4 4 4 4 4 4 4 4 4 4 4 4 4 4 4 4 4 4 4 4 4 4 4 4 4 4 4 4 4 4 4 4 4 4 4 4 4 4 4 4 4 4 4 4 4 4 4 4 4 4 4 4 4 4 4 4 4 4 4 4 4 4 4 4 4 4 4 4 4 4 4 4 4 4 4 4 4 4 4 4 4 4 4 4 4 4 4 4 4 4 4 4 4 4 4 4 4 4 4 4 4 4 4 4 4 4 4 4 4 4 4 4 4 4 4 4 4 4 4 4 4 4 4 4 4 4 4 4 4 4 4 4 4 4 4 4 4 4 4 4 4 4 4 4 4 4 4 4 4 4 4 4 4 4 4 4 4 4 4 4 4 4 4 4 4 4 4 4 4 4 4 4 4 4 4 4 4 4 4 4 4 4 4 4 4 4 4 4 4 4 4 4 4 4 4 4 4 4 4 4 4 4 4 4 4 4 4 4 4 4 4 4 4 4 4 4 4 4 4 4 4 4 4 4 4 4 4 4 4 4 4 4 4 4 4 4 4 4 4 4 4 4 4 4 4 4 4 4 4 4 4 4 4 4 4 4 4 4 4 4 4 4 4 4 4 4 4 4 4 4 4 4 4 4 4 4 4 4 4 4 4 4 4 4 4 4 4 4 4 4 4 4 4 4 4 4 4 4 4 4 4 4 4 4 4 4 4 4 4 4 4 4 4 4 4 4 4 4 4 4 4 4 4 4 4 4 4 4 4 4 4 4 4 4 4 4 4 4 4 4 4 4 4 4 4 4 4 4 4 4 4 4 4 4 4 4 4 4 4 4 4 4 4 4 4 4 4 4 4 4 4 4 4 4 4 4 4 4 4 4 4 4 4 4 4 4 4 4 4 4 4 4 4 4 4 4 4 4 4 4 4 4 4 4 4 4 4 4 4 4 4 4 4 4 4 4 4 4 4 4 4 4 4 4 4 4 4 4 4 4 4 4 4 4 4 4 4 4 4 4 4 4 4 4 4 4 4 4 4 4 4 4 4 4 4 4 4 4 4 4 4 4 4 4 4 4 4 4 4 4 4 4 4 4 4 4 4 4 4 4 4 4 4 4 4 4 4 4 4 4 4 4 4 4 4 4 4 4 4 4 4 4 4 4 4 4 4 4 4 4 4 4 4 4 4 4 4 4 4 4 4 4 4 4 4 4 4 4 4 4 4 4 4 4 4 4 4 4 4 4 4 4 4 4 4 4 4 4 4 4 4 4 4 4 4 4 4 4 4 4 4 4 4 4 4 4 4 4 4 4 4 4 4 4 4 4 4 4 4 4 4 4 4 4 4 4 4 4 4 4 4 4 4 4 4 4 4 4 4 4 4 4 4 4 4 4 4 4 4 4 4 4 4 4 4 4 4 4 4 4 4 4 4 4 4 4 4 4 4 4 4 4 4 4 4 4 4 4 4 4 4 4 4 4 4 4 4 4 4 4 4 4 4 4 4 4 4 4 4 4 4 4 4 4 4 4 4 4 4 4 4 4 4 4 4 4 4 4 4 4 4 4 4 4 4 4 4 4 4 4 4 4 4 4 4 4 4 4 4 4 4 4 4 4 4 4 4 4 4 4 4 4 4 4 4 4 4 4 4 4 4 4 4 4 4 4 4 4 4 4 4 4 4 4 4 4 4 4 4 4 4 4 4 4 4 4 4 4 4 4 4 4 4 4 4 4 4 4 4 4 4 4 4 4 4 4 4 4 4 4 4 4 4 4 4 4 4 4 4 4 4 4 4 4 4 4 4 4 4 4 4 4 4 4 4 4 4 4 4 4 4 4 4 4 4 4 4 4 4 4 4 4 4 4 4 4 4 4 4 4 4 4 4 4 4 4 4 4 4 4 4 4 4 4 4 4 4 4 4 4 4 4 4 4 4 4 4 4 4 4 4 4 4 4 4 4 4 4 4 4 4 4 4 4 4 4 4 4 4 4 4 4 4 4 4 4 4 4 4 4 4 4 4 4 4 4 4 4 4 4 4 4 4 4 4 4 4 4 4 4 4 4 4 4 4 4 4 4 4 4 4 4 4 4 4 4 4 4 4 4 4 4 4 4 4 4 4 4 4 4 4 4 4 4 4 4 4 4 4 4 4 4 4 4 4 4 4 4 4 4 4 4 4 4 4 4 4 4 4 4 4 4 4 4 4 4 4 4 4 4 4 4 4 4 4 4 4 4 4 4 4 4 4 4 4 4 4 4 4 4 4 4 4 4 4 4 4 4 4 4 4 4 4 4 4 4 4 4 4 4 4 4 4 4 4 4 4 4 4 4 4 4 4 4 4 4 4 4 4 4 4 4 4 4 4 4 4 4 4 4 4 4 4 4 4 4 4 4 4 4 4 4 4 4 4 4 4 4 4 4 4 4 4 4 4 4 4 4 4 4 4 4 4 4 4 4 4 4 4 4 4 4 4 4 4 4 4 4 4 4 4 4 4 4 4 4 4 4 4 4 4 4 4 4 4 4 4 4 4 4 4 4 4 4 4 4 4 4 4 4 4 4 4 4 4 4 4 4 4 4 4 4 4 4 4 4 4 4 4 4 4 4 4 4 4 4 4 4 4 4 4 4 4 4 4 4 4 4 4 4 4 4 4 4 4 4 4 4 4 4 4 4 4 4 4 4 4 4 4 4 4 4 4 4 4 4 4 4 4 4 4 4 4 4 4 4 4 4 4 4 4 4 4 4 4 4 4 4 4 4 4 4 4 4 4 4 4 4 4 4 4 4 4 4 4 4 4 4 4 4 4 4 4 4 4 4 4 4 4 4 4 4 4 4 4 4 4 4 4 4 4 4 4 4 4 4 4 4 4 4 4 4 4 4 4 4 4 4 4 4 4 4 4 4 4 4 4 4 4 4 4 4 4 4 4 4 4 4 4 4 4 4 4 4 4 4 4 4 4 4 4 4 4 4 4 4 4 4 4 4 4 4 4 4 4 4 4 4 4 4 4 4 4 4 4 4 4 4 4 4 4 4 4 4 4 4 4 4 4 4 4 4 4 4 4 4 4 4 4 4 4 4 4 4 4 4 4 4 4 4 4 4 4 4 4 4 4 4 4 4 4 4 4 4 4 4 4 4 4 4 4 4 4 4 4 4 4 4 4 4 4 4 4 4 4 4 4 4 4 4 4 4 4 4 4 4 4 4 4 4 4 4 4 4 4 4 4 4 4 4 4 4 4 4 4 4 4 4 4 4 4 4 4 4 4 4 4 4 4 4 4 4 4 
        </DataArray>
      </CellData>
    </Piece>
  </PolyData>
</VTKFile>
