<?xml version="1.0"?>
<VTKFile type="PolyData" version="1.0" byte_order="LittleEndian" header_type="UInt64">
  <PolyData>
    <Piece NumberOfPoints="2000" NumberOfPolys="2000">
      <Points>
        <DataArray type="Float64" Name="Points" NumberOfComponents="3" format="ascii">
0.1 0 0.0 0.099999 0.000314157 0.0 0.099998 0.000628314 0.0 0.0999951 0.000942459 0.0 0.0999921 0.0012566 0.0 0.0999872 0.00157072 0.0 0.0999822 0.00188484 0.0 0.0999753 0.00219893 0.0 0.0999684 0.00251301 0.0 0.0999595 0.00282704 0.0 0.0999507 0.00314108 0.0 0.0999398 0.00345505 0.0 0.0999289 0.00376902 0.0 0.0999161 0.00408292 0.0 0.0999033 0.00439681 0.0 0.0998885 0.00471062 0.0 0.0998737 0.00502443 0.0 0.0998569 0.00533814 0.0 0.0998402 0.00565185 0.0 0.0998214 0.00596545 0.0 0.0998027 0.00627905 0.0 0.099782 0.00659253 0.0 0.0997613 0.006906 0.0 0.0997386 0.00721934 0.0 0.0997159 0.00753268 0.0 0.0996912 0.00784587 0.0 0.0996666 0.00815906 0.0 0.09964 0.00847209 0.0 0.0996134 0.00878512 0.0 0.0995848 0.00909798 0.0 0.0995562 0.00941083 0.0 0.0995256 0.0097235 0.0 0.0994951 0.0100362 0.0 0.0994626 0.0103486 0.0 0.0994301 0.0106611 0.0 0.0993956 0.0109734 0.0 0.0993611 0.0112856 0.0 0.0993247 0.0115977 0.0 0.0992883 0.0119097 0.0 0.0992499 0.0122215 0.0 0.0992115 0.0125333 0.0 0.0991711 0.0128449 0.0 0.0991308 0.0131564 0.0 0.0990885 0.0134677 0.0 0.0990461 0.013779 0.0 0.0990019 0.0140901 0.0 0.0989576 0.0144011 0.0 0.0989114 0.0147118 0.0 0.0988652 0.0150226 0.0 0.098817 0.015333 0.0 0.0987688 0.0156434 0.0 0.0987187 0.0159536 0.0 0.0986686 0.0162637 0.0 0.0986165 0.0165735 0.0 0.0985645 0.0168833 0.0 0.0985104 0.0171928 0.0 0.0984564 0.0175023 0.0 0.0984005 0.0178114 0.0 0.0983445 0.0181206 0.0 0.0982866 0.0184294 0.0 0.0982287 0.0187381 0.0 0.0981689 0.0190465 0.0 0.0981091 0.0193549 0.0 0.0980473 0.019663 0.0 0.0979855 0.019971 0.0 0.0979218 0.0202786 0.0 0.0978581 0.0205863 0.0 0.0977925 0.0208935 0.0 0.0977268 0.0212007 0.0 0.0976592 0.0215075 0.0 0.0975917 0.0218143 0.0 0.0975222 0.0221207 0.0 0.0974527 0.0224271 0.0 0.0973813 0.022733 0.0 0.0973099 0.0230389 0.0 0.0972365 0.0233444 0.0 0.0971632 0.0236499 0.0 0.0970879 0.0239549 0.0 0.0970127 0.0242599 0.0 0.0969355 0.0245645 0.0 0.0968583 0.024869 0.0 0.0967792 0.025173 0.0 0.0967001 0.0254771 0.0 0.0966192 0.0257806 0.0 0.0965382 0.0260842 0.0 0.0964553 0.0263872 0.0 0.0963724 0.0266902 0.0 0.0962876 0.0269927 0.0 0.0962028 0.0272952 0.0 0.0961161 0.0275972 0.0 0.0960294 0.0278991 0.0 0.0959408 0.0282005 0.0 0.0958522 0.0285019 0.0 0.0957617 0.0288028 0.0 0.0956712 0.0291036 0.0 0.0955788 0.0294039 0.0 0.0954865 0.0297042 0.0 0.0953922 0.0300038 0.0 0.0952979 0.0303035 0.0 0.0952018 0.0306026 0.0 0.0951057 0.0309017 0.0 0.0950076 0.0312002 0.0 0.0949096 0.0314987 0.0 0.0948097 0.0317965 0.0 0.0947098 0.0320944 0.0 0.0946081 0.0323916 0.0 0.0945063 0.0326888 0.0 0.0944027 0.0329854 0.0 0.0942991 0.033282 0.0 0.0941936 0.0335779 0.0 0.0940881 0.0338738 0.0 0.0939807 0.034169 0.0 0.0938734 0.0344643 0.0 0.0937642 0.0347589 0.0 0.093655 0.0350534 0.0 0.0935439 0.0353473 0.0 0.0934329 0.0356412 0.0 0.09332 0.0359344 0.0 0.0932071 0.0362275 0.0 0.0930924 0.03652 0.0 0.0929776 0.0368125 0.0 0.0928611 0.0371042 0.0 0.0927445 0.0373959 0.0 0.0926261 0.0376869 0.0 0.0925077 0.0379779 0.0 0.0923875 0.0382682 0.0 0.0922673 0.0385584 0.0 0.0921452 0.0388479 0.0 0.0920232 0.0391374 0.0 0.0918993 0.0394261 0.0 0.0917755 0.0397148 0.0 0.0916498 0.0400027 0.0 0.0915241 0.0402906 0.0 0.0913966 0.0405778 0.0 0.0912692 0.0408649 0.0 0.0911399 0.0411512 0.0 0.0910106 0.0414376 0.0 0.0908795 0.0417231 0.0 0.0907484 0.0420086 0.0 0.0906156 0.0422933 0.0 0.0904827 0.0425779 0.0 0.0903481 0.0428618 0.0 0.0902134 0.0431456 0.0 0.090077 0.0434286 0.0 0.0899405 0.0437116 0.0 0.0898023 0.0439937 0.0 0.0896641 0.0442758 0.0 0.0895241 0.0445571 0.0 0.0893841 0.0448383 0.0 0.0892424 0.0451187 0.0 0.0891007 0.0453991 0.0 0.0889571 0.0456785 0.0 0.0888136 0.045958 0.0 0.0886684 0.0462365 0.0 0.0885231 0.0465151 0.0 0.0883761 0.0467928 0.0 0.0882291 0.0470704 0.0 0.0880804 0.0473471 0.0 0.0879316 0.0476238 0.0 0.0877811 0.0478996 0.0 0.0876307 0.0481754 0.0 0.0874785 0.0484502 0.0 0.0873262 0.048725 0.0 0.0871723 0.0489989 0.0 0.0870184 0.0492727 0.0 0.0868627 0.0495456 0.0 0.0867071 0.0498185 0.0 0.0865497 0.0500904 0.0 0.0863923 0.0503623 0.0 0.0862333 0.0506332 0.0 0.0860742 0.0509041 0.0 0.0859134 0.051174 0.0 0.0857527 0.051444 0.0 0.0855902 0.0517128 0.0 0.0854277 0.0519817 0.0 0.0852636 0.0522496 0.0 0.0850994 0.0525175 0.0 0.0849336 0.0527843 0.0 0.0847678 0.0530511 0.0 0.0846003 0.0533169 0.0 0.0844328 0.0535827 0.0 0.0842636 0.0538474 0.0 0.0840945 0.0541121 0.0 0.0839236 0.0543758 0.0 0.0837528 0.0546394 0.0 0.0835803 0.054902 0.0 0.0834078 0.0551646 0.0 0.0832337 0.0554261 0.0 0.0830596 0.0556876 0.0 0.0828838 0.0559479 0.0 0.0827081 0.0562083 0.0 0.0825307 0.0564676 0.0 0.0823533 0.0567269 0.0 0.0821742 0.0569851 0.0 0.0819952 0.0572432 0.0 0.0818146 0.0575002 0.0 0.0816339 0.0577573 0.0 0.0814517 0.0580132 0.0 0.0812694 0.058269 0.0 0.0810856 0.0585238 0.0 0.0809017 0.0587785 0.0 0.0807162 0.0590321 0.0 0.0805308 0.0592857 0.0 0.0803437 0.0595381 0.0 0.0801567 0.0597905 0.0 0.0799681 0.0600417 0.0 0.0797794 0.060293 0.0 0.0795892 0.060543 0.0 0.079399 0.060793 0.0 0.0792073 0.0610419 0.0 0.0790155 0.0612907 0.0 0.0788222 0.0615383 0.0 0.0786288 0.061786 0.0 0.078434 0.0620324 0.0 0.0782391 0.0622788 0.0 0.0780427 0.062524 0.0 0.0778462 0.0627691 0.0 0.0776483 0.0630131 0.0 0.0774503 0.063257 0.0 0.0772508 0.0634997 0.0 0.0770513 0.0637424 0.0 0.0768503 0.0639838 0.0 0.0766493 0.0642253 0.0 0.0764468 0.0644654 0.0 0.0762443 0.0647056 0.0 0.0760402 0.0649445 0.0 0.0758362 0.0651834 0.0 0.0756307 0.065421 0.0 0.0754251 0.0656586 0.0 0.0752181 0.0658949 0.0 0.0750111 0.0661312 0.0 0.0748026 0.0663662 0.0 0.0745941 0.0666012 0.0 0.0743841 0.0668349 0.0 0.0741742 0.0670686 0.0 0.0739627 0.0673009 0.0 0.0737513 0.0675333 0.0 0.0735384 0.0677643 0.0 0.0733255 0.0679953 0.0 0.0731112 0.068225 0.0 0.0728969 0.0684547 0.0 0.0726811 0.068683 0.0 0.0724653 0.0689114 0.0 0.0722481 0.0691384 0.0 0.0720309 0.0693653 0.0 0.0718123 0.0695909 0.0 0.0715936 0.0698165 0.0 0.0713736 0.0700408 0.0 0.0711536 0.070265 0.0 0.0709321 0.0704878 0.0 0.0707107 0.0707107 0.0 0.0704878 0.0709321 0.0 0.070265 0.0711536 0.0 0.0700408 0.0713736 0.0 0.0698165 0.0715936 0.0 0.0695909 0.0718123 0.0 0.0693653 0.0720309 0.0 0.0691384 0.0722481 0.0 0.0689114 0.0724653 0.0 0.068683 0.0726811 0.0 0.0684547 0.0728969 0.0 0.068225 0.0731112 0.0 0.0679953 0.0733255 0.0 0.0677643 0.0735384 0.0 0.0675333 0.0737513 0.0 0.0673009 0.0739627 0.0 0.0670686 0.0741742 0.0 0.0668349 0.0743841 0.0 0.0666012 0.0745941 0.0 0.0663662 0.0748026 0.0 0.0661312 0.0750111 0.0 0.0658949 0.0752181 0.0 0.0656586 0.0754251 0.0 0.065421 0.0756307 0.0 0.0651834 0.0758362 0.0 0.0649445 0.0760402 0.0 0.0647056 0.0762443 0.0 0.0644654 0.0764468 0.0 0.0642253 0.0766493 0.0 0.0639838 0.0768503 0.0 0.0637424 0.0770513 0.0 0.0634997 0.0772508 0.0 0.063257 0.0774503 0.0 0.0630131 0.0776483 0.0 0.0627691 0.0778462 0.0 0.062524 0.0780427 0.0 0.0622788 0.0782391 0.0 0.0620324 0.078434 0.0 0.061786 0.0786288 0.0 0.0615383 0.0788222 0.0 0.0612907 0.0790155 0.0 0.0610419 0.0792073 0.0 0.060793 0.079399 0.0 0.060543 0.0795892 0.0 0.060293 0.0797794 0.0 0.0600417 0.0799681 0.0 0.0597905 0.0801567 0.0 0.0595381 0.0803437 0.0 0.0592857 0.0805308 0.0 0.0590321 0.0807162 0.0 0.0587785 0.0809017 0.0 0.0585238 0.0810856 0.0 0.058269 0.0812694 0.0 0.0580132 0.0814517 0.0 0.0577573 0.0816339 0.0 0.0575002 0.0818146 0.0 0.0572432 0.0819952 0.0 0.0569851 0.0821742 0.0 0.0567269 0.0823533 0.0 0.0564676 0.0825307 0.0 0.0562083 0.0827081 0.0 0.0559479 0.0828838 0.0 0.0556876 0.0830596 0.0 0.0554261 0.0832337 0.0 0.0551646 0.0834078 0.0 0.054902 0.0835803 0.0 0.0546394 0.0837528 0.0 0.0543758 0.0839236 0.0 0.0541121 0.0840945 0.0 0.0538474 0.0842636 0.0 0.0535827 0.0844328 0.0 0.0533169 0.0846003 0.0 0.0530511 0.0847678 0.0 0.0527843 0.0849336 0.0 0.0525175 0.0850994 0.0 0.0522496 0.0852636 0.0 0.0519817 0.0854277 0.0 0.0517128 0.0855902 0.0 0.051444 0.0857527 0.0 0.051174 0.0859134 0.0 0.0509041 0.0860742 0.0 0.0506332 0.0862333 0.0 0.0503623 0.0863923 0.0 0.0500904 0.0865497 0.0 0.0498185 0.0867071 0.0 0.0495456 0.0868627 0.0 0.0492727 0.0870184 0.0 0.0489989 0.0871723 0.0 0.048725 0.0873262 0.0 0.0484502 0.0874785 0.0 0.0481754 0.0876307 0.0 0.0478996 0.0877811 0.0 0.0476238 0.0879316 0.0 0.0473471 0.0880804 0.0 0.0470704 0.0882291 0.0 0.0467928 0.0883761 0.0 0.0465151 0.0885231 0.0 0.0462365 0.0886684 0.0 0.045958 0.0888136 0.0 0.0456785 0.0889571 0.0 0.0453991 0.0891007 0.0 0.0451187 0.0892424 0.0 0.0448383 0.0893841 0.0 0.0445571 0.0895241 0.0 0.0442758 0.0896641 0.0 0.0439937 0.0898023 0.0 0.0437116 0.0899405 0.0 0.0434286 0.090077 0.0 0.0431456 0.0902134 0.0 0.0428618 0.0903481 0.0 0.0425779 0.0904827 0.0 0.0422933 0.0906156 0.0 0.0420086 0.0907484 0.0 0.0417231 0.0908795 0.0 0.0414376 0.0910106 0.0 0.0411512 0.0911399 0.0 0.0408649 0.0912692 0.0 0.0405778 0.0913966 0.0 0.0402906 0.0915241 0.0 0.0400027 0.0916498 0.0 0.0397148 0.0917755 0.0 0.0394261 0.0918993 0.0 0.0391374 0.0920232 0.0 0.0388479 0.0921452 0.0 0.0385584 0.0922673 0.0 0.0382682 0.0923875 0.0 0.0379779 0.0925077 0.0 0.0376869 0.0926261 0.0 0.0373959 0.0927445 0.0 0.0371042 0.0928611 0.0 0.0368125 0.0929776 0.0 0.03652 0.0930924 0.0 0.0362275 0.0932071 0.0 0.0359344 0.09332 0.0 0.0356412 0.0934329 0.0 0.0353473 0.0935439 0.0 0.0350534 0.093655 0.0 0.0347589 0.0937642 0.0 0.0344643 0.0938734 0.0 0.034169 0.0939807 0.0 0.0338738 0.0940881 0.0 0.0335779 0.0941936 0.0 0.033282 0.0942991 0.0 0.0329854 0.0944027 0.0 0.0326888 0.0945063 0.0 0.0323916 0.0946081 0.0 0.0320944 0.0947098 0.0 0.0317965 0.0948097 0.0 0.0314987 0.0949096 0.0 0.0312002 0.0950076 0.0 0.0309017 0.0951057 0.0 0.0306026 0.0952018 0.0 0.0303035 0.0952979 0.0 0.0300038 0.0953922 0.0 0.0297042 0.0954865 0.0 0.0294039 0.0955788 0.0 0.0291036 0.0956712 0.0 0.0288028 0.0957617 0.0 0.0285019 0.0958522 0.0 0.0282005 0.0959408 0.0 0.0278991 0.0960294 0.0 0.0275972 0.0961161 0.0 0.0272952 0.0962028 0.0 0.0269927 0.0962876 0.0 0.0266902 0.0963724 0.0 0.0263872 0.0964553 0.0 0.0260842 0.0965382 0.0 0.0257806 0.0966192 0.0 0.0254771 0.0967001 0.0 0.025173 0.0967792 0.0 0.024869 0.0968583 0.0 0.0245645 0.0969355 0.0 0.0242599 0.0970127 0.0 0.0239549 0.0970879 0.0 0.0236499 0.0971632 0.0 0.0233444 0.0972365 0.0 0.0230389 0.0973099 0.0 0.022733 0.0973813 0.0 0.0224271 0.0974527 0.0 0.0221207 0.0975222 0.0 0.0218143 0.0975917 0.0 0.0215075 0.0976592 0.0 0.0212007 0.0977268 0.0 0.0208935 0.0977925 0.0 0.0205863 0.0978581 0.0 0.0202786 0.0979218 0.0 0.019971 0.0979855 0.0 0.019663 0.0980473 0.0 0.0193549 0.0981091 0.0 0.0190465 0.0981689 0.0 0.0187381 0.0982287 0.0 0.0184294 0.0982866 0.0 0.0181206 0.0983445 0.0 0.0178114 0.0984005 0.0 0.0175023 0.0984564 0.0 0.0171928 0.0985104 0.0 0.0168833 0.0985645 0.0 0.0165735 0.0986165 0.0 0.0162637 0.0986686 0.0 0.0159536 0.0987187 0.0 0.0156434 0.0987688 0.0 0.015333 0.098817 0.0 0.0150226 0.0988652 0.0 0.0147118 0.0989114 0.0 0.0144011 0.0989576 0.0 0.0140901 0.0990019 0.0 0.013779 0.0990461 0.0 0.0134677 0.0990885 0.0 0.0131564 0.0991308 0.0 0.0128449 0.0991711 0.0 0.0125333 0.0992115 0.0 0.0122215 0.0992499 0.0 0.0119097 0.0992883 0.0 0.0115977 0.0993247 0.0 0.0112856 0.0993611 0.0 0.0109734 0.0993956 0.0 0.0106611 0.0994301 0.0 0.0103486 0.0994626 0.0 0.0100362 0.0994951 0.0 0.0097235 0.0995256 0.0 0.00941083 0.0995562 0.0 0.00909798 0.0995848 0.0 0.00878512 0.0996134 0.0 0.00847209 0.09964 0.0 0.00815906 0.0996666 0.0 0.00784587 0.0996912 0.0 0.00753268 0.0997159 0.0 0.00721934 0.0997386 0.0 0.006906 0.0997613 0.0 0.00659253 0.099782 0.0 0.00627905 0.0998027 0.0 0.00596545 0.0998214 0.0 0.00565185 0.0998402 0.0 0.00533814 0.0998569 0.0 0.00502443 0.0998737 0.0 0.00471062 0.0998885 0.0 0.00439681 0.0999033 0.0 0.00408292 0.0999161 0.0 0.00376902 0.0999289 0.0 0.00345505 0.0999398 0.0 0.00314108 0.0999507 0.0 0.00282704 0.0999595 0.0 0.00251301 0.0999684 0.0 0.00219893 0.0999753 0.0 0.00188484 0.0999822 0.0 0.00157072 0.0999872 0.0 0.0012566 0.0999921 0.0 0.000942459 0.0999951 0.0 0.000628314 0.099998 0.0 0.000314157 0.099999 0.0 0 0.1 0.0 -0.000314157 0.099999 0.0 -0.000628314 0.099998 0.0 -0.000942459 0.0999951 0.0 -0.0012566 0.0999921 0.0 -0.00157072 0.0999872 0.0 -0.00188484 0.0999822 0.0 -0.00219893 0.0999753 0.0 -0.00251301 0.0999684 0.0 -0.00282704 0.0999595 0.0 -0.00314108 0.0999507 0.0 -0.00345505 0.0999398 0.0 -0.00376902 0.0999289 0.0 -0.00408292 0.0999161 0.0 -0.00439681 0.0999033 0.0 -0.00471062 0.0998885 0.0 -0.00502443 0.0998737 0.0 -0.00533814 0.0998569 0.0 -0.00565185 0.0998402 0.0 -0.00596545 0.0998214 0.0 -0.00627905 0.0998027 0.0 -0.00659253 0.099782 0.0 -0.006906 0.0997613 0.0 -0.00721934 0.0997386 0.0 -0.00753268 0.0997159 0.0 -0.00784587 0.0996912 0.0 -0.00815906 0.0996666 0.0 -0.00847209 0.09964 0.0 -0.00878512 0.0996134 0.0 -0.00909798 0.0995848 0.0 -0.00941083 0.0995562 0.0 -0.0097235 0.0995256 0.0 -0.0100362 0.0994951 0.0 -0.0103486 0.0994626 0.0 -0.0106611 0.0994301 0.0 -0.0109734 0.0993956 0.0 -0.0112856 0.0993611 0.0 -0.0115977 0.0993247 0.0 -0.0119097 0.0992883 0.0 -0.0122215 0.0992499 0.0 -0.0125333 0.0992115 0.0 -0.0128449 0.0991711 0.0 -0.0131564 0.0991308 0.0 -0.0134677 0.0990885 0.0 -0.013779 0.0990461 0.0 -0.0140901 0.0990019 0.0 -0.0144011 0.0989576 0.0 -0.0147118 0.0989114 0.0 -0.0150226 0.0988652 0.0 -0.015333 0.098817 0.0 -0.0156434 0.0987688 0.0 -0.0159536 0.0987187 0.0 -0.0162637 0.0986686 0.0 -0.0165735 0.0986165 0.0 -0.0168833 0.0985645 0.0 -0.0171928 0.0985104 0.0 -0.0175023 0.0984564 0.0 -0.0178114 0.0984005 0.0 -0.0181206 0.0983445 0.0 -0.0184294 0.0982866 0.0 -0.0187381 0.0982287 0.0 -0.0190465 0.0981689 0.0 -0.0193549 0.0981091 0.0 -0.019663 0.0980473 0.0 -0.019971 0.0979855 0.0 -0.0202786 0.0979218 0.0 -0.0205863 0.0978581 0.0 -0.0208935 0.0977925 0.0 -0.0212007 0.0977268 0.0 -0.0215075 0.0976592 0.0 -0.0218143 0.0975917 0.0 -0.0221207 0.0975222 0.0 -0.0224271 0.0974527 0.0 -0.022733 0.0973813 0.0 -0.0230389 0.0973099 0.0 -0.0233444 0.0972365 0.0 -0.0236499 0.0971632 0.0 -0.0239549 0.0970879 0.0 -0.0242599 0.0970127 0.0 -0.0245645 0.0969355 0.0 -0.024869 0.0968583 0.0 -0.025173 0.0967792 0.0 -0.0254771 0.0967001 0.0 -0.0257806 0.0966192 0.0 -0.0260842 0.0965382 0.0 -0.0263872 0.0964553 0.0 -0.0266902 0.0963724 0.0 -0.0269927 0.0962876 0.0 -0.0272952 0.0962028 0.0 -0.0275972 0.0961161 0.0 -0.0278991 0.0960294 0.0 -0.0282005 0.0959408 0.0 -0.0285019 0.0958522 0.0 -0.0288028 0.0957617 0.0 -0.0291036 0.0956712 0.0 -0.0294039 0.0955788 0.0 -0.0297042 0.0954865 0.0 -0.0300038 0.0953922 0.0 -0.0303035 0.0952979 0.0 -0.0306026 0.0952018 0.0 -0.0309017 0.0951057 0.0 -0.0312002 0.0950076 0.0 -0.0314987 0.0949096 0.0 -0.0317965 0.0948097 0.0 -0.0320944 0.0947098 0.0 -0.0323916 0.0946081 0.0 -0.0326888 0.0945063 0.0 -0.0329854 0.0944027 0.0 -0.033282 0.0942991 0.0 -0.0335779 0.0941936 0.0 -0.0338738 0.0940881 0.0 -0.034169 0.0939807 0.0 -0.0344643 0.0938734 0.0 -0.0347589 0.0937642 0.0 -0.0350534 0.093655 0.0 -0.0353473 0.0935439 0.0 -0.0356412 0.0934329 0.0 -0.0359344 0.09332 0.0 -0.0362275 0.0932071 0.0 -0.03652 0.0930924 0.0 -0.0368125 0.0929776 0.0 -0.0371042 0.0928611 0.0 -0.0373959 0.0927445 0.0 -0.0376869 0.0926261 0.0 -0.0379779 0.0925077 0.0 -0.0382682 0.0923875 0.0 -0.0385584 0.0922673 0.0 -0.0388479 0.0921452 0.0 -0.0391374 0.0920232 0.0 -0.0394261 0.0918993 0.0 -0.0397148 0.0917755 0.0 -0.0400027 0.0916498 0.0 -0.0402906 0.0915241 0.0 -0.0405778 0.0913966 0.0 -0.0408649 0.0912692 0.0 -0.0411512 0.0911399 0.0 -0.0414376 0.0910106 0.0 -0.0417231 0.0908795 0.0 -0.0420086 0.0907484 0.0 -0.0422933 0.0906156 0.0 -0.0425779 0.0904827 0.0 -0.0428618 0.0903481 0.0 -0.0431456 0.0902134 0.0 -0.0434286 0.090077 0.0 -0.0437116 0.0899405 0.0 -0.0439937 0.0898023 0.0 -0.0442758 0.0896641 0.0 -0.0445571 0.0895241 0.0 -0.0448383 0.0893841 0.0 -0.0451187 0.0892424 0.0 -0.0453991 0.0891007 0.0 -0.0456785 0.0889571 0.0 -0.045958 0.0888136 0.0 -0.0462365 0.0886684 0.0 -0.0465151 0.0885231 0.0 -0.0467928 0.0883761 0.0 -0.0470704 0.0882291 0.0 -0.0473471 0.0880804 0.0 -0.0476238 0.0879316 0.0 -0.0478996 0.0877811 0.0 -0.0481754 0.0876307 0.0 -0.0484502 0.0874785 0.0 -0.048725 0.0873262 0.0 -0.0489989 0.0871723 0.0 -0.0492727 0.0870184 0.0 -0.0495456 0.0868627 0.0 -0.0498185 0.0867071 0.0 -0.0500904 0.0865497 0.0 -0.0503623 0.0863923 0.0 -0.0506332 0.0862333 0.0 -0.0509041 0.0860742 0.0 -0.051174 0.0859134 0.0 -0.051444 0.0857527 0.0 -0.0517128 0.0855902 0.0 -0.0519817 0.0854277 0.0 -0.0522496 0.0852636 0.0 -0.0525175 0.0850994 0.0 -0.0527843 0.0849336 0.0 -0.0530511 0.0847678 0.0 -0.0533169 0.0846003 0.0 -0.0535827 0.0844328 0.0 -0.0538474 0.0842636 0.0 -0.0541121 0.0840945 0.0 -0.0543758 0.0839236 0.0 -0.0546394 0.0837528 0.0 -0.054902 0.0835803 0.0 -0.0551646 0.0834078 0.0 -0.0554261 0.0832337 0.0 -0.0556876 0.0830596 0.0 -0.0559479 0.0828838 0.0 -0.0562083 0.0827081 0.0 -0.0564676 0.0825307 0.0 -0.0567269 0.0823533 0.0 -0.0569851 0.0821742 0.0 -0.0572432 0.0819952 0.0 -0.0575002 0.0818146 0.0 -0.0577573 0.0816339 0.0 -0.0580132 0.0814517 0.0 -0.058269 0.0812694 0.0 -0.0585238 0.0810856 0.0 -0.0587785 0.0809017 0.0 -0.0590321 0.0807162 0.0 -0.0592857 0.0805308 0.0 -0.0595381 0.0803437 0.0 -0.0597905 0.0801567 0.0 -0.0600417 0.0799681 0.0 -0.060293 0.0797794 0.0 -0.060543 0.0795892 0.0 -0.060793 0.079399 0.0 -0.0610419 0.0792073 0.0 -0.0612907 0.0790155 0.0 -0.0615383 0.0788222 0.0 -0.061786 0.0786288 0.0 -0.0620324 0.078434 0.0 -0.0622788 0.0782391 0.0 -0.062524 0.0780427 0.0 -0.0627691 0.0778462 0.0 -0.0630131 0.0776483 0.0 -0.063257 0.0774503 0.0 -0.0634997 0.0772508 0.0 -0.0637424 0.0770513 0.0 -0.0639838 0.0768503 0.0 -0.0642253 0.0766493 0.0 -0.0644654 0.0764468 0.0 -0.0647056 0.0762443 0.0 -0.0649445 0.0760402 0.0 -0.0651834 0.0758362 0.0 -0.065421 0.0756307 0.0 -0.0656586 0.0754251 0.0 -0.0658949 0.0752181 0.0 -0.0661312 0.0750111 0.0 -0.0663662 0.0748026 0.0 -0.0666012 0.0745941 0.0 -0.0668349 0.0743841 0.0 -0.0670686 0.0741742 0.0 -0.0673009 0.0739627 0.0 -0.0675333 0.0737513 0.0 -0.0677643 0.0735384 0.0 -0.0679953 0.0733255 0.0 -0.068225 0.0731112 0.0 -0.0684547 0.0728969 0.0 -0.068683 0.0726811 0.0 -0.0689114 0.0724653 0.0 -0.0691384 0.0722481 0.0 -0.0693653 0.0720309 0.0 -0.0695909 0.0718123 0.0 -0.0698165 0.0715936 0.0 -0.0700408 0.0713736 0.0 -0.070265 0.0711536 0.0 -0.0704878 0.0709321 0.0 -0.0707107 0.0707107 0.0 -0.0709321 0.0704878 0.0 -0.0711536 0.070265 0.0 -0.0713736 0.0700408 0.0 -0.0715936 0.0698165 0.0 -0.0718123 0.0695909 0.0 -0.0720309 0.0693653 0.0 -0.0722481 0.0691384 0.0 -0.0724653 0.0689114 0.0 -0.0726811 0.068683 0.0 -0.0728969 0.0684547 0.0 -0.0731112 0.068225 0.0 -0.0733255 0.0679953 0.0 -0.0735384 0.0677643 0.0 -0.0737513 0.0675333 0.0 -0.0739627 0.0673009 0.0 -0.0741742 0.0670686 0.0 -0.0743841 0.0668349 0.0 -0.0745941 0.0666012 0.0 -0.0748026 0.0663662 0.0 -0.0750111 0.0661312 0.0 -0.0752181 0.0658949 0.0 -0.0754251 0.0656586 0.0 -0.0756307 0.065421 0.0 -0.0758362 0.0651834 0.0 -0.0760402 0.0649445 0.0 -0.0762443 0.0647056 0.0 -0.0764468 0.0644654 0.0 -0.0766493 0.0642253 0.0 -0.0768503 0.0639838 0.0 -0.0770513 0.0637424 0.0 -0.0772508 0.0634997 0.0 -0.0774503 0.063257 0.0 -0.0776483 0.0630131 0.0 -0.0778462 0.0627691 0.0 -0.0780427 0.062524 0.0 -0.0782391 0.0622788 0.0 -0.078434 0.0620324 0.0 -0.0786288 0.061786 0.0 -0.0788222 0.0615383 0.0 -0.0790155 0.0612907 0.0 -0.0792073 0.0610419 0.0 -0.079399 0.060793 0.0 -0.0795892 0.060543 0.0 -0.0797794 0.060293 0.0 -0.0799681 0.0600417 0.0 -0.0801567 0.0597905 0.0 -0.0803437 0.0595381 0.0 -0.0805308 0.0592857 0.0 -0.0807162 0.0590321 0.0 -0.0809017 0.0587785 0.0 -0.0810856 0.0585238 0.0 -0.0812694 0.058269 0.0 -0.0814517 0.0580132 0.0 -0.0816339 0.0577573 0.0 -0.0818146 0.0575002 0.0 -0.0819952 0.0572432 0.0 -0.0821742 0.0569851 0.0 -0.0823533 0.0567269 0.0 -0.0825307 0.0564676 0.0 -0.0827081 0.0562083 0.0 -0.0828838 0.0559479 0.0 -0.0830596 0.0556876 0.0 -0.0832337 0.0554261 0.0 -0.0834078 0.0551646 0.0 -0.0835803 0.054902 0.0 -0.0837528 0.0546394 0.0 -0.0839236 0.0543758 0.0 -0.0840945 0.0541121 0.0 -0.0842636 0.0538474 0.0 -0.0844328 0.0535827 0.0 -0.0846003 0.0533169 0.0 -0.0847678 0.0530511 0.0 -0.0849336 0.0527843 0.0 -0.0850994 0.0525175 0.0 -0.0852636 0.0522496 0.0 -0.0854277 0.0519817 0.0 -0.0855902 0.0517128 0.0 -0.0857527 0.051444 0.0 -0.0859134 0.051174 0.0 -0.0860742 0.0509041 0.0 -0.0862333 0.0506332 0.0 -0.0863923 0.0503623 0.0 -0.0865497 0.0500904 0.0 -0.0867071 0.0498185 0.0 -0.0868627 0.0495456 0.0 -0.0870184 0.0492727 0.0 -0.0871723 0.0489989 0.0 -0.0873262 0.048725 0.0 -0.0874785 0.0484502 0.0 -0.0876307 0.0481754 0.0 -0.0877811 0.0478996 0.0 -0.0879316 0.0476238 0.0 -0.0880804 0.0473471 0.0 -0.0882291 0.0470704 0.0 -0.0883761 0.0467928 0.0 -0.0885231 0.0465151 0.0 -0.0886684 0.0462365 0.0 -0.0888136 0.045958 0.0 -0.0889571 0.0456785 0.0 -0.0891007 0.0453991 0.0 -0.0892424 0.0451187 0.0 -0.0893841 0.0448383 0.0 -0.0895241 0.0445571 0.0 -0.0896641 0.0442758 0.0 -0.0898023 0.0439937 0.0 -0.0899405 0.0437116 0.0 -0.090077 0.0434286 0.0 -0.0902134 0.0431456 0.0 -0.0903481 0.0428618 0.0 -0.0904827 0.0425779 0.0 -0.0906156 0.0422933 0.0 -0.0907484 0.0420086 0.0 -0.0908795 0.0417231 0.0 -0.0910106 0.0414376 0.0 -0.0911399 0.0411512 0.0 -0.0912692 0.0408649 0.0 -0.0913966 0.0405778 0.0 -0.0915241 0.0402906 0.0 -0.0916498 0.0400027 0.0 -0.0917755 0.0397148 0.0 -0.0918993 0.0394261 0.0 -0.0920232 0.0391374 0.0 -0.0921452 0.0388479 0.0 -0.0922673 0.0385584 0.0 -0.0923875 0.0382682 0.0 -0.0925077 0.0379779 0.0 -0.0926261 0.0376869 0.0 -0.0927445 0.0373959 0.0 -0.0928611 0.0371042 0.0 -0.0929776 0.0368125 0.0 -0.0930924 0.03652 0.0 -0.0932071 0.0362275 0.0 -0.09332 0.0359344 0.0 -0.0934329 0.0356412 0.0 -0.0935439 0.0353473 0.0 -0.093655 0.0350534 0.0 -0.0937642 0.0347589 0.0 -0.0938734 0.0344643 0.0 -0.0939807 0.034169 0.0 -0.0940881 0.0338738 0.0 -0.0941936 0.0335779 0.0 -0.0942991 0.033282 0.0 -0.0944027 0.0329854 0.0 -0.0945063 0.0326888 0.0 -0.0946081 0.0323916 0.0 -0.0947098 0.0320944 0.0 -0.0948097 0.0317965 0.0 -0.0949096 0.0314987 0.0 -0.0950076 0.0312002 0.0 -0.0951057 0.0309017 0.0 -0.0952018 0.0306026 0.0 -0.0952979 0.0303035 0.0 -0.0953922 0.0300038 0.0 -0.0954865 0.0297042 0.0 -0.0955788 0.0294039 0.0 -0.0956712 0.0291036 0.0 -0.0957617 0.0288028 0.0 -0.0958522 0.0285019 0.0 -0.0959408 0.0282005 0.0 -0.0960294 0.0278991 0.0 -0.0961161 0.0275972 0.0 -0.0962028 0.0272952 0.0 -0.0962876 0.0269927 0.0 -0.0963724 0.0266902 0.0 -0.0964553 0.0263872 0.0 -0.0965382 0.0260842 0.0 -0.0966192 0.0257806 0.0 -0.0967001 0.0254771 0.0 -0.0967792 0.025173 0.0 -0.0968583 0.024869 0.0 -0.0969355 0.0245645 0.0 -0.0970127 0.0242599 0.0 -0.0970879 0.0239549 0.0 -0.0971632 0.0236499 0.0 -0.0972365 0.0233444 0.0 -0.0973099 0.0230389 0.0 -0.0973813 0.022733 0.0 -0.0974527 0.0224271 0.0 -0.0975222 0.0221207 0.0 -0.0975917 0.0218143 0.0 -0.0976592 0.0215075 0.0 -0.0977268 0.0212007 0.0 -0.0977925 0.0208935 0.0 -0.0978581 0.0205863 0.0 -0.0979218 0.0202786 0.0 -0.0979855 0.019971 0.0 -0.0980473 0.019663 0.0 -0.0981091 0.0193549 0.0 -0.0981689 0.0190465 0.0 -0.0982287 0.0187381 0.0 -0.0982866 0.0184294 0.0 -0.0983445 0.0181206 0.0 -0.0984005 0.0178114 0.0 -0.0984564 0.0175023 0.0 -0.0985104 0.0171928 0.0 -0.0985645 0.0168833 0.0 -0.0986165 0.0165735 0.0 -0.0986686 0.0162637 0.0 -0.0987187 0.0159536 0.0 -0.0987688 0.0156434 0.0 -0.098817 0.015333 0.0 -0.0988652 0.0150226 0.0 -0.0989114 0.0147118 0.0 -0.0989576 0.0144011 0.0 -0.0990019 0.0140901 0.0 -0.0990461 0.013779 0.0 -0.0990885 0.0134677 0.0 -0.0991308 0.0131564 0.0 -0.0991711 0.0128449 0.0 -0.0992115 0.0125333 0.0 -0.0992499 0.0122215 0.0 -0.0992883 0.0119097 0.0 -0.0993247 0.0115977 0.0 -0.0993611 0.0112856 0.0 -0.0993956 0.0109734 0.0 -0.0994301 0.0106611 0.0 -0.0994626 0.0103486 0.0 -0.0994951 0.0100362 0.0 -0.0995256 0.0097235 0.0 -0.0995562 0.00941083 0.0 -0.0995848 0.00909798 0.0 -0.0996134 0.00878512 0.0 -0.09964 0.00847209 0.0 -0.0996666 0.00815906 0.0 -0.0996912 0.00784587 0.0 -0.0997159 0.00753268 0.0 -0.0997386 0.00721934 0.0 -0.0997613 0.006906 0.0 -0.099782 0.00659253 0.0 -0.0998027 0.00627905 0.0 -0.0998214 0.00596545 0.0 -0.0998402 0.00565185 0.0 -0.0998569 0.00533814 0.0 -0.0998737 0.00502443 0.0 -0.0998885 0.00471062 0.0 -0.0999033 0.00439681 0.0 -0.0999161 0.00408292 0.0 -0.0999289 0.00376902 0.0 -0.0999398 0.00345505 0.0 -0.0999507 0.00314108 0.0 -0.0999595 0.00282704 0.0 -0.0999684 0.00251301 0.0 -0.0999753 0.00219893 0.0 -0.0999822 0.00188484 0.0 -0.0999872 0.00157072 0.0 -0.0999921 0.0012566 0.0 -0.0999951 0.000942459 0.0 -0.099998 0.000628314 0.0 -0.099999 0.000314157 0.0 -0.1 0 0.0 -0.099999 -0.000314157 0.0 -0.099998 -0.000628314 0.0 -0.0999951 -0.000942459 0.0 -0.0999921 -0.0012566 0.0 -0.0999872 -0.00157072 0.0 -0.0999822 -0.00188484 0.0 -0.0999753 -0.00219893 0.0 -0.0999684 -0.00251301 0.0 -0.0999595 -0.00282704 0.0 -0.0999507 -0.00314108 0.0 -0.0999398 -0.00345505 0.0 -0.0999289 -0.00376902 0.0 -0.0999161 -0.00408292 0.0 -0.0999033 -0.00439681 0.0 -0.0998885 -0.00471062 0.0 -0.0998737 -0.00502443 0.0 -0.0998569 -0.00533814 0.0 -0.0998402 -0.00565185 0.0 -0.0998214 -0.00596545 0.0 -0.0998027 -0.00627905 0.0 -0.099782 -0.00659253 0.0 -0.0997613 -0.006906 0.0 -0.0997386 -0.00721934 0.0 -0.0997159 -0.00753268 0.0 -0.0996912 -0.00784587 0.0 -0.0996666 -0.00815906 0.0 -0.09964 -0.00847209 0.0 -0.0996134 -0.00878512 0.0 -0.0995848 -0.00909798 0.0 -0.0995562 -0.00941083 0.0 -0.0995256 -0.0097235 0.0 -0.0994951 -0.0100362 0.0 -0.0994626 -0.0103486 0.0 -0.0994301 -0.0106611 0.0 -0.0993956 -0.0109734 0.0 -0.0993611 -0.0112856 0.0 -0.0993247 -0.0115977 0.0 -0.0992883 -0.0119097 0.0 -0.0992499 -0.0122215 0.0 -0.0992115 -0.0125333 0.0 -0.0991711 -0.0128449 0.0 -0.0991308 -0.0131564 0.0 -0.0990885 -0.0134677 0.0 -0.0990461 -0.013779 0.0 -0.0990019 -0.0140901 0.0 -0.0989576 -0.0144011 0.0 -0.0989114 -0.0147118 0.0 -0.0988652 -0.0150226 0.0 -0.098817 -0.015333 0.0 -0.0987688 -0.0156434 0.0 -0.0987187 -0.0159536 0.0 -0.0986686 -0.0162637 0.0 -0.0986165 -0.0165735 0.0 -0.0985645 -0.0168833 0.0 -0.0985104 -0.0171928 0.0 -0.0984564 -0.0175023 0.0 -0.0984005 -0.0178114 0.0 -0.0983445 -0.0181206 0.0 -0.0982866 -0.0184294 0.0 -0.0982287 -0.0187381 0.0 -0.0981689 -0.0190465 0.0 -0.0981091 -0.0193549 0.0 -0.0980473 -0.019663 0.0 -0.0979855 -0.019971 0.0 -0.0979218 -0.0202786 0.0 -0.0978581 -0.0205863 0.0 -0.0977925 -0.0208935 0.0 -0.0977268 -0.0212007 0.0 -0.0976592 -0.0215075 0.0 -0.0975917 -0.0218143 0.0 -0.0975222 -0.0221207 0.0 -0.0974527 -0.0224271 0.0 -0.0973813 -0.022733 0.0 -0.0973099 -0.0230389 0.0 -0.0972365 -0.0233444 0.0 -0.0971632 -0.0236499 0.0 -0.0970879 -0.0239549 0.0 -0.0970127 -0.0242599 0.0 -0.0969355 -0.0245645 0.0 -0.0968583 -0.024869 0.0 -0.0967792 -0.025173 0.0 -0.0967001 -0.0254771 0.0 -0.0966192 -0.0257806 0.0 -0.0965382 -0.0260842 0.0 -0.0964553 -0.0263872 0.0 -0.0963724 -0.0266902 0.0 -0.0962876 -0.0269927 0.0 -0.0962028 -0.0272952 0.0 -0.0961161 -0.0275972 0.0 -0.0960294 -0.0278991 0.0 -0.0959408 -0.0282005 0.0 -0.0958522 -0.0285019 0.0 -0.0957617 -0.0288028 0.0 -0.0956712 -0.0291036 0.0 -0.0955788 -0.0294039 0.0 -0.0954865 -0.0297042 0.0 -0.0953922 -0.0300038 0.0 -0.0952979 -0.0303035 0.0 -0.0952018 -0.0306026 0.0 -0.0951057 -0.0309017 0.0 -0.0950076 -0.0312002 0.0 -0.0949096 -0.0314987 0.0 -0.0948097 -0.0317965 0.0 -0.0947098 -0.0320944 0.0 -0.0946081 -0.0323916 0.0 -0.0945063 -0.0326888 0.0 -0.0944027 -0.0329854 0.0 -0.0942991 -0.033282 0.0 -0.0941936 -0.0335779 0.0 -0.0940881 -0.0338738 0.0 -0.0939807 -0.034169 0.0 -0.0938734 -0.0344643 0.0 -0.0937642 -0.0347589 0.0 -0.093655 -0.0350534 0.0 -0.0935439 -0.0353473 0.0 -0.0934329 -0.0356412 0.0 -0.09332 -0.0359344 0.0 -0.0932071 -0.0362275 0.0 -0.0930924 -0.03652 0.0 -0.0929776 -0.0368125 0.0 -0.0928611 -0.0371042 0.0 -0.0927445 -0.0373959 0.0 -0.0926261 -0.0376869 0.0 -0.0925077 -0.0379779 0.0 -0.0923875 -0.0382682 0.0 -0.0922673 -0.0385584 0.0 -0.0921452 -0.0388479 0.0 -0.0920232 -0.0391374 0.0 -0.0918993 -0.0394261 0.0 -0.0917755 -0.0397148 0.0 -0.0916498 -0.0400027 0.0 -0.0915241 -0.0402906 0.0 -0.0913966 -0.0405778 0.0 -0.0912692 -0.0408649 0.0 -0.0911399 -0.0411512 0.0 -0.0910106 -0.0414376 0.0 -0.0908795 -0.0417231 0.0 -0.0907484 -0.0420086 0.0 -0.0906156 -0.0422933 0.0 -0.0904827 -0.0425779 0.0 -0.0903481 -0.0428618 0.0 -0.0902134 -0.0431456 0.0 -0.090077 -0.0434286 0.0 -0.0899405 -0.0437116 0.0 -0.0898023 -0.0439937 0.0 -0.0896641 -0.0442758 0.0 -0.0895241 -0.0445571 0.0 -0.0893841 -0.0448383 0.0 -0.0892424 -0.0451187 0.0 -0.0891007 -0.0453991 0.0 -0.0889571 -0.0456785 0.0 -0.0888136 -0.045958 0.0 -0.0886684 -0.0462365 0.0 -0.0885231 -0.0465151 0.0 -0.0883761 -0.0467928 0.0 -0.0882291 -0.0470704 0.0 -0.0880804 -0.0473471 0.0 -0.0879316 -0.0476238 0.0 -0.0877811 -0.0478996 0.0 -0.0876307 -0.0481754 0.0 -0.0874785 -0.0484502 0.0 -0.0873262 -0.048725 0.0 -0.0871723 -0.0489989 0.0 -0.0870184 -0.0492727 0.0 -0.0868627 -0.0495456 0.0 -0.0867071 -0.0498185 0.0 -0.0865497 -0.0500904 0.0 -0.0863923 -0.0503623 0.0 -0.0862333 -0.0506332 0.0 -0.0860742 -0.0509041 0.0 -0.0859134 -0.051174 0.0 -0.0857527 -0.051444 0.0 -0.0855902 -0.0517128 0.0 -0.0854277 -0.0519817 0.0 -0.0852636 -0.0522496 0.0 -0.0850994 -0.0525175 0.0 -0.0849336 -0.0527843 0.0 -0.0847678 -0.0530511 0.0 -0.0846003 -0.0533169 0.0 -0.0844328 -0.0535827 0.0 -0.0842636 -0.0538474 0.0 -0.0840945 -0.0541121 0.0 -0.0839236 -0.0543758 0.0 -0.0837528 -0.0546394 0.0 -0.0835803 -0.054902 0.0 -0.0834078 -0.0551646 0.0 -0.0832337 -0.0554261 0.0 -0.0830596 -0.0556876 0.0 -0.0828838 -0.0559479 0.0 -0.0827081 -0.0562083 0.0 -0.0825307 -0.0564676 0.0 -0.0823533 -0.0567269 0.0 -0.0821742 -0.0569851 0.0 -0.0819952 -0.0572432 0.0 -0.0818146 -0.0575002 0.0 -0.0816339 -0.0577573 0.0 -0.0814517 -0.0580132 0.0 -0.0812694 -0.058269 0.0 -0.0810856 -0.0585238 0.0 -0.0809017 -0.0587785 0.0 -0.0807162 -0.0590321 0.0 -0.0805308 -0.0592857 0.0 -0.0803437 -0.0595381 0.0 -0.0801567 -0.0597905 0.0 -0.0799681 -0.0600417 0.0 -0.0797794 -0.060293 0.0 -0.0795892 -0.060543 0.0 -0.079399 -0.060793 0.0 -0.0792073 -0.0610419 0.0 -0.0790155 -0.0612907 0.0 -0.0788222 -0.0615383 0.0 -0.0786288 -0.061786 0.0 -0.078434 -0.0620324 0.0 -0.0782391 -0.0622788 0.0 -0.0780427 -0.062524 0.0 -0.0778462 -0.0627691 0.0 -0.0776483 -0.0630131 0.0 -0.0774503 -0.063257 0.0 -0.0772508 -0.0634997 0.0 -0.0770513 -0.0637424 0.0 -0.0768503 -0.0639838 0.0 -0.0766493 -0.0642253 0.0 -0.0764468 -0.0644654 0.0 -0.0762443 -0.0647056 0.0 -0.0760402 -0.0649445 0.0 -0.0758362 -0.0651834 0.0 -0.0756307 -0.065421 0.0 -0.0754251 -0.0656586 0.0 -0.0752181 -0.0658949 0.0 -0.0750111 -0.0661312 0.0 -0.0748026 -0.0663662 0.0 -0.0745941 -0.0666012 0.0 -0.0743841 -0.0668349 0.0 -0.0741742 -0.0670686 0.0 -0.0739627 -0.0673009 0.0 -0.0737513 -0.0675333 0.0 -0.0735384 -0.0677643 0.0 -0.0733255 -0.0679953 0.0 -0.0731112 -0.068225 0.0 -0.0728969 -0.0684547 0.0 -0.0726811 -0.068683 0.0 -0.0724653 -0.0689114 0.0 -0.0722481 -0.0691384 0.0 -0.0720309 -0.0693653 0.0 -0.0718123 -0.0695909 0.0 -0.0715936 -0.0698165 0.0 -0.0713736 -0.0700408 0.0 -0.0711536 -0.070265 0.0 -0.0709321 -0.0704878 0.0 -0.0707107 -0.0707107 0.0 -0.0704878 -0.0709321 0.0 -0.070265 -0.0711536 0.0 -0.0700408 -0.0713736 0.0 -0.0698165 -0.0715936 0.0 -0.0695909 -0.0718123 0.0 -0.0693653 -0.0720309 0.0 -0.0691384 -0.0722481 0.0 -0.0689114 -0.0724653 0.0 -0.068683 -0.0726811 0.0 -0.0684547 -0.0728969 0.0 -0.068225 -0.0731112 0.0 -0.0679953 -0.0733255 0.0 -0.0677643 -0.0735384 0.0 -0.0675333 -0.0737513 0.0 -0.0673009 -0.0739627 0.0 -0.0670686 -0.0741742 0.0 -0.0668349 -0.0743841 0.0 -0.0666012 -0.0745941 0.0 -0.0663662 -0.0748026 0.0 -0.0661312 -0.0750111 0.0 -0.0658949 -0.0752181 0.0 -0.0656586 -0.0754251 0.0 -0.065421 -0.0756307 0.0 -0.0651834 -0.0758362 0.0 -0.0649445 -0.0760402 0.0 -0.0647056 -0.0762443 0.0 -0.0644654 -0.0764468 0.0 -0.0642253 -0.0766493 0.0 -0.0639838 -0.0768503 0.0 -0.0637424 -0.0770513 0.0 -0.0634997 -0.0772508 0.0 -0.063257 -0.0774503 0.0 -0.0630131 -0.0776483 0.0 -0.0627691 -0.0778462 0.0 -0.062524 -0.0780427 0.0 -0.0622788 -0.0782391 0.0 -0.0620324 -0.078434 0.0 -0.061786 -0.0786288 0.0 -0.0615383 -0.0788222 0.0 -0.0612907 -0.0790155 0.0 -0.0610419 -0.0792073 0.0 -0.060793 -0.079399 0.0 -0.060543 -0.0795892 0.0 -0.060293 -0.0797794 0.0 -0.0600417 -0.0799681 0.0 -0.0597905 -0.0801567 0.0 -0.0595381 -0.0803437 0.0 -0.0592857 -0.0805308 0.0 -0.0590321 -0.0807162 0.0 -0.0587785 -0.0809017 0.0 -0.0585238 -0.0810856 0.0 -0.058269 -0.0812694 0.0 -0.0580132 -0.0814517 0.0 -0.0577573 -0.0816339 0.0 -0.0575002 -0.0818146 0.0 -0.0572432 -0.0819952 0.0 -0.0569851 -0.0821742 0.0 -0.0567269 -0.0823533 0.0 -0.0564676 -0.0825307 0.0 -0.0562083 -0.0827081 0.0 -0.0559479 -0.0828838 0.0 -0.0556876 -0.0830596 0.0 -0.0554261 -0.0832337 0.0 -0.0551646 -0.0834078 0.0 -0.054902 -0.0835803 0.0 -0.0546394 -0.0837528 0.0 -0.0543758 -0.0839236 0.0 -0.0541121 -0.0840945 0.0 -0.0538474 -0.0842636 0.0 -0.0535827 -0.0844328 0.0 -0.0533169 -0.0846003 0.0 -0.0530511 -0.0847678 0.0 -0.0527843 -0.0849336 0.0 -0.0525175 -0.0850994 0.0 -0.0522496 -0.0852636 0.0 -0.0519817 -0.0854277 0.0 -0.0517128 -0.0855902 0.0 -0.051444 -0.0857527 0.0 -0.051174 -0.0859134 0.0 -0.0509041 -0.0860742 0.0 -0.0506332 -0.0862333 0.0 -0.0503623 -0.0863923 0.0 -0.0500904 -0.0865497 0.0 -0.0498185 -0.0867071 0.0 -0.0495456 -0.0868627 0.0 -0.0492727 -0.0870184 0.0 -0.0489989 -0.0871723 0.0 -0.048725 -0.0873262 0.0 -0.0484502 -0.0874785 0.0 -0.0481754 -0.0876307 0.0 -0.0478996 -0.0877811 0.0 -0.0476238 -0.0879316 0.0 -0.0473471 -0.0880804 0.0 -0.0470704 -0.0882291 0.0 -0.0467928 -0.0883761 0.0 -0.0465151 -0.0885231 0.0 -0.0462365 -0.0886684 0.0 -0.045958 -0.0888136 0.0 -0.0456785 -0.0889571 0.0 -0.0453991 -0.0891007 0.0 -0.0451187 -0.0892424 0.0 -0.0448383 -0.0893841 0.0 -0.0445571 -0.0895241 0.0 -0.0442758 -0.0896641 0.0 -0.0439937 -0.0898023 0.0 -0.0437116 -0.0899405 0.0 -0.0434286 -0.090077 0.0 -0.0431456 -0.0902134 0.0 -0.0428618 -0.0903481 0.0 -0.0425779 -0.0904827 0.0 -0.0422933 -0.0906156 0.0 -0.0420086 -0.0907484 0.0 -0.0417231 -0.0908795 0.0 -0.0414376 -0.0910106 0.0 -0.0411512 -0.0911399 0.0 -0.0408649 -0.0912692 0.0 -0.0405778 -0.0913966 0.0 -0.0402906 -0.0915241 0.0 -0.0400027 -0.0916498 0.0 -0.0397148 -0.0917755 0.0 -0.0394261 -0.0918993 0.0 -0.0391374 -0.0920232 0.0 -0.0388479 -0.0921452 0.0 -0.0385584 -0.0922673 0.0 -0.0382682 -0.0923875 0.0 -0.0379779 -0.0925077 0.0 -0.0376869 -0.0926261 0.0 -0.0373959 -0.0927445 0.0 -0.0371042 -0.0928611 0.0 -0.0368125 -0.0929776 0.0 -0.03652 -0.0930924 0.0 -0.0362275 -0.0932071 0.0 -0.0359344 -0.09332 0.0 -0.0356412 -0.0934329 0.0 -0.0353473 -0.0935439 0.0 -0.0350534 -0.093655 0.0 -0.0347589 -0.0937642 0.0 -0.0344643 -0.0938734 0.0 -0.034169 -0.0939807 0.0 -0.0338738 -0.0940881 0.0 -0.0335779 -0.0941936 0.0 -0.033282 -0.0942991 0.0 -0.0329854 -0.0944027 0.0 -0.0326888 -0.0945063 0.0 -0.0323916 -0.0946081 0.0 -0.0320944 -0.0947098 0.0 -0.0317965 -0.0948097 0.0 -0.0314987 -0.0949096 0.0 -0.0312002 -0.0950076 0.0 -0.0309017 -0.0951057 0.0 -0.0306026 -0.0952018 0.0 -0.0303035 -0.0952979 0.0 -0.0300038 -0.0953922 0.0 -0.0297042 -0.0954865 0.0 -0.0294039 -0.0955788 0.0 -0.0291036 -0.0956712 0.0 -0.0288028 -0.0957617 0.0 -0.0285019 -0.0958522 0.0 -0.0282005 -0.0959408 0.0 -0.0278991 -0.0960294 0.0 -0.0275972 -0.0961161 0.0 -0.0272952 -0.0962028 0.0 -0.0269927 -0.0962876 0.0 -0.0266902 -0.0963724 0.0 -0.0263872 -0.0964553 0.0 -0.0260842 -0.0965382 0.0 -0.0257806 -0.0966192 0.0 -0.0254771 -0.0967001 0.0 -0.025173 -0.0967792 0.0 -0.024869 -0.0968583 0.0 -0.0245645 -0.0969355 0.0 -0.0242599 -0.0970127 0.0 -0.0239549 -0.0970879 0.0 -0.0236499 -0.0971632 0.0 -0.0233444 -0.0972365 0.0 -0.0230389 -0.0973099 0.0 -0.022733 -0.0973813 0.0 -0.0224271 -0.0974527 0.0 -0.0221207 -0.0975222 0.0 -0.0218143 -0.0975917 0.0 -0.0215075 -0.0976592 0.0 -0.0212007 -0.0977268 0.0 -0.0208935 -0.0977925 0.0 -0.0205863 -0.0978581 0.0 -0.0202786 -0.0979218 0.0 -0.019971 -0.0979855 0.0 -0.019663 -0.0980473 0.0 -0.0193549 -0.0981091 0.0 -0.0190465 -0.0981689 0.0 -0.0187381 -0.0982287 0.0 -0.0184294 -0.0982866 0.0 -0.0181206 -0.0983445 0.0 -0.0178114 -0.0984005 0.0 -0.0175023 -0.0984564 0.0 -0.0171928 -0.0985104 0.0 -0.0168833 -0.0985645 0.0 -0.0165735 -0.0986165 0.0 -0.0162637 -0.0986686 0.0 -0.0159536 -0.0987187 0.0 -0.0156434 -0.0987688 0.0 -0.015333 -0.098817 0.0 -0.0150226 -0.0988652 0.0 -0.0147118 -0.0989114 0.0 -0.0144011 -0.0989576 0.0 -0.0140901 -0.0990019 0.0 -0.013779 -0.0990461 0.0 -0.0134677 -0.0990885 0.0 -0.0131564 -0.0991308 0.0 -0.0128449 -0.0991711 0.0 -0.0125333 -0.0992115 0.0 -0.0122215 -0.0992499 0.0 -0.0119097 -0.0992883 0.0 -0.0115977 -0.0993247 0.0 -0.0112856 -0.0993611 0.0 -0.0109734 -0.0993956 0.0 -0.0106611 -0.0994301 0.0 -0.0103486 -0.0994626 0.0 -0.0100362 -0.0994951 0.0 -0.0097235 -0.0995256 0.0 -0.00941083 -0.0995562 0.0 -0.00909798 -0.0995848 0.0 -0.00878512 -0.0996134 0.0 -0.00847209 -0.09964 0.0 -0.00815906 -0.0996666 0.0 -0.00784587 -0.0996912 0.0 -0.00753268 -0.0997159 0.0 -0.00721934 -0.0997386 0.0 -0.006906 -0.0997613 0.0 -0.00659253 -0.099782 0.0 -0.00627905 -0.0998027 0.0 -0.00596545 -0.0998214 0.0 -0.00565185 -0.0998402 0.0 -0.00533814 -0.0998569 0.0 -0.00502443 -0.0998737 0.0 -0.00471062 -0.0998885 0.0 -0.00439681 -0.0999033 0.0 -0.00408292 -0.0999161 0.0 -0.00376902 -0.0999289 0.0 -0.00345505 -0.0999398 0.0 -0.00314108 -0.0999507 0.0 -0.00282704 -0.0999595 0.0 -0.00251301 -0.0999684 0.0 -0.00219893 -0.0999753 0.0 -0.00188484 -0.0999822 0.0 -0.00157072 -0.0999872 0.0 -0.0012566 -0.0999921 0.0 -0.000942459 -0.0999951 0.0 -0.000628314 -0.099998 0.0 -0.000314157 -0.099999 0.0 -0 -0.1 0.0 0.000314157 -0.099999 0.0 0.000628314 -0.099998 0.0 0.000942459 -0.0999951 0.0 0.0012566 -0.0999921 0.0 0.00157072 -0.0999872 0.0 0.00188484 -0.0999822 0.0 0.00219893 -0.0999753 0.0 0.00251301 -0.0999684 0.0 0.00282704 -0.0999595 0.0 0.00314108 -0.0999507 0.0 0.00345505 -0.0999398 0.0 0.00376902 -0.0999289 0.0 0.00408292 -0.0999161 0.0 0.00439681 -0.0999033 0.0 0.00471062 -0.0998885 0.0 0.00502443 -0.0998737 0.0 0.00533814 -0.0998569 0.0 0.00565185 -0.0998402 0.0 0.00596545 -0.0998214 0.0 0.00627905 -0.0998027 0.0 0.00659253 -0.099782 0.0 0.006906 -0.0997613 0.0 0.00721934 -0.0997386 0.0 0.00753268 -0.0997159 0.0 0.00784587 -0.0996912 0.0 0.00815906 -0.0996666 0.0 0.00847209 -0.09964 0.0 0.00878512 -0.0996134 0.0 0.00909798 -0.0995848 0.0 0.00941083 -0.0995562 0.0 0.0097235 -0.0995256 0.0 0.0100362 -0.0994951 0.0 0.0103486 -0.0994626 0.0 0.0106611 -0.0994301 0.0 0.0109734 -0.0993956 0.0 0.0112856 -0.0993611 0.0 0.0115977 -0.0993247 0.0 0.0119097 -0.0992883 0.0 0.0122215 -0.0992499 0.0 0.0125333 -0.0992115 0.0 0.0128449 -0.0991711 0.0 0.0131564 -0.0991308 0.0 0.0134677 -0.0990885 0.0 0.013779 -0.0990461 0.0 0.0140901 -0.0990019 0.0 0.0144011 -0.0989576 0.0 0.0147118 -0.0989114 0.0 0.0150226 -0.0988652 0.0 0.015333 -0.098817 0.0 0.0156434 -0.0987688 0.0 0.0159536 -0.0987187 0.0 0.0162637 -0.0986686 0.0 0.0165735 -0.0986165 0.0 0.0168833 -0.0985645 0.0 0.0171928 -0.0985104 0.0 0.0175023 -0.0984564 0.0 0.0178114 -0.0984005 0.0 0.0181206 -0.0983445 0.0 0.0184294 -0.0982866 0.0 0.0187381 -0.0982287 0.0 0.0190465 -0.0981689 0.0 0.0193549 -0.0981091 0.0 0.019663 -0.0980473 0.0 0.019971 -0.0979855 0.0 0.0202786 -0.0979218 0.0 0.0205863 -0.0978581 0.0 0.0208935 -0.0977925 0.0 0.0212007 -0.0977268 0.0 0.0215075 -0.0976592 0.0 0.0218143 -0.0975917 0.0 0.0221207 -0.0975222 0.0 0.0224271 -0.0974527 0.0 0.022733 -0.0973813 0.0 0.0230389 -0.0973099 0.0 0.0233444 -0.0972365 0.0 0.0236499 -0.0971632 0.0 0.0239549 -0.0970879 0.0 0.0242599 -0.0970127 0.0 0.0245645 -0.0969355 0.0 0.024869 -0.0968583 0.0 0.025173 -0.0967792 0.0 0.0254771 -0.0967001 0.0 0.0257806 -0.0966192 0.0 0.0260842 -0.0965382 0.0 0.0263872 -0.0964553 0.0 0.0266902 -0.0963724 0.0 0.0269927 -0.0962876 0.0 0.0272952 -0.0962028 0.0 0.0275972 -0.0961161 0.0 0.0278991 -0.0960294 0.0 0.0282005 -0.0959408 0.0 0.0285019 -0.0958522 0.0 0.0288028 -0.0957617 0.0 0.0291036 -0.0956712 0.0 0.0294039 -0.0955788 0.0 0.0297042 -0.0954865 0.0 0.0300038 -0.0953922 0.0 0.0303035 -0.0952979 0.0 0.0306026 -0.0952018 0.0 0.0309017 -0.0951057 0.0 0.0312002 -0.0950076 0.0 0.0314987 -0.0949096 0.0 0.0317965 -0.0948097 0.0 0.0320944 -0.0947098 0.0 0.0323916 -0.0946081 0.0 0.0326888 -0.0945063 0.0 0.0329854 -0.0944027 0.0 0.033282 -0.0942991 0.0 0.0335779 -0.0941936 0.0 0.0338738 -0.0940881 0.0 0.034169 -0.0939807 0.0 0.0344643 -0.0938734 0.0 0.0347589 -0.0937642 0.0 0.0350534 -0.093655 0.0 0.0353473 -0.0935439 0.0 0.0356412 -0.0934329 0.0 0.0359344 -0.09332 0.0 0.0362275 -0.0932071 0.0 0.03652 -0.0930924 0.0 0.0368125 -0.0929776 0.0 0.0371042 -0.0928611 0.0 0.0373959 -0.0927445 0.0 0.0376869 -0.0926261 0.0 0.0379779 -0.0925077 0.0 0.0382682 -0.0923875 0.0 0.0385584 -0.0922673 0.0 0.0388479 -0.0921452 0.0 0.0391374 -0.0920232 0.0 0.0394261 -0.0918993 0.0 0.0397148 -0.0917755 0.0 0.0400027 -0.0916498 0.0 0.0402906 -0.0915241 0.0 0.0405778 -0.0913966 0.0 0.0408649 -0.0912692 0.0 0.0411512 -0.0911399 0.0 0.0414376 -0.0910106 0.0 0.0417231 -0.0908795 0.0 0.0420086 -0.0907484 0.0 0.0422933 -0.0906156 0.0 0.0425779 -0.0904827 0.0 0.0428618 -0.0903481 0.0 0.0431456 -0.0902134 0.0 0.0434286 -0.090077 0.0 0.0437116 -0.0899405 0.0 0.0439937 -0.0898023 0.0 0.0442758 -0.0896641 0.0 0.0445571 -0.0895241 0.0 0.0448383 -0.0893841 0.0 0.0451187 -0.0892424 0.0 0.0453991 -0.0891007 0.0 0.0456785 -0.0889571 0.0 0.045958 -0.0888136 0.0 0.0462365 -0.0886684 0.0 0.0465151 -0.0885231 0.0 0.0467928 -0.0883761 0.0 0.0470704 -0.0882291 0.0 0.0473471 -0.0880804 0.0 0.0476238 -0.0879316 0.0 0.0478996 -0.0877811 0.0 0.0481754 -0.0876307 0.0 0.0484502 -0.0874785 0.0 0.048725 -0.0873262 0.0 0.0489989 -0.0871723 0.0 0.0492727 -0.0870184 0.0 0.0495456 -0.0868627 0.0 0.0498185 -0.0867071 0.0 0.0500904 -0.0865497 0.0 0.0503623 -0.0863923 0.0 0.0506332 -0.0862333 0.0 0.0509041 -0.0860742 0.0 0.051174 -0.0859134 0.0 0.051444 -0.0857527 0.0 0.0517128 -0.0855902 0.0 0.0519817 -0.0854277 0.0 0.0522496 -0.0852636 0.0 0.0525175 -0.0850994 0.0 0.0527843 -0.0849336 0.0 0.0530511 -0.0847678 0.0 0.0533169 -0.0846003 0.0 0.0535827 -0.0844328 0.0 0.0538474 -0.0842636 0.0 0.0541121 -0.0840945 0.0 0.0543758 -0.0839236 0.0 0.0546394 -0.0837528 0.0 0.054902 -0.0835803 0.0 0.0551646 -0.0834078 0.0 0.0554261 -0.0832337 0.0 0.0556876 -0.0830596 0.0 0.0559479 -0.0828838 0.0 0.0562083 -0.0827081 0.0 0.0564676 -0.0825307 0.0 0.0567269 -0.0823533 0.0 0.0569851 -0.0821742 0.0 0.0572432 -0.0819952 0.0 0.0575002 -0.0818146 0.0 0.0577573 -0.0816339 0.0 0.0580132 -0.0814517 0.0 0.058269 -0.0812694 0.0 0.0585238 -0.0810856 0.0 0.0587785 -0.0809017 0.0 0.0590321 -0.0807162 0.0 0.0592857 -0.0805308 0.0 0.0595381 -0.0803437 0.0 0.0597905 -0.0801567 0.0 0.0600417 -0.0799681 0.0 0.060293 -0.0797794 0.0 0.060543 -0.0795892 0.0 0.060793 -0.079399 0.0 0.0610419 -0.0792073 0.0 0.0612907 -0.0790155 0.0 0.0615383 -0.0788222 0.0 0.061786 -0.0786288 0.0 0.0620324 -0.078434 0.0 0.0622788 -0.0782391 0.0 0.062524 -0.0780427 0.0 0.0627691 -0.0778462 0.0 0.0630131 -0.0776483 0.0 0.063257 -0.0774503 0.0 0.0634997 -0.0772508 0.0 0.0637424 -0.0770513 0.0 0.0639838 -0.0768503 0.0 0.0642253 -0.0766493 0.0 0.0644654 -0.0764468 0.0 0.0647056 -0.0762443 0.0 0.0649445 -0.0760402 0.0 0.0651834 -0.0758362 0.0 0.065421 -0.0756307 0.0 0.0656586 -0.0754251 0.0 0.0658949 -0.0752181 0.0 0.0661312 -0.0750111 0.0 0.0663662 -0.0748026 0.0 0.0666012 -0.0745941 0.0 0.0668349 -0.0743841 0.0 0.0670686 -0.0741742 0.0 0.0673009 -0.0739627 0.0 0.0675333 -0.0737513 0.0 0.0677643 -0.0735384 0.0 0.0679953 -0.0733255 0.0 0.068225 -0.0731112 0.0 0.0684547 -0.0728969 0.0 0.068683 -0.0726811 0.0 0.0689114 -0.0724653 0.0 0.0691384 -0.0722481 0.0 0.0693653 -0.0720309 0.0 0.0695909 -0.0718123 0.0 0.0698165 -0.0715936 0.0 0.0700408 -0.0713736 0.0 0.070265 -0.0711536 0.0 0.0704878 -0.0709321 0.0 0.0707107 -0.0707107 0.0 0.0709321 -0.0704878 0.0 0.0711536 -0.070265 0.0 0.0713736 -0.0700408 0.0 0.0715936 -0.0698165 0.0 0.0718123 -0.0695909 0.0 0.0720309 -0.0693653 0.0 0.0722481 -0.0691384 0.0 0.0724653 -0.0689114 0.0 0.0726811 -0.068683 0.0 0.0728969 -0.0684547 0.0 0.0731112 -0.068225 0.0 0.0733255 -0.0679953 0.0 0.0735384 -0.0677643 0.0 0.0737513 -0.0675333 0.0 0.0739627 -0.0673009 0.0 0.0741742 -0.0670686 0.0 0.0743841 -0.0668349 0.0 0.0745941 -0.0666012 0.0 0.0748026 -0.0663662 0.0 0.0750111 -0.0661312 0.0 0.0752181 -0.0658949 0.0 0.0754251 -0.0656586 0.0 0.0756307 -0.065421 0.0 0.0758362 -0.0651834 0.0 0.0760402 -0.0649445 0.0 0.0762443 -0.0647056 0.0 0.0764468 -0.0644654 0.0 0.0766493 -0.0642253 0.0 0.0768503 -0.0639838 0.0 0.0770513 -0.0637424 0.0 0.0772508 -0.0634997 0.0 0.0774503 -0.063257 0.0 0.0776483 -0.0630131 0.0 0.0778462 -0.0627691 0.0 0.0780427 -0.062524 0.0 0.0782391 -0.0622788 0.0 0.078434 -0.0620324 0.0 0.0786288 -0.061786 0.0 0.0788222 -0.0615383 0.0 0.0790155 -0.0612907 0.0 0.0792073 -0.0610419 0.0 0.079399 -0.060793 0.0 0.0795892 -0.060543 0.0 0.0797794 -0.060293 0.0 0.0799681 -0.0600417 0.0 0.0801567 -0.0597905 0.0 0.0803437 -0.0595381 0.0 0.0805308 -0.0592857 0.0 0.0807162 -0.0590321 0.0 0.0809017 -0.0587785 0.0 0.0810856 -0.0585238 0.0 0.0812694 -0.058269 0.0 0.0814517 -0.0580132 0.0 0.0816339 -0.0577573 0.0 0.0818146 -0.0575002 0.0 0.0819952 -0.0572432 0.0 0.0821742 -0.0569851 0.0 0.0823533 -0.0567269 0.0 0.0825307 -0.0564676 0.0 0.0827081 -0.0562083 0.0 0.0828838 -0.0559479 0.0 0.0830596 -0.0556876 0.0 0.0832337 -0.0554261 0.0 0.0834078 -0.0551646 0.0 0.0835803 -0.054902 0.0 0.0837528 -0.0546394 0.0 0.0839236 -0.0543758 0.0 0.0840945 -0.0541121 0.0 0.0842636 -0.0538474 0.0 0.0844328 -0.0535827 0.0 0.0846003 -0.0533169 0.0 0.0847678 -0.0530511 0.0 0.0849336 -0.0527843 0.0 0.0850994 -0.0525175 0.0 0.0852636 -0.0522496 0.0 0.0854277 -0.0519817 0.0 0.0855902 -0.0517128 0.0 0.0857527 -0.051444 0.0 0.0859134 -0.051174 0.0 0.0860742 -0.0509041 0.0 0.0862333 -0.0506332 0.0 0.0863923 -0.0503623 0.0 0.0865497 -0.0500904 0.0 0.0867071 -0.0498185 0.0 0.0868627 -0.0495456 0.0 0.0870184 -0.0492727 0.0 0.0871723 -0.0489989 0.0 0.0873262 -0.048725 0.0 0.0874785 -0.0484502 0.0 0.0876307 -0.0481754 0.0 0.0877811 -0.0478996 0.0 0.0879316 -0.0476238 0.0 0.0880804 -0.0473471 0.0 0.0882291 -0.0470704 0.0 0.0883761 -0.0467928 0.0 0.0885231 -0.0465151 0.0 0.0886684 -0.0462365 0.0 0.0888136 -0.045958 0.0 0.0889571 -0.0456785 0.0 0.0891007 -0.0453991 0.0 0.0892424 -0.0451187 0.0 0.0893841 -0.0448383 0.0 0.0895241 -0.0445571 0.0 0.0896641 -0.0442758 0.0 0.0898023 -0.0439937 0.0 0.0899405 -0.0437116 0.0 0.090077 -0.0434286 0.0 0.0902134 -0.0431456 0.0 0.0903481 -0.0428618 0.0 0.0904827 -0.0425779 0.0 0.0906156 -0.0422933 0.0 0.0907484 -0.0420086 0.0 0.0908795 -0.0417231 0.0 0.0910106 -0.0414376 0.0 0.0911399 -0.0411512 0.0 0.0912692 -0.0408649 0.0 0.0913966 -0.0405778 0.0 0.0915241 -0.0402906 0.0 0.0916498 -0.0400027 0.0 0.0917755 -0.0397148 0.0 0.0918993 -0.0394261 0.0 0.0920232 -0.0391374 0.0 0.0921452 -0.0388479 0.0 0.0922673 -0.0385584 0.0 0.0923875 -0.0382682 0.0 0.0925077 -0.0379779 0.0 0.0926261 -0.0376869 0.0 0.0927445 -0.0373959 0.0 0.0928611 -0.0371042 0.0 0.0929776 -0.0368125 0.0 0.0930924 -0.03652 0.0 0.0932071 -0.0362275 0.0 0.09332 -0.0359344 0.0 0.0934329 -0.0356412 0.0 0.0935439 -0.0353473 0.0 0.093655 -0.0350534 0.0 0.0937642 -0.0347589 0.0 0.0938734 -0.0344643 0.0 0.0939807 -0.034169 0.0 0.0940881 -0.0338738 0.0 0.0941936 -0.0335779 0.0 0.0942991 -0.033282 0.0 0.0944027 -0.0329854 0.0 0.0945063 -0.0326888 0.0 0.0946081 -0.0323916 0.0 0.0947098 -0.0320944 0.0 0.0948097 -0.0317965 0.0 0.0949096 -0.0314987 0.0 0.0950076 -0.0312002 0.0 0.0951057 -0.0309017 0.0 0.0952018 -0.0306026 0.0 0.0952979 -0.0303035 0.0 0.0953922 -0.0300038 0.0 0.0954865 -0.0297042 0.0 0.0955788 -0.0294039 0.0 0.0956712 -0.0291036 0.0 0.0957617 -0.0288028 0.0 0.0958522 -0.0285019 0.0 0.0959408 -0.0282005 0.0 0.0960294 -0.0278991 0.0 0.0961161 -0.0275972 0.0 0.0962028 -0.0272952 0.0 0.0962876 -0.0269927 0.0 0.0963724 -0.0266902 0.0 0.0964553 -0.0263872 0.0 0.0965382 -0.0260842 0.0 0.0966192 -0.0257806 0.0 0.0967001 -0.0254771 0.0 0.0967792 -0.025173 0.0 0.0968583 -0.024869 0.0 0.0969355 -0.0245645 0.0 0.0970127 -0.0242599 0.0 0.0970879 -0.0239549 0.0 0.0971632 -0.0236499 0.0 0.0972365 -0.0233444 0.0 0.0973099 -0.0230389 0.0 0.0973813 -0.022733 0.0 0.0974527 -0.0224271 0.0 0.0975222 -0.0221207 0.0 0.0975917 -0.0218143 0.0 0.0976592 -0.0215075 0.0 0.0977268 -0.0212007 0.0 0.0977925 -0.0208935 0.0 0.0978581 -0.0205863 0.0 0.0979218 -0.0202786 0.0 0.0979855 -0.019971 0.0 0.0980473 -0.019663 0.0 0.0981091 -0.0193549 0.0 0.0981689 -0.0190465 0.0 0.0982287 -0.0187381 0.0 0.0982866 -0.0184294 0.0 0.0983445 -0.0181206 0.0 0.0984005 -0.0178114 0.0 0.0984564 -0.0175023 0.0 0.0985104 -0.0171928 0.0 0.0985645 -0.0168833 0.0 0.0986165 -0.0165735 0.0 0.0986686 -0.0162637 0.0 0.0987187 -0.0159536 0.0 0.0987688 -0.0156434 0.0 0.098817 -0.015333 0.0 0.0988652 -0.0150226 0.0 0.0989114 -0.0147118 0.0 0.0989576 -0.0144011 0.0 0.0990019 -0.0140901 0.0 0.0990461 -0.013779 0.0 0.0990885 -0.0134677 0.0 0.0991308 -0.0131564 0.0 0.0991711 -0.0128449 0.0 0.0992115 -0.0125333 0.0 0.0992499 -0.0122215 0.0 0.0992883 -0.0119097 0.0 0.0993247 -0.0115977 0.0 0.0993611 -0.0112856 0.0 0.0993956 -0.0109734 0.0 0.0994301 -0.0106611 0.0 0.0994626 -0.0103486 0.0 0.0994951 -0.0100362 0.0 0.0995256 -0.0097235 0.0 0.0995562 -0.00941083 0.0 0.0995848 -0.00909798 0.0 0.0996134 -0.00878512 0.0 0.09964 -0.00847209 0.0 0.0996666 -0.00815906 0.0 0.0996912 -0.00784587 0.0 0.0997159 -0.00753268 0.0 0.0997386 -0.00721934 0.0 0.0997613 -0.006906 0.0 0.099782 -0.00659253 0.0 0.0998027 -0.00627905 0.0 0.0998214 -0.00596545 0.0 0.0998402 -0.00565185 0.0 0.0998569 -0.00533814 0.0 0.0998737 -0.00502443 0.0 0.0998885 -0.00471062 0.0 0.0999033 -0.00439681 0.0 0.0999161 -0.00408292 0.0 0.0999289 -0.00376902 0.0 0.0999398 -0.00345505 0.0 0.0999507 -0.00314108 0.0 0.0999595 -0.00282704 0.0 0.0999684 -0.00251301 0.0 0.0999753 -0.00219893 0.0 0.0999822 -0.00188484 0.0 0.0999872 -0.00157072 0.0 0.0999921 -0.0012566 0.0 0.0999951 -0.000942459 0.0 0.099998 -0.000628314 0.0 0.099999 -0.000314157 0.0 
        </DataArray>
      </Points>
      <Polys>
        <DataArray type="Int64" Name="connectivity" format="ascii">
0 1 1 2 2 3 3 4 4 5 5 6 6 7 7 8 8 9 9 10 10 11 11 12 12 13 13 14 14 15 15 16 16 17 17 18 18 19 19 20 20 21 21 22 22 23 23 24 24 25 25 26 26 27 27 28 28 29 29 30 30 31 31 32 32 33 33 34 34 35 35 36 36 37 37 38 38 39 39 40 40 41 41 42 42 43 43 44 44 45 45 46 46 47 47 48 48 49 49 50 50 51 51 52 52 53 53 54 54 55 55 56 56 57 57 58 58 59 59 60 60 61 61 62 62 63 63 64 64 65 65 66 66 67 67 68 68 69 69 70 70 71 71 72 72 73 73 74 74 75 75 76 76 77 77 78 78 79 79 80 80 81 81 82 82 83 83 84 84 85 85 86 86 87 87 88 88 89 89 90 90 91 91 92 92 93 93 94 94 95 95 96 96 97 97 98 98 99 99 100 100 101 101 102 102 103 103 104 104 105 105 106 106 107 107 108 108 109 109 110 110 111 111 112 112 113 113 114 114 115 115 116 116 117 117 118 118 119 119 120 120 121 121 122 122 123 123 124 124 125 125 126 126 127 127 128 128 129 129 130 130 131 131 132 132 133 133 134 134 135 135 136 136 137 137 138 138 139 139 140 140 141 141 142 142 143 143 144 144 145 145 146 146 147 147 148 148 149 149 150 150 151 151 152 152 153 153 154 154 155 155 156 156 157 157 158 158 159 159 160 160 161 161 162 162 163 163 164 164 165 165 166 166 167 167 168 168 169 169 170 170 171 171 172 172 173 173 174 174 175 175 176 176 177 177 178 178 179 179 180 180 181 181 182 182 183 183 184 184 185 185 186 186 187 187 188 188 189 189 190 190 191 191 192 192 193 193 194 194 195 195 196 196 197 197 198 198 199 199 200 200 201 201 202 202 203 203 204 204 205 205 206 206 207 207 208 208 209 209 210 210 211 211 212 212 213 213 214 214 215 215 216 216 217 217 218 218 219 219 220 220 221 221 222 222 223 223 224 224 225 225 226 226 227 227 228 228 229 229 230 230 231 231 232 232 233 233 234 234 235 235 236 236 237 237 238 238 239 239 240 240 241 241 242 242 243 243 244 244 245 245 246 246 247 247 248 248 249 249 250 250 251 251 252 252 253 253 254 254 255 255 256 256 257 257 258 258 259 259 260 260 261 261 262 262 263 263 264 264 265 265 266 266 267 267 268 268 269 269 270 270 271 271 272 272 273 273 274 274 275 275 276 276 277 277 278 278 279 279 280 280 281 281 282 282 283 283 284 284 285 285 286 286 287 287 288 288 289 289 290 290 291 291 292 292 293 293 294 294 295 295 296 296 297 297 298 298 299 299 300 300 301 301 302 302 303 303 304 304 305 305 306 306 307 307 308 308 309 309 310 310 311 311 312 312 313 313 314 314 315 315 316 316 317 317 318 318 319 319 320 320 321 321 322 322 323 323 324 324 325 325 326 326 327 327 328 328 329 329 330 330 331 331 332 332 333 333 334 334 335 335 336 336 337 337 338 338 339 339 340 340 341 341 342 342 343 343 344 344 345 345 346 346 347 347 348 348 349 349 350 350 351 351 352 352 353 353 354 354 355 355 356 356 357 357 358 358 359 359 360 360 361 361 362 362 363 363 364 364 365 365 366 366 367 367 368 368 369 369 370 370 371 371 372 372 373 373 374 374 375 375 376 376 377 377 378 378 379 379 380 380 381 381 382 382 383 383 384 384 385 385 386 386 387 387 388 388 389 389 390 390 391 391 392 392 393 393 394 394 395 395 396 396 397 397 398 398 399 399 400 400 401 401 402 402 403 403 404 404 405 405 406 406 407 407 408 408 409 409 410 410 411 411 412 412 413 413 414 414 415 415 416 416 417 417 418 418 419 419 420 420 421 421 422 422 423 423 424 424 425 425 426 426 427 427 428 428 429 429 430 430 431 431 432 432 433 433 434 434 435 435 436 436 437 437 438 438 439 439 440 440 441 441 442 442 443 443 444 444 445 445 446 446 447 447 448 448 449 449 450 450 451 451 452 452 453 453 454 454 455 455 456 456 457 457 458 458 459 459 460 460 461 461 462 462 463 463 464 464 465 465 466 466 467 467 468 468 469 469 470 470 471 471 472 472 473 473 474 474 475 475 476 476 477 477 478 478 479 479 480 480 481 481 482 482 483 483 484 484 485 485 486 486 487 487 488 488 489 489 490 490 491 491 492 492 493 493 494 494 495 495 496 496 497 497 498 498 499 499 500 500 501 501 502 502 503 503 504 504 505 505 506 506 507 507 508 508 509 509 510 510 511 511 512 512 513 513 514 514 515 515 516 516 517 517 518 518 519 519 520 520 521 521 522 522 523 523 524 524 525 525 526 526 527 527 528 528 529 529 530 530 531 531 532 532 533 533 534 534 535 535 536 536 537 537 538 538 539 539 540 540 541 541 542 542 543 543 544 544 545 545 546 546 547 547 548 548 549 549 550 550 551 551 552 552 553 553 554 554 555 555 556 556 557 557 558 558 559 559 560 560 561 561 562 562 563 563 564 564 565 565 566 566 567 567 568 568 569 569 570 570 571 571 572 572 573 573 574 574 575 575 576 576 577 577 578 578 579 579 580 580 581 581 582 582 583 583 584 584 585 585 586 586 587 587 588 588 589 589 590 590 591 591 592 592 593 593 594 594 595 595 596 596 597 597 598 598 599 599 600 600 601 601 602 602 603 603 604 604 605 605 606 606 607 607 608 608 609 609 610 610 611 611 612 612 613 613 614 614 615 615 616 616 617 617 618 618 619 619 620 620 621 621 622 622 623 623 624 624 625 625 626 626 627 627 628 628 629 629 630 630 631 631 632 632 633 633 634 634 635 635 636 636 637 637 638 638 639 639 640 640 641 641 642 642 643 643 644 644 645 645 646 646 647 647 648 648 649 649 650 650 651 651 652 652 653 653 654 654 655 655 656 656 657 657 658 658 659 659 660 660 661 661 662 662 663 663 664 664 665 665 666 666 667 667 668 668 669 669 670 670 671 671 672 672 673 673 674 674 675 675 676 676 677 677 678 678 679 679 680 680 681 681 682 682 683 683 684 684 685 685 686 686 687 687 688 688 689 689 690 690 691 691 692 692 693 693 694 694 695 695 696 696 697 697 698 698 699 699 700 700 701 701 702 702 703 703 704 704 705 705 706 706 707 707 708 708 709 709 710 710 711 711 712 712 713 713 714 714 715 715 716 716 717 717 718 718 719 719 720 720 721 721 722 722 723 723 724 724 725 725 726 726 727 727 728 728 729 729 730 730 731 731 732 732 733 733 734 734 735 735 736 736 737 737 738 738 739 739 740 740 741 741 742 742 743 743 744 744 745 745 746 746 747 747 748 748 749 749 750 750 751 751 752 752 753 753 754 754 755 755 756 756 757 757 758 758 759 759 760 760 761 761 762 762 763 763 764 764 765 765 766 766 767 767 768 768 769 769 770 770 771 771 772 772 773 773 774 774 775 775 776 776 777 777 778 778 779 779 780 780 781 781 782 782 783 783 784 784 785 785 786 786 787 787 788 788 789 789 790 790 791 791 792 792 793 793 794 794 795 795 796 796 797 797 798 798 799 799 800 800 801 801 802 802 803 803 804 804 805 805 806 806 807 807 808 808 809 809 810 810 811 811 812 812 813 813 814 814 815 815 816 816 817 817 818 818 819 819 820 820 821 821 822 822 823 823 824 824 825 825 826 826 827 827 828 828 829 829 830 830 831 831 832 832 833 833 834 834 835 835 836 836 837 837 838 838 839 839 840 840 841 841 842 842 843 843 844 844 845 845 846 846 847 847 848 848 849 849 850 850 851 851 852 852 853 853 854 854 855 855 856 856 857 857 858 858 859 859 860 860 861 861 862 862 863 863 864 864 865 865 866 866 867 867 868 868 869 869 870 870 871 871 872 872 873 873 874 874 875 875 876 876 877 877 878 878 879 879 880 880 881 881 882 882 883 883 884 884 885 885 886 886 887 887 888 888 889 889 890 890 891 891 892 892 893 893 894 894 895 895 896 896 897 897 898 898 899 899 900 900 901 901 902 902 903 903 904 904 905 905 906 906 907 907 908 908 909 909 910 910 911 911 912 912 913 913 914 914 915 915 916 916 917 917 918 918 919 919 920 920 921 921 922 922 923 923 924 924 925 925 926 926 927 927 928 928 929 929 930 930 931 931 932 932 933 933 934 934 935 935 936 936 937 937 938 938 939 939 940 940 941 941 942 942 943 943 944 944 945 945 946 946 947 947 948 948 949 949 950 950 951 951 952 952 953 953 954 954 955 955 956 956 957 957 958 958 959 959 960 960 961 961 962 962 963 963 964 964 965 965 966 966 967 967 968 968 969 969 970 970 971 971 972 972 973 973 974 974 975 975 976 976 977 977 978 978 979 979 980 980 981 981 982 982 983 983 984 984 985 985 986 986 987 987 988 988 989 989 990 990 991 991 992 992 993 993 994 994 995 995 996 996 997 997 998 998 999 999 1000 1000 1001 1001 1002 1002 1003 1003 1004 1004 1005 1005 1006 1006 1007 1007 1008 1008 1009 1009 1010 1010 1011 1011 1012 1012 1013 1013 1014 1014 1015 1015 1016 1016 1017 1017 1018 1018 1019 1019 1020 1020 1021 1021 1022 1022 1023 1023 1024 1024 1025 1025 1026 1026 1027 1027 1028 1028 1029 1029 1030 1030 1031 1031 1032 1032 1033 1033 1034 1034 1035 1035 1036 1036 1037 1037 1038 1038 1039 1039 1040 1040 1041 1041 1042 1042 1043 1043 1044 1044 1045 1045 1046 1046 1047 1047 1048 1048 1049 1049 1050 1050 1051 1051 1052 1052 1053 1053 1054 1054 1055 1055 1056 1056 1057 1057 1058 1058 1059 1059 1060 1060 1061 1061 1062 1062 1063 1063 1064 1064 1065 1065 1066 1066 1067 1067 1068 1068 1069 1069 1070 1070 1071 1071 1072 1072 1073 1073 1074 1074 1075 1075 1076 1076 1077 1077 1078 1078 1079 1079 1080 1080 1081 1081 1082 1082 1083 1083 1084 1084 1085 1085 1086 1086 1087 1087 1088 1088 1089 1089 1090 1090 1091 1091 1092 1092 1093 1093 1094 1094 1095 1095 1096 1096 1097 1097 1098 1098 1099 1099 1100 1100 1101 1101 1102 1102 1103 1103 1104 1104 1105 1105 1106 1106 1107 1107 1108 1108 1109 1109 1110 1110 1111 1111 1112 1112 1113 1113 1114 1114 1115 1115 1116 1116 1117 1117 1118 1118 1119 1119 1120 1120 1121 1121 1122 1122 1123 1123 1124 1124 1125 1125 1126 1126 1127 1127 1128 1128 1129 1129 1130 1130 1131 1131 1132 1132 1133 1133 1134 1134 1135 1135 1136 1136 1137 1137 1138 1138 1139 1139 1140 1140 1141 1141 1142 1142 1143 1143 1144 1144 1145 1145 1146 1146 1147 1147 1148 1148 1149 1149 1150 1150 1151 1151 1152 1152 1153 1153 1154 1154 1155 1155 1156 1156 1157 1157 1158 1158 1159 1159 1160 1160 1161 1161 1162 1162 1163 1163 1164 1164 1165 1165 1166 1166 1167 1167 1168 1168 1169 1169 1170 1170 1171 1171 1172 1172 1173 1173 1174 1174 1175 1175 1176 1176 1177 1177 1178 1178 1179 1179 1180 1180 1181 1181 1182 1182 1183 1183 1184 1184 1185 1185 1186 1186 1187 1187 1188 1188 1189 1189 1190 1190 1191 1191 1192 1192 1193 1193 1194 1194 1195 1195 1196 1196 1197 1197 1198 1198 1199 1199 1200 1200 1201 1201 1202 1202 1203 1203 1204 1204 1205 1205 1206 1206 1207 1207 1208 1208 1209 1209 1210 1210 1211 1211 1212 1212 1213 1213 1214 1214 1215 1215 1216 1216 1217 1217 1218 1218 1219 1219 1220 1220 1221 1221 1222 1222 1223 1223 1224 1224 1225 1225 1226 1226 1227 1227 1228 1228 1229 1229 1230 1230 1231 1231 1232 1232 1233 1233 1234 1234 1235 1235 1236 1236 1237 1237 1238 1238 1239 1239 1240 1240 1241 1241 1242 1242 1243 1243 1244 1244 1245 1245 1246 1246 1247 1247 1248 1248 1249 1249 1250 1250 1251 1251 1252 1252 1253 1253 1254 1254 1255 1255 1256 1256 1257 1257 1258 1258 1259 1259 1260 1260 1261 1261 1262 1262 1263 1263 1264 1264 1265 1265 1266 1266 1267 1267 1268 1268 1269 1269 1270 1270 1271 1271 1272 1272 1273 1273 1274 1274 1275 1275 1276 1276 1277 1277 1278 1278 1279 1279 1280 1280 1281 1281 1282 1282 1283 1283 1284 1284 1285 1285 1286 1286 1287 1287 1288 1288 1289 1289 1290 1290 1291 1291 1292 1292 1293 1293 1294 1294 1295 1295 1296 1296 1297 1297 1298 1298 1299 1299 1300 1300 1301 1301 1302 1302 1303 1303 1304 1304 1305 1305 1306 1306 1307 1307 1308 1308 1309 1309 1310 1310 1311 1311 1312 1312 1313 1313 1314 1314 1315 1315 1316 1316 1317 1317 1318 1318 1319 1319 1320 1320 1321 1321 1322 1322 1323 1323 1324 1324 1325 1325 1326 1326 1327 1327 1328 1328 1329 1329 1330 1330 1331 1331 1332 1332 1333 1333 1334 1334 1335 1335 1336 1336 1337 1337 1338 1338 1339 1339 1340 1340 1341 1341 1342 1342 1343 1343 1344 1344 1345 1345 1346 1346 1347 1347 1348 1348 1349 1349 1350 1350 1351 1351 1352 1352 1353 1353 1354 1354 1355 1355 1356 1356 1357 1357 1358 1358 1359 1359 1360 1360 1361 1361 1362 1362 1363 1363 1364 1364 1365 1365 1366 1366 1367 1367 1368 1368 1369 1369 1370 1370 1371 1371 1372 1372 1373 1373 1374 1374 1375 1375 1376 1376 1377 1377 1378 1378 1379 1379 1380 1380 1381 1381 1382 1382 1383 1383 1384 1384 1385 1385 1386 1386 1387 1387 1388 1388 1389 1389 1390 1390 1391 1391 1392 1392 1393 1393 1394 1394 1395 1395 1396 1396 1397 1397 1398 1398 1399 1399 1400 1400 1401 1401 1402 1402 1403 1403 1404 1404 1405 1405 1406 1406 1407 1407 1408 1408 1409 1409 1410 1410 1411 1411 1412 1412 1413 1413 1414 1414 1415 1415 1416 1416 1417 1417 1418 1418 1419 1419 1420 1420 1421 1421 1422 1422 1423 1423 1424 1424 1425 1425 1426 1426 1427 1427 1428 1428 1429 1429 1430 1430 1431 1431 1432 1432 1433 1433 1434 1434 1435 1435 1436 1436 1437 1437 1438 1438 1439 1439 1440 1440 1441 1441 1442 1442 1443 1443 1444 1444 1445 1445 1446 1446 1447 1447 1448 1448 1449 1449 1450 1450 1451 1451 1452 1452 1453 1453 1454 1454 1455 1455 1456 1456 1457 1457 1458 1458 1459 1459 1460 1460 1461 1461 1462 1462 1463 1463 1464 1464 1465 1465 1466 1466 1467 1467 1468 1468 1469 1469 1470 1470 1471 1471 1472 1472 1473 1473 1474 1474 1475 1475 1476 1476 1477 1477 1478 1478 1479 1479 1480 1480 1481 1481 1482 1482 1483 1483 1484 1484 1485 1485 1486 1486 1487 1487 1488 1488 1489 1489 1490 1490 1491 1491 1492 1492 1493 1493 1494 1494 1495 1495 1496 1496 1497 1497 1498 1498 1499 1499 1500 1500 1501 1501 1502 1502 1503 1503 1504 1504 1505 1505 1506 1506 1507 1507 1508 1508 1509 1509 1510 1510 1511 1511 1512 1512 1513 1513 1514 1514 1515 1515 1516 1516 1517 1517 1518 1518 1519 1519 1520 1520 1521 1521 1522 1522 1523 1523 1524 1524 1525 1525 1526 1526 1527 1527 1528 1528 1529 1529 1530 1530 1531 1531 1532 1532 1533 1533 1534 1534 1535 1535 1536 1536 1537 1537 1538 1538 1539 1539 1540 1540 1541 1541 1542 1542 1543 1543 1544 1544 1545 1545 1546 1546 1547 1547 1548 1548 1549 1549 1550 1550 1551 1551 1552 1552 1553 1553 1554 1554 1555 1555 1556 1556 1557 1557 1558 1558 1559 1559 1560 1560 1561 1561 1562 1562 1563 1563 1564 1564 1565 1565 1566 1566 1567 1567 1568 1568 1569 1569 1570 1570 1571 1571 1572 1572 1573 1573 1574 1574 1575 1575 1576 1576 1577 1577 1578 1578 1579 1579 1580 1580 1581 1581 1582 1582 1583 1583 1584 1584 1585 1585 1586 1586 1587 1587 1588 1588 1589 1589 1590 1590 1591 1591 1592 1592 1593 1593 1594 1594 1595 1595 1596 1596 1597 1597 1598 1598 1599 1599 1600 1600 1601 1601 1602 1602 1603 1603 1604 1604 1605 1605 1606 1606 1607 1607 1608 1608 1609 1609 1610 1610 1611 1611 1612 1612 1613 1613 1614 1614 1615 1615 1616 1616 1617 1617 1618 1618 1619 1619 1620 1620 1621 1621 1622 1622 1623 1623 1624 1624 1625 1625 1626 1626 1627 1627 1628 1628 1629 1629 1630 1630 1631 1631 1632 1632 1633 1633 1634 1634 1635 1635 1636 1636 1637 1637 1638 1638 1639 1639 1640 1640 1641 1641 1642 1642 1643 1643 1644 1644 1645 1645 1646 1646 1647 1647 1648 1648 1649 1649 1650 1650 1651 1651 1652 1652 1653 1653 1654 1654 1655 1655 1656 1656 1657 1657 1658 1658 1659 1659 1660 1660 1661 1661 1662 1662 1663 1663 1664 1664 1665 1665 1666 1666 1667 1667 1668 1668 1669 1669 1670 1670 1671 1671 1672 1672 1673 1673 1674 1674 1675 1675 1676 1676 1677 1677 1678 1678 1679 1679 1680 1680 1681 1681 1682 1682 1683 1683 1684 1684 1685 1685 1686 1686 1687 1687 1688 1688 1689 1689 1690 1690 1691 1691 1692 1692 1693 1693 1694 1694 1695 1695 1696 1696 1697 1697 1698 1698 1699 1699 1700 1700 1701 1701 1702 1702 1703 1703 1704 1704 1705 1705 1706 1706 1707 1707 1708 1708 1709 1709 1710 1710 1711 1711 1712 1712 1713 1713 1714 1714 1715 1715 1716 1716 1717 1717 1718 1718 1719 1719 1720 1720 1721 1721 1722 1722 1723 1723 1724 1724 1725 1725 1726 1726 1727 1727 1728 1728 1729 1729 1730 1730 1731 1731 1732 1732 1733 1733 1734 1734 1735 1735 1736 1736 1737 1737 1738 1738 1739 1739 1740 1740 1741 1741 1742 1742 1743 1743 1744 1744 1745 1745 1746 1746 1747 1747 1748 1748 1749 1749 1750 1750 1751 1751 1752 1752 1753 1753 1754 1754 1755 1755 1756 1756 1757 1757 1758 1758 1759 1759 1760 1760 1761 1761 1762 1762 1763 1763 1764 1764 1765 1765 1766 1766 1767 1767 1768 1768 1769 1769 1770 1770 1771 1771 1772 1772 1773 1773 1774 1774 1775 1775 1776 1776 1777 1777 1778 1778 1779 1779 1780 1780 1781 1781 1782 1782 1783 1783 1784 1784 1785 1785 1786 1786 1787 1787 1788 1788 1789 1789 1790 1790 1791 1791 1792 1792 1793 1793 1794 1794 1795 1795 1796 1796 1797 1797 1798 1798 1799 1799 1800 1800 1801 1801 1802 1802 1803 1803 1804 1804 1805 1805 1806 1806 1807 1807 1808 1808 1809 1809 1810 1810 1811 1811 1812 1812 1813 1813 1814 1814 1815 1815 1816 1816 1817 1817 1818 1818 1819 1819 1820 1820 1821 1821 1822 1822 1823 1823 1824 1824 1825 1825 1826 1826 1827 1827 1828 1828 1829 1829 1830 1830 1831 1831 1832 1832 1833 1833 1834 1834 1835 1835 1836 1836 1837 1837 1838 1838 1839 1839 1840 1840 1841 1841 1842 1842 1843 1843 1844 1844 1845 1845 1846 1846 1847 1847 1848 1848 1849 1849 1850 1850 1851 1851 1852 1852 1853 1853 1854 1854 1855 1855 1856 1856 1857 1857 1858 1858 1859 1859 1860 1860 1861 1861 1862 1862 1863 1863 1864 1864 1865 1865 1866 1866 1867 1867 1868 1868 1869 1869 1870 1870 1871 1871 1872 1872 1873 1873 1874 1874 1875 1875 1876 1876 1877 1877 1878 1878 1879 1879 1880 1880 1881 1881 1882 1882 1883 1883 1884 1884 1885 1885 1886 1886 1887 1887 1888 1888 1889 1889 1890 1890 1891 1891 1892 1892 1893 1893 1894 1894 1895 1895 1896 1896 1897 1897 1898 1898 1899 1899 1900 1900 1901 1901 1902 1902 1903 1903 1904 1904 1905 1905 1906 1906 1907 1907 1908 1908 1909 1909 1910 1910 1911 1911 1912 1912 1913 1913 1914 1914 1915 1915 1916 1916 1917 1917 1918 1918 1919 1919 1920 1920 1921 1921 1922 1922 1923 1923 1924 1924 1925 1925 1926 1926 1927 1927 1928 1928 1929 1929 1930 1930 1931 1931 1932 1932 1933 1933 1934 1934 1935 1935 1936 1936 1937 1937 1938 1938 1939 1939 1940 1940 1941 1941 1942 1942 1943 1943 1944 1944 1945 1945 1946 1946 1947 1947 1948 1948 1949 1949 1950 1950 1951 1951 1952 1952 1953 1953 1954 1954 1955 1955 1956 1956 1957 1957 1958 1958 1959 1959 1960 1960 1961 1961 1962 1962 1963 1963 1964 1964 1965 1965 1966 1966 1967 1967 1968 1968 1969 1969 1970 1970 1971 1971 1972 1972 1973 1973 1974 1974 1975 1975 1976 1976 1977 1977 1978 1978 1979 1979 1980 1980 1981 1981 1982 1982 1983 1983 1984 1984 1985 1985 1986 1986 1987 1987 1988 1988 1989 1989 1990 1990 1991 1991 1992 1992 1993 1993 1994 1994 1995 1995 1996 1996 1997 1997 1998 1998 1999 1999 0 
        </DataArray>
        <DataArray type="Int64" Name="offsets" format="ascii">
2 4 6 8 10 12 14 16 18 20 22 24 26 28 30 32 34 36 38 40 42 44 46 48 50 52 54 56 58 60 62 64 66 68 70 72 74 76 78 80 82 84 86 88 90 92 94 96 98 100 102 104 106 108 110 112 114 116 118 120 122 124 126 128 130 132 134 136 138 140 142 144 146 148 150 152 154 156 158 160 162 164 166 168 170 172 174 176 178 180 182 184 186 188 190 192 194 196 198 200 202 204 206 208 210 212 214 216 218 220 222 224 226 228 230 232 234 236 238 240 242 244 246 248 250 252 254 256 258 260 262 264 266 268 270 272 274 276 278 280 282 284 286 288 290 292 294 296 298 300 302 304 306 308 310 312 314 316 318 320 322 324 326 328 330 332 334 336 338 340 342 344 346 348 350 352 354 356 358 360 362 364 366 368 370 372 374 376 378 380 382 384 386 388 390 392 394 396 398 400 402 404 406 408 410 412 414 416 418 420 422 424 426 428 430 432 434 436 438 440 442 444 446 448 450 452 454 456 458 460 462 464 466 468 470 472 474 476 478 480 482 484 486 488 490 492 494 496 498 500 502 504 506 508 510 512 514 516 518 520 522 524 526 528 530 532 534 536 538 540 542 544 546 548 550 552 554 556 558 560 562 564 566 568 570 572 574 576 578 580 582 584 586 588 590 592 594 596 598 600 602 604 606 608 610 612 614 616 618 620 622 624 626 628 630 632 634 636 638 640 642 644 646 648 650 652 654 656 658 660 662 664 666 668 670 672 674 676 678 680 682 684 686 688 690 692 694 696 698 700 702 704 706 708 710 712 714 716 718 720 722 724 726 728 730 732 734 736 738 740 742 744 746 748 750 752 754 756 758 760 762 764 766 768 770 772 774 776 778 780 782 784 786 788 790 792 794 796 798 800 802 804 806 808 810 812 814 816 818 820 822 824 826 828 830 832 834 836 838 840 842 844 846 848 850 852 854 856 858 860 862 864 866 868 870 872 874 876 878 880 882 884 886 888 890 892 894 896 898 900 902 904 906 908 910 912 914 916 918 920 922 924 926 928 930 932 934 936 938 940 942 944 946 948 950 952 954 956 958 960 962 964 966 968 970 972 974 976 978 980 982 984 986 988 990 992 994 996 998 1000 1002 1004 1006 1008 1010 1012 1014 1016 1018 1020 1022 1024 1026 1028 1030 1032 1034 1036 1038 1040 1042 1044 1046 1048 1050 1052 1054 1056 1058 1060 1062 1064 1066 1068 1070 1072 1074 1076 1078 1080 1082 1084 1086 1088 1090 1092 1094 1096 1098 1100 1102 1104 1106 1108 1110 1112 1114 1116 1118 1120 1122 1124 1126 1128 1130 1132 1134 1136 1138 1140 1142 1144 1146 1148 1150 1152 1154 1156 1158 1160 1162 1164 1166 1168 1170 1172 1174 1176 1178 1180 1182 1184 1186 1188 1190 1192 1194 1196 1198 1200 1202 1204 1206 1208 1210 1212 1214 1216 1218 1220 1222 1224 1226 1228 1230 1232 1234 1236 1238 1240 1242 1244 1246 1248 1250 1252 1254 1256 1258 1260 1262 1264 1266 1268 1270 1272 1274 1276 1278 1280 1282 1284 1286 1288 1290 1292 1294 1296 1298 1300 1302 1304 1306 1308 1310 1312 1314 1316 1318 1320 1322 1324 1326 1328 1330 1332 1334 1336 1338 1340 1342 1344 1346 1348 1350 1352 1354 1356 1358 1360 1362 1364 1366 1368 1370 1372 1374 1376 1378 1380 1382 1384 1386 1388 1390 1392 1394 1396 1398 1400 1402 1404 1406 1408 1410 1412 1414 1416 1418 1420 1422 1424 1426 1428 1430 1432 1434 1436 1438 1440 1442 1444 1446 1448 1450 1452 1454 1456 1458 1460 1462 1464 1466 1468 1470 1472 1474 1476 1478 1480 1482 1484 1486 1488 1490 1492 1494 1496 1498 1500 1502 1504 1506 1508 1510 1512 1514 1516 1518 1520 1522 1524 1526 1528 1530 1532 1534 1536 1538 1540 1542 1544 1546 1548 1550 1552 1554 1556 1558 1560 1562 1564 1566 1568 1570 1572 1574 1576 1578 1580 1582 1584 1586 1588 1590 1592 1594 1596 1598 1600 1602 1604 1606 1608 1610 1612 1614 1616 1618 1620 1622 1624 1626 1628 1630 1632 1634 1636 1638 1640 1642 1644 1646 1648 1650 1652 1654 1656 1658 1660 1662 1664 1666 1668 1670 1672 1674 1676 1678 1680 1682 1684 1686 1688 1690 1692 1694 1696 1698 1700 1702 1704 1706 1708 1710 1712 1714 1716 1718 1720 1722 1724 1726 1728 1730 1732 1734 1736 1738 1740 1742 1744 1746 1748 1750 1752 1754 1756 1758 1760 1762 1764 1766 1768 1770 1772 1774 1776 1778 1780 1782 1784 1786 1788 1790 1792 1794 1796 1798 1800 1802 1804 1806 1808 1810 1812 1814 1816 1818 1820 1822 1824 1826 1828 1830 1832 1834 1836 1838 1840 1842 1844 1846 1848 1850 1852 1854 1856 1858 1860 1862 1864 1866 1868 1870 1872 1874 1876 1878 1880 1882 1884 1886 1888 1890 1892 1894 1896 1898 1900 1902 1904 1906 1908 1910 1912 1914 1916 1918 1920 1922 1924 1926 1928 1930 1932 1934 1936 1938 1940 1942 1944 1946 1948 1950 1952 1954 1956 1958 1960 1962 1964 1966 1968 1970 1972 1974 1976 1978 1980 1982 1984 1986 1988 1990 1992 1994 1996 1998 2000 2002 2004 2006 2008 2010 2012 2014 2016 2018 2020 2022 2024 2026 2028 2030 2032 2034 2036 2038 2040 2042 2044 2046 2048 2050 2052 2054 2056 2058 2060 2062 2064 2066 2068 2070 2072 2074 2076 2078 2080 2082 2084 2086 2088 2090 2092 2094 2096 2098 2100 2102 2104 2106 2108 2110 2112 2114 2116 2118 2120 2122 2124 2126 2128 2130 2132 2134 2136 2138 2140 2142 2144 2146 2148 2150 2152 2154 2156 2158 2160 2162 2164 2166 2168 2170 2172 2174 2176 2178 2180 2182 2184 2186 2188 2190 2192 2194 2196 2198 2200 2202 2204 2206 2208 2210 2212 2214 2216 2218 2220 2222 2224 2226 2228 2230 2232 2234 2236 2238 2240 2242 2244 2246 2248 2250 2252 2254 2256 2258 2260 2262 2264 2266 2268 2270 2272 2274 2276 2278 2280 2282 2284 2286 2288 2290 2292 2294 2296 2298 2300 2302 2304 2306 2308 2310 2312 2314 2316 2318 2320 2322 2324 2326 2328 2330 2332 2334 2336 2338 2340 2342 2344 2346 2348 2350 2352 2354 2356 2358 2360 2362 2364 2366 2368 2370 2372 2374 2376 2378 2380 2382 2384 2386 2388 2390 2392 2394 2396 2398 2400 2402 2404 2406 2408 2410 2412 2414 2416 2418 2420 2422 2424 2426 2428 2430 2432 2434 2436 2438 2440 2442 2444 2446 2448 2450 2452 2454 2456 2458 2460 2462 2464 2466 2468 2470 2472 2474 2476 2478 2480 2482 2484 2486 2488 2490 2492 2494 2496 2498 2500 2502 2504 2506 2508 2510 2512 2514 2516 2518 2520 2522 2524 2526 2528 2530 2532 2534 2536 2538 2540 2542 2544 2546 2548 2550 2552 2554 2556 2558 2560 2562 2564 2566 2568 2570 2572 2574 2576 2578 2580 2582 2584 2586 2588 2590 2592 2594 2596 2598 2600 2602 2604 2606 2608 2610 2612 2614 2616 2618 2620 2622 2624 2626 2628 2630 2632 2634 2636 2638 2640 2642 2644 2646 2648 2650 2652 2654 2656 2658 2660 2662 2664 2666 2668 2670 2672 2674 2676 2678 2680 2682 2684 2686 2688 2690 2692 2694 2696 2698 2700 2702 2704 2706 2708 2710 2712 2714 2716 2718 2720 2722 2724 2726 2728 2730 2732 2734 2736 2738 2740 2742 2744 2746 2748 2750 2752 2754 2756 2758 2760 2762 2764 2766 2768 2770 2772 2774 2776 2778 2780 2782 2784 2786 2788 2790 2792 2794 2796 2798 2800 2802 2804 2806 2808 2810 2812 2814 2816 2818 2820 2822 2824 2826 2828 2830 2832 2834 2836 2838 2840 2842 2844 2846 2848 2850 2852 2854 2856 2858 2860 2862 2864 2866 2868 2870 2872 2874 2876 2878 2880 2882 2884 2886 2888 2890 2892 2894 2896 2898 2900 2902 2904 2906 2908 2910 2912 2914 2916 2918 2920 2922 2924 2926 2928 2930 2932 2934 2936 2938 2940 2942 2944 2946 2948 2950 2952 2954 2956 2958 2960 2962 2964 2966 2968 2970 2972 2974 2976 2978 2980 2982 2984 2986 2988 2990 2992 2994 2996 2998 3000 3002 3004 3006 3008 3010 3012 3014 3016 3018 3020 3022 3024 3026 3028 3030 3032 3034 3036 3038 3040 3042 3044 3046 3048 3050 3052 3054 3056 3058 3060 3062 3064 3066 3068 3070 3072 3074 3076 3078 3080 3082 3084 3086 3088 3090 3092 3094 3096 3098 3100 3102 3104 3106 3108 3110 3112 3114 3116 3118 3120 3122 3124 3126 3128 3130 3132 3134 3136 3138 3140 3142 3144 3146 3148 3150 3152 3154 3156 3158 3160 3162 3164 3166 3168 3170 3172 3174 3176 3178 3180 3182 3184 3186 3188 3190 3192 3194 3196 3198 3200 3202 3204 3206 3208 3210 3212 3214 3216 3218 3220 3222 3224 3226 3228 3230 3232 3234 3236 3238 3240 3242 3244 3246 3248 3250 3252 3254 3256 3258 3260 3262 3264 3266 3268 3270 3272 3274 3276 3278 3280 3282 3284 3286 3288 3290 3292 3294 3296 3298 3300 3302 3304 3306 3308 3310 3312 3314 3316 3318 3320 3322 3324 3326 3328 3330 3332 3334 3336 3338 3340 3342 3344 3346 3348 3350 3352 3354 3356 3358 3360 3362 3364 3366 3368 3370 3372 3374 3376 3378 3380 3382 3384 3386 3388 3390 3392 3394 3396 3398 3400 3402 3404 3406 3408 3410 3412 3414 3416 3418 3420 3422 3424 3426 3428 3430 3432 3434 3436 3438 3440 3442 3444 3446 3448 3450 3452 3454 3456 3458 3460 3462 3464 3466 3468 3470 3472 3474 3476 3478 3480 3482 3484 3486 3488 3490 3492 3494 3496 3498 3500 3502 3504 3506 3508 3510 3512 3514 3516 3518 3520 3522 3524 3526 3528 3530 3532 3534 3536 3538 3540 3542 3544 3546 3548 3550 3552 3554 3556 3558 3560 3562 3564 3566 3568 3570 3572 3574 3576 3578 3580 3582 3584 3586 3588 3590 3592 3594 3596 3598 3600 3602 3604 3606 3608 3610 3612 3614 3616 3618 3620 3622 3624 3626 3628 3630 3632 3634 3636 3638 3640 3642 3644 3646 3648 3650 3652 3654 3656 3658 3660 3662 3664 3666 3668 3670 3672 3674 3676 3678 3680 3682 3684 3686 3688 3690 3692 3694 3696 3698 3700 3702 3704 3706 3708 3710 3712 3714 3716 3718 3720 3722 3724 3726 3728 3730 3732 3734 3736 3738 3740 3742 3744 3746 3748 3750 3752 3754 3756 3758 3760 3762 3764 3766 3768 3770 3772 3774 3776 3778 3780 3782 3784 3786 3788 3790 3792 3794 3796 3798 3800 3802 3804 3806 3808 3810 3812 3814 3816 3818 3820 3822 3824 3826 3828 3830 3832 3834 3836 3838 3840 3842 3844 3846 3848 3850 3852 3854 3856 3858 3860 3862 3864 3866 3868 3870 3872 3874 3876 3878 3880 3882 3884 3886 3888 3890 3892 3894 3896 3898 3900 3902 3904 3906 3908 3910 3912 3914 3916 3918 3920 3922 3924 3926 3928 3930 3932 3934 3936 3938 3940 3942 3944 3946 3948 3950 3952 3954 3956 3958 3960 3962 3964 3966 3968 3970 3972 3974 3976 3978 3980 3982 3984 3986 3988 3990 3992 3994 3996 3998 4000 
        </DataArray>
      </Polys>
      <CellData Scalars="Pressure">
        <DataArray type="Float64" Name="Pressure" format="ascii">
339026 336878 335242 333654 332038 329912 327677 325478 323758 322196 320602 318686 316598 314547 312714 311061 309379 307649 305822 304023 302260 300608 298932 297242 295439 293661 291896 290286 288653 287035 285311 283611 281893 280381 278850 277350 275779 274230 273088 271679 270228 268805 267487 266204 264880 263003 261838 260685 259543 258453 257350 256256 255117 253986 252876 251909 250937 249979 248945 248584 247537 246532 245513 244546 242933 242101 241271 240370 239411 238461 237684 237081 236489 235874 235699 235008 233662 233009 232353 231729 231338 230965 230596 230343 230103 229870 230454 230340 230235 229600 229842 230108 230461 230958 231461 231979 233152 235144 236435 237335 239141 240950 242831 244684 246554 248425 250435 253117 254507 256557 258669 260774 262785 264718 266681 268563 270855 272684 273812 275285 276739 278127 278684 279014 279993 279135 278639 278163 277741 277498 277195 276840 276383 275654 274898 273878 273312 272797 272313 272056 271561 271259 271016 271482 272080 272829 273801 274965 276205 277394 279061 280762 282510 284317 286016 287724 289164 290947 292797 294560 296314 297906 299593 301142 302884 304599 306421 308013 309813 311218 312649 314211 316025 317302 318644 319910 321142 322198 323263 324143 324954 325788 326684 327596 328657 329934 331265 332609 334039 335435 336964 338556 340281 341909 343555 345062 346726 348215 349698 351096 352216 353478 354720 356040 357171 358108 359188 360337 361305 362227 362985 363943 364738 365514 366297 366848 367589 368095 369077 370044 370624 371423 372223 373153 373944 374573 375249 376118 376660 377160 377290 377703 377883 378062 378016 378488 378637 378834 379084 379084 378892 378610 378226 377788 377860 377810 377634 377340 377361 376942 376423 375837 376963 376269 375581 374921 374269 373790 373365 372966 372578 372527 372464 372143 371554 371585 370490 369605 368169 366889 364432 362558 360274 358084 354130 343115 322581 287600 233879 149717 69025.9 44595.4 28573.5 25701.4 26455.2 25914.5 26567.2 27074 27452 28880.3 28535.5 29065.9 29427.4 30461.3 31078.9 30823.8 31334.9 32392.7 32744.6 33336.5 32274.8 33151.5 33930.7 34480.3 36184.1 35626.7 36484.7 37112 38336.1 38918.4 39622.9 38563.2 39415.8 40269.4 40904.1 41300.3 42145.6 43130.4 43877.2 45177 45818.1 46696.6 45434.3 46525.9 47689.4 48573.3 49208 51440.1 51177.6 52102.6 53797.8 56396.6 55056.9 55914.5 55098 56340.7 57347.4 59150.2 59900.5 60789 59597.4 60766.6 61920.5 62808.4 64651.9 65662 66754.3 65473.2 66802.3 68040.1 69034.1 71193.6 72203.6 71094.4 72128.8 73386.9 74556.5 75487.7 77613.2 78730.4 79865.8 78657.1 80201.6 81512.9 82591.5 84635.5 85940.2 87210 85329.6 86896.6 88394.9 89776.4 91436.2 92923 94187.7 98630.3 96734.8 98317.5 99898 102083 104201 106185 108958 109253 109027 109689 110638 115615 116818 117951 119090 120333 121630 122799 123918 124917 125863 132377 133797 122614 122554 126394 128079 125999 127853 129692 131442 133041 134854 136506 137922 141445 143016 144559 141937 143819 145672 147469 149432 151231 152929 154722 156290 157568 161476 162969 160121 161858 163796 165659 167652 169697 171649 173507 175384 177029 180543 182056 183659 185271 187241 184095 186116 188267 190448 192556 194793 196975 199116 201184 203226 205147 207131 209058 210834 214572 216140 217695 219344 221358 223411 225402 221861 223610 225408 227464 229548 231591 233789 235945 238117 240169 242237 244269 246513 248770 251046 253241 255450 257620 259977 262405 264853 267232 269626 271970 274430 276969 279524 281969 284323 286622 288955 291280 293634 295966 298534 301044 303579 306032 308510 310933 313669 316359 319078 321694 324327 326898 329714 332534 335394 337995 340545 343044 345567 348023 350495 353122 355974 358773 361536 364138 366753 369512 372701 375827 378961 381920 384885 387901 391669 395366 399109 402710 406354 409923 414474 419053 429572 432699 435902 439027 442300 445432 448566 445267 449783 454343 458386 461714 465018 468626 472914 477141 481302 485025 488771 492562 497276 508291 512446 515386 518312 521181 516934 520288 523730 527192 530754 534282 537652 540818 544065 547183 557226 560225 555331 559360 563692 568121 571536 574815 578063 582614 587606 592699 602295 605198 608070 604372 608500 612636 617018 621664 626450 631191 635390 646142 650279 646928 650502 654051 658377 663182 668109 672758 676968 688233 684871 688788 692845 696913 702104 707694 713601 718173 727079 730118 726868 731377 736060 740767 746387 752074 765247 763234 769173 775349 781476 785692 790044 794392 803554 807091 810623 806383 811409 816590 821996 833580 837788 841711 837687 841558 845787 849932 853233 862605 867044 864218 870232 876382 882512 895227 900769 905631 902839 907399 912238 916702 926158 929751 934666 932112 938276 944524 958319 964013 976992 974830 972320 977133 989147 987384 992722 998169 1.00391e+06 1.00902e+06 1.01854e+06 1.02306e+06 1.02788e+06 1.02524e+06 1.02975e+06 1.03424e+06 1.03943e+06 1.0472e+06 1.05545e+06 1.0639e+06 1.0708e+06 1.08116e+06 1.08577e+06 1.08894e+06 1.08498e+06 1.08737e+06 1.08998e+06 1.09987e+06 1.09692e+06 1.10137e+06 1.10612e+06 1.11097e+06 1.12296e+06 1.12798e+06 1.13307e+06 1.13153e+06 1.1366e+06 1.14796e+06 1.15309e+06 1.14966e+06 1.15341e+06 1.1571e+06 1.17222e+06 1.17065e+06 1.18218e+06 1.19317e+06 1.20398e+06 1.21516e+06 1.21991e+06 1.23253e+06 1.2317e+06 1.2304e+06 1.24455e+06 1.24968e+06 1.25419e+06 1.25154e+06 1.25677e+06 1.26953e+06 1.27501e+06 1.27473e+06 1.28093e+06 1.28722e+06 1.29936e+06 1.29976e+06 1.30566e+06 1.31158e+06 1.3226e+06 1.32318e+06 1.32828e+06 1.3333e+06 1.3384e+06 1.34293e+06 1.34673e+06 1.3504e+06 1.35406e+06 1.35754e+06 1.3609e+06 1.36464e+06 1.3689e+06 1.37353e+06 1.37839e+06 1.38339e+06 1.38882e+06 1.3945e+06 1.40016e+06 1.40513e+06 1.4104e+06 1.41583e+06 1.42158e+06 1.42648e+06 1.43171e+06 1.43714e+06 1.44295e+06 1.44824e+06 1.45313e+06 1.45803e+06 1.46309e+06 1.473e+06 1.4723e+06 1.47703e+06 1.48214e+06 1.49289e+06 1.4926e+06 1.49773e+06 1.50333e+06 1.51484e+06 1.52015e+06 1.52042e+06 1.52577e+06 1.53625e+06 1.54181e+06 1.54633e+06 1.54688e+06 1.55616e+06 1.56485e+06 1.56529e+06 1.56918e+06 1.56856e+06 1.57218e+06 1.57611e+06 1.58048e+06 1.58996e+06 1.58934e+06 1.59413e+06 1.59956e+06 1.61071e+06 1.61576e+06 1.61645e+06 1.62161e+06 1.63138e+06 1.63633e+06 1.64057e+06 1.64139e+06 1.64539e+06 1.64965e+06 1.65413e+06 1.66275e+06 1.66307e+06 1.66712e+06 1.67148e+06 1.6809e+06 1.68535e+06 1.6896e+06 1.69011e+06 1.69483e+06 1.70013e+06 1.70605e+06 1.7124e+06 1.71762e+06 1.72196e+06 1.72641e+06 1.73554e+06 1.73951e+06 1.74313e+06 1.74389e+06 1.74721e+06 1.7506e+06 1.75431e+06 1.75846e+06 1.7658e+06 1.76583e+06 1.76971e+06 1.7787e+06 1.78619e+06 1.78815e+06 1.79247e+06 1.79353e+06 1.79742e+06 1.80166e+06 1.81036e+06 1.81465e+06 1.81855e+06 1.81987e+06 1.8234e+06 1.82706e+06 1.83103e+06 1.83981e+06 1.84383e+06 1.848e+06 1.84953e+06 1.85319e+06 1.85674e+06 1.86059e+06 1.86815e+06 1.8717e+06 1.87282e+06 1.87636e+06 1.8794e+06 1.8826e+06 1.88607e+06 1.89361e+06 1.89702e+06 1.90063e+06 1.90212e+06 1.9051e+06 1.90819e+06 1.91152e+06 1.91811e+06 1.92126e+06 1.92441e+06 1.92637e+06 1.92897e+06 1.93203e+06 1.93542e+06 1.93906e+06 1.94267e+06 1.94639e+06 1.95207e+06 1.95359e+06 1.95663e+06 1.95956e+06 1.96193e+06 1.96462e+06 1.96751e+06 1.97289e+06 1.9756e+06 1.97649e+06 1.97965e+06 1.9832e+06 1.98664e+06 1.98993e+06 1.99276e+06 1.99587e+06 1.99913e+06 2.00415e+06 2.0055e+06 2.00837e+06 2.01166e+06 2.01517e+06 2.01858e+06 2.02181e+06 2.02481e+06 2.02801e+06 2.03289e+06 2.03592e+06 2.03759e+06 2.04056e+06 2.04394e+06 2.04735e+06 2.05067e+06 2.05378e+06 2.05677e+06 2.05983e+06 2.06414e+06 2.06718e+06 2.07018e+06 2.07201e+06 2.07521e+06 2.07844e+06 2.08155e+06 2.08442e+06 2.08726e+06 2.09016e+06 2.09314e+06 2.09616e+06 2.09909e+06 2.10295e+06 2.10574e+06 2.10758e+06 2.11023e+06 2.11284e+06 2.1154e+06 2.1181e+06 2.12084e+06 2.12362e+06 2.12625e+06 2.1287e+06 2.13109e+06 2.13437e+06 2.13665e+06 2.13902e+06 2.14137e+06 2.14379e+06 2.14533e+06 2.14774e+06 2.14991e+06 2.15208e+06 2.15423e+06 2.15648e+06 2.15872e+06 2.16098e+06 2.16304e+06 2.16501e+06 2.16694e+06 2.16897e+06 2.17101e+06 2.17306e+06 2.17558e+06 2.17741e+06 2.17923e+06 2.18111e+06 2.18289e+06 2.18471e+06 2.18649e+06 2.18716e+06 2.18879e+06 2.19046e+06 2.19195e+06 2.19348e+06 2.19498e+06 2.19646e+06 2.19791e+06 2.19938e+06 2.20064e+06 2.20189e+06 2.20311e+06 2.20425e+06 2.20534e+06 2.20645e+06 2.2074e+06 2.20827e+06 2.20913e+06 2.20988e+06 2.21053e+06 2.21118e+06 2.21171e+06 2.21214e+06 2.21255e+06 2.21288e+06 2.21306e+06 2.21324e+06 2.21335e+06 2.2133e+06 2.21324e+06 2.21309e+06 2.21258e+06 2.21206e+06 2.21154e+06 2.21092e+06 2.2103e+06 2.20965e+06 2.2087e+06 2.20772e+06 2.20676e+06 2.20566e+06 2.20456e+06 2.20344e+06 2.20233e+06 2.2012e+06 2.20008e+06 2.19885e+06 2.19762e+06 2.19635e+06 2.19508e+06 2.19376e+06 2.19247e+06 2.19111e+06 2.18975e+06 2.18836e+06 2.1868e+06 2.18504e+06 2.1833e+06 2.18155e+06 2.17985e+06 2.17811e+06 2.17626e+06 2.17411e+06 2.17199e+06 2.16984e+06 2.16777e+06 2.16567e+06 2.16353e+06 2.16101e+06 2.15853e+06 2.156e+06 2.15367e+06 2.15129e+06 2.14896e+06 2.14629e+06 2.14365e+06 2.14253e+06 2.13979e+06 2.13698e+06 2.13424e+06 2.13148e+06 2.12883e+06 2.12615e+06 2.12206e+06 2.11901e+06 2.11598e+06 2.11296e+06 2.11006e+06 2.10711e+06 2.10401e+06 2.10053e+06 2.09708e+06 2.09363e+06 2.09044e+06 2.08721e+06 2.08398e+06 2.08024e+06 2.07809e+06 2.07435e+06 2.07077e+06 2.06716e+06 2.06368e+06 2.05745e+06 2.05407e+06 2.05075e+06 2.04687e+06 2.04265e+06 2.03847e+06 2.03458e+06 2.03105e+06 2.0275e+06 2.02382e+06 2.02135e+06 2.01734e+06 2.01018e+06 2.00589e+06 2.00158e+06 1.9974e+06 1.9935e+06 1.98988e+06 1.98643e+06 1.98229e+06 1.97791e+06 1.97356e+06 1.97205e+06 1.96822e+06 1.96439e+06 1.95694e+06 1.95301e+06 1.94936e+06 1.94558e+06 1.94115e+06 1.93663e+06 1.9322e+06 1.92852e+06 1.9274e+06 1.92366e+06 1.9162e+06 1.912e+06 1.90804e+06 1.90373e+06 1.89918e+06 1.89455e+06 1.89032e+06 1.88685e+06 1.8865e+06 1.87912e+06 1.87479e+06 1.87055e+06 1.86655e+06 1.86206e+06 1.85744e+06 1.85267e+06 1.84855e+06 1.84914e+06 1.84577e+06 1.8378e+06 1.83413e+06 1.83068e+06 1.82756e+06 1.82449e+06 1.82162e+06 1.8216e+06 1.81417e+06 1.80948e+06 1.80478e+06 1.79969e+06 1.79411e+06 1.78898e+06 1.78448e+06 1.7826e+06 1.77797e+06 1.77365e+06 1.76408e+06 1.75997e+06 1.75622e+06 1.7526e+06 1.75186e+06 1.74727e+06 1.74295e+06 1.73201e+06 1.72783e+06 1.72406e+06 1.72051e+06 1.71606e+06 1.71581e+06 1.71134e+06 1.70054e+06 1.69573e+06 1.69133e+06 1.68669e+06 1.68546e+06 1.67996e+06 1.67461e+06 1.6616e+06 1.65618e+06 1.65124e+06 1.64654e+06 1.6459e+06 1.64077e+06 1.63513e+06 1.6225e+06 1.61703e+06 1.61208e+06 1.61179e+06 1.60607e+06 1.60451e+06 1.5931e+06 1.5791e+06 1.5737e+06 1.57511e+06 1.56374e+06 1.55866e+06 1.55426e+06 1.55038e+06 1.54684e+06 1.54846e+06 1.54484e+06 1.54027e+06 1.52722e+06 1.52175e+06 1.51648e+06 1.51e+06 1.50205e+06 1.49467e+06 1.4881e+06 1.48231e+06 1.48364e+06 1.47867e+06 1.47369e+06 1.45989e+06 1.45518e+06 1.45108e+06 1.45485e+06 1.44389e+06 1.44086e+06 1.4382e+06 1.43575e+06 1.43859e+06 1.43536e+06 1.43078e+06 1.41783e+06 1.41202e+06 1.41332e+06 1.40712e+06 1.39037e+06 1.38307e+06 1.37681e+06 1.38116e+06 1.36826e+06 1.3664e+06 1.36528e+06 1.36488e+06 1.37361e+06 1.37316e+06 1.38216e+06 1.37128e+06 1.35998e+06 1.36947e+06 1.36863e+06 1.36679e+06 1.35362e+06 1.35192e+06 1.36157e+06 1.35958e+06 1.34464e+06 1.34253e+06 1.34111e+06 1.35195e+06 1.33856e+06 1.33843e+06 1.33934e+06 1.35258e+06 1.34237e+06 1.34327e+06 1.34497e+06 1.34752e+06 1.34884e+06 1.34818e+06 1.34865e+06 1.35028e+06 1.35281e+06 1.35113e+06 1.35093e+06 1.35219e+06 1.35488e+06 1.35349e+06 1.35087e+06 1.34953e+06 1.34951e+06 1.34845e+06 1.34411e+06 1.34151e+06 1.34074e+06 1.34176e+06 1.33949e+06 1.33844e+06 1.33889e+06 1.34087e+06 1.34066e+06 1.33893e+06 1.33833e+06 1.33883e+06 1.34318e+06 1.33547e+06 1.33302e+06 1.33135e+06 1.33613e+06 1.3254e+06 1.32088e+06 1.31698e+06 1.32185e+06 1.31737e+06 1.30202e+06 1.29688e+06 1.30266e+06 1.29883e+06 1.29414e+06 1.28188e+06 1.28692e+06 1.28977e+06 1.27947e+06 1.27389e+06 1.26143e+06 1.25468e+06 1.24874e+06 1.24342e+06 1.24591e+06 1.23308e+06 1.22783e+06 1.223e+06 1.22602e+06 1.22039e+06 1.20544e+06 1.19946e+06 1.20314e+06 1.19758e+06 1.19171e+06 1.17823e+06 1.1714e+06 1.16442e+06 1.15787e+06 1.15998e+06 1.14552e+06 1.13912e+06 1.1331e+06 1.13529e+06 1.12974e+06 1.12459e+06 1.1133e+06 1.10531e+06 1.09485e+06 1.08454e+06 1.07471e+06 1.06814e+06 1.06263e+06 1.05715e+06 1.06152e+06 1.05645e+06 1.05269e+06 1.0426e+06 1.03798e+06 1.03258e+06 1.02754e+06 1.02268e+06 1.02601e+06 1.01053e+06 1.00441e+06 1.00752e+06 1.01008e+06 993885 986742 969202 960576 952048 954662 947634 942068 928986 922312 915236 908563 910940 904418 897404 881726 873558 865219 857102 860537 854612 841927 837207 831300 825263 819682 824007 818851 813531 799317 792038 785086 778395 783662 779324 775034 763524 758993 754464 750085 743795 737550 731642 734655 720087 713895 707642 701542 695506 689728 693897 690243 678962 673929 667699 661748 655982 650800 645630 640640 644243 630642 625291 619667 613805 608061 602564 597628 592680 596240 591101 578002 572861 567603 562276 557062 551669 546441 541263 545569 542059 538484 527234 521913 516654 511792 508087 504337 500419 495147 489977 485165 489917 485974 474491 470473 466315 462232 458026 453825 449572 445295 440727 436338 440605 437344 434040 430718 426559 414799 410267 406624 403023 399438 395595 391743 387824 384537 381530 378485 374751 370522 366337 370418 367411 364399 361239 358193 355044 351944 341549 337298 333048 329483 325846 322255 318516 314823 311059 307871 304699 301539 298255 294995 291666 288692 285816 282959 280001 277059 274059 271257 268578 265919 263223 260600 257923 255245 252432 249658 246876 244301 241665 239060 236430 233829 231181 228791 226346 223928 221511 219123 216679 214444 212186 209954 207753 205594 203385 201162 198869 196593 194368 192233 190052 187899 185698 183517 181375 179371 177328 175312 173249 171206 169165 167283 165367 163480 161556 159647 157697 155853 153975 152123 150502 148922 152216 150500 148735 147007 145596 144267 142930 139932 138550 137036 135478 133964 132333 130699 129060 127389 125674 124053 122374 120709 119101 121823 120257 118942 117626 116374 113677 112357 110838 109356 107802 106163 104621 103219 101747 100217 102006 100377 106583 147480 196370 260420 465427 659915 850203 876358 880389 883489 885754 883415 881537 887377 894707 901875 908536 913357 917980 922205 925055 928552 931101 932297 934205 936034 936943 936937 936640 935914 934718 934157 931829 929885 928031 926328 925431 924914 924558 924710 925293 925881 925458 926111 926827 927581 928087 928237 931026 928430 928546 928440 927956 927021 926484 926365 925095 923804 922341 919705 918827 918201 917682 915453 913452 911926 910313 909686 909050 907942 905261 902097 899567 895706 892805 890104 886567 880441 874862 869178 861597 855403 849250 842579 833811 825631 817286 808363 800498 792949 784755 776191 767372 758791 750116 742549 735232 728045 721221 714939 708994 703819 697999 693416 689990 686983 684308 681793 679498 677579 675796 674208 672879 671434 670292 669655 669174 668843 668514 668451 668314 668349 668402 668499 668817 669030 669283 669441 669710 670101 670337 670343 670481 670589 670793 670635 670472 670240 669933 669575 669087 668630 667850 667044 666457 665770 664905 663778 662953 662421 661678 660636 659990 659425 659255 658454 658047 657678 657665 656901 656446 656017 655601 655171 654649 654115 653551 652964 652165 651367 650543 649721 648756 647729 646658 645578 644422 643175 641846 640476 639022 637417 635767 634129 632450 630769 629030 627301 625523 624124 621862 620069 618257 616904 614409 612408 610388 608979 606904 604205 602070 600555 598372 596097 593077 591594 589960 587214 584922 582078 579277 576560 573837 571988 568015 565092 562210 560586 557667 553692 550833 549237 546550 543931 540426 537569 534670 531893 530236 526286 523485 520853 519742 517308 514882 511513 509186 507071 505079 503276 501702 500075 498509 497478 496252 494988 493047 491192 488400 485014 480925 473747 443088 416550 382624 344329 319966 297015 279518 275295 272702 274312 276017 277617 276255 278421 281039 283810 289946 292238 294488 294508 297073 299861 302899 308800 311739 312527 315535 318685 322085 325621 332043 335068 338271 340390 343161 345921 348799 353360 355148 357056 357456 359867 362462 365154 366777 367908 368858 370657 370708 371680 372881 374110 375435 376813 379926 381092 380455 382186 384395 386515 388534 390243 392018 393800 396531 396683 397936 399373 400920 402466 403922 405208 406555 408947 409930 410141 411084 412262 413464 414640 415679 416660 417674 419379 420089 420816 420985 421835 422688 423483 424071 424671 425303 426054 426766 427406 428101 428336 428193 428408 428618 428824 428932 428898 428847 428819 428860 428861 428774 428273 427721 427204 426839 426287 425990 425492 424946 424404 423829 423245 422639 421850 420916 419995 419236 418646 417987 416558 415222 413969 412728 411415 410078 408779 406054 404075 402047 400264 398457 396684 395096 393557 391997 390430 388830 387257 385689 384160 382608 381001 379324 377674 376012 374391 372742 371039 369209 367409 365602 363867 362105 360314 358346 356408 354435 352490 350512 348593 346843 345121 343350 341207 
        </DataArray>
        <DataArray type="Float64" Name="Temperature" format="ascii">
841.961 840.524 839.449 838.415 837.372 835.952 834.461 833.004 831.876 830.861 829.834 828.545 827.126 825.741 824.501 823.383 822.254 821.075 819.817 818.585 817.377 816.243 815.098 813.933 812.671 811.427 810.192 809.064 807.92 806.781 805.542 804.317 803.078 801.983 800.872 799.78 798.615 797.462 793.901 792.905 791.871 790.849 789.899 788.964 787.988 786.901 785.802 784.734 783.683 782.688 781.702 780.738 779.747 778.789 777.871 777.086 776.322 775.588 774.772 773.621 772.771 771.964 771.163 770.421 769.127 768.355 767.597 766.777 765.917 765.082 764.418 763.932 763.486 763.038 762.501 761.955 761.053 760.43 759.814 759.239 758.873 758.538 758.225 758.025 757.863 757.735 758.038 758.003 758.016 757.604 757.829 758.09 758.439 758.926 759.44 759.987 761.175 762.883 764.174 765.264 766.979 768.702 770.463 772.193 773.964 775.748 777.676 779.884 781.48 783.308 785.205 787.113 788.913 790.664 792.476 794.222 795.907 797.601 798.75 799.966 801.187 802.371 802.904 803.295 804.045 803.545 803.104 802.718 802.408 802.255 802.094 801.931 801.271 800.783 800.289 799.45 798.98 798.58 798.232 797.921 797.546 797.346 797.167 797.556 798.066 798.71 799.537 800.465 801.518 802.511 803.879 805.283 806.725 808.166 809.563 810.967 812.132 813.568 815.061 816.484 817.874 819.154 820.502 821.731 823.109 824.467 825.897 827.152 828.555 829.675 830.798 832.029 833.456 834.469 835.544 836.561 837.554 838.417 839.31 840.043 840.733 841.405 842.151 842.906 843.775 844.813 845.891 846.974 848.139 849.369 850.626 851.955 853.346 854.729 856.129 857.533 858.895 860.226 861.553 862.819 864.053 865.255 866.472 867.647 868.804 869.932 871.069 872.175 873.276 874.338 875.441 876.473 877.603 878.739 879.92 881.382 882.812 884.418 886.198 888.112 890.221 892.36 897.153 905.579 916.546 928.174 951.544 989.676 1025.28 1061.15 1088.46 1110.9 1123.03 1131.57 1136.08 1137.06 1136.14 1134.95 1133.45 1132.23 1132.24 1132.63 1133.43 1134.83 1138.78 1143.38 1148.77 1154.78 1148.49 1151.95 1155.32 1158.41 1158.4 1162.06 1164.65 1166.1 1166.45 1166.66 1166.94 1167.21 1167.49 1167.86 1167.81 1167.23 1166.11 1164.32 1160.9 1157.86 1154.76 1152.9 1152.93 1153.92 1155.22 1155.35 1153.83 1150.17 1138.17 1115.25 1026.97 773.445 532.212 437.182 375.212 357.508 360.385 358.533 361.011 362.928 364.347 369.441 368.321 370.261 371.591 375.145 377.248 376.528 378.293 381.8 382.943 384.817 381.488 384.34 386.879 388.666 393.846 392.279 394.911 396.834 400.417 402.068 404.077 401.133 403.59 406.056 407.883 409.013 411.35 414.046 416.093 419.505 421.124 423.341 420.276 423.049 426.007 428.243 429.834 435.106 434.61 436.83 440.761 446.538 443.641 445.556 443.849 446.642 448.9 452.789 454.38 456.257 453.837 456.312 458.756 460.635 464.384 466.385 468.555 466.136 468.769 471.216 473.174 477.244 479.132 477.161 479.098 481.443 483.618 485.346 489.13 491.1 493.101 491.08 493.779 496.065 497.941 501.357 503.496 505.572 502.575 505.135 507.576 509.819 512.493 514.871 516.875 523.494 520.762 523.115 525.454 528.67 531.776 534.67 538.547 538.913 538.732 539.583 540.831 547.309 548.908 550.41 551.916 553.553 555.258 556.792 558.256 559.56 560.789 568.545 570.245 556.724 556.626 561.364 563.458 561.03 563.349 565.608 567.753 569.709 571.907 573.907 575.622 579.662 581.466 583.23 580.401 582.533 584.628 586.652 588.844 590.851 592.741 594.705 596.425 597.83 601.884 603.446 600.628 602.44 604.45 606.377 608.423 610.507 612.495 614.378 616.258 617.908 621.313 622.771 624.306 625.845 627.704 624.907 626.819 628.833 630.869 632.834 634.894 636.892 638.851 640.729 642.573 644.307 646.082 647.794 649.376 652.545 653.878 655.193 656.583 658.26 659.964 661.614 658.989 660.451 661.947 663.626 665.323 666.983 668.747 670.472 672.207 673.829 675.458 677.055 678.792 680.529 682.278 683.949 685.622 687.262 689.026 690.828 692.645 694.395 696.139 697.847 699.625 701.441 703.269 705.008 706.663 708.279 709.912 711.518 713.144 714.752 716.496 718.2 719.921 721.554 723.204 724.819 726.592 728.334 730.096 731.77 733.453 735.097 736.865 738.629 740.418 742.031 743.605 745.149 746.693 748.188 749.694 751.278 752.985 754.661 756.305 757.84 759.384 761.001 762.849 764.663 766.474 768.162 769.857 771.575 773.678 775.746 777.84 779.818 781.825 783.795 786.227 788.674 794.189 795.819 797.492 799.126 800.815 802.432 804.056 802.4 804.691 807.01 809.049 810.711 812.364 814.151 816.25 818.324 820.359 822.155 823.967 825.796 828.017 833.17 835.115 836.474 837.832 839.161 837.208 838.751 840.34 841.913 843.526 845.127 846.645 848.063 849.522 850.916 855.312 856.634 854.514 856.261 858.147 860.08 861.545 862.956 864.36 866.281 868.387 870.542 874.531 875.738 876.936 875.412 877.108 878.814 880.614 882.49 884.428 886.353 888.025 892.287 893.927 892.611 894.016 895.415 897.1 898.958 900.87 902.667 904.274 908.551 907.296 908.764 910.292 911.829 913.752 915.818 918.005 919.692 922.935 924.045 922.868 924.493 926.187 927.895 929.891 931.911 936.565 935.858 937.921 940.071 942.202 943.646 945.139 946.633 949.737 950.937 952.135 950.697 952.38 954.122 955.944 959.76 961.148 962.439 961.115 962.379 963.764 965.121 966.189 969.216 970.637 969.722 971.643 973.612 975.566 979.551 981.289 982.801 981.929 983.34 984.841 986.222 989.118 990.219 991.709 990.925 992.792 994.688 998.825 1000.52 1004.37 1003.73 1002.98 1004.4 1007.93 1007.41 1008.96 1010.54 1012.2 1013.68 1016.41 1017.7 1019.07 1018.34 1019.62 1020.9 1022.37 1024.54 1026.84 1029.19 1031.11 1033.94 1035.21 1036.07 1035.01 1035.66 1036.38 1039.05 1038.26 1039.46 1040.75 1042.06 1045.25 1046.59 1047.94 1047.54 1048.87 1051.86 1053.2 1052.3 1053.28 1054.25 1058.16 1057.75 1060.7 1063.51 1066.27 1069.06 1070.24 1073.37 1073.14 1072.78 1076.31 1077.57 1078.68 1078.04 1079.33 1082.46 1083.79 1083.75 1085.25 1086.78 1089.7 1089.82 1091.23 1092.65 1095.28 1095.43 1096.64 1097.83 1099.03 1100.11 1101 1101.86 1102.72 1103.54 1104.32 1105.19 1106.18 1107.26 1108.37 1109.52 1110.76 1112.06 1113.35 1114.47 1115.66 1116.89 1118.18 1119.28 1120.45 1121.66 1122.95 1124.13 1125.21 1126.29 1127.4 1129.58 1129.42 1130.46 1131.57 1133.92 1133.85 1134.96 1136.17 1138.65 1139.78 1139.84 1140.99 1143.22 1144.4 1145.36 1145.48 1147.44 1149.28 1149.37 1150.19 1150.07 1150.83 1151.65 1152.57 1154.54 1154.42 1155.41 1156.54 1158.84 1159.88 1160.02 1161.08 1163.08 1164.09 1164.96 1165.11 1165.93 1166.8 1167.7 1169.45 1169.51 1170.32 1171.2 1173.08 1173.97 1174.82 1174.93 1175.86 1176.92 1178.09 1179.35 1180.38 1181.24 1182.11 1183.9 1184.69 1185.41 1185.55 1186.2 1186.87 1187.6 1188.41 1189.84 1189.85 1190.6 1192.33 1193.8 1194.14 1194.97 1195.16 1195.91 1196.72 1198.36 1199.17 1199.92 1200.14 1200.81 1201.5 1202.24 1203.88 1204.64 1205.42 1205.67 1206.36 1207.02 1207.73 1209.14 1209.81 1209.98 1210.64 1211.21 1211.81 1212.45 1213.85 1214.5 1215.17 1215.37 1215.94 1216.51 1217.11 1218.31 1218.92 1219.52 1219.75 1220.25 1220.83 1221.46 1222.12 1222.76 1223.41 1224.54 1224.71 1225.29 1225.83 1226.26 1226.74 1227.23 1228.26 1228.78 1228.78 1229.38 1230.04 1230.67 1231.27 1231.79 1232.34 1232.91 1233.95 1234.04 1234.58 1235.2 1235.85 1236.47 1237.05 1237.58 1238.14 1239.11 1239.67 1239.85 1240.4 1241.02 1241.63 1242.22 1242.76 1243.28 1243.81 1244.62 1245.17 1245.72 1245.9 1246.5 1247.09 1247.65 1248.17 1248.66 1249.16 1249.67 1250.18 1250.68 1251.45 1251.95 1252.12 1252.61 1253.09 1253.56 1254.04 1254.53 1255.01 1255.47 1255.89 1256.29 1256.89 1257.3 1257.73 1258.15 1258.59 1258.68 1259.13 1259.53 1259.93 1260.33 1260.74 1261.14 1261.55 1261.91 1262.26 1262.6 1262.96 1263.31 1263.66 1264.14 1264.47 1264.8 1265.14 1265.46 1265.78 1266.09 1265.98 1266.27 1266.56 1266.83 1267.09 1267.36 1267.62 1267.87 1268.13 1268.35 1268.56 1268.77 1268.96 1269.14 1269.33 1269.48 1269.63 1269.77 1269.9 1270 1270.1 1270.19 1270.27 1270.36 1270.42 1270.47 1270.51 1270.53 1270.53 1270.53 1270.51 1270.43 1270.36 1270.28 1270.18 1270.08 1269.98 1269.83 1269.68 1269.53 1269.36 1269.18 1269 1268.82 1268.64 1268.46 1268.27 1268.07 1267.86 1267.66 1267.45 1267.24 1267.03 1266.81 1266.59 1266.34 1266.05 1265.76 1265.47 1265.19 1264.91 1264.6 1264.24 1263.89 1263.54 1263.2 1262.85 1262.49 1262.07 1261.66 1261.24 1260.85 1260.45 1260.06 1259.62 1259.18 1259 1258.54 1258.06 1257.6 1257.13 1256.68 1256.22 1255.56 1255.04 1254.53 1254.02 1253.53 1253.04 1252.51 1251.92 1251.34 1250.75 1250.21 1249.66 1249.11 1248.47 1248.06 1247.42 1246.8 1246.17 1245.57 1244.51 1243.93 1243.35 1242.68 1241.95 1241.22 1240.55 1239.94 1239.33 1238.69 1238.22 1237.52 1236.28 1235.52 1234.76 1234.02 1233.33 1232.69 1232.08 1231.35 1230.58 1229.81 1229.51 1228.83 1228.15 1226.83 1226.12 1225.46 1224.78 1223.98 1223.17 1222.37 1221.7 1221.47 1220.8 1219.45 1218.69 1217.96 1217.18 1216.35 1215.5 1214.72 1214.08 1214 1212.65 1211.85 1211.06 1210.32 1209.49 1208.63 1207.75 1206.98 1207.07 1206.44 1204.95 1204.26 1203.61 1203.03 1202.45 1201.9 1201.89 1200.48 1199.59 1198.7 1197.73 1196.66 1195.69 1194.83 1194.44 1193.55 1192.72 1190.89 1190.1 1189.38 1188.68 1188.54 1187.65 1186.81 1184.69 1183.87 1183.14 1182.45 1181.57 1181.51 1180.63 1178.5 1177.54 1176.66 1175.74 1175.48 1174.38 1173.31 1170.7 1169.6 1168.6 1167.65 1167.5 1166.46 1165.3 1162.73 1161.6 1160.58 1160.5 1159.32 1158.97 1156.62 1153.72 1152.59 1152.85 1150.48 1149.4 1148.47 1147.64 1146.89 1147.21 1146.43 1145.46 1142.68 1141.51 1140.38 1138.98 1137.25 1135.65 1134.23 1132.97 1133.24 1132.16 1131.06 1128.03 1126.99 1126.08 1126.9 1124.46 1123.78 1123.19 1122.63 1123.26 1122.53 1121.49 1118.58 1117.27 1117.56 1116.16 1112.35 1110.68 1109.25 1110.25 1107.28 1106.84 1106.58 1106.48 1108.5 1108.39 1110.47 1107.94 1105.32 1107.53 1107.34 1106.91 1103.84 1103.45 1105.69 1105.23 1101.74 1101.25 1100.92 1103.46 1100.31 1100.28 1100.49 1103.59 1101.2 1101.4 1101.8 1102.4 1102.71 1102.54 1102.65 1103.03 1103.63 1103.22 1103.16 1103.45 1104.08 1103.74 1103.12 1102.8 1102.8 1102.54 1101.51 1100.89 1100.7 1100.94 1100.39 1100.13 1100.22 1100.68 1100.62 1100.2 1100.05 1100.15 1101.16 1099.34 1098.76 1098.36 1099.47 1096.93 1095.85 1094.92 1096.06 1094.99 1091.32 1090.09 1091.46 1090.54 1089.4 1086.44 1087.64 1088.36 1085.82 1084.46 1081.41 1079.74 1078.27 1076.95 1077.57 1074.37 1073.05 1071.84 1072.6 1071.18 1067.4 1065.89 1066.82 1065.4 1063.9 1060.45 1058.67 1056.85 1055.15 1055.69 1051.9 1050.21 1048.62 1049.19 1047.72 1046.34 1043.32 1041.15 1038.3 1035.49 1032.82 1030.98 1029.44 1027.92 1029.13 1027.75 1026.73 1023.85 1022.55 1021.02 1019.59 1018.21 1019.17 1014.7 1012.94 1013.86 1014.63 1009.9 1007.82 1002.63 1000.05 997.506 998.307 996.205 994.518 990.533 988.478 986.288 984.226 984.974 982.948 980.748 975.821 973.205 970.517 967.909 969.04 967.129 962.983 961.441 959.478 957.468 955.617 957.076 955.352 953.568 948.79 946.279 943.888 941.597 943.449 941.943 940.454 936.446 934.847 933.253 931.714 929.46 927.223 925.117 926.238 920.922 918.665 916.381 914.095 911.842 909.694 911.283 909.902 905.632 903.704 901.305 899.019 896.795 894.748 892.716 890.764 892.185 886.752 884.611 882.32 879.919 877.575 875.308 873.24 871.175 872.678 870.508 864.955 862.768 860.476 858.159 855.899 853.504 851.172 848.873 850.811 849.223 847.613 842.534 840.082 837.666 835.432 833.679 831.913 830.076 827.547 825.073 822.782 825.046 823.127 817.576 815.582 813.505 811.471 809.359 807.223 805.067 802.884 800.504 798.227 800.441 798.728 796.993 795.255 793.048 786.812 784.387 782.378 780.386 778.41 776.259 774.095 771.9 770.034 768.306 766.562 764.399 761.925 759.484 761.832 760.042 758.255 756.386 754.552 752.66 750.801 744.515 741.89 739.267 736.981 734.654 732.363 729.922 727.51 725.058 722.926 720.795 718.678 716.439 714.205 711.928 709.859 707.84 705.836 703.736 701.626 699.477 697.449 695.483 693.535 691.543 689.579 687.576 685.562 683.419 681.306 679.176 677.159 675.096 673.054 670.958 668.886 666.774 664.8 662.781 660.786 658.74 656.716 654.646 652.713 650.754 648.818 646.876 644.962 643.004 641.003 638.925 636.861 634.817 632.838 630.814 628.793 626.707 624.637 622.582 620.631 618.639 616.66 614.611 612.578 610.531 608.604 606.637 604.69 602.681 600.681 598.629 596.661 594.649 592.659 590.868 589.111 592.224 590.345 588.406 586.501 584.92 583.423 581.908 578.545 576.879 575.063 573.178 571.324 569.328 567.319 565.288 563.216 561.079 559.036 556.915 554.805 552.739 555.941 553.934 552.231 550.517 548.875 545.315 543.485 541.388 539.313 537.121 534.81 532.616 530.603 528.489 526.266 528.593 526.21 541.673 627.663 726.729 838.237 990.284 1129.11 1259.11 1276.38 1277.96 1277.92 1285.25 1286.39 1285.35 1283.87 1290.8 1297.95 1308.29 1325.78 1343.52 1361.22 1386.19 1414.31 1434.98 1439.23 1445.54 1452.5 1454.48 1452.91 1452.17 1450.68 1446.47 1428.61 1436 1432.37 1429.67 1427.98 1429.5 1431.69 1433.85 1435.55 1429.2 1430.5 1430.88 1427.64 1424.97 1422.95 1420.64 1418.22 1414.12 1414.82 1415.19 1415.35 1415.31 1415.3 1415.4 1415.62 1416.15 1416.23 1416.15 1415.27 1415.34 1415.46 1415.58 1414.92 1414.2 1413.62 1412.91 1412.63 1412.35 1411.87 1410.64 1409.1 1407.7 1405.69 1403.75 1401.89 1399.57 1395.51 1392.15 1389.54 1386.7 1384.93 1383.36 1382.62 1384.75 1385.21 1384.37 1380.95 1377.13 1372.65 1365.63 1356.93 1347.63 1341.12 1335.4 1330.74 1326.2 1322.42 1318.9 1315.53 1312.18 1306.45 1293.98 1285.4 1270.85 1249.84 1233.72 1219.43 1209.08 1204.85 1201.11 1197.98 1195.66 1194 1192.01 1189.84 1186.05 1182.93 1179.51 1176.93 1171.67 1167.43 1162.98 1158.46 1155.23 1150.45 1145.64 1139.33 1134.64 1131.8 1127.17 1121.25 1117.33 1113.48 1111.43 1106.24 1102.79 1099.33 1095.75 1093.58 1089.88 1088.01 1082.97 1078.41 1076.45 1073.17 1070.48 1067.23 1065.06 1063.95 1062.28 1061.08 1060.34 1059.72 1059.55 1059.04 1058.85 1058.68 1058.76 1058.53 1058.54 1058.54 1058.54 1058.45 1058.2 1057.86 1057.42 1056.89 1055.93 1054.91 1053.78 1052.59 1051.37 1050.15 1048.87 1047.55 1046.22 1044.99 1043.68 1042.32 1040.87 1039.47 1037.99 1036.45 1034.82 1033.24 1031.63 1029.96 1028.19 1027.03 1024.56 1022.75 1020.85 1019.57 1016.91 1014.94 1012.93 1011.6 1009.54 1006.96 1004.98 1003.66 1001.71 999.828 997.387 996.204 994.821 992.844 991.155 989.151 987.372 985.658 983.95 982.701 980.388 978.63 976.922 975.857 974.08 971.85 970.155 969.132 967.483 965.789 963.884 962.094 960.294 958.597 957.319 955.166 953.42 951.849 951.103 949.534 947.9 946.211 944.771 943.512 942.383 941.422 940.426 939.358 938.462 937.809 937.101 936.083 935.214 933.936 932.155 930.092 927.678 922.967 905.736 889.69 867.285 839.354 821.65 803.461 789.893 786.299 784.144 785.473 786.788 787.909 787.201 788.816 790.831 793.048 797.868 799.482 801.08 801.586 803.449 805.534 807.906 812.239 814.221 815.502 817.578 819.751 822.2 824.882 829.342 831.213 833.281 835.809 837.555 839.481 841.688 844.845 845.702 846.743 848.767 850.088 851.67 853.46 854.589 855.551 856.585 857.055 857.921 858.404 859.16 859.982 860.991 862.151 863.58 864.07 865.282 866.129 867.33 868.593 869.87 870.947 872.184 873.539 873.85 875.516 876.093 876.799 877.631 878.561 879.457 880.249 881.176 881.669 882.165 883.567 884.015 884.569 885.237 885.995 886.694 887.406 888.217 888.743 889.035 889.396 890.927 891.264 891.673 892.11 892.414 892.81 893.31 893.885 894.499 895.129 894.794 894.888 896.383 896.405 896.421 896.479 896.501 896.463 896.469 896.52 896.624 896.772 896.477 896.263 895.995 895.734 895.552 896.969 896.851 896.561 896.232 895.905 895.52 895.124 894.727 894.21 893.616 893.063 892.622 892.325 892.055 890.577 889.823 889.096 888.359 887.606 886.822 886.046 886.492 885.366 884.198 883.142 882.061 880.991 880.01 879.053 878.079 877.068 876.027 875 873.956 872.931 871.89 870.796 869.647 868.522 867.383 866.267 865.139 863.966 862.698 861.457 860.211 859.007 857.794 856.559 855.186 853.843 852.48 851.129 849.764 848.446 847.248 846.077 844.88 843.429 
        </DataArray>
        <DataArray type="Float64" Name="Tau1" format="ascii">
0 0 0 0 0 0 0 0 0 0 0 0 0 0 0 0 0 0 0 0 0 0 0 0 0 0 0 0 0 0 0 0 0 0 0 0 0 0 0 0 0 0 0 0 0 0 0 0 0 0 0 0 0 0 0 0 0 0 0 0 0 0 0 0 0 0 0 0 0 0 0 0 0 0 0 0 0 0 0 0 0 0 0 0 0 0 0 0 0 0 0 0 0 0 0 0 0 0 0 0 0 0 0 0 0 0 0 0 0 0 0 0 0 0 0 0 0 0 0 0 0 0 0 0 0 0 0 0 0 0 0 0 0 0 0 0 0 0 0 0 0 0 0 0 0 0 0 0 0 0 0 0 0 0 0 0 0 0 0 0 0 0 0 0 0 0 0 0 0 0 0 0 0 0 0 0 0 0 0 0 0 0 0 0 0 0 0 0 0 0 0 0 0 0 0 0 0 0 0 0 0 0 0 0 0 0 0 0 0 0 0 0 0 0 0 0 0 0 0 0 0 0 0 0 0 0 0 0 0 0 0 0 0 0 0 0 0 0 0 0 0 0 0 0 0 0 0 0 0 0 0 0 0 0 0 0 0 0 0 0 0 0 0 0 0 0 0 0 0 0 0 0 0 0 0 0 0 0 0 0 0 0 0 0 0 0 0 0 0 0 0 0 0 0 0 0 0 0 0 0 0 0 0 0 0 0 0 0 0 0 0 0 0 0 0 0 0 0 0 0 0 0 0 0 0 0 0 0 0 0 0 0 0 0 0 0 0 0 0 0 0 0 0 0 0 0 0 0 0 0 0 0 0 0 0 0 0 0 0 0 0 0 0 0 0 0 0 0 0 0 0 0 0 0 0 0 0 0 0 0 0 0 0 0 0 0 0 0 0 0 0 0 0 0 0 0 0 0 0 0 0 0 0 0 0 0 0 0 0 0 0 0 0 0 0 0 0 0 0 0 0 0 0 0 0 0 0 0 0 0 0 0 0 0 0 0 0 0 0 0 0 0 0 0 0 0 0 0 0 0 0 0 0 0 0 0 0 0 0 0 0 0 0 0 0 0 0 0 0 0 0 0 0 0 0 0 0 0 0 0 0 0 0 0 0 0 0 0 0 0 0 0 0 0 0 0 0 0 0 0 0 0 0 0 0 0 0 0 0 0 0 0 0 0 0 0 0 0 0 0 0 0 0 0 0 0 0 0 0 0 0 0 0 0 0 0 0 0 0 0 0 0 0 0 0 0 0 0 0 0 0 0 0 0 0 0 0 0 0 0 0 0 0 0 0 0 0 0 0 0 0 0 0 0 0 0 0 0 0 0 0 0 0 0 0 0 0 0 0 0 0 0 0 0 0 0 0 0 0 0 0 0 0 0 0 0 0 0 0 0 0 0 0 0 0 0 0 0 0 0 0 0 0 0 0 0 0 0 0 0 0 0 0 0 0 0 0 0 0 0 0 0 0 0 0 0 0 0 0 0 0 0 0 0 0 0 0 0 0 0 0 0 0 0 0 0 0 0 0 0 0 0 0 0 0 0 0 0 0 0 0 0 0 0 0 0 0 0 0 0 0 0 0 0 0 0 0 0 0 0 0 0 0 0 0 0 0 0 0 0 0 0 0 0 0 0 0 0 0 0 0 0 0 0 0 0 0 0 0 0 0 0 0 0 0 0 0 0 0 0 0 0 0 0 0 0 0 0 0 0 0 0 0 0 0 0 0 0 0 0 0 0 0 0 0 0 0 0 0 0 0 0 0 0 0 0 0 0 0 0 0 0 0 0 0 0 0 0 0 0 0 0 0 0 0 0 0 0 0 0 0 0 0 0 0 0 0 0 0 0 0 0 0 0 0 0 0 0 0 0 0 0 0 0 0 0 0 0 0 0 0 0 0 0 0 0 0 0 0 0 0 0 0 0 0 0 0 0 0 0 0 0 0 0 0 0 0 0 0 0 0 0 0 0 0 0 0 0 0 0 0 0 0 0 0 0 0 0 0 0 0 0 0 0 0 0 0 0 0 0 0 0 0 0 0 0 0 0 0 0 0 0 0 0 0 0 0 0 0 0 0 0 0 0 0 0 0 0 0 0 0 0 0 0 0 0 0 0 0 0 0 0 0 0 0 0 0 0 0 0 0 0 0 0 0 0 0 0 0 0 0 0 0 0 0 0 0 0 0 0 0 0 0 0 0 0 0 0 0 0 0 0 0 0 0 0 0 0 0 0 0 0 0 0 0 0 0 0 0 0 0 0 0 0 0 0 0 0 0 0 0 0 0 0 0 0 0 0 0 0 0 0 0 0 0 0 0 0 0 0 0 0 0 0 0 0 0 0 0 0 0 0 0 0 0 0 0 0 0 0 0 0 0 0 0 0 0 0 0 0 0 0 0 0 0 0 0 0 0 0 0 0 0 0 0 0 0 0 0 0 0 0 0 0 0 0 0 0 0 0 0 0 0 0 0 0 0 0 0 0 0 0 0 0 0 0 0 0 0 0 0 0 0 0 0 0 0 0 0 0 0 0 0 0 0 0 0 0 0 0 0 0 0 0 0 0 0 0 0 0 0 0 0 0 0 0 0 0 0 0 0 0 0 0 0 0 0 0 0 0 0 0 0 0 0 0 0 0 0 0 0 0 0 0 0 0 0 0 0 0 0 0 0 0 0 0 0 0 0 0 0 0 0 0 0 0 0 0 0 0 0 0 0 0 0 0 0 0 0 0 0 0 0 0 0 0 0 0 0 0 0 0 0 0 0 0 0 0 0 0 0 0 0 0 0 0 0 0 0 0 0 0 0 0 0 0 0 0 0 0 0 0 0 0 0 0 0 0 0 0 0 0 0 0 0 0 0 0 0 0 0 0 0 0 0 0 0 0 0 0 0 0 0 0 0 0 0 0 0 0 0 0 0 0 0 0 0 0 0 0 0 0 0 0 0 0 0 0 0 0 0 0 0 0 0 0 0 0 0 0 0 0 0 0 0 0 0 0 0 0 0 0 0 0 0 0 0 0 0 0 0 0 0 0 0 0 0 0 0 0 0 0 0 0 0 0 0 0 0 0 0 0 0 0 0 0 0 0 0 0 0 0 0 0 0 0 0 0 0 0 0 0 0 0 0 0 0 0 0 0 0 0 0 0 0 0 0 0 0 0 0 0 0 0 0 0 0 0 0 0 0 0 0 0 0 0 0 0 0 0 0 0 0 0 0 0 0 0 0 0 0 0 0 0 0 0 0 0 0 0 0 0 0 0 0 0 0 0 0 0 0 0 0 0 0 0 0 0 0 0 0 0 0 0 0 0 0 0 0 0 0 0 0 0 0 0 0 0 0 0 0 0 0 0 0 0 0 0 0 0 0 0 0 0 0 0 0 0 0 0 0 0 0 0 0 0 0 0 0 0 0 0 0 0 0 0 0 0 0 0 0 0 0 0 0 0 0 0 0 0 0 0 0 0 0 0 0 0 0 0 0 0 0 0 0 0 0 0 0 0 0 0 0 0 0 0 0 0 0 0 0 0 0 0 0 0 0 0 0 0 0 0 0 0 0 0 0 0 0 0 0 0 0 0 0 0 0 0 0 0 0 0 0 0 0 0 0 0 0 0 0 0 0 0 0 0 0 0 0 0 0 0 0 0 0 0 0 0 0 0 0 0 0 0 0 0 0 0 0 0 0 0 0 0 0 0 0 0 0 0 0 0 0 0 0 0 0 0 0 0 0 0 0 0 0 0 0 0 0 0 0 0 0 0 0 0 0 0 0 0 0 0 0 0 0 0 0 0 0 0 0 0 0 0 0 0 0 0 0 0 0 0 0 0 0 0 0 0 0 0 0 0 0 0 0 0 0 0 0 0 0 0 0 0 0 0 0 0 0 0 0 0 0 0 0 0 0 0 0 0 0 0 0 0 0 0 0 0 0 0 0 0 0 0 0 0 0 0 0 0 0 0 0 0 0 0 0 0 0 0 0 0 0 0 0 0 0 0 0 0 0 0 0 0 0 0 0 0 0 0 0 0 0 0 0 0 0 0 0 0 0 0 0 0 0 0 0 0 0 0 0 0 0 0 0 0 0 0 0 0 0 0 0 0 0 0 0 0 0 0 0 0 0 0 0 0 0 0 0 0 0 0 0 0 0 0 0 0 0 0 0 0 0 0 0 0 0 0 0 0 0 0 0 0 0 0 0 0 0 0 0 0 0 0 0 0 0 0 0 0 0 0 0 0 0 0 0 0 0 0 0 0 0 0 0 0 0 0 0 0 0 0 0 0 0 0 0 0 0 0 0 0 0 0 0 0 0 0 0 0 0 0 0 0 0 0 0 0 0 0 0 0 0 0 0 0 0 0 0 0 0 0 0 0 0 0 0 0 0 0 0 0 0 0 0 0 0 0 0 0 0 0 0 0 0 0 0 0 0 0 0 0 0 0 0 0 0 0 0 0 0 0 0 0 0 0 0 0 0 0 0 0 0 0 0 0 0 0 0 0 0 0 0 0 0 0 0 0 0 0 0 0 0 0 0 0 0 0 0 0 
        </DataArray>
        <DataArray type="Float64" Name="Tau2" format="ascii">
0 0 0 0 0 0 0 0 0 0 0 0 0 0 0 0 0 0 0 0 0 0 0 0 0 0 0 0 0 0 0 0 0 0 0 0 0 0 0 0 0 0 0 0 0 0 0 0 0 0 0 0 0 0 0 0 0 0 0 0 0 0 0 0 0 0 0 0 0 0 0 0 0 0 0 0 0 0 0 0 0 0 0 0 0 0 0 0 0 0 0 0 0 0 0 0 0 0 0 0 0 0 0 0 0 0 0 0 0 0 0 0 0 0 0 0 0 0 0 0 0 0 0 0 0 0 0 0 0 0 0 0 0 0 0 0 0 0 0 0 0 0 0 0 0 0 0 0 0 0 0 0 0 0 0 0 0 0 0 0 0 0 0 0 0 0 0 0 0 0 0 0 0 0 0 0 0 0 0 0 0 0 0 0 0 0 0 0 0 0 0 0 0 0 0 0 0 0 0 0 0 0 0 0 0 0 0 0 0 0 0 0 0 0 0 0 0 0 0 0 0 0 0 0 0 0 0 0 0 0 0 0 0 0 0 0 0 0 0 0 0 0 0 0 0 0 0 0 0 0 0 0 0 0 0 0 0 0 0 0 0 0 0 0 0 0 0 0 0 0 0 0 0 0 0 0 0 0 0 0 0 0 0 0 0 0 0 0 0 0 0 0 0 0 0 0 0 0 0 0 0 0 0 0 0 0 0 0 0 0 0 0 0 0 0 0 0 0 0 0 0 0 0 0 0 0 0 0 0 0 0 0 0 0 0 0 0 0 0 0 0 0 0 0 0 0 0 0 0 0 0 0 0 0 0 0 0 0 0 0 0 0 0 0 0 0 0 0 0 0 0 0 0 0 0 0 0 0 0 0 0 0 0 0 0 0 0 0 0 0 0 0 0 0 0 0 0 0 0 0 0 0 0 0 0 0 0 0 0 0 0 0 0 0 0 0 0 0 0 0 0 0 0 0 0 0 0 0 0 0 0 0 0 0 0 0 0 0 0 0 0 0 0 0 0 0 0 0 0 0 0 0 0 0 0 0 0 0 0 0 0 0 0 0 0 0 0 0 0 0 0 0 0 0 0 0 0 0 0 0 0 0 0 0 0 0 0 0 0 0 0 0 0 0 0 0 0 0 0 0 0 0 0 0 0 0 0 0 0 0 0 0 0 0 0 0 0 0 0 0 0 0 0 0 0 0 0 0 0 0 0 0 0 0 0 0 0 0 0 0 0 0 0 0 0 0 0 0 0 0 0 0 0 0 0 0 0 0 0 0 0 0 0 0 0 0 0 0 0 0 0 0 0 0 0 0 0 0 0 0 0 0 0 0 0 0 0 0 0 0 0 0 0 0 0 0 0 0 0 0 0 0 0 0 0 0 0 0 0 0 0 0 0 0 0 0 0 0 0 0 0 0 0 0 0 0 0 0 0 0 0 0 0 0 0 0 0 0 0 0 0 0 0 0 0 0 0 0 0 0 0 0 0 0 0 0 0 0 0 0 0 0 0 0 0 0 0 0 0 0 0 0 0 0 0 0 0 0 0 0 0 0 0 0 0 0 0 0 0 0 0 0 0 0 0 0 0 0 0 0 0 0 0 0 0 0 0 0 0 0 0 0 0 0 0 0 0 0 0 0 0 0 0 0 0 0 0 0 0 0 0 0 0 0 0 0 0 0 0 0 0 0 0 0 0 0 0 0 0 0 0 0 0 0 0 0 0 0 0 0 0 0 0 0 0 0 0 0 0 0 0 0 0 0 0 0 0 0 0 0 0 0 0 0 0 0 0 0 0 0 0 0 0 0 0 0 0 0 0 0 0 0 0 0 0 0 0 0 0 0 0 0 0 0 0 0 0 0 0 0 0 0 0 0 0 0 0 0 0 0 0 0 0 0 0 0 0 0 0 0 0 0 0 0 0 0 0 0 0 0 0 0 0 0 0 0 0 0 0 0 0 0 0 0 0 0 0 0 0 0 0 0 0 0 0 0 0 0 0 0 0 0 0 0 0 0 0 0 0 0 0 0 0 0 0 0 0 0 0 0 0 0 0 0 0 0 0 0 0 0 0 0 0 0 0 0 0 0 0 0 0 0 0 0 0 0 0 0 0 0 0 0 0 0 0 0 0 0 0 0 0 0 0 0 0 0 0 0 0 0 0 0 0 0 0 0 0 0 0 0 0 0 0 0 0 0 0 0 0 0 0 0 0 0 0 0 0 0 0 0 0 0 0 0 0 0 0 0 0 0 0 0 0 0 0 0 0 0 0 0 0 0 0 0 0 0 0 0 0 0 0 0 0 0 0 0 0 0 0 0 0 0 0 0 0 0 0 0 0 0 0 0 0 0 0 0 0 0 0 0 0 0 0 0 0 0 0 0 0 0 0 0 0 0 0 0 0 0 0 0 0 0 0 0 0 0 0 0 0 0 0 0 0 0 0 0 0 0 0 0 0 0 0 0 0 0 0 0 0 0 0 0 0 0 0 0 0 0 0 0 0 0 0 0 0 0 0 0 0 0 0 0 0 0 0 0 0 0 0 0 0 0 0 0 0 0 0 0 0 0 0 0 0 0 0 0 0 0 0 0 0 0 0 0 0 0 0 0 0 0 0 0 0 0 0 0 0 0 0 0 0 0 0 0 0 0 0 0 0 0 0 0 0 0 0 0 0 0 0 0 0 0 0 0 0 0 0 0 0 0 0 0 0 0 0 0 0 0 0 0 0 0 0 0 0 0 0 0 0 0 0 0 0 0 0 0 0 0 0 0 0 0 0 0 0 0 0 0 0 0 0 0 0 0 0 0 0 0 0 0 0 0 0 0 0 0 0 0 0 0 0 0 0 0 0 0 0 0 0 0 0 0 0 0 0 0 0 0 0 0 0 0 0 0 0 0 0 0 0 0 0 0 0 0 0 0 0 0 0 0 0 0 0 0 0 0 0 0 0 0 0 0 0 0 0 0 0 0 0 0 0 0 0 0 0 0 0 0 0 0 0 0 0 0 0 0 0 0 0 0 0 0 0 0 0 0 0 0 0 0 0 0 0 0 0 0 0 0 0 0 0 0 0 0 0 0 0 0 0 0 0 0 0 0 0 0 0 0 0 0 0 0 0 0 0 0 0 0 0 0 0 0 0 0 0 0 0 0 0 0 0 0 0 0 0 0 0 0 0 0 0 0 0 0 0 0 0 0 0 0 0 0 0 0 0 0 0 0 0 0 0 0 0 0 0 0 0 0 0 0 0 0 0 0 0 0 0 0 0 0 0 0 0 0 0 0 0 0 0 0 0 0 0 0 0 0 0 0 0 0 0 0 0 0 0 0 0 0 0 0 0 0 0 0 0 0 0 0 0 0 0 0 0 0 0 0 0 0 0 0 0 0 0 0 0 0 0 0 0 0 0 0 0 0 0 0 0 0 0 0 0 0 0 0 0 0 0 0 0 0 0 0 0 0 0 0 0 0 0 0 0 0 0 0 0 0 0 0 0 0 0 0 0 0 0 0 0 0 0 0 0 0 0 0 0 0 0 0 0 0 0 0 0 0 0 0 0 0 0 0 0 0 0 0 0 0 0 0 0 0 0 0 0 0 0 0 0 0 0 0 0 0 0 0 0 0 0 0 0 0 0 0 0 0 0 0 0 0 0 0 0 0 0 0 0 0 0 0 0 0 0 0 0 0 0 0 0 0 0 0 0 0 0 0 0 0 0 0 0 0 0 0 0 0 0 0 0 0 0 0 0 0 0 0 0 0 0 0 0 0 0 0 0 0 0 0 0 0 0 0 0 0 0 0 0 0 0 0 0 0 0 0 0 0 0 0 0 0 0 0 0 0 0 0 0 0 0 0 0 0 0 0 0 0 0 0 0 0 0 0 0 0 0 0 0 0 0 0 0 0 0 0 0 0 0 0 0 0 0 0 0 0 0 0 0 0 0 0 0 0 0 0 0 0 0 0 0 0 0 0 0 0 0 0 0 0 0 0 0 0 0 0 0 0 0 0 0 0 0 0 0 0 0 0 0 0 0 0 0 0 0 0 0 0 0 0 0 0 0 0 0 0 0 0 0 0 0 0 0 0 0 0 0 0 0 0 0 0 0 0 0 0 0 0 0 0 0 0 0 0 0 0 0 0 0 0 0 0 0 0 0 0 0 0 0 0 0 0 0 0 0 0 0 0 0 0 0 0 0 0 0 0 0 0 0 0 0 0 0 0 0 0 0 0 0 0 0 0 0 0 0 0 0 0 0 0 0 0 0 0 0 0 0 0 0 0 0 0 0 0 0 0 0 0 0 0 0 0 0 0 0 0 0 0 0 0 0 0 0 0 0 0 0 0 0 0 0 0 0 0 0 0 0 0 0 0 0 0 0 0 0 0 0 0 0 0 0 0 0 0 0 0 0 0 0 0 0 0 0 0 0 0 0 0 0 0 0 0 0 0 0 0 0 0 0 0 0 0 0 0 0 0 0 0 0 0 0 0 0 0 0 0 0 0 0 0 0 0 0 0 0 0 0 0 0 0 0 0 0 0 
        </DataArray>
        <DataArray type="Float64" Name="dTdn" format="ascii">
0 0 0 0 0 0 0 0 0 0 0 0 0 0 0 0 0 0 0 0 0 0 0 0 0 0 0 0 0 0 0 0 0 0 0 0 0 0 0 0 0 0 0 0 0 0 0 0 0 0 0 0 0 0 0 0 0 0 0 0 0 0 0 0 0 0 0 0 0 0 0 0 0 0 0 0 0 0 0 0 0 0 0 0 0 0 0 0 0 0 0 0 0 0 0 0 0 0 0 0 0 0 0 0 0 0 0 0 0 0 0 0 0 0 0 0 0 0 0 0 0 0 0 0 0 0 0 0 0 0 0 0 0 0 0 0 0 0 0 0 0 0 0 0 0 0 0 0 0 0 0 0 0 0 0 0 0 0 0 0 0 0 0 0 0 0 0 0 0 0 0 0 0 0 0 0 0 0 0 0 0 0 0 0 0 0 0 0 0 0 0 0 0 0 0 0 0 0 0 0 0 0 0 0 0 0 0 0 0 0 0 0 0 0 0 0 0 0 0 0 0 0 0 0 0 0 0 0 0 0 0 0 0 0 0 0 0 0 0 0 0 0 0 0 0 0 0 0 0 0 0 0 0 0 0 0 0 0 0 0 0 0 0 0 0 0 0 0 0 0 0 0 0 0 0 0 0 0 0 0 0 0 0 0 0 0 0 0 0 0 0 0 0 0 0 0 0 0 0 0 0 0 0 0 0 0 0 0 0 0 0 0 0 0 0 0 0 0 0 0 0 0 0 0 0 0 0 0 0 0 0 0 0 0 0 0 0 0 0 0 0 0 0 0 0 0 0 0 0 0 0 0 0 0 0 0 0 0 0 0 0 0 0 0 0 0 0 0 0 0 0 0 0 0 0 0 0 0 0 0 0 0 0 0 0 0 0 0 0 0 0 0 0 0 0 0 0 0 0 0 0 0 0 0 0 0 0 0 0 0 0 0 0 0 0 0 0 0 0 0 0 0 0 0 0 0 0 0 0 0 0 0 0 0 0 0 0 0 0 0 0 0 0 0 0 0 0 0 0 0 0 0 0 0 0 0 0 0 0 0 0 0 0 0 0 0 0 0 0 0 0 0 0 0 0 0 0 0 0 0 0 0 0 0 0 0 0 0 0 0 0 0 0 0 0 0 0 0 0 0 0 0 0 0 0 0 0 0 0 0 0 0 0 0 0 0 0 0 0 0 0 0 0 0 0 0 0 0 0 0 0 0 0 0 0 0 0 0 0 0 0 0 0 0 0 0 0 0 0 0 0 0 0 0 0 0 0 0 0 0 0 0 0 0 0 0 0 0 0 0 0 0 0 0 0 0 0 0 0 0 0 0 0 0 0 0 0 0 0 0 0 0 0 0 0 0 0 0 0 0 0 0 0 0 0 0 0 0 0 0 0 0 0 0 0 0 0 0 0 0 0 0 0 0 0 0 0 0 0 0 0 0 0 0 0 0 0 0 0 0 0 0 0 0 0 0 0 0 0 0 0 0 0 0 0 0 0 0 0 0 0 0 0 0 0 0 0 0 0 0 0 0 0 0 0 0 0 0 0 0 0 0 0 0 0 0 0 0 0 0 0 0 0 0 0 0 0 0 0 0 0 0 0 0 0 0 0 0 0 0 0 0 0 0 0 0 0 0 0 0 0 0 0 0 0 0 0 0 0 0 0 0 0 0 0 0 0 0 0 0 0 0 0 0 0 0 0 0 0 0 0 0 0 0 0 0 0 0 0 0 0 0 0 0 0 0 0 0 0 0 0 0 0 0 0 0 0 0 0 0 0 0 0 0 0 0 0 0 0 0 0 0 0 0 0 0 0 0 0 0 0 0 0 0 0 0 0 0 0 0 0 0 0 0 0 0 0 0 0 0 0 0 0 0 0 0 0 0 0 0 0 0 0 0 0 0 0 0 0 0 0 0 0 0 0 0 0 0 0 0 0 0 0 0 0 0 0 0 0 0 0 0 0 0 0 0 0 0 0 0 0 0 0 0 0 0 0 0 0 0 0 0 0 0 0 0 0 0 0 0 0 0 0 0 0 0 0 0 0 0 0 0 0 0 0 0 0 0 0 0 0 0 0 0 0 0 0 0 0 0 0 0 0 0 0 0 0 0 0 0 0 0 0 0 0 0 0 0 0 0 0 0 0 0 0 0 0 0 0 0 0 0 0 0 0 0 0 0 0 0 0 0 0 0 0 0 0 0 0 0 0 0 0 0 0 0 0 0 0 0 0 0 0 0 0 0 0 0 0 0 0 0 0 0 0 0 0 0 0 0 0 0 0 0 0 0 0 0 0 0 0 0 0 0 0 0 0 0 0 0 0 0 0 0 0 0 0 0 0 0 0 0 0 0 0 0 0 0 0 0 0 0 0 0 0 0 0 0 0 0 0 0 0 0 0 0 0 0 0 0 0 0 0 0 0 0 0 0 0 0 0 0 0 0 0 0 0 0 0 0 0 0 0 0 0 0 0 0 0 0 0 0 0 0 0 0 0 0 0 0 0 0 0 0 0 0 0 0 0 0 0 0 0 0 0 0 0 0 0 0 0 0 0 0 0 0 0 0 0 0 0 0 0 0 0 0 0 0 0 0 0 0 0 0 0 0 0 0 0 0 0 0 0 0 0 0 0 0 0 0 0 0 0 0 0 0 0 0 0 0 0 0 0 0 0 0 0 0 0 0 0 0 0 0 0 0 0 0 0 0 0 0 0 0 0 0 0 0 0 0 0 0 0 0 0 0 0 0 0 0 0 0 0 0 0 0 0 0 0 0 0 0 0 0 0 0 0 0 0 0 0 0 0 0 0 0 0 0 0 0 0 0 0 0 0 0 0 0 0 0 0 0 0 0 0 0 0 0 0 0 0 0 0 0 0 0 0 0 0 0 0 0 0 0 0 0 0 0 0 0 0 0 0 0 0 0 0 0 0 0 0 0 0 0 0 0 0 0 0 0 0 0 0 0 0 0 0 0 0 0 0 0 0 0 0 0 0 0 0 0 0 0 0 0 0 0 0 0 0 0 0 0 0 0 0 0 0 0 0 0 0 0 0 0 0 0 0 0 0 0 0 0 0 0 0 0 0 0 0 0 0 0 0 0 0 0 0 0 0 0 0 0 0 0 0 0 0 0 0 0 0 0 0 0 0 0 0 0 0 0 0 0 0 0 0 0 0 0 0 0 0 0 0 0 0 0 0 0 0 0 0 0 0 0 0 0 0 0 0 0 0 0 0 0 0 0 0 0 0 0 0 0 0 0 0 0 0 0 0 0 0 0 0 0 0 0 0 0 0 0 0 0 0 0 0 0 0 0 0 0 0 0 0 0 0 0 0 0 0 0 0 0 0 0 0 0 0 0 0 0 0 0 0 0 0 0 0 0 0 0 0 0 0 0 0 0 0 0 0 0 0 0 0 0 0 0 0 0 0 0 0 0 0 0 0 0 0 0 0 0 0 0 0 0 0 0 0 0 0 0 0 0 0 0 0 0 0 0 0 0 0 0 0 0 0 0 0 0 0 0 0 0 0 0 0 0 0 0 0 0 0 0 0 0 0 0 0 0 0 0 0 0 0 0 0 0 0 0 0 0 0 0 0 0 0 0 0 0 0 0 0 0 0 0 0 0 0 0 0 0 0 0 0 0 0 0 0 0 0 0 0 0 0 0 0 0 0 0 0 0 0 0 0 0 0 0 0 0 0 0 0 0 0 0 0 0 0 0 0 0 0 0 0 0 0 0 0 0 0 0 0 0 0 0 0 0 0 0 0 0 0 0 0 0 0 0 0 0 0 0 0 0 0 0 0 0 0 0 0 0 0 0 0 0 0 0 0 0 0 0 0 0 0 0 0 0 0 0 0 0 0 0 0 0 0 0 0 0 0 0 0 0 0 0 0 0 0 0 0 0 0 0 0 0 0 0 0 0 0 0 0 0 0 0 0 0 0 0 0 0 0 0 0 0 0 0 0 0 0 0 0 0 0 0 0 0 0 0 0 0 0 0 0 0 0 0 0 0 0 0 0 0 0 0 0 0 0 0 0 0 0 0 0 0 0 0 0 0 0 0 0 0 0 0 0 0 0 0 0 0 0 0 0 0 0 0 0 0 0 0 0 0 0 0 0 0 0 0 0 0 0 0 0 0 0 0 0 0 0 0 0 0 0 0 0 0 0 0 0 0 0 0 0 0 0 0 0 0 0 0 0 0 0 0 0 0 0 0 0 0 0 0 0 0 0 0 0 0 0 0 0 0 0 0 0 0 0 0 0 0 0 0 0 0 0 0 0 0 0 0 0 0 0 0 0 0 0 0 0 0 0 0 0 0 0 0 0 0 0 0 0 0 0 0 0 0 0 0 0 0 0 0 0 0 0 0 0 0 0 0 0 0 0 0 0 0 0 0 0 0 0 0 0 0 0 0 0 0 0 0 0 0 0 0 0 0 0 0 0 0 0 0 0 0 0 0 0 0 0 0 0 0 0 0 0 0 0 0 0 0 0 0 0 0 0 0 0 0 0 0 0 0 0 0 0 0 0 0 0 0 
        </DataArray>
        <DataArray type="Int32" Name="Rank" format="ascii">
7 7 7 7 7 7 7 7 7 7 7 7 7 7 7 7 7 7 7 7 7 7 7 7 7 8 8 8 8 8 8 8 8 8 8 8 8 8 8 8 8 8 8 8 8 8 8 8 8 8 8 8 8 8 8 8 8 8 8 8 8 8 8 8 8 8 8 8 8 8 8 8 8 8 8 8 8 8 8 8 8 8 8 8 8 8 8 8 8 8 8 8 8 8 8 8 8 8 8 8 8 8 8 8 8 8 8 8 8 8 8 8 8 8 8 8 8 8 8 8 8 8 8 8 8 8 8 8 8 8 8 8 8 8 8 8 8 8 8 8 8 8 8 8 8 8 8 8 8 8 8 8 8 8 8 8 8 8 8 8 8 8 8 8 8 8 8 8 8 8 8 8 8 8 8 8 8 8 8 8 8 8 8 8 8 8 8 8 8 8 8 8 8 8 8 8 8 8 8 8 8 8 8 8 8 8 8 8 8 8 8 8 8 8 8 8 8 8 8 8 8 8 8 8 8 8 8 8 8 8 8 8 8 8 8 8 8 8 8 8 8 8 8 8 8 8 8 8 2 2 2 2 8 8 8 8 8 8 8 8 8 8 8 8 8 8 8 8 8 8 8 8 8 8 8 8 8 8 8 8 8 8 8 8 8 8 8 8 8 8 8 8 8 8 8 8 8 8 8 8 8 8 8 8 8 8 8 8 8 8 8 8 8 8 8 8 8 8 8 8 8 8 8 8 8 8 8 8 8 8 8 8 8 8 8 8 8 8 8 8 8 8 8 8 8 8 8 8 8 8 8 8 8 8 8 8 8 8 8 8 8 8 8 8 8 8 8 8 8 8 8 8 8 8 8 8 8 8 8 8 8 8 8 8 8 8 8 2 2 2 2 2 2 2 2 2 2 2 2 8 8 8 8 8 8 8 8 8 8 8 8 8 8 8 8 8 8 8 8 8 8 8 8 8 8 8 8 8 8 8 8 8 8 8 8 8 8 8 8 8 8 8 8 8 8 8 8 8 8 8 8 8 8 8 8 8 8 8 8 8 8 8 8 8 8 8 8 8 8 8 8 8 8 8 8 3 3 3 3 3 3 3 3 3 3 3 3 3 3 3 3 3 3 3 3 3 3 3 3 3 3 3 3 3 3 3 3 3 3 3 3 3 3 3 3 3 3 3 3 3 3 3 3 3 3 3 3 3 3 3 3 3 3 3 3 3 3 3 3 3 3 3 3 3 3 3 3 3 3 3 3 3 3 3 3 3 3 3 3 3 3 3 3 3 3 3 3 3 3 3 3 3 3 3 3 3 3 3 3 3 3 3 3 3 3 3 3 3 3 3 3 3 3 3 3 3 3 3 3 3 3 3 3 3 3 3 3 3 3 3 3 3 3 3 3 3 3 3 3 3 3 3 3 3 3 3 3 3 3 3 3 3 3 3 3 3 3 3 3 3 3 3 3 3 3 3 3 3 3 3 3 3 3 3 3 3 3 3 3 3 3 3 3 3 3 3 3 3 3 3 3 3 3 3 3 3 3 3 3 3 3 3 3 3 3 3 3 3 3 3 3 3 3 3 3 3 3 3 3 3 3 3 3 3 3 3 3 3 3 3 3 3 3 3 3 3 3 3 3 3 3 3 3 3 3 3 3 3 3 3 3 3 3 3 3 3 3 3 3 3 3 3 3 3 3 3 3 3 3 3 3 3 3 3 3 3 3 3 3 3 3 3 3 3 3 3 3 3 3 3 3 3 3 3 3 3 3 3 3 3 3 3 3 3 3 3 3 3 3 3 3 3 3 3 3 3 3 3 3 3 3 3 3 3 3 3 3 3 3 3 3 3 3 3 3 3 1 1 1 1 1 1 1 1 1 1 1 1 1 1 1 1 1 1 1 1 1 1 1 1 1 1 1 1 1 1 1 1 1 1 1 1 1 1 1 1 1 1 1 1 1 1 1 1 1 1 1 1 1 1 1 1 1 1 1 1 1 1 1 1 1 1 1 1 1 1 1 1 1 1 1 1 1 1 1 1 1 1 1 1 1 1 1 1 1 1 1 1 1 1 1 1 1 1 1 1 1 1 1 1 1 1 1 1 1 1 1 1 1 1 1 1 1 1 1 1 1 1 1 1 1 1 1 1 1 1 1 1 1 1 1 1 1 1 1 1 1 1 1 1 1 1 1 1 1 1 1 1 1 1 1 1 1 1 1 6 6 6 6 6 6 6 6 6 6 6 6 6 6 6 6 6 6 6 6 6 6 6 6 6 6 6 6 6 6 6 6 6 6 6 6 6 6 6 6 6 6 6 6 6 6 6 6 6 6 6 6 6 6 6 6 6 6 6 6 6 6 6 6 6 6 6 6 6 6 6 6 6 6 6 6 6 6 6 6 6 6 6 6 6 6 6 6 6 6 6 6 6 6 6 6 6 6 6 6 6 6 6 6 6 6 6 6 6 6 6 6 6 6 6 6 6 6 6 6 6 6 6 6 6 6 6 6 6 6 6 6 6 6 6 6 6 6 6 6 6 6 6 6 6 6 6 6 6 6 6 6 6 6 6 6 6 6 6 6 6 6 6 6 6 6 6 6 6 6 6 6 6 6 6 6 6 6 6 6 6 6 6 6 6 6 6 6 6 6 6 6 6 6 6 6 6 6 6 6 6 6 6 6 6 6 6 6 6 6 6 6 6 6 6 6 6 6 6 6 6 6 6 6 6 6 6 6 6 6 6 6 6 6 6 6 6 6 6 6 6 6 6 6 6 6 6 6 6 6 6 6 6 6 6 6 6 6 6 6 6 6 6 6 6 6 6 6 6 6 6 6 6 6 6 6 6 6 6 6 6 6 6 6 6 6 6 6 6 6 6 6 6 6 6 6 6 6 6 6 6 6 6 6 6 6 6 6 6 6 6 6 6 6 6 6 6 6 6 6 6 6 6 6 6 6 6 6 6 6 6 6 6 6 6 6 6 6 6 6 6 6 6 6 6 6 6 6 6 6 6 6 6 6 6 6 6 6 6 6 6 6 6 6 6 6 6 6 6 6 6 6 6 6 6 6 6 6 6 6 6 6 6 6 6 6 6 6 6 6 6 6 6 6 6 6 6 6 6 6 6 6 6 6 6 6 6 6 6 6 6 6 6 6 6 6 6 6 6 6 6 6 6 6 6 6 6 6 6 6 6 6 6 6 6 6 6 6 6 6 6 6 6 6 6 6 6 6 6 6 6 6 6 6 6 6 6 6 6 6 6 6 6 6 6 6 6 6 6 6 6 6 6 6 6 6 6 6 6 6 6 6 6 6 6 6 6 6 6 6 6 6 6 6 6 6 6 6 6 6 6 6 6 6 6 6 6 6 6 6 6 6 6 6 6 6 6 6 6 6 6 6 6 6 6 6 6 6 6 6 6 6 6 6 6 6 6 6 6 6 6 6 6 6 6 6 6 6 6 6 6 6 6 6 6 6 6 6 6 6 6 6 6 6 6 6 6 6 6 6 6 6 6 6 6 6 6 6 6 6 6 6 6 6 6 6 6 6 6 6 6 6 6 6 6 6 6 6 6 6 7 7 7 7 7 7 7 7 7 7 7 7 7 7 7 7 7 7 7 7 7 7 7 7 7 7 7 7 7 7 7 7 7 7 7 7 7 7 7 7 7 7 7 7 7 7 7 7 7 7 7 7 7 7 7 7 7 7 7 7 7 7 7 7 7 7 7 7 7 7 7 7 7 7 7 7 7 7 7 7 7 7 7 7 7 7 7 7 7 7 7 7 7 7 7 7 7 7 7 7 7 7 7 7 7 7 7 7 7 7 7 7 7 7 7 7 7 7 7 7 7 7 7 7 7 7 7 7 7 7 7 7 7 7 7 7 7 7 7 7 7 7 7 7 7 7 7 7 7 7 7 7 7 7 7 7 7 7 7 7 7 7 7 7 7 7 7 7 7 7 7 7 7 7 7 7 7 7 7 7 7 7 7 7 7 7 7 7 7 7 7 7 7 7 7 7 7 7 7 7 7 7 7 7 7 7 7 7 7 7 7 7 7 7 7 7 7 7 7 7 7 7 7 7 7 7 7 7 7 7 7 7 7 7 7 7 7 7 7 7 7 7 7 7 7 7 7 7 7 7 7 7 7 7 7 7 7 7 7 7 7 7 7 7 7 7 7 7 7 7 7 7 7 7 7 7 7 7 7 7 7 7 7 7 7 7 7 7 7 7 7 7 7 7 7 7 7 7 7 7 7 7 7 7 7 7 7 7 7 7 7 7 7 7 7 7 7 7 7 7 7 7 7 7 7 7 7 7 7 7 7 7 7 7 7 7 7 7 7 7 7 7 7 7 7 7 7 7 7 7 7 7 7 7 7 7 7 7 7 7 7 7 7 7 7 7 7 7 7 7 7 7 7 7 7 7 7 7 7 7 7 7 7 7 7 7 7 7 7 7 7 7 7 7 7 7 7 7 7 7 7 7 7 7 7 7 7 7 7 7 7 7 7 7 7 7 7 7 7 7 7 7 7 7 7 
        </DataArray>
        <DataArray type="Int32" Name="Level" format="ascii">
4 4 4 4 4 4 4 4 4 4 4 4 4 4 4 4 4 4 4 4 4 4 4 4 4 4 4 4 4 4 4 4 4 4 4 4 4 4 4 4 4 4 4 4 4 4 4 4 4 4 4 4 4 4 4 4 4 4 4 4 4 4 4 4 4 4 4 4 4 4 4 4 4 4 4 4 4 4 4 4 4 4 4 4 4 4 4 4 4 4 4 4 4 4 4 4 4 4 4 4 4 4 4 4 4 4 4 4 4 4 4 4 4 4 4 4 4 4 4 4 4 4 4 4 4 4 4 4 4 4 4 4 4 4 4 4 4 4 4 4 4 4 4 4 4 4 4 4 4 4 4 4 4 4 4 4 4 4 4 4 4 4 4 4 4 4 4 4 4 4 4 4 4 4 4 4 4 4 4 4 4 4 4 4 4 4 4 4 4 4 4 4 4 4 4 4 4 4 4 4 4 4 4 4 4 4 4 4 4 4 4 4 4 4 4 4 4 4 4 4 4 4 4 4 4 4 4 4 4 4 4 4 4 4 4 4 4 4 4 4 4 4 4 4 4 4 4 4 3 3 3 3 4 4 4 4 4 4 4 4 4 4 4 4 4 4 4 4 4 4 4 4 4 4 4 4 4 4 4 4 4 4 4 4 4 4 4 4 4 4 4 4 4 4 4 4 4 4 4 4 4 4 4 4 4 4 4 4 4 4 4 4 4 4 4 4 4 4 4 4 4 4 4 4 4 4 4 4 4 4 4 4 4 4 4 4 4 4 4 4 4 4 4 4 4 4 4 4 4 4 4 4 4 4 4 4 4 4 4 4 4 4 4 4 4 4 4 4 4 4 4 4 4 4 4 4 4 4 4 4 4 4 4 4 4 4 4 3 3 3 3 3 3 3 3 3 3 3 3 4 4 4 4 4 4 4 4 4 4 4 4 4 4 4 4 4 4 4 4 4 4 4 4 4 4 4 4 4 4 4 4 4 4 4 4 4 4 4 4 4 4 4 4 4 4 4 4 4 4 4 4 4 4 4 4 4 4 4 4 4 4 4 4 4 4 4 4 4 4 4 4 4 4 4 4 4 4 4 4 4 4 4 4 4 4 4 4 4 4 4 4 4 4 4 4 4 4 4 4 4 4 4 4 4 4 4 4 4 4 4 4 4 4 4 4 4 4 4 4 4 4 4 4 4 4 4 4 4 4 4 4 4 4 4 4 4 4 4 4 4 4 4 4 4 4 4 4 4 4 4 4 4 4 4 4 4 4 4 4 4 4 4 4 4 4 4 4 4 4 4 4 4 4 4 4 4 4 4 4 4 4 4 4 4 4 4 4 4 4 4 4 4 4 4 4 4 4 4 4 4 4 4 4 4 4 4 4 4 4 4 4 4 4 4 4 4 4 4 4 4 4 4 4 4 4 4 4 4 4 4 4 4 4 4 4 4 4 4 4 4 4 4 4 4 4 4 4 4 4 4 4 4 4 4 4 4 4 4 4 4 4 4 4 4 4 4 4 4 4 4 4 4 4 4 4 4 4 4 4 4 4 4 4 4 4 4 4 4 4 4 4 4 4 4 4 4 4 4 4 4 4 4 4 4 4 4 4 4 4 4 4 4 4 4 4 4 4 4 4 4 4 4 4 4 4 4 4 4 4 4 4 4 4 4 4 4 4 4 4 4 4 4 4 4 4 4 4 4 4 4 4 4 4 4 4 4 4 4 4 4 4 4 4 4 4 4 4 4 4 4 4 4 4 4 4 4 4 4 4 4 4 4 4 4 4 4 4 4 4 4 4 4 4 4 4 4 4 4 4 4 4 4 4 4 4 4 4 4 4 4 4 4 4 4 4 4 4 4 4 4 4 4 4 4 4 4 4 4 4 4 4 4 4 4 4 4 4 4 4 4 4 4 4 4 4 4 4 4 4 4 4 4 4 4 4 4 4 4 4 4 4 4 4 4 4 4 4 4 4 4 4 4 4 4 4 4 4 4 4 4 4 4 4 4 4 4 4 4 4 4 4 4 4 4 4 4 4 4 4 4 4 4 4 4 4 4 4 4 4 4 4 4 4 4 4 4 4 4 4 4 4 4 4 4 4 4 4 4 4 4 4 4 4 4 4 4 4 4 4 4 4 4 4 4 4 4 4 4 4 4 4 4 4 4 4 4 4 4 4 4 4 4 4 4 4 4 4 4 4 4 4 4 4 4 4 4 4 4 4 4 4 4 4 4 4 4 4 4 4 4 4 4 4 4 4 4 4 4 4 4 4 4 4 4 4 4 4 4 4 4 4 4 4 4 4 4 4 4 4 4 4 4 4 4 4 4 4 4 4 4 4 4 4 4 4 4 4 4 4 4 4 4 4 4 4 4 4 4 4 4 4 4 4 4 4 4 4 4 4 4 4 4 4 4 4 4 4 4 4 4 4 4 4 4 4 4 4 4 4 4 4 4 4 4 4 4 4 4 4 4 4 4 4 4 4 4 4 4 4 4 4 4 4 4 4 4 4 4 4 4 4 4 4 4 4 4 4 4 4 4 4 4 4 4 4 4 4 4 4 4 4 4 4 4 4 4 4 4 4 4 4 4 4 4 4 4 4 4 4 4 4 4 4 4 4 4 4 4 4 4 4 4 4 4 4 4 4 4 4 4 4 4 4 4 4 4 4 4 4 4 4 4 4 4 4 4 4 4 4 4 4 4 4 4 4 4 4 4 4 4 4 4 4 4 4 4 4 4 4 4 4 4 4 4 4 4 4 4 4 4 4 4 4 4 4 4 4 4 4 4 4 4 4 4 4 4 4 4 4 4 4 4 4 4 4 4 4 4 4 4 4 4 4 4 4 4 4 4 4 4 4 4 4 4 4 4 4 4 4 4 4 4 4 4 4 4 4 4 4 4 4 4 4 4 4 4 4 4 4 4 4 4 4 4 4 4 4 4 4 4 4 4 4 4 4 4 4 4 4 4 4 4 4 4 4 4 4 4 4 4 4 4 4 4 4 4 4 4 4 4 4 4 4 4 4 4 4 4 4 4 4 4 4 4 4 4 4 4 4 4 4 4 4 4 4 4 4 4 4 4 4 4 4 4 4 4 4 4 4 4 4 4 4 4 4 4 4 4 4 4 4 4 4 4 4 4 4 4 4 4 4 4 4 4 4 4 4 4 4 4 4 4 4 4 4 4 4 4 4 4 4 4 4 4 4 4 4 4 4 4 4 4 4 4 4 4 4 4 4 4 4 4 4 4 4 4 4 4 4 4 4 4 4 4 4 4 4 4 4 4 4 4 4 4 4 4 4 4 4 4 4 4 4 4 4 4 4 4 4 4 4 4 4 4 4 4 4 4 4 4 4 4 4 4 4 4 4 4 4 4 4 4 4 4 4 4 4 4 4 4 4 4 4 4 4 4 4 4 4 4 4 4 4 4 4 4 4 4 4 4 4 4 4 4 4 4 4 4 4 4 4 4 4 4 4 4 4 4 4 4 4 4 4 4 4 4 4 4 4 4 4 4 4 4 4 4 4 4 4 4 4 4 4 4 4 4 4 4 4 4 4 4 4 4 4 4 4 4 4 4 4 4 4 4 4 4 4 4 4 4 4 4 4 4 4 4 4 4 4 4 4 4 4 4 4 4 4 4 4 4 4 4 4 4 4 4 4 4 4 4 4 4 4 4 4 4 4 4 4 4 4 4 4 4 4 4 4 4 4 4 4 4 4 4 4 4 4 4 4 4 4 4 4 4 4 4 4 4 4 4 4 4 4 4 4 4 4 4 4 4 4 4 4 4 4 4 4 4 4 4 4 4 4 4 4 4 4 4 4 4 4 4 4 4 4 4 4 4 4 4 4 4 4 4 4 4 4 4 4 4 4 4 4 4 4 4 4 4 4 4 4 4 4 4 4 4 4 4 4 4 4 4 4 4 4 4 4 4 4 4 4 4 4 4 4 4 4 4 4 4 4 4 4 4 4 4 4 4 4 4 4 4 4 4 4 4 4 4 4 4 4 4 4 4 4 4 4 4 4 4 4 4 4 4 4 4 4 4 4 4 4 4 4 4 4 4 4 4 4 4 4 4 4 4 4 4 4 4 4 4 4 4 4 4 4 4 4 4 4 4 4 4 4 4 4 4 4 4 4 4 4 4 4 4 4 4 4 4 4 4 4 4 4 4 4 4 4 4 4 4 4 4 4 4 4 4 4 4 4 4 4 4 4 4 4 4 4 4 4 4 4 4 4 4 4 4 4 4 4 4 4 4 4 4 4 4 4 4 4 4 4 4 4 4 4 4 4 4 4 4 4 4 4 4 4 4 4 4 4 4 4 4 4 4 4 4 4 4 4 4 4 4 4 4 4 4 4 4 4 4 4 4 4 4 4 4 4 4 4 4 4 4 4 4 4 4 4 4 4 4 4 4 4 4 4 4 4 4 4 4 4 4 4 4 4 4 4 4 4 4 4 4 4 4 4 4 4 4 4 4 4 4 4 4 4 4 4 4 4 4 4 4 4 4 4 4 4 4 4 4 
        </DataArray>
        <DataArray type="Int32" Name="N_Interp_IP0" format="ascii">
4 4 4 4 4 4 4 4 4 4 4 4 4 4 4 4 4 4 4 4 4 4 4 4 4 4 4 4 4 4 4 4 4 4 4 4 4 4 4 4 4 4 4 4 4 4 4 4 4 4 4 4 4 4 4 4 4 4 4 4 4 4 4 4 4 4 4 4 4 4 4 4 4 4 4 4 4 4 4 4 4 4 4 4 4 4 4 4 4 4 4 4 4 4 4 4 4 4 4 4 4 4 4 4 4 4 4 4 4 4 4 4 4 4 4 4 4 4 4 4 4 4 4 4 4 4 4 4 4 4 4 4 4 4 4 4 4 4 4 4 4 4 4 4 4 4 4 4 4 4 4 4 4 4 4 4 4 4 4 4 4 4 4 4 4 4 4 4 4 4 4 4 4 4 4 4 4 4 4 4 4 4 4 4 4 4 4 4 4 4 4 4 4 4 4 4 4 4 4 4 4 4 4 4 4 4 4 4 4 4 4 4 4 4 4 4 4 4 4 4 4 4 4 4 4 4 4 4 4 4 4 4 4 4 4 4 4 4 4 4 4 4 4 4 4 4 4 4 4 4 4 4 4 4 4 4 4 4 4 4 4 4 4 4 4 4 4 4 4 4 4 4 4 4 4 4 4 4 4 4 4 4 4 4 4 4 4 4 4 4 4 4 4 4 4 4 4 4 4 4 4 4 4 4 4 4 4 4 4 4 4 4 4 4 4 4 4 4 4 4 4 4 4 4 4 4 4 4 4 4 4 4 4 4 4 4 4 4 4 4 4 4 4 4 4 4 4 4 4 4 4 4 4 4 4 4 4 4 4 4 4 4 4 4 4 4 4 4 4 4 4 4 4 4 4 4 4 4 4 4 4 4 4 4 4 4 4 4 4 4 4 4 4 4 4 4 4 4 4 4 4 4 4 4 4 4 4 4 4 4 4 4 4 4 4 4 4 4 4 4 4 4 4 4 4 4 4 4 4 4 4 4 4 4 4 4 4 4 4 4 4 4 4 4 4 4 4 4 4 4 4 4 4 4 4 4 4 4 4 4 4 4 4 4 4 4 4 4 4 4 4 4 4 4 4 4 4 4 4 4 4 4 4 4 4 4 4 4 4 4 4 4 4 4 4 4 4 4 4 4 4 4 4 4 4 4 4 4 4 4 4 4 4 4 4 4 4 4 4 4 4 4 4 4 4 4 4 4 4 4 4 4 4 4 4 4 4 4 4 4 4 4 4 4 4 4 4 4 4 4 4 4 4 4 4 4 4 4 4 4 4 4 4 4 4 4 4 4 4 4 4 4 4 4 4 4 4 4 4 4 4 4 4 4 4 4 4 4 4 4 4 4 4 4 4 4 4 4 4 4 4 4 4 4 4 4 4 4 4 4 4 4 4 4 4 4 4 4 4 4 4 4 4 4 4 4 4 4 4 4 4 4 4 4 4 4 4 4 4 4 4 4 4 4 4 4 4 4 4 4 4 4 4 4 4 4 4 4 4 4 4 4 4 4 4 4 4 4 4 4 4 4 4 4 4 4 4 4 4 4 4 4 4 4 4 4 4 4 4 4 4 4 4 4 4 4 4 4 4 4 4 4 4 4 4 4 4 4 4 4 4 4 4 4 4 4 4 4 4 4 4 4 4 4 4 4 4 4 4 4 4 4 4 4 4 4 4 4 4 4 4 4 4 4 4 4 4 4 4 4 4 4 4 4 4 4 4 4 4 4 4 4 4 4 4 4 4 4 4 4 4 4 4 4 4 4 4 4 4 4 4 4 4 4 4 4 4 4 4 4 4 4 4 4 4 4 4 4 4 4 4 4 4 4 4 4 4 4 4 4 4 4 4 4 4 4 4 4 4 4 4 4 4 4 4 4 4 4 4 4 4 4 4 4 4 4 4 4 4 4 4 4 4 4 4 4 4 4 4 4 4 4 4 4 4 4 4 4 4 4 4 4 4 4 4 4 4 4 4 4 4 4 4 4 4 4 4 4 4 4 4 4 4 4 4 4 4 4 4 4 4 4 4 4 4 4 4 4 4 4 4 4 4 4 4 4 4 4 4 4 4 4 4 4 4 4 4 4 4 4 4 4 4 4 4 4 4 4 4 4 4 4 4 4 4 4 4 4 4 4 4 4 4 4 4 4 4 4 4 4 4 4 4 4 4 4 4 4 4 4 4 4 4 4 4 4 4 4 4 4 4 4 4 4 4 4 4 4 4 4 4 4 4 4 4 4 4 4 4 4 4 4 4 4 4 4 4 4 4 4 4 4 4 4 4 4 4 4 4 4 4 4 4 4 4 4 4 4 4 4 4 4 4 4 4 4 4 4 4 4 4 4 4 4 4 4 4 4 4 4 4 4 4 4 4 4 4 4 4 4 4 4 4 4 4 4 4 4 4 4 4 4 4 4 4 4 4 4 4 4 4 4 4 4 4 4 4 4 4 4 4 4 4 4 4 4 4 4 4 4 4 4 4 4 4 4 4 4 4 4 4 4 4 4 4 4 4 4 4 4 4 4 4 4 4 4 4 4 4 4 4 4 4 4 4 4 4 4 4 4 4 4 4 4 4 4 4 4 4 4 4 4 4 4 4 4 4 4 4 4 4 4 4 4 4 4 4 4 4 4 4 4 4 4 4 4 4 4 4 4 4 4 4 4 4 4 4 4 4 4 4 4 4 4 4 4 4 4 4 4 4 4 4 4 4 4 4 4 4 4 4 4 4 4 4 4 4 4 4 4 4 4 4 4 4 4 4 4 4 4 4 4 4 4 4 4 4 4 4 4 4 4 4 4 4 4 4 4 4 4 4 4 4 4 4 4 4 4 4 4 4 4 4 4 4 4 4 4 4 4 4 4 4 4 4 4 4 4 4 4 4 4 4 4 4 4 4 4 4 4 4 4 4 4 4 4 4 4 4 4 4 4 4 4 4 4 4 4 4 4 4 4 4 4 4 4 4 4 4 4 4 4 4 4 4 4 4 4 4 4 4 4 4 4 4 4 4 4 4 4 4 4 4 4 4 4 4 4 4 4 4 4 4 4 4 4 4 4 4 4 4 4 4 4 4 4 4 4 4 4 4 4 4 4 4 4 4 4 4 4 4 4 4 4 4 4 4 4 4 4 4 4 4 4 4 4 4 4 4 4 4 4 4 4 4 4 4 4 4 4 4 4 4 4 4 4 4 4 4 4 4 4 4 4 4 4 4 4 4 4 4 4 4 4 4 4 4 4 4 4 4 4 4 4 4 4 4 4 4 4 4 4 4 4 4 4 4 4 4 4 4 4 4 4 4 4 4 4 4 4 4 4 4 4 4 4 4 4 4 4 4 4 4 4 4 4 4 4 4 4 4 4 4 4 4 4 4 4 4 4 4 4 4 4 4 4 4 4 4 4 4 4 4 4 4 4 4 4 4 4 4 4 4 4 4 4 4 4 4 4 4 4 4 4 4 4 4 4 4 4 4 4 4 4 4 4 4 4 4 4 4 4 4 4 4 4 4 4 4 4 4 4 4 4 4 4 4 4 4 4 4 4 4 4 4 4 4 4 4 4 4 4 4 4 4 4 4 4 4 4 4 4 4 4 4 4 4 4 4 4 4 4 4 4 4 4 4 4 4 4 4 4 4 4 4 4 4 4 4 4 4 4 4 4 4 4 4 4 4 4 4 4 4 4 4 4 4 4 4 4 4 4 4 4 4 4 4 4 4 4 4 4 4 4 4 4 4 4 4 4 4 4 4 4 4 4 4 4 4 4 4 4 4 4 4 4 4 4 4 4 4 4 4 4 4 4 4 4 4 4 4 4 4 4 4 4 4 4 4 4 4 4 4 4 4 4 4 4 4 4 4 4 4 4 4 4 4 4 4 4 4 4 4 4 4 4 4 4 4 4 4 4 4 4 4 4 4 4 4 4 4 4 4 4 4 4 4 4 4 4 4 4 4 4 4 4 4 4 4 4 4 4 4 4 4 4 4 4 4 4 4 4 4 4 4 4 4 4 4 4 4 4 4 4 4 4 4 4 4 4 4 4 4 4 4 4 4 4 4 4 4 4 4 4 4 4 4 4 4 4 4 4 4 4 4 4 4 4 4 4 4 4 4 4 4 4 4 4 4 4 4 4 4 4 4 4 4 4 4 4 4 4 4 4 4 4 4 4 4 4 4 4 4 4 4 4 4 4 4 4 4 4 4 4 4 4 4 4 4 4 4 4 4 4 4 4 4 4 4 4 4 4 4 4 4 4 4 4 4 4 4 4 4 4 4 4 4 4 4 4 4 4 4 4 4 4 4 4 4 4 4 4 4 4 4 4 4 4 4 4 4 4 4 4 4 4 4 4 4 4 4 4 4 4 4 4 4 4 4 4 4 4 4 4 4 4 4 4 4 4 4 4 4 4 4 4 4 4 4 4 4 4 4 4 4 4 4 4 4 4 4 4 4 4 4 4 4 4 4 4 4 4 4 4 4 4 4 4 4 4 4 4 4 4 4 4 4 4 4 4 4 4 4 4 4 4 4 4 4 4 
        </DataArray>
      </CellData>
    </Piece>
  </PolyData>
</VTKFile>
