<?xml version="1.0"?>
<VTKFile type="PolyData" version="1.0" byte_order="LittleEndian" header_type="UInt64">
  <PolyData>
    <Piece NumberOfPoints="2000" NumberOfPolys="2000">
      <Points>
        <DataArray type="Float64" Name="Points" NumberOfComponents="3" format="ascii">
-0.2 -0.3 0.0 -0.200001 -0.299686 0.0 -0.200002 -0.299372 0.0 -0.200005 -0.299058 0.0 -0.200008 -0.298743 0.0 -0.200013 -0.298429 0.0 -0.200018 -0.298115 0.0 -0.200025 -0.297801 0.0 -0.200032 -0.297487 0.0 -0.20004 -0.297173 0.0 -0.200049 -0.296859 0.0 -0.20006 -0.296545 0.0 -0.200071 -0.296231 0.0 -0.200084 -0.295917 0.0 -0.200097 -0.295603 0.0 -0.200112 -0.295289 0.0 -0.200126 -0.294976 0.0 -0.200143 -0.294662 0.0 -0.20016 -0.294348 0.0 -0.200179 -0.294035 0.0 -0.200197 -0.293721 0.0 -0.200218 -0.293407 0.0 -0.200239 -0.293094 0.0 -0.200261 -0.292781 0.0 -0.200284 -0.292467 0.0 -0.200309 -0.292154 0.0 -0.200333 -0.291841 0.0 -0.20036 -0.291528 0.0 -0.200387 -0.291215 0.0 -0.200415 -0.290902 0.0 -0.200444 -0.290589 0.0 -0.200474 -0.290276 0.0 -0.200505 -0.289964 0.0 -0.200537 -0.289651 0.0 -0.20057 -0.289339 0.0 -0.200604 -0.289027 0.0 -0.200639 -0.288714 0.0 -0.200675 -0.288402 0.0 -0.200712 -0.28809 0.0 -0.20075 -0.287778 0.0 -0.200789 -0.287467 0.0 -0.200829 -0.287155 0.0 -0.200869 -0.286844 0.0 -0.200912 -0.286532 0.0 -0.200954 -0.286221 0.0 -0.200998 -0.28591 0.0 -0.201042 -0.285599 0.0 -0.201089 -0.285288 0.0 -0.201135 -0.284977 0.0 -0.201183 -0.284667 0.0 -0.201231 -0.284357 0.0 -0.201281 -0.284046 0.0 -0.201331 -0.283736 0.0 -0.201383 -0.283426 0.0 -0.201436 -0.283117 0.0 -0.20149 -0.282807 0.0 -0.201544 -0.282498 0.0 -0.2016 -0.282189 0.0 -0.201655 -0.281879 0.0 -0.201713 -0.281571 0.0 -0.201771 -0.281262 0.0 -0.201831 -0.280953 0.0 -0.201891 -0.280645 0.0 -0.201953 -0.280337 0.0 -0.202014 -0.280029 0.0 -0.202078 -0.279721 0.0 -0.202142 -0.279414 0.0 -0.202208 -0.279107 0.0 -0.202273 -0.278799 0.0 -0.202341 -0.278492 0.0 -0.202408 -0.278186 0.0 -0.202478 -0.277879 0.0 -0.202547 -0.277573 0.0 -0.202619 -0.277267 0.0 -0.20269 -0.276961 0.0 -0.202763 -0.276656 0.0 -0.202837 -0.27635 0.0 -0.202912 -0.276045 0.0 -0.202987 -0.27574 0.0 -0.203065 -0.275436 0.0 -0.203142 -0.275131 0.0 -0.203221 -0.274827 0.0 -0.2033 -0.274523 0.0 -0.203381 -0.274219 0.0 -0.203462 -0.273916 0.0 -0.203545 -0.273613 0.0 -0.203628 -0.27331 0.0 -0.203712 -0.273007 0.0 -0.203797 -0.272705 0.0 -0.203884 -0.272403 0.0 -0.203971 -0.272101 0.0 -0.204059 -0.271799 0.0 -0.204148 -0.271498 0.0 -0.204238 -0.271197 0.0 -0.204329 -0.270896 0.0 -0.204421 -0.270596 0.0 -0.204514 -0.270296 0.0 -0.204608 -0.269996 0.0 -0.204702 -0.269696 0.0 -0.204798 -0.269397 0.0 -0.204894 -0.269098 0.0 -0.204992 -0.2688 0.0 -0.20509 -0.268501 0.0 -0.20519 -0.268203 0.0 -0.20529 -0.267906 0.0 -0.205392 -0.267608 0.0 -0.205494 -0.267311 0.0 -0.205597 -0.267015 0.0 -0.205701 -0.266718 0.0 -0.205806 -0.266422 0.0 -0.205912 -0.266126 0.0 -0.206019 -0.265831 0.0 -0.206127 -0.265536 0.0 -0.206236 -0.265241 0.0 -0.206345 -0.264947 0.0 -0.206456 -0.264653 0.0 -0.206567 -0.264359 0.0 -0.20668 -0.264066 0.0 -0.206793 -0.263772 0.0 -0.206908 -0.26348 0.0 -0.207022 -0.263188 0.0 -0.207139 -0.262896 0.0 -0.207255 -0.262604 0.0 -0.207374 -0.262313 0.0 -0.207492 -0.262022 0.0 -0.207613 -0.261732 0.0 -0.207733 -0.261442 0.0 -0.207855 -0.261152 0.0 -0.207977 -0.260863 0.0 -0.208101 -0.260574 0.0 -0.208225 -0.260285 0.0 -0.20835 -0.259997 0.0 -0.208476 -0.259709 0.0 -0.208603 -0.259422 0.0 -0.208731 -0.259135 0.0 -0.20886 -0.258849 0.0 -0.208989 -0.258562 0.0 -0.20912 -0.258277 0.0 -0.209252 -0.257991 0.0 -0.209384 -0.257707 0.0 -0.209517 -0.257422 0.0 -0.209652 -0.257138 0.0 -0.209787 -0.256854 0.0 -0.209923 -0.256571 0.0 -0.210059 -0.256288 0.0 -0.210198 -0.256006 0.0 -0.210336 -0.255724 0.0 -0.210476 -0.255443 0.0 -0.210616 -0.255162 0.0 -0.210758 -0.254881 0.0 -0.210899 -0.254601 0.0 -0.211043 -0.254321 0.0 -0.211186 -0.254042 0.0 -0.211332 -0.253763 0.0 -0.211477 -0.253485 0.0 -0.211624 -0.253207 0.0 -0.211771 -0.25293 0.0 -0.21192 -0.252653 0.0 -0.212068 -0.252376 0.0 -0.212219 -0.2521 0.0 -0.212369 -0.251825 0.0 -0.212522 -0.25155 0.0 -0.212674 -0.251275 0.0 -0.212828 -0.251001 0.0 -0.212982 -0.250727 0.0 -0.213137 -0.250454 0.0 -0.213293 -0.250181 0.0 -0.21345 -0.24991 0.0 -0.213608 -0.249638 0.0 -0.213767 -0.249367 0.0 -0.213926 -0.249096 0.0 -0.214087 -0.248826 0.0 -0.214247 -0.248556 0.0 -0.21441 -0.248287 0.0 -0.214572 -0.248018 0.0 -0.214736 -0.24775 0.0 -0.214901 -0.247483 0.0 -0.215066 -0.247216 0.0 -0.215232 -0.246949 0.0 -0.2154 -0.246683 0.0 -0.215567 -0.246417 0.0 -0.215736 -0.246153 0.0 -0.215906 -0.245888 0.0 -0.216076 -0.245624 0.0 -0.216247 -0.245361 0.0 -0.21642 -0.245098 0.0 -0.216592 -0.244835 0.0 -0.216766 -0.244574 0.0 -0.21694 -0.244312 0.0 -0.217116 -0.244052 0.0 -0.217292 -0.243792 0.0 -0.217469 -0.243532 0.0 -0.217647 -0.243273 0.0 -0.217826 -0.243015 0.0 -0.218005 -0.242757 0.0 -0.218185 -0.2425 0.0 -0.218366 -0.242243 0.0 -0.218548 -0.241987 0.0 -0.218731 -0.241731 0.0 -0.218914 -0.241476 0.0 -0.219098 -0.241221 0.0 -0.219284 -0.240968 0.0 -0.219469 -0.240714 0.0 -0.219656 -0.240462 0.0 -0.219843 -0.24021 0.0 -0.220032 -0.239958 0.0 -0.220221 -0.239707 0.0 -0.220411 -0.239457 0.0 -0.220601 -0.239207 0.0 -0.220793 -0.238958 0.0 -0.220984 -0.238709 0.0 -0.221178 -0.238462 0.0 -0.221371 -0.238214 0.0 -0.221566 -0.237968 0.0 -0.221761 -0.237721 0.0 -0.221957 -0.237476 0.0 -0.222154 -0.237231 0.0 -0.222352 -0.236987 0.0 -0.22255 -0.236743 0.0 -0.222749 -0.2365 0.0 -0.222949 -0.236258 0.0 -0.22315 -0.236016 0.0 -0.223351 -0.235775 0.0 -0.223553 -0.235535 0.0 -0.223756 -0.235294 0.0 -0.22396 -0.235056 0.0 -0.224164 -0.234817 0.0 -0.224369 -0.234579 0.0 -0.224575 -0.234341 0.0 -0.224782 -0.234105 0.0 -0.224989 -0.233869 0.0 -0.225197 -0.233634 0.0 -0.225406 -0.233399 0.0 -0.225616 -0.233165 0.0 -0.225826 -0.232931 0.0 -0.226037 -0.232699 0.0 -0.226249 -0.232467 0.0 -0.226462 -0.232236 0.0 -0.226674 -0.232005 0.0 -0.226889 -0.231775 0.0 -0.227103 -0.231545 0.0 -0.227319 -0.231317 0.0 -0.227535 -0.231089 0.0 -0.227752 -0.230862 0.0 -0.227969 -0.230635 0.0 -0.228188 -0.230409 0.0 -0.228406 -0.230183 0.0 -0.228626 -0.229959 0.0 -0.228846 -0.229735 0.0 -0.229068 -0.229512 0.0 -0.229289 -0.229289 0.0 -0.229512 -0.229068 0.0 -0.229735 -0.228846 0.0 -0.229959 -0.228626 0.0 -0.230183 -0.228406 0.0 -0.230409 -0.228188 0.0 -0.230635 -0.227969 0.0 -0.230862 -0.227752 0.0 -0.231089 -0.227535 0.0 -0.231317 -0.227319 0.0 -0.231545 -0.227103 0.0 -0.231775 -0.226889 0.0 -0.232005 -0.226674 0.0 -0.232236 -0.226462 0.0 -0.232467 -0.226249 0.0 -0.232699 -0.226037 0.0 -0.232931 -0.225826 0.0 -0.233165 -0.225616 0.0 -0.233399 -0.225406 0.0 -0.233634 -0.225197 0.0 -0.233869 -0.224989 0.0 -0.234105 -0.224782 0.0 -0.234341 -0.224575 0.0 -0.234579 -0.224369 0.0 -0.234817 -0.224164 0.0 -0.235056 -0.22396 0.0 -0.235294 -0.223756 0.0 -0.235535 -0.223553 0.0 -0.235775 -0.223351 0.0 -0.236016 -0.22315 0.0 -0.236258 -0.222949 0.0 -0.2365 -0.222749 0.0 -0.236743 -0.22255 0.0 -0.236987 -0.222352 0.0 -0.237231 -0.222154 0.0 -0.237476 -0.221957 0.0 -0.237721 -0.221761 0.0 -0.237968 -0.221566 0.0 -0.238214 -0.221371 0.0 -0.238462 -0.221178 0.0 -0.238709 -0.220984 0.0 -0.238958 -0.220793 0.0 -0.239207 -0.220601 0.0 -0.239457 -0.220411 0.0 -0.239707 -0.220221 0.0 -0.239958 -0.220032 0.0 -0.24021 -0.219843 0.0 -0.240462 -0.219656 0.0 -0.240714 -0.219469 0.0 -0.240968 -0.219284 0.0 -0.241221 -0.219098 0.0 -0.241476 -0.218914 0.0 -0.241731 -0.218731 0.0 -0.241987 -0.218548 0.0 -0.242243 -0.218366 0.0 -0.2425 -0.218185 0.0 -0.242757 -0.218005 0.0 -0.243015 -0.217826 0.0 -0.243273 -0.217647 0.0 -0.243532 -0.217469 0.0 -0.243792 -0.217292 0.0 -0.244052 -0.217116 0.0 -0.244312 -0.21694 0.0 -0.244574 -0.216766 0.0 -0.244835 -0.216592 0.0 -0.245098 -0.21642 0.0 -0.245361 -0.216247 0.0 -0.245624 -0.216076 0.0 -0.245888 -0.215906 0.0 -0.246153 -0.215736 0.0 -0.246417 -0.215567 0.0 -0.246683 -0.2154 0.0 -0.246949 -0.215232 0.0 -0.247216 -0.215066 0.0 -0.247483 -0.214901 0.0 -0.24775 -0.214736 0.0 -0.248018 -0.214572 0.0 -0.248287 -0.21441 0.0 -0.248556 -0.214247 0.0 -0.248826 -0.214087 0.0 -0.249096 -0.213926 0.0 -0.249367 -0.213767 0.0 -0.249638 -0.213608 0.0 -0.24991 -0.21345 0.0 -0.250181 -0.213293 0.0 -0.250454 -0.213137 0.0 -0.250727 -0.212982 0.0 -0.251001 -0.212828 0.0 -0.251275 -0.212674 0.0 -0.25155 -0.212522 0.0 -0.251825 -0.212369 0.0 -0.2521 -0.212219 0.0 -0.252376 -0.212068 0.0 -0.252653 -0.21192 0.0 -0.25293 -0.211771 0.0 -0.253207 -0.211624 0.0 -0.253485 -0.211477 0.0 -0.253763 -0.211332 0.0 -0.254042 -0.211186 0.0 -0.254321 -0.211043 0.0 -0.254601 -0.210899 0.0 -0.254881 -0.210758 0.0 -0.255162 -0.210616 0.0 -0.255443 -0.210476 0.0 -0.255724 -0.210336 0.0 -0.256006 -0.210198 0.0 -0.256288 -0.210059 0.0 -0.256571 -0.209923 0.0 -0.256854 -0.209787 0.0 -0.257138 -0.209652 0.0 -0.257422 -0.209517 0.0 -0.257707 -0.209384 0.0 -0.257991 -0.209252 0.0 -0.258277 -0.20912 0.0 -0.258562 -0.208989 0.0 -0.258849 -0.20886 0.0 -0.259135 -0.208731 0.0 -0.259422 -0.208603 0.0 -0.259709 -0.208476 0.0 -0.259997 -0.20835 0.0 -0.260285 -0.208225 0.0 -0.260574 -0.208101 0.0 -0.260863 -0.207977 0.0 -0.261152 -0.207855 0.0 -0.261442 -0.207733 0.0 -0.261732 -0.207613 0.0 -0.262022 -0.207492 0.0 -0.262313 -0.207374 0.0 -0.262604 -0.207255 0.0 -0.262896 -0.207139 0.0 -0.263188 -0.207022 0.0 -0.26348 -0.206908 0.0 -0.263772 -0.206793 0.0 -0.264066 -0.20668 0.0 -0.264359 -0.206567 0.0 -0.264653 -0.206456 0.0 -0.264947 -0.206345 0.0 -0.265241 -0.206236 0.0 -0.265536 -0.206127 0.0 -0.265831 -0.206019 0.0 -0.266126 -0.205912 0.0 -0.266422 -0.205806 0.0 -0.266718 -0.205701 0.0 -0.267015 -0.205597 0.0 -0.267311 -0.205494 0.0 -0.267608 -0.205392 0.0 -0.267906 -0.20529 0.0 -0.268203 -0.20519 0.0 -0.268501 -0.20509 0.0 -0.2688 -0.204992 0.0 -0.269098 -0.204894 0.0 -0.269397 -0.204798 0.0 -0.269696 -0.204702 0.0 -0.269996 -0.204608 0.0 -0.270296 -0.204514 0.0 -0.270596 -0.204421 0.0 -0.270896 -0.204329 0.0 -0.271197 -0.204238 0.0 -0.271498 -0.204148 0.0 -0.271799 -0.204059 0.0 -0.272101 -0.203971 0.0 -0.272403 -0.203884 0.0 -0.272705 -0.203797 0.0 -0.273007 -0.203712 0.0 -0.27331 -0.203628 0.0 -0.273613 -0.203545 0.0 -0.273916 -0.203462 0.0 -0.274219 -0.203381 0.0 -0.274523 -0.2033 0.0 -0.274827 -0.203221 0.0 -0.275131 -0.203142 0.0 -0.275436 -0.203065 0.0 -0.27574 -0.202987 0.0 -0.276045 -0.202912 0.0 -0.27635 -0.202837 0.0 -0.276656 -0.202763 0.0 -0.276961 -0.20269 0.0 -0.277267 -0.202619 0.0 -0.277573 -0.202547 0.0 -0.277879 -0.202478 0.0 -0.278186 -0.202408 0.0 -0.278492 -0.202341 0.0 -0.278799 -0.202273 0.0 -0.279107 -0.202208 0.0 -0.279414 -0.202142 0.0 -0.279721 -0.202078 0.0 -0.280029 -0.202014 0.0 -0.280337 -0.201953 0.0 -0.280645 -0.201891 0.0 -0.280953 -0.201831 0.0 -0.281262 -0.201771 0.0 -0.281571 -0.201713 0.0 -0.281879 -0.201655 0.0 -0.282189 -0.2016 0.0 -0.282498 -0.201544 0.0 -0.282807 -0.20149 0.0 -0.283117 -0.201436 0.0 -0.283426 -0.201383 0.0 -0.283736 -0.201331 0.0 -0.284046 -0.201281 0.0 -0.284357 -0.201231 0.0 -0.284667 -0.201183 0.0 -0.284977 -0.201135 0.0 -0.285288 -0.201089 0.0 -0.285599 -0.201042 0.0 -0.28591 -0.200998 0.0 -0.286221 -0.200954 0.0 -0.286532 -0.200912 0.0 -0.286844 -0.200869 0.0 -0.287155 -0.200829 0.0 -0.287467 -0.200789 0.0 -0.287778 -0.20075 0.0 -0.28809 -0.200712 0.0 -0.288402 -0.200675 0.0 -0.288714 -0.200639 0.0 -0.289027 -0.200604 0.0 -0.289339 -0.20057 0.0 -0.289651 -0.200537 0.0 -0.289964 -0.200505 0.0 -0.290276 -0.200474 0.0 -0.290589 -0.200444 0.0 -0.290902 -0.200415 0.0 -0.291215 -0.200387 0.0 -0.291528 -0.20036 0.0 -0.291841 -0.200333 0.0 -0.292154 -0.200309 0.0 -0.292467 -0.200284 0.0 -0.292781 -0.200261 0.0 -0.293094 -0.200239 0.0 -0.293407 -0.200218 0.0 -0.293721 -0.200197 0.0 -0.294035 -0.200179 0.0 -0.294348 -0.20016 0.0 -0.294662 -0.200143 0.0 -0.294976 -0.200126 0.0 -0.295289 -0.200112 0.0 -0.295603 -0.200097 0.0 -0.295917 -0.200084 0.0 -0.296231 -0.200071 0.0 -0.296545 -0.20006 0.0 -0.296859 -0.200049 0.0 -0.297173 -0.20004 0.0 -0.297487 -0.200032 0.0 -0.297801 -0.200025 0.0 -0.298115 -0.200018 0.0 -0.298429 -0.200013 0.0 -0.298743 -0.200008 0.0 -0.299058 -0.200005 0.0 -0.299372 -0.200002 0.0 -0.299686 -0.200001 0.0 -0.3 -0.2 0.0 -0.300314 -0.200001 0.0 -0.300628 -0.200002 0.0 -0.300942 -0.200005 0.0 -0.301257 -0.200008 0.0 -0.301571 -0.200013 0.0 -0.301885 -0.200018 0.0 -0.302199 -0.200025 0.0 -0.302513 -0.200032 0.0 -0.302827 -0.20004 0.0 -0.303141 -0.200049 0.0 -0.303455 -0.20006 0.0 -0.303769 -0.200071 0.0 -0.304083 -0.200084 0.0 -0.304397 -0.200097 0.0 -0.304711 -0.200112 0.0 -0.305024 -0.200126 0.0 -0.305338 -0.200143 0.0 -0.305652 -0.20016 0.0 -0.305965 -0.200179 0.0 -0.306279 -0.200197 0.0 -0.306593 -0.200218 0.0 -0.306906 -0.200239 0.0 -0.307219 -0.200261 0.0 -0.307533 -0.200284 0.0 -0.307846 -0.200309 0.0 -0.308159 -0.200333 0.0 -0.308472 -0.20036 0.0 -0.308785 -0.200387 0.0 -0.309098 -0.200415 0.0 -0.309411 -0.200444 0.0 -0.309724 -0.200474 0.0 -0.310036 -0.200505 0.0 -0.310349 -0.200537 0.0 -0.310661 -0.20057 0.0 -0.310973 -0.200604 0.0 -0.311286 -0.200639 0.0 -0.311598 -0.200675 0.0 -0.31191 -0.200712 0.0 -0.312222 -0.20075 0.0 -0.312533 -0.200789 0.0 -0.312845 -0.200829 0.0 -0.313156 -0.200869 0.0 -0.313468 -0.200912 0.0 -0.313779 -0.200954 0.0 -0.31409 -0.200998 0.0 -0.314401 -0.201042 0.0 -0.314712 -0.201089 0.0 -0.315023 -0.201135 0.0 -0.315333 -0.201183 0.0 -0.315643 -0.201231 0.0 -0.315954 -0.201281 0.0 -0.316264 -0.201331 0.0 -0.316574 -0.201383 0.0 -0.316883 -0.201436 0.0 -0.317193 -0.20149 0.0 -0.317502 -0.201544 0.0 -0.317811 -0.2016 0.0 -0.318121 -0.201655 0.0 -0.318429 -0.201713 0.0 -0.318738 -0.201771 0.0 -0.319047 -0.201831 0.0 -0.319355 -0.201891 0.0 -0.319663 -0.201953 0.0 -0.319971 -0.202014 0.0 -0.320279 -0.202078 0.0 -0.320586 -0.202142 0.0 -0.320893 -0.202208 0.0 -0.321201 -0.202273 0.0 -0.321508 -0.202341 0.0 -0.321814 -0.202408 0.0 -0.322121 -0.202478 0.0 -0.322427 -0.202547 0.0 -0.322733 -0.202619 0.0 -0.323039 -0.20269 0.0 -0.323344 -0.202763 0.0 -0.32365 -0.202837 0.0 -0.323955 -0.202912 0.0 -0.32426 -0.202987 0.0 -0.324564 -0.203065 0.0 -0.324869 -0.203142 0.0 -0.325173 -0.203221 0.0 -0.325477 -0.2033 0.0 -0.325781 -0.203381 0.0 -0.326084 -0.203462 0.0 -0.326387 -0.203545 0.0 -0.32669 -0.203628 0.0 -0.326993 -0.203712 0.0 -0.327295 -0.203797 0.0 -0.327597 -0.203884 0.0 -0.327899 -0.203971 0.0 -0.328201 -0.204059 0.0 -0.328502 -0.204148 0.0 -0.328803 -0.204238 0.0 -0.329104 -0.204329 0.0 -0.329404 -0.204421 0.0 -0.329704 -0.204514 0.0 -0.330004 -0.204608 0.0 -0.330304 -0.204702 0.0 -0.330603 -0.204798 0.0 -0.330902 -0.204894 0.0 -0.3312 -0.204992 0.0 -0.331499 -0.20509 0.0 -0.331797 -0.20519 0.0 -0.332094 -0.20529 0.0 -0.332392 -0.205392 0.0 -0.332689 -0.205494 0.0 -0.332985 -0.205597 0.0 -0.333282 -0.205701 0.0 -0.333578 -0.205806 0.0 -0.333874 -0.205912 0.0 -0.334169 -0.206019 0.0 -0.334464 -0.206127 0.0 -0.334759 -0.206236 0.0 -0.335053 -0.206345 0.0 -0.335347 -0.206456 0.0 -0.335641 -0.206567 0.0 -0.335934 -0.20668 0.0 -0.336228 -0.206793 0.0 -0.33652 -0.206908 0.0 -0.336812 -0.207022 0.0 -0.337104 -0.207139 0.0 -0.337396 -0.207255 0.0 -0.337687 -0.207374 0.0 -0.337978 -0.207492 0.0 -0.338268 -0.207613 0.0 -0.338558 -0.207733 0.0 -0.338848 -0.207855 0.0 -0.339137 -0.207977 0.0 -0.339426 -0.208101 0.0 -0.339715 -0.208225 0.0 -0.340003 -0.20835 0.0 -0.340291 -0.208476 0.0 -0.340578 -0.208603 0.0 -0.340865 -0.208731 0.0 -0.341151 -0.20886 0.0 -0.341438 -0.208989 0.0 -0.341723 -0.20912 0.0 -0.342009 -0.209252 0.0 -0.342293 -0.209384 0.0 -0.342578 -0.209517 0.0 -0.342862 -0.209652 0.0 -0.343146 -0.209787 0.0 -0.343429 -0.209923 0.0 -0.343712 -0.210059 0.0 -0.343994 -0.210198 0.0 -0.344276 -0.210336 0.0 -0.344557 -0.210476 0.0 -0.344838 -0.210616 0.0 -0.345119 -0.210758 0.0 -0.345399 -0.210899 0.0 -0.345679 -0.211043 0.0 -0.345958 -0.211186 0.0 -0.346237 -0.211332 0.0 -0.346515 -0.211477 0.0 -0.346793 -0.211624 0.0 -0.34707 -0.211771 0.0 -0.347347 -0.21192 0.0 -0.347624 -0.212068 0.0 -0.3479 -0.212219 0.0 -0.348175 -0.212369 0.0 -0.34845 -0.212522 0.0 -0.348725 -0.212674 0.0 -0.348999 -0.212828 0.0 -0.349273 -0.212982 0.0 -0.349546 -0.213137 0.0 -0.349819 -0.213293 0.0 -0.35009 -0.21345 0.0 -0.350362 -0.213608 0.0 -0.350633 -0.213767 0.0 -0.350904 -0.213926 0.0 -0.351174 -0.214087 0.0 -0.351444 -0.214247 0.0 -0.351713 -0.21441 0.0 -0.351982 -0.214572 0.0 -0.35225 -0.214736 0.0 -0.352517 -0.214901 0.0 -0.352784 -0.215066 0.0 -0.353051 -0.215232 0.0 -0.353317 -0.2154 0.0 -0.353583 -0.215567 0.0 -0.353847 -0.215736 0.0 -0.354112 -0.215906 0.0 -0.354376 -0.216076 0.0 -0.354639 -0.216247 0.0 -0.354902 -0.21642 0.0 -0.355165 -0.216592 0.0 -0.355426 -0.216766 0.0 -0.355688 -0.21694 0.0 -0.355948 -0.217116 0.0 -0.356208 -0.217292 0.0 -0.356468 -0.217469 0.0 -0.356727 -0.217647 0.0 -0.356985 -0.217826 0.0 -0.357243 -0.218005 0.0 -0.3575 -0.218185 0.0 -0.357757 -0.218366 0.0 -0.358013 -0.218548 0.0 -0.358269 -0.218731 0.0 -0.358524 -0.218914 0.0 -0.358779 -0.219098 0.0 -0.359032 -0.219284 0.0 -0.359286 -0.219469 0.0 -0.359538 -0.219656 0.0 -0.35979 -0.219843 0.0 -0.360042 -0.220032 0.0 -0.360293 -0.220221 0.0 -0.360543 -0.220411 0.0 -0.360793 -0.220601 0.0 -0.361042 -0.220793 0.0 -0.361291 -0.220984 0.0 -0.361538 -0.221178 0.0 -0.361786 -0.221371 0.0 -0.362032 -0.221566 0.0 -0.362279 -0.221761 0.0 -0.362524 -0.221957 0.0 -0.362769 -0.222154 0.0 -0.363013 -0.222352 0.0 -0.363257 -0.22255 0.0 -0.3635 -0.222749 0.0 -0.363742 -0.222949 0.0 -0.363984 -0.22315 0.0 -0.364225 -0.223351 0.0 -0.364465 -0.223553 0.0 -0.364706 -0.223756 0.0 -0.364944 -0.22396 0.0 -0.365183 -0.224164 0.0 -0.365421 -0.224369 0.0 -0.365659 -0.224575 0.0 -0.365895 -0.224782 0.0 -0.366131 -0.224989 0.0 -0.366366 -0.225197 0.0 -0.366601 -0.225406 0.0 -0.366835 -0.225616 0.0 -0.367069 -0.225826 0.0 -0.367301 -0.226037 0.0 -0.367533 -0.226249 0.0 -0.367764 -0.226462 0.0 -0.367995 -0.226674 0.0 -0.368225 -0.226889 0.0 -0.368455 -0.227103 0.0 -0.368683 -0.227319 0.0 -0.368911 -0.227535 0.0 -0.369138 -0.227752 0.0 -0.369365 -0.227969 0.0 -0.369591 -0.228188 0.0 -0.369817 -0.228406 0.0 -0.370041 -0.228626 0.0 -0.370265 -0.228846 0.0 -0.370488 -0.229068 0.0 -0.370711 -0.229289 0.0 -0.370932 -0.229512 0.0 -0.371154 -0.229735 0.0 -0.371374 -0.229959 0.0 -0.371594 -0.230183 0.0 -0.371812 -0.230409 0.0 -0.372031 -0.230635 0.0 -0.372248 -0.230862 0.0 -0.372465 -0.231089 0.0 -0.372681 -0.231317 0.0 -0.372897 -0.231545 0.0 -0.373111 -0.231775 0.0 -0.373326 -0.232005 0.0 -0.373538 -0.232236 0.0 -0.373751 -0.232467 0.0 -0.373963 -0.232699 0.0 -0.374174 -0.232931 0.0 -0.374384 -0.233165 0.0 -0.374594 -0.233399 0.0 -0.374803 -0.233634 0.0 -0.375011 -0.233869 0.0 -0.375218 -0.234105 0.0 -0.375425 -0.234341 0.0 -0.375631 -0.234579 0.0 -0.375836 -0.234817 0.0 -0.37604 -0.235056 0.0 -0.376244 -0.235294 0.0 -0.376447 -0.235535 0.0 -0.376649 -0.235775 0.0 -0.37685 -0.236016 0.0 -0.377051 -0.236258 0.0 -0.377251 -0.2365 0.0 -0.37745 -0.236743 0.0 -0.377648 -0.236987 0.0 -0.377846 -0.237231 0.0 -0.378043 -0.237476 0.0 -0.378239 -0.237721 0.0 -0.378434 -0.237968 0.0 -0.378629 -0.238214 0.0 -0.378822 -0.238462 0.0 -0.379016 -0.238709 0.0 -0.379207 -0.238958 0.0 -0.379399 -0.239207 0.0 -0.379589 -0.239457 0.0 -0.379779 -0.239707 0.0 -0.379968 -0.239958 0.0 -0.380157 -0.24021 0.0 -0.380344 -0.240462 0.0 -0.380531 -0.240714 0.0 -0.380716 -0.240968 0.0 -0.380902 -0.241221 0.0 -0.381086 -0.241476 0.0 -0.381269 -0.241731 0.0 -0.381452 -0.241987 0.0 -0.381634 -0.242243 0.0 -0.381815 -0.2425 0.0 -0.381995 -0.242757 0.0 -0.382174 -0.243015 0.0 -0.382353 -0.243273 0.0 -0.382531 -0.243532 0.0 -0.382708 -0.243792 0.0 -0.382884 -0.244052 0.0 -0.38306 -0.244312 0.0 -0.383234 -0.244574 0.0 -0.383408 -0.244835 0.0 -0.38358 -0.245098 0.0 -0.383753 -0.245361 0.0 -0.383924 -0.245624 0.0 -0.384094 -0.245888 0.0 -0.384264 -0.246153 0.0 -0.384433 -0.246417 0.0 -0.3846 -0.246683 0.0 -0.384768 -0.246949 0.0 -0.384934 -0.247216 0.0 -0.385099 -0.247483 0.0 -0.385264 -0.24775 0.0 -0.385428 -0.248018 0.0 -0.38559 -0.248287 0.0 -0.385753 -0.248556 0.0 -0.385913 -0.248826 0.0 -0.386074 -0.249096 0.0 -0.386233 -0.249367 0.0 -0.386392 -0.249638 0.0 -0.38655 -0.24991 0.0 -0.386707 -0.250181 0.0 -0.386863 -0.250454 0.0 -0.387018 -0.250727 0.0 -0.387172 -0.251001 0.0 -0.387326 -0.251275 0.0 -0.387478 -0.25155 0.0 -0.387631 -0.251825 0.0 -0.387781 -0.2521 0.0 -0.387932 -0.252376 0.0 -0.38808 -0.252653 0.0 -0.388229 -0.25293 0.0 -0.388376 -0.253207 0.0 -0.388523 -0.253485 0.0 -0.388668 -0.253763 0.0 -0.388814 -0.254042 0.0 -0.388957 -0.254321 0.0 -0.389101 -0.254601 0.0 -0.389242 -0.254881 0.0 -0.389384 -0.255162 0.0 -0.389524 -0.255443 0.0 -0.389664 -0.255724 0.0 -0.389802 -0.256006 0.0 -0.389941 -0.256288 0.0 -0.390077 -0.256571 0.0 -0.390213 -0.256854 0.0 -0.390348 -0.257138 0.0 -0.390483 -0.257422 0.0 -0.390616 -0.257707 0.0 -0.390748 -0.257991 0.0 -0.39088 -0.258277 0.0 -0.391011 -0.258562 0.0 -0.39114 -0.258849 0.0 -0.391269 -0.259135 0.0 -0.391397 -0.259422 0.0 -0.391524 -0.259709 0.0 -0.39165 -0.259997 0.0 -0.391775 -0.260285 0.0 -0.391899 -0.260574 0.0 -0.392023 -0.260863 0.0 -0.392145 -0.261152 0.0 -0.392267 -0.261442 0.0 -0.392387 -0.261732 0.0 -0.392508 -0.262022 0.0 -0.392626 -0.262313 0.0 -0.392745 -0.262604 0.0 -0.392861 -0.262896 0.0 -0.392978 -0.263188 0.0 -0.393092 -0.26348 0.0 -0.393207 -0.263772 0.0 -0.39332 -0.264066 0.0 -0.393433 -0.264359 0.0 -0.393544 -0.264653 0.0 -0.393655 -0.264947 0.0 -0.393764 -0.265241 0.0 -0.393873 -0.265536 0.0 -0.393981 -0.265831 0.0 -0.394088 -0.266126 0.0 -0.394194 -0.266422 0.0 -0.394299 -0.266718 0.0 -0.394403 -0.267015 0.0 -0.394506 -0.267311 0.0 -0.394608 -0.267608 0.0 -0.39471 -0.267906 0.0 -0.39481 -0.268203 0.0 -0.39491 -0.268501 0.0 -0.395008 -0.2688 0.0 -0.395106 -0.269098 0.0 -0.395202 -0.269397 0.0 -0.395298 -0.269696 0.0 -0.395392 -0.269996 0.0 -0.395486 -0.270296 0.0 -0.395579 -0.270596 0.0 -0.395671 -0.270896 0.0 -0.395762 -0.271197 0.0 -0.395852 -0.271498 0.0 -0.395941 -0.271799 0.0 -0.396029 -0.272101 0.0 -0.396116 -0.272403 0.0 -0.396203 -0.272705 0.0 -0.396288 -0.273007 0.0 -0.396372 -0.27331 0.0 -0.396455 -0.273613 0.0 -0.396538 -0.273916 0.0 -0.396619 -0.274219 0.0 -0.3967 -0.274523 0.0 -0.396779 -0.274827 0.0 -0.396858 -0.275131 0.0 -0.396935 -0.275436 0.0 -0.397013 -0.27574 0.0 -0.397088 -0.276045 0.0 -0.397163 -0.27635 0.0 -0.397237 -0.276656 0.0 -0.39731 -0.276961 0.0 -0.397381 -0.277267 0.0 -0.397453 -0.277573 0.0 -0.397522 -0.277879 0.0 -0.397592 -0.278186 0.0 -0.397659 -0.278492 0.0 -0.397727 -0.278799 0.0 -0.397792 -0.279107 0.0 -0.397858 -0.279414 0.0 -0.397922 -0.279721 0.0 -0.397986 -0.280029 0.0 -0.398047 -0.280337 0.0 -0.398109 -0.280645 0.0 -0.398169 -0.280953 0.0 -0.398229 -0.281262 0.0 -0.398287 -0.281571 0.0 -0.398345 -0.281879 0.0 -0.3984 -0.282189 0.0 -0.398456 -0.282498 0.0 -0.39851 -0.282807 0.0 -0.398564 -0.283117 0.0 -0.398617 -0.283426 0.0 -0.398669 -0.283736 0.0 -0.398719 -0.284046 0.0 -0.398769 -0.284357 0.0 -0.398817 -0.284667 0.0 -0.398865 -0.284977 0.0 -0.398911 -0.285288 0.0 -0.398958 -0.285599 0.0 -0.399002 -0.28591 0.0 -0.399046 -0.286221 0.0 -0.399088 -0.286532 0.0 -0.399131 -0.286844 0.0 -0.399171 -0.287155 0.0 -0.399211 -0.287467 0.0 -0.39925 -0.287778 0.0 -0.399288 -0.28809 0.0 -0.399325 -0.288402 0.0 -0.399361 -0.288714 0.0 -0.399396 -0.289027 0.0 -0.39943 -0.289339 0.0 -0.399463 -0.289651 0.0 -0.399495 -0.289964 0.0 -0.399526 -0.290276 0.0 -0.399556 -0.290589 0.0 -0.399585 -0.290902 0.0 -0.399613 -0.291215 0.0 -0.39964 -0.291528 0.0 -0.399667 -0.291841 0.0 -0.399691 -0.292154 0.0 -0.399716 -0.292467 0.0 -0.399739 -0.292781 0.0 -0.399761 -0.293094 0.0 -0.399782 -0.293407 0.0 -0.399803 -0.293721 0.0 -0.399821 -0.294035 0.0 -0.39984 -0.294348 0.0 -0.399857 -0.294662 0.0 -0.399874 -0.294976 0.0 -0.399888 -0.295289 0.0 -0.399903 -0.295603 0.0 -0.399916 -0.295917 0.0 -0.399929 -0.296231 0.0 -0.39994 -0.296545 0.0 -0.399951 -0.296859 0.0 -0.39996 -0.297173 0.0 -0.399968 -0.297487 0.0 -0.399975 -0.297801 0.0 -0.399982 -0.298115 0.0 -0.399987 -0.298429 0.0 -0.399992 -0.298743 0.0 -0.399995 -0.299058 0.0 -0.399998 -0.299372 0.0 -0.399999 -0.299686 0.0 -0.4 -0.3 0.0 -0.399999 -0.300314 0.0 -0.399998 -0.300628 0.0 -0.399995 -0.300942 0.0 -0.399992 -0.301257 0.0 -0.399987 -0.301571 0.0 -0.399982 -0.301885 0.0 -0.399975 -0.302199 0.0 -0.399968 -0.302513 0.0 -0.39996 -0.302827 0.0 -0.399951 -0.303141 0.0 -0.39994 -0.303455 0.0 -0.399929 -0.303769 0.0 -0.399916 -0.304083 0.0 -0.399903 -0.304397 0.0 -0.399888 -0.304711 0.0 -0.399874 -0.305024 0.0 -0.399857 -0.305338 0.0 -0.39984 -0.305652 0.0 -0.399821 -0.305965 0.0 -0.399803 -0.306279 0.0 -0.399782 -0.306593 0.0 -0.399761 -0.306906 0.0 -0.399739 -0.307219 0.0 -0.399716 -0.307533 0.0 -0.399691 -0.307846 0.0 -0.399667 -0.308159 0.0 -0.39964 -0.308472 0.0 -0.399613 -0.308785 0.0 -0.399585 -0.309098 0.0 -0.399556 -0.309411 0.0 -0.399526 -0.309724 0.0 -0.399495 -0.310036 0.0 -0.399463 -0.310349 0.0 -0.39943 -0.310661 0.0 -0.399396 -0.310973 0.0 -0.399361 -0.311286 0.0 -0.399325 -0.311598 0.0 -0.399288 -0.31191 0.0 -0.39925 -0.312222 0.0 -0.399211 -0.312533 0.0 -0.399171 -0.312845 0.0 -0.399131 -0.313156 0.0 -0.399088 -0.313468 0.0 -0.399046 -0.313779 0.0 -0.399002 -0.31409 0.0 -0.398958 -0.314401 0.0 -0.398911 -0.314712 0.0 -0.398865 -0.315023 0.0 -0.398817 -0.315333 0.0 -0.398769 -0.315643 0.0 -0.398719 -0.315954 0.0 -0.398669 -0.316264 0.0 -0.398617 -0.316574 0.0 -0.398564 -0.316883 0.0 -0.39851 -0.317193 0.0 -0.398456 -0.317502 0.0 -0.3984 -0.317811 0.0 -0.398345 -0.318121 0.0 -0.398287 -0.318429 0.0 -0.398229 -0.318738 0.0 -0.398169 -0.319047 0.0 -0.398109 -0.319355 0.0 -0.398047 -0.319663 0.0 -0.397986 -0.319971 0.0 -0.397922 -0.320279 0.0 -0.397858 -0.320586 0.0 -0.397792 -0.320893 0.0 -0.397727 -0.321201 0.0 -0.397659 -0.321508 0.0 -0.397592 -0.321814 0.0 -0.397522 -0.322121 0.0 -0.397453 -0.322427 0.0 -0.397381 -0.322733 0.0 -0.39731 -0.323039 0.0 -0.397237 -0.323344 0.0 -0.397163 -0.32365 0.0 -0.397088 -0.323955 0.0 -0.397013 -0.32426 0.0 -0.396935 -0.324564 0.0 -0.396858 -0.324869 0.0 -0.396779 -0.325173 0.0 -0.3967 -0.325477 0.0 -0.396619 -0.325781 0.0 -0.396538 -0.326084 0.0 -0.396455 -0.326387 0.0 -0.396372 -0.32669 0.0 -0.396288 -0.326993 0.0 -0.396203 -0.327295 0.0 -0.396116 -0.327597 0.0 -0.396029 -0.327899 0.0 -0.395941 -0.328201 0.0 -0.395852 -0.328502 0.0 -0.395762 -0.328803 0.0 -0.395671 -0.329104 0.0 -0.395579 -0.329404 0.0 -0.395486 -0.329704 0.0 -0.395392 -0.330004 0.0 -0.395298 -0.330304 0.0 -0.395202 -0.330603 0.0 -0.395106 -0.330902 0.0 -0.395008 -0.3312 0.0 -0.39491 -0.331499 0.0 -0.39481 -0.331797 0.0 -0.39471 -0.332094 0.0 -0.394608 -0.332392 0.0 -0.394506 -0.332689 0.0 -0.394403 -0.332985 0.0 -0.394299 -0.333282 0.0 -0.394194 -0.333578 0.0 -0.394088 -0.333874 0.0 -0.393981 -0.334169 0.0 -0.393873 -0.334464 0.0 -0.393764 -0.334759 0.0 -0.393655 -0.335053 0.0 -0.393544 -0.335347 0.0 -0.393433 -0.335641 0.0 -0.39332 -0.335934 0.0 -0.393207 -0.336228 0.0 -0.393092 -0.33652 0.0 -0.392978 -0.336812 0.0 -0.392861 -0.337104 0.0 -0.392745 -0.337396 0.0 -0.392626 -0.337687 0.0 -0.392508 -0.337978 0.0 -0.392387 -0.338268 0.0 -0.392267 -0.338558 0.0 -0.392145 -0.338848 0.0 -0.392023 -0.339137 0.0 -0.391899 -0.339426 0.0 -0.391775 -0.339715 0.0 -0.39165 -0.340003 0.0 -0.391524 -0.340291 0.0 -0.391397 -0.340578 0.0 -0.391269 -0.340865 0.0 -0.39114 -0.341151 0.0 -0.391011 -0.341438 0.0 -0.39088 -0.341723 0.0 -0.390748 -0.342009 0.0 -0.390616 -0.342293 0.0 -0.390483 -0.342578 0.0 -0.390348 -0.342862 0.0 -0.390213 -0.343146 0.0 -0.390077 -0.343429 0.0 -0.389941 -0.343712 0.0 -0.389802 -0.343994 0.0 -0.389664 -0.344276 0.0 -0.389524 -0.344557 0.0 -0.389384 -0.344838 0.0 -0.389242 -0.345119 0.0 -0.389101 -0.345399 0.0 -0.388957 -0.345679 0.0 -0.388814 -0.345958 0.0 -0.388668 -0.346237 0.0 -0.388523 -0.346515 0.0 -0.388376 -0.346793 0.0 -0.388229 -0.34707 0.0 -0.38808 -0.347347 0.0 -0.387932 -0.347624 0.0 -0.387781 -0.3479 0.0 -0.387631 -0.348175 0.0 -0.387478 -0.34845 0.0 -0.387326 -0.348725 0.0 -0.387172 -0.348999 0.0 -0.387018 -0.349273 0.0 -0.386863 -0.349546 0.0 -0.386707 -0.349819 0.0 -0.38655 -0.35009 0.0 -0.386392 -0.350362 0.0 -0.386233 -0.350633 0.0 -0.386074 -0.350904 0.0 -0.385913 -0.351174 0.0 -0.385753 -0.351444 0.0 -0.38559 -0.351713 0.0 -0.385428 -0.351982 0.0 -0.385264 -0.35225 0.0 -0.385099 -0.352517 0.0 -0.384934 -0.352784 0.0 -0.384768 -0.353051 0.0 -0.3846 -0.353317 0.0 -0.384433 -0.353583 0.0 -0.384264 -0.353847 0.0 -0.384094 -0.354112 0.0 -0.383924 -0.354376 0.0 -0.383753 -0.354639 0.0 -0.38358 -0.354902 0.0 -0.383408 -0.355165 0.0 -0.383234 -0.355426 0.0 -0.38306 -0.355688 0.0 -0.382884 -0.355948 0.0 -0.382708 -0.356208 0.0 -0.382531 -0.356468 0.0 -0.382353 -0.356727 0.0 -0.382174 -0.356985 0.0 -0.381995 -0.357243 0.0 -0.381815 -0.3575 0.0 -0.381634 -0.357757 0.0 -0.381452 -0.358013 0.0 -0.381269 -0.358269 0.0 -0.381086 -0.358524 0.0 -0.380902 -0.358779 0.0 -0.380716 -0.359032 0.0 -0.380531 -0.359286 0.0 -0.380344 -0.359538 0.0 -0.380157 -0.35979 0.0 -0.379968 -0.360042 0.0 -0.379779 -0.360293 0.0 -0.379589 -0.360543 0.0 -0.379399 -0.360793 0.0 -0.379207 -0.361042 0.0 -0.379016 -0.361291 0.0 -0.378822 -0.361538 0.0 -0.378629 -0.361786 0.0 -0.378434 -0.362032 0.0 -0.378239 -0.362279 0.0 -0.378043 -0.362524 0.0 -0.377846 -0.362769 0.0 -0.377648 -0.363013 0.0 -0.37745 -0.363257 0.0 -0.377251 -0.3635 0.0 -0.377051 -0.363742 0.0 -0.37685 -0.363984 0.0 -0.376649 -0.364225 0.0 -0.376447 -0.364465 0.0 -0.376244 -0.364706 0.0 -0.37604 -0.364944 0.0 -0.375836 -0.365183 0.0 -0.375631 -0.365421 0.0 -0.375425 -0.365659 0.0 -0.375218 -0.365895 0.0 -0.375011 -0.366131 0.0 -0.374803 -0.366366 0.0 -0.374594 -0.366601 0.0 -0.374384 -0.366835 0.0 -0.374174 -0.367069 0.0 -0.373963 -0.367301 0.0 -0.373751 -0.367533 0.0 -0.373538 -0.367764 0.0 -0.373326 -0.367995 0.0 -0.373111 -0.368225 0.0 -0.372897 -0.368455 0.0 -0.372681 -0.368683 0.0 -0.372465 -0.368911 0.0 -0.372248 -0.369138 0.0 -0.372031 -0.369365 0.0 -0.371812 -0.369591 0.0 -0.371594 -0.369817 0.0 -0.371374 -0.370041 0.0 -0.371154 -0.370265 0.0 -0.370932 -0.370488 0.0 -0.370711 -0.370711 0.0 -0.370488 -0.370932 0.0 -0.370265 -0.371154 0.0 -0.370041 -0.371374 0.0 -0.369817 -0.371594 0.0 -0.369591 -0.371812 0.0 -0.369365 -0.372031 0.0 -0.369138 -0.372248 0.0 -0.368911 -0.372465 0.0 -0.368683 -0.372681 0.0 -0.368455 -0.372897 0.0 -0.368225 -0.373111 0.0 -0.367995 -0.373326 0.0 -0.367764 -0.373538 0.0 -0.367533 -0.373751 0.0 -0.367301 -0.373963 0.0 -0.367069 -0.374174 0.0 -0.366835 -0.374384 0.0 -0.366601 -0.374594 0.0 -0.366366 -0.374803 0.0 -0.366131 -0.375011 0.0 -0.365895 -0.375218 0.0 -0.365659 -0.375425 0.0 -0.365421 -0.375631 0.0 -0.365183 -0.375836 0.0 -0.364944 -0.37604 0.0 -0.364706 -0.376244 0.0 -0.364465 -0.376447 0.0 -0.364225 -0.376649 0.0 -0.363984 -0.37685 0.0 -0.363742 -0.377051 0.0 -0.3635 -0.377251 0.0 -0.363257 -0.37745 0.0 -0.363013 -0.377648 0.0 -0.362769 -0.377846 0.0 -0.362524 -0.378043 0.0 -0.362279 -0.378239 0.0 -0.362032 -0.378434 0.0 -0.361786 -0.378629 0.0 -0.361538 -0.378822 0.0 -0.361291 -0.379016 0.0 -0.361042 -0.379207 0.0 -0.360793 -0.379399 0.0 -0.360543 -0.379589 0.0 -0.360293 -0.379779 0.0 -0.360042 -0.379968 0.0 -0.35979 -0.380157 0.0 -0.359538 -0.380344 0.0 -0.359286 -0.380531 0.0 -0.359032 -0.380716 0.0 -0.358779 -0.380902 0.0 -0.358524 -0.381086 0.0 -0.358269 -0.381269 0.0 -0.358013 -0.381452 0.0 -0.357757 -0.381634 0.0 -0.3575 -0.381815 0.0 -0.357243 -0.381995 0.0 -0.356985 -0.382174 0.0 -0.356727 -0.382353 0.0 -0.356468 -0.382531 0.0 -0.356208 -0.382708 0.0 -0.355948 -0.382884 0.0 -0.355688 -0.38306 0.0 -0.355426 -0.383234 0.0 -0.355165 -0.383408 0.0 -0.354902 -0.38358 0.0 -0.354639 -0.383753 0.0 -0.354376 -0.383924 0.0 -0.354112 -0.384094 0.0 -0.353847 -0.384264 0.0 -0.353583 -0.384433 0.0 -0.353317 -0.3846 0.0 -0.353051 -0.384768 0.0 -0.352784 -0.384934 0.0 -0.352517 -0.385099 0.0 -0.35225 -0.385264 0.0 -0.351982 -0.385428 0.0 -0.351713 -0.38559 0.0 -0.351444 -0.385753 0.0 -0.351174 -0.385913 0.0 -0.350904 -0.386074 0.0 -0.350633 -0.386233 0.0 -0.350362 -0.386392 0.0 -0.35009 -0.38655 0.0 -0.349819 -0.386707 0.0 -0.349546 -0.386863 0.0 -0.349273 -0.387018 0.0 -0.348999 -0.387172 0.0 -0.348725 -0.387326 0.0 -0.34845 -0.387478 0.0 -0.348175 -0.387631 0.0 -0.3479 -0.387781 0.0 -0.347624 -0.387932 0.0 -0.347347 -0.38808 0.0 -0.34707 -0.388229 0.0 -0.346793 -0.388376 0.0 -0.346515 -0.388523 0.0 -0.346237 -0.388668 0.0 -0.345958 -0.388814 0.0 -0.345679 -0.388957 0.0 -0.345399 -0.389101 0.0 -0.345119 -0.389242 0.0 -0.344838 -0.389384 0.0 -0.344557 -0.389524 0.0 -0.344276 -0.389664 0.0 -0.343994 -0.389802 0.0 -0.343712 -0.389941 0.0 -0.343429 -0.390077 0.0 -0.343146 -0.390213 0.0 -0.342862 -0.390348 0.0 -0.342578 -0.390483 0.0 -0.342293 -0.390616 0.0 -0.342009 -0.390748 0.0 -0.341723 -0.39088 0.0 -0.341438 -0.391011 0.0 -0.341151 -0.39114 0.0 -0.340865 -0.391269 0.0 -0.340578 -0.391397 0.0 -0.340291 -0.391524 0.0 -0.340003 -0.39165 0.0 -0.339715 -0.391775 0.0 -0.339426 -0.391899 0.0 -0.339137 -0.392023 0.0 -0.338848 -0.392145 0.0 -0.338558 -0.392267 0.0 -0.338268 -0.392387 0.0 -0.337978 -0.392508 0.0 -0.337687 -0.392626 0.0 -0.337396 -0.392745 0.0 -0.337104 -0.392861 0.0 -0.336812 -0.392978 0.0 -0.33652 -0.393092 0.0 -0.336228 -0.393207 0.0 -0.335934 -0.39332 0.0 -0.335641 -0.393433 0.0 -0.335347 -0.393544 0.0 -0.335053 -0.393655 0.0 -0.334759 -0.393764 0.0 -0.334464 -0.393873 0.0 -0.334169 -0.393981 0.0 -0.333874 -0.394088 0.0 -0.333578 -0.394194 0.0 -0.333282 -0.394299 0.0 -0.332985 -0.394403 0.0 -0.332689 -0.394506 0.0 -0.332392 -0.394608 0.0 -0.332094 -0.39471 0.0 -0.331797 -0.39481 0.0 -0.331499 -0.39491 0.0 -0.3312 -0.395008 0.0 -0.330902 -0.395106 0.0 -0.330603 -0.395202 0.0 -0.330304 -0.395298 0.0 -0.330004 -0.395392 0.0 -0.329704 -0.395486 0.0 -0.329404 -0.395579 0.0 -0.329104 -0.395671 0.0 -0.328803 -0.395762 0.0 -0.328502 -0.395852 0.0 -0.328201 -0.395941 0.0 -0.327899 -0.396029 0.0 -0.327597 -0.396116 0.0 -0.327295 -0.396203 0.0 -0.326993 -0.396288 0.0 -0.32669 -0.396372 0.0 -0.326387 -0.396455 0.0 -0.326084 -0.396538 0.0 -0.325781 -0.396619 0.0 -0.325477 -0.3967 0.0 -0.325173 -0.396779 0.0 -0.324869 -0.396858 0.0 -0.324564 -0.396935 0.0 -0.32426 -0.397013 0.0 -0.323955 -0.397088 0.0 -0.32365 -0.397163 0.0 -0.323344 -0.397237 0.0 -0.323039 -0.39731 0.0 -0.322733 -0.397381 0.0 -0.322427 -0.397453 0.0 -0.322121 -0.397522 0.0 -0.321814 -0.397592 0.0 -0.321508 -0.397659 0.0 -0.321201 -0.397727 0.0 -0.320893 -0.397792 0.0 -0.320586 -0.397858 0.0 -0.320279 -0.397922 0.0 -0.319971 -0.397986 0.0 -0.319663 -0.398047 0.0 -0.319355 -0.398109 0.0 -0.319047 -0.398169 0.0 -0.318738 -0.398229 0.0 -0.318429 -0.398287 0.0 -0.318121 -0.398345 0.0 -0.317811 -0.3984 0.0 -0.317502 -0.398456 0.0 -0.317193 -0.39851 0.0 -0.316883 -0.398564 0.0 -0.316574 -0.398617 0.0 -0.316264 -0.398669 0.0 -0.315954 -0.398719 0.0 -0.315643 -0.398769 0.0 -0.315333 -0.398817 0.0 -0.315023 -0.398865 0.0 -0.314712 -0.398911 0.0 -0.314401 -0.398958 0.0 -0.31409 -0.399002 0.0 -0.313779 -0.399046 0.0 -0.313468 -0.399088 0.0 -0.313156 -0.399131 0.0 -0.312845 -0.399171 0.0 -0.312533 -0.399211 0.0 -0.312222 -0.39925 0.0 -0.31191 -0.399288 0.0 -0.311598 -0.399325 0.0 -0.311286 -0.399361 0.0 -0.310973 -0.399396 0.0 -0.310661 -0.39943 0.0 -0.310349 -0.399463 0.0 -0.310036 -0.399495 0.0 -0.309724 -0.399526 0.0 -0.309411 -0.399556 0.0 -0.309098 -0.399585 0.0 -0.308785 -0.399613 0.0 -0.308472 -0.39964 0.0 -0.308159 -0.399667 0.0 -0.307846 -0.399691 0.0 -0.307533 -0.399716 0.0 -0.307219 -0.399739 0.0 -0.306906 -0.399761 0.0 -0.306593 -0.399782 0.0 -0.306279 -0.399803 0.0 -0.305965 -0.399821 0.0 -0.305652 -0.39984 0.0 -0.305338 -0.399857 0.0 -0.305024 -0.399874 0.0 -0.304711 -0.399888 0.0 -0.304397 -0.399903 0.0 -0.304083 -0.399916 0.0 -0.303769 -0.399929 0.0 -0.303455 -0.39994 0.0 -0.303141 -0.399951 0.0 -0.302827 -0.39996 0.0 -0.302513 -0.399968 0.0 -0.302199 -0.399975 0.0 -0.301885 -0.399982 0.0 -0.301571 -0.399987 0.0 -0.301257 -0.399992 0.0 -0.300942 -0.399995 0.0 -0.300628 -0.399998 0.0 -0.300314 -0.399999 0.0 -0.3 -0.4 0.0 -0.299686 -0.399999 0.0 -0.299372 -0.399998 0.0 -0.299058 -0.399995 0.0 -0.298743 -0.399992 0.0 -0.298429 -0.399987 0.0 -0.298115 -0.399982 0.0 -0.297801 -0.399975 0.0 -0.297487 -0.399968 0.0 -0.297173 -0.39996 0.0 -0.296859 -0.399951 0.0 -0.296545 -0.39994 0.0 -0.296231 -0.399929 0.0 -0.295917 -0.399916 0.0 -0.295603 -0.399903 0.0 -0.295289 -0.399888 0.0 -0.294976 -0.399874 0.0 -0.294662 -0.399857 0.0 -0.294348 -0.39984 0.0 -0.294035 -0.399821 0.0 -0.293721 -0.399803 0.0 -0.293407 -0.399782 0.0 -0.293094 -0.399761 0.0 -0.292781 -0.399739 0.0 -0.292467 -0.399716 0.0 -0.292154 -0.399691 0.0 -0.291841 -0.399667 0.0 -0.291528 -0.39964 0.0 -0.291215 -0.399613 0.0 -0.290902 -0.399585 0.0 -0.290589 -0.399556 0.0 -0.290276 -0.399526 0.0 -0.289964 -0.399495 0.0 -0.289651 -0.399463 0.0 -0.289339 -0.39943 0.0 -0.289027 -0.399396 0.0 -0.288714 -0.399361 0.0 -0.288402 -0.399325 0.0 -0.28809 -0.399288 0.0 -0.287778 -0.39925 0.0 -0.287467 -0.399211 0.0 -0.287155 -0.399171 0.0 -0.286844 -0.399131 0.0 -0.286532 -0.399088 0.0 -0.286221 -0.399046 0.0 -0.28591 -0.399002 0.0 -0.285599 -0.398958 0.0 -0.285288 -0.398911 0.0 -0.284977 -0.398865 0.0 -0.284667 -0.398817 0.0 -0.284357 -0.398769 0.0 -0.284046 -0.398719 0.0 -0.283736 -0.398669 0.0 -0.283426 -0.398617 0.0 -0.283117 -0.398564 0.0 -0.282807 -0.39851 0.0 -0.282498 -0.398456 0.0 -0.282189 -0.3984 0.0 -0.281879 -0.398345 0.0 -0.281571 -0.398287 0.0 -0.281262 -0.398229 0.0 -0.280953 -0.398169 0.0 -0.280645 -0.398109 0.0 -0.280337 -0.398047 0.0 -0.280029 -0.397986 0.0 -0.279721 -0.397922 0.0 -0.279414 -0.397858 0.0 -0.279107 -0.397792 0.0 -0.278799 -0.397727 0.0 -0.278492 -0.397659 0.0 -0.278186 -0.397592 0.0 -0.277879 -0.397522 0.0 -0.277573 -0.397453 0.0 -0.277267 -0.397381 0.0 -0.276961 -0.39731 0.0 -0.276656 -0.397237 0.0 -0.27635 -0.397163 0.0 -0.276045 -0.397088 0.0 -0.27574 -0.397013 0.0 -0.275436 -0.396935 0.0 -0.275131 -0.396858 0.0 -0.274827 -0.396779 0.0 -0.274523 -0.3967 0.0 -0.274219 -0.396619 0.0 -0.273916 -0.396538 0.0 -0.273613 -0.396455 0.0 -0.27331 -0.396372 0.0 -0.273007 -0.396288 0.0 -0.272705 -0.396203 0.0 -0.272403 -0.396116 0.0 -0.272101 -0.396029 0.0 -0.271799 -0.395941 0.0 -0.271498 -0.395852 0.0 -0.271197 -0.395762 0.0 -0.270896 -0.395671 0.0 -0.270596 -0.395579 0.0 -0.270296 -0.395486 0.0 -0.269996 -0.395392 0.0 -0.269696 -0.395298 0.0 -0.269397 -0.395202 0.0 -0.269098 -0.395106 0.0 -0.2688 -0.395008 0.0 -0.268501 -0.39491 0.0 -0.268203 -0.39481 0.0 -0.267906 -0.39471 0.0 -0.267608 -0.394608 0.0 -0.267311 -0.394506 0.0 -0.267015 -0.394403 0.0 -0.266718 -0.394299 0.0 -0.266422 -0.394194 0.0 -0.266126 -0.394088 0.0 -0.265831 -0.393981 0.0 -0.265536 -0.393873 0.0 -0.265241 -0.393764 0.0 -0.264947 -0.393655 0.0 -0.264653 -0.393544 0.0 -0.264359 -0.393433 0.0 -0.264066 -0.39332 0.0 -0.263772 -0.393207 0.0 -0.26348 -0.393092 0.0 -0.263188 -0.392978 0.0 -0.262896 -0.392861 0.0 -0.262604 -0.392745 0.0 -0.262313 -0.392626 0.0 -0.262022 -0.392508 0.0 -0.261732 -0.392387 0.0 -0.261442 -0.392267 0.0 -0.261152 -0.392145 0.0 -0.260863 -0.392023 0.0 -0.260574 -0.391899 0.0 -0.260285 -0.391775 0.0 -0.259997 -0.39165 0.0 -0.259709 -0.391524 0.0 -0.259422 -0.391397 0.0 -0.259135 -0.391269 0.0 -0.258849 -0.39114 0.0 -0.258562 -0.391011 0.0 -0.258277 -0.39088 0.0 -0.257991 -0.390748 0.0 -0.257707 -0.390616 0.0 -0.257422 -0.390483 0.0 -0.257138 -0.390348 0.0 -0.256854 -0.390213 0.0 -0.256571 -0.390077 0.0 -0.256288 -0.389941 0.0 -0.256006 -0.389802 0.0 -0.255724 -0.389664 0.0 -0.255443 -0.389524 0.0 -0.255162 -0.389384 0.0 -0.254881 -0.389242 0.0 -0.254601 -0.389101 0.0 -0.254321 -0.388957 0.0 -0.254042 -0.388814 0.0 -0.253763 -0.388668 0.0 -0.253485 -0.388523 0.0 -0.253207 -0.388376 0.0 -0.25293 -0.388229 0.0 -0.252653 -0.38808 0.0 -0.252376 -0.387932 0.0 -0.2521 -0.387781 0.0 -0.251825 -0.387631 0.0 -0.25155 -0.387478 0.0 -0.251275 -0.387326 0.0 -0.251001 -0.387172 0.0 -0.250727 -0.387018 0.0 -0.250454 -0.386863 0.0 -0.250181 -0.386707 0.0 -0.24991 -0.38655 0.0 -0.249638 -0.386392 0.0 -0.249367 -0.386233 0.0 -0.249096 -0.386074 0.0 -0.248826 -0.385913 0.0 -0.248556 -0.385753 0.0 -0.248287 -0.38559 0.0 -0.248018 -0.385428 0.0 -0.24775 -0.385264 0.0 -0.247483 -0.385099 0.0 -0.247216 -0.384934 0.0 -0.246949 -0.384768 0.0 -0.246683 -0.3846 0.0 -0.246417 -0.384433 0.0 -0.246153 -0.384264 0.0 -0.245888 -0.384094 0.0 -0.245624 -0.383924 0.0 -0.245361 -0.383753 0.0 -0.245098 -0.38358 0.0 -0.244835 -0.383408 0.0 -0.244574 -0.383234 0.0 -0.244312 -0.38306 0.0 -0.244052 -0.382884 0.0 -0.243792 -0.382708 0.0 -0.243532 -0.382531 0.0 -0.243273 -0.382353 0.0 -0.243015 -0.382174 0.0 -0.242757 -0.381995 0.0 -0.2425 -0.381815 0.0 -0.242243 -0.381634 0.0 -0.241987 -0.381452 0.0 -0.241731 -0.381269 0.0 -0.241476 -0.381086 0.0 -0.241221 -0.380902 0.0 -0.240968 -0.380716 0.0 -0.240714 -0.380531 0.0 -0.240462 -0.380344 0.0 -0.24021 -0.380157 0.0 -0.239958 -0.379968 0.0 -0.239707 -0.379779 0.0 -0.239457 -0.379589 0.0 -0.239207 -0.379399 0.0 -0.238958 -0.379207 0.0 -0.238709 -0.379016 0.0 -0.238462 -0.378822 0.0 -0.238214 -0.378629 0.0 -0.237968 -0.378434 0.0 -0.237721 -0.378239 0.0 -0.237476 -0.378043 0.0 -0.237231 -0.377846 0.0 -0.236987 -0.377648 0.0 -0.236743 -0.37745 0.0 -0.2365 -0.377251 0.0 -0.236258 -0.377051 0.0 -0.236016 -0.37685 0.0 -0.235775 -0.376649 0.0 -0.235535 -0.376447 0.0 -0.235294 -0.376244 0.0 -0.235056 -0.37604 0.0 -0.234817 -0.375836 0.0 -0.234579 -0.375631 0.0 -0.234341 -0.375425 0.0 -0.234105 -0.375218 0.0 -0.233869 -0.375011 0.0 -0.233634 -0.374803 0.0 -0.233399 -0.374594 0.0 -0.233165 -0.374384 0.0 -0.232931 -0.374174 0.0 -0.232699 -0.373963 0.0 -0.232467 -0.373751 0.0 -0.232236 -0.373538 0.0 -0.232005 -0.373326 0.0 -0.231775 -0.373111 0.0 -0.231545 -0.372897 0.0 -0.231317 -0.372681 0.0 -0.231089 -0.372465 0.0 -0.230862 -0.372248 0.0 -0.230635 -0.372031 0.0 -0.230409 -0.371812 0.0 -0.230183 -0.371594 0.0 -0.229959 -0.371374 0.0 -0.229735 -0.371154 0.0 -0.229512 -0.370932 0.0 -0.229289 -0.370711 0.0 -0.229068 -0.370488 0.0 -0.228846 -0.370265 0.0 -0.228626 -0.370041 0.0 -0.228406 -0.369817 0.0 -0.228188 -0.369591 0.0 -0.227969 -0.369365 0.0 -0.227752 -0.369138 0.0 -0.227535 -0.368911 0.0 -0.227319 -0.368683 0.0 -0.227103 -0.368455 0.0 -0.226889 -0.368225 0.0 -0.226674 -0.367995 0.0 -0.226462 -0.367764 0.0 -0.226249 -0.367533 0.0 -0.226037 -0.367301 0.0 -0.225826 -0.367069 0.0 -0.225616 -0.366835 0.0 -0.225406 -0.366601 0.0 -0.225197 -0.366366 0.0 -0.224989 -0.366131 0.0 -0.224782 -0.365895 0.0 -0.224575 -0.365659 0.0 -0.224369 -0.365421 0.0 -0.224164 -0.365183 0.0 -0.22396 -0.364944 0.0 -0.223756 -0.364706 0.0 -0.223553 -0.364465 0.0 -0.223351 -0.364225 0.0 -0.22315 -0.363984 0.0 -0.222949 -0.363742 0.0 -0.222749 -0.3635 0.0 -0.22255 -0.363257 0.0 -0.222352 -0.363013 0.0 -0.222154 -0.362769 0.0 -0.221957 -0.362524 0.0 -0.221761 -0.362279 0.0 -0.221566 -0.362032 0.0 -0.221371 -0.361786 0.0 -0.221178 -0.361538 0.0 -0.220984 -0.361291 0.0 -0.220793 -0.361042 0.0 -0.220601 -0.360793 0.0 -0.220411 -0.360543 0.0 -0.220221 -0.360293 0.0 -0.220032 -0.360042 0.0 -0.219843 -0.35979 0.0 -0.219656 -0.359538 0.0 -0.219469 -0.359286 0.0 -0.219284 -0.359032 0.0 -0.219098 -0.358779 0.0 -0.218914 -0.358524 0.0 -0.218731 -0.358269 0.0 -0.218548 -0.358013 0.0 -0.218366 -0.357757 0.0 -0.218185 -0.3575 0.0 -0.218005 -0.357243 0.0 -0.217826 -0.356985 0.0 -0.217647 -0.356727 0.0 -0.217469 -0.356468 0.0 -0.217292 -0.356208 0.0 -0.217116 -0.355948 0.0 -0.21694 -0.355688 0.0 -0.216766 -0.355426 0.0 -0.216592 -0.355165 0.0 -0.21642 -0.354902 0.0 -0.216247 -0.354639 0.0 -0.216076 -0.354376 0.0 -0.215906 -0.354112 0.0 -0.215736 -0.353847 0.0 -0.215567 -0.353583 0.0 -0.2154 -0.353317 0.0 -0.215232 -0.353051 0.0 -0.215066 -0.352784 0.0 -0.214901 -0.352517 0.0 -0.214736 -0.35225 0.0 -0.214572 -0.351982 0.0 -0.21441 -0.351713 0.0 -0.214247 -0.351444 0.0 -0.214087 -0.351174 0.0 -0.213926 -0.350904 0.0 -0.213767 -0.350633 0.0 -0.213608 -0.350362 0.0 -0.21345 -0.35009 0.0 -0.213293 -0.349819 0.0 -0.213137 -0.349546 0.0 -0.212982 -0.349273 0.0 -0.212828 -0.348999 0.0 -0.212674 -0.348725 0.0 -0.212522 -0.34845 0.0 -0.212369 -0.348175 0.0 -0.212219 -0.3479 0.0 -0.212068 -0.347624 0.0 -0.21192 -0.347347 0.0 -0.211771 -0.34707 0.0 -0.211624 -0.346793 0.0 -0.211477 -0.346515 0.0 -0.211332 -0.346237 0.0 -0.211186 -0.345958 0.0 -0.211043 -0.345679 0.0 -0.210899 -0.345399 0.0 -0.210758 -0.345119 0.0 -0.210616 -0.344838 0.0 -0.210476 -0.344557 0.0 -0.210336 -0.344276 0.0 -0.210198 -0.343994 0.0 -0.210059 -0.343712 0.0 -0.209923 -0.343429 0.0 -0.209787 -0.343146 0.0 -0.209652 -0.342862 0.0 -0.209517 -0.342578 0.0 -0.209384 -0.342293 0.0 -0.209252 -0.342009 0.0 -0.20912 -0.341723 0.0 -0.208989 -0.341438 0.0 -0.20886 -0.341151 0.0 -0.208731 -0.340865 0.0 -0.208603 -0.340578 0.0 -0.208476 -0.340291 0.0 -0.20835 -0.340003 0.0 -0.208225 -0.339715 0.0 -0.208101 -0.339426 0.0 -0.207977 -0.339137 0.0 -0.207855 -0.338848 0.0 -0.207733 -0.338558 0.0 -0.207613 -0.338268 0.0 -0.207492 -0.337978 0.0 -0.207374 -0.337687 0.0 -0.207255 -0.337396 0.0 -0.207139 -0.337104 0.0 -0.207022 -0.336812 0.0 -0.206908 -0.33652 0.0 -0.206793 -0.336228 0.0 -0.20668 -0.335934 0.0 -0.206567 -0.335641 0.0 -0.206456 -0.335347 0.0 -0.206345 -0.335053 0.0 -0.206236 -0.334759 0.0 -0.206127 -0.334464 0.0 -0.206019 -0.334169 0.0 -0.205912 -0.333874 0.0 -0.205806 -0.333578 0.0 -0.205701 -0.333282 0.0 -0.205597 -0.332985 0.0 -0.205494 -0.332689 0.0 -0.205392 -0.332392 0.0 -0.20529 -0.332094 0.0 -0.20519 -0.331797 0.0 -0.20509 -0.331499 0.0 -0.204992 -0.3312 0.0 -0.204894 -0.330902 0.0 -0.204798 -0.330603 0.0 -0.204702 -0.330304 0.0 -0.204608 -0.330004 0.0 -0.204514 -0.329704 0.0 -0.204421 -0.329404 0.0 -0.204329 -0.329104 0.0 -0.204238 -0.328803 0.0 -0.204148 -0.328502 0.0 -0.204059 -0.328201 0.0 -0.203971 -0.327899 0.0 -0.203884 -0.327597 0.0 -0.203797 -0.327295 0.0 -0.203712 -0.326993 0.0 -0.203628 -0.32669 0.0 -0.203545 -0.326387 0.0 -0.203462 -0.326084 0.0 -0.203381 -0.325781 0.0 -0.2033 -0.325477 0.0 -0.203221 -0.325173 0.0 -0.203142 -0.324869 0.0 -0.203065 -0.324564 0.0 -0.202987 -0.32426 0.0 -0.202912 -0.323955 0.0 -0.202837 -0.32365 0.0 -0.202763 -0.323344 0.0 -0.20269 -0.323039 0.0 -0.202619 -0.322733 0.0 -0.202547 -0.322427 0.0 -0.202478 -0.322121 0.0 -0.202408 -0.321814 0.0 -0.202341 -0.321508 0.0 -0.202273 -0.321201 0.0 -0.202208 -0.320893 0.0 -0.202142 -0.320586 0.0 -0.202078 -0.320279 0.0 -0.202014 -0.319971 0.0 -0.201953 -0.319663 0.0 -0.201891 -0.319355 0.0 -0.201831 -0.319047 0.0 -0.201771 -0.318738 0.0 -0.201713 -0.318429 0.0 -0.201655 -0.318121 0.0 -0.2016 -0.317811 0.0 -0.201544 -0.317502 0.0 -0.20149 -0.317193 0.0 -0.201436 -0.316883 0.0 -0.201383 -0.316574 0.0 -0.201331 -0.316264 0.0 -0.201281 -0.315954 0.0 -0.201231 -0.315643 0.0 -0.201183 -0.315333 0.0 -0.201135 -0.315023 0.0 -0.201089 -0.314712 0.0 -0.201042 -0.314401 0.0 -0.200998 -0.31409 0.0 -0.200954 -0.313779 0.0 -0.200912 -0.313468 0.0 -0.200869 -0.313156 0.0 -0.200829 -0.312845 0.0 -0.200789 -0.312533 0.0 -0.20075 -0.312222 0.0 -0.200712 -0.31191 0.0 -0.200675 -0.311598 0.0 -0.200639 -0.311286 0.0 -0.200604 -0.310973 0.0 -0.20057 -0.310661 0.0 -0.200537 -0.310349 0.0 -0.200505 -0.310036 0.0 -0.200474 -0.309724 0.0 -0.200444 -0.309411 0.0 -0.200415 -0.309098 0.0 -0.200387 -0.308785 0.0 -0.20036 -0.308472 0.0 -0.200333 -0.308159 0.0 -0.200309 -0.307846 0.0 -0.200284 -0.307533 0.0 -0.200261 -0.307219 0.0 -0.200239 -0.306906 0.0 -0.200218 -0.306593 0.0 -0.200197 -0.306279 0.0 -0.200179 -0.305965 0.0 -0.20016 -0.305652 0.0 -0.200143 -0.305338 0.0 -0.200126 -0.305024 0.0 -0.200112 -0.304711 0.0 -0.200097 -0.304397 0.0 -0.200084 -0.304083 0.0 -0.200071 -0.303769 0.0 -0.20006 -0.303455 0.0 -0.200049 -0.303141 0.0 -0.20004 -0.302827 0.0 -0.200032 -0.302513 0.0 -0.200025 -0.302199 0.0 -0.200018 -0.301885 0.0 -0.200013 -0.301571 0.0 -0.200008 -0.301257 0.0 -0.200005 -0.300942 0.0 -0.200002 -0.300628 0.0 -0.200001 -0.300314 0.0 
        </DataArray>
      </Points>
      <Polys>
        <DataArray type="Int64" Name="connectivity" format="ascii">
0 1 1 2 2 3 3 4 4 5 5 6 6 7 7 8 8 9 9 10 10 11 11 12 12 13 13 14 14 15 15 16 16 17 17 18 18 19 19 20 20 21 21 22 22 23 23 24 24 25 25 26 26 27 27 28 28 29 29 30 30 31 31 32 32 33 33 34 34 35 35 36 36 37 37 38 38 39 39 40 40 41 41 42 42 43 43 44 44 45 45 46 46 47 47 48 48 49 49 50 50 51 51 52 52 53 53 54 54 55 55 56 56 57 57 58 58 59 59 60 60 61 61 62 62 63 63 64 64 65 65 66 66 67 67 68 68 69 69 70 70 71 71 72 72 73 73 74 74 75 75 76 76 77 77 78 78 79 79 80 80 81 81 82 82 83 83 84 84 85 85 86 86 87 87 88 88 89 89 90 90 91 91 92 92 93 93 94 94 95 95 96 96 97 97 98 98 99 99 100 100 101 101 102 102 103 103 104 104 105 105 106 106 107 107 108 108 109 109 110 110 111 111 112 112 113 113 114 114 115 115 116 116 117 117 118 118 119 119 120 120 121 121 122 122 123 123 124 124 125 125 126 126 127 127 128 128 129 129 130 130 131 131 132 132 133 133 134 134 135 135 136 136 137 137 138 138 139 139 140 140 141 141 142 142 143 143 144 144 145 145 146 146 147 147 148 148 149 149 150 150 151 151 152 152 153 153 154 154 155 155 156 156 157 157 158 158 159 159 160 160 161 161 162 162 163 163 164 164 165 165 166 166 167 167 168 168 169 169 170 170 171 171 172 172 173 173 174 174 175 175 176 176 177 177 178 178 179 179 180 180 181 181 182 182 183 183 184 184 185 185 186 186 187 187 188 188 189 189 190 190 191 191 192 192 193 193 194 194 195 195 196 196 197 197 198 198 199 199 200 200 201 201 202 202 203 203 204 204 205 205 206 206 207 207 208 208 209 209 210 210 211 211 212 212 213 213 214 214 215 215 216 216 217 217 218 218 219 219 220 220 221 221 222 222 223 223 224 224 225 225 226 226 227 227 228 228 229 229 230 230 231 231 232 232 233 233 234 234 235 235 236 236 237 237 238 238 239 239 240 240 241 241 242 242 243 243 244 244 245 245 246 246 247 247 248 248 249 249 250 250 251 251 252 252 253 253 254 254 255 255 256 256 257 257 258 258 259 259 260 260 261 261 262 262 263 263 264 264 265 265 266 266 267 267 268 268 269 269 270 270 271 271 272 272 273 273 274 274 275 275 276 276 277 277 278 278 279 279 280 280 281 281 282 282 283 283 284 284 285 285 286 286 287 287 288 288 289 289 290 290 291 291 292 292 293 293 294 294 295 295 296 296 297 297 298 298 299 299 300 300 301 301 302 302 303 303 304 304 305 305 306 306 307 307 308 308 309 309 310 310 311 311 312 312 313 313 314 314 315 315 316 316 317 317 318 318 319 319 320 320 321 321 322 322 323 323 324 324 325 325 326 326 327 327 328 328 329 329 330 330 331 331 332 332 333 333 334 334 335 335 336 336 337 337 338 338 339 339 340 340 341 341 342 342 343 343 344 344 345 345 346 346 347 347 348 348 349 349 350 350 351 351 352 352 353 353 354 354 355 355 356 356 357 357 358 358 359 359 360 360 361 361 362 362 363 363 364 364 365 365 366 366 367 367 368 368 369 369 370 370 371 371 372 372 373 373 374 374 375 375 376 376 377 377 378 378 379 379 380 380 381 381 382 382 383 383 384 384 385 385 386 386 387 387 388 388 389 389 390 390 391 391 392 392 393 393 394 394 395 395 396 396 397 397 398 398 399 399 400 400 401 401 402 402 403 403 404 404 405 405 406 406 407 407 408 408 409 409 410 410 411 411 412 412 413 413 414 414 415 415 416 416 417 417 418 418 419 419 420 420 421 421 422 422 423 423 424 424 425 425 426 426 427 427 428 428 429 429 430 430 431 431 432 432 433 433 434 434 435 435 436 436 437 437 438 438 439 439 440 440 441 441 442 442 443 443 444 444 445 445 446 446 447 447 448 448 449 449 450 450 451 451 452 452 453 453 454 454 455 455 456 456 457 457 458 458 459 459 460 460 461 461 462 462 463 463 464 464 465 465 466 466 467 467 468 468 469 469 470 470 471 471 472 472 473 473 474 474 475 475 476 476 477 477 478 478 479 479 480 480 481 481 482 482 483 483 484 484 485 485 486 486 487 487 488 488 489 489 490 490 491 491 492 492 493 493 494 494 495 495 496 496 497 497 498 498 499 499 500 500 501 501 502 502 503 503 504 504 505 505 506 506 507 507 508 508 509 509 510 510 511 511 512 512 513 513 514 514 515 515 516 516 517 517 518 518 519 519 520 520 521 521 522 522 523 523 524 524 525 525 526 526 527 527 528 528 529 529 530 530 531 531 532 532 533 533 534 534 535 535 536 536 537 537 538 538 539 539 540 540 541 541 542 542 543 543 544 544 545 545 546 546 547 547 548 548 549 549 550 550 551 551 552 552 553 553 554 554 555 555 556 556 557 557 558 558 559 559 560 560 561 561 562 562 563 563 564 564 565 565 566 566 567 567 568 568 569 569 570 570 571 571 572 572 573 573 574 574 575 575 576 576 577 577 578 578 579 579 580 580 581 581 582 582 583 583 584 584 585 585 586 586 587 587 588 588 589 589 590 590 591 591 592 592 593 593 594 594 595 595 596 596 597 597 598 598 599 599 600 600 601 601 602 602 603 603 604 604 605 605 606 606 607 607 608 608 609 609 610 610 611 611 612 612 613 613 614 614 615 615 616 616 617 617 618 618 619 619 620 620 621 621 622 622 623 623 624 624 625 625 626 626 627 627 628 628 629 629 630 630 631 631 632 632 633 633 634 634 635 635 636 636 637 637 638 638 639 639 640 640 641 641 642 642 643 643 644 644 645 645 646 646 647 647 648 648 649 649 650 650 651 651 652 652 653 653 654 654 655 655 656 656 657 657 658 658 659 659 660 660 661 661 662 662 663 663 664 664 665 665 666 666 667 667 668 668 669 669 670 670 671 671 672 672 673 673 674 674 675 675 676 676 677 677 678 678 679 679 680 680 681 681 682 682 683 683 684 684 685 685 686 686 687 687 688 688 689 689 690 690 691 691 692 692 693 693 694 694 695 695 696 696 697 697 698 698 699 699 700 700 701 701 702 702 703 703 704 704 705 705 706 706 707 707 708 708 709 709 710 710 711 711 712 712 713 713 714 714 715 715 716 716 717 717 718 718 719 719 720 720 721 721 722 722 723 723 724 724 725 725 726 726 727 727 728 728 729 729 730 730 731 731 732 732 733 733 734 734 735 735 736 736 737 737 738 738 739 739 740 740 741 741 742 742 743 743 744 744 745 745 746 746 747 747 748 748 749 749 750 750 751 751 752 752 753 753 754 754 755 755 756 756 757 757 758 758 759 759 760 760 761 761 762 762 763 763 764 764 765 765 766 766 767 767 768 768 769 769 770 770 771 771 772 772 773 773 774 774 775 775 776 776 777 777 778 778 779 779 780 780 781 781 782 782 783 783 784 784 785 785 786 786 787 787 788 788 789 789 790 790 791 791 792 792 793 793 794 794 795 795 796 796 797 797 798 798 799 799 800 800 801 801 802 802 803 803 804 804 805 805 806 806 807 807 808 808 809 809 810 810 811 811 812 812 813 813 814 814 815 815 816 816 817 817 818 818 819 819 820 820 821 821 822 822 823 823 824 824 825 825 826 826 827 827 828 828 829 829 830 830 831 831 832 832 833 833 834 834 835 835 836 836 837 837 838 838 839 839 840 840 841 841 842 842 843 843 844 844 845 845 846 846 847 847 848 848 849 849 850 850 851 851 852 852 853 853 854 854 855 855 856 856 857 857 858 858 859 859 860 860 861 861 862 862 863 863 864 864 865 865 866 866 867 867 868 868 869 869 870 870 871 871 872 872 873 873 874 874 875 875 876 876 877 877 878 878 879 879 880 880 881 881 882 882 883 883 884 884 885 885 886 886 887 887 888 888 889 889 890 890 891 891 892 892 893 893 894 894 895 895 896 896 897 897 898 898 899 899 900 900 901 901 902 902 903 903 904 904 905 905 906 906 907 907 908 908 909 909 910 910 911 911 912 912 913 913 914 914 915 915 916 916 917 917 918 918 919 919 920 920 921 921 922 922 923 923 924 924 925 925 926 926 927 927 928 928 929 929 930 930 931 931 932 932 933 933 934 934 935 935 936 936 937 937 938 938 939 939 940 940 941 941 942 942 943 943 944 944 945 945 946 946 947 947 948 948 949 949 950 950 951 951 952 952 953 953 954 954 955 955 956 956 957 957 958 958 959 959 960 960 961 961 962 962 963 963 964 964 965 965 966 966 967 967 968 968 969 969 970 970 971 971 972 972 973 973 974 974 975 975 976 976 977 977 978 978 979 979 980 980 981 981 982 982 983 983 984 984 985 985 986 986 987 987 988 988 989 989 990 990 991 991 992 992 993 993 994 994 995 995 996 996 997 997 998 998 999 999 1000 1000 1001 1001 1002 1002 1003 1003 1004 1004 1005 1005 1006 1006 1007 1007 1008 1008 1009 1009 1010 1010 1011 1011 1012 1012 1013 1013 1014 1014 1015 1015 1016 1016 1017 1017 1018 1018 1019 1019 1020 1020 1021 1021 1022 1022 1023 1023 1024 1024 1025 1025 1026 1026 1027 1027 1028 1028 1029 1029 1030 1030 1031 1031 1032 1032 1033 1033 1034 1034 1035 1035 1036 1036 1037 1037 1038 1038 1039 1039 1040 1040 1041 1041 1042 1042 1043 1043 1044 1044 1045 1045 1046 1046 1047 1047 1048 1048 1049 1049 1050 1050 1051 1051 1052 1052 1053 1053 1054 1054 1055 1055 1056 1056 1057 1057 1058 1058 1059 1059 1060 1060 1061 1061 1062 1062 1063 1063 1064 1064 1065 1065 1066 1066 1067 1067 1068 1068 1069 1069 1070 1070 1071 1071 1072 1072 1073 1073 1074 1074 1075 1075 1076 1076 1077 1077 1078 1078 1079 1079 1080 1080 1081 1081 1082 1082 1083 1083 1084 1084 1085 1085 1086 1086 1087 1087 1088 1088 1089 1089 1090 1090 1091 1091 1092 1092 1093 1093 1094 1094 1095 1095 1096 1096 1097 1097 1098 1098 1099 1099 1100 1100 1101 1101 1102 1102 1103 1103 1104 1104 1105 1105 1106 1106 1107 1107 1108 1108 1109 1109 1110 1110 1111 1111 1112 1112 1113 1113 1114 1114 1115 1115 1116 1116 1117 1117 1118 1118 1119 1119 1120 1120 1121 1121 1122 1122 1123 1123 1124 1124 1125 1125 1126 1126 1127 1127 1128 1128 1129 1129 1130 1130 1131 1131 1132 1132 1133 1133 1134 1134 1135 1135 1136 1136 1137 1137 1138 1138 1139 1139 1140 1140 1141 1141 1142 1142 1143 1143 1144 1144 1145 1145 1146 1146 1147 1147 1148 1148 1149 1149 1150 1150 1151 1151 1152 1152 1153 1153 1154 1154 1155 1155 1156 1156 1157 1157 1158 1158 1159 1159 1160 1160 1161 1161 1162 1162 1163 1163 1164 1164 1165 1165 1166 1166 1167 1167 1168 1168 1169 1169 1170 1170 1171 1171 1172 1172 1173 1173 1174 1174 1175 1175 1176 1176 1177 1177 1178 1178 1179 1179 1180 1180 1181 1181 1182 1182 1183 1183 1184 1184 1185 1185 1186 1186 1187 1187 1188 1188 1189 1189 1190 1190 1191 1191 1192 1192 1193 1193 1194 1194 1195 1195 1196 1196 1197 1197 1198 1198 1199 1199 1200 1200 1201 1201 1202 1202 1203 1203 1204 1204 1205 1205 1206 1206 1207 1207 1208 1208 1209 1209 1210 1210 1211 1211 1212 1212 1213 1213 1214 1214 1215 1215 1216 1216 1217 1217 1218 1218 1219 1219 1220 1220 1221 1221 1222 1222 1223 1223 1224 1224 1225 1225 1226 1226 1227 1227 1228 1228 1229 1229 1230 1230 1231 1231 1232 1232 1233 1233 1234 1234 1235 1235 1236 1236 1237 1237 1238 1238 1239 1239 1240 1240 1241 1241 1242 1242 1243 1243 1244 1244 1245 1245 1246 1246 1247 1247 1248 1248 1249 1249 1250 1250 1251 1251 1252 1252 1253 1253 1254 1254 1255 1255 1256 1256 1257 1257 1258 1258 1259 1259 1260 1260 1261 1261 1262 1262 1263 1263 1264 1264 1265 1265 1266 1266 1267 1267 1268 1268 1269 1269 1270 1270 1271 1271 1272 1272 1273 1273 1274 1274 1275 1275 1276 1276 1277 1277 1278 1278 1279 1279 1280 1280 1281 1281 1282 1282 1283 1283 1284 1284 1285 1285 1286 1286 1287 1287 1288 1288 1289 1289 1290 1290 1291 1291 1292 1292 1293 1293 1294 1294 1295 1295 1296 1296 1297 1297 1298 1298 1299 1299 1300 1300 1301 1301 1302 1302 1303 1303 1304 1304 1305 1305 1306 1306 1307 1307 1308 1308 1309 1309 1310 1310 1311 1311 1312 1312 1313 1313 1314 1314 1315 1315 1316 1316 1317 1317 1318 1318 1319 1319 1320 1320 1321 1321 1322 1322 1323 1323 1324 1324 1325 1325 1326 1326 1327 1327 1328 1328 1329 1329 1330 1330 1331 1331 1332 1332 1333 1333 1334 1334 1335 1335 1336 1336 1337 1337 1338 1338 1339 1339 1340 1340 1341 1341 1342 1342 1343 1343 1344 1344 1345 1345 1346 1346 1347 1347 1348 1348 1349 1349 1350 1350 1351 1351 1352 1352 1353 1353 1354 1354 1355 1355 1356 1356 1357 1357 1358 1358 1359 1359 1360 1360 1361 1361 1362 1362 1363 1363 1364 1364 1365 1365 1366 1366 1367 1367 1368 1368 1369 1369 1370 1370 1371 1371 1372 1372 1373 1373 1374 1374 1375 1375 1376 1376 1377 1377 1378 1378 1379 1379 1380 1380 1381 1381 1382 1382 1383 1383 1384 1384 1385 1385 1386 1386 1387 1387 1388 1388 1389 1389 1390 1390 1391 1391 1392 1392 1393 1393 1394 1394 1395 1395 1396 1396 1397 1397 1398 1398 1399 1399 1400 1400 1401 1401 1402 1402 1403 1403 1404 1404 1405 1405 1406 1406 1407 1407 1408 1408 1409 1409 1410 1410 1411 1411 1412 1412 1413 1413 1414 1414 1415 1415 1416 1416 1417 1417 1418 1418 1419 1419 1420 1420 1421 1421 1422 1422 1423 1423 1424 1424 1425 1425 1426 1426 1427 1427 1428 1428 1429 1429 1430 1430 1431 1431 1432 1432 1433 1433 1434 1434 1435 1435 1436 1436 1437 1437 1438 1438 1439 1439 1440 1440 1441 1441 1442 1442 1443 1443 1444 1444 1445 1445 1446 1446 1447 1447 1448 1448 1449 1449 1450 1450 1451 1451 1452 1452 1453 1453 1454 1454 1455 1455 1456 1456 1457 1457 1458 1458 1459 1459 1460 1460 1461 1461 1462 1462 1463 1463 1464 1464 1465 1465 1466 1466 1467 1467 1468 1468 1469 1469 1470 1470 1471 1471 1472 1472 1473 1473 1474 1474 1475 1475 1476 1476 1477 1477 1478 1478 1479 1479 1480 1480 1481 1481 1482 1482 1483 1483 1484 1484 1485 1485 1486 1486 1487 1487 1488 1488 1489 1489 1490 1490 1491 1491 1492 1492 1493 1493 1494 1494 1495 1495 1496 1496 1497 1497 1498 1498 1499 1499 1500 1500 1501 1501 1502 1502 1503 1503 1504 1504 1505 1505 1506 1506 1507 1507 1508 1508 1509 1509 1510 1510 1511 1511 1512 1512 1513 1513 1514 1514 1515 1515 1516 1516 1517 1517 1518 1518 1519 1519 1520 1520 1521 1521 1522 1522 1523 1523 1524 1524 1525 1525 1526 1526 1527 1527 1528 1528 1529 1529 1530 1530 1531 1531 1532 1532 1533 1533 1534 1534 1535 1535 1536 1536 1537 1537 1538 1538 1539 1539 1540 1540 1541 1541 1542 1542 1543 1543 1544 1544 1545 1545 1546 1546 1547 1547 1548 1548 1549 1549 1550 1550 1551 1551 1552 1552 1553 1553 1554 1554 1555 1555 1556 1556 1557 1557 1558 1558 1559 1559 1560 1560 1561 1561 1562 1562 1563 1563 1564 1564 1565 1565 1566 1566 1567 1567 1568 1568 1569 1569 1570 1570 1571 1571 1572 1572 1573 1573 1574 1574 1575 1575 1576 1576 1577 1577 1578 1578 1579 1579 1580 1580 1581 1581 1582 1582 1583 1583 1584 1584 1585 1585 1586 1586 1587 1587 1588 1588 1589 1589 1590 1590 1591 1591 1592 1592 1593 1593 1594 1594 1595 1595 1596 1596 1597 1597 1598 1598 1599 1599 1600 1600 1601 1601 1602 1602 1603 1603 1604 1604 1605 1605 1606 1606 1607 1607 1608 1608 1609 1609 1610 1610 1611 1611 1612 1612 1613 1613 1614 1614 1615 1615 1616 1616 1617 1617 1618 1618 1619 1619 1620 1620 1621 1621 1622 1622 1623 1623 1624 1624 1625 1625 1626 1626 1627 1627 1628 1628 1629 1629 1630 1630 1631 1631 1632 1632 1633 1633 1634 1634 1635 1635 1636 1636 1637 1637 1638 1638 1639 1639 1640 1640 1641 1641 1642 1642 1643 1643 1644 1644 1645 1645 1646 1646 1647 1647 1648 1648 1649 1649 1650 1650 1651 1651 1652 1652 1653 1653 1654 1654 1655 1655 1656 1656 1657 1657 1658 1658 1659 1659 1660 1660 1661 1661 1662 1662 1663 1663 1664 1664 1665 1665 1666 1666 1667 1667 1668 1668 1669 1669 1670 1670 1671 1671 1672 1672 1673 1673 1674 1674 1675 1675 1676 1676 1677 1677 1678 1678 1679 1679 1680 1680 1681 1681 1682 1682 1683 1683 1684 1684 1685 1685 1686 1686 1687 1687 1688 1688 1689 1689 1690 1690 1691 1691 1692 1692 1693 1693 1694 1694 1695 1695 1696 1696 1697 1697 1698 1698 1699 1699 1700 1700 1701 1701 1702 1702 1703 1703 1704 1704 1705 1705 1706 1706 1707 1707 1708 1708 1709 1709 1710 1710 1711 1711 1712 1712 1713 1713 1714 1714 1715 1715 1716 1716 1717 1717 1718 1718 1719 1719 1720 1720 1721 1721 1722 1722 1723 1723 1724 1724 1725 1725 1726 1726 1727 1727 1728 1728 1729 1729 1730 1730 1731 1731 1732 1732 1733 1733 1734 1734 1735 1735 1736 1736 1737 1737 1738 1738 1739 1739 1740 1740 1741 1741 1742 1742 1743 1743 1744 1744 1745 1745 1746 1746 1747 1747 1748 1748 1749 1749 1750 1750 1751 1751 1752 1752 1753 1753 1754 1754 1755 1755 1756 1756 1757 1757 1758 1758 1759 1759 1760 1760 1761 1761 1762 1762 1763 1763 1764 1764 1765 1765 1766 1766 1767 1767 1768 1768 1769 1769 1770 1770 1771 1771 1772 1772 1773 1773 1774 1774 1775 1775 1776 1776 1777 1777 1778 1778 1779 1779 1780 1780 1781 1781 1782 1782 1783 1783 1784 1784 1785 1785 1786 1786 1787 1787 1788 1788 1789 1789 1790 1790 1791 1791 1792 1792 1793 1793 1794 1794 1795 1795 1796 1796 1797 1797 1798 1798 1799 1799 1800 1800 1801 1801 1802 1802 1803 1803 1804 1804 1805 1805 1806 1806 1807 1807 1808 1808 1809 1809 1810 1810 1811 1811 1812 1812 1813 1813 1814 1814 1815 1815 1816 1816 1817 1817 1818 1818 1819 1819 1820 1820 1821 1821 1822 1822 1823 1823 1824 1824 1825 1825 1826 1826 1827 1827 1828 1828 1829 1829 1830 1830 1831 1831 1832 1832 1833 1833 1834 1834 1835 1835 1836 1836 1837 1837 1838 1838 1839 1839 1840 1840 1841 1841 1842 1842 1843 1843 1844 1844 1845 1845 1846 1846 1847 1847 1848 1848 1849 1849 1850 1850 1851 1851 1852 1852 1853 1853 1854 1854 1855 1855 1856 1856 1857 1857 1858 1858 1859 1859 1860 1860 1861 1861 1862 1862 1863 1863 1864 1864 1865 1865 1866 1866 1867 1867 1868 1868 1869 1869 1870 1870 1871 1871 1872 1872 1873 1873 1874 1874 1875 1875 1876 1876 1877 1877 1878 1878 1879 1879 1880 1880 1881 1881 1882 1882 1883 1883 1884 1884 1885 1885 1886 1886 1887 1887 1888 1888 1889 1889 1890 1890 1891 1891 1892 1892 1893 1893 1894 1894 1895 1895 1896 1896 1897 1897 1898 1898 1899 1899 1900 1900 1901 1901 1902 1902 1903 1903 1904 1904 1905 1905 1906 1906 1907 1907 1908 1908 1909 1909 1910 1910 1911 1911 1912 1912 1913 1913 1914 1914 1915 1915 1916 1916 1917 1917 1918 1918 1919 1919 1920 1920 1921 1921 1922 1922 1923 1923 1924 1924 1925 1925 1926 1926 1927 1927 1928 1928 1929 1929 1930 1930 1931 1931 1932 1932 1933 1933 1934 1934 1935 1935 1936 1936 1937 1937 1938 1938 1939 1939 1940 1940 1941 1941 1942 1942 1943 1943 1944 1944 1945 1945 1946 1946 1947 1947 1948 1948 1949 1949 1950 1950 1951 1951 1952 1952 1953 1953 1954 1954 1955 1955 1956 1956 1957 1957 1958 1958 1959 1959 1960 1960 1961 1961 1962 1962 1963 1963 1964 1964 1965 1965 1966 1966 1967 1967 1968 1968 1969 1969 1970 1970 1971 1971 1972 1972 1973 1973 1974 1974 1975 1975 1976 1976 1977 1977 1978 1978 1979 1979 1980 1980 1981 1981 1982 1982 1983 1983 1984 1984 1985 1985 1986 1986 1987 1987 1988 1988 1989 1989 1990 1990 1991 1991 1992 1992 1993 1993 1994 1994 1995 1995 1996 1996 1997 1997 1998 1998 1999 1999 0 
        </DataArray>
        <DataArray type="Int64" Name="offsets" format="ascii">
2 4 6 8 10 12 14 16 18 20 22 24 26 28 30 32 34 36 38 40 42 44 46 48 50 52 54 56 58 60 62 64 66 68 70 72 74 76 78 80 82 84 86 88 90 92 94 96 98 100 102 104 106 108 110 112 114 116 118 120 122 124 126 128 130 132 134 136 138 140 142 144 146 148 150 152 154 156 158 160 162 164 166 168 170 172 174 176 178 180 182 184 186 188 190 192 194 196 198 200 202 204 206 208 210 212 214 216 218 220 222 224 226 228 230 232 234 236 238 240 242 244 246 248 250 252 254 256 258 260 262 264 266 268 270 272 274 276 278 280 282 284 286 288 290 292 294 296 298 300 302 304 306 308 310 312 314 316 318 320 322 324 326 328 330 332 334 336 338 340 342 344 346 348 350 352 354 356 358 360 362 364 366 368 370 372 374 376 378 380 382 384 386 388 390 392 394 396 398 400 402 404 406 408 410 412 414 416 418 420 422 424 426 428 430 432 434 436 438 440 442 444 446 448 450 452 454 456 458 460 462 464 466 468 470 472 474 476 478 480 482 484 486 488 490 492 494 496 498 500 502 504 506 508 510 512 514 516 518 520 522 524 526 528 530 532 534 536 538 540 542 544 546 548 550 552 554 556 558 560 562 564 566 568 570 572 574 576 578 580 582 584 586 588 590 592 594 596 598 600 602 604 606 608 610 612 614 616 618 620 622 624 626 628 630 632 634 636 638 640 642 644 646 648 650 652 654 656 658 660 662 664 666 668 670 672 674 676 678 680 682 684 686 688 690 692 694 696 698 700 702 704 706 708 710 712 714 716 718 720 722 724 726 728 730 732 734 736 738 740 742 744 746 748 750 752 754 756 758 760 762 764 766 768 770 772 774 776 778 780 782 784 786 788 790 792 794 796 798 800 802 804 806 808 810 812 814 816 818 820 822 824 826 828 830 832 834 836 838 840 842 844 846 848 850 852 854 856 858 860 862 864 866 868 870 872 874 876 878 880 882 884 886 888 890 892 894 896 898 900 902 904 906 908 910 912 914 916 918 920 922 924 926 928 930 932 934 936 938 940 942 944 946 948 950 952 954 956 958 960 962 964 966 968 970 972 974 976 978 980 982 984 986 988 990 992 994 996 998 1000 1002 1004 1006 1008 1010 1012 1014 1016 1018 1020 1022 1024 1026 1028 1030 1032 1034 1036 1038 1040 1042 1044 1046 1048 1050 1052 1054 1056 1058 1060 1062 1064 1066 1068 1070 1072 1074 1076 1078 1080 1082 1084 1086 1088 1090 1092 1094 1096 1098 1100 1102 1104 1106 1108 1110 1112 1114 1116 1118 1120 1122 1124 1126 1128 1130 1132 1134 1136 1138 1140 1142 1144 1146 1148 1150 1152 1154 1156 1158 1160 1162 1164 1166 1168 1170 1172 1174 1176 1178 1180 1182 1184 1186 1188 1190 1192 1194 1196 1198 1200 1202 1204 1206 1208 1210 1212 1214 1216 1218 1220 1222 1224 1226 1228 1230 1232 1234 1236 1238 1240 1242 1244 1246 1248 1250 1252 1254 1256 1258 1260 1262 1264 1266 1268 1270 1272 1274 1276 1278 1280 1282 1284 1286 1288 1290 1292 1294 1296 1298 1300 1302 1304 1306 1308 1310 1312 1314 1316 1318 1320 1322 1324 1326 1328 1330 1332 1334 1336 1338 1340 1342 1344 1346 1348 1350 1352 1354 1356 1358 1360 1362 1364 1366 1368 1370 1372 1374 1376 1378 1380 1382 1384 1386 1388 1390 1392 1394 1396 1398 1400 1402 1404 1406 1408 1410 1412 1414 1416 1418 1420 1422 1424 1426 1428 1430 1432 1434 1436 1438 1440 1442 1444 1446 1448 1450 1452 1454 1456 1458 1460 1462 1464 1466 1468 1470 1472 1474 1476 1478 1480 1482 1484 1486 1488 1490 1492 1494 1496 1498 1500 1502 1504 1506 1508 1510 1512 1514 1516 1518 1520 1522 1524 1526 1528 1530 1532 1534 1536 1538 1540 1542 1544 1546 1548 1550 1552 1554 1556 1558 1560 1562 1564 1566 1568 1570 1572 1574 1576 1578 1580 1582 1584 1586 1588 1590 1592 1594 1596 1598 1600 1602 1604 1606 1608 1610 1612 1614 1616 1618 1620 1622 1624 1626 1628 1630 1632 1634 1636 1638 1640 1642 1644 1646 1648 1650 1652 1654 1656 1658 1660 1662 1664 1666 1668 1670 1672 1674 1676 1678 1680 1682 1684 1686 1688 1690 1692 1694 1696 1698 1700 1702 1704 1706 1708 1710 1712 1714 1716 1718 1720 1722 1724 1726 1728 1730 1732 1734 1736 1738 1740 1742 1744 1746 1748 1750 1752 1754 1756 1758 1760 1762 1764 1766 1768 1770 1772 1774 1776 1778 1780 1782 1784 1786 1788 1790 1792 1794 1796 1798 1800 1802 1804 1806 1808 1810 1812 1814 1816 1818 1820 1822 1824 1826 1828 1830 1832 1834 1836 1838 1840 1842 1844 1846 1848 1850 1852 1854 1856 1858 1860 1862 1864 1866 1868 1870 1872 1874 1876 1878 1880 1882 1884 1886 1888 1890 1892 1894 1896 1898 1900 1902 1904 1906 1908 1910 1912 1914 1916 1918 1920 1922 1924 1926 1928 1930 1932 1934 1936 1938 1940 1942 1944 1946 1948 1950 1952 1954 1956 1958 1960 1962 1964 1966 1968 1970 1972 1974 1976 1978 1980 1982 1984 1986 1988 1990 1992 1994 1996 1998 2000 2002 2004 2006 2008 2010 2012 2014 2016 2018 2020 2022 2024 2026 2028 2030 2032 2034 2036 2038 2040 2042 2044 2046 2048 2050 2052 2054 2056 2058 2060 2062 2064 2066 2068 2070 2072 2074 2076 2078 2080 2082 2084 2086 2088 2090 2092 2094 2096 2098 2100 2102 2104 2106 2108 2110 2112 2114 2116 2118 2120 2122 2124 2126 2128 2130 2132 2134 2136 2138 2140 2142 2144 2146 2148 2150 2152 2154 2156 2158 2160 2162 2164 2166 2168 2170 2172 2174 2176 2178 2180 2182 2184 2186 2188 2190 2192 2194 2196 2198 2200 2202 2204 2206 2208 2210 2212 2214 2216 2218 2220 2222 2224 2226 2228 2230 2232 2234 2236 2238 2240 2242 2244 2246 2248 2250 2252 2254 2256 2258 2260 2262 2264 2266 2268 2270 2272 2274 2276 2278 2280 2282 2284 2286 2288 2290 2292 2294 2296 2298 2300 2302 2304 2306 2308 2310 2312 2314 2316 2318 2320 2322 2324 2326 2328 2330 2332 2334 2336 2338 2340 2342 2344 2346 2348 2350 2352 2354 2356 2358 2360 2362 2364 2366 2368 2370 2372 2374 2376 2378 2380 2382 2384 2386 2388 2390 2392 2394 2396 2398 2400 2402 2404 2406 2408 2410 2412 2414 2416 2418 2420 2422 2424 2426 2428 2430 2432 2434 2436 2438 2440 2442 2444 2446 2448 2450 2452 2454 2456 2458 2460 2462 2464 2466 2468 2470 2472 2474 2476 2478 2480 2482 2484 2486 2488 2490 2492 2494 2496 2498 2500 2502 2504 2506 2508 2510 2512 2514 2516 2518 2520 2522 2524 2526 2528 2530 2532 2534 2536 2538 2540 2542 2544 2546 2548 2550 2552 2554 2556 2558 2560 2562 2564 2566 2568 2570 2572 2574 2576 2578 2580 2582 2584 2586 2588 2590 2592 2594 2596 2598 2600 2602 2604 2606 2608 2610 2612 2614 2616 2618 2620 2622 2624 2626 2628 2630 2632 2634 2636 2638 2640 2642 2644 2646 2648 2650 2652 2654 2656 2658 2660 2662 2664 2666 2668 2670 2672 2674 2676 2678 2680 2682 2684 2686 2688 2690 2692 2694 2696 2698 2700 2702 2704 2706 2708 2710 2712 2714 2716 2718 2720 2722 2724 2726 2728 2730 2732 2734 2736 2738 2740 2742 2744 2746 2748 2750 2752 2754 2756 2758 2760 2762 2764 2766 2768 2770 2772 2774 2776 2778 2780 2782 2784 2786 2788 2790 2792 2794 2796 2798 2800 2802 2804 2806 2808 2810 2812 2814 2816 2818 2820 2822 2824 2826 2828 2830 2832 2834 2836 2838 2840 2842 2844 2846 2848 2850 2852 2854 2856 2858 2860 2862 2864 2866 2868 2870 2872 2874 2876 2878 2880 2882 2884 2886 2888 2890 2892 2894 2896 2898 2900 2902 2904 2906 2908 2910 2912 2914 2916 2918 2920 2922 2924 2926 2928 2930 2932 2934 2936 2938 2940 2942 2944 2946 2948 2950 2952 2954 2956 2958 2960 2962 2964 2966 2968 2970 2972 2974 2976 2978 2980 2982 2984 2986 2988 2990 2992 2994 2996 2998 3000 3002 3004 3006 3008 3010 3012 3014 3016 3018 3020 3022 3024 3026 3028 3030 3032 3034 3036 3038 3040 3042 3044 3046 3048 3050 3052 3054 3056 3058 3060 3062 3064 3066 3068 3070 3072 3074 3076 3078 3080 3082 3084 3086 3088 3090 3092 3094 3096 3098 3100 3102 3104 3106 3108 3110 3112 3114 3116 3118 3120 3122 3124 3126 3128 3130 3132 3134 3136 3138 3140 3142 3144 3146 3148 3150 3152 3154 3156 3158 3160 3162 3164 3166 3168 3170 3172 3174 3176 3178 3180 3182 3184 3186 3188 3190 3192 3194 3196 3198 3200 3202 3204 3206 3208 3210 3212 3214 3216 3218 3220 3222 3224 3226 3228 3230 3232 3234 3236 3238 3240 3242 3244 3246 3248 3250 3252 3254 3256 3258 3260 3262 3264 3266 3268 3270 3272 3274 3276 3278 3280 3282 3284 3286 3288 3290 3292 3294 3296 3298 3300 3302 3304 3306 3308 3310 3312 3314 3316 3318 3320 3322 3324 3326 3328 3330 3332 3334 3336 3338 3340 3342 3344 3346 3348 3350 3352 3354 3356 3358 3360 3362 3364 3366 3368 3370 3372 3374 3376 3378 3380 3382 3384 3386 3388 3390 3392 3394 3396 3398 3400 3402 3404 3406 3408 3410 3412 3414 3416 3418 3420 3422 3424 3426 3428 3430 3432 3434 3436 3438 3440 3442 3444 3446 3448 3450 3452 3454 3456 3458 3460 3462 3464 3466 3468 3470 3472 3474 3476 3478 3480 3482 3484 3486 3488 3490 3492 3494 3496 3498 3500 3502 3504 3506 3508 3510 3512 3514 3516 3518 3520 3522 3524 3526 3528 3530 3532 3534 3536 3538 3540 3542 3544 3546 3548 3550 3552 3554 3556 3558 3560 3562 3564 3566 3568 3570 3572 3574 3576 3578 3580 3582 3584 3586 3588 3590 3592 3594 3596 3598 3600 3602 3604 3606 3608 3610 3612 3614 3616 3618 3620 3622 3624 3626 3628 3630 3632 3634 3636 3638 3640 3642 3644 3646 3648 3650 3652 3654 3656 3658 3660 3662 3664 3666 3668 3670 3672 3674 3676 3678 3680 3682 3684 3686 3688 3690 3692 3694 3696 3698 3700 3702 3704 3706 3708 3710 3712 3714 3716 3718 3720 3722 3724 3726 3728 3730 3732 3734 3736 3738 3740 3742 3744 3746 3748 3750 3752 3754 3756 3758 3760 3762 3764 3766 3768 3770 3772 3774 3776 3778 3780 3782 3784 3786 3788 3790 3792 3794 3796 3798 3800 3802 3804 3806 3808 3810 3812 3814 3816 3818 3820 3822 3824 3826 3828 3830 3832 3834 3836 3838 3840 3842 3844 3846 3848 3850 3852 3854 3856 3858 3860 3862 3864 3866 3868 3870 3872 3874 3876 3878 3880 3882 3884 3886 3888 3890 3892 3894 3896 3898 3900 3902 3904 3906 3908 3910 3912 3914 3916 3918 3920 3922 3924 3926 3928 3930 3932 3934 3936 3938 3940 3942 3944 3946 3948 3950 3952 3954 3956 3958 3960 3962 3964 3966 3968 3970 3972 3974 3976 3978 3980 3982 3984 3986 3988 3990 3992 3994 3996 3998 4000 
        </DataArray>
      </Polys>
      <CellData Scalars="Pressure">
        <DataArray type="Float64" Name="Pressure" format="ascii">
493728 486717 479819 473487 467034 460661 454128 447683 441248 435520 429689 423945 418078 412286 406382 401125 395775 390507 385115 379789 374354 368785 363052 357381 351957 346747 341447 336128 330648 325239 320266 315828 311347 312392 307609 302943 298590 294794 290949 285120 281261 277268 273012 268726 264226 259663 255312 250982 246529 242216 237805 233429 229388 225552 221683 223861 220561 217426 211612 208749 205560 202268 198939 195527 191975 188560 185004 181461 178195 174980 171710 174090 171324 168703 164030 161609 158859 156159 153449 150656 147672 144539 141144 138339 141586 140625 145756 144824 143034 140433 138986 137700 136175 134607 132918 130138 127638 124884 121622 118071 114794 111400 107775 104057 100197 105823 122706 176625 250502 407014 663490 903436 1.10838e+06 1.11371e+06 1.09813e+06 1.10186e+06 1.10424e+06 1.10661e+06 1.10869e+06 1.11003e+06 1.11199e+06 1.11526e+06 1.1138e+06 1.11432e+06 1.11593e+06 1.12034e+06 1.11751e+06 1.12035e+06 1.12319e+06 1.12441e+06 1.12887e+06 1.12872e+06 1.12841e+06 1.13008e+06 1.13198e+06 1.13407e+06 1.13499e+06 1.13547e+06 1.13253e+06 1.13612e+06 1.13709e+06 1.13808e+06 1.13913e+06 1.13822e+06 1.13677e+06 1.13306e+06 1.13239e+06 1.12804e+06 1.12286e+06 1.11697e+06 1.10986e+06 1.10259e+06 1.09307e+06 1.09058e+06 1.0857e+06 1.0807e+06 1.07553e+06 1.07076e+06 1.06547e+06 1.05635e+06 1.04852e+06 1.03618e+06 1.02207e+06 1.00686e+06 992776 981504 968652 968166 957660 945201 930364 915793 904018 892956 884456 877497 870981 865137 859391 854531 849825 845661 843611 843702 842714 839917 839967 840303 843424 841576 842932 844576 846595 851321 861111 866652 866351 869762 866921 869281 870681 877111 883525 889712 896483 901016 906686 910434 912657 919959 924899 928584 931409 935825 941674 945777 948936 952854 957144 961439 964640 967898 971443 975159 978419 981280 984520 988033 991531 996190 999566 1.00217e+06 1.00401e+06 1.00726e+06 1.01026e+06 1.01213e+06 1.01372e+06 1.01573e+06 1.01813e+06 1.02008e+06 1.02157e+06 1.02305e+06 1.0248e+06 1.02625e+06 1.02739e+06 1.02844e+06 1.02975e+06 1.03115e+06 1.03197e+06 1.03265e+06 1.03305e+06 1.03316e+06 1.03371e+06 1.03385e+06 1.03375e+06 1.03342e+06 1.03349e+06 1.02924e+06 1.02877e+06 1.02837e+06 1.0324e+06 1.03475e+06 1.04373e+06 1.0486e+06 1.04935e+06 1.05139e+06 1.04913e+06 1.04447e+06 1.04609e+06 1.04685e+06 1.04579e+06 1.04639e+06 1.0467e+06 1.04676e+06 1.04665e+06 1.04638e+06 1.04605e+06 1.04579e+06 1.04543e+06 1.04499e+06 1.04438e+06 1.04387e+06 1.04317e+06 1.04241e+06 1.04133e+06 1.04031e+06 1.03936e+06 1.03812e+06 1.03645e+06 1.03506e+06 1.03339e+06 1.03172e+06 1.02999e+06 1.02771e+06 1.02558e+06 1.02299e+06 1.02035e+06 1.01749e+06 1.01425e+06 1.01074e+06 1.00844e+06 1.00425e+06 1.00257e+06 999512 999445 994636 989360 984968 981089 977424 973848 970542 966926 963460 960097 956975 953353 949547 946161 943318 940668 938264 936387 934202 932288 930575 929369 928115 926905 925428 924490 923734 923133 923154 922712 922509 922088 921351 920517 919651 918933 918194 918000 918000 917983 918312 919051 916514 920523 919538 918874 911870 905451 900591 899352 894041 890499 887442 891808 893561 892780 888589 885324 885002 885454 887802 889988 891944 893980 895661 899092 899515 898827 898388 898202 898666 899360 899980 900888 900531 900178 900355 901159 902012 902749 903171 902344 902222 904046 906230 908573 910426 911946 913436 914550 916228 917466 918712 919639 920550 921476 921556 921426 921251 923589 922479 923644 923286 920334 917106 913938 913069 912531 912335 915513 917944 927524 917748 904870 893421 888844 888688 888289 888425 889596 890631 891221 892898 894576 896560 899347 901814 904045 900986 897471 894147 890149 886118 882171 879905 878765 877856 882040 880698 879724 865372 856961 848354 832417 788449 737935 670016 466277 269382 72699.8 56895.6 46278.7 37200.3 36379.2 36743.3 37042.9 38530.3 38868.8 39207.8 39624.8 40091.4 40566.5 37675.5 38032.4 38385.2 38783.5 39216.6 39649.4 40043.4 40392.4 40730.1 41068 41394.3 41717.2 42021.7 42299.9 42565.8 42828 43075.6 43320.3 43554 43873.4 44179.4 44481.4 44836.9 45196.4 45541.5 45996.7 46458.7 46918.6 47416.8 47933.7 48433.3 49017.4 49626.8 50237.4 50852.2 51485.4 52099.7 52750.4 53416.7 54084.1 54768.5 55510.3 56230.2 56958.2 57675.3 58391.4 59104.1 59886.2 60643.5 61401.1 62133.8 62862.2 63569.2 64384 65172.2 65959.8 66734.1 67505.4 68247.8 69140.5 70031.4 70929.9 71807.9 72692.6 73554.9 74425.8 79820.3 80687.4 81500.4 82296 83039.3 78932.3 79891.4 80875.8 81816.4 82694.2 83529.7 84383 85280.4 86163.4 87033.6 88074 89088.7 90111.9 91116.6 92127.3 93111 94125.3 100358 101370 102334 103268 104125 99515.3 100915 102385 103754 105015 106233 107532 108942 110369 111774 113210 120196 121659 123066 124419 125763 121079 123095 125205 126924 128442 129869 131381 132945 141119 135935 137524 139165 140864 142210 143527 144774 146119 147426 148726 156463 157605 158610 152289 154200 156344 158403 159609 160711 161746 170190 171436 172640 166340 168605 171110 173201 174512 175664 184567 185995 187251 188728 182928 185504 188148 190286 200047 201681 195369 197952 200670 203436 205674 207709 217432 219115 220580 230856 215248 218331 221579 224886 234808 236260 237424 231099 234737 238533 242617 251657 252807 253808 248415 251793 255192 258470 268407 269713 271189 265316 269217 272991 276669 287638 289143 291117 284254 288062 291841 305776 299477 302713 305889 308758 310897 322220 325499 319871 325185 330130 334372 346581 348116 351315 343801 349230 354244 373244 365664 370924 375829 380081 395940 399084 402341 391650 398064 405598 421414 419381 418163 415440 411119 415429 413581 412927 407769 411287 425164 427732 419699 425394 430668 449468 441156 446717 452073 457048 461513 466591 471375 475708 479563 492850 495224 499372 492335 496180 511640 515311 506941 511271 515043 531370 521921 526152 531179 544559 540402 535212 529132 522359 516335 520462 523596 525634 526644 530875 534405 536700 537836 541261 546164 549571 551595 553693 560742 566340 570672 573598 580309 586668 591845 595671 600994 607482 612397 615580 638554 625591 634110 642511 660523 660034 653913 646645 630498 634772 628378 632600 646987 649465 654173 646153 659405 659931 663993 671227 656774 664852 671610 676829 703021 689546 696428 701355 726139 735790 722526 734376 771342 771774 760232 761818 751582 742079 731318 719654 714494 717610 717756 714937 729013 716380 722799 728477 734469 739416 743486 746822 749045 750027 749804 761065 766315 753428 758057 763396 767884 771379 790455 780632 784739 799725 801144 805885 810173 799441 804194 807401 809175 822789 827845 816990 822166 827237 830698 832446 848042 835319 839849 844291 848679 851862 853951 879818 862246 870773 881251 892653 902303 925231 929045 924499 928081 928135 927190 926895 939512 945734 934262 940844 951304 960584 968079 983834 998290 1.01367e+06 986800 1.00396e+06 1.0227e+06 1.04238e+06 1.06885e+06 1.09392e+06 1.11668e+06 1.14295e+06 1.14192e+06 1.14656e+06 1.14709e+06 1.15411e+06 1.15544e+06 1.15111e+06 1.1037e+06 1.09913e+06 1.09678e+06 1.08052e+06 1.09171e+06 1.10233e+06 1.11323e+06 1.12392e+06 1.13346e+06 1.15143e+06 1.15998e+06 1.16889e+06 1.17822e+06 1.16985e+06 1.18096e+06 1.19189e+06 1.20388e+06 1.21595e+06 1.22783e+06 1.23963e+06 1.25157e+06 1.26222e+06 1.28764e+06 1.29937e+06 1.29272e+06 1.30454e+06 1.32035e+06 1.33568e+06 1.35087e+06 1.36636e+06 1.38125e+06 1.39467e+06 1.41561e+06 1.42675e+06 1.43859e+06 1.45077e+06 1.44958e+06 1.46457e+06 1.48096e+06 1.4998e+06 1.51874e+06 1.53715e+06 1.55548e+06 1.57335e+06 1.59135e+06 1.60963e+06 1.62742e+06 1.64404e+06 1.67029e+06 1.68568e+06 1.68568e+06 1.70404e+06 1.72524e+06 1.74626e+06 1.76887e+06 1.79228e+06 1.81598e+06 1.83919e+06 1.86274e+06 1.88592e+06 1.91004e+06 1.93516e+06 1.95989e+06 1.99198e+06 2.00996e+06 2.02727e+06 2.04519e+06 2.06694e+06 2.09059e+06 2.09791e+06 2.12638e+06 2.15524e+06 2.18444e+06 2.20994e+06 2.23493e+06 2.25962e+06 2.28748e+06 2.31617e+06 2.34515e+06 2.37252e+06 2.39957e+06 2.42627e+06 2.45727e+06 2.49228e+06 2.52775e+06 2.55849e+06 2.58227e+06 2.60579e+06 2.63355e+06 2.67109e+06 2.70917e+06 2.74678e+06 2.78604e+06 2.82445e+06 2.86254e+06 2.8919e+06 2.92179e+06 2.95123e+06 3.00115e+06 3.03536e+06 3.07043e+06 3.10255e+06 3.13512e+06 3.16691e+06 3.2031e+06 3.23931e+06 3.27637e+06 3.31089e+06 3.34561e+06 3.37945e+06 3.41553e+06 3.45147e+06 3.48825e+06 3.52542e+06 3.56446e+06 3.60253e+06 3.64031e+06 3.67601e+06 3.71256e+06 3.74982e+06 3.79019e+06 3.82964e+06 3.86909e+06 3.90587e+06 3.9436e+06 3.98039e+06 4.01801e+06 4.05484e+06 4.08065e+06 4.11317e+06 4.14613e+06 4.17844e+06 4.21112e+06 4.24324e+06 4.27585e+06 4.30835e+06 4.34162e+06 4.3746e+06 4.40516e+06 4.43485e+06 4.46509e+06 4.49431e+06 4.524e+06 4.55336e+06 4.58021e+06 4.60527e+06 4.63074e+06 4.65516e+06 4.67958e+06 4.70371e+06 4.72658e+06 4.74736e+06 4.76855e+06 4.7893e+06 4.81031e+06 4.83736e+06 4.85567e+06 4.87123e+06 4.8876e+06 4.89839e+06 4.90804e+06 4.91733e+06 4.92653e+06 4.93466e+06 4.94302e+06 4.95134e+06 4.95759e+06 4.96364e+06 4.96991e+06 4.97477e+06 4.97943e+06 4.98414e+06 4.98806e+06 4.99147e+06 5.00089e+06 5.0027e+06 5.00457e+06 5.00692e+06 5.00327e+06 4.99901e+06 4.99428e+06 4.98939e+06 4.98488e+06 4.98044e+06 4.97581e+06 4.96853e+06 4.96127e+06 4.95424e+06 4.9501e+06 4.94173e+06 4.93366e+06 4.92268e+06 4.9123e+06 4.90188e+06 4.89068e+06 4.87933e+06 4.86791e+06 4.85501e+06 4.83797e+06 4.82096e+06 4.81192e+06 4.80679e+06 4.80218e+06 4.78786e+06 4.72536e+06 4.68307e+06 4.64237e+06 4.61654e+06 4.59823e+06 4.58281e+06 4.56276e+06 4.53284e+06 4.50502e+06 4.45961e+06 4.43e+06 4.40359e+06 4.37952e+06 4.34736e+06 4.3148e+06 4.28321e+06 4.25291e+06 4.23418e+06 4.20454e+06 4.16272e+06 4.13243e+06 4.10371e+06 4.07504e+06 4.04397e+06 4.01224e+06 3.98902e+06 3.95763e+06 3.92759e+06 3.89736e+06 3.84634e+06 3.81651e+06 3.78907e+06 3.76182e+06 3.7311e+06 3.70682e+06 3.67655e+06 3.62735e+06 3.59457e+06 3.56221e+06 3.53205e+06 3.50359e+06 3.47722e+06 3.44655e+06 3.41446e+06 3.38326e+06 3.35396e+06 3.32455e+06 3.29576e+06 3.26688e+06 3.25525e+06 3.22964e+06 3.20582e+06 3.17704e+06 3.12867e+06 3.10461e+06 3.08295e+06 3.07462e+06 3.05159e+06 3.03791e+06 2.97925e+06 2.95243e+06 2.92802e+06 2.90521e+06 2.87802e+06 2.84867e+06 2.82106e+06 2.79455e+06 2.77515e+06 2.75735e+06 2.75755e+06 2.72414e+06 2.70848e+06 2.6942e+06 2.68177e+06 2.66744e+06 2.66713e+06 2.65081e+06 2.60992e+06 2.5824e+06 2.55583e+06 2.52933e+06 2.52691e+06 2.50613e+06 2.48704e+06 2.44654e+06 2.42685e+06 2.40771e+06 2.40582e+06 2.36867e+06 2.34877e+06 2.33013e+06 2.31337e+06 2.29804e+06 2.29804e+06 2.28345e+06 2.2467e+06 2.22652e+06 2.20656e+06 2.18616e+06 2.16185e+06 2.13666e+06 2.11274e+06 2.08929e+06 2.06686e+06 2.06234e+06 2.04219e+06 2.04097e+06 2.04214e+06 2.06954e+06 2.10701e+06 2.16871e+06 2.18885e+06 2.1975e+06 2.19435e+06 2.17785e+06 2.12206e+06 2.06798e+06 2.01737e+06 1.96581e+06 1.98728e+06 1.93961e+06 1.91038e+06 1.87838e+06 1.86712e+06 1.87573e+06 1.86228e+06 1.8319e+06 1.81669e+06 1.80113e+06 1.8012e+06 1.76966e+06 1.7538e+06 1.73721e+06 1.72043e+06 1.70236e+06 1.68367e+06 1.6643e+06 1.64488e+06 1.62488e+06 1.60462e+06 1.58394e+06 1.56372e+06 1.54386e+06 1.54836e+06 1.53053e+06 1.51974e+06 1.49956e+06 1.49013e+06 1.49114e+06 1.48004e+06 1.46736e+06 1.43865e+06 1.44235e+06 1.43004e+06 1.41848e+06 1.39207e+06 1.38081e+06 1.38497e+06 1.3742e+06 1.34904e+06 1.33897e+06 1.34424e+06 1.33375e+06 1.32168e+06 1.29102e+06 1.29734e+06 1.28507e+06 1.27415e+06 1.24685e+06 1.23556e+06 1.23966e+06 1.23047e+06 1.22188e+06 1.20178e+06 1.18878e+06 1.17448e+06 1.15978e+06 1.14539e+06 1.14902e+06 1.16426e+06 1.17916e+06 1.19323e+06 1.18246e+06 1.14983e+06 1.11995e+06 1.0938e+06 1.1077e+06 1.06514e+06 1.05243e+06 1.03871e+06 1.04794e+06 1.03497e+06 1.00562e+06 994964 1.0019e+06 992180 984353 960908 951742 942587 933610 925102 914261 902908 891950 881742 891527 870209 863265 869599 862332 859397 840443 834436 825966 817342 808281 806773 812422 817167 821170 822492 813725 790463 782159 770188 758856 748527 759203 728851 718265 707834 717411 714295 710286 690882 681311 672574 664379 674604 669536 652745 647630 640753 634089 627852 635899 617553 612631 607528 600196 593525 587413 581016 572875 565210 557765 582263 565007 561561 545419 538898 532097 537056 533856 535271 535437 535258 538771 541418 541936 538813 536598 535356 526290 517633 510416 501784 491034 481576 494649 488005 463913 457629 451314 445088 438682 449326 447533 445354 442428 425371 422177 418882 415267 411767 408301 418418 416585 404422 402085 398894 395682 392523 388387 384538 380844 389607 387159 374613 372084 369472 366740 363463 359044 354873 361436 358112 354826 351501 339282 335800 332249 328798 325302 321847 318027 314076 310212 315990 313226 310440 299737 295970 292222 288613 285957 283306 280524 276743 272849 269238 275778 272961 269999 267033 255718 252688 249572 246475 243322 240365 237876 235369 232796 230547 228215 225877 223385 220980 218587 224436 222519 220579 218266 208759 206137 203763 201450 199146 196718 194255 191731 189365 187129 184888 182568 180259 177890 175608 173519 171431 169294 167284 165228 163194 161214 159256 157254 155132 152980 150875 155156 153231 151240 149451 147669 145910 144114 142362 140551 138873 137222 135597 133938 132328 130666 129016 127289 125593 123880 122265 120598 118958 117258 115588 113872 112214 110504 108885 107620 106386 102484 101293 100032 98739.1 97395.9 96032.3 94597.8 93289.4 91948 90585.1 88812.1 86946.4 85055.5 101495 130670 162294 318293 567927 819743 977560 1.02798e+06 1.07562e+06 1.10599e+06 1.1068e+06 1.10827e+06 1.10982e+06 1.11006e+06 1.11045e+06 1.11038e+06 1.10634e+06 1.10176e+06 1.09744e+06 1.09286e+06 1.0885e+06 1.08407e+06 1.07735e+06 1.07124e+06 1.06522e+06 1.05875e+06 1.05239e+06 1.04604e+06 1.03915e+06 1.03184e+06 1.02472e+06 1.02588e+06 1.03477e+06 1.04439e+06 1.05029e+06 1.04708e+06 1.04693e+06 1.04743e+06 1.05135e+06 1.05551e+06 1.05953e+06 1.06122e+06 1.06288e+06 1.06457e+06 1.06628e+06 1.06797e+06 1.06957e+06 1.07022e+06 1.07057e+06 1.0739e+06 1.07388e+06 1.07383e+06 1.07377e+06 1.0724e+06 1.07233e+06 1.07224e+06 1.07218e+06 1.07231e+06 1.07244e+06 1.07255e+06 1.07229e+06 1.07257e+06 1.07206e+06 1.07098e+06 1.0699e+06 1.06885e+06 1.06878e+06 1.06927e+06 1.06973e+06 1.06923e+06 1.06735e+06 1.06541e+06 1.06333e+06 1.06175e+06 1.06012e+06 1.05794e+06 1.05512e+06 1.05243e+06 1.0499e+06 1.04791e+06 1.0462e+06 1.04447e+06 1.04183e+06 1.03923e+06 1.03672e+06 1.03462e+06 1.03253e+06 1.0305e+06 1.02858e+06 1.02599e+06 1.02248e+06 1.01967e+06 1.01771e+06 1.01481e+06 1.01194e+06 1.00881e+06 1.00502e+06 1.00127e+06 997674 989121 983319 977136 972689 966832 960896 955028 950861 947483 944331 941702 942972 945254 946510 945108 939680 939053 939088 937163 935252 932544 929096 924653 922218 918530 914637 910407 905599 900189 894036 889419 883818 877935 871961 865921 859265 853133 847880 843045 838425 833868 827665 821575 815268 813360 810003 802740 788470 730262 615733 485005 342274 252606 235264 199602 196860 202309 208414 215381 219630 220189 221008 222115 221555 220004 216055 216475 220311 224040 227541 230624 233451 236512 239708 242571 247283 249442 251590 250881 253139 258439 261340 260640 263873 267276 275056 274841 279144 283708 288382 298108 303155 308390 314464 315026 326972 333535 343052 343858 354054 373805 368227 371929 365573 358689 350811 351019 353643 356703 363085 363311 367083 371031 375026 378556 381410 384442 387551 390873 394440 398280 402268 406535 411471 416883 422496 428494 435889 445705 456391 468301 481492 506997 534809 565848 599099 624501 637478 647475 654170 647701 647586 645702 645646 648870 651360 656340 662057 670797 677363 681520 688585 699316 707100 714453 719366 727321 735881 745428 755648 765105 774511 784649 795188 807449 815252 825349 835906 849277 858657 866786 876542 888940 898364 907382 915456 924235 933442 943381 954599 963381 972040 980995 990685 999023 1.00667e+06 1.01445e+06 1.02208e+06 1.02987e+06 1.03756e+06 1.04678e+06 1.05104e+06 1.05862e+06 1.06697e+06 1.0824e+06 1.09057e+06 1.09675e+06 1.10705e+06 1.11229e+06 1.11816e+06 1.12514e+06 1.13075e+06 1.1372e+06 1.14028e+06 1.14398e+06 1.14848e+06 1.15344e+06 1.15807e+06 1.1619e+06 1.16631e+06 1.17005e+06 1.17357e+06 1.17634e+06 1.17933e+06 1.18241e+06 1.1855e+06 1.18904e+06 1.1924e+06 1.19567e+06 1.198e+06 1.20035e+06 1.20252e+06 1.20468e+06 1.2071e+06 1.20945e+06 1.21164e+06 1.21344e+06 1.21476e+06 1.21613e+06 1.21703e+06 1.21882e+06 1.22038e+06 1.22177e+06 1.22258e+06 1.22228e+06 1.22216e+06 1.22145e+06 1.22135e+06 1.22131e+06 1.22133e+06 1.22191e+06 1.2211e+06 1.22005e+06 1.21924e+06 1.21635e+06 1.21493e+06 1.21368e+06 1.21278e+06 1.21221e+06 1.21197e+06 1.21207e+06 1.21009e+06 1.21006e+06 1.20781e+06 1.2044e+06 1.19985e+06 1.18651e+06 1.18064e+06 1.17483e+06 1.16974e+06 1.15775e+06 1.15593e+06 1.1539e+06 1.15126e+06 1.1483e+06 1.14552e+06 1.14915e+06 1.14419e+06 1.1393e+06 1.13192e+06 1.12539e+06 1.1194e+06 1.11374e+06 1.10878e+06 1.10405e+06 1.09963e+06 1.10066e+06 1.09433e+06 1.08821e+06 1.07799e+06 1.0716e+06 1.06554e+06 1.05961e+06 1.05398e+06 1.04834e+06 1.04287e+06 1.03774e+06 1.03279e+06 1.0278e+06 1.02581e+06 1.01455e+06 1.00744e+06 1.00147e+06 996698 992021 988144 985511 982829 985257 979319 972934 966930 960217 947306 940063 932649 925091 917740 910706 904032 897289 892572 889686 886779 888564 882706 876896 871412 865075 852502 845851 838396 830878 823540 815606 807795 799869 794430 789262 784104 777935 771577 765156 759694 754631 749616 749555 743253 736857 730526 723673 710603 703238 695535 687755 680073 672006 664082 656246 650030 643654 637321 630434 623655 616756 611118 605432 599807 593566 587334 580995 575301 569659 564081 557866 551491 544998 538850 532756 526737 520420 514021 507499 500837 
        </DataArray>
        <DataArray type="Float64" Name="Temperature" format="ascii">
891.28 887.682 884.107 880.755 877.338 873.938 870.374 866.859 863.33 860.11 856.832 853.593 850.198 846.846 843.426 840.294 837.104 833.961 830.664 827.397 824.06 820.554 816.924 813.329 809.812 806.399 802.924 799.364 795.655 791.99 788.564 785.456 782.312 782.735 779.324 775.991 772.84 770.047 767.213 762.984 760.015 756.944 753.657 750.252 746.67 743.031 739.456 735.89 732.214 728.556 724.798 721.06 717.522 714.132 710.699 712.387 709.415 706.581 701.364 698.642 695.613 692.452 689.188 685.833 682.313 678.858 675.249 671.635 668.216 664.836 661.381 663.644 660.681 657.856 652.802 650.047 646.92 643.799 640.621 637.337 633.774 629.953 625.797 622.371 626.343 625.265 623.099 619.951 616.315 612.303 609.105 606.11 602.99 600.143 597.434 600.756 592.42 589.318 585.332 580.724 576.194 571.33 565.966 560.289 554.183 567.106 610.959 728.173 878.581 1066.17 1260.68 1425.26 1549.99 1551.2 1538.93 1543.25 1551.15 1563.14 1574.06 1581.75 1584.88 1584.41 1607.06 1597.93 1583.99 1572.7 1591.02 1609.93 1630.39 1660.26 1708.74 1744.68 1755.49 1759.75 1763.88 1767.72 1774.75 1783.71 1791.01 1779.9 1723.76 1658.91 1583.12 1500.34 1423.37 1335.06 1319.95 1308.28 1297.45 1288.25 1283.3 1278.5 1272.67 1270.47 1267.35 1264.29 1261.28 1258.69 1255.95 1251.72 1248.4 1243.33 1237.65 1231.63 1226.09 1221.24 1216.09 1216.19 1211.55 1206.02 1199.43 1193.63 1188.82 1184.28 1180.7 1177.76 1174.96 1172.5 1169.95 1167.82 1165.74 1163.89 1162.87 1162.74 1162.14 1160.82 1160.67 1160.64 1161.72 1160.8 1161.16 1161.64 1162.26 1163.95 1167.67 1169.7 1169.56 1170.67 1169.8 1170.61 1171.94 1174.88 1177.9 1180.92 1182.81 1185.3 1185.83 1189.11 1191.4 1193 1195.83 1197.05 1199.57 1201.62 1202.61 1204.14 1207.38 1208.88 1211.1 1210.12 1214.19 1215.21 1216.85 1219.07 1220.31 1221.02 1222.25 1223.96 1225.94 1226.24 1223.14 1229.17 1232.76 1231.86 1235.08 1235.53 1239.19 1240.83 1240.1 1242.16 1245.73 1246.88 1249.39 1248.05 1252.12 1252.74 1254.61 1253.66 1254.8 1258.11 1259.1 1257.74 1259.28 1261.9 1262.22 1263.34 1262.05 1263.36 1263.3 1264.27 1265.15 1264.58 1271.74 1270.27 1259.93 1258.07 1255.82 1252.74 1252.9 1251.92 1251.89 1252.33 1252.22 1252.05 1251.92 1251.83 1251.5 1251.01 1250.66 1250.47 1248.54 1249.48 1248.58 1247.93 1245.68 1244.72 1245.17 1244.07 1241.6 1240.82 1239.4 1239.44 1237.42 1235.02 1235.24 1233.84 1233.3 1231.77 1230 1228.06 1226.42 1224.9 1223.75 1222.58 1223.18 1221.21 1219.49 1217.78 1216.39 1215.11 1213.89 1212.48 1211.69 1210.62 1209.63 1208.4 1207.26 1206.41 1205.4 1204.6 1203.9 1203.32 1202.55 1202.13 1201.4 1200.79 1200.21 1199.57 1198.91 1198.49 1198.08 1197.81 1197.66 1197.74 1198.48 1199.47 1200.88 1203.65 1207.15 1211.14 1215.07 1222.75 1228.29 1234.27 1241.5 1249.79 1259.32 1263.53 1281.36 1290.44 1299.95 1304.47 1309.81 1316.39 1319.53 1325.93 1328.71 1331.75 1337.49 1341.74 1344.66 1340.7 1343.4 1343.96 1344.94 1345.84 1346.84 1347.89 1347.51 1346.97 1347.67 1346.3 1344.22 1342.46 1341.84 1342.85 1345.28 1348 1350.42 1355.24 1360.39 1365.53 1370.52 1375.28 1379.68 1381.12 1382.16 1382.78 1383.27 1383.86 1384.61 1383.64 1381.68 1380.03 1384.53 1375.11 1373.68 1372.94 1370.46 1368.08 1365.7 1357.24 1346.67 1335.46 1327.83 1307.73 1295.31 1287.76 1284.22 1281.13 1279.86 1285.74 1291.08 1295.72 1308.93 1313.74 1324.77 1327.85 1331.16 1335.38 1347.02 1363.73 1381.2 1400.09 1420.92 1440.77 1453.19 1457.88 1461.8 1468.14 1471.2 1474.08 1476.89 1483.04 1489.44 1495.52 1487.57 1477.63 1470.3 1475.11 1486.2 1496.66 1514.93 1519.51 1523.86 1530.47 1546.77 1561.72 1567.54 1541.4 1512.19 1457.09 1144.77 832.908 511.307 438.105 377.134 324.687 318.702 319.641 320.427 323.562 324.28 324.998 325.888 326.89 327.905 322.28 323.047 323.802 324.654 325.58 326.502 327.334 328.059 328.759 329.456 330.119 330.776 331.393 331.951 332.484 333.009 333.497 333.979 334.439 335.082 335.697 336.304 337.021 337.745 338.44 339.354 340.282 341.205 342.188 343.203 344.185 345.307 346.466 347.629 348.751 349.871 350.958 352.111 353.293 354.479 355.678 356.954 358.194 359.442 360.659 361.876 363.079 364.362 365.608 366.854 368.041 369.226 370.378 371.66 372.906 374.157 375.359 376.563 377.731 379.084 380.435 381.808 383.116 384.432 385.724 387.002 394.455 395.669 396.78 397.866 398.894 393.287 394.591 395.946 397.226 398.382 399.493 400.625 401.789 402.951 404.101 405.428 406.741 408.079 409.338 410.622 411.89 413.143 420.555 421.768 422.888 423.997 425.041 419.528 421.166 422.922 424.519 425.942 427.338 428.815 430.383 431.994 433.583 435.139 442.496 444.031 445.48 446.908 448.331 443.344 445.416 447.629 449.358 450.86 452.303 453.802 455.331 463.007 458.14 459.582 461.115 462.73 463.926 465.121 466.276 467.472 468.654 469.858 476.578 477.573 478.484 472.847 474.473 476.35 478.169 479.166 480.104 481.013 487.918 488.952 489.969 484.66 486.482 488.552 490.267 491.293 492.225 499.127 500.216 501.222 502.373 497.756 499.709 501.765 503.402 510.531 511.74 507.11 508.924 510.885 512.928 514.481 515.897 522.64 523.754 524.76 531.571 521.061 523.099 525.293 527.571 534.036 534.981 535.779 531.567 533.853 536.284 538.941 544.529 545.243 545.879 542.461 544.494 546.576 548.618 554.476 555.255 556.134 552.579 554.82 557.03 559.22 565.362 566.22 567.299 563.365 565.45 567.567 575.163 571.753 573.471 575.174 576.692 577.796 583.704 585.337 582.387 585.064 587.578 589.734 595.757 596.513 598.009 594.187 596.759 599.178 608.224 604.56 606.955 609.199 611.12 618.262 619.569 620.941 615.287 617.818 620.763 628.799 625.635 626.876 628.669 631.074 629.784 627.768 626.097 623.836 625.322 631.242 632.319 628.893 631.236 633.44 641.215 637.82 640.028 642.172 644.182 645.957 647.943 649.818 651.522 653.005 658.063 658.975 660.505 657.857 659.29 665.065 666.385 663.303 664.858 666.238 672.127 668.753 670.208 671.948 676.625 675.177 673.244 670.936 668.325 665.944 667.371 668.432 669.094 669.376 670.802 671.959 672.661 672.932 673.988 675.545 676.562 677.071 677.58 679.771 681.446 682.66 683.374 685.359 687.212 688.641 689.6 691.091 692.968 694.278 694.981 702.266 697.557 699.897 702.111 707.977 706.256 704.503 702.622 700.098 701.242 699.073 700.3 704.771 705.46 706.941 704.299 708.454 708.486 709.69 711.868 707.185 709.614 711.62 713.138 721.118 716.824 718.767 720.068 727.35 730.03 725.728 728.822 739.083 739.01 736.206 734.545 732.122 730.065 728.111 726.324 725.819 726.433 726.16 725.011 729.01 725.357 727.126 728.687 730.351 731.721 732.843 733.761 734.361 734.6 734.488 737.621 739.046 735.34 736.574 738.031 739.246 740.178 745.406 742.637 743.696 747.692 747.993 749.324 750.444 747.383 748.609 749.399 749.781 753.445 754.805 751.696 752.996 754.258 755.061 755.38 759.661 755.947 757.157 758.275 759.382 760.139 760.574 767.453 762.614 764.727 767.27 770.044 772.337 778.27 779.24 777.592 778.425 778.264 777.792 777.424 780.659 782.381 778.413 780.103 782.585 784.582 785.928 789.338 793.078 796.949 787.665 791.955 796.369 800.761 806.349 811.244 815.234 824.795 825.553 819.657 820.707 822.712 824.186 825.085 828.235 827.17 826.603 823.24 825.638 827.918 830.249 832.522 834.561 838.31 840.048 841.855 843.749 842.263 844.493 846.691 849.089 851.493 853.859 856.198 858.545 860.64 865.385 867.607 866.522 868.755 871.696 874.548 877.371 880.216 882.944 885.406 889.098 891.05 893.124 895.255 895.278 897.873 900.696 903.913 907.145 910.281 913.333 916.303 919.289 922.282 925.193 927.916 931.933 934.36 934.58 937.439 940.72 943.969 947.425 950.967 954.555 958.037 961.504 964.914 968.44 972.053 975.607 980.055 982.561 984.966 987.456 990.407 993.601 994.911 998.693 1002.52 1006.38 1009.7 1012.92 1016.11 1019.65 1023.27 1026.93 1030.35 1033.7 1037.01 1040.78 1044.97 1049.21 1052.87 1055.68 1058.45 1061.69 1065.97 1070.3 1074.56 1078.91 1083.16 1087.36 1090.53 1093.76 1096.93 1101.78 1105.34 1108.98 1112.25 1115.55 1118.77 1122.37 1125.96 1129.63 1132.99 1136.35 1139.62 1143.05 1146.45 1149.93 1153.4 1157 1160.52 1163.96 1167.18 1170.48 1173.81 1177.36 1180.84 1184.29 1187.45 1190.7 1193.85 1197.02 1200.12 1202.94 1205.61 1208.33 1210.98 1213.64 1216.26 1218.92 1221.52 1224.19 1226.84 1229.26 1231.61 1234.01 1236.3 1238.62 1240.93 1243.01 1244.95 1246.92 1248.8 1250.68 1252.54 1254.29 1255.87 1257.5 1259.08 1260.66 1261.58 1262.93 1264.06 1265.25 1267.55 1268.31 1269.05 1269.82 1270.57 1271.35 1272.14 1272.74 1273.32 1273.92 1274.38 1274.82 1275.26 1275.55 1275.74 1274.36 1274.29 1274.12 1273.95 1275.79 1275.59 1275.39 1275.2 1275.02 1274.83 1274.61 1274.2 1273.78 1273.34 1270.9 1270.4 1269.9 1269.92 1268.98 1268.15 1267.31 1266.47 1265.67 1264.8 1263.61 1262.45 1260.67 1260.41 1260.26 1259.38 1250.37 1246.5 1242.98 1240.63 1238.93 1237.65 1236.1 1235.73 1233.49 1229.57 1227.54 1225.71 1224 1221.54 1219.02 1216.56 1214.17 1212.9 1210.56 1207.12 1204.72 1202.43 1200.13 1197.59 1194.99 1193.17 1190.57 1188.07 1185.55 1181.16 1178.63 1176.29 1173.96 1171.28 1169.25 1166.59 1162.14 1159.21 1156.31 1153.58 1150.99 1148.58 1145.75 1142.77 1139.86 1137.11 1134.34 1131.61 1128.84 1127.9 1125.44 1123.14 1120.37 1115.55 1113.21 1111.08 1110.43 1108.16 1107.04 1100.78 1098.08 1095.61 1093.29 1090.47 1087.41 1084.51 1081.72 1079.69 1077.83 1078.05 1074.33 1072.66 1071.13 1069.81 1068.25 1068.37 1066.56 1061.84 1058.7 1055.64 1052.58 1052.35 1049.92 1047.67 1042.77 1040.39 1038.07 1037.87 1033.26 1030.79 1028.46 1026.36 1024.43 1024.46 1022.61 1017.88 1015.27 1012.68 1010.03 1006.79 1003.42 1000.21 997.043 993.992 993.39 990.624 990.662 990.815 994.823 1000.43 1005.74 1006.92 1007.17 1006.48 1004.5 997.538 990.542 983.737 976.551 980.817 973.919 969.847 965.052 963.509 965.28 963.175 958.457 956.306 953.997 954.313 949.27 946.929 944.435 941.871 939.07 936.147 933.095 930.011 926.821 923.513 920.108 916.753 913.451 914.363 911.32 909.524 906.113 904.535 904.746 902.807 900.596 895.515 896.205 894.025 891.948 887.153 885.113 885.879 883.906 879.227 877.361 878.354 876.399 874.109 868.267 869.489 867.159 865.04 859.692 857.492 858.319 856.511 854.818 850.804 848.16 845.229 842.21 839.253 840.166 843.525 846.751 849.738 847.508 840.746 834.587 829.229 832.127 823.019 820.167 817.119 819.121 816.268 809.566 807.143 808.758 806.539 804.716 799.227 797.051 794.853 792.708 790.687 788.012 785.193 782.495 780.005 782.515 777.105 775.349 776.994 775.194 774.517 769.564 768.046 765.827 763.567 761.191 761.883 765.207 767.723 769.518 767.525 765.015 759.284 756.923 753.404 750.196 747.403 750.018 741.737 738.607 735.621 738.23 737.174 735.9 730.348 727.349 724.674 722.233 725.28 723.665 718.585 716.96 714.728 712.6 710.645 713.143 707.329 705.72 704.078 701.605 699.392 697.411 695.272 692.425 689.782 687.254 695.685 689.794 688.61 682.937 680.598 678.182 680.055 680.619 684.17 686.502 690.091 688.268 687.072 685.715 683.092 681.477 680.914 678.743 675.553 672.926 669.654 665.538 662.021 667.209 664.64 655.438 652.942 650.276 647.667 645.066 649.628 648.757 647.785 646.574 639.497 638.109 636.719 635.117 633.588 632.117 636.517 635.62 630.419 629.31 627.833 626.372 624.958 623.028 621.264 619.604 623.492 622.29 616.598 615.344 614.062 612.749 611.172 609.014 607.005 610.14 608.421 606.714 605.029 599.138 597.309 595.472 593.655 591.81 590.009 587.989 585.872 583.827 586.777 585.208 583.649 577.993 575.844 573.72 571.691 570.12 568.565 566.952 564.711 562.409 560.294 563.998 562.275 560.488 558.703 551.958 550.059 548.093 546.101 544.089 542.2 540.554 538.913 537.24 535.744 534.203 532.667 530.97 529.342 527.735 531.544 530.212 528.876 527.273 520.877 519.025 517.298 515.589 513.897 512.093 510.241 508.353 506.562 504.829 503.102 501.304 499.48 497.616 495.812 494.116 492.426 490.695 489.026 487.322 485.639 483.96 482.302 480.609 478.768 476.901 475.077 478.498 476.822 475.091 473.509 471.923 470.36 468.752 467.175 465.547 464.031 462.53 461.054 459.544 458.075 456.558 455.043 453.444 451.873 450.274 448.741 447.16 445.575 443.857 442.168 440.418 438.676 436.878 435.169 433.801 432.465 428.424 427.042 425.577 424.072 422.467 420.829 419.102 417.486 415.816 414.116 411.85 409.445 406.998 449.597 523.778 604.214 757.195 956.62 1154.37 1263.07 1271.37 1277.35 1282.09 1287.57 1292.87 1297.87 1302.91 1307.64 1311.26 1304.99 1302.81 1300.57 1298 1295.48 1294.19 1297.91 1303.19 1307.6 1311.32 1314.61 1317.61 1317.77 1316.59 1315.43 1317.61 1323.43 1330.31 1336.09 1344.35 1347.06 1346.35 1351 1355.69 1359.81 1359.46 1359.01 1358.42 1353.57 1348.23 1342.81 1335.71 1328.6 1322.44 1316.78 1311.73 1307.45 1306.74 1304.78 1302.96 1301.48 1300.63 1299.94 1299.3 1297.11 1291.37 1288.79 1287.33 1282.61 1277.93 1272.88 1267.46 1262.14 1254.57 1243.96 1233.22 1216.05 1203.01 1190.31 1179.15 1173.16 1165.35 1157.89 1153.8 1151.52 1149.28 1147.81 1147.86 1148.04 1150.61 1156.73 1163.02 1169.26 1175 1181.56 1186.97 1188.75 1189.96 1191.03 1191.65 1190.94 1190.27 1189.68 1186.96 1185.71 1184.49 1183.79 1182.36 1180.96 1179.6 1178.69 1176.73 1175.55 1175.51 1174.2 1173.25 1171.87 1169.16 1162.83 1161.63 1161.75 1161.24 1160.88 1160.61 1160.37 1159.49 1159.83 1159.01 1158.06 1156.97 1155.53 1153.83 1151.64 1150.59 1149.19 1147.77 1146.39 1145.17 1143.47 1142.39 1141.74 1140.37 1139.06 1137.75 1134.19 1131.71 1129.37 1127.56 1125.85 1121.62 1113.31 1083.93 1016.36 929.395 825.777 748.061 726.446 690.933 687.553 692.582 698.17 704.504 708.263 709.427 711.775 715.388 715.128 712.663 706.187 706.412 709.897 713.28 716.451 719.217 721.672 724.34 727.134 729.612 733.615 735.442 737.239 736.636 738.517 742.94 745.3 744.723 747.35 750.12 756.326 756.196 759.578 763.159 766.82 774.072 777.861 781.788 786.146 786.664 795.067 799.703 806.012 806.728 813.434 826.256 822.631 825.045 820.908 816.446 811.363 811.503 813.242 815.259 819.465 819.6 822.042 824.584 827.143 829.425 831.271 833.197 835.143 837.207 839.465 841.849 844.281 846.844 849.826 853.056 856.35 859.82 864.069 869.631 875.565 882.065 889.143 901.868 915.341 930.005 945.383 956.458 962.138 966.754 970.154 968.571 968.191 967.333 967.202 968.998 969.84 972.178 974.616 978.506 981.521 982.98 985.976 990.644 993.783 997.262 998.442 1001.89 1005.52 1009.34 1013.21 1017.16 1021.12 1025.11 1029.02 1034.46 1036.94 1040.85 1044.64 1049.79 1053.43 1055.66 1059.07 1063.65 1066.97 1070.42 1072.04 1075.28 1078.42 1081.55 1086.01 1087.8 1090.62 1093.2 1096.22 1098.89 1101.53 1102.47 1104.9 1107.23 1109.33 1112.91 1113.02 1115.41 1117.73 1122.33 1124.65 1126.63 1128.54 1129.83 1131.22 1132.83 1134.99 1137.12 1136.47 1137.29 1138.12 1138.99 1139.57 1142.22 1141.4 1143.13 1144.13 1144.97 1145.63 1147.25 1144.89 1146.74 1148 1148.67 1149.91 1151.63 1153.28 1151.02 1152.49 1153.42 1153.79 1155.41 1156.84 1158.14 1156 1157.03 1157.6 1157.74 1158.96 1159.77 1160.33 1158.12 1158.47 1158.56 1158.4 1162.76 1159.86 1160.04 1160.04 1157.6 1157.37 1157.03 1156.76 1156.45 1156.13 1157.61 1157.13 1155.17 1154.73 1154.03 1152.81 1149.65 1148.3 1147.06 1145.84 1141.28 1140.91 1140.36 1139.55 1138.57 1137.57 1139.11 1137.89 1136.61 1133.46 1131.67 1129.95 1128.26 1126.68 1125.13 1123.62 1124.36 1122.62 1120.84 1117 1115.12 1113.29 1111.44 1109.67 1107.87 1106.09 1104.41 1102.78 1101.12 1100.92 1096.83 1094.6 1092.69 1091.13 1089.58 1088.25 1087.28 1086.28 1087.15 1085.24 1083.17 1081.19 1078.94 1074.36 1071.96 1069.44 1066.84 1064.31 1061.9 1059.62 1057.3 1055.65 1054.61 1053.55 1054.22 1052.18 1050.16 1048.23 1045.99 1041.5 1039.16 1036.5 1033.81 1031.2 1028.31 1025.47 1022.59 1020.58 1018.66 1016.75 1014.44 1012.05 1009.65 1007.58 1005.65 1003.74 1003.71 1001.27 998.803 996.347 993.648 988.493 985.562 982.449 979.307 976.19 972.847 969.567 966.318 963.677 960.971 958.285 955.301 952.366 949.381 946.886 944.367 941.877 939.066 936.252 933.391 930.776 928.17 925.596 922.681 919.673 916.61 913.665 910.713 907.798 904.699 901.521 898.284 894.927 
        </DataArray>
        <DataArray type="Float64" Name="Tau1" format="ascii">
0 0 0 0 0 0 0 0 0 0 0 0 0 0 0 0 0 0 0 0 0 0 0 0 0 0 0 0 0 0 0 0 0 0 0 0 0 0 0 0 0 0 0 0 0 0 0 0 0 0 0 0 0 0 0 0 0 0 0 0 0 0 0 0 0 0 0 0 0 0 0 0 0 0 0 0 0 0 0 0 0 0 0 0 0 0 0 0 0 0 0 0 0 0 0 0 0 0 0 0 0 0 0 0 0 0 0 0 0 0 0 0 0 0 0 0 0 0 0 0 0 0 0 0 0 0 0 0 0 0 0 0 0 0 0 0 0 0 0 0 0 0 0 0 0 0 0 0 0 0 0 0 0 0 0 0 0 0 0 0 0 0 0 0 0 0 0 0 0 0 0 0 0 0 0 0 0 0 0 0 0 0 0 0 0 0 0 0 0 0 0 0 0 0 0 0 0 0 0 0 0 0 0 0 0 0 0 0 0 0 0 0 0 0 0 0 0 0 0 0 0 0 0 0 0 0 0 0 0 0 0 0 0 0 0 0 0 0 0 0 0 0 0 0 0 0 0 0 0 0 0 0 0 0 0 0 0 0 0 0 0 0 0 0 0 0 0 0 0 0 0 0 0 0 0 0 0 0 0 0 0 0 0 0 0 0 0 0 0 0 0 0 0 0 0 0 0 0 0 0 0 0 0 0 0 0 0 0 0 0 0 0 0 0 0 0 0 0 0 0 0 0 0 0 0 0 0 0 0 0 0 0 0 0 0 0 0 0 0 0 0 0 0 0 0 0 0 0 0 0 0 0 0 0 0 0 0 0 0 0 0 0 0 0 0 0 0 0 0 0 0 0 0 0 0 0 0 0 0 0 0 0 0 0 0 0 0 0 0 0 0 0 0 0 0 0 0 0 0 0 0 0 0 0 0 0 0 0 0 0 0 0 0 0 0 0 0 0 0 0 0 0 0 0 0 0 0 0 0 0 0 0 0 0 0 0 0 0 0 0 0 0 0 0 0 0 0 0 0 0 0 0 0 0 0 0 0 0 0 0 0 0 0 0 0 0 0 0 0 0 0 0 0 0 0 0 0 0 0 0 0 0 0 0 0 0 0 0 0 0 0 0 0 0 0 0 0 0 0 0 0 0 0 0 0 0 0 0 0 0 0 0 0 0 0 0 0 0 0 0 0 0 0 0 0 0 0 0 0 0 0 0 0 0 0 0 0 0 0 0 0 0 0 0 0 0 0 0 0 0 0 0 0 0 0 0 0 0 0 0 0 0 0 0 0 0 0 0 0 0 0 0 0 0 0 0 0 0 0 0 0 0 0 0 0 0 0 0 0 0 0 0 0 0 0 0 0 0 0 0 0 0 0 0 0 0 0 0 0 0 0 0 0 0 0 0 0 0 0 0 0 0 0 0 0 0 0 0 0 0 0 0 0 0 0 0 0 0 0 0 0 0 0 0 0 0 0 0 0 0 0 0 0 0 0 0 0 0 0 0 0 0 0 0 0 0 0 0 0 0 0 0 0 0 0 0 0 0 0 0 0 0 0 0 0 0 0 0 0 0 0 0 0 0 0 0 0 0 0 0 0 0 0 0 0 0 0 0 0 0 0 0 0 0 0 0 0 0 0 0 0 0 0 0 0 0 0 0 0 0 0 0 0 0 0 0 0 0 0 0 0 0 0 0 0 0 0 0 0 0 0 0 0 0 0 0 0 0 0 0 0 0 0 0 0 0 0 0 0 0 0 0 0 0 0 0 0 0 0 0 0 0 0 0 0 0 0 0 0 0 0 0 0 0 0 0 0 0 0 0 0 0 0 0 0 0 0 0 0 0 0 0 0 0 0 0 0 0 0 0 0 0 0 0 0 0 0 0 0 0 0 0 0 0 0 0 0 0 0 0 0 0 0 0 0 0 0 0 0 0 0 0 0 0 0 0 0 0 0 0 0 0 0 0 0 0 0 0 0 0 0 0 0 0 0 0 0 0 0 0 0 0 0 0 0 0 0 0 0 0 0 0 0 0 0 0 0 0 0 0 0 0 0 0 0 0 0 0 0 0 0 0 0 0 0 0 0 0 0 0 0 0 0 0 0 0 0 0 0 0 0 0 0 0 0 0 0 0 0 0 0 0 0 0 0 0 0 0 0 0 0 0 0 0 0 0 0 0 0 0 0 0 0 0 0 0 0 0 0 0 0 0 0 0 0 0 0 0 0 0 0 0 0 0 0 0 0 0 0 0 0 0 0 0 0 0 0 0 0 0 0 0 0 0 0 0 0 0 0 0 0 0 0 0 0 0 0 0 0 0 0 0 0 0 0 0 0 0 0 0 0 0 0 0 0 0 0 0 0 0 0 0 0 0 0 0 0 0 0 0 0 0 0 0 0 0 0 0 0 0 0 0 0 0 0 0 0 0 0 0 0 0 0 0 0 0 0 0 0 0 0 0 0 0 0 0 0 0 0 0 0 0 0 0 0 0 0 0 0 0 0 0 0 0 0 0 0 0 0 0 0 0 0 0 0 0 0 0 0 0 0 0 0 0 0 0 0 0 0 0 0 0 0 0 0 0 0 0 0 0 0 0 0 0 0 0 0 0 0 0 0 0 0 0 0 0 0 0 0 0 0 0 0 0 0 0 0 0 0 0 0 0 0 0 0 0 0 0 0 0 0 0 0 0 0 0 0 0 0 0 0 0 0 0 0 0 0 0 0 0 0 0 0 0 0 0 0 0 0 0 0 0 0 0 0 0 0 0 0 0 0 0 0 0 0 0 0 0 0 0 0 0 0 0 0 0 0 0 0 0 0 0 0 0 0 0 0 0 0 0 0 0 0 0 0 0 0 0 0 0 0 0 0 0 0 0 0 0 0 0 0 0 0 0 0 0 0 0 0 0 0 0 0 0 0 0 0 0 0 0 0 0 0 0 0 0 0 0 0 0 0 0 0 0 0 0 0 0 0 0 0 0 0 0 0 0 0 0 0 0 0 0 0 0 0 0 0 0 0 0 0 0 0 0 0 0 0 0 0 0 0 0 0 0 0 0 0 0 0 0 0 0 0 0 0 0 0 0 0 0 0 0 0 0 0 0 0 0 0 0 0 0 0 0 0 0 0 0 0 0 0 0 0 0 0 0 0 0 0 0 0 0 0 0 0 0 0 0 0 0 0 0 0 0 0 0 0 0 0 0 0 0 0 0 0 0 0 0 0 0 0 0 0 0 0 0 0 0 0 0 0 0 0 0 0 0 0 0 0 0 0 0 0 0 0 0 0 0 0 0 0 0 0 0 0 0 0 0 0 0 0 0 0 0 0 0 0 0 0 0 0 0 0 0 0 0 0 0 0 0 0 0 0 0 0 0 0 0 0 0 0 0 0 0 0 0 0 0 0 0 0 0 0 0 0 0 0 0 0 0 0 0 0 0 0 0 0 0 0 0 0 0 0 0 0 0 0 0 0 0 0 0 0 0 0 0 0 0 0 0 0 0 0 0 0 0 0 0 0 0 0 0 0 0 0 0 0 0 0 0 0 0 0 0 0 0 0 0 0 0 0 0 0 0 0 0 0 0 0 0 0 0 0 0 0 0 0 0 0 0 0 0 0 0 0 0 0 0 0 0 0 0 0 0 0 0 0 0 0 0 0 0 0 0 0 0 0 0 0 0 0 0 0 0 0 0 0 0 0 0 0 0 0 0 0 0 0 0 0 0 0 0 0 0 0 0 0 0 0 0 0 0 0 0 0 0 0 0 0 0 0 0 0 0 0 0 0 0 0 0 0 0 0 0 0 0 0 0 0 0 0 0 0 0 0 0 0 0 0 0 0 0 0 0 0 0 0 0 0 0 0 0 0 0 0 0 0 0 0 0 0 0 0 0 0 0 0 0 0 0 0 0 0 0 0 0 0 0 0 0 0 0 0 0 0 0 0 0 0 0 0 0 0 0 0 0 0 0 0 0 0 0 0 0 0 0 0 0 0 0 0 0 0 0 0 0 0 0 0 0 0 0 0 0 0 0 0 0 0 0 0 0 0 0 0 0 0 0 0 0 0 0 0 0 0 0 0 0 0 0 0 0 0 0 0 0 0 0 0 0 0 0 0 0 0 0 0 0 0 0 0 0 0 0 0 0 0 0 0 0 0 0 0 0 0 0 0 0 0 0 0 0 0 0 0 0 0 0 0 0 0 0 0 0 0 0 0 0 0 0 0 0 0 0 0 0 0 0 0 0 0 0 0 0 0 0 0 0 0 0 0 0 0 0 0 0 0 0 0 0 0 0 0 0 0 0 0 0 0 0 0 0 0 0 0 0 0 0 0 0 0 0 0 0 0 0 0 0 0 0 0 0 0 0 0 0 0 0 0 0 0 0 0 0 0 0 0 0 0 0 0 0 0 0 0 0 0 0 0 0 0 0 0 0 0 0 0 0 0 0 0 0 0 0 0 0 0 0 0 0 0 0 0 0 0 0 0 0 0 0 0 0 0 0 0 0 0 0 0 0 0 0 0 0 0 0 0 0 0 0 
        </DataArray>
        <DataArray type="Float64" Name="Tau2" format="ascii">
0 0 0 0 0 0 0 0 0 0 0 0 0 0 0 0 0 0 0 0 0 0 0 0 0 0 0 0 0 0 0 0 0 0 0 0 0 0 0 0 0 0 0 0 0 0 0 0 0 0 0 0 0 0 0 0 0 0 0 0 0 0 0 0 0 0 0 0 0 0 0 0 0 0 0 0 0 0 0 0 0 0 0 0 0 0 0 0 0 0 0 0 0 0 0 0 0 0 0 0 0 0 0 0 0 0 0 0 0 0 0 0 0 0 0 0 0 0 0 0 0 0 0 0 0 0 0 0 0 0 0 0 0 0 0 0 0 0 0 0 0 0 0 0 0 0 0 0 0 0 0 0 0 0 0 0 0 0 0 0 0 0 0 0 0 0 0 0 0 0 0 0 0 0 0 0 0 0 0 0 0 0 0 0 0 0 0 0 0 0 0 0 0 0 0 0 0 0 0 0 0 0 0 0 0 0 0 0 0 0 0 0 0 0 0 0 0 0 0 0 0 0 0 0 0 0 0 0 0 0 0 0 0 0 0 0 0 0 0 0 0 0 0 0 0 0 0 0 0 0 0 0 0 0 0 0 0 0 0 0 0 0 0 0 0 0 0 0 0 0 0 0 0 0 0 0 0 0 0 0 0 0 0 0 0 0 0 0 0 0 0 0 0 0 0 0 0 0 0 0 0 0 0 0 0 0 0 0 0 0 0 0 0 0 0 0 0 0 0 0 0 0 0 0 0 0 0 0 0 0 0 0 0 0 0 0 0 0 0 0 0 0 0 0 0 0 0 0 0 0 0 0 0 0 0 0 0 0 0 0 0 0 0 0 0 0 0 0 0 0 0 0 0 0 0 0 0 0 0 0 0 0 0 0 0 0 0 0 0 0 0 0 0 0 0 0 0 0 0 0 0 0 0 0 0 0 0 0 0 0 0 0 0 0 0 0 0 0 0 0 0 0 0 0 0 0 0 0 0 0 0 0 0 0 0 0 0 0 0 0 0 0 0 0 0 0 0 0 0 0 0 0 0 0 0 0 0 0 0 0 0 0 0 0 0 0 0 0 0 0 0 0 0 0 0 0 0 0 0 0 0 0 0 0 0 0 0 0 0 0 0 0 0 0 0 0 0 0 0 0 0 0 0 0 0 0 0 0 0 0 0 0 0 0 0 0 0 0 0 0 0 0 0 0 0 0 0 0 0 0 0 0 0 0 0 0 0 0 0 0 0 0 0 0 0 0 0 0 0 0 0 0 0 0 0 0 0 0 0 0 0 0 0 0 0 0 0 0 0 0 0 0 0 0 0 0 0 0 0 0 0 0 0 0 0 0 0 0 0 0 0 0 0 0 0 0 0 0 0 0 0 0 0 0 0 0 0 0 0 0 0 0 0 0 0 0 0 0 0 0 0 0 0 0 0 0 0 0 0 0 0 0 0 0 0 0 0 0 0 0 0 0 0 0 0 0 0 0 0 0 0 0 0 0 0 0 0 0 0 0 0 0 0 0 0 0 0 0 0 0 0 0 0 0 0 0 0 0 0 0 0 0 0 0 0 0 0 0 0 0 0 0 0 0 0 0 0 0 0 0 0 0 0 0 0 0 0 0 0 0 0 0 0 0 0 0 0 0 0 0 0 0 0 0 0 0 0 0 0 0 0 0 0 0 0 0 0 0 0 0 0 0 0 0 0 0 0 0 0 0 0 0 0 0 0 0 0 0 0 0 0 0 0 0 0 0 0 0 0 0 0 0 0 0 0 0 0 0 0 0 0 0 0 0 0 0 0 0 0 0 0 0 0 0 0 0 0 0 0 0 0 0 0 0 0 0 0 0 0 0 0 0 0 0 0 0 0 0 0 0 0 0 0 0 0 0 0 0 0 0 0 0 0 0 0 0 0 0 0 0 0 0 0 0 0 0 0 0 0 0 0 0 0 0 0 0 0 0 0 0 0 0 0 0 0 0 0 0 0 0 0 0 0 0 0 0 0 0 0 0 0 0 0 0 0 0 0 0 0 0 0 0 0 0 0 0 0 0 0 0 0 0 0 0 0 0 0 0 0 0 0 0 0 0 0 0 0 0 0 0 0 0 0 0 0 0 0 0 0 0 0 0 0 0 0 0 0 0 0 0 0 0 0 0 0 0 0 0 0 0 0 0 0 0 0 0 0 0 0 0 0 0 0 0 0 0 0 0 0 0 0 0 0 0 0 0 0 0 0 0 0 0 0 0 0 0 0 0 0 0 0 0 0 0 0 0 0 0 0 0 0 0 0 0 0 0 0 0 0 0 0 0 0 0 0 0 0 0 0 0 0 0 0 0 0 0 0 0 0 0 0 0 0 0 0 0 0 0 0 0 0 0 0 0 0 0 0 0 0 0 0 0 0 0 0 0 0 0 0 0 0 0 0 0 0 0 0 0 0 0 0 0 0 0 0 0 0 0 0 0 0 0 0 0 0 0 0 0 0 0 0 0 0 0 0 0 0 0 0 0 0 0 0 0 0 0 0 0 0 0 0 0 0 0 0 0 0 0 0 0 0 0 0 0 0 0 0 0 0 0 0 0 0 0 0 0 0 0 0 0 0 0 0 0 0 0 0 0 0 0 0 0 0 0 0 0 0 0 0 0 0 0 0 0 0 0 0 0 0 0 0 0 0 0 0 0 0 0 0 0 0 0 0 0 0 0 0 0 0 0 0 0 0 0 0 0 0 0 0 0 0 0 0 0 0 0 0 0 0 0 0 0 0 0 0 0 0 0 0 0 0 0 0 0 0 0 0 0 0 0 0 0 0 0 0 0 0 0 0 0 0 0 0 0 0 0 0 0 0 0 0 0 0 0 0 0 0 0 0 0 0 0 0 0 0 0 0 0 0 0 0 0 0 0 0 0 0 0 0 0 0 0 0 0 0 0 0 0 0 0 0 0 0 0 0 0 0 0 0 0 0 0 0 0 0 0 0 0 0 0 0 0 0 0 0 0 0 0 0 0 0 0 0 0 0 0 0 0 0 0 0 0 0 0 0 0 0 0 0 0 0 0 0 0 0 0 0 0 0 0 0 0 0 0 0 0 0 0 0 0 0 0 0 0 0 0 0 0 0 0 0 0 0 0 0 0 0 0 0 0 0 0 0 0 0 0 0 0 0 0 0 0 0 0 0 0 0 0 0 0 0 0 0 0 0 0 0 0 0 0 0 0 0 0 0 0 0 0 0 0 0 0 0 0 0 0 0 0 0 0 0 0 0 0 0 0 0 0 0 0 0 0 0 0 0 0 0 0 0 0 0 0 0 0 0 0 0 0 0 0 0 0 0 0 0 0 0 0 0 0 0 0 0 0 0 0 0 0 0 0 0 0 0 0 0 0 0 0 0 0 0 0 0 0 0 0 0 0 0 0 0 0 0 0 0 0 0 0 0 0 0 0 0 0 0 0 0 0 0 0 0 0 0 0 0 0 0 0 0 0 0 0 0 0 0 0 0 0 0 0 0 0 0 0 0 0 0 0 0 0 0 0 0 0 0 0 0 0 0 0 0 0 0 0 0 0 0 0 0 0 0 0 0 0 0 0 0 0 0 0 0 0 0 0 0 0 0 0 0 0 0 0 0 0 0 0 0 0 0 0 0 0 0 0 0 0 0 0 0 0 0 0 0 0 0 0 0 0 0 0 0 0 0 0 0 0 0 0 0 0 0 0 0 0 0 0 0 0 0 0 0 0 0 0 0 0 0 0 0 0 0 0 0 0 0 0 0 0 0 0 0 0 0 0 0 0 0 0 0 0 0 0 0 0 0 0 0 0 0 0 0 0 0 0 0 0 0 0 0 0 0 0 0 0 0 0 0 0 0 0 0 0 0 0 0 0 0 0 0 0 0 0 0 0 0 0 0 0 0 0 0 0 0 0 0 0 0 0 0 0 0 0 0 0 0 0 0 0 0 0 0 0 0 0 0 0 0 0 0 0 0 0 0 0 0 0 0 0 0 0 0 0 0 0 0 0 0 0 0 0 0 0 0 0 0 0 0 0 0 0 0 0 0 0 0 0 0 0 0 0 0 0 0 0 0 0 0 0 0 0 0 0 0 0 0 0 0 0 0 0 0 0 0 0 0 0 0 0 0 0 0 0 0 0 0 0 0 0 0 0 0 0 0 0 0 0 0 0 0 0 0 0 0 0 0 0 0 0 0 0 0 0 0 0 0 0 0 0 0 0 0 0 0 0 0 0 0 0 0 0 0 0 0 0 0 0 0 0 0 0 0 0 0 0 0 0 0 0 0 0 0 0 0 0 0 0 0 0 0 0 0 0 0 0 0 0 0 0 0 0 0 0 0 0 0 0 0 0 0 0 0 0 0 0 0 0 0 0 0 0 0 0 0 0 0 0 0 0 0 0 0 0 0 0 0 0 0 0 0 0 0 0 0 0 0 0 0 0 0 0 0 0 0 0 0 0 0 0 0 0 0 0 0 0 0 0 0 0 0 0 0 0 0 0 0 0 0 0 0 0 0 0 0 0 0 0 0 0 0 0 
        </DataArray>
        <DataArray type="Float64" Name="dTdn" format="ascii">
0 0 0 0 0 0 0 0 0 0 0 0 0 0 0 0 0 0 0 0 0 0 0 0 0 0 0 0 0 0 0 0 0 0 0 0 0 0 0 0 0 0 0 0 0 0 0 0 0 0 0 0 0 0 0 0 0 0 0 0 0 0 0 0 0 0 0 0 0 0 0 0 0 0 0 0 0 0 0 0 0 0 0 0 0 0 0 0 0 0 0 0 0 0 0 0 0 0 0 0 0 0 0 0 0 0 0 0 0 0 0 0 0 0 0 0 0 0 0 0 0 0 0 0 0 0 0 0 0 0 0 0 0 0 0 0 0 0 0 0 0 0 0 0 0 0 0 0 0 0 0 0 0 0 0 0 0 0 0 0 0 0 0 0 0 0 0 0 0 0 0 0 0 0 0 0 0 0 0 0 0 0 0 0 0 0 0 0 0 0 0 0 0 0 0 0 0 0 0 0 0 0 0 0 0 0 0 0 0 0 0 0 0 0 0 0 0 0 0 0 0 0 0 0 0 0 0 0 0 0 0 0 0 0 0 0 0 0 0 0 0 0 0 0 0 0 0 0 0 0 0 0 0 0 0 0 0 0 0 0 0 0 0 0 0 0 0 0 0 0 0 0 0 0 0 0 0 0 0 0 0 0 0 0 0 0 0 0 0 0 0 0 0 0 0 0 0 0 0 0 0 0 0 0 0 0 0 0 0 0 0 0 0 0 0 0 0 0 0 0 0 0 0 0 0 0 0 0 0 0 0 0 0 0 0 0 0 0 0 0 0 0 0 0 0 0 0 0 0 0 0 0 0 0 0 0 0 0 0 0 0 0 0 0 0 0 0 0 0 0 0 0 0 0 0 0 0 0 0 0 0 0 0 0 0 0 0 0 0 0 0 0 0 0 0 0 0 0 0 0 0 0 0 0 0 0 0 0 0 0 0 0 0 0 0 0 0 0 0 0 0 0 0 0 0 0 0 0 0 0 0 0 0 0 0 0 0 0 0 0 0 0 0 0 0 0 0 0 0 0 0 0 0 0 0 0 0 0 0 0 0 0 0 0 0 0 0 0 0 0 0 0 0 0 0 0 0 0 0 0 0 0 0 0 0 0 0 0 0 0 0 0 0 0 0 0 0 0 0 0 0 0 0 0 0 0 0 0 0 0 0 0 0 0 0 0 0 0 0 0 0 0 0 0 0 0 0 0 0 0 0 0 0 0 0 0 0 0 0 0 0 0 0 0 0 0 0 0 0 0 0 0 0 0 0 0 0 0 0 0 0 0 0 0 0 0 0 0 0 0 0 0 0 0 0 0 0 0 0 0 0 0 0 0 0 0 0 0 0 0 0 0 0 0 0 0 0 0 0 0 0 0 0 0 0 0 0 0 0 0 0 0 0 0 0 0 0 0 0 0 0 0 0 0 0 0 0 0 0 0 0 0 0 0 0 0 0 0 0 0 0 0 0 0 0 0 0 0 0 0 0 0 0 0 0 0 0 0 0 0 0 0 0 0 0 0 0 0 0 0 0 0 0 0 0 0 0 0 0 0 0 0 0 0 0 0 0 0 0 0 0 0 0 0 0 0 0 0 0 0 0 0 0 0 0 0 0 0 0 0 0 0 0 0 0 0 0 0 0 0 0 0 0 0 0 0 0 0 0 0 0 0 0 0 0 0 0 0 0 0 0 0 0 0 0 0 0 0 0 0 0 0 0 0 0 0 0 0 0 0 0 0 0 0 0 0 0 0 0 0 0 0 0 0 0 0 0 0 0 0 0 0 0 0 0 0 0 0 0 0 0 0 0 0 0 0 0 0 0 0 0 0 0 0 0 0 0 0 0 0 0 0 0 0 0 0 0 0 0 0 0 0 0 0 0 0 0 0 0 0 0 0 0 0 0 0 0 0 0 0 0 0 0 0 0 0 0 0 0 0 0 0 0 0 0 0 0 0 0 0 0 0 0 0 0 0 0 0 0 0 0 0 0 0 0 0 0 0 0 0 0 0 0 0 0 0 0 0 0 0 0 0 0 0 0 0 0 0 0 0 0 0 0 0 0 0 0 0 0 0 0 0 0 0 0 0 0 0 0 0 0 0 0 0 0 0 0 0 0 0 0 0 0 0 0 0 0 0 0 0 0 0 0 0 0 0 0 0 0 0 0 0 0 0 0 0 0 0 0 0 0 0 0 0 0 0 0 0 0 0 0 0 0 0 0 0 0 0 0 0 0 0 0 0 0 0 0 0 0 0 0 0 0 0 0 0 0 0 0 0 0 0 0 0 0 0 0 0 0 0 0 0 0 0 0 0 0 0 0 0 0 0 0 0 0 0 0 0 0 0 0 0 0 0 0 0 0 0 0 0 0 0 0 0 0 0 0 0 0 0 0 0 0 0 0 0 0 0 0 0 0 0 0 0 0 0 0 0 0 0 0 0 0 0 0 0 0 0 0 0 0 0 0 0 0 0 0 0 0 0 0 0 0 0 0 0 0 0 0 0 0 0 0 0 0 0 0 0 0 0 0 0 0 0 0 0 0 0 0 0 0 0 0 0 0 0 0 0 0 0 0 0 0 0 0 0 0 0 0 0 0 0 0 0 0 0 0 0 0 0 0 0 0 0 0 0 0 0 0 0 0 0 0 0 0 0 0 0 0 0 0 0 0 0 0 0 0 0 0 0 0 0 0 0 0 0 0 0 0 0 0 0 0 0 0 0 0 0 0 0 0 0 0 0 0 0 0 0 0 0 0 0 0 0 0 0 0 0 0 0 0 0 0 0 0 0 0 0 0 0 0 0 0 0 0 0 0 0 0 0 0 0 0 0 0 0 0 0 0 0 0 0 0 0 0 0 0 0 0 0 0 0 0 0 0 0 0 0 0 0 0 0 0 0 0 0 0 0 0 0 0 0 0 0 0 0 0 0 0 0 0 0 0 0 0 0 0 0 0 0 0 0 0 0 0 0 0 0 0 0 0 0 0 0 0 0 0 0 0 0 0 0 0 0 0 0 0 0 0 0 0 0 0 0 0 0 0 0 0 0 0 0 0 0 0 0 0 0 0 0 0 0 0 0 0 0 0 0 0 0 0 0 0 0 0 0 0 0 0 0 0 0 0 0 0 0 0 0 0 0 0 0 0 0 0 0 0 0 0 0 0 0 0 0 0 0 0 0 0 0 0 0 0 0 0 0 0 0 0 0 0 0 0 0 0 0 0 0 0 0 0 0 0 0 0 0 0 0 0 0 0 0 0 0 0 0 0 0 0 0 0 0 0 0 0 0 0 0 0 0 0 0 0 0 0 0 0 0 0 0 0 0 0 0 0 0 0 0 0 0 0 0 0 0 0 0 0 0 0 0 0 0 0 0 0 0 0 0 0 0 0 0 0 0 0 0 0 0 0 0 0 0 0 0 0 0 0 0 0 0 0 0 0 0 0 0 0 0 0 0 0 0 0 0 0 0 0 0 0 0 0 0 0 0 0 0 0 0 0 0 0 0 0 0 0 0 0 0 0 0 0 0 0 0 0 0 0 0 0 0 0 0 0 0 0 0 0 0 0 0 0 0 0 0 0 0 0 0 0 0 0 0 0 0 0 0 0 0 0 0 0 0 0 0 0 0 0 0 0 0 0 0 0 0 0 0 0 0 0 0 0 0 0 0 0 0 0 0 0 0 0 0 0 0 0 0 0 0 0 0 0 0 0 0 0 0 0 0 0 0 0 0 0 0 0 0 0 0 0 0 0 0 0 0 0 0 0 0 0 0 0 0 0 0 0 0 0 0 0 0 0 0 0 0 0 0 0 0 0 0 0 0 0 0 0 0 0 0 0 0 0 0 0 0 0 0 0 0 0 0 0 0 0 0 0 0 0 0 0 0 0 0 0 0 0 0 0 0 0 0 0 0 0 0 0 0 0 0 0 0 0 0 0 0 0 0 0 0 0 0 0 0 0 0 0 0 0 0 0 0 0 0 0 0 0 0 0 0 0 0 0 0 0 0 0 0 0 0 0 0 0 0 0 0 0 0 0 0 0 0 0 0 0 0 0 0 0 0 0 0 0 0 0 0 0 0 0 0 0 0 0 0 0 0 0 0 0 0 0 0 0 0 0 0 0 0 0 0 0 0 0 0 0 0 0 0 0 0 0 0 0 0 0 0 0 0 0 0 0 0 0 0 0 0 0 0 0 0 0 0 0 0 0 0 0 0 0 0 0 0 0 0 0 0 0 0 0 0 0 0 0 0 0 0 0 0 0 0 0 0 0 0 0 0 0 0 0 0 0 0 0 0 0 0 0 0 0 0 0 0 0 0 0 0 0 0 0 0 0 0 0 0 0 0 0 0 0 0 0 0 0 0 0 0 0 0 0 0 0 0 0 0 0 0 0 0 0 0 0 0 0 0 0 0 0 0 0 0 0 0 0 0 0 0 0 0 0 0 0 0 0 0 0 0 0 0 0 0 0 0 0 0 0 0 0 0 0 0 0 0 0 0 0 0 0 0 0 0 0 0 0 0 0 0 0 0 0 0 0 0 
        </DataArray>
        <DataArray type="Int32" Name="Rank" format="ascii">
0 0 0 0 0 0 0 0 0 0 0 0 0 0 0 0 0 0 0 0 0 0 0 0 0 0 0 0 0 0 0 0 0 0 0 0 0 0 0 0 0 0 0 0 0 0 0 0 0 0 0 0 0 0 0 0 0 0 0 0 0 0 0 0 0 0 0 0 0 0 0 0 0 0 0 0 0 0 0 0 0 0 0 0 0 0 0 0 0 0 0 0 0 0 0 0 0 0 0 0 0 0 0 0 0 0 0 0 0 0 0 0 0 0 0 0 0 0 0 0 0 0 0 0 0 0 0 0 0 0 0 0 0 0 0 0 0 0 0 0 0 0 0 0 0 0 0 0 0 0 0 0 0 0 0 0 0 0 0 0 0 0 0 0 0 0 0 8 8 8 8 8 8 8 8 8 8 8 8 8 8 8 8 8 8 8 8 8 8 8 8 8 8 8 8 8 8 8 8 8 8 8 8 8 8 8 8 8 8 8 8 8 8 8 8 8 8 8 8 8 8 8 8 8 8 8 8 8 8 8 8 8 8 8 8 8 8 8 8 8 8 8 8 8 8 8 8 8 8 8 8 8 8 8 8 8 8 8 8 8 8 8 8 8 8 8 8 8 8 8 8 8 8 8 8 8 8 8 8 8 8 8 8 8 8 8 8 8 8 8 8 8 8 8 8 8 8 8 8 8 8 8 8 8 8 8 8 8 8 8 8 8 8 8 8 8 8 8 8 8 8 8 8 8 8 8 8 8 8 8 8 8 8 8 8 8 8 8 8 8 8 8 8 8 8 8 8 8 8 8 8 8 8 8 8 8 8 8 8 8 8 0 0 0 0 0 0 0 0 0 0 0 0 0 0 0 0 0 0 0 0 0 0 0 0 0 0 0 0 0 0 0 0 0 0 0 0 0 0 0 0 0 0 0 0 0 0 0 0 0 0 0 0 0 0 0 0 0 0 0 8 8 8 8 8 8 8 8 8 8 8 8 8 8 8 8 8 8 8 8 0 0 0 0 0 0 0 0 0 0 0 0 0 0 0 0 0 0 0 0 0 0 0 0 0 0 0 0 0 0 0 0 0 0 0 0 0 0 0 0 0 0 0 0 0 0 0 0 0 0 0 0 0 0 0 0 0 0 0 0 0 0 0 0 0 0 0 0 0 0 0 0 0 0 0 0 0 0 0 0 0 0 0 0 0 0 0 0 0 0 0 0 0 0 0 0 0 0 0 0 0 0 0 0 0 0 0 0 0 0 0 0 0 0 0 0 0 0 0 0 0 0 0 0 0 0 0 0 0 0 0 0 0 0 0 0 0 0 0 0 0 0 0 0 0 0 0 0 0 0 0 0 0 0 0 0 0 0 0 0 0 0 0 0 0 0 0 0 0 0 0 0 0 0 0 0 0 0 0 0 0 0 0 0 0 0 0 0 0 0 0 0 0 0 0 0 0 0 0 0 0 0 0 0 0 0 0 0 0 0 0 0 0 0 0 0 0 0 0 0 0 0 0 0 0 0 0 0 0 0 0 0 0 0 0 0 0 0 0 0 0 0 0 0 0 0 0 0 0 0 0 0 0 0 0 0 0 0 0 0 0 0 0 0 0 0 0 0 0 0 0 0 0 0 0 0 0 0 0 0 0 0 0 0 0 0 0 0 0 0 0 0 0 0 0 0 0 0 0 0 0 0 0 0 0 0 0 0 0 0 0 0 0 0 0 0 0 0 0 0 0 0 0 0 0 0 0 0 0 0 0 0 0 0 0 0 0 0 0 0 0 0 0 0 0 0 0 0 0 0 0 0 0 0 0 0 0 0 0 0 0 0 0 0 0 0 0 0 0 0 0 0 0 0 0 0 0 0 0 0 0 0 0 0 0 0 0 0 0 0 0 0 0 0 0 0 0 0 0 0 0 0 0 0 0 0 0 0 0 0 0 0 0 0 0 0 0 0 0 0 0 0 0 0 0 0 0 0 0 0 0 0 0 0 0 0 0 0 0 0 0 0 0 0 0 0 0 0 0 0 0 0 0 0 0 0 0 0 0 0 0 0 0 0 0 0 0 0 0 0 0 0 0 0 0 0 0 0 0 0 0 0 0 0 0 0 0 0 0 0 0 0 0 0 0 0 0 0 0 0 0 0 0 0 0 0 0 0 0 0 0 0 0 0 0 0 0 0 0 0 0 0 0 0 0 0 0 0 0 0 0 0 0 0 0 0 0 0 0 0 0 0 0 0 0 0 0 0 0 0 0 0 0 0 0 0 0 0 0 0 0 0 0 0 0 0 0 0 0 0 0 0 0 0 0 0 0 0 0 0 0 0 0 0 0 0 0 0 0 0 0 0 0 0 0 0 0 0 0 0 0 0 0 0 0 0 0 0 0 0 0 0 0 0 0 0 0 0 0 0 0 0 0 0 0 0 0 0 0 0 0 0 0 0 0 0 0 0 0 0 0 0 0 0 0 0 0 0 0 0 0 5 5 5 5 5 5 5 5 5 5 5 5 5 5 5 5 5 5 5 5 5 5 5 5 5 5 5 5 5 5 5 5 5 5 5 5 5 5 5 5 5 5 5 5 5 5 5 5 5 5 5 5 5 5 5 5 5 5 5 5 5 5 5 5 5 5 5 5 5 5 5 5 5 5 5 5 5 5 5 5 5 5 5 5 5 5 5 5 5 5 5 5 5 5 5 5 5 5 5 5 5 5 5 5 5 5 5 5 5 5 5 5 5 5 5 5 5 5 5 5 5 5 5 5 5 5 5 5 5 5 5 5 5 5 5 5 5 5 5 5 5 5 5 5 5 5 5 5 5 5 5 5 5 5 5 5 5 5 5 5 5 5 5 5 5 5 5 5 5 5 5 5 5 5 0 0 0 0 0 5 5 5 5 5 5 5 5 5 5 5 5 5 5 5 5 5 5 5 5 5 5 5 5 5 5 5 5 5 5 5 5 5 5 5 5 5 5 5 5 5 5 5 5 5 5 5 5 5 5 5 5 5 5 5 5 5 5 5 5 5 5 5 5 5 5 5 5 5 5 5 5 5 5 5 5 5 5 5 5 5 5 5 5 5 5 5 5 5 5 5 5 5 5 5 5 5 5 5 5 5 5 5 5 5 5 5 5 5 5 5 5 5 5 5 5 5 5 5 5 5 5 5 5 5 5 5 5 5 5 5 5 5 5 5 5 5 5 5 5 5 5 5 5 5 5 5 5 5 5 5 5 5 5 5 5 5 5 5 5 5 5 5 5 5 5 5 5 5 5 5 5 5 5 5 5 5 5 5 5 5 5 5 5 5 5 5 5 5 5 5 5 5 5 5 5 5 5 5 5 5 5 5 5 5 5 5 5 5 5 5 5 5 5 5 5 5 5 5 5 5 5 5 5 5 5 5 5 5 5 5 5 5 5 5 5 5 5 5 5 5 5 5 5 5 5 5 5 5 5 5 5 5 5 5 5 5 5 5 5 5 5 5 5 5 5 5 5 5 5 5 5 5 5 5 5 5 5 5 5 5 5 5 5 5 5 5 5 5 5 5 5 5 5 5 5 5 5 5 5 5 5 5 5 5 5 5 5 5 5 5 5 5 5 5 5 5 5 5 5 5 5 5 5 5 5 5 5 5 5 5 5 5 5 5 5 5 5 5 5 5 5 5 5 5 5 5 5 5 5 5 5 5 5 5 5 5 5 5 5 5 5 5 5 5 5 5 5 5 5 5 5 5 5 5 5 5 5 5 5 5 5 5 5 5 5 5 5 5 5 5 5 5 5 5 5 5 5 5 5 5 5 5 5 5 5 5 5 5 5 5 5 5 5 5 5 5 5 5 0 0 0 0 0 0 0 0 0 0 0 0 0 0 0 0 0 0 0 0 0 0 0 0 0 0 0 0 0 0 0 0 0 0 0 0 0 0 0 0 0 0 0 0 0 0 0 0 0 0 0 0 0 0 0 0 0 0 0 0 0 0 0 0 0 0 0 0 0 0 0 0 0 0 0 0 0 0 0 0 0 0 0 0 0 0 0 0 0 0 0 0 0 0 0 0 0 0 0 0 0 0 0 0 0 0 0 0 0 0 0 0 0 0 0 0 0 0 0 0 0 0 0 0 0 0 0 0 0 0 0 0 0 0 0 0 0 0 0 0 0 0 0 0 0 0 0 0 0 0 0 0 0 0 0 0 0 0 0 0 0 0 0 0 0 0 0 0 0 0 0 0 0 0 0 0 0 0 0 0 0 0 0 0 0 0 0 0 0 0 0 0 0 0 0 0 0 0 0 0 0 0 0 0 0 0 0 0 0 0 0 0 0 0 0 0 0 0 0 0 0 0 0 0 0 0 0 0 0 0 0 0 0 0 0 0 0 0 0 0 0 0 0 0 0 0 0 0 0 0 0 0 0 0 0 0 0 0 0 0 0 0 0 0 0 0 0 0 0 0 0 0 0 0 0 0 0 0 0 0 0 0 0 0 0 0 0 0 0 0 0 0 0 0 0 0 0 0 0 0 0 0 0 0 0 0 0 0 0 0 0 
        </DataArray>
        <DataArray type="Int32" Name="Level" format="ascii">
4 4 4 4 4 4 4 4 4 4 4 4 4 4 4 4 4 4 4 4 4 4 4 4 4 4 4 4 4 4 4 4 4 4 4 4 4 4 4 4 4 4 4 4 4 4 4 4 4 4 4 4 4 4 4 4 4 4 4 4 4 4 4 4 4 4 4 4 4 4 4 4 4 4 4 4 4 4 4 4 4 4 4 4 4 4 4 4 4 4 4 4 4 4 4 4 4 4 4 4 4 4 4 4 4 4 4 4 4 4 4 4 4 4 4 4 4 4 4 4 4 4 4 4 4 4 4 4 4 4 4 4 4 4 4 4 4 4 4 4 4 4 4 4 4 4 4 4 4 4 4 4 4 4 4 4 4 4 4 4 4 4 4 4 4 4 4 4 4 4 4 4 4 4 4 4 4 4 4 4 4 4 4 4 4 4 4 4 4 4 4 4 4 4 4 4 3 3 4 4 4 4 4 4 4 4 4 4 4 4 4 4 4 4 4 4 4 4 4 4 4 4 4 4 4 4 4 4 4 4 4 4 4 4 4 4 4 4 4 4 4 4 4 4 4 4 4 4 4 4 4 4 4 4 4 4 4 4 4 4 4 4 4 4 4 4 4 4 4 4 4 4 4 4 4 4 4 4 4 4 4 4 4 4 4 4 4 4 4 4 4 4 4 4 4 4 4 4 4 4 4 4 3 3 4 4 4 4 4 4 4 4 4 4 4 4 4 4 4 4 4 4 4 4 4 4 4 4 4 4 4 4 4 4 4 4 4 4 4 4 4 4 4 4 4 4 4 4 4 4 4 4 4 4 4 4 4 4 4 4 4 4 4 4 4 4 4 4 4 4 4 4 4 4 4 4 4 4 4 4 4 4 4 4 4 4 4 4 4 4 4 4 4 4 4 4 4 4 4 4 4 4 4 4 4 4 4 4 4 4 4 4 4 4 4 4 4 4 4 4 4 4 4 4 4 4 4 4 4 4 4 4 4 4 4 4 4 4 4 4 4 4 4 4 4 4 4 4 4 4 4 4 4 4 4 4 4 4 4 4 4 4 4 4 4 4 4 4 4 4 4 4 4 4 4 4 4 4 4 4 4 4 4 4 4 4 4 4 4 4 4 4 4 4 4 4 4 4 4 4 4 4 4 4 4 4 4 4 4 4 4 4 4 4 4 4 4 4 4 4 4 4 4 4 4 4 4 4 4 4 4 4 4 4 4 4 4 4 4 4 4 4 4 4 4 4 4 4 4 4 4 4 4 4 4 4 4 4 4 4 4 4 4 4 4 4 4 4 4 4 4 4 4 4 4 4 4 4 4 4 4 4 4 4 4 4 4 4 4 4 4 4 4 4 4 4 4 4 4 4 4 4 4 4 4 4 4 4 4 4 4 4 4 4 4 4 4 4 4 4 4 4 4 4 4 4 4 4 4 4 4 4 4 4 4 4 4 4 4 4 4 4 4 4 4 4 4 4 4 4 4 4 4 4 4 4 4 4 4 4 4 4 4 4 4 4 4 4 4 4 4 4 4 4 4 4 4 4 4 4 4 4 4 4 4 4 4 4 4 4 4 4 4 4 4 4 4 4 4 4 4 4 4 4 4 4 4 4 4 4 4 4 4 4 4 4 4 4 4 4 4 4 4 4 4 4 4 4 4 4 4 4 4 4 4 4 4 4 4 4 4 4 4 4 4 4 4 4 4 4 4 4 4 4 4 4 4 4 4 4 4 4 4 4 4 4 4 4 4 4 4 4 4 4 4 4 4 4 4 4 4 4 4 4 4 4 4 4 4 4 4 4 4 4 4 4 4 4 4 4 4 4 4 4 4 4 4 4 4 4 4 4 4 4 4 4 4 4 4 4 4 4 4 4 4 4 4 4 4 4 4 4 4 4 4 4 4 4 4 4 4 4 4 4 4 4 4 4 4 4 4 4 4 4 4 4 4 4 4 4 4 4 4 4 4 4 4 4 4 4 4 4 4 4 4 4 4 4 4 4 4 4 4 4 4 4 4 4 4 4 4 4 4 4 4 4 4 4 4 4 4 4 4 4 4 4 4 4 4 4 4 4 4 4 4 4 4 4 4 4 4 4 4 4 4 4 4 4 4 4 4 4 4 4 4 4 4 4 4 4 4 4 4 4 4 4 4 4 4 4 4 4 4 4 4 4 4 4 4 4 4 4 4 4 4 4 4 4 4 4 4 4 4 4 4 4 4 4 4 4 4 4 4 4 4 4 4 4 4 4 4 4 4 4 4 4 4 4 4 4 4 4 4 4 4 4 4 4 4 4 4 4 4 4 4 4 4 4 4 4 4 4 4 4 4 4 4 4 4 4 4 4 4 4 4 4 4 4 4 4 4 4 4 4 4 4 4 4 4 4 4 4 4 4 4 4 4 4 4 4 4 4 4 4 4 4 4 4 4 4 4 4 4 4 4 4 4 4 4 4 4 4 4 4 4 4 4 4 4 4 4 4 4 4 4 4 4 4 4 4 4 4 4 4 4 4 4 4 4 4 4 4 4 4 4 4 4 4 4 4 4 4 4 4 4 4 4 4 4 4 4 4 4 4 4 4 4 4 4 4 4 4 4 4 4 4 4 4 4 4 4 4 4 4 4 4 4 4 4 4 4 4 4 4 4 4 4 4 4 4 4 4 4 4 4 4 4 4 4 4 4 4 4 4 4 4 4 4 4 4 4 4 4 4 4 4 4 4 4 4 4 4 4 4 4 4 4 4 4 4 4 4 4 4 4 4 4 4 4 4 4 4 4 4 4 4 4 4 4 4 4 4 4 4 4 4 4 4 4 4 4 4 4 4 4 4 4 4 4 4 4 4 4 4 4 4 4 4 4 4 4 4 4 4 4 4 4 4 4 4 4 4 4 4 4 4 4 4 4 4 4 4 4 4 4 4 4 4 4 4 4 4 4 4 4 4 4 4 4 4 4 4 4 4 4 4 4 4 4 4 4 4 4 4 4 4 4 4 4 4 4 4 4 4 4 4 4 4 4 4 4 4 4 4 4 4 4 4 4 4 4 4 4 4 4 4 4 4 4 4 4 4 4 4 4 4 4 4 4 4 4 4 4 4 4 4 4 4 4 4 4 4 4 4 4 4 4 4 4 4 4 4 4 4 4 4 4 4 4 4 4 4 4 4 4 4 4 4 4 4 4 4 4 4 4 4 4 4 4 4 4 4 4 4 4 4 4 4 4 4 4 4 4 4 4 4 4 4 4 4 4 4 4 4 4 4 4 4 4 4 4 4 4 4 4 4 4 4 4 4 4 4 4 4 4 4 4 4 4 4 4 4 4 4 4 4 4 4 4 4 4 4 4 4 4 4 4 4 4 4 4 4 4 4 4 4 4 4 4 4 4 4 4 4 4 4 4 4 4 4 4 4 4 4 4 4 4 4 4 4 4 4 4 4 4 4 4 4 4 4 4 4 4 4 4 4 4 4 4 4 4 4 4 4 4 4 4 4 4 4 4 4 4 4 4 4 4 4 4 4 4 4 4 4 4 4 4 4 4 4 4 4 4 4 4 4 4 4 4 4 4 4 4 4 4 4 4 4 4 4 4 4 4 4 4 4 4 4 4 4 4 4 4 4 4 4 4 4 4 4 4 4 4 4 4 4 4 4 4 4 4 4 4 4 4 4 4 4 4 4 4 4 4 4 4 4 4 4 4 4 4 4 4 4 4 4 4 4 4 4 4 4 4 4 4 4 4 4 4 4 4 4 4 4 4 4 4 4 4 4 4 4 4 4 4 4 4 4 4 4 4 4 4 4 4 4 4 4 4 4 4 4 4 4 4 4 4 4 4 4 4 4 4 4 4 4 4 4 4 4 4 4 4 4 4 4 4 4 4 4 4 4 4 4 4 4 4 4 4 4 4 4 4 4 4 4 4 4 4 4 4 4 4 4 4 4 4 4 4 4 4 4 4 4 4 4 4 4 4 4 4 4 4 4 4 4 4 4 4 4 4 4 4 4 4 4 4 4 4 4 4 4 4 4 4 4 4 4 4 4 4 4 4 4 4 4 4 4 4 4 4 4 4 4 4 4 4 4 4 4 4 4 4 4 4 4 4 4 4 4 4 4 4 4 4 4 4 4 4 4 4 4 4 4 4 4 4 4 4 4 4 4 4 4 4 4 4 4 4 4 4 4 4 4 4 4 4 4 4 4 4 4 4 4 4 4 4 4 4 4 4 4 4 4 4 4 4 4 4 4 4 4 4 4 4 4 4 4 4 4 4 4 4 4 4 4 4 4 4 4 4 4 4 4 4 4 4 4 4 4 4 4 4 4 4 4 4 4 4 4 4 4 4 4 4 4 4 4 4 4 4 4 4 4 4 4 4 4 4 4 4 4 4 4 4 4 4 4 4 4 4 4 4 4 4 4 4 4 4 4 4 4 4 4 4 4 4 4 4 4 4 4 4 4 4 4 4 4 4 4 4 4 4 4 4 4 4 4 4 4 4 4 4 4 4 4 4 4 4 4 4 4 4 4 4 4 4 4 4 4 
        </DataArray>
        <DataArray type="Int32" Name="N_Interp_IP0" format="ascii">
4 4 4 4 4 4 4 4 4 4 4 4 4 4 4 4 4 4 4 4 4 4 4 4 4 4 4 4 4 4 4 4 4 4 4 4 4 4 4 4 4 4 4 4 4 4 4 4 4 4 4 4 4 4 4 4 4 4 4 4 4 4 4 4 4 4 4 4 4 4 4 4 4 4 4 4 4 4 4 4 4 4 4 4 4 4 4 4 4 4 4 4 4 4 4 4 4 4 4 4 4 4 4 4 4 4 4 4 4 4 4 4 4 4 4 4 4 4 4 4 4 4 4 4 4 4 4 4 4 4 4 4 4 4 4 4 4 4 4 4 4 4 4 4 4 4 4 4 4 4 4 4 4 4 4 4 4 4 4 4 4 4 4 4 4 4 4 4 4 4 4 4 4 4 4 4 4 4 4 4 4 4 4 4 4 4 4 4 4 4 4 4 4 4 4 4 4 4 4 4 4 4 4 4 4 4 4 4 4 4 4 4 4 4 4 4 4 4 4 4 4 4 4 4 4 4 4 4 4 4 4 4 4 4 4 4 4 4 4 4 4 4 4 4 4 4 4 4 4 4 4 4 4 4 4 4 4 4 4 4 4 4 4 4 4 4 4 4 4 4 4 4 4 4 4 4 4 4 4 4 4 4 4 4 4 4 4 4 4 4 4 4 4 4 4 4 4 4 4 4 4 4 4 4 4 4 4 4 4 4 4 4 4 4 4 4 4 4 4 4 4 4 4 4 4 4 4 4 4 4 4 4 4 4 4 4 4 4 4 4 4 4 4 4 4 4 4 4 4 4 4 4 4 4 4 4 4 4 4 4 4 4 4 4 4 4 4 4 4 4 4 4 4 4 4 4 4 4 4 4 4 4 4 4 4 4 4 4 4 4 4 4 4 4 4 4 4 4 4 4 4 4 4 4 4 4 4 4 4 4 4 4 4 4 4 4 4 4 4 4 4 4 4 4 4 4 4 4 4 4 4 4 4 4 4 4 4 4 4 4 4 4 4 4 4 4 4 4 4 4 4 4 4 4 4 4 4 4 4 4 4 4 4 4 4 4 4 4 4 4 4 4 4 4 4 4 4 4 4 4 4 4 4 4 4 4 4 4 4 4 4 4 4 4 4 4 4 4 4 4 4 4 4 4 4 4 4 4 4 4 4 4 4 4 4 4 4 4 4 4 4 4 4 4 4 4 4 4 4 4 4 4 4 4 4 4 4 4 4 4 4 4 4 4 4 4 4 4 4 4 4 4 4 4 4 4 4 4 4 4 4 4 4 4 4 4 4 4 4 4 4 4 4 4 4 4 4 4 4 4 4 4 4 4 4 4 4 4 4 4 4 4 4 4 4 4 4 4 4 4 4 4 4 4 4 4 4 4 4 4 4 4 4 4 4 4 4 4 4 4 4 4 4 4 4 4 4 4 4 4 4 4 4 4 4 4 4 4 4 4 4 4 4 4 4 4 4 4 4 4 4 4 4 4 4 4 4 4 4 4 4 4 4 4 4 4 4 4 4 4 4 4 4 4 4 4 4 4 4 4 4 4 4 4 4 4 4 4 4 4 4 4 4 4 4 4 4 4 4 4 4 4 4 4 4 4 4 4 4 4 4 4 4 4 4 4 4 4 4 4 4 4 4 4 4 4 4 4 4 4 4 4 4 4 4 4 4 4 4 4 4 4 4 4 4 4 4 4 4 4 4 4 4 4 4 4 4 4 4 4 4 4 4 4 4 4 4 4 4 4 4 4 4 4 4 4 4 4 4 4 4 4 4 4 4 4 4 4 4 4 4 4 4 4 4 4 4 4 4 4 4 4 4 4 4 4 4 4 4 4 4 4 4 4 4 4 4 4 4 4 4 4 4 4 4 4 4 4 4 4 4 4 4 4 4 4 4 4 4 4 4 4 4 4 4 4 4 4 4 4 4 4 4 4 4 4 4 4 4 4 4 4 4 4 4 4 4 4 4 4 4 4 4 4 4 4 4 4 4 4 4 4 4 4 4 4 4 4 4 4 4 4 4 4 4 4 4 4 4 4 4 4 4 4 4 4 4 4 4 4 4 4 4 4 4 4 4 4 4 4 4 4 4 4 4 4 4 4 4 4 4 4 4 4 4 4 4 4 4 4 4 4 4 4 4 4 4 4 4 4 4 4 4 4 4 4 4 4 4 4 4 4 4 4 4 4 4 4 4 4 4 4 4 4 4 4 4 4 4 4 4 4 4 4 4 4 4 4 4 4 4 4 4 4 4 4 4 4 4 4 4 4 4 4 4 4 4 4 4 4 4 4 4 4 4 4 4 4 4 4 4 4 4 4 4 4 4 4 4 4 4 4 4 4 4 4 4 4 4 4 4 4 4 4 4 4 4 4 4 4 4 4 4 4 4 4 4 4 4 4 4 4 4 4 4 4 4 4 4 4 4 4 4 4 4 4 4 4 4 4 4 4 4 4 4 4 4 4 4 4 4 4 4 4 4 4 4 4 4 4 4 4 4 4 4 4 4 4 4 4 4 4 4 4 4 4 4 4 4 4 4 4 4 4 4 4 4 4 4 4 4 4 4 4 4 4 4 4 4 4 4 4 4 4 4 4 4 4 4 4 4 4 4 4 4 4 4 4 4 4 4 4 4 4 4 4 4 4 4 4 4 4 4 4 4 4 4 4 4 4 4 4 4 4 4 4 4 4 4 4 4 4 4 4 4 4 4 4 4 4 4 4 4 4 4 4 4 4 4 4 4 4 4 4 4 4 4 4 4 4 4 4 4 4 4 4 4 4 4 4 4 4 4 4 4 4 4 4 4 4 4 4 4 4 4 4 4 4 4 4 4 4 4 4 4 4 4 4 4 4 4 4 4 4 4 4 4 4 4 4 4 4 4 4 4 4 4 4 4 4 4 4 4 4 4 4 4 4 4 4 4 4 4 4 4 4 4 4 4 4 4 4 4 4 4 4 4 4 4 4 4 4 4 4 4 4 4 4 4 4 4 4 4 4 4 4 4 4 4 4 4 4 4 4 4 4 4 4 4 4 4 4 4 4 4 4 4 4 4 4 4 4 4 4 4 4 4 4 4 4 4 4 4 4 4 4 4 4 4 4 4 4 4 4 4 4 4 4 4 4 4 4 4 4 4 4 4 4 4 4 4 4 4 4 4 4 4 4 4 4 4 4 4 4 4 4 4 4 4 4 4 4 4 4 4 4 4 4 4 4 4 4 4 4 4 4 4 4 4 4 4 4 4 4 4 4 4 4 4 4 4 4 4 4 4 4 4 4 4 4 4 4 4 4 4 4 4 4 4 4 4 4 4 4 4 4 4 4 4 4 4 4 4 4 4 4 4 4 4 4 4 4 4 4 4 4 4 4 4 4 4 4 4 4 4 4 4 4 4 4 4 4 4 4 4 4 4 4 4 4 4 4 4 4 4 4 4 4 4 4 4 4 4 4 4 4 4 4 4 4 4 4 4 4 4 4 4 4 4 4 4 4 4 4 4 4 4 4 4 4 4 4 4 4 4 4 4 4 4 4 4 4 4 4 4 4 4 4 4 4 4 4 4 4 4 4 4 4 4 4 4 4 4 4 4 4 4 4 4 4 4 4 4 4 4 4 4 4 4 4 4 4 4 4 4 4 4 4 4 4 4 4 4 4 4 4 4 4 4 4 4 4 4 4 4 4 4 4 4 4 4 4 4 4 4 4 4 4 4 4 4 4 4 4 4 4 4 4 4 4 4 4 4 4 4 4 4 4 4 4 4 4 4 4 4 4 4 4 4 4 4 4 4 4 4 4 4 4 4 4 4 4 4 4 4 4 4 4 4 4 4 4 4 4 4 4 4 4 4 4 4 4 4 4 4 4 4 4 4 4 4 4 4 4 4 4 4 4 4 4 4 4 4 4 4 4 4 4 4 4 4 4 4 4 4 4 4 4 4 4 4 4 4 4 4 4 4 4 4 4 4 4 4 4 4 4 4 4 4 4 4 4 4 4 4 4 4 4 4 4 4 4 4 4 4 4 4 4 4 4 4 4 4 4 4 4 4 4 4 4 4 4 4 4 4 4 4 4 4 4 4 4 4 4 4 4 4 4 4 4 4 4 4 4 4 4 4 4 4 4 4 4 4 4 4 4 4 4 4 4 4 4 4 4 4 4 4 4 4 4 4 4 4 4 4 4 4 4 4 4 4 4 4 4 4 4 4 4 4 4 4 4 4 4 4 4 4 4 4 4 4 4 4 4 4 4 4 4 4 4 4 4 4 4 4 4 4 4 4 4 4 4 4 4 4 4 4 4 4 4 4 4 4 4 4 4 4 4 4 4 4 4 4 4 4 4 4 4 4 4 4 4 4 4 4 4 4 4 4 4 4 4 4 4 4 4 4 4 4 4 4 4 4 4 4 4 4 4 4 4 4 4 4 4 4 4 4 4 4 4 4 4 4 4 4 4 4 4 4 4 4 4 4 4 4 4 4 4 4 4 4 4 4 4 4 4 4 4 4 4 4 4 4 4 4 4 4 4 4 4 
        </DataArray>
      </CellData>
    </Piece>
  </PolyData>
</VTKFile>
