<?xml version="1.0"?>
<VTKFile type="PolyData" version="1.0" byte_order="LittleEndian" header_type="UInt64">
  <PolyData>
    <Piece NumberOfPoints="2000" NumberOfPolys="2000">
      <Points>
        <DataArray type="Float64" Name="Points" NumberOfComponents="3" format="ascii">
-0.2 -0.3 0.0 -0.200001 -0.299686 0.0 -0.200002 -0.299372 0.0 -0.200005 -0.299058 0.0 -0.200008 -0.298743 0.0 -0.200013 -0.298429 0.0 -0.200018 -0.298115 0.0 -0.200025 -0.297801 0.0 -0.200032 -0.297487 0.0 -0.20004 -0.297173 0.0 -0.200049 -0.296859 0.0 -0.20006 -0.296545 0.0 -0.200071 -0.296231 0.0 -0.200084 -0.295917 0.0 -0.200097 -0.295603 0.0 -0.200112 -0.295289 0.0 -0.200126 -0.294976 0.0 -0.200143 -0.294662 0.0 -0.20016 -0.294348 0.0 -0.200179 -0.294035 0.0 -0.200197 -0.293721 0.0 -0.200218 -0.293407 0.0 -0.200239 -0.293094 0.0 -0.200261 -0.292781 0.0 -0.200284 -0.292467 0.0 -0.200309 -0.292154 0.0 -0.200333 -0.291841 0.0 -0.20036 -0.291528 0.0 -0.200387 -0.291215 0.0 -0.200415 -0.290902 0.0 -0.200444 -0.290589 0.0 -0.200474 -0.290276 0.0 -0.200505 -0.289964 0.0 -0.200537 -0.289651 0.0 -0.20057 -0.289339 0.0 -0.200604 -0.289027 0.0 -0.200639 -0.288714 0.0 -0.200675 -0.288402 0.0 -0.200712 -0.28809 0.0 -0.20075 -0.287778 0.0 -0.200789 -0.287467 0.0 -0.200829 -0.287155 0.0 -0.200869 -0.286844 0.0 -0.200912 -0.286532 0.0 -0.200954 -0.286221 0.0 -0.200998 -0.28591 0.0 -0.201042 -0.285599 0.0 -0.201089 -0.285288 0.0 -0.201135 -0.284977 0.0 -0.201183 -0.284667 0.0 -0.201231 -0.284357 0.0 -0.201281 -0.284046 0.0 -0.201331 -0.283736 0.0 -0.201383 -0.283426 0.0 -0.201436 -0.283117 0.0 -0.20149 -0.282807 0.0 -0.201544 -0.282498 0.0 -0.2016 -0.282189 0.0 -0.201655 -0.281879 0.0 -0.201713 -0.281571 0.0 -0.201771 -0.281262 0.0 -0.201831 -0.280953 0.0 -0.201891 -0.280645 0.0 -0.201953 -0.280337 0.0 -0.202014 -0.280029 0.0 -0.202078 -0.279721 0.0 -0.202142 -0.279414 0.0 -0.202208 -0.279107 0.0 -0.202273 -0.278799 0.0 -0.202341 -0.278492 0.0 -0.202408 -0.278186 0.0 -0.202478 -0.277879 0.0 -0.202547 -0.277573 0.0 -0.202619 -0.277267 0.0 -0.20269 -0.276961 0.0 -0.202763 -0.276656 0.0 -0.202837 -0.27635 0.0 -0.202912 -0.276045 0.0 -0.202987 -0.27574 0.0 -0.203065 -0.275436 0.0 -0.203142 -0.275131 0.0 -0.203221 -0.274827 0.0 -0.2033 -0.274523 0.0 -0.203381 -0.274219 0.0 -0.203462 -0.273916 0.0 -0.203545 -0.273613 0.0 -0.203628 -0.27331 0.0 -0.203712 -0.273007 0.0 -0.203797 -0.272705 0.0 -0.203884 -0.272403 0.0 -0.203971 -0.272101 0.0 -0.204059 -0.271799 0.0 -0.204148 -0.271498 0.0 -0.204238 -0.271197 0.0 -0.204329 -0.270896 0.0 -0.204421 -0.270596 0.0 -0.204514 -0.270296 0.0 -0.204608 -0.269996 0.0 -0.204702 -0.269696 0.0 -0.204798 -0.269397 0.0 -0.204894 -0.269098 0.0 -0.204992 -0.2688 0.0 -0.20509 -0.268501 0.0 -0.20519 -0.268203 0.0 -0.20529 -0.267906 0.0 -0.205392 -0.267608 0.0 -0.205494 -0.267311 0.0 -0.205597 -0.267015 0.0 -0.205701 -0.266718 0.0 -0.205806 -0.266422 0.0 -0.205912 -0.266126 0.0 -0.206019 -0.265831 0.0 -0.206127 -0.265536 0.0 -0.206236 -0.265241 0.0 -0.206345 -0.264947 0.0 -0.206456 -0.264653 0.0 -0.206567 -0.264359 0.0 -0.20668 -0.264066 0.0 -0.206793 -0.263772 0.0 -0.206908 -0.26348 0.0 -0.207022 -0.263188 0.0 -0.207139 -0.262896 0.0 -0.207255 -0.262604 0.0 -0.207374 -0.262313 0.0 -0.207492 -0.262022 0.0 -0.207613 -0.261732 0.0 -0.207733 -0.261442 0.0 -0.207855 -0.261152 0.0 -0.207977 -0.260863 0.0 -0.208101 -0.260574 0.0 -0.208225 -0.260285 0.0 -0.20835 -0.259997 0.0 -0.208476 -0.259709 0.0 -0.208603 -0.259422 0.0 -0.208731 -0.259135 0.0 -0.20886 -0.258849 0.0 -0.208989 -0.258562 0.0 -0.20912 -0.258277 0.0 -0.209252 -0.257991 0.0 -0.209384 -0.257707 0.0 -0.209517 -0.257422 0.0 -0.209652 -0.257138 0.0 -0.209787 -0.256854 0.0 -0.209923 -0.256571 0.0 -0.210059 -0.256288 0.0 -0.210198 -0.256006 0.0 -0.210336 -0.255724 0.0 -0.210476 -0.255443 0.0 -0.210616 -0.255162 0.0 -0.210758 -0.254881 0.0 -0.210899 -0.254601 0.0 -0.211043 -0.254321 0.0 -0.211186 -0.254042 0.0 -0.211332 -0.253763 0.0 -0.211477 -0.253485 0.0 -0.211624 -0.253207 0.0 -0.211771 -0.25293 0.0 -0.21192 -0.252653 0.0 -0.212068 -0.252376 0.0 -0.212219 -0.2521 0.0 -0.212369 -0.251825 0.0 -0.212522 -0.25155 0.0 -0.212674 -0.251275 0.0 -0.212828 -0.251001 0.0 -0.212982 -0.250727 0.0 -0.213137 -0.250454 0.0 -0.213293 -0.250181 0.0 -0.21345 -0.24991 0.0 -0.213608 -0.249638 0.0 -0.213767 -0.249367 0.0 -0.213926 -0.249096 0.0 -0.214087 -0.248826 0.0 -0.214247 -0.248556 0.0 -0.21441 -0.248287 0.0 -0.214572 -0.248018 0.0 -0.214736 -0.24775 0.0 -0.214901 -0.247483 0.0 -0.215066 -0.247216 0.0 -0.215232 -0.246949 0.0 -0.2154 -0.246683 0.0 -0.215567 -0.246417 0.0 -0.215736 -0.246153 0.0 -0.215906 -0.245888 0.0 -0.216076 -0.245624 0.0 -0.216247 -0.245361 0.0 -0.21642 -0.245098 0.0 -0.216592 -0.244835 0.0 -0.216766 -0.244574 0.0 -0.21694 -0.244312 0.0 -0.217116 -0.244052 0.0 -0.217292 -0.243792 0.0 -0.217469 -0.243532 0.0 -0.217647 -0.243273 0.0 -0.217826 -0.243015 0.0 -0.218005 -0.242757 0.0 -0.218185 -0.2425 0.0 -0.218366 -0.242243 0.0 -0.218548 -0.241987 0.0 -0.218731 -0.241731 0.0 -0.218914 -0.241476 0.0 -0.219098 -0.241221 0.0 -0.219284 -0.240968 0.0 -0.219469 -0.240714 0.0 -0.219656 -0.240462 0.0 -0.219843 -0.24021 0.0 -0.220032 -0.239958 0.0 -0.220221 -0.239707 0.0 -0.220411 -0.239457 0.0 -0.220601 -0.239207 0.0 -0.220793 -0.238958 0.0 -0.220984 -0.238709 0.0 -0.221178 -0.238462 0.0 -0.221371 -0.238214 0.0 -0.221566 -0.237968 0.0 -0.221761 -0.237721 0.0 -0.221957 -0.237476 0.0 -0.222154 -0.237231 0.0 -0.222352 -0.236987 0.0 -0.22255 -0.236743 0.0 -0.222749 -0.2365 0.0 -0.222949 -0.236258 0.0 -0.22315 -0.236016 0.0 -0.223351 -0.235775 0.0 -0.223553 -0.235535 0.0 -0.223756 -0.235294 0.0 -0.22396 -0.235056 0.0 -0.224164 -0.234817 0.0 -0.224369 -0.234579 0.0 -0.224575 -0.234341 0.0 -0.224782 -0.234105 0.0 -0.224989 -0.233869 0.0 -0.225197 -0.233634 0.0 -0.225406 -0.233399 0.0 -0.225616 -0.233165 0.0 -0.225826 -0.232931 0.0 -0.226037 -0.232699 0.0 -0.226249 -0.232467 0.0 -0.226462 -0.232236 0.0 -0.226674 -0.232005 0.0 -0.226889 -0.231775 0.0 -0.227103 -0.231545 0.0 -0.227319 -0.231317 0.0 -0.227535 -0.231089 0.0 -0.227752 -0.230862 0.0 -0.227969 -0.230635 0.0 -0.228188 -0.230409 0.0 -0.228406 -0.230183 0.0 -0.228626 -0.229959 0.0 -0.228846 -0.229735 0.0 -0.229068 -0.229512 0.0 -0.229289 -0.229289 0.0 -0.229512 -0.229068 0.0 -0.229735 -0.228846 0.0 -0.229959 -0.228626 0.0 -0.230183 -0.228406 0.0 -0.230409 -0.228188 0.0 -0.230635 -0.227969 0.0 -0.230862 -0.227752 0.0 -0.231089 -0.227535 0.0 -0.231317 -0.227319 0.0 -0.231545 -0.227103 0.0 -0.231775 -0.226889 0.0 -0.232005 -0.226674 0.0 -0.232236 -0.226462 0.0 -0.232467 -0.226249 0.0 -0.232699 -0.226037 0.0 -0.232931 -0.225826 0.0 -0.233165 -0.225616 0.0 -0.233399 -0.225406 0.0 -0.233634 -0.225197 0.0 -0.233869 -0.224989 0.0 -0.234105 -0.224782 0.0 -0.234341 -0.224575 0.0 -0.234579 -0.224369 0.0 -0.234817 -0.224164 0.0 -0.235056 -0.22396 0.0 -0.235294 -0.223756 0.0 -0.235535 -0.223553 0.0 -0.235775 -0.223351 0.0 -0.236016 -0.22315 0.0 -0.236258 -0.222949 0.0 -0.2365 -0.222749 0.0 -0.236743 -0.22255 0.0 -0.236987 -0.222352 0.0 -0.237231 -0.222154 0.0 -0.237476 -0.221957 0.0 -0.237721 -0.221761 0.0 -0.237968 -0.221566 0.0 -0.238214 -0.221371 0.0 -0.238462 -0.221178 0.0 -0.238709 -0.220984 0.0 -0.238958 -0.220793 0.0 -0.239207 -0.220601 0.0 -0.239457 -0.220411 0.0 -0.239707 -0.220221 0.0 -0.239958 -0.220032 0.0 -0.24021 -0.219843 0.0 -0.240462 -0.219656 0.0 -0.240714 -0.219469 0.0 -0.240968 -0.219284 0.0 -0.241221 -0.219098 0.0 -0.241476 -0.218914 0.0 -0.241731 -0.218731 0.0 -0.241987 -0.218548 0.0 -0.242243 -0.218366 0.0 -0.2425 -0.218185 0.0 -0.242757 -0.218005 0.0 -0.243015 -0.217826 0.0 -0.243273 -0.217647 0.0 -0.243532 -0.217469 0.0 -0.243792 -0.217292 0.0 -0.244052 -0.217116 0.0 -0.244312 -0.21694 0.0 -0.244574 -0.216766 0.0 -0.244835 -0.216592 0.0 -0.245098 -0.21642 0.0 -0.245361 -0.216247 0.0 -0.245624 -0.216076 0.0 -0.245888 -0.215906 0.0 -0.246153 -0.215736 0.0 -0.246417 -0.215567 0.0 -0.246683 -0.2154 0.0 -0.246949 -0.215232 0.0 -0.247216 -0.215066 0.0 -0.247483 -0.214901 0.0 -0.24775 -0.214736 0.0 -0.248018 -0.214572 0.0 -0.248287 -0.21441 0.0 -0.248556 -0.214247 0.0 -0.248826 -0.214087 0.0 -0.249096 -0.213926 0.0 -0.249367 -0.213767 0.0 -0.249638 -0.213608 0.0 -0.24991 -0.21345 0.0 -0.250181 -0.213293 0.0 -0.250454 -0.213137 0.0 -0.250727 -0.212982 0.0 -0.251001 -0.212828 0.0 -0.251275 -0.212674 0.0 -0.25155 -0.212522 0.0 -0.251825 -0.212369 0.0 -0.2521 -0.212219 0.0 -0.252376 -0.212068 0.0 -0.252653 -0.21192 0.0 -0.25293 -0.211771 0.0 -0.253207 -0.211624 0.0 -0.253485 -0.211477 0.0 -0.253763 -0.211332 0.0 -0.254042 -0.211186 0.0 -0.254321 -0.211043 0.0 -0.254601 -0.210899 0.0 -0.254881 -0.210758 0.0 -0.255162 -0.210616 0.0 -0.255443 -0.210476 0.0 -0.255724 -0.210336 0.0 -0.256006 -0.210198 0.0 -0.256288 -0.210059 0.0 -0.256571 -0.209923 0.0 -0.256854 -0.209787 0.0 -0.257138 -0.209652 0.0 -0.257422 -0.209517 0.0 -0.257707 -0.209384 0.0 -0.257991 -0.209252 0.0 -0.258277 -0.20912 0.0 -0.258562 -0.208989 0.0 -0.258849 -0.20886 0.0 -0.259135 -0.208731 0.0 -0.259422 -0.208603 0.0 -0.259709 -0.208476 0.0 -0.259997 -0.20835 0.0 -0.260285 -0.208225 0.0 -0.260574 -0.208101 0.0 -0.260863 -0.207977 0.0 -0.261152 -0.207855 0.0 -0.261442 -0.207733 0.0 -0.261732 -0.207613 0.0 -0.262022 -0.207492 0.0 -0.262313 -0.207374 0.0 -0.262604 -0.207255 0.0 -0.262896 -0.207139 0.0 -0.263188 -0.207022 0.0 -0.26348 -0.206908 0.0 -0.263772 -0.206793 0.0 -0.264066 -0.20668 0.0 -0.264359 -0.206567 0.0 -0.264653 -0.206456 0.0 -0.264947 -0.206345 0.0 -0.265241 -0.206236 0.0 -0.265536 -0.206127 0.0 -0.265831 -0.206019 0.0 -0.266126 -0.205912 0.0 -0.266422 -0.205806 0.0 -0.266718 -0.205701 0.0 -0.267015 -0.205597 0.0 -0.267311 -0.205494 0.0 -0.267608 -0.205392 0.0 -0.267906 -0.20529 0.0 -0.268203 -0.20519 0.0 -0.268501 -0.20509 0.0 -0.2688 -0.204992 0.0 -0.269098 -0.204894 0.0 -0.269397 -0.204798 0.0 -0.269696 -0.204702 0.0 -0.269996 -0.204608 0.0 -0.270296 -0.204514 0.0 -0.270596 -0.204421 0.0 -0.270896 -0.204329 0.0 -0.271197 -0.204238 0.0 -0.271498 -0.204148 0.0 -0.271799 -0.204059 0.0 -0.272101 -0.203971 0.0 -0.272403 -0.203884 0.0 -0.272705 -0.203797 0.0 -0.273007 -0.203712 0.0 -0.27331 -0.203628 0.0 -0.273613 -0.203545 0.0 -0.273916 -0.203462 0.0 -0.274219 -0.203381 0.0 -0.274523 -0.2033 0.0 -0.274827 -0.203221 0.0 -0.275131 -0.203142 0.0 -0.275436 -0.203065 0.0 -0.27574 -0.202987 0.0 -0.276045 -0.202912 0.0 -0.27635 -0.202837 0.0 -0.276656 -0.202763 0.0 -0.276961 -0.20269 0.0 -0.277267 -0.202619 0.0 -0.277573 -0.202547 0.0 -0.277879 -0.202478 0.0 -0.278186 -0.202408 0.0 -0.278492 -0.202341 0.0 -0.278799 -0.202273 0.0 -0.279107 -0.202208 0.0 -0.279414 -0.202142 0.0 -0.279721 -0.202078 0.0 -0.280029 -0.202014 0.0 -0.280337 -0.201953 0.0 -0.280645 -0.201891 0.0 -0.280953 -0.201831 0.0 -0.281262 -0.201771 0.0 -0.281571 -0.201713 0.0 -0.281879 -0.201655 0.0 -0.282189 -0.2016 0.0 -0.282498 -0.201544 0.0 -0.282807 -0.20149 0.0 -0.283117 -0.201436 0.0 -0.283426 -0.201383 0.0 -0.283736 -0.201331 0.0 -0.284046 -0.201281 0.0 -0.284357 -0.201231 0.0 -0.284667 -0.201183 0.0 -0.284977 -0.201135 0.0 -0.285288 -0.201089 0.0 -0.285599 -0.201042 0.0 -0.28591 -0.200998 0.0 -0.286221 -0.200954 0.0 -0.286532 -0.200912 0.0 -0.286844 -0.200869 0.0 -0.287155 -0.200829 0.0 -0.287467 -0.200789 0.0 -0.287778 -0.20075 0.0 -0.28809 -0.200712 0.0 -0.288402 -0.200675 0.0 -0.288714 -0.200639 0.0 -0.289027 -0.200604 0.0 -0.289339 -0.20057 0.0 -0.289651 -0.200537 0.0 -0.289964 -0.200505 0.0 -0.290276 -0.200474 0.0 -0.290589 -0.200444 0.0 -0.290902 -0.200415 0.0 -0.291215 -0.200387 0.0 -0.291528 -0.20036 0.0 -0.291841 -0.200333 0.0 -0.292154 -0.200309 0.0 -0.292467 -0.200284 0.0 -0.292781 -0.200261 0.0 -0.293094 -0.200239 0.0 -0.293407 -0.200218 0.0 -0.293721 -0.200197 0.0 -0.294035 -0.200179 0.0 -0.294348 -0.20016 0.0 -0.294662 -0.200143 0.0 -0.294976 -0.200126 0.0 -0.295289 -0.200112 0.0 -0.295603 -0.200097 0.0 -0.295917 -0.200084 0.0 -0.296231 -0.200071 0.0 -0.296545 -0.20006 0.0 -0.296859 -0.200049 0.0 -0.297173 -0.20004 0.0 -0.297487 -0.200032 0.0 -0.297801 -0.200025 0.0 -0.298115 -0.200018 0.0 -0.298429 -0.200013 0.0 -0.298743 -0.200008 0.0 -0.299058 -0.200005 0.0 -0.299372 -0.200002 0.0 -0.299686 -0.200001 0.0 -0.3 -0.2 0.0 -0.300314 -0.200001 0.0 -0.300628 -0.200002 0.0 -0.300942 -0.200005 0.0 -0.301257 -0.200008 0.0 -0.301571 -0.200013 0.0 -0.301885 -0.200018 0.0 -0.302199 -0.200025 0.0 -0.302513 -0.200032 0.0 -0.302827 -0.20004 0.0 -0.303141 -0.200049 0.0 -0.303455 -0.20006 0.0 -0.303769 -0.200071 0.0 -0.304083 -0.200084 0.0 -0.304397 -0.200097 0.0 -0.304711 -0.200112 0.0 -0.305024 -0.200126 0.0 -0.305338 -0.200143 0.0 -0.305652 -0.20016 0.0 -0.305965 -0.200179 0.0 -0.306279 -0.200197 0.0 -0.306593 -0.200218 0.0 -0.306906 -0.200239 0.0 -0.307219 -0.200261 0.0 -0.307533 -0.200284 0.0 -0.307846 -0.200309 0.0 -0.308159 -0.200333 0.0 -0.308472 -0.20036 0.0 -0.308785 -0.200387 0.0 -0.309098 -0.200415 0.0 -0.309411 -0.200444 0.0 -0.309724 -0.200474 0.0 -0.310036 -0.200505 0.0 -0.310349 -0.200537 0.0 -0.310661 -0.20057 0.0 -0.310973 -0.200604 0.0 -0.311286 -0.200639 0.0 -0.311598 -0.200675 0.0 -0.31191 -0.200712 0.0 -0.312222 -0.20075 0.0 -0.312533 -0.200789 0.0 -0.312845 -0.200829 0.0 -0.313156 -0.200869 0.0 -0.313468 -0.200912 0.0 -0.313779 -0.200954 0.0 -0.31409 -0.200998 0.0 -0.314401 -0.201042 0.0 -0.314712 -0.201089 0.0 -0.315023 -0.201135 0.0 -0.315333 -0.201183 0.0 -0.315643 -0.201231 0.0 -0.315954 -0.201281 0.0 -0.316264 -0.201331 0.0 -0.316574 -0.201383 0.0 -0.316883 -0.201436 0.0 -0.317193 -0.20149 0.0 -0.317502 -0.201544 0.0 -0.317811 -0.2016 0.0 -0.318121 -0.201655 0.0 -0.318429 -0.201713 0.0 -0.318738 -0.201771 0.0 -0.319047 -0.201831 0.0 -0.319355 -0.201891 0.0 -0.319663 -0.201953 0.0 -0.319971 -0.202014 0.0 -0.320279 -0.202078 0.0 -0.320586 -0.202142 0.0 -0.320893 -0.202208 0.0 -0.321201 -0.202273 0.0 -0.321508 -0.202341 0.0 -0.321814 -0.202408 0.0 -0.322121 -0.202478 0.0 -0.322427 -0.202547 0.0 -0.322733 -0.202619 0.0 -0.323039 -0.20269 0.0 -0.323344 -0.202763 0.0 -0.32365 -0.202837 0.0 -0.323955 -0.202912 0.0 -0.32426 -0.202987 0.0 -0.324564 -0.203065 0.0 -0.324869 -0.203142 0.0 -0.325173 -0.203221 0.0 -0.325477 -0.2033 0.0 -0.325781 -0.203381 0.0 -0.326084 -0.203462 0.0 -0.326387 -0.203545 0.0 -0.32669 -0.203628 0.0 -0.326993 -0.203712 0.0 -0.327295 -0.203797 0.0 -0.327597 -0.203884 0.0 -0.327899 -0.203971 0.0 -0.328201 -0.204059 0.0 -0.328502 -0.204148 0.0 -0.328803 -0.204238 0.0 -0.329104 -0.204329 0.0 -0.329404 -0.204421 0.0 -0.329704 -0.204514 0.0 -0.330004 -0.204608 0.0 -0.330304 -0.204702 0.0 -0.330603 -0.204798 0.0 -0.330902 -0.204894 0.0 -0.3312 -0.204992 0.0 -0.331499 -0.20509 0.0 -0.331797 -0.20519 0.0 -0.332094 -0.20529 0.0 -0.332392 -0.205392 0.0 -0.332689 -0.205494 0.0 -0.332985 -0.205597 0.0 -0.333282 -0.205701 0.0 -0.333578 -0.205806 0.0 -0.333874 -0.205912 0.0 -0.334169 -0.206019 0.0 -0.334464 -0.206127 0.0 -0.334759 -0.206236 0.0 -0.335053 -0.206345 0.0 -0.335347 -0.206456 0.0 -0.335641 -0.206567 0.0 -0.335934 -0.20668 0.0 -0.336228 -0.206793 0.0 -0.33652 -0.206908 0.0 -0.336812 -0.207022 0.0 -0.337104 -0.207139 0.0 -0.337396 -0.207255 0.0 -0.337687 -0.207374 0.0 -0.337978 -0.207492 0.0 -0.338268 -0.207613 0.0 -0.338558 -0.207733 0.0 -0.338848 -0.207855 0.0 -0.339137 -0.207977 0.0 -0.339426 -0.208101 0.0 -0.339715 -0.208225 0.0 -0.340003 -0.20835 0.0 -0.340291 -0.208476 0.0 -0.340578 -0.208603 0.0 -0.340865 -0.208731 0.0 -0.341151 -0.20886 0.0 -0.341438 -0.208989 0.0 -0.341723 -0.20912 0.0 -0.342009 -0.209252 0.0 -0.342293 -0.209384 0.0 -0.342578 -0.209517 0.0 -0.342862 -0.209652 0.0 -0.343146 -0.209787 0.0 -0.343429 -0.209923 0.0 -0.343712 -0.210059 0.0 -0.343994 -0.210198 0.0 -0.344276 -0.210336 0.0 -0.344557 -0.210476 0.0 -0.344838 -0.210616 0.0 -0.345119 -0.210758 0.0 -0.345399 -0.210899 0.0 -0.345679 -0.211043 0.0 -0.345958 -0.211186 0.0 -0.346237 -0.211332 0.0 -0.346515 -0.211477 0.0 -0.346793 -0.211624 0.0 -0.34707 -0.211771 0.0 -0.347347 -0.21192 0.0 -0.347624 -0.212068 0.0 -0.3479 -0.212219 0.0 -0.348175 -0.212369 0.0 -0.34845 -0.212522 0.0 -0.348725 -0.212674 0.0 -0.348999 -0.212828 0.0 -0.349273 -0.212982 0.0 -0.349546 -0.213137 0.0 -0.349819 -0.213293 0.0 -0.35009 -0.21345 0.0 -0.350362 -0.213608 0.0 -0.350633 -0.213767 0.0 -0.350904 -0.213926 0.0 -0.351174 -0.214087 0.0 -0.351444 -0.214247 0.0 -0.351713 -0.21441 0.0 -0.351982 -0.214572 0.0 -0.35225 -0.214736 0.0 -0.352517 -0.214901 0.0 -0.352784 -0.215066 0.0 -0.353051 -0.215232 0.0 -0.353317 -0.2154 0.0 -0.353583 -0.215567 0.0 -0.353847 -0.215736 0.0 -0.354112 -0.215906 0.0 -0.354376 -0.216076 0.0 -0.354639 -0.216247 0.0 -0.354902 -0.21642 0.0 -0.355165 -0.216592 0.0 -0.355426 -0.216766 0.0 -0.355688 -0.21694 0.0 -0.355948 -0.217116 0.0 -0.356208 -0.217292 0.0 -0.356468 -0.217469 0.0 -0.356727 -0.217647 0.0 -0.356985 -0.217826 0.0 -0.357243 -0.218005 0.0 -0.3575 -0.218185 0.0 -0.357757 -0.218366 0.0 -0.358013 -0.218548 0.0 -0.358269 -0.218731 0.0 -0.358524 -0.218914 0.0 -0.358779 -0.219098 0.0 -0.359032 -0.219284 0.0 -0.359286 -0.219469 0.0 -0.359538 -0.219656 0.0 -0.35979 -0.219843 0.0 -0.360042 -0.220032 0.0 -0.360293 -0.220221 0.0 -0.360543 -0.220411 0.0 -0.360793 -0.220601 0.0 -0.361042 -0.220793 0.0 -0.361291 -0.220984 0.0 -0.361538 -0.221178 0.0 -0.361786 -0.221371 0.0 -0.362032 -0.221566 0.0 -0.362279 -0.221761 0.0 -0.362524 -0.221957 0.0 -0.362769 -0.222154 0.0 -0.363013 -0.222352 0.0 -0.363257 -0.22255 0.0 -0.3635 -0.222749 0.0 -0.363742 -0.222949 0.0 -0.363984 -0.22315 0.0 -0.364225 -0.223351 0.0 -0.364465 -0.223553 0.0 -0.364706 -0.223756 0.0 -0.364944 -0.22396 0.0 -0.365183 -0.224164 0.0 -0.365421 -0.224369 0.0 -0.365659 -0.224575 0.0 -0.365895 -0.224782 0.0 -0.366131 -0.224989 0.0 -0.366366 -0.225197 0.0 -0.366601 -0.225406 0.0 -0.366835 -0.225616 0.0 -0.367069 -0.225826 0.0 -0.367301 -0.226037 0.0 -0.367533 -0.226249 0.0 -0.367764 -0.226462 0.0 -0.367995 -0.226674 0.0 -0.368225 -0.226889 0.0 -0.368455 -0.227103 0.0 -0.368683 -0.227319 0.0 -0.368911 -0.227535 0.0 -0.369138 -0.227752 0.0 -0.369365 -0.227969 0.0 -0.369591 -0.228188 0.0 -0.369817 -0.228406 0.0 -0.370041 -0.228626 0.0 -0.370265 -0.228846 0.0 -0.370488 -0.229068 0.0 -0.370711 -0.229289 0.0 -0.370932 -0.229512 0.0 -0.371154 -0.229735 0.0 -0.371374 -0.229959 0.0 -0.371594 -0.230183 0.0 -0.371812 -0.230409 0.0 -0.372031 -0.230635 0.0 -0.372248 -0.230862 0.0 -0.372465 -0.231089 0.0 -0.372681 -0.231317 0.0 -0.372897 -0.231545 0.0 -0.373111 -0.231775 0.0 -0.373326 -0.232005 0.0 -0.373538 -0.232236 0.0 -0.373751 -0.232467 0.0 -0.373963 -0.232699 0.0 -0.374174 -0.232931 0.0 -0.374384 -0.233165 0.0 -0.374594 -0.233399 0.0 -0.374803 -0.233634 0.0 -0.375011 -0.233869 0.0 -0.375218 -0.234105 0.0 -0.375425 -0.234341 0.0 -0.375631 -0.234579 0.0 -0.375836 -0.234817 0.0 -0.37604 -0.235056 0.0 -0.376244 -0.235294 0.0 -0.376447 -0.235535 0.0 -0.376649 -0.235775 0.0 -0.37685 -0.236016 0.0 -0.377051 -0.236258 0.0 -0.377251 -0.2365 0.0 -0.37745 -0.236743 0.0 -0.377648 -0.236987 0.0 -0.377846 -0.237231 0.0 -0.378043 -0.237476 0.0 -0.378239 -0.237721 0.0 -0.378434 -0.237968 0.0 -0.378629 -0.238214 0.0 -0.378822 -0.238462 0.0 -0.379016 -0.238709 0.0 -0.379207 -0.238958 0.0 -0.379399 -0.239207 0.0 -0.379589 -0.239457 0.0 -0.379779 -0.239707 0.0 -0.379968 -0.239958 0.0 -0.380157 -0.24021 0.0 -0.380344 -0.240462 0.0 -0.380531 -0.240714 0.0 -0.380716 -0.240968 0.0 -0.380902 -0.241221 0.0 -0.381086 -0.241476 0.0 -0.381269 -0.241731 0.0 -0.381452 -0.241987 0.0 -0.381634 -0.242243 0.0 -0.381815 -0.2425 0.0 -0.381995 -0.242757 0.0 -0.382174 -0.243015 0.0 -0.382353 -0.243273 0.0 -0.382531 -0.243532 0.0 -0.382708 -0.243792 0.0 -0.382884 -0.244052 0.0 -0.38306 -0.244312 0.0 -0.383234 -0.244574 0.0 -0.383408 -0.244835 0.0 -0.38358 -0.245098 0.0 -0.383753 -0.245361 0.0 -0.383924 -0.245624 0.0 -0.384094 -0.245888 0.0 -0.384264 -0.246153 0.0 -0.384433 -0.246417 0.0 -0.3846 -0.246683 0.0 -0.384768 -0.246949 0.0 -0.384934 -0.247216 0.0 -0.385099 -0.247483 0.0 -0.385264 -0.24775 0.0 -0.385428 -0.248018 0.0 -0.38559 -0.248287 0.0 -0.385753 -0.248556 0.0 -0.385913 -0.248826 0.0 -0.386074 -0.249096 0.0 -0.386233 -0.249367 0.0 -0.386392 -0.249638 0.0 -0.38655 -0.24991 0.0 -0.386707 -0.250181 0.0 -0.386863 -0.250454 0.0 -0.387018 -0.250727 0.0 -0.387172 -0.251001 0.0 -0.387326 -0.251275 0.0 -0.387478 -0.25155 0.0 -0.387631 -0.251825 0.0 -0.387781 -0.2521 0.0 -0.387932 -0.252376 0.0 -0.38808 -0.252653 0.0 -0.388229 -0.25293 0.0 -0.388376 -0.253207 0.0 -0.388523 -0.253485 0.0 -0.388668 -0.253763 0.0 -0.388814 -0.254042 0.0 -0.388957 -0.254321 0.0 -0.389101 -0.254601 0.0 -0.389242 -0.254881 0.0 -0.389384 -0.255162 0.0 -0.389524 -0.255443 0.0 -0.389664 -0.255724 0.0 -0.389802 -0.256006 0.0 -0.389941 -0.256288 0.0 -0.390077 -0.256571 0.0 -0.390213 -0.256854 0.0 -0.390348 -0.257138 0.0 -0.390483 -0.257422 0.0 -0.390616 -0.257707 0.0 -0.390748 -0.257991 0.0 -0.39088 -0.258277 0.0 -0.391011 -0.258562 0.0 -0.39114 -0.258849 0.0 -0.391269 -0.259135 0.0 -0.391397 -0.259422 0.0 -0.391524 -0.259709 0.0 -0.39165 -0.259997 0.0 -0.391775 -0.260285 0.0 -0.391899 -0.260574 0.0 -0.392023 -0.260863 0.0 -0.392145 -0.261152 0.0 -0.392267 -0.261442 0.0 -0.392387 -0.261732 0.0 -0.392508 -0.262022 0.0 -0.392626 -0.262313 0.0 -0.392745 -0.262604 0.0 -0.392861 -0.262896 0.0 -0.392978 -0.263188 0.0 -0.393092 -0.26348 0.0 -0.393207 -0.263772 0.0 -0.39332 -0.264066 0.0 -0.393433 -0.264359 0.0 -0.393544 -0.264653 0.0 -0.393655 -0.264947 0.0 -0.393764 -0.265241 0.0 -0.393873 -0.265536 0.0 -0.393981 -0.265831 0.0 -0.394088 -0.266126 0.0 -0.394194 -0.266422 0.0 -0.394299 -0.266718 0.0 -0.394403 -0.267015 0.0 -0.394506 -0.267311 0.0 -0.394608 -0.267608 0.0 -0.39471 -0.267906 0.0 -0.39481 -0.268203 0.0 -0.39491 -0.268501 0.0 -0.395008 -0.2688 0.0 -0.395106 -0.269098 0.0 -0.395202 -0.269397 0.0 -0.395298 -0.269696 0.0 -0.395392 -0.269996 0.0 -0.395486 -0.270296 0.0 -0.395579 -0.270596 0.0 -0.395671 -0.270896 0.0 -0.395762 -0.271197 0.0 -0.395852 -0.271498 0.0 -0.395941 -0.271799 0.0 -0.396029 -0.272101 0.0 -0.396116 -0.272403 0.0 -0.396203 -0.272705 0.0 -0.396288 -0.273007 0.0 -0.396372 -0.27331 0.0 -0.396455 -0.273613 0.0 -0.396538 -0.273916 0.0 -0.396619 -0.274219 0.0 -0.3967 -0.274523 0.0 -0.396779 -0.274827 0.0 -0.396858 -0.275131 0.0 -0.396935 -0.275436 0.0 -0.397013 -0.27574 0.0 -0.397088 -0.276045 0.0 -0.397163 -0.27635 0.0 -0.397237 -0.276656 0.0 -0.39731 -0.276961 0.0 -0.397381 -0.277267 0.0 -0.397453 -0.277573 0.0 -0.397522 -0.277879 0.0 -0.397592 -0.278186 0.0 -0.397659 -0.278492 0.0 -0.397727 -0.278799 0.0 -0.397792 -0.279107 0.0 -0.397858 -0.279414 0.0 -0.397922 -0.279721 0.0 -0.397986 -0.280029 0.0 -0.398047 -0.280337 0.0 -0.398109 -0.280645 0.0 -0.398169 -0.280953 0.0 -0.398229 -0.281262 0.0 -0.398287 -0.281571 0.0 -0.398345 -0.281879 0.0 -0.3984 -0.282189 0.0 -0.398456 -0.282498 0.0 -0.39851 -0.282807 0.0 -0.398564 -0.283117 0.0 -0.398617 -0.283426 0.0 -0.398669 -0.283736 0.0 -0.398719 -0.284046 0.0 -0.398769 -0.284357 0.0 -0.398817 -0.284667 0.0 -0.398865 -0.284977 0.0 -0.398911 -0.285288 0.0 -0.398958 -0.285599 0.0 -0.399002 -0.28591 0.0 -0.399046 -0.286221 0.0 -0.399088 -0.286532 0.0 -0.399131 -0.286844 0.0 -0.399171 -0.287155 0.0 -0.399211 -0.287467 0.0 -0.39925 -0.287778 0.0 -0.399288 -0.28809 0.0 -0.399325 -0.288402 0.0 -0.399361 -0.288714 0.0 -0.399396 -0.289027 0.0 -0.39943 -0.289339 0.0 -0.399463 -0.289651 0.0 -0.399495 -0.289964 0.0 -0.399526 -0.290276 0.0 -0.399556 -0.290589 0.0 -0.399585 -0.290902 0.0 -0.399613 -0.291215 0.0 -0.39964 -0.291528 0.0 -0.399667 -0.291841 0.0 -0.399691 -0.292154 0.0 -0.399716 -0.292467 0.0 -0.399739 -0.292781 0.0 -0.399761 -0.293094 0.0 -0.399782 -0.293407 0.0 -0.399803 -0.293721 0.0 -0.399821 -0.294035 0.0 -0.39984 -0.294348 0.0 -0.399857 -0.294662 0.0 -0.399874 -0.294976 0.0 -0.399888 -0.295289 0.0 -0.399903 -0.295603 0.0 -0.399916 -0.295917 0.0 -0.399929 -0.296231 0.0 -0.39994 -0.296545 0.0 -0.399951 -0.296859 0.0 -0.39996 -0.297173 0.0 -0.399968 -0.297487 0.0 -0.399975 -0.297801 0.0 -0.399982 -0.298115 0.0 -0.399987 -0.298429 0.0 -0.399992 -0.298743 0.0 -0.399995 -0.299058 0.0 -0.399998 -0.299372 0.0 -0.399999 -0.299686 0.0 -0.4 -0.3 0.0 -0.399999 -0.300314 0.0 -0.399998 -0.300628 0.0 -0.399995 -0.300942 0.0 -0.399992 -0.301257 0.0 -0.399987 -0.301571 0.0 -0.399982 -0.301885 0.0 -0.399975 -0.302199 0.0 -0.399968 -0.302513 0.0 -0.39996 -0.302827 0.0 -0.399951 -0.303141 0.0 -0.39994 -0.303455 0.0 -0.399929 -0.303769 0.0 -0.399916 -0.304083 0.0 -0.399903 -0.304397 0.0 -0.399888 -0.304711 0.0 -0.399874 -0.305024 0.0 -0.399857 -0.305338 0.0 -0.39984 -0.305652 0.0 -0.399821 -0.305965 0.0 -0.399803 -0.306279 0.0 -0.399782 -0.306593 0.0 -0.399761 -0.306906 0.0 -0.399739 -0.307219 0.0 -0.399716 -0.307533 0.0 -0.399691 -0.307846 0.0 -0.399667 -0.308159 0.0 -0.39964 -0.308472 0.0 -0.399613 -0.308785 0.0 -0.399585 -0.309098 0.0 -0.399556 -0.309411 0.0 -0.399526 -0.309724 0.0 -0.399495 -0.310036 0.0 -0.399463 -0.310349 0.0 -0.39943 -0.310661 0.0 -0.399396 -0.310973 0.0 -0.399361 -0.311286 0.0 -0.399325 -0.311598 0.0 -0.399288 -0.31191 0.0 -0.39925 -0.312222 0.0 -0.399211 -0.312533 0.0 -0.399171 -0.312845 0.0 -0.399131 -0.313156 0.0 -0.399088 -0.313468 0.0 -0.399046 -0.313779 0.0 -0.399002 -0.31409 0.0 -0.398958 -0.314401 0.0 -0.398911 -0.314712 0.0 -0.398865 -0.315023 0.0 -0.398817 -0.315333 0.0 -0.398769 -0.315643 0.0 -0.398719 -0.315954 0.0 -0.398669 -0.316264 0.0 -0.398617 -0.316574 0.0 -0.398564 -0.316883 0.0 -0.39851 -0.317193 0.0 -0.398456 -0.317502 0.0 -0.3984 -0.317811 0.0 -0.398345 -0.318121 0.0 -0.398287 -0.318429 0.0 -0.398229 -0.318738 0.0 -0.398169 -0.319047 0.0 -0.398109 -0.319355 0.0 -0.398047 -0.319663 0.0 -0.397986 -0.319971 0.0 -0.397922 -0.320279 0.0 -0.397858 -0.320586 0.0 -0.397792 -0.320893 0.0 -0.397727 -0.321201 0.0 -0.397659 -0.321508 0.0 -0.397592 -0.321814 0.0 -0.397522 -0.322121 0.0 -0.397453 -0.322427 0.0 -0.397381 -0.322733 0.0 -0.39731 -0.323039 0.0 -0.397237 -0.323344 0.0 -0.397163 -0.32365 0.0 -0.397088 -0.323955 0.0 -0.397013 -0.32426 0.0 -0.396935 -0.324564 0.0 -0.396858 -0.324869 0.0 -0.396779 -0.325173 0.0 -0.3967 -0.325477 0.0 -0.396619 -0.325781 0.0 -0.396538 -0.326084 0.0 -0.396455 -0.326387 0.0 -0.396372 -0.32669 0.0 -0.396288 -0.326993 0.0 -0.396203 -0.327295 0.0 -0.396116 -0.327597 0.0 -0.396029 -0.327899 0.0 -0.395941 -0.328201 0.0 -0.395852 -0.328502 0.0 -0.395762 -0.328803 0.0 -0.395671 -0.329104 0.0 -0.395579 -0.329404 0.0 -0.395486 -0.329704 0.0 -0.395392 -0.330004 0.0 -0.395298 -0.330304 0.0 -0.395202 -0.330603 0.0 -0.395106 -0.330902 0.0 -0.395008 -0.3312 0.0 -0.39491 -0.331499 0.0 -0.39481 -0.331797 0.0 -0.39471 -0.332094 0.0 -0.394608 -0.332392 0.0 -0.394506 -0.332689 0.0 -0.394403 -0.332985 0.0 -0.394299 -0.333282 0.0 -0.394194 -0.333578 0.0 -0.394088 -0.333874 0.0 -0.393981 -0.334169 0.0 -0.393873 -0.334464 0.0 -0.393764 -0.334759 0.0 -0.393655 -0.335053 0.0 -0.393544 -0.335347 0.0 -0.393433 -0.335641 0.0 -0.39332 -0.335934 0.0 -0.393207 -0.336228 0.0 -0.393092 -0.33652 0.0 -0.392978 -0.336812 0.0 -0.392861 -0.337104 0.0 -0.392745 -0.337396 0.0 -0.392626 -0.337687 0.0 -0.392508 -0.337978 0.0 -0.392387 -0.338268 0.0 -0.392267 -0.338558 0.0 -0.392145 -0.338848 0.0 -0.392023 -0.339137 0.0 -0.391899 -0.339426 0.0 -0.391775 -0.339715 0.0 -0.39165 -0.340003 0.0 -0.391524 -0.340291 0.0 -0.391397 -0.340578 0.0 -0.391269 -0.340865 0.0 -0.39114 -0.341151 0.0 -0.391011 -0.341438 0.0 -0.39088 -0.341723 0.0 -0.390748 -0.342009 0.0 -0.390616 -0.342293 0.0 -0.390483 -0.342578 0.0 -0.390348 -0.342862 0.0 -0.390213 -0.343146 0.0 -0.390077 -0.343429 0.0 -0.389941 -0.343712 0.0 -0.389802 -0.343994 0.0 -0.389664 -0.344276 0.0 -0.389524 -0.344557 0.0 -0.389384 -0.344838 0.0 -0.389242 -0.345119 0.0 -0.389101 -0.345399 0.0 -0.388957 -0.345679 0.0 -0.388814 -0.345958 0.0 -0.388668 -0.346237 0.0 -0.388523 -0.346515 0.0 -0.388376 -0.346793 0.0 -0.388229 -0.34707 0.0 -0.38808 -0.347347 0.0 -0.387932 -0.347624 0.0 -0.387781 -0.3479 0.0 -0.387631 -0.348175 0.0 -0.387478 -0.34845 0.0 -0.387326 -0.348725 0.0 -0.387172 -0.348999 0.0 -0.387018 -0.349273 0.0 -0.386863 -0.349546 0.0 -0.386707 -0.349819 0.0 -0.38655 -0.35009 0.0 -0.386392 -0.350362 0.0 -0.386233 -0.350633 0.0 -0.386074 -0.350904 0.0 -0.385913 -0.351174 0.0 -0.385753 -0.351444 0.0 -0.38559 -0.351713 0.0 -0.385428 -0.351982 0.0 -0.385264 -0.35225 0.0 -0.385099 -0.352517 0.0 -0.384934 -0.352784 0.0 -0.384768 -0.353051 0.0 -0.3846 -0.353317 0.0 -0.384433 -0.353583 0.0 -0.384264 -0.353847 0.0 -0.384094 -0.354112 0.0 -0.383924 -0.354376 0.0 -0.383753 -0.354639 0.0 -0.38358 -0.354902 0.0 -0.383408 -0.355165 0.0 -0.383234 -0.355426 0.0 -0.38306 -0.355688 0.0 -0.382884 -0.355948 0.0 -0.382708 -0.356208 0.0 -0.382531 -0.356468 0.0 -0.382353 -0.356727 0.0 -0.382174 -0.356985 0.0 -0.381995 -0.357243 0.0 -0.381815 -0.3575 0.0 -0.381634 -0.357757 0.0 -0.381452 -0.358013 0.0 -0.381269 -0.358269 0.0 -0.381086 -0.358524 0.0 -0.380902 -0.358779 0.0 -0.380716 -0.359032 0.0 -0.380531 -0.359286 0.0 -0.380344 -0.359538 0.0 -0.380157 -0.35979 0.0 -0.379968 -0.360042 0.0 -0.379779 -0.360293 0.0 -0.379589 -0.360543 0.0 -0.379399 -0.360793 0.0 -0.379207 -0.361042 0.0 -0.379016 -0.361291 0.0 -0.378822 -0.361538 0.0 -0.378629 -0.361786 0.0 -0.378434 -0.362032 0.0 -0.378239 -0.362279 0.0 -0.378043 -0.362524 0.0 -0.377846 -0.362769 0.0 -0.377648 -0.363013 0.0 -0.37745 -0.363257 0.0 -0.377251 -0.3635 0.0 -0.377051 -0.363742 0.0 -0.37685 -0.363984 0.0 -0.376649 -0.364225 0.0 -0.376447 -0.364465 0.0 -0.376244 -0.364706 0.0 -0.37604 -0.364944 0.0 -0.375836 -0.365183 0.0 -0.375631 -0.365421 0.0 -0.375425 -0.365659 0.0 -0.375218 -0.365895 0.0 -0.375011 -0.366131 0.0 -0.374803 -0.366366 0.0 -0.374594 -0.366601 0.0 -0.374384 -0.366835 0.0 -0.374174 -0.367069 0.0 -0.373963 -0.367301 0.0 -0.373751 -0.367533 0.0 -0.373538 -0.367764 0.0 -0.373326 -0.367995 0.0 -0.373111 -0.368225 0.0 -0.372897 -0.368455 0.0 -0.372681 -0.368683 0.0 -0.372465 -0.368911 0.0 -0.372248 -0.369138 0.0 -0.372031 -0.369365 0.0 -0.371812 -0.369591 0.0 -0.371594 -0.369817 0.0 -0.371374 -0.370041 0.0 -0.371154 -0.370265 0.0 -0.370932 -0.370488 0.0 -0.370711 -0.370711 0.0 -0.370488 -0.370932 0.0 -0.370265 -0.371154 0.0 -0.370041 -0.371374 0.0 -0.369817 -0.371594 0.0 -0.369591 -0.371812 0.0 -0.369365 -0.372031 0.0 -0.369138 -0.372248 0.0 -0.368911 -0.372465 0.0 -0.368683 -0.372681 0.0 -0.368455 -0.372897 0.0 -0.368225 -0.373111 0.0 -0.367995 -0.373326 0.0 -0.367764 -0.373538 0.0 -0.367533 -0.373751 0.0 -0.367301 -0.373963 0.0 -0.367069 -0.374174 0.0 -0.366835 -0.374384 0.0 -0.366601 -0.374594 0.0 -0.366366 -0.374803 0.0 -0.366131 -0.375011 0.0 -0.365895 -0.375218 0.0 -0.365659 -0.375425 0.0 -0.365421 -0.375631 0.0 -0.365183 -0.375836 0.0 -0.364944 -0.37604 0.0 -0.364706 -0.376244 0.0 -0.364465 -0.376447 0.0 -0.364225 -0.376649 0.0 -0.363984 -0.37685 0.0 -0.363742 -0.377051 0.0 -0.3635 -0.377251 0.0 -0.363257 -0.37745 0.0 -0.363013 -0.377648 0.0 -0.362769 -0.377846 0.0 -0.362524 -0.378043 0.0 -0.362279 -0.378239 0.0 -0.362032 -0.378434 0.0 -0.361786 -0.378629 0.0 -0.361538 -0.378822 0.0 -0.361291 -0.379016 0.0 -0.361042 -0.379207 0.0 -0.360793 -0.379399 0.0 -0.360543 -0.379589 0.0 -0.360293 -0.379779 0.0 -0.360042 -0.379968 0.0 -0.35979 -0.380157 0.0 -0.359538 -0.380344 0.0 -0.359286 -0.380531 0.0 -0.359032 -0.380716 0.0 -0.358779 -0.380902 0.0 -0.358524 -0.381086 0.0 -0.358269 -0.381269 0.0 -0.358013 -0.381452 0.0 -0.357757 -0.381634 0.0 -0.3575 -0.381815 0.0 -0.357243 -0.381995 0.0 -0.356985 -0.382174 0.0 -0.356727 -0.382353 0.0 -0.356468 -0.382531 0.0 -0.356208 -0.382708 0.0 -0.355948 -0.382884 0.0 -0.355688 -0.38306 0.0 -0.355426 -0.383234 0.0 -0.355165 -0.383408 0.0 -0.354902 -0.38358 0.0 -0.354639 -0.383753 0.0 -0.354376 -0.383924 0.0 -0.354112 -0.384094 0.0 -0.353847 -0.384264 0.0 -0.353583 -0.384433 0.0 -0.353317 -0.3846 0.0 -0.353051 -0.384768 0.0 -0.352784 -0.384934 0.0 -0.352517 -0.385099 0.0 -0.35225 -0.385264 0.0 -0.351982 -0.385428 0.0 -0.351713 -0.38559 0.0 -0.351444 -0.385753 0.0 -0.351174 -0.385913 0.0 -0.350904 -0.386074 0.0 -0.350633 -0.386233 0.0 -0.350362 -0.386392 0.0 -0.35009 -0.38655 0.0 -0.349819 -0.386707 0.0 -0.349546 -0.386863 0.0 -0.349273 -0.387018 0.0 -0.348999 -0.387172 0.0 -0.348725 -0.387326 0.0 -0.34845 -0.387478 0.0 -0.348175 -0.387631 0.0 -0.3479 -0.387781 0.0 -0.347624 -0.387932 0.0 -0.347347 -0.38808 0.0 -0.34707 -0.388229 0.0 -0.346793 -0.388376 0.0 -0.346515 -0.388523 0.0 -0.346237 -0.388668 0.0 -0.345958 -0.388814 0.0 -0.345679 -0.388957 0.0 -0.345399 -0.389101 0.0 -0.345119 -0.389242 0.0 -0.344838 -0.389384 0.0 -0.344557 -0.389524 0.0 -0.344276 -0.389664 0.0 -0.343994 -0.389802 0.0 -0.343712 -0.389941 0.0 -0.343429 -0.390077 0.0 -0.343146 -0.390213 0.0 -0.342862 -0.390348 0.0 -0.342578 -0.390483 0.0 -0.342293 -0.390616 0.0 -0.342009 -0.390748 0.0 -0.341723 -0.39088 0.0 -0.341438 -0.391011 0.0 -0.341151 -0.39114 0.0 -0.340865 -0.391269 0.0 -0.340578 -0.391397 0.0 -0.340291 -0.391524 0.0 -0.340003 -0.39165 0.0 -0.339715 -0.391775 0.0 -0.339426 -0.391899 0.0 -0.339137 -0.392023 0.0 -0.338848 -0.392145 0.0 -0.338558 -0.392267 0.0 -0.338268 -0.392387 0.0 -0.337978 -0.392508 0.0 -0.337687 -0.392626 0.0 -0.337396 -0.392745 0.0 -0.337104 -0.392861 0.0 -0.336812 -0.392978 0.0 -0.33652 -0.393092 0.0 -0.336228 -0.393207 0.0 -0.335934 -0.39332 0.0 -0.335641 -0.393433 0.0 -0.335347 -0.393544 0.0 -0.335053 -0.393655 0.0 -0.334759 -0.393764 0.0 -0.334464 -0.393873 0.0 -0.334169 -0.393981 0.0 -0.333874 -0.394088 0.0 -0.333578 -0.394194 0.0 -0.333282 -0.394299 0.0 -0.332985 -0.394403 0.0 -0.332689 -0.394506 0.0 -0.332392 -0.394608 0.0 -0.332094 -0.39471 0.0 -0.331797 -0.39481 0.0 -0.331499 -0.39491 0.0 -0.3312 -0.395008 0.0 -0.330902 -0.395106 0.0 -0.330603 -0.395202 0.0 -0.330304 -0.395298 0.0 -0.330004 -0.395392 0.0 -0.329704 -0.395486 0.0 -0.329404 -0.395579 0.0 -0.329104 -0.395671 0.0 -0.328803 -0.395762 0.0 -0.328502 -0.395852 0.0 -0.328201 -0.395941 0.0 -0.327899 -0.396029 0.0 -0.327597 -0.396116 0.0 -0.327295 -0.396203 0.0 -0.326993 -0.396288 0.0 -0.32669 -0.396372 0.0 -0.326387 -0.396455 0.0 -0.326084 -0.396538 0.0 -0.325781 -0.396619 0.0 -0.325477 -0.3967 0.0 -0.325173 -0.396779 0.0 -0.324869 -0.396858 0.0 -0.324564 -0.396935 0.0 -0.32426 -0.397013 0.0 -0.323955 -0.397088 0.0 -0.32365 -0.397163 0.0 -0.323344 -0.397237 0.0 -0.323039 -0.39731 0.0 -0.322733 -0.397381 0.0 -0.322427 -0.397453 0.0 -0.322121 -0.397522 0.0 -0.321814 -0.397592 0.0 -0.321508 -0.397659 0.0 -0.321201 -0.397727 0.0 -0.320893 -0.397792 0.0 -0.320586 -0.397858 0.0 -0.320279 -0.397922 0.0 -0.319971 -0.397986 0.0 -0.319663 -0.398047 0.0 -0.319355 -0.398109 0.0 -0.319047 -0.398169 0.0 -0.318738 -0.398229 0.0 -0.318429 -0.398287 0.0 -0.318121 -0.398345 0.0 -0.317811 -0.3984 0.0 -0.317502 -0.398456 0.0 -0.317193 -0.39851 0.0 -0.316883 -0.398564 0.0 -0.316574 -0.398617 0.0 -0.316264 -0.398669 0.0 -0.315954 -0.398719 0.0 -0.315643 -0.398769 0.0 -0.315333 -0.398817 0.0 -0.315023 -0.398865 0.0 -0.314712 -0.398911 0.0 -0.314401 -0.398958 0.0 -0.31409 -0.399002 0.0 -0.313779 -0.399046 0.0 -0.313468 -0.399088 0.0 -0.313156 -0.399131 0.0 -0.312845 -0.399171 0.0 -0.312533 -0.399211 0.0 -0.312222 -0.39925 0.0 -0.31191 -0.399288 0.0 -0.311598 -0.399325 0.0 -0.311286 -0.399361 0.0 -0.310973 -0.399396 0.0 -0.310661 -0.39943 0.0 -0.310349 -0.399463 0.0 -0.310036 -0.399495 0.0 -0.309724 -0.399526 0.0 -0.309411 -0.399556 0.0 -0.309098 -0.399585 0.0 -0.308785 -0.399613 0.0 -0.308472 -0.39964 0.0 -0.308159 -0.399667 0.0 -0.307846 -0.399691 0.0 -0.307533 -0.399716 0.0 -0.307219 -0.399739 0.0 -0.306906 -0.399761 0.0 -0.306593 -0.399782 0.0 -0.306279 -0.399803 0.0 -0.305965 -0.399821 0.0 -0.305652 -0.39984 0.0 -0.305338 -0.399857 0.0 -0.305024 -0.399874 0.0 -0.304711 -0.399888 0.0 -0.304397 -0.399903 0.0 -0.304083 -0.399916 0.0 -0.303769 -0.399929 0.0 -0.303455 -0.39994 0.0 -0.303141 -0.399951 0.0 -0.302827 -0.39996 0.0 -0.302513 -0.399968 0.0 -0.302199 -0.399975 0.0 -0.301885 -0.399982 0.0 -0.301571 -0.399987 0.0 -0.301257 -0.399992 0.0 -0.300942 -0.399995 0.0 -0.300628 -0.399998 0.0 -0.300314 -0.399999 0.0 -0.3 -0.4 0.0 -0.299686 -0.399999 0.0 -0.299372 -0.399998 0.0 -0.299058 -0.399995 0.0 -0.298743 -0.399992 0.0 -0.298429 -0.399987 0.0 -0.298115 -0.399982 0.0 -0.297801 -0.399975 0.0 -0.297487 -0.399968 0.0 -0.297173 -0.39996 0.0 -0.296859 -0.399951 0.0 -0.296545 -0.39994 0.0 -0.296231 -0.399929 0.0 -0.295917 -0.399916 0.0 -0.295603 -0.399903 0.0 -0.295289 -0.399888 0.0 -0.294976 -0.399874 0.0 -0.294662 -0.399857 0.0 -0.294348 -0.39984 0.0 -0.294035 -0.399821 0.0 -0.293721 -0.399803 0.0 -0.293407 -0.399782 0.0 -0.293094 -0.399761 0.0 -0.292781 -0.399739 0.0 -0.292467 -0.399716 0.0 -0.292154 -0.399691 0.0 -0.291841 -0.399667 0.0 -0.291528 -0.39964 0.0 -0.291215 -0.399613 0.0 -0.290902 -0.399585 0.0 -0.290589 -0.399556 0.0 -0.290276 -0.399526 0.0 -0.289964 -0.399495 0.0 -0.289651 -0.399463 0.0 -0.289339 -0.39943 0.0 -0.289027 -0.399396 0.0 -0.288714 -0.399361 0.0 -0.288402 -0.399325 0.0 -0.28809 -0.399288 0.0 -0.287778 -0.39925 0.0 -0.287467 -0.399211 0.0 -0.287155 -0.399171 0.0 -0.286844 -0.399131 0.0 -0.286532 -0.399088 0.0 -0.286221 -0.399046 0.0 -0.28591 -0.399002 0.0 -0.285599 -0.398958 0.0 -0.285288 -0.398911 0.0 -0.284977 -0.398865 0.0 -0.284667 -0.398817 0.0 -0.284357 -0.398769 0.0 -0.284046 -0.398719 0.0 -0.283736 -0.398669 0.0 -0.283426 -0.398617 0.0 -0.283117 -0.398564 0.0 -0.282807 -0.39851 0.0 -0.282498 -0.398456 0.0 -0.282189 -0.3984 0.0 -0.281879 -0.398345 0.0 -0.281571 -0.398287 0.0 -0.281262 -0.398229 0.0 -0.280953 -0.398169 0.0 -0.280645 -0.398109 0.0 -0.280337 -0.398047 0.0 -0.280029 -0.397986 0.0 -0.279721 -0.397922 0.0 -0.279414 -0.397858 0.0 -0.279107 -0.397792 0.0 -0.278799 -0.397727 0.0 -0.278492 -0.397659 0.0 -0.278186 -0.397592 0.0 -0.277879 -0.397522 0.0 -0.277573 -0.397453 0.0 -0.277267 -0.397381 0.0 -0.276961 -0.39731 0.0 -0.276656 -0.397237 0.0 -0.27635 -0.397163 0.0 -0.276045 -0.397088 0.0 -0.27574 -0.397013 0.0 -0.275436 -0.396935 0.0 -0.275131 -0.396858 0.0 -0.274827 -0.396779 0.0 -0.274523 -0.3967 0.0 -0.274219 -0.396619 0.0 -0.273916 -0.396538 0.0 -0.273613 -0.396455 0.0 -0.27331 -0.396372 0.0 -0.273007 -0.396288 0.0 -0.272705 -0.396203 0.0 -0.272403 -0.396116 0.0 -0.272101 -0.396029 0.0 -0.271799 -0.395941 0.0 -0.271498 -0.395852 0.0 -0.271197 -0.395762 0.0 -0.270896 -0.395671 0.0 -0.270596 -0.395579 0.0 -0.270296 -0.395486 0.0 -0.269996 -0.395392 0.0 -0.269696 -0.395298 0.0 -0.269397 -0.395202 0.0 -0.269098 -0.395106 0.0 -0.2688 -0.395008 0.0 -0.268501 -0.39491 0.0 -0.268203 -0.39481 0.0 -0.267906 -0.39471 0.0 -0.267608 -0.394608 0.0 -0.267311 -0.394506 0.0 -0.267015 -0.394403 0.0 -0.266718 -0.394299 0.0 -0.266422 -0.394194 0.0 -0.266126 -0.394088 0.0 -0.265831 -0.393981 0.0 -0.265536 -0.393873 0.0 -0.265241 -0.393764 0.0 -0.264947 -0.393655 0.0 -0.264653 -0.393544 0.0 -0.264359 -0.393433 0.0 -0.264066 -0.39332 0.0 -0.263772 -0.393207 0.0 -0.26348 -0.393092 0.0 -0.263188 -0.392978 0.0 -0.262896 -0.392861 0.0 -0.262604 -0.392745 0.0 -0.262313 -0.392626 0.0 -0.262022 -0.392508 0.0 -0.261732 -0.392387 0.0 -0.261442 -0.392267 0.0 -0.261152 -0.392145 0.0 -0.260863 -0.392023 0.0 -0.260574 -0.391899 0.0 -0.260285 -0.391775 0.0 -0.259997 -0.39165 0.0 -0.259709 -0.391524 0.0 -0.259422 -0.391397 0.0 -0.259135 -0.391269 0.0 -0.258849 -0.39114 0.0 -0.258562 -0.391011 0.0 -0.258277 -0.39088 0.0 -0.257991 -0.390748 0.0 -0.257707 -0.390616 0.0 -0.257422 -0.390483 0.0 -0.257138 -0.390348 0.0 -0.256854 -0.390213 0.0 -0.256571 -0.390077 0.0 -0.256288 -0.389941 0.0 -0.256006 -0.389802 0.0 -0.255724 -0.389664 0.0 -0.255443 -0.389524 0.0 -0.255162 -0.389384 0.0 -0.254881 -0.389242 0.0 -0.254601 -0.389101 0.0 -0.254321 -0.388957 0.0 -0.254042 -0.388814 0.0 -0.253763 -0.388668 0.0 -0.253485 -0.388523 0.0 -0.253207 -0.388376 0.0 -0.25293 -0.388229 0.0 -0.252653 -0.38808 0.0 -0.252376 -0.387932 0.0 -0.2521 -0.387781 0.0 -0.251825 -0.387631 0.0 -0.25155 -0.387478 0.0 -0.251275 -0.387326 0.0 -0.251001 -0.387172 0.0 -0.250727 -0.387018 0.0 -0.250454 -0.386863 0.0 -0.250181 -0.386707 0.0 -0.24991 -0.38655 0.0 -0.249638 -0.386392 0.0 -0.249367 -0.386233 0.0 -0.249096 -0.386074 0.0 -0.248826 -0.385913 0.0 -0.248556 -0.385753 0.0 -0.248287 -0.38559 0.0 -0.248018 -0.385428 0.0 -0.24775 -0.385264 0.0 -0.247483 -0.385099 0.0 -0.247216 -0.384934 0.0 -0.246949 -0.384768 0.0 -0.246683 -0.3846 0.0 -0.246417 -0.384433 0.0 -0.246153 -0.384264 0.0 -0.245888 -0.384094 0.0 -0.245624 -0.383924 0.0 -0.245361 -0.383753 0.0 -0.245098 -0.38358 0.0 -0.244835 -0.383408 0.0 -0.244574 -0.383234 0.0 -0.244312 -0.38306 0.0 -0.244052 -0.382884 0.0 -0.243792 -0.382708 0.0 -0.243532 -0.382531 0.0 -0.243273 -0.382353 0.0 -0.243015 -0.382174 0.0 -0.242757 -0.381995 0.0 -0.2425 -0.381815 0.0 -0.242243 -0.381634 0.0 -0.241987 -0.381452 0.0 -0.241731 -0.381269 0.0 -0.241476 -0.381086 0.0 -0.241221 -0.380902 0.0 -0.240968 -0.380716 0.0 -0.240714 -0.380531 0.0 -0.240462 -0.380344 0.0 -0.24021 -0.380157 0.0 -0.239958 -0.379968 0.0 -0.239707 -0.379779 0.0 -0.239457 -0.379589 0.0 -0.239207 -0.379399 0.0 -0.238958 -0.379207 0.0 -0.238709 -0.379016 0.0 -0.238462 -0.378822 0.0 -0.238214 -0.378629 0.0 -0.237968 -0.378434 0.0 -0.237721 -0.378239 0.0 -0.237476 -0.378043 0.0 -0.237231 -0.377846 0.0 -0.236987 -0.377648 0.0 -0.236743 -0.37745 0.0 -0.2365 -0.377251 0.0 -0.236258 -0.377051 0.0 -0.236016 -0.37685 0.0 -0.235775 -0.376649 0.0 -0.235535 -0.376447 0.0 -0.235294 -0.376244 0.0 -0.235056 -0.37604 0.0 -0.234817 -0.375836 0.0 -0.234579 -0.375631 0.0 -0.234341 -0.375425 0.0 -0.234105 -0.375218 0.0 -0.233869 -0.375011 0.0 -0.233634 -0.374803 0.0 -0.233399 -0.374594 0.0 -0.233165 -0.374384 0.0 -0.232931 -0.374174 0.0 -0.232699 -0.373963 0.0 -0.232467 -0.373751 0.0 -0.232236 -0.373538 0.0 -0.232005 -0.373326 0.0 -0.231775 -0.373111 0.0 -0.231545 -0.372897 0.0 -0.231317 -0.372681 0.0 -0.231089 -0.372465 0.0 -0.230862 -0.372248 0.0 -0.230635 -0.372031 0.0 -0.230409 -0.371812 0.0 -0.230183 -0.371594 0.0 -0.229959 -0.371374 0.0 -0.229735 -0.371154 0.0 -0.229512 -0.370932 0.0 -0.229289 -0.370711 0.0 -0.229068 -0.370488 0.0 -0.228846 -0.370265 0.0 -0.228626 -0.370041 0.0 -0.228406 -0.369817 0.0 -0.228188 -0.369591 0.0 -0.227969 -0.369365 0.0 -0.227752 -0.369138 0.0 -0.227535 -0.368911 0.0 -0.227319 -0.368683 0.0 -0.227103 -0.368455 0.0 -0.226889 -0.368225 0.0 -0.226674 -0.367995 0.0 -0.226462 -0.367764 0.0 -0.226249 -0.367533 0.0 -0.226037 -0.367301 0.0 -0.225826 -0.367069 0.0 -0.225616 -0.366835 0.0 -0.225406 -0.366601 0.0 -0.225197 -0.366366 0.0 -0.224989 -0.366131 0.0 -0.224782 -0.365895 0.0 -0.224575 -0.365659 0.0 -0.224369 -0.365421 0.0 -0.224164 -0.365183 0.0 -0.22396 -0.364944 0.0 -0.223756 -0.364706 0.0 -0.223553 -0.364465 0.0 -0.223351 -0.364225 0.0 -0.22315 -0.363984 0.0 -0.222949 -0.363742 0.0 -0.222749 -0.3635 0.0 -0.22255 -0.363257 0.0 -0.222352 -0.363013 0.0 -0.222154 -0.362769 0.0 -0.221957 -0.362524 0.0 -0.221761 -0.362279 0.0 -0.221566 -0.362032 0.0 -0.221371 -0.361786 0.0 -0.221178 -0.361538 0.0 -0.220984 -0.361291 0.0 -0.220793 -0.361042 0.0 -0.220601 -0.360793 0.0 -0.220411 -0.360543 0.0 -0.220221 -0.360293 0.0 -0.220032 -0.360042 0.0 -0.219843 -0.35979 0.0 -0.219656 -0.359538 0.0 -0.219469 -0.359286 0.0 -0.219284 -0.359032 0.0 -0.219098 -0.358779 0.0 -0.218914 -0.358524 0.0 -0.218731 -0.358269 0.0 -0.218548 -0.358013 0.0 -0.218366 -0.357757 0.0 -0.218185 -0.3575 0.0 -0.218005 -0.357243 0.0 -0.217826 -0.356985 0.0 -0.217647 -0.356727 0.0 -0.217469 -0.356468 0.0 -0.217292 -0.356208 0.0 -0.217116 -0.355948 0.0 -0.21694 -0.355688 0.0 -0.216766 -0.355426 0.0 -0.216592 -0.355165 0.0 -0.21642 -0.354902 0.0 -0.216247 -0.354639 0.0 -0.216076 -0.354376 0.0 -0.215906 -0.354112 0.0 -0.215736 -0.353847 0.0 -0.215567 -0.353583 0.0 -0.2154 -0.353317 0.0 -0.215232 -0.353051 0.0 -0.215066 -0.352784 0.0 -0.214901 -0.352517 0.0 -0.214736 -0.35225 0.0 -0.214572 -0.351982 0.0 -0.21441 -0.351713 0.0 -0.214247 -0.351444 0.0 -0.214087 -0.351174 0.0 -0.213926 -0.350904 0.0 -0.213767 -0.350633 0.0 -0.213608 -0.350362 0.0 -0.21345 -0.35009 0.0 -0.213293 -0.349819 0.0 -0.213137 -0.349546 0.0 -0.212982 -0.349273 0.0 -0.212828 -0.348999 0.0 -0.212674 -0.348725 0.0 -0.212522 -0.34845 0.0 -0.212369 -0.348175 0.0 -0.212219 -0.3479 0.0 -0.212068 -0.347624 0.0 -0.21192 -0.347347 0.0 -0.211771 -0.34707 0.0 -0.211624 -0.346793 0.0 -0.211477 -0.346515 0.0 -0.211332 -0.346237 0.0 -0.211186 -0.345958 0.0 -0.211043 -0.345679 0.0 -0.210899 -0.345399 0.0 -0.210758 -0.345119 0.0 -0.210616 -0.344838 0.0 -0.210476 -0.344557 0.0 -0.210336 -0.344276 0.0 -0.210198 -0.343994 0.0 -0.210059 -0.343712 0.0 -0.209923 -0.343429 0.0 -0.209787 -0.343146 0.0 -0.209652 -0.342862 0.0 -0.209517 -0.342578 0.0 -0.209384 -0.342293 0.0 -0.209252 -0.342009 0.0 -0.20912 -0.341723 0.0 -0.208989 -0.341438 0.0 -0.20886 -0.341151 0.0 -0.208731 -0.340865 0.0 -0.208603 -0.340578 0.0 -0.208476 -0.340291 0.0 -0.20835 -0.340003 0.0 -0.208225 -0.339715 0.0 -0.208101 -0.339426 0.0 -0.207977 -0.339137 0.0 -0.207855 -0.338848 0.0 -0.207733 -0.338558 0.0 -0.207613 -0.338268 0.0 -0.207492 -0.337978 0.0 -0.207374 -0.337687 0.0 -0.207255 -0.337396 0.0 -0.207139 -0.337104 0.0 -0.207022 -0.336812 0.0 -0.206908 -0.33652 0.0 -0.206793 -0.336228 0.0 -0.20668 -0.335934 0.0 -0.206567 -0.335641 0.0 -0.206456 -0.335347 0.0 -0.206345 -0.335053 0.0 -0.206236 -0.334759 0.0 -0.206127 -0.334464 0.0 -0.206019 -0.334169 0.0 -0.205912 -0.333874 0.0 -0.205806 -0.333578 0.0 -0.205701 -0.333282 0.0 -0.205597 -0.332985 0.0 -0.205494 -0.332689 0.0 -0.205392 -0.332392 0.0 -0.20529 -0.332094 0.0 -0.20519 -0.331797 0.0 -0.20509 -0.331499 0.0 -0.204992 -0.3312 0.0 -0.204894 -0.330902 0.0 -0.204798 -0.330603 0.0 -0.204702 -0.330304 0.0 -0.204608 -0.330004 0.0 -0.204514 -0.329704 0.0 -0.204421 -0.329404 0.0 -0.204329 -0.329104 0.0 -0.204238 -0.328803 0.0 -0.204148 -0.328502 0.0 -0.204059 -0.328201 0.0 -0.203971 -0.327899 0.0 -0.203884 -0.327597 0.0 -0.203797 -0.327295 0.0 -0.203712 -0.326993 0.0 -0.203628 -0.32669 0.0 -0.203545 -0.326387 0.0 -0.203462 -0.326084 0.0 -0.203381 -0.325781 0.0 -0.2033 -0.325477 0.0 -0.203221 -0.325173 0.0 -0.203142 -0.324869 0.0 -0.203065 -0.324564 0.0 -0.202987 -0.32426 0.0 -0.202912 -0.323955 0.0 -0.202837 -0.32365 0.0 -0.202763 -0.323344 0.0 -0.20269 -0.323039 0.0 -0.202619 -0.322733 0.0 -0.202547 -0.322427 0.0 -0.202478 -0.322121 0.0 -0.202408 -0.321814 0.0 -0.202341 -0.321508 0.0 -0.202273 -0.321201 0.0 -0.202208 -0.320893 0.0 -0.202142 -0.320586 0.0 -0.202078 -0.320279 0.0 -0.202014 -0.319971 0.0 -0.201953 -0.319663 0.0 -0.201891 -0.319355 0.0 -0.201831 -0.319047 0.0 -0.201771 -0.318738 0.0 -0.201713 -0.318429 0.0 -0.201655 -0.318121 0.0 -0.2016 -0.317811 0.0 -0.201544 -0.317502 0.0 -0.20149 -0.317193 0.0 -0.201436 -0.316883 0.0 -0.201383 -0.316574 0.0 -0.201331 -0.316264 0.0 -0.201281 -0.315954 0.0 -0.201231 -0.315643 0.0 -0.201183 -0.315333 0.0 -0.201135 -0.315023 0.0 -0.201089 -0.314712 0.0 -0.201042 -0.314401 0.0 -0.200998 -0.31409 0.0 -0.200954 -0.313779 0.0 -0.200912 -0.313468 0.0 -0.200869 -0.313156 0.0 -0.200829 -0.312845 0.0 -0.200789 -0.312533 0.0 -0.20075 -0.312222 0.0 -0.200712 -0.31191 0.0 -0.200675 -0.311598 0.0 -0.200639 -0.311286 0.0 -0.200604 -0.310973 0.0 -0.20057 -0.310661 0.0 -0.200537 -0.310349 0.0 -0.200505 -0.310036 0.0 -0.200474 -0.309724 0.0 -0.200444 -0.309411 0.0 -0.200415 -0.309098 0.0 -0.200387 -0.308785 0.0 -0.20036 -0.308472 0.0 -0.200333 -0.308159 0.0 -0.200309 -0.307846 0.0 -0.200284 -0.307533 0.0 -0.200261 -0.307219 0.0 -0.200239 -0.306906 0.0 -0.200218 -0.306593 0.0 -0.200197 -0.306279 0.0 -0.200179 -0.305965 0.0 -0.20016 -0.305652 0.0 -0.200143 -0.305338 0.0 -0.200126 -0.305024 0.0 -0.200112 -0.304711 0.0 -0.200097 -0.304397 0.0 -0.200084 -0.304083 0.0 -0.200071 -0.303769 0.0 -0.20006 -0.303455 0.0 -0.200049 -0.303141 0.0 -0.20004 -0.302827 0.0 -0.200032 -0.302513 0.0 -0.200025 -0.302199 0.0 -0.200018 -0.301885 0.0 -0.200013 -0.301571 0.0 -0.200008 -0.301257 0.0 -0.200005 -0.300942 0.0 -0.200002 -0.300628 0.0 -0.200001 -0.300314 0.0 
        </DataArray>
      </Points>
      <Polys>
        <DataArray type="Int64" Name="connectivity" format="ascii">
0 1 1 2 2 3 3 4 4 5 5 6 6 7 7 8 8 9 9 10 10 11 11 12 12 13 13 14 14 15 15 16 16 17 17 18 18 19 19 20 20 21 21 22 22 23 23 24 24 25 25 26 26 27 27 28 28 29 29 30 30 31 31 32 32 33 33 34 34 35 35 36 36 37 37 38 38 39 39 40 40 41 41 42 42 43 43 44 44 45 45 46 46 47 47 48 48 49 49 50 50 51 51 52 52 53 53 54 54 55 55 56 56 57 57 58 58 59 59 60 60 61 61 62 62 63 63 64 64 65 65 66 66 67 67 68 68 69 69 70 70 71 71 72 72 73 73 74 74 75 75 76 76 77 77 78 78 79 79 80 80 81 81 82 82 83 83 84 84 85 85 86 86 87 87 88 88 89 89 90 90 91 91 92 92 93 93 94 94 95 95 96 96 97 97 98 98 99 99 100 100 101 101 102 102 103 103 104 104 105 105 106 106 107 107 108 108 109 109 110 110 111 111 112 112 113 113 114 114 115 115 116 116 117 117 118 118 119 119 120 120 121 121 122 122 123 123 124 124 125 125 126 126 127 127 128 128 129 129 130 130 131 131 132 132 133 133 134 134 135 135 136 136 137 137 138 138 139 139 140 140 141 141 142 142 143 143 144 144 145 145 146 146 147 147 148 148 149 149 150 150 151 151 152 152 153 153 154 154 155 155 156 156 157 157 158 158 159 159 160 160 161 161 162 162 163 163 164 164 165 165 166 166 167 167 168 168 169 169 170 170 171 171 172 172 173 173 174 174 175 175 176 176 177 177 178 178 179 179 180 180 181 181 182 182 183 183 184 184 185 185 186 186 187 187 188 188 189 189 190 190 191 191 192 192 193 193 194 194 195 195 196 196 197 197 198 198 199 199 200 200 201 201 202 202 203 203 204 204 205 205 206 206 207 207 208 208 209 209 210 210 211 211 212 212 213 213 214 214 215 215 216 216 217 217 218 218 219 219 220 220 221 221 222 222 223 223 224 224 225 225 226 226 227 227 228 228 229 229 230 230 231 231 232 232 233 233 234 234 235 235 236 236 237 237 238 238 239 239 240 240 241 241 242 242 243 243 244 244 245 245 246 246 247 247 248 248 249 249 250 250 251 251 252 252 253 253 254 254 255 255 256 256 257 257 258 258 259 259 260 260 261 261 262 262 263 263 264 264 265 265 266 266 267 267 268 268 269 269 270 270 271 271 272 272 273 273 274 274 275 275 276 276 277 277 278 278 279 279 280 280 281 281 282 282 283 283 284 284 285 285 286 286 287 287 288 288 289 289 290 290 291 291 292 292 293 293 294 294 295 295 296 296 297 297 298 298 299 299 300 300 301 301 302 302 303 303 304 304 305 305 306 306 307 307 308 308 309 309 310 310 311 311 312 312 313 313 314 314 315 315 316 316 317 317 318 318 319 319 320 320 321 321 322 322 323 323 324 324 325 325 326 326 327 327 328 328 329 329 330 330 331 331 332 332 333 333 334 334 335 335 336 336 337 337 338 338 339 339 340 340 341 341 342 342 343 343 344 344 345 345 346 346 347 347 348 348 349 349 350 350 351 351 352 352 353 353 354 354 355 355 356 356 357 357 358 358 359 359 360 360 361 361 362 362 363 363 364 364 365 365 366 366 367 367 368 368 369 369 370 370 371 371 372 372 373 373 374 374 375 375 376 376 377 377 378 378 379 379 380 380 381 381 382 382 383 383 384 384 385 385 386 386 387 387 388 388 389 389 390 390 391 391 392 392 393 393 394 394 395 395 396 396 397 397 398 398 399 399 400 400 401 401 402 402 403 403 404 404 405 405 406 406 407 407 408 408 409 409 410 410 411 411 412 412 413 413 414 414 415 415 416 416 417 417 418 418 419 419 420 420 421 421 422 422 423 423 424 424 425 425 426 426 427 427 428 428 429 429 430 430 431 431 432 432 433 433 434 434 435 435 436 436 437 437 438 438 439 439 440 440 441 441 442 442 443 443 444 444 445 445 446 446 447 447 448 448 449 449 450 450 451 451 452 452 453 453 454 454 455 455 456 456 457 457 458 458 459 459 460 460 461 461 462 462 463 463 464 464 465 465 466 466 467 467 468 468 469 469 470 470 471 471 472 472 473 473 474 474 475 475 476 476 477 477 478 478 479 479 480 480 481 481 482 482 483 483 484 484 485 485 486 486 487 487 488 488 489 489 490 490 491 491 492 492 493 493 494 494 495 495 496 496 497 497 498 498 499 499 500 500 501 501 502 502 503 503 504 504 505 505 506 506 507 507 508 508 509 509 510 510 511 511 512 512 513 513 514 514 515 515 516 516 517 517 518 518 519 519 520 520 521 521 522 522 523 523 524 524 525 525 526 526 527 527 528 528 529 529 530 530 531 531 532 532 533 533 534 534 535 535 536 536 537 537 538 538 539 539 540 540 541 541 542 542 543 543 544 544 545 545 546 546 547 547 548 548 549 549 550 550 551 551 552 552 553 553 554 554 555 555 556 556 557 557 558 558 559 559 560 560 561 561 562 562 563 563 564 564 565 565 566 566 567 567 568 568 569 569 570 570 571 571 572 572 573 573 574 574 575 575 576 576 577 577 578 578 579 579 580 580 581 581 582 582 583 583 584 584 585 585 586 586 587 587 588 588 589 589 590 590 591 591 592 592 593 593 594 594 595 595 596 596 597 597 598 598 599 599 600 600 601 601 602 602 603 603 604 604 605 605 606 606 607 607 608 608 609 609 610 610 611 611 612 612 613 613 614 614 615 615 616 616 617 617 618 618 619 619 620 620 621 621 622 622 623 623 624 624 625 625 626 626 627 627 628 628 629 629 630 630 631 631 632 632 633 633 634 634 635 635 636 636 637 637 638 638 639 639 640 640 641 641 642 642 643 643 644 644 645 645 646 646 647 647 648 648 649 649 650 650 651 651 652 652 653 653 654 654 655 655 656 656 657 657 658 658 659 659 660 660 661 661 662 662 663 663 664 664 665 665 666 666 667 667 668 668 669 669 670 670 671 671 672 672 673 673 674 674 675 675 676 676 677 677 678 678 679 679 680 680 681 681 682 682 683 683 684 684 685 685 686 686 687 687 688 688 689 689 690 690 691 691 692 692 693 693 694 694 695 695 696 696 697 697 698 698 699 699 700 700 701 701 702 702 703 703 704 704 705 705 706 706 707 707 708 708 709 709 710 710 711 711 712 712 713 713 714 714 715 715 716 716 717 717 718 718 719 719 720 720 721 721 722 722 723 723 724 724 725 725 726 726 727 727 728 728 729 729 730 730 731 731 732 732 733 733 734 734 735 735 736 736 737 737 738 738 739 739 740 740 741 741 742 742 743 743 744 744 745 745 746 746 747 747 748 748 749 749 750 750 751 751 752 752 753 753 754 754 755 755 756 756 757 757 758 758 759 759 760 760 761 761 762 762 763 763 764 764 765 765 766 766 767 767 768 768 769 769 770 770 771 771 772 772 773 773 774 774 775 775 776 776 777 777 778 778 779 779 780 780 781 781 782 782 783 783 784 784 785 785 786 786 787 787 788 788 789 789 790 790 791 791 792 792 793 793 794 794 795 795 796 796 797 797 798 798 799 799 800 800 801 801 802 802 803 803 804 804 805 805 806 806 807 807 808 808 809 809 810 810 811 811 812 812 813 813 814 814 815 815 816 816 817 817 818 818 819 819 820 820 821 821 822 822 823 823 824 824 825 825 826 826 827 827 828 828 829 829 830 830 831 831 832 832 833 833 834 834 835 835 836 836 837 837 838 838 839 839 840 840 841 841 842 842 843 843 844 844 845 845 846 846 847 847 848 848 849 849 850 850 851 851 852 852 853 853 854 854 855 855 856 856 857 857 858 858 859 859 860 860 861 861 862 862 863 863 864 864 865 865 866 866 867 867 868 868 869 869 870 870 871 871 872 872 873 873 874 874 875 875 876 876 877 877 878 878 879 879 880 880 881 881 882 882 883 883 884 884 885 885 886 886 887 887 888 888 889 889 890 890 891 891 892 892 893 893 894 894 895 895 896 896 897 897 898 898 899 899 900 900 901 901 902 902 903 903 904 904 905 905 906 906 907 907 908 908 909 909 910 910 911 911 912 912 913 913 914 914 915 915 916 916 917 917 918 918 919 919 920 920 921 921 922 922 923 923 924 924 925 925 926 926 927 927 928 928 929 929 930 930 931 931 932 932 933 933 934 934 935 935 936 936 937 937 938 938 939 939 940 940 941 941 942 942 943 943 944 944 945 945 946 946 947 947 948 948 949 949 950 950 951 951 952 952 953 953 954 954 955 955 956 956 957 957 958 958 959 959 960 960 961 961 962 962 963 963 964 964 965 965 966 966 967 967 968 968 969 969 970 970 971 971 972 972 973 973 974 974 975 975 976 976 977 977 978 978 979 979 980 980 981 981 982 982 983 983 984 984 985 985 986 986 987 987 988 988 989 989 990 990 991 991 992 992 993 993 994 994 995 995 996 996 997 997 998 998 999 999 1000 1000 1001 1001 1002 1002 1003 1003 1004 1004 1005 1005 1006 1006 1007 1007 1008 1008 1009 1009 1010 1010 1011 1011 1012 1012 1013 1013 1014 1014 1015 1015 1016 1016 1017 1017 1018 1018 1019 1019 1020 1020 1021 1021 1022 1022 1023 1023 1024 1024 1025 1025 1026 1026 1027 1027 1028 1028 1029 1029 1030 1030 1031 1031 1032 1032 1033 1033 1034 1034 1035 1035 1036 1036 1037 1037 1038 1038 1039 1039 1040 1040 1041 1041 1042 1042 1043 1043 1044 1044 1045 1045 1046 1046 1047 1047 1048 1048 1049 1049 1050 1050 1051 1051 1052 1052 1053 1053 1054 1054 1055 1055 1056 1056 1057 1057 1058 1058 1059 1059 1060 1060 1061 1061 1062 1062 1063 1063 1064 1064 1065 1065 1066 1066 1067 1067 1068 1068 1069 1069 1070 1070 1071 1071 1072 1072 1073 1073 1074 1074 1075 1075 1076 1076 1077 1077 1078 1078 1079 1079 1080 1080 1081 1081 1082 1082 1083 1083 1084 1084 1085 1085 1086 1086 1087 1087 1088 1088 1089 1089 1090 1090 1091 1091 1092 1092 1093 1093 1094 1094 1095 1095 1096 1096 1097 1097 1098 1098 1099 1099 1100 1100 1101 1101 1102 1102 1103 1103 1104 1104 1105 1105 1106 1106 1107 1107 1108 1108 1109 1109 1110 1110 1111 1111 1112 1112 1113 1113 1114 1114 1115 1115 1116 1116 1117 1117 1118 1118 1119 1119 1120 1120 1121 1121 1122 1122 1123 1123 1124 1124 1125 1125 1126 1126 1127 1127 1128 1128 1129 1129 1130 1130 1131 1131 1132 1132 1133 1133 1134 1134 1135 1135 1136 1136 1137 1137 1138 1138 1139 1139 1140 1140 1141 1141 1142 1142 1143 1143 1144 1144 1145 1145 1146 1146 1147 1147 1148 1148 1149 1149 1150 1150 1151 1151 1152 1152 1153 1153 1154 1154 1155 1155 1156 1156 1157 1157 1158 1158 1159 1159 1160 1160 1161 1161 1162 1162 1163 1163 1164 1164 1165 1165 1166 1166 1167 1167 1168 1168 1169 1169 1170 1170 1171 1171 1172 1172 1173 1173 1174 1174 1175 1175 1176 1176 1177 1177 1178 1178 1179 1179 1180 1180 1181 1181 1182 1182 1183 1183 1184 1184 1185 1185 1186 1186 1187 1187 1188 1188 1189 1189 1190 1190 1191 1191 1192 1192 1193 1193 1194 1194 1195 1195 1196 1196 1197 1197 1198 1198 1199 1199 1200 1200 1201 1201 1202 1202 1203 1203 1204 1204 1205 1205 1206 1206 1207 1207 1208 1208 1209 1209 1210 1210 1211 1211 1212 1212 1213 1213 1214 1214 1215 1215 1216 1216 1217 1217 1218 1218 1219 1219 1220 1220 1221 1221 1222 1222 1223 1223 1224 1224 1225 1225 1226 1226 1227 1227 1228 1228 1229 1229 1230 1230 1231 1231 1232 1232 1233 1233 1234 1234 1235 1235 1236 1236 1237 1237 1238 1238 1239 1239 1240 1240 1241 1241 1242 1242 1243 1243 1244 1244 1245 1245 1246 1246 1247 1247 1248 1248 1249 1249 1250 1250 1251 1251 1252 1252 1253 1253 1254 1254 1255 1255 1256 1256 1257 1257 1258 1258 1259 1259 1260 1260 1261 1261 1262 1262 1263 1263 1264 1264 1265 1265 1266 1266 1267 1267 1268 1268 1269 1269 1270 1270 1271 1271 1272 1272 1273 1273 1274 1274 1275 1275 1276 1276 1277 1277 1278 1278 1279 1279 1280 1280 1281 1281 1282 1282 1283 1283 1284 1284 1285 1285 1286 1286 1287 1287 1288 1288 1289 1289 1290 1290 1291 1291 1292 1292 1293 1293 1294 1294 1295 1295 1296 1296 1297 1297 1298 1298 1299 1299 1300 1300 1301 1301 1302 1302 1303 1303 1304 1304 1305 1305 1306 1306 1307 1307 1308 1308 1309 1309 1310 1310 1311 1311 1312 1312 1313 1313 1314 1314 1315 1315 1316 1316 1317 1317 1318 1318 1319 1319 1320 1320 1321 1321 1322 1322 1323 1323 1324 1324 1325 1325 1326 1326 1327 1327 1328 1328 1329 1329 1330 1330 1331 1331 1332 1332 1333 1333 1334 1334 1335 1335 1336 1336 1337 1337 1338 1338 1339 1339 1340 1340 1341 1341 1342 1342 1343 1343 1344 1344 1345 1345 1346 1346 1347 1347 1348 1348 1349 1349 1350 1350 1351 1351 1352 1352 1353 1353 1354 1354 1355 1355 1356 1356 1357 1357 1358 1358 1359 1359 1360 1360 1361 1361 1362 1362 1363 1363 1364 1364 1365 1365 1366 1366 1367 1367 1368 1368 1369 1369 1370 1370 1371 1371 1372 1372 1373 1373 1374 1374 1375 1375 1376 1376 1377 1377 1378 1378 1379 1379 1380 1380 1381 1381 1382 1382 1383 1383 1384 1384 1385 1385 1386 1386 1387 1387 1388 1388 1389 1389 1390 1390 1391 1391 1392 1392 1393 1393 1394 1394 1395 1395 1396 1396 1397 1397 1398 1398 1399 1399 1400 1400 1401 1401 1402 1402 1403 1403 1404 1404 1405 1405 1406 1406 1407 1407 1408 1408 1409 1409 1410 1410 1411 1411 1412 1412 1413 1413 1414 1414 1415 1415 1416 1416 1417 1417 1418 1418 1419 1419 1420 1420 1421 1421 1422 1422 1423 1423 1424 1424 1425 1425 1426 1426 1427 1427 1428 1428 1429 1429 1430 1430 1431 1431 1432 1432 1433 1433 1434 1434 1435 1435 1436 1436 1437 1437 1438 1438 1439 1439 1440 1440 1441 1441 1442 1442 1443 1443 1444 1444 1445 1445 1446 1446 1447 1447 1448 1448 1449 1449 1450 1450 1451 1451 1452 1452 1453 1453 1454 1454 1455 1455 1456 1456 1457 1457 1458 1458 1459 1459 1460 1460 1461 1461 1462 1462 1463 1463 1464 1464 1465 1465 1466 1466 1467 1467 1468 1468 1469 1469 1470 1470 1471 1471 1472 1472 1473 1473 1474 1474 1475 1475 1476 1476 1477 1477 1478 1478 1479 1479 1480 1480 1481 1481 1482 1482 1483 1483 1484 1484 1485 1485 1486 1486 1487 1487 1488 1488 1489 1489 1490 1490 1491 1491 1492 1492 1493 1493 1494 1494 1495 1495 1496 1496 1497 1497 1498 1498 1499 1499 1500 1500 1501 1501 1502 1502 1503 1503 1504 1504 1505 1505 1506 1506 1507 1507 1508 1508 1509 1509 1510 1510 1511 1511 1512 1512 1513 1513 1514 1514 1515 1515 1516 1516 1517 1517 1518 1518 1519 1519 1520 1520 1521 1521 1522 1522 1523 1523 1524 1524 1525 1525 1526 1526 1527 1527 1528 1528 1529 1529 1530 1530 1531 1531 1532 1532 1533 1533 1534 1534 1535 1535 1536 1536 1537 1537 1538 1538 1539 1539 1540 1540 1541 1541 1542 1542 1543 1543 1544 1544 1545 1545 1546 1546 1547 1547 1548 1548 1549 1549 1550 1550 1551 1551 1552 1552 1553 1553 1554 1554 1555 1555 1556 1556 1557 1557 1558 1558 1559 1559 1560 1560 1561 1561 1562 1562 1563 1563 1564 1564 1565 1565 1566 1566 1567 1567 1568 1568 1569 1569 1570 1570 1571 1571 1572 1572 1573 1573 1574 1574 1575 1575 1576 1576 1577 1577 1578 1578 1579 1579 1580 1580 1581 1581 1582 1582 1583 1583 1584 1584 1585 1585 1586 1586 1587 1587 1588 1588 1589 1589 1590 1590 1591 1591 1592 1592 1593 1593 1594 1594 1595 1595 1596 1596 1597 1597 1598 1598 1599 1599 1600 1600 1601 1601 1602 1602 1603 1603 1604 1604 1605 1605 1606 1606 1607 1607 1608 1608 1609 1609 1610 1610 1611 1611 1612 1612 1613 1613 1614 1614 1615 1615 1616 1616 1617 1617 1618 1618 1619 1619 1620 1620 1621 1621 1622 1622 1623 1623 1624 1624 1625 1625 1626 1626 1627 1627 1628 1628 1629 1629 1630 1630 1631 1631 1632 1632 1633 1633 1634 1634 1635 1635 1636 1636 1637 1637 1638 1638 1639 1639 1640 1640 1641 1641 1642 1642 1643 1643 1644 1644 1645 1645 1646 1646 1647 1647 1648 1648 1649 1649 1650 1650 1651 1651 1652 1652 1653 1653 1654 1654 1655 1655 1656 1656 1657 1657 1658 1658 1659 1659 1660 1660 1661 1661 1662 1662 1663 1663 1664 1664 1665 1665 1666 1666 1667 1667 1668 1668 1669 1669 1670 1670 1671 1671 1672 1672 1673 1673 1674 1674 1675 1675 1676 1676 1677 1677 1678 1678 1679 1679 1680 1680 1681 1681 1682 1682 1683 1683 1684 1684 1685 1685 1686 1686 1687 1687 1688 1688 1689 1689 1690 1690 1691 1691 1692 1692 1693 1693 1694 1694 1695 1695 1696 1696 1697 1697 1698 1698 1699 1699 1700 1700 1701 1701 1702 1702 1703 1703 1704 1704 1705 1705 1706 1706 1707 1707 1708 1708 1709 1709 1710 1710 1711 1711 1712 1712 1713 1713 1714 1714 1715 1715 1716 1716 1717 1717 1718 1718 1719 1719 1720 1720 1721 1721 1722 1722 1723 1723 1724 1724 1725 1725 1726 1726 1727 1727 1728 1728 1729 1729 1730 1730 1731 1731 1732 1732 1733 1733 1734 1734 1735 1735 1736 1736 1737 1737 1738 1738 1739 1739 1740 1740 1741 1741 1742 1742 1743 1743 1744 1744 1745 1745 1746 1746 1747 1747 1748 1748 1749 1749 1750 1750 1751 1751 1752 1752 1753 1753 1754 1754 1755 1755 1756 1756 1757 1757 1758 1758 1759 1759 1760 1760 1761 1761 1762 1762 1763 1763 1764 1764 1765 1765 1766 1766 1767 1767 1768 1768 1769 1769 1770 1770 1771 1771 1772 1772 1773 1773 1774 1774 1775 1775 1776 1776 1777 1777 1778 1778 1779 1779 1780 1780 1781 1781 1782 1782 1783 1783 1784 1784 1785 1785 1786 1786 1787 1787 1788 1788 1789 1789 1790 1790 1791 1791 1792 1792 1793 1793 1794 1794 1795 1795 1796 1796 1797 1797 1798 1798 1799 1799 1800 1800 1801 1801 1802 1802 1803 1803 1804 1804 1805 1805 1806 1806 1807 1807 1808 1808 1809 1809 1810 1810 1811 1811 1812 1812 1813 1813 1814 1814 1815 1815 1816 1816 1817 1817 1818 1818 1819 1819 1820 1820 1821 1821 1822 1822 1823 1823 1824 1824 1825 1825 1826 1826 1827 1827 1828 1828 1829 1829 1830 1830 1831 1831 1832 1832 1833 1833 1834 1834 1835 1835 1836 1836 1837 1837 1838 1838 1839 1839 1840 1840 1841 1841 1842 1842 1843 1843 1844 1844 1845 1845 1846 1846 1847 1847 1848 1848 1849 1849 1850 1850 1851 1851 1852 1852 1853 1853 1854 1854 1855 1855 1856 1856 1857 1857 1858 1858 1859 1859 1860 1860 1861 1861 1862 1862 1863 1863 1864 1864 1865 1865 1866 1866 1867 1867 1868 1868 1869 1869 1870 1870 1871 1871 1872 1872 1873 1873 1874 1874 1875 1875 1876 1876 1877 1877 1878 1878 1879 1879 1880 1880 1881 1881 1882 1882 1883 1883 1884 1884 1885 1885 1886 1886 1887 1887 1888 1888 1889 1889 1890 1890 1891 1891 1892 1892 1893 1893 1894 1894 1895 1895 1896 1896 1897 1897 1898 1898 1899 1899 1900 1900 1901 1901 1902 1902 1903 1903 1904 1904 1905 1905 1906 1906 1907 1907 1908 1908 1909 1909 1910 1910 1911 1911 1912 1912 1913 1913 1914 1914 1915 1915 1916 1916 1917 1917 1918 1918 1919 1919 1920 1920 1921 1921 1922 1922 1923 1923 1924 1924 1925 1925 1926 1926 1927 1927 1928 1928 1929 1929 1930 1930 1931 1931 1932 1932 1933 1933 1934 1934 1935 1935 1936 1936 1937 1937 1938 1938 1939 1939 1940 1940 1941 1941 1942 1942 1943 1943 1944 1944 1945 1945 1946 1946 1947 1947 1948 1948 1949 1949 1950 1950 1951 1951 1952 1952 1953 1953 1954 1954 1955 1955 1956 1956 1957 1957 1958 1958 1959 1959 1960 1960 1961 1961 1962 1962 1963 1963 1964 1964 1965 1965 1966 1966 1967 1967 1968 1968 1969 1969 1970 1970 1971 1971 1972 1972 1973 1973 1974 1974 1975 1975 1976 1976 1977 1977 1978 1978 1979 1979 1980 1980 1981 1981 1982 1982 1983 1983 1984 1984 1985 1985 1986 1986 1987 1987 1988 1988 1989 1989 1990 1990 1991 1991 1992 1992 1993 1993 1994 1994 1995 1995 1996 1996 1997 1997 1998 1998 1999 1999 0 
        </DataArray>
        <DataArray type="Int64" Name="offsets" format="ascii">
2 4 6 8 10 12 14 16 18 20 22 24 26 28 30 32 34 36 38 40 42 44 46 48 50 52 54 56 58 60 62 64 66 68 70 72 74 76 78 80 82 84 86 88 90 92 94 96 98 100 102 104 106 108 110 112 114 116 118 120 122 124 126 128 130 132 134 136 138 140 142 144 146 148 150 152 154 156 158 160 162 164 166 168 170 172 174 176 178 180 182 184 186 188 190 192 194 196 198 200 202 204 206 208 210 212 214 216 218 220 222 224 226 228 230 232 234 236 238 240 242 244 246 248 250 252 254 256 258 260 262 264 266 268 270 272 274 276 278 280 282 284 286 288 290 292 294 296 298 300 302 304 306 308 310 312 314 316 318 320 322 324 326 328 330 332 334 336 338 340 342 344 346 348 350 352 354 356 358 360 362 364 366 368 370 372 374 376 378 380 382 384 386 388 390 392 394 396 398 400 402 404 406 408 410 412 414 416 418 420 422 424 426 428 430 432 434 436 438 440 442 444 446 448 450 452 454 456 458 460 462 464 466 468 470 472 474 476 478 480 482 484 486 488 490 492 494 496 498 500 502 504 506 508 510 512 514 516 518 520 522 524 526 528 530 532 534 536 538 540 542 544 546 548 550 552 554 556 558 560 562 564 566 568 570 572 574 576 578 580 582 584 586 588 590 592 594 596 598 600 602 604 606 608 610 612 614 616 618 620 622 624 626 628 630 632 634 636 638 640 642 644 646 648 650 652 654 656 658 660 662 664 666 668 670 672 674 676 678 680 682 684 686 688 690 692 694 696 698 700 702 704 706 708 710 712 714 716 718 720 722 724 726 728 730 732 734 736 738 740 742 744 746 748 750 752 754 756 758 760 762 764 766 768 770 772 774 776 778 780 782 784 786 788 790 792 794 796 798 800 802 804 806 808 810 812 814 816 818 820 822 824 826 828 830 832 834 836 838 840 842 844 846 848 850 852 854 856 858 860 862 864 866 868 870 872 874 876 878 880 882 884 886 888 890 892 894 896 898 900 902 904 906 908 910 912 914 916 918 920 922 924 926 928 930 932 934 936 938 940 942 944 946 948 950 952 954 956 958 960 962 964 966 968 970 972 974 976 978 980 982 984 986 988 990 992 994 996 998 1000 1002 1004 1006 1008 1010 1012 1014 1016 1018 1020 1022 1024 1026 1028 1030 1032 1034 1036 1038 1040 1042 1044 1046 1048 1050 1052 1054 1056 1058 1060 1062 1064 1066 1068 1070 1072 1074 1076 1078 1080 1082 1084 1086 1088 1090 1092 1094 1096 1098 1100 1102 1104 1106 1108 1110 1112 1114 1116 1118 1120 1122 1124 1126 1128 1130 1132 1134 1136 1138 1140 1142 1144 1146 1148 1150 1152 1154 1156 1158 1160 1162 1164 1166 1168 1170 1172 1174 1176 1178 1180 1182 1184 1186 1188 1190 1192 1194 1196 1198 1200 1202 1204 1206 1208 1210 1212 1214 1216 1218 1220 1222 1224 1226 1228 1230 1232 1234 1236 1238 1240 1242 1244 1246 1248 1250 1252 1254 1256 1258 1260 1262 1264 1266 1268 1270 1272 1274 1276 1278 1280 1282 1284 1286 1288 1290 1292 1294 1296 1298 1300 1302 1304 1306 1308 1310 1312 1314 1316 1318 1320 1322 1324 1326 1328 1330 1332 1334 1336 1338 1340 1342 1344 1346 1348 1350 1352 1354 1356 1358 1360 1362 1364 1366 1368 1370 1372 1374 1376 1378 1380 1382 1384 1386 1388 1390 1392 1394 1396 1398 1400 1402 1404 1406 1408 1410 1412 1414 1416 1418 1420 1422 1424 1426 1428 1430 1432 1434 1436 1438 1440 1442 1444 1446 1448 1450 1452 1454 1456 1458 1460 1462 1464 1466 1468 1470 1472 1474 1476 1478 1480 1482 1484 1486 1488 1490 1492 1494 1496 1498 1500 1502 1504 1506 1508 1510 1512 1514 1516 1518 1520 1522 1524 1526 1528 1530 1532 1534 1536 1538 1540 1542 1544 1546 1548 1550 1552 1554 1556 1558 1560 1562 1564 1566 1568 1570 1572 1574 1576 1578 1580 1582 1584 1586 1588 1590 1592 1594 1596 1598 1600 1602 1604 1606 1608 1610 1612 1614 1616 1618 1620 1622 1624 1626 1628 1630 1632 1634 1636 1638 1640 1642 1644 1646 1648 1650 1652 1654 1656 1658 1660 1662 1664 1666 1668 1670 1672 1674 1676 1678 1680 1682 1684 1686 1688 1690 1692 1694 1696 1698 1700 1702 1704 1706 1708 1710 1712 1714 1716 1718 1720 1722 1724 1726 1728 1730 1732 1734 1736 1738 1740 1742 1744 1746 1748 1750 1752 1754 1756 1758 1760 1762 1764 1766 1768 1770 1772 1774 1776 1778 1780 1782 1784 1786 1788 1790 1792 1794 1796 1798 1800 1802 1804 1806 1808 1810 1812 1814 1816 1818 1820 1822 1824 1826 1828 1830 1832 1834 1836 1838 1840 1842 1844 1846 1848 1850 1852 1854 1856 1858 1860 1862 1864 1866 1868 1870 1872 1874 1876 1878 1880 1882 1884 1886 1888 1890 1892 1894 1896 1898 1900 1902 1904 1906 1908 1910 1912 1914 1916 1918 1920 1922 1924 1926 1928 1930 1932 1934 1936 1938 1940 1942 1944 1946 1948 1950 1952 1954 1956 1958 1960 1962 1964 1966 1968 1970 1972 1974 1976 1978 1980 1982 1984 1986 1988 1990 1992 1994 1996 1998 2000 2002 2004 2006 2008 2010 2012 2014 2016 2018 2020 2022 2024 2026 2028 2030 2032 2034 2036 2038 2040 2042 2044 2046 2048 2050 2052 2054 2056 2058 2060 2062 2064 2066 2068 2070 2072 2074 2076 2078 2080 2082 2084 2086 2088 2090 2092 2094 2096 2098 2100 2102 2104 2106 2108 2110 2112 2114 2116 2118 2120 2122 2124 2126 2128 2130 2132 2134 2136 2138 2140 2142 2144 2146 2148 2150 2152 2154 2156 2158 2160 2162 2164 2166 2168 2170 2172 2174 2176 2178 2180 2182 2184 2186 2188 2190 2192 2194 2196 2198 2200 2202 2204 2206 2208 2210 2212 2214 2216 2218 2220 2222 2224 2226 2228 2230 2232 2234 2236 2238 2240 2242 2244 2246 2248 2250 2252 2254 2256 2258 2260 2262 2264 2266 2268 2270 2272 2274 2276 2278 2280 2282 2284 2286 2288 2290 2292 2294 2296 2298 2300 2302 2304 2306 2308 2310 2312 2314 2316 2318 2320 2322 2324 2326 2328 2330 2332 2334 2336 2338 2340 2342 2344 2346 2348 2350 2352 2354 2356 2358 2360 2362 2364 2366 2368 2370 2372 2374 2376 2378 2380 2382 2384 2386 2388 2390 2392 2394 2396 2398 2400 2402 2404 2406 2408 2410 2412 2414 2416 2418 2420 2422 2424 2426 2428 2430 2432 2434 2436 2438 2440 2442 2444 2446 2448 2450 2452 2454 2456 2458 2460 2462 2464 2466 2468 2470 2472 2474 2476 2478 2480 2482 2484 2486 2488 2490 2492 2494 2496 2498 2500 2502 2504 2506 2508 2510 2512 2514 2516 2518 2520 2522 2524 2526 2528 2530 2532 2534 2536 2538 2540 2542 2544 2546 2548 2550 2552 2554 2556 2558 2560 2562 2564 2566 2568 2570 2572 2574 2576 2578 2580 2582 2584 2586 2588 2590 2592 2594 2596 2598 2600 2602 2604 2606 2608 2610 2612 2614 2616 2618 2620 2622 2624 2626 2628 2630 2632 2634 2636 2638 2640 2642 2644 2646 2648 2650 2652 2654 2656 2658 2660 2662 2664 2666 2668 2670 2672 2674 2676 2678 2680 2682 2684 2686 2688 2690 2692 2694 2696 2698 2700 2702 2704 2706 2708 2710 2712 2714 2716 2718 2720 2722 2724 2726 2728 2730 2732 2734 2736 2738 2740 2742 2744 2746 2748 2750 2752 2754 2756 2758 2760 2762 2764 2766 2768 2770 2772 2774 2776 2778 2780 2782 2784 2786 2788 2790 2792 2794 2796 2798 2800 2802 2804 2806 2808 2810 2812 2814 2816 2818 2820 2822 2824 2826 2828 2830 2832 2834 2836 2838 2840 2842 2844 2846 2848 2850 2852 2854 2856 2858 2860 2862 2864 2866 2868 2870 2872 2874 2876 2878 2880 2882 2884 2886 2888 2890 2892 2894 2896 2898 2900 2902 2904 2906 2908 2910 2912 2914 2916 2918 2920 2922 2924 2926 2928 2930 2932 2934 2936 2938 2940 2942 2944 2946 2948 2950 2952 2954 2956 2958 2960 2962 2964 2966 2968 2970 2972 2974 2976 2978 2980 2982 2984 2986 2988 2990 2992 2994 2996 2998 3000 3002 3004 3006 3008 3010 3012 3014 3016 3018 3020 3022 3024 3026 3028 3030 3032 3034 3036 3038 3040 3042 3044 3046 3048 3050 3052 3054 3056 3058 3060 3062 3064 3066 3068 3070 3072 3074 3076 3078 3080 3082 3084 3086 3088 3090 3092 3094 3096 3098 3100 3102 3104 3106 3108 3110 3112 3114 3116 3118 3120 3122 3124 3126 3128 3130 3132 3134 3136 3138 3140 3142 3144 3146 3148 3150 3152 3154 3156 3158 3160 3162 3164 3166 3168 3170 3172 3174 3176 3178 3180 3182 3184 3186 3188 3190 3192 3194 3196 3198 3200 3202 3204 3206 3208 3210 3212 3214 3216 3218 3220 3222 3224 3226 3228 3230 3232 3234 3236 3238 3240 3242 3244 3246 3248 3250 3252 3254 3256 3258 3260 3262 3264 3266 3268 3270 3272 3274 3276 3278 3280 3282 3284 3286 3288 3290 3292 3294 3296 3298 3300 3302 3304 3306 3308 3310 3312 3314 3316 3318 3320 3322 3324 3326 3328 3330 3332 3334 3336 3338 3340 3342 3344 3346 3348 3350 3352 3354 3356 3358 3360 3362 3364 3366 3368 3370 3372 3374 3376 3378 3380 3382 3384 3386 3388 3390 3392 3394 3396 3398 3400 3402 3404 3406 3408 3410 3412 3414 3416 3418 3420 3422 3424 3426 3428 3430 3432 3434 3436 3438 3440 3442 3444 3446 3448 3450 3452 3454 3456 3458 3460 3462 3464 3466 3468 3470 3472 3474 3476 3478 3480 3482 3484 3486 3488 3490 3492 3494 3496 3498 3500 3502 3504 3506 3508 3510 3512 3514 3516 3518 3520 3522 3524 3526 3528 3530 3532 3534 3536 3538 3540 3542 3544 3546 3548 3550 3552 3554 3556 3558 3560 3562 3564 3566 3568 3570 3572 3574 3576 3578 3580 3582 3584 3586 3588 3590 3592 3594 3596 3598 3600 3602 3604 3606 3608 3610 3612 3614 3616 3618 3620 3622 3624 3626 3628 3630 3632 3634 3636 3638 3640 3642 3644 3646 3648 3650 3652 3654 3656 3658 3660 3662 3664 3666 3668 3670 3672 3674 3676 3678 3680 3682 3684 3686 3688 3690 3692 3694 3696 3698 3700 3702 3704 3706 3708 3710 3712 3714 3716 3718 3720 3722 3724 3726 3728 3730 3732 3734 3736 3738 3740 3742 3744 3746 3748 3750 3752 3754 3756 3758 3760 3762 3764 3766 3768 3770 3772 3774 3776 3778 3780 3782 3784 3786 3788 3790 3792 3794 3796 3798 3800 3802 3804 3806 3808 3810 3812 3814 3816 3818 3820 3822 3824 3826 3828 3830 3832 3834 3836 3838 3840 3842 3844 3846 3848 3850 3852 3854 3856 3858 3860 3862 3864 3866 3868 3870 3872 3874 3876 3878 3880 3882 3884 3886 3888 3890 3892 3894 3896 3898 3900 3902 3904 3906 3908 3910 3912 3914 3916 3918 3920 3922 3924 3926 3928 3930 3932 3934 3936 3938 3940 3942 3944 3946 3948 3950 3952 3954 3956 3958 3960 3962 3964 3966 3968 3970 3972 3974 3976 3978 3980 3982 3984 3986 3988 3990 3992 3994 3996 3998 4000 
        </DataArray>
      </Polys>
      <CellData Scalars="Pressure">
        <DataArray type="Float64" Name="Pressure" format="ascii">
579444 573449 567685 562655 557534 552343 546623 540979 535384 530588 525708 520867 515554 510304 504947 500283 495540 490875 485737 480625 475404 469762 463896 458090 452653 447479 442223 436789 431101 425484 420453 416086 411678 411822 407026 402331 397998 394268 390475 384287 380218 376035 371588 367027 362240 357390 352889 348432 343869 339325 334682 330094 325938 322054 318179 319861 316451 313235 307136 303651 299824 295837 291717 287548 283201 278862 274378 269941 265902 261959 257984 259884 256531 253368 247749 244553 240982 237417 233806 230129 226382 222715 218837 215251 216198 213265 219470 219607 218355 215734 223756 230933 234916 257012 298865 333069 500311 741834 976925 1.16519e+06 1.17965e+06 1.18994e+06 1.19635e+06 1.20378e+06 1.21162e+06 1.22434e+06 1.22167e+06 1.22069e+06 1.21958e+06 1.21653e+06 1.21061e+06 1.20486e+06 1.19964e+06 1.19865e+06 1.19861e+06 1.19811e+06 1.1989e+06 1.20066e+06 1.20278e+06 1.20678e+06 1.21248e+06 1.21816e+06 1.2235e+06 1.22883e+06 1.23426e+06 1.23941e+06 1.24563e+06 1.25059e+06 1.25557e+06 1.25898e+06 1.25943e+06 1.26137e+06 1.26322e+06 1.26328e+06 1.26337e+06 1.26348e+06 1.26289e+06 1.26213e+06 1.2596e+06 1.26088e+06 1.26089e+06 1.26114e+06 1.26163e+06 1.2621e+06 1.26254e+06 1.26076e+06 1.26288e+06 1.26288e+06 1.26272e+06 1.26228e+06 1.26023e+06 1.25788e+06 1.25415e+06 1.25223e+06 1.2482e+06 1.24396e+06 1.23908e+06 1.23222e+06 1.2248e+06 1.2151e+06 1.2096e+06 1.20158e+06 1.19278e+06 1.18346e+06 1.1735e+06 1.16257e+06 1.15351e+06 1.16032e+06 1.15568e+06 1.14913e+06 1.14044e+06 1.12208e+06 1.11151e+06 1.10035e+06 1.08985e+06 1.08001e+06 1.07045e+06 1.06084e+06 1.05379e+06 1.04638e+06 1.03894e+06 1.03188e+06 1.02606e+06 1.02022e+06 1.0146e+06 1.00844e+06 1.00306e+06 997974 992896 986597 980071 973666 967223 964428 965706 963538 966446 964734 963271 962884 961894 960843 960269 960191 959669 959606 959547 960023 959791 962224 963522 964778 966855 969164 971493 974433 977511 980642 984055 986983 990461 993442 996624 999904 1.00245e+06 1.00455e+06 1.00683e+06 1.00922e+06 1.01115e+06 1.01266e+06 1.01311e+06 1.01505e+06 1.01608e+06 1.01641e+06 1.01739e+06 1.01743e+06 1.01779e+06 1.01781e+06 1.01741e+06 1.01745e+06 1.01768e+06 1.01734e+06 1.01711e+06 1.01612e+06 1.01621e+06 1.01569e+06 1.01537e+06 1.0145e+06 1.01425e+06 1.01427e+06 1.01395e+06 1.01328e+06 1.01313e+06 1.01362e+06 1.01345e+06 1.01328e+06 1.01257e+06 1.01193e+06 1.01164e+06 1.0114e+06 1.01173e+06 1.01136e+06 1.01329e+06 1.01365e+06 1.01249e+06 1.01258e+06 1.00987e+06 1.00296e+06 1.00414e+06 1.00444e+06 1.00031e+06 999180 997889 996172 994176 991967 989545 987279 984908 982509 979840 977215 974369 971527 968676 965552 962824 959889 956619 953913 950700 946793 943633 941583 937460 935298 931624 928476 925234 922007 921057 917806 919312 917349 914772 912267 906364 904611 905400 906197 906996 908437 907732 907594 907565 908240 908092 907136 907088 907014 907030 907155 908154 907278 906981 906723 907207 906885 906479 905348 904698 904059 903408 903407 902478 901242 900323 899475 898658 897897 897653 896860 896678 896644 897438 898875 900912 899972 905376 905457 905384 898888 893703 890770 892752 888289 886814 886043 894475 900274 903650 903566 902211 904045 906456 910149 913485 916358 919206 920731 922067 922835 922874 922931 923701 923509 923109 922596 921466 919895 918234 916229 913807 911394 909088 906268 902882 899876 896945 894056 891090 888149 885145 882177 879335 878081 876821 875748 874460 872952 871178 871992 873581 875384 878881 878758 880508 882961 887381 892157 896783 898111 899251 900170 909382 921468 942239 934390 920829 908408 902680 901468 900049 899556 900668 901728 905876 907578 909449 904218 909310 913848 917993 921661 925297 928797 931507 933769 935910 936855 937148 937457 938063 937632 937151 936622 935196 933788 932224 930243 928256 926177 922477 918842 915150 912988 910823 908693 907148 905851 904662 905905 907431 908916 911489 915186 919185 919915 921584 923219 922563 918929 914968 910150 904020 898127 888036 865368 840617 780082 543628 311794 95370.5 78882.7 62937.8 47986.4 48635.6 49410.2 50192.7 50769.5 51327.9 51867.4 52505.4 53143.4 53781.2 54406.6 55034.7 55642.3 56300.2 56963 57626.1 58265.2 58902.1 59518.3 60159.5 60805.2 61450 62113.7 62837.7 63539.2 64253.2 64967.3 65679.7 66398.4 67219.6 68015.6 68819.3 69631.3 70440.7 71231.3 72184.9 73110.7 74039.2 74990.7 75943.5 76865.1 77984.9 79106.3 80240.3 81366.2 82507 83621.4 84758 90769.1 91912 93010.7 94100.7 95125.6 90805.8 92083.6 93391.9 94651.6 95847.7 96987.1 98158.5 99407.1 100636 101847 103294 104699 106110 107530 108952 110330 111762 119550 120993 122338 123644 124846 119817 121773 123832 125710 127408 129058 130794 132639 134515 136359 138206 145884 147759 149574 151346 153108 148287 150766 153367 155535 157482 159322 161282 163309 172618 167017 169090 171201 173383 175244 177066 178786 180728 182625 184515 194530 196322 197940 191560 194776 198336 201786 204112 206308 208444 218417 220870 223237 217012 220434 224210 227396 229490 231386 241793 244090 246196 248536 242314 245932 249677 252867 264935 267549 260232 263869 267736 271710 274946 277941 290632 292822 294793 307226 288814 292505 296519 300726 311768 313585 315193 307844 312399 317342 322840 333017 334936 336719 330422 334248 338211 342135 352561 353868 355307 347695 351285 354892 358529 369911 371302 372934 364067 367388 370761 385518 377230 379975 382740 384805 385494 396474 398136 389456 392927 396114 398585 409950 409686 411415 401583 406124 410359 430424 421674 427429 432843 437493 454592 457636 460609 447544 453681 461043 477829 474182 471869 467979 462378 464794 461154 458733 451092 453569 467860 469534 458992 463994 468252 488541 477264 482956 488279 493057 497304 502628 507606 512076 516030 530838 533111 537817 530414 534924 552217 556388 547870 552942 557363 575198 564908 569420 574771 588870 583941 576921 568998 560431 552640 555865 558305 559881 560645 564654 568010 570175 571223 574285 578634 581561 583164 584814 591215 596499 600840 604098 611746 619399 626215 631972 639296 647620 654340 659236 685371 672166 682289 692291 712550 712565 705455 697110 678416 683072 676146 680696 696210 698672 703501 695422 709294 710238 714504 721459 708066 715803 722605 728252 752372 740608 746706 751263 774884 785624 771155 782861 820570 818433 801494 797682 783874 772583 760471 747934 742099 744767 744063 740023 753823 741020 747554 753373 759725 765226 770059 774266 777279 778962 779374 791013 795760 782101 786403 790923 794289 796397 814657 803009 805626 818983 818030 819523 820585 806749 808890 809570 808819 820013 822941 810669 813519 816515 818480 819357 834744 822845 827549 833133 840012 845647 850233 876583 862718 873490 886508 900367 912399 935763 940157 937507 940471 938489 934715 931694 939484 942906 932287 936033 940721 944840 948231 960945 966140 971376 959351 965504 971659 977614 985548 992701 998686 1.01931e+06 1.02721e+06 1.01705e+06 1.02545e+06 1.03604e+06 1.0453e+06 1.05295e+06 1.06915e+06 1.0768e+06 1.08471e+06 1.07482e+06 1.08485e+06 1.09429e+06 1.10435e+06 1.11496e+06 1.12446e+06 1.14234e+06 1.15072e+06 1.15936e+06 1.16845e+06 1.15962e+06 1.17045e+06 1.18113e+06 1.19281e+06 1.20451e+06 1.21599e+06 1.22735e+06 1.23873e+06 1.24878e+06 1.27439e+06 1.28598e+06 1.27838e+06 1.29012e+06 1.30607e+06 1.32149e+06 1.33669e+06 1.35231e+06 1.36733e+06 1.38084e+06 1.40188e+06 1.41321e+06 1.42527e+06 1.4377e+06 1.43637e+06 1.45173e+06 1.46844e+06 1.48755e+06 1.50673e+06 1.52537e+06 1.54393e+06 1.562e+06 1.58018e+06 1.59843e+06 1.61616e+06 1.6327e+06 1.65943e+06 1.67495e+06 1.67409e+06 1.69262e+06 1.71407e+06 1.73533e+06 1.75821e+06 1.78192e+06 1.8059e+06 1.82944e+06 1.85341e+06 1.87697e+06 1.90141e+06 1.92678e+06 1.95175e+06 1.98421e+06 2.0022e+06 2.01948e+06 2.03736e+06 2.0589e+06 2.0823e+06 2.08944e+06 2.11686e+06 2.14457e+06 2.17265e+06 2.19738e+06 2.2217e+06 2.24574e+06 2.27326e+06 2.30178e+06 2.33059e+06 2.35792e+06 2.38504e+06 2.4118e+06 2.44204e+06 2.4753e+06 2.50899e+06 2.53882e+06 2.56323e+06 2.58739e+06 2.61592e+06 2.65459e+06 2.69384e+06 2.73241e+06 2.7717e+06 2.81013e+06 2.84819e+06 2.877e+06 2.90633e+06 2.93522e+06 2.98449e+06 3.01848e+06 3.05333e+06 3.08525e+06 3.11763e+06 3.14923e+06 3.185e+06 3.22075e+06 3.25733e+06 3.29131e+06 3.32546e+06 3.35874e+06 3.39425e+06 3.42962e+06 3.46583e+06 3.50296e+06 3.54235e+06 3.58077e+06 3.61842e+06 3.65352e+06 3.68945e+06 3.72595e+06 3.76533e+06 3.80378e+06 3.84139e+06 3.87499e+06 3.90935e+06 3.94546e+06 3.9892e+06 4.03209e+06 4.07333e+06 4.10693e+06 4.14058e+06 4.17303e+06 4.20408e+06 4.23436e+06 4.26483e+06 4.29525e+06 4.32636e+06 4.35713e+06 4.3858e+06 4.41368e+06 4.44206e+06 4.46995e+06 4.49842e+06 4.52658e+06 4.55224e+06 4.57614e+06 4.60047e+06 4.62365e+06 4.64675e+06 4.66956e+06 4.69105e+06 4.71042e+06 4.73015e+06 4.74945e+06 4.76895e+06 4.79328e+06 4.81054e+06 4.82548e+06 4.84115e+06 4.85185e+06 4.86112e+06 4.87002e+06 4.87881e+06 4.88684e+06 4.89506e+06 4.9032e+06 4.90904e+06 4.91465e+06 4.92047e+06 4.92507e+06 4.92952e+06 4.93403e+06 4.93778e+06 4.94103e+06 4.94996e+06 4.95186e+06 4.95394e+06 4.95653e+06 4.95325e+06 4.94916e+06 4.94468e+06 4.93979e+06 4.93418e+06 4.92875e+06 4.92323e+06 4.91615e+06 4.90922e+06 4.90267e+06 4.90038e+06 4.89597e+06 4.89256e+06 4.89316e+06 4.89265e+06 4.89218e+06 4.89192e+06 4.89187e+06 4.89187e+06 4.8886e+06 4.87778e+06 4.8666e+06 4.86078e+06 4.85764e+06 4.85429e+06 4.84008e+06 4.78669e+06 4.74552e+06 4.70562e+06 4.68273e+06 4.6683e+06 4.65647e+06 4.64123e+06 4.6132e+06 4.59187e+06 4.56226e+06 4.53405e+06 4.5075e+06 4.48176e+06 4.44935e+06 4.41703e+06 4.3861e+06 4.35158e+06 4.31183e+06 4.27577e+06 4.2337e+06 4.19143e+06 4.151e+06 4.11058e+06 4.06859e+06 4.02623e+06 3.98418e+06 3.94596e+06 3.90931e+06 3.87248e+06 3.82232e+06 3.78731e+06 3.7547e+06 3.72257e+06 3.68859e+06 3.65779e+06 3.62442e+06 3.57305e+06 3.53702e+06 3.50129e+06 3.46857e+06 3.43835e+06 3.4103e+06 3.37844e+06 3.34501e+06 3.31226e+06 3.28126e+06 3.25065e+06 3.22095e+06 3.19118e+06 3.17857e+06 3.15216e+06 3.12764e+06 3.09868e+06 3.05264e+06 3.02761e+06 3.00476e+06 2.99298e+06 2.96873e+06 2.95259e+06 2.89792e+06 2.87157e+06 2.84739e+06 2.8246e+06 2.7986e+06 2.77107e+06 2.74511e+06 2.72012e+06 2.70163e+06 2.68442e+06 2.68353e+06 2.65292e+06 2.63846e+06 2.62495e+06 2.61283e+06 2.59846e+06 2.5969e+06 2.58067e+06 2.54237e+06 2.51755e+06 2.49355e+06 2.46957e+06 2.46772e+06 2.44851e+06 2.43085e+06 2.39175e+06 2.37243e+06 2.3537e+06 2.35149e+06 2.31554e+06 2.29616e+06 2.27787e+06 2.26129e+06 2.24574e+06 2.24569e+06 2.23055e+06 2.19314e+06 2.17232e+06 2.15194e+06 2.13134e+06 2.10712e+06 2.08253e+06 2.05944e+06 2.03706e+06 2.01734e+06 2.01742e+06 2.00085e+06 2.0022e+06 2.00589e+06 2.03445e+06 2.07229e+06 2.13251e+06 2.15125e+06 2.1586e+06 2.15429e+06 2.13593e+06 2.07798e+06 2.02222e+06 1.97049e+06 1.92002e+06 1.94374e+06 1.89957e+06 1.87156e+06 1.83974e+06 1.8282e+06 1.83575e+06 1.82279e+06 1.79279e+06 1.77786e+06 1.76277e+06 1.76324e+06 1.73266e+06 1.71773e+06 1.70231e+06 1.68691e+06 1.6708e+06 1.65428e+06 1.63692e+06 1.6193e+06 1.60088e+06 1.58189e+06 1.56239e+06 1.5432e+06 1.52397e+06 1.52638e+06 1.5085e+06 1.4967e+06 1.47616e+06 1.46484e+06 1.46234e+06 1.44941e+06 1.43595e+06 1.40702e+06 1.40808e+06 1.39371e+06 1.38107e+06 1.3539e+06 1.34128e+06 1.34353e+06 1.33124e+06 1.30536e+06 1.2941e+06 1.29773e+06 1.28609e+06 1.2733e+06 1.24237e+06 1.24753e+06 1.23456e+06 1.22343e+06 1.19592e+06 1.18461e+06 1.1889e+06 1.17994e+06 1.17177e+06 1.15216e+06 1.13985e+06 1.12624e+06 1.11219e+06 1.0984e+06 1.10153e+06 1.11528e+06 1.12835e+06 1.14032e+06 1.12874e+06 1.09675e+06 1.06738e+06 1.0416e+06 1.05375e+06 1.01293e+06 1.00072e+06 987644 996885 985261 959148 950859 959775 953178 948520 928959 923056 917020 911129 905573 897801 889299 881027 873251 885901 865462 860636 870230 863927 859361 841047 834354 824975 815493 805594 803072 807765 811612 814745 816210 807426 784078 775255 762356 749896 738278 746771 716102 704715 693733 702724 700518 697713 679784 672388 665836 659907 672038 668973 654224 651087 645691 640641 636100 647130 630122 627608 624842 619680 615055 610941 606085 598470 591150 583883 605334 588284 583359 566755 558013 548969 550829 545509 545494 544241 542349 545343 547437 547347 543657 540945 539292 529890 520508 512587 503317 492008 482077 494401 487477 463343 456771 450001 443304 436443 446458 443253 439744 435515 419498 415183 410803 405750 400891 396170 404155 401296 388579 385314 381372 377365 373388 368284 363509 358901 365957 362558 350016 346685 343423 340054 336244 331459 326937 332577 329292 326126 322949 310765 307548 304271 301189 298099 295027 291630 288120 284677 290739 288283 285782 275518 272090 268675 265382 262966 260559 258037 254690 251273 248119 255178 253061 250819 248569 237601 235312 232964 230639 228269 226066 224291 222482 220606 218946 217210 215454 213620 211842 210060 216415 214969 213487 211657 202733 200592 198700 196888 195082 193177 191241 189257 187418 185704 183979 182158 180280 178351 176472 174687 172897 171044 169194 167297 165412 163416 161445 159432 157407 155329 153267 157033 154982 152863 150945 149029 147140 145205 143314 141360 139542 137745 135977 134179 132439 130644 128877 127051 125258 123459 121785 120058 118369 116641 114945 113204 111531 109805 108170 106882 105627 101823 100585 99277 97938.5 96528.9 95099.1 93598.4 92168.2 90688.1 89185.4 87316.4 85399.3 83488.7 114295 167213 223685 377150 599889 822742 950422 969742 986761 995441 991804 988519 986862 989081 991475 993454 995548 992989 990409 987054 983991 981041 975861 972248 968651 964459 960271 956099 950472 943794 937062 937502 944928 953146 956652 949854 945775 942035 943810 945839 947820 947619 947456 947329 947565 947816 948054 948260 948439 950656 950778 950888 950986 949594 949442 949250 949135 949295 949343 949205 947684 946939 945435 943943 942621 941243 940177 939293 938432 937301 935823 934354 933062 931848 930601 929246 927954 926620 925287 923958 922675 921378 919664 917803 915968 914233 912905 911608 910385 908907 907117 905580 904587 903550 902602 901672 900652 899657 898722 897013 896079 895102 894917 894155 893448 892937 893328 893267 893690 893614 894065 894796 895116 894448 892565 892544 892465 892923 893601 893191 891529 889298 888654 888383 888130 887884 887004 885517 882564 882092 880416 878649 876849 874612 870873 868224 867727 864560 861054 857090 852358 848830 845253 842320 840473 837548 833725 831515 827905 823910 819659 816626 814737 812086 806078 806547 808431 811797 813088 810223 807184 803867 770697 712813 641905 492444 366422 267020 197578 166049 168796 171525 174147 176153 179796 181031 182524 181503 183088 187421 189564 188610 191158 193777 200142 199518 202754 206142 209572 216981 220516 224061 228322 227575 236934 241334 247412 248474 255428 268324 265114 265857 261422 256830 253956 254107 257235 260326 267131 267670 272433 277338 282223 286950 291156 295499 299838 304306 308752 313370 318009 322823 327797 333067 338453 344134 350453 358131 366472 375752 385929 404643 425048 447821 472216 489381 496837 502101 505003 498148 494543 490162 487249 487843 486774 488191 489949 494161 496935 497796 501041 506987 510714 514719 516740 521205 526113 531514 537232 542056 546681 551912 557577 565677 568890 575606 583222 595795 604673 610952 620925 635930 647232 658271 667044 677014 686786 696685 707414 713475 719847 726351 734425 740020 745074 749706 754369 759204 764210 772136 773746 779811 786753 801571 808825 815138 820963 830027 839579 849317 857557 864143 869463 874155 879432 885255 891100 896365 902706 908318 913909 919363 924829 930256 936221 941807 947313 952911 957788 962711 967373 972709 977586 982437 987099 990788 994616 998451 1.00251e+06 1.00673e+06 1.01068e+06 1.01449e+06 1.01679e+06 1.01943e+06 1.02205e+06 1.02492e+06 1.02782e+06 1.03064e+06 1.03332e+06 1.03446e+06 1.03671e+06 1.0385e+06 1.04036e+06 1.04174e+06 1.04339e+06 1.04508e+06 1.04667e+06 1.04842e+06 1.05025e+06 1.05052e+06 1.05049e+06 1.0543e+06 1.05384e+06 1.05257e+06 1.05069e+06 1.04076e+06 1.03938e+06 1.03807e+06 1.0369e+06 1.03241e+06 1.03296e+06 1.03326e+06 1.03298e+06 1.03242e+06 1.03192e+06 1.03367e+06 1.03218e+06 1.03079e+06 1.02887e+06 1.02645e+06 1.02425e+06 1.0222e+06 1.02026e+06 1.01851e+06 1.01704e+06 1.01814e+06 1.01542e+06 1.01286e+06 1.00899e+06 1.00636e+06 1.00393e+06 1.0016e+06 999178 996909 994861 993167 991553 989924 989133 984278 980872 977354 973829 970460 967613 965370 963102 963830 959290 954497 950048 945648 937748 933285 928452 923548 918867 914617 910652 906608 902702 898755 894789 893901 887998 882178 876716 871570 861345 856055 851208 846349 841635 837714 833886 829988 826552 823077 819601 815040 810207 805316 801153 797267 793382 792116 785273 778386 771875 765547 753337 746552 739457 732267 725295 718531 711869 705485 702048 698483 694864 688899 683032 677067 672823 668583 664380 658792 653069 647259 642734 638488 634288 629283 624015 618657 614056 609835 605663 600999 596015 590938 585524 
        </DataArray>
        <DataArray type="Float64" Name="Temperature" format="ascii">
938.754 935.866 933.057 930.54 927.976 925.379 922.527 919.712 916.907 914.435 911.919 909.421 906.674 903.959 901.19 898.726 896.221 893.755 890.968 888.187 885.347 882.278 879.086 875.925 872.881 869.948 866.962 863.852 860.586 857.36 854.399 851.759 849.09 849.082 846.211 843.396 840.763 838.456 836.102 832.264 829.676 827.014 824.174 821.204 818.086 814.924 811.896 808.887 805.799 802.711 799.546 796.41 793.5 790.753 788.001 789.028 786.549 784.201 779.822 777.219 774.361 771.359 768.209 765.015 761.662 758.264 754.742 751.243 747.999 744.82 741.602 742.962 740.201 737.577 732.91 730.148 727.064 723.956 720.777 717.526 714.175 710.845 707.309 704.029 704.799 702.126 699.397 697.496 694.804 691.397 703.052 712.803 717.397 741.89 789.817 847.203 957.702 1091.28 1218.2 1318.58 1334.18 1347.53 1359.06 1371.59 1384.06 1402.8 1401.52 1403.78 1406.17 1406.55 1403.81 1401.16 1398.37 1394.43 1390.71 1387.31 1384.77 1383.78 1382.94 1385.01 1389.69 1394.26 1407.64 1421.39 1435.2 1451.9 1468.58 1491.01 1513.39 1534.63 1565.82 1585.98 1595.31 1612.82 1630.87 1648.86 1664.31 1677.56 1697.93 1673.74 1618.8 1562.03 1501.52 1445.07 1391.5 1324.37 1319.54 1315.39 1311.5 1308.29 1308 1307.71 1306.75 1306.83 1305.84 1304.74 1303.19 1300.04 1296.73 1291.72 1289.35 1285.55 1281.7 1277.97 1274.67 1270.07 1267.23 1271 1269.25 1266.79 1263.53 1257.92 1255.5 1252.8 1250.24 1247.32 1244.48 1240.71 1238.41 1235.09 1231.69 1228.35 1225.27 1221.59 1218.74 1216.27 1213.65 1211.31 1208.29 1206.49 1203.87 1201.41 1199.03 1198.15 1198 1197.49 1197.8 1197.18 1197.45 1197.17 1197.74 1197.86 1198.31 1199.06 1197.94 1198.74 1196.95 1199.2 1200.87 1200.48 1202.05 1202.19 1204.89 1206.25 1205.53 1206.59 1210.3 1211.33 1213.18 1210.83 1215.55 1216.25 1217.68 1219.78 1220.34 1220.33 1220.95 1222.19 1223.45 1221.17 1216.16 1222.41 1227.17 1223.44 1225.68 1225.08 1229.92 1230.72 1227.05 1228.02 1232.95 1233.27 1235.31 1230.62 1236.88 1236.63 1238.52 1234.19 1234 1241.52 1242.81 1237.84 1239.76 1248.06 1248.82 1252.07 1246.78 1256.61 1257.35 1260.89 1258.01 1258.22 1269.5 1271.7 1265.99 1270.99 1264.27 1260.09 1252.18 1242.52 1241.9 1240.24 1237.29 1235.29 1233.66 1232.45 1230.74 1228.64 1227.17 1226.37 1221.2 1223.88 1222.08 1221.13 1216.93 1215.66 1216.74 1215.1 1211.56 1210.92 1208.18 1208.73 1205.12 1199.84 1202.37 1200.11 1200.9 1198.4 1196.03 1193.87 1191.73 1191.7 1189.21 1188.97 1191.65 1190.68 1190.05 1189.79 1190.75 1191.81 1192.99 1192.84 1194.2 1194.36 1194.72 1194.48 1194 1194.37 1194.12 1194.08 1194.2 1194.5 1194.44 1195.04 1195.06 1195.21 1195.36 1195.16 1194.81 1194.62 1194.16 1193.73 1193.3 1192.71 1191.73 1191.25 1190.3 1189.4 1188.54 1187.76 1186.96 1186.49 1186.08 1185.79 1185.93 1186.37 1187.09 1186.73 1191.75 1193.51 1194.89 1192.09 1189.94 1188.98 1188.88 1188.66 1188.28 1188.26 1192.38 1195.42 1197.5 1196.09 1196.57 1196.91 1197.69 1199.43 1201.24 1203.06 1204.56 1207.41 1211.5 1215.59 1221.43 1227.76 1235.01 1243.35 1253.48 1263.92 1278.46 1291.01 1304.31 1316.5 1327.27 1337.6 1345.23 1347.84 1348.1 1347.96 1347.34 1346.71 1346.14 1347.02 1349.09 1351.41 1353.61 1358.37 1362.07 1365.42 1365.5 1365.43 1365.23 1365.11 1365.29 1365.75 1365.11 1366.94 1366.91 1366.94 1367.2 1367.44 1367.42 1366.25 1365.37 1364.8 1368.45 1373.95 1385.55 1380.71 1372.68 1365.07 1359.82 1356.25 1352.53 1349.2 1346.4 1343.55 1341.04 1337.49 1333.71 1325.52 1323.93 1322.12 1320.04 1320.73 1321.72 1322.67 1324.29 1326.04 1327.76 1331.93 1337.78 1343.5 1348.75 1362.6 1376.66 1398.25 1416.22 1433.94 1452.32 1471.43 1490.59 1508.14 1514.78 1521.63 1528.89 1528.62 1528.99 1530.17 1533.96 1538.27 1542.91 1549.38 1555.24 1561.12 1569.2 1579.27 1589.96 1607.53 1620.18 1632.78 1639.32 1637.79 1635.82 1629.71 1615.86 1601.68 1582.2 1549.77 1515.95 1439.13 1143.37 850.005 568.209 489.476 413.395 342.114 342.976 344.461 345.957 347.038 348.08 349.087 350.256 351.422 352.587 353.709 354.829 355.914 357.061 358.204 359.348 360.404 361.421 362.404 363.429 364.464 365.5 366.551 367.68 368.774 369.884 370.988 372.092 373.199 374.439 375.644 376.861 378.08 379.301 380.497 381.903 383.276 384.661 386.037 387.423 388.773 390.344 391.916 393.516 395.044 396.584 398.097 399.591 407.113 408.546 409.873 411.181 412.424 407.047 408.544 410.095 411.562 412.891 414.167 415.467 416.813 418.153 419.477 421.013 422.524 424.059 425.557 427.079 428.575 430.074 438.177 439.642 440.953 442.249 443.468 438.21 440.159 442.242 444.105 445.736 447.342 449.016 450.751 452.537 454.292 455.982 462.953 464.622 466.206 467.78 469.349 464.936 467.116 469.443 471.311 472.965 474.556 476.223 477.927 485.436 480.947 482.581 484.29 486.082 487.526 488.967 490.359 491.859 493.349 494.868 502.248 503.603 504.87 500.179 502.52 505.162 507.735 509.386 510.974 512.551 519.224 520.948 522.622 518.413 520.682 523.243 525.4 526.792 528.093 534.577 536.089 537.547 539.103 535.188 537.451 539.86 541.874 548.819 550.415 546.169 548.084 550.182 552.394 554.041 555.56 562.423 563.477 564.446 570.936 560.915 562.812 564.923 567.18 572.967 573.891 574.733 570.762 573.07 575.615 578.484 583.583 584.535 585.427 582.199 584.064 586.026 587.996 593.003 593.633 594.327 590.579 592.269 594.002 595.778 601.053 601.707 602.437 598.214 599.717 601.279 607.996 604.159 605.322 606.509 607.374 607.609 612.467 613.106 609.121 610.568 611.915 612.962 617.89 617.743 618.42 614.003 615.923 617.754 626.327 622.552 624.935 627.192 629.117 636.127 637.271 638.398 632.448 634.679 637.323 645.041 641.363 642.207 643.642 645.718 643.619 641.01 638.716 635.671 636.677 642.371 643.065 638.924 640.882 642.595 650.484 646.237 648.414 650.468 652.333 653.971 655.998 657.901 659.618 661.117 666.478 667.372 669.096 666.656 668.339 674.443 675.961 673.252 675.12 676.806 682.912 679.721 681.352 683.309 688.037 686.725 684.432 681.834 679.018 676.448 677.663 678.63 679.318 679.75 681.178 682.386 683.201 683.65 684.722 686.181 687.165 687.706 688.246 690.312 692.018 693.42 694.473 696.906 699.33 701.48 703.288 705.573 708.115 710.134 711.563 719.575 715.262 718.098 720.817 727.171 725.811 723.972 722.001 719.044 720.342 718.195 719.516 724.149 724.856 726.309 723.833 727.979 728.192 729.422 731.437 727.354 729.581 731.512 733.085 740.178 736.541 738.183 739.296 745.922 748.734 744.055 746.867 756.888 755.884 751.334 748.046 744.324 741.508 738.99 736.85 735.838 735.915 735.026 733.205 736.907 733.173 734.843 736.348 738.069 739.562 740.878 742.097 743.058 743.668 743.947 747.266 748.992 745.941 747.515 749.172 750.549 751.602 756.687 754.156 755.216 758.958 759.061 759.631 760.108 756.784 757.456 757.756 757.696 760.668 761.457 758.391 759.176 759.995 760.565 760.866 764.805 761.886 763.096 764.553 766.357 767.852 769.088 775.531 772.307 774.968 778.188 781.615 784.595 790.112 791.119 790.794 791.456 790.798 789.682 788.823 790.592 791.379 788.93 789.799 790.898 791.872 792.686 795.696 796.863 798.05 795.369 796.769 798.177 799.549 801.384 803.041 804.43 808.996 810.752 808.592 810.462 812.81 814.871 816.582 820.102 821.719 823.4 821.422 823.543 825.549 827.688 829.937 831.961 835.708 837.39 839.122 840.949 839.345 841.507 843.644 845.972 848.297 850.583 852.834 855.074 857.054 861.827 864.02 862.763 864.981 867.954 870.831 873.672 876.551 879.315 881.808 885.514 887.483 889.585 891.754 891.798 894.453 897.327 900.569 903.821 906.975 910.064 913.073 916.103 919.076 921.957 924.646 928.64 931.072 931.245 934.106 937.397 940.659 944.137 947.71 951.331 954.854 958.373 961.83 965.393 969.022 972.594 976.981 979.423 981.764 984.192 987.073 990.196 991.754 995.335 998.953 1002.62 1005.8 1008.9 1011.96 1015.43 1019.01 1022.63 1026.02 1029.34 1032.62 1036.27 1040.25 1044.28 1047.83 1050.69 1053.53 1056.84 1061.26 1065.74 1070.13 1074.47 1078.72 1082.93 1086.04 1089.22 1092.34 1096.5 1099.99 1103.58 1106.78 1110.03 1113.2 1116.71 1120.21 1123.8 1127.06 1130.32 1133.51 1136.85 1140.16 1143.55 1146.97 1150.58 1154.09 1157.51 1160.65 1163.87 1167.12 1170.57 1173.95 1177.24 1180.13 1183.1 1186.19 1189.87 1193.48 1198.38 1201.05 1203.73 1206.31 1208.78 1211.2 1213.65 1216.05 1218.52 1220.97 1223.23 1225.43 1227.68 1229.88 1232.12 1234.35 1236.36 1238.23 1240.14 1241.95 1243.74 1245.51 1247.16 1248.62 1250.11 1251.55 1252.98 1252.98 1254.27 1255.37 1256.51 1259.29 1260 1260.72 1261.49 1262.28 1263.1 1263.93 1264.55 1265.14 1265.74 1266.2 1266.61 1267 1267.22 1267.3 1265.42 1265.31 1265.06 1264.78 1267.34 1267.26 1267.19 1267.11 1266.94 1266.74 1266.5 1266.12 1265.7 1265.25 1262.25 1262.01 1261.8 1262.81 1262.53 1262.41 1262.39 1262.4 1262.5 1262.4 1261.73 1261.07 1258.92 1258.99 1259.1 1258.41 1250.31 1247.03 1244.31 1243 1242.62 1242.86 1242.6 1240.03 1238.61 1236.91 1234.57 1232.4 1230.33 1227.61 1224.95 1222.44 1219.6 1215.75 1212.76 1209.42 1205.82 1202.4 1199.01 1195.5 1191.98 1188.18 1184.99 1181.95 1178.93 1174.62 1171.62 1168.87 1166.18 1163.3 1160.38 1157.53 1153.16 1149.95 1146.8 1143.9 1141.17 1138.67 1135.64 1132.39 1129.24 1126.29 1123.32 1120.45 1117.6 1115.9 1113.3 1110.89 1107.84 1103.17 1100.57 1098.23 1096.72 1094.17 1092.13 1086.68 1083.8 1081.17 1078.7 1075.81 1072.73 1069.83 1067.05 1064.98 1063.05 1062.84 1059.47 1057.82 1056.29 1054.92 1053.3 1053.08 1051.23 1046.81 1043.92 1041.13 1038.34 1038.09 1035.83 1033.74 1029 1026.66 1024.39 1024.13 1019.69 1017.28 1015 1012.93 1010.98 1011.01 1009.1 1004.27 1001.58 998.933 996.244 993.007 989.705 986.59 983.558 980.872 980.918 978.649 978.94 979.525 983.713 989.25 994.659 995.688 995.82 995.05 992.893 985.575 978.301 971.309 964.24 968.728 962.378 958.5 953.719 952.135 953.73 951.755 947.095 944.982 942.734 943.139 938.216 936.03 933.721 931.364 928.873 926.309 923.586 920.793 917.861 914.784 911.592 908.426 905.243 905.877 902.825 900.898 897.445 895.575 895.243 892.992 890.691 885.546 885.843 883.302 881.063 876.087 873.815 874.304 872.061 867.192 865.111 865.869 863.687 861.255 855.255 856.328 853.833 851.656 846.156 843.929 844.853 843.073 841.457 837.461 834.924 832.09 829.159 826.277 827.138 830.292 833.232 835.862 833.409 826.616 820.41 814.993 817.623 808.619 805.805 802.831 804.938 802.318 796.173 794.237 796.377 794.841 793.736 789.047 787.621 786.15 784.726 783.396 781.461 779.339 777.299 775.408 778.662 773.486 772.289 774.789 773.252 772.153 767.418 765.737 763.301 760.837 758.266 758.703 761.767 764.038 765.596 763.635 761.161 755.431 752.963 749.195 745.676 742.518 744.559 736.07 732.662 729.459 731.902 731.025 730.004 724.633 722.186 720.05 718.152 721.795 720.788 716.159 715.138 713.39 711.773 710.337 713.846 708.423 707.612 706.74 705.039 703.542 702.246 700.671 698.109 695.674 693.283 700.518 694.815 693.157 687.453 684.385 681.227 681.942 681.734 684.712 686.494 689.388 687.385 685.984 684.394 681.566 679.764 679.037 676.752 673.325 670.46 666.968 662.658 658.973 663.853 661.188 651.977 649.381 646.545 643.759 640.985 645.313 643.874 642.358 640.606 633.922 632.054 630.193 627.936 625.782 623.73 627.261 625.908 620.324 618.791 616.948 615.1 613.287 610.841 608.587 606.448 609.72 608.039 602.096 600.419 598.774 597.099 595.192 592.742 590.454 593.313 591.532 589.799 588.099 581.885 580.087 578.284 576.551 574.805 573.093 571.174 569.169 567.23 570.538 569.07 567.596 561.818 559.76 557.723 555.773 554.271 552.788 551.251 549.153 547.018 545.069 549.373 548.029 546.627 545.227 538.382 536.899 535.367 533.821 532.26 530.811 529.606 528.393 527.144 526.015 524.844 523.669 522.396 521.171 519.955 524.311 523.315 522.301 521.038 514.875 513.365 512.006 510.69 509.388 508.002 506.583 505.136 503.782 502.498 501.211 499.85 498.43 496.976 495.556 494.178 492.801 491.376 489.921 488.432 486.956 485.353 483.773 482.161 480.479 478.752 477.041 479.982 478.25 476.464 474.804 473.13 471.481 469.765 468.071 466.323 464.667 463.004 461.37 459.685 458.033 456.329 454.635 452.857 451.112 449.345 447.669 445.942 444.226 442.401 440.61 438.759 436.932 435.048 433.254 431.788 430.357 426.411 424.914 423.333 421.716 419.965 418.181 416.307 414.475 412.566 410.622 408.179 405.661 403.142 468.314 578.813 696.052 848.106 1015.21 1180.13 1268.85 1272.07 1273.21 1273.27 1273.69 1272.79 1271.2 1270.53 1268.98 1266.7 1264.27 1262.44 1261.34 1262.23 1263.28 1265.17 1269.51 1273.42 1276.8 1279.99 1282.9 1285.59 1286.53 1286.69 1286.83 1288.91 1293.22 1298.39 1300.7 1299.74 1297.08 1291.59 1291.41 1291.21 1291 1290.9 1290.83 1290.78 1292.79 1295.06 1297.4 1300.52 1303.8 1309.4 1309.52 1309.45 1309.44 1307.82 1305.49 1303.09 1299.69 1293.4 1288.01 1283.29 1278.21 1264.15 1259.44 1262.74 1258.8 1255.12 1252.71 1251.01 1249.55 1248.52 1247.94 1247.33 1241.27 1240.24 1239.11 1236.68 1232.86 1227.52 1222.39 1213.72 1203.66 1193.7 1174.74 1160.75 1147.36 1140.15 1131.51 1123.06 1115.08 1113.53 1112.39 1112.33 1114.83 1119.09 1123.33 1128.03 1133.91 1139.8 1145.49 1150.23 1153.18 1156 1156.38 1157.36 1158.38 1160.06 1165.23 1171.15 1174.77 1178.9 1178.21 1177.23 1174.44 1168.86 1157.87 1155.99 1155.66 1156.09 1156.8 1156.62 1155.31 1153.8 1151.74 1148.81 1146.09 1143.52 1141.91 1140.81 1139.09 1139.55 1140.22 1141 1141.89 1142.73 1142.79 1143.4 1144.78 1145.1 1145.26 1145.25 1145.11 1145.34 1145.42 1145.56 1145.51 1145.04 1144.61 1143.49 1142.31 1140.84 1139.12 1138.01 1138.82 1137.61 1133.7 1135.37 1137.31 1139.57 1141.56 1143.53 1146.25 1149.82 1136.96 1111.85 1079.28 977.47 866.579 773.214 700.485 661.226 664.274 667.308 670.23 672.437 676.367 677.674 679.241 678.115 679.772 684.361 686.543 685.511 688.118 690.8 697.237 696.575 699.757 703.09 706.465 713.468 716.784 720.107 723.929 723.238 731.654 735.588 740.685 741.586 747.384 758.131 755.416 756.118 752.395 748.516 746.073 746.19 748.814 751.395 757.004 757.424 761.245 765.156 769.03 772.725 775.94 779.24 782.516 785.861 789.113 792.468 795.815 799.265 802.75 806.398 810.096 813.967 818.204 823.239 828.636 834.573 840.999 851.991 863.647 876.352 889.69 898.503 902.289 905.173 907.061 904.322 902.17 899.754 898.1 898.54 897.779 898.551 899.422 901.715 903.232 903.446 905.099 908.273 910.124 912.377 912.949 915.308 917.877 920.594 923.372 925.952 928.478 931.189 933.996 938.277 939.704 942.967 946.521 952.422 956.519 959.138 963.528 970.116 974.998 979.849 983.13 987.402 991.488 995.524 1000.29 1002.31 1004.91 1007.41 1010.65 1012.98 1015.19 1016.27 1018.26 1020.2 1022.08 1025.77 1025.59 1027.95 1030.41 1036.03 1038.57 1041.19 1041.39 1044.9 1048.54 1052.25 1057.75 1060.27 1060.64 1062.52 1064.73 1067.04 1069.1 1072.24 1073.05 1075.24 1077.2 1079.9 1081.54 1083.51 1083.22 1085.68 1087.82 1089.67 1092.34 1093.99 1095.76 1094.32 1096.81 1099.01 1100.86 1104.54 1105.22 1106.21 1103.16 1104.97 1106.67 1108.32 1113.76 1114.02 1114.62 1111.64 1112.69 1113.72 1114.68 1121.58 1119.65 1120.1 1120.79 1118.15 1118.82 1119.41 1119.88 1120.14 1120.18 1122.72 1122.69 1120.23 1120.51 1120.82 1120.59 1119.03 1118.75 1118.67 1118.51 1114.9 1115.32 1115.51 1115.41 1115.06 1114.57 1116.16 1116.13 1116.07 1113.51 1113.08 1112.59 1112 1111.3 1110.53 1109.73 1111.13 1110.7 1110.18 1107.26 1106.67 1106.03 1105.32 1104.57 1103.79 1103.01 1102.34 1101.67 1100.95 1102.42 1098.96 1098.05 1097.07 1096.05 1095.01 1094.06 1093.21 1092.29 1093.28 1092.08 1090.79 1089.52 1088.15 1083.86 1082.5 1080.95 1079.32 1077.72 1076.25 1074.85 1073.39 1071.91 1070.34 1068.75 1069.37 1067.54 1065.67 1063.87 1062.07 1057 1055.21 1053.53 1051.81 1050.11 1048.67 1047.25 1045.78 1044.46 1043.12 1041.76 1040.01 1038.15 1036.27 1034.6 1033 1031.4 1032.04 1029.49 1026.9 1024.41 1021.91 1015.86 1013.21 1010.39 1007.52 1004.71 1001.93 999.192 996.547 995.038 993.47 991.876 989.31 986.781 984.205 982.296 980.38 978.479 975.977 973.416 970.813 968.726 966.744 964.783 962.457 960.013 957.526 955.354 953.332 951.334 949.1 946.713 944.281 941.682 
        </DataArray>
        <DataArray type="Float64" Name="Tau1" format="ascii">
0 0 0 0 0 0 0 0 0 0 0 0 0 0 0 0 0 0 0 0 0 0 0 0 0 0 0 0 0 0 0 0 0 0 0 0 0 0 0 0 0 0 0 0 0 0 0 0 0 0 0 0 0 0 0 0 0 0 0 0 0 0 0 0 0 0 0 0 0 0 0 0 0 0 0 0 0 0 0 0 0 0 0 0 0 0 0 0 0 0 0 0 0 0 0 0 0 0 0 0 0 0 0 0 0 0 0 0 0 0 0 0 0 0 0 0 0 0 0 0 0 0 0 0 0 0 0 0 0 0 0 0 0 0 0 0 0 0 0 0 0 0 0 0 0 0 0 0 0 0 0 0 0 0 0 0 0 0 0 0 0 0 0 0 0 0 0 0 0 0 0 0 0 0 0 0 0 0 0 0 0 0 0 0 0 0 0 0 0 0 0 0 0 0 0 0 0 0 0 0 0 0 0 0 0 0 0 0 0 0 0 0 0 0 0 0 0 0 0 0 0 0 0 0 0 0 0 0 0 0 0 0 0 0 0 0 0 0 0 0 0 0 0 0 0 0 0 0 0 0 0 0 0 0 0 0 0 0 0 0 0 0 0 0 0 0 0 0 0 0 0 0 0 0 0 0 0 0 0 0 0 0 0 0 0 0 0 0 0 0 0 0 0 0 0 0 0 0 0 0 0 0 0 0 0 0 0 0 0 0 0 0 0 0 0 0 0 0 0 0 0 0 0 0 0 0 0 0 0 0 0 0 0 0 0 0 0 0 0 0 0 0 0 0 0 0 0 0 0 0 0 0 0 0 0 0 0 0 0 0 0 0 0 0 0 0 0 0 0 0 0 0 0 0 0 0 0 0 0 0 0 0 0 0 0 0 0 0 0 0 0 0 0 0 0 0 0 0 0 0 0 0 0 0 0 0 0 0 0 0 0 0 0 0 0 0 0 0 0 0 0 0 0 0 0 0 0 0 0 0 0 0 0 0 0 0 0 0 0 0 0 0 0 0 0 0 0 0 0 0 0 0 0 0 0 0 0 0 0 0 0 0 0 0 0 0 0 0 0 0 0 0 0 0 0 0 0 0 0 0 0 0 0 0 0 0 0 0 0 0 0 0 0 0 0 0 0 0 0 0 0 0 0 0 0 0 0 0 0 0 0 0 0 0 0 0 0 0 0 0 0 0 0 0 0 0 0 0 0 0 0 0 0 0 0 0 0 0 0 0 0 0 0 0 0 0 0 0 0 0 0 0 0 0 0 0 0 0 0 0 0 0 0 0 0 0 0 0 0 0 0 0 0 0 0 0 0 0 0 0 0 0 0 0 0 0 0 0 0 0 0 0 0 0 0 0 0 0 0 0 0 0 0 0 0 0 0 0 0 0 0 0 0 0 0 0 0 0 0 0 0 0 0 0 0 0 0 0 0 0 0 0 0 0 0 0 0 0 0 0 0 0 0 0 0 0 0 0 0 0 0 0 0 0 0 0 0 0 0 0 0 0 0 0 0 0 0 0 0 0 0 0 0 0 0 0 0 0 0 0 0 0 0 0 0 0 0 0 0 0 0 0 0 0 0 0 0 0 0 0 0 0 0 0 0 0 0 0 0 0 0 0 0 0 0 0 0 0 0 0 0 0 0 0 0 0 0 0 0 0 0 0 0 0 0 0 0 0 0 0 0 0 0 0 0 0 0 0 0 0 0 0 0 0 0 0 0 0 0 0 0 0 0 0 0 0 0 0 0 0 0 0 0 0 0 0 0 0 0 0 0 0 0 0 0 0 0 0 0 0 0 0 0 0 0 0 0 0 0 0 0 0 0 0 0 0 0 0 0 0 0 0 0 0 0 0 0 0 0 0 0 0 0 0 0 0 0 0 0 0 0 0 0 0 0 0 0 0 0 0 0 0 0 0 0 0 0 0 0 0 0 0 0 0 0 0 0 0 0 0 0 0 0 0 0 0 0 0 0 0 0 0 0 0 0 0 0 0 0 0 0 0 0 0 0 0 0 0 0 0 0 0 0 0 0 0 0 0 0 0 0 0 0 0 0 0 0 0 0 0 0 0 0 0 0 0 0 0 0 0 0 0 0 0 0 0 0 0 0 0 0 0 0 0 0 0 0 0 0 0 0 0 0 0 0 0 0 0 0 0 0 0 0 0 0 0 0 0 0 0 0 0 0 0 0 0 0 0 0 0 0 0 0 0 0 0 0 0 0 0 0 0 0 0 0 0 0 0 0 0 0 0 0 0 0 0 0 0 0 0 0 0 0 0 0 0 0 0 0 0 0 0 0 0 0 0 0 0 0 0 0 0 0 0 0 0 0 0 0 0 0 0 0 0 0 0 0 0 0 0 0 0 0 0 0 0 0 0 0 0 0 0 0 0 0 0 0 0 0 0 0 0 0 0 0 0 0 0 0 0 0 0 0 0 0 0 0 0 0 0 0 0 0 0 0 0 0 0 0 0 0 0 0 0 0 0 0 0 0 0 0 0 0 0 0 0 0 0 0 0 0 0 0 0 0 0 0 0 0 0 0 0 0 0 0 0 0 0 0 0 0 0 0 0 0 0 0 0 0 0 0 0 0 0 0 0 0 0 0 0 0 0 0 0 0 0 0 0 0 0 0 0 0 0 0 0 0 0 0 0 0 0 0 0 0 0 0 0 0 0 0 0 0 0 0 0 0 0 0 0 0 0 0 0 0 0 0 0 0 0 0 0 0 0 0 0 0 0 0 0 0 0 0 0 0 0 0 0 0 0 0 0 0 0 0 0 0 0 0 0 0 0 0 0 0 0 0 0 0 0 0 0 0 0 0 0 0 0 0 0 0 0 0 0 0 0 0 0 0 0 0 0 0 0 0 0 0 0 0 0 0 0 0 0 0 0 0 0 0 0 0 0 0 0 0 0 0 0 0 0 0 0 0 0 0 0 0 0 0 0 0 0 0 0 0 0 0 0 0 0 0 0 0 0 0 0 0 0 0 0 0 0 0 0 0 0 0 0 0 0 0 0 0 0 0 0 0 0 0 0 0 0 0 0 0 0 0 0 0 0 0 0 0 0 0 0 0 0 0 0 0 0 0 0 0 0 0 0 0 0 0 0 0 0 0 0 0 0 0 0 0 0 0 0 0 0 0 0 0 0 0 0 0 0 0 0 0 0 0 0 0 0 0 0 0 0 0 0 0 0 0 0 0 0 0 0 0 0 0 0 0 0 0 0 0 0 0 0 0 0 0 0 0 0 0 0 0 0 0 0 0 0 0 0 0 0 0 0 0 0 0 0 0 0 0 0 0 0 0 0 0 0 0 0 0 0 0 0 0 0 0 0 0 0 0 0 0 0 0 0 0 0 0 0 0 0 0 0 0 0 0 0 0 0 0 0 0 0 0 0 0 0 0 0 0 0 0 0 0 0 0 0 0 0 0 0 0 0 0 0 0 0 0 0 0 0 0 0 0 0 0 0 0 0 0 0 0 0 0 0 0 0 0 0 0 0 0 0 0 0 0 0 0 0 0 0 0 0 0 0 0 0 0 0 0 0 0 0 0 0 0 0 0 0 0 0 0 0 0 0 0 0 0 0 0 0 0 0 0 0 0 0 0 0 0 0 0 0 0 0 0 0 0 0 0 0 0 0 0 0 0 0 0 0 0 0 0 0 0 0 0 0 0 0 0 0 0 0 0 0 0 0 0 0 0 0 0 0 0 0 0 0 0 0 0 0 0 0 0 0 0 0 0 0 0 0 0 0 0 0 0 0 0 0 0 0 0 0 0 0 0 0 0 0 0 0 0 0 0 0 0 0 0 0 0 0 0 0 0 0 0 0 0 0 0 0 0 0 0 0 0 0 0 0 0 0 0 0 0 0 0 0 0 0 0 0 0 0 0 0 0 0 0 0 0 0 0 0 0 0 0 0 0 0 0 0 0 0 0 0 0 0 0 0 0 0 0 0 0 0 0 0 0 0 0 0 0 0 0 0 0 0 0 0 0 0 0 0 0 0 0 0 0 0 0 0 0 0 0 0 0 0 0 0 0 0 0 0 0 0 0 0 0 0 0 0 0 0 0 0 0 0 0 0 0 0 0 0 0 0 0 0 0 0 0 0 0 0 0 0 0 0 0 0 0 0 0 0 0 0 0 0 0 0 0 0 0 0 0 0 0 0 0 0 0 0 0 0 0 0 0 0 0 0 0 0 0 0 0 0 0 0 0 0 0 0 0 0 0 0 0 0 0 0 0 0 0 0 0 0 0 0 0 0 0 0 0 0 0 0 0 0 0 0 0 0 0 0 0 0 0 0 0 0 0 0 0 0 0 0 0 0 0 0 0 0 0 0 0 0 0 0 0 0 0 0 0 0 0 0 0 0 0 0 0 0 0 0 0 0 0 0 0 0 0 0 0 0 0 0 0 0 0 0 0 0 0 0 0 0 0 0 0 0 0 0 0 0 0 0 0 0 0 0 0 0 0 0 0 0 0 0 0 0 0 0 0 0 0 0 0 0 0 0 0 0 0 0 0 0 
        </DataArray>
        <DataArray type="Float64" Name="Tau2" format="ascii">
0 0 0 0 0 0 0 0 0 0 0 0 0 0 0 0 0 0 0 0 0 0 0 0 0 0 0 0 0 0 0 0 0 0 0 0 0 0 0 0 0 0 0 0 0 0 0 0 0 0 0 0 0 0 0 0 0 0 0 0 0 0 0 0 0 0 0 0 0 0 0 0 0 0 0 0 0 0 0 0 0 0 0 0 0 0 0 0 0 0 0 0 0 0 0 0 0 0 0 0 0 0 0 0 0 0 0 0 0 0 0 0 0 0 0 0 0 0 0 0 0 0 0 0 0 0 0 0 0 0 0 0 0 0 0 0 0 0 0 0 0 0 0 0 0 0 0 0 0 0 0 0 0 0 0 0 0 0 0 0 0 0 0 0 0 0 0 0 0 0 0 0 0 0 0 0 0 0 0 0 0 0 0 0 0 0 0 0 0 0 0 0 0 0 0 0 0 0 0 0 0 0 0 0 0 0 0 0 0 0 0 0 0 0 0 0 0 0 0 0 0 0 0 0 0 0 0 0 0 0 0 0 0 0 0 0 0 0 0 0 0 0 0 0 0 0 0 0 0 0 0 0 0 0 0 0 0 0 0 0 0 0 0 0 0 0 0 0 0 0 0 0 0 0 0 0 0 0 0 0 0 0 0 0 0 0 0 0 0 0 0 0 0 0 0 0 0 0 0 0 0 0 0 0 0 0 0 0 0 0 0 0 0 0 0 0 0 0 0 0 0 0 0 0 0 0 0 0 0 0 0 0 0 0 0 0 0 0 0 0 0 0 0 0 0 0 0 0 0 0 0 0 0 0 0 0 0 0 0 0 0 0 0 0 0 0 0 0 0 0 0 0 0 0 0 0 0 0 0 0 0 0 0 0 0 0 0 0 0 0 0 0 0 0 0 0 0 0 0 0 0 0 0 0 0 0 0 0 0 0 0 0 0 0 0 0 0 0 0 0 0 0 0 0 0 0 0 0 0 0 0 0 0 0 0 0 0 0 0 0 0 0 0 0 0 0 0 0 0 0 0 0 0 0 0 0 0 0 0 0 0 0 0 0 0 0 0 0 0 0 0 0 0 0 0 0 0 0 0 0 0 0 0 0 0 0 0 0 0 0 0 0 0 0 0 0 0 0 0 0 0 0 0 0 0 0 0 0 0 0 0 0 0 0 0 0 0 0 0 0 0 0 0 0 0 0 0 0 0 0 0 0 0 0 0 0 0 0 0 0 0 0 0 0 0 0 0 0 0 0 0 0 0 0 0 0 0 0 0 0 0 0 0 0 0 0 0 0 0 0 0 0 0 0 0 0 0 0 0 0 0 0 0 0 0 0 0 0 0 0 0 0 0 0 0 0 0 0 0 0 0 0 0 0 0 0 0 0 0 0 0 0 0 0 0 0 0 0 0 0 0 0 0 0 0 0 0 0 0 0 0 0 0 0 0 0 0 0 0 0 0 0 0 0 0 0 0 0 0 0 0 0 0 0 0 0 0 0 0 0 0 0 0 0 0 0 0 0 0 0 0 0 0 0 0 0 0 0 0 0 0 0 0 0 0 0 0 0 0 0 0 0 0 0 0 0 0 0 0 0 0 0 0 0 0 0 0 0 0 0 0 0 0 0 0 0 0 0 0 0 0 0 0 0 0 0 0 0 0 0 0 0 0 0 0 0 0 0 0 0 0 0 0 0 0 0 0 0 0 0 0 0 0 0 0 0 0 0 0 0 0 0 0 0 0 0 0 0 0 0 0 0 0 0 0 0 0 0 0 0 0 0 0 0 0 0 0 0 0 0 0 0 0 0 0 0 0 0 0 0 0 0 0 0 0 0 0 0 0 0 0 0 0 0 0 0 0 0 0 0 0 0 0 0 0 0 0 0 0 0 0 0 0 0 0 0 0 0 0 0 0 0 0 0 0 0 0 0 0 0 0 0 0 0 0 0 0 0 0 0 0 0 0 0 0 0 0 0 0 0 0 0 0 0 0 0 0 0 0 0 0 0 0 0 0 0 0 0 0 0 0 0 0 0 0 0 0 0 0 0 0 0 0 0 0 0 0 0 0 0 0 0 0 0 0 0 0 0 0 0 0 0 0 0 0 0 0 0 0 0 0 0 0 0 0 0 0 0 0 0 0 0 0 0 0 0 0 0 0 0 0 0 0 0 0 0 0 0 0 0 0 0 0 0 0 0 0 0 0 0 0 0 0 0 0 0 0 0 0 0 0 0 0 0 0 0 0 0 0 0 0 0 0 0 0 0 0 0 0 0 0 0 0 0 0 0 0 0 0 0 0 0 0 0 0 0 0 0 0 0 0 0 0 0 0 0 0 0 0 0 0 0 0 0 0 0 0 0 0 0 0 0 0 0 0 0 0 0 0 0 0 0 0 0 0 0 0 0 0 0 0 0 0 0 0 0 0 0 0 0 0 0 0 0 0 0 0 0 0 0 0 0 0 0 0 0 0 0 0 0 0 0 0 0 0 0 0 0 0 0 0 0 0 0 0 0 0 0 0 0 0 0 0 0 0 0 0 0 0 0 0 0 0 0 0 0 0 0 0 0 0 0 0 0 0 0 0 0 0 0 0 0 0 0 0 0 0 0 0 0 0 0 0 0 0 0 0 0 0 0 0 0 0 0 0 0 0 0 0 0 0 0 0 0 0 0 0 0 0 0 0 0 0 0 0 0 0 0 0 0 0 0 0 0 0 0 0 0 0 0 0 0 0 0 0 0 0 0 0 0 0 0 0 0 0 0 0 0 0 0 0 0 0 0 0 0 0 0 0 0 0 0 0 0 0 0 0 0 0 0 0 0 0 0 0 0 0 0 0 0 0 0 0 0 0 0 0 0 0 0 0 0 0 0 0 0 0 0 0 0 0 0 0 0 0 0 0 0 0 0 0 0 0 0 0 0 0 0 0 0 0 0 0 0 0 0 0 0 0 0 0 0 0 0 0 0 0 0 0 0 0 0 0 0 0 0 0 0 0 0 0 0 0 0 0 0 0 0 0 0 0 0 0 0 0 0 0 0 0 0 0 0 0 0 0 0 0 0 0 0 0 0 0 0 0 0 0 0 0 0 0 0 0 0 0 0 0 0 0 0 0 0 0 0 0 0 0 0 0 0 0 0 0 0 0 0 0 0 0 0 0 0 0 0 0 0 0 0 0 0 0 0 0 0 0 0 0 0 0 0 0 0 0 0 0 0 0 0 0 0 0 0 0 0 0 0 0 0 0 0 0 0 0 0 0 0 0 0 0 0 0 0 0 0 0 0 0 0 0 0 0 0 0 0 0 0 0 0 0 0 0 0 0 0 0 0 0 0 0 0 0 0 0 0 0 0 0 0 0 0 0 0 0 0 0 0 0 0 0 0 0 0 0 0 0 0 0 0 0 0 0 0 0 0 0 0 0 0 0 0 0 0 0 0 0 0 0 0 0 0 0 0 0 0 0 0 0 0 0 0 0 0 0 0 0 0 0 0 0 0 0 0 0 0 0 0 0 0 0 0 0 0 0 0 0 0 0 0 0 0 0 0 0 0 0 0 0 0 0 0 0 0 0 0 0 0 0 0 0 0 0 0 0 0 0 0 0 0 0 0 0 0 0 0 0 0 0 0 0 0 0 0 0 0 0 0 0 0 0 0 0 0 0 0 0 0 0 0 0 0 0 0 0 0 0 0 0 0 0 0 0 0 0 0 0 0 0 0 0 0 0 0 0 0 0 0 0 0 0 0 0 0 0 0 0 0 0 0 0 0 0 0 0 0 0 0 0 0 0 0 0 0 0 0 0 0 0 0 0 0 0 0 0 0 0 0 0 0 0 0 0 0 0 0 0 0 0 0 0 0 0 0 0 0 0 0 0 0 0 0 0 0 0 0 0 0 0 0 0 0 0 0 0 0 0 0 0 0 0 0 0 0 0 0 0 0 0 0 0 0 0 0 0 0 0 0 0 0 0 0 0 0 0 0 0 0 0 0 0 0 0 0 0 0 0 0 0 0 0 0 0 0 0 0 0 0 0 0 0 0 0 0 0 0 0 0 0 0 0 0 0 0 0 0 0 0 0 0 0 0 0 0 0 0 0 0 0 0 0 0 0 0 0 0 0 0 0 0 0 0 0 0 0 0 0 0 0 0 0 0 0 0 0 0 0 0 0 0 0 0 0 0 0 0 0 0 0 0 0 0 0 0 0 0 0 0 0 0 0 0 0 0 0 0 0 0 0 0 0 0 0 0 0 0 0 0 0 0 0 0 0 0 0 0 0 0 0 0 0 0 0 0 0 0 0 0 0 0 0 0 0 0 0 0 0 0 0 0 0 0 0 0 0 0 0 0 0 0 0 0 0 0 0 0 0 0 0 0 0 0 0 0 0 0 0 0 0 0 0 0 0 0 0 0 0 0 0 0 0 0 0 0 0 0 0 0 0 0 0 0 0 0 0 0 0 0 0 0 0 0 0 0 0 0 0 0 0 0 0 0 0 0 0 0 0 0 0 0 0 0 0 0 0 0 0 0 0 0 0 0 
        </DataArray>
        <DataArray type="Float64" Name="dTdn" format="ascii">
0 0 0 0 0 0 0 0 0 0 0 0 0 0 0 0 0 0 0 0 0 0 0 0 0 0 0 0 0 0 0 0 0 0 0 0 0 0 0 0 0 0 0 0 0 0 0 0 0 0 0 0 0 0 0 0 0 0 0 0 0 0 0 0 0 0 0 0 0 0 0 0 0 0 0 0 0 0 0 0 0 0 0 0 0 0 0 0 0 0 0 0 0 0 0 0 0 0 0 0 0 0 0 0 0 0 0 0 0 0 0 0 0 0 0 0 0 0 0 0 0 0 0 0 0 0 0 0 0 0 0 0 0 0 0 0 0 0 0 0 0 0 0 0 0 0 0 0 0 0 0 0 0 0 0 0 0 0 0 0 0 0 0 0 0 0 0 0 0 0 0 0 0 0 0 0 0 0 0 0 0 0 0 0 0 0 0 0 0 0 0 0 0 0 0 0 0 0 0 0 0 0 0 0 0 0 0 0 0 0 0 0 0 0 0 0 0 0 0 0 0 0 0 0 0 0 0 0 0 0 0 0 0 0 0 0 0 0 0 0 0 0 0 0 0 0 0 0 0 0 0 0 0 0 0 0 0 0 0 0 0 0 0 0 0 0 0 0 0 0 0 0 0 0 0 0 0 0 0 0 0 0 0 0 0 0 0 0 0 0 0 0 0 0 0 0 0 0 0 0 0 0 0 0 0 0 0 0 0 0 0 0 0 0 0 0 0 0 0 0 0 0 0 0 0 0 0 0 0 0 0 0 0 0 0 0 0 0 0 0 0 0 0 0 0 0 0 0 0 0 0 0 0 0 0 0 0 0 0 0 0 0 0 0 0 0 0 0 0 0 0 0 0 0 0 0 0 0 0 0 0 0 0 0 0 0 0 0 0 0 0 0 0 0 0 0 0 0 0 0 0 0 0 0 0 0 0 0 0 0 0 0 0 0 0 0 0 0 0 0 0 0 0 0 0 0 0 0 0 0 0 0 0 0 0 0 0 0 0 0 0 0 0 0 0 0 0 0 0 0 0 0 0 0 0 0 0 0 0 0 0 0 0 0 0 0 0 0 0 0 0 0 0 0 0 0 0 0 0 0 0 0 0 0 0 0 0 0 0 0 0 0 0 0 0 0 0 0 0 0 0 0 0 0 0 0 0 0 0 0 0 0 0 0 0 0 0 0 0 0 0 0 0 0 0 0 0 0 0 0 0 0 0 0 0 0 0 0 0 0 0 0 0 0 0 0 0 0 0 0 0 0 0 0 0 0 0 0 0 0 0 0 0 0 0 0 0 0 0 0 0 0 0 0 0 0 0 0 0 0 0 0 0 0 0 0 0 0 0 0 0 0 0 0 0 0 0 0 0 0 0 0 0 0 0 0 0 0 0 0 0 0 0 0 0 0 0 0 0 0 0 0 0 0 0 0 0 0 0 0 0 0 0 0 0 0 0 0 0 0 0 0 0 0 0 0 0 0 0 0 0 0 0 0 0 0 0 0 0 0 0 0 0 0 0 0 0 0 0 0 0 0 0 0 0 0 0 0 0 0 0 0 0 0 0 0 0 0 0 0 0 0 0 0 0 0 0 0 0 0 0 0 0 0 0 0 0 0 0 0 0 0 0 0 0 0 0 0 0 0 0 0 0 0 0 0 0 0 0 0 0 0 0 0 0 0 0 0 0 0 0 0 0 0 0 0 0 0 0 0 0 0 0 0 0 0 0 0 0 0 0 0 0 0 0 0 0 0 0 0 0 0 0 0 0 0 0 0 0 0 0 0 0 0 0 0 0 0 0 0 0 0 0 0 0 0 0 0 0 0 0 0 0 0 0 0 0 0 0 0 0 0 0 0 0 0 0 0 0 0 0 0 0 0 0 0 0 0 0 0 0 0 0 0 0 0 0 0 0 0 0 0 0 0 0 0 0 0 0 0 0 0 0 0 0 0 0 0 0 0 0 0 0 0 0 0 0 0 0 0 0 0 0 0 0 0 0 0 0 0 0 0 0 0 0 0 0 0 0 0 0 0 0 0 0 0 0 0 0 0 0 0 0 0 0 0 0 0 0 0 0 0 0 0 0 0 0 0 0 0 0 0 0 0 0 0 0 0 0 0 0 0 0 0 0 0 0 0 0 0 0 0 0 0 0 0 0 0 0 0 0 0 0 0 0 0 0 0 0 0 0 0 0 0 0 0 0 0 0 0 0 0 0 0 0 0 0 0 0 0 0 0 0 0 0 0 0 0 0 0 0 0 0 0 0 0 0 0 0 0 0 0 0 0 0 0 0 0 0 0 0 0 0 0 0 0 0 0 0 0 0 0 0 0 0 0 0 0 0 0 0 0 0 0 0 0 0 0 0 0 0 0 0 0 0 0 0 0 0 0 0 0 0 0 0 0 0 0 0 0 0 0 0 0 0 0 0 0 0 0 0 0 0 0 0 0 0 0 0 0 0 0 0 0 0 0 0 0 0 0 0 0 0 0 0 0 0 0 0 0 0 0 0 0 0 0 0 0 0 0 0 0 0 0 0 0 0 0 0 0 0 0 0 0 0 0 0 0 0 0 0 0 0 0 0 0 0 0 0 0 0 0 0 0 0 0 0 0 0 0 0 0 0 0 0 0 0 0 0 0 0 0 0 0 0 0 0 0 0 0 0 0 0 0 0 0 0 0 0 0 0 0 0 0 0 0 0 0 0 0 0 0 0 0 0 0 0 0 0 0 0 0 0 0 0 0 0 0 0 0 0 0 0 0 0 0 0 0 0 0 0 0 0 0 0 0 0 0 0 0 0 0 0 0 0 0 0 0 0 0 0 0 0 0 0 0 0 0 0 0 0 0 0 0 0 0 0 0 0 0 0 0 0 0 0 0 0 0 0 0 0 0 0 0 0 0 0 0 0 0 0 0 0 0 0 0 0 0 0 0 0 0 0 0 0 0 0 0 0 0 0 0 0 0 0 0 0 0 0 0 0 0 0 0 0 0 0 0 0 0 0 0 0 0 0 0 0 0 0 0 0 0 0 0 0 0 0 0 0 0 0 0 0 0 0 0 0 0 0 0 0 0 0 0 0 0 0 0 0 0 0 0 0 0 0 0 0 0 0 0 0 0 0 0 0 0 0 0 0 0 0 0 0 0 0 0 0 0 0 0 0 0 0 0 0 0 0 0 0 0 0 0 0 0 0 0 0 0 0 0 0 0 0 0 0 0 0 0 0 0 0 0 0 0 0 0 0 0 0 0 0 0 0 0 0 0 0 0 0 0 0 0 0 0 0 0 0 0 0 0 0 0 0 0 0 0 0 0 0 0 0 0 0 0 0 0 0 0 0 0 0 0 0 0 0 0 0 0 0 0 0 0 0 0 0 0 0 0 0 0 0 0 0 0 0 0 0 0 0 0 0 0 0 0 0 0 0 0 0 0 0 0 0 0 0 0 0 0 0 0 0 0 0 0 0 0 0 0 0 0 0 0 0 0 0 0 0 0 0 0 0 0 0 0 0 0 0 0 0 0 0 0 0 0 0 0 0 0 0 0 0 0 0 0 0 0 0 0 0 0 0 0 0 0 0 0 0 0 0 0 0 0 0 0 0 0 0 0 0 0 0 0 0 0 0 0 0 0 0 0 0 0 0 0 0 0 0 0 0 0 0 0 0 0 0 0 0 0 0 0 0 0 0 0 0 0 0 0 0 0 0 0 0 0 0 0 0 0 0 0 0 0 0 0 0 0 0 0 0 0 0 0 0 0 0 0 0 0 0 0 0 0 0 0 0 0 0 0 0 0 0 0 0 0 0 0 0 0 0 0 0 0 0 0 0 0 0 0 0 0 0 0 0 0 0 0 0 0 0 0 0 0 0 0 0 0 0 0 0 0 0 0 0 0 0 0 0 0 0 0 0 0 0 0 0 0 0 0 0 0 0 0 0 0 0 0 0 0 0 0 0 0 0 0 0 0 0 0 0 0 0 0 0 0 0 0 0 0 0 0 0 0 0 0 0 0 0 0 0 0 0 0 0 0 0 0 0 0 0 0 0 0 0 0 0 0 0 0 0 0 0 0 0 0 0 0 0 0 0 0 0 0 0 0 0 0 0 0 0 0 0 0 0 0 0 0 0 0 0 0 0 0 0 0 0 0 0 0 0 0 0 0 0 0 0 0 0 0 0 0 0 0 0 0 0 0 0 0 0 0 0 0 0 0 0 0 0 0 0 0 0 0 0 0 0 0 0 0 0 0 0 0 0 0 0 0 0 0 0 0 0 0 0 0 0 0 0 0 0 0 0 0 0 0 0 0 0 0 0 0 0 0 0 0 0 0 0 0 0 0 0 0 0 0 0 0 0 0 0 0 0 0 0 0 0 0 0 0 0 0 0 0 0 0 0 0 0 0 0 0 0 0 0 0 0 0 0 0 0 0 0 0 0 0 0 0 0 0 0 0 0 0 0 0 0 0 0 0 0 0 0 0 0 0 0 0 0 0 0 0 0 0 0 0 0 0 0 0 0 0 0 0 0 0 0 0 0 0 0 0 
        </DataArray>
        <DataArray type="Int32" Name="Rank" format="ascii">
5 5 5 5 5 5 5 5 5 5 5 5 5 5 5 5 5 5 5 5 5 5 5 5 5 5 5 5 5 5 5 5 5 5 5 5 5 5 5 5 5 5 5 5 5 5 5 5 5 5 5 5 5 5 5 5 5 5 5 5 5 5 5 5 5 5 5 5 5 5 5 5 5 5 5 5 5 5 5 5 5 5 5 5 5 5 5 5 5 5 5 5 5 5 5 5 5 5 5 5 5 5 5 5 5 5 5 5 5 5 5 5 5 5 5 5 5 5 5 5 5 5 5 5 5 5 5 5 5 5 5 5 5 5 5 5 5 5 5 5 5 5 5 5 5 5 5 5 5 5 5 5 5 5 5 5 5 5 5 5 5 5 5 5 5 5 5 2 2 2 2 2 2 2 2 2 2 2 2 2 2 2 2 2 2 2 2 2 2 2 2 2 2 2 2 2 8 8 2 2 2 2 2 2 2 2 2 2 2 2 2 2 2 2 2 2 2 2 2 2 2 2 2 2 2 2 2 2 2 2 2 2 2 2 2 2 2 2 2 2 2 2 2 2 2 2 2 2 2 2 2 2 2 2 2 2 2 2 2 2 2 2 2 2 2 2 2 2 2 2 2 2 2 2 2 2 2 2 2 2 2 2 2 2 2 2 2 2 2 2 2 2 2 2 2 2 2 2 2 2 2 2 8 8 2 2 2 2 2 2 2 2 2 2 2 2 2 2 2 2 2 2 2 2 2 2 2 2 2 2 2 2 2 2 2 2 2 2 2 2 2 2 2 2 2 2 2 2 2 2 2 2 2 2 2 2 2 2 2 2 2 5 5 5 5 5 5 5 5 5 5 5 5 5 5 5 5 5 5 5 5 5 5 5 5 5 5 5 5 5 5 5 5 5 5 5 5 5 5 5 5 5 5 5 5 5 5 5 5 5 5 5 5 5 5 5 5 5 5 5 2 2 2 2 2 2 2 2 2 2 2 2 2 2 2 2 2 2 2 2 5 5 5 5 5 5 5 5 5 5 5 5 5 5 5 5 5 5 5 5 5 5 5 5 5 5 5 5 5 5 5 5 5 5 5 5 5 5 5 5 5 5 5 5 5 5 5 5 5 5 5 5 5 5 5 5 5 5 5 5 5 5 5 5 5 5 5 5 5 5 5 5 5 5 5 5 5 5 5 5 5 5 5 5 5 5 5 5 5 5 5 5 5 5 5 5 5 5 5 5 5 5 5 5 5 5 5 5 5 5 5 5 5 5 5 5 5 5 5 5 5 5 5 5 5 5 5 5 5 5 5 5 5 5 5 5 5 5 5 5 5 5 5 5 5 5 5 5 5 5 5 5 5 5 5 5 5 5 5 5 5 5 5 5 5 5 5 5 5 5 5 5 5 5 5 5 5 5 5 5 5 5 5 5 5 5 5 5 5 5 5 5 5 5 5 5 5 5 5 5 5 5 5 5 5 5 5 5 5 5 5 5 5 5 5 5 5 5 5 5 5 5 5 5 5 5 5 5 5 5 5 5 5 5 5 5 5 5 5 5 5 5 5 5 5 5 5 5 5 5 5 5 5 5 5 5 5 5 5 5 5 5 5 5 5 5 5 5 5 5 5 5 5 5 5 5 5 5 5 5 5 5 5 5 5 5 5 5 5 5 5 5 5 5 5 5 5 5 5 5 5 5 5 5 5 5 5 5 5 5 5 5 5 5 5 5 5 5 5 5 5 5 5 5 5 5 5 5 5 5 5 5 5 5 5 5 5 5 5 5 5 5 5 5 5 5 5 5 5 5 5 5 5 5 5 5 5 5 5 5 5 5 5 5 5 5 5 5 5 5 5 5 5 5 5 5 5 5 5 5 5 5 5 5 5 5 5 5 5 5 5 5 5 5 5 5 5 5 5 5 5 5 5 5 5 5 5 5 5 5 5 5 5 5 5 5 5 5 5 5 5 5 5 5 5 5 5 5 5 5 5 5 5 5 5 5 5 5 5 5 5 5 5 5 5 5 5 5 5 5 5 5 5 5 5 5 5 5 5 5 5 5 5 5 5 5 5 5 5 5 5 5 5 5 5 5 5 5 5 5 5 5 5 5 5 5 5 5 5 5 5 5 5 5 5 5 5 5 5 5 5 5 5 5 5 5 5 5 5 5 5 5 5 5 5 5 5 5 5 5 5 5 5 5 5 5 5 5 5 5 5 5 5 5 5 5 5 5 5 5 5 5 5 5 5 5 5 5 5 5 5 5 5 5 5 5 5 5 5 5 5 5 5 5 5 5 5 5 5 5 5 5 5 5 5 5 5 5 5 5 5 5 5 5 5 5 5 5 5 5 5 5 5 5 5 5 5 5 5 5 5 5 5 5 5 5 5 5 5 5 5 5 5 5 5 5 5 5 5 5 5 5 5 5 5 5 5 5 5 5 5 5 5 5 5 5 5 5 5 5 5 5 5 5 5 5 5 5 5 5 5 7 7 7 7 7 7 7 7 7 7 7 7 7 7 7 7 7 7 7 7 7 7 7 7 7 7 7 7 7 7 7 7 7 7 7 7 7 7 7 7 7 7 7 7 7 7 7 7 7 7 7 7 7 7 7 7 7 7 7 7 7 7 7 7 7 7 7 7 7 7 7 7 7 7 7 7 7 7 7 7 7 7 7 7 7 7 7 7 7 7 7 7 7 7 7 7 7 7 7 7 7 7 7 7 7 7 7 7 7 7 7 7 7 7 7 7 7 7 7 7 7 7 7 7 7 7 7 7 7 7 7 7 7 7 7 7 7 7 7 7 7 7 7 7 7 7 7 7 7 7 7 7 7 7 7 7 7 7 7 7 7 7 7 7 7 7 7 7 7 7 7 7 7 7 5 5 5 5 5 7 7 7 7 7 7 7 7 7 7 7 7 7 7 7 7 7 7 7 7 7 7 7 7 7 7 7 7 7 7 7 7 7 7 7 7 7 7 7 7 7 7 7 7 7 7 7 7 7 7 7 7 7 7 7 7 7 7 7 7 7 7 7 7 7 7 7 7 7 7 7 7 7 7 7 7 7 7 7 7 7 7 7 7 7 7 7 7 7 7 7 7 7 7 7 7 7 7 7 7 7 7 7 7 7 7 7 7 7 7 7 7 7 7 7 7 7 7 7 7 7 7 7 7 7 7 7 7 7 7 7 7 7 7 7 7 7 7 7 7 7 7 7 7 7 7 7 7 7 7 7 7 7 7 7 7 7 7 7 7 7 7 7 7 7 7 7 7 7 7 7 7 7 7 7 7 7 7 7 7 7 7 7 7 7 7 7 7 7 7 7 7 7 7 7 7 7 7 7 7 7 7 7 7 7 7 7 7 7 7 7 7 7 7 7 7 7 7 7 7 7 7 7 7 7 7 7 7 7 7 7 7 7 7 7 7 7 7 7 7 7 7 7 7 7 7 7 7 7 7 7 7 7 7 7 7 7 7 7 7 7 7 7 7 7 7 7 7 7 7 7 7 7 7 7 7 7 7 7 7 7 7 7 7 7 7 7 7 7 7 7 7 7 7 7 7 7 7 7 7 7 7 7 7 7 7 7 7 7 7 7 7 7 7 7 7 7 7 7 7 7 7 7 7 7 7 7 7 7 7 7 7 7 7 7 7 7 7 7 7 7 7 7 7 7 7 7 7 7 7 7 7 7 7 7 7 7 7 7 7 7 7 7 7 7 7 7 7 7 7 7 7 7 7 7 7 7 7 7 7 7 7 7 7 7 7 7 7 7 7 7 7 7 7 7 7 7 5 5 5 5 5 5 5 5 5 5 5 5 5 5 5 5 5 5 5 5 5 5 5 5 5 5 5 5 5 5 5 5 5 5 5 5 5 5 5 5 5 5 5 5 5 5 5 5 5 5 5 5 5 5 5 5 5 5 5 5 5 5 5 5 5 5 5 5 5 5 5 5 5 5 5 5 5 5 5 5 5 5 5 5 5 5 5 5 5 5 5 5 5 5 5 5 5 5 5 5 5 5 5 5 5 5 5 5 5 5 5 5 5 5 5 5 5 5 5 5 5 5 5 5 5 5 5 5 5 5 5 5 5 5 5 5 5 5 5 5 5 5 5 5 5 5 5 5 5 5 5 5 5 5 5 5 5 5 5 5 5 5 5 5 5 5 5 5 5 5 5 5 5 5 5 5 5 5 5 5 5 5 5 5 5 5 5 5 5 5 5 5 5 5 5 5 5 5 5 5 5 5 5 5 5 5 5 5 5 5 5 5 5 5 5 5 5 5 5 5 5 5 5 5 5 5 5 5 5 5 5 5 5 5 5 5 5 5 5 5 5 5 5 5 5 5 5 5 5 5 5 5 5 5 5 5 5 5 5 5 5 5 5 5 5 5 5 5 5 5 5 5 5 5 5 5 5 5 5 5 5 5 5 5 5 5 5 5 5 5 5 5 5 5 5 5 5 5 5 5 5 5 5 5 5 5 5 5 5 5 5 5 5 5 5 5 5 5 5 5 5 5 5 5 5 5 5 5 5 5 5 5 5 
        </DataArray>
        <DataArray type="Int32" Name="Level" format="ascii">
4 4 4 4 4 4 4 4 4 4 4 4 4 4 4 4 4 4 4 4 4 4 4 4 4 4 4 4 4 4 4 4 4 4 4 4 4 4 4 4 4 4 4 4 4 4 4 4 4 4 4 4 4 4 4 4 4 4 4 4 4 4 4 4 4 4 4 4 4 4 4 4 4 4 4 4 4 4 4 4 4 4 4 4 4 4 4 4 4 4 4 4 4 4 4 4 4 4 4 4 4 4 4 4 4 4 4 4 4 4 4 4 4 4 4 4 4 4 4 4 4 4 4 4 4 4 4 4 4 4 4 4 4 4 4 4 4 4 4 4 4 4 4 4 4 4 4 4 4 4 4 4 4 4 4 4 4 4 4 4 4 4 4 4 4 4 4 4 4 4 4 4 4 4 4 4 4 4 4 4 4 4 4 4 4 4 4 4 4 4 4 4 4 4 4 4 3 3 4 4 4 4 4 4 4 4 4 4 4 4 4 4 4 4 4 4 4 4 4 4 4 4 4 4 4 4 4 4 4 4 4 4 4 4 4 4 4 4 4 4 4 4 4 4 4 4 4 4 4 4 4 4 4 4 4 4 4 4 4 4 4 4 4 4 4 4 4 4 4 4 4 4 4 4 4 4 4 4 4 4 4 4 4 4 4 4 4 4 4 4 4 4 4 4 4 4 4 4 4 4 4 4 3 3 4 4 4 4 4 4 4 4 4 4 4 4 4 4 4 4 4 4 4 4 4 4 4 4 4 4 4 4 4 4 4 4 4 4 4 4 4 4 4 4 4 4 4 4 4 4 4 4 4 4 4 4 4 4 4 4 4 4 4 4 4 4 4 4 4 4 4 4 4 4 4 4 4 4 4 4 4 4 4 4 4 4 4 4 4 4 4 4 4 4 4 4 4 4 4 4 4 4 4 4 4 4 4 4 4 4 4 4 4 4 4 4 4 4 4 4 4 4 4 4 4 4 4 4 4 4 4 4 4 4 4 4 4 4 4 4 4 4 4 4 4 4 4 4 4 4 4 4 4 4 4 4 4 4 4 4 4 4 4 4 4 4 4 4 4 4 4 4 4 4 4 4 4 4 4 4 4 4 4 4 4 4 4 4 4 4 4 4 4 4 4 4 4 4 4 4 4 4 4 4 4 4 4 4 4 4 4 4 4 4 4 4 4 4 4 4 4 4 4 4 4 4 4 4 4 4 4 4 4 4 4 4 4 4 4 4 4 4 4 4 4 4 4 4 4 4 4 4 4 4 4 4 4 4 4 4 4 4 4 4 4 4 4 4 4 4 4 4 4 4 4 4 4 4 4 4 4 4 4 4 4 4 4 4 4 4 4 4 4 4 4 4 4 4 4 4 4 4 4 4 4 4 4 4 4 4 4 4 4 4 4 4 4 4 4 4 4 4 4 4 4 4 4 4 4 4 4 4 4 4 4 4 4 4 4 4 4 4 4 4 4 4 4 4 4 4 4 4 4 4 4 4 4 4 4 4 4 4 4 4 4 4 4 4 4 4 4 4 4 4 4 4 4 4 4 4 4 4 4 4 4 4 4 4 4 4 4 4 4 4 4 4 4 4 4 4 4 4 4 4 4 4 4 4 4 4 4 4 4 4 4 4 4 4 4 4 4 4 4 4 4 4 4 4 4 4 4 4 4 4 4 4 4 4 4 4 4 4 4 4 4 4 4 4 4 4 4 4 4 4 4 4 4 4 4 4 4 4 4 4 4 4 4 4 4 4 4 4 4 4 4 4 4 4 4 4 4 4 4 4 4 4 4 4 4 4 4 4 4 4 4 4 4 4 4 4 4 4 4 4 4 4 4 4 4 4 4 4 4 4 4 4 4 4 4 4 4 4 4 4 4 4 4 4 4 4 4 4 4 4 4 4 4 4 4 4 4 4 4 4 4 4 4 4 4 4 4 4 4 4 4 4 4 4 4 4 4 4 4 4 4 4 4 4 4 4 4 4 4 4 4 4 4 4 4 4 4 4 4 4 4 4 4 4 4 4 4 4 4 4 4 4 4 4 4 4 4 4 4 4 4 4 4 4 4 4 4 4 4 4 4 4 4 4 4 4 4 4 4 4 4 4 4 4 4 4 4 4 4 4 4 4 4 4 4 4 4 4 4 4 4 4 4 4 4 4 4 4 4 4 4 4 4 4 4 4 4 4 4 4 4 4 4 4 4 4 4 4 4 4 4 4 4 4 4 4 4 4 4 4 4 4 4 4 4 4 4 4 4 4 4 4 4 4 4 4 4 4 4 4 4 4 4 4 4 4 4 4 4 4 4 4 4 4 4 4 4 4 4 4 4 4 4 4 4 4 4 4 4 4 4 4 4 4 4 4 4 4 4 4 4 4 4 4 4 4 4 4 4 4 4 4 4 4 4 4 4 4 4 4 4 4 4 4 4 4 4 4 4 4 4 4 4 4 4 4 4 4 4 4 4 4 4 4 4 4 4 4 4 4 4 4 4 4 4 4 4 4 4 4 4 4 4 4 4 4 4 4 4 4 4 4 4 4 4 4 4 4 4 4 4 4 4 4 4 4 4 4 4 4 4 4 4 4 4 4 4 4 4 4 4 4 4 4 4 4 4 4 4 4 4 4 4 4 4 4 4 4 4 4 4 4 4 4 4 4 4 4 4 4 4 4 4 4 4 4 4 4 4 4 4 4 4 4 4 4 4 4 4 4 4 4 4 4 4 4 4 4 4 4 4 4 4 4 4 4 4 4 4 4 4 4 4 4 4 4 4 4 4 4 4 4 4 4 4 4 4 4 4 4 4 4 4 4 4 4 4 4 4 4 4 4 4 4 4 4 4 4 4 4 4 4 4 4 4 4 4 4 4 4 4 4 4 4 4 4 4 4 4 4 4 4 4 4 4 4 4 4 4 4 4 4 4 4 4 4 4 4 4 4 4 4 4 4 4 4 4 4 4 4 4 4 4 4 4 4 4 4 4 4 4 4 4 4 4 4 4 4 4 4 4 4 4 4 4 4 4 4 4 4 4 4 4 4 4 4 4 4 4 4 4 4 4 4 4 4 4 4 4 4 4 4 4 4 4 4 4 4 4 4 4 4 4 4 4 4 4 4 4 4 4 4 4 4 4 4 4 4 4 4 4 4 4 4 4 4 4 4 4 4 4 4 4 4 4 4 4 4 4 4 4 4 4 4 4 4 4 4 4 4 4 4 4 4 4 4 4 4 4 4 4 4 4 4 4 4 4 4 4 4 4 4 4 4 4 4 4 4 4 4 4 4 4 4 4 4 4 4 4 4 4 4 4 4 4 4 4 4 4 4 4 4 4 4 4 4 4 4 4 4 4 4 4 4 4 4 4 4 4 4 4 4 4 4 4 4 4 4 4 4 4 4 4 4 4 4 4 4 4 4 4 4 4 4 4 4 4 4 4 4 4 4 4 4 4 4 4 4 4 4 4 4 4 4 4 4 4 4 4 4 4 4 4 4 4 4 4 4 4 4 4 4 4 4 4 4 4 4 4 4 4 4 4 4 4 4 4 4 4 4 4 4 4 4 4 4 4 4 4 4 4 4 4 4 4 4 4 4 4 4 4 4 4 4 4 4 4 4 4 4 4 4 4 4 4 4 4 4 4 4 4 4 4 4 4 4 4 4 4 4 4 4 4 4 4 4 4 4 4 4 4 4 4 4 4 4 4 4 4 4 4 4 4 4 4 4 4 4 4 4 4 4 4 4 4 4 4 4 4 4 4 4 4 4 4 4 4 4 4 4 4 4 4 4 4 4 4 4 4 4 4 4 4 4 4 4 4 4 4 4 4 4 4 4 4 4 4 4 4 4 4 4 4 4 4 4 4 4 4 4 4 4 4 4 4 4 4 4 4 4 4 4 4 4 4 4 4 4 4 4 4 4 4 4 4 4 4 4 4 4 4 4 4 4 4 4 4 4 4 4 4 4 4 4 4 4 4 4 4 4 4 4 4 4 4 4 4 4 4 4 4 4 4 4 4 4 4 4 4 4 4 4 4 4 4 4 4 4 4 4 4 4 4 4 4 4 4 4 4 4 4 4 4 4 4 4 4 4 4 4 4 4 4 4 4 4 4 4 4 4 4 4 4 4 4 4 4 4 4 4 4 4 4 4 4 4 4 4 4 4 4 4 4 4 4 4 4 4 4 4 4 4 4 4 4 4 4 4 4 4 4 4 4 4 4 4 4 4 4 4 4 4 4 4 4 4 4 4 4 4 4 4 4 4 4 4 4 4 4 4 4 4 4 4 4 4 4 4 4 4 4 4 4 4 4 4 4 4 4 4 4 4 4 4 4 4 4 4 4 4 4 4 4 4 4 4 4 4 4 4 4 4 4 4 4 4 4 4 4 4 4 4 4 4 4 4 4 4 4 4 4 4 4 4 4 4 4 4 4 4 4 4 4 4 4 4 4 4 4 4 4 4 4 4 4 4 4 4 4 4 4 4 4 4 4 4 4 4 4 4 4 4 4 4 4 4 4 4 4 4 4 4 4 4 4 4 
        </DataArray>
        <DataArray type="Int32" Name="N_Interp_IP0" format="ascii">
4 4 4 4 4 4 4 4 4 4 4 4 4 4 4 4 4 4 4 4 4 4 4 4 4 4 4 4 4 4 4 4 4 4 4 4 4 4 4 4 4 4 4 4 4 4 4 4 4 4 4 4 4 4 4 4 4 4 4 4 4 4 4 4 4 4 4 4 4 4 4 4 4 4 4 4 4 4 4 4 4 4 4 4 4 4 4 4 4 4 4 4 4 4 4 4 4 4 4 4 4 4 4 4 4 4 4 4 4 4 4 4 4 4 4 4 4 4 4 4 4 4 4 4 4 4 4 4 4 4 4 4 4 4 4 4 4 4 4 4 4 4 4 4 4 4 4 4 4 4 4 4 4 4 4 4 4 4 4 4 4 4 4 4 4 4 4 4 4 4 4 4 4 4 4 4 4 4 4 4 4 4 4 4 4 4 4 4 4 4 4 4 4 4 4 4 4 4 4 4 4 4 4 4 4 4 4 4 4 4 4 4 4 4 4 4 4 4 4 4 4 4 4 4 4 4 4 4 4 4 4 4 4 4 4 4 4 4 4 4 4 4 4 4 4 4 4 4 4 4 4 4 4 4 4 4 4 4 4 4 4 4 4 4 4 4 4 4 4 4 4 4 4 4 4 4 4 4 4 4 4 4 4 4 4 4 4 4 4 4 4 4 4 4 4 4 4 4 4 4 4 4 4 4 4 4 4 4 4 4 4 4 4 4 4 4 4 4 4 4 4 4 4 4 4 4 4 4 4 4 4 4 4 4 4 4 4 4 4 4 4 4 4 4 4 4 4 4 4 4 4 4 4 4 4 4 4 4 4 4 4 4 4 4 4 4 4 4 4 4 4 4 4 4 4 4 4 4 4 4 4 4 4 4 4 4 4 4 4 4 4 4 4 4 4 4 4 4 4 4 4 4 4 4 4 4 4 4 4 4 4 4 4 4 4 4 4 4 4 4 4 4 4 4 4 4 4 4 4 4 4 4 4 4 4 4 4 4 4 4 4 4 4 4 4 4 4 4 4 4 4 4 4 4 4 4 4 4 4 4 4 4 4 4 4 4 4 4 4 4 4 4 4 4 4 4 4 4 4 4 4 4 4 4 4 4 4 4 4 4 4 4 4 4 4 4 4 4 4 4 4 4 4 4 4 4 4 4 4 4 4 4 4 4 4 4 4 4 4 4 4 4 4 4 4 4 4 4 4 4 4 4 4 4 4 4 4 4 4 4 4 4 4 4 4 4 4 4 4 4 4 4 4 4 4 4 4 4 4 4 4 4 4 4 4 4 4 4 4 4 4 4 4 4 4 4 4 4 4 4 4 4 4 4 4 4 4 4 4 4 4 4 4 4 4 4 4 4 4 4 4 4 4 4 4 4 4 4 4 4 4 4 4 4 4 4 4 4 4 4 4 4 4 4 4 4 4 4 4 4 4 4 4 4 4 4 4 4 4 4 4 4 4 4 4 4 4 4 4 4 4 4 4 4 4 4 4 4 4 4 4 4 4 4 4 4 4 4 4 4 4 4 4 4 4 4 4 4 4 4 4 4 4 4 4 4 4 4 4 4 4 4 4 4 4 4 4 4 4 4 4 4 4 4 4 4 4 4 4 4 4 4 4 4 4 4 4 4 4 4 4 4 4 4 4 4 4 4 4 4 4 4 4 4 4 4 4 4 4 4 4 4 4 4 4 4 4 4 4 4 4 4 4 4 4 4 4 4 4 4 4 4 4 4 4 4 4 4 4 4 4 4 4 4 4 4 4 4 4 4 4 4 4 4 4 4 4 4 4 4 4 4 4 4 4 4 4 4 4 4 4 4 4 4 4 4 4 4 4 4 4 4 4 4 4 4 4 4 4 4 4 4 4 4 4 4 4 4 4 4 4 4 4 4 4 4 4 4 4 4 4 4 4 4 4 4 4 4 4 4 4 4 4 4 4 4 4 4 4 4 4 4 4 4 4 4 4 4 4 4 4 4 4 4 4 4 4 4 4 4 4 4 4 4 4 4 4 4 4 4 4 4 4 4 4 4 4 4 4 4 4 4 4 4 4 4 4 4 4 4 4 4 4 4 4 4 4 4 4 4 4 4 4 4 4 4 4 4 4 4 4 4 4 4 4 4 4 4 4 4 4 4 4 4 4 4 4 4 4 4 4 4 4 4 4 4 4 4 4 4 4 4 4 4 4 4 4 4 4 4 4 4 4 4 4 4 4 4 4 4 4 4 4 4 4 4 4 4 4 4 4 4 4 4 4 4 4 4 4 4 4 4 4 4 4 4 4 4 4 4 4 4 4 4 4 4 4 4 4 4 4 4 4 4 4 4 4 4 4 4 4 4 4 4 4 4 4 4 4 4 4 4 4 4 4 4 4 4 4 4 4 4 4 4 4 4 4 4 4 4 4 4 4 4 4 4 4 4 4 4 4 4 4 4 4 4 4 4 4 4 4 4 4 4 4 4 4 4 4 4 4 4 4 4 4 4 4 4 4 4 4 4 4 4 4 4 4 4 4 4 4 4 4 4 4 4 4 4 4 4 4 4 4 4 4 4 4 4 4 4 4 4 4 4 4 4 4 4 4 4 4 4 4 4 4 4 4 4 4 4 4 4 4 4 4 4 4 4 4 4 4 4 4 4 4 4 4 4 4 4 4 4 4 4 4 4 4 4 4 4 4 4 4 4 4 4 4 4 4 4 4 4 4 4 4 4 4 4 4 4 4 4 4 4 4 4 4 4 4 4 4 4 4 4 4 4 4 4 4 4 4 4 4 4 4 4 4 4 4 4 4 4 4 4 4 4 4 4 4 4 4 4 4 4 4 4 4 4 4 4 4 4 4 4 4 4 4 4 4 4 4 4 4 4 4 4 4 4 4 4 4 4 4 4 4 4 4 4 4 4 4 4 4 4 4 4 4 4 4 4 4 4 4 4 4 4 4 4 4 4 4 4 4 4 4 4 4 4 4 4 4 4 4 4 4 4 4 4 4 4 4 4 4 4 4 4 4 4 4 4 4 4 4 4 4 4 4 4 4 4 4 4 4 4 4 4 4 4 4 4 4 4 4 4 4 4 4 4 4 4 4 4 4 4 4 4 4 4 4 4 4 4 4 4 4 4 4 4 4 4 4 4 4 4 4 4 4 4 4 4 4 4 4 4 4 4 4 4 4 4 4 4 4 4 4 4 4 4 4 4 4 4 4 4 4 4 4 4 4 4 4 4 4 4 4 4 4 4 4 4 4 4 4 4 4 4 4 4 4 4 4 4 4 4 4 4 4 4 4 4 4 4 4 4 4 4 4 4 4 4 4 4 4 4 4 4 4 4 4 4 4 4 4 4 4 4 4 4 4 4 4 4 4 4 4 4 4 4 4 4 4 4 4 4 4 4 4 4 4 4 4 4 4 4 4 4 4 4 4 4 4 4 4 4 4 4 4 4 4 4 4 4 4 4 4 4 4 4 4 4 4 4 4 4 4 4 4 4 4 4 4 4 4 4 4 4 4 4 4 4 4 4 4 4 4 4 4 4 4 4 4 4 4 4 4 4 4 4 4 4 4 4 4 4 4 4 4 4 4 4 4 4 4 4 4 4 4 4 4 4 4 4 4 4 4 4 4 4 4 4 4 4 4 4 4 4 4 4 4 4 4 4 4 4 4 4 4 4 4 4 4 4 4 4 4 4 4 4 4 4 4 4 4 4 4 4 4 4 4 4 4 4 4 4 4 4 4 4 4 4 4 4 4 4 4 4 4 4 4 4 4 4 4 4 4 4 4 4 4 4 4 4 4 4 4 4 4 4 4 4 4 4 4 4 4 4 4 4 4 4 4 4 4 4 4 4 4 4 4 4 4 4 4 4 4 4 4 4 4 4 4 4 4 4 4 4 4 4 4 4 4 4 4 4 4 4 4 4 4 4 4 4 4 4 4 4 4 4 4 4 4 4 4 4 4 4 4 4 4 4 4 4 4 4 4 4 4 4 4 4 4 4 4 4 4 4 4 4 4 4 4 4 4 4 4 4 4 4 4 4 4 4 4 4 4 4 4 4 4 4 4 4 4 4 4 4 4 4 4 4 4 4 4 4 4 4 4 4 4 4 4 4 4 4 4 4 4 4 4 4 4 4 4 4 4 4 4 4 4 4 4 4 4 4 4 4 4 4 4 4 4 4 4 4 4 4 4 4 4 4 4 4 4 4 4 4 4 4 4 4 4 4 4 4 4 4 4 4 4 4 4 4 4 4 4 4 4 4 4 4 4 4 4 4 4 4 4 4 4 4 4 4 4 4 4 4 4 4 4 4 4 4 4 4 4 4 4 4 4 4 4 4 4 4 4 4 4 4 4 4 4 4 4 4 4 4 4 4 4 4 4 4 4 4 4 4 4 4 4 4 4 4 4 4 4 4 4 4 4 4 4 4 4 4 4 4 4 4 4 4 4 4 4 4 4 4 4 4 4 4 4 4 4 4 4 4 4 4 4 4 4 4 4 4 4 4 4 4 4 4 4 4 4 4 4 4 4 4 4 4 
        </DataArray>
      </CellData>
    </Piece>
  </PolyData>
</VTKFile>
