<?xml version="1.0"?>
<VTKFile type="PolyData" version="1.0" byte_order="LittleEndian" header_type="UInt64">
  <PolyData>
    <Piece NumberOfPoints="2000" NumberOfPolys="2000">
      <Points>
        <DataArray type="Float64" Name="Points" NumberOfComponents="3" format="ascii">
0.1 0 0.0 0.099999 0.000314157 0.0 0.099998 0.000628314 0.0 0.0999951 0.000942459 0.0 0.0999921 0.0012566 0.0 0.0999872 0.00157072 0.0 0.0999822 0.00188484 0.0 0.0999753 0.00219893 0.0 0.0999684 0.00251301 0.0 0.0999595 0.00282704 0.0 0.0999507 0.00314108 0.0 0.0999398 0.00345505 0.0 0.0999289 0.00376902 0.0 0.0999161 0.00408292 0.0 0.0999033 0.00439681 0.0 0.0998885 0.00471062 0.0 0.0998737 0.00502443 0.0 0.0998569 0.00533814 0.0 0.0998402 0.00565185 0.0 0.0998214 0.00596545 0.0 0.0998027 0.00627905 0.0 0.099782 0.00659253 0.0 0.0997613 0.006906 0.0 0.0997386 0.00721934 0.0 0.0997159 0.00753268 0.0 0.0996912 0.00784587 0.0 0.0996666 0.00815906 0.0 0.09964 0.00847209 0.0 0.0996134 0.00878512 0.0 0.0995848 0.00909798 0.0 0.0995562 0.00941083 0.0 0.0995256 0.0097235 0.0 0.0994951 0.0100362 0.0 0.0994626 0.0103486 0.0 0.0994301 0.0106611 0.0 0.0993956 0.0109734 0.0 0.0993611 0.0112856 0.0 0.0993247 0.0115977 0.0 0.0992883 0.0119097 0.0 0.0992499 0.0122215 0.0 0.0992115 0.0125333 0.0 0.0991711 0.0128449 0.0 0.0991308 0.0131564 0.0 0.0990885 0.0134677 0.0 0.0990461 0.013779 0.0 0.0990019 0.0140901 0.0 0.0989576 0.0144011 0.0 0.0989114 0.0147118 0.0 0.0988652 0.0150226 0.0 0.098817 0.015333 0.0 0.0987688 0.0156434 0.0 0.0987187 0.0159536 0.0 0.0986686 0.0162637 0.0 0.0986165 0.0165735 0.0 0.0985645 0.0168833 0.0 0.0985104 0.0171928 0.0 0.0984564 0.0175023 0.0 0.0984005 0.0178114 0.0 0.0983445 0.0181206 0.0 0.0982866 0.0184294 0.0 0.0982287 0.0187381 0.0 0.0981689 0.0190465 0.0 0.0981091 0.0193549 0.0 0.0980473 0.019663 0.0 0.0979855 0.019971 0.0 0.0979218 0.0202786 0.0 0.0978581 0.0205863 0.0 0.0977925 0.0208935 0.0 0.0977268 0.0212007 0.0 0.0976592 0.0215075 0.0 0.0975917 0.0218143 0.0 0.0975222 0.0221207 0.0 0.0974527 0.0224271 0.0 0.0973813 0.022733 0.0 0.0973099 0.0230389 0.0 0.0972365 0.0233444 0.0 0.0971632 0.0236499 0.0 0.0970879 0.0239549 0.0 0.0970127 0.0242599 0.0 0.0969355 0.0245645 0.0 0.0968583 0.024869 0.0 0.0967792 0.025173 0.0 0.0967001 0.0254771 0.0 0.0966192 0.0257806 0.0 0.0965382 0.0260842 0.0 0.0964553 0.0263872 0.0 0.0963724 0.0266902 0.0 0.0962876 0.0269927 0.0 0.0962028 0.0272952 0.0 0.0961161 0.0275972 0.0 0.0960294 0.0278991 0.0 0.0959408 0.0282005 0.0 0.0958522 0.0285019 0.0 0.0957617 0.0288028 0.0 0.0956712 0.0291036 0.0 0.0955788 0.0294039 0.0 0.0954865 0.0297042 0.0 0.0953922 0.0300038 0.0 0.0952979 0.0303035 0.0 0.0952018 0.0306026 0.0 0.0951057 0.0309017 0.0 0.0950076 0.0312002 0.0 0.0949096 0.0314987 0.0 0.0948097 0.0317965 0.0 0.0947098 0.0320944 0.0 0.0946081 0.0323916 0.0 0.0945063 0.0326888 0.0 0.0944027 0.0329854 0.0 0.0942991 0.033282 0.0 0.0941936 0.0335779 0.0 0.0940881 0.0338738 0.0 0.0939807 0.034169 0.0 0.0938734 0.0344643 0.0 0.0937642 0.0347589 0.0 0.093655 0.0350534 0.0 0.0935439 0.0353473 0.0 0.0934329 0.0356412 0.0 0.09332 0.0359344 0.0 0.0932071 0.0362275 0.0 0.0930924 0.03652 0.0 0.0929776 0.0368125 0.0 0.0928611 0.0371042 0.0 0.0927445 0.0373959 0.0 0.0926261 0.0376869 0.0 0.0925077 0.0379779 0.0 0.0923875 0.0382682 0.0 0.0922673 0.0385584 0.0 0.0921452 0.0388479 0.0 0.0920232 0.0391374 0.0 0.0918993 0.0394261 0.0 0.0917755 0.0397148 0.0 0.0916498 0.0400027 0.0 0.0915241 0.0402906 0.0 0.0913966 0.0405778 0.0 0.0912692 0.0408649 0.0 0.0911399 0.0411512 0.0 0.0910106 0.0414376 0.0 0.0908795 0.0417231 0.0 0.0907484 0.0420086 0.0 0.0906156 0.0422933 0.0 0.0904827 0.0425779 0.0 0.0903481 0.0428618 0.0 0.0902134 0.0431456 0.0 0.090077 0.0434286 0.0 0.0899405 0.0437116 0.0 0.0898023 0.0439937 0.0 0.0896641 0.0442758 0.0 0.0895241 0.0445571 0.0 0.0893841 0.0448383 0.0 0.0892424 0.0451187 0.0 0.0891007 0.0453991 0.0 0.0889571 0.0456785 0.0 0.0888136 0.045958 0.0 0.0886684 0.0462365 0.0 0.0885231 0.0465151 0.0 0.0883761 0.0467928 0.0 0.0882291 0.0470704 0.0 0.0880804 0.0473471 0.0 0.0879316 0.0476238 0.0 0.0877811 0.0478996 0.0 0.0876307 0.0481754 0.0 0.0874785 0.0484502 0.0 0.0873262 0.048725 0.0 0.0871723 0.0489989 0.0 0.0870184 0.0492727 0.0 0.0868627 0.0495456 0.0 0.0867071 0.0498185 0.0 0.0865497 0.0500904 0.0 0.0863923 0.0503623 0.0 0.0862333 0.0506332 0.0 0.0860742 0.0509041 0.0 0.0859134 0.051174 0.0 0.0857527 0.051444 0.0 0.0855902 0.0517128 0.0 0.0854277 0.0519817 0.0 0.0852636 0.0522496 0.0 0.0850994 0.0525175 0.0 0.0849336 0.0527843 0.0 0.0847678 0.0530511 0.0 0.0846003 0.0533169 0.0 0.0844328 0.0535827 0.0 0.0842636 0.0538474 0.0 0.0840945 0.0541121 0.0 0.0839236 0.0543758 0.0 0.0837528 0.0546394 0.0 0.0835803 0.054902 0.0 0.0834078 0.0551646 0.0 0.0832337 0.0554261 0.0 0.0830596 0.0556876 0.0 0.0828838 0.0559479 0.0 0.0827081 0.0562083 0.0 0.0825307 0.0564676 0.0 0.0823533 0.0567269 0.0 0.0821742 0.0569851 0.0 0.0819952 0.0572432 0.0 0.0818146 0.0575002 0.0 0.0816339 0.0577573 0.0 0.0814517 0.0580132 0.0 0.0812694 0.058269 0.0 0.0810856 0.0585238 0.0 0.0809017 0.0587785 0.0 0.0807162 0.0590321 0.0 0.0805308 0.0592857 0.0 0.0803437 0.0595381 0.0 0.0801567 0.0597905 0.0 0.0799681 0.0600417 0.0 0.0797794 0.060293 0.0 0.0795892 0.060543 0.0 0.079399 0.060793 0.0 0.0792073 0.0610419 0.0 0.0790155 0.0612907 0.0 0.0788222 0.0615383 0.0 0.0786288 0.061786 0.0 0.078434 0.0620324 0.0 0.0782391 0.0622788 0.0 0.0780427 0.062524 0.0 0.0778462 0.0627691 0.0 0.0776483 0.0630131 0.0 0.0774503 0.063257 0.0 0.0772508 0.0634997 0.0 0.0770513 0.0637424 0.0 0.0768503 0.0639838 0.0 0.0766493 0.0642253 0.0 0.0764468 0.0644654 0.0 0.0762443 0.0647056 0.0 0.0760402 0.0649445 0.0 0.0758362 0.0651834 0.0 0.0756307 0.065421 0.0 0.0754251 0.0656586 0.0 0.0752181 0.0658949 0.0 0.0750111 0.0661312 0.0 0.0748026 0.0663662 0.0 0.0745941 0.0666012 0.0 0.0743841 0.0668349 0.0 0.0741742 0.0670686 0.0 0.0739627 0.0673009 0.0 0.0737513 0.0675333 0.0 0.0735384 0.0677643 0.0 0.0733255 0.0679953 0.0 0.0731112 0.068225 0.0 0.0728969 0.0684547 0.0 0.0726811 0.068683 0.0 0.0724653 0.0689114 0.0 0.0722481 0.0691384 0.0 0.0720309 0.0693653 0.0 0.0718123 0.0695909 0.0 0.0715936 0.0698165 0.0 0.0713736 0.0700408 0.0 0.0711536 0.070265 0.0 0.0709321 0.0704878 0.0 0.0707107 0.0707107 0.0 0.0704878 0.0709321 0.0 0.070265 0.0711536 0.0 0.0700408 0.0713736 0.0 0.0698165 0.0715936 0.0 0.0695909 0.0718123 0.0 0.0693653 0.0720309 0.0 0.0691384 0.0722481 0.0 0.0689114 0.0724653 0.0 0.068683 0.0726811 0.0 0.0684547 0.0728969 0.0 0.068225 0.0731112 0.0 0.0679953 0.0733255 0.0 0.0677643 0.0735384 0.0 0.0675333 0.0737513 0.0 0.0673009 0.0739627 0.0 0.0670686 0.0741742 0.0 0.0668349 0.0743841 0.0 0.0666012 0.0745941 0.0 0.0663662 0.0748026 0.0 0.0661312 0.0750111 0.0 0.0658949 0.0752181 0.0 0.0656586 0.0754251 0.0 0.065421 0.0756307 0.0 0.0651834 0.0758362 0.0 0.0649445 0.0760402 0.0 0.0647056 0.0762443 0.0 0.0644654 0.0764468 0.0 0.0642253 0.0766493 0.0 0.0639838 0.0768503 0.0 0.0637424 0.0770513 0.0 0.0634997 0.0772508 0.0 0.063257 0.0774503 0.0 0.0630131 0.0776483 0.0 0.0627691 0.0778462 0.0 0.062524 0.0780427 0.0 0.0622788 0.0782391 0.0 0.0620324 0.078434 0.0 0.061786 0.0786288 0.0 0.0615383 0.0788222 0.0 0.0612907 0.0790155 0.0 0.0610419 0.0792073 0.0 0.060793 0.079399 0.0 0.060543 0.0795892 0.0 0.060293 0.0797794 0.0 0.0600417 0.0799681 0.0 0.0597905 0.0801567 0.0 0.0595381 0.0803437 0.0 0.0592857 0.0805308 0.0 0.0590321 0.0807162 0.0 0.0587785 0.0809017 0.0 0.0585238 0.0810856 0.0 0.058269 0.0812694 0.0 0.0580132 0.0814517 0.0 0.0577573 0.0816339 0.0 0.0575002 0.0818146 0.0 0.0572432 0.0819952 0.0 0.0569851 0.0821742 0.0 0.0567269 0.0823533 0.0 0.0564676 0.0825307 0.0 0.0562083 0.0827081 0.0 0.0559479 0.0828838 0.0 0.0556876 0.0830596 0.0 0.0554261 0.0832337 0.0 0.0551646 0.0834078 0.0 0.054902 0.0835803 0.0 0.0546394 0.0837528 0.0 0.0543758 0.0839236 0.0 0.0541121 0.0840945 0.0 0.0538474 0.0842636 0.0 0.0535827 0.0844328 0.0 0.0533169 0.0846003 0.0 0.0530511 0.0847678 0.0 0.0527843 0.0849336 0.0 0.0525175 0.0850994 0.0 0.0522496 0.0852636 0.0 0.0519817 0.0854277 0.0 0.0517128 0.0855902 0.0 0.051444 0.0857527 0.0 0.051174 0.0859134 0.0 0.0509041 0.0860742 0.0 0.0506332 0.0862333 0.0 0.0503623 0.0863923 0.0 0.0500904 0.0865497 0.0 0.0498185 0.0867071 0.0 0.0495456 0.0868627 0.0 0.0492727 0.0870184 0.0 0.0489989 0.0871723 0.0 0.048725 0.0873262 0.0 0.0484502 0.0874785 0.0 0.0481754 0.0876307 0.0 0.0478996 0.0877811 0.0 0.0476238 0.0879316 0.0 0.0473471 0.0880804 0.0 0.0470704 0.0882291 0.0 0.0467928 0.0883761 0.0 0.0465151 0.0885231 0.0 0.0462365 0.0886684 0.0 0.045958 0.0888136 0.0 0.0456785 0.0889571 0.0 0.0453991 0.0891007 0.0 0.0451187 0.0892424 0.0 0.0448383 0.0893841 0.0 0.0445571 0.0895241 0.0 0.0442758 0.0896641 0.0 0.0439937 0.0898023 0.0 0.0437116 0.0899405 0.0 0.0434286 0.090077 0.0 0.0431456 0.0902134 0.0 0.0428618 0.0903481 0.0 0.0425779 0.0904827 0.0 0.0422933 0.0906156 0.0 0.0420086 0.0907484 0.0 0.0417231 0.0908795 0.0 0.0414376 0.0910106 0.0 0.0411512 0.0911399 0.0 0.0408649 0.0912692 0.0 0.0405778 0.0913966 0.0 0.0402906 0.0915241 0.0 0.0400027 0.0916498 0.0 0.0397148 0.0917755 0.0 0.0394261 0.0918993 0.0 0.0391374 0.0920232 0.0 0.0388479 0.0921452 0.0 0.0385584 0.0922673 0.0 0.0382682 0.0923875 0.0 0.0379779 0.0925077 0.0 0.0376869 0.0926261 0.0 0.0373959 0.0927445 0.0 0.0371042 0.0928611 0.0 0.0368125 0.0929776 0.0 0.03652 0.0930924 0.0 0.0362275 0.0932071 0.0 0.0359344 0.09332 0.0 0.0356412 0.0934329 0.0 0.0353473 0.0935439 0.0 0.0350534 0.093655 0.0 0.0347589 0.0937642 0.0 0.0344643 0.0938734 0.0 0.034169 0.0939807 0.0 0.0338738 0.0940881 0.0 0.0335779 0.0941936 0.0 0.033282 0.0942991 0.0 0.0329854 0.0944027 0.0 0.0326888 0.0945063 0.0 0.0323916 0.0946081 0.0 0.0320944 0.0947098 0.0 0.0317965 0.0948097 0.0 0.0314987 0.0949096 0.0 0.0312002 0.0950076 0.0 0.0309017 0.0951057 0.0 0.0306026 0.0952018 0.0 0.0303035 0.0952979 0.0 0.0300038 0.0953922 0.0 0.0297042 0.0954865 0.0 0.0294039 0.0955788 0.0 0.0291036 0.0956712 0.0 0.0288028 0.0957617 0.0 0.0285019 0.0958522 0.0 0.0282005 0.0959408 0.0 0.0278991 0.0960294 0.0 0.0275972 0.0961161 0.0 0.0272952 0.0962028 0.0 0.0269927 0.0962876 0.0 0.0266902 0.0963724 0.0 0.0263872 0.0964553 0.0 0.0260842 0.0965382 0.0 0.0257806 0.0966192 0.0 0.0254771 0.0967001 0.0 0.025173 0.0967792 0.0 0.024869 0.0968583 0.0 0.0245645 0.0969355 0.0 0.0242599 0.0970127 0.0 0.0239549 0.0970879 0.0 0.0236499 0.0971632 0.0 0.0233444 0.0972365 0.0 0.0230389 0.0973099 0.0 0.022733 0.0973813 0.0 0.0224271 0.0974527 0.0 0.0221207 0.0975222 0.0 0.0218143 0.0975917 0.0 0.0215075 0.0976592 0.0 0.0212007 0.0977268 0.0 0.0208935 0.0977925 0.0 0.0205863 0.0978581 0.0 0.0202786 0.0979218 0.0 0.019971 0.0979855 0.0 0.019663 0.0980473 0.0 0.0193549 0.0981091 0.0 0.0190465 0.0981689 0.0 0.0187381 0.0982287 0.0 0.0184294 0.0982866 0.0 0.0181206 0.0983445 0.0 0.0178114 0.0984005 0.0 0.0175023 0.0984564 0.0 0.0171928 0.0985104 0.0 0.0168833 0.0985645 0.0 0.0165735 0.0986165 0.0 0.0162637 0.0986686 0.0 0.0159536 0.0987187 0.0 0.0156434 0.0987688 0.0 0.015333 0.098817 0.0 0.0150226 0.0988652 0.0 0.0147118 0.0989114 0.0 0.0144011 0.0989576 0.0 0.0140901 0.0990019 0.0 0.013779 0.0990461 0.0 0.0134677 0.0990885 0.0 0.0131564 0.0991308 0.0 0.0128449 0.0991711 0.0 0.0125333 0.0992115 0.0 0.0122215 0.0992499 0.0 0.0119097 0.0992883 0.0 0.0115977 0.0993247 0.0 0.0112856 0.0993611 0.0 0.0109734 0.0993956 0.0 0.0106611 0.0994301 0.0 0.0103486 0.0994626 0.0 0.0100362 0.0994951 0.0 0.0097235 0.0995256 0.0 0.00941083 0.0995562 0.0 0.00909798 0.0995848 0.0 0.00878512 0.0996134 0.0 0.00847209 0.09964 0.0 0.00815906 0.0996666 0.0 0.00784587 0.0996912 0.0 0.00753268 0.0997159 0.0 0.00721934 0.0997386 0.0 0.006906 0.0997613 0.0 0.00659253 0.099782 0.0 0.00627905 0.0998027 0.0 0.00596545 0.0998214 0.0 0.00565185 0.0998402 0.0 0.00533814 0.0998569 0.0 0.00502443 0.0998737 0.0 0.00471062 0.0998885 0.0 0.00439681 0.0999033 0.0 0.00408292 0.0999161 0.0 0.00376902 0.0999289 0.0 0.00345505 0.0999398 0.0 0.00314108 0.0999507 0.0 0.00282704 0.0999595 0.0 0.00251301 0.0999684 0.0 0.00219893 0.0999753 0.0 0.00188484 0.0999822 0.0 0.00157072 0.0999872 0.0 0.0012566 0.0999921 0.0 0.000942459 0.0999951 0.0 0.000628314 0.099998 0.0 0.000314157 0.099999 0.0 0 0.1 0.0 -0.000314157 0.099999 0.0 -0.000628314 0.099998 0.0 -0.000942459 0.0999951 0.0 -0.0012566 0.0999921 0.0 -0.00157072 0.0999872 0.0 -0.00188484 0.0999822 0.0 -0.00219893 0.0999753 0.0 -0.00251301 0.0999684 0.0 -0.00282704 0.0999595 0.0 -0.00314108 0.0999507 0.0 -0.00345505 0.0999398 0.0 -0.00376902 0.0999289 0.0 -0.00408292 0.0999161 0.0 -0.00439681 0.0999033 0.0 -0.00471062 0.0998885 0.0 -0.00502443 0.0998737 0.0 -0.00533814 0.0998569 0.0 -0.00565185 0.0998402 0.0 -0.00596545 0.0998214 0.0 -0.00627905 0.0998027 0.0 -0.00659253 0.099782 0.0 -0.006906 0.0997613 0.0 -0.00721934 0.0997386 0.0 -0.00753268 0.0997159 0.0 -0.00784587 0.0996912 0.0 -0.00815906 0.0996666 0.0 -0.00847209 0.09964 0.0 -0.00878512 0.0996134 0.0 -0.00909798 0.0995848 0.0 -0.00941083 0.0995562 0.0 -0.0097235 0.0995256 0.0 -0.0100362 0.0994951 0.0 -0.0103486 0.0994626 0.0 -0.0106611 0.0994301 0.0 -0.0109734 0.0993956 0.0 -0.0112856 0.0993611 0.0 -0.0115977 0.0993247 0.0 -0.0119097 0.0992883 0.0 -0.0122215 0.0992499 0.0 -0.0125333 0.0992115 0.0 -0.0128449 0.0991711 0.0 -0.0131564 0.0991308 0.0 -0.0134677 0.0990885 0.0 -0.013779 0.0990461 0.0 -0.0140901 0.0990019 0.0 -0.0144011 0.0989576 0.0 -0.0147118 0.0989114 0.0 -0.0150226 0.0988652 0.0 -0.015333 0.098817 0.0 -0.0156434 0.0987688 0.0 -0.0159536 0.0987187 0.0 -0.0162637 0.0986686 0.0 -0.0165735 0.0986165 0.0 -0.0168833 0.0985645 0.0 -0.0171928 0.0985104 0.0 -0.0175023 0.0984564 0.0 -0.0178114 0.0984005 0.0 -0.0181206 0.0983445 0.0 -0.0184294 0.0982866 0.0 -0.0187381 0.0982287 0.0 -0.0190465 0.0981689 0.0 -0.0193549 0.0981091 0.0 -0.019663 0.0980473 0.0 -0.019971 0.0979855 0.0 -0.0202786 0.0979218 0.0 -0.0205863 0.0978581 0.0 -0.0208935 0.0977925 0.0 -0.0212007 0.0977268 0.0 -0.0215075 0.0976592 0.0 -0.0218143 0.0975917 0.0 -0.0221207 0.0975222 0.0 -0.0224271 0.0974527 0.0 -0.022733 0.0973813 0.0 -0.0230389 0.0973099 0.0 -0.0233444 0.0972365 0.0 -0.0236499 0.0971632 0.0 -0.0239549 0.0970879 0.0 -0.0242599 0.0970127 0.0 -0.0245645 0.0969355 0.0 -0.024869 0.0968583 0.0 -0.025173 0.0967792 0.0 -0.0254771 0.0967001 0.0 -0.0257806 0.0966192 0.0 -0.0260842 0.0965382 0.0 -0.0263872 0.0964553 0.0 -0.0266902 0.0963724 0.0 -0.0269927 0.0962876 0.0 -0.0272952 0.0962028 0.0 -0.0275972 0.0961161 0.0 -0.0278991 0.0960294 0.0 -0.0282005 0.0959408 0.0 -0.0285019 0.0958522 0.0 -0.0288028 0.0957617 0.0 -0.0291036 0.0956712 0.0 -0.0294039 0.0955788 0.0 -0.0297042 0.0954865 0.0 -0.0300038 0.0953922 0.0 -0.0303035 0.0952979 0.0 -0.0306026 0.0952018 0.0 -0.0309017 0.0951057 0.0 -0.0312002 0.0950076 0.0 -0.0314987 0.0949096 0.0 -0.0317965 0.0948097 0.0 -0.0320944 0.0947098 0.0 -0.0323916 0.0946081 0.0 -0.0326888 0.0945063 0.0 -0.0329854 0.0944027 0.0 -0.033282 0.0942991 0.0 -0.0335779 0.0941936 0.0 -0.0338738 0.0940881 0.0 -0.034169 0.0939807 0.0 -0.0344643 0.0938734 0.0 -0.0347589 0.0937642 0.0 -0.0350534 0.093655 0.0 -0.0353473 0.0935439 0.0 -0.0356412 0.0934329 0.0 -0.0359344 0.09332 0.0 -0.0362275 0.0932071 0.0 -0.03652 0.0930924 0.0 -0.0368125 0.0929776 0.0 -0.0371042 0.0928611 0.0 -0.0373959 0.0927445 0.0 -0.0376869 0.0926261 0.0 -0.0379779 0.0925077 0.0 -0.0382682 0.0923875 0.0 -0.0385584 0.0922673 0.0 -0.0388479 0.0921452 0.0 -0.0391374 0.0920232 0.0 -0.0394261 0.0918993 0.0 -0.0397148 0.0917755 0.0 -0.0400027 0.0916498 0.0 -0.0402906 0.0915241 0.0 -0.0405778 0.0913966 0.0 -0.0408649 0.0912692 0.0 -0.0411512 0.0911399 0.0 -0.0414376 0.0910106 0.0 -0.0417231 0.0908795 0.0 -0.0420086 0.0907484 0.0 -0.0422933 0.0906156 0.0 -0.0425779 0.0904827 0.0 -0.0428618 0.0903481 0.0 -0.0431456 0.0902134 0.0 -0.0434286 0.090077 0.0 -0.0437116 0.0899405 0.0 -0.0439937 0.0898023 0.0 -0.0442758 0.0896641 0.0 -0.0445571 0.0895241 0.0 -0.0448383 0.0893841 0.0 -0.0451187 0.0892424 0.0 -0.0453991 0.0891007 0.0 -0.0456785 0.0889571 0.0 -0.045958 0.0888136 0.0 -0.0462365 0.0886684 0.0 -0.0465151 0.0885231 0.0 -0.0467928 0.0883761 0.0 -0.0470704 0.0882291 0.0 -0.0473471 0.0880804 0.0 -0.0476238 0.0879316 0.0 -0.0478996 0.0877811 0.0 -0.0481754 0.0876307 0.0 -0.0484502 0.0874785 0.0 -0.048725 0.0873262 0.0 -0.0489989 0.0871723 0.0 -0.0492727 0.0870184 0.0 -0.0495456 0.0868627 0.0 -0.0498185 0.0867071 0.0 -0.0500904 0.0865497 0.0 -0.0503623 0.0863923 0.0 -0.0506332 0.0862333 0.0 -0.0509041 0.0860742 0.0 -0.051174 0.0859134 0.0 -0.051444 0.0857527 0.0 -0.0517128 0.0855902 0.0 -0.0519817 0.0854277 0.0 -0.0522496 0.0852636 0.0 -0.0525175 0.0850994 0.0 -0.0527843 0.0849336 0.0 -0.0530511 0.0847678 0.0 -0.0533169 0.0846003 0.0 -0.0535827 0.0844328 0.0 -0.0538474 0.0842636 0.0 -0.0541121 0.0840945 0.0 -0.0543758 0.0839236 0.0 -0.0546394 0.0837528 0.0 -0.054902 0.0835803 0.0 -0.0551646 0.0834078 0.0 -0.0554261 0.0832337 0.0 -0.0556876 0.0830596 0.0 -0.0559479 0.0828838 0.0 -0.0562083 0.0827081 0.0 -0.0564676 0.0825307 0.0 -0.0567269 0.0823533 0.0 -0.0569851 0.0821742 0.0 -0.0572432 0.0819952 0.0 -0.0575002 0.0818146 0.0 -0.0577573 0.0816339 0.0 -0.0580132 0.0814517 0.0 -0.058269 0.0812694 0.0 -0.0585238 0.0810856 0.0 -0.0587785 0.0809017 0.0 -0.0590321 0.0807162 0.0 -0.0592857 0.0805308 0.0 -0.0595381 0.0803437 0.0 -0.0597905 0.0801567 0.0 -0.0600417 0.0799681 0.0 -0.060293 0.0797794 0.0 -0.060543 0.0795892 0.0 -0.060793 0.079399 0.0 -0.0610419 0.0792073 0.0 -0.0612907 0.0790155 0.0 -0.0615383 0.0788222 0.0 -0.061786 0.0786288 0.0 -0.0620324 0.078434 0.0 -0.0622788 0.0782391 0.0 -0.062524 0.0780427 0.0 -0.0627691 0.0778462 0.0 -0.0630131 0.0776483 0.0 -0.063257 0.0774503 0.0 -0.0634997 0.0772508 0.0 -0.0637424 0.0770513 0.0 -0.0639838 0.0768503 0.0 -0.0642253 0.0766493 0.0 -0.0644654 0.0764468 0.0 -0.0647056 0.0762443 0.0 -0.0649445 0.0760402 0.0 -0.0651834 0.0758362 0.0 -0.065421 0.0756307 0.0 -0.0656586 0.0754251 0.0 -0.0658949 0.0752181 0.0 -0.0661312 0.0750111 0.0 -0.0663662 0.0748026 0.0 -0.0666012 0.0745941 0.0 -0.0668349 0.0743841 0.0 -0.0670686 0.0741742 0.0 -0.0673009 0.0739627 0.0 -0.0675333 0.0737513 0.0 -0.0677643 0.0735384 0.0 -0.0679953 0.0733255 0.0 -0.068225 0.0731112 0.0 -0.0684547 0.0728969 0.0 -0.068683 0.0726811 0.0 -0.0689114 0.0724653 0.0 -0.0691384 0.0722481 0.0 -0.0693653 0.0720309 0.0 -0.0695909 0.0718123 0.0 -0.0698165 0.0715936 0.0 -0.0700408 0.0713736 0.0 -0.070265 0.0711536 0.0 -0.0704878 0.0709321 0.0 -0.0707107 0.0707107 0.0 -0.0709321 0.0704878 0.0 -0.0711536 0.070265 0.0 -0.0713736 0.0700408 0.0 -0.0715936 0.0698165 0.0 -0.0718123 0.0695909 0.0 -0.0720309 0.0693653 0.0 -0.0722481 0.0691384 0.0 -0.0724653 0.0689114 0.0 -0.0726811 0.068683 0.0 -0.0728969 0.0684547 0.0 -0.0731112 0.068225 0.0 -0.0733255 0.0679953 0.0 -0.0735384 0.0677643 0.0 -0.0737513 0.0675333 0.0 -0.0739627 0.0673009 0.0 -0.0741742 0.0670686 0.0 -0.0743841 0.0668349 0.0 -0.0745941 0.0666012 0.0 -0.0748026 0.0663662 0.0 -0.0750111 0.0661312 0.0 -0.0752181 0.0658949 0.0 -0.0754251 0.0656586 0.0 -0.0756307 0.065421 0.0 -0.0758362 0.0651834 0.0 -0.0760402 0.0649445 0.0 -0.0762443 0.0647056 0.0 -0.0764468 0.0644654 0.0 -0.0766493 0.0642253 0.0 -0.0768503 0.0639838 0.0 -0.0770513 0.0637424 0.0 -0.0772508 0.0634997 0.0 -0.0774503 0.063257 0.0 -0.0776483 0.0630131 0.0 -0.0778462 0.0627691 0.0 -0.0780427 0.062524 0.0 -0.0782391 0.0622788 0.0 -0.078434 0.0620324 0.0 -0.0786288 0.061786 0.0 -0.0788222 0.0615383 0.0 -0.0790155 0.0612907 0.0 -0.0792073 0.0610419 0.0 -0.079399 0.060793 0.0 -0.0795892 0.060543 0.0 -0.0797794 0.060293 0.0 -0.0799681 0.0600417 0.0 -0.0801567 0.0597905 0.0 -0.0803437 0.0595381 0.0 -0.0805308 0.0592857 0.0 -0.0807162 0.0590321 0.0 -0.0809017 0.0587785 0.0 -0.0810856 0.0585238 0.0 -0.0812694 0.058269 0.0 -0.0814517 0.0580132 0.0 -0.0816339 0.0577573 0.0 -0.0818146 0.0575002 0.0 -0.0819952 0.0572432 0.0 -0.0821742 0.0569851 0.0 -0.0823533 0.0567269 0.0 -0.0825307 0.0564676 0.0 -0.0827081 0.0562083 0.0 -0.0828838 0.0559479 0.0 -0.0830596 0.0556876 0.0 -0.0832337 0.0554261 0.0 -0.0834078 0.0551646 0.0 -0.0835803 0.054902 0.0 -0.0837528 0.0546394 0.0 -0.0839236 0.0543758 0.0 -0.0840945 0.0541121 0.0 -0.0842636 0.0538474 0.0 -0.0844328 0.0535827 0.0 -0.0846003 0.0533169 0.0 -0.0847678 0.0530511 0.0 -0.0849336 0.0527843 0.0 -0.0850994 0.0525175 0.0 -0.0852636 0.0522496 0.0 -0.0854277 0.0519817 0.0 -0.0855902 0.0517128 0.0 -0.0857527 0.051444 0.0 -0.0859134 0.051174 0.0 -0.0860742 0.0509041 0.0 -0.0862333 0.0506332 0.0 -0.0863923 0.0503623 0.0 -0.0865497 0.0500904 0.0 -0.0867071 0.0498185 0.0 -0.0868627 0.0495456 0.0 -0.0870184 0.0492727 0.0 -0.0871723 0.0489989 0.0 -0.0873262 0.048725 0.0 -0.0874785 0.0484502 0.0 -0.0876307 0.0481754 0.0 -0.0877811 0.0478996 0.0 -0.0879316 0.0476238 0.0 -0.0880804 0.0473471 0.0 -0.0882291 0.0470704 0.0 -0.0883761 0.0467928 0.0 -0.0885231 0.0465151 0.0 -0.0886684 0.0462365 0.0 -0.0888136 0.045958 0.0 -0.0889571 0.0456785 0.0 -0.0891007 0.0453991 0.0 -0.0892424 0.0451187 0.0 -0.0893841 0.0448383 0.0 -0.0895241 0.0445571 0.0 -0.0896641 0.0442758 0.0 -0.0898023 0.0439937 0.0 -0.0899405 0.0437116 0.0 -0.090077 0.0434286 0.0 -0.0902134 0.0431456 0.0 -0.0903481 0.0428618 0.0 -0.0904827 0.0425779 0.0 -0.0906156 0.0422933 0.0 -0.0907484 0.0420086 0.0 -0.0908795 0.0417231 0.0 -0.0910106 0.0414376 0.0 -0.0911399 0.0411512 0.0 -0.0912692 0.0408649 0.0 -0.0913966 0.0405778 0.0 -0.0915241 0.0402906 0.0 -0.0916498 0.0400027 0.0 -0.0917755 0.0397148 0.0 -0.0918993 0.0394261 0.0 -0.0920232 0.0391374 0.0 -0.0921452 0.0388479 0.0 -0.0922673 0.0385584 0.0 -0.0923875 0.0382682 0.0 -0.0925077 0.0379779 0.0 -0.0926261 0.0376869 0.0 -0.0927445 0.0373959 0.0 -0.0928611 0.0371042 0.0 -0.0929776 0.0368125 0.0 -0.0930924 0.03652 0.0 -0.0932071 0.0362275 0.0 -0.09332 0.0359344 0.0 -0.0934329 0.0356412 0.0 -0.0935439 0.0353473 0.0 -0.093655 0.0350534 0.0 -0.0937642 0.0347589 0.0 -0.0938734 0.0344643 0.0 -0.0939807 0.034169 0.0 -0.0940881 0.0338738 0.0 -0.0941936 0.0335779 0.0 -0.0942991 0.033282 0.0 -0.0944027 0.0329854 0.0 -0.0945063 0.0326888 0.0 -0.0946081 0.0323916 0.0 -0.0947098 0.0320944 0.0 -0.0948097 0.0317965 0.0 -0.0949096 0.0314987 0.0 -0.0950076 0.0312002 0.0 -0.0951057 0.0309017 0.0 -0.0952018 0.0306026 0.0 -0.0952979 0.0303035 0.0 -0.0953922 0.0300038 0.0 -0.0954865 0.0297042 0.0 -0.0955788 0.0294039 0.0 -0.0956712 0.0291036 0.0 -0.0957617 0.0288028 0.0 -0.0958522 0.0285019 0.0 -0.0959408 0.0282005 0.0 -0.0960294 0.0278991 0.0 -0.0961161 0.0275972 0.0 -0.0962028 0.0272952 0.0 -0.0962876 0.0269927 0.0 -0.0963724 0.0266902 0.0 -0.0964553 0.0263872 0.0 -0.0965382 0.0260842 0.0 -0.0966192 0.0257806 0.0 -0.0967001 0.0254771 0.0 -0.0967792 0.025173 0.0 -0.0968583 0.024869 0.0 -0.0969355 0.0245645 0.0 -0.0970127 0.0242599 0.0 -0.0970879 0.0239549 0.0 -0.0971632 0.0236499 0.0 -0.0972365 0.0233444 0.0 -0.0973099 0.0230389 0.0 -0.0973813 0.022733 0.0 -0.0974527 0.0224271 0.0 -0.0975222 0.0221207 0.0 -0.0975917 0.0218143 0.0 -0.0976592 0.0215075 0.0 -0.0977268 0.0212007 0.0 -0.0977925 0.0208935 0.0 -0.0978581 0.0205863 0.0 -0.0979218 0.0202786 0.0 -0.0979855 0.019971 0.0 -0.0980473 0.019663 0.0 -0.0981091 0.0193549 0.0 -0.0981689 0.0190465 0.0 -0.0982287 0.0187381 0.0 -0.0982866 0.0184294 0.0 -0.0983445 0.0181206 0.0 -0.0984005 0.0178114 0.0 -0.0984564 0.0175023 0.0 -0.0985104 0.0171928 0.0 -0.0985645 0.0168833 0.0 -0.0986165 0.0165735 0.0 -0.0986686 0.0162637 0.0 -0.0987187 0.0159536 0.0 -0.0987688 0.0156434 0.0 -0.098817 0.015333 0.0 -0.0988652 0.0150226 0.0 -0.0989114 0.0147118 0.0 -0.0989576 0.0144011 0.0 -0.0990019 0.0140901 0.0 -0.0990461 0.013779 0.0 -0.0990885 0.0134677 0.0 -0.0991308 0.0131564 0.0 -0.0991711 0.0128449 0.0 -0.0992115 0.0125333 0.0 -0.0992499 0.0122215 0.0 -0.0992883 0.0119097 0.0 -0.0993247 0.0115977 0.0 -0.0993611 0.0112856 0.0 -0.0993956 0.0109734 0.0 -0.0994301 0.0106611 0.0 -0.0994626 0.0103486 0.0 -0.0994951 0.0100362 0.0 -0.0995256 0.0097235 0.0 -0.0995562 0.00941083 0.0 -0.0995848 0.00909798 0.0 -0.0996134 0.00878512 0.0 -0.09964 0.00847209 0.0 -0.0996666 0.00815906 0.0 -0.0996912 0.00784587 0.0 -0.0997159 0.00753268 0.0 -0.0997386 0.00721934 0.0 -0.0997613 0.006906 0.0 -0.099782 0.00659253 0.0 -0.0998027 0.00627905 0.0 -0.0998214 0.00596545 0.0 -0.0998402 0.00565185 0.0 -0.0998569 0.00533814 0.0 -0.0998737 0.00502443 0.0 -0.0998885 0.00471062 0.0 -0.0999033 0.00439681 0.0 -0.0999161 0.00408292 0.0 -0.0999289 0.00376902 0.0 -0.0999398 0.00345505 0.0 -0.0999507 0.00314108 0.0 -0.0999595 0.00282704 0.0 -0.0999684 0.00251301 0.0 -0.0999753 0.00219893 0.0 -0.0999822 0.00188484 0.0 -0.0999872 0.00157072 0.0 -0.0999921 0.0012566 0.0 -0.0999951 0.000942459 0.0 -0.099998 0.000628314 0.0 -0.099999 0.000314157 0.0 -0.1 0 0.0 -0.099999 -0.000314157 0.0 -0.099998 -0.000628314 0.0 -0.0999951 -0.000942459 0.0 -0.0999921 -0.0012566 0.0 -0.0999872 -0.00157072 0.0 -0.0999822 -0.00188484 0.0 -0.0999753 -0.00219893 0.0 -0.0999684 -0.00251301 0.0 -0.0999595 -0.00282704 0.0 -0.0999507 -0.00314108 0.0 -0.0999398 -0.00345505 0.0 -0.0999289 -0.00376902 0.0 -0.0999161 -0.00408292 0.0 -0.0999033 -0.00439681 0.0 -0.0998885 -0.00471062 0.0 -0.0998737 -0.00502443 0.0 -0.0998569 -0.00533814 0.0 -0.0998402 -0.00565185 0.0 -0.0998214 -0.00596545 0.0 -0.0998027 -0.00627905 0.0 -0.099782 -0.00659253 0.0 -0.0997613 -0.006906 0.0 -0.0997386 -0.00721934 0.0 -0.0997159 -0.00753268 0.0 -0.0996912 -0.00784587 0.0 -0.0996666 -0.00815906 0.0 -0.09964 -0.00847209 0.0 -0.0996134 -0.00878512 0.0 -0.0995848 -0.00909798 0.0 -0.0995562 -0.00941083 0.0 -0.0995256 -0.0097235 0.0 -0.0994951 -0.0100362 0.0 -0.0994626 -0.0103486 0.0 -0.0994301 -0.0106611 0.0 -0.0993956 -0.0109734 0.0 -0.0993611 -0.0112856 0.0 -0.0993247 -0.0115977 0.0 -0.0992883 -0.0119097 0.0 -0.0992499 -0.0122215 0.0 -0.0992115 -0.0125333 0.0 -0.0991711 -0.0128449 0.0 -0.0991308 -0.0131564 0.0 -0.0990885 -0.0134677 0.0 -0.0990461 -0.013779 0.0 -0.0990019 -0.0140901 0.0 -0.0989576 -0.0144011 0.0 -0.0989114 -0.0147118 0.0 -0.0988652 -0.0150226 0.0 -0.098817 -0.015333 0.0 -0.0987688 -0.0156434 0.0 -0.0987187 -0.0159536 0.0 -0.0986686 -0.0162637 0.0 -0.0986165 -0.0165735 0.0 -0.0985645 -0.0168833 0.0 -0.0985104 -0.0171928 0.0 -0.0984564 -0.0175023 0.0 -0.0984005 -0.0178114 0.0 -0.0983445 -0.0181206 0.0 -0.0982866 -0.0184294 0.0 -0.0982287 -0.0187381 0.0 -0.0981689 -0.0190465 0.0 -0.0981091 -0.0193549 0.0 -0.0980473 -0.019663 0.0 -0.0979855 -0.019971 0.0 -0.0979218 -0.0202786 0.0 -0.0978581 -0.0205863 0.0 -0.0977925 -0.0208935 0.0 -0.0977268 -0.0212007 0.0 -0.0976592 -0.0215075 0.0 -0.0975917 -0.0218143 0.0 -0.0975222 -0.0221207 0.0 -0.0974527 -0.0224271 0.0 -0.0973813 -0.022733 0.0 -0.0973099 -0.0230389 0.0 -0.0972365 -0.0233444 0.0 -0.0971632 -0.0236499 0.0 -0.0970879 -0.0239549 0.0 -0.0970127 -0.0242599 0.0 -0.0969355 -0.0245645 0.0 -0.0968583 -0.024869 0.0 -0.0967792 -0.025173 0.0 -0.0967001 -0.0254771 0.0 -0.0966192 -0.0257806 0.0 -0.0965382 -0.0260842 0.0 -0.0964553 -0.0263872 0.0 -0.0963724 -0.0266902 0.0 -0.0962876 -0.0269927 0.0 -0.0962028 -0.0272952 0.0 -0.0961161 -0.0275972 0.0 -0.0960294 -0.0278991 0.0 -0.0959408 -0.0282005 0.0 -0.0958522 -0.0285019 0.0 -0.0957617 -0.0288028 0.0 -0.0956712 -0.0291036 0.0 -0.0955788 -0.0294039 0.0 -0.0954865 -0.0297042 0.0 -0.0953922 -0.0300038 0.0 -0.0952979 -0.0303035 0.0 -0.0952018 -0.0306026 0.0 -0.0951057 -0.0309017 0.0 -0.0950076 -0.0312002 0.0 -0.0949096 -0.0314987 0.0 -0.0948097 -0.0317965 0.0 -0.0947098 -0.0320944 0.0 -0.0946081 -0.0323916 0.0 -0.0945063 -0.0326888 0.0 -0.0944027 -0.0329854 0.0 -0.0942991 -0.033282 0.0 -0.0941936 -0.0335779 0.0 -0.0940881 -0.0338738 0.0 -0.0939807 -0.034169 0.0 -0.0938734 -0.0344643 0.0 -0.0937642 -0.0347589 0.0 -0.093655 -0.0350534 0.0 -0.0935439 -0.0353473 0.0 -0.0934329 -0.0356412 0.0 -0.09332 -0.0359344 0.0 -0.0932071 -0.0362275 0.0 -0.0930924 -0.03652 0.0 -0.0929776 -0.0368125 0.0 -0.0928611 -0.0371042 0.0 -0.0927445 -0.0373959 0.0 -0.0926261 -0.0376869 0.0 -0.0925077 -0.0379779 0.0 -0.0923875 -0.0382682 0.0 -0.0922673 -0.0385584 0.0 -0.0921452 -0.0388479 0.0 -0.0920232 -0.0391374 0.0 -0.0918993 -0.0394261 0.0 -0.0917755 -0.0397148 0.0 -0.0916498 -0.0400027 0.0 -0.0915241 -0.0402906 0.0 -0.0913966 -0.0405778 0.0 -0.0912692 -0.0408649 0.0 -0.0911399 -0.0411512 0.0 -0.0910106 -0.0414376 0.0 -0.0908795 -0.0417231 0.0 -0.0907484 -0.0420086 0.0 -0.0906156 -0.0422933 0.0 -0.0904827 -0.0425779 0.0 -0.0903481 -0.0428618 0.0 -0.0902134 -0.0431456 0.0 -0.090077 -0.0434286 0.0 -0.0899405 -0.0437116 0.0 -0.0898023 -0.0439937 0.0 -0.0896641 -0.0442758 0.0 -0.0895241 -0.0445571 0.0 -0.0893841 -0.0448383 0.0 -0.0892424 -0.0451187 0.0 -0.0891007 -0.0453991 0.0 -0.0889571 -0.0456785 0.0 -0.0888136 -0.045958 0.0 -0.0886684 -0.0462365 0.0 -0.0885231 -0.0465151 0.0 -0.0883761 -0.0467928 0.0 -0.0882291 -0.0470704 0.0 -0.0880804 -0.0473471 0.0 -0.0879316 -0.0476238 0.0 -0.0877811 -0.0478996 0.0 -0.0876307 -0.0481754 0.0 -0.0874785 -0.0484502 0.0 -0.0873262 -0.048725 0.0 -0.0871723 -0.0489989 0.0 -0.0870184 -0.0492727 0.0 -0.0868627 -0.0495456 0.0 -0.0867071 -0.0498185 0.0 -0.0865497 -0.0500904 0.0 -0.0863923 -0.0503623 0.0 -0.0862333 -0.0506332 0.0 -0.0860742 -0.0509041 0.0 -0.0859134 -0.051174 0.0 -0.0857527 -0.051444 0.0 -0.0855902 -0.0517128 0.0 -0.0854277 -0.0519817 0.0 -0.0852636 -0.0522496 0.0 -0.0850994 -0.0525175 0.0 -0.0849336 -0.0527843 0.0 -0.0847678 -0.0530511 0.0 -0.0846003 -0.0533169 0.0 -0.0844328 -0.0535827 0.0 -0.0842636 -0.0538474 0.0 -0.0840945 -0.0541121 0.0 -0.0839236 -0.0543758 0.0 -0.0837528 -0.0546394 0.0 -0.0835803 -0.054902 0.0 -0.0834078 -0.0551646 0.0 -0.0832337 -0.0554261 0.0 -0.0830596 -0.0556876 0.0 -0.0828838 -0.0559479 0.0 -0.0827081 -0.0562083 0.0 -0.0825307 -0.0564676 0.0 -0.0823533 -0.0567269 0.0 -0.0821742 -0.0569851 0.0 -0.0819952 -0.0572432 0.0 -0.0818146 -0.0575002 0.0 -0.0816339 -0.0577573 0.0 -0.0814517 -0.0580132 0.0 -0.0812694 -0.058269 0.0 -0.0810856 -0.0585238 0.0 -0.0809017 -0.0587785 0.0 -0.0807162 -0.0590321 0.0 -0.0805308 -0.0592857 0.0 -0.0803437 -0.0595381 0.0 -0.0801567 -0.0597905 0.0 -0.0799681 -0.0600417 0.0 -0.0797794 -0.060293 0.0 -0.0795892 -0.060543 0.0 -0.079399 -0.060793 0.0 -0.0792073 -0.0610419 0.0 -0.0790155 -0.0612907 0.0 -0.0788222 -0.0615383 0.0 -0.0786288 -0.061786 0.0 -0.078434 -0.0620324 0.0 -0.0782391 -0.0622788 0.0 -0.0780427 -0.062524 0.0 -0.0778462 -0.0627691 0.0 -0.0776483 -0.0630131 0.0 -0.0774503 -0.063257 0.0 -0.0772508 -0.0634997 0.0 -0.0770513 -0.0637424 0.0 -0.0768503 -0.0639838 0.0 -0.0766493 -0.0642253 0.0 -0.0764468 -0.0644654 0.0 -0.0762443 -0.0647056 0.0 -0.0760402 -0.0649445 0.0 -0.0758362 -0.0651834 0.0 -0.0756307 -0.065421 0.0 -0.0754251 -0.0656586 0.0 -0.0752181 -0.0658949 0.0 -0.0750111 -0.0661312 0.0 -0.0748026 -0.0663662 0.0 -0.0745941 -0.0666012 0.0 -0.0743841 -0.0668349 0.0 -0.0741742 -0.0670686 0.0 -0.0739627 -0.0673009 0.0 -0.0737513 -0.0675333 0.0 -0.0735384 -0.0677643 0.0 -0.0733255 -0.0679953 0.0 -0.0731112 -0.068225 0.0 -0.0728969 -0.0684547 0.0 -0.0726811 -0.068683 0.0 -0.0724653 -0.0689114 0.0 -0.0722481 -0.0691384 0.0 -0.0720309 -0.0693653 0.0 -0.0718123 -0.0695909 0.0 -0.0715936 -0.0698165 0.0 -0.0713736 -0.0700408 0.0 -0.0711536 -0.070265 0.0 -0.0709321 -0.0704878 0.0 -0.0707107 -0.0707107 0.0 -0.0704878 -0.0709321 0.0 -0.070265 -0.0711536 0.0 -0.0700408 -0.0713736 0.0 -0.0698165 -0.0715936 0.0 -0.0695909 -0.0718123 0.0 -0.0693653 -0.0720309 0.0 -0.0691384 -0.0722481 0.0 -0.0689114 -0.0724653 0.0 -0.068683 -0.0726811 0.0 -0.0684547 -0.0728969 0.0 -0.068225 -0.0731112 0.0 -0.0679953 -0.0733255 0.0 -0.0677643 -0.0735384 0.0 -0.0675333 -0.0737513 0.0 -0.0673009 -0.0739627 0.0 -0.0670686 -0.0741742 0.0 -0.0668349 -0.0743841 0.0 -0.0666012 -0.0745941 0.0 -0.0663662 -0.0748026 0.0 -0.0661312 -0.0750111 0.0 -0.0658949 -0.0752181 0.0 -0.0656586 -0.0754251 0.0 -0.065421 -0.0756307 0.0 -0.0651834 -0.0758362 0.0 -0.0649445 -0.0760402 0.0 -0.0647056 -0.0762443 0.0 -0.0644654 -0.0764468 0.0 -0.0642253 -0.0766493 0.0 -0.0639838 -0.0768503 0.0 -0.0637424 -0.0770513 0.0 -0.0634997 -0.0772508 0.0 -0.063257 -0.0774503 0.0 -0.0630131 -0.0776483 0.0 -0.0627691 -0.0778462 0.0 -0.062524 -0.0780427 0.0 -0.0622788 -0.0782391 0.0 -0.0620324 -0.078434 0.0 -0.061786 -0.0786288 0.0 -0.0615383 -0.0788222 0.0 -0.0612907 -0.0790155 0.0 -0.0610419 -0.0792073 0.0 -0.060793 -0.079399 0.0 -0.060543 -0.0795892 0.0 -0.060293 -0.0797794 0.0 -0.0600417 -0.0799681 0.0 -0.0597905 -0.0801567 0.0 -0.0595381 -0.0803437 0.0 -0.0592857 -0.0805308 0.0 -0.0590321 -0.0807162 0.0 -0.0587785 -0.0809017 0.0 -0.0585238 -0.0810856 0.0 -0.058269 -0.0812694 0.0 -0.0580132 -0.0814517 0.0 -0.0577573 -0.0816339 0.0 -0.0575002 -0.0818146 0.0 -0.0572432 -0.0819952 0.0 -0.0569851 -0.0821742 0.0 -0.0567269 -0.0823533 0.0 -0.0564676 -0.0825307 0.0 -0.0562083 -0.0827081 0.0 -0.0559479 -0.0828838 0.0 -0.0556876 -0.0830596 0.0 -0.0554261 -0.0832337 0.0 -0.0551646 -0.0834078 0.0 -0.054902 -0.0835803 0.0 -0.0546394 -0.0837528 0.0 -0.0543758 -0.0839236 0.0 -0.0541121 -0.0840945 0.0 -0.0538474 -0.0842636 0.0 -0.0535827 -0.0844328 0.0 -0.0533169 -0.0846003 0.0 -0.0530511 -0.0847678 0.0 -0.0527843 -0.0849336 0.0 -0.0525175 -0.0850994 0.0 -0.0522496 -0.0852636 0.0 -0.0519817 -0.0854277 0.0 -0.0517128 -0.0855902 0.0 -0.051444 -0.0857527 0.0 -0.051174 -0.0859134 0.0 -0.0509041 -0.0860742 0.0 -0.0506332 -0.0862333 0.0 -0.0503623 -0.0863923 0.0 -0.0500904 -0.0865497 0.0 -0.0498185 -0.0867071 0.0 -0.0495456 -0.0868627 0.0 -0.0492727 -0.0870184 0.0 -0.0489989 -0.0871723 0.0 -0.048725 -0.0873262 0.0 -0.0484502 -0.0874785 0.0 -0.0481754 -0.0876307 0.0 -0.0478996 -0.0877811 0.0 -0.0476238 -0.0879316 0.0 -0.0473471 -0.0880804 0.0 -0.0470704 -0.0882291 0.0 -0.0467928 -0.0883761 0.0 -0.0465151 -0.0885231 0.0 -0.0462365 -0.0886684 0.0 -0.045958 -0.0888136 0.0 -0.0456785 -0.0889571 0.0 -0.0453991 -0.0891007 0.0 -0.0451187 -0.0892424 0.0 -0.0448383 -0.0893841 0.0 -0.0445571 -0.0895241 0.0 -0.0442758 -0.0896641 0.0 -0.0439937 -0.0898023 0.0 -0.0437116 -0.0899405 0.0 -0.0434286 -0.090077 0.0 -0.0431456 -0.0902134 0.0 -0.0428618 -0.0903481 0.0 -0.0425779 -0.0904827 0.0 -0.0422933 -0.0906156 0.0 -0.0420086 -0.0907484 0.0 -0.0417231 -0.0908795 0.0 -0.0414376 -0.0910106 0.0 -0.0411512 -0.0911399 0.0 -0.0408649 -0.0912692 0.0 -0.0405778 -0.0913966 0.0 -0.0402906 -0.0915241 0.0 -0.0400027 -0.0916498 0.0 -0.0397148 -0.0917755 0.0 -0.0394261 -0.0918993 0.0 -0.0391374 -0.0920232 0.0 -0.0388479 -0.0921452 0.0 -0.0385584 -0.0922673 0.0 -0.0382682 -0.0923875 0.0 -0.0379779 -0.0925077 0.0 -0.0376869 -0.0926261 0.0 -0.0373959 -0.0927445 0.0 -0.0371042 -0.0928611 0.0 -0.0368125 -0.0929776 0.0 -0.03652 -0.0930924 0.0 -0.0362275 -0.0932071 0.0 -0.0359344 -0.09332 0.0 -0.0356412 -0.0934329 0.0 -0.0353473 -0.0935439 0.0 -0.0350534 -0.093655 0.0 -0.0347589 -0.0937642 0.0 -0.0344643 -0.0938734 0.0 -0.034169 -0.0939807 0.0 -0.0338738 -0.0940881 0.0 -0.0335779 -0.0941936 0.0 -0.033282 -0.0942991 0.0 -0.0329854 -0.0944027 0.0 -0.0326888 -0.0945063 0.0 -0.0323916 -0.0946081 0.0 -0.0320944 -0.0947098 0.0 -0.0317965 -0.0948097 0.0 -0.0314987 -0.0949096 0.0 -0.0312002 -0.0950076 0.0 -0.0309017 -0.0951057 0.0 -0.0306026 -0.0952018 0.0 -0.0303035 -0.0952979 0.0 -0.0300038 -0.0953922 0.0 -0.0297042 -0.0954865 0.0 -0.0294039 -0.0955788 0.0 -0.0291036 -0.0956712 0.0 -0.0288028 -0.0957617 0.0 -0.0285019 -0.0958522 0.0 -0.0282005 -0.0959408 0.0 -0.0278991 -0.0960294 0.0 -0.0275972 -0.0961161 0.0 -0.0272952 -0.0962028 0.0 -0.0269927 -0.0962876 0.0 -0.0266902 -0.0963724 0.0 -0.0263872 -0.0964553 0.0 -0.0260842 -0.0965382 0.0 -0.0257806 -0.0966192 0.0 -0.0254771 -0.0967001 0.0 -0.025173 -0.0967792 0.0 -0.024869 -0.0968583 0.0 -0.0245645 -0.0969355 0.0 -0.0242599 -0.0970127 0.0 -0.0239549 -0.0970879 0.0 -0.0236499 -0.0971632 0.0 -0.0233444 -0.0972365 0.0 -0.0230389 -0.0973099 0.0 -0.022733 -0.0973813 0.0 -0.0224271 -0.0974527 0.0 -0.0221207 -0.0975222 0.0 -0.0218143 -0.0975917 0.0 -0.0215075 -0.0976592 0.0 -0.0212007 -0.0977268 0.0 -0.0208935 -0.0977925 0.0 -0.0205863 -0.0978581 0.0 -0.0202786 -0.0979218 0.0 -0.019971 -0.0979855 0.0 -0.019663 -0.0980473 0.0 -0.0193549 -0.0981091 0.0 -0.0190465 -0.0981689 0.0 -0.0187381 -0.0982287 0.0 -0.0184294 -0.0982866 0.0 -0.0181206 -0.0983445 0.0 -0.0178114 -0.0984005 0.0 -0.0175023 -0.0984564 0.0 -0.0171928 -0.0985104 0.0 -0.0168833 -0.0985645 0.0 -0.0165735 -0.0986165 0.0 -0.0162637 -0.0986686 0.0 -0.0159536 -0.0987187 0.0 -0.0156434 -0.0987688 0.0 -0.015333 -0.098817 0.0 -0.0150226 -0.0988652 0.0 -0.0147118 -0.0989114 0.0 -0.0144011 -0.0989576 0.0 -0.0140901 -0.0990019 0.0 -0.013779 -0.0990461 0.0 -0.0134677 -0.0990885 0.0 -0.0131564 -0.0991308 0.0 -0.0128449 -0.0991711 0.0 -0.0125333 -0.0992115 0.0 -0.0122215 -0.0992499 0.0 -0.0119097 -0.0992883 0.0 -0.0115977 -0.0993247 0.0 -0.0112856 -0.0993611 0.0 -0.0109734 -0.0993956 0.0 -0.0106611 -0.0994301 0.0 -0.0103486 -0.0994626 0.0 -0.0100362 -0.0994951 0.0 -0.0097235 -0.0995256 0.0 -0.00941083 -0.0995562 0.0 -0.00909798 -0.0995848 0.0 -0.00878512 -0.0996134 0.0 -0.00847209 -0.09964 0.0 -0.00815906 -0.0996666 0.0 -0.00784587 -0.0996912 0.0 -0.00753268 -0.0997159 0.0 -0.00721934 -0.0997386 0.0 -0.006906 -0.0997613 0.0 -0.00659253 -0.099782 0.0 -0.00627905 -0.0998027 0.0 -0.00596545 -0.0998214 0.0 -0.00565185 -0.0998402 0.0 -0.00533814 -0.0998569 0.0 -0.00502443 -0.0998737 0.0 -0.00471062 -0.0998885 0.0 -0.00439681 -0.0999033 0.0 -0.00408292 -0.0999161 0.0 -0.00376902 -0.0999289 0.0 -0.00345505 -0.0999398 0.0 -0.00314108 -0.0999507 0.0 -0.00282704 -0.0999595 0.0 -0.00251301 -0.0999684 0.0 -0.00219893 -0.0999753 0.0 -0.00188484 -0.0999822 0.0 -0.00157072 -0.0999872 0.0 -0.0012566 -0.0999921 0.0 -0.000942459 -0.0999951 0.0 -0.000628314 -0.099998 0.0 -0.000314157 -0.099999 0.0 -0 -0.1 0.0 0.000314157 -0.099999 0.0 0.000628314 -0.099998 0.0 0.000942459 -0.0999951 0.0 0.0012566 -0.0999921 0.0 0.00157072 -0.0999872 0.0 0.00188484 -0.0999822 0.0 0.00219893 -0.0999753 0.0 0.00251301 -0.0999684 0.0 0.00282704 -0.0999595 0.0 0.00314108 -0.0999507 0.0 0.00345505 -0.0999398 0.0 0.00376902 -0.0999289 0.0 0.00408292 -0.0999161 0.0 0.00439681 -0.0999033 0.0 0.00471062 -0.0998885 0.0 0.00502443 -0.0998737 0.0 0.00533814 -0.0998569 0.0 0.00565185 -0.0998402 0.0 0.00596545 -0.0998214 0.0 0.00627905 -0.0998027 0.0 0.00659253 -0.099782 0.0 0.006906 -0.0997613 0.0 0.00721934 -0.0997386 0.0 0.00753268 -0.0997159 0.0 0.00784587 -0.0996912 0.0 0.00815906 -0.0996666 0.0 0.00847209 -0.09964 0.0 0.00878512 -0.0996134 0.0 0.00909798 -0.0995848 0.0 0.00941083 -0.0995562 0.0 0.0097235 -0.0995256 0.0 0.0100362 -0.0994951 0.0 0.0103486 -0.0994626 0.0 0.0106611 -0.0994301 0.0 0.0109734 -0.0993956 0.0 0.0112856 -0.0993611 0.0 0.0115977 -0.0993247 0.0 0.0119097 -0.0992883 0.0 0.0122215 -0.0992499 0.0 0.0125333 -0.0992115 0.0 0.0128449 -0.0991711 0.0 0.0131564 -0.0991308 0.0 0.0134677 -0.0990885 0.0 0.013779 -0.0990461 0.0 0.0140901 -0.0990019 0.0 0.0144011 -0.0989576 0.0 0.0147118 -0.0989114 0.0 0.0150226 -0.0988652 0.0 0.015333 -0.098817 0.0 0.0156434 -0.0987688 0.0 0.0159536 -0.0987187 0.0 0.0162637 -0.0986686 0.0 0.0165735 -0.0986165 0.0 0.0168833 -0.0985645 0.0 0.0171928 -0.0985104 0.0 0.0175023 -0.0984564 0.0 0.0178114 -0.0984005 0.0 0.0181206 -0.0983445 0.0 0.0184294 -0.0982866 0.0 0.0187381 -0.0982287 0.0 0.0190465 -0.0981689 0.0 0.0193549 -0.0981091 0.0 0.019663 -0.0980473 0.0 0.019971 -0.0979855 0.0 0.0202786 -0.0979218 0.0 0.0205863 -0.0978581 0.0 0.0208935 -0.0977925 0.0 0.0212007 -0.0977268 0.0 0.0215075 -0.0976592 0.0 0.0218143 -0.0975917 0.0 0.0221207 -0.0975222 0.0 0.0224271 -0.0974527 0.0 0.022733 -0.0973813 0.0 0.0230389 -0.0973099 0.0 0.0233444 -0.0972365 0.0 0.0236499 -0.0971632 0.0 0.0239549 -0.0970879 0.0 0.0242599 -0.0970127 0.0 0.0245645 -0.0969355 0.0 0.024869 -0.0968583 0.0 0.025173 -0.0967792 0.0 0.0254771 -0.0967001 0.0 0.0257806 -0.0966192 0.0 0.0260842 -0.0965382 0.0 0.0263872 -0.0964553 0.0 0.0266902 -0.0963724 0.0 0.0269927 -0.0962876 0.0 0.0272952 -0.0962028 0.0 0.0275972 -0.0961161 0.0 0.0278991 -0.0960294 0.0 0.0282005 -0.0959408 0.0 0.0285019 -0.0958522 0.0 0.0288028 -0.0957617 0.0 0.0291036 -0.0956712 0.0 0.0294039 -0.0955788 0.0 0.0297042 -0.0954865 0.0 0.0300038 -0.0953922 0.0 0.0303035 -0.0952979 0.0 0.0306026 -0.0952018 0.0 0.0309017 -0.0951057 0.0 0.0312002 -0.0950076 0.0 0.0314987 -0.0949096 0.0 0.0317965 -0.0948097 0.0 0.0320944 -0.0947098 0.0 0.0323916 -0.0946081 0.0 0.0326888 -0.0945063 0.0 0.0329854 -0.0944027 0.0 0.033282 -0.0942991 0.0 0.0335779 -0.0941936 0.0 0.0338738 -0.0940881 0.0 0.034169 -0.0939807 0.0 0.0344643 -0.0938734 0.0 0.0347589 -0.0937642 0.0 0.0350534 -0.093655 0.0 0.0353473 -0.0935439 0.0 0.0356412 -0.0934329 0.0 0.0359344 -0.09332 0.0 0.0362275 -0.0932071 0.0 0.03652 -0.0930924 0.0 0.0368125 -0.0929776 0.0 0.0371042 -0.0928611 0.0 0.0373959 -0.0927445 0.0 0.0376869 -0.0926261 0.0 0.0379779 -0.0925077 0.0 0.0382682 -0.0923875 0.0 0.0385584 -0.0922673 0.0 0.0388479 -0.0921452 0.0 0.0391374 -0.0920232 0.0 0.0394261 -0.0918993 0.0 0.0397148 -0.0917755 0.0 0.0400027 -0.0916498 0.0 0.0402906 -0.0915241 0.0 0.0405778 -0.0913966 0.0 0.0408649 -0.0912692 0.0 0.0411512 -0.0911399 0.0 0.0414376 -0.0910106 0.0 0.0417231 -0.0908795 0.0 0.0420086 -0.0907484 0.0 0.0422933 -0.0906156 0.0 0.0425779 -0.0904827 0.0 0.0428618 -0.0903481 0.0 0.0431456 -0.0902134 0.0 0.0434286 -0.090077 0.0 0.0437116 -0.0899405 0.0 0.0439937 -0.0898023 0.0 0.0442758 -0.0896641 0.0 0.0445571 -0.0895241 0.0 0.0448383 -0.0893841 0.0 0.0451187 -0.0892424 0.0 0.0453991 -0.0891007 0.0 0.0456785 -0.0889571 0.0 0.045958 -0.0888136 0.0 0.0462365 -0.0886684 0.0 0.0465151 -0.0885231 0.0 0.0467928 -0.0883761 0.0 0.0470704 -0.0882291 0.0 0.0473471 -0.0880804 0.0 0.0476238 -0.0879316 0.0 0.0478996 -0.0877811 0.0 0.0481754 -0.0876307 0.0 0.0484502 -0.0874785 0.0 0.048725 -0.0873262 0.0 0.0489989 -0.0871723 0.0 0.0492727 -0.0870184 0.0 0.0495456 -0.0868627 0.0 0.0498185 -0.0867071 0.0 0.0500904 -0.0865497 0.0 0.0503623 -0.0863923 0.0 0.0506332 -0.0862333 0.0 0.0509041 -0.0860742 0.0 0.051174 -0.0859134 0.0 0.051444 -0.0857527 0.0 0.0517128 -0.0855902 0.0 0.0519817 -0.0854277 0.0 0.0522496 -0.0852636 0.0 0.0525175 -0.0850994 0.0 0.0527843 -0.0849336 0.0 0.0530511 -0.0847678 0.0 0.0533169 -0.0846003 0.0 0.0535827 -0.0844328 0.0 0.0538474 -0.0842636 0.0 0.0541121 -0.0840945 0.0 0.0543758 -0.0839236 0.0 0.0546394 -0.0837528 0.0 0.054902 -0.0835803 0.0 0.0551646 -0.0834078 0.0 0.0554261 -0.0832337 0.0 0.0556876 -0.0830596 0.0 0.0559479 -0.0828838 0.0 0.0562083 -0.0827081 0.0 0.0564676 -0.0825307 0.0 0.0567269 -0.0823533 0.0 0.0569851 -0.0821742 0.0 0.0572432 -0.0819952 0.0 0.0575002 -0.0818146 0.0 0.0577573 -0.0816339 0.0 0.0580132 -0.0814517 0.0 0.058269 -0.0812694 0.0 0.0585238 -0.0810856 0.0 0.0587785 -0.0809017 0.0 0.0590321 -0.0807162 0.0 0.0592857 -0.0805308 0.0 0.0595381 -0.0803437 0.0 0.0597905 -0.0801567 0.0 0.0600417 -0.0799681 0.0 0.060293 -0.0797794 0.0 0.060543 -0.0795892 0.0 0.060793 -0.079399 0.0 0.0610419 -0.0792073 0.0 0.0612907 -0.0790155 0.0 0.0615383 -0.0788222 0.0 0.061786 -0.0786288 0.0 0.0620324 -0.078434 0.0 0.0622788 -0.0782391 0.0 0.062524 -0.0780427 0.0 0.0627691 -0.0778462 0.0 0.0630131 -0.0776483 0.0 0.063257 -0.0774503 0.0 0.0634997 -0.0772508 0.0 0.0637424 -0.0770513 0.0 0.0639838 -0.0768503 0.0 0.0642253 -0.0766493 0.0 0.0644654 -0.0764468 0.0 0.0647056 -0.0762443 0.0 0.0649445 -0.0760402 0.0 0.0651834 -0.0758362 0.0 0.065421 -0.0756307 0.0 0.0656586 -0.0754251 0.0 0.0658949 -0.0752181 0.0 0.0661312 -0.0750111 0.0 0.0663662 -0.0748026 0.0 0.0666012 -0.0745941 0.0 0.0668349 -0.0743841 0.0 0.0670686 -0.0741742 0.0 0.0673009 -0.0739627 0.0 0.0675333 -0.0737513 0.0 0.0677643 -0.0735384 0.0 0.0679953 -0.0733255 0.0 0.068225 -0.0731112 0.0 0.0684547 -0.0728969 0.0 0.068683 -0.0726811 0.0 0.0689114 -0.0724653 0.0 0.0691384 -0.0722481 0.0 0.0693653 -0.0720309 0.0 0.0695909 -0.0718123 0.0 0.0698165 -0.0715936 0.0 0.0700408 -0.0713736 0.0 0.070265 -0.0711536 0.0 0.0704878 -0.0709321 0.0 0.0707107 -0.0707107 0.0 0.0709321 -0.0704878 0.0 0.0711536 -0.070265 0.0 0.0713736 -0.0700408 0.0 0.0715936 -0.0698165 0.0 0.0718123 -0.0695909 0.0 0.0720309 -0.0693653 0.0 0.0722481 -0.0691384 0.0 0.0724653 -0.0689114 0.0 0.0726811 -0.068683 0.0 0.0728969 -0.0684547 0.0 0.0731112 -0.068225 0.0 0.0733255 -0.0679953 0.0 0.0735384 -0.0677643 0.0 0.0737513 -0.0675333 0.0 0.0739627 -0.0673009 0.0 0.0741742 -0.0670686 0.0 0.0743841 -0.0668349 0.0 0.0745941 -0.0666012 0.0 0.0748026 -0.0663662 0.0 0.0750111 -0.0661312 0.0 0.0752181 -0.0658949 0.0 0.0754251 -0.0656586 0.0 0.0756307 -0.065421 0.0 0.0758362 -0.0651834 0.0 0.0760402 -0.0649445 0.0 0.0762443 -0.0647056 0.0 0.0764468 -0.0644654 0.0 0.0766493 -0.0642253 0.0 0.0768503 -0.0639838 0.0 0.0770513 -0.0637424 0.0 0.0772508 -0.0634997 0.0 0.0774503 -0.063257 0.0 0.0776483 -0.0630131 0.0 0.0778462 -0.0627691 0.0 0.0780427 -0.062524 0.0 0.0782391 -0.0622788 0.0 0.078434 -0.0620324 0.0 0.0786288 -0.061786 0.0 0.0788222 -0.0615383 0.0 0.0790155 -0.0612907 0.0 0.0792073 -0.0610419 0.0 0.079399 -0.060793 0.0 0.0795892 -0.060543 0.0 0.0797794 -0.060293 0.0 0.0799681 -0.0600417 0.0 0.0801567 -0.0597905 0.0 0.0803437 -0.0595381 0.0 0.0805308 -0.0592857 0.0 0.0807162 -0.0590321 0.0 0.0809017 -0.0587785 0.0 0.0810856 -0.0585238 0.0 0.0812694 -0.058269 0.0 0.0814517 -0.0580132 0.0 0.0816339 -0.0577573 0.0 0.0818146 -0.0575002 0.0 0.0819952 -0.0572432 0.0 0.0821742 -0.0569851 0.0 0.0823533 -0.0567269 0.0 0.0825307 -0.0564676 0.0 0.0827081 -0.0562083 0.0 0.0828838 -0.0559479 0.0 0.0830596 -0.0556876 0.0 0.0832337 -0.0554261 0.0 0.0834078 -0.0551646 0.0 0.0835803 -0.054902 0.0 0.0837528 -0.0546394 0.0 0.0839236 -0.0543758 0.0 0.0840945 -0.0541121 0.0 0.0842636 -0.0538474 0.0 0.0844328 -0.0535827 0.0 0.0846003 -0.0533169 0.0 0.0847678 -0.0530511 0.0 0.0849336 -0.0527843 0.0 0.0850994 -0.0525175 0.0 0.0852636 -0.0522496 0.0 0.0854277 -0.0519817 0.0 0.0855902 -0.0517128 0.0 0.0857527 -0.051444 0.0 0.0859134 -0.051174 0.0 0.0860742 -0.0509041 0.0 0.0862333 -0.0506332 0.0 0.0863923 -0.0503623 0.0 0.0865497 -0.0500904 0.0 0.0867071 -0.0498185 0.0 0.0868627 -0.0495456 0.0 0.0870184 -0.0492727 0.0 0.0871723 -0.0489989 0.0 0.0873262 -0.048725 0.0 0.0874785 -0.0484502 0.0 0.0876307 -0.0481754 0.0 0.0877811 -0.0478996 0.0 0.0879316 -0.0476238 0.0 0.0880804 -0.0473471 0.0 0.0882291 -0.0470704 0.0 0.0883761 -0.0467928 0.0 0.0885231 -0.0465151 0.0 0.0886684 -0.0462365 0.0 0.0888136 -0.045958 0.0 0.0889571 -0.0456785 0.0 0.0891007 -0.0453991 0.0 0.0892424 -0.0451187 0.0 0.0893841 -0.0448383 0.0 0.0895241 -0.0445571 0.0 0.0896641 -0.0442758 0.0 0.0898023 -0.0439937 0.0 0.0899405 -0.0437116 0.0 0.090077 -0.0434286 0.0 0.0902134 -0.0431456 0.0 0.0903481 -0.0428618 0.0 0.0904827 -0.0425779 0.0 0.0906156 -0.0422933 0.0 0.0907484 -0.0420086 0.0 0.0908795 -0.0417231 0.0 0.0910106 -0.0414376 0.0 0.0911399 -0.0411512 0.0 0.0912692 -0.0408649 0.0 0.0913966 -0.0405778 0.0 0.0915241 -0.0402906 0.0 0.0916498 -0.0400027 0.0 0.0917755 -0.0397148 0.0 0.0918993 -0.0394261 0.0 0.0920232 -0.0391374 0.0 0.0921452 -0.0388479 0.0 0.0922673 -0.0385584 0.0 0.0923875 -0.0382682 0.0 0.0925077 -0.0379779 0.0 0.0926261 -0.0376869 0.0 0.0927445 -0.0373959 0.0 0.0928611 -0.0371042 0.0 0.0929776 -0.0368125 0.0 0.0930924 -0.03652 0.0 0.0932071 -0.0362275 0.0 0.09332 -0.0359344 0.0 0.0934329 -0.0356412 0.0 0.0935439 -0.0353473 0.0 0.093655 -0.0350534 0.0 0.0937642 -0.0347589 0.0 0.0938734 -0.0344643 0.0 0.0939807 -0.034169 0.0 0.0940881 -0.0338738 0.0 0.0941936 -0.0335779 0.0 0.0942991 -0.033282 0.0 0.0944027 -0.0329854 0.0 0.0945063 -0.0326888 0.0 0.0946081 -0.0323916 0.0 0.0947098 -0.0320944 0.0 0.0948097 -0.0317965 0.0 0.0949096 -0.0314987 0.0 0.0950076 -0.0312002 0.0 0.0951057 -0.0309017 0.0 0.0952018 -0.0306026 0.0 0.0952979 -0.0303035 0.0 0.0953922 -0.0300038 0.0 0.0954865 -0.0297042 0.0 0.0955788 -0.0294039 0.0 0.0956712 -0.0291036 0.0 0.0957617 -0.0288028 0.0 0.0958522 -0.0285019 0.0 0.0959408 -0.0282005 0.0 0.0960294 -0.0278991 0.0 0.0961161 -0.0275972 0.0 0.0962028 -0.0272952 0.0 0.0962876 -0.0269927 0.0 0.0963724 -0.0266902 0.0 0.0964553 -0.0263872 0.0 0.0965382 -0.0260842 0.0 0.0966192 -0.0257806 0.0 0.0967001 -0.0254771 0.0 0.0967792 -0.025173 0.0 0.0968583 -0.024869 0.0 0.0969355 -0.0245645 0.0 0.0970127 -0.0242599 0.0 0.0970879 -0.0239549 0.0 0.0971632 -0.0236499 0.0 0.0972365 -0.0233444 0.0 0.0973099 -0.0230389 0.0 0.0973813 -0.022733 0.0 0.0974527 -0.0224271 0.0 0.0975222 -0.0221207 0.0 0.0975917 -0.0218143 0.0 0.0976592 -0.0215075 0.0 0.0977268 -0.0212007 0.0 0.0977925 -0.0208935 0.0 0.0978581 -0.0205863 0.0 0.0979218 -0.0202786 0.0 0.0979855 -0.019971 0.0 0.0980473 -0.019663 0.0 0.0981091 -0.0193549 0.0 0.0981689 -0.0190465 0.0 0.0982287 -0.0187381 0.0 0.0982866 -0.0184294 0.0 0.0983445 -0.0181206 0.0 0.0984005 -0.0178114 0.0 0.0984564 -0.0175023 0.0 0.0985104 -0.0171928 0.0 0.0985645 -0.0168833 0.0 0.0986165 -0.0165735 0.0 0.0986686 -0.0162637 0.0 0.0987187 -0.0159536 0.0 0.0987688 -0.0156434 0.0 0.098817 -0.015333 0.0 0.0988652 -0.0150226 0.0 0.0989114 -0.0147118 0.0 0.0989576 -0.0144011 0.0 0.0990019 -0.0140901 0.0 0.0990461 -0.013779 0.0 0.0990885 -0.0134677 0.0 0.0991308 -0.0131564 0.0 0.0991711 -0.0128449 0.0 0.0992115 -0.0125333 0.0 0.0992499 -0.0122215 0.0 0.0992883 -0.0119097 0.0 0.0993247 -0.0115977 0.0 0.0993611 -0.0112856 0.0 0.0993956 -0.0109734 0.0 0.0994301 -0.0106611 0.0 0.0994626 -0.0103486 0.0 0.0994951 -0.0100362 0.0 0.0995256 -0.0097235 0.0 0.0995562 -0.00941083 0.0 0.0995848 -0.00909798 0.0 0.0996134 -0.00878512 0.0 0.09964 -0.00847209 0.0 0.0996666 -0.00815906 0.0 0.0996912 -0.00784587 0.0 0.0997159 -0.00753268 0.0 0.0997386 -0.00721934 0.0 0.0997613 -0.006906 0.0 0.099782 -0.00659253 0.0 0.0998027 -0.00627905 0.0 0.0998214 -0.00596545 0.0 0.0998402 -0.00565185 0.0 0.0998569 -0.00533814 0.0 0.0998737 -0.00502443 0.0 0.0998885 -0.00471062 0.0 0.0999033 -0.00439681 0.0 0.0999161 -0.00408292 0.0 0.0999289 -0.00376902 0.0 0.0999398 -0.00345505 0.0 0.0999507 -0.00314108 0.0 0.0999595 -0.00282704 0.0 0.0999684 -0.00251301 0.0 0.0999753 -0.00219893 0.0 0.0999822 -0.00188484 0.0 0.0999872 -0.00157072 0.0 0.0999921 -0.0012566 0.0 0.0999951 -0.000942459 0.0 0.099998 -0.000628314 0.0 0.099999 -0.000314157 0.0 
        </DataArray>
      </Points>
      <Polys>
        <DataArray type="Int64" Name="connectivity" format="ascii">
0 1 1 2 2 3 3 4 4 5 5 6 6 7 7 8 8 9 9 10 10 11 11 12 12 13 13 14 14 15 15 16 16 17 17 18 18 19 19 20 20 21 21 22 22 23 23 24 24 25 25 26 26 27 27 28 28 29 29 30 30 31 31 32 32 33 33 34 34 35 35 36 36 37 37 38 38 39 39 40 40 41 41 42 42 43 43 44 44 45 45 46 46 47 47 48 48 49 49 50 50 51 51 52 52 53 53 54 54 55 55 56 56 57 57 58 58 59 59 60 60 61 61 62 62 63 63 64 64 65 65 66 66 67 67 68 68 69 69 70 70 71 71 72 72 73 73 74 74 75 75 76 76 77 77 78 78 79 79 80 80 81 81 82 82 83 83 84 84 85 85 86 86 87 87 88 88 89 89 90 90 91 91 92 92 93 93 94 94 95 95 96 96 97 97 98 98 99 99 100 100 101 101 102 102 103 103 104 104 105 105 106 106 107 107 108 108 109 109 110 110 111 111 112 112 113 113 114 114 115 115 116 116 117 117 118 118 119 119 120 120 121 121 122 122 123 123 124 124 125 125 126 126 127 127 128 128 129 129 130 130 131 131 132 132 133 133 134 134 135 135 136 136 137 137 138 138 139 139 140 140 141 141 142 142 143 143 144 144 145 145 146 146 147 147 148 148 149 149 150 150 151 151 152 152 153 153 154 154 155 155 156 156 157 157 158 158 159 159 160 160 161 161 162 162 163 163 164 164 165 165 166 166 167 167 168 168 169 169 170 170 171 171 172 172 173 173 174 174 175 175 176 176 177 177 178 178 179 179 180 180 181 181 182 182 183 183 184 184 185 185 186 186 187 187 188 188 189 189 190 190 191 191 192 192 193 193 194 194 195 195 196 196 197 197 198 198 199 199 200 200 201 201 202 202 203 203 204 204 205 205 206 206 207 207 208 208 209 209 210 210 211 211 212 212 213 213 214 214 215 215 216 216 217 217 218 218 219 219 220 220 221 221 222 222 223 223 224 224 225 225 226 226 227 227 228 228 229 229 230 230 231 231 232 232 233 233 234 234 235 235 236 236 237 237 238 238 239 239 240 240 241 241 242 242 243 243 244 244 245 245 246 246 247 247 248 248 249 249 250 250 251 251 252 252 253 253 254 254 255 255 256 256 257 257 258 258 259 259 260 260 261 261 262 262 263 263 264 264 265 265 266 266 267 267 268 268 269 269 270 270 271 271 272 272 273 273 274 274 275 275 276 276 277 277 278 278 279 279 280 280 281 281 282 282 283 283 284 284 285 285 286 286 287 287 288 288 289 289 290 290 291 291 292 292 293 293 294 294 295 295 296 296 297 297 298 298 299 299 300 300 301 301 302 302 303 303 304 304 305 305 306 306 307 307 308 308 309 309 310 310 311 311 312 312 313 313 314 314 315 315 316 316 317 317 318 318 319 319 320 320 321 321 322 322 323 323 324 324 325 325 326 326 327 327 328 328 329 329 330 330 331 331 332 332 333 333 334 334 335 335 336 336 337 337 338 338 339 339 340 340 341 341 342 342 343 343 344 344 345 345 346 346 347 347 348 348 349 349 350 350 351 351 352 352 353 353 354 354 355 355 356 356 357 357 358 358 359 359 360 360 361 361 362 362 363 363 364 364 365 365 366 366 367 367 368 368 369 369 370 370 371 371 372 372 373 373 374 374 375 375 376 376 377 377 378 378 379 379 380 380 381 381 382 382 383 383 384 384 385 385 386 386 387 387 388 388 389 389 390 390 391 391 392 392 393 393 394 394 395 395 396 396 397 397 398 398 399 399 400 400 401 401 402 402 403 403 404 404 405 405 406 406 407 407 408 408 409 409 410 410 411 411 412 412 413 413 414 414 415 415 416 416 417 417 418 418 419 419 420 420 421 421 422 422 423 423 424 424 425 425 426 426 427 427 428 428 429 429 430 430 431 431 432 432 433 433 434 434 435 435 436 436 437 437 438 438 439 439 440 440 441 441 442 442 443 443 444 444 445 445 446 446 447 447 448 448 449 449 450 450 451 451 452 452 453 453 454 454 455 455 456 456 457 457 458 458 459 459 460 460 461 461 462 462 463 463 464 464 465 465 466 466 467 467 468 468 469 469 470 470 471 471 472 472 473 473 474 474 475 475 476 476 477 477 478 478 479 479 480 480 481 481 482 482 483 483 484 484 485 485 486 486 487 487 488 488 489 489 490 490 491 491 492 492 493 493 494 494 495 495 496 496 497 497 498 498 499 499 500 500 501 501 502 502 503 503 504 504 505 505 506 506 507 507 508 508 509 509 510 510 511 511 512 512 513 513 514 514 515 515 516 516 517 517 518 518 519 519 520 520 521 521 522 522 523 523 524 524 525 525 526 526 527 527 528 528 529 529 530 530 531 531 532 532 533 533 534 534 535 535 536 536 537 537 538 538 539 539 540 540 541 541 542 542 543 543 544 544 545 545 546 546 547 547 548 548 549 549 550 550 551 551 552 552 553 553 554 554 555 555 556 556 557 557 558 558 559 559 560 560 561 561 562 562 563 563 564 564 565 565 566 566 567 567 568 568 569 569 570 570 571 571 572 572 573 573 574 574 575 575 576 576 577 577 578 578 579 579 580 580 581 581 582 582 583 583 584 584 585 585 586 586 587 587 588 588 589 589 590 590 591 591 592 592 593 593 594 594 595 595 596 596 597 597 598 598 599 599 600 600 601 601 602 602 603 603 604 604 605 605 606 606 607 607 608 608 609 609 610 610 611 611 612 612 613 613 614 614 615 615 616 616 617 617 618 618 619 619 620 620 621 621 622 622 623 623 624 624 625 625 626 626 627 627 628 628 629 629 630 630 631 631 632 632 633 633 634 634 635 635 636 636 637 637 638 638 639 639 640 640 641 641 642 642 643 643 644 644 645 645 646 646 647 647 648 648 649 649 650 650 651 651 652 652 653 653 654 654 655 655 656 656 657 657 658 658 659 659 660 660 661 661 662 662 663 663 664 664 665 665 666 666 667 667 668 668 669 669 670 670 671 671 672 672 673 673 674 674 675 675 676 676 677 677 678 678 679 679 680 680 681 681 682 682 683 683 684 684 685 685 686 686 687 687 688 688 689 689 690 690 691 691 692 692 693 693 694 694 695 695 696 696 697 697 698 698 699 699 700 700 701 701 702 702 703 703 704 704 705 705 706 706 707 707 708 708 709 709 710 710 711 711 712 712 713 713 714 714 715 715 716 716 717 717 718 718 719 719 720 720 721 721 722 722 723 723 724 724 725 725 726 726 727 727 728 728 729 729 730 730 731 731 732 732 733 733 734 734 735 735 736 736 737 737 738 738 739 739 740 740 741 741 742 742 743 743 744 744 745 745 746 746 747 747 748 748 749 749 750 750 751 751 752 752 753 753 754 754 755 755 756 756 757 757 758 758 759 759 760 760 761 761 762 762 763 763 764 764 765 765 766 766 767 767 768 768 769 769 770 770 771 771 772 772 773 773 774 774 775 775 776 776 777 777 778 778 779 779 780 780 781 781 782 782 783 783 784 784 785 785 786 786 787 787 788 788 789 789 790 790 791 791 792 792 793 793 794 794 795 795 796 796 797 797 798 798 799 799 800 800 801 801 802 802 803 803 804 804 805 805 806 806 807 807 808 808 809 809 810 810 811 811 812 812 813 813 814 814 815 815 816 816 817 817 818 818 819 819 820 820 821 821 822 822 823 823 824 824 825 825 826 826 827 827 828 828 829 829 830 830 831 831 832 832 833 833 834 834 835 835 836 836 837 837 838 838 839 839 840 840 841 841 842 842 843 843 844 844 845 845 846 846 847 847 848 848 849 849 850 850 851 851 852 852 853 853 854 854 855 855 856 856 857 857 858 858 859 859 860 860 861 861 862 862 863 863 864 864 865 865 866 866 867 867 868 868 869 869 870 870 871 871 872 872 873 873 874 874 875 875 876 876 877 877 878 878 879 879 880 880 881 881 882 882 883 883 884 884 885 885 886 886 887 887 888 888 889 889 890 890 891 891 892 892 893 893 894 894 895 895 896 896 897 897 898 898 899 899 900 900 901 901 902 902 903 903 904 904 905 905 906 906 907 907 908 908 909 909 910 910 911 911 912 912 913 913 914 914 915 915 916 916 917 917 918 918 919 919 920 920 921 921 922 922 923 923 924 924 925 925 926 926 927 927 928 928 929 929 930 930 931 931 932 932 933 933 934 934 935 935 936 936 937 937 938 938 939 939 940 940 941 941 942 942 943 943 944 944 945 945 946 946 947 947 948 948 949 949 950 950 951 951 952 952 953 953 954 954 955 955 956 956 957 957 958 958 959 959 960 960 961 961 962 962 963 963 964 964 965 965 966 966 967 967 968 968 969 969 970 970 971 971 972 972 973 973 974 974 975 975 976 976 977 977 978 978 979 979 980 980 981 981 982 982 983 983 984 984 985 985 986 986 987 987 988 988 989 989 990 990 991 991 992 992 993 993 994 994 995 995 996 996 997 997 998 998 999 999 1000 1000 1001 1001 1002 1002 1003 1003 1004 1004 1005 1005 1006 1006 1007 1007 1008 1008 1009 1009 1010 1010 1011 1011 1012 1012 1013 1013 1014 1014 1015 1015 1016 1016 1017 1017 1018 1018 1019 1019 1020 1020 1021 1021 1022 1022 1023 1023 1024 1024 1025 1025 1026 1026 1027 1027 1028 1028 1029 1029 1030 1030 1031 1031 1032 1032 1033 1033 1034 1034 1035 1035 1036 1036 1037 1037 1038 1038 1039 1039 1040 1040 1041 1041 1042 1042 1043 1043 1044 1044 1045 1045 1046 1046 1047 1047 1048 1048 1049 1049 1050 1050 1051 1051 1052 1052 1053 1053 1054 1054 1055 1055 1056 1056 1057 1057 1058 1058 1059 1059 1060 1060 1061 1061 1062 1062 1063 1063 1064 1064 1065 1065 1066 1066 1067 1067 1068 1068 1069 1069 1070 1070 1071 1071 1072 1072 1073 1073 1074 1074 1075 1075 1076 1076 1077 1077 1078 1078 1079 1079 1080 1080 1081 1081 1082 1082 1083 1083 1084 1084 1085 1085 1086 1086 1087 1087 1088 1088 1089 1089 1090 1090 1091 1091 1092 1092 1093 1093 1094 1094 1095 1095 1096 1096 1097 1097 1098 1098 1099 1099 1100 1100 1101 1101 1102 1102 1103 1103 1104 1104 1105 1105 1106 1106 1107 1107 1108 1108 1109 1109 1110 1110 1111 1111 1112 1112 1113 1113 1114 1114 1115 1115 1116 1116 1117 1117 1118 1118 1119 1119 1120 1120 1121 1121 1122 1122 1123 1123 1124 1124 1125 1125 1126 1126 1127 1127 1128 1128 1129 1129 1130 1130 1131 1131 1132 1132 1133 1133 1134 1134 1135 1135 1136 1136 1137 1137 1138 1138 1139 1139 1140 1140 1141 1141 1142 1142 1143 1143 1144 1144 1145 1145 1146 1146 1147 1147 1148 1148 1149 1149 1150 1150 1151 1151 1152 1152 1153 1153 1154 1154 1155 1155 1156 1156 1157 1157 1158 1158 1159 1159 1160 1160 1161 1161 1162 1162 1163 1163 1164 1164 1165 1165 1166 1166 1167 1167 1168 1168 1169 1169 1170 1170 1171 1171 1172 1172 1173 1173 1174 1174 1175 1175 1176 1176 1177 1177 1178 1178 1179 1179 1180 1180 1181 1181 1182 1182 1183 1183 1184 1184 1185 1185 1186 1186 1187 1187 1188 1188 1189 1189 1190 1190 1191 1191 1192 1192 1193 1193 1194 1194 1195 1195 1196 1196 1197 1197 1198 1198 1199 1199 1200 1200 1201 1201 1202 1202 1203 1203 1204 1204 1205 1205 1206 1206 1207 1207 1208 1208 1209 1209 1210 1210 1211 1211 1212 1212 1213 1213 1214 1214 1215 1215 1216 1216 1217 1217 1218 1218 1219 1219 1220 1220 1221 1221 1222 1222 1223 1223 1224 1224 1225 1225 1226 1226 1227 1227 1228 1228 1229 1229 1230 1230 1231 1231 1232 1232 1233 1233 1234 1234 1235 1235 1236 1236 1237 1237 1238 1238 1239 1239 1240 1240 1241 1241 1242 1242 1243 1243 1244 1244 1245 1245 1246 1246 1247 1247 1248 1248 1249 1249 1250 1250 1251 1251 1252 1252 1253 1253 1254 1254 1255 1255 1256 1256 1257 1257 1258 1258 1259 1259 1260 1260 1261 1261 1262 1262 1263 1263 1264 1264 1265 1265 1266 1266 1267 1267 1268 1268 1269 1269 1270 1270 1271 1271 1272 1272 1273 1273 1274 1274 1275 1275 1276 1276 1277 1277 1278 1278 1279 1279 1280 1280 1281 1281 1282 1282 1283 1283 1284 1284 1285 1285 1286 1286 1287 1287 1288 1288 1289 1289 1290 1290 1291 1291 1292 1292 1293 1293 1294 1294 1295 1295 1296 1296 1297 1297 1298 1298 1299 1299 1300 1300 1301 1301 1302 1302 1303 1303 1304 1304 1305 1305 1306 1306 1307 1307 1308 1308 1309 1309 1310 1310 1311 1311 1312 1312 1313 1313 1314 1314 1315 1315 1316 1316 1317 1317 1318 1318 1319 1319 1320 1320 1321 1321 1322 1322 1323 1323 1324 1324 1325 1325 1326 1326 1327 1327 1328 1328 1329 1329 1330 1330 1331 1331 1332 1332 1333 1333 1334 1334 1335 1335 1336 1336 1337 1337 1338 1338 1339 1339 1340 1340 1341 1341 1342 1342 1343 1343 1344 1344 1345 1345 1346 1346 1347 1347 1348 1348 1349 1349 1350 1350 1351 1351 1352 1352 1353 1353 1354 1354 1355 1355 1356 1356 1357 1357 1358 1358 1359 1359 1360 1360 1361 1361 1362 1362 1363 1363 1364 1364 1365 1365 1366 1366 1367 1367 1368 1368 1369 1369 1370 1370 1371 1371 1372 1372 1373 1373 1374 1374 1375 1375 1376 1376 1377 1377 1378 1378 1379 1379 1380 1380 1381 1381 1382 1382 1383 1383 1384 1384 1385 1385 1386 1386 1387 1387 1388 1388 1389 1389 1390 1390 1391 1391 1392 1392 1393 1393 1394 1394 1395 1395 1396 1396 1397 1397 1398 1398 1399 1399 1400 1400 1401 1401 1402 1402 1403 1403 1404 1404 1405 1405 1406 1406 1407 1407 1408 1408 1409 1409 1410 1410 1411 1411 1412 1412 1413 1413 1414 1414 1415 1415 1416 1416 1417 1417 1418 1418 1419 1419 1420 1420 1421 1421 1422 1422 1423 1423 1424 1424 1425 1425 1426 1426 1427 1427 1428 1428 1429 1429 1430 1430 1431 1431 1432 1432 1433 1433 1434 1434 1435 1435 1436 1436 1437 1437 1438 1438 1439 1439 1440 1440 1441 1441 1442 1442 1443 1443 1444 1444 1445 1445 1446 1446 1447 1447 1448 1448 1449 1449 1450 1450 1451 1451 1452 1452 1453 1453 1454 1454 1455 1455 1456 1456 1457 1457 1458 1458 1459 1459 1460 1460 1461 1461 1462 1462 1463 1463 1464 1464 1465 1465 1466 1466 1467 1467 1468 1468 1469 1469 1470 1470 1471 1471 1472 1472 1473 1473 1474 1474 1475 1475 1476 1476 1477 1477 1478 1478 1479 1479 1480 1480 1481 1481 1482 1482 1483 1483 1484 1484 1485 1485 1486 1486 1487 1487 1488 1488 1489 1489 1490 1490 1491 1491 1492 1492 1493 1493 1494 1494 1495 1495 1496 1496 1497 1497 1498 1498 1499 1499 1500 1500 1501 1501 1502 1502 1503 1503 1504 1504 1505 1505 1506 1506 1507 1507 1508 1508 1509 1509 1510 1510 1511 1511 1512 1512 1513 1513 1514 1514 1515 1515 1516 1516 1517 1517 1518 1518 1519 1519 1520 1520 1521 1521 1522 1522 1523 1523 1524 1524 1525 1525 1526 1526 1527 1527 1528 1528 1529 1529 1530 1530 1531 1531 1532 1532 1533 1533 1534 1534 1535 1535 1536 1536 1537 1537 1538 1538 1539 1539 1540 1540 1541 1541 1542 1542 1543 1543 1544 1544 1545 1545 1546 1546 1547 1547 1548 1548 1549 1549 1550 1550 1551 1551 1552 1552 1553 1553 1554 1554 1555 1555 1556 1556 1557 1557 1558 1558 1559 1559 1560 1560 1561 1561 1562 1562 1563 1563 1564 1564 1565 1565 1566 1566 1567 1567 1568 1568 1569 1569 1570 1570 1571 1571 1572 1572 1573 1573 1574 1574 1575 1575 1576 1576 1577 1577 1578 1578 1579 1579 1580 1580 1581 1581 1582 1582 1583 1583 1584 1584 1585 1585 1586 1586 1587 1587 1588 1588 1589 1589 1590 1590 1591 1591 1592 1592 1593 1593 1594 1594 1595 1595 1596 1596 1597 1597 1598 1598 1599 1599 1600 1600 1601 1601 1602 1602 1603 1603 1604 1604 1605 1605 1606 1606 1607 1607 1608 1608 1609 1609 1610 1610 1611 1611 1612 1612 1613 1613 1614 1614 1615 1615 1616 1616 1617 1617 1618 1618 1619 1619 1620 1620 1621 1621 1622 1622 1623 1623 1624 1624 1625 1625 1626 1626 1627 1627 1628 1628 1629 1629 1630 1630 1631 1631 1632 1632 1633 1633 1634 1634 1635 1635 1636 1636 1637 1637 1638 1638 1639 1639 1640 1640 1641 1641 1642 1642 1643 1643 1644 1644 1645 1645 1646 1646 1647 1647 1648 1648 1649 1649 1650 1650 1651 1651 1652 1652 1653 1653 1654 1654 1655 1655 1656 1656 1657 1657 1658 1658 1659 1659 1660 1660 1661 1661 1662 1662 1663 1663 1664 1664 1665 1665 1666 1666 1667 1667 1668 1668 1669 1669 1670 1670 1671 1671 1672 1672 1673 1673 1674 1674 1675 1675 1676 1676 1677 1677 1678 1678 1679 1679 1680 1680 1681 1681 1682 1682 1683 1683 1684 1684 1685 1685 1686 1686 1687 1687 1688 1688 1689 1689 1690 1690 1691 1691 1692 1692 1693 1693 1694 1694 1695 1695 1696 1696 1697 1697 1698 1698 1699 1699 1700 1700 1701 1701 1702 1702 1703 1703 1704 1704 1705 1705 1706 1706 1707 1707 1708 1708 1709 1709 1710 1710 1711 1711 1712 1712 1713 1713 1714 1714 1715 1715 1716 1716 1717 1717 1718 1718 1719 1719 1720 1720 1721 1721 1722 1722 1723 1723 1724 1724 1725 1725 1726 1726 1727 1727 1728 1728 1729 1729 1730 1730 1731 1731 1732 1732 1733 1733 1734 1734 1735 1735 1736 1736 1737 1737 1738 1738 1739 1739 1740 1740 1741 1741 1742 1742 1743 1743 1744 1744 1745 1745 1746 1746 1747 1747 1748 1748 1749 1749 1750 1750 1751 1751 1752 1752 1753 1753 1754 1754 1755 1755 1756 1756 1757 1757 1758 1758 1759 1759 1760 1760 1761 1761 1762 1762 1763 1763 1764 1764 1765 1765 1766 1766 1767 1767 1768 1768 1769 1769 1770 1770 1771 1771 1772 1772 1773 1773 1774 1774 1775 1775 1776 1776 1777 1777 1778 1778 1779 1779 1780 1780 1781 1781 1782 1782 1783 1783 1784 1784 1785 1785 1786 1786 1787 1787 1788 1788 1789 1789 1790 1790 1791 1791 1792 1792 1793 1793 1794 1794 1795 1795 1796 1796 1797 1797 1798 1798 1799 1799 1800 1800 1801 1801 1802 1802 1803 1803 1804 1804 1805 1805 1806 1806 1807 1807 1808 1808 1809 1809 1810 1810 1811 1811 1812 1812 1813 1813 1814 1814 1815 1815 1816 1816 1817 1817 1818 1818 1819 1819 1820 1820 1821 1821 1822 1822 1823 1823 1824 1824 1825 1825 1826 1826 1827 1827 1828 1828 1829 1829 1830 1830 1831 1831 1832 1832 1833 1833 1834 1834 1835 1835 1836 1836 1837 1837 1838 1838 1839 1839 1840 1840 1841 1841 1842 1842 1843 1843 1844 1844 1845 1845 1846 1846 1847 1847 1848 1848 1849 1849 1850 1850 1851 1851 1852 1852 1853 1853 1854 1854 1855 1855 1856 1856 1857 1857 1858 1858 1859 1859 1860 1860 1861 1861 1862 1862 1863 1863 1864 1864 1865 1865 1866 1866 1867 1867 1868 1868 1869 1869 1870 1870 1871 1871 1872 1872 1873 1873 1874 1874 1875 1875 1876 1876 1877 1877 1878 1878 1879 1879 1880 1880 1881 1881 1882 1882 1883 1883 1884 1884 1885 1885 1886 1886 1887 1887 1888 1888 1889 1889 1890 1890 1891 1891 1892 1892 1893 1893 1894 1894 1895 1895 1896 1896 1897 1897 1898 1898 1899 1899 1900 1900 1901 1901 1902 1902 1903 1903 1904 1904 1905 1905 1906 1906 1907 1907 1908 1908 1909 1909 1910 1910 1911 1911 1912 1912 1913 1913 1914 1914 1915 1915 1916 1916 1917 1917 1918 1918 1919 1919 1920 1920 1921 1921 1922 1922 1923 1923 1924 1924 1925 1925 1926 1926 1927 1927 1928 1928 1929 1929 1930 1930 1931 1931 1932 1932 1933 1933 1934 1934 1935 1935 1936 1936 1937 1937 1938 1938 1939 1939 1940 1940 1941 1941 1942 1942 1943 1943 1944 1944 1945 1945 1946 1946 1947 1947 1948 1948 1949 1949 1950 1950 1951 1951 1952 1952 1953 1953 1954 1954 1955 1955 1956 1956 1957 1957 1958 1958 1959 1959 1960 1960 1961 1961 1962 1962 1963 1963 1964 1964 1965 1965 1966 1966 1967 1967 1968 1968 1969 1969 1970 1970 1971 1971 1972 1972 1973 1973 1974 1974 1975 1975 1976 1976 1977 1977 1978 1978 1979 1979 1980 1980 1981 1981 1982 1982 1983 1983 1984 1984 1985 1985 1986 1986 1987 1987 1988 1988 1989 1989 1990 1990 1991 1991 1992 1992 1993 1993 1994 1994 1995 1995 1996 1996 1997 1997 1998 1998 1999 1999 0 
        </DataArray>
        <DataArray type="Int64" Name="offsets" format="ascii">
2 4 6 8 10 12 14 16 18 20 22 24 26 28 30 32 34 36 38 40 42 44 46 48 50 52 54 56 58 60 62 64 66 68 70 72 74 76 78 80 82 84 86 88 90 92 94 96 98 100 102 104 106 108 110 112 114 116 118 120 122 124 126 128 130 132 134 136 138 140 142 144 146 148 150 152 154 156 158 160 162 164 166 168 170 172 174 176 178 180 182 184 186 188 190 192 194 196 198 200 202 204 206 208 210 212 214 216 218 220 222 224 226 228 230 232 234 236 238 240 242 244 246 248 250 252 254 256 258 260 262 264 266 268 270 272 274 276 278 280 282 284 286 288 290 292 294 296 298 300 302 304 306 308 310 312 314 316 318 320 322 324 326 328 330 332 334 336 338 340 342 344 346 348 350 352 354 356 358 360 362 364 366 368 370 372 374 376 378 380 382 384 386 388 390 392 394 396 398 400 402 404 406 408 410 412 414 416 418 420 422 424 426 428 430 432 434 436 438 440 442 444 446 448 450 452 454 456 458 460 462 464 466 468 470 472 474 476 478 480 482 484 486 488 490 492 494 496 498 500 502 504 506 508 510 512 514 516 518 520 522 524 526 528 530 532 534 536 538 540 542 544 546 548 550 552 554 556 558 560 562 564 566 568 570 572 574 576 578 580 582 584 586 588 590 592 594 596 598 600 602 604 606 608 610 612 614 616 618 620 622 624 626 628 630 632 634 636 638 640 642 644 646 648 650 652 654 656 658 660 662 664 666 668 670 672 674 676 678 680 682 684 686 688 690 692 694 696 698 700 702 704 706 708 710 712 714 716 718 720 722 724 726 728 730 732 734 736 738 740 742 744 746 748 750 752 754 756 758 760 762 764 766 768 770 772 774 776 778 780 782 784 786 788 790 792 794 796 798 800 802 804 806 808 810 812 814 816 818 820 822 824 826 828 830 832 834 836 838 840 842 844 846 848 850 852 854 856 858 860 862 864 866 868 870 872 874 876 878 880 882 884 886 888 890 892 894 896 898 900 902 904 906 908 910 912 914 916 918 920 922 924 926 928 930 932 934 936 938 940 942 944 946 948 950 952 954 956 958 960 962 964 966 968 970 972 974 976 978 980 982 984 986 988 990 992 994 996 998 1000 1002 1004 1006 1008 1010 1012 1014 1016 1018 1020 1022 1024 1026 1028 1030 1032 1034 1036 1038 1040 1042 1044 1046 1048 1050 1052 1054 1056 1058 1060 1062 1064 1066 1068 1070 1072 1074 1076 1078 1080 1082 1084 1086 1088 1090 1092 1094 1096 1098 1100 1102 1104 1106 1108 1110 1112 1114 1116 1118 1120 1122 1124 1126 1128 1130 1132 1134 1136 1138 1140 1142 1144 1146 1148 1150 1152 1154 1156 1158 1160 1162 1164 1166 1168 1170 1172 1174 1176 1178 1180 1182 1184 1186 1188 1190 1192 1194 1196 1198 1200 1202 1204 1206 1208 1210 1212 1214 1216 1218 1220 1222 1224 1226 1228 1230 1232 1234 1236 1238 1240 1242 1244 1246 1248 1250 1252 1254 1256 1258 1260 1262 1264 1266 1268 1270 1272 1274 1276 1278 1280 1282 1284 1286 1288 1290 1292 1294 1296 1298 1300 1302 1304 1306 1308 1310 1312 1314 1316 1318 1320 1322 1324 1326 1328 1330 1332 1334 1336 1338 1340 1342 1344 1346 1348 1350 1352 1354 1356 1358 1360 1362 1364 1366 1368 1370 1372 1374 1376 1378 1380 1382 1384 1386 1388 1390 1392 1394 1396 1398 1400 1402 1404 1406 1408 1410 1412 1414 1416 1418 1420 1422 1424 1426 1428 1430 1432 1434 1436 1438 1440 1442 1444 1446 1448 1450 1452 1454 1456 1458 1460 1462 1464 1466 1468 1470 1472 1474 1476 1478 1480 1482 1484 1486 1488 1490 1492 1494 1496 1498 1500 1502 1504 1506 1508 1510 1512 1514 1516 1518 1520 1522 1524 1526 1528 1530 1532 1534 1536 1538 1540 1542 1544 1546 1548 1550 1552 1554 1556 1558 1560 1562 1564 1566 1568 1570 1572 1574 1576 1578 1580 1582 1584 1586 1588 1590 1592 1594 1596 1598 1600 1602 1604 1606 1608 1610 1612 1614 1616 1618 1620 1622 1624 1626 1628 1630 1632 1634 1636 1638 1640 1642 1644 1646 1648 1650 1652 1654 1656 1658 1660 1662 1664 1666 1668 1670 1672 1674 1676 1678 1680 1682 1684 1686 1688 1690 1692 1694 1696 1698 1700 1702 1704 1706 1708 1710 1712 1714 1716 1718 1720 1722 1724 1726 1728 1730 1732 1734 1736 1738 1740 1742 1744 1746 1748 1750 1752 1754 1756 1758 1760 1762 1764 1766 1768 1770 1772 1774 1776 1778 1780 1782 1784 1786 1788 1790 1792 1794 1796 1798 1800 1802 1804 1806 1808 1810 1812 1814 1816 1818 1820 1822 1824 1826 1828 1830 1832 1834 1836 1838 1840 1842 1844 1846 1848 1850 1852 1854 1856 1858 1860 1862 1864 1866 1868 1870 1872 1874 1876 1878 1880 1882 1884 1886 1888 1890 1892 1894 1896 1898 1900 1902 1904 1906 1908 1910 1912 1914 1916 1918 1920 1922 1924 1926 1928 1930 1932 1934 1936 1938 1940 1942 1944 1946 1948 1950 1952 1954 1956 1958 1960 1962 1964 1966 1968 1970 1972 1974 1976 1978 1980 1982 1984 1986 1988 1990 1992 1994 1996 1998 2000 2002 2004 2006 2008 2010 2012 2014 2016 2018 2020 2022 2024 2026 2028 2030 2032 2034 2036 2038 2040 2042 2044 2046 2048 2050 2052 2054 2056 2058 2060 2062 2064 2066 2068 2070 2072 2074 2076 2078 2080 2082 2084 2086 2088 2090 2092 2094 2096 2098 2100 2102 2104 2106 2108 2110 2112 2114 2116 2118 2120 2122 2124 2126 2128 2130 2132 2134 2136 2138 2140 2142 2144 2146 2148 2150 2152 2154 2156 2158 2160 2162 2164 2166 2168 2170 2172 2174 2176 2178 2180 2182 2184 2186 2188 2190 2192 2194 2196 2198 2200 2202 2204 2206 2208 2210 2212 2214 2216 2218 2220 2222 2224 2226 2228 2230 2232 2234 2236 2238 2240 2242 2244 2246 2248 2250 2252 2254 2256 2258 2260 2262 2264 2266 2268 2270 2272 2274 2276 2278 2280 2282 2284 2286 2288 2290 2292 2294 2296 2298 2300 2302 2304 2306 2308 2310 2312 2314 2316 2318 2320 2322 2324 2326 2328 2330 2332 2334 2336 2338 2340 2342 2344 2346 2348 2350 2352 2354 2356 2358 2360 2362 2364 2366 2368 2370 2372 2374 2376 2378 2380 2382 2384 2386 2388 2390 2392 2394 2396 2398 2400 2402 2404 2406 2408 2410 2412 2414 2416 2418 2420 2422 2424 2426 2428 2430 2432 2434 2436 2438 2440 2442 2444 2446 2448 2450 2452 2454 2456 2458 2460 2462 2464 2466 2468 2470 2472 2474 2476 2478 2480 2482 2484 2486 2488 2490 2492 2494 2496 2498 2500 2502 2504 2506 2508 2510 2512 2514 2516 2518 2520 2522 2524 2526 2528 2530 2532 2534 2536 2538 2540 2542 2544 2546 2548 2550 2552 2554 2556 2558 2560 2562 2564 2566 2568 2570 2572 2574 2576 2578 2580 2582 2584 2586 2588 2590 2592 2594 2596 2598 2600 2602 2604 2606 2608 2610 2612 2614 2616 2618 2620 2622 2624 2626 2628 2630 2632 2634 2636 2638 2640 2642 2644 2646 2648 2650 2652 2654 2656 2658 2660 2662 2664 2666 2668 2670 2672 2674 2676 2678 2680 2682 2684 2686 2688 2690 2692 2694 2696 2698 2700 2702 2704 2706 2708 2710 2712 2714 2716 2718 2720 2722 2724 2726 2728 2730 2732 2734 2736 2738 2740 2742 2744 2746 2748 2750 2752 2754 2756 2758 2760 2762 2764 2766 2768 2770 2772 2774 2776 2778 2780 2782 2784 2786 2788 2790 2792 2794 2796 2798 2800 2802 2804 2806 2808 2810 2812 2814 2816 2818 2820 2822 2824 2826 2828 2830 2832 2834 2836 2838 2840 2842 2844 2846 2848 2850 2852 2854 2856 2858 2860 2862 2864 2866 2868 2870 2872 2874 2876 2878 2880 2882 2884 2886 2888 2890 2892 2894 2896 2898 2900 2902 2904 2906 2908 2910 2912 2914 2916 2918 2920 2922 2924 2926 2928 2930 2932 2934 2936 2938 2940 2942 2944 2946 2948 2950 2952 2954 2956 2958 2960 2962 2964 2966 2968 2970 2972 2974 2976 2978 2980 2982 2984 2986 2988 2990 2992 2994 2996 2998 3000 3002 3004 3006 3008 3010 3012 3014 3016 3018 3020 3022 3024 3026 3028 3030 3032 3034 3036 3038 3040 3042 3044 3046 3048 3050 3052 3054 3056 3058 3060 3062 3064 3066 3068 3070 3072 3074 3076 3078 3080 3082 3084 3086 3088 3090 3092 3094 3096 3098 3100 3102 3104 3106 3108 3110 3112 3114 3116 3118 3120 3122 3124 3126 3128 3130 3132 3134 3136 3138 3140 3142 3144 3146 3148 3150 3152 3154 3156 3158 3160 3162 3164 3166 3168 3170 3172 3174 3176 3178 3180 3182 3184 3186 3188 3190 3192 3194 3196 3198 3200 3202 3204 3206 3208 3210 3212 3214 3216 3218 3220 3222 3224 3226 3228 3230 3232 3234 3236 3238 3240 3242 3244 3246 3248 3250 3252 3254 3256 3258 3260 3262 3264 3266 3268 3270 3272 3274 3276 3278 3280 3282 3284 3286 3288 3290 3292 3294 3296 3298 3300 3302 3304 3306 3308 3310 3312 3314 3316 3318 3320 3322 3324 3326 3328 3330 3332 3334 3336 3338 3340 3342 3344 3346 3348 3350 3352 3354 3356 3358 3360 3362 3364 3366 3368 3370 3372 3374 3376 3378 3380 3382 3384 3386 3388 3390 3392 3394 3396 3398 3400 3402 3404 3406 3408 3410 3412 3414 3416 3418 3420 3422 3424 3426 3428 3430 3432 3434 3436 3438 3440 3442 3444 3446 3448 3450 3452 3454 3456 3458 3460 3462 3464 3466 3468 3470 3472 3474 3476 3478 3480 3482 3484 3486 3488 3490 3492 3494 3496 3498 3500 3502 3504 3506 3508 3510 3512 3514 3516 3518 3520 3522 3524 3526 3528 3530 3532 3534 3536 3538 3540 3542 3544 3546 3548 3550 3552 3554 3556 3558 3560 3562 3564 3566 3568 3570 3572 3574 3576 3578 3580 3582 3584 3586 3588 3590 3592 3594 3596 3598 3600 3602 3604 3606 3608 3610 3612 3614 3616 3618 3620 3622 3624 3626 3628 3630 3632 3634 3636 3638 3640 3642 3644 3646 3648 3650 3652 3654 3656 3658 3660 3662 3664 3666 3668 3670 3672 3674 3676 3678 3680 3682 3684 3686 3688 3690 3692 3694 3696 3698 3700 3702 3704 3706 3708 3710 3712 3714 3716 3718 3720 3722 3724 3726 3728 3730 3732 3734 3736 3738 3740 3742 3744 3746 3748 3750 3752 3754 3756 3758 3760 3762 3764 3766 3768 3770 3772 3774 3776 3778 3780 3782 3784 3786 3788 3790 3792 3794 3796 3798 3800 3802 3804 3806 3808 3810 3812 3814 3816 3818 3820 3822 3824 3826 3828 3830 3832 3834 3836 3838 3840 3842 3844 3846 3848 3850 3852 3854 3856 3858 3860 3862 3864 3866 3868 3870 3872 3874 3876 3878 3880 3882 3884 3886 3888 3890 3892 3894 3896 3898 3900 3902 3904 3906 3908 3910 3912 3914 3916 3918 3920 3922 3924 3926 3928 3930 3932 3934 3936 3938 3940 3942 3944 3946 3948 3950 3952 3954 3956 3958 3960 3962 3964 3966 3968 3970 3972 3974 3976 3978 3980 3982 3984 3986 3988 3990 3992 3994 3996 3998 4000 
        </DataArray>
      </Polys>
      <CellData Scalars="Pressure">
        <DataArray type="Float64" Name="Pressure" format="ascii">
286353 284843 283165 281504 279813 278309 276801 275315 273681 272039 270366 268788 267211 265658 264084 262538 260967 259374 257712 256074 254588 253343 252074 250679 249001 247352 245766 244446 243105 241753 240204 238675 237138 235915 234678 233469 232137 230822 230198 228952 227670 226416 225249 224116 222952 221105 220164 219232 218328 217487 216641 215805 214932 214061 213264 212727 212194 211686 211193 211495 211022 210666 210315 210130 210096 211000 211956 213300 214810 216294 217969 219748 221571 222827 223708 224194 223730 223176 222596 221981 220869 219772 218654 217228 215717 214214 213083 211578 210059 207994 206350 204772 203244 201851 200435 199067 198254 197983 197180 195931 195247 194609 194474 194734 195039 195956 198224 201530 203135 206251 209453 212637 215558 218320 221113 223533 226059 228144 229574 231436 233359 235279 236991 238620 240734 241920 243625 245350 247227 249386 251570 253710 255794 257561 259376 260879 262971 265062 267182 268933 270558 272088 273229 274710 276256 277730 278953 280185 281503 282834 284403 286006 287710 289475 291252 293126 295050 297074 299134 301045 302746 304399 305887 307213 308438 309605 310454 311239 311877 312643 313315 313846 314302 314817 315325 315843 316389 317009 317704 318521 319535 320846 322128 323482 324979 326691 328424 330122 331607 332515 333764 334878 335892 336718 337505 337824 338386 338571 338739 338855 338500 338463 338326 338383 338138 337602 337371 337276 337013 336759 336359 336300 336116 335958 335820 335683 335712 335698 336062 336461 336699 337050 337461 337901 338352 338792 339190 339670 339981 340261 340365 340563 340624 340648 340457 340570 340392 340261 340173 339998 339872 339600 339172 338659 339025 339167 339089 338795 339124 338667 338026 337243 338739 338806 338261 337120 335347 333515 331686 329795 327779 327205 324686 320009 313021 277367 203710 135216 71349.1 46469.5 20965.2 21568.5 22050.2 23109.3 23557.4 23344.7 23735 24633.9 24905.7 25529.8 25221.8 26354.3 27861.7 26868.9 27380.5 26520.5 27309.7 27907.1 28332.8 29795.2 29445 29993.4 30370.3 31433.7 32071 31824.3 32355.6 33442.3 33812.9 34428.3 33360.3 34266.3 35073.7 35647.9 37400.4 36844.8 37731.8 38384 39647.8 40257.9 40995.9 39933.8 40817.4 41698.7 42359 42777.9 43655.8 44672.8 45448.1 46788.4 47466.8 48394.6 47149.4 48270.9 49453.5 50357.2 51013.2 53300.2 53031.8 53975.3 55709.4 58340.7 56984.2 57846.5 57007.3 58247.4 59252.3 61083.8 61798.7 62627.3 61361.9 62487.3 63603.8 64456.1 66266.6 67151.7 68081.6 66622.4 67875.7 69070.2 70018.6 72091.8 72905.3 71546 72362.7 73550.7 74670.6 75537.4 77538.4 78519.4 79524.4 78285.1 79686.1 80866.4 81824.2 83712.5 84835.9 85919.5 84065.2 85239.5 86382.5 87457.3 88806.2 89985.3 90941.7 94041 92809.5 93882.1 94946.9 96197.6 97244.1 98054.7 100612 101762 99671.5 100929 102272 103524 104809 106193 107403 108401 112629 110228 111623 113173 114759 116225 117772 119316 120675 124934 126436 124136 125634 127434 129148 130705 132432 133990 135315 138715 140182 141625 138960 140746 142499 144193 146041 147730 149318 150997 152455 153632 157417 158812 155928 157564 159392 161146 163024 164957 166797 168546 170311 171851 175240 176668 178179 179699 181564 178392 180307 182358 184438 186446 188582 190666 192708 194688 196647 198488 200399 202264 203982 207610 209141 210658 212267 214252 216274 218234 214915 216670 218472 220532 222618 224663 226868 229031 231212 233276 235357 237401 239664 241943 244244 246492 248778 251028 253392 255761 258147 260502 262918 265286 267762 270300 272856 275307 277683 280004 282361 284722 287110 289480 292100 294662 297251 299781 302339 304841 307671 310455 313271 316000 318751 321439 324373 327309 330288 333010 335684 338306 340946 343511 346095 348819 351760 354647 357488 360153 362832 365642 368857 372010 375162 378116 381075 384078 387796 391443 395133 398652 402212 405697 410124 414577 424824 427826 430900 433899 436995 439953 442912 439519 443739 447999 451744 454791 457809 461129 465110 469034 472898 476354 479830 483360 487823 498545 502472 505245 507997 510699 506350 509606 512952 516385 519944 523473 526879 530105 533415 536601 546652 549728 544986 549107 553537 558063 561562 564927 568269 572878 577925 583072 592594 595556 598489 594848 598938 603035 607353 611874 616531 621144 625180 635761 639748 636209 639664 643098 647300 651982 656796 661356 665506 676735 673294 677209 681259 685313 690462 696007 701870 706402 715370 718365 715051 719694 724538 729428 735193 741024 754236 752461 758501 764757 770950 775231 779645 784050 793254 796808 800365 796100 801139 806315 811696 823326 827485 831391 827355 831270 835536 839710 843044 852502 856979 854212 860237 866377 872479 885179 890696 895559 892834 897389 902199 906610 915990 919515 924325 921758 927816 933965 947550 953115 965922 963575 960853 965464 977288 975377 980587 985974 991718 996884 1.00612e+06 1.01072e+06 1.01556e+06 1.01319e+06 1.01769e+06 1.02218e+06 1.02729e+06 1.03487e+06 1.0429e+06 1.05114e+06 1.05787e+06 1.06819e+06 1.07275e+06 1.07612e+06 1.07239e+06 1.07499e+06 1.07775e+06 1.08773e+06 1.08457e+06 1.08886e+06 1.09346e+06 1.0982e+06 1.11018e+06 1.11509e+06 1.11994e+06 1.11728e+06 1.1221e+06 1.13408e+06 1.1389e+06 1.13712e+06 1.14193e+06 1.14677e+06 1.15852e+06 1.15743e+06 1.16375e+06 1.17029e+06 1.17727e+06 1.18994e+06 1.1965e+06 1.20824e+06 1.20777e+06 1.20646e+06 1.21787e+06 1.22297e+06 1.22831e+06 1.22651e+06 1.23256e+06 1.24606e+06 1.25233e+06 1.25238e+06 1.259e+06 1.26571e+06 1.27827e+06 1.27876e+06 1.28477e+06 1.29081e+06 1.30208e+06 1.30265e+06 1.30784e+06 1.31294e+06 1.3181e+06 1.32269e+06 1.32656e+06 1.33028e+06 1.33399e+06 1.33751e+06 1.34104e+06 1.34494e+06 1.34933e+06 1.35407e+06 1.35899e+06 1.36404e+06 1.36952e+06 1.37524e+06 1.38092e+06 1.38583e+06 1.39107e+06 1.39646e+06 1.40219e+06 1.40701e+06 1.41218e+06 1.4176e+06 1.42343e+06 1.42875e+06 1.43368e+06 1.43864e+06 1.44379e+06 1.45385e+06 1.45317e+06 1.45801e+06 1.4633e+06 1.47431e+06 1.47418e+06 1.47956e+06 1.48542e+06 1.4973e+06 1.50287e+06 1.50341e+06 1.50909e+06 1.51999e+06 1.52594e+06 1.5308e+06 1.53173e+06 1.54145e+06 1.55053e+06 1.55148e+06 1.55579e+06 1.55562e+06 1.55967e+06 1.56407e+06 1.56895e+06 1.57897e+06 1.5788e+06 1.5841e+06 1.59009e+06 1.60191e+06 1.60753e+06 1.60872e+06 1.6145e+06 1.62504e+06 1.63057e+06 1.6353e+06 1.63655e+06 1.64114e+06 1.64604e+06 1.65119e+06 1.66063e+06 1.66154e+06 1.66625e+06 1.67131e+06 1.68164e+06 1.68675e+06 1.69176e+06 1.693e+06 1.69847e+06 1.70435e+06 1.71082e+06 1.71767e+06 1.72347e+06 1.72837e+06 1.73353e+06 1.74344e+06 1.74829e+06 1.75247e+06 1.75361e+06 1.75748e+06 1.76135e+06 1.76551e+06 1.77009e+06 1.77802e+06 1.77788e+06 1.78194e+06 1.79144e+06 1.79939e+06 1.80117e+06 1.8056e+06 1.80647e+06 1.81041e+06 1.81467e+06 1.82358e+06 1.82788e+06 1.83185e+06 1.83298e+06 1.83665e+06 1.84045e+06 1.84453e+06 1.85354e+06 1.85772e+06 1.86216e+06 1.86386e+06 1.86779e+06 1.87162e+06 1.87576e+06 1.88372e+06 1.88768e+06 1.88897e+06 1.8929e+06 1.89626e+06 1.89978e+06 1.90354e+06 1.91153e+06 1.91538e+06 1.91942e+06 1.92126e+06 1.92479e+06 1.92837e+06 1.93217e+06 1.93909e+06 1.94272e+06 1.94629e+06 1.94782e+06 1.95106e+06 1.95454e+06 1.95814e+06 1.96203e+06 1.96598e+06 1.97009e+06 1.97587e+06 1.97788e+06 1.98122e+06 1.9845e+06 1.98714e+06 1.99005e+06 1.99314e+06 1.99849e+06 2.00106e+06 2.00189e+06 2.00487e+06 2.00823e+06 2.01145e+06 2.0145e+06 2.01702e+06 2.01981e+06 2.02276e+06 2.02719e+06 2.02815e+06 2.03049e+06 2.03317e+06 2.03601e+06 2.03876e+06 2.0412e+06 2.0433e+06 2.04562e+06 2.04962e+06 2.05155e+06 2.05222e+06 2.05405e+06 2.05625e+06 2.05847e+06 2.06062e+06 2.06236e+06 2.06398e+06 2.06573e+06 2.06899e+06 2.07056e+06 2.07217e+06 2.07262e+06 2.07443e+06 2.07625e+06 2.07798e+06 2.07944e+06 2.0809e+06 2.08242e+06 2.0841e+06 2.08579e+06 2.08741e+06 2.09004e+06 2.09158e+06 2.09201e+06 2.09343e+06 2.09482e+06 2.09619e+06 2.09769e+06 2.09931e+06 2.10094e+06 2.10246e+06 2.10383e+06 2.10515e+06 2.10742e+06 2.1086e+06 2.10984e+06 2.11109e+06 2.11237e+06 2.11259e+06 2.11386e+06 2.11487e+06 2.11587e+06 2.11686e+06 2.1179e+06 2.11893e+06 2.11997e+06 2.12078e+06 2.12147e+06 2.12213e+06 2.1229e+06 2.12374e+06 2.12455e+06 2.12579e+06 2.12602e+06 2.12628e+06 2.1266e+06 2.12731e+06 2.12804e+06 2.12877e+06 2.12763e+06 2.12761e+06 2.12759e+06 2.12773e+06 2.12787e+06 2.12802e+06 2.12816e+06 2.1283e+06 2.12845e+06 2.12846e+06 2.12844e+06 2.12843e+06 2.12833e+06 2.12821e+06 2.12808e+06 2.12818e+06 2.12842e+06 2.12866e+06 2.12883e+06 2.12892e+06 2.12902e+06 2.12922e+06 2.12955e+06 2.12988e+06 2.13012e+06 2.13023e+06 2.13033e+06 2.13051e+06 2.13088e+06 2.13124e+06 2.13165e+06 2.13224e+06 2.13284e+06 2.13339e+06 2.13369e+06 2.13399e+06 2.1343e+06 2.1349e+06 2.1355e+06 2.13609e+06 2.13633e+06 2.13654e+06 2.13676e+06 2.13705e+06 2.13736e+06 2.13766e+06 2.13765e+06 2.13755e+06 2.13744e+06 2.13746e+06 2.13754e+06 2.1376e+06 2.13732e+06 2.13684e+06 2.13635e+06 2.13605e+06 2.13589e+06 2.13572e+06 2.13544e+06 2.13505e+06 2.13467e+06 2.13438e+06 2.13422e+06 2.13403e+06 2.13375e+06 2.13328e+06 2.13284e+06 2.13247e+06 2.13222e+06 2.13195e+06 2.13161e+06 2.13093e+06 2.13028e+06 2.12967e+06 2.12952e+06 2.12937e+06 2.13055e+06 2.13016e+06 2.12976e+06 2.12937e+06 2.12936e+06 2.12943e+06 2.12958e+06 2.12836e+06 2.12786e+06 2.12732e+06 2.12708e+06 2.12712e+06 2.12717e+06 2.12697e+06 2.12641e+06 2.12583e+06 2.12534e+06 2.12515e+06 2.12497e+06 2.12473e+06 2.12399e+06 2.12497e+06 2.12429e+06 2.12373e+06 2.1232e+06 2.12266e+06 2.11902e+06 2.11826e+06 2.11759e+06 2.11643e+06 2.11501e+06 2.11357e+06 2.11241e+06 2.11153e+06 2.11064e+06 2.10957e+06 2.11009e+06 2.1087e+06 2.10403e+06 2.10235e+06 2.10067e+06 2.09905e+06 2.09768e+06 2.09653e+06 2.09557e+06 2.09389e+06 2.09202e+06 2.09013e+06 2.09144e+06 2.09011e+06 2.08886e+06 2.08395e+06 2.08274e+06 2.08179e+06 2.08085e+06 2.07942e+06 2.07797e+06 2.07658e+06 2.07595e+06 2.0776e+06 2.07701e+06 2.07302e+06 2.07231e+06 2.0718e+06 2.07114e+06 2.07032e+06 2.06954e+06 2.06908e+06 2.06933e+06 2.0723e+06 2.06896e+06 2.06857e+06 2.06837e+06 2.06836e+06 2.06812e+06 2.06773e+06 2.0673e+06 2.06758e+06 2.07264e+06 2.07383e+06 2.07095e+06 2.07183e+06 2.07299e+06 2.0744e+06 2.07626e+06 2.07818e+06 2.08354e+06 2.0809e+06 2.08164e+06 2.08231e+06 2.08287e+06 2.08347e+06 2.08464e+06 2.08634e+06 2.09075e+06 2.09275e+06 2.0952e+06 2.09204e+06 2.09307e+06 2.09417e+06 2.09527e+06 2.09753e+06 2.09719e+06 2.097e+06 2.09103e+06 2.0902e+06 2.08984e+06 2.08973e+06 2.0891e+06 2.09151e+06 2.09065e+06 2.08469e+06 2.08297e+06 2.08157e+06 2.08017e+06 2.08148e+06 2.07974e+06 2.07798e+06 2.07044e+06 2.06851e+06 2.067e+06 2.06544e+06 2.06618e+06 2.0638e+06 2.0607e+06 2.05164e+06 2.04815e+06 2.04498e+06 2.04566e+06 2.04191e+06 2.04147e+06 2.03341e+06 2.02344e+06 2.02026e+06 2.0223e+06 2.01429e+06 2.0103e+06 2.00689e+06 2.00396e+06 2.001e+06 2.00101e+06 1.9976e+06 1.99382e+06 1.98252e+06 1.97721e+06 1.97171e+06 1.96506e+06 1.9571e+06 1.94979e+06 1.94339e+06 1.93789e+06 1.93774e+06 1.93289e+06 1.92754e+06 1.91534e+06 1.9099e+06 1.9049e+06 1.90467e+06 1.89359e+06 1.88788e+06 1.88252e+06 1.87751e+06 1.87636e+06 1.87094e+06 1.8645e+06 1.85164e+06 1.84495e+06 1.84421e+06 1.83768e+06 1.8227e+06 1.81551e+06 1.80924e+06 1.81039e+06 1.79779e+06 1.79233e+06 1.7876e+06 1.78346e+06 1.7849e+06 1.78033e+06 1.78041e+06 1.76936e+06 1.75753e+06 1.75741e+06 1.75187e+06 1.74469e+06 1.73081e+06 1.72385e+06 1.72375e+06 1.71663e+06 1.70106e+06 1.6933e+06 1.68614e+06 1.68616e+06 1.67127e+06 1.66398e+06 1.65724e+06 1.65778e+06 1.64391e+06 1.63642e+06 1.62921e+06 1.62202e+06 1.61401e+06 1.60476e+06 1.59609e+06 1.5877e+06 1.5798e+06 1.57053e+06 1.5618e+06 1.55331e+06 1.54534e+06 1.53628e+06 1.52714e+06 1.51829e+06 1.51e+06 1.5022e+06 1.49555e+06 1.48964e+06 1.48467e+06 1.48048e+06 1.47839e+06 1.47624e+06 1.47412e+06 1.47195e+06 1.46871e+06 1.46445e+06 1.46008e+06 1.45547e+06 1.4562e+06 1.44321e+06 1.43642e+06 1.42947e+06 1.42902e+06 1.41317e+06 1.40416e+06 1.39503e+06 1.39377e+06 1.38433e+06 1.36514e+06 1.35555e+06 1.35614e+06 1.34778e+06 1.34075e+06 1.32538e+06 1.32726e+06 1.32823e+06 1.31343e+06 1.30563e+06 1.28986e+06 1.28108e+06 1.27262e+06 1.26422e+06 1.2649e+06 1.24893e+06 1.24156e+06 1.23407e+06 1.23473e+06 1.22711e+06 1.21025e+06 1.20247e+06 1.20411e+06 1.19677e+06 1.18975e+06 1.174e+06 1.16631e+06 1.15843e+06 1.15085e+06 1.15287e+06 1.13728e+06 1.13124e+06 1.12555e+06 1.12861e+06 1.12354e+06 1.11883e+06 1.10734e+06 1.09942e+06 1.08889e+06 1.07838e+06 1.06822e+06 1.06065e+06 1.05381e+06 1.04676e+06 1.04933e+06 1.04207e+06 1.03609e+06 1.0242e+06 1.01704e+06 1.00904e+06 1.00157e+06 994368 996443 979664 973014 976795 980486 964793 958689 941988 934435 927000 930878 924872 920208 908146 902231 895894 889966 893055 887269 880939 866033 858564 850905 843443 847109 841493 829476 824916 819163 813241 807721 811246 805751 799976 785781 778181 770900 763852 768260 763395 758517 745969 740669 735296 730027 722988 716005 709294 711774 696333 689575 682732 676115 669545 663234 667117 663201 651533 646343 640056 634041 628217 623021 617845 612856 616598 603249 598139 592864 587406 582058 576923 572305 567694 571756 567105 554411 549775 544993 540125 535340 530321 525425 520562 524880 521457 517964 506992 501735 496534 491713 487982 484212 480280 475073 469971 465221 470152 466479 455052 451304 447431 443634 439755 435909 432012 428108 423975 419992 424671 421654 418581 415472 411492 400076 395721 392160 388628 385111 381310 377489 373601 370309 367272 364199 360451 356219 352030 355854 352807 349764 346585 343559 340438 337372 327251 323106 318966 315527 312019 308555 304981 301453 297856 294822 291807 288801 285682 282588 279428 276603 273870 271153 268338 265535 262676 260000 257433 254886 252298 249776 247202 244621 241898 239212 236516 234011 231448 228912 226337 223790 221197 218842 216434 214052 211658 209292 206873 204647 202398 200175 197977 195819 193613 191397 189112 186845 184629 182502 180330 178200 176032 173885 171768 169777 167750 165768 163768 161786 159794 157931 156036 154171 152267 150384 148467 146682 144861 143064 141454 139883 142710 141002 139244 137522 136090 134738 133376 130520 129102 127564 125989 124459 122819 121186 119558 117904 116212 114624 112981 111356 109802 112264 110755 109501 108245 107052 104550 103313 101892 100531 99111.4 97612.6 96168.5 94832.2 93434.7 92165.5 94312.3 93209 90420.3 89574.8 88497 87226.2 85951.6 84683.2 83378.9 96421.3 114739 136022 300317 479724 672508 763310 786729 810130 830126 838014 844733 850202 858326 856923 864617 869482 872043 874801 877048 878739 880488 882282 884280 888234 889005 890584 892169 893710 894604 895301 896019 896570 896664 897062 896212 896242 896232 896182 895282 894128 894938 891224 888914 886777 885212 885567 885852 886055 885379 884165 883004 881454 881038 880764 880594 880340 879866 879576 878952 878816 878640 878335 877724 877500 877248 877392 877923 878498 879001 879029 879282 879805 880610 881498 882443 883297 883751 884356 884995 885512 886186 886857 887441 887808 888385 888505 888775 889244 889964 890256 890811 891322 891803 892276 893137 893561 893955 894952 895785 896708 897903 899659 901503 903376 905290 906986 908840 910833 912821 914906 917011 919192 921095 923042 924996 926896 928983 930869 932649 934043 935558 937187 938580 939776 940929 941992 943175 943973 944883 945675 946375 947127 947613 948244 948251 948226 948432 948423 948294 947943 947656 947482 947056 946427 945937 945430 945084 944427 943930 943435 943084 942453 941960 941462 940942 940365 939710 939053 938373 937685 936804 935886 934900 933879 932834 931683 930358 928903 927320 925698 923864 921879 919677 916971 914032 910968 907677 904126 900303 896193 891658 889242 878608 868712 856085 839024 810461 775982 739209 700130 664917 643732 623499 607651 599322 597620 595310 594589 593914 591906 590475 588306 586532 584767 582952 581844 579066 577077 575075 573874 571801 569196 567121 565609 563488 561430 558791 556645 554445 552289 550616 547763 545294 542853 540881 538349 535648 532348 529688 527060 524376 521723 518788 515751 512696 510078 507160 504400 501065 498123 494910 491742 488515 486055 481736 478385 475944 473504 469812 466778 463280 460275 457265 454775 452147 449740 446678 442938 438053 432767 427112 416417 401213 386155 370178 355224 341065 330163 325197 323186 322221 322801 323957 325297 328450 330224 332199 333038 335398 337730 340084 343266 344526 345776 346242 348163 350470 353085 354338 354895 355138 355447 356526 357327 358278 359214 360322 361565 363568 364516 364743 365900 367241 368543 369785 370834 371962 373131 374740 375166 376006 376866 377750 378625 379454 380196 380964 382078 382609 382913 383414 383885 384358 384821 385327 385808 386262 386579 386697 386835 386914 387212 387502 387739 387705 387673 387642 387732 387780 387776 387399 386987 386368 386012 385690 385359 384897 384286 383658 383116 382735 382282 381224 380272 379251 378264 377327 376315 375418 374206 372922 371669 370518 369416 368278 366888 365284 363700 362309 361165 359963 358110 356145 354258 352420 351448 350456 349490 347614 346007 344368 342862 341343 339860 338195 336547 334877 333287 331685 330112 328418 326721 325004 323385 321778 320199 318544 316879 315194 313578 311978 310401 308762 307096 305403 303805 302346 300907 299392 297714 296004 294325 292671 291042 289390 287885 
        </DataArray>
        <DataArray type="Float64" Name="Temperature" format="ascii">
800.626 799.478 798.179 796.896 795.594 794.443 793.292 792.162 790.901 789.631 788.34 787.136 785.938 784.76 783.557 782.371 781.166 779.927 778.618 777.327 776.155 775.17 774.165 773.031 771.62 770.232 768.891 767.758 766.605 765.435 764.066 762.711 761.346 760.242 759.123 758.025 756.794 755.574 754.201 753.054 751.87 750.707 749.616 748.552 747.453 745.782 744.815 743.861 742.939 742.083 741.227 740.385 739.509 738.644 737.857 737.331 736.818 736.337 735.879 735.933 735.484 735.155 734.84 734.695 734.713 735.608 736.56 737.888 739.384 740.866 742.526 744.288 746.108 747.382 748.024 748.532 748.264 747.738 747.193 746.617 745.557 744.52 743.469 742.113 740.686 739.279 738.062 736.621 735.182 733.208 731.568 729.997 728.471 727.069 725.649 724.285 723.494 723.188 722.408 721.214 720.544 719.92 719.82 720.133 720.501 721.511 723.945 727.385 729.177 732.375 735.66 738.925 741.838 744.575 747.351 749.748 752.119 754.169 755.597 757.372 759.206 761.039 762.678 764.258 766.229 767.403 768.96 770.55 772.285 774.26 776.276 778.268 780.021 781.671 783.383 784.709 786.547 788.395 790.28 791.783 793.246 794.643 795.662 796.961 798.321 799.624 800.738 801.848 803.057 804.23 805.617 807.03 808.526 810.09 811.654 813.29 814.901 816.62 818.366 819.988 821.476 822.898 824.188 825.295 826.361 827.379 828.173 828.88 829.483 830.144 830.705 831.167 831.586 832.012 832.425 832.843 833.281 833.766 834.304 834.927 835.719 836.71 837.702 838.743 839.892 841.204 842.533 843.835 845.003 845.819 846.835 847.76 848.628 849.371 850.092 850.548 851.161 851.586 852.029 852.478 852.785 853.242 853.754 854.506 855.057 855.394 855.967 857.027 858.159 859.52 862.368 870.972 885.532 903.343 925.003 951.673 985.137 1011.89 1045.14 1072.91 1083.48 1096.04 1101.2 1105.75 1109.59 1112.55 1116.85 1122.15 1126.16 1129.83 1131.83 1134.37 1135.75 1137 1137.6 1139.44 1140.84 1142.45 1144.33 1146.37 1148.66 1150.65 1152.42 1153.98 1155.97 1157.78 1159.48 1161 1158.88 1159.49 1159.88 1160.04 1161.99 1163.05 1163.07 1162.03 1159.92 1156.74 1153.48 1150.09 1146.47 1147.2 1146.56 1142.11 1133.71 1104.55 922.668 752.049 551.792 445.414 337.666 340.276 342.38 346.878 348.722 347.98 349.602 353.206 354.298 356.734 355.682 359.989 365.522 361.961 363.808 360.734 363.687 365.912 367.487 372.59 371.481 373.446 374.806 378.388 380.516 379.844 381.643 385.171 386.352 388.259 384.99 387.867 390.433 392.251 397.457 395.923 398.572 400.514 404.118 405.793 407.826 404.918 407.376 409.827 411.648 412.78 415.115 417.796 419.831 423.245 424.882 427.144 424.156 426.905 429.806 432.005 433.58 438.84 438.329 440.525 444.436 450.136 447.263 449.137 447.413 450.13 452.327 456.192 457.672 459.381 456.845 459.177 461.492 463.259 466.88 468.6 470.413 467.655 470.105 472.439 474.289 478.17 479.674 477.23 478.743 480.949 483.028 484.636 488.202 489.931 491.702 489.617 492.074 494.144 495.822 499.004 500.86 502.648 499.679 501.618 503.503 505.272 507.487 509.418 510.976 515.769 513.947 515.623 517.282 519.215 520.834 522.09 525.84 527.528 524.578 526.421 528.384 530.212 532.08 534.087 535.837 537.278 543.002 539.864 541.765 543.864 546.003 547.977 550.055 552.12 553.933 559.299 561.192 558.445 560.332 562.571 564.702 566.634 568.76 570.674 572.304 576.258 577.969 579.644 576.722 578.779 580.793 582.735 584.838 586.759 588.564 590.442 592.077 593.402 597.401 598.892 595.989 597.73 599.667 601.52 603.492 605.509 607.43 609.247 611.062 612.649 616.009 617.419 618.906 620.394 622.197 619.315 621.171 623.142 625.136 627.058 629.077 631.037 632.956 634.804 636.624 638.334 640.092 641.795 643.368 646.52 647.858 649.177 650.57 652.267 653.991 655.658 653.167 654.676 656.219 657.942 659.683 661.385 663.2 664.974 666.759 668.432 670.113 671.761 673.553 675.346 677.154 678.906 680.677 682.418 684.224 686.016 687.819 689.585 691.382 693.142 694.968 696.82 698.684 700.462 702.164 703.826 705.508 707.17 708.852 710.516 712.326 714.096 715.885 717.597 719.328 721.023 722.887 724.72 726.574 728.345 730.129 731.873 733.741 735.601 737.49 739.198 740.869 742.509 744.143 745.72 747.311 748.971 750.749 752.495 754.202 755.788 757.384 759.046 760.924 762.769 764.606 766.305 768.01 769.735 771.827 773.884 775.965 777.914 779.891 781.831 784.217 786.617 792.026 793.606 795.227 796.81 798.423 799.967 801.516 799.797 801.96 804.149 806.058 807.596 809.124 810.787 812.76 814.71 816.624 818.314 820.019 821.746 823.879 828.966 830.831 832.133 833.43 834.702 832.68 834.202 835.772 837.358 838.996 840.626 842.187 843.657 845.17 846.622 851.067 852.448 850.383 852.192 854.144 856.144 857.664 859.131 860.595 862.564 864.721 866.927 870.921 872.168 873.41 871.9 873.597 875.304 877.097 878.945 880.854 882.75 884.379 888.61 890.212 888.812 890.185 891.556 893.211 895.045 896.937 898.723 900.329 904.637 903.343 904.828 906.37 907.92 909.85 911.923 914.121 915.814 919.117 920.225 919.009 920.703 922.475 924.27 926.341 928.433 933.155 932.522 934.641 936.842 939.018 940.498 942.029 943.559 946.702 947.921 949.143 947.689 949.391 951.145 952.974 956.833 958.221 959.523 958.188 959.476 960.884 962.262 963.35 966.426 967.872 966.972 968.91 970.891 972.85 976.856 978.602 980.13 979.272 980.689 982.19 983.563 986.448 987.535 989.001 988.203 990.046 991.921 996.009 997.669 1001.47 1000.78 999.97 1001.33 1004.81 1004.26 1005.77 1007.34 1009.02 1010.52 1013.17 1014.51 1015.91 1015.23 1016.52 1017.8 1019.26 1021.39 1023.65 1025.97 1027.85 1030.69 1031.96 1032.89 1031.87 1032.59 1033.36 1036.08 1035.23 1036.4 1037.66 1038.95 1042.17 1043.49 1044.8 1044.1 1045.38 1048.56 1049.84 1049.38 1050.65 1051.92 1054.99 1054.72 1056.36 1058.06 1059.87 1063.11 1064.79 1067.75 1067.66 1067.34 1070.21 1071.5 1072.83 1072.39 1073.9 1077.25 1078.8 1078.82 1080.44 1082.09 1085.13 1085.27 1086.72 1088.18 1090.87 1091.04 1092.27 1093.49 1094.72 1095.82 1096.72 1097.6 1098.47 1099.31 1100.12 1101.03 1102.05 1103.17 1104.3 1105.46 1106.72 1108.04 1109.35 1110.46 1111.65 1112.88 1114.19 1115.27 1116.43 1117.65 1118.98 1120.16 1121.25 1122.36 1123.51 1125.69 1125.58 1126.63 1127.8 1130.17 1130.19 1131.33 1132.6 1135.15 1136.34 1136.49 1137.71 1140.01 1141.29 1142.28 1142.54 1144.54 1146.3 1146.66 1147.53 1147.58 1148.4 1149.31 1150.34 1152.35 1152.38 1153.47 1154.72 1157.13 1158.25 1158.57 1159.76 1161.9 1163.02 1163.92 1164.31 1165.22 1166.2 1167.25 1169.02 1169.36 1170.29 1171.34 1173.4 1174.37 1175.27 1175.8 1176.85 1178.01 1179.33 1180.78 1181.92 1182.84 1183.88 1185.76 1186.82 1187.61 1187.88 1188.64 1189.39 1190.19 1191.08 1192.56 1192.58 1193.36 1195.18 1196.52 1197.01 1197.85 1198.07 1198.82 1199.63 1201.33 1202.12 1202.84 1203.12 1203.81 1204.52 1205.29 1206.96 1207.72 1208.54 1208.91 1209.64 1210.35 1211.12 1212.56 1213.27 1213.56 1214.28 1214.89 1215.52 1216.22 1217.64 1218.29 1219 1219.43 1220.06 1220.72 1221.43 1222.69 1223.29 1223.91 1224.35 1224.92 1225.55 1226.22 1226.92 1227.63 1228.37 1229.39 1229.78 1230.38 1230.97 1231.44 1231.97 1232.53 1233.46 1233.91 1234.12 1234.65 1235.24 1235.81 1236.35 1236.8 1237.3 1237.83 1238.55 1238.79 1239.2 1239.67 1240.17 1240.65 1241.08 1241.45 1241.86 1242.51 1242.85 1243.04 1243.36 1243.74 1244.13 1244.51 1244.82 1245.11 1245.42 1245.94 1246.2 1246.49 1246.66 1246.97 1247.29 1247.59 1247.85 1248.11 1248.38 1248.68 1248.99 1249.28 1249.63 1249.89 1250.12 1250.35 1250.58 1250.81 1251.07 1251.35 1251.64 1251.92 1252.16 1252.4 1252.72 1252.9 1253.1 1253.31 1253.52 1253.81 1254.01 1254.17 1254.33 1254.49 1254.66 1254.83 1255.01 1255.15 1255.26 1255.38 1255.51 1255.65 1255.78 1255.86 1255.88 1255.91 1255.95 1256.06 1256.17 1256.29 1256.33 1256.31 1256.29 1256.3 1256.32 1256.34 1256.37 1256.39 1256.42 1256.42 1256.43 1256.43 1256.42 1256.4 1256.38 1256.4 1256.45 1256.49 1256.52 1256.54 1256.56 1256.61 1256.68 1256.75 1256.8 1256.82 1256.85 1256.88 1256.94 1257.01 1257.08 1257.19 1257.29 1257.39 1257.44 1257.49 1257.54 1257.64 1257.74 1257.83 1257.87 1257.9 1257.92 1257.97 1258.02 1258.06 1258.05 1258.03 1258 1258 1258 1258 1257.94 1257.85 1257.76 1257.7 1257.66 1257.61 1257.56 1257.48 1257.41 1257.36 1257.32 1257.29 1257.24 1257.17 1257.1 1257.04 1257.01 1256.98 1256.94 1256.85 1256.76 1256.7 1256.71 1256.73 1256.18 1256.13 1256.08 1256.05 1256.07 1256.12 1256.19 1256.27 1256.16 1256.04 1255.98 1255.97 1255.97 1255.94 1255.85 1255.78 1255.73 1255.75 1255.79 1255.84 1255.79 1255.27 1255.2 1255.16 1255.15 1255.15 1254.7 1254.54 1254.41 1254.19 1253.94 1253.71 1253.54 1253.45 1253.39 1253.31 1252.85 1252.67 1252.27 1251.95 1251.64 1251.35 1251.09 1250.88 1250.73 1250.47 1250.22 1250 1249.78 1249.59 1249.46 1248.86 1248.62 1248.44 1248.26 1248 1247.77 1247.57 1247.53 1247.47 1247.42 1247.08 1246.94 1246.86 1246.74 1246.61 1246.52 1246.5 1246.62 1246.68 1246.55 1246.45 1246.39 1246.39 1246.34 1246.3 1246.3 1246.45 1246.83 1247.14 1246.87 1246.95 1247.11 1247.35 1247.66 1248.04 1248.69 1248.45 1248.37 1248.37 1248.41 1248.48 1248.74 1249.18 1249.11 1249.62 1250.23 1249.7 1249.84 1250.08 1250.39 1250.37 1250.4 1250.52 1249.61 1249.45 1249.43 1249.47 1249.44 1249.62 1249.59 1248.63 1248.32 1248.09 1247.87 1247.93 1247.7 1247.49 1246.21 1245.87 1245.63 1245.4 1245.36 1245.05 1244.58 1243 1242.42 1241.92 1241.9 1241.31 1240.87 1239.89 1238.19 1237.67 1237.95 1236.73 1236.01 1235.42 1234.94 1234.46 1234.33 1233.83 1233 1231.09 1230.08 1229.17 1228 1226.44 1225.08 1223.95 1223.02 1222.6 1221.87 1220.98 1218.79 1217.76 1216.89 1216.58 1214.79 1213.72 1212.77 1211.91 1211.37 1210.48 1209.28 1206.95 1205.68 1205.33 1204.17 1201.48 1200.1 1198.95 1198.99 1196.87 1195.81 1194.94 1194.23 1194.25 1193.48 1193.06 1191.34 1189.22 1189.03 1188.06 1186.63 1184.01 1182.66 1182.55 1181.2 1178.2 1176.68 1175.33 1175.24 1172.38 1170.92 1169.61 1169.65 1166.99 1165.45 1164 1162.6 1160.99 1159.05 1157.26 1155.54 1153.94 1151.98 1150.15 1148.37 1146.71 1144.78 1142.82 1140.93 1139.17 1137.49 1136.02 1134.73 1133.66 1132.77 1132.27 1131.77 1131.3 1130.84 1130.1 1129.12 1128.14 1127.12 1127.2 1124.38 1122.86 1121.32 1121.17 1117.68 1115.64 1113.59 1113.28 1111.15 1106.77 1104.57 1104.69 1102.78 1101.12 1097.56 1097.99 1098.16 1094.74 1092.88 1089.15 1087.03 1084.98 1082.96 1083.11 1079.22 1077.39 1075.55 1075.71 1073.81 1069.58 1067.62 1068.03 1066.15 1064.34 1060.32 1058.31 1056.25 1054.27 1054.77 1050.68 1049.07 1047.55 1048.36 1047.01 1045.74 1042.66 1040.51 1037.63 1034.76 1031.99 1029.89 1027.97 1026 1026.73 1024.69 1022.98 1019.62 1017.57 1015.26 1013.11 1011.04 1011.62 1006.71 1004.75 1005.87 1006.95 1002.31 1000.5 995.478 993.176 990.919 992.119 990.295 988.859 985.143 983.296 981.309 979.456 980.442 978.624 976.615 971.881 969.463 966.969 964.549 965.769 963.941 959.98 958.478 956.55 954.563 952.716 953.921 952.062 950.102 945.28 942.624 940.086 937.639 939.213 937.493 935.771 931.332 929.421 927.49 925.6 923.022 920.463 918.013 918.937 913.172 910.634 908.061 905.503 902.974 900.555 902.06 900.526 895.976 893.919 891.413 889.023 886.699 884.576 882.471 880.453 881.965 876.461 874.343 872.119 869.806 867.548 865.36 863.36 861.373 863.133 861.105 855.563 853.528 851.377 849.195 847.058 844.764 842.516 840.296 842.291 840.698 839.079 833.984 831.491 829.031 826.751 824.933 823.106 821.208 818.634 816.118 813.788 816.211 814.369 808.674 806.756 804.761 802.812 800.805 798.791 796.758 794.708 792.493 790.368 792.874 791.246 789.587 787.915 785.745 779.523 777.128 775.11 773.102 771.112 768.927 766.722 764.484 762.564 760.772 758.964 756.732 754.188 751.676 753.946 752.073 750.21 748.267 746.383 744.445 742.545 736.246 733.601 730.96 728.679 726.358 724.074 721.661 719.279 716.857 714.76 712.668 710.587 708.391 706.201 703.968 701.939 699.958 697.991 695.927 693.853 691.739 689.74 687.796 685.869 683.896 681.947 679.959 677.956 675.814 673.703 671.572 669.546 667.475 665.422 663.302 661.206 659.069 657.059 655.005 652.974 650.879 648.806 646.687 644.695 642.675 640.68 638.67 636.689 634.662 632.593 630.445 628.313 626.199 624.15 622.057 619.977 617.838 615.716 613.602 611.586 609.53 607.504 605.435 603.38 601.298 599.308 597.278 595.27 593.192 591.13 589.024 587.029 584.988 582.97 581.107 579.281 582.023 580.06 578.033 576.042 574.355 572.753 571.129 567.763 565.969 564.031 562.024 560.05 557.934 555.815 553.685 551.517 549.289 547.166 544.966 542.783 540.666 543.723 541.673 539.944 538.205 536.543 533.037 531.214 529.128 527.097 524.964 522.713 520.527 518.489 516.353 514.403 517.466 515.764 511.529 510.124 508.347 506.262 504.116 501.971 499.756 536.983 589.024 649.492 811.607 1010.13 1211.23 1244.78 1252.47 1260.75 1266.36 1263.81 1263 1263.92 1264.7 1271.32 1272.5 1273.04 1275.08 1277.13 1279.27 1281.42 1283.62 1285.72 1287.79 1291.95 1292.49 1293.04 1293.59 1294.14 1294.47 1294.71 1294.93 1295.7 1298.93 1300.19 1302.18 1310.74 1319.24 1327.41 1340 1352.55 1373.88 1375.65 1384.39 1392.51 1399.19 1401.69 1404.94 1408.82 1408.07 1407.94 1407.88 1406.84 1406.08 1405.47 1404.93 1403.21 1402.06 1401.08 1400.28 1399.36 1398.44 1397.62 1396.92 1396.38 1395.94 1395.94 1396.16 1396.38 1396.58 1396.8 1396.94 1397.26 1397.76 1398.4 1399.05 1399.65 1400.2 1400.68 1401.05 1401.27 1401.53 1401.78 1401.93 1401.98 1402.19 1402.22 1402.46 1402.98 1403.77 1404.47 1406.27 1407.98 1409.67 1410.86 1411.88 1412.48 1412.2 1412.3 1411.77 1411.28 1409.87 1405.41 1400.43 1395.1 1386.02 1366.47 1353.35 1341.27 1333.06 1323.04 1313.83 1302.96 1299.3 1292.95 1286.41 1279.81 1269.85 1262.39 1254.89 1249.91 1243.04 1234.52 1228.08 1223.38 1217.5 1211.64 1205.09 1200.65 1195.95 1191.4 1186.84 1183.58 1180.5 1178.64 1177.42 1177.25 1176.65 1176.33 1176.26 1176.31 1176.27 1176.13 1176.03 1175.74 1175.34 1174.86 1174.13 1173.01 1171.6 1170.06 1168.52 1166.78 1165.19 1163.51 1161.69 1159.86 1157.96 1155.93 1153.69 1151.32 1148.93 1146.49 1143.89 1141.24 1138.92 1136.85 1134.73 1132.63 1130.72 1129.28 1127.76 1126.19 1124.54 1122.97 1121.29 1119.56 1117.71 1115.87 1113.99 1111.99 1109.81 1108.26 1104.25 1100.26 1095.21 1088.14 1077.07 1063.13 1047.96 1031.22 1015.6 1005.73 996.208 988.587 984.397 983.176 981.803 981.095 980.163 979.266 978.236 977.159 976.039 974.986 973.964 972.98 971.688 970.549 969.504 968.656 967.381 966.17 965.016 964.114 962.973 961.676 960.813 959.501 958.222 957.075 955.81 954.682 953.269 951.993 950.918 949.542 947.98 946.691 945.219 943.778 942.38 941.072 939.547 937.942 936.402 935.01 933.551 932.068 930.612 929.089 927.424 925.809 924.189 922.808 920.67 918.931 917.621 916.22 914.45 912.856 911.127 909.536 907.955 906.599 905.234 903.969 902.41 900.34 897.582 894.585 891.338 884.959 875.569 866.393 855.895 845.755 836.057 828.465 825.11 823.831 823.318 823.879 824.832 825.891 828.338 829.947 831.611 831.886 833.756 835.487 837.114 839.42 840.685 841.823 841.027 842.609 844.373 846.26 847.071 847.246 847.052 847.422 848.026 848.739 849.476 850.171 850.971 851.849 853.523 854.331 854.138 855.04 856.021 856.928 857.767 858.509 859.292 860.092 862.028 861.634 862.413 863.123 863.801 864.414 864.975 865.485 865.983 867.882 868.55 867.646 868.305 868.854 869.299 869.623 869.991 870.311 870.54 871.779 872.254 872.594 870.803 871.427 871.919 872.257 872.416 872.474 872.433 872.559 872.586 872.501 874.202 874.258 871.235 871.436 871.594 871.635 871.517 871.248 870.885 870.536 870.336 870.02 870.804 870.64 870.388 870.072 869.838 866.083 866.028 865.507 864.776 863.925 863.284 862.744 862.157 861.218 859.957 858.638 857.401 856.316 855.143 854.91 853.582 852.179 850.704 850.052 849.317 848.538 845.966 844.968 843.909 842.937 841.93 840.921 839.757 838.586 837.38 836.211 835.017 833.832 832.544 831.247 829.923 828.688 827.469 826.269 825.022 823.781 822.524 821.313 820.108 818.92 817.68 816.413 815.125 813.911 812.804 811.715 810.569 809.295 808 806.729 805.458 804.209 802.945 801.794 
        </DataArray>
        <DataArray type="Float64" Name="Tau1" format="ascii">
0 0 0 0 0 0 0 0 0 0 0 0 0 0 0 0 0 0 0 0 0 0 0 0 0 0 0 0 0 0 0 0 0 0 0 0 0 0 0 0 0 0 0 0 0 0 0 0 0 0 0 0 0 0 0 0 0 0 0 0 0 0 0 0 0 0 0 0 0 0 0 0 0 0 0 0 0 0 0 0 0 0 0 0 0 0 0 0 0 0 0 0 0 0 0 0 0 0 0 0 0 0 0 0 0 0 0 0 0 0 0 0 0 0 0 0 0 0 0 0 0 0 0 0 0 0 0 0 0 0 0 0 0 0 0 0 0 0 0 0 0 0 0 0 0 0 0 0 0 0 0 0 0 0 0 0 0 0 0 0 0 0 0 0 0 0 0 0 0 0 0 0 0 0 0 0 0 0 0 0 0 0 0 0 0 0 0 0 0 0 0 0 0 0 0 0 0 0 0 0 0 0 0 0 0 0 0 0 0 0 0 0 0 0 0 0 0 0 0 0 0 0 0 0 0 0 0 0 0 0 0 0 0 0 0 0 0 0 0 0 0 0 0 0 0 0 0 0 0 0 0 0 0 0 0 0 0 0 0 0 0 0 0 0 0 0 0 0 0 0 0 0 0 0 0 0 0 0 0 0 0 0 0 0 0 0 0 0 0 0 0 0 0 0 0 0 0 0 0 0 0 0 0 0 0 0 0 0 0 0 0 0 0 0 0 0 0 0 0 0 0 0 0 0 0 0 0 0 0 0 0 0 0 0 0 0 0 0 0 0 0 0 0 0 0 0 0 0 0 0 0 0 0 0 0 0 0 0 0 0 0 0 0 0 0 0 0 0 0 0 0 0 0 0 0 0 0 0 0 0 0 0 0 0 0 0 0 0 0 0 0 0 0 0 0 0 0 0 0 0 0 0 0 0 0 0 0 0 0 0 0 0 0 0 0 0 0 0 0 0 0 0 0 0 0 0 0 0 0 0 0 0 0 0 0 0 0 0 0 0 0 0 0 0 0 0 0 0 0 0 0 0 0 0 0 0 0 0 0 0 0 0 0 0 0 0 0 0 0 0 0 0 0 0 0 0 0 0 0 0 0 0 0 0 0 0 0 0 0 0 0 0 0 0 0 0 0 0 0 0 0 0 0 0 0 0 0 0 0 0 0 0 0 0 0 0 0 0 0 0 0 0 0 0 0 0 0 0 0 0 0 0 0 0 0 0 0 0 0 0 0 0 0 0 0 0 0 0 0 0 0 0 0 0 0 0 0 0 0 0 0 0 0 0 0 0 0 0 0 0 0 0 0 0 0 0 0 0 0 0 0 0 0 0 0 0 0 0 0 0 0 0 0 0 0 0 0 0 0 0 0 0 0 0 0 0 0 0 0 0 0 0 0 0 0 0 0 0 0 0 0 0 0 0 0 0 0 0 0 0 0 0 0 0 0 0 0 0 0 0 0 0 0 0 0 0 0 0 0 0 0 0 0 0 0 0 0 0 0 0 0 0 0 0 0 0 0 0 0 0 0 0 0 0 0 0 0 0 0 0 0 0 0 0 0 0 0 0 0 0 0 0 0 0 0 0 0 0 0 0 0 0 0 0 0 0 0 0 0 0 0 0 0 0 0 0 0 0 0 0 0 0 0 0 0 0 0 0 0 0 0 0 0 0 0 0 0 0 0 0 0 0 0 0 0 0 0 0 0 0 0 0 0 0 0 0 0 0 0 0 0 0 0 0 0 0 0 0 0 0 0 0 0 0 0 0 0 0 0 0 0 0 0 0 0 0 0 0 0 0 0 0 0 0 0 0 0 0 0 0 0 0 0 0 0 0 0 0 0 0 0 0 0 0 0 0 0 0 0 0 0 0 0 0 0 0 0 0 0 0 0 0 0 0 0 0 0 0 0 0 0 0 0 0 0 0 0 0 0 0 0 0 0 0 0 0 0 0 0 0 0 0 0 0 0 0 0 0 0 0 0 0 0 0 0 0 0 0 0 0 0 0 0 0 0 0 0 0 0 0 0 0 0 0 0 0 0 0 0 0 0 0 0 0 0 0 0 0 0 0 0 0 0 0 0 0 0 0 0 0 0 0 0 0 0 0 0 0 0 0 0 0 0 0 0 0 0 0 0 0 0 0 0 0 0 0 0 0 0 0 0 0 0 0 0 0 0 0 0 0 0 0 0 0 0 0 0 0 0 0 0 0 0 0 0 0 0 0 0 0 0 0 0 0 0 0 0 0 0 0 0 0 0 0 0 0 0 0 0 0 0 0 0 0 0 0 0 0 0 0 0 0 0 0 0 0 0 0 0 0 0 0 0 0 0 0 0 0 0 0 0 0 0 0 0 0 0 0 0 0 0 0 0 0 0 0 0 0 0 0 0 0 0 0 0 0 0 0 0 0 0 0 0 0 0 0 0 0 0 0 0 0 0 0 0 0 0 0 0 0 0 0 0 0 0 0 0 0 0 0 0 0 0 0 0 0 0 0 0 0 0 0 0 0 0 0 0 0 0 0 0 0 0 0 0 0 0 0 0 0 0 0 0 0 0 0 0 0 0 0 0 0 0 0 0 0 0 0 0 0 0 0 0 0 0 0 0 0 0 0 0 0 0 0 0 0 0 0 0 0 0 0 0 0 0 0 0 0 0 0 0 0 0 0 0 0 0 0 0 0 0 0 0 0 0 0 0 0 0 0 0 0 0 0 0 0 0 0 0 0 0 0 0 0 0 0 0 0 0 0 0 0 0 0 0 0 0 0 0 0 0 0 0 0 0 0 0 0 0 0 0 0 0 0 0 0 0 0 0 0 0 0 0 0 0 0 0 0 0 0 0 0 0 0 0 0 0 0 0 0 0 0 0 0 0 0 0 0 0 0 0 0 0 0 0 0 0 0 0 0 0 0 0 0 0 0 0 0 0 0 0 0 0 0 0 0 0 0 0 0 0 0 0 0 0 0 0 0 0 0 0 0 0 0 0 0 0 0 0 0 0 0 0 0 0 0 0 0 0 0 0 0 0 0 0 0 0 0 0 0 0 0 0 0 0 0 0 0 0 0 0 0 0 0 0 0 0 0 0 0 0 0 0 0 0 0 0 0 0 0 0 0 0 0 0 0 0 0 0 0 0 0 0 0 0 0 0 0 0 0 0 0 0 0 0 0 0 0 0 0 0 0 0 0 0 0 0 0 0 0 0 0 0 0 0 0 0 0 0 0 0 0 0 0 0 0 0 0 0 0 0 0 0 0 0 0 0 0 0 0 0 0 0 0 0 0 0 0 0 0 0 0 0 0 0 0 0 0 0 0 0 0 0 0 0 0 0 0 0 0 0 0 0 0 0 0 0 0 0 0 0 0 0 0 0 0 0 0 0 0 0 0 0 0 0 0 0 0 0 0 0 0 0 0 0 0 0 0 0 0 0 0 0 0 0 0 0 0 0 0 0 0 0 0 0 0 0 0 0 0 0 0 0 0 0 0 0 0 0 0 0 0 0 0 0 0 0 0 0 0 0 0 0 0 0 0 0 0 0 0 0 0 0 0 0 0 0 0 0 0 0 0 0 0 0 0 0 0 0 0 0 0 0 0 0 0 0 0 0 0 0 0 0 0 0 0 0 0 0 0 0 0 0 0 0 0 0 0 0 0 0 0 0 0 0 0 0 0 0 0 0 0 0 0 0 0 0 0 0 0 0 0 0 0 0 0 0 0 0 0 0 0 0 0 0 0 0 0 0 0 0 0 0 0 0 0 0 0 0 0 0 0 0 0 0 0 0 0 0 0 0 0 0 0 0 0 0 0 0 0 0 0 0 0 0 0 0 0 0 0 0 0 0 0 0 0 0 0 0 0 0 0 0 0 0 0 0 0 0 0 0 0 0 0 0 0 0 0 0 0 0 0 0 0 0 0 0 0 0 0 0 0 0 0 0 0 0 0 0 0 0 0 0 0 0 0 0 0 0 0 0 0 0 0 0 0 0 0 0 0 0 0 0 0 0 0 0 0 0 0 0 0 0 0 0 0 0 0 0 0 0 0 0 0 0 0 0 0 0 0 0 0 0 0 0 0 0 0 0 0 0 0 0 0 0 0 0 0 0 0 0 0 0 0 0 0 0 0 0 0 0 0 0 0 0 0 0 0 0 0 0 0 0 0 0 0 0 0 0 0 0 0 0 0 0 0 0 0 0 0 0 0 0 0 0 0 0 0 0 0 0 0 0 0 0 0 0 0 0 0 0 0 0 0 0 0 0 0 0 0 0 0 0 0 0 0 0 0 0 0 0 0 0 0 0 0 0 0 0 0 0 0 0 0 0 0 0 0 0 0 0 0 0 0 0 0 0 0 0 0 0 0 0 0 0 0 0 0 0 0 0 0 0 0 0 0 0 0 0 0 0 0 0 0 0 0 0 0 0 0 0 0 0 0 0 0 0 0 0 0 0 0 0 0 0 0 0 0 0 0 0 0 0 0 0 0 0 0 0 0 0 0 0 0 0 0 0 0 0 0 0 0 0 0 0 0 0 0 0 0 
        </DataArray>
        <DataArray type="Float64" Name="Tau2" format="ascii">
0 0 0 0 0 0 0 0 0 0 0 0 0 0 0 0 0 0 0 0 0 0 0 0 0 0 0 0 0 0 0 0 0 0 0 0 0 0 0 0 0 0 0 0 0 0 0 0 0 0 0 0 0 0 0 0 0 0 0 0 0 0 0 0 0 0 0 0 0 0 0 0 0 0 0 0 0 0 0 0 0 0 0 0 0 0 0 0 0 0 0 0 0 0 0 0 0 0 0 0 0 0 0 0 0 0 0 0 0 0 0 0 0 0 0 0 0 0 0 0 0 0 0 0 0 0 0 0 0 0 0 0 0 0 0 0 0 0 0 0 0 0 0 0 0 0 0 0 0 0 0 0 0 0 0 0 0 0 0 0 0 0 0 0 0 0 0 0 0 0 0 0 0 0 0 0 0 0 0 0 0 0 0 0 0 0 0 0 0 0 0 0 0 0 0 0 0 0 0 0 0 0 0 0 0 0 0 0 0 0 0 0 0 0 0 0 0 0 0 0 0 0 0 0 0 0 0 0 0 0 0 0 0 0 0 0 0 0 0 0 0 0 0 0 0 0 0 0 0 0 0 0 0 0 0 0 0 0 0 0 0 0 0 0 0 0 0 0 0 0 0 0 0 0 0 0 0 0 0 0 0 0 0 0 0 0 0 0 0 0 0 0 0 0 0 0 0 0 0 0 0 0 0 0 0 0 0 0 0 0 0 0 0 0 0 0 0 0 0 0 0 0 0 0 0 0 0 0 0 0 0 0 0 0 0 0 0 0 0 0 0 0 0 0 0 0 0 0 0 0 0 0 0 0 0 0 0 0 0 0 0 0 0 0 0 0 0 0 0 0 0 0 0 0 0 0 0 0 0 0 0 0 0 0 0 0 0 0 0 0 0 0 0 0 0 0 0 0 0 0 0 0 0 0 0 0 0 0 0 0 0 0 0 0 0 0 0 0 0 0 0 0 0 0 0 0 0 0 0 0 0 0 0 0 0 0 0 0 0 0 0 0 0 0 0 0 0 0 0 0 0 0 0 0 0 0 0 0 0 0 0 0 0 0 0 0 0 0 0 0 0 0 0 0 0 0 0 0 0 0 0 0 0 0 0 0 0 0 0 0 0 0 0 0 0 0 0 0 0 0 0 0 0 0 0 0 0 0 0 0 0 0 0 0 0 0 0 0 0 0 0 0 0 0 0 0 0 0 0 0 0 0 0 0 0 0 0 0 0 0 0 0 0 0 0 0 0 0 0 0 0 0 0 0 0 0 0 0 0 0 0 0 0 0 0 0 0 0 0 0 0 0 0 0 0 0 0 0 0 0 0 0 0 0 0 0 0 0 0 0 0 0 0 0 0 0 0 0 0 0 0 0 0 0 0 0 0 0 0 0 0 0 0 0 0 0 0 0 0 0 0 0 0 0 0 0 0 0 0 0 0 0 0 0 0 0 0 0 0 0 0 0 0 0 0 0 0 0 0 0 0 0 0 0 0 0 0 0 0 0 0 0 0 0 0 0 0 0 0 0 0 0 0 0 0 0 0 0 0 0 0 0 0 0 0 0 0 0 0 0 0 0 0 0 0 0 0 0 0 0 0 0 0 0 0 0 0 0 0 0 0 0 0 0 0 0 0 0 0 0 0 0 0 0 0 0 0 0 0 0 0 0 0 0 0 0 0 0 0 0 0 0 0 0 0 0 0 0 0 0 0 0 0 0 0 0 0 0 0 0 0 0 0 0 0 0 0 0 0 0 0 0 0 0 0 0 0 0 0 0 0 0 0 0 0 0 0 0 0 0 0 0 0 0 0 0 0 0 0 0 0 0 0 0 0 0 0 0 0 0 0 0 0 0 0 0 0 0 0 0 0 0 0 0 0 0 0 0 0 0 0 0 0 0 0 0 0 0 0 0 0 0 0 0 0 0 0 0 0 0 0 0 0 0 0 0 0 0 0 0 0 0 0 0 0 0 0 0 0 0 0 0 0 0 0 0 0 0 0 0 0 0 0 0 0 0 0 0 0 0 0 0 0 0 0 0 0 0 0 0 0 0 0 0 0 0 0 0 0 0 0 0 0 0 0 0 0 0 0 0 0 0 0 0 0 0 0 0 0 0 0 0 0 0 0 0 0 0 0 0 0 0 0 0 0 0 0 0 0 0 0 0 0 0 0 0 0 0 0 0 0 0 0 0 0 0 0 0 0 0 0 0 0 0 0 0 0 0 0 0 0 0 0 0 0 0 0 0 0 0 0 0 0 0 0 0 0 0 0 0 0 0 0 0 0 0 0 0 0 0 0 0 0 0 0 0 0 0 0 0 0 0 0 0 0 0 0 0 0 0 0 0 0 0 0 0 0 0 0 0 0 0 0 0 0 0 0 0 0 0 0 0 0 0 0 0 0 0 0 0 0 0 0 0 0 0 0 0 0 0 0 0 0 0 0 0 0 0 0 0 0 0 0 0 0 0 0 0 0 0 0 0 0 0 0 0 0 0 0 0 0 0 0 0 0 0 0 0 0 0 0 0 0 0 0 0 0 0 0 0 0 0 0 0 0 0 0 0 0 0 0 0 0 0 0 0 0 0 0 0 0 0 0 0 0 0 0 0 0 0 0 0 0 0 0 0 0 0 0 0 0 0 0 0 0 0 0 0 0 0 0 0 0 0 0 0 0 0 0 0 0 0 0 0 0 0 0 0 0 0 0 0 0 0 0 0 0 0 0 0 0 0 0 0 0 0 0 0 0 0 0 0 0 0 0 0 0 0 0 0 0 0 0 0 0 0 0 0 0 0 0 0 0 0 0 0 0 0 0 0 0 0 0 0 0 0 0 0 0 0 0 0 0 0 0 0 0 0 0 0 0 0 0 0 0 0 0 0 0 0 0 0 0 0 0 0 0 0 0 0 0 0 0 0 0 0 0 0 0 0 0 0 0 0 0 0 0 0 0 0 0 0 0 0 0 0 0 0 0 0 0 0 0 0 0 0 0 0 0 0 0 0 0 0 0 0 0 0 0 0 0 0 0 0 0 0 0 0 0 0 0 0 0 0 0 0 0 0 0 0 0 0 0 0 0 0 0 0 0 0 0 0 0 0 0 0 0 0 0 0 0 0 0 0 0 0 0 0 0 0 0 0 0 0 0 0 0 0 0 0 0 0 0 0 0 0 0 0 0 0 0 0 0 0 0 0 0 0 0 0 0 0 0 0 0 0 0 0 0 0 0 0 0 0 0 0 0 0 0 0 0 0 0 0 0 0 0 0 0 0 0 0 0 0 0 0 0 0 0 0 0 0 0 0 0 0 0 0 0 0 0 0 0 0 0 0 0 0 0 0 0 0 0 0 0 0 0 0 0 0 0 0 0 0 0 0 0 0 0 0 0 0 0 0 0 0 0 0 0 0 0 0 0 0 0 0 0 0 0 0 0 0 0 0 0 0 0 0 0 0 0 0 0 0 0 0 0 0 0 0 0 0 0 0 0 0 0 0 0 0 0 0 0 0 0 0 0 0 0 0 0 0 0 0 0 0 0 0 0 0 0 0 0 0 0 0 0 0 0 0 0 0 0 0 0 0 0 0 0 0 0 0 0 0 0 0 0 0 0 0 0 0 0 0 0 0 0 0 0 0 0 0 0 0 0 0 0 0 0 0 0 0 0 0 0 0 0 0 0 0 0 0 0 0 0 0 0 0 0 0 0 0 0 0 0 0 0 0 0 0 0 0 0 0 0 0 0 0 0 0 0 0 0 0 0 0 0 0 0 0 0 0 0 0 0 0 0 0 0 0 0 0 0 0 0 0 0 0 0 0 0 0 0 0 0 0 0 0 0 0 0 0 0 0 0 0 0 0 0 0 0 0 0 0 0 0 0 0 0 0 0 0 0 0 0 0 0 0 0 0 0 0 0 0 0 0 0 0 0 0 0 0 0 0 0 0 0 0 0 0 0 0 0 0 0 0 0 0 0 0 0 0 0 0 0 0 0 0 0 0 0 0 0 0 0 0 0 0 0 0 0 0 0 0 0 0 0 0 0 0 0 0 0 0 0 0 0 0 0 0 0 0 0 0 0 0 0 0 0 0 0 0 0 0 0 0 0 0 0 0 0 0 0 0 0 0 0 0 0 0 0 0 0 0 0 0 0 0 0 0 0 0 0 0 0 0 0 0 0 0 0 0 0 0 0 0 0 0 0 0 0 0 0 0 0 0 0 0 0 0 0 0 0 0 0 0 0 0 0 0 0 0 0 0 0 0 0 0 0 0 0 0 0 0 0 0 0 0 0 0 0 0 0 0 0 0 0 0 0 0 0 0 0 0 0 0 0 0 0 0 0 0 0 0 0 0 0 0 0 0 0 0 0 0 0 0 0 0 0 0 0 0 0 0 0 0 0 0 0 0 0 0 0 0 0 0 0 0 0 0 0 0 0 0 0 0 0 0 0 0 0 0 0 0 0 0 0 0 0 0 0 0 0 0 0 0 0 0 0 0 0 0 0 0 0 0 0 0 0 0 0 0 0 0 0 0 0 0 0 0 
        </DataArray>
        <DataArray type="Float64" Name="dTdn" format="ascii">
0 0 0 0 0 0 0 0 0 0 0 0 0 0 0 0 0 0 0 0 0 0 0 0 0 0 0 0 0 0 0 0 0 0 0 0 0 0 0 0 0 0 0 0 0 0 0 0 0 0 0 0 0 0 0 0 0 0 0 0 0 0 0 0 0 0 0 0 0 0 0 0 0 0 0 0 0 0 0 0 0 0 0 0 0 0 0 0 0 0 0 0 0 0 0 0 0 0 0 0 0 0 0 0 0 0 0 0 0 0 0 0 0 0 0 0 0 0 0 0 0 0 0 0 0 0 0 0 0 0 0 0 0 0 0 0 0 0 0 0 0 0 0 0 0 0 0 0 0 0 0 0 0 0 0 0 0 0 0 0 0 0 0 0 0 0 0 0 0 0 0 0 0 0 0 0 0 0 0 0 0 0 0 0 0 0 0 0 0 0 0 0 0 0 0 0 0 0 0 0 0 0 0 0 0 0 0 0 0 0 0 0 0 0 0 0 0 0 0 0 0 0 0 0 0 0 0 0 0 0 0 0 0 0 0 0 0 0 0 0 0 0 0 0 0 0 0 0 0 0 0 0 0 0 0 0 0 0 0 0 0 0 0 0 0 0 0 0 0 0 0 0 0 0 0 0 0 0 0 0 0 0 0 0 0 0 0 0 0 0 0 0 0 0 0 0 0 0 0 0 0 0 0 0 0 0 0 0 0 0 0 0 0 0 0 0 0 0 0 0 0 0 0 0 0 0 0 0 0 0 0 0 0 0 0 0 0 0 0 0 0 0 0 0 0 0 0 0 0 0 0 0 0 0 0 0 0 0 0 0 0 0 0 0 0 0 0 0 0 0 0 0 0 0 0 0 0 0 0 0 0 0 0 0 0 0 0 0 0 0 0 0 0 0 0 0 0 0 0 0 0 0 0 0 0 0 0 0 0 0 0 0 0 0 0 0 0 0 0 0 0 0 0 0 0 0 0 0 0 0 0 0 0 0 0 0 0 0 0 0 0 0 0 0 0 0 0 0 0 0 0 0 0 0 0 0 0 0 0 0 0 0 0 0 0 0 0 0 0 0 0 0 0 0 0 0 0 0 0 0 0 0 0 0 0 0 0 0 0 0 0 0 0 0 0 0 0 0 0 0 0 0 0 0 0 0 0 0 0 0 0 0 0 0 0 0 0 0 0 0 0 0 0 0 0 0 0 0 0 0 0 0 0 0 0 0 0 0 0 0 0 0 0 0 0 0 0 0 0 0 0 0 0 0 0 0 0 0 0 0 0 0 0 0 0 0 0 0 0 0 0 0 0 0 0 0 0 0 0 0 0 0 0 0 0 0 0 0 0 0 0 0 0 0 0 0 0 0 0 0 0 0 0 0 0 0 0 0 0 0 0 0 0 0 0 0 0 0 0 0 0 0 0 0 0 0 0 0 0 0 0 0 0 0 0 0 0 0 0 0 0 0 0 0 0 0 0 0 0 0 0 0 0 0 0 0 0 0 0 0 0 0 0 0 0 0 0 0 0 0 0 0 0 0 0 0 0 0 0 0 0 0 0 0 0 0 0 0 0 0 0 0 0 0 0 0 0 0 0 0 0 0 0 0 0 0 0 0 0 0 0 0 0 0 0 0 0 0 0 0 0 0 0 0 0 0 0 0 0 0 0 0 0 0 0 0 0 0 0 0 0 0 0 0 0 0 0 0 0 0 0 0 0 0 0 0 0 0 0 0 0 0 0 0 0 0 0 0 0 0 0 0 0 0 0 0 0 0 0 0 0 0 0 0 0 0 0 0 0 0 0 0 0 0 0 0 0 0 0 0 0 0 0 0 0 0 0 0 0 0 0 0 0 0 0 0 0 0 0 0 0 0 0 0 0 0 0 0 0 0 0 0 0 0 0 0 0 0 0 0 0 0 0 0 0 0 0 0 0 0 0 0 0 0 0 0 0 0 0 0 0 0 0 0 0 0 0 0 0 0 0 0 0 0 0 0 0 0 0 0 0 0 0 0 0 0 0 0 0 0 0 0 0 0 0 0 0 0 0 0 0 0 0 0 0 0 0 0 0 0 0 0 0 0 0 0 0 0 0 0 0 0 0 0 0 0 0 0 0 0 0 0 0 0 0 0 0 0 0 0 0 0 0 0 0 0 0 0 0 0 0 0 0 0 0 0 0 0 0 0 0 0 0 0 0 0 0 0 0 0 0 0 0 0 0 0 0 0 0 0 0 0 0 0 0 0 0 0 0 0 0 0 0 0 0 0 0 0 0 0 0 0 0 0 0 0 0 0 0 0 0 0 0 0 0 0 0 0 0 0 0 0 0 0 0 0 0 0 0 0 0 0 0 0 0 0 0 0 0 0 0 0 0 0 0 0 0 0 0 0 0 0 0 0 0 0 0 0 0 0 0 0 0 0 0 0 0 0 0 0 0 0 0 0 0 0 0 0 0 0 0 0 0 0 0 0 0 0 0 0 0 0 0 0 0 0 0 0 0 0 0 0 0 0 0 0 0 0 0 0 0 0 0 0 0 0 0 0 0 0 0 0 0 0 0 0 0 0 0 0 0 0 0 0 0 0 0 0 0 0 0 0 0 0 0 0 0 0 0 0 0 0 0 0 0 0 0 0 0 0 0 0 0 0 0 0 0 0 0 0 0 0 0 0 0 0 0 0 0 0 0 0 0 0 0 0 0 0 0 0 0 0 0 0 0 0 0 0 0 0 0 0 0 0 0 0 0 0 0 0 0 0 0 0 0 0 0 0 0 0 0 0 0 0 0 0 0 0 0 0 0 0 0 0 0 0 0 0 0 0 0 0 0 0 0 0 0 0 0 0 0 0 0 0 0 0 0 0 0 0 0 0 0 0 0 0 0 0 0 0 0 0 0 0 0 0 0 0 0 0 0 0 0 0 0 0 0 0 0 0 0 0 0 0 0 0 0 0 0 0 0 0 0 0 0 0 0 0 0 0 0 0 0 0 0 0 0 0 0 0 0 0 0 0 0 0 0 0 0 0 0 0 0 0 0 0 0 0 0 0 0 0 0 0 0 0 0 0 0 0 0 0 0 0 0 0 0 0 0 0 0 0 0 0 0 0 0 0 0 0 0 0 0 0 0 0 0 0 0 0 0 0 0 0 0 0 0 0 0 0 0 0 0 0 0 0 0 0 0 0 0 0 0 0 0 0 0 0 0 0 0 0 0 0 0 0 0 0 0 0 0 0 0 0 0 0 0 0 0 0 0 0 0 0 0 0 0 0 0 0 0 0 0 0 0 0 0 0 0 0 0 0 0 0 0 0 0 0 0 0 0 0 0 0 0 0 0 0 0 0 0 0 0 0 0 0 0 0 0 0 0 0 0 0 0 0 0 0 0 0 0 0 0 0 0 0 0 0 0 0 0 0 0 0 0 0 0 0 0 0 0 0 0 0 0 0 0 0 0 0 0 0 0 0 0 0 0 0 0 0 0 0 0 0 0 0 0 0 0 0 0 0 0 0 0 0 0 0 0 0 0 0 0 0 0 0 0 0 0 0 0 0 0 0 0 0 0 0 0 0 0 0 0 0 0 0 0 0 0 0 0 0 0 0 0 0 0 0 0 0 0 0 0 0 0 0 0 0 0 0 0 0 0 0 0 0 0 0 0 0 0 0 0 0 0 0 0 0 0 0 0 0 0 0 0 0 0 0 0 0 0 0 0 0 0 0 0 0 0 0 0 0 0 0 0 0 0 0 0 0 0 0 0 0 0 0 0 0 0 0 0 0 0 0 0 0 0 0 0 0 0 0 0 0 0 0 0 0 0 0 0 0 0 0 0 0 0 0 0 0 0 0 0 0 0 0 0 0 0 0 0 0 0 0 0 0 0 0 0 0 0 0 0 0 0 0 0 0 0 0 0 0 0 0 0 0 0 0 0 0 0 0 0 0 0 0 0 0 0 0 0 0 0 0 0 0 0 0 0 0 0 0 0 0 0 0 0 0 0 0 0 0 0 0 0 0 0 0 0 0 0 0 0 0 0 0 0 0 0 0 0 0 0 0 0 0 0 0 0 0 0 0 0 0 0 0 0 0 0 0 0 0 0 0 0 0 0 0 0 0 0 0 0 0 0 0 0 0 0 0 0 0 0 0 0 0 0 0 0 0 0 0 0 0 0 0 0 0 0 0 0 0 0 0 0 0 0 0 0 0 0 0 0 0 0 0 0 0 0 0 0 0 0 0 0 0 0 0 0 0 0 0 0 0 0 0 0 0 0 0 0 0 0 0 0 0 0 0 0 0 0 0 0 0 0 0 0 0 0 0 0 0 0 0 0 0 0 0 0 0 0 0 0 0 0 0 0 0 0 0 0 0 0 0 0 0 0 0 0 0 0 0 0 0 0 0 0 0 0 0 0 0 0 0 0 0 0 0 0 0 0 0 0 0 0 0 0 0 0 0 0 0 0 0 0 0 0 0 0 0 0 0 0 0 0 0 0 0 0 0 0 0 0 0 0 0 0 0 0 0 0 0 0 0 0 0 0 0 0 0 
        </DataArray>
        <DataArray type="Int32" Name="Rank" format="ascii">
2 2 2 2 2 2 2 2 2 2 2 2 2 2 2 2 2 2 2 2 2 2 2 2 2 4 4 4 4 4 4 4 4 4 4 4 4 4 4 4 4 4 4 4 4 4 4 4 4 4 4 4 4 4 4 4 4 4 4 4 4 4 4 4 4 4 4 4 4 4 4 4 4 4 4 4 4 4 4 4 4 4 4 4 4 4 4 4 4 4 4 4 4 4 4 4 4 4 4 4 4 4 4 4 4 4 4 4 4 4 4 4 4 4 4 4 4 4 4 4 4 4 4 4 4 4 4 4 4 4 4 4 4 4 4 4 4 4 4 4 4 4 4 4 4 4 4 4 4 4 4 4 4 4 4 4 4 4 4 4 4 4 4 4 4 4 4 4 4 4 4 4 4 4 4 4 4 4 4 4 4 4 4 4 4 4 4 4 4 4 4 4 4 4 4 4 4 4 4 4 4 4 4 4 4 4 4 4 4 4 4 4 4 4 4 7 7 7 7 7 7 7 7 7 7 7 7 7 7 7 7 7 7 7 7 7 7 7 7 7 7 7 7 7 7 7 7 7 1 1 1 1 4 4 4 4 4 4 4 4 4 4 4 4 4 4 4 4 4 4 4 4 4 4 4 4 4 4 4 4 4 4 4 4 4 4 4 4 4 4 4 4 4 4 4 4 4 4 4 4 4 4 4 4 4 4 4 4 4 4 4 4 4 4 4 4 4 4 4 4 4 4 4 4 4 4 4 4 4 4 4 4 4 4 4 4 4 4 4 4 4 4 4 4 4 4 4 4 4 4 4 4 4 4 4 4 4 4 4 4 4 4 4 4 4 4 4 4 4 4 4 4 4 4 4 4 4 4 4 4 4 4 4 4 4 4 4 4 4 4 4 4 4 4 4 4 4 4 4 4 4 4 4 4 4 4 4 4 4 4 4 4 4 4 4 4 4 4 4 4 4 4 4 4 4 4 4 4 4 4 4 4 4 4 4 4 4 4 4 4 4 4 4 4 4 4 4 4 4 4 4 4 4 4 4 4 4 4 4 4 4 4 4 4 4 4 4 4 4 4 4 4 4 4 4 0 0 0 0 0 0 0 0 0 0 0 0 0 0 0 0 0 0 0 0 0 0 0 0 0 0 0 0 0 0 0 0 0 0 0 0 0 0 0 0 0 0 0 0 0 0 0 0 0 0 0 0 0 0 0 0 0 0 0 0 0 0 0 0 0 0 0 0 0 0 0 0 0 0 0 0 0 0 0 0 0 0 0 0 0 0 0 0 0 0 0 0 0 0 0 0 0 0 0 0 0 0 0 0 0 0 0 0 0 0 0 0 0 0 0 0 0 0 0 0 0 0 0 0 0 0 0 0 0 0 0 0 0 0 0 0 0 0 0 0 0 0 0 0 0 0 0 0 0 0 0 0 0 0 0 0 0 0 0 0 0 0 0 0 0 0 0 0 0 0 0 0 0 0 0 0 0 0 0 0 0 0 0 0 0 0 0 0 0 0 0 0 0 0 0 0 0 0 0 0 0 0 0 0 0 0 0 0 0 0 0 0 0 0 0 0 0 0 0 0 0 0 0 0 0 0 0 0 0 0 0 0 0 0 0 0 0 0 0 0 0 0 0 0 0 0 0 0 0 0 0 0 0 0 0 0 0 0 0 0 0 0 0 0 0 0 0 0 0 0 0 0 0 0 0 0 0 8 8 8 8 8 8 8 8 8 8 8 8 8 8 8 8 8 8 8 8 8 8 8 8 8 8 8 8 8 8 8 8 8 8 8 8 8 8 8 8 8 8 8 8 8 8 8 8 8 8 8 8 8 8 8 8 8 8 8 8 8 8 8 8 8 8 8 8 8 8 8 8 8 8 8 8 8 8 8 8 8 8 8 8 8 8 8 8 8 8 8 8 8 8 8 8 8 8 8 8 8 8 8 8 8 8 8 8 8 8 8 8 8 8 8 8 8 8 8 8 8 8 8 8 8 8 8 8 8 8 8 8 8 8 8 8 8 8 8 8 8 8 8 8 8 8 8 8 8 8 8 8 8 8 8 8 8 8 8 8 8 8 8 8 8 8 8 8 8 8 8 8 8 8 8 8 8 8 8 8 8 8 8 8 8 8 8 8 8 8 8 8 8 8 8 8 8 8 8 8 8 8 8 8 8 8 8 8 8 8 8 8 8 8 8 8 8 8 8 8 8 8 8 5 5 5 5 5 5 5 5 5 5 5 5 5 5 5 5 5 5 5 5 5 5 5 5 5 5 5 5 5 5 5 5 5 5 5 5 5 5 5 5 5 5 5 5 5 5 5 5 5 5 5 5 5 5 5 5 5 5 5 5 5 5 5 5 5 5 5 5 5 5 5 5 5 5 5 5 5 5 5 5 5 5 5 5 5 5 5 5 5 5 5 5 5 5 5 5 5 5 5 5 5 5 5 5 5 5 5 5 5 5 5 5 5 5 5 5 5 5 5 5 5 5 5 5 5 5 5 5 5 5 5 5 5 5 5 5 5 5 5 5 5 5 5 5 5 5 5 5 5 5 5 5 5 5 5 5 5 5 5 5 5 5 5 5 5 5 5 5 5 5 5 5 5 5 5 5 5 5 5 5 5 5 5 5 5 5 5 5 5 5 5 5 5 5 5 5 5 5 5 5 5 5 5 5 5 5 5 5 5 5 5 5 5 5 5 5 5 5 5 5 5 5 5 5 5 5 5 5 5 5 5 5 5 5 5 5 5 5 5 5 5 5 5 5 5 5 5 5 5 5 5 5 5 5 5 5 5 5 5 5 5 5 5 5 5 5 5 5 5 5 5 5 5 5 5 5 5 5 5 5 5 5 5 5 5 5 5 5 5 5 5 5 5 5 5 5 5 5 5 5 5 5 5 5 5 5 5 5 5 5 5 5 5 5 5 5 5 5 5 5 5 5 5 5 5 5 5 5 5 5 5 5 5 5 5 5 5 5 5 5 5 5 5 5 5 5 5 5 5 5 5 5 5 5 5 5 5 5 5 5 5 5 5 5 5 5 5 5 5 5 5 5 5 5 5 5 5 5 5 5 5 5 5 5 5 5 5 5 5 5 5 5 5 5 5 5 5 5 5 5 5 5 5 5 5 5 5 5 5 5 5 5 5 5 5 5 5 5 5 5 5 5 5 5 5 5 5 5 5 5 5 5 5 5 5 5 5 5 5 5 5 5 5 5 5 5 5 5 5 5 5 5 5 5 5 5 5 5 5 5 5 5 5 5 5 5 5 5 5 5 5 5 5 5 5 5 5 5 5 5 5 5 5 5 5 5 5 5 5 5 5 5 5 5 5 5 5 5 5 5 5 5 5 5 5 5 5 5 5 5 5 5 5 5 5 5 5 5 5 5 5 5 5 5 5 5 5 5 5 5 5 5 5 5 5 5 5 5 5 5 5 5 5 5 5 5 5 5 5 5 5 5 5 5 5 5 5 5 5 5 5 5 5 5 5 5 5 5 5 5 5 5 5 5 5 5 5 5 5 5 5 5 5 5 5 5 5 5 5 5 5 5 5 5 5 5 5 5 5 5 2 2 2 2 2 2 2 2 2 2 2 2 2 2 2 2 2 2 2 2 2 2 2 2 2 2 2 2 2 2 2 2 2 2 2 2 2 2 2 2 2 2 2 2 2 2 2 2 2 2 2 2 2 2 2 2 2 2 2 2 2 2 2 2 2 2 2 2 2 2 2 2 2 2 2 2 2 2 2 2 2 2 2 2 2 2 2 2 2 2 2 2 2 2 2 2 2 2 2 2 2 2 2 2 2 2 2 2 2 2 2 2 2 2 2 2 2 2 2 2 2 2 2 2 2 2 2 2 2 2 2 2 2 2 2 2 2 2 2 2 2 2 2 2 2 2 2 2 2 2 2 2 2 2 2 2 2 2 2 2 2 2 2 2 2 2 2 2 2 2 2 2 2 2 2 2 2 2 2 2 2 2 2 2 2 2 2 2 2 2 2 2 2 2 2 2 2 2 2 2 2 2 2 2 2 2 2 2 2 2 2 2 2 2 2 2 2 2 2 2 2 2 2 2 2 2 2 2 2 2 2 2 2 2 2 2 2 2 2 2 2 2 2 2 2 2 2 2 2 2 2 2 2 2 2 2 2 2 2 2 2 2 2 2 2 2 2 2 2 2 2 2 2 2 2 2 2 2 2 2 2 2 2 2 2 2 2 2 2 2 2 2 2 2 2 2 2 2 2 2 2 2 2 2 2 2 2 2 2 2 2 2 2 2 2 2 2 2 2 2 2 2 2 2 2 2 2 2 2 2 2 2 2 2 2 2 2 2 2 2 2 2 2 2 2 2 2 2 2 2 2 2 2 2 2 2 2 2 2 2 2 2 2 2 2 2 2 2 2 2 2 2 2 2 2 2 2 2 2 2 2 2 2 2 2 2 2 2 2 2 2 2 2 2 2 2 2 2 2 2 2 2 2 2 2 2 2 2 2 2 2 2 2 2 2 2 2 2 2 2 2 2 2 2 2 
        </DataArray>
        <DataArray type="Int32" Name="Level" format="ascii">
4 4 4 4 4 4 4 4 4 4 4 4 4 4 4 4 4 4 4 4 4 4 4 4 4 4 4 4 4 4 4 4 4 4 4 4 4 4 4 4 4 4 4 4 4 4 4 4 4 4 4 4 4 4 4 4 4 4 4 4 4 4 4 4 4 4 4 4 4 4 4 4 4 4 4 4 4 4 4 4 4 4 4 4 4 4 4 4 4 4 4 4 4 4 4 4 4 4 4 4 4 4 4 4 4 4 4 4 4 4 4 4 4 4 4 4 4 4 4 4 4 4 4 4 4 4 4 4 4 4 4 4 4 4 4 4 4 4 4 4 4 4 4 4 4 4 4 4 4 4 4 4 4 4 4 4 4 4 4 4 4 4 4 4 4 4 4 4 4 4 4 4 4 4 4 4 4 4 4 4 4 4 4 4 4 4 4 4 4 4 4 4 4 4 4 4 4 4 4 4 4 4 4 4 4 4 4 4 4 4 4 4 4 4 4 4 4 4 4 4 4 4 4 4 4 4 4 4 4 4 4 4 4 4 4 4 4 4 4 4 4 4 4 4 4 4 4 4 3 3 3 3 4 4 4 4 4 4 4 4 4 4 4 4 4 4 4 4 4 4 4 4 4 4 4 4 4 4 4 4 4 4 4 4 4 4 4 4 4 4 4 4 4 4 4 4 4 4 4 4 4 4 4 4 4 4 4 4 4 4 4 4 4 4 4 4 4 4 4 4 4 4 4 4 4 4 4 4 4 4 4 4 4 4 4 4 4 4 4 4 4 4 4 4 4 4 4 4 4 4 4 4 4 4 4 4 4 4 4 4 4 4 4 4 4 4 4 4 4 4 4 4 4 4 4 4 4 4 4 4 4 4 4 4 4 4 4 4 4 4 4 4 4 4 4 4 4 4 4 4 4 4 4 4 4 4 4 4 4 4 4 4 4 4 4 4 4 4 4 4 4 4 4 4 4 4 4 4 4 4 4 4 4 4 4 4 4 4 4 4 4 4 4 4 4 4 4 4 4 4 4 4 4 4 4 4 4 4 4 4 4 4 4 4 4 4 4 4 4 4 4 4 4 4 4 4 4 4 4 4 4 4 4 4 4 4 4 4 4 4 4 4 4 4 4 4 4 4 4 4 4 4 4 4 4 4 4 4 4 4 4 4 4 4 4 4 4 4 4 4 4 4 4 4 4 4 4 4 4 4 4 4 4 4 4 4 4 4 4 4 4 4 4 4 4 4 4 4 4 4 4 4 4 4 4 4 4 4 4 4 4 4 4 4 4 4 4 4 4 4 4 4 4 4 4 4 4 4 4 4 4 4 4 4 4 4 4 4 4 4 4 4 4 4 4 4 4 4 4 4 4 4 4 4 4 4 4 4 4 4 4 4 4 4 4 4 4 4 4 4 4 4 4 4 4 4 4 4 4 4 4 4 4 4 4 4 4 4 4 4 4 4 4 4 4 4 4 4 4 4 4 4 4 4 4 4 4 4 4 4 4 4 4 4 4 4 4 4 4 4 4 4 4 4 4 4 4 4 4 4 4 4 4 4 4 4 4 4 4 4 4 4 4 4 4 4 4 4 4 4 4 4 4 4 4 4 4 4 4 4 4 4 4 4 4 4 4 4 4 4 4 4 4 4 4 4 4 4 4 4 4 4 4 4 4 4 4 4 4 4 4 4 4 4 4 4 4 4 4 4 4 4 4 4 4 4 4 4 4 4 4 4 4 4 4 4 4 4 4 4 4 4 4 4 4 4 4 4 4 4 4 4 4 4 4 4 4 4 4 4 4 4 4 4 4 4 4 4 4 4 4 4 4 4 4 4 4 4 4 4 4 4 4 4 4 4 4 4 4 4 4 4 4 4 4 4 4 4 4 4 4 4 4 4 4 4 4 4 4 4 4 4 4 4 4 4 4 4 4 4 4 4 4 4 4 4 4 4 4 4 4 4 4 4 4 4 4 4 4 4 4 4 4 4 4 4 4 4 4 4 4 4 4 4 4 4 4 4 4 4 4 4 4 4 4 4 4 4 4 4 4 4 4 4 4 4 4 4 4 4 4 4 4 4 4 4 4 4 4 4 4 4 4 4 4 4 4 4 4 4 4 4 4 4 4 4 4 4 4 4 4 4 4 4 4 4 4 4 4 4 4 4 4 4 4 4 4 4 4 4 4 4 4 4 4 4 4 4 4 4 4 4 4 4 4 4 4 4 4 4 4 4 4 4 4 4 4 4 4 4 4 4 4 4 4 4 4 4 4 4 4 4 4 4 4 4 4 4 4 4 4 4 4 4 4 4 4 4 4 4 4 4 4 4 4 4 4 4 4 4 4 4 4 4 4 4 4 4 4 4 4 4 4 4 4 4 4 4 4 4 4 4 4 4 4 4 4 4 4 4 4 4 4 4 4 4 4 4 4 4 4 4 4 4 4 4 4 4 4 4 4 4 4 4 4 4 4 4 4 4 4 4 4 4 4 4 4 4 4 4 4 4 4 4 4 4 4 4 4 4 4 4 4 4 4 4 4 4 4 4 4 4 4 4 4 4 4 4 4 4 4 4 4 4 4 4 4 4 4 4 4 4 4 4 4 4 4 4 4 4 4 4 4 4 4 4 4 4 4 4 4 4 4 4 4 4 4 4 4 4 4 4 4 4 4 4 4 4 4 4 4 4 4 4 4 4 4 4 4 4 4 4 4 4 4 4 4 4 4 4 4 4 4 4 4 4 4 4 4 4 4 4 4 4 4 4 4 4 4 4 4 4 4 4 4 4 4 4 4 4 4 4 4 4 4 4 4 4 4 4 4 4 4 4 4 4 4 4 4 4 4 4 4 4 4 4 4 4 4 4 4 4 4 4 4 4 4 4 4 4 4 4 4 4 4 4 4 4 4 4 4 4 4 4 4 4 4 4 4 4 4 4 4 4 4 4 4 4 4 4 4 4 4 4 4 4 4 4 4 4 4 4 4 4 4 4 4 4 4 4 4 4 4 4 4 4 4 4 4 4 4 4 4 4 4 4 4 4 4 4 4 4 4 4 4 4 4 4 4 4 4 4 4 4 4 4 4 4 4 4 4 4 4 4 4 4 4 4 4 4 4 4 4 4 4 4 4 4 4 4 4 4 4 4 4 4 4 4 4 4 4 4 4 4 4 4 4 4 4 4 4 4 4 4 4 4 4 4 4 4 4 4 4 4 4 4 4 4 4 4 4 4 4 4 4 4 4 4 4 4 4 4 4 4 4 4 4 4 4 4 4 4 4 4 4 4 4 4 4 4 4 4 4 4 4 4 4 4 4 4 4 4 4 4 4 4 4 4 4 4 4 4 4 4 4 4 4 4 4 4 4 4 4 4 4 4 4 4 4 4 4 4 4 4 4 4 4 4 4 4 4 4 4 4 4 4 4 4 4 4 4 4 4 4 4 4 4 4 4 4 4 4 4 4 4 4 4 4 4 4 4 4 4 4 4 4 4 4 4 4 4 4 4 4 4 4 4 4 4 4 4 4 4 4 4 4 4 4 4 4 4 4 4 4 4 4 4 4 4 4 4 4 4 4 4 4 4 4 4 4 4 4 4 4 4 4 4 4 4 4 4 4 4 4 4 4 4 4 4 4 4 4 4 4 4 4 4 4 4 4 4 4 4 4 4 4 4 4 4 4 4 4 4 4 4 4 4 4 4 4 4 4 4 4 4 4 4 4 4 4 4 4 4 4 4 4 4 4 4 4 4 4 4 4 4 4 4 4 4 4 4 4 4 4 4 4 4 4 4 4 4 4 4 4 4 4 4 4 4 4 4 4 4 4 4 4 4 4 4 4 4 4 4 4 4 4 4 4 4 4 4 4 4 4 4 4 4 4 4 4 4 4 4 4 4 4 4 4 4 4 4 4 4 4 4 4 4 4 4 4 4 4 4 4 4 4 4 4 4 4 4 4 4 4 4 4 4 4 4 4 4 4 4 4 4 4 4 4 4 4 4 4 4 4 4 4 4 4 4 4 4 4 4 4 4 4 4 4 4 4 4 4 4 4 4 4 4 4 4 4 4 4 4 4 4 4 4 4 4 4 4 4 4 4 4 4 4 4 4 4 4 4 4 4 4 4 4 4 4 4 4 4 4 4 4 4 4 4 4 4 4 4 4 4 4 4 4 4 4 4 4 4 4 4 4 4 4 4 4 4 4 4 4 4 4 4 4 4 4 4 4 4 4 4 4 4 4 4 4 4 4 4 4 4 4 4 4 4 4 4 4 4 4 4 4 4 4 4 4 4 4 4 4 4 4 4 4 4 4 4 4 4 4 4 4 4 4 4 4 4 4 4 4 4 4 4 4 4 4 4 4 4 4 4 4 4 4 4 4 4 4 4 4 4 4 4 4 4 4 4 4 4 4 4 4 4 4 4 4 4 4 4 4 4 4 4 4 4 4 4 4 4 4 4 4 4 4 4 4 4 4 4 4 4 4 4 4 4 4 4 4 4 4 4 4 4 4 4 4 4 4 4 4 4 4 4 4 4 4 4 
        </DataArray>
        <DataArray type="Int32" Name="N_Interp_IP0" format="ascii">
4 4 4 4 4 4 4 4 4 4 4 4 4 4 4 4 4 4 4 4 4 4 4 4 4 4 4 4 4 4 4 4 4 4 4 4 4 4 4 4 4 4 4 4 4 4 4 4 4 4 4 4 4 4 4 4 4 4 4 4 4 4 4 4 4 4 4 4 4 4 4 4 4 4 4 4 4 4 4 4 4 4 4 4 4 4 4 4 4 4 4 4 4 4 4 4 4 4 4 4 4 4 4 4 4 4 4 4 4 4 4 4 4 4 4 4 4 4 4 4 4 4 4 4 4 4 4 4 4 4 4 4 4 4 4 4 4 4 4 4 4 4 4 4 4 4 4 4 4 4 4 4 4 4 4 4 4 4 4 4 4 4 4 4 4 4 4 4 4 4 4 4 4 4 4 4 4 4 4 4 4 4 4 4 4 4 4 4 4 4 4 4 4 4 4 4 4 4 4 4 4 4 4 4 4 4 4 4 4 4 4 4 4 4 4 4 4 4 4 4 4 4 4 4 4 4 4 4 4 4 4 4 4 4 4 4 4 4 4 4 4 4 4 4 4 4 4 4 4 4 4 4 4 4 4 4 4 4 4 4 4 4 4 4 4 4 4 4 4 4 4 4 4 4 4 4 4 4 4 4 4 4 4 4 4 4 4 4 4 4 4 4 4 4 4 4 4 4 4 4 4 4 4 4 4 4 4 4 4 4 4 4 4 4 4 4 4 4 4 4 4 4 4 4 4 4 4 4 4 4 4 4 4 4 4 4 4 4 4 4 4 4 4 4 4 4 4 4 4 4 4 4 4 4 4 4 4 4 4 4 4 4 4 4 4 4 4 4 4 4 4 4 4 4 4 4 4 4 4 4 4 4 4 4 4 4 4 4 4 4 4 4 4 4 4 4 4 4 4 4 4 4 4 4 4 4 4 4 4 4 4 4 4 4 4 4 4 4 4 4 4 4 4 4 4 4 4 4 4 4 4 4 4 4 4 4 4 4 4 4 4 4 4 4 4 4 4 4 4 4 4 4 4 4 4 4 4 4 4 4 4 4 4 4 4 4 4 4 4 4 4 4 4 4 4 4 4 4 4 4 4 4 4 4 4 4 4 4 4 4 4 4 4 4 4 4 4 4 4 4 4 4 4 4 4 4 4 4 4 4 4 4 4 4 4 4 4 4 4 4 4 4 4 4 4 4 4 4 4 4 4 4 4 4 4 4 4 4 4 4 4 4 4 4 4 4 4 4 4 4 4 4 4 4 4 4 4 4 4 4 4 4 4 4 4 4 4 4 4 4 4 4 4 4 4 4 4 4 4 4 4 4 4 4 4 4 4 4 4 4 4 4 4 4 4 4 4 4 4 4 4 4 4 4 4 4 4 4 4 4 4 4 4 4 4 4 4 4 4 4 4 4 4 4 4 4 4 4 4 4 4 4 4 4 4 4 4 4 4 4 4 4 4 4 4 4 4 4 4 4 4 4 4 4 4 4 4 4 4 4 4 4 4 4 4 4 4 4 4 4 4 4 4 4 4 4 4 4 4 4 4 4 4 4 4 4 4 4 4 4 4 4 4 4 4 4 4 4 4 4 4 4 4 4 4 4 4 4 4 4 4 4 4 4 4 4 4 4 4 4 4 4 4 4 4 4 4 4 4 4 4 4 4 4 4 4 4 4 4 4 4 4 4 4 4 4 4 4 4 4 4 4 4 4 4 4 4 4 4 4 4 4 4 4 4 4 4 4 4 4 4 4 4 4 4 4 4 4 4 4 4 4 4 4 4 4 4 4 4 4 4 4 4 4 4 4 4 4 4 4 4 4 4 4 4 4 4 4 4 4 4 4 4 4 4 4 4 4 4 4 4 4 4 4 4 4 4 4 4 4 4 4 4 4 4 4 4 4 4 4 4 4 4 4 4 4 4 4 4 4 4 4 4 4 4 4 4 4 4 4 4 4 4 4 4 4 4 4 4 4 4 4 4 4 4 4 4 4 4 4 4 4 4 4 4 4 4 4 4 4 4 4 4 4 4 4 4 4 4 4 4 4 4 4 4 4 4 4 4 4 4 4 4 4 4 4 4 4 4 4 4 4 4 4 4 4 4 4 4 4 4 4 4 4 4 4 4 4 4 4 4 4 4 4 4 4 4 4 4 4 4 4 4 4 4 4 4 4 4 4 4 4 4 4 4 4 4 4 4 4 4 4 4 4 4 4 4 4 4 4 4 4 4 4 4 4 4 4 4 4 4 4 4 4 4 4 4 4 4 4 4 4 4 4 4 4 4 4 4 4 4 4 4 4 4 4 4 4 4 4 4 4 4 4 4 4 4 4 4 4 4 4 4 4 4 4 4 4 4 4 4 4 4 4 4 4 4 4 4 4 4 4 4 4 4 4 4 4 4 4 4 4 4 4 4 4 4 4 4 4 4 4 4 4 4 4 4 4 4 4 4 4 4 4 4 4 4 4 4 4 4 4 4 4 4 4 4 4 4 4 4 4 4 4 4 4 4 4 4 4 4 4 4 4 4 4 4 4 4 4 4 4 4 4 4 4 4 4 4 4 4 4 4 4 4 4 4 4 4 4 4 4 4 4 4 4 4 4 4 4 4 4 4 4 4 4 4 4 4 4 4 4 4 4 4 4 4 4 4 4 4 4 4 4 4 4 4 4 4 4 4 4 4 4 4 4 4 4 4 4 4 4 4 4 4 4 4 4 4 4 4 4 4 4 4 4 4 4 4 4 4 4 4 4 4 4 4 4 4 4 4 4 4 4 4 4 4 4 4 4 4 4 4 4 4 4 4 4 4 4 4 4 4 4 4 4 4 4 4 4 4 4 4 4 4 4 4 4 4 4 4 4 4 4 4 4 4 4 4 4 4 4 4 4 4 4 4 4 4 4 4 4 4 4 4 4 4 4 4 4 4 4 4 4 4 4 4 4 4 4 4 4 4 4 4 4 4 4 4 4 4 4 4 4 4 4 4 4 4 4 4 4 4 4 4 4 4 4 4 4 4 4 4 4 4 4 4 4 4 4 4 4 4 4 4 4 4 4 4 4 4 4 4 4 4 4 4 4 4 4 4 4 4 4 4 4 4 4 4 4 4 4 4 4 4 4 4 4 4 4 4 4 4 4 4 4 4 4 4 4 4 4 4 4 4 4 4 4 4 4 4 4 4 4 4 4 4 4 4 4 4 4 4 4 4 4 4 4 4 4 4 4 4 4 4 4 4 4 4 4 4 4 4 4 4 4 4 4 4 4 4 4 4 4 4 4 4 4 4 4 4 4 4 4 4 4 4 4 4 4 4 4 4 4 4 4 4 4 4 4 4 4 4 4 4 4 4 4 4 4 4 4 4 4 4 4 4 4 4 4 4 4 4 4 4 4 4 4 4 4 4 4 4 4 4 4 4 4 4 4 4 4 4 4 4 4 4 4 4 4 4 4 4 4 4 4 4 4 4 4 4 4 4 4 4 4 4 4 4 4 4 4 4 4 4 4 4 4 4 4 4 4 4 4 4 4 4 4 4 4 4 4 4 4 4 4 4 4 4 4 4 4 4 4 4 4 4 4 4 4 4 4 4 4 4 4 4 4 4 4 4 4 4 4 4 4 4 4 4 4 4 4 4 4 4 4 4 4 4 4 4 4 4 4 4 4 4 4 4 4 4 4 4 4 4 4 4 4 4 4 4 4 4 4 4 4 4 4 4 4 4 4 4 4 4 4 4 4 4 4 4 4 4 4 4 4 4 4 4 4 4 4 4 4 4 4 4 4 4 4 4 4 4 4 4 4 4 4 4 4 4 4 4 4 4 4 4 4 4 4 4 4 4 4 4 4 4 4 4 4 4 4 4 4 4 4 4 4 4 4 4 4 4 4 4 4 4 4 4 4 4 4 4 4 4 4 4 4 4 4 4 4 4 4 4 4 4 4 4 4 4 4 4 4 4 4 4 4 4 4 4 4 4 4 4 4 4 4 4 4 4 4 4 4 4 4 4 4 4 4 4 4 4 4 4 4 4 4 4 4 4 4 4 4 4 4 4 4 4 4 4 4 4 4 4 4 4 4 4 4 4 4 4 4 4 4 4 4 4 4 4 4 4 4 4 4 4 4 4 4 4 4 4 4 4 4 4 4 4 4 4 4 4 4 4 4 4 4 4 4 4 4 4 4 4 4 4 4 4 4 4 4 4 4 4 4 4 4 4 4 4 4 4 4 4 4 4 4 4 4 4 4 4 4 4 4 4 4 4 4 4 4 4 4 4 4 4 4 4 4 4 4 4 4 4 4 4 4 4 4 4 4 4 4 4 4 4 4 4 4 4 4 4 4 4 4 4 4 4 4 4 4 4 4 4 4 4 4 4 4 4 4 4 4 4 4 4 4 4 4 4 4 4 4 4 4 4 4 4 4 4 4 4 4 4 4 4 4 4 4 4 4 4 4 4 4 4 4 4 4 4 4 4 4 4 4 4 4 4 4 4 4 4 4 4 4 4 4 4 4 4 4 4 4 4 4 4 4 4 4 
        </DataArray>
      </CellData>
    </Piece>
  </PolyData>
</VTKFile>
