<?xml version="1.0"?>
<VTKFile type="PolyData" version="1.0" byte_order="LittleEndian" header_type="UInt64">
  <PolyData>
    <Piece NumberOfPoints="2000" NumberOfPolys="2000">
      <Points>
        <DataArray type="Float64" Name="Points" NumberOfComponents="3" format="ascii">
0.6 0.5 0.0 0.599999 0.500314 0.0 0.599998 0.500628 0.0 0.599995 0.500942 0.0 0.599992 0.501257 0.0 0.599987 0.501571 0.0 0.599982 0.501885 0.0 0.599975 0.502199 0.0 0.599968 0.502513 0.0 0.59996 0.502827 0.0 0.599951 0.503141 0.0 0.59994 0.503455 0.0 0.599929 0.503769 0.0 0.599916 0.504083 0.0 0.599903 0.504397 0.0 0.599888 0.504711 0.0 0.599874 0.505024 0.0 0.599857 0.505338 0.0 0.59984 0.505652 0.0 0.599821 0.505965 0.0 0.599803 0.506279 0.0 0.599782 0.506593 0.0 0.599761 0.506906 0.0 0.599739 0.507219 0.0 0.599716 0.507533 0.0 0.599691 0.507846 0.0 0.599667 0.508159 0.0 0.59964 0.508472 0.0 0.599613 0.508785 0.0 0.599585 0.509098 0.0 0.599556 0.509411 0.0 0.599526 0.509724 0.0 0.599495 0.510036 0.0 0.599463 0.510349 0.0 0.59943 0.510661 0.0 0.599396 0.510973 0.0 0.599361 0.511286 0.0 0.599325 0.511598 0.0 0.599288 0.51191 0.0 0.59925 0.512222 0.0 0.599211 0.512533 0.0 0.599171 0.512845 0.0 0.599131 0.513156 0.0 0.599088 0.513468 0.0 0.599046 0.513779 0.0 0.599002 0.51409 0.0 0.598958 0.514401 0.0 0.598911 0.514712 0.0 0.598865 0.515023 0.0 0.598817 0.515333 0.0 0.598769 0.515643 0.0 0.598719 0.515954 0.0 0.598669 0.516264 0.0 0.598617 0.516574 0.0 0.598564 0.516883 0.0 0.59851 0.517193 0.0 0.598456 0.517502 0.0 0.5984 0.517811 0.0 0.598345 0.518121 0.0 0.598287 0.518429 0.0 0.598229 0.518738 0.0 0.598169 0.519047 0.0 0.598109 0.519355 0.0 0.598047 0.519663 0.0 0.597986 0.519971 0.0 0.597922 0.520279 0.0 0.597858 0.520586 0.0 0.597792 0.520893 0.0 0.597727 0.521201 0.0 0.597659 0.521508 0.0 0.597592 0.521814 0.0 0.597522 0.522121 0.0 0.597453 0.522427 0.0 0.597381 0.522733 0.0 0.59731 0.523039 0.0 0.597237 0.523344 0.0 0.597163 0.52365 0.0 0.597088 0.523955 0.0 0.597013 0.52426 0.0 0.596935 0.524564 0.0 0.596858 0.524869 0.0 0.596779 0.525173 0.0 0.5967 0.525477 0.0 0.596619 0.525781 0.0 0.596538 0.526084 0.0 0.596455 0.526387 0.0 0.596372 0.52669 0.0 0.596288 0.526993 0.0 0.596203 0.527295 0.0 0.596116 0.527597 0.0 0.596029 0.527899 0.0 0.595941 0.528201 0.0 0.595852 0.528502 0.0 0.595762 0.528803 0.0 0.595671 0.529104 0.0 0.595579 0.529404 0.0 0.595486 0.529704 0.0 0.595392 0.530004 0.0 0.595298 0.530304 0.0 0.595202 0.530603 0.0 0.595106 0.530902 0.0 0.595008 0.5312 0.0 0.59491 0.531499 0.0 0.59481 0.531797 0.0 0.59471 0.532094 0.0 0.594608 0.532392 0.0 0.594506 0.532689 0.0 0.594403 0.532985 0.0 0.594299 0.533282 0.0 0.594194 0.533578 0.0 0.594088 0.533874 0.0 0.593981 0.534169 0.0 0.593873 0.534464 0.0 0.593764 0.534759 0.0 0.593655 0.535053 0.0 0.593544 0.535347 0.0 0.593433 0.535641 0.0 0.59332 0.535934 0.0 0.593207 0.536228 0.0 0.593092 0.53652 0.0 0.592978 0.536812 0.0 0.592861 0.537104 0.0 0.592745 0.537396 0.0 0.592626 0.537687 0.0 0.592508 0.537978 0.0 0.592387 0.538268 0.0 0.592267 0.538558 0.0 0.592145 0.538848 0.0 0.592023 0.539137 0.0 0.591899 0.539426 0.0 0.591775 0.539715 0.0 0.59165 0.540003 0.0 0.591524 0.540291 0.0 0.591397 0.540578 0.0 0.591269 0.540865 0.0 0.59114 0.541151 0.0 0.591011 0.541438 0.0 0.59088 0.541723 0.0 0.590748 0.542009 0.0 0.590616 0.542293 0.0 0.590483 0.542578 0.0 0.590348 0.542862 0.0 0.590213 0.543146 0.0 0.590077 0.543429 0.0 0.589941 0.543712 0.0 0.589802 0.543994 0.0 0.589664 0.544276 0.0 0.589524 0.544557 0.0 0.589384 0.544838 0.0 0.589242 0.545119 0.0 0.589101 0.545399 0.0 0.588957 0.545679 0.0 0.588814 0.545958 0.0 0.588668 0.546237 0.0 0.588523 0.546515 0.0 0.588376 0.546793 0.0 0.588229 0.54707 0.0 0.58808 0.547347 0.0 0.587932 0.547624 0.0 0.587781 0.5479 0.0 0.587631 0.548175 0.0 0.587478 0.54845 0.0 0.587326 0.548725 0.0 0.587172 0.548999 0.0 0.587018 0.549273 0.0 0.586863 0.549546 0.0 0.586707 0.549819 0.0 0.58655 0.55009 0.0 0.586392 0.550362 0.0 0.586233 0.550633 0.0 0.586074 0.550904 0.0 0.585913 0.551174 0.0 0.585753 0.551444 0.0 0.58559 0.551713 0.0 0.585428 0.551982 0.0 0.585264 0.55225 0.0 0.585099 0.552517 0.0 0.584934 0.552784 0.0 0.584768 0.553051 0.0 0.5846 0.553317 0.0 0.584433 0.553583 0.0 0.584264 0.553847 0.0 0.584094 0.554112 0.0 0.583924 0.554376 0.0 0.583753 0.554639 0.0 0.58358 0.554902 0.0 0.583408 0.555165 0.0 0.583234 0.555426 0.0 0.58306 0.555688 0.0 0.582884 0.555948 0.0 0.582708 0.556208 0.0 0.582531 0.556468 0.0 0.582353 0.556727 0.0 0.582174 0.556985 0.0 0.581995 0.557243 0.0 0.581815 0.5575 0.0 0.581634 0.557757 0.0 0.581452 0.558013 0.0 0.581269 0.558269 0.0 0.581086 0.558524 0.0 0.580902 0.558779 0.0 0.580716 0.559032 0.0 0.580531 0.559286 0.0 0.580344 0.559538 0.0 0.580157 0.55979 0.0 0.579968 0.560042 0.0 0.579779 0.560293 0.0 0.579589 0.560543 0.0 0.579399 0.560793 0.0 0.579207 0.561042 0.0 0.579016 0.561291 0.0 0.578822 0.561538 0.0 0.578629 0.561786 0.0 0.578434 0.562032 0.0 0.578239 0.562279 0.0 0.578043 0.562524 0.0 0.577846 0.562769 0.0 0.577648 0.563013 0.0 0.57745 0.563257 0.0 0.577251 0.5635 0.0 0.577051 0.563742 0.0 0.57685 0.563984 0.0 0.576649 0.564225 0.0 0.576447 0.564465 0.0 0.576244 0.564706 0.0 0.57604 0.564944 0.0 0.575836 0.565183 0.0 0.575631 0.565421 0.0 0.575425 0.565659 0.0 0.575218 0.565895 0.0 0.575011 0.566131 0.0 0.574803 0.566366 0.0 0.574594 0.566601 0.0 0.574384 0.566835 0.0 0.574174 0.567069 0.0 0.573963 0.567301 0.0 0.573751 0.567533 0.0 0.573538 0.567764 0.0 0.573326 0.567995 0.0 0.573111 0.568225 0.0 0.572897 0.568455 0.0 0.572681 0.568683 0.0 0.572465 0.568911 0.0 0.572248 0.569138 0.0 0.572031 0.569365 0.0 0.571812 0.569591 0.0 0.571594 0.569817 0.0 0.571374 0.570041 0.0 0.571154 0.570265 0.0 0.570932 0.570488 0.0 0.570711 0.570711 0.0 0.570488 0.570932 0.0 0.570265 0.571154 0.0 0.570041 0.571374 0.0 0.569817 0.571594 0.0 0.569591 0.571812 0.0 0.569365 0.572031 0.0 0.569138 0.572248 0.0 0.568911 0.572465 0.0 0.568683 0.572681 0.0 0.568455 0.572897 0.0 0.568225 0.573111 0.0 0.567995 0.573326 0.0 0.567764 0.573538 0.0 0.567533 0.573751 0.0 0.567301 0.573963 0.0 0.567069 0.574174 0.0 0.566835 0.574384 0.0 0.566601 0.574594 0.0 0.566366 0.574803 0.0 0.566131 0.575011 0.0 0.565895 0.575218 0.0 0.565659 0.575425 0.0 0.565421 0.575631 0.0 0.565183 0.575836 0.0 0.564944 0.57604 0.0 0.564706 0.576244 0.0 0.564465 0.576447 0.0 0.564225 0.576649 0.0 0.563984 0.57685 0.0 0.563742 0.577051 0.0 0.5635 0.577251 0.0 0.563257 0.57745 0.0 0.563013 0.577648 0.0 0.562769 0.577846 0.0 0.562524 0.578043 0.0 0.562279 0.578239 0.0 0.562032 0.578434 0.0 0.561786 0.578629 0.0 0.561538 0.578822 0.0 0.561291 0.579016 0.0 0.561042 0.579207 0.0 0.560793 0.579399 0.0 0.560543 0.579589 0.0 0.560293 0.579779 0.0 0.560042 0.579968 0.0 0.55979 0.580157 0.0 0.559538 0.580344 0.0 0.559286 0.580531 0.0 0.559032 0.580716 0.0 0.558779 0.580902 0.0 0.558524 0.581086 0.0 0.558269 0.581269 0.0 0.558013 0.581452 0.0 0.557757 0.581634 0.0 0.5575 0.581815 0.0 0.557243 0.581995 0.0 0.556985 0.582174 0.0 0.556727 0.582353 0.0 0.556468 0.582531 0.0 0.556208 0.582708 0.0 0.555948 0.582884 0.0 0.555688 0.58306 0.0 0.555426 0.583234 0.0 0.555165 0.583408 0.0 0.554902 0.58358 0.0 0.554639 0.583753 0.0 0.554376 0.583924 0.0 0.554112 0.584094 0.0 0.553847 0.584264 0.0 0.553583 0.584433 0.0 0.553317 0.5846 0.0 0.553051 0.584768 0.0 0.552784 0.584934 0.0 0.552517 0.585099 0.0 0.55225 0.585264 0.0 0.551982 0.585428 0.0 0.551713 0.58559 0.0 0.551444 0.585753 0.0 0.551174 0.585913 0.0 0.550904 0.586074 0.0 0.550633 0.586233 0.0 0.550362 0.586392 0.0 0.55009 0.58655 0.0 0.549819 0.586707 0.0 0.549546 0.586863 0.0 0.549273 0.587018 0.0 0.548999 0.587172 0.0 0.548725 0.587326 0.0 0.54845 0.587478 0.0 0.548175 0.587631 0.0 0.5479 0.587781 0.0 0.547624 0.587932 0.0 0.547347 0.58808 0.0 0.54707 0.588229 0.0 0.546793 0.588376 0.0 0.546515 0.588523 0.0 0.546237 0.588668 0.0 0.545958 0.588814 0.0 0.545679 0.588957 0.0 0.545399 0.589101 0.0 0.545119 0.589242 0.0 0.544838 0.589384 0.0 0.544557 0.589524 0.0 0.544276 0.589664 0.0 0.543994 0.589802 0.0 0.543712 0.589941 0.0 0.543429 0.590077 0.0 0.543146 0.590213 0.0 0.542862 0.590348 0.0 0.542578 0.590483 0.0 0.542293 0.590616 0.0 0.542009 0.590748 0.0 0.541723 0.59088 0.0 0.541438 0.591011 0.0 0.541151 0.59114 0.0 0.540865 0.591269 0.0 0.540578 0.591397 0.0 0.540291 0.591524 0.0 0.540003 0.59165 0.0 0.539715 0.591775 0.0 0.539426 0.591899 0.0 0.539137 0.592023 0.0 0.538848 0.592145 0.0 0.538558 0.592267 0.0 0.538268 0.592387 0.0 0.537978 0.592508 0.0 0.537687 0.592626 0.0 0.537396 0.592745 0.0 0.537104 0.592861 0.0 0.536812 0.592978 0.0 0.53652 0.593092 0.0 0.536228 0.593207 0.0 0.535934 0.59332 0.0 0.535641 0.593433 0.0 0.535347 0.593544 0.0 0.535053 0.593655 0.0 0.534759 0.593764 0.0 0.534464 0.593873 0.0 0.534169 0.593981 0.0 0.533874 0.594088 0.0 0.533578 0.594194 0.0 0.533282 0.594299 0.0 0.532985 0.594403 0.0 0.532689 0.594506 0.0 0.532392 0.594608 0.0 0.532094 0.59471 0.0 0.531797 0.59481 0.0 0.531499 0.59491 0.0 0.5312 0.595008 0.0 0.530902 0.595106 0.0 0.530603 0.595202 0.0 0.530304 0.595298 0.0 0.530004 0.595392 0.0 0.529704 0.595486 0.0 0.529404 0.595579 0.0 0.529104 0.595671 0.0 0.528803 0.595762 0.0 0.528502 0.595852 0.0 0.528201 0.595941 0.0 0.527899 0.596029 0.0 0.527597 0.596116 0.0 0.527295 0.596203 0.0 0.526993 0.596288 0.0 0.52669 0.596372 0.0 0.526387 0.596455 0.0 0.526084 0.596538 0.0 0.525781 0.596619 0.0 0.525477 0.5967 0.0 0.525173 0.596779 0.0 0.524869 0.596858 0.0 0.524564 0.596935 0.0 0.52426 0.597013 0.0 0.523955 0.597088 0.0 0.52365 0.597163 0.0 0.523344 0.597237 0.0 0.523039 0.59731 0.0 0.522733 0.597381 0.0 0.522427 0.597453 0.0 0.522121 0.597522 0.0 0.521814 0.597592 0.0 0.521508 0.597659 0.0 0.521201 0.597727 0.0 0.520893 0.597792 0.0 0.520586 0.597858 0.0 0.520279 0.597922 0.0 0.519971 0.597986 0.0 0.519663 0.598047 0.0 0.519355 0.598109 0.0 0.519047 0.598169 0.0 0.518738 0.598229 0.0 0.518429 0.598287 0.0 0.518121 0.598345 0.0 0.517811 0.5984 0.0 0.517502 0.598456 0.0 0.517193 0.59851 0.0 0.516883 0.598564 0.0 0.516574 0.598617 0.0 0.516264 0.598669 0.0 0.515954 0.598719 0.0 0.515643 0.598769 0.0 0.515333 0.598817 0.0 0.515023 0.598865 0.0 0.514712 0.598911 0.0 0.514401 0.598958 0.0 0.51409 0.599002 0.0 0.513779 0.599046 0.0 0.513468 0.599088 0.0 0.513156 0.599131 0.0 0.512845 0.599171 0.0 0.512533 0.599211 0.0 0.512222 0.59925 0.0 0.51191 0.599288 0.0 0.511598 0.599325 0.0 0.511286 0.599361 0.0 0.510973 0.599396 0.0 0.510661 0.59943 0.0 0.510349 0.599463 0.0 0.510036 0.599495 0.0 0.509724 0.599526 0.0 0.509411 0.599556 0.0 0.509098 0.599585 0.0 0.508785 0.599613 0.0 0.508472 0.59964 0.0 0.508159 0.599667 0.0 0.507846 0.599691 0.0 0.507533 0.599716 0.0 0.507219 0.599739 0.0 0.506906 0.599761 0.0 0.506593 0.599782 0.0 0.506279 0.599803 0.0 0.505965 0.599821 0.0 0.505652 0.59984 0.0 0.505338 0.599857 0.0 0.505024 0.599874 0.0 0.504711 0.599888 0.0 0.504397 0.599903 0.0 0.504083 0.599916 0.0 0.503769 0.599929 0.0 0.503455 0.59994 0.0 0.503141 0.599951 0.0 0.502827 0.59996 0.0 0.502513 0.599968 0.0 0.502199 0.599975 0.0 0.501885 0.599982 0.0 0.501571 0.599987 0.0 0.501257 0.599992 0.0 0.500942 0.599995 0.0 0.500628 0.599998 0.0 0.500314 0.599999 0.0 0.5 0.6 0.0 0.499686 0.599999 0.0 0.499372 0.599998 0.0 0.499058 0.599995 0.0 0.498743 0.599992 0.0 0.498429 0.599987 0.0 0.498115 0.599982 0.0 0.497801 0.599975 0.0 0.497487 0.599968 0.0 0.497173 0.59996 0.0 0.496859 0.599951 0.0 0.496545 0.59994 0.0 0.496231 0.599929 0.0 0.495917 0.599916 0.0 0.495603 0.599903 0.0 0.495289 0.599888 0.0 0.494976 0.599874 0.0 0.494662 0.599857 0.0 0.494348 0.59984 0.0 0.494035 0.599821 0.0 0.493721 0.599803 0.0 0.493407 0.599782 0.0 0.493094 0.599761 0.0 0.492781 0.599739 0.0 0.492467 0.599716 0.0 0.492154 0.599691 0.0 0.491841 0.599667 0.0 0.491528 0.59964 0.0 0.491215 0.599613 0.0 0.490902 0.599585 0.0 0.490589 0.599556 0.0 0.490276 0.599526 0.0 0.489964 0.599495 0.0 0.489651 0.599463 0.0 0.489339 0.59943 0.0 0.489027 0.599396 0.0 0.488714 0.599361 0.0 0.488402 0.599325 0.0 0.48809 0.599288 0.0 0.487778 0.59925 0.0 0.487467 0.599211 0.0 0.487155 0.599171 0.0 0.486844 0.599131 0.0 0.486532 0.599088 0.0 0.486221 0.599046 0.0 0.48591 0.599002 0.0 0.485599 0.598958 0.0 0.485288 0.598911 0.0 0.484977 0.598865 0.0 0.484667 0.598817 0.0 0.484357 0.598769 0.0 0.484046 0.598719 0.0 0.483736 0.598669 0.0 0.483426 0.598617 0.0 0.483117 0.598564 0.0 0.482807 0.59851 0.0 0.482498 0.598456 0.0 0.482189 0.5984 0.0 0.481879 0.598345 0.0 0.481571 0.598287 0.0 0.481262 0.598229 0.0 0.480953 0.598169 0.0 0.480645 0.598109 0.0 0.480337 0.598047 0.0 0.480029 0.597986 0.0 0.479721 0.597922 0.0 0.479414 0.597858 0.0 0.479107 0.597792 0.0 0.478799 0.597727 0.0 0.478492 0.597659 0.0 0.478186 0.597592 0.0 0.477879 0.597522 0.0 0.477573 0.597453 0.0 0.477267 0.597381 0.0 0.476961 0.59731 0.0 0.476656 0.597237 0.0 0.47635 0.597163 0.0 0.476045 0.597088 0.0 0.47574 0.597013 0.0 0.475436 0.596935 0.0 0.475131 0.596858 0.0 0.474827 0.596779 0.0 0.474523 0.5967 0.0 0.474219 0.596619 0.0 0.473916 0.596538 0.0 0.473613 0.596455 0.0 0.47331 0.596372 0.0 0.473007 0.596288 0.0 0.472705 0.596203 0.0 0.472403 0.596116 0.0 0.472101 0.596029 0.0 0.471799 0.595941 0.0 0.471498 0.595852 0.0 0.471197 0.595762 0.0 0.470896 0.595671 0.0 0.470596 0.595579 0.0 0.470296 0.595486 0.0 0.469996 0.595392 0.0 0.469696 0.595298 0.0 0.469397 0.595202 0.0 0.469098 0.595106 0.0 0.4688 0.595008 0.0 0.468501 0.59491 0.0 0.468203 0.59481 0.0 0.467906 0.59471 0.0 0.467608 0.594608 0.0 0.467311 0.594506 0.0 0.467015 0.594403 0.0 0.466718 0.594299 0.0 0.466422 0.594194 0.0 0.466126 0.594088 0.0 0.465831 0.593981 0.0 0.465536 0.593873 0.0 0.465241 0.593764 0.0 0.464947 0.593655 0.0 0.464653 0.593544 0.0 0.464359 0.593433 0.0 0.464066 0.59332 0.0 0.463772 0.593207 0.0 0.46348 0.593092 0.0 0.463188 0.592978 0.0 0.462896 0.592861 0.0 0.462604 0.592745 0.0 0.462313 0.592626 0.0 0.462022 0.592508 0.0 0.461732 0.592387 0.0 0.461442 0.592267 0.0 0.461152 0.592145 0.0 0.460863 0.592023 0.0 0.460574 0.591899 0.0 0.460285 0.591775 0.0 0.459997 0.59165 0.0 0.459709 0.591524 0.0 0.459422 0.591397 0.0 0.459135 0.591269 0.0 0.458849 0.59114 0.0 0.458562 0.591011 0.0 0.458277 0.59088 0.0 0.457991 0.590748 0.0 0.457707 0.590616 0.0 0.457422 0.590483 0.0 0.457138 0.590348 0.0 0.456854 0.590213 0.0 0.456571 0.590077 0.0 0.456288 0.589941 0.0 0.456006 0.589802 0.0 0.455724 0.589664 0.0 0.455443 0.589524 0.0 0.455162 0.589384 0.0 0.454881 0.589242 0.0 0.454601 0.589101 0.0 0.454321 0.588957 0.0 0.454042 0.588814 0.0 0.453763 0.588668 0.0 0.453485 0.588523 0.0 0.453207 0.588376 0.0 0.45293 0.588229 0.0 0.452653 0.58808 0.0 0.452376 0.587932 0.0 0.4521 0.587781 0.0 0.451825 0.587631 0.0 0.45155 0.587478 0.0 0.451275 0.587326 0.0 0.451001 0.587172 0.0 0.450727 0.587018 0.0 0.450454 0.586863 0.0 0.450181 0.586707 0.0 0.44991 0.58655 0.0 0.449638 0.586392 0.0 0.449367 0.586233 0.0 0.449096 0.586074 0.0 0.448826 0.585913 0.0 0.448556 0.585753 0.0 0.448287 0.58559 0.0 0.448018 0.585428 0.0 0.44775 0.585264 0.0 0.447483 0.585099 0.0 0.447216 0.584934 0.0 0.446949 0.584768 0.0 0.446683 0.5846 0.0 0.446417 0.584433 0.0 0.446153 0.584264 0.0 0.445888 0.584094 0.0 0.445624 0.583924 0.0 0.445361 0.583753 0.0 0.445098 0.58358 0.0 0.444835 0.583408 0.0 0.444574 0.583234 0.0 0.444312 0.58306 0.0 0.444052 0.582884 0.0 0.443792 0.582708 0.0 0.443532 0.582531 0.0 0.443273 0.582353 0.0 0.443015 0.582174 0.0 0.442757 0.581995 0.0 0.4425 0.581815 0.0 0.442243 0.581634 0.0 0.441987 0.581452 0.0 0.441731 0.581269 0.0 0.441476 0.581086 0.0 0.441221 0.580902 0.0 0.440968 0.580716 0.0 0.440714 0.580531 0.0 0.440462 0.580344 0.0 0.44021 0.580157 0.0 0.439958 0.579968 0.0 0.439707 0.579779 0.0 0.439457 0.579589 0.0 0.439207 0.579399 0.0 0.438958 0.579207 0.0 0.438709 0.579016 0.0 0.438462 0.578822 0.0 0.438214 0.578629 0.0 0.437968 0.578434 0.0 0.437721 0.578239 0.0 0.437476 0.578043 0.0 0.437231 0.577846 0.0 0.436987 0.577648 0.0 0.436743 0.57745 0.0 0.4365 0.577251 0.0 0.436258 0.577051 0.0 0.436016 0.57685 0.0 0.435775 0.576649 0.0 0.435535 0.576447 0.0 0.435294 0.576244 0.0 0.435056 0.57604 0.0 0.434817 0.575836 0.0 0.434579 0.575631 0.0 0.434341 0.575425 0.0 0.434105 0.575218 0.0 0.433869 0.575011 0.0 0.433634 0.574803 0.0 0.433399 0.574594 0.0 0.433165 0.574384 0.0 0.432931 0.574174 0.0 0.432699 0.573963 0.0 0.432467 0.573751 0.0 0.432236 0.573538 0.0 0.432005 0.573326 0.0 0.431775 0.573111 0.0 0.431545 0.572897 0.0 0.431317 0.572681 0.0 0.431089 0.572465 0.0 0.430862 0.572248 0.0 0.430635 0.572031 0.0 0.430409 0.571812 0.0 0.430183 0.571594 0.0 0.429959 0.571374 0.0 0.429735 0.571154 0.0 0.429512 0.570932 0.0 0.429289 0.570711 0.0 0.429068 0.570488 0.0 0.428846 0.570265 0.0 0.428626 0.570041 0.0 0.428406 0.569817 0.0 0.428188 0.569591 0.0 0.427969 0.569365 0.0 0.427752 0.569138 0.0 0.427535 0.568911 0.0 0.427319 0.568683 0.0 0.427103 0.568455 0.0 0.426889 0.568225 0.0 0.426674 0.567995 0.0 0.426462 0.567764 0.0 0.426249 0.567533 0.0 0.426037 0.567301 0.0 0.425826 0.567069 0.0 0.425616 0.566835 0.0 0.425406 0.566601 0.0 0.425197 0.566366 0.0 0.424989 0.566131 0.0 0.424782 0.565895 0.0 0.424575 0.565659 0.0 0.424369 0.565421 0.0 0.424164 0.565183 0.0 0.42396 0.564944 0.0 0.423756 0.564706 0.0 0.423553 0.564465 0.0 0.423351 0.564225 0.0 0.42315 0.563984 0.0 0.422949 0.563742 0.0 0.422749 0.5635 0.0 0.42255 0.563257 0.0 0.422352 0.563013 0.0 0.422154 0.562769 0.0 0.421957 0.562524 0.0 0.421761 0.562279 0.0 0.421566 0.562032 0.0 0.421371 0.561786 0.0 0.421178 0.561538 0.0 0.420984 0.561291 0.0 0.420793 0.561042 0.0 0.420601 0.560793 0.0 0.420411 0.560543 0.0 0.420221 0.560293 0.0 0.420032 0.560042 0.0 0.419843 0.55979 0.0 0.419656 0.559538 0.0 0.419469 0.559286 0.0 0.419284 0.559032 0.0 0.419098 0.558779 0.0 0.418914 0.558524 0.0 0.418731 0.558269 0.0 0.418548 0.558013 0.0 0.418366 0.557757 0.0 0.418185 0.5575 0.0 0.418005 0.557243 0.0 0.417826 0.556985 0.0 0.417647 0.556727 0.0 0.417469 0.556468 0.0 0.417292 0.556208 0.0 0.417116 0.555948 0.0 0.41694 0.555688 0.0 0.416766 0.555426 0.0 0.416592 0.555165 0.0 0.41642 0.554902 0.0 0.416247 0.554639 0.0 0.416076 0.554376 0.0 0.415906 0.554112 0.0 0.415736 0.553847 0.0 0.415567 0.553583 0.0 0.4154 0.553317 0.0 0.415232 0.553051 0.0 0.415066 0.552784 0.0 0.414901 0.552517 0.0 0.414736 0.55225 0.0 0.414572 0.551982 0.0 0.41441 0.551713 0.0 0.414247 0.551444 0.0 0.414087 0.551174 0.0 0.413926 0.550904 0.0 0.413767 0.550633 0.0 0.413608 0.550362 0.0 0.41345 0.55009 0.0 0.413293 0.549819 0.0 0.413137 0.549546 0.0 0.412982 0.549273 0.0 0.412828 0.548999 0.0 0.412674 0.548725 0.0 0.412522 0.54845 0.0 0.412369 0.548175 0.0 0.412219 0.5479 0.0 0.412068 0.547624 0.0 0.41192 0.547347 0.0 0.411771 0.54707 0.0 0.411624 0.546793 0.0 0.411477 0.546515 0.0 0.411332 0.546237 0.0 0.411186 0.545958 0.0 0.411043 0.545679 0.0 0.410899 0.545399 0.0 0.410758 0.545119 0.0 0.410616 0.544838 0.0 0.410476 0.544557 0.0 0.410336 0.544276 0.0 0.410198 0.543994 0.0 0.410059 0.543712 0.0 0.409923 0.543429 0.0 0.409787 0.543146 0.0 0.409652 0.542862 0.0 0.409517 0.542578 0.0 0.409384 0.542293 0.0 0.409252 0.542009 0.0 0.40912 0.541723 0.0 0.408989 0.541438 0.0 0.40886 0.541151 0.0 0.408731 0.540865 0.0 0.408603 0.540578 0.0 0.408476 0.540291 0.0 0.40835 0.540003 0.0 0.408225 0.539715 0.0 0.408101 0.539426 0.0 0.407977 0.539137 0.0 0.407855 0.538848 0.0 0.407733 0.538558 0.0 0.407613 0.538268 0.0 0.407492 0.537978 0.0 0.407374 0.537687 0.0 0.407255 0.537396 0.0 0.407139 0.537104 0.0 0.407022 0.536812 0.0 0.406908 0.53652 0.0 0.406793 0.536228 0.0 0.40668 0.535934 0.0 0.406567 0.535641 0.0 0.406456 0.535347 0.0 0.406345 0.535053 0.0 0.406236 0.534759 0.0 0.406127 0.534464 0.0 0.406019 0.534169 0.0 0.405912 0.533874 0.0 0.405806 0.533578 0.0 0.405701 0.533282 0.0 0.405597 0.532985 0.0 0.405494 0.532689 0.0 0.405392 0.532392 0.0 0.40529 0.532094 0.0 0.40519 0.531797 0.0 0.40509 0.531499 0.0 0.404992 0.5312 0.0 0.404894 0.530902 0.0 0.404798 0.530603 0.0 0.404702 0.530304 0.0 0.404608 0.530004 0.0 0.404514 0.529704 0.0 0.404421 0.529404 0.0 0.404329 0.529104 0.0 0.404238 0.528803 0.0 0.404148 0.528502 0.0 0.404059 0.528201 0.0 0.403971 0.527899 0.0 0.403884 0.527597 0.0 0.403797 0.527295 0.0 0.403712 0.526993 0.0 0.403628 0.52669 0.0 0.403545 0.526387 0.0 0.403462 0.526084 0.0 0.403381 0.525781 0.0 0.4033 0.525477 0.0 0.403221 0.525173 0.0 0.403142 0.524869 0.0 0.403065 0.524564 0.0 0.402987 0.52426 0.0 0.402912 0.523955 0.0 0.402837 0.52365 0.0 0.402763 0.523344 0.0 0.40269 0.523039 0.0 0.402619 0.522733 0.0 0.402547 0.522427 0.0 0.402478 0.522121 0.0 0.402408 0.521814 0.0 0.402341 0.521508 0.0 0.402273 0.521201 0.0 0.402208 0.520893 0.0 0.402142 0.520586 0.0 0.402078 0.520279 0.0 0.402014 0.519971 0.0 0.401953 0.519663 0.0 0.401891 0.519355 0.0 0.401831 0.519047 0.0 0.401771 0.518738 0.0 0.401713 0.518429 0.0 0.401655 0.518121 0.0 0.4016 0.517811 0.0 0.401544 0.517502 0.0 0.40149 0.517193 0.0 0.401436 0.516883 0.0 0.401383 0.516574 0.0 0.401331 0.516264 0.0 0.401281 0.515954 0.0 0.401231 0.515643 0.0 0.401183 0.515333 0.0 0.401135 0.515023 0.0 0.401089 0.514712 0.0 0.401042 0.514401 0.0 0.400998 0.51409 0.0 0.400954 0.513779 0.0 0.400912 0.513468 0.0 0.400869 0.513156 0.0 0.400829 0.512845 0.0 0.400789 0.512533 0.0 0.40075 0.512222 0.0 0.400712 0.51191 0.0 0.400675 0.511598 0.0 0.400639 0.511286 0.0 0.400604 0.510973 0.0 0.40057 0.510661 0.0 0.400537 0.510349 0.0 0.400505 0.510036 0.0 0.400474 0.509724 0.0 0.400444 0.509411 0.0 0.400415 0.509098 0.0 0.400387 0.508785 0.0 0.40036 0.508472 0.0 0.400333 0.508159 0.0 0.400309 0.507846 0.0 0.400284 0.507533 0.0 0.400261 0.507219 0.0 0.400239 0.506906 0.0 0.400218 0.506593 0.0 0.400197 0.506279 0.0 0.400179 0.505965 0.0 0.40016 0.505652 0.0 0.400143 0.505338 0.0 0.400126 0.505024 0.0 0.400112 0.504711 0.0 0.400097 0.504397 0.0 0.400084 0.504083 0.0 0.400071 0.503769 0.0 0.40006 0.503455 0.0 0.400049 0.503141 0.0 0.40004 0.502827 0.0 0.400032 0.502513 0.0 0.400025 0.502199 0.0 0.400018 0.501885 0.0 0.400013 0.501571 0.0 0.400008 0.501257 0.0 0.400005 0.500942 0.0 0.400002 0.500628 0.0 0.400001 0.500314 0.0 0.4 0.5 0.0 0.400001 0.499686 0.0 0.400002 0.499372 0.0 0.400005 0.499058 0.0 0.400008 0.498743 0.0 0.400013 0.498429 0.0 0.400018 0.498115 0.0 0.400025 0.497801 0.0 0.400032 0.497487 0.0 0.40004 0.497173 0.0 0.400049 0.496859 0.0 0.40006 0.496545 0.0 0.400071 0.496231 0.0 0.400084 0.495917 0.0 0.400097 0.495603 0.0 0.400112 0.495289 0.0 0.400126 0.494976 0.0 0.400143 0.494662 0.0 0.40016 0.494348 0.0 0.400179 0.494035 0.0 0.400197 0.493721 0.0 0.400218 0.493407 0.0 0.400239 0.493094 0.0 0.400261 0.492781 0.0 0.400284 0.492467 0.0 0.400309 0.492154 0.0 0.400333 0.491841 0.0 0.40036 0.491528 0.0 0.400387 0.491215 0.0 0.400415 0.490902 0.0 0.400444 0.490589 0.0 0.400474 0.490276 0.0 0.400505 0.489964 0.0 0.400537 0.489651 0.0 0.40057 0.489339 0.0 0.400604 0.489027 0.0 0.400639 0.488714 0.0 0.400675 0.488402 0.0 0.400712 0.48809 0.0 0.40075 0.487778 0.0 0.400789 0.487467 0.0 0.400829 0.487155 0.0 0.400869 0.486844 0.0 0.400912 0.486532 0.0 0.400954 0.486221 0.0 0.400998 0.48591 0.0 0.401042 0.485599 0.0 0.401089 0.485288 0.0 0.401135 0.484977 0.0 0.401183 0.484667 0.0 0.401231 0.484357 0.0 0.401281 0.484046 0.0 0.401331 0.483736 0.0 0.401383 0.483426 0.0 0.401436 0.483117 0.0 0.40149 0.482807 0.0 0.401544 0.482498 0.0 0.4016 0.482189 0.0 0.401655 0.481879 0.0 0.401713 0.481571 0.0 0.401771 0.481262 0.0 0.401831 0.480953 0.0 0.401891 0.480645 0.0 0.401953 0.480337 0.0 0.402014 0.480029 0.0 0.402078 0.479721 0.0 0.402142 0.479414 0.0 0.402208 0.479107 0.0 0.402273 0.478799 0.0 0.402341 0.478492 0.0 0.402408 0.478186 0.0 0.402478 0.477879 0.0 0.402547 0.477573 0.0 0.402619 0.477267 0.0 0.40269 0.476961 0.0 0.402763 0.476656 0.0 0.402837 0.47635 0.0 0.402912 0.476045 0.0 0.402987 0.47574 0.0 0.403065 0.475436 0.0 0.403142 0.475131 0.0 0.403221 0.474827 0.0 0.4033 0.474523 0.0 0.403381 0.474219 0.0 0.403462 0.473916 0.0 0.403545 0.473613 0.0 0.403628 0.47331 0.0 0.403712 0.473007 0.0 0.403797 0.472705 0.0 0.403884 0.472403 0.0 0.403971 0.472101 0.0 0.404059 0.471799 0.0 0.404148 0.471498 0.0 0.404238 0.471197 0.0 0.404329 0.470896 0.0 0.404421 0.470596 0.0 0.404514 0.470296 0.0 0.404608 0.469996 0.0 0.404702 0.469696 0.0 0.404798 0.469397 0.0 0.404894 0.469098 0.0 0.404992 0.4688 0.0 0.40509 0.468501 0.0 0.40519 0.468203 0.0 0.40529 0.467906 0.0 0.405392 0.467608 0.0 0.405494 0.467311 0.0 0.405597 0.467015 0.0 0.405701 0.466718 0.0 0.405806 0.466422 0.0 0.405912 0.466126 0.0 0.406019 0.465831 0.0 0.406127 0.465536 0.0 0.406236 0.465241 0.0 0.406345 0.464947 0.0 0.406456 0.464653 0.0 0.406567 0.464359 0.0 0.40668 0.464066 0.0 0.406793 0.463772 0.0 0.406908 0.46348 0.0 0.407022 0.463188 0.0 0.407139 0.462896 0.0 0.407255 0.462604 0.0 0.407374 0.462313 0.0 0.407492 0.462022 0.0 0.407613 0.461732 0.0 0.407733 0.461442 0.0 0.407855 0.461152 0.0 0.407977 0.460863 0.0 0.408101 0.460574 0.0 0.408225 0.460285 0.0 0.40835 0.459997 0.0 0.408476 0.459709 0.0 0.408603 0.459422 0.0 0.408731 0.459135 0.0 0.40886 0.458849 0.0 0.408989 0.458562 0.0 0.40912 0.458277 0.0 0.409252 0.457991 0.0 0.409384 0.457707 0.0 0.409517 0.457422 0.0 0.409652 0.457138 0.0 0.409787 0.456854 0.0 0.409923 0.456571 0.0 0.410059 0.456288 0.0 0.410198 0.456006 0.0 0.410336 0.455724 0.0 0.410476 0.455443 0.0 0.410616 0.455162 0.0 0.410758 0.454881 0.0 0.410899 0.454601 0.0 0.411043 0.454321 0.0 0.411186 0.454042 0.0 0.411332 0.453763 0.0 0.411477 0.453485 0.0 0.411624 0.453207 0.0 0.411771 0.45293 0.0 0.41192 0.452653 0.0 0.412068 0.452376 0.0 0.412219 0.4521 0.0 0.412369 0.451825 0.0 0.412522 0.45155 0.0 0.412674 0.451275 0.0 0.412828 0.451001 0.0 0.412982 0.450727 0.0 0.413137 0.450454 0.0 0.413293 0.450181 0.0 0.41345 0.44991 0.0 0.413608 0.449638 0.0 0.413767 0.449367 0.0 0.413926 0.449096 0.0 0.414087 0.448826 0.0 0.414247 0.448556 0.0 0.41441 0.448287 0.0 0.414572 0.448018 0.0 0.414736 0.44775 0.0 0.414901 0.447483 0.0 0.415066 0.447216 0.0 0.415232 0.446949 0.0 0.4154 0.446683 0.0 0.415567 0.446417 0.0 0.415736 0.446153 0.0 0.415906 0.445888 0.0 0.416076 0.445624 0.0 0.416247 0.445361 0.0 0.41642 0.445098 0.0 0.416592 0.444835 0.0 0.416766 0.444574 0.0 0.41694 0.444312 0.0 0.417116 0.444052 0.0 0.417292 0.443792 0.0 0.417469 0.443532 0.0 0.417647 0.443273 0.0 0.417826 0.443015 0.0 0.418005 0.442757 0.0 0.418185 0.4425 0.0 0.418366 0.442243 0.0 0.418548 0.441987 0.0 0.418731 0.441731 0.0 0.418914 0.441476 0.0 0.419098 0.441221 0.0 0.419284 0.440968 0.0 0.419469 0.440714 0.0 0.419656 0.440462 0.0 0.419843 0.44021 0.0 0.420032 0.439958 0.0 0.420221 0.439707 0.0 0.420411 0.439457 0.0 0.420601 0.439207 0.0 0.420793 0.438958 0.0 0.420984 0.438709 0.0 0.421178 0.438462 0.0 0.421371 0.438214 0.0 0.421566 0.437968 0.0 0.421761 0.437721 0.0 0.421957 0.437476 0.0 0.422154 0.437231 0.0 0.422352 0.436987 0.0 0.42255 0.436743 0.0 0.422749 0.4365 0.0 0.422949 0.436258 0.0 0.42315 0.436016 0.0 0.423351 0.435775 0.0 0.423553 0.435535 0.0 0.423756 0.435294 0.0 0.42396 0.435056 0.0 0.424164 0.434817 0.0 0.424369 0.434579 0.0 0.424575 0.434341 0.0 0.424782 0.434105 0.0 0.424989 0.433869 0.0 0.425197 0.433634 0.0 0.425406 0.433399 0.0 0.425616 0.433165 0.0 0.425826 0.432931 0.0 0.426037 0.432699 0.0 0.426249 0.432467 0.0 0.426462 0.432236 0.0 0.426674 0.432005 0.0 0.426889 0.431775 0.0 0.427103 0.431545 0.0 0.427319 0.431317 0.0 0.427535 0.431089 0.0 0.427752 0.430862 0.0 0.427969 0.430635 0.0 0.428188 0.430409 0.0 0.428406 0.430183 0.0 0.428626 0.429959 0.0 0.428846 0.429735 0.0 0.429068 0.429512 0.0 0.429289 0.429289 0.0 0.429512 0.429068 0.0 0.429735 0.428846 0.0 0.429959 0.428626 0.0 0.430183 0.428406 0.0 0.430409 0.428188 0.0 0.430635 0.427969 0.0 0.430862 0.427752 0.0 0.431089 0.427535 0.0 0.431317 0.427319 0.0 0.431545 0.427103 0.0 0.431775 0.426889 0.0 0.432005 0.426674 0.0 0.432236 0.426462 0.0 0.432467 0.426249 0.0 0.432699 0.426037 0.0 0.432931 0.425826 0.0 0.433165 0.425616 0.0 0.433399 0.425406 0.0 0.433634 0.425197 0.0 0.433869 0.424989 0.0 0.434105 0.424782 0.0 0.434341 0.424575 0.0 0.434579 0.424369 0.0 0.434817 0.424164 0.0 0.435056 0.42396 0.0 0.435294 0.423756 0.0 0.435535 0.423553 0.0 0.435775 0.423351 0.0 0.436016 0.42315 0.0 0.436258 0.422949 0.0 0.4365 0.422749 0.0 0.436743 0.42255 0.0 0.436987 0.422352 0.0 0.437231 0.422154 0.0 0.437476 0.421957 0.0 0.437721 0.421761 0.0 0.437968 0.421566 0.0 0.438214 0.421371 0.0 0.438462 0.421178 0.0 0.438709 0.420984 0.0 0.438958 0.420793 0.0 0.439207 0.420601 0.0 0.439457 0.420411 0.0 0.439707 0.420221 0.0 0.439958 0.420032 0.0 0.44021 0.419843 0.0 0.440462 0.419656 0.0 0.440714 0.419469 0.0 0.440968 0.419284 0.0 0.441221 0.419098 0.0 0.441476 0.418914 0.0 0.441731 0.418731 0.0 0.441987 0.418548 0.0 0.442243 0.418366 0.0 0.4425 0.418185 0.0 0.442757 0.418005 0.0 0.443015 0.417826 0.0 0.443273 0.417647 0.0 0.443532 0.417469 0.0 0.443792 0.417292 0.0 0.444052 0.417116 0.0 0.444312 0.41694 0.0 0.444574 0.416766 0.0 0.444835 0.416592 0.0 0.445098 0.41642 0.0 0.445361 0.416247 0.0 0.445624 0.416076 0.0 0.445888 0.415906 0.0 0.446153 0.415736 0.0 0.446417 0.415567 0.0 0.446683 0.4154 0.0 0.446949 0.415232 0.0 0.447216 0.415066 0.0 0.447483 0.414901 0.0 0.44775 0.414736 0.0 0.448018 0.414572 0.0 0.448287 0.41441 0.0 0.448556 0.414247 0.0 0.448826 0.414087 0.0 0.449096 0.413926 0.0 0.449367 0.413767 0.0 0.449638 0.413608 0.0 0.44991 0.41345 0.0 0.450181 0.413293 0.0 0.450454 0.413137 0.0 0.450727 0.412982 0.0 0.451001 0.412828 0.0 0.451275 0.412674 0.0 0.45155 0.412522 0.0 0.451825 0.412369 0.0 0.4521 0.412219 0.0 0.452376 0.412068 0.0 0.452653 0.41192 0.0 0.45293 0.411771 0.0 0.453207 0.411624 0.0 0.453485 0.411477 0.0 0.453763 0.411332 0.0 0.454042 0.411186 0.0 0.454321 0.411043 0.0 0.454601 0.410899 0.0 0.454881 0.410758 0.0 0.455162 0.410616 0.0 0.455443 0.410476 0.0 0.455724 0.410336 0.0 0.456006 0.410198 0.0 0.456288 0.410059 0.0 0.456571 0.409923 0.0 0.456854 0.409787 0.0 0.457138 0.409652 0.0 0.457422 0.409517 0.0 0.457707 0.409384 0.0 0.457991 0.409252 0.0 0.458277 0.40912 0.0 0.458562 0.408989 0.0 0.458849 0.40886 0.0 0.459135 0.408731 0.0 0.459422 0.408603 0.0 0.459709 0.408476 0.0 0.459997 0.40835 0.0 0.460285 0.408225 0.0 0.460574 0.408101 0.0 0.460863 0.407977 0.0 0.461152 0.407855 0.0 0.461442 0.407733 0.0 0.461732 0.407613 0.0 0.462022 0.407492 0.0 0.462313 0.407374 0.0 0.462604 0.407255 0.0 0.462896 0.407139 0.0 0.463188 0.407022 0.0 0.46348 0.406908 0.0 0.463772 0.406793 0.0 0.464066 0.40668 0.0 0.464359 0.406567 0.0 0.464653 0.406456 0.0 0.464947 0.406345 0.0 0.465241 0.406236 0.0 0.465536 0.406127 0.0 0.465831 0.406019 0.0 0.466126 0.405912 0.0 0.466422 0.405806 0.0 0.466718 0.405701 0.0 0.467015 0.405597 0.0 0.467311 0.405494 0.0 0.467608 0.405392 0.0 0.467906 0.40529 0.0 0.468203 0.40519 0.0 0.468501 0.40509 0.0 0.4688 0.404992 0.0 0.469098 0.404894 0.0 0.469397 0.404798 0.0 0.469696 0.404702 0.0 0.469996 0.404608 0.0 0.470296 0.404514 0.0 0.470596 0.404421 0.0 0.470896 0.404329 0.0 0.471197 0.404238 0.0 0.471498 0.404148 0.0 0.471799 0.404059 0.0 0.472101 0.403971 0.0 0.472403 0.403884 0.0 0.472705 0.403797 0.0 0.473007 0.403712 0.0 0.47331 0.403628 0.0 0.473613 0.403545 0.0 0.473916 0.403462 0.0 0.474219 0.403381 0.0 0.474523 0.4033 0.0 0.474827 0.403221 0.0 0.475131 0.403142 0.0 0.475436 0.403065 0.0 0.47574 0.402987 0.0 0.476045 0.402912 0.0 0.47635 0.402837 0.0 0.476656 0.402763 0.0 0.476961 0.40269 0.0 0.477267 0.402619 0.0 0.477573 0.402547 0.0 0.477879 0.402478 0.0 0.478186 0.402408 0.0 0.478492 0.402341 0.0 0.478799 0.402273 0.0 0.479107 0.402208 0.0 0.479414 0.402142 0.0 0.479721 0.402078 0.0 0.480029 0.402014 0.0 0.480337 0.401953 0.0 0.480645 0.401891 0.0 0.480953 0.401831 0.0 0.481262 0.401771 0.0 0.481571 0.401713 0.0 0.481879 0.401655 0.0 0.482189 0.4016 0.0 0.482498 0.401544 0.0 0.482807 0.40149 0.0 0.483117 0.401436 0.0 0.483426 0.401383 0.0 0.483736 0.401331 0.0 0.484046 0.401281 0.0 0.484357 0.401231 0.0 0.484667 0.401183 0.0 0.484977 0.401135 0.0 0.485288 0.401089 0.0 0.485599 0.401042 0.0 0.48591 0.400998 0.0 0.486221 0.400954 0.0 0.486532 0.400912 0.0 0.486844 0.400869 0.0 0.487155 0.400829 0.0 0.487467 0.400789 0.0 0.487778 0.40075 0.0 0.48809 0.400712 0.0 0.488402 0.400675 0.0 0.488714 0.400639 0.0 0.489027 0.400604 0.0 0.489339 0.40057 0.0 0.489651 0.400537 0.0 0.489964 0.400505 0.0 0.490276 0.400474 0.0 0.490589 0.400444 0.0 0.490902 0.400415 0.0 0.491215 0.400387 0.0 0.491528 0.40036 0.0 0.491841 0.400333 0.0 0.492154 0.400309 0.0 0.492467 0.400284 0.0 0.492781 0.400261 0.0 0.493094 0.400239 0.0 0.493407 0.400218 0.0 0.493721 0.400197 0.0 0.494035 0.400179 0.0 0.494348 0.40016 0.0 0.494662 0.400143 0.0 0.494976 0.400126 0.0 0.495289 0.400112 0.0 0.495603 0.400097 0.0 0.495917 0.400084 0.0 0.496231 0.400071 0.0 0.496545 0.40006 0.0 0.496859 0.400049 0.0 0.497173 0.40004 0.0 0.497487 0.400032 0.0 0.497801 0.400025 0.0 0.498115 0.400018 0.0 0.498429 0.400013 0.0 0.498743 0.400008 0.0 0.499058 0.400005 0.0 0.499372 0.400002 0.0 0.499686 0.400001 0.0 0.5 0.4 0.0 0.500314 0.400001 0.0 0.500628 0.400002 0.0 0.500942 0.400005 0.0 0.501257 0.400008 0.0 0.501571 0.400013 0.0 0.501885 0.400018 0.0 0.502199 0.400025 0.0 0.502513 0.400032 0.0 0.502827 0.40004 0.0 0.503141 0.400049 0.0 0.503455 0.40006 0.0 0.503769 0.400071 0.0 0.504083 0.400084 0.0 0.504397 0.400097 0.0 0.504711 0.400112 0.0 0.505024 0.400126 0.0 0.505338 0.400143 0.0 0.505652 0.40016 0.0 0.505965 0.400179 0.0 0.506279 0.400197 0.0 0.506593 0.400218 0.0 0.506906 0.400239 0.0 0.507219 0.400261 0.0 0.507533 0.400284 0.0 0.507846 0.400309 0.0 0.508159 0.400333 0.0 0.508472 0.40036 0.0 0.508785 0.400387 0.0 0.509098 0.400415 0.0 0.509411 0.400444 0.0 0.509724 0.400474 0.0 0.510036 0.400505 0.0 0.510349 0.400537 0.0 0.510661 0.40057 0.0 0.510973 0.400604 0.0 0.511286 0.400639 0.0 0.511598 0.400675 0.0 0.51191 0.400712 0.0 0.512222 0.40075 0.0 0.512533 0.400789 0.0 0.512845 0.400829 0.0 0.513156 0.400869 0.0 0.513468 0.400912 0.0 0.513779 0.400954 0.0 0.51409 0.400998 0.0 0.514401 0.401042 0.0 0.514712 0.401089 0.0 0.515023 0.401135 0.0 0.515333 0.401183 0.0 0.515643 0.401231 0.0 0.515954 0.401281 0.0 0.516264 0.401331 0.0 0.516574 0.401383 0.0 0.516883 0.401436 0.0 0.517193 0.40149 0.0 0.517502 0.401544 0.0 0.517811 0.4016 0.0 0.518121 0.401655 0.0 0.518429 0.401713 0.0 0.518738 0.401771 0.0 0.519047 0.401831 0.0 0.519355 0.401891 0.0 0.519663 0.401953 0.0 0.519971 0.402014 0.0 0.520279 0.402078 0.0 0.520586 0.402142 0.0 0.520893 0.402208 0.0 0.521201 0.402273 0.0 0.521508 0.402341 0.0 0.521814 0.402408 0.0 0.522121 0.402478 0.0 0.522427 0.402547 0.0 0.522733 0.402619 0.0 0.523039 0.40269 0.0 0.523344 0.402763 0.0 0.52365 0.402837 0.0 0.523955 0.402912 0.0 0.52426 0.402987 0.0 0.524564 0.403065 0.0 0.524869 0.403142 0.0 0.525173 0.403221 0.0 0.525477 0.4033 0.0 0.525781 0.403381 0.0 0.526084 0.403462 0.0 0.526387 0.403545 0.0 0.52669 0.403628 0.0 0.526993 0.403712 0.0 0.527295 0.403797 0.0 0.527597 0.403884 0.0 0.527899 0.403971 0.0 0.528201 0.404059 0.0 0.528502 0.404148 0.0 0.528803 0.404238 0.0 0.529104 0.404329 0.0 0.529404 0.404421 0.0 0.529704 0.404514 0.0 0.530004 0.404608 0.0 0.530304 0.404702 0.0 0.530603 0.404798 0.0 0.530902 0.404894 0.0 0.5312 0.404992 0.0 0.531499 0.40509 0.0 0.531797 0.40519 0.0 0.532094 0.40529 0.0 0.532392 0.405392 0.0 0.532689 0.405494 0.0 0.532985 0.405597 0.0 0.533282 0.405701 0.0 0.533578 0.405806 0.0 0.533874 0.405912 0.0 0.534169 0.406019 0.0 0.534464 0.406127 0.0 0.534759 0.406236 0.0 0.535053 0.406345 0.0 0.535347 0.406456 0.0 0.535641 0.406567 0.0 0.535934 0.40668 0.0 0.536228 0.406793 0.0 0.53652 0.406908 0.0 0.536812 0.407022 0.0 0.537104 0.407139 0.0 0.537396 0.407255 0.0 0.537687 0.407374 0.0 0.537978 0.407492 0.0 0.538268 0.407613 0.0 0.538558 0.407733 0.0 0.538848 0.407855 0.0 0.539137 0.407977 0.0 0.539426 0.408101 0.0 0.539715 0.408225 0.0 0.540003 0.40835 0.0 0.540291 0.408476 0.0 0.540578 0.408603 0.0 0.540865 0.408731 0.0 0.541151 0.40886 0.0 0.541438 0.408989 0.0 0.541723 0.40912 0.0 0.542009 0.409252 0.0 0.542293 0.409384 0.0 0.542578 0.409517 0.0 0.542862 0.409652 0.0 0.543146 0.409787 0.0 0.543429 0.409923 0.0 0.543712 0.410059 0.0 0.543994 0.410198 0.0 0.544276 0.410336 0.0 0.544557 0.410476 0.0 0.544838 0.410616 0.0 0.545119 0.410758 0.0 0.545399 0.410899 0.0 0.545679 0.411043 0.0 0.545958 0.411186 0.0 0.546237 0.411332 0.0 0.546515 0.411477 0.0 0.546793 0.411624 0.0 0.54707 0.411771 0.0 0.547347 0.41192 0.0 0.547624 0.412068 0.0 0.5479 0.412219 0.0 0.548175 0.412369 0.0 0.54845 0.412522 0.0 0.548725 0.412674 0.0 0.548999 0.412828 0.0 0.549273 0.412982 0.0 0.549546 0.413137 0.0 0.549819 0.413293 0.0 0.55009 0.41345 0.0 0.550362 0.413608 0.0 0.550633 0.413767 0.0 0.550904 0.413926 0.0 0.551174 0.414087 0.0 0.551444 0.414247 0.0 0.551713 0.41441 0.0 0.551982 0.414572 0.0 0.55225 0.414736 0.0 0.552517 0.414901 0.0 0.552784 0.415066 0.0 0.553051 0.415232 0.0 0.553317 0.4154 0.0 0.553583 0.415567 0.0 0.553847 0.415736 0.0 0.554112 0.415906 0.0 0.554376 0.416076 0.0 0.554639 0.416247 0.0 0.554902 0.41642 0.0 0.555165 0.416592 0.0 0.555426 0.416766 0.0 0.555688 0.41694 0.0 0.555948 0.417116 0.0 0.556208 0.417292 0.0 0.556468 0.417469 0.0 0.556727 0.417647 0.0 0.556985 0.417826 0.0 0.557243 0.418005 0.0 0.5575 0.418185 0.0 0.557757 0.418366 0.0 0.558013 0.418548 0.0 0.558269 0.418731 0.0 0.558524 0.418914 0.0 0.558779 0.419098 0.0 0.559032 0.419284 0.0 0.559286 0.419469 0.0 0.559538 0.419656 0.0 0.55979 0.419843 0.0 0.560042 0.420032 0.0 0.560293 0.420221 0.0 0.560543 0.420411 0.0 0.560793 0.420601 0.0 0.561042 0.420793 0.0 0.561291 0.420984 0.0 0.561538 0.421178 0.0 0.561786 0.421371 0.0 0.562032 0.421566 0.0 0.562279 0.421761 0.0 0.562524 0.421957 0.0 0.562769 0.422154 0.0 0.563013 0.422352 0.0 0.563257 0.42255 0.0 0.5635 0.422749 0.0 0.563742 0.422949 0.0 0.563984 0.42315 0.0 0.564225 0.423351 0.0 0.564465 0.423553 0.0 0.564706 0.423756 0.0 0.564944 0.42396 0.0 0.565183 0.424164 0.0 0.565421 0.424369 0.0 0.565659 0.424575 0.0 0.565895 0.424782 0.0 0.566131 0.424989 0.0 0.566366 0.425197 0.0 0.566601 0.425406 0.0 0.566835 0.425616 0.0 0.567069 0.425826 0.0 0.567301 0.426037 0.0 0.567533 0.426249 0.0 0.567764 0.426462 0.0 0.567995 0.426674 0.0 0.568225 0.426889 0.0 0.568455 0.427103 0.0 0.568683 0.427319 0.0 0.568911 0.427535 0.0 0.569138 0.427752 0.0 0.569365 0.427969 0.0 0.569591 0.428188 0.0 0.569817 0.428406 0.0 0.570041 0.428626 0.0 0.570265 0.428846 0.0 0.570488 0.429068 0.0 0.570711 0.429289 0.0 0.570932 0.429512 0.0 0.571154 0.429735 0.0 0.571374 0.429959 0.0 0.571594 0.430183 0.0 0.571812 0.430409 0.0 0.572031 0.430635 0.0 0.572248 0.430862 0.0 0.572465 0.431089 0.0 0.572681 0.431317 0.0 0.572897 0.431545 0.0 0.573111 0.431775 0.0 0.573326 0.432005 0.0 0.573538 0.432236 0.0 0.573751 0.432467 0.0 0.573963 0.432699 0.0 0.574174 0.432931 0.0 0.574384 0.433165 0.0 0.574594 0.433399 0.0 0.574803 0.433634 0.0 0.575011 0.433869 0.0 0.575218 0.434105 0.0 0.575425 0.434341 0.0 0.575631 0.434579 0.0 0.575836 0.434817 0.0 0.57604 0.435056 0.0 0.576244 0.435294 0.0 0.576447 0.435535 0.0 0.576649 0.435775 0.0 0.57685 0.436016 0.0 0.577051 0.436258 0.0 0.577251 0.4365 0.0 0.57745 0.436743 0.0 0.577648 0.436987 0.0 0.577846 0.437231 0.0 0.578043 0.437476 0.0 0.578239 0.437721 0.0 0.578434 0.437968 0.0 0.578629 0.438214 0.0 0.578822 0.438462 0.0 0.579016 0.438709 0.0 0.579207 0.438958 0.0 0.579399 0.439207 0.0 0.579589 0.439457 0.0 0.579779 0.439707 0.0 0.579968 0.439958 0.0 0.580157 0.44021 0.0 0.580344 0.440462 0.0 0.580531 0.440714 0.0 0.580716 0.440968 0.0 0.580902 0.441221 0.0 0.581086 0.441476 0.0 0.581269 0.441731 0.0 0.581452 0.441987 0.0 0.581634 0.442243 0.0 0.581815 0.4425 0.0 0.581995 0.442757 0.0 0.582174 0.443015 0.0 0.582353 0.443273 0.0 0.582531 0.443532 0.0 0.582708 0.443792 0.0 0.582884 0.444052 0.0 0.58306 0.444312 0.0 0.583234 0.444574 0.0 0.583408 0.444835 0.0 0.58358 0.445098 0.0 0.583753 0.445361 0.0 0.583924 0.445624 0.0 0.584094 0.445888 0.0 0.584264 0.446153 0.0 0.584433 0.446417 0.0 0.5846 0.446683 0.0 0.584768 0.446949 0.0 0.584934 0.447216 0.0 0.585099 0.447483 0.0 0.585264 0.44775 0.0 0.585428 0.448018 0.0 0.58559 0.448287 0.0 0.585753 0.448556 0.0 0.585913 0.448826 0.0 0.586074 0.449096 0.0 0.586233 0.449367 0.0 0.586392 0.449638 0.0 0.58655 0.44991 0.0 0.586707 0.450181 0.0 0.586863 0.450454 0.0 0.587018 0.450727 0.0 0.587172 0.451001 0.0 0.587326 0.451275 0.0 0.587478 0.45155 0.0 0.587631 0.451825 0.0 0.587781 0.4521 0.0 0.587932 0.452376 0.0 0.58808 0.452653 0.0 0.588229 0.45293 0.0 0.588376 0.453207 0.0 0.588523 0.453485 0.0 0.588668 0.453763 0.0 0.588814 0.454042 0.0 0.588957 0.454321 0.0 0.589101 0.454601 0.0 0.589242 0.454881 0.0 0.589384 0.455162 0.0 0.589524 0.455443 0.0 0.589664 0.455724 0.0 0.589802 0.456006 0.0 0.589941 0.456288 0.0 0.590077 0.456571 0.0 0.590213 0.456854 0.0 0.590348 0.457138 0.0 0.590483 0.457422 0.0 0.590616 0.457707 0.0 0.590748 0.457991 0.0 0.59088 0.458277 0.0 0.591011 0.458562 0.0 0.59114 0.458849 0.0 0.591269 0.459135 0.0 0.591397 0.459422 0.0 0.591524 0.459709 0.0 0.59165 0.459997 0.0 0.591775 0.460285 0.0 0.591899 0.460574 0.0 0.592023 0.460863 0.0 0.592145 0.461152 0.0 0.592267 0.461442 0.0 0.592387 0.461732 0.0 0.592508 0.462022 0.0 0.592626 0.462313 0.0 0.592745 0.462604 0.0 0.592861 0.462896 0.0 0.592978 0.463188 0.0 0.593092 0.46348 0.0 0.593207 0.463772 0.0 0.59332 0.464066 0.0 0.593433 0.464359 0.0 0.593544 0.464653 0.0 0.593655 0.464947 0.0 0.593764 0.465241 0.0 0.593873 0.465536 0.0 0.593981 0.465831 0.0 0.594088 0.466126 0.0 0.594194 0.466422 0.0 0.594299 0.466718 0.0 0.594403 0.467015 0.0 0.594506 0.467311 0.0 0.594608 0.467608 0.0 0.59471 0.467906 0.0 0.59481 0.468203 0.0 0.59491 0.468501 0.0 0.595008 0.4688 0.0 0.595106 0.469098 0.0 0.595202 0.469397 0.0 0.595298 0.469696 0.0 0.595392 0.469996 0.0 0.595486 0.470296 0.0 0.595579 0.470596 0.0 0.595671 0.470896 0.0 0.595762 0.471197 0.0 0.595852 0.471498 0.0 0.595941 0.471799 0.0 0.596029 0.472101 0.0 0.596116 0.472403 0.0 0.596203 0.472705 0.0 0.596288 0.473007 0.0 0.596372 0.47331 0.0 0.596455 0.473613 0.0 0.596538 0.473916 0.0 0.596619 0.474219 0.0 0.5967 0.474523 0.0 0.596779 0.474827 0.0 0.596858 0.475131 0.0 0.596935 0.475436 0.0 0.597013 0.47574 0.0 0.597088 0.476045 0.0 0.597163 0.47635 0.0 0.597237 0.476656 0.0 0.59731 0.476961 0.0 0.597381 0.477267 0.0 0.597453 0.477573 0.0 0.597522 0.477879 0.0 0.597592 0.478186 0.0 0.597659 0.478492 0.0 0.597727 0.478799 0.0 0.597792 0.479107 0.0 0.597858 0.479414 0.0 0.597922 0.479721 0.0 0.597986 0.480029 0.0 0.598047 0.480337 0.0 0.598109 0.480645 0.0 0.598169 0.480953 0.0 0.598229 0.481262 0.0 0.598287 0.481571 0.0 0.598345 0.481879 0.0 0.5984 0.482189 0.0 0.598456 0.482498 0.0 0.59851 0.482807 0.0 0.598564 0.483117 0.0 0.598617 0.483426 0.0 0.598669 0.483736 0.0 0.598719 0.484046 0.0 0.598769 0.484357 0.0 0.598817 0.484667 0.0 0.598865 0.484977 0.0 0.598911 0.485288 0.0 0.598958 0.485599 0.0 0.599002 0.48591 0.0 0.599046 0.486221 0.0 0.599088 0.486532 0.0 0.599131 0.486844 0.0 0.599171 0.487155 0.0 0.599211 0.487467 0.0 0.59925 0.487778 0.0 0.599288 0.48809 0.0 0.599325 0.488402 0.0 0.599361 0.488714 0.0 0.599396 0.489027 0.0 0.59943 0.489339 0.0 0.599463 0.489651 0.0 0.599495 0.489964 0.0 0.599526 0.490276 0.0 0.599556 0.490589 0.0 0.599585 0.490902 0.0 0.599613 0.491215 0.0 0.59964 0.491528 0.0 0.599667 0.491841 0.0 0.599691 0.492154 0.0 0.599716 0.492467 0.0 0.599739 0.492781 0.0 0.599761 0.493094 0.0 0.599782 0.493407 0.0 0.599803 0.493721 0.0 0.599821 0.494035 0.0 0.59984 0.494348 0.0 0.599857 0.494662 0.0 0.599874 0.494976 0.0 0.599888 0.495289 0.0 0.599903 0.495603 0.0 0.599916 0.495917 0.0 0.599929 0.496231 0.0 0.59994 0.496545 0.0 0.599951 0.496859 0.0 0.59996 0.497173 0.0 0.599968 0.497487 0.0 0.599975 0.497801 0.0 0.599982 0.498115 0.0 0.599987 0.498429 0.0 0.599992 0.498743 0.0 0.599995 0.499058 0.0 0.599998 0.499372 0.0 0.599999 0.499686 0.0 
        </DataArray>
      </Points>
      <Polys>
        <DataArray type="Int64" Name="connectivity" format="ascii">
0 1 1 2 2 3 3 4 4 5 5 6 6 7 7 8 8 9 9 10 10 11 11 12 12 13 13 14 14 15 15 16 16 17 17 18 18 19 19 20 20 21 21 22 22 23 23 24 24 25 25 26 26 27 27 28 28 29 29 30 30 31 31 32 32 33 33 34 34 35 35 36 36 37 37 38 38 39 39 40 40 41 41 42 42 43 43 44 44 45 45 46 46 47 47 48 48 49 49 50 50 51 51 52 52 53 53 54 54 55 55 56 56 57 57 58 58 59 59 60 60 61 61 62 62 63 63 64 64 65 65 66 66 67 67 68 68 69 69 70 70 71 71 72 72 73 73 74 74 75 75 76 76 77 77 78 78 79 79 80 80 81 81 82 82 83 83 84 84 85 85 86 86 87 87 88 88 89 89 90 90 91 91 92 92 93 93 94 94 95 95 96 96 97 97 98 98 99 99 100 100 101 101 102 102 103 103 104 104 105 105 106 106 107 107 108 108 109 109 110 110 111 111 112 112 113 113 114 114 115 115 116 116 117 117 118 118 119 119 120 120 121 121 122 122 123 123 124 124 125 125 126 126 127 127 128 128 129 129 130 130 131 131 132 132 133 133 134 134 135 135 136 136 137 137 138 138 139 139 140 140 141 141 142 142 143 143 144 144 145 145 146 146 147 147 148 148 149 149 150 150 151 151 152 152 153 153 154 154 155 155 156 156 157 157 158 158 159 159 160 160 161 161 162 162 163 163 164 164 165 165 166 166 167 167 168 168 169 169 170 170 171 171 172 172 173 173 174 174 175 175 176 176 177 177 178 178 179 179 180 180 181 181 182 182 183 183 184 184 185 185 186 186 187 187 188 188 189 189 190 190 191 191 192 192 193 193 194 194 195 195 196 196 197 197 198 198 199 199 200 200 201 201 202 202 203 203 204 204 205 205 206 206 207 207 208 208 209 209 210 210 211 211 212 212 213 213 214 214 215 215 216 216 217 217 218 218 219 219 220 220 221 221 222 222 223 223 224 224 225 225 226 226 227 227 228 228 229 229 230 230 231 231 232 232 233 233 234 234 235 235 236 236 237 237 238 238 239 239 240 240 241 241 242 242 243 243 244 244 245 245 246 246 247 247 248 248 249 249 250 250 251 251 252 252 253 253 254 254 255 255 256 256 257 257 258 258 259 259 260 260 261 261 262 262 263 263 264 264 265 265 266 266 267 267 268 268 269 269 270 270 271 271 272 272 273 273 274 274 275 275 276 276 277 277 278 278 279 279 280 280 281 281 282 282 283 283 284 284 285 285 286 286 287 287 288 288 289 289 290 290 291 291 292 292 293 293 294 294 295 295 296 296 297 297 298 298 299 299 300 300 301 301 302 302 303 303 304 304 305 305 306 306 307 307 308 308 309 309 310 310 311 311 312 312 313 313 314 314 315 315 316 316 317 317 318 318 319 319 320 320 321 321 322 322 323 323 324 324 325 325 326 326 327 327 328 328 329 329 330 330 331 331 332 332 333 333 334 334 335 335 336 336 337 337 338 338 339 339 340 340 341 341 342 342 343 343 344 344 345 345 346 346 347 347 348 348 349 349 350 350 351 351 352 352 353 353 354 354 355 355 356 356 357 357 358 358 359 359 360 360 361 361 362 362 363 363 364 364 365 365 366 366 367 367 368 368 369 369 370 370 371 371 372 372 373 373 374 374 375 375 376 376 377 377 378 378 379 379 380 380 381 381 382 382 383 383 384 384 385 385 386 386 387 387 388 388 389 389 390 390 391 391 392 392 393 393 394 394 395 395 396 396 397 397 398 398 399 399 400 400 401 401 402 402 403 403 404 404 405 405 406 406 407 407 408 408 409 409 410 410 411 411 412 412 413 413 414 414 415 415 416 416 417 417 418 418 419 419 420 420 421 421 422 422 423 423 424 424 425 425 426 426 427 427 428 428 429 429 430 430 431 431 432 432 433 433 434 434 435 435 436 436 437 437 438 438 439 439 440 440 441 441 442 442 443 443 444 444 445 445 446 446 447 447 448 448 449 449 450 450 451 451 452 452 453 453 454 454 455 455 456 456 457 457 458 458 459 459 460 460 461 461 462 462 463 463 464 464 465 465 466 466 467 467 468 468 469 469 470 470 471 471 472 472 473 473 474 474 475 475 476 476 477 477 478 478 479 479 480 480 481 481 482 482 483 483 484 484 485 485 486 486 487 487 488 488 489 489 490 490 491 491 492 492 493 493 494 494 495 495 496 496 497 497 498 498 499 499 500 500 501 501 502 502 503 503 504 504 505 505 506 506 507 507 508 508 509 509 510 510 511 511 512 512 513 513 514 514 515 515 516 516 517 517 518 518 519 519 520 520 521 521 522 522 523 523 524 524 525 525 526 526 527 527 528 528 529 529 530 530 531 531 532 532 533 533 534 534 535 535 536 536 537 537 538 538 539 539 540 540 541 541 542 542 543 543 544 544 545 545 546 546 547 547 548 548 549 549 550 550 551 551 552 552 553 553 554 554 555 555 556 556 557 557 558 558 559 559 560 560 561 561 562 562 563 563 564 564 565 565 566 566 567 567 568 568 569 569 570 570 571 571 572 572 573 573 574 574 575 575 576 576 577 577 578 578 579 579 580 580 581 581 582 582 583 583 584 584 585 585 586 586 587 587 588 588 589 589 590 590 591 591 592 592 593 593 594 594 595 595 596 596 597 597 598 598 599 599 600 600 601 601 602 602 603 603 604 604 605 605 606 606 607 607 608 608 609 609 610 610 611 611 612 612 613 613 614 614 615 615 616 616 617 617 618 618 619 619 620 620 621 621 622 622 623 623 624 624 625 625 626 626 627 627 628 628 629 629 630 630 631 631 632 632 633 633 634 634 635 635 636 636 637 637 638 638 639 639 640 640 641 641 642 642 643 643 644 644 645 645 646 646 647 647 648 648 649 649 650 650 651 651 652 652 653 653 654 654 655 655 656 656 657 657 658 658 659 659 660 660 661 661 662 662 663 663 664 664 665 665 666 666 667 667 668 668 669 669 670 670 671 671 672 672 673 673 674 674 675 675 676 676 677 677 678 678 679 679 680 680 681 681 682 682 683 683 684 684 685 685 686 686 687 687 688 688 689 689 690 690 691 691 692 692 693 693 694 694 695 695 696 696 697 697 698 698 699 699 700 700 701 701 702 702 703 703 704 704 705 705 706 706 707 707 708 708 709 709 710 710 711 711 712 712 713 713 714 714 715 715 716 716 717 717 718 718 719 719 720 720 721 721 722 722 723 723 724 724 725 725 726 726 727 727 728 728 729 729 730 730 731 731 732 732 733 733 734 734 735 735 736 736 737 737 738 738 739 739 740 740 741 741 742 742 743 743 744 744 745 745 746 746 747 747 748 748 749 749 750 750 751 751 752 752 753 753 754 754 755 755 756 756 757 757 758 758 759 759 760 760 761 761 762 762 763 763 764 764 765 765 766 766 767 767 768 768 769 769 770 770 771 771 772 772 773 773 774 774 775 775 776 776 777 777 778 778 779 779 780 780 781 781 782 782 783 783 784 784 785 785 786 786 787 787 788 788 789 789 790 790 791 791 792 792 793 793 794 794 795 795 796 796 797 797 798 798 799 799 800 800 801 801 802 802 803 803 804 804 805 805 806 806 807 807 808 808 809 809 810 810 811 811 812 812 813 813 814 814 815 815 816 816 817 817 818 818 819 819 820 820 821 821 822 822 823 823 824 824 825 825 826 826 827 827 828 828 829 829 830 830 831 831 832 832 833 833 834 834 835 835 836 836 837 837 838 838 839 839 840 840 841 841 842 842 843 843 844 844 845 845 846 846 847 847 848 848 849 849 850 850 851 851 852 852 853 853 854 854 855 855 856 856 857 857 858 858 859 859 860 860 861 861 862 862 863 863 864 864 865 865 866 866 867 867 868 868 869 869 870 870 871 871 872 872 873 873 874 874 875 875 876 876 877 877 878 878 879 879 880 880 881 881 882 882 883 883 884 884 885 885 886 886 887 887 888 888 889 889 890 890 891 891 892 892 893 893 894 894 895 895 896 896 897 897 898 898 899 899 900 900 901 901 902 902 903 903 904 904 905 905 906 906 907 907 908 908 909 909 910 910 911 911 912 912 913 913 914 914 915 915 916 916 917 917 918 918 919 919 920 920 921 921 922 922 923 923 924 924 925 925 926 926 927 927 928 928 929 929 930 930 931 931 932 932 933 933 934 934 935 935 936 936 937 937 938 938 939 939 940 940 941 941 942 942 943 943 944 944 945 945 946 946 947 947 948 948 949 949 950 950 951 951 952 952 953 953 954 954 955 955 956 956 957 957 958 958 959 959 960 960 961 961 962 962 963 963 964 964 965 965 966 966 967 967 968 968 969 969 970 970 971 971 972 972 973 973 974 974 975 975 976 976 977 977 978 978 979 979 980 980 981 981 982 982 983 983 984 984 985 985 986 986 987 987 988 988 989 989 990 990 991 991 992 992 993 993 994 994 995 995 996 996 997 997 998 998 999 999 1000 1000 1001 1001 1002 1002 1003 1003 1004 1004 1005 1005 1006 1006 1007 1007 1008 1008 1009 1009 1010 1010 1011 1011 1012 1012 1013 1013 1014 1014 1015 1015 1016 1016 1017 1017 1018 1018 1019 1019 1020 1020 1021 1021 1022 1022 1023 1023 1024 1024 1025 1025 1026 1026 1027 1027 1028 1028 1029 1029 1030 1030 1031 1031 1032 1032 1033 1033 1034 1034 1035 1035 1036 1036 1037 1037 1038 1038 1039 1039 1040 1040 1041 1041 1042 1042 1043 1043 1044 1044 1045 1045 1046 1046 1047 1047 1048 1048 1049 1049 1050 1050 1051 1051 1052 1052 1053 1053 1054 1054 1055 1055 1056 1056 1057 1057 1058 1058 1059 1059 1060 1060 1061 1061 1062 1062 1063 1063 1064 1064 1065 1065 1066 1066 1067 1067 1068 1068 1069 1069 1070 1070 1071 1071 1072 1072 1073 1073 1074 1074 1075 1075 1076 1076 1077 1077 1078 1078 1079 1079 1080 1080 1081 1081 1082 1082 1083 1083 1084 1084 1085 1085 1086 1086 1087 1087 1088 1088 1089 1089 1090 1090 1091 1091 1092 1092 1093 1093 1094 1094 1095 1095 1096 1096 1097 1097 1098 1098 1099 1099 1100 1100 1101 1101 1102 1102 1103 1103 1104 1104 1105 1105 1106 1106 1107 1107 1108 1108 1109 1109 1110 1110 1111 1111 1112 1112 1113 1113 1114 1114 1115 1115 1116 1116 1117 1117 1118 1118 1119 1119 1120 1120 1121 1121 1122 1122 1123 1123 1124 1124 1125 1125 1126 1126 1127 1127 1128 1128 1129 1129 1130 1130 1131 1131 1132 1132 1133 1133 1134 1134 1135 1135 1136 1136 1137 1137 1138 1138 1139 1139 1140 1140 1141 1141 1142 1142 1143 1143 1144 1144 1145 1145 1146 1146 1147 1147 1148 1148 1149 1149 1150 1150 1151 1151 1152 1152 1153 1153 1154 1154 1155 1155 1156 1156 1157 1157 1158 1158 1159 1159 1160 1160 1161 1161 1162 1162 1163 1163 1164 1164 1165 1165 1166 1166 1167 1167 1168 1168 1169 1169 1170 1170 1171 1171 1172 1172 1173 1173 1174 1174 1175 1175 1176 1176 1177 1177 1178 1178 1179 1179 1180 1180 1181 1181 1182 1182 1183 1183 1184 1184 1185 1185 1186 1186 1187 1187 1188 1188 1189 1189 1190 1190 1191 1191 1192 1192 1193 1193 1194 1194 1195 1195 1196 1196 1197 1197 1198 1198 1199 1199 1200 1200 1201 1201 1202 1202 1203 1203 1204 1204 1205 1205 1206 1206 1207 1207 1208 1208 1209 1209 1210 1210 1211 1211 1212 1212 1213 1213 1214 1214 1215 1215 1216 1216 1217 1217 1218 1218 1219 1219 1220 1220 1221 1221 1222 1222 1223 1223 1224 1224 1225 1225 1226 1226 1227 1227 1228 1228 1229 1229 1230 1230 1231 1231 1232 1232 1233 1233 1234 1234 1235 1235 1236 1236 1237 1237 1238 1238 1239 1239 1240 1240 1241 1241 1242 1242 1243 1243 1244 1244 1245 1245 1246 1246 1247 1247 1248 1248 1249 1249 1250 1250 1251 1251 1252 1252 1253 1253 1254 1254 1255 1255 1256 1256 1257 1257 1258 1258 1259 1259 1260 1260 1261 1261 1262 1262 1263 1263 1264 1264 1265 1265 1266 1266 1267 1267 1268 1268 1269 1269 1270 1270 1271 1271 1272 1272 1273 1273 1274 1274 1275 1275 1276 1276 1277 1277 1278 1278 1279 1279 1280 1280 1281 1281 1282 1282 1283 1283 1284 1284 1285 1285 1286 1286 1287 1287 1288 1288 1289 1289 1290 1290 1291 1291 1292 1292 1293 1293 1294 1294 1295 1295 1296 1296 1297 1297 1298 1298 1299 1299 1300 1300 1301 1301 1302 1302 1303 1303 1304 1304 1305 1305 1306 1306 1307 1307 1308 1308 1309 1309 1310 1310 1311 1311 1312 1312 1313 1313 1314 1314 1315 1315 1316 1316 1317 1317 1318 1318 1319 1319 1320 1320 1321 1321 1322 1322 1323 1323 1324 1324 1325 1325 1326 1326 1327 1327 1328 1328 1329 1329 1330 1330 1331 1331 1332 1332 1333 1333 1334 1334 1335 1335 1336 1336 1337 1337 1338 1338 1339 1339 1340 1340 1341 1341 1342 1342 1343 1343 1344 1344 1345 1345 1346 1346 1347 1347 1348 1348 1349 1349 1350 1350 1351 1351 1352 1352 1353 1353 1354 1354 1355 1355 1356 1356 1357 1357 1358 1358 1359 1359 1360 1360 1361 1361 1362 1362 1363 1363 1364 1364 1365 1365 1366 1366 1367 1367 1368 1368 1369 1369 1370 1370 1371 1371 1372 1372 1373 1373 1374 1374 1375 1375 1376 1376 1377 1377 1378 1378 1379 1379 1380 1380 1381 1381 1382 1382 1383 1383 1384 1384 1385 1385 1386 1386 1387 1387 1388 1388 1389 1389 1390 1390 1391 1391 1392 1392 1393 1393 1394 1394 1395 1395 1396 1396 1397 1397 1398 1398 1399 1399 1400 1400 1401 1401 1402 1402 1403 1403 1404 1404 1405 1405 1406 1406 1407 1407 1408 1408 1409 1409 1410 1410 1411 1411 1412 1412 1413 1413 1414 1414 1415 1415 1416 1416 1417 1417 1418 1418 1419 1419 1420 1420 1421 1421 1422 1422 1423 1423 1424 1424 1425 1425 1426 1426 1427 1427 1428 1428 1429 1429 1430 1430 1431 1431 1432 1432 1433 1433 1434 1434 1435 1435 1436 1436 1437 1437 1438 1438 1439 1439 1440 1440 1441 1441 1442 1442 1443 1443 1444 1444 1445 1445 1446 1446 1447 1447 1448 1448 1449 1449 1450 1450 1451 1451 1452 1452 1453 1453 1454 1454 1455 1455 1456 1456 1457 1457 1458 1458 1459 1459 1460 1460 1461 1461 1462 1462 1463 1463 1464 1464 1465 1465 1466 1466 1467 1467 1468 1468 1469 1469 1470 1470 1471 1471 1472 1472 1473 1473 1474 1474 1475 1475 1476 1476 1477 1477 1478 1478 1479 1479 1480 1480 1481 1481 1482 1482 1483 1483 1484 1484 1485 1485 1486 1486 1487 1487 1488 1488 1489 1489 1490 1490 1491 1491 1492 1492 1493 1493 1494 1494 1495 1495 1496 1496 1497 1497 1498 1498 1499 1499 1500 1500 1501 1501 1502 1502 1503 1503 1504 1504 1505 1505 1506 1506 1507 1507 1508 1508 1509 1509 1510 1510 1511 1511 1512 1512 1513 1513 1514 1514 1515 1515 1516 1516 1517 1517 1518 1518 1519 1519 1520 1520 1521 1521 1522 1522 1523 1523 1524 1524 1525 1525 1526 1526 1527 1527 1528 1528 1529 1529 1530 1530 1531 1531 1532 1532 1533 1533 1534 1534 1535 1535 1536 1536 1537 1537 1538 1538 1539 1539 1540 1540 1541 1541 1542 1542 1543 1543 1544 1544 1545 1545 1546 1546 1547 1547 1548 1548 1549 1549 1550 1550 1551 1551 1552 1552 1553 1553 1554 1554 1555 1555 1556 1556 1557 1557 1558 1558 1559 1559 1560 1560 1561 1561 1562 1562 1563 1563 1564 1564 1565 1565 1566 1566 1567 1567 1568 1568 1569 1569 1570 1570 1571 1571 1572 1572 1573 1573 1574 1574 1575 1575 1576 1576 1577 1577 1578 1578 1579 1579 1580 1580 1581 1581 1582 1582 1583 1583 1584 1584 1585 1585 1586 1586 1587 1587 1588 1588 1589 1589 1590 1590 1591 1591 1592 1592 1593 1593 1594 1594 1595 1595 1596 1596 1597 1597 1598 1598 1599 1599 1600 1600 1601 1601 1602 1602 1603 1603 1604 1604 1605 1605 1606 1606 1607 1607 1608 1608 1609 1609 1610 1610 1611 1611 1612 1612 1613 1613 1614 1614 1615 1615 1616 1616 1617 1617 1618 1618 1619 1619 1620 1620 1621 1621 1622 1622 1623 1623 1624 1624 1625 1625 1626 1626 1627 1627 1628 1628 1629 1629 1630 1630 1631 1631 1632 1632 1633 1633 1634 1634 1635 1635 1636 1636 1637 1637 1638 1638 1639 1639 1640 1640 1641 1641 1642 1642 1643 1643 1644 1644 1645 1645 1646 1646 1647 1647 1648 1648 1649 1649 1650 1650 1651 1651 1652 1652 1653 1653 1654 1654 1655 1655 1656 1656 1657 1657 1658 1658 1659 1659 1660 1660 1661 1661 1662 1662 1663 1663 1664 1664 1665 1665 1666 1666 1667 1667 1668 1668 1669 1669 1670 1670 1671 1671 1672 1672 1673 1673 1674 1674 1675 1675 1676 1676 1677 1677 1678 1678 1679 1679 1680 1680 1681 1681 1682 1682 1683 1683 1684 1684 1685 1685 1686 1686 1687 1687 1688 1688 1689 1689 1690 1690 1691 1691 1692 1692 1693 1693 1694 1694 1695 1695 1696 1696 1697 1697 1698 1698 1699 1699 1700 1700 1701 1701 1702 1702 1703 1703 1704 1704 1705 1705 1706 1706 1707 1707 1708 1708 1709 1709 1710 1710 1711 1711 1712 1712 1713 1713 1714 1714 1715 1715 1716 1716 1717 1717 1718 1718 1719 1719 1720 1720 1721 1721 1722 1722 1723 1723 1724 1724 1725 1725 1726 1726 1727 1727 1728 1728 1729 1729 1730 1730 1731 1731 1732 1732 1733 1733 1734 1734 1735 1735 1736 1736 1737 1737 1738 1738 1739 1739 1740 1740 1741 1741 1742 1742 1743 1743 1744 1744 1745 1745 1746 1746 1747 1747 1748 1748 1749 1749 1750 1750 1751 1751 1752 1752 1753 1753 1754 1754 1755 1755 1756 1756 1757 1757 1758 1758 1759 1759 1760 1760 1761 1761 1762 1762 1763 1763 1764 1764 1765 1765 1766 1766 1767 1767 1768 1768 1769 1769 1770 1770 1771 1771 1772 1772 1773 1773 1774 1774 1775 1775 1776 1776 1777 1777 1778 1778 1779 1779 1780 1780 1781 1781 1782 1782 1783 1783 1784 1784 1785 1785 1786 1786 1787 1787 1788 1788 1789 1789 1790 1790 1791 1791 1792 1792 1793 1793 1794 1794 1795 1795 1796 1796 1797 1797 1798 1798 1799 1799 1800 1800 1801 1801 1802 1802 1803 1803 1804 1804 1805 1805 1806 1806 1807 1807 1808 1808 1809 1809 1810 1810 1811 1811 1812 1812 1813 1813 1814 1814 1815 1815 1816 1816 1817 1817 1818 1818 1819 1819 1820 1820 1821 1821 1822 1822 1823 1823 1824 1824 1825 1825 1826 1826 1827 1827 1828 1828 1829 1829 1830 1830 1831 1831 1832 1832 1833 1833 1834 1834 1835 1835 1836 1836 1837 1837 1838 1838 1839 1839 1840 1840 1841 1841 1842 1842 1843 1843 1844 1844 1845 1845 1846 1846 1847 1847 1848 1848 1849 1849 1850 1850 1851 1851 1852 1852 1853 1853 1854 1854 1855 1855 1856 1856 1857 1857 1858 1858 1859 1859 1860 1860 1861 1861 1862 1862 1863 1863 1864 1864 1865 1865 1866 1866 1867 1867 1868 1868 1869 1869 1870 1870 1871 1871 1872 1872 1873 1873 1874 1874 1875 1875 1876 1876 1877 1877 1878 1878 1879 1879 1880 1880 1881 1881 1882 1882 1883 1883 1884 1884 1885 1885 1886 1886 1887 1887 1888 1888 1889 1889 1890 1890 1891 1891 1892 1892 1893 1893 1894 1894 1895 1895 1896 1896 1897 1897 1898 1898 1899 1899 1900 1900 1901 1901 1902 1902 1903 1903 1904 1904 1905 1905 1906 1906 1907 1907 1908 1908 1909 1909 1910 1910 1911 1911 1912 1912 1913 1913 1914 1914 1915 1915 1916 1916 1917 1917 1918 1918 1919 1919 1920 1920 1921 1921 1922 1922 1923 1923 1924 1924 1925 1925 1926 1926 1927 1927 1928 1928 1929 1929 1930 1930 1931 1931 1932 1932 1933 1933 1934 1934 1935 1935 1936 1936 1937 1937 1938 1938 1939 1939 1940 1940 1941 1941 1942 1942 1943 1943 1944 1944 1945 1945 1946 1946 1947 1947 1948 1948 1949 1949 1950 1950 1951 1951 1952 1952 1953 1953 1954 1954 1955 1955 1956 1956 1957 1957 1958 1958 1959 1959 1960 1960 1961 1961 1962 1962 1963 1963 1964 1964 1965 1965 1966 1966 1967 1967 1968 1968 1969 1969 1970 1970 1971 1971 1972 1972 1973 1973 1974 1974 1975 1975 1976 1976 1977 1977 1978 1978 1979 1979 1980 1980 1981 1981 1982 1982 1983 1983 1984 1984 1985 1985 1986 1986 1987 1987 1988 1988 1989 1989 1990 1990 1991 1991 1992 1992 1993 1993 1994 1994 1995 1995 1996 1996 1997 1997 1998 1998 1999 1999 0 
        </DataArray>
        <DataArray type="Int64" Name="offsets" format="ascii">
2 4 6 8 10 12 14 16 18 20 22 24 26 28 30 32 34 36 38 40 42 44 46 48 50 52 54 56 58 60 62 64 66 68 70 72 74 76 78 80 82 84 86 88 90 92 94 96 98 100 102 104 106 108 110 112 114 116 118 120 122 124 126 128 130 132 134 136 138 140 142 144 146 148 150 152 154 156 158 160 162 164 166 168 170 172 174 176 178 180 182 184 186 188 190 192 194 196 198 200 202 204 206 208 210 212 214 216 218 220 222 224 226 228 230 232 234 236 238 240 242 244 246 248 250 252 254 256 258 260 262 264 266 268 270 272 274 276 278 280 282 284 286 288 290 292 294 296 298 300 302 304 306 308 310 312 314 316 318 320 322 324 326 328 330 332 334 336 338 340 342 344 346 348 350 352 354 356 358 360 362 364 366 368 370 372 374 376 378 380 382 384 386 388 390 392 394 396 398 400 402 404 406 408 410 412 414 416 418 420 422 424 426 428 430 432 434 436 438 440 442 444 446 448 450 452 454 456 458 460 462 464 466 468 470 472 474 476 478 480 482 484 486 488 490 492 494 496 498 500 502 504 506 508 510 512 514 516 518 520 522 524 526 528 530 532 534 536 538 540 542 544 546 548 550 552 554 556 558 560 562 564 566 568 570 572 574 576 578 580 582 584 586 588 590 592 594 596 598 600 602 604 606 608 610 612 614 616 618 620 622 624 626 628 630 632 634 636 638 640 642 644 646 648 650 652 654 656 658 660 662 664 666 668 670 672 674 676 678 680 682 684 686 688 690 692 694 696 698 700 702 704 706 708 710 712 714 716 718 720 722 724 726 728 730 732 734 736 738 740 742 744 746 748 750 752 754 756 758 760 762 764 766 768 770 772 774 776 778 780 782 784 786 788 790 792 794 796 798 800 802 804 806 808 810 812 814 816 818 820 822 824 826 828 830 832 834 836 838 840 842 844 846 848 850 852 854 856 858 860 862 864 866 868 870 872 874 876 878 880 882 884 886 888 890 892 894 896 898 900 902 904 906 908 910 912 914 916 918 920 922 924 926 928 930 932 934 936 938 940 942 944 946 948 950 952 954 956 958 960 962 964 966 968 970 972 974 976 978 980 982 984 986 988 990 992 994 996 998 1000 1002 1004 1006 1008 1010 1012 1014 1016 1018 1020 1022 1024 1026 1028 1030 1032 1034 1036 1038 1040 1042 1044 1046 1048 1050 1052 1054 1056 1058 1060 1062 1064 1066 1068 1070 1072 1074 1076 1078 1080 1082 1084 1086 1088 1090 1092 1094 1096 1098 1100 1102 1104 1106 1108 1110 1112 1114 1116 1118 1120 1122 1124 1126 1128 1130 1132 1134 1136 1138 1140 1142 1144 1146 1148 1150 1152 1154 1156 1158 1160 1162 1164 1166 1168 1170 1172 1174 1176 1178 1180 1182 1184 1186 1188 1190 1192 1194 1196 1198 1200 1202 1204 1206 1208 1210 1212 1214 1216 1218 1220 1222 1224 1226 1228 1230 1232 1234 1236 1238 1240 1242 1244 1246 1248 1250 1252 1254 1256 1258 1260 1262 1264 1266 1268 1270 1272 1274 1276 1278 1280 1282 1284 1286 1288 1290 1292 1294 1296 1298 1300 1302 1304 1306 1308 1310 1312 1314 1316 1318 1320 1322 1324 1326 1328 1330 1332 1334 1336 1338 1340 1342 1344 1346 1348 1350 1352 1354 1356 1358 1360 1362 1364 1366 1368 1370 1372 1374 1376 1378 1380 1382 1384 1386 1388 1390 1392 1394 1396 1398 1400 1402 1404 1406 1408 1410 1412 1414 1416 1418 1420 1422 1424 1426 1428 1430 1432 1434 1436 1438 1440 1442 1444 1446 1448 1450 1452 1454 1456 1458 1460 1462 1464 1466 1468 1470 1472 1474 1476 1478 1480 1482 1484 1486 1488 1490 1492 1494 1496 1498 1500 1502 1504 1506 1508 1510 1512 1514 1516 1518 1520 1522 1524 1526 1528 1530 1532 1534 1536 1538 1540 1542 1544 1546 1548 1550 1552 1554 1556 1558 1560 1562 1564 1566 1568 1570 1572 1574 1576 1578 1580 1582 1584 1586 1588 1590 1592 1594 1596 1598 1600 1602 1604 1606 1608 1610 1612 1614 1616 1618 1620 1622 1624 1626 1628 1630 1632 1634 1636 1638 1640 1642 1644 1646 1648 1650 1652 1654 1656 1658 1660 1662 1664 1666 1668 1670 1672 1674 1676 1678 1680 1682 1684 1686 1688 1690 1692 1694 1696 1698 1700 1702 1704 1706 1708 1710 1712 1714 1716 1718 1720 1722 1724 1726 1728 1730 1732 1734 1736 1738 1740 1742 1744 1746 1748 1750 1752 1754 1756 1758 1760 1762 1764 1766 1768 1770 1772 1774 1776 1778 1780 1782 1784 1786 1788 1790 1792 1794 1796 1798 1800 1802 1804 1806 1808 1810 1812 1814 1816 1818 1820 1822 1824 1826 1828 1830 1832 1834 1836 1838 1840 1842 1844 1846 1848 1850 1852 1854 1856 1858 1860 1862 1864 1866 1868 1870 1872 1874 1876 1878 1880 1882 1884 1886 1888 1890 1892 1894 1896 1898 1900 1902 1904 1906 1908 1910 1912 1914 1916 1918 1920 1922 1924 1926 1928 1930 1932 1934 1936 1938 1940 1942 1944 1946 1948 1950 1952 1954 1956 1958 1960 1962 1964 1966 1968 1970 1972 1974 1976 1978 1980 1982 1984 1986 1988 1990 1992 1994 1996 1998 2000 2002 2004 2006 2008 2010 2012 2014 2016 2018 2020 2022 2024 2026 2028 2030 2032 2034 2036 2038 2040 2042 2044 2046 2048 2050 2052 2054 2056 2058 2060 2062 2064 2066 2068 2070 2072 2074 2076 2078 2080 2082 2084 2086 2088 2090 2092 2094 2096 2098 2100 2102 2104 2106 2108 2110 2112 2114 2116 2118 2120 2122 2124 2126 2128 2130 2132 2134 2136 2138 2140 2142 2144 2146 2148 2150 2152 2154 2156 2158 2160 2162 2164 2166 2168 2170 2172 2174 2176 2178 2180 2182 2184 2186 2188 2190 2192 2194 2196 2198 2200 2202 2204 2206 2208 2210 2212 2214 2216 2218 2220 2222 2224 2226 2228 2230 2232 2234 2236 2238 2240 2242 2244 2246 2248 2250 2252 2254 2256 2258 2260 2262 2264 2266 2268 2270 2272 2274 2276 2278 2280 2282 2284 2286 2288 2290 2292 2294 2296 2298 2300 2302 2304 2306 2308 2310 2312 2314 2316 2318 2320 2322 2324 2326 2328 2330 2332 2334 2336 2338 2340 2342 2344 2346 2348 2350 2352 2354 2356 2358 2360 2362 2364 2366 2368 2370 2372 2374 2376 2378 2380 2382 2384 2386 2388 2390 2392 2394 2396 2398 2400 2402 2404 2406 2408 2410 2412 2414 2416 2418 2420 2422 2424 2426 2428 2430 2432 2434 2436 2438 2440 2442 2444 2446 2448 2450 2452 2454 2456 2458 2460 2462 2464 2466 2468 2470 2472 2474 2476 2478 2480 2482 2484 2486 2488 2490 2492 2494 2496 2498 2500 2502 2504 2506 2508 2510 2512 2514 2516 2518 2520 2522 2524 2526 2528 2530 2532 2534 2536 2538 2540 2542 2544 2546 2548 2550 2552 2554 2556 2558 2560 2562 2564 2566 2568 2570 2572 2574 2576 2578 2580 2582 2584 2586 2588 2590 2592 2594 2596 2598 2600 2602 2604 2606 2608 2610 2612 2614 2616 2618 2620 2622 2624 2626 2628 2630 2632 2634 2636 2638 2640 2642 2644 2646 2648 2650 2652 2654 2656 2658 2660 2662 2664 2666 2668 2670 2672 2674 2676 2678 2680 2682 2684 2686 2688 2690 2692 2694 2696 2698 2700 2702 2704 2706 2708 2710 2712 2714 2716 2718 2720 2722 2724 2726 2728 2730 2732 2734 2736 2738 2740 2742 2744 2746 2748 2750 2752 2754 2756 2758 2760 2762 2764 2766 2768 2770 2772 2774 2776 2778 2780 2782 2784 2786 2788 2790 2792 2794 2796 2798 2800 2802 2804 2806 2808 2810 2812 2814 2816 2818 2820 2822 2824 2826 2828 2830 2832 2834 2836 2838 2840 2842 2844 2846 2848 2850 2852 2854 2856 2858 2860 2862 2864 2866 2868 2870 2872 2874 2876 2878 2880 2882 2884 2886 2888 2890 2892 2894 2896 2898 2900 2902 2904 2906 2908 2910 2912 2914 2916 2918 2920 2922 2924 2926 2928 2930 2932 2934 2936 2938 2940 2942 2944 2946 2948 2950 2952 2954 2956 2958 2960 2962 2964 2966 2968 2970 2972 2974 2976 2978 2980 2982 2984 2986 2988 2990 2992 2994 2996 2998 3000 3002 3004 3006 3008 3010 3012 3014 3016 3018 3020 3022 3024 3026 3028 3030 3032 3034 3036 3038 3040 3042 3044 3046 3048 3050 3052 3054 3056 3058 3060 3062 3064 3066 3068 3070 3072 3074 3076 3078 3080 3082 3084 3086 3088 3090 3092 3094 3096 3098 3100 3102 3104 3106 3108 3110 3112 3114 3116 3118 3120 3122 3124 3126 3128 3130 3132 3134 3136 3138 3140 3142 3144 3146 3148 3150 3152 3154 3156 3158 3160 3162 3164 3166 3168 3170 3172 3174 3176 3178 3180 3182 3184 3186 3188 3190 3192 3194 3196 3198 3200 3202 3204 3206 3208 3210 3212 3214 3216 3218 3220 3222 3224 3226 3228 3230 3232 3234 3236 3238 3240 3242 3244 3246 3248 3250 3252 3254 3256 3258 3260 3262 3264 3266 3268 3270 3272 3274 3276 3278 3280 3282 3284 3286 3288 3290 3292 3294 3296 3298 3300 3302 3304 3306 3308 3310 3312 3314 3316 3318 3320 3322 3324 3326 3328 3330 3332 3334 3336 3338 3340 3342 3344 3346 3348 3350 3352 3354 3356 3358 3360 3362 3364 3366 3368 3370 3372 3374 3376 3378 3380 3382 3384 3386 3388 3390 3392 3394 3396 3398 3400 3402 3404 3406 3408 3410 3412 3414 3416 3418 3420 3422 3424 3426 3428 3430 3432 3434 3436 3438 3440 3442 3444 3446 3448 3450 3452 3454 3456 3458 3460 3462 3464 3466 3468 3470 3472 3474 3476 3478 3480 3482 3484 3486 3488 3490 3492 3494 3496 3498 3500 3502 3504 3506 3508 3510 3512 3514 3516 3518 3520 3522 3524 3526 3528 3530 3532 3534 3536 3538 3540 3542 3544 3546 3548 3550 3552 3554 3556 3558 3560 3562 3564 3566 3568 3570 3572 3574 3576 3578 3580 3582 3584 3586 3588 3590 3592 3594 3596 3598 3600 3602 3604 3606 3608 3610 3612 3614 3616 3618 3620 3622 3624 3626 3628 3630 3632 3634 3636 3638 3640 3642 3644 3646 3648 3650 3652 3654 3656 3658 3660 3662 3664 3666 3668 3670 3672 3674 3676 3678 3680 3682 3684 3686 3688 3690 3692 3694 3696 3698 3700 3702 3704 3706 3708 3710 3712 3714 3716 3718 3720 3722 3724 3726 3728 3730 3732 3734 3736 3738 3740 3742 3744 3746 3748 3750 3752 3754 3756 3758 3760 3762 3764 3766 3768 3770 3772 3774 3776 3778 3780 3782 3784 3786 3788 3790 3792 3794 3796 3798 3800 3802 3804 3806 3808 3810 3812 3814 3816 3818 3820 3822 3824 3826 3828 3830 3832 3834 3836 3838 3840 3842 3844 3846 3848 3850 3852 3854 3856 3858 3860 3862 3864 3866 3868 3870 3872 3874 3876 3878 3880 3882 3884 3886 3888 3890 3892 3894 3896 3898 3900 3902 3904 3906 3908 3910 3912 3914 3916 3918 3920 3922 3924 3926 3928 3930 3932 3934 3936 3938 3940 3942 3944 3946 3948 3950 3952 3954 3956 3958 3960 3962 3964 3966 3968 3970 3972 3974 3976 3978 3980 3982 3984 3986 3988 3990 3992 3994 3996 3998 4000 
        </DataArray>
      </Polys>
      <CellData Scalars="Pressure">
        <DataArray type="Float64" Name="Pressure" format="ascii">
121430 120748 120312 119896 119472 119141 118816 118495 118202 117921 117634 117290 116915 116546 115980 115305 114616 113742 112688 111654 110766 110084 109387 108863 108635 108414 108292 108438 108581 108744 109040 109334 109641 109999 110359 110708 111418 112133 113158 113987 114848 115700 116610 117494 118393 118897 119752 120603 121524 122464 123410 124346 125326 126305 127313 128291 129273 130244 131340 132657 133786 135049 136360 137638 138486 139582 140685 141875 143131 144373 145612 146814 148039 149328 151141 152517 153759 154978 156181 157327 158437 159510 160583 161731 162923 164105 165767 167027 168367 169252 170255 171222 172225 173326 174473 175626 176771 178048 179160 179896 180751 181583 182498 183482 184521 185527 186463 187484 188252 188991 189746 190491 191215 191905 192592 193319 194420 195220 195962 196544 197091 197584 198214 198881 199642 200251 200748 201190 201591 201957 202310 202638 202929 203188 203459 203929 204175 204374 204541 204844 205116 205356 205628 205776 205894 206007 206210 206481 206665 206850 206952 207012 207115 207548 207818 208048 208205 208349 208464 208606 209031 209282 209499 209582 209666 209711 209961 210091 210393 210320 210210 210234 210410 210362 210492 210619 210746 210887 211102 211258 211520 211716 211946 212133 212375 212575 212759 212922 213093 213093 213280 213389 212978 212910 212870 213053 212987 213027 213065 213100 213105 213133 213159 213214 213217 213179 213222 213231 213346 213473 213645 213711 213804 213923 214071 213543 213229 213047 212939 212847 213329 213544 213697 213813 213950 214110 214231 214396 214540 214682 214813 214904 215006 215097 215227 215310 215428 215542 215655 215746 215827 215905 215984 216063 216132 216194 216249 216297 216290 216387 216498 216614 216451 216851 217210 217518 217784 218106 218457 218818 219200 219632 220091 220566 221072 221543 222161 222721 223296 223787 224298 224698 225088 225432 225602 225586 225549 225480 225389 225311 225433 225180 224986 225202 225299 225559 225618 225690 225776 225726 225817 225760 225673 225468 225324 225289 225108 224756 224555 224372 224448 224290 224084 223826 223388 222927 222540 222206 222316 221763 221185 221311 220460 219337 218074 216714 215625 214682 213907 211988 212169 212335 212272 212090 211938 212002 212284 212985 213495 214121 215041 217047 215300 215652 212507 211983 211556 215222 210751 203602 201764 185890 163018 137918 104796 70845.6 43842.4 18209.7 11388.9 11714 11957.4 12422.9 12696.4 12408.4 12686.9 13012.7 13298.1 13503.4 13976.4 14306.7 14639.3 14300.4 14706.3 15034.8 15286.9 15784.9 16170.5 16535.4 15913.5 16349.8 16754.9 17115.8 17565.9 17955.8 18264.5 19531.5 18918.1 19386.8 19864.6 20474.6 21016.6 21474 22161.7 22318.4 22364 22559.3 22772.5 24367.5 24739.7 25087.6 25434.4 25817.8 26217.7 26573.3 26908.7 27202.7 27475.2 29623.6 30063.2 26510.2 26351.4 27496.9 27963.5 27219.8 27734.8 28293 28822.2 29301.8 29866.3 30377.3 30801.9 31870.8 32363.5 32840.9 31956.4 32527.9 33085.8 33626.4 34242.3 34797.8 35312.1 35863 36338.7 36718.2 38043.7 38554 37513.2 38093.3 38721.3 39317.9 39959.7 40623.2 41247 41843.2 42466.9 43003.6 44142.4 44695.3 45275.2 45849.9 46523.8 45221.6 45913.6 46641.2 47374.7 48080.3 48840.1 49583.7 50310.7 51053.6 51805.8 52501.4 53221.2 53928.9 54577 55965.4 56641.7 57312.3 58022.8 58876.4 59748.6 60597 58977.4 59783.4 60609.5 61536.6 62475.7 63396.2 64382.5 65351.9 66331.9 67300.9 68285.8 69252.5 70297.6 71343.5 72400.7 73446.5 74513 75559.2 76668.5 77792.4 78927.5 80038.6 81164.3 82266.4 83399.7 84535.9 85681.2 86784.2 87861.6 88914.5 89977.1 91013.8 92061.9 93092 94169 95220.9 96282.1 97310.4 98348.2 99361.3 100471 101558 102656 103732 104817 105877 107068 108267 109480 110597 111697 112775 113950 115144 116342 117560 118838 120087 121368 122637 123909 125221 126689 128123 129570 130975 132381 133790 135445 137066 138707 140315 141942 143535 145463 147389 152971 154456 155959 157406 158987 160499 162006 159335 161448 163592 165502 167069 168612 170279 172248 174180 176124 177982 179848 181738 184091 190655 192869 194773 196672 198554 195978 198561 201260 203690 206049 208359 210688 212961 215256 217424 224232 226316 223385 225884 228477 231046 233096 235078 237055 239570 242267 244982 251705 253690 255626 252598 255451 258340 261259 263866 266488 269038 271611 279488 282089 278979 281738 284546 287492 290405 293362 296298 299351 307802 305102 308401 311902 315494 319094 322642 326303 329383 336911 339327 336192 339682 343323 346998 350522 353936 363156 360481 364201 368171 372219 375069 377936 380727 388862 391690 394525 390932 395396 400090 405036 414037 417392 420651 417614 421215 425084 428753 431276 439306 442425 438741 443260 448001 452605 462357 466022 469786 467443 471922 476729 481225 490323 493820 498189 495420 500898 506491 518321 522526 533319 530704 528054 532379 543519 541314 545367 549657 554330 558738 568141 571689 576547 574854 580723 586570 592537 599082 605956 612935 618490 627386 631054 635426 633341 638156 643094 654885 652563 657340 662305 667027 677073 680711 684288 680739 684606 695618 699443 696182 699835 703567 714853 712079 717229 722436 727875 739191 743775 754889 753311 751692 763589 768872 774877 773291 779355 792898 797585 795386 799171 802790 812213 809271 812320 815390 824330 821704 824813 828014 831412 835452 841279 847608 854651 862184 879229 896605 914890 933486 941877 943681 943053 940013 935909 934213 933782 934629 936783 943036 949523 955885 962331 967559 972085 976542 981076 993015 990779 996350 1.00234e+06 1.01598e+06 1.01479e+06 1.02051e+06 1.02639e+06 1.03936e+06 1.04433e+06 1.04196e+06 1.04677e+06 1.05884e+06 1.06441e+06 1.07022e+06 1.06763e+06 1.08381e+06 1.09789e+06 1.10066e+06 1.10649e+06 1.10939e+06 1.10639e+06 1.10396e+06 1.102e+06 1.10935e+06 1.1047e+06 1.1091e+06 1.1145e+06 1.12811e+06 1.13356e+06 1.13281e+06 1.13792e+06 1.14872e+06 1.15261e+06 1.15537e+06 1.15293e+06 1.15417e+06 1.15539e+06 1.15697e+06 1.16909e+06 1.16283e+06 1.17027e+06 1.17931e+06 1.20496e+06 1.21531e+06 1.22653e+06 1.23146e+06 1.24511e+06 1.25953e+06 1.27278e+06 1.28444e+06 1.28785e+06 1.28899e+06 1.29047e+06 1.2974e+06 1.29939e+06 1.30122e+06 1.29891e+06 1.30016e+06 1.30121e+06 1.30272e+06 1.30474e+06 1.31316e+06 1.30995e+06 1.31332e+06 1.32485e+06 1.3343e+06 1.33417e+06 1.33845e+06 1.33743e+06 1.34169e+06 1.34648e+06 1.35845e+06 1.36355e+06 1.36812e+06 1.36758e+06 1.37184e+06 1.37633e+06 1.38122e+06 1.39386e+06 1.39868e+06 1.40365e+06 1.40385e+06 1.40843e+06 1.41308e+06 1.41824e+06 1.42969e+06 1.43475e+06 1.4352e+06 1.44028e+06 1.44487e+06 1.44984e+06 1.45526e+06 1.46781e+06 1.47319e+06 1.47874e+06 1.48046e+06 1.48464e+06 1.48897e+06 1.49369e+06 1.50423e+06 1.50772e+06 1.51107e+06 1.51033e+06 1.514e+06 1.51825e+06 1.52292e+06 1.52654e+06 1.52944e+06 1.53206e+06 1.53851e+06 1.53798e+06 1.54093e+06 1.54408e+06 1.54756e+06 1.55138e+06 1.5554e+06 1.56412e+06 1.56791e+06 1.5676e+06 1.57182e+06 1.57647e+06 1.58101e+06 1.58552e+06 1.58975e+06 1.59423e+06 1.5988e+06 1.60709e+06 1.6076e+06 1.61182e+06 1.61696e+06 1.62259e+06 1.62815e+06 1.6336e+06 1.63877e+06 1.64417e+06 1.65367e+06 1.65861e+06 1.65906e+06 1.66387e+06 1.66948e+06 1.67531e+06 1.68114e+06 1.68614e+06 1.69099e+06 1.69626e+06 1.70708e+06 1.71146e+06 1.71589e+06 1.71819e+06 1.72215e+06 1.72623e+06 1.73017e+06 1.73359e+06 1.73726e+06 1.74128e+06 1.7488e+06 1.75679e+06 1.76478e+06 1.77292e+06 1.77635e+06 1.77834e+06 1.78164e+06 1.78506e+06 1.78853e+06 1.79229e+06 1.79618e+06 1.80015e+06 1.80364e+06 1.80616e+06 1.80878e+06 1.81557e+06 1.81817e+06 1.82088e+06 1.82358e+06 1.82634e+06 1.82697e+06 1.82969e+06 1.83184e+06 1.83396e+06 1.83609e+06 1.83878e+06 1.8416e+06 1.84445e+06 1.84682e+06 1.84903e+06 1.85128e+06 1.85388e+06 1.85666e+06 1.85941e+06 1.86428e+06 1.86673e+06 1.86917e+06 1.87172e+06 1.87437e+06 1.87708e+06 1.87972e+06 1.88062e+06 1.88342e+06 1.88624e+06 1.88871e+06 1.89123e+06 1.89372e+06 1.8967e+06 1.89966e+06 1.90265e+06 1.90523e+06 1.90777e+06 1.91027e+06 1.9131e+06 1.91597e+06 1.91887e+06 1.92139e+06 1.92377e+06 1.92611e+06 1.92861e+06 1.93116e+06 1.93374e+06 1.93608e+06 1.93821e+06 1.9403e+06 1.94241e+06 1.94445e+06 1.94651e+06 1.94861e+06 1.95092e+06 1.95319e+06 1.95537e+06 1.95702e+06 1.95869e+06 1.96036e+06 1.96233e+06 1.96427e+06 1.96621e+06 1.96772e+06 1.96926e+06 1.97076e+06 1.97241e+06 1.97403e+06 1.97567e+06 1.97699e+06 1.97828e+06 1.97955e+06 1.98087e+06 1.98217e+06 1.9835e+06 1.98473e+06 1.98595e+06 1.98715e+06 1.98823e+06 1.98919e+06 1.99017e+06 1.99126e+06 1.99248e+06 1.99367e+06 1.99466e+06 1.99533e+06 1.99602e+06 1.9968e+06 1.9978e+06 1.9988e+06 1.99972e+06 2.00035e+06 2.001e+06 2.00165e+06 2.00235e+06 2.00304e+06 2.00374e+06 2.00426e+06 2.0048e+06 2.00534e+06 2.00607e+06 2.0068e+06 2.00814e+06 2.00824e+06 2.00835e+06 2.00846e+06 2.0089e+06 2.00938e+06 2.00991e+06 2.00984e+06 2.00968e+06 2.0095e+06 2.00943e+06 2.00949e+06 2.00955e+06 2.00938e+06 2.0089e+06 2.00844e+06 2.00804e+06 2.00778e+06 2.00753e+06 2.00722e+06 2.00646e+06 2.00573e+06 2.00504e+06 2.00459e+06 2.00418e+06 2.00377e+06 2.00264e+06 2.00155e+06 2.00039e+06 1.99931e+06 1.99825e+06 1.99721e+06 1.99612e+06 1.99502e+06 1.99389e+06 1.9931e+06 1.99342e+06 1.99305e+06 1.99272e+06 1.99152e+06 1.99024e+06 1.989e+06 1.98877e+06 1.98861e+06 1.98852e+06 1.98794e+06 1.98723e+06 1.98649e+06 1.98478e+06 1.98402e+06 1.98325e+06 1.98168e+06 1.98042e+06 1.97925e+06 1.97807e+06 1.97683e+06 1.97559e+06 1.97439e+06 1.9734e+06 1.973e+06 1.97197e+06 1.9705e+06 1.96935e+06 1.96821e+06 1.96694e+06 1.96561e+06 1.96425e+06 1.96288e+06 1.96148e+06 1.96046e+06 1.95864e+06 1.95687e+06 1.95507e+06 1.95329e+06 1.95129e+06 1.94926e+06 1.94718e+06 1.94532e+06 1.94402e+06 1.94237e+06 1.94052e+06 1.93863e+06 1.9367e+06 1.93479e+06 1.93292e+06 1.93101e+06 1.92951e+06 1.92692e+06 1.92502e+06 1.92314e+06 1.921e+06 1.91806e+06 1.91526e+06 1.91269e+06 1.90967e+06 1.90708e+06 1.90442e+06 1.90164e+06 1.8992e+06 1.89678e+06 1.89435e+06 1.89281e+06 1.89073e+06 1.88885e+06 1.8855e+06 1.88415e+06 1.88313e+06 1.88239e+06 1.88158e+06 1.88119e+06 1.88028e+06 1.87788e+06 1.87632e+06 1.87483e+06 1.87318e+06 1.8719e+06 1.86979e+06 1.86655e+06 1.86482e+06 1.86191e+06 1.8593e+06 1.8574e+06 1.85448e+06 1.85331e+06 1.85105e+06 1.84352e+06 1.84039e+06 1.83777e+06 1.83734e+06 1.83434e+06 1.8326e+06 1.82813e+06 1.82291e+06 1.81993e+06 1.81844e+06 1.81344e+06 1.80921e+06 1.80532e+06 1.80162e+06 1.7979e+06 1.79517e+06 1.7911e+06 1.78672e+06 1.78038e+06 1.77671e+06 1.77349e+06 1.76963e+06 1.76295e+06 1.75621e+06 1.74965e+06 1.74422e+06 1.74115e+06 1.73739e+06 1.73395e+06 1.72306e+06 1.71884e+06 1.71512e+06 1.71636e+06 1.70973e+06 1.70694e+06 1.7041e+06 1.70123e+06 1.7002e+06 1.69693e+06 1.69311e+06 1.68601e+06 1.68208e+06 1.68122e+06 1.67744e+06 1.66996e+06 1.66621e+06 1.66292e+06 1.66278e+06 1.65645e+06 1.65284e+06 1.64949e+06 1.64629e+06 1.64576e+06 1.64251e+06 1.64153e+06 1.63568e+06 1.62967e+06 1.62902e+06 1.62603e+06 1.62244e+06 1.61603e+06 1.6127e+06 1.61241e+06 1.60927e+06 1.60228e+06 1.59918e+06 1.59651e+06 1.59698e+06 1.59039e+06 1.58711e+06 1.58417e+06 1.58444e+06 1.57816e+06 1.57463e+06 1.57136e+06 1.56825e+06 1.56489e+06 1.56106e+06 1.55762e+06 1.55445e+06 1.55163e+06 1.54837e+06 1.54554e+06 1.54306e+06 1.541e+06 1.53559e+06 1.52787e+06 1.519e+06 1.50927e+06 1.4997e+06 1.49272e+06 1.48659e+06 1.4815e+06 1.47729e+06 1.47395e+06 1.47026e+06 1.4665e+06 1.46255e+06 1.45783e+06 1.45264e+06 1.44763e+06 1.44264e+06 1.44127e+06 1.4321e+06 1.42702e+06 1.42212e+06 1.42159e+06 1.41213e+06 1.40732e+06 1.40278e+06 1.40353e+06 1.39919e+06 1.39008e+06 1.38618e+06 1.38791e+06 1.38496e+06 1.38295e+06 1.37775e+06 1.38057e+06 1.38037e+06 1.3804e+06 1.37618e+06 1.3735e+06 1.35086e+06 1.33151e+06 1.31482e+06 1.31525e+06 1.29591e+06 1.29033e+06 1.28546e+06 1.29273e+06 1.28858e+06 1.27879e+06 1.27576e+06 1.27959e+06 1.2761e+06 1.27226e+06 1.26284e+06 1.25916e+06 1.25551e+06 1.252e+06 1.25345e+06 1.24472e+06 1.24036e+06 1.23596e+06 1.23588e+06 1.23046e+06 1.22396e+06 1.21233e+06 1.2054e+06 1.1984e+06 1.19183e+06 1.1859e+06 1.18211e+06 1.17865e+06 1.17516e+06 1.17676e+06 1.17329e+06 1.17077e+06 1.16406e+06 1.16291e+06 1.16268e+06 1.16274e+06 1.1631e+06 1.16515e+06 1.16476e+06 1.16155e+06 1.151e+06 1.14177e+06 1.11539e+06 1.09745e+06 1.07196e+06 1.06389e+06 1.05667e+06 1.0614e+06 1.05755e+06 1.05512e+06 1.04622e+06 1.04293e+06 1.03911e+06 1.03528e+06 1.03784e+06 1.03269e+06 1.02692e+06 1.01445e+06 1.0099e+06 1.00618e+06 1.0027e+06 1.00653e+06 1.00353e+06 995470 992808 989507 986012 982667 985567 980843 975707 963841 959559 955626 951860 955701 952375 949117 941015 936190 931310 926534 919321 911784 904263 903527 890569 883858 877423 872996 868685 864627 868708 870966 867485 868977 869629 870321 871101 871689 871824 871507 872429 858146 850295 840765 830422 820386 812130 806578 801181 802403 798388 789152 785508 781252 777027 773003 770050 767494 764857 768120 765005 761979 752833 746581 740445 734874 731149 727432 723598 718672 713710 708946 712164 708637 698886 695350 691782 688329 684581 680564 676533 672803 669537 666333 669938 666686 663329 659996 654838 642809 636823 632268 627830 623422 618529 613583 608579 604524 600942 597340 592866 587703 582567 585030 581440 577868 574134 570431 566661 563007 551331 545687 540090 536029 531870 527750 523399 519096 514711 511268 507901 504539 500724 496835 492878 489411 486100 482812 479226 475521 471755 468345 465204 462089 458913 455803 452637 449413 445876 442392 438961 436000 432967 429952 426800 423685 420526 417911 415236 412589 409687 406807 403862 401325 398785 396274 393446 390581 387653 384658 381546 378455 375486 372674 369808 366912 363890 360895 357994 355334 352630 349915 347040 344191 341364 338825 336243 333671 330881 328112 325289 322694 320050 317444 315149 312912 316310 313739 311086 308477 306352 304344 302313 297603 295196 292626 290011 287492 284821 282101 279272 276411 273494 270760 267956 265211 262635 265864 263328 261249 259184 257230 252714 250493 248008 245556 242978 240286 237407 234487 231429 229274 233576 232497 231716 230980 229554 227516 225721 223672 221297 218850 216217 213466 216026 213947 211808 206379 203889 201076 198017 195228 192220 189120 186620 190152 187636 181283 179161 176763 174374 172141 169754 167432 165336 168294 162735 161351 159678 157768 156055 154460 152810 151260 153259 151788 148298 146923 145253 143340 141745 140127 141900 137448 136262 134810 133144 131747 130249 128699 131210 129897 128550 126005 124865 123488 121868 123374 122116 120863 118105 116893 115391 113797 112542 114048 112805 109769 108389 106718 104953 106695 105266 103924 103613 102933 101852 100801 101624 101192 100557 96840.9 94980.6 92813.8 94260.9 92743.6 94842.9 90564.6 87745.5 86256.4 86663.2 83095.9 82005.8 80567 78730.2 77051.8 79060 77770.9 76775.3 74774.9 73640.1 72178.5 71150.8 70828.6 70163.1 69174.9 68189.6 69217.3 68455.4 67711 65420.4 64261.1 62826 63548.4 60758.5 59738.6 58387.6 56904.9 58410.5 57368.2 56702.2 54949.2 54083.5 54417.3 53411.6 51705.5 51092.8 50252.6 50781.2 48627.6 47949.8 46970.4 45656.3 46886.2 46044.1 47503.5 45165 43417.3 43894.5 42964.8 42517.3 41106.8 40457.3 40714 40055.2 38743.6 38226 37534.5 38010.7 36488.2 36022.6 35371.1 35869.8 34206.5 33891.5 33377.3 32646.6 32117.7 31948.3 31584.8 31015.3 30276.7 30020.3 29620.6 29064.4 28369.8 27999 27712.6 27270.8 26687.9 26148.2 25892.4 25486.1 24942.5 24243.8 24020 23672.3 23188.2 22551.8 22339 22259.2 22000.6 21554.8 22137.8 21047.4 20841.8 20486.5 20899.3 19870.1 19710.1 19423.9 19716.5 19457.3 18532.2 18254.8 18557.5 18144.5 18020.9 17092 17426.7 17961.3 16842.7 16679.7 15864.5 15642.6 15348.9 14973.7 15280.2 14391.9 14175 13886 14203.1 14024.3 13272.9 13051 13261.1 13064.2 12978.3 12295.6 12138.7 11933.4 11672.2 11885.2 11101.3 10926.3 10694.9 10912.7 10737.4 10668.9 10080.2 9929.71 9756.48 9530.65 9259.76 8995.24 8798.44 8561.7 8755.16 8646.34 8668.35 8063.86 7978.64 7859.63 7687.72 7457.48 7670.35 7054.26 6900.64 7145.89 7501.83 6943.21 6858.32 6413.42 6305.97 6162.03 6225.23 6117.13 6074.26 5704.65 5622.33 5510.73 5371.29 5391.54 5308.72 5244.36 4898.72 4796.58 4671.7 4523.73 4576.55 4509.77 4201.54 4153.69 4078.59 3982.26 3869.61 3936.58 3893.35 3857.58 3571.21 3481.53 3357.62 3198.1 3674.26 19379.3 38187.3 52812.7 74960.8 93113.4 106716 109136 109271 109278 109539 110250 111959 113494 114966 116545 118181 120313 121529 122403 123384 124106 124752 125311 125694 126032 126314 126564 126780 126968 127156 127355 127554 127724 127856 128000 128038 127990 128009 127916 127711 127518 127349 127330 127366 127408 127507 127955 128389 129083 129504 129935 130376 130931 131484 132054 132640 133242 133839 134240 134706 135346 135713 136007 136293 136425 136344 136253 136053 135573 135108 134655 134312 133982 133668 133496 133355 133230 133390 133606 133820 134132 134469 134807 135157 135526 135888 136212 136481 136755 136906 136993 137071 137134 137033 136925 136816 136710 136487 136256 135927 135592 135264 134976 134697 134415 134168 133925 133688 133555 133462 133369 133292 133223 133157 133044 132897 132746 132558 132322 132091 131739 131208 130668 130089 129376 128674 127915 127006 126082 125188 124388 123601 122805 122124 
        </DataArray>
        <DataArray type="Float64" Name="Temperature" format="ascii">
919.757 917.881 916.511 915.188 913.841 912.754 911.678 910.616 909.719 908.884 908.034 907.157 906.25 905.36 904.054 902.523 900.959 898.962 896.539 894.165 892.1 890.479 888.827 887.55 886.906 886.288 885.887 886.071 886.254 886.489 887.039 887.597 888.195 888.94 889.704 890.462 892.072 893.721 894.677 896.473 898.381 900.311 902.362 904.405 906.541 909.059 910.907 912.76 914.81 916.942 919.107 921.323 923.759 926.233 928.813 931.373 934.027 936.7 939.602 939.864 942.601 945.549 948.807 952.093 955.646 957.672 959.777 961.872 964.144 966.547 969.024 971.564 974.368 977.571 976.444 979.748 986.746 988.385 990.137 991.944 993.862 995.888 998.092 1000.51 1003.27 1006.28 1004.31 1007.65 1011.61 1017.56 1019.12 1020.82 1022.7 1024.83 1027.41 1030.34 1033.36 1029.69 1032.36 1039.83 1040.82 1042.24 1044.27 1046.79 1049.77 1052.67 1054.95 1047.9 1055.41 1055.6 1055.92 1056.35 1057.07 1058.01 1059.2 1060.91 1060.96 1063.23 1068.14 1069.19 1070.6 1072.34 1073.82 1076.14 1069.79 1078.59 1077.86 1077.92 1078.76 1080.11 1081.92 1084.13 1077.94 1080.14 1082.37 1086.5 1087 1087.89 1089.22 1085.58 1087.5 1089.61 1093.19 1093.78 1094.73 1095.99 1097.55 1095.33 1097.09 1098.27 1098.37 1098.54 1098.74 1097.55 1098.05 1098.65 1099.88 1100.56 1101.78 1103.27 1101.57 1103.18 1104.32 1104.52 1104.63 1104.93 1104.17 1104.67 1102.77 1105.27 1105.28 1105.54 1105.33 1106.39 1106.44 1106.51 1106.6 1106.69 1106.59 1106.78 1106.59 1106.94 1107.04 1107.37 1107.85 1108.33 1108.88 1109.47 1110.12 1110.03 1110.72 1111.2 1110.55 1110.48 1110.46 1110.82 1110.75 1110.87 1110.99 1111.11 1111.33 1111.47 1111.62 1111.75 1111.87 1112.02 1112.19 1112.27 1112.57 1112.87 1113.28 1113.55 1114.05 1114.74 1115.65 1114.39 1114.03 1113.16 1113.13 1112.83 1113.18 1113.29 1113.44 1113.57 1113.74 1113.93 1114.1 1114.34 1114.53 1114.7 1114.85 1114.9 1114.97 1115.02 1115.07 1115.05 1114.87 1114.61 1114.26 1113.82 1113.45 1113.12 1112.81 1112.54 1111.59 1110.34 1108.75 1106.87 1107.24 1106.2 1105.09 1104 1105.51 1103.49 1101.52 1099.66 1097.85 1096.51 1095.2 1093.94 1092.68 1091.44 1089.99 1088.35 1086.46 1085.08 1083.91 1083.28 1082.83 1082.76 1084.57 1087.07 1090.12 1093.32 1098.34 1103.57 1109.07 1114.75 1120.21 1125.67 1133.91 1137.11 1139.68 1151.49 1159.18 1171.56 1174.12 1176.47 1178.67 1179.06 1180.37 1180.56 1180.68 1180.53 1180.4 1180.24 1179.86 1179.15 1177.17 1174.21 1170.61 1167.55 1164.54 1161.67 1159.86 1156.72 1154.93 1153.1 1152.35 1149.51 1144.92 1138.04 1132.22 1125.46 1118.26 1110.86 1106.26 1102.6 1098.99 1095.01 1096.17 1100.71 1097.82 1102.7 1107.38 1110.96 1113.58 1128.7 1117.19 1117.51 1122.89 1131.36 1117.25 1116.23 1107.34 1107.87 1107.09 1109.21 1107.33 1110.71 1078.72 1070.81 1045.53 1011.41 987.579 781.114 559.974 348.272 291.696 293.837 295.458 298.462 300.287 298.583 300.44 302.597 304.483 305.841 308.672 310.675 312.698 310.863 313.289 315.25 316.756 319.5 321.569 323.536 320.3 322.655 324.835 326.77 329.16 331.213 332.817 338.802 336.019 338.24 340.497 343.365 345.902 348.031 350.969 351.597 352.044 352.788 353.595 359.828 361.348 362.766 364.177 365.717 367.313 368.73 370.063 371.229 372.306 379.479 380.971 368.746 368.027 372.193 373.885 371.232 373.128 375.157 377.075 378.81 380.82 382.626 384.12 387.646 389.238 390.779 387.983 389.82 391.611 393.345 395.31 397.08 398.716 400.428 401.904 403.08 406.892 408.354 405.455 407.11 408.897 410.594 412.41 414.275 416.028 417.692 419.408 420.883 423.888 425.29 426.756 428.207 429.895 426.778 428.514 430.321 432.138 433.883 435.74 437.549 439.314 441.103 442.905 444.569 446.267 447.914 449.426 452.45 453.912 455.352 456.867 458.674 460.51 462.287 459.406 461.108 462.844 464.762 466.698 468.588 470.569 472.508 474.461 476.357 478.273 480.147 482.136 484.11 486.1 488.037 489.993 491.908 493.904 495.9 497.913 499.855 501.789 503.68 505.603 507.499 509.408 511.232 512.978 514.685 516.398 518.036 519.692 521.315 522.975 524.598 526.234 527.776 529.333 530.855 532.459 534.029 535.616 537.155 538.707 540.223 541.893 543.565 545.258 546.801 548.314 549.798 551.393 553.001 554.618 556.232 557.9 559.532 561.191 562.814 564.444 566.11 567.943 569.737 571.538 573.26 574.989 576.715 578.695 580.639 582.609 584.483 586.386 588.255 590.426 592.597 598.785 600.389 602.016 603.588 605.257 606.856 608.458 605.6 607.808 610.056 612.032 613.623 615.194 616.874 618.833 620.762 622.693 624.503 626.33 628.176 630.409 636.625 638.696 640.442 642.193 643.926 641.47 643.823 646.298 648.466 650.548 652.598 654.631 656.592 658.583 660.448 666.19 667.936 665.447 667.496 669.636 671.767 673.415 675.017 676.626 678.611 680.741 682.896 688.139 689.662 691.158 688.758 690.922 693.132 695.354 697.278 699.225 701.127 702.992 708.717 710.586 708.289 710.246 712.255 714.32 716.33 718.383 720.408 722.47 728.217 726.355 728.515 730.826 733.215 735.532 737.796 740.142 742.098 746.865 748.37 746.326 748.472 750.727 753.019 755.152 757.218 762.803 761.152 763.346 765.707 768.118 769.771 771.442 773.077 777.752 779.379 781.018 778.96 781.496 784.18 787.026 792.04 793.984 795.904 794.531 796.689 799.001 801.198 802.745 807.129 808.927 807.121 809.545 812.094 814.563 819.571 821.524 823.474 822.338 824.593 827.02 829.285 833.74 835.487 837.602 836.25 838.865 841.544 847.117 849.071 854.048 852.851 851.608 853.574 858.651 857.656 859.456 861.369 863.461 865.418 869.529 871.092 873.185 872.423 874.941 877.458 880.013 882.736 885.605 888.527 890.835 894.459 895.965 897.733 896.887 898.826 900.823 905.505 904.596 906.476 908.436 910.297 914.161 915.579 916.954 915.597 917.073 921.259 922.713 921.509 922.885 924.303 928.49 927.52 929.432 931.376 933.415 937.51 939.215 943.148 942.696 942.175 946.39 948.305 950.405 949.879 951.995 956.688 958.3 957.556 958.846 960.087 963.268 962.288 963.311 964.351 967.339 966.492 967.529 968.607 969.761 971.127 973.062 975.159 977.489 979.975 985.317 990.764 996.497 1002.33 1004.86 1005.33 1005.12 1004.24 1003.01 1002.41 1002.22 1002.44 1003.08 1004.88 1006.76 1008.63 1010.54 1012.04 1013.29 1014.55 1015.87 1019.24 1018.6 1020.17 1021.88 1025.74 1025.44 1027.03 1028.68 1032.33 1033.7 1033.09 1034.43 1037.78 1039.35 1040.89 1040.3 1044.67 1048.25 1049.33 1050.86 1051.83 1050.99 1050.33 1049.83 1051.73 1050.62 1051.82 1053.32 1056.95 1058.42 1058.3 1059.68 1062.55 1063.57 1064.25 1063.69 1064 1064.31 1064.73 1067.78 1066.23 1068.1 1070.42 1077.01 1079.57 1082.35 1083.5 1086.99 1090.73 1094.36 1097.77 1098.93 1099.12 1099.55 1101.14 1101.79 1102.08 1101.62 1101.85 1102.04 1102.38 1102.87 1104.66 1103.89 1104.59 1107.29 1109.02 1109.27 1110.14 1109.95 1110.85 1111.92 1114.73 1115.76 1116.6 1116.48 1117.34 1118.3 1119.38 1122.25 1123.14 1124.07 1124.18 1125.13 1126.16 1127.32 1129.83 1130.85 1131.26 1132.35 1133.42 1134.63 1135.98 1138.78 1140 1141.31 1142.21 1143.22 1144.31 1145.55 1147.93 1148.61 1149.33 1149.87 1150.61 1151.51 1152.53 1153.36 1154.08 1154.81 1156.21 1156.19 1156.83 1157.52 1158.26 1159.08 1159.94 1161.74 1162.51 1162.54 1163.41 1164.36 1165.31 1166.24 1167.11 1168.03 1168.97 1170.59 1170.64 1171.44 1172.42 1173.47 1174.5 1175.52 1176.49 1177.51 1179.4 1180.33 1180.31 1181.21 1182.28 1183.4 1184.51 1185.43 1186.31 1187.24 1189.49 1190.36 1191.31 1190.78 1191.54 1192.38 1193.25 1194.02 1194.89 1195.89 1197.56 1199.38 1201.27 1203.85 1204.48 1205.28 1205.86 1206.49 1207.16 1207.91 1208.69 1209.52 1210.26 1210.81 1211.4 1212.52 1212.91 1213.33 1213.79 1214.25 1215.35 1215.76 1216.06 1216.37 1216.72 1217.17 1217.66 1218.18 1218.62 1219.04 1219.49 1220.02 1220.58 1221.15 1221.59 1221.96 1222.35 1222.77 1223.21 1223.68 1224.16 1225.64 1226.09 1226.56 1226.96 1227.39 1227.83 1228.35 1228.89 1229.44 1229.91 1230.39 1230.86 1231.4 1231.95 1232.51 1232.99 1233.46 1233.91 1234.4 1234.9 1235.41 1235.86 1236.28 1236.69 1237.11 1237.51 1237.91 1238.33 1238.77 1239.21 1239.64 1239.98 1240.31 1240.66 1241.05 1241.44 1241.84 1242.15 1242.47 1242.79 1243.14 1243.48 1243.83 1244.12 1244.4 1244.68 1244.97 1245.25 1245.54 1245.8 1246.06 1246.31 1246.55 1246.76 1246.98 1247.23 1247.52 1247.8 1248.04 1248.24 1248.45 1248.66 1248.91 1249.16 1249.4 1249.58 1249.77 1249.95 1250.14 1250.33 1250.53 1250.66 1250.81 1250.97 1251.14 1251.33 1250.59 1250.59 1250.6 1250.62 1250.64 1250.7 1250.82 1250.6 1250.59 1250.63 1250.7 1250.8 1250.94 1250.98 1250.82 1250.67 1250.52 1250.38 1250.27 1250.2 1250.11 1249.35 1249.21 1249.04 1248.94 1248.91 1249.16 1248.96 1248.74 1248.54 1248.35 1248.17 1248 1247.84 1247.69 1247.63 1247.26 1247.27 1247.86 1247.63 1247.34 1247 1246.69 1246.33 1245.93 1245.64 1245.38 1245.13 1245.07 1244.9 1244.79 1244.68 1244.63 1244.6 1244.56 1244.48 1244.48 1244.54 1244.57 1243.88 1243.89 1244.26 1244.03 1243.8 1243.53 1243.23 1242.94 1242.67 1242.43 1241.85 1241.88 1241.52 1241.18 1240.86 1240.48 1240.15 1239.89 1239.69 1238.72 1238.56 1238.6 1238.15 1237.73 1237.36 1236.96 1236.61 1235.94 1235.58 1234.79 1234.14 1233.52 1232.73 1232.08 1231.58 1229.79 1229.43 1229.08 1228.6 1228.09 1227.7 1227.41 1226.66 1226.48 1226.41 1225.96 1225.71 1225.61 1225.61 1225.65 1225.18 1225.27 1224.98 1224.68 1224.47 1224.28 1223.71 1223.56 1223.25 1222.32 1221.76 1221.4 1221.26 1220.77 1220.87 1220.65 1219.17 1218.58 1218.17 1217.78 1217.28 1216.13 1216.13 1215.2 1214.68 1214.13 1213.64 1212.78 1212.04 1211.41 1210.81 1209.93 1209.41 1208.37 1207.28 1206.45 1205.93 1205.04 1203.32 1201.72 1200.31 1199.17 1198.1 1197.48 1196.9 1194.72 1193.81 1193.09 1192.97 1191.9 1191.26 1190.66 1190.06 1189.43 1188.87 1188.06 1186.65 1185.8 1185.38 1184.7 1183.29 1182.47 1181.77 1181.59 1180.43 1179.66 1178.94 1178.26 1177.97 1177.32 1176.69 1175.78 1174.6 1174.27 1173.69 1172.83 1171.53 1170.8 1170.57 1169.88 1168.46 1167.77 1167.22 1167.12 1165.87 1165.16 1164.6 1164.52 1163.44 1162.68 1162.06 1161.55 1160.93 1160.09 1159.4 1158.83 1158.39 1157.69 1157.13 1156.68 1156.35 1155.22 1153.58 1151.74 1149.76 1147.79 1146.25 1144.92 1143.85 1143.01 1142.23 1141.41 1140.62 1139.83 1138.76 1137.57 1136.47 1135.43 1135 1133.09 1131.95 1130.9 1130.72 1128.72 1127.62 1126.62 1126.78 1125.82 1123.82 1122.96 1123.33 1122.73 1122.26 1121.17 1121.76 1121.56 1122.11 1121.4 1121.11 1114.9 1109.79 1105.62 1106.47 1101.58 1100.44 1099.46 1101.59 1100.65 1098.39 1097.78 1098.86 1098.12 1097.24 1095.11 1094.27 1093.43 1092.64 1092.98 1090.97 1089.91 1088.85 1088.81 1087.46 1085.81 1082.97 1081.22 1079.44 1077.79 1076.3 1075.34 1074.45 1073.57 1073.98 1073.04 1072.29 1070.65 1070.3 1070.2 1070.19 1070.28 1070.78 1072.15 1071.77 1068.09 1064.91 1058.22 1053.31 1046.6 1044.27 1042.23 1043.44 1042.33 1041.55 1039.18 1038.21 1037.11 1036.04 1036.71 1035.21 1033.53 1030.09 1028.76 1027.67 1026.68 1027.75 1026.84 1024.55 1023.72 1022.72 1021.68 1020.69 1021.47 1020 1018.41 1014.92 1013.59 1012.38 1011.23 1012.34 1011.28 1010.25 1007.82 1006.3 1004.77 1003.28 1001.01 998.638 996.273 995.926 991.868 989.688 987.601 986.125 984.694 983.353 984.593 985.263 984.118 984.551 984.725 984.919 985.154 985.355 985.413 985.327 985.578 981.111 978.617 975.561 972.238 969.021 966.365 964.564 962.823 963.127 961.726 958.741 957.443 955.894 954.37 952.935 951.88 950.97 950.04 951.06 949.911 948.81 945.684 943.404 941.18 939.167 937.793 936.431 935.034 933.214 931.386 929.64 930.729 929.398 925.869 924.513 923.142 921.823 920.386 918.834 917.283 915.846 914.569 913.321 914.674 913.357 911.999 910.659 908.583 903.855 901.434 899.551 897.712 895.891 893.854 891.791 889.707 888.005 886.489 884.968 883.069 880.866 878.678 879.698 878.146 876.606 874.997 873.386 871.748 870.162 865.052 862.554 860.079 858.259 856.399 854.561 852.616 850.695 848.739 847.196 845.685 844.178 842.442 840.666 838.859 837.262 835.729 834.207 832.525 830.771 828.99 827.364 825.852 824.352 822.808 821.273 819.71 818.107 816.32 814.56 812.819 811.285 809.715 808.151 806.49 804.848 803.183 801.768 800.322 798.892 797.293 795.705 794.082 792.661 791.235 789.824 788.212 786.572 784.895 783.162 781.354 779.556 777.814 776.155 774.462 772.738 770.927 769.13 767.377 765.754 764.101 762.433 760.653 758.887 757.125 755.52 753.885 752.251 750.461 748.682 746.864 745.174 743.45 741.749 740.222 738.73 740.722 739.01 737.242 735.501 734.068 732.71 731.333 728.144 726.443 724.629 722.769 720.961 719.043 717.081 715.028 712.949 710.82 708.803 706.732 704.701 702.777 705.023 703.131 701.566 700.01 698.532 695.075 693.324 691.368 689.415 687.353 685.199 682.878 680.507 678.019 676.276 679.692 678.838 675.746 674.533 672.888 670.879 668.875 666.723 664.349 662.008 659.578 657.122 661.485 659.468 657.449 652.249 650.224 647.835 645.149 642.635 639.871 636.973 634.583 638.205 635.794 629.441 627.356 624.975 622.587 620.33 617.894 615.508 613.34 616.517 610.637 609.171 607.378 605.313 603.458 601.721 599.912 598.201 600.476 598.845 594.924 593.364 591.449 589.237 587.375 585.477 587.556 582.297 580.865 579.093 577.046 575.331 573.483 571.56 574.695 573.073 571.405 568.197 566.74 564.968 562.877 564.876 563.27 561.675 558.07 556.502 554.528 552.429 550.82 553.007 551.421 547.274 545.416 543.123 540.692 543.33 541.397 539.574 536.868 535.561 533.824 532.196 534.504 533.723 532.798 527.279 524.516 521.194 523.63 521.292 524.822 517.921 513.304 510.843 511.545 505.54 503.68 501.178 497.949 495.007 498.597 496.37 494.653 491.002 488.917 486.217 483.959 482.903 481.282 479.147 477.04 479.465 477.791 476.22 471.677 469.306 466.313 467.729 461.829 459.555 456.539 453.23 456.442 454.139 452.63 448.629 446.589 447.237 444.893 440.877 439.369 437.302 438.511 433.299 431.589 429.091 425.721 428.793 426.695 430.347 424.378 419.755 420.922 418.416 417.174 413.259 411.399 412 410.146 406.327 404.762 402.686 403.996 399.475 398.016 395.979 397.391 392.271 391.218 389.518 387.113 385.352 384.753 383.492 381.528 378.983 378.058 376.627 374.641 372.165 370.793 369.679 367.995 365.794 363.76 362.753 361.158 359.027 356.288 355.274 353.766 351.718 349.063 348.112 347.68 346.485 344.49 346.91 342.143 341.171 339.53 341.282 336.603 335.808 334.427 335.684 334.487 330.072 328.713 330.08 328.065 327.408 322.748 324.369 327.017 321.317 320.432 316.132 314.883 313.217 311.081 312.725 307.653 306.351 304.639 306.447 305.416 300.908 299.554 300.769 299.536 298.971 294.672 293.644 292.262 290.489 291.815 286.49 285.224 283.58 285.046 283.844 283.325 279.002 277.891 276.562 274.806 272.682 270.475 268.785 266.792 268.222 267.423 267.66 262.413 261.743 260.695 259.121 256.974 258.912 252.993 251.519 253.97 257.327 251.994 251.146 246.711 245.551 244.013 244.553 243.389 242.894 238.876 237.948 236.657 235.034 235.158 234.176 233.379 229.264 227.953 226.311 224.363 224.868 223.93 219.81 219.088 217.925 216.435 214.722 215.509 214.831 214.273 210.015 208.449 206.319 203.612 218.736 443.332 674.165 872.299 975.246 1055.57 1110.87 1134.37 1151.22 1166.29 1183.53 1180.98 1187.71 1192.72 1190.97 1187.8 1183.34 1179.55 1167.09 1149.53 1139.3 1131.47 1124.09 1118.07 1116.24 1114.58 1113.13 1111.54 1106.96 1103.74 1100 1095.89 1091.78 1084.71 1073.81 1062.4 1055.46 1041.42 1019 1004.13 985.063 965.259 945.555 934.035 925.762 917.261 912.06 909.221 906.489 904.907 905.183 905.567 906.382 909.75 913.021 916.305 920.037 923.856 927.605 929.978 934.392 940.662 944.212 947.2 950.145 953.075 955.908 958.843 961.209 962.125 963.122 963.345 963.103 962.828 962.634 962.246 965.429 964.811 964.813 965.008 965.295 965.999 966.901 967.897 969.379 971.246 973.135 974.96 976.624 978.342 979.43 979.994 980.534 981.017 980.726 980.419 980.109 978.73 977.146 975.516 973.361 971.172 969.017 967.145 965.332 963.494 961.982 960.512 959.071 957.963 957.002 956.03 955.179 954.376 953.589 952.749 951.889 951.014 950.109 949.138 948.185 947 945.485 943.948 942.34 940.458 938.607 936.63 934.345 932.024 929.77 927.679 925.622 923.539 921.664 
        </DataArray>
        <DataArray type="Float64" Name="Tau1" format="ascii">
0 0 0 0 0 0 0 0 0 0 0 0 0 0 0 0 0 0 0 0 0 0 0 0 0 0 0 0 0 0 0 0 0 0 0 0 0 0 0 0 0 0 0 0 0 0 0 0 0 0 0 0 0 0 0 0 0 0 0 0 0 0 0 0 0 0 0 0 0 0 0 0 0 0 0 0 0 0 0 0 0 0 0 0 0 0 0 0 0 0 0 0 0 0 0 0 0 0 0 0 0 0 0 0 0 0 0 0 0 0 0 0 0 0 0 0 0 0 0 0 0 0 0 0 0 0 0 0 0 0 0 0 0 0 0 0 0 0 0 0 0 0 0 0 0 0 0 0 0 0 0 0 0 0 0 0 0 0 0 0 0 0 0 0 0 0 0 0 0 0 0 0 0 0 0 0 0 0 0 0 0 0 0 0 0 0 0 0 0 0 0 0 0 0 0 0 0 0 0 0 0 0 0 0 0 0 0 0 0 0 0 0 0 0 0 0 0 0 0 0 0 0 0 0 0 0 0 0 0 0 0 0 0 0 0 0 0 0 0 0 0 0 0 0 0 0 0 0 0 0 0 0 0 0 0 0 0 0 0 0 0 0 0 0 0 0 0 0 0 0 0 0 0 0 0 0 0 0 0 0 0 0 0 0 0 0 0 0 0 0 0 0 0 0 0 0 0 0 0 0 0 0 0 0 0 0 0 0 0 0 0 0 0 0 0 0 0 0 0 0 0 0 0 0 0 0 0 0 0 0 0 0 0 0 0 0 0 0 0 0 0 0 0 0 0 0 0 0 0 0 0 0 0 0 0 0 0 0 0 0 0 0 0 0 0 0 0 0 0 0 0 0 0 0 0 0 0 0 0 0 0 0 0 0 0 0 0 0 0 0 0 0 0 0 0 0 0 0 0 0 0 0 0 0 0 0 0 0 0 0 0 0 0 0 0 0 0 0 0 0 0 0 0 0 0 0 0 0 0 0 0 0 0 0 0 0 0 0 0 0 0 0 0 0 0 0 0 0 0 0 0 0 0 0 0 0 0 0 0 0 0 0 0 0 0 0 0 0 0 0 0 0 0 0 0 0 0 0 0 0 0 0 0 0 0 0 0 0 0 0 0 0 0 0 0 0 0 0 0 0 0 0 0 0 0 0 0 0 0 0 0 0 0 0 0 0 0 0 0 0 0 0 0 0 0 0 0 0 0 0 0 0 0 0 0 0 0 0 0 0 0 0 0 0 0 0 0 0 0 0 0 0 0 0 0 0 0 0 0 0 0 0 0 0 0 0 0 0 0 0 0 0 0 0 0 0 0 0 0 0 0 0 0 0 0 0 0 0 0 0 0 0 0 0 0 0 0 0 0 0 0 0 0 0 0 0 0 0 0 0 0 0 0 0 0 0 0 0 0 0 0 0 0 0 0 0 0 0 0 0 0 0 0 0 0 0 0 0 0 0 0 0 0 0 0 0 0 0 0 0 0 0 0 0 0 0 0 0 0 0 0 0 0 0 0 0 0 0 0 0 0 0 0 0 0 0 0 0 0 0 0 0 0 0 0 0 0 0 0 0 0 0 0 0 0 0 0 0 0 0 0 0 0 0 0 0 0 0 0 0 0 0 0 0 0 0 0 0 0 0 0 0 0 0 0 0 0 0 0 0 0 0 0 0 0 0 0 0 0 0 0 0 0 0 0 0 0 0 0 0 0 0 0 0 0 0 0 0 0 0 0 0 0 0 0 0 0 0 0 0 0 0 0 0 0 0 0 0 0 0 0 0 0 0 0 0 0 0 0 0 0 0 0 0 0 0 0 0 0 0 0 0 0 0 0 0 0 0 0 0 0 0 0 0 0 0 0 0 0 0 0 0 0 0 0 0 0 0 0 0 0 0 0 0 0 0 0 0 0 0 0 0 0 0 0 0 0 0 0 0 0 0 0 0 0 0 0 0 0 0 0 0 0 0 0 0 0 0 0 0 0 0 0 0 0 0 0 0 0 0 0 0 0 0 0 0 0 0 0 0 0 0 0 0 0 0 0 0 0 0 0 0 0 0 0 0 0 0 0 0 0 0 0 0 0 0 0 0 0 0 0 0 0 0 0 0 0 0 0 0 0 0 0 0 0 0 0 0 0 0 0 0 0 0 0 0 0 0 0 0 0 0 0 0 0 0 0 0 0 0 0 0 0 0 0 0 0 0 0 0 0 0 0 0 0 0 0 0 0 0 0 0 0 0 0 0 0 0 0 0 0 0 0 0 0 0 0 0 0 0 0 0 0 0 0 0 0 0 0 0 0 0 0 0 0 0 0 0 0 0 0 0 0 0 0 0 0 0 0 0 0 0 0 0 0 0 0 0 0 0 0 0 0 0 0 0 0 0 0 0 0 0 0 0 0 0 0 0 0 0 0 0 0 0 0 0 0 0 0 0 0 0 0 0 0 0 0 0 0 0 0 0 0 0 0 0 0 0 0 0 0 0 0 0 0 0 0 0 0 0 0 0 0 0 0 0 0 0 0 0 0 0 0 0 0 0 0 0 0 0 0 0 0 0 0 0 0 0 0 0 0 0 0 0 0 0 0 0 0 0 0 0 0 0 0 0 0 0 0 0 0 0 0 0 0 0 0 0 0 0 0 0 0 0 0 0 0 0 0 0 0 0 0 0 0 0 0 0 0 0 0 0 0 0 0 0 0 0 0 0 0 0 0 0 0 0 0 0 0 0 0 0 0 0 0 0 0 0 0 0 0 0 0 0 0 0 0 0 0 0 0 0 0 0 0 0 0 0 0 0 0 0 0 0 0 0 0 0 0 0 0 0 0 0 0 0 0 0 0 0 0 0 0 0 0 0 0 0 0 0 0 0 0 0 0 0 0 0 0 0 0 0 0 0 0 0 0 0 0 0 0 0 0 0 0 0 0 0 0 0 0 0 0 0 0 0 0 0 0 0 0 0 0 0 0 0 0 0 0 0 0 0 0 0 0 0 0 0 0 0 0 0 0 0 0 0 0 0 0 0 0 0 0 0 0 0 0 0 0 0 0 0 0 0 0 0 0 0 0 0 0 0 0 0 0 0 0 0 0 0 0 0 0 0 0 0 0 0 0 0 0 0 0 0 0 0 0 0 0 0 0 0 0 0 0 0 0 0 0 0 0 0 0 0 0 0 0 0 0 0 0 0 0 0 0 0 0 0 0 0 0 0 0 0 0 0 0 0 0 0 0 0 0 0 0 0 0 0 0 0 0 0 0 0 0 0 0 0 0 0 0 0 0 0 0 0 0 0 0 0 0 0 0 0 0 0 0 0 0 0 0 0 0 0 0 0 0 0 0 0 0 0 0 0 0 0 0 0 0 0 0 0 0 0 0 0 0 0 0 0 0 0 0 0 0 0 0 0 0 0 0 0 0 0 0 0 0 0 0 0 0 0 0 0 0 0 0 0 0 0 0 0 0 0 0 0 0 0 0 0 0 0 0 0 0 0 0 0 0 0 0 0 0 0 0 0 0 0 0 0 0 0 0 0 0 0 0 0 0 0 0 0 0 0 0 0 0 0 0 0 0 0 0 0 0 0 0 0 0 0 0 0 0 0 0 0 0 0 0 0 0 0 0 0 0 0 0 0 0 0 0 0 0 0 0 0 0 0 0 0 0 0 0 0 0 0 0 0 0 0 0 0 0 0 0 0 0 0 0 0 0 0 0 0 0 0 0 0 0 0 0 0 0 0 0 0 0 0 0 0 0 0 0 0 0 0 0 0 0 0 0 0 0 0 0 0 0 0 0 0 0 0 0 0 0 0 0 0 0 0 0 0 0 0 0 0 0 0 0 0 0 0 0 0 0 0 0 0 0 0 0 0 0 0 0 0 0 0 0 0 0 0 0 0 0 0 0 0 0 0 0 0 0 0 0 0 0 0 0 0 0 0 0 0 0 0 0 0 0 0 0 0 0 0 0 0 0 0 0 0 0 0 0 0 0 0 0 0 0 0 0 0 0 0 0 0 0 0 0 0 0 0 0 0 0 0 0 0 0 0 0 0 0 0 0 0 0 0 0 0 0 0 0 0 0 0 0 0 0 0 0 0 0 0 0 0 0 0 0 0 0 0 0 0 0 0 0 0 0 0 0 0 0 0 0 0 0 0 0 0 0 0 0 0 0 0 0 0 0 0 0 0 0 0 0 0 0 0 0 0 0 0 0 0 0 0 0 0 0 0 0 0 0 0 0 0 0 0 0 0 0 0 0 0 0 0 0 0 0 0 0 0 0 0 0 0 0 0 0 0 0 0 0 0 0 0 0 0 0 0 0 0 0 0 0 0 0 0 0 0 0 0 0 0 0 0 0 0 0 0 0 0 0 0 0 0 0 0 0 0 0 0 0 0 0 0 0 0 0 0 0 0 0 0 0 0 0 0 0 0 0 0 0 0 0 0 0 0 0 0 0 0 0 0 0 0 0 0 0 0 0 0 0 0 0 0 0 0 0 0 0 0 0 0 0 0 0 0 0 0 0 0 0 0 0 0 0 0 0 0 
        </DataArray>
        <DataArray type="Float64" Name="Tau2" format="ascii">
0 0 0 0 0 0 0 0 0 0 0 0 0 0 0 0 0 0 0 0 0 0 0 0 0 0 0 0 0 0 0 0 0 0 0 0 0 0 0 0 0 0 0 0 0 0 0 0 0 0 0 0 0 0 0 0 0 0 0 0 0 0 0 0 0 0 0 0 0 0 0 0 0 0 0 0 0 0 0 0 0 0 0 0 0 0 0 0 0 0 0 0 0 0 0 0 0 0 0 0 0 0 0 0 0 0 0 0 0 0 0 0 0 0 0 0 0 0 0 0 0 0 0 0 0 0 0 0 0 0 0 0 0 0 0 0 0 0 0 0 0 0 0 0 0 0 0 0 0 0 0 0 0 0 0 0 0 0 0 0 0 0 0 0 0 0 0 0 0 0 0 0 0 0 0 0 0 0 0 0 0 0 0 0 0 0 0 0 0 0 0 0 0 0 0 0 0 0 0 0 0 0 0 0 0 0 0 0 0 0 0 0 0 0 0 0 0 0 0 0 0 0 0 0 0 0 0 0 0 0 0 0 0 0 0 0 0 0 0 0 0 0 0 0 0 0 0 0 0 0 0 0 0 0 0 0 0 0 0 0 0 0 0 0 0 0 0 0 0 0 0 0 0 0 0 0 0 0 0 0 0 0 0 0 0 0 0 0 0 0 0 0 0 0 0 0 0 0 0 0 0 0 0 0 0 0 0 0 0 0 0 0 0 0 0 0 0 0 0 0 0 0 0 0 0 0 0 0 0 0 0 0 0 0 0 0 0 0 0 0 0 0 0 0 0 0 0 0 0 0 0 0 0 0 0 0 0 0 0 0 0 0 0 0 0 0 0 0 0 0 0 0 0 0 0 0 0 0 0 0 0 0 0 0 0 0 0 0 0 0 0 0 0 0 0 0 0 0 0 0 0 0 0 0 0 0 0 0 0 0 0 0 0 0 0 0 0 0 0 0 0 0 0 0 0 0 0 0 0 0 0 0 0 0 0 0 0 0 0 0 0 0 0 0 0 0 0 0 0 0 0 0 0 0 0 0 0 0 0 0 0 0 0 0 0 0 0 0 0 0 0 0 0 0 0 0 0 0 0 0 0 0 0 0 0 0 0 0 0 0 0 0 0 0 0 0 0 0 0 0 0 0 0 0 0 0 0 0 0 0 0 0 0 0 0 0 0 0 0 0 0 0 0 0 0 0 0 0 0 0 0 0 0 0 0 0 0 0 0 0 0 0 0 0 0 0 0 0 0 0 0 0 0 0 0 0 0 0 0 0 0 0 0 0 0 0 0 0 0 0 0 0 0 0 0 0 0 0 0 0 0 0 0 0 0 0 0 0 0 0 0 0 0 0 0 0 0 0 0 0 0 0 0 0 0 0 0 0 0 0 0 0 0 0 0 0 0 0 0 0 0 0 0 0 0 0 0 0 0 0 0 0 0 0 0 0 0 0 0 0 0 0 0 0 0 0 0 0 0 0 0 0 0 0 0 0 0 0 0 0 0 0 0 0 0 0 0 0 0 0 0 0 0 0 0 0 0 0 0 0 0 0 0 0 0 0 0 0 0 0 0 0 0 0 0 0 0 0 0 0 0 0 0 0 0 0 0 0 0 0 0 0 0 0 0 0 0 0 0 0 0 0 0 0 0 0 0 0 0 0 0 0 0 0 0 0 0 0 0 0 0 0 0 0 0 0 0 0 0 0 0 0 0 0 0 0 0 0 0 0 0 0 0 0 0 0 0 0 0 0 0 0 0 0 0 0 0 0 0 0 0 0 0 0 0 0 0 0 0 0 0 0 0 0 0 0 0 0 0 0 0 0 0 0 0 0 0 0 0 0 0 0 0 0 0 0 0 0 0 0 0 0 0 0 0 0 0 0 0 0 0 0 0 0 0 0 0 0 0 0 0 0 0 0 0 0 0 0 0 0 0 0 0 0 0 0 0 0 0 0 0 0 0 0 0 0 0 0 0 0 0 0 0 0 0 0 0 0 0 0 0 0 0 0 0 0 0 0 0 0 0 0 0 0 0 0 0 0 0 0 0 0 0 0 0 0 0 0 0 0 0 0 0 0 0 0 0 0 0 0 0 0 0 0 0 0 0 0 0 0 0 0 0 0 0 0 0 0 0 0 0 0 0 0 0 0 0 0 0 0 0 0 0 0 0 0 0 0 0 0 0 0 0 0 0 0 0 0 0 0 0 0 0 0 0 0 0 0 0 0 0 0 0 0 0 0 0 0 0 0 0 0 0 0 0 0 0 0 0 0 0 0 0 0 0 0 0 0 0 0 0 0 0 0 0 0 0 0 0 0 0 0 0 0 0 0 0 0 0 0 0 0 0 0 0 0 0 0 0 0 0 0 0 0 0 0 0 0 0 0 0 0 0 0 0 0 0 0 0 0 0 0 0 0 0 0 0 0 0 0 0 0 0 0 0 0 0 0 0 0 0 0 0 0 0 0 0 0 0 0 0 0 0 0 0 0 0 0 0 0 0 0 0 0 0 0 0 0 0 0 0 0 0 0 0 0 0 0 0 0 0 0 0 0 0 0 0 0 0 0 0 0 0 0 0 0 0 0 0 0 0 0 0 0 0 0 0 0 0 0 0 0 0 0 0 0 0 0 0 0 0 0 0 0 0 0 0 0 0 0 0 0 0 0 0 0 0 0 0 0 0 0 0 0 0 0 0 0 0 0 0 0 0 0 0 0 0 0 0 0 0 0 0 0 0 0 0 0 0 0 0 0 0 0 0 0 0 0 0 0 0 0 0 0 0 0 0 0 0 0 0 0 0 0 0 0 0 0 0 0 0 0 0 0 0 0 0 0 0 0 0 0 0 0 0 0 0 0 0 0 0 0 0 0 0 0 0 0 0 0 0 0 0 0 0 0 0 0 0 0 0 0 0 0 0 0 0 0 0 0 0 0 0 0 0 0 0 0 0 0 0 0 0 0 0 0 0 0 0 0 0 0 0 0 0 0 0 0 0 0 0 0 0 0 0 0 0 0 0 0 0 0 0 0 0 0 0 0 0 0 0 0 0 0 0 0 0 0 0 0 0 0 0 0 0 0 0 0 0 0 0 0 0 0 0 0 0 0 0 0 0 0 0 0 0 0 0 0 0 0 0 0 0 0 0 0 0 0 0 0 0 0 0 0 0 0 0 0 0 0 0 0 0 0 0 0 0 0 0 0 0 0 0 0 0 0 0 0 0 0 0 0 0 0 0 0 0 0 0 0 0 0 0 0 0 0 0 0 0 0 0 0 0 0 0 0 0 0 0 0 0 0 0 0 0 0 0 0 0 0 0 0 0 0 0 0 0 0 0 0 0 0 0 0 0 0 0 0 0 0 0 0 0 0 0 0 0 0 0 0 0 0 0 0 0 0 0 0 0 0 0 0 0 0 0 0 0 0 0 0 0 0 0 0 0 0 0 0 0 0 0 0 0 0 0 0 0 0 0 0 0 0 0 0 0 0 0 0 0 0 0 0 0 0 0 0 0 0 0 0 0 0 0 0 0 0 0 0 0 0 0 0 0 0 0 0 0 0 0 0 0 0 0 0 0 0 0 0 0 0 0 0 0 0 0 0 0 0 0 0 0 0 0 0 0 0 0 0 0 0 0 0 0 0 0 0 0 0 0 0 0 0 0 0 0 0 0 0 0 0 0 0 0 0 0 0 0 0 0 0 0 0 0 0 0 0 0 0 0 0 0 0 0 0 0 0 0 0 0 0 0 0 0 0 0 0 0 0 0 0 0 0 0 0 0 0 0 0 0 0 0 0 0 0 0 0 0 0 0 0 0 0 0 0 0 0 0 0 0 0 0 0 0 0 0 0 0 0 0 0 0 0 0 0 0 0 0 0 0 0 0 0 0 0 0 0 0 0 0 0 0 0 0 0 0 0 0 0 0 0 0 0 0 0 0 0 0 0 0 0 0 0 0 0 0 0 0 0 0 0 0 0 0 0 0 0 0 0 0 0 0 0 0 0 0 0 0 0 0 0 0 0 0 0 0 0 0 0 0 0 0 0 0 0 0 0 0 0 0 0 0 0 0 0 0 0 0 0 0 0 0 0 0 0 0 0 0 0 0 0 0 0 0 0 0 0 0 0 0 0 0 0 0 0 0 0 0 0 0 0 0 0 0 0 0 0 0 0 0 0 0 0 0 0 0 0 0 0 0 0 0 0 0 0 0 0 0 0 0 0 0 0 0 0 0 0 0 0 0 0 0 0 0 0 0 0 0 0 0 0 0 0 0 0 0 0 0 0 0 0 0 0 0 0 0 0 0 0 0 0 0 0 0 0 0 0 0 0 0 0 0 0 0 0 0 0 0 0 0 0 0 0 0 0 0 0 0 0 0 0 0 0 0 0 0 0 0 0 0 0 0 0 0 0 0 0 0 0 0 0 0 0 0 0 0 0 0 0 0 0 0 0 0 0 0 0 0 0 0 0 0 0 0 0 0 0 0 0 0 0 0 0 0 0 0 0 0 0 0 0 0 0 0 0 0 0 0 0 0 0 
        </DataArray>
        <DataArray type="Float64" Name="dTdn" format="ascii">
0 0 0 0 0 0 0 0 0 0 0 0 0 0 0 0 0 0 0 0 0 0 0 0 0 0 0 0 0 0 0 0 0 0 0 0 0 0 0 0 0 0 0 0 0 0 0 0 0 0 0 0 0 0 0 0 0 0 0 0 0 0 0 0 0 0 0 0 0 0 0 0 0 0 0 0 0 0 0 0 0 0 0 0 0 0 0 0 0 0 0 0 0 0 0 0 0 0 0 0 0 0 0 0 0 0 0 0 0 0 0 0 0 0 0 0 0 0 0 0 0 0 0 0 0 0 0 0 0 0 0 0 0 0 0 0 0 0 0 0 0 0 0 0 0 0 0 0 0 0 0 0 0 0 0 0 0 0 0 0 0 0 0 0 0 0 0 0 0 0 0 0 0 0 0 0 0 0 0 0 0 0 0 0 0 0 0 0 0 0 0 0 0 0 0 0 0 0 0 0 0 0 0 0 0 0 0 0 0 0 0 0 0 0 0 0 0 0 0 0 0 0 0 0 0 0 0 0 0 0 0 0 0 0 0 0 0 0 0 0 0 0 0 0 0 0 0 0 0 0 0 0 0 0 0 0 0 0 0 0 0 0 0 0 0 0 0 0 0 0 0 0 0 0 0 0 0 0 0 0 0 0 0 0 0 0 0 0 0 0 0 0 0 0 0 0 0 0 0 0 0 0 0 0 0 0 0 0 0 0 0 0 0 0 0 0 0 0 0 0 0 0 0 0 0 0 0 0 0 0 0 0 0 0 0 0 0 0 0 0 0 0 0 0 0 0 0 0 0 0 0 0 0 0 0 0 0 0 0 0 0 0 0 0 0 0 0 0 0 0 0 0 0 0 0 0 0 0 0 0 0 0 0 0 0 0 0 0 0 0 0 0 0 0 0 0 0 0 0 0 0 0 0 0 0 0 0 0 0 0 0 0 0 0 0 0 0 0 0 0 0 0 0 0 0 0 0 0 0 0 0 0 0 0 0 0 0 0 0 0 0 0 0 0 0 0 0 0 0 0 0 0 0 0 0 0 0 0 0 0 0 0 0 0 0 0 0 0 0 0 0 0 0 0 0 0 0 0 0 0 0 0 0 0 0 0 0 0 0 0 0 0 0 0 0 0 0 0 0 0 0 0 0 0 0 0 0 0 0 0 0 0 0 0 0 0 0 0 0 0 0 0 0 0 0 0 0 0 0 0 0 0 0 0 0 0 0 0 0 0 0 0 0 0 0 0 0 0 0 0 0 0 0 0 0 0 0 0 0 0 0 0 0 0 0 0 0 0 0 0 0 0 0 0 0 0 0 0 0 0 0 0 0 0 0 0 0 0 0 0 0 0 0 0 0 0 0 0 0 0 0 0 0 0 0 0 0 0 0 0 0 0 0 0 0 0 0 0 0 0 0 0 0 0 0 0 0 0 0 0 0 0 0 0 0 0 0 0 0 0 0 0 0 0 0 0 0 0 0 0 0 0 0 0 0 0 0 0 0 0 0 0 0 0 0 0 0 0 0 0 0 0 0 0 0 0 0 0 0 0 0 0 0 0 0 0 0 0 0 0 0 0 0 0 0 0 0 0 0 0 0 0 0 0 0 0 0 0 0 0 0 0 0 0 0 0 0 0 0 0 0 0 0 0 0 0 0 0 0 0 0 0 0 0 0 0 0 0 0 0 0 0 0 0 0 0 0 0 0 0 0 0 0 0 0 0 0 0 0 0 0 0 0 0 0 0 0 0 0 0 0 0 0 0 0 0 0 0 0 0 0 0 0 0 0 0 0 0 0 0 0 0 0 0 0 0 0 0 0 0 0 0 0 0 0 0 0 0 0 0 0 0 0 0 0 0 0 0 0 0 0 0 0 0 0 0 0 0 0 0 0 0 0 0 0 0 0 0 0 0 0 0 0 0 0 0 0 0 0 0 0 0 0 0 0 0 0 0 0 0 0 0 0 0 0 0 0 0 0 0 0 0 0 0 0 0 0 0 0 0 0 0 0 0 0 0 0 0 0 0 0 0 0 0 0 0 0 0 0 0 0 0 0 0 0 0 0 0 0 0 0 0 0 0 0 0 0 0 0 0 0 0 0 0 0 0 0 0 0 0 0 0 0 0 0 0 0 0 0 0 0 0 0 0 0 0 0 0 0 0 0 0 0 0 0 0 0 0 0 0 0 0 0 0 0 0 0 0 0 0 0 0 0 0 0 0 0 0 0 0 0 0 0 0 0 0 0 0 0 0 0 0 0 0 0 0 0 0 0 0 0 0 0 0 0 0 0 0 0 0 0 0 0 0 0 0 0 0 0 0 0 0 0 0 0 0 0 0 0 0 0 0 0 0 0 0 0 0 0 0 0 0 0 0 0 0 0 0 0 0 0 0 0 0 0 0 0 0 0 0 0 0 0 0 0 0 0 0 0 0 0 0 0 0 0 0 0 0 0 0 0 0 0 0 0 0 0 0 0 0 0 0 0 0 0 0 0 0 0 0 0 0 0 0 0 0 0 0 0 0 0 0 0 0 0 0 0 0 0 0 0 0 0 0 0 0 0 0 0 0 0 0 0 0 0 0 0 0 0 0 0 0 0 0 0 0 0 0 0 0 0 0 0 0 0 0 0 0 0 0 0 0 0 0 0 0 0 0 0 0 0 0 0 0 0 0 0 0 0 0 0 0 0 0 0 0 0 0 0 0 0 0 0 0 0 0 0 0 0 0 0 0 0 0 0 0 0 0 0 0 0 0 0 0 0 0 0 0 0 0 0 0 0 0 0 0 0 0 0 0 0 0 0 0 0 0 0 0 0 0 0 0 0 0 0 0 0 0 0 0 0 0 0 0 0 0 0 0 0 0 0 0 0 0 0 0 0 0 0 0 0 0 0 0 0 0 0 0 0 0 0 0 0 0 0 0 0 0 0 0 0 0 0 0 0 0 0 0 0 0 0 0 0 0 0 0 0 0 0 0 0 0 0 0 0 0 0 0 0 0 0 0 0 0 0 0 0 0 0 0 0 0 0 0 0 0 0 0 0 0 0 0 0 0 0 0 0 0 0 0 0 0 0 0 0 0 0 0 0 0 0 0 0 0 0 0 0 0 0 0 0 0 0 0 0 0 0 0 0 0 0 0 0 0 0 0 0 0 0 0 0 0 0 0 0 0 0 0 0 0 0 0 0 0 0 0 0 0 0 0 0 0 0 0 0 0 0 0 0 0 0 0 0 0 0 0 0 0 0 0 0 0 0 0 0 0 0 0 0 0 0 0 0 0 0 0 0 0 0 0 0 0 0 0 0 0 0 0 0 0 0 0 0 0 0 0 0 0 0 0 0 0 0 0 0 0 0 0 0 0 0 0 0 0 0 0 0 0 0 0 0 0 0 0 0 0 0 0 0 0 0 0 0 0 0 0 0 0 0 0 0 0 0 0 0 0 0 0 0 0 0 0 0 0 0 0 0 0 0 0 0 0 0 0 0 0 0 0 0 0 0 0 0 0 0 0 0 0 0 0 0 0 0 0 0 0 0 0 0 0 0 0 0 0 0 0 0 0 0 0 0 0 0 0 0 0 0 0 0 0 0 0 0 0 0 0 0 0 0 0 0 0 0 0 0 0 0 0 0 0 0 0 0 0 0 0 0 0 0 0 0 0 0 0 0 0 0 0 0 0 0 0 0 0 0 0 0 0 0 0 0 0 0 0 0 0 0 0 0 0 0 0 0 0 0 0 0 0 0 0 0 0 0 0 0 0 0 0 0 0 0 0 0 0 0 0 0 0 0 0 0 0 0 0 0 0 0 0 0 0 0 0 0 0 0 0 0 0 0 0 0 0 0 0 0 0 0 0 0 0 0 0 0 0 0 0 0 0 0 0 0 0 0 0 0 0 0 0 0 0 0 0 0 0 0 0 0 0 0 0 0 0 0 0 0 0 0 0 0 0 0 0 0 0 0 0 0 0 0 0 0 0 0 0 0 0 0 0 0 0 0 0 0 0 0 0 0 0 0 0 0 0 0 0 0 0 0 0 0 0 0 0 0 0 0 0 0 0 0 0 0 0 0 0 0 0 0 0 0 0 0 0 0 0 0 0 0 0 0 0 0 0 0 0 0 0 0 0 0 0 0 0 0 0 0 0 0 0 0 0 0 0 0 0 0 0 0 0 0 0 0 0 0 0 0 0 0 0 0 0 0 0 0 0 0 0 0 0 0 0 0 0 0 0 0 0 0 0 0 0 0 0 0 0 0 0 0 0 0 0 0 0 0 0 0 0 0 0 0 0 0 0 0 0 0 0 0 0 0 0 0 0 0 0 0 0 0 0 0 0 0 0 0 0 0 0 0 0 0 0 0 0 0 0 0 0 0 0 0 0 0 0 0 0 0 0 0 0 0 0 0 0 0 0 0 0 0 0 0 0 0 0 0 0 0 0 0 0 0 0 0 0 0 0 0 0 0 0 0 0 0 0 0 0 0 0 0 0 0 0 0 0 0 0 0 0 0 0 0 0 0 0 0 0 0 0 0 0 0 0 
        </DataArray>
        <DataArray type="Int32" Name="Rank" format="ascii">
1 1 1 1 1 1 1 1 1 1 1 1 1 1 1 1 1 1 1 1 1 1 1 1 1 1 1 1 1 1 1 1 1 1 1 1 1 1 1 1 1 1 1 1 1 1 1 1 1 1 1 1 1 1 1 1 1 1 1 1 1 1 1 1 1 1 1 1 1 1 1 1 1 1 1 1 1 1 1 1 1 1 1 1 1 1 1 1 1 1 1 1 1 1 1 1 1 1 1 1 1 1 1 1 1 1 1 1 1 1 1 1 1 1 1 1 1 1 1 1 1 1 1 1 1 1 1 1 1 1 1 1 1 1 1 1 1 1 1 1 1 1 1 1 1 1 1 1 1 1 1 1 1 1 1 1 1 1 1 1 1 1 1 1 1 1 1 1 1 1 1 1 1 1 1 1 1 1 1 1 1 1 1 1 1 1 1 1 1 1 1 1 1 1 1 1 1 1 1 1 1 1 1 1 1 1 1 1 1 1 1 1 1 1 1 1 1 1 1 1 1 1 1 1 1 1 1 1 1 1 1 1 1 1 1 1 1 1 1 1 1 1 1 1 1 1 1 1 1 1 1 1 1 1 1 1 1 1 1 1 1 1 1 1 1 1 1 1 1 1 1 1 1 1 1 1 1 1 1 1 1 1 1 1 1 1 1 1 1 1 1 1 1 1 1 1 1 1 1 1 1 1 1 1 1 1 1 1 1 1 1 1 1 1 1 1 1 1 1 1 1 1 1 1 1 1 1 1 1 1 1 1 1 1 1 1 1 1 1 1 1 1 1 1 1 1 1 1 1 1 1 1 1 1 1 1 1 1 1 1 1 1 1 1 1 1 1 1 1 1 1 1 1 1 1 1 1 1 1 1 1 1 1 1 1 1 1 1 1 1 1 1 1 1 1 1 1 1 1 1 1 1 1 1 1 1 1 1 1 1 1 1 1 1 1 1 1 1 1 1 1 1 1 1 1 1 1 1 1 1 1 1 1 1 1 1 1 1 1 1 1 1 1 1 1 1 1 1 1 1 1 1 1 1 1 1 1 1 1 1 1 1 1 1 1 1 1 1 1 1 1 1 1 1 1 1 1 1 1 1 1 1 1 1 1 1 1 1 1 1 1 1 1 1 1 1 1 1 1 1 1 1 1 1 1 1 1 1 1 1 1 1 1 1 1 1 1 1 1 1 1 1 1 1 1 1 1 1 1 1 1 1 1 1 1 1 1 1 1 1 1 1 1 1 1 1 1 1 1 1 1 1 1 1 1 1 1 1 1 1 1 1 1 1 1 1 1 1 1 1 1 1 1 1 1 1 1 1 1 1 1 1 1 1 1 1 1 1 1 1 1 1 1 1 1 1 1 1 1 1 1 1 1 1 1 1 1 1 1 1 1 1 1 1 1 1 1 1 1 1 1 1 1 1 1 1 1 1 1 1 1 1 1 1 1 1 1 1 1 1 1 1 1 1 1 1 1 1 1 1 1 1 1 1 1 1 1 1 1 1 1 1 1 1 1 1 1 1 1 1 1 1 1 1 1 1 1 1 1 1 1 1 1 1 1 1 1 1 1 1 1 1 1 1 1 1 1 1 1 1 1 1 1 1 1 1 1 1 1 1 1 1 1 1 1 1 1 1 1 1 1 1 1 1 1 1 1 1 1 1 1 1 1 1 1 1 1 1 1 1 1 1 1 1 1 1 1 1 1 1 1 1 1 1 1 1 1 1 1 1 1 1 1 1 1 1 1 1 1 1 1 1 1 1 1 1 1 1 1 1 1 1 1 1 1 1 1 1 1 1 1 1 1 1 1 1 1 1 1 1 1 1 1 1 1 1 1 1 1 1 1 1 1 1 1 1 1 1 1 1 1 1 1 1 1 1 1 1 1 1 1 1 1 1 1 1 1 1 1 1 1 1 1 1 1 1 1 1 1 1 1 1 1 1 1 1 1 1 1 1 1 1 1 1 1 1 1 1 1 1 1 1 1 1 1 1 1 1 1 1 1 1 1 1 1 1 1 1 1 1 1 1 1 1 1 1 1 1 1 1 1 1 1 1 1 1 1 1 1 1 1 1 1 1 1 1 1 1 1 1 1 1 1 1 1 1 1 1 1 1 1 1 1 1 1 1 1 1 1 1 1 1 1 1 1 1 1 1 1 1 1 1 1 1 1 1 1 1 1 1 1 1 1 1 1 1 1 1 1 1 1 1 1 1 1 8 8 8 8 8 8 8 8 8 8 8 8 8 8 8 8 8 8 8 8 8 8 8 8 8 8 8 8 8 8 8 8 8 8 8 8 8 8 8 8 8 8 8 8 8 8 8 8 8 8 8 8 8 8 8 8 8 8 8 8 8 8 8 8 8 8 8 8 8 8 8 8 8 8 8 8 8 8 8 8 8 8 8 8 8 8 8 8 8 8 8 8 8 8 8 8 8 8 8 8 8 8 8 8 8 8 8 8 8 8 8 8 8 8 8 8 8 8 8 8 8 8 8 8 8 8 8 8 8 8 8 8 8 8 8 8 8 8 8 8 8 8 8 8 8 8 8 8 8 8 8 8 8 8 8 8 8 8 8 8 8 8 8 8 8 8 8 8 8 8 8 8 8 8 8 8 8 8 8 8 8 8 8 8 8 8 8 8 8 8 8 8 8 8 8 8 8 8 8 8 8 8 8 8 8 8 8 8 8 8 8 8 8 8 8 8 8 8 8 8 8 8 8 8 8 8 8 8 8 8 8 8 8 8 8 8 8 8 8 8 8 8 8 8 8 8 8 8 8 8 8 8 8 8 8 8 8 8 8 8 8 8 8 8 8 8 8 8 8 8 8 8 8 8 8 8 8 8 8 8 8 8 8 8 8 8 8 8 8 8 8 8 8 8 8 8 8 8 8 8 8 8 8 8 8 8 8 8 8 8 8 8 8 8 8 8 8 8 8 8 8 8 8 8 8 8 8 8 8 8 8 8 8 8 8 8 8 8 8 8 8 8 8 8 8 8 8 8 8 8 8 8 8 8 8 8 8 8 8 8 8 8 8 8 8 8 8 8 8 8 8 8 8 8 8 8 8 8 8 8 8 8 8 8 8 8 8 8 8 8 8 8 8 8 8 8 8 8 8 8 8 8 8 8 8 8 8 8 8 8 8 8 8 8 8 8 8 8 8 8 8 8 8 8 8 8 8 8 8 8 8 8 8 8 8 8 8 8 8 8 8 8 8 8 8 8 8 8 8 8 8 8 8 8 8 8 8 8 8 8 8 8 8 8 8 8 8 8 8 8 8 8 8 8 8 8 8 8 8 8 8 8 8 8 8 8 8 8 8 8 8 8 8 8 8 8 8 8 8 8 8 8 8 8 8 8 8 8 8 8 8 8 8 8 8 8 8 8 8 8 8 8 8 8 8 8 8 8 8 8 8 8 8 8 8 8 8 8 8 8 8 8 8 8 8 8 8 8 8 8 1 1 1 1 1 1 1 1 1 1 1 1 1 1 1 1 1 1 1 1 1 1 1 1 1 1 1 1 1 1 1 1 1 1 1 1 1 1 1 1 1 1 1 1 1 1 1 1 1 1 1 1 1 1 1 1 1 1 1 1 1 1 1 1 1 1 1 1 1 1 1 1 1 1 1 1 1 1 1 1 1 1 1 1 1 1 1 1 1 1 1 1 1 1 1 1 1 1 1 1 1 1 1 1 1 1 1 1 1 1 1 1 1 1 1 1 1 1 1 1 1 1 1 1 1 1 1 1 1 1 1 1 1 1 1 1 1 1 1 1 1 1 1 1 1 1 1 1 1 1 1 1 1 1 1 1 1 1 1 1 1 1 1 1 1 1 1 1 1 1 1 1 1 1 1 1 1 1 1 1 1 1 1 1 1 1 1 1 1 1 1 1 1 1 1 1 1 1 1 1 1 1 1 1 1 1 1 1 1 1 1 1 1 1 1 1 1 1 1 1 1 1 1 1 1 1 1 1 1 1 1 1 1 1 1 1 1 1 1 1 1 1 1 1 1 1 1 1 1 1 1 1 1 1 1 1 1 1 1 1 1 1 1 1 1 1 1 1 1 1 1 1 1 1 1 1 1 1 1 1 1 1 1 1 1 1 1 1 1 1 1 1 1 1 1 1 1 1 1 1 1 1 1 1 1 1 1 1 1 1 1 1 1 1 1 1 1 1 1 1 1 1 1 1 1 1 1 1 1 1 1 1 1 1 1 1 1 1 1 1 1 1 1 1 1 1 1 1 1 1 1 1 1 1 1 1 1 1 1 1 1 1 1 1 1 1 1 1 1 1 1 1 1 1 1 1 1 1 1 1 1 1 1 1 1 1 1 1 1 1 1 1 1 1 1 1 1 1 1 1 1 1 1 1 1 1 1 1 1 1 1 1 1 1 1 1 1 1 1 1 1 1 1 1 1 1 1 1 1 1 1 1 1 1 1 1 1 1 1 1 1 1 1 1 1 1 1 1 1 1 1 1 1 1 1 1 1 1 1 1 1 1 1 1 1 1 1 1 1 1 1 1 1 1 1 
        </DataArray>
        <DataArray type="Int32" Name="Level" format="ascii">
4 4 4 4 4 4 4 4 4 4 4 4 4 4 4 4 4 4 4 4 4 4 4 4 4 4 4 4 4 4 4 4 4 4 4 4 4 4 4 4 4 4 4 4 4 4 4 4 4 4 4 4 4 4 4 4 4 4 4 4 4 4 4 4 4 4 4 4 4 4 4 4 4 4 4 4 4 4 4 4 4 4 4 4 4 4 4 4 4 4 4 4 4 4 4 4 4 4 4 4 4 4 4 4 4 4 4 4 4 4 4 4 4 4 4 4 4 4 4 4 4 4 4 4 4 4 4 4 4 4 4 4 4 4 4 4 4 4 4 4 4 4 4 4 4 4 4 4 4 4 4 4 4 4 4 4 4 4 4 4 4 4 4 4 4 4 4 4 4 4 4 4 4 4 4 4 4 4 4 4 4 4 4 4 4 4 4 4 4 4 4 4 4 4 4 4 4 4 4 4 4 4 4 4 4 4 4 4 4 4 4 4 4 4 4 4 4 4 4 4 4 4 4 4 4 4 4 4 4 4 4 4 4 4 4 4 4 4 4 4 4 4 4 4 4 4 4 4 3 3 3 3 4 4 4 4 4 4 4 4 4 4 4 4 4 4 4 4 4 4 4 4 4 4 4 4 4 4 4 4 4 4 4 4 4 4 4 4 4 4 4 4 4 4 4 4 4 4 4 4 4 4 4 4 4 4 4 4 4 4 4 4 4 4 4 4 4 4 4 4 4 4 4 4 4 4 4 4 4 4 4 4 4 4 4 4 4 4 4 4 4 4 4 4 4 4 4 4 4 4 4 4 4 4 4 4 4 4 4 4 4 4 4 4 4 4 4 4 4 4 4 4 4 4 4 4 4 4 4 4 4 4 4 4 4 4 4 3 3 3 3 3 3 3 3 3 3 3 3 4 4 4 4 4 4 4 4 4 4 4 4 4 4 4 4 4 4 4 4 4 4 4 4 4 4 4 4 4 4 4 4 4 4 4 4 4 4 4 4 4 4 4 4 4 4 4 4 4 4 4 4 4 4 4 4 4 4 4 4 4 4 4 4 4 4 4 4 4 4 4 4 4 4 4 4 4 4 4 4 4 4 4 4 4 4 4 4 4 4 4 4 4 4 4 4 4 4 4 4 4 4 4 4 4 4 4 4 4 4 4 4 4 4 4 4 4 4 4 4 4 4 4 4 4 4 4 4 4 4 4 4 4 4 4 4 4 4 4 4 4 4 4 4 4 4 4 4 4 4 4 4 4 4 4 4 4 4 4 4 4 4 4 4 4 4 4 4 4 4 4 4 4 4 4 4 4 4 4 4 4 4 4 4 4 4 4 4 4 4 4 4 4 4 4 4 4 4 4 4 4 4 4 4 4 4 4 4 4 4 4 4 4 4 4 4 4 4 4 4 4 4 4 4 4 4 4 4 4 4 4 4 4 4 4 4 4 4 4 4 4 4 4 4 4 4 4 4 4 4 4 4 4 4 4 4 4 4 4 4 4 4 4 4 4 4 4 4 4 4 4 4 4 4 4 4 4 4 4 4 4 4 4 4 4 4 4 4 4 4 4 4 4 4 4 4 4 4 4 4 4 4 4 4 4 4 4 4 4 4 4 4 4 4 4 4 4 4 4 4 4 4 4 4 4 4 4 4 4 4 4 4 4 4 4 4 4 4 4 4 4 4 4 4 4 4 4 4 4 4 4 4 4 4 4 4 4 4 4 4 4 4 4 4 4 4 4 4 4 4 4 4 4 4 4 4 4 4 4 4 4 4 4 4 4 4 4 4 4 4 4 4 4 4 4 4 4 4 4 4 4 4 4 4 4 4 4 4 4 4 4 4 4 4 4 4 4 4 4 4 4 4 4 4 4 4 4 4 4 4 4 4 4 4 4 4 4 4 4 4 4 4 4 4 4 4 4 4 4 4 4 4 4 4 4 4 4 4 4 4 4 4 4 4 4 4 4 4 4 4 4 4 4 4 4 4 4 4 4 4 4 4 4 4 4 4 4 4 4 4 4 4 4 4 4 4 4 4 4 4 4 4 4 4 4 4 4 4 4 4 4 4 4 4 4 4 4 4 4 4 4 4 4 4 4 4 4 4 4 4 4 4 4 4 4 4 4 4 4 4 4 4 4 4 4 4 4 4 4 4 4 4 4 4 4 4 4 4 4 4 4 4 4 4 4 4 4 4 4 4 4 4 4 4 4 4 4 4 4 4 4 4 4 4 4 4 4 4 4 4 4 4 4 4 4 4 4 4 4 4 4 4 4 4 4 4 4 4 4 4 4 4 4 4 4 4 4 4 4 4 4 4 4 4 4 4 4 4 4 4 4 4 4 4 4 4 4 4 4 4 4 4 4 4 4 4 4 4 4 4 4 4 4 4 4 4 4 4 4 4 4 4 4 4 4 4 4 4 4 4 4 4 4 4 4 4 4 4 4 4 4 4 4 4 4 4 4 4 4 4 4 4 4 4 4 4 4 4 4 4 4 4 4 4 4 4 4 4 4 4 4 4 4 4 4 4 4 4 4 4 4 4 4 4 4 4 4 4 4 4 4 4 4 4 4 4 4 4 4 4 4 4 4 4 4 4 4 4 4 4 4 4 4 4 4 4 4 4 4 4 4 4 4 4 4 4 4 4 4 4 4 4 4 4 4 4 4 4 4 4 4 4 4 4 4 4 4 4 4 4 4 4 4 4 4 4 4 4 4 4 4 4 4 4 4 4 4 4 4 4 4 4 4 4 4 4 4 4 4 4 4 4 4 4 4 4 4 4 4 4 4 4 4 4 4 4 4 4 4 4 4 4 4 4 4 4 4 4 4 4 4 4 4 4 4 4 4 4 4 4 4 4 4 4 4 4 4 4 4 4 4 4 4 4 4 4 4 4 4 4 4 4 4 4 4 4 4 4 4 4 4 4 4 4 4 4 4 4 4 4 4 4 4 4 4 4 4 4 4 4 4 4 4 4 4 4 4 4 4 4 4 4 4 4 4 4 4 4 4 4 4 4 4 4 4 4 4 4 4 4 4 4 4 4 4 4 4 4 4 4 4 4 4 4 4 4 4 4 4 4 4 4 4 4 4 4 4 4 4 4 4 4 4 4 4 4 4 4 4 4 4 4 4 4 4 4 4 4 4 4 4 4 4 4 4 4 4 4 4 4 4 4 4 4 4 4 4 4 4 4 4 4 4 4 4 4 4 4 4 4 4 4 4 4 4 4 4 4 4 4 4 4 4 4 4 4 4 4 4 4 4 4 4 4 4 4 4 4 4 4 4 4 4 4 4 4 4 4 4 4 4 4 4 4 4 4 4 4 4 4 4 4 4 4 4 4 4 4 4 4 4 4 4 4 4 4 4 4 4 4 4 4 4 4 4 4 4 4 4 4 4 4 4 4 4 4 4 4 4 4 4 4 4 4 4 4 4 4 4 4 4 4 4 4 4 4 4 4 4 4 4 4 4 4 4 4 4 4 4 4 4 4 4 4 4 4 4 4 4 4 4 4 4 4 4 4 4 4 4 4 4 4 4 4 4 4 4 4 4 4 4 4 4 4 4 4 4 4 4 4 4 4 4 4 4 4 4 4 4 4 4 4 4 4 4 4 4 4 4 4 4 4 4 4 4 4 4 4 4 4 4 4 4 4 4 4 4 4 4 4 4 4 4 4 4 4 4 4 4 4 4 4 4 4 4 4 4 4 4 4 4 4 4 4 4 4 4 4 4 4 4 4 4 4 4 4 4 4 4 4 4 4 4 4 4 4 4 4 4 4 4 4 4 4 4 4 4 4 4 4 4 4 4 4 4 4 4 4 4 4 4 4 4 4 4 4 4 4 4 4 4 4 4 4 4 4 4 4 4 4 4 4 4 4 4 4 4 4 4 4 4 4 4 4 4 4 4 4 4 4 4 4 4 4 4 4 4 4 4 4 4 4 4 4 4 4 4 4 4 4 4 4 4 4 4 4 4 4 4 4 4 4 4 4 4 4 4 4 4 4 4 4 4 4 4 4 4 4 4 4 4 4 4 4 4 4 4 4 4 4 4 4 4 4 4 4 4 4 4 4 4 4 4 4 4 4 4 4 4 4 4 4 4 4 4 4 4 4 4 4 4 4 4 4 4 4 4 4 4 4 4 4 4 4 4 4 4 4 4 4 4 4 4 4 4 4 4 4 4 4 4 4 4 4 4 4 4 4 4 4 4 4 4 4 4 4 4 4 4 4 4 4 4 4 4 4 4 4 4 4 4 4 4 4 4 4 4 4 4 4 4 4 4 4 4 4 4 4 4 4 4 4 4 4 4 4 4 4 4 4 4 4 4 4 4 4 4 4 4 4 4 4 4 4 4 4 4 4 4 4 4 4 4 4 4 4 4 4 4 4 4 4 4 4 4 4 4 4 4 4 4 4 4 4 4 4 4 4 4 4 4 4 4 4 4 4 4 4 4 4 4 4 4 4 4 4 4 4 4 4 4 4 4 4 4 4 4 4 4 4 4 4 4 4 4 4 4 4 4 4 4 
        </DataArray>
        <DataArray type="Int32" Name="N_Interp_IP0" format="ascii">
4 4 4 4 4 4 4 4 4 4 4 4 4 4 4 4 4 4 4 4 4 4 4 4 4 4 4 4 4 4 4 4 4 4 4 4 4 4 4 4 4 4 4 4 4 4 4 4 4 4 4 4 4 4 4 4 4 4 4 4 4 4 4 4 4 4 4 4 4 4 4 4 4 4 4 4 4 4 4 4 4 4 4 4 4 4 4 4 4 4 4 4 4 4 4 4 4 4 4 4 4 4 4 4 4 4 4 4 4 4 4 4 4 4 4 4 4 4 4 4 4 4 4 4 4 4 4 4 4 4 4 4 4 4 4 4 4 4 4 4 4 4 4 4 4 4 4 4 4 4 4 4 4 4 4 4 4 4 4 4 4 4 4 4 4 4 4 4 4 4 4 4 4 4 4 4 4 4 4 4 4 4 4 4 4 4 4 4 4 4 4 4 4 4 4 4 4 4 4 4 4 4 4 4 4 4 4 4 4 4 4 4 4 4 4 4 4 4 4 4 4 4 4 4 4 4 4 4 4 4 4 4 4 4 4 4 4 4 4 4 4 4 4 4 4 4 4 4 4 4 4 4 4 4 4 4 4 4 4 4 4 4 4 4 4 4 4 4 4 4 4 4 4 4 4 4 4 4 4 4 4 4 4 4 4 4 4 4 4 4 4 4 4 4 4 4 4 4 4 4 4 4 4 4 4 4 4 4 4 4 4 4 4 4 4 4 4 4 4 4 4 4 4 4 4 4 4 4 4 4 4 4 4 4 4 4 4 4 4 4 4 4 4 4 4 4 4 4 4 4 4 4 4 4 4 4 4 4 4 4 4 4 4 4 4 4 4 4 4 4 4 4 4 4 4 4 4 4 4 4 4 4 4 4 4 4 4 4 4 4 4 4 4 4 4 4 4 4 4 4 4 4 4 4 4 4 4 4 4 4 4 4 4 4 4 4 4 4 4 4 4 4 4 4 4 4 4 4 4 4 4 4 4 4 4 4 4 4 4 4 4 4 4 4 4 4 4 4 4 4 4 4 4 4 4 4 4 4 4 4 4 4 4 4 4 4 4 4 4 4 4 4 4 4 4 4 4 4 4 4 4 4 4 4 4 4 4 4 4 4 4 4 4 4 4 4 4 4 4 4 4 4 4 4 4 4 4 4 4 4 4 4 4 4 4 4 4 4 4 4 4 4 4 4 4 4 4 4 4 4 4 4 4 4 4 4 4 4 4 4 4 4 4 4 4 4 4 4 4 4 4 4 4 4 4 4 4 4 4 4 4 4 4 4 4 4 4 4 4 4 4 4 4 4 4 4 4 4 4 4 4 4 4 4 4 4 4 4 4 4 4 4 4 4 4 4 4 4 4 4 4 4 4 4 4 4 4 4 4 4 4 4 4 4 4 4 4 4 4 4 4 4 4 4 4 4 4 4 4 4 4 4 4 4 4 4 4 4 4 4 4 4 4 4 4 4 4 4 4 4 4 4 4 4 4 4 4 4 4 4 4 4 4 4 4 4 4 4 4 4 4 4 4 4 4 4 4 4 4 4 4 4 4 4 4 4 4 4 4 4 4 4 4 4 4 4 4 4 4 4 4 4 4 4 4 4 4 4 4 4 4 4 4 4 4 4 4 4 4 4 4 4 4 4 4 4 4 4 4 4 4 4 4 4 4 4 4 4 4 4 4 4 4 4 4 4 4 4 4 4 4 4 4 4 4 4 4 4 4 4 4 4 4 4 4 4 4 4 4 4 4 4 4 4 4 4 4 4 4 4 4 4 4 4 4 4 4 4 4 4 4 4 4 4 4 4 4 4 4 4 4 4 4 4 4 4 4 4 4 4 4 4 4 4 4 4 4 4 4 4 4 4 4 4 4 4 4 4 4 4 4 4 4 4 4 4 4 4 4 4 4 4 4 4 4 4 4 4 4 4 4 4 4 4 4 4 4 4 4 4 4 4 4 4 4 4 4 4 4 4 4 4 4 4 4 4 4 4 4 4 4 4 4 4 4 4 4 4 4 4 4 4 4 4 4 4 4 4 4 4 4 4 4 4 4 4 4 4 4 4 4 4 4 4 4 4 4 4 4 4 4 4 4 4 4 4 4 4 4 4 4 4 4 4 4 4 4 4 4 4 4 4 4 4 4 4 4 4 4 4 4 4 4 4 4 4 4 4 4 4 4 4 4 4 4 4 4 4 4 4 4 4 4 4 4 4 4 4 4 4 4 4 4 4 4 4 4 4 4 4 4 4 4 4 4 4 4 4 4 4 4 4 4 4 4 4 4 4 4 4 4 4 4 4 4 4 4 4 4 4 4 4 4 4 4 4 4 4 4 4 4 4 4 4 4 4 4 4 4 4 4 4 4 4 4 4 4 4 4 4 4 4 4 4 4 4 4 4 4 4 4 4 4 4 4 4 4 4 4 4 4 4 4 4 4 4 4 4 4 4 4 4 4 4 4 4 4 4 4 4 4 4 4 4 4 4 4 4 4 4 4 4 4 4 4 4 4 4 4 4 4 4 4 4 4 4 4 4 4 4 4 4 4 4 4 4 4 4 4 4 4 4 4 4 4 4 4 4 4 4 4 4 4 4 4 4 4 4 4 4 4 4 4 4 4 4 4 4 4 4 4 4 4 4 4 4 4 4 4 4 4 4 4 4 4 4 4 4 4 4 4 4 4 4 4 4 4 4 4 4 4 4 4 4 4 4 4 4 4 4 4 4 4 4 4 4 4 4 4 4 4 4 4 4 4 4 4 4 4 4 4 4 4 4 4 4 4 4 4 4 4 4 4 4 4 4 4 4 4 4 4 4 4 4 4 4 4 4 4 4 4 4 4 4 4 4 4 4 4 4 4 4 4 4 4 4 4 4 4 4 4 4 4 4 4 4 4 4 4 4 4 4 4 4 4 4 4 4 4 4 4 4 4 4 4 4 4 4 4 4 4 4 4 4 4 4 4 4 4 4 4 4 4 4 4 4 4 4 4 4 4 4 4 4 4 4 4 4 4 4 4 4 4 4 4 4 4 4 4 4 4 4 4 4 4 4 4 4 4 4 4 4 4 4 4 4 4 4 4 4 4 4 4 4 4 4 4 4 4 4 4 4 4 4 4 4 4 4 4 4 4 4 4 4 4 4 4 4 4 4 4 4 4 4 4 4 4 4 4 4 4 4 4 4 4 4 4 4 4 4 4 4 4 4 4 4 4 4 4 4 4 4 4 4 4 4 4 4 4 4 4 4 4 4 4 4 4 4 4 4 4 4 4 4 4 4 4 4 4 4 4 4 4 4 4 4 4 4 4 4 4 4 4 4 4 4 4 4 4 4 4 4 4 4 4 4 4 4 4 4 4 4 4 4 4 4 4 4 4 4 4 4 4 4 4 4 4 4 4 4 4 4 4 4 4 4 4 4 4 4 4 4 4 4 4 4 4 4 4 4 4 4 4 4 4 4 4 4 4 4 4 4 4 4 4 4 4 4 4 4 4 4 4 4 4 4 4 4 4 4 4 4 4 4 4 4 4 4 4 4 4 4 4 4 4 4 4 4 4 4 4 4 4 4 4 4 4 4 4 4 4 4 4 4 4 4 4 4 4 4 4 4 4 4 4 4 4 4 4 4 4 4 4 4 4 4 4 4 4 4 4 4 4 4 4 4 4 4 4 4 4 4 4 4 4 4 4 4 4 4 4 4 4 4 4 4 4 4 4 4 4 4 4 4 4 4 4 4 4 4 4 4 4 4 4 4 4 4 4 4 4 4 4 4 4 4 4 4 4 4 4 4 4 4 4 4 4 4 4 4 4 4 4 4 4 4 4 4 4 4 4 4 4 4 4 4 4 4 4 4 4 4 4 4 4 4 4 4 4 4 4 4 4 4 4 4 4 4 4 4 4 4 4 4 4 4 4 4 4 4 4 4 4 4 4 4 4 4 4 4 4 4 4 4 4 4 4 4 4 4 4 4 4 4 4 4 4 4 4 4 4 4 4 4 4 4 4 4 4 4 4 4 4 4 4 4 4 4 4 4 4 4 4 4 4 4 4 4 4 4 4 4 4 4 4 4 4 4 4 4 4 4 4 4 4 4 4 4 4 4 4 4 4 4 4 4 4 4 4 4 4 4 4 4 4 4 4 4 4 4 4 4 4 4 4 4 4 4 4 4 4 4 4 4 4 4 4 4 4 4 4 4 4 4 4 4 4 4 4 4 4 4 4 4 4 4 4 4 4 4 4 4 4 4 4 4 4 4 4 4 4 4 4 4 4 4 4 4 4 4 4 4 4 4 4 4 4 4 4 4 4 4 4 4 4 4 4 4 4 4 4 4 4 4 4 4 4 4 4 4 4 4 4 4 4 4 4 4 4 4 4 4 4 4 4 4 4 4 4 4 4 4 4 4 4 4 4 4 4 4 4 4 4 4 4 4 4 4 4 4 4 4 4 4 4 4 4 4 4 4 4 4 4 4 4 4 4 4 4 4 4 4 4 4 4 4 4 4 4 4 4 4 4 4 4 4 4 4 4 4 
        </DataArray>
      </CellData>
    </Piece>
  </PolyData>
</VTKFile>
