<?xml version="1.0"?>
<VTKFile type="PolyData" version="1.0" byte_order="LittleEndian" header_type="UInt64">
  <PolyData>
    <Piece NumberOfPoints="2000" NumberOfPolys="2000">
      <Points>
        <DataArray type="Float64" Name="Points" NumberOfComponents="3" format="ascii">
0.6 -0.5 0.0 0.599999 -0.499686 0.0 0.599998 -0.499372 0.0 0.599995 -0.499058 0.0 0.599992 -0.498743 0.0 0.599987 -0.498429 0.0 0.599982 -0.498115 0.0 0.599975 -0.497801 0.0 0.599968 -0.497487 0.0 0.59996 -0.497173 0.0 0.599951 -0.496859 0.0 0.59994 -0.496545 0.0 0.599929 -0.496231 0.0 0.599916 -0.495917 0.0 0.599903 -0.495603 0.0 0.599888 -0.495289 0.0 0.599874 -0.494976 0.0 0.599857 -0.494662 0.0 0.59984 -0.494348 0.0 0.599821 -0.494035 0.0 0.599803 -0.493721 0.0 0.599782 -0.493407 0.0 0.599761 -0.493094 0.0 0.599739 -0.492781 0.0 0.599716 -0.492467 0.0 0.599691 -0.492154 0.0 0.599667 -0.491841 0.0 0.59964 -0.491528 0.0 0.599613 -0.491215 0.0 0.599585 -0.490902 0.0 0.599556 -0.490589 0.0 0.599526 -0.490276 0.0 0.599495 -0.489964 0.0 0.599463 -0.489651 0.0 0.59943 -0.489339 0.0 0.599396 -0.489027 0.0 0.599361 -0.488714 0.0 0.599325 -0.488402 0.0 0.599288 -0.48809 0.0 0.59925 -0.487778 0.0 0.599211 -0.487467 0.0 0.599171 -0.487155 0.0 0.599131 -0.486844 0.0 0.599088 -0.486532 0.0 0.599046 -0.486221 0.0 0.599002 -0.48591 0.0 0.598958 -0.485599 0.0 0.598911 -0.485288 0.0 0.598865 -0.484977 0.0 0.598817 -0.484667 0.0 0.598769 -0.484357 0.0 0.598719 -0.484046 0.0 0.598669 -0.483736 0.0 0.598617 -0.483426 0.0 0.598564 -0.483117 0.0 0.59851 -0.482807 0.0 0.598456 -0.482498 0.0 0.5984 -0.482189 0.0 0.598345 -0.481879 0.0 0.598287 -0.481571 0.0 0.598229 -0.481262 0.0 0.598169 -0.480953 0.0 0.598109 -0.480645 0.0 0.598047 -0.480337 0.0 0.597986 -0.480029 0.0 0.597922 -0.479721 0.0 0.597858 -0.479414 0.0 0.597792 -0.479107 0.0 0.597727 -0.478799 0.0 0.597659 -0.478492 0.0 0.597592 -0.478186 0.0 0.597522 -0.477879 0.0 0.597453 -0.477573 0.0 0.597381 -0.477267 0.0 0.59731 -0.476961 0.0 0.597237 -0.476656 0.0 0.597163 -0.47635 0.0 0.597088 -0.476045 0.0 0.597013 -0.47574 0.0 0.596935 -0.475436 0.0 0.596858 -0.475131 0.0 0.596779 -0.474827 0.0 0.5967 -0.474523 0.0 0.596619 -0.474219 0.0 0.596538 -0.473916 0.0 0.596455 -0.473613 0.0 0.596372 -0.47331 0.0 0.596288 -0.473007 0.0 0.596203 -0.472705 0.0 0.596116 -0.472403 0.0 0.596029 -0.472101 0.0 0.595941 -0.471799 0.0 0.595852 -0.471498 0.0 0.595762 -0.471197 0.0 0.595671 -0.470896 0.0 0.595579 -0.470596 0.0 0.595486 -0.470296 0.0 0.595392 -0.469996 0.0 0.595298 -0.469696 0.0 0.595202 -0.469397 0.0 0.595106 -0.469098 0.0 0.595008 -0.4688 0.0 0.59491 -0.468501 0.0 0.59481 -0.468203 0.0 0.59471 -0.467906 0.0 0.594608 -0.467608 0.0 0.594506 -0.467311 0.0 0.594403 -0.467015 0.0 0.594299 -0.466718 0.0 0.594194 -0.466422 0.0 0.594088 -0.466126 0.0 0.593981 -0.465831 0.0 0.593873 -0.465536 0.0 0.593764 -0.465241 0.0 0.593655 -0.464947 0.0 0.593544 -0.464653 0.0 0.593433 -0.464359 0.0 0.59332 -0.464066 0.0 0.593207 -0.463772 0.0 0.593092 -0.46348 0.0 0.592978 -0.463188 0.0 0.592861 -0.462896 0.0 0.592745 -0.462604 0.0 0.592626 -0.462313 0.0 0.592508 -0.462022 0.0 0.592387 -0.461732 0.0 0.592267 -0.461442 0.0 0.592145 -0.461152 0.0 0.592023 -0.460863 0.0 0.591899 -0.460574 0.0 0.591775 -0.460285 0.0 0.59165 -0.459997 0.0 0.591524 -0.459709 0.0 0.591397 -0.459422 0.0 0.591269 -0.459135 0.0 0.59114 -0.458849 0.0 0.591011 -0.458562 0.0 0.59088 -0.458277 0.0 0.590748 -0.457991 0.0 0.590616 -0.457707 0.0 0.590483 -0.457422 0.0 0.590348 -0.457138 0.0 0.590213 -0.456854 0.0 0.590077 -0.456571 0.0 0.589941 -0.456288 0.0 0.589802 -0.456006 0.0 0.589664 -0.455724 0.0 0.589524 -0.455443 0.0 0.589384 -0.455162 0.0 0.589242 -0.454881 0.0 0.589101 -0.454601 0.0 0.588957 -0.454321 0.0 0.588814 -0.454042 0.0 0.588668 -0.453763 0.0 0.588523 -0.453485 0.0 0.588376 -0.453207 0.0 0.588229 -0.45293 0.0 0.58808 -0.452653 0.0 0.587932 -0.452376 0.0 0.587781 -0.4521 0.0 0.587631 -0.451825 0.0 0.587478 -0.45155 0.0 0.587326 -0.451275 0.0 0.587172 -0.451001 0.0 0.587018 -0.450727 0.0 0.586863 -0.450454 0.0 0.586707 -0.450181 0.0 0.58655 -0.44991 0.0 0.586392 -0.449638 0.0 0.586233 -0.449367 0.0 0.586074 -0.449096 0.0 0.585913 -0.448826 0.0 0.585753 -0.448556 0.0 0.58559 -0.448287 0.0 0.585428 -0.448018 0.0 0.585264 -0.44775 0.0 0.585099 -0.447483 0.0 0.584934 -0.447216 0.0 0.584768 -0.446949 0.0 0.5846 -0.446683 0.0 0.584433 -0.446417 0.0 0.584264 -0.446153 0.0 0.584094 -0.445888 0.0 0.583924 -0.445624 0.0 0.583753 -0.445361 0.0 0.58358 -0.445098 0.0 0.583408 -0.444835 0.0 0.583234 -0.444574 0.0 0.58306 -0.444312 0.0 0.582884 -0.444052 0.0 0.582708 -0.443792 0.0 0.582531 -0.443532 0.0 0.582353 -0.443273 0.0 0.582174 -0.443015 0.0 0.581995 -0.442757 0.0 0.581815 -0.4425 0.0 0.581634 -0.442243 0.0 0.581452 -0.441987 0.0 0.581269 -0.441731 0.0 0.581086 -0.441476 0.0 0.580902 -0.441221 0.0 0.580716 -0.440968 0.0 0.580531 -0.440714 0.0 0.580344 -0.440462 0.0 0.580157 -0.44021 0.0 0.579968 -0.439958 0.0 0.579779 -0.439707 0.0 0.579589 -0.439457 0.0 0.579399 -0.439207 0.0 0.579207 -0.438958 0.0 0.579016 -0.438709 0.0 0.578822 -0.438462 0.0 0.578629 -0.438214 0.0 0.578434 -0.437968 0.0 0.578239 -0.437721 0.0 0.578043 -0.437476 0.0 0.577846 -0.437231 0.0 0.577648 -0.436987 0.0 0.57745 -0.436743 0.0 0.577251 -0.4365 0.0 0.577051 -0.436258 0.0 0.57685 -0.436016 0.0 0.576649 -0.435775 0.0 0.576447 -0.435535 0.0 0.576244 -0.435294 0.0 0.57604 -0.435056 0.0 0.575836 -0.434817 0.0 0.575631 -0.434579 0.0 0.575425 -0.434341 0.0 0.575218 -0.434105 0.0 0.575011 -0.433869 0.0 0.574803 -0.433634 0.0 0.574594 -0.433399 0.0 0.574384 -0.433165 0.0 0.574174 -0.432931 0.0 0.573963 -0.432699 0.0 0.573751 -0.432467 0.0 0.573538 -0.432236 0.0 0.573326 -0.432005 0.0 0.573111 -0.431775 0.0 0.572897 -0.431545 0.0 0.572681 -0.431317 0.0 0.572465 -0.431089 0.0 0.572248 -0.430862 0.0 0.572031 -0.430635 0.0 0.571812 -0.430409 0.0 0.571594 -0.430183 0.0 0.571374 -0.429959 0.0 0.571154 -0.429735 0.0 0.570932 -0.429512 0.0 0.570711 -0.429289 0.0 0.570488 -0.429068 0.0 0.570265 -0.428846 0.0 0.570041 -0.428626 0.0 0.569817 -0.428406 0.0 0.569591 -0.428188 0.0 0.569365 -0.427969 0.0 0.569138 -0.427752 0.0 0.568911 -0.427535 0.0 0.568683 -0.427319 0.0 0.568455 -0.427103 0.0 0.568225 -0.426889 0.0 0.567995 -0.426674 0.0 0.567764 -0.426462 0.0 0.567533 -0.426249 0.0 0.567301 -0.426037 0.0 0.567069 -0.425826 0.0 0.566835 -0.425616 0.0 0.566601 -0.425406 0.0 0.566366 -0.425197 0.0 0.566131 -0.424989 0.0 0.565895 -0.424782 0.0 0.565659 -0.424575 0.0 0.565421 -0.424369 0.0 0.565183 -0.424164 0.0 0.564944 -0.42396 0.0 0.564706 -0.423756 0.0 0.564465 -0.423553 0.0 0.564225 -0.423351 0.0 0.563984 -0.42315 0.0 0.563742 -0.422949 0.0 0.5635 -0.422749 0.0 0.563257 -0.42255 0.0 0.563013 -0.422352 0.0 0.562769 -0.422154 0.0 0.562524 -0.421957 0.0 0.562279 -0.421761 0.0 0.562032 -0.421566 0.0 0.561786 -0.421371 0.0 0.561538 -0.421178 0.0 0.561291 -0.420984 0.0 0.561042 -0.420793 0.0 0.560793 -0.420601 0.0 0.560543 -0.420411 0.0 0.560293 -0.420221 0.0 0.560042 -0.420032 0.0 0.55979 -0.419843 0.0 0.559538 -0.419656 0.0 0.559286 -0.419469 0.0 0.559032 -0.419284 0.0 0.558779 -0.419098 0.0 0.558524 -0.418914 0.0 0.558269 -0.418731 0.0 0.558013 -0.418548 0.0 0.557757 -0.418366 0.0 0.5575 -0.418185 0.0 0.557243 -0.418005 0.0 0.556985 -0.417826 0.0 0.556727 -0.417647 0.0 0.556468 -0.417469 0.0 0.556208 -0.417292 0.0 0.555948 -0.417116 0.0 0.555688 -0.41694 0.0 0.555426 -0.416766 0.0 0.555165 -0.416592 0.0 0.554902 -0.41642 0.0 0.554639 -0.416247 0.0 0.554376 -0.416076 0.0 0.554112 -0.415906 0.0 0.553847 -0.415736 0.0 0.553583 -0.415567 0.0 0.553317 -0.4154 0.0 0.553051 -0.415232 0.0 0.552784 -0.415066 0.0 0.552517 -0.414901 0.0 0.55225 -0.414736 0.0 0.551982 -0.414572 0.0 0.551713 -0.41441 0.0 0.551444 -0.414247 0.0 0.551174 -0.414087 0.0 0.550904 -0.413926 0.0 0.550633 -0.413767 0.0 0.550362 -0.413608 0.0 0.55009 -0.41345 0.0 0.549819 -0.413293 0.0 0.549546 -0.413137 0.0 0.549273 -0.412982 0.0 0.548999 -0.412828 0.0 0.548725 -0.412674 0.0 0.54845 -0.412522 0.0 0.548175 -0.412369 0.0 0.5479 -0.412219 0.0 0.547624 -0.412068 0.0 0.547347 -0.41192 0.0 0.54707 -0.411771 0.0 0.546793 -0.411624 0.0 0.546515 -0.411477 0.0 0.546237 -0.411332 0.0 0.545958 -0.411186 0.0 0.545679 -0.411043 0.0 0.545399 -0.410899 0.0 0.545119 -0.410758 0.0 0.544838 -0.410616 0.0 0.544557 -0.410476 0.0 0.544276 -0.410336 0.0 0.543994 -0.410198 0.0 0.543712 -0.410059 0.0 0.543429 -0.409923 0.0 0.543146 -0.409787 0.0 0.542862 -0.409652 0.0 0.542578 -0.409517 0.0 0.542293 -0.409384 0.0 0.542009 -0.409252 0.0 0.541723 -0.40912 0.0 0.541438 -0.408989 0.0 0.541151 -0.40886 0.0 0.540865 -0.408731 0.0 0.540578 -0.408603 0.0 0.540291 -0.408476 0.0 0.540003 -0.40835 0.0 0.539715 -0.408225 0.0 0.539426 -0.408101 0.0 0.539137 -0.407977 0.0 0.538848 -0.407855 0.0 0.538558 -0.407733 0.0 0.538268 -0.407613 0.0 0.537978 -0.407492 0.0 0.537687 -0.407374 0.0 0.537396 -0.407255 0.0 0.537104 -0.407139 0.0 0.536812 -0.407022 0.0 0.53652 -0.406908 0.0 0.536228 -0.406793 0.0 0.535934 -0.40668 0.0 0.535641 -0.406567 0.0 0.535347 -0.406456 0.0 0.535053 -0.406345 0.0 0.534759 -0.406236 0.0 0.534464 -0.406127 0.0 0.534169 -0.406019 0.0 0.533874 -0.405912 0.0 0.533578 -0.405806 0.0 0.533282 -0.405701 0.0 0.532985 -0.405597 0.0 0.532689 -0.405494 0.0 0.532392 -0.405392 0.0 0.532094 -0.40529 0.0 0.531797 -0.40519 0.0 0.531499 -0.40509 0.0 0.5312 -0.404992 0.0 0.530902 -0.404894 0.0 0.530603 -0.404798 0.0 0.530304 -0.404702 0.0 0.530004 -0.404608 0.0 0.529704 -0.404514 0.0 0.529404 -0.404421 0.0 0.529104 -0.404329 0.0 0.528803 -0.404238 0.0 0.528502 -0.404148 0.0 0.528201 -0.404059 0.0 0.527899 -0.403971 0.0 0.527597 -0.403884 0.0 0.527295 -0.403797 0.0 0.526993 -0.403712 0.0 0.52669 -0.403628 0.0 0.526387 -0.403545 0.0 0.526084 -0.403462 0.0 0.525781 -0.403381 0.0 0.525477 -0.4033 0.0 0.525173 -0.403221 0.0 0.524869 -0.403142 0.0 0.524564 -0.403065 0.0 0.52426 -0.402987 0.0 0.523955 -0.402912 0.0 0.52365 -0.402837 0.0 0.523344 -0.402763 0.0 0.523039 -0.40269 0.0 0.522733 -0.402619 0.0 0.522427 -0.402547 0.0 0.522121 -0.402478 0.0 0.521814 -0.402408 0.0 0.521508 -0.402341 0.0 0.521201 -0.402273 0.0 0.520893 -0.402208 0.0 0.520586 -0.402142 0.0 0.520279 -0.402078 0.0 0.519971 -0.402014 0.0 0.519663 -0.401953 0.0 0.519355 -0.401891 0.0 0.519047 -0.401831 0.0 0.518738 -0.401771 0.0 0.518429 -0.401713 0.0 0.518121 -0.401655 0.0 0.517811 -0.4016 0.0 0.517502 -0.401544 0.0 0.517193 -0.40149 0.0 0.516883 -0.401436 0.0 0.516574 -0.401383 0.0 0.516264 -0.401331 0.0 0.515954 -0.401281 0.0 0.515643 -0.401231 0.0 0.515333 -0.401183 0.0 0.515023 -0.401135 0.0 0.514712 -0.401089 0.0 0.514401 -0.401042 0.0 0.51409 -0.400998 0.0 0.513779 -0.400954 0.0 0.513468 -0.400912 0.0 0.513156 -0.400869 0.0 0.512845 -0.400829 0.0 0.512533 -0.400789 0.0 0.512222 -0.40075 0.0 0.51191 -0.400712 0.0 0.511598 -0.400675 0.0 0.511286 -0.400639 0.0 0.510973 -0.400604 0.0 0.510661 -0.40057 0.0 0.510349 -0.400537 0.0 0.510036 -0.400505 0.0 0.509724 -0.400474 0.0 0.509411 -0.400444 0.0 0.509098 -0.400415 0.0 0.508785 -0.400387 0.0 0.508472 -0.40036 0.0 0.508159 -0.400333 0.0 0.507846 -0.400309 0.0 0.507533 -0.400284 0.0 0.507219 -0.400261 0.0 0.506906 -0.400239 0.0 0.506593 -0.400218 0.0 0.506279 -0.400197 0.0 0.505965 -0.400179 0.0 0.505652 -0.40016 0.0 0.505338 -0.400143 0.0 0.505024 -0.400126 0.0 0.504711 -0.400112 0.0 0.504397 -0.400097 0.0 0.504083 -0.400084 0.0 0.503769 -0.400071 0.0 0.503455 -0.40006 0.0 0.503141 -0.400049 0.0 0.502827 -0.40004 0.0 0.502513 -0.400032 0.0 0.502199 -0.400025 0.0 0.501885 -0.400018 0.0 0.501571 -0.400013 0.0 0.501257 -0.400008 0.0 0.500942 -0.400005 0.0 0.500628 -0.400002 0.0 0.500314 -0.400001 0.0 0.5 -0.4 0.0 0.499686 -0.400001 0.0 0.499372 -0.400002 0.0 0.499058 -0.400005 0.0 0.498743 -0.400008 0.0 0.498429 -0.400013 0.0 0.498115 -0.400018 0.0 0.497801 -0.400025 0.0 0.497487 -0.400032 0.0 0.497173 -0.40004 0.0 0.496859 -0.400049 0.0 0.496545 -0.40006 0.0 0.496231 -0.400071 0.0 0.495917 -0.400084 0.0 0.495603 -0.400097 0.0 0.495289 -0.400112 0.0 0.494976 -0.400126 0.0 0.494662 -0.400143 0.0 0.494348 -0.40016 0.0 0.494035 -0.400179 0.0 0.493721 -0.400197 0.0 0.493407 -0.400218 0.0 0.493094 -0.400239 0.0 0.492781 -0.400261 0.0 0.492467 -0.400284 0.0 0.492154 -0.400309 0.0 0.491841 -0.400333 0.0 0.491528 -0.40036 0.0 0.491215 -0.400387 0.0 0.490902 -0.400415 0.0 0.490589 -0.400444 0.0 0.490276 -0.400474 0.0 0.489964 -0.400505 0.0 0.489651 -0.400537 0.0 0.489339 -0.40057 0.0 0.489027 -0.400604 0.0 0.488714 -0.400639 0.0 0.488402 -0.400675 0.0 0.48809 -0.400712 0.0 0.487778 -0.40075 0.0 0.487467 -0.400789 0.0 0.487155 -0.400829 0.0 0.486844 -0.400869 0.0 0.486532 -0.400912 0.0 0.486221 -0.400954 0.0 0.48591 -0.400998 0.0 0.485599 -0.401042 0.0 0.485288 -0.401089 0.0 0.484977 -0.401135 0.0 0.484667 -0.401183 0.0 0.484357 -0.401231 0.0 0.484046 -0.401281 0.0 0.483736 -0.401331 0.0 0.483426 -0.401383 0.0 0.483117 -0.401436 0.0 0.482807 -0.40149 0.0 0.482498 -0.401544 0.0 0.482189 -0.4016 0.0 0.481879 -0.401655 0.0 0.481571 -0.401713 0.0 0.481262 -0.401771 0.0 0.480953 -0.401831 0.0 0.480645 -0.401891 0.0 0.480337 -0.401953 0.0 0.480029 -0.402014 0.0 0.479721 -0.402078 0.0 0.479414 -0.402142 0.0 0.479107 -0.402208 0.0 0.478799 -0.402273 0.0 0.478492 -0.402341 0.0 0.478186 -0.402408 0.0 0.477879 -0.402478 0.0 0.477573 -0.402547 0.0 0.477267 -0.402619 0.0 0.476961 -0.40269 0.0 0.476656 -0.402763 0.0 0.47635 -0.402837 0.0 0.476045 -0.402912 0.0 0.47574 -0.402987 0.0 0.475436 -0.403065 0.0 0.475131 -0.403142 0.0 0.474827 -0.403221 0.0 0.474523 -0.4033 0.0 0.474219 -0.403381 0.0 0.473916 -0.403462 0.0 0.473613 -0.403545 0.0 0.47331 -0.403628 0.0 0.473007 -0.403712 0.0 0.472705 -0.403797 0.0 0.472403 -0.403884 0.0 0.472101 -0.403971 0.0 0.471799 -0.404059 0.0 0.471498 -0.404148 0.0 0.471197 -0.404238 0.0 0.470896 -0.404329 0.0 0.470596 -0.404421 0.0 0.470296 -0.404514 0.0 0.469996 -0.404608 0.0 0.469696 -0.404702 0.0 0.469397 -0.404798 0.0 0.469098 -0.404894 0.0 0.4688 -0.404992 0.0 0.468501 -0.40509 0.0 0.468203 -0.40519 0.0 0.467906 -0.40529 0.0 0.467608 -0.405392 0.0 0.467311 -0.405494 0.0 0.467015 -0.405597 0.0 0.466718 -0.405701 0.0 0.466422 -0.405806 0.0 0.466126 -0.405912 0.0 0.465831 -0.406019 0.0 0.465536 -0.406127 0.0 0.465241 -0.406236 0.0 0.464947 -0.406345 0.0 0.464653 -0.406456 0.0 0.464359 -0.406567 0.0 0.464066 -0.40668 0.0 0.463772 -0.406793 0.0 0.46348 -0.406908 0.0 0.463188 -0.407022 0.0 0.462896 -0.407139 0.0 0.462604 -0.407255 0.0 0.462313 -0.407374 0.0 0.462022 -0.407492 0.0 0.461732 -0.407613 0.0 0.461442 -0.407733 0.0 0.461152 -0.407855 0.0 0.460863 -0.407977 0.0 0.460574 -0.408101 0.0 0.460285 -0.408225 0.0 0.459997 -0.40835 0.0 0.459709 -0.408476 0.0 0.459422 -0.408603 0.0 0.459135 -0.408731 0.0 0.458849 -0.40886 0.0 0.458562 -0.408989 0.0 0.458277 -0.40912 0.0 0.457991 -0.409252 0.0 0.457707 -0.409384 0.0 0.457422 -0.409517 0.0 0.457138 -0.409652 0.0 0.456854 -0.409787 0.0 0.456571 -0.409923 0.0 0.456288 -0.410059 0.0 0.456006 -0.410198 0.0 0.455724 -0.410336 0.0 0.455443 -0.410476 0.0 0.455162 -0.410616 0.0 0.454881 -0.410758 0.0 0.454601 -0.410899 0.0 0.454321 -0.411043 0.0 0.454042 -0.411186 0.0 0.453763 -0.411332 0.0 0.453485 -0.411477 0.0 0.453207 -0.411624 0.0 0.45293 -0.411771 0.0 0.452653 -0.41192 0.0 0.452376 -0.412068 0.0 0.4521 -0.412219 0.0 0.451825 -0.412369 0.0 0.45155 -0.412522 0.0 0.451275 -0.412674 0.0 0.451001 -0.412828 0.0 0.450727 -0.412982 0.0 0.450454 -0.413137 0.0 0.450181 -0.413293 0.0 0.44991 -0.41345 0.0 0.449638 -0.413608 0.0 0.449367 -0.413767 0.0 0.449096 -0.413926 0.0 0.448826 -0.414087 0.0 0.448556 -0.414247 0.0 0.448287 -0.41441 0.0 0.448018 -0.414572 0.0 0.44775 -0.414736 0.0 0.447483 -0.414901 0.0 0.447216 -0.415066 0.0 0.446949 -0.415232 0.0 0.446683 -0.4154 0.0 0.446417 -0.415567 0.0 0.446153 -0.415736 0.0 0.445888 -0.415906 0.0 0.445624 -0.416076 0.0 0.445361 -0.416247 0.0 0.445098 -0.41642 0.0 0.444835 -0.416592 0.0 0.444574 -0.416766 0.0 0.444312 -0.41694 0.0 0.444052 -0.417116 0.0 0.443792 -0.417292 0.0 0.443532 -0.417469 0.0 0.443273 -0.417647 0.0 0.443015 -0.417826 0.0 0.442757 -0.418005 0.0 0.4425 -0.418185 0.0 0.442243 -0.418366 0.0 0.441987 -0.418548 0.0 0.441731 -0.418731 0.0 0.441476 -0.418914 0.0 0.441221 -0.419098 0.0 0.440968 -0.419284 0.0 0.440714 -0.419469 0.0 0.440462 -0.419656 0.0 0.44021 -0.419843 0.0 0.439958 -0.420032 0.0 0.439707 -0.420221 0.0 0.439457 -0.420411 0.0 0.439207 -0.420601 0.0 0.438958 -0.420793 0.0 0.438709 -0.420984 0.0 0.438462 -0.421178 0.0 0.438214 -0.421371 0.0 0.437968 -0.421566 0.0 0.437721 -0.421761 0.0 0.437476 -0.421957 0.0 0.437231 -0.422154 0.0 0.436987 -0.422352 0.0 0.436743 -0.42255 0.0 0.4365 -0.422749 0.0 0.436258 -0.422949 0.0 0.436016 -0.42315 0.0 0.435775 -0.423351 0.0 0.435535 -0.423553 0.0 0.435294 -0.423756 0.0 0.435056 -0.42396 0.0 0.434817 -0.424164 0.0 0.434579 -0.424369 0.0 0.434341 -0.424575 0.0 0.434105 -0.424782 0.0 0.433869 -0.424989 0.0 0.433634 -0.425197 0.0 0.433399 -0.425406 0.0 0.433165 -0.425616 0.0 0.432931 -0.425826 0.0 0.432699 -0.426037 0.0 0.432467 -0.426249 0.0 0.432236 -0.426462 0.0 0.432005 -0.426674 0.0 0.431775 -0.426889 0.0 0.431545 -0.427103 0.0 0.431317 -0.427319 0.0 0.431089 -0.427535 0.0 0.430862 -0.427752 0.0 0.430635 -0.427969 0.0 0.430409 -0.428188 0.0 0.430183 -0.428406 0.0 0.429959 -0.428626 0.0 0.429735 -0.428846 0.0 0.429512 -0.429068 0.0 0.429289 -0.429289 0.0 0.429068 -0.429512 0.0 0.428846 -0.429735 0.0 0.428626 -0.429959 0.0 0.428406 -0.430183 0.0 0.428188 -0.430409 0.0 0.427969 -0.430635 0.0 0.427752 -0.430862 0.0 0.427535 -0.431089 0.0 0.427319 -0.431317 0.0 0.427103 -0.431545 0.0 0.426889 -0.431775 0.0 0.426674 -0.432005 0.0 0.426462 -0.432236 0.0 0.426249 -0.432467 0.0 0.426037 -0.432699 0.0 0.425826 -0.432931 0.0 0.425616 -0.433165 0.0 0.425406 -0.433399 0.0 0.425197 -0.433634 0.0 0.424989 -0.433869 0.0 0.424782 -0.434105 0.0 0.424575 -0.434341 0.0 0.424369 -0.434579 0.0 0.424164 -0.434817 0.0 0.42396 -0.435056 0.0 0.423756 -0.435294 0.0 0.423553 -0.435535 0.0 0.423351 -0.435775 0.0 0.42315 -0.436016 0.0 0.422949 -0.436258 0.0 0.422749 -0.4365 0.0 0.42255 -0.436743 0.0 0.422352 -0.436987 0.0 0.422154 -0.437231 0.0 0.421957 -0.437476 0.0 0.421761 -0.437721 0.0 0.421566 -0.437968 0.0 0.421371 -0.438214 0.0 0.421178 -0.438462 0.0 0.420984 -0.438709 0.0 0.420793 -0.438958 0.0 0.420601 -0.439207 0.0 0.420411 -0.439457 0.0 0.420221 -0.439707 0.0 0.420032 -0.439958 0.0 0.419843 -0.44021 0.0 0.419656 -0.440462 0.0 0.419469 -0.440714 0.0 0.419284 -0.440968 0.0 0.419098 -0.441221 0.0 0.418914 -0.441476 0.0 0.418731 -0.441731 0.0 0.418548 -0.441987 0.0 0.418366 -0.442243 0.0 0.418185 -0.4425 0.0 0.418005 -0.442757 0.0 0.417826 -0.443015 0.0 0.417647 -0.443273 0.0 0.417469 -0.443532 0.0 0.417292 -0.443792 0.0 0.417116 -0.444052 0.0 0.41694 -0.444312 0.0 0.416766 -0.444574 0.0 0.416592 -0.444835 0.0 0.41642 -0.445098 0.0 0.416247 -0.445361 0.0 0.416076 -0.445624 0.0 0.415906 -0.445888 0.0 0.415736 -0.446153 0.0 0.415567 -0.446417 0.0 0.4154 -0.446683 0.0 0.415232 -0.446949 0.0 0.415066 -0.447216 0.0 0.414901 -0.447483 0.0 0.414736 -0.44775 0.0 0.414572 -0.448018 0.0 0.41441 -0.448287 0.0 0.414247 -0.448556 0.0 0.414087 -0.448826 0.0 0.413926 -0.449096 0.0 0.413767 -0.449367 0.0 0.413608 -0.449638 0.0 0.41345 -0.44991 0.0 0.413293 -0.450181 0.0 0.413137 -0.450454 0.0 0.412982 -0.450727 0.0 0.412828 -0.451001 0.0 0.412674 -0.451275 0.0 0.412522 -0.45155 0.0 0.412369 -0.451825 0.0 0.412219 -0.4521 0.0 0.412068 -0.452376 0.0 0.41192 -0.452653 0.0 0.411771 -0.45293 0.0 0.411624 -0.453207 0.0 0.411477 -0.453485 0.0 0.411332 -0.453763 0.0 0.411186 -0.454042 0.0 0.411043 -0.454321 0.0 0.410899 -0.454601 0.0 0.410758 -0.454881 0.0 0.410616 -0.455162 0.0 0.410476 -0.455443 0.0 0.410336 -0.455724 0.0 0.410198 -0.456006 0.0 0.410059 -0.456288 0.0 0.409923 -0.456571 0.0 0.409787 -0.456854 0.0 0.409652 -0.457138 0.0 0.409517 -0.457422 0.0 0.409384 -0.457707 0.0 0.409252 -0.457991 0.0 0.40912 -0.458277 0.0 0.408989 -0.458562 0.0 0.40886 -0.458849 0.0 0.408731 -0.459135 0.0 0.408603 -0.459422 0.0 0.408476 -0.459709 0.0 0.40835 -0.459997 0.0 0.408225 -0.460285 0.0 0.408101 -0.460574 0.0 0.407977 -0.460863 0.0 0.407855 -0.461152 0.0 0.407733 -0.461442 0.0 0.407613 -0.461732 0.0 0.407492 -0.462022 0.0 0.407374 -0.462313 0.0 0.407255 -0.462604 0.0 0.407139 -0.462896 0.0 0.407022 -0.463188 0.0 0.406908 -0.46348 0.0 0.406793 -0.463772 0.0 0.40668 -0.464066 0.0 0.406567 -0.464359 0.0 0.406456 -0.464653 0.0 0.406345 -0.464947 0.0 0.406236 -0.465241 0.0 0.406127 -0.465536 0.0 0.406019 -0.465831 0.0 0.405912 -0.466126 0.0 0.405806 -0.466422 0.0 0.405701 -0.466718 0.0 0.405597 -0.467015 0.0 0.405494 -0.467311 0.0 0.405392 -0.467608 0.0 0.40529 -0.467906 0.0 0.40519 -0.468203 0.0 0.40509 -0.468501 0.0 0.404992 -0.4688 0.0 0.404894 -0.469098 0.0 0.404798 -0.469397 0.0 0.404702 -0.469696 0.0 0.404608 -0.469996 0.0 0.404514 -0.470296 0.0 0.404421 -0.470596 0.0 0.404329 -0.470896 0.0 0.404238 -0.471197 0.0 0.404148 -0.471498 0.0 0.404059 -0.471799 0.0 0.403971 -0.472101 0.0 0.403884 -0.472403 0.0 0.403797 -0.472705 0.0 0.403712 -0.473007 0.0 0.403628 -0.47331 0.0 0.403545 -0.473613 0.0 0.403462 -0.473916 0.0 0.403381 -0.474219 0.0 0.4033 -0.474523 0.0 0.403221 -0.474827 0.0 0.403142 -0.475131 0.0 0.403065 -0.475436 0.0 0.402987 -0.47574 0.0 0.402912 -0.476045 0.0 0.402837 -0.47635 0.0 0.402763 -0.476656 0.0 0.40269 -0.476961 0.0 0.402619 -0.477267 0.0 0.402547 -0.477573 0.0 0.402478 -0.477879 0.0 0.402408 -0.478186 0.0 0.402341 -0.478492 0.0 0.402273 -0.478799 0.0 0.402208 -0.479107 0.0 0.402142 -0.479414 0.0 0.402078 -0.479721 0.0 0.402014 -0.480029 0.0 0.401953 -0.480337 0.0 0.401891 -0.480645 0.0 0.401831 -0.480953 0.0 0.401771 -0.481262 0.0 0.401713 -0.481571 0.0 0.401655 -0.481879 0.0 0.4016 -0.482189 0.0 0.401544 -0.482498 0.0 0.40149 -0.482807 0.0 0.401436 -0.483117 0.0 0.401383 -0.483426 0.0 0.401331 -0.483736 0.0 0.401281 -0.484046 0.0 0.401231 -0.484357 0.0 0.401183 -0.484667 0.0 0.401135 -0.484977 0.0 0.401089 -0.485288 0.0 0.401042 -0.485599 0.0 0.400998 -0.48591 0.0 0.400954 -0.486221 0.0 0.400912 -0.486532 0.0 0.400869 -0.486844 0.0 0.400829 -0.487155 0.0 0.400789 -0.487467 0.0 0.40075 -0.487778 0.0 0.400712 -0.48809 0.0 0.400675 -0.488402 0.0 0.400639 -0.488714 0.0 0.400604 -0.489027 0.0 0.40057 -0.489339 0.0 0.400537 -0.489651 0.0 0.400505 -0.489964 0.0 0.400474 -0.490276 0.0 0.400444 -0.490589 0.0 0.400415 -0.490902 0.0 0.400387 -0.491215 0.0 0.40036 -0.491528 0.0 0.400333 -0.491841 0.0 0.400309 -0.492154 0.0 0.400284 -0.492467 0.0 0.400261 -0.492781 0.0 0.400239 -0.493094 0.0 0.400218 -0.493407 0.0 0.400197 -0.493721 0.0 0.400179 -0.494035 0.0 0.40016 -0.494348 0.0 0.400143 -0.494662 0.0 0.400126 -0.494976 0.0 0.400112 -0.495289 0.0 0.400097 -0.495603 0.0 0.400084 -0.495917 0.0 0.400071 -0.496231 0.0 0.40006 -0.496545 0.0 0.400049 -0.496859 0.0 0.40004 -0.497173 0.0 0.400032 -0.497487 0.0 0.400025 -0.497801 0.0 0.400018 -0.498115 0.0 0.400013 -0.498429 0.0 0.400008 -0.498743 0.0 0.400005 -0.499058 0.0 0.400002 -0.499372 0.0 0.400001 -0.499686 0.0 0.4 -0.5 0.0 0.400001 -0.500314 0.0 0.400002 -0.500628 0.0 0.400005 -0.500942 0.0 0.400008 -0.501257 0.0 0.400013 -0.501571 0.0 0.400018 -0.501885 0.0 0.400025 -0.502199 0.0 0.400032 -0.502513 0.0 0.40004 -0.502827 0.0 0.400049 -0.503141 0.0 0.40006 -0.503455 0.0 0.400071 -0.503769 0.0 0.400084 -0.504083 0.0 0.400097 -0.504397 0.0 0.400112 -0.504711 0.0 0.400126 -0.505024 0.0 0.400143 -0.505338 0.0 0.40016 -0.505652 0.0 0.400179 -0.505965 0.0 0.400197 -0.506279 0.0 0.400218 -0.506593 0.0 0.400239 -0.506906 0.0 0.400261 -0.507219 0.0 0.400284 -0.507533 0.0 0.400309 -0.507846 0.0 0.400333 -0.508159 0.0 0.40036 -0.508472 0.0 0.400387 -0.508785 0.0 0.400415 -0.509098 0.0 0.400444 -0.509411 0.0 0.400474 -0.509724 0.0 0.400505 -0.510036 0.0 0.400537 -0.510349 0.0 0.40057 -0.510661 0.0 0.400604 -0.510973 0.0 0.400639 -0.511286 0.0 0.400675 -0.511598 0.0 0.400712 -0.51191 0.0 0.40075 -0.512222 0.0 0.400789 -0.512533 0.0 0.400829 -0.512845 0.0 0.400869 -0.513156 0.0 0.400912 -0.513468 0.0 0.400954 -0.513779 0.0 0.400998 -0.51409 0.0 0.401042 -0.514401 0.0 0.401089 -0.514712 0.0 0.401135 -0.515023 0.0 0.401183 -0.515333 0.0 0.401231 -0.515643 0.0 0.401281 -0.515954 0.0 0.401331 -0.516264 0.0 0.401383 -0.516574 0.0 0.401436 -0.516883 0.0 0.40149 -0.517193 0.0 0.401544 -0.517502 0.0 0.4016 -0.517811 0.0 0.401655 -0.518121 0.0 0.401713 -0.518429 0.0 0.401771 -0.518738 0.0 0.401831 -0.519047 0.0 0.401891 -0.519355 0.0 0.401953 -0.519663 0.0 0.402014 -0.519971 0.0 0.402078 -0.520279 0.0 0.402142 -0.520586 0.0 0.402208 -0.520893 0.0 0.402273 -0.521201 0.0 0.402341 -0.521508 0.0 0.402408 -0.521814 0.0 0.402478 -0.522121 0.0 0.402547 -0.522427 0.0 0.402619 -0.522733 0.0 0.40269 -0.523039 0.0 0.402763 -0.523344 0.0 0.402837 -0.52365 0.0 0.402912 -0.523955 0.0 0.402987 -0.52426 0.0 0.403065 -0.524564 0.0 0.403142 -0.524869 0.0 0.403221 -0.525173 0.0 0.4033 -0.525477 0.0 0.403381 -0.525781 0.0 0.403462 -0.526084 0.0 0.403545 -0.526387 0.0 0.403628 -0.52669 0.0 0.403712 -0.526993 0.0 0.403797 -0.527295 0.0 0.403884 -0.527597 0.0 0.403971 -0.527899 0.0 0.404059 -0.528201 0.0 0.404148 -0.528502 0.0 0.404238 -0.528803 0.0 0.404329 -0.529104 0.0 0.404421 -0.529404 0.0 0.404514 -0.529704 0.0 0.404608 -0.530004 0.0 0.404702 -0.530304 0.0 0.404798 -0.530603 0.0 0.404894 -0.530902 0.0 0.404992 -0.5312 0.0 0.40509 -0.531499 0.0 0.40519 -0.531797 0.0 0.40529 -0.532094 0.0 0.405392 -0.532392 0.0 0.405494 -0.532689 0.0 0.405597 -0.532985 0.0 0.405701 -0.533282 0.0 0.405806 -0.533578 0.0 0.405912 -0.533874 0.0 0.406019 -0.534169 0.0 0.406127 -0.534464 0.0 0.406236 -0.534759 0.0 0.406345 -0.535053 0.0 0.406456 -0.535347 0.0 0.406567 -0.535641 0.0 0.40668 -0.535934 0.0 0.406793 -0.536228 0.0 0.406908 -0.53652 0.0 0.407022 -0.536812 0.0 0.407139 -0.537104 0.0 0.407255 -0.537396 0.0 0.407374 -0.537687 0.0 0.407492 -0.537978 0.0 0.407613 -0.538268 0.0 0.407733 -0.538558 0.0 0.407855 -0.538848 0.0 0.407977 -0.539137 0.0 0.408101 -0.539426 0.0 0.408225 -0.539715 0.0 0.40835 -0.540003 0.0 0.408476 -0.540291 0.0 0.408603 -0.540578 0.0 0.408731 -0.540865 0.0 0.40886 -0.541151 0.0 0.408989 -0.541438 0.0 0.40912 -0.541723 0.0 0.409252 -0.542009 0.0 0.409384 -0.542293 0.0 0.409517 -0.542578 0.0 0.409652 -0.542862 0.0 0.409787 -0.543146 0.0 0.409923 -0.543429 0.0 0.410059 -0.543712 0.0 0.410198 -0.543994 0.0 0.410336 -0.544276 0.0 0.410476 -0.544557 0.0 0.410616 -0.544838 0.0 0.410758 -0.545119 0.0 0.410899 -0.545399 0.0 0.411043 -0.545679 0.0 0.411186 -0.545958 0.0 0.411332 -0.546237 0.0 0.411477 -0.546515 0.0 0.411624 -0.546793 0.0 0.411771 -0.54707 0.0 0.41192 -0.547347 0.0 0.412068 -0.547624 0.0 0.412219 -0.5479 0.0 0.412369 -0.548175 0.0 0.412522 -0.54845 0.0 0.412674 -0.548725 0.0 0.412828 -0.548999 0.0 0.412982 -0.549273 0.0 0.413137 -0.549546 0.0 0.413293 -0.549819 0.0 0.41345 -0.55009 0.0 0.413608 -0.550362 0.0 0.413767 -0.550633 0.0 0.413926 -0.550904 0.0 0.414087 -0.551174 0.0 0.414247 -0.551444 0.0 0.41441 -0.551713 0.0 0.414572 -0.551982 0.0 0.414736 -0.55225 0.0 0.414901 -0.552517 0.0 0.415066 -0.552784 0.0 0.415232 -0.553051 0.0 0.4154 -0.553317 0.0 0.415567 -0.553583 0.0 0.415736 -0.553847 0.0 0.415906 -0.554112 0.0 0.416076 -0.554376 0.0 0.416247 -0.554639 0.0 0.41642 -0.554902 0.0 0.416592 -0.555165 0.0 0.416766 -0.555426 0.0 0.41694 -0.555688 0.0 0.417116 -0.555948 0.0 0.417292 -0.556208 0.0 0.417469 -0.556468 0.0 0.417647 -0.556727 0.0 0.417826 -0.556985 0.0 0.418005 -0.557243 0.0 0.418185 -0.5575 0.0 0.418366 -0.557757 0.0 0.418548 -0.558013 0.0 0.418731 -0.558269 0.0 0.418914 -0.558524 0.0 0.419098 -0.558779 0.0 0.419284 -0.559032 0.0 0.419469 -0.559286 0.0 0.419656 -0.559538 0.0 0.419843 -0.55979 0.0 0.420032 -0.560042 0.0 0.420221 -0.560293 0.0 0.420411 -0.560543 0.0 0.420601 -0.560793 0.0 0.420793 -0.561042 0.0 0.420984 -0.561291 0.0 0.421178 -0.561538 0.0 0.421371 -0.561786 0.0 0.421566 -0.562032 0.0 0.421761 -0.562279 0.0 0.421957 -0.562524 0.0 0.422154 -0.562769 0.0 0.422352 -0.563013 0.0 0.42255 -0.563257 0.0 0.422749 -0.5635 0.0 0.422949 -0.563742 0.0 0.42315 -0.563984 0.0 0.423351 -0.564225 0.0 0.423553 -0.564465 0.0 0.423756 -0.564706 0.0 0.42396 -0.564944 0.0 0.424164 -0.565183 0.0 0.424369 -0.565421 0.0 0.424575 -0.565659 0.0 0.424782 -0.565895 0.0 0.424989 -0.566131 0.0 0.425197 -0.566366 0.0 0.425406 -0.566601 0.0 0.425616 -0.566835 0.0 0.425826 -0.567069 0.0 0.426037 -0.567301 0.0 0.426249 -0.567533 0.0 0.426462 -0.567764 0.0 0.426674 -0.567995 0.0 0.426889 -0.568225 0.0 0.427103 -0.568455 0.0 0.427319 -0.568683 0.0 0.427535 -0.568911 0.0 0.427752 -0.569138 0.0 0.427969 -0.569365 0.0 0.428188 -0.569591 0.0 0.428406 -0.569817 0.0 0.428626 -0.570041 0.0 0.428846 -0.570265 0.0 0.429068 -0.570488 0.0 0.429289 -0.570711 0.0 0.429512 -0.570932 0.0 0.429735 -0.571154 0.0 0.429959 -0.571374 0.0 0.430183 -0.571594 0.0 0.430409 -0.571812 0.0 0.430635 -0.572031 0.0 0.430862 -0.572248 0.0 0.431089 -0.572465 0.0 0.431317 -0.572681 0.0 0.431545 -0.572897 0.0 0.431775 -0.573111 0.0 0.432005 -0.573326 0.0 0.432236 -0.573538 0.0 0.432467 -0.573751 0.0 0.432699 -0.573963 0.0 0.432931 -0.574174 0.0 0.433165 -0.574384 0.0 0.433399 -0.574594 0.0 0.433634 -0.574803 0.0 0.433869 -0.575011 0.0 0.434105 -0.575218 0.0 0.434341 -0.575425 0.0 0.434579 -0.575631 0.0 0.434817 -0.575836 0.0 0.435056 -0.57604 0.0 0.435294 -0.576244 0.0 0.435535 -0.576447 0.0 0.435775 -0.576649 0.0 0.436016 -0.57685 0.0 0.436258 -0.577051 0.0 0.4365 -0.577251 0.0 0.436743 -0.57745 0.0 0.436987 -0.577648 0.0 0.437231 -0.577846 0.0 0.437476 -0.578043 0.0 0.437721 -0.578239 0.0 0.437968 -0.578434 0.0 0.438214 -0.578629 0.0 0.438462 -0.578822 0.0 0.438709 -0.579016 0.0 0.438958 -0.579207 0.0 0.439207 -0.579399 0.0 0.439457 -0.579589 0.0 0.439707 -0.579779 0.0 0.439958 -0.579968 0.0 0.44021 -0.580157 0.0 0.440462 -0.580344 0.0 0.440714 -0.580531 0.0 0.440968 -0.580716 0.0 0.441221 -0.580902 0.0 0.441476 -0.581086 0.0 0.441731 -0.581269 0.0 0.441987 -0.581452 0.0 0.442243 -0.581634 0.0 0.4425 -0.581815 0.0 0.442757 -0.581995 0.0 0.443015 -0.582174 0.0 0.443273 -0.582353 0.0 0.443532 -0.582531 0.0 0.443792 -0.582708 0.0 0.444052 -0.582884 0.0 0.444312 -0.58306 0.0 0.444574 -0.583234 0.0 0.444835 -0.583408 0.0 0.445098 -0.58358 0.0 0.445361 -0.583753 0.0 0.445624 -0.583924 0.0 0.445888 -0.584094 0.0 0.446153 -0.584264 0.0 0.446417 -0.584433 0.0 0.446683 -0.5846 0.0 0.446949 -0.584768 0.0 0.447216 -0.584934 0.0 0.447483 -0.585099 0.0 0.44775 -0.585264 0.0 0.448018 -0.585428 0.0 0.448287 -0.58559 0.0 0.448556 -0.585753 0.0 0.448826 -0.585913 0.0 0.449096 -0.586074 0.0 0.449367 -0.586233 0.0 0.449638 -0.586392 0.0 0.44991 -0.58655 0.0 0.450181 -0.586707 0.0 0.450454 -0.586863 0.0 0.450727 -0.587018 0.0 0.451001 -0.587172 0.0 0.451275 -0.587326 0.0 0.45155 -0.587478 0.0 0.451825 -0.587631 0.0 0.4521 -0.587781 0.0 0.452376 -0.587932 0.0 0.452653 -0.58808 0.0 0.45293 -0.588229 0.0 0.453207 -0.588376 0.0 0.453485 -0.588523 0.0 0.453763 -0.588668 0.0 0.454042 -0.588814 0.0 0.454321 -0.588957 0.0 0.454601 -0.589101 0.0 0.454881 -0.589242 0.0 0.455162 -0.589384 0.0 0.455443 -0.589524 0.0 0.455724 -0.589664 0.0 0.456006 -0.589802 0.0 0.456288 -0.589941 0.0 0.456571 -0.590077 0.0 0.456854 -0.590213 0.0 0.457138 -0.590348 0.0 0.457422 -0.590483 0.0 0.457707 -0.590616 0.0 0.457991 -0.590748 0.0 0.458277 -0.59088 0.0 0.458562 -0.591011 0.0 0.458849 -0.59114 0.0 0.459135 -0.591269 0.0 0.459422 -0.591397 0.0 0.459709 -0.591524 0.0 0.459997 -0.59165 0.0 0.460285 -0.591775 0.0 0.460574 -0.591899 0.0 0.460863 -0.592023 0.0 0.461152 -0.592145 0.0 0.461442 -0.592267 0.0 0.461732 -0.592387 0.0 0.462022 -0.592508 0.0 0.462313 -0.592626 0.0 0.462604 -0.592745 0.0 0.462896 -0.592861 0.0 0.463188 -0.592978 0.0 0.46348 -0.593092 0.0 0.463772 -0.593207 0.0 0.464066 -0.59332 0.0 0.464359 -0.593433 0.0 0.464653 -0.593544 0.0 0.464947 -0.593655 0.0 0.465241 -0.593764 0.0 0.465536 -0.593873 0.0 0.465831 -0.593981 0.0 0.466126 -0.594088 0.0 0.466422 -0.594194 0.0 0.466718 -0.594299 0.0 0.467015 -0.594403 0.0 0.467311 -0.594506 0.0 0.467608 -0.594608 0.0 0.467906 -0.59471 0.0 0.468203 -0.59481 0.0 0.468501 -0.59491 0.0 0.4688 -0.595008 0.0 0.469098 -0.595106 0.0 0.469397 -0.595202 0.0 0.469696 -0.595298 0.0 0.469996 -0.595392 0.0 0.470296 -0.595486 0.0 0.470596 -0.595579 0.0 0.470896 -0.595671 0.0 0.471197 -0.595762 0.0 0.471498 -0.595852 0.0 0.471799 -0.595941 0.0 0.472101 -0.596029 0.0 0.472403 -0.596116 0.0 0.472705 -0.596203 0.0 0.473007 -0.596288 0.0 0.47331 -0.596372 0.0 0.473613 -0.596455 0.0 0.473916 -0.596538 0.0 0.474219 -0.596619 0.0 0.474523 -0.5967 0.0 0.474827 -0.596779 0.0 0.475131 -0.596858 0.0 0.475436 -0.596935 0.0 0.47574 -0.597013 0.0 0.476045 -0.597088 0.0 0.47635 -0.597163 0.0 0.476656 -0.597237 0.0 0.476961 -0.59731 0.0 0.477267 -0.597381 0.0 0.477573 -0.597453 0.0 0.477879 -0.597522 0.0 0.478186 -0.597592 0.0 0.478492 -0.597659 0.0 0.478799 -0.597727 0.0 0.479107 -0.597792 0.0 0.479414 -0.597858 0.0 0.479721 -0.597922 0.0 0.480029 -0.597986 0.0 0.480337 -0.598047 0.0 0.480645 -0.598109 0.0 0.480953 -0.598169 0.0 0.481262 -0.598229 0.0 0.481571 -0.598287 0.0 0.481879 -0.598345 0.0 0.482189 -0.5984 0.0 0.482498 -0.598456 0.0 0.482807 -0.59851 0.0 0.483117 -0.598564 0.0 0.483426 -0.598617 0.0 0.483736 -0.598669 0.0 0.484046 -0.598719 0.0 0.484357 -0.598769 0.0 0.484667 -0.598817 0.0 0.484977 -0.598865 0.0 0.485288 -0.598911 0.0 0.485599 -0.598958 0.0 0.48591 -0.599002 0.0 0.486221 -0.599046 0.0 0.486532 -0.599088 0.0 0.486844 -0.599131 0.0 0.487155 -0.599171 0.0 0.487467 -0.599211 0.0 0.487778 -0.59925 0.0 0.48809 -0.599288 0.0 0.488402 -0.599325 0.0 0.488714 -0.599361 0.0 0.489027 -0.599396 0.0 0.489339 -0.59943 0.0 0.489651 -0.599463 0.0 0.489964 -0.599495 0.0 0.490276 -0.599526 0.0 0.490589 -0.599556 0.0 0.490902 -0.599585 0.0 0.491215 -0.599613 0.0 0.491528 -0.59964 0.0 0.491841 -0.599667 0.0 0.492154 -0.599691 0.0 0.492467 -0.599716 0.0 0.492781 -0.599739 0.0 0.493094 -0.599761 0.0 0.493407 -0.599782 0.0 0.493721 -0.599803 0.0 0.494035 -0.599821 0.0 0.494348 -0.59984 0.0 0.494662 -0.599857 0.0 0.494976 -0.599874 0.0 0.495289 -0.599888 0.0 0.495603 -0.599903 0.0 0.495917 -0.599916 0.0 0.496231 -0.599929 0.0 0.496545 -0.59994 0.0 0.496859 -0.599951 0.0 0.497173 -0.59996 0.0 0.497487 -0.599968 0.0 0.497801 -0.599975 0.0 0.498115 -0.599982 0.0 0.498429 -0.599987 0.0 0.498743 -0.599992 0.0 0.499058 -0.599995 0.0 0.499372 -0.599998 0.0 0.499686 -0.599999 0.0 0.5 -0.6 0.0 0.500314 -0.599999 0.0 0.500628 -0.599998 0.0 0.500942 -0.599995 0.0 0.501257 -0.599992 0.0 0.501571 -0.599987 0.0 0.501885 -0.599982 0.0 0.502199 -0.599975 0.0 0.502513 -0.599968 0.0 0.502827 -0.59996 0.0 0.503141 -0.599951 0.0 0.503455 -0.59994 0.0 0.503769 -0.599929 0.0 0.504083 -0.599916 0.0 0.504397 -0.599903 0.0 0.504711 -0.599888 0.0 0.505024 -0.599874 0.0 0.505338 -0.599857 0.0 0.505652 -0.59984 0.0 0.505965 -0.599821 0.0 0.506279 -0.599803 0.0 0.506593 -0.599782 0.0 0.506906 -0.599761 0.0 0.507219 -0.599739 0.0 0.507533 -0.599716 0.0 0.507846 -0.599691 0.0 0.508159 -0.599667 0.0 0.508472 -0.59964 0.0 0.508785 -0.599613 0.0 0.509098 -0.599585 0.0 0.509411 -0.599556 0.0 0.509724 -0.599526 0.0 0.510036 -0.599495 0.0 0.510349 -0.599463 0.0 0.510661 -0.59943 0.0 0.510973 -0.599396 0.0 0.511286 -0.599361 0.0 0.511598 -0.599325 0.0 0.51191 -0.599288 0.0 0.512222 -0.59925 0.0 0.512533 -0.599211 0.0 0.512845 -0.599171 0.0 0.513156 -0.599131 0.0 0.513468 -0.599088 0.0 0.513779 -0.599046 0.0 0.51409 -0.599002 0.0 0.514401 -0.598958 0.0 0.514712 -0.598911 0.0 0.515023 -0.598865 0.0 0.515333 -0.598817 0.0 0.515643 -0.598769 0.0 0.515954 -0.598719 0.0 0.516264 -0.598669 0.0 0.516574 -0.598617 0.0 0.516883 -0.598564 0.0 0.517193 -0.59851 0.0 0.517502 -0.598456 0.0 0.517811 -0.5984 0.0 0.518121 -0.598345 0.0 0.518429 -0.598287 0.0 0.518738 -0.598229 0.0 0.519047 -0.598169 0.0 0.519355 -0.598109 0.0 0.519663 -0.598047 0.0 0.519971 -0.597986 0.0 0.520279 -0.597922 0.0 0.520586 -0.597858 0.0 0.520893 -0.597792 0.0 0.521201 -0.597727 0.0 0.521508 -0.597659 0.0 0.521814 -0.597592 0.0 0.522121 -0.597522 0.0 0.522427 -0.597453 0.0 0.522733 -0.597381 0.0 0.523039 -0.59731 0.0 0.523344 -0.597237 0.0 0.52365 -0.597163 0.0 0.523955 -0.597088 0.0 0.52426 -0.597013 0.0 0.524564 -0.596935 0.0 0.524869 -0.596858 0.0 0.525173 -0.596779 0.0 0.525477 -0.5967 0.0 0.525781 -0.596619 0.0 0.526084 -0.596538 0.0 0.526387 -0.596455 0.0 0.52669 -0.596372 0.0 0.526993 -0.596288 0.0 0.527295 -0.596203 0.0 0.527597 -0.596116 0.0 0.527899 -0.596029 0.0 0.528201 -0.595941 0.0 0.528502 -0.595852 0.0 0.528803 -0.595762 0.0 0.529104 -0.595671 0.0 0.529404 -0.595579 0.0 0.529704 -0.595486 0.0 0.530004 -0.595392 0.0 0.530304 -0.595298 0.0 0.530603 -0.595202 0.0 0.530902 -0.595106 0.0 0.5312 -0.595008 0.0 0.531499 -0.59491 0.0 0.531797 -0.59481 0.0 0.532094 -0.59471 0.0 0.532392 -0.594608 0.0 0.532689 -0.594506 0.0 0.532985 -0.594403 0.0 0.533282 -0.594299 0.0 0.533578 -0.594194 0.0 0.533874 -0.594088 0.0 0.534169 -0.593981 0.0 0.534464 -0.593873 0.0 0.534759 -0.593764 0.0 0.535053 -0.593655 0.0 0.535347 -0.593544 0.0 0.535641 -0.593433 0.0 0.535934 -0.59332 0.0 0.536228 -0.593207 0.0 0.53652 -0.593092 0.0 0.536812 -0.592978 0.0 0.537104 -0.592861 0.0 0.537396 -0.592745 0.0 0.537687 -0.592626 0.0 0.537978 -0.592508 0.0 0.538268 -0.592387 0.0 0.538558 -0.592267 0.0 0.538848 -0.592145 0.0 0.539137 -0.592023 0.0 0.539426 -0.591899 0.0 0.539715 -0.591775 0.0 0.540003 -0.59165 0.0 0.540291 -0.591524 0.0 0.540578 -0.591397 0.0 0.540865 -0.591269 0.0 0.541151 -0.59114 0.0 0.541438 -0.591011 0.0 0.541723 -0.59088 0.0 0.542009 -0.590748 0.0 0.542293 -0.590616 0.0 0.542578 -0.590483 0.0 0.542862 -0.590348 0.0 0.543146 -0.590213 0.0 0.543429 -0.590077 0.0 0.543712 -0.589941 0.0 0.543994 -0.589802 0.0 0.544276 -0.589664 0.0 0.544557 -0.589524 0.0 0.544838 -0.589384 0.0 0.545119 -0.589242 0.0 0.545399 -0.589101 0.0 0.545679 -0.588957 0.0 0.545958 -0.588814 0.0 0.546237 -0.588668 0.0 0.546515 -0.588523 0.0 0.546793 -0.588376 0.0 0.54707 -0.588229 0.0 0.547347 -0.58808 0.0 0.547624 -0.587932 0.0 0.5479 -0.587781 0.0 0.548175 -0.587631 0.0 0.54845 -0.587478 0.0 0.548725 -0.587326 0.0 0.548999 -0.587172 0.0 0.549273 -0.587018 0.0 0.549546 -0.586863 0.0 0.549819 -0.586707 0.0 0.55009 -0.58655 0.0 0.550362 -0.586392 0.0 0.550633 -0.586233 0.0 0.550904 -0.586074 0.0 0.551174 -0.585913 0.0 0.551444 -0.585753 0.0 0.551713 -0.58559 0.0 0.551982 -0.585428 0.0 0.55225 -0.585264 0.0 0.552517 -0.585099 0.0 0.552784 -0.584934 0.0 0.553051 -0.584768 0.0 0.553317 -0.5846 0.0 0.553583 -0.584433 0.0 0.553847 -0.584264 0.0 0.554112 -0.584094 0.0 0.554376 -0.583924 0.0 0.554639 -0.583753 0.0 0.554902 -0.58358 0.0 0.555165 -0.583408 0.0 0.555426 -0.583234 0.0 0.555688 -0.58306 0.0 0.555948 -0.582884 0.0 0.556208 -0.582708 0.0 0.556468 -0.582531 0.0 0.556727 -0.582353 0.0 0.556985 -0.582174 0.0 0.557243 -0.581995 0.0 0.5575 -0.581815 0.0 0.557757 -0.581634 0.0 0.558013 -0.581452 0.0 0.558269 -0.581269 0.0 0.558524 -0.581086 0.0 0.558779 -0.580902 0.0 0.559032 -0.580716 0.0 0.559286 -0.580531 0.0 0.559538 -0.580344 0.0 0.55979 -0.580157 0.0 0.560042 -0.579968 0.0 0.560293 -0.579779 0.0 0.560543 -0.579589 0.0 0.560793 -0.579399 0.0 0.561042 -0.579207 0.0 0.561291 -0.579016 0.0 0.561538 -0.578822 0.0 0.561786 -0.578629 0.0 0.562032 -0.578434 0.0 0.562279 -0.578239 0.0 0.562524 -0.578043 0.0 0.562769 -0.577846 0.0 0.563013 -0.577648 0.0 0.563257 -0.57745 0.0 0.5635 -0.577251 0.0 0.563742 -0.577051 0.0 0.563984 -0.57685 0.0 0.564225 -0.576649 0.0 0.564465 -0.576447 0.0 0.564706 -0.576244 0.0 0.564944 -0.57604 0.0 0.565183 -0.575836 0.0 0.565421 -0.575631 0.0 0.565659 -0.575425 0.0 0.565895 -0.575218 0.0 0.566131 -0.575011 0.0 0.566366 -0.574803 0.0 0.566601 -0.574594 0.0 0.566835 -0.574384 0.0 0.567069 -0.574174 0.0 0.567301 -0.573963 0.0 0.567533 -0.573751 0.0 0.567764 -0.573538 0.0 0.567995 -0.573326 0.0 0.568225 -0.573111 0.0 0.568455 -0.572897 0.0 0.568683 -0.572681 0.0 0.568911 -0.572465 0.0 0.569138 -0.572248 0.0 0.569365 -0.572031 0.0 0.569591 -0.571812 0.0 0.569817 -0.571594 0.0 0.570041 -0.571374 0.0 0.570265 -0.571154 0.0 0.570488 -0.570932 0.0 0.570711 -0.570711 0.0 0.570932 -0.570488 0.0 0.571154 -0.570265 0.0 0.571374 -0.570041 0.0 0.571594 -0.569817 0.0 0.571812 -0.569591 0.0 0.572031 -0.569365 0.0 0.572248 -0.569138 0.0 0.572465 -0.568911 0.0 0.572681 -0.568683 0.0 0.572897 -0.568455 0.0 0.573111 -0.568225 0.0 0.573326 -0.567995 0.0 0.573538 -0.567764 0.0 0.573751 -0.567533 0.0 0.573963 -0.567301 0.0 0.574174 -0.567069 0.0 0.574384 -0.566835 0.0 0.574594 -0.566601 0.0 0.574803 -0.566366 0.0 0.575011 -0.566131 0.0 0.575218 -0.565895 0.0 0.575425 -0.565659 0.0 0.575631 -0.565421 0.0 0.575836 -0.565183 0.0 0.57604 -0.564944 0.0 0.576244 -0.564706 0.0 0.576447 -0.564465 0.0 0.576649 -0.564225 0.0 0.57685 -0.563984 0.0 0.577051 -0.563742 0.0 0.577251 -0.5635 0.0 0.57745 -0.563257 0.0 0.577648 -0.563013 0.0 0.577846 -0.562769 0.0 0.578043 -0.562524 0.0 0.578239 -0.562279 0.0 0.578434 -0.562032 0.0 0.578629 -0.561786 0.0 0.578822 -0.561538 0.0 0.579016 -0.561291 0.0 0.579207 -0.561042 0.0 0.579399 -0.560793 0.0 0.579589 -0.560543 0.0 0.579779 -0.560293 0.0 0.579968 -0.560042 0.0 0.580157 -0.55979 0.0 0.580344 -0.559538 0.0 0.580531 -0.559286 0.0 0.580716 -0.559032 0.0 0.580902 -0.558779 0.0 0.581086 -0.558524 0.0 0.581269 -0.558269 0.0 0.581452 -0.558013 0.0 0.581634 -0.557757 0.0 0.581815 -0.5575 0.0 0.581995 -0.557243 0.0 0.582174 -0.556985 0.0 0.582353 -0.556727 0.0 0.582531 -0.556468 0.0 0.582708 -0.556208 0.0 0.582884 -0.555948 0.0 0.58306 -0.555688 0.0 0.583234 -0.555426 0.0 0.583408 -0.555165 0.0 0.58358 -0.554902 0.0 0.583753 -0.554639 0.0 0.583924 -0.554376 0.0 0.584094 -0.554112 0.0 0.584264 -0.553847 0.0 0.584433 -0.553583 0.0 0.5846 -0.553317 0.0 0.584768 -0.553051 0.0 0.584934 -0.552784 0.0 0.585099 -0.552517 0.0 0.585264 -0.55225 0.0 0.585428 -0.551982 0.0 0.58559 -0.551713 0.0 0.585753 -0.551444 0.0 0.585913 -0.551174 0.0 0.586074 -0.550904 0.0 0.586233 -0.550633 0.0 0.586392 -0.550362 0.0 0.58655 -0.55009 0.0 0.586707 -0.549819 0.0 0.586863 -0.549546 0.0 0.587018 -0.549273 0.0 0.587172 -0.548999 0.0 0.587326 -0.548725 0.0 0.587478 -0.54845 0.0 0.587631 -0.548175 0.0 0.587781 -0.5479 0.0 0.587932 -0.547624 0.0 0.58808 -0.547347 0.0 0.588229 -0.54707 0.0 0.588376 -0.546793 0.0 0.588523 -0.546515 0.0 0.588668 -0.546237 0.0 0.588814 -0.545958 0.0 0.588957 -0.545679 0.0 0.589101 -0.545399 0.0 0.589242 -0.545119 0.0 0.589384 -0.544838 0.0 0.589524 -0.544557 0.0 0.589664 -0.544276 0.0 0.589802 -0.543994 0.0 0.589941 -0.543712 0.0 0.590077 -0.543429 0.0 0.590213 -0.543146 0.0 0.590348 -0.542862 0.0 0.590483 -0.542578 0.0 0.590616 -0.542293 0.0 0.590748 -0.542009 0.0 0.59088 -0.541723 0.0 0.591011 -0.541438 0.0 0.59114 -0.541151 0.0 0.591269 -0.540865 0.0 0.591397 -0.540578 0.0 0.591524 -0.540291 0.0 0.59165 -0.540003 0.0 0.591775 -0.539715 0.0 0.591899 -0.539426 0.0 0.592023 -0.539137 0.0 0.592145 -0.538848 0.0 0.592267 -0.538558 0.0 0.592387 -0.538268 0.0 0.592508 -0.537978 0.0 0.592626 -0.537687 0.0 0.592745 -0.537396 0.0 0.592861 -0.537104 0.0 0.592978 -0.536812 0.0 0.593092 -0.53652 0.0 0.593207 -0.536228 0.0 0.59332 -0.535934 0.0 0.593433 -0.535641 0.0 0.593544 -0.535347 0.0 0.593655 -0.535053 0.0 0.593764 -0.534759 0.0 0.593873 -0.534464 0.0 0.593981 -0.534169 0.0 0.594088 -0.533874 0.0 0.594194 -0.533578 0.0 0.594299 -0.533282 0.0 0.594403 -0.532985 0.0 0.594506 -0.532689 0.0 0.594608 -0.532392 0.0 0.59471 -0.532094 0.0 0.59481 -0.531797 0.0 0.59491 -0.531499 0.0 0.595008 -0.5312 0.0 0.595106 -0.530902 0.0 0.595202 -0.530603 0.0 0.595298 -0.530304 0.0 0.595392 -0.530004 0.0 0.595486 -0.529704 0.0 0.595579 -0.529404 0.0 0.595671 -0.529104 0.0 0.595762 -0.528803 0.0 0.595852 -0.528502 0.0 0.595941 -0.528201 0.0 0.596029 -0.527899 0.0 0.596116 -0.527597 0.0 0.596203 -0.527295 0.0 0.596288 -0.526993 0.0 0.596372 -0.52669 0.0 0.596455 -0.526387 0.0 0.596538 -0.526084 0.0 0.596619 -0.525781 0.0 0.5967 -0.525477 0.0 0.596779 -0.525173 0.0 0.596858 -0.524869 0.0 0.596935 -0.524564 0.0 0.597013 -0.52426 0.0 0.597088 -0.523955 0.0 0.597163 -0.52365 0.0 0.597237 -0.523344 0.0 0.59731 -0.523039 0.0 0.597381 -0.522733 0.0 0.597453 -0.522427 0.0 0.597522 -0.522121 0.0 0.597592 -0.521814 0.0 0.597659 -0.521508 0.0 0.597727 -0.521201 0.0 0.597792 -0.520893 0.0 0.597858 -0.520586 0.0 0.597922 -0.520279 0.0 0.597986 -0.519971 0.0 0.598047 -0.519663 0.0 0.598109 -0.519355 0.0 0.598169 -0.519047 0.0 0.598229 -0.518738 0.0 0.598287 -0.518429 0.0 0.598345 -0.518121 0.0 0.5984 -0.517811 0.0 0.598456 -0.517502 0.0 0.59851 -0.517193 0.0 0.598564 -0.516883 0.0 0.598617 -0.516574 0.0 0.598669 -0.516264 0.0 0.598719 -0.515954 0.0 0.598769 -0.515643 0.0 0.598817 -0.515333 0.0 0.598865 -0.515023 0.0 0.598911 -0.514712 0.0 0.598958 -0.514401 0.0 0.599002 -0.51409 0.0 0.599046 -0.513779 0.0 0.599088 -0.513468 0.0 0.599131 -0.513156 0.0 0.599171 -0.512845 0.0 0.599211 -0.512533 0.0 0.59925 -0.512222 0.0 0.599288 -0.51191 0.0 0.599325 -0.511598 0.0 0.599361 -0.511286 0.0 0.599396 -0.510973 0.0 0.59943 -0.510661 0.0 0.599463 -0.510349 0.0 0.599495 -0.510036 0.0 0.599526 -0.509724 0.0 0.599556 -0.509411 0.0 0.599585 -0.509098 0.0 0.599613 -0.508785 0.0 0.59964 -0.508472 0.0 0.599667 -0.508159 0.0 0.599691 -0.507846 0.0 0.599716 -0.507533 0.0 0.599739 -0.507219 0.0 0.599761 -0.506906 0.0 0.599782 -0.506593 0.0 0.599803 -0.506279 0.0 0.599821 -0.505965 0.0 0.59984 -0.505652 0.0 0.599857 -0.505338 0.0 0.599874 -0.505024 0.0 0.599888 -0.504711 0.0 0.599903 -0.504397 0.0 0.599916 -0.504083 0.0 0.599929 -0.503769 0.0 0.59994 -0.503455 0.0 0.599951 -0.503141 0.0 0.59996 -0.502827 0.0 0.599968 -0.502513 0.0 0.599975 -0.502199 0.0 0.599982 -0.501885 0.0 0.599987 -0.501571 0.0 0.599992 -0.501257 0.0 0.599995 -0.500942 0.0 0.599998 -0.500628 0.0 0.599999 -0.500314 0.0 
        </DataArray>
      </Points>
      <Polys>
        <DataArray type="Int64" Name="connectivity" format="ascii">
0 1 1 2 2 3 3 4 4 5 5 6 6 7 7 8 8 9 9 10 10 11 11 12 12 13 13 14 14 15 15 16 16 17 17 18 18 19 19 20 20 21 21 22 22 23 23 24 24 25 25 26 26 27 27 28 28 29 29 30 30 31 31 32 32 33 33 34 34 35 35 36 36 37 37 38 38 39 39 40 40 41 41 42 42 43 43 44 44 45 45 46 46 47 47 48 48 49 49 50 50 51 51 52 52 53 53 54 54 55 55 56 56 57 57 58 58 59 59 60 60 61 61 62 62 63 63 64 64 65 65 66 66 67 67 68 68 69 69 70 70 71 71 72 72 73 73 74 74 75 75 76 76 77 77 78 78 79 79 80 80 81 81 82 82 83 83 84 84 85 85 86 86 87 87 88 88 89 89 90 90 91 91 92 92 93 93 94 94 95 95 96 96 97 97 98 98 99 99 100 100 101 101 102 102 103 103 104 104 105 105 106 106 107 107 108 108 109 109 110 110 111 111 112 112 113 113 114 114 115 115 116 116 117 117 118 118 119 119 120 120 121 121 122 122 123 123 124 124 125 125 126 126 127 127 128 128 129 129 130 130 131 131 132 132 133 133 134 134 135 135 136 136 137 137 138 138 139 139 140 140 141 141 142 142 143 143 144 144 145 145 146 146 147 147 148 148 149 149 150 150 151 151 152 152 153 153 154 154 155 155 156 156 157 157 158 158 159 159 160 160 161 161 162 162 163 163 164 164 165 165 166 166 167 167 168 168 169 169 170 170 171 171 172 172 173 173 174 174 175 175 176 176 177 177 178 178 179 179 180 180 181 181 182 182 183 183 184 184 185 185 186 186 187 187 188 188 189 189 190 190 191 191 192 192 193 193 194 194 195 195 196 196 197 197 198 198 199 199 200 200 201 201 202 202 203 203 204 204 205 205 206 206 207 207 208 208 209 209 210 210 211 211 212 212 213 213 214 214 215 215 216 216 217 217 218 218 219 219 220 220 221 221 222 222 223 223 224 224 225 225 226 226 227 227 228 228 229 229 230 230 231 231 232 232 233 233 234 234 235 235 236 236 237 237 238 238 239 239 240 240 241 241 242 242 243 243 244 244 245 245 246 246 247 247 248 248 249 249 250 250 251 251 252 252 253 253 254 254 255 255 256 256 257 257 258 258 259 259 260 260 261 261 262 262 263 263 264 264 265 265 266 266 267 267 268 268 269 269 270 270 271 271 272 272 273 273 274 274 275 275 276 276 277 277 278 278 279 279 280 280 281 281 282 282 283 283 284 284 285 285 286 286 287 287 288 288 289 289 290 290 291 291 292 292 293 293 294 294 295 295 296 296 297 297 298 298 299 299 300 300 301 301 302 302 303 303 304 304 305 305 306 306 307 307 308 308 309 309 310 310 311 311 312 312 313 313 314 314 315 315 316 316 317 317 318 318 319 319 320 320 321 321 322 322 323 323 324 324 325 325 326 326 327 327 328 328 329 329 330 330 331 331 332 332 333 333 334 334 335 335 336 336 337 337 338 338 339 339 340 340 341 341 342 342 343 343 344 344 345 345 346 346 347 347 348 348 349 349 350 350 351 351 352 352 353 353 354 354 355 355 356 356 357 357 358 358 359 359 360 360 361 361 362 362 363 363 364 364 365 365 366 366 367 367 368 368 369 369 370 370 371 371 372 372 373 373 374 374 375 375 376 376 377 377 378 378 379 379 380 380 381 381 382 382 383 383 384 384 385 385 386 386 387 387 388 388 389 389 390 390 391 391 392 392 393 393 394 394 395 395 396 396 397 397 398 398 399 399 400 400 401 401 402 402 403 403 404 404 405 405 406 406 407 407 408 408 409 409 410 410 411 411 412 412 413 413 414 414 415 415 416 416 417 417 418 418 419 419 420 420 421 421 422 422 423 423 424 424 425 425 426 426 427 427 428 428 429 429 430 430 431 431 432 432 433 433 434 434 435 435 436 436 437 437 438 438 439 439 440 440 441 441 442 442 443 443 444 444 445 445 446 446 447 447 448 448 449 449 450 450 451 451 452 452 453 453 454 454 455 455 456 456 457 457 458 458 459 459 460 460 461 461 462 462 463 463 464 464 465 465 466 466 467 467 468 468 469 469 470 470 471 471 472 472 473 473 474 474 475 475 476 476 477 477 478 478 479 479 480 480 481 481 482 482 483 483 484 484 485 485 486 486 487 487 488 488 489 489 490 490 491 491 492 492 493 493 494 494 495 495 496 496 497 497 498 498 499 499 500 500 501 501 502 502 503 503 504 504 505 505 506 506 507 507 508 508 509 509 510 510 511 511 512 512 513 513 514 514 515 515 516 516 517 517 518 518 519 519 520 520 521 521 522 522 523 523 524 524 525 525 526 526 527 527 528 528 529 529 530 530 531 531 532 532 533 533 534 534 535 535 536 536 537 537 538 538 539 539 540 540 541 541 542 542 543 543 544 544 545 545 546 546 547 547 548 548 549 549 550 550 551 551 552 552 553 553 554 554 555 555 556 556 557 557 558 558 559 559 560 560 561 561 562 562 563 563 564 564 565 565 566 566 567 567 568 568 569 569 570 570 571 571 572 572 573 573 574 574 575 575 576 576 577 577 578 578 579 579 580 580 581 581 582 582 583 583 584 584 585 585 586 586 587 587 588 588 589 589 590 590 591 591 592 592 593 593 594 594 595 595 596 596 597 597 598 598 599 599 600 600 601 601 602 602 603 603 604 604 605 605 606 606 607 607 608 608 609 609 610 610 611 611 612 612 613 613 614 614 615 615 616 616 617 617 618 618 619 619 620 620 621 621 622 622 623 623 624 624 625 625 626 626 627 627 628 628 629 629 630 630 631 631 632 632 633 633 634 634 635 635 636 636 637 637 638 638 639 639 640 640 641 641 642 642 643 643 644 644 645 645 646 646 647 647 648 648 649 649 650 650 651 651 652 652 653 653 654 654 655 655 656 656 657 657 658 658 659 659 660 660 661 661 662 662 663 663 664 664 665 665 666 666 667 667 668 668 669 669 670 670 671 671 672 672 673 673 674 674 675 675 676 676 677 677 678 678 679 679 680 680 681 681 682 682 683 683 684 684 685 685 686 686 687 687 688 688 689 689 690 690 691 691 692 692 693 693 694 694 695 695 696 696 697 697 698 698 699 699 700 700 701 701 702 702 703 703 704 704 705 705 706 706 707 707 708 708 709 709 710 710 711 711 712 712 713 713 714 714 715 715 716 716 717 717 718 718 719 719 720 720 721 721 722 722 723 723 724 724 725 725 726 726 727 727 728 728 729 729 730 730 731 731 732 732 733 733 734 734 735 735 736 736 737 737 738 738 739 739 740 740 741 741 742 742 743 743 744 744 745 745 746 746 747 747 748 748 749 749 750 750 751 751 752 752 753 753 754 754 755 755 756 756 757 757 758 758 759 759 760 760 761 761 762 762 763 763 764 764 765 765 766 766 767 767 768 768 769 769 770 770 771 771 772 772 773 773 774 774 775 775 776 776 777 777 778 778 779 779 780 780 781 781 782 782 783 783 784 784 785 785 786 786 787 787 788 788 789 789 790 790 791 791 792 792 793 793 794 794 795 795 796 796 797 797 798 798 799 799 800 800 801 801 802 802 803 803 804 804 805 805 806 806 807 807 808 808 809 809 810 810 811 811 812 812 813 813 814 814 815 815 816 816 817 817 818 818 819 819 820 820 821 821 822 822 823 823 824 824 825 825 826 826 827 827 828 828 829 829 830 830 831 831 832 832 833 833 834 834 835 835 836 836 837 837 838 838 839 839 840 840 841 841 842 842 843 843 844 844 845 845 846 846 847 847 848 848 849 849 850 850 851 851 852 852 853 853 854 854 855 855 856 856 857 857 858 858 859 859 860 860 861 861 862 862 863 863 864 864 865 865 866 866 867 867 868 868 869 869 870 870 871 871 872 872 873 873 874 874 875 875 876 876 877 877 878 878 879 879 880 880 881 881 882 882 883 883 884 884 885 885 886 886 887 887 888 888 889 889 890 890 891 891 892 892 893 893 894 894 895 895 896 896 897 897 898 898 899 899 900 900 901 901 902 902 903 903 904 904 905 905 906 906 907 907 908 908 909 909 910 910 911 911 912 912 913 913 914 914 915 915 916 916 917 917 918 918 919 919 920 920 921 921 922 922 923 923 924 924 925 925 926 926 927 927 928 928 929 929 930 930 931 931 932 932 933 933 934 934 935 935 936 936 937 937 938 938 939 939 940 940 941 941 942 942 943 943 944 944 945 945 946 946 947 947 948 948 949 949 950 950 951 951 952 952 953 953 954 954 955 955 956 956 957 957 958 958 959 959 960 960 961 961 962 962 963 963 964 964 965 965 966 966 967 967 968 968 969 969 970 970 971 971 972 972 973 973 974 974 975 975 976 976 977 977 978 978 979 979 980 980 981 981 982 982 983 983 984 984 985 985 986 986 987 987 988 988 989 989 990 990 991 991 992 992 993 993 994 994 995 995 996 996 997 997 998 998 999 999 1000 1000 1001 1001 1002 1002 1003 1003 1004 1004 1005 1005 1006 1006 1007 1007 1008 1008 1009 1009 1010 1010 1011 1011 1012 1012 1013 1013 1014 1014 1015 1015 1016 1016 1017 1017 1018 1018 1019 1019 1020 1020 1021 1021 1022 1022 1023 1023 1024 1024 1025 1025 1026 1026 1027 1027 1028 1028 1029 1029 1030 1030 1031 1031 1032 1032 1033 1033 1034 1034 1035 1035 1036 1036 1037 1037 1038 1038 1039 1039 1040 1040 1041 1041 1042 1042 1043 1043 1044 1044 1045 1045 1046 1046 1047 1047 1048 1048 1049 1049 1050 1050 1051 1051 1052 1052 1053 1053 1054 1054 1055 1055 1056 1056 1057 1057 1058 1058 1059 1059 1060 1060 1061 1061 1062 1062 1063 1063 1064 1064 1065 1065 1066 1066 1067 1067 1068 1068 1069 1069 1070 1070 1071 1071 1072 1072 1073 1073 1074 1074 1075 1075 1076 1076 1077 1077 1078 1078 1079 1079 1080 1080 1081 1081 1082 1082 1083 1083 1084 1084 1085 1085 1086 1086 1087 1087 1088 1088 1089 1089 1090 1090 1091 1091 1092 1092 1093 1093 1094 1094 1095 1095 1096 1096 1097 1097 1098 1098 1099 1099 1100 1100 1101 1101 1102 1102 1103 1103 1104 1104 1105 1105 1106 1106 1107 1107 1108 1108 1109 1109 1110 1110 1111 1111 1112 1112 1113 1113 1114 1114 1115 1115 1116 1116 1117 1117 1118 1118 1119 1119 1120 1120 1121 1121 1122 1122 1123 1123 1124 1124 1125 1125 1126 1126 1127 1127 1128 1128 1129 1129 1130 1130 1131 1131 1132 1132 1133 1133 1134 1134 1135 1135 1136 1136 1137 1137 1138 1138 1139 1139 1140 1140 1141 1141 1142 1142 1143 1143 1144 1144 1145 1145 1146 1146 1147 1147 1148 1148 1149 1149 1150 1150 1151 1151 1152 1152 1153 1153 1154 1154 1155 1155 1156 1156 1157 1157 1158 1158 1159 1159 1160 1160 1161 1161 1162 1162 1163 1163 1164 1164 1165 1165 1166 1166 1167 1167 1168 1168 1169 1169 1170 1170 1171 1171 1172 1172 1173 1173 1174 1174 1175 1175 1176 1176 1177 1177 1178 1178 1179 1179 1180 1180 1181 1181 1182 1182 1183 1183 1184 1184 1185 1185 1186 1186 1187 1187 1188 1188 1189 1189 1190 1190 1191 1191 1192 1192 1193 1193 1194 1194 1195 1195 1196 1196 1197 1197 1198 1198 1199 1199 1200 1200 1201 1201 1202 1202 1203 1203 1204 1204 1205 1205 1206 1206 1207 1207 1208 1208 1209 1209 1210 1210 1211 1211 1212 1212 1213 1213 1214 1214 1215 1215 1216 1216 1217 1217 1218 1218 1219 1219 1220 1220 1221 1221 1222 1222 1223 1223 1224 1224 1225 1225 1226 1226 1227 1227 1228 1228 1229 1229 1230 1230 1231 1231 1232 1232 1233 1233 1234 1234 1235 1235 1236 1236 1237 1237 1238 1238 1239 1239 1240 1240 1241 1241 1242 1242 1243 1243 1244 1244 1245 1245 1246 1246 1247 1247 1248 1248 1249 1249 1250 1250 1251 1251 1252 1252 1253 1253 1254 1254 1255 1255 1256 1256 1257 1257 1258 1258 1259 1259 1260 1260 1261 1261 1262 1262 1263 1263 1264 1264 1265 1265 1266 1266 1267 1267 1268 1268 1269 1269 1270 1270 1271 1271 1272 1272 1273 1273 1274 1274 1275 1275 1276 1276 1277 1277 1278 1278 1279 1279 1280 1280 1281 1281 1282 1282 1283 1283 1284 1284 1285 1285 1286 1286 1287 1287 1288 1288 1289 1289 1290 1290 1291 1291 1292 1292 1293 1293 1294 1294 1295 1295 1296 1296 1297 1297 1298 1298 1299 1299 1300 1300 1301 1301 1302 1302 1303 1303 1304 1304 1305 1305 1306 1306 1307 1307 1308 1308 1309 1309 1310 1310 1311 1311 1312 1312 1313 1313 1314 1314 1315 1315 1316 1316 1317 1317 1318 1318 1319 1319 1320 1320 1321 1321 1322 1322 1323 1323 1324 1324 1325 1325 1326 1326 1327 1327 1328 1328 1329 1329 1330 1330 1331 1331 1332 1332 1333 1333 1334 1334 1335 1335 1336 1336 1337 1337 1338 1338 1339 1339 1340 1340 1341 1341 1342 1342 1343 1343 1344 1344 1345 1345 1346 1346 1347 1347 1348 1348 1349 1349 1350 1350 1351 1351 1352 1352 1353 1353 1354 1354 1355 1355 1356 1356 1357 1357 1358 1358 1359 1359 1360 1360 1361 1361 1362 1362 1363 1363 1364 1364 1365 1365 1366 1366 1367 1367 1368 1368 1369 1369 1370 1370 1371 1371 1372 1372 1373 1373 1374 1374 1375 1375 1376 1376 1377 1377 1378 1378 1379 1379 1380 1380 1381 1381 1382 1382 1383 1383 1384 1384 1385 1385 1386 1386 1387 1387 1388 1388 1389 1389 1390 1390 1391 1391 1392 1392 1393 1393 1394 1394 1395 1395 1396 1396 1397 1397 1398 1398 1399 1399 1400 1400 1401 1401 1402 1402 1403 1403 1404 1404 1405 1405 1406 1406 1407 1407 1408 1408 1409 1409 1410 1410 1411 1411 1412 1412 1413 1413 1414 1414 1415 1415 1416 1416 1417 1417 1418 1418 1419 1419 1420 1420 1421 1421 1422 1422 1423 1423 1424 1424 1425 1425 1426 1426 1427 1427 1428 1428 1429 1429 1430 1430 1431 1431 1432 1432 1433 1433 1434 1434 1435 1435 1436 1436 1437 1437 1438 1438 1439 1439 1440 1440 1441 1441 1442 1442 1443 1443 1444 1444 1445 1445 1446 1446 1447 1447 1448 1448 1449 1449 1450 1450 1451 1451 1452 1452 1453 1453 1454 1454 1455 1455 1456 1456 1457 1457 1458 1458 1459 1459 1460 1460 1461 1461 1462 1462 1463 1463 1464 1464 1465 1465 1466 1466 1467 1467 1468 1468 1469 1469 1470 1470 1471 1471 1472 1472 1473 1473 1474 1474 1475 1475 1476 1476 1477 1477 1478 1478 1479 1479 1480 1480 1481 1481 1482 1482 1483 1483 1484 1484 1485 1485 1486 1486 1487 1487 1488 1488 1489 1489 1490 1490 1491 1491 1492 1492 1493 1493 1494 1494 1495 1495 1496 1496 1497 1497 1498 1498 1499 1499 1500 1500 1501 1501 1502 1502 1503 1503 1504 1504 1505 1505 1506 1506 1507 1507 1508 1508 1509 1509 1510 1510 1511 1511 1512 1512 1513 1513 1514 1514 1515 1515 1516 1516 1517 1517 1518 1518 1519 1519 1520 1520 1521 1521 1522 1522 1523 1523 1524 1524 1525 1525 1526 1526 1527 1527 1528 1528 1529 1529 1530 1530 1531 1531 1532 1532 1533 1533 1534 1534 1535 1535 1536 1536 1537 1537 1538 1538 1539 1539 1540 1540 1541 1541 1542 1542 1543 1543 1544 1544 1545 1545 1546 1546 1547 1547 1548 1548 1549 1549 1550 1550 1551 1551 1552 1552 1553 1553 1554 1554 1555 1555 1556 1556 1557 1557 1558 1558 1559 1559 1560 1560 1561 1561 1562 1562 1563 1563 1564 1564 1565 1565 1566 1566 1567 1567 1568 1568 1569 1569 1570 1570 1571 1571 1572 1572 1573 1573 1574 1574 1575 1575 1576 1576 1577 1577 1578 1578 1579 1579 1580 1580 1581 1581 1582 1582 1583 1583 1584 1584 1585 1585 1586 1586 1587 1587 1588 1588 1589 1589 1590 1590 1591 1591 1592 1592 1593 1593 1594 1594 1595 1595 1596 1596 1597 1597 1598 1598 1599 1599 1600 1600 1601 1601 1602 1602 1603 1603 1604 1604 1605 1605 1606 1606 1607 1607 1608 1608 1609 1609 1610 1610 1611 1611 1612 1612 1613 1613 1614 1614 1615 1615 1616 1616 1617 1617 1618 1618 1619 1619 1620 1620 1621 1621 1622 1622 1623 1623 1624 1624 1625 1625 1626 1626 1627 1627 1628 1628 1629 1629 1630 1630 1631 1631 1632 1632 1633 1633 1634 1634 1635 1635 1636 1636 1637 1637 1638 1638 1639 1639 1640 1640 1641 1641 1642 1642 1643 1643 1644 1644 1645 1645 1646 1646 1647 1647 1648 1648 1649 1649 1650 1650 1651 1651 1652 1652 1653 1653 1654 1654 1655 1655 1656 1656 1657 1657 1658 1658 1659 1659 1660 1660 1661 1661 1662 1662 1663 1663 1664 1664 1665 1665 1666 1666 1667 1667 1668 1668 1669 1669 1670 1670 1671 1671 1672 1672 1673 1673 1674 1674 1675 1675 1676 1676 1677 1677 1678 1678 1679 1679 1680 1680 1681 1681 1682 1682 1683 1683 1684 1684 1685 1685 1686 1686 1687 1687 1688 1688 1689 1689 1690 1690 1691 1691 1692 1692 1693 1693 1694 1694 1695 1695 1696 1696 1697 1697 1698 1698 1699 1699 1700 1700 1701 1701 1702 1702 1703 1703 1704 1704 1705 1705 1706 1706 1707 1707 1708 1708 1709 1709 1710 1710 1711 1711 1712 1712 1713 1713 1714 1714 1715 1715 1716 1716 1717 1717 1718 1718 1719 1719 1720 1720 1721 1721 1722 1722 1723 1723 1724 1724 1725 1725 1726 1726 1727 1727 1728 1728 1729 1729 1730 1730 1731 1731 1732 1732 1733 1733 1734 1734 1735 1735 1736 1736 1737 1737 1738 1738 1739 1739 1740 1740 1741 1741 1742 1742 1743 1743 1744 1744 1745 1745 1746 1746 1747 1747 1748 1748 1749 1749 1750 1750 1751 1751 1752 1752 1753 1753 1754 1754 1755 1755 1756 1756 1757 1757 1758 1758 1759 1759 1760 1760 1761 1761 1762 1762 1763 1763 1764 1764 1765 1765 1766 1766 1767 1767 1768 1768 1769 1769 1770 1770 1771 1771 1772 1772 1773 1773 1774 1774 1775 1775 1776 1776 1777 1777 1778 1778 1779 1779 1780 1780 1781 1781 1782 1782 1783 1783 1784 1784 1785 1785 1786 1786 1787 1787 1788 1788 1789 1789 1790 1790 1791 1791 1792 1792 1793 1793 1794 1794 1795 1795 1796 1796 1797 1797 1798 1798 1799 1799 1800 1800 1801 1801 1802 1802 1803 1803 1804 1804 1805 1805 1806 1806 1807 1807 1808 1808 1809 1809 1810 1810 1811 1811 1812 1812 1813 1813 1814 1814 1815 1815 1816 1816 1817 1817 1818 1818 1819 1819 1820 1820 1821 1821 1822 1822 1823 1823 1824 1824 1825 1825 1826 1826 1827 1827 1828 1828 1829 1829 1830 1830 1831 1831 1832 1832 1833 1833 1834 1834 1835 1835 1836 1836 1837 1837 1838 1838 1839 1839 1840 1840 1841 1841 1842 1842 1843 1843 1844 1844 1845 1845 1846 1846 1847 1847 1848 1848 1849 1849 1850 1850 1851 1851 1852 1852 1853 1853 1854 1854 1855 1855 1856 1856 1857 1857 1858 1858 1859 1859 1860 1860 1861 1861 1862 1862 1863 1863 1864 1864 1865 1865 1866 1866 1867 1867 1868 1868 1869 1869 1870 1870 1871 1871 1872 1872 1873 1873 1874 1874 1875 1875 1876 1876 1877 1877 1878 1878 1879 1879 1880 1880 1881 1881 1882 1882 1883 1883 1884 1884 1885 1885 1886 1886 1887 1887 1888 1888 1889 1889 1890 1890 1891 1891 1892 1892 1893 1893 1894 1894 1895 1895 1896 1896 1897 1897 1898 1898 1899 1899 1900 1900 1901 1901 1902 1902 1903 1903 1904 1904 1905 1905 1906 1906 1907 1907 1908 1908 1909 1909 1910 1910 1911 1911 1912 1912 1913 1913 1914 1914 1915 1915 1916 1916 1917 1917 1918 1918 1919 1919 1920 1920 1921 1921 1922 1922 1923 1923 1924 1924 1925 1925 1926 1926 1927 1927 1928 1928 1929 1929 1930 1930 1931 1931 1932 1932 1933 1933 1934 1934 1935 1935 1936 1936 1937 1937 1938 1938 1939 1939 1940 1940 1941 1941 1942 1942 1943 1943 1944 1944 1945 1945 1946 1946 1947 1947 1948 1948 1949 1949 1950 1950 1951 1951 1952 1952 1953 1953 1954 1954 1955 1955 1956 1956 1957 1957 1958 1958 1959 1959 1960 1960 1961 1961 1962 1962 1963 1963 1964 1964 1965 1965 1966 1966 1967 1967 1968 1968 1969 1969 1970 1970 1971 1971 1972 1972 1973 1973 1974 1974 1975 1975 1976 1976 1977 1977 1978 1978 1979 1979 1980 1980 1981 1981 1982 1982 1983 1983 1984 1984 1985 1985 1986 1986 1987 1987 1988 1988 1989 1989 1990 1990 1991 1991 1992 1992 1993 1993 1994 1994 1995 1995 1996 1996 1997 1997 1998 1998 1999 1999 0 
        </DataArray>
        <DataArray type="Int64" Name="offsets" format="ascii">
2 4 6 8 10 12 14 16 18 20 22 24 26 28 30 32 34 36 38 40 42 44 46 48 50 52 54 56 58 60 62 64 66 68 70 72 74 76 78 80 82 84 86 88 90 92 94 96 98 100 102 104 106 108 110 112 114 116 118 120 122 124 126 128 130 132 134 136 138 140 142 144 146 148 150 152 154 156 158 160 162 164 166 168 170 172 174 176 178 180 182 184 186 188 190 192 194 196 198 200 202 204 206 208 210 212 214 216 218 220 222 224 226 228 230 232 234 236 238 240 242 244 246 248 250 252 254 256 258 260 262 264 266 268 270 272 274 276 278 280 282 284 286 288 290 292 294 296 298 300 302 304 306 308 310 312 314 316 318 320 322 324 326 328 330 332 334 336 338 340 342 344 346 348 350 352 354 356 358 360 362 364 366 368 370 372 374 376 378 380 382 384 386 388 390 392 394 396 398 400 402 404 406 408 410 412 414 416 418 420 422 424 426 428 430 432 434 436 438 440 442 444 446 448 450 452 454 456 458 460 462 464 466 468 470 472 474 476 478 480 482 484 486 488 490 492 494 496 498 500 502 504 506 508 510 512 514 516 518 520 522 524 526 528 530 532 534 536 538 540 542 544 546 548 550 552 554 556 558 560 562 564 566 568 570 572 574 576 578 580 582 584 586 588 590 592 594 596 598 600 602 604 606 608 610 612 614 616 618 620 622 624 626 628 630 632 634 636 638 640 642 644 646 648 650 652 654 656 658 660 662 664 666 668 670 672 674 676 678 680 682 684 686 688 690 692 694 696 698 700 702 704 706 708 710 712 714 716 718 720 722 724 726 728 730 732 734 736 738 740 742 744 746 748 750 752 754 756 758 760 762 764 766 768 770 772 774 776 778 780 782 784 786 788 790 792 794 796 798 800 802 804 806 808 810 812 814 816 818 820 822 824 826 828 830 832 834 836 838 840 842 844 846 848 850 852 854 856 858 860 862 864 866 868 870 872 874 876 878 880 882 884 886 888 890 892 894 896 898 900 902 904 906 908 910 912 914 916 918 920 922 924 926 928 930 932 934 936 938 940 942 944 946 948 950 952 954 956 958 960 962 964 966 968 970 972 974 976 978 980 982 984 986 988 990 992 994 996 998 1000 1002 1004 1006 1008 1010 1012 1014 1016 1018 1020 1022 1024 1026 1028 1030 1032 1034 1036 1038 1040 1042 1044 1046 1048 1050 1052 1054 1056 1058 1060 1062 1064 1066 1068 1070 1072 1074 1076 1078 1080 1082 1084 1086 1088 1090 1092 1094 1096 1098 1100 1102 1104 1106 1108 1110 1112 1114 1116 1118 1120 1122 1124 1126 1128 1130 1132 1134 1136 1138 1140 1142 1144 1146 1148 1150 1152 1154 1156 1158 1160 1162 1164 1166 1168 1170 1172 1174 1176 1178 1180 1182 1184 1186 1188 1190 1192 1194 1196 1198 1200 1202 1204 1206 1208 1210 1212 1214 1216 1218 1220 1222 1224 1226 1228 1230 1232 1234 1236 1238 1240 1242 1244 1246 1248 1250 1252 1254 1256 1258 1260 1262 1264 1266 1268 1270 1272 1274 1276 1278 1280 1282 1284 1286 1288 1290 1292 1294 1296 1298 1300 1302 1304 1306 1308 1310 1312 1314 1316 1318 1320 1322 1324 1326 1328 1330 1332 1334 1336 1338 1340 1342 1344 1346 1348 1350 1352 1354 1356 1358 1360 1362 1364 1366 1368 1370 1372 1374 1376 1378 1380 1382 1384 1386 1388 1390 1392 1394 1396 1398 1400 1402 1404 1406 1408 1410 1412 1414 1416 1418 1420 1422 1424 1426 1428 1430 1432 1434 1436 1438 1440 1442 1444 1446 1448 1450 1452 1454 1456 1458 1460 1462 1464 1466 1468 1470 1472 1474 1476 1478 1480 1482 1484 1486 1488 1490 1492 1494 1496 1498 1500 1502 1504 1506 1508 1510 1512 1514 1516 1518 1520 1522 1524 1526 1528 1530 1532 1534 1536 1538 1540 1542 1544 1546 1548 1550 1552 1554 1556 1558 1560 1562 1564 1566 1568 1570 1572 1574 1576 1578 1580 1582 1584 1586 1588 1590 1592 1594 1596 1598 1600 1602 1604 1606 1608 1610 1612 1614 1616 1618 1620 1622 1624 1626 1628 1630 1632 1634 1636 1638 1640 1642 1644 1646 1648 1650 1652 1654 1656 1658 1660 1662 1664 1666 1668 1670 1672 1674 1676 1678 1680 1682 1684 1686 1688 1690 1692 1694 1696 1698 1700 1702 1704 1706 1708 1710 1712 1714 1716 1718 1720 1722 1724 1726 1728 1730 1732 1734 1736 1738 1740 1742 1744 1746 1748 1750 1752 1754 1756 1758 1760 1762 1764 1766 1768 1770 1772 1774 1776 1778 1780 1782 1784 1786 1788 1790 1792 1794 1796 1798 1800 1802 1804 1806 1808 1810 1812 1814 1816 1818 1820 1822 1824 1826 1828 1830 1832 1834 1836 1838 1840 1842 1844 1846 1848 1850 1852 1854 1856 1858 1860 1862 1864 1866 1868 1870 1872 1874 1876 1878 1880 1882 1884 1886 1888 1890 1892 1894 1896 1898 1900 1902 1904 1906 1908 1910 1912 1914 1916 1918 1920 1922 1924 1926 1928 1930 1932 1934 1936 1938 1940 1942 1944 1946 1948 1950 1952 1954 1956 1958 1960 1962 1964 1966 1968 1970 1972 1974 1976 1978 1980 1982 1984 1986 1988 1990 1992 1994 1996 1998 2000 2002 2004 2006 2008 2010 2012 2014 2016 2018 2020 2022 2024 2026 2028 2030 2032 2034 2036 2038 2040 2042 2044 2046 2048 2050 2052 2054 2056 2058 2060 2062 2064 2066 2068 2070 2072 2074 2076 2078 2080 2082 2084 2086 2088 2090 2092 2094 2096 2098 2100 2102 2104 2106 2108 2110 2112 2114 2116 2118 2120 2122 2124 2126 2128 2130 2132 2134 2136 2138 2140 2142 2144 2146 2148 2150 2152 2154 2156 2158 2160 2162 2164 2166 2168 2170 2172 2174 2176 2178 2180 2182 2184 2186 2188 2190 2192 2194 2196 2198 2200 2202 2204 2206 2208 2210 2212 2214 2216 2218 2220 2222 2224 2226 2228 2230 2232 2234 2236 2238 2240 2242 2244 2246 2248 2250 2252 2254 2256 2258 2260 2262 2264 2266 2268 2270 2272 2274 2276 2278 2280 2282 2284 2286 2288 2290 2292 2294 2296 2298 2300 2302 2304 2306 2308 2310 2312 2314 2316 2318 2320 2322 2324 2326 2328 2330 2332 2334 2336 2338 2340 2342 2344 2346 2348 2350 2352 2354 2356 2358 2360 2362 2364 2366 2368 2370 2372 2374 2376 2378 2380 2382 2384 2386 2388 2390 2392 2394 2396 2398 2400 2402 2404 2406 2408 2410 2412 2414 2416 2418 2420 2422 2424 2426 2428 2430 2432 2434 2436 2438 2440 2442 2444 2446 2448 2450 2452 2454 2456 2458 2460 2462 2464 2466 2468 2470 2472 2474 2476 2478 2480 2482 2484 2486 2488 2490 2492 2494 2496 2498 2500 2502 2504 2506 2508 2510 2512 2514 2516 2518 2520 2522 2524 2526 2528 2530 2532 2534 2536 2538 2540 2542 2544 2546 2548 2550 2552 2554 2556 2558 2560 2562 2564 2566 2568 2570 2572 2574 2576 2578 2580 2582 2584 2586 2588 2590 2592 2594 2596 2598 2600 2602 2604 2606 2608 2610 2612 2614 2616 2618 2620 2622 2624 2626 2628 2630 2632 2634 2636 2638 2640 2642 2644 2646 2648 2650 2652 2654 2656 2658 2660 2662 2664 2666 2668 2670 2672 2674 2676 2678 2680 2682 2684 2686 2688 2690 2692 2694 2696 2698 2700 2702 2704 2706 2708 2710 2712 2714 2716 2718 2720 2722 2724 2726 2728 2730 2732 2734 2736 2738 2740 2742 2744 2746 2748 2750 2752 2754 2756 2758 2760 2762 2764 2766 2768 2770 2772 2774 2776 2778 2780 2782 2784 2786 2788 2790 2792 2794 2796 2798 2800 2802 2804 2806 2808 2810 2812 2814 2816 2818 2820 2822 2824 2826 2828 2830 2832 2834 2836 2838 2840 2842 2844 2846 2848 2850 2852 2854 2856 2858 2860 2862 2864 2866 2868 2870 2872 2874 2876 2878 2880 2882 2884 2886 2888 2890 2892 2894 2896 2898 2900 2902 2904 2906 2908 2910 2912 2914 2916 2918 2920 2922 2924 2926 2928 2930 2932 2934 2936 2938 2940 2942 2944 2946 2948 2950 2952 2954 2956 2958 2960 2962 2964 2966 2968 2970 2972 2974 2976 2978 2980 2982 2984 2986 2988 2990 2992 2994 2996 2998 3000 3002 3004 3006 3008 3010 3012 3014 3016 3018 3020 3022 3024 3026 3028 3030 3032 3034 3036 3038 3040 3042 3044 3046 3048 3050 3052 3054 3056 3058 3060 3062 3064 3066 3068 3070 3072 3074 3076 3078 3080 3082 3084 3086 3088 3090 3092 3094 3096 3098 3100 3102 3104 3106 3108 3110 3112 3114 3116 3118 3120 3122 3124 3126 3128 3130 3132 3134 3136 3138 3140 3142 3144 3146 3148 3150 3152 3154 3156 3158 3160 3162 3164 3166 3168 3170 3172 3174 3176 3178 3180 3182 3184 3186 3188 3190 3192 3194 3196 3198 3200 3202 3204 3206 3208 3210 3212 3214 3216 3218 3220 3222 3224 3226 3228 3230 3232 3234 3236 3238 3240 3242 3244 3246 3248 3250 3252 3254 3256 3258 3260 3262 3264 3266 3268 3270 3272 3274 3276 3278 3280 3282 3284 3286 3288 3290 3292 3294 3296 3298 3300 3302 3304 3306 3308 3310 3312 3314 3316 3318 3320 3322 3324 3326 3328 3330 3332 3334 3336 3338 3340 3342 3344 3346 3348 3350 3352 3354 3356 3358 3360 3362 3364 3366 3368 3370 3372 3374 3376 3378 3380 3382 3384 3386 3388 3390 3392 3394 3396 3398 3400 3402 3404 3406 3408 3410 3412 3414 3416 3418 3420 3422 3424 3426 3428 3430 3432 3434 3436 3438 3440 3442 3444 3446 3448 3450 3452 3454 3456 3458 3460 3462 3464 3466 3468 3470 3472 3474 3476 3478 3480 3482 3484 3486 3488 3490 3492 3494 3496 3498 3500 3502 3504 3506 3508 3510 3512 3514 3516 3518 3520 3522 3524 3526 3528 3530 3532 3534 3536 3538 3540 3542 3544 3546 3548 3550 3552 3554 3556 3558 3560 3562 3564 3566 3568 3570 3572 3574 3576 3578 3580 3582 3584 3586 3588 3590 3592 3594 3596 3598 3600 3602 3604 3606 3608 3610 3612 3614 3616 3618 3620 3622 3624 3626 3628 3630 3632 3634 3636 3638 3640 3642 3644 3646 3648 3650 3652 3654 3656 3658 3660 3662 3664 3666 3668 3670 3672 3674 3676 3678 3680 3682 3684 3686 3688 3690 3692 3694 3696 3698 3700 3702 3704 3706 3708 3710 3712 3714 3716 3718 3720 3722 3724 3726 3728 3730 3732 3734 3736 3738 3740 3742 3744 3746 3748 3750 3752 3754 3756 3758 3760 3762 3764 3766 3768 3770 3772 3774 3776 3778 3780 3782 3784 3786 3788 3790 3792 3794 3796 3798 3800 3802 3804 3806 3808 3810 3812 3814 3816 3818 3820 3822 3824 3826 3828 3830 3832 3834 3836 3838 3840 3842 3844 3846 3848 3850 3852 3854 3856 3858 3860 3862 3864 3866 3868 3870 3872 3874 3876 3878 3880 3882 3884 3886 3888 3890 3892 3894 3896 3898 3900 3902 3904 3906 3908 3910 3912 3914 3916 3918 3920 3922 3924 3926 3928 3930 3932 3934 3936 3938 3940 3942 3944 3946 3948 3950 3952 3954 3956 3958 3960 3962 3964 3966 3968 3970 3972 3974 3976 3978 3980 3982 3984 3986 3988 3990 3992 3994 3996 3998 4000 
        </DataArray>
      </Polys>
      <CellData Scalars="Pressure">
        <DataArray type="Float64" Name="Pressure" format="ascii">
310286 311964 313740 315486 317253 318970 320707 322409 323278 323902 324526 323996 322974 321956 321843 322254 322623 321084 317990 315098 315215 318892 322645 324385 322717 321336 303386 240810 177866 121426 87891.4 53834.1 20889.9 21488.2 22091.9 22681.2 23025.5 23363.8 24732.1 25090.7 25448.5 25788 26149.9 26493.7 26834.2 25954 26430.9 26914.5 27354.6 27722.5 28081.6 28469.3 28926.8 29371.5 29821.3 30264.5 30706.3 31147.7 31681.1 33568.4 34077.6 34520.4 34957.7 35385.2 34376.1 34970 35593.7 36127.7 36626.9 37107.9 37622.7 38149.9 38681.2 39187.1 41211.8 41704.3 40659.2 41253.7 41859.8 42453.9 42988 43499.3 44004.7 44614.5 45255.2 45889.8 47999.7 48491 48958.8 47692.7 48402.2 49125.6 49847.6 50447.2 51033.7 51592.1 52242.4 54796.6 55454.9 54110.2 54845.8 55602.3 56332.9 56986.5 57626.3 58264.7 58971.8 61715 60260.2 61028.8 61867.9 62750.7 63533.8 64258.4 64992.4 65641.6 68169.8 68721.3 67096.9 68005.4 68966.1 69948.2 70795 71587 74611.7 73111.5 74096.4 75170.3 76275.1 77003.2 77708.4 78367.4 81394.8 82151.5 82886.7 81116.6 82377.7 83719.5 85138.7 88194.6 89014.5 89847.2 88321.8 89524.2 90828.7 92053.3 92802.8 95786.3 96712.6 95109.9 96545.1 98047.1 99436 102699 103607 104629 103225 104583 106031 107307 110498 111285 112409 110836 112470 114146 118219 119259 123031 121370 119759 121192 125637 124215 125363 126525 127740 128862 132294 133169 134615 132624 134303 135948 137669 139279 140981 142721 144162 147762 148588 150039 148149 150003 151848 157445 155642 157486 159341 161135 166504 168001 169812 167362 169629 176682 178835 175789 178688 181933 188335 187573 188092 188535 188916 188480 187676 189774 188396 187122 192084 193597 195331 193595 195367 200612 202074 200594 202010 203347 207758 206266 207769 209163 213791 212161 213805 215186 216350 217982 221142 224052 226807 229337 232969 236573 240270 243938 248136 249363 250602 251773 245920 246421 247416 248872 250837 252925 254885 256682 258377 260379 262607 264666 266624 272686 271243 273808 276300 282273 281159 283121 285032 289828 291740 290866 292737 297225 298886 300613 299511 303727 309586 307328 310356 308178 311295 314256 317158 323989 322616 324825 326818 331915 333767 332898 334676 338821 340929 343972 341934 345289 348682 351973 364994 361070 369057 376584 394667 395416 394038 394508 392848 390956 388303 384977 381535 380577 380194 383420 385208 387579 385445 388085 390973 393914 397005 405195 404376 407910 415761 426326 422699 427528 423445 430566 438523 458488 463823 465543 467487 467894 467276 465730 458960 455128 450789 444505 443600 444448 445878 451288 453534 451645 453504 455485 457662 459934 466249 467930 469417 467707 469154 470733 472500 477986 479471 480907 479303 480681 482313 484145 487147 490214 493188 500307 497767 500434 503615 508372 513428 518617 526156 527153 528675 529410 529905 535713 537552 539340 541197 543151 545210 547156 549117 550968 552833 559625 561164 550080 551467 555774 557161 555441 557012 559765 562577 565307 567872 570393 573031 579215 581815 584346 583870 586208 588576 590860 592948 595085 597341 600400 603551 606643 612671 615445 616003 618005 619541 621134 623295 626021 628751 631231 633315 635414 640852 643220 645682 648091 650607 650459 652983 655206 657466 659735 662731 665906 669091 671829 674365 676875 679598 682425 685258 690406 692471 694506 696666 699418 702220 704938 705067 707791 710511 712436 714412 716375 719146 721912 724701 727030 729324 731589 734531 737631 740757 743510 746138 748723 751643 754735 757861 760525 762775 764998 767206 769279 771379 773618 776326 778972 781544 783686 785858 788079 790993 793853 796718 798818 800946 803033 805845 808639 811472 813717 815914 818067 820606 823188 825804 828575 831482 834347 837007 839461 841947 844652 847640 850585 853356 855797 858265 860844 863769 866652 869440 871772 874123 876501 879339 882141 884976 887476 890012 892502 896055 899577 905679 909043 912524 915955 919086 922146 925322 926221 929126 931992 934653 937034 939438 941936 944699 947434 950086 952335 954600 956897 959757 964712 967505 970242 973136 975979 976275 978430 980596 982788 985014 987168 989102 990773 992387 994775 1.00198e+06 1.00547e+06 1.00968e+06 1.01328e+06 1.01654e+06 1.01935e+06 1.02182e+06 1.024e+06 1.02597e+06 1.02813e+06 1.0303e+06 1.03237e+06 1.0364e+06 1.03901e+06 1.04178e+06 1.043e+06 1.04511e+06 1.04713e+06 1.0492e+06 1.05144e+06 1.05372e+06 1.05595e+06 1.05844e+06 1.06223e+06 1.06463e+06 1.06529e+06 1.06704e+06 1.06873e+06 1.07063e+06 1.0727e+06 1.07488e+06 1.07705e+06 1.07923e+06 1.08239e+06 1.08326e+06 1.08473e+06 1.08622e+06 1.08767e+06 1.08927e+06 1.09089e+06 1.09256e+06 1.09442e+06 1.09815e+06 1.10028e+06 1.10129e+06 1.10279e+06 1.10432e+06 1.10584e+06 1.10752e+06 1.10928e+06 1.11159e+06 1.11238e+06 1.11359e+06 1.11479e+06 1.11599e+06 1.1171e+06 1.1182e+06 1.11927e+06 1.12226e+06 1.12384e+06 1.12555e+06 1.12557e+06 1.12638e+06 1.12713e+06 1.1279e+06 1.1306e+06 1.1321e+06 1.13347e+06 1.13353e+06 1.13425e+06 1.13499e+06 1.13579e+06 1.13677e+06 1.1385e+06 1.13923e+06 1.13883e+06 1.13881e+06 1.13869e+06 1.13848e+06 1.13915e+06 1.13893e+06 1.13846e+06 1.13735e+06 1.13686e+06 1.13643e+06 1.1361e+06 1.13611e+06 1.13593e+06 1.13606e+06 1.13542e+06 1.13554e+06 1.13561e+06 1.13737e+06 1.13837e+06 1.14028e+06 1.14069e+06 1.14118e+06 1.14283e+06 1.14505e+06 1.14655e+06 1.14602e+06 1.14545e+06 1.14483e+06 1.14483e+06 1.1454e+06 1.14606e+06 1.14757e+06 1.14764e+06 1.14839e+06 1.1487e+06 1.15082e+06 1.15394e+06 1.15674e+06 1.15912e+06 1.16147e+06 1.16096e+06 1.1632e+06 1.1633e+06 1.16025e+06 1.15784e+06 1.15553e+06 1.15318e+06 1.15081e+06 1.14823e+06 1.14557e+06 1.14286e+06 1.13935e+06 1.13646e+06 1.1337e+06 1.13176e+06 1.12949e+06 1.12682e+06 1.12473e+06 1.12296e+06 1.1206e+06 1.11822e+06 1.11586e+06 1.11374e+06 1.11202e+06 1.11034e+06 1.10866e+06 1.10675e+06 1.10454e+06 1.10297e+06 1.10161e+06 1.10122e+06 1.09892e+06 1.09729e+06 1.09557e+06 1.09407e+06 1.09239e+06 1.09056e+06 1.08893e+06 1.08684e+06 1.08492e+06 1.083e+06 1.0809e+06 1.07862e+06 1.07622e+06 1.07396e+06 1.07166e+06 1.06973e+06 1.06806e+06 1.06668e+06 1.06555e+06 1.06465e+06 1.06371e+06 1.063e+06 1.0625e+06 1.06214e+06 1.06033e+06 1.05872e+06 1.05724e+06 1.05594e+06 1.05238e+06 1.04642e+06 1.03848e+06 1.02883e+06 1.01989e+06 1.01558e+06 1.01155e+06 1.00792e+06 1.00458e+06 1.00292e+06 1.00092e+06 998782 996422 993347 989771 986253 982675 979058 974282 969919 965644 961951 957032 952806 948760 945746 941924 937479 933811 931129 927870 925052 921575 920263 916405 915948 910635 907628 889568 875427 864729 865815 853769 849466 845488 848178 844335 839316 836449 835740 832470 829026 823826 820313 816801 813433 811603 806806 803398 800160 798421 794959 791028 786442 782567 778413 773552 768145 762140 757543 753141 752950 749044 745851 741275 737913 734301 730798 727289 725736 720461 717113 715613 714127 708810 705500 700228 697225 694210 693313 690208 687073 682047 678846 675583 672414 671265 668203 665085 659762 657045 654540 652005 651575 648827 644152 641362 638592 635796 633079 632437 629756 627053 621946 620011 618176 616325 616710 614626 612590 608424 606341 604274 602290 600343 598504 596711 597477 593649 592155 590707 589748 588709 587625 587894 586029 581980 580114 578317 576684 575445 575185 574833 574401 575499 571921 570761 570215 569942 569701 569771 570152 570438 572537 572330 569537 569222 569647 570131 570629 571861 573220 574472 576883 576772 576734 574354 574636 575003 575657 577877 579923 581868 582684 583314 583799 585163 584866 581867 582640 584251 585834 587422 588939 590451 592030 593897 595651 598887 599799 600670 601551 602692 601485 602670 604795 607077 609267 610616 611608 612616 614035 615766 617448 618619 619180 619740 622018 623051 624098 625164 625690 626213 626707 625821 626831 627891 629844 631799 633693 635000 636240 637506 639100 640776 642407 643586 644584 645602 646862 648274 649648 650664 651369 652089 652941 653967 654965 655741 656132 656534 656966 657487 657995 658586 659455 660330 661137 661610 662073 662567 663600 664646 665671 665088 664436 663772 665169 666872 668543 669217 669607 669994 670721 671606 672476 673592 674831 676095 677143 678021 678872 679922 681195 682494 683605 684411 685190 686105 687369 688660 689857 690673 691457 692272 693491 694737 695969 696851 697690 700359 701380 702419 703426 704693 705964 707285 706649 707608 708521 709378 710188 711023 711712 712186 712626 713216 714211 715242 716240 717051 719744 720579 721461 722386 723328 722290 723573 724952 726084 727115 728110 729319 730747 732309 733895 736049 737502 735836 731758 727244 722729 723059 723952 725447 726791 728182 729643 731805 732559 733286 731091 733102 735230 737314 738811 740357 741935 744418 750293 752853 752856 755900 758914 761374 763287 765167 766906 768590 772614 771757 772612 773451 774244 774299 774119 773909 773436 774805 774061 770490 769996 769589 769285 768624 767924 769661 766499 765717 764859 763907 763110 762529 762187 763706 763088 762228 757603 756408 755428 754593 755750 754453 753132 748344 747553 747122 746988 746757 748937 749000 747295 748781 750663 753040 756895 759724 761114 759836 756532 751994 748382 753695 753881 755914 748575 752684 757323 765991 765554 769534 764519 759353 759230 763324 759921 759720 759612 759594 759125 760227 759282 758220 755654 755642 756092 755414 747317 736786 724155 711356 704272 693385 683409 660081 651946 645655 654495 648744 653757 659236 664241 669610 671479 672033 667607 666233 668197 665964 657997 654323 650836 652566 645555 644529 644036 644059 647647 647630 650663 646969 642755 646010 645704 644660 639604 638454 641186 639746 633096 630826 628628 630949 624360 622668 621203 624641 619175 618398 617584 616708 615207 612892 610832 608961 607481 609944 614625 621678 630874 641614 649299 653262 653375 645899 628372 611375 595462 580105 576014 572305 569046 566130 564312 562742 561289 559907 562279 556714 555169 553736 556557 550659 548997 547356 550220 547921 539580 536503 538861 535978 533184 525927 527910 529798 523003 520491 513378 510104 507000 503964 506218 498734 496291 493867 496208 493762 486103 483525 486140 483778 481554 474533 471709 468756 465939 468532 460896 458487 456122 458583 456663 455529 450523 448123 444656 441308 438190 435565 432979 430389 433553 431211 429536 424425 421782 418421 415129 411799 413394 419035 422634 423640 424510 416737 412388 400206 394634 389202 393147 389458 387228 379581 376636 373510 370567 373199 370618 368160 360990 357718 354263 350925 353687 351366 345258 343430 340762 337963 335383 338133 336049 333936 327142 323859 320712 317693 320858 318853 316817 310843 308699 306530 304406 301328 298297 295461 297511 290396 287726 284929 281697 278346 274986 277559 277481 274860 275269 276148 276835 276961 275868 275026 274458 274105 266101 262443 258955 255378 251946 248623 245480 242277 245887 243252 235025 232577 230479 228279 226033 223745 221542 219337 222291 221014 219664 214061 212018 210008 208171 206868 205546 204162 202290 200472 198800 202255 200971 195570 194205 192735 191285 189771 188234 186670 185054 183235 181488 184138 182753 181342 179924 178120 172562 170575 168929 167298 165682 163960 162240 160494 159029 157686 156325 154678 152839 151027 153524 152232 150933 149569 148289 146961 145650 140664 138873 137082 135576 134041 132526 130962 129417 127842 126509 125180 123856 122487 121130 119742 118504 117307 116116 114892 113682 112446 111296 110204 109119 108025 106976 105903 104836 103733 102644 101554 100562 99544.6 98539.1 97539.1 96547.9 95537.8 94642.9 93725.3 92815.4 91913.6 91020.4 90104.7 89277.7 88442 87614.2 86794.8 85989.1 85163 84327.4 83462.2 82601.5 81748.6 80922.9 80078.5 79234.4 78362 77496.8 76633.9 75810.3 74971.1 74138.1 73275.6 72420.8 71553.6 70720.3 69872.8 69035.2 68161.5 67297.3 66415.9 65567.1 64702 63848.9 63070.9 62312.1 63877.4 63043.3 62186 61347.1 60630.9 59953 59269.1 57869.2 57183.5 56440.4 55676.7 54932 54132.2 53337 52546.9 51742.3 50919.1 50145.7 49343.8 48549.4 47789.3 48974 48234.8 47603.5 46965.3 46355.5 45174.2 44580.7 43900.5 43256.1 42586.2 41878 41197.4 40567.6 39906.6 39299.6 40298.7 39768.4 38432.3 38034.8 37540.6 36972 36449 35885.6 35262.4 34717.7 34156.6 33582.6 34465.6 33983.9 33486.4 32404.4 31985.7 31484.7 30928.1 30437.1 29891.8 29315.7 28851.2 29622 29156.7 27789 27296.5 26705.2 26135.4 25632.9 25091.6 24563.4 24086.8 25044.7 23577.3 23295 22930.8 22495.7 22101.4 21717.6 21299.8 20903.8 21639.1 21274.6 20524.2 20306.9 19999.1 19609.7 19280.3 18941.4 19364 18430 18201.1 17878.4 17481.3 17154.1 16785 16385.7 17106.6 16798.1 16478.7 16015 15792.2 15494.5 15123.9 15518.8 15257.1 15037.7 15706.7 18627.6 22839.3 40020.4 99838.6 180689 221570 239532 245540 250970 255837 253080 256900 260409 258129 259309 260800 261897 263829 263860 264142 264735 265318 265839 266798 267680 268425 268957 269174 267832 265516 264526 264873 265201 265522 265559 266001 265773 265511 265704 265810 265995 266271 266769 267297 267836 268146 267790 267812 268001 268151 268304 268426 268372 268536 268519 268523 268539 268184 268141 268038 268186 267982 267457 267293 267083 266817 266521 266174 265572 265134 264897 264854 264202 263808 263214 262998 262606 262414 262148 261826 261627 261330 260935 260607 260250 259863 259506 259064 258764 258351 257950 257498 257224 256925 256614 256280 256002 255815 255631 255443 255251 255245 255308 255440 255638 255602 255493 255424 255397 255463 255616 255756 255877 255986 256155 256318 256467 256606 256727 256832 256917 256986 257038 257117 257161 257181 257152 257196 257210 257215 257166 257180 257273 257307 257279 257329 257445 257597 257677 257830 257978 258193 258383 258636 258882 259130 259420 259703 260010 260314 260632 260972 261299 261635 261956 262300 262651 263005 263336 263681 264029 264490 264745 265167 265598 266268 266444 266478 266825 266864 266863 266753 266537 266559 266963 267349 268034 268318 268658 269119 269376 269568 269758 269952 270234 270430 270700 271054 271428 271680 272006 272280 272622 272971 273378 273744 274114 274434 274801 275174 275539 275968 276328 276694 276992 277346 277686 278026 278408 278732 278958 279268 279553 279831 280097 280433 280639 280829 280905 281082 281243 281394 281604 281702 281798 281724 281852 281979 282102 282263 282417 282559 282840 282834 282982 283136 283336 283533 283720 284049 284254 284147 284441 284809 285156 285500 285855 286213 286562 287069 287249 287587 287938 288301 288658 289043 289451 289863 290413 290860 291140 291592 292087 292598 293106 293755 294428 295096 295871 296752 297579 298629 299564 300467 301341 302428 303446 304431 305564 306617 307542 307985 309170 309711 311038 312456 313798 314970 315920 316880 317730 318352 318964 319896 320404 320917 321420 321828 321918 322279 322611 322936 323248 323420 323540 323667 323847 324064 324276 324428 324512 324603 325001 325130 325260 325394 325487 325583 325678 325527 325578 325622 325600 325575 325548 325150 324727 324295 323807 323302 322807 321974 321034 320078 319137 318185 317250 316216 315134 314039 313122 312371 311629 310835 309995 309142 308365 307724 307092 306600 306681 306763 306834 306832 306828 306899 308579 
        </DataArray>
        <DataArray type="Float64" Name="Temperature" format="ascii">
1240.08 1242.45 1244.63 1246.77 1248.94 1250.7 1252.43 1254.15 1253.41 1252.07 1250.76 1248.48 1245.8 1243.21 1246.49 1252.94 1259.07 1262.81 1264.74 1266.44 1275.02 1292.16 1309.88 1325.47 1338.94 1354.43 1336.77 1225.61 1115.93 994.789 785.597 574.04 370.15 373.021 375.937 378.805 380.388 381.944 387.994 389.549 391.111 392.603 394.144 395.618 397.094 393.41 395.422 397.479 399.316 400.817 402.295 403.861 405.67 407.444 409.227 410.934 412.655 414.369 416.325 423.069 424.898 426.455 428.012 429.539 425.969 428.049 430.262 432.081 433.756 435.386 437.093 438.819 440.577 442.237 448.514 450.069 446.896 448.704 450.57 452.414 454.003 455.545 457.09 458.855 460.714 462.573 468.47 469.85 471.19 467.656 469.604 471.624 473.634 475.229 476.811 478.336 480.033 486.551 488.246 484.822 486.68 488.626 490.458 492.06 493.652 495.23 496.931 503.384 500.003 501.76 503.717 505.811 507.591 509.218 510.883 512.348 517.887 519.117 515.558 517.499 519.591 521.766 523.551 525.227 531.449 528.383 530.358 532.553 534.825 536.256 537.658 538.987 544.809 546.277 547.724 544.278 546.641 549.192 551.916 557.449 558.944 560.454 557.671 559.805 562.148 564.353 565.658 570.791 572.363 569.588 572.005 574.564 576.923 582.231 583.72 585.355 583.062 585.228 587.557 589.604 594.539 595.772 597.466 595.018 597.489 600.048 606.106 607.619 613.074 610.668 608.305 610.356 616.733 614.724 616.312 617.928 619.628 621.179 625.86 627.059 628.961 626.222 628.452 630.662 632.966 635.02 637.204 639.448 641.288 645.847 646.871 648.627 646.202 648.469 650.738 657.598 655.334 657.518 659.718 661.828 668.123 669.757 671.764 668.731 671.171 679.246 681.535 677.56 680.569 683.83 691.651 689.186 690.571 692.612 695.38 694.57 693.305 694.809 693.363 692.031 697.213 698.803 700.563 698.78 700.582 705.927 707.383 705.895 707.304 708.637 713.01 711.536 713.003 714.364 718.868 717.283 718.864 720.193 721.316 722.865 725.805 728.519 731.099 733.478 736.662 739.835 743.102 746.355 750.042 751.095 752.142 753.117 747.99 748.283 749.053 750.273 751.985 753.777 755.451 756.982 758.421 760.115 761.982 763.699 765.322 770.269 769.113 771.186 773.187 777.965 777.066 778.608 780.096 783.847 785.316 784.607 786.029 789.472 790.716 792.057 791.147 794.361 798.853 796.988 799.226 797.514 799.796 801.951 804.049 809.058 807.975 809.529 810.899 814.56 815.891 815.13 816.336 819.233 820.675 822.864 821.149 823.494 825.805 827.975 836.763 833.85 838.92 843.569 855.012 855.515 854.837 853.65 852.922 852.176 851.257 850.195 848.87 848.217 847.902 849.942 851.057 852.596 851.033 852.696 854.496 856.295 858.152 863.41 862.667 864.775 869.533 876.323 873.542 876.436 873.503 877.598 881.983 893.313 896.177 897.328 896.119 896.534 896.592 896.5 897.616 895.387 892.868 889.301 888.775 889.256 890.074 893.123 894.322 893.302 894.296 895.386 896.594 897.861 901.334 902.196 902.975 902.088 902.869 903.733 904.71 907.709 908.408 909.125 908.373 909.079 909.937 910.919 912.514 914.134 915.702 919.318 918.095 919.515 921.232 923.647 926.175 928.732 932.559 933.097 933.917 934.305 934.554 936.564 937.494 938.442 939.469 940.512 941.596 942.644 943.724 944.767 945.843 947.412 948.129 945.145 945.815 947.859 948.557 947.805 948.614 949.969 951.355 952.701 953.961 955.194 956.482 959.407 960.647 961.86 961.697 962.794 963.906 964.976 965.944 966.934 967.98 969.381 970.823 972.236 974.962 976.202 976.434 977.318 977.987 978.682 979.63 980.83 982.032 983.124 984.046 984.974 987.335 988.343 989.398 990.437 991.525 991.595 992.678 993.633 994.607 995.589 996.879 998.243 999.611 1000.81 1001.95 1003.07 1004.29 1005.59 1006.88 1009.1 1010.13 1011.13 1012.19 1013.49 1014.81 1016.08 1016.43 1017.73 1019.02 1019.97 1020.94 1021.9 1023.16 1024.42 1025.69 1026.74 1027.78 1028.8 1030.07 1031.38 1032.71 1033.86 1034.94 1036.01 1037.19 1038.41 1039.65 1040.71 1041.6 1042.49 1043.36 1044.16 1044.98 1045.84 1046.86 1047.86 1048.83 1049.63 1050.44 1051.27 1052.37 1053.44 1054.52 1055.3 1056.1 1056.88 1057.93 1058.98 1060.03 1060.87 1061.68 1062.48 1063.42 1064.38 1065.34 1066.36 1067.43 1068.48 1069.46 1070.35 1071.26 1072.25 1073.34 1074.41 1075.43 1076.35 1077.27 1078.23 1079.3 1080.37 1081.4 1082.25 1083.12 1083.99 1085.02 1086.04 1087.07 1087.97 1088.89 1089.79 1091.06 1092.31 1094.33 1095.5 1096.71 1097.91 1099 1100.07 1101.19 1101.68 1102.67 1103.65 1104.56 1105.37 1106.19 1107.04 1107.96 1108.89 1109.78 1110.54 1111.32 1112.11 1113.09 1114.29 1115.21 1116.12 1117.12 1118.12 1118.45 1119.08 1119.71 1120.36 1121.03 1121.69 1122.29 1122.81 1123.33 1124.13 1125.86 1126.99 1128.86 1129.9 1130.83 1131.62 1132.36 1133.03 1133.66 1134.33 1135.04 1135.75 1136.49 1137.35 1138.34 1139.15 1139.71 1140.28 1140.87 1141.53 1142.24 1142.97 1143.76 1144.21 1144.96 1145.72 1146.17 1146.63 1147.13 1147.72 1148.39 1149.09 1149.82 1149.8 1150.95 1151.25 1151.58 1151.94 1152.34 1152.8 1153.35 1154.05 1154.23 1155.1 1156.27 1156.44 1156.78 1157.26 1157.9 1158.74 1157.79 1159.88 1160.16 1160.5 1160.88 1161.28 1161.81 1162.45 1162.45 1163.38 1164.61 1165.14 1165.43 1165.79 1166.25 1166.36 1167.17 1168.06 1168.67 1168.9 1169.19 1169.53 1170.08 1169.7 1170.19 1170.59 1170.37 1170.31 1170.39 1169.22 1169.71 1170.15 1170.49 1170.25 1170.28 1170.59 1169.3 1170.16 1170.7 1170.88 1170.88 1171.11 1170.16 1170.84 1168.26 1171.48 1171.39 1170.55 1168.46 1169.17 1168.8 1168.58 1168.5 1168.67 1167.07 1168.41 1169.53 1170.11 1170.5 1171.18 1172.41 1173.35 1173.96 1174.23 1174.47 1173.18 1174.48 1174.97 1173.81 1173.01 1172.66 1170.57 1171.11 1170.09 1169.28 1168.66 1166.52 1166.54 1165.67 1165.58 1164.64 1161.97 1162.48 1162.75 1162.3 1161.98 1161.05 1162.52 1162.79 1162.84 1162.67 1160.25 1159.93 1156.75 1158 1158.46 1156.64 1156.62 1155.75 1155.71 1155.23 1154.09 1153.51 1153.39 1152.65 1152.31 1150.41 1150.64 1149.64 1149.07 1147.13 1147.88 1146.98 1146.58 1146.66 1146.55 1145.81 1145.41 1145.34 1145.54 1144.73 1144.14 1143.75 1143.59 1142.47 1140.64 1138.46 1136 1133.59 1131.93 1130.57 1129.55 1128.83 1127.82 1126.92 1126.23 1125.73 1124.52 1122.96 1121.72 1120.76 1118.6 1117.81 1116.25 1115 1113.18 1112.32 1110.71 1109.4 1108.07 1106.77 1105.66 1104.38 1103.15 1102.28 1100.96 1100.17 1099.2 1096.76 1098.29 1096.76 1096.82 1089.5 1083.96 1080.03 1080.66 1076.47 1074.92 1073.55 1074.37 1072.91 1071.27 1070.23 1069.9 1068.65 1067.2 1065.49 1064.16 1062.84 1061.58 1060.62 1059.07 1057.73 1056.51 1055.76 1054.34 1052.67 1051.1 1049.6 1048.03 1046.21 1044.19 1041.83 1039.98 1038.26 1038.1 1036.33 1034.7 1033.27 1031.75 1030.2 1028.77 1027.41 1026.32 1024.51 1023.11 1022.3 1020.93 1019.35 1017.86 1015.94 1014.65 1013.41 1012.97 1011.61 1010.15 1008.2 1006.79 1005.38 1004.04 1003.47 1002.09 1000.66 998.497 997.291 996.195 995.103 994.832 993.581 991.641 990.37 989.131 987.892 986.702 986.353 985.114 983.878 981.704 980.818 979.989 979.165 979.308 978.317 977.373 975.567 974.601 973.653 972.752 971.863 971.023 970.209 970.523 968.801 968.112 967.451 967.009 966.534 966.039 966.118 965.22 963.363 962.468 961.607 960.83 960.241 960.108 959.932 959.719 960.16 958.5 957.918 957.63 957.471 957.332 957.345 957.507 957.627 958.531 958.408 957.147 956.974 957.169 957.398 957.639 958.237 958.898 959.509 960.615 960.561 960.549 959.481 959.619 959.8 960.12 961.181 962.161 963.092 963.497 963.812 964.057 964.65 964.517 963.164 963.536 964.306 965.065 965.83 966.566 967.301 968.068 968.975 969.828 971.343 971.804 972.25 972.701 973.28 972.8 973.399 974.428 975.531 976.589 977.26 977.765 978.277 978.968 979.796 980.601 981.173 981.466 981.756 982.793 983.28 983.771 984.271 984.522 984.771 985.007 984.644 985.114 985.606 986.492 987.38 988.24 988.836 989.402 989.98 990.699 991.452 992.186 992.719 993.17 993.631 994.194 994.821 995.432 995.885 996.2 996.523 996.899 997.346 997.782 998.12 998.289 998.463 998.65 998.876 999.096 999.351 999.725 1000.1 1000.45 1000.65 1000.85 1001.07 1001.51 1001.96 1002.4 1002.15 1001.87 1001.59 1002.19 1002.92 1003.64 1003.94 1004.11 1004.27 1004.59 1004.98 1005.35 1005.84 1006.37 1006.92 1007.37 1007.74 1008.11 1008.55 1009.09 1009.64 1010.1 1010.43 1010.75 1011.13 1011.64 1012.16 1012.65 1012.96 1013.26 1013.58 1014.06 1014.55 1015.03 1015.37 1015.69 1016.79 1017.19 1017.6 1018 1018.51 1019.02 1019.55 1019.26 1019.66 1020.03 1020.38 1020.72 1021.06 1021.35 1021.55 1021.73 1021.97 1022.38 1022.81 1023.22 1023.55 1024.69 1025.04 1025.4 1025.78 1026.16 1025.74 1026.27 1026.85 1027.32 1027.75 1028.17 1028.67 1029.25 1029.88 1030.53 1031.42 1032.02 1028.16 1025.7 1023.2 1020.85 1020.43 1020.35 1020.62 1020.86 1021.21 1021.68 1025.44 1025.5 1025.63 1024.15 1025.26 1026.32 1027.29 1027.95 1028.55 1029.08 1029.95 1033.08 1033.98 1033.35 1034.59 1035.78 1036.74 1037.45 1038.1 1038.66 1039.18 1041.44 1040.42 1040.82 1041.16 1041.45 1041.46 1041.33 1041.13 1040.8 1041.94 1041.51 1039.86 1039.74 1039.62 1039.51 1039.21 1038.83 1039.71 1038.16 1037.93 1037.62 1037.23 1036.87 1036.54 1036.26 1037.31 1036.96 1036.44 1034.63 1034.17 1033.74 1033.31 1034.08 1033.49 1032.84 1030.88 1030.59 1030.4 1030.3 1030.13 1031.18 1031.09 1030.34 1030.93 1031.64 1032.54 1034.33 1035.42 1035.97 1031.42 1029.49 1027.28 1025.56 1029.87 1029.57 1030.36 1027.53 1029.31 1031.1 1035.25 1034.91 1037.62 1034.49 1032.42 1032.39 1034.4 1032.59 1032.59 1032.55 1032.45 1032.15 1033.11 1032.52 1032.11 1031.08 1031.21 1031.41 1030.45 1026.47 1021.72 1016.34 1010.91 1009.61 1004.82 1000.58 990.612 987.311 984.574 989.129 986.103 988.383 990.755 992.833 995.775 996.349 996.612 994.694 994.192 995.41 994.391 990.826 989.336 987.812 988.858 985.451 985.038 984.779 984.666 986.623 986.462 988.451 986.205 984.095 985.768 985.449 985.042 982.701 982.132 983.396 982.667 979.623 978.576 977.465 978.611 975.458 974.681 973.916 975.565 972.818 972.482 972.044 971.492 970.722 969.73 968.788 967.864 967.06 968.186 970.321 973.537 977.729 982.279 985.428 987.073 987.162 983.942 976.11 968.475 961.285 954.301 952.392 950.617 949.005 947.502 946.634 945.91 945.182 944.424 945.686 942.833 942.079 941.323 942.77 939.739 938.954 938.12 939.535 938.411 934.203 932.679 933.883 932.384 931.059 927.294 928.374 929.607 925.841 924.613 920.853 919.155 917.535 915.94 917.225 913.19 911.894 910.576 911.86 910.58 906.418 905.034 906.435 905.167 904.019 900.127 898.566 896.934 895.38 896.9 892.581 891.231 889.883 891.251 890.196 889.595 886.681 885.293 883.297 881.377 879.596 878.065 876.547 875.014 876.838 875.646 874.888 871.613 870.143 868.178 866.197 864.135 865.364 871.56 874.703 873.491 873.256 868.868 866.267 859.067 855.527 852.123 854.42 852.124 850.629 845.802 843.848 841.782 839.849 841.465 839.762 838.088 833.365 831.13 828.776 826.516 828.327 826.731 822.53 821.224 819.337 817.367 815.559 817.438 815.943 814.411 809.594 807.196 804.909 802.728 805.01 803.519 802.015 797.642 796.002 794.346 792.728 790.375 788.066 785.916 787.388 781.952 779.834 777.618 774.992 772.288 769.594 772.263 773.918 776.293 776.425 775.548 774.958 774.187 772.371 771.068 770.315 770.369 764.198 761.161 758.157 755.067 752.154 749.309 746.563 743.812 746.768 744.388 737.358 735.1 733.109 731.05 728.98 726.836 724.77 722.724 725.309 724.01 722.671 717.532 715.502 713.522 711.719 710.393 709.068 707.7 705.818 704.006 702.358 705.63 704.289 699.013 697.562 696.007 694.485 692.892 691.261 689.614 687.908 685.955 684.093 686.86 685.338 683.787 682.241 680.258 674.308 672.103 670.215 668.342 666.496 664.498 662.496 660.474 658.755 657.161 655.555 653.585 651.361 649.179 652.142 650.555 648.967 647.304 645.714 644.07 642.453 636.26 633.972 631.687 629.696 627.673 625.684 623.574 621.493 619.376 617.541 615.707 613.884 611.967 610.057 608.107 606.342 604.62 602.909 601.135 599.365 597.559 595.865 594.236 592.62 590.982 589.394 587.772 586.152 584.463 582.794 581.118 579.562 577.966 576.388 574.798 573.224 571.617 570.14 568.627 567.127 565.6 564.087 562.536 561.108 559.661 558.229 556.784 555.357 553.893 552.388 550.82 549.258 547.691 546.16 544.593 543.006 541.348 539.701 538.042 536.438 534.8 533.159 531.432 529.717 527.962 526.243 524.489 522.744 520.891 519.052 517.168 515.318 513.426 511.554 509.797 508.072 511.06 509.187 507.254 505.356 503.705 502.132 500.536 497.301 495.59 493.743 491.822 489.924 487.885 485.845 483.794 481.703 479.551 477.498 475.365 473.246 471.184 474.093 472.093 470.36 468.599 466.905 463.594 461.838 459.833 457.898 455.871 453.728 451.651 449.711 447.671 445.786 448.653 446.998 442.899 441.561 439.909 438.013 436.225 434.299 432.168 430.289 428.348 426.36 429.213 427.528 425.781 421.995 420.399 418.497 416.378 414.477 412.363 410.129 408.308 411.111 409.287 403.94 401.846 399.322 396.864 394.668 392.291 389.964 387.861 391.86 385.478 384.122 382.366 380.264 378.347 376.472 374.424 372.481 375.893 374.107 370.485 369.337 367.713 365.663 363.895 362.071 364.135 359.269 357.975 356.136 353.861 351.98 349.85 347.54 351.571 349.812 347.997 345.278 343.885 342.027 339.717 342.035 340.381 339.517 352.27 390.472 444.888 550.793 780.086 1100.18 1229.61 1214.68 1217.27 1219.1 1220.18 1248.67 1248.48 1247.89 1254.25 1263.86 1272.44 1277.72 1280.07 1280.26 1280.12 1280.59 1281.34 1281.98 1285.35 1287.91 1293.08 1293.69 1296.32 1296.48 1296.26 1294.89 1296.66 1298.27 1299.76 1299.63 1298.05 1296.3 1286.15 1280.56 1267.04 1254.05 1238.34 1218.96 1201.88 1187.67 1181.02 1173.69 1176.22 1181.12 1181.1 1181.46 1181.57 1177.6 1172.91 1162.84 1150.6 1135.17 1105.41 1084.2 1068.68 1063.44 1064.38 1067.74 1075.21 1083.1 1087.32 1089.15 1088.19 1082.62 1075.85 1069.25 1062.61 1058.1 1049.84 1042.82 1026.92 1010.6 1000.94 988.579 975.981 964.078 953.836 944.867 936.599 929.925 924.348 919.968 916.452 915.665 914.957 914.818 914.462 916.858 919.082 921.623 924.565 927.293 929.143 930.911 932.657 934.241 934.174 934.582 935.478 936.833 937.078 937.029 937.399 938.176 939.49 941.088 942.793 944.548 946.413 948.442 950.35 952.044 953.58 955.494 957.65 959.437 960.913 964.183 964.8 966.818 968.402 971.743 971.899 974.33 976.289 979.662 982.104 982.453 984.896 989.058 991.026 994.271 994.334 999.522 1005.86 1004.66 1007.96 1007.68 1010.96 1013.83 1016.37 1022.58 1022.25 1025.45 1028.35 1034.48 1038.09 1038.46 1041.83 1047.58 1050.7 1053.98 1054.77 1057.71 1060.46 1062.89 1066.51 1067.22 1069.3 1071.27 1074.37 1075.41 1076.4 1079.03 1080.61 1082.59 1083.99 1084.78 1083.75 1083.25 1083.03 1082.15 1082.49 1082.77 1084 1084.33 1084.62 1084.97 1085.4 1085.11 1085.8 1086.03 1086.08 1084.38 1086.15 1086.09 1087.12 1087.3 1087.64 1087.77 1087.98 1087.97 1088.8 1088.99 1089.21 1089.47 1089.41 1089.28 1089.21 1089.98 1090.04 1090.11 1090.22 1089.63 1089.09 1089.96 1089.49 1089.17 1088.9 1088.71 1087.1 1085.68 1084.45 1086 1085.16 1084.58 1084.23 1082.12 1079.84 1078.25 1080.86 1079.72 1078.97 1078.63 1078.61 1078.8 1079.2 1073.36 1078.48 1077.18 1076.37 1076.21 1076.64 1077.64 1075.16 1074.65 1076.99 1076.77 1076.89 1077.24 1077.71 1077.92 1078.17 1078.45 1075.3 1078.33 1077.76 1077.12 1076.46 1075.95 1075.51 1075.13 1074.86 1071.54 1070.74 1073.53 1072.68 1071.67 1070.81 1070.14 1069.88 1069.8 1069.8 1067.19 1066.99 1067.06 1070.7 1071.44 1072.35 1073.48 1075.47 1077.5 1079.63 1083.89 1088.11 1092 1091.18 1094.63 1101.03 1104.6 1108.46 1112.31 1115.92 1119.08 1122.37 1125.62 1128.76 1131.82 1132.87 1134.7 1136.56 1138.51 1140.25 1144 1145.53 1147.28 1149.1 1150.9 1153.16 1155.55 1158 1160.92 1164.29 1167.62 1171.69 1176.37 1181.03 1178.65 1181.34 1184.09 1186.95 1188.63 1190.56 1192.64 1200.08 1200.45 1200.99 1201.18 1201.49 1201.93 1202.47 1203.09 1203.81 1205.31 1207.05 1208.81 1210.86 1212.97 1215.13 1217.33 1219.59 1221.81 1223.63 1225.07 1226.53 1227.73 1228.67 1229.58 1230.18 1230.26 1230.34 1230.39 1230.36 1230.34 1230.49 1231.28 1232.07 1232.86 1233.65 1234.43 1235.29 1237.67 
        </DataArray>
        <DataArray type="Float64" Name="Tau1" format="ascii">
0 0 0 0 0 0 0 0 0 0 0 0 0 0 0 0 0 0 0 0 0 0 0 0 0 0 0 0 0 0 0 0 0 0 0 0 0 0 0 0 0 0 0 0 0 0 0 0 0 0 0 0 0 0 0 0 0 0 0 0 0 0 0 0 0 0 0 0 0 0 0 0 0 0 0 0 0 0 0 0 0 0 0 0 0 0 0 0 0 0 0 0 0 0 0 0 0 0 0 0 0 0 0 0 0 0 0 0 0 0 0 0 0 0 0 0 0 0 0 0 0 0 0 0 0 0 0 0 0 0 0 0 0 0 0 0 0 0 0 0 0 0 0 0 0 0 0 0 0 0 0 0 0 0 0 0 0 0 0 0 0 0 0 0 0 0 0 0 0 0 0 0 0 0 0 0 0 0 0 0 0 0 0 0 0 0 0 0 0 0 0 0 0 0 0 0 0 0 0 0 0 0 0 0 0 0 0 0 0 0 0 0 0 0 0 0 0 0 0 0 0 0 0 0 0 0 0 0 0 0 0 0 0 0 0 0 0 0 0 0 0 0 0 0 0 0 0 0 0 0 0 0 0 0 0 0 0 0 0 0 0 0 0 0 0 0 0 0 0 0 0 0 0 0 0 0 0 0 0 0 0 0 0 0 0 0 0 0 0 0 0 0 0 0 0 0 0 0 0 0 0 0 0 0 0 0 0 0 0 0 0 0 0 0 0 0 0 0 0 0 0 0 0 0 0 0 0 0 0 0 0 0 0 0 0 0 0 0 0 0 0 0 0 0 0 0 0 0 0 0 0 0 0 0 0 0 0 0 0 0 0 0 0 0 0 0 0 0 0 0 0 0 0 0 0 0 0 0 0 0 0 0 0 0 0 0 0 0 0 0 0 0 0 0 0 0 0 0 0 0 0 0 0 0 0 0 0 0 0 0 0 0 0 0 0 0 0 0 0 0 0 0 0 0 0 0 0 0 0 0 0 0 0 0 0 0 0 0 0 0 0 0 0 0 0 0 0 0 0 0 0 0 0 0 0 0 0 0 0 0 0 0 0 0 0 0 0 0 0 0 0 0 0 0 0 0 0 0 0 0 0 0 0 0 0 0 0 0 0 0 0 0 0 0 0 0 0 0 0 0 0 0 0 0 0 0 0 0 0 0 0 0 0 0 0 0 0 0 0 0 0 0 0 0 0 0 0 0 0 0 0 0 0 0 0 0 0 0 0 0 0 0 0 0 0 0 0 0 0 0 0 0 0 0 0 0 0 0 0 0 0 0 0 0 0 0 0 0 0 0 0 0 0 0 0 0 0 0 0 0 0 0 0 0 0 0 0 0 0 0 0 0 0 0 0 0 0 0 0 0 0 0 0 0 0 0 0 0 0 0 0 0 0 0 0 0 0 0 0 0 0 0 0 0 0 0 0 0 0 0 0 0 0 0 0 0 0 0 0 0 0 0 0 0 0 0 0 0 0 0 0 0 0 0 0 0 0 0 0 0 0 0 0 0 0 0 0 0 0 0 0 0 0 0 0 0 0 0 0 0 0 0 0 0 0 0 0 0 0 0 0 0 0 0 0 0 0 0 0 0 0 0 0 0 0 0 0 0 0 0 0 0 0 0 0 0 0 0 0 0 0 0 0 0 0 0 0 0 0 0 0 0 0 0 0 0 0 0 0 0 0 0 0 0 0 0 0 0 0 0 0 0 0 0 0 0 0 0 0 0 0 0 0 0 0 0 0 0 0 0 0 0 0 0 0 0 0 0 0 0 0 0 0 0 0 0 0 0 0 0 0 0 0 0 0 0 0 0 0 0 0 0 0 0 0 0 0 0 0 0 0 0 0 0 0 0 0 0 0 0 0 0 0 0 0 0 0 0 0 0 0 0 0 0 0 0 0 0 0 0 0 0 0 0 0 0 0 0 0 0 0 0 0 0 0 0 0 0 0 0 0 0 0 0 0 0 0 0 0 0 0 0 0 0 0 0 0 0 0 0 0 0 0 0 0 0 0 0 0 0 0 0 0 0 0 0 0 0 0 0 0 0 0 0 0 0 0 0 0 0 0 0 0 0 0 0 0 0 0 0 0 0 0 0 0 0 0 0 0 0 0 0 0 0 0 0 0 0 0 0 0 0 0 0 0 0 0 0 0 0 0 0 0 0 0 0 0 0 0 0 0 0 0 0 0 0 0 0 0 0 0 0 0 0 0 0 0 0 0 0 0 0 0 0 0 0 0 0 0 0 0 0 0 0 0 0 0 0 0 0 0 0 0 0 0 0 0 0 0 0 0 0 0 0 0 0 0 0 0 0 0 0 0 0 0 0 0 0 0 0 0 0 0 0 0 0 0 0 0 0 0 0 0 0 0 0 0 0 0 0 0 0 0 0 0 0 0 0 0 0 0 0 0 0 0 0 0 0 0 0 0 0 0 0 0 0 0 0 0 0 0 0 0 0 0 0 0 0 0 0 0 0 0 0 0 0 0 0 0 0 0 0 0 0 0 0 0 0 0 0 0 0 0 0 0 0 0 0 0 0 0 0 0 0 0 0 0 0 0 0 0 0 0 0 0 0 0 0 0 0 0 0 0 0 0 0 0 0 0 0 0 0 0 0 0 0 0 0 0 0 0 0 0 0 0 0 0 0 0 0 0 0 0 0 0 0 0 0 0 0 0 0 0 0 0 0 0 0 0 0 0 0 0 0 0 0 0 0 0 0 0 0 0 0 0 0 0 0 0 0 0 0 0 0 0 0 0 0 0 0 0 0 0 0 0 0 0 0 0 0 0 0 0 0 0 0 0 0 0 0 0 0 0 0 0 0 0 0 0 0 0 0 0 0 0 0 0 0 0 0 0 0 0 0 0 0 0 0 0 0 0 0 0 0 0 0 0 0 0 0 0 0 0 0 0 0 0 0 0 0 0 0 0 0 0 0 0 0 0 0 0 0 0 0 0 0 0 0 0 0 0 0 0 0 0 0 0 0 0 0 0 0 0 0 0 0 0 0 0 0 0 0 0 0 0 0 0 0 0 0 0 0 0 0 0 0 0 0 0 0 0 0 0 0 0 0 0 0 0 0 0 0 0 0 0 0 0 0 0 0 0 0 0 0 0 0 0 0 0 0 0 0 0 0 0 0 0 0 0 0 0 0 0 0 0 0 0 0 0 0 0 0 0 0 0 0 0 0 0 0 0 0 0 0 0 0 0 0 0 0 0 0 0 0 0 0 0 0 0 0 0 0 0 0 0 0 0 0 0 0 0 0 0 0 0 0 0 0 0 0 0 0 0 0 0 0 0 0 0 0 0 0 0 0 0 0 0 0 0 0 0 0 0 0 0 0 0 0 0 0 0 0 0 0 0 0 0 0 0 0 0 0 0 0 0 0 0 0 0 0 0 0 0 0 0 0 0 0 0 0 0 0 0 0 0 0 0 0 0 0 0 0 0 0 0 0 0 0 0 0 0 0 0 0 0 0 0 0 0 0 0 0 0 0 0 0 0 0 0 0 0 0 0 0 0 0 0 0 0 0 0 0 0 0 0 0 0 0 0 0 0 0 0 0 0 0 0 0 0 0 0 0 0 0 0 0 0 0 0 0 0 0 0 0 0 0 0 0 0 0 0 0 0 0 0 0 0 0 0 0 0 0 0 0 0 0 0 0 0 0 0 0 0 0 0 0 0 0 0 0 0 0 0 0 0 0 0 0 0 0 0 0 0 0 0 0 0 0 0 0 0 0 0 0 0 0 0 0 0 0 0 0 0 0 0 0 0 0 0 0 0 0 0 0 0 0 0 0 0 0 0 0 0 0 0 0 0 0 0 0 0 0 0 0 0 0 0 0 0 0 0 0 0 0 0 0 0 0 0 0 0 0 0 0 0 0 0 0 0 0 0 0 0 0 0 0 0 0 0 0 0 0 0 0 0 0 0 0 0 0 0 0 0 0 0 0 0 0 0 0 0 0 0 0 0 0 0 0 0 0 0 0 0 0 0 0 0 0 0 0 0 0 0 0 0 0 0 0 0 0 0 0 0 0 0 0 0 0 0 0 0 0 0 0 0 0 0 0 0 0 0 0 0 0 0 0 0 0 0 0 0 0 0 0 0 0 0 0 0 0 0 0 0 0 0 0 0 0 0 0 0 0 0 0 0 0 0 0 0 0 0 0 0 0 0 0 0 0 0 0 0 0 0 0 0 0 0 0 0 0 0 0 0 0 0 0 0 0 0 0 0 0 0 0 0 0 0 0 0 0 0 0 0 0 0 0 0 0 0 0 0 0 0 0 0 0 0 0 0 0 0 0 0 0 0 0 0 0 0 0 0 0 0 0 0 0 0 0 0 0 0 0 0 0 0 0 0 0 0 0 0 0 0 0 0 0 0 0 0 0 0 0 0 0 0 0 0 0 0 0 0 0 0 0 0 0 0 0 0 0 0 0 0 0 0 0 0 0 0 0 0 0 0 0 0 0 0 0 0 0 0 0 0 0 0 0 0 0 0 0 0 0 0 0 0 0 0 0 0 0 
        </DataArray>
        <DataArray type="Float64" Name="Tau2" format="ascii">
0 0 0 0 0 0 0 0 0 0 0 0 0 0 0 0 0 0 0 0 0 0 0 0 0 0 0 0 0 0 0 0 0 0 0 0 0 0 0 0 0 0 0 0 0 0 0 0 0 0 0 0 0 0 0 0 0 0 0 0 0 0 0 0 0 0 0 0 0 0 0 0 0 0 0 0 0 0 0 0 0 0 0 0 0 0 0 0 0 0 0 0 0 0 0 0 0 0 0 0 0 0 0 0 0 0 0 0 0 0 0 0 0 0 0 0 0 0 0 0 0 0 0 0 0 0 0 0 0 0 0 0 0 0 0 0 0 0 0 0 0 0 0 0 0 0 0 0 0 0 0 0 0 0 0 0 0 0 0 0 0 0 0 0 0 0 0 0 0 0 0 0 0 0 0 0 0 0 0 0 0 0 0 0 0 0 0 0 0 0 0 0 0 0 0 0 0 0 0 0 0 0 0 0 0 0 0 0 0 0 0 0 0 0 0 0 0 0 0 0 0 0 0 0 0 0 0 0 0 0 0 0 0 0 0 0 0 0 0 0 0 0 0 0 0 0 0 0 0 0 0 0 0 0 0 0 0 0 0 0 0 0 0 0 0 0 0 0 0 0 0 0 0 0 0 0 0 0 0 0 0 0 0 0 0 0 0 0 0 0 0 0 0 0 0 0 0 0 0 0 0 0 0 0 0 0 0 0 0 0 0 0 0 0 0 0 0 0 0 0 0 0 0 0 0 0 0 0 0 0 0 0 0 0 0 0 0 0 0 0 0 0 0 0 0 0 0 0 0 0 0 0 0 0 0 0 0 0 0 0 0 0 0 0 0 0 0 0 0 0 0 0 0 0 0 0 0 0 0 0 0 0 0 0 0 0 0 0 0 0 0 0 0 0 0 0 0 0 0 0 0 0 0 0 0 0 0 0 0 0 0 0 0 0 0 0 0 0 0 0 0 0 0 0 0 0 0 0 0 0 0 0 0 0 0 0 0 0 0 0 0 0 0 0 0 0 0 0 0 0 0 0 0 0 0 0 0 0 0 0 0 0 0 0 0 0 0 0 0 0 0 0 0 0 0 0 0 0 0 0 0 0 0 0 0 0 0 0 0 0 0 0 0 0 0 0 0 0 0 0 0 0 0 0 0 0 0 0 0 0 0 0 0 0 0 0 0 0 0 0 0 0 0 0 0 0 0 0 0 0 0 0 0 0 0 0 0 0 0 0 0 0 0 0 0 0 0 0 0 0 0 0 0 0 0 0 0 0 0 0 0 0 0 0 0 0 0 0 0 0 0 0 0 0 0 0 0 0 0 0 0 0 0 0 0 0 0 0 0 0 0 0 0 0 0 0 0 0 0 0 0 0 0 0 0 0 0 0 0 0 0 0 0 0 0 0 0 0 0 0 0 0 0 0 0 0 0 0 0 0 0 0 0 0 0 0 0 0 0 0 0 0 0 0 0 0 0 0 0 0 0 0 0 0 0 0 0 0 0 0 0 0 0 0 0 0 0 0 0 0 0 0 0 0 0 0 0 0 0 0 0 0 0 0 0 0 0 0 0 0 0 0 0 0 0 0 0 0 0 0 0 0 0 0 0 0 0 0 0 0 0 0 0 0 0 0 0 0 0 0 0 0 0 0 0 0 0 0 0 0 0 0 0 0 0 0 0 0 0 0 0 0 0 0 0 0 0 0 0 0 0 0 0 0 0 0 0 0 0 0 0 0 0 0 0 0 0 0 0 0 0 0 0 0 0 0 0 0 0 0 0 0 0 0 0 0 0 0 0 0 0 0 0 0 0 0 0 0 0 0 0 0 0 0 0 0 0 0 0 0 0 0 0 0 0 0 0 0 0 0 0 0 0 0 0 0 0 0 0 0 0 0 0 0 0 0 0 0 0 0 0 0 0 0 0 0 0 0 0 0 0 0 0 0 0 0 0 0 0 0 0 0 0 0 0 0 0 0 0 0 0 0 0 0 0 0 0 0 0 0 0 0 0 0 0 0 0 0 0 0 0 0 0 0 0 0 0 0 0 0 0 0 0 0 0 0 0 0 0 0 0 0 0 0 0 0 0 0 0 0 0 0 0 0 0 0 0 0 0 0 0 0 0 0 0 0 0 0 0 0 0 0 0 0 0 0 0 0 0 0 0 0 0 0 0 0 0 0 0 0 0 0 0 0 0 0 0 0 0 0 0 0 0 0 0 0 0 0 0 0 0 0 0 0 0 0 0 0 0 0 0 0 0 0 0 0 0 0 0 0 0 0 0 0 0 0 0 0 0 0 0 0 0 0 0 0 0 0 0 0 0 0 0 0 0 0 0 0 0 0 0 0 0 0 0 0 0 0 0 0 0 0 0 0 0 0 0 0 0 0 0 0 0 0 0 0 0 0 0 0 0 0 0 0 0 0 0 0 0 0 0 0 0 0 0 0 0 0 0 0 0 0 0 0 0 0 0 0 0 0 0 0 0 0 0 0 0 0 0 0 0 0 0 0 0 0 0 0 0 0 0 0 0 0 0 0 0 0 0 0 0 0 0 0 0 0 0 0 0 0 0 0 0 0 0 0 0 0 0 0 0 0 0 0 0 0 0 0 0 0 0 0 0 0 0 0 0 0 0 0 0 0 0 0 0 0 0 0 0 0 0 0 0 0 0 0 0 0 0 0 0 0 0 0 0 0 0 0 0 0 0 0 0 0 0 0 0 0 0 0 0 0 0 0 0 0 0 0 0 0 0 0 0 0 0 0 0 0 0 0 0 0 0 0 0 0 0 0 0 0 0 0 0 0 0 0 0 0 0 0 0 0 0 0 0 0 0 0 0 0 0 0 0 0 0 0 0 0 0 0 0 0 0 0 0 0 0 0 0 0 0 0 0 0 0 0 0 0 0 0 0 0 0 0 0 0 0 0 0 0 0 0 0 0 0 0 0 0 0 0 0 0 0 0 0 0 0 0 0 0 0 0 0 0 0 0 0 0 0 0 0 0 0 0 0 0 0 0 0 0 0 0 0 0 0 0 0 0 0 0 0 0 0 0 0 0 0 0 0 0 0 0 0 0 0 0 0 0 0 0 0 0 0 0 0 0 0 0 0 0 0 0 0 0 0 0 0 0 0 0 0 0 0 0 0 0 0 0 0 0 0 0 0 0 0 0 0 0 0 0 0 0 0 0 0 0 0 0 0 0 0 0 0 0 0 0 0 0 0 0 0 0 0 0 0 0 0 0 0 0 0 0 0 0 0 0 0 0 0 0 0 0 0 0 0 0 0 0 0 0 0 0 0 0 0 0 0 0 0 0 0 0 0 0 0 0 0 0 0 0 0 0 0 0 0 0 0 0 0 0 0 0 0 0 0 0 0 0 0 0 0 0 0 0 0 0 0 0 0 0 0 0 0 0 0 0 0 0 0 0 0 0 0 0 0 0 0 0 0 0 0 0 0 0 0 0 0 0 0 0 0 0 0 0 0 0 0 0 0 0 0 0 0 0 0 0 0 0 0 0 0 0 0 0 0 0 0 0 0 0 0 0 0 0 0 0 0 0 0 0 0 0 0 0 0 0 0 0 0 0 0 0 0 0 0 0 0 0 0 0 0 0 0 0 0 0 0 0 0 0 0 0 0 0 0 0 0 0 0 0 0 0 0 0 0 0 0 0 0 0 0 0 0 0 0 0 0 0 0 0 0 0 0 0 0 0 0 0 0 0 0 0 0 0 0 0 0 0 0 0 0 0 0 0 0 0 0 0 0 0 0 0 0 0 0 0 0 0 0 0 0 0 0 0 0 0 0 0 0 0 0 0 0 0 0 0 0 0 0 0 0 0 0 0 0 0 0 0 0 0 0 0 0 0 0 0 0 0 0 0 0 0 0 0 0 0 0 0 0 0 0 0 0 0 0 0 0 0 0 0 0 0 0 0 0 0 0 0 0 0 0 0 0 0 0 0 0 0 0 0 0 0 0 0 0 0 0 0 0 0 0 0 0 0 0 0 0 0 0 0 0 0 0 0 0 0 0 0 0 0 0 0 0 0 0 0 0 0 0 0 0 0 0 0 0 0 0 0 0 0 0 0 0 0 0 0 0 0 0 0 0 0 0 0 0 0 0 0 0 0 0 0 0 0 0 0 0 0 0 0 0 0 0 0 0 0 0 0 0 0 0 0 0 0 0 0 0 0 0 0 0 0 0 0 0 0 0 0 0 0 0 0 0 0 0 0 0 0 0 0 0 0 0 0 0 0 0 0 0 0 0 0 0 0 0 0 0 0 0 0 0 0 0 0 0 0 0 0 0 0 0 0 0 0 0 0 0 0 0 0 0 0 0 0 0 0 0 0 0 0 0 0 0 0 0 0 0 0 0 0 0 0 0 0 0 0 0 0 0 0 0 0 0 0 0 0 0 0 0 0 0 0 0 0 0 0 0 0 0 0 0 0 0 0 0 0 0 0 0 0 0 0 0 0 0 0 0 0 0 0 0 0 0 0 0 0 0 0 0 0 0 0 0 0 0 0 0 0 0 0 
        </DataArray>
        <DataArray type="Float64" Name="dTdn" format="ascii">
0 0 0 0 0 0 0 0 0 0 0 0 0 0 0 0 0 0 0 0 0 0 0 0 0 0 0 0 0 0 0 0 0 0 0 0 0 0 0 0 0 0 0 0 0 0 0 0 0 0 0 0 0 0 0 0 0 0 0 0 0 0 0 0 0 0 0 0 0 0 0 0 0 0 0 0 0 0 0 0 0 0 0 0 0 0 0 0 0 0 0 0 0 0 0 0 0 0 0 0 0 0 0 0 0 0 0 0 0 0 0 0 0 0 0 0 0 0 0 0 0 0 0 0 0 0 0 0 0 0 0 0 0 0 0 0 0 0 0 0 0 0 0 0 0 0 0 0 0 0 0 0 0 0 0 0 0 0 0 0 0 0 0 0 0 0 0 0 0 0 0 0 0 0 0 0 0 0 0 0 0 0 0 0 0 0 0 0 0 0 0 0 0 0 0 0 0 0 0 0 0 0 0 0 0 0 0 0 0 0 0 0 0 0 0 0 0 0 0 0 0 0 0 0 0 0 0 0 0 0 0 0 0 0 0 0 0 0 0 0 0 0 0 0 0 0 0 0 0 0 0 0 0 0 0 0 0 0 0 0 0 0 0 0 0 0 0 0 0 0 0 0 0 0 0 0 0 0 0 0 0 0 0 0 0 0 0 0 0 0 0 0 0 0 0 0 0 0 0 0 0 0 0 0 0 0 0 0 0 0 0 0 0 0 0 0 0 0 0 0 0 0 0 0 0 0 0 0 0 0 0 0 0 0 0 0 0 0 0 0 0 0 0 0 0 0 0 0 0 0 0 0 0 0 0 0 0 0 0 0 0 0 0 0 0 0 0 0 0 0 0 0 0 0 0 0 0 0 0 0 0 0 0 0 0 0 0 0 0 0 0 0 0 0 0 0 0 0 0 0 0 0 0 0 0 0 0 0 0 0 0 0 0 0 0 0 0 0 0 0 0 0 0 0 0 0 0 0 0 0 0 0 0 0 0 0 0 0 0 0 0 0 0 0 0 0 0 0 0 0 0 0 0 0 0 0 0 0 0 0 0 0 0 0 0 0 0 0 0 0 0 0 0 0 0 0 0 0 0 0 0 0 0 0 0 0 0 0 0 0 0 0 0 0 0 0 0 0 0 0 0 0 0 0 0 0 0 0 0 0 0 0 0 0 0 0 0 0 0 0 0 0 0 0 0 0 0 0 0 0 0 0 0 0 0 0 0 0 0 0 0 0 0 0 0 0 0 0 0 0 0 0 0 0 0 0 0 0 0 0 0 0 0 0 0 0 0 0 0 0 0 0 0 0 0 0 0 0 0 0 0 0 0 0 0 0 0 0 0 0 0 0 0 0 0 0 0 0 0 0 0 0 0 0 0 0 0 0 0 0 0 0 0 0 0 0 0 0 0 0 0 0 0 0 0 0 0 0 0 0 0 0 0 0 0 0 0 0 0 0 0 0 0 0 0 0 0 0 0 0 0 0 0 0 0 0 0 0 0 0 0 0 0 0 0 0 0 0 0 0 0 0 0 0 0 0 0 0 0 0 0 0 0 0 0 0 0 0 0 0 0 0 0 0 0 0 0 0 0 0 0 0 0 0 0 0 0 0 0 0 0 0 0 0 0 0 0 0 0 0 0 0 0 0 0 0 0 0 0 0 0 0 0 0 0 0 0 0 0 0 0 0 0 0 0 0 0 0 0 0 0 0 0 0 0 0 0 0 0 0 0 0 0 0 0 0 0 0 0 0 0 0 0 0 0 0 0 0 0 0 0 0 0 0 0 0 0 0 0 0 0 0 0 0 0 0 0 0 0 0 0 0 0 0 0 0 0 0 0 0 0 0 0 0 0 0 0 0 0 0 0 0 0 0 0 0 0 0 0 0 0 0 0 0 0 0 0 0 0 0 0 0 0 0 0 0 0 0 0 0 0 0 0 0 0 0 0 0 0 0 0 0 0 0 0 0 0 0 0 0 0 0 0 0 0 0 0 0 0 0 0 0 0 0 0 0 0 0 0 0 0 0 0 0 0 0 0 0 0 0 0 0 0 0 0 0 0 0 0 0 0 0 0 0 0 0 0 0 0 0 0 0 0 0 0 0 0 0 0 0 0 0 0 0 0 0 0 0 0 0 0 0 0 0 0 0 0 0 0 0 0 0 0 0 0 0 0 0 0 0 0 0 0 0 0 0 0 0 0 0 0 0 0 0 0 0 0 0 0 0 0 0 0 0 0 0 0 0 0 0 0 0 0 0 0 0 0 0 0 0 0 0 0 0 0 0 0 0 0 0 0 0 0 0 0 0 0 0 0 0 0 0 0 0 0 0 0 0 0 0 0 0 0 0 0 0 0 0 0 0 0 0 0 0 0 0 0 0 0 0 0 0 0 0 0 0 0 0 0 0 0 0 0 0 0 0 0 0 0 0 0 0 0 0 0 0 0 0 0 0 0 0 0 0 0 0 0 0 0 0 0 0 0 0 0 0 0 0 0 0 0 0 0 0 0 0 0 0 0 0 0 0 0 0 0 0 0 0 0 0 0 0 0 0 0 0 0 0 0 0 0 0 0 0 0 0 0 0 0 0 0 0 0 0 0 0 0 0 0 0 0 0 0 0 0 0 0 0 0 0 0 0 0 0 0 0 0 0 0 0 0 0 0 0 0 0 0 0 0 0 0 0 0 0 0 0 0 0 0 0 0 0 0 0 0 0 0 0 0 0 0 0 0 0 0 0 0 0 0 0 0 0 0 0 0 0 0 0 0 0 0 0 0 0 0 0 0 0 0 0 0 0 0 0 0 0 0 0 0 0 0 0 0 0 0 0 0 0 0 0 0 0 0 0 0 0 0 0 0 0 0 0 0 0 0 0 0 0 0 0 0 0 0 0 0 0 0 0 0 0 0 0 0 0 0 0 0 0 0 0 0 0 0 0 0 0 0 0 0 0 0 0 0 0 0 0 0 0 0 0 0 0 0 0 0 0 0 0 0 0 0 0 0 0 0 0 0 0 0 0 0 0 0 0 0 0 0 0 0 0 0 0 0 0 0 0 0 0 0 0 0 0 0 0 0 0 0 0 0 0 0 0 0 0 0 0 0 0 0 0 0 0 0 0 0 0 0 0 0 0 0 0 0 0 0 0 0 0 0 0 0 0 0 0 0 0 0 0 0 0 0 0 0 0 0 0 0 0 0 0 0 0 0 0 0 0 0 0 0 0 0 0 0 0 0 0 0 0 0 0 0 0 0 0 0 0 0 0 0 0 0 0 0 0 0 0 0 0 0 0 0 0 0 0 0 0 0 0 0 0 0 0 0 0 0 0 0 0 0 0 0 0 0 0 0 0 0 0 0 0 0 0 0 0 0 0 0 0 0 0 0 0 0 0 0 0 0 0 0 0 0 0 0 0 0 0 0 0 0 0 0 0 0 0 0 0 0 0 0 0 0 0 0 0 0 0 0 0 0 0 0 0 0 0 0 0 0 0 0 0 0 0 0 0 0 0 0 0 0 0 0 0 0 0 0 0 0 0 0 0 0 0 0 0 0 0 0 0 0 0 0 0 0 0 0 0 0 0 0 0 0 0 0 0 0 0 0 0 0 0 0 0 0 0 0 0 0 0 0 0 0 0 0 0 0 0 0 0 0 0 0 0 0 0 0 0 0 0 0 0 0 0 0 0 0 0 0 0 0 0 0 0 0 0 0 0 0 0 0 0 0 0 0 0 0 0 0 0 0 0 0 0 0 0 0 0 0 0 0 0 0 0 0 0 0 0 0 0 0 0 0 0 0 0 0 0 0 0 0 0 0 0 0 0 0 0 0 0 0 0 0 0 0 0 0 0 0 0 0 0 0 0 0 0 0 0 0 0 0 0 0 0 0 0 0 0 0 0 0 0 0 0 0 0 0 0 0 0 0 0 0 0 0 0 0 0 0 0 0 0 0 0 0 0 0 0 0 0 0 0 0 0 0 0 0 0 0 0 0 0 0 0 0 0 0 0 0 0 0 0 0 0 0 0 0 0 0 0 0 0 0 0 0 0 0 0 0 0 0 0 0 0 0 0 0 0 0 0 0 0 0 0 0 0 0 0 0 0 0 0 0 0 0 0 0 0 0 0 0 0 0 0 0 0 0 0 0 0 0 0 0 0 0 0 0 0 0 0 0 0 0 0 0 0 0 0 0 0 0 0 0 0 0 0 0 0 0 0 0 0 0 0 0 0 0 0 0 0 0 0 0 0 0 0 0 0 0 0 0 0 0 0 0 0 0 0 0 0 0 0 0 0 0 0 0 0 0 0 0 0 0 0 0 0 0 0 0 0 0 0 0 0 0 0 0 0 0 0 0 0 0 0 0 0 0 0 0 0 0 0 0 0 0 0 0 0 0 0 0 0 0 0 0 0 0 0 0 0 0 0 0 0 0 0 0 0 0 0 0 0 0 0 0 0 0 0 0 0 0 0 0 0 0 0 0 0 0 0 0 0 0 0 0 0 0 0 0 0 0 0 0 0 0 0 0 0 0 0 0 0 
        </DataArray>
        <DataArray type="Int32" Name="Rank" format="ascii">
2 2 2 2 2 2 2 2 2 2 2 2 2 2 2 2 2 2 2 2 2 2 2 2 2 2 2 2 2 2 2 2 2 2 2 2 2 2 2 2 2 2 2 2 2 2 2 2 2 2 2 2 2 2 2 2 2 2 2 2 2 2 2 2 2 2 2 2 2 2 2 2 2 2 2 2 2 2 2 2 2 2 2 2 2 2 2 2 2 2 2 2 2 2 2 2 2 2 2 2 2 2 2 2 2 2 2 2 2 2 2 2 2 2 2 2 2 2 2 2 2 2 2 2 2 2 2 2 2 2 2 2 2 2 2 2 2 2 2 2 2 2 2 2 2 2 2 2 2 2 2 2 2 2 2 2 2 2 2 2 2 2 2 2 2 2 2 2 2 2 2 2 2 2 2 2 2 2 2 2 2 2 2 2 2 2 2 2 2 2 2 2 2 2 2 2 2 2 2 2 2 2 2 2 2 2 2 2 2 2 2 2 2 2 2 8 8 8 8 8 8 8 8 8 8 8 8 8 8 8 8 8 8 8 8 8 8 8 8 8 8 8 8 8 8 8 8 8 9 9 9 9 2 2 2 2 2 2 2 2 2 2 2 2 2 2 2 2 2 2 2 2 2 2 2 2 2 2 2 2 2 2 2 2 2 2 2 2 2 2 2 2 2 2 2 2 2 2 2 2 2 2 2 2 2 2 2 2 2 2 2 2 2 2 2 2 8 8 8 8 8 8 8 8 8 8 8 8 8 8 8 8 8 8 8 8 8 8 8 8 8 8 8 8 8 2 2 2 2 2 2 2 2 2 2 2 2 2 2 2 2 2 2 2 2 2 2 2 2 2 2 2 2 2 2 2 2 2 2 2 2 2 2 2 2 2 2 9 9 9 9 9 9 9 9 9 9 9 9 8 8 8 8 8 8 8 8 8 8 8 8 8 8 8 8 8 8 8 8 8 8 8 8 8 8 8 8 8 8 8 8 8 8 8 8 8 8 8 8 8 8 8 8 8 8 8 8 8 8 8 8 8 8 8 8 8 8 8 8 8 8 8 8 8 8 8 8 8 8 8 8 8 8 8 8 2 2 2 2 2 2 2 2 2 2 2 2 2 2 2 2 2 2 2 2 2 2 2 2 2 2 2 2 2 2 2 2 2 2 2 2 2 2 2 2 2 2 2 2 2 2 2 2 2 2 2 2 2 2 2 2 2 2 2 2 2 2 2 2 2 2 2 2 2 2 2 2 2 2 2 2 2 2 2 2 2 2 2 2 2 2 2 2 2 2 2 2 2 2 2 2 2 2 2 2 2 2 2 2 2 2 2 2 2 2 2 2 2 2 2 2 2 2 2 2 2 2 2 2 2 2 2 2 2 2 2 2 2 2 2 2 2 2 2 2 2 2 2 2 2 2 2 2 2 2 2 2 2 2 2 2 2 2 2 2 2 2 2 2 2 2 2 2 2 2 2 2 2 2 2 2 2 2 2 2 2 2 2 2 2 2 2 2 2 2 2 2 2 2 2 2 2 2 2 2 2 2 2 2 2 2 2 2 2 2 2 2 2 2 2 2 2 2 2 2 2 2 2 2 2 2 2 2 2 2 2 2 2 2 2 2 2 2 2 2 2 2 2 2 2 2 2 2 2 2 2 2 2 2 2 2 2 2 2 2 2 2 2 2 2 2 2 2 2 2 2 2 2 2 2 2 2 2 2 2 2 2 2 2 2 2 2 2 2 2 2 2 2 2 2 2 2 2 2 2 2 2 2 2 2 2 2 2 2 2 2 2 2 2 2 2 2 2 2 2 2 2 2 2 2 2 2 2 2 2 2 2 2 2 2 2 2 2 2 2 2 2 2 2 2 2 2 2 2 2 2 2 2 2 2 2 2 2 2 2 2 2 2 2 2 2 2 2 2 2 2 2 2 2 2 2 2 2 2 2 2 2 2 2 2 2 2 2 2 2 2 2 2 2 2 2 2 2 2 2 2 2 2 2 2 2 2 2 2 2 2 2 2 2 2 2 2 2 2 2 2 2 2 2 2 2 2 2 2 2 2 2 2 2 2 2 2 2 2 2 2 2 2 2 2 2 2 2 2 2 2 2 2 2 2 2 2 2 2 2 2 2 2 2 2 2 2 2 2 2 2 2 2 2 2 2 2 2 2 2 2 2 2 2 2 2 2 2 2 2 2 2 2 2 2 2 2 2 2 2 5 5 5 5 5 5 5 5 5 5 5 5 5 5 5 5 5 5 5 5 5 5 5 5 5 5 5 5 5 5 5 5 5 5 5 5 5 5 5 5 5 5 5 5 5 5 5 5 5 5 5 5 5 5 5 5 5 5 5 5 5 5 5 5 5 5 5 5 5 5 5 5 5 5 5 5 5 5 5 5 5 5 5 5 5 5 5 5 5 5 5 5 5 5 5 5 5 5 5 5 5 5 5 5 5 5 5 5 5 5 5 5 5 5 5 5 5 5 5 5 5 5 5 5 5 5 5 5 5 5 5 5 5 5 5 5 5 5 5 5 5 5 5 5 5 5 5 5 5 5 5 5 5 5 5 5 5 5 5 5 5 5 5 5 5 5 5 5 5 5 5 5 5 5 5 5 5 5 5 5 5 5 5 5 5 5 5 5 5 5 5 5 5 5 5 5 5 5 5 5 5 5 5 5 5 5 5 5 5 5 5 5 5 5 5 5 5 5 5 5 5 5 5 5 5 5 5 5 5 5 5 5 5 5 5 5 5 5 5 5 5 5 5 5 5 5 5 5 5 5 5 5 5 5 5 5 5 5 5 5 5 5 5 5 5 5 5 5 5 5 5 5 5 5 5 5 5 5 5 5 5 5 5 5 5 5 5 5 5 5 5 5 5 5 5 5 5 5 5 5 5 5 5 5 5 5 5 5 5 5 5 5 5 5 5 5 5 5 5 5 5 5 5 5 5 5 5 5 5 5 5 5 5 5 5 5 5 5 5 5 5 5 5 5 5 5 5 5 5 5 5 5 5 5 5 5 5 5 5 5 5 5 5 5 5 5 5 5 5 5 5 5 5 5 5 5 5 5 5 5 5 5 5 5 5 5 5 5 5 5 5 5 5 5 5 5 5 5 5 5 5 5 5 5 5 5 5 5 5 5 5 5 5 5 5 5 5 5 5 5 5 5 5 5 5 5 5 5 5 5 5 5 5 5 5 5 5 5 5 5 5 5 5 5 5 5 5 5 5 5 5 5 5 5 5 5 5 5 5 5 5 5 5 5 5 5 5 5 5 5 5 5 5 5 5 5 5 5 5 5 5 5 5 5 5 5 5 5 5 5 5 5 5 5 5 5 5 5 5 5 5 5 5 5 5 5 5 5 5 5 5 5 5 5 5 5 5 5 5 5 5 5 5 5 5 5 5 5 5 5 5 5 5 5 5 5 5 5 5 5 5 5 5 5 5 5 5 5 5 5 5 5 5 5 5 5 5 5 5 5 5 5 5 5 5 5 5 5 5 5 5 5 5 5 5 5 5 5 5 5 5 5 5 5 5 5 5 5 5 5 5 5 5 5 5 5 5 5 5 5 5 5 5 5 5 5 5 5 5 5 5 5 5 5 5 5 5 5 5 5 5 5 5 5 5 5 5 5 5 5 5 5 5 5 5 5 5 5 5 5 5 5 5 5 5 5 5 5 5 5 5 5 5 5 5 5 5 5 5 5 5 5 5 5 5 5 5 5 5 5 5 5 5 5 5 5 5 5 5 5 5 5 5 5 5 5 5 5 5 5 5 5 5 5 5 5 5 5 5 5 5 5 5 5 5 5 5 5 5 5 5 5 5 5 5 5 5 5 5 5 5 5 5 5 5 5 5 5 5 5 5 5 5 5 5 5 5 5 5 5 5 5 5 5 5 5 5 5 5 5 5 5 5 5 5 5 5 5 5 5 5 5 5 5 5 5 5 5 5 5 5 5 5 5 5 5 5 5 5 5 5 5 5 5 5 5 5 5 5 5 5 5 5 5 5 5 5 5 5 5 5 5 5 5 5 5 5 5 5 5 5 5 5 5 5 5 5 5 5 5 5 5 5 5 5 5 5 5 5 5 5 5 5 5 5 5 5 5 5 5 5 2 2 2 2 2 2 2 2 2 2 2 2 2 2 2 2 2 2 2 2 2 2 2 2 2 2 2 2 2 2 2 2 2 2 2 2 2 2 2 2 2 2 2 2 2 2 2 2 2 2 2 2 2 2 2 2 2 2 2 2 2 2 2 2 2 2 2 2 2 2 2 2 2 2 2 2 2 2 2 2 2 2 2 2 2 2 2 2 2 2 2 2 2 2 2 2 2 2 2 2 2 2 2 2 2 2 2 2 2 2 2 2 2 2 2 2 2 2 2 2 2 2 2 2 2 2 2 2 2 2 2 2 2 2 2 2 2 2 2 2 2 2 2 2 2 2 2 2 2 2 2 2 2 2 2 2 2 2 2 2 2 2 2 2 2 2 2 2 2 2 2 2 2 2 2 2 2 2 2 2 2 2 2 2 
        </DataArray>
        <DataArray type="Int32" Name="Level" format="ascii">
4 4 4 4 4 4 4 4 4 4 4 4 4 4 4 4 4 4 4 4 4 4 4 4 4 4 4 4 4 4 4 4 4 4 4 4 4 4 4 4 4 4 4 4 4 4 4 4 4 4 4 4 4 4 4 4 4 4 4 4 4 4 4 4 4 4 4 4 4 4 4 4 4 4 4 4 4 4 4 4 4 4 4 4 4 4 4 4 4 4 4 4 4 4 4 4 4 4 4 4 4 4 4 4 4 4 4 4 4 4 4 4 4 4 4 4 4 4 4 4 4 4 4 4 4 4 4 4 4 4 4 4 4 4 4 4 4 4 4 4 4 4 4 4 4 4 4 4 4 4 4 4 4 4 4 4 4 4 4 4 4 4 4 4 4 4 4 4 4 4 4 4 4 4 4 4 4 4 4 4 4 4 4 4 4 4 4 4 4 4 4 4 4 4 4 4 4 4 4 4 4 4 4 4 4 4 4 4 4 4 4 4 4 4 4 4 4 4 4 4 4 4 4 4 4 4 4 4 4 4 4 4 4 4 4 4 4 4 4 4 4 4 4 4 4 4 4 4 3 3 3 3 4 4 4 4 4 4 4 4 4 4 4 4 4 4 4 4 4 4 4 4 4 4 4 4 4 4 4 4 4 4 4 4 4 4 4 4 4 4 4 4 4 4 4 4 4 4 4 4 4 4 4 4 4 4 4 4 4 4 4 4 4 4 4 4 4 4 4 4 4 4 4 4 4 4 4 4 4 4 4 4 4 4 4 4 4 4 4 4 4 4 4 4 4 4 4 4 4 4 4 4 4 4 4 4 4 4 4 4 4 4 4 4 4 4 4 4 4 4 4 4 4 4 4 4 4 4 4 4 4 4 4 4 4 4 4 3 3 3 3 3 3 3 3 3 3 3 3 4 4 4 4 4 4 4 4 4 4 4 4 4 4 4 4 4 4 4 4 4 4 4 4 4 4 4 4 4 4 4 4 4 4 4 4 4 4 4 4 4 4 4 4 4 4 4 4 4 4 4 4 4 4 4 4 4 4 4 4 4 4 4 4 4 4 4 4 4 4 4 4 4 4 4 4 4 4 4 4 4 4 4 4 4 4 4 4 4 4 4 4 4 4 4 4 4 4 4 4 4 4 4 4 4 4 4 4 4 4 4 4 4 4 4 4 4 4 4 4 4 4 4 4 4 4 4 4 4 4 4 4 4 4 4 4 4 4 4 4 4 4 4 4 4 4 4 4 4 4 4 4 4 4 4 4 4 4 4 4 4 4 4 4 4 4 4 4 4 4 4 4 4 4 4 4 4 4 4 4 4 4 4 4 4 4 4 4 4 4 4 4 4 4 4 4 4 4 4 4 4 4 4 4 4 4 4 4 4 4 4 4 4 4 4 4 4 4 4 4 4 4 4 4 4 4 4 4 4 4 4 4 4 4 4 4 4 4 4 4 4 4 4 4 4 4 4 4 4 4 4 4 4 4 4 4 4 4 4 4 4 4 4 4 4 4 4 4 4 4 4 4 4 4 4 4 4 4 4 4 4 4 4 4 4 4 4 4 4 4 4 4 4 4 4 4 4 4 4 4 4 4 4 4 4 4 4 4 4 4 4 4 4 4 4 4 4 4 4 4 4 4 4 4 4 4 4 4 4 4 4 4 4 4 4 4 4 4 4 4 4 4 4 4 4 4 4 4 4 4 4 4 4 4 4 4 4 4 4 4 4 4 4 4 4 4 4 4 4 4 4 4 4 4 4 4 4 4 4 4 4 4 4 4 4 4 4 4 4 4 4 4 4 4 4 4 4 4 4 4 4 4 4 4 4 4 4 4 4 4 4 4 4 4 4 4 4 4 4 4 4 4 4 4 4 4 4 4 4 4 4 4 4 4 4 4 4 4 4 4 4 4 4 4 4 4 4 4 4 4 4 4 4 4 4 4 4 4 4 4 4 4 4 4 4 4 4 4 4 4 4 4 4 4 4 4 4 4 4 4 4 4 4 4 4 4 4 4 4 4 4 4 4 4 4 4 4 4 4 4 4 4 4 4 4 4 4 4 4 4 4 4 4 4 4 4 4 4 4 4 4 4 4 4 4 4 4 4 4 4 4 4 4 4 4 4 4 4 4 4 4 4 4 4 4 4 4 4 4 4 4 4 4 4 4 4 4 4 4 4 4 4 4 4 4 4 4 4 4 4 4 4 4 4 4 4 4 4 4 4 4 4 4 4 4 4 4 4 4 4 4 4 4 4 4 4 4 4 4 4 4 4 4 4 4 4 4 4 4 4 4 4 4 4 4 4 4 4 4 4 4 4 4 4 4 4 4 4 4 4 4 4 4 4 4 4 4 4 4 4 4 4 4 4 4 4 4 4 4 4 4 4 4 4 4 4 4 4 4 4 4 4 4 4 4 4 4 4 4 4 4 4 4 4 4 4 4 4 4 4 4 4 4 4 4 4 4 4 4 4 4 4 4 4 4 4 4 4 4 4 4 4 4 4 4 4 4 4 4 4 4 4 4 4 4 4 4 4 4 4 4 4 4 4 4 4 4 4 4 4 4 4 4 4 4 4 4 4 4 4 4 4 4 4 4 4 4 4 4 4 4 4 4 4 4 4 4 4 4 4 4 4 4 4 4 4 4 4 4 4 4 4 4 4 4 4 4 4 4 4 4 4 4 4 4 4 4 4 4 4 4 4 4 4 4 4 4 4 4 4 4 4 4 4 4 4 4 4 4 4 4 4 4 4 4 4 4 4 4 4 4 4 4 4 4 4 4 4 4 4 4 4 4 4 4 4 4 4 4 4 4 4 4 4 4 4 4 4 4 4 4 4 4 4 4 4 4 4 4 4 4 4 4 4 4 4 4 4 4 4 4 4 4 4 4 4 4 4 4 4 4 4 4 4 4 4 4 4 4 4 4 4 4 4 4 4 4 4 4 4 4 4 4 4 4 4 4 4 4 4 4 4 4 4 4 4 4 4 4 4 4 4 4 4 4 4 4 4 4 4 4 4 4 4 4 4 4 4 4 4 4 4 4 4 4 4 4 4 4 4 4 4 4 4 4 4 4 4 4 4 4 4 4 4 4 4 4 4 4 4 4 4 4 4 4 4 4 4 4 4 4 4 4 4 4 4 4 4 4 4 4 4 4 4 4 4 4 4 4 4 4 4 4 4 4 4 4 4 4 4 4 4 4 4 4 4 4 4 4 4 4 4 4 4 4 4 4 4 4 4 4 4 4 4 4 4 4 4 4 4 4 4 4 4 4 4 4 4 4 4 4 4 4 4 4 4 4 4 4 4 4 4 4 4 4 4 4 4 4 4 4 4 4 4 4 4 4 4 4 4 4 4 4 4 4 4 4 4 4 4 4 4 4 4 4 4 4 4 4 4 4 4 4 4 4 4 4 4 4 4 4 4 4 4 4 4 4 4 4 4 4 4 4 4 4 4 4 4 4 4 4 4 4 4 4 4 4 4 4 4 4 4 4 4 4 4 4 4 4 4 4 4 4 4 4 4 4 4 4 4 4 4 4 4 4 4 4 4 4 4 4 4 4 4 4 4 4 4 4 4 4 4 4 4 4 4 4 4 4 4 4 4 4 4 4 4 4 4 4 4 4 4 4 4 4 4 4 4 4 4 4 4 4 4 4 4 4 4 4 4 4 4 4 4 4 4 4 4 4 4 4 4 4 4 4 4 4 4 4 4 4 4 4 4 4 4 4 4 4 4 4 4 4 4 4 4 4 4 4 4 4 4 4 4 4 4 4 4 4 4 4 4 4 4 4 4 4 4 4 4 4 4 4 4 4 4 4 4 4 4 4 4 4 4 4 4 4 4 4 4 4 4 4 4 4 4 4 4 4 4 4 4 4 4 4 4 4 4 4 4 4 4 4 4 4 4 4 4 4 4 4 4 4 4 4 4 4 4 4 4 4 4 4 4 4 4 4 4 4 4 4 4 4 4 4 4 4 4 4 4 4 4 4 4 4 4 4 4 4 4 4 4 4 4 4 4 4 4 4 4 4 4 4 4 4 4 4 4 4 4 4 4 4 4 4 4 4 4 4 4 4 4 4 4 4 4 4 4 4 4 4 4 4 4 4 4 4 4 4 4 4 4 4 4 4 4 4 4 4 4 4 4 4 4 4 4 4 4 4 4 4 4 4 4 4 4 4 4 4 4 4 4 4 4 4 4 4 4 4 4 4 4 4 4 4 4 4 4 4 4 4 4 4 4 4 4 4 4 4 4 4 4 4 4 4 4 4 4 4 4 4 4 4 4 4 4 4 4 4 4 4 4 4 4 4 4 4 4 4 4 4 4 4 4 4 4 4 4 4 4 4 4 4 4 4 4 4 4 4 4 4 4 4 4 4 4 4 4 4 4 4 4 4 4 4 4 4 4 4 4 4 4 4 4 4 4 4 4 4 4 4 4 4 4 4 4 4 4 4 4 4 4 4 4 4 4 4 4 4 4 4 4 4 4 4 4 4 4 4 4 4 4 4 4 4 4 4 4 4 4 4 
        </DataArray>
        <DataArray type="Int32" Name="N_Interp_IP0" format="ascii">
4 4 4 4 4 4 4 4 4 4 4 4 4 4 4 4 4 4 4 4 4 4 4 4 4 4 4 4 4 4 4 4 4 4 4 4 4 4 4 4 4 4 4 4 4 4 4 4 4 4 4 4 4 4 4 4 4 4 4 4 4 4 4 4 4 4 4 4 4 4 4 4 4 4 4 4 4 4 4 4 4 4 4 4 4 4 4 4 4 4 4 4 4 4 4 4 4 4 4 4 4 4 4 4 4 4 4 4 4 4 4 4 4 4 4 4 4 4 4 4 4 4 4 4 4 4 4 4 4 4 4 4 4 4 4 4 4 4 4 4 4 4 4 4 4 4 4 4 4 4 4 4 4 4 4 4 4 4 4 4 4 4 4 4 4 4 4 4 4 4 4 4 4 4 4 4 4 4 4 4 4 4 4 4 4 4 4 4 4 4 4 4 4 4 4 4 4 4 4 4 4 4 4 4 4 4 4 4 4 4 4 4 4 4 4 4 4 4 4 4 4 4 4 4 4 4 4 4 4 4 4 4 4 4 4 4 4 4 4 4 4 4 4 4 4 4 4 4 4 4 4 4 4 4 4 4 4 4 4 4 4 4 4 4 4 4 4 4 4 4 4 4 4 4 4 4 4 4 4 4 4 4 4 4 4 4 4 4 4 4 4 4 4 4 4 4 4 4 4 4 4 4 4 4 4 4 4 4 4 4 4 4 4 4 4 4 4 4 4 4 4 4 4 4 4 4 4 4 4 4 4 4 4 4 4 4 4 4 4 4 4 4 4 4 4 4 4 4 4 4 4 4 4 4 4 4 4 4 4 4 4 4 4 4 4 4 4 4 4 4 4 4 4 4 4 4 4 4 4 4 4 4 4 4 4 4 4 4 4 4 4 4 4 4 4 4 4 4 4 4 4 4 4 4 4 4 4 4 4 4 4 4 4 4 4 4 4 4 4 4 4 4 4 4 4 4 4 4 4 4 4 4 4 4 4 4 4 4 4 4 4 4 4 4 4 4 4 4 4 4 4 4 4 4 4 4 4 4 4 4 4 4 4 4 4 4 4 4 4 4 4 4 4 4 4 4 4 4 4 4 4 4 4 4 4 4 4 4 4 4 4 4 4 4 4 4 4 4 4 4 4 4 4 4 4 4 4 4 4 4 4 4 4 4 4 4 4 4 4 4 4 4 4 4 4 4 4 4 4 4 4 4 4 4 4 4 4 4 4 4 4 4 4 4 4 4 4 4 4 4 4 4 4 4 4 4 4 4 4 4 4 4 4 4 4 4 4 4 4 4 4 4 4 4 4 4 4 4 4 4 4 4 4 4 4 4 4 4 4 4 4 4 4 4 4 4 4 4 4 4 4 4 4 4 4 4 4 4 4 4 4 4 4 4 4 4 4 4 4 4 4 4 4 4 4 4 4 4 4 4 4 4 4 4 4 4 4 4 4 4 4 4 4 4 4 4 4 4 4 4 4 4 4 4 4 4 4 4 4 4 4 4 4 4 4 4 4 4 4 4 4 4 4 4 4 4 4 4 4 4 4 4 4 4 4 4 4 4 4 4 4 4 4 4 4 4 4 4 4 4 4 4 4 4 4 4 4 4 4 4 4 4 4 4 4 4 4 4 4 4 4 4 4 4 4 4 4 4 4 4 4 4 4 4 4 4 4 4 4 4 4 4 4 4 4 4 4 4 4 4 4 4 4 4 4 4 4 4 4 4 4 4 4 4 4 4 4 4 4 4 4 4 4 4 4 4 4 4 4 4 4 4 4 4 4 4 4 4 4 4 4 4 4 4 4 4 4 4 4 4 4 4 4 4 4 4 4 4 4 4 4 4 4 4 4 4 4 4 4 4 4 4 4 4 4 4 4 4 4 4 4 4 4 4 4 4 4 4 4 4 4 4 4 4 4 4 4 4 4 4 4 4 4 4 4 4 4 4 4 4 4 4 4 4 4 4 4 4 4 4 4 4 4 4 4 4 4 4 4 4 4 4 4 4 4 4 4 4 4 4 4 4 4 4 4 4 4 4 4 4 4 4 4 4 4 4 4 4 4 4 4 4 4 4 4 4 4 4 4 4 4 4 4 4 4 4 4 4 4 4 4 4 4 4 4 4 4 4 4 4 4 4 4 4 4 4 4 4 4 4 4 4 4 4 4 4 4 4 4 4 4 4 4 4 4 4 4 4 4 4 4 4 4 4 4 4 4 4 4 4 4 4 4 4 4 4 4 4 4 4 4 4 4 4 4 4 4 4 4 4 4 4 4 4 4 4 4 4 4 4 4 4 4 4 4 4 4 4 4 4 4 4 4 4 4 4 4 4 4 4 4 4 4 4 4 4 4 4 4 4 4 4 4 4 4 4 4 4 4 4 4 4 4 4 4 4 4 4 4 4 4 4 4 4 4 4 4 4 4 4 4 4 4 4 4 4 4 4 4 4 4 4 4 4 4 4 4 4 4 4 4 4 4 4 4 4 4 4 4 4 4 4 4 4 4 4 4 4 4 4 4 4 4 4 4 4 4 4 4 4 4 4 4 4 4 4 4 4 4 4 4 4 4 4 4 4 4 4 4 4 4 4 4 4 4 4 4 4 4 4 4 4 4 4 4 4 4 4 4 4 4 4 4 4 4 4 4 4 4 4 4 4 4 4 4 4 4 4 4 4 4 4 4 4 4 4 4 4 4 4 4 4 4 4 4 4 4 4 4 4 4 4 4 4 4 4 4 4 4 4 4 4 4 4 4 4 4 4 4 4 4 4 4 4 4 4 4 4 4 4 4 4 4 4 4 4 4 4 4 4 4 4 4 4 4 4 4 4 4 4 4 4 4 4 4 4 4 4 4 4 4 4 4 4 4 4 4 4 4 4 4 4 4 4 4 4 4 4 4 4 4 4 4 4 4 4 4 4 4 4 4 4 4 4 4 4 4 4 4 4 4 4 4 4 4 4 4 4 4 4 4 4 4 4 4 4 4 4 4 4 4 4 4 4 4 4 4 4 4 4 4 4 4 4 4 4 4 4 4 4 4 4 4 4 4 4 4 4 4 4 4 4 4 4 4 4 4 4 4 4 4 4 4 4 4 4 4 4 4 4 4 4 4 4 4 4 4 4 4 4 4 4 4 4 4 4 4 4 4 4 4 4 4 4 4 4 4 4 4 4 4 4 4 4 4 4 4 4 4 4 4 4 4 4 4 4 4 4 4 4 4 4 4 4 4 4 4 4 4 4 4 4 4 4 4 4 4 4 4 4 4 4 4 4 4 4 4 4 4 4 4 4 4 4 4 4 4 4 4 4 4 4 4 4 4 4 4 4 4 4 4 4 4 4 4 4 4 4 4 4 4 4 4 4 4 4 4 4 4 4 4 4 4 4 4 4 4 4 4 4 4 4 4 4 4 4 4 4 4 4 4 4 4 4 4 4 4 4 4 4 4 4 4 4 4 4 4 4 4 4 4 4 4 4 4 4 4 4 4 4 4 4 4 4 4 4 4 4 4 4 4 4 4 4 4 4 4 4 4 4 4 4 4 4 4 4 4 4 4 4 4 4 4 4 4 4 4 4 4 4 4 4 4 4 4 4 4 4 4 4 4 4 4 4 4 4 4 4 4 4 4 4 4 4 4 4 4 4 4 4 4 4 4 4 4 4 4 4 4 4 4 4 4 4 4 4 4 4 4 4 4 4 4 4 4 4 4 4 4 4 4 4 4 4 4 4 4 4 4 4 4 4 4 4 4 4 4 4 4 4 4 4 4 4 4 4 4 4 4 4 4 4 4 4 4 4 4 4 4 4 4 4 4 4 4 4 4 4 4 4 4 4 4 4 4 4 4 4 4 4 4 4 4 4 4 4 4 4 4 4 4 4 4 4 4 4 4 4 4 4 4 4 4 4 4 4 4 4 4 4 4 4 4 4 4 4 4 4 4 4 4 4 4 4 4 4 4 4 4 4 4 4 4 4 4 4 4 4 4 4 4 4 4 4 4 4 4 4 4 4 4 4 4 4 4 4 4 4 4 4 4 4 4 4 4 4 4 4 4 4 4 4 4 4 4 4 4 4 4 4 4 4 4 4 4 4 4 4 4 4 4 4 4 4 4 4 4 4 4 4 4 4 4 4 4 4 4 4 4 4 4 4 4 4 4 4 4 4 4 4 4 4 4 4 4 4 4 4 4 4 4 4 4 4 4 4 4 4 4 4 4 4 4 4 4 4 4 4 4 4 4 4 4 4 4 4 4 4 4 4 4 4 4 4 4 4 4 4 4 4 4 4 4 4 4 4 4 4 4 4 4 4 4 4 4 4 4 4 4 4 4 4 4 4 4 4 4 4 4 4 4 4 4 4 4 4 4 4 4 4 4 4 4 4 4 4 4 4 4 4 4 4 4 4 4 4 4 4 4 4 4 4 4 4 4 4 4 4 4 4 4 4 4 4 4 4 4 4 4 4 4 4 4 4 4 4 4 4 4 4 4 4 4 4 4 4 4 4 4 4 4 4 4 4 4 4 4 4 4 4 
        </DataArray>
      </CellData>
    </Piece>
  </PolyData>
</VTKFile>
