<?xml version="1.0"?>
<VTKFile type="PolyData" version="1.0" byte_order="LittleEndian" header_type="UInt64">
  <PolyData>
    <Piece NumberOfPoints="2000" NumberOfPolys="2000">
      <Points>
        <DataArray type="Float64" Name="Points" NumberOfComponents="3" format="ascii">
0.1 0 0.0 0.099999 0.000314157 0.0 0.099998 0.000628314 0.0 0.0999951 0.000942459 0.0 0.0999921 0.0012566 0.0 0.0999872 0.00157072 0.0 0.0999822 0.00188484 0.0 0.0999753 0.00219893 0.0 0.0999684 0.00251301 0.0 0.0999595 0.00282704 0.0 0.0999507 0.00314108 0.0 0.0999398 0.00345505 0.0 0.0999289 0.00376902 0.0 0.0999161 0.00408292 0.0 0.0999033 0.00439681 0.0 0.0998885 0.00471062 0.0 0.0998737 0.00502443 0.0 0.0998569 0.00533814 0.0 0.0998402 0.00565185 0.0 0.0998214 0.00596545 0.0 0.0998027 0.00627905 0.0 0.099782 0.00659253 0.0 0.0997613 0.006906 0.0 0.0997386 0.00721934 0.0 0.0997159 0.00753268 0.0 0.0996912 0.00784587 0.0 0.0996666 0.00815906 0.0 0.09964 0.00847209 0.0 0.0996134 0.00878512 0.0 0.0995848 0.00909798 0.0 0.0995562 0.00941083 0.0 0.0995256 0.0097235 0.0 0.0994951 0.0100362 0.0 0.0994626 0.0103486 0.0 0.0994301 0.0106611 0.0 0.0993956 0.0109734 0.0 0.0993611 0.0112856 0.0 0.0993247 0.0115977 0.0 0.0992883 0.0119097 0.0 0.0992499 0.0122215 0.0 0.0992115 0.0125333 0.0 0.0991711 0.0128449 0.0 0.0991308 0.0131564 0.0 0.0990885 0.0134677 0.0 0.0990461 0.013779 0.0 0.0990019 0.0140901 0.0 0.0989576 0.0144011 0.0 0.0989114 0.0147118 0.0 0.0988652 0.0150226 0.0 0.098817 0.015333 0.0 0.0987688 0.0156434 0.0 0.0987187 0.0159536 0.0 0.0986686 0.0162637 0.0 0.0986165 0.0165735 0.0 0.0985645 0.0168833 0.0 0.0985104 0.0171928 0.0 0.0984564 0.0175023 0.0 0.0984005 0.0178114 0.0 0.0983445 0.0181206 0.0 0.0982866 0.0184294 0.0 0.0982287 0.0187381 0.0 0.0981689 0.0190465 0.0 0.0981091 0.0193549 0.0 0.0980473 0.019663 0.0 0.0979855 0.019971 0.0 0.0979218 0.0202786 0.0 0.0978581 0.0205863 0.0 0.0977925 0.0208935 0.0 0.0977268 0.0212007 0.0 0.0976592 0.0215075 0.0 0.0975917 0.0218143 0.0 0.0975222 0.0221207 0.0 0.0974527 0.0224271 0.0 0.0973813 0.022733 0.0 0.0973099 0.0230389 0.0 0.0972365 0.0233444 0.0 0.0971632 0.0236499 0.0 0.0970879 0.0239549 0.0 0.0970127 0.0242599 0.0 0.0969355 0.0245645 0.0 0.0968583 0.024869 0.0 0.0967792 0.025173 0.0 0.0967001 0.0254771 0.0 0.0966192 0.0257806 0.0 0.0965382 0.0260842 0.0 0.0964553 0.0263872 0.0 0.0963724 0.0266902 0.0 0.0962876 0.0269927 0.0 0.0962028 0.0272952 0.0 0.0961161 0.0275972 0.0 0.0960294 0.0278991 0.0 0.0959408 0.0282005 0.0 0.0958522 0.0285019 0.0 0.0957617 0.0288028 0.0 0.0956712 0.0291036 0.0 0.0955788 0.0294039 0.0 0.0954865 0.0297042 0.0 0.0953922 0.0300038 0.0 0.0952979 0.0303035 0.0 0.0952018 0.0306026 0.0 0.0951057 0.0309017 0.0 0.0950076 0.0312002 0.0 0.0949096 0.0314987 0.0 0.0948097 0.0317965 0.0 0.0947098 0.0320944 0.0 0.0946081 0.0323916 0.0 0.0945063 0.0326888 0.0 0.0944027 0.0329854 0.0 0.0942991 0.033282 0.0 0.0941936 0.0335779 0.0 0.0940881 0.0338738 0.0 0.0939807 0.034169 0.0 0.0938734 0.0344643 0.0 0.0937642 0.0347589 0.0 0.093655 0.0350534 0.0 0.0935439 0.0353473 0.0 0.0934329 0.0356412 0.0 0.09332 0.0359344 0.0 0.0932071 0.0362275 0.0 0.0930924 0.03652 0.0 0.0929776 0.0368125 0.0 0.0928611 0.0371042 0.0 0.0927445 0.0373959 0.0 0.0926261 0.0376869 0.0 0.0925077 0.0379779 0.0 0.0923875 0.0382682 0.0 0.0922673 0.0385584 0.0 0.0921452 0.0388479 0.0 0.0920232 0.0391374 0.0 0.0918993 0.0394261 0.0 0.0917755 0.0397148 0.0 0.0916498 0.0400027 0.0 0.0915241 0.0402906 0.0 0.0913966 0.0405778 0.0 0.0912692 0.0408649 0.0 0.0911399 0.0411512 0.0 0.0910106 0.0414376 0.0 0.0908795 0.0417231 0.0 0.0907484 0.0420086 0.0 0.0906156 0.0422933 0.0 0.0904827 0.0425779 0.0 0.0903481 0.0428618 0.0 0.0902134 0.0431456 0.0 0.090077 0.0434286 0.0 0.0899405 0.0437116 0.0 0.0898023 0.0439937 0.0 0.0896641 0.0442758 0.0 0.0895241 0.0445571 0.0 0.0893841 0.0448383 0.0 0.0892424 0.0451187 0.0 0.0891007 0.0453991 0.0 0.0889571 0.0456785 0.0 0.0888136 0.045958 0.0 0.0886684 0.0462365 0.0 0.0885231 0.0465151 0.0 0.0883761 0.0467928 0.0 0.0882291 0.0470704 0.0 0.0880804 0.0473471 0.0 0.0879316 0.0476238 0.0 0.0877811 0.0478996 0.0 0.0876307 0.0481754 0.0 0.0874785 0.0484502 0.0 0.0873262 0.048725 0.0 0.0871723 0.0489989 0.0 0.0870184 0.0492727 0.0 0.0868627 0.0495456 0.0 0.0867071 0.0498185 0.0 0.0865497 0.0500904 0.0 0.0863923 0.0503623 0.0 0.0862333 0.0506332 0.0 0.0860742 0.0509041 0.0 0.0859134 0.051174 0.0 0.0857527 0.051444 0.0 0.0855902 0.0517128 0.0 0.0854277 0.0519817 0.0 0.0852636 0.0522496 0.0 0.0850994 0.0525175 0.0 0.0849336 0.0527843 0.0 0.0847678 0.0530511 0.0 0.0846003 0.0533169 0.0 0.0844328 0.0535827 0.0 0.0842636 0.0538474 0.0 0.0840945 0.0541121 0.0 0.0839236 0.0543758 0.0 0.0837528 0.0546394 0.0 0.0835803 0.054902 0.0 0.0834078 0.0551646 0.0 0.0832337 0.0554261 0.0 0.0830596 0.0556876 0.0 0.0828838 0.0559479 0.0 0.0827081 0.0562083 0.0 0.0825307 0.0564676 0.0 0.0823533 0.0567269 0.0 0.0821742 0.0569851 0.0 0.0819952 0.0572432 0.0 0.0818146 0.0575002 0.0 0.0816339 0.0577573 0.0 0.0814517 0.0580132 0.0 0.0812694 0.058269 0.0 0.0810856 0.0585238 0.0 0.0809017 0.0587785 0.0 0.0807162 0.0590321 0.0 0.0805308 0.0592857 0.0 0.0803437 0.0595381 0.0 0.0801567 0.0597905 0.0 0.0799681 0.0600417 0.0 0.0797794 0.060293 0.0 0.0795892 0.060543 0.0 0.079399 0.060793 0.0 0.0792073 0.0610419 0.0 0.0790155 0.0612907 0.0 0.0788222 0.0615383 0.0 0.0786288 0.061786 0.0 0.078434 0.0620324 0.0 0.0782391 0.0622788 0.0 0.0780427 0.062524 0.0 0.0778462 0.0627691 0.0 0.0776483 0.0630131 0.0 0.0774503 0.063257 0.0 0.0772508 0.0634997 0.0 0.0770513 0.0637424 0.0 0.0768503 0.0639838 0.0 0.0766493 0.0642253 0.0 0.0764468 0.0644654 0.0 0.0762443 0.0647056 0.0 0.0760402 0.0649445 0.0 0.0758362 0.0651834 0.0 0.0756307 0.065421 0.0 0.0754251 0.0656586 0.0 0.0752181 0.0658949 0.0 0.0750111 0.0661312 0.0 0.0748026 0.0663662 0.0 0.0745941 0.0666012 0.0 0.0743841 0.0668349 0.0 0.0741742 0.0670686 0.0 0.0739627 0.0673009 0.0 0.0737513 0.0675333 0.0 0.0735384 0.0677643 0.0 0.0733255 0.0679953 0.0 0.0731112 0.068225 0.0 0.0728969 0.0684547 0.0 0.0726811 0.068683 0.0 0.0724653 0.0689114 0.0 0.0722481 0.0691384 0.0 0.0720309 0.0693653 0.0 0.0718123 0.0695909 0.0 0.0715936 0.0698165 0.0 0.0713736 0.0700408 0.0 0.0711536 0.070265 0.0 0.0709321 0.0704878 0.0 0.0707107 0.0707107 0.0 0.0704878 0.0709321 0.0 0.070265 0.0711536 0.0 0.0700408 0.0713736 0.0 0.0698165 0.0715936 0.0 0.0695909 0.0718123 0.0 0.0693653 0.0720309 0.0 0.0691384 0.0722481 0.0 0.0689114 0.0724653 0.0 0.068683 0.0726811 0.0 0.0684547 0.0728969 0.0 0.068225 0.0731112 0.0 0.0679953 0.0733255 0.0 0.0677643 0.0735384 0.0 0.0675333 0.0737513 0.0 0.0673009 0.0739627 0.0 0.0670686 0.0741742 0.0 0.0668349 0.0743841 0.0 0.0666012 0.0745941 0.0 0.0663662 0.0748026 0.0 0.0661312 0.0750111 0.0 0.0658949 0.0752181 0.0 0.0656586 0.0754251 0.0 0.065421 0.0756307 0.0 0.0651834 0.0758362 0.0 0.0649445 0.0760402 0.0 0.0647056 0.0762443 0.0 0.0644654 0.0764468 0.0 0.0642253 0.0766493 0.0 0.0639838 0.0768503 0.0 0.0637424 0.0770513 0.0 0.0634997 0.0772508 0.0 0.063257 0.0774503 0.0 0.0630131 0.0776483 0.0 0.0627691 0.0778462 0.0 0.062524 0.0780427 0.0 0.0622788 0.0782391 0.0 0.0620324 0.078434 0.0 0.061786 0.0786288 0.0 0.0615383 0.0788222 0.0 0.0612907 0.0790155 0.0 0.0610419 0.0792073 0.0 0.060793 0.079399 0.0 0.060543 0.0795892 0.0 0.060293 0.0797794 0.0 0.0600417 0.0799681 0.0 0.0597905 0.0801567 0.0 0.0595381 0.0803437 0.0 0.0592857 0.0805308 0.0 0.0590321 0.0807162 0.0 0.0587785 0.0809017 0.0 0.0585238 0.0810856 0.0 0.058269 0.0812694 0.0 0.0580132 0.0814517 0.0 0.0577573 0.0816339 0.0 0.0575002 0.0818146 0.0 0.0572432 0.0819952 0.0 0.0569851 0.0821742 0.0 0.0567269 0.0823533 0.0 0.0564676 0.0825307 0.0 0.0562083 0.0827081 0.0 0.0559479 0.0828838 0.0 0.0556876 0.0830596 0.0 0.0554261 0.0832337 0.0 0.0551646 0.0834078 0.0 0.054902 0.0835803 0.0 0.0546394 0.0837528 0.0 0.0543758 0.0839236 0.0 0.0541121 0.0840945 0.0 0.0538474 0.0842636 0.0 0.0535827 0.0844328 0.0 0.0533169 0.0846003 0.0 0.0530511 0.0847678 0.0 0.0527843 0.0849336 0.0 0.0525175 0.0850994 0.0 0.0522496 0.0852636 0.0 0.0519817 0.0854277 0.0 0.0517128 0.0855902 0.0 0.051444 0.0857527 0.0 0.051174 0.0859134 0.0 0.0509041 0.0860742 0.0 0.0506332 0.0862333 0.0 0.0503623 0.0863923 0.0 0.0500904 0.0865497 0.0 0.0498185 0.0867071 0.0 0.0495456 0.0868627 0.0 0.0492727 0.0870184 0.0 0.0489989 0.0871723 0.0 0.048725 0.0873262 0.0 0.0484502 0.0874785 0.0 0.0481754 0.0876307 0.0 0.0478996 0.0877811 0.0 0.0476238 0.0879316 0.0 0.0473471 0.0880804 0.0 0.0470704 0.0882291 0.0 0.0467928 0.0883761 0.0 0.0465151 0.0885231 0.0 0.0462365 0.0886684 0.0 0.045958 0.0888136 0.0 0.0456785 0.0889571 0.0 0.0453991 0.0891007 0.0 0.0451187 0.0892424 0.0 0.0448383 0.0893841 0.0 0.0445571 0.0895241 0.0 0.0442758 0.0896641 0.0 0.0439937 0.0898023 0.0 0.0437116 0.0899405 0.0 0.0434286 0.090077 0.0 0.0431456 0.0902134 0.0 0.0428618 0.0903481 0.0 0.0425779 0.0904827 0.0 0.0422933 0.0906156 0.0 0.0420086 0.0907484 0.0 0.0417231 0.0908795 0.0 0.0414376 0.0910106 0.0 0.0411512 0.0911399 0.0 0.0408649 0.0912692 0.0 0.0405778 0.0913966 0.0 0.0402906 0.0915241 0.0 0.0400027 0.0916498 0.0 0.0397148 0.0917755 0.0 0.0394261 0.0918993 0.0 0.0391374 0.0920232 0.0 0.0388479 0.0921452 0.0 0.0385584 0.0922673 0.0 0.0382682 0.0923875 0.0 0.0379779 0.0925077 0.0 0.0376869 0.0926261 0.0 0.0373959 0.0927445 0.0 0.0371042 0.0928611 0.0 0.0368125 0.0929776 0.0 0.03652 0.0930924 0.0 0.0362275 0.0932071 0.0 0.0359344 0.09332 0.0 0.0356412 0.0934329 0.0 0.0353473 0.0935439 0.0 0.0350534 0.093655 0.0 0.0347589 0.0937642 0.0 0.0344643 0.0938734 0.0 0.034169 0.0939807 0.0 0.0338738 0.0940881 0.0 0.0335779 0.0941936 0.0 0.033282 0.0942991 0.0 0.0329854 0.0944027 0.0 0.0326888 0.0945063 0.0 0.0323916 0.0946081 0.0 0.0320944 0.0947098 0.0 0.0317965 0.0948097 0.0 0.0314987 0.0949096 0.0 0.0312002 0.0950076 0.0 0.0309017 0.0951057 0.0 0.0306026 0.0952018 0.0 0.0303035 0.0952979 0.0 0.0300038 0.0953922 0.0 0.0297042 0.0954865 0.0 0.0294039 0.0955788 0.0 0.0291036 0.0956712 0.0 0.0288028 0.0957617 0.0 0.0285019 0.0958522 0.0 0.0282005 0.0959408 0.0 0.0278991 0.0960294 0.0 0.0275972 0.0961161 0.0 0.0272952 0.0962028 0.0 0.0269927 0.0962876 0.0 0.0266902 0.0963724 0.0 0.0263872 0.0964553 0.0 0.0260842 0.0965382 0.0 0.0257806 0.0966192 0.0 0.0254771 0.0967001 0.0 0.025173 0.0967792 0.0 0.024869 0.0968583 0.0 0.0245645 0.0969355 0.0 0.0242599 0.0970127 0.0 0.0239549 0.0970879 0.0 0.0236499 0.0971632 0.0 0.0233444 0.0972365 0.0 0.0230389 0.0973099 0.0 0.022733 0.0973813 0.0 0.0224271 0.0974527 0.0 0.0221207 0.0975222 0.0 0.0218143 0.0975917 0.0 0.0215075 0.0976592 0.0 0.0212007 0.0977268 0.0 0.0208935 0.0977925 0.0 0.0205863 0.0978581 0.0 0.0202786 0.0979218 0.0 0.019971 0.0979855 0.0 0.019663 0.0980473 0.0 0.0193549 0.0981091 0.0 0.0190465 0.0981689 0.0 0.0187381 0.0982287 0.0 0.0184294 0.0982866 0.0 0.0181206 0.0983445 0.0 0.0178114 0.0984005 0.0 0.0175023 0.0984564 0.0 0.0171928 0.0985104 0.0 0.0168833 0.0985645 0.0 0.0165735 0.0986165 0.0 0.0162637 0.0986686 0.0 0.0159536 0.0987187 0.0 0.0156434 0.0987688 0.0 0.015333 0.098817 0.0 0.0150226 0.0988652 0.0 0.0147118 0.0989114 0.0 0.0144011 0.0989576 0.0 0.0140901 0.0990019 0.0 0.013779 0.0990461 0.0 0.0134677 0.0990885 0.0 0.0131564 0.0991308 0.0 0.0128449 0.0991711 0.0 0.0125333 0.0992115 0.0 0.0122215 0.0992499 0.0 0.0119097 0.0992883 0.0 0.0115977 0.0993247 0.0 0.0112856 0.0993611 0.0 0.0109734 0.0993956 0.0 0.0106611 0.0994301 0.0 0.0103486 0.0994626 0.0 0.0100362 0.0994951 0.0 0.0097235 0.0995256 0.0 0.00941083 0.0995562 0.0 0.00909798 0.0995848 0.0 0.00878512 0.0996134 0.0 0.00847209 0.09964 0.0 0.00815906 0.0996666 0.0 0.00784587 0.0996912 0.0 0.00753268 0.0997159 0.0 0.00721934 0.0997386 0.0 0.006906 0.0997613 0.0 0.00659253 0.099782 0.0 0.00627905 0.0998027 0.0 0.00596545 0.0998214 0.0 0.00565185 0.0998402 0.0 0.00533814 0.0998569 0.0 0.00502443 0.0998737 0.0 0.00471062 0.0998885 0.0 0.00439681 0.0999033 0.0 0.00408292 0.0999161 0.0 0.00376902 0.0999289 0.0 0.00345505 0.0999398 0.0 0.00314108 0.0999507 0.0 0.00282704 0.0999595 0.0 0.00251301 0.0999684 0.0 0.00219893 0.0999753 0.0 0.00188484 0.0999822 0.0 0.00157072 0.0999872 0.0 0.0012566 0.0999921 0.0 0.000942459 0.0999951 0.0 0.000628314 0.099998 0.0 0.000314157 0.099999 0.0 0 0.1 0.0 -0.000314157 0.099999 0.0 -0.000628314 0.099998 0.0 -0.000942459 0.0999951 0.0 -0.0012566 0.0999921 0.0 -0.00157072 0.0999872 0.0 -0.00188484 0.0999822 0.0 -0.00219893 0.0999753 0.0 -0.00251301 0.0999684 0.0 -0.00282704 0.0999595 0.0 -0.00314108 0.0999507 0.0 -0.00345505 0.0999398 0.0 -0.00376902 0.0999289 0.0 -0.00408292 0.0999161 0.0 -0.00439681 0.0999033 0.0 -0.00471062 0.0998885 0.0 -0.00502443 0.0998737 0.0 -0.00533814 0.0998569 0.0 -0.00565185 0.0998402 0.0 -0.00596545 0.0998214 0.0 -0.00627905 0.0998027 0.0 -0.00659253 0.099782 0.0 -0.006906 0.0997613 0.0 -0.00721934 0.0997386 0.0 -0.00753268 0.0997159 0.0 -0.00784587 0.0996912 0.0 -0.00815906 0.0996666 0.0 -0.00847209 0.09964 0.0 -0.00878512 0.0996134 0.0 -0.00909798 0.0995848 0.0 -0.00941083 0.0995562 0.0 -0.0097235 0.0995256 0.0 -0.0100362 0.0994951 0.0 -0.0103486 0.0994626 0.0 -0.0106611 0.0994301 0.0 -0.0109734 0.0993956 0.0 -0.0112856 0.0993611 0.0 -0.0115977 0.0993247 0.0 -0.0119097 0.0992883 0.0 -0.0122215 0.0992499 0.0 -0.0125333 0.0992115 0.0 -0.0128449 0.0991711 0.0 -0.0131564 0.0991308 0.0 -0.0134677 0.0990885 0.0 -0.013779 0.0990461 0.0 -0.0140901 0.0990019 0.0 -0.0144011 0.0989576 0.0 -0.0147118 0.0989114 0.0 -0.0150226 0.0988652 0.0 -0.015333 0.098817 0.0 -0.0156434 0.0987688 0.0 -0.0159536 0.0987187 0.0 -0.0162637 0.0986686 0.0 -0.0165735 0.0986165 0.0 -0.0168833 0.0985645 0.0 -0.0171928 0.0985104 0.0 -0.0175023 0.0984564 0.0 -0.0178114 0.0984005 0.0 -0.0181206 0.0983445 0.0 -0.0184294 0.0982866 0.0 -0.0187381 0.0982287 0.0 -0.0190465 0.0981689 0.0 -0.0193549 0.0981091 0.0 -0.019663 0.0980473 0.0 -0.019971 0.0979855 0.0 -0.0202786 0.0979218 0.0 -0.0205863 0.0978581 0.0 -0.0208935 0.0977925 0.0 -0.0212007 0.0977268 0.0 -0.0215075 0.0976592 0.0 -0.0218143 0.0975917 0.0 -0.0221207 0.0975222 0.0 -0.0224271 0.0974527 0.0 -0.022733 0.0973813 0.0 -0.0230389 0.0973099 0.0 -0.0233444 0.0972365 0.0 -0.0236499 0.0971632 0.0 -0.0239549 0.0970879 0.0 -0.0242599 0.0970127 0.0 -0.0245645 0.0969355 0.0 -0.024869 0.0968583 0.0 -0.025173 0.0967792 0.0 -0.0254771 0.0967001 0.0 -0.0257806 0.0966192 0.0 -0.0260842 0.0965382 0.0 -0.0263872 0.0964553 0.0 -0.0266902 0.0963724 0.0 -0.0269927 0.0962876 0.0 -0.0272952 0.0962028 0.0 -0.0275972 0.0961161 0.0 -0.0278991 0.0960294 0.0 -0.0282005 0.0959408 0.0 -0.0285019 0.0958522 0.0 -0.0288028 0.0957617 0.0 -0.0291036 0.0956712 0.0 -0.0294039 0.0955788 0.0 -0.0297042 0.0954865 0.0 -0.0300038 0.0953922 0.0 -0.0303035 0.0952979 0.0 -0.0306026 0.0952018 0.0 -0.0309017 0.0951057 0.0 -0.0312002 0.0950076 0.0 -0.0314987 0.0949096 0.0 -0.0317965 0.0948097 0.0 -0.0320944 0.0947098 0.0 -0.0323916 0.0946081 0.0 -0.0326888 0.0945063 0.0 -0.0329854 0.0944027 0.0 -0.033282 0.0942991 0.0 -0.0335779 0.0941936 0.0 -0.0338738 0.0940881 0.0 -0.034169 0.0939807 0.0 -0.0344643 0.0938734 0.0 -0.0347589 0.0937642 0.0 -0.0350534 0.093655 0.0 -0.0353473 0.0935439 0.0 -0.0356412 0.0934329 0.0 -0.0359344 0.09332 0.0 -0.0362275 0.0932071 0.0 -0.03652 0.0930924 0.0 -0.0368125 0.0929776 0.0 -0.0371042 0.0928611 0.0 -0.0373959 0.0927445 0.0 -0.0376869 0.0926261 0.0 -0.0379779 0.0925077 0.0 -0.0382682 0.0923875 0.0 -0.0385584 0.0922673 0.0 -0.0388479 0.0921452 0.0 -0.0391374 0.0920232 0.0 -0.0394261 0.0918993 0.0 -0.0397148 0.0917755 0.0 -0.0400027 0.0916498 0.0 -0.0402906 0.0915241 0.0 -0.0405778 0.0913966 0.0 -0.0408649 0.0912692 0.0 -0.0411512 0.0911399 0.0 -0.0414376 0.0910106 0.0 -0.0417231 0.0908795 0.0 -0.0420086 0.0907484 0.0 -0.0422933 0.0906156 0.0 -0.0425779 0.0904827 0.0 -0.0428618 0.0903481 0.0 -0.0431456 0.0902134 0.0 -0.0434286 0.090077 0.0 -0.0437116 0.0899405 0.0 -0.0439937 0.0898023 0.0 -0.0442758 0.0896641 0.0 -0.0445571 0.0895241 0.0 -0.0448383 0.0893841 0.0 -0.0451187 0.0892424 0.0 -0.0453991 0.0891007 0.0 -0.0456785 0.0889571 0.0 -0.045958 0.0888136 0.0 -0.0462365 0.0886684 0.0 -0.0465151 0.0885231 0.0 -0.0467928 0.0883761 0.0 -0.0470704 0.0882291 0.0 -0.0473471 0.0880804 0.0 -0.0476238 0.0879316 0.0 -0.0478996 0.0877811 0.0 -0.0481754 0.0876307 0.0 -0.0484502 0.0874785 0.0 -0.048725 0.0873262 0.0 -0.0489989 0.0871723 0.0 -0.0492727 0.0870184 0.0 -0.0495456 0.0868627 0.0 -0.0498185 0.0867071 0.0 -0.0500904 0.0865497 0.0 -0.0503623 0.0863923 0.0 -0.0506332 0.0862333 0.0 -0.0509041 0.0860742 0.0 -0.051174 0.0859134 0.0 -0.051444 0.0857527 0.0 -0.0517128 0.0855902 0.0 -0.0519817 0.0854277 0.0 -0.0522496 0.0852636 0.0 -0.0525175 0.0850994 0.0 -0.0527843 0.0849336 0.0 -0.0530511 0.0847678 0.0 -0.0533169 0.0846003 0.0 -0.0535827 0.0844328 0.0 -0.0538474 0.0842636 0.0 -0.0541121 0.0840945 0.0 -0.0543758 0.0839236 0.0 -0.0546394 0.0837528 0.0 -0.054902 0.0835803 0.0 -0.0551646 0.0834078 0.0 -0.0554261 0.0832337 0.0 -0.0556876 0.0830596 0.0 -0.0559479 0.0828838 0.0 -0.0562083 0.0827081 0.0 -0.0564676 0.0825307 0.0 -0.0567269 0.0823533 0.0 -0.0569851 0.0821742 0.0 -0.0572432 0.0819952 0.0 -0.0575002 0.0818146 0.0 -0.0577573 0.0816339 0.0 -0.0580132 0.0814517 0.0 -0.058269 0.0812694 0.0 -0.0585238 0.0810856 0.0 -0.0587785 0.0809017 0.0 -0.0590321 0.0807162 0.0 -0.0592857 0.0805308 0.0 -0.0595381 0.0803437 0.0 -0.0597905 0.0801567 0.0 -0.0600417 0.0799681 0.0 -0.060293 0.0797794 0.0 -0.060543 0.0795892 0.0 -0.060793 0.079399 0.0 -0.0610419 0.0792073 0.0 -0.0612907 0.0790155 0.0 -0.0615383 0.0788222 0.0 -0.061786 0.0786288 0.0 -0.0620324 0.078434 0.0 -0.0622788 0.0782391 0.0 -0.062524 0.0780427 0.0 -0.0627691 0.0778462 0.0 -0.0630131 0.0776483 0.0 -0.063257 0.0774503 0.0 -0.0634997 0.0772508 0.0 -0.0637424 0.0770513 0.0 -0.0639838 0.0768503 0.0 -0.0642253 0.0766493 0.0 -0.0644654 0.0764468 0.0 -0.0647056 0.0762443 0.0 -0.0649445 0.0760402 0.0 -0.0651834 0.0758362 0.0 -0.065421 0.0756307 0.0 -0.0656586 0.0754251 0.0 -0.0658949 0.0752181 0.0 -0.0661312 0.0750111 0.0 -0.0663662 0.0748026 0.0 -0.0666012 0.0745941 0.0 -0.0668349 0.0743841 0.0 -0.0670686 0.0741742 0.0 -0.0673009 0.0739627 0.0 -0.0675333 0.0737513 0.0 -0.0677643 0.0735384 0.0 -0.0679953 0.0733255 0.0 -0.068225 0.0731112 0.0 -0.0684547 0.0728969 0.0 -0.068683 0.0726811 0.0 -0.0689114 0.0724653 0.0 -0.0691384 0.0722481 0.0 -0.0693653 0.0720309 0.0 -0.0695909 0.0718123 0.0 -0.0698165 0.0715936 0.0 -0.0700408 0.0713736 0.0 -0.070265 0.0711536 0.0 -0.0704878 0.0709321 0.0 -0.0707107 0.0707107 0.0 -0.0709321 0.0704878 0.0 -0.0711536 0.070265 0.0 -0.0713736 0.0700408 0.0 -0.0715936 0.0698165 0.0 -0.0718123 0.0695909 0.0 -0.0720309 0.0693653 0.0 -0.0722481 0.0691384 0.0 -0.0724653 0.0689114 0.0 -0.0726811 0.068683 0.0 -0.0728969 0.0684547 0.0 -0.0731112 0.068225 0.0 -0.0733255 0.0679953 0.0 -0.0735384 0.0677643 0.0 -0.0737513 0.0675333 0.0 -0.0739627 0.0673009 0.0 -0.0741742 0.0670686 0.0 -0.0743841 0.0668349 0.0 -0.0745941 0.0666012 0.0 -0.0748026 0.0663662 0.0 -0.0750111 0.0661312 0.0 -0.0752181 0.0658949 0.0 -0.0754251 0.0656586 0.0 -0.0756307 0.065421 0.0 -0.0758362 0.0651834 0.0 -0.0760402 0.0649445 0.0 -0.0762443 0.0647056 0.0 -0.0764468 0.0644654 0.0 -0.0766493 0.0642253 0.0 -0.0768503 0.0639838 0.0 -0.0770513 0.0637424 0.0 -0.0772508 0.0634997 0.0 -0.0774503 0.063257 0.0 -0.0776483 0.0630131 0.0 -0.0778462 0.0627691 0.0 -0.0780427 0.062524 0.0 -0.0782391 0.0622788 0.0 -0.078434 0.0620324 0.0 -0.0786288 0.061786 0.0 -0.0788222 0.0615383 0.0 -0.0790155 0.0612907 0.0 -0.0792073 0.0610419 0.0 -0.079399 0.060793 0.0 -0.0795892 0.060543 0.0 -0.0797794 0.060293 0.0 -0.0799681 0.0600417 0.0 -0.0801567 0.0597905 0.0 -0.0803437 0.0595381 0.0 -0.0805308 0.0592857 0.0 -0.0807162 0.0590321 0.0 -0.0809017 0.0587785 0.0 -0.0810856 0.0585238 0.0 -0.0812694 0.058269 0.0 -0.0814517 0.0580132 0.0 -0.0816339 0.0577573 0.0 -0.0818146 0.0575002 0.0 -0.0819952 0.0572432 0.0 -0.0821742 0.0569851 0.0 -0.0823533 0.0567269 0.0 -0.0825307 0.0564676 0.0 -0.0827081 0.0562083 0.0 -0.0828838 0.0559479 0.0 -0.0830596 0.0556876 0.0 -0.0832337 0.0554261 0.0 -0.0834078 0.0551646 0.0 -0.0835803 0.054902 0.0 -0.0837528 0.0546394 0.0 -0.0839236 0.0543758 0.0 -0.0840945 0.0541121 0.0 -0.0842636 0.0538474 0.0 -0.0844328 0.0535827 0.0 -0.0846003 0.0533169 0.0 -0.0847678 0.0530511 0.0 -0.0849336 0.0527843 0.0 -0.0850994 0.0525175 0.0 -0.0852636 0.0522496 0.0 -0.0854277 0.0519817 0.0 -0.0855902 0.0517128 0.0 -0.0857527 0.051444 0.0 -0.0859134 0.051174 0.0 -0.0860742 0.0509041 0.0 -0.0862333 0.0506332 0.0 -0.0863923 0.0503623 0.0 -0.0865497 0.0500904 0.0 -0.0867071 0.0498185 0.0 -0.0868627 0.0495456 0.0 -0.0870184 0.0492727 0.0 -0.0871723 0.0489989 0.0 -0.0873262 0.048725 0.0 -0.0874785 0.0484502 0.0 -0.0876307 0.0481754 0.0 -0.0877811 0.0478996 0.0 -0.0879316 0.0476238 0.0 -0.0880804 0.0473471 0.0 -0.0882291 0.0470704 0.0 -0.0883761 0.0467928 0.0 -0.0885231 0.0465151 0.0 -0.0886684 0.0462365 0.0 -0.0888136 0.045958 0.0 -0.0889571 0.0456785 0.0 -0.0891007 0.0453991 0.0 -0.0892424 0.0451187 0.0 -0.0893841 0.0448383 0.0 -0.0895241 0.0445571 0.0 -0.0896641 0.0442758 0.0 -0.0898023 0.0439937 0.0 -0.0899405 0.0437116 0.0 -0.090077 0.0434286 0.0 -0.0902134 0.0431456 0.0 -0.0903481 0.0428618 0.0 -0.0904827 0.0425779 0.0 -0.0906156 0.0422933 0.0 -0.0907484 0.0420086 0.0 -0.0908795 0.0417231 0.0 -0.0910106 0.0414376 0.0 -0.0911399 0.0411512 0.0 -0.0912692 0.0408649 0.0 -0.0913966 0.0405778 0.0 -0.0915241 0.0402906 0.0 -0.0916498 0.0400027 0.0 -0.0917755 0.0397148 0.0 -0.0918993 0.0394261 0.0 -0.0920232 0.0391374 0.0 -0.0921452 0.0388479 0.0 -0.0922673 0.0385584 0.0 -0.0923875 0.0382682 0.0 -0.0925077 0.0379779 0.0 -0.0926261 0.0376869 0.0 -0.0927445 0.0373959 0.0 -0.0928611 0.0371042 0.0 -0.0929776 0.0368125 0.0 -0.0930924 0.03652 0.0 -0.0932071 0.0362275 0.0 -0.09332 0.0359344 0.0 -0.0934329 0.0356412 0.0 -0.0935439 0.0353473 0.0 -0.093655 0.0350534 0.0 -0.0937642 0.0347589 0.0 -0.0938734 0.0344643 0.0 -0.0939807 0.034169 0.0 -0.0940881 0.0338738 0.0 -0.0941936 0.0335779 0.0 -0.0942991 0.033282 0.0 -0.0944027 0.0329854 0.0 -0.0945063 0.0326888 0.0 -0.0946081 0.0323916 0.0 -0.0947098 0.0320944 0.0 -0.0948097 0.0317965 0.0 -0.0949096 0.0314987 0.0 -0.0950076 0.0312002 0.0 -0.0951057 0.0309017 0.0 -0.0952018 0.0306026 0.0 -0.0952979 0.0303035 0.0 -0.0953922 0.0300038 0.0 -0.0954865 0.0297042 0.0 -0.0955788 0.0294039 0.0 -0.0956712 0.0291036 0.0 -0.0957617 0.0288028 0.0 -0.0958522 0.0285019 0.0 -0.0959408 0.0282005 0.0 -0.0960294 0.0278991 0.0 -0.0961161 0.0275972 0.0 -0.0962028 0.0272952 0.0 -0.0962876 0.0269927 0.0 -0.0963724 0.0266902 0.0 -0.0964553 0.0263872 0.0 -0.0965382 0.0260842 0.0 -0.0966192 0.0257806 0.0 -0.0967001 0.0254771 0.0 -0.0967792 0.025173 0.0 -0.0968583 0.024869 0.0 -0.0969355 0.0245645 0.0 -0.0970127 0.0242599 0.0 -0.0970879 0.0239549 0.0 -0.0971632 0.0236499 0.0 -0.0972365 0.0233444 0.0 -0.0973099 0.0230389 0.0 -0.0973813 0.022733 0.0 -0.0974527 0.0224271 0.0 -0.0975222 0.0221207 0.0 -0.0975917 0.0218143 0.0 -0.0976592 0.0215075 0.0 -0.0977268 0.0212007 0.0 -0.0977925 0.0208935 0.0 -0.0978581 0.0205863 0.0 -0.0979218 0.0202786 0.0 -0.0979855 0.019971 0.0 -0.0980473 0.019663 0.0 -0.0981091 0.0193549 0.0 -0.0981689 0.0190465 0.0 -0.0982287 0.0187381 0.0 -0.0982866 0.0184294 0.0 -0.0983445 0.0181206 0.0 -0.0984005 0.0178114 0.0 -0.0984564 0.0175023 0.0 -0.0985104 0.0171928 0.0 -0.0985645 0.0168833 0.0 -0.0986165 0.0165735 0.0 -0.0986686 0.0162637 0.0 -0.0987187 0.0159536 0.0 -0.0987688 0.0156434 0.0 -0.098817 0.015333 0.0 -0.0988652 0.0150226 0.0 -0.0989114 0.0147118 0.0 -0.0989576 0.0144011 0.0 -0.0990019 0.0140901 0.0 -0.0990461 0.013779 0.0 -0.0990885 0.0134677 0.0 -0.0991308 0.0131564 0.0 -0.0991711 0.0128449 0.0 -0.0992115 0.0125333 0.0 -0.0992499 0.0122215 0.0 -0.0992883 0.0119097 0.0 -0.0993247 0.0115977 0.0 -0.0993611 0.0112856 0.0 -0.0993956 0.0109734 0.0 -0.0994301 0.0106611 0.0 -0.0994626 0.0103486 0.0 -0.0994951 0.0100362 0.0 -0.0995256 0.0097235 0.0 -0.0995562 0.00941083 0.0 -0.0995848 0.00909798 0.0 -0.0996134 0.00878512 0.0 -0.09964 0.00847209 0.0 -0.0996666 0.00815906 0.0 -0.0996912 0.00784587 0.0 -0.0997159 0.00753268 0.0 -0.0997386 0.00721934 0.0 -0.0997613 0.006906 0.0 -0.099782 0.00659253 0.0 -0.0998027 0.00627905 0.0 -0.0998214 0.00596545 0.0 -0.0998402 0.00565185 0.0 -0.0998569 0.00533814 0.0 -0.0998737 0.00502443 0.0 -0.0998885 0.00471062 0.0 -0.0999033 0.00439681 0.0 -0.0999161 0.00408292 0.0 -0.0999289 0.00376902 0.0 -0.0999398 0.00345505 0.0 -0.0999507 0.00314108 0.0 -0.0999595 0.00282704 0.0 -0.0999684 0.00251301 0.0 -0.0999753 0.00219893 0.0 -0.0999822 0.00188484 0.0 -0.0999872 0.00157072 0.0 -0.0999921 0.0012566 0.0 -0.0999951 0.000942459 0.0 -0.099998 0.000628314 0.0 -0.099999 0.000314157 0.0 -0.1 0 0.0 -0.099999 -0.000314157 0.0 -0.099998 -0.000628314 0.0 -0.0999951 -0.000942459 0.0 -0.0999921 -0.0012566 0.0 -0.0999872 -0.00157072 0.0 -0.0999822 -0.00188484 0.0 -0.0999753 -0.00219893 0.0 -0.0999684 -0.00251301 0.0 -0.0999595 -0.00282704 0.0 -0.0999507 -0.00314108 0.0 -0.0999398 -0.00345505 0.0 -0.0999289 -0.00376902 0.0 -0.0999161 -0.00408292 0.0 -0.0999033 -0.00439681 0.0 -0.0998885 -0.00471062 0.0 -0.0998737 -0.00502443 0.0 -0.0998569 -0.00533814 0.0 -0.0998402 -0.00565185 0.0 -0.0998214 -0.00596545 0.0 -0.0998027 -0.00627905 0.0 -0.099782 -0.00659253 0.0 -0.0997613 -0.006906 0.0 -0.0997386 -0.00721934 0.0 -0.0997159 -0.00753268 0.0 -0.0996912 -0.00784587 0.0 -0.0996666 -0.00815906 0.0 -0.09964 -0.00847209 0.0 -0.0996134 -0.00878512 0.0 -0.0995848 -0.00909798 0.0 -0.0995562 -0.00941083 0.0 -0.0995256 -0.0097235 0.0 -0.0994951 -0.0100362 0.0 -0.0994626 -0.0103486 0.0 -0.0994301 -0.0106611 0.0 -0.0993956 -0.0109734 0.0 -0.0993611 -0.0112856 0.0 -0.0993247 -0.0115977 0.0 -0.0992883 -0.0119097 0.0 -0.0992499 -0.0122215 0.0 -0.0992115 -0.0125333 0.0 -0.0991711 -0.0128449 0.0 -0.0991308 -0.0131564 0.0 -0.0990885 -0.0134677 0.0 -0.0990461 -0.013779 0.0 -0.0990019 -0.0140901 0.0 -0.0989576 -0.0144011 0.0 -0.0989114 -0.0147118 0.0 -0.0988652 -0.0150226 0.0 -0.098817 -0.015333 0.0 -0.0987688 -0.0156434 0.0 -0.0987187 -0.0159536 0.0 -0.0986686 -0.0162637 0.0 -0.0986165 -0.0165735 0.0 -0.0985645 -0.0168833 0.0 -0.0985104 -0.0171928 0.0 -0.0984564 -0.0175023 0.0 -0.0984005 -0.0178114 0.0 -0.0983445 -0.0181206 0.0 -0.0982866 -0.0184294 0.0 -0.0982287 -0.0187381 0.0 -0.0981689 -0.0190465 0.0 -0.0981091 -0.0193549 0.0 -0.0980473 -0.019663 0.0 -0.0979855 -0.019971 0.0 -0.0979218 -0.0202786 0.0 -0.0978581 -0.0205863 0.0 -0.0977925 -0.0208935 0.0 -0.0977268 -0.0212007 0.0 -0.0976592 -0.0215075 0.0 -0.0975917 -0.0218143 0.0 -0.0975222 -0.0221207 0.0 -0.0974527 -0.0224271 0.0 -0.0973813 -0.022733 0.0 -0.0973099 -0.0230389 0.0 -0.0972365 -0.0233444 0.0 -0.0971632 -0.0236499 0.0 -0.0970879 -0.0239549 0.0 -0.0970127 -0.0242599 0.0 -0.0969355 -0.0245645 0.0 -0.0968583 -0.024869 0.0 -0.0967792 -0.025173 0.0 -0.0967001 -0.0254771 0.0 -0.0966192 -0.0257806 0.0 -0.0965382 -0.0260842 0.0 -0.0964553 -0.0263872 0.0 -0.0963724 -0.0266902 0.0 -0.0962876 -0.0269927 0.0 -0.0962028 -0.0272952 0.0 -0.0961161 -0.0275972 0.0 -0.0960294 -0.0278991 0.0 -0.0959408 -0.0282005 0.0 -0.0958522 -0.0285019 0.0 -0.0957617 -0.0288028 0.0 -0.0956712 -0.0291036 0.0 -0.0955788 -0.0294039 0.0 -0.0954865 -0.0297042 0.0 -0.0953922 -0.0300038 0.0 -0.0952979 -0.0303035 0.0 -0.0952018 -0.0306026 0.0 -0.0951057 -0.0309017 0.0 -0.0950076 -0.0312002 0.0 -0.0949096 -0.0314987 0.0 -0.0948097 -0.0317965 0.0 -0.0947098 -0.0320944 0.0 -0.0946081 -0.0323916 0.0 -0.0945063 -0.0326888 0.0 -0.0944027 -0.0329854 0.0 -0.0942991 -0.033282 0.0 -0.0941936 -0.0335779 0.0 -0.0940881 -0.0338738 0.0 -0.0939807 -0.034169 0.0 -0.0938734 -0.0344643 0.0 -0.0937642 -0.0347589 0.0 -0.093655 -0.0350534 0.0 -0.0935439 -0.0353473 0.0 -0.0934329 -0.0356412 0.0 -0.09332 -0.0359344 0.0 -0.0932071 -0.0362275 0.0 -0.0930924 -0.03652 0.0 -0.0929776 -0.0368125 0.0 -0.0928611 -0.0371042 0.0 -0.0927445 -0.0373959 0.0 -0.0926261 -0.0376869 0.0 -0.0925077 -0.0379779 0.0 -0.0923875 -0.0382682 0.0 -0.0922673 -0.0385584 0.0 -0.0921452 -0.0388479 0.0 -0.0920232 -0.0391374 0.0 -0.0918993 -0.0394261 0.0 -0.0917755 -0.0397148 0.0 -0.0916498 -0.0400027 0.0 -0.0915241 -0.0402906 0.0 -0.0913966 -0.0405778 0.0 -0.0912692 -0.0408649 0.0 -0.0911399 -0.0411512 0.0 -0.0910106 -0.0414376 0.0 -0.0908795 -0.0417231 0.0 -0.0907484 -0.0420086 0.0 -0.0906156 -0.0422933 0.0 -0.0904827 -0.0425779 0.0 -0.0903481 -0.0428618 0.0 -0.0902134 -0.0431456 0.0 -0.090077 -0.0434286 0.0 -0.0899405 -0.0437116 0.0 -0.0898023 -0.0439937 0.0 -0.0896641 -0.0442758 0.0 -0.0895241 -0.0445571 0.0 -0.0893841 -0.0448383 0.0 -0.0892424 -0.0451187 0.0 -0.0891007 -0.0453991 0.0 -0.0889571 -0.0456785 0.0 -0.0888136 -0.045958 0.0 -0.0886684 -0.0462365 0.0 -0.0885231 -0.0465151 0.0 -0.0883761 -0.0467928 0.0 -0.0882291 -0.0470704 0.0 -0.0880804 -0.0473471 0.0 -0.0879316 -0.0476238 0.0 -0.0877811 -0.0478996 0.0 -0.0876307 -0.0481754 0.0 -0.0874785 -0.0484502 0.0 -0.0873262 -0.048725 0.0 -0.0871723 -0.0489989 0.0 -0.0870184 -0.0492727 0.0 -0.0868627 -0.0495456 0.0 -0.0867071 -0.0498185 0.0 -0.0865497 -0.0500904 0.0 -0.0863923 -0.0503623 0.0 -0.0862333 -0.0506332 0.0 -0.0860742 -0.0509041 0.0 -0.0859134 -0.051174 0.0 -0.0857527 -0.051444 0.0 -0.0855902 -0.0517128 0.0 -0.0854277 -0.0519817 0.0 -0.0852636 -0.0522496 0.0 -0.0850994 -0.0525175 0.0 -0.0849336 -0.0527843 0.0 -0.0847678 -0.0530511 0.0 -0.0846003 -0.0533169 0.0 -0.0844328 -0.0535827 0.0 -0.0842636 -0.0538474 0.0 -0.0840945 -0.0541121 0.0 -0.0839236 -0.0543758 0.0 -0.0837528 -0.0546394 0.0 -0.0835803 -0.054902 0.0 -0.0834078 -0.0551646 0.0 -0.0832337 -0.0554261 0.0 -0.0830596 -0.0556876 0.0 -0.0828838 -0.0559479 0.0 -0.0827081 -0.0562083 0.0 -0.0825307 -0.0564676 0.0 -0.0823533 -0.0567269 0.0 -0.0821742 -0.0569851 0.0 -0.0819952 -0.0572432 0.0 -0.0818146 -0.0575002 0.0 -0.0816339 -0.0577573 0.0 -0.0814517 -0.0580132 0.0 -0.0812694 -0.058269 0.0 -0.0810856 -0.0585238 0.0 -0.0809017 -0.0587785 0.0 -0.0807162 -0.0590321 0.0 -0.0805308 -0.0592857 0.0 -0.0803437 -0.0595381 0.0 -0.0801567 -0.0597905 0.0 -0.0799681 -0.0600417 0.0 -0.0797794 -0.060293 0.0 -0.0795892 -0.060543 0.0 -0.079399 -0.060793 0.0 -0.0792073 -0.0610419 0.0 -0.0790155 -0.0612907 0.0 -0.0788222 -0.0615383 0.0 -0.0786288 -0.061786 0.0 -0.078434 -0.0620324 0.0 -0.0782391 -0.0622788 0.0 -0.0780427 -0.062524 0.0 -0.0778462 -0.0627691 0.0 -0.0776483 -0.0630131 0.0 -0.0774503 -0.063257 0.0 -0.0772508 -0.0634997 0.0 -0.0770513 -0.0637424 0.0 -0.0768503 -0.0639838 0.0 -0.0766493 -0.0642253 0.0 -0.0764468 -0.0644654 0.0 -0.0762443 -0.0647056 0.0 -0.0760402 -0.0649445 0.0 -0.0758362 -0.0651834 0.0 -0.0756307 -0.065421 0.0 -0.0754251 -0.0656586 0.0 -0.0752181 -0.0658949 0.0 -0.0750111 -0.0661312 0.0 -0.0748026 -0.0663662 0.0 -0.0745941 -0.0666012 0.0 -0.0743841 -0.0668349 0.0 -0.0741742 -0.0670686 0.0 -0.0739627 -0.0673009 0.0 -0.0737513 -0.0675333 0.0 -0.0735384 -0.0677643 0.0 -0.0733255 -0.0679953 0.0 -0.0731112 -0.068225 0.0 -0.0728969 -0.0684547 0.0 -0.0726811 -0.068683 0.0 -0.0724653 -0.0689114 0.0 -0.0722481 -0.0691384 0.0 -0.0720309 -0.0693653 0.0 -0.0718123 -0.0695909 0.0 -0.0715936 -0.0698165 0.0 -0.0713736 -0.0700408 0.0 -0.0711536 -0.070265 0.0 -0.0709321 -0.0704878 0.0 -0.0707107 -0.0707107 0.0 -0.0704878 -0.0709321 0.0 -0.070265 -0.0711536 0.0 -0.0700408 -0.0713736 0.0 -0.0698165 -0.0715936 0.0 -0.0695909 -0.0718123 0.0 -0.0693653 -0.0720309 0.0 -0.0691384 -0.0722481 0.0 -0.0689114 -0.0724653 0.0 -0.068683 -0.0726811 0.0 -0.0684547 -0.0728969 0.0 -0.068225 -0.0731112 0.0 -0.0679953 -0.0733255 0.0 -0.0677643 -0.0735384 0.0 -0.0675333 -0.0737513 0.0 -0.0673009 -0.0739627 0.0 -0.0670686 -0.0741742 0.0 -0.0668349 -0.0743841 0.0 -0.0666012 -0.0745941 0.0 -0.0663662 -0.0748026 0.0 -0.0661312 -0.0750111 0.0 -0.0658949 -0.0752181 0.0 -0.0656586 -0.0754251 0.0 -0.065421 -0.0756307 0.0 -0.0651834 -0.0758362 0.0 -0.0649445 -0.0760402 0.0 -0.0647056 -0.0762443 0.0 -0.0644654 -0.0764468 0.0 -0.0642253 -0.0766493 0.0 -0.0639838 -0.0768503 0.0 -0.0637424 -0.0770513 0.0 -0.0634997 -0.0772508 0.0 -0.063257 -0.0774503 0.0 -0.0630131 -0.0776483 0.0 -0.0627691 -0.0778462 0.0 -0.062524 -0.0780427 0.0 -0.0622788 -0.0782391 0.0 -0.0620324 -0.078434 0.0 -0.061786 -0.0786288 0.0 -0.0615383 -0.0788222 0.0 -0.0612907 -0.0790155 0.0 -0.0610419 -0.0792073 0.0 -0.060793 -0.079399 0.0 -0.060543 -0.0795892 0.0 -0.060293 -0.0797794 0.0 -0.0600417 -0.0799681 0.0 -0.0597905 -0.0801567 0.0 -0.0595381 -0.0803437 0.0 -0.0592857 -0.0805308 0.0 -0.0590321 -0.0807162 0.0 -0.0587785 -0.0809017 0.0 -0.0585238 -0.0810856 0.0 -0.058269 -0.0812694 0.0 -0.0580132 -0.0814517 0.0 -0.0577573 -0.0816339 0.0 -0.0575002 -0.0818146 0.0 -0.0572432 -0.0819952 0.0 -0.0569851 -0.0821742 0.0 -0.0567269 -0.0823533 0.0 -0.0564676 -0.0825307 0.0 -0.0562083 -0.0827081 0.0 -0.0559479 -0.0828838 0.0 -0.0556876 -0.0830596 0.0 -0.0554261 -0.0832337 0.0 -0.0551646 -0.0834078 0.0 -0.054902 -0.0835803 0.0 -0.0546394 -0.0837528 0.0 -0.0543758 -0.0839236 0.0 -0.0541121 -0.0840945 0.0 -0.0538474 -0.0842636 0.0 -0.0535827 -0.0844328 0.0 -0.0533169 -0.0846003 0.0 -0.0530511 -0.0847678 0.0 -0.0527843 -0.0849336 0.0 -0.0525175 -0.0850994 0.0 -0.0522496 -0.0852636 0.0 -0.0519817 -0.0854277 0.0 -0.0517128 -0.0855902 0.0 -0.051444 -0.0857527 0.0 -0.051174 -0.0859134 0.0 -0.0509041 -0.0860742 0.0 -0.0506332 -0.0862333 0.0 -0.0503623 -0.0863923 0.0 -0.0500904 -0.0865497 0.0 -0.0498185 -0.0867071 0.0 -0.0495456 -0.0868627 0.0 -0.0492727 -0.0870184 0.0 -0.0489989 -0.0871723 0.0 -0.048725 -0.0873262 0.0 -0.0484502 -0.0874785 0.0 -0.0481754 -0.0876307 0.0 -0.0478996 -0.0877811 0.0 -0.0476238 -0.0879316 0.0 -0.0473471 -0.0880804 0.0 -0.0470704 -0.0882291 0.0 -0.0467928 -0.0883761 0.0 -0.0465151 -0.0885231 0.0 -0.0462365 -0.0886684 0.0 -0.045958 -0.0888136 0.0 -0.0456785 -0.0889571 0.0 -0.0453991 -0.0891007 0.0 -0.0451187 -0.0892424 0.0 -0.0448383 -0.0893841 0.0 -0.0445571 -0.0895241 0.0 -0.0442758 -0.0896641 0.0 -0.0439937 -0.0898023 0.0 -0.0437116 -0.0899405 0.0 -0.0434286 -0.090077 0.0 -0.0431456 -0.0902134 0.0 -0.0428618 -0.0903481 0.0 -0.0425779 -0.0904827 0.0 -0.0422933 -0.0906156 0.0 -0.0420086 -0.0907484 0.0 -0.0417231 -0.0908795 0.0 -0.0414376 -0.0910106 0.0 -0.0411512 -0.0911399 0.0 -0.0408649 -0.0912692 0.0 -0.0405778 -0.0913966 0.0 -0.0402906 -0.0915241 0.0 -0.0400027 -0.0916498 0.0 -0.0397148 -0.0917755 0.0 -0.0394261 -0.0918993 0.0 -0.0391374 -0.0920232 0.0 -0.0388479 -0.0921452 0.0 -0.0385584 -0.0922673 0.0 -0.0382682 -0.0923875 0.0 -0.0379779 -0.0925077 0.0 -0.0376869 -0.0926261 0.0 -0.0373959 -0.0927445 0.0 -0.0371042 -0.0928611 0.0 -0.0368125 -0.0929776 0.0 -0.03652 -0.0930924 0.0 -0.0362275 -0.0932071 0.0 -0.0359344 -0.09332 0.0 -0.0356412 -0.0934329 0.0 -0.0353473 -0.0935439 0.0 -0.0350534 -0.093655 0.0 -0.0347589 -0.0937642 0.0 -0.0344643 -0.0938734 0.0 -0.034169 -0.0939807 0.0 -0.0338738 -0.0940881 0.0 -0.0335779 -0.0941936 0.0 -0.033282 -0.0942991 0.0 -0.0329854 -0.0944027 0.0 -0.0326888 -0.0945063 0.0 -0.0323916 -0.0946081 0.0 -0.0320944 -0.0947098 0.0 -0.0317965 -0.0948097 0.0 -0.0314987 -0.0949096 0.0 -0.0312002 -0.0950076 0.0 -0.0309017 -0.0951057 0.0 -0.0306026 -0.0952018 0.0 -0.0303035 -0.0952979 0.0 -0.0300038 -0.0953922 0.0 -0.0297042 -0.0954865 0.0 -0.0294039 -0.0955788 0.0 -0.0291036 -0.0956712 0.0 -0.0288028 -0.0957617 0.0 -0.0285019 -0.0958522 0.0 -0.0282005 -0.0959408 0.0 -0.0278991 -0.0960294 0.0 -0.0275972 -0.0961161 0.0 -0.0272952 -0.0962028 0.0 -0.0269927 -0.0962876 0.0 -0.0266902 -0.0963724 0.0 -0.0263872 -0.0964553 0.0 -0.0260842 -0.0965382 0.0 -0.0257806 -0.0966192 0.0 -0.0254771 -0.0967001 0.0 -0.025173 -0.0967792 0.0 -0.024869 -0.0968583 0.0 -0.0245645 -0.0969355 0.0 -0.0242599 -0.0970127 0.0 -0.0239549 -0.0970879 0.0 -0.0236499 -0.0971632 0.0 -0.0233444 -0.0972365 0.0 -0.0230389 -0.0973099 0.0 -0.022733 -0.0973813 0.0 -0.0224271 -0.0974527 0.0 -0.0221207 -0.0975222 0.0 -0.0218143 -0.0975917 0.0 -0.0215075 -0.0976592 0.0 -0.0212007 -0.0977268 0.0 -0.0208935 -0.0977925 0.0 -0.0205863 -0.0978581 0.0 -0.0202786 -0.0979218 0.0 -0.019971 -0.0979855 0.0 -0.019663 -0.0980473 0.0 -0.0193549 -0.0981091 0.0 -0.0190465 -0.0981689 0.0 -0.0187381 -0.0982287 0.0 -0.0184294 -0.0982866 0.0 -0.0181206 -0.0983445 0.0 -0.0178114 -0.0984005 0.0 -0.0175023 -0.0984564 0.0 -0.0171928 -0.0985104 0.0 -0.0168833 -0.0985645 0.0 -0.0165735 -0.0986165 0.0 -0.0162637 -0.0986686 0.0 -0.0159536 -0.0987187 0.0 -0.0156434 -0.0987688 0.0 -0.015333 -0.098817 0.0 -0.0150226 -0.0988652 0.0 -0.0147118 -0.0989114 0.0 -0.0144011 -0.0989576 0.0 -0.0140901 -0.0990019 0.0 -0.013779 -0.0990461 0.0 -0.0134677 -0.0990885 0.0 -0.0131564 -0.0991308 0.0 -0.0128449 -0.0991711 0.0 -0.0125333 -0.0992115 0.0 -0.0122215 -0.0992499 0.0 -0.0119097 -0.0992883 0.0 -0.0115977 -0.0993247 0.0 -0.0112856 -0.0993611 0.0 -0.0109734 -0.0993956 0.0 -0.0106611 -0.0994301 0.0 -0.0103486 -0.0994626 0.0 -0.0100362 -0.0994951 0.0 -0.0097235 -0.0995256 0.0 -0.00941083 -0.0995562 0.0 -0.00909798 -0.0995848 0.0 -0.00878512 -0.0996134 0.0 -0.00847209 -0.09964 0.0 -0.00815906 -0.0996666 0.0 -0.00784587 -0.0996912 0.0 -0.00753268 -0.0997159 0.0 -0.00721934 -0.0997386 0.0 -0.006906 -0.0997613 0.0 -0.00659253 -0.099782 0.0 -0.00627905 -0.0998027 0.0 -0.00596545 -0.0998214 0.0 -0.00565185 -0.0998402 0.0 -0.00533814 -0.0998569 0.0 -0.00502443 -0.0998737 0.0 -0.00471062 -0.0998885 0.0 -0.00439681 -0.0999033 0.0 -0.00408292 -0.0999161 0.0 -0.00376902 -0.0999289 0.0 -0.00345505 -0.0999398 0.0 -0.00314108 -0.0999507 0.0 -0.00282704 -0.0999595 0.0 -0.00251301 -0.0999684 0.0 -0.00219893 -0.0999753 0.0 -0.00188484 -0.0999822 0.0 -0.00157072 -0.0999872 0.0 -0.0012566 -0.0999921 0.0 -0.000942459 -0.0999951 0.0 -0.000628314 -0.099998 0.0 -0.000314157 -0.099999 0.0 -0 -0.1 0.0 0.000314157 -0.099999 0.0 0.000628314 -0.099998 0.0 0.000942459 -0.0999951 0.0 0.0012566 -0.0999921 0.0 0.00157072 -0.0999872 0.0 0.00188484 -0.0999822 0.0 0.00219893 -0.0999753 0.0 0.00251301 -0.0999684 0.0 0.00282704 -0.0999595 0.0 0.00314108 -0.0999507 0.0 0.00345505 -0.0999398 0.0 0.00376902 -0.0999289 0.0 0.00408292 -0.0999161 0.0 0.00439681 -0.0999033 0.0 0.00471062 -0.0998885 0.0 0.00502443 -0.0998737 0.0 0.00533814 -0.0998569 0.0 0.00565185 -0.0998402 0.0 0.00596545 -0.0998214 0.0 0.00627905 -0.0998027 0.0 0.00659253 -0.099782 0.0 0.006906 -0.0997613 0.0 0.00721934 -0.0997386 0.0 0.00753268 -0.0997159 0.0 0.00784587 -0.0996912 0.0 0.00815906 -0.0996666 0.0 0.00847209 -0.09964 0.0 0.00878512 -0.0996134 0.0 0.00909798 -0.0995848 0.0 0.00941083 -0.0995562 0.0 0.0097235 -0.0995256 0.0 0.0100362 -0.0994951 0.0 0.0103486 -0.0994626 0.0 0.0106611 -0.0994301 0.0 0.0109734 -0.0993956 0.0 0.0112856 -0.0993611 0.0 0.0115977 -0.0993247 0.0 0.0119097 -0.0992883 0.0 0.0122215 -0.0992499 0.0 0.0125333 -0.0992115 0.0 0.0128449 -0.0991711 0.0 0.0131564 -0.0991308 0.0 0.0134677 -0.0990885 0.0 0.013779 -0.0990461 0.0 0.0140901 -0.0990019 0.0 0.0144011 -0.0989576 0.0 0.0147118 -0.0989114 0.0 0.0150226 -0.0988652 0.0 0.015333 -0.098817 0.0 0.0156434 -0.0987688 0.0 0.0159536 -0.0987187 0.0 0.0162637 -0.0986686 0.0 0.0165735 -0.0986165 0.0 0.0168833 -0.0985645 0.0 0.0171928 -0.0985104 0.0 0.0175023 -0.0984564 0.0 0.0178114 -0.0984005 0.0 0.0181206 -0.0983445 0.0 0.0184294 -0.0982866 0.0 0.0187381 -0.0982287 0.0 0.0190465 -0.0981689 0.0 0.0193549 -0.0981091 0.0 0.019663 -0.0980473 0.0 0.019971 -0.0979855 0.0 0.0202786 -0.0979218 0.0 0.0205863 -0.0978581 0.0 0.0208935 -0.0977925 0.0 0.0212007 -0.0977268 0.0 0.0215075 -0.0976592 0.0 0.0218143 -0.0975917 0.0 0.0221207 -0.0975222 0.0 0.0224271 -0.0974527 0.0 0.022733 -0.0973813 0.0 0.0230389 -0.0973099 0.0 0.0233444 -0.0972365 0.0 0.0236499 -0.0971632 0.0 0.0239549 -0.0970879 0.0 0.0242599 -0.0970127 0.0 0.0245645 -0.0969355 0.0 0.024869 -0.0968583 0.0 0.025173 -0.0967792 0.0 0.0254771 -0.0967001 0.0 0.0257806 -0.0966192 0.0 0.0260842 -0.0965382 0.0 0.0263872 -0.0964553 0.0 0.0266902 -0.0963724 0.0 0.0269927 -0.0962876 0.0 0.0272952 -0.0962028 0.0 0.0275972 -0.0961161 0.0 0.0278991 -0.0960294 0.0 0.0282005 -0.0959408 0.0 0.0285019 -0.0958522 0.0 0.0288028 -0.0957617 0.0 0.0291036 -0.0956712 0.0 0.0294039 -0.0955788 0.0 0.0297042 -0.0954865 0.0 0.0300038 -0.0953922 0.0 0.0303035 -0.0952979 0.0 0.0306026 -0.0952018 0.0 0.0309017 -0.0951057 0.0 0.0312002 -0.0950076 0.0 0.0314987 -0.0949096 0.0 0.0317965 -0.0948097 0.0 0.0320944 -0.0947098 0.0 0.0323916 -0.0946081 0.0 0.0326888 -0.0945063 0.0 0.0329854 -0.0944027 0.0 0.033282 -0.0942991 0.0 0.0335779 -0.0941936 0.0 0.0338738 -0.0940881 0.0 0.034169 -0.0939807 0.0 0.0344643 -0.0938734 0.0 0.0347589 -0.0937642 0.0 0.0350534 -0.093655 0.0 0.0353473 -0.0935439 0.0 0.0356412 -0.0934329 0.0 0.0359344 -0.09332 0.0 0.0362275 -0.0932071 0.0 0.03652 -0.0930924 0.0 0.0368125 -0.0929776 0.0 0.0371042 -0.0928611 0.0 0.0373959 -0.0927445 0.0 0.0376869 -0.0926261 0.0 0.0379779 -0.0925077 0.0 0.0382682 -0.0923875 0.0 0.0385584 -0.0922673 0.0 0.0388479 -0.0921452 0.0 0.0391374 -0.0920232 0.0 0.0394261 -0.0918993 0.0 0.0397148 -0.0917755 0.0 0.0400027 -0.0916498 0.0 0.0402906 -0.0915241 0.0 0.0405778 -0.0913966 0.0 0.0408649 -0.0912692 0.0 0.0411512 -0.0911399 0.0 0.0414376 -0.0910106 0.0 0.0417231 -0.0908795 0.0 0.0420086 -0.0907484 0.0 0.0422933 -0.0906156 0.0 0.0425779 -0.0904827 0.0 0.0428618 -0.0903481 0.0 0.0431456 -0.0902134 0.0 0.0434286 -0.090077 0.0 0.0437116 -0.0899405 0.0 0.0439937 -0.0898023 0.0 0.0442758 -0.0896641 0.0 0.0445571 -0.0895241 0.0 0.0448383 -0.0893841 0.0 0.0451187 -0.0892424 0.0 0.0453991 -0.0891007 0.0 0.0456785 -0.0889571 0.0 0.045958 -0.0888136 0.0 0.0462365 -0.0886684 0.0 0.0465151 -0.0885231 0.0 0.0467928 -0.0883761 0.0 0.0470704 -0.0882291 0.0 0.0473471 -0.0880804 0.0 0.0476238 -0.0879316 0.0 0.0478996 -0.0877811 0.0 0.0481754 -0.0876307 0.0 0.0484502 -0.0874785 0.0 0.048725 -0.0873262 0.0 0.0489989 -0.0871723 0.0 0.0492727 -0.0870184 0.0 0.0495456 -0.0868627 0.0 0.0498185 -0.0867071 0.0 0.0500904 -0.0865497 0.0 0.0503623 -0.0863923 0.0 0.0506332 -0.0862333 0.0 0.0509041 -0.0860742 0.0 0.051174 -0.0859134 0.0 0.051444 -0.0857527 0.0 0.0517128 -0.0855902 0.0 0.0519817 -0.0854277 0.0 0.0522496 -0.0852636 0.0 0.0525175 -0.0850994 0.0 0.0527843 -0.0849336 0.0 0.0530511 -0.0847678 0.0 0.0533169 -0.0846003 0.0 0.0535827 -0.0844328 0.0 0.0538474 -0.0842636 0.0 0.0541121 -0.0840945 0.0 0.0543758 -0.0839236 0.0 0.0546394 -0.0837528 0.0 0.054902 -0.0835803 0.0 0.0551646 -0.0834078 0.0 0.0554261 -0.0832337 0.0 0.0556876 -0.0830596 0.0 0.0559479 -0.0828838 0.0 0.0562083 -0.0827081 0.0 0.0564676 -0.0825307 0.0 0.0567269 -0.0823533 0.0 0.0569851 -0.0821742 0.0 0.0572432 -0.0819952 0.0 0.0575002 -0.0818146 0.0 0.0577573 -0.0816339 0.0 0.0580132 -0.0814517 0.0 0.058269 -0.0812694 0.0 0.0585238 -0.0810856 0.0 0.0587785 -0.0809017 0.0 0.0590321 -0.0807162 0.0 0.0592857 -0.0805308 0.0 0.0595381 -0.0803437 0.0 0.0597905 -0.0801567 0.0 0.0600417 -0.0799681 0.0 0.060293 -0.0797794 0.0 0.060543 -0.0795892 0.0 0.060793 -0.079399 0.0 0.0610419 -0.0792073 0.0 0.0612907 -0.0790155 0.0 0.0615383 -0.0788222 0.0 0.061786 -0.0786288 0.0 0.0620324 -0.078434 0.0 0.0622788 -0.0782391 0.0 0.062524 -0.0780427 0.0 0.0627691 -0.0778462 0.0 0.0630131 -0.0776483 0.0 0.063257 -0.0774503 0.0 0.0634997 -0.0772508 0.0 0.0637424 -0.0770513 0.0 0.0639838 -0.0768503 0.0 0.0642253 -0.0766493 0.0 0.0644654 -0.0764468 0.0 0.0647056 -0.0762443 0.0 0.0649445 -0.0760402 0.0 0.0651834 -0.0758362 0.0 0.065421 -0.0756307 0.0 0.0656586 -0.0754251 0.0 0.0658949 -0.0752181 0.0 0.0661312 -0.0750111 0.0 0.0663662 -0.0748026 0.0 0.0666012 -0.0745941 0.0 0.0668349 -0.0743841 0.0 0.0670686 -0.0741742 0.0 0.0673009 -0.0739627 0.0 0.0675333 -0.0737513 0.0 0.0677643 -0.0735384 0.0 0.0679953 -0.0733255 0.0 0.068225 -0.0731112 0.0 0.0684547 -0.0728969 0.0 0.068683 -0.0726811 0.0 0.0689114 -0.0724653 0.0 0.0691384 -0.0722481 0.0 0.0693653 -0.0720309 0.0 0.0695909 -0.0718123 0.0 0.0698165 -0.0715936 0.0 0.0700408 -0.0713736 0.0 0.070265 -0.0711536 0.0 0.0704878 -0.0709321 0.0 0.0707107 -0.0707107 0.0 0.0709321 -0.0704878 0.0 0.0711536 -0.070265 0.0 0.0713736 -0.0700408 0.0 0.0715936 -0.0698165 0.0 0.0718123 -0.0695909 0.0 0.0720309 -0.0693653 0.0 0.0722481 -0.0691384 0.0 0.0724653 -0.0689114 0.0 0.0726811 -0.068683 0.0 0.0728969 -0.0684547 0.0 0.0731112 -0.068225 0.0 0.0733255 -0.0679953 0.0 0.0735384 -0.0677643 0.0 0.0737513 -0.0675333 0.0 0.0739627 -0.0673009 0.0 0.0741742 -0.0670686 0.0 0.0743841 -0.0668349 0.0 0.0745941 -0.0666012 0.0 0.0748026 -0.0663662 0.0 0.0750111 -0.0661312 0.0 0.0752181 -0.0658949 0.0 0.0754251 -0.0656586 0.0 0.0756307 -0.065421 0.0 0.0758362 -0.0651834 0.0 0.0760402 -0.0649445 0.0 0.0762443 -0.0647056 0.0 0.0764468 -0.0644654 0.0 0.0766493 -0.0642253 0.0 0.0768503 -0.0639838 0.0 0.0770513 -0.0637424 0.0 0.0772508 -0.0634997 0.0 0.0774503 -0.063257 0.0 0.0776483 -0.0630131 0.0 0.0778462 -0.0627691 0.0 0.0780427 -0.062524 0.0 0.0782391 -0.0622788 0.0 0.078434 -0.0620324 0.0 0.0786288 -0.061786 0.0 0.0788222 -0.0615383 0.0 0.0790155 -0.0612907 0.0 0.0792073 -0.0610419 0.0 0.079399 -0.060793 0.0 0.0795892 -0.060543 0.0 0.0797794 -0.060293 0.0 0.0799681 -0.0600417 0.0 0.0801567 -0.0597905 0.0 0.0803437 -0.0595381 0.0 0.0805308 -0.0592857 0.0 0.0807162 -0.0590321 0.0 0.0809017 -0.0587785 0.0 0.0810856 -0.0585238 0.0 0.0812694 -0.058269 0.0 0.0814517 -0.0580132 0.0 0.0816339 -0.0577573 0.0 0.0818146 -0.0575002 0.0 0.0819952 -0.0572432 0.0 0.0821742 -0.0569851 0.0 0.0823533 -0.0567269 0.0 0.0825307 -0.0564676 0.0 0.0827081 -0.0562083 0.0 0.0828838 -0.0559479 0.0 0.0830596 -0.0556876 0.0 0.0832337 -0.0554261 0.0 0.0834078 -0.0551646 0.0 0.0835803 -0.054902 0.0 0.0837528 -0.0546394 0.0 0.0839236 -0.0543758 0.0 0.0840945 -0.0541121 0.0 0.0842636 -0.0538474 0.0 0.0844328 -0.0535827 0.0 0.0846003 -0.0533169 0.0 0.0847678 -0.0530511 0.0 0.0849336 -0.0527843 0.0 0.0850994 -0.0525175 0.0 0.0852636 -0.0522496 0.0 0.0854277 -0.0519817 0.0 0.0855902 -0.0517128 0.0 0.0857527 -0.051444 0.0 0.0859134 -0.051174 0.0 0.0860742 -0.0509041 0.0 0.0862333 -0.0506332 0.0 0.0863923 -0.0503623 0.0 0.0865497 -0.0500904 0.0 0.0867071 -0.0498185 0.0 0.0868627 -0.0495456 0.0 0.0870184 -0.0492727 0.0 0.0871723 -0.0489989 0.0 0.0873262 -0.048725 0.0 0.0874785 -0.0484502 0.0 0.0876307 -0.0481754 0.0 0.0877811 -0.0478996 0.0 0.0879316 -0.0476238 0.0 0.0880804 -0.0473471 0.0 0.0882291 -0.0470704 0.0 0.0883761 -0.0467928 0.0 0.0885231 -0.0465151 0.0 0.0886684 -0.0462365 0.0 0.0888136 -0.045958 0.0 0.0889571 -0.0456785 0.0 0.0891007 -0.0453991 0.0 0.0892424 -0.0451187 0.0 0.0893841 -0.0448383 0.0 0.0895241 -0.0445571 0.0 0.0896641 -0.0442758 0.0 0.0898023 -0.0439937 0.0 0.0899405 -0.0437116 0.0 0.090077 -0.0434286 0.0 0.0902134 -0.0431456 0.0 0.0903481 -0.0428618 0.0 0.0904827 -0.0425779 0.0 0.0906156 -0.0422933 0.0 0.0907484 -0.0420086 0.0 0.0908795 -0.0417231 0.0 0.0910106 -0.0414376 0.0 0.0911399 -0.0411512 0.0 0.0912692 -0.0408649 0.0 0.0913966 -0.0405778 0.0 0.0915241 -0.0402906 0.0 0.0916498 -0.0400027 0.0 0.0917755 -0.0397148 0.0 0.0918993 -0.0394261 0.0 0.0920232 -0.0391374 0.0 0.0921452 -0.0388479 0.0 0.0922673 -0.0385584 0.0 0.0923875 -0.0382682 0.0 0.0925077 -0.0379779 0.0 0.0926261 -0.0376869 0.0 0.0927445 -0.0373959 0.0 0.0928611 -0.0371042 0.0 0.0929776 -0.0368125 0.0 0.0930924 -0.03652 0.0 0.0932071 -0.0362275 0.0 0.09332 -0.0359344 0.0 0.0934329 -0.0356412 0.0 0.0935439 -0.0353473 0.0 0.093655 -0.0350534 0.0 0.0937642 -0.0347589 0.0 0.0938734 -0.0344643 0.0 0.0939807 -0.034169 0.0 0.0940881 -0.0338738 0.0 0.0941936 -0.0335779 0.0 0.0942991 -0.033282 0.0 0.0944027 -0.0329854 0.0 0.0945063 -0.0326888 0.0 0.0946081 -0.0323916 0.0 0.0947098 -0.0320944 0.0 0.0948097 -0.0317965 0.0 0.0949096 -0.0314987 0.0 0.0950076 -0.0312002 0.0 0.0951057 -0.0309017 0.0 0.0952018 -0.0306026 0.0 0.0952979 -0.0303035 0.0 0.0953922 -0.0300038 0.0 0.0954865 -0.0297042 0.0 0.0955788 -0.0294039 0.0 0.0956712 -0.0291036 0.0 0.0957617 -0.0288028 0.0 0.0958522 -0.0285019 0.0 0.0959408 -0.0282005 0.0 0.0960294 -0.0278991 0.0 0.0961161 -0.0275972 0.0 0.0962028 -0.0272952 0.0 0.0962876 -0.0269927 0.0 0.0963724 -0.0266902 0.0 0.0964553 -0.0263872 0.0 0.0965382 -0.0260842 0.0 0.0966192 -0.0257806 0.0 0.0967001 -0.0254771 0.0 0.0967792 -0.025173 0.0 0.0968583 -0.024869 0.0 0.0969355 -0.0245645 0.0 0.0970127 -0.0242599 0.0 0.0970879 -0.0239549 0.0 0.0971632 -0.0236499 0.0 0.0972365 -0.0233444 0.0 0.0973099 -0.0230389 0.0 0.0973813 -0.022733 0.0 0.0974527 -0.0224271 0.0 0.0975222 -0.0221207 0.0 0.0975917 -0.0218143 0.0 0.0976592 -0.0215075 0.0 0.0977268 -0.0212007 0.0 0.0977925 -0.0208935 0.0 0.0978581 -0.0205863 0.0 0.0979218 -0.0202786 0.0 0.0979855 -0.019971 0.0 0.0980473 -0.019663 0.0 0.0981091 -0.0193549 0.0 0.0981689 -0.0190465 0.0 0.0982287 -0.0187381 0.0 0.0982866 -0.0184294 0.0 0.0983445 -0.0181206 0.0 0.0984005 -0.0178114 0.0 0.0984564 -0.0175023 0.0 0.0985104 -0.0171928 0.0 0.0985645 -0.0168833 0.0 0.0986165 -0.0165735 0.0 0.0986686 -0.0162637 0.0 0.0987187 -0.0159536 0.0 0.0987688 -0.0156434 0.0 0.098817 -0.015333 0.0 0.0988652 -0.0150226 0.0 0.0989114 -0.0147118 0.0 0.0989576 -0.0144011 0.0 0.0990019 -0.0140901 0.0 0.0990461 -0.013779 0.0 0.0990885 -0.0134677 0.0 0.0991308 -0.0131564 0.0 0.0991711 -0.0128449 0.0 0.0992115 -0.0125333 0.0 0.0992499 -0.0122215 0.0 0.0992883 -0.0119097 0.0 0.0993247 -0.0115977 0.0 0.0993611 -0.0112856 0.0 0.0993956 -0.0109734 0.0 0.0994301 -0.0106611 0.0 0.0994626 -0.0103486 0.0 0.0994951 -0.0100362 0.0 0.0995256 -0.0097235 0.0 0.0995562 -0.00941083 0.0 0.0995848 -0.00909798 0.0 0.0996134 -0.00878512 0.0 0.09964 -0.00847209 0.0 0.0996666 -0.00815906 0.0 0.0996912 -0.00784587 0.0 0.0997159 -0.00753268 0.0 0.0997386 -0.00721934 0.0 0.0997613 -0.006906 0.0 0.099782 -0.00659253 0.0 0.0998027 -0.00627905 0.0 0.0998214 -0.00596545 0.0 0.0998402 -0.00565185 0.0 0.0998569 -0.00533814 0.0 0.0998737 -0.00502443 0.0 0.0998885 -0.00471062 0.0 0.0999033 -0.00439681 0.0 0.0999161 -0.00408292 0.0 0.0999289 -0.00376902 0.0 0.0999398 -0.00345505 0.0 0.0999507 -0.00314108 0.0 0.0999595 -0.00282704 0.0 0.0999684 -0.00251301 0.0 0.0999753 -0.00219893 0.0 0.0999822 -0.00188484 0.0 0.0999872 -0.00157072 0.0 0.0999921 -0.0012566 0.0 0.0999951 -0.000942459 0.0 0.099998 -0.000628314 0.0 0.099999 -0.000314157 0.0 
        </DataArray>
      </Points>
      <Polys>
        <DataArray type="Int64" Name="connectivity" format="ascii">
0 1 1 2 2 3 3 4 4 5 5 6 6 7 7 8 8 9 9 10 10 11 11 12 12 13 13 14 14 15 15 16 16 17 17 18 18 19 19 20 20 21 21 22 22 23 23 24 24 25 25 26 26 27 27 28 28 29 29 30 30 31 31 32 32 33 33 34 34 35 35 36 36 37 37 38 38 39 39 40 40 41 41 42 42 43 43 44 44 45 45 46 46 47 47 48 48 49 49 50 50 51 51 52 52 53 53 54 54 55 55 56 56 57 57 58 58 59 59 60 60 61 61 62 62 63 63 64 64 65 65 66 66 67 67 68 68 69 69 70 70 71 71 72 72 73 73 74 74 75 75 76 76 77 77 78 78 79 79 80 80 81 81 82 82 83 83 84 84 85 85 86 86 87 87 88 88 89 89 90 90 91 91 92 92 93 93 94 94 95 95 96 96 97 97 98 98 99 99 100 100 101 101 102 102 103 103 104 104 105 105 106 106 107 107 108 108 109 109 110 110 111 111 112 112 113 113 114 114 115 115 116 116 117 117 118 118 119 119 120 120 121 121 122 122 123 123 124 124 125 125 126 126 127 127 128 128 129 129 130 130 131 131 132 132 133 133 134 134 135 135 136 136 137 137 138 138 139 139 140 140 141 141 142 142 143 143 144 144 145 145 146 146 147 147 148 148 149 149 150 150 151 151 152 152 153 153 154 154 155 155 156 156 157 157 158 158 159 159 160 160 161 161 162 162 163 163 164 164 165 165 166 166 167 167 168 168 169 169 170 170 171 171 172 172 173 173 174 174 175 175 176 176 177 177 178 178 179 179 180 180 181 181 182 182 183 183 184 184 185 185 186 186 187 187 188 188 189 189 190 190 191 191 192 192 193 193 194 194 195 195 196 196 197 197 198 198 199 199 200 200 201 201 202 202 203 203 204 204 205 205 206 206 207 207 208 208 209 209 210 210 211 211 212 212 213 213 214 214 215 215 216 216 217 217 218 218 219 219 220 220 221 221 222 222 223 223 224 224 225 225 226 226 227 227 228 228 229 229 230 230 231 231 232 232 233 233 234 234 235 235 236 236 237 237 238 238 239 239 240 240 241 241 242 242 243 243 244 244 245 245 246 246 247 247 248 248 249 249 250 250 251 251 252 252 253 253 254 254 255 255 256 256 257 257 258 258 259 259 260 260 261 261 262 262 263 263 264 264 265 265 266 266 267 267 268 268 269 269 270 270 271 271 272 272 273 273 274 274 275 275 276 276 277 277 278 278 279 279 280 280 281 281 282 282 283 283 284 284 285 285 286 286 287 287 288 288 289 289 290 290 291 291 292 292 293 293 294 294 295 295 296 296 297 297 298 298 299 299 300 300 301 301 302 302 303 303 304 304 305 305 306 306 307 307 308 308 309 309 310 310 311 311 312 312 313 313 314 314 315 315 316 316 317 317 318 318 319 319 320 320 321 321 322 322 323 323 324 324 325 325 326 326 327 327 328 328 329 329 330 330 331 331 332 332 333 333 334 334 335 335 336 336 337 337 338 338 339 339 340 340 341 341 342 342 343 343 344 344 345 345 346 346 347 347 348 348 349 349 350 350 351 351 352 352 353 353 354 354 355 355 356 356 357 357 358 358 359 359 360 360 361 361 362 362 363 363 364 364 365 365 366 366 367 367 368 368 369 369 370 370 371 371 372 372 373 373 374 374 375 375 376 376 377 377 378 378 379 379 380 380 381 381 382 382 383 383 384 384 385 385 386 386 387 387 388 388 389 389 390 390 391 391 392 392 393 393 394 394 395 395 396 396 397 397 398 398 399 399 400 400 401 401 402 402 403 403 404 404 405 405 406 406 407 407 408 408 409 409 410 410 411 411 412 412 413 413 414 414 415 415 416 416 417 417 418 418 419 419 420 420 421 421 422 422 423 423 424 424 425 425 426 426 427 427 428 428 429 429 430 430 431 431 432 432 433 433 434 434 435 435 436 436 437 437 438 438 439 439 440 440 441 441 442 442 443 443 444 444 445 445 446 446 447 447 448 448 449 449 450 450 451 451 452 452 453 453 454 454 455 455 456 456 457 457 458 458 459 459 460 460 461 461 462 462 463 463 464 464 465 465 466 466 467 467 468 468 469 469 470 470 471 471 472 472 473 473 474 474 475 475 476 476 477 477 478 478 479 479 480 480 481 481 482 482 483 483 484 484 485 485 486 486 487 487 488 488 489 489 490 490 491 491 492 492 493 493 494 494 495 495 496 496 497 497 498 498 499 499 500 500 501 501 502 502 503 503 504 504 505 505 506 506 507 507 508 508 509 509 510 510 511 511 512 512 513 513 514 514 515 515 516 516 517 517 518 518 519 519 520 520 521 521 522 522 523 523 524 524 525 525 526 526 527 527 528 528 529 529 530 530 531 531 532 532 533 533 534 534 535 535 536 536 537 537 538 538 539 539 540 540 541 541 542 542 543 543 544 544 545 545 546 546 547 547 548 548 549 549 550 550 551 551 552 552 553 553 554 554 555 555 556 556 557 557 558 558 559 559 560 560 561 561 562 562 563 563 564 564 565 565 566 566 567 567 568 568 569 569 570 570 571 571 572 572 573 573 574 574 575 575 576 576 577 577 578 578 579 579 580 580 581 581 582 582 583 583 584 584 585 585 586 586 587 587 588 588 589 589 590 590 591 591 592 592 593 593 594 594 595 595 596 596 597 597 598 598 599 599 600 600 601 601 602 602 603 603 604 604 605 605 606 606 607 607 608 608 609 609 610 610 611 611 612 612 613 613 614 614 615 615 616 616 617 617 618 618 619 619 620 620 621 621 622 622 623 623 624 624 625 625 626 626 627 627 628 628 629 629 630 630 631 631 632 632 633 633 634 634 635 635 636 636 637 637 638 638 639 639 640 640 641 641 642 642 643 643 644 644 645 645 646 646 647 647 648 648 649 649 650 650 651 651 652 652 653 653 654 654 655 655 656 656 657 657 658 658 659 659 660 660 661 661 662 662 663 663 664 664 665 665 666 666 667 667 668 668 669 669 670 670 671 671 672 672 673 673 674 674 675 675 676 676 677 677 678 678 679 679 680 680 681 681 682 682 683 683 684 684 685 685 686 686 687 687 688 688 689 689 690 690 691 691 692 692 693 693 694 694 695 695 696 696 697 697 698 698 699 699 700 700 701 701 702 702 703 703 704 704 705 705 706 706 707 707 708 708 709 709 710 710 711 711 712 712 713 713 714 714 715 715 716 716 717 717 718 718 719 719 720 720 721 721 722 722 723 723 724 724 725 725 726 726 727 727 728 728 729 729 730 730 731 731 732 732 733 733 734 734 735 735 736 736 737 737 738 738 739 739 740 740 741 741 742 742 743 743 744 744 745 745 746 746 747 747 748 748 749 749 750 750 751 751 752 752 753 753 754 754 755 755 756 756 757 757 758 758 759 759 760 760 761 761 762 762 763 763 764 764 765 765 766 766 767 767 768 768 769 769 770 770 771 771 772 772 773 773 774 774 775 775 776 776 777 777 778 778 779 779 780 780 781 781 782 782 783 783 784 784 785 785 786 786 787 787 788 788 789 789 790 790 791 791 792 792 793 793 794 794 795 795 796 796 797 797 798 798 799 799 800 800 801 801 802 802 803 803 804 804 805 805 806 806 807 807 808 808 809 809 810 810 811 811 812 812 813 813 814 814 815 815 816 816 817 817 818 818 819 819 820 820 821 821 822 822 823 823 824 824 825 825 826 826 827 827 828 828 829 829 830 830 831 831 832 832 833 833 834 834 835 835 836 836 837 837 838 838 839 839 840 840 841 841 842 842 843 843 844 844 845 845 846 846 847 847 848 848 849 849 850 850 851 851 852 852 853 853 854 854 855 855 856 856 857 857 858 858 859 859 860 860 861 861 862 862 863 863 864 864 865 865 866 866 867 867 868 868 869 869 870 870 871 871 872 872 873 873 874 874 875 875 876 876 877 877 878 878 879 879 880 880 881 881 882 882 883 883 884 884 885 885 886 886 887 887 888 888 889 889 890 890 891 891 892 892 893 893 894 894 895 895 896 896 897 897 898 898 899 899 900 900 901 901 902 902 903 903 904 904 905 905 906 906 907 907 908 908 909 909 910 910 911 911 912 912 913 913 914 914 915 915 916 916 917 917 918 918 919 919 920 920 921 921 922 922 923 923 924 924 925 925 926 926 927 927 928 928 929 929 930 930 931 931 932 932 933 933 934 934 935 935 936 936 937 937 938 938 939 939 940 940 941 941 942 942 943 943 944 944 945 945 946 946 947 947 948 948 949 949 950 950 951 951 952 952 953 953 954 954 955 955 956 956 957 957 958 958 959 959 960 960 961 961 962 962 963 963 964 964 965 965 966 966 967 967 968 968 969 969 970 970 971 971 972 972 973 973 974 974 975 975 976 976 977 977 978 978 979 979 980 980 981 981 982 982 983 983 984 984 985 985 986 986 987 987 988 988 989 989 990 990 991 991 992 992 993 993 994 994 995 995 996 996 997 997 998 998 999 999 1000 1000 1001 1001 1002 1002 1003 1003 1004 1004 1005 1005 1006 1006 1007 1007 1008 1008 1009 1009 1010 1010 1011 1011 1012 1012 1013 1013 1014 1014 1015 1015 1016 1016 1017 1017 1018 1018 1019 1019 1020 1020 1021 1021 1022 1022 1023 1023 1024 1024 1025 1025 1026 1026 1027 1027 1028 1028 1029 1029 1030 1030 1031 1031 1032 1032 1033 1033 1034 1034 1035 1035 1036 1036 1037 1037 1038 1038 1039 1039 1040 1040 1041 1041 1042 1042 1043 1043 1044 1044 1045 1045 1046 1046 1047 1047 1048 1048 1049 1049 1050 1050 1051 1051 1052 1052 1053 1053 1054 1054 1055 1055 1056 1056 1057 1057 1058 1058 1059 1059 1060 1060 1061 1061 1062 1062 1063 1063 1064 1064 1065 1065 1066 1066 1067 1067 1068 1068 1069 1069 1070 1070 1071 1071 1072 1072 1073 1073 1074 1074 1075 1075 1076 1076 1077 1077 1078 1078 1079 1079 1080 1080 1081 1081 1082 1082 1083 1083 1084 1084 1085 1085 1086 1086 1087 1087 1088 1088 1089 1089 1090 1090 1091 1091 1092 1092 1093 1093 1094 1094 1095 1095 1096 1096 1097 1097 1098 1098 1099 1099 1100 1100 1101 1101 1102 1102 1103 1103 1104 1104 1105 1105 1106 1106 1107 1107 1108 1108 1109 1109 1110 1110 1111 1111 1112 1112 1113 1113 1114 1114 1115 1115 1116 1116 1117 1117 1118 1118 1119 1119 1120 1120 1121 1121 1122 1122 1123 1123 1124 1124 1125 1125 1126 1126 1127 1127 1128 1128 1129 1129 1130 1130 1131 1131 1132 1132 1133 1133 1134 1134 1135 1135 1136 1136 1137 1137 1138 1138 1139 1139 1140 1140 1141 1141 1142 1142 1143 1143 1144 1144 1145 1145 1146 1146 1147 1147 1148 1148 1149 1149 1150 1150 1151 1151 1152 1152 1153 1153 1154 1154 1155 1155 1156 1156 1157 1157 1158 1158 1159 1159 1160 1160 1161 1161 1162 1162 1163 1163 1164 1164 1165 1165 1166 1166 1167 1167 1168 1168 1169 1169 1170 1170 1171 1171 1172 1172 1173 1173 1174 1174 1175 1175 1176 1176 1177 1177 1178 1178 1179 1179 1180 1180 1181 1181 1182 1182 1183 1183 1184 1184 1185 1185 1186 1186 1187 1187 1188 1188 1189 1189 1190 1190 1191 1191 1192 1192 1193 1193 1194 1194 1195 1195 1196 1196 1197 1197 1198 1198 1199 1199 1200 1200 1201 1201 1202 1202 1203 1203 1204 1204 1205 1205 1206 1206 1207 1207 1208 1208 1209 1209 1210 1210 1211 1211 1212 1212 1213 1213 1214 1214 1215 1215 1216 1216 1217 1217 1218 1218 1219 1219 1220 1220 1221 1221 1222 1222 1223 1223 1224 1224 1225 1225 1226 1226 1227 1227 1228 1228 1229 1229 1230 1230 1231 1231 1232 1232 1233 1233 1234 1234 1235 1235 1236 1236 1237 1237 1238 1238 1239 1239 1240 1240 1241 1241 1242 1242 1243 1243 1244 1244 1245 1245 1246 1246 1247 1247 1248 1248 1249 1249 1250 1250 1251 1251 1252 1252 1253 1253 1254 1254 1255 1255 1256 1256 1257 1257 1258 1258 1259 1259 1260 1260 1261 1261 1262 1262 1263 1263 1264 1264 1265 1265 1266 1266 1267 1267 1268 1268 1269 1269 1270 1270 1271 1271 1272 1272 1273 1273 1274 1274 1275 1275 1276 1276 1277 1277 1278 1278 1279 1279 1280 1280 1281 1281 1282 1282 1283 1283 1284 1284 1285 1285 1286 1286 1287 1287 1288 1288 1289 1289 1290 1290 1291 1291 1292 1292 1293 1293 1294 1294 1295 1295 1296 1296 1297 1297 1298 1298 1299 1299 1300 1300 1301 1301 1302 1302 1303 1303 1304 1304 1305 1305 1306 1306 1307 1307 1308 1308 1309 1309 1310 1310 1311 1311 1312 1312 1313 1313 1314 1314 1315 1315 1316 1316 1317 1317 1318 1318 1319 1319 1320 1320 1321 1321 1322 1322 1323 1323 1324 1324 1325 1325 1326 1326 1327 1327 1328 1328 1329 1329 1330 1330 1331 1331 1332 1332 1333 1333 1334 1334 1335 1335 1336 1336 1337 1337 1338 1338 1339 1339 1340 1340 1341 1341 1342 1342 1343 1343 1344 1344 1345 1345 1346 1346 1347 1347 1348 1348 1349 1349 1350 1350 1351 1351 1352 1352 1353 1353 1354 1354 1355 1355 1356 1356 1357 1357 1358 1358 1359 1359 1360 1360 1361 1361 1362 1362 1363 1363 1364 1364 1365 1365 1366 1366 1367 1367 1368 1368 1369 1369 1370 1370 1371 1371 1372 1372 1373 1373 1374 1374 1375 1375 1376 1376 1377 1377 1378 1378 1379 1379 1380 1380 1381 1381 1382 1382 1383 1383 1384 1384 1385 1385 1386 1386 1387 1387 1388 1388 1389 1389 1390 1390 1391 1391 1392 1392 1393 1393 1394 1394 1395 1395 1396 1396 1397 1397 1398 1398 1399 1399 1400 1400 1401 1401 1402 1402 1403 1403 1404 1404 1405 1405 1406 1406 1407 1407 1408 1408 1409 1409 1410 1410 1411 1411 1412 1412 1413 1413 1414 1414 1415 1415 1416 1416 1417 1417 1418 1418 1419 1419 1420 1420 1421 1421 1422 1422 1423 1423 1424 1424 1425 1425 1426 1426 1427 1427 1428 1428 1429 1429 1430 1430 1431 1431 1432 1432 1433 1433 1434 1434 1435 1435 1436 1436 1437 1437 1438 1438 1439 1439 1440 1440 1441 1441 1442 1442 1443 1443 1444 1444 1445 1445 1446 1446 1447 1447 1448 1448 1449 1449 1450 1450 1451 1451 1452 1452 1453 1453 1454 1454 1455 1455 1456 1456 1457 1457 1458 1458 1459 1459 1460 1460 1461 1461 1462 1462 1463 1463 1464 1464 1465 1465 1466 1466 1467 1467 1468 1468 1469 1469 1470 1470 1471 1471 1472 1472 1473 1473 1474 1474 1475 1475 1476 1476 1477 1477 1478 1478 1479 1479 1480 1480 1481 1481 1482 1482 1483 1483 1484 1484 1485 1485 1486 1486 1487 1487 1488 1488 1489 1489 1490 1490 1491 1491 1492 1492 1493 1493 1494 1494 1495 1495 1496 1496 1497 1497 1498 1498 1499 1499 1500 1500 1501 1501 1502 1502 1503 1503 1504 1504 1505 1505 1506 1506 1507 1507 1508 1508 1509 1509 1510 1510 1511 1511 1512 1512 1513 1513 1514 1514 1515 1515 1516 1516 1517 1517 1518 1518 1519 1519 1520 1520 1521 1521 1522 1522 1523 1523 1524 1524 1525 1525 1526 1526 1527 1527 1528 1528 1529 1529 1530 1530 1531 1531 1532 1532 1533 1533 1534 1534 1535 1535 1536 1536 1537 1537 1538 1538 1539 1539 1540 1540 1541 1541 1542 1542 1543 1543 1544 1544 1545 1545 1546 1546 1547 1547 1548 1548 1549 1549 1550 1550 1551 1551 1552 1552 1553 1553 1554 1554 1555 1555 1556 1556 1557 1557 1558 1558 1559 1559 1560 1560 1561 1561 1562 1562 1563 1563 1564 1564 1565 1565 1566 1566 1567 1567 1568 1568 1569 1569 1570 1570 1571 1571 1572 1572 1573 1573 1574 1574 1575 1575 1576 1576 1577 1577 1578 1578 1579 1579 1580 1580 1581 1581 1582 1582 1583 1583 1584 1584 1585 1585 1586 1586 1587 1587 1588 1588 1589 1589 1590 1590 1591 1591 1592 1592 1593 1593 1594 1594 1595 1595 1596 1596 1597 1597 1598 1598 1599 1599 1600 1600 1601 1601 1602 1602 1603 1603 1604 1604 1605 1605 1606 1606 1607 1607 1608 1608 1609 1609 1610 1610 1611 1611 1612 1612 1613 1613 1614 1614 1615 1615 1616 1616 1617 1617 1618 1618 1619 1619 1620 1620 1621 1621 1622 1622 1623 1623 1624 1624 1625 1625 1626 1626 1627 1627 1628 1628 1629 1629 1630 1630 1631 1631 1632 1632 1633 1633 1634 1634 1635 1635 1636 1636 1637 1637 1638 1638 1639 1639 1640 1640 1641 1641 1642 1642 1643 1643 1644 1644 1645 1645 1646 1646 1647 1647 1648 1648 1649 1649 1650 1650 1651 1651 1652 1652 1653 1653 1654 1654 1655 1655 1656 1656 1657 1657 1658 1658 1659 1659 1660 1660 1661 1661 1662 1662 1663 1663 1664 1664 1665 1665 1666 1666 1667 1667 1668 1668 1669 1669 1670 1670 1671 1671 1672 1672 1673 1673 1674 1674 1675 1675 1676 1676 1677 1677 1678 1678 1679 1679 1680 1680 1681 1681 1682 1682 1683 1683 1684 1684 1685 1685 1686 1686 1687 1687 1688 1688 1689 1689 1690 1690 1691 1691 1692 1692 1693 1693 1694 1694 1695 1695 1696 1696 1697 1697 1698 1698 1699 1699 1700 1700 1701 1701 1702 1702 1703 1703 1704 1704 1705 1705 1706 1706 1707 1707 1708 1708 1709 1709 1710 1710 1711 1711 1712 1712 1713 1713 1714 1714 1715 1715 1716 1716 1717 1717 1718 1718 1719 1719 1720 1720 1721 1721 1722 1722 1723 1723 1724 1724 1725 1725 1726 1726 1727 1727 1728 1728 1729 1729 1730 1730 1731 1731 1732 1732 1733 1733 1734 1734 1735 1735 1736 1736 1737 1737 1738 1738 1739 1739 1740 1740 1741 1741 1742 1742 1743 1743 1744 1744 1745 1745 1746 1746 1747 1747 1748 1748 1749 1749 1750 1750 1751 1751 1752 1752 1753 1753 1754 1754 1755 1755 1756 1756 1757 1757 1758 1758 1759 1759 1760 1760 1761 1761 1762 1762 1763 1763 1764 1764 1765 1765 1766 1766 1767 1767 1768 1768 1769 1769 1770 1770 1771 1771 1772 1772 1773 1773 1774 1774 1775 1775 1776 1776 1777 1777 1778 1778 1779 1779 1780 1780 1781 1781 1782 1782 1783 1783 1784 1784 1785 1785 1786 1786 1787 1787 1788 1788 1789 1789 1790 1790 1791 1791 1792 1792 1793 1793 1794 1794 1795 1795 1796 1796 1797 1797 1798 1798 1799 1799 1800 1800 1801 1801 1802 1802 1803 1803 1804 1804 1805 1805 1806 1806 1807 1807 1808 1808 1809 1809 1810 1810 1811 1811 1812 1812 1813 1813 1814 1814 1815 1815 1816 1816 1817 1817 1818 1818 1819 1819 1820 1820 1821 1821 1822 1822 1823 1823 1824 1824 1825 1825 1826 1826 1827 1827 1828 1828 1829 1829 1830 1830 1831 1831 1832 1832 1833 1833 1834 1834 1835 1835 1836 1836 1837 1837 1838 1838 1839 1839 1840 1840 1841 1841 1842 1842 1843 1843 1844 1844 1845 1845 1846 1846 1847 1847 1848 1848 1849 1849 1850 1850 1851 1851 1852 1852 1853 1853 1854 1854 1855 1855 1856 1856 1857 1857 1858 1858 1859 1859 1860 1860 1861 1861 1862 1862 1863 1863 1864 1864 1865 1865 1866 1866 1867 1867 1868 1868 1869 1869 1870 1870 1871 1871 1872 1872 1873 1873 1874 1874 1875 1875 1876 1876 1877 1877 1878 1878 1879 1879 1880 1880 1881 1881 1882 1882 1883 1883 1884 1884 1885 1885 1886 1886 1887 1887 1888 1888 1889 1889 1890 1890 1891 1891 1892 1892 1893 1893 1894 1894 1895 1895 1896 1896 1897 1897 1898 1898 1899 1899 1900 1900 1901 1901 1902 1902 1903 1903 1904 1904 1905 1905 1906 1906 1907 1907 1908 1908 1909 1909 1910 1910 1911 1911 1912 1912 1913 1913 1914 1914 1915 1915 1916 1916 1917 1917 1918 1918 1919 1919 1920 1920 1921 1921 1922 1922 1923 1923 1924 1924 1925 1925 1926 1926 1927 1927 1928 1928 1929 1929 1930 1930 1931 1931 1932 1932 1933 1933 1934 1934 1935 1935 1936 1936 1937 1937 1938 1938 1939 1939 1940 1940 1941 1941 1942 1942 1943 1943 1944 1944 1945 1945 1946 1946 1947 1947 1948 1948 1949 1949 1950 1950 1951 1951 1952 1952 1953 1953 1954 1954 1955 1955 1956 1956 1957 1957 1958 1958 1959 1959 1960 1960 1961 1961 1962 1962 1963 1963 1964 1964 1965 1965 1966 1966 1967 1967 1968 1968 1969 1969 1970 1970 1971 1971 1972 1972 1973 1973 1974 1974 1975 1975 1976 1976 1977 1977 1978 1978 1979 1979 1980 1980 1981 1981 1982 1982 1983 1983 1984 1984 1985 1985 1986 1986 1987 1987 1988 1988 1989 1989 1990 1990 1991 1991 1992 1992 1993 1993 1994 1994 1995 1995 1996 1996 1997 1997 1998 1998 1999 1999 0 
        </DataArray>
        <DataArray type="Int64" Name="offsets" format="ascii">
2 4 6 8 10 12 14 16 18 20 22 24 26 28 30 32 34 36 38 40 42 44 46 48 50 52 54 56 58 60 62 64 66 68 70 72 74 76 78 80 82 84 86 88 90 92 94 96 98 100 102 104 106 108 110 112 114 116 118 120 122 124 126 128 130 132 134 136 138 140 142 144 146 148 150 152 154 156 158 160 162 164 166 168 170 172 174 176 178 180 182 184 186 188 190 192 194 196 198 200 202 204 206 208 210 212 214 216 218 220 222 224 226 228 230 232 234 236 238 240 242 244 246 248 250 252 254 256 258 260 262 264 266 268 270 272 274 276 278 280 282 284 286 288 290 292 294 296 298 300 302 304 306 308 310 312 314 316 318 320 322 324 326 328 330 332 334 336 338 340 342 344 346 348 350 352 354 356 358 360 362 364 366 368 370 372 374 376 378 380 382 384 386 388 390 392 394 396 398 400 402 404 406 408 410 412 414 416 418 420 422 424 426 428 430 432 434 436 438 440 442 444 446 448 450 452 454 456 458 460 462 464 466 468 470 472 474 476 478 480 482 484 486 488 490 492 494 496 498 500 502 504 506 508 510 512 514 516 518 520 522 524 526 528 530 532 534 536 538 540 542 544 546 548 550 552 554 556 558 560 562 564 566 568 570 572 574 576 578 580 582 584 586 588 590 592 594 596 598 600 602 604 606 608 610 612 614 616 618 620 622 624 626 628 630 632 634 636 638 640 642 644 646 648 650 652 654 656 658 660 662 664 666 668 670 672 674 676 678 680 682 684 686 688 690 692 694 696 698 700 702 704 706 708 710 712 714 716 718 720 722 724 726 728 730 732 734 736 738 740 742 744 746 748 750 752 754 756 758 760 762 764 766 768 770 772 774 776 778 780 782 784 786 788 790 792 794 796 798 800 802 804 806 808 810 812 814 816 818 820 822 824 826 828 830 832 834 836 838 840 842 844 846 848 850 852 854 856 858 860 862 864 866 868 870 872 874 876 878 880 882 884 886 888 890 892 894 896 898 900 902 904 906 908 910 912 914 916 918 920 922 924 926 928 930 932 934 936 938 940 942 944 946 948 950 952 954 956 958 960 962 964 966 968 970 972 974 976 978 980 982 984 986 988 990 992 994 996 998 1000 1002 1004 1006 1008 1010 1012 1014 1016 1018 1020 1022 1024 1026 1028 1030 1032 1034 1036 1038 1040 1042 1044 1046 1048 1050 1052 1054 1056 1058 1060 1062 1064 1066 1068 1070 1072 1074 1076 1078 1080 1082 1084 1086 1088 1090 1092 1094 1096 1098 1100 1102 1104 1106 1108 1110 1112 1114 1116 1118 1120 1122 1124 1126 1128 1130 1132 1134 1136 1138 1140 1142 1144 1146 1148 1150 1152 1154 1156 1158 1160 1162 1164 1166 1168 1170 1172 1174 1176 1178 1180 1182 1184 1186 1188 1190 1192 1194 1196 1198 1200 1202 1204 1206 1208 1210 1212 1214 1216 1218 1220 1222 1224 1226 1228 1230 1232 1234 1236 1238 1240 1242 1244 1246 1248 1250 1252 1254 1256 1258 1260 1262 1264 1266 1268 1270 1272 1274 1276 1278 1280 1282 1284 1286 1288 1290 1292 1294 1296 1298 1300 1302 1304 1306 1308 1310 1312 1314 1316 1318 1320 1322 1324 1326 1328 1330 1332 1334 1336 1338 1340 1342 1344 1346 1348 1350 1352 1354 1356 1358 1360 1362 1364 1366 1368 1370 1372 1374 1376 1378 1380 1382 1384 1386 1388 1390 1392 1394 1396 1398 1400 1402 1404 1406 1408 1410 1412 1414 1416 1418 1420 1422 1424 1426 1428 1430 1432 1434 1436 1438 1440 1442 1444 1446 1448 1450 1452 1454 1456 1458 1460 1462 1464 1466 1468 1470 1472 1474 1476 1478 1480 1482 1484 1486 1488 1490 1492 1494 1496 1498 1500 1502 1504 1506 1508 1510 1512 1514 1516 1518 1520 1522 1524 1526 1528 1530 1532 1534 1536 1538 1540 1542 1544 1546 1548 1550 1552 1554 1556 1558 1560 1562 1564 1566 1568 1570 1572 1574 1576 1578 1580 1582 1584 1586 1588 1590 1592 1594 1596 1598 1600 1602 1604 1606 1608 1610 1612 1614 1616 1618 1620 1622 1624 1626 1628 1630 1632 1634 1636 1638 1640 1642 1644 1646 1648 1650 1652 1654 1656 1658 1660 1662 1664 1666 1668 1670 1672 1674 1676 1678 1680 1682 1684 1686 1688 1690 1692 1694 1696 1698 1700 1702 1704 1706 1708 1710 1712 1714 1716 1718 1720 1722 1724 1726 1728 1730 1732 1734 1736 1738 1740 1742 1744 1746 1748 1750 1752 1754 1756 1758 1760 1762 1764 1766 1768 1770 1772 1774 1776 1778 1780 1782 1784 1786 1788 1790 1792 1794 1796 1798 1800 1802 1804 1806 1808 1810 1812 1814 1816 1818 1820 1822 1824 1826 1828 1830 1832 1834 1836 1838 1840 1842 1844 1846 1848 1850 1852 1854 1856 1858 1860 1862 1864 1866 1868 1870 1872 1874 1876 1878 1880 1882 1884 1886 1888 1890 1892 1894 1896 1898 1900 1902 1904 1906 1908 1910 1912 1914 1916 1918 1920 1922 1924 1926 1928 1930 1932 1934 1936 1938 1940 1942 1944 1946 1948 1950 1952 1954 1956 1958 1960 1962 1964 1966 1968 1970 1972 1974 1976 1978 1980 1982 1984 1986 1988 1990 1992 1994 1996 1998 2000 2002 2004 2006 2008 2010 2012 2014 2016 2018 2020 2022 2024 2026 2028 2030 2032 2034 2036 2038 2040 2042 2044 2046 2048 2050 2052 2054 2056 2058 2060 2062 2064 2066 2068 2070 2072 2074 2076 2078 2080 2082 2084 2086 2088 2090 2092 2094 2096 2098 2100 2102 2104 2106 2108 2110 2112 2114 2116 2118 2120 2122 2124 2126 2128 2130 2132 2134 2136 2138 2140 2142 2144 2146 2148 2150 2152 2154 2156 2158 2160 2162 2164 2166 2168 2170 2172 2174 2176 2178 2180 2182 2184 2186 2188 2190 2192 2194 2196 2198 2200 2202 2204 2206 2208 2210 2212 2214 2216 2218 2220 2222 2224 2226 2228 2230 2232 2234 2236 2238 2240 2242 2244 2246 2248 2250 2252 2254 2256 2258 2260 2262 2264 2266 2268 2270 2272 2274 2276 2278 2280 2282 2284 2286 2288 2290 2292 2294 2296 2298 2300 2302 2304 2306 2308 2310 2312 2314 2316 2318 2320 2322 2324 2326 2328 2330 2332 2334 2336 2338 2340 2342 2344 2346 2348 2350 2352 2354 2356 2358 2360 2362 2364 2366 2368 2370 2372 2374 2376 2378 2380 2382 2384 2386 2388 2390 2392 2394 2396 2398 2400 2402 2404 2406 2408 2410 2412 2414 2416 2418 2420 2422 2424 2426 2428 2430 2432 2434 2436 2438 2440 2442 2444 2446 2448 2450 2452 2454 2456 2458 2460 2462 2464 2466 2468 2470 2472 2474 2476 2478 2480 2482 2484 2486 2488 2490 2492 2494 2496 2498 2500 2502 2504 2506 2508 2510 2512 2514 2516 2518 2520 2522 2524 2526 2528 2530 2532 2534 2536 2538 2540 2542 2544 2546 2548 2550 2552 2554 2556 2558 2560 2562 2564 2566 2568 2570 2572 2574 2576 2578 2580 2582 2584 2586 2588 2590 2592 2594 2596 2598 2600 2602 2604 2606 2608 2610 2612 2614 2616 2618 2620 2622 2624 2626 2628 2630 2632 2634 2636 2638 2640 2642 2644 2646 2648 2650 2652 2654 2656 2658 2660 2662 2664 2666 2668 2670 2672 2674 2676 2678 2680 2682 2684 2686 2688 2690 2692 2694 2696 2698 2700 2702 2704 2706 2708 2710 2712 2714 2716 2718 2720 2722 2724 2726 2728 2730 2732 2734 2736 2738 2740 2742 2744 2746 2748 2750 2752 2754 2756 2758 2760 2762 2764 2766 2768 2770 2772 2774 2776 2778 2780 2782 2784 2786 2788 2790 2792 2794 2796 2798 2800 2802 2804 2806 2808 2810 2812 2814 2816 2818 2820 2822 2824 2826 2828 2830 2832 2834 2836 2838 2840 2842 2844 2846 2848 2850 2852 2854 2856 2858 2860 2862 2864 2866 2868 2870 2872 2874 2876 2878 2880 2882 2884 2886 2888 2890 2892 2894 2896 2898 2900 2902 2904 2906 2908 2910 2912 2914 2916 2918 2920 2922 2924 2926 2928 2930 2932 2934 2936 2938 2940 2942 2944 2946 2948 2950 2952 2954 2956 2958 2960 2962 2964 2966 2968 2970 2972 2974 2976 2978 2980 2982 2984 2986 2988 2990 2992 2994 2996 2998 3000 3002 3004 3006 3008 3010 3012 3014 3016 3018 3020 3022 3024 3026 3028 3030 3032 3034 3036 3038 3040 3042 3044 3046 3048 3050 3052 3054 3056 3058 3060 3062 3064 3066 3068 3070 3072 3074 3076 3078 3080 3082 3084 3086 3088 3090 3092 3094 3096 3098 3100 3102 3104 3106 3108 3110 3112 3114 3116 3118 3120 3122 3124 3126 3128 3130 3132 3134 3136 3138 3140 3142 3144 3146 3148 3150 3152 3154 3156 3158 3160 3162 3164 3166 3168 3170 3172 3174 3176 3178 3180 3182 3184 3186 3188 3190 3192 3194 3196 3198 3200 3202 3204 3206 3208 3210 3212 3214 3216 3218 3220 3222 3224 3226 3228 3230 3232 3234 3236 3238 3240 3242 3244 3246 3248 3250 3252 3254 3256 3258 3260 3262 3264 3266 3268 3270 3272 3274 3276 3278 3280 3282 3284 3286 3288 3290 3292 3294 3296 3298 3300 3302 3304 3306 3308 3310 3312 3314 3316 3318 3320 3322 3324 3326 3328 3330 3332 3334 3336 3338 3340 3342 3344 3346 3348 3350 3352 3354 3356 3358 3360 3362 3364 3366 3368 3370 3372 3374 3376 3378 3380 3382 3384 3386 3388 3390 3392 3394 3396 3398 3400 3402 3404 3406 3408 3410 3412 3414 3416 3418 3420 3422 3424 3426 3428 3430 3432 3434 3436 3438 3440 3442 3444 3446 3448 3450 3452 3454 3456 3458 3460 3462 3464 3466 3468 3470 3472 3474 3476 3478 3480 3482 3484 3486 3488 3490 3492 3494 3496 3498 3500 3502 3504 3506 3508 3510 3512 3514 3516 3518 3520 3522 3524 3526 3528 3530 3532 3534 3536 3538 3540 3542 3544 3546 3548 3550 3552 3554 3556 3558 3560 3562 3564 3566 3568 3570 3572 3574 3576 3578 3580 3582 3584 3586 3588 3590 3592 3594 3596 3598 3600 3602 3604 3606 3608 3610 3612 3614 3616 3618 3620 3622 3624 3626 3628 3630 3632 3634 3636 3638 3640 3642 3644 3646 3648 3650 3652 3654 3656 3658 3660 3662 3664 3666 3668 3670 3672 3674 3676 3678 3680 3682 3684 3686 3688 3690 3692 3694 3696 3698 3700 3702 3704 3706 3708 3710 3712 3714 3716 3718 3720 3722 3724 3726 3728 3730 3732 3734 3736 3738 3740 3742 3744 3746 3748 3750 3752 3754 3756 3758 3760 3762 3764 3766 3768 3770 3772 3774 3776 3778 3780 3782 3784 3786 3788 3790 3792 3794 3796 3798 3800 3802 3804 3806 3808 3810 3812 3814 3816 3818 3820 3822 3824 3826 3828 3830 3832 3834 3836 3838 3840 3842 3844 3846 3848 3850 3852 3854 3856 3858 3860 3862 3864 3866 3868 3870 3872 3874 3876 3878 3880 3882 3884 3886 3888 3890 3892 3894 3896 3898 3900 3902 3904 3906 3908 3910 3912 3914 3916 3918 3920 3922 3924 3926 3928 3930 3932 3934 3936 3938 3940 3942 3944 3946 3948 3950 3952 3954 3956 3958 3960 3962 3964 3966 3968 3970 3972 3974 3976 3978 3980 3982 3984 3986 3988 3990 3992 3994 3996 3998 4000 
        </DataArray>
      </Polys>
      <CellData Scalars="Pressure">
        <DataArray type="Float64" Name="Pressure" format="ascii">
408887 406459 404235 402058 399843 397275 394608 391983 389786 387747 385674 383208 380524 377883 375494 373321 371110 368874 366544 364247 362026 359984 357909 355827 353627 351460 349326 347427 345499 343592 341589 339609 337607 335885 334137 332420 330633 328873 327493 325869 324204 322579 321060 319592 318091 316112 314670 313247 311847 310514 309159 307803 306384 304975 303588 302363 301125 299909 298658 298133 296876 295667 294426 293240 291394 290418 289439 288387 287271 286160 285211 284432 283663 282817 282366 281367 279617 278819 278031 277285 276668 276077 275491 274949 274410 273889 274039 273567 273093 271993 271684 271391 271059 270612 270153 269700 269343 269658 269276 268184 267721 267277 266806 266314 265807 265376 265121 265535 264667 264614 264577 264556 264671 264826 264989 265191 266136 266382 265927 266405 266931 267488 267843 268123 269138 268540 268655 268780 269004 269611 270291 271022 272451 273295 274225 274848 276747 278750 280905 283296 285264 287289 288696 291113 293672 296167 298337 300888 303098 304681 306924 309170 311324 313371 315198 316967 318235 320034 321908 323630 325225 326632 328042 329188 330662 332154 333868 335407 337169 338960 340979 343387 346120 348520 351398 354266 357219 360035 362974 365639 368105 370297 372425 374435 376262 377612 378907 380104 381132 381926 382810 383707 384736 385651 386565 387397 388496 389460 390431 391367 392068 392934 393839 395004 395950 396641 397687 399108 400340 401559 402573 404083 405384 406651 407925 408782 409932 410667 411946 413102 413626 414392 415039 415794 416285 416535 416839 417323 417452 417515 417344 417433 417365 417225 417000 417010 416937 416829 416683 416280 415709 415057 414305 413499 413140 412598 411855 410935 411755 411162 410508 409833 410147 408851 407635 406537 405522 404705 403904 403146 402404 401865 401396 400966 400561 399940 399886 399517 399111 398258 398457 397958 397331 395813 394977 395534 394440 391517 390032 388667 388171 382780 378145 380182 380780 385810 373544 354526 328142 264674 187325 113426 55900.5 40364.1 30415.8 30360.5 30990.9 32005.7 32339.9 32921.4 31875.7 32732 33490.6 34022.9 35686.8 35124.6 35950.3 36550.8 37740.5 38277.7 38920.9 37829.4 38644.8 39474.8 40086.9 40462.2 41263.7 42201.4 42915.9 44170.4 44788.6 45609.6 44314.2 45371 46517.8 47386.9 48008.3 50166.3 49907.8 50802.1 52449.3 54954.9 53645.2 54461.3 53657.9 54862.4 55837.5 57583 58284.8 59108.2 57924.1 59039.8 60150.5 61006.4 62781.7 63716.8 64723.1 63454.1 64728.8 65931.2 66900.7 68975.4 69903.9 68762.3 69705.8 70945.6 72099.1 72997.7 74961.9 76056.9 77181.8 76136 77555.8 78762.1 79761.4 81701.7 82842 83952 82190.8 83508 84782 85971.7 87500.8 88883.3 90056.4 93840.3 92431 93881.6 95378.4 97553 99740.5 101870 104608 104758 104395 105032 106081 111307 112565 113744 114923 116167 117446 118594 119686 120656 121567 127859 129212 118385 118220 121889 123504 121475 123250 125023 126709 128248 129994 131585 132947 136360 137882 139376 136821 138643 140436 142172 144068 145806 147444 149177 150693 151926 155725 157178 154404 156100 157994 159813 161761 163764 165676 167499 169345 170964 174398 175902 177495 179095 181048 177989 179995 182145 184327 186436 188694 190907 193082 195207 197321 199315 201386 203414 205296 209051 210744 212417 214189 216352 218556 220694 217531 219452 221421 223632 225874 228074 230400 232678 234976 237143 239331 241485 243769 246031 248312 250517 252748 254944 257237 259524 261829 264085 266380 268632 270943 273241 275551 277760 279888 281965 284067 286146 288250 290338 292676 294959 297264 299512 301783 304001 306571 309101 311657 314154 316672 319131 321862 324606 327390 329949 332469 334939 337440 339878 342334 344942 347773 350552 353286 355848 358423 361132 364248 367302 370354 373214 376078 378989 382615 386172 389772 393213 396696 400105 404451 408824 419082 422029 425042 427976 431042 433964 436876 433305 437561 441862 445712 448918 452101 455637 459915 464134 468354 472291 476260 480310 485476 496933 501617 505289 508982 512648 509967 514643 519483 524143 528855 533532 537981 542125 546359 550358 560137 563907 560089 563960 568093 572265 575074 577729 580317 584126 588351 592686 601674 603829 605938 601380 604889 608424 612286 616654 621166 625652 629691 640597 644597 640916 644498 648066 652370 657126 662019 666644 670830 682051 678652 682474 686425 690375 695365 700734 706412 710717 719442 722162 718348 722694 727241 731842 737495 743258 756711 754855 761257 767905 774547 779354 784313 789262 799026 803073 807129 803251 808593 814053 819701 831506 835803 839771 835578 839603 844025 848405 851995 861805 866567 864092 870510 877057 883574 896618 902524 907701 905043 909764 914753 919324 928884 932524 937546 935079 941519 948082 962299 968389 981764 980197 978579 983910 996100 994940 1.0005e+06 1.00619e+06 1.01221e+06 1.0176e+06 1.02725e+06 1.03205e+06 1.03705e+06 1.03514e+06 1.0399e+06 1.04467e+06 1.04999e+06 1.0577e+06 1.06587e+06 1.07424e+06 1.08106e+06 1.09132e+06 1.09585e+06 1.09872e+06 1.09423e+06 1.09603e+06 1.09801e+06 1.10727e+06 1.10349e+06 1.10725e+06 1.11133e+06 1.11566e+06 1.12788e+06 1.13267e+06 1.13766e+06 1.136e+06 1.14126e+06 1.15301e+06 1.15853e+06 1.15578e+06 1.16002e+06 1.16406e+06 1.17841e+06 1.1761e+06 1.1858e+06 1.1954e+06 1.2052e+06 1.21403e+06 1.21755e+06 1.22784e+06 1.22716e+06 1.22603e+06 1.23964e+06 1.24524e+06 1.25023e+06 1.24771e+06 1.25328e+06 1.26657e+06 1.27227e+06 1.27182e+06 1.27816e+06 1.28466e+06 1.29721e+06 1.29771e+06 1.30388e+06 1.3101e+06 1.32158e+06 1.32228e+06 1.32759e+06 1.33284e+06 1.3382e+06 1.34299e+06 1.34707e+06 1.35103e+06 1.35502e+06 1.35884e+06 1.36262e+06 1.36675e+06 1.37138e+06 1.37634e+06 1.38137e+06 1.38646e+06 1.39198e+06 1.39773e+06 1.40342e+06 1.40826e+06 1.4134e+06 1.41869e+06 1.42429e+06 1.42895e+06 1.43395e+06 1.43917e+06 1.44479e+06 1.44996e+06 1.45479e+06 1.45966e+06 1.46471e+06 1.47486e+06 1.47409e+06 1.47896e+06 1.48423e+06 1.49537e+06 1.49516e+06 1.50062e+06 1.50656e+06 1.5186e+06 1.52427e+06 1.52466e+06 1.53038e+06 1.54149e+06 1.54743e+06 1.55218e+06 1.55277e+06 1.56251e+06 1.57174e+06 1.57235e+06 1.57665e+06 1.5763e+06 1.58025e+06 1.58448e+06 1.58914e+06 1.59893e+06 1.59835e+06 1.60326e+06 1.6088e+06 1.62016e+06 1.62525e+06 1.62588e+06 1.63105e+06 1.64089e+06 1.64586e+06 1.65014e+06 1.65087e+06 1.65498e+06 1.65937e+06 1.66401e+06 1.67278e+06 1.67319e+06 1.67721e+06 1.68156e+06 1.69094e+06 1.69547e+06 1.69984e+06 1.70044e+06 1.70532e+06 1.71084e+06 1.71698e+06 1.72354e+06 1.72893e+06 1.73344e+06 1.73792e+06 1.74736e+06 1.75112e+06 1.7548e+06 1.75537e+06 1.75887e+06 1.76254e+06 1.76654e+06 1.771e+06 1.77869e+06 1.77878e+06 1.78283e+06 1.79216e+06 1.80002e+06 1.80178e+06 1.80617e+06 1.80707e+06 1.81114e+06 1.81553e+06 1.8245e+06 1.82881e+06 1.83269e+06 1.83378e+06 1.83738e+06 1.84111e+06 1.84513e+06 1.85408e+06 1.85807e+06 1.86225e+06 1.86362e+06 1.86736e+06 1.87102e+06 1.87501e+06 1.88294e+06 1.88659e+06 1.88759e+06 1.89122e+06 1.8944e+06 1.8978e+06 1.90146e+06 1.90943e+06 1.91317e+06 1.91715e+06 1.91885e+06 1.92229e+06 1.92581e+06 1.92956e+06 1.93652e+06 1.94039e+06 1.9443e+06 1.94757e+06 1.95109e+06 1.95516e+06 1.95964e+06 1.9638e+06 1.96774e+06 1.97174e+06 1.97775e+06 1.97959e+06 1.98299e+06 1.98627e+06 1.98906e+06 1.99215e+06 1.99544e+06 2.00102e+06 2.00394e+06 2.00511e+06 2.00854e+06 2.01244e+06 2.0162e+06 2.0198e+06 2.0229e+06 2.02629e+06 2.02986e+06 2.0352e+06 2.03671e+06 2.0398e+06 2.0432e+06 2.04679e+06 2.05027e+06 2.05354e+06 2.05652e+06 2.0597e+06 2.06457e+06 2.06747e+06 2.06896e+06 2.07177e+06 2.07486e+06 2.07797e+06 2.08099e+06 2.08372e+06 2.08631e+06 2.08896e+06 2.09279e+06 2.09525e+06 2.09769e+06 2.09894e+06 2.10151e+06 2.1041e+06 2.10656e+06 2.10871e+06 2.11085e+06 2.11304e+06 2.11534e+06 2.11766e+06 2.1199e+06 2.12301e+06 2.12505e+06 2.1261e+06 2.128e+06 2.12987e+06 2.1317e+06 2.13365e+06 2.13567e+06 2.13771e+06 2.13964e+06 2.14141e+06 2.14314e+06 2.14576e+06 2.14737e+06 2.14905e+06 2.15072e+06 2.15245e+06 2.1532e+06 2.15494e+06 2.15642e+06 2.1579e+06 2.15936e+06 2.1609e+06 2.16243e+06 2.16398e+06 2.16532e+06 2.16656e+06 2.16777e+06 2.16907e+06 2.17042e+06 2.17175e+06 2.17356e+06 2.17466e+06 2.17576e+06 2.17691e+06 2.17799e+06 2.17909e+06 2.18017e+06 2.18009e+06 2.18107e+06 2.18207e+06 2.18292e+06 2.18379e+06 2.18464e+06 2.18547e+06 2.18628e+06 2.1871e+06 2.18777e+06 2.18842e+06 2.18907e+06 2.18964e+06 2.19016e+06 2.1907e+06 2.19116e+06 2.19158e+06 2.19199e+06 2.19232e+06 2.19258e+06 2.19284e+06 2.19308e+06 2.19333e+06 2.19356e+06 2.19366e+06 2.19353e+06 2.19339e+06 2.19325e+06 2.19309e+06 2.19294e+06 2.19272e+06 2.19231e+06 2.19189e+06 2.19146e+06 2.19085e+06 2.19024e+06 2.18961e+06 2.18883e+06 2.18803e+06 2.18725e+06 2.18622e+06 2.18519e+06 2.18414e+06 2.18307e+06 2.18196e+06 2.18087e+06 2.17954e+06 2.17818e+06 2.17678e+06 2.17531e+06 2.17376e+06 2.17224e+06 2.17069e+06 2.16916e+06 2.16759e+06 2.16587e+06 2.16396e+06 2.16208e+06 2.16022e+06 2.15847e+06 2.1567e+06 2.15482e+06 2.15269e+06 2.15058e+06 2.14849e+06 2.14657e+06 2.14462e+06 2.14265e+06 2.14033e+06 2.13804e+06 2.13572e+06 2.13367e+06 2.13159e+06 2.12954e+06 2.12722e+06 2.12492e+06 2.12418e+06 2.12188e+06 2.11951e+06 2.1172e+06 2.11498e+06 2.11285e+06 2.11072e+06 2.1071e+06 2.1047e+06 2.10231e+06 2.09998e+06 2.0978e+06 2.09559e+06 2.09324e+06 2.09056e+06 2.08791e+06 2.08529e+06 2.08297e+06 2.08064e+06 2.07828e+06 2.07544e+06 2.07431e+06 2.07147e+06 2.06875e+06 2.06602e+06 2.0634e+06 2.05755e+06 2.05506e+06 2.05268e+06 2.04958e+06 2.04607e+06 2.04258e+06 2.03936e+06 2.03647e+06 2.03356e+06 2.03045e+06 2.02874e+06 2.0252e+06 2.01836e+06 2.01447e+06 2.01055e+06 2.00674e+06 2.00309e+06 1.99969e+06 1.99645e+06 1.99237e+06 1.98801e+06 1.98364e+06 1.98246e+06 1.97858e+06 1.97471e+06 1.96692e+06 1.96273e+06 1.9588e+06 1.9547e+06 1.94991e+06 1.94501e+06 1.9402e+06 1.93603e+06 1.93457e+06 1.9303e+06 1.9222e+06 1.91734e+06 1.91271e+06 1.90765e+06 1.90231e+06 1.89689e+06 1.89181e+06 1.88736e+06 1.88596e+06 1.87778e+06 1.87224e+06 1.86678e+06 1.86158e+06 1.85594e+06 1.85022e+06 1.84435e+06 1.83905e+06 1.83776e+06 1.83305e+06 1.8237e+06 1.81844e+06 1.81342e+06 1.80882e+06 1.80383e+06 1.79882e+06 1.79676e+06 1.78707e+06 1.78052e+06 1.7741e+06 1.76743e+06 1.76051e+06 1.7539e+06 1.74782e+06 1.74443e+06 1.73842e+06 1.7326e+06 1.72145e+06 1.71565e+06 1.7102e+06 1.70483e+06 1.70228e+06 1.69579e+06 1.6895e+06 1.67648e+06 1.67045e+06 1.6649e+06 1.65977e+06 1.65411e+06 1.65256e+06 1.647e+06 1.63556e+06 1.62993e+06 1.62477e+06 1.61949e+06 1.61749e+06 1.61143e+06 1.60553e+06 1.59215e+06 1.58623e+06 1.58078e+06 1.57555e+06 1.5741e+06 1.56841e+06 1.56198e+06 1.54887e+06 1.5425e+06 1.53669e+06 1.535e+06 1.52838e+06 1.52534e+06 1.51363e+06 1.49941e+06 1.49297e+06 1.4926e+06 1.48097e+06 1.47487e+06 1.46941e+06 1.46441e+06 1.45968e+06 1.45908e+06 1.4542e+06 1.44854e+06 1.43617e+06 1.42998e+06 1.42404e+06 1.41722e+06 1.40952e+06 1.40214e+06 1.39533e+06 1.38896e+06 1.38868e+06 1.38278e+06 1.37684e+06 1.36355e+06 1.35769e+06 1.35218e+06 1.35276e+06 1.34136e+06 1.3362e+06 1.33133e+06 1.32676e+06 1.32682e+06 1.32193e+06 1.31604e+06 1.30356e+06 1.29683e+06 1.29592e+06 1.28896e+06 1.27346e+06 1.26552e+06 1.25824e+06 1.25904e+06 1.24578e+06 1.24097e+06 1.23687e+06 1.23334e+06 1.23566e+06 1.23166e+06 1.23306e+06 1.22294e+06 1.21272e+06 1.21314e+06 1.20825e+06 1.20179e+06 1.18899e+06 1.18244e+06 1.18218e+06 1.17539e+06 1.16069e+06 1.15319e+06 1.14607e+06 1.14606e+06 1.13171e+06 1.12513e+06 1.11906e+06 1.12077e+06 1.10851e+06 1.10351e+06 1.0986e+06 1.09364e+06 1.08822e+06 1.08205e+06 1.07607e+06 1.07008e+06 1.06425e+06 1.05779e+06 1.05166e+06 1.04567e+06 1.04e+06 1.03367e+06 1.02709e+06 1.02035e+06 1.01369e+06 1.0063e+06 997936 989735 981968 974377 969898 965565 961481 957510 954188 950893 947590 944167 946019 936043 931816 927504 929198 917940 912706 907282 908210 901946 886439 878939 879700 872460 866109 852738 853613 854159 841653 835616 822897 815874 809059 802224 803190 789941 784229 778536 779917 774028 760410 754358 756176 750678 745473 733237 727241 721101 715235 717238 704141 698712 693436 695622 691079 687508 678254 672733 665865 659281 653196 647603 641920 636140 638526 633270 629413 619769 615208 610257 605656 601250 603656 591382 586602 589444 592139 580600 576114 563537 557697 552010 555195 550920 547665 538280 533988 529386 525106 528082 524297 520448 510165 505191 499994 495003 498627 495061 486419 483517 479510 475347 471497 474627 471097 467429 457874 452462 447289 442325 445705 442314 438908 429975 426641 423231 419855 415229 410719 406495 409013 399023 395154 391180 387065 382996 379105 382282 379698 371828 368578 364757 361082 357412 353849 350357 347049 349940 340929 337656 334386 331027 327703 324364 321210 318082 320908 317845 309340 306293 303306 300249 297220 293891 290614 287382 290456 288263 286014 278611 275467 272339 269426 267187 264911 262523 259360 256270 253405 256855 254597 247249 244971 242612 240279 237918 235612 233259 230849 228206 225675 228632 226739 224812 222869 220485 213348 210779 208658 206548 204442 202199 199954 197664 195720 193920 192093 189891 187436 185012 187683 185967 184243 182435 180757 179013 177289 171307 169070 166828 164936 163003 161091 159108 157147 155146 153424 151704 149990 148213 146450 144647 143023 141445 139876 138267 136676 135052 133530 132069 130620 129157 127748 126308 124879 123407 121954 120498 119160 117789 116435 115082 113742 112377 111142 109878 108627 107387 106161 104906 103767 102617 101480 100366 99276 98159.2 97062.7 95941.2 94826.4 93718.8 92645.4 91548.9 90488.2 89421.5 88362.8 87301.4 86283 85245.8 84225.9 83187.9 82160.7 81132.7 80178.1 79206.1 78246.2 77254.1 76272.7 75273.2 74328.7 73365.6 72415.3 71562.9 70732.2 72531.4 71628.9 70701 69792.8 69040.6 68331.8 67618 66069 65349.3 64560.9 63753.5 62969.7 62122.1 61280.4 60449.3 59599.1 58730.3 57923.6 57085.4 56254.6 55464.3 56989.4 56220.7 55572.2 54919.4 54298.5 52963.3 52348.1 51630.8 50942.9 50221 49451.5 48724.1 48065.7 47376.1 46675.7 47827 47129.5 45953.5 49468 54756.7 67857.3 184619 303661 428998 482974 521941 553941 573698 582348 591293 594251 599121 604090 608548 610839 613028 615061 617622 620096 622752 624873 626920 628833 629627 629670 629795 630276 631528 632939 634874 636265 637681 639075 640634 642138 643589 644421 643732 643994 644256 645095 645943 646774 646773 646529 647162 646748 647161 647413 647466 647333 647299 647368 646536 646391 646275 646577 647004 647429 647798 646837 646388 646385 647499 648428 649333 650098 650580 650709 651433 652255 653180 654093 654912 655399 655994 656590 657068 657610 658158 658563 658620 658739 658802 658934 659001 659074 658953 658930 658753 658917 659010 659182 659370 659700 660181 660655 661138 661560 662045 662279 662302 662777 662901 663034 663163 663378 663598 663815 663703 662634 662046 661693 661165 660714 660169 659599 659082 658432 657743 657046 656093 655310 654525 653931 653175 652329 651593 650867 650199 649509 648906 648132 647411 646625 645746 644925 643935 643150 641912 640727 639747 638605 637409 636015 634832 633888 632772 631537 630567 629648 629030 628055 627344 626650 626236 625306 624656 623972 623231 622521 621837 621115 620331 619508 618738 618004 617282 616594 615892 615193 614485 613791 613053 612242 611392 610531 609631 608347 607101 605941 604826 603519 602110 600836 599656 599120 597047 595800 594677 594479 592473 591340 590315 590382 589414 587510 586547 586600 585724 584689 582775 582716 582550 580932 579983 578349 577098 575885 574670 574319 571803 570459 569271 569546 568370 566047 564947 565212 564373 563509 562007 560758 559391 558044 557580 554460 552437 550687 551183 550184 549304 547217 545268 542507 539488 536311 535267 535014 535549 535207 537061 533858 528202 505904 459013 402386 334198 276554 254237 231972 222720 222950 222576 225170 225466 228481 231325 235926 238282 240638 240176 243040 246033 248816 253780 255805 257786 257000 259579 262284 264954 269907 272162 271667 273946 276818 279900 282935 288454 290686 293030 293168 295818 298459 301160 306152 308349 310690 310789 313490 316380 319365 322531 325574 328574 332901 333469 335642 338032 340630 343392 346227 351369 353764 354149 356700 359412 362072 364710 367168 369756 372387 376409 376326 378140 380467 383023 385531 387938 390150 392431 396517 398386 398274 400072 402658 405317 407931 410405 412795 415252 419530 421741 424006 424773 427480 430193 432738 434747 436851 439116 441304 443499 445638 449253 451092 452026 453640 455156 456668 458302 459999 461702 463249 464531 465801 468220 469348 470520 471688 472884 473354 474551 475398 476202 476994 477770 478510 479252 479715 479992 480251 480602 481032 481438 481966 481694 481430 481162 480921 480674 480434 479215 478661 478086 477210 476317 475436 474274 473105 471914 470545 469115 467709 465839 463849 461833 460072 458386 456707 454527 452020 449475 447468 446003 444560 442559 439733 436858 434259 432189 430153 428010 425631 423212 420838 418475 416149 413778 411353 
        </DataArray>
        <DataArray type="Float64" Name="Temperature" format="ascii">
893.136 891.796 890.511 889.26 887.999 886.491 884.93 883.403 882.078 880.843 879.6 878.095 876.453 874.85 873.408 872.107 870.794 869.46 868.065 866.7 865.383 864.177 862.962 861.732 860.405 859.108 857.838 856.707 855.57 854.448 853.232 852.038 850.837 849.802 848.758 847.738 846.643 845.565 840.449 839.504 838.534 837.587 836.714 835.869 835.002 834.419 833.188 832.006 830.86 829.79 828.737 827.704 826.64 825.63 824.679 823.89 823.148 822.455 821.67 819.76 818.913 818.114 817.333 816.62 815.445 814.598 813.775 812.886 811.968 811.097 810.38 809.843 809.379 808.864 807.567 806.844 806.039 805.293 804.578 803.92 803.334 802.802 802.307 801.834 801.402 801.031 800.571 800.19 799.846 799.128 798.751 798.409 798.044 797.588 797.151 796.748 796.443 796.368 796.044 795.346 794.909 794.505 794.082 793.657 793.24 792.906 792.732 792.807 792.325 792.248 792.203 792.191 792.293 792.443 792.62 792.841 793.402 793.664 793.376 793.749 794.182 794.659 794.99 795.282 796.054 795.707 795.807 795.932 796.158 796.715 797.349 798.042 799.171 799.961 800.832 801.369 802.973 804.676 806.515 808.461 810.12 811.822 812.981 814.944 817.025 819.052 820.804 822.837 824.615 825.879 827.658 829.441 831.156 832.78 834.246 835.675 836.693 838.134 839.634 841.024 842.356 843.517 844.685 845.605 846.811 848.026 849.463 850.722 852.196 853.585 855.125 856.995 859.164 860.952 863.128 865.287 867.5 869.606 871.873 873.864 875.719 877.324 878.941 880.47 881.881 882.976 884.032 885.014 885.888 886.692 887.477 888.264 889.085 889.883 890.679 891.49 892.345 893.176 894.013 894.826 895.6 896.387 897.227 898.172 899.077 899.906 900.921 902.122 903.334 904.539 905.757 907.087 908.447 909.784 911.143 912.505 913.908 915.255 916.633 917.931 919.209 920.441 921.902 923.481 925.151 926.826 929.537 933.67 938.434 943.597 950.527 963.491 979.251 997.323 1018.15 1048.53 1079.54 1108.16 1135.36 1153.22 1159.75 1164.58 1167.87 1169.5 1169.52 1169.34 1168.95 1168.36 1168.43 1167.62 1166.55 1165.3 1166.94 1162.94 1158.25 1153.03 1147.11 1141.1 1135.7 1131.05 1127 1125.75 1126.28 1127.64 1129.88 1133.22 1143.46 1152.31 1161.8 1166.99 1177.98 1183.66 1189.23 1191.38 1196.58 1203.55 1207.5 1208.02 1210.41 1209.08 1207.53 1201.27 1199.35 1187.07 1182.98 1165.64 1151.13 1130.5 1103.08 1014.52 817.572 634.66 472.486 421.374 375.818 375.824 378.044 381.426 382.51 384.359 381.023 383.83 386.317 388.054 393.165 391.538 394.09 395.94 399.454 400.977 402.815 399.7 402.068 404.48 406.245 407.307 409.553 412.158 414.142 417.481 419.051 421.132 417.874 420.587 423.539 425.762 427.333 432.52 431.992 434.16 438.042 443.709 440.789 442.626 440.877 443.619 445.83 449.668 451.169 452.927 450.439 452.837 455.225 457.062 460.743 462.621 464.651 462.171 464.744 467.166 469.112 473.112 474.879 472.787 474.588 476.953 479.153 480.865 484.444 486.427 488.466 486.71 489.263 491.432 493.231 496.568 498.502 500.381 497.564 499.791 501.945 503.955 506.502 508.793 510.727 516.562 514.494 516.733 519.033 522.33 525.629 528.824 532.776 532.948 532.532 533.383 534.823 541.84 543.558 545.164 546.764 548.447 550.172 551.718 553.187 554.487 555.706 563.37 565.031 551.651 551.418 556.058 558.115 555.688 557.961 560.192 562.309 564.239 566.402 568.368 570.052 574.063 575.841 577.581 574.736 576.844 578.914 580.91 583.072 585.051 586.914 588.856 590.555 591.941 595.982 597.538 594.711 596.522 598.534 600.46 602.508 604.602 606.601 608.496 610.39 612.053 615.463 616.949 618.514 620.08 621.969 619.181 621.127 623.189 625.275 627.287 629.416 631.493 633.532 635.506 637.457 639.295 641.186 643.024 644.732 647.979 649.446 650.892 652.416 654.25 656.114 657.917 655.569 657.201 658.866 660.697 662.549 664.362 666.252 668.098 669.955 671.688 673.429 675.14 676.924 678.681 680.449 682.144 683.849 685.525 687.255 688.966 690.687 692.361 694.049 695.704 697.391 699.052 700.72 702.307 703.821 705.298 706.787 708.243 709.716 711.176 712.787 714.362 715.951 717.472 719.009 720.511 722.206 723.872 725.556 727.182 728.821 730.421 732.167 733.915 735.688 737.303 738.887 740.441 741.999 743.51 745.032 746.633 748.356 750.05 751.704 753.242 754.788 756.404 758.24 760.042 761.837 763.496 765.161 766.848 768.908 770.932 772.981 774.906 776.858 778.774 781.138 783.518 788.995 790.56 792.163 793.726 795.338 796.876 798.414 796.586 798.79 801.022 803.004 804.638 806.265 808.053 810.191 812.305 814.411 816.348 818.307 820.299 822.775 828.22 830.449 832.171 833.907 835.628 834.386 836.552 838.802 840.929 843.067 845.193 847.195 849.043 850.937 852.713 856.968 858.617 856.967 858.629 860.41 862.213 863.404 864.534 865.64 867.237 869.008 870.832 874.563 875.45 876.322 874.417 875.854 877.308 878.891 880.651 882.476 884.294 885.897 890.238 891.819 890.34 891.742 893.145 894.816 896.65 898.544 900.327 901.919 906.197 904.896 906.325 907.809 909.3 911.148 913.132 915.236 916.824 920.013 921.002 919.593 921.162 922.81 924.485 926.5 928.555 933.339 932.67 934.901 937.225 939.544 941.191 942.893 944.594 947.909 949.278 950.651 949.322 951.109 952.943 954.844 958.736 960.149 961.451 960.062 961.374 962.82 964.252 965.409 968.575 970.095 969.287 971.331 973.422 975.491 979.571 981.415 983.018 982.182 983.637 985.178 986.586 989.503 990.611 992.124 991.365 993.305 995.287 999.533 1001.33 1005.28 1004.81 1004.33 1005.88 1009.44 1009.1 1010.69 1012.33 1014.06 1015.6 1018.34 1019.7 1021.1 1020.56 1021.9 1023.24 1024.73 1026.85 1029.11 1031.42 1033.3 1036.08 1037.31 1038.08 1036.87 1037.36 1037.89 1040.39 1039.37 1040.39 1041.49 1042.65 1045.9 1047.18 1048.5 1048.08 1049.46 1052.55 1053.99 1053.28 1054.39 1055.44 1059.15 1058.56 1061.04 1063.49 1065.99 1068.2 1069.08 1071.63 1071.44 1071.13 1074.51 1075.89 1077.11 1076.5 1077.87 1081.13 1082.51 1082.41 1083.94 1085.52 1088.54 1088.67 1090.14 1091.63 1094.36 1094.54 1095.79 1097.03 1098.3 1099.43 1100.38 1101.31 1102.24 1103.13 1104.01 1104.96 1106.03 1107.17 1108.32 1109.49 1110.74 1112.05 1113.34 1114.44 1115.6 1116.79 1118.05 1119.09 1120.21 1121.37 1122.62 1123.77 1124.84 1125.91 1127.03 1129.26 1129.1 1130.16 1131.32 1133.74 1133.7 1134.88 1136.16 1138.75 1139.97 1140.05 1141.27 1143.63 1144.89 1145.91 1146.03 1148.09 1150.07 1150.16 1151.07 1150.98 1151.81 1152.69 1153.66 1155.7 1155.57 1156.58 1157.71 1160.05 1161.1 1161.22 1162.27 1164.27 1165.28 1166.17 1166.28 1167.13 1168.03 1168.97 1170.78 1170.83 1171.66 1172.53 1174.41 1175.33 1176.24 1176.28 1177.27 1178.37 1179.58 1180.85 1181.92 1182.82 1183.68 1185.54 1186.24 1186.99 1187.08 1187.76 1188.47 1189.24 1190.1 1191.6 1191.6 1192.38 1194.15 1195.73 1195.99 1196.82 1196.97 1197.74 1198.56 1200.24 1201.07 1201.82 1202 1202.68 1203.38 1204.12 1205.78 1206.55 1207.35 1207.57 1208.27 1208.95 1209.68 1211.15 1211.85 1211.99 1212.68 1213.27 1213.89 1214.55 1216.01 1216.73 1217.47 1217.69 1218.33 1218.98 1219.64 1220.89 1221.63 1222.38 1222.76 1223.43 1224.17 1224.96 1225.69 1226.37 1227.03 1228.16 1228.44 1229.07 1229.67 1230.16 1230.7 1231.28 1232.31 1232.86 1232.99 1233.61 1234.3 1234.96 1235.58 1236.12 1236.7 1237.31 1238.35 1238.52 1239.08 1239.68 1240.3 1240.9 1241.46 1241.97 1242.51 1243.46 1243.99 1244.15 1244.66 1245.22 1245.76 1246.29 1246.76 1247.21 1247.66 1248.39 1248.86 1249.31 1249.43 1249.91 1250.37 1250.81 1251.19 1251.57 1251.95 1252.36 1252.77 1253.16 1253.81 1254.2 1254.27 1254.64 1255 1255.34 1255.7 1256.07 1256.43 1256.78 1257.09 1257.4 1257.9 1258.22 1258.55 1258.86 1259.19 1259.19 1259.52 1259.8 1260.08 1260.36 1260.64 1260.93 1261.21 1261.46 1261.69 1261.92 1262.16 1262.41 1262.66 1263.06 1263.3 1263.53 1263.76 1263.98 1264.2 1264.41 1264.19 1264.39 1264.59 1264.77 1264.95 1265.12 1265.28 1265.44 1265.59 1265.72 1265.84 1265.96 1266.06 1266.15 1266.24 1266.32 1266.4 1266.47 1266.52 1266.55 1266.58 1266.61 1266.67 1266.72 1266.74 1266.73 1266.72 1266.71 1266.69 1266.67 1266.64 1266.59 1266.53 1266.48 1266.39 1266.3 1266.21 1266.1 1265.98 1265.87 1265.71 1265.56 1265.4 1265.24 1265.07 1264.91 1264.7 1264.49 1264.28 1264.04 1263.8 1263.56 1263.31 1263.07 1262.82 1262.54 1262.22 1261.91 1261.6 1261.31 1261.02 1260.7 1260.34 1259.99 1259.63 1259.31 1258.98 1258.64 1258.24 1257.85 1257.45 1257.1 1256.73 1256.38 1255.97 1255.57 1255.63 1255.23 1254.82 1254.41 1254.02 1253.65 1253.27 1252.59 1252.19 1251.78 1251.39 1251.02 1250.64 1250.23 1249.77 1249.3 1248.84 1248.43 1248 1247.57 1247.06 1247 1246.5 1246 1245.5 1245.02 1243.97 1243.54 1243.13 1242.59 1241.97 1241.36 1240.78 1240.26 1239.72 1239.15 1238.96 1238.32 1237.02 1236.34 1235.66 1234.99 1234.36 1233.76 1233.18 1232.45 1231.66 1230.86 1230.72 1230.01 1229.29 1227.85 1227.1 1226.39 1225.65 1224.79 1223.89 1223.01 1222.23 1222.01 1221.21 1219.66 1218.76 1217.91 1216.98 1216 1214.99 1214.04 1213.19 1212.98 1211.38 1210.35 1209.32 1208.35 1207.29 1206.22 1205.11 1204.09 1203.88 1202.96 1201.15 1200.16 1199.21 1198.33 1197.36 1196.38 1196.01 1194.11 1192.89 1191.68 1190.4 1189.07 1187.78 1186.57 1186.09 1184.88 1183.7 1181.52 1180.39 1179.32 1178.25 1177.8 1176.49 1175.21 1172.61 1171.41 1170.29 1169.26 1168.09 1167.8 1166.65 1164.31 1163.17 1162.12 1161.03 1160.63 1159.36 1158.1 1155.34 1154.11 1152.97 1151.87 1151.56 1150.32 1148.94 1146.18 1144.83 1143.59 1143.23 1141.79 1141.19 1138.58 1135.53 1134.13 1134.05 1131.5 1130.15 1128.94 1127.83 1126.78 1126.64 1125.54 1124.31 1121.54 1120.17 1118.82 1117.28 1115.56 1113.89 1112.34 1110.88 1110.89 1109.51 1108.13 1105.06 1103.7 1102.4 1102.57 1099.85 1098.64 1097.49 1096.39 1096.44 1095.25 1093.84 1090.86 1089.24 1089.02 1087.33 1083.57 1081.63 1079.85 1080.04 1076.76 1075.55 1074.51 1073.62 1074.18 1073.15 1073.51 1070.94 1068.37 1068.47 1067.22 1065.57 1062.31 1060.63 1060.53 1058.79 1054.97 1053.01 1051.16 1051.15 1047.36 1045.61 1043.99 1044.44 1041.16 1039.8 1038.48 1037.13 1035.65 1033.96 1032.32 1030.68 1029.07 1027.27 1025.56 1023.89 1022.3 1020.51 1018.64 1016.73 1014.84 1012.72 1010.29 1007.91 1005.64 1003.43 1002.1 1000.81 999.599 998.42 997.425 996.436 995.445 994.418 994.977 991.957 990.675 989.367 989.885 986.434 984.823 983.154 983.444 981.507 976.642 974.285 974.514 972.225 970.182 965.887 966.155 966.323 962.249 960.263 956.072 953.712 951.421 949.121 949.437 944.918 942.951 940.993 941.468 939.426 934.662 932.542 933.172 931.216 929.353 924.975 922.791 920.546 918.403 919.136 914.296 912.261 910.288 911.112 909.412 908.055 904.545 902.418 899.756 897.212 894.869 892.648 890.38 888.082 889.04 886.953 885.391 881.489 879.624 877.584 875.691 873.883 874.883 869.723 867.715 868.928 870.077 865.168 863.255 857.807 855.236 852.742 854.173 852.297 850.842 846.651 844.7 842.598 840.651 842.032 840.303 838.524 833.771 831.416 828.944 826.584 828.342 826.65 822.492 821.096 819.127 817.079 815.195 816.765 815.019 813.197 808.441 805.658 803.007 800.477 802.266 800.498 798.728 794.066 792.292 790.482 788.696 786.182 783.73 781.449 782.843 777.323 775.171 772.957 770.592 768.267 766.059 767.909 766.413 761.85 759.941 757.681 755.515 753.337 751.16 749.042 747.05 748.817 743.261 741.236 739.174 737.043 734.944 732.807 730.75 728.724 730.587 728.577 722.976 720.961 718.929 716.856 714.813 712.5 710.213 707.971 710.147 708.592 707.007 701.768 699.488 697.228 695.125 693.453 691.764 690.002 687.596 685.255 683.099 685.709 683.967 678.343 676.544 674.668 672.821 670.934 669.067 667.168 665.208 663.006 660.91 663.366 661.776 660.155 658.532 656.506 650.471 648.265 646.379 644.496 642.627 640.598 638.557 636.484 634.695 633.016 631.32 629.246 626.909 624.609 627.098 625.436 623.773 622.035 620.389 618.683 617.001 611.103 608.847 606.585 604.601 602.58 600.587 598.464 596.364 594.227 592.338 590.442 588.559 586.566 584.576 582.546 580.685 578.858 577.045 575.159 573.274 571.352 569.531 567.757 565.998 564.209 562.458 560.67 558.887 557.026 555.191 553.342 551.598 549.814 548.05 546.257 544.485 542.676 540.972 539.23 537.506 535.75 534.012 532.235 530.586 528.917 527.266 525.619 523.999 522.341 520.686 518.983 517.289 515.583 513.915 512.209 510.541 508.848 507.164 505.457 503.794 502.097 500.417 498.687 496.971 495.24 493.598 491.92 490.254 488.51 486.779 485.008 483.308 481.568 479.846 478.253 476.691 479.479 477.81 476.088 474.396 472.97 471.616 470.246 467.31 465.823 464.203 462.527 460.881 459.103 457.328 455.558 453.748 451.891 450.149 448.337 446.535 444.798 447.857 446.171 444.732 443.277 441.885 438.861 437.384 435.67 434.001 432.239 430.364 428.582 426.96 425.259 423.515 426.128 424.374 423.155 441.237 468.236 514.609 744.952 966.634 1186.91 1238.37 1265.55 1289.47 1283.84 1280.98 1279.23 1283.73 1281.65 1280.2 1280.3 1283.15 1285.93 1288.55 1292.07 1290.36 1293.52 1299.75 1300.05 1300.68 1299.34 1297.04 1295.62 1292.95 1285.59 1267.92 1267.13 1261.83 1256.88 1252.47 1258.28 1266.93 1275.76 1280.74 1278.11 1279.41 1281.4 1279.69 1278.83 1278.84 1278.61 1278.11 1274.14 1278.02 1279.63 1280.86 1281.64 1281.81 1281.99 1282.18 1281.18 1281.1 1281.03 1281.19 1281.31 1281.47 1281.65 1280.62 1280.23 1279.99 1280.28 1280.17 1280.05 1279.83 1279.33 1278.25 1278.19 1278.62 1279.12 1279.64 1280.36 1281.66 1282.76 1284.76 1286.76 1289.64 1292.53 1295.49 1300.18 1303.28 1305.63 1306.56 1307.5 1308.08 1306.55 1303.77 1300.23 1297.43 1294.58 1291.6 1288.04 1285.75 1285.1 1285.12 1285.81 1286.79 1287.38 1287.99 1288.38 1288.89 1289.24 1289.59 1289.9 1289.95 1289.72 1289.21 1286.57 1280.92 1274.26 1263.8 1248.15 1235.48 1222.84 1214.29 1204.78 1198.92 1194.06 1190.71 1189.6 1188.35 1187.59 1187.26 1186.84 1186.37 1185.89 1184.74 1183.5 1182.05 1180.83 1178.25 1175.94 1173.54 1170.94 1168.96 1166.02 1164.2 1159.67 1155.15 1152.67 1148.9 1145.05 1139.67 1135.51 1132.79 1128.62 1123.11 1119.02 1114.86 1112.48 1107.25 1103.68 1100.07 1098.07 1093.36 1090.51 1087.61 1084.54 1081.81 1079.54 1077.22 1074.76 1072.27 1069.94 1067.56 1065.05 1062.49 1059.98 1057.55 1055.01 1052.46 1049.97 1047.88 1045.78 1043.72 1041.65 1040.01 1038.38 1036.82 1035.28 1033.96 1032.76 1031.64 1030.56 1030.16 1028.8 1028.08 1027.42 1027.33 1026.41 1026.06 1025.83 1026.18 1026.19 1025.9 1025.93 1026.26 1026.18 1025.76 1024.82 1024.85 1024.84 1023.41 1022.45 1020.67 1019.48 1018.29 1017.05 1016.75 1014.59 1013.47 1012.38 1012.38 1011.4 1009.51 1008.55 1008.54 1007.68 1006.85 1005.26 1004.22 1003.08 1001.93 1001.56 999.155 997.673 996.309 996.334 995.383 994.499 992.557 991.146 989.336 987.351 985.257 984.335 983.858 983.777 983.42 983.67 982.021 981.725 968.248 937.615 899.281 852.016 801.671 779.057 756.215 746.625 745.914 746.15 748.475 749.006 751.684 754.284 758.557 760.55 762.435 762.333 764.751 767.319 769.769 774.081 775.556 777.024 776.704 778.777 781.005 783.279 787.261 788.817 788.998 790.666 792.881 795.357 797.91 802.151 803.595 805.229 806.361 808.216 810.254 812.54 816.414 817.644 819.124 820.974 822.678 824.668 826.877 829.277 831.734 834.338 836.799 837.985 839.41 841.127 843.031 845.145 847.4 850.36 851.721 853.595 855.059 856.678 858.385 860.152 861.757 863.556 865.488 866.592 868.144 869.051 870.287 871.731 873.266 874.781 876.165 877.672 879.084 880.085 881.406 882.347 883.679 885.188 886.813 888.405 889.989 891.681 893.563 894.633 895.845 897.978 899.299 900.736 902.174 903.284 904.555 906.028 907.419 908.873 910.353 911.131 912.015 914.792 915.454 916.094 916.824 917.646 918.524 919.515 920.506 921.392 922.347 923.249 923.72 924.219 924.741 925.252 928.584 929.048 929.284 929.534 929.835 930.14 930.473 930.869 931.097 931.247 931.469 931.817 932.275 932.797 932.131 931.995 931.848 931.683 931.508 931.314 931.112 935.139 934.864 934.567 934.076 933.57 933.065 932.374 931.677 930.966 930.117 929.228 928.362 927.184 925.934 924.682 923.527 922.392 921.281 919.906 918.371 916.831 915.612 914.713 913.844 912.665 911.019 909.361 907.864 906.65 905.471 904.233 902.829 901.415 900.034 898.627 897.253 895.868 894.508 
        </DataArray>
        <DataArray type="Float64" Name="Tau1" format="ascii">
0 0 0 0 0 0 0 0 0 0 0 0 0 0 0 0 0 0 0 0 0 0 0 0 0 0 0 0 0 0 0 0 0 0 0 0 0 0 0 0 0 0 0 0 0 0 0 0 0 0 0 0 0 0 0 0 0 0 0 0 0 0 0 0 0 0 0 0 0 0 0 0 0 0 0 0 0 0 0 0 0 0 0 0 0 0 0 0 0 0 0 0 0 0 0 0 0 0 0 0 0 0 0 0 0 0 0 0 0 0 0 0 0 0 0 0 0 0 0 0 0 0 0 0 0 0 0 0 0 0 0 0 0 0 0 0 0 0 0 0 0 0 0 0 0 0 0 0 0 0 0 0 0 0 0 0 0 0 0 0 0 0 0 0 0 0 0 0 0 0 0 0 0 0 0 0 0 0 0 0 0 0 0 0 0 0 0 0 0 0 0 0 0 0 0 0 0 0 0 0 0 0 0 0 0 0 0 0 0 0 0 0 0 0 0 0 0 0 0 0 0 0 0 0 0 0 0 0 0 0 0 0 0 0 0 0 0 0 0 0 0 0 0 0 0 0 0 0 0 0 0 0 0 0 0 0 0 0 0 0 0 0 0 0 0 0 0 0 0 0 0 0 0 0 0 0 0 0 0 0 0 0 0 0 0 0 0 0 0 0 0 0 0 0 0 0 0 0 0 0 0 0 0 0 0 0 0 0 0 0 0 0 0 0 0 0 0 0 0 0 0 0 0 0 0 0 0 0 0 0 0 0 0 0 0 0 0 0 0 0 0 0 0 0 0 0 0 0 0 0 0 0 0 0 0 0 0 0 0 0 0 0 0 0 0 0 0 0 0 0 0 0 0 0 0 0 0 0 0 0 0 0 0 0 0 0 0 0 0 0 0 0 0 0 0 0 0 0 0 0 0 0 0 0 0 0 0 0 0 0 0 0 0 0 0 0 0 0 0 0 0 0 0 0 0 0 0 0 0 0 0 0 0 0 0 0 0 0 0 0 0 0 0 0 0 0 0 0 0 0 0 0 0 0 0 0 0 0 0 0 0 0 0 0 0 0 0 0 0 0 0 0 0 0 0 0 0 0 0 0 0 0 0 0 0 0 0 0 0 0 0 0 0 0 0 0 0 0 0 0 0 0 0 0 0 0 0 0 0 0 0 0 0 0 0 0 0 0 0 0 0 0 0 0 0 0 0 0 0 0 0 0 0 0 0 0 0 0 0 0 0 0 0 0 0 0 0 0 0 0 0 0 0 0 0 0 0 0 0 0 0 0 0 0 0 0 0 0 0 0 0 0 0 0 0 0 0 0 0 0 0 0 0 0 0 0 0 0 0 0 0 0 0 0 0 0 0 0 0 0 0 0 0 0 0 0 0 0 0 0 0 0 0 0 0 0 0 0 0 0 0 0 0 0 0 0 0 0 0 0 0 0 0 0 0 0 0 0 0 0 0 0 0 0 0 0 0 0 0 0 0 0 0 0 0 0 0 0 0 0 0 0 0 0 0 0 0 0 0 0 0 0 0 0 0 0 0 0 0 0 0 0 0 0 0 0 0 0 0 0 0 0 0 0 0 0 0 0 0 0 0 0 0 0 0 0 0 0 0 0 0 0 0 0 0 0 0 0 0 0 0 0 0 0 0 0 0 0 0 0 0 0 0 0 0 0 0 0 0 0 0 0 0 0 0 0 0 0 0 0 0 0 0 0 0 0 0 0 0 0 0 0 0 0 0 0 0 0 0 0 0 0 0 0 0 0 0 0 0 0 0 0 0 0 0 0 0 0 0 0 0 0 0 0 0 0 0 0 0 0 0 0 0 0 0 0 0 0 0 0 0 0 0 0 0 0 0 0 0 0 0 0 0 0 0 0 0 0 0 0 0 0 0 0 0 0 0 0 0 0 0 0 0 0 0 0 0 0 0 0 0 0 0 0 0 0 0 0 0 0 0 0 0 0 0 0 0 0 0 0 0 0 0 0 0 0 0 0 0 0 0 0 0 0 0 0 0 0 0 0 0 0 0 0 0 0 0 0 0 0 0 0 0 0 0 0 0 0 0 0 0 0 0 0 0 0 0 0 0 0 0 0 0 0 0 0 0 0 0 0 0 0 0 0 0 0 0 0 0 0 0 0 0 0 0 0 0 0 0 0 0 0 0 0 0 0 0 0 0 0 0 0 0 0 0 0 0 0 0 0 0 0 0 0 0 0 0 0 0 0 0 0 0 0 0 0 0 0 0 0 0 0 0 0 0 0 0 0 0 0 0 0 0 0 0 0 0 0 0 0 0 0 0 0 0 0 0 0 0 0 0 0 0 0 0 0 0 0 0 0 0 0 0 0 0 0 0 0 0 0 0 0 0 0 0 0 0 0 0 0 0 0 0 0 0 0 0 0 0 0 0 0 0 0 0 0 0 0 0 0 0 0 0 0 0 0 0 0 0 0 0 0 0 0 0 0 0 0 0 0 0 0 0 0 0 0 0 0 0 0 0 0 0 0 0 0 0 0 0 0 0 0 0 0 0 0 0 0 0 0 0 0 0 0 0 0 0 0 0 0 0 0 0 0 0 0 0 0 0 0 0 0 0 0 0 0 0 0 0 0 0 0 0 0 0 0 0 0 0 0 0 0 0 0 0 0 0 0 0 0 0 0 0 0 0 0 0 0 0 0 0 0 0 0 0 0 0 0 0 0 0 0 0 0 0 0 0 0 0 0 0 0 0 0 0 0 0 0 0 0 0 0 0 0 0 0 0 0 0 0 0 0 0 0 0 0 0 0 0 0 0 0 0 0 0 0 0 0 0 0 0 0 0 0 0 0 0 0 0 0 0 0 0 0 0 0 0 0 0 0 0 0 0 0 0 0 0 0 0 0 0 0 0 0 0 0 0 0 0 0 0 0 0 0 0 0 0 0 0 0 0 0 0 0 0 0 0 0 0 0 0 0 0 0 0 0 0 0 0 0 0 0 0 0 0 0 0 0 0 0 0 0 0 0 0 0 0 0 0 0 0 0 0 0 0 0 0 0 0 0 0 0 0 0 0 0 0 0 0 0 0 0 0 0 0 0 0 0 0 0 0 0 0 0 0 0 0 0 0 0 0 0 0 0 0 0 0 0 0 0 0 0 0 0 0 0 0 0 0 0 0 0 0 0 0 0 0 0 0 0 0 0 0 0 0 0 0 0 0 0 0 0 0 0 0 0 0 0 0 0 0 0 0 0 0 0 0 0 0 0 0 0 0 0 0 0 0 0 0 0 0 0 0 0 0 0 0 0 0 0 0 0 0 0 0 0 0 0 0 0 0 0 0 0 0 0 0 0 0 0 0 0 0 0 0 0 0 0 0 0 0 0 0 0 0 0 0 0 0 0 0 0 0 0 0 0 0 0 0 0 0 0 0 0 0 0 0 0 0 0 0 0 0 0 0 0 0 0 0 0 0 0 0 0 0 0 0 0 0 0 0 0 0 0 0 0 0 0 0 0 0 0 0 0 0 0 0 0 0 0 0 0 0 0 0 0 0 0 0 0 0 0 0 0 0 0 0 0 0 0 0 0 0 0 0 0 0 0 0 0 0 0 0 0 0 0 0 0 0 0 0 0 0 0 0 0 0 0 0 0 0 0 0 0 0 0 0 0 0 0 0 0 0 0 0 0 0 0 0 0 0 0 0 0 0 0 0 0 0 0 0 0 0 0 0 0 0 0 0 0 0 0 0 0 0 0 0 0 0 0 0 0 0 0 0 0 0 0 0 0 0 0 0 0 0 0 0 0 0 0 0 0 0 0 0 0 0 0 0 0 0 0 0 0 0 0 0 0 0 0 0 0 0 0 0 0 0 0 0 0 0 0 0 0 0 0 0 0 0 0 0 0 0 0 0 0 0 0 0 0 0 0 0 0 0 0 0 0 0 0 0 0 0 0 0 0 0 0 0 0 0 0 0 0 0 0 0 0 0 0 0 0 0 0 0 0 0 0 0 0 0 0 0 0 0 0 0 0 0 0 0 0 0 0 0 0 0 0 0 0 0 0 0 0 0 0 0 0 0 0 0 0 0 0 0 0 0 0 0 0 0 0 0 0 0 0 0 0 0 0 0 0 0 0 0 0 0 0 0 0 0 0 0 0 0 0 0 0 0 0 0 0 0 0 0 0 0 0 0 0 0 0 0 0 0 0 0 0 0 0 0 0 0 0 0 0 0 0 0 0 0 0 0 0 0 0 0 0 0 0 0 0 0 0 0 0 0 0 0 0 0 0 0 0 0 0 0 0 0 0 0 0 0 0 0 0 0 0 0 0 0 0 0 0 0 0 0 0 0 0 0 0 0 0 0 0 0 0 0 0 0 0 0 0 0 0 0 0 0 0 0 0 0 0 0 0 0 0 0 0 0 0 0 0 0 0 0 0 0 0 0 0 0 0 0 0 0 0 0 0 0 0 0 0 0 0 0 0 0 0 0 0 0 0 0 0 0 0 0 0 0 0 0 0 0 0 0 0 0 0 0 0 0 0 0 0 0 0 0 0 
        </DataArray>
        <DataArray type="Float64" Name="Tau2" format="ascii">
0 0 0 0 0 0 0 0 0 0 0 0 0 0 0 0 0 0 0 0 0 0 0 0 0 0 0 0 0 0 0 0 0 0 0 0 0 0 0 0 0 0 0 0 0 0 0 0 0 0 0 0 0 0 0 0 0 0 0 0 0 0 0 0 0 0 0 0 0 0 0 0 0 0 0 0 0 0 0 0 0 0 0 0 0 0 0 0 0 0 0 0 0 0 0 0 0 0 0 0 0 0 0 0 0 0 0 0 0 0 0 0 0 0 0 0 0 0 0 0 0 0 0 0 0 0 0 0 0 0 0 0 0 0 0 0 0 0 0 0 0 0 0 0 0 0 0 0 0 0 0 0 0 0 0 0 0 0 0 0 0 0 0 0 0 0 0 0 0 0 0 0 0 0 0 0 0 0 0 0 0 0 0 0 0 0 0 0 0 0 0 0 0 0 0 0 0 0 0 0 0 0 0 0 0 0 0 0 0 0 0 0 0 0 0 0 0 0 0 0 0 0 0 0 0 0 0 0 0 0 0 0 0 0 0 0 0 0 0 0 0 0 0 0 0 0 0 0 0 0 0 0 0 0 0 0 0 0 0 0 0 0 0 0 0 0 0 0 0 0 0 0 0 0 0 0 0 0 0 0 0 0 0 0 0 0 0 0 0 0 0 0 0 0 0 0 0 0 0 0 0 0 0 0 0 0 0 0 0 0 0 0 0 0 0 0 0 0 0 0 0 0 0 0 0 0 0 0 0 0 0 0 0 0 0 0 0 0 0 0 0 0 0 0 0 0 0 0 0 0 0 0 0 0 0 0 0 0 0 0 0 0 0 0 0 0 0 0 0 0 0 0 0 0 0 0 0 0 0 0 0 0 0 0 0 0 0 0 0 0 0 0 0 0 0 0 0 0 0 0 0 0 0 0 0 0 0 0 0 0 0 0 0 0 0 0 0 0 0 0 0 0 0 0 0 0 0 0 0 0 0 0 0 0 0 0 0 0 0 0 0 0 0 0 0 0 0 0 0 0 0 0 0 0 0 0 0 0 0 0 0 0 0 0 0 0 0 0 0 0 0 0 0 0 0 0 0 0 0 0 0 0 0 0 0 0 0 0 0 0 0 0 0 0 0 0 0 0 0 0 0 0 0 0 0 0 0 0 0 0 0 0 0 0 0 0 0 0 0 0 0 0 0 0 0 0 0 0 0 0 0 0 0 0 0 0 0 0 0 0 0 0 0 0 0 0 0 0 0 0 0 0 0 0 0 0 0 0 0 0 0 0 0 0 0 0 0 0 0 0 0 0 0 0 0 0 0 0 0 0 0 0 0 0 0 0 0 0 0 0 0 0 0 0 0 0 0 0 0 0 0 0 0 0 0 0 0 0 0 0 0 0 0 0 0 0 0 0 0 0 0 0 0 0 0 0 0 0 0 0 0 0 0 0 0 0 0 0 0 0 0 0 0 0 0 0 0 0 0 0 0 0 0 0 0 0 0 0 0 0 0 0 0 0 0 0 0 0 0 0 0 0 0 0 0 0 0 0 0 0 0 0 0 0 0 0 0 0 0 0 0 0 0 0 0 0 0 0 0 0 0 0 0 0 0 0 0 0 0 0 0 0 0 0 0 0 0 0 0 0 0 0 0 0 0 0 0 0 0 0 0 0 0 0 0 0 0 0 0 0 0 0 0 0 0 0 0 0 0 0 0 0 0 0 0 0 0 0 0 0 0 0 0 0 0 0 0 0 0 0 0 0 0 0 0 0 0 0 0 0 0 0 0 0 0 0 0 0 0 0 0 0 0 0 0 0 0 0 0 0 0 0 0 0 0 0 0 0 0 0 0 0 0 0 0 0 0 0 0 0 0 0 0 0 0 0 0 0 0 0 0 0 0 0 0 0 0 0 0 0 0 0 0 0 0 0 0 0 0 0 0 0 0 0 0 0 0 0 0 0 0 0 0 0 0 0 0 0 0 0 0 0 0 0 0 0 0 0 0 0 0 0 0 0 0 0 0 0 0 0 0 0 0 0 0 0 0 0 0 0 0 0 0 0 0 0 0 0 0 0 0 0 0 0 0 0 0 0 0 0 0 0 0 0 0 0 0 0 0 0 0 0 0 0 0 0 0 0 0 0 0 0 0 0 0 0 0 0 0 0 0 0 0 0 0 0 0 0 0 0 0 0 0 0 0 0 0 0 0 0 0 0 0 0 0 0 0 0 0 0 0 0 0 0 0 0 0 0 0 0 0 0 0 0 0 0 0 0 0 0 0 0 0 0 0 0 0 0 0 0 0 0 0 0 0 0 0 0 0 0 0 0 0 0 0 0 0 0 0 0 0 0 0 0 0 0 0 0 0 0 0 0 0 0 0 0 0 0 0 0 0 0 0 0 0 0 0 0 0 0 0 0 0 0 0 0 0 0 0 0 0 0 0 0 0 0 0 0 0 0 0 0 0 0 0 0 0 0 0 0 0 0 0 0 0 0 0 0 0 0 0 0 0 0 0 0 0 0 0 0 0 0 0 0 0 0 0 0 0 0 0 0 0 0 0 0 0 0 0 0 0 0 0 0 0 0 0 0 0 0 0 0 0 0 0 0 0 0 0 0 0 0 0 0 0 0 0 0 0 0 0 0 0 0 0 0 0 0 0 0 0 0 0 0 0 0 0 0 0 0 0 0 0 0 0 0 0 0 0 0 0 0 0 0 0 0 0 0 0 0 0 0 0 0 0 0 0 0 0 0 0 0 0 0 0 0 0 0 0 0 0 0 0 0 0 0 0 0 0 0 0 0 0 0 0 0 0 0 0 0 0 0 0 0 0 0 0 0 0 0 0 0 0 0 0 0 0 0 0 0 0 0 0 0 0 0 0 0 0 0 0 0 0 0 0 0 0 0 0 0 0 0 0 0 0 0 0 0 0 0 0 0 0 0 0 0 0 0 0 0 0 0 0 0 0 0 0 0 0 0 0 0 0 0 0 0 0 0 0 0 0 0 0 0 0 0 0 0 0 0 0 0 0 0 0 0 0 0 0 0 0 0 0 0 0 0 0 0 0 0 0 0 0 0 0 0 0 0 0 0 0 0 0 0 0 0 0 0 0 0 0 0 0 0 0 0 0 0 0 0 0 0 0 0 0 0 0 0 0 0 0 0 0 0 0 0 0 0 0 0 0 0 0 0 0 0 0 0 0 0 0 0 0 0 0 0 0 0 0 0 0 0 0 0 0 0 0 0 0 0 0 0 0 0 0 0 0 0 0 0 0 0 0 0 0 0 0 0 0 0 0 0 0 0 0 0 0 0 0 0 0 0 0 0 0 0 0 0 0 0 0 0 0 0 0 0 0 0 0 0 0 0 0 0 0 0 0 0 0 0 0 0 0 0 0 0 0 0 0 0 0 0 0 0 0 0 0 0 0 0 0 0 0 0 0 0 0 0 0 0 0 0 0 0 0 0 0 0 0 0 0 0 0 0 0 0 0 0 0 0 0 0 0 0 0 0 0 0 0 0 0 0 0 0 0 0 0 0 0 0 0 0 0 0 0 0 0 0 0 0 0 0 0 0 0 0 0 0 0 0 0 0 0 0 0 0 0 0 0 0 0 0 0 0 0 0 0 0 0 0 0 0 0 0 0 0 0 0 0 0 0 0 0 0 0 0 0 0 0 0 0 0 0 0 0 0 0 0 0 0 0 0 0 0 0 0 0 0 0 0 0 0 0 0 0 0 0 0 0 0 0 0 0 0 0 0 0 0 0 0 0 0 0 0 0 0 0 0 0 0 0 0 0 0 0 0 0 0 0 0 0 0 0 0 0 0 0 0 0 0 0 0 0 0 0 0 0 0 0 0 0 0 0 0 0 0 0 0 0 0 0 0 0 0 0 0 0 0 0 0 0 0 0 0 0 0 0 0 0 0 0 0 0 0 0 0 0 0 0 0 0 0 0 0 0 0 0 0 0 0 0 0 0 0 0 0 0 0 0 0 0 0 0 0 0 0 0 0 0 0 0 0 0 0 0 0 0 0 0 0 0 0 0 0 0 0 0 0 0 0 0 0 0 0 0 0 0 0 0 0 0 0 0 0 0 0 0 0 0 0 0 0 0 0 0 0 0 0 0 0 0 0 0 0 0 0 0 0 0 0 0 0 0 0 0 0 0 0 0 0 0 0 0 0 0 0 0 0 0 0 0 0 0 0 0 0 0 0 0 0 0 0 0 0 0 0 0 0 0 0 0 0 0 0 0 0 0 0 0 0 0 0 0 0 0 0 0 0 0 0 0 0 0 0 0 0 0 0 0 0 0 0 0 0 0 0 0 0 0 0 0 0 0 0 0 0 0 0 0 0 0 0 0 0 0 0 0 0 0 0 0 0 0 0 0 0 0 0 0 0 0 0 0 0 0 0 0 0 0 0 0 0 0 0 0 0 0 0 0 0 0 0 0 0 0 0 0 0 0 0 0 0 0 0 0 0 0 0 0 0 0 0 0 0 0 0 0 0 0 0 0 0 0 0 0 0 0 0 0 0 
        </DataArray>
        <DataArray type="Float64" Name="dTdn" format="ascii">
0 0 0 0 0 0 0 0 0 0 0 0 0 0 0 0 0 0 0 0 0 0 0 0 0 0 0 0 0 0 0 0 0 0 0 0 0 0 0 0 0 0 0 0 0 0 0 0 0 0 0 0 0 0 0 0 0 0 0 0 0 0 0 0 0 0 0 0 0 0 0 0 0 0 0 0 0 0 0 0 0 0 0 0 0 0 0 0 0 0 0 0 0 0 0 0 0 0 0 0 0 0 0 0 0 0 0 0 0 0 0 0 0 0 0 0 0 0 0 0 0 0 0 0 0 0 0 0 0 0 0 0 0 0 0 0 0 0 0 0 0 0 0 0 0 0 0 0 0 0 0 0 0 0 0 0 0 0 0 0 0 0 0 0 0 0 0 0 0 0 0 0 0 0 0 0 0 0 0 0 0 0 0 0 0 0 0 0 0 0 0 0 0 0 0 0 0 0 0 0 0 0 0 0 0 0 0 0 0 0 0 0 0 0 0 0 0 0 0 0 0 0 0 0 0 0 0 0 0 0 0 0 0 0 0 0 0 0 0 0 0 0 0 0 0 0 0 0 0 0 0 0 0 0 0 0 0 0 0 0 0 0 0 0 0 0 0 0 0 0 0 0 0 0 0 0 0 0 0 0 0 0 0 0 0 0 0 0 0 0 0 0 0 0 0 0 0 0 0 0 0 0 0 0 0 0 0 0 0 0 0 0 0 0 0 0 0 0 0 0 0 0 0 0 0 0 0 0 0 0 0 0 0 0 0 0 0 0 0 0 0 0 0 0 0 0 0 0 0 0 0 0 0 0 0 0 0 0 0 0 0 0 0 0 0 0 0 0 0 0 0 0 0 0 0 0 0 0 0 0 0 0 0 0 0 0 0 0 0 0 0 0 0 0 0 0 0 0 0 0 0 0 0 0 0 0 0 0 0 0 0 0 0 0 0 0 0 0 0 0 0 0 0 0 0 0 0 0 0 0 0 0 0 0 0 0 0 0 0 0 0 0 0 0 0 0 0 0 0 0 0 0 0 0 0 0 0 0 0 0 0 0 0 0 0 0 0 0 0 0 0 0 0 0 0 0 0 0 0 0 0 0 0 0 0 0 0 0 0 0 0 0 0 0 0 0 0 0 0 0 0 0 0 0 0 0 0 0 0 0 0 0 0 0 0 0 0 0 0 0 0 0 0 0 0 0 0 0 0 0 0 0 0 0 0 0 0 0 0 0 0 0 0 0 0 0 0 0 0 0 0 0 0 0 0 0 0 0 0 0 0 0 0 0 0 0 0 0 0 0 0 0 0 0 0 0 0 0 0 0 0 0 0 0 0 0 0 0 0 0 0 0 0 0 0 0 0 0 0 0 0 0 0 0 0 0 0 0 0 0 0 0 0 0 0 0 0 0 0 0 0 0 0 0 0 0 0 0 0 0 0 0 0 0 0 0 0 0 0 0 0 0 0 0 0 0 0 0 0 0 0 0 0 0 0 0 0 0 0 0 0 0 0 0 0 0 0 0 0 0 0 0 0 0 0 0 0 0 0 0 0 0 0 0 0 0 0 0 0 0 0 0 0 0 0 0 0 0 0 0 0 0 0 0 0 0 0 0 0 0 0 0 0 0 0 0 0 0 0 0 0 0 0 0 0 0 0 0 0 0 0 0 0 0 0 0 0 0 0 0 0 0 0 0 0 0 0 0 0 0 0 0 0 0 0 0 0 0 0 0 0 0 0 0 0 0 0 0 0 0 0 0 0 0 0 0 0 0 0 0 0 0 0 0 0 0 0 0 0 0 0 0 0 0 0 0 0 0 0 0 0 0 0 0 0 0 0 0 0 0 0 0 0 0 0 0 0 0 0 0 0 0 0 0 0 0 0 0 0 0 0 0 0 0 0 0 0 0 0 0 0 0 0 0 0 0 0 0 0 0 0 0 0 0 0 0 0 0 0 0 0 0 0 0 0 0 0 0 0 0 0 0 0 0 0 0 0 0 0 0 0 0 0 0 0 0 0 0 0 0 0 0 0 0 0 0 0 0 0 0 0 0 0 0 0 0 0 0 0 0 0 0 0 0 0 0 0 0 0 0 0 0 0 0 0 0 0 0 0 0 0 0 0 0 0 0 0 0 0 0 0 0 0 0 0 0 0 0 0 0 0 0 0 0 0 0 0 0 0 0 0 0 0 0 0 0 0 0 0 0 0 0 0 0 0 0 0 0 0 0 0 0 0 0 0 0 0 0 0 0 0 0 0 0 0 0 0 0 0 0 0 0 0 0 0 0 0 0 0 0 0 0 0 0 0 0 0 0 0 0 0 0 0 0 0 0 0 0 0 0 0 0 0 0 0 0 0 0 0 0 0 0 0 0 0 0 0 0 0 0 0 0 0 0 0 0 0 0 0 0 0 0 0 0 0 0 0 0 0 0 0 0 0 0 0 0 0 0 0 0 0 0 0 0 0 0 0 0 0 0 0 0 0 0 0 0 0 0 0 0 0 0 0 0 0 0 0 0 0 0 0 0 0 0 0 0 0 0 0 0 0 0 0 0 0 0 0 0 0 0 0 0 0 0 0 0 0 0 0 0 0 0 0 0 0 0 0 0 0 0 0 0 0 0 0 0 0 0 0 0 0 0 0 0 0 0 0 0 0 0 0 0 0 0 0 0 0 0 0 0 0 0 0 0 0 0 0 0 0 0 0 0 0 0 0 0 0 0 0 0 0 0 0 0 0 0 0 0 0 0 0 0 0 0 0 0 0 0 0 0 0 0 0 0 0 0 0 0 0 0 0 0 0 0 0 0 0 0 0 0 0 0 0 0 0 0 0 0 0 0 0 0 0 0 0 0 0 0 0 0 0 0 0 0 0 0 0 0 0 0 0 0 0 0 0 0 0 0 0 0 0 0 0 0 0 0 0 0 0 0 0 0 0 0 0 0 0 0 0 0 0 0 0 0 0 0 0 0 0 0 0 0 0 0 0 0 0 0 0 0 0 0 0 0 0 0 0 0 0 0 0 0 0 0 0 0 0 0 0 0 0 0 0 0 0 0 0 0 0 0 0 0 0 0 0 0 0 0 0 0 0 0 0 0 0 0 0 0 0 0 0 0 0 0 0 0 0 0 0 0 0 0 0 0 0 0 0 0 0 0 0 0 0 0 0 0 0 0 0 0 0 0 0 0 0 0 0 0 0 0 0 0 0 0 0 0 0 0 0 0 0 0 0 0 0 0 0 0 0 0 0 0 0 0 0 0 0 0 0 0 0 0 0 0 0 0 0 0 0 0 0 0 0 0 0 0 0 0 0 0 0 0 0 0 0 0 0 0 0 0 0 0 0 0 0 0 0 0 0 0 0 0 0 0 0 0 0 0 0 0 0 0 0 0 0 0 0 0 0 0 0 0 0 0 0 0 0 0 0 0 0 0 0 0 0 0 0 0 0 0 0 0 0 0 0 0 0 0 0 0 0 0 0 0 0 0 0 0 0 0 0 0 0 0 0 0 0 0 0 0 0 0 0 0 0 0 0 0 0 0 0 0 0 0 0 0 0 0 0 0 0 0 0 0 0 0 0 0 0 0 0 0 0 0 0 0 0 0 0 0 0 0 0 0 0 0 0 0 0 0 0 0 0 0 0 0 0 0 0 0 0 0 0 0 0 0 0 0 0 0 0 0 0 0 0 0 0 0 0 0 0 0 0 0 0 0 0 0 0 0 0 0 0 0 0 0 0 0 0 0 0 0 0 0 0 0 0 0 0 0 0 0 0 0 0 0 0 0 0 0 0 0 0 0 0 0 0 0 0 0 0 0 0 0 0 0 0 0 0 0 0 0 0 0 0 0 0 0 0 0 0 0 0 0 0 0 0 0 0 0 0 0 0 0 0 0 0 0 0 0 0 0 0 0 0 0 0 0 0 0 0 0 0 0 0 0 0 0 0 0 0 0 0 0 0 0 0 0 0 0 0 0 0 0 0 0 0 0 0 0 0 0 0 0 0 0 0 0 0 0 0 0 0 0 0 0 0 0 0 0 0 0 0 0 0 0 0 0 0 0 0 0 0 0 0 0 0 0 0 0 0 0 0 0 0 0 0 0 0 0 0 0 0 0 0 0 0 0 0 0 0 0 0 0 0 0 0 0 0 0 0 0 0 0 0 0 0 0 0 0 0 0 0 0 0 0 0 0 0 0 0 0 0 0 0 0 0 0 0 0 0 0 0 0 0 0 0 0 0 0 0 0 0 0 0 0 0 0 0 0 0 0 0 0 0 0 0 0 0 0 0 0 0 0 0 0 0 0 0 0 0 0 0 0 0 0 0 0 0 0 0 0 0 0 0 0 0 0 0 0 0 0 0 0 0 0 0 0 0 0 0 0 0 0 0 0 0 0 0 0 0 0 0 0 0 0 0 0 0 0 0 0 0 0 0 0 0 0 0 0 0 0 0 0 0 0 0 0 0 0 0 0 0 0 0 0 0 0 0 0 0 0 0 0 0 0 0 0 0 0 0 0 0 0 0 0 0 0 0 0 
        </DataArray>
        <DataArray type="Int32" Name="Rank" format="ascii">
7 7 7 7 7 7 7 7 7 7 7 7 7 7 7 7 7 7 7 7 7 7 7 7 7 8 8 8 8 8 8 8 8 8 8 8 8 8 8 8 8 8 8 8 8 8 8 8 8 8 8 8 8 8 8 8 8 8 8 8 8 8 8 8 8 8 8 8 8 8 8 8 8 8 8 8 8 8 8 8 8 8 8 8 8 8 8 8 8 8 8 8 8 8 8 8 8 8 8 8 8 8 8 8 8 8 8 8 8 8 8 8 8 8 8 8 8 8 8 8 8 8 8 8 8 8 8 8 8 8 8 8 8 8 8 8 8 8 8 8 8 8 8 8 8 8 8 8 8 8 8 8 8 8 8 8 8 8 8 8 8 8 8 8 8 8 8 8 8 8 8 8 8 8 8 8 8 8 8 8 8 8 8 8 8 8 8 8 8 8 8 8 8 8 8 8 8 8 8 8 8 8 8 8 8 8 8 8 8 8 8 8 8 8 8 3 3 3 3 3 3 3 3 3 3 3 3 3 3 3 3 3 3 3 3 3 3 3 3 3 3 3 3 3 3 3 3 3 9 9 9 9 8 8 8 8 8 8 8 8 8 8 8 8 8 8 8 8 8 8 8 8 8 8 8 8 8 8 8 8 8 8 8 8 8 8 8 8 8 8 8 8 8 8 8 8 8 8 8 8 8 8 8 8 8 8 8 8 8 8 8 8 8 8 8 8 8 8 8 8 8 8 8 8 8 8 8 8 8 8 8 8 8 8 8 8 8 8 8 8 8 8 8 8 8 8 8 8 8 8 8 8 8 8 8 8 8 8 8 8 8 8 8 8 8 8 8 8 8 8 8 8 8 8 8 8 8 8 8 8 8 8 8 8 8 8 8 9 9 9 9 9 9 9 9 9 9 9 9 8 8 8 8 8 8 8 8 8 8 8 8 8 8 8 8 8 8 8 8 8 8 8 8 8 8 8 8 8 8 8 8 8 8 8 8 8 8 8 8 8 8 8 8 8 8 8 8 8 8 8 8 8 8 8 8 8 8 8 8 8 8 8 8 8 8 8 8 8 8 8 8 8 8 8 8 2 2 2 2 2 2 2 2 2 2 2 2 2 2 2 2 2 2 2 2 2 2 2 2 2 2 2 2 2 2 2 2 2 2 2 2 2 2 2 2 2 2 2 2 2 2 2 2 2 2 2 2 2 2 2 2 2 2 2 2 2 2 2 2 2 2 2 2 2 2 2 2 2 2 2 2 2 2 2 2 2 2 2 2 2 2 2 2 2 2 2 2 2 2 2 2 2 2 2 2 2 2 2 2 2 2 2 2 2 2 2 2 2 2 2 2 2 2 2 2 2 2 2 2 2 2 2 2 2 2 2 2 2 2 2 2 2 2 2 2 2 2 2 2 2 2 2 2 2 2 2 2 2 2 2 2 2 2 2 2 2 2 2 2 2 2 2 2 2 2 2 2 2 2 2 2 2 2 2 2 2 2 2 2 2 2 2 2 2 2 2 2 2 2 2 2 2 2 2 2 2 2 2 2 2 2 2 2 2 2 2 2 2 2 2 2 2 2 2 2 2 2 2 2 2 2 2 2 2 2 2 2 2 2 2 2 2 2 2 2 2 2 2 2 2 2 2 2 2 2 2 2 2 2 2 2 2 2 2 2 2 2 2 2 2 2 2 2 2 2 2 2 2 2 2 2 2 2 2 2 2 2 2 2 2 2 2 2 2 2 2 2 2 2 2 2 2 2 2 2 2 2 2 2 2 2 2 2 2 2 4 4 4 4 4 4 4 4 4 4 4 4 4 4 4 4 4 4 4 4 4 4 4 4 4 4 4 4 4 4 4 4 4 4 4 4 4 4 4 4 4 4 4 4 4 4 4 4 4 4 4 4 4 4 4 4 4 4 4 4 4 4 4 4 4 4 4 4 4 4 4 4 4 4 4 4 4 4 4 4 4 4 4 4 4 4 4 4 4 4 4 4 4 4 4 4 4 4 4 4 4 4 4 4 4 4 4 4 4 4 4 4 4 4 4 4 4 4 4 4 4 4 4 4 4 4 4 4 4 4 4 4 4 4 4 4 4 4 4 4 4 4 4 4 4 4 4 4 4 4 4 4 4 4 4 4 4 4 4 4 4 4 4 4 4 4 4 4 4 4 4 4 4 4 4 4 4 4 4 4 4 4 4 4 4 4 4 4 4 4 5 5 5 5 5 5 5 5 5 5 5 5 5 5 5 5 5 5 5 5 5 5 5 5 5 5 5 5 5 5 5 5 5 5 5 5 5 5 5 5 5 5 5 5 5 5 5 5 5 5 5 5 5 5 5 5 5 5 5 5 5 5 5 5 5 5 5 5 5 5 5 5 5 5 5 5 5 5 5 5 5 5 5 5 5 5 5 5 5 5 5 5 5 5 5 5 5 5 5 5 5 5 5 5 5 5 5 5 5 5 5 5 5 5 5 5 5 5 5 5 5 5 5 5 5 5 5 5 5 5 5 5 5 5 5 5 5 5 5 5 5 5 5 5 5 5 5 5 5 5 5 5 5 5 5 5 5 5 5 5 5 5 5 5 5 5 5 5 5 5 5 5 5 5 5 5 5 5 5 5 5 5 5 5 5 5 5 5 5 5 5 5 5 5 5 5 5 5 5 5 5 5 5 5 5 5 5 5 5 5 5 5 5 5 5 5 5 5 5 5 5 5 5 5 5 5 5 5 5 5 5 5 5 5 5 5 5 5 5 5 5 5 5 5 5 5 5 5 5 5 5 5 5 5 5 5 5 5 5 5 5 5 5 5 5 5 5 5 5 5 5 5 5 5 5 5 5 5 5 5 5 5 5 5 5 5 5 5 5 5 5 5 5 5 5 5 5 5 5 5 5 5 5 5 5 5 5 5 5 5 5 5 5 5 5 5 5 5 5 5 5 5 5 5 5 5 5 5 5 5 5 5 5 5 5 5 5 5 5 5 5 5 5 5 5 5 5 5 5 5 5 5 5 5 5 5 5 5 5 5 5 5 5 5 5 5 5 5 5 5 5 5 5 5 5 5 5 5 5 5 5 5 5 5 5 5 5 5 5 5 5 5 5 5 5 5 5 5 5 5 5 5 5 5 5 5 5 5 5 5 5 5 5 5 5 5 5 5 5 5 5 5 5 5 5 5 5 5 5 5 5 5 5 5 5 5 5 5 5 5 5 5 5 5 5 5 5 5 5 5 5 5 5 5 5 5 5 5 5 5 5 5 5 5 5 5 5 5 5 5 5 5 5 5 5 5 5 5 5 5 5 5 5 5 5 5 5 5 5 5 5 5 5 5 5 5 5 5 5 5 5 5 5 5 5 5 5 5 5 5 5 5 5 5 5 5 5 5 5 5 5 5 5 5 5 5 5 5 5 5 5 5 5 5 5 5 5 5 5 5 5 5 5 5 5 5 5 5 5 5 7 7 7 7 7 7 7 7 7 7 7 7 7 7 7 7 7 7 7 7 7 7 7 7 7 7 7 7 7 7 7 7 7 7 7 7 7 7 7 7 7 7 7 7 7 7 7 7 7 7 7 7 7 7 7 7 7 7 7 7 7 7 7 7 7 7 7 7 7 7 7 7 7 7 7 7 7 7 7 7 7 7 7 7 7 7 7 7 7 7 7 7 7 7 7 7 7 7 7 7 7 7 7 7 7 7 7 7 7 7 7 7 7 7 7 7 7 7 7 7 7 7 7 7 7 7 7 7 7 7 7 7 7 7 7 7 7 7 7 7 7 7 7 7 7 7 7 7 7 7 7 7 7 7 7 7 7 7 7 7 7 7 7 7 7 7 7 7 7 7 7 7 7 7 7 7 7 7 7 7 7 7 7 7 7 7 7 7 7 7 7 7 7 7 7 7 7 7 7 7 7 7 7 7 7 7 7 7 7 7 7 7 7 7 7 7 7 7 7 7 7 7 7 7 7 7 7 7 7 7 7 7 7 7 7 7 7 7 7 7 7 7 7 7 7 7 7 7 7 7 7 7 7 7 7 7 7 7 7 7 7 7 7 7 7 7 7 7 7 7 7 7 7 7 7 7 7 7 7 7 7 7 7 7 7 7 7 7 7 7 7 7 7 7 7 7 7 7 7 7 7 7 7 7 7 7 7 7 7 7 7 7 7 7 7 7 7 7 7 7 7 7 7 7 7 7 7 7 7 7 7 7 7 7 7 7 7 7 7 7 7 7 7 7 7 7 7 7 7 7 7 7 7 7 7 7 7 7 7 7 7 7 7 7 7 7 7 7 7 7 7 7 7 7 7 7 7 7 7 7 7 7 7 7 7 7 7 7 7 7 7 7 7 7 7 7 7 7 7 7 7 7 7 7 7 7 7 7 7 7 7 7 7 7 7 7 7 7 7 7 7 7 7 7 7 7 7 7 7 7 7 7 7 7 7 7 7 7 7 7 7 7 7 7 7 7 7 7 7 7 7 7 7 7 7 7 7 7 7 7 7 7 7 7 7 7 7 7 7 7 7 7 7 7 7 
        </DataArray>
        <DataArray type="Int32" Name="Level" format="ascii">
4 4 4 4 4 4 4 4 4 4 4 4 4 4 4 4 4 4 4 4 4 4 4 4 4 4 4 4 4 4 4 4 4 4 4 4 4 4 4 4 4 4 4 4 4 4 4 4 4 4 4 4 4 4 4 4 4 4 4 4 4 4 4 4 4 4 4 4 4 4 4 4 4 4 4 4 4 4 4 4 4 4 4 4 4 4 4 4 4 4 4 4 4 4 4 4 4 4 4 4 4 4 4 4 4 4 4 4 4 4 4 4 4 4 4 4 4 4 4 4 4 4 4 4 4 4 4 4 4 4 4 4 4 4 4 4 4 4 4 4 4 4 4 4 4 4 4 4 4 4 4 4 4 4 4 4 4 4 4 4 4 4 4 4 4 4 4 4 4 4 4 4 4 4 4 4 4 4 4 4 4 4 4 4 4 4 4 4 4 4 4 4 4 4 4 4 4 4 4 4 4 4 4 4 4 4 4 4 4 4 4 4 4 4 4 4 4 4 4 4 4 4 4 4 4 4 4 4 4 4 4 4 4 4 4 4 4 4 4 4 4 4 4 4 4 4 4 4 3 3 3 3 4 4 4 4 4 4 4 4 4 4 4 4 4 4 4 4 4 4 4 4 4 4 4 4 4 4 4 4 4 4 4 4 4 4 4 4 4 4 4 4 4 4 4 4 4 4 4 4 4 4 4 4 4 4 4 4 4 4 4 4 4 4 4 4 4 4 4 4 4 4 4 4 4 4 4 4 4 4 4 4 4 4 4 4 4 4 4 4 4 4 4 4 4 4 4 4 4 4 4 4 4 4 4 4 4 4 4 4 4 4 4 4 4 4 4 4 4 4 4 4 4 4 4 4 4 4 4 4 4 4 4 4 4 4 4 3 3 3 3 3 3 3 3 3 3 3 3 4 4 4 4 4 4 4 4 4 4 4 4 4 4 4 4 4 4 4 4 4 4 4 4 4 4 4 4 4 4 4 4 4 4 4 4 4 4 4 4 4 4 4 4 4 4 4 4 4 4 4 4 4 4 4 4 4 4 4 4 4 4 4 4 4 4 4 4 4 4 4 4 4 4 4 4 4 4 4 4 4 4 4 4 4 4 4 4 4 4 4 4 4 4 4 4 4 4 4 4 4 4 4 4 4 4 4 4 4 4 4 4 4 4 4 4 4 4 4 4 4 4 4 4 4 4 4 4 4 4 4 4 4 4 4 4 4 4 4 4 4 4 4 4 4 4 4 4 4 4 4 4 4 4 4 4 4 4 4 4 4 4 4 4 4 4 4 4 4 4 4 4 4 4 4 4 4 4 4 4 4 4 4 4 4 4 4 4 4 4 4 4 4 4 4 4 4 4 4 4 4 4 4 4 4 4 4 4 4 4 4 4 4 4 4 4 4 4 4 4 4 4 4 4 4 4 4 4 4 4 4 4 4 4 4 4 4 4 4 4 4 4 4 4 4 4 4 4 4 4 4 4 4 4 4 4 4 4 4 4 4 4 4 4 4 4 4 4 4 4 4 4 4 4 4 4 4 4 4 4 4 4 4 4 4 4 4 4 4 4 4 4 4 4 4 4 4 4 4 4 4 4 4 4 4 4 4 4 4 4 4 4 4 4 4 4 4 4 4 4 4 4 4 4 4 4 4 4 4 4 4 4 4 4 4 4 4 4 4 4 4 4 4 4 4 4 4 4 4 4 4 4 4 4 4 4 4 4 4 4 4 4 4 4 4 4 4 4 4 4 4 4 4 4 4 4 4 4 4 4 4 4 4 4 4 4 4 4 4 4 4 4 4 4 4 4 4 4 4 4 4 4 4 4 4 4 4 4 4 4 4 4 4 4 4 4 4 4 4 4 4 4 4 4 4 4 4 4 4 4 4 4 4 4 4 4 4 4 4 4 4 4 4 4 4 4 4 4 4 4 4 4 4 4 4 4 4 4 4 4 4 4 4 4 4 4 4 4 4 4 4 4 4 4 4 4 4 4 4 4 4 4 4 4 4 4 4 4 4 4 4 4 4 4 4 4 4 4 4 4 4 4 4 4 4 4 4 4 4 4 4 4 4 4 4 4 4 4 4 4 4 4 4 4 4 4 4 4 4 4 4 4 4 4 4 4 4 4 4 4 4 4 4 4 4 4 4 4 4 4 4 4 4 4 4 4 4 4 4 4 4 4 4 4 4 4 4 4 4 4 4 4 4 4 4 4 4 4 4 4 4 4 4 4 4 4 4 4 4 4 4 4 4 4 4 4 4 4 4 4 4 4 4 4 4 4 4 4 4 4 4 4 4 4 4 4 4 4 4 4 4 4 4 4 4 4 4 4 4 4 4 4 4 4 4 4 4 4 4 4 4 4 4 4 4 4 4 4 4 4 4 4 4 4 4 4 4 4 4 4 4 4 4 4 4 4 4 4 4 4 4 4 4 4 4 4 4 4 4 4 4 4 4 4 4 4 4 4 4 4 4 4 4 4 4 4 4 4 4 4 4 4 4 4 4 4 4 4 4 4 4 4 4 4 4 4 4 4 4 4 4 4 4 4 4 4 4 4 4 4 4 4 4 4 4 4 4 4 4 4 4 4 4 4 4 4 4 4 4 4 4 4 4 4 4 4 4 4 4 4 4 4 4 4 4 4 4 4 4 4 4 4 4 4 4 4 4 4 4 4 4 4 4 4 4 4 4 4 4 4 4 4 4 4 4 4 4 4 4 4 4 4 4 4 4 4 4 4 4 4 4 4 4 4 4 4 4 4 4 4 4 4 4 4 4 4 4 4 4 4 4 4 4 4 4 4 4 4 4 4 4 4 4 4 4 4 4 4 4 4 4 4 4 4 4 4 4 4 4 4 4 4 4 4 4 4 4 4 4 4 4 4 4 4 4 4 4 4 4 4 4 4 4 4 4 4 4 4 4 4 4 4 4 4 4 4 4 4 4 4 4 4 4 4 4 4 4 4 4 4 4 4 4 4 4 4 4 4 4 4 4 4 4 4 4 4 4 4 4 4 4 4 4 4 4 4 4 4 4 4 4 4 4 4 4 4 4 4 4 4 4 4 4 4 4 4 4 4 4 4 4 4 4 4 4 4 4 4 4 4 4 4 4 4 4 4 4 4 4 4 4 4 4 4 4 4 4 4 4 4 4 4 4 4 4 4 4 4 4 4 4 4 4 4 4 4 4 4 4 4 4 4 4 4 4 4 4 4 4 4 4 4 4 4 4 4 4 4 4 4 4 4 4 4 4 4 4 4 4 4 4 4 4 4 4 4 4 4 4 4 4 4 4 4 4 4 4 4 4 4 4 4 4 4 4 4 4 4 4 4 4 4 4 4 4 4 4 4 4 4 4 4 4 4 4 4 4 4 4 4 4 4 4 4 4 4 4 4 4 4 4 4 4 4 4 4 4 4 4 4 4 4 4 4 4 4 4 4 4 4 4 4 4 4 4 4 4 4 4 4 4 4 4 4 4 4 4 4 4 4 4 4 4 4 4 4 4 4 4 4 4 4 4 4 4 4 4 4 4 4 4 4 4 4 4 4 4 4 4 4 4 4 4 4 4 4 4 4 4 4 4 4 4 4 4 4 4 4 4 4 4 4 4 4 4 4 4 4 4 4 4 4 4 4 4 4 4 4 4 4 4 4 4 4 4 4 4 4 4 4 4 4 4 4 4 4 4 4 4 4 4 4 4 4 4 4 4 4 4 4 4 4 4 4 4 4 4 4 4 4 4 4 4 4 4 4 4 4 4 4 4 4 4 4 4 4 4 4 4 4 4 4 4 4 4 4 4 4 4 4 4 4 4 4 4 4 4 4 4 4 4 4 4 4 4 4 4 4 4 4 4 4 4 4 4 4 4 4 4 4 4 4 4 4 4 4 4 4 4 4 4 4 4 4 4 4 4 4 4 4 4 4 4 4 4 4 4 4 4 4 4 4 4 4 4 4 4 4 4 4 4 4 4 4 4 4 4 4 4 4 4 4 4 4 4 4 4 4 4 4 4 4 4 4 4 4 4 4 4 4 4 4 4 4 4 4 4 4 4 4 4 4 4 4 4 4 4 4 4 4 4 4 4 4 4 4 4 4 4 4 4 4 4 4 4 4 4 4 4 4 4 4 4 4 4 4 4 4 4 4 4 4 4 4 4 4 4 4 4 4 4 4 4 4 4 4 4 4 4 4 4 4 4 4 4 4 4 4 4 4 4 4 4 4 4 4 4 4 4 4 4 4 4 4 4 4 4 4 4 4 4 4 4 4 4 4 4 4 4 4 4 4 4 4 4 4 4 4 4 4 4 4 4 4 4 4 4 4 4 4 4 4 4 4 4 4 4 4 4 4 4 4 4 4 4 4 4 4 4 4 4 4 4 4 4 4 4 4 4 4 4 4 4 4 4 4 4 4 4 4 4 4 4 4 4 4 4 4 4 4 4 4 4 4 4 4 4 4 4 4 4 4 4 4 4 4 4 4 4 4 4 4 4 4 4 4 4 4 4 4 4 4 4 4 4 4 4 4 4 4 4 
        </DataArray>
        <DataArray type="Int32" Name="N_Interp_IP0" format="ascii">
4 4 4 4 4 4 4 4 4 4 4 4 4 4 4 4 4 4 4 4 4 4 4 4 4 4 4 4 4 4 4 4 4 4 4 4 4 4 4 4 4 4 4 4 4 4 4 4 4 4 4 4 4 4 4 4 4 4 4 4 4 4 4 4 4 4 4 4 4 4 4 4 4 4 4 4 4 4 4 4 4 4 4 4 4 4 4 4 4 4 4 4 4 4 4 4 4 4 4 4 4 4 4 4 4 4 4 4 4 4 4 4 4 4 4 4 4 4 4 4 4 4 4 4 4 4 4 4 4 4 4 4 4 4 4 4 4 4 4 4 4 4 4 4 4 4 4 4 4 4 4 4 4 4 4 4 4 4 4 4 4 4 4 4 4 4 4 4 4 4 4 4 4 4 4 4 4 4 4 4 4 4 4 4 4 4 4 4 4 4 4 4 4 4 4 4 4 4 4 4 4 4 4 4 4 4 4 4 4 4 4 4 4 4 4 4 4 4 4 4 4 4 4 4 4 4 4 4 4 4 4 4 4 4 4 4 4 4 4 4 4 4 4 4 4 4 4 4 4 4 4 4 4 4 4 4 4 4 4 4 4 4 4 4 4 4 4 4 4 4 4 4 4 4 4 4 4 4 4 4 4 4 4 4 4 4 4 4 4 4 4 4 4 4 4 4 4 4 4 4 4 4 4 4 4 4 4 4 4 4 4 4 4 4 4 4 4 4 4 4 4 4 4 4 4 4 4 4 4 4 4 4 4 4 4 4 4 4 4 4 4 4 4 4 4 4 4 4 4 4 4 4 4 4 4 4 4 4 4 4 4 4 4 4 4 4 4 4 4 4 4 4 4 4 4 4 4 4 4 4 4 4 4 4 4 4 4 4 4 4 4 4 4 4 4 4 4 4 4 4 4 4 4 4 4 4 4 4 4 4 4 4 4 4 4 4 4 4 4 4 4 4 4 4 4 4 4 4 4 4 4 4 4 4 4 4 4 4 4 4 4 4 4 4 4 4 4 4 4 4 4 4 4 4 4 4 4 4 4 4 4 4 4 4 4 4 4 4 4 4 4 4 4 4 4 4 4 4 4 4 4 4 4 4 4 4 4 4 4 4 4 4 4 4 4 4 4 4 4 4 4 4 4 4 4 4 4 4 4 4 4 4 4 4 4 4 4 4 4 4 4 4 4 4 4 4 4 4 4 4 4 4 4 4 4 4 4 4 4 4 4 4 4 4 4 4 4 4 4 4 4 4 4 4 4 4 4 4 4 4 4 4 4 4 4 4 4 4 4 4 4 4 4 4 4 4 4 4 4 4 4 4 4 4 4 4 4 4 4 4 4 4 4 4 4 4 4 4 4 4 4 4 4 4 4 4 4 4 4 4 4 4 4 4 4 4 4 4 4 4 4 4 4 4 4 4 4 4 4 4 4 4 4 4 4 4 4 4 4 4 4 4 4 4 4 4 4 4 4 4 4 4 4 4 4 4 4 4 4 4 4 4 4 4 4 4 4 4 4 4 4 4 4 4 4 4 4 4 4 4 4 4 4 4 4 4 4 4 4 4 4 4 4 4 4 4 4 4 4 4 4 4 4 4 4 4 4 4 4 4 4 4 4 4 4 4 4 4 4 4 4 4 4 4 4 4 4 4 4 4 4 4 4 4 4 4 4 4 4 4 4 4 4 4 4 4 4 4 4 4 4 4 4 4 4 4 4 4 4 4 4 4 4 4 4 4 4 4 4 4 4 4 4 4 4 4 4 4 4 4 4 4 4 4 4 4 4 4 4 4 4 4 4 4 4 4 4 4 4 4 4 4 4 4 4 4 4 4 4 4 4 4 4 4 4 4 4 4 4 4 4 4 4 4 4 4 4 4 4 4 4 4 4 4 4 4 4 4 4 4 4 4 4 4 4 4 4 4 4 4 4 4 4 4 4 4 4 4 4 4 4 4 4 4 4 4 4 4 4 4 4 4 4 4 4 4 4 4 4 4 4 4 4 4 4 4 4 4 4 4 4 4 4 4 4 4 4 4 4 4 4 4 4 4 4 4 4 4 4 4 4 4 4 4 4 4 4 4 4 4 4 4 4 4 4 4 4 4 4 4 4 4 4 4 4 4 4 4 4 4 4 4 4 4 4 4 4 4 4 4 4 4 4 4 4 4 4 4 4 4 4 4 4 4 4 4 4 4 4 4 4 4 4 4 4 4 4 4 4 4 4 4 4 4 4 4 4 4 4 4 4 4 4 4 4 4 4 4 4 4 4 4 4 4 4 4 4 4 4 4 4 4 4 4 4 4 4 4 4 4 4 4 4 4 4 4 4 4 4 4 4 4 4 4 4 4 4 4 4 4 4 4 4 4 4 4 4 4 4 4 4 4 4 4 4 4 4 4 4 4 4 4 4 4 4 4 4 4 4 4 4 4 4 4 4 4 4 4 4 4 4 4 4 4 4 4 4 4 4 4 4 4 4 4 4 4 4 4 4 4 4 4 4 4 4 4 4 4 4 4 4 4 4 4 4 4 4 4 4 4 4 4 4 4 4 4 4 4 4 4 4 4 4 4 4 4 4 4 4 4 4 4 4 4 4 4 4 4 4 4 4 4 4 4 4 4 4 4 4 4 4 4 4 4 4 4 4 4 4 4 4 4 4 4 4 4 4 4 4 4 4 4 4 4 4 4 4 4 4 4 4 4 4 4 4 4 4 4 4 4 4 4 4 4 4 4 4 4 4 4 4 4 4 4 4 4 4 4 4 4 4 4 4 4 4 4 4 4 4 4 4 4 4 4 4 4 4 4 4 4 4 4 4 4 4 4 4 4 4 4 4 4 4 4 4 4 4 4 4 4 4 4 4 4 4 4 4 4 4 4 4 4 4 4 4 4 4 4 4 4 4 4 4 4 4 4 4 4 4 4 4 4 4 4 4 4 4 4 4 4 4 4 4 4 4 4 4 4 4 4 4 4 4 4 4 4 4 4 4 4 4 4 4 4 4 4 4 4 4 4 4 4 4 4 4 4 4 4 4 4 4 4 4 4 4 4 4 4 4 4 4 4 4 4 4 4 4 4 4 4 4 4 4 4 4 4 4 4 4 4 4 4 4 4 4 4 4 4 4 4 4 4 4 4 4 4 4 4 4 4 4 4 4 4 4 4 4 4 4 4 4 4 4 4 4 4 4 4 4 4 4 4 4 4 4 4 4 4 4 4 4 4 4 4 4 4 4 4 4 4 4 4 4 4 4 4 4 4 4 4 4 4 4 4 4 4 4 4 4 4 4 4 4 4 4 4 4 4 4 4 4 4 4 4 4 4 4 4 4 4 4 4 4 4 4 4 4 4 4 4 4 4 4 4 4 4 4 4 4 4 4 4 4 4 4 4 4 4 4 4 4 4 4 4 4 4 4 4 4 4 4 4 4 4 4 4 4 4 4 4 4 4 4 4 4 4 4 4 4 4 4 4 4 4 4 4 4 4 4 4 4 4 4 4 4 4 4 4 4 4 4 4 4 4 4 4 4 4 4 4 4 4 4 4 4 4 4 4 4 4 4 4 4 4 4 4 4 4 4 4 4 4 4 4 4 4 4 4 4 4 4 4 4 4 4 4 4 4 4 4 4 4 4 4 4 4 4 4 4 4 4 4 4 4 4 4 4 4 4 4 4 4 4 4 4 4 4 4 4 4 4 4 4 4 4 4 4 4 4 4 4 4 4 4 4 4 4 4 4 4 4 4 4 4 4 4 4 4 4 4 4 4 4 4 4 4 4 4 4 4 4 4 4 4 4 4 4 4 4 4 4 4 4 4 4 4 4 4 4 4 4 4 4 4 4 4 4 4 4 4 4 4 4 4 4 4 4 4 4 4 4 4 4 4 4 4 4 4 4 4 4 4 4 4 4 4 4 4 4 4 4 4 4 4 4 4 4 4 4 4 4 4 4 4 4 4 4 4 4 4 4 4 4 4 4 4 4 4 4 4 4 4 4 4 4 4 4 4 4 4 4 4 4 4 4 4 4 4 4 4 4 4 4 4 4 4 4 4 4 4 4 4 4 4 4 4 4 4 4 4 4 4 4 4 4 4 4 4 4 4 4 4 4 4 4 4 4 4 4 4 4 4 4 4 4 4 4 4 4 4 4 4 4 4 4 4 4 4 4 4 4 4 4 4 4 4 4 4 4 4 4 4 4 4 4 4 4 4 4 4 4 4 4 4 4 4 4 4 4 4 4 4 4 4 4 4 4 4 4 4 4 4 4 4 4 4 4 4 4 4 4 4 4 4 4 4 4 4 4 4 4 4 4 4 4 4 4 4 4 4 4 4 4 4 4 4 4 4 4 4 4 4 4 4 4 4 4 4 4 4 4 4 4 4 4 4 4 4 4 4 4 4 4 4 4 4 4 4 4 4 4 4 4 4 4 4 4 4 4 4 4 4 4 4 4 4 4 4 4 4 4 4 4 4 4 4 4 4 4 4 4 4 4 4 4 4 4 4 4 4 4 4 4 4 4 4 4 4 4 4 
        </DataArray>
      </CellData>
    </Piece>
  </PolyData>
</VTKFile>
