<?xml version="1.0"?>
<VTKFile type="PolyData" version="1.0" byte_order="LittleEndian" header_type="UInt64">
  <PolyData>
    <Piece NumberOfPoints="2000" NumberOfPolys="2000">
      <Points>
        <DataArray type="Float64" Name="Points" NumberOfComponents="3" format="ascii">
0.6 0.5 0.0 0.599999 0.500314 0.0 0.599998 0.500628 0.0 0.599995 0.500942 0.0 0.599992 0.501257 0.0 0.599987 0.501571 0.0 0.599982 0.501885 0.0 0.599975 0.502199 0.0 0.599968 0.502513 0.0 0.59996 0.502827 0.0 0.599951 0.503141 0.0 0.59994 0.503455 0.0 0.599929 0.503769 0.0 0.599916 0.504083 0.0 0.599903 0.504397 0.0 0.599888 0.504711 0.0 0.599874 0.505024 0.0 0.599857 0.505338 0.0 0.59984 0.505652 0.0 0.599821 0.505965 0.0 0.599803 0.506279 0.0 0.599782 0.506593 0.0 0.599761 0.506906 0.0 0.599739 0.507219 0.0 0.599716 0.507533 0.0 0.599691 0.507846 0.0 0.599667 0.508159 0.0 0.59964 0.508472 0.0 0.599613 0.508785 0.0 0.599585 0.509098 0.0 0.599556 0.509411 0.0 0.599526 0.509724 0.0 0.599495 0.510036 0.0 0.599463 0.510349 0.0 0.59943 0.510661 0.0 0.599396 0.510973 0.0 0.599361 0.511286 0.0 0.599325 0.511598 0.0 0.599288 0.51191 0.0 0.59925 0.512222 0.0 0.599211 0.512533 0.0 0.599171 0.512845 0.0 0.599131 0.513156 0.0 0.599088 0.513468 0.0 0.599046 0.513779 0.0 0.599002 0.51409 0.0 0.598958 0.514401 0.0 0.598911 0.514712 0.0 0.598865 0.515023 0.0 0.598817 0.515333 0.0 0.598769 0.515643 0.0 0.598719 0.515954 0.0 0.598669 0.516264 0.0 0.598617 0.516574 0.0 0.598564 0.516883 0.0 0.59851 0.517193 0.0 0.598456 0.517502 0.0 0.5984 0.517811 0.0 0.598345 0.518121 0.0 0.598287 0.518429 0.0 0.598229 0.518738 0.0 0.598169 0.519047 0.0 0.598109 0.519355 0.0 0.598047 0.519663 0.0 0.597986 0.519971 0.0 0.597922 0.520279 0.0 0.597858 0.520586 0.0 0.597792 0.520893 0.0 0.597727 0.521201 0.0 0.597659 0.521508 0.0 0.597592 0.521814 0.0 0.597522 0.522121 0.0 0.597453 0.522427 0.0 0.597381 0.522733 0.0 0.59731 0.523039 0.0 0.597237 0.523344 0.0 0.597163 0.52365 0.0 0.597088 0.523955 0.0 0.597013 0.52426 0.0 0.596935 0.524564 0.0 0.596858 0.524869 0.0 0.596779 0.525173 0.0 0.5967 0.525477 0.0 0.596619 0.525781 0.0 0.596538 0.526084 0.0 0.596455 0.526387 0.0 0.596372 0.52669 0.0 0.596288 0.526993 0.0 0.596203 0.527295 0.0 0.596116 0.527597 0.0 0.596029 0.527899 0.0 0.595941 0.528201 0.0 0.595852 0.528502 0.0 0.595762 0.528803 0.0 0.595671 0.529104 0.0 0.595579 0.529404 0.0 0.595486 0.529704 0.0 0.595392 0.530004 0.0 0.595298 0.530304 0.0 0.595202 0.530603 0.0 0.595106 0.530902 0.0 0.595008 0.5312 0.0 0.59491 0.531499 0.0 0.59481 0.531797 0.0 0.59471 0.532094 0.0 0.594608 0.532392 0.0 0.594506 0.532689 0.0 0.594403 0.532985 0.0 0.594299 0.533282 0.0 0.594194 0.533578 0.0 0.594088 0.533874 0.0 0.593981 0.534169 0.0 0.593873 0.534464 0.0 0.593764 0.534759 0.0 0.593655 0.535053 0.0 0.593544 0.535347 0.0 0.593433 0.535641 0.0 0.59332 0.535934 0.0 0.593207 0.536228 0.0 0.593092 0.53652 0.0 0.592978 0.536812 0.0 0.592861 0.537104 0.0 0.592745 0.537396 0.0 0.592626 0.537687 0.0 0.592508 0.537978 0.0 0.592387 0.538268 0.0 0.592267 0.538558 0.0 0.592145 0.538848 0.0 0.592023 0.539137 0.0 0.591899 0.539426 0.0 0.591775 0.539715 0.0 0.59165 0.540003 0.0 0.591524 0.540291 0.0 0.591397 0.540578 0.0 0.591269 0.540865 0.0 0.59114 0.541151 0.0 0.591011 0.541438 0.0 0.59088 0.541723 0.0 0.590748 0.542009 0.0 0.590616 0.542293 0.0 0.590483 0.542578 0.0 0.590348 0.542862 0.0 0.590213 0.543146 0.0 0.590077 0.543429 0.0 0.589941 0.543712 0.0 0.589802 0.543994 0.0 0.589664 0.544276 0.0 0.589524 0.544557 0.0 0.589384 0.544838 0.0 0.589242 0.545119 0.0 0.589101 0.545399 0.0 0.588957 0.545679 0.0 0.588814 0.545958 0.0 0.588668 0.546237 0.0 0.588523 0.546515 0.0 0.588376 0.546793 0.0 0.588229 0.54707 0.0 0.58808 0.547347 0.0 0.587932 0.547624 0.0 0.587781 0.5479 0.0 0.587631 0.548175 0.0 0.587478 0.54845 0.0 0.587326 0.548725 0.0 0.587172 0.548999 0.0 0.587018 0.549273 0.0 0.586863 0.549546 0.0 0.586707 0.549819 0.0 0.58655 0.55009 0.0 0.586392 0.550362 0.0 0.586233 0.550633 0.0 0.586074 0.550904 0.0 0.585913 0.551174 0.0 0.585753 0.551444 0.0 0.58559 0.551713 0.0 0.585428 0.551982 0.0 0.585264 0.55225 0.0 0.585099 0.552517 0.0 0.584934 0.552784 0.0 0.584768 0.553051 0.0 0.5846 0.553317 0.0 0.584433 0.553583 0.0 0.584264 0.553847 0.0 0.584094 0.554112 0.0 0.583924 0.554376 0.0 0.583753 0.554639 0.0 0.58358 0.554902 0.0 0.583408 0.555165 0.0 0.583234 0.555426 0.0 0.58306 0.555688 0.0 0.582884 0.555948 0.0 0.582708 0.556208 0.0 0.582531 0.556468 0.0 0.582353 0.556727 0.0 0.582174 0.556985 0.0 0.581995 0.557243 0.0 0.581815 0.5575 0.0 0.581634 0.557757 0.0 0.581452 0.558013 0.0 0.581269 0.558269 0.0 0.581086 0.558524 0.0 0.580902 0.558779 0.0 0.580716 0.559032 0.0 0.580531 0.559286 0.0 0.580344 0.559538 0.0 0.580157 0.55979 0.0 0.579968 0.560042 0.0 0.579779 0.560293 0.0 0.579589 0.560543 0.0 0.579399 0.560793 0.0 0.579207 0.561042 0.0 0.579016 0.561291 0.0 0.578822 0.561538 0.0 0.578629 0.561786 0.0 0.578434 0.562032 0.0 0.578239 0.562279 0.0 0.578043 0.562524 0.0 0.577846 0.562769 0.0 0.577648 0.563013 0.0 0.57745 0.563257 0.0 0.577251 0.5635 0.0 0.577051 0.563742 0.0 0.57685 0.563984 0.0 0.576649 0.564225 0.0 0.576447 0.564465 0.0 0.576244 0.564706 0.0 0.57604 0.564944 0.0 0.575836 0.565183 0.0 0.575631 0.565421 0.0 0.575425 0.565659 0.0 0.575218 0.565895 0.0 0.575011 0.566131 0.0 0.574803 0.566366 0.0 0.574594 0.566601 0.0 0.574384 0.566835 0.0 0.574174 0.567069 0.0 0.573963 0.567301 0.0 0.573751 0.567533 0.0 0.573538 0.567764 0.0 0.573326 0.567995 0.0 0.573111 0.568225 0.0 0.572897 0.568455 0.0 0.572681 0.568683 0.0 0.572465 0.568911 0.0 0.572248 0.569138 0.0 0.572031 0.569365 0.0 0.571812 0.569591 0.0 0.571594 0.569817 0.0 0.571374 0.570041 0.0 0.571154 0.570265 0.0 0.570932 0.570488 0.0 0.570711 0.570711 0.0 0.570488 0.570932 0.0 0.570265 0.571154 0.0 0.570041 0.571374 0.0 0.569817 0.571594 0.0 0.569591 0.571812 0.0 0.569365 0.572031 0.0 0.569138 0.572248 0.0 0.568911 0.572465 0.0 0.568683 0.572681 0.0 0.568455 0.572897 0.0 0.568225 0.573111 0.0 0.567995 0.573326 0.0 0.567764 0.573538 0.0 0.567533 0.573751 0.0 0.567301 0.573963 0.0 0.567069 0.574174 0.0 0.566835 0.574384 0.0 0.566601 0.574594 0.0 0.566366 0.574803 0.0 0.566131 0.575011 0.0 0.565895 0.575218 0.0 0.565659 0.575425 0.0 0.565421 0.575631 0.0 0.565183 0.575836 0.0 0.564944 0.57604 0.0 0.564706 0.576244 0.0 0.564465 0.576447 0.0 0.564225 0.576649 0.0 0.563984 0.57685 0.0 0.563742 0.577051 0.0 0.5635 0.577251 0.0 0.563257 0.57745 0.0 0.563013 0.577648 0.0 0.562769 0.577846 0.0 0.562524 0.578043 0.0 0.562279 0.578239 0.0 0.562032 0.578434 0.0 0.561786 0.578629 0.0 0.561538 0.578822 0.0 0.561291 0.579016 0.0 0.561042 0.579207 0.0 0.560793 0.579399 0.0 0.560543 0.579589 0.0 0.560293 0.579779 0.0 0.560042 0.579968 0.0 0.55979 0.580157 0.0 0.559538 0.580344 0.0 0.559286 0.580531 0.0 0.559032 0.580716 0.0 0.558779 0.580902 0.0 0.558524 0.581086 0.0 0.558269 0.581269 0.0 0.558013 0.581452 0.0 0.557757 0.581634 0.0 0.5575 0.581815 0.0 0.557243 0.581995 0.0 0.556985 0.582174 0.0 0.556727 0.582353 0.0 0.556468 0.582531 0.0 0.556208 0.582708 0.0 0.555948 0.582884 0.0 0.555688 0.58306 0.0 0.555426 0.583234 0.0 0.555165 0.583408 0.0 0.554902 0.58358 0.0 0.554639 0.583753 0.0 0.554376 0.583924 0.0 0.554112 0.584094 0.0 0.553847 0.584264 0.0 0.553583 0.584433 0.0 0.553317 0.5846 0.0 0.553051 0.584768 0.0 0.552784 0.584934 0.0 0.552517 0.585099 0.0 0.55225 0.585264 0.0 0.551982 0.585428 0.0 0.551713 0.58559 0.0 0.551444 0.585753 0.0 0.551174 0.585913 0.0 0.550904 0.586074 0.0 0.550633 0.586233 0.0 0.550362 0.586392 0.0 0.55009 0.58655 0.0 0.549819 0.586707 0.0 0.549546 0.586863 0.0 0.549273 0.587018 0.0 0.548999 0.587172 0.0 0.548725 0.587326 0.0 0.54845 0.587478 0.0 0.548175 0.587631 0.0 0.5479 0.587781 0.0 0.547624 0.587932 0.0 0.547347 0.58808 0.0 0.54707 0.588229 0.0 0.546793 0.588376 0.0 0.546515 0.588523 0.0 0.546237 0.588668 0.0 0.545958 0.588814 0.0 0.545679 0.588957 0.0 0.545399 0.589101 0.0 0.545119 0.589242 0.0 0.544838 0.589384 0.0 0.544557 0.589524 0.0 0.544276 0.589664 0.0 0.543994 0.589802 0.0 0.543712 0.589941 0.0 0.543429 0.590077 0.0 0.543146 0.590213 0.0 0.542862 0.590348 0.0 0.542578 0.590483 0.0 0.542293 0.590616 0.0 0.542009 0.590748 0.0 0.541723 0.59088 0.0 0.541438 0.591011 0.0 0.541151 0.59114 0.0 0.540865 0.591269 0.0 0.540578 0.591397 0.0 0.540291 0.591524 0.0 0.540003 0.59165 0.0 0.539715 0.591775 0.0 0.539426 0.591899 0.0 0.539137 0.592023 0.0 0.538848 0.592145 0.0 0.538558 0.592267 0.0 0.538268 0.592387 0.0 0.537978 0.592508 0.0 0.537687 0.592626 0.0 0.537396 0.592745 0.0 0.537104 0.592861 0.0 0.536812 0.592978 0.0 0.53652 0.593092 0.0 0.536228 0.593207 0.0 0.535934 0.59332 0.0 0.535641 0.593433 0.0 0.535347 0.593544 0.0 0.535053 0.593655 0.0 0.534759 0.593764 0.0 0.534464 0.593873 0.0 0.534169 0.593981 0.0 0.533874 0.594088 0.0 0.533578 0.594194 0.0 0.533282 0.594299 0.0 0.532985 0.594403 0.0 0.532689 0.594506 0.0 0.532392 0.594608 0.0 0.532094 0.59471 0.0 0.531797 0.59481 0.0 0.531499 0.59491 0.0 0.5312 0.595008 0.0 0.530902 0.595106 0.0 0.530603 0.595202 0.0 0.530304 0.595298 0.0 0.530004 0.595392 0.0 0.529704 0.595486 0.0 0.529404 0.595579 0.0 0.529104 0.595671 0.0 0.528803 0.595762 0.0 0.528502 0.595852 0.0 0.528201 0.595941 0.0 0.527899 0.596029 0.0 0.527597 0.596116 0.0 0.527295 0.596203 0.0 0.526993 0.596288 0.0 0.52669 0.596372 0.0 0.526387 0.596455 0.0 0.526084 0.596538 0.0 0.525781 0.596619 0.0 0.525477 0.5967 0.0 0.525173 0.596779 0.0 0.524869 0.596858 0.0 0.524564 0.596935 0.0 0.52426 0.597013 0.0 0.523955 0.597088 0.0 0.52365 0.597163 0.0 0.523344 0.597237 0.0 0.523039 0.59731 0.0 0.522733 0.597381 0.0 0.522427 0.597453 0.0 0.522121 0.597522 0.0 0.521814 0.597592 0.0 0.521508 0.597659 0.0 0.521201 0.597727 0.0 0.520893 0.597792 0.0 0.520586 0.597858 0.0 0.520279 0.597922 0.0 0.519971 0.597986 0.0 0.519663 0.598047 0.0 0.519355 0.598109 0.0 0.519047 0.598169 0.0 0.518738 0.598229 0.0 0.518429 0.598287 0.0 0.518121 0.598345 0.0 0.517811 0.5984 0.0 0.517502 0.598456 0.0 0.517193 0.59851 0.0 0.516883 0.598564 0.0 0.516574 0.598617 0.0 0.516264 0.598669 0.0 0.515954 0.598719 0.0 0.515643 0.598769 0.0 0.515333 0.598817 0.0 0.515023 0.598865 0.0 0.514712 0.598911 0.0 0.514401 0.598958 0.0 0.51409 0.599002 0.0 0.513779 0.599046 0.0 0.513468 0.599088 0.0 0.513156 0.599131 0.0 0.512845 0.599171 0.0 0.512533 0.599211 0.0 0.512222 0.59925 0.0 0.51191 0.599288 0.0 0.511598 0.599325 0.0 0.511286 0.599361 0.0 0.510973 0.599396 0.0 0.510661 0.59943 0.0 0.510349 0.599463 0.0 0.510036 0.599495 0.0 0.509724 0.599526 0.0 0.509411 0.599556 0.0 0.509098 0.599585 0.0 0.508785 0.599613 0.0 0.508472 0.59964 0.0 0.508159 0.599667 0.0 0.507846 0.599691 0.0 0.507533 0.599716 0.0 0.507219 0.599739 0.0 0.506906 0.599761 0.0 0.506593 0.599782 0.0 0.506279 0.599803 0.0 0.505965 0.599821 0.0 0.505652 0.59984 0.0 0.505338 0.599857 0.0 0.505024 0.599874 0.0 0.504711 0.599888 0.0 0.504397 0.599903 0.0 0.504083 0.599916 0.0 0.503769 0.599929 0.0 0.503455 0.59994 0.0 0.503141 0.599951 0.0 0.502827 0.59996 0.0 0.502513 0.599968 0.0 0.502199 0.599975 0.0 0.501885 0.599982 0.0 0.501571 0.599987 0.0 0.501257 0.599992 0.0 0.500942 0.599995 0.0 0.500628 0.599998 0.0 0.500314 0.599999 0.0 0.5 0.6 0.0 0.499686 0.599999 0.0 0.499372 0.599998 0.0 0.499058 0.599995 0.0 0.498743 0.599992 0.0 0.498429 0.599987 0.0 0.498115 0.599982 0.0 0.497801 0.599975 0.0 0.497487 0.599968 0.0 0.497173 0.59996 0.0 0.496859 0.599951 0.0 0.496545 0.59994 0.0 0.496231 0.599929 0.0 0.495917 0.599916 0.0 0.495603 0.599903 0.0 0.495289 0.599888 0.0 0.494976 0.599874 0.0 0.494662 0.599857 0.0 0.494348 0.59984 0.0 0.494035 0.599821 0.0 0.493721 0.599803 0.0 0.493407 0.599782 0.0 0.493094 0.599761 0.0 0.492781 0.599739 0.0 0.492467 0.599716 0.0 0.492154 0.599691 0.0 0.491841 0.599667 0.0 0.491528 0.59964 0.0 0.491215 0.599613 0.0 0.490902 0.599585 0.0 0.490589 0.599556 0.0 0.490276 0.599526 0.0 0.489964 0.599495 0.0 0.489651 0.599463 0.0 0.489339 0.59943 0.0 0.489027 0.599396 0.0 0.488714 0.599361 0.0 0.488402 0.599325 0.0 0.48809 0.599288 0.0 0.487778 0.59925 0.0 0.487467 0.599211 0.0 0.487155 0.599171 0.0 0.486844 0.599131 0.0 0.486532 0.599088 0.0 0.486221 0.599046 0.0 0.48591 0.599002 0.0 0.485599 0.598958 0.0 0.485288 0.598911 0.0 0.484977 0.598865 0.0 0.484667 0.598817 0.0 0.484357 0.598769 0.0 0.484046 0.598719 0.0 0.483736 0.598669 0.0 0.483426 0.598617 0.0 0.483117 0.598564 0.0 0.482807 0.59851 0.0 0.482498 0.598456 0.0 0.482189 0.5984 0.0 0.481879 0.598345 0.0 0.481571 0.598287 0.0 0.481262 0.598229 0.0 0.480953 0.598169 0.0 0.480645 0.598109 0.0 0.480337 0.598047 0.0 0.480029 0.597986 0.0 0.479721 0.597922 0.0 0.479414 0.597858 0.0 0.479107 0.597792 0.0 0.478799 0.597727 0.0 0.478492 0.597659 0.0 0.478186 0.597592 0.0 0.477879 0.597522 0.0 0.477573 0.597453 0.0 0.477267 0.597381 0.0 0.476961 0.59731 0.0 0.476656 0.597237 0.0 0.47635 0.597163 0.0 0.476045 0.597088 0.0 0.47574 0.597013 0.0 0.475436 0.596935 0.0 0.475131 0.596858 0.0 0.474827 0.596779 0.0 0.474523 0.5967 0.0 0.474219 0.596619 0.0 0.473916 0.596538 0.0 0.473613 0.596455 0.0 0.47331 0.596372 0.0 0.473007 0.596288 0.0 0.472705 0.596203 0.0 0.472403 0.596116 0.0 0.472101 0.596029 0.0 0.471799 0.595941 0.0 0.471498 0.595852 0.0 0.471197 0.595762 0.0 0.470896 0.595671 0.0 0.470596 0.595579 0.0 0.470296 0.595486 0.0 0.469996 0.595392 0.0 0.469696 0.595298 0.0 0.469397 0.595202 0.0 0.469098 0.595106 0.0 0.4688 0.595008 0.0 0.468501 0.59491 0.0 0.468203 0.59481 0.0 0.467906 0.59471 0.0 0.467608 0.594608 0.0 0.467311 0.594506 0.0 0.467015 0.594403 0.0 0.466718 0.594299 0.0 0.466422 0.594194 0.0 0.466126 0.594088 0.0 0.465831 0.593981 0.0 0.465536 0.593873 0.0 0.465241 0.593764 0.0 0.464947 0.593655 0.0 0.464653 0.593544 0.0 0.464359 0.593433 0.0 0.464066 0.59332 0.0 0.463772 0.593207 0.0 0.46348 0.593092 0.0 0.463188 0.592978 0.0 0.462896 0.592861 0.0 0.462604 0.592745 0.0 0.462313 0.592626 0.0 0.462022 0.592508 0.0 0.461732 0.592387 0.0 0.461442 0.592267 0.0 0.461152 0.592145 0.0 0.460863 0.592023 0.0 0.460574 0.591899 0.0 0.460285 0.591775 0.0 0.459997 0.59165 0.0 0.459709 0.591524 0.0 0.459422 0.591397 0.0 0.459135 0.591269 0.0 0.458849 0.59114 0.0 0.458562 0.591011 0.0 0.458277 0.59088 0.0 0.457991 0.590748 0.0 0.457707 0.590616 0.0 0.457422 0.590483 0.0 0.457138 0.590348 0.0 0.456854 0.590213 0.0 0.456571 0.590077 0.0 0.456288 0.589941 0.0 0.456006 0.589802 0.0 0.455724 0.589664 0.0 0.455443 0.589524 0.0 0.455162 0.589384 0.0 0.454881 0.589242 0.0 0.454601 0.589101 0.0 0.454321 0.588957 0.0 0.454042 0.588814 0.0 0.453763 0.588668 0.0 0.453485 0.588523 0.0 0.453207 0.588376 0.0 0.45293 0.588229 0.0 0.452653 0.58808 0.0 0.452376 0.587932 0.0 0.4521 0.587781 0.0 0.451825 0.587631 0.0 0.45155 0.587478 0.0 0.451275 0.587326 0.0 0.451001 0.587172 0.0 0.450727 0.587018 0.0 0.450454 0.586863 0.0 0.450181 0.586707 0.0 0.44991 0.58655 0.0 0.449638 0.586392 0.0 0.449367 0.586233 0.0 0.449096 0.586074 0.0 0.448826 0.585913 0.0 0.448556 0.585753 0.0 0.448287 0.58559 0.0 0.448018 0.585428 0.0 0.44775 0.585264 0.0 0.447483 0.585099 0.0 0.447216 0.584934 0.0 0.446949 0.584768 0.0 0.446683 0.5846 0.0 0.446417 0.584433 0.0 0.446153 0.584264 0.0 0.445888 0.584094 0.0 0.445624 0.583924 0.0 0.445361 0.583753 0.0 0.445098 0.58358 0.0 0.444835 0.583408 0.0 0.444574 0.583234 0.0 0.444312 0.58306 0.0 0.444052 0.582884 0.0 0.443792 0.582708 0.0 0.443532 0.582531 0.0 0.443273 0.582353 0.0 0.443015 0.582174 0.0 0.442757 0.581995 0.0 0.4425 0.581815 0.0 0.442243 0.581634 0.0 0.441987 0.581452 0.0 0.441731 0.581269 0.0 0.441476 0.581086 0.0 0.441221 0.580902 0.0 0.440968 0.580716 0.0 0.440714 0.580531 0.0 0.440462 0.580344 0.0 0.44021 0.580157 0.0 0.439958 0.579968 0.0 0.439707 0.579779 0.0 0.439457 0.579589 0.0 0.439207 0.579399 0.0 0.438958 0.579207 0.0 0.438709 0.579016 0.0 0.438462 0.578822 0.0 0.438214 0.578629 0.0 0.437968 0.578434 0.0 0.437721 0.578239 0.0 0.437476 0.578043 0.0 0.437231 0.577846 0.0 0.436987 0.577648 0.0 0.436743 0.57745 0.0 0.4365 0.577251 0.0 0.436258 0.577051 0.0 0.436016 0.57685 0.0 0.435775 0.576649 0.0 0.435535 0.576447 0.0 0.435294 0.576244 0.0 0.435056 0.57604 0.0 0.434817 0.575836 0.0 0.434579 0.575631 0.0 0.434341 0.575425 0.0 0.434105 0.575218 0.0 0.433869 0.575011 0.0 0.433634 0.574803 0.0 0.433399 0.574594 0.0 0.433165 0.574384 0.0 0.432931 0.574174 0.0 0.432699 0.573963 0.0 0.432467 0.573751 0.0 0.432236 0.573538 0.0 0.432005 0.573326 0.0 0.431775 0.573111 0.0 0.431545 0.572897 0.0 0.431317 0.572681 0.0 0.431089 0.572465 0.0 0.430862 0.572248 0.0 0.430635 0.572031 0.0 0.430409 0.571812 0.0 0.430183 0.571594 0.0 0.429959 0.571374 0.0 0.429735 0.571154 0.0 0.429512 0.570932 0.0 0.429289 0.570711 0.0 0.429068 0.570488 0.0 0.428846 0.570265 0.0 0.428626 0.570041 0.0 0.428406 0.569817 0.0 0.428188 0.569591 0.0 0.427969 0.569365 0.0 0.427752 0.569138 0.0 0.427535 0.568911 0.0 0.427319 0.568683 0.0 0.427103 0.568455 0.0 0.426889 0.568225 0.0 0.426674 0.567995 0.0 0.426462 0.567764 0.0 0.426249 0.567533 0.0 0.426037 0.567301 0.0 0.425826 0.567069 0.0 0.425616 0.566835 0.0 0.425406 0.566601 0.0 0.425197 0.566366 0.0 0.424989 0.566131 0.0 0.424782 0.565895 0.0 0.424575 0.565659 0.0 0.424369 0.565421 0.0 0.424164 0.565183 0.0 0.42396 0.564944 0.0 0.423756 0.564706 0.0 0.423553 0.564465 0.0 0.423351 0.564225 0.0 0.42315 0.563984 0.0 0.422949 0.563742 0.0 0.422749 0.5635 0.0 0.42255 0.563257 0.0 0.422352 0.563013 0.0 0.422154 0.562769 0.0 0.421957 0.562524 0.0 0.421761 0.562279 0.0 0.421566 0.562032 0.0 0.421371 0.561786 0.0 0.421178 0.561538 0.0 0.420984 0.561291 0.0 0.420793 0.561042 0.0 0.420601 0.560793 0.0 0.420411 0.560543 0.0 0.420221 0.560293 0.0 0.420032 0.560042 0.0 0.419843 0.55979 0.0 0.419656 0.559538 0.0 0.419469 0.559286 0.0 0.419284 0.559032 0.0 0.419098 0.558779 0.0 0.418914 0.558524 0.0 0.418731 0.558269 0.0 0.418548 0.558013 0.0 0.418366 0.557757 0.0 0.418185 0.5575 0.0 0.418005 0.557243 0.0 0.417826 0.556985 0.0 0.417647 0.556727 0.0 0.417469 0.556468 0.0 0.417292 0.556208 0.0 0.417116 0.555948 0.0 0.41694 0.555688 0.0 0.416766 0.555426 0.0 0.416592 0.555165 0.0 0.41642 0.554902 0.0 0.416247 0.554639 0.0 0.416076 0.554376 0.0 0.415906 0.554112 0.0 0.415736 0.553847 0.0 0.415567 0.553583 0.0 0.4154 0.553317 0.0 0.415232 0.553051 0.0 0.415066 0.552784 0.0 0.414901 0.552517 0.0 0.414736 0.55225 0.0 0.414572 0.551982 0.0 0.41441 0.551713 0.0 0.414247 0.551444 0.0 0.414087 0.551174 0.0 0.413926 0.550904 0.0 0.413767 0.550633 0.0 0.413608 0.550362 0.0 0.41345 0.55009 0.0 0.413293 0.549819 0.0 0.413137 0.549546 0.0 0.412982 0.549273 0.0 0.412828 0.548999 0.0 0.412674 0.548725 0.0 0.412522 0.54845 0.0 0.412369 0.548175 0.0 0.412219 0.5479 0.0 0.412068 0.547624 0.0 0.41192 0.547347 0.0 0.411771 0.54707 0.0 0.411624 0.546793 0.0 0.411477 0.546515 0.0 0.411332 0.546237 0.0 0.411186 0.545958 0.0 0.411043 0.545679 0.0 0.410899 0.545399 0.0 0.410758 0.545119 0.0 0.410616 0.544838 0.0 0.410476 0.544557 0.0 0.410336 0.544276 0.0 0.410198 0.543994 0.0 0.410059 0.543712 0.0 0.409923 0.543429 0.0 0.409787 0.543146 0.0 0.409652 0.542862 0.0 0.409517 0.542578 0.0 0.409384 0.542293 0.0 0.409252 0.542009 0.0 0.40912 0.541723 0.0 0.408989 0.541438 0.0 0.40886 0.541151 0.0 0.408731 0.540865 0.0 0.408603 0.540578 0.0 0.408476 0.540291 0.0 0.40835 0.540003 0.0 0.408225 0.539715 0.0 0.408101 0.539426 0.0 0.407977 0.539137 0.0 0.407855 0.538848 0.0 0.407733 0.538558 0.0 0.407613 0.538268 0.0 0.407492 0.537978 0.0 0.407374 0.537687 0.0 0.407255 0.537396 0.0 0.407139 0.537104 0.0 0.407022 0.536812 0.0 0.406908 0.53652 0.0 0.406793 0.536228 0.0 0.40668 0.535934 0.0 0.406567 0.535641 0.0 0.406456 0.535347 0.0 0.406345 0.535053 0.0 0.406236 0.534759 0.0 0.406127 0.534464 0.0 0.406019 0.534169 0.0 0.405912 0.533874 0.0 0.405806 0.533578 0.0 0.405701 0.533282 0.0 0.405597 0.532985 0.0 0.405494 0.532689 0.0 0.405392 0.532392 0.0 0.40529 0.532094 0.0 0.40519 0.531797 0.0 0.40509 0.531499 0.0 0.404992 0.5312 0.0 0.404894 0.530902 0.0 0.404798 0.530603 0.0 0.404702 0.530304 0.0 0.404608 0.530004 0.0 0.404514 0.529704 0.0 0.404421 0.529404 0.0 0.404329 0.529104 0.0 0.404238 0.528803 0.0 0.404148 0.528502 0.0 0.404059 0.528201 0.0 0.403971 0.527899 0.0 0.403884 0.527597 0.0 0.403797 0.527295 0.0 0.403712 0.526993 0.0 0.403628 0.52669 0.0 0.403545 0.526387 0.0 0.403462 0.526084 0.0 0.403381 0.525781 0.0 0.4033 0.525477 0.0 0.403221 0.525173 0.0 0.403142 0.524869 0.0 0.403065 0.524564 0.0 0.402987 0.52426 0.0 0.402912 0.523955 0.0 0.402837 0.52365 0.0 0.402763 0.523344 0.0 0.40269 0.523039 0.0 0.402619 0.522733 0.0 0.402547 0.522427 0.0 0.402478 0.522121 0.0 0.402408 0.521814 0.0 0.402341 0.521508 0.0 0.402273 0.521201 0.0 0.402208 0.520893 0.0 0.402142 0.520586 0.0 0.402078 0.520279 0.0 0.402014 0.519971 0.0 0.401953 0.519663 0.0 0.401891 0.519355 0.0 0.401831 0.519047 0.0 0.401771 0.518738 0.0 0.401713 0.518429 0.0 0.401655 0.518121 0.0 0.4016 0.517811 0.0 0.401544 0.517502 0.0 0.40149 0.517193 0.0 0.401436 0.516883 0.0 0.401383 0.516574 0.0 0.401331 0.516264 0.0 0.401281 0.515954 0.0 0.401231 0.515643 0.0 0.401183 0.515333 0.0 0.401135 0.515023 0.0 0.401089 0.514712 0.0 0.401042 0.514401 0.0 0.400998 0.51409 0.0 0.400954 0.513779 0.0 0.400912 0.513468 0.0 0.400869 0.513156 0.0 0.400829 0.512845 0.0 0.400789 0.512533 0.0 0.40075 0.512222 0.0 0.400712 0.51191 0.0 0.400675 0.511598 0.0 0.400639 0.511286 0.0 0.400604 0.510973 0.0 0.40057 0.510661 0.0 0.400537 0.510349 0.0 0.400505 0.510036 0.0 0.400474 0.509724 0.0 0.400444 0.509411 0.0 0.400415 0.509098 0.0 0.400387 0.508785 0.0 0.40036 0.508472 0.0 0.400333 0.508159 0.0 0.400309 0.507846 0.0 0.400284 0.507533 0.0 0.400261 0.507219 0.0 0.400239 0.506906 0.0 0.400218 0.506593 0.0 0.400197 0.506279 0.0 0.400179 0.505965 0.0 0.40016 0.505652 0.0 0.400143 0.505338 0.0 0.400126 0.505024 0.0 0.400112 0.504711 0.0 0.400097 0.504397 0.0 0.400084 0.504083 0.0 0.400071 0.503769 0.0 0.40006 0.503455 0.0 0.400049 0.503141 0.0 0.40004 0.502827 0.0 0.400032 0.502513 0.0 0.400025 0.502199 0.0 0.400018 0.501885 0.0 0.400013 0.501571 0.0 0.400008 0.501257 0.0 0.400005 0.500942 0.0 0.400002 0.500628 0.0 0.400001 0.500314 0.0 0.4 0.5 0.0 0.400001 0.499686 0.0 0.400002 0.499372 0.0 0.400005 0.499058 0.0 0.400008 0.498743 0.0 0.400013 0.498429 0.0 0.400018 0.498115 0.0 0.400025 0.497801 0.0 0.400032 0.497487 0.0 0.40004 0.497173 0.0 0.400049 0.496859 0.0 0.40006 0.496545 0.0 0.400071 0.496231 0.0 0.400084 0.495917 0.0 0.400097 0.495603 0.0 0.400112 0.495289 0.0 0.400126 0.494976 0.0 0.400143 0.494662 0.0 0.40016 0.494348 0.0 0.400179 0.494035 0.0 0.400197 0.493721 0.0 0.400218 0.493407 0.0 0.400239 0.493094 0.0 0.400261 0.492781 0.0 0.400284 0.492467 0.0 0.400309 0.492154 0.0 0.400333 0.491841 0.0 0.40036 0.491528 0.0 0.400387 0.491215 0.0 0.400415 0.490902 0.0 0.400444 0.490589 0.0 0.400474 0.490276 0.0 0.400505 0.489964 0.0 0.400537 0.489651 0.0 0.40057 0.489339 0.0 0.400604 0.489027 0.0 0.400639 0.488714 0.0 0.400675 0.488402 0.0 0.400712 0.48809 0.0 0.40075 0.487778 0.0 0.400789 0.487467 0.0 0.400829 0.487155 0.0 0.400869 0.486844 0.0 0.400912 0.486532 0.0 0.400954 0.486221 0.0 0.400998 0.48591 0.0 0.401042 0.485599 0.0 0.401089 0.485288 0.0 0.401135 0.484977 0.0 0.401183 0.484667 0.0 0.401231 0.484357 0.0 0.401281 0.484046 0.0 0.401331 0.483736 0.0 0.401383 0.483426 0.0 0.401436 0.483117 0.0 0.40149 0.482807 0.0 0.401544 0.482498 0.0 0.4016 0.482189 0.0 0.401655 0.481879 0.0 0.401713 0.481571 0.0 0.401771 0.481262 0.0 0.401831 0.480953 0.0 0.401891 0.480645 0.0 0.401953 0.480337 0.0 0.402014 0.480029 0.0 0.402078 0.479721 0.0 0.402142 0.479414 0.0 0.402208 0.479107 0.0 0.402273 0.478799 0.0 0.402341 0.478492 0.0 0.402408 0.478186 0.0 0.402478 0.477879 0.0 0.402547 0.477573 0.0 0.402619 0.477267 0.0 0.40269 0.476961 0.0 0.402763 0.476656 0.0 0.402837 0.47635 0.0 0.402912 0.476045 0.0 0.402987 0.47574 0.0 0.403065 0.475436 0.0 0.403142 0.475131 0.0 0.403221 0.474827 0.0 0.4033 0.474523 0.0 0.403381 0.474219 0.0 0.403462 0.473916 0.0 0.403545 0.473613 0.0 0.403628 0.47331 0.0 0.403712 0.473007 0.0 0.403797 0.472705 0.0 0.403884 0.472403 0.0 0.403971 0.472101 0.0 0.404059 0.471799 0.0 0.404148 0.471498 0.0 0.404238 0.471197 0.0 0.404329 0.470896 0.0 0.404421 0.470596 0.0 0.404514 0.470296 0.0 0.404608 0.469996 0.0 0.404702 0.469696 0.0 0.404798 0.469397 0.0 0.404894 0.469098 0.0 0.404992 0.4688 0.0 0.40509 0.468501 0.0 0.40519 0.468203 0.0 0.40529 0.467906 0.0 0.405392 0.467608 0.0 0.405494 0.467311 0.0 0.405597 0.467015 0.0 0.405701 0.466718 0.0 0.405806 0.466422 0.0 0.405912 0.466126 0.0 0.406019 0.465831 0.0 0.406127 0.465536 0.0 0.406236 0.465241 0.0 0.406345 0.464947 0.0 0.406456 0.464653 0.0 0.406567 0.464359 0.0 0.40668 0.464066 0.0 0.406793 0.463772 0.0 0.406908 0.46348 0.0 0.407022 0.463188 0.0 0.407139 0.462896 0.0 0.407255 0.462604 0.0 0.407374 0.462313 0.0 0.407492 0.462022 0.0 0.407613 0.461732 0.0 0.407733 0.461442 0.0 0.407855 0.461152 0.0 0.407977 0.460863 0.0 0.408101 0.460574 0.0 0.408225 0.460285 0.0 0.40835 0.459997 0.0 0.408476 0.459709 0.0 0.408603 0.459422 0.0 0.408731 0.459135 0.0 0.40886 0.458849 0.0 0.408989 0.458562 0.0 0.40912 0.458277 0.0 0.409252 0.457991 0.0 0.409384 0.457707 0.0 0.409517 0.457422 0.0 0.409652 0.457138 0.0 0.409787 0.456854 0.0 0.409923 0.456571 0.0 0.410059 0.456288 0.0 0.410198 0.456006 0.0 0.410336 0.455724 0.0 0.410476 0.455443 0.0 0.410616 0.455162 0.0 0.410758 0.454881 0.0 0.410899 0.454601 0.0 0.411043 0.454321 0.0 0.411186 0.454042 0.0 0.411332 0.453763 0.0 0.411477 0.453485 0.0 0.411624 0.453207 0.0 0.411771 0.45293 0.0 0.41192 0.452653 0.0 0.412068 0.452376 0.0 0.412219 0.4521 0.0 0.412369 0.451825 0.0 0.412522 0.45155 0.0 0.412674 0.451275 0.0 0.412828 0.451001 0.0 0.412982 0.450727 0.0 0.413137 0.450454 0.0 0.413293 0.450181 0.0 0.41345 0.44991 0.0 0.413608 0.449638 0.0 0.413767 0.449367 0.0 0.413926 0.449096 0.0 0.414087 0.448826 0.0 0.414247 0.448556 0.0 0.41441 0.448287 0.0 0.414572 0.448018 0.0 0.414736 0.44775 0.0 0.414901 0.447483 0.0 0.415066 0.447216 0.0 0.415232 0.446949 0.0 0.4154 0.446683 0.0 0.415567 0.446417 0.0 0.415736 0.446153 0.0 0.415906 0.445888 0.0 0.416076 0.445624 0.0 0.416247 0.445361 0.0 0.41642 0.445098 0.0 0.416592 0.444835 0.0 0.416766 0.444574 0.0 0.41694 0.444312 0.0 0.417116 0.444052 0.0 0.417292 0.443792 0.0 0.417469 0.443532 0.0 0.417647 0.443273 0.0 0.417826 0.443015 0.0 0.418005 0.442757 0.0 0.418185 0.4425 0.0 0.418366 0.442243 0.0 0.418548 0.441987 0.0 0.418731 0.441731 0.0 0.418914 0.441476 0.0 0.419098 0.441221 0.0 0.419284 0.440968 0.0 0.419469 0.440714 0.0 0.419656 0.440462 0.0 0.419843 0.44021 0.0 0.420032 0.439958 0.0 0.420221 0.439707 0.0 0.420411 0.439457 0.0 0.420601 0.439207 0.0 0.420793 0.438958 0.0 0.420984 0.438709 0.0 0.421178 0.438462 0.0 0.421371 0.438214 0.0 0.421566 0.437968 0.0 0.421761 0.437721 0.0 0.421957 0.437476 0.0 0.422154 0.437231 0.0 0.422352 0.436987 0.0 0.42255 0.436743 0.0 0.422749 0.4365 0.0 0.422949 0.436258 0.0 0.42315 0.436016 0.0 0.423351 0.435775 0.0 0.423553 0.435535 0.0 0.423756 0.435294 0.0 0.42396 0.435056 0.0 0.424164 0.434817 0.0 0.424369 0.434579 0.0 0.424575 0.434341 0.0 0.424782 0.434105 0.0 0.424989 0.433869 0.0 0.425197 0.433634 0.0 0.425406 0.433399 0.0 0.425616 0.433165 0.0 0.425826 0.432931 0.0 0.426037 0.432699 0.0 0.426249 0.432467 0.0 0.426462 0.432236 0.0 0.426674 0.432005 0.0 0.426889 0.431775 0.0 0.427103 0.431545 0.0 0.427319 0.431317 0.0 0.427535 0.431089 0.0 0.427752 0.430862 0.0 0.427969 0.430635 0.0 0.428188 0.430409 0.0 0.428406 0.430183 0.0 0.428626 0.429959 0.0 0.428846 0.429735 0.0 0.429068 0.429512 0.0 0.429289 0.429289 0.0 0.429512 0.429068 0.0 0.429735 0.428846 0.0 0.429959 0.428626 0.0 0.430183 0.428406 0.0 0.430409 0.428188 0.0 0.430635 0.427969 0.0 0.430862 0.427752 0.0 0.431089 0.427535 0.0 0.431317 0.427319 0.0 0.431545 0.427103 0.0 0.431775 0.426889 0.0 0.432005 0.426674 0.0 0.432236 0.426462 0.0 0.432467 0.426249 0.0 0.432699 0.426037 0.0 0.432931 0.425826 0.0 0.433165 0.425616 0.0 0.433399 0.425406 0.0 0.433634 0.425197 0.0 0.433869 0.424989 0.0 0.434105 0.424782 0.0 0.434341 0.424575 0.0 0.434579 0.424369 0.0 0.434817 0.424164 0.0 0.435056 0.42396 0.0 0.435294 0.423756 0.0 0.435535 0.423553 0.0 0.435775 0.423351 0.0 0.436016 0.42315 0.0 0.436258 0.422949 0.0 0.4365 0.422749 0.0 0.436743 0.42255 0.0 0.436987 0.422352 0.0 0.437231 0.422154 0.0 0.437476 0.421957 0.0 0.437721 0.421761 0.0 0.437968 0.421566 0.0 0.438214 0.421371 0.0 0.438462 0.421178 0.0 0.438709 0.420984 0.0 0.438958 0.420793 0.0 0.439207 0.420601 0.0 0.439457 0.420411 0.0 0.439707 0.420221 0.0 0.439958 0.420032 0.0 0.44021 0.419843 0.0 0.440462 0.419656 0.0 0.440714 0.419469 0.0 0.440968 0.419284 0.0 0.441221 0.419098 0.0 0.441476 0.418914 0.0 0.441731 0.418731 0.0 0.441987 0.418548 0.0 0.442243 0.418366 0.0 0.4425 0.418185 0.0 0.442757 0.418005 0.0 0.443015 0.417826 0.0 0.443273 0.417647 0.0 0.443532 0.417469 0.0 0.443792 0.417292 0.0 0.444052 0.417116 0.0 0.444312 0.41694 0.0 0.444574 0.416766 0.0 0.444835 0.416592 0.0 0.445098 0.41642 0.0 0.445361 0.416247 0.0 0.445624 0.416076 0.0 0.445888 0.415906 0.0 0.446153 0.415736 0.0 0.446417 0.415567 0.0 0.446683 0.4154 0.0 0.446949 0.415232 0.0 0.447216 0.415066 0.0 0.447483 0.414901 0.0 0.44775 0.414736 0.0 0.448018 0.414572 0.0 0.448287 0.41441 0.0 0.448556 0.414247 0.0 0.448826 0.414087 0.0 0.449096 0.413926 0.0 0.449367 0.413767 0.0 0.449638 0.413608 0.0 0.44991 0.41345 0.0 0.450181 0.413293 0.0 0.450454 0.413137 0.0 0.450727 0.412982 0.0 0.451001 0.412828 0.0 0.451275 0.412674 0.0 0.45155 0.412522 0.0 0.451825 0.412369 0.0 0.4521 0.412219 0.0 0.452376 0.412068 0.0 0.452653 0.41192 0.0 0.45293 0.411771 0.0 0.453207 0.411624 0.0 0.453485 0.411477 0.0 0.453763 0.411332 0.0 0.454042 0.411186 0.0 0.454321 0.411043 0.0 0.454601 0.410899 0.0 0.454881 0.410758 0.0 0.455162 0.410616 0.0 0.455443 0.410476 0.0 0.455724 0.410336 0.0 0.456006 0.410198 0.0 0.456288 0.410059 0.0 0.456571 0.409923 0.0 0.456854 0.409787 0.0 0.457138 0.409652 0.0 0.457422 0.409517 0.0 0.457707 0.409384 0.0 0.457991 0.409252 0.0 0.458277 0.40912 0.0 0.458562 0.408989 0.0 0.458849 0.40886 0.0 0.459135 0.408731 0.0 0.459422 0.408603 0.0 0.459709 0.408476 0.0 0.459997 0.40835 0.0 0.460285 0.408225 0.0 0.460574 0.408101 0.0 0.460863 0.407977 0.0 0.461152 0.407855 0.0 0.461442 0.407733 0.0 0.461732 0.407613 0.0 0.462022 0.407492 0.0 0.462313 0.407374 0.0 0.462604 0.407255 0.0 0.462896 0.407139 0.0 0.463188 0.407022 0.0 0.46348 0.406908 0.0 0.463772 0.406793 0.0 0.464066 0.40668 0.0 0.464359 0.406567 0.0 0.464653 0.406456 0.0 0.464947 0.406345 0.0 0.465241 0.406236 0.0 0.465536 0.406127 0.0 0.465831 0.406019 0.0 0.466126 0.405912 0.0 0.466422 0.405806 0.0 0.466718 0.405701 0.0 0.467015 0.405597 0.0 0.467311 0.405494 0.0 0.467608 0.405392 0.0 0.467906 0.40529 0.0 0.468203 0.40519 0.0 0.468501 0.40509 0.0 0.4688 0.404992 0.0 0.469098 0.404894 0.0 0.469397 0.404798 0.0 0.469696 0.404702 0.0 0.469996 0.404608 0.0 0.470296 0.404514 0.0 0.470596 0.404421 0.0 0.470896 0.404329 0.0 0.471197 0.404238 0.0 0.471498 0.404148 0.0 0.471799 0.404059 0.0 0.472101 0.403971 0.0 0.472403 0.403884 0.0 0.472705 0.403797 0.0 0.473007 0.403712 0.0 0.47331 0.403628 0.0 0.473613 0.403545 0.0 0.473916 0.403462 0.0 0.474219 0.403381 0.0 0.474523 0.4033 0.0 0.474827 0.403221 0.0 0.475131 0.403142 0.0 0.475436 0.403065 0.0 0.47574 0.402987 0.0 0.476045 0.402912 0.0 0.47635 0.402837 0.0 0.476656 0.402763 0.0 0.476961 0.40269 0.0 0.477267 0.402619 0.0 0.477573 0.402547 0.0 0.477879 0.402478 0.0 0.478186 0.402408 0.0 0.478492 0.402341 0.0 0.478799 0.402273 0.0 0.479107 0.402208 0.0 0.479414 0.402142 0.0 0.479721 0.402078 0.0 0.480029 0.402014 0.0 0.480337 0.401953 0.0 0.480645 0.401891 0.0 0.480953 0.401831 0.0 0.481262 0.401771 0.0 0.481571 0.401713 0.0 0.481879 0.401655 0.0 0.482189 0.4016 0.0 0.482498 0.401544 0.0 0.482807 0.40149 0.0 0.483117 0.401436 0.0 0.483426 0.401383 0.0 0.483736 0.401331 0.0 0.484046 0.401281 0.0 0.484357 0.401231 0.0 0.484667 0.401183 0.0 0.484977 0.401135 0.0 0.485288 0.401089 0.0 0.485599 0.401042 0.0 0.48591 0.400998 0.0 0.486221 0.400954 0.0 0.486532 0.400912 0.0 0.486844 0.400869 0.0 0.487155 0.400829 0.0 0.487467 0.400789 0.0 0.487778 0.40075 0.0 0.48809 0.400712 0.0 0.488402 0.400675 0.0 0.488714 0.400639 0.0 0.489027 0.400604 0.0 0.489339 0.40057 0.0 0.489651 0.400537 0.0 0.489964 0.400505 0.0 0.490276 0.400474 0.0 0.490589 0.400444 0.0 0.490902 0.400415 0.0 0.491215 0.400387 0.0 0.491528 0.40036 0.0 0.491841 0.400333 0.0 0.492154 0.400309 0.0 0.492467 0.400284 0.0 0.492781 0.400261 0.0 0.493094 0.400239 0.0 0.493407 0.400218 0.0 0.493721 0.400197 0.0 0.494035 0.400179 0.0 0.494348 0.40016 0.0 0.494662 0.400143 0.0 0.494976 0.400126 0.0 0.495289 0.400112 0.0 0.495603 0.400097 0.0 0.495917 0.400084 0.0 0.496231 0.400071 0.0 0.496545 0.40006 0.0 0.496859 0.400049 0.0 0.497173 0.40004 0.0 0.497487 0.400032 0.0 0.497801 0.400025 0.0 0.498115 0.400018 0.0 0.498429 0.400013 0.0 0.498743 0.400008 0.0 0.499058 0.400005 0.0 0.499372 0.400002 0.0 0.499686 0.400001 0.0 0.5 0.4 0.0 0.500314 0.400001 0.0 0.500628 0.400002 0.0 0.500942 0.400005 0.0 0.501257 0.400008 0.0 0.501571 0.400013 0.0 0.501885 0.400018 0.0 0.502199 0.400025 0.0 0.502513 0.400032 0.0 0.502827 0.40004 0.0 0.503141 0.400049 0.0 0.503455 0.40006 0.0 0.503769 0.400071 0.0 0.504083 0.400084 0.0 0.504397 0.400097 0.0 0.504711 0.400112 0.0 0.505024 0.400126 0.0 0.505338 0.400143 0.0 0.505652 0.40016 0.0 0.505965 0.400179 0.0 0.506279 0.400197 0.0 0.506593 0.400218 0.0 0.506906 0.400239 0.0 0.507219 0.400261 0.0 0.507533 0.400284 0.0 0.507846 0.400309 0.0 0.508159 0.400333 0.0 0.508472 0.40036 0.0 0.508785 0.400387 0.0 0.509098 0.400415 0.0 0.509411 0.400444 0.0 0.509724 0.400474 0.0 0.510036 0.400505 0.0 0.510349 0.400537 0.0 0.510661 0.40057 0.0 0.510973 0.400604 0.0 0.511286 0.400639 0.0 0.511598 0.400675 0.0 0.51191 0.400712 0.0 0.512222 0.40075 0.0 0.512533 0.400789 0.0 0.512845 0.400829 0.0 0.513156 0.400869 0.0 0.513468 0.400912 0.0 0.513779 0.400954 0.0 0.51409 0.400998 0.0 0.514401 0.401042 0.0 0.514712 0.401089 0.0 0.515023 0.401135 0.0 0.515333 0.401183 0.0 0.515643 0.401231 0.0 0.515954 0.401281 0.0 0.516264 0.401331 0.0 0.516574 0.401383 0.0 0.516883 0.401436 0.0 0.517193 0.40149 0.0 0.517502 0.401544 0.0 0.517811 0.4016 0.0 0.518121 0.401655 0.0 0.518429 0.401713 0.0 0.518738 0.401771 0.0 0.519047 0.401831 0.0 0.519355 0.401891 0.0 0.519663 0.401953 0.0 0.519971 0.402014 0.0 0.520279 0.402078 0.0 0.520586 0.402142 0.0 0.520893 0.402208 0.0 0.521201 0.402273 0.0 0.521508 0.402341 0.0 0.521814 0.402408 0.0 0.522121 0.402478 0.0 0.522427 0.402547 0.0 0.522733 0.402619 0.0 0.523039 0.40269 0.0 0.523344 0.402763 0.0 0.52365 0.402837 0.0 0.523955 0.402912 0.0 0.52426 0.402987 0.0 0.524564 0.403065 0.0 0.524869 0.403142 0.0 0.525173 0.403221 0.0 0.525477 0.4033 0.0 0.525781 0.403381 0.0 0.526084 0.403462 0.0 0.526387 0.403545 0.0 0.52669 0.403628 0.0 0.526993 0.403712 0.0 0.527295 0.403797 0.0 0.527597 0.403884 0.0 0.527899 0.403971 0.0 0.528201 0.404059 0.0 0.528502 0.404148 0.0 0.528803 0.404238 0.0 0.529104 0.404329 0.0 0.529404 0.404421 0.0 0.529704 0.404514 0.0 0.530004 0.404608 0.0 0.530304 0.404702 0.0 0.530603 0.404798 0.0 0.530902 0.404894 0.0 0.5312 0.404992 0.0 0.531499 0.40509 0.0 0.531797 0.40519 0.0 0.532094 0.40529 0.0 0.532392 0.405392 0.0 0.532689 0.405494 0.0 0.532985 0.405597 0.0 0.533282 0.405701 0.0 0.533578 0.405806 0.0 0.533874 0.405912 0.0 0.534169 0.406019 0.0 0.534464 0.406127 0.0 0.534759 0.406236 0.0 0.535053 0.406345 0.0 0.535347 0.406456 0.0 0.535641 0.406567 0.0 0.535934 0.40668 0.0 0.536228 0.406793 0.0 0.53652 0.406908 0.0 0.536812 0.407022 0.0 0.537104 0.407139 0.0 0.537396 0.407255 0.0 0.537687 0.407374 0.0 0.537978 0.407492 0.0 0.538268 0.407613 0.0 0.538558 0.407733 0.0 0.538848 0.407855 0.0 0.539137 0.407977 0.0 0.539426 0.408101 0.0 0.539715 0.408225 0.0 0.540003 0.40835 0.0 0.540291 0.408476 0.0 0.540578 0.408603 0.0 0.540865 0.408731 0.0 0.541151 0.40886 0.0 0.541438 0.408989 0.0 0.541723 0.40912 0.0 0.542009 0.409252 0.0 0.542293 0.409384 0.0 0.542578 0.409517 0.0 0.542862 0.409652 0.0 0.543146 0.409787 0.0 0.543429 0.409923 0.0 0.543712 0.410059 0.0 0.543994 0.410198 0.0 0.544276 0.410336 0.0 0.544557 0.410476 0.0 0.544838 0.410616 0.0 0.545119 0.410758 0.0 0.545399 0.410899 0.0 0.545679 0.411043 0.0 0.545958 0.411186 0.0 0.546237 0.411332 0.0 0.546515 0.411477 0.0 0.546793 0.411624 0.0 0.54707 0.411771 0.0 0.547347 0.41192 0.0 0.547624 0.412068 0.0 0.5479 0.412219 0.0 0.548175 0.412369 0.0 0.54845 0.412522 0.0 0.548725 0.412674 0.0 0.548999 0.412828 0.0 0.549273 0.412982 0.0 0.549546 0.413137 0.0 0.549819 0.413293 0.0 0.55009 0.41345 0.0 0.550362 0.413608 0.0 0.550633 0.413767 0.0 0.550904 0.413926 0.0 0.551174 0.414087 0.0 0.551444 0.414247 0.0 0.551713 0.41441 0.0 0.551982 0.414572 0.0 0.55225 0.414736 0.0 0.552517 0.414901 0.0 0.552784 0.415066 0.0 0.553051 0.415232 0.0 0.553317 0.4154 0.0 0.553583 0.415567 0.0 0.553847 0.415736 0.0 0.554112 0.415906 0.0 0.554376 0.416076 0.0 0.554639 0.416247 0.0 0.554902 0.41642 0.0 0.555165 0.416592 0.0 0.555426 0.416766 0.0 0.555688 0.41694 0.0 0.555948 0.417116 0.0 0.556208 0.417292 0.0 0.556468 0.417469 0.0 0.556727 0.417647 0.0 0.556985 0.417826 0.0 0.557243 0.418005 0.0 0.5575 0.418185 0.0 0.557757 0.418366 0.0 0.558013 0.418548 0.0 0.558269 0.418731 0.0 0.558524 0.418914 0.0 0.558779 0.419098 0.0 0.559032 0.419284 0.0 0.559286 0.419469 0.0 0.559538 0.419656 0.0 0.55979 0.419843 0.0 0.560042 0.420032 0.0 0.560293 0.420221 0.0 0.560543 0.420411 0.0 0.560793 0.420601 0.0 0.561042 0.420793 0.0 0.561291 0.420984 0.0 0.561538 0.421178 0.0 0.561786 0.421371 0.0 0.562032 0.421566 0.0 0.562279 0.421761 0.0 0.562524 0.421957 0.0 0.562769 0.422154 0.0 0.563013 0.422352 0.0 0.563257 0.42255 0.0 0.5635 0.422749 0.0 0.563742 0.422949 0.0 0.563984 0.42315 0.0 0.564225 0.423351 0.0 0.564465 0.423553 0.0 0.564706 0.423756 0.0 0.564944 0.42396 0.0 0.565183 0.424164 0.0 0.565421 0.424369 0.0 0.565659 0.424575 0.0 0.565895 0.424782 0.0 0.566131 0.424989 0.0 0.566366 0.425197 0.0 0.566601 0.425406 0.0 0.566835 0.425616 0.0 0.567069 0.425826 0.0 0.567301 0.426037 0.0 0.567533 0.426249 0.0 0.567764 0.426462 0.0 0.567995 0.426674 0.0 0.568225 0.426889 0.0 0.568455 0.427103 0.0 0.568683 0.427319 0.0 0.568911 0.427535 0.0 0.569138 0.427752 0.0 0.569365 0.427969 0.0 0.569591 0.428188 0.0 0.569817 0.428406 0.0 0.570041 0.428626 0.0 0.570265 0.428846 0.0 0.570488 0.429068 0.0 0.570711 0.429289 0.0 0.570932 0.429512 0.0 0.571154 0.429735 0.0 0.571374 0.429959 0.0 0.571594 0.430183 0.0 0.571812 0.430409 0.0 0.572031 0.430635 0.0 0.572248 0.430862 0.0 0.572465 0.431089 0.0 0.572681 0.431317 0.0 0.572897 0.431545 0.0 0.573111 0.431775 0.0 0.573326 0.432005 0.0 0.573538 0.432236 0.0 0.573751 0.432467 0.0 0.573963 0.432699 0.0 0.574174 0.432931 0.0 0.574384 0.433165 0.0 0.574594 0.433399 0.0 0.574803 0.433634 0.0 0.575011 0.433869 0.0 0.575218 0.434105 0.0 0.575425 0.434341 0.0 0.575631 0.434579 0.0 0.575836 0.434817 0.0 0.57604 0.435056 0.0 0.576244 0.435294 0.0 0.576447 0.435535 0.0 0.576649 0.435775 0.0 0.57685 0.436016 0.0 0.577051 0.436258 0.0 0.577251 0.4365 0.0 0.57745 0.436743 0.0 0.577648 0.436987 0.0 0.577846 0.437231 0.0 0.578043 0.437476 0.0 0.578239 0.437721 0.0 0.578434 0.437968 0.0 0.578629 0.438214 0.0 0.578822 0.438462 0.0 0.579016 0.438709 0.0 0.579207 0.438958 0.0 0.579399 0.439207 0.0 0.579589 0.439457 0.0 0.579779 0.439707 0.0 0.579968 0.439958 0.0 0.580157 0.44021 0.0 0.580344 0.440462 0.0 0.580531 0.440714 0.0 0.580716 0.440968 0.0 0.580902 0.441221 0.0 0.581086 0.441476 0.0 0.581269 0.441731 0.0 0.581452 0.441987 0.0 0.581634 0.442243 0.0 0.581815 0.4425 0.0 0.581995 0.442757 0.0 0.582174 0.443015 0.0 0.582353 0.443273 0.0 0.582531 0.443532 0.0 0.582708 0.443792 0.0 0.582884 0.444052 0.0 0.58306 0.444312 0.0 0.583234 0.444574 0.0 0.583408 0.444835 0.0 0.58358 0.445098 0.0 0.583753 0.445361 0.0 0.583924 0.445624 0.0 0.584094 0.445888 0.0 0.584264 0.446153 0.0 0.584433 0.446417 0.0 0.5846 0.446683 0.0 0.584768 0.446949 0.0 0.584934 0.447216 0.0 0.585099 0.447483 0.0 0.585264 0.44775 0.0 0.585428 0.448018 0.0 0.58559 0.448287 0.0 0.585753 0.448556 0.0 0.585913 0.448826 0.0 0.586074 0.449096 0.0 0.586233 0.449367 0.0 0.586392 0.449638 0.0 0.58655 0.44991 0.0 0.586707 0.450181 0.0 0.586863 0.450454 0.0 0.587018 0.450727 0.0 0.587172 0.451001 0.0 0.587326 0.451275 0.0 0.587478 0.45155 0.0 0.587631 0.451825 0.0 0.587781 0.4521 0.0 0.587932 0.452376 0.0 0.58808 0.452653 0.0 0.588229 0.45293 0.0 0.588376 0.453207 0.0 0.588523 0.453485 0.0 0.588668 0.453763 0.0 0.588814 0.454042 0.0 0.588957 0.454321 0.0 0.589101 0.454601 0.0 0.589242 0.454881 0.0 0.589384 0.455162 0.0 0.589524 0.455443 0.0 0.589664 0.455724 0.0 0.589802 0.456006 0.0 0.589941 0.456288 0.0 0.590077 0.456571 0.0 0.590213 0.456854 0.0 0.590348 0.457138 0.0 0.590483 0.457422 0.0 0.590616 0.457707 0.0 0.590748 0.457991 0.0 0.59088 0.458277 0.0 0.591011 0.458562 0.0 0.59114 0.458849 0.0 0.591269 0.459135 0.0 0.591397 0.459422 0.0 0.591524 0.459709 0.0 0.59165 0.459997 0.0 0.591775 0.460285 0.0 0.591899 0.460574 0.0 0.592023 0.460863 0.0 0.592145 0.461152 0.0 0.592267 0.461442 0.0 0.592387 0.461732 0.0 0.592508 0.462022 0.0 0.592626 0.462313 0.0 0.592745 0.462604 0.0 0.592861 0.462896 0.0 0.592978 0.463188 0.0 0.593092 0.46348 0.0 0.593207 0.463772 0.0 0.59332 0.464066 0.0 0.593433 0.464359 0.0 0.593544 0.464653 0.0 0.593655 0.464947 0.0 0.593764 0.465241 0.0 0.593873 0.465536 0.0 0.593981 0.465831 0.0 0.594088 0.466126 0.0 0.594194 0.466422 0.0 0.594299 0.466718 0.0 0.594403 0.467015 0.0 0.594506 0.467311 0.0 0.594608 0.467608 0.0 0.59471 0.467906 0.0 0.59481 0.468203 0.0 0.59491 0.468501 0.0 0.595008 0.4688 0.0 0.595106 0.469098 0.0 0.595202 0.469397 0.0 0.595298 0.469696 0.0 0.595392 0.469996 0.0 0.595486 0.470296 0.0 0.595579 0.470596 0.0 0.595671 0.470896 0.0 0.595762 0.471197 0.0 0.595852 0.471498 0.0 0.595941 0.471799 0.0 0.596029 0.472101 0.0 0.596116 0.472403 0.0 0.596203 0.472705 0.0 0.596288 0.473007 0.0 0.596372 0.47331 0.0 0.596455 0.473613 0.0 0.596538 0.473916 0.0 0.596619 0.474219 0.0 0.5967 0.474523 0.0 0.596779 0.474827 0.0 0.596858 0.475131 0.0 0.596935 0.475436 0.0 0.597013 0.47574 0.0 0.597088 0.476045 0.0 0.597163 0.47635 0.0 0.597237 0.476656 0.0 0.59731 0.476961 0.0 0.597381 0.477267 0.0 0.597453 0.477573 0.0 0.597522 0.477879 0.0 0.597592 0.478186 0.0 0.597659 0.478492 0.0 0.597727 0.478799 0.0 0.597792 0.479107 0.0 0.597858 0.479414 0.0 0.597922 0.479721 0.0 0.597986 0.480029 0.0 0.598047 0.480337 0.0 0.598109 0.480645 0.0 0.598169 0.480953 0.0 0.598229 0.481262 0.0 0.598287 0.481571 0.0 0.598345 0.481879 0.0 0.5984 0.482189 0.0 0.598456 0.482498 0.0 0.59851 0.482807 0.0 0.598564 0.483117 0.0 0.598617 0.483426 0.0 0.598669 0.483736 0.0 0.598719 0.484046 0.0 0.598769 0.484357 0.0 0.598817 0.484667 0.0 0.598865 0.484977 0.0 0.598911 0.485288 0.0 0.598958 0.485599 0.0 0.599002 0.48591 0.0 0.599046 0.486221 0.0 0.599088 0.486532 0.0 0.599131 0.486844 0.0 0.599171 0.487155 0.0 0.599211 0.487467 0.0 0.59925 0.487778 0.0 0.599288 0.48809 0.0 0.599325 0.488402 0.0 0.599361 0.488714 0.0 0.599396 0.489027 0.0 0.59943 0.489339 0.0 0.599463 0.489651 0.0 0.599495 0.489964 0.0 0.599526 0.490276 0.0 0.599556 0.490589 0.0 0.599585 0.490902 0.0 0.599613 0.491215 0.0 0.59964 0.491528 0.0 0.599667 0.491841 0.0 0.599691 0.492154 0.0 0.599716 0.492467 0.0 0.599739 0.492781 0.0 0.599761 0.493094 0.0 0.599782 0.493407 0.0 0.599803 0.493721 0.0 0.599821 0.494035 0.0 0.59984 0.494348 0.0 0.599857 0.494662 0.0 0.599874 0.494976 0.0 0.599888 0.495289 0.0 0.599903 0.495603 0.0 0.599916 0.495917 0.0 0.599929 0.496231 0.0 0.59994 0.496545 0.0 0.599951 0.496859 0.0 0.59996 0.497173 0.0 0.599968 0.497487 0.0 0.599975 0.497801 0.0 0.599982 0.498115 0.0 0.599987 0.498429 0.0 0.599992 0.498743 0.0 0.599995 0.499058 0.0 0.599998 0.499372 0.0 0.599999 0.499686 0.0 
        </DataArray>
      </Points>
      <Polys>
        <DataArray type="Int64" Name="connectivity" format="ascii">
0 1 1 2 2 3 3 4 4 5 5 6 6 7 7 8 8 9 9 10 10 11 11 12 12 13 13 14 14 15 15 16 16 17 17 18 18 19 19 20 20 21 21 22 22 23 23 24 24 25 25 26 26 27 27 28 28 29 29 30 30 31 31 32 32 33 33 34 34 35 35 36 36 37 37 38 38 39 39 40 40 41 41 42 42 43 43 44 44 45 45 46 46 47 47 48 48 49 49 50 50 51 51 52 52 53 53 54 54 55 55 56 56 57 57 58 58 59 59 60 60 61 61 62 62 63 63 64 64 65 65 66 66 67 67 68 68 69 69 70 70 71 71 72 72 73 73 74 74 75 75 76 76 77 77 78 78 79 79 80 80 81 81 82 82 83 83 84 84 85 85 86 86 87 87 88 88 89 89 90 90 91 91 92 92 93 93 94 94 95 95 96 96 97 97 98 98 99 99 100 100 101 101 102 102 103 103 104 104 105 105 106 106 107 107 108 108 109 109 110 110 111 111 112 112 113 113 114 114 115 115 116 116 117 117 118 118 119 119 120 120 121 121 122 122 123 123 124 124 125 125 126 126 127 127 128 128 129 129 130 130 131 131 132 132 133 133 134 134 135 135 136 136 137 137 138 138 139 139 140 140 141 141 142 142 143 143 144 144 145 145 146 146 147 147 148 148 149 149 150 150 151 151 152 152 153 153 154 154 155 155 156 156 157 157 158 158 159 159 160 160 161 161 162 162 163 163 164 164 165 165 166 166 167 167 168 168 169 169 170 170 171 171 172 172 173 173 174 174 175 175 176 176 177 177 178 178 179 179 180 180 181 181 182 182 183 183 184 184 185 185 186 186 187 187 188 188 189 189 190 190 191 191 192 192 193 193 194 194 195 195 196 196 197 197 198 198 199 199 200 200 201 201 202 202 203 203 204 204 205 205 206 206 207 207 208 208 209 209 210 210 211 211 212 212 213 213 214 214 215 215 216 216 217 217 218 218 219 219 220 220 221 221 222 222 223 223 224 224 225 225 226 226 227 227 228 228 229 229 230 230 231 231 232 232 233 233 234 234 235 235 236 236 237 237 238 238 239 239 240 240 241 241 242 242 243 243 244 244 245 245 246 246 247 247 248 248 249 249 250 250 251 251 252 252 253 253 254 254 255 255 256 256 257 257 258 258 259 259 260 260 261 261 262 262 263 263 264 264 265 265 266 266 267 267 268 268 269 269 270 270 271 271 272 272 273 273 274 274 275 275 276 276 277 277 278 278 279 279 280 280 281 281 282 282 283 283 284 284 285 285 286 286 287 287 288 288 289 289 290 290 291 291 292 292 293 293 294 294 295 295 296 296 297 297 298 298 299 299 300 300 301 301 302 302 303 303 304 304 305 305 306 306 307 307 308 308 309 309 310 310 311 311 312 312 313 313 314 314 315 315 316 316 317 317 318 318 319 319 320 320 321 321 322 322 323 323 324 324 325 325 326 326 327 327 328 328 329 329 330 330 331 331 332 332 333 333 334 334 335 335 336 336 337 337 338 338 339 339 340 340 341 341 342 342 343 343 344 344 345 345 346 346 347 347 348 348 349 349 350 350 351 351 352 352 353 353 354 354 355 355 356 356 357 357 358 358 359 359 360 360 361 361 362 362 363 363 364 364 365 365 366 366 367 367 368 368 369 369 370 370 371 371 372 372 373 373 374 374 375 375 376 376 377 377 378 378 379 379 380 380 381 381 382 382 383 383 384 384 385 385 386 386 387 387 388 388 389 389 390 390 391 391 392 392 393 393 394 394 395 395 396 396 397 397 398 398 399 399 400 400 401 401 402 402 403 403 404 404 405 405 406 406 407 407 408 408 409 409 410 410 411 411 412 412 413 413 414 414 415 415 416 416 417 417 418 418 419 419 420 420 421 421 422 422 423 423 424 424 425 425 426 426 427 427 428 428 429 429 430 430 431 431 432 432 433 433 434 434 435 435 436 436 437 437 438 438 439 439 440 440 441 441 442 442 443 443 444 444 445 445 446 446 447 447 448 448 449 449 450 450 451 451 452 452 453 453 454 454 455 455 456 456 457 457 458 458 459 459 460 460 461 461 462 462 463 463 464 464 465 465 466 466 467 467 468 468 469 469 470 470 471 471 472 472 473 473 474 474 475 475 476 476 477 477 478 478 479 479 480 480 481 481 482 482 483 483 484 484 485 485 486 486 487 487 488 488 489 489 490 490 491 491 492 492 493 493 494 494 495 495 496 496 497 497 498 498 499 499 500 500 501 501 502 502 503 503 504 504 505 505 506 506 507 507 508 508 509 509 510 510 511 511 512 512 513 513 514 514 515 515 516 516 517 517 518 518 519 519 520 520 521 521 522 522 523 523 524 524 525 525 526 526 527 527 528 528 529 529 530 530 531 531 532 532 533 533 534 534 535 535 536 536 537 537 538 538 539 539 540 540 541 541 542 542 543 543 544 544 545 545 546 546 547 547 548 548 549 549 550 550 551 551 552 552 553 553 554 554 555 555 556 556 557 557 558 558 559 559 560 560 561 561 562 562 563 563 564 564 565 565 566 566 567 567 568 568 569 569 570 570 571 571 572 572 573 573 574 574 575 575 576 576 577 577 578 578 579 579 580 580 581 581 582 582 583 583 584 584 585 585 586 586 587 587 588 588 589 589 590 590 591 591 592 592 593 593 594 594 595 595 596 596 597 597 598 598 599 599 600 600 601 601 602 602 603 603 604 604 605 605 606 606 607 607 608 608 609 609 610 610 611 611 612 612 613 613 614 614 615 615 616 616 617 617 618 618 619 619 620 620 621 621 622 622 623 623 624 624 625 625 626 626 627 627 628 628 629 629 630 630 631 631 632 632 633 633 634 634 635 635 636 636 637 637 638 638 639 639 640 640 641 641 642 642 643 643 644 644 645 645 646 646 647 647 648 648 649 649 650 650 651 651 652 652 653 653 654 654 655 655 656 656 657 657 658 658 659 659 660 660 661 661 662 662 663 663 664 664 665 665 666 666 667 667 668 668 669 669 670 670 671 671 672 672 673 673 674 674 675 675 676 676 677 677 678 678 679 679 680 680 681 681 682 682 683 683 684 684 685 685 686 686 687 687 688 688 689 689 690 690 691 691 692 692 693 693 694 694 695 695 696 696 697 697 698 698 699 699 700 700 701 701 702 702 703 703 704 704 705 705 706 706 707 707 708 708 709 709 710 710 711 711 712 712 713 713 714 714 715 715 716 716 717 717 718 718 719 719 720 720 721 721 722 722 723 723 724 724 725 725 726 726 727 727 728 728 729 729 730 730 731 731 732 732 733 733 734 734 735 735 736 736 737 737 738 738 739 739 740 740 741 741 742 742 743 743 744 744 745 745 746 746 747 747 748 748 749 749 750 750 751 751 752 752 753 753 754 754 755 755 756 756 757 757 758 758 759 759 760 760 761 761 762 762 763 763 764 764 765 765 766 766 767 767 768 768 769 769 770 770 771 771 772 772 773 773 774 774 775 775 776 776 777 777 778 778 779 779 780 780 781 781 782 782 783 783 784 784 785 785 786 786 787 787 788 788 789 789 790 790 791 791 792 792 793 793 794 794 795 795 796 796 797 797 798 798 799 799 800 800 801 801 802 802 803 803 804 804 805 805 806 806 807 807 808 808 809 809 810 810 811 811 812 812 813 813 814 814 815 815 816 816 817 817 818 818 819 819 820 820 821 821 822 822 823 823 824 824 825 825 826 826 827 827 828 828 829 829 830 830 831 831 832 832 833 833 834 834 835 835 836 836 837 837 838 838 839 839 840 840 841 841 842 842 843 843 844 844 845 845 846 846 847 847 848 848 849 849 850 850 851 851 852 852 853 853 854 854 855 855 856 856 857 857 858 858 859 859 860 860 861 861 862 862 863 863 864 864 865 865 866 866 867 867 868 868 869 869 870 870 871 871 872 872 873 873 874 874 875 875 876 876 877 877 878 878 879 879 880 880 881 881 882 882 883 883 884 884 885 885 886 886 887 887 888 888 889 889 890 890 891 891 892 892 893 893 894 894 895 895 896 896 897 897 898 898 899 899 900 900 901 901 902 902 903 903 904 904 905 905 906 906 907 907 908 908 909 909 910 910 911 911 912 912 913 913 914 914 915 915 916 916 917 917 918 918 919 919 920 920 921 921 922 922 923 923 924 924 925 925 926 926 927 927 928 928 929 929 930 930 931 931 932 932 933 933 934 934 935 935 936 936 937 937 938 938 939 939 940 940 941 941 942 942 943 943 944 944 945 945 946 946 947 947 948 948 949 949 950 950 951 951 952 952 953 953 954 954 955 955 956 956 957 957 958 958 959 959 960 960 961 961 962 962 963 963 964 964 965 965 966 966 967 967 968 968 969 969 970 970 971 971 972 972 973 973 974 974 975 975 976 976 977 977 978 978 979 979 980 980 981 981 982 982 983 983 984 984 985 985 986 986 987 987 988 988 989 989 990 990 991 991 992 992 993 993 994 994 995 995 996 996 997 997 998 998 999 999 1000 1000 1001 1001 1002 1002 1003 1003 1004 1004 1005 1005 1006 1006 1007 1007 1008 1008 1009 1009 1010 1010 1011 1011 1012 1012 1013 1013 1014 1014 1015 1015 1016 1016 1017 1017 1018 1018 1019 1019 1020 1020 1021 1021 1022 1022 1023 1023 1024 1024 1025 1025 1026 1026 1027 1027 1028 1028 1029 1029 1030 1030 1031 1031 1032 1032 1033 1033 1034 1034 1035 1035 1036 1036 1037 1037 1038 1038 1039 1039 1040 1040 1041 1041 1042 1042 1043 1043 1044 1044 1045 1045 1046 1046 1047 1047 1048 1048 1049 1049 1050 1050 1051 1051 1052 1052 1053 1053 1054 1054 1055 1055 1056 1056 1057 1057 1058 1058 1059 1059 1060 1060 1061 1061 1062 1062 1063 1063 1064 1064 1065 1065 1066 1066 1067 1067 1068 1068 1069 1069 1070 1070 1071 1071 1072 1072 1073 1073 1074 1074 1075 1075 1076 1076 1077 1077 1078 1078 1079 1079 1080 1080 1081 1081 1082 1082 1083 1083 1084 1084 1085 1085 1086 1086 1087 1087 1088 1088 1089 1089 1090 1090 1091 1091 1092 1092 1093 1093 1094 1094 1095 1095 1096 1096 1097 1097 1098 1098 1099 1099 1100 1100 1101 1101 1102 1102 1103 1103 1104 1104 1105 1105 1106 1106 1107 1107 1108 1108 1109 1109 1110 1110 1111 1111 1112 1112 1113 1113 1114 1114 1115 1115 1116 1116 1117 1117 1118 1118 1119 1119 1120 1120 1121 1121 1122 1122 1123 1123 1124 1124 1125 1125 1126 1126 1127 1127 1128 1128 1129 1129 1130 1130 1131 1131 1132 1132 1133 1133 1134 1134 1135 1135 1136 1136 1137 1137 1138 1138 1139 1139 1140 1140 1141 1141 1142 1142 1143 1143 1144 1144 1145 1145 1146 1146 1147 1147 1148 1148 1149 1149 1150 1150 1151 1151 1152 1152 1153 1153 1154 1154 1155 1155 1156 1156 1157 1157 1158 1158 1159 1159 1160 1160 1161 1161 1162 1162 1163 1163 1164 1164 1165 1165 1166 1166 1167 1167 1168 1168 1169 1169 1170 1170 1171 1171 1172 1172 1173 1173 1174 1174 1175 1175 1176 1176 1177 1177 1178 1178 1179 1179 1180 1180 1181 1181 1182 1182 1183 1183 1184 1184 1185 1185 1186 1186 1187 1187 1188 1188 1189 1189 1190 1190 1191 1191 1192 1192 1193 1193 1194 1194 1195 1195 1196 1196 1197 1197 1198 1198 1199 1199 1200 1200 1201 1201 1202 1202 1203 1203 1204 1204 1205 1205 1206 1206 1207 1207 1208 1208 1209 1209 1210 1210 1211 1211 1212 1212 1213 1213 1214 1214 1215 1215 1216 1216 1217 1217 1218 1218 1219 1219 1220 1220 1221 1221 1222 1222 1223 1223 1224 1224 1225 1225 1226 1226 1227 1227 1228 1228 1229 1229 1230 1230 1231 1231 1232 1232 1233 1233 1234 1234 1235 1235 1236 1236 1237 1237 1238 1238 1239 1239 1240 1240 1241 1241 1242 1242 1243 1243 1244 1244 1245 1245 1246 1246 1247 1247 1248 1248 1249 1249 1250 1250 1251 1251 1252 1252 1253 1253 1254 1254 1255 1255 1256 1256 1257 1257 1258 1258 1259 1259 1260 1260 1261 1261 1262 1262 1263 1263 1264 1264 1265 1265 1266 1266 1267 1267 1268 1268 1269 1269 1270 1270 1271 1271 1272 1272 1273 1273 1274 1274 1275 1275 1276 1276 1277 1277 1278 1278 1279 1279 1280 1280 1281 1281 1282 1282 1283 1283 1284 1284 1285 1285 1286 1286 1287 1287 1288 1288 1289 1289 1290 1290 1291 1291 1292 1292 1293 1293 1294 1294 1295 1295 1296 1296 1297 1297 1298 1298 1299 1299 1300 1300 1301 1301 1302 1302 1303 1303 1304 1304 1305 1305 1306 1306 1307 1307 1308 1308 1309 1309 1310 1310 1311 1311 1312 1312 1313 1313 1314 1314 1315 1315 1316 1316 1317 1317 1318 1318 1319 1319 1320 1320 1321 1321 1322 1322 1323 1323 1324 1324 1325 1325 1326 1326 1327 1327 1328 1328 1329 1329 1330 1330 1331 1331 1332 1332 1333 1333 1334 1334 1335 1335 1336 1336 1337 1337 1338 1338 1339 1339 1340 1340 1341 1341 1342 1342 1343 1343 1344 1344 1345 1345 1346 1346 1347 1347 1348 1348 1349 1349 1350 1350 1351 1351 1352 1352 1353 1353 1354 1354 1355 1355 1356 1356 1357 1357 1358 1358 1359 1359 1360 1360 1361 1361 1362 1362 1363 1363 1364 1364 1365 1365 1366 1366 1367 1367 1368 1368 1369 1369 1370 1370 1371 1371 1372 1372 1373 1373 1374 1374 1375 1375 1376 1376 1377 1377 1378 1378 1379 1379 1380 1380 1381 1381 1382 1382 1383 1383 1384 1384 1385 1385 1386 1386 1387 1387 1388 1388 1389 1389 1390 1390 1391 1391 1392 1392 1393 1393 1394 1394 1395 1395 1396 1396 1397 1397 1398 1398 1399 1399 1400 1400 1401 1401 1402 1402 1403 1403 1404 1404 1405 1405 1406 1406 1407 1407 1408 1408 1409 1409 1410 1410 1411 1411 1412 1412 1413 1413 1414 1414 1415 1415 1416 1416 1417 1417 1418 1418 1419 1419 1420 1420 1421 1421 1422 1422 1423 1423 1424 1424 1425 1425 1426 1426 1427 1427 1428 1428 1429 1429 1430 1430 1431 1431 1432 1432 1433 1433 1434 1434 1435 1435 1436 1436 1437 1437 1438 1438 1439 1439 1440 1440 1441 1441 1442 1442 1443 1443 1444 1444 1445 1445 1446 1446 1447 1447 1448 1448 1449 1449 1450 1450 1451 1451 1452 1452 1453 1453 1454 1454 1455 1455 1456 1456 1457 1457 1458 1458 1459 1459 1460 1460 1461 1461 1462 1462 1463 1463 1464 1464 1465 1465 1466 1466 1467 1467 1468 1468 1469 1469 1470 1470 1471 1471 1472 1472 1473 1473 1474 1474 1475 1475 1476 1476 1477 1477 1478 1478 1479 1479 1480 1480 1481 1481 1482 1482 1483 1483 1484 1484 1485 1485 1486 1486 1487 1487 1488 1488 1489 1489 1490 1490 1491 1491 1492 1492 1493 1493 1494 1494 1495 1495 1496 1496 1497 1497 1498 1498 1499 1499 1500 1500 1501 1501 1502 1502 1503 1503 1504 1504 1505 1505 1506 1506 1507 1507 1508 1508 1509 1509 1510 1510 1511 1511 1512 1512 1513 1513 1514 1514 1515 1515 1516 1516 1517 1517 1518 1518 1519 1519 1520 1520 1521 1521 1522 1522 1523 1523 1524 1524 1525 1525 1526 1526 1527 1527 1528 1528 1529 1529 1530 1530 1531 1531 1532 1532 1533 1533 1534 1534 1535 1535 1536 1536 1537 1537 1538 1538 1539 1539 1540 1540 1541 1541 1542 1542 1543 1543 1544 1544 1545 1545 1546 1546 1547 1547 1548 1548 1549 1549 1550 1550 1551 1551 1552 1552 1553 1553 1554 1554 1555 1555 1556 1556 1557 1557 1558 1558 1559 1559 1560 1560 1561 1561 1562 1562 1563 1563 1564 1564 1565 1565 1566 1566 1567 1567 1568 1568 1569 1569 1570 1570 1571 1571 1572 1572 1573 1573 1574 1574 1575 1575 1576 1576 1577 1577 1578 1578 1579 1579 1580 1580 1581 1581 1582 1582 1583 1583 1584 1584 1585 1585 1586 1586 1587 1587 1588 1588 1589 1589 1590 1590 1591 1591 1592 1592 1593 1593 1594 1594 1595 1595 1596 1596 1597 1597 1598 1598 1599 1599 1600 1600 1601 1601 1602 1602 1603 1603 1604 1604 1605 1605 1606 1606 1607 1607 1608 1608 1609 1609 1610 1610 1611 1611 1612 1612 1613 1613 1614 1614 1615 1615 1616 1616 1617 1617 1618 1618 1619 1619 1620 1620 1621 1621 1622 1622 1623 1623 1624 1624 1625 1625 1626 1626 1627 1627 1628 1628 1629 1629 1630 1630 1631 1631 1632 1632 1633 1633 1634 1634 1635 1635 1636 1636 1637 1637 1638 1638 1639 1639 1640 1640 1641 1641 1642 1642 1643 1643 1644 1644 1645 1645 1646 1646 1647 1647 1648 1648 1649 1649 1650 1650 1651 1651 1652 1652 1653 1653 1654 1654 1655 1655 1656 1656 1657 1657 1658 1658 1659 1659 1660 1660 1661 1661 1662 1662 1663 1663 1664 1664 1665 1665 1666 1666 1667 1667 1668 1668 1669 1669 1670 1670 1671 1671 1672 1672 1673 1673 1674 1674 1675 1675 1676 1676 1677 1677 1678 1678 1679 1679 1680 1680 1681 1681 1682 1682 1683 1683 1684 1684 1685 1685 1686 1686 1687 1687 1688 1688 1689 1689 1690 1690 1691 1691 1692 1692 1693 1693 1694 1694 1695 1695 1696 1696 1697 1697 1698 1698 1699 1699 1700 1700 1701 1701 1702 1702 1703 1703 1704 1704 1705 1705 1706 1706 1707 1707 1708 1708 1709 1709 1710 1710 1711 1711 1712 1712 1713 1713 1714 1714 1715 1715 1716 1716 1717 1717 1718 1718 1719 1719 1720 1720 1721 1721 1722 1722 1723 1723 1724 1724 1725 1725 1726 1726 1727 1727 1728 1728 1729 1729 1730 1730 1731 1731 1732 1732 1733 1733 1734 1734 1735 1735 1736 1736 1737 1737 1738 1738 1739 1739 1740 1740 1741 1741 1742 1742 1743 1743 1744 1744 1745 1745 1746 1746 1747 1747 1748 1748 1749 1749 1750 1750 1751 1751 1752 1752 1753 1753 1754 1754 1755 1755 1756 1756 1757 1757 1758 1758 1759 1759 1760 1760 1761 1761 1762 1762 1763 1763 1764 1764 1765 1765 1766 1766 1767 1767 1768 1768 1769 1769 1770 1770 1771 1771 1772 1772 1773 1773 1774 1774 1775 1775 1776 1776 1777 1777 1778 1778 1779 1779 1780 1780 1781 1781 1782 1782 1783 1783 1784 1784 1785 1785 1786 1786 1787 1787 1788 1788 1789 1789 1790 1790 1791 1791 1792 1792 1793 1793 1794 1794 1795 1795 1796 1796 1797 1797 1798 1798 1799 1799 1800 1800 1801 1801 1802 1802 1803 1803 1804 1804 1805 1805 1806 1806 1807 1807 1808 1808 1809 1809 1810 1810 1811 1811 1812 1812 1813 1813 1814 1814 1815 1815 1816 1816 1817 1817 1818 1818 1819 1819 1820 1820 1821 1821 1822 1822 1823 1823 1824 1824 1825 1825 1826 1826 1827 1827 1828 1828 1829 1829 1830 1830 1831 1831 1832 1832 1833 1833 1834 1834 1835 1835 1836 1836 1837 1837 1838 1838 1839 1839 1840 1840 1841 1841 1842 1842 1843 1843 1844 1844 1845 1845 1846 1846 1847 1847 1848 1848 1849 1849 1850 1850 1851 1851 1852 1852 1853 1853 1854 1854 1855 1855 1856 1856 1857 1857 1858 1858 1859 1859 1860 1860 1861 1861 1862 1862 1863 1863 1864 1864 1865 1865 1866 1866 1867 1867 1868 1868 1869 1869 1870 1870 1871 1871 1872 1872 1873 1873 1874 1874 1875 1875 1876 1876 1877 1877 1878 1878 1879 1879 1880 1880 1881 1881 1882 1882 1883 1883 1884 1884 1885 1885 1886 1886 1887 1887 1888 1888 1889 1889 1890 1890 1891 1891 1892 1892 1893 1893 1894 1894 1895 1895 1896 1896 1897 1897 1898 1898 1899 1899 1900 1900 1901 1901 1902 1902 1903 1903 1904 1904 1905 1905 1906 1906 1907 1907 1908 1908 1909 1909 1910 1910 1911 1911 1912 1912 1913 1913 1914 1914 1915 1915 1916 1916 1917 1917 1918 1918 1919 1919 1920 1920 1921 1921 1922 1922 1923 1923 1924 1924 1925 1925 1926 1926 1927 1927 1928 1928 1929 1929 1930 1930 1931 1931 1932 1932 1933 1933 1934 1934 1935 1935 1936 1936 1937 1937 1938 1938 1939 1939 1940 1940 1941 1941 1942 1942 1943 1943 1944 1944 1945 1945 1946 1946 1947 1947 1948 1948 1949 1949 1950 1950 1951 1951 1952 1952 1953 1953 1954 1954 1955 1955 1956 1956 1957 1957 1958 1958 1959 1959 1960 1960 1961 1961 1962 1962 1963 1963 1964 1964 1965 1965 1966 1966 1967 1967 1968 1968 1969 1969 1970 1970 1971 1971 1972 1972 1973 1973 1974 1974 1975 1975 1976 1976 1977 1977 1978 1978 1979 1979 1980 1980 1981 1981 1982 1982 1983 1983 1984 1984 1985 1985 1986 1986 1987 1987 1988 1988 1989 1989 1990 1990 1991 1991 1992 1992 1993 1993 1994 1994 1995 1995 1996 1996 1997 1997 1998 1998 1999 1999 0 
        </DataArray>
        <DataArray type="Int64" Name="offsets" format="ascii">
2 4 6 8 10 12 14 16 18 20 22 24 26 28 30 32 34 36 38 40 42 44 46 48 50 52 54 56 58 60 62 64 66 68 70 72 74 76 78 80 82 84 86 88 90 92 94 96 98 100 102 104 106 108 110 112 114 116 118 120 122 124 126 128 130 132 134 136 138 140 142 144 146 148 150 152 154 156 158 160 162 164 166 168 170 172 174 176 178 180 182 184 186 188 190 192 194 196 198 200 202 204 206 208 210 212 214 216 218 220 222 224 226 228 230 232 234 236 238 240 242 244 246 248 250 252 254 256 258 260 262 264 266 268 270 272 274 276 278 280 282 284 286 288 290 292 294 296 298 300 302 304 306 308 310 312 314 316 318 320 322 324 326 328 330 332 334 336 338 340 342 344 346 348 350 352 354 356 358 360 362 364 366 368 370 372 374 376 378 380 382 384 386 388 390 392 394 396 398 400 402 404 406 408 410 412 414 416 418 420 422 424 426 428 430 432 434 436 438 440 442 444 446 448 450 452 454 456 458 460 462 464 466 468 470 472 474 476 478 480 482 484 486 488 490 492 494 496 498 500 502 504 506 508 510 512 514 516 518 520 522 524 526 528 530 532 534 536 538 540 542 544 546 548 550 552 554 556 558 560 562 564 566 568 570 572 574 576 578 580 582 584 586 588 590 592 594 596 598 600 602 604 606 608 610 612 614 616 618 620 622 624 626 628 630 632 634 636 638 640 642 644 646 648 650 652 654 656 658 660 662 664 666 668 670 672 674 676 678 680 682 684 686 688 690 692 694 696 698 700 702 704 706 708 710 712 714 716 718 720 722 724 726 728 730 732 734 736 738 740 742 744 746 748 750 752 754 756 758 760 762 764 766 768 770 772 774 776 778 780 782 784 786 788 790 792 794 796 798 800 802 804 806 808 810 812 814 816 818 820 822 824 826 828 830 832 834 836 838 840 842 844 846 848 850 852 854 856 858 860 862 864 866 868 870 872 874 876 878 880 882 884 886 888 890 892 894 896 898 900 902 904 906 908 910 912 914 916 918 920 922 924 926 928 930 932 934 936 938 940 942 944 946 948 950 952 954 956 958 960 962 964 966 968 970 972 974 976 978 980 982 984 986 988 990 992 994 996 998 1000 1002 1004 1006 1008 1010 1012 1014 1016 1018 1020 1022 1024 1026 1028 1030 1032 1034 1036 1038 1040 1042 1044 1046 1048 1050 1052 1054 1056 1058 1060 1062 1064 1066 1068 1070 1072 1074 1076 1078 1080 1082 1084 1086 1088 1090 1092 1094 1096 1098 1100 1102 1104 1106 1108 1110 1112 1114 1116 1118 1120 1122 1124 1126 1128 1130 1132 1134 1136 1138 1140 1142 1144 1146 1148 1150 1152 1154 1156 1158 1160 1162 1164 1166 1168 1170 1172 1174 1176 1178 1180 1182 1184 1186 1188 1190 1192 1194 1196 1198 1200 1202 1204 1206 1208 1210 1212 1214 1216 1218 1220 1222 1224 1226 1228 1230 1232 1234 1236 1238 1240 1242 1244 1246 1248 1250 1252 1254 1256 1258 1260 1262 1264 1266 1268 1270 1272 1274 1276 1278 1280 1282 1284 1286 1288 1290 1292 1294 1296 1298 1300 1302 1304 1306 1308 1310 1312 1314 1316 1318 1320 1322 1324 1326 1328 1330 1332 1334 1336 1338 1340 1342 1344 1346 1348 1350 1352 1354 1356 1358 1360 1362 1364 1366 1368 1370 1372 1374 1376 1378 1380 1382 1384 1386 1388 1390 1392 1394 1396 1398 1400 1402 1404 1406 1408 1410 1412 1414 1416 1418 1420 1422 1424 1426 1428 1430 1432 1434 1436 1438 1440 1442 1444 1446 1448 1450 1452 1454 1456 1458 1460 1462 1464 1466 1468 1470 1472 1474 1476 1478 1480 1482 1484 1486 1488 1490 1492 1494 1496 1498 1500 1502 1504 1506 1508 1510 1512 1514 1516 1518 1520 1522 1524 1526 1528 1530 1532 1534 1536 1538 1540 1542 1544 1546 1548 1550 1552 1554 1556 1558 1560 1562 1564 1566 1568 1570 1572 1574 1576 1578 1580 1582 1584 1586 1588 1590 1592 1594 1596 1598 1600 1602 1604 1606 1608 1610 1612 1614 1616 1618 1620 1622 1624 1626 1628 1630 1632 1634 1636 1638 1640 1642 1644 1646 1648 1650 1652 1654 1656 1658 1660 1662 1664 1666 1668 1670 1672 1674 1676 1678 1680 1682 1684 1686 1688 1690 1692 1694 1696 1698 1700 1702 1704 1706 1708 1710 1712 1714 1716 1718 1720 1722 1724 1726 1728 1730 1732 1734 1736 1738 1740 1742 1744 1746 1748 1750 1752 1754 1756 1758 1760 1762 1764 1766 1768 1770 1772 1774 1776 1778 1780 1782 1784 1786 1788 1790 1792 1794 1796 1798 1800 1802 1804 1806 1808 1810 1812 1814 1816 1818 1820 1822 1824 1826 1828 1830 1832 1834 1836 1838 1840 1842 1844 1846 1848 1850 1852 1854 1856 1858 1860 1862 1864 1866 1868 1870 1872 1874 1876 1878 1880 1882 1884 1886 1888 1890 1892 1894 1896 1898 1900 1902 1904 1906 1908 1910 1912 1914 1916 1918 1920 1922 1924 1926 1928 1930 1932 1934 1936 1938 1940 1942 1944 1946 1948 1950 1952 1954 1956 1958 1960 1962 1964 1966 1968 1970 1972 1974 1976 1978 1980 1982 1984 1986 1988 1990 1992 1994 1996 1998 2000 2002 2004 2006 2008 2010 2012 2014 2016 2018 2020 2022 2024 2026 2028 2030 2032 2034 2036 2038 2040 2042 2044 2046 2048 2050 2052 2054 2056 2058 2060 2062 2064 2066 2068 2070 2072 2074 2076 2078 2080 2082 2084 2086 2088 2090 2092 2094 2096 2098 2100 2102 2104 2106 2108 2110 2112 2114 2116 2118 2120 2122 2124 2126 2128 2130 2132 2134 2136 2138 2140 2142 2144 2146 2148 2150 2152 2154 2156 2158 2160 2162 2164 2166 2168 2170 2172 2174 2176 2178 2180 2182 2184 2186 2188 2190 2192 2194 2196 2198 2200 2202 2204 2206 2208 2210 2212 2214 2216 2218 2220 2222 2224 2226 2228 2230 2232 2234 2236 2238 2240 2242 2244 2246 2248 2250 2252 2254 2256 2258 2260 2262 2264 2266 2268 2270 2272 2274 2276 2278 2280 2282 2284 2286 2288 2290 2292 2294 2296 2298 2300 2302 2304 2306 2308 2310 2312 2314 2316 2318 2320 2322 2324 2326 2328 2330 2332 2334 2336 2338 2340 2342 2344 2346 2348 2350 2352 2354 2356 2358 2360 2362 2364 2366 2368 2370 2372 2374 2376 2378 2380 2382 2384 2386 2388 2390 2392 2394 2396 2398 2400 2402 2404 2406 2408 2410 2412 2414 2416 2418 2420 2422 2424 2426 2428 2430 2432 2434 2436 2438 2440 2442 2444 2446 2448 2450 2452 2454 2456 2458 2460 2462 2464 2466 2468 2470 2472 2474 2476 2478 2480 2482 2484 2486 2488 2490 2492 2494 2496 2498 2500 2502 2504 2506 2508 2510 2512 2514 2516 2518 2520 2522 2524 2526 2528 2530 2532 2534 2536 2538 2540 2542 2544 2546 2548 2550 2552 2554 2556 2558 2560 2562 2564 2566 2568 2570 2572 2574 2576 2578 2580 2582 2584 2586 2588 2590 2592 2594 2596 2598 2600 2602 2604 2606 2608 2610 2612 2614 2616 2618 2620 2622 2624 2626 2628 2630 2632 2634 2636 2638 2640 2642 2644 2646 2648 2650 2652 2654 2656 2658 2660 2662 2664 2666 2668 2670 2672 2674 2676 2678 2680 2682 2684 2686 2688 2690 2692 2694 2696 2698 2700 2702 2704 2706 2708 2710 2712 2714 2716 2718 2720 2722 2724 2726 2728 2730 2732 2734 2736 2738 2740 2742 2744 2746 2748 2750 2752 2754 2756 2758 2760 2762 2764 2766 2768 2770 2772 2774 2776 2778 2780 2782 2784 2786 2788 2790 2792 2794 2796 2798 2800 2802 2804 2806 2808 2810 2812 2814 2816 2818 2820 2822 2824 2826 2828 2830 2832 2834 2836 2838 2840 2842 2844 2846 2848 2850 2852 2854 2856 2858 2860 2862 2864 2866 2868 2870 2872 2874 2876 2878 2880 2882 2884 2886 2888 2890 2892 2894 2896 2898 2900 2902 2904 2906 2908 2910 2912 2914 2916 2918 2920 2922 2924 2926 2928 2930 2932 2934 2936 2938 2940 2942 2944 2946 2948 2950 2952 2954 2956 2958 2960 2962 2964 2966 2968 2970 2972 2974 2976 2978 2980 2982 2984 2986 2988 2990 2992 2994 2996 2998 3000 3002 3004 3006 3008 3010 3012 3014 3016 3018 3020 3022 3024 3026 3028 3030 3032 3034 3036 3038 3040 3042 3044 3046 3048 3050 3052 3054 3056 3058 3060 3062 3064 3066 3068 3070 3072 3074 3076 3078 3080 3082 3084 3086 3088 3090 3092 3094 3096 3098 3100 3102 3104 3106 3108 3110 3112 3114 3116 3118 3120 3122 3124 3126 3128 3130 3132 3134 3136 3138 3140 3142 3144 3146 3148 3150 3152 3154 3156 3158 3160 3162 3164 3166 3168 3170 3172 3174 3176 3178 3180 3182 3184 3186 3188 3190 3192 3194 3196 3198 3200 3202 3204 3206 3208 3210 3212 3214 3216 3218 3220 3222 3224 3226 3228 3230 3232 3234 3236 3238 3240 3242 3244 3246 3248 3250 3252 3254 3256 3258 3260 3262 3264 3266 3268 3270 3272 3274 3276 3278 3280 3282 3284 3286 3288 3290 3292 3294 3296 3298 3300 3302 3304 3306 3308 3310 3312 3314 3316 3318 3320 3322 3324 3326 3328 3330 3332 3334 3336 3338 3340 3342 3344 3346 3348 3350 3352 3354 3356 3358 3360 3362 3364 3366 3368 3370 3372 3374 3376 3378 3380 3382 3384 3386 3388 3390 3392 3394 3396 3398 3400 3402 3404 3406 3408 3410 3412 3414 3416 3418 3420 3422 3424 3426 3428 3430 3432 3434 3436 3438 3440 3442 3444 3446 3448 3450 3452 3454 3456 3458 3460 3462 3464 3466 3468 3470 3472 3474 3476 3478 3480 3482 3484 3486 3488 3490 3492 3494 3496 3498 3500 3502 3504 3506 3508 3510 3512 3514 3516 3518 3520 3522 3524 3526 3528 3530 3532 3534 3536 3538 3540 3542 3544 3546 3548 3550 3552 3554 3556 3558 3560 3562 3564 3566 3568 3570 3572 3574 3576 3578 3580 3582 3584 3586 3588 3590 3592 3594 3596 3598 3600 3602 3604 3606 3608 3610 3612 3614 3616 3618 3620 3622 3624 3626 3628 3630 3632 3634 3636 3638 3640 3642 3644 3646 3648 3650 3652 3654 3656 3658 3660 3662 3664 3666 3668 3670 3672 3674 3676 3678 3680 3682 3684 3686 3688 3690 3692 3694 3696 3698 3700 3702 3704 3706 3708 3710 3712 3714 3716 3718 3720 3722 3724 3726 3728 3730 3732 3734 3736 3738 3740 3742 3744 3746 3748 3750 3752 3754 3756 3758 3760 3762 3764 3766 3768 3770 3772 3774 3776 3778 3780 3782 3784 3786 3788 3790 3792 3794 3796 3798 3800 3802 3804 3806 3808 3810 3812 3814 3816 3818 3820 3822 3824 3826 3828 3830 3832 3834 3836 3838 3840 3842 3844 3846 3848 3850 3852 3854 3856 3858 3860 3862 3864 3866 3868 3870 3872 3874 3876 3878 3880 3882 3884 3886 3888 3890 3892 3894 3896 3898 3900 3902 3904 3906 3908 3910 3912 3914 3916 3918 3920 3922 3924 3926 3928 3930 3932 3934 3936 3938 3940 3942 3944 3946 3948 3950 3952 3954 3956 3958 3960 3962 3964 3966 3968 3970 3972 3974 3976 3978 3980 3982 3984 3986 3988 3990 3992 3994 3996 3998 4000 
        </DataArray>
      </Polys>
      <CellData Scalars="Pressure">
        <DataArray type="Float64" Name="Pressure" format="ascii">
89581.1 88625.1 87663.5 86717.1 85754 84407.1 82980.4 81575.5 81570.2 81936.1 82305 82074.6 81596.7 81130.3 81132.2 81413.9 81695.3 81993.7 82321.6 82647.3 82972.1 83278.8 83588 84007.3 84651.2 85287.2 85849.9 86168.3 86488.7 86837.4 87378.1 87912.5 88434.5 88658.9 88878.8 89086.8 89915.2 90756.9 92048.8 92762.7 93500.7 94227.2 94776.4 95291.2 95812.6 96016.5 96751.4 97483.5 98190.5 98842.8 99499.3 100237 101136 102032 102926 103736 104551 105399 106583 108134 109294 110429 111599 112727 113367 114298 115237 116268 117360 118438 119535 120624 121740 122913 124588 125842 126789 127951 129118 130249 131358 132446 133549 134843 136204 137563 139289 140633 142040 142977 144147 145289 146483 147782 149123 150463 151842 153455 154816 155684 156854 158013 159249 160522 161837 163142 164484 166049 167023 168072 169148 170216 171355 172503 173688 174944 176704 178063 179138 180182 181253 182315 183408 184520 185655 186628 187578 188504 189425 190273 191129 191966 193378 194374 195400 195992 196632 197256 197905 199026 199968 200832 201387 201958 202518 203091 203830 204748 205438 205959 206459 206921 207416 208156 208784 209334 209780 210161 210518 210894 211502 212001 212438 212813 213108 213377 213702 214046 214380 214678 214902 215079 215227 215433 215578 215726 215881 216023 216024 216164 216328 216341 216375 216372 216529 216792 217013 217184 217375 217426 217668 217857 217817 217901 218004 218235 218343 218525 218705 218878 219107 219284 219457 219561 219703 219893 220064 220125 220313 220484 220718 220639 220659 220736 220875 220670 220521 220345 220222 220100 219988 219850 219663 219509 219322 219107 218935 218777 218617 218465 218309 218239 218150 218072 217955 217948 217924 217921 217942 218002 218106 218232 218382 218553 218736 218939 219170 219420 219120 219313 219519 219727 219701 220230 220639 220915 221066 221112 221133 221116 221060 221119 221220 221336 221472 221849 222284 222844 223361 223866 224664 225340 226063 226440 227266 226407 226169 226436 226234 227654 228813 230810 231963 232787 232787 232997 233724 234383 234994 235305 235548 235834 236122 236854 236856 236773 236834 237076 237123 236911 237101 236100 234938 233803 232570 231002 229526 228237 227832 226831 226265 225604 225408 225259 225170 225143 226030 227183 228771 230319 232317 232617 231077 231265 230993 230071 228473 220813 211894 193325 151432 95573.1 68523.7 36010.4 12256.5 12252.2 12279.5 12762.1 13016 13322.8 12963 13338.1 13690.3 13941.4 14429.8 14757.3 15119.6 14718.6 15132.3 15496.9 15763.9 16353.1 16690.7 16287.7 16634.1 17049 17414 17675.3 18287.9 18711.2 19134.4 18691.7 19209.6 19629.4 19952.3 20591.6 21064.6 21503.9 20671.7 21165.8 21616.5 22009.6 22461.7 22825.4 23082.3 24230.2 23626.4 24000.4 24380.6 24892.4 25293.3 25571.4 26530.7 26980.3 25894.1 26453.2 27087.7 27654.7 28211.6 28804.4 29307 29704 31511 30409.6 31015.8 31675.9 32345.5 32963.4 33632.2 34307.6 34884.5 36640.5 37248 36257.2 36864.5 37608.8 38315.1 38953.3 39692.3 40359.9 40916.6 42315.2 42959 43582.6 42432.6 43178.1 43906.1 44611.9 45417 46144 46818.2 47546.7 48178.1 48684.3 50411.4 51089 49769.6 50542.2 51381.3 52180 53042 53936.8 54780.6 55589.7 56439.5 57175.9 58687.2 59452.7 60256.1 61052.6 61985.4 60330.2 61287.4 62288.9 63298.9 64271.4 65308.2 66320.7 67312.5 68313.9 69321.3 70255.6 71216.8 72155.8 73018.7 74788.5 75638.3 76480.5 77371.6 78434.7 79520.6 80576.5 78680.5 79659.7 80663.2 81775 82902 84007.4 85183.5 86338.9 87507.2 88648.8 89807.2 90944.9 92171.4 93397.2 94636.1 95853.4 97090.5 98304.2 99596.5 100910 102235 103538 104865 106164 107517 108898 110291 111647 113010 114342 115699 117069 118455 119823 121297 122737 124193 125639 127099 128526 130130 131705 133297 134806 136323 137805 139459 141120 142801 144360 145902 147411 148990 150561 152141 153782 155528 157236 158966 160651 162343 164092 166051 167966 169901 171787 173679 175578 177822 180021 182248 184422 186623 188779 191343 193903 200849 202791 204757 206650 208677 210610 212535 209280 211973 214703 217160 219204 221221 223421 226036 228606 231193 233666 236153 238663 241729 250005 252864 255247 257619 259960 256791 259941 263230 266215 269130 271993 274930 277836 280784 283642 292160 294990 291913 295424 299060 302659 305588 308420 311248 314642 318246 321861 330081 332594 335033 331406 334841 338300 341817 345052 348281 351412 354853 365354 369025 365091 369487 373878 378750 383851 389095 394275 399730 411749 411411 413701 416312 419165 420888 421906 422612 423456 429679 430816 427875 433024 438161 443119 447542 451371 463239 458393 462571 467031 471599 474877 478126 481238 490628 493731 496912 492723 497834 503205 508867 519307 523183 526933 523349 527476 531930 536191 539213 548580 552331 548392 553728 559277 564579 575563 579676 583646 580305 584563 589110 593410 603709 607104 612312 608211 615809 623689 639814 646004 658405 656471 654498 653738 654938 652112 657216 662406 667857 672566 681830 685529 690512 687214 692652 698060 703333 709105 715422 722081 727203 736028 738977 742987 739315 743755 748261 761241 757359 762176 767189 772001 783931 787737 791714 786122 790783 805479 813494 809308 822066 835355 861002 861455 871455 881329 891403 886410 881992 881181 878342 874798 886791 891688 898208 896075 902884 918420 924037 922121 927342 932488 944456 942920 948061 953260 964557 963563 968192 972836 977647 982460 988013 994088 1.00089e+06 1.00817e+06 1.02526e+06 1.04269e+06 1.06107e+06 1.07977e+06 1.0859e+06 1.08453e+06 1.08092e+06 1.07519e+06 1.06815e+06 1.06289e+06 1.05902e+06 1.05668e+06 1.05577e+06 1.06096e+06 1.06673e+06 1.07273e+06 1.07914e+06 1.08441e+06 1.08893e+06 1.09338e+06 1.09793e+06 1.11003e+06 1.10716e+06 1.11244e+06 1.1182e+06 1.13218e+06 1.13061e+06 1.13661e+06 1.14288e+06 1.15691e+06 1.16262e+06 1.16062e+06 1.1665e+06 1.18041e+06 1.18739e+06 1.19479e+06 1.19316e+06 1.21217e+06 1.22921e+06 1.23439e+06 1.24309e+06 1.24895e+06 1.24837e+06 1.24827e+06 1.24863e+06 1.25744e+06 1.2535e+06 1.25814e+06 1.26364e+06 1.27754e+06 1.28284e+06 1.28177e+06 1.28672e+06 1.29747e+06 1.30108e+06 1.30348e+06 1.30081e+06 1.30096e+06 1.30059e+06 1.30026e+06 1.31001e+06 1.30095e+06 1.30549e+06 1.31168e+06 1.33465e+06 1.34277e+06 1.35235e+06 1.35573e+06 1.36755e+06 1.37997e+06 1.39115e+06 1.40071e+06 1.40319e+06 1.40403e+06 1.40546e+06 1.4124e+06 1.41494e+06 1.41727e+06 1.4151e+06 1.41714e+06 1.41917e+06 1.42167e+06 1.42472e+06 1.43433e+06 1.43181e+06 1.436e+06 1.44845e+06 1.45869e+06 1.45886e+06 1.46346e+06 1.46261e+06 1.4668e+06 1.4715e+06 1.48337e+06 1.48828e+06 1.49269e+06 1.49223e+06 1.49642e+06 1.50095e+06 1.50596e+06 1.51876e+06 1.52388e+06 1.52919e+06 1.53e+06 1.53462e+06 1.53913e+06 1.54409e+06 1.5552e+06 1.55989e+06 1.5599e+06 1.5645e+06 1.5685e+06 1.57283e+06 1.5776e+06 1.58942e+06 1.59427e+06 1.59925e+06 1.60029e+06 1.6043e+06 1.60851e+06 1.61314e+06 1.62364e+06 1.62783e+06 1.63179e+06 1.63201e+06 1.63583e+06 1.64024e+06 1.64509e+06 1.64938e+06 1.6532e+06 1.6569e+06 1.66371e+06 1.66409e+06 1.66731e+06 1.67068e+06 1.67376e+06 1.67724e+06 1.68099e+06 1.68953e+06 1.69318e+06 1.69303e+06 1.69701e+06 1.70135e+06 1.70564e+06 1.70986e+06 1.71359e+06 1.71754e+06 1.72158e+06 1.72902e+06 1.72843e+06 1.73157e+06 1.73546e+06 1.73971e+06 1.7439e+06 1.7478e+06 1.75122e+06 1.75478e+06 1.76253e+06 1.76563e+06 1.76404e+06 1.76701e+06 1.77088e+06 1.77493e+06 1.77898e+06 1.7825e+06 1.78594e+06 1.78968e+06 1.79859e+06 1.80174e+06 1.80492e+06 1.80632e+06 1.8093e+06 1.81234e+06 1.81522e+06 1.81751e+06 1.82002e+06 1.82283e+06 1.82915e+06 1.83591e+06 1.84267e+06 1.84936e+06 1.8519e+06 1.8526e+06 1.8553e+06 1.85831e+06 1.86136e+06 1.86484e+06 1.86864e+06 1.87249e+06 1.87605e+06 1.87912e+06 1.88225e+06 1.8889e+06 1.89215e+06 1.89554e+06 1.89889e+06 1.90247e+06 1.90422e+06 1.90782e+06 1.91085e+06 1.91385e+06 1.91684e+06 1.92026e+06 1.92374e+06 1.92725e+06 1.9302e+06 1.93291e+06 1.93566e+06 1.93868e+06 1.94178e+06 1.94487e+06 1.94977e+06 1.95241e+06 1.95503e+06 1.95775e+06 1.96048e+06 1.96328e+06 1.96601e+06 1.96714e+06 1.96987e+06 1.97263e+06 1.97493e+06 1.97727e+06 1.97958e+06 1.9822e+06 1.98478e+06 1.98739e+06 1.98954e+06 1.99164e+06 1.99371e+06 1.99599e+06 1.99829e+06 2.00062e+06 2.00269e+06 2.00468e+06 2.00664e+06 2.00863e+06 2.01055e+06 2.0125e+06 2.01439e+06 2.01632e+06 2.01821e+06 2.02005e+06 2.02168e+06 2.02332e+06 2.02499e+06 2.02681e+06 2.02859e+06 2.03033e+06 2.03181e+06 2.0333e+06 2.03479e+06 2.03646e+06 2.0381e+06 2.03975e+06 2.04108e+06 2.04242e+06 2.04374e+06 2.04523e+06 2.04669e+06 2.04818e+06 2.04941e+06 2.05061e+06 2.0518e+06 2.05305e+06 2.05429e+06 2.05555e+06 2.05676e+06 2.05798e+06 2.05919e+06 2.06021e+06 2.0611e+06 2.06199e+06 2.06301e+06 2.06417e+06 2.06531e+06 2.06623e+06 2.06685e+06 2.06747e+06 2.06821e+06 2.06919e+06 2.07016e+06 2.07107e+06 2.07172e+06 2.07238e+06 2.07303e+06 2.07372e+06 2.0744e+06 2.07508e+06 2.07563e+06 2.07619e+06 2.07675e+06 2.07739e+06 2.07801e+06 2.07967e+06 2.07999e+06 2.08031e+06 2.08062e+06 2.08106e+06 2.08152e+06 2.082e+06 2.08182e+06 2.08182e+06 2.08178e+06 2.08191e+06 2.08219e+06 2.08247e+06 2.08247e+06 2.08208e+06 2.08169e+06 2.08135e+06 2.08113e+06 2.08091e+06 2.08066e+06 2.08019e+06 2.08009e+06 2.07964e+06 2.07926e+06 2.07893e+06 2.0786e+06 2.07755e+06 2.07674e+06 2.07587e+06 2.07498e+06 2.07406e+06 2.07315e+06 2.07212e+06 2.07101e+06 2.06988e+06 2.06896e+06 2.06914e+06 2.06848e+06 2.06735e+06 2.0656e+06 2.06378e+06 2.06201e+06 2.06126e+06 2.0606e+06 2.06002e+06 2.05899e+06 2.05786e+06 2.05672e+06 2.05472e+06 2.05333e+06 2.05192e+06 2.04941e+06 2.0477e+06 2.04608e+06 2.04437e+06 2.04238e+06 2.04034e+06 2.03833e+06 2.0365e+06 2.03598e+06 2.03413e+06 2.03143e+06 2.02959e+06 2.02774e+06 2.02576e+06 2.02376e+06 2.02167e+06 2.01966e+06 2.01778e+06 2.01698e+06 2.0141e+06 2.01215e+06 2.01016e+06 2.00817e+06 2.00595e+06 2.00369e+06 2.00134e+06 1.99911e+06 1.9981e+06 1.99599e+06 1.99321e+06 1.99109e+06 1.98899e+06 1.98699e+06 1.9853e+06 1.9835e+06 1.98274e+06 1.97933e+06 1.97733e+06 1.97534e+06 1.97307e+06 1.97011e+06 1.9673e+06 1.96474e+06 1.96336e+06 1.96136e+06 1.9592e+06 1.95577e+06 1.95328e+06 1.95083e+06 1.94833e+06 1.94664e+06 1.94397e+06 1.94136e+06 1.93631e+06 1.93372e+06 1.93134e+06 1.92907e+06 1.92628e+06 1.92465e+06 1.92177e+06 1.91696e+06 1.91398e+06 1.91123e+06 1.90862e+06 1.90722e+06 1.90475e+06 1.90147e+06 1.89646e+06 1.89205e+06 1.88769e+06 1.88384e+06 1.88123e+06 1.87826e+06 1.87489e+06 1.86533e+06 1.86185e+06 1.85893e+06 1.85919e+06 1.85536e+06 1.85419e+06 1.84802e+06 1.84175e+06 1.83898e+06 1.83897e+06 1.83364e+06 1.8306e+06 1.82784e+06 1.82526e+06 1.82267e+06 1.82194e+06 1.81894e+06 1.81576e+06 1.81003e+06 1.80764e+06 1.80564e+06 1.8026e+06 1.79568e+06 1.78854e+06 1.78141e+06 1.7756e+06 1.77391e+06 1.77018e+06 1.7664e+06 1.75348e+06 1.74867e+06 1.74442e+06 1.74614e+06 1.73828e+06 1.73509e+06 1.73191e+06 1.72867e+06 1.7272e+06 1.72327e+06 1.71875e+06 1.71051e+06 1.70595e+06 1.70495e+06 1.70049e+06 1.69161e+06 1.68712e+06 1.68317e+06 1.68305e+06 1.67563e+06 1.67169e+06 1.66813e+06 1.66482e+06 1.6643e+06 1.66068e+06 1.65956e+06 1.65261e+06 1.64524e+06 1.64445e+06 1.6407e+06 1.63599e+06 1.62762e+06 1.62311e+06 1.62241e+06 1.61786e+06 1.6087e+06 1.60394e+06 1.5996e+06 1.59902e+06 1.59039e+06 1.58565e+06 1.58123e+06 1.58057e+06 1.57241e+06 1.56758e+06 1.56302e+06 1.55857e+06 1.55393e+06 1.54898e+06 1.54449e+06 1.5403e+06 1.53656e+06 1.53295e+06 1.52999e+06 1.52758e+06 1.52579e+06 1.52121e+06 1.51284e+06 1.50116e+06 1.48655e+06 1.47217e+06 1.46447e+06 1.4583e+06 1.45384e+06 1.45095e+06 1.44946e+06 1.44749e+06 1.44534e+06 1.44293e+06 1.4396e+06 1.43567e+06 1.43174e+06 1.42769e+06 1.42722e+06 1.41821e+06 1.41335e+06 1.40855e+06 1.40803e+06 1.39802e+06 1.39261e+06 1.3874e+06 1.38756e+06 1.38253e+06 1.37194e+06 1.36704e+06 1.36821e+06 1.36386e+06 1.35918e+06 1.34964e+06 1.35033e+06 1.35028e+06 1.34088e+06 1.33556e+06 1.32531e+06 1.32034e+06 1.3157e+06 1.31126e+06 1.31182e+06 1.3023e+06 1.29764e+06 1.29303e+06 1.29331e+06 1.28829e+06 1.27767e+06 1.27271e+06 1.27388e+06 1.26896e+06 1.2639e+06 1.25343e+06 1.24882e+06 1.24436e+06 1.2402e+06 1.24118e+06 1.23225e+06 1.22781e+06 1.22348e+06 1.22354e+06 1.21848e+06 1.2125e+06 1.2018e+06 1.196e+06 1.19023e+06 1.18438e+06 1.17862e+06 1.1731e+06 1.1682e+06 1.16317e+06 1.16511e+06 1.15992e+06 1.15635e+06 1.14915e+06 1.14689e+06 1.14571e+06 1.14501e+06 1.14477e+06 1.14638e+06 1.14511e+06 1.14126e+06 1.13016e+06 1.11948e+06 1.0916e+06 1.07185e+06 1.04466e+06 1.03496e+06 1.02633e+06 1.03032e+06 1.02621e+06 1.02427e+06 1.01513e+06 1.01316e+06 1.01105e+06 1.00895e+06 1.01415e+06 1.01009e+06 1.00503e+06 993311 989116 985558 982208 986069 983184 975090 972496 968990 965181 961495 964104 958767 952900 940280 935200 930627 926365 930607 928374 926154 918295 915054 911857 908809 902810 895982 888800 886767 873357 865296 857445 851226 845224 839630 845165 852607 861102 864801 865440 866454 866797 863911 861332 859140 857952 834548 822047 812130 802990 793930 786864 782743 778501 781564 776920 765965 761482 756415 751346 746471 742890 739874 736845 740654 738133 735620 726964 721235 715603 710472 706972 703445 699775 694895 690080 685565 688722 684920 674995 671043 667009 663126 659014 654718 650429 646557 643415 640345 644731 642118 639467 636801 632470 620876 615760 612031 608428 604844 600772 596620 592416 589058 586116 583137 579361 574958 570587 573653 570414 567193 563818 560349 556832 553435 542118 536544 531016 526856 522603 518398 513873 509394 504833 501230 497706 494195 490349 486477 482538 479157 475972 472809 469369 465824 462218 458923 455849 452800 449637 446453 443211 439886 436182 432532 428915 425707 422422 419165 415799 412473 409099 406259 403355 400483 397491 394528 391498 388833 386158 383516 380834 378181 375464 372641 369689 366753 363854 361064 358223 355450 352634 349836 347046 344394 341706 339054 336317 333605 330921 328528 326093 323663 321011 318376 315687 313190 310644 308133 305931 303787 307374 304905 302356 299851 297800 295860 293896 289264 286966 284507 282015 279615 277059 274456 271760 269023 266233 263634 260965 258355 255944 259430 257054 255114 253188 251368 247038 245014 242737 240422 237946 235338 232842 230566 228214 226129 229575 227790 223011 221421 219493 217303 215181 212922 210449 208194 205884 203550 206855 204977 203089 198679 196961 194970 192751 190645 188320 185876 183897 186807 184814 179346 177494 175391 173281 171276 169103 166989 165132 168210 162773 161473 159922 158169 156511 154838 152999 151338 154095 152689 149319 148216 146812 145151 143760 142351 144113 139854 138497 136880 135054 133498 131784 129968 132531 131103 129630 127160 126069 124752 123204 124678 123469 122254 119581 118437 116990 115471 114410 116143 115056 112107 110701 108980 107215 109180 107923 106706 104095 102896 101383 99894.7 101579 100517 99556.8 96845.6 95448.2 93766.3 94992.1 93855.2 95724.6 92125 89585.9 88341.5 88866.3 85620.6 84593.4 83251.6 81549.1 79984.2 81912.8 80675.8 79705.5 77727.1 76686.3 75362.3 74167.4 73474.6 72470.6 71186.9 69928.1 71481.6 70467.6 69600.6 67631.7 66681.2 65429.8 66261.9 63605.1 62715.5 61521.3 60202 61730.9 60782.6 60186.5 58484.3 57709 58158.1 57230.2 55515.9 54916.9 54101.6 54677.3 52482.9 51769.3 50758.2 49415.5 50703.3 49840.6 51374.2 48951.2 47135.1 47693.4 46767.4 46316.6 44840.2 44184 44494 43821.7 42437 41899.4 41185.8 41693.3 40071.8 39565.8 38871.3 39396.6 37620.3 37262.5 36699.9 35913.9 35333.9 35119.4 34705.1 34077.2 33274.9 32959.2 32495.6 31868.6 31098.8 30669.7 30330.5 29827.8 29177.9 28573.1 28267.7 27804.3 27198 26428.8 26163.8 25768.3 25230.2 24532 24272.5 24149.7 23842.9 23341.9 23900.9 22733.6 22479.5 22071.7 22463.1 21364.1 21167 20833 21099.2 20797.8 19809.3 19502.5 19808.6 19363.1 19219.9 18229.5 18589 19147.8 17981.1 17806.4 16949.4 16712.2 16401.5 16007.1 16330.9 15389.1 15150.2 14831.6 15150.9 14950.3 14147.3 13904.5 14119.2 13900.6 13799.2 13070.4 12897 12674.8 12396 12621.9 11793.3 11608.9 11367.4 11606.4 11426 11358.6 10739.8 10589.5 10415.6 10187.1 9911.68 9645.81 9443.56 9193.47 9379.21 9283.91 9339.6 8632.22 8580.02 8485.08 8320.23 8080.36 8387.06 7643.73 7469.13 7776.58 8213.79 7554.64 7457.87 6963.32 6845.83 6685.56 6734.48 6610.3 6560.78 6158.93 6070.48 5954.76 5811.73 5846.15 5766.15 5706.22 5342.62 5242.76 5118.25 4969.31 5039.88 4969.42 4635.61 4581.36 4507.52 4414.14 4303.14 4383.41 4328.18 4293.1 3855.72 14950 31481.1 53274.5 91338.7 110732 126247 139860 142009 143512 144327 145342 146415 147430 147480 148813 149465 150180 150693 151112 151425 151215 151605 152241 152595 152922 153239 153533 153744 153967 154194 154080 154591 154746 154715 154602 154496 154269 153887 153501 153028 152520 152012 151472 150957 150445 149950 149497 149093 148713 148540 148376 148213 148064 147852 147636 147407 147063 146729 146393 145958 145532 145137 144733 144081 143389 142716 142017 141331 140699 140160 139613 139121 138757 138411 138136 137954 137782 137612 137469 137334 137211 136981 136727 136476 136133 135756 135369 134825 134159 133505 132776 131985 131182 130387 129272 128183 127087 126292 125486 124708 123829 123067 122299 121635 120964 120307 119727 119161 118585 117815 116993 116187 115252 114290 113309 112142 110846 109572 108369 107256 106127 104980 103776 102596 101405 100245 99064 98007.4 97194.5 96392.8 95600.2 94910.4 94209.6 93524 92853.6 92192.6 91505.9 90551.9 
        </DataArray>
        <DataArray type="Float64" Name="Temperature" format="ascii">
822.394 819.673 816.876 814.122 811.319 807.342 803.123 798.969 798.726 799.525 800.33 799.425 797.807 796.228 795.96 796.483 797.004 797.563 798.189 798.816 799.438 800.018 800.605 801.493 802.978 804.454 805.737 806.376 807.028 807.768 809.019 810.271 811.505 811.997 812.497 812.99 815.125 817.328 818.65 820.398 822.256 824.138 825.57 826.974 828.465 830.581 832.276 833.99 835.648 837.188 838.771 840.549 842.716 844.926 847.17 849.24 851.404 853.705 856.797 857.437 860.356 863.344 866.591 869.811 873.217 875.209 877.29 879.607 882.147 884.757 887.436 890.178 893.16 896.438 896.119 899.448 905.511 907.663 909.945 912.272 914.573 917.003 919.646 922.666 926.079 929.753 928.557 932.135 936.277 942.344 944.181 946.226 948.58 951.296 954.436 957.875 961.145 957.887 961.022 967.614 969.2 971.053 973.141 975.537 978.435 981.44 984.306 980.088 987.683 988.551 989.698 991.091 992.709 994.743 997.313 1000.6 998.403 1002.32 1010.95 1012.07 1014.25 1017.43 1021.68 1026.63 1019.21 1032.14 1032.85 1034.13 1035.93 1038.02 1040.85 1044.34 1039.81 1044.29 1049.71 1054.36 1054.64 1055.95 1058.41 1053.05 1057.3 1061.43 1066.92 1066.79 1067.75 1069.93 1073.84 1068.31 1071.67 1077.18 1077.07 1078.06 1080.37 1074.91 1078.96 1081.57 1086.43 1086.18 1087.15 1089.61 1084.17 1088.65 1090.82 1096.32 1096.69 1098.11 1091.34 1094.07 1085.38 1097.96 1105.47 1107.63 1102.19 1110.29 1109.4 1109.14 1109.5 1109.84 1104.29 1104.97 1104.71 1108.81 1109.29 1110.72 1111.97 1112.32 1112.85 1113.55 1114.62 1112.01 1113.65 1115.04 1114.98 1115.17 1115.67 1115.8 1116.8 1117.34 1117.91 1118.47 1118.95 1119.51 1119.99 1120.22 1120.55 1121 1121.51 1122.56 1124.2 1126.11 1127.4 1129.59 1130.23 1130.7 1131.01 1128.66 1127.72 1125.78 1125.6 1124.86 1124.35 1123.84 1123.27 1122.85 1122.34 1121.75 1121.36 1121.03 1120.71 1120.41 1120.12 1119.91 1119.64 1119.36 1118.95 1118.37 1117.53 1116.63 1115.61 1114.18 1112.15 1110.14 1108.09 1106 1103.12 1100.32 1097.5 1094.77 1097.93 1096.3 1094.84 1093.63 1093.38 1092.4 1092.24 1092.9 1094.4 1105.62 1117.72 1130.14 1143.28 1150.56 1154.04 1156.69 1158.59 1159.17 1159.96 1160.91 1162.24 1165.02 1172.35 1179.74 1187.03 1191.32 1196.02 1195.87 1196.02 1196.2 1195.62 1196.46 1198.46 1200.16 1201.09 1203.11 1203.11 1203.71 1205.63 1207.17 1208.39 1206.55 1204.21 1200.46 1196.3 1194.15 1190.55 1185.76 1183.06 1182.72 1182.35 1183.14 1184.31 1186.03 1188 1189.91 1190.16 1190.89 1189.97 1189.11 1189.16 1188.17 1187.25 1185.64 1184.8 1183.72 1182.64 1181.57 1180.19 1178.68 1177.95 1178.11 1176.36 1172.41 1167.48 1165.5 1162.54 1158.54 1153.37 1174.91 1132.51 1115.2 1099.71 845.178 680.274 459.675 297.284 295.21 293.859 296.19 297.676 299.527 297.315 299.6 301.742 303.248 306.04 307.851 309.885 307.677 310.002 312.041 313.512 316.575 318.335 316.272 318.095 320.287 322.208 323.57 326.562 328.676 330.796 328.776 331.352 333.435 335.032 337.934 340.224 342.347 338.823 341.211 343.384 345.275 347.404 349.124 350.356 355.089 352.849 354.491 356.147 358.268 359.936 361.101 364.712 366.422 362.465 364.599 367.022 369.179 371.285 373.504 375.376 376.844 382.93 379.365 381.435 383.682 385.953 388.037 390.267 392.496 394.388 399.706 401.544 398.73 400.567 402.801 404.918 406.827 408.998 410.953 412.587 416.363 418.1 419.778 416.894 418.884 420.824 422.699 424.817 426.729 428.502 430.372 431.997 433.307 437.385 439.007 436.076 437.916 439.902 441.791 443.814 445.9 447.868 449.74 451.675 453.357 456.625 458.254 459.952 461.626 463.567 460.437 462.435 464.493 466.559 468.546 470.639 472.674 474.666 476.656 478.645 480.491 482.366 484.178 485.852 488.996 490.524 492.03 493.612 495.463 497.346 499.169 496.529 498.25 500.003 501.883 503.782 505.638 507.58 509.48 511.395 513.239 515.1 516.922 518.842 520.744 522.662 524.522 526.398 528.234 530.161 532.099 534.052 535.95 537.858 539.723 541.647 543.584 545.537 547.424 549.286 551.107 552.953 554.779 556.627 558.448 560.365 562.241 564.136 565.966 567.816 569.627 571.584 573.505 575.447 577.253 579.065 580.837 582.764 584.687 586.634 588.414 590.162 591.875 593.64 595.381 597.134 598.924 600.806 602.649 604.496 606.275 608.064 609.893 611.905 613.875 615.856 617.75 619.655 621.56 623.754 625.91 628.094 630.167 632.271 634.339 636.71 639.079 645.368 647.101 648.859 650.559 652.337 654.036 655.735 652.886 655.22 657.596 659.705 661.432 663.143 664.987 667.149 669.282 671.417 673.416 675.437 677.471 679.879 686.317 688.531 690.339 692.149 693.934 691.456 693.824 696.313 698.511 700.638 702.738 704.858 706.934 709.051 711.088 717.008 718.976 716.839 719.214 721.688 724.147 726.078 727.957 729.845 732.043 734.38 736.735 741.99 743.576 745.13 742.799 744.962 747.158 749.389 751.402 753.429 755.41 757.556 763.858 766.116 763.877 766.526 769.192 772.062 775.023 778.099 781.111 784.183 790.682 790.366 791.713 793.4 795.375 796.677 797.741 798.873 799.38 800.301 799.989 798.123 800.818 803.529 806.168 808.467 810.478 816.383 814.111 816.2 818.444 820.743 822.353 823.959 825.509 830.013 831.516 833.071 831.009 833.41 835.96 838.669 843.44 845.243 846.992 845.363 847.243 849.292 851.266 852.682 856.852 858.575 856.897 859.284 861.791 864.201 868.923 870.817 872.61 871.301 873.151 875.15 877.06 881.291 882.862 885.034 883.441 886.542 889.823 896.005 898.483 902.891 902.9 903.177 902.301 901.012 899.922 901.887 903.912 906.064 907.926 911.343 912.842 914.761 913.519 915.546 917.583 919.546 921.619 923.911 926.349 928.212 931.304 932.372 933.774 932.428 933.945 935.503 939.954 938.557 940.168 941.864 943.501 947.555 948.857 950.185 948.142 949.66 954.665 957.331 955.599 959.74 964.018 972.872 972.181 975.791 979.785 984.296 982.302 980.659 979.726 979.104 978.123 981.815 983.434 985.421 984.834 986.95 991.676 993.405 992.884 994.464 996.058 999.551 999.2 1000.72 1002.29 1005.52 1005.36 1006.68 1008.05 1009.52 1010.95 1012.5 1014.24 1016.22 1018.37 1023.07 1027.89 1033.01 1038.24 1039.89 1039.47 1038.49 1036.98 1035.07 1033.49 1032.35 1031.68 1031.46 1032.82 1034.37 1036.04 1037.86 1039.28 1040.43 1041.62 1042.89 1045.98 1045.32 1046.68 1048.24 1051.83 1051.53 1053.03 1054.65 1058.25 1059.64 1059.19 1060.64 1064.08 1065.87 1067.57 1067.37 1071.85 1075.53 1077.35 1079.34 1081.11 1080.77 1080.64 1080.71 1082.54 1081.76 1082.83 1084.2 1087.46 1088.67 1088.62 1089.83 1092.38 1093.26 1093.71 1093.39 1093.37 1093.25 1093.19 1095.32 1093.37 1094.38 1095.83 1101.25 1103.14 1105.33 1105.92 1108.73 1111.73 1114.61 1117.28 1118.13 1118.21 1118.55 1120.06 1120.66 1121 1120.88 1121.24 1121.6 1122.14 1122.87 1124.68 1124.33 1125.22 1127.91 1129.45 1130.16 1131.08 1131.21 1132.02 1133.04 1135.65 1136.65 1137.46 1137.76 1138.56 1139.47 1140.57 1143.29 1144.26 1145.29 1145.87 1146.78 1147.7 1148.8 1151.05 1151.9 1152.38 1153.26 1154.02 1154.9 1155.97 1158.33 1159.17 1160.09 1160.91 1161.62 1162.47 1163.54 1165.72 1166.32 1166.96 1167.97 1168.55 1169.33 1170.27 1171.1 1171.93 1172.85 1173.72 1174.29 1174.84 1175.51 1176.16 1176.94 1177.84 1179.17 1179.74 1180.61 1181.24 1181.99 1182.81 1183.66 1184.38 1185.21 1186.1 1186.81 1187.48 1187.98 1188.63 1189.39 1190.2 1190.98 1191.64 1192.36 1193.36 1193.9 1194.15 1194.65 1195.3 1196.02 1196.78 1197.44 1198.09 1198.8 1200.35 1200.92 1201.6 1201.56 1202.11 1202.76 1203.45 1204.02 1204.72 1205.59 1207.08 1208.75 1210.52 1212.1 1212.46 1214.05 1214.37 1214.8 1215.31 1215.93 1216.62 1217.38 1218.15 1218.83 1219.57 1220.43 1220.85 1221.31 1221.82 1222.36 1224.81 1225.29 1225.67 1226.09 1226.56 1227.11 1227.71 1228.38 1228.99 1229.59 1230.25 1230.98 1231.74 1232.55 1232.51 1232.85 1233.19 1233.56 1233.9 1234.27 1234.63 1238.93 1239.3 1239.68 1239.97 1240.28 1240.6 1240.97 1241.34 1241.73 1242.03 1242.34 1242.65 1243 1243.37 1243.75 1244.09 1244.42 1244.76 1245.11 1245.46 1245.82 1246.17 1246.53 1246.89 1247.25 1247.58 1247.92 1248.27 1248.63 1248.99 1249.35 1249.65 1249.97 1250.28 1250.62 1250.96 1251.31 1251.57 1251.85 1252.13 1252.42 1252.71 1253.01 1253.26 1253.51 1253.75 1253.98 1254.19 1254.42 1254.63 1254.85 1255.07 1255.25 1255.4 1255.57 1255.74 1255.94 1256.14 1256.32 1256.45 1256.59 1256.76 1256.96 1257.18 1257.4 1257.55 1257.73 1257.93 1258.12 1258.33 1258.57 1258.72 1258.9 1259.1 1259.25 1259.4 1254.38 1254.49 1254.61 1254.74 1254.71 1254.65 1254.59 1257.96 1257.8 1257.71 1257.72 1257.83 1258.03 1258.29 1258.6 1258.94 1259.28 1259.55 1259.87 1260.21 1260.56 1255.72 1256.02 1256.15 1256.3 1256.39 1257.67 1257.46 1257.5 1257.44 1257.4 1257.49 1257.62 1257.78 1258.02 1258.37 1254.03 1254.4 1256.65 1256.01 1255.48 1255.1 1254.89 1254.92 1255.22 1255.28 1255.44 1255.77 1252.24 1252.36 1252.64 1253.56 1252.95 1252.52 1252.18 1251.83 1251.72 1251.86 1251.86 1249.02 1248.99 1250.67 1250.16 1249.85 1249.54 1249.27 1249.17 1249.2 1249.27 1246.13 1248.31 1247.52 1246.92 1246.54 1246.15 1245.89 1245.84 1245.88 1242.79 1242.83 1243.36 1242.51 1241.9 1241.57 1241.29 1241.19 1239.3 1240.27 1239.38 1238.78 1238.35 1237.86 1237.6 1237.57 1234.91 1234.94 1235.07 1234.44 1233.75 1233.36 1233.23 1231.46 1231.25 1231.16 1230.49 1229.84 1229.45 1229.21 1228.88 1227.4 1227.09 1226.4 1225.67 1225.2 1224.88 1223.49 1223.28 1223.03 1221.27 1220.19 1219.3 1218.65 1217.94 1217.7 1217.27 1215.55 1215.03 1214.79 1214.29 1213.8 1212.32 1212.59 1211.58 1211.15 1210.76 1210.44 1209.79 1209.3 1208.96 1208.62 1207.69 1207.44 1206.64 1205.71 1205.11 1204.88 1204.16 1202.41 1200.78 1199.32 1198.15 1197.25 1196.68 1196.03 1193.55 1192.57 1191.85 1191.64 1190.58 1189.91 1189.34 1188.84 1187.89 1187.37 1186.47 1184.93 1183.97 1183.36 1182.57 1181.01 1180.04 1179.31 1178.89 1177.91 1177.06 1176.4 1175.9 1175.22 1174.68 1173.48 1172.95 1171.83 1171.25 1170.73 1169.65 1168.15 1167.25 1166.85 1165.99 1164.25 1163.26 1162.48 1162.04 1160.54 1159.5 1158.66 1158.22 1156.93 1155.84 1154.93 1154.18 1153.28 1152.09 1151.12 1150.34 1149.76 1148.9 1148.29 1147.89 1147.73 1146.72 1144.85 1142.37 1139.38 1136.39 1134.62 1133.28 1132.41 1131.98 1131.53 1131.06 1130.66 1130.32 1129.51 1128.47 1127.57 1126.8 1126.25 1124.6 1123.45 1122.44 1122.03 1120.13 1118.78 1117.61 1117.46 1116.27 1114.04 1112.87 1112.93 1112.03 1110.76 1108.82 1108.71 1108.07 1106.53 1105.15 1103.05 1101.85 1100.77 1099.78 1099.59 1097.67 1096.56 1095.54 1095.4 1094.14 1091.79 1090.58 1090.75 1089.52 1088.14 1085.82 1084.66 1083.57 1082.58 1082.58 1080.69 1079.58 1078.54 1078.44 1077.15 1075.56 1073.12 1071.66 1070.21 1068.78 1067.4 1066.03 1064.79 1063.58 1064.05 1062.53 1061.25 1059.84 1059.07 1058.64 1058.41 1058.37 1058.38 1060.08 1059.62 1055.49 1051.49 1044.77 1039.32 1032.36 1029.53 1027.11 1028.07 1026.88 1026.15 1023.81 1023.17 1022.54 1021.97 1023.37 1022.12 1020.53 1017.35 1016.08 1015.02 1014.06 1015.07 1014.14 1011.92 1011.07 1009.99 1008.84 1007.76 1008.43 1006.73 1004.89 1001.24 999.656 998.251 996.967 998.212 997.432 996.696 994.414 993.382 992.381 991.445 989.573 987.446 985.218 984.031 980.217 977.499 974.872 972.728 970.692 968.83 970.647 973.897 979.032 980.199 979.754 979.647 979.442 978.089 976.987 976.169 975.696 968.344 964.181 960.805 957.666 954.588 952.187 950.76 949.303 950.138 948.485 944.917 943.31 941.463 939.634 937.894 936.61 935.532 934.464 935.665 934.69 933.744 930.794 928.655 926.568 924.677 923.362 922.048 920.69 918.858 917.059 915.382 916.404 914.944 911.362 909.818 908.243 906.737 905.139 903.46 901.793 900.292 899.066 897.877 899.564 898.511 897.449 896.391 894.658 890.155 888.088 886.556 885.077 883.613 881.934 880.218 878.488 877.097 875.87 874.631 873.049 871.193 869.354 870.63 869.234 867.851 866.406 864.898 863.373 861.905 856.981 854.498 852.04 850.144 848.21 846.302 844.212 842.143 840.04 838.353 836.699 835.054 833.232 831.391 829.521 827.901 826.366 824.843 823.176 821.45 819.695 818.084 816.572 815.073 813.509 811.921 810.304 808.639 806.765 804.919 803.083 801.431 799.74 798.06 796.296 794.554 792.785 791.274 789.729 788.201 786.566 784.945 783.288 781.807 780.318 778.846 777.327 775.817 774.271 772.641 770.927 769.221 767.519 765.87 764.189 762.533 760.836 759.148 757.452 755.828 754.178 752.539 750.831 749.135 747.45 745.934 744.39 742.842 741.134 739.435 737.696 736.063 734.396 732.749 731.287 729.86 732.041 730.389 728.681 726.998 725.609 724.292 722.956 719.778 718.142 716.392 714.605 712.87 711.02 709.126 707.15 705.142 703.087 701.158 699.174 697.229 695.42 697.955 696.173 694.711 693.259 691.885 688.527 686.927 685.123 683.27 681.278 679.179 677.158 675.303 673.384 671.676 674.411 672.939 669.008 667.63 665.96 664.066 662.199 660.209 658.029 656.028 653.972 651.893 654.714 653.029 651.332 647.361 645.735 643.853 641.752 639.743 637.525 635.192 633.285 635.957 634.034 628.756 626.876 624.735 622.577 620.519 618.285 616.106 614.181 617.256 611.653 610.237 608.542 606.623 604.802 602.962 600.936 599.106 602.072 600.522 596.793 595.525 593.91 591.996 590.392 588.764 590.763 585.837 584.219 582.28 580.078 578.19 576.108 573.897 577.013 575.293 573.514 570.422 569.037 567.358 565.381 567.266 565.721 564.17 560.675 559.148 557.21 555.17 553.753 556.063 554.608 550.568 548.583 546.149 543.646 546.362 544.578 542.852 539.049 537.25 534.982 532.75 535.18 533.589 532.139 527.995 525.798 523.153 524.96 523.177 525.993 520.396 516.298 514.229 514.971 509.652 507.871 505.539 502.576 499.855 503.07 500.933 499.243 495.684 493.755 491.31 489.079 487.744 485.807 483.331 480.907 483.787 481.851 480.196 476.325 474.393 471.856 473.424 468.055 466.161 463.617 460.811 463.955 461.975 460.695 456.981 455.239 456.125 454.066 450.215 448.802 446.888 448.132 443.079 441.355 438.898 435.625 438.657 436.61 440.235 434.377 429.827 431.14 428.786 427.607 423.743 421.977 422.696 420.909 417.121 415.593 413.583 414.902 410.377 408.898 406.867 408.276 403.14 402.023 400.284 397.865 396.057 395.351 394.008 391.982 389.395 388.327 386.768 384.666 382.091 380.598 379.36 377.558 375.251 373.097 371.942 370.209 367.955 365.106 364.001 362.403 360.267 357.523 356.452 355.881 354.557 352.437 354.67 349.809 348.698 346.923 348.515 343.746 342.81 341.266 342.32 340.995 336.463 335.03 336.377 334.287 333.521 328.754 330.374 332.996 327.298 326.385 322.039 320.742 319.04 316.878 318.503 313.347 311.948 310.122 311.818 310.663 306.028 304.563 305.687 304.344 303.679 299.268 298.139 296.67 294.832 296.163 290.741 289.428 287.753 289.277 288.063 287.547 283.194 282.107 280.807 279.091 277.016 274.876 273.179 271.129 272.331 271.653 272.167 266.3 265.978 265.206 263.796 261.704 264.456 257.626 256.03 259.01 262.991 256.996 256.084 251.381 250.171 248.536 248.904 247.625 247.072 242.914 241.929 240.609 238.982 239.208 238.294 237.585 233.472 232.249 230.696 228.846 229.55 228.637 224.458 223.715 222.662 221.325 219.757 220.693 220.617 222.141 215.034 390.795 620.191 898.609 1259.81 1299.71 1324.05 1376.39 1357.7 1341.12 1327.16 1312.18 1297.44 1283.02 1283.15 1284.1 1293.33 1303.97 1314.11 1322.1 1327.7 1335.4 1333.76 1322.93 1323.56 1326.74 1329.56 1320.24 1268.82 1212.67 1153.66 1109.37 1049.15 1001.64 985.079 982.099 979.329 979.965 985.05 990.393 993.637 996.333 998.926 1000.69 1000.14 999.504 998.902 997.611 996.119 994.639 994.2 991.718 989.444 983.827 981.362 978.764 976.195 974.049 971.843 969.507 967.815 966.159 964.552 963.894 962.26 960.448 958.942 957.497 956.079 954.789 953.717 952.629 951.648 950.909 950.213 949.682 949.169 948.651 948.142 947.53 946.77 946.134 945.335 944.497 943.675 942.756 941.816 940.858 939.639 938.212 936.816 935.27 933.606 931.919 929.876 927.339 924.884 922.425 920.528 918.621 916.796 915.651 913.75 911.844 910.071 908.284 906.54 904.864 903.224 901.559 899.398 897.101 894.849 892.264 889.609 886.907 883.786 880.36 876.997 873.8 870.833 867.82 864.779 861.603 858.49 855.341 852.253 849.114 846.279 844.025 841.804 839.599 837.637 835.646 833.695 831.759 829.852 827.874 825.157 
        </DataArray>
        <DataArray type="Float64" Name="Tau1" format="ascii">
0 0 0 0 0 0 0 0 0 0 0 0 0 0 0 0 0 0 0 0 0 0 0 0 0 0 0 0 0 0 0 0 0 0 0 0 0 0 0 0 0 0 0 0 0 0 0 0 0 0 0 0 0 0 0 0 0 0 0 0 0 0 0 0 0 0 0 0 0 0 0 0 0 0 0 0 0 0 0 0 0 0 0 0 0 0 0 0 0 0 0 0 0 0 0 0 0 0 0 0 0 0 0 0 0 0 0 0 0 0 0 0 0 0 0 0 0 0 0 0 0 0 0 0 0 0 0 0 0 0 0 0 0 0 0 0 0 0 0 0 0 0 0 0 0 0 0 0 0 0 0 0 0 0 0 0 0 0 0 0 0 0 0 0 0 0 0 0 0 0 0 0 0 0 0 0 0 0 0 0 0 0 0 0 0 0 0 0 0 0 0 0 0 0 0 0 0 0 0 0 0 0 0 0 0 0 0 0 0 0 0 0 0 0 0 0 0 0 0 0 0 0 0 0 0 0 0 0 0 0 0 0 0 0 0 0 0 0 0 0 0 0 0 0 0 0 0 0 0 0 0 0 0 0 0 0 0 0 0 0 0 0 0 0 0 0 0 0 0 0 0 0 0 0 0 0 0 0 0 0 0 0 0 0 0 0 0 0 0 0 0 0 0 0 0 0 0 0 0 0 0 0 0 0 0 0 0 0 0 0 0 0 0 0 0 0 0 0 0 0 0 0 0 0 0 0 0 0 0 0 0 0 0 0 0 0 0 0 0 0 0 0 0 0 0 0 0 0 0 0 0 0 0 0 0 0 0 0 0 0 0 0 0 0 0 0 0 0 0 0 0 0 0 0 0 0 0 0 0 0 0 0 0 0 0 0 0 0 0 0 0 0 0 0 0 0 0 0 0 0 0 0 0 0 0 0 0 0 0 0 0 0 0 0 0 0 0 0 0 0 0 0 0 0 0 0 0 0 0 0 0 0 0 0 0 0 0 0 0 0 0 0 0 0 0 0 0 0 0 0 0 0 0 0 0 0 0 0 0 0 0 0 0 0 0 0 0 0 0 0 0 0 0 0 0 0 0 0 0 0 0 0 0 0 0 0 0 0 0 0 0 0 0 0 0 0 0 0 0 0 0 0 0 0 0 0 0 0 0 0 0 0 0 0 0 0 0 0 0 0 0 0 0 0 0 0 0 0 0 0 0 0 0 0 0 0 0 0 0 0 0 0 0 0 0 0 0 0 0 0 0 0 0 0 0 0 0 0 0 0 0 0 0 0 0 0 0 0 0 0 0 0 0 0 0 0 0 0 0 0 0 0 0 0 0 0 0 0 0 0 0 0 0 0 0 0 0 0 0 0 0 0 0 0 0 0 0 0 0 0 0 0 0 0 0 0 0 0 0 0 0 0 0 0 0 0 0 0 0 0 0 0 0 0 0 0 0 0 0 0 0 0 0 0 0 0 0 0 0 0 0 0 0 0 0 0 0 0 0 0 0 0 0 0 0 0 0 0 0 0 0 0 0 0 0 0 0 0 0 0 0 0 0 0 0 0 0 0 0 0 0 0 0 0 0 0 0 0 0 0 0 0 0 0 0 0 0 0 0 0 0 0 0 0 0 0 0 0 0 0 0 0 0 0 0 0 0 0 0 0 0 0 0 0 0 0 0 0 0 0 0 0 0 0 0 0 0 0 0 0 0 0 0 0 0 0 0 0 0 0 0 0 0 0 0 0 0 0 0 0 0 0 0 0 0 0 0 0 0 0 0 0 0 0 0 0 0 0 0 0 0 0 0 0 0 0 0 0 0 0 0 0 0 0 0 0 0 0 0 0 0 0 0 0 0 0 0 0 0 0 0 0 0 0 0 0 0 0 0 0 0 0 0 0 0 0 0 0 0 0 0 0 0 0 0 0 0 0 0 0 0 0 0 0 0 0 0 0 0 0 0 0 0 0 0 0 0 0 0 0 0 0 0 0 0 0 0 0 0 0 0 0 0 0 0 0 0 0 0 0 0 0 0 0 0 0 0 0 0 0 0 0 0 0 0 0 0 0 0 0 0 0 0 0 0 0 0 0 0 0 0 0 0 0 0 0 0 0 0 0 0 0 0 0 0 0 0 0 0 0 0 0 0 0 0 0 0 0 0 0 0 0 0 0 0 0 0 0 0 0 0 0 0 0 0 0 0 0 0 0 0 0 0 0 0 0 0 0 0 0 0 0 0 0 0 0 0 0 0 0 0 0 0 0 0 0 0 0 0 0 0 0 0 0 0 0 0 0 0 0 0 0 0 0 0 0 0 0 0 0 0 0 0 0 0 0 0 0 0 0 0 0 0 0 0 0 0 0 0 0 0 0 0 0 0 0 0 0 0 0 0 0 0 0 0 0 0 0 0 0 0 0 0 0 0 0 0 0 0 0 0 0 0 0 0 0 0 0 0 0 0 0 0 0 0 0 0 0 0 0 0 0 0 0 0 0 0 0 0 0 0 0 0 0 0 0 0 0 0 0 0 0 0 0 0 0 0 0 0 0 0 0 0 0 0 0 0 0 0 0 0 0 0 0 0 0 0 0 0 0 0 0 0 0 0 0 0 0 0 0 0 0 0 0 0 0 0 0 0 0 0 0 0 0 0 0 0 0 0 0 0 0 0 0 0 0 0 0 0 0 0 0 0 0 0 0 0 0 0 0 0 0 0 0 0 0 0 0 0 0 0 0 0 0 0 0 0 0 0 0 0 0 0 0 0 0 0 0 0 0 0 0 0 0 0 0 0 0 0 0 0 0 0 0 0 0 0 0 0 0 0 0 0 0 0 0 0 0 0 0 0 0 0 0 0 0 0 0 0 0 0 0 0 0 0 0 0 0 0 0 0 0 0 0 0 0 0 0 0 0 0 0 0 0 0 0 0 0 0 0 0 0 0 0 0 0 0 0 0 0 0 0 0 0 0 0 0 0 0 0 0 0 0 0 0 0 0 0 0 0 0 0 0 0 0 0 0 0 0 0 0 0 0 0 0 0 0 0 0 0 0 0 0 0 0 0 0 0 0 0 0 0 0 0 0 0 0 0 0 0 0 0 0 0 0 0 0 0 0 0 0 0 0 0 0 0 0 0 0 0 0 0 0 0 0 0 0 0 0 0 0 0 0 0 0 0 0 0 0 0 0 0 0 0 0 0 0 0 0 0 0 0 0 0 0 0 0 0 0 0 0 0 0 0 0 0 0 0 0 0 0 0 0 0 0 0 0 0 0 0 0 0 0 0 0 0 0 0 0 0 0 0 0 0 0 0 0 0 0 0 0 0 0 0 0 0 0 0 0 0 0 0 0 0 0 0 0 0 0 0 0 0 0 0 0 0 0 0 0 0 0 0 0 0 0 0 0 0 0 0 0 0 0 0 0 0 0 0 0 0 0 0 0 0 0 0 0 0 0 0 0 0 0 0 0 0 0 0 0 0 0 0 0 0 0 0 0 0 0 0 0 0 0 0 0 0 0 0 0 0 0 0 0 0 0 0 0 0 0 0 0 0 0 0 0 0 0 0 0 0 0 0 0 0 0 0 0 0 0 0 0 0 0 0 0 0 0 0 0 0 0 0 0 0 0 0 0 0 0 0 0 0 0 0 0 0 0 0 0 0 0 0 0 0 0 0 0 0 0 0 0 0 0 0 0 0 0 0 0 0 0 0 0 0 0 0 0 0 0 0 0 0 0 0 0 0 0 0 0 0 0 0 0 0 0 0 0 0 0 0 0 0 0 0 0 0 0 0 0 0 0 0 0 0 0 0 0 0 0 0 0 0 0 0 0 0 0 0 0 0 0 0 0 0 0 0 0 0 0 0 0 0 0 0 0 0 0 0 0 0 0 0 0 0 0 0 0 0 0 0 0 0 0 0 0 0 0 0 0 0 0 0 0 0 0 0 0 0 0 0 0 0 0 0 0 0 0 0 0 0 0 0 0 0 0 0 0 0 0 0 0 0 0 0 0 0 0 0 0 0 0 0 0 0 0 0 0 0 0 0 0 0 0 0 0 0 0 0 0 0 0 0 0 0 0 0 0 0 0 0 0 0 0 0 0 0 0 0 0 0 0 0 0 0 0 0 0 0 0 0 0 0 0 0 0 0 0 0 0 0 0 0 0 0 0 0 0 0 0 0 0 0 0 0 0 0 0 0 0 0 0 0 0 0 0 0 0 0 0 0 0 0 0 0 0 0 0 0 0 0 0 0 0 0 0 0 0 0 0 0 0 0 0 0 0 0 0 0 0 0 0 0 0 0 0 0 0 0 0 0 0 0 0 0 0 0 0 0 0 0 0 0 0 0 0 0 0 0 0 0 0 0 0 0 0 0 0 0 0 0 0 0 0 0 0 0 0 0 0 0 0 0 0 0 0 0 0 0 0 0 0 0 0 0 0 0 0 0 0 0 0 0 0 0 0 0 0 0 0 0 0 0 0 0 0 0 0 0 0 0 0 0 0 0 0 0 0 0 0 0 0 0 0 0 0 0 0 0 0 0 
        </DataArray>
        <DataArray type="Float64" Name="Tau2" format="ascii">
0 0 0 0 0 0 0 0 0 0 0 0 0 0 0 0 0 0 0 0 0 0 0 0 0 0 0 0 0 0 0 0 0 0 0 0 0 0 0 0 0 0 0 0 0 0 0 0 0 0 0 0 0 0 0 0 0 0 0 0 0 0 0 0 0 0 0 0 0 0 0 0 0 0 0 0 0 0 0 0 0 0 0 0 0 0 0 0 0 0 0 0 0 0 0 0 0 0 0 0 0 0 0 0 0 0 0 0 0 0 0 0 0 0 0 0 0 0 0 0 0 0 0 0 0 0 0 0 0 0 0 0 0 0 0 0 0 0 0 0 0 0 0 0 0 0 0 0 0 0 0 0 0 0 0 0 0 0 0 0 0 0 0 0 0 0 0 0 0 0 0 0 0 0 0 0 0 0 0 0 0 0 0 0 0 0 0 0 0 0 0 0 0 0 0 0 0 0 0 0 0 0 0 0 0 0 0 0 0 0 0 0 0 0 0 0 0 0 0 0 0 0 0 0 0 0 0 0 0 0 0 0 0 0 0 0 0 0 0 0 0 0 0 0 0 0 0 0 0 0 0 0 0 0 0 0 0 0 0 0 0 0 0 0 0 0 0 0 0 0 0 0 0 0 0 0 0 0 0 0 0 0 0 0 0 0 0 0 0 0 0 0 0 0 0 0 0 0 0 0 0 0 0 0 0 0 0 0 0 0 0 0 0 0 0 0 0 0 0 0 0 0 0 0 0 0 0 0 0 0 0 0 0 0 0 0 0 0 0 0 0 0 0 0 0 0 0 0 0 0 0 0 0 0 0 0 0 0 0 0 0 0 0 0 0 0 0 0 0 0 0 0 0 0 0 0 0 0 0 0 0 0 0 0 0 0 0 0 0 0 0 0 0 0 0 0 0 0 0 0 0 0 0 0 0 0 0 0 0 0 0 0 0 0 0 0 0 0 0 0 0 0 0 0 0 0 0 0 0 0 0 0 0 0 0 0 0 0 0 0 0 0 0 0 0 0 0 0 0 0 0 0 0 0 0 0 0 0 0 0 0 0 0 0 0 0 0 0 0 0 0 0 0 0 0 0 0 0 0 0 0 0 0 0 0 0 0 0 0 0 0 0 0 0 0 0 0 0 0 0 0 0 0 0 0 0 0 0 0 0 0 0 0 0 0 0 0 0 0 0 0 0 0 0 0 0 0 0 0 0 0 0 0 0 0 0 0 0 0 0 0 0 0 0 0 0 0 0 0 0 0 0 0 0 0 0 0 0 0 0 0 0 0 0 0 0 0 0 0 0 0 0 0 0 0 0 0 0 0 0 0 0 0 0 0 0 0 0 0 0 0 0 0 0 0 0 0 0 0 0 0 0 0 0 0 0 0 0 0 0 0 0 0 0 0 0 0 0 0 0 0 0 0 0 0 0 0 0 0 0 0 0 0 0 0 0 0 0 0 0 0 0 0 0 0 0 0 0 0 0 0 0 0 0 0 0 0 0 0 0 0 0 0 0 0 0 0 0 0 0 0 0 0 0 0 0 0 0 0 0 0 0 0 0 0 0 0 0 0 0 0 0 0 0 0 0 0 0 0 0 0 0 0 0 0 0 0 0 0 0 0 0 0 0 0 0 0 0 0 0 0 0 0 0 0 0 0 0 0 0 0 0 0 0 0 0 0 0 0 0 0 0 0 0 0 0 0 0 0 0 0 0 0 0 0 0 0 0 0 0 0 0 0 0 0 0 0 0 0 0 0 0 0 0 0 0 0 0 0 0 0 0 0 0 0 0 0 0 0 0 0 0 0 0 0 0 0 0 0 0 0 0 0 0 0 0 0 0 0 0 0 0 0 0 0 0 0 0 0 0 0 0 0 0 0 0 0 0 0 0 0 0 0 0 0 0 0 0 0 0 0 0 0 0 0 0 0 0 0 0 0 0 0 0 0 0 0 0 0 0 0 0 0 0 0 0 0 0 0 0 0 0 0 0 0 0 0 0 0 0 0 0 0 0 0 0 0 0 0 0 0 0 0 0 0 0 0 0 0 0 0 0 0 0 0 0 0 0 0 0 0 0 0 0 0 0 0 0 0 0 0 0 0 0 0 0 0 0 0 0 0 0 0 0 0 0 0 0 0 0 0 0 0 0 0 0 0 0 0 0 0 0 0 0 0 0 0 0 0 0 0 0 0 0 0 0 0 0 0 0 0 0 0 0 0 0 0 0 0 0 0 0 0 0 0 0 0 0 0 0 0 0 0 0 0 0 0 0 0 0 0 0 0 0 0 0 0 0 0 0 0 0 0 0 0 0 0 0 0 0 0 0 0 0 0 0 0 0 0 0 0 0 0 0 0 0 0 0 0 0 0 0 0 0 0 0 0 0 0 0 0 0 0 0 0 0 0 0 0 0 0 0 0 0 0 0 0 0 0 0 0 0 0 0 0 0 0 0 0 0 0 0 0 0 0 0 0 0 0 0 0 0 0 0 0 0 0 0 0 0 0 0 0 0 0 0 0 0 0 0 0 0 0 0 0 0 0 0 0 0 0 0 0 0 0 0 0 0 0 0 0 0 0 0 0 0 0 0 0 0 0 0 0 0 0 0 0 0 0 0 0 0 0 0 0 0 0 0 0 0 0 0 0 0 0 0 0 0 0 0 0 0 0 0 0 0 0 0 0 0 0 0 0 0 0 0 0 0 0 0 0 0 0 0 0 0 0 0 0 0 0 0 0 0 0 0 0 0 0 0 0 0 0 0 0 0 0 0 0 0 0 0 0 0 0 0 0 0 0 0 0 0 0 0 0 0 0 0 0 0 0 0 0 0 0 0 0 0 0 0 0 0 0 0 0 0 0 0 0 0 0 0 0 0 0 0 0 0 0 0 0 0 0 0 0 0 0 0 0 0 0 0 0 0 0 0 0 0 0 0 0 0 0 0 0 0 0 0 0 0 0 0 0 0 0 0 0 0 0 0 0 0 0 0 0 0 0 0 0 0 0 0 0 0 0 0 0 0 0 0 0 0 0 0 0 0 0 0 0 0 0 0 0 0 0 0 0 0 0 0 0 0 0 0 0 0 0 0 0 0 0 0 0 0 0 0 0 0 0 0 0 0 0 0 0 0 0 0 0 0 0 0 0 0 0 0 0 0 0 0 0 0 0 0 0 0 0 0 0 0 0 0 0 0 0 0 0 0 0 0 0 0 0 0 0 0 0 0 0 0 0 0 0 0 0 0 0 0 0 0 0 0 0 0 0 0 0 0 0 0 0 0 0 0 0 0 0 0 0 0 0 0 0 0 0 0 0 0 0 0 0 0 0 0 0 0 0 0 0 0 0 0 0 0 0 0 0 0 0 0 0 0 0 0 0 0 0 0 0 0 0 0 0 0 0 0 0 0 0 0 0 0 0 0 0 0 0 0 0 0 0 0 0 0 0 0 0 0 0 0 0 0 0 0 0 0 0 0 0 0 0 0 0 0 0 0 0 0 0 0 0 0 0 0 0 0 0 0 0 0 0 0 0 0 0 0 0 0 0 0 0 0 0 0 0 0 0 0 0 0 0 0 0 0 0 0 0 0 0 0 0 0 0 0 0 0 0 0 0 0 0 0 0 0 0 0 0 0 0 0 0 0 0 0 0 0 0 0 0 0 0 0 0 0 0 0 0 0 0 0 0 0 0 0 0 0 0 0 0 0 0 0 0 0 0 0 0 0 0 0 0 0 0 0 0 0 0 0 0 0 0 0 0 0 0 0 0 0 0 0 0 0 0 0 0 0 0 0 0 0 0 0 0 0 0 0 0 0 0 0 0 0 0 0 0 0 0 0 0 0 0 0 0 0 0 0 0 0 0 0 0 0 0 0 0 0 0 0 0 0 0 0 0 0 0 0 0 0 0 0 0 0 0 0 0 0 0 0 0 0 0 0 0 0 0 0 0 0 0 0 0 0 0 0 0 0 0 0 0 0 0 0 0 0 0 0 0 0 0 0 0 0 0 0 0 0 0 0 0 0 0 0 0 0 0 0 0 0 0 0 0 0 0 0 0 0 0 0 0 0 0 0 0 0 0 0 0 0 0 0 0 0 0 0 0 0 0 0 0 0 0 0 0 0 0 0 0 0 0 0 0 0 0 0 0 0 0 0 0 0 0 0 0 0 0 0 0 0 0 0 0 0 0 0 0 0 0 0 0 0 0 0 0 0 0 0 0 0 0 0 0 0 0 0 0 0 0 0 0 0 0 0 0 0 0 0 0 0 0 0 0 0 0 0 0 0 0 0 0 0 0 0 0 0 0 0 0 0 0 0 0 0 0 0 0 0 0 0 0 0 0 0 0 0 0 0 0 0 0 0 0 0 0 0 0 0 0 0 0 0 0 0 0 0 0 0 0 0 0 0 0 0 0 0 0 0 0 0 0 0 0 0 0 0 0 0 0 0 0 0 0 0 0 0 0 0 0 0 0 0 0 0 0 0 0 0 0 0 0 0 0 0 0 0 0 0 0 0 0 0 0 0 0 0 0 0 0 0 0 0 
        </DataArray>
        <DataArray type="Float64" Name="dTdn" format="ascii">
0 0 0 0 0 0 0 0 0 0 0 0 0 0 0 0 0 0 0 0 0 0 0 0 0 0 0 0 0 0 0 0 0 0 0 0 0 0 0 0 0 0 0 0 0 0 0 0 0 0 0 0 0 0 0 0 0 0 0 0 0 0 0 0 0 0 0 0 0 0 0 0 0 0 0 0 0 0 0 0 0 0 0 0 0 0 0 0 0 0 0 0 0 0 0 0 0 0 0 0 0 0 0 0 0 0 0 0 0 0 0 0 0 0 0 0 0 0 0 0 0 0 0 0 0 0 0 0 0 0 0 0 0 0 0 0 0 0 0 0 0 0 0 0 0 0 0 0 0 0 0 0 0 0 0 0 0 0 0 0 0 0 0 0 0 0 0 0 0 0 0 0 0 0 0 0 0 0 0 0 0 0 0 0 0 0 0 0 0 0 0 0 0 0 0 0 0 0 0 0 0 0 0 0 0 0 0 0 0 0 0 0 0 0 0 0 0 0 0 0 0 0 0 0 0 0 0 0 0 0 0 0 0 0 0 0 0 0 0 0 0 0 0 0 0 0 0 0 0 0 0 0 0 0 0 0 0 0 0 0 0 0 0 0 0 0 0 0 0 0 0 0 0 0 0 0 0 0 0 0 0 0 0 0 0 0 0 0 0 0 0 0 0 0 0 0 0 0 0 0 0 0 0 0 0 0 0 0 0 0 0 0 0 0 0 0 0 0 0 0 0 0 0 0 0 0 0 0 0 0 0 0 0 0 0 0 0 0 0 0 0 0 0 0 0 0 0 0 0 0 0 0 0 0 0 0 0 0 0 0 0 0 0 0 0 0 0 0 0 0 0 0 0 0 0 0 0 0 0 0 0 0 0 0 0 0 0 0 0 0 0 0 0 0 0 0 0 0 0 0 0 0 0 0 0 0 0 0 0 0 0 0 0 0 0 0 0 0 0 0 0 0 0 0 0 0 0 0 0 0 0 0 0 0 0 0 0 0 0 0 0 0 0 0 0 0 0 0 0 0 0 0 0 0 0 0 0 0 0 0 0 0 0 0 0 0 0 0 0 0 0 0 0 0 0 0 0 0 0 0 0 0 0 0 0 0 0 0 0 0 0 0 0 0 0 0 0 0 0 0 0 0 0 0 0 0 0 0 0 0 0 0 0 0 0 0 0 0 0 0 0 0 0 0 0 0 0 0 0 0 0 0 0 0 0 0 0 0 0 0 0 0 0 0 0 0 0 0 0 0 0 0 0 0 0 0 0 0 0 0 0 0 0 0 0 0 0 0 0 0 0 0 0 0 0 0 0 0 0 0 0 0 0 0 0 0 0 0 0 0 0 0 0 0 0 0 0 0 0 0 0 0 0 0 0 0 0 0 0 0 0 0 0 0 0 0 0 0 0 0 0 0 0 0 0 0 0 0 0 0 0 0 0 0 0 0 0 0 0 0 0 0 0 0 0 0 0 0 0 0 0 0 0 0 0 0 0 0 0 0 0 0 0 0 0 0 0 0 0 0 0 0 0 0 0 0 0 0 0 0 0 0 0 0 0 0 0 0 0 0 0 0 0 0 0 0 0 0 0 0 0 0 0 0 0 0 0 0 0 0 0 0 0 0 0 0 0 0 0 0 0 0 0 0 0 0 0 0 0 0 0 0 0 0 0 0 0 0 0 0 0 0 0 0 0 0 0 0 0 0 0 0 0 0 0 0 0 0 0 0 0 0 0 0 0 0 0 0 0 0 0 0 0 0 0 0 0 0 0 0 0 0 0 0 0 0 0 0 0 0 0 0 0 0 0 0 0 0 0 0 0 0 0 0 0 0 0 0 0 0 0 0 0 0 0 0 0 0 0 0 0 0 0 0 0 0 0 0 0 0 0 0 0 0 0 0 0 0 0 0 0 0 0 0 0 0 0 0 0 0 0 0 0 0 0 0 0 0 0 0 0 0 0 0 0 0 0 0 0 0 0 0 0 0 0 0 0 0 0 0 0 0 0 0 0 0 0 0 0 0 0 0 0 0 0 0 0 0 0 0 0 0 0 0 0 0 0 0 0 0 0 0 0 0 0 0 0 0 0 0 0 0 0 0 0 0 0 0 0 0 0 0 0 0 0 0 0 0 0 0 0 0 0 0 0 0 0 0 0 0 0 0 0 0 0 0 0 0 0 0 0 0 0 0 0 0 0 0 0 0 0 0 0 0 0 0 0 0 0 0 0 0 0 0 0 0 0 0 0 0 0 0 0 0 0 0 0 0 0 0 0 0 0 0 0 0 0 0 0 0 0 0 0 0 0 0 0 0 0 0 0 0 0 0 0 0 0 0 0 0 0 0 0 0 0 0 0 0 0 0 0 0 0 0 0 0 0 0 0 0 0 0 0 0 0 0 0 0 0 0 0 0 0 0 0 0 0 0 0 0 0 0 0 0 0 0 0 0 0 0 0 0 0 0 0 0 0 0 0 0 0 0 0 0 0 0 0 0 0 0 0 0 0 0 0 0 0 0 0 0 0 0 0 0 0 0 0 0 0 0 0 0 0 0 0 0 0 0 0 0 0 0 0 0 0 0 0 0 0 0 0 0 0 0 0 0 0 0 0 0 0 0 0 0 0 0 0 0 0 0 0 0 0 0 0 0 0 0 0 0 0 0 0 0 0 0 0 0 0 0 0 0 0 0 0 0 0 0 0 0 0 0 0 0 0 0 0 0 0 0 0 0 0 0 0 0 0 0 0 0 0 0 0 0 0 0 0 0 0 0 0 0 0 0 0 0 0 0 0 0 0 0 0 0 0 0 0 0 0 0 0 0 0 0 0 0 0 0 0 0 0 0 0 0 0 0 0 0 0 0 0 0 0 0 0 0 0 0 0 0 0 0 0 0 0 0 0 0 0 0 0 0 0 0 0 0 0 0 0 0 0 0 0 0 0 0 0 0 0 0 0 0 0 0 0 0 0 0 0 0 0 0 0 0 0 0 0 0 0 0 0 0 0 0 0 0 0 0 0 0 0 0 0 0 0 0 0 0 0 0 0 0 0 0 0 0 0 0 0 0 0 0 0 0 0 0 0 0 0 0 0 0 0 0 0 0 0 0 0 0 0 0 0 0 0 0 0 0 0 0 0 0 0 0 0 0 0 0 0 0 0 0 0 0 0 0 0 0 0 0 0 0 0 0 0 0 0 0 0 0 0 0 0 0 0 0 0 0 0 0 0 0 0 0 0 0 0 0 0 0 0 0 0 0 0 0 0 0 0 0 0 0 0 0 0 0 0 0 0 0 0 0 0 0 0 0 0 0 0 0 0 0 0 0 0 0 0 0 0 0 0 0 0 0 0 0 0 0 0 0 0 0 0 0 0 0 0 0 0 0 0 0 0 0 0 0 0 0 0 0 0 0 0 0 0 0 0 0 0 0 0 0 0 0 0 0 0 0 0 0 0 0 0 0 0 0 0 0 0 0 0 0 0 0 0 0 0 0 0 0 0 0 0 0 0 0 0 0 0 0 0 0 0 0 0 0 0 0 0 0 0 0 0 0 0 0 0 0 0 0 0 0 0 0 0 0 0 0 0 0 0 0 0 0 0 0 0 0 0 0 0 0 0 0 0 0 0 0 0 0 0 0 0 0 0 0 0 0 0 0 0 0 0 0 0 0 0 0 0 0 0 0 0 0 0 0 0 0 0 0 0 0 0 0 0 0 0 0 0 0 0 0 0 0 0 0 0 0 0 0 0 0 0 0 0 0 0 0 0 0 0 0 0 0 0 0 0 0 0 0 0 0 0 0 0 0 0 0 0 0 0 0 0 0 0 0 0 0 0 0 0 0 0 0 0 0 0 0 0 0 0 0 0 0 0 0 0 0 0 0 0 0 0 0 0 0 0 0 0 0 0 0 0 0 0 0 0 0 0 0 0 0 0 0 0 0 0 0 0 0 0 0 0 0 0 0 0 0 0 0 0 0 0 0 0 0 0 0 0 0 0 0 0 0 0 0 0 0 0 0 0 0 0 0 0 0 0 0 0 0 0 0 0 0 0 0 0 0 0 0 0 0 0 0 0 0 0 0 0 0 0 0 0 0 0 0 0 0 0 0 0 0 0 0 0 0 0 0 0 0 0 0 0 0 0 0 0 0 0 0 0 0 0 0 0 0 0 0 0 0 0 0 0 0 0 0 0 0 0 0 0 0 0 0 0 0 0 0 0 0 0 0 0 0 0 0 0 0 0 0 0 0 0 0 0 0 0 0 0 0 0 0 0 0 0 0 0 0 0 0 0 0 0 0 0 0 0 0 0 0 0 0 0 0 0 0 0 0 0 0 0 0 0 0 0 0 0 0 0 0 0 0 0 0 0 0 0 0 0 0 0 0 0 0 0 0 0 0 0 0 0 0 0 0 0 0 0 0 0 0 0 0 0 0 0 0 0 0 0 0 0 0 0 0 0 0 0 0 0 0 0 0 0 0 0 0 0 0 0 0 0 0 0 0 0 0 0 0 0 0 0 0 0 0 0 0 0 0 0 0 
        </DataArray>
        <DataArray type="Int32" Name="Rank" format="ascii">
8 8 8 8 8 8 8 8 8 8 8 8 8 8 8 8 8 8 8 8 8 8 8 8 8 8 8 8 8 8 8 8 8 8 8 8 8 8 8 8 8 8 8 8 8 8 8 8 8 8 8 8 8 8 8 8 8 8 8 8 8 8 8 8 8 8 8 8 8 8 8 8 8 8 8 8 8 8 8 8 8 8 8 8 8 8 8 8 8 8 8 8 8 8 8 8 8 8 8 8 8 8 8 8 8 8 8 8 8 8 8 8 8 8 8 8 8 8 8 8 8 8 8 8 8 8 8 8 8 8 8 8 8 8 8 8 8 8 8 8 8 8 8 8 8 8 8 8 8 8 8 8 8 8 8 8 8 8 8 8 8 8 8 8 8 8 8 8 8 8 8 8 8 8 8 8 8 8 8 8 8 8 8 8 8 8 8 8 8 8 8 8 8 8 8 8 8 8 8 8 8 8 8 8 8 8 8 8 8 8 8 8 8 8 8 8 8 8 8 8 8 8 8 8 8 8 8 8 8 8 8 8 8 8 8 8 8 8 8 8 8 8 8 8 8 8 8 8 5 5 5 5 8 8 8 8 8 8 8 8 8 8 8 8 8 8 8 8 8 8 8 8 8 8 8 8 8 8 8 8 8 8 8 8 8 8 8 8 8 8 8 8 8 8 8 8 8 8 8 8 8 8 8 8 8 8 8 8 8 8 8 8 8 8 8 8 8 8 8 8 8 8 8 8 8 8 8 8 8 8 8 8 8 8 8 8 8 8 8 8 8 8 8 8 8 8 8 8 8 8 8 8 8 8 8 8 8 8 8 8 8 8 8 8 8 8 8 8 8 8 8 8 8 8 8 8 8 8 8 8 8 8 8 8 8 8 8 8 8 8 8 8 8 8 8 8 8 8 8 8 8 8 8 8 8 8 8 8 8 8 8 8 8 8 8 8 8 8 8 8 8 8 8 8 8 8 8 8 8 8 8 8 8 8 8 8 8 8 8 8 8 8 8 8 8 8 8 8 8 8 8 8 8 8 8 8 8 8 8 8 8 8 8 8 8 8 8 8 8 8 8 8 8 8 8 8 8 8 8 8 8 8 8 8 8 8 8 8 8 8 8 8 8 8 8 8 8 8 8 8 8 8 8 8 8 8 8 8 8 8 8 8 8 8 8 8 8 8 8 8 8 8 8 8 8 8 8 8 8 8 8 8 8 8 8 8 8 8 8 8 8 8 8 8 8 8 8 8 8 8 8 8 8 8 8 8 8 8 8 8 8 8 8 8 8 8 8 8 8 8 8 8 8 8 8 8 8 8 8 8 8 8 8 8 8 8 8 8 8 8 8 8 8 8 8 8 8 8 8 8 8 8 8 8 8 8 8 8 8 8 8 8 8 8 8 8 8 8 8 8 8 8 8 8 8 8 8 8 8 8 8 8 8 8 8 8 8 8 8 8 8 8 8 8 8 8 8 8 8 8 8 8 8 8 8 8 8 8 8 8 8 8 8 8 8 8 8 8 8 8 8 8 8 8 8 8 8 8 8 8 8 8 8 8 8 8 8 8 8 8 8 8 8 8 8 8 8 8 8 8 8 8 8 8 8 8 8 8 8 8 8 8 8 8 8 8 8 8 8 8 8 8 8 8 8 8 8 8 8 8 8 8 8 8 8 8 8 8 8 8 8 8 8 8 8 8 8 8 8 8 8 8 8 8 8 8 8 8 8 8 8 8 8 8 8 8 8 8 8 8 8 8 8 8 8 8 8 8 8 8 8 8 8 8 8 8 8 8 8 8 8 8 8 8 8 8 8 8 8 8 8 8 8 8 8 8 8 8 8 8 8 8 8 8 8 8 8 8 8 8 8 8 8 8 8 8 8 8 8 8 8 8 8 8 8 8 8 8 8 8 8 8 8 8 8 8 8 8 8 8 8 8 8 8 8 8 8 8 8 8 8 8 8 8 8 8 8 8 8 8 8 8 8 8 8 8 8 8 8 8 8 8 8 8 8 8 8 8 8 8 8 8 8 8 8 8 8 8 8 8 8 8 8 8 8 8 8 8 8 8 8 8 8 8 8 8 8 8 8 8 8 8 8 8 8 8 8 8 8 8 8 8 8 8 8 8 8 8 8 8 8 8 8 8 8 8 8 8 8 8 8 8 8 8 8 8 8 8 8 8 8 8 8 8 8 8 8 8 8 8 8 8 8 8 8 3 3 3 3 3 3 3 3 3 3 3 3 3 3 3 3 3 3 3 3 3 3 3 3 3 3 3 3 3 3 3 3 3 3 3 3 3 3 3 3 3 3 3 3 3 3 3 3 3 3 3 3 3 3 3 3 3 3 3 3 3 3 3 3 3 3 3 3 3 3 3 3 3 3 3 3 3 3 3 3 3 3 3 3 3 3 3 3 3 3 3 3 3 3 3 3 3 3 3 3 3 3 3 3 3 3 3 3 3 3 3 3 3 3 3 3 3 3 3 3 3 3 3 3 3 3 3 3 3 3 3 3 3 3 3 3 3 3 3 3 3 3 3 3 3 3 3 3 3 3 3 3 3 3 3 3 3 3 3 3 3 3 3 3 3 3 3 3 3 3 3 3 3 3 3 3 3 3 3 3 3 3 3 3 3 3 3 3 3 3 3 3 3 3 3 3 3 3 3 3 3 3 3 3 3 3 3 3 3 3 3 3 3 3 3 3 3 3 3 3 3 3 3 3 3 3 3 3 3 3 3 3 3 3 3 3 3 3 3 3 3 3 3 3 3 3 3 3 3 3 3 3 3 3 3 3 3 3 3 3 3 3 3 3 3 3 3 3 3 3 3 3 3 3 3 3 3 3 3 3 3 3 3 3 3 3 3 3 3 3 3 3 3 3 3 3 3 3 3 3 3 3 3 3 3 3 3 3 3 3 3 3 3 3 3 3 3 3 3 3 3 3 3 3 3 3 3 3 3 3 3 3 3 3 3 3 3 3 3 3 3 3 3 3 3 3 3 3 3 3 3 3 3 3 3 3 3 3 3 3 3 3 3 3 3 3 3 3 3 3 3 3 3 3 3 3 3 3 3 3 3 3 3 3 3 3 3 3 3 3 3 3 3 3 3 3 3 3 3 3 3 3 3 3 3 3 3 3 3 3 3 3 3 3 3 3 3 3 3 3 3 3 3 3 3 3 3 3 3 3 3 3 3 3 3 3 3 3 3 3 3 3 3 3 3 3 3 3 3 3 3 3 3 3 3 3 3 3 3 3 3 3 3 3 3 3 3 3 3 3 3 3 3 3 3 3 3 3 3 3 3 3 3 3 3 3 3 3 3 3 3 3 3 3 3 3 3 3 3 3 3 3 3 3 3 3 3 3 3 3 3 3 3 3 3 3 3 3 3 3 3 3 3 3 3 3 3 3 3 3 3 3 3 3 3 3 3 3 3 3 3 3 3 3 3 3 3 3 3 3 8 8 8 8 8 8 8 8 8 8 8 8 8 8 8 8 8 8 8 8 8 8 8 8 8 8 8 8 8 8 8 8 8 8 8 8 8 8 8 8 8 8 8 8 8 8 8 8 8 8 8 8 8 8 8 8 8 8 8 8 8 8 8 8 8 8 8 8 8 8 8 8 8 8 8 8 8 8 8 8 8 8 8 8 8 8 8 8 8 8 8 8 8 8 8 8 8 8 8 8 8 8 8 8 8 8 8 8 8 8 8 8 8 8 8 8 8 8 8 8 8 8 8 8 8 8 8 8 8 8 8 8 8 8 8 8 8 8 8 8 8 8 8 8 8 8 8 8 8 8 8 8 8 8 8 8 8 8 8 8 8 8 8 8 8 8 8 8 8 8 8 8 8 8 8 8 8 8 8 8 8 8 8 8 8 8 8 8 8 8 8 8 8 8 8 8 8 8 8 8 8 8 8 8 8 8 8 8 8 8 8 8 8 8 8 8 8 8 8 8 8 8 8 8 8 8 8 8 8 8 8 8 8 8 8 8 8 8 8 8 8 8 8 8 8 8 8 8 8 8 8 8 8 8 8 8 8 8 8 8 8 8 8 8 8 8 8 8 8 8 8 8 8 8 8 8 8 8 8 8 8 8 8 8 8 8 8 8 8 8 8 8 8 8 8 8 8 8 8 8 8 8 8 8 8 8 8 8 8 8 8 8 8 8 8 8 8 8 8 8 8 8 8 8 8 8 8 8 8 8 8 8 8 8 8 8 8 8 8 8 8 8 8 8 8 8 8 8 8 8 8 8 8 8 8 8 8 8 8 8 8 8 8 8 8 8 8 8 8 8 8 8 8 8 8 8 8 8 8 8 8 8 8 8 8 8 8 8 8 8 8 8 8 8 8 8 8 8 8 8 8 8 8 8 8 8 8 8 8 8 8 8 8 8 8 8 8 8 8 8 8 8 8 8 8 8 8 8 8 8 8 8 8 8 8 8 8 8 8 8 8 8 8 8 8 8 8 8 8 8 8 8 8 8 8 8 8 8 8 8 8 8 8 8 8 8 8 8 8 8 8 8 8 8 8 
        </DataArray>
        <DataArray type="Int32" Name="Level" format="ascii">
4 4 4 4 4 4 4 4 4 4 4 4 4 4 4 4 4 4 4 4 4 4 4 4 4 4 4 4 4 4 4 4 4 4 4 4 4 4 4 4 4 4 4 4 4 4 4 4 4 4 4 4 4 4 4 4 4 4 4 4 4 4 4 4 4 4 4 4 4 4 4 4 4 4 4 4 4 4 4 4 4 4 4 4 4 4 4 4 4 4 4 4 4 4 4 4 4 4 4 4 4 4 4 4 4 4 4 4 4 4 4 4 4 4 4 4 4 4 4 4 4 4 4 4 4 4 4 4 4 4 4 4 4 4 4 4 4 4 4 4 4 4 4 4 4 4 4 4 4 4 4 4 4 4 4 4 4 4 4 4 4 4 4 4 4 4 4 4 4 4 4 4 4 4 4 4 4 4 4 4 4 4 4 4 4 4 4 4 4 4 4 4 4 4 4 4 4 4 4 4 4 4 4 4 4 4 4 4 4 4 4 4 4 4 4 4 4 4 4 4 4 4 4 4 4 4 4 4 4 4 4 4 4 4 4 4 4 4 4 4 4 4 4 4 4 4 4 4 3 3 3 3 4 4 4 4 4 4 4 4 4 4 4 4 4 4 4 4 4 4 4 4 4 4 4 4 4 4 4 4 4 4 4 4 4 4 4 4 4 4 4 4 4 4 4 4 4 4 4 4 4 4 4 4 4 4 4 4 4 4 4 4 4 4 4 4 4 4 4 4 4 4 4 4 4 4 4 4 4 4 4 4 4 4 4 4 4 4 4 4 4 4 4 4 4 4 4 4 4 4 4 4 4 4 4 4 4 4 4 4 4 4 4 4 4 4 4 4 4 4 4 4 4 4 4 4 4 4 4 4 4 4 4 4 4 4 4 4 4 4 4 4 4 4 4 4 4 4 4 4 4 4 4 4 4 4 4 4 4 4 4 4 4 4 4 4 4 4 4 4 4 4 4 4 4 4 4 4 4 4 4 4 4 4 4 4 4 4 4 4 4 4 4 4 4 4 4 4 4 4 4 4 4 4 4 4 4 4 4 4 4 4 4 4 4 4 4 4 4 4 4 4 4 4 4 4 4 4 4 4 4 4 4 4 4 4 4 4 4 4 4 4 4 4 4 4 4 4 4 4 4 4 4 4 4 4 4 4 4 4 4 4 4 4 4 4 4 4 4 4 4 4 4 4 4 4 4 4 4 4 4 4 4 4 4 4 4 4 4 4 4 4 4 4 4 4 4 4 4 4 4 4 4 4 4 4 4 4 4 4 4 4 4 4 4 4 4 4 4 4 4 4 4 4 4 4 4 4 4 4 4 4 4 4 4 4 4 4 4 4 4 4 4 4 4 4 4 4 4 4 4 4 4 4 4 4 4 4 4 4 4 4 4 4 4 4 4 4 4 4 4 4 4 4 4 4 4 4 4 4 4 4 4 4 4 4 4 4 4 4 4 4 4 4 4 4 4 4 4 4 4 4 4 4 4 4 4 4 4 4 4 4 4 4 4 4 4 4 4 4 4 4 4 4 4 4 4 4 4 4 4 4 4 4 4 4 4 4 4 4 4 4 4 4 4 4 4 4 4 4 4 4 4 4 4 4 4 4 4 4 4 4 4 4 4 4 4 4 4 4 4 4 4 4 4 4 4 4 4 4 4 4 4 4 4 4 4 4 4 4 4 4 4 4 4 4 4 4 4 4 4 4 4 4 4 4 4 4 4 4 4 4 4 4 4 4 4 4 4 4 4 4 4 4 4 4 4 4 4 4 4 4 4 4 4 4 4 4 4 4 4 4 4 4 4 4 4 4 4 4 4 4 4 4 4 4 4 4 4 4 4 4 4 4 4 4 4 4 4 4 4 4 4 4 4 4 4 4 4 4 4 4 4 4 4 4 4 4 4 4 4 4 4 4 4 4 4 4 4 4 4 4 4 4 4 4 4 4 4 4 4 4 4 4 4 4 4 4 4 4 4 4 4 4 4 4 4 4 4 4 4 4 4 4 4 4 4 4 4 4 4 4 4 4 4 4 4 4 4 4 4 4 4 4 4 4 4 4 4 4 4 4 4 4 4 4 4 4 4 4 4 4 4 4 4 4 4 4 4 4 4 4 4 4 4 4 4 4 4 4 4 4 4 4 4 4 4 4 4 4 4 4 4 4 4 4 4 4 4 4 4 4 4 4 4 4 4 4 4 4 4 4 4 4 4 4 4 4 4 4 4 4 4 4 4 4 4 4 4 4 4 4 4 4 4 4 4 4 4 4 4 4 4 4 4 4 4 4 4 4 4 4 4 4 4 4 4 4 4 4 4 4 4 4 4 4 4 4 4 4 4 4 4 4 4 4 4 4 4 4 4 4 4 4 4 4 4 4 4 4 4 4 4 4 4 4 4 4 4 4 4 4 4 4 4 4 4 4 4 4 4 4 4 4 4 4 4 4 4 4 4 4 4 4 4 4 4 4 4 4 4 4 4 4 4 4 4 4 4 4 4 4 4 4 4 4 4 4 4 4 4 4 4 4 4 4 4 4 4 4 4 4 4 4 4 4 4 4 4 4 4 4 4 4 4 4 4 4 4 4 4 4 4 4 4 4 4 4 4 4 4 4 4 4 4 4 4 4 4 4 4 4 4 4 4 4 4 4 4 4 4 4 4 4 4 4 4 4 4 4 4 4 4 4 4 4 4 4 4 4 4 4 4 4 4 4 4 4 4 4 4 4 4 4 4 4 4 4 4 4 4 4 4 4 4 4 4 4 4 4 4 4 4 4 4 4 4 4 4 4 4 4 4 4 4 4 4 4 4 4 4 4 4 4 4 4 4 4 4 4 4 4 4 4 4 4 4 4 4 4 4 4 4 4 4 4 4 4 4 4 4 4 4 4 4 4 4 4 4 4 4 4 4 4 4 4 4 4 4 4 4 4 4 4 4 4 4 4 4 4 4 4 4 4 4 4 4 4 4 4 4 4 4 4 4 4 4 4 4 4 4 4 4 4 4 4 4 4 4 4 4 4 4 4 4 4 4 4 4 4 4 4 4 4 4 4 4 4 4 4 4 4 4 4 4 4 4 4 4 4 4 4 4 4 4 4 4 4 4 4 4 4 4 4 4 4 4 4 4 4 4 4 4 4 4 4 4 4 4 4 4 4 4 4 4 4 4 4 4 4 4 4 4 4 4 4 4 4 4 4 4 4 4 4 4 4 4 4 4 4 4 4 4 4 4 4 4 4 4 4 4 4 4 4 4 4 4 4 4 4 4 4 4 4 4 4 4 4 4 4 4 4 4 4 4 4 4 4 4 4 4 4 4 4 4 4 4 4 4 4 4 4 4 4 4 4 4 4 4 4 4 4 4 4 4 4 4 4 4 4 4 4 4 4 4 4 4 4 4 4 4 4 4 4 4 4 4 4 4 4 4 4 4 4 4 4 4 4 4 4 4 4 4 4 4 4 4 4 4 4 4 4 4 4 4 4 4 4 4 4 4 4 4 4 4 4 4 4 4 4 4 4 4 4 4 4 4 4 4 4 4 4 4 4 4 4 4 4 4 4 4 4 4 4 4 4 4 4 4 4 4 4 4 4 4 4 4 4 4 4 4 4 4 4 4 4 4 4 4 4 4 4 4 4 4 4 4 4 4 4 4 4 4 4 4 4 4 4 4 4 4 4 4 4 4 4 4 4 4 4 4 4 4 4 4 4 4 4 4 4 4 4 4 4 4 4 4 4 4 4 4 4 4 4 4 4 4 4 4 4 4 4 4 4 4 4 4 4 4 4 4 4 4 4 4 4 4 4 4 4 4 4 4 4 4 4 4 4 4 4 4 4 4 4 4 4 4 4 4 4 4 4 4 4 4 4 4 4 4 4 4 4 4 4 4 4 4 4 4 4 4 4 4 4 4 4 4 4 4 4 4 4 4 4 4 4 4 4 4 4 4 4 4 4 4 4 4 4 4 4 4 4 4 4 4 4 4 4 4 4 4 4 4 4 4 4 4 4 4 4 4 4 4 4 4 4 4 4 4 4 4 4 4 4 4 4 4 4 4 4 4 4 4 4 4 4 4 4 4 4 4 4 4 4 4 4 4 4 4 4 4 4 4 4 4 4 4 4 4 4 4 4 4 4 4 4 4 4 4 4 4 4 4 4 4 4 4 4 4 4 4 4 4 4 4 4 4 4 4 4 4 4 4 4 4 4 4 4 4 4 4 4 4 4 4 4 4 4 4 4 4 4 4 4 4 4 4 4 4 4 4 4 4 4 4 4 4 4 4 4 4 4 4 4 4 4 4 4 4 4 4 4 4 4 4 4 4 4 4 4 4 4 4 4 4 4 4 4 4 4 4 4 4 4 4 4 4 4 4 4 4 4 4 4 4 4 4 4 4 4 4 4 4 4 4 4 4 4 4 4 4 4 4 4 4 4 4 4 4 4 4 4 4 4 4 4 4 4 4 4 4 4 4 4 4 4 4 4 4 4 4 4 4 4 4 4 4 4 4 4 4 4 4 4 4 4 4 4 4 4 
        </DataArray>
        <DataArray type="Int32" Name="N_Interp_IP0" format="ascii">
4 4 4 4 4 4 4 4 4 4 4 4 4 4 4 4 4 4 4 4 4 4 4 4 4 4 4 4 4 4 4 4 4 4 4 4 4 4 4 4 4 4 4 4 4 4 4 4 4 4 4 4 4 4 4 4 4 4 4 4 4 4 4 4 4 4 4 4 4 4 4 4 4 4 4 4 4 4 4 4 4 4 4 4 4 4 4 4 4 4 4 4 4 4 4 4 4 4 4 4 4 4 4 4 4 4 4 4 4 4 4 4 4 4 4 4 4 4 4 4 4 4 4 4 4 4 4 4 4 4 4 4 4 4 4 4 4 4 4 4 4 4 4 4 4 4 4 4 4 4 4 4 4 4 4 4 4 4 4 4 4 4 4 4 4 4 4 4 4 4 4 4 4 4 4 4 4 4 4 4 4 4 4 4 4 4 4 4 4 4 4 4 4 4 4 4 4 4 4 4 4 4 4 4 4 4 4 4 4 4 4 4 4 4 4 4 4 4 4 4 4 4 4 4 4 4 4 4 4 4 4 4 4 4 4 4 4 4 4 4 4 4 4 4 4 4 4 4 4 4 4 4 4 4 4 4 4 4 4 4 4 4 4 4 4 4 4 4 4 4 4 4 4 4 4 4 4 4 4 4 4 4 4 4 4 4 4 4 4 4 4 4 4 4 4 4 4 4 4 4 4 4 4 4 4 4 4 4 4 4 4 4 4 4 4 4 4 4 4 4 4 4 4 4 4 4 4 4 4 4 4 4 4 4 4 4 4 4 4 4 4 4 4 4 4 4 4 4 4 4 4 4 4 4 4 4 4 4 4 4 4 4 4 4 4 4 4 4 4 4 4 4 4 4 4 4 4 4 4 4 4 4 4 4 4 4 4 4 4 4 4 4 4 4 4 4 4 4 4 4 4 4 4 4 4 4 4 4 4 4 4 4 4 4 4 4 4 4 4 4 4 4 4 4 4 4 4 4 4 4 4 4 4 4 4 4 4 4 4 4 4 4 4 4 4 4 4 4 4 4 4 4 4 4 4 4 4 4 4 4 4 4 4 4 4 4 4 4 4 4 4 4 4 4 4 4 4 4 4 4 4 4 4 4 4 4 4 4 4 4 4 4 4 4 4 4 4 4 4 4 4 4 4 4 4 4 4 4 4 4 4 4 4 4 4 4 4 4 4 4 4 4 4 4 4 4 4 4 4 4 4 4 4 4 4 4 4 4 4 4 4 4 4 4 4 4 4 4 4 4 4 4 4 4 4 4 4 4 4 4 4 4 4 4 4 4 4 4 4 4 4 4 4 4 4 4 4 4 4 4 4 4 4 4 4 4 4 4 4 4 4 4 4 4 4 4 4 4 4 4 4 4 4 4 4 4 4 4 4 4 4 4 4 4 4 4 4 4 4 4 4 4 4 4 4 4 4 4 4 4 4 4 4 4 4 4 4 4 4 4 4 4 4 4 4 4 4 4 4 4 4 4 4 4 4 4 4 4 4 4 4 4 4 4 4 4 4 4 4 4 4 4 4 4 4 4 4 4 4 4 4 4 4 4 4 4 4 4 4 4 4 4 4 4 4 4 4 4 4 4 4 4 4 4 4 4 4 4 4 4 4 4 4 4 4 4 4 4 4 4 4 4 4 4 4 4 4 4 4 4 4 4 4 4 4 4 4 4 4 4 4 4 4 4 4 4 4 4 4 4 4 4 4 4 4 4 4 4 4 4 4 4 4 4 4 4 4 4 4 4 4 4 4 4 4 4 4 4 4 4 4 4 4 4 4 4 4 4 4 4 4 4 4 4 4 4 4 4 4 4 4 4 4 4 4 4 4 4 4 4 4 4 4 4 4 4 4 4 4 4 4 4 4 4 4 4 4 4 4 4 4 4 4 4 4 4 4 4 4 4 4 4 4 4 4 4 4 4 4 4 4 4 4 4 4 4 4 4 4 4 4 4 4 4 4 4 4 4 4 4 4 4 4 4 4 4 4 4 4 4 4 4 4 4 4 4 4 4 4 4 4 4 4 4 4 4 4 4 4 4 4 4 4 4 4 4 4 4 4 4 4 4 4 4 4 4 4 4 4 4 4 4 4 4 4 4 4 4 4 4 4 4 4 4 4 4 4 4 4 4 4 4 4 4 4 4 4 4 4 4 4 4 4 4 4 4 4 4 4 4 4 4 4 4 4 4 4 4 4 4 4 4 4 4 4 4 4 4 4 4 4 4 4 4 4 4 4 4 4 4 4 4 4 4 4 4 4 4 4 4 4 4 4 4 4 4 4 4 4 4 4 4 4 4 4 4 4 4 4 4 4 4 4 4 4 4 4 4 4 4 4 4 4 4 4 4 4 4 4 4 4 4 4 4 4 4 4 4 4 4 4 4 4 4 4 4 4 4 4 4 4 4 4 4 4 4 4 4 4 4 4 4 4 4 4 4 4 4 4 4 4 4 4 4 4 4 4 4 4 4 4 4 4 4 4 4 4 4 4 4 4 4 4 4 4 4 4 4 4 4 4 4 4 4 4 4 4 4 4 4 4 4 4 4 4 4 4 4 4 4 4 4 4 4 4 4 4 4 4 4 4 4 4 4 4 4 4 4 4 4 4 4 4 4 4 4 4 4 4 4 4 4 4 4 4 4 4 4 4 4 4 4 4 4 4 4 4 4 4 4 4 4 4 4 4 4 4 4 4 4 4 4 4 4 4 4 4 4 4 4 4 4 4 4 4 4 4 4 4 4 4 4 4 4 4 4 4 4 4 4 4 4 4 4 4 4 4 4 4 4 4 4 4 4 4 4 4 4 4 4 4 4 4 4 4 4 4 4 4 4 4 4 4 4 4 4 4 4 4 4 4 4 4 4 4 4 4 4 4 4 4 4 4 4 4 4 4 4 4 4 4 4 4 4 4 4 4 4 4 4 4 4 4 4 4 4 4 4 4 4 4 4 4 4 4 4 4 4 4 4 4 4 4 4 4 4 4 4 4 4 4 4 4 4 4 4 4 4 4 4 4 4 4 4 4 4 4 4 4 4 4 4 4 4 4 4 4 4 4 4 4 4 4 4 4 4 4 4 4 4 4 4 4 4 4 4 4 4 4 4 4 4 4 4 4 4 4 4 4 4 4 4 4 4 4 4 4 4 4 4 4 4 4 4 4 4 4 4 4 4 4 4 4 4 4 4 4 4 4 4 4 4 4 4 4 4 4 4 4 4 4 4 4 4 4 4 4 4 4 4 4 4 4 4 4 4 4 4 4 4 4 4 4 4 4 4 4 4 4 4 4 4 4 4 4 4 4 4 4 4 4 4 4 4 4 4 4 4 4 4 4 4 4 4 4 4 4 4 4 4 4 4 4 4 4 4 4 4 4 4 4 4 4 4 4 4 4 4 4 4 4 4 4 4 4 4 4 4 4 4 4 4 4 4 4 4 4 4 4 4 4 4 4 4 4 4 4 4 4 4 4 4 4 4 4 4 4 4 4 4 4 4 4 4 4 4 4 4 4 4 4 4 4 4 4 4 4 4 4 4 4 4 4 4 4 4 4 4 4 4 4 4 4 4 4 4 4 4 4 4 4 4 4 4 4 4 4 4 4 4 4 4 4 4 4 4 4 4 4 4 4 4 4 4 4 4 4 4 4 4 4 4 4 4 4 4 4 4 4 4 4 4 4 4 4 4 4 4 4 4 4 4 4 4 4 4 4 4 4 4 4 4 4 4 4 4 4 4 4 4 4 4 4 4 4 4 4 4 4 4 4 4 4 4 4 4 4 4 4 4 4 4 4 4 4 4 4 4 4 4 4 4 4 4 4 4 4 4 4 4 4 4 4 4 4 4 4 4 4 4 4 4 4 4 4 4 4 4 4 4 4 4 4 4 4 4 4 4 4 4 4 4 4 4 4 4 4 4 4 4 4 4 4 4 4 4 4 4 4 4 4 4 4 4 4 4 4 4 4 4 4 4 4 4 4 4 4 4 4 4 4 4 4 4 4 4 4 4 4 4 4 4 4 4 4 4 4 4 4 4 4 4 4 4 4 4 4 4 4 4 4 4 4 4 4 4 4 4 4 4 4 4 4 4 4 4 4 4 4 4 4 4 4 4 4 4 4 4 4 4 4 4 4 4 4 4 4 4 4 4 4 4 4 4 4 4 4 4 4 4 4 4 4 4 4 4 4 4 4 4 4 4 4 4 4 4 4 4 4 4 4 4 4 4 4 4 4 4 4 4 4 4 4 4 4 4 4 4 4 4 4 4 4 4 4 4 4 4 4 4 4 4 4 4 4 4 4 4 4 4 4 4 4 4 4 4 4 4 4 4 4 4 4 4 4 4 4 4 4 4 4 4 4 4 4 4 4 4 4 4 4 4 4 4 4 4 4 4 4 4 4 4 4 4 4 4 4 4 4 4 4 4 4 4 4 4 4 4 4 4 4 4 4 4 4 4 4 4 4 4 4 4 4 4 4 4 4 4 4 4 4 4 4 4 4 4 4 4 4 4 4 4 4 4 4 4 4 4 4 4 
        </DataArray>
      </CellData>
    </Piece>
  </PolyData>
</VTKFile>
