<?xml version="1.0"?>
<VTKFile type="PolyData" version="1.0" byte_order="LittleEndian" header_type="UInt64">
  <PolyData>
    <Piece NumberOfPoints="2000" NumberOfPolys="2000">
      <Points>
        <DataArray type="Float64" Name="Points" NumberOfComponents="3" format="ascii">
0.6 0.5 0.0 0.599999 0.500314 0.0 0.599998 0.500628 0.0 0.599995 0.500942 0.0 0.599992 0.501257 0.0 0.599987 0.501571 0.0 0.599982 0.501885 0.0 0.599975 0.502199 0.0 0.599968 0.502513 0.0 0.59996 0.502827 0.0 0.599951 0.503141 0.0 0.59994 0.503455 0.0 0.599929 0.503769 0.0 0.599916 0.504083 0.0 0.599903 0.504397 0.0 0.599888 0.504711 0.0 0.599874 0.505024 0.0 0.599857 0.505338 0.0 0.59984 0.505652 0.0 0.599821 0.505965 0.0 0.599803 0.506279 0.0 0.599782 0.506593 0.0 0.599761 0.506906 0.0 0.599739 0.507219 0.0 0.599716 0.507533 0.0 0.599691 0.507846 0.0 0.599667 0.508159 0.0 0.59964 0.508472 0.0 0.599613 0.508785 0.0 0.599585 0.509098 0.0 0.599556 0.509411 0.0 0.599526 0.509724 0.0 0.599495 0.510036 0.0 0.599463 0.510349 0.0 0.59943 0.510661 0.0 0.599396 0.510973 0.0 0.599361 0.511286 0.0 0.599325 0.511598 0.0 0.599288 0.51191 0.0 0.59925 0.512222 0.0 0.599211 0.512533 0.0 0.599171 0.512845 0.0 0.599131 0.513156 0.0 0.599088 0.513468 0.0 0.599046 0.513779 0.0 0.599002 0.51409 0.0 0.598958 0.514401 0.0 0.598911 0.514712 0.0 0.598865 0.515023 0.0 0.598817 0.515333 0.0 0.598769 0.515643 0.0 0.598719 0.515954 0.0 0.598669 0.516264 0.0 0.598617 0.516574 0.0 0.598564 0.516883 0.0 0.59851 0.517193 0.0 0.598456 0.517502 0.0 0.5984 0.517811 0.0 0.598345 0.518121 0.0 0.598287 0.518429 0.0 0.598229 0.518738 0.0 0.598169 0.519047 0.0 0.598109 0.519355 0.0 0.598047 0.519663 0.0 0.597986 0.519971 0.0 0.597922 0.520279 0.0 0.597858 0.520586 0.0 0.597792 0.520893 0.0 0.597727 0.521201 0.0 0.597659 0.521508 0.0 0.597592 0.521814 0.0 0.597522 0.522121 0.0 0.597453 0.522427 0.0 0.597381 0.522733 0.0 0.59731 0.523039 0.0 0.597237 0.523344 0.0 0.597163 0.52365 0.0 0.597088 0.523955 0.0 0.597013 0.52426 0.0 0.596935 0.524564 0.0 0.596858 0.524869 0.0 0.596779 0.525173 0.0 0.5967 0.525477 0.0 0.596619 0.525781 0.0 0.596538 0.526084 0.0 0.596455 0.526387 0.0 0.596372 0.52669 0.0 0.596288 0.526993 0.0 0.596203 0.527295 0.0 0.596116 0.527597 0.0 0.596029 0.527899 0.0 0.595941 0.528201 0.0 0.595852 0.528502 0.0 0.595762 0.528803 0.0 0.595671 0.529104 0.0 0.595579 0.529404 0.0 0.595486 0.529704 0.0 0.595392 0.530004 0.0 0.595298 0.530304 0.0 0.595202 0.530603 0.0 0.595106 0.530902 0.0 0.595008 0.5312 0.0 0.59491 0.531499 0.0 0.59481 0.531797 0.0 0.59471 0.532094 0.0 0.594608 0.532392 0.0 0.594506 0.532689 0.0 0.594403 0.532985 0.0 0.594299 0.533282 0.0 0.594194 0.533578 0.0 0.594088 0.533874 0.0 0.593981 0.534169 0.0 0.593873 0.534464 0.0 0.593764 0.534759 0.0 0.593655 0.535053 0.0 0.593544 0.535347 0.0 0.593433 0.535641 0.0 0.59332 0.535934 0.0 0.593207 0.536228 0.0 0.593092 0.53652 0.0 0.592978 0.536812 0.0 0.592861 0.537104 0.0 0.592745 0.537396 0.0 0.592626 0.537687 0.0 0.592508 0.537978 0.0 0.592387 0.538268 0.0 0.592267 0.538558 0.0 0.592145 0.538848 0.0 0.592023 0.539137 0.0 0.591899 0.539426 0.0 0.591775 0.539715 0.0 0.59165 0.540003 0.0 0.591524 0.540291 0.0 0.591397 0.540578 0.0 0.591269 0.540865 0.0 0.59114 0.541151 0.0 0.591011 0.541438 0.0 0.59088 0.541723 0.0 0.590748 0.542009 0.0 0.590616 0.542293 0.0 0.590483 0.542578 0.0 0.590348 0.542862 0.0 0.590213 0.543146 0.0 0.590077 0.543429 0.0 0.589941 0.543712 0.0 0.589802 0.543994 0.0 0.589664 0.544276 0.0 0.589524 0.544557 0.0 0.589384 0.544838 0.0 0.589242 0.545119 0.0 0.589101 0.545399 0.0 0.588957 0.545679 0.0 0.588814 0.545958 0.0 0.588668 0.546237 0.0 0.588523 0.546515 0.0 0.588376 0.546793 0.0 0.588229 0.54707 0.0 0.58808 0.547347 0.0 0.587932 0.547624 0.0 0.587781 0.5479 0.0 0.587631 0.548175 0.0 0.587478 0.54845 0.0 0.587326 0.548725 0.0 0.587172 0.548999 0.0 0.587018 0.549273 0.0 0.586863 0.549546 0.0 0.586707 0.549819 0.0 0.58655 0.55009 0.0 0.586392 0.550362 0.0 0.586233 0.550633 0.0 0.586074 0.550904 0.0 0.585913 0.551174 0.0 0.585753 0.551444 0.0 0.58559 0.551713 0.0 0.585428 0.551982 0.0 0.585264 0.55225 0.0 0.585099 0.552517 0.0 0.584934 0.552784 0.0 0.584768 0.553051 0.0 0.5846 0.553317 0.0 0.584433 0.553583 0.0 0.584264 0.553847 0.0 0.584094 0.554112 0.0 0.583924 0.554376 0.0 0.583753 0.554639 0.0 0.58358 0.554902 0.0 0.583408 0.555165 0.0 0.583234 0.555426 0.0 0.58306 0.555688 0.0 0.582884 0.555948 0.0 0.582708 0.556208 0.0 0.582531 0.556468 0.0 0.582353 0.556727 0.0 0.582174 0.556985 0.0 0.581995 0.557243 0.0 0.581815 0.5575 0.0 0.581634 0.557757 0.0 0.581452 0.558013 0.0 0.581269 0.558269 0.0 0.581086 0.558524 0.0 0.580902 0.558779 0.0 0.580716 0.559032 0.0 0.580531 0.559286 0.0 0.580344 0.559538 0.0 0.580157 0.55979 0.0 0.579968 0.560042 0.0 0.579779 0.560293 0.0 0.579589 0.560543 0.0 0.579399 0.560793 0.0 0.579207 0.561042 0.0 0.579016 0.561291 0.0 0.578822 0.561538 0.0 0.578629 0.561786 0.0 0.578434 0.562032 0.0 0.578239 0.562279 0.0 0.578043 0.562524 0.0 0.577846 0.562769 0.0 0.577648 0.563013 0.0 0.57745 0.563257 0.0 0.577251 0.5635 0.0 0.577051 0.563742 0.0 0.57685 0.563984 0.0 0.576649 0.564225 0.0 0.576447 0.564465 0.0 0.576244 0.564706 0.0 0.57604 0.564944 0.0 0.575836 0.565183 0.0 0.575631 0.565421 0.0 0.575425 0.565659 0.0 0.575218 0.565895 0.0 0.575011 0.566131 0.0 0.574803 0.566366 0.0 0.574594 0.566601 0.0 0.574384 0.566835 0.0 0.574174 0.567069 0.0 0.573963 0.567301 0.0 0.573751 0.567533 0.0 0.573538 0.567764 0.0 0.573326 0.567995 0.0 0.573111 0.568225 0.0 0.572897 0.568455 0.0 0.572681 0.568683 0.0 0.572465 0.568911 0.0 0.572248 0.569138 0.0 0.572031 0.569365 0.0 0.571812 0.569591 0.0 0.571594 0.569817 0.0 0.571374 0.570041 0.0 0.571154 0.570265 0.0 0.570932 0.570488 0.0 0.570711 0.570711 0.0 0.570488 0.570932 0.0 0.570265 0.571154 0.0 0.570041 0.571374 0.0 0.569817 0.571594 0.0 0.569591 0.571812 0.0 0.569365 0.572031 0.0 0.569138 0.572248 0.0 0.568911 0.572465 0.0 0.568683 0.572681 0.0 0.568455 0.572897 0.0 0.568225 0.573111 0.0 0.567995 0.573326 0.0 0.567764 0.573538 0.0 0.567533 0.573751 0.0 0.567301 0.573963 0.0 0.567069 0.574174 0.0 0.566835 0.574384 0.0 0.566601 0.574594 0.0 0.566366 0.574803 0.0 0.566131 0.575011 0.0 0.565895 0.575218 0.0 0.565659 0.575425 0.0 0.565421 0.575631 0.0 0.565183 0.575836 0.0 0.564944 0.57604 0.0 0.564706 0.576244 0.0 0.564465 0.576447 0.0 0.564225 0.576649 0.0 0.563984 0.57685 0.0 0.563742 0.577051 0.0 0.5635 0.577251 0.0 0.563257 0.57745 0.0 0.563013 0.577648 0.0 0.562769 0.577846 0.0 0.562524 0.578043 0.0 0.562279 0.578239 0.0 0.562032 0.578434 0.0 0.561786 0.578629 0.0 0.561538 0.578822 0.0 0.561291 0.579016 0.0 0.561042 0.579207 0.0 0.560793 0.579399 0.0 0.560543 0.579589 0.0 0.560293 0.579779 0.0 0.560042 0.579968 0.0 0.55979 0.580157 0.0 0.559538 0.580344 0.0 0.559286 0.580531 0.0 0.559032 0.580716 0.0 0.558779 0.580902 0.0 0.558524 0.581086 0.0 0.558269 0.581269 0.0 0.558013 0.581452 0.0 0.557757 0.581634 0.0 0.5575 0.581815 0.0 0.557243 0.581995 0.0 0.556985 0.582174 0.0 0.556727 0.582353 0.0 0.556468 0.582531 0.0 0.556208 0.582708 0.0 0.555948 0.582884 0.0 0.555688 0.58306 0.0 0.555426 0.583234 0.0 0.555165 0.583408 0.0 0.554902 0.58358 0.0 0.554639 0.583753 0.0 0.554376 0.583924 0.0 0.554112 0.584094 0.0 0.553847 0.584264 0.0 0.553583 0.584433 0.0 0.553317 0.5846 0.0 0.553051 0.584768 0.0 0.552784 0.584934 0.0 0.552517 0.585099 0.0 0.55225 0.585264 0.0 0.551982 0.585428 0.0 0.551713 0.58559 0.0 0.551444 0.585753 0.0 0.551174 0.585913 0.0 0.550904 0.586074 0.0 0.550633 0.586233 0.0 0.550362 0.586392 0.0 0.55009 0.58655 0.0 0.549819 0.586707 0.0 0.549546 0.586863 0.0 0.549273 0.587018 0.0 0.548999 0.587172 0.0 0.548725 0.587326 0.0 0.54845 0.587478 0.0 0.548175 0.587631 0.0 0.5479 0.587781 0.0 0.547624 0.587932 0.0 0.547347 0.58808 0.0 0.54707 0.588229 0.0 0.546793 0.588376 0.0 0.546515 0.588523 0.0 0.546237 0.588668 0.0 0.545958 0.588814 0.0 0.545679 0.588957 0.0 0.545399 0.589101 0.0 0.545119 0.589242 0.0 0.544838 0.589384 0.0 0.544557 0.589524 0.0 0.544276 0.589664 0.0 0.543994 0.589802 0.0 0.543712 0.589941 0.0 0.543429 0.590077 0.0 0.543146 0.590213 0.0 0.542862 0.590348 0.0 0.542578 0.590483 0.0 0.542293 0.590616 0.0 0.542009 0.590748 0.0 0.541723 0.59088 0.0 0.541438 0.591011 0.0 0.541151 0.59114 0.0 0.540865 0.591269 0.0 0.540578 0.591397 0.0 0.540291 0.591524 0.0 0.540003 0.59165 0.0 0.539715 0.591775 0.0 0.539426 0.591899 0.0 0.539137 0.592023 0.0 0.538848 0.592145 0.0 0.538558 0.592267 0.0 0.538268 0.592387 0.0 0.537978 0.592508 0.0 0.537687 0.592626 0.0 0.537396 0.592745 0.0 0.537104 0.592861 0.0 0.536812 0.592978 0.0 0.53652 0.593092 0.0 0.536228 0.593207 0.0 0.535934 0.59332 0.0 0.535641 0.593433 0.0 0.535347 0.593544 0.0 0.535053 0.593655 0.0 0.534759 0.593764 0.0 0.534464 0.593873 0.0 0.534169 0.593981 0.0 0.533874 0.594088 0.0 0.533578 0.594194 0.0 0.533282 0.594299 0.0 0.532985 0.594403 0.0 0.532689 0.594506 0.0 0.532392 0.594608 0.0 0.532094 0.59471 0.0 0.531797 0.59481 0.0 0.531499 0.59491 0.0 0.5312 0.595008 0.0 0.530902 0.595106 0.0 0.530603 0.595202 0.0 0.530304 0.595298 0.0 0.530004 0.595392 0.0 0.529704 0.595486 0.0 0.529404 0.595579 0.0 0.529104 0.595671 0.0 0.528803 0.595762 0.0 0.528502 0.595852 0.0 0.528201 0.595941 0.0 0.527899 0.596029 0.0 0.527597 0.596116 0.0 0.527295 0.596203 0.0 0.526993 0.596288 0.0 0.52669 0.596372 0.0 0.526387 0.596455 0.0 0.526084 0.596538 0.0 0.525781 0.596619 0.0 0.525477 0.5967 0.0 0.525173 0.596779 0.0 0.524869 0.596858 0.0 0.524564 0.596935 0.0 0.52426 0.597013 0.0 0.523955 0.597088 0.0 0.52365 0.597163 0.0 0.523344 0.597237 0.0 0.523039 0.59731 0.0 0.522733 0.597381 0.0 0.522427 0.597453 0.0 0.522121 0.597522 0.0 0.521814 0.597592 0.0 0.521508 0.597659 0.0 0.521201 0.597727 0.0 0.520893 0.597792 0.0 0.520586 0.597858 0.0 0.520279 0.597922 0.0 0.519971 0.597986 0.0 0.519663 0.598047 0.0 0.519355 0.598109 0.0 0.519047 0.598169 0.0 0.518738 0.598229 0.0 0.518429 0.598287 0.0 0.518121 0.598345 0.0 0.517811 0.5984 0.0 0.517502 0.598456 0.0 0.517193 0.59851 0.0 0.516883 0.598564 0.0 0.516574 0.598617 0.0 0.516264 0.598669 0.0 0.515954 0.598719 0.0 0.515643 0.598769 0.0 0.515333 0.598817 0.0 0.515023 0.598865 0.0 0.514712 0.598911 0.0 0.514401 0.598958 0.0 0.51409 0.599002 0.0 0.513779 0.599046 0.0 0.513468 0.599088 0.0 0.513156 0.599131 0.0 0.512845 0.599171 0.0 0.512533 0.599211 0.0 0.512222 0.59925 0.0 0.51191 0.599288 0.0 0.511598 0.599325 0.0 0.511286 0.599361 0.0 0.510973 0.599396 0.0 0.510661 0.59943 0.0 0.510349 0.599463 0.0 0.510036 0.599495 0.0 0.509724 0.599526 0.0 0.509411 0.599556 0.0 0.509098 0.599585 0.0 0.508785 0.599613 0.0 0.508472 0.59964 0.0 0.508159 0.599667 0.0 0.507846 0.599691 0.0 0.507533 0.599716 0.0 0.507219 0.599739 0.0 0.506906 0.599761 0.0 0.506593 0.599782 0.0 0.506279 0.599803 0.0 0.505965 0.599821 0.0 0.505652 0.59984 0.0 0.505338 0.599857 0.0 0.505024 0.599874 0.0 0.504711 0.599888 0.0 0.504397 0.599903 0.0 0.504083 0.599916 0.0 0.503769 0.599929 0.0 0.503455 0.59994 0.0 0.503141 0.599951 0.0 0.502827 0.59996 0.0 0.502513 0.599968 0.0 0.502199 0.599975 0.0 0.501885 0.599982 0.0 0.501571 0.599987 0.0 0.501257 0.599992 0.0 0.500942 0.599995 0.0 0.500628 0.599998 0.0 0.500314 0.599999 0.0 0.5 0.6 0.0 0.499686 0.599999 0.0 0.499372 0.599998 0.0 0.499058 0.599995 0.0 0.498743 0.599992 0.0 0.498429 0.599987 0.0 0.498115 0.599982 0.0 0.497801 0.599975 0.0 0.497487 0.599968 0.0 0.497173 0.59996 0.0 0.496859 0.599951 0.0 0.496545 0.59994 0.0 0.496231 0.599929 0.0 0.495917 0.599916 0.0 0.495603 0.599903 0.0 0.495289 0.599888 0.0 0.494976 0.599874 0.0 0.494662 0.599857 0.0 0.494348 0.59984 0.0 0.494035 0.599821 0.0 0.493721 0.599803 0.0 0.493407 0.599782 0.0 0.493094 0.599761 0.0 0.492781 0.599739 0.0 0.492467 0.599716 0.0 0.492154 0.599691 0.0 0.491841 0.599667 0.0 0.491528 0.59964 0.0 0.491215 0.599613 0.0 0.490902 0.599585 0.0 0.490589 0.599556 0.0 0.490276 0.599526 0.0 0.489964 0.599495 0.0 0.489651 0.599463 0.0 0.489339 0.59943 0.0 0.489027 0.599396 0.0 0.488714 0.599361 0.0 0.488402 0.599325 0.0 0.48809 0.599288 0.0 0.487778 0.59925 0.0 0.487467 0.599211 0.0 0.487155 0.599171 0.0 0.486844 0.599131 0.0 0.486532 0.599088 0.0 0.486221 0.599046 0.0 0.48591 0.599002 0.0 0.485599 0.598958 0.0 0.485288 0.598911 0.0 0.484977 0.598865 0.0 0.484667 0.598817 0.0 0.484357 0.598769 0.0 0.484046 0.598719 0.0 0.483736 0.598669 0.0 0.483426 0.598617 0.0 0.483117 0.598564 0.0 0.482807 0.59851 0.0 0.482498 0.598456 0.0 0.482189 0.5984 0.0 0.481879 0.598345 0.0 0.481571 0.598287 0.0 0.481262 0.598229 0.0 0.480953 0.598169 0.0 0.480645 0.598109 0.0 0.480337 0.598047 0.0 0.480029 0.597986 0.0 0.479721 0.597922 0.0 0.479414 0.597858 0.0 0.479107 0.597792 0.0 0.478799 0.597727 0.0 0.478492 0.597659 0.0 0.478186 0.597592 0.0 0.477879 0.597522 0.0 0.477573 0.597453 0.0 0.477267 0.597381 0.0 0.476961 0.59731 0.0 0.476656 0.597237 0.0 0.47635 0.597163 0.0 0.476045 0.597088 0.0 0.47574 0.597013 0.0 0.475436 0.596935 0.0 0.475131 0.596858 0.0 0.474827 0.596779 0.0 0.474523 0.5967 0.0 0.474219 0.596619 0.0 0.473916 0.596538 0.0 0.473613 0.596455 0.0 0.47331 0.596372 0.0 0.473007 0.596288 0.0 0.472705 0.596203 0.0 0.472403 0.596116 0.0 0.472101 0.596029 0.0 0.471799 0.595941 0.0 0.471498 0.595852 0.0 0.471197 0.595762 0.0 0.470896 0.595671 0.0 0.470596 0.595579 0.0 0.470296 0.595486 0.0 0.469996 0.595392 0.0 0.469696 0.595298 0.0 0.469397 0.595202 0.0 0.469098 0.595106 0.0 0.4688 0.595008 0.0 0.468501 0.59491 0.0 0.468203 0.59481 0.0 0.467906 0.59471 0.0 0.467608 0.594608 0.0 0.467311 0.594506 0.0 0.467015 0.594403 0.0 0.466718 0.594299 0.0 0.466422 0.594194 0.0 0.466126 0.594088 0.0 0.465831 0.593981 0.0 0.465536 0.593873 0.0 0.465241 0.593764 0.0 0.464947 0.593655 0.0 0.464653 0.593544 0.0 0.464359 0.593433 0.0 0.464066 0.59332 0.0 0.463772 0.593207 0.0 0.46348 0.593092 0.0 0.463188 0.592978 0.0 0.462896 0.592861 0.0 0.462604 0.592745 0.0 0.462313 0.592626 0.0 0.462022 0.592508 0.0 0.461732 0.592387 0.0 0.461442 0.592267 0.0 0.461152 0.592145 0.0 0.460863 0.592023 0.0 0.460574 0.591899 0.0 0.460285 0.591775 0.0 0.459997 0.59165 0.0 0.459709 0.591524 0.0 0.459422 0.591397 0.0 0.459135 0.591269 0.0 0.458849 0.59114 0.0 0.458562 0.591011 0.0 0.458277 0.59088 0.0 0.457991 0.590748 0.0 0.457707 0.590616 0.0 0.457422 0.590483 0.0 0.457138 0.590348 0.0 0.456854 0.590213 0.0 0.456571 0.590077 0.0 0.456288 0.589941 0.0 0.456006 0.589802 0.0 0.455724 0.589664 0.0 0.455443 0.589524 0.0 0.455162 0.589384 0.0 0.454881 0.589242 0.0 0.454601 0.589101 0.0 0.454321 0.588957 0.0 0.454042 0.588814 0.0 0.453763 0.588668 0.0 0.453485 0.588523 0.0 0.453207 0.588376 0.0 0.45293 0.588229 0.0 0.452653 0.58808 0.0 0.452376 0.587932 0.0 0.4521 0.587781 0.0 0.451825 0.587631 0.0 0.45155 0.587478 0.0 0.451275 0.587326 0.0 0.451001 0.587172 0.0 0.450727 0.587018 0.0 0.450454 0.586863 0.0 0.450181 0.586707 0.0 0.44991 0.58655 0.0 0.449638 0.586392 0.0 0.449367 0.586233 0.0 0.449096 0.586074 0.0 0.448826 0.585913 0.0 0.448556 0.585753 0.0 0.448287 0.58559 0.0 0.448018 0.585428 0.0 0.44775 0.585264 0.0 0.447483 0.585099 0.0 0.447216 0.584934 0.0 0.446949 0.584768 0.0 0.446683 0.5846 0.0 0.446417 0.584433 0.0 0.446153 0.584264 0.0 0.445888 0.584094 0.0 0.445624 0.583924 0.0 0.445361 0.583753 0.0 0.445098 0.58358 0.0 0.444835 0.583408 0.0 0.444574 0.583234 0.0 0.444312 0.58306 0.0 0.444052 0.582884 0.0 0.443792 0.582708 0.0 0.443532 0.582531 0.0 0.443273 0.582353 0.0 0.443015 0.582174 0.0 0.442757 0.581995 0.0 0.4425 0.581815 0.0 0.442243 0.581634 0.0 0.441987 0.581452 0.0 0.441731 0.581269 0.0 0.441476 0.581086 0.0 0.441221 0.580902 0.0 0.440968 0.580716 0.0 0.440714 0.580531 0.0 0.440462 0.580344 0.0 0.44021 0.580157 0.0 0.439958 0.579968 0.0 0.439707 0.579779 0.0 0.439457 0.579589 0.0 0.439207 0.579399 0.0 0.438958 0.579207 0.0 0.438709 0.579016 0.0 0.438462 0.578822 0.0 0.438214 0.578629 0.0 0.437968 0.578434 0.0 0.437721 0.578239 0.0 0.437476 0.578043 0.0 0.437231 0.577846 0.0 0.436987 0.577648 0.0 0.436743 0.57745 0.0 0.4365 0.577251 0.0 0.436258 0.577051 0.0 0.436016 0.57685 0.0 0.435775 0.576649 0.0 0.435535 0.576447 0.0 0.435294 0.576244 0.0 0.435056 0.57604 0.0 0.434817 0.575836 0.0 0.434579 0.575631 0.0 0.434341 0.575425 0.0 0.434105 0.575218 0.0 0.433869 0.575011 0.0 0.433634 0.574803 0.0 0.433399 0.574594 0.0 0.433165 0.574384 0.0 0.432931 0.574174 0.0 0.432699 0.573963 0.0 0.432467 0.573751 0.0 0.432236 0.573538 0.0 0.432005 0.573326 0.0 0.431775 0.573111 0.0 0.431545 0.572897 0.0 0.431317 0.572681 0.0 0.431089 0.572465 0.0 0.430862 0.572248 0.0 0.430635 0.572031 0.0 0.430409 0.571812 0.0 0.430183 0.571594 0.0 0.429959 0.571374 0.0 0.429735 0.571154 0.0 0.429512 0.570932 0.0 0.429289 0.570711 0.0 0.429068 0.570488 0.0 0.428846 0.570265 0.0 0.428626 0.570041 0.0 0.428406 0.569817 0.0 0.428188 0.569591 0.0 0.427969 0.569365 0.0 0.427752 0.569138 0.0 0.427535 0.568911 0.0 0.427319 0.568683 0.0 0.427103 0.568455 0.0 0.426889 0.568225 0.0 0.426674 0.567995 0.0 0.426462 0.567764 0.0 0.426249 0.567533 0.0 0.426037 0.567301 0.0 0.425826 0.567069 0.0 0.425616 0.566835 0.0 0.425406 0.566601 0.0 0.425197 0.566366 0.0 0.424989 0.566131 0.0 0.424782 0.565895 0.0 0.424575 0.565659 0.0 0.424369 0.565421 0.0 0.424164 0.565183 0.0 0.42396 0.564944 0.0 0.423756 0.564706 0.0 0.423553 0.564465 0.0 0.423351 0.564225 0.0 0.42315 0.563984 0.0 0.422949 0.563742 0.0 0.422749 0.5635 0.0 0.42255 0.563257 0.0 0.422352 0.563013 0.0 0.422154 0.562769 0.0 0.421957 0.562524 0.0 0.421761 0.562279 0.0 0.421566 0.562032 0.0 0.421371 0.561786 0.0 0.421178 0.561538 0.0 0.420984 0.561291 0.0 0.420793 0.561042 0.0 0.420601 0.560793 0.0 0.420411 0.560543 0.0 0.420221 0.560293 0.0 0.420032 0.560042 0.0 0.419843 0.55979 0.0 0.419656 0.559538 0.0 0.419469 0.559286 0.0 0.419284 0.559032 0.0 0.419098 0.558779 0.0 0.418914 0.558524 0.0 0.418731 0.558269 0.0 0.418548 0.558013 0.0 0.418366 0.557757 0.0 0.418185 0.5575 0.0 0.418005 0.557243 0.0 0.417826 0.556985 0.0 0.417647 0.556727 0.0 0.417469 0.556468 0.0 0.417292 0.556208 0.0 0.417116 0.555948 0.0 0.41694 0.555688 0.0 0.416766 0.555426 0.0 0.416592 0.555165 0.0 0.41642 0.554902 0.0 0.416247 0.554639 0.0 0.416076 0.554376 0.0 0.415906 0.554112 0.0 0.415736 0.553847 0.0 0.415567 0.553583 0.0 0.4154 0.553317 0.0 0.415232 0.553051 0.0 0.415066 0.552784 0.0 0.414901 0.552517 0.0 0.414736 0.55225 0.0 0.414572 0.551982 0.0 0.41441 0.551713 0.0 0.414247 0.551444 0.0 0.414087 0.551174 0.0 0.413926 0.550904 0.0 0.413767 0.550633 0.0 0.413608 0.550362 0.0 0.41345 0.55009 0.0 0.413293 0.549819 0.0 0.413137 0.549546 0.0 0.412982 0.549273 0.0 0.412828 0.548999 0.0 0.412674 0.548725 0.0 0.412522 0.54845 0.0 0.412369 0.548175 0.0 0.412219 0.5479 0.0 0.412068 0.547624 0.0 0.41192 0.547347 0.0 0.411771 0.54707 0.0 0.411624 0.546793 0.0 0.411477 0.546515 0.0 0.411332 0.546237 0.0 0.411186 0.545958 0.0 0.411043 0.545679 0.0 0.410899 0.545399 0.0 0.410758 0.545119 0.0 0.410616 0.544838 0.0 0.410476 0.544557 0.0 0.410336 0.544276 0.0 0.410198 0.543994 0.0 0.410059 0.543712 0.0 0.409923 0.543429 0.0 0.409787 0.543146 0.0 0.409652 0.542862 0.0 0.409517 0.542578 0.0 0.409384 0.542293 0.0 0.409252 0.542009 0.0 0.40912 0.541723 0.0 0.408989 0.541438 0.0 0.40886 0.541151 0.0 0.408731 0.540865 0.0 0.408603 0.540578 0.0 0.408476 0.540291 0.0 0.40835 0.540003 0.0 0.408225 0.539715 0.0 0.408101 0.539426 0.0 0.407977 0.539137 0.0 0.407855 0.538848 0.0 0.407733 0.538558 0.0 0.407613 0.538268 0.0 0.407492 0.537978 0.0 0.407374 0.537687 0.0 0.407255 0.537396 0.0 0.407139 0.537104 0.0 0.407022 0.536812 0.0 0.406908 0.53652 0.0 0.406793 0.536228 0.0 0.40668 0.535934 0.0 0.406567 0.535641 0.0 0.406456 0.535347 0.0 0.406345 0.535053 0.0 0.406236 0.534759 0.0 0.406127 0.534464 0.0 0.406019 0.534169 0.0 0.405912 0.533874 0.0 0.405806 0.533578 0.0 0.405701 0.533282 0.0 0.405597 0.532985 0.0 0.405494 0.532689 0.0 0.405392 0.532392 0.0 0.40529 0.532094 0.0 0.40519 0.531797 0.0 0.40509 0.531499 0.0 0.404992 0.5312 0.0 0.404894 0.530902 0.0 0.404798 0.530603 0.0 0.404702 0.530304 0.0 0.404608 0.530004 0.0 0.404514 0.529704 0.0 0.404421 0.529404 0.0 0.404329 0.529104 0.0 0.404238 0.528803 0.0 0.404148 0.528502 0.0 0.404059 0.528201 0.0 0.403971 0.527899 0.0 0.403884 0.527597 0.0 0.403797 0.527295 0.0 0.403712 0.526993 0.0 0.403628 0.52669 0.0 0.403545 0.526387 0.0 0.403462 0.526084 0.0 0.403381 0.525781 0.0 0.4033 0.525477 0.0 0.403221 0.525173 0.0 0.403142 0.524869 0.0 0.403065 0.524564 0.0 0.402987 0.52426 0.0 0.402912 0.523955 0.0 0.402837 0.52365 0.0 0.402763 0.523344 0.0 0.40269 0.523039 0.0 0.402619 0.522733 0.0 0.402547 0.522427 0.0 0.402478 0.522121 0.0 0.402408 0.521814 0.0 0.402341 0.521508 0.0 0.402273 0.521201 0.0 0.402208 0.520893 0.0 0.402142 0.520586 0.0 0.402078 0.520279 0.0 0.402014 0.519971 0.0 0.401953 0.519663 0.0 0.401891 0.519355 0.0 0.401831 0.519047 0.0 0.401771 0.518738 0.0 0.401713 0.518429 0.0 0.401655 0.518121 0.0 0.4016 0.517811 0.0 0.401544 0.517502 0.0 0.40149 0.517193 0.0 0.401436 0.516883 0.0 0.401383 0.516574 0.0 0.401331 0.516264 0.0 0.401281 0.515954 0.0 0.401231 0.515643 0.0 0.401183 0.515333 0.0 0.401135 0.515023 0.0 0.401089 0.514712 0.0 0.401042 0.514401 0.0 0.400998 0.51409 0.0 0.400954 0.513779 0.0 0.400912 0.513468 0.0 0.400869 0.513156 0.0 0.400829 0.512845 0.0 0.400789 0.512533 0.0 0.40075 0.512222 0.0 0.400712 0.51191 0.0 0.400675 0.511598 0.0 0.400639 0.511286 0.0 0.400604 0.510973 0.0 0.40057 0.510661 0.0 0.400537 0.510349 0.0 0.400505 0.510036 0.0 0.400474 0.509724 0.0 0.400444 0.509411 0.0 0.400415 0.509098 0.0 0.400387 0.508785 0.0 0.40036 0.508472 0.0 0.400333 0.508159 0.0 0.400309 0.507846 0.0 0.400284 0.507533 0.0 0.400261 0.507219 0.0 0.400239 0.506906 0.0 0.400218 0.506593 0.0 0.400197 0.506279 0.0 0.400179 0.505965 0.0 0.40016 0.505652 0.0 0.400143 0.505338 0.0 0.400126 0.505024 0.0 0.400112 0.504711 0.0 0.400097 0.504397 0.0 0.400084 0.504083 0.0 0.400071 0.503769 0.0 0.40006 0.503455 0.0 0.400049 0.503141 0.0 0.40004 0.502827 0.0 0.400032 0.502513 0.0 0.400025 0.502199 0.0 0.400018 0.501885 0.0 0.400013 0.501571 0.0 0.400008 0.501257 0.0 0.400005 0.500942 0.0 0.400002 0.500628 0.0 0.400001 0.500314 0.0 0.4 0.5 0.0 0.400001 0.499686 0.0 0.400002 0.499372 0.0 0.400005 0.499058 0.0 0.400008 0.498743 0.0 0.400013 0.498429 0.0 0.400018 0.498115 0.0 0.400025 0.497801 0.0 0.400032 0.497487 0.0 0.40004 0.497173 0.0 0.400049 0.496859 0.0 0.40006 0.496545 0.0 0.400071 0.496231 0.0 0.400084 0.495917 0.0 0.400097 0.495603 0.0 0.400112 0.495289 0.0 0.400126 0.494976 0.0 0.400143 0.494662 0.0 0.40016 0.494348 0.0 0.400179 0.494035 0.0 0.400197 0.493721 0.0 0.400218 0.493407 0.0 0.400239 0.493094 0.0 0.400261 0.492781 0.0 0.400284 0.492467 0.0 0.400309 0.492154 0.0 0.400333 0.491841 0.0 0.40036 0.491528 0.0 0.400387 0.491215 0.0 0.400415 0.490902 0.0 0.400444 0.490589 0.0 0.400474 0.490276 0.0 0.400505 0.489964 0.0 0.400537 0.489651 0.0 0.40057 0.489339 0.0 0.400604 0.489027 0.0 0.400639 0.488714 0.0 0.400675 0.488402 0.0 0.400712 0.48809 0.0 0.40075 0.487778 0.0 0.400789 0.487467 0.0 0.400829 0.487155 0.0 0.400869 0.486844 0.0 0.400912 0.486532 0.0 0.400954 0.486221 0.0 0.400998 0.48591 0.0 0.401042 0.485599 0.0 0.401089 0.485288 0.0 0.401135 0.484977 0.0 0.401183 0.484667 0.0 0.401231 0.484357 0.0 0.401281 0.484046 0.0 0.401331 0.483736 0.0 0.401383 0.483426 0.0 0.401436 0.483117 0.0 0.40149 0.482807 0.0 0.401544 0.482498 0.0 0.4016 0.482189 0.0 0.401655 0.481879 0.0 0.401713 0.481571 0.0 0.401771 0.481262 0.0 0.401831 0.480953 0.0 0.401891 0.480645 0.0 0.401953 0.480337 0.0 0.402014 0.480029 0.0 0.402078 0.479721 0.0 0.402142 0.479414 0.0 0.402208 0.479107 0.0 0.402273 0.478799 0.0 0.402341 0.478492 0.0 0.402408 0.478186 0.0 0.402478 0.477879 0.0 0.402547 0.477573 0.0 0.402619 0.477267 0.0 0.40269 0.476961 0.0 0.402763 0.476656 0.0 0.402837 0.47635 0.0 0.402912 0.476045 0.0 0.402987 0.47574 0.0 0.403065 0.475436 0.0 0.403142 0.475131 0.0 0.403221 0.474827 0.0 0.4033 0.474523 0.0 0.403381 0.474219 0.0 0.403462 0.473916 0.0 0.403545 0.473613 0.0 0.403628 0.47331 0.0 0.403712 0.473007 0.0 0.403797 0.472705 0.0 0.403884 0.472403 0.0 0.403971 0.472101 0.0 0.404059 0.471799 0.0 0.404148 0.471498 0.0 0.404238 0.471197 0.0 0.404329 0.470896 0.0 0.404421 0.470596 0.0 0.404514 0.470296 0.0 0.404608 0.469996 0.0 0.404702 0.469696 0.0 0.404798 0.469397 0.0 0.404894 0.469098 0.0 0.404992 0.4688 0.0 0.40509 0.468501 0.0 0.40519 0.468203 0.0 0.40529 0.467906 0.0 0.405392 0.467608 0.0 0.405494 0.467311 0.0 0.405597 0.467015 0.0 0.405701 0.466718 0.0 0.405806 0.466422 0.0 0.405912 0.466126 0.0 0.406019 0.465831 0.0 0.406127 0.465536 0.0 0.406236 0.465241 0.0 0.406345 0.464947 0.0 0.406456 0.464653 0.0 0.406567 0.464359 0.0 0.40668 0.464066 0.0 0.406793 0.463772 0.0 0.406908 0.46348 0.0 0.407022 0.463188 0.0 0.407139 0.462896 0.0 0.407255 0.462604 0.0 0.407374 0.462313 0.0 0.407492 0.462022 0.0 0.407613 0.461732 0.0 0.407733 0.461442 0.0 0.407855 0.461152 0.0 0.407977 0.460863 0.0 0.408101 0.460574 0.0 0.408225 0.460285 0.0 0.40835 0.459997 0.0 0.408476 0.459709 0.0 0.408603 0.459422 0.0 0.408731 0.459135 0.0 0.40886 0.458849 0.0 0.408989 0.458562 0.0 0.40912 0.458277 0.0 0.409252 0.457991 0.0 0.409384 0.457707 0.0 0.409517 0.457422 0.0 0.409652 0.457138 0.0 0.409787 0.456854 0.0 0.409923 0.456571 0.0 0.410059 0.456288 0.0 0.410198 0.456006 0.0 0.410336 0.455724 0.0 0.410476 0.455443 0.0 0.410616 0.455162 0.0 0.410758 0.454881 0.0 0.410899 0.454601 0.0 0.411043 0.454321 0.0 0.411186 0.454042 0.0 0.411332 0.453763 0.0 0.411477 0.453485 0.0 0.411624 0.453207 0.0 0.411771 0.45293 0.0 0.41192 0.452653 0.0 0.412068 0.452376 0.0 0.412219 0.4521 0.0 0.412369 0.451825 0.0 0.412522 0.45155 0.0 0.412674 0.451275 0.0 0.412828 0.451001 0.0 0.412982 0.450727 0.0 0.413137 0.450454 0.0 0.413293 0.450181 0.0 0.41345 0.44991 0.0 0.413608 0.449638 0.0 0.413767 0.449367 0.0 0.413926 0.449096 0.0 0.414087 0.448826 0.0 0.414247 0.448556 0.0 0.41441 0.448287 0.0 0.414572 0.448018 0.0 0.414736 0.44775 0.0 0.414901 0.447483 0.0 0.415066 0.447216 0.0 0.415232 0.446949 0.0 0.4154 0.446683 0.0 0.415567 0.446417 0.0 0.415736 0.446153 0.0 0.415906 0.445888 0.0 0.416076 0.445624 0.0 0.416247 0.445361 0.0 0.41642 0.445098 0.0 0.416592 0.444835 0.0 0.416766 0.444574 0.0 0.41694 0.444312 0.0 0.417116 0.444052 0.0 0.417292 0.443792 0.0 0.417469 0.443532 0.0 0.417647 0.443273 0.0 0.417826 0.443015 0.0 0.418005 0.442757 0.0 0.418185 0.4425 0.0 0.418366 0.442243 0.0 0.418548 0.441987 0.0 0.418731 0.441731 0.0 0.418914 0.441476 0.0 0.419098 0.441221 0.0 0.419284 0.440968 0.0 0.419469 0.440714 0.0 0.419656 0.440462 0.0 0.419843 0.44021 0.0 0.420032 0.439958 0.0 0.420221 0.439707 0.0 0.420411 0.439457 0.0 0.420601 0.439207 0.0 0.420793 0.438958 0.0 0.420984 0.438709 0.0 0.421178 0.438462 0.0 0.421371 0.438214 0.0 0.421566 0.437968 0.0 0.421761 0.437721 0.0 0.421957 0.437476 0.0 0.422154 0.437231 0.0 0.422352 0.436987 0.0 0.42255 0.436743 0.0 0.422749 0.4365 0.0 0.422949 0.436258 0.0 0.42315 0.436016 0.0 0.423351 0.435775 0.0 0.423553 0.435535 0.0 0.423756 0.435294 0.0 0.42396 0.435056 0.0 0.424164 0.434817 0.0 0.424369 0.434579 0.0 0.424575 0.434341 0.0 0.424782 0.434105 0.0 0.424989 0.433869 0.0 0.425197 0.433634 0.0 0.425406 0.433399 0.0 0.425616 0.433165 0.0 0.425826 0.432931 0.0 0.426037 0.432699 0.0 0.426249 0.432467 0.0 0.426462 0.432236 0.0 0.426674 0.432005 0.0 0.426889 0.431775 0.0 0.427103 0.431545 0.0 0.427319 0.431317 0.0 0.427535 0.431089 0.0 0.427752 0.430862 0.0 0.427969 0.430635 0.0 0.428188 0.430409 0.0 0.428406 0.430183 0.0 0.428626 0.429959 0.0 0.428846 0.429735 0.0 0.429068 0.429512 0.0 0.429289 0.429289 0.0 0.429512 0.429068 0.0 0.429735 0.428846 0.0 0.429959 0.428626 0.0 0.430183 0.428406 0.0 0.430409 0.428188 0.0 0.430635 0.427969 0.0 0.430862 0.427752 0.0 0.431089 0.427535 0.0 0.431317 0.427319 0.0 0.431545 0.427103 0.0 0.431775 0.426889 0.0 0.432005 0.426674 0.0 0.432236 0.426462 0.0 0.432467 0.426249 0.0 0.432699 0.426037 0.0 0.432931 0.425826 0.0 0.433165 0.425616 0.0 0.433399 0.425406 0.0 0.433634 0.425197 0.0 0.433869 0.424989 0.0 0.434105 0.424782 0.0 0.434341 0.424575 0.0 0.434579 0.424369 0.0 0.434817 0.424164 0.0 0.435056 0.42396 0.0 0.435294 0.423756 0.0 0.435535 0.423553 0.0 0.435775 0.423351 0.0 0.436016 0.42315 0.0 0.436258 0.422949 0.0 0.4365 0.422749 0.0 0.436743 0.42255 0.0 0.436987 0.422352 0.0 0.437231 0.422154 0.0 0.437476 0.421957 0.0 0.437721 0.421761 0.0 0.437968 0.421566 0.0 0.438214 0.421371 0.0 0.438462 0.421178 0.0 0.438709 0.420984 0.0 0.438958 0.420793 0.0 0.439207 0.420601 0.0 0.439457 0.420411 0.0 0.439707 0.420221 0.0 0.439958 0.420032 0.0 0.44021 0.419843 0.0 0.440462 0.419656 0.0 0.440714 0.419469 0.0 0.440968 0.419284 0.0 0.441221 0.419098 0.0 0.441476 0.418914 0.0 0.441731 0.418731 0.0 0.441987 0.418548 0.0 0.442243 0.418366 0.0 0.4425 0.418185 0.0 0.442757 0.418005 0.0 0.443015 0.417826 0.0 0.443273 0.417647 0.0 0.443532 0.417469 0.0 0.443792 0.417292 0.0 0.444052 0.417116 0.0 0.444312 0.41694 0.0 0.444574 0.416766 0.0 0.444835 0.416592 0.0 0.445098 0.41642 0.0 0.445361 0.416247 0.0 0.445624 0.416076 0.0 0.445888 0.415906 0.0 0.446153 0.415736 0.0 0.446417 0.415567 0.0 0.446683 0.4154 0.0 0.446949 0.415232 0.0 0.447216 0.415066 0.0 0.447483 0.414901 0.0 0.44775 0.414736 0.0 0.448018 0.414572 0.0 0.448287 0.41441 0.0 0.448556 0.414247 0.0 0.448826 0.414087 0.0 0.449096 0.413926 0.0 0.449367 0.413767 0.0 0.449638 0.413608 0.0 0.44991 0.41345 0.0 0.450181 0.413293 0.0 0.450454 0.413137 0.0 0.450727 0.412982 0.0 0.451001 0.412828 0.0 0.451275 0.412674 0.0 0.45155 0.412522 0.0 0.451825 0.412369 0.0 0.4521 0.412219 0.0 0.452376 0.412068 0.0 0.452653 0.41192 0.0 0.45293 0.411771 0.0 0.453207 0.411624 0.0 0.453485 0.411477 0.0 0.453763 0.411332 0.0 0.454042 0.411186 0.0 0.454321 0.411043 0.0 0.454601 0.410899 0.0 0.454881 0.410758 0.0 0.455162 0.410616 0.0 0.455443 0.410476 0.0 0.455724 0.410336 0.0 0.456006 0.410198 0.0 0.456288 0.410059 0.0 0.456571 0.409923 0.0 0.456854 0.409787 0.0 0.457138 0.409652 0.0 0.457422 0.409517 0.0 0.457707 0.409384 0.0 0.457991 0.409252 0.0 0.458277 0.40912 0.0 0.458562 0.408989 0.0 0.458849 0.40886 0.0 0.459135 0.408731 0.0 0.459422 0.408603 0.0 0.459709 0.408476 0.0 0.459997 0.40835 0.0 0.460285 0.408225 0.0 0.460574 0.408101 0.0 0.460863 0.407977 0.0 0.461152 0.407855 0.0 0.461442 0.407733 0.0 0.461732 0.407613 0.0 0.462022 0.407492 0.0 0.462313 0.407374 0.0 0.462604 0.407255 0.0 0.462896 0.407139 0.0 0.463188 0.407022 0.0 0.46348 0.406908 0.0 0.463772 0.406793 0.0 0.464066 0.40668 0.0 0.464359 0.406567 0.0 0.464653 0.406456 0.0 0.464947 0.406345 0.0 0.465241 0.406236 0.0 0.465536 0.406127 0.0 0.465831 0.406019 0.0 0.466126 0.405912 0.0 0.466422 0.405806 0.0 0.466718 0.405701 0.0 0.467015 0.405597 0.0 0.467311 0.405494 0.0 0.467608 0.405392 0.0 0.467906 0.40529 0.0 0.468203 0.40519 0.0 0.468501 0.40509 0.0 0.4688 0.404992 0.0 0.469098 0.404894 0.0 0.469397 0.404798 0.0 0.469696 0.404702 0.0 0.469996 0.404608 0.0 0.470296 0.404514 0.0 0.470596 0.404421 0.0 0.470896 0.404329 0.0 0.471197 0.404238 0.0 0.471498 0.404148 0.0 0.471799 0.404059 0.0 0.472101 0.403971 0.0 0.472403 0.403884 0.0 0.472705 0.403797 0.0 0.473007 0.403712 0.0 0.47331 0.403628 0.0 0.473613 0.403545 0.0 0.473916 0.403462 0.0 0.474219 0.403381 0.0 0.474523 0.4033 0.0 0.474827 0.403221 0.0 0.475131 0.403142 0.0 0.475436 0.403065 0.0 0.47574 0.402987 0.0 0.476045 0.402912 0.0 0.47635 0.402837 0.0 0.476656 0.402763 0.0 0.476961 0.40269 0.0 0.477267 0.402619 0.0 0.477573 0.402547 0.0 0.477879 0.402478 0.0 0.478186 0.402408 0.0 0.478492 0.402341 0.0 0.478799 0.402273 0.0 0.479107 0.402208 0.0 0.479414 0.402142 0.0 0.479721 0.402078 0.0 0.480029 0.402014 0.0 0.480337 0.401953 0.0 0.480645 0.401891 0.0 0.480953 0.401831 0.0 0.481262 0.401771 0.0 0.481571 0.401713 0.0 0.481879 0.401655 0.0 0.482189 0.4016 0.0 0.482498 0.401544 0.0 0.482807 0.40149 0.0 0.483117 0.401436 0.0 0.483426 0.401383 0.0 0.483736 0.401331 0.0 0.484046 0.401281 0.0 0.484357 0.401231 0.0 0.484667 0.401183 0.0 0.484977 0.401135 0.0 0.485288 0.401089 0.0 0.485599 0.401042 0.0 0.48591 0.400998 0.0 0.486221 0.400954 0.0 0.486532 0.400912 0.0 0.486844 0.400869 0.0 0.487155 0.400829 0.0 0.487467 0.400789 0.0 0.487778 0.40075 0.0 0.48809 0.400712 0.0 0.488402 0.400675 0.0 0.488714 0.400639 0.0 0.489027 0.400604 0.0 0.489339 0.40057 0.0 0.489651 0.400537 0.0 0.489964 0.400505 0.0 0.490276 0.400474 0.0 0.490589 0.400444 0.0 0.490902 0.400415 0.0 0.491215 0.400387 0.0 0.491528 0.40036 0.0 0.491841 0.400333 0.0 0.492154 0.400309 0.0 0.492467 0.400284 0.0 0.492781 0.400261 0.0 0.493094 0.400239 0.0 0.493407 0.400218 0.0 0.493721 0.400197 0.0 0.494035 0.400179 0.0 0.494348 0.40016 0.0 0.494662 0.400143 0.0 0.494976 0.400126 0.0 0.495289 0.400112 0.0 0.495603 0.400097 0.0 0.495917 0.400084 0.0 0.496231 0.400071 0.0 0.496545 0.40006 0.0 0.496859 0.400049 0.0 0.497173 0.40004 0.0 0.497487 0.400032 0.0 0.497801 0.400025 0.0 0.498115 0.400018 0.0 0.498429 0.400013 0.0 0.498743 0.400008 0.0 0.499058 0.400005 0.0 0.499372 0.400002 0.0 0.499686 0.400001 0.0 0.5 0.4 0.0 0.500314 0.400001 0.0 0.500628 0.400002 0.0 0.500942 0.400005 0.0 0.501257 0.400008 0.0 0.501571 0.400013 0.0 0.501885 0.400018 0.0 0.502199 0.400025 0.0 0.502513 0.400032 0.0 0.502827 0.40004 0.0 0.503141 0.400049 0.0 0.503455 0.40006 0.0 0.503769 0.400071 0.0 0.504083 0.400084 0.0 0.504397 0.400097 0.0 0.504711 0.400112 0.0 0.505024 0.400126 0.0 0.505338 0.400143 0.0 0.505652 0.40016 0.0 0.505965 0.400179 0.0 0.506279 0.400197 0.0 0.506593 0.400218 0.0 0.506906 0.400239 0.0 0.507219 0.400261 0.0 0.507533 0.400284 0.0 0.507846 0.400309 0.0 0.508159 0.400333 0.0 0.508472 0.40036 0.0 0.508785 0.400387 0.0 0.509098 0.400415 0.0 0.509411 0.400444 0.0 0.509724 0.400474 0.0 0.510036 0.400505 0.0 0.510349 0.400537 0.0 0.510661 0.40057 0.0 0.510973 0.400604 0.0 0.511286 0.400639 0.0 0.511598 0.400675 0.0 0.51191 0.400712 0.0 0.512222 0.40075 0.0 0.512533 0.400789 0.0 0.512845 0.400829 0.0 0.513156 0.400869 0.0 0.513468 0.400912 0.0 0.513779 0.400954 0.0 0.51409 0.400998 0.0 0.514401 0.401042 0.0 0.514712 0.401089 0.0 0.515023 0.401135 0.0 0.515333 0.401183 0.0 0.515643 0.401231 0.0 0.515954 0.401281 0.0 0.516264 0.401331 0.0 0.516574 0.401383 0.0 0.516883 0.401436 0.0 0.517193 0.40149 0.0 0.517502 0.401544 0.0 0.517811 0.4016 0.0 0.518121 0.401655 0.0 0.518429 0.401713 0.0 0.518738 0.401771 0.0 0.519047 0.401831 0.0 0.519355 0.401891 0.0 0.519663 0.401953 0.0 0.519971 0.402014 0.0 0.520279 0.402078 0.0 0.520586 0.402142 0.0 0.520893 0.402208 0.0 0.521201 0.402273 0.0 0.521508 0.402341 0.0 0.521814 0.402408 0.0 0.522121 0.402478 0.0 0.522427 0.402547 0.0 0.522733 0.402619 0.0 0.523039 0.40269 0.0 0.523344 0.402763 0.0 0.52365 0.402837 0.0 0.523955 0.402912 0.0 0.52426 0.402987 0.0 0.524564 0.403065 0.0 0.524869 0.403142 0.0 0.525173 0.403221 0.0 0.525477 0.4033 0.0 0.525781 0.403381 0.0 0.526084 0.403462 0.0 0.526387 0.403545 0.0 0.52669 0.403628 0.0 0.526993 0.403712 0.0 0.527295 0.403797 0.0 0.527597 0.403884 0.0 0.527899 0.403971 0.0 0.528201 0.404059 0.0 0.528502 0.404148 0.0 0.528803 0.404238 0.0 0.529104 0.404329 0.0 0.529404 0.404421 0.0 0.529704 0.404514 0.0 0.530004 0.404608 0.0 0.530304 0.404702 0.0 0.530603 0.404798 0.0 0.530902 0.404894 0.0 0.5312 0.404992 0.0 0.531499 0.40509 0.0 0.531797 0.40519 0.0 0.532094 0.40529 0.0 0.532392 0.405392 0.0 0.532689 0.405494 0.0 0.532985 0.405597 0.0 0.533282 0.405701 0.0 0.533578 0.405806 0.0 0.533874 0.405912 0.0 0.534169 0.406019 0.0 0.534464 0.406127 0.0 0.534759 0.406236 0.0 0.535053 0.406345 0.0 0.535347 0.406456 0.0 0.535641 0.406567 0.0 0.535934 0.40668 0.0 0.536228 0.406793 0.0 0.53652 0.406908 0.0 0.536812 0.407022 0.0 0.537104 0.407139 0.0 0.537396 0.407255 0.0 0.537687 0.407374 0.0 0.537978 0.407492 0.0 0.538268 0.407613 0.0 0.538558 0.407733 0.0 0.538848 0.407855 0.0 0.539137 0.407977 0.0 0.539426 0.408101 0.0 0.539715 0.408225 0.0 0.540003 0.40835 0.0 0.540291 0.408476 0.0 0.540578 0.408603 0.0 0.540865 0.408731 0.0 0.541151 0.40886 0.0 0.541438 0.408989 0.0 0.541723 0.40912 0.0 0.542009 0.409252 0.0 0.542293 0.409384 0.0 0.542578 0.409517 0.0 0.542862 0.409652 0.0 0.543146 0.409787 0.0 0.543429 0.409923 0.0 0.543712 0.410059 0.0 0.543994 0.410198 0.0 0.544276 0.410336 0.0 0.544557 0.410476 0.0 0.544838 0.410616 0.0 0.545119 0.410758 0.0 0.545399 0.410899 0.0 0.545679 0.411043 0.0 0.545958 0.411186 0.0 0.546237 0.411332 0.0 0.546515 0.411477 0.0 0.546793 0.411624 0.0 0.54707 0.411771 0.0 0.547347 0.41192 0.0 0.547624 0.412068 0.0 0.5479 0.412219 0.0 0.548175 0.412369 0.0 0.54845 0.412522 0.0 0.548725 0.412674 0.0 0.548999 0.412828 0.0 0.549273 0.412982 0.0 0.549546 0.413137 0.0 0.549819 0.413293 0.0 0.55009 0.41345 0.0 0.550362 0.413608 0.0 0.550633 0.413767 0.0 0.550904 0.413926 0.0 0.551174 0.414087 0.0 0.551444 0.414247 0.0 0.551713 0.41441 0.0 0.551982 0.414572 0.0 0.55225 0.414736 0.0 0.552517 0.414901 0.0 0.552784 0.415066 0.0 0.553051 0.415232 0.0 0.553317 0.4154 0.0 0.553583 0.415567 0.0 0.553847 0.415736 0.0 0.554112 0.415906 0.0 0.554376 0.416076 0.0 0.554639 0.416247 0.0 0.554902 0.41642 0.0 0.555165 0.416592 0.0 0.555426 0.416766 0.0 0.555688 0.41694 0.0 0.555948 0.417116 0.0 0.556208 0.417292 0.0 0.556468 0.417469 0.0 0.556727 0.417647 0.0 0.556985 0.417826 0.0 0.557243 0.418005 0.0 0.5575 0.418185 0.0 0.557757 0.418366 0.0 0.558013 0.418548 0.0 0.558269 0.418731 0.0 0.558524 0.418914 0.0 0.558779 0.419098 0.0 0.559032 0.419284 0.0 0.559286 0.419469 0.0 0.559538 0.419656 0.0 0.55979 0.419843 0.0 0.560042 0.420032 0.0 0.560293 0.420221 0.0 0.560543 0.420411 0.0 0.560793 0.420601 0.0 0.561042 0.420793 0.0 0.561291 0.420984 0.0 0.561538 0.421178 0.0 0.561786 0.421371 0.0 0.562032 0.421566 0.0 0.562279 0.421761 0.0 0.562524 0.421957 0.0 0.562769 0.422154 0.0 0.563013 0.422352 0.0 0.563257 0.42255 0.0 0.5635 0.422749 0.0 0.563742 0.422949 0.0 0.563984 0.42315 0.0 0.564225 0.423351 0.0 0.564465 0.423553 0.0 0.564706 0.423756 0.0 0.564944 0.42396 0.0 0.565183 0.424164 0.0 0.565421 0.424369 0.0 0.565659 0.424575 0.0 0.565895 0.424782 0.0 0.566131 0.424989 0.0 0.566366 0.425197 0.0 0.566601 0.425406 0.0 0.566835 0.425616 0.0 0.567069 0.425826 0.0 0.567301 0.426037 0.0 0.567533 0.426249 0.0 0.567764 0.426462 0.0 0.567995 0.426674 0.0 0.568225 0.426889 0.0 0.568455 0.427103 0.0 0.568683 0.427319 0.0 0.568911 0.427535 0.0 0.569138 0.427752 0.0 0.569365 0.427969 0.0 0.569591 0.428188 0.0 0.569817 0.428406 0.0 0.570041 0.428626 0.0 0.570265 0.428846 0.0 0.570488 0.429068 0.0 0.570711 0.429289 0.0 0.570932 0.429512 0.0 0.571154 0.429735 0.0 0.571374 0.429959 0.0 0.571594 0.430183 0.0 0.571812 0.430409 0.0 0.572031 0.430635 0.0 0.572248 0.430862 0.0 0.572465 0.431089 0.0 0.572681 0.431317 0.0 0.572897 0.431545 0.0 0.573111 0.431775 0.0 0.573326 0.432005 0.0 0.573538 0.432236 0.0 0.573751 0.432467 0.0 0.573963 0.432699 0.0 0.574174 0.432931 0.0 0.574384 0.433165 0.0 0.574594 0.433399 0.0 0.574803 0.433634 0.0 0.575011 0.433869 0.0 0.575218 0.434105 0.0 0.575425 0.434341 0.0 0.575631 0.434579 0.0 0.575836 0.434817 0.0 0.57604 0.435056 0.0 0.576244 0.435294 0.0 0.576447 0.435535 0.0 0.576649 0.435775 0.0 0.57685 0.436016 0.0 0.577051 0.436258 0.0 0.577251 0.4365 0.0 0.57745 0.436743 0.0 0.577648 0.436987 0.0 0.577846 0.437231 0.0 0.578043 0.437476 0.0 0.578239 0.437721 0.0 0.578434 0.437968 0.0 0.578629 0.438214 0.0 0.578822 0.438462 0.0 0.579016 0.438709 0.0 0.579207 0.438958 0.0 0.579399 0.439207 0.0 0.579589 0.439457 0.0 0.579779 0.439707 0.0 0.579968 0.439958 0.0 0.580157 0.44021 0.0 0.580344 0.440462 0.0 0.580531 0.440714 0.0 0.580716 0.440968 0.0 0.580902 0.441221 0.0 0.581086 0.441476 0.0 0.581269 0.441731 0.0 0.581452 0.441987 0.0 0.581634 0.442243 0.0 0.581815 0.4425 0.0 0.581995 0.442757 0.0 0.582174 0.443015 0.0 0.582353 0.443273 0.0 0.582531 0.443532 0.0 0.582708 0.443792 0.0 0.582884 0.444052 0.0 0.58306 0.444312 0.0 0.583234 0.444574 0.0 0.583408 0.444835 0.0 0.58358 0.445098 0.0 0.583753 0.445361 0.0 0.583924 0.445624 0.0 0.584094 0.445888 0.0 0.584264 0.446153 0.0 0.584433 0.446417 0.0 0.5846 0.446683 0.0 0.584768 0.446949 0.0 0.584934 0.447216 0.0 0.585099 0.447483 0.0 0.585264 0.44775 0.0 0.585428 0.448018 0.0 0.58559 0.448287 0.0 0.585753 0.448556 0.0 0.585913 0.448826 0.0 0.586074 0.449096 0.0 0.586233 0.449367 0.0 0.586392 0.449638 0.0 0.58655 0.44991 0.0 0.586707 0.450181 0.0 0.586863 0.450454 0.0 0.587018 0.450727 0.0 0.587172 0.451001 0.0 0.587326 0.451275 0.0 0.587478 0.45155 0.0 0.587631 0.451825 0.0 0.587781 0.4521 0.0 0.587932 0.452376 0.0 0.58808 0.452653 0.0 0.588229 0.45293 0.0 0.588376 0.453207 0.0 0.588523 0.453485 0.0 0.588668 0.453763 0.0 0.588814 0.454042 0.0 0.588957 0.454321 0.0 0.589101 0.454601 0.0 0.589242 0.454881 0.0 0.589384 0.455162 0.0 0.589524 0.455443 0.0 0.589664 0.455724 0.0 0.589802 0.456006 0.0 0.589941 0.456288 0.0 0.590077 0.456571 0.0 0.590213 0.456854 0.0 0.590348 0.457138 0.0 0.590483 0.457422 0.0 0.590616 0.457707 0.0 0.590748 0.457991 0.0 0.59088 0.458277 0.0 0.591011 0.458562 0.0 0.59114 0.458849 0.0 0.591269 0.459135 0.0 0.591397 0.459422 0.0 0.591524 0.459709 0.0 0.59165 0.459997 0.0 0.591775 0.460285 0.0 0.591899 0.460574 0.0 0.592023 0.460863 0.0 0.592145 0.461152 0.0 0.592267 0.461442 0.0 0.592387 0.461732 0.0 0.592508 0.462022 0.0 0.592626 0.462313 0.0 0.592745 0.462604 0.0 0.592861 0.462896 0.0 0.592978 0.463188 0.0 0.593092 0.46348 0.0 0.593207 0.463772 0.0 0.59332 0.464066 0.0 0.593433 0.464359 0.0 0.593544 0.464653 0.0 0.593655 0.464947 0.0 0.593764 0.465241 0.0 0.593873 0.465536 0.0 0.593981 0.465831 0.0 0.594088 0.466126 0.0 0.594194 0.466422 0.0 0.594299 0.466718 0.0 0.594403 0.467015 0.0 0.594506 0.467311 0.0 0.594608 0.467608 0.0 0.59471 0.467906 0.0 0.59481 0.468203 0.0 0.59491 0.468501 0.0 0.595008 0.4688 0.0 0.595106 0.469098 0.0 0.595202 0.469397 0.0 0.595298 0.469696 0.0 0.595392 0.469996 0.0 0.595486 0.470296 0.0 0.595579 0.470596 0.0 0.595671 0.470896 0.0 0.595762 0.471197 0.0 0.595852 0.471498 0.0 0.595941 0.471799 0.0 0.596029 0.472101 0.0 0.596116 0.472403 0.0 0.596203 0.472705 0.0 0.596288 0.473007 0.0 0.596372 0.47331 0.0 0.596455 0.473613 0.0 0.596538 0.473916 0.0 0.596619 0.474219 0.0 0.5967 0.474523 0.0 0.596779 0.474827 0.0 0.596858 0.475131 0.0 0.596935 0.475436 0.0 0.597013 0.47574 0.0 0.597088 0.476045 0.0 0.597163 0.47635 0.0 0.597237 0.476656 0.0 0.59731 0.476961 0.0 0.597381 0.477267 0.0 0.597453 0.477573 0.0 0.597522 0.477879 0.0 0.597592 0.478186 0.0 0.597659 0.478492 0.0 0.597727 0.478799 0.0 0.597792 0.479107 0.0 0.597858 0.479414 0.0 0.597922 0.479721 0.0 0.597986 0.480029 0.0 0.598047 0.480337 0.0 0.598109 0.480645 0.0 0.598169 0.480953 0.0 0.598229 0.481262 0.0 0.598287 0.481571 0.0 0.598345 0.481879 0.0 0.5984 0.482189 0.0 0.598456 0.482498 0.0 0.59851 0.482807 0.0 0.598564 0.483117 0.0 0.598617 0.483426 0.0 0.598669 0.483736 0.0 0.598719 0.484046 0.0 0.598769 0.484357 0.0 0.598817 0.484667 0.0 0.598865 0.484977 0.0 0.598911 0.485288 0.0 0.598958 0.485599 0.0 0.599002 0.48591 0.0 0.599046 0.486221 0.0 0.599088 0.486532 0.0 0.599131 0.486844 0.0 0.599171 0.487155 0.0 0.599211 0.487467 0.0 0.59925 0.487778 0.0 0.599288 0.48809 0.0 0.599325 0.488402 0.0 0.599361 0.488714 0.0 0.599396 0.489027 0.0 0.59943 0.489339 0.0 0.599463 0.489651 0.0 0.599495 0.489964 0.0 0.599526 0.490276 0.0 0.599556 0.490589 0.0 0.599585 0.490902 0.0 0.599613 0.491215 0.0 0.59964 0.491528 0.0 0.599667 0.491841 0.0 0.599691 0.492154 0.0 0.599716 0.492467 0.0 0.599739 0.492781 0.0 0.599761 0.493094 0.0 0.599782 0.493407 0.0 0.599803 0.493721 0.0 0.599821 0.494035 0.0 0.59984 0.494348 0.0 0.599857 0.494662 0.0 0.599874 0.494976 0.0 0.599888 0.495289 0.0 0.599903 0.495603 0.0 0.599916 0.495917 0.0 0.599929 0.496231 0.0 0.59994 0.496545 0.0 0.599951 0.496859 0.0 0.59996 0.497173 0.0 0.599968 0.497487 0.0 0.599975 0.497801 0.0 0.599982 0.498115 0.0 0.599987 0.498429 0.0 0.599992 0.498743 0.0 0.599995 0.499058 0.0 0.599998 0.499372 0.0 0.599999 0.499686 0.0 
        </DataArray>
      </Points>
      <Polys>
        <DataArray type="Int64" Name="connectivity" format="ascii">
0 1 1 2 2 3 3 4 4 5 5 6 6 7 7 8 8 9 9 10 10 11 11 12 12 13 13 14 14 15 15 16 16 17 17 18 18 19 19 20 20 21 21 22 22 23 23 24 24 25 25 26 26 27 27 28 28 29 29 30 30 31 31 32 32 33 33 34 34 35 35 36 36 37 37 38 38 39 39 40 40 41 41 42 42 43 43 44 44 45 45 46 46 47 47 48 48 49 49 50 50 51 51 52 52 53 53 54 54 55 55 56 56 57 57 58 58 59 59 60 60 61 61 62 62 63 63 64 64 65 65 66 66 67 67 68 68 69 69 70 70 71 71 72 72 73 73 74 74 75 75 76 76 77 77 78 78 79 79 80 80 81 81 82 82 83 83 84 84 85 85 86 86 87 87 88 88 89 89 90 90 91 91 92 92 93 93 94 94 95 95 96 96 97 97 98 98 99 99 100 100 101 101 102 102 103 103 104 104 105 105 106 106 107 107 108 108 109 109 110 110 111 111 112 112 113 113 114 114 115 115 116 116 117 117 118 118 119 119 120 120 121 121 122 122 123 123 124 124 125 125 126 126 127 127 128 128 129 129 130 130 131 131 132 132 133 133 134 134 135 135 136 136 137 137 138 138 139 139 140 140 141 141 142 142 143 143 144 144 145 145 146 146 147 147 148 148 149 149 150 150 151 151 152 152 153 153 154 154 155 155 156 156 157 157 158 158 159 159 160 160 161 161 162 162 163 163 164 164 165 165 166 166 167 167 168 168 169 169 170 170 171 171 172 172 173 173 174 174 175 175 176 176 177 177 178 178 179 179 180 180 181 181 182 182 183 183 184 184 185 185 186 186 187 187 188 188 189 189 190 190 191 191 192 192 193 193 194 194 195 195 196 196 197 197 198 198 199 199 200 200 201 201 202 202 203 203 204 204 205 205 206 206 207 207 208 208 209 209 210 210 211 211 212 212 213 213 214 214 215 215 216 216 217 217 218 218 219 219 220 220 221 221 222 222 223 223 224 224 225 225 226 226 227 227 228 228 229 229 230 230 231 231 232 232 233 233 234 234 235 235 236 236 237 237 238 238 239 239 240 240 241 241 242 242 243 243 244 244 245 245 246 246 247 247 248 248 249 249 250 250 251 251 252 252 253 253 254 254 255 255 256 256 257 257 258 258 259 259 260 260 261 261 262 262 263 263 264 264 265 265 266 266 267 267 268 268 269 269 270 270 271 271 272 272 273 273 274 274 275 275 276 276 277 277 278 278 279 279 280 280 281 281 282 282 283 283 284 284 285 285 286 286 287 287 288 288 289 289 290 290 291 291 292 292 293 293 294 294 295 295 296 296 297 297 298 298 299 299 300 300 301 301 302 302 303 303 304 304 305 305 306 306 307 307 308 308 309 309 310 310 311 311 312 312 313 313 314 314 315 315 316 316 317 317 318 318 319 319 320 320 321 321 322 322 323 323 324 324 325 325 326 326 327 327 328 328 329 329 330 330 331 331 332 332 333 333 334 334 335 335 336 336 337 337 338 338 339 339 340 340 341 341 342 342 343 343 344 344 345 345 346 346 347 347 348 348 349 349 350 350 351 351 352 352 353 353 354 354 355 355 356 356 357 357 358 358 359 359 360 360 361 361 362 362 363 363 364 364 365 365 366 366 367 367 368 368 369 369 370 370 371 371 372 372 373 373 374 374 375 375 376 376 377 377 378 378 379 379 380 380 381 381 382 382 383 383 384 384 385 385 386 386 387 387 388 388 389 389 390 390 391 391 392 392 393 393 394 394 395 395 396 396 397 397 398 398 399 399 400 400 401 401 402 402 403 403 404 404 405 405 406 406 407 407 408 408 409 409 410 410 411 411 412 412 413 413 414 414 415 415 416 416 417 417 418 418 419 419 420 420 421 421 422 422 423 423 424 424 425 425 426 426 427 427 428 428 429 429 430 430 431 431 432 432 433 433 434 434 435 435 436 436 437 437 438 438 439 439 440 440 441 441 442 442 443 443 444 444 445 445 446 446 447 447 448 448 449 449 450 450 451 451 452 452 453 453 454 454 455 455 456 456 457 457 458 458 459 459 460 460 461 461 462 462 463 463 464 464 465 465 466 466 467 467 468 468 469 469 470 470 471 471 472 472 473 473 474 474 475 475 476 476 477 477 478 478 479 479 480 480 481 481 482 482 483 483 484 484 485 485 486 486 487 487 488 488 489 489 490 490 491 491 492 492 493 493 494 494 495 495 496 496 497 497 498 498 499 499 500 500 501 501 502 502 503 503 504 504 505 505 506 506 507 507 508 508 509 509 510 510 511 511 512 512 513 513 514 514 515 515 516 516 517 517 518 518 519 519 520 520 521 521 522 522 523 523 524 524 525 525 526 526 527 527 528 528 529 529 530 530 531 531 532 532 533 533 534 534 535 535 536 536 537 537 538 538 539 539 540 540 541 541 542 542 543 543 544 544 545 545 546 546 547 547 548 548 549 549 550 550 551 551 552 552 553 553 554 554 555 555 556 556 557 557 558 558 559 559 560 560 561 561 562 562 563 563 564 564 565 565 566 566 567 567 568 568 569 569 570 570 571 571 572 572 573 573 574 574 575 575 576 576 577 577 578 578 579 579 580 580 581 581 582 582 583 583 584 584 585 585 586 586 587 587 588 588 589 589 590 590 591 591 592 592 593 593 594 594 595 595 596 596 597 597 598 598 599 599 600 600 601 601 602 602 603 603 604 604 605 605 606 606 607 607 608 608 609 609 610 610 611 611 612 612 613 613 614 614 615 615 616 616 617 617 618 618 619 619 620 620 621 621 622 622 623 623 624 624 625 625 626 626 627 627 628 628 629 629 630 630 631 631 632 632 633 633 634 634 635 635 636 636 637 637 638 638 639 639 640 640 641 641 642 642 643 643 644 644 645 645 646 646 647 647 648 648 649 649 650 650 651 651 652 652 653 653 654 654 655 655 656 656 657 657 658 658 659 659 660 660 661 661 662 662 663 663 664 664 665 665 666 666 667 667 668 668 669 669 670 670 671 671 672 672 673 673 674 674 675 675 676 676 677 677 678 678 679 679 680 680 681 681 682 682 683 683 684 684 685 685 686 686 687 687 688 688 689 689 690 690 691 691 692 692 693 693 694 694 695 695 696 696 697 697 698 698 699 699 700 700 701 701 702 702 703 703 704 704 705 705 706 706 707 707 708 708 709 709 710 710 711 711 712 712 713 713 714 714 715 715 716 716 717 717 718 718 719 719 720 720 721 721 722 722 723 723 724 724 725 725 726 726 727 727 728 728 729 729 730 730 731 731 732 732 733 733 734 734 735 735 736 736 737 737 738 738 739 739 740 740 741 741 742 742 743 743 744 744 745 745 746 746 747 747 748 748 749 749 750 750 751 751 752 752 753 753 754 754 755 755 756 756 757 757 758 758 759 759 760 760 761 761 762 762 763 763 764 764 765 765 766 766 767 767 768 768 769 769 770 770 771 771 772 772 773 773 774 774 775 775 776 776 777 777 778 778 779 779 780 780 781 781 782 782 783 783 784 784 785 785 786 786 787 787 788 788 789 789 790 790 791 791 792 792 793 793 794 794 795 795 796 796 797 797 798 798 799 799 800 800 801 801 802 802 803 803 804 804 805 805 806 806 807 807 808 808 809 809 810 810 811 811 812 812 813 813 814 814 815 815 816 816 817 817 818 818 819 819 820 820 821 821 822 822 823 823 824 824 825 825 826 826 827 827 828 828 829 829 830 830 831 831 832 832 833 833 834 834 835 835 836 836 837 837 838 838 839 839 840 840 841 841 842 842 843 843 844 844 845 845 846 846 847 847 848 848 849 849 850 850 851 851 852 852 853 853 854 854 855 855 856 856 857 857 858 858 859 859 860 860 861 861 862 862 863 863 864 864 865 865 866 866 867 867 868 868 869 869 870 870 871 871 872 872 873 873 874 874 875 875 876 876 877 877 878 878 879 879 880 880 881 881 882 882 883 883 884 884 885 885 886 886 887 887 888 888 889 889 890 890 891 891 892 892 893 893 894 894 895 895 896 896 897 897 898 898 899 899 900 900 901 901 902 902 903 903 904 904 905 905 906 906 907 907 908 908 909 909 910 910 911 911 912 912 913 913 914 914 915 915 916 916 917 917 918 918 919 919 920 920 921 921 922 922 923 923 924 924 925 925 926 926 927 927 928 928 929 929 930 930 931 931 932 932 933 933 934 934 935 935 936 936 937 937 938 938 939 939 940 940 941 941 942 942 943 943 944 944 945 945 946 946 947 947 948 948 949 949 950 950 951 951 952 952 953 953 954 954 955 955 956 956 957 957 958 958 959 959 960 960 961 961 962 962 963 963 964 964 965 965 966 966 967 967 968 968 969 969 970 970 971 971 972 972 973 973 974 974 975 975 976 976 977 977 978 978 979 979 980 980 981 981 982 982 983 983 984 984 985 985 986 986 987 987 988 988 989 989 990 990 991 991 992 992 993 993 994 994 995 995 996 996 997 997 998 998 999 999 1000 1000 1001 1001 1002 1002 1003 1003 1004 1004 1005 1005 1006 1006 1007 1007 1008 1008 1009 1009 1010 1010 1011 1011 1012 1012 1013 1013 1014 1014 1015 1015 1016 1016 1017 1017 1018 1018 1019 1019 1020 1020 1021 1021 1022 1022 1023 1023 1024 1024 1025 1025 1026 1026 1027 1027 1028 1028 1029 1029 1030 1030 1031 1031 1032 1032 1033 1033 1034 1034 1035 1035 1036 1036 1037 1037 1038 1038 1039 1039 1040 1040 1041 1041 1042 1042 1043 1043 1044 1044 1045 1045 1046 1046 1047 1047 1048 1048 1049 1049 1050 1050 1051 1051 1052 1052 1053 1053 1054 1054 1055 1055 1056 1056 1057 1057 1058 1058 1059 1059 1060 1060 1061 1061 1062 1062 1063 1063 1064 1064 1065 1065 1066 1066 1067 1067 1068 1068 1069 1069 1070 1070 1071 1071 1072 1072 1073 1073 1074 1074 1075 1075 1076 1076 1077 1077 1078 1078 1079 1079 1080 1080 1081 1081 1082 1082 1083 1083 1084 1084 1085 1085 1086 1086 1087 1087 1088 1088 1089 1089 1090 1090 1091 1091 1092 1092 1093 1093 1094 1094 1095 1095 1096 1096 1097 1097 1098 1098 1099 1099 1100 1100 1101 1101 1102 1102 1103 1103 1104 1104 1105 1105 1106 1106 1107 1107 1108 1108 1109 1109 1110 1110 1111 1111 1112 1112 1113 1113 1114 1114 1115 1115 1116 1116 1117 1117 1118 1118 1119 1119 1120 1120 1121 1121 1122 1122 1123 1123 1124 1124 1125 1125 1126 1126 1127 1127 1128 1128 1129 1129 1130 1130 1131 1131 1132 1132 1133 1133 1134 1134 1135 1135 1136 1136 1137 1137 1138 1138 1139 1139 1140 1140 1141 1141 1142 1142 1143 1143 1144 1144 1145 1145 1146 1146 1147 1147 1148 1148 1149 1149 1150 1150 1151 1151 1152 1152 1153 1153 1154 1154 1155 1155 1156 1156 1157 1157 1158 1158 1159 1159 1160 1160 1161 1161 1162 1162 1163 1163 1164 1164 1165 1165 1166 1166 1167 1167 1168 1168 1169 1169 1170 1170 1171 1171 1172 1172 1173 1173 1174 1174 1175 1175 1176 1176 1177 1177 1178 1178 1179 1179 1180 1180 1181 1181 1182 1182 1183 1183 1184 1184 1185 1185 1186 1186 1187 1187 1188 1188 1189 1189 1190 1190 1191 1191 1192 1192 1193 1193 1194 1194 1195 1195 1196 1196 1197 1197 1198 1198 1199 1199 1200 1200 1201 1201 1202 1202 1203 1203 1204 1204 1205 1205 1206 1206 1207 1207 1208 1208 1209 1209 1210 1210 1211 1211 1212 1212 1213 1213 1214 1214 1215 1215 1216 1216 1217 1217 1218 1218 1219 1219 1220 1220 1221 1221 1222 1222 1223 1223 1224 1224 1225 1225 1226 1226 1227 1227 1228 1228 1229 1229 1230 1230 1231 1231 1232 1232 1233 1233 1234 1234 1235 1235 1236 1236 1237 1237 1238 1238 1239 1239 1240 1240 1241 1241 1242 1242 1243 1243 1244 1244 1245 1245 1246 1246 1247 1247 1248 1248 1249 1249 1250 1250 1251 1251 1252 1252 1253 1253 1254 1254 1255 1255 1256 1256 1257 1257 1258 1258 1259 1259 1260 1260 1261 1261 1262 1262 1263 1263 1264 1264 1265 1265 1266 1266 1267 1267 1268 1268 1269 1269 1270 1270 1271 1271 1272 1272 1273 1273 1274 1274 1275 1275 1276 1276 1277 1277 1278 1278 1279 1279 1280 1280 1281 1281 1282 1282 1283 1283 1284 1284 1285 1285 1286 1286 1287 1287 1288 1288 1289 1289 1290 1290 1291 1291 1292 1292 1293 1293 1294 1294 1295 1295 1296 1296 1297 1297 1298 1298 1299 1299 1300 1300 1301 1301 1302 1302 1303 1303 1304 1304 1305 1305 1306 1306 1307 1307 1308 1308 1309 1309 1310 1310 1311 1311 1312 1312 1313 1313 1314 1314 1315 1315 1316 1316 1317 1317 1318 1318 1319 1319 1320 1320 1321 1321 1322 1322 1323 1323 1324 1324 1325 1325 1326 1326 1327 1327 1328 1328 1329 1329 1330 1330 1331 1331 1332 1332 1333 1333 1334 1334 1335 1335 1336 1336 1337 1337 1338 1338 1339 1339 1340 1340 1341 1341 1342 1342 1343 1343 1344 1344 1345 1345 1346 1346 1347 1347 1348 1348 1349 1349 1350 1350 1351 1351 1352 1352 1353 1353 1354 1354 1355 1355 1356 1356 1357 1357 1358 1358 1359 1359 1360 1360 1361 1361 1362 1362 1363 1363 1364 1364 1365 1365 1366 1366 1367 1367 1368 1368 1369 1369 1370 1370 1371 1371 1372 1372 1373 1373 1374 1374 1375 1375 1376 1376 1377 1377 1378 1378 1379 1379 1380 1380 1381 1381 1382 1382 1383 1383 1384 1384 1385 1385 1386 1386 1387 1387 1388 1388 1389 1389 1390 1390 1391 1391 1392 1392 1393 1393 1394 1394 1395 1395 1396 1396 1397 1397 1398 1398 1399 1399 1400 1400 1401 1401 1402 1402 1403 1403 1404 1404 1405 1405 1406 1406 1407 1407 1408 1408 1409 1409 1410 1410 1411 1411 1412 1412 1413 1413 1414 1414 1415 1415 1416 1416 1417 1417 1418 1418 1419 1419 1420 1420 1421 1421 1422 1422 1423 1423 1424 1424 1425 1425 1426 1426 1427 1427 1428 1428 1429 1429 1430 1430 1431 1431 1432 1432 1433 1433 1434 1434 1435 1435 1436 1436 1437 1437 1438 1438 1439 1439 1440 1440 1441 1441 1442 1442 1443 1443 1444 1444 1445 1445 1446 1446 1447 1447 1448 1448 1449 1449 1450 1450 1451 1451 1452 1452 1453 1453 1454 1454 1455 1455 1456 1456 1457 1457 1458 1458 1459 1459 1460 1460 1461 1461 1462 1462 1463 1463 1464 1464 1465 1465 1466 1466 1467 1467 1468 1468 1469 1469 1470 1470 1471 1471 1472 1472 1473 1473 1474 1474 1475 1475 1476 1476 1477 1477 1478 1478 1479 1479 1480 1480 1481 1481 1482 1482 1483 1483 1484 1484 1485 1485 1486 1486 1487 1487 1488 1488 1489 1489 1490 1490 1491 1491 1492 1492 1493 1493 1494 1494 1495 1495 1496 1496 1497 1497 1498 1498 1499 1499 1500 1500 1501 1501 1502 1502 1503 1503 1504 1504 1505 1505 1506 1506 1507 1507 1508 1508 1509 1509 1510 1510 1511 1511 1512 1512 1513 1513 1514 1514 1515 1515 1516 1516 1517 1517 1518 1518 1519 1519 1520 1520 1521 1521 1522 1522 1523 1523 1524 1524 1525 1525 1526 1526 1527 1527 1528 1528 1529 1529 1530 1530 1531 1531 1532 1532 1533 1533 1534 1534 1535 1535 1536 1536 1537 1537 1538 1538 1539 1539 1540 1540 1541 1541 1542 1542 1543 1543 1544 1544 1545 1545 1546 1546 1547 1547 1548 1548 1549 1549 1550 1550 1551 1551 1552 1552 1553 1553 1554 1554 1555 1555 1556 1556 1557 1557 1558 1558 1559 1559 1560 1560 1561 1561 1562 1562 1563 1563 1564 1564 1565 1565 1566 1566 1567 1567 1568 1568 1569 1569 1570 1570 1571 1571 1572 1572 1573 1573 1574 1574 1575 1575 1576 1576 1577 1577 1578 1578 1579 1579 1580 1580 1581 1581 1582 1582 1583 1583 1584 1584 1585 1585 1586 1586 1587 1587 1588 1588 1589 1589 1590 1590 1591 1591 1592 1592 1593 1593 1594 1594 1595 1595 1596 1596 1597 1597 1598 1598 1599 1599 1600 1600 1601 1601 1602 1602 1603 1603 1604 1604 1605 1605 1606 1606 1607 1607 1608 1608 1609 1609 1610 1610 1611 1611 1612 1612 1613 1613 1614 1614 1615 1615 1616 1616 1617 1617 1618 1618 1619 1619 1620 1620 1621 1621 1622 1622 1623 1623 1624 1624 1625 1625 1626 1626 1627 1627 1628 1628 1629 1629 1630 1630 1631 1631 1632 1632 1633 1633 1634 1634 1635 1635 1636 1636 1637 1637 1638 1638 1639 1639 1640 1640 1641 1641 1642 1642 1643 1643 1644 1644 1645 1645 1646 1646 1647 1647 1648 1648 1649 1649 1650 1650 1651 1651 1652 1652 1653 1653 1654 1654 1655 1655 1656 1656 1657 1657 1658 1658 1659 1659 1660 1660 1661 1661 1662 1662 1663 1663 1664 1664 1665 1665 1666 1666 1667 1667 1668 1668 1669 1669 1670 1670 1671 1671 1672 1672 1673 1673 1674 1674 1675 1675 1676 1676 1677 1677 1678 1678 1679 1679 1680 1680 1681 1681 1682 1682 1683 1683 1684 1684 1685 1685 1686 1686 1687 1687 1688 1688 1689 1689 1690 1690 1691 1691 1692 1692 1693 1693 1694 1694 1695 1695 1696 1696 1697 1697 1698 1698 1699 1699 1700 1700 1701 1701 1702 1702 1703 1703 1704 1704 1705 1705 1706 1706 1707 1707 1708 1708 1709 1709 1710 1710 1711 1711 1712 1712 1713 1713 1714 1714 1715 1715 1716 1716 1717 1717 1718 1718 1719 1719 1720 1720 1721 1721 1722 1722 1723 1723 1724 1724 1725 1725 1726 1726 1727 1727 1728 1728 1729 1729 1730 1730 1731 1731 1732 1732 1733 1733 1734 1734 1735 1735 1736 1736 1737 1737 1738 1738 1739 1739 1740 1740 1741 1741 1742 1742 1743 1743 1744 1744 1745 1745 1746 1746 1747 1747 1748 1748 1749 1749 1750 1750 1751 1751 1752 1752 1753 1753 1754 1754 1755 1755 1756 1756 1757 1757 1758 1758 1759 1759 1760 1760 1761 1761 1762 1762 1763 1763 1764 1764 1765 1765 1766 1766 1767 1767 1768 1768 1769 1769 1770 1770 1771 1771 1772 1772 1773 1773 1774 1774 1775 1775 1776 1776 1777 1777 1778 1778 1779 1779 1780 1780 1781 1781 1782 1782 1783 1783 1784 1784 1785 1785 1786 1786 1787 1787 1788 1788 1789 1789 1790 1790 1791 1791 1792 1792 1793 1793 1794 1794 1795 1795 1796 1796 1797 1797 1798 1798 1799 1799 1800 1800 1801 1801 1802 1802 1803 1803 1804 1804 1805 1805 1806 1806 1807 1807 1808 1808 1809 1809 1810 1810 1811 1811 1812 1812 1813 1813 1814 1814 1815 1815 1816 1816 1817 1817 1818 1818 1819 1819 1820 1820 1821 1821 1822 1822 1823 1823 1824 1824 1825 1825 1826 1826 1827 1827 1828 1828 1829 1829 1830 1830 1831 1831 1832 1832 1833 1833 1834 1834 1835 1835 1836 1836 1837 1837 1838 1838 1839 1839 1840 1840 1841 1841 1842 1842 1843 1843 1844 1844 1845 1845 1846 1846 1847 1847 1848 1848 1849 1849 1850 1850 1851 1851 1852 1852 1853 1853 1854 1854 1855 1855 1856 1856 1857 1857 1858 1858 1859 1859 1860 1860 1861 1861 1862 1862 1863 1863 1864 1864 1865 1865 1866 1866 1867 1867 1868 1868 1869 1869 1870 1870 1871 1871 1872 1872 1873 1873 1874 1874 1875 1875 1876 1876 1877 1877 1878 1878 1879 1879 1880 1880 1881 1881 1882 1882 1883 1883 1884 1884 1885 1885 1886 1886 1887 1887 1888 1888 1889 1889 1890 1890 1891 1891 1892 1892 1893 1893 1894 1894 1895 1895 1896 1896 1897 1897 1898 1898 1899 1899 1900 1900 1901 1901 1902 1902 1903 1903 1904 1904 1905 1905 1906 1906 1907 1907 1908 1908 1909 1909 1910 1910 1911 1911 1912 1912 1913 1913 1914 1914 1915 1915 1916 1916 1917 1917 1918 1918 1919 1919 1920 1920 1921 1921 1922 1922 1923 1923 1924 1924 1925 1925 1926 1926 1927 1927 1928 1928 1929 1929 1930 1930 1931 1931 1932 1932 1933 1933 1934 1934 1935 1935 1936 1936 1937 1937 1938 1938 1939 1939 1940 1940 1941 1941 1942 1942 1943 1943 1944 1944 1945 1945 1946 1946 1947 1947 1948 1948 1949 1949 1950 1950 1951 1951 1952 1952 1953 1953 1954 1954 1955 1955 1956 1956 1957 1957 1958 1958 1959 1959 1960 1960 1961 1961 1962 1962 1963 1963 1964 1964 1965 1965 1966 1966 1967 1967 1968 1968 1969 1969 1970 1970 1971 1971 1972 1972 1973 1973 1974 1974 1975 1975 1976 1976 1977 1977 1978 1978 1979 1979 1980 1980 1981 1981 1982 1982 1983 1983 1984 1984 1985 1985 1986 1986 1987 1987 1988 1988 1989 1989 1990 1990 1991 1991 1992 1992 1993 1993 1994 1994 1995 1995 1996 1996 1997 1997 1998 1998 1999 1999 0 
        </DataArray>
        <DataArray type="Int64" Name="offsets" format="ascii">
2 4 6 8 10 12 14 16 18 20 22 24 26 28 30 32 34 36 38 40 42 44 46 48 50 52 54 56 58 60 62 64 66 68 70 72 74 76 78 80 82 84 86 88 90 92 94 96 98 100 102 104 106 108 110 112 114 116 118 120 122 124 126 128 130 132 134 136 138 140 142 144 146 148 150 152 154 156 158 160 162 164 166 168 170 172 174 176 178 180 182 184 186 188 190 192 194 196 198 200 202 204 206 208 210 212 214 216 218 220 222 224 226 228 230 232 234 236 238 240 242 244 246 248 250 252 254 256 258 260 262 264 266 268 270 272 274 276 278 280 282 284 286 288 290 292 294 296 298 300 302 304 306 308 310 312 314 316 318 320 322 324 326 328 330 332 334 336 338 340 342 344 346 348 350 352 354 356 358 360 362 364 366 368 370 372 374 376 378 380 382 384 386 388 390 392 394 396 398 400 402 404 406 408 410 412 414 416 418 420 422 424 426 428 430 432 434 436 438 440 442 444 446 448 450 452 454 456 458 460 462 464 466 468 470 472 474 476 478 480 482 484 486 488 490 492 494 496 498 500 502 504 506 508 510 512 514 516 518 520 522 524 526 528 530 532 534 536 538 540 542 544 546 548 550 552 554 556 558 560 562 564 566 568 570 572 574 576 578 580 582 584 586 588 590 592 594 596 598 600 602 604 606 608 610 612 614 616 618 620 622 624 626 628 630 632 634 636 638 640 642 644 646 648 650 652 654 656 658 660 662 664 666 668 670 672 674 676 678 680 682 684 686 688 690 692 694 696 698 700 702 704 706 708 710 712 714 716 718 720 722 724 726 728 730 732 734 736 738 740 742 744 746 748 750 752 754 756 758 760 762 764 766 768 770 772 774 776 778 780 782 784 786 788 790 792 794 796 798 800 802 804 806 808 810 812 814 816 818 820 822 824 826 828 830 832 834 836 838 840 842 844 846 848 850 852 854 856 858 860 862 864 866 868 870 872 874 876 878 880 882 884 886 888 890 892 894 896 898 900 902 904 906 908 910 912 914 916 918 920 922 924 926 928 930 932 934 936 938 940 942 944 946 948 950 952 954 956 958 960 962 964 966 968 970 972 974 976 978 980 982 984 986 988 990 992 994 996 998 1000 1002 1004 1006 1008 1010 1012 1014 1016 1018 1020 1022 1024 1026 1028 1030 1032 1034 1036 1038 1040 1042 1044 1046 1048 1050 1052 1054 1056 1058 1060 1062 1064 1066 1068 1070 1072 1074 1076 1078 1080 1082 1084 1086 1088 1090 1092 1094 1096 1098 1100 1102 1104 1106 1108 1110 1112 1114 1116 1118 1120 1122 1124 1126 1128 1130 1132 1134 1136 1138 1140 1142 1144 1146 1148 1150 1152 1154 1156 1158 1160 1162 1164 1166 1168 1170 1172 1174 1176 1178 1180 1182 1184 1186 1188 1190 1192 1194 1196 1198 1200 1202 1204 1206 1208 1210 1212 1214 1216 1218 1220 1222 1224 1226 1228 1230 1232 1234 1236 1238 1240 1242 1244 1246 1248 1250 1252 1254 1256 1258 1260 1262 1264 1266 1268 1270 1272 1274 1276 1278 1280 1282 1284 1286 1288 1290 1292 1294 1296 1298 1300 1302 1304 1306 1308 1310 1312 1314 1316 1318 1320 1322 1324 1326 1328 1330 1332 1334 1336 1338 1340 1342 1344 1346 1348 1350 1352 1354 1356 1358 1360 1362 1364 1366 1368 1370 1372 1374 1376 1378 1380 1382 1384 1386 1388 1390 1392 1394 1396 1398 1400 1402 1404 1406 1408 1410 1412 1414 1416 1418 1420 1422 1424 1426 1428 1430 1432 1434 1436 1438 1440 1442 1444 1446 1448 1450 1452 1454 1456 1458 1460 1462 1464 1466 1468 1470 1472 1474 1476 1478 1480 1482 1484 1486 1488 1490 1492 1494 1496 1498 1500 1502 1504 1506 1508 1510 1512 1514 1516 1518 1520 1522 1524 1526 1528 1530 1532 1534 1536 1538 1540 1542 1544 1546 1548 1550 1552 1554 1556 1558 1560 1562 1564 1566 1568 1570 1572 1574 1576 1578 1580 1582 1584 1586 1588 1590 1592 1594 1596 1598 1600 1602 1604 1606 1608 1610 1612 1614 1616 1618 1620 1622 1624 1626 1628 1630 1632 1634 1636 1638 1640 1642 1644 1646 1648 1650 1652 1654 1656 1658 1660 1662 1664 1666 1668 1670 1672 1674 1676 1678 1680 1682 1684 1686 1688 1690 1692 1694 1696 1698 1700 1702 1704 1706 1708 1710 1712 1714 1716 1718 1720 1722 1724 1726 1728 1730 1732 1734 1736 1738 1740 1742 1744 1746 1748 1750 1752 1754 1756 1758 1760 1762 1764 1766 1768 1770 1772 1774 1776 1778 1780 1782 1784 1786 1788 1790 1792 1794 1796 1798 1800 1802 1804 1806 1808 1810 1812 1814 1816 1818 1820 1822 1824 1826 1828 1830 1832 1834 1836 1838 1840 1842 1844 1846 1848 1850 1852 1854 1856 1858 1860 1862 1864 1866 1868 1870 1872 1874 1876 1878 1880 1882 1884 1886 1888 1890 1892 1894 1896 1898 1900 1902 1904 1906 1908 1910 1912 1914 1916 1918 1920 1922 1924 1926 1928 1930 1932 1934 1936 1938 1940 1942 1944 1946 1948 1950 1952 1954 1956 1958 1960 1962 1964 1966 1968 1970 1972 1974 1976 1978 1980 1982 1984 1986 1988 1990 1992 1994 1996 1998 2000 2002 2004 2006 2008 2010 2012 2014 2016 2018 2020 2022 2024 2026 2028 2030 2032 2034 2036 2038 2040 2042 2044 2046 2048 2050 2052 2054 2056 2058 2060 2062 2064 2066 2068 2070 2072 2074 2076 2078 2080 2082 2084 2086 2088 2090 2092 2094 2096 2098 2100 2102 2104 2106 2108 2110 2112 2114 2116 2118 2120 2122 2124 2126 2128 2130 2132 2134 2136 2138 2140 2142 2144 2146 2148 2150 2152 2154 2156 2158 2160 2162 2164 2166 2168 2170 2172 2174 2176 2178 2180 2182 2184 2186 2188 2190 2192 2194 2196 2198 2200 2202 2204 2206 2208 2210 2212 2214 2216 2218 2220 2222 2224 2226 2228 2230 2232 2234 2236 2238 2240 2242 2244 2246 2248 2250 2252 2254 2256 2258 2260 2262 2264 2266 2268 2270 2272 2274 2276 2278 2280 2282 2284 2286 2288 2290 2292 2294 2296 2298 2300 2302 2304 2306 2308 2310 2312 2314 2316 2318 2320 2322 2324 2326 2328 2330 2332 2334 2336 2338 2340 2342 2344 2346 2348 2350 2352 2354 2356 2358 2360 2362 2364 2366 2368 2370 2372 2374 2376 2378 2380 2382 2384 2386 2388 2390 2392 2394 2396 2398 2400 2402 2404 2406 2408 2410 2412 2414 2416 2418 2420 2422 2424 2426 2428 2430 2432 2434 2436 2438 2440 2442 2444 2446 2448 2450 2452 2454 2456 2458 2460 2462 2464 2466 2468 2470 2472 2474 2476 2478 2480 2482 2484 2486 2488 2490 2492 2494 2496 2498 2500 2502 2504 2506 2508 2510 2512 2514 2516 2518 2520 2522 2524 2526 2528 2530 2532 2534 2536 2538 2540 2542 2544 2546 2548 2550 2552 2554 2556 2558 2560 2562 2564 2566 2568 2570 2572 2574 2576 2578 2580 2582 2584 2586 2588 2590 2592 2594 2596 2598 2600 2602 2604 2606 2608 2610 2612 2614 2616 2618 2620 2622 2624 2626 2628 2630 2632 2634 2636 2638 2640 2642 2644 2646 2648 2650 2652 2654 2656 2658 2660 2662 2664 2666 2668 2670 2672 2674 2676 2678 2680 2682 2684 2686 2688 2690 2692 2694 2696 2698 2700 2702 2704 2706 2708 2710 2712 2714 2716 2718 2720 2722 2724 2726 2728 2730 2732 2734 2736 2738 2740 2742 2744 2746 2748 2750 2752 2754 2756 2758 2760 2762 2764 2766 2768 2770 2772 2774 2776 2778 2780 2782 2784 2786 2788 2790 2792 2794 2796 2798 2800 2802 2804 2806 2808 2810 2812 2814 2816 2818 2820 2822 2824 2826 2828 2830 2832 2834 2836 2838 2840 2842 2844 2846 2848 2850 2852 2854 2856 2858 2860 2862 2864 2866 2868 2870 2872 2874 2876 2878 2880 2882 2884 2886 2888 2890 2892 2894 2896 2898 2900 2902 2904 2906 2908 2910 2912 2914 2916 2918 2920 2922 2924 2926 2928 2930 2932 2934 2936 2938 2940 2942 2944 2946 2948 2950 2952 2954 2956 2958 2960 2962 2964 2966 2968 2970 2972 2974 2976 2978 2980 2982 2984 2986 2988 2990 2992 2994 2996 2998 3000 3002 3004 3006 3008 3010 3012 3014 3016 3018 3020 3022 3024 3026 3028 3030 3032 3034 3036 3038 3040 3042 3044 3046 3048 3050 3052 3054 3056 3058 3060 3062 3064 3066 3068 3070 3072 3074 3076 3078 3080 3082 3084 3086 3088 3090 3092 3094 3096 3098 3100 3102 3104 3106 3108 3110 3112 3114 3116 3118 3120 3122 3124 3126 3128 3130 3132 3134 3136 3138 3140 3142 3144 3146 3148 3150 3152 3154 3156 3158 3160 3162 3164 3166 3168 3170 3172 3174 3176 3178 3180 3182 3184 3186 3188 3190 3192 3194 3196 3198 3200 3202 3204 3206 3208 3210 3212 3214 3216 3218 3220 3222 3224 3226 3228 3230 3232 3234 3236 3238 3240 3242 3244 3246 3248 3250 3252 3254 3256 3258 3260 3262 3264 3266 3268 3270 3272 3274 3276 3278 3280 3282 3284 3286 3288 3290 3292 3294 3296 3298 3300 3302 3304 3306 3308 3310 3312 3314 3316 3318 3320 3322 3324 3326 3328 3330 3332 3334 3336 3338 3340 3342 3344 3346 3348 3350 3352 3354 3356 3358 3360 3362 3364 3366 3368 3370 3372 3374 3376 3378 3380 3382 3384 3386 3388 3390 3392 3394 3396 3398 3400 3402 3404 3406 3408 3410 3412 3414 3416 3418 3420 3422 3424 3426 3428 3430 3432 3434 3436 3438 3440 3442 3444 3446 3448 3450 3452 3454 3456 3458 3460 3462 3464 3466 3468 3470 3472 3474 3476 3478 3480 3482 3484 3486 3488 3490 3492 3494 3496 3498 3500 3502 3504 3506 3508 3510 3512 3514 3516 3518 3520 3522 3524 3526 3528 3530 3532 3534 3536 3538 3540 3542 3544 3546 3548 3550 3552 3554 3556 3558 3560 3562 3564 3566 3568 3570 3572 3574 3576 3578 3580 3582 3584 3586 3588 3590 3592 3594 3596 3598 3600 3602 3604 3606 3608 3610 3612 3614 3616 3618 3620 3622 3624 3626 3628 3630 3632 3634 3636 3638 3640 3642 3644 3646 3648 3650 3652 3654 3656 3658 3660 3662 3664 3666 3668 3670 3672 3674 3676 3678 3680 3682 3684 3686 3688 3690 3692 3694 3696 3698 3700 3702 3704 3706 3708 3710 3712 3714 3716 3718 3720 3722 3724 3726 3728 3730 3732 3734 3736 3738 3740 3742 3744 3746 3748 3750 3752 3754 3756 3758 3760 3762 3764 3766 3768 3770 3772 3774 3776 3778 3780 3782 3784 3786 3788 3790 3792 3794 3796 3798 3800 3802 3804 3806 3808 3810 3812 3814 3816 3818 3820 3822 3824 3826 3828 3830 3832 3834 3836 3838 3840 3842 3844 3846 3848 3850 3852 3854 3856 3858 3860 3862 3864 3866 3868 3870 3872 3874 3876 3878 3880 3882 3884 3886 3888 3890 3892 3894 3896 3898 3900 3902 3904 3906 3908 3910 3912 3914 3916 3918 3920 3922 3924 3926 3928 3930 3932 3934 3936 3938 3940 3942 3944 3946 3948 3950 3952 3954 3956 3958 3960 3962 3964 3966 3968 3970 3972 3974 3976 3978 3980 3982 3984 3986 3988 3990 3992 3994 3996 3998 4000 
        </DataArray>
      </Polys>
      <CellData Scalars="Pressure">
        <DataArray type="Float64" Name="Pressure" format="ascii">
111636 111121 110769 110431 110086 109632 109153 108682 108659 108754 108849 108761 108599 108442 108345 108284 108217 107976 107585 107206 106902 106692 106469 106119 105542 104980 104405 103811 103193 102562 101884 101233 100619 100371 100097 99803 99927.9 100075 100769 101090 101431 101776 102128 102472 102828 102910 103480 104046 104616 105163 105712 106359 107188 108013 108862 109688 110519 111377 112552 114074 115251 116517 117821 119076 119760 120801 121853 123026 124277 125513 126797 128087 129409 130779 132661 134090 135248 136519 137781 138991 140172 141330 142502 143798 145159 146522 148381 149804 151314 152271 153397 154485 155618 156873 158178 159488 160812 162343 163634 164405 165417 166421 167507 168655 169867 171058 172212 173483 174347 175191 176055 176912 177794 178674 179579 180537 181912 182946 183834 184597 185361 186099 186913 187739 188636 189350 189967 190521 191053 191637 192221 192786 193634 194251 194897 195492 195909 196267 196598 197360 197948 198474 198959 199277 199555 199856 200403 201100 201580 202029 202359 202650 202989 203590 204089 204500 204860 205113 205331 205566 206045 206391 206698 206959 207140 207283 207566 207819 208162 208322 208493 208630 208772 208900 209032 209138 209220 209313 209547 209661 209838 210099 210262 210382 210587 210860 211110 211330 211585 211738 212059 212330 212314 212493 212704 213040 213261 213535 213811 214081 214367 214640 214908 215176 215413 215619 215880 216121 216417 216716 217025 217280 217537 217811 218112 217740 217573 217505 217596 217739 218179 218451 218705 219009 219267 219475 219752 220044 220344 220649 220972 221329 221698 222071 222435 222852 223250 223650 224065 224450 224807 225149 225488 225810 226090 226389 226716 227061 226836 227066 227289 227493 227326 227696 227932 228027 227984 228046 228072 228044 227962 227838 227646 227436 227200 227018 226687 226400 226074 225784 225367 224989 224565 224137 223689 223182 222671 222136 221541 221004 220305 219791 219249 218489 217769 217080 216223 215406 214602 213705 212910 212048 211209 210469 210098 209813 209543 209263 209135 209098 209678 209261 208720 208185 207658 207487 207460 207495 207500 207166 206614 206536 206555 206905 207249 207575 208634 209912 211138 211228 212317 213264 215355 215921 216166 216232 216120 214727 214680 213618 210730 205865 210988 211501 216664 215540 213627 204615 178753 128198 50276.6 27599.6 20579.6 15335.8 13064.6 12785.2 13127.9 12806.3 13174.4 13496.5 13737 14259.8 14566 14231.2 14544.3 14909.8 15229.6 15459 15999.6 16373.3 16747.2 16341.3 16800.7 17170.9 17452.5 18030.1 18454.2 18861.7 18011.5 18553.8 19049.7 19483.4 19999.5 20433.8 20764.1 22455.8 21543.3 22152.8 22769.5 23537.8 24209.2 24763 25535.4 25543.8 25555.7 25716 26024.8 27640.3 28035.8 28404.9 28772.3 29185.6 29618.3 30001.4 30360.8 30673.6 30961.2 33373.8 33848.1 29961 29717.2 30924 31409.4 30554.8 31115.4 31730.4 32312.4 32838.8 33460.7 34022.8 34487.5 35681.8 36223.6 36747 35737.8 36364.8 36976 37567.8 38245.6 38855.8 39419.7 40030.1 40556.5 40975.4 42456.1 43028.9 41869.1 42526.6 43242.5 43923 44659.3 45425.9 46148.4 46841.7 47572.7 48205.7 49499.7 50159.8 50853.1 51540.3 52346.5 50941.9 51769.4 52638.5 53516.2 54362.1 55269.1 56156.8 57026.9 57907.8 58795.9 59620.1 60466.2 61290.9 62050 63600.5 64357.8 65108.2 65901.8 66847.2 67812.8 68751.6 67079 67959.6 68861.7 69862.6 70877.1 71872 72930.4 73970.5 75022.2 76053.2 77100 78128.3 79234 80338.6 81455.5 82552.5 83667.1 84760.9 85920.6 87095.3 88281.6 89447.7 90635.2 91798.2 93001.1 94217.6 95443.5 96643.9 97867.5 99064 100274 101460 102659 103851 105202 106523 107858 109147 110448 111720 113130 114513 115911 117289 118682 120042 121505 122962 124438 125849 127262 128644 130075 131491 132916 134396 135973 137517 139076 140592 142116 143685 145427 147133 148866 150575 152287 153998 155987 157940 159925 161903 163904 165862 168185 170512 176565 178429 180310 182117 183994 185794 187599 184722 187220 189753 192032 193926 195795 197814 200188 202521 204854 207047 209252 211465 214112 221560 224000 225960 227902 229804 226460 228956 231560 233885 236138 238345 240597 242814 245059 247217 254770 256895 253368 256217 259184 262136 264548 266883 269217 272154 275299 278463 286064 288328 290536 287178 290407 293682 297000 299984 302994 305935 308931 317719 320746 317525 320684 323882 327205 330458 333740 336933 340124 349454 345974 349251 352718 356262 359860 363452 367195 370454 379052 381722 378849 383469 388205 392903 397228 401109 412482 408583 412951 417579 422340 425953 429518 432918 442295 445667 449048 445278 450425 455815 461483 471627 475557 479393 476628 480968 485638 490145 493546 502681 506728 503440 508792 514337 519581 529902 533869 537659 534530 538610 543003 547054 556084 559027 562964 558862 564105 569501 581860 585658 596769 593149 589484 593634 605400 602108 605714 609525 613671 617425 626582 629599 634127 631021 636296 641511 646869 652926 659381 666023 671260 680269 683643 687955 685453 690437 695593 708336 705917 711337 717020 722521 734016 738588 743309 740585 745591 758112 762849 760029 764394 768790 780988 778290 783754 789257 794982 806794 811510 823134 821008 818611 831308 836662 843098 840945 847719 863166 868798 867104 872438 877753 889753 888388 893598 898866 910209 909156 913656 918148 922783 927489 933101 939144 945816 952898 970035 987517 1.00592e+06 1.02465e+06 1.03249e+06 1.03305e+06 1.03065e+06 1.02535e+06 1.01858e+06 1.01437e+06 1.01154e+06 1.01018e+06 1.01024e+06 1.01641e+06 1.02301e+06 1.02962e+06 1.03646e+06 1.04204e+06 1.04688e+06 1.05169e+06 1.05665e+06 1.06903e+06 1.06685e+06 1.07267e+06 1.07902e+06 1.09344e+06 1.0924e+06 1.09871e+06 1.10528e+06 1.11951e+06 1.12546e+06 1.1238e+06 1.12987e+06 1.14382e+06 1.15096e+06 1.15851e+06 1.15727e+06 1.17601e+06 1.1928e+06 1.19795e+06 1.2064e+06 1.2121e+06 1.21128e+06 1.21101e+06 1.21127e+06 1.22003e+06 1.21625e+06 1.22089e+06 1.2263e+06 1.23989e+06 1.24527e+06 1.24453e+06 1.24962e+06 1.26027e+06 1.26412e+06 1.26696e+06 1.26461e+06 1.26526e+06 1.26533e+06 1.26536e+06 1.27608e+06 1.26807e+06 1.27498e+06 1.28365e+06 1.30969e+06 1.31987e+06 1.33108e+06 1.33615e+06 1.34969e+06 1.36373e+06 1.37648e+06 1.38752e+06 1.391e+06 1.39258e+06 1.39467e+06 1.40221e+06 1.40504e+06 1.40754e+06 1.40574e+06 1.40789e+06 1.41006e+06 1.41277e+06 1.41612e+06 1.42628e+06 1.42423e+06 1.42903e+06 1.44239e+06 1.45322e+06 1.45378e+06 1.45876e+06 1.45812e+06 1.46267e+06 1.46776e+06 1.48036e+06 1.48561e+06 1.49027e+06 1.48994e+06 1.49434e+06 1.49906e+06 1.5043e+06 1.51765e+06 1.52283e+06 1.52813e+06 1.52877e+06 1.53341e+06 1.53798e+06 1.54304e+06 1.55458e+06 1.55927e+06 1.55903e+06 1.5636e+06 1.56763e+06 1.57207e+06 1.57702e+06 1.58949e+06 1.59431e+06 1.5993e+06 1.5999e+06 1.60379e+06 1.60783e+06 1.61224e+06 1.62298e+06 1.62649e+06 1.62988e+06 1.62953e+06 1.63249e+06 1.63604e+06 1.64006e+06 1.64418e+06 1.64811e+06 1.65204e+06 1.65945e+06 1.65937e+06 1.66263e+06 1.66612e+06 1.66938e+06 1.67304e+06 1.67698e+06 1.68631e+06 1.68995e+06 1.6894e+06 1.69335e+06 1.69763e+06 1.70186e+06 1.70601e+06 1.7096e+06 1.71341e+06 1.7173e+06 1.72493e+06 1.72381e+06 1.72677e+06 1.7305e+06 1.73457e+06 1.73858e+06 1.74223e+06 1.74534e+06 1.74862e+06 1.75657e+06 1.7594e+06 1.75704e+06 1.75975e+06 1.76364e+06 1.76773e+06 1.77184e+06 1.77551e+06 1.77913e+06 1.78308e+06 1.79278e+06 1.79641e+06 1.80008e+06 1.80155e+06 1.80513e+06 1.8088e+06 1.81235e+06 1.81553e+06 1.81892e+06 1.82262e+06 1.82974e+06 1.83731e+06 1.84488e+06 1.85239e+06 1.85536e+06 1.85682e+06 1.85981e+06 1.86302e+06 1.86628e+06 1.86992e+06 1.87384e+06 1.87783e+06 1.88146e+06 1.88443e+06 1.88749e+06 1.89427e+06 1.89742e+06 1.90072e+06 1.90399e+06 1.90745e+06 1.90918e+06 1.91266e+06 1.91551e+06 1.91833e+06 1.92114e+06 1.9244e+06 1.92773e+06 1.93108e+06 1.93389e+06 1.93648e+06 1.9391e+06 1.94199e+06 1.94499e+06 1.94797e+06 1.95261e+06 1.95523e+06 1.95782e+06 1.96054e+06 1.96334e+06 1.96621e+06 1.96902e+06 1.97037e+06 1.97324e+06 1.97614e+06 1.97853e+06 1.98097e+06 1.98338e+06 1.98609e+06 1.98878e+06 1.99149e+06 1.99369e+06 1.99583e+06 1.99794e+06 2.00028e+06 2.00265e+06 2.00504e+06 2.00712e+06 2.00908e+06 2.011e+06 2.01307e+06 2.01517e+06 2.0173e+06 2.01935e+06 2.0214e+06 2.02343e+06 2.02544e+06 2.02732e+06 2.02921e+06 2.03112e+06 2.03321e+06 2.03526e+06 2.03727e+06 2.03902e+06 2.04079e+06 2.04255e+06 2.04447e+06 2.04635e+06 2.04824e+06 2.04973e+06 2.05124e+06 2.05272e+06 2.05427e+06 2.05579e+06 2.05733e+06 2.05849e+06 2.05961e+06 2.06071e+06 2.06179e+06 2.06284e+06 2.0639e+06 2.06482e+06 2.06569e+06 2.06655e+06 2.06721e+06 2.06774e+06 2.06828e+06 2.06886e+06 2.0695e+06 2.07012e+06 2.07059e+06 2.07082e+06 2.07106e+06 2.07137e+06 2.07181e+06 2.07224e+06 2.07257e+06 2.07261e+06 2.07265e+06 2.07274e+06 2.07309e+06 2.07342e+06 2.07371e+06 2.07352e+06 2.07334e+06 2.07318e+06 2.0735e+06 2.07383e+06 2.07519e+06 2.07496e+06 2.07471e+06 2.07447e+06 2.07464e+06 2.07486e+06 2.07511e+06 2.07475e+06 2.07447e+06 2.07416e+06 2.07402e+06 2.07405e+06 2.07408e+06 2.07391e+06 2.07347e+06 2.07303e+06 2.07264e+06 2.0724e+06 2.07216e+06 2.07189e+06 2.0714e+06 2.07142e+06 2.07097e+06 2.07063e+06 2.07032e+06 2.07e+06 2.06891e+06 2.06807e+06 2.06715e+06 2.06617e+06 2.06514e+06 2.06411e+06 2.06294e+06 2.06169e+06 2.06039e+06 2.05928e+06 2.05949e+06 2.05863e+06 2.05731e+06 2.05553e+06 2.05367e+06 2.05182e+06 2.0508e+06 2.04982e+06 2.04887e+06 2.04768e+06 2.0464e+06 2.04512e+06 2.04309e+06 2.04157e+06 2.04002e+06 2.0375e+06 2.03574e+06 2.03407e+06 2.03232e+06 2.03036e+06 2.02838e+06 2.02644e+06 2.0246e+06 2.02379e+06 2.02189e+06 2.01938e+06 2.01745e+06 2.01552e+06 2.01345e+06 2.01132e+06 2.00913e+06 2.00698e+06 2.00487e+06 2.00333e+06 2.00063e+06 1.99833e+06 1.99598e+06 1.99365e+06 1.99109e+06 1.98847e+06 1.98578e+06 1.98322e+06 1.9815e+06 1.9791e+06 1.97632e+06 1.97377e+06 1.97122e+06 1.96876e+06 1.96673e+06 1.96463e+06 1.96318e+06 1.95973e+06 1.95718e+06 1.95466e+06 1.95192e+06 1.94863e+06 1.94546e+06 1.94254e+06 1.94052e+06 1.93816e+06 1.93564e+06 1.93223e+06 1.92953e+06 1.92685e+06 1.92411e+06 1.92233e+06 1.91961e+06 1.91695e+06 1.91209e+06 1.9095e+06 1.90709e+06 1.90481e+06 1.90216e+06 1.90074e+06 1.89802e+06 1.89333e+06 1.8905e+06 1.88787e+06 1.88533e+06 1.88428e+06 1.88182e+06 1.87848e+06 1.87411e+06 1.86996e+06 1.86583e+06 1.8622e+06 1.85964e+06 1.85677e+06 1.85343e+06 1.84453e+06 1.84107e+06 1.83813e+06 1.83816e+06 1.83448e+06 1.83339e+06 1.82743e+06 1.82146e+06 1.81892e+06 1.81908e+06 1.81412e+06 1.8114e+06 1.80894e+06 1.80664e+06 1.80429e+06 1.80346e+06 1.80081e+06 1.79833e+06 1.7933e+06 1.79153e+06 1.79008e+06 1.78753e+06 1.78093e+06 1.77418e+06 1.76748e+06 1.76212e+06 1.7604e+06 1.75703e+06 1.75328e+06 1.7413e+06 1.73653e+06 1.73235e+06 1.73335e+06 1.72619e+06 1.72304e+06 1.71994e+06 1.71681e+06 1.71517e+06 1.71142e+06 1.70708e+06 1.69942e+06 1.69499e+06 1.69368e+06 1.68929e+06 1.68099e+06 1.67645e+06 1.67237e+06 1.67145e+06 1.66416e+06 1.65962e+06 1.65542e+06 1.65143e+06 1.64965e+06 1.64523e+06 1.64289e+06 1.63556e+06 1.62785e+06 1.62598e+06 1.62159e+06 1.61632e+06 1.60792e+06 1.60302e+06 1.60153e+06 1.59688e+06 1.58832e+06 1.58368e+06 1.57948e+06 1.57872e+06 1.57113e+06 1.56708e+06 1.56339e+06 1.56308e+06 1.55625e+06 1.55237e+06 1.5487e+06 1.5451e+06 1.54129e+06 1.53712e+06 1.53325e+06 1.52955e+06 1.52616e+06 1.5228e+06 1.51993e+06 1.51747e+06 1.51549e+06 1.51052e+06 1.50187e+06 1.49007e+06 1.47552e+06 1.4612e+06 1.45317e+06 1.44644e+06 1.44124e+06 1.43739e+06 1.43541e+06 1.43304e+06 1.43054e+06 1.42784e+06 1.42488e+06 1.42177e+06 1.41872e+06 1.41563e+06 1.41616e+06 1.40826e+06 1.4043e+06 1.40026e+06 1.40009e+06 1.3903e+06 1.38454e+06 1.37873e+06 1.37774e+06 1.37126e+06 1.35936e+06 1.35255e+06 1.35115e+06 1.34464e+06 1.33809e+06 1.327e+06 1.32565e+06 1.32386e+06 1.3136e+06 1.3076e+06 1.2969e+06 1.29173e+06 1.28702e+06 1.28261e+06 1.28348e+06 1.27454e+06 1.27053e+06 1.26658e+06 1.26746e+06 1.26317e+06 1.25343e+06 1.24921e+06 1.25094e+06 1.24671e+06 1.24234e+06 1.23257e+06 1.22878e+06 1.22519e+06 1.22185e+06 1.22335e+06 1.21543e+06 1.21167e+06 1.20805e+06 1.20857e+06 1.20411e+06 1.19859e+06 1.18871e+06 1.1835e+06 1.17844e+06 1.17332e+06 1.1683e+06 1.16337e+06 1.15897e+06 1.15439e+06 1.1563e+06 1.15139e+06 1.14795e+06 1.14106e+06 1.13863e+06 1.13704e+06 1.1359e+06 1.13516e+06 1.13618e+06 1.13411e+06 1.12952e+06 1.11756e+06 1.10677e+06 1.07943e+06 1.06047e+06 1.03423e+06 1.02564e+06 1.01808e+06 1.02288e+06 1.01946e+06 1.01794e+06 1.00933e+06 1.00781e+06 1.00615e+06 1.00444e+06 1.0096e+06 1.00585e+06 1.00116e+06 990024 986426 983525 980816 984793 982150 974815 972363 969027 965350 961741 963637 958319 952488 940358 935160 930283 925531 928144 924848 921735 913089 908950 904778 900708 894308 887469 880523 879945 866793 859766 852893 847546 842244 837157 842037 848842 857462 860284 859685 859360 858189 853694 849554 845899 844005 820376 807839 798862 791194 783693 779054 778374 777727 784166 781903 773745 771336 766704 761890 757148 752810 748724 744573 746338 742387 738521 728501 721626 714826 708582 704227 699860 695337 689995 684756 679847 683074 679500 669798 666245 662690 659247 655497 651453 647378 643585 640240 636961 640355 637332 634256 631202 626565 615151 609776 605775 601883 598003 593560 589014 584406 580629 577256 573859 569629 564748 559897 562349 558983 555629 552115 548583 544988 541504 530322 524843 519406 515362 511226 507131 502809 498539 494190 490831 487562 484300 480723 477118 473450 470323 467389 464473 461282 457980 454623 451565 448728 445912 442988 440042 437043 433954 430482 427061 423674 420679 417613 414566 411382 408235 405042 402328 399552 396808 393909 391037 388101 385493 382872 380284 377630 374998 372304 369507 366582 363672 360755 357920 355036 352227 349381 346555 343748 341094 338402 335743 332995 330272 327576 325165 322712 320265 317595 314944 312239 309743 307199 304690 302481 300327 303596 301140 298603 296108 294087 292178 290246 285733 283462 281032 278572 276214 273710 271166 268534 265867 263152 260625 258031 255495 253143 256465 254154 252280 250421 248667 244412 242429 240193 237927 235513 232980 230553 228338 226056 224037 227372 225642 220989 219418 217510 215343 213240 211013 208585 206360 204082 201786 204969 203115 201253 196901 195165 193159 190924 188811 186492 184064 182093 184894 182907 177504 175623 173493 171365 169360 167200 165114 163297 166300 160979 159741 158248 156545 154955 153388 151695 150131 152727 151337 148006 146855 145408 143709 142275 140828 142472 138245 136838 135161 133261 131645 129914 128122 130359 128790 127155 124664 123458 122030 120371 121665 120350 119048 116378 115201 113712 112138 111006 112668 111535 108624 107257 105581 103849 105761 104499 103287 100724 99544.4 98049.5 96576.7 98250.3 97207 96269 93616.2 92234.3 90565.2 91769 90651.5 92486.7 88969.4 86481.3 85251.1 85760.5 82582.9 81598.6 80294.2 78624.9 77091 78997.8 77795.4 76851.4 74917.2 73870.8 72533.2 71337.8 70680.4 69703.6 68438 67197.3 68774.9 67786.9 66942.7 65019.9 64087.6 62851 63677.3 61077.8 60216.7 59050.1 57758.5 59289.5 58378.2 57818.8 56169.2 55432.4 55903.8 55017.9 53369.9 52815.3 52040.8 52636.2 50509.7 49843.8 48877.6 47578.4 48855.6 48022.6 49532.5 47165.3 45392.2 45917.6 44995.1 44547.9 43099.3 42441.7 42722.4 42048.3 40683.9 40142.3 39422.9 39901.9 38307.5 37801.2 37104.8 37596.6 35849.2 35490.9 34927.6 34140.7 33560.5 33347.4 32935.1 32310 31511.3 31205.3 30753.1 30139.6 29384.8 28967.7 28641.2 28155.3 27525.9 26943.7 26661.1 26225.9 25652.6 24922.1 24680.2 24314.2 23811.5 23155.7 22936.3 22853.8 22590.1 22136.8 22730.6 21619.3 21410 21049.5 21476.8 20428.5 20269.6 19978.2 20280 20017.3 19071.9 18796.5 19122 18706.8 18585.1 17631.7 17995.2 18556.8 17418.7 17255.6 16423.5 16195.3 15893.1 15507 15823.9 14901.4 14668.2 14355.7 14667.5 14468 13680.4 13437.7 13637.7 13419.2 13315.2 12606.5 12427.8 12200.7 11917.8 12118.1 11310.7 11127.8 10888.1 11109.2 10927.8 10858 10257.2 10107.7 9934.66 9706.89 9432.03 9175.94 8992.82 8768.79 8979.41 8831.3 8809.38 8241.26 8148.98 8032.22 7871.32 7661.19 7889.2 7264.11 7108.23 7360.98 7718.14 7152.54 7060.9 6611.43 6497.47 6346.44 6397.88 6284.35 6238.31 5855.92 5773.83 5664.65 5528.81 5568.44 5494.79 5440.54 5087.6 4992.3 4871.68 4726.86 4799.5 4734.77 4411.8 4364.73 4288.46 4189.28 4072.27 4145 4102.07 4061.41 3761.88 3673.55 3561.52 3424.4 3435.11 4762.9 7838.55 6913.22 21828.7 39986.4 60768 86572.3 108181 125139 128555 131087 130522 130395 131801 133255 134711 134098 134915 136419 137380 138402 139293 139946 140106 140311 140554 140377 141058 141384 141572 141723 141878 141978 141994 142015 141729 141613 141689 141529 141229 140926 140634 140246 139845 139458 139040 138704 138384 138222 137887 137555 137236 136918 136621 136334 136158 136007 135881 135807 135701 135596 135560 135585 135616 135716 135897 136081 136266 136471 136678 136944 137099 137237 137361 137369 137365 137342 137105 136824 136544 136169 135764 135352 134925 134481 134048 133699 133458 133217 133018 132818 132623 132428 132277 132121 131969 131736 131513 131280 130931 130581 130240 129711 129172 128621 128074 127522 126982 126272 125514 124744 123922 123053 122201 121412 120698 119971 119295 118656 118029 117472 117049 116620 116227 115899 115574 115219 114784 114342 113911 113499 113092 112673 112159 
        </DataArray>
        <DataArray type="Float64" Name="Temperature" format="ascii">
891.218 889.851 888.905 887.995 887.068 885.917 884.712 883.526 883.396 883.547 883.697 883.431 882.995 882.573 882.289 882.088 881.875 881.253 880.275 879.327 878.552 877.992 877.406 876.517 875.078 873.68 872.249 870.755 869.211 867.64 865.925 864.293 862.762 862.112 861.418 860.7 861.025 861.437 861.028 861.76 862.592 863.489 864.376 865.307 866.338 868.194 869.357 870.536 871.717 872.858 874.041 875.433 877.213 879.049 880.957 882.797 884.742 886.825 889.631 889.234 891.841 894.7 897.842 900.983 904.701 906.577 908.567 910.848 913.404 916.077 918.911 921.889 925.167 928.834 927.364 931.066 938.649 940.461 942.44 944.514 946.639 948.948 951.522 954.336 957.59 961.185 958.355 962.124 966.607 973.68 974.652 975.994 977.766 979.956 982.62 985.648 988.481 982.47 985.187 992.818 993.56 994.589 995.934 997.704 1000.01 1002.57 1005.16 999.642 1007.6 1008.1 1008.87 1009.89 1011.33 1013.2 1015.53 1018.58 1016.48 1020.2 1029.22 1030.46 1032.6 1035.59 1039.49 1043.97 1036.48 1048.67 1048.81 1049.44 1050.57 1052.15 1054.36 1057.13 1051.95 1055.55 1060.03 1065.14 1065.34 1066.54 1068.83 1063.26 1067.36 1071.37 1077.7 1077.99 1079.17 1081.4 1085.13 1080.45 1083.78 1087.87 1087.83 1088.48 1089.67 1084.72 1086.56 1088.09 1091.7 1092.12 1093.49 1095.35 1089.46 1091.44 1092.3 1095.35 1096.19 1098.08 1093.54 1095.45 1088.63 1097.08 1099.42 1100.42 1098.16 1102.44 1102.28 1102.47 1103.03 1103.79 1102.1 1103.41 1103.04 1103.94 1103.61 1104.06 1104.6 1104.62 1104.97 1105.63 1106.61 1104.46 1105.98 1107.31 1107.2 1107.5 1108.15 1108.49 1109.62 1110.28 1110.96 1111.6 1112.21 1112.83 1113.4 1113.84 1114.28 1114.73 1115.21 1115.62 1116.17 1116.72 1117.39 1118.41 1119.76 1121.34 1123.21 1121.87 1122.14 1121.09 1121.78 1121.89 1122.02 1122.18 1122.29 1122.6 1122.72 1122.62 1122.83 1123.13 1123.41 1123.73 1124.07 1124.56 1125.05 1125.55 1125.99 1126.52 1126.88 1127.2 1127.48 1127.54 1127.33 1127.06 1126.71 1126.26 1124.56 1122.73 1120.7 1118.55 1119.98 1118.31 1116.5 1114.64 1116.29 1112.02 1108.19 1104.93 1102.13 1099.5 1097.16 1095.18 1093.47 1094.16 1097.08 1101.47 1107.49 1114.29 1127.87 1139.03 1150.2 1156.76 1164.55 1167.57 1169.78 1170.19 1169.45 1164.66 1160.27 1155.88 1150.4 1147.32 1143.5 1142.17 1141.38 1144.2 1148.22 1155.07 1160.15 1164.94 1169.6 1169.57 1173.07 1173.33 1173.71 1172.76 1172.96 1174.13 1174.39 1174 1174.46 1174.85 1176.46 1176.07 1175.41 1174.82 1175.41 1172.98 1171.86 1170.58 1171.52 1168.94 1164.35 1152.75 1150.23 1148.11 1144.68 1140.06 1137.15 1135.18 1133.22 1132.88 1136.07 1148.94 1169.37 1181.04 1190.36 1198.41 1205.45 1205.57 1201.28 1197.45 1191.43 1181.2 1171.07 1161.73 1145.21 1134.17 1123.86 1125.73 1049.69 875.487 606.709 476.706 393.731 330.681 304.175 296.935 299.102 297.207 299.537 301.57 303.077 306.091 307.882 306.057 307.9 310.037 311.902 313.235 316.141 318.162 320.189 318.167 320.629 322.609 324.113 326.973 329.034 331.014 326.992 329.673 332.112 334.233 336.725 338.806 340.374 347.53 343.852 346.46 349.077 352.316 355.129 357.428 360.456 360.491 360.543 361.187 362.428 368.25 369.719 371.085 372.44 373.959 375.545 376.943 378.25 379.381 380.414 388.034 389.537 376.936 376.014 380.056 381.7 378.96 380.891 382.973 384.938 386.71 388.773 390.63 392.167 395.81 397.467 399.061 396.179 398.075 399.92 401.699 403.725 405.547 407.228 409.007 410.548 411.784 415.741 417.304 414.415 416.2 418.132 419.966 421.935 423.972 425.894 427.724 429.618 431.267 434.429 436.034 437.708 439.359 441.265 438.284 440.245 442.275 444.319 446.285 448.362 450.384 452.366 454.353 456.345 458.196 460.071 461.879 463.552 466.658 468.217 469.75 471.358 473.24 475.152 477.003 474.435 476.189 477.975 479.904 481.852 483.755 485.738 487.677 489.631 491.509 493.404 495.259 497.208 499.138 501.084 502.975 504.881 506.748 508.686 510.62 512.571 514.467 516.375 518.241 520.149 522.047 523.959 525.817 527.678 529.498 531.329 533.087 534.866 536.631 538.592 540.512 542.449 544.264 546.098 547.892 549.788 551.646 553.524 555.339 557.169 558.957 560.835 562.694 564.578 566.357 568.129 569.865 571.636 573.374 575.127 576.921 578.81 580.662 582.515 584.293 586.084 587.91 589.904 591.86 593.837 595.75 597.672 599.585 601.749 603.879 606.046 608.147 610.28 612.375 614.759 617.148 623.127 624.98 626.856 628.663 630.502 632.271 634.054 631.322 633.711 636.144 638.308 640.082 641.841 643.715 645.886 648.027 650.16 652.127 654.116 656.107 658.404 664.784 666.878 668.534 670.185 671.802 668.996 671.085 673.279 675.193 677.033 678.845 680.667 682.447 684.258 685.989 691.84 693.504 690.811 692.982 695.259 697.535 699.341 701.1 702.871 705.021 707.324 709.651 715.093 716.71 718.299 715.9 718.167 720.483 722.819 724.858 726.927 728.955 730.962 736.821 738.83 736.677 738.744 740.851 742.997 745.066 747.164 749.19 751.174 756.968 754.803 756.764 758.858 761.019 763.146 765.256 767.466 769.375 774.38 775.918 774.2 776.808 779.498 782.183 784.569 786.716 792.969 790.821 793.17 795.676 798.252 800.149 802.029 803.831 808.717 810.467 812.233 810.218 812.837 815.603 818.526 823.56 825.524 827.44 826.066 828.188 830.485 832.702 834.351 838.714 840.648 839.085 841.61 844.246 846.735 851.458 853.321 855.081 853.686 855.543 857.558 859.42 863.421 864.79 866.544 864.736 867.036 869.426 874.734 876.382 881.011 879.605 878.06 879.804 884.712 883.369 884.834 886.397 888.112 889.652 893.321 894.56 896.355 895.084 897.176 899.265 901.386 903.701 906.19 908.773 910.796 914.166 915.466 917.081 916.13 917.981 919.92 924.566 923.71 925.68 927.765 929.787 933.846 935.525 937.212 936.258 938.019 942.38 944.045 943.108 944.597 946.121 950.225 949.379 951.21 953.077 955.042 958.9 960.517 964.126 963.644 962.931 967.004 968.821 970.857 970.218 972.404 977.306 979.094 978.609 980.278 981.98 985.605 985.266 986.843 988.487 991.851 991.656 992.965 994.327 995.789 997.231 998.83 1000.6 1002.61 1004.78 1009.66 1014.68 1019.99 1025.44 1027.6 1027.65 1026.95 1025.51 1023.61 1022.27 1021.39 1020.99 1021.05 1022.76 1024.63 1026.55 1028.59 1030.17 1031.49 1032.86 1034.32 1037.59 1037.17 1038.77 1040.58 1044.4 1044.31 1045.97 1047.77 1051.54 1053.08 1052.79 1054.4 1057.99 1059.95 1061.77 1061.7 1066.34 1070.09 1072.04 1074.05 1075.86 1075.52 1075.39 1075.47 1077.37 1076.64 1077.76 1079.16 1082.43 1083.68 1083.73 1085.01 1087.6 1088.54 1089.06 1088.87 1088.95 1088.93 1088.96 1091.27 1089.63 1091.22 1093.33 1099.62 1101.93 1104.42 1105.65 1108.88 1112.29 1115.58 1118.66 1119.74 1119.96 1120.48 1122.06 1122.79 1123.08 1123.04 1123.33 1123.65 1124.18 1124.93 1126.76 1126.45 1127.4 1130.27 1131.75 1132.67 1133.63 1133.85 1134.7 1135.8 1138.58 1139.65 1140.49 1140.9 1141.76 1142.74 1143.93 1146.81 1147.76 1148.78 1149.45 1150.4 1151.38 1152.56 1154.91 1155.73 1156.31 1157.2 1158.01 1158.97 1160.14 1162.64 1163.44 1164.38 1165.25 1165.95 1166.78 1167.83 1170.07 1170.45 1170.93 1171.94 1172.31 1172.89 1173.65 1174.42 1175.25 1176.21 1177.2 1177.61 1178.12 1178.79 1179.45 1180.25 1181.14 1182.59 1183.11 1183.86 1184.44 1185.1 1185.85 1186.66 1187.34 1188.09 1188.9 1189.63 1190.08 1190.5 1191.1 1191.8 1192.55 1193.25 1193.83 1194.47 1195.52 1195.94 1195.87 1196.25 1196.92 1197.65 1198.42 1199.06 1199.67 1200.33 1202.02 1202.73 1203.53 1203.46 1204.1 1204.84 1205.65 1206.38 1207.25 1208.27 1209.9 1211.72 1213.62 1215.37 1215.79 1217.51 1217.84 1218.25 1218.75 1219.39 1220.12 1220.92 1221.69 1222.34 1223.04 1223.92 1224.31 1224.77 1225.27 1225.81 1228.07 1228.54 1228.9 1229.3 1229.76 1230.28 1230.86 1231.49 1232.07 1232.63 1233.23 1233.9 1234.59 1235.31 1235.38 1235.74 1236.12 1236.53 1236.95 1237.4 1237.86 1241.01 1241.43 1241.87 1242.22 1242.59 1242.97 1243.41 1243.85 1244.31 1244.68 1245.05 1245.43 1245.85 1246.28 1246.73 1247.12 1247.5 1247.87 1248.28 1248.69 1249.12 1249.53 1249.93 1250.34 1250.75 1251.14 1251.53 1251.93 1252.35 1252.77 1253.18 1253.54 1253.91 1254.28 1254.67 1255.06 1255.45 1255.77 1256.09 1256.4 1256.72 1257.04 1257.36 1257.61 1257.85 1258.09 1258.32 1258.55 1258.79 1258.99 1259.18 1259.37 1259.51 1259.62 1259.74 1259.86 1260 1260.14 1260.25 1260.32 1260.4 1260.49 1260.59 1260.7 1260.81 1260.86 1260.93 1261.02 1261.13 1261.26 1261.41 1261.41 1261.44 1261.51 1261.65 1261.82 1258.33 1258.33 1258.38 1258.46 1258.51 1258.61 1258.77 1260.81 1260.62 1260.47 1260.37 1260.32 1260.33 1260.36 1260.38 1260.44 1260.53 1260.64 1260.81 1261.04 1261.28 1258.37 1258.51 1258.46 1258.48 1258.55 1259.62 1259.42 1259.31 1259.18 1259.06 1259 1258.97 1258.96 1259 1259.14 1256.84 1256.99 1258.38 1258 1257.74 1257.62 1257.42 1257.33 1257.34 1257.3 1257.33 1257.44 1254.85 1254.78 1254.8 1255.19 1254.59 1254.08 1253.59 1253.08 1252.68 1252.38 1252.17 1250.76 1250.52 1251.11 1250.67 1250.28 1249.86 1249.51 1249.28 1249.14 1249.01 1247.14 1248.23 1247.65 1247.17 1246.83 1246.37 1246 1245.77 1245.64 1243.44 1243.36 1243.66 1242.9 1242.28 1241.82 1241.52 1241.41 1240.08 1240.55 1239.63 1238.96 1238.44 1237.87 1237.49 1237.32 1234.85 1234.73 1234.72 1234.06 1233.26 1232.7 1232.35 1230.7 1230.36 1230.17 1229.44 1228.73 1228.21 1227.84 1227.46 1226.24 1225.94 1225.22 1224.53 1224.01 1223.6 1222.59 1222.29 1221.93 1220.32 1219.3 1218.42 1217.74 1217.17 1216.85 1216.38 1214.7 1214.12 1213.76 1213.37 1212.83 1211.64 1211.65 1210.65 1210.29 1210.08 1209.71 1209.14 1208.73 1208.47 1208.22 1207.48 1207.29 1206.53 1205.77 1205.31 1205.23 1204.66 1203.07 1201.63 1200.39 1199.41 1198.46 1198.07 1197.47 1195.22 1194.3 1193.71 1193.25 1192.52 1191.88 1191.39 1190.99 1189.81 1189.43 1188.58 1187.17 1186.21 1185.42 1184.66 1183.27 1182.25 1181.5 1180.8 1179.98 1178.98 1178.19 1177.56 1176.49 1175.84 1174.15 1173.72 1172.56 1171.68 1171.06 1169.82 1168.28 1167.29 1166.7 1165.83 1164.21 1163.26 1162.56 1162.08 1160.84 1159.97 1159.33 1159 1158.05 1157.17 1156.48 1155.95 1155.26 1154.25 1153.43 1152.78 1152.29 1151.48 1150.87 1150.44 1150.2 1149.09 1147.14 1144.6 1141.56 1138.53 1136.65 1135.15 1134.06 1133.36 1132.76 1132.14 1131.59 1131.09 1130.33 1129.46 1128.71 1128.06 1127.74 1126.23 1125.24 1124.33 1123.98 1122.02 1120.58 1119.24 1118.84 1117.3 1114.7 1113.08 1112.56 1111.13 1109.4 1107 1106.46 1105.47 1103.6 1102.03 1099.71 1098.42 1097.28 1096.26 1096.19 1094.26 1093.25 1092.31 1092.33 1091.2 1088.95 1087.88 1088.18 1087.07 1085.8 1083.52 1082.5 1081.56 1080.72 1080.85 1079.09 1078.08 1077.16 1077.19 1076.01 1074.49 1072.15 1070.8 1069.49 1068.19 1066.95 1065.67 1064.5 1063.33 1063.78 1062.29 1061.04 1059.62 1058.78 1058.23 1057.86 1057.67 1057.6 1058.94 1058.26 1053.94 1049.99 1043.25 1037.98 1031.15 1028.62 1026.48 1027.7 1026.71 1026.13 1023.92 1023.43 1022.94 1022.48 1023.88 1022.74 1021.32 1018.31 1017.24 1016.41 1015.65 1016.73 1015.94 1013.98 1013.25 1012.3 1011.26 1010.27 1010.78 1009.2 1007.47 1004.03 1002.5 1001.08 999.714 1000.52 999.527 998.609 996.099 994.836 993.574 992.356 990.387 988.277 986.14 985.777 981.772 979.494 977.281 975.522 973.791 972.144 973.983 977.081 982.152 983.083 982.272 981.757 981.076 979.222 977.633 976.358 975.738 968.15 963.93 960.853 958.201 955.637 954.071 953.865 953.683 955.749 954.966 952.411 951.574 949.945 948.269 946.636 945.133 943.72 942.294 942.798 941.356 939.967 936.542 934.007 931.516 929.235 927.596 925.962 924.28 922.249 920.263 918.411 919.508 918.098 914.466 913.043 911.619 910.247 908.751 907.13 905.505 903.99 902.637 901.315 902.617 901.367 900.097 898.845 896.94 892.371 890.151 888.467 886.828 885.2 883.318 881.389 879.439 877.828 876.38 874.925 873.104 870.994 868.902 869.959 868.503 867.056 865.541 864.002 862.439 860.927 855.958 853.509 851.081 849.225 847.33 845.458 843.44 841.444 839.414 837.812 836.245 834.684 832.94 831.173 829.376 827.815 826.334 824.862 823.236 821.541 819.819 818.238 816.754 815.283 813.748 812.188 810.6 808.956 807.087 805.246 803.413 801.751 800.049 798.356 796.553 794.773 792.966 791.415 789.829 788.262 786.591 784.936 783.244 781.711 780.165 778.639 777.054 775.478 773.864 772.189 770.436 768.691 766.922 765.191 763.427 761.699 759.94 758.192 756.44 754.765 753.063 751.376 749.621 747.879 746.146 744.576 742.975 741.373 739.613 737.862 736.072 734.4 732.693 731.006 729.501 728.031 730.035 728.361 726.629 724.924 723.525 722.2 720.855 717.72 716.085 714.337 712.553 710.829 708.996 707.126 705.177 703.2 701.181 699.287 697.341 695.434 693.655 696.079 694.328 692.891 691.464 690.112 686.776 685.177 683.376 681.526 679.545 677.467 675.463 673.622 671.722 670.036 672.681 671.23 667.368 665.988 664.316 662.42 660.555 658.579 656.423 654.436 652.397 650.339 653.066 651.392 649.706 645.759 644.105 642.194 640.063 638.033 635.803 633.468 631.549 634.133 632.197 626.932 625.001 622.806 620.606 618.525 616.281 614.105 612.195 615.22 609.671 608.306 606.657 604.775 603.011 601.269 599.384 597.64 600.436 598.883 595.166 593.824 592.138 590.16 588.478 586.776 588.628 583.69 581.979 579.929 577.596 575.599 573.451 571.223 573.913 571.952 569.902 566.713 565.11 563.214 561.013 562.598 560.821 559.059 555.457 553.786 551.68 549.453 547.825 549.965 548.336 544.225 542.194 539.714 537.159 539.815 537.953 536.183 532.378 530.577 528.289 526.039 528.569 526.995 525.578 521.457 519.267 516.61 518.502 516.753 519.687 514.086 510.003 507.96 508.78 503.465 501.768 499.489 496.551 493.857 497.204 495.114 493.477 489.943 487.999 485.506 483.259 482.005 480.112 477.64 475.23 478.338 476.453 474.858 471.009 469.124 466.606 468.325 462.952 461.135 458.64 455.87 459.259 457.371 456.215 452.562 450.92 451.968 449.991 446.213 444.904 443.063 444.438 439.406 437.777 435.382 432.14 435.264 433.244 436.937 431.046 426.477 427.744 425.328 424.117 420.202 418.368 419.017 417.162 413.291 411.687 409.577 410.828 406.201 404.629 402.484 403.79 398.53 397.322 395.471 392.915 390.991 390.207 388.766 386.622 383.901 382.769 381.137 378.949 376.279 374.722 373.434 371.574 369.204 366.996 365.822 364.073 361.806 358.946 357.813 356.198 354.059 351.327 350.31 349.818 348.579 346.553 348.929 344.144 343.147 341.487 343.252 338.56 337.782 336.399 337.678 336.482 332.055 330.731 332.183 330.197 329.561 324.877 326.611 329.334 323.668 322.8 318.514 317.255 315.578 313.431 315.087 309.942 308.57 306.755 308.474 307.334 302.703 301.238 302.341 300.987 300.302 295.922 294.747 293.222 291.319 292.517 287.104 285.774 284.075 285.52 284.28 283.748 279.397 278.303 276.988 275.238 273.111 271.007 269.452 267.595 269.122 267.969 267.772 262.969 262.206 261.179 259.744 257.856 259.804 253.991 252.484 254.822 258.109 252.801 251.898 247.504 246.283 244.683 245.051 243.833 243.29 239.217 238.261 236.965 235.362 235.642 234.769 234.104 229.996 228.791 227.235 225.373 226.117 225.263 221.086 220.433 219.336 217.898 216.215 217.08 216.464 215.892 211.603 210.194 208.435 206.315 206.484 239.833 315.696 284.482 530.376 768.161 990.188 1122.72 1208.2 1268.01 1316.67 1287.22 1284.34 1279.64 1282.36 1282.59 1280.34 1280.55 1282.45 1283.81 1281.59 1274.01 1264.24 1248.2 1219.25 1190.43 1162.66 1143.19 1123.77 1106.74 1083.46 1056.63 1030.28 1006.59 987.216 967.449 954.84 946.717 940.638 936.004 935.553 935.295 935.056 937.454 940.949 944.713 945.188 948.09 951.179 959.006 960.414 962.146 963.981 964.891 965.975 967.265 967.969 968.766 969.673 970.21 970.8 972.191 972.693 973.225 973.811 974.362 974.795 975.257 975.411 974.709 974.041 974.224 972.524 970.564 968.626 966.681 963.948 962.089 960.335 958.558 956.799 955.016 953.263 951.477 949.765 948.064 946.395 944.992 943.938 942.869 942.014 941.211 940.425 939.636 939.066 938.478 937.901 937.576 936.879 936.157 935.205 934.25 933.322 932.088 930.846 929.58 928.389 927.197 926.033 924.56 923.006 921.429 919.84 918.21 916.613 915.136 913.797 912.436 911.104 909.763 908.451 907.257 906.299 905.327 904.377 903.422 902.48 901.445 900.157 898.848 897.574 896.371 895.186 893.972 892.607 
        </DataArray>
        <DataArray type="Float64" Name="Tau1" format="ascii">
0 0 0 0 0 0 0 0 0 0 0 0 0 0 0 0 0 0 0 0 0 0 0 0 0 0 0 0 0 0 0 0 0 0 0 0 0 0 0 0 0 0 0 0 0 0 0 0 0 0 0 0 0 0 0 0 0 0 0 0 0 0 0 0 0 0 0 0 0 0 0 0 0 0 0 0 0 0 0 0 0 0 0 0 0 0 0 0 0 0 0 0 0 0 0 0 0 0 0 0 0 0 0 0 0 0 0 0 0 0 0 0 0 0 0 0 0 0 0 0 0 0 0 0 0 0 0 0 0 0 0 0 0 0 0 0 0 0 0 0 0 0 0 0 0 0 0 0 0 0 0 0 0 0 0 0 0 0 0 0 0 0 0 0 0 0 0 0 0 0 0 0 0 0 0 0 0 0 0 0 0 0 0 0 0 0 0 0 0 0 0 0 0 0 0 0 0 0 0 0 0 0 0 0 0 0 0 0 0 0 0 0 0 0 0 0 0 0 0 0 0 0 0 0 0 0 0 0 0 0 0 0 0 0 0 0 0 0 0 0 0 0 0 0 0 0 0 0 0 0 0 0 0 0 0 0 0 0 0 0 0 0 0 0 0 0 0 0 0 0 0 0 0 0 0 0 0 0 0 0 0 0 0 0 0 0 0 0 0 0 0 0 0 0 0 0 0 0 0 0 0 0 0 0 0 0 0 0 0 0 0 0 0 0 0 0 0 0 0 0 0 0 0 0 0 0 0 0 0 0 0 0 0 0 0 0 0 0 0 0 0 0 0 0 0 0 0 0 0 0 0 0 0 0 0 0 0 0 0 0 0 0 0 0 0 0 0 0 0 0 0 0 0 0 0 0 0 0 0 0 0 0 0 0 0 0 0 0 0 0 0 0 0 0 0 0 0 0 0 0 0 0 0 0 0 0 0 0 0 0 0 0 0 0 0 0 0 0 0 0 0 0 0 0 0 0 0 0 0 0 0 0 0 0 0 0 0 0 0 0 0 0 0 0 0 0 0 0 0 0 0 0 0 0 0 0 0 0 0 0 0 0 0 0 0 0 0 0 0 0 0 0 0 0 0 0 0 0 0 0 0 0 0 0 0 0 0 0 0 0 0 0 0 0 0 0 0 0 0 0 0 0 0 0 0 0 0 0 0 0 0 0 0 0 0 0 0 0 0 0 0 0 0 0 0 0 0 0 0 0 0 0 0 0 0 0 0 0 0 0 0 0 0 0 0 0 0 0 0 0 0 0 0 0 0 0 0 0 0 0 0 0 0 0 0 0 0 0 0 0 0 0 0 0 0 0 0 0 0 0 0 0 0 0 0 0 0 0 0 0 0 0 0 0 0 0 0 0 0 0 0 0 0 0 0 0 0 0 0 0 0 0 0 0 0 0 0 0 0 0 0 0 0 0 0 0 0 0 0 0 0 0 0 0 0 0 0 0 0 0 0 0 0 0 0 0 0 0 0 0 0 0 0 0 0 0 0 0 0 0 0 0 0 0 0 0 0 0 0 0 0 0 0 0 0 0 0 0 0 0 0 0 0 0 0 0 0 0 0 0 0 0 0 0 0 0 0 0 0 0 0 0 0 0 0 0 0 0 0 0 0 0 0 0 0 0 0 0 0 0 0 0 0 0 0 0 0 0 0 0 0 0 0 0 0 0 0 0 0 0 0 0 0 0 0 0 0 0 0 0 0 0 0 0 0 0 0 0 0 0 0 0 0 0 0 0 0 0 0 0 0 0 0 0 0 0 0 0 0 0 0 0 0 0 0 0 0 0 0 0 0 0 0 0 0 0 0 0 0 0 0 0 0 0 0 0 0 0 0 0 0 0 0 0 0 0 0 0 0 0 0 0 0 0 0 0 0 0 0 0 0 0 0 0 0 0 0 0 0 0 0 0 0 0 0 0 0 0 0 0 0 0 0 0 0 0 0 0 0 0 0 0 0 0 0 0 0 0 0 0 0 0 0 0 0 0 0 0 0 0 0 0 0 0 0 0 0 0 0 0 0 0 0 0 0 0 0 0 0 0 0 0 0 0 0 0 0 0 0 0 0 0 0 0 0 0 0 0 0 0 0 0 0 0 0 0 0 0 0 0 0 0 0 0 0 0 0 0 0 0 0 0 0 0 0 0 0 0 0 0 0 0 0 0 0 0 0 0 0 0 0 0 0 0 0 0 0 0 0 0 0 0 0 0 0 0 0 0 0 0 0 0 0 0 0 0 0 0 0 0 0 0 0 0 0 0 0 0 0 0 0 0 0 0 0 0 0 0 0 0 0 0 0 0 0 0 0 0 0 0 0 0 0 0 0 0 0 0 0 0 0 0 0 0 0 0 0 0 0 0 0 0 0 0 0 0 0 0 0 0 0 0 0 0 0 0 0 0 0 0 0 0 0 0 0 0 0 0 0 0 0 0 0 0 0 0 0 0 0 0 0 0 0 0 0 0 0 0 0 0 0 0 0 0 0 0 0 0 0 0 0 0 0 0 0 0 0 0 0 0 0 0 0 0 0 0 0 0 0 0 0 0 0 0 0 0 0 0 0 0 0 0 0 0 0 0 0 0 0 0 0 0 0 0 0 0 0 0 0 0 0 0 0 0 0 0 0 0 0 0 0 0 0 0 0 0 0 0 0 0 0 0 0 0 0 0 0 0 0 0 0 0 0 0 0 0 0 0 0 0 0 0 0 0 0 0 0 0 0 0 0 0 0 0 0 0 0 0 0 0 0 0 0 0 0 0 0 0 0 0 0 0 0 0 0 0 0 0 0 0 0 0 0 0 0 0 0 0 0 0 0 0 0 0 0 0 0 0 0 0 0 0 0 0 0 0 0 0 0 0 0 0 0 0 0 0 0 0 0 0 0 0 0 0 0 0 0 0 0 0 0 0 0 0 0 0 0 0 0 0 0 0 0 0 0 0 0 0 0 0 0 0 0 0 0 0 0 0 0 0 0 0 0 0 0 0 0 0 0 0 0 0 0 0 0 0 0 0 0 0 0 0 0 0 0 0 0 0 0 0 0 0 0 0 0 0 0 0 0 0 0 0 0 0 0 0 0 0 0 0 0 0 0 0 0 0 0 0 0 0 0 0 0 0 0 0 0 0 0 0 0 0 0 0 0 0 0 0 0 0 0 0 0 0 0 0 0 0 0 0 0 0 0 0 0 0 0 0 0 0 0 0 0 0 0 0 0 0 0 0 0 0 0 0 0 0 0 0 0 0 0 0 0 0 0 0 0 0 0 0 0 0 0 0 0 0 0 0 0 0 0 0 0 0 0 0 0 0 0 0 0 0 0 0 0 0 0 0 0 0 0 0 0 0 0 0 0 0 0 0 0 0 0 0 0 0 0 0 0 0 0 0 0 0 0 0 0 0 0 0 0 0 0 0 0 0 0 0 0 0 0 0 0 0 0 0 0 0 0 0 0 0 0 0 0 0 0 0 0 0 0 0 0 0 0 0 0 0 0 0 0 0 0 0 0 0 0 0 0 0 0 0 0 0 0 0 0 0 0 0 0 0 0 0 0 0 0 0 0 0 0 0 0 0 0 0 0 0 0 0 0 0 0 0 0 0 0 0 0 0 0 0 0 0 0 0 0 0 0 0 0 0 0 0 0 0 0 0 0 0 0 0 0 0 0 0 0 0 0 0 0 0 0 0 0 0 0 0 0 0 0 0 0 0 0 0 0 0 0 0 0 0 0 0 0 0 0 0 0 0 0 0 0 0 0 0 0 0 0 0 0 0 0 0 0 0 0 0 0 0 0 0 0 0 0 0 0 0 0 0 0 0 0 0 0 0 0 0 0 0 0 0 0 0 0 0 0 0 0 0 0 0 0 0 0 0 0 0 0 0 0 0 0 0 0 0 0 0 0 0 0 0 0 0 0 0 0 0 0 0 0 0 0 0 0 0 0 0 0 0 0 0 0 0 0 0 0 0 0 0 0 0 0 0 0 0 0 0 0 0 0 0 0 0 0 0 0 0 0 0 0 0 0 0 0 0 0 0 0 0 0 0 0 0 0 0 0 0 0 0 0 0 0 0 0 0 0 0 0 0 0 0 0 0 0 0 0 0 0 0 0 0 0 0 0 0 0 0 0 0 0 0 0 0 0 0 0 0 0 0 0 0 0 0 0 0 0 0 0 0 0 0 0 0 0 0 0 0 0 0 0 0 0 0 0 0 0 0 0 0 0 0 0 0 0 0 0 0 0 0 0 0 0 0 0 0 0 0 0 0 0 0 0 0 0 0 0 0 0 0 0 0 0 0 0 0 0 0 0 0 0 0 0 0 0 0 0 0 0 0 0 0 0 0 0 0 0 0 0 0 0 0 0 0 0 0 0 0 0 0 0 0 0 0 0 0 0 0 0 0 0 0 0 0 0 0 0 0 0 0 0 0 0 0 0 0 0 0 0 0 0 0 0 0 0 0 0 0 0 0 0 0 0 0 0 0 0 0 0 0 0 0 0 0 0 0 0 0 0 0 0 0 0 0 0 0 0 0 0 0 
        </DataArray>
        <DataArray type="Float64" Name="Tau2" format="ascii">
0 0 0 0 0 0 0 0 0 0 0 0 0 0 0 0 0 0 0 0 0 0 0 0 0 0 0 0 0 0 0 0 0 0 0 0 0 0 0 0 0 0 0 0 0 0 0 0 0 0 0 0 0 0 0 0 0 0 0 0 0 0 0 0 0 0 0 0 0 0 0 0 0 0 0 0 0 0 0 0 0 0 0 0 0 0 0 0 0 0 0 0 0 0 0 0 0 0 0 0 0 0 0 0 0 0 0 0 0 0 0 0 0 0 0 0 0 0 0 0 0 0 0 0 0 0 0 0 0 0 0 0 0 0 0 0 0 0 0 0 0 0 0 0 0 0 0 0 0 0 0 0 0 0 0 0 0 0 0 0 0 0 0 0 0 0 0 0 0 0 0 0 0 0 0 0 0 0 0 0 0 0 0 0 0 0 0 0 0 0 0 0 0 0 0 0 0 0 0 0 0 0 0 0 0 0 0 0 0 0 0 0 0 0 0 0 0 0 0 0 0 0 0 0 0 0 0 0 0 0 0 0 0 0 0 0 0 0 0 0 0 0 0 0 0 0 0 0 0 0 0 0 0 0 0 0 0 0 0 0 0 0 0 0 0 0 0 0 0 0 0 0 0 0 0 0 0 0 0 0 0 0 0 0 0 0 0 0 0 0 0 0 0 0 0 0 0 0 0 0 0 0 0 0 0 0 0 0 0 0 0 0 0 0 0 0 0 0 0 0 0 0 0 0 0 0 0 0 0 0 0 0 0 0 0 0 0 0 0 0 0 0 0 0 0 0 0 0 0 0 0 0 0 0 0 0 0 0 0 0 0 0 0 0 0 0 0 0 0 0 0 0 0 0 0 0 0 0 0 0 0 0 0 0 0 0 0 0 0 0 0 0 0 0 0 0 0 0 0 0 0 0 0 0 0 0 0 0 0 0 0 0 0 0 0 0 0 0 0 0 0 0 0 0 0 0 0 0 0 0 0 0 0 0 0 0 0 0 0 0 0 0 0 0 0 0 0 0 0 0 0 0 0 0 0 0 0 0 0 0 0 0 0 0 0 0 0 0 0 0 0 0 0 0 0 0 0 0 0 0 0 0 0 0 0 0 0 0 0 0 0 0 0 0 0 0 0 0 0 0 0 0 0 0 0 0 0 0 0 0 0 0 0 0 0 0 0 0 0 0 0 0 0 0 0 0 0 0 0 0 0 0 0 0 0 0 0 0 0 0 0 0 0 0 0 0 0 0 0 0 0 0 0 0 0 0 0 0 0 0 0 0 0 0 0 0 0 0 0 0 0 0 0 0 0 0 0 0 0 0 0 0 0 0 0 0 0 0 0 0 0 0 0 0 0 0 0 0 0 0 0 0 0 0 0 0 0 0 0 0 0 0 0 0 0 0 0 0 0 0 0 0 0 0 0 0 0 0 0 0 0 0 0 0 0 0 0 0 0 0 0 0 0 0 0 0 0 0 0 0 0 0 0 0 0 0 0 0 0 0 0 0 0 0 0 0 0 0 0 0 0 0 0 0 0 0 0 0 0 0 0 0 0 0 0 0 0 0 0 0 0 0 0 0 0 0 0 0 0 0 0 0 0 0 0 0 0 0 0 0 0 0 0 0 0 0 0 0 0 0 0 0 0 0 0 0 0 0 0 0 0 0 0 0 0 0 0 0 0 0 0 0 0 0 0 0 0 0 0 0 0 0 0 0 0 0 0 0 0 0 0 0 0 0 0 0 0 0 0 0 0 0 0 0 0 0 0 0 0 0 0 0 0 0 0 0 0 0 0 0 0 0 0 0 0 0 0 0 0 0 0 0 0 0 0 0 0 0 0 0 0 0 0 0 0 0 0 0 0 0 0 0 0 0 0 0 0 0 0 0 0 0 0 0 0 0 0 0 0 0 0 0 0 0 0 0 0 0 0 0 0 0 0 0 0 0 0 0 0 0 0 0 0 0 0 0 0 0 0 0 0 0 0 0 0 0 0 0 0 0 0 0 0 0 0 0 0 0 0 0 0 0 0 0 0 0 0 0 0 0 0 0 0 0 0 0 0 0 0 0 0 0 0 0 0 0 0 0 0 0 0 0 0 0 0 0 0 0 0 0 0 0 0 0 0 0 0 0 0 0 0 0 0 0 0 0 0 0 0 0 0 0 0 0 0 0 0 0 0 0 0 0 0 0 0 0 0 0 0 0 0 0 0 0 0 0 0 0 0 0 0 0 0 0 0 0 0 0 0 0 0 0 0 0 0 0 0 0 0 0 0 0 0 0 0 0 0 0 0 0 0 0 0 0 0 0 0 0 0 0 0 0 0 0 0 0 0 0 0 0 0 0 0 0 0 0 0 0 0 0 0 0 0 0 0 0 0 0 0 0 0 0 0 0 0 0 0 0 0 0 0 0 0 0 0 0 0 0 0 0 0 0 0 0 0 0 0 0 0 0 0 0 0 0 0 0 0 0 0 0 0 0 0 0 0 0 0 0 0 0 0 0 0 0 0 0 0 0 0 0 0 0 0 0 0 0 0 0 0 0 0 0 0 0 0 0 0 0 0 0 0 0 0 0 0 0 0 0 0 0 0 0 0 0 0 0 0 0 0 0 0 0 0 0 0 0 0 0 0 0 0 0 0 0 0 0 0 0 0 0 0 0 0 0 0 0 0 0 0 0 0 0 0 0 0 0 0 0 0 0 0 0 0 0 0 0 0 0 0 0 0 0 0 0 0 0 0 0 0 0 0 0 0 0 0 0 0 0 0 0 0 0 0 0 0 0 0 0 0 0 0 0 0 0 0 0 0 0 0 0 0 0 0 0 0 0 0 0 0 0 0 0 0 0 0 0 0 0 0 0 0 0 0 0 0 0 0 0 0 0 0 0 0 0 0 0 0 0 0 0 0 0 0 0 0 0 0 0 0 0 0 0 0 0 0 0 0 0 0 0 0 0 0 0 0 0 0 0 0 0 0 0 0 0 0 0 0 0 0 0 0 0 0 0 0 0 0 0 0 0 0 0 0 0 0 0 0 0 0 0 0 0 0 0 0 0 0 0 0 0 0 0 0 0 0 0 0 0 0 0 0 0 0 0 0 0 0 0 0 0 0 0 0 0 0 0 0 0 0 0 0 0 0 0 0 0 0 0 0 0 0 0 0 0 0 0 0 0 0 0 0 0 0 0 0 0 0 0 0 0 0 0 0 0 0 0 0 0 0 0 0 0 0 0 0 0 0 0 0 0 0 0 0 0 0 0 0 0 0 0 0 0 0 0 0 0 0 0 0 0 0 0 0 0 0 0 0 0 0 0 0 0 0 0 0 0 0 0 0 0 0 0 0 0 0 0 0 0 0 0 0 0 0 0 0 0 0 0 0 0 0 0 0 0 0 0 0 0 0 0 0 0 0 0 0 0 0 0 0 0 0 0 0 0 0 0 0 0 0 0 0 0 0 0 0 0 0 0 0 0 0 0 0 0 0 0 0 0 0 0 0 0 0 0 0 0 0 0 0 0 0 0 0 0 0 0 0 0 0 0 0 0 0 0 0 0 0 0 0 0 0 0 0 0 0 0 0 0 0 0 0 0 0 0 0 0 0 0 0 0 0 0 0 0 0 0 0 0 0 0 0 0 0 0 0 0 0 0 0 0 0 0 0 0 0 0 0 0 0 0 0 0 0 0 0 0 0 0 0 0 0 0 0 0 0 0 0 0 0 0 0 0 0 0 0 0 0 0 0 0 0 0 0 0 0 0 0 0 0 0 0 0 0 0 0 0 0 0 0 0 0 0 0 0 0 0 0 0 0 0 0 0 0 0 0 0 0 0 0 0 0 0 0 0 0 0 0 0 0 0 0 0 0 0 0 0 0 0 0 0 0 0 0 0 0 0 0 0 0 0 0 0 0 0 0 0 0 0 0 0 0 0 0 0 0 0 0 0 0 0 0 0 0 0 0 0 0 0 0 0 0 0 0 0 0 0 0 0 0 0 0 0 0 0 0 0 0 0 0 0 0 0 0 0 0 0 0 0 0 0 0 0 0 0 0 0 0 0 0 0 0 0 0 0 0 0 0 0 0 0 0 0 0 0 0 0 0 0 0 0 0 0 0 0 0 0 0 0 0 0 0 0 0 0 0 0 0 0 0 0 0 0 0 0 0 0 0 0 0 0 0 0 0 0 0 0 0 0 0 0 0 0 0 0 0 0 0 0 0 0 0 0 0 0 0 0 0 0 0 0 0 0 0 0 0 0 0 0 0 0 0 0 0 0 0 0 0 0 0 0 0 0 0 0 0 0 0 0 0 0 0 0 0 0 0 0 0 0 0 0 0 0 0 0 0 0 0 0 0 0 0 0 0 0 0 0 0 0 0 0 0 0 0 0 0 0 0 0 0 0 0 0 0 0 0 0 0 0 0 0 0 0 0 0 0 0 0 0 0 0 0 0 0 0 0 0 0 0 0 0 0 0 0 0 0 0 0 0 0 0 0 0 0 0 0 0 0 0 0 0 0 0 0 0 0 0 0 0 0 0 
        </DataArray>
        <DataArray type="Float64" Name="dTdn" format="ascii">
0 0 0 0 0 0 0 0 0 0 0 0 0 0 0 0 0 0 0 0 0 0 0 0 0 0 0 0 0 0 0 0 0 0 0 0 0 0 0 0 0 0 0 0 0 0 0 0 0 0 0 0 0 0 0 0 0 0 0 0 0 0 0 0 0 0 0 0 0 0 0 0 0 0 0 0 0 0 0 0 0 0 0 0 0 0 0 0 0 0 0 0 0 0 0 0 0 0 0 0 0 0 0 0 0 0 0 0 0 0 0 0 0 0 0 0 0 0 0 0 0 0 0 0 0 0 0 0 0 0 0 0 0 0 0 0 0 0 0 0 0 0 0 0 0 0 0 0 0 0 0 0 0 0 0 0 0 0 0 0 0 0 0 0 0 0 0 0 0 0 0 0 0 0 0 0 0 0 0 0 0 0 0 0 0 0 0 0 0 0 0 0 0 0 0 0 0 0 0 0 0 0 0 0 0 0 0 0 0 0 0 0 0 0 0 0 0 0 0 0 0 0 0 0 0 0 0 0 0 0 0 0 0 0 0 0 0 0 0 0 0 0 0 0 0 0 0 0 0 0 0 0 0 0 0 0 0 0 0 0 0 0 0 0 0 0 0 0 0 0 0 0 0 0 0 0 0 0 0 0 0 0 0 0 0 0 0 0 0 0 0 0 0 0 0 0 0 0 0 0 0 0 0 0 0 0 0 0 0 0 0 0 0 0 0 0 0 0 0 0 0 0 0 0 0 0 0 0 0 0 0 0 0 0 0 0 0 0 0 0 0 0 0 0 0 0 0 0 0 0 0 0 0 0 0 0 0 0 0 0 0 0 0 0 0 0 0 0 0 0 0 0 0 0 0 0 0 0 0 0 0 0 0 0 0 0 0 0 0 0 0 0 0 0 0 0 0 0 0 0 0 0 0 0 0 0 0 0 0 0 0 0 0 0 0 0 0 0 0 0 0 0 0 0 0 0 0 0 0 0 0 0 0 0 0 0 0 0 0 0 0 0 0 0 0 0 0 0 0 0 0 0 0 0 0 0 0 0 0 0 0 0 0 0 0 0 0 0 0 0 0 0 0 0 0 0 0 0 0 0 0 0 0 0 0 0 0 0 0 0 0 0 0 0 0 0 0 0 0 0 0 0 0 0 0 0 0 0 0 0 0 0 0 0 0 0 0 0 0 0 0 0 0 0 0 0 0 0 0 0 0 0 0 0 0 0 0 0 0 0 0 0 0 0 0 0 0 0 0 0 0 0 0 0 0 0 0 0 0 0 0 0 0 0 0 0 0 0 0 0 0 0 0 0 0 0 0 0 0 0 0 0 0 0 0 0 0 0 0 0 0 0 0 0 0 0 0 0 0 0 0 0 0 0 0 0 0 0 0 0 0 0 0 0 0 0 0 0 0 0 0 0 0 0 0 0 0 0 0 0 0 0 0 0 0 0 0 0 0 0 0 0 0 0 0 0 0 0 0 0 0 0 0 0 0 0 0 0 0 0 0 0 0 0 0 0 0 0 0 0 0 0 0 0 0 0 0 0 0 0 0 0 0 0 0 0 0 0 0 0 0 0 0 0 0 0 0 0 0 0 0 0 0 0 0 0 0 0 0 0 0 0 0 0 0 0 0 0 0 0 0 0 0 0 0 0 0 0 0 0 0 0 0 0 0 0 0 0 0 0 0 0 0 0 0 0 0 0 0 0 0 0 0 0 0 0 0 0 0 0 0 0 0 0 0 0 0 0 0 0 0 0 0 0 0 0 0 0 0 0 0 0 0 0 0 0 0 0 0 0 0 0 0 0 0 0 0 0 0 0 0 0 0 0 0 0 0 0 0 0 0 0 0 0 0 0 0 0 0 0 0 0 0 0 0 0 0 0 0 0 0 0 0 0 0 0 0 0 0 0 0 0 0 0 0 0 0 0 0 0 0 0 0 0 0 0 0 0 0 0 0 0 0 0 0 0 0 0 0 0 0 0 0 0 0 0 0 0 0 0 0 0 0 0 0 0 0 0 0 0 0 0 0 0 0 0 0 0 0 0 0 0 0 0 0 0 0 0 0 0 0 0 0 0 0 0 0 0 0 0 0 0 0 0 0 0 0 0 0 0 0 0 0 0 0 0 0 0 0 0 0 0 0 0 0 0 0 0 0 0 0 0 0 0 0 0 0 0 0 0 0 0 0 0 0 0 0 0 0 0 0 0 0 0 0 0 0 0 0 0 0 0 0 0 0 0 0 0 0 0 0 0 0 0 0 0 0 0 0 0 0 0 0 0 0 0 0 0 0 0 0 0 0 0 0 0 0 0 0 0 0 0 0 0 0 0 0 0 0 0 0 0 0 0 0 0 0 0 0 0 0 0 0 0 0 0 0 0 0 0 0 0 0 0 0 0 0 0 0 0 0 0 0 0 0 0 0 0 0 0 0 0 0 0 0 0 0 0 0 0 0 0 0 0 0 0 0 0 0 0 0 0 0 0 0 0 0 0 0 0 0 0 0 0 0 0 0 0 0 0 0 0 0 0 0 0 0 0 0 0 0 0 0 0 0 0 0 0 0 0 0 0 0 0 0 0 0 0 0 0 0 0 0 0 0 0 0 0 0 0 0 0 0 0 0 0 0 0 0 0 0 0 0 0 0 0 0 0 0 0 0 0 0 0 0 0 0 0 0 0 0 0 0 0 0 0 0 0 0 0 0 0 0 0 0 0 0 0 0 0 0 0 0 0 0 0 0 0 0 0 0 0 0 0 0 0 0 0 0 0 0 0 0 0 0 0 0 0 0 0 0 0 0 0 0 0 0 0 0 0 0 0 0 0 0 0 0 0 0 0 0 0 0 0 0 0 0 0 0 0 0 0 0 0 0 0 0 0 0 0 0 0 0 0 0 0 0 0 0 0 0 0 0 0 0 0 0 0 0 0 0 0 0 0 0 0 0 0 0 0 0 0 0 0 0 0 0 0 0 0 0 0 0 0 0 0 0 0 0 0 0 0 0 0 0 0 0 0 0 0 0 0 0 0 0 0 0 0 0 0 0 0 0 0 0 0 0 0 0 0 0 0 0 0 0 0 0 0 0 0 0 0 0 0 0 0 0 0 0 0 0 0 0 0 0 0 0 0 0 0 0 0 0 0 0 0 0 0 0 0 0 0 0 0 0 0 0 0 0 0 0 0 0 0 0 0 0 0 0 0 0 0 0 0 0 0 0 0 0 0 0 0 0 0 0 0 0 0 0 0 0 0 0 0 0 0 0 0 0 0 0 0 0 0 0 0 0 0 0 0 0 0 0 0 0 0 0 0 0 0 0 0 0 0 0 0 0 0 0 0 0 0 0 0 0 0 0 0 0 0 0 0 0 0 0 0 0 0 0 0 0 0 0 0 0 0 0 0 0 0 0 0 0 0 0 0 0 0 0 0 0 0 0 0 0 0 0 0 0 0 0 0 0 0 0 0 0 0 0 0 0 0 0 0 0 0 0 0 0 0 0 0 0 0 0 0 0 0 0 0 0 0 0 0 0 0 0 0 0 0 0 0 0 0 0 0 0 0 0 0 0 0 0 0 0 0 0 0 0 0 0 0 0 0 0 0 0 0 0 0 0 0 0 0 0 0 0 0 0 0 0 0 0 0 0 0 0 0 0 0 0 0 0 0 0 0 0 0 0 0 0 0 0 0 0 0 0 0 0 0 0 0 0 0 0 0 0 0 0 0 0 0 0 0 0 0 0 0 0 0 0 0 0 0 0 0 0 0 0 0 0 0 0 0 0 0 0 0 0 0 0 0 0 0 0 0 0 0 0 0 0 0 0 0 0 0 0 0 0 0 0 0 0 0 0 0 0 0 0 0 0 0 0 0 0 0 0 0 0 0 0 0 0 0 0 0 0 0 0 0 0 0 0 0 0 0 0 0 0 0 0 0 0 0 0 0 0 0 0 0 0 0 0 0 0 0 0 0 0 0 0 0 0 0 0 0 0 0 0 0 0 0 0 0 0 0 0 0 0 0 0 0 0 0 0 0 0 0 0 0 0 0 0 0 0 0 0 0 0 0 0 0 0 0 0 0 0 0 0 0 0 0 0 0 0 0 0 0 0 0 0 0 0 0 0 0 0 0 0 0 0 0 0 0 0 0 0 0 0 0 0 0 0 0 0 0 0 0 0 0 0 0 0 0 0 0 0 0 0 0 0 0 0 0 0 0 0 0 0 0 0 0 0 0 0 0 0 0 0 0 0 0 0 0 0 0 0 0 0 0 0 0 0 0 0 0 0 0 0 0 0 0 0 0 0 0 0 0 0 0 0 0 0 0 0 0 0 0 0 0 0 0 0 0 0 0 0 0 0 0 0 0 0 0 0 0 0 0 0 0 0 0 0 0 0 0 0 0 0 0 0 0 0 0 0 0 0 0 0 0 0 0 0 0 0 0 0 0 0 0 0 0 0 0 0 0 0 0 0 0 0 0 0 0 0 0 0 0 0 0 0 0 0 0 0 0 0 0 0 0 0 0 0 0 0 0 0 0 0 0 
        </DataArray>
        <DataArray type="Int32" Name="Rank" format="ascii">
4 4 4 4 4 4 4 4 4 4 4 4 4 4 4 4 4 4 4 4 4 4 4 4 4 4 4 4 4 4 4 4 4 4 4 4 4 4 4 4 4 4 4 4 4 4 4 4 4 4 4 4 4 4 4 4 4 4 4 4 4 4 4 4 4 4 4 4 4 4 4 4 4 4 4 4 4 4 4 4 4 4 4 4 4 4 4 4 4 4 4 4 4 4 4 4 4 4 4 4 4 4 4 4 4 4 4 4 4 4 4 4 4 4 4 4 4 4 4 4 4 4 4 4 4 4 4 4 4 4 4 4 4 4 4 4 4 4 4 4 4 4 4 4 4 4 4 4 4 4 4 4 4 4 4 4 4 4 4 4 4 4 4 4 4 4 4 4 4 4 4 4 4 4 4 4 4 4 4 4 4 4 4 4 4 4 4 4 4 4 4 4 4 4 4 4 4 4 4 4 4 4 4 4 4 4 4 4 4 4 4 4 4 4 4 4 4 4 4 4 4 4 4 4 4 4 4 4 4 4 4 4 4 4 4 4 4 4 4 4 4 4 4 4 4 4 4 4 1 1 1 1 4 4 4 4 4 4 4 4 4 4 4 4 4 4 4 4 4 4 4 4 4 4 4 4 4 4 4 4 4 4 4 4 4 4 4 4 4 4 4 4 4 4 4 4 4 4 4 4 4 4 4 4 4 4 4 4 4 4 4 4 4 4 4 4 4 4 4 4 4 4 4 4 4 4 4 4 4 4 4 4 4 4 4 4 4 4 4 4 4 4 4 4 4 4 4 4 4 4 4 4 4 4 4 4 4 4 4 4 4 4 4 4 4 4 4 4 4 4 4 4 4 4 4 4 4 4 4 4 4 4 4 4 4 4 4 1 1 1 1 1 1 1 1 1 1 1 1 4 4 4 4 4 4 4 4 4 4 4 4 4 4 4 4 4 4 4 4 4 4 4 4 4 4 4 4 4 4 4 4 4 4 4 4 4 4 4 4 4 4 4 4 4 4 4 4 4 4 4 4 4 4 4 4 4 4 4 4 4 4 4 4 4 4 4 4 4 4 4 4 4 4 4 4 4 4 4 4 4 4 4 4 4 4 4 4 4 4 4 4 4 4 4 4 4 4 4 4 4 4 4 4 4 4 4 4 4 4 4 4 4 4 4 4 4 4 4 4 4 4 4 4 4 4 4 4 4 4 4 4 4 4 4 4 4 4 4 4 4 4 4 4 4 4 4 4 4 4 4 4 4 4 4 4 4 4 4 4 4 4 4 4 4 4 4 4 4 4 4 4 4 4 4 4 4 4 4 4 4 4 4 4 4 4 4 4 4 4 4 4 4 4 4 4 4 4 4 4 4 4 4 4 4 4 4 4 4 4 4 4 4 4 4 4 4 4 4 4 4 4 4 4 4 4 4 4 4 4 4 4 4 4 4 4 4 4 4 4 4 4 4 4 4 4 4 4 4 4 4 4 4 4 4 4 4 4 4 4 4 4 4 4 4 4 4 4 4 4 4 4 4 4 4 4 4 4 4 4 4 4 4 4 4 4 4 4 4 4 4 4 4 4 4 4 4 4 4 4 4 4 4 4 4 4 4 4 4 4 4 4 4 4 4 4 4 4 4 4 4 4 4 4 4 4 4 4 4 4 4 4 4 4 4 4 4 4 4 4 4 4 4 4 4 4 4 4 4 4 4 4 4 4 4 4 4 4 4 4 4 4 4 4 4 4 4 4 4 4 4 4 4 4 4 4 4 4 4 4 4 4 4 4 4 4 4 4 4 4 4 4 4 4 4 4 4 4 4 4 4 4 4 4 4 4 4 4 4 4 4 4 4 4 4 4 4 4 4 4 4 4 4 4 4 4 4 4 4 4 4 4 4 4 4 4 4 4 4 4 4 4 4 4 4 4 4 4 4 4 4 4 4 4 4 4 4 4 4 4 4 4 4 4 4 4 4 4 4 4 4 4 4 4 4 4 4 4 4 4 4 4 4 4 4 4 4 4 4 4 4 4 4 4 4 4 4 4 4 4 4 4 4 4 4 4 4 4 4 4 4 4 4 4 4 4 4 4 4 4 4 4 4 4 4 4 4 4 4 4 4 4 4 4 4 4 4 4 4 4 4 4 4 4 4 4 4 4 4 4 4 4 4 4 4 4 4 4 4 4 4 4 4 4 4 4 4 4 4 4 4 4 4 4 4 4 7 7 7 7 7 7 7 7 7 7 7 7 7 7 7 7 7 7 7 7 7 7 7 7 7 7 7 7 7 7 7 7 7 7 7 7 7 7 7 7 7 7 7 7 7 7 7 7 7 7 7 7 7 7 7 7 7 7 7 7 7 7 7 7 7 7 7 7 7 7 7 7 7 7 7 7 7 7 7 7 7 7 7 7 7 7 7 7 7 7 7 7 7 7 7 7 7 7 7 7 7 7 7 7 7 7 7 7 7 7 7 7 7 7 7 7 7 7 7 7 7 7 7 7 7 7 7 7 7 7 7 7 7 7 7 7 7 7 7 7 7 7 7 7 7 7 7 7 7 7 7 7 7 7 7 7 7 7 7 7 7 7 7 7 7 7 7 7 7 7 7 7 7 7 7 7 7 7 7 7 7 7 7 7 7 7 7 7 7 7 7 7 7 7 7 7 7 7 7 7 7 7 7 7 7 7 7 7 7 7 7 7 7 7 7 7 7 7 7 7 7 7 7 7 7 7 7 7 7 7 7 7 7 7 7 7 7 7 7 7 7 7 7 7 7 7 7 7 7 7 7 7 7 7 7 7 7 7 7 7 7 7 7 7 7 7 7 7 7 7 7 7 7 7 7 7 7 7 7 7 7 7 7 7 7 7 7 7 7 7 7 7 7 7 7 7 7 7 7 7 7 7 7 7 7 7 7 7 7 7 7 7 7 7 7 7 7 7 7 7 7 7 7 7 7 7 7 7 7 7 7 7 7 7 7 7 7 7 7 7 7 7 7 7 7 7 7 7 7 7 7 7 7 7 7 7 7 7 7 7 7 7 7 7 7 7 7 7 7 7 7 7 7 7 7 7 7 7 7 7 7 7 7 7 7 7 7 7 7 7 7 7 7 7 7 7 7 7 7 7 7 7 7 7 7 7 7 7 7 7 7 7 7 7 7 7 7 7 7 7 7 7 7 7 7 7 7 7 7 7 7 7 7 7 7 7 7 7 7 7 7 7 7 7 7 7 7 7 7 7 7 7 7 7 7 7 7 7 7 7 7 7 7 7 7 7 7 7 7 7 7 7 7 7 7 7 7 7 7 7 7 7 7 7 7 7 7 7 7 7 7 7 7 7 7 7 7 7 7 7 7 7 7 7 7 7 7 7 7 7 7 7 7 7 7 7 7 7 7 7 7 7 7 7 7 7 7 7 7 7 7 7 7 7 7 7 7 7 7 7 7 7 7 7 7 7 7 7 7 7 4 4 4 4 4 4 4 4 4 4 4 4 4 4 4 4 4 4 4 4 4 4 4 4 4 4 4 4 4 4 4 4 4 4 4 4 4 4 4 4 4 4 4 4 4 4 4 4 4 4 4 4 4 4 4 4 4 4 4 4 4 4 4 4 4 4 4 4 4 4 4 4 4 4 4 4 4 4 4 4 4 4 4 4 4 4 4 4 4 4 4 4 4 4 4 4 4 4 4 4 4 4 4 4 4 4 4 4 4 4 4 4 4 4 4 4 4 4 4 4 4 4 4 4 4 4 4 4 4 4 4 4 4 4 4 4 4 4 4 4 4 4 4 4 4 4 4 4 4 4 4 4 4 4 4 4 4 4 4 4 4 4 4 4 4 4 4 4 4 4 4 4 4 4 4 4 4 4 4 4 4 4 4 4 4 4 4 4 4 4 4 4 4 4 4 4 4 4 4 4 4 4 4 4 4 4 4 4 4 4 4 4 4 4 4 4 4 4 4 4 4 4 4 4 4 4 4 4 4 4 4 4 4 4 4 4 4 4 4 4 4 4 4 4 4 4 4 4 4 4 4 4 4 4 4 4 4 4 4 4 4 4 4 4 4 4 4 4 4 4 4 4 4 4 4 4 4 4 4 4 4 4 4 4 4 4 4 4 4 4 4 4 4 4 4 4 4 4 4 4 4 4 4 4 4 4 4 4 4 4 4 4 4 4 4 4 4 4 4 4 4 4 4 4 4 4 4 4 4 4 4 4 4 4 4 4 4 4 4 4 4 4 4 4 4 4 4 4 4 4 4 4 4 4 4 4 4 4 4 4 4 4 4 4 4 4 4 4 4 4 4 4 4 4 4 4 4 4 4 4 4 4 4 4 4 4 4 4 4 4 4 4 4 4 4 4 4 4 4 4 4 4 4 4 4 4 4 4 4 4 4 4 4 4 4 4 4 4 4 4 4 4 4 4 4 4 4 4 4 4 4 4 4 4 4 4 4 4 4 4 4 4 4 4 4 4 4 4 4 4 4 4 4 4 4 4 4 4 4 4 4 4 4 4 4 4 4 4 4 4 4 4 4 4 4 
        </DataArray>
        <DataArray type="Int32" Name="Level" format="ascii">
4 4 4 4 4 4 4 4 4 4 4 4 4 4 4 4 4 4 4 4 4 4 4 4 4 4 4 4 4 4 4 4 4 4 4 4 4 4 4 4 4 4 4 4 4 4 4 4 4 4 4 4 4 4 4 4 4 4 4 4 4 4 4 4 4 4 4 4 4 4 4 4 4 4 4 4 4 4 4 4 4 4 4 4 4 4 4 4 4 4 4 4 4 4 4 4 4 4 4 4 4 4 4 4 4 4 4 4 4 4 4 4 4 4 4 4 4 4 4 4 4 4 4 4 4 4 4 4 4 4 4 4 4 4 4 4 4 4 4 4 4 4 4 4 4 4 4 4 4 4 4 4 4 4 4 4 4 4 4 4 4 4 4 4 4 4 4 4 4 4 4 4 4 4 4 4 4 4 4 4 4 4 4 4 4 4 4 4 4 4 4 4 4 4 4 4 4 4 4 4 4 4 4 4 4 4 4 4 4 4 4 4 4 4 4 4 4 4 4 4 4 4 4 4 4 4 4 4 4 4 4 4 4 4 4 4 4 4 4 4 4 4 4 4 4 4 4 4 3 3 3 3 4 4 4 4 4 4 4 4 4 4 4 4 4 4 4 4 4 4 4 4 4 4 4 4 4 4 4 4 4 4 4 4 4 4 4 4 4 4 4 4 4 4 4 4 4 4 4 4 4 4 4 4 4 4 4 4 4 4 4 4 4 4 4 4 4 4 4 4 4 4 4 4 4 4 4 4 4 4 4 4 4 4 4 4 4 4 4 4 4 4 4 4 4 4 4 4 4 4 4 4 4 4 4 4 4 4 4 4 4 4 4 4 4 4 4 4 4 4 4 4 4 4 4 4 4 4 4 4 4 4 4 4 4 4 4 3 3 3 3 3 3 3 3 3 3 3 3 4 4 4 4 4 4 4 4 4 4 4 4 4 4 4 4 4 4 4 4 4 4 4 4 4 4 4 4 4 4 4 4 4 4 4 4 4 4 4 4 4 4 4 4 4 4 4 4 4 4 4 4 4 4 4 4 4 4 4 4 4 4 4 4 4 4 4 4 4 4 4 4 4 4 4 4 4 4 4 4 4 4 4 4 4 4 4 4 4 4 4 4 4 4 4 4 4 4 4 4 4 4 4 4 4 4 4 4 4 4 4 4 4 4 4 4 4 4 4 4 4 4 4 4 4 4 4 4 4 4 4 4 4 4 4 4 4 4 4 4 4 4 4 4 4 4 4 4 4 4 4 4 4 4 4 4 4 4 4 4 4 4 4 4 4 4 4 4 4 4 4 4 4 4 4 4 4 4 4 4 4 4 4 4 4 4 4 4 4 4 4 4 4 4 4 4 4 4 4 4 4 4 4 4 4 4 4 4 4 4 4 4 4 4 4 4 4 4 4 4 4 4 4 4 4 4 4 4 4 4 4 4 4 4 4 4 4 4 4 4 4 4 4 4 4 4 4 4 4 4 4 4 4 4 4 4 4 4 4 4 4 4 4 4 4 4 4 4 4 4 4 4 4 4 4 4 4 4 4 4 4 4 4 4 4 4 4 4 4 4 4 4 4 4 4 4 4 4 4 4 4 4 4 4 4 4 4 4 4 4 4 4 4 4 4 4 4 4 4 4 4 4 4 4 4 4 4 4 4 4 4 4 4 4 4 4 4 4 4 4 4 4 4 4 4 4 4 4 4 4 4 4 4 4 4 4 4 4 4 4 4 4 4 4 4 4 4 4 4 4 4 4 4 4 4 4 4 4 4 4 4 4 4 4 4 4 4 4 4 4 4 4 4 4 4 4 4 4 4 4 4 4 4 4 4 4 4 4 4 4 4 4 4 4 4 4 4 4 4 4 4 4 4 4 4 4 4 4 4 4 4 4 4 4 4 4 4 4 4 4 4 4 4 4 4 4 4 4 4 4 4 4 4 4 4 4 4 4 4 4 4 4 4 4 4 4 4 4 4 4 4 4 4 4 4 4 4 4 4 4 4 4 4 4 4 4 4 4 4 4 4 4 4 4 4 4 4 4 4 4 4 4 4 4 4 4 4 4 4 4 4 4 4 4 4 4 4 4 4 4 4 4 4 4 4 4 4 4 4 4 4 4 4 4 4 4 4 4 4 4 4 4 4 4 4 4 4 4 4 4 4 4 4 4 4 4 4 4 4 4 4 4 4 4 4 4 4 4 4 4 4 4 4 4 4 4 4 4 4 4 4 4 4 4 4 4 4 4 4 4 4 4 4 4 4 4 4 4 4 4 4 4 4 4 4 4 4 4 4 4 4 4 4 4 4 4 4 4 4 4 4 4 4 4 4 4 4 4 4 4 4 4 4 4 4 4 4 4 4 4 4 4 4 4 4 4 4 4 4 4 4 4 4 4 4 4 4 4 4 4 4 4 4 4 4 4 4 4 4 4 4 4 4 4 4 4 4 4 4 4 4 4 4 4 4 4 4 4 4 4 4 4 4 4 4 4 4 4 4 4 4 4 4 4 4 4 4 4 4 4 4 4 4 4 4 4 4 4 4 4 4 4 4 4 4 4 4 4 4 4 4 4 4 4 4 4 4 4 4 4 4 4 4 4 4 4 4 4 4 4 4 4 4 4 4 4 4 4 4 4 4 4 4 4 4 4 4 4 4 4 4 4 4 4 4 4 4 4 4 4 4 4 4 4 4 4 4 4 4 4 4 4 4 4 4 4 4 4 4 4 4 4 4 4 4 4 4 4 4 4 4 4 4 4 4 4 4 4 4 4 4 4 4 4 4 4 4 4 4 4 4 4 4 4 4 4 4 4 4 4 4 4 4 4 4 4 4 4 4 4 4 4 4 4 4 4 4 4 4 4 4 4 4 4 4 4 4 4 4 4 4 4 4 4 4 4 4 4 4 4 4 4 4 4 4 4 4 4 4 4 4 4 4 4 4 4 4 4 4 4 4 4 4 4 4 4 4 4 4 4 4 4 4 4 4 4 4 4 4 4 4 4 4 4 4 4 4 4 4 4 4 4 4 4 4 4 4 4 4 4 4 4 4 4 4 4 4 4 4 4 4 4 4 4 4 4 4 4 4 4 4 4 4 4 4 4 4 4 4 4 4 4 4 4 4 4 4 4 4 4 4 4 4 4 4 4 4 4 4 4 4 4 4 4 4 4 4 4 4 4 4 4 4 4 4 4 4 4 4 4 4 4 4 4 4 4 4 4 4 4 4 4 4 4 4 4 4 4 4 4 4 4 4 4 4 4 4 4 4 4 4 4 4 4 4 4 4 4 4 4 4 4 4 4 4 4 4 4 4 4 4 4 4 4 4 4 4 4 4 4 4 4 4 4 4 4 4 4 4 4 4 4 4 4 4 4 4 4 4 4 4 4 4 4 4 4 4 4 4 4 4 4 4 4 4 4 4 4 4 4 4 4 4 4 4 4 4 4 4 4 4 4 4 4 4 4 4 4 4 4 4 4 4 4 4 4 4 4 4 4 4 4 4 4 4 4 4 4 4 4 4 4 4 4 4 4 4 4 4 4 4 4 4 4 4 4 4 4 4 4 4 4 4 4 4 4 4 4 4 4 4 4 4 4 4 4 4 4 4 4 4 4 4 4 4 4 4 4 4 4 4 4 4 4 4 4 4 4 4 4 4 4 4 4 4 4 4 4 4 4 4 4 4 4 4 4 4 4 4 4 4 4 4 4 4 4 4 4 4 4 4 4 4 4 4 4 4 4 4 4 4 4 4 4 4 4 4 4 4 4 4 4 4 4 4 4 4 4 4 4 4 4 4 4 4 4 4 4 4 4 4 4 4 4 4 4 4 4 4 4 4 4 4 4 4 4 4 4 4 4 4 4 4 4 4 4 4 4 4 4 4 4 4 4 4 4 4 4 4 4 4 4 4 4 4 4 4 4 4 4 4 4 4 4 4 4 4 4 4 4 4 4 4 4 4 4 4 4 4 4 4 4 4 4 4 4 4 4 4 4 4 4 4 4 4 4 4 4 4 4 4 4 4 4 4 4 4 4 4 4 4 4 4 4 4 4 4 4 4 4 4 4 4 4 4 4 4 4 4 4 4 4 4 4 4 4 4 4 4 4 4 4 4 4 4 4 4 4 4 4 4 4 4 4 4 4 4 4 4 4 4 4 4 4 4 4 4 4 4 4 4 4 4 4 4 4 4 4 4 4 4 4 4 4 4 4 4 4 4 4 4 4 4 4 4 4 4 4 4 4 4 4 4 4 4 4 4 4 4 4 4 4 4 4 4 4 4 4 4 4 4 4 4 4 4 4 4 4 4 4 4 4 4 4 4 4 4 4 4 4 4 4 4 4 4 4 4 4 4 4 4 4 4 4 4 4 4 4 4 4 4 4 4 4 4 4 4 4 4 4 4 4 4 4 4 4 4 4 4 4 4 4 4 4 4 4 4 4 4 4 4 4 4 4 4 4 4 4 4 4 4 4 4 4 4 4 4 4 4 4 4 4 4 4 4 4 4 4 4 4 4 4 4 4 4 4 4 4 4 4 4 
        </DataArray>
        <DataArray type="Int32" Name="N_Interp_IP0" format="ascii">
4 4 4 4 4 4 4 4 4 4 4 4 4 4 4 4 4 4 4 4 4 4 4 4 4 4 4 4 4 4 4 4 4 4 4 4 4 4 4 4 4 4 4 4 4 4 4 4 4 4 4 4 4 4 4 4 4 4 4 4 4 4 4 4 4 4 4 4 4 4 4 4 4 4 4 4 4 4 4 4 4 4 4 4 4 4 4 4 4 4 4 4 4 4 4 4 4 4 4 4 4 4 4 4 4 4 4 4 4 4 4 4 4 4 4 4 4 4 4 4 4 4 4 4 4 4 4 4 4 4 4 4 4 4 4 4 4 4 4 4 4 4 4 4 4 4 4 4 4 4 4 4 4 4 4 4 4 4 4 4 4 4 4 4 4 4 4 4 4 4 4 4 4 4 4 4 4 4 4 4 4 4 4 4 4 4 4 4 4 4 4 4 4 4 4 4 4 4 4 4 4 4 4 4 4 4 4 4 4 4 4 4 4 4 4 4 4 4 4 4 4 4 4 4 4 4 4 4 4 4 4 4 4 4 4 4 4 4 4 4 4 4 4 4 4 4 4 4 4 4 4 4 4 4 4 4 4 4 4 4 4 4 4 4 4 4 4 4 4 4 4 4 4 4 4 4 4 4 4 4 4 4 4 4 4 4 4 4 4 4 4 4 4 4 4 4 4 4 4 4 4 4 4 4 4 4 4 4 4 4 4 4 4 4 4 4 4 4 4 4 4 4 4 4 4 4 4 4 4 4 4 4 4 4 4 4 4 4 4 4 4 4 4 4 4 4 4 4 4 4 4 4 4 4 4 4 4 4 4 4 4 4 4 4 4 4 4 4 4 4 4 4 4 4 4 4 4 4 4 4 4 4 4 4 4 4 4 4 4 4 4 4 4 4 4 4 4 4 4 4 4 4 4 4 4 4 4 4 4 4 4 4 4 4 4 4 4 4 4 4 4 4 4 4 4 4 4 4 4 4 4 4 4 4 4 4 4 4 4 4 4 4 4 4 4 4 4 4 4 4 4 4 4 4 4 4 4 4 4 4 4 4 4 4 4 4 4 4 4 4 4 4 4 4 4 4 4 4 4 4 4 4 4 4 4 4 4 4 4 4 4 4 4 4 4 4 4 4 4 4 4 4 4 4 4 4 4 4 4 4 4 4 4 4 4 4 4 4 4 4 4 4 4 4 4 4 4 4 4 4 4 4 4 4 4 4 4 4 4 4 4 4 4 4 4 4 4 4 4 4 4 4 4 4 4 4 4 4 4 4 4 4 4 4 4 4 4 4 4 4 4 4 4 4 4 4 4 4 4 4 4 4 4 4 4 4 4 4 4 4 4 4 4 4 4 4 4 4 4 4 4 4 4 4 4 4 4 4 4 4 4 4 4 4 4 4 4 4 4 4 4 4 4 4 4 4 4 4 4 4 4 4 4 4 4 4 4 4 4 4 4 4 4 4 4 4 4 4 4 4 4 4 4 4 4 4 4 4 4 4 4 4 4 4 4 4 4 4 4 4 4 4 4 4 4 4 4 4 4 4 4 4 4 4 4 4 4 4 4 4 4 4 4 4 4 4 4 4 4 4 4 4 4 4 4 4 4 4 4 4 4 4 4 4 4 4 4 4 4 4 4 4 4 4 4 4 4 4 4 4 4 4 4 4 4 4 4 4 4 4 4 4 4 4 4 4 4 4 4 4 4 4 4 4 4 4 4 4 4 4 4 4 4 4 4 4 4 4 4 4 4 4 4 4 4 4 4 4 4 4 4 4 4 4 4 4 4 4 4 4 4 4 4 4 4 4 4 4 4 4 4 4 4 4 4 4 4 4 4 4 4 4 4 4 4 4 4 4 4 4 4 4 4 4 4 4 4 4 4 4 4 4 4 4 4 4 4 4 4 4 4 4 4 4 4 4 4 4 4 4 4 4 4 4 4 4 4 4 4 4 4 4 4 4 4 4 4 4 4 4 4 4 4 4 4 4 4 4 4 4 4 4 4 4 4 4 4 4 4 4 4 4 4 4 4 4 4 4 4 4 4 4 4 4 4 4 4 4 4 4 4 4 4 4 4 4 4 4 4 4 4 4 4 4 4 4 4 4 4 4 4 4 4 4 4 4 4 4 4 4 4 4 4 4 4 4 4 4 4 4 4 4 4 4 4 4 4 4 4 4 4 4 4 4 4 4 4 4 4 4 4 4 4 4 4 4 4 4 4 4 4 4 4 4 4 4 4 4 4 4 4 4 4 4 4 4 4 4 4 4 4 4 4 4 4 4 4 4 4 4 4 4 4 4 4 4 4 4 4 4 4 4 4 4 4 4 4 4 4 4 4 4 4 4 4 4 4 4 4 4 4 4 4 4 4 4 4 4 4 4 4 4 4 4 4 4 4 4 4 4 4 4 4 4 4 4 4 4 4 4 4 4 4 4 4 4 4 4 4 4 4 4 4 4 4 4 4 4 4 4 4 4 4 4 4 4 4 4 4 4 4 4 4 4 4 4 4 4 4 4 4 4 4 4 4 4 4 4 4 4 4 4 4 4 4 4 4 4 4 4 4 4 4 4 4 4 4 4 4 4 4 4 4 4 4 4 4 4 4 4 4 4 4 4 4 4 4 4 4 4 4 4 4 4 4 4 4 4 4 4 4 4 4 4 4 4 4 4 4 4 4 4 4 4 4 4 4 4 4 4 4 4 4 4 4 4 4 4 4 4 4 4 4 4 4 4 4 4 4 4 4 4 4 4 4 4 4 4 4 4 4 4 4 4 4 4 4 4 4 4 4 4 4 4 4 4 4 4 4 4 4 4 4 4 4 4 4 4 4 4 4 4 4 4 4 4 4 4 4 4 4 4 4 4 4 4 4 4 4 4 4 4 4 4 4 4 4 4 4 4 4 4 4 4 4 4 4 4 4 4 4 4 4 4 4 4 4 4 4 4 4 4 4 4 4 4 4 4 4 4 4 4 4 4 4 4 4 4 4 4 4 4 4 4 4 4 4 4 4 4 4 4 4 4 4 4 4 4 4 4 4 4 4 4 4 4 4 4 4 4 4 4 4 4 4 4 4 4 4 4 4 4 4 4 4 4 4 4 4 4 4 4 4 4 4 4 4 4 4 4 4 4 4 4 4 4 4 4 4 4 4 4 4 4 4 4 4 4 4 4 4 4 4 4 4 4 4 4 4 4 4 4 4 4 4 4 4 4 4 4 4 4 4 4 4 4 4 4 4 4 4 4 4 4 4 4 4 4 4 4 4 4 4 4 4 4 4 4 4 4 4 4 4 4 4 4 4 4 4 4 4 4 4 4 4 4 4 4 4 4 4 4 4 4 4 4 4 4 4 4 4 4 4 4 4 4 4 4 4 4 4 4 4 4 4 4 4 4 4 4 4 4 4 4 4 4 4 4 4 4 4 4 4 4 4 4 4 4 4 4 4 4 4 4 4 4 4 4 4 4 4 4 4 4 4 4 4 4 4 4 4 4 4 4 4 4 4 4 4 4 4 4 4 4 4 4 4 4 4 4 4 4 4 4 4 4 4 4 4 4 4 4 4 4 4 4 4 4 4 4 4 4 4 4 4 4 4 4 4 4 4 4 4 4 4 4 4 4 4 4 4 4 4 4 4 4 4 4 4 4 4 4 4 4 4 4 4 4 4 4 4 4 4 4 4 4 4 4 4 4 4 4 4 4 4 4 4 4 4 4 4 4 4 4 4 4 4 4 4 4 4 4 4 4 4 4 4 4 4 4 4 4 4 4 4 4 4 4 4 4 4 4 4 4 4 4 4 4 4 4 4 4 4 4 4 4 4 4 4 4 4 4 4 4 4 4 4 4 4 4 4 4 4 4 4 4 4 4 4 4 4 4 4 4 4 4 4 4 4 4 4 4 4 4 4 4 4 4 4 4 4 4 4 4 4 4 4 4 4 4 4 4 4 4 4 4 4 4 4 4 4 4 4 4 4 4 4 4 4 4 4 4 4 4 4 4 4 4 4 4 4 4 4 4 4 4 4 4 4 4 4 4 4 4 4 4 4 4 4 4 4 4 4 4 4 4 4 4 4 4 4 4 4 4 4 4 4 4 4 4 4 4 4 4 4 4 4 4 4 4 4 4 4 4 4 4 4 4 4 4 4 4 4 4 4 4 4 4 4 4 4 4 4 4 4 4 4 4 4 4 4 4 4 4 4 4 4 4 4 4 4 4 4 4 4 4 4 4 4 4 4 4 4 4 4 4 4 4 4 4 4 4 4 4 4 4 4 4 4 4 4 4 4 4 4 4 4 4 4 4 4 4 4 4 4 4 4 4 4 4 4 4 4 4 4 4 4 4 4 4 4 4 4 4 4 4 4 4 4 4 4 4 4 4 4 4 4 4 4 4 4 4 4 4 4 4 4 4 4 4 4 4 4 4 4 4 4 4 4 4 4 4 4 4 4 4 4 4 4 4 4 4 4 4 4 4 4 4 4 4 4 4 4 4 4 4 4 4 4 4 4 4 4 4 4 4 4 4 4 4 
        </DataArray>
      </CellData>
    </Piece>
  </PolyData>
</VTKFile>
