<?xml version="1.0"?>
<VTKFile type="PolyData" version="1.0" byte_order="LittleEndian" header_type="UInt64">
  <PolyData>
    <Piece NumberOfPoints="2000" NumberOfPolys="2000">
      <Points>
        <DataArray type="Float64" Name="Points" NumberOfComponents="3" format="ascii">
-0.2 -0.3 0.0 -0.200001 -0.299686 0.0 -0.200002 -0.299372 0.0 -0.200005 -0.299058 0.0 -0.200008 -0.298743 0.0 -0.200013 -0.298429 0.0 -0.200018 -0.298115 0.0 -0.200025 -0.297801 0.0 -0.200032 -0.297487 0.0 -0.20004 -0.297173 0.0 -0.200049 -0.296859 0.0 -0.20006 -0.296545 0.0 -0.200071 -0.296231 0.0 -0.200084 -0.295917 0.0 -0.200097 -0.295603 0.0 -0.200112 -0.295289 0.0 -0.200126 -0.294976 0.0 -0.200143 -0.294662 0.0 -0.20016 -0.294348 0.0 -0.200179 -0.294035 0.0 -0.200197 -0.293721 0.0 -0.200218 -0.293407 0.0 -0.200239 -0.293094 0.0 -0.200261 -0.292781 0.0 -0.200284 -0.292467 0.0 -0.200309 -0.292154 0.0 -0.200333 -0.291841 0.0 -0.20036 -0.291528 0.0 -0.200387 -0.291215 0.0 -0.200415 -0.290902 0.0 -0.200444 -0.290589 0.0 -0.200474 -0.290276 0.0 -0.200505 -0.289964 0.0 -0.200537 -0.289651 0.0 -0.20057 -0.289339 0.0 -0.200604 -0.289027 0.0 -0.200639 -0.288714 0.0 -0.200675 -0.288402 0.0 -0.200712 -0.28809 0.0 -0.20075 -0.287778 0.0 -0.200789 -0.287467 0.0 -0.200829 -0.287155 0.0 -0.200869 -0.286844 0.0 -0.200912 -0.286532 0.0 -0.200954 -0.286221 0.0 -0.200998 -0.28591 0.0 -0.201042 -0.285599 0.0 -0.201089 -0.285288 0.0 -0.201135 -0.284977 0.0 -0.201183 -0.284667 0.0 -0.201231 -0.284357 0.0 -0.201281 -0.284046 0.0 -0.201331 -0.283736 0.0 -0.201383 -0.283426 0.0 -0.201436 -0.283117 0.0 -0.20149 -0.282807 0.0 -0.201544 -0.282498 0.0 -0.2016 -0.282189 0.0 -0.201655 -0.281879 0.0 -0.201713 -0.281571 0.0 -0.201771 -0.281262 0.0 -0.201831 -0.280953 0.0 -0.201891 -0.280645 0.0 -0.201953 -0.280337 0.0 -0.202014 -0.280029 0.0 -0.202078 -0.279721 0.0 -0.202142 -0.279414 0.0 -0.202208 -0.279107 0.0 -0.202273 -0.278799 0.0 -0.202341 -0.278492 0.0 -0.202408 -0.278186 0.0 -0.202478 -0.277879 0.0 -0.202547 -0.277573 0.0 -0.202619 -0.277267 0.0 -0.20269 -0.276961 0.0 -0.202763 -0.276656 0.0 -0.202837 -0.27635 0.0 -0.202912 -0.276045 0.0 -0.202987 -0.27574 0.0 -0.203065 -0.275436 0.0 -0.203142 -0.275131 0.0 -0.203221 -0.274827 0.0 -0.2033 -0.274523 0.0 -0.203381 -0.274219 0.0 -0.203462 -0.273916 0.0 -0.203545 -0.273613 0.0 -0.203628 -0.27331 0.0 -0.203712 -0.273007 0.0 -0.203797 -0.272705 0.0 -0.203884 -0.272403 0.0 -0.203971 -0.272101 0.0 -0.204059 -0.271799 0.0 -0.204148 -0.271498 0.0 -0.204238 -0.271197 0.0 -0.204329 -0.270896 0.0 -0.204421 -0.270596 0.0 -0.204514 -0.270296 0.0 -0.204608 -0.269996 0.0 -0.204702 -0.269696 0.0 -0.204798 -0.269397 0.0 -0.204894 -0.269098 0.0 -0.204992 -0.2688 0.0 -0.20509 -0.268501 0.0 -0.20519 -0.268203 0.0 -0.20529 -0.267906 0.0 -0.205392 -0.267608 0.0 -0.205494 -0.267311 0.0 -0.205597 -0.267015 0.0 -0.205701 -0.266718 0.0 -0.205806 -0.266422 0.0 -0.205912 -0.266126 0.0 -0.206019 -0.265831 0.0 -0.206127 -0.265536 0.0 -0.206236 -0.265241 0.0 -0.206345 -0.264947 0.0 -0.206456 -0.264653 0.0 -0.206567 -0.264359 0.0 -0.20668 -0.264066 0.0 -0.206793 -0.263772 0.0 -0.206908 -0.26348 0.0 -0.207022 -0.263188 0.0 -0.207139 -0.262896 0.0 -0.207255 -0.262604 0.0 -0.207374 -0.262313 0.0 -0.207492 -0.262022 0.0 -0.207613 -0.261732 0.0 -0.207733 -0.261442 0.0 -0.207855 -0.261152 0.0 -0.207977 -0.260863 0.0 -0.208101 -0.260574 0.0 -0.208225 -0.260285 0.0 -0.20835 -0.259997 0.0 -0.208476 -0.259709 0.0 -0.208603 -0.259422 0.0 -0.208731 -0.259135 0.0 -0.20886 -0.258849 0.0 -0.208989 -0.258562 0.0 -0.20912 -0.258277 0.0 -0.209252 -0.257991 0.0 -0.209384 -0.257707 0.0 -0.209517 -0.257422 0.0 -0.209652 -0.257138 0.0 -0.209787 -0.256854 0.0 -0.209923 -0.256571 0.0 -0.210059 -0.256288 0.0 -0.210198 -0.256006 0.0 -0.210336 -0.255724 0.0 -0.210476 -0.255443 0.0 -0.210616 -0.255162 0.0 -0.210758 -0.254881 0.0 -0.210899 -0.254601 0.0 -0.211043 -0.254321 0.0 -0.211186 -0.254042 0.0 -0.211332 -0.253763 0.0 -0.211477 -0.253485 0.0 -0.211624 -0.253207 0.0 -0.211771 -0.25293 0.0 -0.21192 -0.252653 0.0 -0.212068 -0.252376 0.0 -0.212219 -0.2521 0.0 -0.212369 -0.251825 0.0 -0.212522 -0.25155 0.0 -0.212674 -0.251275 0.0 -0.212828 -0.251001 0.0 -0.212982 -0.250727 0.0 -0.213137 -0.250454 0.0 -0.213293 -0.250181 0.0 -0.21345 -0.24991 0.0 -0.213608 -0.249638 0.0 -0.213767 -0.249367 0.0 -0.213926 -0.249096 0.0 -0.214087 -0.248826 0.0 -0.214247 -0.248556 0.0 -0.21441 -0.248287 0.0 -0.214572 -0.248018 0.0 -0.214736 -0.24775 0.0 -0.214901 -0.247483 0.0 -0.215066 -0.247216 0.0 -0.215232 -0.246949 0.0 -0.2154 -0.246683 0.0 -0.215567 -0.246417 0.0 -0.215736 -0.246153 0.0 -0.215906 -0.245888 0.0 -0.216076 -0.245624 0.0 -0.216247 -0.245361 0.0 -0.21642 -0.245098 0.0 -0.216592 -0.244835 0.0 -0.216766 -0.244574 0.0 -0.21694 -0.244312 0.0 -0.217116 -0.244052 0.0 -0.217292 -0.243792 0.0 -0.217469 -0.243532 0.0 -0.217647 -0.243273 0.0 -0.217826 -0.243015 0.0 -0.218005 -0.242757 0.0 -0.218185 -0.2425 0.0 -0.218366 -0.242243 0.0 -0.218548 -0.241987 0.0 -0.218731 -0.241731 0.0 -0.218914 -0.241476 0.0 -0.219098 -0.241221 0.0 -0.219284 -0.240968 0.0 -0.219469 -0.240714 0.0 -0.219656 -0.240462 0.0 -0.219843 -0.24021 0.0 -0.220032 -0.239958 0.0 -0.220221 -0.239707 0.0 -0.220411 -0.239457 0.0 -0.220601 -0.239207 0.0 -0.220793 -0.238958 0.0 -0.220984 -0.238709 0.0 -0.221178 -0.238462 0.0 -0.221371 -0.238214 0.0 -0.221566 -0.237968 0.0 -0.221761 -0.237721 0.0 -0.221957 -0.237476 0.0 -0.222154 -0.237231 0.0 -0.222352 -0.236987 0.0 -0.22255 -0.236743 0.0 -0.222749 -0.2365 0.0 -0.222949 -0.236258 0.0 -0.22315 -0.236016 0.0 -0.223351 -0.235775 0.0 -0.223553 -0.235535 0.0 -0.223756 -0.235294 0.0 -0.22396 -0.235056 0.0 -0.224164 -0.234817 0.0 -0.224369 -0.234579 0.0 -0.224575 -0.234341 0.0 -0.224782 -0.234105 0.0 -0.224989 -0.233869 0.0 -0.225197 -0.233634 0.0 -0.225406 -0.233399 0.0 -0.225616 -0.233165 0.0 -0.225826 -0.232931 0.0 -0.226037 -0.232699 0.0 -0.226249 -0.232467 0.0 -0.226462 -0.232236 0.0 -0.226674 -0.232005 0.0 -0.226889 -0.231775 0.0 -0.227103 -0.231545 0.0 -0.227319 -0.231317 0.0 -0.227535 -0.231089 0.0 -0.227752 -0.230862 0.0 -0.227969 -0.230635 0.0 -0.228188 -0.230409 0.0 -0.228406 -0.230183 0.0 -0.228626 -0.229959 0.0 -0.228846 -0.229735 0.0 -0.229068 -0.229512 0.0 -0.229289 -0.229289 0.0 -0.229512 -0.229068 0.0 -0.229735 -0.228846 0.0 -0.229959 -0.228626 0.0 -0.230183 -0.228406 0.0 -0.230409 -0.228188 0.0 -0.230635 -0.227969 0.0 -0.230862 -0.227752 0.0 -0.231089 -0.227535 0.0 -0.231317 -0.227319 0.0 -0.231545 -0.227103 0.0 -0.231775 -0.226889 0.0 -0.232005 -0.226674 0.0 -0.232236 -0.226462 0.0 -0.232467 -0.226249 0.0 -0.232699 -0.226037 0.0 -0.232931 -0.225826 0.0 -0.233165 -0.225616 0.0 -0.233399 -0.225406 0.0 -0.233634 -0.225197 0.0 -0.233869 -0.224989 0.0 -0.234105 -0.224782 0.0 -0.234341 -0.224575 0.0 -0.234579 -0.224369 0.0 -0.234817 -0.224164 0.0 -0.235056 -0.22396 0.0 -0.235294 -0.223756 0.0 -0.235535 -0.223553 0.0 -0.235775 -0.223351 0.0 -0.236016 -0.22315 0.0 -0.236258 -0.222949 0.0 -0.2365 -0.222749 0.0 -0.236743 -0.22255 0.0 -0.236987 -0.222352 0.0 -0.237231 -0.222154 0.0 -0.237476 -0.221957 0.0 -0.237721 -0.221761 0.0 -0.237968 -0.221566 0.0 -0.238214 -0.221371 0.0 -0.238462 -0.221178 0.0 -0.238709 -0.220984 0.0 -0.238958 -0.220793 0.0 -0.239207 -0.220601 0.0 -0.239457 -0.220411 0.0 -0.239707 -0.220221 0.0 -0.239958 -0.220032 0.0 -0.24021 -0.219843 0.0 -0.240462 -0.219656 0.0 -0.240714 -0.219469 0.0 -0.240968 -0.219284 0.0 -0.241221 -0.219098 0.0 -0.241476 -0.218914 0.0 -0.241731 -0.218731 0.0 -0.241987 -0.218548 0.0 -0.242243 -0.218366 0.0 -0.2425 -0.218185 0.0 -0.242757 -0.218005 0.0 -0.243015 -0.217826 0.0 -0.243273 -0.217647 0.0 -0.243532 -0.217469 0.0 -0.243792 -0.217292 0.0 -0.244052 -0.217116 0.0 -0.244312 -0.21694 0.0 -0.244574 -0.216766 0.0 -0.244835 -0.216592 0.0 -0.245098 -0.21642 0.0 -0.245361 -0.216247 0.0 -0.245624 -0.216076 0.0 -0.245888 -0.215906 0.0 -0.246153 -0.215736 0.0 -0.246417 -0.215567 0.0 -0.246683 -0.2154 0.0 -0.246949 -0.215232 0.0 -0.247216 -0.215066 0.0 -0.247483 -0.214901 0.0 -0.24775 -0.214736 0.0 -0.248018 -0.214572 0.0 -0.248287 -0.21441 0.0 -0.248556 -0.214247 0.0 -0.248826 -0.214087 0.0 -0.249096 -0.213926 0.0 -0.249367 -0.213767 0.0 -0.249638 -0.213608 0.0 -0.24991 -0.21345 0.0 -0.250181 -0.213293 0.0 -0.250454 -0.213137 0.0 -0.250727 -0.212982 0.0 -0.251001 -0.212828 0.0 -0.251275 -0.212674 0.0 -0.25155 -0.212522 0.0 -0.251825 -0.212369 0.0 -0.2521 -0.212219 0.0 -0.252376 -0.212068 0.0 -0.252653 -0.21192 0.0 -0.25293 -0.211771 0.0 -0.253207 -0.211624 0.0 -0.253485 -0.211477 0.0 -0.253763 -0.211332 0.0 -0.254042 -0.211186 0.0 -0.254321 -0.211043 0.0 -0.254601 -0.210899 0.0 -0.254881 -0.210758 0.0 -0.255162 -0.210616 0.0 -0.255443 -0.210476 0.0 -0.255724 -0.210336 0.0 -0.256006 -0.210198 0.0 -0.256288 -0.210059 0.0 -0.256571 -0.209923 0.0 -0.256854 -0.209787 0.0 -0.257138 -0.209652 0.0 -0.257422 -0.209517 0.0 -0.257707 -0.209384 0.0 -0.257991 -0.209252 0.0 -0.258277 -0.20912 0.0 -0.258562 -0.208989 0.0 -0.258849 -0.20886 0.0 -0.259135 -0.208731 0.0 -0.259422 -0.208603 0.0 -0.259709 -0.208476 0.0 -0.259997 -0.20835 0.0 -0.260285 -0.208225 0.0 -0.260574 -0.208101 0.0 -0.260863 -0.207977 0.0 -0.261152 -0.207855 0.0 -0.261442 -0.207733 0.0 -0.261732 -0.207613 0.0 -0.262022 -0.207492 0.0 -0.262313 -0.207374 0.0 -0.262604 -0.207255 0.0 -0.262896 -0.207139 0.0 -0.263188 -0.207022 0.0 -0.26348 -0.206908 0.0 -0.263772 -0.206793 0.0 -0.264066 -0.20668 0.0 -0.264359 -0.206567 0.0 -0.264653 -0.206456 0.0 -0.264947 -0.206345 0.0 -0.265241 -0.206236 0.0 -0.265536 -0.206127 0.0 -0.265831 -0.206019 0.0 -0.266126 -0.205912 0.0 -0.266422 -0.205806 0.0 -0.266718 -0.205701 0.0 -0.267015 -0.205597 0.0 -0.267311 -0.205494 0.0 -0.267608 -0.205392 0.0 -0.267906 -0.20529 0.0 -0.268203 -0.20519 0.0 -0.268501 -0.20509 0.0 -0.2688 -0.204992 0.0 -0.269098 -0.204894 0.0 -0.269397 -0.204798 0.0 -0.269696 -0.204702 0.0 -0.269996 -0.204608 0.0 -0.270296 -0.204514 0.0 -0.270596 -0.204421 0.0 -0.270896 -0.204329 0.0 -0.271197 -0.204238 0.0 -0.271498 -0.204148 0.0 -0.271799 -0.204059 0.0 -0.272101 -0.203971 0.0 -0.272403 -0.203884 0.0 -0.272705 -0.203797 0.0 -0.273007 -0.203712 0.0 -0.27331 -0.203628 0.0 -0.273613 -0.203545 0.0 -0.273916 -0.203462 0.0 -0.274219 -0.203381 0.0 -0.274523 -0.2033 0.0 -0.274827 -0.203221 0.0 -0.275131 -0.203142 0.0 -0.275436 -0.203065 0.0 -0.27574 -0.202987 0.0 -0.276045 -0.202912 0.0 -0.27635 -0.202837 0.0 -0.276656 -0.202763 0.0 -0.276961 -0.20269 0.0 -0.277267 -0.202619 0.0 -0.277573 -0.202547 0.0 -0.277879 -0.202478 0.0 -0.278186 -0.202408 0.0 -0.278492 -0.202341 0.0 -0.278799 -0.202273 0.0 -0.279107 -0.202208 0.0 -0.279414 -0.202142 0.0 -0.279721 -0.202078 0.0 -0.280029 -0.202014 0.0 -0.280337 -0.201953 0.0 -0.280645 -0.201891 0.0 -0.280953 -0.201831 0.0 -0.281262 -0.201771 0.0 -0.281571 -0.201713 0.0 -0.281879 -0.201655 0.0 -0.282189 -0.2016 0.0 -0.282498 -0.201544 0.0 -0.282807 -0.20149 0.0 -0.283117 -0.201436 0.0 -0.283426 -0.201383 0.0 -0.283736 -0.201331 0.0 -0.284046 -0.201281 0.0 -0.284357 -0.201231 0.0 -0.284667 -0.201183 0.0 -0.284977 -0.201135 0.0 -0.285288 -0.201089 0.0 -0.285599 -0.201042 0.0 -0.28591 -0.200998 0.0 -0.286221 -0.200954 0.0 -0.286532 -0.200912 0.0 -0.286844 -0.200869 0.0 -0.287155 -0.200829 0.0 -0.287467 -0.200789 0.0 -0.287778 -0.20075 0.0 -0.28809 -0.200712 0.0 -0.288402 -0.200675 0.0 -0.288714 -0.200639 0.0 -0.289027 -0.200604 0.0 -0.289339 -0.20057 0.0 -0.289651 -0.200537 0.0 -0.289964 -0.200505 0.0 -0.290276 -0.200474 0.0 -0.290589 -0.200444 0.0 -0.290902 -0.200415 0.0 -0.291215 -0.200387 0.0 -0.291528 -0.20036 0.0 -0.291841 -0.200333 0.0 -0.292154 -0.200309 0.0 -0.292467 -0.200284 0.0 -0.292781 -0.200261 0.0 -0.293094 -0.200239 0.0 -0.293407 -0.200218 0.0 -0.293721 -0.200197 0.0 -0.294035 -0.200179 0.0 -0.294348 -0.20016 0.0 -0.294662 -0.200143 0.0 -0.294976 -0.200126 0.0 -0.295289 -0.200112 0.0 -0.295603 -0.200097 0.0 -0.295917 -0.200084 0.0 -0.296231 -0.200071 0.0 -0.296545 -0.20006 0.0 -0.296859 -0.200049 0.0 -0.297173 -0.20004 0.0 -0.297487 -0.200032 0.0 -0.297801 -0.200025 0.0 -0.298115 -0.200018 0.0 -0.298429 -0.200013 0.0 -0.298743 -0.200008 0.0 -0.299058 -0.200005 0.0 -0.299372 -0.200002 0.0 -0.299686 -0.200001 0.0 -0.3 -0.2 0.0 -0.300314 -0.200001 0.0 -0.300628 -0.200002 0.0 -0.300942 -0.200005 0.0 -0.301257 -0.200008 0.0 -0.301571 -0.200013 0.0 -0.301885 -0.200018 0.0 -0.302199 -0.200025 0.0 -0.302513 -0.200032 0.0 -0.302827 -0.20004 0.0 -0.303141 -0.200049 0.0 -0.303455 -0.20006 0.0 -0.303769 -0.200071 0.0 -0.304083 -0.200084 0.0 -0.304397 -0.200097 0.0 -0.304711 -0.200112 0.0 -0.305024 -0.200126 0.0 -0.305338 -0.200143 0.0 -0.305652 -0.20016 0.0 -0.305965 -0.200179 0.0 -0.306279 -0.200197 0.0 -0.306593 -0.200218 0.0 -0.306906 -0.200239 0.0 -0.307219 -0.200261 0.0 -0.307533 -0.200284 0.0 -0.307846 -0.200309 0.0 -0.308159 -0.200333 0.0 -0.308472 -0.20036 0.0 -0.308785 -0.200387 0.0 -0.309098 -0.200415 0.0 -0.309411 -0.200444 0.0 -0.309724 -0.200474 0.0 -0.310036 -0.200505 0.0 -0.310349 -0.200537 0.0 -0.310661 -0.20057 0.0 -0.310973 -0.200604 0.0 -0.311286 -0.200639 0.0 -0.311598 -0.200675 0.0 -0.31191 -0.200712 0.0 -0.312222 -0.20075 0.0 -0.312533 -0.200789 0.0 -0.312845 -0.200829 0.0 -0.313156 -0.200869 0.0 -0.313468 -0.200912 0.0 -0.313779 -0.200954 0.0 -0.31409 -0.200998 0.0 -0.314401 -0.201042 0.0 -0.314712 -0.201089 0.0 -0.315023 -0.201135 0.0 -0.315333 -0.201183 0.0 -0.315643 -0.201231 0.0 -0.315954 -0.201281 0.0 -0.316264 -0.201331 0.0 -0.316574 -0.201383 0.0 -0.316883 -0.201436 0.0 -0.317193 -0.20149 0.0 -0.317502 -0.201544 0.0 -0.317811 -0.2016 0.0 -0.318121 -0.201655 0.0 -0.318429 -0.201713 0.0 -0.318738 -0.201771 0.0 -0.319047 -0.201831 0.0 -0.319355 -0.201891 0.0 -0.319663 -0.201953 0.0 -0.319971 -0.202014 0.0 -0.320279 -0.202078 0.0 -0.320586 -0.202142 0.0 -0.320893 -0.202208 0.0 -0.321201 -0.202273 0.0 -0.321508 -0.202341 0.0 -0.321814 -0.202408 0.0 -0.322121 -0.202478 0.0 -0.322427 -0.202547 0.0 -0.322733 -0.202619 0.0 -0.323039 -0.20269 0.0 -0.323344 -0.202763 0.0 -0.32365 -0.202837 0.0 -0.323955 -0.202912 0.0 -0.32426 -0.202987 0.0 -0.324564 -0.203065 0.0 -0.324869 -0.203142 0.0 -0.325173 -0.203221 0.0 -0.325477 -0.2033 0.0 -0.325781 -0.203381 0.0 -0.326084 -0.203462 0.0 -0.326387 -0.203545 0.0 -0.32669 -0.203628 0.0 -0.326993 -0.203712 0.0 -0.327295 -0.203797 0.0 -0.327597 -0.203884 0.0 -0.327899 -0.203971 0.0 -0.328201 -0.204059 0.0 -0.328502 -0.204148 0.0 -0.328803 -0.204238 0.0 -0.329104 -0.204329 0.0 -0.329404 -0.204421 0.0 -0.329704 -0.204514 0.0 -0.330004 -0.204608 0.0 -0.330304 -0.204702 0.0 -0.330603 -0.204798 0.0 -0.330902 -0.204894 0.0 -0.3312 -0.204992 0.0 -0.331499 -0.20509 0.0 -0.331797 -0.20519 0.0 -0.332094 -0.20529 0.0 -0.332392 -0.205392 0.0 -0.332689 -0.205494 0.0 -0.332985 -0.205597 0.0 -0.333282 -0.205701 0.0 -0.333578 -0.205806 0.0 -0.333874 -0.205912 0.0 -0.334169 -0.206019 0.0 -0.334464 -0.206127 0.0 -0.334759 -0.206236 0.0 -0.335053 -0.206345 0.0 -0.335347 -0.206456 0.0 -0.335641 -0.206567 0.0 -0.335934 -0.20668 0.0 -0.336228 -0.206793 0.0 -0.33652 -0.206908 0.0 -0.336812 -0.207022 0.0 -0.337104 -0.207139 0.0 -0.337396 -0.207255 0.0 -0.337687 -0.207374 0.0 -0.337978 -0.207492 0.0 -0.338268 -0.207613 0.0 -0.338558 -0.207733 0.0 -0.338848 -0.207855 0.0 -0.339137 -0.207977 0.0 -0.339426 -0.208101 0.0 -0.339715 -0.208225 0.0 -0.340003 -0.20835 0.0 -0.340291 -0.208476 0.0 -0.340578 -0.208603 0.0 -0.340865 -0.208731 0.0 -0.341151 -0.20886 0.0 -0.341438 -0.208989 0.0 -0.341723 -0.20912 0.0 -0.342009 -0.209252 0.0 -0.342293 -0.209384 0.0 -0.342578 -0.209517 0.0 -0.342862 -0.209652 0.0 -0.343146 -0.209787 0.0 -0.343429 -0.209923 0.0 -0.343712 -0.210059 0.0 -0.343994 -0.210198 0.0 -0.344276 -0.210336 0.0 -0.344557 -0.210476 0.0 -0.344838 -0.210616 0.0 -0.345119 -0.210758 0.0 -0.345399 -0.210899 0.0 -0.345679 -0.211043 0.0 -0.345958 -0.211186 0.0 -0.346237 -0.211332 0.0 -0.346515 -0.211477 0.0 -0.346793 -0.211624 0.0 -0.34707 -0.211771 0.0 -0.347347 -0.21192 0.0 -0.347624 -0.212068 0.0 -0.3479 -0.212219 0.0 -0.348175 -0.212369 0.0 -0.34845 -0.212522 0.0 -0.348725 -0.212674 0.0 -0.348999 -0.212828 0.0 -0.349273 -0.212982 0.0 -0.349546 -0.213137 0.0 -0.349819 -0.213293 0.0 -0.35009 -0.21345 0.0 -0.350362 -0.213608 0.0 -0.350633 -0.213767 0.0 -0.350904 -0.213926 0.0 -0.351174 -0.214087 0.0 -0.351444 -0.214247 0.0 -0.351713 -0.21441 0.0 -0.351982 -0.214572 0.0 -0.35225 -0.214736 0.0 -0.352517 -0.214901 0.0 -0.352784 -0.215066 0.0 -0.353051 -0.215232 0.0 -0.353317 -0.2154 0.0 -0.353583 -0.215567 0.0 -0.353847 -0.215736 0.0 -0.354112 -0.215906 0.0 -0.354376 -0.216076 0.0 -0.354639 -0.216247 0.0 -0.354902 -0.21642 0.0 -0.355165 -0.216592 0.0 -0.355426 -0.216766 0.0 -0.355688 -0.21694 0.0 -0.355948 -0.217116 0.0 -0.356208 -0.217292 0.0 -0.356468 -0.217469 0.0 -0.356727 -0.217647 0.0 -0.356985 -0.217826 0.0 -0.357243 -0.218005 0.0 -0.3575 -0.218185 0.0 -0.357757 -0.218366 0.0 -0.358013 -0.218548 0.0 -0.358269 -0.218731 0.0 -0.358524 -0.218914 0.0 -0.358779 -0.219098 0.0 -0.359032 -0.219284 0.0 -0.359286 -0.219469 0.0 -0.359538 -0.219656 0.0 -0.35979 -0.219843 0.0 -0.360042 -0.220032 0.0 -0.360293 -0.220221 0.0 -0.360543 -0.220411 0.0 -0.360793 -0.220601 0.0 -0.361042 -0.220793 0.0 -0.361291 -0.220984 0.0 -0.361538 -0.221178 0.0 -0.361786 -0.221371 0.0 -0.362032 -0.221566 0.0 -0.362279 -0.221761 0.0 -0.362524 -0.221957 0.0 -0.362769 -0.222154 0.0 -0.363013 -0.222352 0.0 -0.363257 -0.22255 0.0 -0.3635 -0.222749 0.0 -0.363742 -0.222949 0.0 -0.363984 -0.22315 0.0 -0.364225 -0.223351 0.0 -0.364465 -0.223553 0.0 -0.364706 -0.223756 0.0 -0.364944 -0.22396 0.0 -0.365183 -0.224164 0.0 -0.365421 -0.224369 0.0 -0.365659 -0.224575 0.0 -0.365895 -0.224782 0.0 -0.366131 -0.224989 0.0 -0.366366 -0.225197 0.0 -0.366601 -0.225406 0.0 -0.366835 -0.225616 0.0 -0.367069 -0.225826 0.0 -0.367301 -0.226037 0.0 -0.367533 -0.226249 0.0 -0.367764 -0.226462 0.0 -0.367995 -0.226674 0.0 -0.368225 -0.226889 0.0 -0.368455 -0.227103 0.0 -0.368683 -0.227319 0.0 -0.368911 -0.227535 0.0 -0.369138 -0.227752 0.0 -0.369365 -0.227969 0.0 -0.369591 -0.228188 0.0 -0.369817 -0.228406 0.0 -0.370041 -0.228626 0.0 -0.370265 -0.228846 0.0 -0.370488 -0.229068 0.0 -0.370711 -0.229289 0.0 -0.370932 -0.229512 0.0 -0.371154 -0.229735 0.0 -0.371374 -0.229959 0.0 -0.371594 -0.230183 0.0 -0.371812 -0.230409 0.0 -0.372031 -0.230635 0.0 -0.372248 -0.230862 0.0 -0.372465 -0.231089 0.0 -0.372681 -0.231317 0.0 -0.372897 -0.231545 0.0 -0.373111 -0.231775 0.0 -0.373326 -0.232005 0.0 -0.373538 -0.232236 0.0 -0.373751 -0.232467 0.0 -0.373963 -0.232699 0.0 -0.374174 -0.232931 0.0 -0.374384 -0.233165 0.0 -0.374594 -0.233399 0.0 -0.374803 -0.233634 0.0 -0.375011 -0.233869 0.0 -0.375218 -0.234105 0.0 -0.375425 -0.234341 0.0 -0.375631 -0.234579 0.0 -0.375836 -0.234817 0.0 -0.37604 -0.235056 0.0 -0.376244 -0.235294 0.0 -0.376447 -0.235535 0.0 -0.376649 -0.235775 0.0 -0.37685 -0.236016 0.0 -0.377051 -0.236258 0.0 -0.377251 -0.2365 0.0 -0.37745 -0.236743 0.0 -0.377648 -0.236987 0.0 -0.377846 -0.237231 0.0 -0.378043 -0.237476 0.0 -0.378239 -0.237721 0.0 -0.378434 -0.237968 0.0 -0.378629 -0.238214 0.0 -0.378822 -0.238462 0.0 -0.379016 -0.238709 0.0 -0.379207 -0.238958 0.0 -0.379399 -0.239207 0.0 -0.379589 -0.239457 0.0 -0.379779 -0.239707 0.0 -0.379968 -0.239958 0.0 -0.380157 -0.24021 0.0 -0.380344 -0.240462 0.0 -0.380531 -0.240714 0.0 -0.380716 -0.240968 0.0 -0.380902 -0.241221 0.0 -0.381086 -0.241476 0.0 -0.381269 -0.241731 0.0 -0.381452 -0.241987 0.0 -0.381634 -0.242243 0.0 -0.381815 -0.2425 0.0 -0.381995 -0.242757 0.0 -0.382174 -0.243015 0.0 -0.382353 -0.243273 0.0 -0.382531 -0.243532 0.0 -0.382708 -0.243792 0.0 -0.382884 -0.244052 0.0 -0.38306 -0.244312 0.0 -0.383234 -0.244574 0.0 -0.383408 -0.244835 0.0 -0.38358 -0.245098 0.0 -0.383753 -0.245361 0.0 -0.383924 -0.245624 0.0 -0.384094 -0.245888 0.0 -0.384264 -0.246153 0.0 -0.384433 -0.246417 0.0 -0.3846 -0.246683 0.0 -0.384768 -0.246949 0.0 -0.384934 -0.247216 0.0 -0.385099 -0.247483 0.0 -0.385264 -0.24775 0.0 -0.385428 -0.248018 0.0 -0.38559 -0.248287 0.0 -0.385753 -0.248556 0.0 -0.385913 -0.248826 0.0 -0.386074 -0.249096 0.0 -0.386233 -0.249367 0.0 -0.386392 -0.249638 0.0 -0.38655 -0.24991 0.0 -0.386707 -0.250181 0.0 -0.386863 -0.250454 0.0 -0.387018 -0.250727 0.0 -0.387172 -0.251001 0.0 -0.387326 -0.251275 0.0 -0.387478 -0.25155 0.0 -0.387631 -0.251825 0.0 -0.387781 -0.2521 0.0 -0.387932 -0.252376 0.0 -0.38808 -0.252653 0.0 -0.388229 -0.25293 0.0 -0.388376 -0.253207 0.0 -0.388523 -0.253485 0.0 -0.388668 -0.253763 0.0 -0.388814 -0.254042 0.0 -0.388957 -0.254321 0.0 -0.389101 -0.254601 0.0 -0.389242 -0.254881 0.0 -0.389384 -0.255162 0.0 -0.389524 -0.255443 0.0 -0.389664 -0.255724 0.0 -0.389802 -0.256006 0.0 -0.389941 -0.256288 0.0 -0.390077 -0.256571 0.0 -0.390213 -0.256854 0.0 -0.390348 -0.257138 0.0 -0.390483 -0.257422 0.0 -0.390616 -0.257707 0.0 -0.390748 -0.257991 0.0 -0.39088 -0.258277 0.0 -0.391011 -0.258562 0.0 -0.39114 -0.258849 0.0 -0.391269 -0.259135 0.0 -0.391397 -0.259422 0.0 -0.391524 -0.259709 0.0 -0.39165 -0.259997 0.0 -0.391775 -0.260285 0.0 -0.391899 -0.260574 0.0 -0.392023 -0.260863 0.0 -0.392145 -0.261152 0.0 -0.392267 -0.261442 0.0 -0.392387 -0.261732 0.0 -0.392508 -0.262022 0.0 -0.392626 -0.262313 0.0 -0.392745 -0.262604 0.0 -0.392861 -0.262896 0.0 -0.392978 -0.263188 0.0 -0.393092 -0.26348 0.0 -0.393207 -0.263772 0.0 -0.39332 -0.264066 0.0 -0.393433 -0.264359 0.0 -0.393544 -0.264653 0.0 -0.393655 -0.264947 0.0 -0.393764 -0.265241 0.0 -0.393873 -0.265536 0.0 -0.393981 -0.265831 0.0 -0.394088 -0.266126 0.0 -0.394194 -0.266422 0.0 -0.394299 -0.266718 0.0 -0.394403 -0.267015 0.0 -0.394506 -0.267311 0.0 -0.394608 -0.267608 0.0 -0.39471 -0.267906 0.0 -0.39481 -0.268203 0.0 -0.39491 -0.268501 0.0 -0.395008 -0.2688 0.0 -0.395106 -0.269098 0.0 -0.395202 -0.269397 0.0 -0.395298 -0.269696 0.0 -0.395392 -0.269996 0.0 -0.395486 -0.270296 0.0 -0.395579 -0.270596 0.0 -0.395671 -0.270896 0.0 -0.395762 -0.271197 0.0 -0.395852 -0.271498 0.0 -0.395941 -0.271799 0.0 -0.396029 -0.272101 0.0 -0.396116 -0.272403 0.0 -0.396203 -0.272705 0.0 -0.396288 -0.273007 0.0 -0.396372 -0.27331 0.0 -0.396455 -0.273613 0.0 -0.396538 -0.273916 0.0 -0.396619 -0.274219 0.0 -0.3967 -0.274523 0.0 -0.396779 -0.274827 0.0 -0.396858 -0.275131 0.0 -0.396935 -0.275436 0.0 -0.397013 -0.27574 0.0 -0.397088 -0.276045 0.0 -0.397163 -0.27635 0.0 -0.397237 -0.276656 0.0 -0.39731 -0.276961 0.0 -0.397381 -0.277267 0.0 -0.397453 -0.277573 0.0 -0.397522 -0.277879 0.0 -0.397592 -0.278186 0.0 -0.397659 -0.278492 0.0 -0.397727 -0.278799 0.0 -0.397792 -0.279107 0.0 -0.397858 -0.279414 0.0 -0.397922 -0.279721 0.0 -0.397986 -0.280029 0.0 -0.398047 -0.280337 0.0 -0.398109 -0.280645 0.0 -0.398169 -0.280953 0.0 -0.398229 -0.281262 0.0 -0.398287 -0.281571 0.0 -0.398345 -0.281879 0.0 -0.3984 -0.282189 0.0 -0.398456 -0.282498 0.0 -0.39851 -0.282807 0.0 -0.398564 -0.283117 0.0 -0.398617 -0.283426 0.0 -0.398669 -0.283736 0.0 -0.398719 -0.284046 0.0 -0.398769 -0.284357 0.0 -0.398817 -0.284667 0.0 -0.398865 -0.284977 0.0 -0.398911 -0.285288 0.0 -0.398958 -0.285599 0.0 -0.399002 -0.28591 0.0 -0.399046 -0.286221 0.0 -0.399088 -0.286532 0.0 -0.399131 -0.286844 0.0 -0.399171 -0.287155 0.0 -0.399211 -0.287467 0.0 -0.39925 -0.287778 0.0 -0.399288 -0.28809 0.0 -0.399325 -0.288402 0.0 -0.399361 -0.288714 0.0 -0.399396 -0.289027 0.0 -0.39943 -0.289339 0.0 -0.399463 -0.289651 0.0 -0.399495 -0.289964 0.0 -0.399526 -0.290276 0.0 -0.399556 -0.290589 0.0 -0.399585 -0.290902 0.0 -0.399613 -0.291215 0.0 -0.39964 -0.291528 0.0 -0.399667 -0.291841 0.0 -0.399691 -0.292154 0.0 -0.399716 -0.292467 0.0 -0.399739 -0.292781 0.0 -0.399761 -0.293094 0.0 -0.399782 -0.293407 0.0 -0.399803 -0.293721 0.0 -0.399821 -0.294035 0.0 -0.39984 -0.294348 0.0 -0.399857 -0.294662 0.0 -0.399874 -0.294976 0.0 -0.399888 -0.295289 0.0 -0.399903 -0.295603 0.0 -0.399916 -0.295917 0.0 -0.399929 -0.296231 0.0 -0.39994 -0.296545 0.0 -0.399951 -0.296859 0.0 -0.39996 -0.297173 0.0 -0.399968 -0.297487 0.0 -0.399975 -0.297801 0.0 -0.399982 -0.298115 0.0 -0.399987 -0.298429 0.0 -0.399992 -0.298743 0.0 -0.399995 -0.299058 0.0 -0.399998 -0.299372 0.0 -0.399999 -0.299686 0.0 -0.4 -0.3 0.0 -0.399999 -0.300314 0.0 -0.399998 -0.300628 0.0 -0.399995 -0.300942 0.0 -0.399992 -0.301257 0.0 -0.399987 -0.301571 0.0 -0.399982 -0.301885 0.0 -0.399975 -0.302199 0.0 -0.399968 -0.302513 0.0 -0.39996 -0.302827 0.0 -0.399951 -0.303141 0.0 -0.39994 -0.303455 0.0 -0.399929 -0.303769 0.0 -0.399916 -0.304083 0.0 -0.399903 -0.304397 0.0 -0.399888 -0.304711 0.0 -0.399874 -0.305024 0.0 -0.399857 -0.305338 0.0 -0.39984 -0.305652 0.0 -0.399821 -0.305965 0.0 -0.399803 -0.306279 0.0 -0.399782 -0.306593 0.0 -0.399761 -0.306906 0.0 -0.399739 -0.307219 0.0 -0.399716 -0.307533 0.0 -0.399691 -0.307846 0.0 -0.399667 -0.308159 0.0 -0.39964 -0.308472 0.0 -0.399613 -0.308785 0.0 -0.399585 -0.309098 0.0 -0.399556 -0.309411 0.0 -0.399526 -0.309724 0.0 -0.399495 -0.310036 0.0 -0.399463 -0.310349 0.0 -0.39943 -0.310661 0.0 -0.399396 -0.310973 0.0 -0.399361 -0.311286 0.0 -0.399325 -0.311598 0.0 -0.399288 -0.31191 0.0 -0.39925 -0.312222 0.0 -0.399211 -0.312533 0.0 -0.399171 -0.312845 0.0 -0.399131 -0.313156 0.0 -0.399088 -0.313468 0.0 -0.399046 -0.313779 0.0 -0.399002 -0.31409 0.0 -0.398958 -0.314401 0.0 -0.398911 -0.314712 0.0 -0.398865 -0.315023 0.0 -0.398817 -0.315333 0.0 -0.398769 -0.315643 0.0 -0.398719 -0.315954 0.0 -0.398669 -0.316264 0.0 -0.398617 -0.316574 0.0 -0.398564 -0.316883 0.0 -0.39851 -0.317193 0.0 -0.398456 -0.317502 0.0 -0.3984 -0.317811 0.0 -0.398345 -0.318121 0.0 -0.398287 -0.318429 0.0 -0.398229 -0.318738 0.0 -0.398169 -0.319047 0.0 -0.398109 -0.319355 0.0 -0.398047 -0.319663 0.0 -0.397986 -0.319971 0.0 -0.397922 -0.320279 0.0 -0.397858 -0.320586 0.0 -0.397792 -0.320893 0.0 -0.397727 -0.321201 0.0 -0.397659 -0.321508 0.0 -0.397592 -0.321814 0.0 -0.397522 -0.322121 0.0 -0.397453 -0.322427 0.0 -0.397381 -0.322733 0.0 -0.39731 -0.323039 0.0 -0.397237 -0.323344 0.0 -0.397163 -0.32365 0.0 -0.397088 -0.323955 0.0 -0.397013 -0.32426 0.0 -0.396935 -0.324564 0.0 -0.396858 -0.324869 0.0 -0.396779 -0.325173 0.0 -0.3967 -0.325477 0.0 -0.396619 -0.325781 0.0 -0.396538 -0.326084 0.0 -0.396455 -0.326387 0.0 -0.396372 -0.32669 0.0 -0.396288 -0.326993 0.0 -0.396203 -0.327295 0.0 -0.396116 -0.327597 0.0 -0.396029 -0.327899 0.0 -0.395941 -0.328201 0.0 -0.395852 -0.328502 0.0 -0.395762 -0.328803 0.0 -0.395671 -0.329104 0.0 -0.395579 -0.329404 0.0 -0.395486 -0.329704 0.0 -0.395392 -0.330004 0.0 -0.395298 -0.330304 0.0 -0.395202 -0.330603 0.0 -0.395106 -0.330902 0.0 -0.395008 -0.3312 0.0 -0.39491 -0.331499 0.0 -0.39481 -0.331797 0.0 -0.39471 -0.332094 0.0 -0.394608 -0.332392 0.0 -0.394506 -0.332689 0.0 -0.394403 -0.332985 0.0 -0.394299 -0.333282 0.0 -0.394194 -0.333578 0.0 -0.394088 -0.333874 0.0 -0.393981 -0.334169 0.0 -0.393873 -0.334464 0.0 -0.393764 -0.334759 0.0 -0.393655 -0.335053 0.0 -0.393544 -0.335347 0.0 -0.393433 -0.335641 0.0 -0.39332 -0.335934 0.0 -0.393207 -0.336228 0.0 -0.393092 -0.33652 0.0 -0.392978 -0.336812 0.0 -0.392861 -0.337104 0.0 -0.392745 -0.337396 0.0 -0.392626 -0.337687 0.0 -0.392508 -0.337978 0.0 -0.392387 -0.338268 0.0 -0.392267 -0.338558 0.0 -0.392145 -0.338848 0.0 -0.392023 -0.339137 0.0 -0.391899 -0.339426 0.0 -0.391775 -0.339715 0.0 -0.39165 -0.340003 0.0 -0.391524 -0.340291 0.0 -0.391397 -0.340578 0.0 -0.391269 -0.340865 0.0 -0.39114 -0.341151 0.0 -0.391011 -0.341438 0.0 -0.39088 -0.341723 0.0 -0.390748 -0.342009 0.0 -0.390616 -0.342293 0.0 -0.390483 -0.342578 0.0 -0.390348 -0.342862 0.0 -0.390213 -0.343146 0.0 -0.390077 -0.343429 0.0 -0.389941 -0.343712 0.0 -0.389802 -0.343994 0.0 -0.389664 -0.344276 0.0 -0.389524 -0.344557 0.0 -0.389384 -0.344838 0.0 -0.389242 -0.345119 0.0 -0.389101 -0.345399 0.0 -0.388957 -0.345679 0.0 -0.388814 -0.345958 0.0 -0.388668 -0.346237 0.0 -0.388523 -0.346515 0.0 -0.388376 -0.346793 0.0 -0.388229 -0.34707 0.0 -0.38808 -0.347347 0.0 -0.387932 -0.347624 0.0 -0.387781 -0.3479 0.0 -0.387631 -0.348175 0.0 -0.387478 -0.34845 0.0 -0.387326 -0.348725 0.0 -0.387172 -0.348999 0.0 -0.387018 -0.349273 0.0 -0.386863 -0.349546 0.0 -0.386707 -0.349819 0.0 -0.38655 -0.35009 0.0 -0.386392 -0.350362 0.0 -0.386233 -0.350633 0.0 -0.386074 -0.350904 0.0 -0.385913 -0.351174 0.0 -0.385753 -0.351444 0.0 -0.38559 -0.351713 0.0 -0.385428 -0.351982 0.0 -0.385264 -0.35225 0.0 -0.385099 -0.352517 0.0 -0.384934 -0.352784 0.0 -0.384768 -0.353051 0.0 -0.3846 -0.353317 0.0 -0.384433 -0.353583 0.0 -0.384264 -0.353847 0.0 -0.384094 -0.354112 0.0 -0.383924 -0.354376 0.0 -0.383753 -0.354639 0.0 -0.38358 -0.354902 0.0 -0.383408 -0.355165 0.0 -0.383234 -0.355426 0.0 -0.38306 -0.355688 0.0 -0.382884 -0.355948 0.0 -0.382708 -0.356208 0.0 -0.382531 -0.356468 0.0 -0.382353 -0.356727 0.0 -0.382174 -0.356985 0.0 -0.381995 -0.357243 0.0 -0.381815 -0.3575 0.0 -0.381634 -0.357757 0.0 -0.381452 -0.358013 0.0 -0.381269 -0.358269 0.0 -0.381086 -0.358524 0.0 -0.380902 -0.358779 0.0 -0.380716 -0.359032 0.0 -0.380531 -0.359286 0.0 -0.380344 -0.359538 0.0 -0.380157 -0.35979 0.0 -0.379968 -0.360042 0.0 -0.379779 -0.360293 0.0 -0.379589 -0.360543 0.0 -0.379399 -0.360793 0.0 -0.379207 -0.361042 0.0 -0.379016 -0.361291 0.0 -0.378822 -0.361538 0.0 -0.378629 -0.361786 0.0 -0.378434 -0.362032 0.0 -0.378239 -0.362279 0.0 -0.378043 -0.362524 0.0 -0.377846 -0.362769 0.0 -0.377648 -0.363013 0.0 -0.37745 -0.363257 0.0 -0.377251 -0.3635 0.0 -0.377051 -0.363742 0.0 -0.37685 -0.363984 0.0 -0.376649 -0.364225 0.0 -0.376447 -0.364465 0.0 -0.376244 -0.364706 0.0 -0.37604 -0.364944 0.0 -0.375836 -0.365183 0.0 -0.375631 -0.365421 0.0 -0.375425 -0.365659 0.0 -0.375218 -0.365895 0.0 -0.375011 -0.366131 0.0 -0.374803 -0.366366 0.0 -0.374594 -0.366601 0.0 -0.374384 -0.366835 0.0 -0.374174 -0.367069 0.0 -0.373963 -0.367301 0.0 -0.373751 -0.367533 0.0 -0.373538 -0.367764 0.0 -0.373326 -0.367995 0.0 -0.373111 -0.368225 0.0 -0.372897 -0.368455 0.0 -0.372681 -0.368683 0.0 -0.372465 -0.368911 0.0 -0.372248 -0.369138 0.0 -0.372031 -0.369365 0.0 -0.371812 -0.369591 0.0 -0.371594 -0.369817 0.0 -0.371374 -0.370041 0.0 -0.371154 -0.370265 0.0 -0.370932 -0.370488 0.0 -0.370711 -0.370711 0.0 -0.370488 -0.370932 0.0 -0.370265 -0.371154 0.0 -0.370041 -0.371374 0.0 -0.369817 -0.371594 0.0 -0.369591 -0.371812 0.0 -0.369365 -0.372031 0.0 -0.369138 -0.372248 0.0 -0.368911 -0.372465 0.0 -0.368683 -0.372681 0.0 -0.368455 -0.372897 0.0 -0.368225 -0.373111 0.0 -0.367995 -0.373326 0.0 -0.367764 -0.373538 0.0 -0.367533 -0.373751 0.0 -0.367301 -0.373963 0.0 -0.367069 -0.374174 0.0 -0.366835 -0.374384 0.0 -0.366601 -0.374594 0.0 -0.366366 -0.374803 0.0 -0.366131 -0.375011 0.0 -0.365895 -0.375218 0.0 -0.365659 -0.375425 0.0 -0.365421 -0.375631 0.0 -0.365183 -0.375836 0.0 -0.364944 -0.37604 0.0 -0.364706 -0.376244 0.0 -0.364465 -0.376447 0.0 -0.364225 -0.376649 0.0 -0.363984 -0.37685 0.0 -0.363742 -0.377051 0.0 -0.3635 -0.377251 0.0 -0.363257 -0.37745 0.0 -0.363013 -0.377648 0.0 -0.362769 -0.377846 0.0 -0.362524 -0.378043 0.0 -0.362279 -0.378239 0.0 -0.362032 -0.378434 0.0 -0.361786 -0.378629 0.0 -0.361538 -0.378822 0.0 -0.361291 -0.379016 0.0 -0.361042 -0.379207 0.0 -0.360793 -0.379399 0.0 -0.360543 -0.379589 0.0 -0.360293 -0.379779 0.0 -0.360042 -0.379968 0.0 -0.35979 -0.380157 0.0 -0.359538 -0.380344 0.0 -0.359286 -0.380531 0.0 -0.359032 -0.380716 0.0 -0.358779 -0.380902 0.0 -0.358524 -0.381086 0.0 -0.358269 -0.381269 0.0 -0.358013 -0.381452 0.0 -0.357757 -0.381634 0.0 -0.3575 -0.381815 0.0 -0.357243 -0.381995 0.0 -0.356985 -0.382174 0.0 -0.356727 -0.382353 0.0 -0.356468 -0.382531 0.0 -0.356208 -0.382708 0.0 -0.355948 -0.382884 0.0 -0.355688 -0.38306 0.0 -0.355426 -0.383234 0.0 -0.355165 -0.383408 0.0 -0.354902 -0.38358 0.0 -0.354639 -0.383753 0.0 -0.354376 -0.383924 0.0 -0.354112 -0.384094 0.0 -0.353847 -0.384264 0.0 -0.353583 -0.384433 0.0 -0.353317 -0.3846 0.0 -0.353051 -0.384768 0.0 -0.352784 -0.384934 0.0 -0.352517 -0.385099 0.0 -0.35225 -0.385264 0.0 -0.351982 -0.385428 0.0 -0.351713 -0.38559 0.0 -0.351444 -0.385753 0.0 -0.351174 -0.385913 0.0 -0.350904 -0.386074 0.0 -0.350633 -0.386233 0.0 -0.350362 -0.386392 0.0 -0.35009 -0.38655 0.0 -0.349819 -0.386707 0.0 -0.349546 -0.386863 0.0 -0.349273 -0.387018 0.0 -0.348999 -0.387172 0.0 -0.348725 -0.387326 0.0 -0.34845 -0.387478 0.0 -0.348175 -0.387631 0.0 -0.3479 -0.387781 0.0 -0.347624 -0.387932 0.0 -0.347347 -0.38808 0.0 -0.34707 -0.388229 0.0 -0.346793 -0.388376 0.0 -0.346515 -0.388523 0.0 -0.346237 -0.388668 0.0 -0.345958 -0.388814 0.0 -0.345679 -0.388957 0.0 -0.345399 -0.389101 0.0 -0.345119 -0.389242 0.0 -0.344838 -0.389384 0.0 -0.344557 -0.389524 0.0 -0.344276 -0.389664 0.0 -0.343994 -0.389802 0.0 -0.343712 -0.389941 0.0 -0.343429 -0.390077 0.0 -0.343146 -0.390213 0.0 -0.342862 -0.390348 0.0 -0.342578 -0.390483 0.0 -0.342293 -0.390616 0.0 -0.342009 -0.390748 0.0 -0.341723 -0.39088 0.0 -0.341438 -0.391011 0.0 -0.341151 -0.39114 0.0 -0.340865 -0.391269 0.0 -0.340578 -0.391397 0.0 -0.340291 -0.391524 0.0 -0.340003 -0.39165 0.0 -0.339715 -0.391775 0.0 -0.339426 -0.391899 0.0 -0.339137 -0.392023 0.0 -0.338848 -0.392145 0.0 -0.338558 -0.392267 0.0 -0.338268 -0.392387 0.0 -0.337978 -0.392508 0.0 -0.337687 -0.392626 0.0 -0.337396 -0.392745 0.0 -0.337104 -0.392861 0.0 -0.336812 -0.392978 0.0 -0.33652 -0.393092 0.0 -0.336228 -0.393207 0.0 -0.335934 -0.39332 0.0 -0.335641 -0.393433 0.0 -0.335347 -0.393544 0.0 -0.335053 -0.393655 0.0 -0.334759 -0.393764 0.0 -0.334464 -0.393873 0.0 -0.334169 -0.393981 0.0 -0.333874 -0.394088 0.0 -0.333578 -0.394194 0.0 -0.333282 -0.394299 0.0 -0.332985 -0.394403 0.0 -0.332689 -0.394506 0.0 -0.332392 -0.394608 0.0 -0.332094 -0.39471 0.0 -0.331797 -0.39481 0.0 -0.331499 -0.39491 0.0 -0.3312 -0.395008 0.0 -0.330902 -0.395106 0.0 -0.330603 -0.395202 0.0 -0.330304 -0.395298 0.0 -0.330004 -0.395392 0.0 -0.329704 -0.395486 0.0 -0.329404 -0.395579 0.0 -0.329104 -0.395671 0.0 -0.328803 -0.395762 0.0 -0.328502 -0.395852 0.0 -0.328201 -0.395941 0.0 -0.327899 -0.396029 0.0 -0.327597 -0.396116 0.0 -0.327295 -0.396203 0.0 -0.326993 -0.396288 0.0 -0.32669 -0.396372 0.0 -0.326387 -0.396455 0.0 -0.326084 -0.396538 0.0 -0.325781 -0.396619 0.0 -0.325477 -0.3967 0.0 -0.325173 -0.396779 0.0 -0.324869 -0.396858 0.0 -0.324564 -0.396935 0.0 -0.32426 -0.397013 0.0 -0.323955 -0.397088 0.0 -0.32365 -0.397163 0.0 -0.323344 -0.397237 0.0 -0.323039 -0.39731 0.0 -0.322733 -0.397381 0.0 -0.322427 -0.397453 0.0 -0.322121 -0.397522 0.0 -0.321814 -0.397592 0.0 -0.321508 -0.397659 0.0 -0.321201 -0.397727 0.0 -0.320893 -0.397792 0.0 -0.320586 -0.397858 0.0 -0.320279 -0.397922 0.0 -0.319971 -0.397986 0.0 -0.319663 -0.398047 0.0 -0.319355 -0.398109 0.0 -0.319047 -0.398169 0.0 -0.318738 -0.398229 0.0 -0.318429 -0.398287 0.0 -0.318121 -0.398345 0.0 -0.317811 -0.3984 0.0 -0.317502 -0.398456 0.0 -0.317193 -0.39851 0.0 -0.316883 -0.398564 0.0 -0.316574 -0.398617 0.0 -0.316264 -0.398669 0.0 -0.315954 -0.398719 0.0 -0.315643 -0.398769 0.0 -0.315333 -0.398817 0.0 -0.315023 -0.398865 0.0 -0.314712 -0.398911 0.0 -0.314401 -0.398958 0.0 -0.31409 -0.399002 0.0 -0.313779 -0.399046 0.0 -0.313468 -0.399088 0.0 -0.313156 -0.399131 0.0 -0.312845 -0.399171 0.0 -0.312533 -0.399211 0.0 -0.312222 -0.39925 0.0 -0.31191 -0.399288 0.0 -0.311598 -0.399325 0.0 -0.311286 -0.399361 0.0 -0.310973 -0.399396 0.0 -0.310661 -0.39943 0.0 -0.310349 -0.399463 0.0 -0.310036 -0.399495 0.0 -0.309724 -0.399526 0.0 -0.309411 -0.399556 0.0 -0.309098 -0.399585 0.0 -0.308785 -0.399613 0.0 -0.308472 -0.39964 0.0 -0.308159 -0.399667 0.0 -0.307846 -0.399691 0.0 -0.307533 -0.399716 0.0 -0.307219 -0.399739 0.0 -0.306906 -0.399761 0.0 -0.306593 -0.399782 0.0 -0.306279 -0.399803 0.0 -0.305965 -0.399821 0.0 -0.305652 -0.39984 0.0 -0.305338 -0.399857 0.0 -0.305024 -0.399874 0.0 -0.304711 -0.399888 0.0 -0.304397 -0.399903 0.0 -0.304083 -0.399916 0.0 -0.303769 -0.399929 0.0 -0.303455 -0.39994 0.0 -0.303141 -0.399951 0.0 -0.302827 -0.39996 0.0 -0.302513 -0.399968 0.0 -0.302199 -0.399975 0.0 -0.301885 -0.399982 0.0 -0.301571 -0.399987 0.0 -0.301257 -0.399992 0.0 -0.300942 -0.399995 0.0 -0.300628 -0.399998 0.0 -0.300314 -0.399999 0.0 -0.3 -0.4 0.0 -0.299686 -0.399999 0.0 -0.299372 -0.399998 0.0 -0.299058 -0.399995 0.0 -0.298743 -0.399992 0.0 -0.298429 -0.399987 0.0 -0.298115 -0.399982 0.0 -0.297801 -0.399975 0.0 -0.297487 -0.399968 0.0 -0.297173 -0.39996 0.0 -0.296859 -0.399951 0.0 -0.296545 -0.39994 0.0 -0.296231 -0.399929 0.0 -0.295917 -0.399916 0.0 -0.295603 -0.399903 0.0 -0.295289 -0.399888 0.0 -0.294976 -0.399874 0.0 -0.294662 -0.399857 0.0 -0.294348 -0.39984 0.0 -0.294035 -0.399821 0.0 -0.293721 -0.399803 0.0 -0.293407 -0.399782 0.0 -0.293094 -0.399761 0.0 -0.292781 -0.399739 0.0 -0.292467 -0.399716 0.0 -0.292154 -0.399691 0.0 -0.291841 -0.399667 0.0 -0.291528 -0.39964 0.0 -0.291215 -0.399613 0.0 -0.290902 -0.399585 0.0 -0.290589 -0.399556 0.0 -0.290276 -0.399526 0.0 -0.289964 -0.399495 0.0 -0.289651 -0.399463 0.0 -0.289339 -0.39943 0.0 -0.289027 -0.399396 0.0 -0.288714 -0.399361 0.0 -0.288402 -0.399325 0.0 -0.28809 -0.399288 0.0 -0.287778 -0.39925 0.0 -0.287467 -0.399211 0.0 -0.287155 -0.399171 0.0 -0.286844 -0.399131 0.0 -0.286532 -0.399088 0.0 -0.286221 -0.399046 0.0 -0.28591 -0.399002 0.0 -0.285599 -0.398958 0.0 -0.285288 -0.398911 0.0 -0.284977 -0.398865 0.0 -0.284667 -0.398817 0.0 -0.284357 -0.398769 0.0 -0.284046 -0.398719 0.0 -0.283736 -0.398669 0.0 -0.283426 -0.398617 0.0 -0.283117 -0.398564 0.0 -0.282807 -0.39851 0.0 -0.282498 -0.398456 0.0 -0.282189 -0.3984 0.0 -0.281879 -0.398345 0.0 -0.281571 -0.398287 0.0 -0.281262 -0.398229 0.0 -0.280953 -0.398169 0.0 -0.280645 -0.398109 0.0 -0.280337 -0.398047 0.0 -0.280029 -0.397986 0.0 -0.279721 -0.397922 0.0 -0.279414 -0.397858 0.0 -0.279107 -0.397792 0.0 -0.278799 -0.397727 0.0 -0.278492 -0.397659 0.0 -0.278186 -0.397592 0.0 -0.277879 -0.397522 0.0 -0.277573 -0.397453 0.0 -0.277267 -0.397381 0.0 -0.276961 -0.39731 0.0 -0.276656 -0.397237 0.0 -0.27635 -0.397163 0.0 -0.276045 -0.397088 0.0 -0.27574 -0.397013 0.0 -0.275436 -0.396935 0.0 -0.275131 -0.396858 0.0 -0.274827 -0.396779 0.0 -0.274523 -0.3967 0.0 -0.274219 -0.396619 0.0 -0.273916 -0.396538 0.0 -0.273613 -0.396455 0.0 -0.27331 -0.396372 0.0 -0.273007 -0.396288 0.0 -0.272705 -0.396203 0.0 -0.272403 -0.396116 0.0 -0.272101 -0.396029 0.0 -0.271799 -0.395941 0.0 -0.271498 -0.395852 0.0 -0.271197 -0.395762 0.0 -0.270896 -0.395671 0.0 -0.270596 -0.395579 0.0 -0.270296 -0.395486 0.0 -0.269996 -0.395392 0.0 -0.269696 -0.395298 0.0 -0.269397 -0.395202 0.0 -0.269098 -0.395106 0.0 -0.2688 -0.395008 0.0 -0.268501 -0.39491 0.0 -0.268203 -0.39481 0.0 -0.267906 -0.39471 0.0 -0.267608 -0.394608 0.0 -0.267311 -0.394506 0.0 -0.267015 -0.394403 0.0 -0.266718 -0.394299 0.0 -0.266422 -0.394194 0.0 -0.266126 -0.394088 0.0 -0.265831 -0.393981 0.0 -0.265536 -0.393873 0.0 -0.265241 -0.393764 0.0 -0.264947 -0.393655 0.0 -0.264653 -0.393544 0.0 -0.264359 -0.393433 0.0 -0.264066 -0.39332 0.0 -0.263772 -0.393207 0.0 -0.26348 -0.393092 0.0 -0.263188 -0.392978 0.0 -0.262896 -0.392861 0.0 -0.262604 -0.392745 0.0 -0.262313 -0.392626 0.0 -0.262022 -0.392508 0.0 -0.261732 -0.392387 0.0 -0.261442 -0.392267 0.0 -0.261152 -0.392145 0.0 -0.260863 -0.392023 0.0 -0.260574 -0.391899 0.0 -0.260285 -0.391775 0.0 -0.259997 -0.39165 0.0 -0.259709 -0.391524 0.0 -0.259422 -0.391397 0.0 -0.259135 -0.391269 0.0 -0.258849 -0.39114 0.0 -0.258562 -0.391011 0.0 -0.258277 -0.39088 0.0 -0.257991 -0.390748 0.0 -0.257707 -0.390616 0.0 -0.257422 -0.390483 0.0 -0.257138 -0.390348 0.0 -0.256854 -0.390213 0.0 -0.256571 -0.390077 0.0 -0.256288 -0.389941 0.0 -0.256006 -0.389802 0.0 -0.255724 -0.389664 0.0 -0.255443 -0.389524 0.0 -0.255162 -0.389384 0.0 -0.254881 -0.389242 0.0 -0.254601 -0.389101 0.0 -0.254321 -0.388957 0.0 -0.254042 -0.388814 0.0 -0.253763 -0.388668 0.0 -0.253485 -0.388523 0.0 -0.253207 -0.388376 0.0 -0.25293 -0.388229 0.0 -0.252653 -0.38808 0.0 -0.252376 -0.387932 0.0 -0.2521 -0.387781 0.0 -0.251825 -0.387631 0.0 -0.25155 -0.387478 0.0 -0.251275 -0.387326 0.0 -0.251001 -0.387172 0.0 -0.250727 -0.387018 0.0 -0.250454 -0.386863 0.0 -0.250181 -0.386707 0.0 -0.24991 -0.38655 0.0 -0.249638 -0.386392 0.0 -0.249367 -0.386233 0.0 -0.249096 -0.386074 0.0 -0.248826 -0.385913 0.0 -0.248556 -0.385753 0.0 -0.248287 -0.38559 0.0 -0.248018 -0.385428 0.0 -0.24775 -0.385264 0.0 -0.247483 -0.385099 0.0 -0.247216 -0.384934 0.0 -0.246949 -0.384768 0.0 -0.246683 -0.3846 0.0 -0.246417 -0.384433 0.0 -0.246153 -0.384264 0.0 -0.245888 -0.384094 0.0 -0.245624 -0.383924 0.0 -0.245361 -0.383753 0.0 -0.245098 -0.38358 0.0 -0.244835 -0.383408 0.0 -0.244574 -0.383234 0.0 -0.244312 -0.38306 0.0 -0.244052 -0.382884 0.0 -0.243792 -0.382708 0.0 -0.243532 -0.382531 0.0 -0.243273 -0.382353 0.0 -0.243015 -0.382174 0.0 -0.242757 -0.381995 0.0 -0.2425 -0.381815 0.0 -0.242243 -0.381634 0.0 -0.241987 -0.381452 0.0 -0.241731 -0.381269 0.0 -0.241476 -0.381086 0.0 -0.241221 -0.380902 0.0 -0.240968 -0.380716 0.0 -0.240714 -0.380531 0.0 -0.240462 -0.380344 0.0 -0.24021 -0.380157 0.0 -0.239958 -0.379968 0.0 -0.239707 -0.379779 0.0 -0.239457 -0.379589 0.0 -0.239207 -0.379399 0.0 -0.238958 -0.379207 0.0 -0.238709 -0.379016 0.0 -0.238462 -0.378822 0.0 -0.238214 -0.378629 0.0 -0.237968 -0.378434 0.0 -0.237721 -0.378239 0.0 -0.237476 -0.378043 0.0 -0.237231 -0.377846 0.0 -0.236987 -0.377648 0.0 -0.236743 -0.37745 0.0 -0.2365 -0.377251 0.0 -0.236258 -0.377051 0.0 -0.236016 -0.37685 0.0 -0.235775 -0.376649 0.0 -0.235535 -0.376447 0.0 -0.235294 -0.376244 0.0 -0.235056 -0.37604 0.0 -0.234817 -0.375836 0.0 -0.234579 -0.375631 0.0 -0.234341 -0.375425 0.0 -0.234105 -0.375218 0.0 -0.233869 -0.375011 0.0 -0.233634 -0.374803 0.0 -0.233399 -0.374594 0.0 -0.233165 -0.374384 0.0 -0.232931 -0.374174 0.0 -0.232699 -0.373963 0.0 -0.232467 -0.373751 0.0 -0.232236 -0.373538 0.0 -0.232005 -0.373326 0.0 -0.231775 -0.373111 0.0 -0.231545 -0.372897 0.0 -0.231317 -0.372681 0.0 -0.231089 -0.372465 0.0 -0.230862 -0.372248 0.0 -0.230635 -0.372031 0.0 -0.230409 -0.371812 0.0 -0.230183 -0.371594 0.0 -0.229959 -0.371374 0.0 -0.229735 -0.371154 0.0 -0.229512 -0.370932 0.0 -0.229289 -0.370711 0.0 -0.229068 -0.370488 0.0 -0.228846 -0.370265 0.0 -0.228626 -0.370041 0.0 -0.228406 -0.369817 0.0 -0.228188 -0.369591 0.0 -0.227969 -0.369365 0.0 -0.227752 -0.369138 0.0 -0.227535 -0.368911 0.0 -0.227319 -0.368683 0.0 -0.227103 -0.368455 0.0 -0.226889 -0.368225 0.0 -0.226674 -0.367995 0.0 -0.226462 -0.367764 0.0 -0.226249 -0.367533 0.0 -0.226037 -0.367301 0.0 -0.225826 -0.367069 0.0 -0.225616 -0.366835 0.0 -0.225406 -0.366601 0.0 -0.225197 -0.366366 0.0 -0.224989 -0.366131 0.0 -0.224782 -0.365895 0.0 -0.224575 -0.365659 0.0 -0.224369 -0.365421 0.0 -0.224164 -0.365183 0.0 -0.22396 -0.364944 0.0 -0.223756 -0.364706 0.0 -0.223553 -0.364465 0.0 -0.223351 -0.364225 0.0 -0.22315 -0.363984 0.0 -0.222949 -0.363742 0.0 -0.222749 -0.3635 0.0 -0.22255 -0.363257 0.0 -0.222352 -0.363013 0.0 -0.222154 -0.362769 0.0 -0.221957 -0.362524 0.0 -0.221761 -0.362279 0.0 -0.221566 -0.362032 0.0 -0.221371 -0.361786 0.0 -0.221178 -0.361538 0.0 -0.220984 -0.361291 0.0 -0.220793 -0.361042 0.0 -0.220601 -0.360793 0.0 -0.220411 -0.360543 0.0 -0.220221 -0.360293 0.0 -0.220032 -0.360042 0.0 -0.219843 -0.35979 0.0 -0.219656 -0.359538 0.0 -0.219469 -0.359286 0.0 -0.219284 -0.359032 0.0 -0.219098 -0.358779 0.0 -0.218914 -0.358524 0.0 -0.218731 -0.358269 0.0 -0.218548 -0.358013 0.0 -0.218366 -0.357757 0.0 -0.218185 -0.3575 0.0 -0.218005 -0.357243 0.0 -0.217826 -0.356985 0.0 -0.217647 -0.356727 0.0 -0.217469 -0.356468 0.0 -0.217292 -0.356208 0.0 -0.217116 -0.355948 0.0 -0.21694 -0.355688 0.0 -0.216766 -0.355426 0.0 -0.216592 -0.355165 0.0 -0.21642 -0.354902 0.0 -0.216247 -0.354639 0.0 -0.216076 -0.354376 0.0 -0.215906 -0.354112 0.0 -0.215736 -0.353847 0.0 -0.215567 -0.353583 0.0 -0.2154 -0.353317 0.0 -0.215232 -0.353051 0.0 -0.215066 -0.352784 0.0 -0.214901 -0.352517 0.0 -0.214736 -0.35225 0.0 -0.214572 -0.351982 0.0 -0.21441 -0.351713 0.0 -0.214247 -0.351444 0.0 -0.214087 -0.351174 0.0 -0.213926 -0.350904 0.0 -0.213767 -0.350633 0.0 -0.213608 -0.350362 0.0 -0.21345 -0.35009 0.0 -0.213293 -0.349819 0.0 -0.213137 -0.349546 0.0 -0.212982 -0.349273 0.0 -0.212828 -0.348999 0.0 -0.212674 -0.348725 0.0 -0.212522 -0.34845 0.0 -0.212369 -0.348175 0.0 -0.212219 -0.3479 0.0 -0.212068 -0.347624 0.0 -0.21192 -0.347347 0.0 -0.211771 -0.34707 0.0 -0.211624 -0.346793 0.0 -0.211477 -0.346515 0.0 -0.211332 -0.346237 0.0 -0.211186 -0.345958 0.0 -0.211043 -0.345679 0.0 -0.210899 -0.345399 0.0 -0.210758 -0.345119 0.0 -0.210616 -0.344838 0.0 -0.210476 -0.344557 0.0 -0.210336 -0.344276 0.0 -0.210198 -0.343994 0.0 -0.210059 -0.343712 0.0 -0.209923 -0.343429 0.0 -0.209787 -0.343146 0.0 -0.209652 -0.342862 0.0 -0.209517 -0.342578 0.0 -0.209384 -0.342293 0.0 -0.209252 -0.342009 0.0 -0.20912 -0.341723 0.0 -0.208989 -0.341438 0.0 -0.20886 -0.341151 0.0 -0.208731 -0.340865 0.0 -0.208603 -0.340578 0.0 -0.208476 -0.340291 0.0 -0.20835 -0.340003 0.0 -0.208225 -0.339715 0.0 -0.208101 -0.339426 0.0 -0.207977 -0.339137 0.0 -0.207855 -0.338848 0.0 -0.207733 -0.338558 0.0 -0.207613 -0.338268 0.0 -0.207492 -0.337978 0.0 -0.207374 -0.337687 0.0 -0.207255 -0.337396 0.0 -0.207139 -0.337104 0.0 -0.207022 -0.336812 0.0 -0.206908 -0.33652 0.0 -0.206793 -0.336228 0.0 -0.20668 -0.335934 0.0 -0.206567 -0.335641 0.0 -0.206456 -0.335347 0.0 -0.206345 -0.335053 0.0 -0.206236 -0.334759 0.0 -0.206127 -0.334464 0.0 -0.206019 -0.334169 0.0 -0.205912 -0.333874 0.0 -0.205806 -0.333578 0.0 -0.205701 -0.333282 0.0 -0.205597 -0.332985 0.0 -0.205494 -0.332689 0.0 -0.205392 -0.332392 0.0 -0.20529 -0.332094 0.0 -0.20519 -0.331797 0.0 -0.20509 -0.331499 0.0 -0.204992 -0.3312 0.0 -0.204894 -0.330902 0.0 -0.204798 -0.330603 0.0 -0.204702 -0.330304 0.0 -0.204608 -0.330004 0.0 -0.204514 -0.329704 0.0 -0.204421 -0.329404 0.0 -0.204329 -0.329104 0.0 -0.204238 -0.328803 0.0 -0.204148 -0.328502 0.0 -0.204059 -0.328201 0.0 -0.203971 -0.327899 0.0 -0.203884 -0.327597 0.0 -0.203797 -0.327295 0.0 -0.203712 -0.326993 0.0 -0.203628 -0.32669 0.0 -0.203545 -0.326387 0.0 -0.203462 -0.326084 0.0 -0.203381 -0.325781 0.0 -0.2033 -0.325477 0.0 -0.203221 -0.325173 0.0 -0.203142 -0.324869 0.0 -0.203065 -0.324564 0.0 -0.202987 -0.32426 0.0 -0.202912 -0.323955 0.0 -0.202837 -0.32365 0.0 -0.202763 -0.323344 0.0 -0.20269 -0.323039 0.0 -0.202619 -0.322733 0.0 -0.202547 -0.322427 0.0 -0.202478 -0.322121 0.0 -0.202408 -0.321814 0.0 -0.202341 -0.321508 0.0 -0.202273 -0.321201 0.0 -0.202208 -0.320893 0.0 -0.202142 -0.320586 0.0 -0.202078 -0.320279 0.0 -0.202014 -0.319971 0.0 -0.201953 -0.319663 0.0 -0.201891 -0.319355 0.0 -0.201831 -0.319047 0.0 -0.201771 -0.318738 0.0 -0.201713 -0.318429 0.0 -0.201655 -0.318121 0.0 -0.2016 -0.317811 0.0 -0.201544 -0.317502 0.0 -0.20149 -0.317193 0.0 -0.201436 -0.316883 0.0 -0.201383 -0.316574 0.0 -0.201331 -0.316264 0.0 -0.201281 -0.315954 0.0 -0.201231 -0.315643 0.0 -0.201183 -0.315333 0.0 -0.201135 -0.315023 0.0 -0.201089 -0.314712 0.0 -0.201042 -0.314401 0.0 -0.200998 -0.31409 0.0 -0.200954 -0.313779 0.0 -0.200912 -0.313468 0.0 -0.200869 -0.313156 0.0 -0.200829 -0.312845 0.0 -0.200789 -0.312533 0.0 -0.20075 -0.312222 0.0 -0.200712 -0.31191 0.0 -0.200675 -0.311598 0.0 -0.200639 -0.311286 0.0 -0.200604 -0.310973 0.0 -0.20057 -0.310661 0.0 -0.200537 -0.310349 0.0 -0.200505 -0.310036 0.0 -0.200474 -0.309724 0.0 -0.200444 -0.309411 0.0 -0.200415 -0.309098 0.0 -0.200387 -0.308785 0.0 -0.20036 -0.308472 0.0 -0.200333 -0.308159 0.0 -0.200309 -0.307846 0.0 -0.200284 -0.307533 0.0 -0.200261 -0.307219 0.0 -0.200239 -0.306906 0.0 -0.200218 -0.306593 0.0 -0.200197 -0.306279 0.0 -0.200179 -0.305965 0.0 -0.20016 -0.305652 0.0 -0.200143 -0.305338 0.0 -0.200126 -0.305024 0.0 -0.200112 -0.304711 0.0 -0.200097 -0.304397 0.0 -0.200084 -0.304083 0.0 -0.200071 -0.303769 0.0 -0.20006 -0.303455 0.0 -0.200049 -0.303141 0.0 -0.20004 -0.302827 0.0 -0.200032 -0.302513 0.0 -0.200025 -0.302199 0.0 -0.200018 -0.301885 0.0 -0.200013 -0.301571 0.0 -0.200008 -0.301257 0.0 -0.200005 -0.300942 0.0 -0.200002 -0.300628 0.0 -0.200001 -0.300314 0.0 
        </DataArray>
      </Points>
      <Polys>
        <DataArray type="Int64" Name="connectivity" format="ascii">
0 1 1 2 2 3 3 4 4 5 5 6 6 7 7 8 8 9 9 10 10 11 11 12 12 13 13 14 14 15 15 16 16 17 17 18 18 19 19 20 20 21 21 22 22 23 23 24 24 25 25 26 26 27 27 28 28 29 29 30 30 31 31 32 32 33 33 34 34 35 35 36 36 37 37 38 38 39 39 40 40 41 41 42 42 43 43 44 44 45 45 46 46 47 47 48 48 49 49 50 50 51 51 52 52 53 53 54 54 55 55 56 56 57 57 58 58 59 59 60 60 61 61 62 62 63 63 64 64 65 65 66 66 67 67 68 68 69 69 70 70 71 71 72 72 73 73 74 74 75 75 76 76 77 77 78 78 79 79 80 80 81 81 82 82 83 83 84 84 85 85 86 86 87 87 88 88 89 89 90 90 91 91 92 92 93 93 94 94 95 95 96 96 97 97 98 98 99 99 100 100 101 101 102 102 103 103 104 104 105 105 106 106 107 107 108 108 109 109 110 110 111 111 112 112 113 113 114 114 115 115 116 116 117 117 118 118 119 119 120 120 121 121 122 122 123 123 124 124 125 125 126 126 127 127 128 128 129 129 130 130 131 131 132 132 133 133 134 134 135 135 136 136 137 137 138 138 139 139 140 140 141 141 142 142 143 143 144 144 145 145 146 146 147 147 148 148 149 149 150 150 151 151 152 152 153 153 154 154 155 155 156 156 157 157 158 158 159 159 160 160 161 161 162 162 163 163 164 164 165 165 166 166 167 167 168 168 169 169 170 170 171 171 172 172 173 173 174 174 175 175 176 176 177 177 178 178 179 179 180 180 181 181 182 182 183 183 184 184 185 185 186 186 187 187 188 188 189 189 190 190 191 191 192 192 193 193 194 194 195 195 196 196 197 197 198 198 199 199 200 200 201 201 202 202 203 203 204 204 205 205 206 206 207 207 208 208 209 209 210 210 211 211 212 212 213 213 214 214 215 215 216 216 217 217 218 218 219 219 220 220 221 221 222 222 223 223 224 224 225 225 226 226 227 227 228 228 229 229 230 230 231 231 232 232 233 233 234 234 235 235 236 236 237 237 238 238 239 239 240 240 241 241 242 242 243 243 244 244 245 245 246 246 247 247 248 248 249 249 250 250 251 251 252 252 253 253 254 254 255 255 256 256 257 257 258 258 259 259 260 260 261 261 262 262 263 263 264 264 265 265 266 266 267 267 268 268 269 269 270 270 271 271 272 272 273 273 274 274 275 275 276 276 277 277 278 278 279 279 280 280 281 281 282 282 283 283 284 284 285 285 286 286 287 287 288 288 289 289 290 290 291 291 292 292 293 293 294 294 295 295 296 296 297 297 298 298 299 299 300 300 301 301 302 302 303 303 304 304 305 305 306 306 307 307 308 308 309 309 310 310 311 311 312 312 313 313 314 314 315 315 316 316 317 317 318 318 319 319 320 320 321 321 322 322 323 323 324 324 325 325 326 326 327 327 328 328 329 329 330 330 331 331 332 332 333 333 334 334 335 335 336 336 337 337 338 338 339 339 340 340 341 341 342 342 343 343 344 344 345 345 346 346 347 347 348 348 349 349 350 350 351 351 352 352 353 353 354 354 355 355 356 356 357 357 358 358 359 359 360 360 361 361 362 362 363 363 364 364 365 365 366 366 367 367 368 368 369 369 370 370 371 371 372 372 373 373 374 374 375 375 376 376 377 377 378 378 379 379 380 380 381 381 382 382 383 383 384 384 385 385 386 386 387 387 388 388 389 389 390 390 391 391 392 392 393 393 394 394 395 395 396 396 397 397 398 398 399 399 400 400 401 401 402 402 403 403 404 404 405 405 406 406 407 407 408 408 409 409 410 410 411 411 412 412 413 413 414 414 415 415 416 416 417 417 418 418 419 419 420 420 421 421 422 422 423 423 424 424 425 425 426 426 427 427 428 428 429 429 430 430 431 431 432 432 433 433 434 434 435 435 436 436 437 437 438 438 439 439 440 440 441 441 442 442 443 443 444 444 445 445 446 446 447 447 448 448 449 449 450 450 451 451 452 452 453 453 454 454 455 455 456 456 457 457 458 458 459 459 460 460 461 461 462 462 463 463 464 464 465 465 466 466 467 467 468 468 469 469 470 470 471 471 472 472 473 473 474 474 475 475 476 476 477 477 478 478 479 479 480 480 481 481 482 482 483 483 484 484 485 485 486 486 487 487 488 488 489 489 490 490 491 491 492 492 493 493 494 494 495 495 496 496 497 497 498 498 499 499 500 500 501 501 502 502 503 503 504 504 505 505 506 506 507 507 508 508 509 509 510 510 511 511 512 512 513 513 514 514 515 515 516 516 517 517 518 518 519 519 520 520 521 521 522 522 523 523 524 524 525 525 526 526 527 527 528 528 529 529 530 530 531 531 532 532 533 533 534 534 535 535 536 536 537 537 538 538 539 539 540 540 541 541 542 542 543 543 544 544 545 545 546 546 547 547 548 548 549 549 550 550 551 551 552 552 553 553 554 554 555 555 556 556 557 557 558 558 559 559 560 560 561 561 562 562 563 563 564 564 565 565 566 566 567 567 568 568 569 569 570 570 571 571 572 572 573 573 574 574 575 575 576 576 577 577 578 578 579 579 580 580 581 581 582 582 583 583 584 584 585 585 586 586 587 587 588 588 589 589 590 590 591 591 592 592 593 593 594 594 595 595 596 596 597 597 598 598 599 599 600 600 601 601 602 602 603 603 604 604 605 605 606 606 607 607 608 608 609 609 610 610 611 611 612 612 613 613 614 614 615 615 616 616 617 617 618 618 619 619 620 620 621 621 622 622 623 623 624 624 625 625 626 626 627 627 628 628 629 629 630 630 631 631 632 632 633 633 634 634 635 635 636 636 637 637 638 638 639 639 640 640 641 641 642 642 643 643 644 644 645 645 646 646 647 647 648 648 649 649 650 650 651 651 652 652 653 653 654 654 655 655 656 656 657 657 658 658 659 659 660 660 661 661 662 662 663 663 664 664 665 665 666 666 667 667 668 668 669 669 670 670 671 671 672 672 673 673 674 674 675 675 676 676 677 677 678 678 679 679 680 680 681 681 682 682 683 683 684 684 685 685 686 686 687 687 688 688 689 689 690 690 691 691 692 692 693 693 694 694 695 695 696 696 697 697 698 698 699 699 700 700 701 701 702 702 703 703 704 704 705 705 706 706 707 707 708 708 709 709 710 710 711 711 712 712 713 713 714 714 715 715 716 716 717 717 718 718 719 719 720 720 721 721 722 722 723 723 724 724 725 725 726 726 727 727 728 728 729 729 730 730 731 731 732 732 733 733 734 734 735 735 736 736 737 737 738 738 739 739 740 740 741 741 742 742 743 743 744 744 745 745 746 746 747 747 748 748 749 749 750 750 751 751 752 752 753 753 754 754 755 755 756 756 757 757 758 758 759 759 760 760 761 761 762 762 763 763 764 764 765 765 766 766 767 767 768 768 769 769 770 770 771 771 772 772 773 773 774 774 775 775 776 776 777 777 778 778 779 779 780 780 781 781 782 782 783 783 784 784 785 785 786 786 787 787 788 788 789 789 790 790 791 791 792 792 793 793 794 794 795 795 796 796 797 797 798 798 799 799 800 800 801 801 802 802 803 803 804 804 805 805 806 806 807 807 808 808 809 809 810 810 811 811 812 812 813 813 814 814 815 815 816 816 817 817 818 818 819 819 820 820 821 821 822 822 823 823 824 824 825 825 826 826 827 827 828 828 829 829 830 830 831 831 832 832 833 833 834 834 835 835 836 836 837 837 838 838 839 839 840 840 841 841 842 842 843 843 844 844 845 845 846 846 847 847 848 848 849 849 850 850 851 851 852 852 853 853 854 854 855 855 856 856 857 857 858 858 859 859 860 860 861 861 862 862 863 863 864 864 865 865 866 866 867 867 868 868 869 869 870 870 871 871 872 872 873 873 874 874 875 875 876 876 877 877 878 878 879 879 880 880 881 881 882 882 883 883 884 884 885 885 886 886 887 887 888 888 889 889 890 890 891 891 892 892 893 893 894 894 895 895 896 896 897 897 898 898 899 899 900 900 901 901 902 902 903 903 904 904 905 905 906 906 907 907 908 908 909 909 910 910 911 911 912 912 913 913 914 914 915 915 916 916 917 917 918 918 919 919 920 920 921 921 922 922 923 923 924 924 925 925 926 926 927 927 928 928 929 929 930 930 931 931 932 932 933 933 934 934 935 935 936 936 937 937 938 938 939 939 940 940 941 941 942 942 943 943 944 944 945 945 946 946 947 947 948 948 949 949 950 950 951 951 952 952 953 953 954 954 955 955 956 956 957 957 958 958 959 959 960 960 961 961 962 962 963 963 964 964 965 965 966 966 967 967 968 968 969 969 970 970 971 971 972 972 973 973 974 974 975 975 976 976 977 977 978 978 979 979 980 980 981 981 982 982 983 983 984 984 985 985 986 986 987 987 988 988 989 989 990 990 991 991 992 992 993 993 994 994 995 995 996 996 997 997 998 998 999 999 1000 1000 1001 1001 1002 1002 1003 1003 1004 1004 1005 1005 1006 1006 1007 1007 1008 1008 1009 1009 1010 1010 1011 1011 1012 1012 1013 1013 1014 1014 1015 1015 1016 1016 1017 1017 1018 1018 1019 1019 1020 1020 1021 1021 1022 1022 1023 1023 1024 1024 1025 1025 1026 1026 1027 1027 1028 1028 1029 1029 1030 1030 1031 1031 1032 1032 1033 1033 1034 1034 1035 1035 1036 1036 1037 1037 1038 1038 1039 1039 1040 1040 1041 1041 1042 1042 1043 1043 1044 1044 1045 1045 1046 1046 1047 1047 1048 1048 1049 1049 1050 1050 1051 1051 1052 1052 1053 1053 1054 1054 1055 1055 1056 1056 1057 1057 1058 1058 1059 1059 1060 1060 1061 1061 1062 1062 1063 1063 1064 1064 1065 1065 1066 1066 1067 1067 1068 1068 1069 1069 1070 1070 1071 1071 1072 1072 1073 1073 1074 1074 1075 1075 1076 1076 1077 1077 1078 1078 1079 1079 1080 1080 1081 1081 1082 1082 1083 1083 1084 1084 1085 1085 1086 1086 1087 1087 1088 1088 1089 1089 1090 1090 1091 1091 1092 1092 1093 1093 1094 1094 1095 1095 1096 1096 1097 1097 1098 1098 1099 1099 1100 1100 1101 1101 1102 1102 1103 1103 1104 1104 1105 1105 1106 1106 1107 1107 1108 1108 1109 1109 1110 1110 1111 1111 1112 1112 1113 1113 1114 1114 1115 1115 1116 1116 1117 1117 1118 1118 1119 1119 1120 1120 1121 1121 1122 1122 1123 1123 1124 1124 1125 1125 1126 1126 1127 1127 1128 1128 1129 1129 1130 1130 1131 1131 1132 1132 1133 1133 1134 1134 1135 1135 1136 1136 1137 1137 1138 1138 1139 1139 1140 1140 1141 1141 1142 1142 1143 1143 1144 1144 1145 1145 1146 1146 1147 1147 1148 1148 1149 1149 1150 1150 1151 1151 1152 1152 1153 1153 1154 1154 1155 1155 1156 1156 1157 1157 1158 1158 1159 1159 1160 1160 1161 1161 1162 1162 1163 1163 1164 1164 1165 1165 1166 1166 1167 1167 1168 1168 1169 1169 1170 1170 1171 1171 1172 1172 1173 1173 1174 1174 1175 1175 1176 1176 1177 1177 1178 1178 1179 1179 1180 1180 1181 1181 1182 1182 1183 1183 1184 1184 1185 1185 1186 1186 1187 1187 1188 1188 1189 1189 1190 1190 1191 1191 1192 1192 1193 1193 1194 1194 1195 1195 1196 1196 1197 1197 1198 1198 1199 1199 1200 1200 1201 1201 1202 1202 1203 1203 1204 1204 1205 1205 1206 1206 1207 1207 1208 1208 1209 1209 1210 1210 1211 1211 1212 1212 1213 1213 1214 1214 1215 1215 1216 1216 1217 1217 1218 1218 1219 1219 1220 1220 1221 1221 1222 1222 1223 1223 1224 1224 1225 1225 1226 1226 1227 1227 1228 1228 1229 1229 1230 1230 1231 1231 1232 1232 1233 1233 1234 1234 1235 1235 1236 1236 1237 1237 1238 1238 1239 1239 1240 1240 1241 1241 1242 1242 1243 1243 1244 1244 1245 1245 1246 1246 1247 1247 1248 1248 1249 1249 1250 1250 1251 1251 1252 1252 1253 1253 1254 1254 1255 1255 1256 1256 1257 1257 1258 1258 1259 1259 1260 1260 1261 1261 1262 1262 1263 1263 1264 1264 1265 1265 1266 1266 1267 1267 1268 1268 1269 1269 1270 1270 1271 1271 1272 1272 1273 1273 1274 1274 1275 1275 1276 1276 1277 1277 1278 1278 1279 1279 1280 1280 1281 1281 1282 1282 1283 1283 1284 1284 1285 1285 1286 1286 1287 1287 1288 1288 1289 1289 1290 1290 1291 1291 1292 1292 1293 1293 1294 1294 1295 1295 1296 1296 1297 1297 1298 1298 1299 1299 1300 1300 1301 1301 1302 1302 1303 1303 1304 1304 1305 1305 1306 1306 1307 1307 1308 1308 1309 1309 1310 1310 1311 1311 1312 1312 1313 1313 1314 1314 1315 1315 1316 1316 1317 1317 1318 1318 1319 1319 1320 1320 1321 1321 1322 1322 1323 1323 1324 1324 1325 1325 1326 1326 1327 1327 1328 1328 1329 1329 1330 1330 1331 1331 1332 1332 1333 1333 1334 1334 1335 1335 1336 1336 1337 1337 1338 1338 1339 1339 1340 1340 1341 1341 1342 1342 1343 1343 1344 1344 1345 1345 1346 1346 1347 1347 1348 1348 1349 1349 1350 1350 1351 1351 1352 1352 1353 1353 1354 1354 1355 1355 1356 1356 1357 1357 1358 1358 1359 1359 1360 1360 1361 1361 1362 1362 1363 1363 1364 1364 1365 1365 1366 1366 1367 1367 1368 1368 1369 1369 1370 1370 1371 1371 1372 1372 1373 1373 1374 1374 1375 1375 1376 1376 1377 1377 1378 1378 1379 1379 1380 1380 1381 1381 1382 1382 1383 1383 1384 1384 1385 1385 1386 1386 1387 1387 1388 1388 1389 1389 1390 1390 1391 1391 1392 1392 1393 1393 1394 1394 1395 1395 1396 1396 1397 1397 1398 1398 1399 1399 1400 1400 1401 1401 1402 1402 1403 1403 1404 1404 1405 1405 1406 1406 1407 1407 1408 1408 1409 1409 1410 1410 1411 1411 1412 1412 1413 1413 1414 1414 1415 1415 1416 1416 1417 1417 1418 1418 1419 1419 1420 1420 1421 1421 1422 1422 1423 1423 1424 1424 1425 1425 1426 1426 1427 1427 1428 1428 1429 1429 1430 1430 1431 1431 1432 1432 1433 1433 1434 1434 1435 1435 1436 1436 1437 1437 1438 1438 1439 1439 1440 1440 1441 1441 1442 1442 1443 1443 1444 1444 1445 1445 1446 1446 1447 1447 1448 1448 1449 1449 1450 1450 1451 1451 1452 1452 1453 1453 1454 1454 1455 1455 1456 1456 1457 1457 1458 1458 1459 1459 1460 1460 1461 1461 1462 1462 1463 1463 1464 1464 1465 1465 1466 1466 1467 1467 1468 1468 1469 1469 1470 1470 1471 1471 1472 1472 1473 1473 1474 1474 1475 1475 1476 1476 1477 1477 1478 1478 1479 1479 1480 1480 1481 1481 1482 1482 1483 1483 1484 1484 1485 1485 1486 1486 1487 1487 1488 1488 1489 1489 1490 1490 1491 1491 1492 1492 1493 1493 1494 1494 1495 1495 1496 1496 1497 1497 1498 1498 1499 1499 1500 1500 1501 1501 1502 1502 1503 1503 1504 1504 1505 1505 1506 1506 1507 1507 1508 1508 1509 1509 1510 1510 1511 1511 1512 1512 1513 1513 1514 1514 1515 1515 1516 1516 1517 1517 1518 1518 1519 1519 1520 1520 1521 1521 1522 1522 1523 1523 1524 1524 1525 1525 1526 1526 1527 1527 1528 1528 1529 1529 1530 1530 1531 1531 1532 1532 1533 1533 1534 1534 1535 1535 1536 1536 1537 1537 1538 1538 1539 1539 1540 1540 1541 1541 1542 1542 1543 1543 1544 1544 1545 1545 1546 1546 1547 1547 1548 1548 1549 1549 1550 1550 1551 1551 1552 1552 1553 1553 1554 1554 1555 1555 1556 1556 1557 1557 1558 1558 1559 1559 1560 1560 1561 1561 1562 1562 1563 1563 1564 1564 1565 1565 1566 1566 1567 1567 1568 1568 1569 1569 1570 1570 1571 1571 1572 1572 1573 1573 1574 1574 1575 1575 1576 1576 1577 1577 1578 1578 1579 1579 1580 1580 1581 1581 1582 1582 1583 1583 1584 1584 1585 1585 1586 1586 1587 1587 1588 1588 1589 1589 1590 1590 1591 1591 1592 1592 1593 1593 1594 1594 1595 1595 1596 1596 1597 1597 1598 1598 1599 1599 1600 1600 1601 1601 1602 1602 1603 1603 1604 1604 1605 1605 1606 1606 1607 1607 1608 1608 1609 1609 1610 1610 1611 1611 1612 1612 1613 1613 1614 1614 1615 1615 1616 1616 1617 1617 1618 1618 1619 1619 1620 1620 1621 1621 1622 1622 1623 1623 1624 1624 1625 1625 1626 1626 1627 1627 1628 1628 1629 1629 1630 1630 1631 1631 1632 1632 1633 1633 1634 1634 1635 1635 1636 1636 1637 1637 1638 1638 1639 1639 1640 1640 1641 1641 1642 1642 1643 1643 1644 1644 1645 1645 1646 1646 1647 1647 1648 1648 1649 1649 1650 1650 1651 1651 1652 1652 1653 1653 1654 1654 1655 1655 1656 1656 1657 1657 1658 1658 1659 1659 1660 1660 1661 1661 1662 1662 1663 1663 1664 1664 1665 1665 1666 1666 1667 1667 1668 1668 1669 1669 1670 1670 1671 1671 1672 1672 1673 1673 1674 1674 1675 1675 1676 1676 1677 1677 1678 1678 1679 1679 1680 1680 1681 1681 1682 1682 1683 1683 1684 1684 1685 1685 1686 1686 1687 1687 1688 1688 1689 1689 1690 1690 1691 1691 1692 1692 1693 1693 1694 1694 1695 1695 1696 1696 1697 1697 1698 1698 1699 1699 1700 1700 1701 1701 1702 1702 1703 1703 1704 1704 1705 1705 1706 1706 1707 1707 1708 1708 1709 1709 1710 1710 1711 1711 1712 1712 1713 1713 1714 1714 1715 1715 1716 1716 1717 1717 1718 1718 1719 1719 1720 1720 1721 1721 1722 1722 1723 1723 1724 1724 1725 1725 1726 1726 1727 1727 1728 1728 1729 1729 1730 1730 1731 1731 1732 1732 1733 1733 1734 1734 1735 1735 1736 1736 1737 1737 1738 1738 1739 1739 1740 1740 1741 1741 1742 1742 1743 1743 1744 1744 1745 1745 1746 1746 1747 1747 1748 1748 1749 1749 1750 1750 1751 1751 1752 1752 1753 1753 1754 1754 1755 1755 1756 1756 1757 1757 1758 1758 1759 1759 1760 1760 1761 1761 1762 1762 1763 1763 1764 1764 1765 1765 1766 1766 1767 1767 1768 1768 1769 1769 1770 1770 1771 1771 1772 1772 1773 1773 1774 1774 1775 1775 1776 1776 1777 1777 1778 1778 1779 1779 1780 1780 1781 1781 1782 1782 1783 1783 1784 1784 1785 1785 1786 1786 1787 1787 1788 1788 1789 1789 1790 1790 1791 1791 1792 1792 1793 1793 1794 1794 1795 1795 1796 1796 1797 1797 1798 1798 1799 1799 1800 1800 1801 1801 1802 1802 1803 1803 1804 1804 1805 1805 1806 1806 1807 1807 1808 1808 1809 1809 1810 1810 1811 1811 1812 1812 1813 1813 1814 1814 1815 1815 1816 1816 1817 1817 1818 1818 1819 1819 1820 1820 1821 1821 1822 1822 1823 1823 1824 1824 1825 1825 1826 1826 1827 1827 1828 1828 1829 1829 1830 1830 1831 1831 1832 1832 1833 1833 1834 1834 1835 1835 1836 1836 1837 1837 1838 1838 1839 1839 1840 1840 1841 1841 1842 1842 1843 1843 1844 1844 1845 1845 1846 1846 1847 1847 1848 1848 1849 1849 1850 1850 1851 1851 1852 1852 1853 1853 1854 1854 1855 1855 1856 1856 1857 1857 1858 1858 1859 1859 1860 1860 1861 1861 1862 1862 1863 1863 1864 1864 1865 1865 1866 1866 1867 1867 1868 1868 1869 1869 1870 1870 1871 1871 1872 1872 1873 1873 1874 1874 1875 1875 1876 1876 1877 1877 1878 1878 1879 1879 1880 1880 1881 1881 1882 1882 1883 1883 1884 1884 1885 1885 1886 1886 1887 1887 1888 1888 1889 1889 1890 1890 1891 1891 1892 1892 1893 1893 1894 1894 1895 1895 1896 1896 1897 1897 1898 1898 1899 1899 1900 1900 1901 1901 1902 1902 1903 1903 1904 1904 1905 1905 1906 1906 1907 1907 1908 1908 1909 1909 1910 1910 1911 1911 1912 1912 1913 1913 1914 1914 1915 1915 1916 1916 1917 1917 1918 1918 1919 1919 1920 1920 1921 1921 1922 1922 1923 1923 1924 1924 1925 1925 1926 1926 1927 1927 1928 1928 1929 1929 1930 1930 1931 1931 1932 1932 1933 1933 1934 1934 1935 1935 1936 1936 1937 1937 1938 1938 1939 1939 1940 1940 1941 1941 1942 1942 1943 1943 1944 1944 1945 1945 1946 1946 1947 1947 1948 1948 1949 1949 1950 1950 1951 1951 1952 1952 1953 1953 1954 1954 1955 1955 1956 1956 1957 1957 1958 1958 1959 1959 1960 1960 1961 1961 1962 1962 1963 1963 1964 1964 1965 1965 1966 1966 1967 1967 1968 1968 1969 1969 1970 1970 1971 1971 1972 1972 1973 1973 1974 1974 1975 1975 1976 1976 1977 1977 1978 1978 1979 1979 1980 1980 1981 1981 1982 1982 1983 1983 1984 1984 1985 1985 1986 1986 1987 1987 1988 1988 1989 1989 1990 1990 1991 1991 1992 1992 1993 1993 1994 1994 1995 1995 1996 1996 1997 1997 1998 1998 1999 1999 0 
        </DataArray>
        <DataArray type="Int64" Name="offsets" format="ascii">
2 4 6 8 10 12 14 16 18 20 22 24 26 28 30 32 34 36 38 40 42 44 46 48 50 52 54 56 58 60 62 64 66 68 70 72 74 76 78 80 82 84 86 88 90 92 94 96 98 100 102 104 106 108 110 112 114 116 118 120 122 124 126 128 130 132 134 136 138 140 142 144 146 148 150 152 154 156 158 160 162 164 166 168 170 172 174 176 178 180 182 184 186 188 190 192 194 196 198 200 202 204 206 208 210 212 214 216 218 220 222 224 226 228 230 232 234 236 238 240 242 244 246 248 250 252 254 256 258 260 262 264 266 268 270 272 274 276 278 280 282 284 286 288 290 292 294 296 298 300 302 304 306 308 310 312 314 316 318 320 322 324 326 328 330 332 334 336 338 340 342 344 346 348 350 352 354 356 358 360 362 364 366 368 370 372 374 376 378 380 382 384 386 388 390 392 394 396 398 400 402 404 406 408 410 412 414 416 418 420 422 424 426 428 430 432 434 436 438 440 442 444 446 448 450 452 454 456 458 460 462 464 466 468 470 472 474 476 478 480 482 484 486 488 490 492 494 496 498 500 502 504 506 508 510 512 514 516 518 520 522 524 526 528 530 532 534 536 538 540 542 544 546 548 550 552 554 556 558 560 562 564 566 568 570 572 574 576 578 580 582 584 586 588 590 592 594 596 598 600 602 604 606 608 610 612 614 616 618 620 622 624 626 628 630 632 634 636 638 640 642 644 646 648 650 652 654 656 658 660 662 664 666 668 670 672 674 676 678 680 682 684 686 688 690 692 694 696 698 700 702 704 706 708 710 712 714 716 718 720 722 724 726 728 730 732 734 736 738 740 742 744 746 748 750 752 754 756 758 760 762 764 766 768 770 772 774 776 778 780 782 784 786 788 790 792 794 796 798 800 802 804 806 808 810 812 814 816 818 820 822 824 826 828 830 832 834 836 838 840 842 844 846 848 850 852 854 856 858 860 862 864 866 868 870 872 874 876 878 880 882 884 886 888 890 892 894 896 898 900 902 904 906 908 910 912 914 916 918 920 922 924 926 928 930 932 934 936 938 940 942 944 946 948 950 952 954 956 958 960 962 964 966 968 970 972 974 976 978 980 982 984 986 988 990 992 994 996 998 1000 1002 1004 1006 1008 1010 1012 1014 1016 1018 1020 1022 1024 1026 1028 1030 1032 1034 1036 1038 1040 1042 1044 1046 1048 1050 1052 1054 1056 1058 1060 1062 1064 1066 1068 1070 1072 1074 1076 1078 1080 1082 1084 1086 1088 1090 1092 1094 1096 1098 1100 1102 1104 1106 1108 1110 1112 1114 1116 1118 1120 1122 1124 1126 1128 1130 1132 1134 1136 1138 1140 1142 1144 1146 1148 1150 1152 1154 1156 1158 1160 1162 1164 1166 1168 1170 1172 1174 1176 1178 1180 1182 1184 1186 1188 1190 1192 1194 1196 1198 1200 1202 1204 1206 1208 1210 1212 1214 1216 1218 1220 1222 1224 1226 1228 1230 1232 1234 1236 1238 1240 1242 1244 1246 1248 1250 1252 1254 1256 1258 1260 1262 1264 1266 1268 1270 1272 1274 1276 1278 1280 1282 1284 1286 1288 1290 1292 1294 1296 1298 1300 1302 1304 1306 1308 1310 1312 1314 1316 1318 1320 1322 1324 1326 1328 1330 1332 1334 1336 1338 1340 1342 1344 1346 1348 1350 1352 1354 1356 1358 1360 1362 1364 1366 1368 1370 1372 1374 1376 1378 1380 1382 1384 1386 1388 1390 1392 1394 1396 1398 1400 1402 1404 1406 1408 1410 1412 1414 1416 1418 1420 1422 1424 1426 1428 1430 1432 1434 1436 1438 1440 1442 1444 1446 1448 1450 1452 1454 1456 1458 1460 1462 1464 1466 1468 1470 1472 1474 1476 1478 1480 1482 1484 1486 1488 1490 1492 1494 1496 1498 1500 1502 1504 1506 1508 1510 1512 1514 1516 1518 1520 1522 1524 1526 1528 1530 1532 1534 1536 1538 1540 1542 1544 1546 1548 1550 1552 1554 1556 1558 1560 1562 1564 1566 1568 1570 1572 1574 1576 1578 1580 1582 1584 1586 1588 1590 1592 1594 1596 1598 1600 1602 1604 1606 1608 1610 1612 1614 1616 1618 1620 1622 1624 1626 1628 1630 1632 1634 1636 1638 1640 1642 1644 1646 1648 1650 1652 1654 1656 1658 1660 1662 1664 1666 1668 1670 1672 1674 1676 1678 1680 1682 1684 1686 1688 1690 1692 1694 1696 1698 1700 1702 1704 1706 1708 1710 1712 1714 1716 1718 1720 1722 1724 1726 1728 1730 1732 1734 1736 1738 1740 1742 1744 1746 1748 1750 1752 1754 1756 1758 1760 1762 1764 1766 1768 1770 1772 1774 1776 1778 1780 1782 1784 1786 1788 1790 1792 1794 1796 1798 1800 1802 1804 1806 1808 1810 1812 1814 1816 1818 1820 1822 1824 1826 1828 1830 1832 1834 1836 1838 1840 1842 1844 1846 1848 1850 1852 1854 1856 1858 1860 1862 1864 1866 1868 1870 1872 1874 1876 1878 1880 1882 1884 1886 1888 1890 1892 1894 1896 1898 1900 1902 1904 1906 1908 1910 1912 1914 1916 1918 1920 1922 1924 1926 1928 1930 1932 1934 1936 1938 1940 1942 1944 1946 1948 1950 1952 1954 1956 1958 1960 1962 1964 1966 1968 1970 1972 1974 1976 1978 1980 1982 1984 1986 1988 1990 1992 1994 1996 1998 2000 2002 2004 2006 2008 2010 2012 2014 2016 2018 2020 2022 2024 2026 2028 2030 2032 2034 2036 2038 2040 2042 2044 2046 2048 2050 2052 2054 2056 2058 2060 2062 2064 2066 2068 2070 2072 2074 2076 2078 2080 2082 2084 2086 2088 2090 2092 2094 2096 2098 2100 2102 2104 2106 2108 2110 2112 2114 2116 2118 2120 2122 2124 2126 2128 2130 2132 2134 2136 2138 2140 2142 2144 2146 2148 2150 2152 2154 2156 2158 2160 2162 2164 2166 2168 2170 2172 2174 2176 2178 2180 2182 2184 2186 2188 2190 2192 2194 2196 2198 2200 2202 2204 2206 2208 2210 2212 2214 2216 2218 2220 2222 2224 2226 2228 2230 2232 2234 2236 2238 2240 2242 2244 2246 2248 2250 2252 2254 2256 2258 2260 2262 2264 2266 2268 2270 2272 2274 2276 2278 2280 2282 2284 2286 2288 2290 2292 2294 2296 2298 2300 2302 2304 2306 2308 2310 2312 2314 2316 2318 2320 2322 2324 2326 2328 2330 2332 2334 2336 2338 2340 2342 2344 2346 2348 2350 2352 2354 2356 2358 2360 2362 2364 2366 2368 2370 2372 2374 2376 2378 2380 2382 2384 2386 2388 2390 2392 2394 2396 2398 2400 2402 2404 2406 2408 2410 2412 2414 2416 2418 2420 2422 2424 2426 2428 2430 2432 2434 2436 2438 2440 2442 2444 2446 2448 2450 2452 2454 2456 2458 2460 2462 2464 2466 2468 2470 2472 2474 2476 2478 2480 2482 2484 2486 2488 2490 2492 2494 2496 2498 2500 2502 2504 2506 2508 2510 2512 2514 2516 2518 2520 2522 2524 2526 2528 2530 2532 2534 2536 2538 2540 2542 2544 2546 2548 2550 2552 2554 2556 2558 2560 2562 2564 2566 2568 2570 2572 2574 2576 2578 2580 2582 2584 2586 2588 2590 2592 2594 2596 2598 2600 2602 2604 2606 2608 2610 2612 2614 2616 2618 2620 2622 2624 2626 2628 2630 2632 2634 2636 2638 2640 2642 2644 2646 2648 2650 2652 2654 2656 2658 2660 2662 2664 2666 2668 2670 2672 2674 2676 2678 2680 2682 2684 2686 2688 2690 2692 2694 2696 2698 2700 2702 2704 2706 2708 2710 2712 2714 2716 2718 2720 2722 2724 2726 2728 2730 2732 2734 2736 2738 2740 2742 2744 2746 2748 2750 2752 2754 2756 2758 2760 2762 2764 2766 2768 2770 2772 2774 2776 2778 2780 2782 2784 2786 2788 2790 2792 2794 2796 2798 2800 2802 2804 2806 2808 2810 2812 2814 2816 2818 2820 2822 2824 2826 2828 2830 2832 2834 2836 2838 2840 2842 2844 2846 2848 2850 2852 2854 2856 2858 2860 2862 2864 2866 2868 2870 2872 2874 2876 2878 2880 2882 2884 2886 2888 2890 2892 2894 2896 2898 2900 2902 2904 2906 2908 2910 2912 2914 2916 2918 2920 2922 2924 2926 2928 2930 2932 2934 2936 2938 2940 2942 2944 2946 2948 2950 2952 2954 2956 2958 2960 2962 2964 2966 2968 2970 2972 2974 2976 2978 2980 2982 2984 2986 2988 2990 2992 2994 2996 2998 3000 3002 3004 3006 3008 3010 3012 3014 3016 3018 3020 3022 3024 3026 3028 3030 3032 3034 3036 3038 3040 3042 3044 3046 3048 3050 3052 3054 3056 3058 3060 3062 3064 3066 3068 3070 3072 3074 3076 3078 3080 3082 3084 3086 3088 3090 3092 3094 3096 3098 3100 3102 3104 3106 3108 3110 3112 3114 3116 3118 3120 3122 3124 3126 3128 3130 3132 3134 3136 3138 3140 3142 3144 3146 3148 3150 3152 3154 3156 3158 3160 3162 3164 3166 3168 3170 3172 3174 3176 3178 3180 3182 3184 3186 3188 3190 3192 3194 3196 3198 3200 3202 3204 3206 3208 3210 3212 3214 3216 3218 3220 3222 3224 3226 3228 3230 3232 3234 3236 3238 3240 3242 3244 3246 3248 3250 3252 3254 3256 3258 3260 3262 3264 3266 3268 3270 3272 3274 3276 3278 3280 3282 3284 3286 3288 3290 3292 3294 3296 3298 3300 3302 3304 3306 3308 3310 3312 3314 3316 3318 3320 3322 3324 3326 3328 3330 3332 3334 3336 3338 3340 3342 3344 3346 3348 3350 3352 3354 3356 3358 3360 3362 3364 3366 3368 3370 3372 3374 3376 3378 3380 3382 3384 3386 3388 3390 3392 3394 3396 3398 3400 3402 3404 3406 3408 3410 3412 3414 3416 3418 3420 3422 3424 3426 3428 3430 3432 3434 3436 3438 3440 3442 3444 3446 3448 3450 3452 3454 3456 3458 3460 3462 3464 3466 3468 3470 3472 3474 3476 3478 3480 3482 3484 3486 3488 3490 3492 3494 3496 3498 3500 3502 3504 3506 3508 3510 3512 3514 3516 3518 3520 3522 3524 3526 3528 3530 3532 3534 3536 3538 3540 3542 3544 3546 3548 3550 3552 3554 3556 3558 3560 3562 3564 3566 3568 3570 3572 3574 3576 3578 3580 3582 3584 3586 3588 3590 3592 3594 3596 3598 3600 3602 3604 3606 3608 3610 3612 3614 3616 3618 3620 3622 3624 3626 3628 3630 3632 3634 3636 3638 3640 3642 3644 3646 3648 3650 3652 3654 3656 3658 3660 3662 3664 3666 3668 3670 3672 3674 3676 3678 3680 3682 3684 3686 3688 3690 3692 3694 3696 3698 3700 3702 3704 3706 3708 3710 3712 3714 3716 3718 3720 3722 3724 3726 3728 3730 3732 3734 3736 3738 3740 3742 3744 3746 3748 3750 3752 3754 3756 3758 3760 3762 3764 3766 3768 3770 3772 3774 3776 3778 3780 3782 3784 3786 3788 3790 3792 3794 3796 3798 3800 3802 3804 3806 3808 3810 3812 3814 3816 3818 3820 3822 3824 3826 3828 3830 3832 3834 3836 3838 3840 3842 3844 3846 3848 3850 3852 3854 3856 3858 3860 3862 3864 3866 3868 3870 3872 3874 3876 3878 3880 3882 3884 3886 3888 3890 3892 3894 3896 3898 3900 3902 3904 3906 3908 3910 3912 3914 3916 3918 3920 3922 3924 3926 3928 3930 3932 3934 3936 3938 3940 3942 3944 3946 3948 3950 3952 3954 3956 3958 3960 3962 3964 3966 3968 3970 3972 3974 3976 3978 3980 3982 3984 3986 3988 3990 3992 3994 3996 3998 4000 
        </DataArray>
      </Polys>
      <CellData Scalars="Pressure">
        <DataArray type="Float64" Name="Pressure" format="ascii">
579833 573754 568024 563252 558393 553492 548152 542881 537687 533411 529060 524706 519512 514382 509152 504654 500082 495587 490581 485592 480494 474937 469151 463427 458241 453376 448440 443338 437993 432711 428126 424284 420416 420599 416222 411936 407980 404573 401109 395271 391373 387360 383053 378446 373643 368807 364289 359838 355306 350782 346159 341592 337577 333857 330143 331585 328484 325553 319813 316547 312960 309239 305426 301580 297574 293566 289433 285362 281714 278174 274627 276339 273313 270461 265134 262062 258643 255251 251805 248271 244397 240405 236402 234636 244880 249560 254834 254979 254795 254282 342776 434547 513694 603633 730440 863802 991412 1.03888e+06 1.08239e+06 1.11456e+06 1.1141e+06 1.113e+06 1.11123e+06 1.11256e+06 1.1145e+06 1.11718e+06 1.11895e+06 1.12294e+06 1.1273e+06 1.13093e+06 1.13337e+06 1.13603e+06 1.13909e+06 1.14291e+06 1.14819e+06 1.15182e+06 1.15538e+06 1.15902e+06 1.1627e+06 1.16574e+06 1.16825e+06 1.17065e+06 1.17195e+06 1.17345e+06 1.17478e+06 1.17586e+06 1.17685e+06 1.17819e+06 1.17969e+06 1.18092e+06 1.1814e+06 1.18228e+06 1.18335e+06 1.18432e+06 1.18536e+06 1.18645e+06 1.1872e+06 1.18775e+06 1.18801e+06 1.18861e+06 1.18893e+06 1.18924e+06 1.18955e+06 1.18922e+06 1.18876e+06 1.18775e+06 1.18726e+06 1.18637e+06 1.18554e+06 1.18471e+06 1.18312e+06 1.18146e+06 1.17897e+06 1.17786e+06 1.17613e+06 1.17458e+06 1.17296e+06 1.17029e+06 1.16732e+06 1.1631e+06 1.16154e+06 1.15876e+06 1.15594e+06 1.153e+06 1.14837e+06 1.14143e+06 1.13688e+06 1.14269e+06 1.14279e+06 1.14283e+06 1.14282e+06 1.12973e+06 1.12546e+06 1.12005e+06 1.11498e+06 1.10881e+06 1.10248e+06 1.09467e+06 1.0897e+06 1.08318e+06 1.07663e+06 1.07029e+06 1.06406e+06 1.0558e+06 1.05002e+06 1.04591e+06 1.0416e+06 1.03777e+06 1.0334e+06 1.0315e+06 1.02915e+06 1.0271e+06 1.02528e+06 1.02322e+06 1.02012e+06 1.01814e+06 1.01805e+06 1.01683e+06 1.01684e+06 1.01535e+06 1.01495e+06 1.01349e+06 1.01218e+06 1.01106e+06 1.00942e+06 1.0082e+06 1.0065e+06 1.00527e+06 1.00401e+06 1.0024e+06 1.00087e+06 998848 996790 994984 993157 991301 989570 987861 986370 984498 983539 982336 981453 980918 980180 979295 978695 978398 978201 978004 977416 977659 977385 977453 977647 977467 977619 977664 977538 977779 977689 977684 977814 977918 977924 977940 978052 978220 978156 978254 978224 978066 978191 978336 978366 978402 978557 978309 978751 979146 980273 980430 984528 986178 985533 986521 982825 973808 976862 978492 974365 972631 972339 972213 971909 971438 970682 969944 969166 968374 967952 966238 964867 963466 962604 960737 959203 957765 956431 955174 952845 949309 947437 945352 942288 940203 937390 934546 931795 929227 928671 925560 925277 923252 922294 919711 916019 913757 912114 910696 909448 909030 907454 906540 905801 905874 905731 904874 905112 905927 906979 908184 910318 910850 912068 913397 915817 917043 918130 918532 919033 919512 919985 921163 921076 920353 920154 919836 919467 919071 918972 917688 916852 916133 915825 916002 916638 915026 917887 916022 913468 902998 894095 887979 888997 881597 878481 876037 880025 881579 880768 877881 872079 870163 869581 872333 874875 877125 879332 880395 882005 882736 883312 884132 885965 888004 890563 893051 896433 899300 902156 904771 907314 909883 912149 914500 917032 919119 921902 924710 927534 929233 930253 931257 932074 935738 938795 941729 942552 943142 943521 945250 947358 949490 952096 950522 951032 951902 953319 954564 955458 955275 955267 955434 962515 971439 987131 981341 971281 962016 958051 957687 957159 956579 956109 955674 955285 952496 949627 944509 946731 948746 950623 952746 955002 957279 960377 963713 967157 971140 975602 980049 984376 987979 991661 995309 997329 999296 1.00089e+06 1.00108e+06 1.00129e+06 1.00144e+06 1.00082e+06 1.00023e+06 999629 1.00114e+06 1.00275e+06 1.00436e+06 1.00615e+06 1.00797e+06 1.00985e+06 1.01212e+06 1.01392e+06 1.01559e+06 1.01652e+06 1.01672e+06 1.01694e+06 1.01951e+06 1.02163e+06 1.02368e+06 1.02487e+06 1.02507e+06 1.02537e+06 1.02576e+06 1.02627e+06 1.02684e+06 1.02619e+06 1.02193e+06 1.01743e+06 1.01274e+06 1.00749e+06 1.00235e+06 998579 1.0097e+06 1.02078e+06 1.03147e+06 981404 930843 878765 643318 386795 135073 83830.1 77053.9 70345.4 69586.7 70824.2 72030.5 73002.9 73822.7 74643.4 75473 76329.5 77159.1 77998.4 78819.4 79639.2 80475.7 81378.5 82252.4 83135.1 84005.2 84872 85745.9 86745.6 87714.2 88692.1 89682.4 90669.8 91636.2 92824 93979.8 95142.1 96351.4 97568 98750.4 100204 101669 103160 104648 106167 107662 109185 116110 117593 119018 120445 121806 117153 118727 120338 121863 123269 124607 125959 127345 128702 130027 131578 133080 134582 136016 137444 138818 140171 149272 150647 151845 152954 153919 146937 148741 150624 152324 153846 155319 156864 158509 160185 161836 163491 172657 174302 175859 177363 178887 173222 175775 178456 180753 182857 184857 187008 189248 199410 193483 195841 198264 200778 202877 204952 206936 209009 211017 213017 223054 224833 226417 218773 221601 224763 227819 229745 231553 233302 244139 246201 248216 241052 244485 248300 251523 253630 255545 266516 268794 270884 273205 265766 269196 272737 275681 288468 290809 282775 286307 290104 294043 297348 300462 313092 315593 317907 330516 312309 316562 321191 326047 337752 339996 342001 333141 337399 342022 347168 357775 358887 359878 353608 357473 361554 365678 376197 377977 380004 371811 375813 379853 383944 396200 397761 399704 391400 395212 399131 414094 406511 409773 413197 416271 418483 430649 434176 428001 434003 439995 445387 457021 459176 461880 451958 455216 458074 473685 462947 464067 464895 465095 474725 472956 472091 459099 460675 462191 476663 467322 468523 469554 470447 478914 478269 477562 467240 467658 479999 480308 468853 472982 476384 496044 484187 489818 495057 499732 503807 509032 513744 517789 520741 533479 534082 536169 526605 527895 540784 541441 531926 533979 535401 549488 540517 543977 546921 561018 552806 555074 556348 556584 557099 561677 565454 568304 570322 574904 578871 581755 583652 587735 593265 597439 600395 603484 611333 617839 623218 627294 634890 642106 648215 653020 659321 666735 672542 676552 702541 689028 699529 709931 730476 731511 724565 716342 696506 701590 695554 700544 716107 719086 724012 716512 729712 730481 733659 739783 724376 731071 736478 740424 763919 749034 753037 755202 776675 784452 767907 777034 811347 807245 789108 779683 765218 753768 741190 727896 721839 724503 723697 719458 733613 721587 728344 734476 741278 747227 752523 756894 759879 761604 762132 773816 778324 764300 768243 772367 775387 777211 795086 783162 785386 798273 796896 798049 798823 783465 785605 786054 784836 796412 799772 787365 790424 793456 795359 796077 812304 799441 804434 810014 816568 821722 825656 851803 835616 844995 856509 868906 879429 902858 907702 903284 907765 908781 908667 908967 921917 927923 916067 922288 932219 940942 947860 963065 977232 992258 964814 981762 1.00017e+06 1.01943e+06 1.04543e+06 1.06994e+06 1.09202e+06 1.11674e+06 1.11568e+06 1.1215e+06 1.12193e+06 1.12866e+06 1.12997e+06 1.12588e+06 1.07896e+06 1.07462e+06 1.07252e+06 1.05653e+06 1.06768e+06 1.07822e+06 1.08897e+06 1.09939e+06 1.10864e+06 1.12608e+06 1.13433e+06 1.14294e+06 1.15203e+06 1.14251e+06 1.15314e+06 1.16364e+06 1.17524e+06 1.18689e+06 1.19828e+06 1.20956e+06 1.2209e+06 1.23086e+06 1.2567e+06 1.2683e+06 1.26032e+06 1.2721e+06 1.28788e+06 1.30308e+06 1.31803e+06 1.33337e+06 1.34809e+06 1.36128e+06 1.38203e+06 1.39323e+06 1.40512e+06 1.41736e+06 1.41568e+06 1.43077e+06 1.4472e+06 1.46596e+06 1.48482e+06 1.50313e+06 1.52133e+06 1.53902e+06 1.55682e+06 1.57476e+06 1.59217e+06 1.60839e+06 1.63501e+06 1.6504e+06 1.64928e+06 1.66775e+06 1.68917e+06 1.71038e+06 1.73324e+06 1.75696e+06 1.78096e+06 1.80453e+06 1.82857e+06 1.8522e+06 1.87671e+06 1.90216e+06 1.92717e+06 1.9594e+06 1.97762e+06 1.99514e+06 2.01327e+06 2.03458e+06 2.05765e+06 2.06405e+06 2.09116e+06 2.11859e+06 2.14637e+06 2.17066e+06 2.19447e+06 2.21801e+06 2.24497e+06 2.27292e+06 2.30112e+06 2.32806e+06 2.35494e+06 2.38144e+06 2.41196e+06 2.44615e+06 2.48079e+06 2.51103e+06 2.53488e+06 2.5585e+06 2.58608e+06 2.62263e+06 2.6597e+06 2.69652e+06 2.73604e+06 2.77471e+06 2.81307e+06 2.84266e+06 2.8728e+06 2.90248e+06 2.95268e+06 2.98699e+06 3.02217e+06 3.05416e+06 3.08659e+06 3.11821e+06 3.15434e+06 3.19052e+06 3.22753e+06 3.2615e+06 3.29546e+06 3.32855e+06 3.36395e+06 3.39924e+06 3.43536e+06 3.47245e+06 3.51181e+06 3.55019e+06 3.58779e+06 3.62282e+06 3.65869e+06 3.69539e+06 3.73532e+06 3.77435e+06 3.81338e+06 3.84974e+06 3.88703e+06 3.92327e+06 3.96007e+06 3.99611e+06 4.02091e+06 4.05262e+06 4.08471e+06 4.11612e+06 4.14788e+06 4.17906e+06 4.21072e+06 4.24178e+06 4.2736e+06 4.30515e+06 4.33404e+06 4.36209e+06 4.39069e+06 4.4182e+06 4.44615e+06 4.47385e+06 4.4991e+06 4.52264e+06 4.54663e+06 4.56955e+06 4.59244e+06 4.61505e+06 4.63641e+06 4.65568e+06 4.67528e+06 4.69451e+06 4.714e+06 4.73947e+06 4.75687e+06 4.77192e+06 4.78771e+06 4.79775e+06 4.80785e+06 4.81757e+06 4.82721e+06 4.83623e+06 4.84547e+06 4.85462e+06 4.86143e+06 4.86798e+06 4.87473e+06 4.8795e+06 4.8839e+06 4.88831e+06 4.89138e+06 4.89361e+06 4.9023e+06 4.90299e+06 4.90364e+06 4.9047e+06 4.90063e+06 4.8961e+06 4.8911e+06 4.88577e+06 4.88011e+06 4.87447e+06 4.86854e+06 4.86039e+06 4.85208e+06 4.84388e+06 4.83921e+06 4.82949e+06 4.81991e+06 4.80683e+06 4.79499e+06 4.78309e+06 4.77032e+06 4.75739e+06 4.74433e+06 4.72999e+06 4.71187e+06 4.69379e+06 4.68336e+06 4.67653e+06 4.67022e+06 4.65507e+06 4.59754e+06 4.55659e+06 4.51697e+06 4.49159e+06 4.47311e+06 4.45704e+06 4.43656e+06 4.40751e+06 4.37999e+06 4.33543e+06 4.30576e+06 4.27911e+06 4.2546e+06 4.22302e+06 4.19106e+06 4.16003e+06 4.13015e+06 4.11145e+06 4.08216e+06 4.04047e+06 4.0102e+06 3.98144e+06 3.9526e+06 3.92098e+06 3.88887e+06 3.86466e+06 3.83354e+06 3.80369e+06 3.77353e+06 3.72342e+06 3.69305e+06 3.66504e+06 3.63725e+06 3.6062e+06 3.58092e+06 3.55038e+06 3.50195e+06 3.46907e+06 3.43643e+06 3.40604e+06 3.37757e+06 3.35126e+06 3.32102e+06 3.28916e+06 3.25803e+06 3.22866e+06 3.19935e+06 3.17083e+06 3.14229e+06 3.12973e+06 3.10429e+06 3.0806e+06 3.05228e+06 3.00655e+06 2.98264e+06 2.96102e+06 2.95139e+06 2.92896e+06 2.91461e+06 2.86152e+06 2.83556e+06 2.81161e+06 2.78888e+06 2.76251e+06 2.73413e+06 2.70721e+06 2.68109e+06 2.66102e+06 2.64205e+06 2.63907e+06 2.60726e+06 2.59165e+06 2.577e+06 2.56381e+06 2.5486e+06 2.54611e+06 2.52899e+06 2.49071e+06 2.46526e+06 2.44043e+06 2.41539e+06 2.41198e+06 2.39148e+06 2.37249e+06 2.33359e+06 2.31375e+06 2.29438e+06 2.29144e+06 2.25594e+06 2.23731e+06 2.21971e+06 2.20373e+06 2.18882e+06 2.18903e+06 2.17458e+06 2.13881e+06 2.11929e+06 2.10006e+06 2.08048e+06 2.05746e+06 2.03394e+06 2.01176e+06 1.99019e+06 1.96983e+06 1.96653e+06 1.94905e+06 1.94912e+06 1.95084e+06 1.97734e+06 2.01353e+06 2.07202e+06 2.09153e+06 2.09998e+06 2.09706e+06 2.08012e+06 2.0231e+06 1.96801e+06 1.91665e+06 1.86621e+06 1.8892e+06 1.84376e+06 1.81686e+06 1.7872e+06 1.77829e+06 1.78967e+06 1.77759e+06 1.74938e+06 1.73584e+06 1.72197e+06 1.72367e+06 1.6945e+06 1.68181e+06 1.66869e+06 1.65558e+06 1.64129e+06 1.62617e+06 1.61041e+06 1.59452e+06 1.57794e+06 1.56072e+06 1.54322e+06 1.52621e+06 1.50937e+06 1.51349e+06 1.49805e+06 1.48796e+06 1.4689e+06 1.45911e+06 1.45823e+06 1.44698e+06 1.43436e+06 1.4071e+06 1.40842e+06 1.39513e+06 1.38287e+06 1.3568e+06 1.34449e+06 1.34626e+06 1.33415e+06 1.30897e+06 1.29758e+06 1.30028e+06 1.28837e+06 1.27509e+06 1.24441e+06 1.24845e+06 1.2351e+06 1.22345e+06 1.19624e+06 1.18449e+06 1.18761e+06 1.17804e+06 1.16911e+06 1.14933e+06 1.13656e+06 1.1226e+06 1.10827e+06 1.09425e+06 1.09747e+06 1.11185e+06 1.12595e+06 1.1393e+06 1.12909e+06 1.09819e+06 1.07002e+06 1.04548e+06 1.0586e+06 1.01873e+06 1.00685e+06 994071 1.00297e+06 990981 963426 953636 960627 951599 944217 922032 913476 904828 896253 888031 877686 866709 855909 845636 855412 834391 828138 835602 828314 823657 806155 800004 791729 783305 774452 772428 776943 780570 783432 784297 775756 753820 745648 733895 722770 712634 722861 693745 683881 674167 683946 681392 678052 659981 651685 644208 637298 648334 644927 629728 626300 620797 615628 610960 621005 604372 601161 597647 591641 586232 581370 576044 568591 561508 554556 576039 560058 555644 540453 532482 524176 525605 520531 520451 519204 517146 519961 521909 521760 518153 515473 513801 504783 495815 488255 479577 469118 459962 472223 466058 443237 437448 431666 425959 420070 430223 427629 424697 421061 406000 402105 398118 393260 388524 383891 391374 388381 375803 372393 368276 364089 359933 354639 349666 344847 351599 348147 335652 332297 329025 325634 321821 317096 312624 318038 314816 311695 308535 296755 293614 290394 287366 284333 281314 277992 274577 271226 276833 274429 271985 262208 258885 255569 252366 249997 247620 245113 241747 238293 235095 241303 239005 236580 234163 223845 221431 218965 216546 214081 211773 209840 207881 205853 203987 202042 200081 197734 195452 193174 198736 196807 194855 192570 183353 180787 178523 176362 174217 172072 169998 167877 165974 164302 162622 160914 159284 157607 156003 154588 153166 151700 150309 148879 147456 145972 144505 143004 141535 140025 138523 142601 141048 139439 137985 136531 135094 133603 132134 130614 129198 127796 126414 124997 123614 122185 120765 119276 117812 116339 114959 113534 112132 110683 109259 107794 106380 104921 103543 102500 101481 97928.5 96932.6 95873.1 94780.2 93631.6 92459.3 91220.3 90050.1 88844.6 87623.1 86192.9 84692.7 83124.2 82062.4 81345.6 80740.6 171033 336024 508225 655946 772334 882942 950191 940652 930536 921182 914660 908149 901259 888651 880539 874503 875484 876532 877538 878309 876676 874962 874821 875115 875393 873595 870530 867307 870166 878977 888585 892265 884161 879049 873257 876636 880269 883662 883502 883397 883344 883711 884060 884353 884401 884305 885723 885205 884492 883647 881856 881339 880847 880394 879914 879397 878829 878368 878200 877826 877303 877281 877271 877110 876896 876744 876659 876650 876700 876982 877322 877625 877892 878102 878381 878647 878672 878567 878446 878145 877779 877416 877343 877142 876958 876797 876579 876039 875808 876059 876179 876311 876459 876616 876795 876990 876866 877064 877200 877934 877944 877942 878072 878957 879518 880092 880293 880695 881489 881519 879736 875523 875815 876472 878071 879746 879756 878091 876075 875095 874361 873724 873163 871972 870103 866552 865456 863344 861208 859118 856412 852208 848844 846833 843939 841008 837941 833248 829314 825210 821205 817412 813502 809562 805836 801885 797819 793771 788889 782916 777262 769985 767519 765786 764733 763573 763289 765009 768797 768720 766573 760840 758257 754958 751792 748864 746090 740851 733291 723649 692185 614918 533774 423364 301369 232225 183650 174477 173226 176061 178833 184634 184397 187405 190553 193738 200067 203292 206355 209923 208771 217139 220854 226696 227535 234074 246404 242788 244449 240281 236004 232099 231836 233801 235769 241335 240972 244708 248560 252402 256245 259687 263229 266755 270386 274040 277837 281651 285609 289736 294117 298599 303330 308673 315269 322440 330426 339207 355601 373401 393194 414334 428117 433248 436662 438251 431354 427799 423598 420889 421416 420581 421828 423269 426807 429359 429967 433015 438779 442088 445390 446388 450030 454023 458398 463012 467495 471994 476812 481791 488959 491680 496830 502207 510287 515404 518744 524125 532088 537407 542557 546178 551309 556828 562919 571176 575626 581457 587616 595922 602075 607839 612675 617899 623200 628580 637412 638492 644806 651944 667778 675325 681980 687331 696844 706655 716367 724060 730116 734688 738836 743427 748548 753854 759041 764485 769389 774366 779742 784747 789689 794878 799775 804669 809726 814963 819574 823995 828712 833315 837966 842510 846848 850987 855201 859362 864172 868802 873406 877165 881169 885107 889165 893382 897573 901600 904765 908278 911681 915070 917767 920851 923965 926797 929748 932721 933989 934707 938811 939372 939577 939348 932618 933051 933469 933731 932223 932592 932965 933217 933394 933576 935002 934259 933579 932447 931116 929920 928818 927742 926782 926002 926815 924800 922935 920214 918490 916893 915335 913601 911996 910568 909540 908607 907693 907514 904299 902200 900194 898308 896500 894987 893852 892712 893659 890936 888023 885318 882667 878125 875463 872280 869018 865943 863161 860577 857965 855445 852884 850315 849664 845512 841412 837560 833637 826830 822762 818589 814415 810375 806720 803144 799508 795912 792231 788589 784200 779658 775068 770791 766539 762308 760132 754539 748931 743636 738454 728761 723405 718180 712886 707938 703849 699812 695836 692906 689884 686827 681620 676512 671335 668414 665560 662723 657099 651083 644977 640880 637296 633748 628722 623112 617409 613016 609386 605797 601439 596481 591433 585999 
        </DataArray>
        <DataArray type="Float64" Name="Temperature" format="ascii">
945.474 942.584 939.83 937.474 935.074 932.65 930.005 927.393 924.808 922.628 920.407 918.181 915.488 912.827 910.112 907.739 905.323 902.944 900.207 897.468 894.666 891.617 888.44 885.294 882.35 879.545 876.692 873.74 870.644 867.582 864.862 862.523 860.159 860.759 858.084 855.456 852.987 850.814 848.591 844.706 842.235 839.689 836.951 833.985 830.889 827.764 824.774 821.817 818.794 815.717 812.558 809.43 806.632 804.013 801.382 802.232 800.006 797.889 793.777 791.368 788.729 785.973 783.107 780.209 777.172 774.095 770.915 767.766 764.884 762.073 759.243 760.376 757.899 755.552 751.255 748.674 745.805 742.929 739.982 736.962 733.62 730.118 726.58 725.048 734.298 738.642 735.2 733.082 730.994 729.006 799.642 875.222 943.074 994.112 1051.02 1135.3 1170.92 1187.11 1201.41 1211.67 1212.15 1211.86 1210.78 1211.19 1211.2 1231.25 1218.89 1224.05 1228.52 1231.57 1233.26 1234.5 1235.4 1236.39 1246.78 1248.7 1248.43 1254.95 1261.5 1270.99 1283.32 1295.13 1316.7 1331.59 1346.6 1358.6 1363.35 1371.21 1378.63 1382.36 1385.31 1386.28 1386.77 1388.36 1390.05 1391.77 1399.11 1408.25 1420.56 1439.49 1475.2 1509.93 1544.81 1552.49 1558.42 1559.32 1541.56 1502.69 1461.84 1420.45 1380.43 1343.37 1297.79 1294.82 1290.48 1285.93 1281.42 1279.11 1276.8 1273.83 1273.87 1274.11 1274.58 1275.22 1275.69 1274.96 1274.05 1278.18 1273.69 1268.56 1262.63 1256.23 1253.56 1250.66 1248.47 1246.08 1243.72 1240.83 1239.24 1237.01 1234.79 1232.66 1230.57 1227.66 1225.71 1224.51 1223.04 1221.75 1220.04 1219.6 1218.78 1218.09 1217.51 1216.89 1215.67 1215.13 1214.75 1214.31 1214.64 1214.01 1214.63 1214.53 1214.52 1214.59 1213.21 1213.08 1211.13 1211.91 1212.8 1210.9 1210.85 1209.78 1210.37 1209.95 1207.99 1207 1208.15 1207.13 1206.65 1203.25 1205.28 1204.5 1204.2 1204.4 1203.88 1203.04 1202.63 1202.67 1202.9 1200.86 1197.32 1200.98 1204.25 1201.18 1202.27 1201.91 1206.04 1206.59 1203.32 1203.8 1208.46 1208.73 1210.03 1205.57 1212.02 1211.98 1213.18 1207.83 1207.3 1216.97 1217.96 1210.24 1211.12 1224.3 1225.5 1227.94 1217.61 1234.66 1237.02 1240.89 1230.68 1229.84 1243.73 1245.68 1236.97 1243.18 1240.89 1247.15 1243.44 1233.66 1244.01 1247.19 1245.78 1243.68 1241.71 1239.94 1236.75 1232.58 1229.48 1227.55 1219.52 1223.13 1220.41 1218.98 1213.33 1212.02 1213.89 1212.26 1208.27 1208.08 1205.11 1206.23 1202.16 1196.97 1200.08 1198.14 1199.24 1196.27 1193 1189.52 1186.15 1184.96 1182.49 1181.4 1183.81 1182.25 1181.6 1180.51 1180.01 1179.72 1179.63 1178.94 1179.72 1179.79 1179.99 1179.62 1179.37 1180.3 1180.47 1181.1 1182.03 1183.2 1183.7 1186.22 1187.62 1189.16 1190.04 1190.97 1191.8 1193.71 1194.34 1195.03 1195.8 1196 1196.13 1196.84 1196.97 1197.07 1197.24 1197.48 1197.14 1197.74 1197.59 1197.63 1197.57 1197.66 1197.93 1196.81 1201.19 1202.03 1202.37 1198 1194.37 1192.15 1191.06 1189.31 1187.58 1186.26 1187.95 1188.73 1188.64 1185.81 1184.55 1183.28 1182.71 1183.64 1184.65 1185.68 1185.63 1185.85 1187.25 1187.47 1187.73 1188.17 1188.69 1189.43 1190.32 1191.27 1193.17 1194.36 1195.61 1197.13 1199.09 1201.19 1203.06 1207.78 1214.99 1220.87 1232.57 1245.38 1258.99 1274.65 1291.97 1309.21 1322.5 1338.03 1349.92 1361.19 1366.7 1372 1377.27 1381.98 1386.72 1391.42 1395.16 1396.1 1397.48 1398.15 1397.85 1397.25 1396.28 1395.08 1394.15 1393.51 1397.95 1405.46 1419.01 1420.42 1419.86 1419.36 1418.91 1418.38 1417.7 1416.64 1415.14 1413.7 1406.2 1400.7 1395.12 1393.05 1388.13 1383.5 1379 1374.77 1370.65 1366.79 1363.26 1359.93 1356.59 1353.97 1351.75 1349.59 1351.19 1351.77 1352.1 1351.61 1352.96 1354.26 1355.94 1358.98 1362 1365.6 1376.39 1386.93 1397.56 1418.7 1440.38 1461.67 1483.79 1505.76 1528.22 1534.33 1548.87 1563.36 1573.74 1579.33 1585.13 1601.75 1605.88 1609.79 1614.47 1620.11 1625.94 1633.48 1644.58 1655.82 1664.67 1665.54 1666.33 1663.97 1645.58 1626.84 1606.42 1578 1549.16 1520.83 1471.44 1422.59 1372.89 1102.71 806.249 514.367 437.644 409.811 382.302 376.804 378.63 380.41 381.784 382.904 384.026 385.147 386.294 387.405 388.52 389.6 390.68 391.77 392.926 394.047 395.174 396.275 397.374 398.475 399.709 400.907 402.116 403.324 404.534 405.721 407.132 408.512 409.906 411.322 412.755 414.156 415.817 417.492 419.206 420.868 422.558 424.231 425.895 433.145 434.704 436.166 437.623 439.023 434.224 435.816 437.461 439.002 440.377 441.696 443.024 444.352 445.669 446.959 448.42 449.852 451.299 452.625 453.964 455.272 456.511 464.582 465.801 466.826 467.801 468.676 462.433 463.996 465.661 467.136 468.416 469.675 470.991 472.363 473.785 475.19 476.546 483.913 485.221 486.442 487.648 488.875 484.28 486.291 488.439 490.213 491.816 493.364 495 496.682 504.071 499.781 501.455 503.213 505.06 506.522 507.989 509.416 510.851 512.258 513.686 520.404 521.611 522.717 517.538 519.413 521.554 523.637 524.892 526.094 527.281 534.093 535.427 536.741 532.197 534.345 536.774 538.816 540.114 541.318 547.833 549.199 550.494 551.898 547.476 549.506 551.648 553.412 560.584 561.957 557.529 559.488 561.638 563.912 565.737 567.461 574.222 575.593 576.91 583.397 574.212 576.441 578.904 581.523 587.46 588.736 589.935 585.524 587.651 590.002 592.655 597.876 598.563 599.189 596.282 598.174 600.197 602.264 607.219 608.177 609.223 605.401 607.252 609.158 611.123 616.659 617.444 618.35 614.618 616.313 618.091 624.652 621.385 622.812 624.329 625.691 626.679 631.892 633.394 630.842 633.38 635.935 638.25 643.014 643.958 645.038 640.97 642.238 643.385 649.548 645.255 645.64 645.925 645.975 649.73 649.02 648.643 643.329 643.878 644.432 650.141 646.352 646.74 647.054 647.306 650.611 650.215 649.843 645.724 645.816 650.651 650.568 645.748 647.14 648.268 655.761 650.905 652.812 654.579 656.149 657.475 659.285 660.912 662.303 663.283 667.828 667.976 668.652 665.174 665.602 670.187 670.402 667.002 667.726 668.245 673.238 670.16 671.425 672.523 677.517 674.832 675.821 676.457 676.717 677.066 678.764 680.209 681.354 682.236 683.875 685.311 686.395 687.163 688.614 690.513 691.969 693.028 694.109 696.672 698.799 700.561 701.899 704.286 706.537 708.435 709.921 711.844 714.062 715.77 716.915 724.713 720.421 723.323 726.127 732.397 731.505 729.699 727.72 724.153 725.545 723.69 725.103 729.648 730.479 731.931 729.659 733.525 733.665 734.549 736.286 731.662 733.536 735.014 736.051 742.903 738.358 739.369 739.761 745.748 747.706 742.352 744.429 753.577 752.004 747.055 742.092 738.114 735.183 732.452 730.01 728.889 728.95 727.988 726.039 729.89 726.161 727.846 729.377 731.143 732.666 733.996 735.12 735.897 736.318 736.399 739.596 740.792 736.825 737.856 738.967 739.772 740.246 745.13 741.81 742.367 745.804 745.366 745.74 745.933 741.604 742.147 742.213 741.806 744.991 745.922 742.352 743.123 743.875 744.289 744.352 748.893 745.082 746.438 747.881 749.581 750.872 751.8 758.871 754.304 756.672 759.52 762.586 765.128 771.263 772.488 770.834 771.889 771.961 771.686 771.455 774.791 776.457 772.353 773.957 776.336 778.221 779.445 782.762 786.441 790.249 780.778 785.037 789.406 793.742 799.285 804.115 808.008 817.286 818.01 812.368 813.373 815.308 816.753 817.668 820.743 819.649 819.073 815.687 818.058 820.307 822.596 824.807 826.779 830.458 832.106 833.827 835.652 833.909 836.026 838.125 840.442 842.768 845.045 847.293 849.537 851.508 856.337 858.541 857.208 859.44 862.397 865.25 868.059 870.91 873.64 876.093 879.765 881.719 883.803 885.952 885.967 888.593 891.439 894.649 897.874 901.003 904.047 907.007 909.982 912.939 915.806 918.48 922.485 924.922 925.062 927.941 931.261 934.552 938.059 941.657 945.299 948.849 952.41 955.908 959.515 963.188 966.8 971.201 973.702 976.102 978.588 981.471 984.584 986.027 989.61 993.231 996.903 1000.05 1003.11 1006.14 1009.57 1013.1 1016.67 1020.04 1023.36 1026.63 1030.35 1034.46 1038.63 1042.25 1045.06 1047.84 1051.07 1055.26 1059.52 1063.72 1068.12 1072.41 1076.67 1079.88 1083.15 1086.36 1090.81 1094.35 1098 1101.23 1104.5 1107.69 1111.26 1114.83 1118.48 1121.77 1125.03 1128.22 1131.57 1134.9 1138.3 1141.75 1145.37 1148.9 1152.33 1155.48 1158.72 1162 1165.52 1168.97 1172.39 1175.54 1178.77 1181.89 1185.01 1188.06 1191.46 1194.04 1196.66 1199.23 1201.8 1204.33 1206.9 1209.38 1211.93 1214.47 1216.76 1218.99 1221.27 1223.45 1225.65 1227.85 1229.83 1231.68 1233.56 1235.35 1237.13 1238.9 1240.55 1242.03 1243.53 1245 1246.46 1246.71 1248.02 1249.14 1250.32 1253.04 1253.82 1254.61 1255.44 1256.29 1257.16 1258.04 1258.72 1259.38 1260.04 1260.5 1260.89 1261.27 1261.44 1261.46 1259.62 1259.43 1259.12 1258.78 1261.38 1261.29 1261.19 1261.08 1260.9 1260.68 1260.4 1259.95 1259.44 1258.88 1255.63 1255.04 1254.42 1254.47 1253.33 1252.35 1251.38 1250.41 1249.51 1248.56 1247.33 1246.13 1243.67 1243.38 1243.18 1242.29 1233.84 1229.99 1226.51 1224.17 1222.47 1221.16 1219.59 1218.82 1216.59 1212.85 1210.68 1208.72 1206.89 1204.41 1201.89 1199.42 1197.02 1195.46 1193.1 1189.71 1187.21 1184.85 1182.48 1179.86 1177.23 1175.03 1172.46 1170.04 1167.62 1163.22 1160.59 1158.21 1155.88 1153.22 1150.73 1148.08 1143.94 1140.98 1138.09 1135.37 1132.77 1130.41 1127.51 1124.38 1121.37 1118.57 1115.72 1112.95 1110.23 1108.5 1106.02 1103.73 1100.72 1096.05 1093.56 1091.36 1090.06 1087.75 1085.83 1080.63 1077.78 1075.17 1072.73 1069.8 1066.62 1063.62 1060.71 1058.46 1056.34 1055.83 1052.37 1050.57 1048.89 1047.41 1045.68 1045.28 1043.35 1038.93 1035.94 1033.05 1030.18 1029.63 1027.21 1024.97 1020.2 1017.75 1015.38 1014.97 1010.6 1008.25 1006.04 1004.04 1002.16 1002.15 1000.31 995.635 993.06 990.522 987.937 984.805 981.589 978.547 975.579 972.761 972.29 969.853 969.921 970.224 974.14 979.452 984.764 985.912 986.174 985.538 983.485 976.133 968.792 961.701 954.484 958.866 952.198 948.382 943.808 942.553 944.695 942.795 938.33 936.362 934.241 934.781 930.015 928.113 926.103 924.051 921.795 919.403 916.887 914.33 911.651 908.823 905.923 903.085 900.271 901.156 898.499 896.838 893.616 891.992 891.919 889.952 887.788 882.942 883.268 880.917 878.743 873.979 871.762 872.148 869.937 865.213 863.107 863.672 861.438 858.909 852.972 853.807 851.237 848.952 843.517 841.196 841.865 839.953 838.166 834.134 831.483 828.559 825.553 822.606 823.458 826.719 829.857 832.771 830.607 824.043 818.089 812.938 815.756 806.977 804.248 801.349 803.376 800.681 794.251 791.981 793.652 791.554 789.806 784.507 782.442 780.33 778.247 776.26 773.664 770.891 768.184 765.63 768.205 762.761 761.16 763.154 761.308 760.124 755.496 753.899 751.684 749.433 747.072 747.614 750.641 752.866 754.366 752.256 749.755 744.251 741.878 738.336 735.108 732.296 734.867 726.711 723.717 720.87 723.636 722.726 721.626 716.335 713.668 711.326 709.23 712.599 711.471 706.809 705.689 703.865 702.192 700.724 703.885 698.593 697.52 696.378 694.337 692.539 690.973 689.207 686.61 684.175 681.82 689.129 683.678 682.146 676.8 673.922 670.939 671.501 671.3 674.205 675.942 678.717 676.752 675.377 673.812 671.018 669.23 668.497 666.226 662.837 660.009 656.63 652.51 649.002 653.984 651.534 642.588 640.228 637.728 635.28 632.835 637.299 636.093 634.794 633.258 626.878 625.163 623.443 621.239 619.111 617.073 620.457 619.048 613.458 611.853 609.904 607.948 606.028 603.439 601.047 598.772 602.014 600.291 594.253 592.541 590.859 589.143 587.197 584.727 582.419 585.28 583.517 581.797 580.095 573.913 572.13 570.33 568.603 566.866 565.162 563.25 561.252 559.318 562.488 561.013 559.535 553.879 551.815 549.771 547.813 546.293 544.782 543.206 541.028 538.8 536.757 540.679 539.169 537.595 536.03 529.317 527.687 526.009 524.328 522.631 521.04 519.664 518.284 516.865 515.528 514.144 512.759 511.034 509.368 507.72 511.743 510.324 508.9 507.206 500.361 498.404 496.634 494.919 493.226 491.507 489.821 488.105 486.551 485.158 483.766 482.345 480.969 479.559 478.208 476.992 475.774 474.52 473.315 472.079 470.851 469.564 468.293 466.994 465.695 464.361 463.037 466.524 465.127 463.682 462.341 460.987 459.652 458.244 456.845 455.401 454.031 452.654 451.3 449.895 448.508 447.076 445.642 444.122 442.629 441.115 439.677 438.193 436.713 435.123 433.561 431.944 430.344 428.693 427.128 425.906 424.712 420.934 419.683 418.354 416.985 415.509 413.998 412.4 410.84 409.222 407.581 405.637 403.584 401.432 400.003 399.07 398.295 514.675 724.991 941.373 1084.16 1139.38 1191.92 1227.65 1233.84 1240.4 1244.58 1240.68 1236.33 1231.71 1220.4 1218.53 1217.18 1218.68 1220.34 1222.49 1227.99 1230.72 1233.17 1237.33 1241.64 1245.72 1248.36 1250.21 1251.77 1254.93 1259.79 1265 1268.03 1272.79 1271.98 1268.2 1270.57 1273.05 1275.27 1274.59 1273.9 1273.18 1271.8 1270.29 1268.74 1268.01 1267.55 1269.37 1269.96 1270.65 1271.33 1271.84 1273.96 1276.04 1277.18 1275.98 1275.45 1275.47 1274.42 1264.57 1262.81 1267.42 1262.95 1259.06 1254.98 1250.89 1247.43 1244.6 1242.3 1240.17 1228.14 1227.13 1226.13 1225.66 1225.26 1224.08 1223.14 1222.53 1222.05 1221.63 1218.68 1217.02 1215.54 1213.21 1206.65 1200.07 1193.67 1182.01 1162.94 1150.26 1145.21 1134 1123.4 1114.9 1113.6 1112.12 1110.49 1113.42 1116.18 1119.15 1123.91 1129.48 1134.68 1139.93 1146.57 1155.51 1162.09 1171.58 1178.08 1184.15 1186.62 1183.98 1175.71 1172.07 1165.18 1159.53 1154.99 1150.96 1146.97 1143.2 1140.65 1139.73 1139.21 1139.06 1140.33 1142.32 1143.79 1146.28 1147.96 1149.55 1150.98 1151.69 1151.42 1151.53 1151.98 1152.14 1152.29 1152.46 1152.15 1152.29 1152.37 1152.32 1152.56 1152.23 1151.41 1150.79 1149.31 1147.74 1146.14 1143.73 1140.27 1137.41 1133.79 1131.7 1130.04 1128.75 1127.34 1126.33 1126.44 1127.68 1126.5 1123.94 1118.87 1115 1111.97 1108.92 1105.93 1103.52 1101.01 1097.61 1093.42 1078.11 1039.76 998.972 913.977 807.784 739.572 681.915 671.007 669.246 672.341 675.367 681.59 681.318 684.457 687.739 691.057 697.402 700.619 703.673 707.078 705.964 713.979 717.525 722.748 723.527 729.35 740.305 737.077 738.605 734.897 731.081 727.629 727.416 729.208 730.984 735.916 735.611 738.87 742.208 745.519 748.793 751.673 754.614 757.519 760.488 763.434 766.464 769.478 772.576 775.741 779.067 782.442 785.978 789.906 794.659 799.77 805.406 811.528 822.128 833.345 845.551 858.347 866.173 869.085 871.296 872.732 869.528 867.411 864.923 863.319 863.646 863.173 863.932 864.793 866.875 868.378 868.757 870.529 873.844 875.742 877.643 878.234 880.294 882.535 884.975 887.535 890.019 892.495 895.119 897.805 901.66 903.11 905.83 908.633 912.819 915.465 917.152 919.876 923.866 926.505 929.064 930.774 933.305 935.986 938.905 942.895 944.924 947.663 950.515 954.357 957.181 959.841 961.88 964.26 966.624 968.973 973.012 973.255 975.988 979.009 985.825 988.846 991.601 992.622 996.457 1000.61 1005.02 1010.57 1013.04 1014.75 1016.39 1018.24 1020.3 1022.42 1024.47 1026.57 1028.47 1030.38 1032.45 1034.33 1036.22 1038.13 1039.99 1041.81 1043.67 1045.63 1047.3 1048.95 1050.45 1052.21 1053.95 1055.61 1057.42 1058.95 1060.63 1061.36 1063.27 1065 1066.63 1068.64 1069.65 1070.93 1070.49 1072.31 1074.13 1075.92 1079.59 1080.27 1081.24 1082.49 1081.32 1082.32 1083.5 1084.57 1085.55 1086.42 1088.64 1088.58 1086.94 1088.19 1090.31 1091.61 1089.29 1089.32 1089.46 1089.61 1087.66 1087.9 1088.13 1088.28 1088.31 1088.24 1089.66 1089.5 1089.43 1087.65 1087.39 1087.13 1086.86 1086.49 1086.08 1085.65 1086.81 1086.23 1085.69 1083.5 1083 1082.51 1081.98 1081.38 1080.76 1080.15 1079.64 1079.13 1078.59 1079.96 1077.18 1076.57 1075.99 1075.44 1074.85 1074.3 1073.79 1073.23 1074.27 1073.51 1072.69 1071.9 1071.07 1067.95 1067.14 1066.12 1065.03 1063.96 1062.98 1062.04 1061.07 1060.07 1059 1057.89 1058.61 1057.35 1056.08 1054.83 1053.48 1049.48 1048.12 1046.67 1045.2 1043.74 1042.4 1041.06 1039.68 1038.3 1036.86 1035.43 1033.71 1031.92 1030.11 1028.35 1026.56 1024.78 1025.18 1023.06 1020.92 1018.86 1016.79 1011.37 1009.26 1007.16 1005.03 1003.01 1001.32 999.644 997.977 996.717 995.41 994.083 991.865 989.685 987.469 986.141 984.832 983.53 981.07 978.446 975.78 973.924 972.269 970.63 968.341 965.797 963.209 961.18 959.472 957.782 955.723 953.374 950.981 948.403 
        </DataArray>
        <DataArray type="Float64" Name="Tau1" format="ascii">
0 0 0 0 0 0 0 0 0 0 0 0 0 0 0 0 0 0 0 0 0 0 0 0 0 0 0 0 0 0 0 0 0 0 0 0 0 0 0 0 0 0 0 0 0 0 0 0 0 0 0 0 0 0 0 0 0 0 0 0 0 0 0 0 0 0 0 0 0 0 0 0 0 0 0 0 0 0 0 0 0 0 0 0 0 0 0 0 0 0 0 0 0 0 0 0 0 0 0 0 0 0 0 0 0 0 0 0 0 0 0 0 0 0 0 0 0 0 0 0 0 0 0 0 0 0 0 0 0 0 0 0 0 0 0 0 0 0 0 0 0 0 0 0 0 0 0 0 0 0 0 0 0 0 0 0 0 0 0 0 0 0 0 0 0 0 0 0 0 0 0 0 0 0 0 0 0 0 0 0 0 0 0 0 0 0 0 0 0 0 0 0 0 0 0 0 0 0 0 0 0 0 0 0 0 0 0 0 0 0 0 0 0 0 0 0 0 0 0 0 0 0 0 0 0 0 0 0 0 0 0 0 0 0 0 0 0 0 0 0 0 0 0 0 0 0 0 0 0 0 0 0 0 0 0 0 0 0 0 0 0 0 0 0 0 0 0 0 0 0 0 0 0 0 0 0 0 0 0 0 0 0 0 0 0 0 0 0 0 0 0 0 0 0 0 0 0 0 0 0 0 0 0 0 0 0 0 0 0 0 0 0 0 0 0 0 0 0 0 0 0 0 0 0 0 0 0 0 0 0 0 0 0 0 0 0 0 0 0 0 0 0 0 0 0 0 0 0 0 0 0 0 0 0 0 0 0 0 0 0 0 0 0 0 0 0 0 0 0 0 0 0 0 0 0 0 0 0 0 0 0 0 0 0 0 0 0 0 0 0 0 0 0 0 0 0 0 0 0 0 0 0 0 0 0 0 0 0 0 0 0 0 0 0 0 0 0 0 0 0 0 0 0 0 0 0 0 0 0 0 0 0 0 0 0 0 0 0 0 0 0 0 0 0 0 0 0 0 0 0 0 0 0 0 0 0 0 0 0 0 0 0 0 0 0 0 0 0 0 0 0 0 0 0 0 0 0 0 0 0 0 0 0 0 0 0 0 0 0 0 0 0 0 0 0 0 0 0 0 0 0 0 0 0 0 0 0 0 0 0 0 0 0 0 0 0 0 0 0 0 0 0 0 0 0 0 0 0 0 0 0 0 0 0 0 0 0 0 0 0 0 0 0 0 0 0 0 0 0 0 0 0 0 0 0 0 0 0 0 0 0 0 0 0 0 0 0 0 0 0 0 0 0 0 0 0 0 0 0 0 0 0 0 0 0 0 0 0 0 0 0 0 0 0 0 0 0 0 0 0 0 0 0 0 0 0 0 0 0 0 0 0 0 0 0 0 0 0 0 0 0 0 0 0 0 0 0 0 0 0 0 0 0 0 0 0 0 0 0 0 0 0 0 0 0 0 0 0 0 0 0 0 0 0 0 0 0 0 0 0 0 0 0 0 0 0 0 0 0 0 0 0 0 0 0 0 0 0 0 0 0 0 0 0 0 0 0 0 0 0 0 0 0 0 0 0 0 0 0 0 0 0 0 0 0 0 0 0 0 0 0 0 0 0 0 0 0 0 0 0 0 0 0 0 0 0 0 0 0 0 0 0 0 0 0 0 0 0 0 0 0 0 0 0 0 0 0 0 0 0 0 0 0 0 0 0 0 0 0 0 0 0 0 0 0 0 0 0 0 0 0 0 0 0 0 0 0 0 0 0 0 0 0 0 0 0 0 0 0 0 0 0 0 0 0 0 0 0 0 0 0 0 0 0 0 0 0 0 0 0 0 0 0 0 0 0 0 0 0 0 0 0 0 0 0 0 0 0 0 0 0 0 0 0 0 0 0 0 0 0 0 0 0 0 0 0 0 0 0 0 0 0 0 0 0 0 0 0 0 0 0 0 0 0 0 0 0 0 0 0 0 0 0 0 0 0 0 0 0 0 0 0 0 0 0 0 0 0 0 0 0 0 0 0 0 0 0 0 0 0 0 0 0 0 0 0 0 0 0 0 0 0 0 0 0 0 0 0 0 0 0 0 0 0 0 0 0 0 0 0 0 0 0 0 0 0 0 0 0 0 0 0 0 0 0 0 0 0 0 0 0 0 0 0 0 0 0 0 0 0 0 0 0 0 0 0 0 0 0 0 0 0 0 0 0 0 0 0 0 0 0 0 0 0 0 0 0 0 0 0 0 0 0 0 0 0 0 0 0 0 0 0 0 0 0 0 0 0 0 0 0 0 0 0 0 0 0 0 0 0 0 0 0 0 0 0 0 0 0 0 0 0 0 0 0 0 0 0 0 0 0 0 0 0 0 0 0 0 0 0 0 0 0 0 0 0 0 0 0 0 0 0 0 0 0 0 0 0 0 0 0 0 0 0 0 0 0 0 0 0 0 0 0 0 0 0 0 0 0 0 0 0 0 0 0 0 0 0 0 0 0 0 0 0 0 0 0 0 0 0 0 0 0 0 0 0 0 0 0 0 0 0 0 0 0 0 0 0 0 0 0 0 0 0 0 0 0 0 0 0 0 0 0 0 0 0 0 0 0 0 0 0 0 0 0 0 0 0 0 0 0 0 0 0 0 0 0 0 0 0 0 0 0 0 0 0 0 0 0 0 0 0 0 0 0 0 0 0 0 0 0 0 0 0 0 0 0 0 0 0 0 0 0 0 0 0 0 0 0 0 0 0 0 0 0 0 0 0 0 0 0 0 0 0 0 0 0 0 0 0 0 0 0 0 0 0 0 0 0 0 0 0 0 0 0 0 0 0 0 0 0 0 0 0 0 0 0 0 0 0 0 0 0 0 0 0 0 0 0 0 0 0 0 0 0 0 0 0 0 0 0 0 0 0 0 0 0 0 0 0 0 0 0 0 0 0 0 0 0 0 0 0 0 0 0 0 0 0 0 0 0 0 0 0 0 0 0 0 0 0 0 0 0 0 0 0 0 0 0 0 0 0 0 0 0 0 0 0 0 0 0 0 0 0 0 0 0 0 0 0 0 0 0 0 0 0 0 0 0 0 0 0 0 0 0 0 0 0 0 0 0 0 0 0 0 0 0 0 0 0 0 0 0 0 0 0 0 0 0 0 0 0 0 0 0 0 0 0 0 0 0 0 0 0 0 0 0 0 0 0 0 0 0 0 0 0 0 0 0 0 0 0 0 0 0 0 0 0 0 0 0 0 0 0 0 0 0 0 0 0 0 0 0 0 0 0 0 0 0 0 0 0 0 0 0 0 0 0 0 0 0 0 0 0 0 0 0 0 0 0 0 0 0 0 0 0 0 0 0 0 0 0 0 0 0 0 0 0 0 0 0 0 0 0 0 0 0 0 0 0 0 0 0 0 0 0 0 0 0 0 0 0 0 0 0 0 0 0 0 0 0 0 0 0 0 0 0 0 0 0 0 0 0 0 0 0 0 0 0 0 0 0 0 0 0 0 0 0 0 0 0 0 0 0 0 0 0 0 0 0 0 0 0 0 0 0 0 0 0 0 0 0 0 0 0 0 0 0 0 0 0 0 0 0 0 0 0 0 0 0 0 0 0 0 0 0 0 0 0 0 0 0 0 0 0 0 0 0 0 0 0 0 0 0 0 0 0 0 0 0 0 0 0 0 0 0 0 0 0 0 0 0 0 0 0 0 0 0 0 0 0 0 0 0 0 0 0 0 0 0 0 0 0 0 0 0 0 0 0 0 0 0 0 0 0 0 0 0 0 0 0 0 0 0 0 0 0 0 0 0 0 0 0 0 0 0 0 0 0 0 0 0 0 0 0 0 0 0 0 0 0 0 0 0 0 0 0 0 0 0 0 0 0 0 0 0 0 0 0 0 0 0 0 0 0 0 0 0 0 0 0 0 0 0 0 0 0 0 0 0 0 0 0 0 0 0 0 0 0 0 0 0 0 0 0 0 0 0 0 0 0 0 0 0 0 0 0 0 0 0 0 0 0 0 0 0 0 0 0 0 0 0 0 0 0 0 0 0 0 0 0 0 0 0 0 0 0 0 0 0 0 0 0 0 0 0 0 0 0 0 0 0 0 0 0 0 0 0 0 0 0 0 0 0 0 0 0 0 0 0 0 0 0 0 0 0 0 0 0 0 0 0 0 0 0 0 0 0 0 0 0 0 0 0 0 0 0 0 0 0 0 0 0 0 0 0 0 0 0 0 0 0 0 0 0 0 0 0 0 0 0 0 0 0 0 0 0 0 0 0 0 0 0 0 0 0 0 0 0 0 0 0 0 0 0 0 0 0 0 0 0 0 0 0 0 0 0 0 0 0 0 0 0 0 0 0 0 0 0 0 0 0 0 0 0 0 0 0 0 0 0 0 0 0 0 0 0 0 0 0 0 0 0 0 0 0 0 0 0 0 0 0 0 0 0 0 0 0 0 0 0 0 0 0 0 0 0 0 0 0 0 0 0 0 0 0 0 0 0 0 0 0 0 0 0 0 0 0 0 0 
        </DataArray>
        <DataArray type="Float64" Name="Tau2" format="ascii">
0 0 0 0 0 0 0 0 0 0 0 0 0 0 0 0 0 0 0 0 0 0 0 0 0 0 0 0 0 0 0 0 0 0 0 0 0 0 0 0 0 0 0 0 0 0 0 0 0 0 0 0 0 0 0 0 0 0 0 0 0 0 0 0 0 0 0 0 0 0 0 0 0 0 0 0 0 0 0 0 0 0 0 0 0 0 0 0 0 0 0 0 0 0 0 0 0 0 0 0 0 0 0 0 0 0 0 0 0 0 0 0 0 0 0 0 0 0 0 0 0 0 0 0 0 0 0 0 0 0 0 0 0 0 0 0 0 0 0 0 0 0 0 0 0 0 0 0 0 0 0 0 0 0 0 0 0 0 0 0 0 0 0 0 0 0 0 0 0 0 0 0 0 0 0 0 0 0 0 0 0 0 0 0 0 0 0 0 0 0 0 0 0 0 0 0 0 0 0 0 0 0 0 0 0 0 0 0 0 0 0 0 0 0 0 0 0 0 0 0 0 0 0 0 0 0 0 0 0 0 0 0 0 0 0 0 0 0 0 0 0 0 0 0 0 0 0 0 0 0 0 0 0 0 0 0 0 0 0 0 0 0 0 0 0 0 0 0 0 0 0 0 0 0 0 0 0 0 0 0 0 0 0 0 0 0 0 0 0 0 0 0 0 0 0 0 0 0 0 0 0 0 0 0 0 0 0 0 0 0 0 0 0 0 0 0 0 0 0 0 0 0 0 0 0 0 0 0 0 0 0 0 0 0 0 0 0 0 0 0 0 0 0 0 0 0 0 0 0 0 0 0 0 0 0 0 0 0 0 0 0 0 0 0 0 0 0 0 0 0 0 0 0 0 0 0 0 0 0 0 0 0 0 0 0 0 0 0 0 0 0 0 0 0 0 0 0 0 0 0 0 0 0 0 0 0 0 0 0 0 0 0 0 0 0 0 0 0 0 0 0 0 0 0 0 0 0 0 0 0 0 0 0 0 0 0 0 0 0 0 0 0 0 0 0 0 0 0 0 0 0 0 0 0 0 0 0 0 0 0 0 0 0 0 0 0 0 0 0 0 0 0 0 0 0 0 0 0 0 0 0 0 0 0 0 0 0 0 0 0 0 0 0 0 0 0 0 0 0 0 0 0 0 0 0 0 0 0 0 0 0 0 0 0 0 0 0 0 0 0 0 0 0 0 0 0 0 0 0 0 0 0 0 0 0 0 0 0 0 0 0 0 0 0 0 0 0 0 0 0 0 0 0 0 0 0 0 0 0 0 0 0 0 0 0 0 0 0 0 0 0 0 0 0 0 0 0 0 0 0 0 0 0 0 0 0 0 0 0 0 0 0 0 0 0 0 0 0 0 0 0 0 0 0 0 0 0 0 0 0 0 0 0 0 0 0 0 0 0 0 0 0 0 0 0 0 0 0 0 0 0 0 0 0 0 0 0 0 0 0 0 0 0 0 0 0 0 0 0 0 0 0 0 0 0 0 0 0 0 0 0 0 0 0 0 0 0 0 0 0 0 0 0 0 0 0 0 0 0 0 0 0 0 0 0 0 0 0 0 0 0 0 0 0 0 0 0 0 0 0 0 0 0 0 0 0 0 0 0 0 0 0 0 0 0 0 0 0 0 0 0 0 0 0 0 0 0 0 0 0 0 0 0 0 0 0 0 0 0 0 0 0 0 0 0 0 0 0 0 0 0 0 0 0 0 0 0 0 0 0 0 0 0 0 0 0 0 0 0 0 0 0 0 0 0 0 0 0 0 0 0 0 0 0 0 0 0 0 0 0 0 0 0 0 0 0 0 0 0 0 0 0 0 0 0 0 0 0 0 0 0 0 0 0 0 0 0 0 0 0 0 0 0 0 0 0 0 0 0 0 0 0 0 0 0 0 0 0 0 0 0 0 0 0 0 0 0 0 0 0 0 0 0 0 0 0 0 0 0 0 0 0 0 0 0 0 0 0 0 0 0 0 0 0 0 0 0 0 0 0 0 0 0 0 0 0 0 0 0 0 0 0 0 0 0 0 0 0 0 0 0 0 0 0 0 0 0 0 0 0 0 0 0 0 0 0 0 0 0 0 0 0 0 0 0 0 0 0 0 0 0 0 0 0 0 0 0 0 0 0 0 0 0 0 0 0 0 0 0 0 0 0 0 0 0 0 0 0 0 0 0 0 0 0 0 0 0 0 0 0 0 0 0 0 0 0 0 0 0 0 0 0 0 0 0 0 0 0 0 0 0 0 0 0 0 0 0 0 0 0 0 0 0 0 0 0 0 0 0 0 0 0 0 0 0 0 0 0 0 0 0 0 0 0 0 0 0 0 0 0 0 0 0 0 0 0 0 0 0 0 0 0 0 0 0 0 0 0 0 0 0 0 0 0 0 0 0 0 0 0 0 0 0 0 0 0 0 0 0 0 0 0 0 0 0 0 0 0 0 0 0 0 0 0 0 0 0 0 0 0 0 0 0 0 0 0 0 0 0 0 0 0 0 0 0 0 0 0 0 0 0 0 0 0 0 0 0 0 0 0 0 0 0 0 0 0 0 0 0 0 0 0 0 0 0 0 0 0 0 0 0 0 0 0 0 0 0 0 0 0 0 0 0 0 0 0 0 0 0 0 0 0 0 0 0 0 0 0 0 0 0 0 0 0 0 0 0 0 0 0 0 0 0 0 0 0 0 0 0 0 0 0 0 0 0 0 0 0 0 0 0 0 0 0 0 0 0 0 0 0 0 0 0 0 0 0 0 0 0 0 0 0 0 0 0 0 0 0 0 0 0 0 0 0 0 0 0 0 0 0 0 0 0 0 0 0 0 0 0 0 0 0 0 0 0 0 0 0 0 0 0 0 0 0 0 0 0 0 0 0 0 0 0 0 0 0 0 0 0 0 0 0 0 0 0 0 0 0 0 0 0 0 0 0 0 0 0 0 0 0 0 0 0 0 0 0 0 0 0 0 0 0 0 0 0 0 0 0 0 0 0 0 0 0 0 0 0 0 0 0 0 0 0 0 0 0 0 0 0 0 0 0 0 0 0 0 0 0 0 0 0 0 0 0 0 0 0 0 0 0 0 0 0 0 0 0 0 0 0 0 0 0 0 0 0 0 0 0 0 0 0 0 0 0 0 0 0 0 0 0 0 0 0 0 0 0 0 0 0 0 0 0 0 0 0 0 0 0 0 0 0 0 0 0 0 0 0 0 0 0 0 0 0 0 0 0 0 0 0 0 0 0 0 0 0 0 0 0 0 0 0 0 0 0 0 0 0 0 0 0 0 0 0 0 0 0 0 0 0 0 0 0 0 0 0 0 0 0 0 0 0 0 0 0 0 0 0 0 0 0 0 0 0 0 0 0 0 0 0 0 0 0 0 0 0 0 0 0 0 0 0 0 0 0 0 0 0 0 0 0 0 0 0 0 0 0 0 0 0 0 0 0 0 0 0 0 0 0 0 0 0 0 0 0 0 0 0 0 0 0 0 0 0 0 0 0 0 0 0 0 0 0 0 0 0 0 0 0 0 0 0 0 0 0 0 0 0 0 0 0 0 0 0 0 0 0 0 0 0 0 0 0 0 0 0 0 0 0 0 0 0 0 0 0 0 0 0 0 0 0 0 0 0 0 0 0 0 0 0 0 0 0 0 0 0 0 0 0 0 0 0 0 0 0 0 0 0 0 0 0 0 0 0 0 0 0 0 0 0 0 0 0 0 0 0 0 0 0 0 0 0 0 0 0 0 0 0 0 0 0 0 0 0 0 0 0 0 0 0 0 0 0 0 0 0 0 0 0 0 0 0 0 0 0 0 0 0 0 0 0 0 0 0 0 0 0 0 0 0 0 0 0 0 0 0 0 0 0 0 0 0 0 0 0 0 0 0 0 0 0 0 0 0 0 0 0 0 0 0 0 0 0 0 0 0 0 0 0 0 0 0 0 0 0 0 0 0 0 0 0 0 0 0 0 0 0 0 0 0 0 0 0 0 0 0 0 0 0 0 0 0 0 0 0 0 0 0 0 0 0 0 0 0 0 0 0 0 0 0 0 0 0 0 0 0 0 0 0 0 0 0 0 0 0 0 0 0 0 0 0 0 0 0 0 0 0 0 0 0 0 0 0 0 0 0 0 0 0 0 0 0 0 0 0 0 0 0 0 0 0 0 0 0 0 0 0 0 0 0 0 0 0 0 0 0 0 0 0 0 0 0 0 0 0 0 0 0 0 0 0 0 0 0 0 0 0 0 0 0 0 0 0 0 0 0 0 0 0 0 0 0 0 0 0 0 0 0 0 0 0 0 0 0 0 0 0 0 0 0 0 0 0 0 0 0 0 0 0 0 0 0 0 0 0 0 0 0 0 0 0 0 0 0 0 0 0 0 0 0 0 0 0 0 0 0 0 0 0 0 0 0 0 0 0 0 0 0 0 0 0 0 0 0 0 0 0 0 0 0 0 0 0 0 0 0 0 0 0 0 0 0 0 0 0 0 0 0 0 0 0 0 0 0 0 0 0 0 0 0 0 
        </DataArray>
        <DataArray type="Float64" Name="dTdn" format="ascii">
0 0 0 0 0 0 0 0 0 0 0 0 0 0 0 0 0 0 0 0 0 0 0 0 0 0 0 0 0 0 0 0 0 0 0 0 0 0 0 0 0 0 0 0 0 0 0 0 0 0 0 0 0 0 0 0 0 0 0 0 0 0 0 0 0 0 0 0 0 0 0 0 0 0 0 0 0 0 0 0 0 0 0 0 0 0 0 0 0 0 0 0 0 0 0 0 0 0 0 0 0 0 0 0 0 0 0 0 0 0 0 0 0 0 0 0 0 0 0 0 0 0 0 0 0 0 0 0 0 0 0 0 0 0 0 0 0 0 0 0 0 0 0 0 0 0 0 0 0 0 0 0 0 0 0 0 0 0 0 0 0 0 0 0 0 0 0 0 0 0 0 0 0 0 0 0 0 0 0 0 0 0 0 0 0 0 0 0 0 0 0 0 0 0 0 0 0 0 0 0 0 0 0 0 0 0 0 0 0 0 0 0 0 0 0 0 0 0 0 0 0 0 0 0 0 0 0 0 0 0 0 0 0 0 0 0 0 0 0 0 0 0 0 0 0 0 0 0 0 0 0 0 0 0 0 0 0 0 0 0 0 0 0 0 0 0 0 0 0 0 0 0 0 0 0 0 0 0 0 0 0 0 0 0 0 0 0 0 0 0 0 0 0 0 0 0 0 0 0 0 0 0 0 0 0 0 0 0 0 0 0 0 0 0 0 0 0 0 0 0 0 0 0 0 0 0 0 0 0 0 0 0 0 0 0 0 0 0 0 0 0 0 0 0 0 0 0 0 0 0 0 0 0 0 0 0 0 0 0 0 0 0 0 0 0 0 0 0 0 0 0 0 0 0 0 0 0 0 0 0 0 0 0 0 0 0 0 0 0 0 0 0 0 0 0 0 0 0 0 0 0 0 0 0 0 0 0 0 0 0 0 0 0 0 0 0 0 0 0 0 0 0 0 0 0 0 0 0 0 0 0 0 0 0 0 0 0 0 0 0 0 0 0 0 0 0 0 0 0 0 0 0 0 0 0 0 0 0 0 0 0 0 0 0 0 0 0 0 0 0 0 0 0 0 0 0 0 0 0 0 0 0 0 0 0 0 0 0 0 0 0 0 0 0 0 0 0 0 0 0 0 0 0 0 0 0 0 0 0 0 0 0 0 0 0 0 0 0 0 0 0 0 0 0 0 0 0 0 0 0 0 0 0 0 0 0 0 0 0 0 0 0 0 0 0 0 0 0 0 0 0 0 0 0 0 0 0 0 0 0 0 0 0 0 0 0 0 0 0 0 0 0 0 0 0 0 0 0 0 0 0 0 0 0 0 0 0 0 0 0 0 0 0 0 0 0 0 0 0 0 0 0 0 0 0 0 0 0 0 0 0 0 0 0 0 0 0 0 0 0 0 0 0 0 0 0 0 0 0 0 0 0 0 0 0 0 0 0 0 0 0 0 0 0 0 0 0 0 0 0 0 0 0 0 0 0 0 0 0 0 0 0 0 0 0 0 0 0 0 0 0 0 0 0 0 0 0 0 0 0 0 0 0 0 0 0 0 0 0 0 0 0 0 0 0 0 0 0 0 0 0 0 0 0 0 0 0 0 0 0 0 0 0 0 0 0 0 0 0 0 0 0 0 0 0 0 0 0 0 0 0 0 0 0 0 0 0 0 0 0 0 0 0 0 0 0 0 0 0 0 0 0 0 0 0 0 0 0 0 0 0 0 0 0 0 0 0 0 0 0 0 0 0 0 0 0 0 0 0 0 0 0 0 0 0 0 0 0 0 0 0 0 0 0 0 0 0 0 0 0 0 0 0 0 0 0 0 0 0 0 0 0 0 0 0 0 0 0 0 0 0 0 0 0 0 0 0 0 0 0 0 0 0 0 0 0 0 0 0 0 0 0 0 0 0 0 0 0 0 0 0 0 0 0 0 0 0 0 0 0 0 0 0 0 0 0 0 0 0 0 0 0 0 0 0 0 0 0 0 0 0 0 0 0 0 0 0 0 0 0 0 0 0 0 0 0 0 0 0 0 0 0 0 0 0 0 0 0 0 0 0 0 0 0 0 0 0 0 0 0 0 0 0 0 0 0 0 0 0 0 0 0 0 0 0 0 0 0 0 0 0 0 0 0 0 0 0 0 0 0 0 0 0 0 0 0 0 0 0 0 0 0 0 0 0 0 0 0 0 0 0 0 0 0 0 0 0 0 0 0 0 0 0 0 0 0 0 0 0 0 0 0 0 0 0 0 0 0 0 0 0 0 0 0 0 0 0 0 0 0 0 0 0 0 0 0 0 0 0 0 0 0 0 0 0 0 0 0 0 0 0 0 0 0 0 0 0 0 0 0 0 0 0 0 0 0 0 0 0 0 0 0 0 0 0 0 0 0 0 0 0 0 0 0 0 0 0 0 0 0 0 0 0 0 0 0 0 0 0 0 0 0 0 0 0 0 0 0 0 0 0 0 0 0 0 0 0 0 0 0 0 0 0 0 0 0 0 0 0 0 0 0 0 0 0 0 0 0 0 0 0 0 0 0 0 0 0 0 0 0 0 0 0 0 0 0 0 0 0 0 0 0 0 0 0 0 0 0 0 0 0 0 0 0 0 0 0 0 0 0 0 0 0 0 0 0 0 0 0 0 0 0 0 0 0 0 0 0 0 0 0 0 0 0 0 0 0 0 0 0 0 0 0 0 0 0 0 0 0 0 0 0 0 0 0 0 0 0 0 0 0 0 0 0 0 0 0 0 0 0 0 0 0 0 0 0 0 0 0 0 0 0 0 0 0 0 0 0 0 0 0 0 0 0 0 0 0 0 0 0 0 0 0 0 0 0 0 0 0 0 0 0 0 0 0 0 0 0 0 0 0 0 0 0 0 0 0 0 0 0 0 0 0 0 0 0 0 0 0 0 0 0 0 0 0 0 0 0 0 0 0 0 0 0 0 0 0 0 0 0 0 0 0 0 0 0 0 0 0 0 0 0 0 0 0 0 0 0 0 0 0 0 0 0 0 0 0 0 0 0 0 0 0 0 0 0 0 0 0 0 0 0 0 0 0 0 0 0 0 0 0 0 0 0 0 0 0 0 0 0 0 0 0 0 0 0 0 0 0 0 0 0 0 0 0 0 0 0 0 0 0 0 0 0 0 0 0 0 0 0 0 0 0 0 0 0 0 0 0 0 0 0 0 0 0 0 0 0 0 0 0 0 0 0 0 0 0 0 0 0 0 0 0 0 0 0 0 0 0 0 0 0 0 0 0 0 0 0 0 0 0 0 0 0 0 0 0 0 0 0 0 0 0 0 0 0 0 0 0 0 0 0 0 0 0 0 0 0 0 0 0 0 0 0 0 0 0 0 0 0 0 0 0 0 0 0 0 0 0 0 0 0 0 0 0 0 0 0 0 0 0 0 0 0 0 0 0 0 0 0 0 0 0 0 0 0 0 0 0 0 0 0 0 0 0 0 0 0 0 0 0 0 0 0 0 0 0 0 0 0 0 0 0 0 0 0 0 0 0 0 0 0 0 0 0 0 0 0 0 0 0 0 0 0 0 0 0 0 0 0 0 0 0 0 0 0 0 0 0 0 0 0 0 0 0 0 0 0 0 0 0 0 0 0 0 0 0 0 0 0 0 0 0 0 0 0 0 0 0 0 0 0 0 0 0 0 0 0 0 0 0 0 0 0 0 0 0 0 0 0 0 0 0 0 0 0 0 0 0 0 0 0 0 0 0 0 0 0 0 0 0 0 0 0 0 0 0 0 0 0 0 0 0 0 0 0 0 0 0 0 0 0 0 0 0 0 0 0 0 0 0 0 0 0 0 0 0 0 0 0 0 0 0 0 0 0 0 0 0 0 0 0 0 0 0 0 0 0 0 0 0 0 0 0 0 0 0 0 0 0 0 0 0 0 0 0 0 0 0 0 0 0 0 0 0 0 0 0 0 0 0 0 0 0 0 0 0 0 0 0 0 0 0 0 0 0 0 0 0 0 0 0 0 0 0 0 0 0 0 0 0 0 0 0 0 0 0 0 0 0 0 0 0 0 0 0 0 0 0 0 0 0 0 0 0 0 0 0 0 0 0 0 0 0 0 0 0 0 0 0 0 0 0 0 0 0 0 0 0 0 0 0 0 0 0 0 0 0 0 0 0 0 0 0 0 0 0 0 0 0 0 0 0 0 0 0 0 0 0 0 0 0 0 0 0 0 0 0 0 0 0 0 0 0 0 0 0 0 0 0 0 0 0 0 0 0 0 0 0 0 0 0 0 0 0 0 0 0 0 0 0 0 0 0 0 0 0 0 0 0 0 0 0 0 0 0 0 0 0 0 0 0 0 0 0 0 0 0 0 0 0 0 0 0 0 0 0 0 0 0 0 0 0 0 0 0 0 0 0 0 0 0 0 0 0 0 0 0 0 0 0 0 0 0 0 0 0 0 0 0 0 0 0 0 0 0 0 0 0 0 0 0 0 0 0 0 0 0 0 0 0 0 0 0 0 0 0 0 0 0 
        </DataArray>
        <DataArray type="Int32" Name="Rank" format="ascii">
1 1 1 1 1 1 1 1 1 1 1 1 1 1 1 1 1 1 1 1 1 1 1 1 1 1 1 1 1 1 1 1 1 1 1 1 1 1 1 1 1 1 1 1 1 1 1 1 1 1 1 1 1 1 1 1 1 1 1 1 1 1 1 1 1 1 1 1 1 1 1 1 1 1 1 1 1 1 1 1 1 1 1 1 1 1 1 1 1 1 1 1 1 1 1 1 1 1 1 1 1 1 1 1 1 1 1 1 1 1 1 1 1 1 1 1 1 1 1 1 1 1 1 1 1 1 1 1 1 1 1 1 1 1 1 1 1 1 1 1 1 1 1 1 1 1 1 1 1 1 1 1 1 1 1 1 1 1 1 1 1 1 1 1 1 1 1 5 5 5 5 5 5 5 5 5 5 5 5 5 5 5 5 5 5 5 5 5 5 5 5 5 5 5 5 5 5 5 5 5 5 5 5 5 5 5 5 5 5 5 5 5 5 5 5 5 5 5 5 5 5 5 5 5 5 5 5 5 5 5 5 5 5 5 5 5 5 5 5 5 5 5 5 5 5 5 5 5 5 5 5 5 5 5 5 5 5 5 5 5 5 5 5 5 5 5 5 5 5 5 5 5 5 5 5 5 5 5 5 5 5 5 5 5 5 5 5 5 5 5 5 5 5 5 5 5 5 5 5 5 5 5 5 5 1 1 1 1 1 1 1 1 1 1 1 1 1 1 1 1 1 1 1 1 1 1 1 1 1 1 1 1 1 1 1 1 1 1 1 1 1 1 1 1 1 1 1 1 1 1 5 5 5 5 5 5 5 5 5 5 5 1 1 1 1 1 1 1 1 1 1 1 1 1 1 1 1 1 1 1 1 1 1 1 1 1 1 1 1 1 1 1 1 1 1 1 1 1 1 1 1 1 1 1 1 1 1 1 1 1 1 1 1 1 1 1 1 1 1 1 5 5 5 5 5 5 5 5 5 5 5 5 5 5 5 5 5 5 5 5 1 1 1 1 1 1 1 1 1 1 1 1 1 1 1 1 1 1 1 1 1 1 1 1 1 1 1 1 1 1 1 1 1 1 1 1 1 1 1 1 1 1 1 1 1 1 1 1 1 1 1 1 1 1 1 1 1 1 1 1 1 1 1 1 1 1 1 1 1 1 1 1 1 1 1 1 1 1 1 1 1 1 1 1 1 1 1 1 1 1 1 1 1 1 1 1 1 1 1 1 1 1 1 1 1 1 1 1 1 1 1 1 1 1 1 1 1 1 1 1 1 1 1 1 1 1 1 1 1 1 1 1 1 1 1 1 1 1 1 1 1 1 1 1 1 1 1 1 1 1 1 1 1 1 1 1 1 1 1 1 1 1 1 1 1 1 1 1 1 1 1 1 1 1 1 1 1 1 1 1 1 1 1 1 1 1 1 1 1 1 1 1 1 1 1 1 1 1 1 1 1 1 1 1 1 1 1 1 1 1 1 1 1 1 1 1 1 1 1 1 1 1 1 1 1 1 1 1 1 1 1 1 1 1 1 1 1 1 1 1 1 1 1 1 1 1 1 1 1 1 1 1 1 1 1 1 1 1 1 1 1 1 1 1 1 1 1 1 1 1 1 1 1 1 1 1 1 1 1 1 1 1 1 1 1 1 1 1 1 1 1 1 1 1 1 1 1 1 1 1 1 1 1 1 1 1 1 1 1 1 1 1 1 1 1 1 1 1 1 1 1 1 1 1 1 1 1 1 1 1 1 1 1 1 1 1 1 1 1 1 1 1 1 1 1 1 1 1 1 1 1 1 1 1 1 1 1 1 1 1 1 1 1 1 1 1 1 1 1 1 1 1 1 1 1 1 1 1 1 1 1 1 1 1 1 1 1 1 1 1 1 1 1 1 1 1 1 1 1 1 1 1 1 1 1 1 1 1 1 1 1 1 1 1 1 1 1 1 1 1 1 1 1 1 1 1 1 1 1 1 1 1 1 1 1 1 1 1 1 1 1 1 1 1 1 1 1 1 1 1 1 1 1 1 1 1 1 1 1 1 1 1 1 1 1 1 1 1 1 1 1 1 1 1 1 1 1 1 1 1 1 1 1 1 1 1 1 1 1 1 1 1 1 1 1 1 1 1 1 1 1 1 1 1 1 1 1 1 1 1 1 1 1 1 1 1 1 1 1 1 1 1 1 1 1 1 1 1 1 1 1 1 1 1 1 1 1 1 1 1 1 1 1 1 1 1 1 1 1 1 1 1 1 1 1 1 1 1 1 1 1 1 1 1 1 1 1 1 1 1 1 1 1 1 1 1 1 1 1 1 1 1 1 1 1 1 1 1 1 1 1 1 1 1 1 1 1 1 1 1 1 1 1 1 1 1 1 1 1 1 1 1 1 1 1 1 1 1 1 1 1 1 1 1 1 1 1 1 1 1 1 1 1 1 1 1 1 1 1 1 1 1 1 1 1 1 1 1 1 1 1 3 3 3 3 3 3 3 3 3 3 3 3 3 3 3 3 3 3 3 3 3 3 3 3 3 3 3 3 3 3 3 3 3 3 3 3 3 3 3 3 3 3 3 3 3 3 3 3 3 3 3 3 3 3 3 3 3 3 3 3 3 3 3 3 3 3 3 3 3 3 3 3 3 3 3 3 3 3 3 3 3 3 3 3 3 3 3 3 3 3 3 3 3 3 3 3 3 3 3 3 3 3 3 3 3 3 3 3 3 3 3 3 3 3 3 3 3 3 3 3 3 3 3 3 3 3 3 3 3 3 3 3 3 3 3 3 3 3 3 3 3 3 3 3 3 3 3 3 3 3 3 3 3 3 3 3 3 3 3 3 3 3 3 3 3 3 3 3 3 3 3 3 3 3 1 1 1 1 1 3 3 3 3 3 3 3 3 3 3 3 3 3 3 3 3 3 3 3 3 3 3 3 3 3 3 3 3 3 3 3 3 3 3 3 3 3 3 3 3 3 3 3 3 3 3 3 3 3 3 3 3 3 3 3 3 3 3 3 3 3 3 3 3 3 3 3 3 3 3 3 3 3 3 3 3 3 3 3 3 3 3 3 3 3 3 3 3 3 3 3 3 3 3 3 3 3 3 3 3 3 3 3 3 3 3 3 3 3 3 3 3 3 3 3 3 3 3 3 3 3 3 3 3 3 3 3 3 3 3 3 3 3 3 3 3 3 3 3 3 3 3 3 3 3 3 3 3 3 3 3 3 3 3 3 3 3 3 3 3 3 3 3 3 3 3 3 3 3 3 3 3 3 3 3 3 3 3 3 3 3 3 3 3 3 3 3 3 3 3 3 3 3 3 3 3 3 3 3 3 3 3 3 3 3 3 3 3 3 3 3 3 3 3 3 3 3 3 3 3 3 3 3 3 3 3 3 3 3 3 3 3 3 3 3 3 3 3 3 3 3 3 3 3 3 3 3 3 3 3 3 3 3 3 3 3 3 3 3 3 3 3 3 3 3 3 3 3 3 3 3 3 3 3 3 3 3 3 3 3 3 3 3 3 3 3 3 3 3 3 3 3 3 3 3 3 3 3 3 3 3 3 3 3 3 3 3 3 3 3 3 3 3 3 3 3 3 3 3 3 3 3 3 3 3 3 3 3 3 3 3 3 3 3 3 3 3 3 3 3 3 3 3 3 3 3 3 3 3 3 3 3 3 3 3 3 3 3 3 3 3 3 3 3 3 3 3 3 3 3 3 3 3 3 3 3 3 3 3 3 3 3 3 3 3 3 3 3 3 3 3 3 3 3 3 3 3 3 3 3 3 3 3 3 3 3 3 3 3 3 3 3 3 3 3 3 3 3 3 1 1 1 1 1 1 1 1 1 1 1 1 1 1 1 1 1 1 1 1 1 1 1 1 1 1 1 1 1 1 1 1 1 1 1 1 1 1 1 1 1 1 1 1 1 1 1 1 1 1 1 1 1 1 1 1 1 1 1 1 1 1 1 1 1 1 1 1 1 1 1 1 1 1 1 1 1 1 1 1 1 1 1 1 1 1 1 1 1 1 1 1 1 1 1 1 1 1 1 1 1 1 1 1 1 1 1 1 1 1 1 1 1 1 1 1 1 1 1 1 1 1 1 1 1 1 1 1 1 1 1 1 1 1 1 1 1 1 1 1 1 1 1 1 1 1 1 1 1 1 1 1 1 1 1 1 1 1 1 1 1 1 1 1 1 1 1 1 1 1 1 1 1 1 1 1 1 1 1 1 1 1 1 1 1 1 1 1 1 1 1 1 1 1 1 1 1 1 1 1 1 1 1 1 1 1 1 1 1 1 1 1 1 1 1 1 1 1 1 1 1 1 1 1 1 1 1 1 1 1 1 1 1 1 1 1 1 1 1 1 1 1 1 1 1 1 1 1 1 1 1 1 1 1 1 1 1 1 1 1 1 1 1 1 1 1 1 1 1 1 1 1 1 1 1 1 1 1 1 1 1 1 1 1 1 1 1 1 1 1 1 1 1 1 1 1 1 1 1 1 1 1 1 1 1 1 1 1 1 1 1 
        </DataArray>
        <DataArray type="Int32" Name="Level" format="ascii">
4 4 4 4 4 4 4 4 4 4 4 4 4 4 4 4 4 4 4 4 4 4 4 4 4 4 4 4 4 4 4 4 4 4 4 4 4 4 4 4 4 4 4 4 4 4 4 4 4 4 4 4 4 4 4 4 4 4 4 4 4 4 4 4 4 4 4 4 4 4 4 4 4 4 4 4 4 4 4 4 4 4 4 4 4 4 4 4 4 4 4 4 4 4 4 4 4 4 4 4 4 4 4 4 4 4 4 4 4 4 4 4 4 4 4 4 4 4 4 4 4 4 4 4 4 4 4 4 4 4 4 4 4 4 4 4 4 4 4 4 4 4 4 4 4 4 4 4 4 4 4 4 4 4 4 4 4 4 4 4 4 4 4 4 4 4 4 4 4 4 4 4 4 4 4 4 4 4 4 4 4 4 4 4 4 4 4 4 4 4 4 4 4 4 4 4 3 3 4 4 4 4 4 4 4 4 4 4 4 4 4 4 4 4 4 4 4 4 4 4 4 4 4 4 4 4 4 4 4 4 4 4 4 4 4 4 4 4 4 4 4 4 4 4 4 4 4 4 4 4 4 4 4 4 4 4 4 4 4 4 4 4 4 4 4 4 4 4 4 4 4 4 4 4 4 4 4 4 4 4 4 4 4 4 4 4 4 4 4 4 4 4 4 4 4 4 4 4 4 4 4 4 3 3 4 4 4 4 4 4 4 4 4 4 4 4 4 4 4 4 4 4 4 4 4 4 4 4 4 4 4 4 4 4 4 4 4 4 4 4 4 4 4 4 4 4 4 4 4 4 4 4 4 4 4 4 4 4 4 4 4 4 4 4 4 4 4 4 4 4 4 4 4 4 4 4 4 4 4 4 4 4 4 4 4 4 4 4 4 4 4 4 4 4 4 4 4 4 4 4 4 4 4 4 4 4 4 4 4 4 4 4 4 4 4 4 4 4 4 4 4 4 4 4 4 4 4 4 4 4 4 4 4 4 4 4 4 4 4 4 4 4 4 4 4 4 4 4 4 4 4 4 4 4 4 4 4 4 4 4 4 4 4 4 4 4 4 4 4 4 4 4 4 4 4 4 4 4 4 4 4 4 4 4 4 4 4 4 4 4 4 4 4 4 4 4 4 4 4 4 4 4 4 4 4 4 4 4 4 4 4 4 4 4 4 4 4 4 4 4 4 4 4 4 4 4 4 4 4 4 4 4 4 4 4 4 4 4 4 4 4 4 4 4 4 4 4 4 4 4 4 4 4 4 4 4 4 4 4 4 4 4 4 4 4 4 4 4 4 4 4 4 4 4 4 4 4 4 4 4 4 4 4 4 4 4 4 4 4 4 4 4 4 4 4 4 4 4 4 4 4 4 4 4 4 4 4 4 4 4 4 4 4 4 4 4 4 4 4 4 4 4 4 4 4 4 4 4 4 4 4 4 4 4 4 4 4 4 4 4 4 4 4 4 4 4 4 4 4 4 4 4 4 4 4 4 4 4 4 4 4 4 4 4 4 4 4 4 4 4 4 4 4 4 4 4 4 4 4 4 4 4 4 4 4 4 4 4 4 4 4 4 4 4 4 4 4 4 4 4 4 4 4 4 4 4 4 4 4 4 4 4 4 4 4 4 4 4 4 4 4 4 4 4 4 4 4 4 4 4 4 4 4 4 4 4 4 4 4 4 4 4 4 4 4 4 4 4 4 4 4 4 4 4 4 4 4 4 4 4 4 4 4 4 4 4 4 4 4 4 4 4 4 4 4 4 4 4 4 4 4 4 4 4 4 4 4 4 4 4 4 4 4 4 4 4 4 4 4 4 4 4 4 4 4 4 4 4 4 4 4 4 4 4 4 4 4 4 4 4 4 4 4 4 4 4 4 4 4 4 4 4 4 4 4 4 4 4 4 4 4 4 4 4 4 4 4 4 4 4 4 4 4 4 4 4 4 4 4 4 4 4 4 4 4 4 4 4 4 4 4 4 4 4 4 4 4 4 4 4 4 4 4 4 4 4 4 4 4 4 4 4 4 4 4 4 4 4 4 4 4 4 4 4 4 4 4 4 4 4 4 4 4 4 4 4 4 4 4 4 4 4 4 4 4 4 4 4 4 4 4 4 4 4 4 4 4 4 4 4 4 4 4 4 4 4 4 4 4 4 4 4 4 4 4 4 4 4 4 4 4 4 4 4 4 4 4 4 4 4 4 4 4 4 4 4 4 4 4 4 4 4 4 4 4 4 4 4 4 4 4 4 4 4 4 4 4 4 4 4 4 4 4 4 4 4 4 4 4 4 4 4 4 4 4 4 4 4 4 4 4 4 4 4 4 4 4 4 4 4 4 4 4 4 4 4 4 4 4 4 4 4 4 4 4 4 4 4 4 4 4 4 4 4 4 4 4 4 4 4 4 4 4 4 4 4 4 4 4 4 4 4 4 4 4 4 4 4 4 4 4 4 4 4 4 4 4 4 4 4 4 4 4 4 4 4 4 4 4 4 4 4 4 4 4 4 4 4 4 4 4 4 4 4 4 4 4 4 4 4 4 4 4 4 4 4 4 4 4 4 4 4 4 4 4 4 4 4 4 4 4 4 4 4 4 4 4 4 4 4 4 4 4 4 4 4 4 4 4 4 4 4 4 4 4 4 4 4 4 4 4 4 4 4 4 4 4 4 4 4 4 4 4 4 4 4 4 4 4 4 4 4 4 4 4 4 4 4 4 4 4 4 4 4 4 4 4 4 4 4 4 4 4 4 4 4 4 4 4 4 4 4 4 4 4 4 4 4 4 4 4 4 4 4 4 4 4 4 4 4 4 4 4 4 4 4 4 4 4 4 4 4 4 4 4 4 4 4 4 4 4 4 4 4 4 4 4 4 4 4 4 4 4 4 4 4 4 4 4 4 4 4 4 4 4 4 4 4 4 4 4 4 4 4 4 4 4 4 4 4 4 4 4 4 4 4 4 4 4 4 4 4 4 4 4 4 4 4 4 4 4 4 4 4 4 4 4 4 4 4 4 4 4 4 4 4 4 4 4 4 4 4 4 4 4 4 4 4 4 4 4 4 4 4 4 4 4 4 4 4 4 4 4 4 4 4 4 4 4 4 4 4 4 4 4 4 4 4 4 4 4 4 4 4 4 4 4 4 4 4 4 4 4 4 4 4 4 4 4 4 4 4 4 4 4 4 4 4 4 4 4 4 4 4 4 4 4 4 4 4 4 4 4 4 4 4 4 4 4 4 4 4 4 4 4 4 4 4 4 4 4 4 4 4 4 4 4 4 4 4 4 4 4 4 4 4 4 4 4 4 4 4 4 4 4 4 4 4 4 4 4 4 4 4 4 4 4 4 4 4 4 4 4 4 4 4 4 4 4 4 4 4 4 4 4 4 4 4 4 4 4 4 4 4 4 4 4 4 4 4 4 4 4 4 4 4 4 4 4 4 4 4 4 4 4 4 4 4 4 4 4 4 4 4 4 4 4 4 4 4 4 4 4 4 4 4 4 4 4 4 4 4 4 4 4 4 4 4 4 4 4 4 4 4 4 4 4 4 4 4 4 4 4 4 4 4 4 4 4 4 4 4 4 4 4 4 4 4 4 4 4 4 4 4 4 4 4 4 4 4 4 4 4 4 4 4 4 4 4 4 4 4 4 4 4 4 4 4 4 4 4 4 4 4 4 4 4 4 4 4 4 4 4 4 4 4 4 4 4 4 4 4 4 4 4 4 4 4 4 4 4 4 4 4 4 4 4 4 4 4 4 4 4 4 4 4 4 4 4 4 4 4 4 4 4 4 4 4 4 4 4 4 4 4 4 4 4 4 4 4 4 4 4 4 4 4 4 4 4 4 4 4 4 4 4 4 4 4 4 4 4 4 4 4 4 4 4 4 4 4 4 4 4 4 4 4 4 4 4 4 4 4 4 4 4 4 4 4 4 4 4 4 4 4 4 4 4 4 4 4 4 4 4 4 4 4 4 4 4 4 4 4 4 4 4 4 4 4 4 4 4 4 4 4 4 4 4 4 4 4 4 4 4 4 4 4 4 4 4 4 4 4 4 4 4 4 4 4 4 4 4 4 4 4 4 4 4 4 4 4 4 4 4 4 4 4 4 4 4 4 4 4 4 4 4 4 4 4 4 4 4 4 4 4 4 4 4 4 4 4 4 4 4 4 4 4 4 4 4 4 4 4 4 4 4 4 4 4 4 4 4 4 4 4 4 4 4 4 4 4 4 4 4 4 4 4 4 4 4 4 4 4 4 4 4 4 4 4 4 4 4 4 4 4 4 4 4 4 4 4 4 4 4 4 4 4 4 4 4 4 4 4 4 4 4 4 4 4 4 4 4 4 4 4 4 4 4 4 4 4 4 4 4 4 4 4 4 4 4 4 4 4 4 4 4 4 4 4 4 4 4 4 4 4 4 4 4 4 4 4 4 4 4 4 4 4 4 4 4 4 4 4 4 4 4 4 4 4 4 4 4 4 4 4 4 4 4 4 4 4 4 4 4 4 4 4 4 4 4 4 
        </DataArray>
        <DataArray type="Int32" Name="N_Interp_IP0" format="ascii">
4 4 4 4 4 4 4 4 4 4 4 4 4 4 4 4 4 4 4 4 4 4 4 4 4 4 4 4 4 4 4 4 4 4 4 4 4 4 4 4 4 4 4 4 4 4 4 4 4 4 4 4 4 4 4 4 4 4 4 4 4 4 4 4 4 4 4 4 4 4 4 4 4 4 4 4 4 4 4 4 4 4 4 4 4 4 4 4 4 4 4 4 4 4 4 4 4 4 4 4 4 4 4 4 4 4 4 4 4 4 4 4 4 4 4 4 4 4 4 4 4 4 4 4 4 4 4 4 4 4 4 4 4 4 4 4 4 4 4 4 4 4 4 4 4 4 4 4 4 4 4 4 4 4 4 4 4 4 4 4 4 4 4 4 4 4 4 4 4 4 4 4 4 4 4 4 4 4 4 4 4 4 4 4 4 4 4 4 4 4 4 4 4 4 4 4 4 4 4 4 4 4 4 4 4 4 4 4 4 4 4 4 4 4 4 4 4 4 4 4 4 4 4 4 4 4 4 4 4 4 4 4 4 4 4 4 4 4 4 4 4 4 4 4 4 4 4 4 4 4 4 4 4 4 4 4 4 4 4 4 4 4 4 4 4 4 4 4 4 4 4 4 4 4 4 4 4 4 4 4 4 4 4 4 4 4 4 4 4 4 4 4 4 4 4 4 4 4 4 4 4 4 4 4 4 4 4 4 4 4 4 4 4 4 4 4 4 4 4 4 4 4 4 4 4 4 4 4 4 4 4 4 4 4 4 4 4 4 4 4 4 4 4 4 4 4 4 4 4 4 4 4 4 4 4 4 4 4 4 4 4 4 4 4 4 4 4 4 4 4 4 4 4 4 4 4 4 4 4 4 4 4 4 4 4 4 4 4 4 4 4 4 4 4 4 4 4 4 4 4 4 4 4 4 4 4 4 4 4 4 4 4 4 4 4 4 4 4 4 4 4 4 4 4 4 4 4 4 4 4 4 4 4 4 4 4 4 4 4 4 4 4 4 4 4 4 4 4 4 4 4 4 4 4 4 4 4 4 4 4 4 4 4 4 4 4 4 4 4 4 4 4 4 4 4 4 4 4 4 4 4 4 4 4 4 4 4 4 4 4 4 4 4 4 4 4 4 4 4 4 4 4 4 4 4 4 4 4 4 4 4 4 4 4 4 4 4 4 4 4 4 4 4 4 4 4 4 4 4 4 4 4 4 4 4 4 4 4 4 4 4 4 4 4 4 4 4 4 4 4 4 4 4 4 4 4 4 4 4 4 4 4 4 4 4 4 4 4 4 4 4 4 4 4 4 4 4 4 4 4 4 4 4 4 4 4 4 4 4 4 4 4 4 4 4 4 4 4 4 4 4 4 4 4 4 4 4 4 4 4 4 4 4 4 4 4 4 4 4 4 4 4 4 4 4 4 4 4 4 4 4 4 4 4 4 4 4 4 4 4 4 4 4 4 4 4 4 4 4 4 4 4 4 4 4 4 4 4 4 4 4 4 4 4 4 4 4 4 4 4 4 4 4 4 4 4 4 4 4 4 4 4 4 4 4 4 4 4 4 4 4 4 4 4 4 4 4 4 4 4 4 4 4 4 4 4 4 4 4 4 4 4 4 4 4 4 4 4 4 4 4 4 4 4 4 4 4 4 4 4 4 4 4 4 4 4 4 4 4 4 4 4 4 4 4 4 4 4 4 4 4 4 4 4 4 4 4 4 4 4 4 4 4 4 4 4 4 4 4 4 4 4 4 4 4 4 4 4 4 4 4 4 4 4 4 4 4 4 4 4 4 4 4 4 4 4 4 4 4 4 4 4 4 4 4 4 4 4 4 4 4 4 4 4 4 4 4 4 4 4 4 4 4 4 4 4 4 4 4 4 4 4 4 4 4 4 4 4 4 4 4 4 4 4 4 4 4 4 4 4 4 4 4 4 4 4 4 4 4 4 4 4 4 4 4 4 4 4 4 4 4 4 4 4 4 4 4 4 4 4 4 4 4 4 4 4 4 4 4 4 4 4 4 4 4 4 4 4 4 4 4 4 4 4 4 4 4 4 4 4 4 4 4 4 4 4 4 4 4 4 4 4 4 4 4 4 4 4 4 4 4 4 4 4 4 4 4 4 4 4 4 4 4 4 4 4 4 4 4 4 4 4 4 4 4 4 4 4 4 4 4 4 4 4 4 4 4 4 4 4 4 4 4 4 4 4 4 4 4 4 4 4 4 4 4 4 4 4 4 4 4 4 4 4 4 4 4 4 4 4 4 4 4 4 4 4 4 4 4 4 4 4 4 4 4 4 4 4 4 4 4 4 4 4 4 4 4 4 4 4 4 4 4 4 4 4 4 4 4 4 4 4 4 4 4 4 4 4 4 4 4 4 4 4 4 4 4 4 4 4 4 4 4 4 4 4 4 4 4 4 4 4 4 4 4 4 4 4 4 4 4 4 4 4 4 4 4 4 4 4 4 4 4 4 4 4 4 4 4 4 4 4 4 4 4 4 4 4 4 4 4 4 4 4 4 4 4 4 4 4 4 4 4 4 4 4 4 4 4 4 4 4 4 4 4 4 4 4 4 4 4 4 4 4 4 4 4 4 4 4 4 4 4 4 4 4 4 4 4 4 4 4 4 4 4 4 4 4 4 4 4 4 4 4 4 4 4 4 4 4 4 4 4 4 4 4 4 4 4 4 4 4 4 4 4 4 4 4 4 4 4 4 4 4 4 4 4 4 4 4 4 4 4 4 4 4 4 4 4 4 4 4 4 4 4 4 4 4 4 4 4 4 4 4 4 4 4 4 4 4 4 4 4 4 4 4 4 4 4 4 4 4 4 4 4 4 4 4 4 4 4 4 4 4 4 4 4 4 4 4 4 4 4 4 4 4 4 4 4 4 4 4 4 4 4 4 4 4 4 4 4 4 4 4 4 4 4 4 4 4 4 4 4 4 4 4 4 4 4 4 4 4 4 4 4 4 4 4 4 4 4 4 4 4 4 4 4 4 4 4 4 4 4 4 4 4 4 4 4 4 4 4 4 4 4 4 4 4 4 4 4 4 4 4 4 4 4 4 4 4 4 4 4 4 4 4 4 4 4 4 4 4 4 4 4 4 4 4 4 4 4 4 4 4 4 4 4 4 4 4 4 4 4 4 4 4 4 4 4 4 4 4 4 4 4 4 4 4 4 4 4 4 4 4 4 4 4 4 4 4 4 4 4 4 4 4 4 4 4 4 4 4 4 4 4 4 4 4 4 4 4 4 4 4 4 4 4 4 4 4 4 4 4 4 4 4 4 4 4 4 4 4 4 4 4 4 4 4 4 4 4 4 4 4 4 4 4 4 4 4 4 4 4 4 4 4 4 4 4 4 4 4 4 4 4 4 4 4 4 4 4 4 4 4 4 4 4 4 4 4 4 4 4 4 4 4 4 4 4 4 4 4 4 4 4 4 4 4 4 4 4 4 4 4 4 4 4 4 4 4 4 4 4 4 4 4 4 4 4 4 4 4 4 4 4 4 4 4 4 4 4 4 4 4 4 4 4 4 4 4 4 4 4 4 4 4 4 4 4 4 4 4 4 4 4 4 4 4 4 4 4 4 4 4 4 4 4 4 4 4 4 4 4 4 4 4 4 4 4 4 4 4 4 4 4 4 4 4 4 4 4 4 4 4 4 4 4 4 4 4 4 4 4 4 4 4 4 4 4 4 4 4 4 4 4 4 4 4 4 4 4 4 4 4 4 4 4 4 4 4 4 4 4 4 4 4 4 4 4 4 4 4 4 4 4 4 4 4 4 4 4 4 4 4 4 4 4 4 4 4 4 4 4 4 4 4 4 4 4 4 4 4 4 4 4 4 4 4 4 4 4 4 4 4 4 4 4 4 4 4 4 4 4 4 4 4 4 4 4 4 4 4 4 4 4 4 4 4 4 4 4 4 4 4 4 4 4 4 4 4 4 4 4 4 4 4 4 4 4 4 4 4 4 4 4 4 4 4 4 4 4 4 4 4 4 4 4 4 4 4 4 4 4 4 4 4 4 4 4 4 4 4 4 4 4 4 4 4 4 4 4 4 4 4 4 4 4 4 4 4 4 4 4 4 4 4 4 4 4 4 4 4 4 4 4 4 4 4 4 4 4 4 4 4 4 4 4 4 4 4 4 4 4 4 4 4 4 4 4 4 4 4 4 4 4 4 4 4 4 4 4 4 4 4 4 4 4 4 4 4 4 4 4 4 4 4 4 4 4 4 4 4 4 4 4 4 4 4 4 4 4 4 4 4 4 4 4 4 4 4 4 4 4 4 4 4 4 4 4 4 4 4 4 4 4 4 4 4 4 4 4 4 4 4 4 4 4 4 4 4 4 4 4 4 4 4 4 4 4 4 4 4 4 4 4 4 4 4 4 4 4 4 4 4 4 4 4 4 4 4 4 4 4 4 4 4 4 4 4 4 4 4 4 4 4 4 4 4 4 4 4 4 4 4 4 4 4 4 4 4 4 4 4 4 4 4 4 4 4 4 
        </DataArray>
      </CellData>
    </Piece>
  </PolyData>
</VTKFile>
