<?xml version="1.0"?>
<VTKFile type="PolyData" version="1.0" byte_order="LittleEndian" header_type="UInt64">
  <PolyData>
    <Piece NumberOfPoints="2000" NumberOfPolys="2000">
      <Points>
        <DataArray type="Float64" Name="Points" NumberOfComponents="3" format="ascii">
-0.2 -0.3 0.0 -0.200001 -0.299686 0.0 -0.200002 -0.299372 0.0 -0.200005 -0.299058 0.0 -0.200008 -0.298743 0.0 -0.200013 -0.298429 0.0 -0.200018 -0.298115 0.0 -0.200025 -0.297801 0.0 -0.200032 -0.297487 0.0 -0.20004 -0.297173 0.0 -0.200049 -0.296859 0.0 -0.20006 -0.296545 0.0 -0.200071 -0.296231 0.0 -0.200084 -0.295917 0.0 -0.200097 -0.295603 0.0 -0.200112 -0.295289 0.0 -0.200126 -0.294976 0.0 -0.200143 -0.294662 0.0 -0.20016 -0.294348 0.0 -0.200179 -0.294035 0.0 -0.200197 -0.293721 0.0 -0.200218 -0.293407 0.0 -0.200239 -0.293094 0.0 -0.200261 -0.292781 0.0 -0.200284 -0.292467 0.0 -0.200309 -0.292154 0.0 -0.200333 -0.291841 0.0 -0.20036 -0.291528 0.0 -0.200387 -0.291215 0.0 -0.200415 -0.290902 0.0 -0.200444 -0.290589 0.0 -0.200474 -0.290276 0.0 -0.200505 -0.289964 0.0 -0.200537 -0.289651 0.0 -0.20057 -0.289339 0.0 -0.200604 -0.289027 0.0 -0.200639 -0.288714 0.0 -0.200675 -0.288402 0.0 -0.200712 -0.28809 0.0 -0.20075 -0.287778 0.0 -0.200789 -0.287467 0.0 -0.200829 -0.287155 0.0 -0.200869 -0.286844 0.0 -0.200912 -0.286532 0.0 -0.200954 -0.286221 0.0 -0.200998 -0.28591 0.0 -0.201042 -0.285599 0.0 -0.201089 -0.285288 0.0 -0.201135 -0.284977 0.0 -0.201183 -0.284667 0.0 -0.201231 -0.284357 0.0 -0.201281 -0.284046 0.0 -0.201331 -0.283736 0.0 -0.201383 -0.283426 0.0 -0.201436 -0.283117 0.0 -0.20149 -0.282807 0.0 -0.201544 -0.282498 0.0 -0.2016 -0.282189 0.0 -0.201655 -0.281879 0.0 -0.201713 -0.281571 0.0 -0.201771 -0.281262 0.0 -0.201831 -0.280953 0.0 -0.201891 -0.280645 0.0 -0.201953 -0.280337 0.0 -0.202014 -0.280029 0.0 -0.202078 -0.279721 0.0 -0.202142 -0.279414 0.0 -0.202208 -0.279107 0.0 -0.202273 -0.278799 0.0 -0.202341 -0.278492 0.0 -0.202408 -0.278186 0.0 -0.202478 -0.277879 0.0 -0.202547 -0.277573 0.0 -0.202619 -0.277267 0.0 -0.20269 -0.276961 0.0 -0.202763 -0.276656 0.0 -0.202837 -0.27635 0.0 -0.202912 -0.276045 0.0 -0.202987 -0.27574 0.0 -0.203065 -0.275436 0.0 -0.203142 -0.275131 0.0 -0.203221 -0.274827 0.0 -0.2033 -0.274523 0.0 -0.203381 -0.274219 0.0 -0.203462 -0.273916 0.0 -0.203545 -0.273613 0.0 -0.203628 -0.27331 0.0 -0.203712 -0.273007 0.0 -0.203797 -0.272705 0.0 -0.203884 -0.272403 0.0 -0.203971 -0.272101 0.0 -0.204059 -0.271799 0.0 -0.204148 -0.271498 0.0 -0.204238 -0.271197 0.0 -0.204329 -0.270896 0.0 -0.204421 -0.270596 0.0 -0.204514 -0.270296 0.0 -0.204608 -0.269996 0.0 -0.204702 -0.269696 0.0 -0.204798 -0.269397 0.0 -0.204894 -0.269098 0.0 -0.204992 -0.2688 0.0 -0.20509 -0.268501 0.0 -0.20519 -0.268203 0.0 -0.20529 -0.267906 0.0 -0.205392 -0.267608 0.0 -0.205494 -0.267311 0.0 -0.205597 -0.267015 0.0 -0.205701 -0.266718 0.0 -0.205806 -0.266422 0.0 -0.205912 -0.266126 0.0 -0.206019 -0.265831 0.0 -0.206127 -0.265536 0.0 -0.206236 -0.265241 0.0 -0.206345 -0.264947 0.0 -0.206456 -0.264653 0.0 -0.206567 -0.264359 0.0 -0.20668 -0.264066 0.0 -0.206793 -0.263772 0.0 -0.206908 -0.26348 0.0 -0.207022 -0.263188 0.0 -0.207139 -0.262896 0.0 -0.207255 -0.262604 0.0 -0.207374 -0.262313 0.0 -0.207492 -0.262022 0.0 -0.207613 -0.261732 0.0 -0.207733 -0.261442 0.0 -0.207855 -0.261152 0.0 -0.207977 -0.260863 0.0 -0.208101 -0.260574 0.0 -0.208225 -0.260285 0.0 -0.20835 -0.259997 0.0 -0.208476 -0.259709 0.0 -0.208603 -0.259422 0.0 -0.208731 -0.259135 0.0 -0.20886 -0.258849 0.0 -0.208989 -0.258562 0.0 -0.20912 -0.258277 0.0 -0.209252 -0.257991 0.0 -0.209384 -0.257707 0.0 -0.209517 -0.257422 0.0 -0.209652 -0.257138 0.0 -0.209787 -0.256854 0.0 -0.209923 -0.256571 0.0 -0.210059 -0.256288 0.0 -0.210198 -0.256006 0.0 -0.210336 -0.255724 0.0 -0.210476 -0.255443 0.0 -0.210616 -0.255162 0.0 -0.210758 -0.254881 0.0 -0.210899 -0.254601 0.0 -0.211043 -0.254321 0.0 -0.211186 -0.254042 0.0 -0.211332 -0.253763 0.0 -0.211477 -0.253485 0.0 -0.211624 -0.253207 0.0 -0.211771 -0.25293 0.0 -0.21192 -0.252653 0.0 -0.212068 -0.252376 0.0 -0.212219 -0.2521 0.0 -0.212369 -0.251825 0.0 -0.212522 -0.25155 0.0 -0.212674 -0.251275 0.0 -0.212828 -0.251001 0.0 -0.212982 -0.250727 0.0 -0.213137 -0.250454 0.0 -0.213293 -0.250181 0.0 -0.21345 -0.24991 0.0 -0.213608 -0.249638 0.0 -0.213767 -0.249367 0.0 -0.213926 -0.249096 0.0 -0.214087 -0.248826 0.0 -0.214247 -0.248556 0.0 -0.21441 -0.248287 0.0 -0.214572 -0.248018 0.0 -0.214736 -0.24775 0.0 -0.214901 -0.247483 0.0 -0.215066 -0.247216 0.0 -0.215232 -0.246949 0.0 -0.2154 -0.246683 0.0 -0.215567 -0.246417 0.0 -0.215736 -0.246153 0.0 -0.215906 -0.245888 0.0 -0.216076 -0.245624 0.0 -0.216247 -0.245361 0.0 -0.21642 -0.245098 0.0 -0.216592 -0.244835 0.0 -0.216766 -0.244574 0.0 -0.21694 -0.244312 0.0 -0.217116 -0.244052 0.0 -0.217292 -0.243792 0.0 -0.217469 -0.243532 0.0 -0.217647 -0.243273 0.0 -0.217826 -0.243015 0.0 -0.218005 -0.242757 0.0 -0.218185 -0.2425 0.0 -0.218366 -0.242243 0.0 -0.218548 -0.241987 0.0 -0.218731 -0.241731 0.0 -0.218914 -0.241476 0.0 -0.219098 -0.241221 0.0 -0.219284 -0.240968 0.0 -0.219469 -0.240714 0.0 -0.219656 -0.240462 0.0 -0.219843 -0.24021 0.0 -0.220032 -0.239958 0.0 -0.220221 -0.239707 0.0 -0.220411 -0.239457 0.0 -0.220601 -0.239207 0.0 -0.220793 -0.238958 0.0 -0.220984 -0.238709 0.0 -0.221178 -0.238462 0.0 -0.221371 -0.238214 0.0 -0.221566 -0.237968 0.0 -0.221761 -0.237721 0.0 -0.221957 -0.237476 0.0 -0.222154 -0.237231 0.0 -0.222352 -0.236987 0.0 -0.22255 -0.236743 0.0 -0.222749 -0.2365 0.0 -0.222949 -0.236258 0.0 -0.22315 -0.236016 0.0 -0.223351 -0.235775 0.0 -0.223553 -0.235535 0.0 -0.223756 -0.235294 0.0 -0.22396 -0.235056 0.0 -0.224164 -0.234817 0.0 -0.224369 -0.234579 0.0 -0.224575 -0.234341 0.0 -0.224782 -0.234105 0.0 -0.224989 -0.233869 0.0 -0.225197 -0.233634 0.0 -0.225406 -0.233399 0.0 -0.225616 -0.233165 0.0 -0.225826 -0.232931 0.0 -0.226037 -0.232699 0.0 -0.226249 -0.232467 0.0 -0.226462 -0.232236 0.0 -0.226674 -0.232005 0.0 -0.226889 -0.231775 0.0 -0.227103 -0.231545 0.0 -0.227319 -0.231317 0.0 -0.227535 -0.231089 0.0 -0.227752 -0.230862 0.0 -0.227969 -0.230635 0.0 -0.228188 -0.230409 0.0 -0.228406 -0.230183 0.0 -0.228626 -0.229959 0.0 -0.228846 -0.229735 0.0 -0.229068 -0.229512 0.0 -0.229289 -0.229289 0.0 -0.229512 -0.229068 0.0 -0.229735 -0.228846 0.0 -0.229959 -0.228626 0.0 -0.230183 -0.228406 0.0 -0.230409 -0.228188 0.0 -0.230635 -0.227969 0.0 -0.230862 -0.227752 0.0 -0.231089 -0.227535 0.0 -0.231317 -0.227319 0.0 -0.231545 -0.227103 0.0 -0.231775 -0.226889 0.0 -0.232005 -0.226674 0.0 -0.232236 -0.226462 0.0 -0.232467 -0.226249 0.0 -0.232699 -0.226037 0.0 -0.232931 -0.225826 0.0 -0.233165 -0.225616 0.0 -0.233399 -0.225406 0.0 -0.233634 -0.225197 0.0 -0.233869 -0.224989 0.0 -0.234105 -0.224782 0.0 -0.234341 -0.224575 0.0 -0.234579 -0.224369 0.0 -0.234817 -0.224164 0.0 -0.235056 -0.22396 0.0 -0.235294 -0.223756 0.0 -0.235535 -0.223553 0.0 -0.235775 -0.223351 0.0 -0.236016 -0.22315 0.0 -0.236258 -0.222949 0.0 -0.2365 -0.222749 0.0 -0.236743 -0.22255 0.0 -0.236987 -0.222352 0.0 -0.237231 -0.222154 0.0 -0.237476 -0.221957 0.0 -0.237721 -0.221761 0.0 -0.237968 -0.221566 0.0 -0.238214 -0.221371 0.0 -0.238462 -0.221178 0.0 -0.238709 -0.220984 0.0 -0.238958 -0.220793 0.0 -0.239207 -0.220601 0.0 -0.239457 -0.220411 0.0 -0.239707 -0.220221 0.0 -0.239958 -0.220032 0.0 -0.24021 -0.219843 0.0 -0.240462 -0.219656 0.0 -0.240714 -0.219469 0.0 -0.240968 -0.219284 0.0 -0.241221 -0.219098 0.0 -0.241476 -0.218914 0.0 -0.241731 -0.218731 0.0 -0.241987 -0.218548 0.0 -0.242243 -0.218366 0.0 -0.2425 -0.218185 0.0 -0.242757 -0.218005 0.0 -0.243015 -0.217826 0.0 -0.243273 -0.217647 0.0 -0.243532 -0.217469 0.0 -0.243792 -0.217292 0.0 -0.244052 -0.217116 0.0 -0.244312 -0.21694 0.0 -0.244574 -0.216766 0.0 -0.244835 -0.216592 0.0 -0.245098 -0.21642 0.0 -0.245361 -0.216247 0.0 -0.245624 -0.216076 0.0 -0.245888 -0.215906 0.0 -0.246153 -0.215736 0.0 -0.246417 -0.215567 0.0 -0.246683 -0.2154 0.0 -0.246949 -0.215232 0.0 -0.247216 -0.215066 0.0 -0.247483 -0.214901 0.0 -0.24775 -0.214736 0.0 -0.248018 -0.214572 0.0 -0.248287 -0.21441 0.0 -0.248556 -0.214247 0.0 -0.248826 -0.214087 0.0 -0.249096 -0.213926 0.0 -0.249367 -0.213767 0.0 -0.249638 -0.213608 0.0 -0.24991 -0.21345 0.0 -0.250181 -0.213293 0.0 -0.250454 -0.213137 0.0 -0.250727 -0.212982 0.0 -0.251001 -0.212828 0.0 -0.251275 -0.212674 0.0 -0.25155 -0.212522 0.0 -0.251825 -0.212369 0.0 -0.2521 -0.212219 0.0 -0.252376 -0.212068 0.0 -0.252653 -0.21192 0.0 -0.25293 -0.211771 0.0 -0.253207 -0.211624 0.0 -0.253485 -0.211477 0.0 -0.253763 -0.211332 0.0 -0.254042 -0.211186 0.0 -0.254321 -0.211043 0.0 -0.254601 -0.210899 0.0 -0.254881 -0.210758 0.0 -0.255162 -0.210616 0.0 -0.255443 -0.210476 0.0 -0.255724 -0.210336 0.0 -0.256006 -0.210198 0.0 -0.256288 -0.210059 0.0 -0.256571 -0.209923 0.0 -0.256854 -0.209787 0.0 -0.257138 -0.209652 0.0 -0.257422 -0.209517 0.0 -0.257707 -0.209384 0.0 -0.257991 -0.209252 0.0 -0.258277 -0.20912 0.0 -0.258562 -0.208989 0.0 -0.258849 -0.20886 0.0 -0.259135 -0.208731 0.0 -0.259422 -0.208603 0.0 -0.259709 -0.208476 0.0 -0.259997 -0.20835 0.0 -0.260285 -0.208225 0.0 -0.260574 -0.208101 0.0 -0.260863 -0.207977 0.0 -0.261152 -0.207855 0.0 -0.261442 -0.207733 0.0 -0.261732 -0.207613 0.0 -0.262022 -0.207492 0.0 -0.262313 -0.207374 0.0 -0.262604 -0.207255 0.0 -0.262896 -0.207139 0.0 -0.263188 -0.207022 0.0 -0.26348 -0.206908 0.0 -0.263772 -0.206793 0.0 -0.264066 -0.20668 0.0 -0.264359 -0.206567 0.0 -0.264653 -0.206456 0.0 -0.264947 -0.206345 0.0 -0.265241 -0.206236 0.0 -0.265536 -0.206127 0.0 -0.265831 -0.206019 0.0 -0.266126 -0.205912 0.0 -0.266422 -0.205806 0.0 -0.266718 -0.205701 0.0 -0.267015 -0.205597 0.0 -0.267311 -0.205494 0.0 -0.267608 -0.205392 0.0 -0.267906 -0.20529 0.0 -0.268203 -0.20519 0.0 -0.268501 -0.20509 0.0 -0.2688 -0.204992 0.0 -0.269098 -0.204894 0.0 -0.269397 -0.204798 0.0 -0.269696 -0.204702 0.0 -0.269996 -0.204608 0.0 -0.270296 -0.204514 0.0 -0.270596 -0.204421 0.0 -0.270896 -0.204329 0.0 -0.271197 -0.204238 0.0 -0.271498 -0.204148 0.0 -0.271799 -0.204059 0.0 -0.272101 -0.203971 0.0 -0.272403 -0.203884 0.0 -0.272705 -0.203797 0.0 -0.273007 -0.203712 0.0 -0.27331 -0.203628 0.0 -0.273613 -0.203545 0.0 -0.273916 -0.203462 0.0 -0.274219 -0.203381 0.0 -0.274523 -0.2033 0.0 -0.274827 -0.203221 0.0 -0.275131 -0.203142 0.0 -0.275436 -0.203065 0.0 -0.27574 -0.202987 0.0 -0.276045 -0.202912 0.0 -0.27635 -0.202837 0.0 -0.276656 -0.202763 0.0 -0.276961 -0.20269 0.0 -0.277267 -0.202619 0.0 -0.277573 -0.202547 0.0 -0.277879 -0.202478 0.0 -0.278186 -0.202408 0.0 -0.278492 -0.202341 0.0 -0.278799 -0.202273 0.0 -0.279107 -0.202208 0.0 -0.279414 -0.202142 0.0 -0.279721 -0.202078 0.0 -0.280029 -0.202014 0.0 -0.280337 -0.201953 0.0 -0.280645 -0.201891 0.0 -0.280953 -0.201831 0.0 -0.281262 -0.201771 0.0 -0.281571 -0.201713 0.0 -0.281879 -0.201655 0.0 -0.282189 -0.2016 0.0 -0.282498 -0.201544 0.0 -0.282807 -0.20149 0.0 -0.283117 -0.201436 0.0 -0.283426 -0.201383 0.0 -0.283736 -0.201331 0.0 -0.284046 -0.201281 0.0 -0.284357 -0.201231 0.0 -0.284667 -0.201183 0.0 -0.284977 -0.201135 0.0 -0.285288 -0.201089 0.0 -0.285599 -0.201042 0.0 -0.28591 -0.200998 0.0 -0.286221 -0.200954 0.0 -0.286532 -0.200912 0.0 -0.286844 -0.200869 0.0 -0.287155 -0.200829 0.0 -0.287467 -0.200789 0.0 -0.287778 -0.20075 0.0 -0.28809 -0.200712 0.0 -0.288402 -0.200675 0.0 -0.288714 -0.200639 0.0 -0.289027 -0.200604 0.0 -0.289339 -0.20057 0.0 -0.289651 -0.200537 0.0 -0.289964 -0.200505 0.0 -0.290276 -0.200474 0.0 -0.290589 -0.200444 0.0 -0.290902 -0.200415 0.0 -0.291215 -0.200387 0.0 -0.291528 -0.20036 0.0 -0.291841 -0.200333 0.0 -0.292154 -0.200309 0.0 -0.292467 -0.200284 0.0 -0.292781 -0.200261 0.0 -0.293094 -0.200239 0.0 -0.293407 -0.200218 0.0 -0.293721 -0.200197 0.0 -0.294035 -0.200179 0.0 -0.294348 -0.20016 0.0 -0.294662 -0.200143 0.0 -0.294976 -0.200126 0.0 -0.295289 -0.200112 0.0 -0.295603 -0.200097 0.0 -0.295917 -0.200084 0.0 -0.296231 -0.200071 0.0 -0.296545 -0.20006 0.0 -0.296859 -0.200049 0.0 -0.297173 -0.20004 0.0 -0.297487 -0.200032 0.0 -0.297801 -0.200025 0.0 -0.298115 -0.200018 0.0 -0.298429 -0.200013 0.0 -0.298743 -0.200008 0.0 -0.299058 -0.200005 0.0 -0.299372 -0.200002 0.0 -0.299686 -0.200001 0.0 -0.3 -0.2 0.0 -0.300314 -0.200001 0.0 -0.300628 -0.200002 0.0 -0.300942 -0.200005 0.0 -0.301257 -0.200008 0.0 -0.301571 -0.200013 0.0 -0.301885 -0.200018 0.0 -0.302199 -0.200025 0.0 -0.302513 -0.200032 0.0 -0.302827 -0.20004 0.0 -0.303141 -0.200049 0.0 -0.303455 -0.20006 0.0 -0.303769 -0.200071 0.0 -0.304083 -0.200084 0.0 -0.304397 -0.200097 0.0 -0.304711 -0.200112 0.0 -0.305024 -0.200126 0.0 -0.305338 -0.200143 0.0 -0.305652 -0.20016 0.0 -0.305965 -0.200179 0.0 -0.306279 -0.200197 0.0 -0.306593 -0.200218 0.0 -0.306906 -0.200239 0.0 -0.307219 -0.200261 0.0 -0.307533 -0.200284 0.0 -0.307846 -0.200309 0.0 -0.308159 -0.200333 0.0 -0.308472 -0.20036 0.0 -0.308785 -0.200387 0.0 -0.309098 -0.200415 0.0 -0.309411 -0.200444 0.0 -0.309724 -0.200474 0.0 -0.310036 -0.200505 0.0 -0.310349 -0.200537 0.0 -0.310661 -0.20057 0.0 -0.310973 -0.200604 0.0 -0.311286 -0.200639 0.0 -0.311598 -0.200675 0.0 -0.31191 -0.200712 0.0 -0.312222 -0.20075 0.0 -0.312533 -0.200789 0.0 -0.312845 -0.200829 0.0 -0.313156 -0.200869 0.0 -0.313468 -0.200912 0.0 -0.313779 -0.200954 0.0 -0.31409 -0.200998 0.0 -0.314401 -0.201042 0.0 -0.314712 -0.201089 0.0 -0.315023 -0.201135 0.0 -0.315333 -0.201183 0.0 -0.315643 -0.201231 0.0 -0.315954 -0.201281 0.0 -0.316264 -0.201331 0.0 -0.316574 -0.201383 0.0 -0.316883 -0.201436 0.0 -0.317193 -0.20149 0.0 -0.317502 -0.201544 0.0 -0.317811 -0.2016 0.0 -0.318121 -0.201655 0.0 -0.318429 -0.201713 0.0 -0.318738 -0.201771 0.0 -0.319047 -0.201831 0.0 -0.319355 -0.201891 0.0 -0.319663 -0.201953 0.0 -0.319971 -0.202014 0.0 -0.320279 -0.202078 0.0 -0.320586 -0.202142 0.0 -0.320893 -0.202208 0.0 -0.321201 -0.202273 0.0 -0.321508 -0.202341 0.0 -0.321814 -0.202408 0.0 -0.322121 -0.202478 0.0 -0.322427 -0.202547 0.0 -0.322733 -0.202619 0.0 -0.323039 -0.20269 0.0 -0.323344 -0.202763 0.0 -0.32365 -0.202837 0.0 -0.323955 -0.202912 0.0 -0.32426 -0.202987 0.0 -0.324564 -0.203065 0.0 -0.324869 -0.203142 0.0 -0.325173 -0.203221 0.0 -0.325477 -0.2033 0.0 -0.325781 -0.203381 0.0 -0.326084 -0.203462 0.0 -0.326387 -0.203545 0.0 -0.32669 -0.203628 0.0 -0.326993 -0.203712 0.0 -0.327295 -0.203797 0.0 -0.327597 -0.203884 0.0 -0.327899 -0.203971 0.0 -0.328201 -0.204059 0.0 -0.328502 -0.204148 0.0 -0.328803 -0.204238 0.0 -0.329104 -0.204329 0.0 -0.329404 -0.204421 0.0 -0.329704 -0.204514 0.0 -0.330004 -0.204608 0.0 -0.330304 -0.204702 0.0 -0.330603 -0.204798 0.0 -0.330902 -0.204894 0.0 -0.3312 -0.204992 0.0 -0.331499 -0.20509 0.0 -0.331797 -0.20519 0.0 -0.332094 -0.20529 0.0 -0.332392 -0.205392 0.0 -0.332689 -0.205494 0.0 -0.332985 -0.205597 0.0 -0.333282 -0.205701 0.0 -0.333578 -0.205806 0.0 -0.333874 -0.205912 0.0 -0.334169 -0.206019 0.0 -0.334464 -0.206127 0.0 -0.334759 -0.206236 0.0 -0.335053 -0.206345 0.0 -0.335347 -0.206456 0.0 -0.335641 -0.206567 0.0 -0.335934 -0.20668 0.0 -0.336228 -0.206793 0.0 -0.33652 -0.206908 0.0 -0.336812 -0.207022 0.0 -0.337104 -0.207139 0.0 -0.337396 -0.207255 0.0 -0.337687 -0.207374 0.0 -0.337978 -0.207492 0.0 -0.338268 -0.207613 0.0 -0.338558 -0.207733 0.0 -0.338848 -0.207855 0.0 -0.339137 -0.207977 0.0 -0.339426 -0.208101 0.0 -0.339715 -0.208225 0.0 -0.340003 -0.20835 0.0 -0.340291 -0.208476 0.0 -0.340578 -0.208603 0.0 -0.340865 -0.208731 0.0 -0.341151 -0.20886 0.0 -0.341438 -0.208989 0.0 -0.341723 -0.20912 0.0 -0.342009 -0.209252 0.0 -0.342293 -0.209384 0.0 -0.342578 -0.209517 0.0 -0.342862 -0.209652 0.0 -0.343146 -0.209787 0.0 -0.343429 -0.209923 0.0 -0.343712 -0.210059 0.0 -0.343994 -0.210198 0.0 -0.344276 -0.210336 0.0 -0.344557 -0.210476 0.0 -0.344838 -0.210616 0.0 -0.345119 -0.210758 0.0 -0.345399 -0.210899 0.0 -0.345679 -0.211043 0.0 -0.345958 -0.211186 0.0 -0.346237 -0.211332 0.0 -0.346515 -0.211477 0.0 -0.346793 -0.211624 0.0 -0.34707 -0.211771 0.0 -0.347347 -0.21192 0.0 -0.347624 -0.212068 0.0 -0.3479 -0.212219 0.0 -0.348175 -0.212369 0.0 -0.34845 -0.212522 0.0 -0.348725 -0.212674 0.0 -0.348999 -0.212828 0.0 -0.349273 -0.212982 0.0 -0.349546 -0.213137 0.0 -0.349819 -0.213293 0.0 -0.35009 -0.21345 0.0 -0.350362 -0.213608 0.0 -0.350633 -0.213767 0.0 -0.350904 -0.213926 0.0 -0.351174 -0.214087 0.0 -0.351444 -0.214247 0.0 -0.351713 -0.21441 0.0 -0.351982 -0.214572 0.0 -0.35225 -0.214736 0.0 -0.352517 -0.214901 0.0 -0.352784 -0.215066 0.0 -0.353051 -0.215232 0.0 -0.353317 -0.2154 0.0 -0.353583 -0.215567 0.0 -0.353847 -0.215736 0.0 -0.354112 -0.215906 0.0 -0.354376 -0.216076 0.0 -0.354639 -0.216247 0.0 -0.354902 -0.21642 0.0 -0.355165 -0.216592 0.0 -0.355426 -0.216766 0.0 -0.355688 -0.21694 0.0 -0.355948 -0.217116 0.0 -0.356208 -0.217292 0.0 -0.356468 -0.217469 0.0 -0.356727 -0.217647 0.0 -0.356985 -0.217826 0.0 -0.357243 -0.218005 0.0 -0.3575 -0.218185 0.0 -0.357757 -0.218366 0.0 -0.358013 -0.218548 0.0 -0.358269 -0.218731 0.0 -0.358524 -0.218914 0.0 -0.358779 -0.219098 0.0 -0.359032 -0.219284 0.0 -0.359286 -0.219469 0.0 -0.359538 -0.219656 0.0 -0.35979 -0.219843 0.0 -0.360042 -0.220032 0.0 -0.360293 -0.220221 0.0 -0.360543 -0.220411 0.0 -0.360793 -0.220601 0.0 -0.361042 -0.220793 0.0 -0.361291 -0.220984 0.0 -0.361538 -0.221178 0.0 -0.361786 -0.221371 0.0 -0.362032 -0.221566 0.0 -0.362279 -0.221761 0.0 -0.362524 -0.221957 0.0 -0.362769 -0.222154 0.0 -0.363013 -0.222352 0.0 -0.363257 -0.22255 0.0 -0.3635 -0.222749 0.0 -0.363742 -0.222949 0.0 -0.363984 -0.22315 0.0 -0.364225 -0.223351 0.0 -0.364465 -0.223553 0.0 -0.364706 -0.223756 0.0 -0.364944 -0.22396 0.0 -0.365183 -0.224164 0.0 -0.365421 -0.224369 0.0 -0.365659 -0.224575 0.0 -0.365895 -0.224782 0.0 -0.366131 -0.224989 0.0 -0.366366 -0.225197 0.0 -0.366601 -0.225406 0.0 -0.366835 -0.225616 0.0 -0.367069 -0.225826 0.0 -0.367301 -0.226037 0.0 -0.367533 -0.226249 0.0 -0.367764 -0.226462 0.0 -0.367995 -0.226674 0.0 -0.368225 -0.226889 0.0 -0.368455 -0.227103 0.0 -0.368683 -0.227319 0.0 -0.368911 -0.227535 0.0 -0.369138 -0.227752 0.0 -0.369365 -0.227969 0.0 -0.369591 -0.228188 0.0 -0.369817 -0.228406 0.0 -0.370041 -0.228626 0.0 -0.370265 -0.228846 0.0 -0.370488 -0.229068 0.0 -0.370711 -0.229289 0.0 -0.370932 -0.229512 0.0 -0.371154 -0.229735 0.0 -0.371374 -0.229959 0.0 -0.371594 -0.230183 0.0 -0.371812 -0.230409 0.0 -0.372031 -0.230635 0.0 -0.372248 -0.230862 0.0 -0.372465 -0.231089 0.0 -0.372681 -0.231317 0.0 -0.372897 -0.231545 0.0 -0.373111 -0.231775 0.0 -0.373326 -0.232005 0.0 -0.373538 -0.232236 0.0 -0.373751 -0.232467 0.0 -0.373963 -0.232699 0.0 -0.374174 -0.232931 0.0 -0.374384 -0.233165 0.0 -0.374594 -0.233399 0.0 -0.374803 -0.233634 0.0 -0.375011 -0.233869 0.0 -0.375218 -0.234105 0.0 -0.375425 -0.234341 0.0 -0.375631 -0.234579 0.0 -0.375836 -0.234817 0.0 -0.37604 -0.235056 0.0 -0.376244 -0.235294 0.0 -0.376447 -0.235535 0.0 -0.376649 -0.235775 0.0 -0.37685 -0.236016 0.0 -0.377051 -0.236258 0.0 -0.377251 -0.2365 0.0 -0.37745 -0.236743 0.0 -0.377648 -0.236987 0.0 -0.377846 -0.237231 0.0 -0.378043 -0.237476 0.0 -0.378239 -0.237721 0.0 -0.378434 -0.237968 0.0 -0.378629 -0.238214 0.0 -0.378822 -0.238462 0.0 -0.379016 -0.238709 0.0 -0.379207 -0.238958 0.0 -0.379399 -0.239207 0.0 -0.379589 -0.239457 0.0 -0.379779 -0.239707 0.0 -0.379968 -0.239958 0.0 -0.380157 -0.24021 0.0 -0.380344 -0.240462 0.0 -0.380531 -0.240714 0.0 -0.380716 -0.240968 0.0 -0.380902 -0.241221 0.0 -0.381086 -0.241476 0.0 -0.381269 -0.241731 0.0 -0.381452 -0.241987 0.0 -0.381634 -0.242243 0.0 -0.381815 -0.2425 0.0 -0.381995 -0.242757 0.0 -0.382174 -0.243015 0.0 -0.382353 -0.243273 0.0 -0.382531 -0.243532 0.0 -0.382708 -0.243792 0.0 -0.382884 -0.244052 0.0 -0.38306 -0.244312 0.0 -0.383234 -0.244574 0.0 -0.383408 -0.244835 0.0 -0.38358 -0.245098 0.0 -0.383753 -0.245361 0.0 -0.383924 -0.245624 0.0 -0.384094 -0.245888 0.0 -0.384264 -0.246153 0.0 -0.384433 -0.246417 0.0 -0.3846 -0.246683 0.0 -0.384768 -0.246949 0.0 -0.384934 -0.247216 0.0 -0.385099 -0.247483 0.0 -0.385264 -0.24775 0.0 -0.385428 -0.248018 0.0 -0.38559 -0.248287 0.0 -0.385753 -0.248556 0.0 -0.385913 -0.248826 0.0 -0.386074 -0.249096 0.0 -0.386233 -0.249367 0.0 -0.386392 -0.249638 0.0 -0.38655 -0.24991 0.0 -0.386707 -0.250181 0.0 -0.386863 -0.250454 0.0 -0.387018 -0.250727 0.0 -0.387172 -0.251001 0.0 -0.387326 -0.251275 0.0 -0.387478 -0.25155 0.0 -0.387631 -0.251825 0.0 -0.387781 -0.2521 0.0 -0.387932 -0.252376 0.0 -0.38808 -0.252653 0.0 -0.388229 -0.25293 0.0 -0.388376 -0.253207 0.0 -0.388523 -0.253485 0.0 -0.388668 -0.253763 0.0 -0.388814 -0.254042 0.0 -0.388957 -0.254321 0.0 -0.389101 -0.254601 0.0 -0.389242 -0.254881 0.0 -0.389384 -0.255162 0.0 -0.389524 -0.255443 0.0 -0.389664 -0.255724 0.0 -0.389802 -0.256006 0.0 -0.389941 -0.256288 0.0 -0.390077 -0.256571 0.0 -0.390213 -0.256854 0.0 -0.390348 -0.257138 0.0 -0.390483 -0.257422 0.0 -0.390616 -0.257707 0.0 -0.390748 -0.257991 0.0 -0.39088 -0.258277 0.0 -0.391011 -0.258562 0.0 -0.39114 -0.258849 0.0 -0.391269 -0.259135 0.0 -0.391397 -0.259422 0.0 -0.391524 -0.259709 0.0 -0.39165 -0.259997 0.0 -0.391775 -0.260285 0.0 -0.391899 -0.260574 0.0 -0.392023 -0.260863 0.0 -0.392145 -0.261152 0.0 -0.392267 -0.261442 0.0 -0.392387 -0.261732 0.0 -0.392508 -0.262022 0.0 -0.392626 -0.262313 0.0 -0.392745 -0.262604 0.0 -0.392861 -0.262896 0.0 -0.392978 -0.263188 0.0 -0.393092 -0.26348 0.0 -0.393207 -0.263772 0.0 -0.39332 -0.264066 0.0 -0.393433 -0.264359 0.0 -0.393544 -0.264653 0.0 -0.393655 -0.264947 0.0 -0.393764 -0.265241 0.0 -0.393873 -0.265536 0.0 -0.393981 -0.265831 0.0 -0.394088 -0.266126 0.0 -0.394194 -0.266422 0.0 -0.394299 -0.266718 0.0 -0.394403 -0.267015 0.0 -0.394506 -0.267311 0.0 -0.394608 -0.267608 0.0 -0.39471 -0.267906 0.0 -0.39481 -0.268203 0.0 -0.39491 -0.268501 0.0 -0.395008 -0.2688 0.0 -0.395106 -0.269098 0.0 -0.395202 -0.269397 0.0 -0.395298 -0.269696 0.0 -0.395392 -0.269996 0.0 -0.395486 -0.270296 0.0 -0.395579 -0.270596 0.0 -0.395671 -0.270896 0.0 -0.395762 -0.271197 0.0 -0.395852 -0.271498 0.0 -0.395941 -0.271799 0.0 -0.396029 -0.272101 0.0 -0.396116 -0.272403 0.0 -0.396203 -0.272705 0.0 -0.396288 -0.273007 0.0 -0.396372 -0.27331 0.0 -0.396455 -0.273613 0.0 -0.396538 -0.273916 0.0 -0.396619 -0.274219 0.0 -0.3967 -0.274523 0.0 -0.396779 -0.274827 0.0 -0.396858 -0.275131 0.0 -0.396935 -0.275436 0.0 -0.397013 -0.27574 0.0 -0.397088 -0.276045 0.0 -0.397163 -0.27635 0.0 -0.397237 -0.276656 0.0 -0.39731 -0.276961 0.0 -0.397381 -0.277267 0.0 -0.397453 -0.277573 0.0 -0.397522 -0.277879 0.0 -0.397592 -0.278186 0.0 -0.397659 -0.278492 0.0 -0.397727 -0.278799 0.0 -0.397792 -0.279107 0.0 -0.397858 -0.279414 0.0 -0.397922 -0.279721 0.0 -0.397986 -0.280029 0.0 -0.398047 -0.280337 0.0 -0.398109 -0.280645 0.0 -0.398169 -0.280953 0.0 -0.398229 -0.281262 0.0 -0.398287 -0.281571 0.0 -0.398345 -0.281879 0.0 -0.3984 -0.282189 0.0 -0.398456 -0.282498 0.0 -0.39851 -0.282807 0.0 -0.398564 -0.283117 0.0 -0.398617 -0.283426 0.0 -0.398669 -0.283736 0.0 -0.398719 -0.284046 0.0 -0.398769 -0.284357 0.0 -0.398817 -0.284667 0.0 -0.398865 -0.284977 0.0 -0.398911 -0.285288 0.0 -0.398958 -0.285599 0.0 -0.399002 -0.28591 0.0 -0.399046 -0.286221 0.0 -0.399088 -0.286532 0.0 -0.399131 -0.286844 0.0 -0.399171 -0.287155 0.0 -0.399211 -0.287467 0.0 -0.39925 -0.287778 0.0 -0.399288 -0.28809 0.0 -0.399325 -0.288402 0.0 -0.399361 -0.288714 0.0 -0.399396 -0.289027 0.0 -0.39943 -0.289339 0.0 -0.399463 -0.289651 0.0 -0.399495 -0.289964 0.0 -0.399526 -0.290276 0.0 -0.399556 -0.290589 0.0 -0.399585 -0.290902 0.0 -0.399613 -0.291215 0.0 -0.39964 -0.291528 0.0 -0.399667 -0.291841 0.0 -0.399691 -0.292154 0.0 -0.399716 -0.292467 0.0 -0.399739 -0.292781 0.0 -0.399761 -0.293094 0.0 -0.399782 -0.293407 0.0 -0.399803 -0.293721 0.0 -0.399821 -0.294035 0.0 -0.39984 -0.294348 0.0 -0.399857 -0.294662 0.0 -0.399874 -0.294976 0.0 -0.399888 -0.295289 0.0 -0.399903 -0.295603 0.0 -0.399916 -0.295917 0.0 -0.399929 -0.296231 0.0 -0.39994 -0.296545 0.0 -0.399951 -0.296859 0.0 -0.39996 -0.297173 0.0 -0.399968 -0.297487 0.0 -0.399975 -0.297801 0.0 -0.399982 -0.298115 0.0 -0.399987 -0.298429 0.0 -0.399992 -0.298743 0.0 -0.399995 -0.299058 0.0 -0.399998 -0.299372 0.0 -0.399999 -0.299686 0.0 -0.4 -0.3 0.0 -0.399999 -0.300314 0.0 -0.399998 -0.300628 0.0 -0.399995 -0.300942 0.0 -0.399992 -0.301257 0.0 -0.399987 -0.301571 0.0 -0.399982 -0.301885 0.0 -0.399975 -0.302199 0.0 -0.399968 -0.302513 0.0 -0.39996 -0.302827 0.0 -0.399951 -0.303141 0.0 -0.39994 -0.303455 0.0 -0.399929 -0.303769 0.0 -0.399916 -0.304083 0.0 -0.399903 -0.304397 0.0 -0.399888 -0.304711 0.0 -0.399874 -0.305024 0.0 -0.399857 -0.305338 0.0 -0.39984 -0.305652 0.0 -0.399821 -0.305965 0.0 -0.399803 -0.306279 0.0 -0.399782 -0.306593 0.0 -0.399761 -0.306906 0.0 -0.399739 -0.307219 0.0 -0.399716 -0.307533 0.0 -0.399691 -0.307846 0.0 -0.399667 -0.308159 0.0 -0.39964 -0.308472 0.0 -0.399613 -0.308785 0.0 -0.399585 -0.309098 0.0 -0.399556 -0.309411 0.0 -0.399526 -0.309724 0.0 -0.399495 -0.310036 0.0 -0.399463 -0.310349 0.0 -0.39943 -0.310661 0.0 -0.399396 -0.310973 0.0 -0.399361 -0.311286 0.0 -0.399325 -0.311598 0.0 -0.399288 -0.31191 0.0 -0.39925 -0.312222 0.0 -0.399211 -0.312533 0.0 -0.399171 -0.312845 0.0 -0.399131 -0.313156 0.0 -0.399088 -0.313468 0.0 -0.399046 -0.313779 0.0 -0.399002 -0.31409 0.0 -0.398958 -0.314401 0.0 -0.398911 -0.314712 0.0 -0.398865 -0.315023 0.0 -0.398817 -0.315333 0.0 -0.398769 -0.315643 0.0 -0.398719 -0.315954 0.0 -0.398669 -0.316264 0.0 -0.398617 -0.316574 0.0 -0.398564 -0.316883 0.0 -0.39851 -0.317193 0.0 -0.398456 -0.317502 0.0 -0.3984 -0.317811 0.0 -0.398345 -0.318121 0.0 -0.398287 -0.318429 0.0 -0.398229 -0.318738 0.0 -0.398169 -0.319047 0.0 -0.398109 -0.319355 0.0 -0.398047 -0.319663 0.0 -0.397986 -0.319971 0.0 -0.397922 -0.320279 0.0 -0.397858 -0.320586 0.0 -0.397792 -0.320893 0.0 -0.397727 -0.321201 0.0 -0.397659 -0.321508 0.0 -0.397592 -0.321814 0.0 -0.397522 -0.322121 0.0 -0.397453 -0.322427 0.0 -0.397381 -0.322733 0.0 -0.39731 -0.323039 0.0 -0.397237 -0.323344 0.0 -0.397163 -0.32365 0.0 -0.397088 -0.323955 0.0 -0.397013 -0.32426 0.0 -0.396935 -0.324564 0.0 -0.396858 -0.324869 0.0 -0.396779 -0.325173 0.0 -0.3967 -0.325477 0.0 -0.396619 -0.325781 0.0 -0.396538 -0.326084 0.0 -0.396455 -0.326387 0.0 -0.396372 -0.32669 0.0 -0.396288 -0.326993 0.0 -0.396203 -0.327295 0.0 -0.396116 -0.327597 0.0 -0.396029 -0.327899 0.0 -0.395941 -0.328201 0.0 -0.395852 -0.328502 0.0 -0.395762 -0.328803 0.0 -0.395671 -0.329104 0.0 -0.395579 -0.329404 0.0 -0.395486 -0.329704 0.0 -0.395392 -0.330004 0.0 -0.395298 -0.330304 0.0 -0.395202 -0.330603 0.0 -0.395106 -0.330902 0.0 -0.395008 -0.3312 0.0 -0.39491 -0.331499 0.0 -0.39481 -0.331797 0.0 -0.39471 -0.332094 0.0 -0.394608 -0.332392 0.0 -0.394506 -0.332689 0.0 -0.394403 -0.332985 0.0 -0.394299 -0.333282 0.0 -0.394194 -0.333578 0.0 -0.394088 -0.333874 0.0 -0.393981 -0.334169 0.0 -0.393873 -0.334464 0.0 -0.393764 -0.334759 0.0 -0.393655 -0.335053 0.0 -0.393544 -0.335347 0.0 -0.393433 -0.335641 0.0 -0.39332 -0.335934 0.0 -0.393207 -0.336228 0.0 -0.393092 -0.33652 0.0 -0.392978 -0.336812 0.0 -0.392861 -0.337104 0.0 -0.392745 -0.337396 0.0 -0.392626 -0.337687 0.0 -0.392508 -0.337978 0.0 -0.392387 -0.338268 0.0 -0.392267 -0.338558 0.0 -0.392145 -0.338848 0.0 -0.392023 -0.339137 0.0 -0.391899 -0.339426 0.0 -0.391775 -0.339715 0.0 -0.39165 -0.340003 0.0 -0.391524 -0.340291 0.0 -0.391397 -0.340578 0.0 -0.391269 -0.340865 0.0 -0.39114 -0.341151 0.0 -0.391011 -0.341438 0.0 -0.39088 -0.341723 0.0 -0.390748 -0.342009 0.0 -0.390616 -0.342293 0.0 -0.390483 -0.342578 0.0 -0.390348 -0.342862 0.0 -0.390213 -0.343146 0.0 -0.390077 -0.343429 0.0 -0.389941 -0.343712 0.0 -0.389802 -0.343994 0.0 -0.389664 -0.344276 0.0 -0.389524 -0.344557 0.0 -0.389384 -0.344838 0.0 -0.389242 -0.345119 0.0 -0.389101 -0.345399 0.0 -0.388957 -0.345679 0.0 -0.388814 -0.345958 0.0 -0.388668 -0.346237 0.0 -0.388523 -0.346515 0.0 -0.388376 -0.346793 0.0 -0.388229 -0.34707 0.0 -0.38808 -0.347347 0.0 -0.387932 -0.347624 0.0 -0.387781 -0.3479 0.0 -0.387631 -0.348175 0.0 -0.387478 -0.34845 0.0 -0.387326 -0.348725 0.0 -0.387172 -0.348999 0.0 -0.387018 -0.349273 0.0 -0.386863 -0.349546 0.0 -0.386707 -0.349819 0.0 -0.38655 -0.35009 0.0 -0.386392 -0.350362 0.0 -0.386233 -0.350633 0.0 -0.386074 -0.350904 0.0 -0.385913 -0.351174 0.0 -0.385753 -0.351444 0.0 -0.38559 -0.351713 0.0 -0.385428 -0.351982 0.0 -0.385264 -0.35225 0.0 -0.385099 -0.352517 0.0 -0.384934 -0.352784 0.0 -0.384768 -0.353051 0.0 -0.3846 -0.353317 0.0 -0.384433 -0.353583 0.0 -0.384264 -0.353847 0.0 -0.384094 -0.354112 0.0 -0.383924 -0.354376 0.0 -0.383753 -0.354639 0.0 -0.38358 -0.354902 0.0 -0.383408 -0.355165 0.0 -0.383234 -0.355426 0.0 -0.38306 -0.355688 0.0 -0.382884 -0.355948 0.0 -0.382708 -0.356208 0.0 -0.382531 -0.356468 0.0 -0.382353 -0.356727 0.0 -0.382174 -0.356985 0.0 -0.381995 -0.357243 0.0 -0.381815 -0.3575 0.0 -0.381634 -0.357757 0.0 -0.381452 -0.358013 0.0 -0.381269 -0.358269 0.0 -0.381086 -0.358524 0.0 -0.380902 -0.358779 0.0 -0.380716 -0.359032 0.0 -0.380531 -0.359286 0.0 -0.380344 -0.359538 0.0 -0.380157 -0.35979 0.0 -0.379968 -0.360042 0.0 -0.379779 -0.360293 0.0 -0.379589 -0.360543 0.0 -0.379399 -0.360793 0.0 -0.379207 -0.361042 0.0 -0.379016 -0.361291 0.0 -0.378822 -0.361538 0.0 -0.378629 -0.361786 0.0 -0.378434 -0.362032 0.0 -0.378239 -0.362279 0.0 -0.378043 -0.362524 0.0 -0.377846 -0.362769 0.0 -0.377648 -0.363013 0.0 -0.37745 -0.363257 0.0 -0.377251 -0.3635 0.0 -0.377051 -0.363742 0.0 -0.37685 -0.363984 0.0 -0.376649 -0.364225 0.0 -0.376447 -0.364465 0.0 -0.376244 -0.364706 0.0 -0.37604 -0.364944 0.0 -0.375836 -0.365183 0.0 -0.375631 -0.365421 0.0 -0.375425 -0.365659 0.0 -0.375218 -0.365895 0.0 -0.375011 -0.366131 0.0 -0.374803 -0.366366 0.0 -0.374594 -0.366601 0.0 -0.374384 -0.366835 0.0 -0.374174 -0.367069 0.0 -0.373963 -0.367301 0.0 -0.373751 -0.367533 0.0 -0.373538 -0.367764 0.0 -0.373326 -0.367995 0.0 -0.373111 -0.368225 0.0 -0.372897 -0.368455 0.0 -0.372681 -0.368683 0.0 -0.372465 -0.368911 0.0 -0.372248 -0.369138 0.0 -0.372031 -0.369365 0.0 -0.371812 -0.369591 0.0 -0.371594 -0.369817 0.0 -0.371374 -0.370041 0.0 -0.371154 -0.370265 0.0 -0.370932 -0.370488 0.0 -0.370711 -0.370711 0.0 -0.370488 -0.370932 0.0 -0.370265 -0.371154 0.0 -0.370041 -0.371374 0.0 -0.369817 -0.371594 0.0 -0.369591 -0.371812 0.0 -0.369365 -0.372031 0.0 -0.369138 -0.372248 0.0 -0.368911 -0.372465 0.0 -0.368683 -0.372681 0.0 -0.368455 -0.372897 0.0 -0.368225 -0.373111 0.0 -0.367995 -0.373326 0.0 -0.367764 -0.373538 0.0 -0.367533 -0.373751 0.0 -0.367301 -0.373963 0.0 -0.367069 -0.374174 0.0 -0.366835 -0.374384 0.0 -0.366601 -0.374594 0.0 -0.366366 -0.374803 0.0 -0.366131 -0.375011 0.0 -0.365895 -0.375218 0.0 -0.365659 -0.375425 0.0 -0.365421 -0.375631 0.0 -0.365183 -0.375836 0.0 -0.364944 -0.37604 0.0 -0.364706 -0.376244 0.0 -0.364465 -0.376447 0.0 -0.364225 -0.376649 0.0 -0.363984 -0.37685 0.0 -0.363742 -0.377051 0.0 -0.3635 -0.377251 0.0 -0.363257 -0.37745 0.0 -0.363013 -0.377648 0.0 -0.362769 -0.377846 0.0 -0.362524 -0.378043 0.0 -0.362279 -0.378239 0.0 -0.362032 -0.378434 0.0 -0.361786 -0.378629 0.0 -0.361538 -0.378822 0.0 -0.361291 -0.379016 0.0 -0.361042 -0.379207 0.0 -0.360793 -0.379399 0.0 -0.360543 -0.379589 0.0 -0.360293 -0.379779 0.0 -0.360042 -0.379968 0.0 -0.35979 -0.380157 0.0 -0.359538 -0.380344 0.0 -0.359286 -0.380531 0.0 -0.359032 -0.380716 0.0 -0.358779 -0.380902 0.0 -0.358524 -0.381086 0.0 -0.358269 -0.381269 0.0 -0.358013 -0.381452 0.0 -0.357757 -0.381634 0.0 -0.3575 -0.381815 0.0 -0.357243 -0.381995 0.0 -0.356985 -0.382174 0.0 -0.356727 -0.382353 0.0 -0.356468 -0.382531 0.0 -0.356208 -0.382708 0.0 -0.355948 -0.382884 0.0 -0.355688 -0.38306 0.0 -0.355426 -0.383234 0.0 -0.355165 -0.383408 0.0 -0.354902 -0.38358 0.0 -0.354639 -0.383753 0.0 -0.354376 -0.383924 0.0 -0.354112 -0.384094 0.0 -0.353847 -0.384264 0.0 -0.353583 -0.384433 0.0 -0.353317 -0.3846 0.0 -0.353051 -0.384768 0.0 -0.352784 -0.384934 0.0 -0.352517 -0.385099 0.0 -0.35225 -0.385264 0.0 -0.351982 -0.385428 0.0 -0.351713 -0.38559 0.0 -0.351444 -0.385753 0.0 -0.351174 -0.385913 0.0 -0.350904 -0.386074 0.0 -0.350633 -0.386233 0.0 -0.350362 -0.386392 0.0 -0.35009 -0.38655 0.0 -0.349819 -0.386707 0.0 -0.349546 -0.386863 0.0 -0.349273 -0.387018 0.0 -0.348999 -0.387172 0.0 -0.348725 -0.387326 0.0 -0.34845 -0.387478 0.0 -0.348175 -0.387631 0.0 -0.3479 -0.387781 0.0 -0.347624 -0.387932 0.0 -0.347347 -0.38808 0.0 -0.34707 -0.388229 0.0 -0.346793 -0.388376 0.0 -0.346515 -0.388523 0.0 -0.346237 -0.388668 0.0 -0.345958 -0.388814 0.0 -0.345679 -0.388957 0.0 -0.345399 -0.389101 0.0 -0.345119 -0.389242 0.0 -0.344838 -0.389384 0.0 -0.344557 -0.389524 0.0 -0.344276 -0.389664 0.0 -0.343994 -0.389802 0.0 -0.343712 -0.389941 0.0 -0.343429 -0.390077 0.0 -0.343146 -0.390213 0.0 -0.342862 -0.390348 0.0 -0.342578 -0.390483 0.0 -0.342293 -0.390616 0.0 -0.342009 -0.390748 0.0 -0.341723 -0.39088 0.0 -0.341438 -0.391011 0.0 -0.341151 -0.39114 0.0 -0.340865 -0.391269 0.0 -0.340578 -0.391397 0.0 -0.340291 -0.391524 0.0 -0.340003 -0.39165 0.0 -0.339715 -0.391775 0.0 -0.339426 -0.391899 0.0 -0.339137 -0.392023 0.0 -0.338848 -0.392145 0.0 -0.338558 -0.392267 0.0 -0.338268 -0.392387 0.0 -0.337978 -0.392508 0.0 -0.337687 -0.392626 0.0 -0.337396 -0.392745 0.0 -0.337104 -0.392861 0.0 -0.336812 -0.392978 0.0 -0.33652 -0.393092 0.0 -0.336228 -0.393207 0.0 -0.335934 -0.39332 0.0 -0.335641 -0.393433 0.0 -0.335347 -0.393544 0.0 -0.335053 -0.393655 0.0 -0.334759 -0.393764 0.0 -0.334464 -0.393873 0.0 -0.334169 -0.393981 0.0 -0.333874 -0.394088 0.0 -0.333578 -0.394194 0.0 -0.333282 -0.394299 0.0 -0.332985 -0.394403 0.0 -0.332689 -0.394506 0.0 -0.332392 -0.394608 0.0 -0.332094 -0.39471 0.0 -0.331797 -0.39481 0.0 -0.331499 -0.39491 0.0 -0.3312 -0.395008 0.0 -0.330902 -0.395106 0.0 -0.330603 -0.395202 0.0 -0.330304 -0.395298 0.0 -0.330004 -0.395392 0.0 -0.329704 -0.395486 0.0 -0.329404 -0.395579 0.0 -0.329104 -0.395671 0.0 -0.328803 -0.395762 0.0 -0.328502 -0.395852 0.0 -0.328201 -0.395941 0.0 -0.327899 -0.396029 0.0 -0.327597 -0.396116 0.0 -0.327295 -0.396203 0.0 -0.326993 -0.396288 0.0 -0.32669 -0.396372 0.0 -0.326387 -0.396455 0.0 -0.326084 -0.396538 0.0 -0.325781 -0.396619 0.0 -0.325477 -0.3967 0.0 -0.325173 -0.396779 0.0 -0.324869 -0.396858 0.0 -0.324564 -0.396935 0.0 -0.32426 -0.397013 0.0 -0.323955 -0.397088 0.0 -0.32365 -0.397163 0.0 -0.323344 -0.397237 0.0 -0.323039 -0.39731 0.0 -0.322733 -0.397381 0.0 -0.322427 -0.397453 0.0 -0.322121 -0.397522 0.0 -0.321814 -0.397592 0.0 -0.321508 -0.397659 0.0 -0.321201 -0.397727 0.0 -0.320893 -0.397792 0.0 -0.320586 -0.397858 0.0 -0.320279 -0.397922 0.0 -0.319971 -0.397986 0.0 -0.319663 -0.398047 0.0 -0.319355 -0.398109 0.0 -0.319047 -0.398169 0.0 -0.318738 -0.398229 0.0 -0.318429 -0.398287 0.0 -0.318121 -0.398345 0.0 -0.317811 -0.3984 0.0 -0.317502 -0.398456 0.0 -0.317193 -0.39851 0.0 -0.316883 -0.398564 0.0 -0.316574 -0.398617 0.0 -0.316264 -0.398669 0.0 -0.315954 -0.398719 0.0 -0.315643 -0.398769 0.0 -0.315333 -0.398817 0.0 -0.315023 -0.398865 0.0 -0.314712 -0.398911 0.0 -0.314401 -0.398958 0.0 -0.31409 -0.399002 0.0 -0.313779 -0.399046 0.0 -0.313468 -0.399088 0.0 -0.313156 -0.399131 0.0 -0.312845 -0.399171 0.0 -0.312533 -0.399211 0.0 -0.312222 -0.39925 0.0 -0.31191 -0.399288 0.0 -0.311598 -0.399325 0.0 -0.311286 -0.399361 0.0 -0.310973 -0.399396 0.0 -0.310661 -0.39943 0.0 -0.310349 -0.399463 0.0 -0.310036 -0.399495 0.0 -0.309724 -0.399526 0.0 -0.309411 -0.399556 0.0 -0.309098 -0.399585 0.0 -0.308785 -0.399613 0.0 -0.308472 -0.39964 0.0 -0.308159 -0.399667 0.0 -0.307846 -0.399691 0.0 -0.307533 -0.399716 0.0 -0.307219 -0.399739 0.0 -0.306906 -0.399761 0.0 -0.306593 -0.399782 0.0 -0.306279 -0.399803 0.0 -0.305965 -0.399821 0.0 -0.305652 -0.39984 0.0 -0.305338 -0.399857 0.0 -0.305024 -0.399874 0.0 -0.304711 -0.399888 0.0 -0.304397 -0.399903 0.0 -0.304083 -0.399916 0.0 -0.303769 -0.399929 0.0 -0.303455 -0.39994 0.0 -0.303141 -0.399951 0.0 -0.302827 -0.39996 0.0 -0.302513 -0.399968 0.0 -0.302199 -0.399975 0.0 -0.301885 -0.399982 0.0 -0.301571 -0.399987 0.0 -0.301257 -0.399992 0.0 -0.300942 -0.399995 0.0 -0.300628 -0.399998 0.0 -0.300314 -0.399999 0.0 -0.3 -0.4 0.0 -0.299686 -0.399999 0.0 -0.299372 -0.399998 0.0 -0.299058 -0.399995 0.0 -0.298743 -0.399992 0.0 -0.298429 -0.399987 0.0 -0.298115 -0.399982 0.0 -0.297801 -0.399975 0.0 -0.297487 -0.399968 0.0 -0.297173 -0.39996 0.0 -0.296859 -0.399951 0.0 -0.296545 -0.39994 0.0 -0.296231 -0.399929 0.0 -0.295917 -0.399916 0.0 -0.295603 -0.399903 0.0 -0.295289 -0.399888 0.0 -0.294976 -0.399874 0.0 -0.294662 -0.399857 0.0 -0.294348 -0.39984 0.0 -0.294035 -0.399821 0.0 -0.293721 -0.399803 0.0 -0.293407 -0.399782 0.0 -0.293094 -0.399761 0.0 -0.292781 -0.399739 0.0 -0.292467 -0.399716 0.0 -0.292154 -0.399691 0.0 -0.291841 -0.399667 0.0 -0.291528 -0.39964 0.0 -0.291215 -0.399613 0.0 -0.290902 -0.399585 0.0 -0.290589 -0.399556 0.0 -0.290276 -0.399526 0.0 -0.289964 -0.399495 0.0 -0.289651 -0.399463 0.0 -0.289339 -0.39943 0.0 -0.289027 -0.399396 0.0 -0.288714 -0.399361 0.0 -0.288402 -0.399325 0.0 -0.28809 -0.399288 0.0 -0.287778 -0.39925 0.0 -0.287467 -0.399211 0.0 -0.287155 -0.399171 0.0 -0.286844 -0.399131 0.0 -0.286532 -0.399088 0.0 -0.286221 -0.399046 0.0 -0.28591 -0.399002 0.0 -0.285599 -0.398958 0.0 -0.285288 -0.398911 0.0 -0.284977 -0.398865 0.0 -0.284667 -0.398817 0.0 -0.284357 -0.398769 0.0 -0.284046 -0.398719 0.0 -0.283736 -0.398669 0.0 -0.283426 -0.398617 0.0 -0.283117 -0.398564 0.0 -0.282807 -0.39851 0.0 -0.282498 -0.398456 0.0 -0.282189 -0.3984 0.0 -0.281879 -0.398345 0.0 -0.281571 -0.398287 0.0 -0.281262 -0.398229 0.0 -0.280953 -0.398169 0.0 -0.280645 -0.398109 0.0 -0.280337 -0.398047 0.0 -0.280029 -0.397986 0.0 -0.279721 -0.397922 0.0 -0.279414 -0.397858 0.0 -0.279107 -0.397792 0.0 -0.278799 -0.397727 0.0 -0.278492 -0.397659 0.0 -0.278186 -0.397592 0.0 -0.277879 -0.397522 0.0 -0.277573 -0.397453 0.0 -0.277267 -0.397381 0.0 -0.276961 -0.39731 0.0 -0.276656 -0.397237 0.0 -0.27635 -0.397163 0.0 -0.276045 -0.397088 0.0 -0.27574 -0.397013 0.0 -0.275436 -0.396935 0.0 -0.275131 -0.396858 0.0 -0.274827 -0.396779 0.0 -0.274523 -0.3967 0.0 -0.274219 -0.396619 0.0 -0.273916 -0.396538 0.0 -0.273613 -0.396455 0.0 -0.27331 -0.396372 0.0 -0.273007 -0.396288 0.0 -0.272705 -0.396203 0.0 -0.272403 -0.396116 0.0 -0.272101 -0.396029 0.0 -0.271799 -0.395941 0.0 -0.271498 -0.395852 0.0 -0.271197 -0.395762 0.0 -0.270896 -0.395671 0.0 -0.270596 -0.395579 0.0 -0.270296 -0.395486 0.0 -0.269996 -0.395392 0.0 -0.269696 -0.395298 0.0 -0.269397 -0.395202 0.0 -0.269098 -0.395106 0.0 -0.2688 -0.395008 0.0 -0.268501 -0.39491 0.0 -0.268203 -0.39481 0.0 -0.267906 -0.39471 0.0 -0.267608 -0.394608 0.0 -0.267311 -0.394506 0.0 -0.267015 -0.394403 0.0 -0.266718 -0.394299 0.0 -0.266422 -0.394194 0.0 -0.266126 -0.394088 0.0 -0.265831 -0.393981 0.0 -0.265536 -0.393873 0.0 -0.265241 -0.393764 0.0 -0.264947 -0.393655 0.0 -0.264653 -0.393544 0.0 -0.264359 -0.393433 0.0 -0.264066 -0.39332 0.0 -0.263772 -0.393207 0.0 -0.26348 -0.393092 0.0 -0.263188 -0.392978 0.0 -0.262896 -0.392861 0.0 -0.262604 -0.392745 0.0 -0.262313 -0.392626 0.0 -0.262022 -0.392508 0.0 -0.261732 -0.392387 0.0 -0.261442 -0.392267 0.0 -0.261152 -0.392145 0.0 -0.260863 -0.392023 0.0 -0.260574 -0.391899 0.0 -0.260285 -0.391775 0.0 -0.259997 -0.39165 0.0 -0.259709 -0.391524 0.0 -0.259422 -0.391397 0.0 -0.259135 -0.391269 0.0 -0.258849 -0.39114 0.0 -0.258562 -0.391011 0.0 -0.258277 -0.39088 0.0 -0.257991 -0.390748 0.0 -0.257707 -0.390616 0.0 -0.257422 -0.390483 0.0 -0.257138 -0.390348 0.0 -0.256854 -0.390213 0.0 -0.256571 -0.390077 0.0 -0.256288 -0.389941 0.0 -0.256006 -0.389802 0.0 -0.255724 -0.389664 0.0 -0.255443 -0.389524 0.0 -0.255162 -0.389384 0.0 -0.254881 -0.389242 0.0 -0.254601 -0.389101 0.0 -0.254321 -0.388957 0.0 -0.254042 -0.388814 0.0 -0.253763 -0.388668 0.0 -0.253485 -0.388523 0.0 -0.253207 -0.388376 0.0 -0.25293 -0.388229 0.0 -0.252653 -0.38808 0.0 -0.252376 -0.387932 0.0 -0.2521 -0.387781 0.0 -0.251825 -0.387631 0.0 -0.25155 -0.387478 0.0 -0.251275 -0.387326 0.0 -0.251001 -0.387172 0.0 -0.250727 -0.387018 0.0 -0.250454 -0.386863 0.0 -0.250181 -0.386707 0.0 -0.24991 -0.38655 0.0 -0.249638 -0.386392 0.0 -0.249367 -0.386233 0.0 -0.249096 -0.386074 0.0 -0.248826 -0.385913 0.0 -0.248556 -0.385753 0.0 -0.248287 -0.38559 0.0 -0.248018 -0.385428 0.0 -0.24775 -0.385264 0.0 -0.247483 -0.385099 0.0 -0.247216 -0.384934 0.0 -0.246949 -0.384768 0.0 -0.246683 -0.3846 0.0 -0.246417 -0.384433 0.0 -0.246153 -0.384264 0.0 -0.245888 -0.384094 0.0 -0.245624 -0.383924 0.0 -0.245361 -0.383753 0.0 -0.245098 -0.38358 0.0 -0.244835 -0.383408 0.0 -0.244574 -0.383234 0.0 -0.244312 -0.38306 0.0 -0.244052 -0.382884 0.0 -0.243792 -0.382708 0.0 -0.243532 -0.382531 0.0 -0.243273 -0.382353 0.0 -0.243015 -0.382174 0.0 -0.242757 -0.381995 0.0 -0.2425 -0.381815 0.0 -0.242243 -0.381634 0.0 -0.241987 -0.381452 0.0 -0.241731 -0.381269 0.0 -0.241476 -0.381086 0.0 -0.241221 -0.380902 0.0 -0.240968 -0.380716 0.0 -0.240714 -0.380531 0.0 -0.240462 -0.380344 0.0 -0.24021 -0.380157 0.0 -0.239958 -0.379968 0.0 -0.239707 -0.379779 0.0 -0.239457 -0.379589 0.0 -0.239207 -0.379399 0.0 -0.238958 -0.379207 0.0 -0.238709 -0.379016 0.0 -0.238462 -0.378822 0.0 -0.238214 -0.378629 0.0 -0.237968 -0.378434 0.0 -0.237721 -0.378239 0.0 -0.237476 -0.378043 0.0 -0.237231 -0.377846 0.0 -0.236987 -0.377648 0.0 -0.236743 -0.37745 0.0 -0.2365 -0.377251 0.0 -0.236258 -0.377051 0.0 -0.236016 -0.37685 0.0 -0.235775 -0.376649 0.0 -0.235535 -0.376447 0.0 -0.235294 -0.376244 0.0 -0.235056 -0.37604 0.0 -0.234817 -0.375836 0.0 -0.234579 -0.375631 0.0 -0.234341 -0.375425 0.0 -0.234105 -0.375218 0.0 -0.233869 -0.375011 0.0 -0.233634 -0.374803 0.0 -0.233399 -0.374594 0.0 -0.233165 -0.374384 0.0 -0.232931 -0.374174 0.0 -0.232699 -0.373963 0.0 -0.232467 -0.373751 0.0 -0.232236 -0.373538 0.0 -0.232005 -0.373326 0.0 -0.231775 -0.373111 0.0 -0.231545 -0.372897 0.0 -0.231317 -0.372681 0.0 -0.231089 -0.372465 0.0 -0.230862 -0.372248 0.0 -0.230635 -0.372031 0.0 -0.230409 -0.371812 0.0 -0.230183 -0.371594 0.0 -0.229959 -0.371374 0.0 -0.229735 -0.371154 0.0 -0.229512 -0.370932 0.0 -0.229289 -0.370711 0.0 -0.229068 -0.370488 0.0 -0.228846 -0.370265 0.0 -0.228626 -0.370041 0.0 -0.228406 -0.369817 0.0 -0.228188 -0.369591 0.0 -0.227969 -0.369365 0.0 -0.227752 -0.369138 0.0 -0.227535 -0.368911 0.0 -0.227319 -0.368683 0.0 -0.227103 -0.368455 0.0 -0.226889 -0.368225 0.0 -0.226674 -0.367995 0.0 -0.226462 -0.367764 0.0 -0.226249 -0.367533 0.0 -0.226037 -0.367301 0.0 -0.225826 -0.367069 0.0 -0.225616 -0.366835 0.0 -0.225406 -0.366601 0.0 -0.225197 -0.366366 0.0 -0.224989 -0.366131 0.0 -0.224782 -0.365895 0.0 -0.224575 -0.365659 0.0 -0.224369 -0.365421 0.0 -0.224164 -0.365183 0.0 -0.22396 -0.364944 0.0 -0.223756 -0.364706 0.0 -0.223553 -0.364465 0.0 -0.223351 -0.364225 0.0 -0.22315 -0.363984 0.0 -0.222949 -0.363742 0.0 -0.222749 -0.3635 0.0 -0.22255 -0.363257 0.0 -0.222352 -0.363013 0.0 -0.222154 -0.362769 0.0 -0.221957 -0.362524 0.0 -0.221761 -0.362279 0.0 -0.221566 -0.362032 0.0 -0.221371 -0.361786 0.0 -0.221178 -0.361538 0.0 -0.220984 -0.361291 0.0 -0.220793 -0.361042 0.0 -0.220601 -0.360793 0.0 -0.220411 -0.360543 0.0 -0.220221 -0.360293 0.0 -0.220032 -0.360042 0.0 -0.219843 -0.35979 0.0 -0.219656 -0.359538 0.0 -0.219469 -0.359286 0.0 -0.219284 -0.359032 0.0 -0.219098 -0.358779 0.0 -0.218914 -0.358524 0.0 -0.218731 -0.358269 0.0 -0.218548 -0.358013 0.0 -0.218366 -0.357757 0.0 -0.218185 -0.3575 0.0 -0.218005 -0.357243 0.0 -0.217826 -0.356985 0.0 -0.217647 -0.356727 0.0 -0.217469 -0.356468 0.0 -0.217292 -0.356208 0.0 -0.217116 -0.355948 0.0 -0.21694 -0.355688 0.0 -0.216766 -0.355426 0.0 -0.216592 -0.355165 0.0 -0.21642 -0.354902 0.0 -0.216247 -0.354639 0.0 -0.216076 -0.354376 0.0 -0.215906 -0.354112 0.0 -0.215736 -0.353847 0.0 -0.215567 -0.353583 0.0 -0.2154 -0.353317 0.0 -0.215232 -0.353051 0.0 -0.215066 -0.352784 0.0 -0.214901 -0.352517 0.0 -0.214736 -0.35225 0.0 -0.214572 -0.351982 0.0 -0.21441 -0.351713 0.0 -0.214247 -0.351444 0.0 -0.214087 -0.351174 0.0 -0.213926 -0.350904 0.0 -0.213767 -0.350633 0.0 -0.213608 -0.350362 0.0 -0.21345 -0.35009 0.0 -0.213293 -0.349819 0.0 -0.213137 -0.349546 0.0 -0.212982 -0.349273 0.0 -0.212828 -0.348999 0.0 -0.212674 -0.348725 0.0 -0.212522 -0.34845 0.0 -0.212369 -0.348175 0.0 -0.212219 -0.3479 0.0 -0.212068 -0.347624 0.0 -0.21192 -0.347347 0.0 -0.211771 -0.34707 0.0 -0.211624 -0.346793 0.0 -0.211477 -0.346515 0.0 -0.211332 -0.346237 0.0 -0.211186 -0.345958 0.0 -0.211043 -0.345679 0.0 -0.210899 -0.345399 0.0 -0.210758 -0.345119 0.0 -0.210616 -0.344838 0.0 -0.210476 -0.344557 0.0 -0.210336 -0.344276 0.0 -0.210198 -0.343994 0.0 -0.210059 -0.343712 0.0 -0.209923 -0.343429 0.0 -0.209787 -0.343146 0.0 -0.209652 -0.342862 0.0 -0.209517 -0.342578 0.0 -0.209384 -0.342293 0.0 -0.209252 -0.342009 0.0 -0.20912 -0.341723 0.0 -0.208989 -0.341438 0.0 -0.20886 -0.341151 0.0 -0.208731 -0.340865 0.0 -0.208603 -0.340578 0.0 -0.208476 -0.340291 0.0 -0.20835 -0.340003 0.0 -0.208225 -0.339715 0.0 -0.208101 -0.339426 0.0 -0.207977 -0.339137 0.0 -0.207855 -0.338848 0.0 -0.207733 -0.338558 0.0 -0.207613 -0.338268 0.0 -0.207492 -0.337978 0.0 -0.207374 -0.337687 0.0 -0.207255 -0.337396 0.0 -0.207139 -0.337104 0.0 -0.207022 -0.336812 0.0 -0.206908 -0.33652 0.0 -0.206793 -0.336228 0.0 -0.20668 -0.335934 0.0 -0.206567 -0.335641 0.0 -0.206456 -0.335347 0.0 -0.206345 -0.335053 0.0 -0.206236 -0.334759 0.0 -0.206127 -0.334464 0.0 -0.206019 -0.334169 0.0 -0.205912 -0.333874 0.0 -0.205806 -0.333578 0.0 -0.205701 -0.333282 0.0 -0.205597 -0.332985 0.0 -0.205494 -0.332689 0.0 -0.205392 -0.332392 0.0 -0.20529 -0.332094 0.0 -0.20519 -0.331797 0.0 -0.20509 -0.331499 0.0 -0.204992 -0.3312 0.0 -0.204894 -0.330902 0.0 -0.204798 -0.330603 0.0 -0.204702 -0.330304 0.0 -0.204608 -0.330004 0.0 -0.204514 -0.329704 0.0 -0.204421 -0.329404 0.0 -0.204329 -0.329104 0.0 -0.204238 -0.328803 0.0 -0.204148 -0.328502 0.0 -0.204059 -0.328201 0.0 -0.203971 -0.327899 0.0 -0.203884 -0.327597 0.0 -0.203797 -0.327295 0.0 -0.203712 -0.326993 0.0 -0.203628 -0.32669 0.0 -0.203545 -0.326387 0.0 -0.203462 -0.326084 0.0 -0.203381 -0.325781 0.0 -0.2033 -0.325477 0.0 -0.203221 -0.325173 0.0 -0.203142 -0.324869 0.0 -0.203065 -0.324564 0.0 -0.202987 -0.32426 0.0 -0.202912 -0.323955 0.0 -0.202837 -0.32365 0.0 -0.202763 -0.323344 0.0 -0.20269 -0.323039 0.0 -0.202619 -0.322733 0.0 -0.202547 -0.322427 0.0 -0.202478 -0.322121 0.0 -0.202408 -0.321814 0.0 -0.202341 -0.321508 0.0 -0.202273 -0.321201 0.0 -0.202208 -0.320893 0.0 -0.202142 -0.320586 0.0 -0.202078 -0.320279 0.0 -0.202014 -0.319971 0.0 -0.201953 -0.319663 0.0 -0.201891 -0.319355 0.0 -0.201831 -0.319047 0.0 -0.201771 -0.318738 0.0 -0.201713 -0.318429 0.0 -0.201655 -0.318121 0.0 -0.2016 -0.317811 0.0 -0.201544 -0.317502 0.0 -0.20149 -0.317193 0.0 -0.201436 -0.316883 0.0 -0.201383 -0.316574 0.0 -0.201331 -0.316264 0.0 -0.201281 -0.315954 0.0 -0.201231 -0.315643 0.0 -0.201183 -0.315333 0.0 -0.201135 -0.315023 0.0 -0.201089 -0.314712 0.0 -0.201042 -0.314401 0.0 -0.200998 -0.31409 0.0 -0.200954 -0.313779 0.0 -0.200912 -0.313468 0.0 -0.200869 -0.313156 0.0 -0.200829 -0.312845 0.0 -0.200789 -0.312533 0.0 -0.20075 -0.312222 0.0 -0.200712 -0.31191 0.0 -0.200675 -0.311598 0.0 -0.200639 -0.311286 0.0 -0.200604 -0.310973 0.0 -0.20057 -0.310661 0.0 -0.200537 -0.310349 0.0 -0.200505 -0.310036 0.0 -0.200474 -0.309724 0.0 -0.200444 -0.309411 0.0 -0.200415 -0.309098 0.0 -0.200387 -0.308785 0.0 -0.20036 -0.308472 0.0 -0.200333 -0.308159 0.0 -0.200309 -0.307846 0.0 -0.200284 -0.307533 0.0 -0.200261 -0.307219 0.0 -0.200239 -0.306906 0.0 -0.200218 -0.306593 0.0 -0.200197 -0.306279 0.0 -0.200179 -0.305965 0.0 -0.20016 -0.305652 0.0 -0.200143 -0.305338 0.0 -0.200126 -0.305024 0.0 -0.200112 -0.304711 0.0 -0.200097 -0.304397 0.0 -0.200084 -0.304083 0.0 -0.200071 -0.303769 0.0 -0.20006 -0.303455 0.0 -0.200049 -0.303141 0.0 -0.20004 -0.302827 0.0 -0.200032 -0.302513 0.0 -0.200025 -0.302199 0.0 -0.200018 -0.301885 0.0 -0.200013 -0.301571 0.0 -0.200008 -0.301257 0.0 -0.200005 -0.300942 0.0 -0.200002 -0.300628 0.0 -0.200001 -0.300314 0.0 
        </DataArray>
      </Points>
      <Polys>
        <DataArray type="Int64" Name="connectivity" format="ascii">
0 1 1 2 2 3 3 4 4 5 5 6 6 7 7 8 8 9 9 10 10 11 11 12 12 13 13 14 14 15 15 16 16 17 17 18 18 19 19 20 20 21 21 22 22 23 23 24 24 25 25 26 26 27 27 28 28 29 29 30 30 31 31 32 32 33 33 34 34 35 35 36 36 37 37 38 38 39 39 40 40 41 41 42 42 43 43 44 44 45 45 46 46 47 47 48 48 49 49 50 50 51 51 52 52 53 53 54 54 55 55 56 56 57 57 58 58 59 59 60 60 61 61 62 62 63 63 64 64 65 65 66 66 67 67 68 68 69 69 70 70 71 71 72 72 73 73 74 74 75 75 76 76 77 77 78 78 79 79 80 80 81 81 82 82 83 83 84 84 85 85 86 86 87 87 88 88 89 89 90 90 91 91 92 92 93 93 94 94 95 95 96 96 97 97 98 98 99 99 100 100 101 101 102 102 103 103 104 104 105 105 106 106 107 107 108 108 109 109 110 110 111 111 112 112 113 113 114 114 115 115 116 116 117 117 118 118 119 119 120 120 121 121 122 122 123 123 124 124 125 125 126 126 127 127 128 128 129 129 130 130 131 131 132 132 133 133 134 134 135 135 136 136 137 137 138 138 139 139 140 140 141 141 142 142 143 143 144 144 145 145 146 146 147 147 148 148 149 149 150 150 151 151 152 152 153 153 154 154 155 155 156 156 157 157 158 158 159 159 160 160 161 161 162 162 163 163 164 164 165 165 166 166 167 167 168 168 169 169 170 170 171 171 172 172 173 173 174 174 175 175 176 176 177 177 178 178 179 179 180 180 181 181 182 182 183 183 184 184 185 185 186 186 187 187 188 188 189 189 190 190 191 191 192 192 193 193 194 194 195 195 196 196 197 197 198 198 199 199 200 200 201 201 202 202 203 203 204 204 205 205 206 206 207 207 208 208 209 209 210 210 211 211 212 212 213 213 214 214 215 215 216 216 217 217 218 218 219 219 220 220 221 221 222 222 223 223 224 224 225 225 226 226 227 227 228 228 229 229 230 230 231 231 232 232 233 233 234 234 235 235 236 236 237 237 238 238 239 239 240 240 241 241 242 242 243 243 244 244 245 245 246 246 247 247 248 248 249 249 250 250 251 251 252 252 253 253 254 254 255 255 256 256 257 257 258 258 259 259 260 260 261 261 262 262 263 263 264 264 265 265 266 266 267 267 268 268 269 269 270 270 271 271 272 272 273 273 274 274 275 275 276 276 277 277 278 278 279 279 280 280 281 281 282 282 283 283 284 284 285 285 286 286 287 287 288 288 289 289 290 290 291 291 292 292 293 293 294 294 295 295 296 296 297 297 298 298 299 299 300 300 301 301 302 302 303 303 304 304 305 305 306 306 307 307 308 308 309 309 310 310 311 311 312 312 313 313 314 314 315 315 316 316 317 317 318 318 319 319 320 320 321 321 322 322 323 323 324 324 325 325 326 326 327 327 328 328 329 329 330 330 331 331 332 332 333 333 334 334 335 335 336 336 337 337 338 338 339 339 340 340 341 341 342 342 343 343 344 344 345 345 346 346 347 347 348 348 349 349 350 350 351 351 352 352 353 353 354 354 355 355 356 356 357 357 358 358 359 359 360 360 361 361 362 362 363 363 364 364 365 365 366 366 367 367 368 368 369 369 370 370 371 371 372 372 373 373 374 374 375 375 376 376 377 377 378 378 379 379 380 380 381 381 382 382 383 383 384 384 385 385 386 386 387 387 388 388 389 389 390 390 391 391 392 392 393 393 394 394 395 395 396 396 397 397 398 398 399 399 400 400 401 401 402 402 403 403 404 404 405 405 406 406 407 407 408 408 409 409 410 410 411 411 412 412 413 413 414 414 415 415 416 416 417 417 418 418 419 419 420 420 421 421 422 422 423 423 424 424 425 425 426 426 427 427 428 428 429 429 430 430 431 431 432 432 433 433 434 434 435 435 436 436 437 437 438 438 439 439 440 440 441 441 442 442 443 443 444 444 445 445 446 446 447 447 448 448 449 449 450 450 451 451 452 452 453 453 454 454 455 455 456 456 457 457 458 458 459 459 460 460 461 461 462 462 463 463 464 464 465 465 466 466 467 467 468 468 469 469 470 470 471 471 472 472 473 473 474 474 475 475 476 476 477 477 478 478 479 479 480 480 481 481 482 482 483 483 484 484 485 485 486 486 487 487 488 488 489 489 490 490 491 491 492 492 493 493 494 494 495 495 496 496 497 497 498 498 499 499 500 500 501 501 502 502 503 503 504 504 505 505 506 506 507 507 508 508 509 509 510 510 511 511 512 512 513 513 514 514 515 515 516 516 517 517 518 518 519 519 520 520 521 521 522 522 523 523 524 524 525 525 526 526 527 527 528 528 529 529 530 530 531 531 532 532 533 533 534 534 535 535 536 536 537 537 538 538 539 539 540 540 541 541 542 542 543 543 544 544 545 545 546 546 547 547 548 548 549 549 550 550 551 551 552 552 553 553 554 554 555 555 556 556 557 557 558 558 559 559 560 560 561 561 562 562 563 563 564 564 565 565 566 566 567 567 568 568 569 569 570 570 571 571 572 572 573 573 574 574 575 575 576 576 577 577 578 578 579 579 580 580 581 581 582 582 583 583 584 584 585 585 586 586 587 587 588 588 589 589 590 590 591 591 592 592 593 593 594 594 595 595 596 596 597 597 598 598 599 599 600 600 601 601 602 602 603 603 604 604 605 605 606 606 607 607 608 608 609 609 610 610 611 611 612 612 613 613 614 614 615 615 616 616 617 617 618 618 619 619 620 620 621 621 622 622 623 623 624 624 625 625 626 626 627 627 628 628 629 629 630 630 631 631 632 632 633 633 634 634 635 635 636 636 637 637 638 638 639 639 640 640 641 641 642 642 643 643 644 644 645 645 646 646 647 647 648 648 649 649 650 650 651 651 652 652 653 653 654 654 655 655 656 656 657 657 658 658 659 659 660 660 661 661 662 662 663 663 664 664 665 665 666 666 667 667 668 668 669 669 670 670 671 671 672 672 673 673 674 674 675 675 676 676 677 677 678 678 679 679 680 680 681 681 682 682 683 683 684 684 685 685 686 686 687 687 688 688 689 689 690 690 691 691 692 692 693 693 694 694 695 695 696 696 697 697 698 698 699 699 700 700 701 701 702 702 703 703 704 704 705 705 706 706 707 707 708 708 709 709 710 710 711 711 712 712 713 713 714 714 715 715 716 716 717 717 718 718 719 719 720 720 721 721 722 722 723 723 724 724 725 725 726 726 727 727 728 728 729 729 730 730 731 731 732 732 733 733 734 734 735 735 736 736 737 737 738 738 739 739 740 740 741 741 742 742 743 743 744 744 745 745 746 746 747 747 748 748 749 749 750 750 751 751 752 752 753 753 754 754 755 755 756 756 757 757 758 758 759 759 760 760 761 761 762 762 763 763 764 764 765 765 766 766 767 767 768 768 769 769 770 770 771 771 772 772 773 773 774 774 775 775 776 776 777 777 778 778 779 779 780 780 781 781 782 782 783 783 784 784 785 785 786 786 787 787 788 788 789 789 790 790 791 791 792 792 793 793 794 794 795 795 796 796 797 797 798 798 799 799 800 800 801 801 802 802 803 803 804 804 805 805 806 806 807 807 808 808 809 809 810 810 811 811 812 812 813 813 814 814 815 815 816 816 817 817 818 818 819 819 820 820 821 821 822 822 823 823 824 824 825 825 826 826 827 827 828 828 829 829 830 830 831 831 832 832 833 833 834 834 835 835 836 836 837 837 838 838 839 839 840 840 841 841 842 842 843 843 844 844 845 845 846 846 847 847 848 848 849 849 850 850 851 851 852 852 853 853 854 854 855 855 856 856 857 857 858 858 859 859 860 860 861 861 862 862 863 863 864 864 865 865 866 866 867 867 868 868 869 869 870 870 871 871 872 872 873 873 874 874 875 875 876 876 877 877 878 878 879 879 880 880 881 881 882 882 883 883 884 884 885 885 886 886 887 887 888 888 889 889 890 890 891 891 892 892 893 893 894 894 895 895 896 896 897 897 898 898 899 899 900 900 901 901 902 902 903 903 904 904 905 905 906 906 907 907 908 908 909 909 910 910 911 911 912 912 913 913 914 914 915 915 916 916 917 917 918 918 919 919 920 920 921 921 922 922 923 923 924 924 925 925 926 926 927 927 928 928 929 929 930 930 931 931 932 932 933 933 934 934 935 935 936 936 937 937 938 938 939 939 940 940 941 941 942 942 943 943 944 944 945 945 946 946 947 947 948 948 949 949 950 950 951 951 952 952 953 953 954 954 955 955 956 956 957 957 958 958 959 959 960 960 961 961 962 962 963 963 964 964 965 965 966 966 967 967 968 968 969 969 970 970 971 971 972 972 973 973 974 974 975 975 976 976 977 977 978 978 979 979 980 980 981 981 982 982 983 983 984 984 985 985 986 986 987 987 988 988 989 989 990 990 991 991 992 992 993 993 994 994 995 995 996 996 997 997 998 998 999 999 1000 1000 1001 1001 1002 1002 1003 1003 1004 1004 1005 1005 1006 1006 1007 1007 1008 1008 1009 1009 1010 1010 1011 1011 1012 1012 1013 1013 1014 1014 1015 1015 1016 1016 1017 1017 1018 1018 1019 1019 1020 1020 1021 1021 1022 1022 1023 1023 1024 1024 1025 1025 1026 1026 1027 1027 1028 1028 1029 1029 1030 1030 1031 1031 1032 1032 1033 1033 1034 1034 1035 1035 1036 1036 1037 1037 1038 1038 1039 1039 1040 1040 1041 1041 1042 1042 1043 1043 1044 1044 1045 1045 1046 1046 1047 1047 1048 1048 1049 1049 1050 1050 1051 1051 1052 1052 1053 1053 1054 1054 1055 1055 1056 1056 1057 1057 1058 1058 1059 1059 1060 1060 1061 1061 1062 1062 1063 1063 1064 1064 1065 1065 1066 1066 1067 1067 1068 1068 1069 1069 1070 1070 1071 1071 1072 1072 1073 1073 1074 1074 1075 1075 1076 1076 1077 1077 1078 1078 1079 1079 1080 1080 1081 1081 1082 1082 1083 1083 1084 1084 1085 1085 1086 1086 1087 1087 1088 1088 1089 1089 1090 1090 1091 1091 1092 1092 1093 1093 1094 1094 1095 1095 1096 1096 1097 1097 1098 1098 1099 1099 1100 1100 1101 1101 1102 1102 1103 1103 1104 1104 1105 1105 1106 1106 1107 1107 1108 1108 1109 1109 1110 1110 1111 1111 1112 1112 1113 1113 1114 1114 1115 1115 1116 1116 1117 1117 1118 1118 1119 1119 1120 1120 1121 1121 1122 1122 1123 1123 1124 1124 1125 1125 1126 1126 1127 1127 1128 1128 1129 1129 1130 1130 1131 1131 1132 1132 1133 1133 1134 1134 1135 1135 1136 1136 1137 1137 1138 1138 1139 1139 1140 1140 1141 1141 1142 1142 1143 1143 1144 1144 1145 1145 1146 1146 1147 1147 1148 1148 1149 1149 1150 1150 1151 1151 1152 1152 1153 1153 1154 1154 1155 1155 1156 1156 1157 1157 1158 1158 1159 1159 1160 1160 1161 1161 1162 1162 1163 1163 1164 1164 1165 1165 1166 1166 1167 1167 1168 1168 1169 1169 1170 1170 1171 1171 1172 1172 1173 1173 1174 1174 1175 1175 1176 1176 1177 1177 1178 1178 1179 1179 1180 1180 1181 1181 1182 1182 1183 1183 1184 1184 1185 1185 1186 1186 1187 1187 1188 1188 1189 1189 1190 1190 1191 1191 1192 1192 1193 1193 1194 1194 1195 1195 1196 1196 1197 1197 1198 1198 1199 1199 1200 1200 1201 1201 1202 1202 1203 1203 1204 1204 1205 1205 1206 1206 1207 1207 1208 1208 1209 1209 1210 1210 1211 1211 1212 1212 1213 1213 1214 1214 1215 1215 1216 1216 1217 1217 1218 1218 1219 1219 1220 1220 1221 1221 1222 1222 1223 1223 1224 1224 1225 1225 1226 1226 1227 1227 1228 1228 1229 1229 1230 1230 1231 1231 1232 1232 1233 1233 1234 1234 1235 1235 1236 1236 1237 1237 1238 1238 1239 1239 1240 1240 1241 1241 1242 1242 1243 1243 1244 1244 1245 1245 1246 1246 1247 1247 1248 1248 1249 1249 1250 1250 1251 1251 1252 1252 1253 1253 1254 1254 1255 1255 1256 1256 1257 1257 1258 1258 1259 1259 1260 1260 1261 1261 1262 1262 1263 1263 1264 1264 1265 1265 1266 1266 1267 1267 1268 1268 1269 1269 1270 1270 1271 1271 1272 1272 1273 1273 1274 1274 1275 1275 1276 1276 1277 1277 1278 1278 1279 1279 1280 1280 1281 1281 1282 1282 1283 1283 1284 1284 1285 1285 1286 1286 1287 1287 1288 1288 1289 1289 1290 1290 1291 1291 1292 1292 1293 1293 1294 1294 1295 1295 1296 1296 1297 1297 1298 1298 1299 1299 1300 1300 1301 1301 1302 1302 1303 1303 1304 1304 1305 1305 1306 1306 1307 1307 1308 1308 1309 1309 1310 1310 1311 1311 1312 1312 1313 1313 1314 1314 1315 1315 1316 1316 1317 1317 1318 1318 1319 1319 1320 1320 1321 1321 1322 1322 1323 1323 1324 1324 1325 1325 1326 1326 1327 1327 1328 1328 1329 1329 1330 1330 1331 1331 1332 1332 1333 1333 1334 1334 1335 1335 1336 1336 1337 1337 1338 1338 1339 1339 1340 1340 1341 1341 1342 1342 1343 1343 1344 1344 1345 1345 1346 1346 1347 1347 1348 1348 1349 1349 1350 1350 1351 1351 1352 1352 1353 1353 1354 1354 1355 1355 1356 1356 1357 1357 1358 1358 1359 1359 1360 1360 1361 1361 1362 1362 1363 1363 1364 1364 1365 1365 1366 1366 1367 1367 1368 1368 1369 1369 1370 1370 1371 1371 1372 1372 1373 1373 1374 1374 1375 1375 1376 1376 1377 1377 1378 1378 1379 1379 1380 1380 1381 1381 1382 1382 1383 1383 1384 1384 1385 1385 1386 1386 1387 1387 1388 1388 1389 1389 1390 1390 1391 1391 1392 1392 1393 1393 1394 1394 1395 1395 1396 1396 1397 1397 1398 1398 1399 1399 1400 1400 1401 1401 1402 1402 1403 1403 1404 1404 1405 1405 1406 1406 1407 1407 1408 1408 1409 1409 1410 1410 1411 1411 1412 1412 1413 1413 1414 1414 1415 1415 1416 1416 1417 1417 1418 1418 1419 1419 1420 1420 1421 1421 1422 1422 1423 1423 1424 1424 1425 1425 1426 1426 1427 1427 1428 1428 1429 1429 1430 1430 1431 1431 1432 1432 1433 1433 1434 1434 1435 1435 1436 1436 1437 1437 1438 1438 1439 1439 1440 1440 1441 1441 1442 1442 1443 1443 1444 1444 1445 1445 1446 1446 1447 1447 1448 1448 1449 1449 1450 1450 1451 1451 1452 1452 1453 1453 1454 1454 1455 1455 1456 1456 1457 1457 1458 1458 1459 1459 1460 1460 1461 1461 1462 1462 1463 1463 1464 1464 1465 1465 1466 1466 1467 1467 1468 1468 1469 1469 1470 1470 1471 1471 1472 1472 1473 1473 1474 1474 1475 1475 1476 1476 1477 1477 1478 1478 1479 1479 1480 1480 1481 1481 1482 1482 1483 1483 1484 1484 1485 1485 1486 1486 1487 1487 1488 1488 1489 1489 1490 1490 1491 1491 1492 1492 1493 1493 1494 1494 1495 1495 1496 1496 1497 1497 1498 1498 1499 1499 1500 1500 1501 1501 1502 1502 1503 1503 1504 1504 1505 1505 1506 1506 1507 1507 1508 1508 1509 1509 1510 1510 1511 1511 1512 1512 1513 1513 1514 1514 1515 1515 1516 1516 1517 1517 1518 1518 1519 1519 1520 1520 1521 1521 1522 1522 1523 1523 1524 1524 1525 1525 1526 1526 1527 1527 1528 1528 1529 1529 1530 1530 1531 1531 1532 1532 1533 1533 1534 1534 1535 1535 1536 1536 1537 1537 1538 1538 1539 1539 1540 1540 1541 1541 1542 1542 1543 1543 1544 1544 1545 1545 1546 1546 1547 1547 1548 1548 1549 1549 1550 1550 1551 1551 1552 1552 1553 1553 1554 1554 1555 1555 1556 1556 1557 1557 1558 1558 1559 1559 1560 1560 1561 1561 1562 1562 1563 1563 1564 1564 1565 1565 1566 1566 1567 1567 1568 1568 1569 1569 1570 1570 1571 1571 1572 1572 1573 1573 1574 1574 1575 1575 1576 1576 1577 1577 1578 1578 1579 1579 1580 1580 1581 1581 1582 1582 1583 1583 1584 1584 1585 1585 1586 1586 1587 1587 1588 1588 1589 1589 1590 1590 1591 1591 1592 1592 1593 1593 1594 1594 1595 1595 1596 1596 1597 1597 1598 1598 1599 1599 1600 1600 1601 1601 1602 1602 1603 1603 1604 1604 1605 1605 1606 1606 1607 1607 1608 1608 1609 1609 1610 1610 1611 1611 1612 1612 1613 1613 1614 1614 1615 1615 1616 1616 1617 1617 1618 1618 1619 1619 1620 1620 1621 1621 1622 1622 1623 1623 1624 1624 1625 1625 1626 1626 1627 1627 1628 1628 1629 1629 1630 1630 1631 1631 1632 1632 1633 1633 1634 1634 1635 1635 1636 1636 1637 1637 1638 1638 1639 1639 1640 1640 1641 1641 1642 1642 1643 1643 1644 1644 1645 1645 1646 1646 1647 1647 1648 1648 1649 1649 1650 1650 1651 1651 1652 1652 1653 1653 1654 1654 1655 1655 1656 1656 1657 1657 1658 1658 1659 1659 1660 1660 1661 1661 1662 1662 1663 1663 1664 1664 1665 1665 1666 1666 1667 1667 1668 1668 1669 1669 1670 1670 1671 1671 1672 1672 1673 1673 1674 1674 1675 1675 1676 1676 1677 1677 1678 1678 1679 1679 1680 1680 1681 1681 1682 1682 1683 1683 1684 1684 1685 1685 1686 1686 1687 1687 1688 1688 1689 1689 1690 1690 1691 1691 1692 1692 1693 1693 1694 1694 1695 1695 1696 1696 1697 1697 1698 1698 1699 1699 1700 1700 1701 1701 1702 1702 1703 1703 1704 1704 1705 1705 1706 1706 1707 1707 1708 1708 1709 1709 1710 1710 1711 1711 1712 1712 1713 1713 1714 1714 1715 1715 1716 1716 1717 1717 1718 1718 1719 1719 1720 1720 1721 1721 1722 1722 1723 1723 1724 1724 1725 1725 1726 1726 1727 1727 1728 1728 1729 1729 1730 1730 1731 1731 1732 1732 1733 1733 1734 1734 1735 1735 1736 1736 1737 1737 1738 1738 1739 1739 1740 1740 1741 1741 1742 1742 1743 1743 1744 1744 1745 1745 1746 1746 1747 1747 1748 1748 1749 1749 1750 1750 1751 1751 1752 1752 1753 1753 1754 1754 1755 1755 1756 1756 1757 1757 1758 1758 1759 1759 1760 1760 1761 1761 1762 1762 1763 1763 1764 1764 1765 1765 1766 1766 1767 1767 1768 1768 1769 1769 1770 1770 1771 1771 1772 1772 1773 1773 1774 1774 1775 1775 1776 1776 1777 1777 1778 1778 1779 1779 1780 1780 1781 1781 1782 1782 1783 1783 1784 1784 1785 1785 1786 1786 1787 1787 1788 1788 1789 1789 1790 1790 1791 1791 1792 1792 1793 1793 1794 1794 1795 1795 1796 1796 1797 1797 1798 1798 1799 1799 1800 1800 1801 1801 1802 1802 1803 1803 1804 1804 1805 1805 1806 1806 1807 1807 1808 1808 1809 1809 1810 1810 1811 1811 1812 1812 1813 1813 1814 1814 1815 1815 1816 1816 1817 1817 1818 1818 1819 1819 1820 1820 1821 1821 1822 1822 1823 1823 1824 1824 1825 1825 1826 1826 1827 1827 1828 1828 1829 1829 1830 1830 1831 1831 1832 1832 1833 1833 1834 1834 1835 1835 1836 1836 1837 1837 1838 1838 1839 1839 1840 1840 1841 1841 1842 1842 1843 1843 1844 1844 1845 1845 1846 1846 1847 1847 1848 1848 1849 1849 1850 1850 1851 1851 1852 1852 1853 1853 1854 1854 1855 1855 1856 1856 1857 1857 1858 1858 1859 1859 1860 1860 1861 1861 1862 1862 1863 1863 1864 1864 1865 1865 1866 1866 1867 1867 1868 1868 1869 1869 1870 1870 1871 1871 1872 1872 1873 1873 1874 1874 1875 1875 1876 1876 1877 1877 1878 1878 1879 1879 1880 1880 1881 1881 1882 1882 1883 1883 1884 1884 1885 1885 1886 1886 1887 1887 1888 1888 1889 1889 1890 1890 1891 1891 1892 1892 1893 1893 1894 1894 1895 1895 1896 1896 1897 1897 1898 1898 1899 1899 1900 1900 1901 1901 1902 1902 1903 1903 1904 1904 1905 1905 1906 1906 1907 1907 1908 1908 1909 1909 1910 1910 1911 1911 1912 1912 1913 1913 1914 1914 1915 1915 1916 1916 1917 1917 1918 1918 1919 1919 1920 1920 1921 1921 1922 1922 1923 1923 1924 1924 1925 1925 1926 1926 1927 1927 1928 1928 1929 1929 1930 1930 1931 1931 1932 1932 1933 1933 1934 1934 1935 1935 1936 1936 1937 1937 1938 1938 1939 1939 1940 1940 1941 1941 1942 1942 1943 1943 1944 1944 1945 1945 1946 1946 1947 1947 1948 1948 1949 1949 1950 1950 1951 1951 1952 1952 1953 1953 1954 1954 1955 1955 1956 1956 1957 1957 1958 1958 1959 1959 1960 1960 1961 1961 1962 1962 1963 1963 1964 1964 1965 1965 1966 1966 1967 1967 1968 1968 1969 1969 1970 1970 1971 1971 1972 1972 1973 1973 1974 1974 1975 1975 1976 1976 1977 1977 1978 1978 1979 1979 1980 1980 1981 1981 1982 1982 1983 1983 1984 1984 1985 1985 1986 1986 1987 1987 1988 1988 1989 1989 1990 1990 1991 1991 1992 1992 1993 1993 1994 1994 1995 1995 1996 1996 1997 1997 1998 1998 1999 1999 0 
        </DataArray>
        <DataArray type="Int64" Name="offsets" format="ascii">
2 4 6 8 10 12 14 16 18 20 22 24 26 28 30 32 34 36 38 40 42 44 46 48 50 52 54 56 58 60 62 64 66 68 70 72 74 76 78 80 82 84 86 88 90 92 94 96 98 100 102 104 106 108 110 112 114 116 118 120 122 124 126 128 130 132 134 136 138 140 142 144 146 148 150 152 154 156 158 160 162 164 166 168 170 172 174 176 178 180 182 184 186 188 190 192 194 196 198 200 202 204 206 208 210 212 214 216 218 220 222 224 226 228 230 232 234 236 238 240 242 244 246 248 250 252 254 256 258 260 262 264 266 268 270 272 274 276 278 280 282 284 286 288 290 292 294 296 298 300 302 304 306 308 310 312 314 316 318 320 322 324 326 328 330 332 334 336 338 340 342 344 346 348 350 352 354 356 358 360 362 364 366 368 370 372 374 376 378 380 382 384 386 388 390 392 394 396 398 400 402 404 406 408 410 412 414 416 418 420 422 424 426 428 430 432 434 436 438 440 442 444 446 448 450 452 454 456 458 460 462 464 466 468 470 472 474 476 478 480 482 484 486 488 490 492 494 496 498 500 502 504 506 508 510 512 514 516 518 520 522 524 526 528 530 532 534 536 538 540 542 544 546 548 550 552 554 556 558 560 562 564 566 568 570 572 574 576 578 580 582 584 586 588 590 592 594 596 598 600 602 604 606 608 610 612 614 616 618 620 622 624 626 628 630 632 634 636 638 640 642 644 646 648 650 652 654 656 658 660 662 664 666 668 670 672 674 676 678 680 682 684 686 688 690 692 694 696 698 700 702 704 706 708 710 712 714 716 718 720 722 724 726 728 730 732 734 736 738 740 742 744 746 748 750 752 754 756 758 760 762 764 766 768 770 772 774 776 778 780 782 784 786 788 790 792 794 796 798 800 802 804 806 808 810 812 814 816 818 820 822 824 826 828 830 832 834 836 838 840 842 844 846 848 850 852 854 856 858 860 862 864 866 868 870 872 874 876 878 880 882 884 886 888 890 892 894 896 898 900 902 904 906 908 910 912 914 916 918 920 922 924 926 928 930 932 934 936 938 940 942 944 946 948 950 952 954 956 958 960 962 964 966 968 970 972 974 976 978 980 982 984 986 988 990 992 994 996 998 1000 1002 1004 1006 1008 1010 1012 1014 1016 1018 1020 1022 1024 1026 1028 1030 1032 1034 1036 1038 1040 1042 1044 1046 1048 1050 1052 1054 1056 1058 1060 1062 1064 1066 1068 1070 1072 1074 1076 1078 1080 1082 1084 1086 1088 1090 1092 1094 1096 1098 1100 1102 1104 1106 1108 1110 1112 1114 1116 1118 1120 1122 1124 1126 1128 1130 1132 1134 1136 1138 1140 1142 1144 1146 1148 1150 1152 1154 1156 1158 1160 1162 1164 1166 1168 1170 1172 1174 1176 1178 1180 1182 1184 1186 1188 1190 1192 1194 1196 1198 1200 1202 1204 1206 1208 1210 1212 1214 1216 1218 1220 1222 1224 1226 1228 1230 1232 1234 1236 1238 1240 1242 1244 1246 1248 1250 1252 1254 1256 1258 1260 1262 1264 1266 1268 1270 1272 1274 1276 1278 1280 1282 1284 1286 1288 1290 1292 1294 1296 1298 1300 1302 1304 1306 1308 1310 1312 1314 1316 1318 1320 1322 1324 1326 1328 1330 1332 1334 1336 1338 1340 1342 1344 1346 1348 1350 1352 1354 1356 1358 1360 1362 1364 1366 1368 1370 1372 1374 1376 1378 1380 1382 1384 1386 1388 1390 1392 1394 1396 1398 1400 1402 1404 1406 1408 1410 1412 1414 1416 1418 1420 1422 1424 1426 1428 1430 1432 1434 1436 1438 1440 1442 1444 1446 1448 1450 1452 1454 1456 1458 1460 1462 1464 1466 1468 1470 1472 1474 1476 1478 1480 1482 1484 1486 1488 1490 1492 1494 1496 1498 1500 1502 1504 1506 1508 1510 1512 1514 1516 1518 1520 1522 1524 1526 1528 1530 1532 1534 1536 1538 1540 1542 1544 1546 1548 1550 1552 1554 1556 1558 1560 1562 1564 1566 1568 1570 1572 1574 1576 1578 1580 1582 1584 1586 1588 1590 1592 1594 1596 1598 1600 1602 1604 1606 1608 1610 1612 1614 1616 1618 1620 1622 1624 1626 1628 1630 1632 1634 1636 1638 1640 1642 1644 1646 1648 1650 1652 1654 1656 1658 1660 1662 1664 1666 1668 1670 1672 1674 1676 1678 1680 1682 1684 1686 1688 1690 1692 1694 1696 1698 1700 1702 1704 1706 1708 1710 1712 1714 1716 1718 1720 1722 1724 1726 1728 1730 1732 1734 1736 1738 1740 1742 1744 1746 1748 1750 1752 1754 1756 1758 1760 1762 1764 1766 1768 1770 1772 1774 1776 1778 1780 1782 1784 1786 1788 1790 1792 1794 1796 1798 1800 1802 1804 1806 1808 1810 1812 1814 1816 1818 1820 1822 1824 1826 1828 1830 1832 1834 1836 1838 1840 1842 1844 1846 1848 1850 1852 1854 1856 1858 1860 1862 1864 1866 1868 1870 1872 1874 1876 1878 1880 1882 1884 1886 1888 1890 1892 1894 1896 1898 1900 1902 1904 1906 1908 1910 1912 1914 1916 1918 1920 1922 1924 1926 1928 1930 1932 1934 1936 1938 1940 1942 1944 1946 1948 1950 1952 1954 1956 1958 1960 1962 1964 1966 1968 1970 1972 1974 1976 1978 1980 1982 1984 1986 1988 1990 1992 1994 1996 1998 2000 2002 2004 2006 2008 2010 2012 2014 2016 2018 2020 2022 2024 2026 2028 2030 2032 2034 2036 2038 2040 2042 2044 2046 2048 2050 2052 2054 2056 2058 2060 2062 2064 2066 2068 2070 2072 2074 2076 2078 2080 2082 2084 2086 2088 2090 2092 2094 2096 2098 2100 2102 2104 2106 2108 2110 2112 2114 2116 2118 2120 2122 2124 2126 2128 2130 2132 2134 2136 2138 2140 2142 2144 2146 2148 2150 2152 2154 2156 2158 2160 2162 2164 2166 2168 2170 2172 2174 2176 2178 2180 2182 2184 2186 2188 2190 2192 2194 2196 2198 2200 2202 2204 2206 2208 2210 2212 2214 2216 2218 2220 2222 2224 2226 2228 2230 2232 2234 2236 2238 2240 2242 2244 2246 2248 2250 2252 2254 2256 2258 2260 2262 2264 2266 2268 2270 2272 2274 2276 2278 2280 2282 2284 2286 2288 2290 2292 2294 2296 2298 2300 2302 2304 2306 2308 2310 2312 2314 2316 2318 2320 2322 2324 2326 2328 2330 2332 2334 2336 2338 2340 2342 2344 2346 2348 2350 2352 2354 2356 2358 2360 2362 2364 2366 2368 2370 2372 2374 2376 2378 2380 2382 2384 2386 2388 2390 2392 2394 2396 2398 2400 2402 2404 2406 2408 2410 2412 2414 2416 2418 2420 2422 2424 2426 2428 2430 2432 2434 2436 2438 2440 2442 2444 2446 2448 2450 2452 2454 2456 2458 2460 2462 2464 2466 2468 2470 2472 2474 2476 2478 2480 2482 2484 2486 2488 2490 2492 2494 2496 2498 2500 2502 2504 2506 2508 2510 2512 2514 2516 2518 2520 2522 2524 2526 2528 2530 2532 2534 2536 2538 2540 2542 2544 2546 2548 2550 2552 2554 2556 2558 2560 2562 2564 2566 2568 2570 2572 2574 2576 2578 2580 2582 2584 2586 2588 2590 2592 2594 2596 2598 2600 2602 2604 2606 2608 2610 2612 2614 2616 2618 2620 2622 2624 2626 2628 2630 2632 2634 2636 2638 2640 2642 2644 2646 2648 2650 2652 2654 2656 2658 2660 2662 2664 2666 2668 2670 2672 2674 2676 2678 2680 2682 2684 2686 2688 2690 2692 2694 2696 2698 2700 2702 2704 2706 2708 2710 2712 2714 2716 2718 2720 2722 2724 2726 2728 2730 2732 2734 2736 2738 2740 2742 2744 2746 2748 2750 2752 2754 2756 2758 2760 2762 2764 2766 2768 2770 2772 2774 2776 2778 2780 2782 2784 2786 2788 2790 2792 2794 2796 2798 2800 2802 2804 2806 2808 2810 2812 2814 2816 2818 2820 2822 2824 2826 2828 2830 2832 2834 2836 2838 2840 2842 2844 2846 2848 2850 2852 2854 2856 2858 2860 2862 2864 2866 2868 2870 2872 2874 2876 2878 2880 2882 2884 2886 2888 2890 2892 2894 2896 2898 2900 2902 2904 2906 2908 2910 2912 2914 2916 2918 2920 2922 2924 2926 2928 2930 2932 2934 2936 2938 2940 2942 2944 2946 2948 2950 2952 2954 2956 2958 2960 2962 2964 2966 2968 2970 2972 2974 2976 2978 2980 2982 2984 2986 2988 2990 2992 2994 2996 2998 3000 3002 3004 3006 3008 3010 3012 3014 3016 3018 3020 3022 3024 3026 3028 3030 3032 3034 3036 3038 3040 3042 3044 3046 3048 3050 3052 3054 3056 3058 3060 3062 3064 3066 3068 3070 3072 3074 3076 3078 3080 3082 3084 3086 3088 3090 3092 3094 3096 3098 3100 3102 3104 3106 3108 3110 3112 3114 3116 3118 3120 3122 3124 3126 3128 3130 3132 3134 3136 3138 3140 3142 3144 3146 3148 3150 3152 3154 3156 3158 3160 3162 3164 3166 3168 3170 3172 3174 3176 3178 3180 3182 3184 3186 3188 3190 3192 3194 3196 3198 3200 3202 3204 3206 3208 3210 3212 3214 3216 3218 3220 3222 3224 3226 3228 3230 3232 3234 3236 3238 3240 3242 3244 3246 3248 3250 3252 3254 3256 3258 3260 3262 3264 3266 3268 3270 3272 3274 3276 3278 3280 3282 3284 3286 3288 3290 3292 3294 3296 3298 3300 3302 3304 3306 3308 3310 3312 3314 3316 3318 3320 3322 3324 3326 3328 3330 3332 3334 3336 3338 3340 3342 3344 3346 3348 3350 3352 3354 3356 3358 3360 3362 3364 3366 3368 3370 3372 3374 3376 3378 3380 3382 3384 3386 3388 3390 3392 3394 3396 3398 3400 3402 3404 3406 3408 3410 3412 3414 3416 3418 3420 3422 3424 3426 3428 3430 3432 3434 3436 3438 3440 3442 3444 3446 3448 3450 3452 3454 3456 3458 3460 3462 3464 3466 3468 3470 3472 3474 3476 3478 3480 3482 3484 3486 3488 3490 3492 3494 3496 3498 3500 3502 3504 3506 3508 3510 3512 3514 3516 3518 3520 3522 3524 3526 3528 3530 3532 3534 3536 3538 3540 3542 3544 3546 3548 3550 3552 3554 3556 3558 3560 3562 3564 3566 3568 3570 3572 3574 3576 3578 3580 3582 3584 3586 3588 3590 3592 3594 3596 3598 3600 3602 3604 3606 3608 3610 3612 3614 3616 3618 3620 3622 3624 3626 3628 3630 3632 3634 3636 3638 3640 3642 3644 3646 3648 3650 3652 3654 3656 3658 3660 3662 3664 3666 3668 3670 3672 3674 3676 3678 3680 3682 3684 3686 3688 3690 3692 3694 3696 3698 3700 3702 3704 3706 3708 3710 3712 3714 3716 3718 3720 3722 3724 3726 3728 3730 3732 3734 3736 3738 3740 3742 3744 3746 3748 3750 3752 3754 3756 3758 3760 3762 3764 3766 3768 3770 3772 3774 3776 3778 3780 3782 3784 3786 3788 3790 3792 3794 3796 3798 3800 3802 3804 3806 3808 3810 3812 3814 3816 3818 3820 3822 3824 3826 3828 3830 3832 3834 3836 3838 3840 3842 3844 3846 3848 3850 3852 3854 3856 3858 3860 3862 3864 3866 3868 3870 3872 3874 3876 3878 3880 3882 3884 3886 3888 3890 3892 3894 3896 3898 3900 3902 3904 3906 3908 3910 3912 3914 3916 3918 3920 3922 3924 3926 3928 3930 3932 3934 3936 3938 3940 3942 3944 3946 3948 3950 3952 3954 3956 3958 3960 3962 3964 3966 3968 3970 3972 3974 3976 3978 3980 3982 3984 3986 3988 3990 3992 3994 3996 3998 4000 
        </DataArray>
      </Polys>
      <CellData Scalars="Pressure">
        <DataArray type="Float64" Name="Pressure" format="ascii">
400058 394085 388192 382746 377197 371733 366180 360701 355218 350278 345249 340296 335246 330263 325186 320624 315982 311412 306808 302267 297634 292981 288207 283484 278996 274694 270314 265961 261499 257093 253023 249373 245683 246875 242962 239143 235582 232480 229338 224500 221379 218139 214677 211198 207533 203806 200264 196731 193086 189575 185982 182413 179092 175930 172734 174876 172153 169567 164669 162391 159839 157201 154539 151797 148944 146223 143384 140550 137946 135377 132758 134925 132720 130628 126819 124927 122760 120634 118501 116295 113950 111505 108846 106665 109490 108815 112918 112195 110776 108699 107559 106552 105358 104111 102754 100685 98624.8 96435 93824.9 90976.5 88365.3 85653.2 82748.7 80272.5 77770.7 81382.9 75064.3 73798.4 72284.7 70669.5 69035.2 67318.6 68040 90159.1 108485 182030 352820 545701 735342 836889 859656 874817 871381 873880 875554 876530 869169 867315 865824 863413 861920 858539 856850 858578 860559 862731 864518 866053 866955 870381 873609 876863 880252 883616 887024 888153 892666 894459 896190 897587 896652 895199 891403 890595 886025 880939 875061 868378 861444 852012 849471 844438 838573 832522 830108 829512 827847 838711 838139 835109 829505 817427 810072 801789 793261 786230 779579 773716 768539 764391 760594 757457 755974 755526 754513 750770 749703 748921 750652 747484 747177 747292 747908 754198 766876 774193 772162 777071 774471 777806 780664 790353 799912 809029 815969 822052 828423 836091 840990 852110 860355 867600 874136 882180 891834 899806 906548 914316 922391 931081 937761 945186 952960 960831 968546 976006 983932 992066 999821 1.00838e+06 1.01591e+06 1.02234e+06 1.02805e+06 1.03482e+06 1.04127e+06 1.04651e+06 1.05103e+06 1.05589e+06 1.06132e+06 1.06546e+06 1.06889e+06 1.0722e+06 1.07562e+06 1.0786e+06 1.08053e+06 1.08249e+06 1.08473e+06 1.08721e+06 1.08829e+06 1.08935e+06 1.09006e+06 1.09039e+06 1.09095e+06 1.09012e+06 1.0891e+06 1.08793e+06 1.08746e+06 1.08166e+06 1.08063e+06 1.07973e+06 1.08441e+06 1.08688e+06 1.09833e+06 1.10373e+06 1.10297e+06 1.10478e+06 1.10214e+06 1.09781e+06 1.09847e+06 1.09856e+06 1.09757e+06 1.09788e+06 1.09793e+06 1.09773e+06 1.09747e+06 1.09715e+06 1.09672e+06 1.0962e+06 1.09559e+06 1.09493e+06 1.09418e+06 1.09327e+06 1.09225e+06 1.09115e+06 1.08991e+06 1.08855e+06 1.08711e+06 1.08549e+06 1.08348e+06 1.08168e+06 1.07988e+06 1.07812e+06 1.07599e+06 1.07354e+06 1.07123e+06 1.06862e+06 1.06618e+06 1.06378e+06 1.06126e+06 1.05868e+06 1.05531e+06 1.0525e+06 1.0495e+06 1.04687e+06 1.04239e+06 1.03933e+06 1.03519e+06 1.03212e+06 1.02945e+06 1.02674e+06 1.0239e+06 1.02163e+06 1.01851e+06 1.0159e+06 1.01316e+06 1.01056e+06 1.00787e+06 1.00483e+06 1.00216e+06 999448 996643 993838 991542 988376 985756 983101 980648 977737 974722 970910 968184 965496 962758 960597 957901 954712 952054 949446 946641 943724 941583 937927 935836 933901 931776 929846 928104 924071 924697 921479 918397 908731 899478 891723 888087 880323 874409 868813 868974 866984 862792 856430 851559 849617 848919 851153 853254 855156 857979 861125 865082 868466 872212 876031 879899 884039 888367 892614 896185 898694 901182 903455 905584 907623 910000 911732 912306 913852 915137 916315 917464 918790 920345 921942 924654 926101 928156 930032 932174 934242 936305 938492 940907 943446 951758 945769 947780 949819 951812 953420 954285 953437 953475 954386 965381 971108 983288 978271 969945 962088 957561 955405 953136 949915 945030 940008 936347 930446 924144 910368 903500 895845 887167 878032 867193 854973 696405 488497 272036 154461 104641 62160.6 43965.9 44190.2 44401.2 41542.6 41655.3 41739.5 41835.5 42022.1 42161.6 42258.5 42390.4 42469.8 42500.8 42620.7 42698.3 42729.5 42895.3 43014.9 43063.1 44744.6 45020.6 45291.5 45634.2 46028 46427.1 42945.6 43330.3 43711.9 44198.9 44785.1 45367.6 45892 46349.3 46791.9 47247.5 47722.6 48194.7 48647 49089.3 49515.7 49942.6 50379.1 50814.7 51235.3 51732.4 52212.1 52689.5 53180.5 53673.5 54149.4 54696.7 55240.1 55781.9 56322.8 56869 57396.3 57969.8 58548 59125.5 59669.3 60201 60713.7 61233.6 61743.2 62249.6 62764.8 63320.1 63855 64389.3 64906.2 65417.4 65931.7 66525.7 67097.6 67668.6 68228.9 68782.2 69318.5 69980.3 70619.5 71257.2 71877.8 72494.8 73087.7 73816.9 74548.6 75289 75979 76666.7 77339.2 77985.9 83268.5 83879.5 84422.2 84932.6 85397.5 80892 81529.8 82178.3 82809.7 83421.7 83996.8 84582.4 85205.3 85808.8 86401.7 87148.9 87875.4 88603.7 89272.7 89942.7 90592.1 91197.9 97169 97756.7 98207.6 98613.8 98954.7 93856 94632.4 95450 96208 96897.5 97558 98285.4 99122.2 99968.4 100815 101732 108081 109036 109989 110881 111790 107145 108774 110475 111944 113281 114533 115905 117361 125184 120253 121886 123559 125287 126688 128056 129344 130723 132056 133371 140879 142014 143006 137208 139096 141195 143206 144409 145506 146532 154515 155793 157028 151528 153851 156416 158588 160017 161291 169507 171054 172447 174018 168752 171222 173749 175762 184815 186329 180507 182837 185292 187792 189772 191558 200315 201792 203077 212334 198141 200917 203858 206869 215884 217265 218405 212789 216140 219648 223430 231401 232397 233229 228115 230772 233408 235904 244235 244801 245454 239667 242387 244947 247357 256608 257209 258347 251628 254491 257255 269568 263225 265860 268404 270549 271820 281730 284053 278027 282154 285836 288799 299903 300492 302783 295272 299796 303900 321140 313975 318744 323227 327182 341663 344776 348110 340446 346800 354096 367856 368214 368200 366804 363974 369008 369073 369914 366966 370693 382704 385578 378573 383809 388579 405835 397958 402882 407508 411685 415400 419714 423641 427053 429887 441790 443052 446398 438758 441752 456145 458938 450598 454485 457739 473332 463957 467781 472092 485301 480616 477257 472748 467234 462311 467003 470540 472806 473875 478580 482588 485335 486910 490687 495928 499690 502097 504480 511462 517080 521520 524639 531079 537179 542221 546040 551125 557083 561577 564462 584755 573000 580150 587121 602939 601392 595664 588775 574939 578877 570942 574198 587950 589203 594429 585021 599217 598766 603291 610960 595894 605021 612753 618841 643945 633188 640990 646988 669812 679346 668385 679565 713107 714337 704837 706358 697747 689165 679213 668219 664524 668744 670121 668622 682869 671475 678567 685297 693515 700653 706950 712823 718034 722035 724963 737615 744889 735848 742983 750556 756720 761280 779223 770581 774750 788908 790182 793790 796882 785605 789110 791274 792177 804690 809042 798694 803094 807562 810844 812840 828385 816878 821490 825879 830028 833022 834968 859859 842198 849931 858456 866879 873687 895224 897122 888300 889878 888571 886276 884260 895782 900927 887324 893237 904095 913857 921699 937796 953597 970442 942671 964739 987478 1.01014e+06 1.03708e+06 1.06227e+06 1.08534e+06 1.11148e+06 1.11185e+06 1.11811e+06 1.1202e+06 1.12908e+06 1.13227e+06 1.12973e+06 1.08367e+06 1.08047e+06 1.07982e+06 1.06624e+06 1.07991e+06 1.09281e+06 1.1058e+06 1.11842e+06 1.13007e+06 1.14947e+06 1.16e+06 1.17075e+06 1.18202e+06 1.17677e+06 1.18965e+06 1.20235e+06 1.21583e+06 1.22919e+06 1.24246e+06 1.25548e+06 1.26834e+06 1.27991e+06 1.3056e+06 1.31796e+06 1.3124e+06 1.32477e+06 1.34104e+06 1.35685e+06 1.37256e+06 1.38834e+06 1.40344e+06 1.41707e+06 1.43808e+06 1.44889e+06 1.46046e+06 1.47242e+06 1.47051e+06 1.48518e+06 1.50133e+06 1.52012e+06 1.53901e+06 1.55738e+06 1.57586e+06 1.59386e+06 1.61199e+06 1.6307e+06 1.64893e+06 1.66598e+06 1.69311e+06 1.70899e+06 1.70957e+06 1.72842e+06 1.75002e+06 1.77139e+06 1.79382e+06 1.81651e+06 1.83948e+06 1.86141e+06 1.88261e+06 1.90354e+06 1.92515e+06 1.94689e+06 1.96818e+06 1.998e+06 2.01288e+06 2.02714e+06 2.04191e+06 2.06164e+06 2.0835e+06 2.08835e+06 2.11778e+06 2.14794e+06 2.1784e+06 2.20557e+06 2.23243e+06 2.25897e+06 2.28756e+06 2.31635e+06 2.34546e+06 2.37174e+06 2.39663e+06 2.4212e+06 2.45156e+06 2.48775e+06 2.52441e+06 2.55627e+06 2.5811e+06 2.60566e+06 2.63359e+06 2.6689e+06 2.70472e+06 2.74024e+06 2.77793e+06 2.8148e+06 2.85143e+06 2.88029e+06 2.90968e+06 2.93864e+06 2.98815e+06 3.022e+06 3.05669e+06 3.08859e+06 3.12098e+06 3.15257e+06 3.18871e+06 3.22492e+06 3.26198e+06 3.29619e+06 3.33047e+06 3.36389e+06 3.39949e+06 3.43493e+06 3.4712e+06 3.50845e+06 3.54801e+06 3.58658e+06 3.62449e+06 3.65993e+06 3.69622e+06 3.7332e+06 3.77323e+06 3.81236e+06 3.85165e+06 3.88854e+06 3.92638e+06 3.96315e+06 4.00042e+06 4.03692e+06 4.06235e+06 4.09523e+06 4.12854e+06 4.16119e+06 4.19432e+06 4.22687e+06 4.25992e+06 4.2922e+06 4.32527e+06 4.35808e+06 4.38816e+06 4.41736e+06 4.44712e+06 4.47603e+06 4.50546e+06 4.5346e+06 4.56188e+06 4.58766e+06 4.6139e+06 4.63977e+06 4.66616e+06 4.69221e+06 4.71773e+06 4.74181e+06 4.76632e+06 4.79109e+06 4.81745e+06 4.84944e+06 4.87347e+06 4.89494e+06 4.91733e+06 4.93243e+06 4.94962e+06 4.96638e+06 4.98322e+06 4.99861e+06 5.01436e+06 5.02994e+06 5.04227e+06 5.05421e+06 5.06655e+06 5.07591e+06 5.08479e+06 5.09372e+06 5.10031e+06 5.10548e+06 5.11633e+06 5.11871e+06 5.12094e+06 5.12378e+06 5.12102e+06 5.11526e+06 5.10905e+06 5.10262e+06 5.09608e+06 5.08967e+06 5.08299e+06 5.07293e+06 5.06279e+06 5.0529e+06 5.04549e+06 5.03502e+06 5.02469e+06 5.0119e+06 4.99929e+06 4.98663e+06 4.97321e+06 4.95972e+06 4.94605e+06 4.93136e+06 4.91347e+06 4.89563e+06 4.88543e+06 4.87756e+06 4.87016e+06 4.85308e+06 4.7875e+06 4.74191e+06 4.69777e+06 4.66868e+06 4.64704e+06 4.62822e+06 4.60443e+06 4.57142e+06 4.53958e+06 4.48832e+06 4.45339e+06 4.4217e+06 4.39222e+06 4.35606e+06 4.31944e+06 4.28379e+06 4.24955e+06 4.22998e+06 4.19644e+06 4.14742e+06 4.11354e+06 4.08156e+06 4.04978e+06 4.01545e+06 3.98058e+06 3.95578e+06 3.9222e+06 3.89006e+06 3.85774e+06 3.80421e+06 3.7724e+06 3.74292e+06 3.71365e+06 3.68144e+06 3.65706e+06 3.62549e+06 3.57456e+06 3.5407e+06 3.50704e+06 3.47609e+06 3.44734e+06 3.42051e+06 3.3902e+06 3.35874e+06 3.328e+06 3.29898e+06 3.27018e+06 3.24222e+06 3.21427e+06 3.20408e+06 3.17919e+06 3.15595e+06 3.12796e+06 3.0806e+06 3.05682e+06 3.0353e+06 3.02811e+06 3.00609e+06 2.99436e+06 2.9371e+06 2.91107e+06 2.88702e+06 2.86416e+06 2.83745e+06 2.80876e+06 2.78159e+06 2.7553e+06 2.73552e+06 2.71705e+06 2.7165e+06 2.68244e+06 2.66623e+06 2.65128e+06 2.63809e+06 2.62331e+06 2.62261e+06 2.60608e+06 2.56589e+06 2.53966e+06 2.51417e+06 2.48858e+06 2.48728e+06 2.46731e+06 2.44913e+06 2.40924e+06 2.39015e+06 2.37176e+06 2.37097e+06 2.33612e+06 2.31914e+06 2.30341e+06 2.28946e+06 2.2769e+06 2.27978e+06 2.26764e+06 2.23397e+06 2.21668e+06 2.19945e+06 2.18172e+06 2.16031e+06 2.13842e+06 2.11782e+06 2.09782e+06 2.07925e+06 2.07847e+06 2.06346e+06 2.06535e+06 2.07162e+06 2.10294e+06 2.14236e+06 2.20878e+06 2.23043e+06 2.23976e+06 2.23645e+06 2.21955e+06 2.16434e+06 2.11035e+06 2.05934e+06 2.00609e+06 2.02513e+06 1.97525e+06 1.94204e+06 1.90586e+06 1.8899e+06 1.89246e+06 1.87706e+06 1.84302e+06 1.82581e+06 1.80826e+06 1.80828e+06 1.77517e+06 1.75908e+06 1.74209e+06 1.72474e+06 1.70744e+06 1.69086e+06 1.67351e+06 1.65595e+06 1.63776e+06 1.61942e+06 1.6012e+06 1.58387e+06 1.56719e+06 1.57304e+06 1.55789e+06 1.54833e+06 1.52883e+06 1.52017e+06 1.52199e+06 1.51201e+06 1.49953e+06 1.4713e+06 1.47412e+06 1.4612e+06 1.44872e+06 1.42129e+06 1.40853e+06 1.41077e+06 1.39811e+06 1.37126e+06 1.35905e+06 1.36179e+06 1.34879e+06 1.33462e+06 1.3021e+06 1.30606e+06 1.29167e+06 1.27908e+06 1.25049e+06 1.23779e+06 1.24032e+06 1.23e+06 1.22095e+06 1.19969e+06 1.18665e+06 1.1723e+06 1.15756e+06 1.14316e+06 1.14752e+06 1.16404e+06 1.18038e+06 1.19599e+06 1.18683e+06 1.15567e+06 1.12723e+06 1.10244e+06 1.11803e+06 1.07686e+06 1.06558e+06 1.05318e+06 1.06328e+06 1.05108e+06 1.02313e+06 1.01313e+06 1.01998e+06 1.01032e+06 1.00205e+06 978870 969162 959216 949322 939802 927535 914580 901883 889856 897377 874396 865497 869606 860594 857186 836197 830123 821945 813660 804994 804352 810825 816313 821000 823173 816003 793844 787011 776070 765671 756151 767616 737289 726830 716463 726171 722922 718843 699393 689878 681265 673265 684597 680729 663981 660092 653976 648200 642950 653091 635872 632450 628770 623057 618088 613810 609389 603541 598009 592607 619271 603002 600020 584554 577734 570565 574691 571086 572538 572667 572326 575982 578721 579160 575633 573089 571604 561695 551979 543807 534223 522470 512120 525434 518126 492853 485940 478819 471760 464503 474572 471392 467856 463534 446374 441876 437306 432164 427221 422398 430984 428313 415339 412277 408607 404944 401384 397191 393317 389631 398790 396620 384142 381919 379631 377227 374279 370207 366358 373323 370255 367206 364104 351931 348635 345266 341957 338587 335253 331559 327730 323982 329943 327221 324467 313708 309846 305995 302280 299478 296671 293720 289677 285502 281623 287976 284932 281734 278528 266960 263675 260254 256781 253239 249867 246857 243833 240724 237875 234930 231985 228776 225677 222594 227951 225577 223196 220522 210659 207738 205175 202738 200314 197834 195385 192876 190562 188429 186290 184083 181905 179672 177521 175558 173596 171585 169679 167728 165795 163840 161911 159942 158014 156039 154081 158088 156168 154182 152400 150625 148873 147078 145322 143507 141830 140182 138560 136919 135341 133712 132114 130469 128852 127241 125761 124233 122739 121216 119719 118181 116706 115183 113745 112662 111605 107782 106715 105580 104408 103156 101877 100525 99215.4 97861.4 96492.6 94930.6 93302 91596.2 90291.3 89272.7 88374.1 163245 301747 448148 613099 796567 970746 1.08513e+06 1.09443e+06 1.10387e+06 1.11316e+06 1.12279e+06 1.13235e+06 1.14127e+06 1.15367e+06 1.1568e+06 1.15928e+06 1.1596e+06 1.16038e+06 1.16152e+06 1.1598e+06 1.15968e+06 1.15946e+06 1.15848e+06 1.15727e+06 1.15598e+06 1.15145e+06 1.14518e+06 1.13902e+06 1.14013e+06 1.14822e+06 1.15719e+06 1.16088e+06 1.15123e+06 1.14636e+06 1.14324e+06 1.14421e+06 1.14533e+06 1.14635e+06 1.14554e+06 1.14487e+06 1.14429e+06 1.14472e+06 1.14526e+06 1.14582e+06 1.14647e+06 1.14713e+06 1.15021e+06 1.15105e+06 1.15203e+06 1.1531e+06 1.15258e+06 1.15205e+06 1.15162e+06 1.15085e+06 1.1487e+06 1.14665e+06 1.14484e+06 1.14695e+06 1.14963e+06 1.15104e+06 1.15073e+06 1.14991e+06 1.14902e+06 1.14912e+06 1.14979e+06 1.1504e+06 1.14964e+06 1.14698e+06 1.1444e+06 1.14014e+06 1.13838e+06 1.13639e+06 1.13335e+06 1.1303e+06 1.12618e+06 1.12221e+06 1.11779e+06 1.11318e+06 1.10844e+06 1.10047e+06 1.09331e+06 1.086e+06 1.07946e+06 1.07272e+06 1.06584e+06 1.05904e+06 1.05202e+06 1.04462e+06 1.03752e+06 1.03209e+06 1.02625e+06 1.0206e+06 1.01499e+06 1.00966e+06 1.00424e+06 998899 990504 983892 976849 969916 961380 952103 942979 940114 942302 940079 935366 937146 940653 942504 939592 931594 928706 926104 921292 916611 911698 906563 900775 895781 890374 884733 878669 872860 867136 862687 857768 852794 847720 842711 839176 835839 833467 833957 827679 819450 808983 741759 662998 566251 440319 319200 252981 202543 200509 205156 209686 213949 217609 226149 229455 226149 230963 236515 242992 246849 246977 247384 248085 246477 243577 237363 237040 241034 244954 248670 252275 256007 260061 264306 268352 274545 278083 281726 282796 286682 293510 298000 299238 304014 308945 318060 319481 325241 331226 337243 348349 354627 360979 367762 368898 381695 389028 400387 401169 412881 435832 429788 433598 426129 417636 407395 406454 408656 412026 419747 422772 429630 436722 443817 450499 456296 462097 467712 473138 477510 481927 486246 490609 494048 497383 500717 504161 508278 513924 520416 527969 537027 561955 589804 621493 655987 686880 705704 721090 732541 731504 734783 736786 739843 746357 750362 757858 766048 778096 786683 792383 801562 815157 825307 835158 842439 852888 863947 876157 889117 900910 912593 925307 938636 953531 963536 975884 988831 1.00485e+06 1.01648e+06 1.02794e+06 1.03975e+06 1.05282e+06 1.06392e+06 1.07478e+06 1.08509e+06 1.09585e+06 1.10692e+06 1.11867e+06 1.13102e+06 1.14232e+06 1.15278e+06 1.1634e+06 1.17363e+06 1.18381e+06 1.19356e+06 1.2034e+06 1.21345e+06 1.22384e+06 1.23418e+06 1.2459e+06 1.25254e+06 1.26228e+06 1.27296e+06 1.29153e+06 1.30081e+06 1.30719e+06 1.31605e+06 1.32195e+06 1.32814e+06 1.33503e+06 1.34153e+06 1.34733e+06 1.35036e+06 1.35409e+06 1.35842e+06 1.36308e+06 1.36747e+06 1.37061e+06 1.375e+06 1.37799e+06 1.38088e+06 1.38262e+06 1.38435e+06 1.38583e+06 1.38727e+06 1.38926e+06 1.39113e+06 1.39291e+06 1.39411e+06 1.39438e+06 1.39444e+06 1.39456e+06 1.39469e+06 1.3948e+06 1.39489e+06 1.39496e+06 1.39374e+06 1.39257e+06 1.3907e+06 1.38997e+06 1.38915e+06 1.38822e+06 1.38747e+06 1.38368e+06 1.38027e+06 1.37626e+06 1.37227e+06 1.36853e+06 1.36515e+06 1.36292e+06 1.35865e+06 1.35346e+06 1.34876e+06 1.34035e+06 1.33454e+06 1.32919e+06 1.32465e+06 1.32059e+06 1.31715e+06 1.31456e+06 1.30796e+06 1.30281e+06 1.29593e+06 1.28783e+06 1.27882e+06 1.26281e+06 1.25188e+06 1.24086e+06 1.23091e+06 1.21475e+06 1.20883e+06 1.20291e+06 1.19728e+06 1.19177e+06 1.18645e+06 1.18783e+06 1.18016e+06 1.17253e+06 1.16165e+06 1.1535e+06 1.14581e+06 1.13833e+06 1.13124e+06 1.12432e+06 1.11778e+06 1.11732e+06 1.10949e+06 1.10168e+06 1.08961e+06 1.08089e+06 1.07256e+06 1.06439e+06 1.05705e+06 1.04978e+06 1.04281e+06 1.03751e+06 1.03254e+06 1.02749e+06 1.02497e+06 1.01031e+06 1.00083e+06 991517 982568 973633 966156 961342 956582 957615 950996 944089 937502 930005 916418 908383 899221 889700 880477 870894 861333 851656 843372 836142 828950 828016 820424 812712 805253 797448 783252 775163 766568 757930 749526 740576 731777 722855 715789 708818 701855 694270 686644 678891 671766 664823 657975 656976 649743 642343 635134 627774 614493 606821 599052 591194 583441 575357 567421 559544 553055 546409 539820 532883 526045 519080 513101 507046 501055 494645 488278 481798 475927 470097 464338 458270 452199 446018 440247 434586 428999 423290 417647 411898 406113 
        </DataArray>
        <DataArray type="Float64" Name="Temperature" format="ascii">
841.979 838.445 834.916 831.573 828.166 824.78 821.251 817.768 814.263 811.021 807.72 804.459 801.043 797.67 794.231 791.047 787.806 784.612 781.309 778.041 774.704 771.262 767.711 764.192 760.772 757.46 754.083 750.657 747.105 743.592 740.295 737.291 734.248 734.957 731.692 728.498 725.497 722.857 720.18 716.06 713.286 710.399 707.295 704.075 700.675 697.209 693.796 690.381 686.849 683.34 679.729 676.131 672.689 669.375 666.015 668.069 665.153 662.373 657.12 654.524 651.617 648.58 645.45 642.218 638.826 635.524 632.064 628.593 625.334 622.105 618.797 621.374 618.573 615.903 610.975 608.425 605.5 602.581 599.61 596.524 593.191 589.643 585.771 582.615 586.862 586.007 584.031 581.093 577.666 573.855 570.83 567.998 565.038 562.321 559.727 563.211 555.071 552.102 548.256 543.8 539.471 534.807 529.647 525.128 520.434 528.873 515.749 513.52 510.723 507.657 504.461 500.964 506.861 594.26 663.038 810.345 1080.6 1292.36 1481.95 1570.61 1584.81 1595.85 1603.49 1613.17 1623.15 1632.36 1629.08 1630.49 1630.48 1627.2 1644.08 1635.36 1612.19 1616.8 1623.76 1632.85 1650.79 1668 1687.85 1694.43 1703.71 1712.76 1721.86 1708.2 1693.14 1664.17 1642.99 1597.1 1546.18 1491.02 1427.2 1368.3 1303.09 1283.33 1267.31 1253.27 1241.53 1235.07 1228.8 1221.36 1217.68 1212.76 1207.56 1202.45 1199.1 1196.05 1193.11 1196.29 1193.4 1189.42 1184.2 1178.09 1173.78 1169.22 1164.66 1160.86 1157.27 1154 1151.14 1148.72 1146.46 1144.53 1143.31 1142.49 1141.47 1139.34 1138.29 1137.42 1137.5 1135.67 1134.94 1134.42 1134.12 1136.31 1141.39 1144.06 1143.43 1144.99 1144.15 1145.23 1146.78 1150.45 1154.16 1157.78 1159.48 1161.84 1162.93 1166.81 1169.93 1172.63 1175.98 1178.41 1182.06 1185.14 1187.39 1190.2 1194.16 1196.8 1199.84 1200.91 1205.12 1207.51 1210.3 1213.39 1216.01 1218.34 1221.05 1224.07 1227.15 1229.05 1229.02 1234.48 1238.37 1239.54 1243.11 1244.91 1248.24 1250.47 1251.49 1253.72 1256.56 1258.08 1260.34 1260.42 1263.24 1264.23 1266 1266.3 1267.52 1270.42 1271.81 1271.66 1273.33 1276.34 1277.4 1278.95 1278.43 1279.72 1280.08 1281.18 1282.4 1282 1288.99 1287.73 1277.92 1276.02 1273.95 1271.11 1271.07 1270.81 1270.14 1270 1269.85 1269.62 1269.38 1269.14 1268.79 1268.42 1268.07 1267.75 1266.38 1266.4 1265.34 1264.4 1262.41 1261.06 1261.28 1259.89 1256.83 1255.68 1254.53 1254.4 1252.49 1250.16 1250.08 1248.6 1248.21 1246.86 1245.61 1244.5 1242.84 1242.41 1240.52 1239.72 1239.06 1238.1 1237.49 1236.72 1236.13 1235.54 1234.94 1233.87 1233.12 1231.97 1230.76 1229.27 1228.05 1227.01 1225.93 1225.18 1224.59 1224.14 1224.63 1225.6 1228.14 1231.35 1237.2 1243.61 1250.66 1257.15 1264.38 1271.58 1278.98 1285.46 1290.8 1299.69 1306.26 1314.84 1324.34 1334.28 1339.86 1346.16 1346.86 1347.68 1345.79 1343.63 1341.65 1337.38 1341.77 1341.93 1342.2 1342.02 1342.81 1344.64 1343.95 1342.9 1339.99 1337.17 1336.53 1334.6 1331.33 1324.78 1320.17 1316.93 1314.72 1314.09 1313.66 1313.46 1323.45 1330.79 1328.52 1335.73 1342.41 1348.43 1362.53 1366.56 1371.81 1377.28 1376.51 1379.24 1381.97 1383.05 1382.27 1381.31 1387.1 1385.56 1371.62 1369.19 1364.78 1359.52 1353.54 1345 1334.21 1322.84 1337.68 1300.34 1291.94 1282.33 1273.39 1262.78 1250.17 1247.55 1246.73 1245.62 1262.93 1257.02 1266.22 1280.92 1307.86 1335.45 1364.23 1386.56 1401.1 1407.49 1405.51 1441.53 1486.5 1495.27 1494.85 1493.47 1486.36 1475.7 1464.88 1463.42 1476.49 1489.68 1504.09 1503.39 1500.55 1497.51 1502.01 1505.39 1507.78 1506.13 1502.24 1496.52 1354.12 1155.89 938.539 736.757 561.407 406.87 335.027 335.497 335.952 330.269 330.445 330.582 330.764 331.157 331.465 331.696 332.009 332.22 332.337 332.644 332.867 332.995 333.417 333.742 333.917 337.033 337.54 338.037 338.678 339.423 340.175 334.117 334.857 335.589 336.536 337.687 338.827 339.841 340.703 341.536 342.386 343.255 344.118 344.942 345.741 346.51 347.278 348.055 348.83 349.577 350.456 351.304 352.147 352.993 353.842 354.661 355.591 356.512 357.431 358.346 359.269 360.16 361.132 362.115 363.097 363.989 364.836 365.653 366.484 367.301 368.114 368.935 369.81 370.654 371.498 372.315 373.124 373.936 374.859 375.751 376.642 377.511 378.374 379.213 380.227 381.212 382.202 383.144 384.089 385.006 386.096 387.192 388.31 389.332 390.35 391.354 392.307 399.37 400.234 401.005 401.743 402.431 396.466 397.349 398.261 399.144 399.981 400.777 401.59 402.447 403.295 404.135 405.15 406.155 407.18 408.093 409.026 409.95 410.784 418.023 418.803 419.406 419.982 420.502 414.253 415.204 416.233 417.162 417.973 418.769 419.642 420.627 421.645 422.67 423.741 430.895 431.969 433.027 434.049 435.099 429.681 431.493 433.431 435.029 436.464 437.842 439.322 440.875 448.89 443.83 445.439 447.138 448.921 450.272 451.617 452.912 454.239 455.544 456.867 463.914 464.983 465.959 460.385 462.119 464.103 466.021 467.095 468.103 469.076 476.089 477.233 478.357 473.397 475.407 477.68 479.587 480.787 481.885 488.672 489.931 491.112 492.412 487.964 489.954 492.042 493.679 500.682 501.871 497.352 499.088 500.966 502.926 504.383 505.699 512.138 513.177 514.116 520.633 510.48 512.434 514.55 516.76 523.006 523.965 524.794 520.828 523.072 525.463 528.081 533.317 533.978 534.545 531.108 532.815 534.54 536.207 541.458 541.828 542.259 538.506 540.195 541.823 543.392 549.013 549.403 550.078 545.893 547.617 549.331 556.674 552.927 554.467 555.973 557.23 557.959 563.645 564.926 561.466 563.77 565.851 567.535 573.61 573.957 575.147 570.899 573.288 575.509 584.653 580.811 583.23 585.515 587.506 594.748 596.195 597.762 593.123 595.919 599.089 606.806 604.714 606.443 608.713 611.6 610.773 609.558 608.54 607.127 608.816 614.323 615.602 612.358 614.66 616.789 624.462 620.977 623.071 625.054 626.864 628.445 630.25 631.899 633.338 634.507 639.404 639.925 641.243 638.099 639.298 645.132 646.208 642.855 644.359 645.64 651.744 648.089 649.502 651.105 656.117 654.338 652.964 651.085 648.762 646.637 648.433 649.784 650.644 651.043 652.829 654.343 655.376 655.961 657.357 659.299 660.69 661.577 662.436 664.954 666.977 668.571 669.685 671.948 674.079 675.83 677.143 678.891 680.904 682.385 683.287 690.281 685.957 688.18 690.268 695.873 694.011 692.312 690.467 688.331 689.566 686.769 687.806 692.443 692.814 694.532 691.285 696.048 695.841 697.248 699.683 694.577 697.554 700.051 701.987 710.077 706.489 708.888 710.67 717.779 720.596 716.871 720.02 729.951 730.131 727.58 726.322 724.139 722.163 720.283 718.56 718.592 719.85 720.278 719.864 724.104 720.826 722.924 724.938 727.386 729.522 731.415 733.151 734.67 735.854 736.742 740.329 742.355 739.903 741.917 744.055 745.802 747.103 751.973 749.669 750.809 754.661 755.031 755.937 756.73 753.718 754.579 755.1 755.302 758.575 759.424 756.244 757.078 757.765 758.067 757.978 761.816 757.491 758.002 758.494 758.977 759.135 758.976 765.386 760.019 761.632 763.512 765.477 766.988 772.652 773.095 770.304 770.634 770.115 769.285 768.471 771.527 773.016 768.42 769.984 772.646 774.839 776.337 779.956 784.082 788.372 778.745 784.265 789.702 794.88 800.691 805.721 809.879 819.497 820.526 815.002 816.358 818.744 820.579 821.81 825.028 824.207 823.961 821.097 824.013 826.767 829.529 832.191 834.65 838.69 840.811 842.966 845.227 844.33 846.887 849.408 852.064 854.685 857.285 859.822 862.306 864.539 869.29 871.594 870.692 872.993 875.974 878.869 881.743 884.601 887.329 889.795 893.46 895.32 897.311 899.371 899.237 901.745 904.49 907.65 910.823 913.902 916.947 919.91 922.891 925.909 928.845 931.586 935.706 938.181 938.482 941.383 944.685 947.949 951.337 954.724 958.152 961.405 964.506 967.566 970.711 973.832 976.887 980.984 983.054 985.033 987.081 989.759 992.716 993.798 997.729 1001.75 1005.81 1009.38 1012.88 1016.35 1020.02 1023.68 1027.38 1030.68 1033.78 1036.83 1040.54 1044.89 1049.3 1053.11 1056.05 1058.96 1062.23 1066.26 1070.34 1074.37 1078.56 1082.66 1086.72 1089.86 1093.05 1096.19 1100.77 1104.29 1107.9 1111.15 1114.44 1117.65 1121.26 1124.86 1128.54 1131.89 1135.21 1138.46 1141.87 1145.25 1148.7 1152.2 1155.88 1159.47 1162.96 1166.19 1169.5 1172.83 1176.4 1179.89 1183.37 1186.58 1189.88 1193.06 1196.24 1199.36 1202.67 1205.38 1208.14 1210.84 1213.56 1216.24 1218.97 1221.58 1224.26 1226.93 1229.35 1231.69 1234.09 1236.38 1238.72 1241.03 1243.16 1245.17 1247.21 1249.2 1251.21 1253.19 1255.1 1256.88 1258.67 1260.47 1262.34 1263.59 1265.34 1266.86 1268.43 1270.93 1272.24 1273.53 1274.86 1276.2 1277.58 1278.94 1280.03 1281.07 1282.12 1282.94 1283.7 1284.45 1284.95 1285.3 1284.41 1284.39 1284.22 1284.05 1285.42 1285.04 1284.66 1284.28 1283.93 1283.55 1283.12 1282.45 1281.74 1281 1279.06 1278.33 1277.58 1277.08 1276.03 1275.05 1274.04 1273.04 1272.05 1271.01 1269.71 1268.37 1267.14 1266.72 1266.35 1265.23 1255.65 1251.63 1247.92 1245.36 1243.42 1241.83 1239.95 1240.16 1237.6 1232.9 1230.7 1228.62 1226.6 1224 1221.3 1218.59 1216.02 1215.53 1213.04 1208.99 1206.56 1204.24 1201.88 1199.18 1196.42 1194.8 1192.01 1189.31 1186.56 1181.88 1179.13 1176.57 1173.98 1171.07 1169.03 1166.14 1161.35 1158.23 1155.11 1152.23 1149.52 1146.96 1144.07 1141.04 1138.07 1135.26 1132.45 1129.71 1126.95 1126.03 1123.54 1121.17 1118.35 1113.53 1111.1 1108.9 1108.2 1105.92 1104.86 1098.64 1095.89 1093.33 1090.88 1087.98 1084.84 1081.86 1078.97 1076.78 1074.73 1074.7 1070.84 1069.01 1067.32 1065.83 1064.14 1064.09 1062.19 1057.5 1054.44 1051.44 1048.43 1048.29 1045.91 1043.73 1038.85 1036.51 1034.26 1034.18 1029.82 1027.69 1025.71 1023.95 1022.36 1022.76 1021.22 1016.88 1014.64 1012.41 1010.11 1007.26 1004.34 1001.58 998.897 996.392 996.314 994.277 994.693 995.582 1000.08 1005.82 1011.71 1013.05 1013.4 1012.76 1010.84 1004.07 997.205 990.462 983.16 987.023 979.97 975.418 970.072 967.874 968.753 966.394 961.176 958.74 956.15 956.447 951.208 948.833 946.281 943.634 940.962 938.379 935.656 932.882 929.998 927.032 924.063 921.223 918.485 919.622 917.088 915.541 912.302 910.898 911.279 909.594 907.494 902.603 903.169 900.947 898.787 893.911 891.674 892.133 889.889 884.991 882.799 883.363 880.999 878.384 872.258 873.078 870.389 868.001 862.443 860.012 860.579 858.585 856.844 852.619 850.002 847.093 844.097 841.165 842.267 845.927 849.479 852.809 850.921 844.477 838.647 833.62 836.967 828.188 825.697 822.995 825.255 822.612 816.306 814.07 815.665 813.492 811.599 806.229 803.955 801.597 799.258 797.013 794.006 790.803 787.681 784.741 786.633 780.807 778.517 779.503 777.203 776.346 770.781 769.179 766.965 764.729 762.399 763.297 766.846 769.575 771.58 769.798 767.604 762.061 760.014 756.748 753.764 751.156 753.923 745.664 742.56 739.591 742.222 741.045 739.684 734.052 731.074 728.436 726.047 729.362 728.051 722.974 721.682 719.683 717.829 716.18 719.171 713.809 712.614 711.381 709.444 707.793 706.414 704.944 702.876 700.966 699.151 707.626 702.375 701.299 696.129 693.719 691.216 692.564 692.984 696.468 698.732 702.269 700.323 699.013 697.515 694.691 692.901 692.195 689.853 686.387 683.495 679.969 675.604 671.866 676.867 674.113 664.798 662.116 659.228 656.389 653.549 657.689 656.288 654.8 653.066 646.228 644.369 642.516 640.333 638.257 636.276 639.914 638.748 633.399 632.066 630.465 628.893 627.39 625.546 623.878 622.331 626.479 625.56 620.071 619.105 618.107 617.075 615.788 613.958 612.256 615.701 614.329 612.96 611.586 605.842 604.307 602.754 601.195 599.598 598.034 596.262 594.396 592.595 595.802 594.463 593.119 587.626 585.648 583.69 581.815 580.347 578.884 577.357 575.167 572.908 570.834 574.54 572.868 571.127 569.373 562.717 560.829 558.843 556.778 554.685 552.685 550.835 548.99 547.098 545.302 543.455 541.617 539.537 537.539 535.563 539.129 537.572 536.019 534.244 527.578 525.586 523.79 522.052 520.334 518.554 516.777 514.965 513.273 511.678 510.087 508.438 506.779 505.083 503.441 501.895 500.354 498.77 497.222 495.639 494.073 492.441 490.832 489.192 487.523 485.812 484.118 487.24 485.551 483.809 482.212 480.609 479.03 477.389 475.773 474.104 472.544 470.995 469.473 467.919 466.411 464.855 463.318 461.721 460.152 458.578 457.111 455.598 454.097 452.508 450.946 449.334 447.752 446.119 444.571 443.366 442.189 438.287 437.029 435.691 434.312 432.802 431.255 429.618 428 426.318 424.614 422.628 420.54 418.346 416.686 415.408 414.285 528.605 737.822 956.221 1119.31 1213.45 1302.61 1353.44 1336.46 1318.23 1305.2 1309.7 1313.6 1317.27 1312.83 1321.12 1325.71 1320.48 1315.38 1311.66 1316.92 1322.68 1327.52 1334.55 1341.77 1348.63 1352.06 1354.01 1355.95 1361.73 1371.54 1382.59 1390.29 1391.99 1392.44 1393.69 1392.08 1390.28 1387.74 1378.98 1369.97 1360.38 1352.47 1345.15 1338.6 1335.72 1334.52 1330.96 1329.63 1328.77 1328.41 1329.26 1327.53 1325.93 1323.84 1319.63 1315.5 1311.27 1306.25 1299.15 1294.36 1291.95 1288.11 1284.19 1278.43 1271.26 1263.99 1254.72 1243.13 1231.37 1217.87 1209.31 1200.99 1193.59 1189.18 1184.21 1179.51 1176.07 1173.29 1170.48 1166.42 1163.12 1159.91 1157.91 1156.04 1154.3 1152.76 1153.91 1154.57 1156.59 1162.11 1166.58 1170.97 1175.1 1177.82 1180.44 1182.87 1180.6 1180.31 1179.84 1178.5 1175.81 1172.88 1169.97 1169.25 1168.5 1167.89 1167.6 1168.07 1169.58 1170.21 1168.01 1160.77 1159.62 1159.68 1158.2 1156.8 1155.14 1153.29 1150.54 1149.06 1146.61 1144.04 1141.27 1138.62 1136 1133.87 1130.79 1128.18 1125.39 1122.53 1120.31 1120.13 1118.37 1117.17 1117.04 1116.41 1115.26 1086.71 1051.98 1008.94 911.351 815.158 753.548 699.107 696.507 701.019 705.414 709.55 712.905 720.789 723.78 720.381 724.46 729.155 734.623 737.791 738.591 740.601 743.891 742.836 739.42 731.233 731.034 734.536 738.015 741.356 744.551 747.687 751.108 754.703 758.111 762.992 766.003 768.922 769.92 772.965 778.107 781.51 782.601 786.106 789.744 796.104 797.281 801.264 805.42 809.614 816.773 820.961 825.16 829.302 830.127 837.938 842.522 848.934 849.411 856.099 869.136 865.292 867.39 862.698 857.48 850.886 850.169 851.141 852.901 856.948 858.701 862.29 866.052 869.864 873.329 876.199 879.105 881.954 884.702 886.754 888.863 890.96 893.115 894.724 896.28 897.866 899.534 901.534 904.259 907.401 911.066 915.447 926.819 939.266 953.198 968.161 980.378 987.631 993.873 998.902 999.277 1000.68 1001.51 1002.78 1005.3 1007.03 1009.94 1013.11 1017.64 1020.88 1023.11 1026.52 1031.43 1035.15 1038.71 1041.53 1045.23 1049.04 1053.22 1057.65 1061.61 1065.48 1069.67 1074.05 1078.95 1082.1 1086 1090.05 1095.1 1098.67 1101.89 1105.33 1109.14 1112.43 1115.71 1118.34 1121.44 1124.59 1127.9 1131.7 1134.6 1137.57 1140.49 1143.29 1146.52 1149.69 1152.95 1156.23 1159.82 1163.51 1166.58 1170.12 1173.27 1176.87 1181.79 1184.44 1185.15 1190.04 1190.05 1190.46 1191.45 1189.93 1191.29 1194.01 1194.04 1194.1 1194.28 1194.31 1192.85 1194.93 1196.19 1197.09 1195.59 1195.91 1196.52 1196.79 1197.33 1197.79 1198.18 1197.95 1198.52 1198.77 1198.3 1198.42 1198.47 1198.45 1198.52 1198.78 1198.83 1197.67 1197.63 1197.44 1197.07 1196.91 1196.49 1195.92 1194.2 1193.34 1192.41 1191.44 1192.65 1190.17 1189.11 1187.97 1185.3 1183.86 1182.43 1181.25 1180.15 1179.18 1178.88 1177.2 1175.49 1173.75 1171.74 1169.47 1165.27 1162.47 1159.57 1156.88 1152.36 1150.72 1149.05 1147.46 1145.92 1144.44 1144.8 1142.68 1140.52 1137.46 1135.13 1132.94 1130.8 1128.76 1126.77 1124.88 1124.69 1122.41 1120.13 1116.63 1114.05 1111.58 1109.16 1106.95 1104.77 1102.68 1101.08 1099.57 1098.04 1097.25 1092.77 1089.86 1086.96 1084.14 1081.34 1078.98 1077.45 1075.94 1076.25 1074.13 1071.9 1069.78 1067.34 1062.94 1060.31 1057.25 1054.07 1050.99 1047.74 1044.47 1041.16 1038.3 1035.78 1033.27 1032.92 1030.21 1027.46 1024.8 1021.96 1016.88 1013.92 1010.7 1007.47 1004.33 1000.89 997.512 994.093 991.327 988.588 985.858 982.829 979.769 976.662 973.763 970.911 968.101 967.56 964.513 961.4 958.35 955.176 949.628 946.273 942.812 939.315 935.847 932.143 928.513 924.904 921.846 918.72 915.624 912.277 908.981 905.628 902.673 899.677 896.716 893.472 890.238 886.949 883.902 880.856 877.848 874.613 871.348 868.025 864.867 861.728 858.632 855.419 852.198 848.916 845.562 
        </DataArray>
        <DataArray type="Float64" Name="Tau1" format="ascii">
0 0 0 0 0 0 0 0 0 0 0 0 0 0 0 0 0 0 0 0 0 0 0 0 0 0 0 0 0 0 0 0 0 0 0 0 0 0 0 0 0 0 0 0 0 0 0 0 0 0 0 0 0 0 0 0 0 0 0 0 0 0 0 0 0 0 0 0 0 0 0 0 0 0 0 0 0 0 0 0 0 0 0 0 0 0 0 0 0 0 0 0 0 0 0 0 0 0 0 0 0 0 0 0 0 0 0 0 0 0 0 0 0 0 0 0 0 0 0 0 0 0 0 0 0 0 0 0 0 0 0 0 0 0 0 0 0 0 0 0 0 0 0 0 0 0 0 0 0 0 0 0 0 0 0 0 0 0 0 0 0 0 0 0 0 0 0 0 0 0 0 0 0 0 0 0 0 0 0 0 0 0 0 0 0 0 0 0 0 0 0 0 0 0 0 0 0 0 0 0 0 0 0 0 0 0 0 0 0 0 0 0 0 0 0 0 0 0 0 0 0 0 0 0 0 0 0 0 0 0 0 0 0 0 0 0 0 0 0 0 0 0 0 0 0 0 0 0 0 0 0 0 0 0 0 0 0 0 0 0 0 0 0 0 0 0 0 0 0 0 0 0 0 0 0 0 0 0 0 0 0 0 0 0 0 0 0 0 0 0 0 0 0 0 0 0 0 0 0 0 0 0 0 0 0 0 0 0 0 0 0 0 0 0 0 0 0 0 0 0 0 0 0 0 0 0 0 0 0 0 0 0 0 0 0 0 0 0 0 0 0 0 0 0 0 0 0 0 0 0 0 0 0 0 0 0 0 0 0 0 0 0 0 0 0 0 0 0 0 0 0 0 0 0 0 0 0 0 0 0 0 0 0 0 0 0 0 0 0 0 0 0 0 0 0 0 0 0 0 0 0 0 0 0 0 0 0 0 0 0 0 0 0 0 0 0 0 0 0 0 0 0 0 0 0 0 0 0 0 0 0 0 0 0 0 0 0 0 0 0 0 0 0 0 0 0 0 0 0 0 0 0 0 0 0 0 0 0 0 0 0 0 0 0 0 0 0 0 0 0 0 0 0 0 0 0 0 0 0 0 0 0 0 0 0 0 0 0 0 0 0 0 0 0 0 0 0 0 0 0 0 0 0 0 0 0 0 0 0 0 0 0 0 0 0 0 0 0 0 0 0 0 0 0 0 0 0 0 0 0 0 0 0 0 0 0 0 0 0 0 0 0 0 0 0 0 0 0 0 0 0 0 0 0 0 0 0 0 0 0 0 0 0 0 0 0 0 0 0 0 0 0 0 0 0 0 0 0 0 0 0 0 0 0 0 0 0 0 0 0 0 0 0 0 0 0 0 0 0 0 0 0 0 0 0 0 0 0 0 0 0 0 0 0 0 0 0 0 0 0 0 0 0 0 0 0 0 0 0 0 0 0 0 0 0 0 0 0 0 0 0 0 0 0 0 0 0 0 0 0 0 0 0 0 0 0 0 0 0 0 0 0 0 0 0 0 0 0 0 0 0 0 0 0 0 0 0 0 0 0 0 0 0 0 0 0 0 0 0 0 0 0 0 0 0 0 0 0 0 0 0 0 0 0 0 0 0 0 0 0 0 0 0 0 0 0 0 0 0 0 0 0 0 0 0 0 0 0 0 0 0 0 0 0 0 0 0 0 0 0 0 0 0 0 0 0 0 0 0 0 0 0 0 0 0 0 0 0 0 0 0 0 0 0 0 0 0 0 0 0 0 0 0 0 0 0 0 0 0 0 0 0 0 0 0 0 0 0 0 0 0 0 0 0 0 0 0 0 0 0 0 0 0 0 0 0 0 0 0 0 0 0 0 0 0 0 0 0 0 0 0 0 0 0 0 0 0 0 0 0 0 0 0 0 0 0 0 0 0 0 0 0 0 0 0 0 0 0 0 0 0 0 0 0 0 0 0 0 0 0 0 0 0 0 0 0 0 0 0 0 0 0 0 0 0 0 0 0 0 0 0 0 0 0 0 0 0 0 0 0 0 0 0 0 0 0 0 0 0 0 0 0 0 0 0 0 0 0 0 0 0 0 0 0 0 0 0 0 0 0 0 0 0 0 0 0 0 0 0 0 0 0 0 0 0 0 0 0 0 0 0 0 0 0 0 0 0 0 0 0 0 0 0 0 0 0 0 0 0 0 0 0 0 0 0 0 0 0 0 0 0 0 0 0 0 0 0 0 0 0 0 0 0 0 0 0 0 0 0 0 0 0 0 0 0 0 0 0 0 0 0 0 0 0 0 0 0 0 0 0 0 0 0 0 0 0 0 0 0 0 0 0 0 0 0 0 0 0 0 0 0 0 0 0 0 0 0 0 0 0 0 0 0 0 0 0 0 0 0 0 0 0 0 0 0 0 0 0 0 0 0 0 0 0 0 0 0 0 0 0 0 0 0 0 0 0 0 0 0 0 0 0 0 0 0 0 0 0 0 0 0 0 0 0 0 0 0 0 0 0 0 0 0 0 0 0 0 0 0 0 0 0 0 0 0 0 0 0 0 0 0 0 0 0 0 0 0 0 0 0 0 0 0 0 0 0 0 0 0 0 0 0 0 0 0 0 0 0 0 0 0 0 0 0 0 0 0 0 0 0 0 0 0 0 0 0 0 0 0 0 0 0 0 0 0 0 0 0 0 0 0 0 0 0 0 0 0 0 0 0 0 0 0 0 0 0 0 0 0 0 0 0 0 0 0 0 0 0 0 0 0 0 0 0 0 0 0 0 0 0 0 0 0 0 0 0 0 0 0 0 0 0 0 0 0 0 0 0 0 0 0 0 0 0 0 0 0 0 0 0 0 0 0 0 0 0 0 0 0 0 0 0 0 0 0 0 0 0 0 0 0 0 0 0 0 0 0 0 0 0 0 0 0 0 0 0 0 0 0 0 0 0 0 0 0 0 0 0 0 0 0 0 0 0 0 0 0 0 0 0 0 0 0 0 0 0 0 0 0 0 0 0 0 0 0 0 0 0 0 0 0 0 0 0 0 0 0 0 0 0 0 0 0 0 0 0 0 0 0 0 0 0 0 0 0 0 0 0 0 0 0 0 0 0 0 0 0 0 0 0 0 0 0 0 0 0 0 0 0 0 0 0 0 0 0 0 0 0 0 0 0 0 0 0 0 0 0 0 0 0 0 0 0 0 0 0 0 0 0 0 0 0 0 0 0 0 0 0 0 0 0 0 0 0 0 0 0 0 0 0 0 0 0 0 0 0 0 0 0 0 0 0 0 0 0 0 0 0 0 0 0 0 0 0 0 0 0 0 0 0 0 0 0 0 0 0 0 0 0 0 0 0 0 0 0 0 0 0 0 0 0 0 0 0 0 0 0 0 0 0 0 0 0 0 0 0 0 0 0 0 0 0 0 0 0 0 0 0 0 0 0 0 0 0 0 0 0 0 0 0 0 0 0 0 0 0 0 0 0 0 0 0 0 0 0 0 0 0 0 0 0 0 0 0 0 0 0 0 0 0 0 0 0 0 0 0 0 0 0 0 0 0 0 0 0 0 0 0 0 0 0 0 0 0 0 0 0 0 0 0 0 0 0 0 0 0 0 0 0 0 0 0 0 0 0 0 0 0 0 0 0 0 0 0 0 0 0 0 0 0 0 0 0 0 0 0 0 0 0 0 0 0 0 0 0 0 0 0 0 0 0 0 0 0 0 0 0 0 0 0 0 0 0 0 0 0 0 0 0 0 0 0 0 0 0 0 0 0 0 0 0 0 0 0 0 0 0 0 0 0 0 0 0 0 0 0 0 0 0 0 0 0 0 0 0 0 0 0 0 0 0 0 0 0 0 0 0 0 0 0 0 0 0 0 0 0 0 0 0 0 0 0 0 0 0 0 0 0 0 0 0 0 0 0 0 0 0 0 0 0 0 0 0 0 0 0 0 0 0 0 0 0 0 0 0 0 0 0 0 0 0 0 0 0 0 0 0 0 0 0 0 0 0 0 0 0 0 0 0 0 0 0 0 0 0 0 0 0 0 0 0 0 0 0 0 0 0 0 0 0 0 0 0 0 0 0 0 0 0 0 0 0 0 0 0 0 0 0 0 0 0 0 0 0 0 0 0 0 0 0 0 0 0 0 0 0 0 0 0 0 0 0 0 0 0 0 0 0 0 0 0 0 0 0 0 0 0 0 0 0 0 0 0 0 0 0 0 0 0 0 0 0 0 0 0 0 0 0 0 0 0 0 0 0 0 0 0 0 0 0 0 0 0 0 0 0 0 0 0 0 0 0 0 0 0 0 0 0 0 0 0 0 0 0 0 0 0 0 0 0 0 0 0 0 0 0 0 0 0 0 0 0 0 0 0 0 0 0 0 0 0 0 0 0 0 0 0 0 0 0 0 0 0 0 0 0 0 0 0 0 0 0 0 0 0 0 0 0 0 0 0 0 0 0 0 0 0 0 0 0 0 0 0 0 0 0 0 0 0 0 0 0 0 0 0 0 0 0 0 0 0 0 0 0 0 0 0 0 0 0 
        </DataArray>
        <DataArray type="Float64" Name="Tau2" format="ascii">
0 0 0 0 0 0 0 0 0 0 0 0 0 0 0 0 0 0 0 0 0 0 0 0 0 0 0 0 0 0 0 0 0 0 0 0 0 0 0 0 0 0 0 0 0 0 0 0 0 0 0 0 0 0 0 0 0 0 0 0 0 0 0 0 0 0 0 0 0 0 0 0 0 0 0 0 0 0 0 0 0 0 0 0 0 0 0 0 0 0 0 0 0 0 0 0 0 0 0 0 0 0 0 0 0 0 0 0 0 0 0 0 0 0 0 0 0 0 0 0 0 0 0 0 0 0 0 0 0 0 0 0 0 0 0 0 0 0 0 0 0 0 0 0 0 0 0 0 0 0 0 0 0 0 0 0 0 0 0 0 0 0 0 0 0 0 0 0 0 0 0 0 0 0 0 0 0 0 0 0 0 0 0 0 0 0 0 0 0 0 0 0 0 0 0 0 0 0 0 0 0 0 0 0 0 0 0 0 0 0 0 0 0 0 0 0 0 0 0 0 0 0 0 0 0 0 0 0 0 0 0 0 0 0 0 0 0 0 0 0 0 0 0 0 0 0 0 0 0 0 0 0 0 0 0 0 0 0 0 0 0 0 0 0 0 0 0 0 0 0 0 0 0 0 0 0 0 0 0 0 0 0 0 0 0 0 0 0 0 0 0 0 0 0 0 0 0 0 0 0 0 0 0 0 0 0 0 0 0 0 0 0 0 0 0 0 0 0 0 0 0 0 0 0 0 0 0 0 0 0 0 0 0 0 0 0 0 0 0 0 0 0 0 0 0 0 0 0 0 0 0 0 0 0 0 0 0 0 0 0 0 0 0 0 0 0 0 0 0 0 0 0 0 0 0 0 0 0 0 0 0 0 0 0 0 0 0 0 0 0 0 0 0 0 0 0 0 0 0 0 0 0 0 0 0 0 0 0 0 0 0 0 0 0 0 0 0 0 0 0 0 0 0 0 0 0 0 0 0 0 0 0 0 0 0 0 0 0 0 0 0 0 0 0 0 0 0 0 0 0 0 0 0 0 0 0 0 0 0 0 0 0 0 0 0 0 0 0 0 0 0 0 0 0 0 0 0 0 0 0 0 0 0 0 0 0 0 0 0 0 0 0 0 0 0 0 0 0 0 0 0 0 0 0 0 0 0 0 0 0 0 0 0 0 0 0 0 0 0 0 0 0 0 0 0 0 0 0 0 0 0 0 0 0 0 0 0 0 0 0 0 0 0 0 0 0 0 0 0 0 0 0 0 0 0 0 0 0 0 0 0 0 0 0 0 0 0 0 0 0 0 0 0 0 0 0 0 0 0 0 0 0 0 0 0 0 0 0 0 0 0 0 0 0 0 0 0 0 0 0 0 0 0 0 0 0 0 0 0 0 0 0 0 0 0 0 0 0 0 0 0 0 0 0 0 0 0 0 0 0 0 0 0 0 0 0 0 0 0 0 0 0 0 0 0 0 0 0 0 0 0 0 0 0 0 0 0 0 0 0 0 0 0 0 0 0 0 0 0 0 0 0 0 0 0 0 0 0 0 0 0 0 0 0 0 0 0 0 0 0 0 0 0 0 0 0 0 0 0 0 0 0 0 0 0 0 0 0 0 0 0 0 0 0 0 0 0 0 0 0 0 0 0 0 0 0 0 0 0 0 0 0 0 0 0 0 0 0 0 0 0 0 0 0 0 0 0 0 0 0 0 0 0 0 0 0 0 0 0 0 0 0 0 0 0 0 0 0 0 0 0 0 0 0 0 0 0 0 0 0 0 0 0 0 0 0 0 0 0 0 0 0 0 0 0 0 0 0 0 0 0 0 0 0 0 0 0 0 0 0 0 0 0 0 0 0 0 0 0 0 0 0 0 0 0 0 0 0 0 0 0 0 0 0 0 0 0 0 0 0 0 0 0 0 0 0 0 0 0 0 0 0 0 0 0 0 0 0 0 0 0 0 0 0 0 0 0 0 0 0 0 0 0 0 0 0 0 0 0 0 0 0 0 0 0 0 0 0 0 0 0 0 0 0 0 0 0 0 0 0 0 0 0 0 0 0 0 0 0 0 0 0 0 0 0 0 0 0 0 0 0 0 0 0 0 0 0 0 0 0 0 0 0 0 0 0 0 0 0 0 0 0 0 0 0 0 0 0 0 0 0 0 0 0 0 0 0 0 0 0 0 0 0 0 0 0 0 0 0 0 0 0 0 0 0 0 0 0 0 0 0 0 0 0 0 0 0 0 0 0 0 0 0 0 0 0 0 0 0 0 0 0 0 0 0 0 0 0 0 0 0 0 0 0 0 0 0 0 0 0 0 0 0 0 0 0 0 0 0 0 0 0 0 0 0 0 0 0 0 0 0 0 0 0 0 0 0 0 0 0 0 0 0 0 0 0 0 0 0 0 0 0 0 0 0 0 0 0 0 0 0 0 0 0 0 0 0 0 0 0 0 0 0 0 0 0 0 0 0 0 0 0 0 0 0 0 0 0 0 0 0 0 0 0 0 0 0 0 0 0 0 0 0 0 0 0 0 0 0 0 0 0 0 0 0 0 0 0 0 0 0 0 0 0 0 0 0 0 0 0 0 0 0 0 0 0 0 0 0 0 0 0 0 0 0 0 0 0 0 0 0 0 0 0 0 0 0 0 0 0 0 0 0 0 0 0 0 0 0 0 0 0 0 0 0 0 0 0 0 0 0 0 0 0 0 0 0 0 0 0 0 0 0 0 0 0 0 0 0 0 0 0 0 0 0 0 0 0 0 0 0 0 0 0 0 0 0 0 0 0 0 0 0 0 0 0 0 0 0 0 0 0 0 0 0 0 0 0 0 0 0 0 0 0 0 0 0 0 0 0 0 0 0 0 0 0 0 0 0 0 0 0 0 0 0 0 0 0 0 0 0 0 0 0 0 0 0 0 0 0 0 0 0 0 0 0 0 0 0 0 0 0 0 0 0 0 0 0 0 0 0 0 0 0 0 0 0 0 0 0 0 0 0 0 0 0 0 0 0 0 0 0 0 0 0 0 0 0 0 0 0 0 0 0 0 0 0 0 0 0 0 0 0 0 0 0 0 0 0 0 0 0 0 0 0 0 0 0 0 0 0 0 0 0 0 0 0 0 0 0 0 0 0 0 0 0 0 0 0 0 0 0 0 0 0 0 0 0 0 0 0 0 0 0 0 0 0 0 0 0 0 0 0 0 0 0 0 0 0 0 0 0 0 0 0 0 0 0 0 0 0 0 0 0 0 0 0 0 0 0 0 0 0 0 0 0 0 0 0 0 0 0 0 0 0 0 0 0 0 0 0 0 0 0 0 0 0 0 0 0 0 0 0 0 0 0 0 0 0 0 0 0 0 0 0 0 0 0 0 0 0 0 0 0 0 0 0 0 0 0 0 0 0 0 0 0 0 0 0 0 0 0 0 0 0 0 0 0 0 0 0 0 0 0 0 0 0 0 0 0 0 0 0 0 0 0 0 0 0 0 0 0 0 0 0 0 0 0 0 0 0 0 0 0 0 0 0 0 0 0 0 0 0 0 0 0 0 0 0 0 0 0 0 0 0 0 0 0 0 0 0 0 0 0 0 0 0 0 0 0 0 0 0 0 0 0 0 0 0 0 0 0 0 0 0 0 0 0 0 0 0 0 0 0 0 0 0 0 0 0 0 0 0 0 0 0 0 0 0 0 0 0 0 0 0 0 0 0 0 0 0 0 0 0 0 0 0 0 0 0 0 0 0 0 0 0 0 0 0 0 0 0 0 0 0 0 0 0 0 0 0 0 0 0 0 0 0 0 0 0 0 0 0 0 0 0 0 0 0 0 0 0 0 0 0 0 0 0 0 0 0 0 0 0 0 0 0 0 0 0 0 0 0 0 0 0 0 0 0 0 0 0 0 0 0 0 0 0 0 0 0 0 0 0 0 0 0 0 0 0 0 0 0 0 0 0 0 0 0 0 0 0 0 0 0 0 0 0 0 0 0 0 0 0 0 0 0 0 0 0 0 0 0 0 0 0 0 0 0 0 0 0 0 0 0 0 0 0 0 0 0 0 0 0 0 0 0 0 0 0 0 0 0 0 0 0 0 0 0 0 0 0 0 0 0 0 0 0 0 0 0 0 0 0 0 0 0 0 0 0 0 0 0 0 0 0 0 0 0 0 0 0 0 0 0 0 0 0 0 0 0 0 0 0 0 0 0 0 0 0 0 0 0 0 0 0 0 0 0 0 0 0 0 0 0 0 0 0 0 0 0 0 0 0 0 0 0 0 0 0 0 0 0 0 0 0 0 0 0 0 0 0 0 0 0 0 0 0 0 0 0 0 0 0 0 0 0 0 0 0 0 0 0 0 0 0 0 0 0 0 0 0 0 0 0 0 0 0 0 0 0 0 0 0 0 0 0 0 0 0 0 0 0 0 0 0 0 0 0 0 0 0 0 0 0 0 0 0 0 0 0 0 0 0 0 0 0 0 0 0 0 0 0 0 0 0 0 0 0 0 0 0 0 0 0 0 0 0 0 0 
        </DataArray>
        <DataArray type="Float64" Name="dTdn" format="ascii">
0 0 0 0 0 0 0 0 0 0 0 0 0 0 0 0 0 0 0 0 0 0 0 0 0 0 0 0 0 0 0 0 0 0 0 0 0 0 0 0 0 0 0 0 0 0 0 0 0 0 0 0 0 0 0 0 0 0 0 0 0 0 0 0 0 0 0 0 0 0 0 0 0 0 0 0 0 0 0 0 0 0 0 0 0 0 0 0 0 0 0 0 0 0 0 0 0 0 0 0 0 0 0 0 0 0 0 0 0 0 0 0 0 0 0 0 0 0 0 0 0 0 0 0 0 0 0 0 0 0 0 0 0 0 0 0 0 0 0 0 0 0 0 0 0 0 0 0 0 0 0 0 0 0 0 0 0 0 0 0 0 0 0 0 0 0 0 0 0 0 0 0 0 0 0 0 0 0 0 0 0 0 0 0 0 0 0 0 0 0 0 0 0 0 0 0 0 0 0 0 0 0 0 0 0 0 0 0 0 0 0 0 0 0 0 0 0 0 0 0 0 0 0 0 0 0 0 0 0 0 0 0 0 0 0 0 0 0 0 0 0 0 0 0 0 0 0 0 0 0 0 0 0 0 0 0 0 0 0 0 0 0 0 0 0 0 0 0 0 0 0 0 0 0 0 0 0 0 0 0 0 0 0 0 0 0 0 0 0 0 0 0 0 0 0 0 0 0 0 0 0 0 0 0 0 0 0 0 0 0 0 0 0 0 0 0 0 0 0 0 0 0 0 0 0 0 0 0 0 0 0 0 0 0 0 0 0 0 0 0 0 0 0 0 0 0 0 0 0 0 0 0 0 0 0 0 0 0 0 0 0 0 0 0 0 0 0 0 0 0 0 0 0 0 0 0 0 0 0 0 0 0 0 0 0 0 0 0 0 0 0 0 0 0 0 0 0 0 0 0 0 0 0 0 0 0 0 0 0 0 0 0 0 0 0 0 0 0 0 0 0 0 0 0 0 0 0 0 0 0 0 0 0 0 0 0 0 0 0 0 0 0 0 0 0 0 0 0 0 0 0 0 0 0 0 0 0 0 0 0 0 0 0 0 0 0 0 0 0 0 0 0 0 0 0 0 0 0 0 0 0 0 0 0 0 0 0 0 0 0 0 0 0 0 0 0 0 0 0 0 0 0 0 0 0 0 0 0 0 0 0 0 0 0 0 0 0 0 0 0 0 0 0 0 0 0 0 0 0 0 0 0 0 0 0 0 0 0 0 0 0 0 0 0 0 0 0 0 0 0 0 0 0 0 0 0 0 0 0 0 0 0 0 0 0 0 0 0 0 0 0 0 0 0 0 0 0 0 0 0 0 0 0 0 0 0 0 0 0 0 0 0 0 0 0 0 0 0 0 0 0 0 0 0 0 0 0 0 0 0 0 0 0 0 0 0 0 0 0 0 0 0 0 0 0 0 0 0 0 0 0 0 0 0 0 0 0 0 0 0 0 0 0 0 0 0 0 0 0 0 0 0 0 0 0 0 0 0 0 0 0 0 0 0 0 0 0 0 0 0 0 0 0 0 0 0 0 0 0 0 0 0 0 0 0 0 0 0 0 0 0 0 0 0 0 0 0 0 0 0 0 0 0 0 0 0 0 0 0 0 0 0 0 0 0 0 0 0 0 0 0 0 0 0 0 0 0 0 0 0 0 0 0 0 0 0 0 0 0 0 0 0 0 0 0 0 0 0 0 0 0 0 0 0 0 0 0 0 0 0 0 0 0 0 0 0 0 0 0 0 0 0 0 0 0 0 0 0 0 0 0 0 0 0 0 0 0 0 0 0 0 0 0 0 0 0 0 0 0 0 0 0 0 0 0 0 0 0 0 0 0 0 0 0 0 0 0 0 0 0 0 0 0 0 0 0 0 0 0 0 0 0 0 0 0 0 0 0 0 0 0 0 0 0 0 0 0 0 0 0 0 0 0 0 0 0 0 0 0 0 0 0 0 0 0 0 0 0 0 0 0 0 0 0 0 0 0 0 0 0 0 0 0 0 0 0 0 0 0 0 0 0 0 0 0 0 0 0 0 0 0 0 0 0 0 0 0 0 0 0 0 0 0 0 0 0 0 0 0 0 0 0 0 0 0 0 0 0 0 0 0 0 0 0 0 0 0 0 0 0 0 0 0 0 0 0 0 0 0 0 0 0 0 0 0 0 0 0 0 0 0 0 0 0 0 0 0 0 0 0 0 0 0 0 0 0 0 0 0 0 0 0 0 0 0 0 0 0 0 0 0 0 0 0 0 0 0 0 0 0 0 0 0 0 0 0 0 0 0 0 0 0 0 0 0 0 0 0 0 0 0 0 0 0 0 0 0 0 0 0 0 0 0 0 0 0 0 0 0 0 0 0 0 0 0 0 0 0 0 0 0 0 0 0 0 0 0 0 0 0 0 0 0 0 0 0 0 0 0 0 0 0 0 0 0 0 0 0 0 0 0 0 0 0 0 0 0 0 0 0 0 0 0 0 0 0 0 0 0 0 0 0 0 0 0 0 0 0 0 0 0 0 0 0 0 0 0 0 0 0 0 0 0 0 0 0 0 0 0 0 0 0 0 0 0 0 0 0 0 0 0 0 0 0 0 0 0 0 0 0 0 0 0 0 0 0 0 0 0 0 0 0 0 0 0 0 0 0 0 0 0 0 0 0 0 0 0 0 0 0 0 0 0 0 0 0 0 0 0 0 0 0 0 0 0 0 0 0 0 0 0 0 0 0 0 0 0 0 0 0 0 0 0 0 0 0 0 0 0 0 0 0 0 0 0 0 0 0 0 0 0 0 0 0 0 0 0 0 0 0 0 0 0 0 0 0 0 0 0 0 0 0 0 0 0 0 0 0 0 0 0 0 0 0 0 0 0 0 0 0 0 0 0 0 0 0 0 0 0 0 0 0 0 0 0 0 0 0 0 0 0 0 0 0 0 0 0 0 0 0 0 0 0 0 0 0 0 0 0 0 0 0 0 0 0 0 0 0 0 0 0 0 0 0 0 0 0 0 0 0 0 0 0 0 0 0 0 0 0 0 0 0 0 0 0 0 0 0 0 0 0 0 0 0 0 0 0 0 0 0 0 0 0 0 0 0 0 0 0 0 0 0 0 0 0 0 0 0 0 0 0 0 0 0 0 0 0 0 0 0 0 0 0 0 0 0 0 0 0 0 0 0 0 0 0 0 0 0 0 0 0 0 0 0 0 0 0 0 0 0 0 0 0 0 0 0 0 0 0 0 0 0 0 0 0 0 0 0 0 0 0 0 0 0 0 0 0 0 0 0 0 0 0 0 0 0 0 0 0 0 0 0 0 0 0 0 0 0 0 0 0 0 0 0 0 0 0 0 0 0 0 0 0 0 0 0 0 0 0 0 0 0 0 0 0 0 0 0 0 0 0 0 0 0 0 0 0 0 0 0 0 0 0 0 0 0 0 0 0 0 0 0 0 0 0 0 0 0 0 0 0 0 0 0 0 0 0 0 0 0 0 0 0 0 0 0 0 0 0 0 0 0 0 0 0 0 0 0 0 0 0 0 0 0 0 0 0 0 0 0 0 0 0 0 0 0 0 0 0 0 0 0 0 0 0 0 0 0 0 0 0 0 0 0 0 0 0 0 0 0 0 0 0 0 0 0 0 0 0 0 0 0 0 0 0 0 0 0 0 0 0 0 0 0 0 0 0 0 0 0 0 0 0 0 0 0 0 0 0 0 0 0 0 0 0 0 0 0 0 0 0 0 0 0 0 0 0 0 0 0 0 0 0 0 0 0 0 0 0 0 0 0 0 0 0 0 0 0 0 0 0 0 0 0 0 0 0 0 0 0 0 0 0 0 0 0 0 0 0 0 0 0 0 0 0 0 0 0 0 0 0 0 0 0 0 0 0 0 0 0 0 0 0 0 0 0 0 0 0 0 0 0 0 0 0 0 0 0 0 0 0 0 0 0 0 0 0 0 0 0 0 0 0 0 0 0 0 0 0 0 0 0 0 0 0 0 0 0 0 0 0 0 0 0 0 0 0 0 0 0 0 0 0 0 0 0 0 0 0 0 0 0 0 0 0 0 0 0 0 0 0 0 0 0 0 0 0 0 0 0 0 0 0 0 0 0 0 0 0 0 0 0 0 0 0 0 0 0 0 0 0 0 0 0 0 0 0 0 0 0 0 0 0 0 0 0 0 0 0 0 0 0 0 0 0 0 0 0 0 0 0 0 0 0 0 0 0 0 0 0 0 0 0 0 0 0 0 0 0 0 0 0 0 0 0 0 0 0 0 0 0 0 0 0 0 0 0 0 0 0 0 0 0 0 0 0 0 0 0 0 0 0 0 0 0 0 0 0 0 0 0 0 0 0 0 0 0 0 0 0 0 0 0 0 0 0 0 0 0 0 0 0 0 0 0 0 0 0 0 0 0 0 0 0 0 0 0 0 0 0 0 0 0 0 0 0 0 0 0 0 0 0 0 0 0 0 0 0 0 0 0 0 0 0 0 0 0 0 0 0 0 0 0 0 0 0 0 0 0 0 
        </DataArray>
        <DataArray type="Int32" Name="Rank" format="ascii">
9 9 9 9 9 9 9 9 9 9 9 9 9 9 9 9 9 9 9 9 9 9 9 9 9 9 9 9 9 9 9 9 9 9 9 9 9 9 9 9 9 9 9 9 9 9 9 9 9 9 9 9 9 9 9 9 9 9 9 9 9 9 9 9 9 9 9 9 9 9 9 9 9 9 9 9 9 9 9 9 9 9 9 9 9 9 9 9 9 9 9 9 9 9 9 9 9 9 9 9 9 9 9 9 9 9 9 9 9 9 9 9 9 9 9 9 9 9 9 9 9 9 9 9 9 9 9 9 9 9 9 9 9 9 9 9 9 9 9 9 9 9 9 9 9 9 9 9 9 9 9 9 9 9 9 9 9 9 9 9 9 9 9 9 9 9 9 5 5 5 5 5 5 5 5 5 5 5 5 5 5 5 5 5 5 5 5 5 5 5 5 5 5 5 5 5 4 4 5 5 5 5 5 5 5 5 5 5 5 5 5 5 5 5 5 5 5 5 5 5 5 5 5 5 5 5 5 5 5 5 5 5 5 5 5 5 5 5 5 5 5 5 5 5 5 5 5 5 5 5 5 5 5 5 5 5 5 5 5 5 5 5 5 5 5 5 5 5 5 5 5 5 5 5 5 5 5 5 5 5 5 5 5 5 5 5 5 5 5 5 5 5 5 5 5 5 5 5 5 5 5 5 4 4 5 5 5 5 5 5 5 5 5 5 5 5 5 5 5 5 5 5 5 5 5 5 5 5 5 5 5 5 5 5 5 5 5 5 5 5 5 5 5 5 5 5 5 5 5 5 5 5 5 5 5 5 5 5 5 5 5 9 9 9 9 9 9 9 9 9 9 9 9 9 9 9 9 9 9 9 9 9 9 9 9 9 9 9 9 9 9 9 9 9 9 9 9 9 9 9 9 9 9 9 9 9 9 9 9 9 9 9 9 9 9 9 9 9 9 9 5 5 5 5 5 5 5 5 5 5 5 5 5 5 5 5 5 5 5 5 9 9 9 9 9 9 9 9 9 9 9 9 9 9 9 9 9 9 9 9 9 9 9 9 9 9 9 9 9 9 9 9 9 9 9 9 9 9 9 9 9 9 9 9 9 9 9 9 9 9 9 9 9 9 9 9 9 9 9 9 9 9 9 9 9 9 9 9 9 9 9 9 9 9 9 9 9 9 9 9 9 9 9 9 9 9 9 9 9 9 9 9 9 9 9 9 9 9 9 9 9 9 9 9 9 9 9 9 9 9 9 9 9 9 9 9 9 9 9 9 9 9 9 9 9 9 9 9 9 9 9 9 9 9 9 9 9 9 9 9 9 9 9 9 9 9 9 9 9 9 9 9 9 9 9 9 9 9 9 9 9 9 9 9 9 9 9 9 9 9 9 9 9 9 9 9 9 9 9 9 9 9 9 9 9 9 9 9 9 9 9 9 9 9 9 9 9 9 9 9 9 9 9 9 9 9 9 9 9 9 9 9 9 9 9 9 9 9 9 9 9 9 9 9 9 9 9 9 9 9 9 9 9 9 9 9 9 9 9 9 9 9 9 9 9 9 9 9 9 9 9 9 9 9 9 9 9 9 9 9 9 9 9 9 9 9 9 9 9 9 9 9 9 9 9 9 9 9 9 9 9 9 9 9 9 9 9 9 9 9 9 9 9 9 9 9 9 9 9 9 9 9 9 9 9 9 9 9 9 9 9 9 9 9 9 9 9 9 9 9 9 9 9 9 9 9 9 9 9 9 9 9 9 9 9 9 9 9 9 9 9 9 9 9 9 9 9 9 9 9 9 9 9 9 9 9 9 9 9 9 9 9 9 9 9 9 9 9 9 9 9 9 9 9 9 9 9 9 9 9 9 9 9 9 9 9 9 9 9 9 9 9 9 9 9 9 9 9 9 9 9 9 9 9 9 9 9 9 9 9 9 9 9 9 9 9 9 9 9 9 9 9 9 9 9 9 9 9 9 9 9 9 9 9 9 9 9 9 9 9 9 9 9 9 9 9 9 9 9 9 9 9 9 9 9 9 9 9 9 9 9 9 9 9 9 9 9 9 9 9 9 9 9 9 9 9 9 9 9 9 9 9 9 9 9 9 9 9 9 9 9 9 9 9 9 9 9 9 9 9 9 9 9 9 9 9 9 9 9 9 9 9 9 9 9 9 9 9 9 9 9 9 9 9 9 9 9 9 9 9 9 9 9 9 9 9 9 9 9 9 9 9 9 9 9 9 9 9 9 9 9 9 9 9 9 9 9 9 9 9 9 9 9 9 9 9 9 9 9 9 9 9 9 9 9 9 9 9 9 9 9 9 9 9 9 9 9 9 9 9 9 9 9 9 9 9 9 9 9 9 9 9 9 9 9 9 9 9 9 9 9 9 9 9 9 9 9 9 9 9 9 9 9 9 9 9 9 9 9 9 9 9 9 9 9 9 9 9 9 9 9 9 9 9 9 9 9 9 9 9 9 0 0 0 0 0 0 0 0 0 0 0 0 0 0 0 0 0 0 0 0 0 0 0 0 0 0 0 0 0 0 0 0 0 0 0 0 0 0 0 0 0 0 0 0 0 0 0 0 0 0 0 0 0 0 0 0 0 0 0 0 0 0 0 0 0 0 0 0 0 0 0 0 0 0 0 0 0 0 0 0 0 0 0 0 0 0 0 0 0 0 0 0 0 0 0 0 0 0 0 0 0 0 0 0 0 0 0 0 0 0 0 0 0 0 0 0 0 0 0 0 0 0 0 0 0 0 0 0 0 0 0 0 0 0 0 0 0 0 0 0 0 0 0 0 0 0 0 0 0 0 0 0 0 0 0 0 0 0 0 0 0 0 0 0 0 0 0 0 0 0 0 0 0 0 9 9 9 9 9 0 0 0 0 0 0 0 0 0 0 0 0 0 0 0 0 0 0 0 0 0 0 0 0 0 0 0 0 0 0 0 0 0 0 0 0 0 0 0 0 0 0 0 0 0 0 0 0 0 0 0 0 0 0 0 0 0 0 0 0 0 0 0 0 0 0 0 0 0 0 0 0 0 0 0 0 0 0 0 0 0 0 0 0 0 0 0 0 0 0 0 0 0 0 0 0 0 0 0 0 0 0 0 0 0 0 0 0 0 0 0 0 0 0 0 0 0 0 0 0 0 0 0 0 0 0 0 0 0 0 0 0 0 0 0 0 0 0 0 0 0 0 0 0 0 0 0 0 0 0 0 0 0 0 0 0 0 0 0 0 0 0 0 0 0 0 0 0 0 0 0 0 0 0 0 0 0 0 0 0 0 0 0 0 0 0 0 0 0 0 0 0 0 0 0 0 0 0 0 0 0 0 0 0 0 0 0 0 0 0 0 0 0 0 0 0 0 0 0 0 0 0 0 0 0 0 0 0 0 0 0 0 0 0 0 0 0 0 0 0 0 0 0 0 0 0 0 0 0 0 0 0 0 0 0 0 0 0 0 0 0 0 0 0 0 0 0 0 0 0 0 0 0 0 0 0 0 0 0 0 0 0 0 0 0 0 0 0 0 0 0 0 0 0 0 0 0 0 0 0 0 0 0 0 0 0 0 0 0 0 0 0 0 0 0 0 0 0 0 0 0 0 0 0 0 0 0 0 0 0 0 0 0 0 0 0 0 0 0 0 0 0 0 0 0 0 0 0 0 0 0 0 0 0 0 0 0 0 0 0 0 0 0 0 0 0 0 0 0 0 0 0 0 0 0 0 0 0 0 0 0 0 0 0 0 0 0 0 0 0 0 0 0 0 0 0 0 0 0 0 0 0 0 0 0 0 0 0 0 0 0 0 0 0 0 0 0 0 0 9 9 9 9 9 9 9 9 9 9 9 9 9 9 9 9 9 9 9 9 9 9 9 9 9 9 9 9 9 9 9 9 9 9 9 9 9 9 9 9 9 9 9 9 9 9 9 9 9 9 9 9 9 9 9 9 9 9 9 9 9 9 9 9 9 9 9 9 9 9 9 9 9 9 9 9 9 9 9 9 9 9 9 9 9 9 9 9 9 9 9 9 9 9 9 9 9 9 9 9 9 9 9 9 9 9 9 9 9 9 9 9 9 9 9 9 9 9 9 9 9 9 9 9 9 9 9 9 9 9 9 9 9 9 9 9 9 9 9 9 9 9 9 9 9 9 9 9 9 9 9 9 9 9 9 9 9 9 9 9 9 9 9 9 9 9 9 9 9 9 9 9 9 9 9 9 9 9 9 9 9 9 9 9 9 9 9 9 9 9 9 9 9 9 9 9 9 9 9 9 9 9 9 9 9 9 9 9 9 9 9 9 9 9 9 9 9 9 9 9 9 9 9 9 9 9 9 9 9 9 9 9 9 9 9 9 9 9 9 9 9 9 9 9 9 9 9 9 9 9 9 9 9 9 9 9 9 9 9 9 9 9 9 9 9 9 9 9 9 9 9 9 9 9 9 9 9 9 9 9 9 9 9 9 9 9 9 9 9 9 9 9 9 9 9 9 9 9 9 9 9 9 9 9 9 9 9 9 9 9 9 
        </DataArray>
        <DataArray type="Int32" Name="Level" format="ascii">
4 4 4 4 4 4 4 4 4 4 4 4 4 4 4 4 4 4 4 4 4 4 4 4 4 4 4 4 4 4 4 4 4 4 4 4 4 4 4 4 4 4 4 4 4 4 4 4 4 4 4 4 4 4 4 4 4 4 4 4 4 4 4 4 4 4 4 4 4 4 4 4 4 4 4 4 4 4 4 4 4 4 4 4 4 4 4 4 4 4 4 4 4 4 4 4 4 4 4 4 4 4 4 4 4 4 4 4 4 4 4 4 4 4 4 4 4 4 4 4 4 4 4 4 4 4 4 4 4 4 4 4 4 4 4 4 4 4 4 4 4 4 4 4 4 4 4 4 4 4 4 4 4 4 4 4 4 4 4 4 4 4 4 4 4 4 4 4 4 4 4 4 4 4 4 4 4 4 4 4 4 4 4 4 4 4 4 4 4 4 4 4 4 4 4 4 3 3 4 4 4 4 4 4 4 4 4 4 4 4 4 4 4 4 4 4 4 4 4 4 4 4 4 4 4 4 4 4 4 4 4 4 4 4 4 4 4 4 4 4 4 4 4 4 4 4 4 4 4 4 4 4 4 4 4 4 4 4 4 4 4 4 4 4 4 4 4 4 4 4 4 4 4 4 4 4 4 4 4 4 4 4 4 4 4 4 4 4 4 4 4 4 4 4 4 4 4 4 4 4 4 4 3 3 4 4 4 4 4 4 4 4 4 4 4 4 4 4 4 4 4 4 4 4 4 4 4 4 4 4 4 4 4 4 4 4 4 4 4 4 4 4 4 4 4 4 4 4 4 4 4 4 4 4 4 4 4 4 4 4 4 4 4 4 4 4 4 4 4 4 4 4 4 4 4 4 4 4 4 4 4 4 4 4 4 4 4 4 4 4 4 4 4 4 4 4 4 4 4 4 4 4 4 4 4 4 4 4 4 4 4 4 4 4 4 4 4 4 4 4 4 4 4 4 4 4 4 4 4 4 4 4 4 4 4 4 4 4 4 4 4 4 4 4 4 4 4 4 4 4 4 4 4 4 4 4 4 4 4 4 4 4 4 4 4 4 4 4 4 4 4 4 4 4 4 4 4 4 4 4 4 4 4 4 4 4 4 4 4 4 4 4 4 4 4 4 4 4 4 4 4 4 4 4 4 4 4 4 4 4 4 4 4 4 4 4 4 4 4 4 4 4 4 4 4 4 4 4 4 4 4 4 4 4 4 4 4 4 4 4 4 4 4 4 4 4 4 4 4 4 4 4 4 4 4 4 4 4 4 4 4 4 4 4 4 4 4 4 4 4 4 4 4 4 4 4 4 4 4 4 4 4 4 4 4 4 4 4 4 4 4 4 4 4 4 4 4 4 4 4 4 4 4 4 4 4 4 4 4 4 4 4 4 4 4 4 4 4 4 4 4 4 4 4 4 4 4 4 4 4 4 4 4 4 4 4 4 4 4 4 4 4 4 4 4 4 4 4 4 4 4 4 4 4 4 4 4 4 4 4 4 4 4 4 4 4 4 4 4 4 4 4 4 4 4 4 4 4 4 4 4 4 4 4 4 4 4 4 4 4 4 4 4 4 4 4 4 4 4 4 4 4 4 4 4 4 4 4 4 4 4 4 4 4 4 4 4 4 4 4 4 4 4 4 4 4 4 4 4 4 4 4 4 4 4 4 4 4 4 4 4 4 4 4 4 4 4 4 4 4 4 4 4 4 4 4 4 4 4 4 4 4 4 4 4 4 4 4 4 4 4 4 4 4 4 4 4 4 4 4 4 4 4 4 4 4 4 4 4 4 4 4 4 4 4 4 4 4 4 4 4 4 4 4 4 4 4 4 4 4 4 4 4 4 4 4 4 4 4 4 4 4 4 4 4 4 4 4 4 4 4 4 4 4 4 4 4 4 4 4 4 4 4 4 4 4 4 4 4 4 4 4 4 4 4 4 4 4 4 4 4 4 4 4 4 4 4 4 4 4 4 4 4 4 4 4 4 4 4 4 4 4 4 4 4 4 4 4 4 4 4 4 4 4 4 4 4 4 4 4 4 4 4 4 4 4 4 4 4 4 4 4 4 4 4 4 4 4 4 4 4 4 4 4 4 4 4 4 4 4 4 4 4 4 4 4 4 4 4 4 4 4 4 4 4 4 4 4 4 4 4 4 4 4 4 4 4 4 4 4 4 4 4 4 4 4 4 4 4 4 4 4 4 4 4 4 4 4 4 4 4 4 4 4 4 4 4 4 4 4 4 4 4 4 4 4 4 4 4 4 4 4 4 4 4 4 4 4 4 4 4 4 4 4 4 4 4 4 4 4 4 4 4 4 4 4 4 4 4 4 4 4 4 4 4 4 4 4 4 4 4 4 4 4 4 4 4 4 4 4 4 4 4 4 4 4 4 4 4 4 4 4 4 4 4 4 4 4 4 4 4 4 4 4 4 4 4 4 4 4 4 4 4 4 4 4 4 4 4 4 4 4 4 4 4 4 4 4 4 4 4 4 4 4 4 4 4 4 4 4 4 4 4 4 4 4 4 4 4 4 4 4 4 4 4 4 4 4 4 4 4 4 4 4 4 4 4 4 4 4 4 4 4 4 4 4 4 4 4 4 4 4 4 4 4 4 4 4 4 4 4 4 4 4 4 4 4 4 4 4 4 4 4 4 4 4 4 4 4 4 4 4 4 4 4 4 4 4 4 4 4 4 4 4 4 4 4 4 4 4 4 4 4 4 4 4 4 4 4 4 4 4 4 4 4 4 4 4 4 4 4 4 4 4 4 4 4 4 4 4 4 4 4 4 4 4 4 4 4 4 4 4 4 4 4 4 4 4 4 4 4 4 4 4 4 4 4 4 4 4 4 4 4 4 4 4 4 4 4 4 4 4 4 4 4 4 4 4 4 4 4 4 4 4 4 4 4 4 4 4 4 4 4 4 4 4 4 4 4 4 4 4 4 4 4 4 4 4 4 4 4 4 4 4 4 4 4 4 4 4 4 4 4 4 4 4 4 4 4 4 4 4 4 4 4 4 4 4 4 4 4 4 4 4 4 4 4 4 4 4 4 4 4 4 4 4 4 4 4 4 4 4 4 4 4 4 4 4 4 4 4 4 4 4 4 4 4 4 4 4 4 4 4 4 4 4 4 4 4 4 4 4 4 4 4 4 4 4 4 4 4 4 4 4 4 4 4 4 4 4 4 4 4 4 4 4 4 4 4 4 4 4 4 4 4 4 4 4 4 4 4 4 4 4 4 4 4 4 4 4 4 4 4 4 4 4 4 4 4 4 4 4 4 4 4 4 4 4 4 4 4 4 4 4 4 4 4 4 4 4 4 4 4 4 4 4 4 4 4 4 4 4 4 4 4 4 4 4 4 4 4 4 4 4 4 4 4 4 4 4 4 4 4 4 4 4 4 4 4 4 4 4 4 4 4 4 4 4 4 4 4 4 4 4 4 4 4 4 4 4 4 4 4 4 4 4 4 4 4 4 4 4 4 4 4 4 4 4 4 4 4 4 4 4 4 4 4 4 4 4 4 4 4 4 4 4 4 4 4 4 4 4 4 4 4 4 4 4 4 4 4 4 4 4 4 4 4 4 4 4 4 4 4 4 4 4 4 4 4 4 4 4 4 4 4 4 4 4 4 4 4 4 4 4 4 4 4 4 4 4 4 4 4 4 4 4 4 4 4 4 4 4 4 4 4 4 4 4 4 4 4 4 4 4 4 4 4 4 4 4 4 4 4 4 4 4 4 4 4 4 4 4 4 4 4 4 4 4 4 4 4 4 4 4 4 4 4 4 4 4 4 4 4 4 4 4 4 4 4 4 4 4 4 4 4 4 4 4 4 4 4 4 4 4 4 4 4 4 4 4 4 4 4 4 4 4 4 4 4 4 4 4 4 4 4 4 4 4 4 4 4 4 4 4 4 4 4 4 4 4 4 4 4 4 4 4 4 4 4 4 4 4 4 4 4 4 4 4 4 4 4 4 4 4 4 4 4 4 4 4 4 4 4 4 4 4 4 4 4 4 4 4 4 4 4 4 4 4 4 4 4 4 4 4 4 4 4 4 4 4 4 4 4 4 4 4 4 4 4 4 4 4 4 4 4 4 4 4 4 4 4 4 4 4 4 4 4 4 4 4 4 4 4 4 4 4 4 4 4 4 4 4 4 4 4 4 4 4 4 4 4 4 4 4 4 4 4 4 4 4 4 4 4 4 4 4 4 4 4 4 4 4 4 4 4 4 4 4 4 4 4 4 4 4 4 4 4 4 4 4 4 4 4 4 4 4 4 4 4 4 4 4 4 4 4 4 4 4 4 4 4 4 4 4 4 4 4 4 4 4 4 4 4 4 4 4 4 4 4 4 4 4 4 4 4 4 4 4 4 4 4 4 4 4 4 4 4 4 4 4 4 4 4 4 4 4 4 4 4 4 4 4 4 4 4 4 4 4 4 4 4 4 4 4 4 4 4 4 4 4 4 4 4 4 4 4 4 4 4 4 4 4 4 4 4 4 4 4 4 4 
        </DataArray>
        <DataArray type="Int32" Name="N_Interp_IP0" format="ascii">
4 4 4 4 4 4 4 4 4 4 4 4 4 4 4 4 4 4 4 4 4 4 4 4 4 4 4 4 4 4 4 4 4 4 4 4 4 4 4 4 4 4 4 4 4 4 4 4 4 4 4 4 4 4 4 4 4 4 4 4 4 4 4 4 4 4 4 4 4 4 4 4 4 4 4 4 4 4 4 4 4 4 4 4 4 4 4 4 4 4 4 4 4 4 4 4 4 4 4 4 4 4 4 4 4 4 4 4 4 4 4 4 4 4 4 4 4 4 4 4 4 4 4 4 4 4 4 4 4 4 4 4 4 4 4 4 4 4 4 4 4 4 4 4 4 4 4 4 4 4 4 4 4 4 4 4 4 4 4 4 4 4 4 4 4 4 4 4 4 4 4 4 4 4 4 4 4 4 4 4 4 4 4 4 4 4 4 4 4 4 4 4 4 4 4 4 4 4 4 4 4 4 4 4 4 4 4 4 4 4 4 4 4 4 4 4 4 4 4 4 4 4 4 4 4 4 4 4 4 4 4 4 4 4 4 4 4 4 4 4 4 4 4 4 4 4 4 4 4 4 4 4 4 4 4 4 4 4 4 4 4 4 4 4 4 4 4 4 4 4 4 4 4 4 4 4 4 4 4 4 4 4 4 4 4 4 4 4 4 4 4 4 4 4 4 4 4 4 4 4 4 4 4 4 4 4 4 4 4 4 4 4 4 4 4 4 4 4 4 4 4 4 4 4 4 4 4 4 4 4 4 4 4 4 4 4 4 4 4 4 4 4 4 4 4 4 4 4 4 4 4 4 4 4 4 4 4 4 4 4 4 4 4 4 4 4 4 4 4 4 4 4 4 4 4 4 4 4 4 4 4 4 4 4 4 4 4 4 4 4 4 4 4 4 4 4 4 4 4 4 4 4 4 4 4 4 4 4 4 4 4 4 4 4 4 4 4 4 4 4 4 4 4 4 4 4 4 4 4 4 4 4 4 4 4 4 4 4 4 4 4 4 4 4 4 4 4 4 4 4 4 4 4 4 4 4 4 4 4 4 4 4 4 4 4 4 4 4 4 4 4 4 4 4 4 4 4 4 4 4 4 4 4 4 4 4 4 4 4 4 4 4 4 4 4 4 4 4 4 4 4 4 4 4 4 4 4 4 4 4 4 4 4 4 4 4 4 4 4 4 4 4 4 4 4 4 4 4 4 4 4 4 4 4 4 4 4 4 4 4 4 4 4 4 4 4 4 4 4 4 4 4 4 4 4 4 4 4 4 4 4 4 4 4 4 4 4 4 4 4 4 4 4 4 4 4 4 4 4 4 4 4 4 4 4 4 4 4 4 4 4 4 4 4 4 4 4 4 4 4 4 4 4 4 4 4 4 4 4 4 4 4 4 4 4 4 4 4 4 4 4 4 4 4 4 4 4 4 4 4 4 4 4 4 4 4 4 4 4 4 4 4 4 4 4 4 4 4 4 4 4 4 4 4 4 4 4 4 4 4 4 4 4 4 4 4 4 4 4 4 4 4 4 4 4 4 4 4 4 4 4 4 4 4 4 4 4 4 4 4 4 4 4 4 4 4 4 4 4 4 4 4 4 4 4 4 4 4 4 4 4 4 4 4 4 4 4 4 4 4 4 4 4 4 4 4 4 4 4 4 4 4 4 4 4 4 4 4 4 4 4 4 4 4 4 4 4 4 4 4 4 4 4 4 4 4 4 4 4 4 4 4 4 4 4 4 4 4 4 4 4 4 4 4 4 4 4 4 4 4 4 4 4 4 4 4 4 4 4 4 4 4 4 4 4 4 4 4 4 4 4 4 4 4 4 4 4 4 4 4 4 4 4 4 4 4 4 4 4 4 4 4 4 4 4 4 4 4 4 4 4 4 4 4 4 4 4 4 4 4 4 4 4 4 4 4 4 4 4 4 4 4 4 4 4 4 4 4 4 4 4 4 4 4 4 4 4 4 4 4 4 4 4 4 4 4 4 4 4 4 4 4 4 4 4 4 4 4 4 4 4 4 4 4 4 4 4 4 4 4 4 4 4 4 4 4 4 4 4 4 4 4 4 4 4 4 4 4 4 4 4 4 4 4 4 4 4 4 4 4 4 4 4 4 4 4 4 4 4 4 4 4 4 4 4 4 4 4 4 4 4 4 4 4 4 4 4 4 4 4 4 4 4 4 4 4 4 4 4 4 4 4 4 4 4 4 4 4 4 4 4 4 4 4 4 4 4 4 4 4 4 4 4 4 4 4 4 4 4 4 4 4 4 4 4 4 4 4 4 4 4 4 4 4 4 4 4 4 4 4 4 4 4 4 4 4 4 4 4 4 4 4 4 4 4 4 4 4 4 4 4 4 4 4 4 4 4 4 4 4 4 4 4 4 4 4 4 4 4 4 4 4 4 4 4 4 4 4 4 4 4 4 4 4 4 4 4 4 4 4 4 4 4 4 4 4 4 4 4 4 4 4 4 4 4 4 4 4 4 4 4 4 4 4 4 4 4 4 4 4 4 4 4 4 4 4 4 4 4 4 4 4 4 4 4 4 4 4 4 4 4 4 4 4 4 4 4 4 4 4 4 4 4 4 4 4 4 4 4 4 4 4 4 4 4 4 4 4 4 4 4 4 4 4 4 4 4 4 4 4 4 4 4 4 4 4 4 4 4 4 4 4 4 4 4 4 4 4 4 4 4 4 4 4 4 4 4 4 4 4 4 4 4 4 4 4 4 4 4 4 4 4 4 4 4 4 4 4 4 4 4 4 4 4 4 4 4 4 4 4 4 4 4 4 4 4 4 4 4 4 4 4 4 4 4 4 4 4 4 4 4 4 4 4 4 4 4 4 4 4 4 4 4 4 4 4 4 4 4 4 4 4 4 4 4 4 4 4 4 4 4 4 4 4 4 4 4 4 4 4 4 4 4 4 4 4 4 4 4 4 4 4 4 4 4 4 4 4 4 4 4 4 4 4 4 4 4 4 4 4 4 4 4 4 4 4 4 4 4 4 4 4 4 4 4 4 4 4 4 4 4 4 4 4 4 4 4 4 4 4 4 4 4 4 4 4 4 4 4 4 4 4 4 4 4 4 4 4 4 4 4 4 4 4 4 4 4 4 4 4 4 4 4 4 4 4 4 4 4 4 4 4 4 4 4 4 4 4 4 4 4 4 4 4 4 4 4 4 4 4 4 4 4 4 4 4 4 4 4 4 4 4 4 4 4 4 4 4 4 4 4 4 4 4 4 4 4 4 4 4 4 4 4 4 4 4 4 4 4 4 4 4 4 4 4 4 4 4 4 4 4 4 4 4 4 4 4 4 4 4 4 4 4 4 4 4 4 4 4 4 4 4 4 4 4 4 4 4 4 4 4 4 4 4 4 4 4 4 4 4 4 4 4 4 4 4 4 4 4 4 4 4 4 4 4 4 4 4 4 4 4 4 4 4 4 4 4 4 4 4 4 4 4 4 4 4 4 4 4 4 4 4 4 4 4 4 4 4 4 4 4 4 4 4 4 4 4 4 4 4 4 4 4 4 4 4 4 4 4 4 4 4 4 4 4 4 4 4 4 4 4 4 4 4 4 4 4 4 4 4 4 4 4 4 4 4 4 4 4 4 4 4 4 4 4 4 4 4 4 4 4 4 4 4 4 4 4 4 4 4 4 4 4 4 4 4 4 4 4 4 4 4 4 4 4 4 4 4 4 4 4 4 4 4 4 4 4 4 4 4 4 4 4 4 4 4 4 4 4 4 4 4 4 4 4 4 4 4 4 4 4 4 4 4 4 4 4 4 4 4 4 4 4 4 4 4 4 4 4 4 4 4 4 4 4 4 4 4 4 4 4 4 4 4 4 4 4 4 4 4 4 4 4 4 4 4 4 4 4 4 4 4 4 4 4 4 4 4 4 4 4 4 4 4 4 4 4 4 4 4 4 4 4 4 4 4 4 4 4 4 4 4 4 4 4 4 4 4 4 4 4 4 4 4 4 4 4 4 4 4 4 4 4 4 4 4 4 4 4 4 4 4 4 4 4 4 4 4 4 4 4 4 4 4 4 4 4 4 4 4 4 4 4 4 4 4 4 4 4 4 4 4 4 4 4 4 4 4 4 4 4 4 4 4 4 4 4 4 4 4 4 4 4 4 4 4 4 4 4 4 4 4 4 4 4 4 4 4 4 4 4 4 4 4 4 4 4 4 4 4 4 4 4 4 4 4 4 4 4 4 4 4 4 4 4 4 4 4 4 4 4 4 4 4 4 4 4 4 4 4 4 4 4 4 4 4 4 4 4 4 4 4 4 4 4 4 4 4 4 4 4 4 4 4 4 4 4 4 4 4 4 4 4 4 4 4 4 4 4 4 4 4 4 4 4 4 4 4 4 4 4 4 4 4 4 4 4 4 4 4 4 4 4 4 4 4 4 4 4 4 4 4 4 4 4 4 4 4 4 4 4 4 4 4 4 4 4 4 4 4 4 4 4 4 4 4 4 4 4 4 4 4 4 4 4 4 4 4 4 4 
        </DataArray>
      </CellData>
    </Piece>
  </PolyData>
</VTKFile>
