<?xml version="1.0"?>
<VTKFile type="PolyData" version="1.0" byte_order="LittleEndian" header_type="UInt64">
  <PolyData>
    <Piece NumberOfPoints="2000" NumberOfPolys="2000">
      <Points>
        <DataArray type="Float64" Name="Points" NumberOfComponents="3" format="ascii">
-0.2 0.6 0.0 -0.200001 0.600314 0.0 -0.200002 0.600628 0.0 -0.200005 0.600942 0.0 -0.200008 0.601257 0.0 -0.200013 0.601571 0.0 -0.200018 0.601885 0.0 -0.200025 0.602199 0.0 -0.200032 0.602513 0.0 -0.20004 0.602827 0.0 -0.200049 0.603141 0.0 -0.20006 0.603455 0.0 -0.200071 0.603769 0.0 -0.200084 0.604083 0.0 -0.200097 0.604397 0.0 -0.200112 0.604711 0.0 -0.200126 0.605024 0.0 -0.200143 0.605338 0.0 -0.20016 0.605652 0.0 -0.200179 0.605965 0.0 -0.200197 0.606279 0.0 -0.200218 0.606593 0.0 -0.200239 0.606906 0.0 -0.200261 0.607219 0.0 -0.200284 0.607533 0.0 -0.200309 0.607846 0.0 -0.200333 0.608159 0.0 -0.20036 0.608472 0.0 -0.200387 0.608785 0.0 -0.200415 0.609098 0.0 -0.200444 0.609411 0.0 -0.200474 0.609724 0.0 -0.200505 0.610036 0.0 -0.200537 0.610349 0.0 -0.20057 0.610661 0.0 -0.200604 0.610973 0.0 -0.200639 0.611286 0.0 -0.200675 0.611598 0.0 -0.200712 0.61191 0.0 -0.20075 0.612222 0.0 -0.200789 0.612533 0.0 -0.200829 0.612845 0.0 -0.200869 0.613156 0.0 -0.200912 0.613468 0.0 -0.200954 0.613779 0.0 -0.200998 0.61409 0.0 -0.201042 0.614401 0.0 -0.201089 0.614712 0.0 -0.201135 0.615023 0.0 -0.201183 0.615333 0.0 -0.201231 0.615643 0.0 -0.201281 0.615954 0.0 -0.201331 0.616264 0.0 -0.201383 0.616574 0.0 -0.201436 0.616883 0.0 -0.20149 0.617193 0.0 -0.201544 0.617502 0.0 -0.2016 0.617811 0.0 -0.201655 0.618121 0.0 -0.201713 0.618429 0.0 -0.201771 0.618738 0.0 -0.201831 0.619047 0.0 -0.201891 0.619355 0.0 -0.201953 0.619663 0.0 -0.202014 0.619971 0.0 -0.202078 0.620279 0.0 -0.202142 0.620586 0.0 -0.202208 0.620893 0.0 -0.202273 0.621201 0.0 -0.202341 0.621508 0.0 -0.202408 0.621814 0.0 -0.202478 0.622121 0.0 -0.202547 0.622427 0.0 -0.202619 0.622733 0.0 -0.20269 0.623039 0.0 -0.202763 0.623344 0.0 -0.202837 0.62365 0.0 -0.202912 0.623955 0.0 -0.202987 0.62426 0.0 -0.203065 0.624564 0.0 -0.203142 0.624869 0.0 -0.203221 0.625173 0.0 -0.2033 0.625477 0.0 -0.203381 0.625781 0.0 -0.203462 0.626084 0.0 -0.203545 0.626387 0.0 -0.203628 0.62669 0.0 -0.203712 0.626993 0.0 -0.203797 0.627295 0.0 -0.203884 0.627597 0.0 -0.203971 0.627899 0.0 -0.204059 0.628201 0.0 -0.204148 0.628502 0.0 -0.204238 0.628803 0.0 -0.204329 0.629104 0.0 -0.204421 0.629404 0.0 -0.204514 0.629704 0.0 -0.204608 0.630004 0.0 -0.204702 0.630304 0.0 -0.204798 0.630603 0.0 -0.204894 0.630902 0.0 -0.204992 0.6312 0.0 -0.20509 0.631499 0.0 -0.20519 0.631797 0.0 -0.20529 0.632094 0.0 -0.205392 0.632392 0.0 -0.205494 0.632689 0.0 -0.205597 0.632985 0.0 -0.205701 0.633282 0.0 -0.205806 0.633578 0.0 -0.205912 0.633874 0.0 -0.206019 0.634169 0.0 -0.206127 0.634464 0.0 -0.206236 0.634759 0.0 -0.206345 0.635053 0.0 -0.206456 0.635347 0.0 -0.206567 0.635641 0.0 -0.20668 0.635934 0.0 -0.206793 0.636228 0.0 -0.206908 0.63652 0.0 -0.207022 0.636812 0.0 -0.207139 0.637104 0.0 -0.207255 0.637396 0.0 -0.207374 0.637687 0.0 -0.207492 0.637978 0.0 -0.207613 0.638268 0.0 -0.207733 0.638558 0.0 -0.207855 0.638848 0.0 -0.207977 0.639137 0.0 -0.208101 0.639426 0.0 -0.208225 0.639715 0.0 -0.20835 0.640003 0.0 -0.208476 0.640291 0.0 -0.208603 0.640578 0.0 -0.208731 0.640865 0.0 -0.20886 0.641151 0.0 -0.208989 0.641438 0.0 -0.20912 0.641723 0.0 -0.209252 0.642009 0.0 -0.209384 0.642293 0.0 -0.209517 0.642578 0.0 -0.209652 0.642862 0.0 -0.209787 0.643146 0.0 -0.209923 0.643429 0.0 -0.210059 0.643712 0.0 -0.210198 0.643994 0.0 -0.210336 0.644276 0.0 -0.210476 0.644557 0.0 -0.210616 0.644838 0.0 -0.210758 0.645119 0.0 -0.210899 0.645399 0.0 -0.211043 0.645679 0.0 -0.211186 0.645958 0.0 -0.211332 0.646237 0.0 -0.211477 0.646515 0.0 -0.211624 0.646793 0.0 -0.211771 0.64707 0.0 -0.21192 0.647347 0.0 -0.212068 0.647624 0.0 -0.212219 0.6479 0.0 -0.212369 0.648175 0.0 -0.212522 0.64845 0.0 -0.212674 0.648725 0.0 -0.212828 0.648999 0.0 -0.212982 0.649273 0.0 -0.213137 0.649546 0.0 -0.213293 0.649819 0.0 -0.21345 0.65009 0.0 -0.213608 0.650362 0.0 -0.213767 0.650633 0.0 -0.213926 0.650904 0.0 -0.214087 0.651174 0.0 -0.214247 0.651444 0.0 -0.21441 0.651713 0.0 -0.214572 0.651982 0.0 -0.214736 0.65225 0.0 -0.214901 0.652517 0.0 -0.215066 0.652784 0.0 -0.215232 0.653051 0.0 -0.2154 0.653317 0.0 -0.215567 0.653583 0.0 -0.215736 0.653847 0.0 -0.215906 0.654112 0.0 -0.216076 0.654376 0.0 -0.216247 0.654639 0.0 -0.21642 0.654902 0.0 -0.216592 0.655165 0.0 -0.216766 0.655426 0.0 -0.21694 0.655688 0.0 -0.217116 0.655948 0.0 -0.217292 0.656208 0.0 -0.217469 0.656468 0.0 -0.217647 0.656727 0.0 -0.217826 0.656985 0.0 -0.218005 0.657243 0.0 -0.218185 0.6575 0.0 -0.218366 0.657757 0.0 -0.218548 0.658013 0.0 -0.218731 0.658269 0.0 -0.218914 0.658524 0.0 -0.219098 0.658779 0.0 -0.219284 0.659032 0.0 -0.219469 0.659286 0.0 -0.219656 0.659538 0.0 -0.219843 0.65979 0.0 -0.220032 0.660042 0.0 -0.220221 0.660293 0.0 -0.220411 0.660543 0.0 -0.220601 0.660793 0.0 -0.220793 0.661042 0.0 -0.220984 0.661291 0.0 -0.221178 0.661538 0.0 -0.221371 0.661786 0.0 -0.221566 0.662032 0.0 -0.221761 0.662279 0.0 -0.221957 0.662524 0.0 -0.222154 0.662769 0.0 -0.222352 0.663013 0.0 -0.22255 0.663257 0.0 -0.222749 0.6635 0.0 -0.222949 0.663742 0.0 -0.22315 0.663984 0.0 -0.223351 0.664225 0.0 -0.223553 0.664465 0.0 -0.223756 0.664706 0.0 -0.22396 0.664944 0.0 -0.224164 0.665183 0.0 -0.224369 0.665421 0.0 -0.224575 0.665659 0.0 -0.224782 0.665895 0.0 -0.224989 0.666131 0.0 -0.225197 0.666366 0.0 -0.225406 0.666601 0.0 -0.225616 0.666835 0.0 -0.225826 0.667069 0.0 -0.226037 0.667301 0.0 -0.226249 0.667533 0.0 -0.226462 0.667764 0.0 -0.226674 0.667995 0.0 -0.226889 0.668225 0.0 -0.227103 0.668455 0.0 -0.227319 0.668683 0.0 -0.227535 0.668911 0.0 -0.227752 0.669138 0.0 -0.227969 0.669365 0.0 -0.228188 0.669591 0.0 -0.228406 0.669817 0.0 -0.228626 0.670041 0.0 -0.228846 0.670265 0.0 -0.229068 0.670488 0.0 -0.229289 0.670711 0.0 -0.229512 0.670932 0.0 -0.229735 0.671154 0.0 -0.229959 0.671374 0.0 -0.230183 0.671594 0.0 -0.230409 0.671812 0.0 -0.230635 0.672031 0.0 -0.230862 0.672248 0.0 -0.231089 0.672465 0.0 -0.231317 0.672681 0.0 -0.231545 0.672897 0.0 -0.231775 0.673111 0.0 -0.232005 0.673326 0.0 -0.232236 0.673538 0.0 -0.232467 0.673751 0.0 -0.232699 0.673963 0.0 -0.232931 0.674174 0.0 -0.233165 0.674384 0.0 -0.233399 0.674594 0.0 -0.233634 0.674803 0.0 -0.233869 0.675011 0.0 -0.234105 0.675218 0.0 -0.234341 0.675425 0.0 -0.234579 0.675631 0.0 -0.234817 0.675836 0.0 -0.235056 0.67604 0.0 -0.235294 0.676244 0.0 -0.235535 0.676447 0.0 -0.235775 0.676649 0.0 -0.236016 0.67685 0.0 -0.236258 0.677051 0.0 -0.2365 0.677251 0.0 -0.236743 0.67745 0.0 -0.236987 0.677648 0.0 -0.237231 0.677846 0.0 -0.237476 0.678043 0.0 -0.237721 0.678239 0.0 -0.237968 0.678434 0.0 -0.238214 0.678629 0.0 -0.238462 0.678822 0.0 -0.238709 0.679016 0.0 -0.238958 0.679207 0.0 -0.239207 0.679399 0.0 -0.239457 0.679589 0.0 -0.239707 0.679779 0.0 -0.239958 0.679968 0.0 -0.24021 0.680157 0.0 -0.240462 0.680344 0.0 -0.240714 0.680531 0.0 -0.240968 0.680716 0.0 -0.241221 0.680902 0.0 -0.241476 0.681086 0.0 -0.241731 0.681269 0.0 -0.241987 0.681452 0.0 -0.242243 0.681634 0.0 -0.2425 0.681815 0.0 -0.242757 0.681995 0.0 -0.243015 0.682174 0.0 -0.243273 0.682353 0.0 -0.243532 0.682531 0.0 -0.243792 0.682708 0.0 -0.244052 0.682884 0.0 -0.244312 0.68306 0.0 -0.244574 0.683234 0.0 -0.244835 0.683408 0.0 -0.245098 0.68358 0.0 -0.245361 0.683753 0.0 -0.245624 0.683924 0.0 -0.245888 0.684094 0.0 -0.246153 0.684264 0.0 -0.246417 0.684433 0.0 -0.246683 0.6846 0.0 -0.246949 0.684768 0.0 -0.247216 0.684934 0.0 -0.247483 0.685099 0.0 -0.24775 0.685264 0.0 -0.248018 0.685428 0.0 -0.248287 0.68559 0.0 -0.248556 0.685753 0.0 -0.248826 0.685913 0.0 -0.249096 0.686074 0.0 -0.249367 0.686233 0.0 -0.249638 0.686392 0.0 -0.24991 0.68655 0.0 -0.250181 0.686707 0.0 -0.250454 0.686863 0.0 -0.250727 0.687018 0.0 -0.251001 0.687172 0.0 -0.251275 0.687326 0.0 -0.25155 0.687478 0.0 -0.251825 0.687631 0.0 -0.2521 0.687781 0.0 -0.252376 0.687932 0.0 -0.252653 0.68808 0.0 -0.25293 0.688229 0.0 -0.253207 0.688376 0.0 -0.253485 0.688523 0.0 -0.253763 0.688668 0.0 -0.254042 0.688814 0.0 -0.254321 0.688957 0.0 -0.254601 0.689101 0.0 -0.254881 0.689242 0.0 -0.255162 0.689384 0.0 -0.255443 0.689524 0.0 -0.255724 0.689664 0.0 -0.256006 0.689802 0.0 -0.256288 0.689941 0.0 -0.256571 0.690077 0.0 -0.256854 0.690213 0.0 -0.257138 0.690348 0.0 -0.257422 0.690483 0.0 -0.257707 0.690616 0.0 -0.257991 0.690748 0.0 -0.258277 0.69088 0.0 -0.258562 0.691011 0.0 -0.258849 0.69114 0.0 -0.259135 0.691269 0.0 -0.259422 0.691397 0.0 -0.259709 0.691524 0.0 -0.259997 0.69165 0.0 -0.260285 0.691775 0.0 -0.260574 0.691899 0.0 -0.260863 0.692023 0.0 -0.261152 0.692145 0.0 -0.261442 0.692267 0.0 -0.261732 0.692387 0.0 -0.262022 0.692508 0.0 -0.262313 0.692626 0.0 -0.262604 0.692745 0.0 -0.262896 0.692861 0.0 -0.263188 0.692978 0.0 -0.26348 0.693092 0.0 -0.263772 0.693207 0.0 -0.264066 0.69332 0.0 -0.264359 0.693433 0.0 -0.264653 0.693544 0.0 -0.264947 0.693655 0.0 -0.265241 0.693764 0.0 -0.265536 0.693873 0.0 -0.265831 0.693981 0.0 -0.266126 0.694088 0.0 -0.266422 0.694194 0.0 -0.266718 0.694299 0.0 -0.267015 0.694403 0.0 -0.267311 0.694506 0.0 -0.267608 0.694608 0.0 -0.267906 0.69471 0.0 -0.268203 0.69481 0.0 -0.268501 0.69491 0.0 -0.2688 0.695008 0.0 -0.269098 0.695106 0.0 -0.269397 0.695202 0.0 -0.269696 0.695298 0.0 -0.269996 0.695392 0.0 -0.270296 0.695486 0.0 -0.270596 0.695579 0.0 -0.270896 0.695671 0.0 -0.271197 0.695762 0.0 -0.271498 0.695852 0.0 -0.271799 0.695941 0.0 -0.272101 0.696029 0.0 -0.272403 0.696116 0.0 -0.272705 0.696203 0.0 -0.273007 0.696288 0.0 -0.27331 0.696372 0.0 -0.273613 0.696455 0.0 -0.273916 0.696538 0.0 -0.274219 0.696619 0.0 -0.274523 0.6967 0.0 -0.274827 0.696779 0.0 -0.275131 0.696858 0.0 -0.275436 0.696935 0.0 -0.27574 0.697013 0.0 -0.276045 0.697088 0.0 -0.27635 0.697163 0.0 -0.276656 0.697237 0.0 -0.276961 0.69731 0.0 -0.277267 0.697381 0.0 -0.277573 0.697453 0.0 -0.277879 0.697522 0.0 -0.278186 0.697592 0.0 -0.278492 0.697659 0.0 -0.278799 0.697727 0.0 -0.279107 0.697792 0.0 -0.279414 0.697858 0.0 -0.279721 0.697922 0.0 -0.280029 0.697986 0.0 -0.280337 0.698047 0.0 -0.280645 0.698109 0.0 -0.280953 0.698169 0.0 -0.281262 0.698229 0.0 -0.281571 0.698287 0.0 -0.281879 0.698345 0.0 -0.282189 0.6984 0.0 -0.282498 0.698456 0.0 -0.282807 0.69851 0.0 -0.283117 0.698564 0.0 -0.283426 0.698617 0.0 -0.283736 0.698669 0.0 -0.284046 0.698719 0.0 -0.284357 0.698769 0.0 -0.284667 0.698817 0.0 -0.284977 0.698865 0.0 -0.285288 0.698911 0.0 -0.285599 0.698958 0.0 -0.28591 0.699002 0.0 -0.286221 0.699046 0.0 -0.286532 0.699088 0.0 -0.286844 0.699131 0.0 -0.287155 0.699171 0.0 -0.287467 0.699211 0.0 -0.287778 0.69925 0.0 -0.28809 0.699288 0.0 -0.288402 0.699325 0.0 -0.288714 0.699361 0.0 -0.289027 0.699396 0.0 -0.289339 0.69943 0.0 -0.289651 0.699463 0.0 -0.289964 0.699495 0.0 -0.290276 0.699526 0.0 -0.290589 0.699556 0.0 -0.290902 0.699585 0.0 -0.291215 0.699613 0.0 -0.291528 0.69964 0.0 -0.291841 0.699667 0.0 -0.292154 0.699691 0.0 -0.292467 0.699716 0.0 -0.292781 0.699739 0.0 -0.293094 0.699761 0.0 -0.293407 0.699782 0.0 -0.293721 0.699803 0.0 -0.294035 0.699821 0.0 -0.294348 0.69984 0.0 -0.294662 0.699857 0.0 -0.294976 0.699874 0.0 -0.295289 0.699888 0.0 -0.295603 0.699903 0.0 -0.295917 0.699916 0.0 -0.296231 0.699929 0.0 -0.296545 0.69994 0.0 -0.296859 0.699951 0.0 -0.297173 0.69996 0.0 -0.297487 0.699968 0.0 -0.297801 0.699975 0.0 -0.298115 0.699982 0.0 -0.298429 0.699987 0.0 -0.298743 0.699992 0.0 -0.299058 0.699995 0.0 -0.299372 0.699998 0.0 -0.299686 0.699999 0.0 -0.3 0.7 0.0 -0.300314 0.699999 0.0 -0.300628 0.699998 0.0 -0.300942 0.699995 0.0 -0.301257 0.699992 0.0 -0.301571 0.699987 0.0 -0.301885 0.699982 0.0 -0.302199 0.699975 0.0 -0.302513 0.699968 0.0 -0.302827 0.69996 0.0 -0.303141 0.699951 0.0 -0.303455 0.69994 0.0 -0.303769 0.699929 0.0 -0.304083 0.699916 0.0 -0.304397 0.699903 0.0 -0.304711 0.699888 0.0 -0.305024 0.699874 0.0 -0.305338 0.699857 0.0 -0.305652 0.69984 0.0 -0.305965 0.699821 0.0 -0.306279 0.699803 0.0 -0.306593 0.699782 0.0 -0.306906 0.699761 0.0 -0.307219 0.699739 0.0 -0.307533 0.699716 0.0 -0.307846 0.699691 0.0 -0.308159 0.699667 0.0 -0.308472 0.69964 0.0 -0.308785 0.699613 0.0 -0.309098 0.699585 0.0 -0.309411 0.699556 0.0 -0.309724 0.699526 0.0 -0.310036 0.699495 0.0 -0.310349 0.699463 0.0 -0.310661 0.69943 0.0 -0.310973 0.699396 0.0 -0.311286 0.699361 0.0 -0.311598 0.699325 0.0 -0.31191 0.699288 0.0 -0.312222 0.69925 0.0 -0.312533 0.699211 0.0 -0.312845 0.699171 0.0 -0.313156 0.699131 0.0 -0.313468 0.699088 0.0 -0.313779 0.699046 0.0 -0.31409 0.699002 0.0 -0.314401 0.698958 0.0 -0.314712 0.698911 0.0 -0.315023 0.698865 0.0 -0.315333 0.698817 0.0 -0.315643 0.698769 0.0 -0.315954 0.698719 0.0 -0.316264 0.698669 0.0 -0.316574 0.698617 0.0 -0.316883 0.698564 0.0 -0.317193 0.69851 0.0 -0.317502 0.698456 0.0 -0.317811 0.6984 0.0 -0.318121 0.698345 0.0 -0.318429 0.698287 0.0 -0.318738 0.698229 0.0 -0.319047 0.698169 0.0 -0.319355 0.698109 0.0 -0.319663 0.698047 0.0 -0.319971 0.697986 0.0 -0.320279 0.697922 0.0 -0.320586 0.697858 0.0 -0.320893 0.697792 0.0 -0.321201 0.697727 0.0 -0.321508 0.697659 0.0 -0.321814 0.697592 0.0 -0.322121 0.697522 0.0 -0.322427 0.697453 0.0 -0.322733 0.697381 0.0 -0.323039 0.69731 0.0 -0.323344 0.697237 0.0 -0.32365 0.697163 0.0 -0.323955 0.697088 0.0 -0.32426 0.697013 0.0 -0.324564 0.696935 0.0 -0.324869 0.696858 0.0 -0.325173 0.696779 0.0 -0.325477 0.6967 0.0 -0.325781 0.696619 0.0 -0.326084 0.696538 0.0 -0.326387 0.696455 0.0 -0.32669 0.696372 0.0 -0.326993 0.696288 0.0 -0.327295 0.696203 0.0 -0.327597 0.696116 0.0 -0.327899 0.696029 0.0 -0.328201 0.695941 0.0 -0.328502 0.695852 0.0 -0.328803 0.695762 0.0 -0.329104 0.695671 0.0 -0.329404 0.695579 0.0 -0.329704 0.695486 0.0 -0.330004 0.695392 0.0 -0.330304 0.695298 0.0 -0.330603 0.695202 0.0 -0.330902 0.695106 0.0 -0.3312 0.695008 0.0 -0.331499 0.69491 0.0 -0.331797 0.69481 0.0 -0.332094 0.69471 0.0 -0.332392 0.694608 0.0 -0.332689 0.694506 0.0 -0.332985 0.694403 0.0 -0.333282 0.694299 0.0 -0.333578 0.694194 0.0 -0.333874 0.694088 0.0 -0.334169 0.693981 0.0 -0.334464 0.693873 0.0 -0.334759 0.693764 0.0 -0.335053 0.693655 0.0 -0.335347 0.693544 0.0 -0.335641 0.693433 0.0 -0.335934 0.69332 0.0 -0.336228 0.693207 0.0 -0.33652 0.693092 0.0 -0.336812 0.692978 0.0 -0.337104 0.692861 0.0 -0.337396 0.692745 0.0 -0.337687 0.692626 0.0 -0.337978 0.692508 0.0 -0.338268 0.692387 0.0 -0.338558 0.692267 0.0 -0.338848 0.692145 0.0 -0.339137 0.692023 0.0 -0.339426 0.691899 0.0 -0.339715 0.691775 0.0 -0.340003 0.69165 0.0 -0.340291 0.691524 0.0 -0.340578 0.691397 0.0 -0.340865 0.691269 0.0 -0.341151 0.69114 0.0 -0.341438 0.691011 0.0 -0.341723 0.69088 0.0 -0.342009 0.690748 0.0 -0.342293 0.690616 0.0 -0.342578 0.690483 0.0 -0.342862 0.690348 0.0 -0.343146 0.690213 0.0 -0.343429 0.690077 0.0 -0.343712 0.689941 0.0 -0.343994 0.689802 0.0 -0.344276 0.689664 0.0 -0.344557 0.689524 0.0 -0.344838 0.689384 0.0 -0.345119 0.689242 0.0 -0.345399 0.689101 0.0 -0.345679 0.688957 0.0 -0.345958 0.688814 0.0 -0.346237 0.688668 0.0 -0.346515 0.688523 0.0 -0.346793 0.688376 0.0 -0.34707 0.688229 0.0 -0.347347 0.68808 0.0 -0.347624 0.687932 0.0 -0.3479 0.687781 0.0 -0.348175 0.687631 0.0 -0.34845 0.687478 0.0 -0.348725 0.687326 0.0 -0.348999 0.687172 0.0 -0.349273 0.687018 0.0 -0.349546 0.686863 0.0 -0.349819 0.686707 0.0 -0.35009 0.68655 0.0 -0.350362 0.686392 0.0 -0.350633 0.686233 0.0 -0.350904 0.686074 0.0 -0.351174 0.685913 0.0 -0.351444 0.685753 0.0 -0.351713 0.68559 0.0 -0.351982 0.685428 0.0 -0.35225 0.685264 0.0 -0.352517 0.685099 0.0 -0.352784 0.684934 0.0 -0.353051 0.684768 0.0 -0.353317 0.6846 0.0 -0.353583 0.684433 0.0 -0.353847 0.684264 0.0 -0.354112 0.684094 0.0 -0.354376 0.683924 0.0 -0.354639 0.683753 0.0 -0.354902 0.68358 0.0 -0.355165 0.683408 0.0 -0.355426 0.683234 0.0 -0.355688 0.68306 0.0 -0.355948 0.682884 0.0 -0.356208 0.682708 0.0 -0.356468 0.682531 0.0 -0.356727 0.682353 0.0 -0.356985 0.682174 0.0 -0.357243 0.681995 0.0 -0.3575 0.681815 0.0 -0.357757 0.681634 0.0 -0.358013 0.681452 0.0 -0.358269 0.681269 0.0 -0.358524 0.681086 0.0 -0.358779 0.680902 0.0 -0.359032 0.680716 0.0 -0.359286 0.680531 0.0 -0.359538 0.680344 0.0 -0.35979 0.680157 0.0 -0.360042 0.679968 0.0 -0.360293 0.679779 0.0 -0.360543 0.679589 0.0 -0.360793 0.679399 0.0 -0.361042 0.679207 0.0 -0.361291 0.679016 0.0 -0.361538 0.678822 0.0 -0.361786 0.678629 0.0 -0.362032 0.678434 0.0 -0.362279 0.678239 0.0 -0.362524 0.678043 0.0 -0.362769 0.677846 0.0 -0.363013 0.677648 0.0 -0.363257 0.67745 0.0 -0.3635 0.677251 0.0 -0.363742 0.677051 0.0 -0.363984 0.67685 0.0 -0.364225 0.676649 0.0 -0.364465 0.676447 0.0 -0.364706 0.676244 0.0 -0.364944 0.67604 0.0 -0.365183 0.675836 0.0 -0.365421 0.675631 0.0 -0.365659 0.675425 0.0 -0.365895 0.675218 0.0 -0.366131 0.675011 0.0 -0.366366 0.674803 0.0 -0.366601 0.674594 0.0 -0.366835 0.674384 0.0 -0.367069 0.674174 0.0 -0.367301 0.673963 0.0 -0.367533 0.673751 0.0 -0.367764 0.673538 0.0 -0.367995 0.673326 0.0 -0.368225 0.673111 0.0 -0.368455 0.672897 0.0 -0.368683 0.672681 0.0 -0.368911 0.672465 0.0 -0.369138 0.672248 0.0 -0.369365 0.672031 0.0 -0.369591 0.671812 0.0 -0.369817 0.671594 0.0 -0.370041 0.671374 0.0 -0.370265 0.671154 0.0 -0.370488 0.670932 0.0 -0.370711 0.670711 0.0 -0.370932 0.670488 0.0 -0.371154 0.670265 0.0 -0.371374 0.670041 0.0 -0.371594 0.669817 0.0 -0.371812 0.669591 0.0 -0.372031 0.669365 0.0 -0.372248 0.669138 0.0 -0.372465 0.668911 0.0 -0.372681 0.668683 0.0 -0.372897 0.668455 0.0 -0.373111 0.668225 0.0 -0.373326 0.667995 0.0 -0.373538 0.667764 0.0 -0.373751 0.667533 0.0 -0.373963 0.667301 0.0 -0.374174 0.667069 0.0 -0.374384 0.666835 0.0 -0.374594 0.666601 0.0 -0.374803 0.666366 0.0 -0.375011 0.666131 0.0 -0.375218 0.665895 0.0 -0.375425 0.665659 0.0 -0.375631 0.665421 0.0 -0.375836 0.665183 0.0 -0.37604 0.664944 0.0 -0.376244 0.664706 0.0 -0.376447 0.664465 0.0 -0.376649 0.664225 0.0 -0.37685 0.663984 0.0 -0.377051 0.663742 0.0 -0.377251 0.6635 0.0 -0.37745 0.663257 0.0 -0.377648 0.663013 0.0 -0.377846 0.662769 0.0 -0.378043 0.662524 0.0 -0.378239 0.662279 0.0 -0.378434 0.662032 0.0 -0.378629 0.661786 0.0 -0.378822 0.661538 0.0 -0.379016 0.661291 0.0 -0.379207 0.661042 0.0 -0.379399 0.660793 0.0 -0.379589 0.660543 0.0 -0.379779 0.660293 0.0 -0.379968 0.660042 0.0 -0.380157 0.65979 0.0 -0.380344 0.659538 0.0 -0.380531 0.659286 0.0 -0.380716 0.659032 0.0 -0.380902 0.658779 0.0 -0.381086 0.658524 0.0 -0.381269 0.658269 0.0 -0.381452 0.658013 0.0 -0.381634 0.657757 0.0 -0.381815 0.6575 0.0 -0.381995 0.657243 0.0 -0.382174 0.656985 0.0 -0.382353 0.656727 0.0 -0.382531 0.656468 0.0 -0.382708 0.656208 0.0 -0.382884 0.655948 0.0 -0.38306 0.655688 0.0 -0.383234 0.655426 0.0 -0.383408 0.655165 0.0 -0.38358 0.654902 0.0 -0.383753 0.654639 0.0 -0.383924 0.654376 0.0 -0.384094 0.654112 0.0 -0.384264 0.653847 0.0 -0.384433 0.653583 0.0 -0.3846 0.653317 0.0 -0.384768 0.653051 0.0 -0.384934 0.652784 0.0 -0.385099 0.652517 0.0 -0.385264 0.65225 0.0 -0.385428 0.651982 0.0 -0.38559 0.651713 0.0 -0.385753 0.651444 0.0 -0.385913 0.651174 0.0 -0.386074 0.650904 0.0 -0.386233 0.650633 0.0 -0.386392 0.650362 0.0 -0.38655 0.65009 0.0 -0.386707 0.649819 0.0 -0.386863 0.649546 0.0 -0.387018 0.649273 0.0 -0.387172 0.648999 0.0 -0.387326 0.648725 0.0 -0.387478 0.64845 0.0 -0.387631 0.648175 0.0 -0.387781 0.6479 0.0 -0.387932 0.647624 0.0 -0.38808 0.647347 0.0 -0.388229 0.64707 0.0 -0.388376 0.646793 0.0 -0.388523 0.646515 0.0 -0.388668 0.646237 0.0 -0.388814 0.645958 0.0 -0.388957 0.645679 0.0 -0.389101 0.645399 0.0 -0.389242 0.645119 0.0 -0.389384 0.644838 0.0 -0.389524 0.644557 0.0 -0.389664 0.644276 0.0 -0.389802 0.643994 0.0 -0.389941 0.643712 0.0 -0.390077 0.643429 0.0 -0.390213 0.643146 0.0 -0.390348 0.642862 0.0 -0.390483 0.642578 0.0 -0.390616 0.642293 0.0 -0.390748 0.642009 0.0 -0.39088 0.641723 0.0 -0.391011 0.641438 0.0 -0.39114 0.641151 0.0 -0.391269 0.640865 0.0 -0.391397 0.640578 0.0 -0.391524 0.640291 0.0 -0.39165 0.640003 0.0 -0.391775 0.639715 0.0 -0.391899 0.639426 0.0 -0.392023 0.639137 0.0 -0.392145 0.638848 0.0 -0.392267 0.638558 0.0 -0.392387 0.638268 0.0 -0.392508 0.637978 0.0 -0.392626 0.637687 0.0 -0.392745 0.637396 0.0 -0.392861 0.637104 0.0 -0.392978 0.636812 0.0 -0.393092 0.63652 0.0 -0.393207 0.636228 0.0 -0.39332 0.635934 0.0 -0.393433 0.635641 0.0 -0.393544 0.635347 0.0 -0.393655 0.635053 0.0 -0.393764 0.634759 0.0 -0.393873 0.634464 0.0 -0.393981 0.634169 0.0 -0.394088 0.633874 0.0 -0.394194 0.633578 0.0 -0.394299 0.633282 0.0 -0.394403 0.632985 0.0 -0.394506 0.632689 0.0 -0.394608 0.632392 0.0 -0.39471 0.632094 0.0 -0.39481 0.631797 0.0 -0.39491 0.631499 0.0 -0.395008 0.6312 0.0 -0.395106 0.630902 0.0 -0.395202 0.630603 0.0 -0.395298 0.630304 0.0 -0.395392 0.630004 0.0 -0.395486 0.629704 0.0 -0.395579 0.629404 0.0 -0.395671 0.629104 0.0 -0.395762 0.628803 0.0 -0.395852 0.628502 0.0 -0.395941 0.628201 0.0 -0.396029 0.627899 0.0 -0.396116 0.627597 0.0 -0.396203 0.627295 0.0 -0.396288 0.626993 0.0 -0.396372 0.62669 0.0 -0.396455 0.626387 0.0 -0.396538 0.626084 0.0 -0.396619 0.625781 0.0 -0.3967 0.625477 0.0 -0.396779 0.625173 0.0 -0.396858 0.624869 0.0 -0.396935 0.624564 0.0 -0.397013 0.62426 0.0 -0.397088 0.623955 0.0 -0.397163 0.62365 0.0 -0.397237 0.623344 0.0 -0.39731 0.623039 0.0 -0.397381 0.622733 0.0 -0.397453 0.622427 0.0 -0.397522 0.622121 0.0 -0.397592 0.621814 0.0 -0.397659 0.621508 0.0 -0.397727 0.621201 0.0 -0.397792 0.620893 0.0 -0.397858 0.620586 0.0 -0.397922 0.620279 0.0 -0.397986 0.619971 0.0 -0.398047 0.619663 0.0 -0.398109 0.619355 0.0 -0.398169 0.619047 0.0 -0.398229 0.618738 0.0 -0.398287 0.618429 0.0 -0.398345 0.618121 0.0 -0.3984 0.617811 0.0 -0.398456 0.617502 0.0 -0.39851 0.617193 0.0 -0.398564 0.616883 0.0 -0.398617 0.616574 0.0 -0.398669 0.616264 0.0 -0.398719 0.615954 0.0 -0.398769 0.615643 0.0 -0.398817 0.615333 0.0 -0.398865 0.615023 0.0 -0.398911 0.614712 0.0 -0.398958 0.614401 0.0 -0.399002 0.61409 0.0 -0.399046 0.613779 0.0 -0.399088 0.613468 0.0 -0.399131 0.613156 0.0 -0.399171 0.612845 0.0 -0.399211 0.612533 0.0 -0.39925 0.612222 0.0 -0.399288 0.61191 0.0 -0.399325 0.611598 0.0 -0.399361 0.611286 0.0 -0.399396 0.610973 0.0 -0.39943 0.610661 0.0 -0.399463 0.610349 0.0 -0.399495 0.610036 0.0 -0.399526 0.609724 0.0 -0.399556 0.609411 0.0 -0.399585 0.609098 0.0 -0.399613 0.608785 0.0 -0.39964 0.608472 0.0 -0.399667 0.608159 0.0 -0.399691 0.607846 0.0 -0.399716 0.607533 0.0 -0.399739 0.607219 0.0 -0.399761 0.606906 0.0 -0.399782 0.606593 0.0 -0.399803 0.606279 0.0 -0.399821 0.605965 0.0 -0.39984 0.605652 0.0 -0.399857 0.605338 0.0 -0.399874 0.605024 0.0 -0.399888 0.604711 0.0 -0.399903 0.604397 0.0 -0.399916 0.604083 0.0 -0.399929 0.603769 0.0 -0.39994 0.603455 0.0 -0.399951 0.603141 0.0 -0.39996 0.602827 0.0 -0.399968 0.602513 0.0 -0.399975 0.602199 0.0 -0.399982 0.601885 0.0 -0.399987 0.601571 0.0 -0.399992 0.601257 0.0 -0.399995 0.600942 0.0 -0.399998 0.600628 0.0 -0.399999 0.600314 0.0 -0.4 0.6 0.0 -0.399999 0.599686 0.0 -0.399998 0.599372 0.0 -0.399995 0.599058 0.0 -0.399992 0.598743 0.0 -0.399987 0.598429 0.0 -0.399982 0.598115 0.0 -0.399975 0.597801 0.0 -0.399968 0.597487 0.0 -0.39996 0.597173 0.0 -0.399951 0.596859 0.0 -0.39994 0.596545 0.0 -0.399929 0.596231 0.0 -0.399916 0.595917 0.0 -0.399903 0.595603 0.0 -0.399888 0.595289 0.0 -0.399874 0.594976 0.0 -0.399857 0.594662 0.0 -0.39984 0.594348 0.0 -0.399821 0.594035 0.0 -0.399803 0.593721 0.0 -0.399782 0.593407 0.0 -0.399761 0.593094 0.0 -0.399739 0.592781 0.0 -0.399716 0.592467 0.0 -0.399691 0.592154 0.0 -0.399667 0.591841 0.0 -0.39964 0.591528 0.0 -0.399613 0.591215 0.0 -0.399585 0.590902 0.0 -0.399556 0.590589 0.0 -0.399526 0.590276 0.0 -0.399495 0.589964 0.0 -0.399463 0.589651 0.0 -0.39943 0.589339 0.0 -0.399396 0.589027 0.0 -0.399361 0.588714 0.0 -0.399325 0.588402 0.0 -0.399288 0.58809 0.0 -0.39925 0.587778 0.0 -0.399211 0.587467 0.0 -0.399171 0.587155 0.0 -0.399131 0.586844 0.0 -0.399088 0.586532 0.0 -0.399046 0.586221 0.0 -0.399002 0.58591 0.0 -0.398958 0.585599 0.0 -0.398911 0.585288 0.0 -0.398865 0.584977 0.0 -0.398817 0.584667 0.0 -0.398769 0.584357 0.0 -0.398719 0.584046 0.0 -0.398669 0.583736 0.0 -0.398617 0.583426 0.0 -0.398564 0.583117 0.0 -0.39851 0.582807 0.0 -0.398456 0.582498 0.0 -0.3984 0.582189 0.0 -0.398345 0.581879 0.0 -0.398287 0.581571 0.0 -0.398229 0.581262 0.0 -0.398169 0.580953 0.0 -0.398109 0.580645 0.0 -0.398047 0.580337 0.0 -0.397986 0.580029 0.0 -0.397922 0.579721 0.0 -0.397858 0.579414 0.0 -0.397792 0.579107 0.0 -0.397727 0.578799 0.0 -0.397659 0.578492 0.0 -0.397592 0.578186 0.0 -0.397522 0.577879 0.0 -0.397453 0.577573 0.0 -0.397381 0.577267 0.0 -0.39731 0.576961 0.0 -0.397237 0.576656 0.0 -0.397163 0.57635 0.0 -0.397088 0.576045 0.0 -0.397013 0.57574 0.0 -0.396935 0.575436 0.0 -0.396858 0.575131 0.0 -0.396779 0.574827 0.0 -0.3967 0.574523 0.0 -0.396619 0.574219 0.0 -0.396538 0.573916 0.0 -0.396455 0.573613 0.0 -0.396372 0.57331 0.0 -0.396288 0.573007 0.0 -0.396203 0.572705 0.0 -0.396116 0.572403 0.0 -0.396029 0.572101 0.0 -0.395941 0.571799 0.0 -0.395852 0.571498 0.0 -0.395762 0.571197 0.0 -0.395671 0.570896 0.0 -0.395579 0.570596 0.0 -0.395486 0.570296 0.0 -0.395392 0.569996 0.0 -0.395298 0.569696 0.0 -0.395202 0.569397 0.0 -0.395106 0.569098 0.0 -0.395008 0.5688 0.0 -0.39491 0.568501 0.0 -0.39481 0.568203 0.0 -0.39471 0.567906 0.0 -0.394608 0.567608 0.0 -0.394506 0.567311 0.0 -0.394403 0.567015 0.0 -0.394299 0.566718 0.0 -0.394194 0.566422 0.0 -0.394088 0.566126 0.0 -0.393981 0.565831 0.0 -0.393873 0.565536 0.0 -0.393764 0.565241 0.0 -0.393655 0.564947 0.0 -0.393544 0.564653 0.0 -0.393433 0.564359 0.0 -0.39332 0.564066 0.0 -0.393207 0.563772 0.0 -0.393092 0.56348 0.0 -0.392978 0.563188 0.0 -0.392861 0.562896 0.0 -0.392745 0.562604 0.0 -0.392626 0.562313 0.0 -0.392508 0.562022 0.0 -0.392387 0.561732 0.0 -0.392267 0.561442 0.0 -0.392145 0.561152 0.0 -0.392023 0.560863 0.0 -0.391899 0.560574 0.0 -0.391775 0.560285 0.0 -0.39165 0.559997 0.0 -0.391524 0.559709 0.0 -0.391397 0.559422 0.0 -0.391269 0.559135 0.0 -0.39114 0.558849 0.0 -0.391011 0.558562 0.0 -0.39088 0.558277 0.0 -0.390748 0.557991 0.0 -0.390616 0.557707 0.0 -0.390483 0.557422 0.0 -0.390348 0.557138 0.0 -0.390213 0.556854 0.0 -0.390077 0.556571 0.0 -0.389941 0.556288 0.0 -0.389802 0.556006 0.0 -0.389664 0.555724 0.0 -0.389524 0.555443 0.0 -0.389384 0.555162 0.0 -0.389242 0.554881 0.0 -0.389101 0.554601 0.0 -0.388957 0.554321 0.0 -0.388814 0.554042 0.0 -0.388668 0.553763 0.0 -0.388523 0.553485 0.0 -0.388376 0.553207 0.0 -0.388229 0.55293 0.0 -0.38808 0.552653 0.0 -0.387932 0.552376 0.0 -0.387781 0.5521 0.0 -0.387631 0.551825 0.0 -0.387478 0.55155 0.0 -0.387326 0.551275 0.0 -0.387172 0.551001 0.0 -0.387018 0.550727 0.0 -0.386863 0.550454 0.0 -0.386707 0.550181 0.0 -0.38655 0.54991 0.0 -0.386392 0.549638 0.0 -0.386233 0.549367 0.0 -0.386074 0.549096 0.0 -0.385913 0.548826 0.0 -0.385753 0.548556 0.0 -0.38559 0.548287 0.0 -0.385428 0.548018 0.0 -0.385264 0.54775 0.0 -0.385099 0.547483 0.0 -0.384934 0.547216 0.0 -0.384768 0.546949 0.0 -0.3846 0.546683 0.0 -0.384433 0.546417 0.0 -0.384264 0.546153 0.0 -0.384094 0.545888 0.0 -0.383924 0.545624 0.0 -0.383753 0.545361 0.0 -0.38358 0.545098 0.0 -0.383408 0.544835 0.0 -0.383234 0.544574 0.0 -0.38306 0.544312 0.0 -0.382884 0.544052 0.0 -0.382708 0.543792 0.0 -0.382531 0.543532 0.0 -0.382353 0.543273 0.0 -0.382174 0.543015 0.0 -0.381995 0.542757 0.0 -0.381815 0.5425 0.0 -0.381634 0.542243 0.0 -0.381452 0.541987 0.0 -0.381269 0.541731 0.0 -0.381086 0.541476 0.0 -0.380902 0.541221 0.0 -0.380716 0.540968 0.0 -0.380531 0.540714 0.0 -0.380344 0.540462 0.0 -0.380157 0.54021 0.0 -0.379968 0.539958 0.0 -0.379779 0.539707 0.0 -0.379589 0.539457 0.0 -0.379399 0.539207 0.0 -0.379207 0.538958 0.0 -0.379016 0.538709 0.0 -0.378822 0.538462 0.0 -0.378629 0.538214 0.0 -0.378434 0.537968 0.0 -0.378239 0.537721 0.0 -0.378043 0.537476 0.0 -0.377846 0.537231 0.0 -0.377648 0.536987 0.0 -0.37745 0.536743 0.0 -0.377251 0.5365 0.0 -0.377051 0.536258 0.0 -0.37685 0.536016 0.0 -0.376649 0.535775 0.0 -0.376447 0.535535 0.0 -0.376244 0.535294 0.0 -0.37604 0.535056 0.0 -0.375836 0.534817 0.0 -0.375631 0.534579 0.0 -0.375425 0.534341 0.0 -0.375218 0.534105 0.0 -0.375011 0.533869 0.0 -0.374803 0.533634 0.0 -0.374594 0.533399 0.0 -0.374384 0.533165 0.0 -0.374174 0.532931 0.0 -0.373963 0.532699 0.0 -0.373751 0.532467 0.0 -0.373538 0.532236 0.0 -0.373326 0.532005 0.0 -0.373111 0.531775 0.0 -0.372897 0.531545 0.0 -0.372681 0.531317 0.0 -0.372465 0.531089 0.0 -0.372248 0.530862 0.0 -0.372031 0.530635 0.0 -0.371812 0.530409 0.0 -0.371594 0.530183 0.0 -0.371374 0.529959 0.0 -0.371154 0.529735 0.0 -0.370932 0.529512 0.0 -0.370711 0.529289 0.0 -0.370488 0.529068 0.0 -0.370265 0.528846 0.0 -0.370041 0.528626 0.0 -0.369817 0.528406 0.0 -0.369591 0.528188 0.0 -0.369365 0.527969 0.0 -0.369138 0.527752 0.0 -0.368911 0.527535 0.0 -0.368683 0.527319 0.0 -0.368455 0.527103 0.0 -0.368225 0.526889 0.0 -0.367995 0.526674 0.0 -0.367764 0.526462 0.0 -0.367533 0.526249 0.0 -0.367301 0.526037 0.0 -0.367069 0.525826 0.0 -0.366835 0.525616 0.0 -0.366601 0.525406 0.0 -0.366366 0.525197 0.0 -0.366131 0.524989 0.0 -0.365895 0.524782 0.0 -0.365659 0.524575 0.0 -0.365421 0.524369 0.0 -0.365183 0.524164 0.0 -0.364944 0.52396 0.0 -0.364706 0.523756 0.0 -0.364465 0.523553 0.0 -0.364225 0.523351 0.0 -0.363984 0.52315 0.0 -0.363742 0.522949 0.0 -0.3635 0.522749 0.0 -0.363257 0.52255 0.0 -0.363013 0.522352 0.0 -0.362769 0.522154 0.0 -0.362524 0.521957 0.0 -0.362279 0.521761 0.0 -0.362032 0.521566 0.0 -0.361786 0.521371 0.0 -0.361538 0.521178 0.0 -0.361291 0.520984 0.0 -0.361042 0.520793 0.0 -0.360793 0.520601 0.0 -0.360543 0.520411 0.0 -0.360293 0.520221 0.0 -0.360042 0.520032 0.0 -0.35979 0.519843 0.0 -0.359538 0.519656 0.0 -0.359286 0.519469 0.0 -0.359032 0.519284 0.0 -0.358779 0.519098 0.0 -0.358524 0.518914 0.0 -0.358269 0.518731 0.0 -0.358013 0.518548 0.0 -0.357757 0.518366 0.0 -0.3575 0.518185 0.0 -0.357243 0.518005 0.0 -0.356985 0.517826 0.0 -0.356727 0.517647 0.0 -0.356468 0.517469 0.0 -0.356208 0.517292 0.0 -0.355948 0.517116 0.0 -0.355688 0.51694 0.0 -0.355426 0.516766 0.0 -0.355165 0.516592 0.0 -0.354902 0.51642 0.0 -0.354639 0.516247 0.0 -0.354376 0.516076 0.0 -0.354112 0.515906 0.0 -0.353847 0.515736 0.0 -0.353583 0.515567 0.0 -0.353317 0.5154 0.0 -0.353051 0.515232 0.0 -0.352784 0.515066 0.0 -0.352517 0.514901 0.0 -0.35225 0.514736 0.0 -0.351982 0.514572 0.0 -0.351713 0.51441 0.0 -0.351444 0.514247 0.0 -0.351174 0.514087 0.0 -0.350904 0.513926 0.0 -0.350633 0.513767 0.0 -0.350362 0.513608 0.0 -0.35009 0.51345 0.0 -0.349819 0.513293 0.0 -0.349546 0.513137 0.0 -0.349273 0.512982 0.0 -0.348999 0.512828 0.0 -0.348725 0.512674 0.0 -0.34845 0.512522 0.0 -0.348175 0.512369 0.0 -0.3479 0.512219 0.0 -0.347624 0.512068 0.0 -0.347347 0.51192 0.0 -0.34707 0.511771 0.0 -0.346793 0.511624 0.0 -0.346515 0.511477 0.0 -0.346237 0.511332 0.0 -0.345958 0.511186 0.0 -0.345679 0.511043 0.0 -0.345399 0.510899 0.0 -0.345119 0.510758 0.0 -0.344838 0.510616 0.0 -0.344557 0.510476 0.0 -0.344276 0.510336 0.0 -0.343994 0.510198 0.0 -0.343712 0.510059 0.0 -0.343429 0.509923 0.0 -0.343146 0.509787 0.0 -0.342862 0.509652 0.0 -0.342578 0.509517 0.0 -0.342293 0.509384 0.0 -0.342009 0.509252 0.0 -0.341723 0.50912 0.0 -0.341438 0.508989 0.0 -0.341151 0.50886 0.0 -0.340865 0.508731 0.0 -0.340578 0.508603 0.0 -0.340291 0.508476 0.0 -0.340003 0.50835 0.0 -0.339715 0.508225 0.0 -0.339426 0.508101 0.0 -0.339137 0.507977 0.0 -0.338848 0.507855 0.0 -0.338558 0.507733 0.0 -0.338268 0.507613 0.0 -0.337978 0.507492 0.0 -0.337687 0.507374 0.0 -0.337396 0.507255 0.0 -0.337104 0.507139 0.0 -0.336812 0.507022 0.0 -0.33652 0.506908 0.0 -0.336228 0.506793 0.0 -0.335934 0.50668 0.0 -0.335641 0.506567 0.0 -0.335347 0.506456 0.0 -0.335053 0.506345 0.0 -0.334759 0.506236 0.0 -0.334464 0.506127 0.0 -0.334169 0.506019 0.0 -0.333874 0.505912 0.0 -0.333578 0.505806 0.0 -0.333282 0.505701 0.0 -0.332985 0.505597 0.0 -0.332689 0.505494 0.0 -0.332392 0.505392 0.0 -0.332094 0.50529 0.0 -0.331797 0.50519 0.0 -0.331499 0.50509 0.0 -0.3312 0.504992 0.0 -0.330902 0.504894 0.0 -0.330603 0.504798 0.0 -0.330304 0.504702 0.0 -0.330004 0.504608 0.0 -0.329704 0.504514 0.0 -0.329404 0.504421 0.0 -0.329104 0.504329 0.0 -0.328803 0.504238 0.0 -0.328502 0.504148 0.0 -0.328201 0.504059 0.0 -0.327899 0.503971 0.0 -0.327597 0.503884 0.0 -0.327295 0.503797 0.0 -0.326993 0.503712 0.0 -0.32669 0.503628 0.0 -0.326387 0.503545 0.0 -0.326084 0.503462 0.0 -0.325781 0.503381 0.0 -0.325477 0.5033 0.0 -0.325173 0.503221 0.0 -0.324869 0.503142 0.0 -0.324564 0.503065 0.0 -0.32426 0.502987 0.0 -0.323955 0.502912 0.0 -0.32365 0.502837 0.0 -0.323344 0.502763 0.0 -0.323039 0.50269 0.0 -0.322733 0.502619 0.0 -0.322427 0.502547 0.0 -0.322121 0.502478 0.0 -0.321814 0.502408 0.0 -0.321508 0.502341 0.0 -0.321201 0.502273 0.0 -0.320893 0.502208 0.0 -0.320586 0.502142 0.0 -0.320279 0.502078 0.0 -0.319971 0.502014 0.0 -0.319663 0.501953 0.0 -0.319355 0.501891 0.0 -0.319047 0.501831 0.0 -0.318738 0.501771 0.0 -0.318429 0.501713 0.0 -0.318121 0.501655 0.0 -0.317811 0.5016 0.0 -0.317502 0.501544 0.0 -0.317193 0.50149 0.0 -0.316883 0.501436 0.0 -0.316574 0.501383 0.0 -0.316264 0.501331 0.0 -0.315954 0.501281 0.0 -0.315643 0.501231 0.0 -0.315333 0.501183 0.0 -0.315023 0.501135 0.0 -0.314712 0.501089 0.0 -0.314401 0.501042 0.0 -0.31409 0.500998 0.0 -0.313779 0.500954 0.0 -0.313468 0.500912 0.0 -0.313156 0.500869 0.0 -0.312845 0.500829 0.0 -0.312533 0.500789 0.0 -0.312222 0.50075 0.0 -0.31191 0.500712 0.0 -0.311598 0.500675 0.0 -0.311286 0.500639 0.0 -0.310973 0.500604 0.0 -0.310661 0.50057 0.0 -0.310349 0.500537 0.0 -0.310036 0.500505 0.0 -0.309724 0.500474 0.0 -0.309411 0.500444 0.0 -0.309098 0.500415 0.0 -0.308785 0.500387 0.0 -0.308472 0.50036 0.0 -0.308159 0.500333 0.0 -0.307846 0.500309 0.0 -0.307533 0.500284 0.0 -0.307219 0.500261 0.0 -0.306906 0.500239 0.0 -0.306593 0.500218 0.0 -0.306279 0.500197 0.0 -0.305965 0.500179 0.0 -0.305652 0.50016 0.0 -0.305338 0.500143 0.0 -0.305024 0.500126 0.0 -0.304711 0.500112 0.0 -0.304397 0.500097 0.0 -0.304083 0.500084 0.0 -0.303769 0.500071 0.0 -0.303455 0.50006 0.0 -0.303141 0.500049 0.0 -0.302827 0.50004 0.0 -0.302513 0.500032 0.0 -0.302199 0.500025 0.0 -0.301885 0.500018 0.0 -0.301571 0.500013 0.0 -0.301257 0.500008 0.0 -0.300942 0.500005 0.0 -0.300628 0.500002 0.0 -0.300314 0.500001 0.0 -0.3 0.5 0.0 -0.299686 0.500001 0.0 -0.299372 0.500002 0.0 -0.299058 0.500005 0.0 -0.298743 0.500008 0.0 -0.298429 0.500013 0.0 -0.298115 0.500018 0.0 -0.297801 0.500025 0.0 -0.297487 0.500032 0.0 -0.297173 0.50004 0.0 -0.296859 0.500049 0.0 -0.296545 0.50006 0.0 -0.296231 0.500071 0.0 -0.295917 0.500084 0.0 -0.295603 0.500097 0.0 -0.295289 0.500112 0.0 -0.294976 0.500126 0.0 -0.294662 0.500143 0.0 -0.294348 0.50016 0.0 -0.294035 0.500179 0.0 -0.293721 0.500197 0.0 -0.293407 0.500218 0.0 -0.293094 0.500239 0.0 -0.292781 0.500261 0.0 -0.292467 0.500284 0.0 -0.292154 0.500309 0.0 -0.291841 0.500333 0.0 -0.291528 0.50036 0.0 -0.291215 0.500387 0.0 -0.290902 0.500415 0.0 -0.290589 0.500444 0.0 -0.290276 0.500474 0.0 -0.289964 0.500505 0.0 -0.289651 0.500537 0.0 -0.289339 0.50057 0.0 -0.289027 0.500604 0.0 -0.288714 0.500639 0.0 -0.288402 0.500675 0.0 -0.28809 0.500712 0.0 -0.287778 0.50075 0.0 -0.287467 0.500789 0.0 -0.287155 0.500829 0.0 -0.286844 0.500869 0.0 -0.286532 0.500912 0.0 -0.286221 0.500954 0.0 -0.28591 0.500998 0.0 -0.285599 0.501042 0.0 -0.285288 0.501089 0.0 -0.284977 0.501135 0.0 -0.284667 0.501183 0.0 -0.284357 0.501231 0.0 -0.284046 0.501281 0.0 -0.283736 0.501331 0.0 -0.283426 0.501383 0.0 -0.283117 0.501436 0.0 -0.282807 0.50149 0.0 -0.282498 0.501544 0.0 -0.282189 0.5016 0.0 -0.281879 0.501655 0.0 -0.281571 0.501713 0.0 -0.281262 0.501771 0.0 -0.280953 0.501831 0.0 -0.280645 0.501891 0.0 -0.280337 0.501953 0.0 -0.280029 0.502014 0.0 -0.279721 0.502078 0.0 -0.279414 0.502142 0.0 -0.279107 0.502208 0.0 -0.278799 0.502273 0.0 -0.278492 0.502341 0.0 -0.278186 0.502408 0.0 -0.277879 0.502478 0.0 -0.277573 0.502547 0.0 -0.277267 0.502619 0.0 -0.276961 0.50269 0.0 -0.276656 0.502763 0.0 -0.27635 0.502837 0.0 -0.276045 0.502912 0.0 -0.27574 0.502987 0.0 -0.275436 0.503065 0.0 -0.275131 0.503142 0.0 -0.274827 0.503221 0.0 -0.274523 0.5033 0.0 -0.274219 0.503381 0.0 -0.273916 0.503462 0.0 -0.273613 0.503545 0.0 -0.27331 0.503628 0.0 -0.273007 0.503712 0.0 -0.272705 0.503797 0.0 -0.272403 0.503884 0.0 -0.272101 0.503971 0.0 -0.271799 0.504059 0.0 -0.271498 0.504148 0.0 -0.271197 0.504238 0.0 -0.270896 0.504329 0.0 -0.270596 0.504421 0.0 -0.270296 0.504514 0.0 -0.269996 0.504608 0.0 -0.269696 0.504702 0.0 -0.269397 0.504798 0.0 -0.269098 0.504894 0.0 -0.2688 0.504992 0.0 -0.268501 0.50509 0.0 -0.268203 0.50519 0.0 -0.267906 0.50529 0.0 -0.267608 0.505392 0.0 -0.267311 0.505494 0.0 -0.267015 0.505597 0.0 -0.266718 0.505701 0.0 -0.266422 0.505806 0.0 -0.266126 0.505912 0.0 -0.265831 0.506019 0.0 -0.265536 0.506127 0.0 -0.265241 0.506236 0.0 -0.264947 0.506345 0.0 -0.264653 0.506456 0.0 -0.264359 0.506567 0.0 -0.264066 0.50668 0.0 -0.263772 0.506793 0.0 -0.26348 0.506908 0.0 -0.263188 0.507022 0.0 -0.262896 0.507139 0.0 -0.262604 0.507255 0.0 -0.262313 0.507374 0.0 -0.262022 0.507492 0.0 -0.261732 0.507613 0.0 -0.261442 0.507733 0.0 -0.261152 0.507855 0.0 -0.260863 0.507977 0.0 -0.260574 0.508101 0.0 -0.260285 0.508225 0.0 -0.259997 0.50835 0.0 -0.259709 0.508476 0.0 -0.259422 0.508603 0.0 -0.259135 0.508731 0.0 -0.258849 0.50886 0.0 -0.258562 0.508989 0.0 -0.258277 0.50912 0.0 -0.257991 0.509252 0.0 -0.257707 0.509384 0.0 -0.257422 0.509517 0.0 -0.257138 0.509652 0.0 -0.256854 0.509787 0.0 -0.256571 0.509923 0.0 -0.256288 0.510059 0.0 -0.256006 0.510198 0.0 -0.255724 0.510336 0.0 -0.255443 0.510476 0.0 -0.255162 0.510616 0.0 -0.254881 0.510758 0.0 -0.254601 0.510899 0.0 -0.254321 0.511043 0.0 -0.254042 0.511186 0.0 -0.253763 0.511332 0.0 -0.253485 0.511477 0.0 -0.253207 0.511624 0.0 -0.25293 0.511771 0.0 -0.252653 0.51192 0.0 -0.252376 0.512068 0.0 -0.2521 0.512219 0.0 -0.251825 0.512369 0.0 -0.25155 0.512522 0.0 -0.251275 0.512674 0.0 -0.251001 0.512828 0.0 -0.250727 0.512982 0.0 -0.250454 0.513137 0.0 -0.250181 0.513293 0.0 -0.24991 0.51345 0.0 -0.249638 0.513608 0.0 -0.249367 0.513767 0.0 -0.249096 0.513926 0.0 -0.248826 0.514087 0.0 -0.248556 0.514247 0.0 -0.248287 0.51441 0.0 -0.248018 0.514572 0.0 -0.24775 0.514736 0.0 -0.247483 0.514901 0.0 -0.247216 0.515066 0.0 -0.246949 0.515232 0.0 -0.246683 0.5154 0.0 -0.246417 0.515567 0.0 -0.246153 0.515736 0.0 -0.245888 0.515906 0.0 -0.245624 0.516076 0.0 -0.245361 0.516247 0.0 -0.245098 0.51642 0.0 -0.244835 0.516592 0.0 -0.244574 0.516766 0.0 -0.244312 0.51694 0.0 -0.244052 0.517116 0.0 -0.243792 0.517292 0.0 -0.243532 0.517469 0.0 -0.243273 0.517647 0.0 -0.243015 0.517826 0.0 -0.242757 0.518005 0.0 -0.2425 0.518185 0.0 -0.242243 0.518366 0.0 -0.241987 0.518548 0.0 -0.241731 0.518731 0.0 -0.241476 0.518914 0.0 -0.241221 0.519098 0.0 -0.240968 0.519284 0.0 -0.240714 0.519469 0.0 -0.240462 0.519656 0.0 -0.24021 0.519843 0.0 -0.239958 0.520032 0.0 -0.239707 0.520221 0.0 -0.239457 0.520411 0.0 -0.239207 0.520601 0.0 -0.238958 0.520793 0.0 -0.238709 0.520984 0.0 -0.238462 0.521178 0.0 -0.238214 0.521371 0.0 -0.237968 0.521566 0.0 -0.237721 0.521761 0.0 -0.237476 0.521957 0.0 -0.237231 0.522154 0.0 -0.236987 0.522352 0.0 -0.236743 0.52255 0.0 -0.2365 0.522749 0.0 -0.236258 0.522949 0.0 -0.236016 0.52315 0.0 -0.235775 0.523351 0.0 -0.235535 0.523553 0.0 -0.235294 0.523756 0.0 -0.235056 0.52396 0.0 -0.234817 0.524164 0.0 -0.234579 0.524369 0.0 -0.234341 0.524575 0.0 -0.234105 0.524782 0.0 -0.233869 0.524989 0.0 -0.233634 0.525197 0.0 -0.233399 0.525406 0.0 -0.233165 0.525616 0.0 -0.232931 0.525826 0.0 -0.232699 0.526037 0.0 -0.232467 0.526249 0.0 -0.232236 0.526462 0.0 -0.232005 0.526674 0.0 -0.231775 0.526889 0.0 -0.231545 0.527103 0.0 -0.231317 0.527319 0.0 -0.231089 0.527535 0.0 -0.230862 0.527752 0.0 -0.230635 0.527969 0.0 -0.230409 0.528188 0.0 -0.230183 0.528406 0.0 -0.229959 0.528626 0.0 -0.229735 0.528846 0.0 -0.229512 0.529068 0.0 -0.229289 0.529289 0.0 -0.229068 0.529512 0.0 -0.228846 0.529735 0.0 -0.228626 0.529959 0.0 -0.228406 0.530183 0.0 -0.228188 0.530409 0.0 -0.227969 0.530635 0.0 -0.227752 0.530862 0.0 -0.227535 0.531089 0.0 -0.227319 0.531317 0.0 -0.227103 0.531545 0.0 -0.226889 0.531775 0.0 -0.226674 0.532005 0.0 -0.226462 0.532236 0.0 -0.226249 0.532467 0.0 -0.226037 0.532699 0.0 -0.225826 0.532931 0.0 -0.225616 0.533165 0.0 -0.225406 0.533399 0.0 -0.225197 0.533634 0.0 -0.224989 0.533869 0.0 -0.224782 0.534105 0.0 -0.224575 0.534341 0.0 -0.224369 0.534579 0.0 -0.224164 0.534817 0.0 -0.22396 0.535056 0.0 -0.223756 0.535294 0.0 -0.223553 0.535535 0.0 -0.223351 0.535775 0.0 -0.22315 0.536016 0.0 -0.222949 0.536258 0.0 -0.222749 0.5365 0.0 -0.22255 0.536743 0.0 -0.222352 0.536987 0.0 -0.222154 0.537231 0.0 -0.221957 0.537476 0.0 -0.221761 0.537721 0.0 -0.221566 0.537968 0.0 -0.221371 0.538214 0.0 -0.221178 0.538462 0.0 -0.220984 0.538709 0.0 -0.220793 0.538958 0.0 -0.220601 0.539207 0.0 -0.220411 0.539457 0.0 -0.220221 0.539707 0.0 -0.220032 0.539958 0.0 -0.219843 0.54021 0.0 -0.219656 0.540462 0.0 -0.219469 0.540714 0.0 -0.219284 0.540968 0.0 -0.219098 0.541221 0.0 -0.218914 0.541476 0.0 -0.218731 0.541731 0.0 -0.218548 0.541987 0.0 -0.218366 0.542243 0.0 -0.218185 0.5425 0.0 -0.218005 0.542757 0.0 -0.217826 0.543015 0.0 -0.217647 0.543273 0.0 -0.217469 0.543532 0.0 -0.217292 0.543792 0.0 -0.217116 0.544052 0.0 -0.21694 0.544312 0.0 -0.216766 0.544574 0.0 -0.216592 0.544835 0.0 -0.21642 0.545098 0.0 -0.216247 0.545361 0.0 -0.216076 0.545624 0.0 -0.215906 0.545888 0.0 -0.215736 0.546153 0.0 -0.215567 0.546417 0.0 -0.2154 0.546683 0.0 -0.215232 0.546949 0.0 -0.215066 0.547216 0.0 -0.214901 0.547483 0.0 -0.214736 0.54775 0.0 -0.214572 0.548018 0.0 -0.21441 0.548287 0.0 -0.214247 0.548556 0.0 -0.214087 0.548826 0.0 -0.213926 0.549096 0.0 -0.213767 0.549367 0.0 -0.213608 0.549638 0.0 -0.21345 0.54991 0.0 -0.213293 0.550181 0.0 -0.213137 0.550454 0.0 -0.212982 0.550727 0.0 -0.212828 0.551001 0.0 -0.212674 0.551275 0.0 -0.212522 0.55155 0.0 -0.212369 0.551825 0.0 -0.212219 0.5521 0.0 -0.212068 0.552376 0.0 -0.21192 0.552653 0.0 -0.211771 0.55293 0.0 -0.211624 0.553207 0.0 -0.211477 0.553485 0.0 -0.211332 0.553763 0.0 -0.211186 0.554042 0.0 -0.211043 0.554321 0.0 -0.210899 0.554601 0.0 -0.210758 0.554881 0.0 -0.210616 0.555162 0.0 -0.210476 0.555443 0.0 -0.210336 0.555724 0.0 -0.210198 0.556006 0.0 -0.210059 0.556288 0.0 -0.209923 0.556571 0.0 -0.209787 0.556854 0.0 -0.209652 0.557138 0.0 -0.209517 0.557422 0.0 -0.209384 0.557707 0.0 -0.209252 0.557991 0.0 -0.20912 0.558277 0.0 -0.208989 0.558562 0.0 -0.20886 0.558849 0.0 -0.208731 0.559135 0.0 -0.208603 0.559422 0.0 -0.208476 0.559709 0.0 -0.20835 0.559997 0.0 -0.208225 0.560285 0.0 -0.208101 0.560574 0.0 -0.207977 0.560863 0.0 -0.207855 0.561152 0.0 -0.207733 0.561442 0.0 -0.207613 0.561732 0.0 -0.207492 0.562022 0.0 -0.207374 0.562313 0.0 -0.207255 0.562604 0.0 -0.207139 0.562896 0.0 -0.207022 0.563188 0.0 -0.206908 0.56348 0.0 -0.206793 0.563772 0.0 -0.20668 0.564066 0.0 -0.206567 0.564359 0.0 -0.206456 0.564653 0.0 -0.206345 0.564947 0.0 -0.206236 0.565241 0.0 -0.206127 0.565536 0.0 -0.206019 0.565831 0.0 -0.205912 0.566126 0.0 -0.205806 0.566422 0.0 -0.205701 0.566718 0.0 -0.205597 0.567015 0.0 -0.205494 0.567311 0.0 -0.205392 0.567608 0.0 -0.20529 0.567906 0.0 -0.20519 0.568203 0.0 -0.20509 0.568501 0.0 -0.204992 0.5688 0.0 -0.204894 0.569098 0.0 -0.204798 0.569397 0.0 -0.204702 0.569696 0.0 -0.204608 0.569996 0.0 -0.204514 0.570296 0.0 -0.204421 0.570596 0.0 -0.204329 0.570896 0.0 -0.204238 0.571197 0.0 -0.204148 0.571498 0.0 -0.204059 0.571799 0.0 -0.203971 0.572101 0.0 -0.203884 0.572403 0.0 -0.203797 0.572705 0.0 -0.203712 0.573007 0.0 -0.203628 0.57331 0.0 -0.203545 0.573613 0.0 -0.203462 0.573916 0.0 -0.203381 0.574219 0.0 -0.2033 0.574523 0.0 -0.203221 0.574827 0.0 -0.203142 0.575131 0.0 -0.203065 0.575436 0.0 -0.202987 0.57574 0.0 -0.202912 0.576045 0.0 -0.202837 0.57635 0.0 -0.202763 0.576656 0.0 -0.20269 0.576961 0.0 -0.202619 0.577267 0.0 -0.202547 0.577573 0.0 -0.202478 0.577879 0.0 -0.202408 0.578186 0.0 -0.202341 0.578492 0.0 -0.202273 0.578799 0.0 -0.202208 0.579107 0.0 -0.202142 0.579414 0.0 -0.202078 0.579721 0.0 -0.202014 0.580029 0.0 -0.201953 0.580337 0.0 -0.201891 0.580645 0.0 -0.201831 0.580953 0.0 -0.201771 0.581262 0.0 -0.201713 0.581571 0.0 -0.201655 0.581879 0.0 -0.2016 0.582189 0.0 -0.201544 0.582498 0.0 -0.20149 0.582807 0.0 -0.201436 0.583117 0.0 -0.201383 0.583426 0.0 -0.201331 0.583736 0.0 -0.201281 0.584046 0.0 -0.201231 0.584357 0.0 -0.201183 0.584667 0.0 -0.201135 0.584977 0.0 -0.201089 0.585288 0.0 -0.201042 0.585599 0.0 -0.200998 0.58591 0.0 -0.200954 0.586221 0.0 -0.200912 0.586532 0.0 -0.200869 0.586844 0.0 -0.200829 0.587155 0.0 -0.200789 0.587467 0.0 -0.20075 0.587778 0.0 -0.200712 0.58809 0.0 -0.200675 0.588402 0.0 -0.200639 0.588714 0.0 -0.200604 0.589027 0.0 -0.20057 0.589339 0.0 -0.200537 0.589651 0.0 -0.200505 0.589964 0.0 -0.200474 0.590276 0.0 -0.200444 0.590589 0.0 -0.200415 0.590902 0.0 -0.200387 0.591215 0.0 -0.20036 0.591528 0.0 -0.200333 0.591841 0.0 -0.200309 0.592154 0.0 -0.200284 0.592467 0.0 -0.200261 0.592781 0.0 -0.200239 0.593094 0.0 -0.200218 0.593407 0.0 -0.200197 0.593721 0.0 -0.200179 0.594035 0.0 -0.20016 0.594348 0.0 -0.200143 0.594662 0.0 -0.200126 0.594976 0.0 -0.200112 0.595289 0.0 -0.200097 0.595603 0.0 -0.200084 0.595917 0.0 -0.200071 0.596231 0.0 -0.20006 0.596545 0.0 -0.200049 0.596859 0.0 -0.20004 0.597173 0.0 -0.200032 0.597487 0.0 -0.200025 0.597801 0.0 -0.200018 0.598115 0.0 -0.200013 0.598429 0.0 -0.200008 0.598743 0.0 -0.200005 0.599058 0.0 -0.200002 0.599372 0.0 -0.200001 0.599686 0.0 
        </DataArray>
      </Points>
      <Polys>
        <DataArray type="Int64" Name="connectivity" format="ascii">
0 1 1 2 2 3 3 4 4 5 5 6 6 7 7 8 8 9 9 10 10 11 11 12 12 13 13 14 14 15 15 16 16 17 17 18 18 19 19 20 20 21 21 22 22 23 23 24 24 25 25 26 26 27 27 28 28 29 29 30 30 31 31 32 32 33 33 34 34 35 35 36 36 37 37 38 38 39 39 40 40 41 41 42 42 43 43 44 44 45 45 46 46 47 47 48 48 49 49 50 50 51 51 52 52 53 53 54 54 55 55 56 56 57 57 58 58 59 59 60 60 61 61 62 62 63 63 64 64 65 65 66 66 67 67 68 68 69 69 70 70 71 71 72 72 73 73 74 74 75 75 76 76 77 77 78 78 79 79 80 80 81 81 82 82 83 83 84 84 85 85 86 86 87 87 88 88 89 89 90 90 91 91 92 92 93 93 94 94 95 95 96 96 97 97 98 98 99 99 100 100 101 101 102 102 103 103 104 104 105 105 106 106 107 107 108 108 109 109 110 110 111 111 112 112 113 113 114 114 115 115 116 116 117 117 118 118 119 119 120 120 121 121 122 122 123 123 124 124 125 125 126 126 127 127 128 128 129 129 130 130 131 131 132 132 133 133 134 134 135 135 136 136 137 137 138 138 139 139 140 140 141 141 142 142 143 143 144 144 145 145 146 146 147 147 148 148 149 149 150 150 151 151 152 152 153 153 154 154 155 155 156 156 157 157 158 158 159 159 160 160 161 161 162 162 163 163 164 164 165 165 166 166 167 167 168 168 169 169 170 170 171 171 172 172 173 173 174 174 175 175 176 176 177 177 178 178 179 179 180 180 181 181 182 182 183 183 184 184 185 185 186 186 187 187 188 188 189 189 190 190 191 191 192 192 193 193 194 194 195 195 196 196 197 197 198 198 199 199 200 200 201 201 202 202 203 203 204 204 205 205 206 206 207 207 208 208 209 209 210 210 211 211 212 212 213 213 214 214 215 215 216 216 217 217 218 218 219 219 220 220 221 221 222 222 223 223 224 224 225 225 226 226 227 227 228 228 229 229 230 230 231 231 232 232 233 233 234 234 235 235 236 236 237 237 238 238 239 239 240 240 241 241 242 242 243 243 244 244 245 245 246 246 247 247 248 248 249 249 250 250 251 251 252 252 253 253 254 254 255 255 256 256 257 257 258 258 259 259 260 260 261 261 262 262 263 263 264 264 265 265 266 266 267 267 268 268 269 269 270 270 271 271 272 272 273 273 274 274 275 275 276 276 277 277 278 278 279 279 280 280 281 281 282 282 283 283 284 284 285 285 286 286 287 287 288 288 289 289 290 290 291 291 292 292 293 293 294 294 295 295 296 296 297 297 298 298 299 299 300 300 301 301 302 302 303 303 304 304 305 305 306 306 307 307 308 308 309 309 310 310 311 311 312 312 313 313 314 314 315 315 316 316 317 317 318 318 319 319 320 320 321 321 322 322 323 323 324 324 325 325 326 326 327 327 328 328 329 329 330 330 331 331 332 332 333 333 334 334 335 335 336 336 337 337 338 338 339 339 340 340 341 341 342 342 343 343 344 344 345 345 346 346 347 347 348 348 349 349 350 350 351 351 352 352 353 353 354 354 355 355 356 356 357 357 358 358 359 359 360 360 361 361 362 362 363 363 364 364 365 365 366 366 367 367 368 368 369 369 370 370 371 371 372 372 373 373 374 374 375 375 376 376 377 377 378 378 379 379 380 380 381 381 382 382 383 383 384 384 385 385 386 386 387 387 388 388 389 389 390 390 391 391 392 392 393 393 394 394 395 395 396 396 397 397 398 398 399 399 400 400 401 401 402 402 403 403 404 404 405 405 406 406 407 407 408 408 409 409 410 410 411 411 412 412 413 413 414 414 415 415 416 416 417 417 418 418 419 419 420 420 421 421 422 422 423 423 424 424 425 425 426 426 427 427 428 428 429 429 430 430 431 431 432 432 433 433 434 434 435 435 436 436 437 437 438 438 439 439 440 440 441 441 442 442 443 443 444 444 445 445 446 446 447 447 448 448 449 449 450 450 451 451 452 452 453 453 454 454 455 455 456 456 457 457 458 458 459 459 460 460 461 461 462 462 463 463 464 464 465 465 466 466 467 467 468 468 469 469 470 470 471 471 472 472 473 473 474 474 475 475 476 476 477 477 478 478 479 479 480 480 481 481 482 482 483 483 484 484 485 485 486 486 487 487 488 488 489 489 490 490 491 491 492 492 493 493 494 494 495 495 496 496 497 497 498 498 499 499 500 500 501 501 502 502 503 503 504 504 505 505 506 506 507 507 508 508 509 509 510 510 511 511 512 512 513 513 514 514 515 515 516 516 517 517 518 518 519 519 520 520 521 521 522 522 523 523 524 524 525 525 526 526 527 527 528 528 529 529 530 530 531 531 532 532 533 533 534 534 535 535 536 536 537 537 538 538 539 539 540 540 541 541 542 542 543 543 544 544 545 545 546 546 547 547 548 548 549 549 550 550 551 551 552 552 553 553 554 554 555 555 556 556 557 557 558 558 559 559 560 560 561 561 562 562 563 563 564 564 565 565 566 566 567 567 568 568 569 569 570 570 571 571 572 572 573 573 574 574 575 575 576 576 577 577 578 578 579 579 580 580 581 581 582 582 583 583 584 584 585 585 586 586 587 587 588 588 589 589 590 590 591 591 592 592 593 593 594 594 595 595 596 596 597 597 598 598 599 599 600 600 601 601 602 602 603 603 604 604 605 605 606 606 607 607 608 608 609 609 610 610 611 611 612 612 613 613 614 614 615 615 616 616 617 617 618 618 619 619 620 620 621 621 622 622 623 623 624 624 625 625 626 626 627 627 628 628 629 629 630 630 631 631 632 632 633 633 634 634 635 635 636 636 637 637 638 638 639 639 640 640 641 641 642 642 643 643 644 644 645 645 646 646 647 647 648 648 649 649 650 650 651 651 652 652 653 653 654 654 655 655 656 656 657 657 658 658 659 659 660 660 661 661 662 662 663 663 664 664 665 665 666 666 667 667 668 668 669 669 670 670 671 671 672 672 673 673 674 674 675 675 676 676 677 677 678 678 679 679 680 680 681 681 682 682 683 683 684 684 685 685 686 686 687 687 688 688 689 689 690 690 691 691 692 692 693 693 694 694 695 695 696 696 697 697 698 698 699 699 700 700 701 701 702 702 703 703 704 704 705 705 706 706 707 707 708 708 709 709 710 710 711 711 712 712 713 713 714 714 715 715 716 716 717 717 718 718 719 719 720 720 721 721 722 722 723 723 724 724 725 725 726 726 727 727 728 728 729 729 730 730 731 731 732 732 733 733 734 734 735 735 736 736 737 737 738 738 739 739 740 740 741 741 742 742 743 743 744 744 745 745 746 746 747 747 748 748 749 749 750 750 751 751 752 752 753 753 754 754 755 755 756 756 757 757 758 758 759 759 760 760 761 761 762 762 763 763 764 764 765 765 766 766 767 767 768 768 769 769 770 770 771 771 772 772 773 773 774 774 775 775 776 776 777 777 778 778 779 779 780 780 781 781 782 782 783 783 784 784 785 785 786 786 787 787 788 788 789 789 790 790 791 791 792 792 793 793 794 794 795 795 796 796 797 797 798 798 799 799 800 800 801 801 802 802 803 803 804 804 805 805 806 806 807 807 808 808 809 809 810 810 811 811 812 812 813 813 814 814 815 815 816 816 817 817 818 818 819 819 820 820 821 821 822 822 823 823 824 824 825 825 826 826 827 827 828 828 829 829 830 830 831 831 832 832 833 833 834 834 835 835 836 836 837 837 838 838 839 839 840 840 841 841 842 842 843 843 844 844 845 845 846 846 847 847 848 848 849 849 850 850 851 851 852 852 853 853 854 854 855 855 856 856 857 857 858 858 859 859 860 860 861 861 862 862 863 863 864 864 865 865 866 866 867 867 868 868 869 869 870 870 871 871 872 872 873 873 874 874 875 875 876 876 877 877 878 878 879 879 880 880 881 881 882 882 883 883 884 884 885 885 886 886 887 887 888 888 889 889 890 890 891 891 892 892 893 893 894 894 895 895 896 896 897 897 898 898 899 899 900 900 901 901 902 902 903 903 904 904 905 905 906 906 907 907 908 908 909 909 910 910 911 911 912 912 913 913 914 914 915 915 916 916 917 917 918 918 919 919 920 920 921 921 922 922 923 923 924 924 925 925 926 926 927 927 928 928 929 929 930 930 931 931 932 932 933 933 934 934 935 935 936 936 937 937 938 938 939 939 940 940 941 941 942 942 943 943 944 944 945 945 946 946 947 947 948 948 949 949 950 950 951 951 952 952 953 953 954 954 955 955 956 956 957 957 958 958 959 959 960 960 961 961 962 962 963 963 964 964 965 965 966 966 967 967 968 968 969 969 970 970 971 971 972 972 973 973 974 974 975 975 976 976 977 977 978 978 979 979 980 980 981 981 982 982 983 983 984 984 985 985 986 986 987 987 988 988 989 989 990 990 991 991 992 992 993 993 994 994 995 995 996 996 997 997 998 998 999 999 1000 1000 1001 1001 1002 1002 1003 1003 1004 1004 1005 1005 1006 1006 1007 1007 1008 1008 1009 1009 1010 1010 1011 1011 1012 1012 1013 1013 1014 1014 1015 1015 1016 1016 1017 1017 1018 1018 1019 1019 1020 1020 1021 1021 1022 1022 1023 1023 1024 1024 1025 1025 1026 1026 1027 1027 1028 1028 1029 1029 1030 1030 1031 1031 1032 1032 1033 1033 1034 1034 1035 1035 1036 1036 1037 1037 1038 1038 1039 1039 1040 1040 1041 1041 1042 1042 1043 1043 1044 1044 1045 1045 1046 1046 1047 1047 1048 1048 1049 1049 1050 1050 1051 1051 1052 1052 1053 1053 1054 1054 1055 1055 1056 1056 1057 1057 1058 1058 1059 1059 1060 1060 1061 1061 1062 1062 1063 1063 1064 1064 1065 1065 1066 1066 1067 1067 1068 1068 1069 1069 1070 1070 1071 1071 1072 1072 1073 1073 1074 1074 1075 1075 1076 1076 1077 1077 1078 1078 1079 1079 1080 1080 1081 1081 1082 1082 1083 1083 1084 1084 1085 1085 1086 1086 1087 1087 1088 1088 1089 1089 1090 1090 1091 1091 1092 1092 1093 1093 1094 1094 1095 1095 1096 1096 1097 1097 1098 1098 1099 1099 1100 1100 1101 1101 1102 1102 1103 1103 1104 1104 1105 1105 1106 1106 1107 1107 1108 1108 1109 1109 1110 1110 1111 1111 1112 1112 1113 1113 1114 1114 1115 1115 1116 1116 1117 1117 1118 1118 1119 1119 1120 1120 1121 1121 1122 1122 1123 1123 1124 1124 1125 1125 1126 1126 1127 1127 1128 1128 1129 1129 1130 1130 1131 1131 1132 1132 1133 1133 1134 1134 1135 1135 1136 1136 1137 1137 1138 1138 1139 1139 1140 1140 1141 1141 1142 1142 1143 1143 1144 1144 1145 1145 1146 1146 1147 1147 1148 1148 1149 1149 1150 1150 1151 1151 1152 1152 1153 1153 1154 1154 1155 1155 1156 1156 1157 1157 1158 1158 1159 1159 1160 1160 1161 1161 1162 1162 1163 1163 1164 1164 1165 1165 1166 1166 1167 1167 1168 1168 1169 1169 1170 1170 1171 1171 1172 1172 1173 1173 1174 1174 1175 1175 1176 1176 1177 1177 1178 1178 1179 1179 1180 1180 1181 1181 1182 1182 1183 1183 1184 1184 1185 1185 1186 1186 1187 1187 1188 1188 1189 1189 1190 1190 1191 1191 1192 1192 1193 1193 1194 1194 1195 1195 1196 1196 1197 1197 1198 1198 1199 1199 1200 1200 1201 1201 1202 1202 1203 1203 1204 1204 1205 1205 1206 1206 1207 1207 1208 1208 1209 1209 1210 1210 1211 1211 1212 1212 1213 1213 1214 1214 1215 1215 1216 1216 1217 1217 1218 1218 1219 1219 1220 1220 1221 1221 1222 1222 1223 1223 1224 1224 1225 1225 1226 1226 1227 1227 1228 1228 1229 1229 1230 1230 1231 1231 1232 1232 1233 1233 1234 1234 1235 1235 1236 1236 1237 1237 1238 1238 1239 1239 1240 1240 1241 1241 1242 1242 1243 1243 1244 1244 1245 1245 1246 1246 1247 1247 1248 1248 1249 1249 1250 1250 1251 1251 1252 1252 1253 1253 1254 1254 1255 1255 1256 1256 1257 1257 1258 1258 1259 1259 1260 1260 1261 1261 1262 1262 1263 1263 1264 1264 1265 1265 1266 1266 1267 1267 1268 1268 1269 1269 1270 1270 1271 1271 1272 1272 1273 1273 1274 1274 1275 1275 1276 1276 1277 1277 1278 1278 1279 1279 1280 1280 1281 1281 1282 1282 1283 1283 1284 1284 1285 1285 1286 1286 1287 1287 1288 1288 1289 1289 1290 1290 1291 1291 1292 1292 1293 1293 1294 1294 1295 1295 1296 1296 1297 1297 1298 1298 1299 1299 1300 1300 1301 1301 1302 1302 1303 1303 1304 1304 1305 1305 1306 1306 1307 1307 1308 1308 1309 1309 1310 1310 1311 1311 1312 1312 1313 1313 1314 1314 1315 1315 1316 1316 1317 1317 1318 1318 1319 1319 1320 1320 1321 1321 1322 1322 1323 1323 1324 1324 1325 1325 1326 1326 1327 1327 1328 1328 1329 1329 1330 1330 1331 1331 1332 1332 1333 1333 1334 1334 1335 1335 1336 1336 1337 1337 1338 1338 1339 1339 1340 1340 1341 1341 1342 1342 1343 1343 1344 1344 1345 1345 1346 1346 1347 1347 1348 1348 1349 1349 1350 1350 1351 1351 1352 1352 1353 1353 1354 1354 1355 1355 1356 1356 1357 1357 1358 1358 1359 1359 1360 1360 1361 1361 1362 1362 1363 1363 1364 1364 1365 1365 1366 1366 1367 1367 1368 1368 1369 1369 1370 1370 1371 1371 1372 1372 1373 1373 1374 1374 1375 1375 1376 1376 1377 1377 1378 1378 1379 1379 1380 1380 1381 1381 1382 1382 1383 1383 1384 1384 1385 1385 1386 1386 1387 1387 1388 1388 1389 1389 1390 1390 1391 1391 1392 1392 1393 1393 1394 1394 1395 1395 1396 1396 1397 1397 1398 1398 1399 1399 1400 1400 1401 1401 1402 1402 1403 1403 1404 1404 1405 1405 1406 1406 1407 1407 1408 1408 1409 1409 1410 1410 1411 1411 1412 1412 1413 1413 1414 1414 1415 1415 1416 1416 1417 1417 1418 1418 1419 1419 1420 1420 1421 1421 1422 1422 1423 1423 1424 1424 1425 1425 1426 1426 1427 1427 1428 1428 1429 1429 1430 1430 1431 1431 1432 1432 1433 1433 1434 1434 1435 1435 1436 1436 1437 1437 1438 1438 1439 1439 1440 1440 1441 1441 1442 1442 1443 1443 1444 1444 1445 1445 1446 1446 1447 1447 1448 1448 1449 1449 1450 1450 1451 1451 1452 1452 1453 1453 1454 1454 1455 1455 1456 1456 1457 1457 1458 1458 1459 1459 1460 1460 1461 1461 1462 1462 1463 1463 1464 1464 1465 1465 1466 1466 1467 1467 1468 1468 1469 1469 1470 1470 1471 1471 1472 1472 1473 1473 1474 1474 1475 1475 1476 1476 1477 1477 1478 1478 1479 1479 1480 1480 1481 1481 1482 1482 1483 1483 1484 1484 1485 1485 1486 1486 1487 1487 1488 1488 1489 1489 1490 1490 1491 1491 1492 1492 1493 1493 1494 1494 1495 1495 1496 1496 1497 1497 1498 1498 1499 1499 1500 1500 1501 1501 1502 1502 1503 1503 1504 1504 1505 1505 1506 1506 1507 1507 1508 1508 1509 1509 1510 1510 1511 1511 1512 1512 1513 1513 1514 1514 1515 1515 1516 1516 1517 1517 1518 1518 1519 1519 1520 1520 1521 1521 1522 1522 1523 1523 1524 1524 1525 1525 1526 1526 1527 1527 1528 1528 1529 1529 1530 1530 1531 1531 1532 1532 1533 1533 1534 1534 1535 1535 1536 1536 1537 1537 1538 1538 1539 1539 1540 1540 1541 1541 1542 1542 1543 1543 1544 1544 1545 1545 1546 1546 1547 1547 1548 1548 1549 1549 1550 1550 1551 1551 1552 1552 1553 1553 1554 1554 1555 1555 1556 1556 1557 1557 1558 1558 1559 1559 1560 1560 1561 1561 1562 1562 1563 1563 1564 1564 1565 1565 1566 1566 1567 1567 1568 1568 1569 1569 1570 1570 1571 1571 1572 1572 1573 1573 1574 1574 1575 1575 1576 1576 1577 1577 1578 1578 1579 1579 1580 1580 1581 1581 1582 1582 1583 1583 1584 1584 1585 1585 1586 1586 1587 1587 1588 1588 1589 1589 1590 1590 1591 1591 1592 1592 1593 1593 1594 1594 1595 1595 1596 1596 1597 1597 1598 1598 1599 1599 1600 1600 1601 1601 1602 1602 1603 1603 1604 1604 1605 1605 1606 1606 1607 1607 1608 1608 1609 1609 1610 1610 1611 1611 1612 1612 1613 1613 1614 1614 1615 1615 1616 1616 1617 1617 1618 1618 1619 1619 1620 1620 1621 1621 1622 1622 1623 1623 1624 1624 1625 1625 1626 1626 1627 1627 1628 1628 1629 1629 1630 1630 1631 1631 1632 1632 1633 1633 1634 1634 1635 1635 1636 1636 1637 1637 1638 1638 1639 1639 1640 1640 1641 1641 1642 1642 1643 1643 1644 1644 1645 1645 1646 1646 1647 1647 1648 1648 1649 1649 1650 1650 1651 1651 1652 1652 1653 1653 1654 1654 1655 1655 1656 1656 1657 1657 1658 1658 1659 1659 1660 1660 1661 1661 1662 1662 1663 1663 1664 1664 1665 1665 1666 1666 1667 1667 1668 1668 1669 1669 1670 1670 1671 1671 1672 1672 1673 1673 1674 1674 1675 1675 1676 1676 1677 1677 1678 1678 1679 1679 1680 1680 1681 1681 1682 1682 1683 1683 1684 1684 1685 1685 1686 1686 1687 1687 1688 1688 1689 1689 1690 1690 1691 1691 1692 1692 1693 1693 1694 1694 1695 1695 1696 1696 1697 1697 1698 1698 1699 1699 1700 1700 1701 1701 1702 1702 1703 1703 1704 1704 1705 1705 1706 1706 1707 1707 1708 1708 1709 1709 1710 1710 1711 1711 1712 1712 1713 1713 1714 1714 1715 1715 1716 1716 1717 1717 1718 1718 1719 1719 1720 1720 1721 1721 1722 1722 1723 1723 1724 1724 1725 1725 1726 1726 1727 1727 1728 1728 1729 1729 1730 1730 1731 1731 1732 1732 1733 1733 1734 1734 1735 1735 1736 1736 1737 1737 1738 1738 1739 1739 1740 1740 1741 1741 1742 1742 1743 1743 1744 1744 1745 1745 1746 1746 1747 1747 1748 1748 1749 1749 1750 1750 1751 1751 1752 1752 1753 1753 1754 1754 1755 1755 1756 1756 1757 1757 1758 1758 1759 1759 1760 1760 1761 1761 1762 1762 1763 1763 1764 1764 1765 1765 1766 1766 1767 1767 1768 1768 1769 1769 1770 1770 1771 1771 1772 1772 1773 1773 1774 1774 1775 1775 1776 1776 1777 1777 1778 1778 1779 1779 1780 1780 1781 1781 1782 1782 1783 1783 1784 1784 1785 1785 1786 1786 1787 1787 1788 1788 1789 1789 1790 1790 1791 1791 1792 1792 1793 1793 1794 1794 1795 1795 1796 1796 1797 1797 1798 1798 1799 1799 1800 1800 1801 1801 1802 1802 1803 1803 1804 1804 1805 1805 1806 1806 1807 1807 1808 1808 1809 1809 1810 1810 1811 1811 1812 1812 1813 1813 1814 1814 1815 1815 1816 1816 1817 1817 1818 1818 1819 1819 1820 1820 1821 1821 1822 1822 1823 1823 1824 1824 1825 1825 1826 1826 1827 1827 1828 1828 1829 1829 1830 1830 1831 1831 1832 1832 1833 1833 1834 1834 1835 1835 1836 1836 1837 1837 1838 1838 1839 1839 1840 1840 1841 1841 1842 1842 1843 1843 1844 1844 1845 1845 1846 1846 1847 1847 1848 1848 1849 1849 1850 1850 1851 1851 1852 1852 1853 1853 1854 1854 1855 1855 1856 1856 1857 1857 1858 1858 1859 1859 1860 1860 1861 1861 1862 1862 1863 1863 1864 1864 1865 1865 1866 1866 1867 1867 1868 1868 1869 1869 1870 1870 1871 1871 1872 1872 1873 1873 1874 1874 1875 1875 1876 1876 1877 1877 1878 1878 1879 1879 1880 1880 1881 1881 1882 1882 1883 1883 1884 1884 1885 1885 1886 1886 1887 1887 1888 1888 1889 1889 1890 1890 1891 1891 1892 1892 1893 1893 1894 1894 1895 1895 1896 1896 1897 1897 1898 1898 1899 1899 1900 1900 1901 1901 1902 1902 1903 1903 1904 1904 1905 1905 1906 1906 1907 1907 1908 1908 1909 1909 1910 1910 1911 1911 1912 1912 1913 1913 1914 1914 1915 1915 1916 1916 1917 1917 1918 1918 1919 1919 1920 1920 1921 1921 1922 1922 1923 1923 1924 1924 1925 1925 1926 1926 1927 1927 1928 1928 1929 1929 1930 1930 1931 1931 1932 1932 1933 1933 1934 1934 1935 1935 1936 1936 1937 1937 1938 1938 1939 1939 1940 1940 1941 1941 1942 1942 1943 1943 1944 1944 1945 1945 1946 1946 1947 1947 1948 1948 1949 1949 1950 1950 1951 1951 1952 1952 1953 1953 1954 1954 1955 1955 1956 1956 1957 1957 1958 1958 1959 1959 1960 1960 1961 1961 1962 1962 1963 1963 1964 1964 1965 1965 1966 1966 1967 1967 1968 1968 1969 1969 1970 1970 1971 1971 1972 1972 1973 1973 1974 1974 1975 1975 1976 1976 1977 1977 1978 1978 1979 1979 1980 1980 1981 1981 1982 1982 1983 1983 1984 1984 1985 1985 1986 1986 1987 1987 1988 1988 1989 1989 1990 1990 1991 1991 1992 1992 1993 1993 1994 1994 1995 1995 1996 1996 1997 1997 1998 1998 1999 1999 0 
        </DataArray>
        <DataArray type="Int64" Name="offsets" format="ascii">
2 4 6 8 10 12 14 16 18 20 22 24 26 28 30 32 34 36 38 40 42 44 46 48 50 52 54 56 58 60 62 64 66 68 70 72 74 76 78 80 82 84 86 88 90 92 94 96 98 100 102 104 106 108 110 112 114 116 118 120 122 124 126 128 130 132 134 136 138 140 142 144 146 148 150 152 154 156 158 160 162 164 166 168 170 172 174 176 178 180 182 184 186 188 190 192 194 196 198 200 202 204 206 208 210 212 214 216 218 220 222 224 226 228 230 232 234 236 238 240 242 244 246 248 250 252 254 256 258 260 262 264 266 268 270 272 274 276 278 280 282 284 286 288 290 292 294 296 298 300 302 304 306 308 310 312 314 316 318 320 322 324 326 328 330 332 334 336 338 340 342 344 346 348 350 352 354 356 358 360 362 364 366 368 370 372 374 376 378 380 382 384 386 388 390 392 394 396 398 400 402 404 406 408 410 412 414 416 418 420 422 424 426 428 430 432 434 436 438 440 442 444 446 448 450 452 454 456 458 460 462 464 466 468 470 472 474 476 478 480 482 484 486 488 490 492 494 496 498 500 502 504 506 508 510 512 514 516 518 520 522 524 526 528 530 532 534 536 538 540 542 544 546 548 550 552 554 556 558 560 562 564 566 568 570 572 574 576 578 580 582 584 586 588 590 592 594 596 598 600 602 604 606 608 610 612 614 616 618 620 622 624 626 628 630 632 634 636 638 640 642 644 646 648 650 652 654 656 658 660 662 664 666 668 670 672 674 676 678 680 682 684 686 688 690 692 694 696 698 700 702 704 706 708 710 712 714 716 718 720 722 724 726 728 730 732 734 736 738 740 742 744 746 748 750 752 754 756 758 760 762 764 766 768 770 772 774 776 778 780 782 784 786 788 790 792 794 796 798 800 802 804 806 808 810 812 814 816 818 820 822 824 826 828 830 832 834 836 838 840 842 844 846 848 850 852 854 856 858 860 862 864 866 868 870 872 874 876 878 880 882 884 886 888 890 892 894 896 898 900 902 904 906 908 910 912 914 916 918 920 922 924 926 928 930 932 934 936 938 940 942 944 946 948 950 952 954 956 958 960 962 964 966 968 970 972 974 976 978 980 982 984 986 988 990 992 994 996 998 1000 1002 1004 1006 1008 1010 1012 1014 1016 1018 1020 1022 1024 1026 1028 1030 1032 1034 1036 1038 1040 1042 1044 1046 1048 1050 1052 1054 1056 1058 1060 1062 1064 1066 1068 1070 1072 1074 1076 1078 1080 1082 1084 1086 1088 1090 1092 1094 1096 1098 1100 1102 1104 1106 1108 1110 1112 1114 1116 1118 1120 1122 1124 1126 1128 1130 1132 1134 1136 1138 1140 1142 1144 1146 1148 1150 1152 1154 1156 1158 1160 1162 1164 1166 1168 1170 1172 1174 1176 1178 1180 1182 1184 1186 1188 1190 1192 1194 1196 1198 1200 1202 1204 1206 1208 1210 1212 1214 1216 1218 1220 1222 1224 1226 1228 1230 1232 1234 1236 1238 1240 1242 1244 1246 1248 1250 1252 1254 1256 1258 1260 1262 1264 1266 1268 1270 1272 1274 1276 1278 1280 1282 1284 1286 1288 1290 1292 1294 1296 1298 1300 1302 1304 1306 1308 1310 1312 1314 1316 1318 1320 1322 1324 1326 1328 1330 1332 1334 1336 1338 1340 1342 1344 1346 1348 1350 1352 1354 1356 1358 1360 1362 1364 1366 1368 1370 1372 1374 1376 1378 1380 1382 1384 1386 1388 1390 1392 1394 1396 1398 1400 1402 1404 1406 1408 1410 1412 1414 1416 1418 1420 1422 1424 1426 1428 1430 1432 1434 1436 1438 1440 1442 1444 1446 1448 1450 1452 1454 1456 1458 1460 1462 1464 1466 1468 1470 1472 1474 1476 1478 1480 1482 1484 1486 1488 1490 1492 1494 1496 1498 1500 1502 1504 1506 1508 1510 1512 1514 1516 1518 1520 1522 1524 1526 1528 1530 1532 1534 1536 1538 1540 1542 1544 1546 1548 1550 1552 1554 1556 1558 1560 1562 1564 1566 1568 1570 1572 1574 1576 1578 1580 1582 1584 1586 1588 1590 1592 1594 1596 1598 1600 1602 1604 1606 1608 1610 1612 1614 1616 1618 1620 1622 1624 1626 1628 1630 1632 1634 1636 1638 1640 1642 1644 1646 1648 1650 1652 1654 1656 1658 1660 1662 1664 1666 1668 1670 1672 1674 1676 1678 1680 1682 1684 1686 1688 1690 1692 1694 1696 1698 1700 1702 1704 1706 1708 1710 1712 1714 1716 1718 1720 1722 1724 1726 1728 1730 1732 1734 1736 1738 1740 1742 1744 1746 1748 1750 1752 1754 1756 1758 1760 1762 1764 1766 1768 1770 1772 1774 1776 1778 1780 1782 1784 1786 1788 1790 1792 1794 1796 1798 1800 1802 1804 1806 1808 1810 1812 1814 1816 1818 1820 1822 1824 1826 1828 1830 1832 1834 1836 1838 1840 1842 1844 1846 1848 1850 1852 1854 1856 1858 1860 1862 1864 1866 1868 1870 1872 1874 1876 1878 1880 1882 1884 1886 1888 1890 1892 1894 1896 1898 1900 1902 1904 1906 1908 1910 1912 1914 1916 1918 1920 1922 1924 1926 1928 1930 1932 1934 1936 1938 1940 1942 1944 1946 1948 1950 1952 1954 1956 1958 1960 1962 1964 1966 1968 1970 1972 1974 1976 1978 1980 1982 1984 1986 1988 1990 1992 1994 1996 1998 2000 2002 2004 2006 2008 2010 2012 2014 2016 2018 2020 2022 2024 2026 2028 2030 2032 2034 2036 2038 2040 2042 2044 2046 2048 2050 2052 2054 2056 2058 2060 2062 2064 2066 2068 2070 2072 2074 2076 2078 2080 2082 2084 2086 2088 2090 2092 2094 2096 2098 2100 2102 2104 2106 2108 2110 2112 2114 2116 2118 2120 2122 2124 2126 2128 2130 2132 2134 2136 2138 2140 2142 2144 2146 2148 2150 2152 2154 2156 2158 2160 2162 2164 2166 2168 2170 2172 2174 2176 2178 2180 2182 2184 2186 2188 2190 2192 2194 2196 2198 2200 2202 2204 2206 2208 2210 2212 2214 2216 2218 2220 2222 2224 2226 2228 2230 2232 2234 2236 2238 2240 2242 2244 2246 2248 2250 2252 2254 2256 2258 2260 2262 2264 2266 2268 2270 2272 2274 2276 2278 2280 2282 2284 2286 2288 2290 2292 2294 2296 2298 2300 2302 2304 2306 2308 2310 2312 2314 2316 2318 2320 2322 2324 2326 2328 2330 2332 2334 2336 2338 2340 2342 2344 2346 2348 2350 2352 2354 2356 2358 2360 2362 2364 2366 2368 2370 2372 2374 2376 2378 2380 2382 2384 2386 2388 2390 2392 2394 2396 2398 2400 2402 2404 2406 2408 2410 2412 2414 2416 2418 2420 2422 2424 2426 2428 2430 2432 2434 2436 2438 2440 2442 2444 2446 2448 2450 2452 2454 2456 2458 2460 2462 2464 2466 2468 2470 2472 2474 2476 2478 2480 2482 2484 2486 2488 2490 2492 2494 2496 2498 2500 2502 2504 2506 2508 2510 2512 2514 2516 2518 2520 2522 2524 2526 2528 2530 2532 2534 2536 2538 2540 2542 2544 2546 2548 2550 2552 2554 2556 2558 2560 2562 2564 2566 2568 2570 2572 2574 2576 2578 2580 2582 2584 2586 2588 2590 2592 2594 2596 2598 2600 2602 2604 2606 2608 2610 2612 2614 2616 2618 2620 2622 2624 2626 2628 2630 2632 2634 2636 2638 2640 2642 2644 2646 2648 2650 2652 2654 2656 2658 2660 2662 2664 2666 2668 2670 2672 2674 2676 2678 2680 2682 2684 2686 2688 2690 2692 2694 2696 2698 2700 2702 2704 2706 2708 2710 2712 2714 2716 2718 2720 2722 2724 2726 2728 2730 2732 2734 2736 2738 2740 2742 2744 2746 2748 2750 2752 2754 2756 2758 2760 2762 2764 2766 2768 2770 2772 2774 2776 2778 2780 2782 2784 2786 2788 2790 2792 2794 2796 2798 2800 2802 2804 2806 2808 2810 2812 2814 2816 2818 2820 2822 2824 2826 2828 2830 2832 2834 2836 2838 2840 2842 2844 2846 2848 2850 2852 2854 2856 2858 2860 2862 2864 2866 2868 2870 2872 2874 2876 2878 2880 2882 2884 2886 2888 2890 2892 2894 2896 2898 2900 2902 2904 2906 2908 2910 2912 2914 2916 2918 2920 2922 2924 2926 2928 2930 2932 2934 2936 2938 2940 2942 2944 2946 2948 2950 2952 2954 2956 2958 2960 2962 2964 2966 2968 2970 2972 2974 2976 2978 2980 2982 2984 2986 2988 2990 2992 2994 2996 2998 3000 3002 3004 3006 3008 3010 3012 3014 3016 3018 3020 3022 3024 3026 3028 3030 3032 3034 3036 3038 3040 3042 3044 3046 3048 3050 3052 3054 3056 3058 3060 3062 3064 3066 3068 3070 3072 3074 3076 3078 3080 3082 3084 3086 3088 3090 3092 3094 3096 3098 3100 3102 3104 3106 3108 3110 3112 3114 3116 3118 3120 3122 3124 3126 3128 3130 3132 3134 3136 3138 3140 3142 3144 3146 3148 3150 3152 3154 3156 3158 3160 3162 3164 3166 3168 3170 3172 3174 3176 3178 3180 3182 3184 3186 3188 3190 3192 3194 3196 3198 3200 3202 3204 3206 3208 3210 3212 3214 3216 3218 3220 3222 3224 3226 3228 3230 3232 3234 3236 3238 3240 3242 3244 3246 3248 3250 3252 3254 3256 3258 3260 3262 3264 3266 3268 3270 3272 3274 3276 3278 3280 3282 3284 3286 3288 3290 3292 3294 3296 3298 3300 3302 3304 3306 3308 3310 3312 3314 3316 3318 3320 3322 3324 3326 3328 3330 3332 3334 3336 3338 3340 3342 3344 3346 3348 3350 3352 3354 3356 3358 3360 3362 3364 3366 3368 3370 3372 3374 3376 3378 3380 3382 3384 3386 3388 3390 3392 3394 3396 3398 3400 3402 3404 3406 3408 3410 3412 3414 3416 3418 3420 3422 3424 3426 3428 3430 3432 3434 3436 3438 3440 3442 3444 3446 3448 3450 3452 3454 3456 3458 3460 3462 3464 3466 3468 3470 3472 3474 3476 3478 3480 3482 3484 3486 3488 3490 3492 3494 3496 3498 3500 3502 3504 3506 3508 3510 3512 3514 3516 3518 3520 3522 3524 3526 3528 3530 3532 3534 3536 3538 3540 3542 3544 3546 3548 3550 3552 3554 3556 3558 3560 3562 3564 3566 3568 3570 3572 3574 3576 3578 3580 3582 3584 3586 3588 3590 3592 3594 3596 3598 3600 3602 3604 3606 3608 3610 3612 3614 3616 3618 3620 3622 3624 3626 3628 3630 3632 3634 3636 3638 3640 3642 3644 3646 3648 3650 3652 3654 3656 3658 3660 3662 3664 3666 3668 3670 3672 3674 3676 3678 3680 3682 3684 3686 3688 3690 3692 3694 3696 3698 3700 3702 3704 3706 3708 3710 3712 3714 3716 3718 3720 3722 3724 3726 3728 3730 3732 3734 3736 3738 3740 3742 3744 3746 3748 3750 3752 3754 3756 3758 3760 3762 3764 3766 3768 3770 3772 3774 3776 3778 3780 3782 3784 3786 3788 3790 3792 3794 3796 3798 3800 3802 3804 3806 3808 3810 3812 3814 3816 3818 3820 3822 3824 3826 3828 3830 3832 3834 3836 3838 3840 3842 3844 3846 3848 3850 3852 3854 3856 3858 3860 3862 3864 3866 3868 3870 3872 3874 3876 3878 3880 3882 3884 3886 3888 3890 3892 3894 3896 3898 3900 3902 3904 3906 3908 3910 3912 3914 3916 3918 3920 3922 3924 3926 3928 3930 3932 3934 3936 3938 3940 3942 3944 3946 3948 3950 3952 3954 3956 3958 3960 3962 3964 3966 3968 3970 3972 3974 3976 3978 3980 3982 3984 3986 3988 3990 3992 3994 3996 3998 4000 
        </DataArray>
      </Polys>
      <CellData Scalars="Pressure">
        <DataArray type="Float64" Name="Pressure" format="ascii">
847332 846718 846090 845397 844051 842722 841372 840287 839184 838099 836173 834214 832212 830599 829020 827467 825645 823769 821847 820269 818818 817391 816378 815684 814987 814153 813138 812126 811370 811034 810705 810222 809336 809920 809086 808309 807521 805161 804033 802954 801884 800214 798494 796780 795191 793663 792129 790333 788406 786490 784837 783383 781923 780306 778472 777861 776204 774678 773123 770081 768611 767196 765739 763984 762160 760325 758773 757274 755775 754114 752365 752232 750439 748711 746965 743117 741379 739718 737924 735862 733753 731733 730107 728556 728504 726550 724561 722628 718715 716782 714868 713225 711775 710419 708977 708451 706750 703835 702284 700792 699308 698247 697310 696478 696694 698110 698986 693084 681449 669202 656828 653701 651518 650361 649778 646647 643496 634028 631901 630266 628754 626330 628504 625911 620351 617962 615479 613208 611184 609316 609169 606849 604485 602389 596964 594824 592634 590740 592361 590962 587617 587514 587563 587765 587438 588325 587470 584873 584502 584285 584217 583885 584572 584049 582364 582925 583850 585114 585854 586302 586870 581630 571061 559516 546605 540945 533597 531301 511512 509759 508877 517244 512312 513710 515290 517002 517023 517623 516992 514079 513644 513441 513466 513475 513710 514275 515188 515386 516302 516461 514874 515524 516491 517743 518991 519949 520921 521878 522345 523110 523349 523504 522251 522490 524101 523172 523423 523781 524257 524823 525621 526509 527518 528529 529345 530159 531318 533120 534806 536295 536563 538850 535584 531495 525087 518936 518786 519830 522102 526162 528016 529521 530729 531607 532559 533238 533668 533833 533692 533442 533101 532678 532043 530987 529943 528955 527802 525619 523444 522477 520862 519291 517737 516238 514092 513083 509390 506847 505825 505749 503638 501092 498476 495876 493487 491623 489706 487799 485832 483877 481877 479898 477660 475941 473900 471918 469477 467653 465265 462946 460558 458019 455441 453534 450002 447533 444672 442676 439635 436183 432922 429957 428983 429328 429642 429269 425318 423402 419785 416743 414278 411967 409909 408326 406213 404086 401901 399730 397518 395173 392813 389698 387190 384406 382020 379662 377883 376410 375191 374333 375493 376159 376667 377422 377304 378795 377862 376761 375817 374325 374489 366876 365972 365278 363000 359898 355876 358225 364329 366786 366676 363319 359338 354866 353835 353880 353528 348399 336896 317753 293471 224705 144279 69624.7 40019.2 28406.5 29035.1 29622 28672.4 29248.4 29791.8 30410.6 30991.5 31416.9 33212 32294.5 32955.9 33550.7 34265.9 34889 35403.6 36981 37592.9 36875.1 37496.5 38291.7 38949 39448.4 40622.2 41338.6 42064.6 40801.7 41659.7 42458.5 43273.1 44191.1 44976.6 45605.5 48278.7 49338.9 47632.5 48746.6 49837.6 50812.2 51888.5 53185.5 54370.5 55939.1 56230.8 56398.8 56604.5 57050.3 59936.5 60604.3 61272.2 61897.4 62549.6 63256 63940.6 64560.3 65156.5 65691.8 66202.1 70169.9 64069.8 64088.5 64038.8 65569.5 66509.1 67404.4 68309.8 66551.1 67461.8 68393.1 69384.5 70329.8 71291.1 72290.3 73245.4 74135.4 75111.7 75970.8 76743 80044.1 81069.7 78907.3 80086.6 81273.6 82443.5 83572.3 84688.7 85747.6 86853.9 87949 88982 89960.4 90924.9 91754.6 94277.5 95187.9 96152.5 97123.2 94576.3 95741.3 96932.4 98219.6 99525.1 100804 102181 103534 104892 106232 107582 108891 110278 111648 113001 114303 115587 116802 118012 119153 120229 122969 123829 124676 125606 126775 127969 129131 130338 131513 132714 129880 130958 132021 133542 135032 136535 137913 139297 140651 142208 143769 145344 146855 148370 149850 151512 153223 154950 156582 158188 159757 161350 162915 164492 166156 168023 169849 171690 173484 175292 177151 179340 181490 183656 190323 192313 194244 196162 198023 199921 201766 203636 205440 202472 204495 206572 208534 210491 212405 214372 216298 218228 220315 222576 224793 227011 229141 231277 233539 236148 238727 241305 243697 246130 248503 255631 257906 254710 257076 259579 262140 264241 266177 268064 270365 272836 275260 277613 279842 282071 284570 287476 296186 298583 300607 302589 298101 301072 304081 307217 310133 313116 316068 319072 322041 325074 333669 336607 339410 335725 339362 343285 346872 349462 351920 354439 357695 361092 369796 371832 373687 375540 370334 372987 375708 378376 380847 383443 391753 393276 394647 396455 391244 394059 396984 399904 402836 412133 414150 416086 417931 413782 416924 420214 423544 426688 436122 439194 434964 438348 441771 445347 448972 452777 463175 465675 467950 470231 465723 470240 474986 479862 489826 493159 496903 493295 499300 505936 511610 520303 523380 527391 524608 529761 535074 539841 549928 553648 549247 555382 561926 569100 574393 583734 587099 583814 589281 595033 600884 612894 617120 621213 626501 624468 631346 638750 644306 647957 651702 655667 658459 660798 668796 664007 667562 671359 675277 685859 688444 698274 693445 688435 690872 700894 695093 698447 702027 705952 709753 722482 726010 732664 726901 734880 756484 784228 780568 813179 846555 877896 889840 901730 913180 910313 847227 810776 785824 770215 765938 770093 771849 768581 772158 775825 787616 783967 789459 795151 800857 806835 812826 818948 825002 830989 846003 862205 859113 856077 865376 887135 899792 900102 919584 958358 988446 1.00117e+06 1.06122e+06 1.12903e+06 1.23737e+06 1.2592e+06 1.30021e+06 1.30487e+06 1.27417e+06 1.25174e+06 1.19341e+06 1.13148e+06 1.06909e+06 1.01325e+06 974762 954349 939551 937895 935421 926716 926056 933497 936103 928252 932005 947575 952229 962215 957888 970549 1.00042e+06 1.0241e+06 1.02269e+06 1.05849e+06 1.133e+06 1.18084e+06 1.20993e+06 1.24184e+06 1.27129e+06 1.29738e+06 1.317e+06 1.33082e+06 1.32481e+06 1.31249e+06 1.30265e+06 1.29498e+06 1.29345e+06 1.28608e+06 1.28335e+06 1.28128e+06 1.28511e+06 1.28567e+06 1.28192e+06 1.28346e+06 1.29068e+06 1.29307e+06 1.2953e+06 1.29339e+06 1.29512e+06 1.29715e+06 1.29947e+06 1.30725e+06 1.30485e+06 1.30786e+06 1.3111e+06 1.32025e+06 1.32327e+06 1.32099e+06 1.3237e+06 1.33162e+06 1.33895e+06 1.33602e+06 1.33267e+06 1.33453e+06 1.33652e+06 1.33879e+06 1.34705e+06 1.34912e+06 1.3455e+06 1.34732e+06 1.35481e+06 1.36151e+06 1.35883e+06 1.36083e+06 1.35758e+06 1.35983e+06 1.36267e+06 1.37281e+06 1.37619e+06 1.3799e+06 1.37915e+06 1.38274e+06 1.3863e+06 1.39026e+06 1.39449e+06 1.4033e+06 1.40245e+06 1.40653e+06 1.41627e+06 1.42479e+06 1.4249e+06 1.42926e+06 1.4278e+06 1.43173e+06 1.43604e+06 1.44815e+06 1.45295e+06 1.4574e+06 1.45719e+06 1.46094e+06 1.46468e+06 1.46879e+06 1.47916e+06 1.48333e+06 1.48755e+06 1.48743e+06 1.49124e+06 1.49543e+06 1.5e+06 1.51182e+06 1.51664e+06 1.52167e+06 1.52271e+06 1.52665e+06 1.53075e+06 1.53517e+06 1.54552e+06 1.5497e+06 1.55379e+06 1.55396e+06 1.55742e+06 1.56115e+06 1.56501e+06 1.56959e+06 1.57434e+06 1.57933e+06 1.58811e+06 1.58865e+06 1.59252e+06 1.59653e+06 1.60023e+06 1.60421e+06 1.60834e+06 1.61734e+06 1.62113e+06 1.6252e+06 1.62508e+06 1.62966e+06 1.63414e+06 1.63855e+06 1.64249e+06 1.64664e+06 1.65088e+06 1.65876e+06 1.65843e+06 1.66191e+06 1.66617e+06 1.67083e+06 1.67539e+06 1.67973e+06 1.68369e+06 1.68783e+06 1.69565e+06 1.69923e+06 1.69921e+06 1.70264e+06 1.70693e+06 1.71139e+06 1.71578e+06 1.71984e+06 1.72373e+06 1.72779e+06 1.7353e+06 1.73866e+06 1.74201e+06 1.74331e+06 1.74845e+06 1.75358e+06 1.7585e+06 1.76271e+06 1.76716e+06 1.772e+06 1.77585e+06 1.77953e+06 1.78312e+06 1.78968e+06 1.79321e+06 1.79491e+06 1.79786e+06 1.80037e+06 1.80305e+06 1.80634e+06 1.81035e+06 1.81441e+06 1.81825e+06 1.82142e+06 1.82462e+06 1.83136e+06 1.83438e+06 1.83757e+06 1.84079e+06 1.8419e+06 1.8457e+06 1.8495e+06 1.85241e+06 1.85514e+06 1.85795e+06 1.86136e+06 1.86503e+06 1.86874e+06 1.87215e+06 1.87539e+06 1.87864e+06 1.88201e+06 1.88536e+06 1.88871e+06 1.89402e+06 1.89692e+06 1.89981e+06 1.90282e+06 1.9038e+06 1.90692e+06 1.91e+06 1.91345e+06 1.91684e+06 1.92027e+06 1.9232e+06 1.92614e+06 1.92904e+06 1.93244e+06 1.93587e+06 1.93934e+06 1.94224e+06 1.945e+06 1.94775e+06 1.95091e+06 1.95424e+06 1.9576e+06 1.96064e+06 1.96347e+06 1.96629e+06 1.96934e+06 1.97258e+06 1.97586e+06 1.97882e+06 1.98122e+06 1.98359e+06 1.98823e+06 1.99092e+06 1.9937e+06 1.99643e+06 1.99926e+06 2.00201e+06 2.00482e+06 2.00732e+06 2.00987e+06 2.01236e+06 2.01511e+06 2.01779e+06 2.02055e+06 2.02294e+06 2.02534e+06 2.02769e+06 2.0302e+06 2.03269e+06 2.03523e+06 2.03747e+06 2.03968e+06 2.04183e+06 2.04406e+06 2.04624e+06 2.04847e+06 2.05065e+06 2.05289e+06 2.05507e+06 2.05711e+06 2.05895e+06 2.06084e+06 2.06174e+06 2.06337e+06 2.06496e+06 2.0665e+06 2.06785e+06 2.06923e+06 2.07057e+06 2.07192e+06 2.07325e+06 2.07457e+06 2.07558e+06 2.07661e+06 2.07762e+06 2.07856e+06 2.07949e+06 2.08044e+06 2.08129e+06 2.08217e+06 2.08303e+06 2.0837e+06 2.08433e+06 2.08496e+06 2.08558e+06 2.08619e+06 2.0868e+06 2.08735e+06 2.08784e+06 2.08833e+06 2.08987e+06 2.0904e+06 2.09093e+06 2.09145e+06 2.09198e+06 2.09257e+06 2.0924e+06 2.09249e+06 2.09255e+06 2.09261e+06 2.09281e+06 2.09302e+06 2.09321e+06 2.09335e+06 2.09349e+06 2.09364e+06 2.0938e+06 2.09395e+06 2.0941e+06 2.09541e+06 2.09566e+06 2.09598e+06 2.09538e+06 2.09516e+06 2.0949e+06 2.09465e+06 2.09444e+06 2.09423e+06 2.09399e+06 2.09369e+06 2.09341e+06 2.09315e+06 2.09295e+06 2.09366e+06 2.09341e+06 2.09309e+06 2.09285e+06 2.09267e+06 2.09184e+06 2.09157e+06 2.09127e+06 2.09083e+06 2.09033e+06 2.08982e+06 2.08936e+06 2.08974e+06 2.08934e+06 2.08825e+06 2.08739e+06 2.08646e+06 2.08551e+06 2.08534e+06 2.08518e+06 2.085e+06 2.08415e+06 2.08309e+06 2.08281e+06 2.08173e+06 2.08075e+06 2.07983e+06 2.07797e+06 2.07688e+06 2.07578e+06 2.07463e+06 2.07362e+06 2.07265e+06 2.07245e+06 2.07076e+06 2.06974e+06 2.06867e+06 2.06782e+06 2.06719e+06 2.06652e+06 2.06571e+06 2.06558e+06 2.06441e+06 2.0635e+06 2.06152e+06 2.06064e+06 2.05973e+06 2.05887e+06 2.05805e+06 2.05724e+06 2.05761e+06 2.0566e+06 2.05563e+06 2.05467e+06 2.05232e+06 2.0514e+06 2.05047e+06 2.04952e+06 2.04972e+06 2.04875e+06 2.04705e+06 2.0463e+06 2.04562e+06 2.04504e+06 2.04453e+06 2.04422e+06 2.04382e+06 2.04306e+06 2.04281e+06 2.04267e+06 2.04264e+06 2.04674e+06 2.0527e+06 2.05767e+06 2.04926e+06 2.03991e+06 2.03231e+06 2.02673e+06 2.02659e+06 2.02429e+06 2.0254e+06 2.00846e+06 2.0035e+06 1.99955e+06 1.99649e+06 2.00152e+06 1.99593e+06 1.99114e+06 1.98631e+06 1.98465e+06 1.98283e+06 1.9842e+06 1.97944e+06 1.97788e+06 1.97626e+06 1.97444e+06 1.97214e+06 1.97163e+06 1.96954e+06 1.96536e+06 1.96331e+06 1.9613e+06 1.95924e+06 1.95878e+06 1.95645e+06 1.95433e+06 1.94916e+06 1.94702e+06 1.94484e+06 1.94556e+06 1.94112e+06 1.93945e+06 1.93778e+06 1.93617e+06 1.93409e+06 1.93367e+06 1.9317e+06 1.92752e+06 1.92559e+06 1.92381e+06 1.92409e+06 1.92066e+06 1.91947e+06 1.91848e+06 1.91768e+06 1.91723e+06 1.91557e+06 1.91552e+06 1.91442e+06 1.91429e+06 1.91938e+06 1.92375e+06 1.91021e+06 1.89745e+06 1.87534e+06 1.84857e+06 1.81881e+06 1.81264e+06 1.80939e+06 1.80916e+06 1.8117e+06 1.81407e+06 1.81627e+06 1.81823e+06 1.81967e+06 1.82291e+06 1.8224e+06 1.82176e+06 1.81779e+06 1.81678e+06 1.81859e+06 1.8178e+06 1.81396e+06 1.81299e+06 1.81236e+06 1.81428e+06 1.81351e+06 1.80991e+06 1.80878e+06 1.81013e+06 1.80898e+06 1.80866e+06 1.81201e+06 1.81719e+06 1.81402e+06 1.81251e+06 1.79271e+06 1.76942e+06 1.74365e+06 1.70778e+06 1.69726e+06 1.69143e+06 1.69009e+06 1.7131e+06 1.70428e+06 1.70752e+06 1.71083e+06 1.71996e+06 1.7168e+06 1.71824e+06 1.71954e+06 1.72452e+06 1.72098e+06 1.72076e+06 1.72078e+06 1.72102e+06 1.7246e+06 1.72151e+06 1.72182e+06 1.72242e+06 1.72621e+06 1.72404e+06 1.72443e+06 1.72506e+06 1.72854e+06 1.72945e+06 1.73059e+06 1.73546e+06 1.74549e+06 1.75004e+06 1.73539e+06 1.74031e+06 1.69454e+06 1.63186e+06 1.58193e+06 1.54635e+06 1.53494e+06 1.53782e+06 1.54442e+06 1.55453e+06 1.58475e+06 1.58153e+06 1.58792e+06 1.59302e+06 1.60159e+06 1.60245e+06 1.59775e+06 1.59766e+06 1.60189e+06 1.60018e+06 1.59804e+06 1.59033e+06 1.58903e+06 1.5879e+06 1.58677e+06 1.59009e+06 1.58407e+06 1.58228e+06 1.58062e+06 1.58342e+06 1.58224e+06 1.57805e+06 1.57798e+06 1.57895e+06 1.58087e+06 1.58302e+06 1.58545e+06 1.5899e+06 1.59726e+06 1.60709e+06 1.62297e+06 1.62177e+06 1.63748e+06 1.62497e+06 1.58333e+06 1.51459e+06 1.45481e+06 1.40589e+06 1.38335e+06 1.3764e+06 1.37407e+06 1.42234e+06 1.4342e+06 1.45079e+06 1.45779e+06 1.46998e+06 1.47947e+06 1.4874e+06 1.4991e+06 1.50102e+06 1.49439e+06 1.49355e+06 1.49296e+06 1.49242e+06 1.49174e+06 1.49093e+06 1.493e+06 1.48476e+06 1.48121e+06 1.47786e+06 1.47442e+06 1.47097e+06 1.46738e+06 1.46267e+06 1.45824e+06 1.45428e+06 1.45186e+06 1.45059e+06 1.44918e+06 1.45162e+06 1.44467e+06 1.44154e+06 1.43854e+06 1.43739e+06 1.43727e+06 1.43735e+06 1.44061e+06 1.44081e+06 1.43735e+06 1.43805e+06 1.44766e+06 1.4605e+06 1.47576e+06 1.48572e+06 1.48176e+06 1.50788e+06 1.48961e+06 1.40757e+06 1.32931e+06 1.25734e+06 1.2135e+06 1.16198e+06 1.11226e+06 1.03597e+06 1.01423e+06 995051 985766 1.02068e+06 1.05832e+06 1.09746e+06 1.15208e+06 1.17968e+06 1.20327e+06 1.21897e+06 1.2254e+06 1.23079e+06 1.23384e+06 1.23284e+06 1.23158e+06 1.23341e+06 1.2282e+06 1.21532e+06 1.20816e+06 1.2024e+06 1.19723e+06 1.19258e+06 1.19003e+06 1.18905e+06 1.18797e+06 1.19243e+06 1.18685e+06 1.17399e+06 1.16827e+06 1.16497e+06 1.16198e+06 1.15937e+06 1.16091e+06 1.16287e+06 1.16475e+06 1.17008e+06 1.16398e+06 1.15812e+06 1.15169e+06 1.13429e+06 1.12452e+06 1.1174e+06 1.11535e+06 1.1133e+06 1.11079e+06 1.10562e+06 1.10045e+06 1.09545e+06 1.0984e+06 1.0929e+06 1.08734e+06 1.08208e+06 1.06969e+06 1.06432e+06 1.05695e+06 1.0486e+06 1.04008e+06 1.03399e+06 1.03018e+06 1.02642e+06 1.02204e+06 1.01683e+06 1.01171e+06 1.01591e+06 1.01492e+06 1.01402e+06 1.01306e+06 1.00837e+06 1.00322e+06 988392 982488 976716 970891 968862 967360 965762 962935 959748 956516 954773 953827 952812 950676 947613 944527 942300 941180 940043 944836 942065 939289 936298 929661 923302 907116 903140 899044 894944 889818 884760 879604 876481 873384 870286 865736 861009 856202 852641 849361 846101 841738 836953 832080 828033 824423 820846 816668 812049 807337 802157 796145 790208 784711 780346 775891 771333 766199 761123 756182 752428 748603 744760 740044 735375 730607 726900 723131 719422 715063 710685 706194 700991 695492 690020 686554 683931 689434 686275 682999 679786 677189 674992 672745 665204 662347 659261 656034 653088 650024 646874 643404 639928 636234 631955 627532 623116 619056 615081 611059 607608 604207 608943 606167 603545 600945 593562 590748 587560 584109 580717 577143 573409 569357 565266 561119 557358 553545 549888 555294 552261 549297 541330 538312 534833 531364 527917 524241 520395 516326 512220 508388 513693 510321 500860 498404 495663 492545 489292 485755 482045 478905 476018 473143 478325 476017 473890 467954 465416 462213 458610 455478 452247 448809 454181 451740 449457 442846 440006 436396 432739 429703 426644 431453 428944 426454 424152 418021 414825 410843 407301 404480 409276 400936 399535 398223 397045 399785 404086 409580 409624 409414 408549 397533 392107 386219 380059 390115 389571 389030 407697 413005 415967 416663 420214 415937 418784 400601 390340 378953 367172 358339 371337 362647 352655 349080 344485 339159 343623 340276 337079 329190 325603 321208 316382 321090 317775 315364 309276 306802 303957 306432 298659 295911 292782 289605 286947 290829 288156 281892 279752 277154 274302 277650 275400 273799 268049 266045 268252 266133 260814 258900 256627 253933 256823 254777 259727 274198 278549 273761 277920 265009 259247 252911 258539 243817 240260 235658 230161 235497 231145 237112 226670 220111 222927 220382 218423 212228 210018 211973 209914 204303 202517 200327 202678 196133 194026 191460 188519 189067 191312 193150 194522 196056 196206 196539 192759 185413 187995 185932 184636 179276 177303 178702 176546 170492 168457 170375 167932 166528 160936 162889 160668 159163 154161 152511 154232 152496 147589 145861 147292 149620 143668 138399 140322 142685 138012 137278 134706 144803 167209 202651 279926 509974 696271 839100 933872 952446 955241 958340 961639 965069 965084 968506 972040 979281 984061 990256 995078 998512 1.00156e+06 1.004e+06 1.00499e+06 1.00903e+06 1.01305e+06 1.0172e+06 1.01985e+06 1.02368e+06 1.02632e+06 1.02896e+06 1.03155e+06 1.03412e+06 1.03736e+06 1.03979e+06 1.04105e+06 1.04306e+06 1.04467e+06 1.04805e+06 1.04883e+06 1.04937e+06 1.04984e+06 1.04918e+06 1.05054e+06 1.05112e+06 1.05219e+06 1.05381e+06 1.05373e+06 1.0505e+06 1.05159e+06 1.04748e+06 1.04298e+06 1.0383e+06 1.03358e+06 1.03008e+06 1.02928e+06 1.03001e+06 1.03076e+06 1.03146e+06 1.0321e+06 1.03268e+06 1.03266e+06 1.03228e+06 1.03214e+06 1.03127e+06 1.03157e+06 1.03152e+06 1.03208e+06 1.03174e+06 1.03127e+06 1.03082e+06 1.03041e+06 1.03056e+06 1.02985e+06 1.03e+06 1.03029e+06 1.0307e+06 1.03108e+06 1.03159e+06 1.03131e+06 1.03092e+06 1.03043e+06 1.03039e+06 1.0306e+06 1.03079e+06 1.03068e+06 1.0309e+06 1.03101e+06 1.03113e+06 1.03152e+06 1.03207e+06 1.03262e+06 1.03283e+06 1.03307e+06 1.03344e+06 1.03352e+06 1.03438e+06 1.03527e+06 1.03613e+06 1.03622e+06 1.0375e+06 1.0387e+06 1.04011e+06 1.04161e+06 1.04312e+06 1.0446e+06 1.04559e+06 1.04687e+06 1.04817e+06 1.04943e+06 1.05091e+06 1.05233e+06 1.05371e+06 1.05489e+06 1.05603e+06 1.05709e+06 1.0579e+06 1.05888e+06 1.05968e+06 1.06079e+06 1.06204e+06 1.06327e+06 1.06442e+06 1.06522e+06 1.06608e+06 1.06698e+06 1.06675e+06 1.06987e+06 1.07059e+06 1.06988e+06 1.06813e+06 1.06582e+06 1.06388e+06 1.06222e+06 1.05965e+06 1.05251e+06 1.04822e+06 1.0404e+06 1.0356e+06 1.03511e+06 1.03457e+06 1.03398e+06 1.03313e+06 1.03214e+06 1.03101e+06 1.0298e+06 1.02749e+06 1.02536e+06 1.02157e+06 1.01951e+06 1.01745e+06 1.0155e+06 1.01362e+06 1.01178e+06 1.0099e+06 1.00771e+06 1.00561e+06 1.00366e+06 1.00311e+06 1e+06 996938 992035 988875 985813 982490 979091 975738 972685 969854 967070 964175 961110 957964 956800 952973 949315 945711 940126 937112 934153 931050 928020 924983 922591 920371 918172 915786 913354 910889 908762 906877 904973 904672 902005 899355 896909 894958 893063 891141 886879 885289 883699 881927 880174 878381 876935 875462 874002 872048 870061 868042 866602 865272 863949 862376 860738 859073 857914 857032 856153 855134 854026 852899 851961 851223 850490 849988 849923 849849 849588 848825 848072 
        </DataArray>
        <DataArray type="Float64" Name="Temperature" format="ascii">
1150.76 1150.33 1149.9 1149.45 1148.73 1148.03 1147.32 1146.73 1146.14 1145.56 1144.74 1143.91 1143.07 1142.44 1141.84 1141.24 1140.55 1139.84 1139.12 1138.54 1138.01 1137.49 1137.13 1136.88 1136.63 1136.32 1135.92 1135.52 1135.19 1135 1134.8 1134.51 1133.97 1133.78 1133.23 1132.61 1131.97 1130.87 1129.89 1128.96 1128.02 1126.6 1125.16 1123.74 1122.17 1120.62 1119.06 1117.51 1115.9 1114.3 1113.24 1112.47 1111.69 1110.99 1110.35 1110.27 1110.1 1110.15 1110.15 1109.47 1110.59 1111.68 1112.87 1114.66 1116.4 1118 1120.02 1121.95 1123.86 1125.17 1126.43 1130.19 1129.76 1129.38 1129.07 1127.3 1126.5 1125.73 1124.81 1123.6 1122.35 1121.06 1119.48 1117.97 1116.38 1114.13 1111.89 1109.7 1106.9 1104.36 1101.86 1099.46 1097.09 1094.85 1092.66 1089.62 1087.44 1085.76 1084.24 1082.79 1081.39 1080.75 1080.21 1079.69 1079.79 1080.59 1081.09 1070.71 1063.74 1057.01 1050.68 1048.56 1047.1 1046.36 1053.2 1051.72 1050.39 1046 1046.45 1046.78 1046.91 1046.58 1051.14 1050.7 1046.7 1046.84 1046.74 1046.7 1046.69 1046.46 1050.2 1049.76 1049.04 1048.45 1046.67 1046.71 1046.47 1046.19 1049.72 1049.53 1047.63 1048.67 1049.64 1050.52 1051.04 1053.44 1053.49 1052.07 1052.76 1053.42 1054.07 1054.52 1056.35 1056.52 1055.77 1056.66 1057.66 1058.76 1060.17 1063.08 1064.31 1052.62 1045.99 1039.28 1032.27 1035.38 1030.89 1034.96 1019.29 1019.03 1018.8 1025.59 1021.55 1022.97 1024.27 1025.41 1025.51 1027.47 1026.94 1025.21 1025.39 1025.47 1025.47 1025.63 1025.99 1026.47 1027.09 1027.31 1028.44 1028.44 1027.43 1028.04 1028.74 1029.5 1030.35 1031.08 1031.78 1032.41 1032.73 1033.54 1033.54 1033.67 1032.89 1032.95 1033.91 1033.1 1033.17 1033.27 1033.4 1033.55 1033.87 1034.24 1034.67 1035.07 1035.14 1035.31 1035.49 1036.19 1036.46 1036.28 1035.54 1032.65 1028.6 1024.6 1021.13 1016.32 1015.2 1014.66 1014.7 1015.59 1014.91 1013.98 1012.78 1011.28 1008.92 1006.56 1004.14 1001.73 1000.94 1000.82 1001 1001.48 1004.09 1008.78 1014.12 1019.9 1026.38 1034.7 1043.76 1047.79 1051.16 1062.5 1070.3 1075.96 1078.43 1078.13 1082.04 1087.96 1095.95 1105.39 1116.32 1128.85 1142.6 1157.13 1170.17 1180.6 1190.91 1200.78 1210.35 1218.75 1227.19 1235.37 1240.9 1246.64 1248.21 1249 1248.06 1246.07 1238.94 1232.21 1225.16 1216.81 1210.9 1206.53 1201.95 1198.4 1199.42 1200.61 1203.62 1203.14 1202.84 1202.74 1199.66 1203.39 1202.22 1200.25 1191.76 1189.62 1185.64 1182.23 1179.4 1175.72 1169.82 1170.92 1164.92 1159.83 1155.7 1152.66 1150.38 1146.54 1144.01 1133.77 1132.81 1130.35 1138.64 1136 1133.99 1133.49 1134.49 1130.21 1135.08 1136.37 1135.82 1140.13 1147.19 1155.16 1167.72 1181.82 1195.26 1203.58 1212.02 1208.13 1208.79 1208.44 1206.32 1204.21 1202.02 1202.88 1206.33 1205.8 1202.76 1197.03 1191.03 1184.97 1182.75 1181.36 1178.85 1171.4 1158.6 1144.16 1124.83 921.366 710.406 500.254 410.507 370.089 372.326 374.408 371.171 373.199 375.108 377.291 379.338 380.825 386.656 383.782 385.95 387.891 390.21 392.22 393.868 398.641 400.499 398.442 400.321 402.7 404.663 406.149 409.426 411.421 413.436 410.034 412.412 414.615 416.854 419.369 421.508 423.204 429.787 432.365 428.32 431.04 433.701 436.065 438.65 441.734 444.528 448.064 448.723 449.188 449.64 450.593 456.543 457.966 459.387 460.715 462.096 463.586 465.028 466.331 467.582 468.704 469.77 477.112 465.6 465.63 465.538 468.569 470.433 472.205 473.984 470.802 472.572 474.373 476.28 478.096 479.937 481.839 483.656 485.347 487.176 488.786 490.234 495.823 497.6 494.149 496.166 498.183 500.17 502.07 503.938 505.709 507.543 509.345 511.045 512.642 514.196 515.537 519.354 520.731 522.185 523.643 520.04 521.785 523.564 525.459 527.375 529.247 531.234 533.178 535.125 537.023 538.925 540.765 542.691 544.579 546.442 548.216 549.949 551.588 553.205 554.714 556.137 559.528 560.61 561.674 562.837 564.286 565.763 567.197 568.666 570.094 571.553 568.472 569.787 571.08 572.9 574.679 576.474 578.09 579.71 581.294 583.083 584.87 586.674 588.377 590.074 591.734 593.564 595.432 597.32 599.073 600.775 602.438 604.114 605.747 607.395 609.115 611.021 612.885 614.753 616.546 618.357 620.205 622.333 624.425 626.528 632.667 634.535 636.344 638.102 639.811 641.553 643.213 644.899 646.529 643.981 645.791 647.654 649.38 651.097 652.778 654.48 656.139 657.806 659.579 661.483 663.356 665.21 666.972 668.746 670.601 672.703 674.786 676.859 678.745 680.669 682.543 687.962 689.703 687.326 689.107 691 692.946 694.507 695.946 697.354 699.033 700.834 702.609 704.309 705.911 707.523 709.296 711.328 717.365 719.01 720.391 721.753 718.681 720.688 722.734 724.877 726.798 728.772 730.734 732.685 734.613 736.591 742.051 743.903 745.679 743.326 745.582 748.031 750.262 751.833 753.333 754.869 756.804 758.83 763.998 765.178 766.26 767.345 764.225 765.767 767.362 768.908 770.311 771.793 776.518 777.365 778.134 779.141 776.141 777.72 779.376 780.992 782.601 787.717 788.801 789.845 790.847 788.557 790.241 792.015 793.821 795.489 800.477 802.099 799.851 801.615 803.414 805.294 807.148 809.104 814.405 815.674 816.84 818.013 815.764 818.047 820.464 822.965 827.934 829.688 831.606 829.978 832.928 836.198 839.043 843.342 844.99 847.006 845.89 848.412 851.013 853.359 858.041 859.905 858.176 861.014 864.035 867.339 869.835 874.074 875.757 874.541 876.961 879.509 882.101 887.223 889.089 890.913 893.143 892.295 895.121 898.152 900.486 902.038 903.599 905.224 906.359 907.309 910.576 908.629 910.021 911.498 913.012 917.181 918.103 922.051 919.961 917.848 918.722 922.728 920.246 921.535 922.853 924.244 925.508 930.432 931.438 933.989 931.064 933.637 942.041 951.624 948.37 959.055 969.616 979.121 983.647 989.566 996.688 998.79 977.087 964.719 956.091 950.41 948.814 950.196 950.816 949.726 950.956 952.243 956.25 955.071 956.937 958.895 960.881 962.916 964.901 966.95 968.995 970.995 975.852 980.902 980.16 979.228 982.23 989.189 993.202 993.302 999.31 1011.26 1020.16 1023.69 1039.77 1057.71 1086.52 1091.81 1099.89 1101.55 1096.94 1091.14 1075.77 1058.71 1041.34 1025.03 1013.69 1007.45 1002.96 1002.37 1001.56 998.91 998.687 1000.92 1001.71 999.308 1000.4 1005.05 1006.49 1009.38 1008.12 1011.88 1020.75 1027.36 1026.98 1036.73 1057.02 1069.43 1076.35 1083.2 1090.24 1096.79 1102.41 1107.29 1106.12 1102.88 1100.38 1098.52 1097.9 1096.27 1095.56 1095.11 1095.9 1095.92 1095.2 1095.6 1097.33 1097.82 1098.2 1098.08 1098.42 1098.88 1099.46 1101.03 1100.73 1101.41 1102.22 1104.36 1104.98 1104.66 1105.29 1107.12 1108.09 1108.11 1107.65 1108.04 1108.5 1109.09 1110.96 1111.42 1110.79 1111.22 1112.93 1113.74 1113.83 1114.23 1113.77 1114.27 1114.97 1117.37 1117.99 1118.69 1118.91 1119.71 1120.5 1121.43 1122.46 1124.1 1124.15 1125.07 1127.28 1127.99 1129.09 1129.98 1130.08 1130.88 1131.86 1134.62 1135.65 1136.48 1136.63 1137.41 1138.24 1139.19 1141.58 1142.29 1143.09 1143.35 1144.15 1145.07 1146.11 1148.76 1149.58 1150.55 1151.11 1151.91 1152.79 1153.79 1156.14 1156.79 1157.51 1158.03 1158.63 1159.36 1160.18 1161.15 1162.16 1163.23 1164.69 1165.14 1165.87 1166.72 1167.51 1168.39 1169.33 1170.96 1171.57 1172.34 1172.88 1173.72 1174.61 1175.53 1176.34 1177.21 1178.11 1179.06 1179.62 1180.2 1180.98 1181.89 1182.82 1183.72 1184.53 1185.39 1186.36 1186.98 1187.6 1188.18 1188.99 1189.88 1190.83 1191.73 1192.62 1193.61 1194.48 1194.97 1195.5 1197.37 1198.23 1199.12 1200.02 1200.9 1201.94 1203.18 1204.12 1205.06 1206.04 1207.11 1207.83 1208.45 1209.03 1209.53 1210.08 1210.75 1211.55 1212.37 1213.15 1213.78 1214.43 1215.46 1216.02 1216.63 1217.28 1217.92 1218.62 1219.35 1219.91 1220.45 1221.01 1221.69 1222.41 1223.14 1223.82 1224.46 1225.11 1225.79 1226.46 1227.14 1227.77 1228.33 1228.91 1229.52 1230.25 1230.84 1231.43 1232.09 1232.74 1233.41 1233.98 1234.56 1235.13 1235.79 1236.45 1237.12 1237.68 1238.21 1238.75 1239.35 1239.99 1240.63 1241.21 1241.76 1242.3 1242.88 1243.5 1244.12 1244.68 1245.15 1245.6 1245.92 1246.42 1246.93 1247.43 1247.94 1248.43 1248.94 1249.38 1249.84 1250.28 1250.77 1251.24 1251.72 1252.13 1252.54 1252.94 1253.37 1253.8 1254.24 1254.63 1255.01 1255.39 1255.78 1256.18 1256.59 1257 1257.42 1257.84 1258.25 1258.63 1259.04 1260.4 1260.71 1261 1261.28 1261.51 1261.75 1261.97 1262.18 1262.38 1262.57 1262.7 1262.82 1262.94 1263.06 1263.19 1263.31 1263.42 1263.53 1263.65 1263.7 1263.76 1263.83 1263.89 1263.98 1264.09 1264.19 1264.31 1264.48 1264.02 1264.02 1264.09 1264.2 1264.37 1264.63 1265.27 1265.25 1265.24 1265.21 1265.19 1265.17 1265.16 1265.12 1265.1 1265.09 1265.08 1265.09 1265.13 1265.04 1265.04 1265.1 1265.64 1265.67 1265.7 1265.74 1265.79 1265.82 1265.87 1265.96 1266.02 1266.09 1266.3 1266.83 1267.02 1267.19 1267.44 1267.77 1267.85 1268.08 1268.29 1268.41 1268.53 1268.72 1268.9 1268.31 1268.35 1269 1268.83 1268.68 1268.54 1268.37 1268.32 1268.4 1268.28 1268.29 1266.07 1265.86 1265.89 1266.19 1265.86 1265.37 1265.11 1265.08 1265.02 1265.22 1262.93 1264.61 1264.24 1263.97 1263.76 1263.64 1263.69 1263.89 1261.93 1262.07 1262.36 1262.69 1262.36 1262.14 1261.96 1261.86 1261.93 1261.02 1261.06 1261.34 1261.21 1260.67 1260.47 1260.34 1260.28 1259.76 1259.79 1259.7 1259.49 1259.32 1259.21 1259.12 1258.73 1258.76 1258.79 1258.7 1258.64 1258.63 1258.97 1258.43 1259.3 1254.37 1251.64 1249.63 1248.41 1248.01 1249.01 1249.31 1246.42 1245.82 1245.32 1244.91 1245.95 1245 1244.28 1243.46 1243.28 1243.05 1243.41 1242.62 1242.42 1242.2 1241.93 1241.57 1241.55 1241.24 1240.58 1240.33 1240.07 1239.8 1239.73 1239.4 1239.14 1238.23 1237.92 1237.6 1237.83 1237.07 1236.82 1236.57 1236.33 1236 1236.02 1235.72 1234.97 1234.65 1234.36 1234.46 1233.84 1233.64 1233.48 1233.35 1233.35 1233.09 1232.86 1232.88 1233.01 1234.08 1235.23 1232.1 1225.08 1220.55 1218.64 1212.01 1211.46 1211.27 1211.45 1211.99 1212.66 1213.21 1213.62 1213.87 1214.94 1214.85 1214.84 1214.07 1213.95 1214.48 1214.37 1213.65 1213.53 1213.46 1213.94 1213.92 1213.24 1213.15 1213.64 1213.2 1213.34 1214.07 1215.28 1214.63 1212.52 1208.1 1203.54 1200.37 1193.07 1191.36 1190.48 1190.4 1195.27 1193.49 1194.19 1194.89 1196.76 1196.14 1196.45 1196.72 1197.74 1197.04 1197.01 1197.03 1197.09 1197.82 1197.21 1197.28 1197.41 1198.18 1197.75 1197.84 1197.98 1198.7 1198.72 1199.05 1200 1201.9 1202.83 1199.82 1200.55 1190.24 1175.36 1163.78 1155.88 1153.72 1155.12 1156.98 1159.24 1166.84 1165.45 1166.97 1168.05 1170.34 1170.63 1169.42 1169.47 1170.62 1170.34 1170.06 1168.3 1168.11 1167.91 1167.67 1168.56 1167.13 1166.8 1166.47 1167.18 1166.99 1166.04 1166.1 1166.37 1166.81 1167.28 1167.79 1168.77 1170.41 1172.56 1176.11 1176.18 1181.89 1180.38 1170.85 1153.7 1139.25 1127.96 1123.64 1122.4 1122.17 1134.24 1137.02 1140.81 1142.41 1145.2 1147.37 1149.18 1151.86 1152.3 1150.88 1150.74 1150.65 1150.58 1150.47 1150.34 1150.84 1149.06 1148.32 1147.62 1146.89 1146.17 1145.42 1144.4 1143.45 1142.6 1142.09 1141.84 1141.56 1142.14 1140.6 1139.92 1139.27 1139.03 1139.03 1139.07 1139.85 1139.92 1139.12 1139.31 1141.52 1144.47 1147.98 1150.34 1151.83 1162.9 1160.19 1138.43 1118.24 1100.26 1090.85 1076.7 1063.19 1042.61 1036 1030.24 1027.5 1037.75 1048.71 1060.04 1074.54 1081.61 1088.2 1092.14 1093.68 1094.99 1095.74 1095.47 1095.16 1095.26 1093.88 1091 1089.12 1087.57 1086.2 1084.99 1084.33 1084.08 1083.82 1084.7 1083.2 1080.2 1078.65 1077.74 1076.92 1076.22 1076.62 1077.15 1077.67 1078.87 1077.18 1075.59 1073.86 1069.43 1066.76 1064.82 1064.24 1063.67 1062.99 1061.57 1060.17 1058.82 1059.46 1057.9 1056.35 1054.87 1051.62 1050.09 1047.98 1045.59 1043.16 1041.42 1040.31 1039.22 1037.95 1036.44 1034.97 1036.09 1035.75 1035.46 1035.15 1033.75 1032.22 1028.02 1026.23 1024.49 1022.74 1022.1 1021.63 1021.12 1020.26 1019.28 1018.3 1017.76 1017.47 1017.15 1016.5 1015.57 1014.63 1013.95 1013.61 1013.27 1014.63 1013.78 1012.92 1012 1009.95 1007.99 1003.09 1001.83 1000.54 999.243 997.619 996.019 994.389 993.401 992.421 991.441 989.989 988.479 986.944 985.798 984.74 983.689 982.264 980.694 979.096 977.755 976.548 975.353 973.941 972.368 970.764 968.983 966.893 964.83 962.906 961.35 959.761 958.135 956.3 954.486 952.715 951.347 949.953 948.551 946.822 945.11 943.361 941.985 940.586 939.209 937.579 935.942 934.261 932.296 930.213 928.141 926.82 925.815 927.696 926.492 925.242 924.016 923.025 922.187 921.33 918.487 917.36 916.141 914.868 913.709 912.502 911.259 909.889 908.515 907.051 905.332 903.557 901.784 900.122 898.496 896.853 895.413 893.992 895.813 894.619 893.493 892.378 889.303 888.03 886.6 885.039 883.49 881.863 880.161 878.307 876.44 874.545 872.812 871.054 869.366 871.536 870.121 868.736 865.163 863.711 862.053 860.396 858.748 856.995 855.166 853.234 851.286 849.462 851.795 850.181 845.769 844.541 843.176 841.627 840.005 838.245 836.403 834.832 833.386 831.948 834.32 833.151 832.076 829.1 827.748 826.065 824.184 822.526 820.823 819.019 821.57 820.265 819.046 815.582 813.997 812.012 810.005 808.319 806.629 808.967 807.558 806.163 804.868 801.475 799.627 797.357 795.329 793.695 796.105 791.539 790.647 789.805 789.04 790.661 793.261 796.619 796.261 796.147 795.661 789.461 786.253 782.79 779.183 784.628 784.301 784.039 781.699 782.077 782.087 781.725 782.33 786.465 787.072 776.352 771.557 765.7 759.185 754.115 762.867 757.651 751.512 749.531 746.754 743.378 746.909 744.637 742.322 737.427 735.249 732.479 729.359 732.709 730.442 728.818 724.816 723.206 721.298 723.146 717.701 715.814 713.643 711.446 709.61 712.453 710.572 706.115 704.607 702.751 700.695 703.212 701.546 700.391 696.172 694.712 696.384 694.835 690.83 689.383 687.651 685.588 687.937 686.42 687.507 690.106 692.092 693.293 695.739 685.951 682.229 677.816 682.885 671.147 668.461 664.846 660.418 665.309 661.71 667.474 658.217 652.565 655.238 652.961 651.293 645.974 644.118 645.924 644.191 639.185 637.619 635.674 637.888 631.879 629.961 627.621 624.937 624.829 626.08 627.209 628.18 629.284 630.474 631.748 627.761 621.16 623.779 621.925 620.767 615.678 613.825 615.204 613.11 607.053 605.034 606.988 604.551 603.113 597.284 599.358 597.056 595.471 590.074 588.308 590.19 588.314 582.894 580.985 582.567 585.181 578.454 572.369 574.59 577.334 571.924 571.052 568.194 586.718 626.186 687.883 786.389 950.969 1075.24 1161.22 1206.15 1215.56 1218.6 1220.77 1222 1225.82 1225.47 1227.49 1229.26 1232.71 1234.67 1237.13 1239.06 1240.42 1241.41 1242.07 1242.32 1243.05 1243.59 1243.98 1243.24 1243.15 1242.24 1241.28 1240.25 1239.62 1239.49 1239.29 1239.09 1239.62 1240.71 1242.5 1243.9 1245.12 1246.05 1245.98 1245.79 1240.8 1238.42 1239.25 1247.9 1268.79 1313.98 1323.29 1325.67 1328.61 1332.02 1327.65 1310.23 1302.02 1297.22 1296.02 1294.04 1291.21 1289.25 1287.03 1283.96 1281.98 1278.07 1275.21 1268.82 1266.36 1264.09 1261.44 1260.92 1259.39 1256.39 1255.76 1255.52 1255.9 1256.22 1256.58 1256.85 1256.72 1256.79 1256.99 1257.35 1257.73 1259.37 1260.57 1258.9 1259.62 1260.4 1261.14 1261.66 1264.06 1264.98 1262.89 1263.5 1264.35 1264.99 1265.37 1267.3 1268.47 1269.21 1267.19 1267.94 1268.37 1268.47 1269.11 1269.96 1270.53 1270.78 1269.08 1269.54 1269.74 1269.9 1269.86 1269.63 1270.19 1270.25 1269.31 1269.41 1269.51 1269.51 1269.42 1269.34 1269.27 1269.2 1266.62 1269.32 1268.68 1267.38 1265.76 1264.14 1263.42 1263.45 1263.1 1256.56 1253.82 1255.07 1252.07 1250.41 1248.88 1247.52 1246.29 1245.22 1244.26 1240.34 1238.54 1236.91 1237.34 1235.71 1234.15 1232.73 1231.38 1230.14 1228.98 1227.82 1226.75 1225.78 1221.96 1219.84 1217.84 1219.48 1217.42 1215.53 1213.62 1211.79 1210.07 1208.53 1207.11 1205.79 1204.51 1203.25 1202 1198.1 1195.97 1193.97 1192.09 1193.61 1191.83 1190.16 1188.48 1186.91 1185.39 1184.16 1183.03 1181.97 1180.85 1179.73 1178.64 1177.74 1176.99 1176.25 1173.37 1171.94 1170.57 1169.34 1168.28 1167.31 1166.38 1167.99 1167.16 1166.37 1165.54 1164.76 1163.99 1163.38 1162.78 1162.21 1161.46 1160.72 1159.97 1159.44 1158.96 1158.5 1157.93 1157.34 1156.75 1156.32 1155.97 1155.62 1155.2 1154.71 1154.21 1153.78 1153.39 1153.02 1152.71 1152.55 1152.38 1152.14 1151.67 1151.22 
        </DataArray>
        <DataArray type="Float64" Name="Tau1" format="ascii">
0 0 0 0 0 0 0 0 0 0 0 0 0 0 0 0 0 0 0 0 0 0 0 0 0 0 0 0 0 0 0 0 0 0 0 0 0 0 0 0 0 0 0 0 0 0 0 0 0 0 0 0 0 0 0 0 0 0 0 0 0 0 0 0 0 0 0 0 0 0 0 0 0 0 0 0 0 0 0 0 0 0 0 0 0 0 0 0 0 0 0 0 0 0 0 0 0 0 0 0 0 0 0 0 0 0 0 0 0 0 0 0 0 0 0 0 0 0 0 0 0 0 0 0 0 0 0 0 0 0 0 0 0 0 0 0 0 0 0 0 0 0 0 0 0 0 0 0 0 0 0 0 0 0 0 0 0 0 0 0 0 0 0 0 0 0 0 0 0 0 0 0 0 0 0 0 0 0 0 0 0 0 0 0 0 0 0 0 0 0 0 0 0 0 0 0 0 0 0 0 0 0 0 0 0 0 0 0 0 0 0 0 0 0 0 0 0 0 0 0 0 0 0 0 0 0 0 0 0 0 0 0 0 0 0 0 0 0 0 0 0 0 0 0 0 0 0 0 0 0 0 0 0 0 0 0 0 0 0 0 0 0 0 0 0 0 0 0 0 0 0 0 0 0 0 0 0 0 0 0 0 0 0 0 0 0 0 0 0 0 0 0 0 0 0 0 0 0 0 0 0 0 0 0 0 0 0 0 0 0 0 0 0 0 0 0 0 0 0 0 0 0 0 0 0 0 0 0 0 0 0 0 0 0 0 0 0 0 0 0 0 0 0 0 0 0 0 0 0 0 0 0 0 0 0 0 0 0 0 0 0 0 0 0 0 0 0 0 0 0 0 0 0 0 0 0 0 0 0 0 0 0 0 0 0 0 0 0 0 0 0 0 0 0 0 0 0 0 0 0 0 0 0 0 0 0 0 0 0 0 0 0 0 0 0 0 0 0 0 0 0 0 0 0 0 0 0 0 0 0 0 0 0 0 0 0 0 0 0 0 0 0 0 0 0 0 0 0 0 0 0 0 0 0 0 0 0 0 0 0 0 0 0 0 0 0 0 0 0 0 0 0 0 0 0 0 0 0 0 0 0 0 0 0 0 0 0 0 0 0 0 0 0 0 0 0 0 0 0 0 0 0 0 0 0 0 0 0 0 0 0 0 0 0 0 0 0 0 0 0 0 0 0 0 0 0 0 0 0 0 0 0 0 0 0 0 0 0 0 0 0 0 0 0 0 0 0 0 0 0 0 0 0 0 0 0 0 0 0 0 0 0 0 0 0 0 0 0 0 0 0 0 0 0 0 0 0 0 0 0 0 0 0 0 0 0 0 0 0 0 0 0 0 0 0 0 0 0 0 0 0 0 0 0 0 0 0 0 0 0 0 0 0 0 0 0 0 0 0 0 0 0 0 0 0 0 0 0 0 0 0 0 0 0 0 0 0 0 0 0 0 0 0 0 0 0 0 0 0 0 0 0 0 0 0 0 0 0 0 0 0 0 0 0 0 0 0 0 0 0 0 0 0 0 0 0 0 0 0 0 0 0 0 0 0 0 0 0 0 0 0 0 0 0 0 0 0 0 0 0 0 0 0 0 0 0 0 0 0 0 0 0 0 0 0 0 0 0 0 0 0 0 0 0 0 0 0 0 0 0 0 0 0 0 0 0 0 0 0 0 0 0 0 0 0 0 0 0 0 0 0 0 0 0 0 0 0 0 0 0 0 0 0 0 0 0 0 0 0 0 0 0 0 0 0 0 0 0 0 0 0 0 0 0 0 0 0 0 0 0 0 0 0 0 0 0 0 0 0 0 0 0 0 0 0 0 0 0 0 0 0 0 0 0 0 0 0 0 0 0 0 0 0 0 0 0 0 0 0 0 0 0 0 0 0 0 0 0 0 0 0 0 0 0 0 0 0 0 0 0 0 0 0 0 0 0 0 0 0 0 0 0 0 0 0 0 0 0 0 0 0 0 0 0 0 0 0 0 0 0 0 0 0 0 0 0 0 0 0 0 0 0 0 0 0 0 0 0 0 0 0 0 0 0 0 0 0 0 0 0 0 0 0 0 0 0 0 0 0 0 0 0 0 0 0 0 0 0 0 0 0 0 0 0 0 0 0 0 0 0 0 0 0 0 0 0 0 0 0 0 0 0 0 0 0 0 0 0 0 0 0 0 0 0 0 0 0 0 0 0 0 0 0 0 0 0 0 0 0 0 0 0 0 0 0 0 0 0 0 0 0 0 0 0 0 0 0 0 0 0 0 0 0 0 0 0 0 0 0 0 0 0 0 0 0 0 0 0 0 0 0 0 0 0 0 0 0 0 0 0 0 0 0 0 0 0 0 0 0 0 0 0 0 0 0 0 0 0 0 0 0 0 0 0 0 0 0 0 0 0 0 0 0 0 0 0 0 0 0 0 0 0 0 0 0 0 0 0 0 0 0 0 0 0 0 0 0 0 0 0 0 0 0 0 0 0 0 0 0 0 0 0 0 0 0 0 0 0 0 0 0 0 0 0 0 0 0 0 0 0 0 0 0 0 0 0 0 0 0 0 0 0 0 0 0 0 0 0 0 0 0 0 0 0 0 0 0 0 0 0 0 0 0 0 0 0 0 0 0 0 0 0 0 0 0 0 0 0 0 0 0 0 0 0 0 0 0 0 0 0 0 0 0 0 0 0 0 0 0 0 0 0 0 0 0 0 0 0 0 0 0 0 0 0 0 0 0 0 0 0 0 0 0 0 0 0 0 0 0 0 0 0 0 0 0 0 0 0 0 0 0 0 0 0 0 0 0 0 0 0 0 0 0 0 0 0 0 0 0 0 0 0 0 0 0 0 0 0 0 0 0 0 0 0 0 0 0 0 0 0 0 0 0 0 0 0 0 0 0 0 0 0 0 0 0 0 0 0 0 0 0 0 0 0 0 0 0 0 0 0 0 0 0 0 0 0 0 0 0 0 0 0 0 0 0 0 0 0 0 0 0 0 0 0 0 0 0 0 0 0 0 0 0 0 0 0 0 0 0 0 0 0 0 0 0 0 0 0 0 0 0 0 0 0 0 0 0 0 0 0 0 0 0 0 0 0 0 0 0 0 0 0 0 0 0 0 0 0 0 0 0 0 0 0 0 0 0 0 0 0 0 0 0 0 0 0 0 0 0 0 0 0 0 0 0 0 0 0 0 0 0 0 0 0 0 0 0 0 0 0 0 0 0 0 0 0 0 0 0 0 0 0 0 0 0 0 0 0 0 0 0 0 0 0 0 0 0 0 0 0 0 0 0 0 0 0 0 0 0 0 0 0 0 0 0 0 0 0 0 0 0 0 0 0 0 0 0 0 0 0 0 0 0 0 0 0 0 0 0 0 0 0 0 0 0 0 0 0 0 0 0 0 0 0 0 0 0 0 0 0 0 0 0 0 0 0 0 0 0 0 0 0 0 0 0 0 0 0 0 0 0 0 0 0 0 0 0 0 0 0 0 0 0 0 0 0 0 0 0 0 0 0 0 0 0 0 0 0 0 0 0 0 0 0 0 0 0 0 0 0 0 0 0 0 0 0 0 0 0 0 0 0 0 0 0 0 0 0 0 0 0 0 0 0 0 0 0 0 0 0 0 0 0 0 0 0 0 0 0 0 0 0 0 0 0 0 0 0 0 0 0 0 0 0 0 0 0 0 0 0 0 0 0 0 0 0 0 0 0 0 0 0 0 0 0 0 0 0 0 0 0 0 0 0 0 0 0 0 0 0 0 0 0 0 0 0 0 0 0 0 0 0 0 0 0 0 0 0 0 0 0 0 0 0 0 0 0 0 0 0 0 0 0 0 0 0 0 0 0 0 0 0 0 0 0 0 0 0 0 0 0 0 0 0 0 0 0 0 0 0 0 0 0 0 0 0 0 0 0 0 0 0 0 0 0 0 0 0 0 0 0 0 0 0 0 0 0 0 0 0 0 0 0 0 0 0 0 0 0 0 0 0 0 0 0 0 0 0 0 0 0 0 0 0 0 0 0 0 0 0 0 0 0 0 0 0 0 0 0 0 0 0 0 0 0 0 0 0 0 0 0 0 0 0 0 0 0 0 0 0 0 0 0 0 0 0 0 0 0 0 0 0 0 0 0 0 0 0 0 0 0 0 0 0 0 0 0 0 0 0 0 0 0 0 0 0 0 0 0 0 0 0 0 0 0 0 0 0 0 0 0 0 0 0 0 0 0 0 0 0 0 0 0 0 0 0 0 0 0 0 0 0 0 0 0 0 0 0 0 0 0 0 0 0 0 0 0 0 0 0 0 0 0 0 0 0 0 0 0 0 0 0 0 0 0 0 0 0 0 0 0 0 0 0 0 0 0 0 0 0 0 0 0 0 0 0 0 0 0 0 0 0 0 0 0 0 0 0 0 0 0 0 0 0 0 0 0 0 0 0 0 0 0 0 0 0 0 0 0 0 0 0 0 0 0 0 0 0 0 0 0 0 0 0 0 0 0 0 0 0 0 0 0 0 0 0 0 0 0 0 
        </DataArray>
        <DataArray type="Float64" Name="Tau2" format="ascii">
0 0 0 0 0 0 0 0 0 0 0 0 0 0 0 0 0 0 0 0 0 0 0 0 0 0 0 0 0 0 0 0 0 0 0 0 0 0 0 0 0 0 0 0 0 0 0 0 0 0 0 0 0 0 0 0 0 0 0 0 0 0 0 0 0 0 0 0 0 0 0 0 0 0 0 0 0 0 0 0 0 0 0 0 0 0 0 0 0 0 0 0 0 0 0 0 0 0 0 0 0 0 0 0 0 0 0 0 0 0 0 0 0 0 0 0 0 0 0 0 0 0 0 0 0 0 0 0 0 0 0 0 0 0 0 0 0 0 0 0 0 0 0 0 0 0 0 0 0 0 0 0 0 0 0 0 0 0 0 0 0 0 0 0 0 0 0 0 0 0 0 0 0 0 0 0 0 0 0 0 0 0 0 0 0 0 0 0 0 0 0 0 0 0 0 0 0 0 0 0 0 0 0 0 0 0 0 0 0 0 0 0 0 0 0 0 0 0 0 0 0 0 0 0 0 0 0 0 0 0 0 0 0 0 0 0 0 0 0 0 0 0 0 0 0 0 0 0 0 0 0 0 0 0 0 0 0 0 0 0 0 0 0 0 0 0 0 0 0 0 0 0 0 0 0 0 0 0 0 0 0 0 0 0 0 0 0 0 0 0 0 0 0 0 0 0 0 0 0 0 0 0 0 0 0 0 0 0 0 0 0 0 0 0 0 0 0 0 0 0 0 0 0 0 0 0 0 0 0 0 0 0 0 0 0 0 0 0 0 0 0 0 0 0 0 0 0 0 0 0 0 0 0 0 0 0 0 0 0 0 0 0 0 0 0 0 0 0 0 0 0 0 0 0 0 0 0 0 0 0 0 0 0 0 0 0 0 0 0 0 0 0 0 0 0 0 0 0 0 0 0 0 0 0 0 0 0 0 0 0 0 0 0 0 0 0 0 0 0 0 0 0 0 0 0 0 0 0 0 0 0 0 0 0 0 0 0 0 0 0 0 0 0 0 0 0 0 0 0 0 0 0 0 0 0 0 0 0 0 0 0 0 0 0 0 0 0 0 0 0 0 0 0 0 0 0 0 0 0 0 0 0 0 0 0 0 0 0 0 0 0 0 0 0 0 0 0 0 0 0 0 0 0 0 0 0 0 0 0 0 0 0 0 0 0 0 0 0 0 0 0 0 0 0 0 0 0 0 0 0 0 0 0 0 0 0 0 0 0 0 0 0 0 0 0 0 0 0 0 0 0 0 0 0 0 0 0 0 0 0 0 0 0 0 0 0 0 0 0 0 0 0 0 0 0 0 0 0 0 0 0 0 0 0 0 0 0 0 0 0 0 0 0 0 0 0 0 0 0 0 0 0 0 0 0 0 0 0 0 0 0 0 0 0 0 0 0 0 0 0 0 0 0 0 0 0 0 0 0 0 0 0 0 0 0 0 0 0 0 0 0 0 0 0 0 0 0 0 0 0 0 0 0 0 0 0 0 0 0 0 0 0 0 0 0 0 0 0 0 0 0 0 0 0 0 0 0 0 0 0 0 0 0 0 0 0 0 0 0 0 0 0 0 0 0 0 0 0 0 0 0 0 0 0 0 0 0 0 0 0 0 0 0 0 0 0 0 0 0 0 0 0 0 0 0 0 0 0 0 0 0 0 0 0 0 0 0 0 0 0 0 0 0 0 0 0 0 0 0 0 0 0 0 0 0 0 0 0 0 0 0 0 0 0 0 0 0 0 0 0 0 0 0 0 0 0 0 0 0 0 0 0 0 0 0 0 0 0 0 0 0 0 0 0 0 0 0 0 0 0 0 0 0 0 0 0 0 0 0 0 0 0 0 0 0 0 0 0 0 0 0 0 0 0 0 0 0 0 0 0 0 0 0 0 0 0 0 0 0 0 0 0 0 0 0 0 0 0 0 0 0 0 0 0 0 0 0 0 0 0 0 0 0 0 0 0 0 0 0 0 0 0 0 0 0 0 0 0 0 0 0 0 0 0 0 0 0 0 0 0 0 0 0 0 0 0 0 0 0 0 0 0 0 0 0 0 0 0 0 0 0 0 0 0 0 0 0 0 0 0 0 0 0 0 0 0 0 0 0 0 0 0 0 0 0 0 0 0 0 0 0 0 0 0 0 0 0 0 0 0 0 0 0 0 0 0 0 0 0 0 0 0 0 0 0 0 0 0 0 0 0 0 0 0 0 0 0 0 0 0 0 0 0 0 0 0 0 0 0 0 0 0 0 0 0 0 0 0 0 0 0 0 0 0 0 0 0 0 0 0 0 0 0 0 0 0 0 0 0 0 0 0 0 0 0 0 0 0 0 0 0 0 0 0 0 0 0 0 0 0 0 0 0 0 0 0 0 0 0 0 0 0 0 0 0 0 0 0 0 0 0 0 0 0 0 0 0 0 0 0 0 0 0 0 0 0 0 0 0 0 0 0 0 0 0 0 0 0 0 0 0 0 0 0 0 0 0 0 0 0 0 0 0 0 0 0 0 0 0 0 0 0 0 0 0 0 0 0 0 0 0 0 0 0 0 0 0 0 0 0 0 0 0 0 0 0 0 0 0 0 0 0 0 0 0 0 0 0 0 0 0 0 0 0 0 0 0 0 0 0 0 0 0 0 0 0 0 0 0 0 0 0 0 0 0 0 0 0 0 0 0 0 0 0 0 0 0 0 0 0 0 0 0 0 0 0 0 0 0 0 0 0 0 0 0 0 0 0 0 0 0 0 0 0 0 0 0 0 0 0 0 0 0 0 0 0 0 0 0 0 0 0 0 0 0 0 0 0 0 0 0 0 0 0 0 0 0 0 0 0 0 0 0 0 0 0 0 0 0 0 0 0 0 0 0 0 0 0 0 0 0 0 0 0 0 0 0 0 0 0 0 0 0 0 0 0 0 0 0 0 0 0 0 0 0 0 0 0 0 0 0 0 0 0 0 0 0 0 0 0 0 0 0 0 0 0 0 0 0 0 0 0 0 0 0 0 0 0 0 0 0 0 0 0 0 0 0 0 0 0 0 0 0 0 0 0 0 0 0 0 0 0 0 0 0 0 0 0 0 0 0 0 0 0 0 0 0 0 0 0 0 0 0 0 0 0 0 0 0 0 0 0 0 0 0 0 0 0 0 0 0 0 0 0 0 0 0 0 0 0 0 0 0 0 0 0 0 0 0 0 0 0 0 0 0 0 0 0 0 0 0 0 0 0 0 0 0 0 0 0 0 0 0 0 0 0 0 0 0 0 0 0 0 0 0 0 0 0 0 0 0 0 0 0 0 0 0 0 0 0 0 0 0 0 0 0 0 0 0 0 0 0 0 0 0 0 0 0 0 0 0 0 0 0 0 0 0 0 0 0 0 0 0 0 0 0 0 0 0 0 0 0 0 0 0 0 0 0 0 0 0 0 0 0 0 0 0 0 0 0 0 0 0 0 0 0 0 0 0 0 0 0 0 0 0 0 0 0 0 0 0 0 0 0 0 0 0 0 0 0 0 0 0 0 0 0 0 0 0 0 0 0 0 0 0 0 0 0 0 0 0 0 0 0 0 0 0 0 0 0 0 0 0 0 0 0 0 0 0 0 0 0 0 0 0 0 0 0 0 0 0 0 0 0 0 0 0 0 0 0 0 0 0 0 0 0 0 0 0 0 0 0 0 0 0 0 0 0 0 0 0 0 0 0 0 0 0 0 0 0 0 0 0 0 0 0 0 0 0 0 0 0 0 0 0 0 0 0 0 0 0 0 0 0 0 0 0 0 0 0 0 0 0 0 0 0 0 0 0 0 0 0 0 0 0 0 0 0 0 0 0 0 0 0 0 0 0 0 0 0 0 0 0 0 0 0 0 0 0 0 0 0 0 0 0 0 0 0 0 0 0 0 0 0 0 0 0 0 0 0 0 0 0 0 0 0 0 0 0 0 0 0 0 0 0 0 0 0 0 0 0 0 0 0 0 0 0 0 0 0 0 0 0 0 0 0 0 0 0 0 0 0 0 0 0 0 0 0 0 0 0 0 0 0 0 0 0 0 0 0 0 0 0 0 0 0 0 0 0 0 0 0 0 0 0 0 0 0 0 0 0 0 0 0 0 0 0 0 0 0 0 0 0 0 0 0 0 0 0 0 0 0 0 0 0 0 0 0 0 0 0 0 0 0 0 0 0 0 0 0 0 0 0 0 0 0 0 0 0 0 0 0 0 0 0 0 0 0 0 0 0 0 0 0 0 0 0 0 0 0 0 0 0 0 0 0 0 0 0 0 0 0 0 0 0 0 0 0 0 0 0 0 0 0 0 0 0 0 0 0 0 0 0 0 0 0 0 0 0 0 0 0 0 0 0 0 0 0 0 0 0 0 0 0 0 0 0 0 0 0 0 0 0 0 0 0 0 0 0 0 0 0 0 0 0 0 0 0 0 0 0 0 0 0 0 0 0 0 0 0 0 0 0 0 0 0 0 0 0 0 0 0 0 0 0 0 0 0 0 0 0 0 0 0 0 0 0 0 0 0 
        </DataArray>
        <DataArray type="Float64" Name="dTdn" format="ascii">
0 0 0 0 0 0 0 0 0 0 0 0 0 0 0 0 0 0 0 0 0 0 0 0 0 0 0 0 0 0 0 0 0 0 0 0 0 0 0 0 0 0 0 0 0 0 0 0 0 0 0 0 0 0 0 0 0 0 0 0 0 0 0 0 0 0 0 0 0 0 0 0 0 0 0 0 0 0 0 0 0 0 0 0 0 0 0 0 0 0 0 0 0 0 0 0 0 0 0 0 0 0 0 0 0 0 0 0 0 0 0 0 0 0 0 0 0 0 0 0 0 0 0 0 0 0 0 0 0 0 0 0 0 0 0 0 0 0 0 0 0 0 0 0 0 0 0 0 0 0 0 0 0 0 0 0 0 0 0 0 0 0 0 0 0 0 0 0 0 0 0 0 0 0 0 0 0 0 0 0 0 0 0 0 0 0 0 0 0 0 0 0 0 0 0 0 0 0 0 0 0 0 0 0 0 0 0 0 0 0 0 0 0 0 0 0 0 0 0 0 0 0 0 0 0 0 0 0 0 0 0 0 0 0 0 0 0 0 0 0 0 0 0 0 0 0 0 0 0 0 0 0 0 0 0 0 0 0 0 0 0 0 0 0 0 0 0 0 0 0 0 0 0 0 0 0 0 0 0 0 0 0 0 0 0 0 0 0 0 0 0 0 0 0 0 0 0 0 0 0 0 0 0 0 0 0 0 0 0 0 0 0 0 0 0 0 0 0 0 0 0 0 0 0 0 0 0 0 0 0 0 0 0 0 0 0 0 0 0 0 0 0 0 0 0 0 0 0 0 0 0 0 0 0 0 0 0 0 0 0 0 0 0 0 0 0 0 0 0 0 0 0 0 0 0 0 0 0 0 0 0 0 0 0 0 0 0 0 0 0 0 0 0 0 0 0 0 0 0 0 0 0 0 0 0 0 0 0 0 0 0 0 0 0 0 0 0 0 0 0 0 0 0 0 0 0 0 0 0 0 0 0 0 0 0 0 0 0 0 0 0 0 0 0 0 0 0 0 0 0 0 0 0 0 0 0 0 0 0 0 0 0 0 0 0 0 0 0 0 0 0 0 0 0 0 0 0 0 0 0 0 0 0 0 0 0 0 0 0 0 0 0 0 0 0 0 0 0 0 0 0 0 0 0 0 0 0 0 0 0 0 0 0 0 0 0 0 0 0 0 0 0 0 0 0 0 0 0 0 0 0 0 0 0 0 0 0 0 0 0 0 0 0 0 0 0 0 0 0 0 0 0 0 0 0 0 0 0 0 0 0 0 0 0 0 0 0 0 0 0 0 0 0 0 0 0 0 0 0 0 0 0 0 0 0 0 0 0 0 0 0 0 0 0 0 0 0 0 0 0 0 0 0 0 0 0 0 0 0 0 0 0 0 0 0 0 0 0 0 0 0 0 0 0 0 0 0 0 0 0 0 0 0 0 0 0 0 0 0 0 0 0 0 0 0 0 0 0 0 0 0 0 0 0 0 0 0 0 0 0 0 0 0 0 0 0 0 0 0 0 0 0 0 0 0 0 0 0 0 0 0 0 0 0 0 0 0 0 0 0 0 0 0 0 0 0 0 0 0 0 0 0 0 0 0 0 0 0 0 0 0 0 0 0 0 0 0 0 0 0 0 0 0 0 0 0 0 0 0 0 0 0 0 0 0 0 0 0 0 0 0 0 0 0 0 0 0 0 0 0 0 0 0 0 0 0 0 0 0 0 0 0 0 0 0 0 0 0 0 0 0 0 0 0 0 0 0 0 0 0 0 0 0 0 0 0 0 0 0 0 0 0 0 0 0 0 0 0 0 0 0 0 0 0 0 0 0 0 0 0 0 0 0 0 0 0 0 0 0 0 0 0 0 0 0 0 0 0 0 0 0 0 0 0 0 0 0 0 0 0 0 0 0 0 0 0 0 0 0 0 0 0 0 0 0 0 0 0 0 0 0 0 0 0 0 0 0 0 0 0 0 0 0 0 0 0 0 0 0 0 0 0 0 0 0 0 0 0 0 0 0 0 0 0 0 0 0 0 0 0 0 0 0 0 0 0 0 0 0 0 0 0 0 0 0 0 0 0 0 0 0 0 0 0 0 0 0 0 0 0 0 0 0 0 0 0 0 0 0 0 0 0 0 0 0 0 0 0 0 0 0 0 0 0 0 0 0 0 0 0 0 0 0 0 0 0 0 0 0 0 0 0 0 0 0 0 0 0 0 0 0 0 0 0 0 0 0 0 0 0 0 0 0 0 0 0 0 0 0 0 0 0 0 0 0 0 0 0 0 0 0 0 0 0 0 0 0 0 0 0 0 0 0 0 0 0 0 0 0 0 0 0 0 0 0 0 0 0 0 0 0 0 0 0 0 0 0 0 0 0 0 0 0 0 0 0 0 0 0 0 0 0 0 0 0 0 0 0 0 0 0 0 0 0 0 0 0 0 0 0 0 0 0 0 0 0 0 0 0 0 0 0 0 0 0 0 0 0 0 0 0 0 0 0 0 0 0 0 0 0 0 0 0 0 0 0 0 0 0 0 0 0 0 0 0 0 0 0 0 0 0 0 0 0 0 0 0 0 0 0 0 0 0 0 0 0 0 0 0 0 0 0 0 0 0 0 0 0 0 0 0 0 0 0 0 0 0 0 0 0 0 0 0 0 0 0 0 0 0 0 0 0 0 0 0 0 0 0 0 0 0 0 0 0 0 0 0 0 0 0 0 0 0 0 0 0 0 0 0 0 0 0 0 0 0 0 0 0 0 0 0 0 0 0 0 0 0 0 0 0 0 0 0 0 0 0 0 0 0 0 0 0 0 0 0 0 0 0 0 0 0 0 0 0 0 0 0 0 0 0 0 0 0 0 0 0 0 0 0 0 0 0 0 0 0 0 0 0 0 0 0 0 0 0 0 0 0 0 0 0 0 0 0 0 0 0 0 0 0 0 0 0 0 0 0 0 0 0 0 0 0 0 0 0 0 0 0 0 0 0 0 0 0 0 0 0 0 0 0 0 0 0 0 0 0 0 0 0 0 0 0 0 0 0 0 0 0 0 0 0 0 0 0 0 0 0 0 0 0 0 0 0 0 0 0 0 0 0 0 0 0 0 0 0 0 0 0 0 0 0 0 0 0 0 0 0 0 0 0 0 0 0 0 0 0 0 0 0 0 0 0 0 0 0 0 0 0 0 0 0 0 0 0 0 0 0 0 0 0 0 0 0 0 0 0 0 0 0 0 0 0 0 0 0 0 0 0 0 0 0 0 0 0 0 0 0 0 0 0 0 0 0 0 0 0 0 0 0 0 0 0 0 0 0 0 0 0 0 0 0 0 0 0 0 0 0 0 0 0 0 0 0 0 0 0 0 0 0 0 0 0 0 0 0 0 0 0 0 0 0 0 0 0 0 0 0 0 0 0 0 0 0 0 0 0 0 0 0 0 0 0 0 0 0 0 0 0 0 0 0 0 0 0 0 0 0 0 0 0 0 0 0 0 0 0 0 0 0 0 0 0 0 0 0 0 0 0 0 0 0 0 0 0 0 0 0 0 0 0 0 0 0 0 0 0 0 0 0 0 0 0 0 0 0 0 0 0 0 0 0 0 0 0 0 0 0 0 0 0 0 0 0 0 0 0 0 0 0 0 0 0 0 0 0 0 0 0 0 0 0 0 0 0 0 0 0 0 0 0 0 0 0 0 0 0 0 0 0 0 0 0 0 0 0 0 0 0 0 0 0 0 0 0 0 0 0 0 0 0 0 0 0 0 0 0 0 0 0 0 0 0 0 0 0 0 0 0 0 0 0 0 0 0 0 0 0 0 0 0 0 0 0 0 0 0 0 0 0 0 0 0 0 0 0 0 0 0 0 0 0 0 0 0 0 0 0 0 0 0 0 0 0 0 0 0 0 0 0 0 0 0 0 0 0 0 0 0 0 0 0 0 0 0 0 0 0 0 0 0 0 0 0 0 0 0 0 0 0 0 0 0 0 0 0 0 0 0 0 0 0 0 0 0 0 0 0 0 0 0 0 0 0 0 0 0 0 0 0 0 0 0 0 0 0 0 0 0 0 0 0 0 0 0 0 0 0 0 0 0 0 0 0 0 0 0 0 0 0 0 0 0 0 0 0 0 0 0 0 0 0 0 0 0 0 0 0 0 0 0 0 0 0 0 0 0 0 0 0 0 0 0 0 0 0 0 0 0 0 0 0 0 0 0 0 0 0 0 0 0 0 0 0 0 0 0 0 0 0 0 0 0 0 0 0 0 0 0 0 0 0 0 0 0 0 0 0 0 0 0 0 0 0 0 0 0 0 0 0 0 0 0 0 0 0 0 0 0 0 0 0 0 0 0 0 0 0 0 0 0 0 0 0 0 0 0 0 0 0 0 0 0 0 0 0 0 0 0 0 0 0 0 0 0 0 0 0 0 0 0 0 0 0 0 0 0 0 0 0 0 0 0 0 0 0 0 0 0 0 0 0 0 0 0 0 0 0 0 0 0 0 0 0 0 0 0 0 0 0 0 0 
        </DataArray>
        <DataArray type="Int32" Name="Rank" format="ascii">
8 8 8 8 8 8 8 8 8 8 8 8 8 8 8 8 8 8 8 8 8 8 8 8 8 8 8 8 8 8 8 8 8 8 8 8 8 8 8 8 8 8 8 8 8 8 8 8 8 8 8 8 8 8 8 8 8 8 8 8 8 8 8 8 8 8 8 8 8 8 8 8 8 8 8 8 8 8 8 8 8 8 8 8 8 8 8 8 8 8 8 8 8 8 8 8 8 8 8 8 8 8 8 8 8 8 8 8 8 8 8 8 8 8 8 8 8 8 8 8 8 8 8 8 8 8 8 8 8 8 8 8 8 8 8 8 8 8 8 8 8 8 8 8 8 8 8 8 8 8 8 8 8 8 8 8 8 8 8 8 8 8 8 8 8 8 8 8 8 8 8 8 8 8 8 8 8 8 8 8 8 8 8 8 8 8 8 8 8 8 8 8 8 8 8 8 8 8 8 8 8 8 8 8 8 8 8 8 8 8 8 8 8 8 8 8 8 8 8 8 8 8 8 8 8 8 8 8 8 8 8 8 8 8 8 8 8 8 8 8 8 8 8 8 8 8 8 8 8 8 8 8 8 8 8 8 8 8 8 8 8 8 8 8 8 8 8 8 8 8 8 8 8 8 8 8 8 8 8 8 8 8 8 8 8 8 8 8 8 8 8 8 8 8 8 8 8 8 8 8 8 8 8 8 8 8 8 8 8 8 8 8 8 8 8 8 8 8 8 8 8 8 8 8 8 8 8 8 8 8 8 8 8 8 8 8 8 8 8 8 8 8 8 8 8 8 8 8 8 8 8 8 8 8 8 8 8 8 8 8 8 8 8 8 8 8 8 8 8 8 8 8 8 8 8 8 8 8 8 8 8 8 8 8 8 8 8 8 8 8 8 8 8 8 8 8 8 8 8 8 8 8 3 3 3 3 3 3 3 3 3 3 3 3 8 8 8 8 8 8 8 8 8 8 8 8 8 8 8 8 8 8 8 8 8 8 8 8 8 8 8 8 8 8 8 8 8 8 8 8 8 8 8 8 8 8 8 8 8 8 8 8 8 8 8 8 8 8 8 8 8 8 8 8 8 8 8 8 8 8 8 8 8 8 8 8 8 8 8 8 8 8 8 8 8 8 8 8 8 8 8 8 8 8 8 8 8 8 8 8 8 8 8 8 8 8 8 8 8 8 8 8 8 8 8 8 8 8 8 8 8 8 8 8 8 8 8 8 8 8 8 8 8 8 8 8 8 8 8 8 8 8 8 8 8 8 8 8 8 8 8 8 8 8 8 8 8 8 8 8 8 8 8 8 8 8 8 8 8 8 8 8 8 8 8 8 8 8 8 8 8 8 8 8 8 8 8 8 8 8 8 8 8 8 8 8 8 8 8 8 8 8 8 8 8 8 8 3 3 3 3 3 3 3 3 3 3 3 3 3 3 3 3 3 3 3 3 3 3 3 3 3 3 3 3 3 3 3 3 3 3 3 3 3 3 3 3 3 3 3 3 3 3 3 3 3 3 3 3 3 3 3 3 3 3 3 3 3 3 3 3 3 3 3 3 3 3 3 3 3 3 3 3 3 3 3 3 3 3 3 3 3 3 3 3 3 3 3 3 3 3 3 3 3 3 3 3 3 3 3 3 3 3 3 3 3 3 3 3 3 3 3 3 3 3 3 3 3 3 3 3 3 3 3 3 3 3 3 3 3 3 3 3 3 3 3 3 3 3 3 3 3 3 3 3 3 3 3 3 3 3 3 3 3 3 3 3 3 3 3 3 3 3 3 3 3 3 3 3 3 3 3 3 3 3 3 3 3 3 3 3 3 3 3 3 3 3 3 3 3 3 3 3 3 3 3 3 3 3 3 3 3 3 3 3 3 3 3 3 3 3 3 3 3 3 3 3 3 3 3 3 3 3 3 3 3 3 3 3 3 3 3 3 3 3 3 3 3 3 3 3 3 3 3 3 3 3 3 3 3 3 3 3 3 3 3 3 3 3 3 3 3 3 3 3 3 3 3 3 3 3 3 3 3 3 3 3 3 3 3 3 3 3 3 3 3 3 3 3 3 3 3 3 3 3 3 3 3 3 3 3 3 3 3 3 3 3 3 3 3 3 3 3 3 3 3 3 3 3 3 3 3 3 3 3 3 3 3 3 3 3 3 3 3 3 3 3 3 3 3 3 3 3 3 3 3 3 3 3 3 3 3 3 3 3 3 3 3 3 3 3 3 3 3 3 3 3 3 3 3 3 3 3 3 3 3 3 3 3 3 3 3 3 3 3 3 3 3 3 3 3 3 3 3 3 3 3 3 3 3 3 3 3 3 3 3 3 3 3 3 3 3 3 3 3 3 3 3 3 3 3 3 3 3 3 3 3 3 3 3 3 3 3 3 3 3 3 3 3 3 3 3 3 3 3 3 3 3 3 3 3 3 3 3 3 3 3 3 3 3 3 3 3 3 3 3 3 3 3 3 3 3 3 3 3 3 3 3 3 3 3 3 3 3 3 3 3 3 3 3 3 3 3 3 3 3 3 3 3 3 3 3 3 3 3 3 3 3 3 3 3 3 3 3 3 3 3 3 3 3 3 3 3 3 3 3 3 3 3 3 3 3 3 3 3 3 3 3 3 3 3 3 3 3 3 3 3 3 3 3 3 3 3 3 3 3 3 3 3 3 3 3 3 3 3 3 3 3 3 3 3 3 3 3 3 3 3 3 3 3 3 3 3 3 3 3 3 3 3 3 3 3 3 3 3 3 3 3 3 3 3 3 3 3 3 3 3 3 3 3 3 3 3 3 3 3 3 3 3 3 3 3 3 3 3 3 3 3 3 3 3 3 3 3 3 3 3 3 3 3 3 3 3 3 3 3 3 3 3 3 3 3 3 3 3 3 3 3 3 3 3 3 3 3 3 3 3 3 3 3 3 3 3 3 3 3 3 3 3 3 3 3 3 3 3 3 3 3 3 3 3 3 3 3 3 3 3 3 3 3 3 3 3 3 3 3 3 3 3 3 3 3 3 3 3 3 3 3 3 3 3 3 3 3 3 3 3 3 3 3 3 3 3 3 3 3 3 3 3 3 3 3 3 3 3 3 3 3 3 3 3 3 3 3 3 3 3 3 3 3 3 3 3 3 3 3 3 3 3 3 3 3 3 3 3 3 3 3 3 3 3 3 3 3 3 3 3 3 3 3 3 3 3 3 3 3 3 3 3 3 3 3 3 3 3 3 3 3 3 3 3 3 3 3 3 3 3 3 3 3 3 3 3 3 3 3 3 3 3 3 3 3 3 3 3 3 3 3 3 3 3 3 3 3 3 3 3 3 3 3 3 3 3 3 3 3 3 3 3 3 3 3 3 3 3 3 3 3 3 3 3 3 3 3 3 3 3 3 3 3 3 3 3 3 3 3 3 3 3 3 3 3 3 3 3 3 3 3 3 3 3 3 3 3 3 3 3 3 3 3 3 3 3 3 3 3 3 3 3 3 3 3 3 3 3 3 3 3 3 3 3 3 3 3 3 3 3 3 3 3 3 3 3 3 3 3 3 3 3 3 3 3 3 3 3 3 3 3 3 3 3 3 3 3 3 3 3 3 3 3 3 3 3 3 3 3 3 3 3 3 3 3 3 3 3 3 3 3 3 3 3 3 3 3 3 3 3 3 3 3 3 3 3 3 3 3 3 3 3 3 3 3 3 3 3 3 3 3 3 3 3 3 3 3 3 3 3 3 3 3 3 3 3 3 3 3 3 3 3 3 3 3 3 3 3 3 3 3 3 3 3 3 3 3 3 3 3 3 3 3 3 3 3 3 3 3 3 3 3 3 3 3 3 3 3 3 8 8 8 8 8 8 8 8 8 8 8 8 8 8 8 8 8 8 8 8 8 8 8 8 8 8 8 8 8 8 8 8 8 8 8 8 8 8 8 8 8 8 8 8 8 8 8 8 8 8 8 8 8 8 8 8 8 8 8 8 8 8 8 8 8 8 8 8 8 8 8 8 8 8 8 8 8 8 8 8 8 8 8 8 8 8 8 8 8 8 8 8 8 8 8 8 8 8 8 8 8 8 8 8 8 8 8 8 8 8 8 8 8 8 8 8 8 8 8 8 8 8 8 8 8 8 8 8 8 8 8 8 8 8 8 8 8 8 8 8 8 8 8 8 8 8 8 8 8 8 8 8 8 8 8 8 8 8 8 8 8 8 8 8 8 8 8 8 8 8 8 8 8 8 8 8 8 8 8 8 8 8 8 8 8 8 8 8 8 8 8 8 8 8 8 8 8 8 8 8 8 8 8 8 8 8 8 8 8 8 8 8 8 8 8 8 8 8 8 8 8 8 8 8 8 8 8 8 8 8 8 8 8 8 8 8 8 8 8 8 8 8 8 8 8 8 8 8 8 8 8 8 8 8 8 8 8 8 8 8 8 8 8 8 8 8 8 8 8 8 8 8 8 8 8 8 8 8 8 8 8 8 8 8 8 8 8 8 8 8 8 8 8 8 8 8 8 8 8 8 8 8 8 8 
        </DataArray>
        <DataArray type="Int32" Name="Level" format="ascii">
4 4 4 4 4 4 4 4 4 4 4 4 4 4 4 4 4 4 4 4 4 4 4 4 4 4 4 4 4 4 4 4 4 4 4 4 4 4 4 4 4 4 4 4 4 4 4 4 4 4 4 4 4 4 4 4 4 4 4 4 4 4 4 4 4 4 4 4 4 4 4 4 4 4 4 4 4 4 4 4 4 4 4 4 4 4 4 4 4 4 4 4 4 4 4 4 4 4 4 4 4 4 4 4 4 4 4 4 4 4 4 4 4 4 4 4 4 4 4 4 4 4 4 4 4 4 4 4 4 4 4 4 4 4 4 4 4 4 4 4 4 4 4 4 4 4 4 4 4 4 4 4 4 4 4 4 4 4 4 4 4 4 4 4 4 4 4 4 4 4 4 4 4 4 4 4 4 4 4 4 4 4 4 4 4 4 4 4 4 4 4 4 4 4 4 4 4 4 4 4 4 4 4 4 4 4 4 4 4 4 4 4 4 4 4 4 4 4 4 4 4 4 4 4 4 4 4 4 4 4 4 4 4 4 4 4 4 4 4 4 4 4 4 4 4 4 4 4 4 4 4 4 4 4 4 4 4 4 4 4 4 4 4 4 4 4 4 4 4 4 4 4 4 4 4 4 4 4 4 4 4 4 4 4 4 4 4 4 4 4 4 4 4 4 4 4 4 4 4 4 4 4 4 4 4 4 4 4 4 4 4 4 4 4 4 4 4 4 4 4 4 4 4 4 4 4 4 4 4 4 4 4 4 4 4 4 4 4 4 4 4 4 4 4 4 4 4 4 4 4 4 4 4 4 4 4 4 4 4 4 4 4 4 4 4 4 4 4 4 4 4 4 4 4 4 4 4 4 4 4 4 4 4 4 4 4 4 4 4 4 4 4 4 4 4 4 4 4 4 4 4 4 3 3 3 3 3 3 3 3 3 3 3 3 4 4 4 4 4 4 4 4 4 4 4 4 4 4 4 4 4 4 4 4 4 4 4 4 4 4 4 4 4 4 4 4 4 4 4 4 4 4 4 4 4 4 4 4 4 4 4 4 4 4 4 4 4 4 4 4 4 4 4 4 4 4 4 4 4 4 4 4 4 4 4 4 4 4 4 4 4 4 4 4 4 4 4 4 4 4 4 4 4 4 4 4 4 4 4 4 4 4 4 4 4 4 4 4 4 4 4 4 4 4 4 4 4 4 4 4 4 4 4 4 4 4 4 4 4 4 4 4 4 4 4 4 4 4 4 4 4 4 4 4 4 4 4 4 4 4 4 4 4 4 4 4 4 4 4 4 4 4 4 4 4 4 4 4 4 4 4 4 4 4 4 4 4 4 4 4 4 4 4 4 4 4 4 4 4 4 4 4 4 4 4 4 4 4 4 4 4 4 4 4 4 4 4 4 4 4 4 4 4 4 4 4 4 4 4 4 4 4 4 4 4 4 4 4 4 4 4 4 4 4 4 4 4 4 4 4 4 4 4 4 4 4 4 4 4 4 4 4 4 4 4 4 4 4 4 4 4 4 4 4 4 4 4 4 4 4 4 4 4 4 4 4 4 4 4 4 4 4 4 4 4 4 4 4 4 4 4 4 4 4 4 4 4 4 4 4 4 4 4 4 4 4 4 4 4 4 4 4 4 4 4 4 4 4 4 4 4 4 4 4 4 4 4 4 4 4 4 4 4 4 4 4 4 4 4 4 4 4 4 4 4 4 4 4 4 4 4 4 4 4 4 4 4 4 4 4 4 4 4 4 4 4 4 4 4 4 4 4 4 4 4 4 4 4 4 4 4 4 4 4 4 4 4 4 4 4 4 4 4 4 4 4 4 4 4 4 4 4 4 4 4 4 4 4 4 4 4 4 4 4 4 4 4 4 4 4 4 4 4 4 4 4 4 4 4 4 4 4 4 4 4 4 4 4 4 4 4 4 4 4 4 4 4 4 4 4 4 4 4 4 4 4 4 4 4 4 4 4 4 4 4 4 4 4 4 4 4 4 4 4 4 4 4 4 4 4 4 4 4 4 4 4 4 4 4 4 4 4 4 4 4 4 4 4 4 4 4 4 4 4 4 4 4 4 4 4 4 4 4 4 4 4 4 4 4 4 4 4 4 4 4 4 4 4 4 4 4 4 4 4 4 4 4 4 4 4 4 4 4 4 4 4 4 4 4 4 4 4 4 4 4 4 4 4 4 4 4 4 4 4 4 4 4 4 4 4 4 4 4 4 4 4 4 4 4 4 4 4 4 4 4 4 4 4 4 4 4 4 4 4 4 4 4 4 4 4 4 4 4 4 4 4 4 4 4 4 4 4 4 4 4 4 4 4 4 4 4 4 4 4 4 4 4 4 4 4 4 4 4 4 4 4 4 4 4 4 4 4 4 4 4 4 4 4 4 4 4 4 4 4 4 4 4 4 4 4 4 4 4 4 4 4 4 4 4 4 4 4 4 4 4 4 4 4 4 4 4 4 4 4 4 4 4 4 4 4 4 4 4 4 4 4 4 4 4 4 4 4 4 4 4 4 4 4 4 4 4 4 4 4 4 4 4 4 4 4 4 4 4 4 4 4 4 4 4 4 4 4 4 4 4 4 4 4 4 4 4 4 4 4 4 4 4 4 4 4 4 4 4 4 4 4 4 4 4 4 4 4 4 4 4 4 4 4 4 4 4 4 4 4 4 4 4 4 4 4 4 4 4 4 4 4 4 4 4 4 4 4 4 4 4 4 4 4 4 4 4 4 4 4 4 4 4 4 4 4 4 4 4 4 4 4 4 4 4 4 4 4 4 4 4 4 4 4 4 4 4 4 4 4 4 4 4 4 4 4 4 4 4 4 4 4 4 4 4 4 4 4 4 4 4 4 4 4 4 4 4 4 4 4 4 4 4 4 4 4 4 4 4 4 4 4 4 4 4 4 4 4 4 4 4 4 4 4 4 4 4 4 4 4 4 4 4 4 4 4 4 4 4 4 4 4 4 4 4 4 4 4 4 4 4 4 4 4 4 4 4 4 4 4 4 4 4 4 4 4 4 4 4 4 4 4 4 4 4 4 4 4 4 4 4 4 4 4 4 4 4 4 4 4 4 4 4 4 4 4 4 4 4 4 4 4 4 4 4 4 4 4 4 4 4 4 4 4 4 4 4 4 4 4 4 4 4 4 4 4 4 4 4 4 4 4 4 4 4 4 4 4 4 4 4 4 4 4 4 4 4 4 4 4 4 4 4 4 4 4 4 4 4 4 4 4 4 4 4 4 4 4 4 4 4 4 4 4 4 4 4 4 4 4 4 4 4 4 4 4 4 4 4 4 4 4 4 4 4 4 4 4 4 4 4 4 4 4 4 4 4 4 4 4 4 4 4 4 4 4 4 4 4 4 4 4 4 4 4 4 4 4 4 4 4 4 4 4 4 4 4 4 4 4 4 4 4 4 4 4 4 4 4 4 4 4 4 4 4 4 4 4 4 4 4 4 4 4 4 4 4 4 4 4 4 4 4 4 4 4 4 4 4 4 4 4 4 4 4 4 4 4 4 4 4 4 4 4 4 4 4 4 4 4 4 4 4 4 4 4 4 4 4 4 4 4 4 4 4 4 4 4 4 4 4 4 4 4 4 4 4 4 4 4 4 4 4 4 4 4 4 4 4 4 4 4 4 4 4 4 4 4 4 4 4 4 4 4 4 4 4 4 4 4 4 4 4 4 4 4 4 4 4 4 4 4 4 4 4 4 4 4 4 4 4 4 4 4 4 4 4 4 4 4 4 4 4 4 4 4 4 4 4 4 4 4 4 4 4 4 4 4 4 4 4 4 4 4 4 4 4 4 4 4 4 4 4 4 4 4 4 4 4 4 4 4 4 4 4 4 4 4 4 4 4 4 4 4 4 4 4 4 4 4 4 4 4 4 4 4 4 4 4 4 4 4 4 4 4 4 4 4 4 4 4 4 4 4 4 4 4 4 4 4 4 4 4 4 4 4 4 4 4 4 4 4 4 4 4 4 4 4 4 4 4 4 4 4 4 4 4 4 4 4 4 4 4 4 4 4 4 4 4 4 4 4 4 4 4 4 4 4 4 4 4 4 4 4 4 4 4 4 4 4 4 4 4 4 4 4 4 4 4 4 4 4 4 4 4 4 4 4 4 4 4 4 4 4 4 4 4 4 4 4 4 4 4 4 4 4 4 4 4 4 4 4 4 4 4 4 4 4 4 4 4 4 4 4 4 4 4 4 4 4 4 4 4 4 4 4 4 4 4 4 4 4 4 4 4 4 4 4 4 4 4 4 4 4 4 4 4 4 4 4 4 4 4 4 4 4 4 4 4 4 4 4 4 4 4 4 4 4 4 4 4 4 4 4 4 4 4 4 4 4 4 4 4 4 4 4 4 4 4 4 4 4 4 4 4 4 4 4 4 4 4 4 4 4 4 4 4 4 4 4 4 4 4 4 4 4 4 4 4 4 4 4 4 4 4 4 4 4 4 4 4 4 4 4 4 4 4 4 4 4 4 4 4 4 4 4 
        </DataArray>
        <DataArray type="Int32" Name="N_Interp_IP0" format="ascii">
4 4 4 4 4 4 4 4 4 4 4 4 4 4 4 4 4 4 4 4 4 4 4 4 4 4 4 4 4 4 4 4 4 4 4 4 4 4 4 4 4 4 4 4 4 4 4 4 4 4 4 4 4 4 4 4 4 4 4 4 4 4 4 4 4 4 4 4 4 4 4 4 4 4 4 4 4 4 4 4 4 4 4 4 4 4 4 4 4 4 4 4 4 4 4 4 4 4 4 4 4 4 4 4 4 4 4 4 4 4 4 4 4 4 4 4 4 4 4 4 4 4 4 4 4 4 4 4 4 4 4 4 4 4 4 4 4 4 4 4 4 4 4 4 4 4 4 4 4 4 4 4 4 4 4 4 4 4 4 4 4 4 4 4 4 4 4 4 4 4 4 4 4 4 4 4 4 4 4 4 4 4 4 4 4 4 4 4 4 4 4 4 4 4 4 4 4 4 4 4 4 4 4 4 4 4 4 4 4 4 4 4 4 4 4 4 4 4 4 4 4 4 4 4 4 4 4 4 4 4 4 4 4 4 4 4 4 4 4 4 4 4 4 4 4 4 4 4 4 4 4 4 4 4 4 4 4 4 4 4 4 4 4 4 4 4 4 4 4 4 4 4 4 4 4 4 4 4 4 4 4 4 4 4 4 4 4 4 4 4 4 4 4 4 4 4 4 4 4 4 4 4 4 4 4 4 4 4 4 4 4 4 4 4 4 4 4 4 4 4 4 4 4 4 4 4 4 4 4 4 4 4 4 4 4 4 4 4 4 4 4 4 4 4 4 4 4 4 4 4 4 4 4 4 4 4 4 4 4 4 4 4 4 4 4 4 4 4 4 4 4 4 4 4 4 4 4 4 4 4 4 4 4 4 4 4 4 4 4 4 4 4 4 4 4 4 4 4 4 4 4 4 4 4 4 4 4 4 4 4 4 4 4 4 4 4 4 4 4 4 4 4 4 4 4 4 4 4 4 4 4 4 4 4 4 4 4 4 4 4 4 4 4 4 4 4 4 4 4 4 4 4 4 4 4 4 4 4 4 4 4 4 4 4 4 4 4 4 4 4 4 4 4 4 4 4 4 4 4 4 4 4 4 4 4 4 4 4 4 4 4 4 4 4 4 4 4 4 4 4 4 4 4 4 4 4 4 4 4 4 4 4 4 4 4 4 4 4 4 4 4 4 4 4 4 4 4 4 4 4 4 4 4 4 4 4 4 4 4 4 4 4 4 4 4 4 4 4 4 4 4 4 4 4 4 4 4 4 4 4 4 4 4 4 4 4 4 4 4 4 4 4 4 4 4 4 4 4 4 4 4 4 4 4 4 4 4 4 4 4 4 4 4 4 4 4 4 4 4 4 4 4 4 4 4 4 4 4 4 4 4 4 4 4 4 4 4 4 4 4 4 4 4 4 4 4 4 4 4 4 4 4 4 4 4 4 4 4 4 4 4 4 4 4 4 4 4 4 4 4 4 4 4 4 4 4 4 4 4 4 4 4 4 4 4 4 4 4 4 4 4 4 4 4 4 4 4 4 4 4 4 4 4 4 4 4 4 4 4 4 4 4 4 4 4 4 4 4 4 4 4 4 4 4 4 4 4 4 4 4 4 4 4 4 4 4 4 4 4 4 4 4 4 4 4 4 4 4 4 4 4 4 4 4 4 4 4 4 4 4 4 4 4 4 4 4 4 4 4 4 4 4 4 4 4 4 4 4 4 4 4 4 4 4 4 4 4 4 4 4 4 4 4 4 4 4 4 4 4 4 4 4 4 4 4 4 4 4 4 4 4 4 4 4 4 4 4 4 4 4 4 4 4 4 4 4 4 4 4 4 4 4 4 4 4 4 4 4 4 4 4 4 4 4 4 4 4 4 4 4 4 4 4 4 4 4 4 4 4 4 4 4 4 4 4 4 4 4 4 4 4 4 4 4 4 4 4 4 4 4 4 4 4 4 4 4 4 4 4 4 4 4 4 4 4 4 4 4 4 4 4 4 4 4 4 4 4 4 4 4 4 4 4 4 4 4 4 4 4 4 4 4 4 4 4 4 4 4 4 4 4 4 4 4 4 4 4 4 4 4 4 4 4 4 4 4 4 4 4 4 4 4 4 4 4 4 4 4 4 4 4 4 4 4 4 4 4 4 4 4 4 4 4 4 4 4 4 4 4 4 4 4 4 4 4 4 4 4 4 4 4 4 4 4 4 4 4 4 4 4 4 4 4 4 4 4 4 4 4 4 4 4 4 4 4 4 4 4 4 4 4 4 4 4 4 4 4 4 4 4 4 4 4 4 4 4 4 4 4 4 4 4 4 4 4 4 4 4 4 4 4 4 4 4 4 4 4 4 4 4 4 4 4 4 4 4 4 4 4 4 4 4 4 4 4 4 4 4 4 4 4 4 4 4 4 4 4 4 4 4 4 4 4 4 4 4 4 4 4 4 4 4 4 4 4 4 4 4 4 4 4 4 4 4 4 4 4 4 4 4 4 4 4 4 4 4 4 4 4 4 4 4 4 4 4 4 4 4 4 4 4 4 4 4 4 4 4 4 4 4 4 4 4 4 4 4 4 4 4 4 4 4 4 4 4 4 4 4 4 4 4 4 4 4 4 4 4 4 4 4 4 4 4 4 4 4 4 4 4 4 4 4 4 4 4 4 4 4 4 4 4 4 4 4 4 4 4 4 4 4 4 4 4 4 4 4 4 4 4 4 4 4 4 4 4 4 4 4 4 4 4 4 4 4 4 4 4 4 4 4 4 4 4 4 4 4 4 4 4 4 4 4 4 4 4 4 4 4 4 4 4 4 4 4 4 4 4 4 4 4 4 4 4 4 4 4 4 4 4 4 4 4 4 4 4 4 4 4 4 4 4 4 4 4 4 4 4 4 4 4 4 4 4 4 4 4 4 4 4 4 4 4 4 4 4 4 4 4 4 4 4 4 4 4 4 4 4 4 4 4 4 4 4 4 4 4 4 4 4 4 4 4 4 4 4 4 4 4 4 4 4 4 4 4 4 4 4 4 4 4 4 4 4 4 4 4 4 4 4 4 4 4 4 4 4 4 4 4 4 4 4 4 4 4 4 4 4 4 4 4 4 4 4 4 4 4 4 4 4 4 4 4 4 4 4 4 4 4 4 4 4 4 4 4 4 4 4 4 4 4 4 4 4 4 4 4 4 4 4 4 4 4 4 4 4 4 4 4 4 4 4 4 4 4 4 4 4 4 4 4 4 4 4 4 4 4 4 4 4 4 4 4 4 4 4 4 4 4 4 4 4 4 4 4 4 4 4 4 4 4 4 4 4 4 4 4 4 4 4 4 4 4 4 4 4 4 4 4 4 4 4 4 4 4 4 4 4 4 4 4 4 4 4 4 4 4 4 4 4 4 4 4 4 4 4 4 4 4 4 4 4 4 4 4 4 4 4 4 4 4 4 4 4 4 4 4 4 4 4 4 4 4 4 4 4 4 4 4 4 4 4 4 4 4 4 4 4 4 4 4 4 4 4 4 4 4 4 4 4 4 4 4 4 4 4 4 4 4 4 4 4 4 4 4 4 4 4 4 4 4 4 4 4 4 4 4 4 4 4 4 4 4 4 4 4 4 4 4 4 4 4 4 4 4 4 4 4 4 4 4 4 4 4 4 4 4 4 4 4 4 4 4 4 4 4 4 4 4 4 4 4 4 4 4 4 4 4 4 4 4 4 4 4 4 4 4 4 4 4 4 4 4 4 4 4 4 4 4 4 4 4 4 4 4 4 4 4 4 4 4 4 4 4 4 4 4 4 4 4 4 4 4 4 4 4 4 4 4 4 4 4 4 4 4 4 4 4 4 4 4 4 4 4 4 4 4 4 4 4 4 4 4 4 4 4 4 4 4 4 4 4 4 4 4 4 4 4 4 4 4 4 4 4 4 4 4 4 4 4 4 4 4 4 4 4 4 4 4 4 4 4 4 4 4 4 4 4 4 4 4 4 4 4 4 4 4 4 4 4 4 4 4 4 4 4 4 4 4 4 4 4 4 4 4 4 4 4 4 4 4 4 4 4 4 4 4 4 4 4 4 4 4 4 4 4 4 4 4 4 4 4 4 4 4 4 4 4 4 4 4 4 4 4 4 4 4 4 4 4 4 4 4 4 4 4 4 4 4 4 4 4 4 4 4 4 4 4 4 4 4 4 4 4 4 4 4 4 4 4 4 4 4 4 4 4 4 4 4 4 4 4 4 4 4 4 4 4 4 4 4 4 4 4 4 4 4 4 4 4 4 4 4 4 4 4 4 4 4 4 4 4 4 4 4 4 4 4 4 4 4 4 4 4 4 4 4 4 4 4 4 4 4 4 4 4 4 4 4 4 4 4 4 4 4 4 4 4 4 4 4 4 4 4 4 4 4 4 4 4 4 4 4 4 4 4 4 4 4 4 4 4 4 4 4 4 4 4 4 4 4 4 4 4 4 4 4 4 4 4 4 4 4 4 4 4 4 4 4 4 4 4 4 4 4 4 4 4 4 4 4 
        </DataArray>
      </CellData>
    </Piece>
  </PolyData>
</VTKFile>
