<?xml version="1.0"?>
<VTKFile type="PolyData" version="1.0" byte_order="LittleEndian" header_type="UInt64">
  <PolyData>
    <Piece NumberOfPoints="2000" NumberOfPolys="2000">
      <Points>
        <DataArray type="Float64" Name="Points" NumberOfComponents="3" format="ascii">
0.6 -0.5 0.0 0.599999 -0.499686 0.0 0.599998 -0.499372 0.0 0.599995 -0.499058 0.0 0.599992 -0.498743 0.0 0.599987 -0.498429 0.0 0.599982 -0.498115 0.0 0.599975 -0.497801 0.0 0.599968 -0.497487 0.0 0.59996 -0.497173 0.0 0.599951 -0.496859 0.0 0.59994 -0.496545 0.0 0.599929 -0.496231 0.0 0.599916 -0.495917 0.0 0.599903 -0.495603 0.0 0.599888 -0.495289 0.0 0.599874 -0.494976 0.0 0.599857 -0.494662 0.0 0.59984 -0.494348 0.0 0.599821 -0.494035 0.0 0.599803 -0.493721 0.0 0.599782 -0.493407 0.0 0.599761 -0.493094 0.0 0.599739 -0.492781 0.0 0.599716 -0.492467 0.0 0.599691 -0.492154 0.0 0.599667 -0.491841 0.0 0.59964 -0.491528 0.0 0.599613 -0.491215 0.0 0.599585 -0.490902 0.0 0.599556 -0.490589 0.0 0.599526 -0.490276 0.0 0.599495 -0.489964 0.0 0.599463 -0.489651 0.0 0.59943 -0.489339 0.0 0.599396 -0.489027 0.0 0.599361 -0.488714 0.0 0.599325 -0.488402 0.0 0.599288 -0.48809 0.0 0.59925 -0.487778 0.0 0.599211 -0.487467 0.0 0.599171 -0.487155 0.0 0.599131 -0.486844 0.0 0.599088 -0.486532 0.0 0.599046 -0.486221 0.0 0.599002 -0.48591 0.0 0.598958 -0.485599 0.0 0.598911 -0.485288 0.0 0.598865 -0.484977 0.0 0.598817 -0.484667 0.0 0.598769 -0.484357 0.0 0.598719 -0.484046 0.0 0.598669 -0.483736 0.0 0.598617 -0.483426 0.0 0.598564 -0.483117 0.0 0.59851 -0.482807 0.0 0.598456 -0.482498 0.0 0.5984 -0.482189 0.0 0.598345 -0.481879 0.0 0.598287 -0.481571 0.0 0.598229 -0.481262 0.0 0.598169 -0.480953 0.0 0.598109 -0.480645 0.0 0.598047 -0.480337 0.0 0.597986 -0.480029 0.0 0.597922 -0.479721 0.0 0.597858 -0.479414 0.0 0.597792 -0.479107 0.0 0.597727 -0.478799 0.0 0.597659 -0.478492 0.0 0.597592 -0.478186 0.0 0.597522 -0.477879 0.0 0.597453 -0.477573 0.0 0.597381 -0.477267 0.0 0.59731 -0.476961 0.0 0.597237 -0.476656 0.0 0.597163 -0.47635 0.0 0.597088 -0.476045 0.0 0.597013 -0.47574 0.0 0.596935 -0.475436 0.0 0.596858 -0.475131 0.0 0.596779 -0.474827 0.0 0.5967 -0.474523 0.0 0.596619 -0.474219 0.0 0.596538 -0.473916 0.0 0.596455 -0.473613 0.0 0.596372 -0.47331 0.0 0.596288 -0.473007 0.0 0.596203 -0.472705 0.0 0.596116 -0.472403 0.0 0.596029 -0.472101 0.0 0.595941 -0.471799 0.0 0.595852 -0.471498 0.0 0.595762 -0.471197 0.0 0.595671 -0.470896 0.0 0.595579 -0.470596 0.0 0.595486 -0.470296 0.0 0.595392 -0.469996 0.0 0.595298 -0.469696 0.0 0.595202 -0.469397 0.0 0.595106 -0.469098 0.0 0.595008 -0.4688 0.0 0.59491 -0.468501 0.0 0.59481 -0.468203 0.0 0.59471 -0.467906 0.0 0.594608 -0.467608 0.0 0.594506 -0.467311 0.0 0.594403 -0.467015 0.0 0.594299 -0.466718 0.0 0.594194 -0.466422 0.0 0.594088 -0.466126 0.0 0.593981 -0.465831 0.0 0.593873 -0.465536 0.0 0.593764 -0.465241 0.0 0.593655 -0.464947 0.0 0.593544 -0.464653 0.0 0.593433 -0.464359 0.0 0.59332 -0.464066 0.0 0.593207 -0.463772 0.0 0.593092 -0.46348 0.0 0.592978 -0.463188 0.0 0.592861 -0.462896 0.0 0.592745 -0.462604 0.0 0.592626 -0.462313 0.0 0.592508 -0.462022 0.0 0.592387 -0.461732 0.0 0.592267 -0.461442 0.0 0.592145 -0.461152 0.0 0.592023 -0.460863 0.0 0.591899 -0.460574 0.0 0.591775 -0.460285 0.0 0.59165 -0.459997 0.0 0.591524 -0.459709 0.0 0.591397 -0.459422 0.0 0.591269 -0.459135 0.0 0.59114 -0.458849 0.0 0.591011 -0.458562 0.0 0.59088 -0.458277 0.0 0.590748 -0.457991 0.0 0.590616 -0.457707 0.0 0.590483 -0.457422 0.0 0.590348 -0.457138 0.0 0.590213 -0.456854 0.0 0.590077 -0.456571 0.0 0.589941 -0.456288 0.0 0.589802 -0.456006 0.0 0.589664 -0.455724 0.0 0.589524 -0.455443 0.0 0.589384 -0.455162 0.0 0.589242 -0.454881 0.0 0.589101 -0.454601 0.0 0.588957 -0.454321 0.0 0.588814 -0.454042 0.0 0.588668 -0.453763 0.0 0.588523 -0.453485 0.0 0.588376 -0.453207 0.0 0.588229 -0.45293 0.0 0.58808 -0.452653 0.0 0.587932 -0.452376 0.0 0.587781 -0.4521 0.0 0.587631 -0.451825 0.0 0.587478 -0.45155 0.0 0.587326 -0.451275 0.0 0.587172 -0.451001 0.0 0.587018 -0.450727 0.0 0.586863 -0.450454 0.0 0.586707 -0.450181 0.0 0.58655 -0.44991 0.0 0.586392 -0.449638 0.0 0.586233 -0.449367 0.0 0.586074 -0.449096 0.0 0.585913 -0.448826 0.0 0.585753 -0.448556 0.0 0.58559 -0.448287 0.0 0.585428 -0.448018 0.0 0.585264 -0.44775 0.0 0.585099 -0.447483 0.0 0.584934 -0.447216 0.0 0.584768 -0.446949 0.0 0.5846 -0.446683 0.0 0.584433 -0.446417 0.0 0.584264 -0.446153 0.0 0.584094 -0.445888 0.0 0.583924 -0.445624 0.0 0.583753 -0.445361 0.0 0.58358 -0.445098 0.0 0.583408 -0.444835 0.0 0.583234 -0.444574 0.0 0.58306 -0.444312 0.0 0.582884 -0.444052 0.0 0.582708 -0.443792 0.0 0.582531 -0.443532 0.0 0.582353 -0.443273 0.0 0.582174 -0.443015 0.0 0.581995 -0.442757 0.0 0.581815 -0.4425 0.0 0.581634 -0.442243 0.0 0.581452 -0.441987 0.0 0.581269 -0.441731 0.0 0.581086 -0.441476 0.0 0.580902 -0.441221 0.0 0.580716 -0.440968 0.0 0.580531 -0.440714 0.0 0.580344 -0.440462 0.0 0.580157 -0.44021 0.0 0.579968 -0.439958 0.0 0.579779 -0.439707 0.0 0.579589 -0.439457 0.0 0.579399 -0.439207 0.0 0.579207 -0.438958 0.0 0.579016 -0.438709 0.0 0.578822 -0.438462 0.0 0.578629 -0.438214 0.0 0.578434 -0.437968 0.0 0.578239 -0.437721 0.0 0.578043 -0.437476 0.0 0.577846 -0.437231 0.0 0.577648 -0.436987 0.0 0.57745 -0.436743 0.0 0.577251 -0.4365 0.0 0.577051 -0.436258 0.0 0.57685 -0.436016 0.0 0.576649 -0.435775 0.0 0.576447 -0.435535 0.0 0.576244 -0.435294 0.0 0.57604 -0.435056 0.0 0.575836 -0.434817 0.0 0.575631 -0.434579 0.0 0.575425 -0.434341 0.0 0.575218 -0.434105 0.0 0.575011 -0.433869 0.0 0.574803 -0.433634 0.0 0.574594 -0.433399 0.0 0.574384 -0.433165 0.0 0.574174 -0.432931 0.0 0.573963 -0.432699 0.0 0.573751 -0.432467 0.0 0.573538 -0.432236 0.0 0.573326 -0.432005 0.0 0.573111 -0.431775 0.0 0.572897 -0.431545 0.0 0.572681 -0.431317 0.0 0.572465 -0.431089 0.0 0.572248 -0.430862 0.0 0.572031 -0.430635 0.0 0.571812 -0.430409 0.0 0.571594 -0.430183 0.0 0.571374 -0.429959 0.0 0.571154 -0.429735 0.0 0.570932 -0.429512 0.0 0.570711 -0.429289 0.0 0.570488 -0.429068 0.0 0.570265 -0.428846 0.0 0.570041 -0.428626 0.0 0.569817 -0.428406 0.0 0.569591 -0.428188 0.0 0.569365 -0.427969 0.0 0.569138 -0.427752 0.0 0.568911 -0.427535 0.0 0.568683 -0.427319 0.0 0.568455 -0.427103 0.0 0.568225 -0.426889 0.0 0.567995 -0.426674 0.0 0.567764 -0.426462 0.0 0.567533 -0.426249 0.0 0.567301 -0.426037 0.0 0.567069 -0.425826 0.0 0.566835 -0.425616 0.0 0.566601 -0.425406 0.0 0.566366 -0.425197 0.0 0.566131 -0.424989 0.0 0.565895 -0.424782 0.0 0.565659 -0.424575 0.0 0.565421 -0.424369 0.0 0.565183 -0.424164 0.0 0.564944 -0.42396 0.0 0.564706 -0.423756 0.0 0.564465 -0.423553 0.0 0.564225 -0.423351 0.0 0.563984 -0.42315 0.0 0.563742 -0.422949 0.0 0.5635 -0.422749 0.0 0.563257 -0.42255 0.0 0.563013 -0.422352 0.0 0.562769 -0.422154 0.0 0.562524 -0.421957 0.0 0.562279 -0.421761 0.0 0.562032 -0.421566 0.0 0.561786 -0.421371 0.0 0.561538 -0.421178 0.0 0.561291 -0.420984 0.0 0.561042 -0.420793 0.0 0.560793 -0.420601 0.0 0.560543 -0.420411 0.0 0.560293 -0.420221 0.0 0.560042 -0.420032 0.0 0.55979 -0.419843 0.0 0.559538 -0.419656 0.0 0.559286 -0.419469 0.0 0.559032 -0.419284 0.0 0.558779 -0.419098 0.0 0.558524 -0.418914 0.0 0.558269 -0.418731 0.0 0.558013 -0.418548 0.0 0.557757 -0.418366 0.0 0.5575 -0.418185 0.0 0.557243 -0.418005 0.0 0.556985 -0.417826 0.0 0.556727 -0.417647 0.0 0.556468 -0.417469 0.0 0.556208 -0.417292 0.0 0.555948 -0.417116 0.0 0.555688 -0.41694 0.0 0.555426 -0.416766 0.0 0.555165 -0.416592 0.0 0.554902 -0.41642 0.0 0.554639 -0.416247 0.0 0.554376 -0.416076 0.0 0.554112 -0.415906 0.0 0.553847 -0.415736 0.0 0.553583 -0.415567 0.0 0.553317 -0.4154 0.0 0.553051 -0.415232 0.0 0.552784 -0.415066 0.0 0.552517 -0.414901 0.0 0.55225 -0.414736 0.0 0.551982 -0.414572 0.0 0.551713 -0.41441 0.0 0.551444 -0.414247 0.0 0.551174 -0.414087 0.0 0.550904 -0.413926 0.0 0.550633 -0.413767 0.0 0.550362 -0.413608 0.0 0.55009 -0.41345 0.0 0.549819 -0.413293 0.0 0.549546 -0.413137 0.0 0.549273 -0.412982 0.0 0.548999 -0.412828 0.0 0.548725 -0.412674 0.0 0.54845 -0.412522 0.0 0.548175 -0.412369 0.0 0.5479 -0.412219 0.0 0.547624 -0.412068 0.0 0.547347 -0.41192 0.0 0.54707 -0.411771 0.0 0.546793 -0.411624 0.0 0.546515 -0.411477 0.0 0.546237 -0.411332 0.0 0.545958 -0.411186 0.0 0.545679 -0.411043 0.0 0.545399 -0.410899 0.0 0.545119 -0.410758 0.0 0.544838 -0.410616 0.0 0.544557 -0.410476 0.0 0.544276 -0.410336 0.0 0.543994 -0.410198 0.0 0.543712 -0.410059 0.0 0.543429 -0.409923 0.0 0.543146 -0.409787 0.0 0.542862 -0.409652 0.0 0.542578 -0.409517 0.0 0.542293 -0.409384 0.0 0.542009 -0.409252 0.0 0.541723 -0.40912 0.0 0.541438 -0.408989 0.0 0.541151 -0.40886 0.0 0.540865 -0.408731 0.0 0.540578 -0.408603 0.0 0.540291 -0.408476 0.0 0.540003 -0.40835 0.0 0.539715 -0.408225 0.0 0.539426 -0.408101 0.0 0.539137 -0.407977 0.0 0.538848 -0.407855 0.0 0.538558 -0.407733 0.0 0.538268 -0.407613 0.0 0.537978 -0.407492 0.0 0.537687 -0.407374 0.0 0.537396 -0.407255 0.0 0.537104 -0.407139 0.0 0.536812 -0.407022 0.0 0.53652 -0.406908 0.0 0.536228 -0.406793 0.0 0.535934 -0.40668 0.0 0.535641 -0.406567 0.0 0.535347 -0.406456 0.0 0.535053 -0.406345 0.0 0.534759 -0.406236 0.0 0.534464 -0.406127 0.0 0.534169 -0.406019 0.0 0.533874 -0.405912 0.0 0.533578 -0.405806 0.0 0.533282 -0.405701 0.0 0.532985 -0.405597 0.0 0.532689 -0.405494 0.0 0.532392 -0.405392 0.0 0.532094 -0.40529 0.0 0.531797 -0.40519 0.0 0.531499 -0.40509 0.0 0.5312 -0.404992 0.0 0.530902 -0.404894 0.0 0.530603 -0.404798 0.0 0.530304 -0.404702 0.0 0.530004 -0.404608 0.0 0.529704 -0.404514 0.0 0.529404 -0.404421 0.0 0.529104 -0.404329 0.0 0.528803 -0.404238 0.0 0.528502 -0.404148 0.0 0.528201 -0.404059 0.0 0.527899 -0.403971 0.0 0.527597 -0.403884 0.0 0.527295 -0.403797 0.0 0.526993 -0.403712 0.0 0.52669 -0.403628 0.0 0.526387 -0.403545 0.0 0.526084 -0.403462 0.0 0.525781 -0.403381 0.0 0.525477 -0.4033 0.0 0.525173 -0.403221 0.0 0.524869 -0.403142 0.0 0.524564 -0.403065 0.0 0.52426 -0.402987 0.0 0.523955 -0.402912 0.0 0.52365 -0.402837 0.0 0.523344 -0.402763 0.0 0.523039 -0.40269 0.0 0.522733 -0.402619 0.0 0.522427 -0.402547 0.0 0.522121 -0.402478 0.0 0.521814 -0.402408 0.0 0.521508 -0.402341 0.0 0.521201 -0.402273 0.0 0.520893 -0.402208 0.0 0.520586 -0.402142 0.0 0.520279 -0.402078 0.0 0.519971 -0.402014 0.0 0.519663 -0.401953 0.0 0.519355 -0.401891 0.0 0.519047 -0.401831 0.0 0.518738 -0.401771 0.0 0.518429 -0.401713 0.0 0.518121 -0.401655 0.0 0.517811 -0.4016 0.0 0.517502 -0.401544 0.0 0.517193 -0.40149 0.0 0.516883 -0.401436 0.0 0.516574 -0.401383 0.0 0.516264 -0.401331 0.0 0.515954 -0.401281 0.0 0.515643 -0.401231 0.0 0.515333 -0.401183 0.0 0.515023 -0.401135 0.0 0.514712 -0.401089 0.0 0.514401 -0.401042 0.0 0.51409 -0.400998 0.0 0.513779 -0.400954 0.0 0.513468 -0.400912 0.0 0.513156 -0.400869 0.0 0.512845 -0.400829 0.0 0.512533 -0.400789 0.0 0.512222 -0.40075 0.0 0.51191 -0.400712 0.0 0.511598 -0.400675 0.0 0.511286 -0.400639 0.0 0.510973 -0.400604 0.0 0.510661 -0.40057 0.0 0.510349 -0.400537 0.0 0.510036 -0.400505 0.0 0.509724 -0.400474 0.0 0.509411 -0.400444 0.0 0.509098 -0.400415 0.0 0.508785 -0.400387 0.0 0.508472 -0.40036 0.0 0.508159 -0.400333 0.0 0.507846 -0.400309 0.0 0.507533 -0.400284 0.0 0.507219 -0.400261 0.0 0.506906 -0.400239 0.0 0.506593 -0.400218 0.0 0.506279 -0.400197 0.0 0.505965 -0.400179 0.0 0.505652 -0.40016 0.0 0.505338 -0.400143 0.0 0.505024 -0.400126 0.0 0.504711 -0.400112 0.0 0.504397 -0.400097 0.0 0.504083 -0.400084 0.0 0.503769 -0.400071 0.0 0.503455 -0.40006 0.0 0.503141 -0.400049 0.0 0.502827 -0.40004 0.0 0.502513 -0.400032 0.0 0.502199 -0.400025 0.0 0.501885 -0.400018 0.0 0.501571 -0.400013 0.0 0.501257 -0.400008 0.0 0.500942 -0.400005 0.0 0.500628 -0.400002 0.0 0.500314 -0.400001 0.0 0.5 -0.4 0.0 0.499686 -0.400001 0.0 0.499372 -0.400002 0.0 0.499058 -0.400005 0.0 0.498743 -0.400008 0.0 0.498429 -0.400013 0.0 0.498115 -0.400018 0.0 0.497801 -0.400025 0.0 0.497487 -0.400032 0.0 0.497173 -0.40004 0.0 0.496859 -0.400049 0.0 0.496545 -0.40006 0.0 0.496231 -0.400071 0.0 0.495917 -0.400084 0.0 0.495603 -0.400097 0.0 0.495289 -0.400112 0.0 0.494976 -0.400126 0.0 0.494662 -0.400143 0.0 0.494348 -0.40016 0.0 0.494035 -0.400179 0.0 0.493721 -0.400197 0.0 0.493407 -0.400218 0.0 0.493094 -0.400239 0.0 0.492781 -0.400261 0.0 0.492467 -0.400284 0.0 0.492154 -0.400309 0.0 0.491841 -0.400333 0.0 0.491528 -0.40036 0.0 0.491215 -0.400387 0.0 0.490902 -0.400415 0.0 0.490589 -0.400444 0.0 0.490276 -0.400474 0.0 0.489964 -0.400505 0.0 0.489651 -0.400537 0.0 0.489339 -0.40057 0.0 0.489027 -0.400604 0.0 0.488714 -0.400639 0.0 0.488402 -0.400675 0.0 0.48809 -0.400712 0.0 0.487778 -0.40075 0.0 0.487467 -0.400789 0.0 0.487155 -0.400829 0.0 0.486844 -0.400869 0.0 0.486532 -0.400912 0.0 0.486221 -0.400954 0.0 0.48591 -0.400998 0.0 0.485599 -0.401042 0.0 0.485288 -0.401089 0.0 0.484977 -0.401135 0.0 0.484667 -0.401183 0.0 0.484357 -0.401231 0.0 0.484046 -0.401281 0.0 0.483736 -0.401331 0.0 0.483426 -0.401383 0.0 0.483117 -0.401436 0.0 0.482807 -0.40149 0.0 0.482498 -0.401544 0.0 0.482189 -0.4016 0.0 0.481879 -0.401655 0.0 0.481571 -0.401713 0.0 0.481262 -0.401771 0.0 0.480953 -0.401831 0.0 0.480645 -0.401891 0.0 0.480337 -0.401953 0.0 0.480029 -0.402014 0.0 0.479721 -0.402078 0.0 0.479414 -0.402142 0.0 0.479107 -0.402208 0.0 0.478799 -0.402273 0.0 0.478492 -0.402341 0.0 0.478186 -0.402408 0.0 0.477879 -0.402478 0.0 0.477573 -0.402547 0.0 0.477267 -0.402619 0.0 0.476961 -0.40269 0.0 0.476656 -0.402763 0.0 0.47635 -0.402837 0.0 0.476045 -0.402912 0.0 0.47574 -0.402987 0.0 0.475436 -0.403065 0.0 0.475131 -0.403142 0.0 0.474827 -0.403221 0.0 0.474523 -0.4033 0.0 0.474219 -0.403381 0.0 0.473916 -0.403462 0.0 0.473613 -0.403545 0.0 0.47331 -0.403628 0.0 0.473007 -0.403712 0.0 0.472705 -0.403797 0.0 0.472403 -0.403884 0.0 0.472101 -0.403971 0.0 0.471799 -0.404059 0.0 0.471498 -0.404148 0.0 0.471197 -0.404238 0.0 0.470896 -0.404329 0.0 0.470596 -0.404421 0.0 0.470296 -0.404514 0.0 0.469996 -0.404608 0.0 0.469696 -0.404702 0.0 0.469397 -0.404798 0.0 0.469098 -0.404894 0.0 0.4688 -0.404992 0.0 0.468501 -0.40509 0.0 0.468203 -0.40519 0.0 0.467906 -0.40529 0.0 0.467608 -0.405392 0.0 0.467311 -0.405494 0.0 0.467015 -0.405597 0.0 0.466718 -0.405701 0.0 0.466422 -0.405806 0.0 0.466126 -0.405912 0.0 0.465831 -0.406019 0.0 0.465536 -0.406127 0.0 0.465241 -0.406236 0.0 0.464947 -0.406345 0.0 0.464653 -0.406456 0.0 0.464359 -0.406567 0.0 0.464066 -0.40668 0.0 0.463772 -0.406793 0.0 0.46348 -0.406908 0.0 0.463188 -0.407022 0.0 0.462896 -0.407139 0.0 0.462604 -0.407255 0.0 0.462313 -0.407374 0.0 0.462022 -0.407492 0.0 0.461732 -0.407613 0.0 0.461442 -0.407733 0.0 0.461152 -0.407855 0.0 0.460863 -0.407977 0.0 0.460574 -0.408101 0.0 0.460285 -0.408225 0.0 0.459997 -0.40835 0.0 0.459709 -0.408476 0.0 0.459422 -0.408603 0.0 0.459135 -0.408731 0.0 0.458849 -0.40886 0.0 0.458562 -0.408989 0.0 0.458277 -0.40912 0.0 0.457991 -0.409252 0.0 0.457707 -0.409384 0.0 0.457422 -0.409517 0.0 0.457138 -0.409652 0.0 0.456854 -0.409787 0.0 0.456571 -0.409923 0.0 0.456288 -0.410059 0.0 0.456006 -0.410198 0.0 0.455724 -0.410336 0.0 0.455443 -0.410476 0.0 0.455162 -0.410616 0.0 0.454881 -0.410758 0.0 0.454601 -0.410899 0.0 0.454321 -0.411043 0.0 0.454042 -0.411186 0.0 0.453763 -0.411332 0.0 0.453485 -0.411477 0.0 0.453207 -0.411624 0.0 0.45293 -0.411771 0.0 0.452653 -0.41192 0.0 0.452376 -0.412068 0.0 0.4521 -0.412219 0.0 0.451825 -0.412369 0.0 0.45155 -0.412522 0.0 0.451275 -0.412674 0.0 0.451001 -0.412828 0.0 0.450727 -0.412982 0.0 0.450454 -0.413137 0.0 0.450181 -0.413293 0.0 0.44991 -0.41345 0.0 0.449638 -0.413608 0.0 0.449367 -0.413767 0.0 0.449096 -0.413926 0.0 0.448826 -0.414087 0.0 0.448556 -0.414247 0.0 0.448287 -0.41441 0.0 0.448018 -0.414572 0.0 0.44775 -0.414736 0.0 0.447483 -0.414901 0.0 0.447216 -0.415066 0.0 0.446949 -0.415232 0.0 0.446683 -0.4154 0.0 0.446417 -0.415567 0.0 0.446153 -0.415736 0.0 0.445888 -0.415906 0.0 0.445624 -0.416076 0.0 0.445361 -0.416247 0.0 0.445098 -0.41642 0.0 0.444835 -0.416592 0.0 0.444574 -0.416766 0.0 0.444312 -0.41694 0.0 0.444052 -0.417116 0.0 0.443792 -0.417292 0.0 0.443532 -0.417469 0.0 0.443273 -0.417647 0.0 0.443015 -0.417826 0.0 0.442757 -0.418005 0.0 0.4425 -0.418185 0.0 0.442243 -0.418366 0.0 0.441987 -0.418548 0.0 0.441731 -0.418731 0.0 0.441476 -0.418914 0.0 0.441221 -0.419098 0.0 0.440968 -0.419284 0.0 0.440714 -0.419469 0.0 0.440462 -0.419656 0.0 0.44021 -0.419843 0.0 0.439958 -0.420032 0.0 0.439707 -0.420221 0.0 0.439457 -0.420411 0.0 0.439207 -0.420601 0.0 0.438958 -0.420793 0.0 0.438709 -0.420984 0.0 0.438462 -0.421178 0.0 0.438214 -0.421371 0.0 0.437968 -0.421566 0.0 0.437721 -0.421761 0.0 0.437476 -0.421957 0.0 0.437231 -0.422154 0.0 0.436987 -0.422352 0.0 0.436743 -0.42255 0.0 0.4365 -0.422749 0.0 0.436258 -0.422949 0.0 0.436016 -0.42315 0.0 0.435775 -0.423351 0.0 0.435535 -0.423553 0.0 0.435294 -0.423756 0.0 0.435056 -0.42396 0.0 0.434817 -0.424164 0.0 0.434579 -0.424369 0.0 0.434341 -0.424575 0.0 0.434105 -0.424782 0.0 0.433869 -0.424989 0.0 0.433634 -0.425197 0.0 0.433399 -0.425406 0.0 0.433165 -0.425616 0.0 0.432931 -0.425826 0.0 0.432699 -0.426037 0.0 0.432467 -0.426249 0.0 0.432236 -0.426462 0.0 0.432005 -0.426674 0.0 0.431775 -0.426889 0.0 0.431545 -0.427103 0.0 0.431317 -0.427319 0.0 0.431089 -0.427535 0.0 0.430862 -0.427752 0.0 0.430635 -0.427969 0.0 0.430409 -0.428188 0.0 0.430183 -0.428406 0.0 0.429959 -0.428626 0.0 0.429735 -0.428846 0.0 0.429512 -0.429068 0.0 0.429289 -0.429289 0.0 0.429068 -0.429512 0.0 0.428846 -0.429735 0.0 0.428626 -0.429959 0.0 0.428406 -0.430183 0.0 0.428188 -0.430409 0.0 0.427969 -0.430635 0.0 0.427752 -0.430862 0.0 0.427535 -0.431089 0.0 0.427319 -0.431317 0.0 0.427103 -0.431545 0.0 0.426889 -0.431775 0.0 0.426674 -0.432005 0.0 0.426462 -0.432236 0.0 0.426249 -0.432467 0.0 0.426037 -0.432699 0.0 0.425826 -0.432931 0.0 0.425616 -0.433165 0.0 0.425406 -0.433399 0.0 0.425197 -0.433634 0.0 0.424989 -0.433869 0.0 0.424782 -0.434105 0.0 0.424575 -0.434341 0.0 0.424369 -0.434579 0.0 0.424164 -0.434817 0.0 0.42396 -0.435056 0.0 0.423756 -0.435294 0.0 0.423553 -0.435535 0.0 0.423351 -0.435775 0.0 0.42315 -0.436016 0.0 0.422949 -0.436258 0.0 0.422749 -0.4365 0.0 0.42255 -0.436743 0.0 0.422352 -0.436987 0.0 0.422154 -0.437231 0.0 0.421957 -0.437476 0.0 0.421761 -0.437721 0.0 0.421566 -0.437968 0.0 0.421371 -0.438214 0.0 0.421178 -0.438462 0.0 0.420984 -0.438709 0.0 0.420793 -0.438958 0.0 0.420601 -0.439207 0.0 0.420411 -0.439457 0.0 0.420221 -0.439707 0.0 0.420032 -0.439958 0.0 0.419843 -0.44021 0.0 0.419656 -0.440462 0.0 0.419469 -0.440714 0.0 0.419284 -0.440968 0.0 0.419098 -0.441221 0.0 0.418914 -0.441476 0.0 0.418731 -0.441731 0.0 0.418548 -0.441987 0.0 0.418366 -0.442243 0.0 0.418185 -0.4425 0.0 0.418005 -0.442757 0.0 0.417826 -0.443015 0.0 0.417647 -0.443273 0.0 0.417469 -0.443532 0.0 0.417292 -0.443792 0.0 0.417116 -0.444052 0.0 0.41694 -0.444312 0.0 0.416766 -0.444574 0.0 0.416592 -0.444835 0.0 0.41642 -0.445098 0.0 0.416247 -0.445361 0.0 0.416076 -0.445624 0.0 0.415906 -0.445888 0.0 0.415736 -0.446153 0.0 0.415567 -0.446417 0.0 0.4154 -0.446683 0.0 0.415232 -0.446949 0.0 0.415066 -0.447216 0.0 0.414901 -0.447483 0.0 0.414736 -0.44775 0.0 0.414572 -0.448018 0.0 0.41441 -0.448287 0.0 0.414247 -0.448556 0.0 0.414087 -0.448826 0.0 0.413926 -0.449096 0.0 0.413767 -0.449367 0.0 0.413608 -0.449638 0.0 0.41345 -0.44991 0.0 0.413293 -0.450181 0.0 0.413137 -0.450454 0.0 0.412982 -0.450727 0.0 0.412828 -0.451001 0.0 0.412674 -0.451275 0.0 0.412522 -0.45155 0.0 0.412369 -0.451825 0.0 0.412219 -0.4521 0.0 0.412068 -0.452376 0.0 0.41192 -0.452653 0.0 0.411771 -0.45293 0.0 0.411624 -0.453207 0.0 0.411477 -0.453485 0.0 0.411332 -0.453763 0.0 0.411186 -0.454042 0.0 0.411043 -0.454321 0.0 0.410899 -0.454601 0.0 0.410758 -0.454881 0.0 0.410616 -0.455162 0.0 0.410476 -0.455443 0.0 0.410336 -0.455724 0.0 0.410198 -0.456006 0.0 0.410059 -0.456288 0.0 0.409923 -0.456571 0.0 0.409787 -0.456854 0.0 0.409652 -0.457138 0.0 0.409517 -0.457422 0.0 0.409384 -0.457707 0.0 0.409252 -0.457991 0.0 0.40912 -0.458277 0.0 0.408989 -0.458562 0.0 0.40886 -0.458849 0.0 0.408731 -0.459135 0.0 0.408603 -0.459422 0.0 0.408476 -0.459709 0.0 0.40835 -0.459997 0.0 0.408225 -0.460285 0.0 0.408101 -0.460574 0.0 0.407977 -0.460863 0.0 0.407855 -0.461152 0.0 0.407733 -0.461442 0.0 0.407613 -0.461732 0.0 0.407492 -0.462022 0.0 0.407374 -0.462313 0.0 0.407255 -0.462604 0.0 0.407139 -0.462896 0.0 0.407022 -0.463188 0.0 0.406908 -0.46348 0.0 0.406793 -0.463772 0.0 0.40668 -0.464066 0.0 0.406567 -0.464359 0.0 0.406456 -0.464653 0.0 0.406345 -0.464947 0.0 0.406236 -0.465241 0.0 0.406127 -0.465536 0.0 0.406019 -0.465831 0.0 0.405912 -0.466126 0.0 0.405806 -0.466422 0.0 0.405701 -0.466718 0.0 0.405597 -0.467015 0.0 0.405494 -0.467311 0.0 0.405392 -0.467608 0.0 0.40529 -0.467906 0.0 0.40519 -0.468203 0.0 0.40509 -0.468501 0.0 0.404992 -0.4688 0.0 0.404894 -0.469098 0.0 0.404798 -0.469397 0.0 0.404702 -0.469696 0.0 0.404608 -0.469996 0.0 0.404514 -0.470296 0.0 0.404421 -0.470596 0.0 0.404329 -0.470896 0.0 0.404238 -0.471197 0.0 0.404148 -0.471498 0.0 0.404059 -0.471799 0.0 0.403971 -0.472101 0.0 0.403884 -0.472403 0.0 0.403797 -0.472705 0.0 0.403712 -0.473007 0.0 0.403628 -0.47331 0.0 0.403545 -0.473613 0.0 0.403462 -0.473916 0.0 0.403381 -0.474219 0.0 0.4033 -0.474523 0.0 0.403221 -0.474827 0.0 0.403142 -0.475131 0.0 0.403065 -0.475436 0.0 0.402987 -0.47574 0.0 0.402912 -0.476045 0.0 0.402837 -0.47635 0.0 0.402763 -0.476656 0.0 0.40269 -0.476961 0.0 0.402619 -0.477267 0.0 0.402547 -0.477573 0.0 0.402478 -0.477879 0.0 0.402408 -0.478186 0.0 0.402341 -0.478492 0.0 0.402273 -0.478799 0.0 0.402208 -0.479107 0.0 0.402142 -0.479414 0.0 0.402078 -0.479721 0.0 0.402014 -0.480029 0.0 0.401953 -0.480337 0.0 0.401891 -0.480645 0.0 0.401831 -0.480953 0.0 0.401771 -0.481262 0.0 0.401713 -0.481571 0.0 0.401655 -0.481879 0.0 0.4016 -0.482189 0.0 0.401544 -0.482498 0.0 0.40149 -0.482807 0.0 0.401436 -0.483117 0.0 0.401383 -0.483426 0.0 0.401331 -0.483736 0.0 0.401281 -0.484046 0.0 0.401231 -0.484357 0.0 0.401183 -0.484667 0.0 0.401135 -0.484977 0.0 0.401089 -0.485288 0.0 0.401042 -0.485599 0.0 0.400998 -0.48591 0.0 0.400954 -0.486221 0.0 0.400912 -0.486532 0.0 0.400869 -0.486844 0.0 0.400829 -0.487155 0.0 0.400789 -0.487467 0.0 0.40075 -0.487778 0.0 0.400712 -0.48809 0.0 0.400675 -0.488402 0.0 0.400639 -0.488714 0.0 0.400604 -0.489027 0.0 0.40057 -0.489339 0.0 0.400537 -0.489651 0.0 0.400505 -0.489964 0.0 0.400474 -0.490276 0.0 0.400444 -0.490589 0.0 0.400415 -0.490902 0.0 0.400387 -0.491215 0.0 0.40036 -0.491528 0.0 0.400333 -0.491841 0.0 0.400309 -0.492154 0.0 0.400284 -0.492467 0.0 0.400261 -0.492781 0.0 0.400239 -0.493094 0.0 0.400218 -0.493407 0.0 0.400197 -0.493721 0.0 0.400179 -0.494035 0.0 0.40016 -0.494348 0.0 0.400143 -0.494662 0.0 0.400126 -0.494976 0.0 0.400112 -0.495289 0.0 0.400097 -0.495603 0.0 0.400084 -0.495917 0.0 0.400071 -0.496231 0.0 0.40006 -0.496545 0.0 0.400049 -0.496859 0.0 0.40004 -0.497173 0.0 0.400032 -0.497487 0.0 0.400025 -0.497801 0.0 0.400018 -0.498115 0.0 0.400013 -0.498429 0.0 0.400008 -0.498743 0.0 0.400005 -0.499058 0.0 0.400002 -0.499372 0.0 0.400001 -0.499686 0.0 0.4 -0.5 0.0 0.400001 -0.500314 0.0 0.400002 -0.500628 0.0 0.400005 -0.500942 0.0 0.400008 -0.501257 0.0 0.400013 -0.501571 0.0 0.400018 -0.501885 0.0 0.400025 -0.502199 0.0 0.400032 -0.502513 0.0 0.40004 -0.502827 0.0 0.400049 -0.503141 0.0 0.40006 -0.503455 0.0 0.400071 -0.503769 0.0 0.400084 -0.504083 0.0 0.400097 -0.504397 0.0 0.400112 -0.504711 0.0 0.400126 -0.505024 0.0 0.400143 -0.505338 0.0 0.40016 -0.505652 0.0 0.400179 -0.505965 0.0 0.400197 -0.506279 0.0 0.400218 -0.506593 0.0 0.400239 -0.506906 0.0 0.400261 -0.507219 0.0 0.400284 -0.507533 0.0 0.400309 -0.507846 0.0 0.400333 -0.508159 0.0 0.40036 -0.508472 0.0 0.400387 -0.508785 0.0 0.400415 -0.509098 0.0 0.400444 -0.509411 0.0 0.400474 -0.509724 0.0 0.400505 -0.510036 0.0 0.400537 -0.510349 0.0 0.40057 -0.510661 0.0 0.400604 -0.510973 0.0 0.400639 -0.511286 0.0 0.400675 -0.511598 0.0 0.400712 -0.51191 0.0 0.40075 -0.512222 0.0 0.400789 -0.512533 0.0 0.400829 -0.512845 0.0 0.400869 -0.513156 0.0 0.400912 -0.513468 0.0 0.400954 -0.513779 0.0 0.400998 -0.51409 0.0 0.401042 -0.514401 0.0 0.401089 -0.514712 0.0 0.401135 -0.515023 0.0 0.401183 -0.515333 0.0 0.401231 -0.515643 0.0 0.401281 -0.515954 0.0 0.401331 -0.516264 0.0 0.401383 -0.516574 0.0 0.401436 -0.516883 0.0 0.40149 -0.517193 0.0 0.401544 -0.517502 0.0 0.4016 -0.517811 0.0 0.401655 -0.518121 0.0 0.401713 -0.518429 0.0 0.401771 -0.518738 0.0 0.401831 -0.519047 0.0 0.401891 -0.519355 0.0 0.401953 -0.519663 0.0 0.402014 -0.519971 0.0 0.402078 -0.520279 0.0 0.402142 -0.520586 0.0 0.402208 -0.520893 0.0 0.402273 -0.521201 0.0 0.402341 -0.521508 0.0 0.402408 -0.521814 0.0 0.402478 -0.522121 0.0 0.402547 -0.522427 0.0 0.402619 -0.522733 0.0 0.40269 -0.523039 0.0 0.402763 -0.523344 0.0 0.402837 -0.52365 0.0 0.402912 -0.523955 0.0 0.402987 -0.52426 0.0 0.403065 -0.524564 0.0 0.403142 -0.524869 0.0 0.403221 -0.525173 0.0 0.4033 -0.525477 0.0 0.403381 -0.525781 0.0 0.403462 -0.526084 0.0 0.403545 -0.526387 0.0 0.403628 -0.52669 0.0 0.403712 -0.526993 0.0 0.403797 -0.527295 0.0 0.403884 -0.527597 0.0 0.403971 -0.527899 0.0 0.404059 -0.528201 0.0 0.404148 -0.528502 0.0 0.404238 -0.528803 0.0 0.404329 -0.529104 0.0 0.404421 -0.529404 0.0 0.404514 -0.529704 0.0 0.404608 -0.530004 0.0 0.404702 -0.530304 0.0 0.404798 -0.530603 0.0 0.404894 -0.530902 0.0 0.404992 -0.5312 0.0 0.40509 -0.531499 0.0 0.40519 -0.531797 0.0 0.40529 -0.532094 0.0 0.405392 -0.532392 0.0 0.405494 -0.532689 0.0 0.405597 -0.532985 0.0 0.405701 -0.533282 0.0 0.405806 -0.533578 0.0 0.405912 -0.533874 0.0 0.406019 -0.534169 0.0 0.406127 -0.534464 0.0 0.406236 -0.534759 0.0 0.406345 -0.535053 0.0 0.406456 -0.535347 0.0 0.406567 -0.535641 0.0 0.40668 -0.535934 0.0 0.406793 -0.536228 0.0 0.406908 -0.53652 0.0 0.407022 -0.536812 0.0 0.407139 -0.537104 0.0 0.407255 -0.537396 0.0 0.407374 -0.537687 0.0 0.407492 -0.537978 0.0 0.407613 -0.538268 0.0 0.407733 -0.538558 0.0 0.407855 -0.538848 0.0 0.407977 -0.539137 0.0 0.408101 -0.539426 0.0 0.408225 -0.539715 0.0 0.40835 -0.540003 0.0 0.408476 -0.540291 0.0 0.408603 -0.540578 0.0 0.408731 -0.540865 0.0 0.40886 -0.541151 0.0 0.408989 -0.541438 0.0 0.40912 -0.541723 0.0 0.409252 -0.542009 0.0 0.409384 -0.542293 0.0 0.409517 -0.542578 0.0 0.409652 -0.542862 0.0 0.409787 -0.543146 0.0 0.409923 -0.543429 0.0 0.410059 -0.543712 0.0 0.410198 -0.543994 0.0 0.410336 -0.544276 0.0 0.410476 -0.544557 0.0 0.410616 -0.544838 0.0 0.410758 -0.545119 0.0 0.410899 -0.545399 0.0 0.411043 -0.545679 0.0 0.411186 -0.545958 0.0 0.411332 -0.546237 0.0 0.411477 -0.546515 0.0 0.411624 -0.546793 0.0 0.411771 -0.54707 0.0 0.41192 -0.547347 0.0 0.412068 -0.547624 0.0 0.412219 -0.5479 0.0 0.412369 -0.548175 0.0 0.412522 -0.54845 0.0 0.412674 -0.548725 0.0 0.412828 -0.548999 0.0 0.412982 -0.549273 0.0 0.413137 -0.549546 0.0 0.413293 -0.549819 0.0 0.41345 -0.55009 0.0 0.413608 -0.550362 0.0 0.413767 -0.550633 0.0 0.413926 -0.550904 0.0 0.414087 -0.551174 0.0 0.414247 -0.551444 0.0 0.41441 -0.551713 0.0 0.414572 -0.551982 0.0 0.414736 -0.55225 0.0 0.414901 -0.552517 0.0 0.415066 -0.552784 0.0 0.415232 -0.553051 0.0 0.4154 -0.553317 0.0 0.415567 -0.553583 0.0 0.415736 -0.553847 0.0 0.415906 -0.554112 0.0 0.416076 -0.554376 0.0 0.416247 -0.554639 0.0 0.41642 -0.554902 0.0 0.416592 -0.555165 0.0 0.416766 -0.555426 0.0 0.41694 -0.555688 0.0 0.417116 -0.555948 0.0 0.417292 -0.556208 0.0 0.417469 -0.556468 0.0 0.417647 -0.556727 0.0 0.417826 -0.556985 0.0 0.418005 -0.557243 0.0 0.418185 -0.5575 0.0 0.418366 -0.557757 0.0 0.418548 -0.558013 0.0 0.418731 -0.558269 0.0 0.418914 -0.558524 0.0 0.419098 -0.558779 0.0 0.419284 -0.559032 0.0 0.419469 -0.559286 0.0 0.419656 -0.559538 0.0 0.419843 -0.55979 0.0 0.420032 -0.560042 0.0 0.420221 -0.560293 0.0 0.420411 -0.560543 0.0 0.420601 -0.560793 0.0 0.420793 -0.561042 0.0 0.420984 -0.561291 0.0 0.421178 -0.561538 0.0 0.421371 -0.561786 0.0 0.421566 -0.562032 0.0 0.421761 -0.562279 0.0 0.421957 -0.562524 0.0 0.422154 -0.562769 0.0 0.422352 -0.563013 0.0 0.42255 -0.563257 0.0 0.422749 -0.5635 0.0 0.422949 -0.563742 0.0 0.42315 -0.563984 0.0 0.423351 -0.564225 0.0 0.423553 -0.564465 0.0 0.423756 -0.564706 0.0 0.42396 -0.564944 0.0 0.424164 -0.565183 0.0 0.424369 -0.565421 0.0 0.424575 -0.565659 0.0 0.424782 -0.565895 0.0 0.424989 -0.566131 0.0 0.425197 -0.566366 0.0 0.425406 -0.566601 0.0 0.425616 -0.566835 0.0 0.425826 -0.567069 0.0 0.426037 -0.567301 0.0 0.426249 -0.567533 0.0 0.426462 -0.567764 0.0 0.426674 -0.567995 0.0 0.426889 -0.568225 0.0 0.427103 -0.568455 0.0 0.427319 -0.568683 0.0 0.427535 -0.568911 0.0 0.427752 -0.569138 0.0 0.427969 -0.569365 0.0 0.428188 -0.569591 0.0 0.428406 -0.569817 0.0 0.428626 -0.570041 0.0 0.428846 -0.570265 0.0 0.429068 -0.570488 0.0 0.429289 -0.570711 0.0 0.429512 -0.570932 0.0 0.429735 -0.571154 0.0 0.429959 -0.571374 0.0 0.430183 -0.571594 0.0 0.430409 -0.571812 0.0 0.430635 -0.572031 0.0 0.430862 -0.572248 0.0 0.431089 -0.572465 0.0 0.431317 -0.572681 0.0 0.431545 -0.572897 0.0 0.431775 -0.573111 0.0 0.432005 -0.573326 0.0 0.432236 -0.573538 0.0 0.432467 -0.573751 0.0 0.432699 -0.573963 0.0 0.432931 -0.574174 0.0 0.433165 -0.574384 0.0 0.433399 -0.574594 0.0 0.433634 -0.574803 0.0 0.433869 -0.575011 0.0 0.434105 -0.575218 0.0 0.434341 -0.575425 0.0 0.434579 -0.575631 0.0 0.434817 -0.575836 0.0 0.435056 -0.57604 0.0 0.435294 -0.576244 0.0 0.435535 -0.576447 0.0 0.435775 -0.576649 0.0 0.436016 -0.57685 0.0 0.436258 -0.577051 0.0 0.4365 -0.577251 0.0 0.436743 -0.57745 0.0 0.436987 -0.577648 0.0 0.437231 -0.577846 0.0 0.437476 -0.578043 0.0 0.437721 -0.578239 0.0 0.437968 -0.578434 0.0 0.438214 -0.578629 0.0 0.438462 -0.578822 0.0 0.438709 -0.579016 0.0 0.438958 -0.579207 0.0 0.439207 -0.579399 0.0 0.439457 -0.579589 0.0 0.439707 -0.579779 0.0 0.439958 -0.579968 0.0 0.44021 -0.580157 0.0 0.440462 -0.580344 0.0 0.440714 -0.580531 0.0 0.440968 -0.580716 0.0 0.441221 -0.580902 0.0 0.441476 -0.581086 0.0 0.441731 -0.581269 0.0 0.441987 -0.581452 0.0 0.442243 -0.581634 0.0 0.4425 -0.581815 0.0 0.442757 -0.581995 0.0 0.443015 -0.582174 0.0 0.443273 -0.582353 0.0 0.443532 -0.582531 0.0 0.443792 -0.582708 0.0 0.444052 -0.582884 0.0 0.444312 -0.58306 0.0 0.444574 -0.583234 0.0 0.444835 -0.583408 0.0 0.445098 -0.58358 0.0 0.445361 -0.583753 0.0 0.445624 -0.583924 0.0 0.445888 -0.584094 0.0 0.446153 -0.584264 0.0 0.446417 -0.584433 0.0 0.446683 -0.5846 0.0 0.446949 -0.584768 0.0 0.447216 -0.584934 0.0 0.447483 -0.585099 0.0 0.44775 -0.585264 0.0 0.448018 -0.585428 0.0 0.448287 -0.58559 0.0 0.448556 -0.585753 0.0 0.448826 -0.585913 0.0 0.449096 -0.586074 0.0 0.449367 -0.586233 0.0 0.449638 -0.586392 0.0 0.44991 -0.58655 0.0 0.450181 -0.586707 0.0 0.450454 -0.586863 0.0 0.450727 -0.587018 0.0 0.451001 -0.587172 0.0 0.451275 -0.587326 0.0 0.45155 -0.587478 0.0 0.451825 -0.587631 0.0 0.4521 -0.587781 0.0 0.452376 -0.587932 0.0 0.452653 -0.58808 0.0 0.45293 -0.588229 0.0 0.453207 -0.588376 0.0 0.453485 -0.588523 0.0 0.453763 -0.588668 0.0 0.454042 -0.588814 0.0 0.454321 -0.588957 0.0 0.454601 -0.589101 0.0 0.454881 -0.589242 0.0 0.455162 -0.589384 0.0 0.455443 -0.589524 0.0 0.455724 -0.589664 0.0 0.456006 -0.589802 0.0 0.456288 -0.589941 0.0 0.456571 -0.590077 0.0 0.456854 -0.590213 0.0 0.457138 -0.590348 0.0 0.457422 -0.590483 0.0 0.457707 -0.590616 0.0 0.457991 -0.590748 0.0 0.458277 -0.59088 0.0 0.458562 -0.591011 0.0 0.458849 -0.59114 0.0 0.459135 -0.591269 0.0 0.459422 -0.591397 0.0 0.459709 -0.591524 0.0 0.459997 -0.59165 0.0 0.460285 -0.591775 0.0 0.460574 -0.591899 0.0 0.460863 -0.592023 0.0 0.461152 -0.592145 0.0 0.461442 -0.592267 0.0 0.461732 -0.592387 0.0 0.462022 -0.592508 0.0 0.462313 -0.592626 0.0 0.462604 -0.592745 0.0 0.462896 -0.592861 0.0 0.463188 -0.592978 0.0 0.46348 -0.593092 0.0 0.463772 -0.593207 0.0 0.464066 -0.59332 0.0 0.464359 -0.593433 0.0 0.464653 -0.593544 0.0 0.464947 -0.593655 0.0 0.465241 -0.593764 0.0 0.465536 -0.593873 0.0 0.465831 -0.593981 0.0 0.466126 -0.594088 0.0 0.466422 -0.594194 0.0 0.466718 -0.594299 0.0 0.467015 -0.594403 0.0 0.467311 -0.594506 0.0 0.467608 -0.594608 0.0 0.467906 -0.59471 0.0 0.468203 -0.59481 0.0 0.468501 -0.59491 0.0 0.4688 -0.595008 0.0 0.469098 -0.595106 0.0 0.469397 -0.595202 0.0 0.469696 -0.595298 0.0 0.469996 -0.595392 0.0 0.470296 -0.595486 0.0 0.470596 -0.595579 0.0 0.470896 -0.595671 0.0 0.471197 -0.595762 0.0 0.471498 -0.595852 0.0 0.471799 -0.595941 0.0 0.472101 -0.596029 0.0 0.472403 -0.596116 0.0 0.472705 -0.596203 0.0 0.473007 -0.596288 0.0 0.47331 -0.596372 0.0 0.473613 -0.596455 0.0 0.473916 -0.596538 0.0 0.474219 -0.596619 0.0 0.474523 -0.5967 0.0 0.474827 -0.596779 0.0 0.475131 -0.596858 0.0 0.475436 -0.596935 0.0 0.47574 -0.597013 0.0 0.476045 -0.597088 0.0 0.47635 -0.597163 0.0 0.476656 -0.597237 0.0 0.476961 -0.59731 0.0 0.477267 -0.597381 0.0 0.477573 -0.597453 0.0 0.477879 -0.597522 0.0 0.478186 -0.597592 0.0 0.478492 -0.597659 0.0 0.478799 -0.597727 0.0 0.479107 -0.597792 0.0 0.479414 -0.597858 0.0 0.479721 -0.597922 0.0 0.480029 -0.597986 0.0 0.480337 -0.598047 0.0 0.480645 -0.598109 0.0 0.480953 -0.598169 0.0 0.481262 -0.598229 0.0 0.481571 -0.598287 0.0 0.481879 -0.598345 0.0 0.482189 -0.5984 0.0 0.482498 -0.598456 0.0 0.482807 -0.59851 0.0 0.483117 -0.598564 0.0 0.483426 -0.598617 0.0 0.483736 -0.598669 0.0 0.484046 -0.598719 0.0 0.484357 -0.598769 0.0 0.484667 -0.598817 0.0 0.484977 -0.598865 0.0 0.485288 -0.598911 0.0 0.485599 -0.598958 0.0 0.48591 -0.599002 0.0 0.486221 -0.599046 0.0 0.486532 -0.599088 0.0 0.486844 -0.599131 0.0 0.487155 -0.599171 0.0 0.487467 -0.599211 0.0 0.487778 -0.59925 0.0 0.48809 -0.599288 0.0 0.488402 -0.599325 0.0 0.488714 -0.599361 0.0 0.489027 -0.599396 0.0 0.489339 -0.59943 0.0 0.489651 -0.599463 0.0 0.489964 -0.599495 0.0 0.490276 -0.599526 0.0 0.490589 -0.599556 0.0 0.490902 -0.599585 0.0 0.491215 -0.599613 0.0 0.491528 -0.59964 0.0 0.491841 -0.599667 0.0 0.492154 -0.599691 0.0 0.492467 -0.599716 0.0 0.492781 -0.599739 0.0 0.493094 -0.599761 0.0 0.493407 -0.599782 0.0 0.493721 -0.599803 0.0 0.494035 -0.599821 0.0 0.494348 -0.59984 0.0 0.494662 -0.599857 0.0 0.494976 -0.599874 0.0 0.495289 -0.599888 0.0 0.495603 -0.599903 0.0 0.495917 -0.599916 0.0 0.496231 -0.599929 0.0 0.496545 -0.59994 0.0 0.496859 -0.599951 0.0 0.497173 -0.59996 0.0 0.497487 -0.599968 0.0 0.497801 -0.599975 0.0 0.498115 -0.599982 0.0 0.498429 -0.599987 0.0 0.498743 -0.599992 0.0 0.499058 -0.599995 0.0 0.499372 -0.599998 0.0 0.499686 -0.599999 0.0 0.5 -0.6 0.0 0.500314 -0.599999 0.0 0.500628 -0.599998 0.0 0.500942 -0.599995 0.0 0.501257 -0.599992 0.0 0.501571 -0.599987 0.0 0.501885 -0.599982 0.0 0.502199 -0.599975 0.0 0.502513 -0.599968 0.0 0.502827 -0.59996 0.0 0.503141 -0.599951 0.0 0.503455 -0.59994 0.0 0.503769 -0.599929 0.0 0.504083 -0.599916 0.0 0.504397 -0.599903 0.0 0.504711 -0.599888 0.0 0.505024 -0.599874 0.0 0.505338 -0.599857 0.0 0.505652 -0.59984 0.0 0.505965 -0.599821 0.0 0.506279 -0.599803 0.0 0.506593 -0.599782 0.0 0.506906 -0.599761 0.0 0.507219 -0.599739 0.0 0.507533 -0.599716 0.0 0.507846 -0.599691 0.0 0.508159 -0.599667 0.0 0.508472 -0.59964 0.0 0.508785 -0.599613 0.0 0.509098 -0.599585 0.0 0.509411 -0.599556 0.0 0.509724 -0.599526 0.0 0.510036 -0.599495 0.0 0.510349 -0.599463 0.0 0.510661 -0.59943 0.0 0.510973 -0.599396 0.0 0.511286 -0.599361 0.0 0.511598 -0.599325 0.0 0.51191 -0.599288 0.0 0.512222 -0.59925 0.0 0.512533 -0.599211 0.0 0.512845 -0.599171 0.0 0.513156 -0.599131 0.0 0.513468 -0.599088 0.0 0.513779 -0.599046 0.0 0.51409 -0.599002 0.0 0.514401 -0.598958 0.0 0.514712 -0.598911 0.0 0.515023 -0.598865 0.0 0.515333 -0.598817 0.0 0.515643 -0.598769 0.0 0.515954 -0.598719 0.0 0.516264 -0.598669 0.0 0.516574 -0.598617 0.0 0.516883 -0.598564 0.0 0.517193 -0.59851 0.0 0.517502 -0.598456 0.0 0.517811 -0.5984 0.0 0.518121 -0.598345 0.0 0.518429 -0.598287 0.0 0.518738 -0.598229 0.0 0.519047 -0.598169 0.0 0.519355 -0.598109 0.0 0.519663 -0.598047 0.0 0.519971 -0.597986 0.0 0.520279 -0.597922 0.0 0.520586 -0.597858 0.0 0.520893 -0.597792 0.0 0.521201 -0.597727 0.0 0.521508 -0.597659 0.0 0.521814 -0.597592 0.0 0.522121 -0.597522 0.0 0.522427 -0.597453 0.0 0.522733 -0.597381 0.0 0.523039 -0.59731 0.0 0.523344 -0.597237 0.0 0.52365 -0.597163 0.0 0.523955 -0.597088 0.0 0.52426 -0.597013 0.0 0.524564 -0.596935 0.0 0.524869 -0.596858 0.0 0.525173 -0.596779 0.0 0.525477 -0.5967 0.0 0.525781 -0.596619 0.0 0.526084 -0.596538 0.0 0.526387 -0.596455 0.0 0.52669 -0.596372 0.0 0.526993 -0.596288 0.0 0.527295 -0.596203 0.0 0.527597 -0.596116 0.0 0.527899 -0.596029 0.0 0.528201 -0.595941 0.0 0.528502 -0.595852 0.0 0.528803 -0.595762 0.0 0.529104 -0.595671 0.0 0.529404 -0.595579 0.0 0.529704 -0.595486 0.0 0.530004 -0.595392 0.0 0.530304 -0.595298 0.0 0.530603 -0.595202 0.0 0.530902 -0.595106 0.0 0.5312 -0.595008 0.0 0.531499 -0.59491 0.0 0.531797 -0.59481 0.0 0.532094 -0.59471 0.0 0.532392 -0.594608 0.0 0.532689 -0.594506 0.0 0.532985 -0.594403 0.0 0.533282 -0.594299 0.0 0.533578 -0.594194 0.0 0.533874 -0.594088 0.0 0.534169 -0.593981 0.0 0.534464 -0.593873 0.0 0.534759 -0.593764 0.0 0.535053 -0.593655 0.0 0.535347 -0.593544 0.0 0.535641 -0.593433 0.0 0.535934 -0.59332 0.0 0.536228 -0.593207 0.0 0.53652 -0.593092 0.0 0.536812 -0.592978 0.0 0.537104 -0.592861 0.0 0.537396 -0.592745 0.0 0.537687 -0.592626 0.0 0.537978 -0.592508 0.0 0.538268 -0.592387 0.0 0.538558 -0.592267 0.0 0.538848 -0.592145 0.0 0.539137 -0.592023 0.0 0.539426 -0.591899 0.0 0.539715 -0.591775 0.0 0.540003 -0.59165 0.0 0.540291 -0.591524 0.0 0.540578 -0.591397 0.0 0.540865 -0.591269 0.0 0.541151 -0.59114 0.0 0.541438 -0.591011 0.0 0.541723 -0.59088 0.0 0.542009 -0.590748 0.0 0.542293 -0.590616 0.0 0.542578 -0.590483 0.0 0.542862 -0.590348 0.0 0.543146 -0.590213 0.0 0.543429 -0.590077 0.0 0.543712 -0.589941 0.0 0.543994 -0.589802 0.0 0.544276 -0.589664 0.0 0.544557 -0.589524 0.0 0.544838 -0.589384 0.0 0.545119 -0.589242 0.0 0.545399 -0.589101 0.0 0.545679 -0.588957 0.0 0.545958 -0.588814 0.0 0.546237 -0.588668 0.0 0.546515 -0.588523 0.0 0.546793 -0.588376 0.0 0.54707 -0.588229 0.0 0.547347 -0.58808 0.0 0.547624 -0.587932 0.0 0.5479 -0.587781 0.0 0.548175 -0.587631 0.0 0.54845 -0.587478 0.0 0.548725 -0.587326 0.0 0.548999 -0.587172 0.0 0.549273 -0.587018 0.0 0.549546 -0.586863 0.0 0.549819 -0.586707 0.0 0.55009 -0.58655 0.0 0.550362 -0.586392 0.0 0.550633 -0.586233 0.0 0.550904 -0.586074 0.0 0.551174 -0.585913 0.0 0.551444 -0.585753 0.0 0.551713 -0.58559 0.0 0.551982 -0.585428 0.0 0.55225 -0.585264 0.0 0.552517 -0.585099 0.0 0.552784 -0.584934 0.0 0.553051 -0.584768 0.0 0.553317 -0.5846 0.0 0.553583 -0.584433 0.0 0.553847 -0.584264 0.0 0.554112 -0.584094 0.0 0.554376 -0.583924 0.0 0.554639 -0.583753 0.0 0.554902 -0.58358 0.0 0.555165 -0.583408 0.0 0.555426 -0.583234 0.0 0.555688 -0.58306 0.0 0.555948 -0.582884 0.0 0.556208 -0.582708 0.0 0.556468 -0.582531 0.0 0.556727 -0.582353 0.0 0.556985 -0.582174 0.0 0.557243 -0.581995 0.0 0.5575 -0.581815 0.0 0.557757 -0.581634 0.0 0.558013 -0.581452 0.0 0.558269 -0.581269 0.0 0.558524 -0.581086 0.0 0.558779 -0.580902 0.0 0.559032 -0.580716 0.0 0.559286 -0.580531 0.0 0.559538 -0.580344 0.0 0.55979 -0.580157 0.0 0.560042 -0.579968 0.0 0.560293 -0.579779 0.0 0.560543 -0.579589 0.0 0.560793 -0.579399 0.0 0.561042 -0.579207 0.0 0.561291 -0.579016 0.0 0.561538 -0.578822 0.0 0.561786 -0.578629 0.0 0.562032 -0.578434 0.0 0.562279 -0.578239 0.0 0.562524 -0.578043 0.0 0.562769 -0.577846 0.0 0.563013 -0.577648 0.0 0.563257 -0.57745 0.0 0.5635 -0.577251 0.0 0.563742 -0.577051 0.0 0.563984 -0.57685 0.0 0.564225 -0.576649 0.0 0.564465 -0.576447 0.0 0.564706 -0.576244 0.0 0.564944 -0.57604 0.0 0.565183 -0.575836 0.0 0.565421 -0.575631 0.0 0.565659 -0.575425 0.0 0.565895 -0.575218 0.0 0.566131 -0.575011 0.0 0.566366 -0.574803 0.0 0.566601 -0.574594 0.0 0.566835 -0.574384 0.0 0.567069 -0.574174 0.0 0.567301 -0.573963 0.0 0.567533 -0.573751 0.0 0.567764 -0.573538 0.0 0.567995 -0.573326 0.0 0.568225 -0.573111 0.0 0.568455 -0.572897 0.0 0.568683 -0.572681 0.0 0.568911 -0.572465 0.0 0.569138 -0.572248 0.0 0.569365 -0.572031 0.0 0.569591 -0.571812 0.0 0.569817 -0.571594 0.0 0.570041 -0.571374 0.0 0.570265 -0.571154 0.0 0.570488 -0.570932 0.0 0.570711 -0.570711 0.0 0.570932 -0.570488 0.0 0.571154 -0.570265 0.0 0.571374 -0.570041 0.0 0.571594 -0.569817 0.0 0.571812 -0.569591 0.0 0.572031 -0.569365 0.0 0.572248 -0.569138 0.0 0.572465 -0.568911 0.0 0.572681 -0.568683 0.0 0.572897 -0.568455 0.0 0.573111 -0.568225 0.0 0.573326 -0.567995 0.0 0.573538 -0.567764 0.0 0.573751 -0.567533 0.0 0.573963 -0.567301 0.0 0.574174 -0.567069 0.0 0.574384 -0.566835 0.0 0.574594 -0.566601 0.0 0.574803 -0.566366 0.0 0.575011 -0.566131 0.0 0.575218 -0.565895 0.0 0.575425 -0.565659 0.0 0.575631 -0.565421 0.0 0.575836 -0.565183 0.0 0.57604 -0.564944 0.0 0.576244 -0.564706 0.0 0.576447 -0.564465 0.0 0.576649 -0.564225 0.0 0.57685 -0.563984 0.0 0.577051 -0.563742 0.0 0.577251 -0.5635 0.0 0.57745 -0.563257 0.0 0.577648 -0.563013 0.0 0.577846 -0.562769 0.0 0.578043 -0.562524 0.0 0.578239 -0.562279 0.0 0.578434 -0.562032 0.0 0.578629 -0.561786 0.0 0.578822 -0.561538 0.0 0.579016 -0.561291 0.0 0.579207 -0.561042 0.0 0.579399 -0.560793 0.0 0.579589 -0.560543 0.0 0.579779 -0.560293 0.0 0.579968 -0.560042 0.0 0.580157 -0.55979 0.0 0.580344 -0.559538 0.0 0.580531 -0.559286 0.0 0.580716 -0.559032 0.0 0.580902 -0.558779 0.0 0.581086 -0.558524 0.0 0.581269 -0.558269 0.0 0.581452 -0.558013 0.0 0.581634 -0.557757 0.0 0.581815 -0.5575 0.0 0.581995 -0.557243 0.0 0.582174 -0.556985 0.0 0.582353 -0.556727 0.0 0.582531 -0.556468 0.0 0.582708 -0.556208 0.0 0.582884 -0.555948 0.0 0.58306 -0.555688 0.0 0.583234 -0.555426 0.0 0.583408 -0.555165 0.0 0.58358 -0.554902 0.0 0.583753 -0.554639 0.0 0.583924 -0.554376 0.0 0.584094 -0.554112 0.0 0.584264 -0.553847 0.0 0.584433 -0.553583 0.0 0.5846 -0.553317 0.0 0.584768 -0.553051 0.0 0.584934 -0.552784 0.0 0.585099 -0.552517 0.0 0.585264 -0.55225 0.0 0.585428 -0.551982 0.0 0.58559 -0.551713 0.0 0.585753 -0.551444 0.0 0.585913 -0.551174 0.0 0.586074 -0.550904 0.0 0.586233 -0.550633 0.0 0.586392 -0.550362 0.0 0.58655 -0.55009 0.0 0.586707 -0.549819 0.0 0.586863 -0.549546 0.0 0.587018 -0.549273 0.0 0.587172 -0.548999 0.0 0.587326 -0.548725 0.0 0.587478 -0.54845 0.0 0.587631 -0.548175 0.0 0.587781 -0.5479 0.0 0.587932 -0.547624 0.0 0.58808 -0.547347 0.0 0.588229 -0.54707 0.0 0.588376 -0.546793 0.0 0.588523 -0.546515 0.0 0.588668 -0.546237 0.0 0.588814 -0.545958 0.0 0.588957 -0.545679 0.0 0.589101 -0.545399 0.0 0.589242 -0.545119 0.0 0.589384 -0.544838 0.0 0.589524 -0.544557 0.0 0.589664 -0.544276 0.0 0.589802 -0.543994 0.0 0.589941 -0.543712 0.0 0.590077 -0.543429 0.0 0.590213 -0.543146 0.0 0.590348 -0.542862 0.0 0.590483 -0.542578 0.0 0.590616 -0.542293 0.0 0.590748 -0.542009 0.0 0.59088 -0.541723 0.0 0.591011 -0.541438 0.0 0.59114 -0.541151 0.0 0.591269 -0.540865 0.0 0.591397 -0.540578 0.0 0.591524 -0.540291 0.0 0.59165 -0.540003 0.0 0.591775 -0.539715 0.0 0.591899 -0.539426 0.0 0.592023 -0.539137 0.0 0.592145 -0.538848 0.0 0.592267 -0.538558 0.0 0.592387 -0.538268 0.0 0.592508 -0.537978 0.0 0.592626 -0.537687 0.0 0.592745 -0.537396 0.0 0.592861 -0.537104 0.0 0.592978 -0.536812 0.0 0.593092 -0.53652 0.0 0.593207 -0.536228 0.0 0.59332 -0.535934 0.0 0.593433 -0.535641 0.0 0.593544 -0.535347 0.0 0.593655 -0.535053 0.0 0.593764 -0.534759 0.0 0.593873 -0.534464 0.0 0.593981 -0.534169 0.0 0.594088 -0.533874 0.0 0.594194 -0.533578 0.0 0.594299 -0.533282 0.0 0.594403 -0.532985 0.0 0.594506 -0.532689 0.0 0.594608 -0.532392 0.0 0.59471 -0.532094 0.0 0.59481 -0.531797 0.0 0.59491 -0.531499 0.0 0.595008 -0.5312 0.0 0.595106 -0.530902 0.0 0.595202 -0.530603 0.0 0.595298 -0.530304 0.0 0.595392 -0.530004 0.0 0.595486 -0.529704 0.0 0.595579 -0.529404 0.0 0.595671 -0.529104 0.0 0.595762 -0.528803 0.0 0.595852 -0.528502 0.0 0.595941 -0.528201 0.0 0.596029 -0.527899 0.0 0.596116 -0.527597 0.0 0.596203 -0.527295 0.0 0.596288 -0.526993 0.0 0.596372 -0.52669 0.0 0.596455 -0.526387 0.0 0.596538 -0.526084 0.0 0.596619 -0.525781 0.0 0.5967 -0.525477 0.0 0.596779 -0.525173 0.0 0.596858 -0.524869 0.0 0.596935 -0.524564 0.0 0.597013 -0.52426 0.0 0.597088 -0.523955 0.0 0.597163 -0.52365 0.0 0.597237 -0.523344 0.0 0.59731 -0.523039 0.0 0.597381 -0.522733 0.0 0.597453 -0.522427 0.0 0.597522 -0.522121 0.0 0.597592 -0.521814 0.0 0.597659 -0.521508 0.0 0.597727 -0.521201 0.0 0.597792 -0.520893 0.0 0.597858 -0.520586 0.0 0.597922 -0.520279 0.0 0.597986 -0.519971 0.0 0.598047 -0.519663 0.0 0.598109 -0.519355 0.0 0.598169 -0.519047 0.0 0.598229 -0.518738 0.0 0.598287 -0.518429 0.0 0.598345 -0.518121 0.0 0.5984 -0.517811 0.0 0.598456 -0.517502 0.0 0.59851 -0.517193 0.0 0.598564 -0.516883 0.0 0.598617 -0.516574 0.0 0.598669 -0.516264 0.0 0.598719 -0.515954 0.0 0.598769 -0.515643 0.0 0.598817 -0.515333 0.0 0.598865 -0.515023 0.0 0.598911 -0.514712 0.0 0.598958 -0.514401 0.0 0.599002 -0.51409 0.0 0.599046 -0.513779 0.0 0.599088 -0.513468 0.0 0.599131 -0.513156 0.0 0.599171 -0.512845 0.0 0.599211 -0.512533 0.0 0.59925 -0.512222 0.0 0.599288 -0.51191 0.0 0.599325 -0.511598 0.0 0.599361 -0.511286 0.0 0.599396 -0.510973 0.0 0.59943 -0.510661 0.0 0.599463 -0.510349 0.0 0.599495 -0.510036 0.0 0.599526 -0.509724 0.0 0.599556 -0.509411 0.0 0.599585 -0.509098 0.0 0.599613 -0.508785 0.0 0.59964 -0.508472 0.0 0.599667 -0.508159 0.0 0.599691 -0.507846 0.0 0.599716 -0.507533 0.0 0.599739 -0.507219 0.0 0.599761 -0.506906 0.0 0.599782 -0.506593 0.0 0.599803 -0.506279 0.0 0.599821 -0.505965 0.0 0.59984 -0.505652 0.0 0.599857 -0.505338 0.0 0.599874 -0.505024 0.0 0.599888 -0.504711 0.0 0.599903 -0.504397 0.0 0.599916 -0.504083 0.0 0.599929 -0.503769 0.0 0.59994 -0.503455 0.0 0.599951 -0.503141 0.0 0.59996 -0.502827 0.0 0.599968 -0.502513 0.0 0.599975 -0.502199 0.0 0.599982 -0.501885 0.0 0.599987 -0.501571 0.0 0.599992 -0.501257 0.0 0.599995 -0.500942 0.0 0.599998 -0.500628 0.0 0.599999 -0.500314 0.0 
        </DataArray>
      </Points>
      <Polys>
        <DataArray type="Int64" Name="connectivity" format="ascii">
0 1 1 2 2 3 3 4 4 5 5 6 6 7 7 8 8 9 9 10 10 11 11 12 12 13 13 14 14 15 15 16 16 17 17 18 18 19 19 20 20 21 21 22 22 23 23 24 24 25 25 26 26 27 27 28 28 29 29 30 30 31 31 32 32 33 33 34 34 35 35 36 36 37 37 38 38 39 39 40 40 41 41 42 42 43 43 44 44 45 45 46 46 47 47 48 48 49 49 50 50 51 51 52 52 53 53 54 54 55 55 56 56 57 57 58 58 59 59 60 60 61 61 62 62 63 63 64 64 65 65 66 66 67 67 68 68 69 69 70 70 71 71 72 72 73 73 74 74 75 75 76 76 77 77 78 78 79 79 80 80 81 81 82 82 83 83 84 84 85 85 86 86 87 87 88 88 89 89 90 90 91 91 92 92 93 93 94 94 95 95 96 96 97 97 98 98 99 99 100 100 101 101 102 102 103 103 104 104 105 105 106 106 107 107 108 108 109 109 110 110 111 111 112 112 113 113 114 114 115 115 116 116 117 117 118 118 119 119 120 120 121 121 122 122 123 123 124 124 125 125 126 126 127 127 128 128 129 129 130 130 131 131 132 132 133 133 134 134 135 135 136 136 137 137 138 138 139 139 140 140 141 141 142 142 143 143 144 144 145 145 146 146 147 147 148 148 149 149 150 150 151 151 152 152 153 153 154 154 155 155 156 156 157 157 158 158 159 159 160 160 161 161 162 162 163 163 164 164 165 165 166 166 167 167 168 168 169 169 170 170 171 171 172 172 173 173 174 174 175 175 176 176 177 177 178 178 179 179 180 180 181 181 182 182 183 183 184 184 185 185 186 186 187 187 188 188 189 189 190 190 191 191 192 192 193 193 194 194 195 195 196 196 197 197 198 198 199 199 200 200 201 201 202 202 203 203 204 204 205 205 206 206 207 207 208 208 209 209 210 210 211 211 212 212 213 213 214 214 215 215 216 216 217 217 218 218 219 219 220 220 221 221 222 222 223 223 224 224 225 225 226 226 227 227 228 228 229 229 230 230 231 231 232 232 233 233 234 234 235 235 236 236 237 237 238 238 239 239 240 240 241 241 242 242 243 243 244 244 245 245 246 246 247 247 248 248 249 249 250 250 251 251 252 252 253 253 254 254 255 255 256 256 257 257 258 258 259 259 260 260 261 261 262 262 263 263 264 264 265 265 266 266 267 267 268 268 269 269 270 270 271 271 272 272 273 273 274 274 275 275 276 276 277 277 278 278 279 279 280 280 281 281 282 282 283 283 284 284 285 285 286 286 287 287 288 288 289 289 290 290 291 291 292 292 293 293 294 294 295 295 296 296 297 297 298 298 299 299 300 300 301 301 302 302 303 303 304 304 305 305 306 306 307 307 308 308 309 309 310 310 311 311 312 312 313 313 314 314 315 315 316 316 317 317 318 318 319 319 320 320 321 321 322 322 323 323 324 324 325 325 326 326 327 327 328 328 329 329 330 330 331 331 332 332 333 333 334 334 335 335 336 336 337 337 338 338 339 339 340 340 341 341 342 342 343 343 344 344 345 345 346 346 347 347 348 348 349 349 350 350 351 351 352 352 353 353 354 354 355 355 356 356 357 357 358 358 359 359 360 360 361 361 362 362 363 363 364 364 365 365 366 366 367 367 368 368 369 369 370 370 371 371 372 372 373 373 374 374 375 375 376 376 377 377 378 378 379 379 380 380 381 381 382 382 383 383 384 384 385 385 386 386 387 387 388 388 389 389 390 390 391 391 392 392 393 393 394 394 395 395 396 396 397 397 398 398 399 399 400 400 401 401 402 402 403 403 404 404 405 405 406 406 407 407 408 408 409 409 410 410 411 411 412 412 413 413 414 414 415 415 416 416 417 417 418 418 419 419 420 420 421 421 422 422 423 423 424 424 425 425 426 426 427 427 428 428 429 429 430 430 431 431 432 432 433 433 434 434 435 435 436 436 437 437 438 438 439 439 440 440 441 441 442 442 443 443 444 444 445 445 446 446 447 447 448 448 449 449 450 450 451 451 452 452 453 453 454 454 455 455 456 456 457 457 458 458 459 459 460 460 461 461 462 462 463 463 464 464 465 465 466 466 467 467 468 468 469 469 470 470 471 471 472 472 473 473 474 474 475 475 476 476 477 477 478 478 479 479 480 480 481 481 482 482 483 483 484 484 485 485 486 486 487 487 488 488 489 489 490 490 491 491 492 492 493 493 494 494 495 495 496 496 497 497 498 498 499 499 500 500 501 501 502 502 503 503 504 504 505 505 506 506 507 507 508 508 509 509 510 510 511 511 512 512 513 513 514 514 515 515 516 516 517 517 518 518 519 519 520 520 521 521 522 522 523 523 524 524 525 525 526 526 527 527 528 528 529 529 530 530 531 531 532 532 533 533 534 534 535 535 536 536 537 537 538 538 539 539 540 540 541 541 542 542 543 543 544 544 545 545 546 546 547 547 548 548 549 549 550 550 551 551 552 552 553 553 554 554 555 555 556 556 557 557 558 558 559 559 560 560 561 561 562 562 563 563 564 564 565 565 566 566 567 567 568 568 569 569 570 570 571 571 572 572 573 573 574 574 575 575 576 576 577 577 578 578 579 579 580 580 581 581 582 582 583 583 584 584 585 585 586 586 587 587 588 588 589 589 590 590 591 591 592 592 593 593 594 594 595 595 596 596 597 597 598 598 599 599 600 600 601 601 602 602 603 603 604 604 605 605 606 606 607 607 608 608 609 609 610 610 611 611 612 612 613 613 614 614 615 615 616 616 617 617 618 618 619 619 620 620 621 621 622 622 623 623 624 624 625 625 626 626 627 627 628 628 629 629 630 630 631 631 632 632 633 633 634 634 635 635 636 636 637 637 638 638 639 639 640 640 641 641 642 642 643 643 644 644 645 645 646 646 647 647 648 648 649 649 650 650 651 651 652 652 653 653 654 654 655 655 656 656 657 657 658 658 659 659 660 660 661 661 662 662 663 663 664 664 665 665 666 666 667 667 668 668 669 669 670 670 671 671 672 672 673 673 674 674 675 675 676 676 677 677 678 678 679 679 680 680 681 681 682 682 683 683 684 684 685 685 686 686 687 687 688 688 689 689 690 690 691 691 692 692 693 693 694 694 695 695 696 696 697 697 698 698 699 699 700 700 701 701 702 702 703 703 704 704 705 705 706 706 707 707 708 708 709 709 710 710 711 711 712 712 713 713 714 714 715 715 716 716 717 717 718 718 719 719 720 720 721 721 722 722 723 723 724 724 725 725 726 726 727 727 728 728 729 729 730 730 731 731 732 732 733 733 734 734 735 735 736 736 737 737 738 738 739 739 740 740 741 741 742 742 743 743 744 744 745 745 746 746 747 747 748 748 749 749 750 750 751 751 752 752 753 753 754 754 755 755 756 756 757 757 758 758 759 759 760 760 761 761 762 762 763 763 764 764 765 765 766 766 767 767 768 768 769 769 770 770 771 771 772 772 773 773 774 774 775 775 776 776 777 777 778 778 779 779 780 780 781 781 782 782 783 783 784 784 785 785 786 786 787 787 788 788 789 789 790 790 791 791 792 792 793 793 794 794 795 795 796 796 797 797 798 798 799 799 800 800 801 801 802 802 803 803 804 804 805 805 806 806 807 807 808 808 809 809 810 810 811 811 812 812 813 813 814 814 815 815 816 816 817 817 818 818 819 819 820 820 821 821 822 822 823 823 824 824 825 825 826 826 827 827 828 828 829 829 830 830 831 831 832 832 833 833 834 834 835 835 836 836 837 837 838 838 839 839 840 840 841 841 842 842 843 843 844 844 845 845 846 846 847 847 848 848 849 849 850 850 851 851 852 852 853 853 854 854 855 855 856 856 857 857 858 858 859 859 860 860 861 861 862 862 863 863 864 864 865 865 866 866 867 867 868 868 869 869 870 870 871 871 872 872 873 873 874 874 875 875 876 876 877 877 878 878 879 879 880 880 881 881 882 882 883 883 884 884 885 885 886 886 887 887 888 888 889 889 890 890 891 891 892 892 893 893 894 894 895 895 896 896 897 897 898 898 899 899 900 900 901 901 902 902 903 903 904 904 905 905 906 906 907 907 908 908 909 909 910 910 911 911 912 912 913 913 914 914 915 915 916 916 917 917 918 918 919 919 920 920 921 921 922 922 923 923 924 924 925 925 926 926 927 927 928 928 929 929 930 930 931 931 932 932 933 933 934 934 935 935 936 936 937 937 938 938 939 939 940 940 941 941 942 942 943 943 944 944 945 945 946 946 947 947 948 948 949 949 950 950 951 951 952 952 953 953 954 954 955 955 956 956 957 957 958 958 959 959 960 960 961 961 962 962 963 963 964 964 965 965 966 966 967 967 968 968 969 969 970 970 971 971 972 972 973 973 974 974 975 975 976 976 977 977 978 978 979 979 980 980 981 981 982 982 983 983 984 984 985 985 986 986 987 987 988 988 989 989 990 990 991 991 992 992 993 993 994 994 995 995 996 996 997 997 998 998 999 999 1000 1000 1001 1001 1002 1002 1003 1003 1004 1004 1005 1005 1006 1006 1007 1007 1008 1008 1009 1009 1010 1010 1011 1011 1012 1012 1013 1013 1014 1014 1015 1015 1016 1016 1017 1017 1018 1018 1019 1019 1020 1020 1021 1021 1022 1022 1023 1023 1024 1024 1025 1025 1026 1026 1027 1027 1028 1028 1029 1029 1030 1030 1031 1031 1032 1032 1033 1033 1034 1034 1035 1035 1036 1036 1037 1037 1038 1038 1039 1039 1040 1040 1041 1041 1042 1042 1043 1043 1044 1044 1045 1045 1046 1046 1047 1047 1048 1048 1049 1049 1050 1050 1051 1051 1052 1052 1053 1053 1054 1054 1055 1055 1056 1056 1057 1057 1058 1058 1059 1059 1060 1060 1061 1061 1062 1062 1063 1063 1064 1064 1065 1065 1066 1066 1067 1067 1068 1068 1069 1069 1070 1070 1071 1071 1072 1072 1073 1073 1074 1074 1075 1075 1076 1076 1077 1077 1078 1078 1079 1079 1080 1080 1081 1081 1082 1082 1083 1083 1084 1084 1085 1085 1086 1086 1087 1087 1088 1088 1089 1089 1090 1090 1091 1091 1092 1092 1093 1093 1094 1094 1095 1095 1096 1096 1097 1097 1098 1098 1099 1099 1100 1100 1101 1101 1102 1102 1103 1103 1104 1104 1105 1105 1106 1106 1107 1107 1108 1108 1109 1109 1110 1110 1111 1111 1112 1112 1113 1113 1114 1114 1115 1115 1116 1116 1117 1117 1118 1118 1119 1119 1120 1120 1121 1121 1122 1122 1123 1123 1124 1124 1125 1125 1126 1126 1127 1127 1128 1128 1129 1129 1130 1130 1131 1131 1132 1132 1133 1133 1134 1134 1135 1135 1136 1136 1137 1137 1138 1138 1139 1139 1140 1140 1141 1141 1142 1142 1143 1143 1144 1144 1145 1145 1146 1146 1147 1147 1148 1148 1149 1149 1150 1150 1151 1151 1152 1152 1153 1153 1154 1154 1155 1155 1156 1156 1157 1157 1158 1158 1159 1159 1160 1160 1161 1161 1162 1162 1163 1163 1164 1164 1165 1165 1166 1166 1167 1167 1168 1168 1169 1169 1170 1170 1171 1171 1172 1172 1173 1173 1174 1174 1175 1175 1176 1176 1177 1177 1178 1178 1179 1179 1180 1180 1181 1181 1182 1182 1183 1183 1184 1184 1185 1185 1186 1186 1187 1187 1188 1188 1189 1189 1190 1190 1191 1191 1192 1192 1193 1193 1194 1194 1195 1195 1196 1196 1197 1197 1198 1198 1199 1199 1200 1200 1201 1201 1202 1202 1203 1203 1204 1204 1205 1205 1206 1206 1207 1207 1208 1208 1209 1209 1210 1210 1211 1211 1212 1212 1213 1213 1214 1214 1215 1215 1216 1216 1217 1217 1218 1218 1219 1219 1220 1220 1221 1221 1222 1222 1223 1223 1224 1224 1225 1225 1226 1226 1227 1227 1228 1228 1229 1229 1230 1230 1231 1231 1232 1232 1233 1233 1234 1234 1235 1235 1236 1236 1237 1237 1238 1238 1239 1239 1240 1240 1241 1241 1242 1242 1243 1243 1244 1244 1245 1245 1246 1246 1247 1247 1248 1248 1249 1249 1250 1250 1251 1251 1252 1252 1253 1253 1254 1254 1255 1255 1256 1256 1257 1257 1258 1258 1259 1259 1260 1260 1261 1261 1262 1262 1263 1263 1264 1264 1265 1265 1266 1266 1267 1267 1268 1268 1269 1269 1270 1270 1271 1271 1272 1272 1273 1273 1274 1274 1275 1275 1276 1276 1277 1277 1278 1278 1279 1279 1280 1280 1281 1281 1282 1282 1283 1283 1284 1284 1285 1285 1286 1286 1287 1287 1288 1288 1289 1289 1290 1290 1291 1291 1292 1292 1293 1293 1294 1294 1295 1295 1296 1296 1297 1297 1298 1298 1299 1299 1300 1300 1301 1301 1302 1302 1303 1303 1304 1304 1305 1305 1306 1306 1307 1307 1308 1308 1309 1309 1310 1310 1311 1311 1312 1312 1313 1313 1314 1314 1315 1315 1316 1316 1317 1317 1318 1318 1319 1319 1320 1320 1321 1321 1322 1322 1323 1323 1324 1324 1325 1325 1326 1326 1327 1327 1328 1328 1329 1329 1330 1330 1331 1331 1332 1332 1333 1333 1334 1334 1335 1335 1336 1336 1337 1337 1338 1338 1339 1339 1340 1340 1341 1341 1342 1342 1343 1343 1344 1344 1345 1345 1346 1346 1347 1347 1348 1348 1349 1349 1350 1350 1351 1351 1352 1352 1353 1353 1354 1354 1355 1355 1356 1356 1357 1357 1358 1358 1359 1359 1360 1360 1361 1361 1362 1362 1363 1363 1364 1364 1365 1365 1366 1366 1367 1367 1368 1368 1369 1369 1370 1370 1371 1371 1372 1372 1373 1373 1374 1374 1375 1375 1376 1376 1377 1377 1378 1378 1379 1379 1380 1380 1381 1381 1382 1382 1383 1383 1384 1384 1385 1385 1386 1386 1387 1387 1388 1388 1389 1389 1390 1390 1391 1391 1392 1392 1393 1393 1394 1394 1395 1395 1396 1396 1397 1397 1398 1398 1399 1399 1400 1400 1401 1401 1402 1402 1403 1403 1404 1404 1405 1405 1406 1406 1407 1407 1408 1408 1409 1409 1410 1410 1411 1411 1412 1412 1413 1413 1414 1414 1415 1415 1416 1416 1417 1417 1418 1418 1419 1419 1420 1420 1421 1421 1422 1422 1423 1423 1424 1424 1425 1425 1426 1426 1427 1427 1428 1428 1429 1429 1430 1430 1431 1431 1432 1432 1433 1433 1434 1434 1435 1435 1436 1436 1437 1437 1438 1438 1439 1439 1440 1440 1441 1441 1442 1442 1443 1443 1444 1444 1445 1445 1446 1446 1447 1447 1448 1448 1449 1449 1450 1450 1451 1451 1452 1452 1453 1453 1454 1454 1455 1455 1456 1456 1457 1457 1458 1458 1459 1459 1460 1460 1461 1461 1462 1462 1463 1463 1464 1464 1465 1465 1466 1466 1467 1467 1468 1468 1469 1469 1470 1470 1471 1471 1472 1472 1473 1473 1474 1474 1475 1475 1476 1476 1477 1477 1478 1478 1479 1479 1480 1480 1481 1481 1482 1482 1483 1483 1484 1484 1485 1485 1486 1486 1487 1487 1488 1488 1489 1489 1490 1490 1491 1491 1492 1492 1493 1493 1494 1494 1495 1495 1496 1496 1497 1497 1498 1498 1499 1499 1500 1500 1501 1501 1502 1502 1503 1503 1504 1504 1505 1505 1506 1506 1507 1507 1508 1508 1509 1509 1510 1510 1511 1511 1512 1512 1513 1513 1514 1514 1515 1515 1516 1516 1517 1517 1518 1518 1519 1519 1520 1520 1521 1521 1522 1522 1523 1523 1524 1524 1525 1525 1526 1526 1527 1527 1528 1528 1529 1529 1530 1530 1531 1531 1532 1532 1533 1533 1534 1534 1535 1535 1536 1536 1537 1537 1538 1538 1539 1539 1540 1540 1541 1541 1542 1542 1543 1543 1544 1544 1545 1545 1546 1546 1547 1547 1548 1548 1549 1549 1550 1550 1551 1551 1552 1552 1553 1553 1554 1554 1555 1555 1556 1556 1557 1557 1558 1558 1559 1559 1560 1560 1561 1561 1562 1562 1563 1563 1564 1564 1565 1565 1566 1566 1567 1567 1568 1568 1569 1569 1570 1570 1571 1571 1572 1572 1573 1573 1574 1574 1575 1575 1576 1576 1577 1577 1578 1578 1579 1579 1580 1580 1581 1581 1582 1582 1583 1583 1584 1584 1585 1585 1586 1586 1587 1587 1588 1588 1589 1589 1590 1590 1591 1591 1592 1592 1593 1593 1594 1594 1595 1595 1596 1596 1597 1597 1598 1598 1599 1599 1600 1600 1601 1601 1602 1602 1603 1603 1604 1604 1605 1605 1606 1606 1607 1607 1608 1608 1609 1609 1610 1610 1611 1611 1612 1612 1613 1613 1614 1614 1615 1615 1616 1616 1617 1617 1618 1618 1619 1619 1620 1620 1621 1621 1622 1622 1623 1623 1624 1624 1625 1625 1626 1626 1627 1627 1628 1628 1629 1629 1630 1630 1631 1631 1632 1632 1633 1633 1634 1634 1635 1635 1636 1636 1637 1637 1638 1638 1639 1639 1640 1640 1641 1641 1642 1642 1643 1643 1644 1644 1645 1645 1646 1646 1647 1647 1648 1648 1649 1649 1650 1650 1651 1651 1652 1652 1653 1653 1654 1654 1655 1655 1656 1656 1657 1657 1658 1658 1659 1659 1660 1660 1661 1661 1662 1662 1663 1663 1664 1664 1665 1665 1666 1666 1667 1667 1668 1668 1669 1669 1670 1670 1671 1671 1672 1672 1673 1673 1674 1674 1675 1675 1676 1676 1677 1677 1678 1678 1679 1679 1680 1680 1681 1681 1682 1682 1683 1683 1684 1684 1685 1685 1686 1686 1687 1687 1688 1688 1689 1689 1690 1690 1691 1691 1692 1692 1693 1693 1694 1694 1695 1695 1696 1696 1697 1697 1698 1698 1699 1699 1700 1700 1701 1701 1702 1702 1703 1703 1704 1704 1705 1705 1706 1706 1707 1707 1708 1708 1709 1709 1710 1710 1711 1711 1712 1712 1713 1713 1714 1714 1715 1715 1716 1716 1717 1717 1718 1718 1719 1719 1720 1720 1721 1721 1722 1722 1723 1723 1724 1724 1725 1725 1726 1726 1727 1727 1728 1728 1729 1729 1730 1730 1731 1731 1732 1732 1733 1733 1734 1734 1735 1735 1736 1736 1737 1737 1738 1738 1739 1739 1740 1740 1741 1741 1742 1742 1743 1743 1744 1744 1745 1745 1746 1746 1747 1747 1748 1748 1749 1749 1750 1750 1751 1751 1752 1752 1753 1753 1754 1754 1755 1755 1756 1756 1757 1757 1758 1758 1759 1759 1760 1760 1761 1761 1762 1762 1763 1763 1764 1764 1765 1765 1766 1766 1767 1767 1768 1768 1769 1769 1770 1770 1771 1771 1772 1772 1773 1773 1774 1774 1775 1775 1776 1776 1777 1777 1778 1778 1779 1779 1780 1780 1781 1781 1782 1782 1783 1783 1784 1784 1785 1785 1786 1786 1787 1787 1788 1788 1789 1789 1790 1790 1791 1791 1792 1792 1793 1793 1794 1794 1795 1795 1796 1796 1797 1797 1798 1798 1799 1799 1800 1800 1801 1801 1802 1802 1803 1803 1804 1804 1805 1805 1806 1806 1807 1807 1808 1808 1809 1809 1810 1810 1811 1811 1812 1812 1813 1813 1814 1814 1815 1815 1816 1816 1817 1817 1818 1818 1819 1819 1820 1820 1821 1821 1822 1822 1823 1823 1824 1824 1825 1825 1826 1826 1827 1827 1828 1828 1829 1829 1830 1830 1831 1831 1832 1832 1833 1833 1834 1834 1835 1835 1836 1836 1837 1837 1838 1838 1839 1839 1840 1840 1841 1841 1842 1842 1843 1843 1844 1844 1845 1845 1846 1846 1847 1847 1848 1848 1849 1849 1850 1850 1851 1851 1852 1852 1853 1853 1854 1854 1855 1855 1856 1856 1857 1857 1858 1858 1859 1859 1860 1860 1861 1861 1862 1862 1863 1863 1864 1864 1865 1865 1866 1866 1867 1867 1868 1868 1869 1869 1870 1870 1871 1871 1872 1872 1873 1873 1874 1874 1875 1875 1876 1876 1877 1877 1878 1878 1879 1879 1880 1880 1881 1881 1882 1882 1883 1883 1884 1884 1885 1885 1886 1886 1887 1887 1888 1888 1889 1889 1890 1890 1891 1891 1892 1892 1893 1893 1894 1894 1895 1895 1896 1896 1897 1897 1898 1898 1899 1899 1900 1900 1901 1901 1902 1902 1903 1903 1904 1904 1905 1905 1906 1906 1907 1907 1908 1908 1909 1909 1910 1910 1911 1911 1912 1912 1913 1913 1914 1914 1915 1915 1916 1916 1917 1917 1918 1918 1919 1919 1920 1920 1921 1921 1922 1922 1923 1923 1924 1924 1925 1925 1926 1926 1927 1927 1928 1928 1929 1929 1930 1930 1931 1931 1932 1932 1933 1933 1934 1934 1935 1935 1936 1936 1937 1937 1938 1938 1939 1939 1940 1940 1941 1941 1942 1942 1943 1943 1944 1944 1945 1945 1946 1946 1947 1947 1948 1948 1949 1949 1950 1950 1951 1951 1952 1952 1953 1953 1954 1954 1955 1955 1956 1956 1957 1957 1958 1958 1959 1959 1960 1960 1961 1961 1962 1962 1963 1963 1964 1964 1965 1965 1966 1966 1967 1967 1968 1968 1969 1969 1970 1970 1971 1971 1972 1972 1973 1973 1974 1974 1975 1975 1976 1976 1977 1977 1978 1978 1979 1979 1980 1980 1981 1981 1982 1982 1983 1983 1984 1984 1985 1985 1986 1986 1987 1987 1988 1988 1989 1989 1990 1990 1991 1991 1992 1992 1993 1993 1994 1994 1995 1995 1996 1996 1997 1997 1998 1998 1999 1999 0 
        </DataArray>
        <DataArray type="Int64" Name="offsets" format="ascii">
2 4 6 8 10 12 14 16 18 20 22 24 26 28 30 32 34 36 38 40 42 44 46 48 50 52 54 56 58 60 62 64 66 68 70 72 74 76 78 80 82 84 86 88 90 92 94 96 98 100 102 104 106 108 110 112 114 116 118 120 122 124 126 128 130 132 134 136 138 140 142 144 146 148 150 152 154 156 158 160 162 164 166 168 170 172 174 176 178 180 182 184 186 188 190 192 194 196 198 200 202 204 206 208 210 212 214 216 218 220 222 224 226 228 230 232 234 236 238 240 242 244 246 248 250 252 254 256 258 260 262 264 266 268 270 272 274 276 278 280 282 284 286 288 290 292 294 296 298 300 302 304 306 308 310 312 314 316 318 320 322 324 326 328 330 332 334 336 338 340 342 344 346 348 350 352 354 356 358 360 362 364 366 368 370 372 374 376 378 380 382 384 386 388 390 392 394 396 398 400 402 404 406 408 410 412 414 416 418 420 422 424 426 428 430 432 434 436 438 440 442 444 446 448 450 452 454 456 458 460 462 464 466 468 470 472 474 476 478 480 482 484 486 488 490 492 494 496 498 500 502 504 506 508 510 512 514 516 518 520 522 524 526 528 530 532 534 536 538 540 542 544 546 548 550 552 554 556 558 560 562 564 566 568 570 572 574 576 578 580 582 584 586 588 590 592 594 596 598 600 602 604 606 608 610 612 614 616 618 620 622 624 626 628 630 632 634 636 638 640 642 644 646 648 650 652 654 656 658 660 662 664 666 668 670 672 674 676 678 680 682 684 686 688 690 692 694 696 698 700 702 704 706 708 710 712 714 716 718 720 722 724 726 728 730 732 734 736 738 740 742 744 746 748 750 752 754 756 758 760 762 764 766 768 770 772 774 776 778 780 782 784 786 788 790 792 794 796 798 800 802 804 806 808 810 812 814 816 818 820 822 824 826 828 830 832 834 836 838 840 842 844 846 848 850 852 854 856 858 860 862 864 866 868 870 872 874 876 878 880 882 884 886 888 890 892 894 896 898 900 902 904 906 908 910 912 914 916 918 920 922 924 926 928 930 932 934 936 938 940 942 944 946 948 950 952 954 956 958 960 962 964 966 968 970 972 974 976 978 980 982 984 986 988 990 992 994 996 998 1000 1002 1004 1006 1008 1010 1012 1014 1016 1018 1020 1022 1024 1026 1028 1030 1032 1034 1036 1038 1040 1042 1044 1046 1048 1050 1052 1054 1056 1058 1060 1062 1064 1066 1068 1070 1072 1074 1076 1078 1080 1082 1084 1086 1088 1090 1092 1094 1096 1098 1100 1102 1104 1106 1108 1110 1112 1114 1116 1118 1120 1122 1124 1126 1128 1130 1132 1134 1136 1138 1140 1142 1144 1146 1148 1150 1152 1154 1156 1158 1160 1162 1164 1166 1168 1170 1172 1174 1176 1178 1180 1182 1184 1186 1188 1190 1192 1194 1196 1198 1200 1202 1204 1206 1208 1210 1212 1214 1216 1218 1220 1222 1224 1226 1228 1230 1232 1234 1236 1238 1240 1242 1244 1246 1248 1250 1252 1254 1256 1258 1260 1262 1264 1266 1268 1270 1272 1274 1276 1278 1280 1282 1284 1286 1288 1290 1292 1294 1296 1298 1300 1302 1304 1306 1308 1310 1312 1314 1316 1318 1320 1322 1324 1326 1328 1330 1332 1334 1336 1338 1340 1342 1344 1346 1348 1350 1352 1354 1356 1358 1360 1362 1364 1366 1368 1370 1372 1374 1376 1378 1380 1382 1384 1386 1388 1390 1392 1394 1396 1398 1400 1402 1404 1406 1408 1410 1412 1414 1416 1418 1420 1422 1424 1426 1428 1430 1432 1434 1436 1438 1440 1442 1444 1446 1448 1450 1452 1454 1456 1458 1460 1462 1464 1466 1468 1470 1472 1474 1476 1478 1480 1482 1484 1486 1488 1490 1492 1494 1496 1498 1500 1502 1504 1506 1508 1510 1512 1514 1516 1518 1520 1522 1524 1526 1528 1530 1532 1534 1536 1538 1540 1542 1544 1546 1548 1550 1552 1554 1556 1558 1560 1562 1564 1566 1568 1570 1572 1574 1576 1578 1580 1582 1584 1586 1588 1590 1592 1594 1596 1598 1600 1602 1604 1606 1608 1610 1612 1614 1616 1618 1620 1622 1624 1626 1628 1630 1632 1634 1636 1638 1640 1642 1644 1646 1648 1650 1652 1654 1656 1658 1660 1662 1664 1666 1668 1670 1672 1674 1676 1678 1680 1682 1684 1686 1688 1690 1692 1694 1696 1698 1700 1702 1704 1706 1708 1710 1712 1714 1716 1718 1720 1722 1724 1726 1728 1730 1732 1734 1736 1738 1740 1742 1744 1746 1748 1750 1752 1754 1756 1758 1760 1762 1764 1766 1768 1770 1772 1774 1776 1778 1780 1782 1784 1786 1788 1790 1792 1794 1796 1798 1800 1802 1804 1806 1808 1810 1812 1814 1816 1818 1820 1822 1824 1826 1828 1830 1832 1834 1836 1838 1840 1842 1844 1846 1848 1850 1852 1854 1856 1858 1860 1862 1864 1866 1868 1870 1872 1874 1876 1878 1880 1882 1884 1886 1888 1890 1892 1894 1896 1898 1900 1902 1904 1906 1908 1910 1912 1914 1916 1918 1920 1922 1924 1926 1928 1930 1932 1934 1936 1938 1940 1942 1944 1946 1948 1950 1952 1954 1956 1958 1960 1962 1964 1966 1968 1970 1972 1974 1976 1978 1980 1982 1984 1986 1988 1990 1992 1994 1996 1998 2000 2002 2004 2006 2008 2010 2012 2014 2016 2018 2020 2022 2024 2026 2028 2030 2032 2034 2036 2038 2040 2042 2044 2046 2048 2050 2052 2054 2056 2058 2060 2062 2064 2066 2068 2070 2072 2074 2076 2078 2080 2082 2084 2086 2088 2090 2092 2094 2096 2098 2100 2102 2104 2106 2108 2110 2112 2114 2116 2118 2120 2122 2124 2126 2128 2130 2132 2134 2136 2138 2140 2142 2144 2146 2148 2150 2152 2154 2156 2158 2160 2162 2164 2166 2168 2170 2172 2174 2176 2178 2180 2182 2184 2186 2188 2190 2192 2194 2196 2198 2200 2202 2204 2206 2208 2210 2212 2214 2216 2218 2220 2222 2224 2226 2228 2230 2232 2234 2236 2238 2240 2242 2244 2246 2248 2250 2252 2254 2256 2258 2260 2262 2264 2266 2268 2270 2272 2274 2276 2278 2280 2282 2284 2286 2288 2290 2292 2294 2296 2298 2300 2302 2304 2306 2308 2310 2312 2314 2316 2318 2320 2322 2324 2326 2328 2330 2332 2334 2336 2338 2340 2342 2344 2346 2348 2350 2352 2354 2356 2358 2360 2362 2364 2366 2368 2370 2372 2374 2376 2378 2380 2382 2384 2386 2388 2390 2392 2394 2396 2398 2400 2402 2404 2406 2408 2410 2412 2414 2416 2418 2420 2422 2424 2426 2428 2430 2432 2434 2436 2438 2440 2442 2444 2446 2448 2450 2452 2454 2456 2458 2460 2462 2464 2466 2468 2470 2472 2474 2476 2478 2480 2482 2484 2486 2488 2490 2492 2494 2496 2498 2500 2502 2504 2506 2508 2510 2512 2514 2516 2518 2520 2522 2524 2526 2528 2530 2532 2534 2536 2538 2540 2542 2544 2546 2548 2550 2552 2554 2556 2558 2560 2562 2564 2566 2568 2570 2572 2574 2576 2578 2580 2582 2584 2586 2588 2590 2592 2594 2596 2598 2600 2602 2604 2606 2608 2610 2612 2614 2616 2618 2620 2622 2624 2626 2628 2630 2632 2634 2636 2638 2640 2642 2644 2646 2648 2650 2652 2654 2656 2658 2660 2662 2664 2666 2668 2670 2672 2674 2676 2678 2680 2682 2684 2686 2688 2690 2692 2694 2696 2698 2700 2702 2704 2706 2708 2710 2712 2714 2716 2718 2720 2722 2724 2726 2728 2730 2732 2734 2736 2738 2740 2742 2744 2746 2748 2750 2752 2754 2756 2758 2760 2762 2764 2766 2768 2770 2772 2774 2776 2778 2780 2782 2784 2786 2788 2790 2792 2794 2796 2798 2800 2802 2804 2806 2808 2810 2812 2814 2816 2818 2820 2822 2824 2826 2828 2830 2832 2834 2836 2838 2840 2842 2844 2846 2848 2850 2852 2854 2856 2858 2860 2862 2864 2866 2868 2870 2872 2874 2876 2878 2880 2882 2884 2886 2888 2890 2892 2894 2896 2898 2900 2902 2904 2906 2908 2910 2912 2914 2916 2918 2920 2922 2924 2926 2928 2930 2932 2934 2936 2938 2940 2942 2944 2946 2948 2950 2952 2954 2956 2958 2960 2962 2964 2966 2968 2970 2972 2974 2976 2978 2980 2982 2984 2986 2988 2990 2992 2994 2996 2998 3000 3002 3004 3006 3008 3010 3012 3014 3016 3018 3020 3022 3024 3026 3028 3030 3032 3034 3036 3038 3040 3042 3044 3046 3048 3050 3052 3054 3056 3058 3060 3062 3064 3066 3068 3070 3072 3074 3076 3078 3080 3082 3084 3086 3088 3090 3092 3094 3096 3098 3100 3102 3104 3106 3108 3110 3112 3114 3116 3118 3120 3122 3124 3126 3128 3130 3132 3134 3136 3138 3140 3142 3144 3146 3148 3150 3152 3154 3156 3158 3160 3162 3164 3166 3168 3170 3172 3174 3176 3178 3180 3182 3184 3186 3188 3190 3192 3194 3196 3198 3200 3202 3204 3206 3208 3210 3212 3214 3216 3218 3220 3222 3224 3226 3228 3230 3232 3234 3236 3238 3240 3242 3244 3246 3248 3250 3252 3254 3256 3258 3260 3262 3264 3266 3268 3270 3272 3274 3276 3278 3280 3282 3284 3286 3288 3290 3292 3294 3296 3298 3300 3302 3304 3306 3308 3310 3312 3314 3316 3318 3320 3322 3324 3326 3328 3330 3332 3334 3336 3338 3340 3342 3344 3346 3348 3350 3352 3354 3356 3358 3360 3362 3364 3366 3368 3370 3372 3374 3376 3378 3380 3382 3384 3386 3388 3390 3392 3394 3396 3398 3400 3402 3404 3406 3408 3410 3412 3414 3416 3418 3420 3422 3424 3426 3428 3430 3432 3434 3436 3438 3440 3442 3444 3446 3448 3450 3452 3454 3456 3458 3460 3462 3464 3466 3468 3470 3472 3474 3476 3478 3480 3482 3484 3486 3488 3490 3492 3494 3496 3498 3500 3502 3504 3506 3508 3510 3512 3514 3516 3518 3520 3522 3524 3526 3528 3530 3532 3534 3536 3538 3540 3542 3544 3546 3548 3550 3552 3554 3556 3558 3560 3562 3564 3566 3568 3570 3572 3574 3576 3578 3580 3582 3584 3586 3588 3590 3592 3594 3596 3598 3600 3602 3604 3606 3608 3610 3612 3614 3616 3618 3620 3622 3624 3626 3628 3630 3632 3634 3636 3638 3640 3642 3644 3646 3648 3650 3652 3654 3656 3658 3660 3662 3664 3666 3668 3670 3672 3674 3676 3678 3680 3682 3684 3686 3688 3690 3692 3694 3696 3698 3700 3702 3704 3706 3708 3710 3712 3714 3716 3718 3720 3722 3724 3726 3728 3730 3732 3734 3736 3738 3740 3742 3744 3746 3748 3750 3752 3754 3756 3758 3760 3762 3764 3766 3768 3770 3772 3774 3776 3778 3780 3782 3784 3786 3788 3790 3792 3794 3796 3798 3800 3802 3804 3806 3808 3810 3812 3814 3816 3818 3820 3822 3824 3826 3828 3830 3832 3834 3836 3838 3840 3842 3844 3846 3848 3850 3852 3854 3856 3858 3860 3862 3864 3866 3868 3870 3872 3874 3876 3878 3880 3882 3884 3886 3888 3890 3892 3894 3896 3898 3900 3902 3904 3906 3908 3910 3912 3914 3916 3918 3920 3922 3924 3926 3928 3930 3932 3934 3936 3938 3940 3942 3944 3946 3948 3950 3952 3954 3956 3958 3960 3962 3964 3966 3968 3970 3972 3974 3976 3978 3980 3982 3984 3986 3988 3990 3992 3994 3996 3998 4000 
        </DataArray>
      </Polys>
      <CellData Scalars="Pressure">
        <DataArray type="Float64" Name="Pressure" format="ascii">
231159 230376 230230 230117 230003 229118 228112 227126 228272 229945 231623 231484 230597 229718 229530 229767 230004 229415 228151 226984 226775 227601 228327 213889 171885 131068 93975.7 67799.8 40666.1 18054.8 18196.6 18384.1 18635.6 19012.1 19378.6 19722.5 20083.6 20448.5 21755.8 22099.9 22443.8 22770.4 23136.2 23486.5 23835.1 23069.1 23551.1 24039.5 24487.4 24866.6 25238.8 25636 26097.1 26545.5 26998.1 27440.9 27882.2 28320.8 28836.9 30601.3 31095.5 31523.5 31946.2 32357.5 31417.8 31975.2 32560.8 33057.6 33519.4 33963.8 34442.5 34934.9 35430.8 35905.9 37813.5 38280.4 37312 37886.9 38472.8 39047.8 39580.2 40091 40596.8 41209.4 41852.8 42489.7 44530.9 45046.7 45542 44396.6 45132.7 45883.9 46634.1 47257.1 47867.2 48448.6 49126.9 51611 52298.2 51070.4 51834.3 52620.2 53377.4 54053.8 54716.4 55379.5 56117.7 58808.3 57463.9 58269 59147.4 60071.2 60895 61658.1 62430.1 63126.9 65648.3 66260 64750.3 65717.9 66743 67792.7 68699.6 69548.8 72566 71185.2 72236.7 73377.8 74551.5 75343 76111.5 76831.7 79897.5 80724.4 81531.8 79845.4 81179.2 82595.8 84092.8 87177.4 88058.6 88950.7 87504.1 88771.2 90143.7 91433.4 92235 95241.3 96217.9 94660.4 96137.7 97682.7 99112.1 102396 103334 104385 102993 104383 105865 107174 110399 111212 112369 110823 112507 114237 118377 119475 123327 121696 120080 121617 126258 124864 126119 127389 128715 129940 133563 134523 136131 134232 136119 137962 139886 141667 143535 145429 147021 150850 151808 153438 151579 153632 155674 161671 159903 161956 164010 165989 171765 173433 175460 173045 175589 183162 185571 182583 185777 189333 196150 195587 196295 196897 197413 197234 196643 199091 197779 196551 201848 203510 205394 203597 205490 211045 212630 210920 212381 213741 218485 216895 218536 220057 224998 223282 225076 226594 227887 229680 233049 236257 239408 242417 246287 250403 254904 259642 263683 265270 266881 268413 261931 263851 265628 267205 268635 271327 273839 276108 278210 280630 283304 285753 288059 294748 293330 296226 299046 305577 304451 306579 308645 313785 315783 314578 316487 321403 323163 324969 323640 328257 334693 332107 335354 332849 336238 339488 342705 350153 348767 351209 353432 359016 361146 360017 362060 367016 369675 373577 371147 375725 380271 384515 400056 396120 406100 415309 435974 437300 436751 438814 437714 436048 433502 430161 426932 426626 427024 431488 434047 436677 433919 437018 440501 444028 447717 457398 456518 460732 469973 482903 478548 484591 479847 488703 498443 522263 528308 530293 533028 533844 533397 531740 523962 520235 516420 510119 509903 511497 513712 520616 523643 521851 524512 527261 530196 533205 540980 543094 545016 543074 544939 546939 549146 555867 557701 559512 557585 559412 561554 563939 568121 572462 576703 586328 583300 587027 591195 596449 601888 607334 615999 617615 620080 621250 622011 629437 632060 634621 637291 640105 643077 645893 648740 651436 654160 662977 665346 653859 655704 661105 663074 660957 663184 667075 671050 674910 678568 682159 685901 694085 697676 701204 700776 703998 707277 710470 713512 716614 719878 724170 728579 732899 740977 744643 745268 747969 750113 752333 755324 759082 762855 766322 769331 772357 779946 783226 786638 789989 793463 793163 796620 799472 802321 805171 808908 812862 816828 820285 823523 826725 830148 833645 837141 843718 846206 848683 851327 854611 857960 861210 860987 864332 867688 870349 873076 875778 879342 882883 886452 889298 892068 894801 898052 901391 904756 907534 910074 912578 915387 918339 921316 924001 926473 928914 931506 934219 936968 939812 943058 946231 949290 951735 954211 956708 959752 962735 965732 968182 970663 973095 976108 979090 982116 984907 987708 990452 993626 996843 1.00011e+06 1.00377e+06 1.00768e+06 1.01153e+06 1.01483e+06 1.0177e+06 1.02061e+06 1.02364e+06 1.02689e+06 1.03008e+06 1.03298e+06 1.03539e+06 1.03783e+06 1.04035e+06 1.04315e+06 1.04591e+06 1.04855e+06 1.05067e+06 1.05281e+06 1.05498e+06 1.05761e+06 1.0602e+06 1.06279e+06 1.0646e+06 1.06641e+06 1.06817e+06 1.07051e+06 1.07284e+06 1.07825e+06 1.08077e+06 1.0834e+06 1.08603e+06 1.08839e+06 1.09071e+06 1.09315e+06 1.09332e+06 1.09554e+06 1.09772e+06 1.09971e+06 1.10147e+06 1.10324e+06 1.10512e+06 1.10726e+06 1.10939e+06 1.11144e+06 1.11316e+06 1.11489e+06 1.11668e+06 1.11904e+06 1.12344e+06 1.12566e+06 1.12775e+06 1.12997e+06 1.13216e+06 1.13168e+06 1.13317e+06 1.13467e+06 1.13613e+06 1.13758e+06 1.13897e+06 1.14006e+06 1.14082e+06 1.1415e+06 1.14296e+06 1.1493e+06 1.15187e+06 1.15594e+06 1.15903e+06 1.16175e+06 1.164e+06 1.16606e+06 1.16783e+06 1.16935e+06 1.17077e+06 1.17208e+06 1.17322e+06 1.17643e+06 1.17861e+06 1.18095e+06 1.18202e+06 1.18372e+06 1.18534e+06 1.18705e+06 1.1891e+06 1.19123e+06 1.19337e+06 1.19558e+06 1.19868e+06 1.2008e+06 1.20142e+06 1.20282e+06 1.20415e+06 1.20565e+06 1.20733e+06 1.20915e+06 1.21096e+06 1.21271e+06 1.21518e+06 1.2158e+06 1.21696e+06 1.21815e+06 1.21932e+06 1.22063e+06 1.22193e+06 1.22323e+06 1.22493e+06 1.22897e+06 1.2312e+06 1.23281e+06 1.23438e+06 1.23592e+06 1.23737e+06 1.23918e+06 1.24111e+06 1.24335e+06 1.24487e+06 1.2466e+06 1.24833e+06 1.25011e+06 1.25183e+06 1.2535e+06 1.25507e+06 1.25784e+06 1.25963e+06 1.26159e+06 1.26264e+06 1.26428e+06 1.26586e+06 1.26745e+06 1.27047e+06 1.27265e+06 1.27476e+06 1.27578e+06 1.27743e+06 1.27914e+06 1.2809e+06 1.28288e+06 1.28538e+06 1.28729e+06 1.28844e+06 1.28994e+06 1.29139e+06 1.29291e+06 1.29506e+06 1.29678e+06 1.29833e+06 1.29954e+06 1.30087e+06 1.30223e+06 1.30347e+06 1.30457e+06 1.30563e+06 1.30663e+06 1.30668e+06 1.30702e+06 1.30716e+06 1.31186e+06 1.31582e+06 1.32154e+06 1.3223e+06 1.32369e+06 1.32369e+06 1.32166e+06 1.32402e+06 1.3253e+06 1.32639e+06 1.32731e+06 1.32821e+06 1.32997e+06 1.33088e+06 1.33205e+06 1.33427e+06 1.33617e+06 1.33812e+06 1.33985e+06 1.3409e+06 1.34191e+06 1.34287e+06 1.34406e+06 1.34547e+06 1.34704e+06 1.34844e+06 1.35023e+06 1.35151e+06 1.35281e+06 1.35372e+06 1.35528e+06 1.35647e+06 1.35764e+06 1.35879e+06 1.36015e+06 1.36149e+06 1.36269e+06 1.36424e+06 1.36552e+06 1.36626e+06 1.36895e+06 1.37037e+06 1.37421e+06 1.37839e+06 1.37979e+06 1.38253e+06 1.37835e+06 1.37361e+06 1.36815e+06 1.36653e+06 1.36653e+06 1.36803e+06 1.36989e+06 1.37314e+06 1.37513e+06 1.37738e+06 1.37773e+06 1.37879e+06 1.37912e+06 1.37857e+06 1.37954e+06 1.38017e+06 1.38092e+06 1.38179e+06 1.3822e+06 1.38285e+06 1.38304e+06 1.38339e+06 1.38358e+06 1.38423e+06 1.38469e+06 1.38516e+06 1.38565e+06 1.38598e+06 1.38596e+06 1.38601e+06 1.38614e+06 1.38633e+06 1.38713e+06 1.38841e+06 1.39023e+06 1.39251e+06 1.39089e+06 1.38639e+06 1.38052e+06 1.37348e+06 1.36771e+06 1.36682e+06 1.36615e+06 1.36575e+06 1.36558e+06 1.36548e+06 1.36528e+06 1.36507e+06 1.36486e+06 1.36391e+06 1.36257e+06 1.36146e+06 1.36052e+06 1.35885e+06 1.35699e+06 1.35498e+06 1.35322e+06 1.35158e+06 1.34956e+06 1.34747e+06 1.34559e+06 1.34413e+06 1.3418e+06 1.3395e+06 1.33706e+06 1.33469e+06 1.33261e+06 1.3304e+06 1.32805e+06 1.32722e+06 1.32346e+06 1.32517e+06 1.32065e+06 1.31955e+06 1.30064e+06 1.28691e+06 1.27791e+06 1.28043e+06 1.2691e+06 1.26454e+06 1.26042e+06 1.26309e+06 1.25944e+06 1.25532e+06 1.25279e+06 1.25183e+06 1.2488e+06 1.24554e+06 1.24107e+06 1.23767e+06 1.23427e+06 1.23102e+06 1.22881e+06 1.22454e+06 1.22116e+06 1.218e+06 1.21599e+06 1.2125e+06 1.20831e+06 1.20496e+06 1.20033e+06 1.19495e+06 1.18826e+06 1.18048e+06 1.17234e+06 1.16715e+06 1.16224e+06 1.16302e+06 1.15869e+06 1.15542e+06 1.15143e+06 1.14778e+06 1.14375e+06 1.13989e+06 1.13608e+06 1.13374e+06 1.1285e+06 1.12482e+06 1.12277e+06 1.12043e+06 1.11517e+06 1.11137e+06 1.10597e+06 1.10244e+06 1.09893e+06 1.09733e+06 1.09379e+06 1.09025e+06 1.0852e+06 1.08157e+06 1.07789e+06 1.07438e+06 1.07276e+06 1.06927e+06 1.06566e+06 1.06031e+06 1.05697e+06 1.0538e+06 1.05063e+06 1.04938e+06 1.04598e+06 1.04106e+06 1.03765e+06 1.03425e+06 1.03083e+06 1.02755e+06 1.02621e+06 1.02302e+06 1.01979e+06 1.0145e+06 1.01173e+06 1.00904e+06 1.00631e+06 1.00562e+06 1.00263e+06 999723 994747 991775 988828 986002 983268 980651 978045 977651 972956 970345 967716 965265 962736 960211 959149 956151 951014 948015 945032 942197 939641 937885 936048 934190 934029 929612 927328 925236 923211 921269 919580 918189 916702 917017 914930 910549 908356 906588 904827 903114 901738 900447 899057 899313 897246 895286 891018 889433 887859 886479 885989 885380 884634 883259 881584 879697 878453 876050 870355 869183 868917 868621 868280 867910 867509 867220 867237 867192 868969 868369 867724 867122 866764 863884 863567 864157 864872 865526 865598 865455 865324 865743 866525 867263 867487 867146 866803 868683 869500 870348 871151 870490 869769 869025 867178 867345 867594 868308 868935 869458 870171 870951 871805 872407 872913 873359 873688 873997 874329 874929 875671 876383 876684 876657 876636 876679 876780 876862 876904 876912 876932 876948 876923 876889 876983 877571 878158 878653 878613 878570 878551 879089 879630 880158 880000 879806 879601 879810 880078 880340 880303 880174 880026 880086 880234 880374 880841 881502 882181 882479 882439 882383 882579 883100 883637 883934 883785 883619 883658 884315 884988 885559 885638 885688 885779 886654 887554 888448 888818 889143 892278 892621 892965 893294 893899 894533 895207 892839 892753 892619 892543 892555 892566 891922 890299 888683 887370 886929 886488 885964 884876 886628 885591 884753 883899 883081 879101 878533 878024 877491 876910 876326 876442 877228 878213 879407 882038 883258 879011 869092 858285 847469 845304 843922 843290 843233 843375 843706 845733 844634 843427 836993 837066 837276 837065 835387 833668 832017 831721 837012 836543 831584 830798 829999 828658 826871 824941 823348 822704 826430 821578 820825 820093 819405 818429 817374 816290 815045 817562 816109 810029 809883 809910 810111 810040 809916 814349 809854 809630 809225 808660 808393 808502 808988 812728 812962 812788 805823 804385 803359 802724 806531 806161 806310 803079 806647 811020 815933 820672 829354 833930 834422 839774 845339 850499 855647 859578 858157 852853 839121 822369 804973 794006 779178 764697 735740 725139 716646 722260 717034 721530 708447 695370 691420 695735 688344 695662 703767 712931 723529 743048 754518 764425 775519 790072 806220 820929 823174 822904 820118 814528 806107 796571 782256 744083 726129 709863 711965 692839 687762 683480 680081 682791 680388 678526 671681 670126 673809 672024 662663 659071 655427 658230 647896 644784 642335 640470 645237 644272 648564 643056 637731 641823 641371 640695 635154 634421 638492 637376 630573 628613 626590 628944 619969 615991 612091 614496 606202 604626 602980 601209 599355 597408 595298 592957 590494 589327 589306 590431 592666 601861 612417 620919 627090 625820 611004 596059 581471 566758 562312 557887 553592 549286 546904 545107 543356 541593 544327 537442 535302 533097 536053 528879 526972 525042 528276 526215 516623 513684 517515 514666 512155 504144 507085 509735 502228 499754 492208 488957 485842 482762 485897 477331 474810 472251 475426 472581 464147 461290 464127 461467 458920 451090 447877 444545 441382 444200 435196 432012 428902 431726 429336 427879 421590 418832 415188 411767 408678 405941 403128 400252 403883 401568 400278 394543 392143 389095 386136 383170 386042 389114 392107 394406 396890 390316 387814 377455 373289 369324 374726 372302 370935 363742 361444 358884 356514 360382 358273 356264 349406 346354 343027 339819 342823 340380 333903 331785 328747 325531 322514 324737 322004 319184 311675 307536 303596 299835 302786 300599 298423 291478 289531 287560 285629 282882 280250 277864 281341 274306 272504 270628 268483 266189 263820 267648 268061 265333 266398 268037 269388 270135 269688 269444 269408 269642 262487 259603 256624 253457 250430 247372 244301 241181 245006 242289 233725 231138 228862 226465 224009 221378 218797 216211 218996 217320 215558 209518 207102 204692 202443 200710 198953 197116 194682 192306 190105 193029 191332 185493 183765 181975 180214 178443 176727 174982 173202 171257 169397 172154 170836 169500 168149 166468 160732 158900 157424 155963 154507 152968 151431 149864 148562 147374 146162 144684 143028 141396 144096 142948 141789 140571 139450 138284 137131 132235 130636 129040 127724 126383 125059 123709 122377 121018 119895 118781 117666 116520 115384 114220 113192 112204 111216 110195 109179 108139 107168 106237 105310 104365 103442 102496 101542 100526 99520 98505.2 97547.5 96564.6 95587.8 94577.6 93576.3 92553.4 91601.1 90625.1 89657.5 88670.5 87692.3 86690.2 85754.2 84804.4 83864.5 82928.8 82008.3 81065.5 80120.3 79146 78178.4 77225.3 76305.9 75366.1 74453.2 73532 72617.5 71701.8 70824.1 69930 69057.8 68182.8 67315.6 66446.2 65637.4 64813.5 64002.6 63179.9 62364.9 61534.6 60757.2 59962.8 59177.7 58484.1 57807.6 59578.4 58845.5 58091.1 57352 56732 56146.1 55555.3 54207.3 53628 52989.3 52330.6 51687.5 50989.9 50293 49599.9 48889.5 48158 47466.5 46746.3 46028.3 45328.2 46640.8 45964.4 45381.6 44788.6 44218.8 43060.7 42517.6 41886.9 41289.5 40666.2 40002.7 39362.9 38769.1 38142.7 37563.5 38627.9 38121.1 36781.9 36407.2 35936.4 35391.2 34895.2 34357.2 33758.5 33241.7 32707.3 32157 33087.9 32632.4 32158.9 31084.9 30678.8 30185.7 29639.4 29175.3 28657.6 28109.1 27672.6 28504.8 28068.7 26695.8 26235.7 25675.2 25118.5 24607.4 24046.3 23507.4 23061.7 24152.8 22648.7 22411.5 22089.5 21692.2 21322.2 20952.6 20542 20169.4 21053.4 20735.9 19996.1 19817.1 19546.1 19190.9 18894.7 18587.4 19068.8 18146.9 17944.3 17632.8 17244.1 16972.8 16668.4 16340.8 17136.9 16848.2 16542.8 16091.9 15884.7 15591 15216.1 15712.7 15483.6 15247.3 14777.1 14609.8 14369.2 14082.9 13806.2 14110 27173.5 61752.3 118294 182098 238063 234685 249672 251747 256163 257532 258726 260065 259623 261546 261964 259951 258971 258273 258594 259197 259176 261166 262698 263642 263777 265927 267439 268754 269916 270956 272170 273118 273712 274619 274918 275102 275413 276357 277268 278117 278630 278517 278668 279256 279828 280482 281042 281694 281992 282392 282788 283165 283552 283888 284232 284712 285031 285185 285622 286183 286819 287467 288169 288649 289329 290150 291138 290345 290094 290107 290492 290852 292200 292935 293557 294238 294846 295378 295993 296484 297034 297563 298184 298699 299269 299816 300426 300918 301481 302008 302516 302982 303399 303806 304216 304614 305265 305953 306702 307486 307702 307605 307446 307232 307235 307769 308340 308931 309560 310152 310739 311316 311903 312410 312881 313341 313803 314159 314588 314942 315300 315611 315929 316218 316518 316834 317123 317341 317611 317932 318214 318466 318724 319013 319284 319555 319809 320050 320324 320610 320916 321219 321495 321772 322069 322389 322675 322909 323203 323571 323887 324183 324477 324806 325140 325461 325848 326127 326537 326947 327529 327723 327829 328560 328522 328252 327666 326782 326037 326096 326186 327254 327311 327581 328123 328351 328553 328764 328992 329309 329518 329854 330322 330724 330938 331223 331459 331773 332083 332415 332667 332864 332981 333144 333299 333456 333723 333792 333803 333694 333754 333817 333864 333930 333858 333678 333556 333460 333358 333243 333099 332892 332633 332309 332155 332009 331857 331661 331425 331195 330945 330794 330653 330525 330218 329859 329477 328905 328821 328477 328145 327842 327535 327234 326831 326473 325893 325529 325162 324807 324443 324057 323658 323259 322885 322271 321729 321184 320606 320013 319364 318676 317956 317456 316761 315506 314777 313893 312960 312015 310758 309398 307988 306380 304155 301935 300307 297561 294742 291858 288272 284721 281088 276799 272461 268261 263862 259662 255548 251691 248035 244469 241316 238841 236382 234345 233222 232166 231264 231125 231097 231077 231085 231100 231116 231126 231136 231148 231177 231209 231241 231254 231256 231258 231261 231266 231270 231278 231249 231221 231191 231161 231129 231097 231033 230974 230915 230867 230818 230773 230740 230711 230683 230729 230789 230849 230943 231050 231162 231255 231337 231415 231670 232060 232458 232705 232788 232869 232988 233167 233349 233471 233448 233428 233397 233326 233254 233174 233038 232903 232736 231954 
        </DataArray>
        <DataArray type="Float64" Name="Temperature" format="ascii">
1136.27 1132.06 1126.01 1120 1113.92 1108.39 1102.83 1097.36 1097.24 1098.47 1099.63 1100.06 1100.16 1100.15 1100.59 1101.44 1102.44 1101.88 1100.1 1098.7 1099.14 1101.5 1103.92 1078.83 1004.13 932.713 836.425 670.826 499.444 356.804 357.473 358.429 359.765 361.741 363.68 365.515 367.346 369.201 375.584 377.223 378.872 380.449 382.153 383.795 385.447 381.944 384.158 386.42 388.45 390.127 391.786 393.522 395.487 397.413 399.342 401.171 403.012 404.837 406.859 413.614 415.51 417.111 418.712 420.275 416.702 418.781 420.995 422.793 424.437 426.036 427.719 429.429 431.17 432.823 439.124 440.683 437.529 439.381 441.291 443.182 444.852 446.474 448.102 449.967 451.93 453.891 459.919 461.432 462.909 459.504 461.615 463.804 465.981 467.7 469.405 471.047 472.876 479.503 481.329 478.025 480.014 482.098 484.051 485.749 487.435 489.111 490.924 497.481 494.206 496.084 498.174 500.411 502.313 504.05 505.825 507.409 513.072 514.438 510.99 513.077 515.329 517.674 519.592 521.39 527.715 524.783 526.899 529.24 531.661 533.206 534.722 536.16 542.112 543.698 545.267 541.902 544.396 547.084 549.951 555.556 557.142 558.738 556.046 558.281 560.733 563.039 564.413 569.586 571.224 568.493 570.966 573.586 575.998 581.332 582.852 584.518 582.224 584.427 586.8 588.886 593.863 595.121 596.85 594.432 596.965 599.592 605.732 607.314 612.866 610.489 608.108 610.289 616.917 614.941 616.656 618.402 620.235 621.904 626.797 628.085 630.166 627.56 630.025 632.456 634.986 637.214 639.564 641.958 643.94 648.7 649.846 651.763 649.395 651.842 654.284 661.478 659.272 661.638 664.004 666.261 672.855 674.616 676.79 673.853 676.512 684.924 687.402 683.57 686.779 690.246 698.288 696.009 697.572 699.787 702.728 702.173 701.126 702.877 701.532 700.281 705.601 707.269 709.099 707.308 709.149 714.589 716.096 714.43 715.818 717.111 721.633 720.107 721.639 723.057 727.68 726.054 727.702 729.093 730.273 731.904 734.914 737.781 740.6 743.292 746.564 750.031 753.808 757.772 761.226 762.513 763.784 764.957 759.596 760.953 762.225 763.368 764.423 766.574 768.571 770.367 772.022 773.916 775.988 777.875 779.642 784.775 783.644 785.812 787.912 792.825 791.921 793.468 794.956 798.728 800.162 799.23 800.583 804.128 805.356 806.689 805.645 808.967 813.678 811.603 813.874 812.001 814.337 816.564 818.756 823.916 822.863 824.479 825.917 829.712 831.18 830.258 831.567 834.836 836.565 839.219 837.303 840.291 843.2 845.843 855.661 852.892 858.806 864.107 876.217 877.132 877.128 876.695 876.433 875.982 875.342 874.533 873.585 873.381 873.55 876.151 877.661 879.277 877.423 879.241 881.27 883.28 885.337 891.08 890.326 892.651 897.798 905.584 902.411 905.752 902.593 907.262 912.169 924.479 927.455 928.72 927.66 928.304 928.531 928.53 929.833 927.937 925.983 922.727 922.647 923.496 924.654 928.199 929.749 928.873 930.236 931.632 933.115 934.63 938.514 939.574 940.533 939.576 940.504 941.492 942.577 945.865 946.777 947.666 946.703 947.598 948.639 949.793 951.796 953.866 955.881 960.459 958.995 960.738 962.676 965.101 967.598 970.085 974.044 974.742 975.806 976.311 976.639 980.216 981.401 982.555 983.754 984.99 986.275 987.48 988.686 989.816 990.945 995.394 996.489 990.237 990.774 993.274 994.122 992.847 993.817 995.523 997.24 998.88 1000.42 1001.91 1003.45 1007.06 1008.62 1010.11 1009.57 1011.01 1012.42 1013.76 1015.02 1016.28 1017.59 1019.32 1021.08 1022.78 1026.35 1027.86 1027.64 1028.83 1029.8 1030.76 1031.99 1033.48 1034.96 1036.32 1037.49 1038.66 1041.73 1043.1 1044.5 1045.84 1047.24 1046.55 1047.98 1049.15 1050.3 1051.42 1052.85 1054.35 1055.83 1057.11 1058.29 1059.46 1060.69 1061.94 1063.18 1065.94 1066.97 1067.98 1069.05 1070.34 1071.66 1072.92 1071.47 1072.77 1074.07 1075.12 1076.18 1077.22 1078.57 1079.9 1081.22 1082.29 1083.32 1084.33 1085.51 1086.71 1087.91 1088.9 1089.81 1090.69 1091.67 1092.69 1093.72 1094.64 1095.48 1096.3 1097.17 1098.08 1098.99 1099.93 1101 1102.05 1103.05 1103.85 1104.66 1105.47 1106.47 1107.44 1108.42 1109.22 1110.03 1110.82 1111.82 1112.8 1113.81 1114.73 1115.67 1116.58 1117.64 1118.71 1119.8 1121.02 1122.33 1123.61 1124.73 1125.72 1126.72 1127.77 1128.89 1129.99 1130.99 1131.84 1132.7 1133.56 1134.5 1135.41 1136.27 1136.93 1137.6 1138.26 1139.01 1139.75 1140.48 1140.95 1141.4 1141.84 1142.41 1142.97 1145.77 1146.35 1146.95 1147.54 1148.07 1148.59 1149.13 1148.53 1149.19 1149.84 1150.51 1151.17 1151.85 1152.61 1153.55 1154.49 1155.43 1156.32 1157.22 1158.15 1159.28 1160.95 1162.01 1162.99 1164.04 1165.06 1165.29 1165.95 1166.61 1167.15 1167.66 1168.14 1168.49 1168.73 1168.93 1169.34 1171.14 1171.84 1172.88 1173.62 1174.23 1174.67 1175.16 1175.55 1175.86 1176.15 1176.38 1176.53 1178 1178.47 1178.95 1178.74 1179.3 1179.8 1180.29 1180.9 1181.51 1182.09 1182.74 1184.37 1184.98 1184.81 1185.37 1185.92 1186.5 1187.11 1187.76 1188.4 1189.03 1189.97 1190.24 1190.72 1191.2 1191.69 1192.17 1192.64 1193.11 1193.68 1194.77 1195.46 1196.04 1196.48 1196.92 1197.34 1197.83 1198.38 1198.73 1199.35 1199.77 1200.16 1200.52 1200.83 1201.11 1201.35 1202.55 1202.87 1203.23 1203.24 1203.84 1204.35 1204.81 1206.29 1206.9 1207.57 1207.28 1207.81 1208.27 1208.64 1208.94 1210.33 1210.74 1210.03 1210.24 1210.26 1210.1 1211.56 1211.23 1211.27 1210.08 1210.31 1210.3 1210.23 1212.85 1213.09 1213.86 1214.02 1215.32 1216.55 1219.01 1220.21 1222.07 1221.79 1221.16 1218.4 1214.86 1213.67 1215.93 1217.21 1217.53 1217.18 1219.48 1219.28 1219.66 1218.22 1219.5 1220.98 1222.33 1222.5 1222.59 1222.59 1222.65 1224.43 1224.8 1225.29 1225.36 1225.85 1226.23 1227.34 1227.08 1227.43 1227.64 1227.75 1228.99 1229.29 1229.67 1229.58 1229.82 1230.44 1231.1 1231.17 1232.37 1233.5 1234.46 1236.9 1237.12 1236.07 1233.72 1232.85 1232.85 1233.01 1233.5 1234.34 1234.59 1235.15 1235.11 1235.44 1235.47 1235.11 1235.2 1235.43 1235.49 1235.68 1235.49 1235.76 1235.7 1235.71 1235.57 1235.75 1235.75 1235.77 1235.81 1235.79 1235.65 1235.55 1235.49 1235.44 1235.52 1235.74 1236.08 1236.56 1236.26 1235.31 1233.97 1232.28 1230.79 1230.36 1230.05 1229.85 1229.77 1229.61 1229.45 1229.32 1229.22 1228.89 1228.47 1228.12 1227.85 1227.32 1226.86 1226.3 1225.82 1225.33 1224.81 1224.23 1223.72 1223.27 1222.64 1222.03 1221.36 1220.68 1220.1 1219.48 1218.84 1218.57 1217.49 1218.63 1217.9 1218.4 1212.61 1208.51 1205.96 1206.99 1203.85 1202.61 1201.5 1202.21 1201.21 1200.08 1199.38 1199.09 1198.25 1197.33 1196.11 1195.15 1194.19 1193.27 1192.61 1191.42 1190.45 1189.55 1188.97 1187.98 1186.8 1185.84 1184.61 1183.21 1181.4 1179.25 1176.91 1175.42 1174.03 1174.22 1172.97 1172.02 1170.91 1169.87 1168.72 1167.62 1166.54 1165.92 1164.37 1163.32 1162.78 1162.15 1160.6 1159.51 1157.9 1156.87 1155.85 1155.42 1154.38 1153.35 1151.82 1150.74 1149.64 1148.59 1148.14 1147.1 1146.02 1144.36 1143.35 1142.39 1141.42 1141.08 1140.05 1138.5 1137.46 1136.42 1135.36 1134.34 1133.96 1132.97 1131.97 1130.26 1129.39 1128.53 1127.66 1127.45 1126.52 1125.6 1123.95 1122.99 1122.04 1121.12 1120.23 1119.36 1118.5 1118.48 1116.83 1115.98 1115.12 1114.31 1113.47 1112.61 1112.32 1111.34 1109.57 1108.58 1107.59 1106.64 1105.78 1105.19 1104.56 1103.92 1103.93 1102.38 1101.61 1100.91 1100.23 1099.57 1099 1098.52 1098.02 1098.19 1097.49 1095.93 1095.2 1094.6 1094.01 1093.43 1092.95 1092.5 1092.01 1092.14 1091.42 1090.73 1089.18 1088.61 1088.05 1087.54 1087.33 1087.07 1086.76 1086.27 1085.66 1084.96 1084.51 1083.65 1081.59 1081.16 1081.05 1080.93 1080.8 1080.66 1080.51 1080.39 1080.39 1080.36 1080.99 1080.78 1080.56 1080.34 1080.21 1079.17 1079.06 1079.27 1079.52 1079.75 1079.78 1079.73 1079.69 1079.84 1080.12 1080.39 1080.47 1080.36 1080.25 1080.94 1081.26 1081.58 1081.89 1081.68 1081.45 1081.21 1080.56 1080.64 1080.76 1081.02 1081.25 1081.44 1081.69 1081.97 1082.27 1082.47 1082.63 1082.77 1082.86 1082.94 1083.02 1083.2 1083.41 1083.62 1083.68 1083.62 1083.56 1083.53 1083.52 1083.5 1083.46 1083.42 1083.39 1083.35 1083.31 1083.26 1083.25 1083.43 1083.6 1083.73 1083.68 1083.63 1083.59 1083.73 1083.87 1084.01 1083.91 1083.78 1083.66 1083.67 1083.7 1083.73 1083.64 1083.53 1083.4 1083.35 1083.32 1083.29 1083.38 1083.53 1083.69 1083.72 1083.62 1083.53 1083.52 1083.62 1083.73 1083.76 1083.64 1083.51 1083.45 1083.61 1083.78 1083.91 1083.87 1083.82 1083.79 1084.02 1084.27 1084.51 1084.57 1084.61 1085.67 1085.72 1085.76 1085.79 1085.92 1086.05 1086.19 1085.27 1085.17 1085.04 1084.94 1084.86 1084.79 1084.49 1083.85 1083.21 1082.68 1082.45 1082.21 1081.95 1081.48 1082.11 1081.68 1081.31 1080.92 1080.53 1079.06 1078.8 1078.56 1078.32 1078.06 1077.79 1077.77 1077.98 1078.25 1078.58 1079.51 1079.87 1074.28 1069.72 1065 1060.46 1058.94 1057.82 1057.08 1056.61 1056.3 1056.16 1060.64 1059.86 1059.13 1055.94 1056.32 1056.65 1056.74 1056.18 1055.5 1054.73 1054.47 1057.41 1057.09 1054.43 1054.18 1053.88 1053.38 1052.68 1051.85 1051.09 1050.68 1052.97 1050.26 1050.05 1049.81 1049.53 1049.15 1048.67 1048.11 1047.45 1049.22 1048.48 1045.86 1045.91 1045.98 1046.07 1046.03 1045.87 1047.84 1045.79 1045.88 1045.81 1045.61 1045.46 1045.39 1045.39 1047.71 1047.66 1047.3 1044.76 1044.35 1043.97 1043.63 1045.71 1045.47 1045.31 1043.99 1045.38 1046.99 1048.74 1050.39 1054.06 1055.54 1055.58 1057.52 1059.47 1061.25 1063.58 1064.95 1064.42 1057.54 1051.86 1045.33 1038.62 1037.17 1031.09 1025.49 1014.29 1010.23 1006.69 1009.76 1007.4 1010.62 1003.81 998.392 996.735 998.895 995.224 998.276 1001.56 1005.18 1009.27 1017.51 1021.75 1025.56 1029.78 1035.5 1041.7 1046.31 1045.98 1044.97 1043.33 1040.79 1039.71 1035.66 1030.06 1015.28 1008.48 1002.01 1003.63 995.197 993.136 991.26 989.654 991.545 990.199 989.392 986.453 985.864 987.834 986.943 982.759 981.338 979.801 981.363 976.559 975.258 974.176 973.279 975.818 975.214 977.983 974.793 972.248 974.344 973.943 973.751 971.217 970.894 972.86 972.305 969.252 968.438 967.523 968.798 964.66 962.965 961.256 962.573 958.687 958.069 957.387 956.616 955.839 955.089 954.241 953.266 952.211 951.832 951.993 952.7 953.931 958.109 962.856 966.757 969.687 969.321 962.804 956.177 949.656 943.027 941.155 939.207 937.217 935.121 934.112 933.454 932.716 931.875 933.567 929.998 929.038 927.984 929.67 925.962 925.09 924.158 925.896 924.88 919.972 918.521 920.567 919.121 917.895 913.717 915.314 916.886 912.815 911.572 907.567 905.848 904.206 902.585 904.33 899.695 898.35 896.986 898.768 897.248 892.619 891.081 892.694 891.258 889.882 885.509 883.702 881.822 880.043 881.708 876.518 874.682 872.892 874.571 873.212 872.37 868.659 867.011 864.825 862.787 860.963 859.291 857.563 855.807 858.046 856.697 855.947 852.339 850.85 848.941 847.089 845.232 847.224 852.404 855.419 854.92 855.336 851.74 850.05 843.847 841.05 838.482 841.752 840.222 839.206 834.666 833.076 831.343 829.773 832.242 830.846 829.471 825.002 822.896 820.609 818.431 820.452 818.773 814.338 812.845 810.679 808.388 806.252 807.802 805.813 803.747 798.352 795.243 792.298 789.506 791.714 789.998 788.301 783.026 781.472 779.911 778.392 776.195 774.097 772.212 774.932 769.327 767.851 766.321 764.528 762.63 760.691 764.526 766.689 769.211 769.882 769.556 769.469 769.187 767.876 767.05 766.731 767.268 761.759 759.326 756.742 754.002 751.433 748.809 746.122 743.444 746.569 744.111 736.815 734.429 732.256 730.002 727.732 725.252 722.816 720.401 722.841 721.128 719.373 713.737 711.295 708.883 706.64 704.84 703.037 701.172 698.65 696.205 693.958 696.739 694.895 688.964 687.047 685.065 683.133 681.178 679.261 677.326 675.345 673.141 671.049 674.045 672.495 670.929 669.366 667.412 660.975 658.819 657.017 655.232 653.469 651.575 649.679 647.759 646.136 644.637 643.118 641.245 639.13 637.055 640.346 638.824 637.303 635.711 634.198 632.636 631.1 624.802 622.622 620.449 618.567 616.657 614.782 612.832 610.912 608.959 607.284 605.614 603.953 602.22 600.494 598.73 597.152 595.624 594.102 592.506 590.901 589.259 587.717 586.23 584.751 583.229 581.715 580.165 578.601 576.93 575.279 573.605 571.993 570.341 568.698 566.981 565.281 563.543 561.861 560.141 558.437 556.653 554.885 553.075 551.351 549.598 547.864 546.11 544.378 542.604 540.799 538.928 537.068 535.214 533.41 531.565 529.754 527.909 526.074 524.218 522.417 520.579 518.771 516.936 515.112 513.271 511.534 509.759 508.004 506.199 504.405 502.57 500.824 499.034 497.256 495.67 494.115 497.69 496.02 494.293 492.593 491.15 489.778 488.386 485.194 483.721 482.101 480.408 478.732 476.914 475.091 473.264 471.39 469.449 467.59 465.653 463.715 461.804 465.174 463.324 461.703 460.049 458.453 455.13 453.482 451.574 449.734 447.799 445.741 443.742 441.871 439.897 438.064 441.203 439.588 435.397 434.097 432.477 430.606 428.857 426.961 424.853 423.019 421.121 419.168 422.26 420.629 418.932 415.095 413.504 411.579 409.44 407.595 405.538 403.358 401.616 404.741 403 397.521 395.514 393.058 390.589 388.291 385.759 383.321 381.304 385.942 379.276 378.06 376.423 374.414 372.515 370.612 368.505 366.582 370.651 368.999 365.338 364.283 362.745 360.769 359.035 357.248 359.396 354.595 353.344 351.463 349.138 347.507 345.688 343.74 348.047 346.351 344.572 341.95 340.618 338.762 336.415 339.262 337.819 336.347 333.465 332.349 330.76 328.867 326.999 328.762 421.103 649.786 909.622 1155.99 1333.83 1321.5 1352.83 1355.69 1354.88 1348.81 1344.27 1338.44 1310.82 1299.93 1286.78 1267.66 1257.24 1250.25 1246.04 1246.3 1238.53 1247.55 1255.12 1254.45 1241.24 1252.79 1248.76 1246.12 1244.77 1242.58 1220.73 1219.98 1213.52 1216.13 1210.74 1209.31 1206.7 1202.19 1198.87 1196.88 1194.81 1182.78 1179.21 1172.55 1166.7 1156.15 1145.51 1128.11 1121.67 1110 1098.98 1089.56 1078.81 1072.54 1068.41 1068.1 1067.58 1066.64 1067.17 1068.37 1070.68 1073.45 1078.71 1085.9 1095.47 1104.31 1112.71 1110.34 1111.89 1109.17 1110.06 1108.58 1106.86 1104.8 1099.47 1095.01 1087.04 1076.37 1064.8 1057.12 1045.05 1033.17 1016.39 1009.11 998.032 988.017 974.722 971.153 965.627 961.356 958.202 956.598 956.804 957.327 958.185 959.34 961.453 963.833 966.559 969.542 973.373 976.997 980.027 982.366 984.374 986.672 989.252 992.03 995.097 998.032 1001.06 1004.08 1007.19 1010.42 1013.77 1016.99 1020.16 1025.1 1027.11 1030.72 1034.26 1039.62 1041.65 1045.68 1049.63 1055.28 1059.58 1061.69 1065.92 1072.04 1076.11 1080.63 1082.55 1089.08 1096.3 1097.67 1102.35 1104.28 1108.6 1112.6 1116.42 1122.03 1123.39 1126.46 1129.25 1132.93 1134.43 1135.36 1136.69 1138.29 1139.15 1139.74 1140.49 1141.17 1141.9 1142.66 1143.42 1144.25 1145.07 1145.91 1146.89 1147.31 1147.41 1148.23 1148.31 1148.25 1147.78 1146.93 1145.92 1145.67 1145.5 1146.03 1145.31 1144.71 1145.78 1145.5 1145.28 1145.18 1145.2 1144.28 1144.89 1144.74 1144.04 1141.34 1142.94 1142.23 1143.14 1142.86 1142.8 1142.2 1141.4 1140.27 1141.89 1141.36 1141.17 1141.32 1140.37 1139.37 1138.34 1140.27 1139.85 1139.68 1139.76 1138.35 1137.27 1138.59 1137.53 1136.77 1136.05 1135.42 1133 1130.94 1129.09 1130.42 1129 1127.86 1126.94 1123.88 1120.39 1117.69 1120.37 1117.97 1116.02 1114.59 1113.41 1112.46 1111.72 1101.25 1109.38 1107.47 1106.84 1108.69 1111.32 1114.62 1112.78 1115.57 1124.56 1127.26 1129.95 1132.77 1135.42 1136.79 1138.34 1140 1132.3 1139.56 1138.43 1137.82 1137.64 1137.99 1138.9 1140.2 1141.83 1139.5 1138.73 1141.58 1140.08 1136.84 1133.65 1130.71 1129.26 1128.61 1128.26 1126.68 1132 1136.71 1151.73 1154.34 1156.75 1158.29 1155.97 1154.44 1153.63 1150.86 1148.56 1146.96 1137.15 1131.74 1135.98 1129.71 1123.31 1117.57 1112 1106.67 1101.77 1097.97 1095.85 1093.94 1090.31 1089.03 1088.92 1089.93 1091.57 1089.15 1089.76 1092.41 1095.53 1098.72 1103.59 1108.65 1113.41 1117.01 1119.83 1122.3 1123.91 1124.72 1125.51 1124.66 1125.04 1125.49 1126.03 1126.47 1126.95 1127.47 1130.71 1131.08 1131.55 1131.85 1132.2 1132.59 1132.89 1133.2 1133.55 1133.83 1134.09 1134.35 1134.73 1135.15 1135.58 1136.05 1136.56 1137.05 1137.88 1138.98 1140.09 1141.03 1141.78 1142.52 1143.28 1144.07 1144.87 1145.49 1145.71 1145.93 1146.09 1146.02 1145.95 1145.85 1145.55 1145.26 1144.79 1140.56 
        </DataArray>
        <DataArray type="Float64" Name="Tau1" format="ascii">
0 0 0 0 0 0 0 0 0 0 0 0 0 0 0 0 0 0 0 0 0 0 0 0 0 0 0 0 0 0 0 0 0 0 0 0 0 0 0 0 0 0 0 0 0 0 0 0 0 0 0 0 0 0 0 0 0 0 0 0 0 0 0 0 0 0 0 0 0 0 0 0 0 0 0 0 0 0 0 0 0 0 0 0 0 0 0 0 0 0 0 0 0 0 0 0 0 0 0 0 0 0 0 0 0 0 0 0 0 0 0 0 0 0 0 0 0 0 0 0 0 0 0 0 0 0 0 0 0 0 0 0 0 0 0 0 0 0 0 0 0 0 0 0 0 0 0 0 0 0 0 0 0 0 0 0 0 0 0 0 0 0 0 0 0 0 0 0 0 0 0 0 0 0 0 0 0 0 0 0 0 0 0 0 0 0 0 0 0 0 0 0 0 0 0 0 0 0 0 0 0 0 0 0 0 0 0 0 0 0 0 0 0 0 0 0 0 0 0 0 0 0 0 0 0 0 0 0 0 0 0 0 0 0 0 0 0 0 0 0 0 0 0 0 0 0 0 0 0 0 0 0 0 0 0 0 0 0 0 0 0 0 0 0 0 0 0 0 0 0 0 0 0 0 0 0 0 0 0 0 0 0 0 0 0 0 0 0 0 0 0 0 0 0 0 0 0 0 0 0 0 0 0 0 0 0 0 0 0 0 0 0 0 0 0 0 0 0 0 0 0 0 0 0 0 0 0 0 0 0 0 0 0 0 0 0 0 0 0 0 0 0 0 0 0 0 0 0 0 0 0 0 0 0 0 0 0 0 0 0 0 0 0 0 0 0 0 0 0 0 0 0 0 0 0 0 0 0 0 0 0 0 0 0 0 0 0 0 0 0 0 0 0 0 0 0 0 0 0 0 0 0 0 0 0 0 0 0 0 0 0 0 0 0 0 0 0 0 0 0 0 0 0 0 0 0 0 0 0 0 0 0 0 0 0 0 0 0 0 0 0 0 0 0 0 0 0 0 0 0 0 0 0 0 0 0 0 0 0 0 0 0 0 0 0 0 0 0 0 0 0 0 0 0 0 0 0 0 0 0 0 0 0 0 0 0 0 0 0 0 0 0 0 0 0 0 0 0 0 0 0 0 0 0 0 0 0 0 0 0 0 0 0 0 0 0 0 0 0 0 0 0 0 0 0 0 0 0 0 0 0 0 0 0 0 0 0 0 0 0 0 0 0 0 0 0 0 0 0 0 0 0 0 0 0 0 0 0 0 0 0 0 0 0 0 0 0 0 0 0 0 0 0 0 0 0 0 0 0 0 0 0 0 0 0 0 0 0 0 0 0 0 0 0 0 0 0 0 0 0 0 0 0 0 0 0 0 0 0 0 0 0 0 0 0 0 0 0 0 0 0 0 0 0 0 0 0 0 0 0 0 0 0 0 0 0 0 0 0 0 0 0 0 0 0 0 0 0 0 0 0 0 0 0 0 0 0 0 0 0 0 0 0 0 0 0 0 0 0 0 0 0 0 0 0 0 0 0 0 0 0 0 0 0 0 0 0 0 0 0 0 0 0 0 0 0 0 0 0 0 0 0 0 0 0 0 0 0 0 0 0 0 0 0 0 0 0 0 0 0 0 0 0 0 0 0 0 0 0 0 0 0 0 0 0 0 0 0 0 0 0 0 0 0 0 0 0 0 0 0 0 0 0 0 0 0 0 0 0 0 0 0 0 0 0 0 0 0 0 0 0 0 0 0 0 0 0 0 0 0 0 0 0 0 0 0 0 0 0 0 0 0 0 0 0 0 0 0 0 0 0 0 0 0 0 0 0 0 0 0 0 0 0 0 0 0 0 0 0 0 0 0 0 0 0 0 0 0 0 0 0 0 0 0 0 0 0 0 0 0 0 0 0 0 0 0 0 0 0 0 0 0 0 0 0 0 0 0 0 0 0 0 0 0 0 0 0 0 0 0 0 0 0 0 0 0 0 0 0 0 0 0 0 0 0 0 0 0 0 0 0 0 0 0 0 0 0 0 0 0 0 0 0 0 0 0 0 0 0 0 0 0 0 0 0 0 0 0 0 0 0 0 0 0 0 0 0 0 0 0 0 0 0 0 0 0 0 0 0 0 0 0 0 0 0 0 0 0 0 0 0 0 0 0 0 0 0 0 0 0 0 0 0 0 0 0 0 0 0 0 0 0 0 0 0 0 0 0 0 0 0 0 0 0 0 0 0 0 0 0 0 0 0 0 0 0 0 0 0 0 0 0 0 0 0 0 0 0 0 0 0 0 0 0 0 0 0 0 0 0 0 0 0 0 0 0 0 0 0 0 0 0 0 0 0 0 0 0 0 0 0 0 0 0 0 0 0 0 0 0 0 0 0 0 0 0 0 0 0 0 0 0 0 0 0 0 0 0 0 0 0 0 0 0 0 0 0 0 0 0 0 0 0 0 0 0 0 0 0 0 0 0 0 0 0 0 0 0 0 0 0 0 0 0 0 0 0 0 0 0 0 0 0 0 0 0 0 0 0 0 0 0 0 0 0 0 0 0 0 0 0 0 0 0 0 0 0 0 0 0 0 0 0 0 0 0 0 0 0 0 0 0 0 0 0 0 0 0 0 0 0 0 0 0 0 0 0 0 0 0 0 0 0 0 0 0 0 0 0 0 0 0 0 0 0 0 0 0 0 0 0 0 0 0 0 0 0 0 0 0 0 0 0 0 0 0 0 0 0 0 0 0 0 0 0 0 0 0 0 0 0 0 0 0 0 0 0 0 0 0 0 0 0 0 0 0 0 0 0 0 0 0 0 0 0 0 0 0 0 0 0 0 0 0 0 0 0 0 0 0 0 0 0 0 0 0 0 0 0 0 0 0 0 0 0 0 0 0 0 0 0 0 0 0 0 0 0 0 0 0 0 0 0 0 0 0 0 0 0 0 0 0 0 0 0 0 0 0 0 0 0 0 0 0 0 0 0 0 0 0 0 0 0 0 0 0 0 0 0 0 0 0 0 0 0 0 0 0 0 0 0 0 0 0 0 0 0 0 0 0 0 0 0 0 0 0 0 0 0 0 0 0 0 0 0 0 0 0 0 0 0 0 0 0 0 0 0 0 0 0 0 0 0 0 0 0 0 0 0 0 0 0 0 0 0 0 0 0 0 0 0 0 0 0 0 0 0 0 0 0 0 0 0 0 0 0 0 0 0 0 0 0 0 0 0 0 0 0 0 0 0 0 0 0 0 0 0 0 0 0 0 0 0 0 0 0 0 0 0 0 0 0 0 0 0 0 0 0 0 0 0 0 0 0 0 0 0 0 0 0 0 0 0 0 0 0 0 0 0 0 0 0 0 0 0 0 0 0 0 0 0 0 0 0 0 0 0 0 0 0 0 0 0 0 0 0 0 0 0 0 0 0 0 0 0 0 0 0 0 0 0 0 0 0 0 0 0 0 0 0 0 0 0 0 0 0 0 0 0 0 0 0 0 0 0 0 0 0 0 0 0 0 0 0 0 0 0 0 0 0 0 0 0 0 0 0 0 0 0 0 0 0 0 0 0 0 0 0 0 0 0 0 0 0 0 0 0 0 0 0 0 0 0 0 0 0 0 0 0 0 0 0 0 0 0 0 0 0 0 0 0 0 0 0 0 0 0 0 0 0 0 0 0 0 0 0 0 0 0 0 0 0 0 0 0 0 0 0 0 0 0 0 0 0 0 0 0 0 0 0 0 0 0 0 0 0 0 0 0 0 0 0 0 0 0 0 0 0 0 0 0 0 0 0 0 0 0 0 0 0 0 0 0 0 0 0 0 0 0 0 0 0 0 0 0 0 0 0 0 0 0 0 0 0 0 0 0 0 0 0 0 0 0 0 0 0 0 0 0 0 0 0 0 0 0 0 0 0 0 0 0 0 0 0 0 0 0 0 0 0 0 0 0 0 0 0 0 0 0 0 0 0 0 0 0 0 0 0 0 0 0 0 0 0 0 0 0 0 0 0 0 0 0 0 0 0 0 0 0 0 0 0 0 0 0 0 0 0 0 0 0 0 0 0 0 0 0 0 0 0 0 0 0 0 0 0 0 0 0 0 0 0 0 0 0 0 0 0 0 0 0 0 0 0 0 0 0 0 0 0 0 0 0 0 0 0 0 0 0 0 0 0 0 0 0 0 0 0 0 0 0 0 0 0 0 0 0 0 0 0 0 0 0 0 0 0 0 0 0 0 0 0 0 0 0 0 0 0 0 0 0 0 0 0 0 0 0 0 0 0 0 0 0 0 0 0 0 0 0 0 0 0 0 0 0 0 0 0 0 0 0 0 0 0 0 0 0 0 0 0 0 0 0 0 0 0 0 0 0 0 0 0 0 0 0 0 0 0 0 0 0 0 0 0 0 0 0 0 0 0 0 0 0 0 0 0 0 0 0 0 0 0 0 0 0 0 0 0 0 0 0 0 0 0 0 0 0 0 0 0 0 0 0 0 0 0 0 0 0 0 0 0 0 0 0 0 0 0 0 0 
        </DataArray>
        <DataArray type="Float64" Name="Tau2" format="ascii">
0 0 0 0 0 0 0 0 0 0 0 0 0 0 0 0 0 0 0 0 0 0 0 0 0 0 0 0 0 0 0 0 0 0 0 0 0 0 0 0 0 0 0 0 0 0 0 0 0 0 0 0 0 0 0 0 0 0 0 0 0 0 0 0 0 0 0 0 0 0 0 0 0 0 0 0 0 0 0 0 0 0 0 0 0 0 0 0 0 0 0 0 0 0 0 0 0 0 0 0 0 0 0 0 0 0 0 0 0 0 0 0 0 0 0 0 0 0 0 0 0 0 0 0 0 0 0 0 0 0 0 0 0 0 0 0 0 0 0 0 0 0 0 0 0 0 0 0 0 0 0 0 0 0 0 0 0 0 0 0 0 0 0 0 0 0 0 0 0 0 0 0 0 0 0 0 0 0 0 0 0 0 0 0 0 0 0 0 0 0 0 0 0 0 0 0 0 0 0 0 0 0 0 0 0 0 0 0 0 0 0 0 0 0 0 0 0 0 0 0 0 0 0 0 0 0 0 0 0 0 0 0 0 0 0 0 0 0 0 0 0 0 0 0 0 0 0 0 0 0 0 0 0 0 0 0 0 0 0 0 0 0 0 0 0 0 0 0 0 0 0 0 0 0 0 0 0 0 0 0 0 0 0 0 0 0 0 0 0 0 0 0 0 0 0 0 0 0 0 0 0 0 0 0 0 0 0 0 0 0 0 0 0 0 0 0 0 0 0 0 0 0 0 0 0 0 0 0 0 0 0 0 0 0 0 0 0 0 0 0 0 0 0 0 0 0 0 0 0 0 0 0 0 0 0 0 0 0 0 0 0 0 0 0 0 0 0 0 0 0 0 0 0 0 0 0 0 0 0 0 0 0 0 0 0 0 0 0 0 0 0 0 0 0 0 0 0 0 0 0 0 0 0 0 0 0 0 0 0 0 0 0 0 0 0 0 0 0 0 0 0 0 0 0 0 0 0 0 0 0 0 0 0 0 0 0 0 0 0 0 0 0 0 0 0 0 0 0 0 0 0 0 0 0 0 0 0 0 0 0 0 0 0 0 0 0 0 0 0 0 0 0 0 0 0 0 0 0 0 0 0 0 0 0 0 0 0 0 0 0 0 0 0 0 0 0 0 0 0 0 0 0 0 0 0 0 0 0 0 0 0 0 0 0 0 0 0 0 0 0 0 0 0 0 0 0 0 0 0 0 0 0 0 0 0 0 0 0 0 0 0 0 0 0 0 0 0 0 0 0 0 0 0 0 0 0 0 0 0 0 0 0 0 0 0 0 0 0 0 0 0 0 0 0 0 0 0 0 0 0 0 0 0 0 0 0 0 0 0 0 0 0 0 0 0 0 0 0 0 0 0 0 0 0 0 0 0 0 0 0 0 0 0 0 0 0 0 0 0 0 0 0 0 0 0 0 0 0 0 0 0 0 0 0 0 0 0 0 0 0 0 0 0 0 0 0 0 0 0 0 0 0 0 0 0 0 0 0 0 0 0 0 0 0 0 0 0 0 0 0 0 0 0 0 0 0 0 0 0 0 0 0 0 0 0 0 0 0 0 0 0 0 0 0 0 0 0 0 0 0 0 0 0 0 0 0 0 0 0 0 0 0 0 0 0 0 0 0 0 0 0 0 0 0 0 0 0 0 0 0 0 0 0 0 0 0 0 0 0 0 0 0 0 0 0 0 0 0 0 0 0 0 0 0 0 0 0 0 0 0 0 0 0 0 0 0 0 0 0 0 0 0 0 0 0 0 0 0 0 0 0 0 0 0 0 0 0 0 0 0 0 0 0 0 0 0 0 0 0 0 0 0 0 0 0 0 0 0 0 0 0 0 0 0 0 0 0 0 0 0 0 0 0 0 0 0 0 0 0 0 0 0 0 0 0 0 0 0 0 0 0 0 0 0 0 0 0 0 0 0 0 0 0 0 0 0 0 0 0 0 0 0 0 0 0 0 0 0 0 0 0 0 0 0 0 0 0 0 0 0 0 0 0 0 0 0 0 0 0 0 0 0 0 0 0 0 0 0 0 0 0 0 0 0 0 0 0 0 0 0 0 0 0 0 0 0 0 0 0 0 0 0 0 0 0 0 0 0 0 0 0 0 0 0 0 0 0 0 0 0 0 0 0 0 0 0 0 0 0 0 0 0 0 0 0 0 0 0 0 0 0 0 0 0 0 0 0 0 0 0 0 0 0 0 0 0 0 0 0 0 0 0 0 0 0 0 0 0 0 0 0 0 0 0 0 0 0 0 0 0 0 0 0 0 0 0 0 0 0 0 0 0 0 0 0 0 0 0 0 0 0 0 0 0 0 0 0 0 0 0 0 0 0 0 0 0 0 0 0 0 0 0 0 0 0 0 0 0 0 0 0 0 0 0 0 0 0 0 0 0 0 0 0 0 0 0 0 0 0 0 0 0 0 0 0 0 0 0 0 0 0 0 0 0 0 0 0 0 0 0 0 0 0 0 0 0 0 0 0 0 0 0 0 0 0 0 0 0 0 0 0 0 0 0 0 0 0 0 0 0 0 0 0 0 0 0 0 0 0 0 0 0 0 0 0 0 0 0 0 0 0 0 0 0 0 0 0 0 0 0 0 0 0 0 0 0 0 0 0 0 0 0 0 0 0 0 0 0 0 0 0 0 0 0 0 0 0 0 0 0 0 0 0 0 0 0 0 0 0 0 0 0 0 0 0 0 0 0 0 0 0 0 0 0 0 0 0 0 0 0 0 0 0 0 0 0 0 0 0 0 0 0 0 0 0 0 0 0 0 0 0 0 0 0 0 0 0 0 0 0 0 0 0 0 0 0 0 0 0 0 0 0 0 0 0 0 0 0 0 0 0 0 0 0 0 0 0 0 0 0 0 0 0 0 0 0 0 0 0 0 0 0 0 0 0 0 0 0 0 0 0 0 0 0 0 0 0 0 0 0 0 0 0 0 0 0 0 0 0 0 0 0 0 0 0 0 0 0 0 0 0 0 0 0 0 0 0 0 0 0 0 0 0 0 0 0 0 0 0 0 0 0 0 0 0 0 0 0 0 0 0 0 0 0 0 0 0 0 0 0 0 0 0 0 0 0 0 0 0 0 0 0 0 0 0 0 0 0 0 0 0 0 0 0 0 0 0 0 0 0 0 0 0 0 0 0 0 0 0 0 0 0 0 0 0 0 0 0 0 0 0 0 0 0 0 0 0 0 0 0 0 0 0 0 0 0 0 0 0 0 0 0 0 0 0 0 0 0 0 0 0 0 0 0 0 0 0 0 0 0 0 0 0 0 0 0 0 0 0 0 0 0 0 0 0 0 0 0 0 0 0 0 0 0 0 0 0 0 0 0 0 0 0 0 0 0 0 0 0 0 0 0 0 0 0 0 0 0 0 0 0 0 0 0 0 0 0 0 0 0 0 0 0 0 0 0 0 0 0 0 0 0 0 0 0 0 0 0 0 0 0 0 0 0 0 0 0 0 0 0 0 0 0 0 0 0 0 0 0 0 0 0 0 0 0 0 0 0 0 0 0 0 0 0 0 0 0 0 0 0 0 0 0 0 0 0 0 0 0 0 0 0 0 0 0 0 0 0 0 0 0 0 0 0 0 0 0 0 0 0 0 0 0 0 0 0 0 0 0 0 0 0 0 0 0 0 0 0 0 0 0 0 0 0 0 0 0 0 0 0 0 0 0 0 0 0 0 0 0 0 0 0 0 0 0 0 0 0 0 0 0 0 0 0 0 0 0 0 0 0 0 0 0 0 0 0 0 0 0 0 0 0 0 0 0 0 0 0 0 0 0 0 0 0 0 0 0 0 0 0 0 0 0 0 0 0 0 0 0 0 0 0 0 0 0 0 0 0 0 0 0 0 0 0 0 0 0 0 0 0 0 0 0 0 0 0 0 0 0 0 0 0 0 0 0 0 0 0 0 0 0 0 0 0 0 0 0 0 0 0 0 0 0 0 0 0 0 0 0 0 0 0 0 0 0 0 0 0 0 0 0 0 0 0 0 0 0 0 0 0 0 0 0 0 0 0 0 0 0 0 0 0 0 0 0 0 0 0 0 0 0 0 0 0 0 0 0 0 0 0 0 0 0 0 0 0 0 0 0 0 0 0 0 0 0 0 0 0 0 0 0 0 0 0 0 0 0 0 0 0 0 0 0 0 0 0 0 0 0 0 0 0 0 0 0 0 0 0 0 0 0 0 0 0 0 0 0 0 0 0 0 0 0 0 0 0 0 0 0 0 0 0 0 0 0 0 0 0 0 0 0 0 0 0 0 0 0 0 0 0 0 0 0 0 0 0 0 0 0 0 0 0 0 0 0 0 0 0 0 0 0 0 0 0 0 0 0 0 0 0 0 0 0 0 0 0 0 0 0 0 0 0 0 0 0 0 0 0 0 0 0 0 0 0 0 0 0 0 0 0 0 0 0 0 0 0 0 0 0 0 0 0 0 0 0 0 0 0 0 0 0 0 0 0 0 0 0 0 0 0 0 0 0 0 0 0 0 0 0 0 
        </DataArray>
        <DataArray type="Float64" Name="dTdn" format="ascii">
0 0 0 0 0 0 0 0 0 0 0 0 0 0 0 0 0 0 0 0 0 0 0 0 0 0 0 0 0 0 0 0 0 0 0 0 0 0 0 0 0 0 0 0 0 0 0 0 0 0 0 0 0 0 0 0 0 0 0 0 0 0 0 0 0 0 0 0 0 0 0 0 0 0 0 0 0 0 0 0 0 0 0 0 0 0 0 0 0 0 0 0 0 0 0 0 0 0 0 0 0 0 0 0 0 0 0 0 0 0 0 0 0 0 0 0 0 0 0 0 0 0 0 0 0 0 0 0 0 0 0 0 0 0 0 0 0 0 0 0 0 0 0 0 0 0 0 0 0 0 0 0 0 0 0 0 0 0 0 0 0 0 0 0 0 0 0 0 0 0 0 0 0 0 0 0 0 0 0 0 0 0 0 0 0 0 0 0 0 0 0 0 0 0 0 0 0 0 0 0 0 0 0 0 0 0 0 0 0 0 0 0 0 0 0 0 0 0 0 0 0 0 0 0 0 0 0 0 0 0 0 0 0 0 0 0 0 0 0 0 0 0 0 0 0 0 0 0 0 0 0 0 0 0 0 0 0 0 0 0 0 0 0 0 0 0 0 0 0 0 0 0 0 0 0 0 0 0 0 0 0 0 0 0 0 0 0 0 0 0 0 0 0 0 0 0 0 0 0 0 0 0 0 0 0 0 0 0 0 0 0 0 0 0 0 0 0 0 0 0 0 0 0 0 0 0 0 0 0 0 0 0 0 0 0 0 0 0 0 0 0 0 0 0 0 0 0 0 0 0 0 0 0 0 0 0 0 0 0 0 0 0 0 0 0 0 0 0 0 0 0 0 0 0 0 0 0 0 0 0 0 0 0 0 0 0 0 0 0 0 0 0 0 0 0 0 0 0 0 0 0 0 0 0 0 0 0 0 0 0 0 0 0 0 0 0 0 0 0 0 0 0 0 0 0 0 0 0 0 0 0 0 0 0 0 0 0 0 0 0 0 0 0 0 0 0 0 0 0 0 0 0 0 0 0 0 0 0 0 0 0 0 0 0 0 0 0 0 0 0 0 0 0 0 0 0 0 0 0 0 0 0 0 0 0 0 0 0 0 0 0 0 0 0 0 0 0 0 0 0 0 0 0 0 0 0 0 0 0 0 0 0 0 0 0 0 0 0 0 0 0 0 0 0 0 0 0 0 0 0 0 0 0 0 0 0 0 0 0 0 0 0 0 0 0 0 0 0 0 0 0 0 0 0 0 0 0 0 0 0 0 0 0 0 0 0 0 0 0 0 0 0 0 0 0 0 0 0 0 0 0 0 0 0 0 0 0 0 0 0 0 0 0 0 0 0 0 0 0 0 0 0 0 0 0 0 0 0 0 0 0 0 0 0 0 0 0 0 0 0 0 0 0 0 0 0 0 0 0 0 0 0 0 0 0 0 0 0 0 0 0 0 0 0 0 0 0 0 0 0 0 0 0 0 0 0 0 0 0 0 0 0 0 0 0 0 0 0 0 0 0 0 0 0 0 0 0 0 0 0 0 0 0 0 0 0 0 0 0 0 0 0 0 0 0 0 0 0 0 0 0 0 0 0 0 0 0 0 0 0 0 0 0 0 0 0 0 0 0 0 0 0 0 0 0 0 0 0 0 0 0 0 0 0 0 0 0 0 0 0 0 0 0 0 0 0 0 0 0 0 0 0 0 0 0 0 0 0 0 0 0 0 0 0 0 0 0 0 0 0 0 0 0 0 0 0 0 0 0 0 0 0 0 0 0 0 0 0 0 0 0 0 0 0 0 0 0 0 0 0 0 0 0 0 0 0 0 0 0 0 0 0 0 0 0 0 0 0 0 0 0 0 0 0 0 0 0 0 0 0 0 0 0 0 0 0 0 0 0 0 0 0 0 0 0 0 0 0 0 0 0 0 0 0 0 0 0 0 0 0 0 0 0 0 0 0 0 0 0 0 0 0 0 0 0 0 0 0 0 0 0 0 0 0 0 0 0 0 0 0 0 0 0 0 0 0 0 0 0 0 0 0 0 0 0 0 0 0 0 0 0 0 0 0 0 0 0 0 0 0 0 0 0 0 0 0 0 0 0 0 0 0 0 0 0 0 0 0 0 0 0 0 0 0 0 0 0 0 0 0 0 0 0 0 0 0 0 0 0 0 0 0 0 0 0 0 0 0 0 0 0 0 0 0 0 0 0 0 0 0 0 0 0 0 0 0 0 0 0 0 0 0 0 0 0 0 0 0 0 0 0 0 0 0 0 0 0 0 0 0 0 0 0 0 0 0 0 0 0 0 0 0 0 0 0 0 0 0 0 0 0 0 0 0 0 0 0 0 0 0 0 0 0 0 0 0 0 0 0 0 0 0 0 0 0 0 0 0 0 0 0 0 0 0 0 0 0 0 0 0 0 0 0 0 0 0 0 0 0 0 0 0 0 0 0 0 0 0 0 0 0 0 0 0 0 0 0 0 0 0 0 0 0 0 0 0 0 0 0 0 0 0 0 0 0 0 0 0 0 0 0 0 0 0 0 0 0 0 0 0 0 0 0 0 0 0 0 0 0 0 0 0 0 0 0 0 0 0 0 0 0 0 0 0 0 0 0 0 0 0 0 0 0 0 0 0 0 0 0 0 0 0 0 0 0 0 0 0 0 0 0 0 0 0 0 0 0 0 0 0 0 0 0 0 0 0 0 0 0 0 0 0 0 0 0 0 0 0 0 0 0 0 0 0 0 0 0 0 0 0 0 0 0 0 0 0 0 0 0 0 0 0 0 0 0 0 0 0 0 0 0 0 0 0 0 0 0 0 0 0 0 0 0 0 0 0 0 0 0 0 0 0 0 0 0 0 0 0 0 0 0 0 0 0 0 0 0 0 0 0 0 0 0 0 0 0 0 0 0 0 0 0 0 0 0 0 0 0 0 0 0 0 0 0 0 0 0 0 0 0 0 0 0 0 0 0 0 0 0 0 0 0 0 0 0 0 0 0 0 0 0 0 0 0 0 0 0 0 0 0 0 0 0 0 0 0 0 0 0 0 0 0 0 0 0 0 0 0 0 0 0 0 0 0 0 0 0 0 0 0 0 0 0 0 0 0 0 0 0 0 0 0 0 0 0 0 0 0 0 0 0 0 0 0 0 0 0 0 0 0 0 0 0 0 0 0 0 0 0 0 0 0 0 0 0 0 0 0 0 0 0 0 0 0 0 0 0 0 0 0 0 0 0 0 0 0 0 0 0 0 0 0 0 0 0 0 0 0 0 0 0 0 0 0 0 0 0 0 0 0 0 0 0 0 0 0 0 0 0 0 0 0 0 0 0 0 0 0 0 0 0 0 0 0 0 0 0 0 0 0 0 0 0 0 0 0 0 0 0 0 0 0 0 0 0 0 0 0 0 0 0 0 0 0 0 0 0 0 0 0 0 0 0 0 0 0 0 0 0 0 0 0 0 0 0 0 0 0 0 0 0 0 0 0 0 0 0 0 0 0 0 0 0 0 0 0 0 0 0 0 0 0 0 0 0 0 0 0 0 0 0 0 0 0 0 0 0 0 0 0 0 0 0 0 0 0 0 0 0 0 0 0 0 0 0 0 0 0 0 0 0 0 0 0 0 0 0 0 0 0 0 0 0 0 0 0 0 0 0 0 0 0 0 0 0 0 0 0 0 0 0 0 0 0 0 0 0 0 0 0 0 0 0 0 0 0 0 0 0 0 0 0 0 0 0 0 0 0 0 0 0 0 0 0 0 0 0 0 0 0 0 0 0 0 0 0 0 0 0 0 0 0 0 0 0 0 0 0 0 0 0 0 0 0 0 0 0 0 0 0 0 0 0 0 0 0 0 0 0 0 0 0 0 0 0 0 0 0 0 0 0 0 0 0 0 0 0 0 0 0 0 0 0 0 0 0 0 0 0 0 0 0 0 0 0 0 0 0 0 0 0 0 0 0 0 0 0 0 0 0 0 0 0 0 0 0 0 0 0 0 0 0 0 0 0 0 0 0 0 0 0 0 0 0 0 0 0 0 0 0 0 0 0 0 0 0 0 0 0 0 0 0 0 0 0 0 0 0 0 0 0 0 0 0 0 0 0 0 0 0 0 0 0 0 0 0 0 0 0 0 0 0 0 0 0 0 0 0 0 0 0 0 0 0 0 0 0 0 0 0 0 0 0 0 0 0 0 0 0 0 0 0 0 0 0 0 0 0 0 0 0 0 0 0 0 0 0 0 0 0 0 0 0 0 0 0 0 0 0 0 0 0 0 0 0 0 0 0 0 0 0 0 0 0 0 0 0 0 0 0 0 0 0 0 0 0 0 0 0 0 0 0 0 0 0 0 0 0 0 0 0 0 0 0 0 0 0 0 0 0 0 0 0 0 0 0 0 0 0 0 0 0 0 0 0 0 0 0 0 0 0 0 0 0 0 0 0 0 0 0 0 0 0 0 0 0 0 0 0 0 0 0 0 0 0 0 0 0 0 0 0 0 0 0 0 0 0 0 0 0 
        </DataArray>
        <DataArray type="Int32" Name="Rank" format="ascii">
6 6 6 6 6 6 6 6 6 6 6 6 6 6 6 6 6 6 6 6 6 6 6 6 6 6 6 6 6 6 6 6 6 6 6 6 6 6 6 6 6 6 6 6 6 6 6 6 6 6 6 6 6 6 6 6 6 6 6 6 6 6 6 6 6 6 6 6 6 6 6 6 6 6 6 6 6 6 6 6 6 6 6 6 6 6 6 6 6 6 6 6 6 6 6 6 6 6 6 6 6 6 6 6 6 6 6 6 6 6 6 6 6 6 6 6 6 6 6 6 6 6 6 6 6 6 6 6 6 6 6 6 6 6 6 6 6 6 6 6 6 6 6 6 6 6 6 6 6 6 6 6 6 6 6 6 6 6 6 6 6 6 6 6 6 6 6 6 6 6 6 6 6 6 6 6 6 6 6 6 6 6 6 6 6 6 6 6 6 6 6 6 6 6 6 6 6 6 6 6 6 6 6 6 6 6 6 6 6 6 6 6 6 6 6 3 3 3 3 3 3 3 3 3 3 3 3 3 3 3 3 3 3 3 3 3 3 3 3 3 3 3 3 3 3 3 3 3 5 5 5 5 3 3 3 3 3 3 3 3 3 3 3 3 3 3 3 3 3 3 3 3 3 3 3 3 3 3 3 3 3 3 3 3 3 3 3 3 3 3 3 3 3 3 3 3 3 3 3 3 3 3 3 3 3 3 3 3 3 3 3 3 3 3 3 3 3 3 3 3 3 3 3 3 3 3 3 3 3 3 3 3 3 3 3 3 3 3 3 3 3 3 3 3 3 6 6 6 6 6 6 6 6 6 6 6 6 6 6 6 6 6 6 6 6 6 6 6 6 6 6 6 6 6 6 6 6 6 6 6 6 6 6 6 6 6 6 5 5 5 5 5 5 5 5 5 5 5 5 3 3 3 3 3 3 3 3 3 3 3 3 3 3 3 3 3 3 3 3 3 3 3 3 3 3 3 3 3 3 3 3 3 3 3 3 3 3 3 3 3 3 3 3 3 3 3 3 3 3 3 3 3 3 3 3 3 3 3 3 3 3 3 3 3 3 3 3 3 3 3 3 3 3 3 3 6 6 6 6 6 6 6 6 6 6 6 6 6 6 6 6 6 6 6 6 6 6 6 6 6 6 6 6 6 6 6 6 6 6 6 6 6 6 6 6 6 6 6 6 6 6 6 6 6 6 6 6 6 6 6 6 6 6 6 6 6 6 6 6 6 6 6 6 6 6 6 6 6 6 6 6 6 6 6 6 6 6 6 6 6 6 6 6 6 6 6 6 6 6 6 6 6 6 6 6 6 6 6 6 6 6 6 6 6 6 6 6 6 6 6 6 6 6 6 6 6 6 6 6 6 6 6 6 6 6 6 6 6 6 6 6 6 6 6 6 6 6 6 6 6 6 6 6 6 6 6 6 6 6 6 6 6 6 6 6 6 6 6 6 6 6 6 6 6 6 6 6 6 6 6 6 6 6 6 6 6 6 6 6 6 6 6 6 6 6 6 6 6 6 6 6 6 6 6 6 6 6 6 6 6 6 6 6 6 6 6 6 6 6 6 6 6 6 6 6 6 6 6 6 6 6 6 6 6 6 6 6 6 6 6 6 6 6 6 6 6 6 6 6 6 6 6 6 6 6 6 6 6 6 6 6 6 6 6 6 6 6 6 6 6 6 6 6 6 6 6 6 6 6 6 6 6 6 6 6 6 6 6 6 6 6 6 6 6 6 6 6 6 6 6 6 6 6 6 6 6 6 6 6 6 6 6 6 6 6 6 6 6 6 6 6 6 6 6 6 6 6 6 6 6 6 6 6 6 6 6 6 6 6 6 6 6 6 6 6 6 6 6 6 6 6 6 6 6 6 6 6 6 6 6 6 6 6 6 6 6 6 6 6 6 6 6 6 6 6 6 6 6 6 6 6 6 6 6 6 6 6 6 6 6 6 6 6 6 6 6 6 6 6 6 6 6 6 6 6 6 6 6 6 6 6 6 6 6 6 6 6 6 6 6 6 6 6 6 6 6 6 6 6 6 6 6 6 6 6 6 6 6 6 6 6 6 6 6 6 6 6 6 6 6 6 6 6 6 6 6 6 6 6 6 6 6 6 6 6 6 6 6 6 6 6 6 6 6 6 6 6 6 6 6 6 6 6 6 6 6 6 6 6 6 6 6 6 6 6 6 6 6 6 6 6 6 6 6 6 8 8 8 8 8 8 8 8 8 8 8 8 8 8 8 8 8 8 8 8 8 8 8 8 8 8 8 8 8 8 8 8 8 8 8 8 8 8 8 8 8 8 8 8 8 8 8 8 8 8 8 8 8 8 8 8 8 8 8 8 8 8 8 8 8 8 8 8 8 8 8 8 8 8 8 8 8 8 8 8 8 8 8 8 8 8 8 8 8 8 8 8 8 8 8 8 8 8 8 8 8 8 8 8 8 8 8 8 8 8 8 8 8 8 8 8 8 8 8 8 8 8 8 8 8 8 8 8 8 8 8 8 8 8 8 8 8 8 8 8 8 8 8 8 8 8 8 8 8 8 8 8 8 8 8 8 8 8 8 8 8 8 8 8 8 8 8 8 8 8 8 8 8 8 8 8 8 8 8 8 8 8 8 8 8 8 8 8 8 8 8 8 8 8 8 8 8 8 8 8 8 8 8 8 8 8 8 8 8 8 8 8 8 8 8 8 8 8 8 8 8 8 8 8 8 8 8 8 8 8 8 8 8 8 8 8 8 8 8 8 8 8 8 8 8 8 8 8 8 8 8 8 8 8 8 8 8 8 8 8 8 8 8 8 8 8 8 8 8 8 8 8 8 8 8 8 8 8 8 8 8 8 8 8 8 8 8 8 8 8 8 8 8 8 8 8 8 8 8 8 8 8 8 8 8 8 8 8 8 8 8 8 8 8 8 8 8 8 8 8 8 8 8 8 8 8 8 8 8 8 8 8 8 8 8 8 8 8 8 8 8 8 8 8 8 8 8 8 8 8 8 8 8 8 8 8 8 8 8 8 8 8 8 8 8 8 8 8 8 8 8 8 8 8 8 8 8 8 8 8 8 8 8 8 8 8 8 8 8 8 8 8 8 8 8 8 8 8 8 8 8 8 8 8 8 8 8 8 8 8 8 8 8 8 8 8 8 8 8 8 8 8 8 8 8 8 8 8 8 8 8 8 8 8 8 8 8 8 8 8 8 8 8 8 8 8 8 8 8 8 8 8 8 8 8 8 8 8 8 8 8 8 8 8 8 8 8 8 8 8 8 8 8 8 8 8 8 8 8 8 8 8 8 8 8 8 8 8 8 8 8 8 8 8 8 8 8 8 8 8 8 8 8 8 8 8 8 8 8 8 8 8 8 8 8 8 8 8 8 8 8 8 8 8 8 8 8 8 8 8 8 8 8 8 8 8 8 8 8 8 8 8 8 8 8 8 8 8 8 8 8 8 8 8 8 8 8 8 8 8 8 8 8 8 8 8 8 8 8 8 8 8 8 8 8 8 8 8 8 8 8 8 8 8 8 8 8 8 8 8 8 8 8 8 8 8 8 8 8 8 8 8 8 8 8 8 8 8 8 8 8 8 8 8 8 8 8 8 8 8 8 8 8 8 8 8 8 8 8 8 8 8 8 8 8 8 8 8 8 8 8 8 8 8 8 8 8 8 8 8 8 8 8 8 8 8 8 8 8 8 8 8 8 8 8 8 8 8 8 8 8 8 8 8 8 8 8 8 8 8 8 8 8 8 8 8 8 8 8 8 8 8 8 8 8 8 8 8 8 8 8 8 8 8 8 8 8 8 8 8 8 8 8 8 8 8 8 8 8 8 8 8 8 8 8 8 8 8 8 8 8 8 8 8 8 8 8 8 8 8 8 8 8 8 8 8 8 8 8 8 8 8 8 8 8 8 8 8 8 8 8 8 8 8 8 8 8 8 8 8 8 8 8 8 8 8 8 6 6 6 6 6 6 6 6 6 6 6 6 6 6 6 6 6 6 6 6 6 6 6 6 6 6 6 6 6 6 6 6 6 6 6 6 6 6 6 6 6 6 6 6 6 6 6 6 6 6 6 6 6 6 6 6 6 6 6 6 6 6 6 6 6 6 6 6 6 6 6 6 6 6 6 6 6 6 6 6 6 6 6 6 6 6 6 6 6 6 6 6 6 6 6 6 6 6 6 6 6 6 6 6 6 6 6 6 6 6 6 6 6 6 6 6 6 6 6 6 6 6 6 6 6 6 6 6 6 6 6 6 6 6 6 6 6 6 6 6 6 6 6 6 6 6 6 6 6 6 6 6 6 6 6 6 6 6 6 6 6 6 6 6 6 6 6 6 6 6 6 6 6 6 6 6 6 6 6 6 6 6 6 6 6 6 6 6 6 6 6 6 6 6 6 6 6 6 6 6 6 6 6 6 6 6 6 6 6 6 6 6 6 6 6 6 6 6 6 6 6 6 6 6 6 6 6 6 6 6 6 6 6 6 6 6 6 6 6 6 6 6 6 6 6 6 6 6 
        </DataArray>
        <DataArray type="Int32" Name="Level" format="ascii">
4 4 4 4 4 4 4 4 4 4 4 4 4 4 4 4 4 4 4 4 4 4 4 4 4 4 4 4 4 4 4 4 4 4 4 4 4 4 4 4 4 4 4 4 4 4 4 4 4 4 4 4 4 4 4 4 4 4 4 4 4 4 4 4 4 4 4 4 4 4 4 4 4 4 4 4 4 4 4 4 4 4 4 4 4 4 4 4 4 4 4 4 4 4 4 4 4 4 4 4 4 4 4 4 4 4 4 4 4 4 4 4 4 4 4 4 4 4 4 4 4 4 4 4 4 4 4 4 4 4 4 4 4 4 4 4 4 4 4 4 4 4 4 4 4 4 4 4 4 4 4 4 4 4 4 4 4 4 4 4 4 4 4 4 4 4 4 4 4 4 4 4 4 4 4 4 4 4 4 4 4 4 4 4 4 4 4 4 4 4 4 4 4 4 4 4 4 4 4 4 4 4 4 4 4 4 4 4 4 4 4 4 4 4 4 4 4 4 4 4 4 4 4 4 4 4 4 4 4 4 4 4 4 4 4 4 4 4 4 4 4 4 4 4 4 4 4 4 3 3 3 3 4 4 4 4 4 4 4 4 4 4 4 4 4 4 4 4 4 4 4 4 4 4 4 4 4 4 4 4 4 4 4 4 4 4 4 4 4 4 4 4 4 4 4 4 4 4 4 4 4 4 4 4 4 4 4 4 4 4 4 4 4 4 4 4 4 4 4 4 4 4 4 4 4 4 4 4 4 4 4 4 4 4 4 4 4 4 4 4 4 4 4 4 4 4 4 4 4 4 4 4 4 4 4 4 4 4 4 4 4 4 4 4 4 4 4 4 4 4 4 4 4 4 4 4 4 4 4 4 4 4 4 4 4 4 4 3 3 3 3 3 3 3 3 3 3 3 3 4 4 4 4 4 4 4 4 4 4 4 4 4 4 4 4 4 4 4 4 4 4 4 4 4 4 4 4 4 4 4 4 4 4 4 4 4 4 4 4 4 4 4 4 4 4 4 4 4 4 4 4 4 4 4 4 4 4 4 4 4 4 4 4 4 4 4 4 4 4 4 4 4 4 4 4 4 4 4 4 4 4 4 4 4 4 4 4 4 4 4 4 4 4 4 4 4 4 4 4 4 4 4 4 4 4 4 4 4 4 4 4 4 4 4 4 4 4 4 4 4 4 4 4 4 4 4 4 4 4 4 4 4 4 4 4 4 4 4 4 4 4 4 4 4 4 4 4 4 4 4 4 4 4 4 4 4 4 4 4 4 4 4 4 4 4 4 4 4 4 4 4 4 4 4 4 4 4 4 4 4 4 4 4 4 4 4 4 4 4 4 4 4 4 4 4 4 4 4 4 4 4 4 4 4 4 4 4 4 4 4 4 4 4 4 4 4 4 4 4 4 4 4 4 4 4 4 4 4 4 4 4 4 4 4 4 4 4 4 4 4 4 4 4 4 4 4 4 4 4 4 4 4 4 4 4 4 4 4 4 4 4 4 4 4 4 4 4 4 4 4 4 4 4 4 4 4 4 4 4 4 4 4 4 4 4 4 4 4 4 4 4 4 4 4 4 4 4 4 4 4 4 4 4 4 4 4 4 4 4 4 4 4 4 4 4 4 4 4 4 4 4 4 4 4 4 4 4 4 4 4 4 4 4 4 4 4 4 4 4 4 4 4 4 4 4 4 4 4 4 4 4 4 4 4 4 4 4 4 4 4 4 4 4 4 4 4 4 4 4 4 4 4 4 4 4 4 4 4 4 4 4 4 4 4 4 4 4 4 4 4 4 4 4 4 4 4 4 4 4 4 4 4 4 4 4 4 4 4 4 4 4 4 4 4 4 4 4 4 4 4 4 4 4 4 4 4 4 4 4 4 4 4 4 4 4 4 4 4 4 4 4 4 4 4 4 4 4 4 4 4 4 4 4 4 4 4 4 4 4 4 4 4 4 4 4 4 4 4 4 4 4 4 4 4 4 4 4 4 4 4 4 4 4 4 4 4 4 4 4 4 4 4 4 4 4 4 4 4 4 4 4 4 4 4 4 4 4 4 4 4 4 4 4 4 4 4 4 4 4 4 4 4 4 4 4 4 4 4 4 4 4 4 4 4 4 4 4 4 4 4 4 4 4 4 4 4 4 4 4 4 4 4 4 4 4 4 4 4 4 4 4 4 4 4 4 4 4 4 4 4 4 4 4 4 4 4 4 4 4 4 4 4 4 4 4 4 4 4 4 4 4 4 4 4 4 4 4 4 4 4 4 4 4 4 4 4 4 4 4 4 4 4 4 4 4 4 4 4 4 4 4 4 4 4 4 4 4 4 4 4 4 4 4 4 4 4 4 4 4 4 4 4 4 4 4 4 4 4 4 4 4 4 4 4 4 4 4 4 4 4 4 4 4 4 4 4 4 4 4 4 4 4 4 4 4 4 4 4 4 4 4 4 4 4 4 4 4 4 4 4 4 4 4 4 4 4 4 4 4 4 4 4 4 4 4 4 4 4 4 4 4 4 4 4 4 4 4 4 4 4 4 4 4 4 4 4 4 4 4 4 4 4 4 4 4 4 4 4 4 4 4 4 4 4 4 4 4 4 4 4 4 4 4 4 4 4 4 4 4 4 4 4 4 4 4 4 4 4 4 4 4 4 4 4 4 4 4 4 4 4 4 4 4 4 4 4 4 4 4 4 4 4 4 4 4 4 4 4 4 4 4 4 4 4 4 4 4 4 4 4 4 4 4 4 4 4 4 4 4 4 4 4 4 4 4 4 4 4 4 4 4 4 4 4 4 4 4 4 4 4 4 4 4 4 4 4 4 4 4 4 4 4 4 4 4 4 4 4 4 4 4 4 4 4 4 4 4 4 4 4 4 4 4 4 4 4 4 4 4 4 4 4 4 4 4 4 4 4 4 4 4 4 4 4 4 4 4 4 4 4 4 4 4 4 4 4 4 4 4 4 4 4 4 4 4 4 4 4 4 4 4 4 4 4 4 4 4 4 4 4 4 4 4 4 4 4 4 4 4 4 4 4 4 4 4 4 4 4 4 4 4 4 4 4 4 4 4 4 4 4 4 4 4 4 4 4 4 4 4 4 4 4 4 4 4 4 4 4 4 4 4 4 4 4 4 4 4 4 4 4 4 4 4 4 4 4 4 4 4 4 4 4 4 4 4 4 4 4 4 4 4 4 4 4 4 4 4 4 4 4 4 4 4 4 4 4 4 4 4 4 4 4 4 4 4 4 4 4 4 4 4 4 4 4 4 4 4 4 4 4 4 4 4 4 4 4 4 4 4 4 4 4 4 4 4 4 4 4 4 4 4 4 4 4 4 4 4 4 4 4 4 4 4 4 4 4 4 4 4 4 4 4 4 4 4 4 4 4 4 4 4 4 4 4 4 4 4 4 4 4 4 4 4 4 4 4 4 4 4 4 4 4 4 4 4 4 4 4 4 4 4 4 4 4 4 4 4 4 4 4 4 4 4 4 4 4 4 4 4 4 4 4 4 4 4 4 4 4 4 4 4 4 4 4 4 4 4 4 4 4 4 4 4 4 4 4 4 4 4 4 4 4 4 4 4 4 4 4 4 4 4 4 4 4 4 4 4 4 4 4 4 4 4 4 4 4 4 4 4 4 4 4 4 4 4 4 4 4 4 4 4 4 4 4 4 4 4 4 4 4 4 4 4 4 4 4 4 4 4 4 4 4 4 4 4 4 4 4 4 4 4 4 4 4 4 4 4 4 4 4 4 4 4 4 4 4 4 4 4 4 4 4 4 4 4 4 4 4 4 4 4 4 4 4 4 4 4 4 4 4 4 4 4 4 4 4 4 4 4 4 4 4 4 4 4 4 4 4 4 4 4 4 4 4 4 4 4 4 4 4 4 4 4 4 4 4 4 4 4 4 4 4 4 4 4 4 4 4 4 4 4 4 4 4 4 4 4 4 4 4 4 4 4 4 4 4 4 4 4 4 4 4 4 4 4 4 4 4 4 4 4 4 4 4 4 4 4 4 4 4 4 4 4 4 4 4 4 4 4 4 4 4 4 4 4 4 4 4 4 4 4 4 4 4 4 4 4 4 4 4 4 4 4 4 4 4 4 4 4 4 4 4 4 4 4 4 4 4 4 4 4 4 4 4 4 4 4 4 4 4 4 4 4 4 4 4 4 4 4 4 4 4 4 4 4 4 4 4 4 4 4 4 4 4 4 4 4 4 4 4 4 4 4 4 4 4 4 4 4 4 4 4 4 4 4 4 4 4 4 4 4 4 4 4 4 4 4 4 4 4 4 4 4 4 4 4 4 4 4 4 4 4 4 4 4 4 4 4 4 4 4 4 4 4 4 4 4 4 4 4 4 4 4 4 4 4 4 4 4 4 4 4 4 4 4 4 4 4 4 4 4 4 4 4 4 4 4 4 4 4 4 4 4 4 4 4 4 4 4 4 4 4 4 4 4 4 4 4 4 4 4 4 4 4 4 4 4 4 4 4 4 4 4 4 4 4 4 4 4 4 
        </DataArray>
        <DataArray type="Int32" Name="N_Interp_IP0" format="ascii">
4 4 4 4 4 4 4 4 4 4 4 4 4 4 4 4 4 4 4 4 4 4 4 4 4 4 4 4 4 4 4 4 4 4 4 4 4 4 4 4 4 4 4 4 4 4 4 4 4 4 4 4 4 4 4 4 4 4 4 4 4 4 4 4 4 4 4 4 4 4 4 4 4 4 4 4 4 4 4 4 4 4 4 4 4 4 4 4 4 4 4 4 4 4 4 4 4 4 4 4 4 4 4 4 4 4 4 4 4 4 4 4 4 4 4 4 4 4 4 4 4 4 4 4 4 4 4 4 4 4 4 4 4 4 4 4 4 4 4 4 4 4 4 4 4 4 4 4 4 4 4 4 4 4 4 4 4 4 4 4 4 4 4 4 4 4 4 4 4 4 4 4 4 4 4 4 4 4 4 4 4 4 4 4 4 4 4 4 4 4 4 4 4 4 4 4 4 4 4 4 4 4 4 4 4 4 4 4 4 4 4 4 4 4 4 4 4 4 4 4 4 4 4 4 4 4 4 4 4 4 4 4 4 4 4 4 4 4 4 4 4 4 4 4 4 4 4 4 4 4 4 4 4 4 4 4 4 4 4 4 4 4 4 4 4 4 4 4 4 4 4 4 4 4 4 4 4 4 4 4 4 4 4 4 4 4 4 4 4 4 4 4 4 4 4 4 4 4 4 4 4 4 4 4 4 4 4 4 4 4 4 4 4 4 4 4 4 4 4 4 4 4 4 4 4 4 4 4 4 4 4 4 4 4 4 4 4 4 4 4 4 4 4 4 4 4 4 4 4 4 4 4 4 4 4 4 4 4 4 4 4 4 4 4 4 4 4 4 4 4 4 4 4 4 4 4 4 4 4 4 4 4 4 4 4 4 4 4 4 4 4 4 4 4 4 4 4 4 4 4 4 4 4 4 4 4 4 4 4 4 4 4 4 4 4 4 4 4 4 4 4 4 4 4 4 4 4 4 4 4 4 4 4 4 4 4 4 4 4 4 4 4 4 4 4 4 4 4 4 4 4 4 4 4 4 4 4 4 4 4 4 4 4 4 4 4 4 4 4 4 4 4 4 4 4 4 4 4 4 4 4 4 4 4 4 4 4 4 4 4 4 4 4 4 4 4 4 4 4 4 4 4 4 4 4 4 4 4 4 4 4 4 4 4 4 4 4 4 4 4 4 4 4 4 4 4 4 4 4 4 4 4 4 4 4 4 4 4 4 4 4 4 4 4 4 4 4 4 4 4 4 4 4 4 4 4 4 4 4 4 4 4 4 4 4 4 4 4 4 4 4 4 4 4 4 4 4 4 4 4 4 4 4 4 4 4 4 4 4 4 4 4 4 4 4 4 4 4 4 4 4 4 4 4 4 4 4 4 4 4 4 4 4 4 4 4 4 4 4 4 4 4 4 4 4 4 4 4 4 4 4 4 4 4 4 4 4 4 4 4 4 4 4 4 4 4 4 4 4 4 4 4 4 4 4 4 4 4 4 4 4 4 4 4 4 4 4 4 4 4 4 4 4 4 4 4 4 4 4 4 4 4 4 4 4 4 4 4 4 4 4 4 4 4 4 4 4 4 4 4 4 4 4 4 4 4 4 4 4 4 4 4 4 4 4 4 4 4 4 4 4 4 4 4 4 4 4 4 4 4 4 4 4 4 4 4 4 4 4 4 4 4 4 4 4 4 4 4 4 4 4 4 4 4 4 4 4 4 4 4 4 4 4 4 4 4 4 4 4 4 4 4 4 4 4 4 4 4 4 4 4 4 4 4 4 4 4 4 4 4 4 4 4 4 4 4 4 4 4 4 4 4 4 4 4 4 4 4 4 4 4 4 4 4 4 4 4 4 4 4 4 4 4 4 4 4 4 4 4 4 4 4 4 4 4 4 4 4 4 4 4 4 4 4 4 4 4 4 4 4 4 4 4 4 4 4 4 4 4 4 4 4 4 4 4 4 4 4 4 4 4 4 4 4 4 4 4 4 4 4 4 4 4 4 4 4 4 4 4 4 4 4 4 4 4 4 4 4 4 4 4 4 4 4 4 4 4 4 4 4 4 4 4 4 4 4 4 4 4 4 4 4 4 4 4 4 4 4 4 4 4 4 4 4 4 4 4 4 4 4 4 4 4 4 4 4 4 4 4 4 4 4 4 4 4 4 4 4 4 4 4 4 4 4 4 4 4 4 4 4 4 4 4 4 4 4 4 4 4 4 4 4 4 4 4 4 4 4 4 4 4 4 4 4 4 4 4 4 4 4 4 4 4 4 4 4 4 4 4 4 4 4 4 4 4 4 4 4 4 4 4 4 4 4 4 4 4 4 4 4 4 4 4 4 4 4 4 4 4 4 4 4 4 4 4 4 4 4 4 4 4 4 4 4 4 4 4 4 4 4 4 4 4 4 4 4 4 4 4 4 4 4 4 4 4 4 4 4 4 4 4 4 4 4 4 4 4 4 4 4 4 4 4 4 4 4 4 4 4 4 4 4 4 4 4 4 4 4 4 4 4 4 4 4 4 4 4 4 4 4 4 4 4 4 4 4 4 4 4 4 4 4 4 4 4 4 4 4 4 4 4 4 4 4 4 4 4 4 4 4 4 4 4 4 4 4 4 4 4 4 4 4 4 4 4 4 4 4 4 4 4 4 4 4 4 4 4 4 4 4 4 4 4 4 4 4 4 4 4 4 4 4 4 4 4 4 4 4 4 4 4 4 4 4 4 4 4 4 4 4 4 4 4 4 4 4 4 4 4 4 4 4 4 4 4 4 4 4 4 4 4 4 4 4 4 4 4 4 4 4 4 4 4 4 4 4 4 4 4 4 4 4 4 4 4 4 4 4 4 4 4 4 4 4 4 4 4 4 4 4 4 4 4 4 4 4 4 4 4 4 4 4 4 4 4 4 4 4 4 4 4 4 4 4 4 4 4 4 4 4 4 4 4 4 4 4 4 4 4 4 4 4 4 4 4 4 4 4 4 4 4 4 4 4 4 4 4 4 4 4 4 4 4 4 4 4 4 4 4 4 4 4 4 4 4 4 4 4 4 4 4 4 4 4 4 4 4 4 4 4 4 4 4 4 4 4 4 4 4 4 4 4 4 4 4 4 4 4 4 4 4 4 4 4 4 4 4 4 4 4 4 4 4 4 4 4 4 4 4 4 4 4 4 4 4 4 4 4 4 4 4 4 4 4 4 4 4 4 4 4 4 4 4 4 4 4 4 4 4 4 4 4 4 4 4 4 4 4 4 4 4 4 4 4 4 4 4 4 4 4 4 4 4 4 4 4 4 4 4 4 4 4 4 4 4 4 4 4 4 4 4 4 4 4 4 4 4 4 4 4 4 4 4 4 4 4 4 4 4 4 4 4 4 4 4 4 4 4 4 4 4 4 4 4 4 4 4 4 4 4 4 4 4 4 4 4 4 4 4 4 4 4 4 4 4 4 4 4 4 4 4 4 4 4 4 4 4 4 4 4 4 4 4 4 4 4 4 4 4 4 4 4 4 4 4 4 4 4 4 4 4 4 4 4 4 4 4 4 4 4 4 4 4 4 4 4 4 4 4 4 4 4 4 4 4 4 4 4 4 4 4 4 4 4 4 4 4 4 4 4 4 4 4 4 4 4 4 4 4 4 4 4 4 4 4 4 4 4 4 4 4 4 4 4 4 4 4 4 4 4 4 4 4 4 4 4 4 4 4 4 4 4 4 4 4 4 4 4 4 4 4 4 4 4 4 4 4 4 4 4 4 4 4 4 4 4 4 4 4 4 4 4 4 4 4 4 4 4 4 4 4 4 4 4 4 4 4 4 4 4 4 4 4 4 4 4 4 4 4 4 4 4 4 4 4 4 4 4 4 4 4 4 4 4 4 4 4 4 4 4 4 4 4 4 4 4 4 4 4 4 4 4 4 4 4 4 4 4 4 4 4 4 4 4 4 4 4 4 4 4 4 4 4 4 4 4 4 4 4 4 4 4 4 4 4 4 4 4 4 4 4 4 4 4 4 4 4 4 4 4 4 4 4 4 4 4 4 4 4 4 4 4 4 4 4 4 4 4 4 4 4 4 4 4 4 4 4 4 4 4 4 4 4 4 4 4 4 4 4 4 4 4 4 4 4 4 4 4 4 4 4 4 4 4 4 4 4 4 4 4 4 4 4 4 4 4 4 4 4 4 4 4 4 4 4 4 4 4 4 4 4 4 4 4 4 4 4 4 4 4 4 4 4 4 4 4 4 4 4 4 4 4 4 4 4 4 4 4 4 4 4 4 4 4 4 4 4 4 4 4 4 4 4 4 4 4 4 4 4 4 4 4 4 4 4 4 4 4 4 4 4 4 4 4 4 4 4 4 4 4 4 4 4 4 4 4 4 4 4 4 4 4 4 4 4 4 4 4 4 4 4 4 4 4 4 4 4 4 4 4 4 4 4 4 4 4 4 4 4 4 4 4 4 4 4 4 4 4 4 4 4 4 4 4 4 4 4 4 4 4 4 4 4 4 4 4 4 4 4 4 
        </DataArray>
      </CellData>
    </Piece>
  </PolyData>
</VTKFile>
