<?xml version="1.0"?>
<VTKFile type="PolyData" version="1.0" byte_order="LittleEndian" header_type="UInt64">
  <PolyData>
    <Piece NumberOfPoints="2000" NumberOfPolys="2000">
      <Points>
        <DataArray type="Float64" Name="Points" NumberOfComponents="3" format="ascii">
-0.6 -0.7 0.0 -0.600001 -0.699686 0.0 -0.600002 -0.699372 0.0 -0.600005 -0.699058 0.0 -0.600008 -0.698743 0.0 -0.600013 -0.698429 0.0 -0.600018 -0.698115 0.0 -0.600025 -0.697801 0.0 -0.600032 -0.697487 0.0 -0.60004 -0.697173 0.0 -0.600049 -0.696859 0.0 -0.60006 -0.696545 0.0 -0.600071 -0.696231 0.0 -0.600084 -0.695917 0.0 -0.600097 -0.695603 0.0 -0.600112 -0.695289 0.0 -0.600126 -0.694976 0.0 -0.600143 -0.694662 0.0 -0.60016 -0.694348 0.0 -0.600179 -0.694035 0.0 -0.600197 -0.693721 0.0 -0.600218 -0.693407 0.0 -0.600239 -0.693094 0.0 -0.600261 -0.692781 0.0 -0.600284 -0.692467 0.0 -0.600309 -0.692154 0.0 -0.600333 -0.691841 0.0 -0.60036 -0.691528 0.0 -0.600387 -0.691215 0.0 -0.600415 -0.690902 0.0 -0.600444 -0.690589 0.0 -0.600474 -0.690276 0.0 -0.600505 -0.689964 0.0 -0.600537 -0.689651 0.0 -0.60057 -0.689339 0.0 -0.600604 -0.689027 0.0 -0.600639 -0.688714 0.0 -0.600675 -0.688402 0.0 -0.600712 -0.68809 0.0 -0.60075 -0.687778 0.0 -0.600789 -0.687467 0.0 -0.600829 -0.687155 0.0 -0.600869 -0.686844 0.0 -0.600912 -0.686532 0.0 -0.600954 -0.686221 0.0 -0.600998 -0.68591 0.0 -0.601042 -0.685599 0.0 -0.601089 -0.685288 0.0 -0.601135 -0.684977 0.0 -0.601183 -0.684667 0.0 -0.601231 -0.684357 0.0 -0.601281 -0.684046 0.0 -0.601331 -0.683736 0.0 -0.601383 -0.683426 0.0 -0.601436 -0.683117 0.0 -0.60149 -0.682807 0.0 -0.601544 -0.682498 0.0 -0.6016 -0.682189 0.0 -0.601655 -0.681879 0.0 -0.601713 -0.681571 0.0 -0.601771 -0.681262 0.0 -0.601831 -0.680953 0.0 -0.601891 -0.680645 0.0 -0.601953 -0.680337 0.0 -0.602014 -0.680029 0.0 -0.602078 -0.679721 0.0 -0.602142 -0.679414 0.0 -0.602208 -0.679107 0.0 -0.602273 -0.678799 0.0 -0.602341 -0.678492 0.0 -0.602408 -0.678186 0.0 -0.602478 -0.677879 0.0 -0.602547 -0.677573 0.0 -0.602619 -0.677267 0.0 -0.60269 -0.676961 0.0 -0.602763 -0.676656 0.0 -0.602837 -0.67635 0.0 -0.602912 -0.676045 0.0 -0.602987 -0.67574 0.0 -0.603065 -0.675436 0.0 -0.603142 -0.675131 0.0 -0.603221 -0.674827 0.0 -0.6033 -0.674523 0.0 -0.603381 -0.674219 0.0 -0.603462 -0.673916 0.0 -0.603545 -0.673613 0.0 -0.603628 -0.67331 0.0 -0.603712 -0.673007 0.0 -0.603797 -0.672705 0.0 -0.603884 -0.672403 0.0 -0.603971 -0.672101 0.0 -0.604059 -0.671799 0.0 -0.604148 -0.671498 0.0 -0.604238 -0.671197 0.0 -0.604329 -0.670896 0.0 -0.604421 -0.670596 0.0 -0.604514 -0.670296 0.0 -0.604608 -0.669996 0.0 -0.604702 -0.669696 0.0 -0.604798 -0.669397 0.0 -0.604894 -0.669098 0.0 -0.604992 -0.6688 0.0 -0.60509 -0.668501 0.0 -0.60519 -0.668203 0.0 -0.60529 -0.667906 0.0 -0.605392 -0.667608 0.0 -0.605494 -0.667311 0.0 -0.605597 -0.667015 0.0 -0.605701 -0.666718 0.0 -0.605806 -0.666422 0.0 -0.605912 -0.666126 0.0 -0.606019 -0.665831 0.0 -0.606127 -0.665536 0.0 -0.606236 -0.665241 0.0 -0.606345 -0.664947 0.0 -0.606456 -0.664653 0.0 -0.606567 -0.664359 0.0 -0.60668 -0.664066 0.0 -0.606793 -0.663772 0.0 -0.606908 -0.66348 0.0 -0.607022 -0.663188 0.0 -0.607139 -0.662896 0.0 -0.607255 -0.662604 0.0 -0.607374 -0.662313 0.0 -0.607492 -0.662022 0.0 -0.607613 -0.661732 0.0 -0.607733 -0.661442 0.0 -0.607855 -0.661152 0.0 -0.607977 -0.660863 0.0 -0.608101 -0.660574 0.0 -0.608225 -0.660285 0.0 -0.60835 -0.659997 0.0 -0.608476 -0.659709 0.0 -0.608603 -0.659422 0.0 -0.608731 -0.659135 0.0 -0.60886 -0.658849 0.0 -0.608989 -0.658562 0.0 -0.60912 -0.658277 0.0 -0.609252 -0.657991 0.0 -0.609384 -0.657707 0.0 -0.609517 -0.657422 0.0 -0.609652 -0.657138 0.0 -0.609787 -0.656854 0.0 -0.609923 -0.656571 0.0 -0.610059 -0.656288 0.0 -0.610198 -0.656006 0.0 -0.610336 -0.655724 0.0 -0.610476 -0.655443 0.0 -0.610616 -0.655162 0.0 -0.610758 -0.654881 0.0 -0.610899 -0.654601 0.0 -0.611043 -0.654321 0.0 -0.611186 -0.654042 0.0 -0.611332 -0.653763 0.0 -0.611477 -0.653485 0.0 -0.611624 -0.653207 0.0 -0.611771 -0.65293 0.0 -0.61192 -0.652653 0.0 -0.612068 -0.652376 0.0 -0.612219 -0.6521 0.0 -0.612369 -0.651825 0.0 -0.612522 -0.65155 0.0 -0.612674 -0.651275 0.0 -0.612828 -0.651001 0.0 -0.612982 -0.650727 0.0 -0.613137 -0.650454 0.0 -0.613293 -0.650181 0.0 -0.61345 -0.64991 0.0 -0.613608 -0.649638 0.0 -0.613767 -0.649367 0.0 -0.613926 -0.649096 0.0 -0.614087 -0.648826 0.0 -0.614247 -0.648556 0.0 -0.61441 -0.648287 0.0 -0.614572 -0.648018 0.0 -0.614736 -0.64775 0.0 -0.614901 -0.647483 0.0 -0.615066 -0.647216 0.0 -0.615232 -0.646949 0.0 -0.6154 -0.646683 0.0 -0.615567 -0.646417 0.0 -0.615736 -0.646153 0.0 -0.615906 -0.645888 0.0 -0.616076 -0.645624 0.0 -0.616247 -0.645361 0.0 -0.61642 -0.645098 0.0 -0.616592 -0.644835 0.0 -0.616766 -0.644574 0.0 -0.61694 -0.644312 0.0 -0.617116 -0.644052 0.0 -0.617292 -0.643792 0.0 -0.617469 -0.643532 0.0 -0.617647 -0.643273 0.0 -0.617826 -0.643015 0.0 -0.618005 -0.642757 0.0 -0.618185 -0.6425 0.0 -0.618366 -0.642243 0.0 -0.618548 -0.641987 0.0 -0.618731 -0.641731 0.0 -0.618914 -0.641476 0.0 -0.619098 -0.641221 0.0 -0.619284 -0.640968 0.0 -0.619469 -0.640714 0.0 -0.619656 -0.640462 0.0 -0.619843 -0.64021 0.0 -0.620032 -0.639958 0.0 -0.620221 -0.639707 0.0 -0.620411 -0.639457 0.0 -0.620601 -0.639207 0.0 -0.620793 -0.638958 0.0 -0.620984 -0.638709 0.0 -0.621178 -0.638462 0.0 -0.621371 -0.638214 0.0 -0.621566 -0.637968 0.0 -0.621761 -0.637721 0.0 -0.621957 -0.637476 0.0 -0.622154 -0.637231 0.0 -0.622352 -0.636987 0.0 -0.62255 -0.636743 0.0 -0.622749 -0.6365 0.0 -0.622949 -0.636258 0.0 -0.62315 -0.636016 0.0 -0.623351 -0.635775 0.0 -0.623553 -0.635535 0.0 -0.623756 -0.635294 0.0 -0.62396 -0.635056 0.0 -0.624164 -0.634817 0.0 -0.624369 -0.634579 0.0 -0.624575 -0.634341 0.0 -0.624782 -0.634105 0.0 -0.624989 -0.633869 0.0 -0.625197 -0.633634 0.0 -0.625406 -0.633399 0.0 -0.625616 -0.633165 0.0 -0.625826 -0.632931 0.0 -0.626037 -0.632699 0.0 -0.626249 -0.632467 0.0 -0.626462 -0.632236 0.0 -0.626674 -0.632005 0.0 -0.626889 -0.631775 0.0 -0.627103 -0.631545 0.0 -0.627319 -0.631317 0.0 -0.627535 -0.631089 0.0 -0.627752 -0.630862 0.0 -0.627969 -0.630635 0.0 -0.628188 -0.630409 0.0 -0.628406 -0.630183 0.0 -0.628626 -0.629959 0.0 -0.628846 -0.629735 0.0 -0.629068 -0.629512 0.0 -0.629289 -0.629289 0.0 -0.629512 -0.629068 0.0 -0.629735 -0.628846 0.0 -0.629959 -0.628626 0.0 -0.630183 -0.628406 0.0 -0.630409 -0.628188 0.0 -0.630635 -0.627969 0.0 -0.630862 -0.627752 0.0 -0.631089 -0.627535 0.0 -0.631317 -0.627319 0.0 -0.631545 -0.627103 0.0 -0.631775 -0.626889 0.0 -0.632005 -0.626674 0.0 -0.632236 -0.626462 0.0 -0.632467 -0.626249 0.0 -0.632699 -0.626037 0.0 -0.632931 -0.625826 0.0 -0.633165 -0.625616 0.0 -0.633399 -0.625406 0.0 -0.633634 -0.625197 0.0 -0.633869 -0.624989 0.0 -0.634105 -0.624782 0.0 -0.634341 -0.624575 0.0 -0.634579 -0.624369 0.0 -0.634817 -0.624164 0.0 -0.635056 -0.62396 0.0 -0.635294 -0.623756 0.0 -0.635535 -0.623553 0.0 -0.635775 -0.623351 0.0 -0.636016 -0.62315 0.0 -0.636258 -0.622949 0.0 -0.6365 -0.622749 0.0 -0.636743 -0.62255 0.0 -0.636987 -0.622352 0.0 -0.637231 -0.622154 0.0 -0.637476 -0.621957 0.0 -0.637721 -0.621761 0.0 -0.637968 -0.621566 0.0 -0.638214 -0.621371 0.0 -0.638462 -0.621178 0.0 -0.638709 -0.620984 0.0 -0.638958 -0.620793 0.0 -0.639207 -0.620601 0.0 -0.639457 -0.620411 0.0 -0.639707 -0.620221 0.0 -0.639958 -0.620032 0.0 -0.64021 -0.619843 0.0 -0.640462 -0.619656 0.0 -0.640714 -0.619469 0.0 -0.640968 -0.619284 0.0 -0.641221 -0.619098 0.0 -0.641476 -0.618914 0.0 -0.641731 -0.618731 0.0 -0.641987 -0.618548 0.0 -0.642243 -0.618366 0.0 -0.6425 -0.618185 0.0 -0.642757 -0.618005 0.0 -0.643015 -0.617826 0.0 -0.643273 -0.617647 0.0 -0.643532 -0.617469 0.0 -0.643792 -0.617292 0.0 -0.644052 -0.617116 0.0 -0.644312 -0.61694 0.0 -0.644574 -0.616766 0.0 -0.644835 -0.616592 0.0 -0.645098 -0.61642 0.0 -0.645361 -0.616247 0.0 -0.645624 -0.616076 0.0 -0.645888 -0.615906 0.0 -0.646153 -0.615736 0.0 -0.646417 -0.615567 0.0 -0.646683 -0.6154 0.0 -0.646949 -0.615232 0.0 -0.647216 -0.615066 0.0 -0.647483 -0.614901 0.0 -0.64775 -0.614736 0.0 -0.648018 -0.614572 0.0 -0.648287 -0.61441 0.0 -0.648556 -0.614247 0.0 -0.648826 -0.614087 0.0 -0.649096 -0.613926 0.0 -0.649367 -0.613767 0.0 -0.649638 -0.613608 0.0 -0.64991 -0.61345 0.0 -0.650181 -0.613293 0.0 -0.650454 -0.613137 0.0 -0.650727 -0.612982 0.0 -0.651001 -0.612828 0.0 -0.651275 -0.612674 0.0 -0.65155 -0.612522 0.0 -0.651825 -0.612369 0.0 -0.6521 -0.612219 0.0 -0.652376 -0.612068 0.0 -0.652653 -0.61192 0.0 -0.65293 -0.611771 0.0 -0.653207 -0.611624 0.0 -0.653485 -0.611477 0.0 -0.653763 -0.611332 0.0 -0.654042 -0.611186 0.0 -0.654321 -0.611043 0.0 -0.654601 -0.610899 0.0 -0.654881 -0.610758 0.0 -0.655162 -0.610616 0.0 -0.655443 -0.610476 0.0 -0.655724 -0.610336 0.0 -0.656006 -0.610198 0.0 -0.656288 -0.610059 0.0 -0.656571 -0.609923 0.0 -0.656854 -0.609787 0.0 -0.657138 -0.609652 0.0 -0.657422 -0.609517 0.0 -0.657707 -0.609384 0.0 -0.657991 -0.609252 0.0 -0.658277 -0.60912 0.0 -0.658562 -0.608989 0.0 -0.658849 -0.60886 0.0 -0.659135 -0.608731 0.0 -0.659422 -0.608603 0.0 -0.659709 -0.608476 0.0 -0.659997 -0.60835 0.0 -0.660285 -0.608225 0.0 -0.660574 -0.608101 0.0 -0.660863 -0.607977 0.0 -0.661152 -0.607855 0.0 -0.661442 -0.607733 0.0 -0.661732 -0.607613 0.0 -0.662022 -0.607492 0.0 -0.662313 -0.607374 0.0 -0.662604 -0.607255 0.0 -0.662896 -0.607139 0.0 -0.663188 -0.607022 0.0 -0.66348 -0.606908 0.0 -0.663772 -0.606793 0.0 -0.664066 -0.60668 0.0 -0.664359 -0.606567 0.0 -0.664653 -0.606456 0.0 -0.664947 -0.606345 0.0 -0.665241 -0.606236 0.0 -0.665536 -0.606127 0.0 -0.665831 -0.606019 0.0 -0.666126 -0.605912 0.0 -0.666422 -0.605806 0.0 -0.666718 -0.605701 0.0 -0.667015 -0.605597 0.0 -0.667311 -0.605494 0.0 -0.667608 -0.605392 0.0 -0.667906 -0.60529 0.0 -0.668203 -0.60519 0.0 -0.668501 -0.60509 0.0 -0.6688 -0.604992 0.0 -0.669098 -0.604894 0.0 -0.669397 -0.604798 0.0 -0.669696 -0.604702 0.0 -0.669996 -0.604608 0.0 -0.670296 -0.604514 0.0 -0.670596 -0.604421 0.0 -0.670896 -0.604329 0.0 -0.671197 -0.604238 0.0 -0.671498 -0.604148 0.0 -0.671799 -0.604059 0.0 -0.672101 -0.603971 0.0 -0.672403 -0.603884 0.0 -0.672705 -0.603797 0.0 -0.673007 -0.603712 0.0 -0.67331 -0.603628 0.0 -0.673613 -0.603545 0.0 -0.673916 -0.603462 0.0 -0.674219 -0.603381 0.0 -0.674523 -0.6033 0.0 -0.674827 -0.603221 0.0 -0.675131 -0.603142 0.0 -0.675436 -0.603065 0.0 -0.67574 -0.602987 0.0 -0.676045 -0.602912 0.0 -0.67635 -0.602837 0.0 -0.676656 -0.602763 0.0 -0.676961 -0.60269 0.0 -0.677267 -0.602619 0.0 -0.677573 -0.602547 0.0 -0.677879 -0.602478 0.0 -0.678186 -0.602408 0.0 -0.678492 -0.602341 0.0 -0.678799 -0.602273 0.0 -0.679107 -0.602208 0.0 -0.679414 -0.602142 0.0 -0.679721 -0.602078 0.0 -0.680029 -0.602014 0.0 -0.680337 -0.601953 0.0 -0.680645 -0.601891 0.0 -0.680953 -0.601831 0.0 -0.681262 -0.601771 0.0 -0.681571 -0.601713 0.0 -0.681879 -0.601655 0.0 -0.682189 -0.6016 0.0 -0.682498 -0.601544 0.0 -0.682807 -0.60149 0.0 -0.683117 -0.601436 0.0 -0.683426 -0.601383 0.0 -0.683736 -0.601331 0.0 -0.684046 -0.601281 0.0 -0.684357 -0.601231 0.0 -0.684667 -0.601183 0.0 -0.684977 -0.601135 0.0 -0.685288 -0.601089 0.0 -0.685599 -0.601042 0.0 -0.68591 -0.600998 0.0 -0.686221 -0.600954 0.0 -0.686532 -0.600912 0.0 -0.686844 -0.600869 0.0 -0.687155 -0.600829 0.0 -0.687467 -0.600789 0.0 -0.687778 -0.60075 0.0 -0.68809 -0.600712 0.0 -0.688402 -0.600675 0.0 -0.688714 -0.600639 0.0 -0.689027 -0.600604 0.0 -0.689339 -0.60057 0.0 -0.689651 -0.600537 0.0 -0.689964 -0.600505 0.0 -0.690276 -0.600474 0.0 -0.690589 -0.600444 0.0 -0.690902 -0.600415 0.0 -0.691215 -0.600387 0.0 -0.691528 -0.60036 0.0 -0.691841 -0.600333 0.0 -0.692154 -0.600309 0.0 -0.692467 -0.600284 0.0 -0.692781 -0.600261 0.0 -0.693094 -0.600239 0.0 -0.693407 -0.600218 0.0 -0.693721 -0.600197 0.0 -0.694035 -0.600179 0.0 -0.694348 -0.60016 0.0 -0.694662 -0.600143 0.0 -0.694976 -0.600126 0.0 -0.695289 -0.600112 0.0 -0.695603 -0.600097 0.0 -0.695917 -0.600084 0.0 -0.696231 -0.600071 0.0 -0.696545 -0.60006 0.0 -0.696859 -0.600049 0.0 -0.697173 -0.60004 0.0 -0.697487 -0.600032 0.0 -0.697801 -0.600025 0.0 -0.698115 -0.600018 0.0 -0.698429 -0.600013 0.0 -0.698743 -0.600008 0.0 -0.699058 -0.600005 0.0 -0.699372 -0.600002 0.0 -0.699686 -0.600001 0.0 -0.7 -0.6 0.0 -0.700314 -0.600001 0.0 -0.700628 -0.600002 0.0 -0.700942 -0.600005 0.0 -0.701257 -0.600008 0.0 -0.701571 -0.600013 0.0 -0.701885 -0.600018 0.0 -0.702199 -0.600025 0.0 -0.702513 -0.600032 0.0 -0.702827 -0.60004 0.0 -0.703141 -0.600049 0.0 -0.703455 -0.60006 0.0 -0.703769 -0.600071 0.0 -0.704083 -0.600084 0.0 -0.704397 -0.600097 0.0 -0.704711 -0.600112 0.0 -0.705024 -0.600126 0.0 -0.705338 -0.600143 0.0 -0.705652 -0.60016 0.0 -0.705965 -0.600179 0.0 -0.706279 -0.600197 0.0 -0.706593 -0.600218 0.0 -0.706906 -0.600239 0.0 -0.707219 -0.600261 0.0 -0.707533 -0.600284 0.0 -0.707846 -0.600309 0.0 -0.708159 -0.600333 0.0 -0.708472 -0.60036 0.0 -0.708785 -0.600387 0.0 -0.709098 -0.600415 0.0 -0.709411 -0.600444 0.0 -0.709724 -0.600474 0.0 -0.710036 -0.600505 0.0 -0.710349 -0.600537 0.0 -0.710661 -0.60057 0.0 -0.710973 -0.600604 0.0 -0.711286 -0.600639 0.0 -0.711598 -0.600675 0.0 -0.71191 -0.600712 0.0 -0.712222 -0.60075 0.0 -0.712533 -0.600789 0.0 -0.712845 -0.600829 0.0 -0.713156 -0.600869 0.0 -0.713468 -0.600912 0.0 -0.713779 -0.600954 0.0 -0.71409 -0.600998 0.0 -0.714401 -0.601042 0.0 -0.714712 -0.601089 0.0 -0.715023 -0.601135 0.0 -0.715333 -0.601183 0.0 -0.715643 -0.601231 0.0 -0.715954 -0.601281 0.0 -0.716264 -0.601331 0.0 -0.716574 -0.601383 0.0 -0.716883 -0.601436 0.0 -0.717193 -0.60149 0.0 -0.717502 -0.601544 0.0 -0.717811 -0.6016 0.0 -0.718121 -0.601655 0.0 -0.718429 -0.601713 0.0 -0.718738 -0.601771 0.0 -0.719047 -0.601831 0.0 -0.719355 -0.601891 0.0 -0.719663 -0.601953 0.0 -0.719971 -0.602014 0.0 -0.720279 -0.602078 0.0 -0.720586 -0.602142 0.0 -0.720893 -0.602208 0.0 -0.721201 -0.602273 0.0 -0.721508 -0.602341 0.0 -0.721814 -0.602408 0.0 -0.722121 -0.602478 0.0 -0.722427 -0.602547 0.0 -0.722733 -0.602619 0.0 -0.723039 -0.60269 0.0 -0.723344 -0.602763 0.0 -0.72365 -0.602837 0.0 -0.723955 -0.602912 0.0 -0.72426 -0.602987 0.0 -0.724564 -0.603065 0.0 -0.724869 -0.603142 0.0 -0.725173 -0.603221 0.0 -0.725477 -0.6033 0.0 -0.725781 -0.603381 0.0 -0.726084 -0.603462 0.0 -0.726387 -0.603545 0.0 -0.72669 -0.603628 0.0 -0.726993 -0.603712 0.0 -0.727295 -0.603797 0.0 -0.727597 -0.603884 0.0 -0.727899 -0.603971 0.0 -0.728201 -0.604059 0.0 -0.728502 -0.604148 0.0 -0.728803 -0.604238 0.0 -0.729104 -0.604329 0.0 -0.729404 -0.604421 0.0 -0.729704 -0.604514 0.0 -0.730004 -0.604608 0.0 -0.730304 -0.604702 0.0 -0.730603 -0.604798 0.0 -0.730902 -0.604894 0.0 -0.7312 -0.604992 0.0 -0.731499 -0.60509 0.0 -0.731797 -0.60519 0.0 -0.732094 -0.60529 0.0 -0.732392 -0.605392 0.0 -0.732689 -0.605494 0.0 -0.732985 -0.605597 0.0 -0.733282 -0.605701 0.0 -0.733578 -0.605806 0.0 -0.733874 -0.605912 0.0 -0.734169 -0.606019 0.0 -0.734464 -0.606127 0.0 -0.734759 -0.606236 0.0 -0.735053 -0.606345 0.0 -0.735347 -0.606456 0.0 -0.735641 -0.606567 0.0 -0.735934 -0.60668 0.0 -0.736228 -0.606793 0.0 -0.73652 -0.606908 0.0 -0.736812 -0.607022 0.0 -0.737104 -0.607139 0.0 -0.737396 -0.607255 0.0 -0.737687 -0.607374 0.0 -0.737978 -0.607492 0.0 -0.738268 -0.607613 0.0 -0.738558 -0.607733 0.0 -0.738848 -0.607855 0.0 -0.739137 -0.607977 0.0 -0.739426 -0.608101 0.0 -0.739715 -0.608225 0.0 -0.740003 -0.60835 0.0 -0.740291 -0.608476 0.0 -0.740578 -0.608603 0.0 -0.740865 -0.608731 0.0 -0.741151 -0.60886 0.0 -0.741438 -0.608989 0.0 -0.741723 -0.60912 0.0 -0.742009 -0.609252 0.0 -0.742293 -0.609384 0.0 -0.742578 -0.609517 0.0 -0.742862 -0.609652 0.0 -0.743146 -0.609787 0.0 -0.743429 -0.609923 0.0 -0.743712 -0.610059 0.0 -0.743994 -0.610198 0.0 -0.744276 -0.610336 0.0 -0.744557 -0.610476 0.0 -0.744838 -0.610616 0.0 -0.745119 -0.610758 0.0 -0.745399 -0.610899 0.0 -0.745679 -0.611043 0.0 -0.745958 -0.611186 0.0 -0.746237 -0.611332 0.0 -0.746515 -0.611477 0.0 -0.746793 -0.611624 0.0 -0.74707 -0.611771 0.0 -0.747347 -0.61192 0.0 -0.747624 -0.612068 0.0 -0.7479 -0.612219 0.0 -0.748175 -0.612369 0.0 -0.74845 -0.612522 0.0 -0.748725 -0.612674 0.0 -0.748999 -0.612828 0.0 -0.749273 -0.612982 0.0 -0.749546 -0.613137 0.0 -0.749819 -0.613293 0.0 -0.75009 -0.61345 0.0 -0.750362 -0.613608 0.0 -0.750633 -0.613767 0.0 -0.750904 -0.613926 0.0 -0.751174 -0.614087 0.0 -0.751444 -0.614247 0.0 -0.751713 -0.61441 0.0 -0.751982 -0.614572 0.0 -0.75225 -0.614736 0.0 -0.752517 -0.614901 0.0 -0.752784 -0.615066 0.0 -0.753051 -0.615232 0.0 -0.753317 -0.6154 0.0 -0.753583 -0.615567 0.0 -0.753847 -0.615736 0.0 -0.754112 -0.615906 0.0 -0.754376 -0.616076 0.0 -0.754639 -0.616247 0.0 -0.754902 -0.61642 0.0 -0.755165 -0.616592 0.0 -0.755426 -0.616766 0.0 -0.755688 -0.61694 0.0 -0.755948 -0.617116 0.0 -0.756208 -0.617292 0.0 -0.756468 -0.617469 0.0 -0.756727 -0.617647 0.0 -0.756985 -0.617826 0.0 -0.757243 -0.618005 0.0 -0.7575 -0.618185 0.0 -0.757757 -0.618366 0.0 -0.758013 -0.618548 0.0 -0.758269 -0.618731 0.0 -0.758524 -0.618914 0.0 -0.758779 -0.619098 0.0 -0.759032 -0.619284 0.0 -0.759286 -0.619469 0.0 -0.759538 -0.619656 0.0 -0.75979 -0.619843 0.0 -0.760042 -0.620032 0.0 -0.760293 -0.620221 0.0 -0.760543 -0.620411 0.0 -0.760793 -0.620601 0.0 -0.761042 -0.620793 0.0 -0.761291 -0.620984 0.0 -0.761538 -0.621178 0.0 -0.761786 -0.621371 0.0 -0.762032 -0.621566 0.0 -0.762279 -0.621761 0.0 -0.762524 -0.621957 0.0 -0.762769 -0.622154 0.0 -0.763013 -0.622352 0.0 -0.763257 -0.62255 0.0 -0.7635 -0.622749 0.0 -0.763742 -0.622949 0.0 -0.763984 -0.62315 0.0 -0.764225 -0.623351 0.0 -0.764465 -0.623553 0.0 -0.764706 -0.623756 0.0 -0.764944 -0.62396 0.0 -0.765183 -0.624164 0.0 -0.765421 -0.624369 0.0 -0.765659 -0.624575 0.0 -0.765895 -0.624782 0.0 -0.766131 -0.624989 0.0 -0.766366 -0.625197 0.0 -0.766601 -0.625406 0.0 -0.766835 -0.625616 0.0 -0.767069 -0.625826 0.0 -0.767301 -0.626037 0.0 -0.767533 -0.626249 0.0 -0.767764 -0.626462 0.0 -0.767995 -0.626674 0.0 -0.768225 -0.626889 0.0 -0.768455 -0.627103 0.0 -0.768683 -0.627319 0.0 -0.768911 -0.627535 0.0 -0.769138 -0.627752 0.0 -0.769365 -0.627969 0.0 -0.769591 -0.628188 0.0 -0.769817 -0.628406 0.0 -0.770041 -0.628626 0.0 -0.770265 -0.628846 0.0 -0.770488 -0.629068 0.0 -0.770711 -0.629289 0.0 -0.770932 -0.629512 0.0 -0.771154 -0.629735 0.0 -0.771374 -0.629959 0.0 -0.771594 -0.630183 0.0 -0.771812 -0.630409 0.0 -0.772031 -0.630635 0.0 -0.772248 -0.630862 0.0 -0.772465 -0.631089 0.0 -0.772681 -0.631317 0.0 -0.772897 -0.631545 0.0 -0.773111 -0.631775 0.0 -0.773326 -0.632005 0.0 -0.773538 -0.632236 0.0 -0.773751 -0.632467 0.0 -0.773963 -0.632699 0.0 -0.774174 -0.632931 0.0 -0.774384 -0.633165 0.0 -0.774594 -0.633399 0.0 -0.774803 -0.633634 0.0 -0.775011 -0.633869 0.0 -0.775218 -0.634105 0.0 -0.775425 -0.634341 0.0 -0.775631 -0.634579 0.0 -0.775836 -0.634817 0.0 -0.77604 -0.635056 0.0 -0.776244 -0.635294 0.0 -0.776447 -0.635535 0.0 -0.776649 -0.635775 0.0 -0.77685 -0.636016 0.0 -0.777051 -0.636258 0.0 -0.777251 -0.6365 0.0 -0.77745 -0.636743 0.0 -0.777648 -0.636987 0.0 -0.777846 -0.637231 0.0 -0.778043 -0.637476 0.0 -0.778239 -0.637721 0.0 -0.778434 -0.637968 0.0 -0.778629 -0.638214 0.0 -0.778822 -0.638462 0.0 -0.779016 -0.638709 0.0 -0.779207 -0.638958 0.0 -0.779399 -0.639207 0.0 -0.779589 -0.639457 0.0 -0.779779 -0.639707 0.0 -0.779968 -0.639958 0.0 -0.780157 -0.64021 0.0 -0.780344 -0.640462 0.0 -0.780531 -0.640714 0.0 -0.780716 -0.640968 0.0 -0.780902 -0.641221 0.0 -0.781086 -0.641476 0.0 -0.781269 -0.641731 0.0 -0.781452 -0.641987 0.0 -0.781634 -0.642243 0.0 -0.781815 -0.6425 0.0 -0.781995 -0.642757 0.0 -0.782174 -0.643015 0.0 -0.782353 -0.643273 0.0 -0.782531 -0.643532 0.0 -0.782708 -0.643792 0.0 -0.782884 -0.644052 0.0 -0.78306 -0.644312 0.0 -0.783234 -0.644574 0.0 -0.783408 -0.644835 0.0 -0.78358 -0.645098 0.0 -0.783753 -0.645361 0.0 -0.783924 -0.645624 0.0 -0.784094 -0.645888 0.0 -0.784264 -0.646153 0.0 -0.784433 -0.646417 0.0 -0.7846 -0.646683 0.0 -0.784768 -0.646949 0.0 -0.784934 -0.647216 0.0 -0.785099 -0.647483 0.0 -0.785264 -0.64775 0.0 -0.785428 -0.648018 0.0 -0.78559 -0.648287 0.0 -0.785753 -0.648556 0.0 -0.785913 -0.648826 0.0 -0.786074 -0.649096 0.0 -0.786233 -0.649367 0.0 -0.786392 -0.649638 0.0 -0.78655 -0.64991 0.0 -0.786707 -0.650181 0.0 -0.786863 -0.650454 0.0 -0.787018 -0.650727 0.0 -0.787172 -0.651001 0.0 -0.787326 -0.651275 0.0 -0.787478 -0.65155 0.0 -0.787631 -0.651825 0.0 -0.787781 -0.6521 0.0 -0.787932 -0.652376 0.0 -0.78808 -0.652653 0.0 -0.788229 -0.65293 0.0 -0.788376 -0.653207 0.0 -0.788523 -0.653485 0.0 -0.788668 -0.653763 0.0 -0.788814 -0.654042 0.0 -0.788957 -0.654321 0.0 -0.789101 -0.654601 0.0 -0.789242 -0.654881 0.0 -0.789384 -0.655162 0.0 -0.789524 -0.655443 0.0 -0.789664 -0.655724 0.0 -0.789802 -0.656006 0.0 -0.789941 -0.656288 0.0 -0.790077 -0.656571 0.0 -0.790213 -0.656854 0.0 -0.790348 -0.657138 0.0 -0.790483 -0.657422 0.0 -0.790616 -0.657707 0.0 -0.790748 -0.657991 0.0 -0.79088 -0.658277 0.0 -0.791011 -0.658562 0.0 -0.79114 -0.658849 0.0 -0.791269 -0.659135 0.0 -0.791397 -0.659422 0.0 -0.791524 -0.659709 0.0 -0.79165 -0.659997 0.0 -0.791775 -0.660285 0.0 -0.791899 -0.660574 0.0 -0.792023 -0.660863 0.0 -0.792145 -0.661152 0.0 -0.792267 -0.661442 0.0 -0.792387 -0.661732 0.0 -0.792508 -0.662022 0.0 -0.792626 -0.662313 0.0 -0.792745 -0.662604 0.0 -0.792861 -0.662896 0.0 -0.792978 -0.663188 0.0 -0.793092 -0.66348 0.0 -0.793207 -0.663772 0.0 -0.79332 -0.664066 0.0 -0.793433 -0.664359 0.0 -0.793544 -0.664653 0.0 -0.793655 -0.664947 0.0 -0.793764 -0.665241 0.0 -0.793873 -0.665536 0.0 -0.793981 -0.665831 0.0 -0.794088 -0.666126 0.0 -0.794194 -0.666422 0.0 -0.794299 -0.666718 0.0 -0.794403 -0.667015 0.0 -0.794506 -0.667311 0.0 -0.794608 -0.667608 0.0 -0.79471 -0.667906 0.0 -0.79481 -0.668203 0.0 -0.79491 -0.668501 0.0 -0.795008 -0.6688 0.0 -0.795106 -0.669098 0.0 -0.795202 -0.669397 0.0 -0.795298 -0.669696 0.0 -0.795392 -0.669996 0.0 -0.795486 -0.670296 0.0 -0.795579 -0.670596 0.0 -0.795671 -0.670896 0.0 -0.795762 -0.671197 0.0 -0.795852 -0.671498 0.0 -0.795941 -0.671799 0.0 -0.796029 -0.672101 0.0 -0.796116 -0.672403 0.0 -0.796203 -0.672705 0.0 -0.796288 -0.673007 0.0 -0.796372 -0.67331 0.0 -0.796455 -0.673613 0.0 -0.796538 -0.673916 0.0 -0.796619 -0.674219 0.0 -0.7967 -0.674523 0.0 -0.796779 -0.674827 0.0 -0.796858 -0.675131 0.0 -0.796935 -0.675436 0.0 -0.797013 -0.67574 0.0 -0.797088 -0.676045 0.0 -0.797163 -0.67635 0.0 -0.797237 -0.676656 0.0 -0.79731 -0.676961 0.0 -0.797381 -0.677267 0.0 -0.797453 -0.677573 0.0 -0.797522 -0.677879 0.0 -0.797592 -0.678186 0.0 -0.797659 -0.678492 0.0 -0.797727 -0.678799 0.0 -0.797792 -0.679107 0.0 -0.797858 -0.679414 0.0 -0.797922 -0.679721 0.0 -0.797986 -0.680029 0.0 -0.798047 -0.680337 0.0 -0.798109 -0.680645 0.0 -0.798169 -0.680953 0.0 -0.798229 -0.681262 0.0 -0.798287 -0.681571 0.0 -0.798345 -0.681879 0.0 -0.7984 -0.682189 0.0 -0.798456 -0.682498 0.0 -0.79851 -0.682807 0.0 -0.798564 -0.683117 0.0 -0.798617 -0.683426 0.0 -0.798669 -0.683736 0.0 -0.798719 -0.684046 0.0 -0.798769 -0.684357 0.0 -0.798817 -0.684667 0.0 -0.798865 -0.684977 0.0 -0.798911 -0.685288 0.0 -0.798958 -0.685599 0.0 -0.799002 -0.68591 0.0 -0.799046 -0.686221 0.0 -0.799088 -0.686532 0.0 -0.799131 -0.686844 0.0 -0.799171 -0.687155 0.0 -0.799211 -0.687467 0.0 -0.79925 -0.687778 0.0 -0.799288 -0.68809 0.0 -0.799325 -0.688402 0.0 -0.799361 -0.688714 0.0 -0.799396 -0.689027 0.0 -0.79943 -0.689339 0.0 -0.799463 -0.689651 0.0 -0.799495 -0.689964 0.0 -0.799526 -0.690276 0.0 -0.799556 -0.690589 0.0 -0.799585 -0.690902 0.0 -0.799613 -0.691215 0.0 -0.79964 -0.691528 0.0 -0.799667 -0.691841 0.0 -0.799691 -0.692154 0.0 -0.799716 -0.692467 0.0 -0.799739 -0.692781 0.0 -0.799761 -0.693094 0.0 -0.799782 -0.693407 0.0 -0.799803 -0.693721 0.0 -0.799821 -0.694035 0.0 -0.79984 -0.694348 0.0 -0.799857 -0.694662 0.0 -0.799874 -0.694976 0.0 -0.799888 -0.695289 0.0 -0.799903 -0.695603 0.0 -0.799916 -0.695917 0.0 -0.799929 -0.696231 0.0 -0.79994 -0.696545 0.0 -0.799951 -0.696859 0.0 -0.79996 -0.697173 0.0 -0.799968 -0.697487 0.0 -0.799975 -0.697801 0.0 -0.799982 -0.698115 0.0 -0.799987 -0.698429 0.0 -0.799992 -0.698743 0.0 -0.799995 -0.699058 0.0 -0.799998 -0.699372 0.0 -0.799999 -0.699686 0.0 -0.8 -0.7 0.0 -0.799999 -0.700314 0.0 -0.799998 -0.700628 0.0 -0.799995 -0.700942 0.0 -0.799992 -0.701257 0.0 -0.799987 -0.701571 0.0 -0.799982 -0.701885 0.0 -0.799975 -0.702199 0.0 -0.799968 -0.702513 0.0 -0.79996 -0.702827 0.0 -0.799951 -0.703141 0.0 -0.79994 -0.703455 0.0 -0.799929 -0.703769 0.0 -0.799916 -0.704083 0.0 -0.799903 -0.704397 0.0 -0.799888 -0.704711 0.0 -0.799874 -0.705024 0.0 -0.799857 -0.705338 0.0 -0.79984 -0.705652 0.0 -0.799821 -0.705965 0.0 -0.799803 -0.706279 0.0 -0.799782 -0.706593 0.0 -0.799761 -0.706906 0.0 -0.799739 -0.707219 0.0 -0.799716 -0.707533 0.0 -0.799691 -0.707846 0.0 -0.799667 -0.708159 0.0 -0.79964 -0.708472 0.0 -0.799613 -0.708785 0.0 -0.799585 -0.709098 0.0 -0.799556 -0.709411 0.0 -0.799526 -0.709724 0.0 -0.799495 -0.710036 0.0 -0.799463 -0.710349 0.0 -0.79943 -0.710661 0.0 -0.799396 -0.710973 0.0 -0.799361 -0.711286 0.0 -0.799325 -0.711598 0.0 -0.799288 -0.71191 0.0 -0.79925 -0.712222 0.0 -0.799211 -0.712533 0.0 -0.799171 -0.712845 0.0 -0.799131 -0.713156 0.0 -0.799088 -0.713468 0.0 -0.799046 -0.713779 0.0 -0.799002 -0.71409 0.0 -0.798958 -0.714401 0.0 -0.798911 -0.714712 0.0 -0.798865 -0.715023 0.0 -0.798817 -0.715333 0.0 -0.798769 -0.715643 0.0 -0.798719 -0.715954 0.0 -0.798669 -0.716264 0.0 -0.798617 -0.716574 0.0 -0.798564 -0.716883 0.0 -0.79851 -0.717193 0.0 -0.798456 -0.717502 0.0 -0.7984 -0.717811 0.0 -0.798345 -0.718121 0.0 -0.798287 -0.718429 0.0 -0.798229 -0.718738 0.0 -0.798169 -0.719047 0.0 -0.798109 -0.719355 0.0 -0.798047 -0.719663 0.0 -0.797986 -0.719971 0.0 -0.797922 -0.720279 0.0 -0.797858 -0.720586 0.0 -0.797792 -0.720893 0.0 -0.797727 -0.721201 0.0 -0.797659 -0.721508 0.0 -0.797592 -0.721814 0.0 -0.797522 -0.722121 0.0 -0.797453 -0.722427 0.0 -0.797381 -0.722733 0.0 -0.79731 -0.723039 0.0 -0.797237 -0.723344 0.0 -0.797163 -0.72365 0.0 -0.797088 -0.723955 0.0 -0.797013 -0.72426 0.0 -0.796935 -0.724564 0.0 -0.796858 -0.724869 0.0 -0.796779 -0.725173 0.0 -0.7967 -0.725477 0.0 -0.796619 -0.725781 0.0 -0.796538 -0.726084 0.0 -0.796455 -0.726387 0.0 -0.796372 -0.72669 0.0 -0.796288 -0.726993 0.0 -0.796203 -0.727295 0.0 -0.796116 -0.727597 0.0 -0.796029 -0.727899 0.0 -0.795941 -0.728201 0.0 -0.795852 -0.728502 0.0 -0.795762 -0.728803 0.0 -0.795671 -0.729104 0.0 -0.795579 -0.729404 0.0 -0.795486 -0.729704 0.0 -0.795392 -0.730004 0.0 -0.795298 -0.730304 0.0 -0.795202 -0.730603 0.0 -0.795106 -0.730902 0.0 -0.795008 -0.7312 0.0 -0.79491 -0.731499 0.0 -0.79481 -0.731797 0.0 -0.79471 -0.732094 0.0 -0.794608 -0.732392 0.0 -0.794506 -0.732689 0.0 -0.794403 -0.732985 0.0 -0.794299 -0.733282 0.0 -0.794194 -0.733578 0.0 -0.794088 -0.733874 0.0 -0.793981 -0.734169 0.0 -0.793873 -0.734464 0.0 -0.793764 -0.734759 0.0 -0.793655 -0.735053 0.0 -0.793544 -0.735347 0.0 -0.793433 -0.735641 0.0 -0.79332 -0.735934 0.0 -0.793207 -0.736228 0.0 -0.793092 -0.73652 0.0 -0.792978 -0.736812 0.0 -0.792861 -0.737104 0.0 -0.792745 -0.737396 0.0 -0.792626 -0.737687 0.0 -0.792508 -0.737978 0.0 -0.792387 -0.738268 0.0 -0.792267 -0.738558 0.0 -0.792145 -0.738848 0.0 -0.792023 -0.739137 0.0 -0.791899 -0.739426 0.0 -0.791775 -0.739715 0.0 -0.79165 -0.740003 0.0 -0.791524 -0.740291 0.0 -0.791397 -0.740578 0.0 -0.791269 -0.740865 0.0 -0.79114 -0.741151 0.0 -0.791011 -0.741438 0.0 -0.79088 -0.741723 0.0 -0.790748 -0.742009 0.0 -0.790616 -0.742293 0.0 -0.790483 -0.742578 0.0 -0.790348 -0.742862 0.0 -0.790213 -0.743146 0.0 -0.790077 -0.743429 0.0 -0.789941 -0.743712 0.0 -0.789802 -0.743994 0.0 -0.789664 -0.744276 0.0 -0.789524 -0.744557 0.0 -0.789384 -0.744838 0.0 -0.789242 -0.745119 0.0 -0.789101 -0.745399 0.0 -0.788957 -0.745679 0.0 -0.788814 -0.745958 0.0 -0.788668 -0.746237 0.0 -0.788523 -0.746515 0.0 -0.788376 -0.746793 0.0 -0.788229 -0.74707 0.0 -0.78808 -0.747347 0.0 -0.787932 -0.747624 0.0 -0.787781 -0.7479 0.0 -0.787631 -0.748175 0.0 -0.787478 -0.74845 0.0 -0.787326 -0.748725 0.0 -0.787172 -0.748999 0.0 -0.787018 -0.749273 0.0 -0.786863 -0.749546 0.0 -0.786707 -0.749819 0.0 -0.78655 -0.75009 0.0 -0.786392 -0.750362 0.0 -0.786233 -0.750633 0.0 -0.786074 -0.750904 0.0 -0.785913 -0.751174 0.0 -0.785753 -0.751444 0.0 -0.78559 -0.751713 0.0 -0.785428 -0.751982 0.0 -0.785264 -0.75225 0.0 -0.785099 -0.752517 0.0 -0.784934 -0.752784 0.0 -0.784768 -0.753051 0.0 -0.7846 -0.753317 0.0 -0.784433 -0.753583 0.0 -0.784264 -0.753847 0.0 -0.784094 -0.754112 0.0 -0.783924 -0.754376 0.0 -0.783753 -0.754639 0.0 -0.78358 -0.754902 0.0 -0.783408 -0.755165 0.0 -0.783234 -0.755426 0.0 -0.78306 -0.755688 0.0 -0.782884 -0.755948 0.0 -0.782708 -0.756208 0.0 -0.782531 -0.756468 0.0 -0.782353 -0.756727 0.0 -0.782174 -0.756985 0.0 -0.781995 -0.757243 0.0 -0.781815 -0.7575 0.0 -0.781634 -0.757757 0.0 -0.781452 -0.758013 0.0 -0.781269 -0.758269 0.0 -0.781086 -0.758524 0.0 -0.780902 -0.758779 0.0 -0.780716 -0.759032 0.0 -0.780531 -0.759286 0.0 -0.780344 -0.759538 0.0 -0.780157 -0.75979 0.0 -0.779968 -0.760042 0.0 -0.779779 -0.760293 0.0 -0.779589 -0.760543 0.0 -0.779399 -0.760793 0.0 -0.779207 -0.761042 0.0 -0.779016 -0.761291 0.0 -0.778822 -0.761538 0.0 -0.778629 -0.761786 0.0 -0.778434 -0.762032 0.0 -0.778239 -0.762279 0.0 -0.778043 -0.762524 0.0 -0.777846 -0.762769 0.0 -0.777648 -0.763013 0.0 -0.77745 -0.763257 0.0 -0.777251 -0.7635 0.0 -0.777051 -0.763742 0.0 -0.77685 -0.763984 0.0 -0.776649 -0.764225 0.0 -0.776447 -0.764465 0.0 -0.776244 -0.764706 0.0 -0.77604 -0.764944 0.0 -0.775836 -0.765183 0.0 -0.775631 -0.765421 0.0 -0.775425 -0.765659 0.0 -0.775218 -0.765895 0.0 -0.775011 -0.766131 0.0 -0.774803 -0.766366 0.0 -0.774594 -0.766601 0.0 -0.774384 -0.766835 0.0 -0.774174 -0.767069 0.0 -0.773963 -0.767301 0.0 -0.773751 -0.767533 0.0 -0.773538 -0.767764 0.0 -0.773326 -0.767995 0.0 -0.773111 -0.768225 0.0 -0.772897 -0.768455 0.0 -0.772681 -0.768683 0.0 -0.772465 -0.768911 0.0 -0.772248 -0.769138 0.0 -0.772031 -0.769365 0.0 -0.771812 -0.769591 0.0 -0.771594 -0.769817 0.0 -0.771374 -0.770041 0.0 -0.771154 -0.770265 0.0 -0.770932 -0.770488 0.0 -0.770711 -0.770711 0.0 -0.770488 -0.770932 0.0 -0.770265 -0.771154 0.0 -0.770041 -0.771374 0.0 -0.769817 -0.771594 0.0 -0.769591 -0.771812 0.0 -0.769365 -0.772031 0.0 -0.769138 -0.772248 0.0 -0.768911 -0.772465 0.0 -0.768683 -0.772681 0.0 -0.768455 -0.772897 0.0 -0.768225 -0.773111 0.0 -0.767995 -0.773326 0.0 -0.767764 -0.773538 0.0 -0.767533 -0.773751 0.0 -0.767301 -0.773963 0.0 -0.767069 -0.774174 0.0 -0.766835 -0.774384 0.0 -0.766601 -0.774594 0.0 -0.766366 -0.774803 0.0 -0.766131 -0.775011 0.0 -0.765895 -0.775218 0.0 -0.765659 -0.775425 0.0 -0.765421 -0.775631 0.0 -0.765183 -0.775836 0.0 -0.764944 -0.77604 0.0 -0.764706 -0.776244 0.0 -0.764465 -0.776447 0.0 -0.764225 -0.776649 0.0 -0.763984 -0.77685 0.0 -0.763742 -0.777051 0.0 -0.7635 -0.777251 0.0 -0.763257 -0.77745 0.0 -0.763013 -0.777648 0.0 -0.762769 -0.777846 0.0 -0.762524 -0.778043 0.0 -0.762279 -0.778239 0.0 -0.762032 -0.778434 0.0 -0.761786 -0.778629 0.0 -0.761538 -0.778822 0.0 -0.761291 -0.779016 0.0 -0.761042 -0.779207 0.0 -0.760793 -0.779399 0.0 -0.760543 -0.779589 0.0 -0.760293 -0.779779 0.0 -0.760042 -0.779968 0.0 -0.75979 -0.780157 0.0 -0.759538 -0.780344 0.0 -0.759286 -0.780531 0.0 -0.759032 -0.780716 0.0 -0.758779 -0.780902 0.0 -0.758524 -0.781086 0.0 -0.758269 -0.781269 0.0 -0.758013 -0.781452 0.0 -0.757757 -0.781634 0.0 -0.7575 -0.781815 0.0 -0.757243 -0.781995 0.0 -0.756985 -0.782174 0.0 -0.756727 -0.782353 0.0 -0.756468 -0.782531 0.0 -0.756208 -0.782708 0.0 -0.755948 -0.782884 0.0 -0.755688 -0.78306 0.0 -0.755426 -0.783234 0.0 -0.755165 -0.783408 0.0 -0.754902 -0.78358 0.0 -0.754639 -0.783753 0.0 -0.754376 -0.783924 0.0 -0.754112 -0.784094 0.0 -0.753847 -0.784264 0.0 -0.753583 -0.784433 0.0 -0.753317 -0.7846 0.0 -0.753051 -0.784768 0.0 -0.752784 -0.784934 0.0 -0.752517 -0.785099 0.0 -0.75225 -0.785264 0.0 -0.751982 -0.785428 0.0 -0.751713 -0.78559 0.0 -0.751444 -0.785753 0.0 -0.751174 -0.785913 0.0 -0.750904 -0.786074 0.0 -0.750633 -0.786233 0.0 -0.750362 -0.786392 0.0 -0.75009 -0.78655 0.0 -0.749819 -0.786707 0.0 -0.749546 -0.786863 0.0 -0.749273 -0.787018 0.0 -0.748999 -0.787172 0.0 -0.748725 -0.787326 0.0 -0.74845 -0.787478 0.0 -0.748175 -0.787631 0.0 -0.7479 -0.787781 0.0 -0.747624 -0.787932 0.0 -0.747347 -0.78808 0.0 -0.74707 -0.788229 0.0 -0.746793 -0.788376 0.0 -0.746515 -0.788523 0.0 -0.746237 -0.788668 0.0 -0.745958 -0.788814 0.0 -0.745679 -0.788957 0.0 -0.745399 -0.789101 0.0 -0.745119 -0.789242 0.0 -0.744838 -0.789384 0.0 -0.744557 -0.789524 0.0 -0.744276 -0.789664 0.0 -0.743994 -0.789802 0.0 -0.743712 -0.789941 0.0 -0.743429 -0.790077 0.0 -0.743146 -0.790213 0.0 -0.742862 -0.790348 0.0 -0.742578 -0.790483 0.0 -0.742293 -0.790616 0.0 -0.742009 -0.790748 0.0 -0.741723 -0.79088 0.0 -0.741438 -0.791011 0.0 -0.741151 -0.79114 0.0 -0.740865 -0.791269 0.0 -0.740578 -0.791397 0.0 -0.740291 -0.791524 0.0 -0.740003 -0.79165 0.0 -0.739715 -0.791775 0.0 -0.739426 -0.791899 0.0 -0.739137 -0.792023 0.0 -0.738848 -0.792145 0.0 -0.738558 -0.792267 0.0 -0.738268 -0.792387 0.0 -0.737978 -0.792508 0.0 -0.737687 -0.792626 0.0 -0.737396 -0.792745 0.0 -0.737104 -0.792861 0.0 -0.736812 -0.792978 0.0 -0.73652 -0.793092 0.0 -0.736228 -0.793207 0.0 -0.735934 -0.79332 0.0 -0.735641 -0.793433 0.0 -0.735347 -0.793544 0.0 -0.735053 -0.793655 0.0 -0.734759 -0.793764 0.0 -0.734464 -0.793873 0.0 -0.734169 -0.793981 0.0 -0.733874 -0.794088 0.0 -0.733578 -0.794194 0.0 -0.733282 -0.794299 0.0 -0.732985 -0.794403 0.0 -0.732689 -0.794506 0.0 -0.732392 -0.794608 0.0 -0.732094 -0.79471 0.0 -0.731797 -0.79481 0.0 -0.731499 -0.79491 0.0 -0.7312 -0.795008 0.0 -0.730902 -0.795106 0.0 -0.730603 -0.795202 0.0 -0.730304 -0.795298 0.0 -0.730004 -0.795392 0.0 -0.729704 -0.795486 0.0 -0.729404 -0.795579 0.0 -0.729104 -0.795671 0.0 -0.728803 -0.795762 0.0 -0.728502 -0.795852 0.0 -0.728201 -0.795941 0.0 -0.727899 -0.796029 0.0 -0.727597 -0.796116 0.0 -0.727295 -0.796203 0.0 -0.726993 -0.796288 0.0 -0.72669 -0.796372 0.0 -0.726387 -0.796455 0.0 -0.726084 -0.796538 0.0 -0.725781 -0.796619 0.0 -0.725477 -0.7967 0.0 -0.725173 -0.796779 0.0 -0.724869 -0.796858 0.0 -0.724564 -0.796935 0.0 -0.72426 -0.797013 0.0 -0.723955 -0.797088 0.0 -0.72365 -0.797163 0.0 -0.723344 -0.797237 0.0 -0.723039 -0.79731 0.0 -0.722733 -0.797381 0.0 -0.722427 -0.797453 0.0 -0.722121 -0.797522 0.0 -0.721814 -0.797592 0.0 -0.721508 -0.797659 0.0 -0.721201 -0.797727 0.0 -0.720893 -0.797792 0.0 -0.720586 -0.797858 0.0 -0.720279 -0.797922 0.0 -0.719971 -0.797986 0.0 -0.719663 -0.798047 0.0 -0.719355 -0.798109 0.0 -0.719047 -0.798169 0.0 -0.718738 -0.798229 0.0 -0.718429 -0.798287 0.0 -0.718121 -0.798345 0.0 -0.717811 -0.7984 0.0 -0.717502 -0.798456 0.0 -0.717193 -0.79851 0.0 -0.716883 -0.798564 0.0 -0.716574 -0.798617 0.0 -0.716264 -0.798669 0.0 -0.715954 -0.798719 0.0 -0.715643 -0.798769 0.0 -0.715333 -0.798817 0.0 -0.715023 -0.798865 0.0 -0.714712 -0.798911 0.0 -0.714401 -0.798958 0.0 -0.71409 -0.799002 0.0 -0.713779 -0.799046 0.0 -0.713468 -0.799088 0.0 -0.713156 -0.799131 0.0 -0.712845 -0.799171 0.0 -0.712533 -0.799211 0.0 -0.712222 -0.79925 0.0 -0.71191 -0.799288 0.0 -0.711598 -0.799325 0.0 -0.711286 -0.799361 0.0 -0.710973 -0.799396 0.0 -0.710661 -0.79943 0.0 -0.710349 -0.799463 0.0 -0.710036 -0.799495 0.0 -0.709724 -0.799526 0.0 -0.709411 -0.799556 0.0 -0.709098 -0.799585 0.0 -0.708785 -0.799613 0.0 -0.708472 -0.79964 0.0 -0.708159 -0.799667 0.0 -0.707846 -0.799691 0.0 -0.707533 -0.799716 0.0 -0.707219 -0.799739 0.0 -0.706906 -0.799761 0.0 -0.706593 -0.799782 0.0 -0.706279 -0.799803 0.0 -0.705965 -0.799821 0.0 -0.705652 -0.79984 0.0 -0.705338 -0.799857 0.0 -0.705024 -0.799874 0.0 -0.704711 -0.799888 0.0 -0.704397 -0.799903 0.0 -0.704083 -0.799916 0.0 -0.703769 -0.799929 0.0 -0.703455 -0.79994 0.0 -0.703141 -0.799951 0.0 -0.702827 -0.79996 0.0 -0.702513 -0.799968 0.0 -0.702199 -0.799975 0.0 -0.701885 -0.799982 0.0 -0.701571 -0.799987 0.0 -0.701257 -0.799992 0.0 -0.700942 -0.799995 0.0 -0.700628 -0.799998 0.0 -0.700314 -0.799999 0.0 -0.7 -0.8 0.0 -0.699686 -0.799999 0.0 -0.699372 -0.799998 0.0 -0.699058 -0.799995 0.0 -0.698743 -0.799992 0.0 -0.698429 -0.799987 0.0 -0.698115 -0.799982 0.0 -0.697801 -0.799975 0.0 -0.697487 -0.799968 0.0 -0.697173 -0.79996 0.0 -0.696859 -0.799951 0.0 -0.696545 -0.79994 0.0 -0.696231 -0.799929 0.0 -0.695917 -0.799916 0.0 -0.695603 -0.799903 0.0 -0.695289 -0.799888 0.0 -0.694976 -0.799874 0.0 -0.694662 -0.799857 0.0 -0.694348 -0.79984 0.0 -0.694035 -0.799821 0.0 -0.693721 -0.799803 0.0 -0.693407 -0.799782 0.0 -0.693094 -0.799761 0.0 -0.692781 -0.799739 0.0 -0.692467 -0.799716 0.0 -0.692154 -0.799691 0.0 -0.691841 -0.799667 0.0 -0.691528 -0.79964 0.0 -0.691215 -0.799613 0.0 -0.690902 -0.799585 0.0 -0.690589 -0.799556 0.0 -0.690276 -0.799526 0.0 -0.689964 -0.799495 0.0 -0.689651 -0.799463 0.0 -0.689339 -0.79943 0.0 -0.689027 -0.799396 0.0 -0.688714 -0.799361 0.0 -0.688402 -0.799325 0.0 -0.68809 -0.799288 0.0 -0.687778 -0.79925 0.0 -0.687467 -0.799211 0.0 -0.687155 -0.799171 0.0 -0.686844 -0.799131 0.0 -0.686532 -0.799088 0.0 -0.686221 -0.799046 0.0 -0.68591 -0.799002 0.0 -0.685599 -0.798958 0.0 -0.685288 -0.798911 0.0 -0.684977 -0.798865 0.0 -0.684667 -0.798817 0.0 -0.684357 -0.798769 0.0 -0.684046 -0.798719 0.0 -0.683736 -0.798669 0.0 -0.683426 -0.798617 0.0 -0.683117 -0.798564 0.0 -0.682807 -0.79851 0.0 -0.682498 -0.798456 0.0 -0.682189 -0.7984 0.0 -0.681879 -0.798345 0.0 -0.681571 -0.798287 0.0 -0.681262 -0.798229 0.0 -0.680953 -0.798169 0.0 -0.680645 -0.798109 0.0 -0.680337 -0.798047 0.0 -0.680029 -0.797986 0.0 -0.679721 -0.797922 0.0 -0.679414 -0.797858 0.0 -0.679107 -0.797792 0.0 -0.678799 -0.797727 0.0 -0.678492 -0.797659 0.0 -0.678186 -0.797592 0.0 -0.677879 -0.797522 0.0 -0.677573 -0.797453 0.0 -0.677267 -0.797381 0.0 -0.676961 -0.79731 0.0 -0.676656 -0.797237 0.0 -0.67635 -0.797163 0.0 -0.676045 -0.797088 0.0 -0.67574 -0.797013 0.0 -0.675436 -0.796935 0.0 -0.675131 -0.796858 0.0 -0.674827 -0.796779 0.0 -0.674523 -0.7967 0.0 -0.674219 -0.796619 0.0 -0.673916 -0.796538 0.0 -0.673613 -0.796455 0.0 -0.67331 -0.796372 0.0 -0.673007 -0.796288 0.0 -0.672705 -0.796203 0.0 -0.672403 -0.796116 0.0 -0.672101 -0.796029 0.0 -0.671799 -0.795941 0.0 -0.671498 -0.795852 0.0 -0.671197 -0.795762 0.0 -0.670896 -0.795671 0.0 -0.670596 -0.795579 0.0 -0.670296 -0.795486 0.0 -0.669996 -0.795392 0.0 -0.669696 -0.795298 0.0 -0.669397 -0.795202 0.0 -0.669098 -0.795106 0.0 -0.6688 -0.795008 0.0 -0.668501 -0.79491 0.0 -0.668203 -0.79481 0.0 -0.667906 -0.79471 0.0 -0.667608 -0.794608 0.0 -0.667311 -0.794506 0.0 -0.667015 -0.794403 0.0 -0.666718 -0.794299 0.0 -0.666422 -0.794194 0.0 -0.666126 -0.794088 0.0 -0.665831 -0.793981 0.0 -0.665536 -0.793873 0.0 -0.665241 -0.793764 0.0 -0.664947 -0.793655 0.0 -0.664653 -0.793544 0.0 -0.664359 -0.793433 0.0 -0.664066 -0.79332 0.0 -0.663772 -0.793207 0.0 -0.66348 -0.793092 0.0 -0.663188 -0.792978 0.0 -0.662896 -0.792861 0.0 -0.662604 -0.792745 0.0 -0.662313 -0.792626 0.0 -0.662022 -0.792508 0.0 -0.661732 -0.792387 0.0 -0.661442 -0.792267 0.0 -0.661152 -0.792145 0.0 -0.660863 -0.792023 0.0 -0.660574 -0.791899 0.0 -0.660285 -0.791775 0.0 -0.659997 -0.79165 0.0 -0.659709 -0.791524 0.0 -0.659422 -0.791397 0.0 -0.659135 -0.791269 0.0 -0.658849 -0.79114 0.0 -0.658562 -0.791011 0.0 -0.658277 -0.79088 0.0 -0.657991 -0.790748 0.0 -0.657707 -0.790616 0.0 -0.657422 -0.790483 0.0 -0.657138 -0.790348 0.0 -0.656854 -0.790213 0.0 -0.656571 -0.790077 0.0 -0.656288 -0.789941 0.0 -0.656006 -0.789802 0.0 -0.655724 -0.789664 0.0 -0.655443 -0.789524 0.0 -0.655162 -0.789384 0.0 -0.654881 -0.789242 0.0 -0.654601 -0.789101 0.0 -0.654321 -0.788957 0.0 -0.654042 -0.788814 0.0 -0.653763 -0.788668 0.0 -0.653485 -0.788523 0.0 -0.653207 -0.788376 0.0 -0.65293 -0.788229 0.0 -0.652653 -0.78808 0.0 -0.652376 -0.787932 0.0 -0.6521 -0.787781 0.0 -0.651825 -0.787631 0.0 -0.65155 -0.787478 0.0 -0.651275 -0.787326 0.0 -0.651001 -0.787172 0.0 -0.650727 -0.787018 0.0 -0.650454 -0.786863 0.0 -0.650181 -0.786707 0.0 -0.64991 -0.78655 0.0 -0.649638 -0.786392 0.0 -0.649367 -0.786233 0.0 -0.649096 -0.786074 0.0 -0.648826 -0.785913 0.0 -0.648556 -0.785753 0.0 -0.648287 -0.78559 0.0 -0.648018 -0.785428 0.0 -0.64775 -0.785264 0.0 -0.647483 -0.785099 0.0 -0.647216 -0.784934 0.0 -0.646949 -0.784768 0.0 -0.646683 -0.7846 0.0 -0.646417 -0.784433 0.0 -0.646153 -0.784264 0.0 -0.645888 -0.784094 0.0 -0.645624 -0.783924 0.0 -0.645361 -0.783753 0.0 -0.645098 -0.78358 0.0 -0.644835 -0.783408 0.0 -0.644574 -0.783234 0.0 -0.644312 -0.78306 0.0 -0.644052 -0.782884 0.0 -0.643792 -0.782708 0.0 -0.643532 -0.782531 0.0 -0.643273 -0.782353 0.0 -0.643015 -0.782174 0.0 -0.642757 -0.781995 0.0 -0.6425 -0.781815 0.0 -0.642243 -0.781634 0.0 -0.641987 -0.781452 0.0 -0.641731 -0.781269 0.0 -0.641476 -0.781086 0.0 -0.641221 -0.780902 0.0 -0.640968 -0.780716 0.0 -0.640714 -0.780531 0.0 -0.640462 -0.780344 0.0 -0.64021 -0.780157 0.0 -0.639958 -0.779968 0.0 -0.639707 -0.779779 0.0 -0.639457 -0.779589 0.0 -0.639207 -0.779399 0.0 -0.638958 -0.779207 0.0 -0.638709 -0.779016 0.0 -0.638462 -0.778822 0.0 -0.638214 -0.778629 0.0 -0.637968 -0.778434 0.0 -0.637721 -0.778239 0.0 -0.637476 -0.778043 0.0 -0.637231 -0.777846 0.0 -0.636987 -0.777648 0.0 -0.636743 -0.77745 0.0 -0.6365 -0.777251 0.0 -0.636258 -0.777051 0.0 -0.636016 -0.77685 0.0 -0.635775 -0.776649 0.0 -0.635535 -0.776447 0.0 -0.635294 -0.776244 0.0 -0.635056 -0.77604 0.0 -0.634817 -0.775836 0.0 -0.634579 -0.775631 0.0 -0.634341 -0.775425 0.0 -0.634105 -0.775218 0.0 -0.633869 -0.775011 0.0 -0.633634 -0.774803 0.0 -0.633399 -0.774594 0.0 -0.633165 -0.774384 0.0 -0.632931 -0.774174 0.0 -0.632699 -0.773963 0.0 -0.632467 -0.773751 0.0 -0.632236 -0.773538 0.0 -0.632005 -0.773326 0.0 -0.631775 -0.773111 0.0 -0.631545 -0.772897 0.0 -0.631317 -0.772681 0.0 -0.631089 -0.772465 0.0 -0.630862 -0.772248 0.0 -0.630635 -0.772031 0.0 -0.630409 -0.771812 0.0 -0.630183 -0.771594 0.0 -0.629959 -0.771374 0.0 -0.629735 -0.771154 0.0 -0.629512 -0.770932 0.0 -0.629289 -0.770711 0.0 -0.629068 -0.770488 0.0 -0.628846 -0.770265 0.0 -0.628626 -0.770041 0.0 -0.628406 -0.769817 0.0 -0.628188 -0.769591 0.0 -0.627969 -0.769365 0.0 -0.627752 -0.769138 0.0 -0.627535 -0.768911 0.0 -0.627319 -0.768683 0.0 -0.627103 -0.768455 0.0 -0.626889 -0.768225 0.0 -0.626674 -0.767995 0.0 -0.626462 -0.767764 0.0 -0.626249 -0.767533 0.0 -0.626037 -0.767301 0.0 -0.625826 -0.767069 0.0 -0.625616 -0.766835 0.0 -0.625406 -0.766601 0.0 -0.625197 -0.766366 0.0 -0.624989 -0.766131 0.0 -0.624782 -0.765895 0.0 -0.624575 -0.765659 0.0 -0.624369 -0.765421 0.0 -0.624164 -0.765183 0.0 -0.62396 -0.764944 0.0 -0.623756 -0.764706 0.0 -0.623553 -0.764465 0.0 -0.623351 -0.764225 0.0 -0.62315 -0.763984 0.0 -0.622949 -0.763742 0.0 -0.622749 -0.7635 0.0 -0.62255 -0.763257 0.0 -0.622352 -0.763013 0.0 -0.622154 -0.762769 0.0 -0.621957 -0.762524 0.0 -0.621761 -0.762279 0.0 -0.621566 -0.762032 0.0 -0.621371 -0.761786 0.0 -0.621178 -0.761538 0.0 -0.620984 -0.761291 0.0 -0.620793 -0.761042 0.0 -0.620601 -0.760793 0.0 -0.620411 -0.760543 0.0 -0.620221 -0.760293 0.0 -0.620032 -0.760042 0.0 -0.619843 -0.75979 0.0 -0.619656 -0.759538 0.0 -0.619469 -0.759286 0.0 -0.619284 -0.759032 0.0 -0.619098 -0.758779 0.0 -0.618914 -0.758524 0.0 -0.618731 -0.758269 0.0 -0.618548 -0.758013 0.0 -0.618366 -0.757757 0.0 -0.618185 -0.7575 0.0 -0.618005 -0.757243 0.0 -0.617826 -0.756985 0.0 -0.617647 -0.756727 0.0 -0.617469 -0.756468 0.0 -0.617292 -0.756208 0.0 -0.617116 -0.755948 0.0 -0.61694 -0.755688 0.0 -0.616766 -0.755426 0.0 -0.616592 -0.755165 0.0 -0.61642 -0.754902 0.0 -0.616247 -0.754639 0.0 -0.616076 -0.754376 0.0 -0.615906 -0.754112 0.0 -0.615736 -0.753847 0.0 -0.615567 -0.753583 0.0 -0.6154 -0.753317 0.0 -0.615232 -0.753051 0.0 -0.615066 -0.752784 0.0 -0.614901 -0.752517 0.0 -0.614736 -0.75225 0.0 -0.614572 -0.751982 0.0 -0.61441 -0.751713 0.0 -0.614247 -0.751444 0.0 -0.614087 -0.751174 0.0 -0.613926 -0.750904 0.0 -0.613767 -0.750633 0.0 -0.613608 -0.750362 0.0 -0.61345 -0.75009 0.0 -0.613293 -0.749819 0.0 -0.613137 -0.749546 0.0 -0.612982 -0.749273 0.0 -0.612828 -0.748999 0.0 -0.612674 -0.748725 0.0 -0.612522 -0.74845 0.0 -0.612369 -0.748175 0.0 -0.612219 -0.7479 0.0 -0.612068 -0.747624 0.0 -0.61192 -0.747347 0.0 -0.611771 -0.74707 0.0 -0.611624 -0.746793 0.0 -0.611477 -0.746515 0.0 -0.611332 -0.746237 0.0 -0.611186 -0.745958 0.0 -0.611043 -0.745679 0.0 -0.610899 -0.745399 0.0 -0.610758 -0.745119 0.0 -0.610616 -0.744838 0.0 -0.610476 -0.744557 0.0 -0.610336 -0.744276 0.0 -0.610198 -0.743994 0.0 -0.610059 -0.743712 0.0 -0.609923 -0.743429 0.0 -0.609787 -0.743146 0.0 -0.609652 -0.742862 0.0 -0.609517 -0.742578 0.0 -0.609384 -0.742293 0.0 -0.609252 -0.742009 0.0 -0.60912 -0.741723 0.0 -0.608989 -0.741438 0.0 -0.60886 -0.741151 0.0 -0.608731 -0.740865 0.0 -0.608603 -0.740578 0.0 -0.608476 -0.740291 0.0 -0.60835 -0.740003 0.0 -0.608225 -0.739715 0.0 -0.608101 -0.739426 0.0 -0.607977 -0.739137 0.0 -0.607855 -0.738848 0.0 -0.607733 -0.738558 0.0 -0.607613 -0.738268 0.0 -0.607492 -0.737978 0.0 -0.607374 -0.737687 0.0 -0.607255 -0.737396 0.0 -0.607139 -0.737104 0.0 -0.607022 -0.736812 0.0 -0.606908 -0.73652 0.0 -0.606793 -0.736228 0.0 -0.60668 -0.735934 0.0 -0.606567 -0.735641 0.0 -0.606456 -0.735347 0.0 -0.606345 -0.735053 0.0 -0.606236 -0.734759 0.0 -0.606127 -0.734464 0.0 -0.606019 -0.734169 0.0 -0.605912 -0.733874 0.0 -0.605806 -0.733578 0.0 -0.605701 -0.733282 0.0 -0.605597 -0.732985 0.0 -0.605494 -0.732689 0.0 -0.605392 -0.732392 0.0 -0.60529 -0.732094 0.0 -0.60519 -0.731797 0.0 -0.60509 -0.731499 0.0 -0.604992 -0.7312 0.0 -0.604894 -0.730902 0.0 -0.604798 -0.730603 0.0 -0.604702 -0.730304 0.0 -0.604608 -0.730004 0.0 -0.604514 -0.729704 0.0 -0.604421 -0.729404 0.0 -0.604329 -0.729104 0.0 -0.604238 -0.728803 0.0 -0.604148 -0.728502 0.0 -0.604059 -0.728201 0.0 -0.603971 -0.727899 0.0 -0.603884 -0.727597 0.0 -0.603797 -0.727295 0.0 -0.603712 -0.726993 0.0 -0.603628 -0.72669 0.0 -0.603545 -0.726387 0.0 -0.603462 -0.726084 0.0 -0.603381 -0.725781 0.0 -0.6033 -0.725477 0.0 -0.603221 -0.725173 0.0 -0.603142 -0.724869 0.0 -0.603065 -0.724564 0.0 -0.602987 -0.72426 0.0 -0.602912 -0.723955 0.0 -0.602837 -0.72365 0.0 -0.602763 -0.723344 0.0 -0.60269 -0.723039 0.0 -0.602619 -0.722733 0.0 -0.602547 -0.722427 0.0 -0.602478 -0.722121 0.0 -0.602408 -0.721814 0.0 -0.602341 -0.721508 0.0 -0.602273 -0.721201 0.0 -0.602208 -0.720893 0.0 -0.602142 -0.720586 0.0 -0.602078 -0.720279 0.0 -0.602014 -0.719971 0.0 -0.601953 -0.719663 0.0 -0.601891 -0.719355 0.0 -0.601831 -0.719047 0.0 -0.601771 -0.718738 0.0 -0.601713 -0.718429 0.0 -0.601655 -0.718121 0.0 -0.6016 -0.717811 0.0 -0.601544 -0.717502 0.0 -0.60149 -0.717193 0.0 -0.601436 -0.716883 0.0 -0.601383 -0.716574 0.0 -0.601331 -0.716264 0.0 -0.601281 -0.715954 0.0 -0.601231 -0.715643 0.0 -0.601183 -0.715333 0.0 -0.601135 -0.715023 0.0 -0.601089 -0.714712 0.0 -0.601042 -0.714401 0.0 -0.600998 -0.71409 0.0 -0.600954 -0.713779 0.0 -0.600912 -0.713468 0.0 -0.600869 -0.713156 0.0 -0.600829 -0.712845 0.0 -0.600789 -0.712533 0.0 -0.60075 -0.712222 0.0 -0.600712 -0.71191 0.0 -0.600675 -0.711598 0.0 -0.600639 -0.711286 0.0 -0.600604 -0.710973 0.0 -0.60057 -0.710661 0.0 -0.600537 -0.710349 0.0 -0.600505 -0.710036 0.0 -0.600474 -0.709724 0.0 -0.600444 -0.709411 0.0 -0.600415 -0.709098 0.0 -0.600387 -0.708785 0.0 -0.60036 -0.708472 0.0 -0.600333 -0.708159 0.0 -0.600309 -0.707846 0.0 -0.600284 -0.707533 0.0 -0.600261 -0.707219 0.0 -0.600239 -0.706906 0.0 -0.600218 -0.706593 0.0 -0.600197 -0.706279 0.0 -0.600179 -0.705965 0.0 -0.60016 -0.705652 0.0 -0.600143 -0.705338 0.0 -0.600126 -0.705024 0.0 -0.600112 -0.704711 0.0 -0.600097 -0.704397 0.0 -0.600084 -0.704083 0.0 -0.600071 -0.703769 0.0 -0.60006 -0.703455 0.0 -0.600049 -0.703141 0.0 -0.60004 -0.702827 0.0 -0.600032 -0.702513 0.0 -0.600025 -0.702199 0.0 -0.600018 -0.701885 0.0 -0.600013 -0.701571 0.0 -0.600008 -0.701257 0.0 -0.600005 -0.700942 0.0 -0.600002 -0.700628 0.0 -0.600001 -0.700314 0.0 
        </DataArray>
      </Points>
      <Polys>
        <DataArray type="Int64" Name="connectivity" format="ascii">
0 1 1 2 2 3 3 4 4 5 5 6 6 7 7 8 8 9 9 10 10 11 11 12 12 13 13 14 14 15 15 16 16 17 17 18 18 19 19 20 20 21 21 22 22 23 23 24 24 25 25 26 26 27 27 28 28 29 29 30 30 31 31 32 32 33 33 34 34 35 35 36 36 37 37 38 38 39 39 40 40 41 41 42 42 43 43 44 44 45 45 46 46 47 47 48 48 49 49 50 50 51 51 52 52 53 53 54 54 55 55 56 56 57 57 58 58 59 59 60 60 61 61 62 62 63 63 64 64 65 65 66 66 67 67 68 68 69 69 70 70 71 71 72 72 73 73 74 74 75 75 76 76 77 77 78 78 79 79 80 80 81 81 82 82 83 83 84 84 85 85 86 86 87 87 88 88 89 89 90 90 91 91 92 92 93 93 94 94 95 95 96 96 97 97 98 98 99 99 100 100 101 101 102 102 103 103 104 104 105 105 106 106 107 107 108 108 109 109 110 110 111 111 112 112 113 113 114 114 115 115 116 116 117 117 118 118 119 119 120 120 121 121 122 122 123 123 124 124 125 125 126 126 127 127 128 128 129 129 130 130 131 131 132 132 133 133 134 134 135 135 136 136 137 137 138 138 139 139 140 140 141 141 142 142 143 143 144 144 145 145 146 146 147 147 148 148 149 149 150 150 151 151 152 152 153 153 154 154 155 155 156 156 157 157 158 158 159 159 160 160 161 161 162 162 163 163 164 164 165 165 166 166 167 167 168 168 169 169 170 170 171 171 172 172 173 173 174 174 175 175 176 176 177 177 178 178 179 179 180 180 181 181 182 182 183 183 184 184 185 185 186 186 187 187 188 188 189 189 190 190 191 191 192 192 193 193 194 194 195 195 196 196 197 197 198 198 199 199 200 200 201 201 202 202 203 203 204 204 205 205 206 206 207 207 208 208 209 209 210 210 211 211 212 212 213 213 214 214 215 215 216 216 217 217 218 218 219 219 220 220 221 221 222 222 223 223 224 224 225 225 226 226 227 227 228 228 229 229 230 230 231 231 232 232 233 233 234 234 235 235 236 236 237 237 238 238 239 239 240 240 241 241 242 242 243 243 244 244 245 245 246 246 247 247 248 248 249 249 250 250 251 251 252 252 253 253 254 254 255 255 256 256 257 257 258 258 259 259 260 260 261 261 262 262 263 263 264 264 265 265 266 266 267 267 268 268 269 269 270 270 271 271 272 272 273 273 274 274 275 275 276 276 277 277 278 278 279 279 280 280 281 281 282 282 283 283 284 284 285 285 286 286 287 287 288 288 289 289 290 290 291 291 292 292 293 293 294 294 295 295 296 296 297 297 298 298 299 299 300 300 301 301 302 302 303 303 304 304 305 305 306 306 307 307 308 308 309 309 310 310 311 311 312 312 313 313 314 314 315 315 316 316 317 317 318 318 319 319 320 320 321 321 322 322 323 323 324 324 325 325 326 326 327 327 328 328 329 329 330 330 331 331 332 332 333 333 334 334 335 335 336 336 337 337 338 338 339 339 340 340 341 341 342 342 343 343 344 344 345 345 346 346 347 347 348 348 349 349 350 350 351 351 352 352 353 353 354 354 355 355 356 356 357 357 358 358 359 359 360 360 361 361 362 362 363 363 364 364 365 365 366 366 367 367 368 368 369 369 370 370 371 371 372 372 373 373 374 374 375 375 376 376 377 377 378 378 379 379 380 380 381 381 382 382 383 383 384 384 385 385 386 386 387 387 388 388 389 389 390 390 391 391 392 392 393 393 394 394 395 395 396 396 397 397 398 398 399 399 400 400 401 401 402 402 403 403 404 404 405 405 406 406 407 407 408 408 409 409 410 410 411 411 412 412 413 413 414 414 415 415 416 416 417 417 418 418 419 419 420 420 421 421 422 422 423 423 424 424 425 425 426 426 427 427 428 428 429 429 430 430 431 431 432 432 433 433 434 434 435 435 436 436 437 437 438 438 439 439 440 440 441 441 442 442 443 443 444 444 445 445 446 446 447 447 448 448 449 449 450 450 451 451 452 452 453 453 454 454 455 455 456 456 457 457 458 458 459 459 460 460 461 461 462 462 463 463 464 464 465 465 466 466 467 467 468 468 469 469 470 470 471 471 472 472 473 473 474 474 475 475 476 476 477 477 478 478 479 479 480 480 481 481 482 482 483 483 484 484 485 485 486 486 487 487 488 488 489 489 490 490 491 491 492 492 493 493 494 494 495 495 496 496 497 497 498 498 499 499 500 500 501 501 502 502 503 503 504 504 505 505 506 506 507 507 508 508 509 509 510 510 511 511 512 512 513 513 514 514 515 515 516 516 517 517 518 518 519 519 520 520 521 521 522 522 523 523 524 524 525 525 526 526 527 527 528 528 529 529 530 530 531 531 532 532 533 533 534 534 535 535 536 536 537 537 538 538 539 539 540 540 541 541 542 542 543 543 544 544 545 545 546 546 547 547 548 548 549 549 550 550 551 551 552 552 553 553 554 554 555 555 556 556 557 557 558 558 559 559 560 560 561 561 562 562 563 563 564 564 565 565 566 566 567 567 568 568 569 569 570 570 571 571 572 572 573 573 574 574 575 575 576 576 577 577 578 578 579 579 580 580 581 581 582 582 583 583 584 584 585 585 586 586 587 587 588 588 589 589 590 590 591 591 592 592 593 593 594 594 595 595 596 596 597 597 598 598 599 599 600 600 601 601 602 602 603 603 604 604 605 605 606 606 607 607 608 608 609 609 610 610 611 611 612 612 613 613 614 614 615 615 616 616 617 617 618 618 619 619 620 620 621 621 622 622 623 623 624 624 625 625 626 626 627 627 628 628 629 629 630 630 631 631 632 632 633 633 634 634 635 635 636 636 637 637 638 638 639 639 640 640 641 641 642 642 643 643 644 644 645 645 646 646 647 647 648 648 649 649 650 650 651 651 652 652 653 653 654 654 655 655 656 656 657 657 658 658 659 659 660 660 661 661 662 662 663 663 664 664 665 665 666 666 667 667 668 668 669 669 670 670 671 671 672 672 673 673 674 674 675 675 676 676 677 677 678 678 679 679 680 680 681 681 682 682 683 683 684 684 685 685 686 686 687 687 688 688 689 689 690 690 691 691 692 692 693 693 694 694 695 695 696 696 697 697 698 698 699 699 700 700 701 701 702 702 703 703 704 704 705 705 706 706 707 707 708 708 709 709 710 710 711 711 712 712 713 713 714 714 715 715 716 716 717 717 718 718 719 719 720 720 721 721 722 722 723 723 724 724 725 725 726 726 727 727 728 728 729 729 730 730 731 731 732 732 733 733 734 734 735 735 736 736 737 737 738 738 739 739 740 740 741 741 742 742 743 743 744 744 745 745 746 746 747 747 748 748 749 749 750 750 751 751 752 752 753 753 754 754 755 755 756 756 757 757 758 758 759 759 760 760 761 761 762 762 763 763 764 764 765 765 766 766 767 767 768 768 769 769 770 770 771 771 772 772 773 773 774 774 775 775 776 776 777 777 778 778 779 779 780 780 781 781 782 782 783 783 784 784 785 785 786 786 787 787 788 788 789 789 790 790 791 791 792 792 793 793 794 794 795 795 796 796 797 797 798 798 799 799 800 800 801 801 802 802 803 803 804 804 805 805 806 806 807 807 808 808 809 809 810 810 811 811 812 812 813 813 814 814 815 815 816 816 817 817 818 818 819 819 820 820 821 821 822 822 823 823 824 824 825 825 826 826 827 827 828 828 829 829 830 830 831 831 832 832 833 833 834 834 835 835 836 836 837 837 838 838 839 839 840 840 841 841 842 842 843 843 844 844 845 845 846 846 847 847 848 848 849 849 850 850 851 851 852 852 853 853 854 854 855 855 856 856 857 857 858 858 859 859 860 860 861 861 862 862 863 863 864 864 865 865 866 866 867 867 868 868 869 869 870 870 871 871 872 872 873 873 874 874 875 875 876 876 877 877 878 878 879 879 880 880 881 881 882 882 883 883 884 884 885 885 886 886 887 887 888 888 889 889 890 890 891 891 892 892 893 893 894 894 895 895 896 896 897 897 898 898 899 899 900 900 901 901 902 902 903 903 904 904 905 905 906 906 907 907 908 908 909 909 910 910 911 911 912 912 913 913 914 914 915 915 916 916 917 917 918 918 919 919 920 920 921 921 922 922 923 923 924 924 925 925 926 926 927 927 928 928 929 929 930 930 931 931 932 932 933 933 934 934 935 935 936 936 937 937 938 938 939 939 940 940 941 941 942 942 943 943 944 944 945 945 946 946 947 947 948 948 949 949 950 950 951 951 952 952 953 953 954 954 955 955 956 956 957 957 958 958 959 959 960 960 961 961 962 962 963 963 964 964 965 965 966 966 967 967 968 968 969 969 970 970 971 971 972 972 973 973 974 974 975 975 976 976 977 977 978 978 979 979 980 980 981 981 982 982 983 983 984 984 985 985 986 986 987 987 988 988 989 989 990 990 991 991 992 992 993 993 994 994 995 995 996 996 997 997 998 998 999 999 1000 1000 1001 1001 1002 1002 1003 1003 1004 1004 1005 1005 1006 1006 1007 1007 1008 1008 1009 1009 1010 1010 1011 1011 1012 1012 1013 1013 1014 1014 1015 1015 1016 1016 1017 1017 1018 1018 1019 1019 1020 1020 1021 1021 1022 1022 1023 1023 1024 1024 1025 1025 1026 1026 1027 1027 1028 1028 1029 1029 1030 1030 1031 1031 1032 1032 1033 1033 1034 1034 1035 1035 1036 1036 1037 1037 1038 1038 1039 1039 1040 1040 1041 1041 1042 1042 1043 1043 1044 1044 1045 1045 1046 1046 1047 1047 1048 1048 1049 1049 1050 1050 1051 1051 1052 1052 1053 1053 1054 1054 1055 1055 1056 1056 1057 1057 1058 1058 1059 1059 1060 1060 1061 1061 1062 1062 1063 1063 1064 1064 1065 1065 1066 1066 1067 1067 1068 1068 1069 1069 1070 1070 1071 1071 1072 1072 1073 1073 1074 1074 1075 1075 1076 1076 1077 1077 1078 1078 1079 1079 1080 1080 1081 1081 1082 1082 1083 1083 1084 1084 1085 1085 1086 1086 1087 1087 1088 1088 1089 1089 1090 1090 1091 1091 1092 1092 1093 1093 1094 1094 1095 1095 1096 1096 1097 1097 1098 1098 1099 1099 1100 1100 1101 1101 1102 1102 1103 1103 1104 1104 1105 1105 1106 1106 1107 1107 1108 1108 1109 1109 1110 1110 1111 1111 1112 1112 1113 1113 1114 1114 1115 1115 1116 1116 1117 1117 1118 1118 1119 1119 1120 1120 1121 1121 1122 1122 1123 1123 1124 1124 1125 1125 1126 1126 1127 1127 1128 1128 1129 1129 1130 1130 1131 1131 1132 1132 1133 1133 1134 1134 1135 1135 1136 1136 1137 1137 1138 1138 1139 1139 1140 1140 1141 1141 1142 1142 1143 1143 1144 1144 1145 1145 1146 1146 1147 1147 1148 1148 1149 1149 1150 1150 1151 1151 1152 1152 1153 1153 1154 1154 1155 1155 1156 1156 1157 1157 1158 1158 1159 1159 1160 1160 1161 1161 1162 1162 1163 1163 1164 1164 1165 1165 1166 1166 1167 1167 1168 1168 1169 1169 1170 1170 1171 1171 1172 1172 1173 1173 1174 1174 1175 1175 1176 1176 1177 1177 1178 1178 1179 1179 1180 1180 1181 1181 1182 1182 1183 1183 1184 1184 1185 1185 1186 1186 1187 1187 1188 1188 1189 1189 1190 1190 1191 1191 1192 1192 1193 1193 1194 1194 1195 1195 1196 1196 1197 1197 1198 1198 1199 1199 1200 1200 1201 1201 1202 1202 1203 1203 1204 1204 1205 1205 1206 1206 1207 1207 1208 1208 1209 1209 1210 1210 1211 1211 1212 1212 1213 1213 1214 1214 1215 1215 1216 1216 1217 1217 1218 1218 1219 1219 1220 1220 1221 1221 1222 1222 1223 1223 1224 1224 1225 1225 1226 1226 1227 1227 1228 1228 1229 1229 1230 1230 1231 1231 1232 1232 1233 1233 1234 1234 1235 1235 1236 1236 1237 1237 1238 1238 1239 1239 1240 1240 1241 1241 1242 1242 1243 1243 1244 1244 1245 1245 1246 1246 1247 1247 1248 1248 1249 1249 1250 1250 1251 1251 1252 1252 1253 1253 1254 1254 1255 1255 1256 1256 1257 1257 1258 1258 1259 1259 1260 1260 1261 1261 1262 1262 1263 1263 1264 1264 1265 1265 1266 1266 1267 1267 1268 1268 1269 1269 1270 1270 1271 1271 1272 1272 1273 1273 1274 1274 1275 1275 1276 1276 1277 1277 1278 1278 1279 1279 1280 1280 1281 1281 1282 1282 1283 1283 1284 1284 1285 1285 1286 1286 1287 1287 1288 1288 1289 1289 1290 1290 1291 1291 1292 1292 1293 1293 1294 1294 1295 1295 1296 1296 1297 1297 1298 1298 1299 1299 1300 1300 1301 1301 1302 1302 1303 1303 1304 1304 1305 1305 1306 1306 1307 1307 1308 1308 1309 1309 1310 1310 1311 1311 1312 1312 1313 1313 1314 1314 1315 1315 1316 1316 1317 1317 1318 1318 1319 1319 1320 1320 1321 1321 1322 1322 1323 1323 1324 1324 1325 1325 1326 1326 1327 1327 1328 1328 1329 1329 1330 1330 1331 1331 1332 1332 1333 1333 1334 1334 1335 1335 1336 1336 1337 1337 1338 1338 1339 1339 1340 1340 1341 1341 1342 1342 1343 1343 1344 1344 1345 1345 1346 1346 1347 1347 1348 1348 1349 1349 1350 1350 1351 1351 1352 1352 1353 1353 1354 1354 1355 1355 1356 1356 1357 1357 1358 1358 1359 1359 1360 1360 1361 1361 1362 1362 1363 1363 1364 1364 1365 1365 1366 1366 1367 1367 1368 1368 1369 1369 1370 1370 1371 1371 1372 1372 1373 1373 1374 1374 1375 1375 1376 1376 1377 1377 1378 1378 1379 1379 1380 1380 1381 1381 1382 1382 1383 1383 1384 1384 1385 1385 1386 1386 1387 1387 1388 1388 1389 1389 1390 1390 1391 1391 1392 1392 1393 1393 1394 1394 1395 1395 1396 1396 1397 1397 1398 1398 1399 1399 1400 1400 1401 1401 1402 1402 1403 1403 1404 1404 1405 1405 1406 1406 1407 1407 1408 1408 1409 1409 1410 1410 1411 1411 1412 1412 1413 1413 1414 1414 1415 1415 1416 1416 1417 1417 1418 1418 1419 1419 1420 1420 1421 1421 1422 1422 1423 1423 1424 1424 1425 1425 1426 1426 1427 1427 1428 1428 1429 1429 1430 1430 1431 1431 1432 1432 1433 1433 1434 1434 1435 1435 1436 1436 1437 1437 1438 1438 1439 1439 1440 1440 1441 1441 1442 1442 1443 1443 1444 1444 1445 1445 1446 1446 1447 1447 1448 1448 1449 1449 1450 1450 1451 1451 1452 1452 1453 1453 1454 1454 1455 1455 1456 1456 1457 1457 1458 1458 1459 1459 1460 1460 1461 1461 1462 1462 1463 1463 1464 1464 1465 1465 1466 1466 1467 1467 1468 1468 1469 1469 1470 1470 1471 1471 1472 1472 1473 1473 1474 1474 1475 1475 1476 1476 1477 1477 1478 1478 1479 1479 1480 1480 1481 1481 1482 1482 1483 1483 1484 1484 1485 1485 1486 1486 1487 1487 1488 1488 1489 1489 1490 1490 1491 1491 1492 1492 1493 1493 1494 1494 1495 1495 1496 1496 1497 1497 1498 1498 1499 1499 1500 1500 1501 1501 1502 1502 1503 1503 1504 1504 1505 1505 1506 1506 1507 1507 1508 1508 1509 1509 1510 1510 1511 1511 1512 1512 1513 1513 1514 1514 1515 1515 1516 1516 1517 1517 1518 1518 1519 1519 1520 1520 1521 1521 1522 1522 1523 1523 1524 1524 1525 1525 1526 1526 1527 1527 1528 1528 1529 1529 1530 1530 1531 1531 1532 1532 1533 1533 1534 1534 1535 1535 1536 1536 1537 1537 1538 1538 1539 1539 1540 1540 1541 1541 1542 1542 1543 1543 1544 1544 1545 1545 1546 1546 1547 1547 1548 1548 1549 1549 1550 1550 1551 1551 1552 1552 1553 1553 1554 1554 1555 1555 1556 1556 1557 1557 1558 1558 1559 1559 1560 1560 1561 1561 1562 1562 1563 1563 1564 1564 1565 1565 1566 1566 1567 1567 1568 1568 1569 1569 1570 1570 1571 1571 1572 1572 1573 1573 1574 1574 1575 1575 1576 1576 1577 1577 1578 1578 1579 1579 1580 1580 1581 1581 1582 1582 1583 1583 1584 1584 1585 1585 1586 1586 1587 1587 1588 1588 1589 1589 1590 1590 1591 1591 1592 1592 1593 1593 1594 1594 1595 1595 1596 1596 1597 1597 1598 1598 1599 1599 1600 1600 1601 1601 1602 1602 1603 1603 1604 1604 1605 1605 1606 1606 1607 1607 1608 1608 1609 1609 1610 1610 1611 1611 1612 1612 1613 1613 1614 1614 1615 1615 1616 1616 1617 1617 1618 1618 1619 1619 1620 1620 1621 1621 1622 1622 1623 1623 1624 1624 1625 1625 1626 1626 1627 1627 1628 1628 1629 1629 1630 1630 1631 1631 1632 1632 1633 1633 1634 1634 1635 1635 1636 1636 1637 1637 1638 1638 1639 1639 1640 1640 1641 1641 1642 1642 1643 1643 1644 1644 1645 1645 1646 1646 1647 1647 1648 1648 1649 1649 1650 1650 1651 1651 1652 1652 1653 1653 1654 1654 1655 1655 1656 1656 1657 1657 1658 1658 1659 1659 1660 1660 1661 1661 1662 1662 1663 1663 1664 1664 1665 1665 1666 1666 1667 1667 1668 1668 1669 1669 1670 1670 1671 1671 1672 1672 1673 1673 1674 1674 1675 1675 1676 1676 1677 1677 1678 1678 1679 1679 1680 1680 1681 1681 1682 1682 1683 1683 1684 1684 1685 1685 1686 1686 1687 1687 1688 1688 1689 1689 1690 1690 1691 1691 1692 1692 1693 1693 1694 1694 1695 1695 1696 1696 1697 1697 1698 1698 1699 1699 1700 1700 1701 1701 1702 1702 1703 1703 1704 1704 1705 1705 1706 1706 1707 1707 1708 1708 1709 1709 1710 1710 1711 1711 1712 1712 1713 1713 1714 1714 1715 1715 1716 1716 1717 1717 1718 1718 1719 1719 1720 1720 1721 1721 1722 1722 1723 1723 1724 1724 1725 1725 1726 1726 1727 1727 1728 1728 1729 1729 1730 1730 1731 1731 1732 1732 1733 1733 1734 1734 1735 1735 1736 1736 1737 1737 1738 1738 1739 1739 1740 1740 1741 1741 1742 1742 1743 1743 1744 1744 1745 1745 1746 1746 1747 1747 1748 1748 1749 1749 1750 1750 1751 1751 1752 1752 1753 1753 1754 1754 1755 1755 1756 1756 1757 1757 1758 1758 1759 1759 1760 1760 1761 1761 1762 1762 1763 1763 1764 1764 1765 1765 1766 1766 1767 1767 1768 1768 1769 1769 1770 1770 1771 1771 1772 1772 1773 1773 1774 1774 1775 1775 1776 1776 1777 1777 1778 1778 1779 1779 1780 1780 1781 1781 1782 1782 1783 1783 1784 1784 1785 1785 1786 1786 1787 1787 1788 1788 1789 1789 1790 1790 1791 1791 1792 1792 1793 1793 1794 1794 1795 1795 1796 1796 1797 1797 1798 1798 1799 1799 1800 1800 1801 1801 1802 1802 1803 1803 1804 1804 1805 1805 1806 1806 1807 1807 1808 1808 1809 1809 1810 1810 1811 1811 1812 1812 1813 1813 1814 1814 1815 1815 1816 1816 1817 1817 1818 1818 1819 1819 1820 1820 1821 1821 1822 1822 1823 1823 1824 1824 1825 1825 1826 1826 1827 1827 1828 1828 1829 1829 1830 1830 1831 1831 1832 1832 1833 1833 1834 1834 1835 1835 1836 1836 1837 1837 1838 1838 1839 1839 1840 1840 1841 1841 1842 1842 1843 1843 1844 1844 1845 1845 1846 1846 1847 1847 1848 1848 1849 1849 1850 1850 1851 1851 1852 1852 1853 1853 1854 1854 1855 1855 1856 1856 1857 1857 1858 1858 1859 1859 1860 1860 1861 1861 1862 1862 1863 1863 1864 1864 1865 1865 1866 1866 1867 1867 1868 1868 1869 1869 1870 1870 1871 1871 1872 1872 1873 1873 1874 1874 1875 1875 1876 1876 1877 1877 1878 1878 1879 1879 1880 1880 1881 1881 1882 1882 1883 1883 1884 1884 1885 1885 1886 1886 1887 1887 1888 1888 1889 1889 1890 1890 1891 1891 1892 1892 1893 1893 1894 1894 1895 1895 1896 1896 1897 1897 1898 1898 1899 1899 1900 1900 1901 1901 1902 1902 1903 1903 1904 1904 1905 1905 1906 1906 1907 1907 1908 1908 1909 1909 1910 1910 1911 1911 1912 1912 1913 1913 1914 1914 1915 1915 1916 1916 1917 1917 1918 1918 1919 1919 1920 1920 1921 1921 1922 1922 1923 1923 1924 1924 1925 1925 1926 1926 1927 1927 1928 1928 1929 1929 1930 1930 1931 1931 1932 1932 1933 1933 1934 1934 1935 1935 1936 1936 1937 1937 1938 1938 1939 1939 1940 1940 1941 1941 1942 1942 1943 1943 1944 1944 1945 1945 1946 1946 1947 1947 1948 1948 1949 1949 1950 1950 1951 1951 1952 1952 1953 1953 1954 1954 1955 1955 1956 1956 1957 1957 1958 1958 1959 1959 1960 1960 1961 1961 1962 1962 1963 1963 1964 1964 1965 1965 1966 1966 1967 1967 1968 1968 1969 1969 1970 1970 1971 1971 1972 1972 1973 1973 1974 1974 1975 1975 1976 1976 1977 1977 1978 1978 1979 1979 1980 1980 1981 1981 1982 1982 1983 1983 1984 1984 1985 1985 1986 1986 1987 1987 1988 1988 1989 1989 1990 1990 1991 1991 1992 1992 1993 1993 1994 1994 1995 1995 1996 1996 1997 1997 1998 1998 1999 1999 0 
        </DataArray>
        <DataArray type="Int64" Name="offsets" format="ascii">
2 4 6 8 10 12 14 16 18 20 22 24 26 28 30 32 34 36 38 40 42 44 46 48 50 52 54 56 58 60 62 64 66 68 70 72 74 76 78 80 82 84 86 88 90 92 94 96 98 100 102 104 106 108 110 112 114 116 118 120 122 124 126 128 130 132 134 136 138 140 142 144 146 148 150 152 154 156 158 160 162 164 166 168 170 172 174 176 178 180 182 184 186 188 190 192 194 196 198 200 202 204 206 208 210 212 214 216 218 220 222 224 226 228 230 232 234 236 238 240 242 244 246 248 250 252 254 256 258 260 262 264 266 268 270 272 274 276 278 280 282 284 286 288 290 292 294 296 298 300 302 304 306 308 310 312 314 316 318 320 322 324 326 328 330 332 334 336 338 340 342 344 346 348 350 352 354 356 358 360 362 364 366 368 370 372 374 376 378 380 382 384 386 388 390 392 394 396 398 400 402 404 406 408 410 412 414 416 418 420 422 424 426 428 430 432 434 436 438 440 442 444 446 448 450 452 454 456 458 460 462 464 466 468 470 472 474 476 478 480 482 484 486 488 490 492 494 496 498 500 502 504 506 508 510 512 514 516 518 520 522 524 526 528 530 532 534 536 538 540 542 544 546 548 550 552 554 556 558 560 562 564 566 568 570 572 574 576 578 580 582 584 586 588 590 592 594 596 598 600 602 604 606 608 610 612 614 616 618 620 622 624 626 628 630 632 634 636 638 640 642 644 646 648 650 652 654 656 658 660 662 664 666 668 670 672 674 676 678 680 682 684 686 688 690 692 694 696 698 700 702 704 706 708 710 712 714 716 718 720 722 724 726 728 730 732 734 736 738 740 742 744 746 748 750 752 754 756 758 760 762 764 766 768 770 772 774 776 778 780 782 784 786 788 790 792 794 796 798 800 802 804 806 808 810 812 814 816 818 820 822 824 826 828 830 832 834 836 838 840 842 844 846 848 850 852 854 856 858 860 862 864 866 868 870 872 874 876 878 880 882 884 886 888 890 892 894 896 898 900 902 904 906 908 910 912 914 916 918 920 922 924 926 928 930 932 934 936 938 940 942 944 946 948 950 952 954 956 958 960 962 964 966 968 970 972 974 976 978 980 982 984 986 988 990 992 994 996 998 1000 1002 1004 1006 1008 1010 1012 1014 1016 1018 1020 1022 1024 1026 1028 1030 1032 1034 1036 1038 1040 1042 1044 1046 1048 1050 1052 1054 1056 1058 1060 1062 1064 1066 1068 1070 1072 1074 1076 1078 1080 1082 1084 1086 1088 1090 1092 1094 1096 1098 1100 1102 1104 1106 1108 1110 1112 1114 1116 1118 1120 1122 1124 1126 1128 1130 1132 1134 1136 1138 1140 1142 1144 1146 1148 1150 1152 1154 1156 1158 1160 1162 1164 1166 1168 1170 1172 1174 1176 1178 1180 1182 1184 1186 1188 1190 1192 1194 1196 1198 1200 1202 1204 1206 1208 1210 1212 1214 1216 1218 1220 1222 1224 1226 1228 1230 1232 1234 1236 1238 1240 1242 1244 1246 1248 1250 1252 1254 1256 1258 1260 1262 1264 1266 1268 1270 1272 1274 1276 1278 1280 1282 1284 1286 1288 1290 1292 1294 1296 1298 1300 1302 1304 1306 1308 1310 1312 1314 1316 1318 1320 1322 1324 1326 1328 1330 1332 1334 1336 1338 1340 1342 1344 1346 1348 1350 1352 1354 1356 1358 1360 1362 1364 1366 1368 1370 1372 1374 1376 1378 1380 1382 1384 1386 1388 1390 1392 1394 1396 1398 1400 1402 1404 1406 1408 1410 1412 1414 1416 1418 1420 1422 1424 1426 1428 1430 1432 1434 1436 1438 1440 1442 1444 1446 1448 1450 1452 1454 1456 1458 1460 1462 1464 1466 1468 1470 1472 1474 1476 1478 1480 1482 1484 1486 1488 1490 1492 1494 1496 1498 1500 1502 1504 1506 1508 1510 1512 1514 1516 1518 1520 1522 1524 1526 1528 1530 1532 1534 1536 1538 1540 1542 1544 1546 1548 1550 1552 1554 1556 1558 1560 1562 1564 1566 1568 1570 1572 1574 1576 1578 1580 1582 1584 1586 1588 1590 1592 1594 1596 1598 1600 1602 1604 1606 1608 1610 1612 1614 1616 1618 1620 1622 1624 1626 1628 1630 1632 1634 1636 1638 1640 1642 1644 1646 1648 1650 1652 1654 1656 1658 1660 1662 1664 1666 1668 1670 1672 1674 1676 1678 1680 1682 1684 1686 1688 1690 1692 1694 1696 1698 1700 1702 1704 1706 1708 1710 1712 1714 1716 1718 1720 1722 1724 1726 1728 1730 1732 1734 1736 1738 1740 1742 1744 1746 1748 1750 1752 1754 1756 1758 1760 1762 1764 1766 1768 1770 1772 1774 1776 1778 1780 1782 1784 1786 1788 1790 1792 1794 1796 1798 1800 1802 1804 1806 1808 1810 1812 1814 1816 1818 1820 1822 1824 1826 1828 1830 1832 1834 1836 1838 1840 1842 1844 1846 1848 1850 1852 1854 1856 1858 1860 1862 1864 1866 1868 1870 1872 1874 1876 1878 1880 1882 1884 1886 1888 1890 1892 1894 1896 1898 1900 1902 1904 1906 1908 1910 1912 1914 1916 1918 1920 1922 1924 1926 1928 1930 1932 1934 1936 1938 1940 1942 1944 1946 1948 1950 1952 1954 1956 1958 1960 1962 1964 1966 1968 1970 1972 1974 1976 1978 1980 1982 1984 1986 1988 1990 1992 1994 1996 1998 2000 2002 2004 2006 2008 2010 2012 2014 2016 2018 2020 2022 2024 2026 2028 2030 2032 2034 2036 2038 2040 2042 2044 2046 2048 2050 2052 2054 2056 2058 2060 2062 2064 2066 2068 2070 2072 2074 2076 2078 2080 2082 2084 2086 2088 2090 2092 2094 2096 2098 2100 2102 2104 2106 2108 2110 2112 2114 2116 2118 2120 2122 2124 2126 2128 2130 2132 2134 2136 2138 2140 2142 2144 2146 2148 2150 2152 2154 2156 2158 2160 2162 2164 2166 2168 2170 2172 2174 2176 2178 2180 2182 2184 2186 2188 2190 2192 2194 2196 2198 2200 2202 2204 2206 2208 2210 2212 2214 2216 2218 2220 2222 2224 2226 2228 2230 2232 2234 2236 2238 2240 2242 2244 2246 2248 2250 2252 2254 2256 2258 2260 2262 2264 2266 2268 2270 2272 2274 2276 2278 2280 2282 2284 2286 2288 2290 2292 2294 2296 2298 2300 2302 2304 2306 2308 2310 2312 2314 2316 2318 2320 2322 2324 2326 2328 2330 2332 2334 2336 2338 2340 2342 2344 2346 2348 2350 2352 2354 2356 2358 2360 2362 2364 2366 2368 2370 2372 2374 2376 2378 2380 2382 2384 2386 2388 2390 2392 2394 2396 2398 2400 2402 2404 2406 2408 2410 2412 2414 2416 2418 2420 2422 2424 2426 2428 2430 2432 2434 2436 2438 2440 2442 2444 2446 2448 2450 2452 2454 2456 2458 2460 2462 2464 2466 2468 2470 2472 2474 2476 2478 2480 2482 2484 2486 2488 2490 2492 2494 2496 2498 2500 2502 2504 2506 2508 2510 2512 2514 2516 2518 2520 2522 2524 2526 2528 2530 2532 2534 2536 2538 2540 2542 2544 2546 2548 2550 2552 2554 2556 2558 2560 2562 2564 2566 2568 2570 2572 2574 2576 2578 2580 2582 2584 2586 2588 2590 2592 2594 2596 2598 2600 2602 2604 2606 2608 2610 2612 2614 2616 2618 2620 2622 2624 2626 2628 2630 2632 2634 2636 2638 2640 2642 2644 2646 2648 2650 2652 2654 2656 2658 2660 2662 2664 2666 2668 2670 2672 2674 2676 2678 2680 2682 2684 2686 2688 2690 2692 2694 2696 2698 2700 2702 2704 2706 2708 2710 2712 2714 2716 2718 2720 2722 2724 2726 2728 2730 2732 2734 2736 2738 2740 2742 2744 2746 2748 2750 2752 2754 2756 2758 2760 2762 2764 2766 2768 2770 2772 2774 2776 2778 2780 2782 2784 2786 2788 2790 2792 2794 2796 2798 2800 2802 2804 2806 2808 2810 2812 2814 2816 2818 2820 2822 2824 2826 2828 2830 2832 2834 2836 2838 2840 2842 2844 2846 2848 2850 2852 2854 2856 2858 2860 2862 2864 2866 2868 2870 2872 2874 2876 2878 2880 2882 2884 2886 2888 2890 2892 2894 2896 2898 2900 2902 2904 2906 2908 2910 2912 2914 2916 2918 2920 2922 2924 2926 2928 2930 2932 2934 2936 2938 2940 2942 2944 2946 2948 2950 2952 2954 2956 2958 2960 2962 2964 2966 2968 2970 2972 2974 2976 2978 2980 2982 2984 2986 2988 2990 2992 2994 2996 2998 3000 3002 3004 3006 3008 3010 3012 3014 3016 3018 3020 3022 3024 3026 3028 3030 3032 3034 3036 3038 3040 3042 3044 3046 3048 3050 3052 3054 3056 3058 3060 3062 3064 3066 3068 3070 3072 3074 3076 3078 3080 3082 3084 3086 3088 3090 3092 3094 3096 3098 3100 3102 3104 3106 3108 3110 3112 3114 3116 3118 3120 3122 3124 3126 3128 3130 3132 3134 3136 3138 3140 3142 3144 3146 3148 3150 3152 3154 3156 3158 3160 3162 3164 3166 3168 3170 3172 3174 3176 3178 3180 3182 3184 3186 3188 3190 3192 3194 3196 3198 3200 3202 3204 3206 3208 3210 3212 3214 3216 3218 3220 3222 3224 3226 3228 3230 3232 3234 3236 3238 3240 3242 3244 3246 3248 3250 3252 3254 3256 3258 3260 3262 3264 3266 3268 3270 3272 3274 3276 3278 3280 3282 3284 3286 3288 3290 3292 3294 3296 3298 3300 3302 3304 3306 3308 3310 3312 3314 3316 3318 3320 3322 3324 3326 3328 3330 3332 3334 3336 3338 3340 3342 3344 3346 3348 3350 3352 3354 3356 3358 3360 3362 3364 3366 3368 3370 3372 3374 3376 3378 3380 3382 3384 3386 3388 3390 3392 3394 3396 3398 3400 3402 3404 3406 3408 3410 3412 3414 3416 3418 3420 3422 3424 3426 3428 3430 3432 3434 3436 3438 3440 3442 3444 3446 3448 3450 3452 3454 3456 3458 3460 3462 3464 3466 3468 3470 3472 3474 3476 3478 3480 3482 3484 3486 3488 3490 3492 3494 3496 3498 3500 3502 3504 3506 3508 3510 3512 3514 3516 3518 3520 3522 3524 3526 3528 3530 3532 3534 3536 3538 3540 3542 3544 3546 3548 3550 3552 3554 3556 3558 3560 3562 3564 3566 3568 3570 3572 3574 3576 3578 3580 3582 3584 3586 3588 3590 3592 3594 3596 3598 3600 3602 3604 3606 3608 3610 3612 3614 3616 3618 3620 3622 3624 3626 3628 3630 3632 3634 3636 3638 3640 3642 3644 3646 3648 3650 3652 3654 3656 3658 3660 3662 3664 3666 3668 3670 3672 3674 3676 3678 3680 3682 3684 3686 3688 3690 3692 3694 3696 3698 3700 3702 3704 3706 3708 3710 3712 3714 3716 3718 3720 3722 3724 3726 3728 3730 3732 3734 3736 3738 3740 3742 3744 3746 3748 3750 3752 3754 3756 3758 3760 3762 3764 3766 3768 3770 3772 3774 3776 3778 3780 3782 3784 3786 3788 3790 3792 3794 3796 3798 3800 3802 3804 3806 3808 3810 3812 3814 3816 3818 3820 3822 3824 3826 3828 3830 3832 3834 3836 3838 3840 3842 3844 3846 3848 3850 3852 3854 3856 3858 3860 3862 3864 3866 3868 3870 3872 3874 3876 3878 3880 3882 3884 3886 3888 3890 3892 3894 3896 3898 3900 3902 3904 3906 3908 3910 3912 3914 3916 3918 3920 3922 3924 3926 3928 3930 3932 3934 3936 3938 3940 3942 3944 3946 3948 3950 3952 3954 3956 3958 3960 3962 3964 3966 3968 3970 3972 3974 3976 3978 3980 3982 3984 3986 3988 3990 3992 3994 3996 3998 4000 
        </DataArray>
      </Polys>
      <CellData Scalars="Pressure">
        <DataArray type="Float64" Name="Pressure" format="ascii">
823131 822474 821744 821029 820152 819159 818137 817154 816168 815207 813857 811913 809896 808532 808700 808869 810752 809886 808994 808097 807053 806006 804918 803410 801829 800231 798457 796658 794788 792959 791084 789208 787351 785522 783622 781771 779908 778058 776148 774238 772277 770413 768648 767094 765345 763652 761923 760120 758430 756773 755089 753306 751492 749706 747775 745864 743921 741937 739901 737903 736124 734518 732730 730817 728789 726835 730956 731014 730691 729629 727174 725141 723553 723737 723745 723574 715301 713041 710818 709291 705956 702761 699345 695830 692339 689070 686003 683060 683004 682078 681366 680395 678928 677513 676247 676356 677171 678144 678431 675628 674953 673800 672999 672389 671952 670695 669429 668224 667203 666863 665901 665248 664673 664111 663547 663025 662498 661518 661044 660577 660102 659780 659419 659088 658823 658758 658622 658599 658704 658751 658805 658906 659053 659202 659371 659585 659800 660009 660129 660227 660336 659617 658965 658292 659155 663877 664933 665888 664119 665517 664170 661759 660871 660127 659505 659944 660368 660806 661284 661992 662713 663053 663962 664622 665349 666120 667004 667801 668688 669687 670606 671563 672590 673356 674387 675382 676346 677231 678112 678951 679772 680514 681242 681934 682426 682734 683174 683354 683585 683827 684088 684331 684582 684836 685101 685357 685638 685987 686103 685174 685222 686192 685979 687107 688897 691291 693950 694696 695580 696573 696950 697791 696998 696756 697869 698467 698576 699264 699706 700118 700528 700963 701654 702269 702949 703673 704325 704824 705302 705743 706195 706865 707291 707387 707399 708752 709821 710785 711556 712033 712239 712701 713213 713601 714064 714406 714501 714725 714709 714455 714486 714633 714537 714194 713856 713586 713373 712986 712657 711936 711949 710886 708665 707295 707158 704904 704368 703688 703238 703013 707950 715276 721547 726558 726847 723536 720587 718093 716933 716660 716247 715763 714142 713616 712807 711909 710853 709891 708803 708114 706541 704743 702881 701015 699042 696624 693739 690484 685854 685796 683531 679281 678386 677358 671988 669557 663495 658445 654234 660591 674887 685770 693615 686256 682475 679162 675697 673653 672030 670880 670623 669200 668697 668496 670120 671032 672318 670918 671927 672861 673754 677634 679048 678632 680173 680150 680147 680165 682429 679743 679595 679799 679484 678929 678150 677163 678919 682155 686965 701773 708303 708769 714712 715843 716094 708021 706617 708144 709642 711032 710100 709550 709299 709080 708978 708995 708796 708023 707226 706104 704576 703017 702572 700802 695877 693887 690223 686499 683091 685511 676670 667555 657858 655569 643908 630474 544566 444475 338934 225438 159763 102848 59303.7 59799.7 60395.2 61096.5 62663.9 63902.9 64858.3 67172.8 68144.9 66745.1 67913.9 69147.3 70277.5 71420.4 72698.6 73677.8 76242.4 78310.9 80501.3 82670.9 77298.3 79654.2 82006.4 84563.6 87155 89544.4 92041.3 94453.5 96579 99336.4 99539.1 99645.7 101706 103055 104145 104945 105341 105489 105407 106699 107692 107911 98221.4 97759.9 97807.9 98535.2 95193.5 96736.7 98263.3 99709.2 101134 102521 103983 105368 106741 108200 109578 110831 112160 113310 114317 117767 118916 120105 121676 118152 119769 121577 123566 125562 127797 130196 132674 135272 138140 141002 144099 147483 150919 154304 157729 161027 164281 167088 169696 172021 173502 174714 175712 176561 176938 176858 165632 164063 162537 163695 165965 168166 170050 171671 173319 174997 176771 178491 180317 182162 184040 185837 187633 189375 191156 192894 194664 196437 198397 200299 202232 204086 205969 207828 209973 212051 208823 211022 213264 215477 217638 219750 221893 223950 226027 228068 230183 232259 234348 236610 239030 241408 243790 246087 248393 250850 253601 256297 258999 261575 264154 266804 269951 273042 276150 284755 287727 290598 293479 296236 299031 294871 298116 301405 304132 306584 309022 311943 315356 318898 322530 326256 330380 334393 338896 342410 340578 341876 343560 345583 347776 349841 351844 354690 357892 361303 365018 368746 378659 382627 386683 390606 387486 392721 398321 403590 407265 410744 414182 418355 429408 433322 429401 432535 435956 438829 441251 443508 446184 449612 453227 462839 464983 466909 469235 463547 466928 470405 473753 477002 480430 489803 491640 493273 487804 490908 494125 497351 500657 512110 515351 509571 513602 517558 521733 526375 530953 535316 550468 553634 556672 543486 552259 561537 570989 578320 598220 599308 597152 585767 573385 565528 565528 565528 568693 564707 568894 573717 579837 586996 601122 600457 607237 614646 622933 629480 634760 646364 644543 651630 659096 666699 673357 686420 692194 689575 697447 705637 714419 726450 730870 734877 740687 735871 741932 759746 754647 764394 774811 785560 798477 828754 841451 834976 872980 911856 952898 977917 983592 990101 997663 965707 918592 838132 820226 819735 819654 819987 822666 828630 834908 841297 845727 855021 856175 857231 850529 852046 861704 865316 861179 866744 872655 891905 889708 901466 913676 925940 955227 969712 985383 1.00772e+06 1.01169e+06 1.0594e+06 1.09005e+06 1.15172e+06 1.16736e+06 1.23851e+06 1.36543e+06 1.37187e+06 1.39772e+06 1.37908e+06 1.34864e+06 1.27179e+06 1.22119e+06 1.16693e+06 1.12357e+06 1.09767e+06 1.08618e+06 1.08595e+06 1.08649e+06 1.08778e+06 1.08466e+06 1.07634e+06 1.06645e+06 1.05529e+06 1.04151e+06 1.02344e+06 1.00618e+06 990301 975269 968197 963194 958939 955290 959426 973799 989915 1.00831e+06 1.03129e+06 1.11256e+06 1.20168e+06 1.30161e+06 1.40908e+06 1.49732e+06 1.54613e+06 1.58602e+06 1.61567e+06 1.59504e+06 1.59047e+06 1.57366e+06 1.56027e+06 1.55022e+06 1.54213e+06 1.53467e+06 1.52811e+06 1.5228e+06 1.51358e+06 1.49531e+06 1.48185e+06 1.47238e+06 1.45578e+06 1.43347e+06 1.41073e+06 1.38478e+06 1.35521e+06 1.32417e+06 1.29268e+06 1.26395e+06 1.23495e+06 1.20815e+06 1.18443e+06 1.22519e+06 1.17672e+06 1.19655e+06 1.22273e+06 1.32202e+06 1.37346e+06 1.40823e+06 1.46314e+06 1.53755e+06 1.59573e+06 1.64092e+06 1.71313e+06 1.726e+06 1.73623e+06 1.74418e+06 1.72734e+06 1.73358e+06 1.72684e+06 1.72225e+06 1.71882e+06 1.71946e+06 1.72026e+06 1.71931e+06 1.71873e+06 1.71757e+06 1.71636e+06 1.72727e+06 1.70516e+06 1.70394e+06 1.70514e+06 1.74043e+06 1.7435e+06 1.74469e+06 1.73862e+06 1.7508e+06 1.7659e+06 1.78186e+06 1.7963e+06 1.79677e+06 1.78241e+06 1.77137e+06 1.76465e+06 1.76121e+06 1.75877e+06 1.75981e+06 1.75668e+06 1.75695e+06 1.75799e+06 1.76461e+06 1.76848e+06 1.77257e+06 1.77499e+06 1.7786e+06 1.78226e+06 1.78614e+06 1.79286e+06 1.79634e+06 1.79954e+06 1.80175e+06 1.80276e+06 1.80364e+06 1.80443e+06 1.8071e+06 1.80753e+06 1.80798e+06 1.80597e+06 1.80453e+06 1.80314e+06 1.80175e+06 1.80425e+06 1.80439e+06 1.80487e+06 1.79964e+06 1.79814e+06 1.79686e+06 1.79582e+06 1.80557e+06 1.80367e+06 1.80444e+06 1.80592e+06 1.7993e+06 1.79909e+06 1.79911e+06 1.799e+06 1.79937e+06 1.80021e+06 1.79802e+06 1.78845e+06 1.77658e+06 1.77149e+06 1.77202e+06 1.77445e+06 1.79015e+06 1.78973e+06 1.78641e+06 1.78334e+06 1.78294e+06 1.78411e+06 1.78536e+06 1.78566e+06 1.7853e+06 1.78505e+06 1.78512e+06 1.78518e+06 1.78533e+06 1.78639e+06 1.7866e+06 1.78685e+06 1.78715e+06 1.78761e+06 1.78833e+06 1.78925e+06 1.79093e+06 1.79316e+06 1.79544e+06 1.79841e+06 1.80113e+06 1.80387e+06 1.80678e+06 1.81034e+06 1.81394e+06 1.81746e+06 1.8207e+06 1.82392e+06 1.82727e+06 1.83022e+06 1.83275e+06 1.83523e+06 1.8372e+06 1.83859e+06 1.83992e+06 1.84059e+06 1.83993e+06 1.83933e+06 1.83914e+06 1.83786e+06 1.83632e+06 1.83475e+06 1.83268e+06 1.83021e+06 1.82791e+06 1.82636e+06 1.82499e+06 1.82366e+06 1.82303e+06 1.82279e+06 1.82257e+06 1.82372e+06 1.82641e+06 1.82915e+06 1.83263e+06 1.8365e+06 1.84045e+06 1.84428e+06 1.84865e+06 1.8529e+06 1.85726e+06 1.86206e+06 1.86695e+06 1.87178e+06 1.87679e+06 1.8817e+06 1.88667e+06 1.89079e+06 1.89485e+06 1.89886e+06 1.90262e+06 1.90617e+06 1.90976e+06 1.91229e+06 1.9143e+06 1.91632e+06 1.91918e+06 1.92023e+06 1.92133e+06 1.92217e+06 1.92234e+06 1.92078e+06 1.92076e+06 1.92059e+06 1.92045e+06 1.9204e+06 1.92062e+06 1.92084e+06 1.92103e+06 1.921e+06 1.92098e+06 1.921e+06 1.92214e+06 1.92325e+06 1.92436e+06 1.92543e+06 1.92652e+06 1.92759e+06 1.92959e+06 1.9317e+06 1.93383e+06 1.93572e+06 1.93758e+06 1.93941e+06 1.94155e+06 1.94378e+06 1.94603e+06 1.9479e+06 1.94955e+06 1.95117e+06 1.9527e+06 1.95409e+06 1.9555e+06 1.95665e+06 1.9575e+06 1.95834e+06 1.95888e+06 1.95881e+06 1.95874e+06 1.95861e+06 1.9583e+06 1.95799e+06 1.95753e+06 1.95643e+06 1.95531e+06 1.95422e+06 1.95324e+06 1.95229e+06 1.95131e+06 1.95014e+06 1.94895e+06 1.94777e+06 1.94677e+06 1.94579e+06 1.9448e+06 1.94393e+06 1.94307e+06 1.94223e+06 1.94155e+06 1.94094e+06 1.94031e+06 1.93973e+06 1.93916e+06 1.93862e+06 1.93822e+06 1.93794e+06 1.93766e+06 1.93799e+06 1.93706e+06 1.93615e+06 1.93518e+06 1.93418e+06 1.93315e+06 1.93204e+06 1.93079e+06 1.92955e+06 1.92827e+06 1.92683e+06 1.92537e+06 1.92392e+06 1.92205e+06 1.9202e+06 1.91829e+06 1.91671e+06 1.91515e+06 1.91363e+06 1.91179e+06 1.90992e+06 1.90802e+06 1.90601e+06 1.90483e+06 1.90371e+06 1.90344e+06 1.90239e+06 1.90132e+06 1.90071e+06 1.90078e+06 1.90085e+06 1.90105e+06 1.90163e+06 1.90225e+06 1.9029e+06 1.9037e+06 1.90446e+06 1.90523e+06 1.90769e+06 1.91022e+06 1.91267e+06 1.91511e+06 1.91689e+06 1.91865e+06 1.92099e+06 1.92378e+06 1.92654e+06 1.92916e+06 1.93152e+06 1.93396e+06 1.93694e+06 1.94193e+06 1.9466e+06 1.95182e+06 1.95401e+06 1.95602e+06 1.95778e+06 1.96085e+06 1.96409e+06 1.96732e+06 1.97019e+06 1.97301e+06 1.97589e+06 1.97896e+06 1.98071e+06 1.98211e+06 1.98319e+06 1.98459e+06 1.98593e+06 1.98726e+06 1.98802e+06 1.98869e+06 1.98998e+06 1.98986e+06 1.9889e+06 1.9874e+06 1.98758e+06 1.99101e+06 1.99445e+06 1.99732e+06 1.99531e+06 1.99266e+06 1.9911e+06 1.99144e+06 1.99042e+06 1.98908e+06 1.98686e+06 1.98383e+06 1.98066e+06 1.97791e+06 1.97627e+06 1.97457e+06 1.97163e+06 1.97068e+06 1.96521e+06 1.95912e+06 1.95441e+06 1.95029e+06 1.9472e+06 1.94396e+06 1.93792e+06 1.93166e+06 1.92539e+06 1.91959e+06 1.91414e+06 1.90815e+06 1.90153e+06 1.89446e+06 1.88757e+06 1.88063e+06 1.87449e+06 1.86849e+06 1.86367e+06 1.85515e+06 1.84785e+06 1.84079e+06 1.83416e+06 1.82732e+06 1.82075e+06 1.81521e+06 1.80608e+06 1.79845e+06 1.79116e+06 1.78418e+06 1.77896e+06 1.77437e+06 1.7717e+06 1.76644e+06 1.7633e+06 1.761e+06 1.7602e+06 1.76554e+06 1.77145e+06 1.77213e+06 1.75706e+06 1.73327e+06 1.70922e+06 1.68411e+06 1.68814e+06 1.68197e+06 1.67575e+06 1.6379e+06 1.63905e+06 1.64356e+06 1.67317e+06 1.66268e+06 1.66747e+06 1.67202e+06 1.67562e+06 1.6748e+06 1.67689e+06 1.67534e+06 1.66869e+06 1.66651e+06 1.66474e+06 1.66675e+06 1.66366e+06 1.66548e+06 1.6687e+06 1.67349e+06 1.68358e+06 1.69561e+06 1.70182e+06 1.69024e+06 1.62266e+06 1.53924e+06 1.45127e+06 1.35795e+06 1.33502e+06 1.32304e+06 1.32245e+06 1.36491e+06 1.36215e+06 1.39188e+06 1.37553e+06 1.37069e+06 1.38582e+06 1.39052e+06 1.39171e+06 1.38438e+06 1.38404e+06 1.39109e+06 1.38803e+06 1.37741e+06 1.37351e+06 1.36955e+06 1.37181e+06 1.36057e+06 1.35561e+06 1.35054e+06 1.34553e+06 1.33982e+06 1.33398e+06 1.3281e+06 1.32238e+06 1.3167e+06 1.31767e+06 1.31754e+06 1.30515e+06 1.2911e+06 1.29194e+06 1.28574e+06 1.27911e+06 1.26547e+06 1.25888e+06 1.25893e+06 1.2522e+06 1.23815e+06 1.23104e+06 1.22402e+06 1.22418e+06 1.21377e+06 1.2105e+06 1.2077e+06 1.21168e+06 1.21399e+06 1.21223e+06 1.22131e+06 1.24102e+06 1.25959e+06 1.27951e+06 1.30857e+06 1.33853e+06 1.37563e+06 1.40696e+06 1.43751e+06 1.46844e+06 1.49838e+06 1.49533e+06 1.51574e+06 1.49041e+06 1.41576e+06 1.36458e+06 1.26478e+06 1.11937e+06 1.09577e+06 1.078e+06 996073 940249 915191 897254 879619 862860 847881 846794 846189 846086 857586 850909 856285 862422 878984 887848 895888 911425 936636 957657 988990 1.01465e+06 1.05891e+06 1.10313e+06 1.14161e+06 1.18331e+06 1.22553e+06 1.27316e+06 1.32073e+06 1.36669e+06 1.37289e+06 1.40032e+06 1.3859e+06 1.36669e+06 1.30492e+06 1.2234e+06 1.0918e+06 1.00992e+06 963892 921949 882204 877029 837667 825089 812575 815814 809861 798885 795293 791136 787007 783118 787399 776821 774214 771765 777203 776537 775847 769459 763704 758127 752541 755561 750413 739912 734937 728435 721759 715314 715250 702745 696226 689766 680782 671708 662683 662725 701256 730824 758775 761546 763401 766892 769345 726138 697959 671839 653703 635778 617470 620674 598294 589789 581320 575962 570334 564621 567965 565442 557099 552815 547059 541871 545602 541917 538441 534954 525039 521380 517640 513286 508328 503708 506520 501572 489498 484304 480074 475917 471538 466610 461466 456660 458136 446769 441459 436396 432574 428715 424694 420091 415582 411451 414368 403951 399998 396631 394105 391539 388742 385465 382184 379007 383199 381956 375909 373571 370904 368372 366245 364395 362465 360048 356989 354179 357971 355691 353332 345534 343048 340611 338143 335393 332597 329881 327746 325771 323681 321180 318490 315970 319612 317346 314977 307450 304997 302578 300052 297348 294613 291981 289771 287555 285260 283097 280883 278686 275615 272538 269493 272882 270513 268157 265672 263201 260652 253739 251049 248404 245642 242841 240002 237430 235203 232995 230798 228808 226779 224797 222885 221002 219136 217812 216448 215087 213689 212304 210884 209652 208399 207150 205628 204070 202476 200884 199249 197628 195835 193991 192106 190107 187961 185838 183745 181755 179721 177699 175613 173549 171511 169645 167741 165856 163908 161981 160039 158274 156474 154695 152801 150927 149011 147385 145735 144111 141816 139436 136975 136682 137092 137649 255259 414466 572273 704589 828680 946346 992509 1.00337e+06 1.01418e+06 1.02279e+06 1.02837e+06 1.03364e+06 1.03808e+06 1.04043e+06 1.04271e+06 1.04423e+06 1.0424e+06 1.04059e+06 1.03892e+06 1.04203e+06 1.0459e+06 1.05044e+06 1.05841e+06 1.06147e+06 1.06852e+06 1.07511e+06 1.08185e+06 1.08843e+06 1.09244e+06 1.09474e+06 1.0972e+06 1.09841e+06 1.09832e+06 1.09818e+06 1.09754e+06 1.09617e+06 1.09489e+06 1.09387e+06 1.09343e+06 1.09384e+06 1.0935e+06 1.09353e+06 1.09376e+06 1.0941e+06 1.09401e+06 1.09419e+06 1.09445e+06 1.0942e+06 1.09369e+06 1.09317e+06 1.0924e+06 1.0914e+06 1.09032e+06 1.08947e+06 1.08827e+06 1.08715e+06 1.08605e+06 1.08491e+06 1.08371e+06 1.08247e+06 1.08177e+06 1.08114e+06 1.08052e+06 1.07885e+06 1.07784e+06 1.07669e+06 1.07663e+06 1.07653e+06 1.07639e+06 1.07631e+06 1.07664e+06 1.07704e+06 1.07752e+06 1.07711e+06 1.0774e+06 1.07774e+06 1.07779e+06 1.07749e+06 1.07711e+06 1.07634e+06 1.07503e+06 1.07365e+06 1.07414e+06 1.07501e+06 1.07609e+06 1.07557e+06 1.06525e+06 1.06206e+06 1.05955e+06 1.05949e+06 1.06345e+06 1.06551e+06 1.0653e+06 1.06449e+06 1.0641e+06 1.06414e+06 1.06493e+06 1.06615e+06 1.06861e+06 1.07076e+06 1.07329e+06 1.07559e+06 1.0789e+06 1.08229e+06 1.08584e+06 1.08942e+06 1.09124e+06 1.09322e+06 1.09504e+06 1.0944e+06 1.09439e+06 1.09436e+06 1.09432e+06 1.09349e+06 1.09263e+06 1.09227e+06 1.08739e+06 1.09048e+06 1.09506e+06 1.10075e+06 1.08872e+06 1.08139e+06 1.07639e+06 1.07684e+06 1.08207e+06 1.08678e+06 1.09083e+06 1.09145e+06 1.08925e+06 1.0882e+06 1.08952e+06 1.09007e+06 1.09061e+06 1.09056e+06 1.0915e+06 1.09216e+06 1.09298e+06 1.0931e+06 1.09212e+06 1.08927e+06 1.08984e+06 1.09063e+06 1.09186e+06 1.09315e+06 1.09395e+06 1.09142e+06 1.09018e+06 1.0893e+06 1.08865e+06 1.0881e+06 1.08742e+06 1.08647e+06 1.08594e+06 1.08505e+06 1.0843e+06 1.08323e+06 1.07788e+06 1.0748e+06 1.07205e+06 1.06389e+06 1.06225e+06 1.061e+06 1.06862e+06 1.05725e+06 1.06349e+06 1.07358e+06 1.08788e+06 1.08852e+06 1.09144e+06 1.09309e+06 1.09076e+06 1.08999e+06 1.09055e+06 1.09011e+06 1.09084e+06 1.09167e+06 1.09252e+06 1.09307e+06 1.09417e+06 1.09499e+06 1.09573e+06 1.09636e+06 1.09689e+06 1.09731e+06 1.09756e+06 1.09763e+06 1.09743e+06 1.09732e+06 1.09681e+06 1.09578e+06 1.09353e+06 1.09168e+06 1.09032e+06 1.08855e+06 1.08336e+06 1.08047e+06 1.07709e+06 1.07829e+06 1.0647e+06 1.06366e+06 1.06457e+06 1.07662e+06 1.07567e+06 1.07837e+06 1.08148e+06 1.08489e+06 1.08545e+06 1.08072e+06 1.07631e+06 1.07237e+06 1.06876e+06 1.06657e+06 1.06436e+06 1.06216e+06 1.05991e+06 1.05739e+06 1.05453e+06 1.05166e+06 1.04869e+06 1.04569e+06 1.04261e+06 1.03964e+06 1.03668e+06 1.03383e+06 1.03131e+06 1.02889e+06 1.0264e+06 1.02393e+06 1.02073e+06 1.0172e+06 1.01355e+06 1.00992e+06 1.01388e+06 999895 998553 999219 1.01326e+06 1.01578e+06 1.02228e+06 1.02866e+06 1.03156e+06 1.03516e+06 1.03022e+06 1.02703e+06 1.02581e+06 1.02379e+06 1.02347e+06 1.02332e+06 1.02351e+06 1.02381e+06 1.024e+06 1.02414e+06 1.02411e+06 1.02361e+06 1.02303e+06 1.02238e+06 1.02241e+06 1.01929e+06 1.01726e+06 1.01541e+06 1.01697e+06 1.01685e+06 1.00677e+06 1.00645e+06 1.01719e+06 1.01698e+06 1.01517e+06 1.01167e+06 1.01476e+06 1.02005e+06 1.02513e+06 1.02984e+06 1.02881e+06 1.02526e+06 1.02195e+06 1.01899e+06 1.01757e+06 1.01537e+06 1.01329e+06 1.01099e+06 1.00805e+06 1.00517e+06 1.00225e+06 999224 996203 993442 990848 989794 987899 985687 983854 982192 980744 979555 979747 978400 977989 978494 978185 978193 978244 977228 977178 977135 977097 977827 976680 974714 973029 970451 967717 964919 962622 958081 954293 950467 946456 942609 938800 936396 932849 930010 927406 925179 923061 922184 920623 918562 917300 915485 913414 911557 911959 910968 908380 907519 905139 902784 900683 902563 901775 901372 897470 896866 896530 896470 894616 892536 890693 892126 888446 880662 878626 881992 885920 890275 898389 894975 891663 888777 887138 885553 883860 882009 880160 878853 877293 875842 874420 871959 870932 869928 869085 868395 867727 867329 867315 867298 868152 868218 867584 867697 867798 867901 868012 868078 868144 868223 868865 867967 867094 866260 863988 862795 861538 860184 858804 857420 855620 853861 852083 850493 848911 847374 846727 845516 843733 842520 841347 840239 839431 838955 838486 838070 837740 837444 837221 837191 837164 838290 838378 838501 838645 838732 838811 837862 838064 838286 838510 838546 838524 838505 838507 838511 838506 838264 837833 837416 836999 836584 836152 835626 834920 834234 833565 832969 832362 831786 831311 830839 830351 829830 829293 828758 829116 828784 828447 828084 827706 827336 826984 826647 826300 825855 825356 824868 824307 823728 
        </DataArray>
        <DataArray type="Float64" Name="Temperature" format="ascii">
1077.17 1077.06 1076.96 1076.87 1076.8 1076.76 1076.72 1076.86 1077.26 1077.67 1078.01 1078.22 1078.45 1078.85 1079.71 1080.59 1088.94 1084.84 1080.4 1076.04 1075.9 1075.77 1075.64 1074.98 1074.3 1073.64 1072.92 1072.2 1071.47 1070.83 1070.2 1069.6 1069.03 1068.49 1067.96 1067.46 1066.99 1066.55 1066.11 1065.7 1065.31 1064.98 1064.74 1059.97 1059.62 1059.36 1059.17 1062.02 1061.22 1060.43 1059.63 1058.75 1057.86 1056.98 1056.01 1055.06 1054.09 1053.12 1052.12 1051.14 1050.26 1049.46 1048.54 1047.64 1046.71 1045.81 1053.36 1054.88 1056.37 1057.34 1056.56 1055.63 1054.57 1054.23 1053.56 1052.56 1045.43 1044.75 1044.43 1047.05 1045.67 1044.37 1043.09 1041.85 1040.65 1039.84 1039.85 1040.05 1041.39 1044.02 1047.18 1048.94 1046.95 1046.48 1047.22 1048.11 1048.86 1049.77 1049.65 1042.16 1040.73 1040.52 1039.32 1038.37 1037.66 1037.07 1036.48 1035.91 1035.38 1035.15 1034.62 1033.1 1032.55 1032.05 1031.89 1033.83 1036.56 1037.44 1038.81 1040.5 1042.52 1042.88 1043.1 1043.56 1044.18 1044.55 1043.43 1043.71 1044.15 1043.8 1043.48 1043.32 1043.32 1043.38 1043.39 1043.26 1043.14 1043.03 1042.92 1042.82 1042.73 1041.09 1039.57 1038.06 1038.31 1042.2 1043.36 1044.55 1043.04 1044.52 1042.65 1043.68 1043.32 1043.1 1043.01 1043.5 1044.02 1044.48 1044.92 1045.31 1045.87 1046.05 1047.14 1047.82 1048.54 1049.28 1050.07 1050.88 1051.78 1052.66 1053.71 1054.82 1056.01 1059.62 1062.69 1066.02 1070.79 1077.76 1084.95 1094.76 1100.11 1107.91 1115.25 1121.89 1124.02 1126.78 1127.61 1126.34 1125.03 1123.54 1121.83 1119.43 1116.35 1113.09 1109.54 1106.29 1103.69 1100.59 1100.86 1100.11 1102.42 1106.84 1108.43 1110.31 1112 1113.43 1114.57 1115.36 1116.37 1117.55 1118.75 1120.51 1121.53 1123.16 1125.04 1127.22 1129.87 1131.7 1133.1 1134.48 1135.8 1137.68 1140.02 1143.29 1146.8 1150.41 1154.57 1159.02 1163.54 1168 1172.86 1180.02 1187.27 1193.87 1200.11 1204.8 1213.77 1221.24 1228.41 1234.05 1238.57 1243.02 1245.64 1249.24 1250.43 1252.61 1256.09 1262.23 1268.29 1274.08 1284.6 1300.49 1313.04 1321.93 1333.4 1339.01 1345.34 1346.95 1349.22 1348.84 1348.71 1347.85 1346.21 1344.05 1339.35 1337.98 1330.42 1322.74 1315.79 1308.79 1296.96 1283.83 1268.59 1251.73 1234.06 1217.78 1201.53 1185.82 1176.69 1163.05 1154.51 1146.7 1141.91 1137.29 1134.38 1132.17 1130.88 1129.86 1129.38 1129.42 1129.64 1130.43 1131.42 1132.59 1133.8 1134.93 1136.05 1137.13 1135.92 1140.06 1141.53 1140.67 1143.22 1144.92 1146.4 1147.3 1146.21 1145.72 1145.8 1150.62 1158.13 1164.05 1168.6 1164.35 1163.62 1163.49 1162.81 1162.5 1162.4 1162.51 1162.96 1162.79 1163.02 1163.31 1164.36 1165.41 1166.59 1165.93 1166.93 1167.7 1168.28 1170.97 1172.68 1172.25 1173.93 1174.99 1175.83 1176.41 1179.83 1179.6 1181.97 1184.22 1186.62 1188.75 1190.67 1192.8 1197.12 1201.58 1206.34 1216.72 1221.32 1226.14 1225.82 1229.4 1232.82 1243.29 1247.45 1251.09 1254.8 1257.8 1257.65 1257.73 1257.52 1255.8 1254 1252.18 1247.99 1243.29 1238.39 1233.89 1229.65 1225.37 1223.38 1219.59 1213.09 1209.69 1203.62 1196.67 1189.29 1185.8 1175.84 1169.01 1165.16 1143.8 1145.24 1148.37 1102.54 1044.31 980.071 854.996 686.618 540.843 428.99 429.782 430.775 431.994 435.124 437.567 439.412 444.198 446.108 442.947 445.212 447.522 449.564 451.569 453.809 455.463 460.166 463.925 467.708 471.255 461.041 464.907 468.543 472.463 476.246 479.44 482.509 485.148 487.004 495.636 497.475 499.285 488.917 491.889 494.721 497.324 499.907 502.223 504.346 507.255 510.023 512.281 515.275 513.908 513.582 514.605 507.591 510.374 512.926 515.193 517.333 519.319 521.3 523.054 524.673 526.317 527.712 528.819 529.853 530.528 530.869 542.386 545.067 547.839 551.163 530.497 533.479 536.726 540.258 543.826 547.731 551.833 556.079 560.458 565.168 569.86 574.828 580.048 585.342 590.536 595.753 600.781 605.744 610.1 614.247 618.048 620.999 623.612 625.991 627.22 628.025 628.459 632.299 630.695 629.134 630.282 632.55 634.748 636.571 638.099 639.652 641.193 642.793 644.344 645.955 647.55 649.172 650.709 652.222 653.689 655.178 656.612 658.071 659.529 661.13 662.682 664.252 665.728 667.227 668.701 670.374 671.994 669.106 670.765 672.454 674.119 675.691 677.225 678.782 680.187 681.587 682.962 684.333 685.66 686.992 688.418 689.937 691.431 692.894 694.273 695.657 697.143 698.824 700.475 702.118 703.663 705.21 706.811 708.749 710.657 712.577 718.406 720.189 721.91 723.618 725.254 726.915 723.818 725.807 727.841 729.491 730.967 732.441 734.216 736.304 738.485 740.708 742.973 745.49 747.925 750.611 752.706 751.246 751.808 752.638 753.721 754.986 756.181 757.346 758.952 760.795 762.796 764.982 767.166 773.142 775.359 777.635 779.854 777.989 780.957 784.146 787.148 789.217 791.187 793.151 795.608 801.856 804.199 802.386 804.434 806.637 808.528 810.181 811.745 813.515 815.639 817.861 823.322 824.815 826.181 827.752 825.16 827.298 829.479 831.565 833.564 835.644 840.935 842.221 843.366 840.801 842.704 844.656 846.592 848.505 854.758 856.61 853.705 855.932 858.101 860.346 862.712 864.998 867.128 874.958 876.467 877.855 871.063 875.023 879.136 883.199 885.878 895.802 896.192 890.743 888.449 886.965 886.486 886.486 886.486 887.734 885.436 887.033 889.016 891.662 894.723 901.155 900.515 903.335 906.422 909.882 912.562 914.635 919.532 918.488 921.264 924.171 927.116 929.625 934.963 936.989 935.566 938.479 941.484 944.682 949.503 950.949 952.083 954.33 952.085 954.181 961.256 958.584 962.159 965.881 969.631 973.918 985.161 988.948 985.037 997.203 1009.29 1021.71 1029.28 1032.81 1038.2 1045.64 1036.58 1020.89 993.73 987.231 986.932 986.878 987.07 988.19 990.397 992.696 995.012 996.645 999.989 1000.47 1000.93 998.664 999.189 1002.55 1003.74 1002.19 1004.01 1005.88 1012.29 1011.24 1014.92 1018.72 1022.5 1031.63 1035.78 1040.25 1046.77 1047.24 1061.22 1069.47 1085.25 1088.15 1105.45 1137.44 1138.61 1141.27 1137.08 1130.74 1113.55 1099.19 1083.88 1071.52 1064.52 1060.81 1060.83 1060.97 1061.24 1060.45 1058.35 1055.72 1052.63 1048.74 1043.75 1038.89 1034.31 1029.87 1027.98 1026.7 1025.57 1024.53 1026.02 1030.76 1035.83 1041.4 1048.12 1069.85 1092.69 1117.37 1143.11 1162.24 1173.29 1183.47 1192.44 1192.09 1191.08 1187.8 1185.31 1183.97 1182.64 1181.64 1180.75 1180.19 1178.73 1175.04 1172.54 1171.03 1167.69 1163.11 1157.68 1152.14 1145.51 1138.26 1130.63 1123.73 1116.48 1109.61 1103.33 1115.3 1100.86 1105.58 1111.61 1138.13 1150.06 1151.63 1165.94 1194.43 1209.22 1217.75 1234.09 1234.3 1234.42 1234.45 1230.04 1230.31 1228.33 1226.71 1225.71 1225.12 1224.5 1221.78 1220.9 1219.72 1218.32 1220.94 1213.7 1212.57 1211.63 1218.45 1217.59 1217.17 1208.89 1210.94 1214.19 1218.37 1229.83 1228.92 1222.98 1219.66 1217.55 1216.03 1214.43 1215.28 1212.2 1211.88 1211.38 1212.39 1212.58 1213.4 1211.6 1212.56 1213.13 1213.33 1214.32 1215.36 1216.36 1214.44 1215.01 1215.09 1214.69 1215.25 1216.08 1216.71 1213.33 1213.58 1213.23 1212.25 1212.52 1213.62 1214.3 1209.28 1209.49 1209 1207.82 1218.1 1209.71 1210.89 1211.93 1204.61 1205.26 1205.38 1205.48 1205.08 1204.2 1208.81 1207.87 1199.28 1199.09 1200.13 1201.52 1211.6 1212.26 1212.12 1211.62 1210.08 1210.64 1210.95 1210.84 1210.56 1210.27 1210.14 1209.86 1209.56 1209.36 1209.1 1208.86 1208.64 1208.6 1208.65 1208.76 1209.02 1209.43 1209.84 1210.57 1211.24 1211.89 1212.59 1213.52 1214.47 1215.4 1216.4 1217.41 1218.48 1219.19 1220.58 1221.58 1222.51 1223.33 1224.16 1224.85 1225.29 1225.75 1226.06 1226.31 1226.51 1226.7 1226.75 1227.11 1227.07 1227.1 1227.16 1227.23 1227.4 1227.63 1227.86 1228.33 1229.07 1229.82 1230.54 1231.44 1232.38 1233.31 1234.33 1235.49 1236.48 1237.57 1238.69 1239.8 1240.97 1242.12 1243.29 1244.31 1245.34 1246.35 1247.34 1248.28 1249.25 1250.02 1250.7 1251.38 1251.93 1252.31 1252.67 1252.96 1253.12 1254.15 1254.37 1254.54 1254.72 1254.89 1255.11 1255.32 1255.52 1255.68 1255.84 1255.99 1256.38 1256.75 1257.13 1257.5 1257.89 1258.27 1258.82 1259.4 1259.99 1260.5 1261.01 1261.51 1262.06 1262.61 1263.19 1263.52 1263.7 1263.89 1263.97 1263.94 1263.91 1263.89 1263.88 1263.87 1263.88 1263.94 1264 1264.07 1264.25 1264.41 1264.62 1265.05 1265.49 1265.94 1266.6 1267.25 1267.91 1268.47 1269.03 1269.59 1270.12 1270.64 1271.17 1271.7 1272.24 1272.77 1273.37 1273.98 1274.59 1275.23 1275.9 1276.55 1277.27 1278 1278.75 1281.74 1282.29 1282.82 1283.29 1283.68 1284.07 1283.31 1283.49 1283.67 1283.79 1283.5 1283.2 1282.88 1282.07 1281.24 1280.34 1279.52 1278.66 1277.77 1277.12 1276.51 1275.82 1277.58 1277.34 1277.03 1274.96 1275.42 1275.83 1276.06 1276.08 1276.07 1276.02 1275.91 1275.79 1275.67 1275.53 1275.39 1275.25 1276.98 1277.04 1277.14 1276.84 1277.2 1277.55 1277.89 1278.27 1278.66 1279 1279.23 1279.52 1279.91 1280.19 1280.85 1281.84 1281.89 1281.96 1282.07 1282.46 1282.95 1283.5 1283.93 1284.33 1283.32 1284.93 1284.9 1284.89 1284.9 1285.05 1285.24 1285.47 1285.5 1285.54 1284.03 1285.2 1284.8 1284.33 1284.02 1284.24 1284.74 1285.34 1284.81 1280.75 1280.12 1282.1 1281.01 1280.24 1279.35 1278.37 1277.75 1271.75 1271.21 1270.96 1270.34 1269.9 1267.99 1266.57 1265.72 1260.45 1260.05 1261.69 1259.21 1257.2 1255.72 1254.51 1253.79 1249.08 1250.94 1248.81 1247.14 1245.85 1244.78 1244.16 1239.94 1241.5 1239.56 1237.97 1236.76 1235.55 1234.76 1231.29 1231.77 1229.91 1228.3 1226.9 1225.85 1225.21 1222.95 1223.04 1222.01 1221.26 1220.92 1221.95 1221.79 1222.29 1209.08 1201.69 1195.35 1189.86 1195.49 1193.77 1193 1185.18 1185.79 1186.87 1193.97 1191.17 1192.3 1193.29 1193.99 1193.83 1194.8 1194.48 1193.12 1192.69 1192.34 1192.74 1192.13 1192.48 1193.12 1194.08 1196.29 1198.95 1200.47 1186.06 1170.35 1152.73 1141.8 1117.42 1112.48 1109.91 1109.79 1122.16 1121.28 1130.22 1125.1 1123.33 1127.67 1128.53 1128.85 1126.99 1126.97 1129.02 1128.17 1125.52 1124.66 1123.71 1124.35 1121.52 1120.31 1119.05 1117.77 1116.37 1114.95 1113.5 1112.07 1110.65 1110.86 1110.79 1107.72 1104.25 1104.38 1102.79 1101.08 1097.63 1095.92 1095.86 1094.16 1090.6 1088.83 1087.06 1087.16 1084.51 1083.75 1083.11 1084.27 1085.02 1084.65 1087.19 1092.56 1097.53 1102.78 1110.4 1118.21 1127.81 1135.61 1143.54 1151.79 1160.26 1159.65 1159.85 1153.88 1141.22 1130.11 1105.59 1068.66 1063.07 1058.53 1035.81 1018.85 1011.22 1005.38 999.657 994.231 989.397 989.052 988.875 988.87 992.643 990.514 992.312 994.382 999.806 1002.7 1005.39 1010.38 1018.38 1024.96 1034.41 1042.41 1055.26 1067.53 1078.72 1089.98 1101.6 1113.81 1125.98 1137.72 1139.31 1146.94 1143.98 1140.01 1125.42 1104.24 1070.44 1048.9 1034.49 1021.23 1008.57 1006.37 993.733 989.344 985.056 985.896 983.63 979.978 978.58 977.03 975.531 974.166 975.345 971.871 970.847 969.957 971.78 971.355 970.899 968.789 966.605 964.532 962.501 963.427 961.426 957.626 955.687 953.152 950.553 948.054 947.753 943.063 940.388 937.766 934.032 930.263 926.533 926.288 945.931 959.889 972.575 969.532 966.891 966.41 967.819 951.663 941.011 931.215 923.634 916.203 908.676 909.857 900.221 896.355 892.555 890.104 887.552 884.984 886.212 884.919 881.173 879.118 876.421 874.003 875.617 873.801 872.068 870.372 865.755 863.904 862.035 859.875 857.412 855.119 856.283 853.783 847.945 845.313 843.041 840.805 838.472 835.861 833.136 830.597 831.14 825.264 822.371 819.619 817.402 815.187 812.9 810.288 807.736 805.404 806.81 801.067 798.757 796.758 795.189 793.619 791.932 789.973 788.025 786.151 788.444 787.626 784.073 782.618 780.983 779.435 778.107 776.933 775.719 774.211 772.306 770.565 772.818 771.356 769.852 765.06 763.44 761.862 760.273 758.473 756.647 754.883 753.47 752.157 750.775 749.106 747.304 745.623 747.961 746.41 744.798 739.777 738.052 736.359 734.586 732.658 730.713 728.843 727.228 725.615 723.952 722.348 720.708 719.085 716.786 714.484 712.212 714.58 712.754 710.945 709.01 707.059 705.053 699.75 697.55 695.391 693.121 690.802 688.454 686.309 684.413 682.537 680.664 678.938 677.18 675.462 673.787 672.139 670.503 669.297 668.055 666.82 665.55 664.292 663.003 661.85 660.676 659.508 658.073 656.603 655.1 653.563 651.972 650.397 648.598 646.722 644.807 642.757 640.544 638.357 636.17 634.056 631.899 629.753 627.542 625.357 623.192 621.19 619.146 617.114 614.998 612.905 610.786 608.81 606.793 604.795 602.657 600.539 598.372 596.465 594.526 592.612 589.893 587.068 584.144 583.814 584.328 585.019 708.941 890.684 1062.9 1148.78 1205.26 1258.78 1280.63 1280.31 1279.78 1276.85 1270.11 1263.44 1257.07 1251.68 1245.76 1239.6 1233.22 1226.15 1218.14 1210.36 1201.94 1193.13 1190.78 1214.52 1212.43 1219.07 1225.71 1232.05 1247.1 1272.16 1297.06 1316.72 1331.86 1346.13 1356.44 1360.02 1363.47 1366.66 1369.62 1377.57 1381 1385.05 1389.39 1393.73 1396.47 1401.15 1405.87 1409.81 1413.75 1417.87 1422.3 1426.99 1429.45 1435.92 1440.43 1444.85 1448.79 1448.81 1448.54 1448 1444.67 1440.81 1436.51 1435.33 1431 1426.73 1424.79 1423.51 1422.01 1420.51 1419.6 1418.69 1417.73 1416.87 1415.91 1415.06 1414.57 1413.71 1412.85 1411.7 1410.07 1408.43 1407.74 1408.38 1408.87 1408.44 1395.19 1392.61 1390.43 1389.25 1396.72 1396.22 1391.31 1391.56 1391.56 1391.34 1390.91 1390.4 1393.89 1393.04 1392.26 1395.01 1392.73 1393.28 1393.86 1394.45 1393.9 1393.92 1393.85 1392.25 1389.55 1386.84 1384.03 1373.71 1367.01 1362.35 1380.22 1387.31 1393.49 1398.48 1392.13 1393.31 1394.91 1397.34 1403.68 1410.64 1418.37 1424.37 1431.5 1437.84 1440.89 1446.1 1451.33 1458.1 1462.51 1470.03 1479.5 1489.25 1496.58 1500.84 1488.36 1462.83 1421.78 1377.79 1331.51 1292.06 1256.92 1235.53 1226.31 1220 1214.87 1211.38 1210.45 1209.79 1209.31 1208.83 1206.31 1204.99 1202.34 1196.96 1192.68 1188.77 1186.25 1180.34 1178.25 1177.24 1177.29 1179.17 1179.76 1179.87 1176.64 1175.28 1175.12 1174.63 1174.84 1175.1 1175.37 1175.46 1175.68 1175.6 1175.42 1175.14 1174.71 1174.17 1173.57 1172.95 1172.27 1171.82 1171.08 1170.24 1168.84 1167.75 1167 1165.99 1163.75 1162.43 1160.95 1161.13 1156.18 1155.3 1154.89 1158.44 1156.18 1156.64 1157.67 1159.25 1160.14 1157.95 1155.95 1154.2 1152.63 1151.71 1150.78 1149.83 1148.85 1147.85 1146.79 1145.71 1144.57 1143.44 1142.43 1141.4 1140.31 1139.2 1138.37 1137.55 1136.64 1135.66 1134.53 1133.37 1132.04 1130.59 1132.13 1126.84 1126.02 1125.57 1130.33 1128.08 1130.25 1132.98 1138.83 1139.65 1137.35 1135.85 1135.24 1134.23 1133.79 1133.14 1133.07 1132.77 1132.58 1132.44 1131.84 1131.57 1131.23 1130.82 1131.11 1129.59 1128.81 1127.95 1128.54 1128.44 1124.39 1124 1127.46 1126.95 1126.46 1122.8 1124.19 1126.59 1129.51 1132.84 1133.65 1132.2 1130.86 1129.65 1129.12 1127.94 1127.01 1125.99 1124.71 1123.44 1122.12 1120.84 1119.64 1118.53 1117.46 1117.07 1116.46 1115.67 1115.14 1114.93 1114.83 1114.82 1115.47 1115.98 1116.72 1117.5 1118.23 1119.18 1120.08 1120.73 1121.3 1121.85 1122.42 1123 1122.96 1122.76 1122.46 1121.74 1120.96 1120.16 1119.44 1117.92 1116.68 1115.33 1113.75 1112.24 1110.73 1109.81 1107.17 1105.42 1103.68 1101.98 1100.25 1099.72 1098.51 1096.56 1095.64 1094.7 1093.76 1092.82 1093.17 1093.14 1090.92 1090.86 1090.22 1089.35 1088.31 1088.82 1088.93 1089.2 1084.42 1084.73 1084.98 1085.18 1084.57 1083.56 1082.31 1086.44 1085.69 1076.53 1076.49 1078.54 1081.27 1084.59 1098.57 1097.27 1096.04 1095.24 1094.65 1094.11 1093.54 1092.91 1092.29 1091.85 1091.19 1090.57 1089.99 1089.6 1089.14 1088.71 1088.36 1088.07 1087.83 1087.7 1087.72 1087.75 1087.64 1087.65 1087.88 1087.89 1087.91 1087.96 1088.06 1088.15 1088.25 1088.36 1088.41 1088.05 1087.72 1087.43 1087.4 1086.95 1086.5 1086.03 1085.57 1085.13 1084.56 1084.01 1083.48 1083.03 1082.59 1082.18 1081.17 1080.8 1081.33 1080.93 1080.58 1080.28 1080.12 1080.1 1080.12 1080.17 1080.25 1080.37 1080.55 1080.78 1081.05 1080.73 1080.69 1080.67 1080.67 1080.64 1080.62 1083.17 1083.11 1083.09 1083.09 1083.01 1082.93 1082.88 1082.85 1082.83 1082.84 1082.76 1082.61 1082.49 1082.38 1082.26 1082.16 1082.04 1081.84 1081.67 1081.51 1081.37 1081.25 1081.14 1081.06 1080.99 1080.92 1080.84 1080.75 1080.67 1078.53 1078.43 1078.35 1078.24 1078.13 1078.04 1077.96 1077.89 1077.84 1077.73 1077.62 1077.51 1077.4 1077.28 
        </DataArray>
        <DataArray type="Float64" Name="Tau1" format="ascii">
0 0 0 0 0 0 0 0 0 0 0 0 0 0 0 0 0 0 0 0 0 0 0 0 0 0 0 0 0 0 0 0 0 0 0 0 0 0 0 0 0 0 0 0 0 0 0 0 0 0 0 0 0 0 0 0 0 0 0 0 0 0 0 0 0 0 0 0 0 0 0 0 0 0 0 0 0 0 0 0 0 0 0 0 0 0 0 0 0 0 0 0 0 0 0 0 0 0 0 0 0 0 0 0 0 0 0 0 0 0 0 0 0 0 0 0 0 0 0 0 0 0 0 0 0 0 0 0 0 0 0 0 0 0 0 0 0 0 0 0 0 0 0 0 0 0 0 0 0 0 0 0 0 0 0 0 0 0 0 0 0 0 0 0 0 0 0 0 0 0 0 0 0 0 0 0 0 0 0 0 0 0 0 0 0 0 0 0 0 0 0 0 0 0 0 0 0 0 0 0 0 0 0 0 0 0 0 0 0 0 0 0 0 0 0 0 0 0 0 0 0 0 0 0 0 0 0 0 0 0 0 0 0 0 0 0 0 0 0 0 0 0 0 0 0 0 0 0 0 0 0 0 0 0 0 0 0 0 0 0 0 0 0 0 0 0 0 0 0 0 0 0 0 0 0 0 0 0 0 0 0 0 0 0 0 0 0 0 0 0 0 0 0 0 0 0 0 0 0 0 0 0 0 0 0 0 0 0 0 0 0 0 0 0 0 0 0 0 0 0 0 0 0 0 0 0 0 0 0 0 0 0 0 0 0 0 0 0 0 0 0 0 0 0 0 0 0 0 0 0 0 0 0 0 0 0 0 0 0 0 0 0 0 0 0 0 0 0 0 0 0 0 0 0 0 0 0 0 0 0 0 0 0 0 0 0 0 0 0 0 0 0 0 0 0 0 0 0 0 0 0 0 0 0 0 0 0 0 0 0 0 0 0 0 0 0 0 0 0 0 0 0 0 0 0 0 0 0 0 0 0 0 0 0 0 0 0 0 0 0 0 0 0 0 0 0 0 0 0 0 0 0 0 0 0 0 0 0 0 0 0 0 0 0 0 0 0 0 0 0 0 0 0 0 0 0 0 0 0 0 0 0 0 0 0 0 0 0 0 0 0 0 0 0 0 0 0 0 0 0 0 0 0 0 0 0 0 0 0 0 0 0 0 0 0 0 0 0 0 0 0 0 0 0 0 0 0 0 0 0 0 0 0 0 0 0 0 0 0 0 0 0 0 0 0 0 0 0 0 0 0 0 0 0 0 0 0 0 0 0 0 0 0 0 0 0 0 0 0 0 0 0 0 0 0 0 0 0 0 0 0 0 0 0 0 0 0 0 0 0 0 0 0 0 0 0 0 0 0 0 0 0 0 0 0 0 0 0 0 0 0 0 0 0 0 0 0 0 0 0 0 0 0 0 0 0 0 0 0 0 0 0 0 0 0 0 0 0 0 0 0 0 0 0 0 0 0 0 0 0 0 0 0 0 0 0 0 0 0 0 0 0 0 0 0 0 0 0 0 0 0 0 0 0 0 0 0 0 0 0 0 0 0 0 0 0 0 0 0 0 0 0 0 0 0 0 0 0 0 0 0 0 0 0 0 0 0 0 0 0 0 0 0 0 0 0 0 0 0 0 0 0 0 0 0 0 0 0 0 0 0 0 0 0 0 0 0 0 0 0 0 0 0 0 0 0 0 0 0 0 0 0 0 0 0 0 0 0 0 0 0 0 0 0 0 0 0 0 0 0 0 0 0 0 0 0 0 0 0 0 0 0 0 0 0 0 0 0 0 0 0 0 0 0 0 0 0 0 0 0 0 0 0 0 0 0 0 0 0 0 0 0 0 0 0 0 0 0 0 0 0 0 0 0 0 0 0 0 0 0 0 0 0 0 0 0 0 0 0 0 0 0 0 0 0 0 0 0 0 0 0 0 0 0 0 0 0 0 0 0 0 0 0 0 0 0 0 0 0 0 0 0 0 0 0 0 0 0 0 0 0 0 0 0 0 0 0 0 0 0 0 0 0 0 0 0 0 0 0 0 0 0 0 0 0 0 0 0 0 0 0 0 0 0 0 0 0 0 0 0 0 0 0 0 0 0 0 0 0 0 0 0 0 0 0 0 0 0 0 0 0 0 0 0 0 0 0 0 0 0 0 0 0 0 0 0 0 0 0 0 0 0 0 0 0 0 0 0 0 0 0 0 0 0 0 0 0 0 0 0 0 0 0 0 0 0 0 0 0 0 0 0 0 0 0 0 0 0 0 0 0 0 0 0 0 0 0 0 0 0 0 0 0 0 0 0 0 0 0 0 0 0 0 0 0 0 0 0 0 0 0 0 0 0 0 0 0 0 0 0 0 0 0 0 0 0 0 0 0 0 0 0 0 0 0 0 0 0 0 0 0 0 0 0 0 0 0 0 0 0 0 0 0 0 0 0 0 0 0 0 0 0 0 0 0 0 0 0 0 0 0 0 0 0 0 0 0 0 0 0 0 0 0 0 0 0 0 0 0 0 0 0 0 0 0 0 0 0 0 0 0 0 0 0 0 0 0 0 0 0 0 0 0 0 0 0 0 0 0 0 0 0 0 0 0 0 0 0 0 0 0 0 0 0 0 0 0 0 0 0 0 0 0 0 0 0 0 0 0 0 0 0 0 0 0 0 0 0 0 0 0 0 0 0 0 0 0 0 0 0 0 0 0 0 0 0 0 0 0 0 0 0 0 0 0 0 0 0 0 0 0 0 0 0 0 0 0 0 0 0 0 0 0 0 0 0 0 0 0 0 0 0 0 0 0 0 0 0 0 0 0 0 0 0 0 0 0 0 0 0 0 0 0 0 0 0 0 0 0 0 0 0 0 0 0 0 0 0 0 0 0 0 0 0 0 0 0 0 0 0 0 0 0 0 0 0 0 0 0 0 0 0 0 0 0 0 0 0 0 0 0 0 0 0 0 0 0 0 0 0 0 0 0 0 0 0 0 0 0 0 0 0 0 0 0 0 0 0 0 0 0 0 0 0 0 0 0 0 0 0 0 0 0 0 0 0 0 0 0 0 0 0 0 0 0 0 0 0 0 0 0 0 0 0 0 0 0 0 0 0 0 0 0 0 0 0 0 0 0 0 0 0 0 0 0 0 0 0 0 0 0 0 0 0 0 0 0 0 0 0 0 0 0 0 0 0 0 0 0 0 0 0 0 0 0 0 0 0 0 0 0 0 0 0 0 0 0 0 0 0 0 0 0 0 0 0 0 0 0 0 0 0 0 0 0 0 0 0 0 0 0 0 0 0 0 0 0 0 0 0 0 0 0 0 0 0 0 0 0 0 0 0 0 0 0 0 0 0 0 0 0 0 0 0 0 0 0 0 0 0 0 0 0 0 0 0 0 0 0 0 0 0 0 0 0 0 0 0 0 0 0 0 0 0 0 0 0 0 0 0 0 0 0 0 0 0 0 0 0 0 0 0 0 0 0 0 0 0 0 0 0 0 0 0 0 0 0 0 0 0 0 0 0 0 0 0 0 0 0 0 0 0 0 0 0 0 0 0 0 0 0 0 0 0 0 0 0 0 0 0 0 0 0 0 0 0 0 0 0 0 0 0 0 0 0 0 0 0 0 0 0 0 0 0 0 0 0 0 0 0 0 0 0 0 0 0 0 0 0 0 0 0 0 0 0 0 0 0 0 0 0 0 0 0 0 0 0 0 0 0 0 0 0 0 0 0 0 0 0 0 0 0 0 0 0 0 0 0 0 0 0 0 0 0 0 0 0 0 0 0 0 0 0 0 0 0 0 0 0 0 0 0 0 0 0 0 0 0 0 0 0 0 0 0 0 0 0 0 0 0 0 0 0 0 0 0 0 0 0 0 0 0 0 0 0 0 0 0 0 0 0 0 0 0 0 0 0 0 0 0 0 0 0 0 0 0 0 0 0 0 0 0 0 0 0 0 0 0 0 0 0 0 0 0 0 0 0 0 0 0 0 0 0 0 0 0 0 0 0 0 0 0 0 0 0 0 0 0 0 0 0 0 0 0 0 0 0 0 0 0 0 0 0 0 0 0 0 0 0 0 0 0 0 0 0 0 0 0 0 0 0 0 0 0 0 0 0 0 0 0 0 0 0 0 0 0 0 0 0 0 0 0 0 0 0 0 0 0 0 0 0 0 0 0 0 0 0 0 0 0 0 0 0 0 0 0 0 0 0 0 0 0 0 0 0 0 0 0 0 0 0 0 0 0 0 0 0 0 0 0 0 0 0 0 0 0 0 0 0 0 0 0 0 0 0 0 0 0 0 0 0 0 0 0 0 0 0 0 0 0 0 0 0 0 0 0 0 0 0 0 0 0 0 0 0 0 0 0 0 0 0 0 0 0 0 0 0 0 0 0 0 0 0 0 0 0 0 0 0 0 0 0 0 0 0 0 0 0 0 0 0 0 0 0 0 0 0 0 0 0 0 0 0 0 0 0 0 0 0 0 0 0 0 0 0 0 0 0 0 0 0 0 0 0 0 0 0 0 0 0 
        </DataArray>
        <DataArray type="Float64" Name="Tau2" format="ascii">
0 0 0 0 0 0 0 0 0 0 0 0 0 0 0 0 0 0 0 0 0 0 0 0 0 0 0 0 0 0 0 0 0 0 0 0 0 0 0 0 0 0 0 0 0 0 0 0 0 0 0 0 0 0 0 0 0 0 0 0 0 0 0 0 0 0 0 0 0 0 0 0 0 0 0 0 0 0 0 0 0 0 0 0 0 0 0 0 0 0 0 0 0 0 0 0 0 0 0 0 0 0 0 0 0 0 0 0 0 0 0 0 0 0 0 0 0 0 0 0 0 0 0 0 0 0 0 0 0 0 0 0 0 0 0 0 0 0 0 0 0 0 0 0 0 0 0 0 0 0 0 0 0 0 0 0 0 0 0 0 0 0 0 0 0 0 0 0 0 0 0 0 0 0 0 0 0 0 0 0 0 0 0 0 0 0 0 0 0 0 0 0 0 0 0 0 0 0 0 0 0 0 0 0 0 0 0 0 0 0 0 0 0 0 0 0 0 0 0 0 0 0 0 0 0 0 0 0 0 0 0 0 0 0 0 0 0 0 0 0 0 0 0 0 0 0 0 0 0 0 0 0 0 0 0 0 0 0 0 0 0 0 0 0 0 0 0 0 0 0 0 0 0 0 0 0 0 0 0 0 0 0 0 0 0 0 0 0 0 0 0 0 0 0 0 0 0 0 0 0 0 0 0 0 0 0 0 0 0 0 0 0 0 0 0 0 0 0 0 0 0 0 0 0 0 0 0 0 0 0 0 0 0 0 0 0 0 0 0 0 0 0 0 0 0 0 0 0 0 0 0 0 0 0 0 0 0 0 0 0 0 0 0 0 0 0 0 0 0 0 0 0 0 0 0 0 0 0 0 0 0 0 0 0 0 0 0 0 0 0 0 0 0 0 0 0 0 0 0 0 0 0 0 0 0 0 0 0 0 0 0 0 0 0 0 0 0 0 0 0 0 0 0 0 0 0 0 0 0 0 0 0 0 0 0 0 0 0 0 0 0 0 0 0 0 0 0 0 0 0 0 0 0 0 0 0 0 0 0 0 0 0 0 0 0 0 0 0 0 0 0 0 0 0 0 0 0 0 0 0 0 0 0 0 0 0 0 0 0 0 0 0 0 0 0 0 0 0 0 0 0 0 0 0 0 0 0 0 0 0 0 0 0 0 0 0 0 0 0 0 0 0 0 0 0 0 0 0 0 0 0 0 0 0 0 0 0 0 0 0 0 0 0 0 0 0 0 0 0 0 0 0 0 0 0 0 0 0 0 0 0 0 0 0 0 0 0 0 0 0 0 0 0 0 0 0 0 0 0 0 0 0 0 0 0 0 0 0 0 0 0 0 0 0 0 0 0 0 0 0 0 0 0 0 0 0 0 0 0 0 0 0 0 0 0 0 0 0 0 0 0 0 0 0 0 0 0 0 0 0 0 0 0 0 0 0 0 0 0 0 0 0 0 0 0 0 0 0 0 0 0 0 0 0 0 0 0 0 0 0 0 0 0 0 0 0 0 0 0 0 0 0 0 0 0 0 0 0 0 0 0 0 0 0 0 0 0 0 0 0 0 0 0 0 0 0 0 0 0 0 0 0 0 0 0 0 0 0 0 0 0 0 0 0 0 0 0 0 0 0 0 0 0 0 0 0 0 0 0 0 0 0 0 0 0 0 0 0 0 0 0 0 0 0 0 0 0 0 0 0 0 0 0 0 0 0 0 0 0 0 0 0 0 0 0 0 0 0 0 0 0 0 0 0 0 0 0 0 0 0 0 0 0 0 0 0 0 0 0 0 0 0 0 0 0 0 0 0 0 0 0 0 0 0 0 0 0 0 0 0 0 0 0 0 0 0 0 0 0 0 0 0 0 0 0 0 0 0 0 0 0 0 0 0 0 0 0 0 0 0 0 0 0 0 0 0 0 0 0 0 0 0 0 0 0 0 0 0 0 0 0 0 0 0 0 0 0 0 0 0 0 0 0 0 0 0 0 0 0 0 0 0 0 0 0 0 0 0 0 0 0 0 0 0 0 0 0 0 0 0 0 0 0 0 0 0 0 0 0 0 0 0 0 0 0 0 0 0 0 0 0 0 0 0 0 0 0 0 0 0 0 0 0 0 0 0 0 0 0 0 0 0 0 0 0 0 0 0 0 0 0 0 0 0 0 0 0 0 0 0 0 0 0 0 0 0 0 0 0 0 0 0 0 0 0 0 0 0 0 0 0 0 0 0 0 0 0 0 0 0 0 0 0 0 0 0 0 0 0 0 0 0 0 0 0 0 0 0 0 0 0 0 0 0 0 0 0 0 0 0 0 0 0 0 0 0 0 0 0 0 0 0 0 0 0 0 0 0 0 0 0 0 0 0 0 0 0 0 0 0 0 0 0 0 0 0 0 0 0 0 0 0 0 0 0 0 0 0 0 0 0 0 0 0 0 0 0 0 0 0 0 0 0 0 0 0 0 0 0 0 0 0 0 0 0 0 0 0 0 0 0 0 0 0 0 0 0 0 0 0 0 0 0 0 0 0 0 0 0 0 0 0 0 0 0 0 0 0 0 0 0 0 0 0 0 0 0 0 0 0 0 0 0 0 0 0 0 0 0 0 0 0 0 0 0 0 0 0 0 0 0 0 0 0 0 0 0 0 0 0 0 0 0 0 0 0 0 0 0 0 0 0 0 0 0 0 0 0 0 0 0 0 0 0 0 0 0 0 0 0 0 0 0 0 0 0 0 0 0 0 0 0 0 0 0 0 0 0 0 0 0 0 0 0 0 0 0 0 0 0 0 0 0 0 0 0 0 0 0 0 0 0 0 0 0 0 0 0 0 0 0 0 0 0 0 0 0 0 0 0 0 0 0 0 0 0 0 0 0 0 0 0 0 0 0 0 0 0 0 0 0 0 0 0 0 0 0 0 0 0 0 0 0 0 0 0 0 0 0 0 0 0 0 0 0 0 0 0 0 0 0 0 0 0 0 0 0 0 0 0 0 0 0 0 0 0 0 0 0 0 0 0 0 0 0 0 0 0 0 0 0 0 0 0 0 0 0 0 0 0 0 0 0 0 0 0 0 0 0 0 0 0 0 0 0 0 0 0 0 0 0 0 0 0 0 0 0 0 0 0 0 0 0 0 0 0 0 0 0 0 0 0 0 0 0 0 0 0 0 0 0 0 0 0 0 0 0 0 0 0 0 0 0 0 0 0 0 0 0 0 0 0 0 0 0 0 0 0 0 0 0 0 0 0 0 0 0 0 0 0 0 0 0 0 0 0 0 0 0 0 0 0 0 0 0 0 0 0 0 0 0 0 0 0 0 0 0 0 0 0 0 0 0 0 0 0 0 0 0 0 0 0 0 0 0 0 0 0 0 0 0 0 0 0 0 0 0 0 0 0 0 0 0 0 0 0 0 0 0 0 0 0 0 0 0 0 0 0 0 0 0 0 0 0 0 0 0 0 0 0 0 0 0 0 0 0 0 0 0 0 0 0 0 0 0 0 0 0 0 0 0 0 0 0 0 0 0 0 0 0 0 0 0 0 0 0 0 0 0 0 0 0 0 0 0 0 0 0 0 0 0 0 0 0 0 0 0 0 0 0 0 0 0 0 0 0 0 0 0 0 0 0 0 0 0 0 0 0 0 0 0 0 0 0 0 0 0 0 0 0 0 0 0 0 0 0 0 0 0 0 0 0 0 0 0 0 0 0 0 0 0 0 0 0 0 0 0 0 0 0 0 0 0 0 0 0 0 0 0 0 0 0 0 0 0 0 0 0 0 0 0 0 0 0 0 0 0 0 0 0 0 0 0 0 0 0 0 0 0 0 0 0 0 0 0 0 0 0 0 0 0 0 0 0 0 0 0 0 0 0 0 0 0 0 0 0 0 0 0 0 0 0 0 0 0 0 0 0 0 0 0 0 0 0 0 0 0 0 0 0 0 0 0 0 0 0 0 0 0 0 0 0 0 0 0 0 0 0 0 0 0 0 0 0 0 0 0 0 0 0 0 0 0 0 0 0 0 0 0 0 0 0 0 0 0 0 0 0 0 0 0 0 0 0 0 0 0 0 0 0 0 0 0 0 0 0 0 0 0 0 0 0 0 0 0 0 0 0 0 0 0 0 0 0 0 0 0 0 0 0 0 0 0 0 0 0 0 0 0 0 0 0 0 0 0 0 0 0 0 0 0 0 0 0 0 0 0 0 0 0 0 0 0 0 0 0 0 0 0 0 0 0 0 0 0 0 0 0 0 0 0 0 0 0 0 0 0 0 0 0 0 0 0 0 0 0 0 0 0 0 0 0 0 0 0 0 0 0 0 0 0 0 0 0 0 0 0 0 0 0 0 0 0 0 0 0 0 0 0 0 0 0 0 0 0 0 0 0 0 0 0 0 0 0 0 0 0 0 0 0 0 0 0 0 0 0 0 0 0 0 0 0 0 0 0 0 0 0 0 0 0 0 0 0 0 0 0 0 0 0 0 0 0 0 0 0 0 0 0 0 0 0 0 0 0 0 0 0 0 0 
        </DataArray>
        <DataArray type="Float64" Name="dTdn" format="ascii">
0 0 0 0 0 0 0 0 0 0 0 0 0 0 0 0 0 0 0 0 0 0 0 0 0 0 0 0 0 0 0 0 0 0 0 0 0 0 0 0 0 0 0 0 0 0 0 0 0 0 0 0 0 0 0 0 0 0 0 0 0 0 0 0 0 0 0 0 0 0 0 0 0 0 0 0 0 0 0 0 0 0 0 0 0 0 0 0 0 0 0 0 0 0 0 0 0 0 0 0 0 0 0 0 0 0 0 0 0 0 0 0 0 0 0 0 0 0 0 0 0 0 0 0 0 0 0 0 0 0 0 0 0 0 0 0 0 0 0 0 0 0 0 0 0 0 0 0 0 0 0 0 0 0 0 0 0 0 0 0 0 0 0 0 0 0 0 0 0 0 0 0 0 0 0 0 0 0 0 0 0 0 0 0 0 0 0 0 0 0 0 0 0 0 0 0 0 0 0 0 0 0 0 0 0 0 0 0 0 0 0 0 0 0 0 0 0 0 0 0 0 0 0 0 0 0 0 0 0 0 0 0 0 0 0 0 0 0 0 0 0 0 0 0 0 0 0 0 0 0 0 0 0 0 0 0 0 0 0 0 0 0 0 0 0 0 0 0 0 0 0 0 0 0 0 0 0 0 0 0 0 0 0 0 0 0 0 0 0 0 0 0 0 0 0 0 0 0 0 0 0 0 0 0 0 0 0 0 0 0 0 0 0 0 0 0 0 0 0 0 0 0 0 0 0 0 0 0 0 0 0 0 0 0 0 0 0 0 0 0 0 0 0 0 0 0 0 0 0 0 0 0 0 0 0 0 0 0 0 0 0 0 0 0 0 0 0 0 0 0 0 0 0 0 0 0 0 0 0 0 0 0 0 0 0 0 0 0 0 0 0 0 0 0 0 0 0 0 0 0 0 0 0 0 0 0 0 0 0 0 0 0 0 0 0 0 0 0 0 0 0 0 0 0 0 0 0 0 0 0 0 0 0 0 0 0 0 0 0 0 0 0 0 0 0 0 0 0 0 0 0 0 0 0 0 0 0 0 0 0 0 0 0 0 0 0 0 0 0 0 0 0 0 0 0 0 0 0 0 0 0 0 0 0 0 0 0 0 0 0 0 0 0 0 0 0 0 0 0 0 0 0 0 0 0 0 0 0 0 0 0 0 0 0 0 0 0 0 0 0 0 0 0 0 0 0 0 0 0 0 0 0 0 0 0 0 0 0 0 0 0 0 0 0 0 0 0 0 0 0 0 0 0 0 0 0 0 0 0 0 0 0 0 0 0 0 0 0 0 0 0 0 0 0 0 0 0 0 0 0 0 0 0 0 0 0 0 0 0 0 0 0 0 0 0 0 0 0 0 0 0 0 0 0 0 0 0 0 0 0 0 0 0 0 0 0 0 0 0 0 0 0 0 0 0 0 0 0 0 0 0 0 0 0 0 0 0 0 0 0 0 0 0 0 0 0 0 0 0 0 0 0 0 0 0 0 0 0 0 0 0 0 0 0 0 0 0 0 0 0 0 0 0 0 0 0 0 0 0 0 0 0 0 0 0 0 0 0 0 0 0 0 0 0 0 0 0 0 0 0 0 0 0 0 0 0 0 0 0 0 0 0 0 0 0 0 0 0 0 0 0 0 0 0 0 0 0 0 0 0 0 0 0 0 0 0 0 0 0 0 0 0 0 0 0 0 0 0 0 0 0 0 0 0 0 0 0 0 0 0 0 0 0 0 0 0 0 0 0 0 0 0 0 0 0 0 0 0 0 0 0 0 0 0 0 0 0 0 0 0 0 0 0 0 0 0 0 0 0 0 0 0 0 0 0 0 0 0 0 0 0 0 0 0 0 0 0 0 0 0 0 0 0 0 0 0 0 0 0 0 0 0 0 0 0 0 0 0 0 0 0 0 0 0 0 0 0 0 0 0 0 0 0 0 0 0 0 0 0 0 0 0 0 0 0 0 0 0 0 0 0 0 0 0 0 0 0 0 0 0 0 0 0 0 0 0 0 0 0 0 0 0 0 0 0 0 0 0 0 0 0 0 0 0 0 0 0 0 0 0 0 0 0 0 0 0 0 0 0 0 0 0 0 0 0 0 0 0 0 0 0 0 0 0 0 0 0 0 0 0 0 0 0 0 0 0 0 0 0 0 0 0 0 0 0 0 0 0 0 0 0 0 0 0 0 0 0 0 0 0 0 0 0 0 0 0 0 0 0 0 0 0 0 0 0 0 0 0 0 0 0 0 0 0 0 0 0 0 0 0 0 0 0 0 0 0 0 0 0 0 0 0 0 0 0 0 0 0 0 0 0 0 0 0 0 0 0 0 0 0 0 0 0 0 0 0 0 0 0 0 0 0 0 0 0 0 0 0 0 0 0 0 0 0 0 0 0 0 0 0 0 0 0 0 0 0 0 0 0 0 0 0 0 0 0 0 0 0 0 0 0 0 0 0 0 0 0 0 0 0 0 0 0 0 0 0 0 0 0 0 0 0 0 0 0 0 0 0 0 0 0 0 0 0 0 0 0 0 0 0 0 0 0 0 0 0 0 0 0 0 0 0 0 0 0 0 0 0 0 0 0 0 0 0 0 0 0 0 0 0 0 0 0 0 0 0 0 0 0 0 0 0 0 0 0 0 0 0 0 0 0 0 0 0 0 0 0 0 0 0 0 0 0 0 0 0 0 0 0 0 0 0 0 0 0 0 0 0 0 0 0 0 0 0 0 0 0 0 0 0 0 0 0 0 0 0 0 0 0 0 0 0 0 0 0 0 0 0 0 0 0 0 0 0 0 0 0 0 0 0 0 0 0 0 0 0 0 0 0 0 0 0 0 0 0 0 0 0 0 0 0 0 0 0 0 0 0 0 0 0 0 0 0 0 0 0 0 0 0 0 0 0 0 0 0 0 0 0 0 0 0 0 0 0 0 0 0 0 0 0 0 0 0 0 0 0 0 0 0 0 0 0 0 0 0 0 0 0 0 0 0 0 0 0 0 0 0 0 0 0 0 0 0 0 0 0 0 0 0 0 0 0 0 0 0 0 0 0 0 0 0 0 0 0 0 0 0 0 0 0 0 0 0 0 0 0 0 0 0 0 0 0 0 0 0 0 0 0 0 0 0 0 0 0 0 0 0 0 0 0 0 0 0 0 0 0 0 0 0 0 0 0 0 0 0 0 0 0 0 0 0 0 0 0 0 0 0 0 0 0 0 0 0 0 0 0 0 0 0 0 0 0 0 0 0 0 0 0 0 0 0 0 0 0 0 0 0 0 0 0 0 0 0 0 0 0 0 0 0 0 0 0 0 0 0 0 0 0 0 0 0 0 0 0 0 0 0 0 0 0 0 0 0 0 0 0 0 0 0 0 0 0 0 0 0 0 0 0 0 0 0 0 0 0 0 0 0 0 0 0 0 0 0 0 0 0 0 0 0 0 0 0 0 0 0 0 0 0 0 0 0 0 0 0 0 0 0 0 0 0 0 0 0 0 0 0 0 0 0 0 0 0 0 0 0 0 0 0 0 0 0 0 0 0 0 0 0 0 0 0 0 0 0 0 0 0 0 0 0 0 0 0 0 0 0 0 0 0 0 0 0 0 0 0 0 0 0 0 0 0 0 0 0 0 0 0 0 0 0 0 0 0 0 0 0 0 0 0 0 0 0 0 0 0 0 0 0 0 0 0 0 0 0 0 0 0 0 0 0 0 0 0 0 0 0 0 0 0 0 0 0 0 0 0 0 0 0 0 0 0 0 0 0 0 0 0 0 0 0 0 0 0 0 0 0 0 0 0 0 0 0 0 0 0 0 0 0 0 0 0 0 0 0 0 0 0 0 0 0 0 0 0 0 0 0 0 0 0 0 0 0 0 0 0 0 0 0 0 0 0 0 0 0 0 0 0 0 0 0 0 0 0 0 0 0 0 0 0 0 0 0 0 0 0 0 0 0 0 0 0 0 0 0 0 0 0 0 0 0 0 0 0 0 0 0 0 0 0 0 0 0 0 0 0 0 0 0 0 0 0 0 0 0 0 0 0 0 0 0 0 0 0 0 0 0 0 0 0 0 0 0 0 0 0 0 0 0 0 0 0 0 0 0 0 0 0 0 0 0 0 0 0 0 0 0 0 0 0 0 0 0 0 0 0 0 0 0 0 0 0 0 0 0 0 0 0 0 0 0 0 0 0 0 0 0 0 0 0 0 0 0 0 0 0 0 0 0 0 0 0 0 0 0 0 0 0 0 0 0 0 0 0 0 0 0 0 0 0 0 0 0 0 0 0 0 0 0 0 0 0 0 0 0 0 0 0 0 0 0 0 0 0 0 0 0 0 0 0 0 0 0 0 0 0 0 0 0 0 0 0 0 0 0 0 0 0 0 0 0 0 0 0 0 0 0 0 0 0 0 0 0 0 0 0 0 0 0 0 0 0 0 0 0 0 0 0 0 0 0 0 0 0 0 0 0 0 0 0 0 0 0 0 0 0 0 0 0 0 0 0 0 0 0 0 0 0 0 0 0 0 
        </DataArray>
        <DataArray type="Int32" Name="Rank" format="ascii">
0 0 0 0 0 0 0 0 0 0 0 0 0 0 0 0 0 0 0 0 0 0 0 0 0 0 0 0 0 0 0 0 0 0 0 0 0 0 0 0 0 0 0 0 0 0 0 0 0 0 0 0 0 0 0 0 0 0 0 0 0 0 0 0 0 0 0 0 0 0 0 0 0 0 0 0 0 0 0 0 0 0 0 0 0 0 0 0 0 0 0 0 0 0 0 0 0 0 0 0 0 0 0 0 0 0 0 0 0 0 0 0 0 0 0 0 0 0 0 0 0 0 0 0 0 0 0 0 0 0 0 0 0 0 0 0 0 0 0 0 0 0 0 0 0 0 0 0 0 0 0 0 0 0 0 0 0 0 0 0 0 0 0 0 0 0 0 0 0 0 0 0 0 0 0 0 0 0 0 0 0 0 0 0 0 0 0 0 0 0 0 0 0 0 0 0 0 0 0 0 0 0 1 1 1 1 1 1 1 1 1 1 1 1 1 1 1 1 1 1 1 1 1 1 1 1 1 1 1 1 1 1 1 1 1 0 0 0 0 0 0 0 0 0 0 0 0 0 0 0 0 0 0 0 0 0 0 0 0 0 0 0 0 0 0 1 1 1 1 1 0 0 0 0 0 0 0 0 0 0 0 0 0 0 0 0 0 0 0 0 0 0 0 0 0 0 0 0 0 0 0 0 0 0 0 0 0 0 0 0 0 0 0 0 0 0 0 0 0 0 0 0 0 0 0 0 0 0 0 0 0 0 0 0 0 0 0 0 0 0 0 0 0 0 0 0 0 0 0 0 0 0 0 0 0 0 0 0 0 0 0 0 0 0 0 0 0 0 0 0 0 0 0 0 0 0 0 0 0 0 0 0 0 0 0 0 0 0 0 0 0 0 0 0 0 0 0 0 0 0 0 0 0 0 0 0 0 0 0 0 0 0 0 0 0 0 0 0 0 0 0 0 0 0 0 0 0 0 0 0 0 0 0 0 0 0 0 0 0 0 0 0 0 0 0 0 0 0 0 0 0 0 0 0 0 0 0 0 0 0 0 0 0 0 0 0 0 0 0 0 0 0 0 0 0 0 0 0 0 0 0 0 0 0 0 0 0 0 0 0 0 0 0 0 0 0 0 0 0 0 0 0 0 0 0 0 0 0 0 0 0 0 0 0 0 0 0 0 0 0 0 0 0 0 0 0 0 0 0 0 0 0 0 0 0 0 0 0 0 0 0 0 0 0 0 0 0 0 0 0 0 0 0 0 0 0 0 0 0 0 0 0 0 0 0 0 0 0 0 0 0 0 0 0 0 0 0 0 0 0 0 0 0 0 0 0 0 0 0 0 0 0 0 0 0 0 0 0 0 0 0 0 0 0 0 0 0 0 0 0 0 0 0 0 0 0 0 0 0 0 0 0 0 0 0 0 0 0 0 0 0 0 0 0 0 0 0 0 0 1 1 1 1 1 1 1 1 1 1 1 1 1 1 1 1 1 1 1 1 1 1 1 1 1 1 1 1 1 1 1 1 1 1 1 1 1 1 1 1 1 1 1 1 1 1 1 1 1 1 1 1 1 1 1 1 1 1 1 1 1 1 1 1 1 1 1 1 1 1 1 1 1 1 1 1 1 1 1 1 1 1 1 1 1 1 1 1 1 1 1 1 1 1 1 1 1 1 1 1 1 1 1 1 1 1 1 1 1 1 1 1 1 1 1 1 1 1 1 1 1 1 1 1 1 1 1 1 1 1 1 1 1 1 1 1 1 1 1 1 1 1 1 1 1 1 1 1 1 1 1 1 1 1 1 1 1 1 1 1 1 1 1 1 1 1 1 1 1 1 1 1 1 1 1 1 1 1 1 1 1 1 1 1 1 1 1 1 1 1 1 1 1 1 1 1 1 1 1 1 1 1 1 1 1 1 1 1 1 1 1 1 1 1 1 1 1 1 1 1 1 1 1 1 1 1 1 1 1 1 1 1 1 1 1 1 1 1 1 1 1 1 1 1 1 1 1 1 1 1 1 1 1 1 1 1 1 1 1 1 1 1 1 1 1 1 1 1 1 1 1 1 1 1 1 1 1 1 1 1 1 1 1 1 1 1 1 1 1 1 1 1 1 1 1 1 1 1 1 1 1 1 1 1 1 1 1 1 1 1 1 1 1 1 1 1 1 1 1 1 1 1 1 1 1 1 1 1 1 1 1 1 1 1 1 1 1 1 1 1 1 1 1 1 1 1 1 1 1 1 1 1 1 1 1 1 1 1 1 1 1 1 1 1 1 1 1 1 1 1 1 1 1 1 1 1 1 1 1 1 1 1 1 1 1 1 1 1 1 1 1 1 1 1 1 1 1 1 1 1 1 1 1 1 1 1 1 1 1 1 1 1 1 1 1 1 1 1 1 1 1 1 1 1 1 1 1 1 1 1 1 1 1 1 1 1 1 1 1 1 1 1 1 1 1 1 1 1 1 1 1 1 1 1 1 1 1 1 1 1 1 1 1 1 1 1 1 1 1 1 1 1 1 1 1 1 1 1 1 1 1 1 1 1 1 1 1 1 1 1 1 1 1 1 1 1 1 1 1 1 1 1 1 1 1 1 1 1 1 1 1 1 1 1 1 1 1 1 1 1 1 1 1 1 1 1 1 1 1 1 1 1 1 1 1 1 1 1 1 1 1 1 1 1 1 1 1 1 1 1 1 1 1 1 1 1 1 1 1 1 1 1 1 1 1 1 1 1 1 1 1 1 1 1 1 1 1 1 1 1 1 1 1 1 1 1 1 1 1 1 1 1 1 1 1 1 1 1 1 1 1 1 1 1 1 1 1 1 1 1 1 1 1 1 1 1 1 1 1 1 1 1 1 1 1 1 1 1 1 1 1 1 1 1 1 1 1 1 1 1 1 1 1 1 1 1 1 1 1 1 1 1 1 1 1 1 1 1 1 1 1 1 1 1 1 1 1 1 1 1 1 1 1 1 1 1 1 1 1 1 1 1 1 1 1 1 1 1 1 1 1 1 1 1 1 1 1 1 1 1 1 1 1 1 1 1 1 1 1 1 1 1 1 1 1 1 1 1 1 1 1 1 1 1 1 1 1 1 1 1 1 1 1 1 1 1 1 1 1 1 1 1 1 1 1 1 1 1 1 1 1 1 1 1 1 1 1 1 1 1 1 1 1 1 1 1 1 1 1 1 1 1 1 1 1 1 1 1 1 1 1 1 1 1 1 1 1 1 1 1 1 1 1 1 1 1 1 1 1 1 1 1 1 1 1 1 1 1 1 1 1 1 1 1 1 1 1 1 1 1 1 1 1 1 1 1 1 1 1 1 1 1 1 1 1 1 1 1 1 1 1 1 1 1 1 1 1 1 1 1 1 1 1 1 1 1 1 1 1 1 1 1 1 1 1 1 1 1 1 1 1 1 1 1 1 1 1 1 1 1 1 1 1 1 1 1 1 1 1 1 1 1 1 1 1 1 1 1 1 1 1 1 1 1 1 1 1 1 1 1 1 1 1 1 1 1 1 1 1 1 1 1 1 1 1 1 1 1 1 1 1 1 1 1 1 1 1 1 1 1 1 1 1 1 1 1 1 1 1 1 1 1 1 1 1 1 1 1 1 1 1 1 1 1 1 1 1 1 1 1 1 1 1 1 1 1 1 1 1 1 1 1 1 1 1 1 1 1 1 1 1 1 1 1 1 1 1 1 1 1 1 1 1 1 1 1 1 1 1 1 1 1 1 1 1 1 1 1 1 1 1 1 1 1 1 1 1 1 1 1 1 1 1 1 1 1 1 1 1 1 1 1 1 1 1 1 1 1 1 1 1 1 1 1 1 1 1 1 1 1 1 1 1 1 1 1 1 1 1 1 1 1 1 1 1 1 1 1 1 1 1 1 1 1 1 1 1 1 1 1 1 1 1 1 1 1 1 1 1 1 1 1 1 1 1 1 1 1 1 1 1 1 1 1 1 1 1 1 1 1 1 1 1 1 1 1 1 1 1 1 1 1 1 1 1 1 1 1 1 1 1 1 1 1 1 1 1 1 1 1 1 1 1 1 1 1 1 1 1 1 1 1 1 1 1 1 1 1 1 1 1 1 1 1 1 1 1 1 1 1 1 1 1 1 1 1 1 1 1 1 1 1 1 1 0 0 0 0 0 0 0 0 0 0 0 0 0 0 0 0 0 0 0 0 0 0 0 0 0 0 0 0 0 0 0 0 0 0 0 0 0 0 0 0 0 0 0 0 0 0 0 0 0 0 0 0 0 0 0 0 0 0 0 0 0 0 0 0 0 0 0 0 0 0 0 0 0 0 0 0 0 0 0 0 0 0 0 0 0 0 0 0 0 0 0 0 0 0 0 0 0 0 0 0 0 0 0 0 0 0 0 0 0 0 0 0 0 0 0 0 0 0 0 0 0 0 0 0 0 0 0 0 0 0 0 0 0 0 0 0 0 0 0 0 0 0 0 0 0 0 0 0 0 0 0 0 0 0 0 0 0 0 0 0 0 0 0 0 0 0 0 
        </DataArray>
        <DataArray type="Int32" Name="Level" format="ascii">
4 4 4 4 4 4 4 4 4 4 4 4 4 4 4 4 4 4 4 4 4 4 4 4 4 4 4 4 4 4 4 4 4 4 4 4 4 4 4 4 4 4 4 4 4 4 4 4 4 4 4 4 4 4 4 4 4 4 4 4 4 4 4 4 4 4 4 4 4 4 4 4 4 4 4 4 4 4 4 4 4 4 4 4 4 4 4 4 4 4 4 4 4 4 4 4 4 4 4 4 4 4 4 4 4 4 4 4 4 4 4 4 4 4 4 4 4 4 4 4 4 4 4 4 4 4 4 4 4 4 4 4 4 4 4 4 4 4 4 4 4 4 4 4 4 4 4 4 4 4 4 4 4 4 4 4 4 4 4 4 4 4 4 4 4 4 4 4 4 4 4 4 4 4 4 4 4 4 4 4 4 4 4 4 4 4 4 4 4 4 4 4 4 4 4 4 4 4 4 4 4 4 4 4 4 4 4 4 4 4 4 4 4 4 4 4 4 4 4 4 4 4 4 4 4 4 4 4 4 4 4 4 4 4 4 4 4 4 4 4 4 4 4 4 4 4 4 4 4 4 4 4 4 4 4 4 4 4 4 4 4 4 4 4 4 4 4 4 4 4 4 4 4 4 4 4 4 4 4 4 4 4 4 4 4 4 4 4 4 4 4 4 4 4 4 4 4 4 4 4 4 4 4 4 4 4 4 4 4 4 4 4 4 4 4 4 4 4 4 4 4 4 4 4 4 4 4 4 4 4 4 4 4 4 4 4 4 4 4 4 4 4 4 4 4 4 4 4 4 4 4 4 4 4 4 4 4 4 4 4 4 4 4 4 4 4 4 4 4 4 4 4 4 4 4 4 4 4 4 4 4 4 4 4 4 4 4 4 4 4 4 4 4 4 4 4 4 4 4 4 4 4 4 4 4 4 4 4 4 4 4 4 4 4 4 4 4 4 4 4 4 4 4 4 4 4 4 4 4 4 4 4 4 4 4 4 4 4 4 4 4 4 4 4 4 4 4 4 4 4 4 4 4 4 4 4 4 4 4 4 4 4 4 4 4 4 4 4 4 4 4 4 4 4 4 4 4 4 4 4 4 4 4 4 4 4 4 4 4 4 4 4 4 4 4 4 4 4 4 4 4 4 4 4 4 4 4 4 4 4 4 4 4 4 4 4 4 4 4 4 4 4 4 4 4 4 4 4 4 4 4 4 4 4 4 4 4 4 4 4 4 4 4 4 4 4 4 4 4 4 4 4 4 4 4 4 4 4 4 4 4 4 4 4 4 4 4 4 4 4 4 4 4 4 4 4 4 4 4 4 4 4 4 4 4 4 4 4 4 4 4 4 4 4 4 4 4 4 4 4 4 4 4 4 4 4 4 4 4 4 4 4 4 4 4 4 4 4 4 4 4 4 4 4 4 4 4 4 4 4 4 4 4 4 4 4 4 4 4 4 4 4 4 4 4 4 4 4 4 4 4 4 4 4 4 4 4 4 4 4 4 4 4 4 4 4 4 4 4 4 4 4 4 4 4 4 4 4 4 4 4 4 4 4 4 4 4 4 4 4 4 4 4 4 4 4 4 4 4 4 4 4 4 4 4 4 4 4 4 4 4 4 4 4 4 4 4 4 4 4 4 4 4 4 4 4 4 4 4 4 4 4 4 4 4 4 4 4 4 4 4 4 4 4 4 4 4 4 4 4 4 4 4 4 4 4 4 4 4 4 4 4 4 4 4 4 4 4 4 4 4 4 4 4 4 4 4 4 4 4 4 4 4 4 4 4 4 4 4 4 4 4 4 4 4 4 4 4 4 4 4 4 4 4 4 4 4 4 4 4 4 4 4 4 4 4 4 4 4 4 4 4 4 4 4 4 4 4 4 4 4 4 4 4 4 4 4 4 4 4 4 4 4 4 4 4 4 4 4 4 4 4 4 4 4 4 4 4 4 4 4 4 4 4 4 4 4 4 4 4 4 4 4 4 4 4 4 4 4 4 4 4 4 4 4 4 4 4 4 4 4 4 4 4 4 4 4 4 4 4 4 4 4 4 4 4 4 4 4 4 4 4 4 4 4 4 4 4 4 4 4 4 4 4 4 4 4 4 4 4 4 4 4 4 4 4 4 4 4 4 4 4 4 4 4 4 4 4 4 4 4 4 4 4 4 4 4 4 4 4 4 4 4 4 4 4 4 4 4 4 4 4 4 4 4 4 4 4 4 4 4 4 4 4 4 4 4 4 4 4 4 4 4 4 4 4 4 4 4 4 4 4 4 4 4 4 4 4 4 4 4 4 4 4 4 4 4 4 4 4 4 4 4 4 4 4 4 4 4 4 4 4 4 4 4 4 4 4 4 4 4 4 4 4 4 4 4 4 4 4 4 4 4 4 4 4 4 4 4 4 4 4 4 4 4 4 4 4 4 4 4 4 4 4 4 4 4 4 4 4 4 4 4 4 4 4 4 4 4 4 4 4 4 4 4 4 4 4 4 4 4 4 4 4 4 4 4 4 4 4 4 4 4 4 4 4 4 4 4 4 4 4 4 4 4 4 4 4 4 4 4 4 4 4 4 4 4 4 4 4 4 4 4 4 4 4 4 4 4 4 4 4 4 4 4 4 4 4 4 4 4 4 4 4 4 4 4 4 4 4 4 4 4 4 4 4 4 4 4 4 4 4 4 4 4 4 4 4 4 4 4 4 4 4 4 4 4 4 4 4 4 4 4 4 4 4 4 4 4 4 4 4 4 4 4 4 4 4 4 4 4 4 4 4 4 4 4 4 4 4 4 4 4 4 4 4 4 4 4 4 4 4 4 4 4 4 4 4 4 4 4 4 4 4 4 4 4 4 4 4 4 4 4 4 4 4 4 4 4 4 4 4 4 4 4 4 4 4 4 4 4 4 4 4 4 4 4 4 4 4 4 4 4 4 4 4 4 4 4 4 4 4 4 4 4 4 4 4 4 4 4 4 4 4 4 4 4 4 4 4 4 4 4 4 4 4 4 4 4 4 4 4 4 4 4 4 4 4 4 4 4 4 4 4 4 4 4 4 4 4 4 4 4 4 4 4 4 4 4 4 4 4 4 4 4 4 4 4 4 4 4 4 4 4 4 4 4 4 4 4 4 4 4 4 4 4 4 4 4 4 4 4 4 4 4 4 4 4 4 4 4 4 4 4 4 4 4 4 4 4 4 4 4 4 4 4 4 4 4 4 4 4 4 4 4 4 4 4 4 4 4 4 4 4 4 4 4 4 4 4 4 4 4 4 4 4 4 4 4 4 4 4 4 4 4 4 4 4 4 4 4 4 4 4 4 4 4 4 4 4 4 4 4 4 4 4 4 4 4 4 4 4 4 4 4 4 4 4 4 4 4 4 4 4 4 4 4 4 4 4 4 4 4 4 4 4 4 4 4 4 4 4 4 4 4 4 4 4 4 4 4 4 4 4 4 4 4 4 4 4 4 4 4 4 4 4 4 4 4 4 4 4 4 4 4 4 4 4 4 4 4 4 4 4 4 4 4 4 4 4 4 4 4 4 4 4 4 4 4 4 4 4 4 4 4 4 4 4 4 4 4 4 4 4 4 4 4 4 4 4 4 4 4 4 4 4 4 4 4 4 4 4 4 4 4 4 4 4 4 4 4 4 4 4 4 4 4 4 4 4 4 4 4 4 4 4 4 4 4 4 4 4 4 4 4 4 4 4 4 4 4 4 4 4 4 4 4 4 4 4 4 4 4 4 4 4 4 4 4 4 4 4 4 4 4 4 4 4 4 4 4 4 4 4 4 4 4 4 4 4 4 4 4 4 4 4 4 4 4 4 4 4 4 4 4 4 4 4 4 4 4 4 4 4 4 4 4 4 4 4 4 4 4 4 4 4 4 4 4 4 4 4 4 4 4 4 4 4 4 4 4 4 4 4 4 4 4 4 4 4 4 4 4 4 4 4 4 4 4 4 4 4 4 4 4 4 4 4 4 4 4 4 4 4 4 4 4 4 4 4 4 4 4 4 4 4 4 4 4 4 4 4 4 4 4 4 4 4 4 4 4 4 4 4 4 4 4 4 4 4 4 4 4 4 4 4 4 4 4 4 4 4 4 4 4 4 4 4 4 4 4 4 4 4 4 4 4 4 4 4 4 4 4 4 4 4 4 4 4 4 4 4 4 4 4 4 4 4 4 4 4 4 4 4 4 4 4 4 4 4 4 4 4 4 4 4 4 4 4 4 4 4 4 4 4 4 4 4 4 4 4 4 4 4 4 4 4 4 4 4 4 4 4 4 4 4 4 4 4 4 4 4 4 4 4 4 4 4 4 4 4 4 4 4 4 4 4 4 4 4 4 4 4 4 4 4 4 4 4 4 4 4 4 4 4 4 4 4 4 4 4 4 4 4 4 4 4 4 4 4 4 4 4 4 4 4 4 4 4 4 4 4 4 4 4 4 4 4 4 4 4 4 4 4 4 4 4 4 4 4 4 4 4 4 4 4 4 4 4 4 4 4 4 4 4 4 4 4 4 4 
        </DataArray>
        <DataArray type="Int32" Name="N_Interp_IP0" format="ascii">
4 4 4 4 4 4 4 4 4 4 4 4 4 4 4 4 4 4 4 4 4 4 4 4 4 4 4 4 4 4 4 4 4 4 4 4 4 4 4 4 4 4 4 4 4 4 4 4 4 4 4 4 4 4 4 4 4 4 4 4 4 4 4 4 4 4 4 4 4 4 4 4 4 4 4 4 4 4 4 4 4 4 4 4 4 4 4 4 4 4 4 4 4 4 4 4 4 4 4 4 4 4 4 4 4 4 4 4 4 4 4 4 4 4 4 4 4 4 4 4 4 4 4 4 4 4 4 4 4 4 4 4 4 4 4 4 4 4 4 4 4 4 4 4 4 4 4 4 4 4 4 4 4 4 4 4 4 4 4 4 4 4 4 4 4 4 4 4 4 4 4 4 4 4 4 4 4 4 4 4 4 4 4 4 4 4 4 4 4 4 4 4 4 4 4 4 4 4 4 4 4 4 4 4 4 4 4 4 4 4 4 4 4 4 4 4 4 4 4 4 4 4 4 4 4 4 4 4 4 4 4 4 4 4 4 4 4 4 4 4 4 4 4 4 4 4 4 4 4 4 4 4 4 4 4 4 4 4 4 4 4 4 4 4 4 4 4 4 4 4 4 4 4 4 4 4 4 4 4 4 4 4 4 4 4 4 4 4 4 4 4 4 4 4 4 4 4 4 4 4 4 4 4 4 4 4 4 4 4 4 4 4 4 4 4 4 4 4 4 4 4 4 4 4 4 4 4 4 4 4 4 4 4 4 4 4 4 4 4 4 4 4 4 4 4 4 4 4 4 4 4 4 4 4 4 4 4 4 4 4 4 4 4 4 4 4 4 4 4 4 4 4 4 4 4 4 4 4 4 4 4 4 4 4 4 4 4 4 4 4 4 4 4 4 4 4 4 4 4 4 4 4 4 4 4 4 4 4 4 4 4 4 4 4 4 4 4 4 4 4 4 4 4 4 4 4 4 4 4 4 4 4 4 4 4 4 4 4 4 4 4 4 4 4 4 4 4 4 4 4 4 4 4 4 4 4 4 4 4 4 4 4 4 4 4 4 4 4 4 4 4 4 4 4 4 4 4 4 4 4 4 4 4 4 4 4 4 4 4 4 4 4 4 4 4 4 4 4 4 4 4 4 4 4 4 4 4 4 4 4 4 4 4 4 4 4 4 4 4 4 4 4 4 4 4 4 4 4 4 4 4 4 4 4 4 4 4 4 4 4 4 4 4 4 4 4 4 4 4 4 4 4 4 4 4 4 4 4 4 4 4 4 4 4 4 4 4 4 4 4 4 4 4 4 4 4 4 4 4 4 4 4 4 4 4 4 4 4 4 4 4 4 4 4 4 4 4 4 4 4 4 4 4 4 4 4 4 4 4 4 4 4 4 4 4 4 4 4 4 4 4 4 4 4 4 4 4 4 4 4 4 4 4 4 4 4 4 4 4 4 4 4 4 4 4 4 4 4 4 4 4 4 4 4 4 4 4 4 4 4 4 4 4 4 4 4 4 4 4 4 4 4 4 4 4 4 4 4 4 4 4 4 4 4 4 4 4 4 4 4 4 4 4 4 4 4 4 4 4 4 4 4 4 4 4 4 4 4 4 4 4 4 4 4 4 4 4 4 4 4 4 4 4 4 4 4 4 4 4 4 4 4 4 4 4 4 4 4 4 4 4 4 4 4 4 4 4 4 4 4 4 4 4 4 4 4 4 4 4 4 4 4 4 4 4 4 4 4 4 4 4 4 4 4 4 4 4 4 4 4 4 4 4 4 4 4 4 4 4 4 4 4 4 4 4 4 4 4 4 4 4 4 4 4 4 4 4 4 4 4 4 4 4 4 4 4 4 4 4 4 4 4 4 4 4 4 4 4 4 4 4 4 4 4 4 4 4 4 4 4 4 4 4 4 4 4 4 4 4 4 4 4 4 4 4 4 4 4 4 4 4 4 4 4 4 4 4 4 4 4 4 4 4 4 4 4 4 4 4 4 4 4 4 4 4 4 4 4 4 4 4 4 4 4 4 4 4 4 4 4 4 4 4 4 4 4 4 4 4 4 4 4 4 4 4 4 4 4 4 4 4 4 4 4 4 4 4 4 4 4 4 4 4 4 4 4 4 4 4 4 4 4 4 4 4 4 4 4 4 4 4 4 4 4 4 4 4 4 4 4 4 4 4 4 4 4 4 4 4 4 4 4 4 4 4 4 4 4 4 4 4 4 4 4 4 4 4 4 4 4 4 4 4 4 4 4 4 4 4 4 4 4 4 4 4 4 4 4 4 4 4 4 4 4 4 4 4 4 4 4 4 4 4 4 4 4 4 4 4 4 4 4 4 4 4 4 4 4 4 4 4 4 4 4 4 4 4 4 4 4 4 4 4 4 4 4 4 4 4 4 4 4 4 4 4 4 4 4 4 4 4 4 4 4 4 4 4 4 4 4 4 4 4 4 4 4 4 4 4 4 4 4 4 4 4 4 4 4 4 4 4 4 4 4 4 4 4 4 4 4 4 4 4 4 4 4 4 4 4 4 4 4 4 4 4 4 4 4 4 4 4 4 4 4 4 4 4 4 4 4 4 4 4 4 4 4 4 4 4 4 4 4 4 4 4 4 4 4 4 4 4 4 4 4 4 4 4 4 4 4 4 4 4 4 4 4 4 4 4 4 4 4 4 4 4 4 4 4 4 4 4 4 4 4 4 4 4 4 4 4 4 4 4 4 4 4 4 4 4 4 4 4 4 4 4 4 4 4 4 4 4 4 4 4 4 4 4 4 4 4 4 4 4 4 4 4 4 4 4 4 4 4 4 4 4 4 4 4 4 4 4 4 4 4 4 4 4 4 4 4 4 4 4 4 4 4 4 4 4 4 4 4 4 4 4 4 4 4 4 4 4 4 4 4 4 4 4 4 4 4 4 4 4 4 4 4 4 4 4 4 4 4 4 4 4 4 4 4 4 4 4 4 4 4 4 4 4 4 4 4 4 4 4 4 4 4 4 4 4 4 4 4 4 4 4 4 4 4 4 4 4 4 4 4 4 4 4 4 4 4 4 4 4 4 4 4 4 4 4 4 4 4 4 4 4 4 4 4 4 4 4 4 4 4 4 4 4 4 4 4 4 4 4 4 4 4 4 4 4 4 4 4 4 4 4 4 4 4 4 4 4 4 4 4 4 4 4 4 4 4 4 4 4 4 4 4 4 4 4 4 4 4 4 4 4 4 4 4 4 4 4 4 4 4 4 4 4 4 4 4 4 4 4 4 4 4 4 4 4 4 4 4 4 4 4 4 4 4 4 4 4 4 4 4 4 4 4 4 4 4 4 4 4 4 4 4 4 4 4 4 4 4 4 4 4 4 4 4 4 4 4 4 4 4 4 4 4 4 4 4 4 4 4 4 4 4 4 4 4 4 4 4 4 4 4 4 4 4 4 4 4 4 4 4 4 4 4 4 4 4 4 4 4 4 4 4 4 4 4 4 4 4 4 4 4 4 4 4 4 4 4 4 4 4 4 4 4 4 4 4 4 4 4 4 4 4 4 4 4 4 4 4 4 4 4 4 4 4 4 4 4 4 4 4 4 4 4 4 4 4 4 4 4 4 4 4 4 4 4 4 4 4 4 4 4 4 4 4 4 4 4 4 4 4 4 4 4 4 4 4 4 4 4 4 4 4 4 4 4 4 4 4 4 4 4 4 4 4 4 4 4 4 4 4 4 4 4 4 4 4 4 4 4 4 4 4 4 4 4 4 4 4 4 4 4 4 4 4 4 4 4 4 4 4 4 4 4 4 4 4 4 4 4 4 4 4 4 4 4 4 4 4 4 4 4 4 4 4 4 4 4 4 4 4 4 4 4 4 4 4 4 4 4 4 4 4 4 4 4 4 4 4 4 4 4 4 4 4 4 4 4 4 4 4 4 4 4 4 4 4 4 4 4 4 4 4 4 4 4 4 4 4 4 4 4 4 4 4 4 4 4 4 4 4 4 4 4 4 4 4 4 4 4 4 4 4 4 4 4 4 4 4 4 4 4 4 4 4 4 4 4 4 4 4 4 4 4 4 4 4 4 4 4 4 4 4 4 4 4 4 4 4 4 4 4 4 4 4 4 4 4 4 4 4 4 4 4 4 4 4 4 4 4 4 4 4 4 4 4 4 4 4 4 4 4 4 4 4 4 4 4 4 4 4 4 4 4 4 4 4 4 4 4 4 4 4 4 4 4 4 4 4 4 4 4 4 4 4 4 4 4 4 4 4 4 4 4 4 4 4 4 4 4 4 4 4 4 4 4 4 4 4 4 4 4 4 4 4 4 4 4 4 4 4 4 4 4 4 4 4 4 4 4 4 4 4 4 4 4 4 4 4 4 4 4 4 4 4 4 4 4 4 4 4 4 4 4 4 4 4 4 4 4 4 4 4 4 4 4 4 4 4 4 4 4 4 4 4 4 4 4 4 4 4 4 4 4 4 4 4 4 4 4 4 4 4 4 4 4 4 4 4 4 4 4 4 4 4 4 4 
        </DataArray>
      </CellData>
    </Piece>
  </PolyData>
</VTKFile>
