<?xml version="1.0"?>
<VTKFile type="PolyData" version="1.0" byte_order="LittleEndian" header_type="UInt64">
  <PolyData>
    <Piece NumberOfPoints="2000" NumberOfPolys="2000">
      <Points>
        <DataArray type="Float64" Name="Points" NumberOfComponents="3" format="ascii">
0.8 0 0.0 0.799999 0.000314157 0.0 0.799998 0.000628314 0.0 0.799995 0.000942459 0.0 0.799992 0.0012566 0.0 0.799987 0.00157072 0.0 0.799982 0.00188484 0.0 0.799975 0.00219893 0.0 0.799968 0.00251301 0.0 0.79996 0.00282704 0.0 0.799951 0.00314108 0.0 0.79994 0.00345505 0.0 0.799929 0.00376902 0.0 0.799916 0.00408292 0.0 0.799903 0.00439681 0.0 0.799888 0.00471062 0.0 0.799874 0.00502443 0.0 0.799857 0.00533814 0.0 0.79984 0.00565185 0.0 0.799821 0.00596545 0.0 0.799803 0.00627905 0.0 0.799782 0.00659253 0.0 0.799761 0.006906 0.0 0.799739 0.00721934 0.0 0.799716 0.00753268 0.0 0.799691 0.00784587 0.0 0.799667 0.00815906 0.0 0.79964 0.00847209 0.0 0.799613 0.00878512 0.0 0.799585 0.00909798 0.0 0.799556 0.00941083 0.0 0.799526 0.0097235 0.0 0.799495 0.0100362 0.0 0.799463 0.0103486 0.0 0.79943 0.0106611 0.0 0.799396 0.0109734 0.0 0.799361 0.0112856 0.0 0.799325 0.0115977 0.0 0.799288 0.0119097 0.0 0.79925 0.0122215 0.0 0.799211 0.0125333 0.0 0.799171 0.0128449 0.0 0.799131 0.0131564 0.0 0.799088 0.0134677 0.0 0.799046 0.013779 0.0 0.799002 0.0140901 0.0 0.798958 0.0144011 0.0 0.798911 0.0147118 0.0 0.798865 0.0150226 0.0 0.798817 0.015333 0.0 0.798769 0.0156434 0.0 0.798719 0.0159536 0.0 0.798669 0.0162637 0.0 0.798617 0.0165735 0.0 0.798564 0.0168833 0.0 0.79851 0.0171928 0.0 0.798456 0.0175023 0.0 0.7984 0.0178114 0.0 0.798345 0.0181206 0.0 0.798287 0.0184294 0.0 0.798229 0.0187381 0.0 0.798169 0.0190465 0.0 0.798109 0.0193549 0.0 0.798047 0.019663 0.0 0.797986 0.019971 0.0 0.797922 0.0202786 0.0 0.797858 0.0205863 0.0 0.797792 0.0208935 0.0 0.797727 0.0212007 0.0 0.797659 0.0215075 0.0 0.797592 0.0218143 0.0 0.797522 0.0221207 0.0 0.797453 0.0224271 0.0 0.797381 0.022733 0.0 0.79731 0.0230389 0.0 0.797237 0.0233444 0.0 0.797163 0.0236499 0.0 0.797088 0.0239549 0.0 0.797013 0.0242599 0.0 0.796935 0.0245645 0.0 0.796858 0.024869 0.0 0.796779 0.025173 0.0 0.7967 0.0254771 0.0 0.796619 0.0257806 0.0 0.796538 0.0260842 0.0 0.796455 0.0263872 0.0 0.796372 0.0266902 0.0 0.796288 0.0269927 0.0 0.796203 0.0272952 0.0 0.796116 0.0275972 0.0 0.796029 0.0278991 0.0 0.795941 0.0282005 0.0 0.795852 0.0285019 0.0 0.795762 0.0288028 0.0 0.795671 0.0291036 0.0 0.795579 0.0294039 0.0 0.795486 0.0297042 0.0 0.795392 0.0300038 0.0 0.795298 0.0303035 0.0 0.795202 0.0306026 0.0 0.795106 0.0309017 0.0 0.795008 0.0312002 0.0 0.79491 0.0314987 0.0 0.79481 0.0317965 0.0 0.79471 0.0320944 0.0 0.794608 0.0323916 0.0 0.794506 0.0326888 0.0 0.794403 0.0329854 0.0 0.794299 0.033282 0.0 0.794194 0.0335779 0.0 0.794088 0.0338738 0.0 0.793981 0.034169 0.0 0.793873 0.0344643 0.0 0.793764 0.0347589 0.0 0.793655 0.0350534 0.0 0.793544 0.0353473 0.0 0.793433 0.0356412 0.0 0.79332 0.0359344 0.0 0.793207 0.0362275 0.0 0.793092 0.03652 0.0 0.792978 0.0368125 0.0 0.792861 0.0371042 0.0 0.792745 0.0373959 0.0 0.792626 0.0376869 0.0 0.792508 0.0379779 0.0 0.792387 0.0382682 0.0 0.792267 0.0385584 0.0 0.792145 0.0388479 0.0 0.792023 0.0391374 0.0 0.791899 0.0394261 0.0 0.791775 0.0397148 0.0 0.79165 0.0400027 0.0 0.791524 0.0402906 0.0 0.791397 0.0405778 0.0 0.791269 0.0408649 0.0 0.79114 0.0411512 0.0 0.791011 0.0414376 0.0 0.79088 0.0417231 0.0 0.790748 0.0420086 0.0 0.790616 0.0422933 0.0 0.790483 0.0425779 0.0 0.790348 0.0428618 0.0 0.790213 0.0431456 0.0 0.790077 0.0434286 0.0 0.789941 0.0437116 0.0 0.789802 0.0439937 0.0 0.789664 0.0442758 0.0 0.789524 0.0445571 0.0 0.789384 0.0448383 0.0 0.789242 0.0451187 0.0 0.789101 0.0453991 0.0 0.788957 0.0456785 0.0 0.788814 0.045958 0.0 0.788668 0.0462365 0.0 0.788523 0.0465151 0.0 0.788376 0.0467928 0.0 0.788229 0.0470704 0.0 0.78808 0.0473471 0.0 0.787932 0.0476238 0.0 0.787781 0.0478996 0.0 0.787631 0.0481754 0.0 0.787478 0.0484502 0.0 0.787326 0.048725 0.0 0.787172 0.0489989 0.0 0.787018 0.0492727 0.0 0.786863 0.0495456 0.0 0.786707 0.0498185 0.0 0.78655 0.0500904 0.0 0.786392 0.0503623 0.0 0.786233 0.0506332 0.0 0.786074 0.0509041 0.0 0.785913 0.051174 0.0 0.785753 0.051444 0.0 0.78559 0.0517128 0.0 0.785428 0.0519817 0.0 0.785264 0.0522496 0.0 0.785099 0.0525175 0.0 0.784934 0.0527843 0.0 0.784768 0.0530511 0.0 0.7846 0.0533169 0.0 0.784433 0.0535827 0.0 0.784264 0.0538474 0.0 0.784094 0.0541121 0.0 0.783924 0.0543758 0.0 0.783753 0.0546394 0.0 0.78358 0.054902 0.0 0.783408 0.0551646 0.0 0.783234 0.0554261 0.0 0.78306 0.0556876 0.0 0.782884 0.0559479 0.0 0.782708 0.0562083 0.0 0.782531 0.0564676 0.0 0.782353 0.0567269 0.0 0.782174 0.0569851 0.0 0.781995 0.0572432 0.0 0.781815 0.0575002 0.0 0.781634 0.0577573 0.0 0.781452 0.0580132 0.0 0.781269 0.058269 0.0 0.781086 0.0585238 0.0 0.780902 0.0587785 0.0 0.780716 0.0590321 0.0 0.780531 0.0592857 0.0 0.780344 0.0595381 0.0 0.780157 0.0597905 0.0 0.779968 0.0600417 0.0 0.779779 0.060293 0.0 0.779589 0.060543 0.0 0.779399 0.060793 0.0 0.779207 0.0610419 0.0 0.779016 0.0612907 0.0 0.778822 0.0615383 0.0 0.778629 0.061786 0.0 0.778434 0.0620324 0.0 0.778239 0.0622788 0.0 0.778043 0.062524 0.0 0.777846 0.0627691 0.0 0.777648 0.0630131 0.0 0.77745 0.063257 0.0 0.777251 0.0634997 0.0 0.777051 0.0637424 0.0 0.77685 0.0639838 0.0 0.776649 0.0642253 0.0 0.776447 0.0644654 0.0 0.776244 0.0647056 0.0 0.77604 0.0649445 0.0 0.775836 0.0651834 0.0 0.775631 0.065421 0.0 0.775425 0.0656586 0.0 0.775218 0.0658949 0.0 0.775011 0.0661312 0.0 0.774803 0.0663662 0.0 0.774594 0.0666012 0.0 0.774384 0.0668349 0.0 0.774174 0.0670686 0.0 0.773963 0.0673009 0.0 0.773751 0.0675333 0.0 0.773538 0.0677643 0.0 0.773326 0.0679953 0.0 0.773111 0.068225 0.0 0.772897 0.0684547 0.0 0.772681 0.068683 0.0 0.772465 0.0689114 0.0 0.772248 0.0691384 0.0 0.772031 0.0693653 0.0 0.771812 0.0695909 0.0 0.771594 0.0698165 0.0 0.771374 0.0700408 0.0 0.771154 0.070265 0.0 0.770932 0.0704878 0.0 0.770711 0.0707107 0.0 0.770488 0.0709321 0.0 0.770265 0.0711536 0.0 0.770041 0.0713736 0.0 0.769817 0.0715936 0.0 0.769591 0.0718123 0.0 0.769365 0.0720309 0.0 0.769138 0.0722481 0.0 0.768911 0.0724653 0.0 0.768683 0.0726811 0.0 0.768455 0.0728969 0.0 0.768225 0.0731112 0.0 0.767995 0.0733255 0.0 0.767764 0.0735384 0.0 0.767533 0.0737513 0.0 0.767301 0.0739627 0.0 0.767069 0.0741742 0.0 0.766835 0.0743841 0.0 0.766601 0.0745941 0.0 0.766366 0.0748026 0.0 0.766131 0.0750111 0.0 0.765895 0.0752181 0.0 0.765659 0.0754251 0.0 0.765421 0.0756307 0.0 0.765183 0.0758362 0.0 0.764944 0.0760402 0.0 0.764706 0.0762443 0.0 0.764465 0.0764468 0.0 0.764225 0.0766493 0.0 0.763984 0.0768503 0.0 0.763742 0.0770513 0.0 0.7635 0.0772508 0.0 0.763257 0.0774503 0.0 0.763013 0.0776483 0.0 0.762769 0.0778462 0.0 0.762524 0.0780427 0.0 0.762279 0.0782391 0.0 0.762032 0.078434 0.0 0.761786 0.0786288 0.0 0.761538 0.0788222 0.0 0.761291 0.0790155 0.0 0.761042 0.0792073 0.0 0.760793 0.079399 0.0 0.760543 0.0795892 0.0 0.760293 0.0797794 0.0 0.760042 0.0799681 0.0 0.75979 0.0801567 0.0 0.759538 0.0803437 0.0 0.759286 0.0805308 0.0 0.759032 0.0807162 0.0 0.758779 0.0809017 0.0 0.758524 0.0810856 0.0 0.758269 0.0812694 0.0 0.758013 0.0814517 0.0 0.757757 0.0816339 0.0 0.7575 0.0818146 0.0 0.757243 0.0819952 0.0 0.756985 0.0821742 0.0 0.756727 0.0823533 0.0 0.756468 0.0825307 0.0 0.756208 0.0827081 0.0 0.755948 0.0828838 0.0 0.755688 0.0830596 0.0 0.755426 0.0832337 0.0 0.755165 0.0834078 0.0 0.754902 0.0835803 0.0 0.754639 0.0837528 0.0 0.754376 0.0839236 0.0 0.754112 0.0840945 0.0 0.753847 0.0842636 0.0 0.753583 0.0844328 0.0 0.753317 0.0846003 0.0 0.753051 0.0847678 0.0 0.752784 0.0849336 0.0 0.752517 0.0850994 0.0 0.75225 0.0852636 0.0 0.751982 0.0854277 0.0 0.751713 0.0855902 0.0 0.751444 0.0857527 0.0 0.751174 0.0859134 0.0 0.750904 0.0860742 0.0 0.750633 0.0862333 0.0 0.750362 0.0863923 0.0 0.75009 0.0865497 0.0 0.749819 0.0867071 0.0 0.749546 0.0868627 0.0 0.749273 0.0870184 0.0 0.748999 0.0871723 0.0 0.748725 0.0873262 0.0 0.74845 0.0874785 0.0 0.748175 0.0876307 0.0 0.7479 0.0877811 0.0 0.747624 0.0879316 0.0 0.747347 0.0880804 0.0 0.74707 0.0882291 0.0 0.746793 0.0883761 0.0 0.746515 0.0885231 0.0 0.746237 0.0886684 0.0 0.745958 0.0888136 0.0 0.745679 0.0889571 0.0 0.745399 0.0891007 0.0 0.745119 0.0892424 0.0 0.744838 0.0893841 0.0 0.744557 0.0895241 0.0 0.744276 0.0896641 0.0 0.743994 0.0898023 0.0 0.743712 0.0899405 0.0 0.743429 0.090077 0.0 0.743146 0.0902134 0.0 0.742862 0.0903481 0.0 0.742578 0.0904827 0.0 0.742293 0.0906156 0.0 0.742009 0.0907484 0.0 0.741723 0.0908795 0.0 0.741438 0.0910106 0.0 0.741151 0.0911399 0.0 0.740865 0.0912692 0.0 0.740578 0.0913966 0.0 0.740291 0.0915241 0.0 0.740003 0.0916498 0.0 0.739715 0.0917755 0.0 0.739426 0.0918993 0.0 0.739137 0.0920232 0.0 0.738848 0.0921452 0.0 0.738558 0.0922673 0.0 0.738268 0.0923875 0.0 0.737978 0.0925077 0.0 0.737687 0.0926261 0.0 0.737396 0.0927445 0.0 0.737104 0.0928611 0.0 0.736812 0.0929776 0.0 0.73652 0.0930924 0.0 0.736228 0.0932071 0.0 0.735934 0.09332 0.0 0.735641 0.0934329 0.0 0.735347 0.0935439 0.0 0.735053 0.093655 0.0 0.734759 0.0937642 0.0 0.734464 0.0938734 0.0 0.734169 0.0939807 0.0 0.733874 0.0940881 0.0 0.733578 0.0941936 0.0 0.733282 0.0942991 0.0 0.732985 0.0944027 0.0 0.732689 0.0945063 0.0 0.732392 0.0946081 0.0 0.732094 0.0947098 0.0 0.731797 0.0948097 0.0 0.731499 0.0949096 0.0 0.7312 0.0950076 0.0 0.730902 0.0951057 0.0 0.730603 0.0952018 0.0 0.730304 0.0952979 0.0 0.730004 0.0953922 0.0 0.729704 0.0954865 0.0 0.729404 0.0955788 0.0 0.729104 0.0956712 0.0 0.728803 0.0957617 0.0 0.728502 0.0958522 0.0 0.728201 0.0959408 0.0 0.727899 0.0960294 0.0 0.727597 0.0961161 0.0 0.727295 0.0962028 0.0 0.726993 0.0962876 0.0 0.72669 0.0963724 0.0 0.726387 0.0964553 0.0 0.726084 0.0965382 0.0 0.725781 0.0966192 0.0 0.725477 0.0967001 0.0 0.725173 0.0967792 0.0 0.724869 0.0968583 0.0 0.724564 0.0969355 0.0 0.72426 0.0970127 0.0 0.723955 0.0970879 0.0 0.72365 0.0971632 0.0 0.723344 0.0972365 0.0 0.723039 0.0973099 0.0 0.722733 0.0973813 0.0 0.722427 0.0974527 0.0 0.722121 0.0975222 0.0 0.721814 0.0975917 0.0 0.721508 0.0976592 0.0 0.721201 0.0977268 0.0 0.720893 0.0977925 0.0 0.720586 0.0978581 0.0 0.720279 0.0979218 0.0 0.719971 0.0979855 0.0 0.719663 0.0980473 0.0 0.719355 0.0981091 0.0 0.719047 0.0981689 0.0 0.718738 0.0982287 0.0 0.718429 0.0982866 0.0 0.718121 0.0983445 0.0 0.717811 0.0984005 0.0 0.717502 0.0984564 0.0 0.717193 0.0985104 0.0 0.716883 0.0985645 0.0 0.716574 0.0986165 0.0 0.716264 0.0986686 0.0 0.715954 0.0987187 0.0 0.715643 0.0987688 0.0 0.715333 0.098817 0.0 0.715023 0.0988652 0.0 0.714712 0.0989114 0.0 0.714401 0.0989576 0.0 0.71409 0.0990019 0.0 0.713779 0.0990461 0.0 0.713468 0.0990885 0.0 0.713156 0.0991308 0.0 0.712845 0.0991711 0.0 0.712533 0.0992115 0.0 0.712222 0.0992499 0.0 0.71191 0.0992883 0.0 0.711598 0.0993247 0.0 0.711286 0.0993611 0.0 0.710973 0.0993956 0.0 0.710661 0.0994301 0.0 0.710349 0.0994626 0.0 0.710036 0.0994951 0.0 0.709724 0.0995256 0.0 0.709411 0.0995562 0.0 0.709098 0.0995848 0.0 0.708785 0.0996134 0.0 0.708472 0.09964 0.0 0.708159 0.0996666 0.0 0.707846 0.0996912 0.0 0.707533 0.0997159 0.0 0.707219 0.0997386 0.0 0.706906 0.0997613 0.0 0.706593 0.099782 0.0 0.706279 0.0998027 0.0 0.705965 0.0998214 0.0 0.705652 0.0998402 0.0 0.705338 0.0998569 0.0 0.705024 0.0998737 0.0 0.704711 0.0998885 0.0 0.704397 0.0999033 0.0 0.704083 0.0999161 0.0 0.703769 0.0999289 0.0 0.703455 0.0999398 0.0 0.703141 0.0999507 0.0 0.702827 0.0999595 0.0 0.702513 0.0999684 0.0 0.702199 0.0999753 0.0 0.701885 0.0999822 0.0 0.701571 0.0999872 0.0 0.701257 0.0999921 0.0 0.700942 0.0999951 0.0 0.700628 0.099998 0.0 0.700314 0.099999 0.0 0.7 0.1 0.0 0.699686 0.099999 0.0 0.699372 0.099998 0.0 0.699058 0.0999951 0.0 0.698743 0.0999921 0.0 0.698429 0.0999872 0.0 0.698115 0.0999822 0.0 0.697801 0.0999753 0.0 0.697487 0.0999684 0.0 0.697173 0.0999595 0.0 0.696859 0.0999507 0.0 0.696545 0.0999398 0.0 0.696231 0.0999289 0.0 0.695917 0.0999161 0.0 0.695603 0.0999033 0.0 0.695289 0.0998885 0.0 0.694976 0.0998737 0.0 0.694662 0.0998569 0.0 0.694348 0.0998402 0.0 0.694035 0.0998214 0.0 0.693721 0.0998027 0.0 0.693407 0.099782 0.0 0.693094 0.0997613 0.0 0.692781 0.0997386 0.0 0.692467 0.0997159 0.0 0.692154 0.0996912 0.0 0.691841 0.0996666 0.0 0.691528 0.09964 0.0 0.691215 0.0996134 0.0 0.690902 0.0995848 0.0 0.690589 0.0995562 0.0 0.690276 0.0995256 0.0 0.689964 0.0994951 0.0 0.689651 0.0994626 0.0 0.689339 0.0994301 0.0 0.689027 0.0993956 0.0 0.688714 0.0993611 0.0 0.688402 0.0993247 0.0 0.68809 0.0992883 0.0 0.687778 0.0992499 0.0 0.687467 0.0992115 0.0 0.687155 0.0991711 0.0 0.686844 0.0991308 0.0 0.686532 0.0990885 0.0 0.686221 0.0990461 0.0 0.68591 0.0990019 0.0 0.685599 0.0989576 0.0 0.685288 0.0989114 0.0 0.684977 0.0988652 0.0 0.684667 0.098817 0.0 0.684357 0.0987688 0.0 0.684046 0.0987187 0.0 0.683736 0.0986686 0.0 0.683426 0.0986165 0.0 0.683117 0.0985645 0.0 0.682807 0.0985104 0.0 0.682498 0.0984564 0.0 0.682189 0.0984005 0.0 0.681879 0.0983445 0.0 0.681571 0.0982866 0.0 0.681262 0.0982287 0.0 0.680953 0.0981689 0.0 0.680645 0.0981091 0.0 0.680337 0.0980473 0.0 0.680029 0.0979855 0.0 0.679721 0.0979218 0.0 0.679414 0.0978581 0.0 0.679107 0.0977925 0.0 0.678799 0.0977268 0.0 0.678492 0.0976592 0.0 0.678186 0.0975917 0.0 0.677879 0.0975222 0.0 0.677573 0.0974527 0.0 0.677267 0.0973813 0.0 0.676961 0.0973099 0.0 0.676656 0.0972365 0.0 0.67635 0.0971632 0.0 0.676045 0.0970879 0.0 0.67574 0.0970127 0.0 0.675436 0.0969355 0.0 0.675131 0.0968583 0.0 0.674827 0.0967792 0.0 0.674523 0.0967001 0.0 0.674219 0.0966192 0.0 0.673916 0.0965382 0.0 0.673613 0.0964553 0.0 0.67331 0.0963724 0.0 0.673007 0.0962876 0.0 0.672705 0.0962028 0.0 0.672403 0.0961161 0.0 0.672101 0.0960294 0.0 0.671799 0.0959408 0.0 0.671498 0.0958522 0.0 0.671197 0.0957617 0.0 0.670896 0.0956712 0.0 0.670596 0.0955788 0.0 0.670296 0.0954865 0.0 0.669996 0.0953922 0.0 0.669696 0.0952979 0.0 0.669397 0.0952018 0.0 0.669098 0.0951057 0.0 0.6688 0.0950076 0.0 0.668501 0.0949096 0.0 0.668203 0.0948097 0.0 0.667906 0.0947098 0.0 0.667608 0.0946081 0.0 0.667311 0.0945063 0.0 0.667015 0.0944027 0.0 0.666718 0.0942991 0.0 0.666422 0.0941936 0.0 0.666126 0.0940881 0.0 0.665831 0.0939807 0.0 0.665536 0.0938734 0.0 0.665241 0.0937642 0.0 0.664947 0.093655 0.0 0.664653 0.0935439 0.0 0.664359 0.0934329 0.0 0.664066 0.09332 0.0 0.663772 0.0932071 0.0 0.66348 0.0930924 0.0 0.663188 0.0929776 0.0 0.662896 0.0928611 0.0 0.662604 0.0927445 0.0 0.662313 0.0926261 0.0 0.662022 0.0925077 0.0 0.661732 0.0923875 0.0 0.661442 0.0922673 0.0 0.661152 0.0921452 0.0 0.660863 0.0920232 0.0 0.660574 0.0918993 0.0 0.660285 0.0917755 0.0 0.659997 0.0916498 0.0 0.659709 0.0915241 0.0 0.659422 0.0913966 0.0 0.659135 0.0912692 0.0 0.658849 0.0911399 0.0 0.658562 0.0910106 0.0 0.658277 0.0908795 0.0 0.657991 0.0907484 0.0 0.657707 0.0906156 0.0 0.657422 0.0904827 0.0 0.657138 0.0903481 0.0 0.656854 0.0902134 0.0 0.656571 0.090077 0.0 0.656288 0.0899405 0.0 0.656006 0.0898023 0.0 0.655724 0.0896641 0.0 0.655443 0.0895241 0.0 0.655162 0.0893841 0.0 0.654881 0.0892424 0.0 0.654601 0.0891007 0.0 0.654321 0.0889571 0.0 0.654042 0.0888136 0.0 0.653763 0.0886684 0.0 0.653485 0.0885231 0.0 0.653207 0.0883761 0.0 0.65293 0.0882291 0.0 0.652653 0.0880804 0.0 0.652376 0.0879316 0.0 0.6521 0.0877811 0.0 0.651825 0.0876307 0.0 0.65155 0.0874785 0.0 0.651275 0.0873262 0.0 0.651001 0.0871723 0.0 0.650727 0.0870184 0.0 0.650454 0.0868627 0.0 0.650181 0.0867071 0.0 0.64991 0.0865497 0.0 0.649638 0.0863923 0.0 0.649367 0.0862333 0.0 0.649096 0.0860742 0.0 0.648826 0.0859134 0.0 0.648556 0.0857527 0.0 0.648287 0.0855902 0.0 0.648018 0.0854277 0.0 0.64775 0.0852636 0.0 0.647483 0.0850994 0.0 0.647216 0.0849336 0.0 0.646949 0.0847678 0.0 0.646683 0.0846003 0.0 0.646417 0.0844328 0.0 0.646153 0.0842636 0.0 0.645888 0.0840945 0.0 0.645624 0.0839236 0.0 0.645361 0.0837528 0.0 0.645098 0.0835803 0.0 0.644835 0.0834078 0.0 0.644574 0.0832337 0.0 0.644312 0.0830596 0.0 0.644052 0.0828838 0.0 0.643792 0.0827081 0.0 0.643532 0.0825307 0.0 0.643273 0.0823533 0.0 0.643015 0.0821742 0.0 0.642757 0.0819952 0.0 0.6425 0.0818146 0.0 0.642243 0.0816339 0.0 0.641987 0.0814517 0.0 0.641731 0.0812694 0.0 0.641476 0.0810856 0.0 0.641221 0.0809017 0.0 0.640968 0.0807162 0.0 0.640714 0.0805308 0.0 0.640462 0.0803437 0.0 0.64021 0.0801567 0.0 0.639958 0.0799681 0.0 0.639707 0.0797794 0.0 0.639457 0.0795892 0.0 0.639207 0.079399 0.0 0.638958 0.0792073 0.0 0.638709 0.0790155 0.0 0.638462 0.0788222 0.0 0.638214 0.0786288 0.0 0.637968 0.078434 0.0 0.637721 0.0782391 0.0 0.637476 0.0780427 0.0 0.637231 0.0778462 0.0 0.636987 0.0776483 0.0 0.636743 0.0774503 0.0 0.6365 0.0772508 0.0 0.636258 0.0770513 0.0 0.636016 0.0768503 0.0 0.635775 0.0766493 0.0 0.635535 0.0764468 0.0 0.635294 0.0762443 0.0 0.635056 0.0760402 0.0 0.634817 0.0758362 0.0 0.634579 0.0756307 0.0 0.634341 0.0754251 0.0 0.634105 0.0752181 0.0 0.633869 0.0750111 0.0 0.633634 0.0748026 0.0 0.633399 0.0745941 0.0 0.633165 0.0743841 0.0 0.632931 0.0741742 0.0 0.632699 0.0739627 0.0 0.632467 0.0737513 0.0 0.632236 0.0735384 0.0 0.632005 0.0733255 0.0 0.631775 0.0731112 0.0 0.631545 0.0728969 0.0 0.631317 0.0726811 0.0 0.631089 0.0724653 0.0 0.630862 0.0722481 0.0 0.630635 0.0720309 0.0 0.630409 0.0718123 0.0 0.630183 0.0715936 0.0 0.629959 0.0713736 0.0 0.629735 0.0711536 0.0 0.629512 0.0709321 0.0 0.629289 0.0707107 0.0 0.629068 0.0704878 0.0 0.628846 0.070265 0.0 0.628626 0.0700408 0.0 0.628406 0.0698165 0.0 0.628188 0.0695909 0.0 0.627969 0.0693653 0.0 0.627752 0.0691384 0.0 0.627535 0.0689114 0.0 0.627319 0.068683 0.0 0.627103 0.0684547 0.0 0.626889 0.068225 0.0 0.626674 0.0679953 0.0 0.626462 0.0677643 0.0 0.626249 0.0675333 0.0 0.626037 0.0673009 0.0 0.625826 0.0670686 0.0 0.625616 0.0668349 0.0 0.625406 0.0666012 0.0 0.625197 0.0663662 0.0 0.624989 0.0661312 0.0 0.624782 0.0658949 0.0 0.624575 0.0656586 0.0 0.624369 0.065421 0.0 0.624164 0.0651834 0.0 0.62396 0.0649445 0.0 0.623756 0.0647056 0.0 0.623553 0.0644654 0.0 0.623351 0.0642253 0.0 0.62315 0.0639838 0.0 0.622949 0.0637424 0.0 0.622749 0.0634997 0.0 0.62255 0.063257 0.0 0.622352 0.0630131 0.0 0.622154 0.0627691 0.0 0.621957 0.062524 0.0 0.621761 0.0622788 0.0 0.621566 0.0620324 0.0 0.621371 0.061786 0.0 0.621178 0.0615383 0.0 0.620984 0.0612907 0.0 0.620793 0.0610419 0.0 0.620601 0.060793 0.0 0.620411 0.060543 0.0 0.620221 0.060293 0.0 0.620032 0.0600417 0.0 0.619843 0.0597905 0.0 0.619656 0.0595381 0.0 0.619469 0.0592857 0.0 0.619284 0.0590321 0.0 0.619098 0.0587785 0.0 0.618914 0.0585238 0.0 0.618731 0.058269 0.0 0.618548 0.0580132 0.0 0.618366 0.0577573 0.0 0.618185 0.0575002 0.0 0.618005 0.0572432 0.0 0.617826 0.0569851 0.0 0.617647 0.0567269 0.0 0.617469 0.0564676 0.0 0.617292 0.0562083 0.0 0.617116 0.0559479 0.0 0.61694 0.0556876 0.0 0.616766 0.0554261 0.0 0.616592 0.0551646 0.0 0.61642 0.054902 0.0 0.616247 0.0546394 0.0 0.616076 0.0543758 0.0 0.615906 0.0541121 0.0 0.615736 0.0538474 0.0 0.615567 0.0535827 0.0 0.6154 0.0533169 0.0 0.615232 0.0530511 0.0 0.615066 0.0527843 0.0 0.614901 0.0525175 0.0 0.614736 0.0522496 0.0 0.614572 0.0519817 0.0 0.61441 0.0517128 0.0 0.614247 0.051444 0.0 0.614087 0.051174 0.0 0.613926 0.0509041 0.0 0.613767 0.0506332 0.0 0.613608 0.0503623 0.0 0.61345 0.0500904 0.0 0.613293 0.0498185 0.0 0.613137 0.0495456 0.0 0.612982 0.0492727 0.0 0.612828 0.0489989 0.0 0.612674 0.048725 0.0 0.612522 0.0484502 0.0 0.612369 0.0481754 0.0 0.612219 0.0478996 0.0 0.612068 0.0476238 0.0 0.61192 0.0473471 0.0 0.611771 0.0470704 0.0 0.611624 0.0467928 0.0 0.611477 0.0465151 0.0 0.611332 0.0462365 0.0 0.611186 0.045958 0.0 0.611043 0.0456785 0.0 0.610899 0.0453991 0.0 0.610758 0.0451187 0.0 0.610616 0.0448383 0.0 0.610476 0.0445571 0.0 0.610336 0.0442758 0.0 0.610198 0.0439937 0.0 0.610059 0.0437116 0.0 0.609923 0.0434286 0.0 0.609787 0.0431456 0.0 0.609652 0.0428618 0.0 0.609517 0.0425779 0.0 0.609384 0.0422933 0.0 0.609252 0.0420086 0.0 0.60912 0.0417231 0.0 0.608989 0.0414376 0.0 0.60886 0.0411512 0.0 0.608731 0.0408649 0.0 0.608603 0.0405778 0.0 0.608476 0.0402906 0.0 0.60835 0.0400027 0.0 0.608225 0.0397148 0.0 0.608101 0.0394261 0.0 0.607977 0.0391374 0.0 0.607855 0.0388479 0.0 0.607733 0.0385584 0.0 0.607613 0.0382682 0.0 0.607492 0.0379779 0.0 0.607374 0.0376869 0.0 0.607255 0.0373959 0.0 0.607139 0.0371042 0.0 0.607022 0.0368125 0.0 0.606908 0.03652 0.0 0.606793 0.0362275 0.0 0.60668 0.0359344 0.0 0.606567 0.0356412 0.0 0.606456 0.0353473 0.0 0.606345 0.0350534 0.0 0.606236 0.0347589 0.0 0.606127 0.0344643 0.0 0.606019 0.034169 0.0 0.605912 0.0338738 0.0 0.605806 0.0335779 0.0 0.605701 0.033282 0.0 0.605597 0.0329854 0.0 0.605494 0.0326888 0.0 0.605392 0.0323916 0.0 0.60529 0.0320944 0.0 0.60519 0.0317965 0.0 0.60509 0.0314987 0.0 0.604992 0.0312002 0.0 0.604894 0.0309017 0.0 0.604798 0.0306026 0.0 0.604702 0.0303035 0.0 0.604608 0.0300038 0.0 0.604514 0.0297042 0.0 0.604421 0.0294039 0.0 0.604329 0.0291036 0.0 0.604238 0.0288028 0.0 0.604148 0.0285019 0.0 0.604059 0.0282005 0.0 0.603971 0.0278991 0.0 0.603884 0.0275972 0.0 0.603797 0.0272952 0.0 0.603712 0.0269927 0.0 0.603628 0.0266902 0.0 0.603545 0.0263872 0.0 0.603462 0.0260842 0.0 0.603381 0.0257806 0.0 0.6033 0.0254771 0.0 0.603221 0.025173 0.0 0.603142 0.024869 0.0 0.603065 0.0245645 0.0 0.602987 0.0242599 0.0 0.602912 0.0239549 0.0 0.602837 0.0236499 0.0 0.602763 0.0233444 0.0 0.60269 0.0230389 0.0 0.602619 0.022733 0.0 0.602547 0.0224271 0.0 0.602478 0.0221207 0.0 0.602408 0.0218143 0.0 0.602341 0.0215075 0.0 0.602273 0.0212007 0.0 0.602208 0.0208935 0.0 0.602142 0.0205863 0.0 0.602078 0.0202786 0.0 0.602014 0.019971 0.0 0.601953 0.019663 0.0 0.601891 0.0193549 0.0 0.601831 0.0190465 0.0 0.601771 0.0187381 0.0 0.601713 0.0184294 0.0 0.601655 0.0181206 0.0 0.6016 0.0178114 0.0 0.601544 0.0175023 0.0 0.60149 0.0171928 0.0 0.601436 0.0168833 0.0 0.601383 0.0165735 0.0 0.601331 0.0162637 0.0 0.601281 0.0159536 0.0 0.601231 0.0156434 0.0 0.601183 0.015333 0.0 0.601135 0.0150226 0.0 0.601089 0.0147118 0.0 0.601042 0.0144011 0.0 0.600998 0.0140901 0.0 0.600954 0.013779 0.0 0.600912 0.0134677 0.0 0.600869 0.0131564 0.0 0.600829 0.0128449 0.0 0.600789 0.0125333 0.0 0.60075 0.0122215 0.0 0.600712 0.0119097 0.0 0.600675 0.0115977 0.0 0.600639 0.0112856 0.0 0.600604 0.0109734 0.0 0.60057 0.0106611 0.0 0.600537 0.0103486 0.0 0.600505 0.0100362 0.0 0.600474 0.0097235 0.0 0.600444 0.00941083 0.0 0.600415 0.00909798 0.0 0.600387 0.00878512 0.0 0.60036 0.00847209 0.0 0.600333 0.00815906 0.0 0.600309 0.00784587 0.0 0.600284 0.00753268 0.0 0.600261 0.00721934 0.0 0.600239 0.006906 0.0 0.600218 0.00659253 0.0 0.600197 0.00627905 0.0 0.600179 0.00596545 0.0 0.60016 0.00565185 0.0 0.600143 0.00533814 0.0 0.600126 0.00502443 0.0 0.600112 0.00471062 0.0 0.600097 0.00439681 0.0 0.600084 0.00408292 0.0 0.600071 0.00376902 0.0 0.60006 0.00345505 0.0 0.600049 0.00314108 0.0 0.60004 0.00282704 0.0 0.600032 0.00251301 0.0 0.600025 0.00219893 0.0 0.600018 0.00188484 0.0 0.600013 0.00157072 0.0 0.600008 0.0012566 0.0 0.600005 0.000942459 0.0 0.600002 0.000628314 0.0 0.600001 0.000314157 0.0 0.6 0 0.0 0.600001 -0.000314157 0.0 0.600002 -0.000628314 0.0 0.600005 -0.000942459 0.0 0.600008 -0.0012566 0.0 0.600013 -0.00157072 0.0 0.600018 -0.00188484 0.0 0.600025 -0.00219893 0.0 0.600032 -0.00251301 0.0 0.60004 -0.00282704 0.0 0.600049 -0.00314108 0.0 0.60006 -0.00345505 0.0 0.600071 -0.00376902 0.0 0.600084 -0.00408292 0.0 0.600097 -0.00439681 0.0 0.600112 -0.00471062 0.0 0.600126 -0.00502443 0.0 0.600143 -0.00533814 0.0 0.60016 -0.00565185 0.0 0.600179 -0.00596545 0.0 0.600197 -0.00627905 0.0 0.600218 -0.00659253 0.0 0.600239 -0.006906 0.0 0.600261 -0.00721934 0.0 0.600284 -0.00753268 0.0 0.600309 -0.00784587 0.0 0.600333 -0.00815906 0.0 0.60036 -0.00847209 0.0 0.600387 -0.00878512 0.0 0.600415 -0.00909798 0.0 0.600444 -0.00941083 0.0 0.600474 -0.0097235 0.0 0.600505 -0.0100362 0.0 0.600537 -0.0103486 0.0 0.60057 -0.0106611 0.0 0.600604 -0.0109734 0.0 0.600639 -0.0112856 0.0 0.600675 -0.0115977 0.0 0.600712 -0.0119097 0.0 0.60075 -0.0122215 0.0 0.600789 -0.0125333 0.0 0.600829 -0.0128449 0.0 0.600869 -0.0131564 0.0 0.600912 -0.0134677 0.0 0.600954 -0.013779 0.0 0.600998 -0.0140901 0.0 0.601042 -0.0144011 0.0 0.601089 -0.0147118 0.0 0.601135 -0.0150226 0.0 0.601183 -0.015333 0.0 0.601231 -0.0156434 0.0 0.601281 -0.0159536 0.0 0.601331 -0.0162637 0.0 0.601383 -0.0165735 0.0 0.601436 -0.0168833 0.0 0.60149 -0.0171928 0.0 0.601544 -0.0175023 0.0 0.6016 -0.0178114 0.0 0.601655 -0.0181206 0.0 0.601713 -0.0184294 0.0 0.601771 -0.0187381 0.0 0.601831 -0.0190465 0.0 0.601891 -0.0193549 0.0 0.601953 -0.019663 0.0 0.602014 -0.019971 0.0 0.602078 -0.0202786 0.0 0.602142 -0.0205863 0.0 0.602208 -0.0208935 0.0 0.602273 -0.0212007 0.0 0.602341 -0.0215075 0.0 0.602408 -0.0218143 0.0 0.602478 -0.0221207 0.0 0.602547 -0.0224271 0.0 0.602619 -0.022733 0.0 0.60269 -0.0230389 0.0 0.602763 -0.0233444 0.0 0.602837 -0.0236499 0.0 0.602912 -0.0239549 0.0 0.602987 -0.0242599 0.0 0.603065 -0.0245645 0.0 0.603142 -0.024869 0.0 0.603221 -0.025173 0.0 0.6033 -0.0254771 0.0 0.603381 -0.0257806 0.0 0.603462 -0.0260842 0.0 0.603545 -0.0263872 0.0 0.603628 -0.0266902 0.0 0.603712 -0.0269927 0.0 0.603797 -0.0272952 0.0 0.603884 -0.0275972 0.0 0.603971 -0.0278991 0.0 0.604059 -0.0282005 0.0 0.604148 -0.0285019 0.0 0.604238 -0.0288028 0.0 0.604329 -0.0291036 0.0 0.604421 -0.0294039 0.0 0.604514 -0.0297042 0.0 0.604608 -0.0300038 0.0 0.604702 -0.0303035 0.0 0.604798 -0.0306026 0.0 0.604894 -0.0309017 0.0 0.604992 -0.0312002 0.0 0.60509 -0.0314987 0.0 0.60519 -0.0317965 0.0 0.60529 -0.0320944 0.0 0.605392 -0.0323916 0.0 0.605494 -0.0326888 0.0 0.605597 -0.0329854 0.0 0.605701 -0.033282 0.0 0.605806 -0.0335779 0.0 0.605912 -0.0338738 0.0 0.606019 -0.034169 0.0 0.606127 -0.0344643 0.0 0.606236 -0.0347589 0.0 0.606345 -0.0350534 0.0 0.606456 -0.0353473 0.0 0.606567 -0.0356412 0.0 0.60668 -0.0359344 0.0 0.606793 -0.0362275 0.0 0.606908 -0.03652 0.0 0.607022 -0.0368125 0.0 0.607139 -0.0371042 0.0 0.607255 -0.0373959 0.0 0.607374 -0.0376869 0.0 0.607492 -0.0379779 0.0 0.607613 -0.0382682 0.0 0.607733 -0.0385584 0.0 0.607855 -0.0388479 0.0 0.607977 -0.0391374 0.0 0.608101 -0.0394261 0.0 0.608225 -0.0397148 0.0 0.60835 -0.0400027 0.0 0.608476 -0.0402906 0.0 0.608603 -0.0405778 0.0 0.608731 -0.0408649 0.0 0.60886 -0.0411512 0.0 0.608989 -0.0414376 0.0 0.60912 -0.0417231 0.0 0.609252 -0.0420086 0.0 0.609384 -0.0422933 0.0 0.609517 -0.0425779 0.0 0.609652 -0.0428618 0.0 0.609787 -0.0431456 0.0 0.609923 -0.0434286 0.0 0.610059 -0.0437116 0.0 0.610198 -0.0439937 0.0 0.610336 -0.0442758 0.0 0.610476 -0.0445571 0.0 0.610616 -0.0448383 0.0 0.610758 -0.0451187 0.0 0.610899 -0.0453991 0.0 0.611043 -0.0456785 0.0 0.611186 -0.045958 0.0 0.611332 -0.0462365 0.0 0.611477 -0.0465151 0.0 0.611624 -0.0467928 0.0 0.611771 -0.0470704 0.0 0.61192 -0.0473471 0.0 0.612068 -0.0476238 0.0 0.612219 -0.0478996 0.0 0.612369 -0.0481754 0.0 0.612522 -0.0484502 0.0 0.612674 -0.048725 0.0 0.612828 -0.0489989 0.0 0.612982 -0.0492727 0.0 0.613137 -0.0495456 0.0 0.613293 -0.0498185 0.0 0.61345 -0.0500904 0.0 0.613608 -0.0503623 0.0 0.613767 -0.0506332 0.0 0.613926 -0.0509041 0.0 0.614087 -0.051174 0.0 0.614247 -0.051444 0.0 0.61441 -0.0517128 0.0 0.614572 -0.0519817 0.0 0.614736 -0.0522496 0.0 0.614901 -0.0525175 0.0 0.615066 -0.0527843 0.0 0.615232 -0.0530511 0.0 0.6154 -0.0533169 0.0 0.615567 -0.0535827 0.0 0.615736 -0.0538474 0.0 0.615906 -0.0541121 0.0 0.616076 -0.0543758 0.0 0.616247 -0.0546394 0.0 0.61642 -0.054902 0.0 0.616592 -0.0551646 0.0 0.616766 -0.0554261 0.0 0.61694 -0.0556876 0.0 0.617116 -0.0559479 0.0 0.617292 -0.0562083 0.0 0.617469 -0.0564676 0.0 0.617647 -0.0567269 0.0 0.617826 -0.0569851 0.0 0.618005 -0.0572432 0.0 0.618185 -0.0575002 0.0 0.618366 -0.0577573 0.0 0.618548 -0.0580132 0.0 0.618731 -0.058269 0.0 0.618914 -0.0585238 0.0 0.619098 -0.0587785 0.0 0.619284 -0.0590321 0.0 0.619469 -0.0592857 0.0 0.619656 -0.0595381 0.0 0.619843 -0.0597905 0.0 0.620032 -0.0600417 0.0 0.620221 -0.060293 0.0 0.620411 -0.060543 0.0 0.620601 -0.060793 0.0 0.620793 -0.0610419 0.0 0.620984 -0.0612907 0.0 0.621178 -0.0615383 0.0 0.621371 -0.061786 0.0 0.621566 -0.0620324 0.0 0.621761 -0.0622788 0.0 0.621957 -0.062524 0.0 0.622154 -0.0627691 0.0 0.622352 -0.0630131 0.0 0.62255 -0.063257 0.0 0.622749 -0.0634997 0.0 0.622949 -0.0637424 0.0 0.62315 -0.0639838 0.0 0.623351 -0.0642253 0.0 0.623553 -0.0644654 0.0 0.623756 -0.0647056 0.0 0.62396 -0.0649445 0.0 0.624164 -0.0651834 0.0 0.624369 -0.065421 0.0 0.624575 -0.0656586 0.0 0.624782 -0.0658949 0.0 0.624989 -0.0661312 0.0 0.625197 -0.0663662 0.0 0.625406 -0.0666012 0.0 0.625616 -0.0668349 0.0 0.625826 -0.0670686 0.0 0.626037 -0.0673009 0.0 0.626249 -0.0675333 0.0 0.626462 -0.0677643 0.0 0.626674 -0.0679953 0.0 0.626889 -0.068225 0.0 0.627103 -0.0684547 0.0 0.627319 -0.068683 0.0 0.627535 -0.0689114 0.0 0.627752 -0.0691384 0.0 0.627969 -0.0693653 0.0 0.628188 -0.0695909 0.0 0.628406 -0.0698165 0.0 0.628626 -0.0700408 0.0 0.628846 -0.070265 0.0 0.629068 -0.0704878 0.0 0.629289 -0.0707107 0.0 0.629512 -0.0709321 0.0 0.629735 -0.0711536 0.0 0.629959 -0.0713736 0.0 0.630183 -0.0715936 0.0 0.630409 -0.0718123 0.0 0.630635 -0.0720309 0.0 0.630862 -0.0722481 0.0 0.631089 -0.0724653 0.0 0.631317 -0.0726811 0.0 0.631545 -0.0728969 0.0 0.631775 -0.0731112 0.0 0.632005 -0.0733255 0.0 0.632236 -0.0735384 0.0 0.632467 -0.0737513 0.0 0.632699 -0.0739627 0.0 0.632931 -0.0741742 0.0 0.633165 -0.0743841 0.0 0.633399 -0.0745941 0.0 0.633634 -0.0748026 0.0 0.633869 -0.0750111 0.0 0.634105 -0.0752181 0.0 0.634341 -0.0754251 0.0 0.634579 -0.0756307 0.0 0.634817 -0.0758362 0.0 0.635056 -0.0760402 0.0 0.635294 -0.0762443 0.0 0.635535 -0.0764468 0.0 0.635775 -0.0766493 0.0 0.636016 -0.0768503 0.0 0.636258 -0.0770513 0.0 0.6365 -0.0772508 0.0 0.636743 -0.0774503 0.0 0.636987 -0.0776483 0.0 0.637231 -0.0778462 0.0 0.637476 -0.0780427 0.0 0.637721 -0.0782391 0.0 0.637968 -0.078434 0.0 0.638214 -0.0786288 0.0 0.638462 -0.0788222 0.0 0.638709 -0.0790155 0.0 0.638958 -0.0792073 0.0 0.639207 -0.079399 0.0 0.639457 -0.0795892 0.0 0.639707 -0.0797794 0.0 0.639958 -0.0799681 0.0 0.64021 -0.0801567 0.0 0.640462 -0.0803437 0.0 0.640714 -0.0805308 0.0 0.640968 -0.0807162 0.0 0.641221 -0.0809017 0.0 0.641476 -0.0810856 0.0 0.641731 -0.0812694 0.0 0.641987 -0.0814517 0.0 0.642243 -0.0816339 0.0 0.6425 -0.0818146 0.0 0.642757 -0.0819952 0.0 0.643015 -0.0821742 0.0 0.643273 -0.0823533 0.0 0.643532 -0.0825307 0.0 0.643792 -0.0827081 0.0 0.644052 -0.0828838 0.0 0.644312 -0.0830596 0.0 0.644574 -0.0832337 0.0 0.644835 -0.0834078 0.0 0.645098 -0.0835803 0.0 0.645361 -0.0837528 0.0 0.645624 -0.0839236 0.0 0.645888 -0.0840945 0.0 0.646153 -0.0842636 0.0 0.646417 -0.0844328 0.0 0.646683 -0.0846003 0.0 0.646949 -0.0847678 0.0 0.647216 -0.0849336 0.0 0.647483 -0.0850994 0.0 0.64775 -0.0852636 0.0 0.648018 -0.0854277 0.0 0.648287 -0.0855902 0.0 0.648556 -0.0857527 0.0 0.648826 -0.0859134 0.0 0.649096 -0.0860742 0.0 0.649367 -0.0862333 0.0 0.649638 -0.0863923 0.0 0.64991 -0.0865497 0.0 0.650181 -0.0867071 0.0 0.650454 -0.0868627 0.0 0.650727 -0.0870184 0.0 0.651001 -0.0871723 0.0 0.651275 -0.0873262 0.0 0.65155 -0.0874785 0.0 0.651825 -0.0876307 0.0 0.6521 -0.0877811 0.0 0.652376 -0.0879316 0.0 0.652653 -0.0880804 0.0 0.65293 -0.0882291 0.0 0.653207 -0.0883761 0.0 0.653485 -0.0885231 0.0 0.653763 -0.0886684 0.0 0.654042 -0.0888136 0.0 0.654321 -0.0889571 0.0 0.654601 -0.0891007 0.0 0.654881 -0.0892424 0.0 0.655162 -0.0893841 0.0 0.655443 -0.0895241 0.0 0.655724 -0.0896641 0.0 0.656006 -0.0898023 0.0 0.656288 -0.0899405 0.0 0.656571 -0.090077 0.0 0.656854 -0.0902134 0.0 0.657138 -0.0903481 0.0 0.657422 -0.0904827 0.0 0.657707 -0.0906156 0.0 0.657991 -0.0907484 0.0 0.658277 -0.0908795 0.0 0.658562 -0.0910106 0.0 0.658849 -0.0911399 0.0 0.659135 -0.0912692 0.0 0.659422 -0.0913966 0.0 0.659709 -0.0915241 0.0 0.659997 -0.0916498 0.0 0.660285 -0.0917755 0.0 0.660574 -0.0918993 0.0 0.660863 -0.0920232 0.0 0.661152 -0.0921452 0.0 0.661442 -0.0922673 0.0 0.661732 -0.0923875 0.0 0.662022 -0.0925077 0.0 0.662313 -0.0926261 0.0 0.662604 -0.0927445 0.0 0.662896 -0.0928611 0.0 0.663188 -0.0929776 0.0 0.66348 -0.0930924 0.0 0.663772 -0.0932071 0.0 0.664066 -0.09332 0.0 0.664359 -0.0934329 0.0 0.664653 -0.0935439 0.0 0.664947 -0.093655 0.0 0.665241 -0.0937642 0.0 0.665536 -0.0938734 0.0 0.665831 -0.0939807 0.0 0.666126 -0.0940881 0.0 0.666422 -0.0941936 0.0 0.666718 -0.0942991 0.0 0.667015 -0.0944027 0.0 0.667311 -0.0945063 0.0 0.667608 -0.0946081 0.0 0.667906 -0.0947098 0.0 0.668203 -0.0948097 0.0 0.668501 -0.0949096 0.0 0.6688 -0.0950076 0.0 0.669098 -0.0951057 0.0 0.669397 -0.0952018 0.0 0.669696 -0.0952979 0.0 0.669996 -0.0953922 0.0 0.670296 -0.0954865 0.0 0.670596 -0.0955788 0.0 0.670896 -0.0956712 0.0 0.671197 -0.0957617 0.0 0.671498 -0.0958522 0.0 0.671799 -0.0959408 0.0 0.672101 -0.0960294 0.0 0.672403 -0.0961161 0.0 0.672705 -0.0962028 0.0 0.673007 -0.0962876 0.0 0.67331 -0.0963724 0.0 0.673613 -0.0964553 0.0 0.673916 -0.0965382 0.0 0.674219 -0.0966192 0.0 0.674523 -0.0967001 0.0 0.674827 -0.0967792 0.0 0.675131 -0.0968583 0.0 0.675436 -0.0969355 0.0 0.67574 -0.0970127 0.0 0.676045 -0.0970879 0.0 0.67635 -0.0971632 0.0 0.676656 -0.0972365 0.0 0.676961 -0.0973099 0.0 0.677267 -0.0973813 0.0 0.677573 -0.0974527 0.0 0.677879 -0.0975222 0.0 0.678186 -0.0975917 0.0 0.678492 -0.0976592 0.0 0.678799 -0.0977268 0.0 0.679107 -0.0977925 0.0 0.679414 -0.0978581 0.0 0.679721 -0.0979218 0.0 0.680029 -0.0979855 0.0 0.680337 -0.0980473 0.0 0.680645 -0.0981091 0.0 0.680953 -0.0981689 0.0 0.681262 -0.0982287 0.0 0.681571 -0.0982866 0.0 0.681879 -0.0983445 0.0 0.682189 -0.0984005 0.0 0.682498 -0.0984564 0.0 0.682807 -0.0985104 0.0 0.683117 -0.0985645 0.0 0.683426 -0.0986165 0.0 0.683736 -0.0986686 0.0 0.684046 -0.0987187 0.0 0.684357 -0.0987688 0.0 0.684667 -0.098817 0.0 0.684977 -0.0988652 0.0 0.685288 -0.0989114 0.0 0.685599 -0.0989576 0.0 0.68591 -0.0990019 0.0 0.686221 -0.0990461 0.0 0.686532 -0.0990885 0.0 0.686844 -0.0991308 0.0 0.687155 -0.0991711 0.0 0.687467 -0.0992115 0.0 0.687778 -0.0992499 0.0 0.68809 -0.0992883 0.0 0.688402 -0.0993247 0.0 0.688714 -0.0993611 0.0 0.689027 -0.0993956 0.0 0.689339 -0.0994301 0.0 0.689651 -0.0994626 0.0 0.689964 -0.0994951 0.0 0.690276 -0.0995256 0.0 0.690589 -0.0995562 0.0 0.690902 -0.0995848 0.0 0.691215 -0.0996134 0.0 0.691528 -0.09964 0.0 0.691841 -0.0996666 0.0 0.692154 -0.0996912 0.0 0.692467 -0.0997159 0.0 0.692781 -0.0997386 0.0 0.693094 -0.0997613 0.0 0.693407 -0.099782 0.0 0.693721 -0.0998027 0.0 0.694035 -0.0998214 0.0 0.694348 -0.0998402 0.0 0.694662 -0.0998569 0.0 0.694976 -0.0998737 0.0 0.695289 -0.0998885 0.0 0.695603 -0.0999033 0.0 0.695917 -0.0999161 0.0 0.696231 -0.0999289 0.0 0.696545 -0.0999398 0.0 0.696859 -0.0999507 0.0 0.697173 -0.0999595 0.0 0.697487 -0.0999684 0.0 0.697801 -0.0999753 0.0 0.698115 -0.0999822 0.0 0.698429 -0.0999872 0.0 0.698743 -0.0999921 0.0 0.699058 -0.0999951 0.0 0.699372 -0.099998 0.0 0.699686 -0.099999 0.0 0.7 -0.1 0.0 0.700314 -0.099999 0.0 0.700628 -0.099998 0.0 0.700942 -0.0999951 0.0 0.701257 -0.0999921 0.0 0.701571 -0.0999872 0.0 0.701885 -0.0999822 0.0 0.702199 -0.0999753 0.0 0.702513 -0.0999684 0.0 0.702827 -0.0999595 0.0 0.703141 -0.0999507 0.0 0.703455 -0.0999398 0.0 0.703769 -0.0999289 0.0 0.704083 -0.0999161 0.0 0.704397 -0.0999033 0.0 0.704711 -0.0998885 0.0 0.705024 -0.0998737 0.0 0.705338 -0.0998569 0.0 0.705652 -0.0998402 0.0 0.705965 -0.0998214 0.0 0.706279 -0.0998027 0.0 0.706593 -0.099782 0.0 0.706906 -0.0997613 0.0 0.707219 -0.0997386 0.0 0.707533 -0.0997159 0.0 0.707846 -0.0996912 0.0 0.708159 -0.0996666 0.0 0.708472 -0.09964 0.0 0.708785 -0.0996134 0.0 0.709098 -0.0995848 0.0 0.709411 -0.0995562 0.0 0.709724 -0.0995256 0.0 0.710036 -0.0994951 0.0 0.710349 -0.0994626 0.0 0.710661 -0.0994301 0.0 0.710973 -0.0993956 0.0 0.711286 -0.0993611 0.0 0.711598 -0.0993247 0.0 0.71191 -0.0992883 0.0 0.712222 -0.0992499 0.0 0.712533 -0.0992115 0.0 0.712845 -0.0991711 0.0 0.713156 -0.0991308 0.0 0.713468 -0.0990885 0.0 0.713779 -0.0990461 0.0 0.71409 -0.0990019 0.0 0.714401 -0.0989576 0.0 0.714712 -0.0989114 0.0 0.715023 -0.0988652 0.0 0.715333 -0.098817 0.0 0.715643 -0.0987688 0.0 0.715954 -0.0987187 0.0 0.716264 -0.0986686 0.0 0.716574 -0.0986165 0.0 0.716883 -0.0985645 0.0 0.717193 -0.0985104 0.0 0.717502 -0.0984564 0.0 0.717811 -0.0984005 0.0 0.718121 -0.0983445 0.0 0.718429 -0.0982866 0.0 0.718738 -0.0982287 0.0 0.719047 -0.0981689 0.0 0.719355 -0.0981091 0.0 0.719663 -0.0980473 0.0 0.719971 -0.0979855 0.0 0.720279 -0.0979218 0.0 0.720586 -0.0978581 0.0 0.720893 -0.0977925 0.0 0.721201 -0.0977268 0.0 0.721508 -0.0976592 0.0 0.721814 -0.0975917 0.0 0.722121 -0.0975222 0.0 0.722427 -0.0974527 0.0 0.722733 -0.0973813 0.0 0.723039 -0.0973099 0.0 0.723344 -0.0972365 0.0 0.72365 -0.0971632 0.0 0.723955 -0.0970879 0.0 0.72426 -0.0970127 0.0 0.724564 -0.0969355 0.0 0.724869 -0.0968583 0.0 0.725173 -0.0967792 0.0 0.725477 -0.0967001 0.0 0.725781 -0.0966192 0.0 0.726084 -0.0965382 0.0 0.726387 -0.0964553 0.0 0.72669 -0.0963724 0.0 0.726993 -0.0962876 0.0 0.727295 -0.0962028 0.0 0.727597 -0.0961161 0.0 0.727899 -0.0960294 0.0 0.728201 -0.0959408 0.0 0.728502 -0.0958522 0.0 0.728803 -0.0957617 0.0 0.729104 -0.0956712 0.0 0.729404 -0.0955788 0.0 0.729704 -0.0954865 0.0 0.730004 -0.0953922 0.0 0.730304 -0.0952979 0.0 0.730603 -0.0952018 0.0 0.730902 -0.0951057 0.0 0.7312 -0.0950076 0.0 0.731499 -0.0949096 0.0 0.731797 -0.0948097 0.0 0.732094 -0.0947098 0.0 0.732392 -0.0946081 0.0 0.732689 -0.0945063 0.0 0.732985 -0.0944027 0.0 0.733282 -0.0942991 0.0 0.733578 -0.0941936 0.0 0.733874 -0.0940881 0.0 0.734169 -0.0939807 0.0 0.734464 -0.0938734 0.0 0.734759 -0.0937642 0.0 0.735053 -0.093655 0.0 0.735347 -0.0935439 0.0 0.735641 -0.0934329 0.0 0.735934 -0.09332 0.0 0.736228 -0.0932071 0.0 0.73652 -0.0930924 0.0 0.736812 -0.0929776 0.0 0.737104 -0.0928611 0.0 0.737396 -0.0927445 0.0 0.737687 -0.0926261 0.0 0.737978 -0.0925077 0.0 0.738268 -0.0923875 0.0 0.738558 -0.0922673 0.0 0.738848 -0.0921452 0.0 0.739137 -0.0920232 0.0 0.739426 -0.0918993 0.0 0.739715 -0.0917755 0.0 0.740003 -0.0916498 0.0 0.740291 -0.0915241 0.0 0.740578 -0.0913966 0.0 0.740865 -0.0912692 0.0 0.741151 -0.0911399 0.0 0.741438 -0.0910106 0.0 0.741723 -0.0908795 0.0 0.742009 -0.0907484 0.0 0.742293 -0.0906156 0.0 0.742578 -0.0904827 0.0 0.742862 -0.0903481 0.0 0.743146 -0.0902134 0.0 0.743429 -0.090077 0.0 0.743712 -0.0899405 0.0 0.743994 -0.0898023 0.0 0.744276 -0.0896641 0.0 0.744557 -0.0895241 0.0 0.744838 -0.0893841 0.0 0.745119 -0.0892424 0.0 0.745399 -0.0891007 0.0 0.745679 -0.0889571 0.0 0.745958 -0.0888136 0.0 0.746237 -0.0886684 0.0 0.746515 -0.0885231 0.0 0.746793 -0.0883761 0.0 0.74707 -0.0882291 0.0 0.747347 -0.0880804 0.0 0.747624 -0.0879316 0.0 0.7479 -0.0877811 0.0 0.748175 -0.0876307 0.0 0.74845 -0.0874785 0.0 0.748725 -0.0873262 0.0 0.748999 -0.0871723 0.0 0.749273 -0.0870184 0.0 0.749546 -0.0868627 0.0 0.749819 -0.0867071 0.0 0.75009 -0.0865497 0.0 0.750362 -0.0863923 0.0 0.750633 -0.0862333 0.0 0.750904 -0.0860742 0.0 0.751174 -0.0859134 0.0 0.751444 -0.0857527 0.0 0.751713 -0.0855902 0.0 0.751982 -0.0854277 0.0 0.75225 -0.0852636 0.0 0.752517 -0.0850994 0.0 0.752784 -0.0849336 0.0 0.753051 -0.0847678 0.0 0.753317 -0.0846003 0.0 0.753583 -0.0844328 0.0 0.753847 -0.0842636 0.0 0.754112 -0.0840945 0.0 0.754376 -0.0839236 0.0 0.754639 -0.0837528 0.0 0.754902 -0.0835803 0.0 0.755165 -0.0834078 0.0 0.755426 -0.0832337 0.0 0.755688 -0.0830596 0.0 0.755948 -0.0828838 0.0 0.756208 -0.0827081 0.0 0.756468 -0.0825307 0.0 0.756727 -0.0823533 0.0 0.756985 -0.0821742 0.0 0.757243 -0.0819952 0.0 0.7575 -0.0818146 0.0 0.757757 -0.0816339 0.0 0.758013 -0.0814517 0.0 0.758269 -0.0812694 0.0 0.758524 -0.0810856 0.0 0.758779 -0.0809017 0.0 0.759032 -0.0807162 0.0 0.759286 -0.0805308 0.0 0.759538 -0.0803437 0.0 0.75979 -0.0801567 0.0 0.760042 -0.0799681 0.0 0.760293 -0.0797794 0.0 0.760543 -0.0795892 0.0 0.760793 -0.079399 0.0 0.761042 -0.0792073 0.0 0.761291 -0.0790155 0.0 0.761538 -0.0788222 0.0 0.761786 -0.0786288 0.0 0.762032 -0.078434 0.0 0.762279 -0.0782391 0.0 0.762524 -0.0780427 0.0 0.762769 -0.0778462 0.0 0.763013 -0.0776483 0.0 0.763257 -0.0774503 0.0 0.7635 -0.0772508 0.0 0.763742 -0.0770513 0.0 0.763984 -0.0768503 0.0 0.764225 -0.0766493 0.0 0.764465 -0.0764468 0.0 0.764706 -0.0762443 0.0 0.764944 -0.0760402 0.0 0.765183 -0.0758362 0.0 0.765421 -0.0756307 0.0 0.765659 -0.0754251 0.0 0.765895 -0.0752181 0.0 0.766131 -0.0750111 0.0 0.766366 -0.0748026 0.0 0.766601 -0.0745941 0.0 0.766835 -0.0743841 0.0 0.767069 -0.0741742 0.0 0.767301 -0.0739627 0.0 0.767533 -0.0737513 0.0 0.767764 -0.0735384 0.0 0.767995 -0.0733255 0.0 0.768225 -0.0731112 0.0 0.768455 -0.0728969 0.0 0.768683 -0.0726811 0.0 0.768911 -0.0724653 0.0 0.769138 -0.0722481 0.0 0.769365 -0.0720309 0.0 0.769591 -0.0718123 0.0 0.769817 -0.0715936 0.0 0.770041 -0.0713736 0.0 0.770265 -0.0711536 0.0 0.770488 -0.0709321 0.0 0.770711 -0.0707107 0.0 0.770932 -0.0704878 0.0 0.771154 -0.070265 0.0 0.771374 -0.0700408 0.0 0.771594 -0.0698165 0.0 0.771812 -0.0695909 0.0 0.772031 -0.0693653 0.0 0.772248 -0.0691384 0.0 0.772465 -0.0689114 0.0 0.772681 -0.068683 0.0 0.772897 -0.0684547 0.0 0.773111 -0.068225 0.0 0.773326 -0.0679953 0.0 0.773538 -0.0677643 0.0 0.773751 -0.0675333 0.0 0.773963 -0.0673009 0.0 0.774174 -0.0670686 0.0 0.774384 -0.0668349 0.0 0.774594 -0.0666012 0.0 0.774803 -0.0663662 0.0 0.775011 -0.0661312 0.0 0.775218 -0.0658949 0.0 0.775425 -0.0656586 0.0 0.775631 -0.065421 0.0 0.775836 -0.0651834 0.0 0.77604 -0.0649445 0.0 0.776244 -0.0647056 0.0 0.776447 -0.0644654 0.0 0.776649 -0.0642253 0.0 0.77685 -0.0639838 0.0 0.777051 -0.0637424 0.0 0.777251 -0.0634997 0.0 0.77745 -0.063257 0.0 0.777648 -0.0630131 0.0 0.777846 -0.0627691 0.0 0.778043 -0.062524 0.0 0.778239 -0.0622788 0.0 0.778434 -0.0620324 0.0 0.778629 -0.061786 0.0 0.778822 -0.0615383 0.0 0.779016 -0.0612907 0.0 0.779207 -0.0610419 0.0 0.779399 -0.060793 0.0 0.779589 -0.060543 0.0 0.779779 -0.060293 0.0 0.779968 -0.0600417 0.0 0.780157 -0.0597905 0.0 0.780344 -0.0595381 0.0 0.780531 -0.0592857 0.0 0.780716 -0.0590321 0.0 0.780902 -0.0587785 0.0 0.781086 -0.0585238 0.0 0.781269 -0.058269 0.0 0.781452 -0.0580132 0.0 0.781634 -0.0577573 0.0 0.781815 -0.0575002 0.0 0.781995 -0.0572432 0.0 0.782174 -0.0569851 0.0 0.782353 -0.0567269 0.0 0.782531 -0.0564676 0.0 0.782708 -0.0562083 0.0 0.782884 -0.0559479 0.0 0.78306 -0.0556876 0.0 0.783234 -0.0554261 0.0 0.783408 -0.0551646 0.0 0.78358 -0.054902 0.0 0.783753 -0.0546394 0.0 0.783924 -0.0543758 0.0 0.784094 -0.0541121 0.0 0.784264 -0.0538474 0.0 0.784433 -0.0535827 0.0 0.7846 -0.0533169 0.0 0.784768 -0.0530511 0.0 0.784934 -0.0527843 0.0 0.785099 -0.0525175 0.0 0.785264 -0.0522496 0.0 0.785428 -0.0519817 0.0 0.78559 -0.0517128 0.0 0.785753 -0.051444 0.0 0.785913 -0.051174 0.0 0.786074 -0.0509041 0.0 0.786233 -0.0506332 0.0 0.786392 -0.0503623 0.0 0.78655 -0.0500904 0.0 0.786707 -0.0498185 0.0 0.786863 -0.0495456 0.0 0.787018 -0.0492727 0.0 0.787172 -0.0489989 0.0 0.787326 -0.048725 0.0 0.787478 -0.0484502 0.0 0.787631 -0.0481754 0.0 0.787781 -0.0478996 0.0 0.787932 -0.0476238 0.0 0.78808 -0.0473471 0.0 0.788229 -0.0470704 0.0 0.788376 -0.0467928 0.0 0.788523 -0.0465151 0.0 0.788668 -0.0462365 0.0 0.788814 -0.045958 0.0 0.788957 -0.0456785 0.0 0.789101 -0.0453991 0.0 0.789242 -0.0451187 0.0 0.789384 -0.0448383 0.0 0.789524 -0.0445571 0.0 0.789664 -0.0442758 0.0 0.789802 -0.0439937 0.0 0.789941 -0.0437116 0.0 0.790077 -0.0434286 0.0 0.790213 -0.0431456 0.0 0.790348 -0.0428618 0.0 0.790483 -0.0425779 0.0 0.790616 -0.0422933 0.0 0.790748 -0.0420086 0.0 0.79088 -0.0417231 0.0 0.791011 -0.0414376 0.0 0.79114 -0.0411512 0.0 0.791269 -0.0408649 0.0 0.791397 -0.0405778 0.0 0.791524 -0.0402906 0.0 0.79165 -0.0400027 0.0 0.791775 -0.0397148 0.0 0.791899 -0.0394261 0.0 0.792023 -0.0391374 0.0 0.792145 -0.0388479 0.0 0.792267 -0.0385584 0.0 0.792387 -0.0382682 0.0 0.792508 -0.0379779 0.0 0.792626 -0.0376869 0.0 0.792745 -0.0373959 0.0 0.792861 -0.0371042 0.0 0.792978 -0.0368125 0.0 0.793092 -0.03652 0.0 0.793207 -0.0362275 0.0 0.79332 -0.0359344 0.0 0.793433 -0.0356412 0.0 0.793544 -0.0353473 0.0 0.793655 -0.0350534 0.0 0.793764 -0.0347589 0.0 0.793873 -0.0344643 0.0 0.793981 -0.034169 0.0 0.794088 -0.0338738 0.0 0.794194 -0.0335779 0.0 0.794299 -0.033282 0.0 0.794403 -0.0329854 0.0 0.794506 -0.0326888 0.0 0.794608 -0.0323916 0.0 0.79471 -0.0320944 0.0 0.79481 -0.0317965 0.0 0.79491 -0.0314987 0.0 0.795008 -0.0312002 0.0 0.795106 -0.0309017 0.0 0.795202 -0.0306026 0.0 0.795298 -0.0303035 0.0 0.795392 -0.0300038 0.0 0.795486 -0.0297042 0.0 0.795579 -0.0294039 0.0 0.795671 -0.0291036 0.0 0.795762 -0.0288028 0.0 0.795852 -0.0285019 0.0 0.795941 -0.0282005 0.0 0.796029 -0.0278991 0.0 0.796116 -0.0275972 0.0 0.796203 -0.0272952 0.0 0.796288 -0.0269927 0.0 0.796372 -0.0266902 0.0 0.796455 -0.0263872 0.0 0.796538 -0.0260842 0.0 0.796619 -0.0257806 0.0 0.7967 -0.0254771 0.0 0.796779 -0.025173 0.0 0.796858 -0.024869 0.0 0.796935 -0.0245645 0.0 0.797013 -0.0242599 0.0 0.797088 -0.0239549 0.0 0.797163 -0.0236499 0.0 0.797237 -0.0233444 0.0 0.79731 -0.0230389 0.0 0.797381 -0.022733 0.0 0.797453 -0.0224271 0.0 0.797522 -0.0221207 0.0 0.797592 -0.0218143 0.0 0.797659 -0.0215075 0.0 0.797727 -0.0212007 0.0 0.797792 -0.0208935 0.0 0.797858 -0.0205863 0.0 0.797922 -0.0202786 0.0 0.797986 -0.019971 0.0 0.798047 -0.019663 0.0 0.798109 -0.0193549 0.0 0.798169 -0.0190465 0.0 0.798229 -0.0187381 0.0 0.798287 -0.0184294 0.0 0.798345 -0.0181206 0.0 0.7984 -0.0178114 0.0 0.798456 -0.0175023 0.0 0.79851 -0.0171928 0.0 0.798564 -0.0168833 0.0 0.798617 -0.0165735 0.0 0.798669 -0.0162637 0.0 0.798719 -0.0159536 0.0 0.798769 -0.0156434 0.0 0.798817 -0.015333 0.0 0.798865 -0.0150226 0.0 0.798911 -0.0147118 0.0 0.798958 -0.0144011 0.0 0.799002 -0.0140901 0.0 0.799046 -0.013779 0.0 0.799088 -0.0134677 0.0 0.799131 -0.0131564 0.0 0.799171 -0.0128449 0.0 0.799211 -0.0125333 0.0 0.79925 -0.0122215 0.0 0.799288 -0.0119097 0.0 0.799325 -0.0115977 0.0 0.799361 -0.0112856 0.0 0.799396 -0.0109734 0.0 0.79943 -0.0106611 0.0 0.799463 -0.0103486 0.0 0.799495 -0.0100362 0.0 0.799526 -0.0097235 0.0 0.799556 -0.00941083 0.0 0.799585 -0.00909798 0.0 0.799613 -0.00878512 0.0 0.79964 -0.00847209 0.0 0.799667 -0.00815906 0.0 0.799691 -0.00784587 0.0 0.799716 -0.00753268 0.0 0.799739 -0.00721934 0.0 0.799761 -0.006906 0.0 0.799782 -0.00659253 0.0 0.799803 -0.00627905 0.0 0.799821 -0.00596545 0.0 0.79984 -0.00565185 0.0 0.799857 -0.00533814 0.0 0.799874 -0.00502443 0.0 0.799888 -0.00471062 0.0 0.799903 -0.00439681 0.0 0.799916 -0.00408292 0.0 0.799929 -0.00376902 0.0 0.79994 -0.00345505 0.0 0.799951 -0.00314108 0.0 0.79996 -0.00282704 0.0 0.799968 -0.00251301 0.0 0.799975 -0.00219893 0.0 0.799982 -0.00188484 0.0 0.799987 -0.00157072 0.0 0.799992 -0.0012566 0.0 0.799995 -0.000942459 0.0 0.799998 -0.000628314 0.0 0.799999 -0.000314157 0.0 
        </DataArray>
      </Points>
      <Polys>
        <DataArray type="Int64" Name="connectivity" format="ascii">
0 1 1 2 2 3 3 4 4 5 5 6 6 7 7 8 8 9 9 10 10 11 11 12 12 13 13 14 14 15 15 16 16 17 17 18 18 19 19 20 20 21 21 22 22 23 23 24 24 25 25 26 26 27 27 28 28 29 29 30 30 31 31 32 32 33 33 34 34 35 35 36 36 37 37 38 38 39 39 40 40 41 41 42 42 43 43 44 44 45 45 46 46 47 47 48 48 49 49 50 50 51 51 52 52 53 53 54 54 55 55 56 56 57 57 58 58 59 59 60 60 61 61 62 62 63 63 64 64 65 65 66 66 67 67 68 68 69 69 70 70 71 71 72 72 73 73 74 74 75 75 76 76 77 77 78 78 79 79 80 80 81 81 82 82 83 83 84 84 85 85 86 86 87 87 88 88 89 89 90 90 91 91 92 92 93 93 94 94 95 95 96 96 97 97 98 98 99 99 100 100 101 101 102 102 103 103 104 104 105 105 106 106 107 107 108 108 109 109 110 110 111 111 112 112 113 113 114 114 115 115 116 116 117 117 118 118 119 119 120 120 121 121 122 122 123 123 124 124 125 125 126 126 127 127 128 128 129 129 130 130 131 131 132 132 133 133 134 134 135 135 136 136 137 137 138 138 139 139 140 140 141 141 142 142 143 143 144 144 145 145 146 146 147 147 148 148 149 149 150 150 151 151 152 152 153 153 154 154 155 155 156 156 157 157 158 158 159 159 160 160 161 161 162 162 163 163 164 164 165 165 166 166 167 167 168 168 169 169 170 170 171 171 172 172 173 173 174 174 175 175 176 176 177 177 178 178 179 179 180 180 181 181 182 182 183 183 184 184 185 185 186 186 187 187 188 188 189 189 190 190 191 191 192 192 193 193 194 194 195 195 196 196 197 197 198 198 199 199 200 200 201 201 202 202 203 203 204 204 205 205 206 206 207 207 208 208 209 209 210 210 211 211 212 212 213 213 214 214 215 215 216 216 217 217 218 218 219 219 220 220 221 221 222 222 223 223 224 224 225 225 226 226 227 227 228 228 229 229 230 230 231 231 232 232 233 233 234 234 235 235 236 236 237 237 238 238 239 239 240 240 241 241 242 242 243 243 244 244 245 245 246 246 247 247 248 248 249 249 250 250 251 251 252 252 253 253 254 254 255 255 256 256 257 257 258 258 259 259 260 260 261 261 262 262 263 263 264 264 265 265 266 266 267 267 268 268 269 269 270 270 271 271 272 272 273 273 274 274 275 275 276 276 277 277 278 278 279 279 280 280 281 281 282 282 283 283 284 284 285 285 286 286 287 287 288 288 289 289 290 290 291 291 292 292 293 293 294 294 295 295 296 296 297 297 298 298 299 299 300 300 301 301 302 302 303 303 304 304 305 305 306 306 307 307 308 308 309 309 310 310 311 311 312 312 313 313 314 314 315 315 316 316 317 317 318 318 319 319 320 320 321 321 322 322 323 323 324 324 325 325 326 326 327 327 328 328 329 329 330 330 331 331 332 332 333 333 334 334 335 335 336 336 337 337 338 338 339 339 340 340 341 341 342 342 343 343 344 344 345 345 346 346 347 347 348 348 349 349 350 350 351 351 352 352 353 353 354 354 355 355 356 356 357 357 358 358 359 359 360 360 361 361 362 362 363 363 364 364 365 365 366 366 367 367 368 368 369 369 370 370 371 371 372 372 373 373 374 374 375 375 376 376 377 377 378 378 379 379 380 380 381 381 382 382 383 383 384 384 385 385 386 386 387 387 388 388 389 389 390 390 391 391 392 392 393 393 394 394 395 395 396 396 397 397 398 398 399 399 400 400 401 401 402 402 403 403 404 404 405 405 406 406 407 407 408 408 409 409 410 410 411 411 412 412 413 413 414 414 415 415 416 416 417 417 418 418 419 419 420 420 421 421 422 422 423 423 424 424 425 425 426 426 427 427 428 428 429 429 430 430 431 431 432 432 433 433 434 434 435 435 436 436 437 437 438 438 439 439 440 440 441 441 442 442 443 443 444 444 445 445 446 446 447 447 448 448 449 449 450 450 451 451 452 452 453 453 454 454 455 455 456 456 457 457 458 458 459 459 460 460 461 461 462 462 463 463 464 464 465 465 466 466 467 467 468 468 469 469 470 470 471 471 472 472 473 473 474 474 475 475 476 476 477 477 478 478 479 479 480 480 481 481 482 482 483 483 484 484 485 485 486 486 487 487 488 488 489 489 490 490 491 491 492 492 493 493 494 494 495 495 496 496 497 497 498 498 499 499 500 500 501 501 502 502 503 503 504 504 505 505 506 506 507 507 508 508 509 509 510 510 511 511 512 512 513 513 514 514 515 515 516 516 517 517 518 518 519 519 520 520 521 521 522 522 523 523 524 524 525 525 526 526 527 527 528 528 529 529 530 530 531 531 532 532 533 533 534 534 535 535 536 536 537 537 538 538 539 539 540 540 541 541 542 542 543 543 544 544 545 545 546 546 547 547 548 548 549 549 550 550 551 551 552 552 553 553 554 554 555 555 556 556 557 557 558 558 559 559 560 560 561 561 562 562 563 563 564 564 565 565 566 566 567 567 568 568 569 569 570 570 571 571 572 572 573 573 574 574 575 575 576 576 577 577 578 578 579 579 580 580 581 581 582 582 583 583 584 584 585 585 586 586 587 587 588 588 589 589 590 590 591 591 592 592 593 593 594 594 595 595 596 596 597 597 598 598 599 599 600 600 601 601 602 602 603 603 604 604 605 605 606 606 607 607 608 608 609 609 610 610 611 611 612 612 613 613 614 614 615 615 616 616 617 617 618 618 619 619 620 620 621 621 622 622 623 623 624 624 625 625 626 626 627 627 628 628 629 629 630 630 631 631 632 632 633 633 634 634 635 635 636 636 637 637 638 638 639 639 640 640 641 641 642 642 643 643 644 644 645 645 646 646 647 647 648 648 649 649 650 650 651 651 652 652 653 653 654 654 655 655 656 656 657 657 658 658 659 659 660 660 661 661 662 662 663 663 664 664 665 665 666 666 667 667 668 668 669 669 670 670 671 671 672 672 673 673 674 674 675 675 676 676 677 677 678 678 679 679 680 680 681 681 682 682 683 683 684 684 685 685 686 686 687 687 688 688 689 689 690 690 691 691 692 692 693 693 694 694 695 695 696 696 697 697 698 698 699 699 700 700 701 701 702 702 703 703 704 704 705 705 706 706 707 707 708 708 709 709 710 710 711 711 712 712 713 713 714 714 715 715 716 716 717 717 718 718 719 719 720 720 721 721 722 722 723 723 724 724 725 725 726 726 727 727 728 728 729 729 730 730 731 731 732 732 733 733 734 734 735 735 736 736 737 737 738 738 739 739 740 740 741 741 742 742 743 743 744 744 745 745 746 746 747 747 748 748 749 749 750 750 751 751 752 752 753 753 754 754 755 755 756 756 757 757 758 758 759 759 760 760 761 761 762 762 763 763 764 764 765 765 766 766 767 767 768 768 769 769 770 770 771 771 772 772 773 773 774 774 775 775 776 776 777 777 778 778 779 779 780 780 781 781 782 782 783 783 784 784 785 785 786 786 787 787 788 788 789 789 790 790 791 791 792 792 793 793 794 794 795 795 796 796 797 797 798 798 799 799 800 800 801 801 802 802 803 803 804 804 805 805 806 806 807 807 808 808 809 809 810 810 811 811 812 812 813 813 814 814 815 815 816 816 817 817 818 818 819 819 820 820 821 821 822 822 823 823 824 824 825 825 826 826 827 827 828 828 829 829 830 830 831 831 832 832 833 833 834 834 835 835 836 836 837 837 838 838 839 839 840 840 841 841 842 842 843 843 844 844 845 845 846 846 847 847 848 848 849 849 850 850 851 851 852 852 853 853 854 854 855 855 856 856 857 857 858 858 859 859 860 860 861 861 862 862 863 863 864 864 865 865 866 866 867 867 868 868 869 869 870 870 871 871 872 872 873 873 874 874 875 875 876 876 877 877 878 878 879 879 880 880 881 881 882 882 883 883 884 884 885 885 886 886 887 887 888 888 889 889 890 890 891 891 892 892 893 893 894 894 895 895 896 896 897 897 898 898 899 899 900 900 901 901 902 902 903 903 904 904 905 905 906 906 907 907 908 908 909 909 910 910 911 911 912 912 913 913 914 914 915 915 916 916 917 917 918 918 919 919 920 920 921 921 922 922 923 923 924 924 925 925 926 926 927 927 928 928 929 929 930 930 931 931 932 932 933 933 934 934 935 935 936 936 937 937 938 938 939 939 940 940 941 941 942 942 943 943 944 944 945 945 946 946 947 947 948 948 949 949 950 950 951 951 952 952 953 953 954 954 955 955 956 956 957 957 958 958 959 959 960 960 961 961 962 962 963 963 964 964 965 965 966 966 967 967 968 968 969 969 970 970 971 971 972 972 973 973 974 974 975 975 976 976 977 977 978 978 979 979 980 980 981 981 982 982 983 983 984 984 985 985 986 986 987 987 988 988 989 989 990 990 991 991 992 992 993 993 994 994 995 995 996 996 997 997 998 998 999 999 1000 1000 1001 1001 1002 1002 1003 1003 1004 1004 1005 1005 1006 1006 1007 1007 1008 1008 1009 1009 1010 1010 1011 1011 1012 1012 1013 1013 1014 1014 1015 1015 1016 1016 1017 1017 1018 1018 1019 1019 1020 1020 1021 1021 1022 1022 1023 1023 1024 1024 1025 1025 1026 1026 1027 1027 1028 1028 1029 1029 1030 1030 1031 1031 1032 1032 1033 1033 1034 1034 1035 1035 1036 1036 1037 1037 1038 1038 1039 1039 1040 1040 1041 1041 1042 1042 1043 1043 1044 1044 1045 1045 1046 1046 1047 1047 1048 1048 1049 1049 1050 1050 1051 1051 1052 1052 1053 1053 1054 1054 1055 1055 1056 1056 1057 1057 1058 1058 1059 1059 1060 1060 1061 1061 1062 1062 1063 1063 1064 1064 1065 1065 1066 1066 1067 1067 1068 1068 1069 1069 1070 1070 1071 1071 1072 1072 1073 1073 1074 1074 1075 1075 1076 1076 1077 1077 1078 1078 1079 1079 1080 1080 1081 1081 1082 1082 1083 1083 1084 1084 1085 1085 1086 1086 1087 1087 1088 1088 1089 1089 1090 1090 1091 1091 1092 1092 1093 1093 1094 1094 1095 1095 1096 1096 1097 1097 1098 1098 1099 1099 1100 1100 1101 1101 1102 1102 1103 1103 1104 1104 1105 1105 1106 1106 1107 1107 1108 1108 1109 1109 1110 1110 1111 1111 1112 1112 1113 1113 1114 1114 1115 1115 1116 1116 1117 1117 1118 1118 1119 1119 1120 1120 1121 1121 1122 1122 1123 1123 1124 1124 1125 1125 1126 1126 1127 1127 1128 1128 1129 1129 1130 1130 1131 1131 1132 1132 1133 1133 1134 1134 1135 1135 1136 1136 1137 1137 1138 1138 1139 1139 1140 1140 1141 1141 1142 1142 1143 1143 1144 1144 1145 1145 1146 1146 1147 1147 1148 1148 1149 1149 1150 1150 1151 1151 1152 1152 1153 1153 1154 1154 1155 1155 1156 1156 1157 1157 1158 1158 1159 1159 1160 1160 1161 1161 1162 1162 1163 1163 1164 1164 1165 1165 1166 1166 1167 1167 1168 1168 1169 1169 1170 1170 1171 1171 1172 1172 1173 1173 1174 1174 1175 1175 1176 1176 1177 1177 1178 1178 1179 1179 1180 1180 1181 1181 1182 1182 1183 1183 1184 1184 1185 1185 1186 1186 1187 1187 1188 1188 1189 1189 1190 1190 1191 1191 1192 1192 1193 1193 1194 1194 1195 1195 1196 1196 1197 1197 1198 1198 1199 1199 1200 1200 1201 1201 1202 1202 1203 1203 1204 1204 1205 1205 1206 1206 1207 1207 1208 1208 1209 1209 1210 1210 1211 1211 1212 1212 1213 1213 1214 1214 1215 1215 1216 1216 1217 1217 1218 1218 1219 1219 1220 1220 1221 1221 1222 1222 1223 1223 1224 1224 1225 1225 1226 1226 1227 1227 1228 1228 1229 1229 1230 1230 1231 1231 1232 1232 1233 1233 1234 1234 1235 1235 1236 1236 1237 1237 1238 1238 1239 1239 1240 1240 1241 1241 1242 1242 1243 1243 1244 1244 1245 1245 1246 1246 1247 1247 1248 1248 1249 1249 1250 1250 1251 1251 1252 1252 1253 1253 1254 1254 1255 1255 1256 1256 1257 1257 1258 1258 1259 1259 1260 1260 1261 1261 1262 1262 1263 1263 1264 1264 1265 1265 1266 1266 1267 1267 1268 1268 1269 1269 1270 1270 1271 1271 1272 1272 1273 1273 1274 1274 1275 1275 1276 1276 1277 1277 1278 1278 1279 1279 1280 1280 1281 1281 1282 1282 1283 1283 1284 1284 1285 1285 1286 1286 1287 1287 1288 1288 1289 1289 1290 1290 1291 1291 1292 1292 1293 1293 1294 1294 1295 1295 1296 1296 1297 1297 1298 1298 1299 1299 1300 1300 1301 1301 1302 1302 1303 1303 1304 1304 1305 1305 1306 1306 1307 1307 1308 1308 1309 1309 1310 1310 1311 1311 1312 1312 1313 1313 1314 1314 1315 1315 1316 1316 1317 1317 1318 1318 1319 1319 1320 1320 1321 1321 1322 1322 1323 1323 1324 1324 1325 1325 1326 1326 1327 1327 1328 1328 1329 1329 1330 1330 1331 1331 1332 1332 1333 1333 1334 1334 1335 1335 1336 1336 1337 1337 1338 1338 1339 1339 1340 1340 1341 1341 1342 1342 1343 1343 1344 1344 1345 1345 1346 1346 1347 1347 1348 1348 1349 1349 1350 1350 1351 1351 1352 1352 1353 1353 1354 1354 1355 1355 1356 1356 1357 1357 1358 1358 1359 1359 1360 1360 1361 1361 1362 1362 1363 1363 1364 1364 1365 1365 1366 1366 1367 1367 1368 1368 1369 1369 1370 1370 1371 1371 1372 1372 1373 1373 1374 1374 1375 1375 1376 1376 1377 1377 1378 1378 1379 1379 1380 1380 1381 1381 1382 1382 1383 1383 1384 1384 1385 1385 1386 1386 1387 1387 1388 1388 1389 1389 1390 1390 1391 1391 1392 1392 1393 1393 1394 1394 1395 1395 1396 1396 1397 1397 1398 1398 1399 1399 1400 1400 1401 1401 1402 1402 1403 1403 1404 1404 1405 1405 1406 1406 1407 1407 1408 1408 1409 1409 1410 1410 1411 1411 1412 1412 1413 1413 1414 1414 1415 1415 1416 1416 1417 1417 1418 1418 1419 1419 1420 1420 1421 1421 1422 1422 1423 1423 1424 1424 1425 1425 1426 1426 1427 1427 1428 1428 1429 1429 1430 1430 1431 1431 1432 1432 1433 1433 1434 1434 1435 1435 1436 1436 1437 1437 1438 1438 1439 1439 1440 1440 1441 1441 1442 1442 1443 1443 1444 1444 1445 1445 1446 1446 1447 1447 1448 1448 1449 1449 1450 1450 1451 1451 1452 1452 1453 1453 1454 1454 1455 1455 1456 1456 1457 1457 1458 1458 1459 1459 1460 1460 1461 1461 1462 1462 1463 1463 1464 1464 1465 1465 1466 1466 1467 1467 1468 1468 1469 1469 1470 1470 1471 1471 1472 1472 1473 1473 1474 1474 1475 1475 1476 1476 1477 1477 1478 1478 1479 1479 1480 1480 1481 1481 1482 1482 1483 1483 1484 1484 1485 1485 1486 1486 1487 1487 1488 1488 1489 1489 1490 1490 1491 1491 1492 1492 1493 1493 1494 1494 1495 1495 1496 1496 1497 1497 1498 1498 1499 1499 1500 1500 1501 1501 1502 1502 1503 1503 1504 1504 1505 1505 1506 1506 1507 1507 1508 1508 1509 1509 1510 1510 1511 1511 1512 1512 1513 1513 1514 1514 1515 1515 1516 1516 1517 1517 1518 1518 1519 1519 1520 1520 1521 1521 1522 1522 1523 1523 1524 1524 1525 1525 1526 1526 1527 1527 1528 1528 1529 1529 1530 1530 1531 1531 1532 1532 1533 1533 1534 1534 1535 1535 1536 1536 1537 1537 1538 1538 1539 1539 1540 1540 1541 1541 1542 1542 1543 1543 1544 1544 1545 1545 1546 1546 1547 1547 1548 1548 1549 1549 1550 1550 1551 1551 1552 1552 1553 1553 1554 1554 1555 1555 1556 1556 1557 1557 1558 1558 1559 1559 1560 1560 1561 1561 1562 1562 1563 1563 1564 1564 1565 1565 1566 1566 1567 1567 1568 1568 1569 1569 1570 1570 1571 1571 1572 1572 1573 1573 1574 1574 1575 1575 1576 1576 1577 1577 1578 1578 1579 1579 1580 1580 1581 1581 1582 1582 1583 1583 1584 1584 1585 1585 1586 1586 1587 1587 1588 1588 1589 1589 1590 1590 1591 1591 1592 1592 1593 1593 1594 1594 1595 1595 1596 1596 1597 1597 1598 1598 1599 1599 1600 1600 1601 1601 1602 1602 1603 1603 1604 1604 1605 1605 1606 1606 1607 1607 1608 1608 1609 1609 1610 1610 1611 1611 1612 1612 1613 1613 1614 1614 1615 1615 1616 1616 1617 1617 1618 1618 1619 1619 1620 1620 1621 1621 1622 1622 1623 1623 1624 1624 1625 1625 1626 1626 1627 1627 1628 1628 1629 1629 1630 1630 1631 1631 1632 1632 1633 1633 1634 1634 1635 1635 1636 1636 1637 1637 1638 1638 1639 1639 1640 1640 1641 1641 1642 1642 1643 1643 1644 1644 1645 1645 1646 1646 1647 1647 1648 1648 1649 1649 1650 1650 1651 1651 1652 1652 1653 1653 1654 1654 1655 1655 1656 1656 1657 1657 1658 1658 1659 1659 1660 1660 1661 1661 1662 1662 1663 1663 1664 1664 1665 1665 1666 1666 1667 1667 1668 1668 1669 1669 1670 1670 1671 1671 1672 1672 1673 1673 1674 1674 1675 1675 1676 1676 1677 1677 1678 1678 1679 1679 1680 1680 1681 1681 1682 1682 1683 1683 1684 1684 1685 1685 1686 1686 1687 1687 1688 1688 1689 1689 1690 1690 1691 1691 1692 1692 1693 1693 1694 1694 1695 1695 1696 1696 1697 1697 1698 1698 1699 1699 1700 1700 1701 1701 1702 1702 1703 1703 1704 1704 1705 1705 1706 1706 1707 1707 1708 1708 1709 1709 1710 1710 1711 1711 1712 1712 1713 1713 1714 1714 1715 1715 1716 1716 1717 1717 1718 1718 1719 1719 1720 1720 1721 1721 1722 1722 1723 1723 1724 1724 1725 1725 1726 1726 1727 1727 1728 1728 1729 1729 1730 1730 1731 1731 1732 1732 1733 1733 1734 1734 1735 1735 1736 1736 1737 1737 1738 1738 1739 1739 1740 1740 1741 1741 1742 1742 1743 1743 1744 1744 1745 1745 1746 1746 1747 1747 1748 1748 1749 1749 1750 1750 1751 1751 1752 1752 1753 1753 1754 1754 1755 1755 1756 1756 1757 1757 1758 1758 1759 1759 1760 1760 1761 1761 1762 1762 1763 1763 1764 1764 1765 1765 1766 1766 1767 1767 1768 1768 1769 1769 1770 1770 1771 1771 1772 1772 1773 1773 1774 1774 1775 1775 1776 1776 1777 1777 1778 1778 1779 1779 1780 1780 1781 1781 1782 1782 1783 1783 1784 1784 1785 1785 1786 1786 1787 1787 1788 1788 1789 1789 1790 1790 1791 1791 1792 1792 1793 1793 1794 1794 1795 1795 1796 1796 1797 1797 1798 1798 1799 1799 1800 1800 1801 1801 1802 1802 1803 1803 1804 1804 1805 1805 1806 1806 1807 1807 1808 1808 1809 1809 1810 1810 1811 1811 1812 1812 1813 1813 1814 1814 1815 1815 1816 1816 1817 1817 1818 1818 1819 1819 1820 1820 1821 1821 1822 1822 1823 1823 1824 1824 1825 1825 1826 1826 1827 1827 1828 1828 1829 1829 1830 1830 1831 1831 1832 1832 1833 1833 1834 1834 1835 1835 1836 1836 1837 1837 1838 1838 1839 1839 1840 1840 1841 1841 1842 1842 1843 1843 1844 1844 1845 1845 1846 1846 1847 1847 1848 1848 1849 1849 1850 1850 1851 1851 1852 1852 1853 1853 1854 1854 1855 1855 1856 1856 1857 1857 1858 1858 1859 1859 1860 1860 1861 1861 1862 1862 1863 1863 1864 1864 1865 1865 1866 1866 1867 1867 1868 1868 1869 1869 1870 1870 1871 1871 1872 1872 1873 1873 1874 1874 1875 1875 1876 1876 1877 1877 1878 1878 1879 1879 1880 1880 1881 1881 1882 1882 1883 1883 1884 1884 1885 1885 1886 1886 1887 1887 1888 1888 1889 1889 1890 1890 1891 1891 1892 1892 1893 1893 1894 1894 1895 1895 1896 1896 1897 1897 1898 1898 1899 1899 1900 1900 1901 1901 1902 1902 1903 1903 1904 1904 1905 1905 1906 1906 1907 1907 1908 1908 1909 1909 1910 1910 1911 1911 1912 1912 1913 1913 1914 1914 1915 1915 1916 1916 1917 1917 1918 1918 1919 1919 1920 1920 1921 1921 1922 1922 1923 1923 1924 1924 1925 1925 1926 1926 1927 1927 1928 1928 1929 1929 1930 1930 1931 1931 1932 1932 1933 1933 1934 1934 1935 1935 1936 1936 1937 1937 1938 1938 1939 1939 1940 1940 1941 1941 1942 1942 1943 1943 1944 1944 1945 1945 1946 1946 1947 1947 1948 1948 1949 1949 1950 1950 1951 1951 1952 1952 1953 1953 1954 1954 1955 1955 1956 1956 1957 1957 1958 1958 1959 1959 1960 1960 1961 1961 1962 1962 1963 1963 1964 1964 1965 1965 1966 1966 1967 1967 1968 1968 1969 1969 1970 1970 1971 1971 1972 1972 1973 1973 1974 1974 1975 1975 1976 1976 1977 1977 1978 1978 1979 1979 1980 1980 1981 1981 1982 1982 1983 1983 1984 1984 1985 1985 1986 1986 1987 1987 1988 1988 1989 1989 1990 1990 1991 1991 1992 1992 1993 1993 1994 1994 1995 1995 1996 1996 1997 1997 1998 1998 1999 1999 0 
        </DataArray>
        <DataArray type="Int64" Name="offsets" format="ascii">
2 4 6 8 10 12 14 16 18 20 22 24 26 28 30 32 34 36 38 40 42 44 46 48 50 52 54 56 58 60 62 64 66 68 70 72 74 76 78 80 82 84 86 88 90 92 94 96 98 100 102 104 106 108 110 112 114 116 118 120 122 124 126 128 130 132 134 136 138 140 142 144 146 148 150 152 154 156 158 160 162 164 166 168 170 172 174 176 178 180 182 184 186 188 190 192 194 196 198 200 202 204 206 208 210 212 214 216 218 220 222 224 226 228 230 232 234 236 238 240 242 244 246 248 250 252 254 256 258 260 262 264 266 268 270 272 274 276 278 280 282 284 286 288 290 292 294 296 298 300 302 304 306 308 310 312 314 316 318 320 322 324 326 328 330 332 334 336 338 340 342 344 346 348 350 352 354 356 358 360 362 364 366 368 370 372 374 376 378 380 382 384 386 388 390 392 394 396 398 400 402 404 406 408 410 412 414 416 418 420 422 424 426 428 430 432 434 436 438 440 442 444 446 448 450 452 454 456 458 460 462 464 466 468 470 472 474 476 478 480 482 484 486 488 490 492 494 496 498 500 502 504 506 508 510 512 514 516 518 520 522 524 526 528 530 532 534 536 538 540 542 544 546 548 550 552 554 556 558 560 562 564 566 568 570 572 574 576 578 580 582 584 586 588 590 592 594 596 598 600 602 604 606 608 610 612 614 616 618 620 622 624 626 628 630 632 634 636 638 640 642 644 646 648 650 652 654 656 658 660 662 664 666 668 670 672 674 676 678 680 682 684 686 688 690 692 694 696 698 700 702 704 706 708 710 712 714 716 718 720 722 724 726 728 730 732 734 736 738 740 742 744 746 748 750 752 754 756 758 760 762 764 766 768 770 772 774 776 778 780 782 784 786 788 790 792 794 796 798 800 802 804 806 808 810 812 814 816 818 820 822 824 826 828 830 832 834 836 838 840 842 844 846 848 850 852 854 856 858 860 862 864 866 868 870 872 874 876 878 880 882 884 886 888 890 892 894 896 898 900 902 904 906 908 910 912 914 916 918 920 922 924 926 928 930 932 934 936 938 940 942 944 946 948 950 952 954 956 958 960 962 964 966 968 970 972 974 976 978 980 982 984 986 988 990 992 994 996 998 1000 1002 1004 1006 1008 1010 1012 1014 1016 1018 1020 1022 1024 1026 1028 1030 1032 1034 1036 1038 1040 1042 1044 1046 1048 1050 1052 1054 1056 1058 1060 1062 1064 1066 1068 1070 1072 1074 1076 1078 1080 1082 1084 1086 1088 1090 1092 1094 1096 1098 1100 1102 1104 1106 1108 1110 1112 1114 1116 1118 1120 1122 1124 1126 1128 1130 1132 1134 1136 1138 1140 1142 1144 1146 1148 1150 1152 1154 1156 1158 1160 1162 1164 1166 1168 1170 1172 1174 1176 1178 1180 1182 1184 1186 1188 1190 1192 1194 1196 1198 1200 1202 1204 1206 1208 1210 1212 1214 1216 1218 1220 1222 1224 1226 1228 1230 1232 1234 1236 1238 1240 1242 1244 1246 1248 1250 1252 1254 1256 1258 1260 1262 1264 1266 1268 1270 1272 1274 1276 1278 1280 1282 1284 1286 1288 1290 1292 1294 1296 1298 1300 1302 1304 1306 1308 1310 1312 1314 1316 1318 1320 1322 1324 1326 1328 1330 1332 1334 1336 1338 1340 1342 1344 1346 1348 1350 1352 1354 1356 1358 1360 1362 1364 1366 1368 1370 1372 1374 1376 1378 1380 1382 1384 1386 1388 1390 1392 1394 1396 1398 1400 1402 1404 1406 1408 1410 1412 1414 1416 1418 1420 1422 1424 1426 1428 1430 1432 1434 1436 1438 1440 1442 1444 1446 1448 1450 1452 1454 1456 1458 1460 1462 1464 1466 1468 1470 1472 1474 1476 1478 1480 1482 1484 1486 1488 1490 1492 1494 1496 1498 1500 1502 1504 1506 1508 1510 1512 1514 1516 1518 1520 1522 1524 1526 1528 1530 1532 1534 1536 1538 1540 1542 1544 1546 1548 1550 1552 1554 1556 1558 1560 1562 1564 1566 1568 1570 1572 1574 1576 1578 1580 1582 1584 1586 1588 1590 1592 1594 1596 1598 1600 1602 1604 1606 1608 1610 1612 1614 1616 1618 1620 1622 1624 1626 1628 1630 1632 1634 1636 1638 1640 1642 1644 1646 1648 1650 1652 1654 1656 1658 1660 1662 1664 1666 1668 1670 1672 1674 1676 1678 1680 1682 1684 1686 1688 1690 1692 1694 1696 1698 1700 1702 1704 1706 1708 1710 1712 1714 1716 1718 1720 1722 1724 1726 1728 1730 1732 1734 1736 1738 1740 1742 1744 1746 1748 1750 1752 1754 1756 1758 1760 1762 1764 1766 1768 1770 1772 1774 1776 1778 1780 1782 1784 1786 1788 1790 1792 1794 1796 1798 1800 1802 1804 1806 1808 1810 1812 1814 1816 1818 1820 1822 1824 1826 1828 1830 1832 1834 1836 1838 1840 1842 1844 1846 1848 1850 1852 1854 1856 1858 1860 1862 1864 1866 1868 1870 1872 1874 1876 1878 1880 1882 1884 1886 1888 1890 1892 1894 1896 1898 1900 1902 1904 1906 1908 1910 1912 1914 1916 1918 1920 1922 1924 1926 1928 1930 1932 1934 1936 1938 1940 1942 1944 1946 1948 1950 1952 1954 1956 1958 1960 1962 1964 1966 1968 1970 1972 1974 1976 1978 1980 1982 1984 1986 1988 1990 1992 1994 1996 1998 2000 2002 2004 2006 2008 2010 2012 2014 2016 2018 2020 2022 2024 2026 2028 2030 2032 2034 2036 2038 2040 2042 2044 2046 2048 2050 2052 2054 2056 2058 2060 2062 2064 2066 2068 2070 2072 2074 2076 2078 2080 2082 2084 2086 2088 2090 2092 2094 2096 2098 2100 2102 2104 2106 2108 2110 2112 2114 2116 2118 2120 2122 2124 2126 2128 2130 2132 2134 2136 2138 2140 2142 2144 2146 2148 2150 2152 2154 2156 2158 2160 2162 2164 2166 2168 2170 2172 2174 2176 2178 2180 2182 2184 2186 2188 2190 2192 2194 2196 2198 2200 2202 2204 2206 2208 2210 2212 2214 2216 2218 2220 2222 2224 2226 2228 2230 2232 2234 2236 2238 2240 2242 2244 2246 2248 2250 2252 2254 2256 2258 2260 2262 2264 2266 2268 2270 2272 2274 2276 2278 2280 2282 2284 2286 2288 2290 2292 2294 2296 2298 2300 2302 2304 2306 2308 2310 2312 2314 2316 2318 2320 2322 2324 2326 2328 2330 2332 2334 2336 2338 2340 2342 2344 2346 2348 2350 2352 2354 2356 2358 2360 2362 2364 2366 2368 2370 2372 2374 2376 2378 2380 2382 2384 2386 2388 2390 2392 2394 2396 2398 2400 2402 2404 2406 2408 2410 2412 2414 2416 2418 2420 2422 2424 2426 2428 2430 2432 2434 2436 2438 2440 2442 2444 2446 2448 2450 2452 2454 2456 2458 2460 2462 2464 2466 2468 2470 2472 2474 2476 2478 2480 2482 2484 2486 2488 2490 2492 2494 2496 2498 2500 2502 2504 2506 2508 2510 2512 2514 2516 2518 2520 2522 2524 2526 2528 2530 2532 2534 2536 2538 2540 2542 2544 2546 2548 2550 2552 2554 2556 2558 2560 2562 2564 2566 2568 2570 2572 2574 2576 2578 2580 2582 2584 2586 2588 2590 2592 2594 2596 2598 2600 2602 2604 2606 2608 2610 2612 2614 2616 2618 2620 2622 2624 2626 2628 2630 2632 2634 2636 2638 2640 2642 2644 2646 2648 2650 2652 2654 2656 2658 2660 2662 2664 2666 2668 2670 2672 2674 2676 2678 2680 2682 2684 2686 2688 2690 2692 2694 2696 2698 2700 2702 2704 2706 2708 2710 2712 2714 2716 2718 2720 2722 2724 2726 2728 2730 2732 2734 2736 2738 2740 2742 2744 2746 2748 2750 2752 2754 2756 2758 2760 2762 2764 2766 2768 2770 2772 2774 2776 2778 2780 2782 2784 2786 2788 2790 2792 2794 2796 2798 2800 2802 2804 2806 2808 2810 2812 2814 2816 2818 2820 2822 2824 2826 2828 2830 2832 2834 2836 2838 2840 2842 2844 2846 2848 2850 2852 2854 2856 2858 2860 2862 2864 2866 2868 2870 2872 2874 2876 2878 2880 2882 2884 2886 2888 2890 2892 2894 2896 2898 2900 2902 2904 2906 2908 2910 2912 2914 2916 2918 2920 2922 2924 2926 2928 2930 2932 2934 2936 2938 2940 2942 2944 2946 2948 2950 2952 2954 2956 2958 2960 2962 2964 2966 2968 2970 2972 2974 2976 2978 2980 2982 2984 2986 2988 2990 2992 2994 2996 2998 3000 3002 3004 3006 3008 3010 3012 3014 3016 3018 3020 3022 3024 3026 3028 3030 3032 3034 3036 3038 3040 3042 3044 3046 3048 3050 3052 3054 3056 3058 3060 3062 3064 3066 3068 3070 3072 3074 3076 3078 3080 3082 3084 3086 3088 3090 3092 3094 3096 3098 3100 3102 3104 3106 3108 3110 3112 3114 3116 3118 3120 3122 3124 3126 3128 3130 3132 3134 3136 3138 3140 3142 3144 3146 3148 3150 3152 3154 3156 3158 3160 3162 3164 3166 3168 3170 3172 3174 3176 3178 3180 3182 3184 3186 3188 3190 3192 3194 3196 3198 3200 3202 3204 3206 3208 3210 3212 3214 3216 3218 3220 3222 3224 3226 3228 3230 3232 3234 3236 3238 3240 3242 3244 3246 3248 3250 3252 3254 3256 3258 3260 3262 3264 3266 3268 3270 3272 3274 3276 3278 3280 3282 3284 3286 3288 3290 3292 3294 3296 3298 3300 3302 3304 3306 3308 3310 3312 3314 3316 3318 3320 3322 3324 3326 3328 3330 3332 3334 3336 3338 3340 3342 3344 3346 3348 3350 3352 3354 3356 3358 3360 3362 3364 3366 3368 3370 3372 3374 3376 3378 3380 3382 3384 3386 3388 3390 3392 3394 3396 3398 3400 3402 3404 3406 3408 3410 3412 3414 3416 3418 3420 3422 3424 3426 3428 3430 3432 3434 3436 3438 3440 3442 3444 3446 3448 3450 3452 3454 3456 3458 3460 3462 3464 3466 3468 3470 3472 3474 3476 3478 3480 3482 3484 3486 3488 3490 3492 3494 3496 3498 3500 3502 3504 3506 3508 3510 3512 3514 3516 3518 3520 3522 3524 3526 3528 3530 3532 3534 3536 3538 3540 3542 3544 3546 3548 3550 3552 3554 3556 3558 3560 3562 3564 3566 3568 3570 3572 3574 3576 3578 3580 3582 3584 3586 3588 3590 3592 3594 3596 3598 3600 3602 3604 3606 3608 3610 3612 3614 3616 3618 3620 3622 3624 3626 3628 3630 3632 3634 3636 3638 3640 3642 3644 3646 3648 3650 3652 3654 3656 3658 3660 3662 3664 3666 3668 3670 3672 3674 3676 3678 3680 3682 3684 3686 3688 3690 3692 3694 3696 3698 3700 3702 3704 3706 3708 3710 3712 3714 3716 3718 3720 3722 3724 3726 3728 3730 3732 3734 3736 3738 3740 3742 3744 3746 3748 3750 3752 3754 3756 3758 3760 3762 3764 3766 3768 3770 3772 3774 3776 3778 3780 3782 3784 3786 3788 3790 3792 3794 3796 3798 3800 3802 3804 3806 3808 3810 3812 3814 3816 3818 3820 3822 3824 3826 3828 3830 3832 3834 3836 3838 3840 3842 3844 3846 3848 3850 3852 3854 3856 3858 3860 3862 3864 3866 3868 3870 3872 3874 3876 3878 3880 3882 3884 3886 3888 3890 3892 3894 3896 3898 3900 3902 3904 3906 3908 3910 3912 3914 3916 3918 3920 3922 3924 3926 3928 3930 3932 3934 3936 3938 3940 3942 3944 3946 3948 3950 3952 3954 3956 3958 3960 3962 3964 3966 3968 3970 3972 3974 3976 3978 3980 3982 3984 3986 3988 3990 3992 3994 3996 3998 4000 
        </DataArray>
      </Polys>
      <CellData Scalars="Pressure">
        <DataArray type="Float64" Name="Pressure" format="ascii">
205733 205168 204449 203734 203007 202247 201468 200702 199847 198985 198108 197279 196450 195635 194912 194265 193608 193036 192519 192010 191579 191262 190942 190629 190312 189999 189734 189616 189498 189429 189593 189752 189969 191047 191934 192868 194297 195699 197154 198726 200465 202183 203644 204991 206359 207289 208001 208695 209202 209533 209864 210104 210222 210333 210405 210465 210447 210345 210100 209855 209352 208340 207317 206316 205182 204043 202879 201850 200837 199826 198880 198308 197435 196244 195321 194407 193490 192642 191781 190961 190557 190177 189809 189751 190044 190050 190324 191080 191826 192700 193723 194680 195530 196157 196799 198126 198252 198461 198553 198955 198659 198387 198047 197561 196944 195266 193780 192614 195787 198915 201883 204590 205358 205348 204284 175820 122770 70412 25109.3 16737.4 10577.5 6853.95 7036.79 7179.99 7280.29 7009.24 7192.12 7352.34 7492.56 7602.6 8214.34 8331.78 8102.36 8301.54 8480.51 8636.73 8770.17 8870.12 9461.84 9581.06 9667.68 9829.73 9607.93 9841.27 10057.5 10761.1 10870.1 10930.2 11135.2 10902.9 11154.4 11365.1 12168.5 12297.3 13236 12611 12121 12417.2 12700.1 13089.2 13405.9 13661.3 13863.4 14101.3 14313.5 15288.4 14953 15339.2 15662.2 15911.3 16133 17106 17243.4 16677.6 17134.7 17557.8 17960.6 18408.2 18868 19260.9 19599.7 19916.6 20133.8 21111.4 20817.7 21364.2 21820.5 22171.4 23364 23635.7 25067 24315.4 23817.9 24067.7 25236.2 25621.6 25041.9 25469.8 25839 26272.5 26858.2 27343 27742.7 28083.7 29365.9 29590.2 30037.5 29611.2 30083.1 31577.2 32037.9 31542 32159.6 32655.4 34356.4 34005.6 34840.4 35529.8 36096.4 37302 37527 39419.4 38472.9 37759.2 39770.3 40186.5 41034.6 40416.6 41020.3 42914.9 43572.6 43102.1 43761.7 45616.9 46223.2 45768.2 46590.6 47179.2 49193 48577.8 49542.2 50254.8 50739.3 51467.8 52573.8 53386.2 53931.6 56379.2 55728 56780.6 57559 59867.5 59066.6 60100.5 60912.7 61476.8 64080.7 63569.3 64621.3 65402.8 67996.5 67533.3 68861.9 69901.6 72483.2 73808.3 73642.8 74933.1 77623.3 78814.8 78692.1 80092 82930.8 83716.9 85082.7 84393.9 86928 87418.6 87899.6 88811.4 86665.7 88125.4 89300.3 90152.7 93514.7 92556.7 94008 95040 97743.6 99111.4 98645.3 100142 103343 104591 106263 104420 106335 108375 110052 111315 113125 115153 116806 118031 121763 121292 123330 124976 132213 130017 131884 129892 132481 134636 136428 141217 140947 143423 145564 153165 151857 154788 153745 157348 160608 163421 167973 169495 171505 174462 176025 177406 178699 176783 173931 173452 173284 181592 179233 181323 179596 182366 184828 186904 191278 193158 195043 193407 195967 198141 200004 204108 206246 203753 206375 209293 211857 216715 218667 220808 222927 221380 224149 226527 231011 232745 235087 237415 234918 237859 240695 243691 246822 249540 256422 259574 257448 260693 264480 267937 270995 276271 278315 279985 280860 282223 283607 294454 287372 290326 293812 301355 304067 300218 303232 306723 310054 313173 316662 319627 322174 329392 332877 329339 333384 337591 341639 345814 350312 354202 361342 365766 370624 375667 368889 374697 380788 388265 395992 403256 411034 418673 425827 439834 446452 453262 448206 456055 464350 472968 484173 494624 504678 512404 518928 524199 528705 530098 528104 501818 490829 476914 471990 476686 481613 486378 490822 495202 499759 504572 509425 514145 518715 523161 527632 532040 536236 540089 546502 549123 551852 555058 553142 556407 560830 565720 570651 575099 579320 583490 588172 593276 598440 603379 608186 612929 618072 623949 629876 635545 640676 645686 650698 655157 659692 664156 669586 674904 680280 684910 689554 694121 699760 705499 711314 716712 722085 727363 734029 741243 748560 755285 761768 768136 774020 779199 784442 790218 797030 803732 809867 814499 819177 824197 830771 837247 843362 846801 850252 853738 859375 864935 870606 873012 875316 877505 883410 889726 896158 901978 907792 913551 917175 919677 922132 927330 934683 942030 952762 957029 961396 966144 971509 976864 977718 983404 989228 994726 998766 1.00271e+06 1.00674e+06 1.01221e+06 1.01779e+06 1.02329e+06 1.02699e+06 1.03034e+06 1.03362e+06 1.03897e+06 1.04515e+06 1.05663e+06 1.06265e+06 1.06875e+06 1.07521e+06 1.07637e+06 1.08053e+06 1.08448e+06 1.08885e+06 1.09402e+06 1.09937e+06 1.10454e+06 1.10914e+06 1.11368e+06 1.11839e+06 1.12422e+06 1.13412e+06 1.13976e+06 1.1409e+06 1.14615e+06 1.15156e+06 1.15562e+06 1.15909e+06 1.16241e+06 1.16578e+06 1.1692e+06 1.17275e+06 1.17536e+06 1.17989e+06 1.1805e+06 1.17606e+06 1.17615e+06 1.17635e+06 1.17667e+06 1.1778e+06 1.17932e+06 1.18124e+06 1.1846e+06 1.1891e+06 1.19394e+06 1.19711e+06 1.20021e+06 1.20357e+06 1.20601e+06 1.20466e+06 1.20329e+06 1.20185e+06 1.19917e+06 1.19657e+06 1.19402e+06 1.18857e+06 1.18541e+06 1.18294e+06 1.18565e+06 1.19524e+06 1.20564e+06 1.219e+06 1.24258e+06 1.27748e+06 1.29382e+06 1.32233e+06 1.33368e+06 1.3445e+06 1.35851e+06 1.3737e+06 1.38537e+06 1.38204e+06 1.38536e+06 1.38775e+06 1.38909e+06 1.38635e+06 1.38656e+06 1.38682e+06 1.38653e+06 1.38687e+06 1.38624e+06 1.38352e+06 1.38242e+06 1.38157e+06 1.38101e+06 1.38052e+06 1.38122e+06 1.3808e+06 1.37793e+06 1.37736e+06 1.37722e+06 1.37752e+06 1.37771e+06 1.37806e+06 1.37957e+06 1.37798e+06 1.37837e+06 1.37905e+06 1.38001e+06 1.38131e+06 1.38438e+06 1.38599e+06 1.38596e+06 1.38841e+06 1.39107e+06 1.39393e+06 1.39473e+06 1.3963e+06 1.39789e+06 1.39252e+06 1.39294e+06 1.392e+06 1.38973e+06 1.43869e+06 1.46227e+06 1.48377e+06 1.50492e+06 1.49784e+06 1.48656e+06 1.46774e+06 1.48801e+06 1.50323e+06 1.51742e+06 1.53105e+06 1.54266e+06 1.52481e+06 1.53181e+06 1.52575e+06 1.51632e+06 1.50824e+06 1.50178e+06 1.49649e+06 1.49119e+06 1.48686e+06 1.48417e+06 1.48178e+06 1.4792e+06 1.47764e+06 1.47791e+06 1.47701e+06 1.47569e+06 1.47391e+06 1.47157e+06 1.46796e+06 1.46339e+06 1.45772e+06 1.4589e+06 1.47235e+06 1.4733e+06 1.48323e+06 1.48576e+06 1.48706e+06 1.4795e+06 1.47565e+06 1.46662e+06 1.45775e+06 1.44932e+06 1.44273e+06 1.43704e+06 1.43442e+06 1.43496e+06 1.43135e+06 1.4228e+06 1.41437e+06 1.40436e+06 1.38499e+06 1.37534e+06 1.37379e+06 1.36553e+06 1.361e+06 1.35655e+06 1.3523e+06 1.34695e+06 1.34346e+06 1.33899e+06 1.33436e+06 1.3297e+06 1.32499e+06 1.32027e+06 1.31517e+06 1.30984e+06 1.30368e+06 1.29575e+06 1.28718e+06 1.27823e+06 1.26858e+06 1.25789e+06 1.2465e+06 1.23512e+06 1.22338e+06 1.21217e+06 1.20219e+06 1.19315e+06 1.18476e+06 1.1772e+06 1.16876e+06 1.16187e+06 1.15435e+06 1.14531e+06 1.1453e+06 1.14449e+06 1.14008e+06 1.13788e+06 1.13376e+06 1.13512e+06 1.13709e+06 1.13961e+06 1.14271e+06 1.14789e+06 1.15422e+06 1.161e+06 1.16844e+06 1.17589e+06 1.18333e+06 1.1915e+06 1.20065e+06 1.20626e+06 1.20001e+06 1.19436e+06 1.18913e+06 1.18368e+06 1.16053e+06 1.14901e+06 1.14036e+06 1.15801e+06 1.15106e+06 1.14958e+06 1.15121e+06 1.15585e+06 1.15576e+06 1.15246e+06 1.14785e+06 1.14427e+06 1.13843e+06 1.13137e+06 1.12291e+06 1.11446e+06 1.10524e+06 1.09644e+06 1.08776e+06 1.08016e+06 1.07137e+06 1.06371e+06 1.05627e+06 1.05041e+06 1.04412e+06 1.03714e+06 1.03145e+06 1.02755e+06 1.02284e+06 1.01851e+06 1.01337e+06 1.01133e+06 1.01114e+06 1.0128e+06 1.00932e+06 1.01062e+06 993088 974412 938623 912764 890947 843612 844058 847324 849330 861489 859967 858921 859533 859445 856841 854212 851381 846220 842410 838592 836573 832027 827327 821539 816847 812446 808260 805628 801341 799167 794685 789890 782777 773108 757682 740609 727805 716642 712002 710198 708326 709330 704050 700809 697400 693603 689650 685786 683258 676842 672020 667425 662637 658088 653646 651775 645531 641267 637063 633208 629319 625523 623112 618324 611559 606617 601474 596582 591938 588434 584854 581313 578981 571622 566618 561805 557052 552503 551103 547216 543493 537325 535855 534664 533584 534573 535800 536199 532931 521327 509725 494329 487399 480803 474319 469935 465671 461584 462172 458887 455466 452149 446525 443611 440478 437021 433528 430375 429177 428049 426951 427667 425180 422696 416459 412287 408106 404879 402166 399464 396498 393358 390213 390292 387834 385400 382860 379264 372624 368781 365734 362731 359652 356385 353049 349795 346306 342809 339268 336336 333729 331152 331358 328756 326076 323481 320990 315916 313371 310740 308078 305437 302525 299667 296789 294640 292427 290224 287826 285457 283051 281153 279301 277462 275439 273401 271334 269481 267682 265898 264008 262111 260196 260655 258011 255439 252908 250640 248308 246005 243570 241190 238805 236733 234601 232506 230300 228142 225939 224120 222249 220418 218553 216727 214850 213289 211716 210177 208543 206931 205270 203661 202012 200400 199071 197928 196762 193738 191987 190214 188364 186529 184649 182769 180816 178885 176970 175243 173494 171782 170044 168328 166593 165076 163536 162025 160472 158934 157361 155688 153950 152220 150680 151847 150308 149118 147985 146909 144476 143320 142049 140732 139364 137960 136473 134970 133404 131844 130341 128856 127341 125970 127283 125920 124824 123793 122780 120989 119935 118766 117613 116524 115347 114180 113061 111954 113108 112232 111363 109332 108434 107420 106253 105145 103961 102717 101550 100461 101667 100740 99844.7 98998.3 97323.7 96478.1 95465.4 94324.3 93230.5 92075.4 90819.6 92914.7 92999 93324.8 100796 101682 101721 101394 101661 101634 101326 99518.9 99409.8 99142.4 94225.2 91701.4 88789.2 85996.3 83442.9 86642.4 79708.5 78658.5 77377.9 75906.4 74679.2 73447.2 72100.9 70948.1 72810.4 71867.6 69965.6 69337 68509.5 67508.4 66738.6 66018 66988.4 64875.3 64135.3 63263.1 62253.6 61497.6 60703.3 61798.5 59449.4 58685.4 57756.8 56762.6 55906.7 55033.2 56070.8 53935.7 53380.6 52683.4 51922.2 51316.5 50687 51643.6 53042.2 53934.8 54520.4 55053.2 56016.4 54919.1 55916.1 54504.2 53171.7 51577.5 49901.6 52046.1 50841.8 49715.7 48391.3 47775 46860 47729.5 47090.9 46404.9 46176 44884.3 44278.6 44714 44089.9 42869.8 42422.8 41778.4 41009.3 41904.2 41417 41077.6 39877.6 39318.6 38581.9 39061.9 37897 37540.5 36984.1 36245.4 37097.7 36678.9 36448.3 35493.5 35093.1 35422.6 34900.3 33996.4 33678.4 33225.3 33541.1 32225.4 31807.9 31246.8 30523.1 31249.8 30751.2 31584.4 30198.7 29157.3 29437.1 28889.5 28602.5 27787.9 27434.1 27638.1 27291.1 26485.4 26216.5 25841.2 26197.3 25264.5 25025.2 24671.8 24192.3 23904.8 23656.2 23309.9 22854.2 22466.2 22312 22054.2 21684 21270.1 21103.9 20903.6 20575.1 20129.4 20741.1 20348.4 20968.5 20935.1 21366.3 21219.1 21273.6 20852.1 20300.7 20027.3 19654 19218 18704.6 18460.5 18263.9 17980.1 17599.6 17236 17121.3 16923.6 16615.1 16206 16071.9 15966 15791 15552.6 15314.8 15154.8 14947.7 14700.4 15256 14538.8 14487 14354.2 14693.4 14577.9 14000.2 13875.2 14145.4 13992.6 13933.9 13409.3 13260.9 13088 12869.3 12612.1 12455.5 12290.5 12092.5 11868.1 12195.7 11424.3 11222 11003 11345 11292.7 10806.5 10690.5 10570.7 10416.7 10223.6 10038.8 9904.13 9757.32 9593.58 9893.09 9779.71 9250.15 9124.05 9359.83 9289.34 9243.05 8808.21 8721.83 8610.02 8476.53 8663.19 8614.97 8253.76 8208.32 8133.29 8019.93 7863 8071.96 7531.96 7414.76 7280.21 7528.66 7489.78 7447.6 7076.26 6981.62 6867.71 6738.33 6875.55 6836.73 6512.39 6469.65 6398.99 6313.56 6211 6384.63 6328.1 5943.03 5881.13 5827.5 5756.28 5669.48 5891.34 5531.09 5504.63 5464.91 5404.92 5334.14 5250.33 5477.57 5439.63 5088.52 5037.35 4970.73 4888.34 4792.99 5005.04 4997.83 4697.28 4648.9 4565.75 4478.99 4642.01 4585.67 4547.57 4502.12 4207.29 4165.47 4108.13 4043.43 3976.3 3904.15 4039.23 3911.01 3331.72 3166.71 3240.53 3313.22 3344.66 3341.04 3326.82 3304.4 3457.04 3202.88 3165.77 3127.88 3104.56 3076.37 3042.43 2988.64 2931.79 2878.81 3055.91 2776.04 2725.88 2681.47 2648.2 2609.71 2563.64 2504.46 2444.43 2385.52 2576.98 2562.69 2338.11 2317.7 2290.7 2261.53 2235.62 2213.29 2186.79 2154.07 2113.77 2076.1 2215.84 2185.26 1967.72 1934.98 1913.92 1894.79 1876.38 1869.97 1867.6 1866.64 1865.99 1867.03 1870.52 3509 4114.43 4677.74 5216.96 2475.62 2909.54 3336.28 3795.77 4230.66 4659.96 5105.89 5538.48 5944 6388.64 6804.85 7204.63 7597.42 7982.95 8345.36 10833.8 11143.4 11426.9 11733.9 12088.6 12395.5 12040.4 12251.8 12453.2 12619.9 12751.7 12872.4 12971.7 13029.8 13081.8 13118 13117 13110.2 13098.4 13084.4 13064.1 13038 12970.9 12902.4 12830.4 12746.1 12658.5 12571.3 12439.6 12303.9 12167.6 12032.5 11895.9 11763 11605 11439.7 11273.3 11107.4 10937 10770.1 10589.2 10400.7 10209.5 10013.3 9802.72 9595.26 9379.68 9159.2 8934.28 8710.62 8477.56 8246.66 8009.95 7774.96 7534.34 7296.32 7057.41 6819.59 6574.87 6342.07 6102.65 5864.26 5639.63 5416.07 5183.92 4968.71 4749.23 4528.82 4300.27 4068.63 3825.49 4901.78 6873.96 8998.13 18427.2 33918.9 50344 63028.8 70060.1 75668.4 77770.8 75435.2 79978.1 77411.4 75077.7 73042.9 69795.8 69540 69221.4 68864.5 69152.7 69356.7 69480.7 68603.9 67566.6 66490.6 65109.7 63633.7 62075.4 60710.7 59363.6 57957.5 56963.1 60941.8 60401.1 56877.1 56271.6 55515.5 54562.7 53492.6 52373.4 51271 50444.7 49659.3 48889.5 48552.4 48315.4 48166.2 48911.1 48896.2 48948.6 49089.9 49584.4 50077.9 50716.2 51529.9 52376.1 53245.5 54200.6 55147.7 56227.5 57111 58018.4 58851.1 59269.1 59819 60367.4 60669.8 60815.3 60931.8 60989 61349 61351.8 60748 60486 60140 59697.1 59625.6 59564.7 59481.7 60425.8 63508.1 65012.8 65110.4 66174.4 67212 68284.3 69692.2 71430.5 73445.8 70630.2 69096.1 67318.3 63847.8 60322.9 56974.6 54183.6 53459 53167.4 52874.3 52756.7 53075.2 53433.8 53847.7 54306.7 54765.1 55504.1 55963.7 56434 56856.6 56950.1 57396.2 57873.3 58448 58755.2 59042.1 59040.9 58697.4 58336.3 57928 57263 56522.1 55609.5 53928.8 52808.5 51777.8 50803.2 50565.5 49939.7 49394.2 48840.1 48867.3 48962.7 49123.6 49404 49348.9 49319.1 44475.5 38724.5 31789.5 27829.4 19964.7 17816.2 16266.6 15267.8 15371.2 15684.3 15845.4 15911.5 16198.8 16458.7 16682.5 17197.9 17367.2 17996.6 17238.5 17539.2 17857.2 18652 18550.8 18815.8 19083.1 19361.4 19964.2 20224.6 20928.5 20360.9 20646.3 20904.1 21625.4 21389.2 21789.3 22194.6 22591.9 23060.7 23619.5 24194.5 24767.1 25304.6 26363.8 26854 27219.7 27027.5 27536.8 28676.9 28586.8 28569.6 28294 28022.6 28281.2 28312.4 28882 29446.2 29986.5 30932.7 31387.6 31853.3 32338.4 32371.2 33261.4 33698.8 34153.9 34040.2 34446.8 35404.8 35868.1 35696.6 36134.3 37212.7 37743.8 37518.8 38073.6 38608.4 40163.6 39841.3 40701.3 41526.7 43871.3 43256.1 45095.6 47033.7 49007.3 49383.5 49806.1 48220 46777.1 44969.4 45079.5 45726.1 46370.7 47034.6 47706.1 48528 49334.5 50152.3 51779.7 52200.7 53338.2 54500.2 56353.6 57663.4 57989.5 59226 61336.4 62884.4 63680.3 65552.8 68469.1 70635.6 74182.2 74573 81467.8 85606 87278.4 86915.7 88412.9 86854.4 84869.8 82394.1 78352.4 76694.4 74991.1 73973.5 74240.2 74624.7 74620.5 75020.2 75800.8 76151.7 76484 75950.2 76307.1 76704.2 77165.9 77707.3 78897.6 80497.7 82188.1 86025.1 89021.2 89266.3 93387.3 102302 108277 111774 114830 118916 121627 124000 125959 124412 122035 119349 116924 114818 113072 111625 111017 111066 111222 111489 112391 113232 113694 114634 115707 116868 118081 119777 120466 121627 122817 124105 125463 126935 128377 129666 130986 132968 134714 135719 137039 137958 139364 140846 142981 144551 145998 147523 148688 150423 152140 154343 155981 157544 159073 160353 161840 163362 164835 166313 167780 169437 170612 171650 172725 173669 174583 175533 176637 177436 178222 178810 179522 180265 181015 181805 182601 183426 184417 184954 185621 186307 187009 187723 188426 189267 189926 190608 191152 191928 192685 193466 194243 195020 195832 196540 197214 197906 198362 199080 199779 200445 201082 201723 202384 203072 203728 204471 205089 205568 206187 206845 207493 208153 208831 209521 210198 210890 211561 212229 213015 213732 214235 214923 215580 216247 216927 217683 218422 219160 219829 220499 221146 221765 222244 222739 223167 223563 223819 224099 224324 224551 224667 224710 224751 224684 224498 224312 224061 223675 223296 222880 222366 221840 221493 220724 219974 219212 218395 217550 216450 215583 214731 213866 213105 212350 211607 210909 210245 209573 209109 208746 208389 208126 207948 207770 207733 207854 207970 208085 208195 208306 208396 208443 208486 208500 208406 208308 208170 207737 207312 206872 206308 
        </DataArray>
        <DataArray type="Float64" Name="Temperature" format="ascii">
998.109 997.276 996.219 995.171 994.108 992.987 991.838 990.708 989.379 988.02 986.631 985.297 983.951 982.619 981.49 980.516 979.525 978.691 977.968 977.253 976.671 976.274 975.871 975.492 975.137 974.788 974.511 974.457 974.404 974.423 974.788 975.145 975.594 977.574 979.053 980.616 983.077 985.482 987.978 990.683 993.935 997.132 1000.45 1003.72 1007.01 1010.26 1013.53 1016.69 1020.36 1024.33 1028.29 1032.8 1038.3 1043.61 1049.52 1062.33 1069.96 1078.01 1087.3 1096.3 1100.62 1109.6 1118.53 1127.1 1135.81 1144.29 1152.79 1160.58 1168.3 1175.88 1182.83 1195.19 1201.49 1201.79 1206.52 1211.13 1215.68 1219.91 1224.31 1228.77 1234.01 1239.24 1244.62 1249.88 1258.83 1264.04 1265.12 1269.36 1273.51 1276.89 1279.63 1282.27 1284.72 1286.7 1288.78 1295.5 1299.66 1303.88 1311.3 1324.04 1342.44 1360.86 1381.79 1403.65 1425.63 1461.97 1494.95 1526.24 1551.36 1560.62 1566.21 1567.91 1565.03 1564.17 1563.33 1430.24 1167.93 885.017 599.356 448.185 332.272 255.773 253.201 254.648 255.709 253.128 254.879 256.448 257.829 258.825 264.276 265.319 263.439 265.213 266.809 268.16 269.285 270.156 274.913 275.862 276.606 277.895 276.2 278.009 279.718 284.931 285.742 286.244 287.719 286.116 287.937 289.506 294.952 295.84 301.879 297.933 294.716 296.666 298.589 301.169 303.201 304.863 306.207 307.64 308.934 314.605 312.826 315.067 316.964 318.452 319.709 324.844 325.675 322.777 325.09 327.276 329.407 331.724 334.035 336.014 337.725 339.229 340.28 344.773 343.522 345.958 347.997 349.571 354.601 355.74 361.584 358.539 356.502 357.515 362.246 363.677 361.325 362.941 364.342 365.995 368.169 369.941 371.37 372.541 377.109 377.864 379.359 377.823 379.404 384.519 385.992 384.326 386.374 388.028 393.55 392.478 395.167 397.384 399.201 402.864 403.606 409.165 406.728 405.092 411.094 412.697 415.587 414.868 417.237 422.829 425.293 425.118 427.601 432.874 435.148 434.844 437.464 439.503 444.798 443.876 446.523 448.56 450.053 452.005 454.74 456.773 458.172 463.855 462.502 464.944 466.748 471.866 470.161 472.449 474.247 475.496 481.002 479.99 482.207 483.85 489.112 488.24 490.904 492.981 498.014 500.501 500.265 502.708 507.719 509.848 509.692 512.194 517.198 518.571 520.898 519.729 524.043 524.881 525.656 527.121 523.504 525.964 527.938 529.364 534.796 533.296 535.645 537.305 541.506 543.594 542.963 545.282 550.147 551.991 554.436 551.792 554.608 557.618 560.088 561.939 564.505 567.362 569.689 571.413 576.397 575.881 578.607 580.807 589.998 587.306 589.656 587.226 590.509 593.235 595.499 601.281 601.045 604.012 606.57 615.211 613.813 617.063 615.984 619.952 623.528 626.599 631.446 632.964 635.011 638.054 639.661 641.081 642.407 640.463 637.404 636.752 636.46 644.975 642.185 643.957 641.612 643.956 645.934 647.484 651.425 652.591 653.723 651.103 652.881 654.265 655.303 658.711 660.008 656.741 658.543 660.698 662.496 666.495 667.77 669.331 670.828 669.091 671.33 673.209 676.831 678.225 680.223 682.133 679.834 682.25 684.536 686.924 689.408 691.536 697.187 699.638 697.675 700.161 702.965 705.451 707.566 711.312 713.037 714.366 714.879 715.698 716.527 726.875 718.511 719.983 721.769 727.231 729.206 725.808 727.938 730.291 732.433 734.343 736.543 738.332 739.776 745.363 747.699 744.046 746.737 749.386 751.776 754.119 756.584 758.57 763.216 766.351 769.568 772.676 765.467 769.15 772.705 776.762 780.656 784 787.313 790.217 792.473 803.186 807.708 812.599 793.917 798.738 804.107 809.892 816.939 823.926 831.081 837.633 843.933 849.821 854.785 858.559 861.439 862.412 856.628 849.504 846.867 849.242 851.727 854.114 856.317 858.485 860.73 863.073 865.432 867.721 869.91 872.037 874.172 876.249 878.224 880.036 882.917 884.116 885.363 886.816 886.084 887.564 889.553 891.744 893.951 895.926 897.786 899.622 901.666 903.877 906.113 908.239 910.286 912.306 914.482 916.94 919.417 921.779 923.885 925.941 927.995 929.798 931.632 933.436 935.598 937.714 939.853 941.671 943.492 945.283 947.463 949.677 951.92 953.978 956.018 958.021 960.517 963.204 965.929 968.404 970.764 973.083 975.213 977.073 978.956 981.013 983.414 985.777 987.934 989.546 991.175 992.914 995.162 997.378 999.47 1000.64 1001.82 1003.01 1004.89 1006.75 1008.65 1009.46 1010.25 1010.99 1012.93 1015 1017.1 1019 1020.89 1022.77 1024.01 1024.91 1025.79 1027.55 1030 1032.46 1035.95 1037.48 1039.06 1040.76 1042.65 1044.55 1045.2 1047.21 1049.28 1051.23 1052.75 1054.24 1055.76 1057.64 1059.56 1061.46 1062.75 1063.93 1065.1 1066.78 1068.69 1071.99 1073.78 1075.58 1077.48 1077.86 1078.97 1080.02 1081.16 1082.48 1083.86 1085.21 1086.43 1087.65 1088.95 1090.6 1093.04 1094.65 1095.51 1097.22 1099.01 1100.56 1102.04 1103.51 1105.01 1106.53 1108.15 1109.51 1110.25 1110.98 1111.14 1111.35 1111.61 1111.93 1112.44 1113.08 1113.88 1115 1116.49 1116.63 1118.95 1119.81 1120.79 1121.49 1120.96 1120.6 1120.38 1118.99 1117.59 1113.98 1112.85 1110.28 1107.88 1107.4 1109.42 1111.66 1114.7 1120.55 1129.2 1133.24 1141.59 1144.24 1146.46 1149.62 1153.42 1156.34 1155.3 1156.27 1157.05 1157.51 1157.12 1157.26 1157.46 1157.57 1157.33 1157.43 1157.27 1157.07 1156.95 1156.93 1156.95 1156.9 1156.99 1156.83 1156.9 1157.14 1157.55 1157.99 1158.56 1158.73 1159.42 1159.99 1160.72 1161.59 1162.5 1162.99 1164.02 1165.01 1165.89 1166.86 1167.91 1168.43 1168.39 1169.12 1168.37 1168.38 1168.26 1168.02 1177.15 1182.24 1186.72 1189.41 1186.45 1182.9 1177.9 1186.8 1191.61 1194.38 1195.96 1199 1193.21 1195.08 1194.01 1191.43 1189.28 1187.66 1185.77 1184.74 1183.92 1184.03 1183.79 1182.82 1183.03 1184.21 1184.73 1185.31 1185.96 1186.33 1186.24 1185.84 1185.09 1184.55 1184.8 1184.41 1188.81 1186.99 1185.24 1177.18 1179.63 1179.7 1181.23 1184.18 1184.54 1178.12 1171.32 1164.33 1159.92 1158.32 1157.53 1154.55 1146.63 1142.8 1142.32 1139.67 1138.1 1137.1 1136.13 1135.23 1134.12 1132.98 1131.74 1130.44 1129.42 1128.62 1127.49 1126.07 1124.3 1122.5 1120.38 1118.04 1115.42 1112.99 1110.35 1107.53 1104.45 1101.52 1099.18 1096.97 1094.82 1092.94 1091.7 1090.9 1090.44 1090.9 1092.4 1093.03 1094.71 1094.44 1094.78 1095.27 1095.86 1096.52 1097.07 1097.53 1098.23 1099.09 1100.15 1101.05 1101.98 1103.32 1105.12 1105.51 1102.38 1100.21 1098.91 1099 1092.97 1089.9 1087.55 1091.99 1089.95 1089.19 1089.29 1090.22 1089.97 1089.07 1087.74 1086.81 1085.3 1083.3 1081.03 1078.71 1076.2 1073.81 1071.45 1069.45 1067.1 1065.18 1063.38 1062.17 1061 1059.85 1059.17 1059.28 1059.11 1058.83 1058.87 1059.29 1060.44 1062.3 1062.14 1062.96 1057.55 1052.26 1043.11 1035.47 1028.27 1013.51 1013.6 1014.66 1015.38 1019.03 1018.36 1018.38 1018.45 1018.09 1017.18 1015.94 1014.8 1013.37 1012.01 1010.72 1009.91 1008.19 1006.4 1004.65 1002.96 1001.41 999.961 998.852 997.319 996.768 995.139 993.858 991.881 988.855 982.544 977.035 972.128 967.933 966.184 965.522 964.903 964.543 963.358 962.025 960.745 959.384 958.015 956.732 955.431 953.563 951.753 950.084 948.338 946.716 945.175 944.204 942.295 940.67 939.101 937.622 936.167 934.783 933.539 931.38 928.762 926.535 924.192 921.978 919.879 918.219 916.532 914.873 913.367 910.158 907.716 905.368 903.04 900.827 899.931 897.937 896.017 893.196 892.253 891.465 890.749 891.174 891.752 891.907 889.984 884.2 878.427 870.962 867.251 863.733 860.29 857.948 855.674 853.499 853.667 851.845 849.962 848.141 845.105 843.463 841.698 839.742 837.769 835.988 835.27 834.593 833.935 834.195 832.72 831.259 827.725 825.309 822.89 820.974 819.32 817.677 815.87 813.948 812.024 811.951 810.363 808.797 807.171 804.885 800.8 798.356 796.331 794.337 792.298 790.103 787.857 785.668 783.292 780.9 778.48 776.438 774.588 772.761 772.672 770.793 768.863 766.994 765.172 761.684 759.809 757.858 755.887 753.932 751.763 749.637 747.495 745.81 744.081 742.364 740.492 738.644 736.768 735.248 733.758 732.281 730.687 729.09 727.469 725.997 724.56 723.135 721.616 720.08 718.528 718.723 716.598 714.53 712.469 710.568 708.615 706.686 704.651 702.661 700.659 698.875 697.042 695.239 693.322 691.447 689.532 687.901 686.225 684.585 682.893 681.236 679.532 678.082 676.616 675.182 673.647 672.13 670.568 669.04 667.472 665.939 664.649 663.525 662.377 659.521 657.772 656.002 654.136 652.261 650.338 648.397 646.349 644.323 642.295 640.414 638.507 636.633 634.708 632.807 630.883 629.186 627.463 625.77 624.007 622.258 620.465 618.549 616.557 614.573 612.779 613.901 612.11 610.705 609.362 608.084 605.266 603.845 602.287 600.664 598.965 597.22 595.365 593.47 591.494 589.52 587.589 585.676 583.722 581.919 583.437 581.648 580.178 578.793 577.424 575.02 573.54 571.907 570.281 568.728 567.053 565.393 563.792 562.208 563.679 562.393 561.117 558.248 556.895 555.37 553.617 551.94 550.146 548.263 546.485 544.814 546.52 545.083 543.688 542.365 539.759 538.376 536.73 534.882 533.061 531.134 529.037 532.431 532.644 533.272 530.16 529.139 527.537 525.697 524.217 522.652 520.98 527.202 525.969 524.791 517.289 514.081 509.941 505.669 501.501 508.046 495.127 493.411 491.206 488.58 486.413 484.132 481.52 479.183 483.614 481.587 477.628 476.535 474.99 473.037 471.554 470.09 472.32 467.771 466.245 464.421 462.293 460.732 459.053 461.545 456.358 454.672 452.596 450.361 448.451 446.476 448.918 443.949 442.633 440.961 439.154 437.77 436.307 438.819 436.012 435.999 435.936 436.145 437.131 438.97 440.413 435.188 432.509 428.854 424.702 431.707 428.523 425.465 422.427 421.137 418.909 421.72 420.046 418.02 417.591 414.335 412.881 414.329 412.852 409.606 408.632 407.084 405.221 408.499 407.58 407.129 404.067 402.984 401.348 403.57 400.422 399.88 398.678 396.854 400.227 399.354 399.05 396.195 395.173 396.577 395.112 392.27 391.359 389.969 391.163 386.794 385.415 383.511 381.018 383.563 381.886 384.813 379.983 376.263 377.235 375.25 374.218 371.186 369.847 370.572 369.28 366.177 365.119 363.637 365.016 361.359 360.402 358.969 357.011 355.827 354.798 353.349 351.43 349.812 349.161 348.05 346.442 344.666 344.033 343.202 341.776 339.801 343.041 341.496 344.801 344.202 345.523 345.716 346.67 344.724 342.415 341.33 339.69 337.694 335.277 334.194 333.258 331.849 329.921 328.083 327.482 326.421 324.761 322.556 321.799 321.174 320.176 318.84 317.463 316.501 315.295 313.884 317.115 312.932 312.597 311.794 313.796 313.117 309.611 308.843 310.474 309.546 309.166 305.91 304.958 303.813 302.363 300.656 299.606 298.492 297.165 295.671 297.855 292.477 291.034 289.513 291.953 291.498 287.96 287.066 286.081 284.839 283.299 281.794 280.598 279.348 278.001 280.194 279.171 274.918 273.801 275.565 274.891 274.423 270.814 269.987 268.96 267.767 269.305 268.864 265.699 265.279 264.598 263.561 262.126 263.955 258.957 257.813 256.546 258.964 258.565 258.133 254.569 253.585 252.422 251.118 252.494 252.091 248.761 248.324 247.594 246.704 245.63 247.451 246.869 242.758 242.134 241.617 240.927 240.083 242.618 238.794 238.617 238.319 237.738 237.056 236.252 238.844 238.361 234.468 233.836 232.935 231.897 230.755 233.305 233.123 229.442 228.721 227.546 226.379 228.591 227.77 227.119 226.421 222.619 221.987 221.194 220.297 219.333 218.324 220.27 219.863 216.218 215.83 215.796 215.736 215.557 214.948 214.142 213.448 215.687 211.799 210.985 210.245 209.602 208.93 208.206 206.997 205.718 204.553 207.133 201.905 200.446 199.08 197.795 196.481 195.078 193.558 192.072 190.666 194.443 193.992 189.088 188.517 187.841 187.142 186.51 185.944 185.302 184.501 183.476 182.55 186.07 185.438 179.951 179.226 178.773 178.441 178.208 178.36 178.714 179.187 179.735 180.399 181.235 215.418 228.329 240.184 251.277 203.341 211.481 219.546 228.418 236.775 245.025 253.881 262.349 270.163 278.963 287.008 294.521 301.514 308.128 314.123 341.875 345.194 348.229 351.49 355.222 358.437 365.041 367.87 370.548 372.796 374.632 376.304 377.601 378.19 378.722 379.037 378.749 378.445 378.111 377.712 377.282 376.827 375.827 374.856 373.882 372.624 371.35 370.123 368.412 366.693 364.998 363.194 361.355 359.598 357.663 355.716 353.788 351.994 350.249 348.566 346.739 344.829 342.919 340.93 338.743 336.614 334.342 331.884 329.399 326.911 324.223 321.579 318.842 315.947 312.991 310.063 307.03 304.017 300.921 297.907 294.806 291.712 288.564 285.39 282.072 278.659 275.067 271.415 267.26 262.87 258.191 318.797 423.885 536.403 802.443 1190.26 1598.18 1864.63 1945.68 2010.37 2026.2 1966.17 1918.61 1887.5 1823.54 1763.51 1693.31 1680.35 1666.17 1651.54 1651.56 1650.77 1649.09 1647.98 1646.48 1644.5 1642.72 1640.87 1638.71 1634.67 1629.26 1623.47 1618.86 1651.36 1648.25 1621.35 1615.34 1607.67 1595.08 1571.81 1545.84 1514.26 1444.29 1374.77 1303.37 1233.39 1163.63 1096.41 1052.43 997.114 941.673 897.019 863.22 830.815 804.078 785.54 767.366 752.375 744.969 738.167 733.273 732.342 731.662 731.623 732.347 733.656 735.006 735.846 736.334 736.74 737.092 738.567 738.938 737.339 736.703 735.722 734.361 734.155 733.938 733.601 736.652 747.475 752.385 750.917 755.383 760.114 765.217 770.714 777.604 785.679 774.331 768.445 761.623 749.534 736.953 724.935 714.861 712.27 711.212 710.278 710.062 711.397 712.882 714.533 716.314 718.088 720.836 722.509 724.209 725.57 725.435 726.657 727.982 729.748 730.555 731.39 731.438 730.904 730.27 729.623 728.431 726.485 724.743 720.297 717.103 714.153 711.351 710.695 708.859 707.265 705.179 705.31 705.674 706.263 707.33 706.811 707.043 681.441 647.879 605.693 580.36 520.997 500.32 487.823 483.135 482.797 480.152 479.581 479.89 482.16 484.193 485.921 490.064 491.286 496.241 489.904 492.131 494.516 500.706 499.809 501.752 503.718 505.771 510.134 511.982 516.951 512.947 514.94 516.759 521.766 520.211 522.893 525.65 528.393 531.478 534.976 538.619 542.288 545.629 551.731 554.762 556.872 556.281 559.283 565.41 564.839 565.668 563.759 561.678 562.281 562.707 566.124 569.525 572.796 578.267 580.94 583.75 586.626 587.24 591.907 594.307 596.714 596.228 598.289 603.078 605.397 604.66 606.812 612.034 614.507 613.385 615.925 618.312 625.417 623.756 627.494 631.024 641.142 638.21 645.362 652.772 660.197 662.408 662.538 656.732 651.833 646.695 646.98 649.418 651.845 654.341 656.8 659.786 662.644 665.47 671.515 672.723 676.67 680.624 687.094 691.373 692.261 696.239 703.16 708.037 710.205 715.872 724.856 731.026 740.737 741.394 759.364 771.572 772.972 772.728 773.318 770.068 766.318 761.944 754.39 749.309 744.347 741.376 742.701 744.409 744.846 746.593 749.299 751.056 753.156 751.768 753.513 755.183 756.831 758.511 762.594 767.761 772.755 783.399 791.398 791.672 801.944 823.527 839.911 844.004 851.442 855.192 861.479 868.084 874.79 878.986 873.985 868.377 863.285 858.853 855.19 852.172 851.006 851.276 851.72 852.352 854.434 856.545 857.668 859.822 862.195 864.754 867.414 871.154 872.586 875.062 877.531 880.214 883.036 886.087 889.012 891.581 894.171 897.983 902.015 903.428 906.005 907.603 910.228 912.949 916.813 919.726 922.585 925.404 927.198 930.298 933.293 937.065 939.898 942.822 945.463 947.068 949.521 951.934 954.199 956.468 958.711 961.721 963.448 964.557 966.083 967.441 968.74 970.049 972.138 973.763 975.202 975.06 976.513 977.906 979.193 980.577 981.913 983.211 986.267 986.151 987.648 988.928 990.031 991.024 991.876 993.52 994.802 995.957 994.79 996.054 997.1 997.979 998.657 999.134 999.968 1001.13 1002.31 1003.46 1000.15 1001.17 1002.09 1003.13 1004.06 1004.83 1005.6 1006.32 1006.81 1012.13 1013.57 1008 1009.46 1010.99 1012.36 1013.62 1014.84 1015.9 1016.75 1017.57 1018.19 1018.58 1025.08 1026.41 1020.53 1023.37 1027.54 1030.97 1033.24 1034.32 1035.29 1036.07 1036 1035.92 1035.83 1036.88 1037.43 1037.91 1038.23 1038.43 1033.94 1034.21 1034.37 1034.44 1034.35 1034.13 1033.84 1033.37 1032.74 1032.06 1031.28 1030.37 1029.43 1028.36 1027.05 1025.67 1029.74 1029.17 1028.55 1027.84 1026.9 1025.84 1016.93 1016.15 1015.31 1014.37 1013.55 1012.67 1011.74 1010.82 1009.91 1008.92 1008.2 1007.57 1006.92 1006.36 1005.9 1005.41 1005.08 1004.94 1004.77 1004.58 1004.37 1004.13 1003.89 1003.62 1003.35 1003.05 1002.71 1002.35 1001.95 1001.23 1000.52 999.795 998.959 
        </DataArray>
        <DataArray type="Float64" Name="Tau1" format="ascii">
0 0 0 0 0 0 0 0 0 0 0 0 0 0 0 0 0 0 0 0 0 0 0 0 0 0 0 0 0 0 0 0 0 0 0 0 0 0 0 0 0 0 0 0 0 0 0 0 0 0 0 0 0 0 0 0 0 0 0 0 0 0 0 0 0 0 0 0 0 0 0 0 0 0 0 0 0 0 0 0 0 0 0 0 0 0 0 0 0 0 0 0 0 0 0 0 0 0 0 0 0 0 0 0 0 0 0 0 0 0 0 0 0 0 0 0 0 0 0 0 0 0 0 0 0 0 0 0 0 0 0 0 0 0 0 0 0 0 0 0 0 0 0 0 0 0 0 0 0 0 0 0 0 0 0 0 0 0 0 0 0 0 0 0 0 0 0 0 0 0 0 0 0 0 0 0 0 0 0 0 0 0 0 0 0 0 0 0 0 0 0 0 0 0 0 0 0 0 0 0 0 0 0 0 0 0 0 0 0 0 0 0 0 0 0 0 0 0 0 0 0 0 0 0 0 0 0 0 0 0 0 0 0 0 0 0 0 0 0 0 0 0 0 0 0 0 0 0 0 0 0 0 0 0 0 0 0 0 0 0 0 0 0 0 0 0 0 0 0 0 0 0 0 0 0 0 0 0 0 0 0 0 0 0 0 0 0 0 0 0 0 0 0 0 0 0 0 0 0 0 0 0 0 0 0 0 0 0 0 0 0 0 0 0 0 0 0 0 0 0 0 0 0 0 0 0 0 0 0 0 0 0 0 0 0 0 0 0 0 0 0 0 0 0 0 0 0 0 0 0 0 0 0 0 0 0 0 0 0 0 0 0 0 0 0 0 0 0 0 0 0 0 0 0 0 0 0 0 0 0 0 0 0 0 0 0 0 0 0 0 0 0 0 0 0 0 0 0 0 0 0 0 0 0 0 0 0 0 0 0 0 0 0 0 0 0 0 0 0 0 0 0 0 0 0 0 0 0 0 0 0 0 0 0 0 0 0 0 0 0 0 0 0 0 0 0 0 0 0 0 0 0 0 0 0 0 0 0 0 0 0 0 0 0 0 0 0 0 0 0 0 0 0 0 0 0 0 0 0 0 0 0 0 0 0 0 0 0 0 0 0 0 0 0 0 0 0 0 0 0 0 0 0 0 0 0 0 0 0 0 0 0 0 0 0 0 0 0 0 0 0 0 0 0 0 0 0 0 0 0 0 0 0 0 0 0 0 0 0 0 0 0 0 0 0 0 0 0 0 0 0 0 0 0 0 0 0 0 0 0 0 0 0 0 0 0 0 0 0 0 0 0 0 0 0 0 0 0 0 0 0 0 0 0 0 0 0 0 0 0 0 0 0 0 0 0 0 0 0 0 0 0 0 0 0 0 0 0 0 0 0 0 0 0 0 0 0 0 0 0 0 0 0 0 0 0 0 0 0 0 0 0 0 0 0 0 0 0 0 0 0 0 0 0 0 0 0 0 0 0 0 0 0 0 0 0 0 0 0 0 0 0 0 0 0 0 0 0 0 0 0 0 0 0 0 0 0 0 0 0 0 0 0 0 0 0 0 0 0 0 0 0 0 0 0 0 0 0 0 0 0 0 0 0 0 0 0 0 0 0 0 0 0 0 0 0 0 0 0 0 0 0 0 0 0 0 0 0 0 0 0 0 0 0 0 0 0 0 0 0 0 0 0 0 0 0 0 0 0 0 0 0 0 0 0 0 0 0 0 0 0 0 0 0 0 0 0 0 0 0 0 0 0 0 0 0 0 0 0 0 0 0 0 0 0 0 0 0 0 0 0 0 0 0 0 0 0 0 0 0 0 0 0 0 0 0 0 0 0 0 0 0 0 0 0 0 0 0 0 0 0 0 0 0 0 0 0 0 0 0 0 0 0 0 0 0 0 0 0 0 0 0 0 0 0 0 0 0 0 0 0 0 0 0 0 0 0 0 0 0 0 0 0 0 0 0 0 0 0 0 0 0 0 0 0 0 0 0 0 0 0 0 0 0 0 0 0 0 0 0 0 0 0 0 0 0 0 0 0 0 0 0 0 0 0 0 0 0 0 0 0 0 0 0 0 0 0 0 0 0 0 0 0 0 0 0 0 0 0 0 0 0 0 0 0 0 0 0 0 0 0 0 0 0 0 0 0 0 0 0 0 0 0 0 0 0 0 0 0 0 0 0 0 0 0 0 0 0 0 0 0 0 0 0 0 0 0 0 0 0 0 0 0 0 0 0 0 0 0 0 0 0 0 0 0 0 0 0 0 0 0 0 0 0 0 0 0 0 0 0 0 0 0 0 0 0 0 0 0 0 0 0 0 0 0 0 0 0 0 0 0 0 0 0 0 0 0 0 0 0 0 0 0 0 0 0 0 0 0 0 0 0 0 0 0 0 0 0 0 0 0 0 0 0 0 0 0 0 0 0 0 0 0 0 0 0 0 0 0 0 0 0 0 0 0 0 0 0 0 0 0 0 0 0 0 0 0 0 0 0 0 0 0 0 0 0 0 0 0 0 0 0 0 0 0 0 0 0 0 0 0 0 0 0 0 0 0 0 0 0 0 0 0 0 0 0 0 0 0 0 0 0 0 0 0 0 0 0 0 0 0 0 0 0 0 0 0 0 0 0 0 0 0 0 0 0 0 0 0 0 0 0 0 0 0 0 0 0 0 0 0 0 0 0 0 0 0 0 0 0 0 0 0 0 0 0 0 0 0 0 0 0 0 0 0 0 0 0 0 0 0 0 0 0 0 0 0 0 0 0 0 0 0 0 0 0 0 0 0 0 0 0 0 0 0 0 0 0 0 0 0 0 0 0 0 0 0 0 0 0 0 0 0 0 0 0 0 0 0 0 0 0 0 0 0 0 0 0 0 0 0 0 0 0 0 0 0 0 0 0 0 0 0 0 0 0 0 0 0 0 0 0 0 0 0 0 0 0 0 0 0 0 0 0 0 0 0 0 0 0 0 0 0 0 0 0 0 0 0 0 0 0 0 0 0 0 0 0 0 0 0 0 0 0 0 0 0 0 0 0 0 0 0 0 0 0 0 0 0 0 0 0 0 0 0 0 0 0 0 0 0 0 0 0 0 0 0 0 0 0 0 0 0 0 0 0 0 0 0 0 0 0 0 0 0 0 0 0 0 0 0 0 0 0 0 0 0 0 0 0 0 0 0 0 0 0 0 0 0 0 0 0 0 0 0 0 0 0 0 0 0 0 0 0 0 0 0 0 0 0 0 0 0 0 0 0 0 0 0 0 0 0 0 0 0 0 0 0 0 0 0 0 0 0 0 0 0 0 0 0 0 0 0 0 0 0 0 0 0 0 0 0 0 0 0 0 0 0 0 0 0 0 0 0 0 0 0 0 0 0 0 0 0 0 0 0 0 0 0 0 0 0 0 0 0 0 0 0 0 0 0 0 0 0 0 0 0 0 0 0 0 0 0 0 0 0 0 0 0 0 0 0 0 0 0 0 0 0 0 0 0 0 0 0 0 0 0 0 0 0 0 0 0 0 0 0 0 0 0 0 0 0 0 0 0 0 0 0 0 0 0 0 0 0 0 0 0 0 0 0 0 0 0 0 0 0 0 0 0 0 0 0 0 0 0 0 0 0 0 0 0 0 0 0 0 0 0 0 0 0 0 0 0 0 0 0 0 0 0 0 0 0 0 0 0 0 0 0 0 0 0 0 0 0 0 0 0 0 0 0 0 0 0 0 0 0 0 0 0 0 0 0 0 0 0 0 0 0 0 0 0 0 0 0 0 0 0 0 0 0 0 0 0 0 0 0 0 0 0 0 0 0 0 0 0 0 0 0 0 0 0 0 0 0 0 0 0 0 0 0 0 0 0 0 0 0 0 0 0 0 0 0 0 0 0 0 0 0 0 0 0 0 0 0 0 0 0 0 0 0 0 0 0 0 0 0 0 0 0 0 0 0 0 0 0 0 0 0 0 0 0 0 0 0 0 0 0 0 0 0 0 0 0 0 0 0 0 0 0 0 0 0 0 0 0 0 0 0 0 0 0 0 0 0 0 0 0 0 0 0 0 0 0 0 0 0 0 0 0 0 0 0 0 0 0 0 0 0 0 0 0 0 0 0 0 0 0 0 0 0 0 0 0 0 0 0 0 0 0 0 0 0 0 0 0 0 0 0 0 0 0 0 0 0 0 0 0 0 0 0 0 0 0 0 0 0 0 0 0 0 0 0 0 0 0 0 0 0 0 0 0 0 0 0 0 0 0 0 0 0 0 0 0 0 0 0 0 0 0 0 0 0 0 0 0 0 0 0 0 0 0 0 0 0 0 0 0 0 0 0 0 0 0 0 0 0 0 0 0 0 0 0 0 0 0 0 0 0 0 0 0 0 0 0 0 0 0 0 0 0 0 0 0 0 0 0 0 0 0 0 0 0 0 0 0 0 0 0 0 0 0 0 0 0 0 0 0 0 0 0 0 0 0 0 0 0 0 0 0 0 0 0 0 0 0 0 0 0 0 0 0 0 0 0 0 0 0 0 0 0 
        </DataArray>
        <DataArray type="Float64" Name="Tau2" format="ascii">
0 0 0 0 0 0 0 0 0 0 0 0 0 0 0 0 0 0 0 0 0 0 0 0 0 0 0 0 0 0 0 0 0 0 0 0 0 0 0 0 0 0 0 0 0 0 0 0 0 0 0 0 0 0 0 0 0 0 0 0 0 0 0 0 0 0 0 0 0 0 0 0 0 0 0 0 0 0 0 0 0 0 0 0 0 0 0 0 0 0 0 0 0 0 0 0 0 0 0 0 0 0 0 0 0 0 0 0 0 0 0 0 0 0 0 0 0 0 0 0 0 0 0 0 0 0 0 0 0 0 0 0 0 0 0 0 0 0 0 0 0 0 0 0 0 0 0 0 0 0 0 0 0 0 0 0 0 0 0 0 0 0 0 0 0 0 0 0 0 0 0 0 0 0 0 0 0 0 0 0 0 0 0 0 0 0 0 0 0 0 0 0 0 0 0 0 0 0 0 0 0 0 0 0 0 0 0 0 0 0 0 0 0 0 0 0 0 0 0 0 0 0 0 0 0 0 0 0 0 0 0 0 0 0 0 0 0 0 0 0 0 0 0 0 0 0 0 0 0 0 0 0 0 0 0 0 0 0 0 0 0 0 0 0 0 0 0 0 0 0 0 0 0 0 0 0 0 0 0 0 0 0 0 0 0 0 0 0 0 0 0 0 0 0 0 0 0 0 0 0 0 0 0 0 0 0 0 0 0 0 0 0 0 0 0 0 0 0 0 0 0 0 0 0 0 0 0 0 0 0 0 0 0 0 0 0 0 0 0 0 0 0 0 0 0 0 0 0 0 0 0 0 0 0 0 0 0 0 0 0 0 0 0 0 0 0 0 0 0 0 0 0 0 0 0 0 0 0 0 0 0 0 0 0 0 0 0 0 0 0 0 0 0 0 0 0 0 0 0 0 0 0 0 0 0 0 0 0 0 0 0 0 0 0 0 0 0 0 0 0 0 0 0 0 0 0 0 0 0 0 0 0 0 0 0 0 0 0 0 0 0 0 0 0 0 0 0 0 0 0 0 0 0 0 0 0 0 0 0 0 0 0 0 0 0 0 0 0 0 0 0 0 0 0 0 0 0 0 0 0 0 0 0 0 0 0 0 0 0 0 0 0 0 0 0 0 0 0 0 0 0 0 0 0 0 0 0 0 0 0 0 0 0 0 0 0 0 0 0 0 0 0 0 0 0 0 0 0 0 0 0 0 0 0 0 0 0 0 0 0 0 0 0 0 0 0 0 0 0 0 0 0 0 0 0 0 0 0 0 0 0 0 0 0 0 0 0 0 0 0 0 0 0 0 0 0 0 0 0 0 0 0 0 0 0 0 0 0 0 0 0 0 0 0 0 0 0 0 0 0 0 0 0 0 0 0 0 0 0 0 0 0 0 0 0 0 0 0 0 0 0 0 0 0 0 0 0 0 0 0 0 0 0 0 0 0 0 0 0 0 0 0 0 0 0 0 0 0 0 0 0 0 0 0 0 0 0 0 0 0 0 0 0 0 0 0 0 0 0 0 0 0 0 0 0 0 0 0 0 0 0 0 0 0 0 0 0 0 0 0 0 0 0 0 0 0 0 0 0 0 0 0 0 0 0 0 0 0 0 0 0 0 0 0 0 0 0 0 0 0 0 0 0 0 0 0 0 0 0 0 0 0 0 0 0 0 0 0 0 0 0 0 0 0 0 0 0 0 0 0 0 0 0 0 0 0 0 0 0 0 0 0 0 0 0 0 0 0 0 0 0 0 0 0 0 0 0 0 0 0 0 0 0 0 0 0 0 0 0 0 0 0 0 0 0 0 0 0 0 0 0 0 0 0 0 0 0 0 0 0 0 0 0 0 0 0 0 0 0 0 0 0 0 0 0 0 0 0 0 0 0 0 0 0 0 0 0 0 0 0 0 0 0 0 0 0 0 0 0 0 0 0 0 0 0 0 0 0 0 0 0 0 0 0 0 0 0 0 0 0 0 0 0 0 0 0 0 0 0 0 0 0 0 0 0 0 0 0 0 0 0 0 0 0 0 0 0 0 0 0 0 0 0 0 0 0 0 0 0 0 0 0 0 0 0 0 0 0 0 0 0 0 0 0 0 0 0 0 0 0 0 0 0 0 0 0 0 0 0 0 0 0 0 0 0 0 0 0 0 0 0 0 0 0 0 0 0 0 0 0 0 0 0 0 0 0 0 0 0 0 0 0 0 0 0 0 0 0 0 0 0 0 0 0 0 0 0 0 0 0 0 0 0 0 0 0 0 0 0 0 0 0 0 0 0 0 0 0 0 0 0 0 0 0 0 0 0 0 0 0 0 0 0 0 0 0 0 0 0 0 0 0 0 0 0 0 0 0 0 0 0 0 0 0 0 0 0 0 0 0 0 0 0 0 0 0 0 0 0 0 0 0 0 0 0 0 0 0 0 0 0 0 0 0 0 0 0 0 0 0 0 0 0 0 0 0 0 0 0 0 0 0 0 0 0 0 0 0 0 0 0 0 0 0 0 0 0 0 0 0 0 0 0 0 0 0 0 0 0 0 0 0 0 0 0 0 0 0 0 0 0 0 0 0 0 0 0 0 0 0 0 0 0 0 0 0 0 0 0 0 0 0 0 0 0 0 0 0 0 0 0 0 0 0 0 0 0 0 0 0 0 0 0 0 0 0 0 0 0 0 0 0 0 0 0 0 0 0 0 0 0 0 0 0 0 0 0 0 0 0 0 0 0 0 0 0 0 0 0 0 0 0 0 0 0 0 0 0 0 0 0 0 0 0 0 0 0 0 0 0 0 0 0 0 0 0 0 0 0 0 0 0 0 0 0 0 0 0 0 0 0 0 0 0 0 0 0 0 0 0 0 0 0 0 0 0 0 0 0 0 0 0 0 0 0 0 0 0 0 0 0 0 0 0 0 0 0 0 0 0 0 0 0 0 0 0 0 0 0 0 0 0 0 0 0 0 0 0 0 0 0 0 0 0 0 0 0 0 0 0 0 0 0 0 0 0 0 0 0 0 0 0 0 0 0 0 0 0 0 0 0 0 0 0 0 0 0 0 0 0 0 0 0 0 0 0 0 0 0 0 0 0 0 0 0 0 0 0 0 0 0 0 0 0 0 0 0 0 0 0 0 0 0 0 0 0 0 0 0 0 0 0 0 0 0 0 0 0 0 0 0 0 0 0 0 0 0 0 0 0 0 0 0 0 0 0 0 0 0 0 0 0 0 0 0 0 0 0 0 0 0 0 0 0 0 0 0 0 0 0 0 0 0 0 0 0 0 0 0 0 0 0 0 0 0 0 0 0 0 0 0 0 0 0 0 0 0 0 0 0 0 0 0 0 0 0 0 0 0 0 0 0 0 0 0 0 0 0 0 0 0 0 0 0 0 0 0 0 0 0 0 0 0 0 0 0 0 0 0 0 0 0 0 0 0 0 0 0 0 0 0 0 0 0 0 0 0 0 0 0 0 0 0 0 0 0 0 0 0 0 0 0 0 0 0 0 0 0 0 0 0 0 0 0 0 0 0 0 0 0 0 0 0 0 0 0 0 0 0 0 0 0 0 0 0 0 0 0 0 0 0 0 0 0 0 0 0 0 0 0 0 0 0 0 0 0 0 0 0 0 0 0 0 0 0 0 0 0 0 0 0 0 0 0 0 0 0 0 0 0 0 0 0 0 0 0 0 0 0 0 0 0 0 0 0 0 0 0 0 0 0 0 0 0 0 0 0 0 0 0 0 0 0 0 0 0 0 0 0 0 0 0 0 0 0 0 0 0 0 0 0 0 0 0 0 0 0 0 0 0 0 0 0 0 0 0 0 0 0 0 0 0 0 0 0 0 0 0 0 0 0 0 0 0 0 0 0 0 0 0 0 0 0 0 0 0 0 0 0 0 0 0 0 0 0 0 0 0 0 0 0 0 0 0 0 0 0 0 0 0 0 0 0 0 0 0 0 0 0 0 0 0 0 0 0 0 0 0 0 0 0 0 0 0 0 0 0 0 0 0 0 0 0 0 0 0 0 0 0 0 0 0 0 0 0 0 0 0 0 0 0 0 0 0 0 0 0 0 0 0 0 0 0 0 0 0 0 0 0 0 0 0 0 0 0 0 0 0 0 0 0 0 0 0 0 0 0 0 0 0 0 0 0 0 0 0 0 0 0 0 0 0 0 0 0 0 0 0 0 0 0 0 0 0 0 0 0 0 0 0 0 0 0 0 0 0 0 0 0 0 0 0 0 0 0 0 0 0 0 0 0 0 0 0 0 0 0 0 0 0 0 0 0 0 0 0 0 0 0 0 0 0 0 0 0 0 0 0 0 0 0 0 0 0 0 0 0 0 0 0 0 0 0 0 0 0 0 0 0 0 0 0 0 0 0 0 0 0 0 0 0 0 0 0 0 0 0 0 0 0 0 0 0 0 0 0 0 0 0 0 0 0 0 0 0 0 0 0 0 0 0 0 0 0 0 0 0 0 0 0 0 0 0 0 0 0 0 0 0 0 0 0 0 0 0 0 0 0 0 0 
        </DataArray>
        <DataArray type="Float64" Name="dTdn" format="ascii">
0 0 0 0 0 0 0 0 0 0 0 0 0 0 0 0 0 0 0 0 0 0 0 0 0 0 0 0 0 0 0 0 0 0 0 0 0 0 0 0 0 0 0 0 0 0 0 0 0 0 0 0 0 0 0 0 0 0 0 0 0 0 0 0 0 0 0 0 0 0 0 0 0 0 0 0 0 0 0 0 0 0 0 0 0 0 0 0 0 0 0 0 0 0 0 0 0 0 0 0 0 0 0 0 0 0 0 0 0 0 0 0 0 0 0 0 0 0 0 0 0 0 0 0 0 0 0 0 0 0 0 0 0 0 0 0 0 0 0 0 0 0 0 0 0 0 0 0 0 0 0 0 0 0 0 0 0 0 0 0 0 0 0 0 0 0 0 0 0 0 0 0 0 0 0 0 0 0 0 0 0 0 0 0 0 0 0 0 0 0 0 0 0 0 0 0 0 0 0 0 0 0 0 0 0 0 0 0 0 0 0 0 0 0 0 0 0 0 0 0 0 0 0 0 0 0 0 0 0 0 0 0 0 0 0 0 0 0 0 0 0 0 0 0 0 0 0 0 0 0 0 0 0 0 0 0 0 0 0 0 0 0 0 0 0 0 0 0 0 0 0 0 0 0 0 0 0 0 0 0 0 0 0 0 0 0 0 0 0 0 0 0 0 0 0 0 0 0 0 0 0 0 0 0 0 0 0 0 0 0 0 0 0 0 0 0 0 0 0 0 0 0 0 0 0 0 0 0 0 0 0 0 0 0 0 0 0 0 0 0 0 0 0 0 0 0 0 0 0 0 0 0 0 0 0 0 0 0 0 0 0 0 0 0 0 0 0 0 0 0 0 0 0 0 0 0 0 0 0 0 0 0 0 0 0 0 0 0 0 0 0 0 0 0 0 0 0 0 0 0 0 0 0 0 0 0 0 0 0 0 0 0 0 0 0 0 0 0 0 0 0 0 0 0 0 0 0 0 0 0 0 0 0 0 0 0 0 0 0 0 0 0 0 0 0 0 0 0 0 0 0 0 0 0 0 0 0 0 0 0 0 0 0 0 0 0 0 0 0 0 0 0 0 0 0 0 0 0 0 0 0 0 0 0 0 0 0 0 0 0 0 0 0 0 0 0 0 0 0 0 0 0 0 0 0 0 0 0 0 0 0 0 0 0 0 0 0 0 0 0 0 0 0 0 0 0 0 0 0 0 0 0 0 0 0 0 0 0 0 0 0 0 0 0 0 0 0 0 0 0 0 0 0 0 0 0 0 0 0 0 0 0 0 0 0 0 0 0 0 0 0 0 0 0 0 0 0 0 0 0 0 0 0 0 0 0 0 0 0 0 0 0 0 0 0 0 0 0 0 0 0 0 0 0 0 0 0 0 0 0 0 0 0 0 0 0 0 0 0 0 0 0 0 0 0 0 0 0 0 0 0 0 0 0 0 0 0 0 0 0 0 0 0 0 0 0 0 0 0 0 0 0 0 0 0 0 0 0 0 0 0 0 0 0 0 0 0 0 0 0 0 0 0 0 0 0 0 0 0 0 0 0 0 0 0 0 0 0 0 0 0 0 0 0 0 0 0 0 0 0 0 0 0 0 0 0 0 0 0 0 0 0 0 0 0 0 0 0 0 0 0 0 0 0 0 0 0 0 0 0 0 0 0 0 0 0 0 0 0 0 0 0 0 0 0 0 0 0 0 0 0 0 0 0 0 0 0 0 0 0 0 0 0 0 0 0 0 0 0 0 0 0 0 0 0 0 0 0 0 0 0 0 0 0 0 0 0 0 0 0 0 0 0 0 0 0 0 0 0 0 0 0 0 0 0 0 0 0 0 0 0 0 0 0 0 0 0 0 0 0 0 0 0 0 0 0 0 0 0 0 0 0 0 0 0 0 0 0 0 0 0 0 0 0 0 0 0 0 0 0 0 0 0 0 0 0 0 0 0 0 0 0 0 0 0 0 0 0 0 0 0 0 0 0 0 0 0 0 0 0 0 0 0 0 0 0 0 0 0 0 0 0 0 0 0 0 0 0 0 0 0 0 0 0 0 0 0 0 0 0 0 0 0 0 0 0 0 0 0 0 0 0 0 0 0 0 0 0 0 0 0 0 0 0 0 0 0 0 0 0 0 0 0 0 0 0 0 0 0 0 0 0 0 0 0 0 0 0 0 0 0 0 0 0 0 0 0 0 0 0 0 0 0 0 0 0 0 0 0 0 0 0 0 0 0 0 0 0 0 0 0 0 0 0 0 0 0 0 0 0 0 0 0 0 0 0 0 0 0 0 0 0 0 0 0 0 0 0 0 0 0 0 0 0 0 0 0 0 0 0 0 0 0 0 0 0 0 0 0 0 0 0 0 0 0 0 0 0 0 0 0 0 0 0 0 0 0 0 0 0 0 0 0 0 0 0 0 0 0 0 0 0 0 0 0 0 0 0 0 0 0 0 0 0 0 0 0 0 0 0 0 0 0 0 0 0 0 0 0 0 0 0 0 0 0 0 0 0 0 0 0 0 0 0 0 0 0 0 0 0 0 0 0 0 0 0 0 0 0 0 0 0 0 0 0 0 0 0 0 0 0 0 0 0 0 0 0 0 0 0 0 0 0 0 0 0 0 0 0 0 0 0 0 0 0 0 0 0 0 0 0 0 0 0 0 0 0 0 0 0 0 0 0 0 0 0 0 0 0 0 0 0 0 0 0 0 0 0 0 0 0 0 0 0 0 0 0 0 0 0 0 0 0 0 0 0 0 0 0 0 0 0 0 0 0 0 0 0 0 0 0 0 0 0 0 0 0 0 0 0 0 0 0 0 0 0 0 0 0 0 0 0 0 0 0 0 0 0 0 0 0 0 0 0 0 0 0 0 0 0 0 0 0 0 0 0 0 0 0 0 0 0 0 0 0 0 0 0 0 0 0 0 0 0 0 0 0 0 0 0 0 0 0 0 0 0 0 0 0 0 0 0 0 0 0 0 0 0 0 0 0 0 0 0 0 0 0 0 0 0 0 0 0 0 0 0 0 0 0 0 0 0 0 0 0 0 0 0 0 0 0 0 0 0 0 0 0 0 0 0 0 0 0 0 0 0 0 0 0 0 0 0 0 0 0 0 0 0 0 0 0 0 0 0 0 0 0 0 0 0 0 0 0 0 0 0 0 0 0 0 0 0 0 0 0 0 0 0 0 0 0 0 0 0 0 0 0 0 0 0 0 0 0 0 0 0 0 0 0 0 0 0 0 0 0 0 0 0 0 0 0 0 0 0 0 0 0 0 0 0 0 0 0 0 0 0 0 0 0 0 0 0 0 0 0 0 0 0 0 0 0 0 0 0 0 0 0 0 0 0 0 0 0 0 0 0 0 0 0 0 0 0 0 0 0 0 0 0 0 0 0 0 0 0 0 0 0 0 0 0 0 0 0 0 0 0 0 0 0 0 0 0 0 0 0 0 0 0 0 0 0 0 0 0 0 0 0 0 0 0 0 0 0 0 0 0 0 0 0 0 0 0 0 0 0 0 0 0 0 0 0 0 0 0 0 0 0 0 0 0 0 0 0 0 0 0 0 0 0 0 0 0 0 0 0 0 0 0 0 0 0 0 0 0 0 0 0 0 0 0 0 0 0 0 0 0 0 0 0 0 0 0 0 0 0 0 0 0 0 0 0 0 0 0 0 0 0 0 0 0 0 0 0 0 0 0 0 0 0 0 0 0 0 0 0 0 0 0 0 0 0 0 0 0 0 0 0 0 0 0 0 0 0 0 0 0 0 0 0 0 0 0 0 0 0 0 0 0 0 0 0 0 0 0 0 0 0 0 0 0 0 0 0 0 0 0 0 0 0 0 0 0 0 0 0 0 0 0 0 0 0 0 0 0 0 0 0 0 0 0 0 0 0 0 0 0 0 0 0 0 0 0 0 0 0 0 0 0 0 0 0 0 0 0 0 0 0 0 0 0 0 0 0 0 0 0 0 0 0 0 0 0 0 0 0 0 0 0 0 0 0 0 0 0 0 0 0 0 0 0 0 0 0 0 0 0 0 0 0 0 0 0 0 0 0 0 0 0 0 0 0 0 0 0 0 0 0 0 0 0 0 0 0 0 0 0 0 0 0 0 0 0 0 0 0 0 0 0 0 0 0 0 0 0 0 0 0 0 0 0 0 0 0 0 0 0 0 0 0 0 0 0 0 0 0 0 0 0 0 0 0 0 0 0 0 0 0 0 0 0 0 0 0 0 0 0 0 0 0 0 0 0 0 0 0 0 0 0 0 0 0 0 0 0 0 0 0 0 0 0 0 0 0 0 0 0 0 0 0 0 0 0 0 0 0 0 0 0 0 0 0 0 0 0 0 0 0 0 0 0 0 0 0 0 0 0 0 0 0 0 0 0 0 0 0 0 0 0 0 0 0 0 0 0 0 0 0 0 0 0 0 0 0 0 0 0 0 0 0 0 0 0 0 0 0 0 0 0 0 0 0 0 0 0 0 0 0 0 0 0 0 0 0 0 0 0 0 0 0 0 
        </DataArray>
        <DataArray type="Int32" Name="Rank" format="ascii">
8 8 8 8 8 8 8 8 8 8 8 8 8 8 8 8 8 8 8 8 8 8 8 8 8 8 8 8 8 8 8 8 8 8 8 8 8 8 8 8 8 8 8 8 8 8 8 8 8 8 8 8 8 8 8 8 8 8 8 8 8 8 8 8 8 8 8 8 8 8 8 8 8 8 8 8 8 8 8 8 8 8 8 8 8 8 8 8 8 8 8 8 8 8 8 8 8 8 8 8 8 8 8 8 8 8 8 8 8 8 8 8 8 8 8 8 8 8 8 8 8 8 8 8 8 8 8 8 8 8 8 8 8 8 8 8 8 8 8 8 8 8 8 8 8 8 8 8 8 8 8 8 8 8 8 8 8 8 8 8 8 8 8 8 8 8 8 8 8 8 8 8 8 8 8 8 8 8 8 8 8 8 8 8 8 8 8 8 8 8 8 8 8 8 8 8 8 8 8 8 8 8 8 8 8 8 8 8 8 8 8 8 8 8 8 1 1 1 1 1 1 1 1 1 1 1 1 1 1 1 1 1 1 1 1 1 1 1 1 1 1 1 1 1 1 1 1 1 1 1 1 1 1 1 1 1 1 1 1 1 1 1 1 1 1 1 1 1 1 1 1 1 1 1 1 1 1 1 1 1 1 1 1 1 1 8 8 8 8 8 8 8 8 8 8 8 8 8 8 8 8 8 8 8 8 8 8 8 8 8 8 8 8 8 8 8 8 8 8 8 8 8 8 8 8 8 8 8 8 6 6 6 6 8 8 8 8 8 8 8 8 8 8 8 8 8 8 8 8 8 8 8 8 8 8 8 8 8 8 8 8 8 8 8 8 8 8 8 8 8 8 8 8 8 8 8 8 8 8 8 8 8 8 8 8 8 8 6 8 8 8 8 8 8 8 8 8 8 8 8 8 8 8 8 8 8 8 8 8 8 8 8 8 8 8 8 8 8 8 8 8 8 8 8 8 8 8 8 8 8 8 8 8 8 8 8 8 8 8 8 8 8 8 8 8 8 8 8 8 8 8 8 8 8 8 8 8 8 8 8 8 8 8 8 8 8 8 8 8 8 8 8 8 8 8 8 8 8 8 8 8 8 8 8 8 8 8 8 8 8 8 8 8 8 8 8 8 8 8 8 8 8 8 8 8 8 8 8 8 8 8 8 8 8 8 8 8 8 8 8 8 8 8 8 8 8 8 8 8 8 8 8 8 8 8 8 8 8 8 8 8 8 8 8 8 8 8 8 8 8 8 8 8 8 8 8 8 8 8 8 8 8 8 8 8 8 8 8 8 8 8 8 8 8 8 8 8 8 8 8 8 8 8 8 8 8 8 8 8 8 8 8 8 8 8 8 8 8 8 8 8 8 8 8 8 8 8 8 8 8 8 8 8 8 8 8 8 8 8 8 8 8 8 8 8 8 8 8 8 8 8 8 8 8 8 8 8 8 8 8 8 8 8 8 8 8 8 8 8 8 8 8 8 8 8 8 8 8 8 8 8 8 8 8 8 8 8 8 8 8 8 8 8 8 8 8 8 8 8 8 8 8 8 8 8 8 8 8 8 8 8 8 8 8 8 8 8 8 8 8 8 8 8 8 8 8 8 8 8 8 8 8 8 8 8 8 8 8 8 8 8 8 8 8 8 8 8 8 8 8 8 8 8 8 8 8 8 8 8 8 8 8 8 8 8 8 8 8 8 8 8 8 8 8 8 8 8 8 8 8 8 8 8 8 8 8 8 8 8 8 8 8 8 8 8 8 8 8 8 8 8 8 8 8 8 8 8 8 8 8 8 8 8 8 8 8 8 8 8 8 8 8 8 8 8 8 8 8 8 8 8 8 8 8 8 8 8 8 8 8 8 8 8 8 8 8 8 8 8 8 8 8 8 8 8 8 8 8 8 8 8 8 8 8 8 8 8 8 8 8 8 8 8 8 8 8 8 8 8 8 8 8 8 8 8 8 8 8 8 8 8 8 8 8 8 8 8 8 8 8 8 8 8 8 8 8 8 8 8 8 8 8 8 8 8 8 8 8 8 8 8 8 8 8 8 8 8 8 8 8 8 8 8 8 8 8 8 8 8 8 8 8 8 8 8 8 8 8 8 8 8 8 8 8 8 8 8 8 8 8 8 8 8 8 8 8 8 8 8 8 8 8 8 8 8 8 8 8 8 8 8 8 8 8 8 8 8 8 8 8 8 8 8 8 8 3 3 3 3 3 3 3 3 3 3 3 3 3 3 3 3 3 3 3 3 3 3 3 3 3 3 3 3 3 3 3 3 3 3 3 3 3 3 3 3 3 3 3 3 3 3 3 3 3 3 3 3 3 3 3 3 3 3 3 3 3 3 3 3 3 3 3 3 3 3 3 3 3 3 3 3 3 3 3 3 3 3 3 3 3 3 3 3 3 3 3 3 3 3 3 3 3 3 3 3 3 3 3 3 3 3 3 3 3 3 3 3 3 3 3 3 3 3 3 3 3 3 3 3 3 3 3 3 3 3 3 3 3 3 3 3 3 3 3 3 3 3 3 3 3 3 3 3 3 3 3 3 3 3 3 3 3 3 3 3 3 3 3 3 3 3 3 3 3 3 3 3 3 3 3 3 3 3 3 3 3 3 3 3 3 3 3 3 3 3 3 3 3 3 3 3 3 3 3 3 3 3 3 3 3 3 3 3 3 3 3 3 3 3 3 3 3 3 3 3 3 3 3 3 3 3 3 3 3 3 3 3 3 3 3 3 3 3 3 3 3 3 3 3 3 3 3 3 3 3 3 3 3 3 3 3 3 3 3 3 3 3 3 3 3 3 3 3 3 3 3 3 3 3 3 3 3 3 3 3 3 3 3 3 3 3 3 3 3 3 3 3 3 3 3 3 3 3 3 3 3 3 3 3 3 3 3 3 3 3 3 3 3 3 3 3 3 3 3 3 3 3 3 3 3 3 3 3 3 3 3 3 3 3 3 3 3 3 3 3 3 3 3 3 3 3 3 3 3 3 3 3 3 3 3 3 3 3 3 3 3 3 3 3 3 3 3 3 3 3 3 3 3 3 3 3 3 3 3 3 3 3 3 3 3 3 3 3 3 3 3 3 3 3 3 3 3 3 3 3 3 3 3 3 3 3 3 3 3 3 3 3 3 3 3 3 3 3 3 3 3 3 3 3 3 3 3 3 3 3 3 3 3 3 3 3 3 3 3 3 3 3 3 3 3 3 3 3 3 3 3 3 3 3 3 3 3 3 3 3 3 3 3 3 3 3 3 3 3 3 3 3 3 3 3 3 3 3 3 3 3 3 3 3 3 3 3 3 3 3 3 3 3 3 3 3 3 3 3 3 3 3 3 3 3 3 3 3 3 3 3 3 3 3 3 3 3 3 3 3 3 3 3 3 3 3 3 3 3 3 3 3 3 3 3 3 3 3 3 3 3 3 3 3 3 3 3 3 3 3 3 3 3 3 3 3 3 3 3 3 3 3 3 3 3 3 3 3 3 3 3 3 3 3 3 3 3 3 3 3 3 3 3 3 3 3 3 3 3 3 3 3 3 3 3 3 3 3 3 3 3 3 3 3 3 3 3 3 3 3 3 3 3 3 3 3 3 3 3 3 3 3 3 3 3 3 3 3 3 3 3 3 3 3 3 3 3 3 3 3 3 3 3 3 3 3 3 3 3 3 3 3 3 3 3 3 3 3 3 3 3 3 3 3 3 3 3 3 3 3 3 3 3 3 3 3 3 3 3 3 3 3 3 3 3 3 3 3 3 3 3 3 3 3 3 3 3 3 3 3 3 3 3 3 3 3 3 3 3 3 3 3 3 3 3 3 3 3 3 3 3 3 3 3 3 3 3 3 3 3 3 3 3 3 3 3 3 3 3 3 3 3 3 3 3 3 3 3 3 3 3 3 3 3 3 3 3 3 3 3 3 3 3 3 3 3 3 3 3 3 3 3 3 3 3 3 3 3 3 3 3 3 3 3 3 3 3 3 3 3 3 3 3 3 3 3 3 3 3 3 3 3 3 3 3 3 3 3 3 3 3 3 3 3 3 3 3 3 3 3 3 3 3 3 3 3 3 3 3 3 3 3 3 3 3 3 3 3 3 3 3 3 3 3 3 3 3 3 3 3 3 3 3 3 3 3 3 3 3 3 3 3 3 3 3 3 3 3 3 3 3 3 3 3 3 3 3 3 3 3 3 3 3 3 3 3 3 3 3 3 3 3 3 3 3 3 3 3 3 3 3 3 3 3 3 3 3 3 3 3 3 3 3 3 3 3 3 3 3 3 3 3 3 3 3 3 3 3 3 3 3 3 3 3 3 3 3 3 3 3 3 3 3 3 3 3 3 3 3 3 3 3 3 3 3 3 3 3 3 3 3 3 3 3 3 3 3 3 3 3 3 3 3 3 3 3 3 3 3 3 3 3 3 3 3 3 3 3 3 3 3 3 3 3 3 3 3 3 3 3 3 3 3 3 3 3 3 3 3 3 3 3 3 3 3 3 3 3 3 3 3 3 3 3 3 
        </DataArray>
        <DataArray type="Int32" Name="Level" format="ascii">
4 4 4 4 4 4 4 4 4 4 4 4 4 4 4 4 4 4 4 4 4 4 4 4 4 4 4 4 4 4 4 4 4 4 4 4 4 4 4 4 4 4 4 4 4 4 4 4 4 4 4 4 4 4 4 4 4 4 4 4 4 4 4 4 4 4 4 4 4 4 4 4 4 4 4 4 4 4 4 4 4 4 4 4 4 4 4 4 4 4 4 4 4 4 4 4 4 4 4 4 4 4 4 4 4 4 4 4 4 4 4 4 4 4 4 4 4 4 4 4 4 4 4 4 4 4 4 4 4 4 4 4 4 4 4 4 4 4 4 4 4 4 4 4 4 4 4 4 4 4 4 4 4 4 4 4 4 4 4 4 4 4 4 4 4 4 4 4 4 4 4 4 4 4 4 4 4 4 4 4 4 4 4 4 4 4 4 4 4 4 4 4 4 4 4 4 4 4 4 4 4 4 4 4 4 4 4 4 4 4 4 4 4 4 4 4 4 4 4 4 4 4 4 4 4 4 4 4 4 4 4 4 4 4 4 4 4 4 4 4 4 4 4 4 4 4 4 4 4 4 4 4 4 4 4 4 4 4 4 4 4 4 4 4 4 4 4 4 4 4 4 4 4 4 4 4 4 4 4 4 4 4 4 4 4 4 4 4 4 4 4 4 4 4 4 4 4 4 4 4 4 4 4 4 4 4 4 4 4 4 4 4 4 4 4 4 4 4 4 4 4 4 4 4 4 4 4 4 4 3 3 3 3 4 4 4 4 4 4 4 4 4 4 4 4 4 4 4 4 4 4 4 4 4 4 4 4 4 4 4 4 4 4 4 4 4 4 4 4 4 4 4 4 4 4 4 4 4 4 4 4 4 4 4 4 4 4 3 4 4 4 4 4 4 4 4 4 4 4 4 4 4 4 4 4 4 4 4 4 4 4 4 4 4 4 4 4 4 4 4 4 4 4 4 4 4 4 4 4 4 4 4 4 4 4 4 4 4 4 4 4 4 4 4 4 4 4 4 4 4 4 4 4 4 4 4 4 4 4 4 4 4 4 4 4 4 4 4 4 4 4 4 4 4 4 4 4 4 4 4 4 4 4 4 4 4 4 4 4 4 4 4 4 4 4 4 4 4 4 4 4 4 4 4 4 4 4 4 4 4 4 4 4 4 4 4 4 4 4 4 4 4 4 4 4 4 4 4 4 4 4 4 4 4 4 4 4 4 4 4 4 4 4 4 4 4 4 4 4 4 4 4 4 4 4 4 4 4 4 4 4 4 4 4 4 4 4 4 4 4 4 4 4 4 4 4 4 4 4 4 4 4 4 4 4 4 4 4 4 4 4 4 4 4 4 4 4 4 4 4 4 4 4 4 4 4 4 4 4 4 4 4 4 4 4 4 4 4 4 4 4 4 4 4 4 4 4 4 4 4 4 4 4 4 4 4 4 4 4 4 4 4 4 4 4 4 4 4 4 4 4 4 4 4 4 4 4 4 4 4 4 4 4 4 4 4 4 4 4 4 4 4 4 4 4 4 4 4 4 4 4 4 4 4 4 4 4 4 4 4 4 4 4 4 4 4 4 4 4 4 4 4 4 4 4 4 4 4 4 4 4 4 4 4 4 4 4 4 4 4 4 4 4 4 4 4 4 4 4 4 4 4 4 4 4 4 4 4 4 4 4 4 4 4 4 4 4 4 4 4 4 4 4 4 4 4 4 4 4 4 4 4 4 4 4 4 4 4 4 4 4 4 4 4 4 4 4 4 4 4 4 4 4 4 4 4 4 4 4 4 4 4 4 4 4 4 4 4 4 4 4 4 4 4 4 4 4 4 4 4 4 4 4 4 4 4 4 4 4 4 4 4 4 4 4 4 4 4 4 4 4 4 4 4 4 4 4 4 4 4 4 4 4 4 4 4 4 4 4 4 4 4 4 4 4 4 4 4 4 4 4 4 4 4 4 4 4 4 4 4 4 4 4 4 4 4 4 4 4 4 4 4 4 4 4 4 4 4 4 4 4 4 4 4 4 4 4 4 4 4 4 4 4 4 4 4 4 4 4 4 4 4 4 4 4 4 4 4 4 4 4 4 4 4 4 4 4 4 4 4 4 4 4 4 4 4 4 4 4 4 4 4 4 4 4 4 4 4 4 4 4 4 4 4 4 4 4 4 4 4 4 4 4 4 4 4 4 4 4 4 4 4 4 4 4 4 4 4 4 4 4 4 4 4 4 4 4 4 4 4 4 4 4 4 4 4 4 4 4 4 4 4 4 4 4 4 4 4 4 4 4 4 4 4 4 4 4 4 4 4 4 4 4 4 4 4 4 4 4 4 4 4 4 4 4 4 4 4 4 4 4 4 4 4 4 4 4 4 4 4 4 4 4 4 4 4 4 4 4 4 4 4 4 4 4 4 4 4 4 4 4 4 4 4 4 4 4 4 4 4 4 4 4 4 4 4 4 4 4 4 4 4 4 4 4 4 4 4 4 4 4 4 4 4 4 4 4 4 4 4 4 4 4 4 4 4 4 4 4 4 4 4 4 4 4 4 4 4 4 4 4 4 4 4 4 4 4 4 4 4 4 4 4 4 4 4 4 4 4 4 4 4 4 4 4 4 4 4 4 4 4 4 4 4 4 4 4 4 4 4 4 4 4 4 4 4 4 4 4 4 4 4 4 4 4 4 4 4 4 4 4 4 4 4 4 4 4 4 4 4 4 4 4 4 4 4 4 4 4 4 4 4 4 4 4 4 4 4 4 4 4 4 4 4 4 4 4 4 4 4 4 4 4 4 4 4 4 4 4 4 4 4 4 4 4 4 4 4 4 4 4 4 4 4 4 4 4 4 4 4 4 4 4 4 4 4 4 4 4 4 4 4 4 4 4 4 4 4 4 4 4 4 4 4 4 4 4 4 4 4 4 4 4 4 4 4 4 4 4 4 4 4 4 4 4 4 4 4 4 4 4 4 4 4 4 4 4 4 4 4 4 4 4 4 4 4 4 4 4 4 4 4 4 4 4 4 4 4 4 4 4 4 4 4 4 4 4 4 4 4 4 4 4 4 4 4 4 4 4 4 4 4 4 4 4 4 4 4 4 4 4 4 4 4 4 4 4 4 4 4 4 4 4 4 4 4 4 4 4 4 4 4 4 4 4 4 4 4 4 4 4 4 4 4 4 4 4 4 4 4 4 4 4 4 4 4 4 4 4 4 4 4 4 4 4 4 4 4 4 4 4 4 4 4 4 4 4 4 4 4 4 4 4 4 4 4 4 4 4 4 4 4 4 4 4 4 4 4 4 4 4 4 4 4 4 4 4 4 4 4 4 4 4 4 4 4 4 4 4 4 4 4 4 4 4 4 4 4 4 4 4 4 4 4 4 4 4 4 4 4 4 4 4 4 4 4 4 4 4 4 4 4 4 4 4 4 4 4 4 4 4 4 4 4 4 4 4 4 4 4 4 4 4 4 4 4 4 4 4 4 4 4 4 4 4 4 4 4 4 4 4 4 4 4 4 4 4 4 4 4 4 4 4 4 4 4 4 4 4 4 4 4 4 4 4 4 4 4 4 4 4 4 4 4 4 4 4 4 4 4 4 4 4 4 4 4 4 4 4 4 4 4 4 4 4 4 4 4 4 4 4 4 4 4 4 4 4 4 4 4 4 4 4 4 4 4 4 4 4 4 4 4 4 4 4 4 4 4 4 4 4 4 4 4 4 4 4 4 4 4 4 4 4 4 4 4 4 4 4 4 4 4 4 4 4 4 4 4 4 4 4 4 4 4 4 4 4 4 4 4 4 4 4 4 4 4 4 4 4 4 4 4 4 4 4 4 4 4 4 4 4 4 4 4 4 4 4 4 4 4 4 4 4 4 4 4 4 4 4 4 4 4 4 4 4 4 4 4 4 4 4 4 4 4 4 4 4 4 4 4 4 4 4 4 4 4 4 4 4 4 4 4 4 4 4 4 4 4 4 4 4 4 4 4 4 4 4 4 4 4 4 4 4 4 4 4 4 4 4 4 4 4 4 4 4 4 4 4 4 4 4 4 4 4 4 4 4 4 4 4 4 4 4 4 4 4 4 4 4 4 4 4 4 4 4 4 4 4 4 4 4 4 4 4 4 4 4 4 4 4 4 4 4 4 4 4 4 4 4 4 4 4 4 4 4 4 4 4 4 4 4 4 4 4 4 4 4 4 4 4 4 4 4 4 4 4 4 4 4 4 4 4 4 4 4 4 4 4 4 4 4 4 4 4 4 4 4 4 4 4 4 4 4 4 4 4 4 4 4 4 4 4 4 4 4 4 4 4 4 4 4 4 4 4 4 4 4 4 4 4 4 4 4 4 4 4 4 4 4 4 4 4 4 4 4 4 4 4 4 4 4 4 4 4 4 4 4 4 4 4 4 4 4 4 4 4 4 4 4 4 4 4 4 4 4 4 4 4 4 4 4 4 4 4 4 4 4 4 4 4 4 4 4 4 4 4 4 4 4 4 4 4 4 4 4 4 4 4 4 4 
        </DataArray>
        <DataArray type="Int32" Name="N_Interp_IP0" format="ascii">
4 4 4 4 4 4 4 4 4 4 4 4 4 4 4 4 4 4 4 4 4 4 4 4 4 4 4 4 4 4 4 4 4 4 4 4 4 4 4 4 4 4 4 4 4 4 4 4 4 4 4 4 4 4 4 4 4 4 4 4 4 4 4 4 4 4 4 4 4 4 4 4 4 4 4 4 4 4 4 4 4 4 4 4 4 4 4 4 4 4 4 4 4 4 4 4 4 4 4 4 4 4 4 4 4 4 4 4 4 4 4 4 4 4 4 4 4 4 4 4 4 4 4 4 4 4 4 4 4 4 4 4 4 4 4 4 4 4 4 4 4 4 4 4 4 4 4 4 4 4 4 4 4 4 4 4 4 4 4 4 4 4 4 4 4 4 4 4 4 4 4 4 4 4 4 4 4 4 4 4 4 4 4 4 4 4 4 4 4 4 4 4 4 4 4 4 4 4 4 4 4 4 4 4 4 4 4 4 4 4 4 4 4 4 4 4 4 4 4 4 4 4 4 4 4 4 4 4 4 4 4 4 4 4 4 4 4 4 4 4 4 4 4 4 4 4 4 4 4 4 4 4 4 4 4 4 4 4 4 4 4 4 4 4 4 4 4 4 4 4 4 4 4 4 4 4 4 4 4 4 4 4 4 4 4 4 4 4 4 4 4 4 4 4 4 4 4 4 4 4 4 4 4 4 4 4 4 4 4 4 4 4 4 4 4 4 4 4 4 4 4 4 4 4 4 4 4 4 4 4 4 4 4 4 4 4 4 4 4 4 4 4 4 4 4 4 4 4 4 4 4 4 4 4 4 4 4 4 4 4 4 4 4 4 4 4 4 4 4 4 4 4 4 4 4 4 4 4 4 4 4 4 4 4 4 4 4 4 4 4 4 4 4 4 4 4 4 4 4 4 4 4 4 4 4 4 4 4 4 4 4 4 4 4 4 4 4 4 4 4 4 4 4 4 4 4 4 4 4 4 4 4 4 4 4 4 4 4 4 4 4 4 4 4 4 4 4 4 4 4 4 4 4 4 4 4 4 4 4 4 4 4 4 4 4 4 4 4 4 4 4 4 4 4 4 4 4 4 4 4 4 4 4 4 4 4 4 4 4 4 4 4 4 4 4 4 4 4 4 4 4 4 4 4 4 4 4 4 4 4 4 4 4 4 4 4 4 4 4 4 4 4 4 4 4 4 4 4 4 4 4 4 4 4 4 4 4 4 4 4 4 4 4 4 4 4 4 4 4 4 4 4 4 4 4 4 4 4 4 4 4 4 4 4 4 4 4 4 4 4 4 4 4 4 4 4 4 4 4 4 4 4 4 4 4 4 4 4 4 4 4 4 4 4 4 4 4 4 4 4 4 4 4 4 4 4 4 4 4 4 4 4 4 4 4 4 4 4 4 4 4 4 4 4 4 4 4 4 4 4 4 4 4 4 4 4 4 4 4 4 4 4 4 4 4 4 4 4 4 4 4 4 4 4 4 4 4 4 4 4 4 4 4 4 4 4 4 4 4 4 4 4 4 4 4 4 4 4 4 4 4 4 4 4 4 4 4 4 4 4 4 4 4 4 4 4 4 4 4 4 4 4 4 4 4 4 4 4 4 4 4 4 4 4 4 4 4 4 4 4 4 4 4 4 4 4 4 4 4 4 4 4 4 4 4 4 4 4 4 4 4 4 4 4 4 4 4 4 4 4 4 4 4 4 4 4 4 4 4 4 4 4 4 4 4 4 4 4 4 4 4 4 4 4 4 4 4 4 4 4 4 4 4 4 4 4 4 4 4 4 4 4 4 4 4 4 4 4 4 4 4 4 4 4 4 4 4 4 4 4 4 4 4 4 4 4 4 4 4 4 4 4 4 4 4 4 4 4 4 4 4 4 4 4 4 4 4 4 4 4 4 4 4 4 4 4 4 4 4 4 4 4 4 4 4 4 4 4 4 4 4 4 4 4 4 4 4 4 4 4 4 4 4 4 4 4 4 4 4 4 4 4 4 4 4 4 4 4 4 4 4 4 4 4 4 4 4 4 4 4 4 4 4 4 4 4 4 4 4 4 4 4 4 4 4 4 4 4 4 4 4 4 4 4 4 4 4 4 4 4 4 4 4 4 4 4 4 4 4 4 4 4 4 4 4 4 4 4 4 4 4 4 4 4 4 4 4 4 4 4 4 4 4 4 4 4 4 4 4 4 4 4 4 4 4 4 4 4 4 4 4 4 4 4 4 4 4 4 4 4 4 4 4 4 4 4 4 4 4 4 4 4 4 4 4 4 4 4 4 4 4 4 4 4 4 4 4 4 4 4 4 4 4 4 4 4 4 4 4 4 4 4 4 4 4 4 4 4 4 4 4 4 4 4 4 4 4 4 4 4 4 4 4 4 4 4 4 4 4 4 4 4 4 4 4 4 4 4 4 4 4 4 4 4 4 4 4 4 4 4 4 4 4 4 4 4 4 4 4 4 4 4 4 4 4 4 4 4 4 4 4 4 4 4 4 4 4 4 4 4 4 4 4 4 4 4 4 4 4 4 4 4 4 4 4 4 4 4 4 4 4 4 4 4 4 4 4 4 4 4 4 4 4 4 4 4 4 4 4 4 4 4 4 4 4 4 4 4 4 4 4 4 4 4 4 4 4 4 4 4 4 4 4 4 4 4 4 4 4 4 4 4 4 4 4 4 4 4 4 4 4 4 4 4 4 4 4 4 4 4 4 4 4 4 4 4 4 4 4 4 4 4 4 4 4 4 4 4 4 4 4 4 4 4 4 4 4 4 4 4 4 4 4 4 4 4 4 4 4 4 4 4 4 4 4 4 4 4 4 4 4 4 4 4 4 4 4 4 4 4 4 4 4 4 4 4 4 4 4 4 4 4 4 4 4 4 4 4 4 4 4 4 4 4 4 4 4 4 4 4 4 4 4 4 4 4 4 4 4 4 4 4 4 4 4 4 4 4 4 4 4 4 4 4 4 4 4 4 4 4 4 4 4 4 4 4 4 4 4 4 4 4 4 4 4 4 4 4 4 4 4 4 4 4 4 4 4 4 4 4 4 4 4 4 4 4 4 4 4 4 4 4 4 4 4 4 4 4 4 4 4 4 4 4 4 4 4 4 4 4 4 4 4 4 4 4 4 4 4 4 4 4 4 4 4 4 4 4 4 4 4 4 4 4 4 4 4 4 4 4 4 4 4 4 4 4 4 4 4 4 4 4 4 4 4 4 4 4 4 4 4 4 4 4 4 4 4 4 4 4 4 4 4 4 4 4 4 4 4 4 4 4 4 4 4 4 4 4 4 4 4 4 4 4 4 4 4 4 4 4 4 4 4 4 4 4 4 4 4 4 4 4 4 4 4 4 4 4 4 4 4 4 4 4 4 4 4 4 4 4 4 4 4 4 4 4 4 4 4 4 4 4 4 4 4 4 4 4 4 4 4 4 4 4 4 4 4 4 4 4 4 4 4 4 4 4 4 4 4 4 4 4 4 4 4 4 4 4 4 4 4 4 4 4 4 4 4 4 4 4 4 4 4 4 4 4 4 4 4 4 4 4 4 4 4 4 4 4 4 4 4 4 4 4 4 4 4 4 4 4 4 4 4 4 4 4 4 4 4 4 4 4 4 4 4 4 4 4 4 4 4 4 4 4 4 4 4 4 4 4 4 4 4 4 4 4 4 4 4 4 4 4 4 4 4 4 4 4 4 4 4 4 4 4 4 4 4 4 4 4 4 4 4 4 4 4 4 4 4 4 4 4 4 4 4 4 4 4 4 4 4 4 4 4 4 4 4 4 4 4 4 4 4 4 4 4 4 4 4 4 4 4 4 4 4 4 4 4 4 4 4 4 4 4 4 4 4 4 4 4 4 4 4 4 4 4 4 4 4 4 4 4 4 4 4 4 4 4 4 4 4 4 4 4 4 4 4 4 4 4 4 4 4 4 4 4 4 4 4 4 4 4 4 4 4 4 4 4 4 4 4 4 4 4 4 4 4 4 4 4 4 4 4 4 4 4 4 4 4 4 4 4 4 4 4 4 4 4 4 4 4 4 4 4 4 4 4 4 4 4 4 4 4 4 4 4 4 4 4 4 4 4 4 4 4 4 4 4 4 4 4 4 4 4 4 4 4 4 4 4 4 4 4 4 4 4 4 4 4 4 4 4 4 4 4 4 4 4 4 4 4 4 4 4 4 4 4 4 4 4 4 4 4 4 4 4 4 4 4 4 4 4 4 4 4 4 4 4 4 4 4 4 4 4 4 4 4 4 4 4 4 4 4 4 4 4 4 4 4 4 4 4 4 4 4 4 4 4 4 4 4 4 4 4 4 4 4 4 4 4 4 4 4 4 4 4 4 4 4 4 4 4 4 4 4 4 4 4 4 4 4 4 4 4 4 4 4 4 4 4 4 4 4 4 4 4 4 4 4 4 4 4 4 4 4 4 4 4 4 4 4 4 4 4 4 4 4 4 4 4 4 4 4 4 4 4 4 4 4 4 4 4 4 4 4 4 4 4 4 4 
        </DataArray>
      </CellData>
    </Piece>
  </PolyData>
</VTKFile>
