<?xml version="1.0"?>
<VTKFile type="PolyData" version="1.0" byte_order="LittleEndian" header_type="UInt64">
  <PolyData>
    <Piece NumberOfPoints="2000" NumberOfPolys="2000">
      <Points>
        <DataArray type="Float64" Name="Points" NumberOfComponents="3" format="ascii">
0.8 0 0.0 0.799999 0.000314157 0.0 0.799998 0.000628314 0.0 0.799995 0.000942459 0.0 0.799992 0.0012566 0.0 0.799987 0.00157072 0.0 0.799982 0.00188484 0.0 0.799975 0.00219893 0.0 0.799968 0.00251301 0.0 0.79996 0.00282704 0.0 0.799951 0.00314108 0.0 0.79994 0.00345505 0.0 0.799929 0.00376902 0.0 0.799916 0.00408292 0.0 0.799903 0.00439681 0.0 0.799888 0.00471062 0.0 0.799874 0.00502443 0.0 0.799857 0.00533814 0.0 0.79984 0.00565185 0.0 0.799821 0.00596545 0.0 0.799803 0.00627905 0.0 0.799782 0.00659253 0.0 0.799761 0.006906 0.0 0.799739 0.00721934 0.0 0.799716 0.00753268 0.0 0.799691 0.00784587 0.0 0.799667 0.00815906 0.0 0.79964 0.00847209 0.0 0.799613 0.00878512 0.0 0.799585 0.00909798 0.0 0.799556 0.00941083 0.0 0.799526 0.0097235 0.0 0.799495 0.0100362 0.0 0.799463 0.0103486 0.0 0.79943 0.0106611 0.0 0.799396 0.0109734 0.0 0.799361 0.0112856 0.0 0.799325 0.0115977 0.0 0.799288 0.0119097 0.0 0.79925 0.0122215 0.0 0.799211 0.0125333 0.0 0.799171 0.0128449 0.0 0.799131 0.0131564 0.0 0.799088 0.0134677 0.0 0.799046 0.013779 0.0 0.799002 0.0140901 0.0 0.798958 0.0144011 0.0 0.798911 0.0147118 0.0 0.798865 0.0150226 0.0 0.798817 0.015333 0.0 0.798769 0.0156434 0.0 0.798719 0.0159536 0.0 0.798669 0.0162637 0.0 0.798617 0.0165735 0.0 0.798564 0.0168833 0.0 0.79851 0.0171928 0.0 0.798456 0.0175023 0.0 0.7984 0.0178114 0.0 0.798345 0.0181206 0.0 0.798287 0.0184294 0.0 0.798229 0.0187381 0.0 0.798169 0.0190465 0.0 0.798109 0.0193549 0.0 0.798047 0.019663 0.0 0.797986 0.019971 0.0 0.797922 0.0202786 0.0 0.797858 0.0205863 0.0 0.797792 0.0208935 0.0 0.797727 0.0212007 0.0 0.797659 0.0215075 0.0 0.797592 0.0218143 0.0 0.797522 0.0221207 0.0 0.797453 0.0224271 0.0 0.797381 0.022733 0.0 0.79731 0.0230389 0.0 0.797237 0.0233444 0.0 0.797163 0.0236499 0.0 0.797088 0.0239549 0.0 0.797013 0.0242599 0.0 0.796935 0.0245645 0.0 0.796858 0.024869 0.0 0.796779 0.025173 0.0 0.7967 0.0254771 0.0 0.796619 0.0257806 0.0 0.796538 0.0260842 0.0 0.796455 0.0263872 0.0 0.796372 0.0266902 0.0 0.796288 0.0269927 0.0 0.796203 0.0272952 0.0 0.796116 0.0275972 0.0 0.796029 0.0278991 0.0 0.795941 0.0282005 0.0 0.795852 0.0285019 0.0 0.795762 0.0288028 0.0 0.795671 0.0291036 0.0 0.795579 0.0294039 0.0 0.795486 0.0297042 0.0 0.795392 0.0300038 0.0 0.795298 0.0303035 0.0 0.795202 0.0306026 0.0 0.795106 0.0309017 0.0 0.795008 0.0312002 0.0 0.79491 0.0314987 0.0 0.79481 0.0317965 0.0 0.79471 0.0320944 0.0 0.794608 0.0323916 0.0 0.794506 0.0326888 0.0 0.794403 0.0329854 0.0 0.794299 0.033282 0.0 0.794194 0.0335779 0.0 0.794088 0.0338738 0.0 0.793981 0.034169 0.0 0.793873 0.0344643 0.0 0.793764 0.0347589 0.0 0.793655 0.0350534 0.0 0.793544 0.0353473 0.0 0.793433 0.0356412 0.0 0.79332 0.0359344 0.0 0.793207 0.0362275 0.0 0.793092 0.03652 0.0 0.792978 0.0368125 0.0 0.792861 0.0371042 0.0 0.792745 0.0373959 0.0 0.792626 0.0376869 0.0 0.792508 0.0379779 0.0 0.792387 0.0382682 0.0 0.792267 0.0385584 0.0 0.792145 0.0388479 0.0 0.792023 0.0391374 0.0 0.791899 0.0394261 0.0 0.791775 0.0397148 0.0 0.79165 0.0400027 0.0 0.791524 0.0402906 0.0 0.791397 0.0405778 0.0 0.791269 0.0408649 0.0 0.79114 0.0411512 0.0 0.791011 0.0414376 0.0 0.79088 0.0417231 0.0 0.790748 0.0420086 0.0 0.790616 0.0422933 0.0 0.790483 0.0425779 0.0 0.790348 0.0428618 0.0 0.790213 0.0431456 0.0 0.790077 0.0434286 0.0 0.789941 0.0437116 0.0 0.789802 0.0439937 0.0 0.789664 0.0442758 0.0 0.789524 0.0445571 0.0 0.789384 0.0448383 0.0 0.789242 0.0451187 0.0 0.789101 0.0453991 0.0 0.788957 0.0456785 0.0 0.788814 0.045958 0.0 0.788668 0.0462365 0.0 0.788523 0.0465151 0.0 0.788376 0.0467928 0.0 0.788229 0.0470704 0.0 0.78808 0.0473471 0.0 0.787932 0.0476238 0.0 0.787781 0.0478996 0.0 0.787631 0.0481754 0.0 0.787478 0.0484502 0.0 0.787326 0.048725 0.0 0.787172 0.0489989 0.0 0.787018 0.0492727 0.0 0.786863 0.0495456 0.0 0.786707 0.0498185 0.0 0.78655 0.0500904 0.0 0.786392 0.0503623 0.0 0.786233 0.0506332 0.0 0.786074 0.0509041 0.0 0.785913 0.051174 0.0 0.785753 0.051444 0.0 0.78559 0.0517128 0.0 0.785428 0.0519817 0.0 0.785264 0.0522496 0.0 0.785099 0.0525175 0.0 0.784934 0.0527843 0.0 0.784768 0.0530511 0.0 0.7846 0.0533169 0.0 0.784433 0.0535827 0.0 0.784264 0.0538474 0.0 0.784094 0.0541121 0.0 0.783924 0.0543758 0.0 0.783753 0.0546394 0.0 0.78358 0.054902 0.0 0.783408 0.0551646 0.0 0.783234 0.0554261 0.0 0.78306 0.0556876 0.0 0.782884 0.0559479 0.0 0.782708 0.0562083 0.0 0.782531 0.0564676 0.0 0.782353 0.0567269 0.0 0.782174 0.0569851 0.0 0.781995 0.0572432 0.0 0.781815 0.0575002 0.0 0.781634 0.0577573 0.0 0.781452 0.0580132 0.0 0.781269 0.058269 0.0 0.781086 0.0585238 0.0 0.780902 0.0587785 0.0 0.780716 0.0590321 0.0 0.780531 0.0592857 0.0 0.780344 0.0595381 0.0 0.780157 0.0597905 0.0 0.779968 0.0600417 0.0 0.779779 0.060293 0.0 0.779589 0.060543 0.0 0.779399 0.060793 0.0 0.779207 0.0610419 0.0 0.779016 0.0612907 0.0 0.778822 0.0615383 0.0 0.778629 0.061786 0.0 0.778434 0.0620324 0.0 0.778239 0.0622788 0.0 0.778043 0.062524 0.0 0.777846 0.0627691 0.0 0.777648 0.0630131 0.0 0.77745 0.063257 0.0 0.777251 0.0634997 0.0 0.777051 0.0637424 0.0 0.77685 0.0639838 0.0 0.776649 0.0642253 0.0 0.776447 0.0644654 0.0 0.776244 0.0647056 0.0 0.77604 0.0649445 0.0 0.775836 0.0651834 0.0 0.775631 0.065421 0.0 0.775425 0.0656586 0.0 0.775218 0.0658949 0.0 0.775011 0.0661312 0.0 0.774803 0.0663662 0.0 0.774594 0.0666012 0.0 0.774384 0.0668349 0.0 0.774174 0.0670686 0.0 0.773963 0.0673009 0.0 0.773751 0.0675333 0.0 0.773538 0.0677643 0.0 0.773326 0.0679953 0.0 0.773111 0.068225 0.0 0.772897 0.0684547 0.0 0.772681 0.068683 0.0 0.772465 0.0689114 0.0 0.772248 0.0691384 0.0 0.772031 0.0693653 0.0 0.771812 0.0695909 0.0 0.771594 0.0698165 0.0 0.771374 0.0700408 0.0 0.771154 0.070265 0.0 0.770932 0.0704878 0.0 0.770711 0.0707107 0.0 0.770488 0.0709321 0.0 0.770265 0.0711536 0.0 0.770041 0.0713736 0.0 0.769817 0.0715936 0.0 0.769591 0.0718123 0.0 0.769365 0.0720309 0.0 0.769138 0.0722481 0.0 0.768911 0.0724653 0.0 0.768683 0.0726811 0.0 0.768455 0.0728969 0.0 0.768225 0.0731112 0.0 0.767995 0.0733255 0.0 0.767764 0.0735384 0.0 0.767533 0.0737513 0.0 0.767301 0.0739627 0.0 0.767069 0.0741742 0.0 0.766835 0.0743841 0.0 0.766601 0.0745941 0.0 0.766366 0.0748026 0.0 0.766131 0.0750111 0.0 0.765895 0.0752181 0.0 0.765659 0.0754251 0.0 0.765421 0.0756307 0.0 0.765183 0.0758362 0.0 0.764944 0.0760402 0.0 0.764706 0.0762443 0.0 0.764465 0.0764468 0.0 0.764225 0.0766493 0.0 0.763984 0.0768503 0.0 0.763742 0.0770513 0.0 0.7635 0.0772508 0.0 0.763257 0.0774503 0.0 0.763013 0.0776483 0.0 0.762769 0.0778462 0.0 0.762524 0.0780427 0.0 0.762279 0.0782391 0.0 0.762032 0.078434 0.0 0.761786 0.0786288 0.0 0.761538 0.0788222 0.0 0.761291 0.0790155 0.0 0.761042 0.0792073 0.0 0.760793 0.079399 0.0 0.760543 0.0795892 0.0 0.760293 0.0797794 0.0 0.760042 0.0799681 0.0 0.75979 0.0801567 0.0 0.759538 0.0803437 0.0 0.759286 0.0805308 0.0 0.759032 0.0807162 0.0 0.758779 0.0809017 0.0 0.758524 0.0810856 0.0 0.758269 0.0812694 0.0 0.758013 0.0814517 0.0 0.757757 0.0816339 0.0 0.7575 0.0818146 0.0 0.757243 0.0819952 0.0 0.756985 0.0821742 0.0 0.756727 0.0823533 0.0 0.756468 0.0825307 0.0 0.756208 0.0827081 0.0 0.755948 0.0828838 0.0 0.755688 0.0830596 0.0 0.755426 0.0832337 0.0 0.755165 0.0834078 0.0 0.754902 0.0835803 0.0 0.754639 0.0837528 0.0 0.754376 0.0839236 0.0 0.754112 0.0840945 0.0 0.753847 0.0842636 0.0 0.753583 0.0844328 0.0 0.753317 0.0846003 0.0 0.753051 0.0847678 0.0 0.752784 0.0849336 0.0 0.752517 0.0850994 0.0 0.75225 0.0852636 0.0 0.751982 0.0854277 0.0 0.751713 0.0855902 0.0 0.751444 0.0857527 0.0 0.751174 0.0859134 0.0 0.750904 0.0860742 0.0 0.750633 0.0862333 0.0 0.750362 0.0863923 0.0 0.75009 0.0865497 0.0 0.749819 0.0867071 0.0 0.749546 0.0868627 0.0 0.749273 0.0870184 0.0 0.748999 0.0871723 0.0 0.748725 0.0873262 0.0 0.74845 0.0874785 0.0 0.748175 0.0876307 0.0 0.7479 0.0877811 0.0 0.747624 0.0879316 0.0 0.747347 0.0880804 0.0 0.74707 0.0882291 0.0 0.746793 0.0883761 0.0 0.746515 0.0885231 0.0 0.746237 0.0886684 0.0 0.745958 0.0888136 0.0 0.745679 0.0889571 0.0 0.745399 0.0891007 0.0 0.745119 0.0892424 0.0 0.744838 0.0893841 0.0 0.744557 0.0895241 0.0 0.744276 0.0896641 0.0 0.743994 0.0898023 0.0 0.743712 0.0899405 0.0 0.743429 0.090077 0.0 0.743146 0.0902134 0.0 0.742862 0.0903481 0.0 0.742578 0.0904827 0.0 0.742293 0.0906156 0.0 0.742009 0.0907484 0.0 0.741723 0.0908795 0.0 0.741438 0.0910106 0.0 0.741151 0.0911399 0.0 0.740865 0.0912692 0.0 0.740578 0.0913966 0.0 0.740291 0.0915241 0.0 0.740003 0.0916498 0.0 0.739715 0.0917755 0.0 0.739426 0.0918993 0.0 0.739137 0.0920232 0.0 0.738848 0.0921452 0.0 0.738558 0.0922673 0.0 0.738268 0.0923875 0.0 0.737978 0.0925077 0.0 0.737687 0.0926261 0.0 0.737396 0.0927445 0.0 0.737104 0.0928611 0.0 0.736812 0.0929776 0.0 0.73652 0.0930924 0.0 0.736228 0.0932071 0.0 0.735934 0.09332 0.0 0.735641 0.0934329 0.0 0.735347 0.0935439 0.0 0.735053 0.093655 0.0 0.734759 0.0937642 0.0 0.734464 0.0938734 0.0 0.734169 0.0939807 0.0 0.733874 0.0940881 0.0 0.733578 0.0941936 0.0 0.733282 0.0942991 0.0 0.732985 0.0944027 0.0 0.732689 0.0945063 0.0 0.732392 0.0946081 0.0 0.732094 0.0947098 0.0 0.731797 0.0948097 0.0 0.731499 0.0949096 0.0 0.7312 0.0950076 0.0 0.730902 0.0951057 0.0 0.730603 0.0952018 0.0 0.730304 0.0952979 0.0 0.730004 0.0953922 0.0 0.729704 0.0954865 0.0 0.729404 0.0955788 0.0 0.729104 0.0956712 0.0 0.728803 0.0957617 0.0 0.728502 0.0958522 0.0 0.728201 0.0959408 0.0 0.727899 0.0960294 0.0 0.727597 0.0961161 0.0 0.727295 0.0962028 0.0 0.726993 0.0962876 0.0 0.72669 0.0963724 0.0 0.726387 0.0964553 0.0 0.726084 0.0965382 0.0 0.725781 0.0966192 0.0 0.725477 0.0967001 0.0 0.725173 0.0967792 0.0 0.724869 0.0968583 0.0 0.724564 0.0969355 0.0 0.72426 0.0970127 0.0 0.723955 0.0970879 0.0 0.72365 0.0971632 0.0 0.723344 0.0972365 0.0 0.723039 0.0973099 0.0 0.722733 0.0973813 0.0 0.722427 0.0974527 0.0 0.722121 0.0975222 0.0 0.721814 0.0975917 0.0 0.721508 0.0976592 0.0 0.721201 0.0977268 0.0 0.720893 0.0977925 0.0 0.720586 0.0978581 0.0 0.720279 0.0979218 0.0 0.719971 0.0979855 0.0 0.719663 0.0980473 0.0 0.719355 0.0981091 0.0 0.719047 0.0981689 0.0 0.718738 0.0982287 0.0 0.718429 0.0982866 0.0 0.718121 0.0983445 0.0 0.717811 0.0984005 0.0 0.717502 0.0984564 0.0 0.717193 0.0985104 0.0 0.716883 0.0985645 0.0 0.716574 0.0986165 0.0 0.716264 0.0986686 0.0 0.715954 0.0987187 0.0 0.715643 0.0987688 0.0 0.715333 0.098817 0.0 0.715023 0.0988652 0.0 0.714712 0.0989114 0.0 0.714401 0.0989576 0.0 0.71409 0.0990019 0.0 0.713779 0.0990461 0.0 0.713468 0.0990885 0.0 0.713156 0.0991308 0.0 0.712845 0.0991711 0.0 0.712533 0.0992115 0.0 0.712222 0.0992499 0.0 0.71191 0.0992883 0.0 0.711598 0.0993247 0.0 0.711286 0.0993611 0.0 0.710973 0.0993956 0.0 0.710661 0.0994301 0.0 0.710349 0.0994626 0.0 0.710036 0.0994951 0.0 0.709724 0.0995256 0.0 0.709411 0.0995562 0.0 0.709098 0.0995848 0.0 0.708785 0.0996134 0.0 0.708472 0.09964 0.0 0.708159 0.0996666 0.0 0.707846 0.0996912 0.0 0.707533 0.0997159 0.0 0.707219 0.0997386 0.0 0.706906 0.0997613 0.0 0.706593 0.099782 0.0 0.706279 0.0998027 0.0 0.705965 0.0998214 0.0 0.705652 0.0998402 0.0 0.705338 0.0998569 0.0 0.705024 0.0998737 0.0 0.704711 0.0998885 0.0 0.704397 0.0999033 0.0 0.704083 0.0999161 0.0 0.703769 0.0999289 0.0 0.703455 0.0999398 0.0 0.703141 0.0999507 0.0 0.702827 0.0999595 0.0 0.702513 0.0999684 0.0 0.702199 0.0999753 0.0 0.701885 0.0999822 0.0 0.701571 0.0999872 0.0 0.701257 0.0999921 0.0 0.700942 0.0999951 0.0 0.700628 0.099998 0.0 0.700314 0.099999 0.0 0.7 0.1 0.0 0.699686 0.099999 0.0 0.699372 0.099998 0.0 0.699058 0.0999951 0.0 0.698743 0.0999921 0.0 0.698429 0.0999872 0.0 0.698115 0.0999822 0.0 0.697801 0.0999753 0.0 0.697487 0.0999684 0.0 0.697173 0.0999595 0.0 0.696859 0.0999507 0.0 0.696545 0.0999398 0.0 0.696231 0.0999289 0.0 0.695917 0.0999161 0.0 0.695603 0.0999033 0.0 0.695289 0.0998885 0.0 0.694976 0.0998737 0.0 0.694662 0.0998569 0.0 0.694348 0.0998402 0.0 0.694035 0.0998214 0.0 0.693721 0.0998027 0.0 0.693407 0.099782 0.0 0.693094 0.0997613 0.0 0.692781 0.0997386 0.0 0.692467 0.0997159 0.0 0.692154 0.0996912 0.0 0.691841 0.0996666 0.0 0.691528 0.09964 0.0 0.691215 0.0996134 0.0 0.690902 0.0995848 0.0 0.690589 0.0995562 0.0 0.690276 0.0995256 0.0 0.689964 0.0994951 0.0 0.689651 0.0994626 0.0 0.689339 0.0994301 0.0 0.689027 0.0993956 0.0 0.688714 0.0993611 0.0 0.688402 0.0993247 0.0 0.68809 0.0992883 0.0 0.687778 0.0992499 0.0 0.687467 0.0992115 0.0 0.687155 0.0991711 0.0 0.686844 0.0991308 0.0 0.686532 0.0990885 0.0 0.686221 0.0990461 0.0 0.68591 0.0990019 0.0 0.685599 0.0989576 0.0 0.685288 0.0989114 0.0 0.684977 0.0988652 0.0 0.684667 0.098817 0.0 0.684357 0.0987688 0.0 0.684046 0.0987187 0.0 0.683736 0.0986686 0.0 0.683426 0.0986165 0.0 0.683117 0.0985645 0.0 0.682807 0.0985104 0.0 0.682498 0.0984564 0.0 0.682189 0.0984005 0.0 0.681879 0.0983445 0.0 0.681571 0.0982866 0.0 0.681262 0.0982287 0.0 0.680953 0.0981689 0.0 0.680645 0.0981091 0.0 0.680337 0.0980473 0.0 0.680029 0.0979855 0.0 0.679721 0.0979218 0.0 0.679414 0.0978581 0.0 0.679107 0.0977925 0.0 0.678799 0.0977268 0.0 0.678492 0.0976592 0.0 0.678186 0.0975917 0.0 0.677879 0.0975222 0.0 0.677573 0.0974527 0.0 0.677267 0.0973813 0.0 0.676961 0.0973099 0.0 0.676656 0.0972365 0.0 0.67635 0.0971632 0.0 0.676045 0.0970879 0.0 0.67574 0.0970127 0.0 0.675436 0.0969355 0.0 0.675131 0.0968583 0.0 0.674827 0.0967792 0.0 0.674523 0.0967001 0.0 0.674219 0.0966192 0.0 0.673916 0.0965382 0.0 0.673613 0.0964553 0.0 0.67331 0.0963724 0.0 0.673007 0.0962876 0.0 0.672705 0.0962028 0.0 0.672403 0.0961161 0.0 0.672101 0.0960294 0.0 0.671799 0.0959408 0.0 0.671498 0.0958522 0.0 0.671197 0.0957617 0.0 0.670896 0.0956712 0.0 0.670596 0.0955788 0.0 0.670296 0.0954865 0.0 0.669996 0.0953922 0.0 0.669696 0.0952979 0.0 0.669397 0.0952018 0.0 0.669098 0.0951057 0.0 0.6688 0.0950076 0.0 0.668501 0.0949096 0.0 0.668203 0.0948097 0.0 0.667906 0.0947098 0.0 0.667608 0.0946081 0.0 0.667311 0.0945063 0.0 0.667015 0.0944027 0.0 0.666718 0.0942991 0.0 0.666422 0.0941936 0.0 0.666126 0.0940881 0.0 0.665831 0.0939807 0.0 0.665536 0.0938734 0.0 0.665241 0.0937642 0.0 0.664947 0.093655 0.0 0.664653 0.0935439 0.0 0.664359 0.0934329 0.0 0.664066 0.09332 0.0 0.663772 0.0932071 0.0 0.66348 0.0930924 0.0 0.663188 0.0929776 0.0 0.662896 0.0928611 0.0 0.662604 0.0927445 0.0 0.662313 0.0926261 0.0 0.662022 0.0925077 0.0 0.661732 0.0923875 0.0 0.661442 0.0922673 0.0 0.661152 0.0921452 0.0 0.660863 0.0920232 0.0 0.660574 0.0918993 0.0 0.660285 0.0917755 0.0 0.659997 0.0916498 0.0 0.659709 0.0915241 0.0 0.659422 0.0913966 0.0 0.659135 0.0912692 0.0 0.658849 0.0911399 0.0 0.658562 0.0910106 0.0 0.658277 0.0908795 0.0 0.657991 0.0907484 0.0 0.657707 0.0906156 0.0 0.657422 0.0904827 0.0 0.657138 0.0903481 0.0 0.656854 0.0902134 0.0 0.656571 0.090077 0.0 0.656288 0.0899405 0.0 0.656006 0.0898023 0.0 0.655724 0.0896641 0.0 0.655443 0.0895241 0.0 0.655162 0.0893841 0.0 0.654881 0.0892424 0.0 0.654601 0.0891007 0.0 0.654321 0.0889571 0.0 0.654042 0.0888136 0.0 0.653763 0.0886684 0.0 0.653485 0.0885231 0.0 0.653207 0.0883761 0.0 0.65293 0.0882291 0.0 0.652653 0.0880804 0.0 0.652376 0.0879316 0.0 0.6521 0.0877811 0.0 0.651825 0.0876307 0.0 0.65155 0.0874785 0.0 0.651275 0.0873262 0.0 0.651001 0.0871723 0.0 0.650727 0.0870184 0.0 0.650454 0.0868627 0.0 0.650181 0.0867071 0.0 0.64991 0.0865497 0.0 0.649638 0.0863923 0.0 0.649367 0.0862333 0.0 0.649096 0.0860742 0.0 0.648826 0.0859134 0.0 0.648556 0.0857527 0.0 0.648287 0.0855902 0.0 0.648018 0.0854277 0.0 0.64775 0.0852636 0.0 0.647483 0.0850994 0.0 0.647216 0.0849336 0.0 0.646949 0.0847678 0.0 0.646683 0.0846003 0.0 0.646417 0.0844328 0.0 0.646153 0.0842636 0.0 0.645888 0.0840945 0.0 0.645624 0.0839236 0.0 0.645361 0.0837528 0.0 0.645098 0.0835803 0.0 0.644835 0.0834078 0.0 0.644574 0.0832337 0.0 0.644312 0.0830596 0.0 0.644052 0.0828838 0.0 0.643792 0.0827081 0.0 0.643532 0.0825307 0.0 0.643273 0.0823533 0.0 0.643015 0.0821742 0.0 0.642757 0.0819952 0.0 0.6425 0.0818146 0.0 0.642243 0.0816339 0.0 0.641987 0.0814517 0.0 0.641731 0.0812694 0.0 0.641476 0.0810856 0.0 0.641221 0.0809017 0.0 0.640968 0.0807162 0.0 0.640714 0.0805308 0.0 0.640462 0.0803437 0.0 0.64021 0.0801567 0.0 0.639958 0.0799681 0.0 0.639707 0.0797794 0.0 0.639457 0.0795892 0.0 0.639207 0.079399 0.0 0.638958 0.0792073 0.0 0.638709 0.0790155 0.0 0.638462 0.0788222 0.0 0.638214 0.0786288 0.0 0.637968 0.078434 0.0 0.637721 0.0782391 0.0 0.637476 0.0780427 0.0 0.637231 0.0778462 0.0 0.636987 0.0776483 0.0 0.636743 0.0774503 0.0 0.6365 0.0772508 0.0 0.636258 0.0770513 0.0 0.636016 0.0768503 0.0 0.635775 0.0766493 0.0 0.635535 0.0764468 0.0 0.635294 0.0762443 0.0 0.635056 0.0760402 0.0 0.634817 0.0758362 0.0 0.634579 0.0756307 0.0 0.634341 0.0754251 0.0 0.634105 0.0752181 0.0 0.633869 0.0750111 0.0 0.633634 0.0748026 0.0 0.633399 0.0745941 0.0 0.633165 0.0743841 0.0 0.632931 0.0741742 0.0 0.632699 0.0739627 0.0 0.632467 0.0737513 0.0 0.632236 0.0735384 0.0 0.632005 0.0733255 0.0 0.631775 0.0731112 0.0 0.631545 0.0728969 0.0 0.631317 0.0726811 0.0 0.631089 0.0724653 0.0 0.630862 0.0722481 0.0 0.630635 0.0720309 0.0 0.630409 0.0718123 0.0 0.630183 0.0715936 0.0 0.629959 0.0713736 0.0 0.629735 0.0711536 0.0 0.629512 0.0709321 0.0 0.629289 0.0707107 0.0 0.629068 0.0704878 0.0 0.628846 0.070265 0.0 0.628626 0.0700408 0.0 0.628406 0.0698165 0.0 0.628188 0.0695909 0.0 0.627969 0.0693653 0.0 0.627752 0.0691384 0.0 0.627535 0.0689114 0.0 0.627319 0.068683 0.0 0.627103 0.0684547 0.0 0.626889 0.068225 0.0 0.626674 0.0679953 0.0 0.626462 0.0677643 0.0 0.626249 0.0675333 0.0 0.626037 0.0673009 0.0 0.625826 0.0670686 0.0 0.625616 0.0668349 0.0 0.625406 0.0666012 0.0 0.625197 0.0663662 0.0 0.624989 0.0661312 0.0 0.624782 0.0658949 0.0 0.624575 0.0656586 0.0 0.624369 0.065421 0.0 0.624164 0.0651834 0.0 0.62396 0.0649445 0.0 0.623756 0.0647056 0.0 0.623553 0.0644654 0.0 0.623351 0.0642253 0.0 0.62315 0.0639838 0.0 0.622949 0.0637424 0.0 0.622749 0.0634997 0.0 0.62255 0.063257 0.0 0.622352 0.0630131 0.0 0.622154 0.0627691 0.0 0.621957 0.062524 0.0 0.621761 0.0622788 0.0 0.621566 0.0620324 0.0 0.621371 0.061786 0.0 0.621178 0.0615383 0.0 0.620984 0.0612907 0.0 0.620793 0.0610419 0.0 0.620601 0.060793 0.0 0.620411 0.060543 0.0 0.620221 0.060293 0.0 0.620032 0.0600417 0.0 0.619843 0.0597905 0.0 0.619656 0.0595381 0.0 0.619469 0.0592857 0.0 0.619284 0.0590321 0.0 0.619098 0.0587785 0.0 0.618914 0.0585238 0.0 0.618731 0.058269 0.0 0.618548 0.0580132 0.0 0.618366 0.0577573 0.0 0.618185 0.0575002 0.0 0.618005 0.0572432 0.0 0.617826 0.0569851 0.0 0.617647 0.0567269 0.0 0.617469 0.0564676 0.0 0.617292 0.0562083 0.0 0.617116 0.0559479 0.0 0.61694 0.0556876 0.0 0.616766 0.0554261 0.0 0.616592 0.0551646 0.0 0.61642 0.054902 0.0 0.616247 0.0546394 0.0 0.616076 0.0543758 0.0 0.615906 0.0541121 0.0 0.615736 0.0538474 0.0 0.615567 0.0535827 0.0 0.6154 0.0533169 0.0 0.615232 0.0530511 0.0 0.615066 0.0527843 0.0 0.614901 0.0525175 0.0 0.614736 0.0522496 0.0 0.614572 0.0519817 0.0 0.61441 0.0517128 0.0 0.614247 0.051444 0.0 0.614087 0.051174 0.0 0.613926 0.0509041 0.0 0.613767 0.0506332 0.0 0.613608 0.0503623 0.0 0.61345 0.0500904 0.0 0.613293 0.0498185 0.0 0.613137 0.0495456 0.0 0.612982 0.0492727 0.0 0.612828 0.0489989 0.0 0.612674 0.048725 0.0 0.612522 0.0484502 0.0 0.612369 0.0481754 0.0 0.612219 0.0478996 0.0 0.612068 0.0476238 0.0 0.61192 0.0473471 0.0 0.611771 0.0470704 0.0 0.611624 0.0467928 0.0 0.611477 0.0465151 0.0 0.611332 0.0462365 0.0 0.611186 0.045958 0.0 0.611043 0.0456785 0.0 0.610899 0.0453991 0.0 0.610758 0.0451187 0.0 0.610616 0.0448383 0.0 0.610476 0.0445571 0.0 0.610336 0.0442758 0.0 0.610198 0.0439937 0.0 0.610059 0.0437116 0.0 0.609923 0.0434286 0.0 0.609787 0.0431456 0.0 0.609652 0.0428618 0.0 0.609517 0.0425779 0.0 0.609384 0.0422933 0.0 0.609252 0.0420086 0.0 0.60912 0.0417231 0.0 0.608989 0.0414376 0.0 0.60886 0.0411512 0.0 0.608731 0.0408649 0.0 0.608603 0.0405778 0.0 0.608476 0.0402906 0.0 0.60835 0.0400027 0.0 0.608225 0.0397148 0.0 0.608101 0.0394261 0.0 0.607977 0.0391374 0.0 0.607855 0.0388479 0.0 0.607733 0.0385584 0.0 0.607613 0.0382682 0.0 0.607492 0.0379779 0.0 0.607374 0.0376869 0.0 0.607255 0.0373959 0.0 0.607139 0.0371042 0.0 0.607022 0.0368125 0.0 0.606908 0.03652 0.0 0.606793 0.0362275 0.0 0.60668 0.0359344 0.0 0.606567 0.0356412 0.0 0.606456 0.0353473 0.0 0.606345 0.0350534 0.0 0.606236 0.0347589 0.0 0.606127 0.0344643 0.0 0.606019 0.034169 0.0 0.605912 0.0338738 0.0 0.605806 0.0335779 0.0 0.605701 0.033282 0.0 0.605597 0.0329854 0.0 0.605494 0.0326888 0.0 0.605392 0.0323916 0.0 0.60529 0.0320944 0.0 0.60519 0.0317965 0.0 0.60509 0.0314987 0.0 0.604992 0.0312002 0.0 0.604894 0.0309017 0.0 0.604798 0.0306026 0.0 0.604702 0.0303035 0.0 0.604608 0.0300038 0.0 0.604514 0.0297042 0.0 0.604421 0.0294039 0.0 0.604329 0.0291036 0.0 0.604238 0.0288028 0.0 0.604148 0.0285019 0.0 0.604059 0.0282005 0.0 0.603971 0.0278991 0.0 0.603884 0.0275972 0.0 0.603797 0.0272952 0.0 0.603712 0.0269927 0.0 0.603628 0.0266902 0.0 0.603545 0.0263872 0.0 0.603462 0.0260842 0.0 0.603381 0.0257806 0.0 0.6033 0.0254771 0.0 0.603221 0.025173 0.0 0.603142 0.024869 0.0 0.603065 0.0245645 0.0 0.602987 0.0242599 0.0 0.602912 0.0239549 0.0 0.602837 0.0236499 0.0 0.602763 0.0233444 0.0 0.60269 0.0230389 0.0 0.602619 0.022733 0.0 0.602547 0.0224271 0.0 0.602478 0.0221207 0.0 0.602408 0.0218143 0.0 0.602341 0.0215075 0.0 0.602273 0.0212007 0.0 0.602208 0.0208935 0.0 0.602142 0.0205863 0.0 0.602078 0.0202786 0.0 0.602014 0.019971 0.0 0.601953 0.019663 0.0 0.601891 0.0193549 0.0 0.601831 0.0190465 0.0 0.601771 0.0187381 0.0 0.601713 0.0184294 0.0 0.601655 0.0181206 0.0 0.6016 0.0178114 0.0 0.601544 0.0175023 0.0 0.60149 0.0171928 0.0 0.601436 0.0168833 0.0 0.601383 0.0165735 0.0 0.601331 0.0162637 0.0 0.601281 0.0159536 0.0 0.601231 0.0156434 0.0 0.601183 0.015333 0.0 0.601135 0.0150226 0.0 0.601089 0.0147118 0.0 0.601042 0.0144011 0.0 0.600998 0.0140901 0.0 0.600954 0.013779 0.0 0.600912 0.0134677 0.0 0.600869 0.0131564 0.0 0.600829 0.0128449 0.0 0.600789 0.0125333 0.0 0.60075 0.0122215 0.0 0.600712 0.0119097 0.0 0.600675 0.0115977 0.0 0.600639 0.0112856 0.0 0.600604 0.0109734 0.0 0.60057 0.0106611 0.0 0.600537 0.0103486 0.0 0.600505 0.0100362 0.0 0.600474 0.0097235 0.0 0.600444 0.00941083 0.0 0.600415 0.00909798 0.0 0.600387 0.00878512 0.0 0.60036 0.00847209 0.0 0.600333 0.00815906 0.0 0.600309 0.00784587 0.0 0.600284 0.00753268 0.0 0.600261 0.00721934 0.0 0.600239 0.006906 0.0 0.600218 0.00659253 0.0 0.600197 0.00627905 0.0 0.600179 0.00596545 0.0 0.60016 0.00565185 0.0 0.600143 0.00533814 0.0 0.600126 0.00502443 0.0 0.600112 0.00471062 0.0 0.600097 0.00439681 0.0 0.600084 0.00408292 0.0 0.600071 0.00376902 0.0 0.60006 0.00345505 0.0 0.600049 0.00314108 0.0 0.60004 0.00282704 0.0 0.600032 0.00251301 0.0 0.600025 0.00219893 0.0 0.600018 0.00188484 0.0 0.600013 0.00157072 0.0 0.600008 0.0012566 0.0 0.600005 0.000942459 0.0 0.600002 0.000628314 0.0 0.600001 0.000314157 0.0 0.6 0 0.0 0.600001 -0.000314157 0.0 0.600002 -0.000628314 0.0 0.600005 -0.000942459 0.0 0.600008 -0.0012566 0.0 0.600013 -0.00157072 0.0 0.600018 -0.00188484 0.0 0.600025 -0.00219893 0.0 0.600032 -0.00251301 0.0 0.60004 -0.00282704 0.0 0.600049 -0.00314108 0.0 0.60006 -0.00345505 0.0 0.600071 -0.00376902 0.0 0.600084 -0.00408292 0.0 0.600097 -0.00439681 0.0 0.600112 -0.00471062 0.0 0.600126 -0.00502443 0.0 0.600143 -0.00533814 0.0 0.60016 -0.00565185 0.0 0.600179 -0.00596545 0.0 0.600197 -0.00627905 0.0 0.600218 -0.00659253 0.0 0.600239 -0.006906 0.0 0.600261 -0.00721934 0.0 0.600284 -0.00753268 0.0 0.600309 -0.00784587 0.0 0.600333 -0.00815906 0.0 0.60036 -0.00847209 0.0 0.600387 -0.00878512 0.0 0.600415 -0.00909798 0.0 0.600444 -0.00941083 0.0 0.600474 -0.0097235 0.0 0.600505 -0.0100362 0.0 0.600537 -0.0103486 0.0 0.60057 -0.0106611 0.0 0.600604 -0.0109734 0.0 0.600639 -0.0112856 0.0 0.600675 -0.0115977 0.0 0.600712 -0.0119097 0.0 0.60075 -0.0122215 0.0 0.600789 -0.0125333 0.0 0.600829 -0.0128449 0.0 0.600869 -0.0131564 0.0 0.600912 -0.0134677 0.0 0.600954 -0.013779 0.0 0.600998 -0.0140901 0.0 0.601042 -0.0144011 0.0 0.601089 -0.0147118 0.0 0.601135 -0.0150226 0.0 0.601183 -0.015333 0.0 0.601231 -0.0156434 0.0 0.601281 -0.0159536 0.0 0.601331 -0.0162637 0.0 0.601383 -0.0165735 0.0 0.601436 -0.0168833 0.0 0.60149 -0.0171928 0.0 0.601544 -0.0175023 0.0 0.6016 -0.0178114 0.0 0.601655 -0.0181206 0.0 0.601713 -0.0184294 0.0 0.601771 -0.0187381 0.0 0.601831 -0.0190465 0.0 0.601891 -0.0193549 0.0 0.601953 -0.019663 0.0 0.602014 -0.019971 0.0 0.602078 -0.0202786 0.0 0.602142 -0.0205863 0.0 0.602208 -0.0208935 0.0 0.602273 -0.0212007 0.0 0.602341 -0.0215075 0.0 0.602408 -0.0218143 0.0 0.602478 -0.0221207 0.0 0.602547 -0.0224271 0.0 0.602619 -0.022733 0.0 0.60269 -0.0230389 0.0 0.602763 -0.0233444 0.0 0.602837 -0.0236499 0.0 0.602912 -0.0239549 0.0 0.602987 -0.0242599 0.0 0.603065 -0.0245645 0.0 0.603142 -0.024869 0.0 0.603221 -0.025173 0.0 0.6033 -0.0254771 0.0 0.603381 -0.0257806 0.0 0.603462 -0.0260842 0.0 0.603545 -0.0263872 0.0 0.603628 -0.0266902 0.0 0.603712 -0.0269927 0.0 0.603797 -0.0272952 0.0 0.603884 -0.0275972 0.0 0.603971 -0.0278991 0.0 0.604059 -0.0282005 0.0 0.604148 -0.0285019 0.0 0.604238 -0.0288028 0.0 0.604329 -0.0291036 0.0 0.604421 -0.0294039 0.0 0.604514 -0.0297042 0.0 0.604608 -0.0300038 0.0 0.604702 -0.0303035 0.0 0.604798 -0.0306026 0.0 0.604894 -0.0309017 0.0 0.604992 -0.0312002 0.0 0.60509 -0.0314987 0.0 0.60519 -0.0317965 0.0 0.60529 -0.0320944 0.0 0.605392 -0.0323916 0.0 0.605494 -0.0326888 0.0 0.605597 -0.0329854 0.0 0.605701 -0.033282 0.0 0.605806 -0.0335779 0.0 0.605912 -0.0338738 0.0 0.606019 -0.034169 0.0 0.606127 -0.0344643 0.0 0.606236 -0.0347589 0.0 0.606345 -0.0350534 0.0 0.606456 -0.0353473 0.0 0.606567 -0.0356412 0.0 0.60668 -0.0359344 0.0 0.606793 -0.0362275 0.0 0.606908 -0.03652 0.0 0.607022 -0.0368125 0.0 0.607139 -0.0371042 0.0 0.607255 -0.0373959 0.0 0.607374 -0.0376869 0.0 0.607492 -0.0379779 0.0 0.607613 -0.0382682 0.0 0.607733 -0.0385584 0.0 0.607855 -0.0388479 0.0 0.607977 -0.0391374 0.0 0.608101 -0.0394261 0.0 0.608225 -0.0397148 0.0 0.60835 -0.0400027 0.0 0.608476 -0.0402906 0.0 0.608603 -0.0405778 0.0 0.608731 -0.0408649 0.0 0.60886 -0.0411512 0.0 0.608989 -0.0414376 0.0 0.60912 -0.0417231 0.0 0.609252 -0.0420086 0.0 0.609384 -0.0422933 0.0 0.609517 -0.0425779 0.0 0.609652 -0.0428618 0.0 0.609787 -0.0431456 0.0 0.609923 -0.0434286 0.0 0.610059 -0.0437116 0.0 0.610198 -0.0439937 0.0 0.610336 -0.0442758 0.0 0.610476 -0.0445571 0.0 0.610616 -0.0448383 0.0 0.610758 -0.0451187 0.0 0.610899 -0.0453991 0.0 0.611043 -0.0456785 0.0 0.611186 -0.045958 0.0 0.611332 -0.0462365 0.0 0.611477 -0.0465151 0.0 0.611624 -0.0467928 0.0 0.611771 -0.0470704 0.0 0.61192 -0.0473471 0.0 0.612068 -0.0476238 0.0 0.612219 -0.0478996 0.0 0.612369 -0.0481754 0.0 0.612522 -0.0484502 0.0 0.612674 -0.048725 0.0 0.612828 -0.0489989 0.0 0.612982 -0.0492727 0.0 0.613137 -0.0495456 0.0 0.613293 -0.0498185 0.0 0.61345 -0.0500904 0.0 0.613608 -0.0503623 0.0 0.613767 -0.0506332 0.0 0.613926 -0.0509041 0.0 0.614087 -0.051174 0.0 0.614247 -0.051444 0.0 0.61441 -0.0517128 0.0 0.614572 -0.0519817 0.0 0.614736 -0.0522496 0.0 0.614901 -0.0525175 0.0 0.615066 -0.0527843 0.0 0.615232 -0.0530511 0.0 0.6154 -0.0533169 0.0 0.615567 -0.0535827 0.0 0.615736 -0.0538474 0.0 0.615906 -0.0541121 0.0 0.616076 -0.0543758 0.0 0.616247 -0.0546394 0.0 0.61642 -0.054902 0.0 0.616592 -0.0551646 0.0 0.616766 -0.0554261 0.0 0.61694 -0.0556876 0.0 0.617116 -0.0559479 0.0 0.617292 -0.0562083 0.0 0.617469 -0.0564676 0.0 0.617647 -0.0567269 0.0 0.617826 -0.0569851 0.0 0.618005 -0.0572432 0.0 0.618185 -0.0575002 0.0 0.618366 -0.0577573 0.0 0.618548 -0.0580132 0.0 0.618731 -0.058269 0.0 0.618914 -0.0585238 0.0 0.619098 -0.0587785 0.0 0.619284 -0.0590321 0.0 0.619469 -0.0592857 0.0 0.619656 -0.0595381 0.0 0.619843 -0.0597905 0.0 0.620032 -0.0600417 0.0 0.620221 -0.060293 0.0 0.620411 -0.060543 0.0 0.620601 -0.060793 0.0 0.620793 -0.0610419 0.0 0.620984 -0.0612907 0.0 0.621178 -0.0615383 0.0 0.621371 -0.061786 0.0 0.621566 -0.0620324 0.0 0.621761 -0.0622788 0.0 0.621957 -0.062524 0.0 0.622154 -0.0627691 0.0 0.622352 -0.0630131 0.0 0.62255 -0.063257 0.0 0.622749 -0.0634997 0.0 0.622949 -0.0637424 0.0 0.62315 -0.0639838 0.0 0.623351 -0.0642253 0.0 0.623553 -0.0644654 0.0 0.623756 -0.0647056 0.0 0.62396 -0.0649445 0.0 0.624164 -0.0651834 0.0 0.624369 -0.065421 0.0 0.624575 -0.0656586 0.0 0.624782 -0.0658949 0.0 0.624989 -0.0661312 0.0 0.625197 -0.0663662 0.0 0.625406 -0.0666012 0.0 0.625616 -0.0668349 0.0 0.625826 -0.0670686 0.0 0.626037 -0.0673009 0.0 0.626249 -0.0675333 0.0 0.626462 -0.0677643 0.0 0.626674 -0.0679953 0.0 0.626889 -0.068225 0.0 0.627103 -0.0684547 0.0 0.627319 -0.068683 0.0 0.627535 -0.0689114 0.0 0.627752 -0.0691384 0.0 0.627969 -0.0693653 0.0 0.628188 -0.0695909 0.0 0.628406 -0.0698165 0.0 0.628626 -0.0700408 0.0 0.628846 -0.070265 0.0 0.629068 -0.0704878 0.0 0.629289 -0.0707107 0.0 0.629512 -0.0709321 0.0 0.629735 -0.0711536 0.0 0.629959 -0.0713736 0.0 0.630183 -0.0715936 0.0 0.630409 -0.0718123 0.0 0.630635 -0.0720309 0.0 0.630862 -0.0722481 0.0 0.631089 -0.0724653 0.0 0.631317 -0.0726811 0.0 0.631545 -0.0728969 0.0 0.631775 -0.0731112 0.0 0.632005 -0.0733255 0.0 0.632236 -0.0735384 0.0 0.632467 -0.0737513 0.0 0.632699 -0.0739627 0.0 0.632931 -0.0741742 0.0 0.633165 -0.0743841 0.0 0.633399 -0.0745941 0.0 0.633634 -0.0748026 0.0 0.633869 -0.0750111 0.0 0.634105 -0.0752181 0.0 0.634341 -0.0754251 0.0 0.634579 -0.0756307 0.0 0.634817 -0.0758362 0.0 0.635056 -0.0760402 0.0 0.635294 -0.0762443 0.0 0.635535 -0.0764468 0.0 0.635775 -0.0766493 0.0 0.636016 -0.0768503 0.0 0.636258 -0.0770513 0.0 0.6365 -0.0772508 0.0 0.636743 -0.0774503 0.0 0.636987 -0.0776483 0.0 0.637231 -0.0778462 0.0 0.637476 -0.0780427 0.0 0.637721 -0.0782391 0.0 0.637968 -0.078434 0.0 0.638214 -0.0786288 0.0 0.638462 -0.0788222 0.0 0.638709 -0.0790155 0.0 0.638958 -0.0792073 0.0 0.639207 -0.079399 0.0 0.639457 -0.0795892 0.0 0.639707 -0.0797794 0.0 0.639958 -0.0799681 0.0 0.64021 -0.0801567 0.0 0.640462 -0.0803437 0.0 0.640714 -0.0805308 0.0 0.640968 -0.0807162 0.0 0.641221 -0.0809017 0.0 0.641476 -0.0810856 0.0 0.641731 -0.0812694 0.0 0.641987 -0.0814517 0.0 0.642243 -0.0816339 0.0 0.6425 -0.0818146 0.0 0.642757 -0.0819952 0.0 0.643015 -0.0821742 0.0 0.643273 -0.0823533 0.0 0.643532 -0.0825307 0.0 0.643792 -0.0827081 0.0 0.644052 -0.0828838 0.0 0.644312 -0.0830596 0.0 0.644574 -0.0832337 0.0 0.644835 -0.0834078 0.0 0.645098 -0.0835803 0.0 0.645361 -0.0837528 0.0 0.645624 -0.0839236 0.0 0.645888 -0.0840945 0.0 0.646153 -0.0842636 0.0 0.646417 -0.0844328 0.0 0.646683 -0.0846003 0.0 0.646949 -0.0847678 0.0 0.647216 -0.0849336 0.0 0.647483 -0.0850994 0.0 0.64775 -0.0852636 0.0 0.648018 -0.0854277 0.0 0.648287 -0.0855902 0.0 0.648556 -0.0857527 0.0 0.648826 -0.0859134 0.0 0.649096 -0.0860742 0.0 0.649367 -0.0862333 0.0 0.649638 -0.0863923 0.0 0.64991 -0.0865497 0.0 0.650181 -0.0867071 0.0 0.650454 -0.0868627 0.0 0.650727 -0.0870184 0.0 0.651001 -0.0871723 0.0 0.651275 -0.0873262 0.0 0.65155 -0.0874785 0.0 0.651825 -0.0876307 0.0 0.6521 -0.0877811 0.0 0.652376 -0.0879316 0.0 0.652653 -0.0880804 0.0 0.65293 -0.0882291 0.0 0.653207 -0.0883761 0.0 0.653485 -0.0885231 0.0 0.653763 -0.0886684 0.0 0.654042 -0.0888136 0.0 0.654321 -0.0889571 0.0 0.654601 -0.0891007 0.0 0.654881 -0.0892424 0.0 0.655162 -0.0893841 0.0 0.655443 -0.0895241 0.0 0.655724 -0.0896641 0.0 0.656006 -0.0898023 0.0 0.656288 -0.0899405 0.0 0.656571 -0.090077 0.0 0.656854 -0.0902134 0.0 0.657138 -0.0903481 0.0 0.657422 -0.0904827 0.0 0.657707 -0.0906156 0.0 0.657991 -0.0907484 0.0 0.658277 -0.0908795 0.0 0.658562 -0.0910106 0.0 0.658849 -0.0911399 0.0 0.659135 -0.0912692 0.0 0.659422 -0.0913966 0.0 0.659709 -0.0915241 0.0 0.659997 -0.0916498 0.0 0.660285 -0.0917755 0.0 0.660574 -0.0918993 0.0 0.660863 -0.0920232 0.0 0.661152 -0.0921452 0.0 0.661442 -0.0922673 0.0 0.661732 -0.0923875 0.0 0.662022 -0.0925077 0.0 0.662313 -0.0926261 0.0 0.662604 -0.0927445 0.0 0.662896 -0.0928611 0.0 0.663188 -0.0929776 0.0 0.66348 -0.0930924 0.0 0.663772 -0.0932071 0.0 0.664066 -0.09332 0.0 0.664359 -0.0934329 0.0 0.664653 -0.0935439 0.0 0.664947 -0.093655 0.0 0.665241 -0.0937642 0.0 0.665536 -0.0938734 0.0 0.665831 -0.0939807 0.0 0.666126 -0.0940881 0.0 0.666422 -0.0941936 0.0 0.666718 -0.0942991 0.0 0.667015 -0.0944027 0.0 0.667311 -0.0945063 0.0 0.667608 -0.0946081 0.0 0.667906 -0.0947098 0.0 0.668203 -0.0948097 0.0 0.668501 -0.0949096 0.0 0.6688 -0.0950076 0.0 0.669098 -0.0951057 0.0 0.669397 -0.0952018 0.0 0.669696 -0.0952979 0.0 0.669996 -0.0953922 0.0 0.670296 -0.0954865 0.0 0.670596 -0.0955788 0.0 0.670896 -0.0956712 0.0 0.671197 -0.0957617 0.0 0.671498 -0.0958522 0.0 0.671799 -0.0959408 0.0 0.672101 -0.0960294 0.0 0.672403 -0.0961161 0.0 0.672705 -0.0962028 0.0 0.673007 -0.0962876 0.0 0.67331 -0.0963724 0.0 0.673613 -0.0964553 0.0 0.673916 -0.0965382 0.0 0.674219 -0.0966192 0.0 0.674523 -0.0967001 0.0 0.674827 -0.0967792 0.0 0.675131 -0.0968583 0.0 0.675436 -0.0969355 0.0 0.67574 -0.0970127 0.0 0.676045 -0.0970879 0.0 0.67635 -0.0971632 0.0 0.676656 -0.0972365 0.0 0.676961 -0.0973099 0.0 0.677267 -0.0973813 0.0 0.677573 -0.0974527 0.0 0.677879 -0.0975222 0.0 0.678186 -0.0975917 0.0 0.678492 -0.0976592 0.0 0.678799 -0.0977268 0.0 0.679107 -0.0977925 0.0 0.679414 -0.0978581 0.0 0.679721 -0.0979218 0.0 0.680029 -0.0979855 0.0 0.680337 -0.0980473 0.0 0.680645 -0.0981091 0.0 0.680953 -0.0981689 0.0 0.681262 -0.0982287 0.0 0.681571 -0.0982866 0.0 0.681879 -0.0983445 0.0 0.682189 -0.0984005 0.0 0.682498 -0.0984564 0.0 0.682807 -0.0985104 0.0 0.683117 -0.0985645 0.0 0.683426 -0.0986165 0.0 0.683736 -0.0986686 0.0 0.684046 -0.0987187 0.0 0.684357 -0.0987688 0.0 0.684667 -0.098817 0.0 0.684977 -0.0988652 0.0 0.685288 -0.0989114 0.0 0.685599 -0.0989576 0.0 0.68591 -0.0990019 0.0 0.686221 -0.0990461 0.0 0.686532 -0.0990885 0.0 0.686844 -0.0991308 0.0 0.687155 -0.0991711 0.0 0.687467 -0.0992115 0.0 0.687778 -0.0992499 0.0 0.68809 -0.0992883 0.0 0.688402 -0.0993247 0.0 0.688714 -0.0993611 0.0 0.689027 -0.0993956 0.0 0.689339 -0.0994301 0.0 0.689651 -0.0994626 0.0 0.689964 -0.0994951 0.0 0.690276 -0.0995256 0.0 0.690589 -0.0995562 0.0 0.690902 -0.0995848 0.0 0.691215 -0.0996134 0.0 0.691528 -0.09964 0.0 0.691841 -0.0996666 0.0 0.692154 -0.0996912 0.0 0.692467 -0.0997159 0.0 0.692781 -0.0997386 0.0 0.693094 -0.0997613 0.0 0.693407 -0.099782 0.0 0.693721 -0.0998027 0.0 0.694035 -0.0998214 0.0 0.694348 -0.0998402 0.0 0.694662 -0.0998569 0.0 0.694976 -0.0998737 0.0 0.695289 -0.0998885 0.0 0.695603 -0.0999033 0.0 0.695917 -0.0999161 0.0 0.696231 -0.0999289 0.0 0.696545 -0.0999398 0.0 0.696859 -0.0999507 0.0 0.697173 -0.0999595 0.0 0.697487 -0.0999684 0.0 0.697801 -0.0999753 0.0 0.698115 -0.0999822 0.0 0.698429 -0.0999872 0.0 0.698743 -0.0999921 0.0 0.699058 -0.0999951 0.0 0.699372 -0.099998 0.0 0.699686 -0.099999 0.0 0.7 -0.1 0.0 0.700314 -0.099999 0.0 0.700628 -0.099998 0.0 0.700942 -0.0999951 0.0 0.701257 -0.0999921 0.0 0.701571 -0.0999872 0.0 0.701885 -0.0999822 0.0 0.702199 -0.0999753 0.0 0.702513 -0.0999684 0.0 0.702827 -0.0999595 0.0 0.703141 -0.0999507 0.0 0.703455 -0.0999398 0.0 0.703769 -0.0999289 0.0 0.704083 -0.0999161 0.0 0.704397 -0.0999033 0.0 0.704711 -0.0998885 0.0 0.705024 -0.0998737 0.0 0.705338 -0.0998569 0.0 0.705652 -0.0998402 0.0 0.705965 -0.0998214 0.0 0.706279 -0.0998027 0.0 0.706593 -0.099782 0.0 0.706906 -0.0997613 0.0 0.707219 -0.0997386 0.0 0.707533 -0.0997159 0.0 0.707846 -0.0996912 0.0 0.708159 -0.0996666 0.0 0.708472 -0.09964 0.0 0.708785 -0.0996134 0.0 0.709098 -0.0995848 0.0 0.709411 -0.0995562 0.0 0.709724 -0.0995256 0.0 0.710036 -0.0994951 0.0 0.710349 -0.0994626 0.0 0.710661 -0.0994301 0.0 0.710973 -0.0993956 0.0 0.711286 -0.0993611 0.0 0.711598 -0.0993247 0.0 0.71191 -0.0992883 0.0 0.712222 -0.0992499 0.0 0.712533 -0.0992115 0.0 0.712845 -0.0991711 0.0 0.713156 -0.0991308 0.0 0.713468 -0.0990885 0.0 0.713779 -0.0990461 0.0 0.71409 -0.0990019 0.0 0.714401 -0.0989576 0.0 0.714712 -0.0989114 0.0 0.715023 -0.0988652 0.0 0.715333 -0.098817 0.0 0.715643 -0.0987688 0.0 0.715954 -0.0987187 0.0 0.716264 -0.0986686 0.0 0.716574 -0.0986165 0.0 0.716883 -0.0985645 0.0 0.717193 -0.0985104 0.0 0.717502 -0.0984564 0.0 0.717811 -0.0984005 0.0 0.718121 -0.0983445 0.0 0.718429 -0.0982866 0.0 0.718738 -0.0982287 0.0 0.719047 -0.0981689 0.0 0.719355 -0.0981091 0.0 0.719663 -0.0980473 0.0 0.719971 -0.0979855 0.0 0.720279 -0.0979218 0.0 0.720586 -0.0978581 0.0 0.720893 -0.0977925 0.0 0.721201 -0.0977268 0.0 0.721508 -0.0976592 0.0 0.721814 -0.0975917 0.0 0.722121 -0.0975222 0.0 0.722427 -0.0974527 0.0 0.722733 -0.0973813 0.0 0.723039 -0.0973099 0.0 0.723344 -0.0972365 0.0 0.72365 -0.0971632 0.0 0.723955 -0.0970879 0.0 0.72426 -0.0970127 0.0 0.724564 -0.0969355 0.0 0.724869 -0.0968583 0.0 0.725173 -0.0967792 0.0 0.725477 -0.0967001 0.0 0.725781 -0.0966192 0.0 0.726084 -0.0965382 0.0 0.726387 -0.0964553 0.0 0.72669 -0.0963724 0.0 0.726993 -0.0962876 0.0 0.727295 -0.0962028 0.0 0.727597 -0.0961161 0.0 0.727899 -0.0960294 0.0 0.728201 -0.0959408 0.0 0.728502 -0.0958522 0.0 0.728803 -0.0957617 0.0 0.729104 -0.0956712 0.0 0.729404 -0.0955788 0.0 0.729704 -0.0954865 0.0 0.730004 -0.0953922 0.0 0.730304 -0.0952979 0.0 0.730603 -0.0952018 0.0 0.730902 -0.0951057 0.0 0.7312 -0.0950076 0.0 0.731499 -0.0949096 0.0 0.731797 -0.0948097 0.0 0.732094 -0.0947098 0.0 0.732392 -0.0946081 0.0 0.732689 -0.0945063 0.0 0.732985 -0.0944027 0.0 0.733282 -0.0942991 0.0 0.733578 -0.0941936 0.0 0.733874 -0.0940881 0.0 0.734169 -0.0939807 0.0 0.734464 -0.0938734 0.0 0.734759 -0.0937642 0.0 0.735053 -0.093655 0.0 0.735347 -0.0935439 0.0 0.735641 -0.0934329 0.0 0.735934 -0.09332 0.0 0.736228 -0.0932071 0.0 0.73652 -0.0930924 0.0 0.736812 -0.0929776 0.0 0.737104 -0.0928611 0.0 0.737396 -0.0927445 0.0 0.737687 -0.0926261 0.0 0.737978 -0.0925077 0.0 0.738268 -0.0923875 0.0 0.738558 -0.0922673 0.0 0.738848 -0.0921452 0.0 0.739137 -0.0920232 0.0 0.739426 -0.0918993 0.0 0.739715 -0.0917755 0.0 0.740003 -0.0916498 0.0 0.740291 -0.0915241 0.0 0.740578 -0.0913966 0.0 0.740865 -0.0912692 0.0 0.741151 -0.0911399 0.0 0.741438 -0.0910106 0.0 0.741723 -0.0908795 0.0 0.742009 -0.0907484 0.0 0.742293 -0.0906156 0.0 0.742578 -0.0904827 0.0 0.742862 -0.0903481 0.0 0.743146 -0.0902134 0.0 0.743429 -0.090077 0.0 0.743712 -0.0899405 0.0 0.743994 -0.0898023 0.0 0.744276 -0.0896641 0.0 0.744557 -0.0895241 0.0 0.744838 -0.0893841 0.0 0.745119 -0.0892424 0.0 0.745399 -0.0891007 0.0 0.745679 -0.0889571 0.0 0.745958 -0.0888136 0.0 0.746237 -0.0886684 0.0 0.746515 -0.0885231 0.0 0.746793 -0.0883761 0.0 0.74707 -0.0882291 0.0 0.747347 -0.0880804 0.0 0.747624 -0.0879316 0.0 0.7479 -0.0877811 0.0 0.748175 -0.0876307 0.0 0.74845 -0.0874785 0.0 0.748725 -0.0873262 0.0 0.748999 -0.0871723 0.0 0.749273 -0.0870184 0.0 0.749546 -0.0868627 0.0 0.749819 -0.0867071 0.0 0.75009 -0.0865497 0.0 0.750362 -0.0863923 0.0 0.750633 -0.0862333 0.0 0.750904 -0.0860742 0.0 0.751174 -0.0859134 0.0 0.751444 -0.0857527 0.0 0.751713 -0.0855902 0.0 0.751982 -0.0854277 0.0 0.75225 -0.0852636 0.0 0.752517 -0.0850994 0.0 0.752784 -0.0849336 0.0 0.753051 -0.0847678 0.0 0.753317 -0.0846003 0.0 0.753583 -0.0844328 0.0 0.753847 -0.0842636 0.0 0.754112 -0.0840945 0.0 0.754376 -0.0839236 0.0 0.754639 -0.0837528 0.0 0.754902 -0.0835803 0.0 0.755165 -0.0834078 0.0 0.755426 -0.0832337 0.0 0.755688 -0.0830596 0.0 0.755948 -0.0828838 0.0 0.756208 -0.0827081 0.0 0.756468 -0.0825307 0.0 0.756727 -0.0823533 0.0 0.756985 -0.0821742 0.0 0.757243 -0.0819952 0.0 0.7575 -0.0818146 0.0 0.757757 -0.0816339 0.0 0.758013 -0.0814517 0.0 0.758269 -0.0812694 0.0 0.758524 -0.0810856 0.0 0.758779 -0.0809017 0.0 0.759032 -0.0807162 0.0 0.759286 -0.0805308 0.0 0.759538 -0.0803437 0.0 0.75979 -0.0801567 0.0 0.760042 -0.0799681 0.0 0.760293 -0.0797794 0.0 0.760543 -0.0795892 0.0 0.760793 -0.079399 0.0 0.761042 -0.0792073 0.0 0.761291 -0.0790155 0.0 0.761538 -0.0788222 0.0 0.761786 -0.0786288 0.0 0.762032 -0.078434 0.0 0.762279 -0.0782391 0.0 0.762524 -0.0780427 0.0 0.762769 -0.0778462 0.0 0.763013 -0.0776483 0.0 0.763257 -0.0774503 0.0 0.7635 -0.0772508 0.0 0.763742 -0.0770513 0.0 0.763984 -0.0768503 0.0 0.764225 -0.0766493 0.0 0.764465 -0.0764468 0.0 0.764706 -0.0762443 0.0 0.764944 -0.0760402 0.0 0.765183 -0.0758362 0.0 0.765421 -0.0756307 0.0 0.765659 -0.0754251 0.0 0.765895 -0.0752181 0.0 0.766131 -0.0750111 0.0 0.766366 -0.0748026 0.0 0.766601 -0.0745941 0.0 0.766835 -0.0743841 0.0 0.767069 -0.0741742 0.0 0.767301 -0.0739627 0.0 0.767533 -0.0737513 0.0 0.767764 -0.0735384 0.0 0.767995 -0.0733255 0.0 0.768225 -0.0731112 0.0 0.768455 -0.0728969 0.0 0.768683 -0.0726811 0.0 0.768911 -0.0724653 0.0 0.769138 -0.0722481 0.0 0.769365 -0.0720309 0.0 0.769591 -0.0718123 0.0 0.769817 -0.0715936 0.0 0.770041 -0.0713736 0.0 0.770265 -0.0711536 0.0 0.770488 -0.0709321 0.0 0.770711 -0.0707107 0.0 0.770932 -0.0704878 0.0 0.771154 -0.070265 0.0 0.771374 -0.0700408 0.0 0.771594 -0.0698165 0.0 0.771812 -0.0695909 0.0 0.772031 -0.0693653 0.0 0.772248 -0.0691384 0.0 0.772465 -0.0689114 0.0 0.772681 -0.068683 0.0 0.772897 -0.0684547 0.0 0.773111 -0.068225 0.0 0.773326 -0.0679953 0.0 0.773538 -0.0677643 0.0 0.773751 -0.0675333 0.0 0.773963 -0.0673009 0.0 0.774174 -0.0670686 0.0 0.774384 -0.0668349 0.0 0.774594 -0.0666012 0.0 0.774803 -0.0663662 0.0 0.775011 -0.0661312 0.0 0.775218 -0.0658949 0.0 0.775425 -0.0656586 0.0 0.775631 -0.065421 0.0 0.775836 -0.0651834 0.0 0.77604 -0.0649445 0.0 0.776244 -0.0647056 0.0 0.776447 -0.0644654 0.0 0.776649 -0.0642253 0.0 0.77685 -0.0639838 0.0 0.777051 -0.0637424 0.0 0.777251 -0.0634997 0.0 0.77745 -0.063257 0.0 0.777648 -0.0630131 0.0 0.777846 -0.0627691 0.0 0.778043 -0.062524 0.0 0.778239 -0.0622788 0.0 0.778434 -0.0620324 0.0 0.778629 -0.061786 0.0 0.778822 -0.0615383 0.0 0.779016 -0.0612907 0.0 0.779207 -0.0610419 0.0 0.779399 -0.060793 0.0 0.779589 -0.060543 0.0 0.779779 -0.060293 0.0 0.779968 -0.0600417 0.0 0.780157 -0.0597905 0.0 0.780344 -0.0595381 0.0 0.780531 -0.0592857 0.0 0.780716 -0.0590321 0.0 0.780902 -0.0587785 0.0 0.781086 -0.0585238 0.0 0.781269 -0.058269 0.0 0.781452 -0.0580132 0.0 0.781634 -0.0577573 0.0 0.781815 -0.0575002 0.0 0.781995 -0.0572432 0.0 0.782174 -0.0569851 0.0 0.782353 -0.0567269 0.0 0.782531 -0.0564676 0.0 0.782708 -0.0562083 0.0 0.782884 -0.0559479 0.0 0.78306 -0.0556876 0.0 0.783234 -0.0554261 0.0 0.783408 -0.0551646 0.0 0.78358 -0.054902 0.0 0.783753 -0.0546394 0.0 0.783924 -0.0543758 0.0 0.784094 -0.0541121 0.0 0.784264 -0.0538474 0.0 0.784433 -0.0535827 0.0 0.7846 -0.0533169 0.0 0.784768 -0.0530511 0.0 0.784934 -0.0527843 0.0 0.785099 -0.0525175 0.0 0.785264 -0.0522496 0.0 0.785428 -0.0519817 0.0 0.78559 -0.0517128 0.0 0.785753 -0.051444 0.0 0.785913 -0.051174 0.0 0.786074 -0.0509041 0.0 0.786233 -0.0506332 0.0 0.786392 -0.0503623 0.0 0.78655 -0.0500904 0.0 0.786707 -0.0498185 0.0 0.786863 -0.0495456 0.0 0.787018 -0.0492727 0.0 0.787172 -0.0489989 0.0 0.787326 -0.048725 0.0 0.787478 -0.0484502 0.0 0.787631 -0.0481754 0.0 0.787781 -0.0478996 0.0 0.787932 -0.0476238 0.0 0.78808 -0.0473471 0.0 0.788229 -0.0470704 0.0 0.788376 -0.0467928 0.0 0.788523 -0.0465151 0.0 0.788668 -0.0462365 0.0 0.788814 -0.045958 0.0 0.788957 -0.0456785 0.0 0.789101 -0.0453991 0.0 0.789242 -0.0451187 0.0 0.789384 -0.0448383 0.0 0.789524 -0.0445571 0.0 0.789664 -0.0442758 0.0 0.789802 -0.0439937 0.0 0.789941 -0.0437116 0.0 0.790077 -0.0434286 0.0 0.790213 -0.0431456 0.0 0.790348 -0.0428618 0.0 0.790483 -0.0425779 0.0 0.790616 -0.0422933 0.0 0.790748 -0.0420086 0.0 0.79088 -0.0417231 0.0 0.791011 -0.0414376 0.0 0.79114 -0.0411512 0.0 0.791269 -0.0408649 0.0 0.791397 -0.0405778 0.0 0.791524 -0.0402906 0.0 0.79165 -0.0400027 0.0 0.791775 -0.0397148 0.0 0.791899 -0.0394261 0.0 0.792023 -0.0391374 0.0 0.792145 -0.0388479 0.0 0.792267 -0.0385584 0.0 0.792387 -0.0382682 0.0 0.792508 -0.0379779 0.0 0.792626 -0.0376869 0.0 0.792745 -0.0373959 0.0 0.792861 -0.0371042 0.0 0.792978 -0.0368125 0.0 0.793092 -0.03652 0.0 0.793207 -0.0362275 0.0 0.79332 -0.0359344 0.0 0.793433 -0.0356412 0.0 0.793544 -0.0353473 0.0 0.793655 -0.0350534 0.0 0.793764 -0.0347589 0.0 0.793873 -0.0344643 0.0 0.793981 -0.034169 0.0 0.794088 -0.0338738 0.0 0.794194 -0.0335779 0.0 0.794299 -0.033282 0.0 0.794403 -0.0329854 0.0 0.794506 -0.0326888 0.0 0.794608 -0.0323916 0.0 0.79471 -0.0320944 0.0 0.79481 -0.0317965 0.0 0.79491 -0.0314987 0.0 0.795008 -0.0312002 0.0 0.795106 -0.0309017 0.0 0.795202 -0.0306026 0.0 0.795298 -0.0303035 0.0 0.795392 -0.0300038 0.0 0.795486 -0.0297042 0.0 0.795579 -0.0294039 0.0 0.795671 -0.0291036 0.0 0.795762 -0.0288028 0.0 0.795852 -0.0285019 0.0 0.795941 -0.0282005 0.0 0.796029 -0.0278991 0.0 0.796116 -0.0275972 0.0 0.796203 -0.0272952 0.0 0.796288 -0.0269927 0.0 0.796372 -0.0266902 0.0 0.796455 -0.0263872 0.0 0.796538 -0.0260842 0.0 0.796619 -0.0257806 0.0 0.7967 -0.0254771 0.0 0.796779 -0.025173 0.0 0.796858 -0.024869 0.0 0.796935 -0.0245645 0.0 0.797013 -0.0242599 0.0 0.797088 -0.0239549 0.0 0.797163 -0.0236499 0.0 0.797237 -0.0233444 0.0 0.79731 -0.0230389 0.0 0.797381 -0.022733 0.0 0.797453 -0.0224271 0.0 0.797522 -0.0221207 0.0 0.797592 -0.0218143 0.0 0.797659 -0.0215075 0.0 0.797727 -0.0212007 0.0 0.797792 -0.0208935 0.0 0.797858 -0.0205863 0.0 0.797922 -0.0202786 0.0 0.797986 -0.019971 0.0 0.798047 -0.019663 0.0 0.798109 -0.0193549 0.0 0.798169 -0.0190465 0.0 0.798229 -0.0187381 0.0 0.798287 -0.0184294 0.0 0.798345 -0.0181206 0.0 0.7984 -0.0178114 0.0 0.798456 -0.0175023 0.0 0.79851 -0.0171928 0.0 0.798564 -0.0168833 0.0 0.798617 -0.0165735 0.0 0.798669 -0.0162637 0.0 0.798719 -0.0159536 0.0 0.798769 -0.0156434 0.0 0.798817 -0.015333 0.0 0.798865 -0.0150226 0.0 0.798911 -0.0147118 0.0 0.798958 -0.0144011 0.0 0.799002 -0.0140901 0.0 0.799046 -0.013779 0.0 0.799088 -0.0134677 0.0 0.799131 -0.0131564 0.0 0.799171 -0.0128449 0.0 0.799211 -0.0125333 0.0 0.79925 -0.0122215 0.0 0.799288 -0.0119097 0.0 0.799325 -0.0115977 0.0 0.799361 -0.0112856 0.0 0.799396 -0.0109734 0.0 0.79943 -0.0106611 0.0 0.799463 -0.0103486 0.0 0.799495 -0.0100362 0.0 0.799526 -0.0097235 0.0 0.799556 -0.00941083 0.0 0.799585 -0.00909798 0.0 0.799613 -0.00878512 0.0 0.79964 -0.00847209 0.0 0.799667 -0.00815906 0.0 0.799691 -0.00784587 0.0 0.799716 -0.00753268 0.0 0.799739 -0.00721934 0.0 0.799761 -0.006906 0.0 0.799782 -0.00659253 0.0 0.799803 -0.00627905 0.0 0.799821 -0.00596545 0.0 0.79984 -0.00565185 0.0 0.799857 -0.00533814 0.0 0.799874 -0.00502443 0.0 0.799888 -0.00471062 0.0 0.799903 -0.00439681 0.0 0.799916 -0.00408292 0.0 0.799929 -0.00376902 0.0 0.79994 -0.00345505 0.0 0.799951 -0.00314108 0.0 0.79996 -0.00282704 0.0 0.799968 -0.00251301 0.0 0.799975 -0.00219893 0.0 0.799982 -0.00188484 0.0 0.799987 -0.00157072 0.0 0.799992 -0.0012566 0.0 0.799995 -0.000942459 0.0 0.799998 -0.000628314 0.0 0.799999 -0.000314157 0.0 
        </DataArray>
      </Points>
      <Polys>
        <DataArray type="Int64" Name="connectivity" format="ascii">
0 1 1 2 2 3 3 4 4 5 5 6 6 7 7 8 8 9 9 10 10 11 11 12 12 13 13 14 14 15 15 16 16 17 17 18 18 19 19 20 20 21 21 22 22 23 23 24 24 25 25 26 26 27 27 28 28 29 29 30 30 31 31 32 32 33 33 34 34 35 35 36 36 37 37 38 38 39 39 40 40 41 41 42 42 43 43 44 44 45 45 46 46 47 47 48 48 49 49 50 50 51 51 52 52 53 53 54 54 55 55 56 56 57 57 58 58 59 59 60 60 61 61 62 62 63 63 64 64 65 65 66 66 67 67 68 68 69 69 70 70 71 71 72 72 73 73 74 74 75 75 76 76 77 77 78 78 79 79 80 80 81 81 82 82 83 83 84 84 85 85 86 86 87 87 88 88 89 89 90 90 91 91 92 92 93 93 94 94 95 95 96 96 97 97 98 98 99 99 100 100 101 101 102 102 103 103 104 104 105 105 106 106 107 107 108 108 109 109 110 110 111 111 112 112 113 113 114 114 115 115 116 116 117 117 118 118 119 119 120 120 121 121 122 122 123 123 124 124 125 125 126 126 127 127 128 128 129 129 130 130 131 131 132 132 133 133 134 134 135 135 136 136 137 137 138 138 139 139 140 140 141 141 142 142 143 143 144 144 145 145 146 146 147 147 148 148 149 149 150 150 151 151 152 152 153 153 154 154 155 155 156 156 157 157 158 158 159 159 160 160 161 161 162 162 163 163 164 164 165 165 166 166 167 167 168 168 169 169 170 170 171 171 172 172 173 173 174 174 175 175 176 176 177 177 178 178 179 179 180 180 181 181 182 182 183 183 184 184 185 185 186 186 187 187 188 188 189 189 190 190 191 191 192 192 193 193 194 194 195 195 196 196 197 197 198 198 199 199 200 200 201 201 202 202 203 203 204 204 205 205 206 206 207 207 208 208 209 209 210 210 211 211 212 212 213 213 214 214 215 215 216 216 217 217 218 218 219 219 220 220 221 221 222 222 223 223 224 224 225 225 226 226 227 227 228 228 229 229 230 230 231 231 232 232 233 233 234 234 235 235 236 236 237 237 238 238 239 239 240 240 241 241 242 242 243 243 244 244 245 245 246 246 247 247 248 248 249 249 250 250 251 251 252 252 253 253 254 254 255 255 256 256 257 257 258 258 259 259 260 260 261 261 262 262 263 263 264 264 265 265 266 266 267 267 268 268 269 269 270 270 271 271 272 272 273 273 274 274 275 275 276 276 277 277 278 278 279 279 280 280 281 281 282 282 283 283 284 284 285 285 286 286 287 287 288 288 289 289 290 290 291 291 292 292 293 293 294 294 295 295 296 296 297 297 298 298 299 299 300 300 301 301 302 302 303 303 304 304 305 305 306 306 307 307 308 308 309 309 310 310 311 311 312 312 313 313 314 314 315 315 316 316 317 317 318 318 319 319 320 320 321 321 322 322 323 323 324 324 325 325 326 326 327 327 328 328 329 329 330 330 331 331 332 332 333 333 334 334 335 335 336 336 337 337 338 338 339 339 340 340 341 341 342 342 343 343 344 344 345 345 346 346 347 347 348 348 349 349 350 350 351 351 352 352 353 353 354 354 355 355 356 356 357 357 358 358 359 359 360 360 361 361 362 362 363 363 364 364 365 365 366 366 367 367 368 368 369 369 370 370 371 371 372 372 373 373 374 374 375 375 376 376 377 377 378 378 379 379 380 380 381 381 382 382 383 383 384 384 385 385 386 386 387 387 388 388 389 389 390 390 391 391 392 392 393 393 394 394 395 395 396 396 397 397 398 398 399 399 400 400 401 401 402 402 403 403 404 404 405 405 406 406 407 407 408 408 409 409 410 410 411 411 412 412 413 413 414 414 415 415 416 416 417 417 418 418 419 419 420 420 421 421 422 422 423 423 424 424 425 425 426 426 427 427 428 428 429 429 430 430 431 431 432 432 433 433 434 434 435 435 436 436 437 437 438 438 439 439 440 440 441 441 442 442 443 443 444 444 445 445 446 446 447 447 448 448 449 449 450 450 451 451 452 452 453 453 454 454 455 455 456 456 457 457 458 458 459 459 460 460 461 461 462 462 463 463 464 464 465 465 466 466 467 467 468 468 469 469 470 470 471 471 472 472 473 473 474 474 475 475 476 476 477 477 478 478 479 479 480 480 481 481 482 482 483 483 484 484 485 485 486 486 487 487 488 488 489 489 490 490 491 491 492 492 493 493 494 494 495 495 496 496 497 497 498 498 499 499 500 500 501 501 502 502 503 503 504 504 505 505 506 506 507 507 508 508 509 509 510 510 511 511 512 512 513 513 514 514 515 515 516 516 517 517 518 518 519 519 520 520 521 521 522 522 523 523 524 524 525 525 526 526 527 527 528 528 529 529 530 530 531 531 532 532 533 533 534 534 535 535 536 536 537 537 538 538 539 539 540 540 541 541 542 542 543 543 544 544 545 545 546 546 547 547 548 548 549 549 550 550 551 551 552 552 553 553 554 554 555 555 556 556 557 557 558 558 559 559 560 560 561 561 562 562 563 563 564 564 565 565 566 566 567 567 568 568 569 569 570 570 571 571 572 572 573 573 574 574 575 575 576 576 577 577 578 578 579 579 580 580 581 581 582 582 583 583 584 584 585 585 586 586 587 587 588 588 589 589 590 590 591 591 592 592 593 593 594 594 595 595 596 596 597 597 598 598 599 599 600 600 601 601 602 602 603 603 604 604 605 605 606 606 607 607 608 608 609 609 610 610 611 611 612 612 613 613 614 614 615 615 616 616 617 617 618 618 619 619 620 620 621 621 622 622 623 623 624 624 625 625 626 626 627 627 628 628 629 629 630 630 631 631 632 632 633 633 634 634 635 635 636 636 637 637 638 638 639 639 640 640 641 641 642 642 643 643 644 644 645 645 646 646 647 647 648 648 649 649 650 650 651 651 652 652 653 653 654 654 655 655 656 656 657 657 658 658 659 659 660 660 661 661 662 662 663 663 664 664 665 665 666 666 667 667 668 668 669 669 670 670 671 671 672 672 673 673 674 674 675 675 676 676 677 677 678 678 679 679 680 680 681 681 682 682 683 683 684 684 685 685 686 686 687 687 688 688 689 689 690 690 691 691 692 692 693 693 694 694 695 695 696 696 697 697 698 698 699 699 700 700 701 701 702 702 703 703 704 704 705 705 706 706 707 707 708 708 709 709 710 710 711 711 712 712 713 713 714 714 715 715 716 716 717 717 718 718 719 719 720 720 721 721 722 722 723 723 724 724 725 725 726 726 727 727 728 728 729 729 730 730 731 731 732 732 733 733 734 734 735 735 736 736 737 737 738 738 739 739 740 740 741 741 742 742 743 743 744 744 745 745 746 746 747 747 748 748 749 749 750 750 751 751 752 752 753 753 754 754 755 755 756 756 757 757 758 758 759 759 760 760 761 761 762 762 763 763 764 764 765 765 766 766 767 767 768 768 769 769 770 770 771 771 772 772 773 773 774 774 775 775 776 776 777 777 778 778 779 779 780 780 781 781 782 782 783 783 784 784 785 785 786 786 787 787 788 788 789 789 790 790 791 791 792 792 793 793 794 794 795 795 796 796 797 797 798 798 799 799 800 800 801 801 802 802 803 803 804 804 805 805 806 806 807 807 808 808 809 809 810 810 811 811 812 812 813 813 814 814 815 815 816 816 817 817 818 818 819 819 820 820 821 821 822 822 823 823 824 824 825 825 826 826 827 827 828 828 829 829 830 830 831 831 832 832 833 833 834 834 835 835 836 836 837 837 838 838 839 839 840 840 841 841 842 842 843 843 844 844 845 845 846 846 847 847 848 848 849 849 850 850 851 851 852 852 853 853 854 854 855 855 856 856 857 857 858 858 859 859 860 860 861 861 862 862 863 863 864 864 865 865 866 866 867 867 868 868 869 869 870 870 871 871 872 872 873 873 874 874 875 875 876 876 877 877 878 878 879 879 880 880 881 881 882 882 883 883 884 884 885 885 886 886 887 887 888 888 889 889 890 890 891 891 892 892 893 893 894 894 895 895 896 896 897 897 898 898 899 899 900 900 901 901 902 902 903 903 904 904 905 905 906 906 907 907 908 908 909 909 910 910 911 911 912 912 913 913 914 914 915 915 916 916 917 917 918 918 919 919 920 920 921 921 922 922 923 923 924 924 925 925 926 926 927 927 928 928 929 929 930 930 931 931 932 932 933 933 934 934 935 935 936 936 937 937 938 938 939 939 940 940 941 941 942 942 943 943 944 944 945 945 946 946 947 947 948 948 949 949 950 950 951 951 952 952 953 953 954 954 955 955 956 956 957 957 958 958 959 959 960 960 961 961 962 962 963 963 964 964 965 965 966 966 967 967 968 968 969 969 970 970 971 971 972 972 973 973 974 974 975 975 976 976 977 977 978 978 979 979 980 980 981 981 982 982 983 983 984 984 985 985 986 986 987 987 988 988 989 989 990 990 991 991 992 992 993 993 994 994 995 995 996 996 997 997 998 998 999 999 1000 1000 1001 1001 1002 1002 1003 1003 1004 1004 1005 1005 1006 1006 1007 1007 1008 1008 1009 1009 1010 1010 1011 1011 1012 1012 1013 1013 1014 1014 1015 1015 1016 1016 1017 1017 1018 1018 1019 1019 1020 1020 1021 1021 1022 1022 1023 1023 1024 1024 1025 1025 1026 1026 1027 1027 1028 1028 1029 1029 1030 1030 1031 1031 1032 1032 1033 1033 1034 1034 1035 1035 1036 1036 1037 1037 1038 1038 1039 1039 1040 1040 1041 1041 1042 1042 1043 1043 1044 1044 1045 1045 1046 1046 1047 1047 1048 1048 1049 1049 1050 1050 1051 1051 1052 1052 1053 1053 1054 1054 1055 1055 1056 1056 1057 1057 1058 1058 1059 1059 1060 1060 1061 1061 1062 1062 1063 1063 1064 1064 1065 1065 1066 1066 1067 1067 1068 1068 1069 1069 1070 1070 1071 1071 1072 1072 1073 1073 1074 1074 1075 1075 1076 1076 1077 1077 1078 1078 1079 1079 1080 1080 1081 1081 1082 1082 1083 1083 1084 1084 1085 1085 1086 1086 1087 1087 1088 1088 1089 1089 1090 1090 1091 1091 1092 1092 1093 1093 1094 1094 1095 1095 1096 1096 1097 1097 1098 1098 1099 1099 1100 1100 1101 1101 1102 1102 1103 1103 1104 1104 1105 1105 1106 1106 1107 1107 1108 1108 1109 1109 1110 1110 1111 1111 1112 1112 1113 1113 1114 1114 1115 1115 1116 1116 1117 1117 1118 1118 1119 1119 1120 1120 1121 1121 1122 1122 1123 1123 1124 1124 1125 1125 1126 1126 1127 1127 1128 1128 1129 1129 1130 1130 1131 1131 1132 1132 1133 1133 1134 1134 1135 1135 1136 1136 1137 1137 1138 1138 1139 1139 1140 1140 1141 1141 1142 1142 1143 1143 1144 1144 1145 1145 1146 1146 1147 1147 1148 1148 1149 1149 1150 1150 1151 1151 1152 1152 1153 1153 1154 1154 1155 1155 1156 1156 1157 1157 1158 1158 1159 1159 1160 1160 1161 1161 1162 1162 1163 1163 1164 1164 1165 1165 1166 1166 1167 1167 1168 1168 1169 1169 1170 1170 1171 1171 1172 1172 1173 1173 1174 1174 1175 1175 1176 1176 1177 1177 1178 1178 1179 1179 1180 1180 1181 1181 1182 1182 1183 1183 1184 1184 1185 1185 1186 1186 1187 1187 1188 1188 1189 1189 1190 1190 1191 1191 1192 1192 1193 1193 1194 1194 1195 1195 1196 1196 1197 1197 1198 1198 1199 1199 1200 1200 1201 1201 1202 1202 1203 1203 1204 1204 1205 1205 1206 1206 1207 1207 1208 1208 1209 1209 1210 1210 1211 1211 1212 1212 1213 1213 1214 1214 1215 1215 1216 1216 1217 1217 1218 1218 1219 1219 1220 1220 1221 1221 1222 1222 1223 1223 1224 1224 1225 1225 1226 1226 1227 1227 1228 1228 1229 1229 1230 1230 1231 1231 1232 1232 1233 1233 1234 1234 1235 1235 1236 1236 1237 1237 1238 1238 1239 1239 1240 1240 1241 1241 1242 1242 1243 1243 1244 1244 1245 1245 1246 1246 1247 1247 1248 1248 1249 1249 1250 1250 1251 1251 1252 1252 1253 1253 1254 1254 1255 1255 1256 1256 1257 1257 1258 1258 1259 1259 1260 1260 1261 1261 1262 1262 1263 1263 1264 1264 1265 1265 1266 1266 1267 1267 1268 1268 1269 1269 1270 1270 1271 1271 1272 1272 1273 1273 1274 1274 1275 1275 1276 1276 1277 1277 1278 1278 1279 1279 1280 1280 1281 1281 1282 1282 1283 1283 1284 1284 1285 1285 1286 1286 1287 1287 1288 1288 1289 1289 1290 1290 1291 1291 1292 1292 1293 1293 1294 1294 1295 1295 1296 1296 1297 1297 1298 1298 1299 1299 1300 1300 1301 1301 1302 1302 1303 1303 1304 1304 1305 1305 1306 1306 1307 1307 1308 1308 1309 1309 1310 1310 1311 1311 1312 1312 1313 1313 1314 1314 1315 1315 1316 1316 1317 1317 1318 1318 1319 1319 1320 1320 1321 1321 1322 1322 1323 1323 1324 1324 1325 1325 1326 1326 1327 1327 1328 1328 1329 1329 1330 1330 1331 1331 1332 1332 1333 1333 1334 1334 1335 1335 1336 1336 1337 1337 1338 1338 1339 1339 1340 1340 1341 1341 1342 1342 1343 1343 1344 1344 1345 1345 1346 1346 1347 1347 1348 1348 1349 1349 1350 1350 1351 1351 1352 1352 1353 1353 1354 1354 1355 1355 1356 1356 1357 1357 1358 1358 1359 1359 1360 1360 1361 1361 1362 1362 1363 1363 1364 1364 1365 1365 1366 1366 1367 1367 1368 1368 1369 1369 1370 1370 1371 1371 1372 1372 1373 1373 1374 1374 1375 1375 1376 1376 1377 1377 1378 1378 1379 1379 1380 1380 1381 1381 1382 1382 1383 1383 1384 1384 1385 1385 1386 1386 1387 1387 1388 1388 1389 1389 1390 1390 1391 1391 1392 1392 1393 1393 1394 1394 1395 1395 1396 1396 1397 1397 1398 1398 1399 1399 1400 1400 1401 1401 1402 1402 1403 1403 1404 1404 1405 1405 1406 1406 1407 1407 1408 1408 1409 1409 1410 1410 1411 1411 1412 1412 1413 1413 1414 1414 1415 1415 1416 1416 1417 1417 1418 1418 1419 1419 1420 1420 1421 1421 1422 1422 1423 1423 1424 1424 1425 1425 1426 1426 1427 1427 1428 1428 1429 1429 1430 1430 1431 1431 1432 1432 1433 1433 1434 1434 1435 1435 1436 1436 1437 1437 1438 1438 1439 1439 1440 1440 1441 1441 1442 1442 1443 1443 1444 1444 1445 1445 1446 1446 1447 1447 1448 1448 1449 1449 1450 1450 1451 1451 1452 1452 1453 1453 1454 1454 1455 1455 1456 1456 1457 1457 1458 1458 1459 1459 1460 1460 1461 1461 1462 1462 1463 1463 1464 1464 1465 1465 1466 1466 1467 1467 1468 1468 1469 1469 1470 1470 1471 1471 1472 1472 1473 1473 1474 1474 1475 1475 1476 1476 1477 1477 1478 1478 1479 1479 1480 1480 1481 1481 1482 1482 1483 1483 1484 1484 1485 1485 1486 1486 1487 1487 1488 1488 1489 1489 1490 1490 1491 1491 1492 1492 1493 1493 1494 1494 1495 1495 1496 1496 1497 1497 1498 1498 1499 1499 1500 1500 1501 1501 1502 1502 1503 1503 1504 1504 1505 1505 1506 1506 1507 1507 1508 1508 1509 1509 1510 1510 1511 1511 1512 1512 1513 1513 1514 1514 1515 1515 1516 1516 1517 1517 1518 1518 1519 1519 1520 1520 1521 1521 1522 1522 1523 1523 1524 1524 1525 1525 1526 1526 1527 1527 1528 1528 1529 1529 1530 1530 1531 1531 1532 1532 1533 1533 1534 1534 1535 1535 1536 1536 1537 1537 1538 1538 1539 1539 1540 1540 1541 1541 1542 1542 1543 1543 1544 1544 1545 1545 1546 1546 1547 1547 1548 1548 1549 1549 1550 1550 1551 1551 1552 1552 1553 1553 1554 1554 1555 1555 1556 1556 1557 1557 1558 1558 1559 1559 1560 1560 1561 1561 1562 1562 1563 1563 1564 1564 1565 1565 1566 1566 1567 1567 1568 1568 1569 1569 1570 1570 1571 1571 1572 1572 1573 1573 1574 1574 1575 1575 1576 1576 1577 1577 1578 1578 1579 1579 1580 1580 1581 1581 1582 1582 1583 1583 1584 1584 1585 1585 1586 1586 1587 1587 1588 1588 1589 1589 1590 1590 1591 1591 1592 1592 1593 1593 1594 1594 1595 1595 1596 1596 1597 1597 1598 1598 1599 1599 1600 1600 1601 1601 1602 1602 1603 1603 1604 1604 1605 1605 1606 1606 1607 1607 1608 1608 1609 1609 1610 1610 1611 1611 1612 1612 1613 1613 1614 1614 1615 1615 1616 1616 1617 1617 1618 1618 1619 1619 1620 1620 1621 1621 1622 1622 1623 1623 1624 1624 1625 1625 1626 1626 1627 1627 1628 1628 1629 1629 1630 1630 1631 1631 1632 1632 1633 1633 1634 1634 1635 1635 1636 1636 1637 1637 1638 1638 1639 1639 1640 1640 1641 1641 1642 1642 1643 1643 1644 1644 1645 1645 1646 1646 1647 1647 1648 1648 1649 1649 1650 1650 1651 1651 1652 1652 1653 1653 1654 1654 1655 1655 1656 1656 1657 1657 1658 1658 1659 1659 1660 1660 1661 1661 1662 1662 1663 1663 1664 1664 1665 1665 1666 1666 1667 1667 1668 1668 1669 1669 1670 1670 1671 1671 1672 1672 1673 1673 1674 1674 1675 1675 1676 1676 1677 1677 1678 1678 1679 1679 1680 1680 1681 1681 1682 1682 1683 1683 1684 1684 1685 1685 1686 1686 1687 1687 1688 1688 1689 1689 1690 1690 1691 1691 1692 1692 1693 1693 1694 1694 1695 1695 1696 1696 1697 1697 1698 1698 1699 1699 1700 1700 1701 1701 1702 1702 1703 1703 1704 1704 1705 1705 1706 1706 1707 1707 1708 1708 1709 1709 1710 1710 1711 1711 1712 1712 1713 1713 1714 1714 1715 1715 1716 1716 1717 1717 1718 1718 1719 1719 1720 1720 1721 1721 1722 1722 1723 1723 1724 1724 1725 1725 1726 1726 1727 1727 1728 1728 1729 1729 1730 1730 1731 1731 1732 1732 1733 1733 1734 1734 1735 1735 1736 1736 1737 1737 1738 1738 1739 1739 1740 1740 1741 1741 1742 1742 1743 1743 1744 1744 1745 1745 1746 1746 1747 1747 1748 1748 1749 1749 1750 1750 1751 1751 1752 1752 1753 1753 1754 1754 1755 1755 1756 1756 1757 1757 1758 1758 1759 1759 1760 1760 1761 1761 1762 1762 1763 1763 1764 1764 1765 1765 1766 1766 1767 1767 1768 1768 1769 1769 1770 1770 1771 1771 1772 1772 1773 1773 1774 1774 1775 1775 1776 1776 1777 1777 1778 1778 1779 1779 1780 1780 1781 1781 1782 1782 1783 1783 1784 1784 1785 1785 1786 1786 1787 1787 1788 1788 1789 1789 1790 1790 1791 1791 1792 1792 1793 1793 1794 1794 1795 1795 1796 1796 1797 1797 1798 1798 1799 1799 1800 1800 1801 1801 1802 1802 1803 1803 1804 1804 1805 1805 1806 1806 1807 1807 1808 1808 1809 1809 1810 1810 1811 1811 1812 1812 1813 1813 1814 1814 1815 1815 1816 1816 1817 1817 1818 1818 1819 1819 1820 1820 1821 1821 1822 1822 1823 1823 1824 1824 1825 1825 1826 1826 1827 1827 1828 1828 1829 1829 1830 1830 1831 1831 1832 1832 1833 1833 1834 1834 1835 1835 1836 1836 1837 1837 1838 1838 1839 1839 1840 1840 1841 1841 1842 1842 1843 1843 1844 1844 1845 1845 1846 1846 1847 1847 1848 1848 1849 1849 1850 1850 1851 1851 1852 1852 1853 1853 1854 1854 1855 1855 1856 1856 1857 1857 1858 1858 1859 1859 1860 1860 1861 1861 1862 1862 1863 1863 1864 1864 1865 1865 1866 1866 1867 1867 1868 1868 1869 1869 1870 1870 1871 1871 1872 1872 1873 1873 1874 1874 1875 1875 1876 1876 1877 1877 1878 1878 1879 1879 1880 1880 1881 1881 1882 1882 1883 1883 1884 1884 1885 1885 1886 1886 1887 1887 1888 1888 1889 1889 1890 1890 1891 1891 1892 1892 1893 1893 1894 1894 1895 1895 1896 1896 1897 1897 1898 1898 1899 1899 1900 1900 1901 1901 1902 1902 1903 1903 1904 1904 1905 1905 1906 1906 1907 1907 1908 1908 1909 1909 1910 1910 1911 1911 1912 1912 1913 1913 1914 1914 1915 1915 1916 1916 1917 1917 1918 1918 1919 1919 1920 1920 1921 1921 1922 1922 1923 1923 1924 1924 1925 1925 1926 1926 1927 1927 1928 1928 1929 1929 1930 1930 1931 1931 1932 1932 1933 1933 1934 1934 1935 1935 1936 1936 1937 1937 1938 1938 1939 1939 1940 1940 1941 1941 1942 1942 1943 1943 1944 1944 1945 1945 1946 1946 1947 1947 1948 1948 1949 1949 1950 1950 1951 1951 1952 1952 1953 1953 1954 1954 1955 1955 1956 1956 1957 1957 1958 1958 1959 1959 1960 1960 1961 1961 1962 1962 1963 1963 1964 1964 1965 1965 1966 1966 1967 1967 1968 1968 1969 1969 1970 1970 1971 1971 1972 1972 1973 1973 1974 1974 1975 1975 1976 1976 1977 1977 1978 1978 1979 1979 1980 1980 1981 1981 1982 1982 1983 1983 1984 1984 1985 1985 1986 1986 1987 1987 1988 1988 1989 1989 1990 1990 1991 1991 1992 1992 1993 1993 1994 1994 1995 1995 1996 1996 1997 1997 1998 1998 1999 1999 0 
        </DataArray>
        <DataArray type="Int64" Name="offsets" format="ascii">
2 4 6 8 10 12 14 16 18 20 22 24 26 28 30 32 34 36 38 40 42 44 46 48 50 52 54 56 58 60 62 64 66 68 70 72 74 76 78 80 82 84 86 88 90 92 94 96 98 100 102 104 106 108 110 112 114 116 118 120 122 124 126 128 130 132 134 136 138 140 142 144 146 148 150 152 154 156 158 160 162 164 166 168 170 172 174 176 178 180 182 184 186 188 190 192 194 196 198 200 202 204 206 208 210 212 214 216 218 220 222 224 226 228 230 232 234 236 238 240 242 244 246 248 250 252 254 256 258 260 262 264 266 268 270 272 274 276 278 280 282 284 286 288 290 292 294 296 298 300 302 304 306 308 310 312 314 316 318 320 322 324 326 328 330 332 334 336 338 340 342 344 346 348 350 352 354 356 358 360 362 364 366 368 370 372 374 376 378 380 382 384 386 388 390 392 394 396 398 400 402 404 406 408 410 412 414 416 418 420 422 424 426 428 430 432 434 436 438 440 442 444 446 448 450 452 454 456 458 460 462 464 466 468 470 472 474 476 478 480 482 484 486 488 490 492 494 496 498 500 502 504 506 508 510 512 514 516 518 520 522 524 526 528 530 532 534 536 538 540 542 544 546 548 550 552 554 556 558 560 562 564 566 568 570 572 574 576 578 580 582 584 586 588 590 592 594 596 598 600 602 604 606 608 610 612 614 616 618 620 622 624 626 628 630 632 634 636 638 640 642 644 646 648 650 652 654 656 658 660 662 664 666 668 670 672 674 676 678 680 682 684 686 688 690 692 694 696 698 700 702 704 706 708 710 712 714 716 718 720 722 724 726 728 730 732 734 736 738 740 742 744 746 748 750 752 754 756 758 760 762 764 766 768 770 772 774 776 778 780 782 784 786 788 790 792 794 796 798 800 802 804 806 808 810 812 814 816 818 820 822 824 826 828 830 832 834 836 838 840 842 844 846 848 850 852 854 856 858 860 862 864 866 868 870 872 874 876 878 880 882 884 886 888 890 892 894 896 898 900 902 904 906 908 910 912 914 916 918 920 922 924 926 928 930 932 934 936 938 940 942 944 946 948 950 952 954 956 958 960 962 964 966 968 970 972 974 976 978 980 982 984 986 988 990 992 994 996 998 1000 1002 1004 1006 1008 1010 1012 1014 1016 1018 1020 1022 1024 1026 1028 1030 1032 1034 1036 1038 1040 1042 1044 1046 1048 1050 1052 1054 1056 1058 1060 1062 1064 1066 1068 1070 1072 1074 1076 1078 1080 1082 1084 1086 1088 1090 1092 1094 1096 1098 1100 1102 1104 1106 1108 1110 1112 1114 1116 1118 1120 1122 1124 1126 1128 1130 1132 1134 1136 1138 1140 1142 1144 1146 1148 1150 1152 1154 1156 1158 1160 1162 1164 1166 1168 1170 1172 1174 1176 1178 1180 1182 1184 1186 1188 1190 1192 1194 1196 1198 1200 1202 1204 1206 1208 1210 1212 1214 1216 1218 1220 1222 1224 1226 1228 1230 1232 1234 1236 1238 1240 1242 1244 1246 1248 1250 1252 1254 1256 1258 1260 1262 1264 1266 1268 1270 1272 1274 1276 1278 1280 1282 1284 1286 1288 1290 1292 1294 1296 1298 1300 1302 1304 1306 1308 1310 1312 1314 1316 1318 1320 1322 1324 1326 1328 1330 1332 1334 1336 1338 1340 1342 1344 1346 1348 1350 1352 1354 1356 1358 1360 1362 1364 1366 1368 1370 1372 1374 1376 1378 1380 1382 1384 1386 1388 1390 1392 1394 1396 1398 1400 1402 1404 1406 1408 1410 1412 1414 1416 1418 1420 1422 1424 1426 1428 1430 1432 1434 1436 1438 1440 1442 1444 1446 1448 1450 1452 1454 1456 1458 1460 1462 1464 1466 1468 1470 1472 1474 1476 1478 1480 1482 1484 1486 1488 1490 1492 1494 1496 1498 1500 1502 1504 1506 1508 1510 1512 1514 1516 1518 1520 1522 1524 1526 1528 1530 1532 1534 1536 1538 1540 1542 1544 1546 1548 1550 1552 1554 1556 1558 1560 1562 1564 1566 1568 1570 1572 1574 1576 1578 1580 1582 1584 1586 1588 1590 1592 1594 1596 1598 1600 1602 1604 1606 1608 1610 1612 1614 1616 1618 1620 1622 1624 1626 1628 1630 1632 1634 1636 1638 1640 1642 1644 1646 1648 1650 1652 1654 1656 1658 1660 1662 1664 1666 1668 1670 1672 1674 1676 1678 1680 1682 1684 1686 1688 1690 1692 1694 1696 1698 1700 1702 1704 1706 1708 1710 1712 1714 1716 1718 1720 1722 1724 1726 1728 1730 1732 1734 1736 1738 1740 1742 1744 1746 1748 1750 1752 1754 1756 1758 1760 1762 1764 1766 1768 1770 1772 1774 1776 1778 1780 1782 1784 1786 1788 1790 1792 1794 1796 1798 1800 1802 1804 1806 1808 1810 1812 1814 1816 1818 1820 1822 1824 1826 1828 1830 1832 1834 1836 1838 1840 1842 1844 1846 1848 1850 1852 1854 1856 1858 1860 1862 1864 1866 1868 1870 1872 1874 1876 1878 1880 1882 1884 1886 1888 1890 1892 1894 1896 1898 1900 1902 1904 1906 1908 1910 1912 1914 1916 1918 1920 1922 1924 1926 1928 1930 1932 1934 1936 1938 1940 1942 1944 1946 1948 1950 1952 1954 1956 1958 1960 1962 1964 1966 1968 1970 1972 1974 1976 1978 1980 1982 1984 1986 1988 1990 1992 1994 1996 1998 2000 2002 2004 2006 2008 2010 2012 2014 2016 2018 2020 2022 2024 2026 2028 2030 2032 2034 2036 2038 2040 2042 2044 2046 2048 2050 2052 2054 2056 2058 2060 2062 2064 2066 2068 2070 2072 2074 2076 2078 2080 2082 2084 2086 2088 2090 2092 2094 2096 2098 2100 2102 2104 2106 2108 2110 2112 2114 2116 2118 2120 2122 2124 2126 2128 2130 2132 2134 2136 2138 2140 2142 2144 2146 2148 2150 2152 2154 2156 2158 2160 2162 2164 2166 2168 2170 2172 2174 2176 2178 2180 2182 2184 2186 2188 2190 2192 2194 2196 2198 2200 2202 2204 2206 2208 2210 2212 2214 2216 2218 2220 2222 2224 2226 2228 2230 2232 2234 2236 2238 2240 2242 2244 2246 2248 2250 2252 2254 2256 2258 2260 2262 2264 2266 2268 2270 2272 2274 2276 2278 2280 2282 2284 2286 2288 2290 2292 2294 2296 2298 2300 2302 2304 2306 2308 2310 2312 2314 2316 2318 2320 2322 2324 2326 2328 2330 2332 2334 2336 2338 2340 2342 2344 2346 2348 2350 2352 2354 2356 2358 2360 2362 2364 2366 2368 2370 2372 2374 2376 2378 2380 2382 2384 2386 2388 2390 2392 2394 2396 2398 2400 2402 2404 2406 2408 2410 2412 2414 2416 2418 2420 2422 2424 2426 2428 2430 2432 2434 2436 2438 2440 2442 2444 2446 2448 2450 2452 2454 2456 2458 2460 2462 2464 2466 2468 2470 2472 2474 2476 2478 2480 2482 2484 2486 2488 2490 2492 2494 2496 2498 2500 2502 2504 2506 2508 2510 2512 2514 2516 2518 2520 2522 2524 2526 2528 2530 2532 2534 2536 2538 2540 2542 2544 2546 2548 2550 2552 2554 2556 2558 2560 2562 2564 2566 2568 2570 2572 2574 2576 2578 2580 2582 2584 2586 2588 2590 2592 2594 2596 2598 2600 2602 2604 2606 2608 2610 2612 2614 2616 2618 2620 2622 2624 2626 2628 2630 2632 2634 2636 2638 2640 2642 2644 2646 2648 2650 2652 2654 2656 2658 2660 2662 2664 2666 2668 2670 2672 2674 2676 2678 2680 2682 2684 2686 2688 2690 2692 2694 2696 2698 2700 2702 2704 2706 2708 2710 2712 2714 2716 2718 2720 2722 2724 2726 2728 2730 2732 2734 2736 2738 2740 2742 2744 2746 2748 2750 2752 2754 2756 2758 2760 2762 2764 2766 2768 2770 2772 2774 2776 2778 2780 2782 2784 2786 2788 2790 2792 2794 2796 2798 2800 2802 2804 2806 2808 2810 2812 2814 2816 2818 2820 2822 2824 2826 2828 2830 2832 2834 2836 2838 2840 2842 2844 2846 2848 2850 2852 2854 2856 2858 2860 2862 2864 2866 2868 2870 2872 2874 2876 2878 2880 2882 2884 2886 2888 2890 2892 2894 2896 2898 2900 2902 2904 2906 2908 2910 2912 2914 2916 2918 2920 2922 2924 2926 2928 2930 2932 2934 2936 2938 2940 2942 2944 2946 2948 2950 2952 2954 2956 2958 2960 2962 2964 2966 2968 2970 2972 2974 2976 2978 2980 2982 2984 2986 2988 2990 2992 2994 2996 2998 3000 3002 3004 3006 3008 3010 3012 3014 3016 3018 3020 3022 3024 3026 3028 3030 3032 3034 3036 3038 3040 3042 3044 3046 3048 3050 3052 3054 3056 3058 3060 3062 3064 3066 3068 3070 3072 3074 3076 3078 3080 3082 3084 3086 3088 3090 3092 3094 3096 3098 3100 3102 3104 3106 3108 3110 3112 3114 3116 3118 3120 3122 3124 3126 3128 3130 3132 3134 3136 3138 3140 3142 3144 3146 3148 3150 3152 3154 3156 3158 3160 3162 3164 3166 3168 3170 3172 3174 3176 3178 3180 3182 3184 3186 3188 3190 3192 3194 3196 3198 3200 3202 3204 3206 3208 3210 3212 3214 3216 3218 3220 3222 3224 3226 3228 3230 3232 3234 3236 3238 3240 3242 3244 3246 3248 3250 3252 3254 3256 3258 3260 3262 3264 3266 3268 3270 3272 3274 3276 3278 3280 3282 3284 3286 3288 3290 3292 3294 3296 3298 3300 3302 3304 3306 3308 3310 3312 3314 3316 3318 3320 3322 3324 3326 3328 3330 3332 3334 3336 3338 3340 3342 3344 3346 3348 3350 3352 3354 3356 3358 3360 3362 3364 3366 3368 3370 3372 3374 3376 3378 3380 3382 3384 3386 3388 3390 3392 3394 3396 3398 3400 3402 3404 3406 3408 3410 3412 3414 3416 3418 3420 3422 3424 3426 3428 3430 3432 3434 3436 3438 3440 3442 3444 3446 3448 3450 3452 3454 3456 3458 3460 3462 3464 3466 3468 3470 3472 3474 3476 3478 3480 3482 3484 3486 3488 3490 3492 3494 3496 3498 3500 3502 3504 3506 3508 3510 3512 3514 3516 3518 3520 3522 3524 3526 3528 3530 3532 3534 3536 3538 3540 3542 3544 3546 3548 3550 3552 3554 3556 3558 3560 3562 3564 3566 3568 3570 3572 3574 3576 3578 3580 3582 3584 3586 3588 3590 3592 3594 3596 3598 3600 3602 3604 3606 3608 3610 3612 3614 3616 3618 3620 3622 3624 3626 3628 3630 3632 3634 3636 3638 3640 3642 3644 3646 3648 3650 3652 3654 3656 3658 3660 3662 3664 3666 3668 3670 3672 3674 3676 3678 3680 3682 3684 3686 3688 3690 3692 3694 3696 3698 3700 3702 3704 3706 3708 3710 3712 3714 3716 3718 3720 3722 3724 3726 3728 3730 3732 3734 3736 3738 3740 3742 3744 3746 3748 3750 3752 3754 3756 3758 3760 3762 3764 3766 3768 3770 3772 3774 3776 3778 3780 3782 3784 3786 3788 3790 3792 3794 3796 3798 3800 3802 3804 3806 3808 3810 3812 3814 3816 3818 3820 3822 3824 3826 3828 3830 3832 3834 3836 3838 3840 3842 3844 3846 3848 3850 3852 3854 3856 3858 3860 3862 3864 3866 3868 3870 3872 3874 3876 3878 3880 3882 3884 3886 3888 3890 3892 3894 3896 3898 3900 3902 3904 3906 3908 3910 3912 3914 3916 3918 3920 3922 3924 3926 3928 3930 3932 3934 3936 3938 3940 3942 3944 3946 3948 3950 3952 3954 3956 3958 3960 3962 3964 3966 3968 3970 3972 3974 3976 3978 3980 3982 3984 3986 3988 3990 3992 3994 3996 3998 4000 
        </DataArray>
      </Polys>
      <CellData Scalars="Pressure">
        <DataArray type="Float64" Name="Pressure" format="ascii">
177691 177038 176473 175920 175358 175039 174747 174460 174287 174147 174005 173968 173973 173978 174104 174302 174506 174748 175030 175307 175605 175920 176243 176554 176853 177148 177474 177867 178269 178642 178903 179156 179401 179603 179725 179819 179716 179614 179505 179217 179012 178813 178755 178749 178750 179020 179441 179859 180574 181533 182518 183549 184673 185780 186875 187855 188881 189734 190365 190971 191503 191767 192035 192299 192547 192794 193048 193493 194024 194555 195444 196651 197789 199161 200899 202621 204398 206188 208000 209757 211261 212730 214212 215329 216511 217579 218419 219318 220221 221091 221956 222798 223626 224372 225108 226061 226512 226965 227291 227141 226993 226860 226690 226454 226165 225855 225325 224829 224327 223737 223176 222662 222195 221801 220879 222059 223302 224573 225845 226853 227942 229079 229582 230887 231964 232858 232984 233146 233356 233615 232849 222372 196537 152957 104027 62746.9 38026.2 20214.9 9856.35 10106.8 10281.3 10479.3 10213.2 10421.7 10612.2 11325.9 11423 11468.1 11661.2 11384.2 11616.8 11804.7 12633.3 12742.4 13725 13059.5 12610.1 12877.9 13107.7 13454.6 13759.5 13998.1 14177.9 14383.5 14561 15529.1 15126.7 15466.1 15741.4 15943.3 16113.9 17052.3 17137.4 16514.8 16907 17268.6 17611.7 17991 18377.9 18708.5 18993.6 19276.4 19455.6 20379 20066 20596.1 21040.9 21385.4 22589.1 22877 24375.2 23657.2 23234.1 23558.7 24825.9 25361.5 24934 25507.7 25992.6 26559.4 27376.9 28078.9 28688.3 29230.3 30755.1 31122.8 31764.3 31515.5 32159.6 33869.5 34463.7 34048.4 34828.4 35449.8 37360.7 37023.8 37973.9 38760.8 39410.2 40700.6 40937.5 42916.6 41873.7 41085.6 43101.8 43457.1 44202.8 43411.6 43928.5 45819.8 46351 45639.3 46177.6 48020.1 48542.5 47873.3 48595.4 49117.2 51184 50466 51410.3 52110.5 52589.6 53346.2 54500.4 55360 55953.5 58561.8 57950.2 59122.7 60003.2 62493.3 61738.3 62918.4 63854.6 64516.4 67324.1 66832.5 67974.9 68812.3 71538.3 70970.5 72281.6 73268 75870.6 77076.8 76630.9 77754.9 80375 81379.9 80925.5 82159.1 84988 85614.8 87080.2 86216.9 89068.9 89603.4 90281.5 91463.2 89283.2 91008.2 92367.6 93317.9 97063.5 95763.8 97111.2 97902.2 100548 101524 99543 100272 103341 103786 104700 101072 102240 103663 104646 105158 106602 108556 110093 111162 115390 115386 118170 120495 129796 128802 132967 133375 137761 141693 145301 151441 151197 153624 155463 162787 159040 159448 155946 157000 157895 158602 162602 164265 161800 163598 166500 168889 170849 175895 175091 177321 179221 187418 184981 187135 185280 187948 190313 192298 196828 198880 200867 199272 201993 204346 206410 210990 214004 212472 215834 219496 222851 228137 231052 234112 237126 236575 240112 243194 248018 250465 253679 256826 254780 258225 261587 264938 268174 270916 278862 282409 278718 282408 286593 290252 293330 299317 299883 300901 299511 300420 301337 314404 306048 310262 314616 322286 325327 322038 325332 329020 332570 335913 339560 342714 345487 352433 355571 351914 355461 359141 362730 366415 370223 373402 379859 383301 387190 391304 383981 388551 393510 400443 407760 414607 422022 429411 436388 449885 456246 462790 459127 466889 475176 483877 495561 506684 517622 525840 532830 538577 544445 547781 548126 521673 508030 492521 485524 489123 492973 496940 501026 505052 509269 513826 518428 522904 527198 531400 535648 539910 543983 547739 553762 556061 558451 561246 559368 562185 566175 570649 575155 579118 582790 586419 590515 595006 599552 603835 607881 611886 616297 621487 626714 631681 636044 640300 644537 648106 651733 655300 659950 664499 669092 672692 676267 679785 684395 689135 693937 698059 702035 705940 711452 717658 723951 729603 734947 740198 744609 747994 751412 755648 761272 766807 771479 774105 776741 779886 785000 790044 794719 796799 798874 801037 805759 810428 815200 817506 819748 821902 826148 830573 835038 839864 844943 849999 853490 856101 858654 862364 867069 871760 880622 883493 886453 889682 893323 896951 895828 899322 902938 906405 909077 911678 914342 918155 922099 926048 929449 932671 935883 940548 945783 955378 960319 965267 970504 971199 974466 977549 980842 984600 988493 992258 995570 998849 1.00223e+06 1.00608e+06 1.01327e+06 1.01697e+06 1.01679e+06 1.02008e+06 1.02347e+06 1.02639e+06 1.02917e+06 1.03192e+06 1.03573e+06 1.0406e+06 1.04581e+06 1.05154e+06 1.06043e+06 1.06674e+06 1.07219e+06 1.07856e+06 1.08493e+06 1.0911e+06 1.09711e+06 1.10299e+06 1.10895e+06 1.11378e+06 1.11809e+06 1.12583e+06 1.12191e+06 1.11921e+06 1.11582e+06 1.11152e+06 1.10482e+06 1.09672e+06 1.08692e+06 1.09592e+06 1.10702e+06 1.1378e+06 1.12895e+06 1.13765e+06 1.14579e+06 1.16435e+06 1.20239e+06 1.2457e+06 1.28342e+06 1.2511e+06 1.1929e+06 1.17037e+06 1.17267e+06 1.16971e+06 1.1657e+06 1.15901e+06 1.15075e+06 1.14305e+06 1.13376e+06 1.13246e+06 1.13053e+06 1.1286e+06 1.12454e+06 1.12356e+06 1.12277e+06 1.12265e+06 1.12457e+06 1.12524e+06 1.12633e+06 1.12949e+06 1.13281e+06 1.13618e+06 1.1395e+06 1.14332e+06 1.14681e+06 1.14907e+06 1.15237e+06 1.15574e+06 1.15929e+06 1.16189e+06 1.16454e+06 1.16784e+06 1.1688e+06 1.17042e+06 1.17202e+06 1.17354e+06 1.17453e+06 1.17685e+06 1.17781e+06 1.17711e+06 1.17788e+06 1.17871e+06 1.17944e+06 1.17706e+06 1.17448e+06 1.17247e+06 1.16665e+06 1.1635e+06 1.15894e+06 1.15313e+06 1.17931e+06 1.18925e+06 1.19671e+06 1.19846e+06 1.18753e+06 1.176e+06 1.16028e+06 1.15043e+06 1.14234e+06 1.13547e+06 1.12948e+06 1.12436e+06 1.12987e+06 1.1269e+06 1.12398e+06 1.12402e+06 1.12338e+06 1.12205e+06 1.12344e+06 1.12099e+06 1.11882e+06 1.11552e+06 1.11141e+06 1.10746e+06 1.10203e+06 1.09498e+06 1.08813e+06 1.08137e+06 1.07445e+06 1.06928e+06 1.06506e+06 1.06136e+06 1.05805e+06 1.05437e+06 1.04894e+06 1.04596e+06 1.03967e+06 1.03557e+06 1.03173e+06 1.0306e+06 1.02648e+06 1.02473e+06 1.02334e+06 1.02234e+06 1.02068e+06 1.01643e+06 1.014e+06 1.01348e+06 1.00904e+06 991390 978148 971499 954769 954063 968875 966205 963505 963457 962917 962817 959190 955962 952723 949578 946395 943416 940520 937801 935108 932704 930715 929205 928155 928359 929873 932364 935913 940141 944525 948970 953624 959811 969508 966920 976790 988558 947711 916288 900777 890110 868363 867096 864714 861278 855616 847145 837902 828232 817814 807095 796539 786627 777031 768545 761542 755373 749833 746460 740206 736097 732344 731298 728297 723182 720345 719955 717226 714771 710930 710753 710534 707599 706052 702977 701580 700361 699279 699862 696654 695157 693698 693975 692189 689203 687596 687565 686553 685569 684027 684971 687285 690887 690618 693776 682024 667873 637466 611559 587355 542752 539539 540619 542322 555807 556431 555746 557822 561148 560258 558104 555812 551230 548308 545360 544279 540799 537104 531628 527898 524431 521183 520538 517853 515047 512713 511288 508956 504994 497267 484526 473622 463554 457742 454255 451069 452129 447359 445854 444239 442679 441034 439321 438987 433610 430046 426555 422697 419005 415385 414616 408985 405836 402893 400982 399073 397227 396896 393708 388350 384565 380084 375750 371680 369402 367168 365049 364513 358768 355419 351947 348324 344856 344397 341551 338778 333720 331213 328807 326406 326472 327539 328447 329662 326979 324220 318851 315530 312220 308811 305292 301785 298412 298159 295341 292432 289639 285159 282722 280205 277590 274953 272476 270683 268929 267157 267724 266023 264321 260251 257881 255526 253667 252052 250437 248582 246544 244523 245056 243778 242520 241211 239510 235694 233870 232464 231071 229634 227934 226165 224436 222387 220260 218106 216158 214289 212444 212684 210758 208781 206871 205040 201167 199327 197541 195734 193955 192105 190287 188456 187081 185662 184247 182671 181110 179521 178150 176782 175424 173902 172358 170791 169357 167948 166552 165022 163449 161866 162527 160798 159109 157455 155992 154486 153004 151463 149954 148439 147110 145742 144396 142963 141560 140125 138869 137578 136314 134979 133669 132323 131151 129962 128799 127608 126441 125239 124126 123002 121902 121039 120322 119591 117613 116595 115557 114487 113444 112371 111301 110203 109115 108034 107058 106070 105100 104098 103110 102109 101209 100297 99402.3 98470.3 97547.5 96603.9 95602 94560.7 93523.6 92608.5 93586.4 92673 91978.5 91322.6 90701.6 89156.9 88500.5 87768.1 87002.8 86206.1 85380.4 84500.7 83611 82678.8 81745.2 80842.7 79946.7 79029.3 78194.9 79254.8 78424.8 77747.2 77110.7 76484.5 75318.7 74665.3 73933.3 73204.3 72508.1 71749.1 70999.6 70287.9 69580.3 70450 69895.9 69346.2 68004.2 67450.9 66816.4 66078.1 65388.8 64647.6 63862.3 63126.7 62437.4 63331.4 62743.2 62171.6 61629 60540.6 60010.7 59369.9 58642.9 57948.1 57205 56388.2 57727.6 57671.6 57738.8 62416.1 62998.7 63078.9 62932.2 63108.8 63096.3 62908.2 61572 61578.9 61492.6 58492.2 56934.7 55123.4 53367.2 51735.3 53814.3 49323.9 48618.5 47734.3 46698.4 45838.3 44996.5 44096.2 43294.6 44452.5 43743.6 42449 42026.9 41458.9 40762.4 40215.9 39695.3 40357.4 38939.9 38475.3 37893.4 37195.5 36715.1 36212.5 37099.7 35555.1 35144.5 34604 34012.8 33565 33109.5 33965 32587.6 32265.6 31844.4 31377.6 31005.4 30606.1 31291 31943.7 32356.1 32522.8 32630 33017 32484.2 32847.3 31980.8 31176.9 30231.5 29254.6 30288.2 29630.2 29036.8 28113.6 27610.7 26912.4 27383.2 26900.9 26399.8 26211.4 25373.1 24912.2 25083.2 24631.1 23847.2 23536.5 23088.3 22554.1 23114.9 22784 22554.1 21801.8 21424.7 20929.2 21198.5 20472.7 20237 19865.6 19370 19892.9 19613.8 19462.7 18881.8 18612.7 18772.7 18430.6 17901.5 17718.8 17445.9 17644.1 16872.2 16662.2 16358.7 15951.4 16431.4 16167.8 16734.9 15912.7 15309.7 15521.7 15212 15064.1 14598.4 14396.9 14525.4 14323.6 13866.3 13722.4 13507.7 13742.6 13221.8 13121.4 12943.9 12683.4 12554.2 12446.8 12264.4 12000.8 11774.9 11695.8 11537.4 11294.5 11016.8 10917.5 10791.2 10571.2 10264.9 10679 10406.7 10894.4 10747.3 10910.5 10793.4 10888.7 10542.3 10250.6 10103.4 9908.59 9677.57 9402.71 9268.18 9148.92 8974.53 8739.25 8518.59 8437.07 8302.11 8098.29 7832.31 7735.26 7648.13 7508.57 7321.18 7158.51 7066.31 6928.41 6749.39 6988.05 6576.36 6524.65 6420.06 6561.01 6488.61 6173.36 6098.73 6226.54 6140.45 6128.51 5850.79 5787.4 5712.58 5608.88 5479.77 5432.31 5384.2 5310.94 5214.99 5422.08 5027.81 4949.42 4857.81 5074.94 5079.79 4836.12 4800.41 4764.09 4703.14 4615.63 4535.53 4497.3 4443 4370.89 4546.93 4518.16 4251.11 4203.01 4330.97 4296.82 4275.03 4049.13 4000.41 3933.72 3851.31 3926.93 3901.61 3696.93 3672.68 3639.72 3583.52 3498.51 3574.08 3312.85 3237.66 3146.87 3199.7 4352.52 5425.01 3961.32 4765.87 5450.79 5994.46 10578.5 14778.5 11269 15374.5 19503.3 23493.7 27468.9 34817.5 38167.1 45920.2 48859.9 55206.3 60922.2 65740.2 57277.3 73578.1 76274.1 78234 81091.6 85134 90486.1 80190.5 80461.9 94839.2 95864.2 96962.5 99487.7 103346 98021.8 95849.2 99981.2 98802 98109.1 97938.5 97698.5 97245.7 96246.3 95837.3 96161.1 96005.2 96064.3 96006.3 95659.9 95365.4 95869.3 96261.8 97105.4 97810.5 100234 102797 105283 106043 105758 105693 106097 102076 99536.2 97455.9 95655.6 93905.3 92146.4 90958.3 89878.6 88792.5 91471 88058.2 87801 87711.6 88096 88383.2 88566.1 88528.6 88486 88439.5 90252 90003.8 88300.9 87596.4 86643.8 85708.4 84745 83772.9 82770.5 81712.8 80530.4 79419.3 80003.7 78869.5 76067.2 74896.5 73907.2 72934.3 71935.6 71006.1 70075.8 69160.2 68205.7 67274.9 66354.4 67243 66595 65943.3 65243.4 63076.2 62242.6 61465.3 60797 60135 59456.9 58784.9 58102.6 57432.2 56921.5 56411.4 55877.7 55222.4 54555.6 53922 54821.8 54253.6 53666.8 53130.5 52624.1 52121.3 50356.2 49687.1 49013.1 48377.4 47763.7 47158.3 46537 45915.6 45283.3 44655.3 43996 43347.3 42698.8 42139.6 41565.8 40996.9 40450.1 39909.3 39356.3 38908.8 38455.2 38003.8 37579.9 37167 36744.1 36382.5 36028.7 35676.4 35328.8 34990.8 34644.4 34322.2 34006.2 33692 33378.4 33075.5 32764.8 32449.8 32117.7 31788.2 31459.9 31152.7 30837.4 30521 30185.6 29852.9 29519 29220.8 28915.2 28609.7 28267.6 27929.1 27583.9 27334.6 27077.3 26820.5 26455 26091 25726.9 35672.7 48072.6 60476.6 111119 174664 239806 269719 280458 290319 293954 292760 291445 291351 292714 293891 294328 293622 296413 295561 294409 293323 290709 289973 289211 288434 287070 285749 284429 283322 282172 280999 279316 277563 275812 274092 272297 270487 268356 265995 263637 261683 260112 258615 256993 254967 252902 250825 248288 245762 243165 240339 237436 234563 231338 228675 225933 224144 222115 220149 218202 216332 214442 212594 210720 208881 206344 204661 202945 201331 199955 198500 197052 195896 194889 193919 193140 192587 192086 191681 191555 191469 191418 191885 192440 193024 193874 194953 195935 196887 198081 199255 200474 201845 203235 204597 206406 207811 209289 210825 211810 212679 213504 214470 215349 216277 217168 217831 218478 219149 219850 220503 221251 221581 221877 221484 219576 218616 217746 216026 213680 211264 208094 205924 202535 199221 195591 190045 186225 183377 180776 178645 176917 175188 174482 173656 175256 175674 175978 176157 169000 162342 139952 109145 73799.3 44342.1 16293.3 12614.3 12762.9 12941.2 13155.3 13280.2 13673.3 13793.1 13665.5 13878.2 14094.8 14308.4 14801.3 14963 15532.2 14910.3 15174.7 15445.9 16125.4 16003.9 16212 16419.2 16632.4 17165.2 17368.2 18010.5 17468.3 17739.9 17991.1 18662.8 18541.9 18946.1 19341.2 19714.4 20066.2 20396.3 20719.9 21026.6 21244.2 21686.5 21830.2 22048.6 21936.5 22196.9 22840.4 23218.8 23143.6 23542 23937.9 24820.3 24773.9 25207.6 25641 26059.9 26915 27277.6 27685.4 28126.2 28196.3 28973.5 29379.9 29862.7 29892.3 30339.5 31235 31742.2 31756.1 32261.7 33290.1 33882.8 33877.2 34497.6 35106.8 36542 36437.3 37296.8 38129.9 40246.6 39796.1 41466.3 43227.8 45022.9 45355.2 45723.9 44216.5 42804.6 40965.8 40878 41240.1 41625 42045.5 42450.5 42883.6 43307.5 43736.3 44822.8 44671.2 45228.6 45794.5 47087.6 47710.1 47573.4 48197.6 49566.7 50398.8 50378.2 51353.6 53309.4 54461.3 56492.7 55934.3 60625.7 62978.7 63775.9 62896.8 63764.6 62319.2 60763.6 59046.4 57104.3 56454.2 56144.4 56082.9 56801.1 57231.1 57141.3 57539.7 58404.3 58933 59607.8 59355.4 60137.9 61009.4 61914.2 62882.2 64308.5 65980.9 67641.2 70991.9 73911 74833.4 78995.1 87088.4 92428.3 96015.8 99010.5 103182 105961 108321 110189 108287 105667 102789 100273 98277.8 96590.6 95154.4 94143.6 93357.2 92636.3 91956.7 91891.6 91429.7 90695.3 90148.8 89499.9 88971.4 88580 89054.7 88750.7 89157.6 89854.1 91248.3 92881.8 94807.1 97348.9 100176 103061 107208 111012 112977 115432 117145 118618 119978 121430 122127 122495 122880 122997 123395 123819 124665 125164 125658 126174 126397 126990 127640 128424 129341 130276 131570 132468 133244 134171 135114 136094 137150 138630 139684 140722 141489 142450 143462 144492 145586 146681 147807 149121 149921 150864 151842 152845 153860 154856 155972 156860 157781 158673 159788 160913 161887 162569 163228 164056 164550 165046 165561 166174 166746 167329 167876 168406 168961 169545 170158 170754 171528 172083 172430 172978 173511 174033 174562 175075 175590 176092 176579 177038 177488 178014 178374 178564 178908 179225 179542 179829 180067 180299 180521 180653 180773 180877 180907 180924 180951 180923 180855 180693 180610 180525 180442 180365 180292 180224 180174 180145 180119 180132 180214 180295 180410 180625 180839 181163 181407 181650 181902 182267 182655 182914 183393 183869 184353 184856 185373 185879 186286 186649 187018 187258 187433 187604 187622 187518 187413 187230 186949 186674 186320 185853 185380 184890 184327 183773 183194 182564 181922 181276 180514 179765 179006 178355 
        </DataArray>
        <DataArray type="Float64" Name="Temperature" format="ascii">
971.636 970.173 968.833 967.51 966.155 965.196 964.267 963.348 962.613 961.939 961.252 960.75 960.313 959.885 959.646 959.533 959.428 959.396 959.425 959.46 959.523 959.62 959.733 959.837 959.914 960.001 960.136 960.381 960.643 960.883 960.974 961.074 961.177 961.861 961.711 961.553 961.135 960.75 960.375 959.922 959.485 959.058 958.862 958.753 958.654 958.969 959.517 960.065 961.053 962.405 963.798 965.275 966.908 968.513 970.105 971.529 973.053 974.326 975.281 976.196 976.994 977.471 977.953 978.427 978.966 979.507 980.06 981 982.107 983.199 985.01 987.842 990.191 992.668 996.525 1000.3 1004.43 1009.44 1014.44 1019.34 1025.53 1031.46 1037.31 1044.61 1057.8 1065.47 1069.69 1079.5 1089.13 1099.5 1111.07 1122.1 1133.36 1145.2 1156.86 1180.86 1192 1202.72 1213.29 1219.09 1230.67 1242.03 1251.73 1259.85 1268.02 1278.85 1285.37 1291.5 1294.46 1299.54 1304.53 1309.28 1312.61 1315.48 1320.89 1326.03 1337.6 1349.9 1365.19 1388.36 1411.62 1434.2 1410.78 1394.08 1376.38 1376.61 1383.75 1391.24 1395.28 1382.95 1362.36 1331.7 1248.42 1117.78 957.533 758.049 556.3 392.987 274.723 276.7 278.17 279.783 278.112 279.806 281.418 286.523 287.529 288.262 289.838 288.217 289.993 291.509 297.015 297.969 304.124 300.364 297.594 299.359 300.949 303.221 305.155 306.689 307.874 309.08 310.134 315.688 313.513 315.442 317.017 318.184 319.121 324.068 324.58 321.345 323.329 325.197 327.008 328.986 330.957 332.647 334.109 335.483 336.377 340.711 339.365 341.804 343.862 345.468 350.656 351.915 358.149 355.263 353.611 355.014 360.235 362.31 360.714 363.006 364.978 367.249 370.357 373.027 375.346 377.351 382.626 383.97 386.161 385.413 387.571 393.203 395.076 393.857 396.369 398.388 404.252 403.333 406.21 408.583 410.53 414.195 414.904 420.363 417.535 415.403 420.961 421.99 423.985 421.926 423.316 428.322 429.702 427.928 429.349 434.101 435.426 433.822 435.653 436.985 442.064 440.428 442.754 444.497 445.714 447.573 450.27 452.294 453.712 459.485 458.291 460.896 462.856 468.12 466.656 469.186 471.205 472.649 478.308 477.479 479.821 481.551 486.828 485.868 488.407 490.32 495.171 497.362 496.598 498.616 503.273 504.948 503.952 505.891 510.573 511.363 513.341 511.083 515.545 515.793 516.067 517.151 512.251 514.293 515.676 516.358 521.803 518.581 519.902 520.316 523.786 524.44 520.493 520.908 525.08 525.033 525.79 519.743 521.037 522.914 524.162 524.742 526.705 529.47 531.656 533.195 538.91 540.3 544.906 548.956 561.313 562.214 569.332 572.763 579.473 585.589 591.316 599.094 599.676 602.872 605.343 613.364 609.446 609.901 606.126 607.279 608.255 609.024 613.32 615.077 612.48 614.374 617.445 619.961 622.008 627.15 626.367 628.633 630.551 638.622 636.269 638.388 636.672 639.308 641.64 643.594 647.904 649.92 651.845 650.506 653.115 655.375 657.363 661.537 664.282 662.935 665.911 669.097 671.981 676.425 678.922 681.516 683.976 683.338 686.179 688.609 692.367 694.285 696.919 699.422 697.425 700.149 702.745 705.274 707.675 709.656 715.812 718.378 715.249 717.883 720.904 723.57 725.819 730.286 730.294 730.613 728.941 729.623 730.31 741.868 733.082 735.306 737.527 742.848 744.979 742.029 744.269 746.66 748.856 750.828 753.04 754.875 756.398 761.643 763.693 760.033 762.355 764.628 766.686 768.688 770.712 772.262 776.425 778.959 781.597 784.162 776.864 779.813 782.717 786.513 790.25 793.45 796.694 799.623 801.959 812.206 816.602 821.366 804.373 809.136 814.487 820.3 827.537 834.811 842.356 849.051 855.491 861.54 867.148 871.844 875.817 876.299 869.386 861.82 858.262 860.096 862.057 864.054 866.071 868.063 870.144 872.356 874.589 876.758 878.806 880.809 882.833 884.833 886.745 888.508 891.056 892.094 893.174 894.431 893.921 895.182 896.962 898.956 900.965 902.722 904.342 905.943 907.739 909.697 911.68 913.553 915.331 917.089 919.031 921.34 923.666 925.893 927.924 929.907 931.882 933.561 935.267 936.945 939.034 941.08 943.148 944.772 946.385 947.974 949.941 951.946 953.979 955.704 957.362 958.99 961.184 963.615 966.082 968.263 970.298 972.298 973.959 975.209 976.473 977.987 979.939 981.861 983.441 984.227 985.014 985.968 987.565 989.141 990.578 991.065 991.547 992.063 993.447 994.818 996.224 996.778 997.309 997.815 999.055 1000.37 1001.69 1003.17 1004.74 1006.31 1007.4 1008.21 1009.01 1010.23 1011.79 1013.36 1016.01 1016.98 1017.97 1019.07 1020.32 1021.57 1021.52 1022.81 1024.16 1025.5 1026.79 1028.07 1029.39 1031.11 1032.9 1034.71 1036.35 1037.96 1039.6 1041.64 1043.89 1046.42 1048.43 1050.46 1052.64 1053.97 1055.18 1056.34 1057.56 1058.9 1060.31 1061.66 1062.78 1063.95 1065.19 1066.55 1067.48 1068.73 1069.78 1070.67 1071.63 1072.44 1073.24 1074.09 1075.26 1076.76 1078.46 1080.37 1081.34 1083.38 1086.51 1087.5 1088.52 1089.56 1090.43 1091.28 1092.17 1092.86 1093.46 1093.91 1093.3 1092.3 1091.12 1089.77 1087.98 1085.81 1083.19 1085.95 1089.35 1097.81 1096.47 1100.53 1104.81 1111.47 1122.65 1135.41 1146.29 1134.97 1114.14 1106.16 1107.2 1106.4 1105.39 1103.84 1101.95 1100.18 1097.1 1096.98 1096.7 1096.14 1095.72 1095.52 1095.55 1095.97 1095.32 1096.12 1097.71 1098.41 1099.32 1100.4 1101.5 1101.13 1102.37 1104.22 1104.97 1105.88 1106.99 1107.73 1108.62 1108.04 1109.39 1109.61 1109.91 1110.28 1110.55 1110.11 1110.52 1111.13 1111.3 1111.58 1111.92 1111.62 1110.48 1110.37 1109.33 1108.44 1107.3 1105.95 1110.54 1112.33 1113.31 1111.86 1107.7 1103.72 1098.59 1099.04 1098.43 1097.64 1096.74 1096 1094.08 1093.54 1093.36 1093.14 1092.94 1092.78 1092.12 1091.94 1091.72 1092.16 1091.19 1088.46 1087.4 1087.57 1085.62 1083.98 1082.61 1081.13 1079.94 1079.29 1079.18 1079.17 1075.77 1076.73 1076.09 1074.34 1073.49 1071.13 1073.34 1072.76 1072.54 1072.68 1073.79 1079.54 1086.13 1093.32 1098.84 1088.14 1089.89 1089.47 1083.31 1082.01 1085 1083.15 1081.68 1079.56 1077.29 1072.8 1070.01 1064.83 1059.88 1055.35 1050.49 1045.68 1041.16 1037.09 1033.48 1030.55 1027.96 1025.79 1024.08 1023.61 1023.56 1023.84 1024.47 1025.57 1026.83 1028.09 1029.39 1031.26 1034.64 1034.25 1039.41 1047.02 1032.93 1021.94 1018.03 1013.68 1006.1 1005.1 1003.87 1002.46 1000.51 997.95 995.316 992.67 989.924 987.031 984.212 981.642 979.236 977.098 975.101 973.433 972.037 970.583 969.129 967.712 966.529 965.928 964.863 963.203 962.064 961.598 960.517 959.153 957.834 957.055 955.965 955.145 954.029 952.874 951.891 951.045 950.306 949.954 948.776 948.018 947.336 947.198 946.522 945.544 944.98 944.942 944.62 944.302 943.817 944.193 945.128 946.587 946.467 947.864 943.37 938.053 926.538 915.762 905.067 885.77 884.19 884.55 885.28 891.135 891.242 891.102 891.861 892.996 892.459 891.221 889.978 887.987 886.503 885.048 884.316 882.52 880.604 878.128 876.228 874.469 872.835 872.289 870.873 869.58 868.323 867.693 866.679 864.829 860.57 854.486 848.801 843.571 840.442 838.502 836.766 837.11 834.685 833.813 832.896 832.023 831.115 830.185 829.888 827.069 825.11 823.198 821.061 819.025 817.042 816.545 813.513 811.756 810.133 809.12 808.122 807.173 807.006 805.286 802.443 800.376 797.911 795.548 793.364 792.263 791.213 790.247 790.107 786.989 785.228 783.382 781.445 779.615 779.659 778.153 776.69 773.893 772.494 771.165 769.859 770.259 771.34 772.287 773.204 771.557 769.873 766.55 764.341 762.146 759.893 757.448 755.014 752.68 752.435 750.35 748.213 746.165 742.901 741.058 739.149 737.141 735.123 733.228 731.831 730.468 729.094 729.386 728.024 726.674 723.583 721.68 719.798 718.298 716.984 715.676 714.168 712.5 710.853 711.256 710.185 709.136 708.052 706.627 703.496 701.959 700.751 699.558 698.331 696.86 695.33 693.836 692.041 690.17 688.278 686.552 684.885 683.239 683.407 681.662 679.876 678.152 676.481 672.962 671.266 669.605 667.927 666.277 664.543 662.842 661.132 659.84 658.51 657.183 655.683 654.197 652.685 651.364 650.045 648.735 647.234 645.704 644.152 642.702 641.263 639.837 638.251 636.601 634.941 635.603 633.726 631.895 630.08 628.434 626.739 625.057 623.262 621.506 619.732 618.126 616.474 614.845 613.08 611.353 609.585 608.003 606.375 604.783 603.052 601.353 599.607 598.036 596.437 594.872 593.233 591.621 589.961 588.396 586.807 585.251 583.998 582.939 581.857 579.152 577.651 576.122 574.536 572.971 571.358 569.747 568.092 566.451 564.809 563.3 561.768 560.26 558.696 557.152 555.586 554.157 552.706 551.282 549.773 548.276 546.743 545.111 543.414 541.723 540.208 541.603 540.091 538.922 537.812 536.758 534.211 533.048 531.754 530.398 528.977 527.505 525.933 524.331 522.653 520.968 519.315 517.673 515.989 514.434 516.196 514.651 513.367 512.158 510.966 508.752 507.444 505.988 504.524 503.112 501.578 500.057 498.6 497.155 498.692 497.523 496.364 493.682 492.462 491.075 489.471 487.951 486.318 484.595 482.969 481.436 483.172 481.849 480.559 479.332 476.911 475.65 474.145 472.45 470.774 468.983 467.014 470.024 469.923 470.127 467.521 466.676 465.363 463.837 462.531 461.135 459.638 464.558 463.588 462.674 456.149 453.298 449.6 445.753 441.96 447.84 436.109 434.418 432.197 429.512 427.291 425.033 422.523 420.203 424.035 421.889 418.078 416.963 415.38 413.376 411.833 410.315 412.396 408.072 406.65 404.851 402.683 401.226 399.68 402.493 397.614 396.289 394.524 392.582 391.112 389.608 392.439 387.845 386.733 385.262 383.642 382.39 381.035 383.541 380.641 380.274 379.65 379.169 379.46 381.365 381.903 377.319 374.923 371.739 368.188 373.415 370.842 368.409 365.257 363.592 361.06 363.227 361.39 359.302 358.649 355.411 353.616 354.391 352.602 349.363 348.057 346.142 343.85 346.316 344.914 343.942 340.709 339.026 336.793 337.947 334.674 333.555 331.775 329.389 331.879 330.568 329.852 327.049 325.716 326.447 324.75 322.1 321.14 319.704 320.672 316.679 315.557 313.917 311.704 314.245 312.846 315.872 311.436 308.09 309.204 307.445 306.61 303.915 302.712 303.394 302.213 299.469 298.567 297.227 298.608 295.421 294.761 293.602 291.904 290.982 290.163 288.852 287.004 285.37 284.597 283.288 281.4 279.311 278.476 277.398 275.636 273.25 276.321 274.442 278.041 276.447 276.841 276.388 277.365 274.718 272.731 271.656 270.162 268.365 266.207 265.167 264.188 262.748 260.799 258.987 258.275 257.092 255.315 253.002 252.101 251.244 249.918 248.169 246.619 245.712 244.378 242.662 244.94 240.952 240.422 239.368 240.747 240.072 236.847 236.098 237.431 236.572 236.473 233.532 232.882 232.062 230.899 229.43 228.937 228.437 227.637 226.565 228.97 224.305 223.389 222.348 225.041 225.085 222.116 221.683 221.208 220.41 219.262 218.194 217.637 216.891 215.931 218.213 217.823 214.268 213.61 215.305 214.806 214.475 211.377 210.634 209.633 208.41 209.441 209.08 206.007 205.657 205.179 204.319 202.994 204.026 199.889 198.564 197.014 197.76 221.79 246.087 217.479 238.312 257.835 275.421 340.98 370.365 358.343 388.072 414.663 439.822 464.484 498.149 508.264 552.331 561.078 576.43 593.144 610.503 572.697 634.122 637.213 639.82 643.401 652.722 668.05 630.728 627.877 675.205 675.451 675.892 680.923 690.342 670.214 662.824 678.255 673.801 671.318 670.779 666.166 663.845 658.789 655.605 661.805 659.651 658.526 657.31 655.406 654.039 649.175 650.432 665.226 668.049 668.331 669.377 671.711 670.726 667.554 665.725 661.886 658.711 652.747 648.054 643.439 639.294 635.477 632.72 630.261 627.984 628.61 625.896 624.517 623.79 624.183 624.612 625.044 625.124 625.365 625.758 625.762 624.615 624.222 622.1 619.671 617.474 615.327 613.211 611.137 609 606.567 604.35 603.72 601.377 597.735 595.206 593.272 591.481 589.747 588.274 586.884 585.584 584.373 583.296 582.296 584.62 584.103 583.636 583.144 579.969 578.915 577.963 577.081 576.233 575.356 574.164 572.978 571.835 570.491 569.135 567.73 565.8 563.811 561.929 563.706 561.747 559.75 557.856 555.972 554.129 549.334 546.862 544.383 541.992 539.601 537.257 534.836 532.36 529.853 527.361 524.7 522.093 519.477 517.088 514.651 512.247 509.858 507.505 505.108 503.016 500.895 498.796 496.83 494.92 492.97 491.387 489.872 488.367 486.939 485.58 484.188 482.883 481.596 480.318 479.029 477.773 476.486 475.153 473.709 472.278 470.831 469.433 467.999 466.54 464.933 463.34 461.721 460.175 458.593 457.006 455.149 453.314 451.443 449.983 448.483 446.99 444.696 442.389 440.07 517.135 612.973 708.686 847.276 997.266 1149.14 1216.74 1240.5 1263.92 1278.37 1285.59 1293.66 1350.88 1475.45 1607.13 1767.26 1966.32 1837.59 1980.92 2102.89 2213.07 2413.38 2338.42 2279.49 2238.72 2193.36 2154.41 2120.75 2009.82 1881.92 1748.46 1618.38 1484.24 1337.37 1263.01 1225.66 1186.69 1163.51 1151.8 1145.09 1143.43 1140.21 1136.92 1133.68 1131.06 1128.39 1125.68 1122.22 1118.8 1115.31 1111.56 1107.74 1104 1099.08 1095.76 1092.4 1091.13 1088.57 1086.13 1083.72 1081.44 1079.22 1077.07 1074.82 1072.72 1067.37 1065.45 1063.62 1061.97 1061.99 1060.23 1058.6 1057.68 1057.23 1056.97 1057.18 1054.58 1055.26 1058.29 1058.76 1059.35 1060.07 1062.14 1064.56 1067.16 1070.32 1071.04 1074.47 1079.77 1082.1 1084.33 1086.43 1087.35 1087.97 1088.28 1090.02 1091.92 1093.95 1096.14 1098.48 1101.01 1103.66 1105.85 1105.99 1108.42 1115.04 1120.01 1126.15 1133.75 1142.23 1150.64 1157.9 1171.53 1183.69 1195.72 1201.88 1219.54 1238.4 1254.86 1264.41 1274.66 1283.51 1289.07 1295.33 1301.45 1309.32 1318.91 1329.35 1342.7 1378.01 1412.99 1448.81 1497.54 1528.1 1554.63 1553.67 1544.08 1531.61 1516.65 1496.75 1472.49 1355.7 1246.84 998.417 761.494 523.529 457.458 457.175 457.779 459.295 460.608 464.496 465.759 464.618 466.662 468.758 470.839 475.378 476.916 481.991 476.56 478.902 481.32 487.29 486.288 488.07 489.848 491.68 496.063 497.735 502.881 498.547 500.659 502.61 507.862 506.843 509.833 512.762 515.535 518.098 520.445 522.751 524.94 526.474 529.57 530.57 532.079 531.303 533.099 537.541 540.052 539.543 542.184 544.806 550.56 550.246 552.998 555.726 558.34 563.58 565.707 568.138 570.724 571.171 575.635 577.959 580.666 580.881 583.348 588.25 590.96 591.058 593.723 599.129 602.158 602.058 605.159 608.165 615.336 614.647 618.718 622.594 632.48 630.132 637.173 644.483 651.823 654.108 654.267 648.434 643.299 637.558 637.092 638.677 640.368 642.219 644.011 645.868 647.67 649.476 654.08 653.337 655.578 657.82 663.125 665.55 664.717 667.01 672.331 675.497 674.884 678.335 685.669 689.291 695.957 693.253 708.454 717.177 716.739 713.972 713.445 708.779 704.346 700.001 696.111 693.103 691.617 691.042 693.597 694.99 694.446 695.752 698.737 700.624 703.157 701.915 704.618 707.611 710.652 713.84 718.541 723.899 729.029 739.463 748.325 749.967 761.377 783.416 801.522 805.375 813.97 818.075 825.515 832.652 839.253 842.895 835.449 828.853 822.879 818.242 814.155 810.48 808.269 806.939 805.369 803.508 804.155 804.358 800.783 800.716 800.679 800.535 800.29 803.759 802.773 804.953 807.46 811.441 815.785 820.635 827.036 834.25 841.286 850.823 861.003 863.827 869.365 872.436 875.831 878.798 881.842 883.3 884.656 885.784 885.185 886.477 887.541 889.284 890.333 892.159 893.759 892.855 894.759 896.505 898.364 900.421 902.35 906.573 908.852 909.334 911.551 913.504 915.317 917.06 920.772 923.619 926.169 924.777 927.232 929.482 931.453 933.487 935.341 937.018 942.406 940.748 942.858 944.795 946.764 948.331 949.452 952.24 954.55 956.685 953.464 956.004 958.166 959.795 960.561 960.722 961.663 963.234 965.033 966.749 960.986 962.664 964.142 965.604 966.819 967.765 968.64 969.382 969.744 976.011 977.472 970.526 972.044 973.882 975.47 976.866 978.268 979.452 980.367 981.415 982.224 982.694 989.075 990.351 983.731 985.039 986.295 987.466 988.43 989.058 989.549 989.88 989.745 989.378 988.797 993.607 993.391 993.236 993.115 992.977 983.237 983.291 983.411 983.492 983.676 983.899 984.047 984.2 984.338 984.373 984.414 984.534 984.529 984.438 984.344 984.131 990.9 991.402 991.903 992.413 993.016 993.63 983.912 984.73 985.526 986.303 987.202 988.109 988.961 989.692 990.337 990.954 991.373 991.675 991.932 991.938 991.735 991.496 991.12 990.579 990.015 989.309 988.421 987.492 986.517 985.413 984.304 983.129 981.859 980.545 979.209 977.66 976.119 974.542 973.108 
        </DataArray>
        <DataArray type="Float64" Name="Tau1" format="ascii">
0 0 0 0 0 0 0 0 0 0 0 0 0 0 0 0 0 0 0 0 0 0 0 0 0 0 0 0 0 0 0 0 0 0 0 0 0 0 0 0 0 0 0 0 0 0 0 0 0 0 0 0 0 0 0 0 0 0 0 0 0 0 0 0 0 0 0 0 0 0 0 0 0 0 0 0 0 0 0 0 0 0 0 0 0 0 0 0 0 0 0 0 0 0 0 0 0 0 0 0 0 0 0 0 0 0 0 0 0 0 0 0 0 0 0 0 0 0 0 0 0 0 0 0 0 0 0 0 0 0 0 0 0 0 0 0 0 0 0 0 0 0 0 0 0 0 0 0 0 0 0 0 0 0 0 0 0 0 0 0 0 0 0 0 0 0 0 0 0 0 0 0 0 0 0 0 0 0 0 0 0 0 0 0 0 0 0 0 0 0 0 0 0 0 0 0 0 0 0 0 0 0 0 0 0 0 0 0 0 0 0 0 0 0 0 0 0 0 0 0 0 0 0 0 0 0 0 0 0 0 0 0 0 0 0 0 0 0 0 0 0 0 0 0 0 0 0 0 0 0 0 0 0 0 0 0 0 0 0 0 0 0 0 0 0 0 0 0 0 0 0 0 0 0 0 0 0 0 0 0 0 0 0 0 0 0 0 0 0 0 0 0 0 0 0 0 0 0 0 0 0 0 0 0 0 0 0 0 0 0 0 0 0 0 0 0 0 0 0 0 0 0 0 0 0 0 0 0 0 0 0 0 0 0 0 0 0 0 0 0 0 0 0 0 0 0 0 0 0 0 0 0 0 0 0 0 0 0 0 0 0 0 0 0 0 0 0 0 0 0 0 0 0 0 0 0 0 0 0 0 0 0 0 0 0 0 0 0 0 0 0 0 0 0 0 0 0 0 0 0 0 0 0 0 0 0 0 0 0 0 0 0 0 0 0 0 0 0 0 0 0 0 0 0 0 0 0 0 0 0 0 0 0 0 0 0 0 0 0 0 0 0 0 0 0 0 0 0 0 0 0 0 0 0 0 0 0 0 0 0 0 0 0 0 0 0 0 0 0 0 0 0 0 0 0 0 0 0 0 0 0 0 0 0 0 0 0 0 0 0 0 0 0 0 0 0 0 0 0 0 0 0 0 0 0 0 0 0 0 0 0 0 0 0 0 0 0 0 0 0 0 0 0 0 0 0 0 0 0 0 0 0 0 0 0 0 0 0 0 0 0 0 0 0 0 0 0 0 0 0 0 0 0 0 0 0 0 0 0 0 0 0 0 0 0 0 0 0 0 0 0 0 0 0 0 0 0 0 0 0 0 0 0 0 0 0 0 0 0 0 0 0 0 0 0 0 0 0 0 0 0 0 0 0 0 0 0 0 0 0 0 0 0 0 0 0 0 0 0 0 0 0 0 0 0 0 0 0 0 0 0 0 0 0 0 0 0 0 0 0 0 0 0 0 0 0 0 0 0 0 0 0 0 0 0 0 0 0 0 0 0 0 0 0 0 0 0 0 0 0 0 0 0 0 0 0 0 0 0 0 0 0 0 0 0 0 0 0 0 0 0 0 0 0 0 0 0 0 0 0 0 0 0 0 0 0 0 0 0 0 0 0 0 0 0 0 0 0 0 0 0 0 0 0 0 0 0 0 0 0 0 0 0 0 0 0 0 0 0 0 0 0 0 0 0 0 0 0 0 0 0 0 0 0 0 0 0 0 0 0 0 0 0 0 0 0 0 0 0 0 0 0 0 0 0 0 0 0 0 0 0 0 0 0 0 0 0 0 0 0 0 0 0 0 0 0 0 0 0 0 0 0 0 0 0 0 0 0 0 0 0 0 0 0 0 0 0 0 0 0 0 0 0 0 0 0 0 0 0 0 0 0 0 0 0 0 0 0 0 0 0 0 0 0 0 0 0 0 0 0 0 0 0 0 0 0 0 0 0 0 0 0 0 0 0 0 0 0 0 0 0 0 0 0 0 0 0 0 0 0 0 0 0 0 0 0 0 0 0 0 0 0 0 0 0 0 0 0 0 0 0 0 0 0 0 0 0 0 0 0 0 0 0 0 0 0 0 0 0 0 0 0 0 0 0 0 0 0 0 0 0 0 0 0 0 0 0 0 0 0 0 0 0 0 0 0 0 0 0 0 0 0 0 0 0 0 0 0 0 0 0 0 0 0 0 0 0 0 0 0 0 0 0 0 0 0 0 0 0 0 0 0 0 0 0 0 0 0 0 0 0 0 0 0 0 0 0 0 0 0 0 0 0 0 0 0 0 0 0 0 0 0 0 0 0 0 0 0 0 0 0 0 0 0 0 0 0 0 0 0 0 0 0 0 0 0 0 0 0 0 0 0 0 0 0 0 0 0 0 0 0 0 0 0 0 0 0 0 0 0 0 0 0 0 0 0 0 0 0 0 0 0 0 0 0 0 0 0 0 0 0 0 0 0 0 0 0 0 0 0 0 0 0 0 0 0 0 0 0 0 0 0 0 0 0 0 0 0 0 0 0 0 0 0 0 0 0 0 0 0 0 0 0 0 0 0 0 0 0 0 0 0 0 0 0 0 0 0 0 0 0 0 0 0 0 0 0 0 0 0 0 0 0 0 0 0 0 0 0 0 0 0 0 0 0 0 0 0 0 0 0 0 0 0 0 0 0 0 0 0 0 0 0 0 0 0 0 0 0 0 0 0 0 0 0 0 0 0 0 0 0 0 0 0 0 0 0 0 0 0 0 0 0 0 0 0 0 0 0 0 0 0 0 0 0 0 0 0 0 0 0 0 0 0 0 0 0 0 0 0 0 0 0 0 0 0 0 0 0 0 0 0 0 0 0 0 0 0 0 0 0 0 0 0 0 0 0 0 0 0 0 0 0 0 0 0 0 0 0 0 0 0 0 0 0 0 0 0 0 0 0 0 0 0 0 0 0 0 0 0 0 0 0 0 0 0 0 0 0 0 0 0 0 0 0 0 0 0 0 0 0 0 0 0 0 0 0 0 0 0 0 0 0 0 0 0 0 0 0 0 0 0 0 0 0 0 0 0 0 0 0 0 0 0 0 0 0 0 0 0 0 0 0 0 0 0 0 0 0 0 0 0 0 0 0 0 0 0 0 0 0 0 0 0 0 0 0 0 0 0 0 0 0 0 0 0 0 0 0 0 0 0 0 0 0 0 0 0 0 0 0 0 0 0 0 0 0 0 0 0 0 0 0 0 0 0 0 0 0 0 0 0 0 0 0 0 0 0 0 0 0 0 0 0 0 0 0 0 0 0 0 0 0 0 0 0 0 0 0 0 0 0 0 0 0 0 0 0 0 0 0 0 0 0 0 0 0 0 0 0 0 0 0 0 0 0 0 0 0 0 0 0 0 0 0 0 0 0 0 0 0 0 0 0 0 0 0 0 0 0 0 0 0 0 0 0 0 0 0 0 0 0 0 0 0 0 0 0 0 0 0 0 0 0 0 0 0 0 0 0 0 0 0 0 0 0 0 0 0 0 0 0 0 0 0 0 0 0 0 0 0 0 0 0 0 0 0 0 0 0 0 0 0 0 0 0 0 0 0 0 0 0 0 0 0 0 0 0 0 0 0 0 0 0 0 0 0 0 0 0 0 0 0 0 0 0 0 0 0 0 0 0 0 0 0 0 0 0 0 0 0 0 0 0 0 0 0 0 0 0 0 0 0 0 0 0 0 0 0 0 0 0 0 0 0 0 0 0 0 0 0 0 0 0 0 0 0 0 0 0 0 0 0 0 0 0 0 0 0 0 0 0 0 0 0 0 0 0 0 0 0 0 0 0 0 0 0 0 0 0 0 0 0 0 0 0 0 0 0 0 0 0 0 0 0 0 0 0 0 0 0 0 0 0 0 0 0 0 0 0 0 0 0 0 0 0 0 0 0 0 0 0 0 0 0 0 0 0 0 0 0 0 0 0 0 0 0 0 0 0 0 0 0 0 0 0 0 0 0 0 0 0 0 0 0 0 0 0 0 0 0 0 0 0 0 0 0 0 0 0 0 0 0 0 0 0 0 0 0 0 0 0 0 0 0 0 0 0 0 0 0 0 0 0 0 0 0 0 0 0 0 0 0 0 0 0 0 0 0 0 0 0 0 0 0 0 0 0 0 0 0 0 0 0 0 0 0 0 0 0 0 0 0 0 0 0 0 0 0 0 0 0 0 0 0 0 0 0 0 0 0 0 0 0 0 0 0 0 0 0 0 0 0 0 0 0 0 0 0 0 0 0 0 0 0 0 0 0 0 0 0 0 0 0 0 0 0 0 0 0 0 0 0 0 0 0 0 0 0 0 0 0 0 0 0 0 0 0 0 0 0 0 0 0 0 0 0 0 0 0 0 0 0 0 0 0 0 0 0 0 0 0 0 0 0 0 0 0 0 0 0 0 0 0 0 0 0 0 0 0 0 0 0 0 0 0 0 0 0 0 0 0 0 0 0 0 0 0 0 0 0 0 0 0 0 0 0 0 0 0 0 0 0 0 0 0 0 0 0 0 
        </DataArray>
        <DataArray type="Float64" Name="Tau2" format="ascii">
0 0 0 0 0 0 0 0 0 0 0 0 0 0 0 0 0 0 0 0 0 0 0 0 0 0 0 0 0 0 0 0 0 0 0 0 0 0 0 0 0 0 0 0 0 0 0 0 0 0 0 0 0 0 0 0 0 0 0 0 0 0 0 0 0 0 0 0 0 0 0 0 0 0 0 0 0 0 0 0 0 0 0 0 0 0 0 0 0 0 0 0 0 0 0 0 0 0 0 0 0 0 0 0 0 0 0 0 0 0 0 0 0 0 0 0 0 0 0 0 0 0 0 0 0 0 0 0 0 0 0 0 0 0 0 0 0 0 0 0 0 0 0 0 0 0 0 0 0 0 0 0 0 0 0 0 0 0 0 0 0 0 0 0 0 0 0 0 0 0 0 0 0 0 0 0 0 0 0 0 0 0 0 0 0 0 0 0 0 0 0 0 0 0 0 0 0 0 0 0 0 0 0 0 0 0 0 0 0 0 0 0 0 0 0 0 0 0 0 0 0 0 0 0 0 0 0 0 0 0 0 0 0 0 0 0 0 0 0 0 0 0 0 0 0 0 0 0 0 0 0 0 0 0 0 0 0 0 0 0 0 0 0 0 0 0 0 0 0 0 0 0 0 0 0 0 0 0 0 0 0 0 0 0 0 0 0 0 0 0 0 0 0 0 0 0 0 0 0 0 0 0 0 0 0 0 0 0 0 0 0 0 0 0 0 0 0 0 0 0 0 0 0 0 0 0 0 0 0 0 0 0 0 0 0 0 0 0 0 0 0 0 0 0 0 0 0 0 0 0 0 0 0 0 0 0 0 0 0 0 0 0 0 0 0 0 0 0 0 0 0 0 0 0 0 0 0 0 0 0 0 0 0 0 0 0 0 0 0 0 0 0 0 0 0 0 0 0 0 0 0 0 0 0 0 0 0 0 0 0 0 0 0 0 0 0 0 0 0 0 0 0 0 0 0 0 0 0 0 0 0 0 0 0 0 0 0 0 0 0 0 0 0 0 0 0 0 0 0 0 0 0 0 0 0 0 0 0 0 0 0 0 0 0 0 0 0 0 0 0 0 0 0 0 0 0 0 0 0 0 0 0 0 0 0 0 0 0 0 0 0 0 0 0 0 0 0 0 0 0 0 0 0 0 0 0 0 0 0 0 0 0 0 0 0 0 0 0 0 0 0 0 0 0 0 0 0 0 0 0 0 0 0 0 0 0 0 0 0 0 0 0 0 0 0 0 0 0 0 0 0 0 0 0 0 0 0 0 0 0 0 0 0 0 0 0 0 0 0 0 0 0 0 0 0 0 0 0 0 0 0 0 0 0 0 0 0 0 0 0 0 0 0 0 0 0 0 0 0 0 0 0 0 0 0 0 0 0 0 0 0 0 0 0 0 0 0 0 0 0 0 0 0 0 0 0 0 0 0 0 0 0 0 0 0 0 0 0 0 0 0 0 0 0 0 0 0 0 0 0 0 0 0 0 0 0 0 0 0 0 0 0 0 0 0 0 0 0 0 0 0 0 0 0 0 0 0 0 0 0 0 0 0 0 0 0 0 0 0 0 0 0 0 0 0 0 0 0 0 0 0 0 0 0 0 0 0 0 0 0 0 0 0 0 0 0 0 0 0 0 0 0 0 0 0 0 0 0 0 0 0 0 0 0 0 0 0 0 0 0 0 0 0 0 0 0 0 0 0 0 0 0 0 0 0 0 0 0 0 0 0 0 0 0 0 0 0 0 0 0 0 0 0 0 0 0 0 0 0 0 0 0 0 0 0 0 0 0 0 0 0 0 0 0 0 0 0 0 0 0 0 0 0 0 0 0 0 0 0 0 0 0 0 0 0 0 0 0 0 0 0 0 0 0 0 0 0 0 0 0 0 0 0 0 0 0 0 0 0 0 0 0 0 0 0 0 0 0 0 0 0 0 0 0 0 0 0 0 0 0 0 0 0 0 0 0 0 0 0 0 0 0 0 0 0 0 0 0 0 0 0 0 0 0 0 0 0 0 0 0 0 0 0 0 0 0 0 0 0 0 0 0 0 0 0 0 0 0 0 0 0 0 0 0 0 0 0 0 0 0 0 0 0 0 0 0 0 0 0 0 0 0 0 0 0 0 0 0 0 0 0 0 0 0 0 0 0 0 0 0 0 0 0 0 0 0 0 0 0 0 0 0 0 0 0 0 0 0 0 0 0 0 0 0 0 0 0 0 0 0 0 0 0 0 0 0 0 0 0 0 0 0 0 0 0 0 0 0 0 0 0 0 0 0 0 0 0 0 0 0 0 0 0 0 0 0 0 0 0 0 0 0 0 0 0 0 0 0 0 0 0 0 0 0 0 0 0 0 0 0 0 0 0 0 0 0 0 0 0 0 0 0 0 0 0 0 0 0 0 0 0 0 0 0 0 0 0 0 0 0 0 0 0 0 0 0 0 0 0 0 0 0 0 0 0 0 0 0 0 0 0 0 0 0 0 0 0 0 0 0 0 0 0 0 0 0 0 0 0 0 0 0 0 0 0 0 0 0 0 0 0 0 0 0 0 0 0 0 0 0 0 0 0 0 0 0 0 0 0 0 0 0 0 0 0 0 0 0 0 0 0 0 0 0 0 0 0 0 0 0 0 0 0 0 0 0 0 0 0 0 0 0 0 0 0 0 0 0 0 0 0 0 0 0 0 0 0 0 0 0 0 0 0 0 0 0 0 0 0 0 0 0 0 0 0 0 0 0 0 0 0 0 0 0 0 0 0 0 0 0 0 0 0 0 0 0 0 0 0 0 0 0 0 0 0 0 0 0 0 0 0 0 0 0 0 0 0 0 0 0 0 0 0 0 0 0 0 0 0 0 0 0 0 0 0 0 0 0 0 0 0 0 0 0 0 0 0 0 0 0 0 0 0 0 0 0 0 0 0 0 0 0 0 0 0 0 0 0 0 0 0 0 0 0 0 0 0 0 0 0 0 0 0 0 0 0 0 0 0 0 0 0 0 0 0 0 0 0 0 0 0 0 0 0 0 0 0 0 0 0 0 0 0 0 0 0 0 0 0 0 0 0 0 0 0 0 0 0 0 0 0 0 0 0 0 0 0 0 0 0 0 0 0 0 0 0 0 0 0 0 0 0 0 0 0 0 0 0 0 0 0 0 0 0 0 0 0 0 0 0 0 0 0 0 0 0 0 0 0 0 0 0 0 0 0 0 0 0 0 0 0 0 0 0 0 0 0 0 0 0 0 0 0 0 0 0 0 0 0 0 0 0 0 0 0 0 0 0 0 0 0 0 0 0 0 0 0 0 0 0 0 0 0 0 0 0 0 0 0 0 0 0 0 0 0 0 0 0 0 0 0 0 0 0 0 0 0 0 0 0 0 0 0 0 0 0 0 0 0 0 0 0 0 0 0 0 0 0 0 0 0 0 0 0 0 0 0 0 0 0 0 0 0 0 0 0 0 0 0 0 0 0 0 0 0 0 0 0 0 0 0 0 0 0 0 0 0 0 0 0 0 0 0 0 0 0 0 0 0 0 0 0 0 0 0 0 0 0 0 0 0 0 0 0 0 0 0 0 0 0 0 0 0 0 0 0 0 0 0 0 0 0 0 0 0 0 0 0 0 0 0 0 0 0 0 0 0 0 0 0 0 0 0 0 0 0 0 0 0 0 0 0 0 0 0 0 0 0 0 0 0 0 0 0 0 0 0 0 0 0 0 0 0 0 0 0 0 0 0 0 0 0 0 0 0 0 0 0 0 0 0 0 0 0 0 0 0 0 0 0 0 0 0 0 0 0 0 0 0 0 0 0 0 0 0 0 0 0 0 0 0 0 0 0 0 0 0 0 0 0 0 0 0 0 0 0 0 0 0 0 0 0 0 0 0 0 0 0 0 0 0 0 0 0 0 0 0 0 0 0 0 0 0 0 0 0 0 0 0 0 0 0 0 0 0 0 0 0 0 0 0 0 0 0 0 0 0 0 0 0 0 0 0 0 0 0 0 0 0 0 0 0 0 0 0 0 0 0 0 0 0 0 0 0 0 0 0 0 0 0 0 0 0 0 0 0 0 0 0 0 0 0 0 0 0 0 0 0 0 0 0 0 0 0 0 0 0 0 0 0 0 0 0 0 0 0 0 0 0 0 0 0 0 0 0 0 0 0 0 0 0 0 0 0 0 0 0 0 0 0 0 0 0 0 0 0 0 0 0 0 0 0 0 0 0 0 0 0 0 0 0 0 0 0 0 0 0 0 0 0 0 0 0 0 0 0 0 0 0 0 0 0 0 0 0 0 0 0 0 0 0 0 0 0 0 0 0 0 0 0 0 0 0 0 0 0 0 0 0 0 0 0 0 0 0 0 0 0 0 0 0 0 0 0 0 0 0 0 0 0 0 0 0 0 0 0 0 0 0 0 0 0 0 0 0 0 0 0 0 0 0 0 0 0 0 0 0 0 0 0 0 0 0 0 0 0 0 0 0 0 0 0 0 0 0 0 0 0 0 0 0 0 0 0 0 0 0 0 0 0 
        </DataArray>
        <DataArray type="Float64" Name="dTdn" format="ascii">
0 0 0 0 0 0 0 0 0 0 0 0 0 0 0 0 0 0 0 0 0 0 0 0 0 0 0 0 0 0 0 0 0 0 0 0 0 0 0 0 0 0 0 0 0 0 0 0 0 0 0 0 0 0 0 0 0 0 0 0 0 0 0 0 0 0 0 0 0 0 0 0 0 0 0 0 0 0 0 0 0 0 0 0 0 0 0 0 0 0 0 0 0 0 0 0 0 0 0 0 0 0 0 0 0 0 0 0 0 0 0 0 0 0 0 0 0 0 0 0 0 0 0 0 0 0 0 0 0 0 0 0 0 0 0 0 0 0 0 0 0 0 0 0 0 0 0 0 0 0 0 0 0 0 0 0 0 0 0 0 0 0 0 0 0 0 0 0 0 0 0 0 0 0 0 0 0 0 0 0 0 0 0 0 0 0 0 0 0 0 0 0 0 0 0 0 0 0 0 0 0 0 0 0 0 0 0 0 0 0 0 0 0 0 0 0 0 0 0 0 0 0 0 0 0 0 0 0 0 0 0 0 0 0 0 0 0 0 0 0 0 0 0 0 0 0 0 0 0 0 0 0 0 0 0 0 0 0 0 0 0 0 0 0 0 0 0 0 0 0 0 0 0 0 0 0 0 0 0 0 0 0 0 0 0 0 0 0 0 0 0 0 0 0 0 0 0 0 0 0 0 0 0 0 0 0 0 0 0 0 0 0 0 0 0 0 0 0 0 0 0 0 0 0 0 0 0 0 0 0 0 0 0 0 0 0 0 0 0 0 0 0 0 0 0 0 0 0 0 0 0 0 0 0 0 0 0 0 0 0 0 0 0 0 0 0 0 0 0 0 0 0 0 0 0 0 0 0 0 0 0 0 0 0 0 0 0 0 0 0 0 0 0 0 0 0 0 0 0 0 0 0 0 0 0 0 0 0 0 0 0 0 0 0 0 0 0 0 0 0 0 0 0 0 0 0 0 0 0 0 0 0 0 0 0 0 0 0 0 0 0 0 0 0 0 0 0 0 0 0 0 0 0 0 0 0 0 0 0 0 0 0 0 0 0 0 0 0 0 0 0 0 0 0 0 0 0 0 0 0 0 0 0 0 0 0 0 0 0 0 0 0 0 0 0 0 0 0 0 0 0 0 0 0 0 0 0 0 0 0 0 0 0 0 0 0 0 0 0 0 0 0 0 0 0 0 0 0 0 0 0 0 0 0 0 0 0 0 0 0 0 0 0 0 0 0 0 0 0 0 0 0 0 0 0 0 0 0 0 0 0 0 0 0 0 0 0 0 0 0 0 0 0 0 0 0 0 0 0 0 0 0 0 0 0 0 0 0 0 0 0 0 0 0 0 0 0 0 0 0 0 0 0 0 0 0 0 0 0 0 0 0 0 0 0 0 0 0 0 0 0 0 0 0 0 0 0 0 0 0 0 0 0 0 0 0 0 0 0 0 0 0 0 0 0 0 0 0 0 0 0 0 0 0 0 0 0 0 0 0 0 0 0 0 0 0 0 0 0 0 0 0 0 0 0 0 0 0 0 0 0 0 0 0 0 0 0 0 0 0 0 0 0 0 0 0 0 0 0 0 0 0 0 0 0 0 0 0 0 0 0 0 0 0 0 0 0 0 0 0 0 0 0 0 0 0 0 0 0 0 0 0 0 0 0 0 0 0 0 0 0 0 0 0 0 0 0 0 0 0 0 0 0 0 0 0 0 0 0 0 0 0 0 0 0 0 0 0 0 0 0 0 0 0 0 0 0 0 0 0 0 0 0 0 0 0 0 0 0 0 0 0 0 0 0 0 0 0 0 0 0 0 0 0 0 0 0 0 0 0 0 0 0 0 0 0 0 0 0 0 0 0 0 0 0 0 0 0 0 0 0 0 0 0 0 0 0 0 0 0 0 0 0 0 0 0 0 0 0 0 0 0 0 0 0 0 0 0 0 0 0 0 0 0 0 0 0 0 0 0 0 0 0 0 0 0 0 0 0 0 0 0 0 0 0 0 0 0 0 0 0 0 0 0 0 0 0 0 0 0 0 0 0 0 0 0 0 0 0 0 0 0 0 0 0 0 0 0 0 0 0 0 0 0 0 0 0 0 0 0 0 0 0 0 0 0 0 0 0 0 0 0 0 0 0 0 0 0 0 0 0 0 0 0 0 0 0 0 0 0 0 0 0 0 0 0 0 0 0 0 0 0 0 0 0 0 0 0 0 0 0 0 0 0 0 0 0 0 0 0 0 0 0 0 0 0 0 0 0 0 0 0 0 0 0 0 0 0 0 0 0 0 0 0 0 0 0 0 0 0 0 0 0 0 0 0 0 0 0 0 0 0 0 0 0 0 0 0 0 0 0 0 0 0 0 0 0 0 0 0 0 0 0 0 0 0 0 0 0 0 0 0 0 0 0 0 0 0 0 0 0 0 0 0 0 0 0 0 0 0 0 0 0 0 0 0 0 0 0 0 0 0 0 0 0 0 0 0 0 0 0 0 0 0 0 0 0 0 0 0 0 0 0 0 0 0 0 0 0 0 0 0 0 0 0 0 0 0 0 0 0 0 0 0 0 0 0 0 0 0 0 0 0 0 0 0 0 0 0 0 0 0 0 0 0 0 0 0 0 0 0 0 0 0 0 0 0 0 0 0 0 0 0 0 0 0 0 0 0 0 0 0 0 0 0 0 0 0 0 0 0 0 0 0 0 0 0 0 0 0 0 0 0 0 0 0 0 0 0 0 0 0 0 0 0 0 0 0 0 0 0 0 0 0 0 0 0 0 0 0 0 0 0 0 0 0 0 0 0 0 0 0 0 0 0 0 0 0 0 0 0 0 0 0 0 0 0 0 0 0 0 0 0 0 0 0 0 0 0 0 0 0 0 0 0 0 0 0 0 0 0 0 0 0 0 0 0 0 0 0 0 0 0 0 0 0 0 0 0 0 0 0 0 0 0 0 0 0 0 0 0 0 0 0 0 0 0 0 0 0 0 0 0 0 0 0 0 0 0 0 0 0 0 0 0 0 0 0 0 0 0 0 0 0 0 0 0 0 0 0 0 0 0 0 0 0 0 0 0 0 0 0 0 0 0 0 0 0 0 0 0 0 0 0 0 0 0 0 0 0 0 0 0 0 0 0 0 0 0 0 0 0 0 0 0 0 0 0 0 0 0 0 0 0 0 0 0 0 0 0 0 0 0 0 0 0 0 0 0 0 0 0 0 0 0 0 0 0 0 0 0 0 0 0 0 0 0 0 0 0 0 0 0 0 0 0 0 0 0 0 0 0 0 0 0 0 0 0 0 0 0 0 0 0 0 0 0 0 0 0 0 0 0 0 0 0 0 0 0 0 0 0 0 0 0 0 0 0 0 0 0 0 0 0 0 0 0 0 0 0 0 0 0 0 0 0 0 0 0 0 0 0 0 0 0 0 0 0 0 0 0 0 0 0 0 0 0 0 0 0 0 0 0 0 0 0 0 0 0 0 0 0 0 0 0 0 0 0 0 0 0 0 0 0 0 0 0 0 0 0 0 0 0 0 0 0 0 0 0 0 0 0 0 0 0 0 0 0 0 0 0 0 0 0 0 0 0 0 0 0 0 0 0 0 0 0 0 0 0 0 0 0 0 0 0 0 0 0 0 0 0 0 0 0 0 0 0 0 0 0 0 0 0 0 0 0 0 0 0 0 0 0 0 0 0 0 0 0 0 0 0 0 0 0 0 0 0 0 0 0 0 0 0 0 0 0 0 0 0 0 0 0 0 0 0 0 0 0 0 0 0 0 0 0 0 0 0 0 0 0 0 0 0 0 0 0 0 0 0 0 0 0 0 0 0 0 0 0 0 0 0 0 0 0 0 0 0 0 0 0 0 0 0 0 0 0 0 0 0 0 0 0 0 0 0 0 0 0 0 0 0 0 0 0 0 0 0 0 0 0 0 0 0 0 0 0 0 0 0 0 0 0 0 0 0 0 0 0 0 0 0 0 0 0 0 0 0 0 0 0 0 0 0 0 0 0 0 0 0 0 0 0 0 0 0 0 0 0 0 0 0 0 0 0 0 0 0 0 0 0 0 0 0 0 0 0 0 0 0 0 0 0 0 0 0 0 0 0 0 0 0 0 0 0 0 0 0 0 0 0 0 0 0 0 0 0 0 0 0 0 0 0 0 0 0 0 0 0 0 0 0 0 0 0 0 0 0 0 0 0 0 0 0 0 0 0 0 0 0 0 0 0 0 0 0 0 0 0 0 0 0 0 0 0 0 0 0 0 0 0 0 0 0 0 0 0 0 0 0 0 0 0 0 0 0 0 0 0 0 0 0 0 0 0 0 0 0 0 0 0 0 0 0 0 0 0 0 0 0 0 0 0 0 0 0 0 0 0 0 0 0 0 0 0 0 0 0 0 0 0 0 0 0 0 0 0 0 0 0 0 0 0 0 0 0 0 0 0 0 0 0 0 0 0 0 0 0 0 0 0 0 0 0 0 0 0 0 0 0 0 0 0 0 0 0 0 0 0 0 0 
        </DataArray>
        <DataArray type="Int32" Name="Rank" format="ascii">
7 7 7 7 7 7 7 7 7 7 7 7 7 7 7 7 7 7 7 7 7 7 7 7 7 7 7 7 7 7 7 7 7 7 7 7 7 7 7 7 7 7 7 7 7 7 7 7 7 7 7 7 7 7 7 7 7 7 7 7 7 7 7 7 7 7 7 7 7 7 7 7 7 7 7 7 7 7 7 7 7 7 7 7 7 7 7 7 7 7 7 7 7 7 7 7 7 7 7 7 7 7 7 7 7 7 7 7 7 7 7 7 7 7 7 7 7 7 7 7 7 7 7 7 7 7 7 7 7 7 7 7 7 7 7 7 7 7 7 7 7 7 7 7 7 7 7 7 7 7 7 7 7 7 7 7 7 7 7 7 7 7 7 7 7 7 7 7 7 7 7 7 7 7 7 7 7 7 7 7 7 7 7 7 7 7 7 7 7 7 7 7 7 7 7 7 7 7 7 7 7 7 7 7 7 7 7 7 7 7 7 7 7 7 7 4 4 4 4 4 4 4 4 4 4 4 4 4 4 4 4 4 4 4 4 4 4 4 4 4 4 4 4 4 4 4 4 4 4 4 4 4 4 4 4 4 4 4 4 4 4 4 4 4 4 4 4 4 4 4 4 4 4 4 4 4 4 4 4 4 4 4 4 4 4 7 7 7 7 7 7 7 7 7 7 7 7 7 7 7 7 7 7 7 7 7 7 7 7 7 7 7 7 7 7 7 7 7 7 7 7 7 7 7 7 7 7 7 7 7 7 7 7 7 7 7 7 7 7 7 7 7 7 7 7 7 7 7 7 7 7 7 7 7 7 7 7 7 7 7 7 7 7 7 7 7 7 7 7 7 7 7 7 7 7 7 7 7 7 7 7 7 7 7 7 7 7 0 7 7 7 7 7 7 7 7 7 7 7 7 7 7 7 7 7 7 7 7 7 7 7 7 7 7 7 7 7 7 7 7 7 7 7 7 7 7 7 7 7 7 7 7 7 7 7 7 7 7 7 7 7 7 7 7 7 7 7 7 7 7 7 7 7 7 7 7 7 7 7 7 7 7 7 7 7 7 7 7 7 7 7 7 7 7 7 7 7 7 7 7 7 7 7 7 7 7 7 7 7 7 7 7 7 7 7 7 7 7 7 7 7 7 7 7 7 7 7 7 7 7 7 7 7 7 7 7 7 7 7 7 7 7 7 7 7 7 7 7 7 7 7 7 7 7 7 7 7 7 7 7 7 7 7 7 7 7 7 7 7 7 7 7 7 7 7 7 7 7 7 7 7 7 7 7 7 7 7 7 7 7 7 7 7 7 7 7 7 7 7 7 7 7 7 7 7 7 7 7 7 7 7 7 7 7 7 7 7 7 7 7 7 7 7 7 7 7 7 7 7 7 7 7 7 7 7 7 7 7 7 7 7 7 7 7 7 7 7 7 7 7 7 7 7 7 7 7 7 7 7 7 7 7 7 7 7 7 7 7 7 7 7 7 7 7 7 7 7 7 7 7 7 7 7 7 7 7 7 7 7 7 7 7 7 7 7 7 7 7 7 7 7 7 7 7 7 7 7 7 7 7 7 7 7 7 7 7 7 7 7 7 7 7 7 7 7 7 7 7 7 7 7 7 7 7 7 7 7 7 7 7 7 7 7 7 7 7 7 7 7 7 7 7 7 7 7 7 7 7 7 7 7 7 7 7 7 7 7 7 7 7 7 7 7 7 7 7 7 7 7 7 7 7 7 7 7 7 7 7 7 7 7 7 7 7 7 7 7 7 7 7 7 7 7 7 7 7 7 7 7 7 7 7 7 7 7 7 7 7 7 7 7 7 7 7 7 7 7 7 7 7 7 7 7 7 7 7 7 7 7 7 7 7 7 7 7 7 7 7 7 7 7 7 7 7 7 7 7 7 7 7 7 7 7 7 7 7 7 7 7 7 7 7 7 7 7 7 7 7 7 7 7 7 7 7 7 7 7 7 7 7 7 7 7 7 7 7 7 7 7 7 7 7 7 7 7 7 7 7 7 7 7 7 7 7 7 7 7 7 7 7 7 7 7 7 7 7 7 7 7 7 7 7 7 7 7 7 7 7 7 7 7 7 7 7 7 7 7 7 7 7 7 7 7 7 7 7 7 7 7 7 7 7 7 7 7 7 7 7 7 7 7 7 7 7 7 7 7 7 7 7 7 7 7 7 7 7 7 7 7 7 7 7 7 7 7 3 3 3 3 3 3 3 3 3 3 3 3 3 3 3 3 3 3 3 3 3 3 3 3 3 3 3 3 3 3 3 3 3 3 3 3 3 3 3 3 3 3 3 3 3 3 3 3 3 3 3 3 3 3 3 3 3 3 3 3 3 3 3 3 3 3 3 3 3 3 3 3 3 3 3 3 3 3 3 3 3 3 3 3 3 3 3 3 3 3 3 3 3 3 3 3 3 3 3 3 3 3 3 3 3 3 3 3 3 3 3 3 3 3 3 3 3 3 3 3 3 3 3 3 3 3 3 3 3 3 3 3 3 3 3 3 3 3 3 3 3 3 3 3 3 3 3 3 3 3 3 3 3 3 3 3 3 3 3 3 3 3 3 3 3 3 3 3 3 3 3 3 3 3 3 3 3 3 3 3 3 3 3 3 3 3 3 3 3 3 3 3 3 3 3 3 3 3 3 3 3 3 3 3 3 3 3 3 3 3 3 3 3 3 3 3 3 3 3 3 3 3 3 3 3 3 3 3 3 3 3 3 3 3 3 3 3 3 3 3 3 3 3 3 3 3 3 3 3 3 3 3 3 3 3 3 3 3 3 3 3 3 3 3 3 3 3 3 3 3 3 3 3 3 3 3 3 3 3 3 3 3 3 3 3 3 3 3 3 3 3 3 3 3 3 3 3 3 3 3 3 3 3 3 3 3 3 3 3 3 3 3 3 3 3 3 3 3 3 3 3 3 3 3 3 3 3 3 3 3 3 3 3 3 3 3 3 3 3 3 3 3 3 3 3 3 3 3 3 3 3 3 3 3 3 3 3 3 3 3 3 3 3 3 3 3 3 3 3 3 3 3 3 3 3 3 3 3 3 3 3 3 3 3 3 3 3 3 3 3 3 3 3 3 3 3 3 3 3 3 3 3 3 3 3 3 3 3 3 3 3 3 3 3 3 3 3 3 3 3 3 3 3 3 3 3 3 3 3 3 3 3 3 3 3 3 3 3 3 3 3 3 3 3 3 3 3 3 3 3 3 3 3 3 3 3 3 3 3 3 3 3 3 3 3 3 3 3 3 3 3 3 3 3 3 3 3 3 3 3 3 3 3 3 3 3 3 3 3 3 3 3 3 3 3 3 3 3 3 3 3 3 3 3 3 3 3 3 3 3 3 3 3 3 3 3 3 3 3 3 3 3 3 3 3 3 3 3 3 3 3 3 3 3 3 3 3 3 3 3 3 3 3 3 3 3 3 3 3 3 3 3 3 3 3 3 3 3 3 3 3 3 3 3 3 3 3 3 3 3 3 3 3 3 3 3 3 3 3 3 3 3 3 3 3 3 3 3 3 3 3 3 3 3 3 3 3 3 3 3 3 3 3 3 3 3 3 3 3 3 3 3 3 3 3 3 3 3 3 3 3 3 3 3 3 3 3 3 3 3 3 3 3 3 3 3 3 3 3 3 3 3 3 3 3 3 3 3 3 3 3 3 3 3 3 3 3 3 3 3 3 3 3 3 3 3 3 3 3 3 3 3 3 3 3 3 3 3 3 3 3 3 3 3 3 3 3 3 3 3 3 3 3 3 3 3 3 3 3 3 3 3 3 3 3 3 3 3 3 3 3 3 3 3 3 3 3 3 3 3 3 3 3 3 3 3 3 3 3 3 3 3 3 3 3 3 3 3 3 3 3 3 3 3 3 3 3 3 3 3 3 3 3 3 3 3 3 3 3 3 3 3 3 3 3 3 3 3 3 3 3 3 3 3 3 3 3 3 3 3 3 3 3 3 3 3 3 3 3 3 3 3 3 3 3 3 3 3 3 3 3 3 3 3 3 3 3 3 3 3 3 3 3 3 3 3 3 3 3 3 3 3 3 3 3 3 3 3 3 3 3 3 3 3 3 3 3 3 3 3 3 3 3 3 3 3 3 3 3 3 3 3 3 3 3 3 3 3 3 3 3 3 3 3 3 3 3 3 3 3 3 3 3 3 3 3 3 3 3 3 3 3 3 3 3 3 3 3 3 3 3 3 3 3 3 3 3 3 3 3 3 3 3 3 3 3 3 3 3 3 3 3 3 3 3 3 3 3 3 3 3 3 3 3 3 3 3 3 3 3 3 3 3 3 3 3 3 3 3 3 3 3 3 3 3 3 3 3 3 3 3 3 3 3 3 3 3 3 3 3 3 3 3 3 3 3 3 3 3 3 3 3 3 3 3 3 3 3 3 3 3 3 3 3 3 3 3 3 3 3 3 3 3 3 3 3 3 3 3 3 3 3 3 3 3 3 3 3 3 3 3 3 3 3 3 3 3 3 3 3 3 3 3 3 3 
        </DataArray>
        <DataArray type="Int32" Name="Level" format="ascii">
4 4 4 4 4 4 4 4 4 4 4 4 4 4 4 4 4 4 4 4 4 4 4 4 4 4 4 4 4 4 4 4 4 4 4 4 4 4 4 4 4 4 4 4 4 4 4 4 4 4 4 4 4 4 4 4 4 4 4 4 4 4 4 4 4 4 4 4 4 4 4 4 4 4 4 4 4 4 4 4 4 4 4 4 4 4 4 4 4 4 4 4 4 4 4 4 4 4 4 4 4 4 4 4 4 4 4 4 4 4 4 4 4 4 4 4 4 4 4 4 4 4 4 4 4 4 4 4 4 4 4 4 4 4 4 4 4 4 4 4 4 4 4 4 4 4 4 4 4 4 4 4 4 4 4 4 4 4 4 4 4 4 4 4 4 4 4 4 4 4 4 4 4 4 4 4 4 4 4 4 4 4 4 4 4 4 4 4 4 4 4 4 4 4 4 4 4 4 4 4 4 4 4 4 4 4 4 4 4 4 4 4 4 4 4 4 4 4 4 4 4 4 4 4 4 4 4 4 4 4 4 4 4 4 4 4 4 4 4 4 4 4 4 4 4 4 4 4 4 4 4 4 4 4 4 4 4 4 4 4 4 4 4 4 4 4 4 4 4 4 4 4 4 4 4 4 4 4 4 4 4 4 4 4 4 4 4 4 4 4 4 4 4 4 4 4 4 4 4 4 4 4 4 4 4 4 4 4 4 4 4 4 4 4 4 4 4 4 4 4 4 4 4 4 4 4 4 4 4 4 4 4 4 4 4 4 4 4 4 4 4 4 4 4 4 4 4 4 4 4 4 4 4 4 4 4 4 4 4 4 4 4 4 4 4 4 4 4 4 4 4 4 4 4 4 4 4 4 4 4 4 4 4 4 4 4 4 3 4 4 4 4 4 4 4 4 4 4 4 4 4 4 4 4 4 4 4 4 4 4 4 4 4 4 4 4 4 4 4 4 4 4 4 4 4 4 4 4 4 4 4 4 4 4 4 4 4 4 4 4 4 4 4 4 4 4 4 4 4 4 4 4 4 4 4 4 4 4 4 4 4 4 4 4 4 4 4 4 4 4 4 4 4 4 4 4 4 4 4 4 4 4 4 4 4 4 4 4 4 4 4 4 4 4 4 4 4 4 4 4 4 4 4 4 4 4 4 4 4 4 4 4 4 4 4 4 4 4 4 4 4 4 4 4 4 4 4 4 4 4 4 4 4 4 4 4 4 4 4 4 4 4 4 4 4 4 4 4 4 4 4 4 4 4 4 4 4 4 4 4 4 4 4 4 4 4 4 4 4 4 4 4 4 4 4 4 4 4 4 4 4 4 4 4 4 4 4 4 4 4 4 4 4 4 4 4 4 4 4 4 4 4 4 4 4 4 4 4 4 4 4 4 4 4 4 4 4 4 4 4 4 4 4 4 4 4 4 4 4 4 4 4 4 4 4 4 4 4 4 4 4 4 4 4 4 4 4 4 4 4 4 4 4 4 4 4 4 4 4 4 4 4 4 4 4 4 4 4 4 4 4 4 4 4 4 4 4 4 4 4 4 4 4 4 4 4 4 4 4 4 4 4 4 4 4 4 4 4 4 4 4 4 4 4 4 4 4 4 4 4 4 4 4 4 4 4 4 4 4 4 4 4 4 4 4 4 4 4 4 4 4 4 4 4 4 4 4 4 4 4 4 4 4 4 4 4 4 4 4 4 4 4 4 4 4 4 4 4 4 4 4 4 4 4 4 4 4 4 4 4 4 4 4 4 4 4 4 4 4 4 4 4 4 4 4 4 4 4 4 4 4 4 4 4 4 4 4 4 4 4 4 4 4 4 4 4 4 4 4 4 4 4 4 4 4 4 4 4 4 4 4 4 4 4 4 4 4 4 4 4 4 4 4 4 4 4 4 4 4 4 4 4 4 4 4 4 4 4 4 4 4 4 4 4 4 4 4 4 4 4 4 4 4 4 4 4 4 4 4 4 4 4 4 4 4 4 4 4 4 4 4 4 4 4 4 4 4 4 4 4 4 4 4 4 4 4 4 4 4 4 4 4 4 4 4 4 4 4 4 4 4 4 4 4 4 4 4 4 4 4 4 4 4 4 4 4 4 4 4 4 4 4 4 4 4 4 4 4 4 4 4 4 4 4 4 4 4 4 4 4 4 4 4 4 4 4 4 4 4 4 4 4 4 4 4 4 4 4 4 4 4 4 4 4 4 4 4 4 4 4 4 4 4 4 4 4 4 4 4 4 4 4 4 4 4 4 4 4 4 4 4 4 4 4 4 4 4 4 4 4 4 4 4 4 4 4 4 4 4 4 4 4 4 4 4 4 4 4 4 4 4 4 4 4 4 4 4 4 4 4 4 4 4 4 4 4 4 4 4 4 4 4 4 4 4 4 4 4 4 4 4 4 4 4 4 4 4 4 4 4 4 4 4 4 4 4 4 4 4 4 4 4 4 4 4 4 4 4 4 4 4 4 4 4 4 4 4 4 4 4 4 4 4 4 4 4 4 4 4 4 4 4 4 4 4 4 4 4 4 4 4 4 4 4 4 4 4 4 4 4 4 4 4 4 4 4 4 4 4 4 4 4 4 4 4 4 4 4 4 4 4 4 4 4 4 4 4 4 4 4 4 4 4 4 4 4 4 4 4 4 4 4 4 4 4 4 4 4 4 4 4 4 4 4 4 4 4 4 4 4 4 4 4 4 4 4 4 4 4 4 4 4 4 4 4 4 4 4 4 4 4 4 4 4 4 4 4 4 4 4 4 4 4 4 4 4 4 4 4 4 4 4 4 4 4 4 4 4 4 4 4 4 4 4 4 4 4 4 4 4 4 4 4 4 4 4 4 4 4 4 4 4 4 4 4 4 4 4 4 4 4 4 4 4 4 4 4 4 4 4 4 4 4 4 4 4 4 4 4 4 4 4 4 4 4 4 4 4 4 4 4 4 4 4 4 4 4 4 4 4 4 4 4 4 4 4 4 4 4 4 4 4 4 4 4 4 4 4 4 4 4 4 4 4 4 4 4 4 4 4 4 4 4 4 4 4 4 4 4 4 4 4 4 4 4 4 4 4 4 4 4 4 4 4 4 4 4 4 4 4 4 4 4 4 4 4 4 4 4 4 4 4 4 4 4 4 4 4 4 4 4 4 4 4 4 4 4 4 4 4 4 4 4 4 4 4 4 4 4 4 4 4 4 4 4 4 4 4 4 4 4 4 4 4 4 4 4 4 4 4 4 4 4 4 4 4 4 4 4 4 4 4 4 4 4 4 4 4 4 4 4 4 4 4 4 4 4 4 4 4 4 4 4 4 4 4 4 4 4 4 4 4 4 4 4 4 4 4 4 4 4 4 4 4 4 4 4 4 4 4 4 4 4 4 4 4 4 4 4 4 4 4 4 4 4 4 4 4 4 4 4 4 4 4 4 4 4 4 4 4 4 4 4 4 4 4 4 4 4 4 4 4 4 4 4 4 4 4 4 4 4 4 4 4 4 4 4 4 4 4 4 4 4 4 4 4 4 4 4 4 4 4 4 4 4 4 4 4 4 4 4 4 4 4 4 4 4 4 4 4 4 4 4 4 4 4 4 4 4 4 4 4 4 4 4 4 4 4 4 4 4 4 4 4 4 4 4 4 4 4 4 4 4 4 4 4 4 4 4 4 4 4 4 4 4 4 4 4 4 4 4 4 4 4 4 4 4 4 4 4 4 4 4 4 4 4 4 4 4 4 4 4 4 4 4 4 4 4 4 4 4 4 4 4 4 4 4 4 4 4 4 4 4 4 4 4 4 4 4 4 4 4 4 4 4 4 4 4 4 4 4 4 4 4 4 4 4 4 4 4 4 4 4 4 4 4 4 4 4 4 4 4 4 4 4 4 4 4 4 4 4 4 4 4 4 4 4 4 4 4 4 4 4 4 4 4 4 4 4 4 4 4 4 4 4 4 4 4 4 4 4 4 4 4 4 4 4 4 4 4 4 4 4 4 4 4 4 4 4 4 4 4 4 4 4 4 4 4 4 4 4 4 4 4 4 4 4 4 4 4 4 4 4 4 4 4 4 4 4 4 4 4 4 4 4 4 4 4 4 4 4 4 4 4 4 4 4 4 4 4 4 4 4 4 4 4 4 4 4 4 4 4 4 4 4 4 4 4 4 4 4 4 4 4 4 4 4 4 4 4 4 4 4 4 4 4 4 4 4 4 4 4 4 4 4 4 4 4 4 4 4 4 4 4 4 4 4 4 4 4 4 4 4 4 4 4 4 4 4 4 4 4 4 4 4 4 4 4 4 4 4 4 4 4 4 4 4 4 4 4 4 4 4 4 4 4 4 4 4 4 4 4 4 4 4 4 4 4 4 4 4 4 4 4 4 4 4 4 4 4 4 4 4 4 4 4 4 4 4 4 4 4 4 4 4 4 4 4 4 4 4 4 4 4 4 4 4 4 4 4 4 4 4 4 4 4 4 4 4 4 4 4 4 4 4 4 4 4 4 4 4 4 4 4 4 4 4 4 4 4 
        </DataArray>
        <DataArray type="Int32" Name="N_Interp_IP0" format="ascii">
4 4 4 4 4 4 4 4 4 4 4 4 4 4 4 4 4 4 4 4 4 4 4 4 4 4 4 4 4 4 4 4 4 4 4 4 4 4 4 4 4 4 4 4 4 4 4 4 4 4 4 4 4 4 4 4 4 4 4 4 4 4 4 4 4 4 4 4 4 4 4 4 4 4 4 4 4 4 4 4 4 4 4 4 4 4 4 4 4 4 4 4 4 4 4 4 4 4 4 4 4 4 4 4 4 4 4 4 4 4 4 4 4 4 4 4 4 4 4 4 4 4 4 4 4 4 4 4 4 4 4 4 4 4 4 4 4 4 4 4 4 4 4 4 4 4 4 4 4 4 4 4 4 4 4 4 4 4 4 4 4 4 4 4 4 4 4 4 4 4 4 4 4 4 4 4 4 4 4 4 4 4 4 4 4 4 4 4 4 4 4 4 4 4 4 4 4 4 4 4 4 4 4 4 4 4 4 4 4 4 4 4 4 4 4 4 4 4 4 4 4 4 4 4 4 4 4 4 4 4 4 4 4 4 4 4 4 4 4 4 4 4 4 4 4 4 4 4 4 4 4 4 4 4 4 4 4 4 4 4 4 4 4 4 4 4 4 4 4 4 4 4 4 4 4 4 4 4 4 4 4 4 4 4 4 4 4 4 4 4 4 4 4 4 4 4 4 4 4 4 4 4 4 4 4 4 4 4 4 4 4 4 4 4 4 4 4 4 4 4 4 4 4 4 4 4 4 4 4 4 4 4 4 4 4 4 4 4 4 4 4 4 4 4 4 4 4 4 4 4 4 4 4 4 4 4 4 4 4 4 4 4 4 4 4 4 4 4 4 4 4 4 4 4 4 4 4 4 4 4 4 4 4 4 4 4 4 4 4 4 4 4 4 4 4 4 4 4 4 4 4 4 4 4 4 4 4 4 4 4 4 4 4 4 4 4 4 4 4 4 4 4 4 4 4 4 4 4 4 4 4 4 4 4 4 4 4 4 4 4 4 4 4 4 4 4 4 4 4 4 4 4 4 4 4 4 4 4 4 4 4 4 4 4 4 4 4 4 4 4 4 4 4 4 4 4 4 4 4 4 4 4 4 4 4 4 4 4 4 4 4 4 4 4 4 4 4 4 4 4 4 4 4 4 4 4 4 4 4 4 4 4 4 4 4 4 4 4 4 4 4 4 4 4 4 4 4 4 4 4 4 4 4 4 4 4 4 4 4 4 4 4 4 4 4 4 4 4 4 4 4 4 4 4 4 4 4 4 4 4 4 4 4 4 4 4 4 4 4 4 4 4 4 4 4 4 4 4 4 4 4 4 4 4 4 4 4 4 4 4 4 4 4 4 4 4 4 4 4 4 4 4 4 4 4 4 4 4 4 4 4 4 4 4 4 4 4 4 4 4 4 4 4 4 4 4 4 4 4 4 4 4 4 4 4 4 4 4 4 4 4 4 4 4 4 4 4 4 4 4 4 4 4 4 4 4 4 4 4 4 4 4 4 4 4 4 4 4 4 4 4 4 4 4 4 4 4 4 4 4 4 4 4 4 4 4 4 4 4 4 4 4 4 4 4 4 4 4 4 4 4 4 4 4 4 4 4 4 4 4 4 4 4 4 4 4 4 4 4 4 4 4 4 4 4 4 4 4 4 4 4 4 4 4 4 4 4 4 4 4 4 4 4 4 4 4 4 4 4 4 4 4 4 4 4 4 4 4 4 4 4 4 4 4 4 4 4 4 4 4 4 4 4 4 4 4 4 4 4 4 4 4 4 4 4 4 4 4 4 4 4 4 4 4 4 4 4 4 4 4 4 4 4 4 4 4 4 4 4 4 4 4 4 4 4 4 4 4 4 4 4 4 4 4 4 4 4 4 4 4 4 4 4 4 4 4 4 4 4 4 4 4 4 4 4 4 4 4 4 4 4 4 4 4 4 4 4 4 4 4 4 4 4 4 4 4 4 4 4 4 4 4 4 4 4 4 4 4 4 4 4 4 4 4 4 4 4 4 4 4 4 4 4 4 4 4 4 4 4 4 4 4 4 4 4 4 4 4 4 4 4 4 4 4 4 4 4 4 4 4 4 4 4 4 4 4 4 4 4 4 4 4 4 4 4 4 4 4 4 4 4 4 4 4 4 4 4 4 4 4 4 4 4 4 4 4 4 4 4 4 4 4 4 4 4 4 4 4 4 4 4 4 4 4 4 4 4 4 4 4 4 4 4 4 4 4 4 4 4 4 4 4 4 4 4 4 4 4 4 4 4 4 4 4 4 4 4 4 4 4 4 4 4 4 4 4 4 4 4 4 4 4 4 4 4 4 4 4 4 4 4 4 4 4 4 4 4 4 4 4 4 4 4 4 4 4 4 4 4 4 4 4 4 4 4 4 4 4 4 4 4 4 4 4 4 4 4 4 4 4 4 4 4 4 4 4 4 4 4 4 4 4 4 4 4 4 4 4 4 4 4 4 4 4 4 4 4 4 4 4 4 4 4 4 4 4 4 4 4 4 4 4 4 4 4 4 4 4 4 4 4 4 4 4 4 4 4 4 4 4 4 4 4 4 4 4 4 4 4 4 4 4 4 4 4 4 4 4 4 4 4 4 4 4 4 4 4 4 4 4 4 4 4 4 4 4 4 4 4 4 4 4 4 4 4 4 4 4 4 4 4 4 4 4 4 4 4 4 4 4 4 4 4 4 4 4 4 4 4 4 4 4 4 4 4 4 4 4 4 4 4 4 4 4 4 4 4 4 4 4 4 4 4 4 4 4 4 4 4 4 4 4 4 4 4 4 4 4 4 4 4 4 4 4 4 4 4 4 4 4 4 4 4 4 4 4 4 4 4 4 4 4 4 4 4 4 4 4 4 4 4 4 4 4 4 4 4 4 4 4 4 4 4 4 4 4 4 4 4 4 4 4 4 4 4 4 4 4 4 4 4 4 4 4 4 4 4 4 4 4 4 4 4 4 4 4 4 4 4 4 4 4 4 4 4 4 4 4 4 4 4 4 4 4 4 4 4 4 4 4 4 4 4 4 4 4 4 4 4 4 4 4 4 4 4 4 4 4 4 4 4 4 4 4 4 4 4 4 4 4 4 4 4 4 4 4 4 4 4 4 4 4 4 4 4 4 4 4 4 4 4 4 4 4 4 4 4 4 4 4 4 4 4 4 4 4 4 4 4 4 4 4 4 4 4 4 4 4 4 4 4 4 4 4 4 4 4 4 4 4 4 4 4 4 4 4 4 4 4 4 4 4 4 4 4 4 4 4 4 4 4 4 4 4 4 4 4 4 4 4 4 4 4 4 4 4 4 4 4 4 4 4 4 4 4 4 4 4 4 4 4 4 4 4 4 4 4 4 4 4 4 4 4 4 4 4 4 4 4 4 4 4 4 4 4 4 4 4 4 4 4 4 4 4 4 4 4 4 4 4 4 4 4 4 4 4 4 4 4 4 4 4 4 4 4 4 4 4 4 4 4 4 4 4 4 4 4 4 4 4 4 4 4 4 4 4 4 4 4 4 4 4 4 4 4 4 4 4 4 4 4 4 4 4 4 4 4 4 4 4 4 4 4 4 4 4 4 4 4 4 4 4 4 4 4 4 4 4 4 4 4 4 4 4 4 4 4 4 4 4 4 4 4 4 4 4 4 4 4 4 4 4 4 4 4 4 4 4 4 4 4 4 4 4 4 4 4 4 4 4 4 4 4 4 4 4 4 4 4 4 4 4 4 4 4 4 4 4 4 4 4 4 4 4 4 4 4 4 4 4 4 4 4 4 4 4 4 4 4 4 4 4 4 4 4 4 4 4 4 4 4 4 4 4 4 4 4 4 4 4 4 4 4 4 4 4 4 4 4 4 4 4 4 4 4 4 4 4 4 4 4 4 4 4 4 4 4 4 4 4 4 4 4 4 4 4 4 4 4 4 4 4 4 4 4 4 4 4 4 4 4 4 4 4 4 4 4 4 4 4 4 4 4 4 4 4 4 4 4 4 4 4 4 4 4 4 4 4 4 4 4 4 4 4 4 4 4 4 4 4 4 4 4 4 4 4 4 4 4 4 4 4 4 4 4 4 4 4 4 4 4 4 4 4 4 4 4 4 4 4 4 4 4 4 4 4 4 4 4 4 4 4 4 4 4 4 4 4 4 4 4 4 4 4 4 4 4 4 4 4 4 4 4 4 4 4 4 4 4 4 4 4 4 4 4 4 4 4 4 4 4 4 4 4 4 4 4 4 4 4 4 4 4 4 4 4 4 4 4 4 4 4 4 4 4 4 4 4 4 4 4 4 4 4 4 4 4 4 4 4 4 4 4 4 4 4 4 4 4 4 4 4 4 4 4 4 4 4 4 4 4 4 4 4 4 4 4 4 4 4 4 4 4 4 4 4 4 4 4 4 4 4 4 4 4 4 4 4 4 4 4 4 4 4 4 4 4 4 4 4 4 4 4 4 4 4 4 4 4 4 4 4 4 4 4 4 4 4 4 4 4 4 4 4 4 4 4 4 4 4 
        </DataArray>
      </CellData>
    </Piece>
  </PolyData>
</VTKFile>
