<?xml version="1.0"?>
<VTKFile type="PolyData" version="1.0" byte_order="LittleEndian" header_type="UInt64">
  <PolyData>
    <Piece NumberOfPoints="2000" NumberOfPolys="2000">
      <Points>
        <DataArray type="Float64" Name="Points" NumberOfComponents="3" format="ascii">
-0.2 0.6 0.0 -0.200001 0.600314 0.0 -0.200002 0.600628 0.0 -0.200005 0.600942 0.0 -0.200008 0.601257 0.0 -0.200013 0.601571 0.0 -0.200018 0.601885 0.0 -0.200025 0.602199 0.0 -0.200032 0.602513 0.0 -0.20004 0.602827 0.0 -0.200049 0.603141 0.0 -0.20006 0.603455 0.0 -0.200071 0.603769 0.0 -0.200084 0.604083 0.0 -0.200097 0.604397 0.0 -0.200112 0.604711 0.0 -0.200126 0.605024 0.0 -0.200143 0.605338 0.0 -0.20016 0.605652 0.0 -0.200179 0.605965 0.0 -0.200197 0.606279 0.0 -0.200218 0.606593 0.0 -0.200239 0.606906 0.0 -0.200261 0.607219 0.0 -0.200284 0.607533 0.0 -0.200309 0.607846 0.0 -0.200333 0.608159 0.0 -0.20036 0.608472 0.0 -0.200387 0.608785 0.0 -0.200415 0.609098 0.0 -0.200444 0.609411 0.0 -0.200474 0.609724 0.0 -0.200505 0.610036 0.0 -0.200537 0.610349 0.0 -0.20057 0.610661 0.0 -0.200604 0.610973 0.0 -0.200639 0.611286 0.0 -0.200675 0.611598 0.0 -0.200712 0.61191 0.0 -0.20075 0.612222 0.0 -0.200789 0.612533 0.0 -0.200829 0.612845 0.0 -0.200869 0.613156 0.0 -0.200912 0.613468 0.0 -0.200954 0.613779 0.0 -0.200998 0.61409 0.0 -0.201042 0.614401 0.0 -0.201089 0.614712 0.0 -0.201135 0.615023 0.0 -0.201183 0.615333 0.0 -0.201231 0.615643 0.0 -0.201281 0.615954 0.0 -0.201331 0.616264 0.0 -0.201383 0.616574 0.0 -0.201436 0.616883 0.0 -0.20149 0.617193 0.0 -0.201544 0.617502 0.0 -0.2016 0.617811 0.0 -0.201655 0.618121 0.0 -0.201713 0.618429 0.0 -0.201771 0.618738 0.0 -0.201831 0.619047 0.0 -0.201891 0.619355 0.0 -0.201953 0.619663 0.0 -0.202014 0.619971 0.0 -0.202078 0.620279 0.0 -0.202142 0.620586 0.0 -0.202208 0.620893 0.0 -0.202273 0.621201 0.0 -0.202341 0.621508 0.0 -0.202408 0.621814 0.0 -0.202478 0.622121 0.0 -0.202547 0.622427 0.0 -0.202619 0.622733 0.0 -0.20269 0.623039 0.0 -0.202763 0.623344 0.0 -0.202837 0.62365 0.0 -0.202912 0.623955 0.0 -0.202987 0.62426 0.0 -0.203065 0.624564 0.0 -0.203142 0.624869 0.0 -0.203221 0.625173 0.0 -0.2033 0.625477 0.0 -0.203381 0.625781 0.0 -0.203462 0.626084 0.0 -0.203545 0.626387 0.0 -0.203628 0.62669 0.0 -0.203712 0.626993 0.0 -0.203797 0.627295 0.0 -0.203884 0.627597 0.0 -0.203971 0.627899 0.0 -0.204059 0.628201 0.0 -0.204148 0.628502 0.0 -0.204238 0.628803 0.0 -0.204329 0.629104 0.0 -0.204421 0.629404 0.0 -0.204514 0.629704 0.0 -0.204608 0.630004 0.0 -0.204702 0.630304 0.0 -0.204798 0.630603 0.0 -0.204894 0.630902 0.0 -0.204992 0.6312 0.0 -0.20509 0.631499 0.0 -0.20519 0.631797 0.0 -0.20529 0.632094 0.0 -0.205392 0.632392 0.0 -0.205494 0.632689 0.0 -0.205597 0.632985 0.0 -0.205701 0.633282 0.0 -0.205806 0.633578 0.0 -0.205912 0.633874 0.0 -0.206019 0.634169 0.0 -0.206127 0.634464 0.0 -0.206236 0.634759 0.0 -0.206345 0.635053 0.0 -0.206456 0.635347 0.0 -0.206567 0.635641 0.0 -0.20668 0.635934 0.0 -0.206793 0.636228 0.0 -0.206908 0.63652 0.0 -0.207022 0.636812 0.0 -0.207139 0.637104 0.0 -0.207255 0.637396 0.0 -0.207374 0.637687 0.0 -0.207492 0.637978 0.0 -0.207613 0.638268 0.0 -0.207733 0.638558 0.0 -0.207855 0.638848 0.0 -0.207977 0.639137 0.0 -0.208101 0.639426 0.0 -0.208225 0.639715 0.0 -0.20835 0.640003 0.0 -0.208476 0.640291 0.0 -0.208603 0.640578 0.0 -0.208731 0.640865 0.0 -0.20886 0.641151 0.0 -0.208989 0.641438 0.0 -0.20912 0.641723 0.0 -0.209252 0.642009 0.0 -0.209384 0.642293 0.0 -0.209517 0.642578 0.0 -0.209652 0.642862 0.0 -0.209787 0.643146 0.0 -0.209923 0.643429 0.0 -0.210059 0.643712 0.0 -0.210198 0.643994 0.0 -0.210336 0.644276 0.0 -0.210476 0.644557 0.0 -0.210616 0.644838 0.0 -0.210758 0.645119 0.0 -0.210899 0.645399 0.0 -0.211043 0.645679 0.0 -0.211186 0.645958 0.0 -0.211332 0.646237 0.0 -0.211477 0.646515 0.0 -0.211624 0.646793 0.0 -0.211771 0.64707 0.0 -0.21192 0.647347 0.0 -0.212068 0.647624 0.0 -0.212219 0.6479 0.0 -0.212369 0.648175 0.0 -0.212522 0.64845 0.0 -0.212674 0.648725 0.0 -0.212828 0.648999 0.0 -0.212982 0.649273 0.0 -0.213137 0.649546 0.0 -0.213293 0.649819 0.0 -0.21345 0.65009 0.0 -0.213608 0.650362 0.0 -0.213767 0.650633 0.0 -0.213926 0.650904 0.0 -0.214087 0.651174 0.0 -0.214247 0.651444 0.0 -0.21441 0.651713 0.0 -0.214572 0.651982 0.0 -0.214736 0.65225 0.0 -0.214901 0.652517 0.0 -0.215066 0.652784 0.0 -0.215232 0.653051 0.0 -0.2154 0.653317 0.0 -0.215567 0.653583 0.0 -0.215736 0.653847 0.0 -0.215906 0.654112 0.0 -0.216076 0.654376 0.0 -0.216247 0.654639 0.0 -0.21642 0.654902 0.0 -0.216592 0.655165 0.0 -0.216766 0.655426 0.0 -0.21694 0.655688 0.0 -0.217116 0.655948 0.0 -0.217292 0.656208 0.0 -0.217469 0.656468 0.0 -0.217647 0.656727 0.0 -0.217826 0.656985 0.0 -0.218005 0.657243 0.0 -0.218185 0.6575 0.0 -0.218366 0.657757 0.0 -0.218548 0.658013 0.0 -0.218731 0.658269 0.0 -0.218914 0.658524 0.0 -0.219098 0.658779 0.0 -0.219284 0.659032 0.0 -0.219469 0.659286 0.0 -0.219656 0.659538 0.0 -0.219843 0.65979 0.0 -0.220032 0.660042 0.0 -0.220221 0.660293 0.0 -0.220411 0.660543 0.0 -0.220601 0.660793 0.0 -0.220793 0.661042 0.0 -0.220984 0.661291 0.0 -0.221178 0.661538 0.0 -0.221371 0.661786 0.0 -0.221566 0.662032 0.0 -0.221761 0.662279 0.0 -0.221957 0.662524 0.0 -0.222154 0.662769 0.0 -0.222352 0.663013 0.0 -0.22255 0.663257 0.0 -0.222749 0.6635 0.0 -0.222949 0.663742 0.0 -0.22315 0.663984 0.0 -0.223351 0.664225 0.0 -0.223553 0.664465 0.0 -0.223756 0.664706 0.0 -0.22396 0.664944 0.0 -0.224164 0.665183 0.0 -0.224369 0.665421 0.0 -0.224575 0.665659 0.0 -0.224782 0.665895 0.0 -0.224989 0.666131 0.0 -0.225197 0.666366 0.0 -0.225406 0.666601 0.0 -0.225616 0.666835 0.0 -0.225826 0.667069 0.0 -0.226037 0.667301 0.0 -0.226249 0.667533 0.0 -0.226462 0.667764 0.0 -0.226674 0.667995 0.0 -0.226889 0.668225 0.0 -0.227103 0.668455 0.0 -0.227319 0.668683 0.0 -0.227535 0.668911 0.0 -0.227752 0.669138 0.0 -0.227969 0.669365 0.0 -0.228188 0.669591 0.0 -0.228406 0.669817 0.0 -0.228626 0.670041 0.0 -0.228846 0.670265 0.0 -0.229068 0.670488 0.0 -0.229289 0.670711 0.0 -0.229512 0.670932 0.0 -0.229735 0.671154 0.0 -0.229959 0.671374 0.0 -0.230183 0.671594 0.0 -0.230409 0.671812 0.0 -0.230635 0.672031 0.0 -0.230862 0.672248 0.0 -0.231089 0.672465 0.0 -0.231317 0.672681 0.0 -0.231545 0.672897 0.0 -0.231775 0.673111 0.0 -0.232005 0.673326 0.0 -0.232236 0.673538 0.0 -0.232467 0.673751 0.0 -0.232699 0.673963 0.0 -0.232931 0.674174 0.0 -0.233165 0.674384 0.0 -0.233399 0.674594 0.0 -0.233634 0.674803 0.0 -0.233869 0.675011 0.0 -0.234105 0.675218 0.0 -0.234341 0.675425 0.0 -0.234579 0.675631 0.0 -0.234817 0.675836 0.0 -0.235056 0.67604 0.0 -0.235294 0.676244 0.0 -0.235535 0.676447 0.0 -0.235775 0.676649 0.0 -0.236016 0.67685 0.0 -0.236258 0.677051 0.0 -0.2365 0.677251 0.0 -0.236743 0.67745 0.0 -0.236987 0.677648 0.0 -0.237231 0.677846 0.0 -0.237476 0.678043 0.0 -0.237721 0.678239 0.0 -0.237968 0.678434 0.0 -0.238214 0.678629 0.0 -0.238462 0.678822 0.0 -0.238709 0.679016 0.0 -0.238958 0.679207 0.0 -0.239207 0.679399 0.0 -0.239457 0.679589 0.0 -0.239707 0.679779 0.0 -0.239958 0.679968 0.0 -0.24021 0.680157 0.0 -0.240462 0.680344 0.0 -0.240714 0.680531 0.0 -0.240968 0.680716 0.0 -0.241221 0.680902 0.0 -0.241476 0.681086 0.0 -0.241731 0.681269 0.0 -0.241987 0.681452 0.0 -0.242243 0.681634 0.0 -0.2425 0.681815 0.0 -0.242757 0.681995 0.0 -0.243015 0.682174 0.0 -0.243273 0.682353 0.0 -0.243532 0.682531 0.0 -0.243792 0.682708 0.0 -0.244052 0.682884 0.0 -0.244312 0.68306 0.0 -0.244574 0.683234 0.0 -0.244835 0.683408 0.0 -0.245098 0.68358 0.0 -0.245361 0.683753 0.0 -0.245624 0.683924 0.0 -0.245888 0.684094 0.0 -0.246153 0.684264 0.0 -0.246417 0.684433 0.0 -0.246683 0.6846 0.0 -0.246949 0.684768 0.0 -0.247216 0.684934 0.0 -0.247483 0.685099 0.0 -0.24775 0.685264 0.0 -0.248018 0.685428 0.0 -0.248287 0.68559 0.0 -0.248556 0.685753 0.0 -0.248826 0.685913 0.0 -0.249096 0.686074 0.0 -0.249367 0.686233 0.0 -0.249638 0.686392 0.0 -0.24991 0.68655 0.0 -0.250181 0.686707 0.0 -0.250454 0.686863 0.0 -0.250727 0.687018 0.0 -0.251001 0.687172 0.0 -0.251275 0.687326 0.0 -0.25155 0.687478 0.0 -0.251825 0.687631 0.0 -0.2521 0.687781 0.0 -0.252376 0.687932 0.0 -0.252653 0.68808 0.0 -0.25293 0.688229 0.0 -0.253207 0.688376 0.0 -0.253485 0.688523 0.0 -0.253763 0.688668 0.0 -0.254042 0.688814 0.0 -0.254321 0.688957 0.0 -0.254601 0.689101 0.0 -0.254881 0.689242 0.0 -0.255162 0.689384 0.0 -0.255443 0.689524 0.0 -0.255724 0.689664 0.0 -0.256006 0.689802 0.0 -0.256288 0.689941 0.0 -0.256571 0.690077 0.0 -0.256854 0.690213 0.0 -0.257138 0.690348 0.0 -0.257422 0.690483 0.0 -0.257707 0.690616 0.0 -0.257991 0.690748 0.0 -0.258277 0.69088 0.0 -0.258562 0.691011 0.0 -0.258849 0.69114 0.0 -0.259135 0.691269 0.0 -0.259422 0.691397 0.0 -0.259709 0.691524 0.0 -0.259997 0.69165 0.0 -0.260285 0.691775 0.0 -0.260574 0.691899 0.0 -0.260863 0.692023 0.0 -0.261152 0.692145 0.0 -0.261442 0.692267 0.0 -0.261732 0.692387 0.0 -0.262022 0.692508 0.0 -0.262313 0.692626 0.0 -0.262604 0.692745 0.0 -0.262896 0.692861 0.0 -0.263188 0.692978 0.0 -0.26348 0.693092 0.0 -0.263772 0.693207 0.0 -0.264066 0.69332 0.0 -0.264359 0.693433 0.0 -0.264653 0.693544 0.0 -0.264947 0.693655 0.0 -0.265241 0.693764 0.0 -0.265536 0.693873 0.0 -0.265831 0.693981 0.0 -0.266126 0.694088 0.0 -0.266422 0.694194 0.0 -0.266718 0.694299 0.0 -0.267015 0.694403 0.0 -0.267311 0.694506 0.0 -0.267608 0.694608 0.0 -0.267906 0.69471 0.0 -0.268203 0.69481 0.0 -0.268501 0.69491 0.0 -0.2688 0.695008 0.0 -0.269098 0.695106 0.0 -0.269397 0.695202 0.0 -0.269696 0.695298 0.0 -0.269996 0.695392 0.0 -0.270296 0.695486 0.0 -0.270596 0.695579 0.0 -0.270896 0.695671 0.0 -0.271197 0.695762 0.0 -0.271498 0.695852 0.0 -0.271799 0.695941 0.0 -0.272101 0.696029 0.0 -0.272403 0.696116 0.0 -0.272705 0.696203 0.0 -0.273007 0.696288 0.0 -0.27331 0.696372 0.0 -0.273613 0.696455 0.0 -0.273916 0.696538 0.0 -0.274219 0.696619 0.0 -0.274523 0.6967 0.0 -0.274827 0.696779 0.0 -0.275131 0.696858 0.0 -0.275436 0.696935 0.0 -0.27574 0.697013 0.0 -0.276045 0.697088 0.0 -0.27635 0.697163 0.0 -0.276656 0.697237 0.0 -0.276961 0.69731 0.0 -0.277267 0.697381 0.0 -0.277573 0.697453 0.0 -0.277879 0.697522 0.0 -0.278186 0.697592 0.0 -0.278492 0.697659 0.0 -0.278799 0.697727 0.0 -0.279107 0.697792 0.0 -0.279414 0.697858 0.0 -0.279721 0.697922 0.0 -0.280029 0.697986 0.0 -0.280337 0.698047 0.0 -0.280645 0.698109 0.0 -0.280953 0.698169 0.0 -0.281262 0.698229 0.0 -0.281571 0.698287 0.0 -0.281879 0.698345 0.0 -0.282189 0.6984 0.0 -0.282498 0.698456 0.0 -0.282807 0.69851 0.0 -0.283117 0.698564 0.0 -0.283426 0.698617 0.0 -0.283736 0.698669 0.0 -0.284046 0.698719 0.0 -0.284357 0.698769 0.0 -0.284667 0.698817 0.0 -0.284977 0.698865 0.0 -0.285288 0.698911 0.0 -0.285599 0.698958 0.0 -0.28591 0.699002 0.0 -0.286221 0.699046 0.0 -0.286532 0.699088 0.0 -0.286844 0.699131 0.0 -0.287155 0.699171 0.0 -0.287467 0.699211 0.0 -0.287778 0.69925 0.0 -0.28809 0.699288 0.0 -0.288402 0.699325 0.0 -0.288714 0.699361 0.0 -0.289027 0.699396 0.0 -0.289339 0.69943 0.0 -0.289651 0.699463 0.0 -0.289964 0.699495 0.0 -0.290276 0.699526 0.0 -0.290589 0.699556 0.0 -0.290902 0.699585 0.0 -0.291215 0.699613 0.0 -0.291528 0.69964 0.0 -0.291841 0.699667 0.0 -0.292154 0.699691 0.0 -0.292467 0.699716 0.0 -0.292781 0.699739 0.0 -0.293094 0.699761 0.0 -0.293407 0.699782 0.0 -0.293721 0.699803 0.0 -0.294035 0.699821 0.0 -0.294348 0.69984 0.0 -0.294662 0.699857 0.0 -0.294976 0.699874 0.0 -0.295289 0.699888 0.0 -0.295603 0.699903 0.0 -0.295917 0.699916 0.0 -0.296231 0.699929 0.0 -0.296545 0.69994 0.0 -0.296859 0.699951 0.0 -0.297173 0.69996 0.0 -0.297487 0.699968 0.0 -0.297801 0.699975 0.0 -0.298115 0.699982 0.0 -0.298429 0.699987 0.0 -0.298743 0.699992 0.0 -0.299058 0.699995 0.0 -0.299372 0.699998 0.0 -0.299686 0.699999 0.0 -0.3 0.7 0.0 -0.300314 0.699999 0.0 -0.300628 0.699998 0.0 -0.300942 0.699995 0.0 -0.301257 0.699992 0.0 -0.301571 0.699987 0.0 -0.301885 0.699982 0.0 -0.302199 0.699975 0.0 -0.302513 0.699968 0.0 -0.302827 0.69996 0.0 -0.303141 0.699951 0.0 -0.303455 0.69994 0.0 -0.303769 0.699929 0.0 -0.304083 0.699916 0.0 -0.304397 0.699903 0.0 -0.304711 0.699888 0.0 -0.305024 0.699874 0.0 -0.305338 0.699857 0.0 -0.305652 0.69984 0.0 -0.305965 0.699821 0.0 -0.306279 0.699803 0.0 -0.306593 0.699782 0.0 -0.306906 0.699761 0.0 -0.307219 0.699739 0.0 -0.307533 0.699716 0.0 -0.307846 0.699691 0.0 -0.308159 0.699667 0.0 -0.308472 0.69964 0.0 -0.308785 0.699613 0.0 -0.309098 0.699585 0.0 -0.309411 0.699556 0.0 -0.309724 0.699526 0.0 -0.310036 0.699495 0.0 -0.310349 0.699463 0.0 -0.310661 0.69943 0.0 -0.310973 0.699396 0.0 -0.311286 0.699361 0.0 -0.311598 0.699325 0.0 -0.31191 0.699288 0.0 -0.312222 0.69925 0.0 -0.312533 0.699211 0.0 -0.312845 0.699171 0.0 -0.313156 0.699131 0.0 -0.313468 0.699088 0.0 -0.313779 0.699046 0.0 -0.31409 0.699002 0.0 -0.314401 0.698958 0.0 -0.314712 0.698911 0.0 -0.315023 0.698865 0.0 -0.315333 0.698817 0.0 -0.315643 0.698769 0.0 -0.315954 0.698719 0.0 -0.316264 0.698669 0.0 -0.316574 0.698617 0.0 -0.316883 0.698564 0.0 -0.317193 0.69851 0.0 -0.317502 0.698456 0.0 -0.317811 0.6984 0.0 -0.318121 0.698345 0.0 -0.318429 0.698287 0.0 -0.318738 0.698229 0.0 -0.319047 0.698169 0.0 -0.319355 0.698109 0.0 -0.319663 0.698047 0.0 -0.319971 0.697986 0.0 -0.320279 0.697922 0.0 -0.320586 0.697858 0.0 -0.320893 0.697792 0.0 -0.321201 0.697727 0.0 -0.321508 0.697659 0.0 -0.321814 0.697592 0.0 -0.322121 0.697522 0.0 -0.322427 0.697453 0.0 -0.322733 0.697381 0.0 -0.323039 0.69731 0.0 -0.323344 0.697237 0.0 -0.32365 0.697163 0.0 -0.323955 0.697088 0.0 -0.32426 0.697013 0.0 -0.324564 0.696935 0.0 -0.324869 0.696858 0.0 -0.325173 0.696779 0.0 -0.325477 0.6967 0.0 -0.325781 0.696619 0.0 -0.326084 0.696538 0.0 -0.326387 0.696455 0.0 -0.32669 0.696372 0.0 -0.326993 0.696288 0.0 -0.327295 0.696203 0.0 -0.327597 0.696116 0.0 -0.327899 0.696029 0.0 -0.328201 0.695941 0.0 -0.328502 0.695852 0.0 -0.328803 0.695762 0.0 -0.329104 0.695671 0.0 -0.329404 0.695579 0.0 -0.329704 0.695486 0.0 -0.330004 0.695392 0.0 -0.330304 0.695298 0.0 -0.330603 0.695202 0.0 -0.330902 0.695106 0.0 -0.3312 0.695008 0.0 -0.331499 0.69491 0.0 -0.331797 0.69481 0.0 -0.332094 0.69471 0.0 -0.332392 0.694608 0.0 -0.332689 0.694506 0.0 -0.332985 0.694403 0.0 -0.333282 0.694299 0.0 -0.333578 0.694194 0.0 -0.333874 0.694088 0.0 -0.334169 0.693981 0.0 -0.334464 0.693873 0.0 -0.334759 0.693764 0.0 -0.335053 0.693655 0.0 -0.335347 0.693544 0.0 -0.335641 0.693433 0.0 -0.335934 0.69332 0.0 -0.336228 0.693207 0.0 -0.33652 0.693092 0.0 -0.336812 0.692978 0.0 -0.337104 0.692861 0.0 -0.337396 0.692745 0.0 -0.337687 0.692626 0.0 -0.337978 0.692508 0.0 -0.338268 0.692387 0.0 -0.338558 0.692267 0.0 -0.338848 0.692145 0.0 -0.339137 0.692023 0.0 -0.339426 0.691899 0.0 -0.339715 0.691775 0.0 -0.340003 0.69165 0.0 -0.340291 0.691524 0.0 -0.340578 0.691397 0.0 -0.340865 0.691269 0.0 -0.341151 0.69114 0.0 -0.341438 0.691011 0.0 -0.341723 0.69088 0.0 -0.342009 0.690748 0.0 -0.342293 0.690616 0.0 -0.342578 0.690483 0.0 -0.342862 0.690348 0.0 -0.343146 0.690213 0.0 -0.343429 0.690077 0.0 -0.343712 0.689941 0.0 -0.343994 0.689802 0.0 -0.344276 0.689664 0.0 -0.344557 0.689524 0.0 -0.344838 0.689384 0.0 -0.345119 0.689242 0.0 -0.345399 0.689101 0.0 -0.345679 0.688957 0.0 -0.345958 0.688814 0.0 -0.346237 0.688668 0.0 -0.346515 0.688523 0.0 -0.346793 0.688376 0.0 -0.34707 0.688229 0.0 -0.347347 0.68808 0.0 -0.347624 0.687932 0.0 -0.3479 0.687781 0.0 -0.348175 0.687631 0.0 -0.34845 0.687478 0.0 -0.348725 0.687326 0.0 -0.348999 0.687172 0.0 -0.349273 0.687018 0.0 -0.349546 0.686863 0.0 -0.349819 0.686707 0.0 -0.35009 0.68655 0.0 -0.350362 0.686392 0.0 -0.350633 0.686233 0.0 -0.350904 0.686074 0.0 -0.351174 0.685913 0.0 -0.351444 0.685753 0.0 -0.351713 0.68559 0.0 -0.351982 0.685428 0.0 -0.35225 0.685264 0.0 -0.352517 0.685099 0.0 -0.352784 0.684934 0.0 -0.353051 0.684768 0.0 -0.353317 0.6846 0.0 -0.353583 0.684433 0.0 -0.353847 0.684264 0.0 -0.354112 0.684094 0.0 -0.354376 0.683924 0.0 -0.354639 0.683753 0.0 -0.354902 0.68358 0.0 -0.355165 0.683408 0.0 -0.355426 0.683234 0.0 -0.355688 0.68306 0.0 -0.355948 0.682884 0.0 -0.356208 0.682708 0.0 -0.356468 0.682531 0.0 -0.356727 0.682353 0.0 -0.356985 0.682174 0.0 -0.357243 0.681995 0.0 -0.3575 0.681815 0.0 -0.357757 0.681634 0.0 -0.358013 0.681452 0.0 -0.358269 0.681269 0.0 -0.358524 0.681086 0.0 -0.358779 0.680902 0.0 -0.359032 0.680716 0.0 -0.359286 0.680531 0.0 -0.359538 0.680344 0.0 -0.35979 0.680157 0.0 -0.360042 0.679968 0.0 -0.360293 0.679779 0.0 -0.360543 0.679589 0.0 -0.360793 0.679399 0.0 -0.361042 0.679207 0.0 -0.361291 0.679016 0.0 -0.361538 0.678822 0.0 -0.361786 0.678629 0.0 -0.362032 0.678434 0.0 -0.362279 0.678239 0.0 -0.362524 0.678043 0.0 -0.362769 0.677846 0.0 -0.363013 0.677648 0.0 -0.363257 0.67745 0.0 -0.3635 0.677251 0.0 -0.363742 0.677051 0.0 -0.363984 0.67685 0.0 -0.364225 0.676649 0.0 -0.364465 0.676447 0.0 -0.364706 0.676244 0.0 -0.364944 0.67604 0.0 -0.365183 0.675836 0.0 -0.365421 0.675631 0.0 -0.365659 0.675425 0.0 -0.365895 0.675218 0.0 -0.366131 0.675011 0.0 -0.366366 0.674803 0.0 -0.366601 0.674594 0.0 -0.366835 0.674384 0.0 -0.367069 0.674174 0.0 -0.367301 0.673963 0.0 -0.367533 0.673751 0.0 -0.367764 0.673538 0.0 -0.367995 0.673326 0.0 -0.368225 0.673111 0.0 -0.368455 0.672897 0.0 -0.368683 0.672681 0.0 -0.368911 0.672465 0.0 -0.369138 0.672248 0.0 -0.369365 0.672031 0.0 -0.369591 0.671812 0.0 -0.369817 0.671594 0.0 -0.370041 0.671374 0.0 -0.370265 0.671154 0.0 -0.370488 0.670932 0.0 -0.370711 0.670711 0.0 -0.370932 0.670488 0.0 -0.371154 0.670265 0.0 -0.371374 0.670041 0.0 -0.371594 0.669817 0.0 -0.371812 0.669591 0.0 -0.372031 0.669365 0.0 -0.372248 0.669138 0.0 -0.372465 0.668911 0.0 -0.372681 0.668683 0.0 -0.372897 0.668455 0.0 -0.373111 0.668225 0.0 -0.373326 0.667995 0.0 -0.373538 0.667764 0.0 -0.373751 0.667533 0.0 -0.373963 0.667301 0.0 -0.374174 0.667069 0.0 -0.374384 0.666835 0.0 -0.374594 0.666601 0.0 -0.374803 0.666366 0.0 -0.375011 0.666131 0.0 -0.375218 0.665895 0.0 -0.375425 0.665659 0.0 -0.375631 0.665421 0.0 -0.375836 0.665183 0.0 -0.37604 0.664944 0.0 -0.376244 0.664706 0.0 -0.376447 0.664465 0.0 -0.376649 0.664225 0.0 -0.37685 0.663984 0.0 -0.377051 0.663742 0.0 -0.377251 0.6635 0.0 -0.37745 0.663257 0.0 -0.377648 0.663013 0.0 -0.377846 0.662769 0.0 -0.378043 0.662524 0.0 -0.378239 0.662279 0.0 -0.378434 0.662032 0.0 -0.378629 0.661786 0.0 -0.378822 0.661538 0.0 -0.379016 0.661291 0.0 -0.379207 0.661042 0.0 -0.379399 0.660793 0.0 -0.379589 0.660543 0.0 -0.379779 0.660293 0.0 -0.379968 0.660042 0.0 -0.380157 0.65979 0.0 -0.380344 0.659538 0.0 -0.380531 0.659286 0.0 -0.380716 0.659032 0.0 -0.380902 0.658779 0.0 -0.381086 0.658524 0.0 -0.381269 0.658269 0.0 -0.381452 0.658013 0.0 -0.381634 0.657757 0.0 -0.381815 0.6575 0.0 -0.381995 0.657243 0.0 -0.382174 0.656985 0.0 -0.382353 0.656727 0.0 -0.382531 0.656468 0.0 -0.382708 0.656208 0.0 -0.382884 0.655948 0.0 -0.38306 0.655688 0.0 -0.383234 0.655426 0.0 -0.383408 0.655165 0.0 -0.38358 0.654902 0.0 -0.383753 0.654639 0.0 -0.383924 0.654376 0.0 -0.384094 0.654112 0.0 -0.384264 0.653847 0.0 -0.384433 0.653583 0.0 -0.3846 0.653317 0.0 -0.384768 0.653051 0.0 -0.384934 0.652784 0.0 -0.385099 0.652517 0.0 -0.385264 0.65225 0.0 -0.385428 0.651982 0.0 -0.38559 0.651713 0.0 -0.385753 0.651444 0.0 -0.385913 0.651174 0.0 -0.386074 0.650904 0.0 -0.386233 0.650633 0.0 -0.386392 0.650362 0.0 -0.38655 0.65009 0.0 -0.386707 0.649819 0.0 -0.386863 0.649546 0.0 -0.387018 0.649273 0.0 -0.387172 0.648999 0.0 -0.387326 0.648725 0.0 -0.387478 0.64845 0.0 -0.387631 0.648175 0.0 -0.387781 0.6479 0.0 -0.387932 0.647624 0.0 -0.38808 0.647347 0.0 -0.388229 0.64707 0.0 -0.388376 0.646793 0.0 -0.388523 0.646515 0.0 -0.388668 0.646237 0.0 -0.388814 0.645958 0.0 -0.388957 0.645679 0.0 -0.389101 0.645399 0.0 -0.389242 0.645119 0.0 -0.389384 0.644838 0.0 -0.389524 0.644557 0.0 -0.389664 0.644276 0.0 -0.389802 0.643994 0.0 -0.389941 0.643712 0.0 -0.390077 0.643429 0.0 -0.390213 0.643146 0.0 -0.390348 0.642862 0.0 -0.390483 0.642578 0.0 -0.390616 0.642293 0.0 -0.390748 0.642009 0.0 -0.39088 0.641723 0.0 -0.391011 0.641438 0.0 -0.39114 0.641151 0.0 -0.391269 0.640865 0.0 -0.391397 0.640578 0.0 -0.391524 0.640291 0.0 -0.39165 0.640003 0.0 -0.391775 0.639715 0.0 -0.391899 0.639426 0.0 -0.392023 0.639137 0.0 -0.392145 0.638848 0.0 -0.392267 0.638558 0.0 -0.392387 0.638268 0.0 -0.392508 0.637978 0.0 -0.392626 0.637687 0.0 -0.392745 0.637396 0.0 -0.392861 0.637104 0.0 -0.392978 0.636812 0.0 -0.393092 0.63652 0.0 -0.393207 0.636228 0.0 -0.39332 0.635934 0.0 -0.393433 0.635641 0.0 -0.393544 0.635347 0.0 -0.393655 0.635053 0.0 -0.393764 0.634759 0.0 -0.393873 0.634464 0.0 -0.393981 0.634169 0.0 -0.394088 0.633874 0.0 -0.394194 0.633578 0.0 -0.394299 0.633282 0.0 -0.394403 0.632985 0.0 -0.394506 0.632689 0.0 -0.394608 0.632392 0.0 -0.39471 0.632094 0.0 -0.39481 0.631797 0.0 -0.39491 0.631499 0.0 -0.395008 0.6312 0.0 -0.395106 0.630902 0.0 -0.395202 0.630603 0.0 -0.395298 0.630304 0.0 -0.395392 0.630004 0.0 -0.395486 0.629704 0.0 -0.395579 0.629404 0.0 -0.395671 0.629104 0.0 -0.395762 0.628803 0.0 -0.395852 0.628502 0.0 -0.395941 0.628201 0.0 -0.396029 0.627899 0.0 -0.396116 0.627597 0.0 -0.396203 0.627295 0.0 -0.396288 0.626993 0.0 -0.396372 0.62669 0.0 -0.396455 0.626387 0.0 -0.396538 0.626084 0.0 -0.396619 0.625781 0.0 -0.3967 0.625477 0.0 -0.396779 0.625173 0.0 -0.396858 0.624869 0.0 -0.396935 0.624564 0.0 -0.397013 0.62426 0.0 -0.397088 0.623955 0.0 -0.397163 0.62365 0.0 -0.397237 0.623344 0.0 -0.39731 0.623039 0.0 -0.397381 0.622733 0.0 -0.397453 0.622427 0.0 -0.397522 0.622121 0.0 -0.397592 0.621814 0.0 -0.397659 0.621508 0.0 -0.397727 0.621201 0.0 -0.397792 0.620893 0.0 -0.397858 0.620586 0.0 -0.397922 0.620279 0.0 -0.397986 0.619971 0.0 -0.398047 0.619663 0.0 -0.398109 0.619355 0.0 -0.398169 0.619047 0.0 -0.398229 0.618738 0.0 -0.398287 0.618429 0.0 -0.398345 0.618121 0.0 -0.3984 0.617811 0.0 -0.398456 0.617502 0.0 -0.39851 0.617193 0.0 -0.398564 0.616883 0.0 -0.398617 0.616574 0.0 -0.398669 0.616264 0.0 -0.398719 0.615954 0.0 -0.398769 0.615643 0.0 -0.398817 0.615333 0.0 -0.398865 0.615023 0.0 -0.398911 0.614712 0.0 -0.398958 0.614401 0.0 -0.399002 0.61409 0.0 -0.399046 0.613779 0.0 -0.399088 0.613468 0.0 -0.399131 0.613156 0.0 -0.399171 0.612845 0.0 -0.399211 0.612533 0.0 -0.39925 0.612222 0.0 -0.399288 0.61191 0.0 -0.399325 0.611598 0.0 -0.399361 0.611286 0.0 -0.399396 0.610973 0.0 -0.39943 0.610661 0.0 -0.399463 0.610349 0.0 -0.399495 0.610036 0.0 -0.399526 0.609724 0.0 -0.399556 0.609411 0.0 -0.399585 0.609098 0.0 -0.399613 0.608785 0.0 -0.39964 0.608472 0.0 -0.399667 0.608159 0.0 -0.399691 0.607846 0.0 -0.399716 0.607533 0.0 -0.399739 0.607219 0.0 -0.399761 0.606906 0.0 -0.399782 0.606593 0.0 -0.399803 0.606279 0.0 -0.399821 0.605965 0.0 -0.39984 0.605652 0.0 -0.399857 0.605338 0.0 -0.399874 0.605024 0.0 -0.399888 0.604711 0.0 -0.399903 0.604397 0.0 -0.399916 0.604083 0.0 -0.399929 0.603769 0.0 -0.39994 0.603455 0.0 -0.399951 0.603141 0.0 -0.39996 0.602827 0.0 -0.399968 0.602513 0.0 -0.399975 0.602199 0.0 -0.399982 0.601885 0.0 -0.399987 0.601571 0.0 -0.399992 0.601257 0.0 -0.399995 0.600942 0.0 -0.399998 0.600628 0.0 -0.399999 0.600314 0.0 -0.4 0.6 0.0 -0.399999 0.599686 0.0 -0.399998 0.599372 0.0 -0.399995 0.599058 0.0 -0.399992 0.598743 0.0 -0.399987 0.598429 0.0 -0.399982 0.598115 0.0 -0.399975 0.597801 0.0 -0.399968 0.597487 0.0 -0.39996 0.597173 0.0 -0.399951 0.596859 0.0 -0.39994 0.596545 0.0 -0.399929 0.596231 0.0 -0.399916 0.595917 0.0 -0.399903 0.595603 0.0 -0.399888 0.595289 0.0 -0.399874 0.594976 0.0 -0.399857 0.594662 0.0 -0.39984 0.594348 0.0 -0.399821 0.594035 0.0 -0.399803 0.593721 0.0 -0.399782 0.593407 0.0 -0.399761 0.593094 0.0 -0.399739 0.592781 0.0 -0.399716 0.592467 0.0 -0.399691 0.592154 0.0 -0.399667 0.591841 0.0 -0.39964 0.591528 0.0 -0.399613 0.591215 0.0 -0.399585 0.590902 0.0 -0.399556 0.590589 0.0 -0.399526 0.590276 0.0 -0.399495 0.589964 0.0 -0.399463 0.589651 0.0 -0.39943 0.589339 0.0 -0.399396 0.589027 0.0 -0.399361 0.588714 0.0 -0.399325 0.588402 0.0 -0.399288 0.58809 0.0 -0.39925 0.587778 0.0 -0.399211 0.587467 0.0 -0.399171 0.587155 0.0 -0.399131 0.586844 0.0 -0.399088 0.586532 0.0 -0.399046 0.586221 0.0 -0.399002 0.58591 0.0 -0.398958 0.585599 0.0 -0.398911 0.585288 0.0 -0.398865 0.584977 0.0 -0.398817 0.584667 0.0 -0.398769 0.584357 0.0 -0.398719 0.584046 0.0 -0.398669 0.583736 0.0 -0.398617 0.583426 0.0 -0.398564 0.583117 0.0 -0.39851 0.582807 0.0 -0.398456 0.582498 0.0 -0.3984 0.582189 0.0 -0.398345 0.581879 0.0 -0.398287 0.581571 0.0 -0.398229 0.581262 0.0 -0.398169 0.580953 0.0 -0.398109 0.580645 0.0 -0.398047 0.580337 0.0 -0.397986 0.580029 0.0 -0.397922 0.579721 0.0 -0.397858 0.579414 0.0 -0.397792 0.579107 0.0 -0.397727 0.578799 0.0 -0.397659 0.578492 0.0 -0.397592 0.578186 0.0 -0.397522 0.577879 0.0 -0.397453 0.577573 0.0 -0.397381 0.577267 0.0 -0.39731 0.576961 0.0 -0.397237 0.576656 0.0 -0.397163 0.57635 0.0 -0.397088 0.576045 0.0 -0.397013 0.57574 0.0 -0.396935 0.575436 0.0 -0.396858 0.575131 0.0 -0.396779 0.574827 0.0 -0.3967 0.574523 0.0 -0.396619 0.574219 0.0 -0.396538 0.573916 0.0 -0.396455 0.573613 0.0 -0.396372 0.57331 0.0 -0.396288 0.573007 0.0 -0.396203 0.572705 0.0 -0.396116 0.572403 0.0 -0.396029 0.572101 0.0 -0.395941 0.571799 0.0 -0.395852 0.571498 0.0 -0.395762 0.571197 0.0 -0.395671 0.570896 0.0 -0.395579 0.570596 0.0 -0.395486 0.570296 0.0 -0.395392 0.569996 0.0 -0.395298 0.569696 0.0 -0.395202 0.569397 0.0 -0.395106 0.569098 0.0 -0.395008 0.5688 0.0 -0.39491 0.568501 0.0 -0.39481 0.568203 0.0 -0.39471 0.567906 0.0 -0.394608 0.567608 0.0 -0.394506 0.567311 0.0 -0.394403 0.567015 0.0 -0.394299 0.566718 0.0 -0.394194 0.566422 0.0 -0.394088 0.566126 0.0 -0.393981 0.565831 0.0 -0.393873 0.565536 0.0 -0.393764 0.565241 0.0 -0.393655 0.564947 0.0 -0.393544 0.564653 0.0 -0.393433 0.564359 0.0 -0.39332 0.564066 0.0 -0.393207 0.563772 0.0 -0.393092 0.56348 0.0 -0.392978 0.563188 0.0 -0.392861 0.562896 0.0 -0.392745 0.562604 0.0 -0.392626 0.562313 0.0 -0.392508 0.562022 0.0 -0.392387 0.561732 0.0 -0.392267 0.561442 0.0 -0.392145 0.561152 0.0 -0.392023 0.560863 0.0 -0.391899 0.560574 0.0 -0.391775 0.560285 0.0 -0.39165 0.559997 0.0 -0.391524 0.559709 0.0 -0.391397 0.559422 0.0 -0.391269 0.559135 0.0 -0.39114 0.558849 0.0 -0.391011 0.558562 0.0 -0.39088 0.558277 0.0 -0.390748 0.557991 0.0 -0.390616 0.557707 0.0 -0.390483 0.557422 0.0 -0.390348 0.557138 0.0 -0.390213 0.556854 0.0 -0.390077 0.556571 0.0 -0.389941 0.556288 0.0 -0.389802 0.556006 0.0 -0.389664 0.555724 0.0 -0.389524 0.555443 0.0 -0.389384 0.555162 0.0 -0.389242 0.554881 0.0 -0.389101 0.554601 0.0 -0.388957 0.554321 0.0 -0.388814 0.554042 0.0 -0.388668 0.553763 0.0 -0.388523 0.553485 0.0 -0.388376 0.553207 0.0 -0.388229 0.55293 0.0 -0.38808 0.552653 0.0 -0.387932 0.552376 0.0 -0.387781 0.5521 0.0 -0.387631 0.551825 0.0 -0.387478 0.55155 0.0 -0.387326 0.551275 0.0 -0.387172 0.551001 0.0 -0.387018 0.550727 0.0 -0.386863 0.550454 0.0 -0.386707 0.550181 0.0 -0.38655 0.54991 0.0 -0.386392 0.549638 0.0 -0.386233 0.549367 0.0 -0.386074 0.549096 0.0 -0.385913 0.548826 0.0 -0.385753 0.548556 0.0 -0.38559 0.548287 0.0 -0.385428 0.548018 0.0 -0.385264 0.54775 0.0 -0.385099 0.547483 0.0 -0.384934 0.547216 0.0 -0.384768 0.546949 0.0 -0.3846 0.546683 0.0 -0.384433 0.546417 0.0 -0.384264 0.546153 0.0 -0.384094 0.545888 0.0 -0.383924 0.545624 0.0 -0.383753 0.545361 0.0 -0.38358 0.545098 0.0 -0.383408 0.544835 0.0 -0.383234 0.544574 0.0 -0.38306 0.544312 0.0 -0.382884 0.544052 0.0 -0.382708 0.543792 0.0 -0.382531 0.543532 0.0 -0.382353 0.543273 0.0 -0.382174 0.543015 0.0 -0.381995 0.542757 0.0 -0.381815 0.5425 0.0 -0.381634 0.542243 0.0 -0.381452 0.541987 0.0 -0.381269 0.541731 0.0 -0.381086 0.541476 0.0 -0.380902 0.541221 0.0 -0.380716 0.540968 0.0 -0.380531 0.540714 0.0 -0.380344 0.540462 0.0 -0.380157 0.54021 0.0 -0.379968 0.539958 0.0 -0.379779 0.539707 0.0 -0.379589 0.539457 0.0 -0.379399 0.539207 0.0 -0.379207 0.538958 0.0 -0.379016 0.538709 0.0 -0.378822 0.538462 0.0 -0.378629 0.538214 0.0 -0.378434 0.537968 0.0 -0.378239 0.537721 0.0 -0.378043 0.537476 0.0 -0.377846 0.537231 0.0 -0.377648 0.536987 0.0 -0.37745 0.536743 0.0 -0.377251 0.5365 0.0 -0.377051 0.536258 0.0 -0.37685 0.536016 0.0 -0.376649 0.535775 0.0 -0.376447 0.535535 0.0 -0.376244 0.535294 0.0 -0.37604 0.535056 0.0 -0.375836 0.534817 0.0 -0.375631 0.534579 0.0 -0.375425 0.534341 0.0 -0.375218 0.534105 0.0 -0.375011 0.533869 0.0 -0.374803 0.533634 0.0 -0.374594 0.533399 0.0 -0.374384 0.533165 0.0 -0.374174 0.532931 0.0 -0.373963 0.532699 0.0 -0.373751 0.532467 0.0 -0.373538 0.532236 0.0 -0.373326 0.532005 0.0 -0.373111 0.531775 0.0 -0.372897 0.531545 0.0 -0.372681 0.531317 0.0 -0.372465 0.531089 0.0 -0.372248 0.530862 0.0 -0.372031 0.530635 0.0 -0.371812 0.530409 0.0 -0.371594 0.530183 0.0 -0.371374 0.529959 0.0 -0.371154 0.529735 0.0 -0.370932 0.529512 0.0 -0.370711 0.529289 0.0 -0.370488 0.529068 0.0 -0.370265 0.528846 0.0 -0.370041 0.528626 0.0 -0.369817 0.528406 0.0 -0.369591 0.528188 0.0 -0.369365 0.527969 0.0 -0.369138 0.527752 0.0 -0.368911 0.527535 0.0 -0.368683 0.527319 0.0 -0.368455 0.527103 0.0 -0.368225 0.526889 0.0 -0.367995 0.526674 0.0 -0.367764 0.526462 0.0 -0.367533 0.526249 0.0 -0.367301 0.526037 0.0 -0.367069 0.525826 0.0 -0.366835 0.525616 0.0 -0.366601 0.525406 0.0 -0.366366 0.525197 0.0 -0.366131 0.524989 0.0 -0.365895 0.524782 0.0 -0.365659 0.524575 0.0 -0.365421 0.524369 0.0 -0.365183 0.524164 0.0 -0.364944 0.52396 0.0 -0.364706 0.523756 0.0 -0.364465 0.523553 0.0 -0.364225 0.523351 0.0 -0.363984 0.52315 0.0 -0.363742 0.522949 0.0 -0.3635 0.522749 0.0 -0.363257 0.52255 0.0 -0.363013 0.522352 0.0 -0.362769 0.522154 0.0 -0.362524 0.521957 0.0 -0.362279 0.521761 0.0 -0.362032 0.521566 0.0 -0.361786 0.521371 0.0 -0.361538 0.521178 0.0 -0.361291 0.520984 0.0 -0.361042 0.520793 0.0 -0.360793 0.520601 0.0 -0.360543 0.520411 0.0 -0.360293 0.520221 0.0 -0.360042 0.520032 0.0 -0.35979 0.519843 0.0 -0.359538 0.519656 0.0 -0.359286 0.519469 0.0 -0.359032 0.519284 0.0 -0.358779 0.519098 0.0 -0.358524 0.518914 0.0 -0.358269 0.518731 0.0 -0.358013 0.518548 0.0 -0.357757 0.518366 0.0 -0.3575 0.518185 0.0 -0.357243 0.518005 0.0 -0.356985 0.517826 0.0 -0.356727 0.517647 0.0 -0.356468 0.517469 0.0 -0.356208 0.517292 0.0 -0.355948 0.517116 0.0 -0.355688 0.51694 0.0 -0.355426 0.516766 0.0 -0.355165 0.516592 0.0 -0.354902 0.51642 0.0 -0.354639 0.516247 0.0 -0.354376 0.516076 0.0 -0.354112 0.515906 0.0 -0.353847 0.515736 0.0 -0.353583 0.515567 0.0 -0.353317 0.5154 0.0 -0.353051 0.515232 0.0 -0.352784 0.515066 0.0 -0.352517 0.514901 0.0 -0.35225 0.514736 0.0 -0.351982 0.514572 0.0 -0.351713 0.51441 0.0 -0.351444 0.514247 0.0 -0.351174 0.514087 0.0 -0.350904 0.513926 0.0 -0.350633 0.513767 0.0 -0.350362 0.513608 0.0 -0.35009 0.51345 0.0 -0.349819 0.513293 0.0 -0.349546 0.513137 0.0 -0.349273 0.512982 0.0 -0.348999 0.512828 0.0 -0.348725 0.512674 0.0 -0.34845 0.512522 0.0 -0.348175 0.512369 0.0 -0.3479 0.512219 0.0 -0.347624 0.512068 0.0 -0.347347 0.51192 0.0 -0.34707 0.511771 0.0 -0.346793 0.511624 0.0 -0.346515 0.511477 0.0 -0.346237 0.511332 0.0 -0.345958 0.511186 0.0 -0.345679 0.511043 0.0 -0.345399 0.510899 0.0 -0.345119 0.510758 0.0 -0.344838 0.510616 0.0 -0.344557 0.510476 0.0 -0.344276 0.510336 0.0 -0.343994 0.510198 0.0 -0.343712 0.510059 0.0 -0.343429 0.509923 0.0 -0.343146 0.509787 0.0 -0.342862 0.509652 0.0 -0.342578 0.509517 0.0 -0.342293 0.509384 0.0 -0.342009 0.509252 0.0 -0.341723 0.50912 0.0 -0.341438 0.508989 0.0 -0.341151 0.50886 0.0 -0.340865 0.508731 0.0 -0.340578 0.508603 0.0 -0.340291 0.508476 0.0 -0.340003 0.50835 0.0 -0.339715 0.508225 0.0 -0.339426 0.508101 0.0 -0.339137 0.507977 0.0 -0.338848 0.507855 0.0 -0.338558 0.507733 0.0 -0.338268 0.507613 0.0 -0.337978 0.507492 0.0 -0.337687 0.507374 0.0 -0.337396 0.507255 0.0 -0.337104 0.507139 0.0 -0.336812 0.507022 0.0 -0.33652 0.506908 0.0 -0.336228 0.506793 0.0 -0.335934 0.50668 0.0 -0.335641 0.506567 0.0 -0.335347 0.506456 0.0 -0.335053 0.506345 0.0 -0.334759 0.506236 0.0 -0.334464 0.506127 0.0 -0.334169 0.506019 0.0 -0.333874 0.505912 0.0 -0.333578 0.505806 0.0 -0.333282 0.505701 0.0 -0.332985 0.505597 0.0 -0.332689 0.505494 0.0 -0.332392 0.505392 0.0 -0.332094 0.50529 0.0 -0.331797 0.50519 0.0 -0.331499 0.50509 0.0 -0.3312 0.504992 0.0 -0.330902 0.504894 0.0 -0.330603 0.504798 0.0 -0.330304 0.504702 0.0 -0.330004 0.504608 0.0 -0.329704 0.504514 0.0 -0.329404 0.504421 0.0 -0.329104 0.504329 0.0 -0.328803 0.504238 0.0 -0.328502 0.504148 0.0 -0.328201 0.504059 0.0 -0.327899 0.503971 0.0 -0.327597 0.503884 0.0 -0.327295 0.503797 0.0 -0.326993 0.503712 0.0 -0.32669 0.503628 0.0 -0.326387 0.503545 0.0 -0.326084 0.503462 0.0 -0.325781 0.503381 0.0 -0.325477 0.5033 0.0 -0.325173 0.503221 0.0 -0.324869 0.503142 0.0 -0.324564 0.503065 0.0 -0.32426 0.502987 0.0 -0.323955 0.502912 0.0 -0.32365 0.502837 0.0 -0.323344 0.502763 0.0 -0.323039 0.50269 0.0 -0.322733 0.502619 0.0 -0.322427 0.502547 0.0 -0.322121 0.502478 0.0 -0.321814 0.502408 0.0 -0.321508 0.502341 0.0 -0.321201 0.502273 0.0 -0.320893 0.502208 0.0 -0.320586 0.502142 0.0 -0.320279 0.502078 0.0 -0.319971 0.502014 0.0 -0.319663 0.501953 0.0 -0.319355 0.501891 0.0 -0.319047 0.501831 0.0 -0.318738 0.501771 0.0 -0.318429 0.501713 0.0 -0.318121 0.501655 0.0 -0.317811 0.5016 0.0 -0.317502 0.501544 0.0 -0.317193 0.50149 0.0 -0.316883 0.501436 0.0 -0.316574 0.501383 0.0 -0.316264 0.501331 0.0 -0.315954 0.501281 0.0 -0.315643 0.501231 0.0 -0.315333 0.501183 0.0 -0.315023 0.501135 0.0 -0.314712 0.501089 0.0 -0.314401 0.501042 0.0 -0.31409 0.500998 0.0 -0.313779 0.500954 0.0 -0.313468 0.500912 0.0 -0.313156 0.500869 0.0 -0.312845 0.500829 0.0 -0.312533 0.500789 0.0 -0.312222 0.50075 0.0 -0.31191 0.500712 0.0 -0.311598 0.500675 0.0 -0.311286 0.500639 0.0 -0.310973 0.500604 0.0 -0.310661 0.50057 0.0 -0.310349 0.500537 0.0 -0.310036 0.500505 0.0 -0.309724 0.500474 0.0 -0.309411 0.500444 0.0 -0.309098 0.500415 0.0 -0.308785 0.500387 0.0 -0.308472 0.50036 0.0 -0.308159 0.500333 0.0 -0.307846 0.500309 0.0 -0.307533 0.500284 0.0 -0.307219 0.500261 0.0 -0.306906 0.500239 0.0 -0.306593 0.500218 0.0 -0.306279 0.500197 0.0 -0.305965 0.500179 0.0 -0.305652 0.50016 0.0 -0.305338 0.500143 0.0 -0.305024 0.500126 0.0 -0.304711 0.500112 0.0 -0.304397 0.500097 0.0 -0.304083 0.500084 0.0 -0.303769 0.500071 0.0 -0.303455 0.50006 0.0 -0.303141 0.500049 0.0 -0.302827 0.50004 0.0 -0.302513 0.500032 0.0 -0.302199 0.500025 0.0 -0.301885 0.500018 0.0 -0.301571 0.500013 0.0 -0.301257 0.500008 0.0 -0.300942 0.500005 0.0 -0.300628 0.500002 0.0 -0.300314 0.500001 0.0 -0.3 0.5 0.0 -0.299686 0.500001 0.0 -0.299372 0.500002 0.0 -0.299058 0.500005 0.0 -0.298743 0.500008 0.0 -0.298429 0.500013 0.0 -0.298115 0.500018 0.0 -0.297801 0.500025 0.0 -0.297487 0.500032 0.0 -0.297173 0.50004 0.0 -0.296859 0.500049 0.0 -0.296545 0.50006 0.0 -0.296231 0.500071 0.0 -0.295917 0.500084 0.0 -0.295603 0.500097 0.0 -0.295289 0.500112 0.0 -0.294976 0.500126 0.0 -0.294662 0.500143 0.0 -0.294348 0.50016 0.0 -0.294035 0.500179 0.0 -0.293721 0.500197 0.0 -0.293407 0.500218 0.0 -0.293094 0.500239 0.0 -0.292781 0.500261 0.0 -0.292467 0.500284 0.0 -0.292154 0.500309 0.0 -0.291841 0.500333 0.0 -0.291528 0.50036 0.0 -0.291215 0.500387 0.0 -0.290902 0.500415 0.0 -0.290589 0.500444 0.0 -0.290276 0.500474 0.0 -0.289964 0.500505 0.0 -0.289651 0.500537 0.0 -0.289339 0.50057 0.0 -0.289027 0.500604 0.0 -0.288714 0.500639 0.0 -0.288402 0.500675 0.0 -0.28809 0.500712 0.0 -0.287778 0.50075 0.0 -0.287467 0.500789 0.0 -0.287155 0.500829 0.0 -0.286844 0.500869 0.0 -0.286532 0.500912 0.0 -0.286221 0.500954 0.0 -0.28591 0.500998 0.0 -0.285599 0.501042 0.0 -0.285288 0.501089 0.0 -0.284977 0.501135 0.0 -0.284667 0.501183 0.0 -0.284357 0.501231 0.0 -0.284046 0.501281 0.0 -0.283736 0.501331 0.0 -0.283426 0.501383 0.0 -0.283117 0.501436 0.0 -0.282807 0.50149 0.0 -0.282498 0.501544 0.0 -0.282189 0.5016 0.0 -0.281879 0.501655 0.0 -0.281571 0.501713 0.0 -0.281262 0.501771 0.0 -0.280953 0.501831 0.0 -0.280645 0.501891 0.0 -0.280337 0.501953 0.0 -0.280029 0.502014 0.0 -0.279721 0.502078 0.0 -0.279414 0.502142 0.0 -0.279107 0.502208 0.0 -0.278799 0.502273 0.0 -0.278492 0.502341 0.0 -0.278186 0.502408 0.0 -0.277879 0.502478 0.0 -0.277573 0.502547 0.0 -0.277267 0.502619 0.0 -0.276961 0.50269 0.0 -0.276656 0.502763 0.0 -0.27635 0.502837 0.0 -0.276045 0.502912 0.0 -0.27574 0.502987 0.0 -0.275436 0.503065 0.0 -0.275131 0.503142 0.0 -0.274827 0.503221 0.0 -0.274523 0.5033 0.0 -0.274219 0.503381 0.0 -0.273916 0.503462 0.0 -0.273613 0.503545 0.0 -0.27331 0.503628 0.0 -0.273007 0.503712 0.0 -0.272705 0.503797 0.0 -0.272403 0.503884 0.0 -0.272101 0.503971 0.0 -0.271799 0.504059 0.0 -0.271498 0.504148 0.0 -0.271197 0.504238 0.0 -0.270896 0.504329 0.0 -0.270596 0.504421 0.0 -0.270296 0.504514 0.0 -0.269996 0.504608 0.0 -0.269696 0.504702 0.0 -0.269397 0.504798 0.0 -0.269098 0.504894 0.0 -0.2688 0.504992 0.0 -0.268501 0.50509 0.0 -0.268203 0.50519 0.0 -0.267906 0.50529 0.0 -0.267608 0.505392 0.0 -0.267311 0.505494 0.0 -0.267015 0.505597 0.0 -0.266718 0.505701 0.0 -0.266422 0.505806 0.0 -0.266126 0.505912 0.0 -0.265831 0.506019 0.0 -0.265536 0.506127 0.0 -0.265241 0.506236 0.0 -0.264947 0.506345 0.0 -0.264653 0.506456 0.0 -0.264359 0.506567 0.0 -0.264066 0.50668 0.0 -0.263772 0.506793 0.0 -0.26348 0.506908 0.0 -0.263188 0.507022 0.0 -0.262896 0.507139 0.0 -0.262604 0.507255 0.0 -0.262313 0.507374 0.0 -0.262022 0.507492 0.0 -0.261732 0.507613 0.0 -0.261442 0.507733 0.0 -0.261152 0.507855 0.0 -0.260863 0.507977 0.0 -0.260574 0.508101 0.0 -0.260285 0.508225 0.0 -0.259997 0.50835 0.0 -0.259709 0.508476 0.0 -0.259422 0.508603 0.0 -0.259135 0.508731 0.0 -0.258849 0.50886 0.0 -0.258562 0.508989 0.0 -0.258277 0.50912 0.0 -0.257991 0.509252 0.0 -0.257707 0.509384 0.0 -0.257422 0.509517 0.0 -0.257138 0.509652 0.0 -0.256854 0.509787 0.0 -0.256571 0.509923 0.0 -0.256288 0.510059 0.0 -0.256006 0.510198 0.0 -0.255724 0.510336 0.0 -0.255443 0.510476 0.0 -0.255162 0.510616 0.0 -0.254881 0.510758 0.0 -0.254601 0.510899 0.0 -0.254321 0.511043 0.0 -0.254042 0.511186 0.0 -0.253763 0.511332 0.0 -0.253485 0.511477 0.0 -0.253207 0.511624 0.0 -0.25293 0.511771 0.0 -0.252653 0.51192 0.0 -0.252376 0.512068 0.0 -0.2521 0.512219 0.0 -0.251825 0.512369 0.0 -0.25155 0.512522 0.0 -0.251275 0.512674 0.0 -0.251001 0.512828 0.0 -0.250727 0.512982 0.0 -0.250454 0.513137 0.0 -0.250181 0.513293 0.0 -0.24991 0.51345 0.0 -0.249638 0.513608 0.0 -0.249367 0.513767 0.0 -0.249096 0.513926 0.0 -0.248826 0.514087 0.0 -0.248556 0.514247 0.0 -0.248287 0.51441 0.0 -0.248018 0.514572 0.0 -0.24775 0.514736 0.0 -0.247483 0.514901 0.0 -0.247216 0.515066 0.0 -0.246949 0.515232 0.0 -0.246683 0.5154 0.0 -0.246417 0.515567 0.0 -0.246153 0.515736 0.0 -0.245888 0.515906 0.0 -0.245624 0.516076 0.0 -0.245361 0.516247 0.0 -0.245098 0.51642 0.0 -0.244835 0.516592 0.0 -0.244574 0.516766 0.0 -0.244312 0.51694 0.0 -0.244052 0.517116 0.0 -0.243792 0.517292 0.0 -0.243532 0.517469 0.0 -0.243273 0.517647 0.0 -0.243015 0.517826 0.0 -0.242757 0.518005 0.0 -0.2425 0.518185 0.0 -0.242243 0.518366 0.0 -0.241987 0.518548 0.0 -0.241731 0.518731 0.0 -0.241476 0.518914 0.0 -0.241221 0.519098 0.0 -0.240968 0.519284 0.0 -0.240714 0.519469 0.0 -0.240462 0.519656 0.0 -0.24021 0.519843 0.0 -0.239958 0.520032 0.0 -0.239707 0.520221 0.0 -0.239457 0.520411 0.0 -0.239207 0.520601 0.0 -0.238958 0.520793 0.0 -0.238709 0.520984 0.0 -0.238462 0.521178 0.0 -0.238214 0.521371 0.0 -0.237968 0.521566 0.0 -0.237721 0.521761 0.0 -0.237476 0.521957 0.0 -0.237231 0.522154 0.0 -0.236987 0.522352 0.0 -0.236743 0.52255 0.0 -0.2365 0.522749 0.0 -0.236258 0.522949 0.0 -0.236016 0.52315 0.0 -0.235775 0.523351 0.0 -0.235535 0.523553 0.0 -0.235294 0.523756 0.0 -0.235056 0.52396 0.0 -0.234817 0.524164 0.0 -0.234579 0.524369 0.0 -0.234341 0.524575 0.0 -0.234105 0.524782 0.0 -0.233869 0.524989 0.0 -0.233634 0.525197 0.0 -0.233399 0.525406 0.0 -0.233165 0.525616 0.0 -0.232931 0.525826 0.0 -0.232699 0.526037 0.0 -0.232467 0.526249 0.0 -0.232236 0.526462 0.0 -0.232005 0.526674 0.0 -0.231775 0.526889 0.0 -0.231545 0.527103 0.0 -0.231317 0.527319 0.0 -0.231089 0.527535 0.0 -0.230862 0.527752 0.0 -0.230635 0.527969 0.0 -0.230409 0.528188 0.0 -0.230183 0.528406 0.0 -0.229959 0.528626 0.0 -0.229735 0.528846 0.0 -0.229512 0.529068 0.0 -0.229289 0.529289 0.0 -0.229068 0.529512 0.0 -0.228846 0.529735 0.0 -0.228626 0.529959 0.0 -0.228406 0.530183 0.0 -0.228188 0.530409 0.0 -0.227969 0.530635 0.0 -0.227752 0.530862 0.0 -0.227535 0.531089 0.0 -0.227319 0.531317 0.0 -0.227103 0.531545 0.0 -0.226889 0.531775 0.0 -0.226674 0.532005 0.0 -0.226462 0.532236 0.0 -0.226249 0.532467 0.0 -0.226037 0.532699 0.0 -0.225826 0.532931 0.0 -0.225616 0.533165 0.0 -0.225406 0.533399 0.0 -0.225197 0.533634 0.0 -0.224989 0.533869 0.0 -0.224782 0.534105 0.0 -0.224575 0.534341 0.0 -0.224369 0.534579 0.0 -0.224164 0.534817 0.0 -0.22396 0.535056 0.0 -0.223756 0.535294 0.0 -0.223553 0.535535 0.0 -0.223351 0.535775 0.0 -0.22315 0.536016 0.0 -0.222949 0.536258 0.0 -0.222749 0.5365 0.0 -0.22255 0.536743 0.0 -0.222352 0.536987 0.0 -0.222154 0.537231 0.0 -0.221957 0.537476 0.0 -0.221761 0.537721 0.0 -0.221566 0.537968 0.0 -0.221371 0.538214 0.0 -0.221178 0.538462 0.0 -0.220984 0.538709 0.0 -0.220793 0.538958 0.0 -0.220601 0.539207 0.0 -0.220411 0.539457 0.0 -0.220221 0.539707 0.0 -0.220032 0.539958 0.0 -0.219843 0.54021 0.0 -0.219656 0.540462 0.0 -0.219469 0.540714 0.0 -0.219284 0.540968 0.0 -0.219098 0.541221 0.0 -0.218914 0.541476 0.0 -0.218731 0.541731 0.0 -0.218548 0.541987 0.0 -0.218366 0.542243 0.0 -0.218185 0.5425 0.0 -0.218005 0.542757 0.0 -0.217826 0.543015 0.0 -0.217647 0.543273 0.0 -0.217469 0.543532 0.0 -0.217292 0.543792 0.0 -0.217116 0.544052 0.0 -0.21694 0.544312 0.0 -0.216766 0.544574 0.0 -0.216592 0.544835 0.0 -0.21642 0.545098 0.0 -0.216247 0.545361 0.0 -0.216076 0.545624 0.0 -0.215906 0.545888 0.0 -0.215736 0.546153 0.0 -0.215567 0.546417 0.0 -0.2154 0.546683 0.0 -0.215232 0.546949 0.0 -0.215066 0.547216 0.0 -0.214901 0.547483 0.0 -0.214736 0.54775 0.0 -0.214572 0.548018 0.0 -0.21441 0.548287 0.0 -0.214247 0.548556 0.0 -0.214087 0.548826 0.0 -0.213926 0.549096 0.0 -0.213767 0.549367 0.0 -0.213608 0.549638 0.0 -0.21345 0.54991 0.0 -0.213293 0.550181 0.0 -0.213137 0.550454 0.0 -0.212982 0.550727 0.0 -0.212828 0.551001 0.0 -0.212674 0.551275 0.0 -0.212522 0.55155 0.0 -0.212369 0.551825 0.0 -0.212219 0.5521 0.0 -0.212068 0.552376 0.0 -0.21192 0.552653 0.0 -0.211771 0.55293 0.0 -0.211624 0.553207 0.0 -0.211477 0.553485 0.0 -0.211332 0.553763 0.0 -0.211186 0.554042 0.0 -0.211043 0.554321 0.0 -0.210899 0.554601 0.0 -0.210758 0.554881 0.0 -0.210616 0.555162 0.0 -0.210476 0.555443 0.0 -0.210336 0.555724 0.0 -0.210198 0.556006 0.0 -0.210059 0.556288 0.0 -0.209923 0.556571 0.0 -0.209787 0.556854 0.0 -0.209652 0.557138 0.0 -0.209517 0.557422 0.0 -0.209384 0.557707 0.0 -0.209252 0.557991 0.0 -0.20912 0.558277 0.0 -0.208989 0.558562 0.0 -0.20886 0.558849 0.0 -0.208731 0.559135 0.0 -0.208603 0.559422 0.0 -0.208476 0.559709 0.0 -0.20835 0.559997 0.0 -0.208225 0.560285 0.0 -0.208101 0.560574 0.0 -0.207977 0.560863 0.0 -0.207855 0.561152 0.0 -0.207733 0.561442 0.0 -0.207613 0.561732 0.0 -0.207492 0.562022 0.0 -0.207374 0.562313 0.0 -0.207255 0.562604 0.0 -0.207139 0.562896 0.0 -0.207022 0.563188 0.0 -0.206908 0.56348 0.0 -0.206793 0.563772 0.0 -0.20668 0.564066 0.0 -0.206567 0.564359 0.0 -0.206456 0.564653 0.0 -0.206345 0.564947 0.0 -0.206236 0.565241 0.0 -0.206127 0.565536 0.0 -0.206019 0.565831 0.0 -0.205912 0.566126 0.0 -0.205806 0.566422 0.0 -0.205701 0.566718 0.0 -0.205597 0.567015 0.0 -0.205494 0.567311 0.0 -0.205392 0.567608 0.0 -0.20529 0.567906 0.0 -0.20519 0.568203 0.0 -0.20509 0.568501 0.0 -0.204992 0.5688 0.0 -0.204894 0.569098 0.0 -0.204798 0.569397 0.0 -0.204702 0.569696 0.0 -0.204608 0.569996 0.0 -0.204514 0.570296 0.0 -0.204421 0.570596 0.0 -0.204329 0.570896 0.0 -0.204238 0.571197 0.0 -0.204148 0.571498 0.0 -0.204059 0.571799 0.0 -0.203971 0.572101 0.0 -0.203884 0.572403 0.0 -0.203797 0.572705 0.0 -0.203712 0.573007 0.0 -0.203628 0.57331 0.0 -0.203545 0.573613 0.0 -0.203462 0.573916 0.0 -0.203381 0.574219 0.0 -0.2033 0.574523 0.0 -0.203221 0.574827 0.0 -0.203142 0.575131 0.0 -0.203065 0.575436 0.0 -0.202987 0.57574 0.0 -0.202912 0.576045 0.0 -0.202837 0.57635 0.0 -0.202763 0.576656 0.0 -0.20269 0.576961 0.0 -0.202619 0.577267 0.0 -0.202547 0.577573 0.0 -0.202478 0.577879 0.0 -0.202408 0.578186 0.0 -0.202341 0.578492 0.0 -0.202273 0.578799 0.0 -0.202208 0.579107 0.0 -0.202142 0.579414 0.0 -0.202078 0.579721 0.0 -0.202014 0.580029 0.0 -0.201953 0.580337 0.0 -0.201891 0.580645 0.0 -0.201831 0.580953 0.0 -0.201771 0.581262 0.0 -0.201713 0.581571 0.0 -0.201655 0.581879 0.0 -0.2016 0.582189 0.0 -0.201544 0.582498 0.0 -0.20149 0.582807 0.0 -0.201436 0.583117 0.0 -0.201383 0.583426 0.0 -0.201331 0.583736 0.0 -0.201281 0.584046 0.0 -0.201231 0.584357 0.0 -0.201183 0.584667 0.0 -0.201135 0.584977 0.0 -0.201089 0.585288 0.0 -0.201042 0.585599 0.0 -0.200998 0.58591 0.0 -0.200954 0.586221 0.0 -0.200912 0.586532 0.0 -0.200869 0.586844 0.0 -0.200829 0.587155 0.0 -0.200789 0.587467 0.0 -0.20075 0.587778 0.0 -0.200712 0.58809 0.0 -0.200675 0.588402 0.0 -0.200639 0.588714 0.0 -0.200604 0.589027 0.0 -0.20057 0.589339 0.0 -0.200537 0.589651 0.0 -0.200505 0.589964 0.0 -0.200474 0.590276 0.0 -0.200444 0.590589 0.0 -0.200415 0.590902 0.0 -0.200387 0.591215 0.0 -0.20036 0.591528 0.0 -0.200333 0.591841 0.0 -0.200309 0.592154 0.0 -0.200284 0.592467 0.0 -0.200261 0.592781 0.0 -0.200239 0.593094 0.0 -0.200218 0.593407 0.0 -0.200197 0.593721 0.0 -0.200179 0.594035 0.0 -0.20016 0.594348 0.0 -0.200143 0.594662 0.0 -0.200126 0.594976 0.0 -0.200112 0.595289 0.0 -0.200097 0.595603 0.0 -0.200084 0.595917 0.0 -0.200071 0.596231 0.0 -0.20006 0.596545 0.0 -0.200049 0.596859 0.0 -0.20004 0.597173 0.0 -0.200032 0.597487 0.0 -0.200025 0.597801 0.0 -0.200018 0.598115 0.0 -0.200013 0.598429 0.0 -0.200008 0.598743 0.0 -0.200005 0.599058 0.0 -0.200002 0.599372 0.0 -0.200001 0.599686 0.0 
        </DataArray>
      </Points>
      <Polys>
        <DataArray type="Int64" Name="connectivity" format="ascii">
0 1 1 2 2 3 3 4 4 5 5 6 6 7 7 8 8 9 9 10 10 11 11 12 12 13 13 14 14 15 15 16 16 17 17 18 18 19 19 20 20 21 21 22 22 23 23 24 24 25 25 26 26 27 27 28 28 29 29 30 30 31 31 32 32 33 33 34 34 35 35 36 36 37 37 38 38 39 39 40 40 41 41 42 42 43 43 44 44 45 45 46 46 47 47 48 48 49 49 50 50 51 51 52 52 53 53 54 54 55 55 56 56 57 57 58 58 59 59 60 60 61 61 62 62 63 63 64 64 65 65 66 66 67 67 68 68 69 69 70 70 71 71 72 72 73 73 74 74 75 75 76 76 77 77 78 78 79 79 80 80 81 81 82 82 83 83 84 84 85 85 86 86 87 87 88 88 89 89 90 90 91 91 92 92 93 93 94 94 95 95 96 96 97 97 98 98 99 99 100 100 101 101 102 102 103 103 104 104 105 105 106 106 107 107 108 108 109 109 110 110 111 111 112 112 113 113 114 114 115 115 116 116 117 117 118 118 119 119 120 120 121 121 122 122 123 123 124 124 125 125 126 126 127 127 128 128 129 129 130 130 131 131 132 132 133 133 134 134 135 135 136 136 137 137 138 138 139 139 140 140 141 141 142 142 143 143 144 144 145 145 146 146 147 147 148 148 149 149 150 150 151 151 152 152 153 153 154 154 155 155 156 156 157 157 158 158 159 159 160 160 161 161 162 162 163 163 164 164 165 165 166 166 167 167 168 168 169 169 170 170 171 171 172 172 173 173 174 174 175 175 176 176 177 177 178 178 179 179 180 180 181 181 182 182 183 183 184 184 185 185 186 186 187 187 188 188 189 189 190 190 191 191 192 192 193 193 194 194 195 195 196 196 197 197 198 198 199 199 200 200 201 201 202 202 203 203 204 204 205 205 206 206 207 207 208 208 209 209 210 210 211 211 212 212 213 213 214 214 215 215 216 216 217 217 218 218 219 219 220 220 221 221 222 222 223 223 224 224 225 225 226 226 227 227 228 228 229 229 230 230 231 231 232 232 233 233 234 234 235 235 236 236 237 237 238 238 239 239 240 240 241 241 242 242 243 243 244 244 245 245 246 246 247 247 248 248 249 249 250 250 251 251 252 252 253 253 254 254 255 255 256 256 257 257 258 258 259 259 260 260 261 261 262 262 263 263 264 264 265 265 266 266 267 267 268 268 269 269 270 270 271 271 272 272 273 273 274 274 275 275 276 276 277 277 278 278 279 279 280 280 281 281 282 282 283 283 284 284 285 285 286 286 287 287 288 288 289 289 290 290 291 291 292 292 293 293 294 294 295 295 296 296 297 297 298 298 299 299 300 300 301 301 302 302 303 303 304 304 305 305 306 306 307 307 308 308 309 309 310 310 311 311 312 312 313 313 314 314 315 315 316 316 317 317 318 318 319 319 320 320 321 321 322 322 323 323 324 324 325 325 326 326 327 327 328 328 329 329 330 330 331 331 332 332 333 333 334 334 335 335 336 336 337 337 338 338 339 339 340 340 341 341 342 342 343 343 344 344 345 345 346 346 347 347 348 348 349 349 350 350 351 351 352 352 353 353 354 354 355 355 356 356 357 357 358 358 359 359 360 360 361 361 362 362 363 363 364 364 365 365 366 366 367 367 368 368 369 369 370 370 371 371 372 372 373 373 374 374 375 375 376 376 377 377 378 378 379 379 380 380 381 381 382 382 383 383 384 384 385 385 386 386 387 387 388 388 389 389 390 390 391 391 392 392 393 393 394 394 395 395 396 396 397 397 398 398 399 399 400 400 401 401 402 402 403 403 404 404 405 405 406 406 407 407 408 408 409 409 410 410 411 411 412 412 413 413 414 414 415 415 416 416 417 417 418 418 419 419 420 420 421 421 422 422 423 423 424 424 425 425 426 426 427 427 428 428 429 429 430 430 431 431 432 432 433 433 434 434 435 435 436 436 437 437 438 438 439 439 440 440 441 441 442 442 443 443 444 444 445 445 446 446 447 447 448 448 449 449 450 450 451 451 452 452 453 453 454 454 455 455 456 456 457 457 458 458 459 459 460 460 461 461 462 462 463 463 464 464 465 465 466 466 467 467 468 468 469 469 470 470 471 471 472 472 473 473 474 474 475 475 476 476 477 477 478 478 479 479 480 480 481 481 482 482 483 483 484 484 485 485 486 486 487 487 488 488 489 489 490 490 491 491 492 492 493 493 494 494 495 495 496 496 497 497 498 498 499 499 500 500 501 501 502 502 503 503 504 504 505 505 506 506 507 507 508 508 509 509 510 510 511 511 512 512 513 513 514 514 515 515 516 516 517 517 518 518 519 519 520 520 521 521 522 522 523 523 524 524 525 525 526 526 527 527 528 528 529 529 530 530 531 531 532 532 533 533 534 534 535 535 536 536 537 537 538 538 539 539 540 540 541 541 542 542 543 543 544 544 545 545 546 546 547 547 548 548 549 549 550 550 551 551 552 552 553 553 554 554 555 555 556 556 557 557 558 558 559 559 560 560 561 561 562 562 563 563 564 564 565 565 566 566 567 567 568 568 569 569 570 570 571 571 572 572 573 573 574 574 575 575 576 576 577 577 578 578 579 579 580 580 581 581 582 582 583 583 584 584 585 585 586 586 587 587 588 588 589 589 590 590 591 591 592 592 593 593 594 594 595 595 596 596 597 597 598 598 599 599 600 600 601 601 602 602 603 603 604 604 605 605 606 606 607 607 608 608 609 609 610 610 611 611 612 612 613 613 614 614 615 615 616 616 617 617 618 618 619 619 620 620 621 621 622 622 623 623 624 624 625 625 626 626 627 627 628 628 629 629 630 630 631 631 632 632 633 633 634 634 635 635 636 636 637 637 638 638 639 639 640 640 641 641 642 642 643 643 644 644 645 645 646 646 647 647 648 648 649 649 650 650 651 651 652 652 653 653 654 654 655 655 656 656 657 657 658 658 659 659 660 660 661 661 662 662 663 663 664 664 665 665 666 666 667 667 668 668 669 669 670 670 671 671 672 672 673 673 674 674 675 675 676 676 677 677 678 678 679 679 680 680 681 681 682 682 683 683 684 684 685 685 686 686 687 687 688 688 689 689 690 690 691 691 692 692 693 693 694 694 695 695 696 696 697 697 698 698 699 699 700 700 701 701 702 702 703 703 704 704 705 705 706 706 707 707 708 708 709 709 710 710 711 711 712 712 713 713 714 714 715 715 716 716 717 717 718 718 719 719 720 720 721 721 722 722 723 723 724 724 725 725 726 726 727 727 728 728 729 729 730 730 731 731 732 732 733 733 734 734 735 735 736 736 737 737 738 738 739 739 740 740 741 741 742 742 743 743 744 744 745 745 746 746 747 747 748 748 749 749 750 750 751 751 752 752 753 753 754 754 755 755 756 756 757 757 758 758 759 759 760 760 761 761 762 762 763 763 764 764 765 765 766 766 767 767 768 768 769 769 770 770 771 771 772 772 773 773 774 774 775 775 776 776 777 777 778 778 779 779 780 780 781 781 782 782 783 783 784 784 785 785 786 786 787 787 788 788 789 789 790 790 791 791 792 792 793 793 794 794 795 795 796 796 797 797 798 798 799 799 800 800 801 801 802 802 803 803 804 804 805 805 806 806 807 807 808 808 809 809 810 810 811 811 812 812 813 813 814 814 815 815 816 816 817 817 818 818 819 819 820 820 821 821 822 822 823 823 824 824 825 825 826 826 827 827 828 828 829 829 830 830 831 831 832 832 833 833 834 834 835 835 836 836 837 837 838 838 839 839 840 840 841 841 842 842 843 843 844 844 845 845 846 846 847 847 848 848 849 849 850 850 851 851 852 852 853 853 854 854 855 855 856 856 857 857 858 858 859 859 860 860 861 861 862 862 863 863 864 864 865 865 866 866 867 867 868 868 869 869 870 870 871 871 872 872 873 873 874 874 875 875 876 876 877 877 878 878 879 879 880 880 881 881 882 882 883 883 884 884 885 885 886 886 887 887 888 888 889 889 890 890 891 891 892 892 893 893 894 894 895 895 896 896 897 897 898 898 899 899 900 900 901 901 902 902 903 903 904 904 905 905 906 906 907 907 908 908 909 909 910 910 911 911 912 912 913 913 914 914 915 915 916 916 917 917 918 918 919 919 920 920 921 921 922 922 923 923 924 924 925 925 926 926 927 927 928 928 929 929 930 930 931 931 932 932 933 933 934 934 935 935 936 936 937 937 938 938 939 939 940 940 941 941 942 942 943 943 944 944 945 945 946 946 947 947 948 948 949 949 950 950 951 951 952 952 953 953 954 954 955 955 956 956 957 957 958 958 959 959 960 960 961 961 962 962 963 963 964 964 965 965 966 966 967 967 968 968 969 969 970 970 971 971 972 972 973 973 974 974 975 975 976 976 977 977 978 978 979 979 980 980 981 981 982 982 983 983 984 984 985 985 986 986 987 987 988 988 989 989 990 990 991 991 992 992 993 993 994 994 995 995 996 996 997 997 998 998 999 999 1000 1000 1001 1001 1002 1002 1003 1003 1004 1004 1005 1005 1006 1006 1007 1007 1008 1008 1009 1009 1010 1010 1011 1011 1012 1012 1013 1013 1014 1014 1015 1015 1016 1016 1017 1017 1018 1018 1019 1019 1020 1020 1021 1021 1022 1022 1023 1023 1024 1024 1025 1025 1026 1026 1027 1027 1028 1028 1029 1029 1030 1030 1031 1031 1032 1032 1033 1033 1034 1034 1035 1035 1036 1036 1037 1037 1038 1038 1039 1039 1040 1040 1041 1041 1042 1042 1043 1043 1044 1044 1045 1045 1046 1046 1047 1047 1048 1048 1049 1049 1050 1050 1051 1051 1052 1052 1053 1053 1054 1054 1055 1055 1056 1056 1057 1057 1058 1058 1059 1059 1060 1060 1061 1061 1062 1062 1063 1063 1064 1064 1065 1065 1066 1066 1067 1067 1068 1068 1069 1069 1070 1070 1071 1071 1072 1072 1073 1073 1074 1074 1075 1075 1076 1076 1077 1077 1078 1078 1079 1079 1080 1080 1081 1081 1082 1082 1083 1083 1084 1084 1085 1085 1086 1086 1087 1087 1088 1088 1089 1089 1090 1090 1091 1091 1092 1092 1093 1093 1094 1094 1095 1095 1096 1096 1097 1097 1098 1098 1099 1099 1100 1100 1101 1101 1102 1102 1103 1103 1104 1104 1105 1105 1106 1106 1107 1107 1108 1108 1109 1109 1110 1110 1111 1111 1112 1112 1113 1113 1114 1114 1115 1115 1116 1116 1117 1117 1118 1118 1119 1119 1120 1120 1121 1121 1122 1122 1123 1123 1124 1124 1125 1125 1126 1126 1127 1127 1128 1128 1129 1129 1130 1130 1131 1131 1132 1132 1133 1133 1134 1134 1135 1135 1136 1136 1137 1137 1138 1138 1139 1139 1140 1140 1141 1141 1142 1142 1143 1143 1144 1144 1145 1145 1146 1146 1147 1147 1148 1148 1149 1149 1150 1150 1151 1151 1152 1152 1153 1153 1154 1154 1155 1155 1156 1156 1157 1157 1158 1158 1159 1159 1160 1160 1161 1161 1162 1162 1163 1163 1164 1164 1165 1165 1166 1166 1167 1167 1168 1168 1169 1169 1170 1170 1171 1171 1172 1172 1173 1173 1174 1174 1175 1175 1176 1176 1177 1177 1178 1178 1179 1179 1180 1180 1181 1181 1182 1182 1183 1183 1184 1184 1185 1185 1186 1186 1187 1187 1188 1188 1189 1189 1190 1190 1191 1191 1192 1192 1193 1193 1194 1194 1195 1195 1196 1196 1197 1197 1198 1198 1199 1199 1200 1200 1201 1201 1202 1202 1203 1203 1204 1204 1205 1205 1206 1206 1207 1207 1208 1208 1209 1209 1210 1210 1211 1211 1212 1212 1213 1213 1214 1214 1215 1215 1216 1216 1217 1217 1218 1218 1219 1219 1220 1220 1221 1221 1222 1222 1223 1223 1224 1224 1225 1225 1226 1226 1227 1227 1228 1228 1229 1229 1230 1230 1231 1231 1232 1232 1233 1233 1234 1234 1235 1235 1236 1236 1237 1237 1238 1238 1239 1239 1240 1240 1241 1241 1242 1242 1243 1243 1244 1244 1245 1245 1246 1246 1247 1247 1248 1248 1249 1249 1250 1250 1251 1251 1252 1252 1253 1253 1254 1254 1255 1255 1256 1256 1257 1257 1258 1258 1259 1259 1260 1260 1261 1261 1262 1262 1263 1263 1264 1264 1265 1265 1266 1266 1267 1267 1268 1268 1269 1269 1270 1270 1271 1271 1272 1272 1273 1273 1274 1274 1275 1275 1276 1276 1277 1277 1278 1278 1279 1279 1280 1280 1281 1281 1282 1282 1283 1283 1284 1284 1285 1285 1286 1286 1287 1287 1288 1288 1289 1289 1290 1290 1291 1291 1292 1292 1293 1293 1294 1294 1295 1295 1296 1296 1297 1297 1298 1298 1299 1299 1300 1300 1301 1301 1302 1302 1303 1303 1304 1304 1305 1305 1306 1306 1307 1307 1308 1308 1309 1309 1310 1310 1311 1311 1312 1312 1313 1313 1314 1314 1315 1315 1316 1316 1317 1317 1318 1318 1319 1319 1320 1320 1321 1321 1322 1322 1323 1323 1324 1324 1325 1325 1326 1326 1327 1327 1328 1328 1329 1329 1330 1330 1331 1331 1332 1332 1333 1333 1334 1334 1335 1335 1336 1336 1337 1337 1338 1338 1339 1339 1340 1340 1341 1341 1342 1342 1343 1343 1344 1344 1345 1345 1346 1346 1347 1347 1348 1348 1349 1349 1350 1350 1351 1351 1352 1352 1353 1353 1354 1354 1355 1355 1356 1356 1357 1357 1358 1358 1359 1359 1360 1360 1361 1361 1362 1362 1363 1363 1364 1364 1365 1365 1366 1366 1367 1367 1368 1368 1369 1369 1370 1370 1371 1371 1372 1372 1373 1373 1374 1374 1375 1375 1376 1376 1377 1377 1378 1378 1379 1379 1380 1380 1381 1381 1382 1382 1383 1383 1384 1384 1385 1385 1386 1386 1387 1387 1388 1388 1389 1389 1390 1390 1391 1391 1392 1392 1393 1393 1394 1394 1395 1395 1396 1396 1397 1397 1398 1398 1399 1399 1400 1400 1401 1401 1402 1402 1403 1403 1404 1404 1405 1405 1406 1406 1407 1407 1408 1408 1409 1409 1410 1410 1411 1411 1412 1412 1413 1413 1414 1414 1415 1415 1416 1416 1417 1417 1418 1418 1419 1419 1420 1420 1421 1421 1422 1422 1423 1423 1424 1424 1425 1425 1426 1426 1427 1427 1428 1428 1429 1429 1430 1430 1431 1431 1432 1432 1433 1433 1434 1434 1435 1435 1436 1436 1437 1437 1438 1438 1439 1439 1440 1440 1441 1441 1442 1442 1443 1443 1444 1444 1445 1445 1446 1446 1447 1447 1448 1448 1449 1449 1450 1450 1451 1451 1452 1452 1453 1453 1454 1454 1455 1455 1456 1456 1457 1457 1458 1458 1459 1459 1460 1460 1461 1461 1462 1462 1463 1463 1464 1464 1465 1465 1466 1466 1467 1467 1468 1468 1469 1469 1470 1470 1471 1471 1472 1472 1473 1473 1474 1474 1475 1475 1476 1476 1477 1477 1478 1478 1479 1479 1480 1480 1481 1481 1482 1482 1483 1483 1484 1484 1485 1485 1486 1486 1487 1487 1488 1488 1489 1489 1490 1490 1491 1491 1492 1492 1493 1493 1494 1494 1495 1495 1496 1496 1497 1497 1498 1498 1499 1499 1500 1500 1501 1501 1502 1502 1503 1503 1504 1504 1505 1505 1506 1506 1507 1507 1508 1508 1509 1509 1510 1510 1511 1511 1512 1512 1513 1513 1514 1514 1515 1515 1516 1516 1517 1517 1518 1518 1519 1519 1520 1520 1521 1521 1522 1522 1523 1523 1524 1524 1525 1525 1526 1526 1527 1527 1528 1528 1529 1529 1530 1530 1531 1531 1532 1532 1533 1533 1534 1534 1535 1535 1536 1536 1537 1537 1538 1538 1539 1539 1540 1540 1541 1541 1542 1542 1543 1543 1544 1544 1545 1545 1546 1546 1547 1547 1548 1548 1549 1549 1550 1550 1551 1551 1552 1552 1553 1553 1554 1554 1555 1555 1556 1556 1557 1557 1558 1558 1559 1559 1560 1560 1561 1561 1562 1562 1563 1563 1564 1564 1565 1565 1566 1566 1567 1567 1568 1568 1569 1569 1570 1570 1571 1571 1572 1572 1573 1573 1574 1574 1575 1575 1576 1576 1577 1577 1578 1578 1579 1579 1580 1580 1581 1581 1582 1582 1583 1583 1584 1584 1585 1585 1586 1586 1587 1587 1588 1588 1589 1589 1590 1590 1591 1591 1592 1592 1593 1593 1594 1594 1595 1595 1596 1596 1597 1597 1598 1598 1599 1599 1600 1600 1601 1601 1602 1602 1603 1603 1604 1604 1605 1605 1606 1606 1607 1607 1608 1608 1609 1609 1610 1610 1611 1611 1612 1612 1613 1613 1614 1614 1615 1615 1616 1616 1617 1617 1618 1618 1619 1619 1620 1620 1621 1621 1622 1622 1623 1623 1624 1624 1625 1625 1626 1626 1627 1627 1628 1628 1629 1629 1630 1630 1631 1631 1632 1632 1633 1633 1634 1634 1635 1635 1636 1636 1637 1637 1638 1638 1639 1639 1640 1640 1641 1641 1642 1642 1643 1643 1644 1644 1645 1645 1646 1646 1647 1647 1648 1648 1649 1649 1650 1650 1651 1651 1652 1652 1653 1653 1654 1654 1655 1655 1656 1656 1657 1657 1658 1658 1659 1659 1660 1660 1661 1661 1662 1662 1663 1663 1664 1664 1665 1665 1666 1666 1667 1667 1668 1668 1669 1669 1670 1670 1671 1671 1672 1672 1673 1673 1674 1674 1675 1675 1676 1676 1677 1677 1678 1678 1679 1679 1680 1680 1681 1681 1682 1682 1683 1683 1684 1684 1685 1685 1686 1686 1687 1687 1688 1688 1689 1689 1690 1690 1691 1691 1692 1692 1693 1693 1694 1694 1695 1695 1696 1696 1697 1697 1698 1698 1699 1699 1700 1700 1701 1701 1702 1702 1703 1703 1704 1704 1705 1705 1706 1706 1707 1707 1708 1708 1709 1709 1710 1710 1711 1711 1712 1712 1713 1713 1714 1714 1715 1715 1716 1716 1717 1717 1718 1718 1719 1719 1720 1720 1721 1721 1722 1722 1723 1723 1724 1724 1725 1725 1726 1726 1727 1727 1728 1728 1729 1729 1730 1730 1731 1731 1732 1732 1733 1733 1734 1734 1735 1735 1736 1736 1737 1737 1738 1738 1739 1739 1740 1740 1741 1741 1742 1742 1743 1743 1744 1744 1745 1745 1746 1746 1747 1747 1748 1748 1749 1749 1750 1750 1751 1751 1752 1752 1753 1753 1754 1754 1755 1755 1756 1756 1757 1757 1758 1758 1759 1759 1760 1760 1761 1761 1762 1762 1763 1763 1764 1764 1765 1765 1766 1766 1767 1767 1768 1768 1769 1769 1770 1770 1771 1771 1772 1772 1773 1773 1774 1774 1775 1775 1776 1776 1777 1777 1778 1778 1779 1779 1780 1780 1781 1781 1782 1782 1783 1783 1784 1784 1785 1785 1786 1786 1787 1787 1788 1788 1789 1789 1790 1790 1791 1791 1792 1792 1793 1793 1794 1794 1795 1795 1796 1796 1797 1797 1798 1798 1799 1799 1800 1800 1801 1801 1802 1802 1803 1803 1804 1804 1805 1805 1806 1806 1807 1807 1808 1808 1809 1809 1810 1810 1811 1811 1812 1812 1813 1813 1814 1814 1815 1815 1816 1816 1817 1817 1818 1818 1819 1819 1820 1820 1821 1821 1822 1822 1823 1823 1824 1824 1825 1825 1826 1826 1827 1827 1828 1828 1829 1829 1830 1830 1831 1831 1832 1832 1833 1833 1834 1834 1835 1835 1836 1836 1837 1837 1838 1838 1839 1839 1840 1840 1841 1841 1842 1842 1843 1843 1844 1844 1845 1845 1846 1846 1847 1847 1848 1848 1849 1849 1850 1850 1851 1851 1852 1852 1853 1853 1854 1854 1855 1855 1856 1856 1857 1857 1858 1858 1859 1859 1860 1860 1861 1861 1862 1862 1863 1863 1864 1864 1865 1865 1866 1866 1867 1867 1868 1868 1869 1869 1870 1870 1871 1871 1872 1872 1873 1873 1874 1874 1875 1875 1876 1876 1877 1877 1878 1878 1879 1879 1880 1880 1881 1881 1882 1882 1883 1883 1884 1884 1885 1885 1886 1886 1887 1887 1888 1888 1889 1889 1890 1890 1891 1891 1892 1892 1893 1893 1894 1894 1895 1895 1896 1896 1897 1897 1898 1898 1899 1899 1900 1900 1901 1901 1902 1902 1903 1903 1904 1904 1905 1905 1906 1906 1907 1907 1908 1908 1909 1909 1910 1910 1911 1911 1912 1912 1913 1913 1914 1914 1915 1915 1916 1916 1917 1917 1918 1918 1919 1919 1920 1920 1921 1921 1922 1922 1923 1923 1924 1924 1925 1925 1926 1926 1927 1927 1928 1928 1929 1929 1930 1930 1931 1931 1932 1932 1933 1933 1934 1934 1935 1935 1936 1936 1937 1937 1938 1938 1939 1939 1940 1940 1941 1941 1942 1942 1943 1943 1944 1944 1945 1945 1946 1946 1947 1947 1948 1948 1949 1949 1950 1950 1951 1951 1952 1952 1953 1953 1954 1954 1955 1955 1956 1956 1957 1957 1958 1958 1959 1959 1960 1960 1961 1961 1962 1962 1963 1963 1964 1964 1965 1965 1966 1966 1967 1967 1968 1968 1969 1969 1970 1970 1971 1971 1972 1972 1973 1973 1974 1974 1975 1975 1976 1976 1977 1977 1978 1978 1979 1979 1980 1980 1981 1981 1982 1982 1983 1983 1984 1984 1985 1985 1986 1986 1987 1987 1988 1988 1989 1989 1990 1990 1991 1991 1992 1992 1993 1993 1994 1994 1995 1995 1996 1996 1997 1997 1998 1998 1999 1999 0 
        </DataArray>
        <DataArray type="Int64" Name="offsets" format="ascii">
2 4 6 8 10 12 14 16 18 20 22 24 26 28 30 32 34 36 38 40 42 44 46 48 50 52 54 56 58 60 62 64 66 68 70 72 74 76 78 80 82 84 86 88 90 92 94 96 98 100 102 104 106 108 110 112 114 116 118 120 122 124 126 128 130 132 134 136 138 140 142 144 146 148 150 152 154 156 158 160 162 164 166 168 170 172 174 176 178 180 182 184 186 188 190 192 194 196 198 200 202 204 206 208 210 212 214 216 218 220 222 224 226 228 230 232 234 236 238 240 242 244 246 248 250 252 254 256 258 260 262 264 266 268 270 272 274 276 278 280 282 284 286 288 290 292 294 296 298 300 302 304 306 308 310 312 314 316 318 320 322 324 326 328 330 332 334 336 338 340 342 344 346 348 350 352 354 356 358 360 362 364 366 368 370 372 374 376 378 380 382 384 386 388 390 392 394 396 398 400 402 404 406 408 410 412 414 416 418 420 422 424 426 428 430 432 434 436 438 440 442 444 446 448 450 452 454 456 458 460 462 464 466 468 470 472 474 476 478 480 482 484 486 488 490 492 494 496 498 500 502 504 506 508 510 512 514 516 518 520 522 524 526 528 530 532 534 536 538 540 542 544 546 548 550 552 554 556 558 560 562 564 566 568 570 572 574 576 578 580 582 584 586 588 590 592 594 596 598 600 602 604 606 608 610 612 614 616 618 620 622 624 626 628 630 632 634 636 638 640 642 644 646 648 650 652 654 656 658 660 662 664 666 668 670 672 674 676 678 680 682 684 686 688 690 692 694 696 698 700 702 704 706 708 710 712 714 716 718 720 722 724 726 728 730 732 734 736 738 740 742 744 746 748 750 752 754 756 758 760 762 764 766 768 770 772 774 776 778 780 782 784 786 788 790 792 794 796 798 800 802 804 806 808 810 812 814 816 818 820 822 824 826 828 830 832 834 836 838 840 842 844 846 848 850 852 854 856 858 860 862 864 866 868 870 872 874 876 878 880 882 884 886 888 890 892 894 896 898 900 902 904 906 908 910 912 914 916 918 920 922 924 926 928 930 932 934 936 938 940 942 944 946 948 950 952 954 956 958 960 962 964 966 968 970 972 974 976 978 980 982 984 986 988 990 992 994 996 998 1000 1002 1004 1006 1008 1010 1012 1014 1016 1018 1020 1022 1024 1026 1028 1030 1032 1034 1036 1038 1040 1042 1044 1046 1048 1050 1052 1054 1056 1058 1060 1062 1064 1066 1068 1070 1072 1074 1076 1078 1080 1082 1084 1086 1088 1090 1092 1094 1096 1098 1100 1102 1104 1106 1108 1110 1112 1114 1116 1118 1120 1122 1124 1126 1128 1130 1132 1134 1136 1138 1140 1142 1144 1146 1148 1150 1152 1154 1156 1158 1160 1162 1164 1166 1168 1170 1172 1174 1176 1178 1180 1182 1184 1186 1188 1190 1192 1194 1196 1198 1200 1202 1204 1206 1208 1210 1212 1214 1216 1218 1220 1222 1224 1226 1228 1230 1232 1234 1236 1238 1240 1242 1244 1246 1248 1250 1252 1254 1256 1258 1260 1262 1264 1266 1268 1270 1272 1274 1276 1278 1280 1282 1284 1286 1288 1290 1292 1294 1296 1298 1300 1302 1304 1306 1308 1310 1312 1314 1316 1318 1320 1322 1324 1326 1328 1330 1332 1334 1336 1338 1340 1342 1344 1346 1348 1350 1352 1354 1356 1358 1360 1362 1364 1366 1368 1370 1372 1374 1376 1378 1380 1382 1384 1386 1388 1390 1392 1394 1396 1398 1400 1402 1404 1406 1408 1410 1412 1414 1416 1418 1420 1422 1424 1426 1428 1430 1432 1434 1436 1438 1440 1442 1444 1446 1448 1450 1452 1454 1456 1458 1460 1462 1464 1466 1468 1470 1472 1474 1476 1478 1480 1482 1484 1486 1488 1490 1492 1494 1496 1498 1500 1502 1504 1506 1508 1510 1512 1514 1516 1518 1520 1522 1524 1526 1528 1530 1532 1534 1536 1538 1540 1542 1544 1546 1548 1550 1552 1554 1556 1558 1560 1562 1564 1566 1568 1570 1572 1574 1576 1578 1580 1582 1584 1586 1588 1590 1592 1594 1596 1598 1600 1602 1604 1606 1608 1610 1612 1614 1616 1618 1620 1622 1624 1626 1628 1630 1632 1634 1636 1638 1640 1642 1644 1646 1648 1650 1652 1654 1656 1658 1660 1662 1664 1666 1668 1670 1672 1674 1676 1678 1680 1682 1684 1686 1688 1690 1692 1694 1696 1698 1700 1702 1704 1706 1708 1710 1712 1714 1716 1718 1720 1722 1724 1726 1728 1730 1732 1734 1736 1738 1740 1742 1744 1746 1748 1750 1752 1754 1756 1758 1760 1762 1764 1766 1768 1770 1772 1774 1776 1778 1780 1782 1784 1786 1788 1790 1792 1794 1796 1798 1800 1802 1804 1806 1808 1810 1812 1814 1816 1818 1820 1822 1824 1826 1828 1830 1832 1834 1836 1838 1840 1842 1844 1846 1848 1850 1852 1854 1856 1858 1860 1862 1864 1866 1868 1870 1872 1874 1876 1878 1880 1882 1884 1886 1888 1890 1892 1894 1896 1898 1900 1902 1904 1906 1908 1910 1912 1914 1916 1918 1920 1922 1924 1926 1928 1930 1932 1934 1936 1938 1940 1942 1944 1946 1948 1950 1952 1954 1956 1958 1960 1962 1964 1966 1968 1970 1972 1974 1976 1978 1980 1982 1984 1986 1988 1990 1992 1994 1996 1998 2000 2002 2004 2006 2008 2010 2012 2014 2016 2018 2020 2022 2024 2026 2028 2030 2032 2034 2036 2038 2040 2042 2044 2046 2048 2050 2052 2054 2056 2058 2060 2062 2064 2066 2068 2070 2072 2074 2076 2078 2080 2082 2084 2086 2088 2090 2092 2094 2096 2098 2100 2102 2104 2106 2108 2110 2112 2114 2116 2118 2120 2122 2124 2126 2128 2130 2132 2134 2136 2138 2140 2142 2144 2146 2148 2150 2152 2154 2156 2158 2160 2162 2164 2166 2168 2170 2172 2174 2176 2178 2180 2182 2184 2186 2188 2190 2192 2194 2196 2198 2200 2202 2204 2206 2208 2210 2212 2214 2216 2218 2220 2222 2224 2226 2228 2230 2232 2234 2236 2238 2240 2242 2244 2246 2248 2250 2252 2254 2256 2258 2260 2262 2264 2266 2268 2270 2272 2274 2276 2278 2280 2282 2284 2286 2288 2290 2292 2294 2296 2298 2300 2302 2304 2306 2308 2310 2312 2314 2316 2318 2320 2322 2324 2326 2328 2330 2332 2334 2336 2338 2340 2342 2344 2346 2348 2350 2352 2354 2356 2358 2360 2362 2364 2366 2368 2370 2372 2374 2376 2378 2380 2382 2384 2386 2388 2390 2392 2394 2396 2398 2400 2402 2404 2406 2408 2410 2412 2414 2416 2418 2420 2422 2424 2426 2428 2430 2432 2434 2436 2438 2440 2442 2444 2446 2448 2450 2452 2454 2456 2458 2460 2462 2464 2466 2468 2470 2472 2474 2476 2478 2480 2482 2484 2486 2488 2490 2492 2494 2496 2498 2500 2502 2504 2506 2508 2510 2512 2514 2516 2518 2520 2522 2524 2526 2528 2530 2532 2534 2536 2538 2540 2542 2544 2546 2548 2550 2552 2554 2556 2558 2560 2562 2564 2566 2568 2570 2572 2574 2576 2578 2580 2582 2584 2586 2588 2590 2592 2594 2596 2598 2600 2602 2604 2606 2608 2610 2612 2614 2616 2618 2620 2622 2624 2626 2628 2630 2632 2634 2636 2638 2640 2642 2644 2646 2648 2650 2652 2654 2656 2658 2660 2662 2664 2666 2668 2670 2672 2674 2676 2678 2680 2682 2684 2686 2688 2690 2692 2694 2696 2698 2700 2702 2704 2706 2708 2710 2712 2714 2716 2718 2720 2722 2724 2726 2728 2730 2732 2734 2736 2738 2740 2742 2744 2746 2748 2750 2752 2754 2756 2758 2760 2762 2764 2766 2768 2770 2772 2774 2776 2778 2780 2782 2784 2786 2788 2790 2792 2794 2796 2798 2800 2802 2804 2806 2808 2810 2812 2814 2816 2818 2820 2822 2824 2826 2828 2830 2832 2834 2836 2838 2840 2842 2844 2846 2848 2850 2852 2854 2856 2858 2860 2862 2864 2866 2868 2870 2872 2874 2876 2878 2880 2882 2884 2886 2888 2890 2892 2894 2896 2898 2900 2902 2904 2906 2908 2910 2912 2914 2916 2918 2920 2922 2924 2926 2928 2930 2932 2934 2936 2938 2940 2942 2944 2946 2948 2950 2952 2954 2956 2958 2960 2962 2964 2966 2968 2970 2972 2974 2976 2978 2980 2982 2984 2986 2988 2990 2992 2994 2996 2998 3000 3002 3004 3006 3008 3010 3012 3014 3016 3018 3020 3022 3024 3026 3028 3030 3032 3034 3036 3038 3040 3042 3044 3046 3048 3050 3052 3054 3056 3058 3060 3062 3064 3066 3068 3070 3072 3074 3076 3078 3080 3082 3084 3086 3088 3090 3092 3094 3096 3098 3100 3102 3104 3106 3108 3110 3112 3114 3116 3118 3120 3122 3124 3126 3128 3130 3132 3134 3136 3138 3140 3142 3144 3146 3148 3150 3152 3154 3156 3158 3160 3162 3164 3166 3168 3170 3172 3174 3176 3178 3180 3182 3184 3186 3188 3190 3192 3194 3196 3198 3200 3202 3204 3206 3208 3210 3212 3214 3216 3218 3220 3222 3224 3226 3228 3230 3232 3234 3236 3238 3240 3242 3244 3246 3248 3250 3252 3254 3256 3258 3260 3262 3264 3266 3268 3270 3272 3274 3276 3278 3280 3282 3284 3286 3288 3290 3292 3294 3296 3298 3300 3302 3304 3306 3308 3310 3312 3314 3316 3318 3320 3322 3324 3326 3328 3330 3332 3334 3336 3338 3340 3342 3344 3346 3348 3350 3352 3354 3356 3358 3360 3362 3364 3366 3368 3370 3372 3374 3376 3378 3380 3382 3384 3386 3388 3390 3392 3394 3396 3398 3400 3402 3404 3406 3408 3410 3412 3414 3416 3418 3420 3422 3424 3426 3428 3430 3432 3434 3436 3438 3440 3442 3444 3446 3448 3450 3452 3454 3456 3458 3460 3462 3464 3466 3468 3470 3472 3474 3476 3478 3480 3482 3484 3486 3488 3490 3492 3494 3496 3498 3500 3502 3504 3506 3508 3510 3512 3514 3516 3518 3520 3522 3524 3526 3528 3530 3532 3534 3536 3538 3540 3542 3544 3546 3548 3550 3552 3554 3556 3558 3560 3562 3564 3566 3568 3570 3572 3574 3576 3578 3580 3582 3584 3586 3588 3590 3592 3594 3596 3598 3600 3602 3604 3606 3608 3610 3612 3614 3616 3618 3620 3622 3624 3626 3628 3630 3632 3634 3636 3638 3640 3642 3644 3646 3648 3650 3652 3654 3656 3658 3660 3662 3664 3666 3668 3670 3672 3674 3676 3678 3680 3682 3684 3686 3688 3690 3692 3694 3696 3698 3700 3702 3704 3706 3708 3710 3712 3714 3716 3718 3720 3722 3724 3726 3728 3730 3732 3734 3736 3738 3740 3742 3744 3746 3748 3750 3752 3754 3756 3758 3760 3762 3764 3766 3768 3770 3772 3774 3776 3778 3780 3782 3784 3786 3788 3790 3792 3794 3796 3798 3800 3802 3804 3806 3808 3810 3812 3814 3816 3818 3820 3822 3824 3826 3828 3830 3832 3834 3836 3838 3840 3842 3844 3846 3848 3850 3852 3854 3856 3858 3860 3862 3864 3866 3868 3870 3872 3874 3876 3878 3880 3882 3884 3886 3888 3890 3892 3894 3896 3898 3900 3902 3904 3906 3908 3910 3912 3914 3916 3918 3920 3922 3924 3926 3928 3930 3932 3934 3936 3938 3940 3942 3944 3946 3948 3950 3952 3954 3956 3958 3960 3962 3964 3966 3968 3970 3972 3974 3976 3978 3980 3982 3984 3986 3988 3990 3992 3994 3996 3998 4000 
        </DataArray>
      </Polys>
      <CellData Scalars="Pressure">
        <DataArray type="Float64" Name="Pressure" format="ascii">
784117 781866 779573 777260 774438 771654 768842 766976 765079 763214 760783 758345 755853 754162 752573 751012 748970 746808 744589 742938 741511 740104 739021 738200 737378 736226 734688 733155 731857 730979 730097 728966 727192 727708 725970 724273 722517 718284 716789 715338 713879 711972 710000 708028 706580 705240 703896 702160 700249 698336 696759 695421 694081 692496 690623 691055 689135 687218 685236 680751 678931 677171 675359 673226 671022 668817 667206 665659 664115 662406 660619 661135 659316 657535 655704 651443 649791 648205 646550 644757 642909 641214 640391 639650 640850 639330 637760 636180 631870 629920 627947 626837 626473 626231 625762 626321 625197 622016 621109 620313 619604 619388 619416 619639 621086 623358 625556 621796 608420 593865 578640 573438 569074 565703 565383 561443 557486 547590 546732 546296 545860 544130 548278 546350 540869 539165 537265 535454 533882 532476 533182 531126 529060 526699 519706 516739 513920 511447 512012 509837 504664 502663 500800 499136 497530 498271 496725 492997 491662 490425 489246 488991 491706 491980 491354 494836 499016 503761 509147 514349 520893 523084 513243 500792 485303 471870 457069 447434 411336 399554 388939 393685 382747 387389 392983 399353 404516 413470 418067 416816 418234 419539 420772 421656 422646 423877 425391 426532 429951 430911 428874 430434 432239 434231 436563 439054 441726 444490 446546 450243 451798 453133 451632 453253 457850 456891 458672 460619 462797 465065 467311 469853 472775 475711 479154 481758 484560 487412 492373 498439 501513 504666 495974 484835 467805 448142 437848 430671 426376 429114 435678 442499 449805 456976 461595 465599 469120 472043 473985 475518 477127 478759 480363 481854 483667 485749 487867 490493 492632 495695 499659 503796 509069 513499 510933 516116 498721 482434 469242 460357 459099 461234 465037 470383 475269 480212 484707 488609 492447 497155 501676 505863 509752 513164 516420 519547 522695 525427 527534 529438 531069 532300 533360 534942 534777 534423 535529 535905 537121 537482 538006 538675 535605 536947 534779 533033 529223 527918 522340 520103 522006 522591 523227 525758 525058 524003 522838 521603 520020 518891 517855 516230 515575 515081 515038 514459 513825 513261 512749 512309 511334 510415 509195 507720 505416 504811 500873 496122 491080 483955 478372 477589 472777 468419 465731 464452 464534 467533 468304 471338 474150 476110 478017 479810 479420 477934 476066 475513 470345 459172 442061 385761 296685 202518 97631.4 58578.2 44875.4 34939 29168.9 29878.9 30513.6 31131.2 31682.8 32092.3 33928 32962.5 33628.1 34230.1 34948.9 35561.8 36052 37655.1 38301.9 37582.1 38233.6 39041.7 39710.3 40219 41417.5 42141.5 42875.5 41582.8 42464.2 43281.6 44107.9 45023.5 45806.9 46434.1 49104 50165.8 48467.2 49589.2 50689.9 51671.4 52754.9 54065.4 55267.4 56874.8 57179.2 57329 57545.5 58023.4 60966.9 61645.9 62324.6 62959.9 63622.6 64340.9 65036.8 65666.5 66272.1 66815.6 67333.4 71365.7 65171.6 65190.7 65138.4 66692.7 67637.4 68538.7 69450.3 67638.8 68552.3 69486.5 70479.1 71424.9 72385.5 73381.9 74333 75217.7 76185.3 77033.7 77793 81144.6 82156.1 79902.5 81067.1 82237.9 83389.9 84498.7 85593.1 86629.1 87711.5 88782.4 89789 90741.6 91680.9 92483.2 95036.1 95927.4 96872 97823.1 95152.6 96305.8 97483.8 98768.7 100070 101344 102724 104080 105440 106790 108152 109472 110879 112275 113656 114992 116315 117567 118821 120015 121142 123932 124856 125765 126763 128022 129307 130559 131874 133154 134463 131791 132996 134182 135836 137457 139093 140606 142128 143617 145312 147010 148725 150364 152007 153613 155394 157217 159060 160789 162481 164134 165797 167414 169044 170750 172645 174496 176354 178141 179942 181790 183955 186081 188219 194880 196811 198682 200515 202295 204109 205848 207613 209316 206259 208136 210063 211872 213676 215439 217223 218954 220686 222558 224587 226575 228540 230398 232258 234236 236536 238811 241071 243128 245216 247241 254137 256068 252314 254342 256495 258708 260610 262374 264093 266295 268692 271051 273416 275703 278004 280618 283687 292393 294963 297192 299407 295572 298761 301990 305350 308348 311407 314429 317438 320389 323393 331627 334566 337361 333848 337464 341363 344986 347753 350395 353133 356779 360581 369681 372352 374836 377374 373439 377224 381084 384891 388434 392115 401204 403895 406392 409387 405773 409895 414115 418154 422097 431991 434937 437826 440613 437726 441544 445502 449471 453201 462863 466500 463012 466716 470432 474341 478521 482916 493543 496471 499234 502067 498746 503492 508434 513459 522626 525990 529607 525712 530902 536638 541327 548763 550762 553520 549019 552583 556318 559512 568413 570603 564791 569272 574176 579669 583373 590922 592766 587527 591196 595148 599256 609975 612723 615354 619632 616626 622830 629628 634344 637022 639862 642960 645205 647056 655022 649846 654037 658582 663333 675759 679566 691653 688118 685373 690384 703245 700452 706521 712745 719330 725686 740157 746173 754400 750717 760257 782706 812154 809642 843746 878797 912208 926712 940685 953670 950811 884028 844469 816222 797733 791718 794520 795694 791999 794819 797732 808431 803927 808140 812571 817076 821619 825873 830322 834821 839417 853612 869359 864324 859136 867281 888883 901646 901534 922585 965066 996836 1.01072e+06 1.07611e+06 1.15022e+06 1.2684e+06 1.29723e+06 1.35299e+06 1.36891e+06 1.34555e+06 1.34333e+06 1.31061e+06 1.27199e+06 1.2311e+06 1.18164e+06 1.11809e+06 1.06293e+06 1.01372e+06 979066 959917 941475 935207 941092 940715 933228 937607 954232 960564 972122 968932 983002 1.0145e+06 1.04e+06 1.03963e+06 1.0778e+06 1.15605e+06 1.20653e+06 1.2362e+06 1.2701e+06 1.29852e+06 1.32321e+06 1.34145e+06 1.35386e+06 1.34615e+06 1.33196e+06 1.32039e+06 1.31104e+06 1.30822e+06 1.2993e+06 1.29554e+06 1.29261e+06 1.29629e+06 1.29655e+06 1.29248e+06 1.29387e+06 1.30115e+06 1.30345e+06 1.30562e+06 1.3035e+06 1.30509e+06 1.30698e+06 1.30916e+06 1.31726e+06 1.31462e+06 1.31791e+06 1.32147e+06 1.33139e+06 1.3351e+06 1.33381e+06 1.3376e+06 1.34675e+06 1.35555e+06 1.354e+06 1.3517e+06 1.35625e+06 1.36123e+06 1.36665e+06 1.37828e+06 1.3836e+06 1.38329e+06 1.38848e+06 1.39941e+06 1.40931e+06 1.40927e+06 1.41388e+06 1.41299e+06 1.41758e+06 1.42259e+06 1.43478e+06 1.43972e+06 1.44457e+06 1.44505e+06 1.44949e+06 1.4536e+06 1.45807e+06 1.46274e+06 1.47175e+06 1.47078e+06 1.47471e+06 1.48408e+06 1.49224e+06 1.49139e+06 1.49475e+06 1.49291e+06 1.4961e+06 1.49972e+06 1.51052e+06 1.5147e+06 1.51851e+06 1.51797e+06 1.52108e+06 1.52416e+06 1.52756e+06 1.53699e+06 1.54036e+06 1.54374e+06 1.54293e+06 1.54575e+06 1.54892e+06 1.55248e+06 1.56316e+06 1.5671e+06 1.57125e+06 1.57145e+06 1.57468e+06 1.5781e+06 1.58186e+06 1.59151e+06 1.5953e+06 1.59902e+06 1.5989e+06 1.60202e+06 1.60543e+06 1.60903e+06 1.61354e+06 1.61828e+06 1.62328e+06 1.63205e+06 1.63276e+06 1.63672e+06 1.6408e+06 1.64446e+06 1.64842e+06 1.65256e+06 1.66163e+06 1.66541e+06 1.66946e+06 1.66943e+06 1.67394e+06 1.67835e+06 1.68267e+06 1.68643e+06 1.69041e+06 1.69448e+06 1.70211e+06 1.70165e+06 1.7049e+06 1.70892e+06 1.71333e+06 1.71765e+06 1.72174e+06 1.7254e+06 1.72925e+06 1.73678e+06 1.74011e+06 1.73986e+06 1.74306e+06 1.74713e+06 1.75136e+06 1.75553e+06 1.75943e+06 1.76324e+06 1.76726e+06 1.77488e+06 1.77833e+06 1.78184e+06 1.78282e+06 1.78778e+06 1.7927e+06 1.7974e+06 1.80139e+06 1.80557e+06 1.81009e+06 1.81376e+06 1.81728e+06 1.82069e+06 1.8271e+06 1.83017e+06 1.83134e+06 1.83396e+06 1.83626e+06 1.83874e+06 1.84181e+06 1.84562e+06 1.84948e+06 1.85314e+06 1.8562e+06 1.85929e+06 1.86601e+06 1.86893e+06 1.87201e+06 1.87511e+06 1.87601e+06 1.87978e+06 1.88355e+06 1.88636e+06 1.88898e+06 1.89167e+06 1.89499e+06 1.89857e+06 1.90219e+06 1.90551e+06 1.90867e+06 1.91182e+06 1.91508e+06 1.91831e+06 1.92154e+06 1.92682e+06 1.92945e+06 1.93209e+06 1.93486e+06 1.93543e+06 1.9383e+06 1.9411e+06 1.9442e+06 1.94724e+06 1.95031e+06 1.95277e+06 1.95522e+06 1.95765e+06 1.96056e+06 1.96352e+06 1.96651e+06 1.96889e+06 1.9711e+06 1.97332e+06 1.97594e+06 1.97874e+06 1.98157e+06 1.98406e+06 1.98634e+06 1.98861e+06 1.9911e+06 1.99379e+06 1.99651e+06 1.99891e+06 2.00076e+06 2.00259e+06 2.00667e+06 2.00881e+06 2.01102e+06 2.01319e+06 2.01546e+06 2.01767e+06 2.01993e+06 2.02188e+06 2.02388e+06 2.02582e+06 2.02803e+06 2.03019e+06 2.0324e+06 2.03428e+06 2.03617e+06 2.03801e+06 2.04004e+06 2.04205e+06 2.04411e+06 2.04592e+06 2.0477e+06 2.04943e+06 2.05127e+06 2.05309e+06 2.05495e+06 2.05682e+06 2.05877e+06 2.06067e+06 2.06247e+06 2.06411e+06 2.06579e+06 2.06654e+06 2.06806e+06 2.06954e+06 2.07098e+06 2.07227e+06 2.07358e+06 2.07487e+06 2.07622e+06 2.07756e+06 2.07888e+06 2.07993e+06 2.08099e+06 2.08204e+06 2.08306e+06 2.08406e+06 2.08509e+06 2.08607e+06 2.08707e+06 2.08806e+06 2.08885e+06 2.08959e+06 2.09034e+06 2.09109e+06 2.09185e+06 2.0926e+06 2.09326e+06 2.09384e+06 2.09443e+06 2.09605e+06 2.09665e+06 2.09724e+06 2.09779e+06 2.09833e+06 2.09893e+06 2.09882e+06 2.09888e+06 2.09891e+06 2.09892e+06 2.09906e+06 2.0992e+06 2.09932e+06 2.09934e+06 2.09937e+06 2.0994e+06 2.09943e+06 2.09946e+06 2.09947e+06 2.10066e+06 2.10076e+06 2.10092e+06 2.10029e+06 2.10003e+06 2.09972e+06 2.09945e+06 2.09924e+06 2.09903e+06 2.09877e+06 2.09843e+06 2.09809e+06 2.09778e+06 2.09758e+06 2.09824e+06 2.09801e+06 2.09775e+06 2.09754e+06 2.09739e+06 2.09695e+06 2.09674e+06 2.09649e+06 2.09616e+06 2.0958e+06 2.09543e+06 2.09513e+06 2.09552e+06 2.09532e+06 2.09465e+06 2.09405e+06 2.09338e+06 2.09268e+06 2.09297e+06 2.09326e+06 2.09354e+06 2.09293e+06 2.09203e+06 2.09165e+06 2.0911e+06 2.09063e+06 2.09021e+06 2.08945e+06 2.08849e+06 2.0875e+06 2.08643e+06 2.08575e+06 2.08508e+06 2.08478e+06 2.08347e+06 2.08244e+06 2.08135e+06 2.08031e+06 2.07934e+06 2.07838e+06 2.07738e+06 2.07696e+06 2.07589e+06 2.07483e+06 2.07309e+06 2.07183e+06 2.07051e+06 2.06923e+06 2.06797e+06 2.06672e+06 2.06617e+06 2.06484e+06 2.06351e+06 2.06211e+06 2.05968e+06 2.05811e+06 2.05649e+06 2.05494e+06 2.05433e+06 2.05287e+06 2.0507e+06 2.04919e+06 2.04771e+06 2.04629e+06 2.04503e+06 2.04413e+06 2.04302e+06 2.04211e+06 2.04145e+06 2.04096e+06 2.04063e+06 2.04499e+06 2.05096e+06 2.05624e+06 2.04823e+06 2.03885e+06 2.03127e+06 2.02575e+06 2.02558e+06 2.02275e+06 2.0238e+06 2.00728e+06 2.00241e+06 1.99855e+06 1.99557e+06 2.00116e+06 1.99625e+06 1.99209e+06 1.98737e+06 1.98576e+06 1.9841e+06 1.98556e+06 1.98156e+06 1.98066e+06 1.97968e+06 1.97843e+06 1.97657e+06 1.97637e+06 1.97474e+06 1.97113e+06 1.96948e+06 1.96786e+06 1.9662e+06 1.96609e+06 1.9642e+06 1.96247e+06 1.95774e+06 1.95588e+06 1.95398e+06 1.95483e+06 1.9508e+06 1.94941e+06 1.94803e+06 1.94671e+06 1.94485e+06 1.94454e+06 1.94282e+06 1.93892e+06 1.93727e+06 1.93571e+06 1.93632e+06 1.93313e+06 1.93238e+06 1.93183e+06 1.93146e+06 1.93149e+06 1.93033e+06 1.93061e+06 1.93002e+06 1.93031e+06 1.93617e+06 1.94135e+06 1.9283e+06 1.91592e+06 1.89426e+06 1.86798e+06 1.83878e+06 1.83364e+06 1.83147e+06 1.83235e+06 1.83599e+06 1.839e+06 1.84189e+06 1.84459e+06 1.84678e+06 1.85056e+06 1.85068e+06 1.85059e+06 1.84714e+06 1.8467e+06 1.84908e+06 1.84887e+06 1.84544e+06 1.84473e+06 1.84439e+06 1.84641e+06 1.84565e+06 1.84187e+06 1.84065e+06 1.84199e+06 1.84062e+06 1.83998e+06 1.84281e+06 1.84741e+06 1.84342e+06 1.84114e+06 1.82038e+06 1.79608e+06 1.76938e+06 1.73209e+06 1.7206e+06 1.7138e+06 1.71146e+06 1.73425e+06 1.72466e+06 1.72743e+06 1.73021e+06 1.73895e+06 1.73542e+06 1.73664e+06 1.73773e+06 1.7425e+06 1.73871e+06 1.73834e+06 1.73825e+06 1.73842e+06 1.74226e+06 1.73932e+06 1.73998e+06 1.74093e+06 1.74519e+06 1.74299e+06 1.74354e+06 1.74433e+06 1.74824e+06 1.7493e+06 1.75162e+06 1.75705e+06 1.76713e+06 1.77254e+06 1.75923e+06 1.76481e+06 1.72016e+06 1.65878e+06 1.61037e+06 1.57651e+06 1.56696e+06 1.57154e+06 1.57997e+06 1.59196e+06 1.62451e+06 1.62341e+06 1.63147e+06 1.63789e+06 1.64682e+06 1.64876e+06 1.64532e+06 1.64628e+06 1.65141e+06 1.65059e+06 1.64931e+06 1.64269e+06 1.64226e+06 1.64193e+06 1.6416e+06 1.645e+06 1.63986e+06 1.63823e+06 1.63683e+06 1.6395e+06 1.63818e+06 1.63354e+06 1.63281e+06 1.63317e+06 1.6344e+06 1.63579e+06 1.63739e+06 1.64039e+06 1.64604e+06 1.65409e+06 1.66815e+06 1.66445e+06 1.67819e+06 1.6632e+06 1.61848e+06 1.54592e+06 1.48238e+06 1.42989e+06 1.40397e+06 1.39277e+06 1.38584e+06 1.42672e+06 1.43087e+06 1.43734e+06 1.43218e+06 1.43822e+06 1.44373e+06 1.4481e+06 1.45843e+06 1.45815e+06 1.44985e+06 1.4482e+06 1.44737e+06 1.44717e+06 1.44693e+06 1.44663e+06 1.45044e+06 1.44295e+06 1.44086e+06 1.43917e+06 1.43767e+06 1.4361e+06 1.43441e+06 1.43135e+06 1.42848e+06 1.42611e+06 1.4254e+06 1.42587e+06 1.42622e+06 1.43036e+06 1.42477e+06 1.42282e+06 1.42102e+06 1.42098e+06 1.42199e+06 1.42324e+06 1.42756e+06 1.42925e+06 1.428e+06 1.43058e+06 1.44183e+06 1.45614e+06 1.47278e+06 1.48367e+06 1.47979e+06 1.50597e+06 1.4881e+06 1.40802e+06 1.33186e+06 1.26205e+06 1.22151e+06 1.17626e+06 1.13452e+06 1.06456e+06 1.06262e+06 1.06329e+06 1.07343e+06 1.11958e+06 1.1648e+06 1.20764e+06 1.24322e+06 1.25255e+06 1.25845e+06 1.26072e+06 1.25773e+06 1.25472e+06 1.2517e+06 1.24893e+06 1.24607e+06 1.24807e+06 1.24357e+06 1.232e+06 1.22668e+06 1.22257e+06 1.2189e+06 1.21555e+06 1.21367e+06 1.21281e+06 1.21177e+06 1.21587e+06 1.21054e+06 1.19846e+06 1.193e+06 1.18953e+06 1.18625e+06 1.18328e+06 1.18312e+06 1.18323e+06 1.18323e+06 1.18701e+06 1.18059e+06 1.17444e+06 1.16796e+06 1.15208e+06 1.14371e+06 1.13777e+06 1.13644e+06 1.13507e+06 1.13324e+06 1.12891e+06 1.12457e+06 1.12036e+06 1.12308e+06 1.11738e+06 1.11157e+06 1.10626e+06 1.09444e+06 1.08924e+06 1.08213e+06 1.0741e+06 1.06597e+06 1.06092e+06 1.05886e+06 1.05684e+06 1.054e+06 1.04986e+06 1.04578e+06 1.05055e+06 1.05153e+06 1.0526e+06 1.05369e+06 1.04962e+06 1.04484e+06 1.03092e+06 1.02472e+06 1.01859e+06 1.01235e+06 1.01009e+06 1.0084e+06 1.00662e+06 1.00304e+06 998915 994746 992368 990956 989495 986653 982657 978631 975637 973967 972292 976482 973091 969687 966062 958521 951282 933793 930071 926222 922356 917488 912684 907784 905247 902767 900276 896323 892187 887986 885535 883547 881560 878562 875151 871676 869158 867207 865257 862473 858978 855408 851097 845620 840209 835214 831283 827271 823035 817895 812812 807866 804118 800299 796443 791520 786643 781656 777844 773965 770147 765426 760666 755784 749919 743692 737509 733268 729872 734536 730275 725783 721379 717569 714191 710729 701990 697819 693424 688906 684783 680517 676230 671754 667278 662592 657541 652323 647123 642539 638046 633498 629765 626109 631197 628285 625529 622789 615001 612119 608825 605264 601775 598083 594221 590031 585796 581522 577723 573868 570159 576158 573004 569949 561591 558577 555038 551442 547844 543992 539923 535601 531240 527133 532848 529169 519039 516370 513370 509938 506323 502407 498312 494713 491360 488011 493101 490251 487597 481194 478188 474455 470297 466679 462951 458985 463957 460787 457789 450747 447585 443647 439524 435689 431702 436247 433273 430350 427653 421273 417940 413867 409887 406152 409996 400949 399203 397318 395352 397200 400525 404917 405673 405049 403927 393241 387794 381821 375513 385321 384524 383609 402717 407873 410682 411220 414771 409656 412543 394561 384076 372402 360293 351223 364167 355248 345209 341472 336645 331033 335487 331951 328538 320409 316640 312069 307084 311746 308318 305788 299552 296887 293829 296226 288251 285370 282054 278694 275930 279961 277182 270896 268695 265988 263001 266486 264213 262647 256917 254846 256963 254769 249487 247596 245337 242651 245731 243667 248352 261857 265636 260794 264251 252495 247311 241665 246843 233429 230028 225541 220112 225475 221251 227201 216850 210141 212974 210331 208327 202243 199917 201585 199477 193884 192053 189764 192058 185488 183377 180766 177739 178067 179969 181418 182366 183490 183768 184305 180550 173860 176329 174490 173273 168239 166325 167522 165462 159646 157744 159695 157368 156098 150664 152681 150549 149167 144299 142753 144543 142919 138200 136606 138113 140573 134715 129568 131643 134086 129360 128870 125824 124211 122131 119515 117991 163333 256241 398432 585203 726188 816851 883061 922702 935368 942506 949127 955150 959709 964239 970209 974699 977905 982483 987015 990691 996000 1.00091e+06 1.00559e+06 1.00829e+06 1.01266e+06 1.01561e+06 1.01856e+06 1.02084e+06 1.02382e+06 1.02747e+06 1.03005e+06 1.03111e+06 1.03327e+06 1.03524e+06 1.03907e+06 1.04013e+06 1.04087e+06 1.04142e+06 1.04047e+06 1.0418e+06 1.04227e+06 1.04299e+06 1.04372e+06 1.04303e+06 1.03927e+06 1.04028e+06 1.0353e+06 1.02979e+06 1.02394e+06 1.01796e+06 1.01264e+06 1.01036e+06 1.00976e+06 1.00953e+06 1.00996e+06 1.01037e+06 1.0108e+06 1.01081e+06 1.01059e+06 1.01063e+06 1.01007e+06 1.01063e+06 1.0111e+06 1.01217e+06 1.01274e+06 1.01334e+06 1.01396e+06 1.01421e+06 1.01526e+06 1.01605e+06 1.01716e+06 1.01816e+06 1.01909e+06 1.02001e+06 1.02113e+06 1.0218e+06 1.02269e+06 1.02335e+06 1.02393e+06 1.02445e+06 1.02496e+06 1.0253e+06 1.02566e+06 1.02577e+06 1.02593e+06 1.02605e+06 1.02619e+06 1.02635e+06 1.02633e+06 1.02603e+06 1.02587e+06 1.02542e+06 1.02506e+06 1.02476e+06 1.0245e+06 1.02402e+06 1.02353e+06 1.02303e+06 1.02296e+06 1.02286e+06 1.02282e+06 1.02281e+06 1.02238e+06 1.02224e+06 1.02213e+06 1.02205e+06 1.02329e+06 1.02388e+06 1.02449e+06 1.0249e+06 1.02537e+06 1.02586e+06 1.02649e+06 1.02778e+06 1.02933e+06 1.03051e+06 1.03163e+06 1.03276e+06 1.03414e+06 1.03612e+06 1.03823e+06 1.04042e+06 1.03997e+06 1.04544e+06 1.04692e+06 1.04725e+06 1.04699e+06 1.04652e+06 1.0473e+06 1.04982e+06 1.05272e+06 1.0529e+06 1.05108e+06 1.04707e+06 1.0444e+06 1.04667e+06 1.04881e+06 1.05076e+06 1.05283e+06 1.05473e+06 1.05648e+06 1.05657e+06 1.05766e+06 1.05878e+06 1.05899e+06 1.06047e+06 1.06198e+06 1.06333e+06 1.06424e+06 1.06515e+06 1.06609e+06 1.06676e+06 1.06739e+06 1.06796e+06 1.06853e+06 1.06794e+06 1.06742e+06 1.06501e+06 1.06359e+06 1.06223e+06 1.0605e+06 1.0585e+06 1.05653e+06 1.05449e+06 1.05219e+06 1.04995e+06 1.04751e+06 1.0446e+06 1.0418e+06 1.04133e+06 1.0371e+06 1.03292e+06 1.02876e+06 1.02259e+06 1.01788e+06 1.01329e+06 1.00835e+06 1.00348e+06 998582 993934 989288 984746 979777 974716 969661 965049 960638 956243 954032 948281 942478 936882 931058 925446 919793 911920 907200 902496 897120 891858 886535 882483 878374 874312 869696 865093 860420 856549 852792 849076 844874 840567 836193 832450 828990 825572 821849 817977 814043 810513 807354 804235 801268 798715 796107 793389 790229 787116 
        </DataArray>
        <DataArray type="Float64" Name="Temperature" format="ascii">
1129.72 1128.71 1127.68 1126.65 1125.39 1124.15 1122.89 1122.02 1121.13 1120.26 1119.14 1118.02 1116.88 1116.06 1115.29 1114.53 1113.56 1112.55 1111.51 1110.71 1110.01 1109.33 1108.78 1108.36 1107.94 1107.39 1106.67 1105.98 1105.4 1105.01 1104.63 1104.17 1103.45 1100.81 1100.04 1099.31 1098.58 1098.5 1097.65 1096.83 1096.01 1095.03 1094.02 1093.04 1092.3 1091.63 1090.98 1090.17 1089.31 1088.47 1087.8 1087.26 1086.76 1086.17 1085.5 1085.01 1084.24 1083.52 1082.83 1081.43 1080.58 1079.78 1078.95 1077.95 1076.92 1075.91 1075.1 1074.34 1073.61 1072.78 1071.95 1071.7 1070.74 1069.86 1069.03 1067.18 1066.23 1065.33 1064.39 1063.36 1062.31 1061.37 1060.84 1060.39 1060.51 1059.76 1059.02 1058.32 1056.32 1055.39 1054.44 1053.93 1053.79 1053.71 1053.53 1053.85 1053.35 1051.86 1051.43 1051.05 1050.72 1050.6 1050.6 1050.7 1051.34 1052.17 1053.15 1042.49 1033.41 1024.4 1015.57 1011.28 1007.79 1005.23 1010.19 1007.11 1004.35 998.692 998.415 998.075 997.52 996.389 999.912 998.658 994.544 993.794 992.857 992.041 991.338 990.54 992.751 991.961 990.956 990.008 987.052 986.477 985.776 985.252 988.59 988.296 985.578 986.12 986.555 986.866 987.15 990.527 990.721 988.754 989.295 989.681 989.925 990.424 993.651 994.32 993.889 996.153 998.761 1001.63 1004.61 1007.42 1011.02 1001.99 994.358 986.077 976.871 973.226 963.404 960.209 934.534 926.519 918.82 921.973 913.302 916.01 919.228 922.851 925.229 930.621 932.381 931.039 931.463 931.59 931.423 931.548 931.898 932.286 932.723 932.965 935.17 935.158 933.513 934.438 935.409 936.397 937.738 939.301 940.95 942.632 943.93 946.608 947.401 948.545 947.736 949.041 952.536 951.955 953.751 955.581 957.504 959.487 961.76 964.138 966.701 969.296 973.499 975.807 978.459 980.576 984.908 990.847 994.071 992.247 987.431 981.61 976.23 963.515 958.438 954.917 952.838 955.208 960.248 965.333 970.632 975.738 979.335 982.478 985.269 987.618 989.481 991.111 992.732 994.291 995.864 997.479 999.227 1001.05 1002.85 1005.47 1008.01 1009.74 1012.39 1015.93 1019.69 1022.15 1020.59 1021.92 1009.68 998.32 989.421 983.592 983.582 986.056 989.001 992.32 995.59 999.358 1002.53 1005.01 1007.28 1010.36 1013.1 1015.41 1017.31 1018.21 1018.31 1017.95 1016.74 1015.61 1015.14 1014.85 1014.98 1016.01 1020.29 1024.01 1033.63 1050.41 1066.05 1094.81 1116.8 1152.94 1189.39 1224.95 1252.06 1266.49 1272.15 1275.9 1275.79 1276.26 1275.54 1276.4 1279.81 1280.63 1277.99 1278.09 1270.61 1262.09 1253.15 1244.07 1238.35 1232.62 1227.2 1214.43 1210.91 1209.68 1215.13 1217.88 1223.94 1231.5 1240.78 1249.41 1262.34 1272.05 1276.98 1279.65 1275.38 1271.01 1273.21 1279.81 1287.49 1291.46 1297.13 1304.06 1304.69 1304.34 1304.06 1305 1307.18 1305.77 1313.41 1317.01 1320.62 1323.52 1327.04 1331.07 1332.46 1332.55 1332.52 1331.02 1332.34 1334.19 1336.06 1253.55 1123.06 960.896 708.353 565.609 473.97 407.059 372.35 374.885 377.137 379.295 381.207 382.618 388.483 385.515 387.665 389.601 391.901 393.852 395.404 400.178 402.116 400.09 402.034 404.416 406.383 407.874 411.168 413.147 415.149 411.716 414.122 416.343 418.578 421.045 423.141 424.802 431.282 433.825 429.854 432.55 435.191 437.535 440.097 443.161 445.946 449.501 450.168 450.604 451.066 452.063 458.032 459.455 460.875 462.201 463.581 465.068 466.508 467.808 469.056 470.173 471.235 478.597 467.052 467.071 466.964 469.998 471.845 473.601 475.365 472.12 473.871 475.652 477.536 479.328 481.144 483.017 484.803 486.463 488.258 489.832 491.242 496.859 498.599 495.043 497.025 499.007 500.957 502.823 504.659 506.397 508.202 509.98 511.655 513.232 514.774 516.102 519.94 521.314 522.766 524.222 520.561 522.32 524.113 526.041 527.99 529.893 531.93 533.925 535.924 537.898 539.884 541.805 543.819 545.801 547.761 549.652 551.52 553.288 555.051 556.725 558.315 561.817 563.108 564.377 565.757 567.448 569.172 570.848 572.571 574.246 575.957 573.228 574.792 576.33 578.36 580.348 582.355 584.171 585.993 587.776 589.745 591.706 593.686 595.563 597.439 599.273 601.253 603.256 605.281 607.146 608.943 610.7 612.456 614.149 615.858 617.623 619.549 621.435 623.314 625.097 626.897 628.728 630.819 632.875 634.937 640.976 642.776 644.516 646.186 647.81 649.465 651.021 652.603 654.134 651.54 653.204 654.917 656.497 658.066 659.602 661.135 662.616 664.101 665.684 667.385 669.058 670.696 672.229 673.769 675.39 677.247 679.089 680.912 682.542 684.202 685.81 691.117 692.604 689.744 691.287 692.934 694.635 696.065 697.393 698.692 700.321 702.093 703.845 705.576 707.242 708.928 710.808 712.983 719.096 720.879 722.417 723.957 721.314 723.489 725.705 728.02 730.012 732.052 734.077 736.046 737.98 739.958 745.213 747.084 748.876 746.627 748.89 751.345 753.618 755.311 756.937 758.623 760.81 763.103 768.513 770.079 771.55 773.06 770.682 772.879 775.135 777.331 779.332 781.423 786.523 788.011 789.406 791.06 788.999 791.259 793.59 795.769 797.877 803.151 804.691 806.208 807.685 806.152 808.116 810.166 812.238 814.137 818.99 820.834 819.071 820.898 822.751 824.701 826.733 828.889 833.995 835.394 836.735 838.117 836.496 838.724 841.063 843.452 847.626 849.193 850.864 849.045 851.392 854.008 856.152 859.41 860.316 861.544 859.531 861.097 862.758 864.175 867.995 868.968 866.464 868.362 870.466 872.846 874.451 877.597 878.405 876.191 877.708 879.361 881.096 885.53 886.669 887.782 889.495 888.195 890.707 893.476 895.383 896.43 897.543 898.76 899.619 900.315 903.494 901.353 902.973 904.733 906.576 911.433 912.842 917.574 916.052 914.797 916.633 921.661 920.363 922.638 924.924 927.297 929.504 934.921 936.862 939.901 937.8 940.861 949.325 959.263 956.482 967.364 978.177 988.063 993.245 999.676 1007.15 1009.28 987.061 974.116 964.661 958.125 955.962 956.809 957.23 956.053 956.985 957.986 961.489 960.092 961.479 962.968 964.511 966.029 967.394 968.847 970.34 971.85 976.358 981.126 979.833 978.198 980.813 987.687 991.697 991.645 998.079 1011.07 1020.38 1024.17 1041.39 1060.66 1091.53 1098.28 1109.3 1113.42 1110.68 1110.05 1101.96 1092.18 1081.94 1068.93 1051.92 1036.46 1022.5 1012.07 1006.51 1001.03 999.165 1000.93 1000.81 998.587 999.874 1004.8 1006.79 1010.12 1009.26 1013.43 1022.69 1029.72 1029.69 1039.95 1060.93 1073.87 1080.83 1088.11 1094.82 1100.98 1106.27 1110.86 1109.27 1105.57 1102.66 1100.44 1099.38 1097.44 1096.44 1095.77 1096.44 1096.29 1095.55 1095.89 1097.6 1097.98 1098.22 1098.26 1098.46 1098.81 1099.33 1100.73 1100.51 1101.15 1102.01 1104.25 1104.96 1105 1105.85 1107.86 1108.67 1109.45 1109.53 1110.36 1111.37 1112.64 1115.15 1116.29 1116.59 1117.73 1120.11 1121.11 1122.31 1123.21 1123.56 1124.5 1125.67 1128.45 1129.32 1130.15 1130.95 1131.86 1132.69 1133.68 1134.82 1136.15 1136.32 1137.13 1139.13 1139.39 1140.58 1141.16 1141.32 1141.79 1142.52 1144.91 1145.71 1146.25 1146.7 1147.19 1147.77 1148.54 1150.7 1151.09 1151.6 1152.11 1152.56 1153.18 1154 1156.39 1156.84 1157.5 1158.38 1158.86 1159.52 1160.42 1162.7 1163.05 1163.5 1164.66 1164.98 1165.53 1166.29 1167.21 1168.22 1169.34 1170.18 1171.25 1171.87 1172.71 1173.49 1174.44 1175.54 1176.88 1177.28 1177.9 1179.47 1180.14 1180.94 1181.83 1182.58 1183.48 1184.5 1184.45 1186.08 1186.44 1187.01 1187.75 1188.61 1189.49 1190.27 1191.15 1191.28 1191.75 1193.36 1193.8 1194.42 1195.24 1196.21 1197.22 1198.3 1199.54 1199.65 1199.96 1200.37 1204.25 1204.82 1205.51 1206.29 1207.07 1208.09 1209.4 1210.39 1211.47 1212.67 1212.37 1212.78 1214.58 1214.84 1215.13 1215.57 1216.2 1216.97 1217.83 1218.7 1219.41 1220.17 1220.38 1220.65 1221.03 1221.53 1224.01 1224.42 1224.93 1225.31 1225.71 1226.21 1226.86 1227.58 1228.37 1229.11 1229.81 1230.55 1231.33 1232.08 1232.88 1231.78 1232.05 1232.4 1232.82 1236.11 1236.37 1236.67 1237 1237.37 1237.79 1238.11 1238.47 1238.86 1239.35 1239.87 1240.42 1240.86 1241.29 1241.73 1242.25 1242.81 1243.39 1243.9 1244.38 1244.87 1245.4 1245.97 1246.55 1247.08 1247.51 1247.95 1245.89 1246.18 1246.5 1246.83 1247.16 1247.49 1247.84 1248.14 1248.46 1248.79 1249.15 1249.53 1249.92 1250.25 1250.58 1250.92 1251.3 1251.68 1252.09 1252.43 1252.78 1253.14 1253.52 1253.9 1254.31 1254.72 1255.16 1255.6 1256.03 1256.45 1256.9 1260.87 1261.11 1261.35 1261.55 1261.68 1261.82 1261.94 1262.05 1262.16 1262.27 1262.29 1262.33 1262.38 1262.38 1262.41 1262.47 1262.49 1262.55 1262.64 1262.7 1262.79 1262.94 1263.09 1263.29 1263.56 1263.86 1264.2 1264.63 1260.38 1260.7 1261.1 1261.51 1261.93 1262.43 1265.19 1265.03 1264.9 1264.8 1264.74 1264.72 1264.75 1264.75 1264.83 1264.99 1265.15 1265.4 1265.75 1262.58 1262.76 1263.07 1265.93 1265.88 1265.85 1265.88 1265.97 1266.07 1266.18 1266.31 1266.43 1266.56 1266.74 1265.95 1266.1 1266.3 1266.59 1266.99 1267.34 1267.54 1267.74 1267.84 1267.93 1268.1 1268.38 1267.49 1267.74 1269.28 1269.16 1269.07 1269.01 1268.83 1268.86 1269.1 1269.03 1269.15 1265.63 1265.49 1265.69 1266.28 1266.14 1265.44 1265.13 1265.2 1265.25 1265.67 1261.88 1264.65 1263.99 1263.59 1263.27 1263.03 1263.11 1263.46 1259.51 1259.78 1260.15 1260.93 1260.22 1259.83 1259.57 1259.49 1259.81 1257.05 1257.35 1258.04 1257.56 1257.16 1257.01 1257.31 1257.75 1255.24 1255.73 1256.08 1255.54 1255.37 1255.57 1255.82 1253.8 1254.3 1254.93 1254.6 1254.63 1255.03 1255.24 1252.05 1253.06 1249.09 1246.07 1243.92 1242.71 1242.71 1242.93 1243.95 1241.27 1240.41 1239.86 1239.61 1240.07 1239.68 1239.68 1238.67 1238.45 1238.46 1238.2 1238.48 1238.31 1238.2 1238.08 1237.92 1237.25 1237.26 1237.48 1237.26 1237.27 1237.5 1236.26 1236.42 1236.61 1235.67 1235.31 1235.26 1234.72 1234.95 1234.66 1234.55 1234.63 1234.53 1233.58 1233.82 1233.05 1232.7 1232.67 1232.27 1232.51 1232.33 1232.39 1232.69 1232.05 1232.32 1230.68 1232.15 1232.78 1233.58 1235.33 1232.42 1225.49 1221.01 1219.02 1212.78 1212.54 1212.67 1213.17 1214.03 1214.79 1215.49 1216.13 1216.63 1217.38 1217.68 1217.79 1217.22 1217.22 1217.66 1217.94 1217.34 1217.22 1217.3 1217.68 1217.57 1216.99 1216.83 1217.05 1216.01 1216.45 1216.78 1217.83 1216.29 1214.33 1209.64 1204.96 1201.46 1194.28 1192.21 1191.08 1190.85 1195.33 1193.62 1194.24 1194.92 1196.6 1196.11 1196.37 1196.68 1197.61 1197.08 1197 1197.05 1197.21 1197.92 1197.47 1197.62 1197.89 1198.73 1198.44 1198.58 1198.82 1199.65 1199.53 1200.33 1201.34 1203 1204.2 1201.36 1202.29 1192.32 1177.88 1166.79 1159.39 1157.66 1159.44 1161.71 1164.39 1172.32 1171.48 1173.35 1174.74 1177.08 1177.61 1176.74 1177.06 1178.41 1178.37 1178.32 1176.87 1176.92 1176.96 1176.96 1177.94 1176.75 1176.54 1176.35 1177.13 1176.97 1176 1175.99 1176.18 1176.53 1176.9 1177.3 1177.98 1179.24 1181 1184.11 1183.68 1188.97 1187.03 1177.06 1159.43 1144.45 1132.6 1127.53 1125.26 1123.93 1134.1 1135.1 1136.56 1135.42 1136.81 1138.07 1139.08 1141.42 1141.35 1139.53 1139.16 1138.98 1138.94 1138.9 1138.85 1139.66 1138.02 1137.55 1137.18 1136.84 1136.49 1136.12 1135.43 1134.76 1134.23 1134.07 1134.17 1134.26 1135.15 1133.94 1133.49 1133.09 1133.08 1133.31 1133.61 1134.44 1134.78 1134.65 1135.2 1137.73 1140.97 1144.76 1147.16 1148.62 1159.8 1157.17 1135.88 1116.22 1098.81 1090.34 1077.96 1066.7 1048.29 1047.61 1047.72 1050.51 1063.23 1075.62 1087.3 1095.99 1098.15 1100.13 1100.58 1099.76 1099 1098.25 1097.57 1096.88 1096.96 1095.79 1093.38 1091.99 1090.9 1089.95 1089.11 1088.65 1088.46 1088.24 1088.95 1087.55 1084.91 1083.47 1082.53 1081.68 1080.92 1080.9 1080.97 1081.02 1081.75 1080.01 1078.38 1076.69 1072.83 1070.59 1069.02 1068.65 1068.3 1067.83 1066.7 1065.57 1064.49 1065.03 1063.48 1061.91 1060.47 1057.46 1056.03 1054.06 1051.83 1049.59 1048.2 1047.63 1047.08 1046.31 1045.17 1044.06 1045.27 1045.52 1045.8 1046.11 1044.95 1043.6 1039.91 1038.11 1036.34 1034.55 1033.89 1033.4 1032.89 1031.86 1030.67 1029.46 1028.78 1028.38 1027.97 1027.14 1025.97 1024.8 1023.93 1023.45 1022.98 1024.1 1023.09 1022.07 1020.99 1018.71 1016.52 1011.34 1010.18 1008.98 1007.78 1006.25 1004.74 1003.21 1002.4 1001.62 1000.83 999.57 998.253 996.916 996.131 995.491 994.852 993.885 992.784 991.662 990.847 990.212 989.578 988.669 987.526 986.359 984.939 983.125 981.332 979.671 978.349 977.001 975.573 973.827 972.1 970.418 969.13 967.819 966.492 964.784 963.091 961.36 960.023 958.662 957.323 955.65 953.962 952.23 950.122 947.879 945.65 944.111 942.873 944.364 942.807 941.161 939.547 938.142 936.891 935.609 932.427 930.831 929.149 927.414 925.818 924.166 922.501 920.746 918.992 917.152 915.151 913.083 911.02 909.183 907.382 905.558 904.051 902.574 904.512 903.329 902.211 901.101 897.969 896.752 895.363 893.856 892.372 890.803 889.157 887.364 885.553 883.724 882.092 880.437 878.844 881.325 879.961 878.64 875.027 873.667 872.073 870.445 868.812 867.066 865.215 863.247 861.262 859.387 861.895 860.207 855.602 854.326 852.892 851.252 849.517 847.637 845.674 843.942 842.328 840.717 843.056 841.679 840.399 837.276 835.756 833.877 831.788 829.96 828.079 826.082 828.486 826.881 825.364 821.763 820.094 818.021 815.851 813.826 811.724 814.028 812.458 810.917 809.492 806.033 804.198 801.964 799.777 797.721 799.751 794.812 793.822 792.755 791.646 792.881 795.052 797.913 798.076 797.792 797.211 791.183 788.027 784.569 780.917 786.451 786.059 785.665 783.329 783.689 783.697 783.35 784 787.938 788.61 777.875 772.945 766.875 760.093 754.836 763.818 758.408 752.146 750.06 747.113 743.515 747.154 744.724 742.225 737.07 734.732 731.784 728.485 731.912 729.514 727.771 723.56 721.778 719.671 721.523 715.773 713.731 711.36 708.965 707.004 710.05 708.047 703.42 701.814 699.812 697.587 700.3 698.57 697.405 693.049 691.486 693.148 691.491 687.365 685.89 684.114 681.992 684.754 683.181 684.182 686.15 687.783 689.077 691.049 681.721 678.332 674.247 679.325 667.968 665.363 661.742 657.221 662.459 658.833 664.999 655.346 649.308 652.185 649.704 647.938 642.492 640.461 642.121 640.274 635.051 633.383 631.262 633.556 627.217 625.205 622.709 619.81 619.518 620.534 621.355 621.953 622.699 624.036 625.563 621.359 615.028 617.651 615.884 614.736 609.719 607.804 608.989 606.854 600.723 598.715 600.767 598.297 596.91 590.92 593.165 590.824 589.282 583.745 581.986 584.02 582.155 576.65 574.786 576.532 579.431 572.448 566.172 568.694 571.67 565.898 565.284 561.487 559.375 556.639 553.191 551.998 612.501 716.852 866.293 1055.89 1147.84 1187.34 1215.98 1232.84 1231.77 1235.22 1235.45 1236.24 1234.89 1235.22 1236.82 1237.09 1236.16 1236.24 1236.17 1236.02 1235.9 1235.69 1235.37 1234.86 1235.44 1236.1 1236.9 1237.56 1238.78 1240.82 1242.36 1243.47 1245.31 1247.11 1249.9 1251.21 1252.15 1252.8 1252.49 1252.51 1250.81 1250.47 1252.33 1260.33 1277.13 1310.92 1317.7 1317.67 1316.88 1315.37 1310.47 1294.25 1286.97 1282.33 1280.83 1278.31 1274.7 1271.14 1267.51 1263.79 1260.55 1259.33 1259.84 1254.59 1254.89 1254.69 1253.57 1254.12 1252.69 1251.32 1251.47 1251.68 1252.2 1252.7 1253.62 1254.4 1254.44 1255.01 1255.52 1256.08 1256.64 1258.16 1259.21 1258.17 1258.83 1259.55 1260.21 1260.69 1262.23 1262.85 1261.69 1262.02 1262.48 1262.72 1262.69 1262.96 1263.39 1263.48 1261.74 1262.03 1262.03 1261.73 1261.22 1261.77 1262.11 1262.2 1260.09 1260.55 1260.76 1260.8 1260.52 1259.93 1261.38 1261.92 1259.75 1260.2 1260.46 1260.47 1260.43 1260.78 1261.1 1261.4 1263.52 1263.18 1264.06 1266.45 1268.41 1269.09 1270.8 1274.46 1278.03 1273.31 1271.62 1272.28 1269.7 1268.55 1267.41 1266.3 1265.68 1265.26 1264.9 1262.11 1261.62 1261.11 1261.92 1261.62 1261.29 1260.91 1260.36 1259.84 1259.33 1259.04 1258.79 1258.57 1256.98 1256.21 1255.37 1255.76 1254.71 1253.63 1252.37 1251.02 1249.67 1248.34 1247.01 1245.75 1244.49 1243.2 1241.99 1239.67 1237.64 1235.58 1233.48 1233.44 1231.25 1229.12 1226.85 1224.64 1222.45 1220.37 1218.3 1216.31 1214.17 1212.02 1209.91 1208 1206.22 1204.47 1201.12 1198.56 1195.97 1193.47 1190.85 1188.34 1185.83 1185.82 1183.65 1181.5 1179.11 1176.78 1174.44 1172.58 1170.72 1168.9 1166.87 1164.86 1162.83 1161.12 1159.46 1157.83 1156.01 1154.16 1152.29 1150.67 1149.17 1147.69 1146.09 1144.43 1142.75 1141.24 1139.87 1138.52 1137.23 1136.1 1134.96 1133.77 1132.39 1131.03 
        </DataArray>
        <DataArray type="Float64" Name="Tau1" format="ascii">
0 0 0 0 0 0 0 0 0 0 0 0 0 0 0 0 0 0 0 0 0 0 0 0 0 0 0 0 0 0 0 0 0 0 0 0 0 0 0 0 0 0 0 0 0 0 0 0 0 0 0 0 0 0 0 0 0 0 0 0 0 0 0 0 0 0 0 0 0 0 0 0 0 0 0 0 0 0 0 0 0 0 0 0 0 0 0 0 0 0 0 0 0 0 0 0 0 0 0 0 0 0 0 0 0 0 0 0 0 0 0 0 0 0 0 0 0 0 0 0 0 0 0 0 0 0 0 0 0 0 0 0 0 0 0 0 0 0 0 0 0 0 0 0 0 0 0 0 0 0 0 0 0 0 0 0 0 0 0 0 0 0 0 0 0 0 0 0 0 0 0 0 0 0 0 0 0 0 0 0 0 0 0 0 0 0 0 0 0 0 0 0 0 0 0 0 0 0 0 0 0 0 0 0 0 0 0 0 0 0 0 0 0 0 0 0 0 0 0 0 0 0 0 0 0 0 0 0 0 0 0 0 0 0 0 0 0 0 0 0 0 0 0 0 0 0 0 0 0 0 0 0 0 0 0 0 0 0 0 0 0 0 0 0 0 0 0 0 0 0 0 0 0 0 0 0 0 0 0 0 0 0 0 0 0 0 0 0 0 0 0 0 0 0 0 0 0 0 0 0 0 0 0 0 0 0 0 0 0 0 0 0 0 0 0 0 0 0 0 0 0 0 0 0 0 0 0 0 0 0 0 0 0 0 0 0 0 0 0 0 0 0 0 0 0 0 0 0 0 0 0 0 0 0 0 0 0 0 0 0 0 0 0 0 0 0 0 0 0 0 0 0 0 0 0 0 0 0 0 0 0 0 0 0 0 0 0 0 0 0 0 0 0 0 0 0 0 0 0 0 0 0 0 0 0 0 0 0 0 0 0 0 0 0 0 0 0 0 0 0 0 0 0 0 0 0 0 0 0 0 0 0 0 0 0 0 0 0 0 0 0 0 0 0 0 0 0 0 0 0 0 0 0 0 0 0 0 0 0 0 0 0 0 0 0 0 0 0 0 0 0 0 0 0 0 0 0 0 0 0 0 0 0 0 0 0 0 0 0 0 0 0 0 0 0 0 0 0 0 0 0 0 0 0 0 0 0 0 0 0 0 0 0 0 0 0 0 0 0 0 0 0 0 0 0 0 0 0 0 0 0 0 0 0 0 0 0 0 0 0 0 0 0 0 0 0 0 0 0 0 0 0 0 0 0 0 0 0 0 0 0 0 0 0 0 0 0 0 0 0 0 0 0 0 0 0 0 0 0 0 0 0 0 0 0 0 0 0 0 0 0 0 0 0 0 0 0 0 0 0 0 0 0 0 0 0 0 0 0 0 0 0 0 0 0 0 0 0 0 0 0 0 0 0 0 0 0 0 0 0 0 0 0 0 0 0 0 0 0 0 0 0 0 0 0 0 0 0 0 0 0 0 0 0 0 0 0 0 0 0 0 0 0 0 0 0 0 0 0 0 0 0 0 0 0 0 0 0 0 0 0 0 0 0 0 0 0 0 0 0 0 0 0 0 0 0 0 0 0 0 0 0 0 0 0 0 0 0 0 0 0 0 0 0 0 0 0 0 0 0 0 0 0 0 0 0 0 0 0 0 0 0 0 0 0 0 0 0 0 0 0 0 0 0 0 0 0 0 0 0 0 0 0 0 0 0 0 0 0 0 0 0 0 0 0 0 0 0 0 0 0 0 0 0 0 0 0 0 0 0 0 0 0 0 0 0 0 0 0 0 0 0 0 0 0 0 0 0 0 0 0 0 0 0 0 0 0 0 0 0 0 0 0 0 0 0 0 0 0 0 0 0 0 0 0 0 0 0 0 0 0 0 0 0 0 0 0 0 0 0 0 0 0 0 0 0 0 0 0 0 0 0 0 0 0 0 0 0 0 0 0 0 0 0 0 0 0 0 0 0 0 0 0 0 0 0 0 0 0 0 0 0 0 0 0 0 0 0 0 0 0 0 0 0 0 0 0 0 0 0 0 0 0 0 0 0 0 0 0 0 0 0 0 0 0 0 0 0 0 0 0 0 0 0 0 0 0 0 0 0 0 0 0 0 0 0 0 0 0 0 0 0 0 0 0 0 0 0 0 0 0 0 0 0 0 0 0 0 0 0 0 0 0 0 0 0 0 0 0 0 0 0 0 0 0 0 0 0 0 0 0 0 0 0 0 0 0 0 0 0 0 0 0 0 0 0 0 0 0 0 0 0 0 0 0 0 0 0 0 0 0 0 0 0 0 0 0 0 0 0 0 0 0 0 0 0 0 0 0 0 0 0 0 0 0 0 0 0 0 0 0 0 0 0 0 0 0 0 0 0 0 0 0 0 0 0 0 0 0 0 0 0 0 0 0 0 0 0 0 0 0 0 0 0 0 0 0 0 0 0 0 0 0 0 0 0 0 0 0 0 0 0 0 0 0 0 0 0 0 0 0 0 0 0 0 0 0 0 0 0 0 0 0 0 0 0 0 0 0 0 0 0 0 0 0 0 0 0 0 0 0 0 0 0 0 0 0 0 0 0 0 0 0 0 0 0 0 0 0 0 0 0 0 0 0 0 0 0 0 0 0 0 0 0 0 0 0 0 0 0 0 0 0 0 0 0 0 0 0 0 0 0 0 0 0 0 0 0 0 0 0 0 0 0 0 0 0 0 0 0 0 0 0 0 0 0 0 0 0 0 0 0 0 0 0 0 0 0 0 0 0 0 0 0 0 0 0 0 0 0 0 0 0 0 0 0 0 0 0 0 0 0 0 0 0 0 0 0 0 0 0 0 0 0 0 0 0 0 0 0 0 0 0 0 0 0 0 0 0 0 0 0 0 0 0 0 0 0 0 0 0 0 0 0 0 0 0 0 0 0 0 0 0 0 0 0 0 0 0 0 0 0 0 0 0 0 0 0 0 0 0 0 0 0 0 0 0 0 0 0 0 0 0 0 0 0 0 0 0 0 0 0 0 0 0 0 0 0 0 0 0 0 0 0 0 0 0 0 0 0 0 0 0 0 0 0 0 0 0 0 0 0 0 0 0 0 0 0 0 0 0 0 0 0 0 0 0 0 0 0 0 0 0 0 0 0 0 0 0 0 0 0 0 0 0 0 0 0 0 0 0 0 0 0 0 0 0 0 0 0 0 0 0 0 0 0 0 0 0 0 0 0 0 0 0 0 0 0 0 0 0 0 0 0 0 0 0 0 0 0 0 0 0 0 0 0 0 0 0 0 0 0 0 0 0 0 0 0 0 0 0 0 0 0 0 0 0 0 0 0 0 0 0 0 0 0 0 0 0 0 0 0 0 0 0 0 0 0 0 0 0 0 0 0 0 0 0 0 0 0 0 0 0 0 0 0 0 0 0 0 0 0 0 0 0 0 0 0 0 0 0 0 0 0 0 0 0 0 0 0 0 0 0 0 0 0 0 0 0 0 0 0 0 0 0 0 0 0 0 0 0 0 0 0 0 0 0 0 0 0 0 0 0 0 0 0 0 0 0 0 0 0 0 0 0 0 0 0 0 0 0 0 0 0 0 0 0 0 0 0 0 0 0 0 0 0 0 0 0 0 0 0 0 0 0 0 0 0 0 0 0 0 0 0 0 0 0 0 0 0 0 0 0 0 0 0 0 0 0 0 0 0 0 0 0 0 0 0 0 0 0 0 0 0 0 0 0 0 0 0 0 0 0 0 0 0 0 0 0 0 0 0 0 0 0 0 0 0 0 0 0 0 0 0 0 0 0 0 0 0 0 0 0 0 0 0 0 0 0 0 0 0 0 0 0 0 0 0 0 0 0 0 0 0 0 0 0 0 0 0 0 0 0 0 0 0 0 0 0 0 0 0 0 0 0 0 0 0 0 0 0 0 0 0 0 0 0 0 0 0 0 0 0 0 0 0 0 0 0 0 0 0 0 0 0 0 0 0 0 0 0 0 0 0 0 0 0 0 0 0 0 0 0 0 0 0 0 0 0 0 0 0 0 0 0 0 0 0 0 0 0 0 0 0 0 0 0 0 0 0 0 0 0 0 0 0 0 0 0 0 0 0 0 0 0 0 0 0 0 0 0 0 0 0 0 0 0 0 0 0 0 0 0 0 0 0 0 0 0 0 0 0 0 0 0 0 0 0 0 0 0 0 0 0 0 0 0 0 0 0 0 0 0 0 0 0 0 0 0 0 0 0 0 0 0 0 0 0 0 0 0 0 0 0 0 0 0 0 0 0 0 0 0 0 0 0 0 0 0 0 0 0 0 0 0 0 0 0 0 0 0 0 0 0 0 0 0 0 0 0 0 0 0 0 0 0 0 0 0 0 0 0 0 0 0 0 0 0 0 0 0 0 0 0 0 0 0 0 0 0 0 0 0 0 0 0 0 0 0 0 0 0 0 0 0 0 0 0 0 0 0 0 0 0 0 0 0 0 0 0 0 0 0 0 0 0 0 0 0 0 0 0 0 0 0 0 0 0 0 0 
        </DataArray>
        <DataArray type="Float64" Name="Tau2" format="ascii">
0 0 0 0 0 0 0 0 0 0 0 0 0 0 0 0 0 0 0 0 0 0 0 0 0 0 0 0 0 0 0 0 0 0 0 0 0 0 0 0 0 0 0 0 0 0 0 0 0 0 0 0 0 0 0 0 0 0 0 0 0 0 0 0 0 0 0 0 0 0 0 0 0 0 0 0 0 0 0 0 0 0 0 0 0 0 0 0 0 0 0 0 0 0 0 0 0 0 0 0 0 0 0 0 0 0 0 0 0 0 0 0 0 0 0 0 0 0 0 0 0 0 0 0 0 0 0 0 0 0 0 0 0 0 0 0 0 0 0 0 0 0 0 0 0 0 0 0 0 0 0 0 0 0 0 0 0 0 0 0 0 0 0 0 0 0 0 0 0 0 0 0 0 0 0 0 0 0 0 0 0 0 0 0 0 0 0 0 0 0 0 0 0 0 0 0 0 0 0 0 0 0 0 0 0 0 0 0 0 0 0 0 0 0 0 0 0 0 0 0 0 0 0 0 0 0 0 0 0 0 0 0 0 0 0 0 0 0 0 0 0 0 0 0 0 0 0 0 0 0 0 0 0 0 0 0 0 0 0 0 0 0 0 0 0 0 0 0 0 0 0 0 0 0 0 0 0 0 0 0 0 0 0 0 0 0 0 0 0 0 0 0 0 0 0 0 0 0 0 0 0 0 0 0 0 0 0 0 0 0 0 0 0 0 0 0 0 0 0 0 0 0 0 0 0 0 0 0 0 0 0 0 0 0 0 0 0 0 0 0 0 0 0 0 0 0 0 0 0 0 0 0 0 0 0 0 0 0 0 0 0 0 0 0 0 0 0 0 0 0 0 0 0 0 0 0 0 0 0 0 0 0 0 0 0 0 0 0 0 0 0 0 0 0 0 0 0 0 0 0 0 0 0 0 0 0 0 0 0 0 0 0 0 0 0 0 0 0 0 0 0 0 0 0 0 0 0 0 0 0 0 0 0 0 0 0 0 0 0 0 0 0 0 0 0 0 0 0 0 0 0 0 0 0 0 0 0 0 0 0 0 0 0 0 0 0 0 0 0 0 0 0 0 0 0 0 0 0 0 0 0 0 0 0 0 0 0 0 0 0 0 0 0 0 0 0 0 0 0 0 0 0 0 0 0 0 0 0 0 0 0 0 0 0 0 0 0 0 0 0 0 0 0 0 0 0 0 0 0 0 0 0 0 0 0 0 0 0 0 0 0 0 0 0 0 0 0 0 0 0 0 0 0 0 0 0 0 0 0 0 0 0 0 0 0 0 0 0 0 0 0 0 0 0 0 0 0 0 0 0 0 0 0 0 0 0 0 0 0 0 0 0 0 0 0 0 0 0 0 0 0 0 0 0 0 0 0 0 0 0 0 0 0 0 0 0 0 0 0 0 0 0 0 0 0 0 0 0 0 0 0 0 0 0 0 0 0 0 0 0 0 0 0 0 0 0 0 0 0 0 0 0 0 0 0 0 0 0 0 0 0 0 0 0 0 0 0 0 0 0 0 0 0 0 0 0 0 0 0 0 0 0 0 0 0 0 0 0 0 0 0 0 0 0 0 0 0 0 0 0 0 0 0 0 0 0 0 0 0 0 0 0 0 0 0 0 0 0 0 0 0 0 0 0 0 0 0 0 0 0 0 0 0 0 0 0 0 0 0 0 0 0 0 0 0 0 0 0 0 0 0 0 0 0 0 0 0 0 0 0 0 0 0 0 0 0 0 0 0 0 0 0 0 0 0 0 0 0 0 0 0 0 0 0 0 0 0 0 0 0 0 0 0 0 0 0 0 0 0 0 0 0 0 0 0 0 0 0 0 0 0 0 0 0 0 0 0 0 0 0 0 0 0 0 0 0 0 0 0 0 0 0 0 0 0 0 0 0 0 0 0 0 0 0 0 0 0 0 0 0 0 0 0 0 0 0 0 0 0 0 0 0 0 0 0 0 0 0 0 0 0 0 0 0 0 0 0 0 0 0 0 0 0 0 0 0 0 0 0 0 0 0 0 0 0 0 0 0 0 0 0 0 0 0 0 0 0 0 0 0 0 0 0 0 0 0 0 0 0 0 0 0 0 0 0 0 0 0 0 0 0 0 0 0 0 0 0 0 0 0 0 0 0 0 0 0 0 0 0 0 0 0 0 0 0 0 0 0 0 0 0 0 0 0 0 0 0 0 0 0 0 0 0 0 0 0 0 0 0 0 0 0 0 0 0 0 0 0 0 0 0 0 0 0 0 0 0 0 0 0 0 0 0 0 0 0 0 0 0 0 0 0 0 0 0 0 0 0 0 0 0 0 0 0 0 0 0 0 0 0 0 0 0 0 0 0 0 0 0 0 0 0 0 0 0 0 0 0 0 0 0 0 0 0 0 0 0 0 0 0 0 0 0 0 0 0 0 0 0 0 0 0 0 0 0 0 0 0 0 0 0 0 0 0 0 0 0 0 0 0 0 0 0 0 0 0 0 0 0 0 0 0 0 0 0 0 0 0 0 0 0 0 0 0 0 0 0 0 0 0 0 0 0 0 0 0 0 0 0 0 0 0 0 0 0 0 0 0 0 0 0 0 0 0 0 0 0 0 0 0 0 0 0 0 0 0 0 0 0 0 0 0 0 0 0 0 0 0 0 0 0 0 0 0 0 0 0 0 0 0 0 0 0 0 0 0 0 0 0 0 0 0 0 0 0 0 0 0 0 0 0 0 0 0 0 0 0 0 0 0 0 0 0 0 0 0 0 0 0 0 0 0 0 0 0 0 0 0 0 0 0 0 0 0 0 0 0 0 0 0 0 0 0 0 0 0 0 0 0 0 0 0 0 0 0 0 0 0 0 0 0 0 0 0 0 0 0 0 0 0 0 0 0 0 0 0 0 0 0 0 0 0 0 0 0 0 0 0 0 0 0 0 0 0 0 0 0 0 0 0 0 0 0 0 0 0 0 0 0 0 0 0 0 0 0 0 0 0 0 0 0 0 0 0 0 0 0 0 0 0 0 0 0 0 0 0 0 0 0 0 0 0 0 0 0 0 0 0 0 0 0 0 0 0 0 0 0 0 0 0 0 0 0 0 0 0 0 0 0 0 0 0 0 0 0 0 0 0 0 0 0 0 0 0 0 0 0 0 0 0 0 0 0 0 0 0 0 0 0 0 0 0 0 0 0 0 0 0 0 0 0 0 0 0 0 0 0 0 0 0 0 0 0 0 0 0 0 0 0 0 0 0 0 0 0 0 0 0 0 0 0 0 0 0 0 0 0 0 0 0 0 0 0 0 0 0 0 0 0 0 0 0 0 0 0 0 0 0 0 0 0 0 0 0 0 0 0 0 0 0 0 0 0 0 0 0 0 0 0 0 0 0 0 0 0 0 0 0 0 0 0 0 0 0 0 0 0 0 0 0 0 0 0 0 0 0 0 0 0 0 0 0 0 0 0 0 0 0 0 0 0 0 0 0 0 0 0 0 0 0 0 0 0 0 0 0 0 0 0 0 0 0 0 0 0 0 0 0 0 0 0 0 0 0 0 0 0 0 0 0 0 0 0 0 0 0 0 0 0 0 0 0 0 0 0 0 0 0 0 0 0 0 0 0 0 0 0 0 0 0 0 0 0 0 0 0 0 0 0 0 0 0 0 0 0 0 0 0 0 0 0 0 0 0 0 0 0 0 0 0 0 0 0 0 0 0 0 0 0 0 0 0 0 0 0 0 0 0 0 0 0 0 0 0 0 0 0 0 0 0 0 0 0 0 0 0 0 0 0 0 0 0 0 0 0 0 0 0 0 0 0 0 0 0 0 0 0 0 0 0 0 0 0 0 0 0 0 0 0 0 0 0 0 0 0 0 0 0 0 0 0 0 0 0 0 0 0 0 0 0 0 0 0 0 0 0 0 0 0 0 0 0 0 0 0 0 0 0 0 0 0 0 0 0 0 0 0 0 0 0 0 0 0 0 0 0 0 0 0 0 0 0 0 0 0 0 0 0 0 0 0 0 0 0 0 0 0 0 0 0 0 0 0 0 0 0 0 0 0 0 0 0 0 0 0 0 0 0 0 0 0 0 0 0 0 0 0 0 0 0 0 0 0 0 0 0 0 0 0 0 0 0 0 0 0 0 0 0 0 0 0 0 0 0 0 0 0 0 0 0 0 0 0 0 0 0 0 0 0 0 0 0 0 0 0 0 0 0 0 0 0 0 0 0 0 0 0 0 0 0 0 0 0 0 0 0 0 0 0 0 0 0 0 0 0 0 0 0 0 0 0 0 0 0 0 0 0 0 0 0 0 0 0 0 0 0 0 0 0 0 0 0 0 0 0 0 0 0 0 0 0 0 0 0 0 0 0 0 0 0 0 0 0 0 0 0 0 0 0 0 0 0 0 0 0 0 0 0 0 0 0 0 0 0 0 0 0 0 0 0 0 0 0 0 0 0 0 0 0 0 0 0 0 0 0 0 0 0 0 0 0 0 0 0 0 0 0 0 0 0 0 0 0 0 0 0 0 0 0 0 
        </DataArray>
        <DataArray type="Float64" Name="dTdn" format="ascii">
0 0 0 0 0 0 0 0 0 0 0 0 0 0 0 0 0 0 0 0 0 0 0 0 0 0 0 0 0 0 0 0 0 0 0 0 0 0 0 0 0 0 0 0 0 0 0 0 0 0 0 0 0 0 0 0 0 0 0 0 0 0 0 0 0 0 0 0 0 0 0 0 0 0 0 0 0 0 0 0 0 0 0 0 0 0 0 0 0 0 0 0 0 0 0 0 0 0 0 0 0 0 0 0 0 0 0 0 0 0 0 0 0 0 0 0 0 0 0 0 0 0 0 0 0 0 0 0 0 0 0 0 0 0 0 0 0 0 0 0 0 0 0 0 0 0 0 0 0 0 0 0 0 0 0 0 0 0 0 0 0 0 0 0 0 0 0 0 0 0 0 0 0 0 0 0 0 0 0 0 0 0 0 0 0 0 0 0 0 0 0 0 0 0 0 0 0 0 0 0 0 0 0 0 0 0 0 0 0 0 0 0 0 0 0 0 0 0 0 0 0 0 0 0 0 0 0 0 0 0 0 0 0 0 0 0 0 0 0 0 0 0 0 0 0 0 0 0 0 0 0 0 0 0 0 0 0 0 0 0 0 0 0 0 0 0 0 0 0 0 0 0 0 0 0 0 0 0 0 0 0 0 0 0 0 0 0 0 0 0 0 0 0 0 0 0 0 0 0 0 0 0 0 0 0 0 0 0 0 0 0 0 0 0 0 0 0 0 0 0 0 0 0 0 0 0 0 0 0 0 0 0 0 0 0 0 0 0 0 0 0 0 0 0 0 0 0 0 0 0 0 0 0 0 0 0 0 0 0 0 0 0 0 0 0 0 0 0 0 0 0 0 0 0 0 0 0 0 0 0 0 0 0 0 0 0 0 0 0 0 0 0 0 0 0 0 0 0 0 0 0 0 0 0 0 0 0 0 0 0 0 0 0 0 0 0 0 0 0 0 0 0 0 0 0 0 0 0 0 0 0 0 0 0 0 0 0 0 0 0 0 0 0 0 0 0 0 0 0 0 0 0 0 0 0 0 0 0 0 0 0 0 0 0 0 0 0 0 0 0 0 0 0 0 0 0 0 0 0 0 0 0 0 0 0 0 0 0 0 0 0 0 0 0 0 0 0 0 0 0 0 0 0 0 0 0 0 0 0 0 0 0 0 0 0 0 0 0 0 0 0 0 0 0 0 0 0 0 0 0 0 0 0 0 0 0 0 0 0 0 0 0 0 0 0 0 0 0 0 0 0 0 0 0 0 0 0 0 0 0 0 0 0 0 0 0 0 0 0 0 0 0 0 0 0 0 0 0 0 0 0 0 0 0 0 0 0 0 0 0 0 0 0 0 0 0 0 0 0 0 0 0 0 0 0 0 0 0 0 0 0 0 0 0 0 0 0 0 0 0 0 0 0 0 0 0 0 0 0 0 0 0 0 0 0 0 0 0 0 0 0 0 0 0 0 0 0 0 0 0 0 0 0 0 0 0 0 0 0 0 0 0 0 0 0 0 0 0 0 0 0 0 0 0 0 0 0 0 0 0 0 0 0 0 0 0 0 0 0 0 0 0 0 0 0 0 0 0 0 0 0 0 0 0 0 0 0 0 0 0 0 0 0 0 0 0 0 0 0 0 0 0 0 0 0 0 0 0 0 0 0 0 0 0 0 0 0 0 0 0 0 0 0 0 0 0 0 0 0 0 0 0 0 0 0 0 0 0 0 0 0 0 0 0 0 0 0 0 0 0 0 0 0 0 0 0 0 0 0 0 0 0 0 0 0 0 0 0 0 0 0 0 0 0 0 0 0 0 0 0 0 0 0 0 0 0 0 0 0 0 0 0 0 0 0 0 0 0 0 0 0 0 0 0 0 0 0 0 0 0 0 0 0 0 0 0 0 0 0 0 0 0 0 0 0 0 0 0 0 0 0 0 0 0 0 0 0 0 0 0 0 0 0 0 0 0 0 0 0 0 0 0 0 0 0 0 0 0 0 0 0 0 0 0 0 0 0 0 0 0 0 0 0 0 0 0 0 0 0 0 0 0 0 0 0 0 0 0 0 0 0 0 0 0 0 0 0 0 0 0 0 0 0 0 0 0 0 0 0 0 0 0 0 0 0 0 0 0 0 0 0 0 0 0 0 0 0 0 0 0 0 0 0 0 0 0 0 0 0 0 0 0 0 0 0 0 0 0 0 0 0 0 0 0 0 0 0 0 0 0 0 0 0 0 0 0 0 0 0 0 0 0 0 0 0 0 0 0 0 0 0 0 0 0 0 0 0 0 0 0 0 0 0 0 0 0 0 0 0 0 0 0 0 0 0 0 0 0 0 0 0 0 0 0 0 0 0 0 0 0 0 0 0 0 0 0 0 0 0 0 0 0 0 0 0 0 0 0 0 0 0 0 0 0 0 0 0 0 0 0 0 0 0 0 0 0 0 0 0 0 0 0 0 0 0 0 0 0 0 0 0 0 0 0 0 0 0 0 0 0 0 0 0 0 0 0 0 0 0 0 0 0 0 0 0 0 0 0 0 0 0 0 0 0 0 0 0 0 0 0 0 0 0 0 0 0 0 0 0 0 0 0 0 0 0 0 0 0 0 0 0 0 0 0 0 0 0 0 0 0 0 0 0 0 0 0 0 0 0 0 0 0 0 0 0 0 0 0 0 0 0 0 0 0 0 0 0 0 0 0 0 0 0 0 0 0 0 0 0 0 0 0 0 0 0 0 0 0 0 0 0 0 0 0 0 0 0 0 0 0 0 0 0 0 0 0 0 0 0 0 0 0 0 0 0 0 0 0 0 0 0 0 0 0 0 0 0 0 0 0 0 0 0 0 0 0 0 0 0 0 0 0 0 0 0 0 0 0 0 0 0 0 0 0 0 0 0 0 0 0 0 0 0 0 0 0 0 0 0 0 0 0 0 0 0 0 0 0 0 0 0 0 0 0 0 0 0 0 0 0 0 0 0 0 0 0 0 0 0 0 0 0 0 0 0 0 0 0 0 0 0 0 0 0 0 0 0 0 0 0 0 0 0 0 0 0 0 0 0 0 0 0 0 0 0 0 0 0 0 0 0 0 0 0 0 0 0 0 0 0 0 0 0 0 0 0 0 0 0 0 0 0 0 0 0 0 0 0 0 0 0 0 0 0 0 0 0 0 0 0 0 0 0 0 0 0 0 0 0 0 0 0 0 0 0 0 0 0 0 0 0 0 0 0 0 0 0 0 0 0 0 0 0 0 0 0 0 0 0 0 0 0 0 0 0 0 0 0 0 0 0 0 0 0 0 0 0 0 0 0 0 0 0 0 0 0 0 0 0 0 0 0 0 0 0 0 0 0 0 0 0 0 0 0 0 0 0 0 0 0 0 0 0 0 0 0 0 0 0 0 0 0 0 0 0 0 0 0 0 0 0 0 0 0 0 0 0 0 0 0 0 0 0 0 0 0 0 0 0 0 0 0 0 0 0 0 0 0 0 0 0 0 0 0 0 0 0 0 0 0 0 0 0 0 0 0 0 0 0 0 0 0 0 0 0 0 0 0 0 0 0 0 0 0 0 0 0 0 0 0 0 0 0 0 0 0 0 0 0 0 0 0 0 0 0 0 0 0 0 0 0 0 0 0 0 0 0 0 0 0 0 0 0 0 0 0 0 0 0 0 0 0 0 0 0 0 0 0 0 0 0 0 0 0 0 0 0 0 0 0 0 0 0 0 0 0 0 0 0 0 0 0 0 0 0 0 0 0 0 0 0 0 0 0 0 0 0 0 0 0 0 0 0 0 0 0 0 0 0 0 0 0 0 0 0 0 0 0 0 0 0 0 0 0 0 0 0 0 0 0 0 0 0 0 0 0 0 0 0 0 0 0 0 0 0 0 0 0 0 0 0 0 0 0 0 0 0 0 0 0 0 0 0 0 0 0 0 0 0 0 0 0 0 0 0 0 0 0 0 0 0 0 0 0 0 0 0 0 0 0 0 0 0 0 0 0 0 0 0 0 0 0 0 0 0 0 0 0 0 0 0 0 0 0 0 0 0 0 0 0 0 0 0 0 0 0 0 0 0 0 0 0 0 0 0 0 0 0 0 0 0 0 0 0 0 0 0 0 0 0 0 0 0 0 0 0 0 0 0 0 0 0 0 0 0 0 0 0 0 0 0 0 0 0 0 0 0 0 0 0 0 0 0 0 0 0 0 0 0 0 0 0 0 0 0 0 0 0 0 0 0 0 0 0 0 0 0 0 0 0 0 0 0 0 0 0 0 0 0 0 0 0 0 0 0 0 0 0 0 0 0 0 0 0 0 0 0 0 0 0 0 0 0 0 0 0 0 0 0 0 0 0 0 0 0 0 0 0 0 0 0 0 0 0 0 0 0 0 0 0 0 0 0 0 0 0 0 0 0 0 0 0 0 0 0 0 0 0 0 0 0 0 0 0 0 0 0 0 0 0 0 0 0 0 0 0 0 0 0 0 0 0 0 0 0 0 0 0 0 0 0 0 0 0 0 0 0 0 0 0 
        </DataArray>
        <DataArray type="Int32" Name="Rank" format="ascii">
4 4 4 4 4 4 4 4 4 4 4 4 4 4 4 4 4 4 4 4 4 4 4 4 4 4 4 4 4 4 4 4 4 4 4 4 4 4 4 4 4 4 4 4 4 4 4 4 4 4 4 4 4 4 4 4 4 4 4 4 4 4 4 4 4 4 4 4 4 4 4 4 4 4 4 4 4 4 4 4 4 4 4 4 4 4 4 4 4 4 4 4 4 4 4 4 4 4 4 4 4 4 4 4 4 4 4 4 4 4 4 4 4 4 4 4 4 4 4 4 4 4 4 4 4 4 4 4 4 4 4 4 4 4 4 4 4 4 4 4 4 4 4 4 4 4 4 4 4 4 4 4 4 4 4 4 4 4 4 4 4 4 4 4 4 4 4 4 4 4 4 4 4 4 4 4 4 4 4 4 4 4 4 4 4 4 4 4 4 4 4 4 4 4 4 4 4 4 4 4 4 4 4 4 4 4 4 4 4 4 4 4 4 4 4 4 4 4 4 4 4 4 4 4 4 4 4 4 4 4 4 4 4 4 4 4 4 4 4 4 4 4 4 4 4 4 4 4 4 4 4 4 4 4 4 4 4 4 4 4 4 4 4 4 4 4 4 4 4 4 4 4 4 4 4 4 4 4 4 4 4 4 4 4 4 4 4 4 4 4 4 4 4 4 4 4 4 4 4 4 4 4 4 4 4 4 4 4 4 4 4 4 4 4 4 4 4 4 4 4 4 4 4 4 4 4 4 4 4 4 4 4 4 4 4 4 4 4 4 4 4 4 4 4 4 4 4 4 4 4 4 4 4 4 4 4 4 4 4 4 4 4 4 4 4 4 4 4 4 4 4 4 4 4 4 4 4 4 4 4 4 4 4 4 4 4 4 4 4 4 4 4 4 4 4 4 4 4 4 4 4 4 2 2 2 2 2 2 2 2 2 2 2 2 4 4 4 4 4 4 4 4 4 4 4 4 4 4 4 4 4 4 4 4 4 4 4 4 4 4 4 4 4 4 4 4 4 4 4 4 4 4 4 4 4 4 4 4 4 4 4 4 4 4 4 4 4 4 4 4 4 4 4 4 4 4 4 4 4 4 4 4 4 4 4 4 4 4 4 4 4 4 4 4 4 4 4 4 4 4 4 4 4 4 4 4 4 4 4 4 4 4 4 4 4 4 4 4 4 4 4 4 4 4 4 4 4 4 4 4 4 4 4 4 4 4 4 4 4 4 4 4 4 4 4 4 4 4 4 4 4 4 4 4 4 4 4 4 4 4 4 4 4 4 4 4 4 4 4 4 4 4 4 4 4 4 4 4 4 4 4 4 4 4 4 4 4 4 4 4 4 4 4 4 4 4 4 4 4 4 4 4 4 4 4 4 4 4 4 4 4 4 4 4 4 4 4 0 0 0 0 0 0 0 0 0 0 0 0 0 0 0 0 0 0 0 0 0 0 0 0 0 0 0 0 0 0 0 0 0 0 0 0 0 0 0 0 0 0 0 0 0 0 0 0 0 0 0 0 0 0 0 0 0 0 0 0 0 0 0 0 0 0 0 0 0 0 0 0 0 0 0 0 0 0 0 0 0 0 0 0 0 0 0 0 0 0 0 0 0 0 0 0 0 0 0 0 0 0 0 0 0 0 0 0 0 0 0 0 0 0 0 0 0 0 0 0 0 0 0 0 0 0 0 0 0 0 0 0 0 0 0 0 0 0 0 0 0 0 0 0 0 0 0 0 0 0 0 0 0 0 0 0 0 0 0 0 0 0 0 0 0 0 0 0 0 0 0 0 0 0 0 0 0 0 0 0 0 0 0 0 0 0 0 0 0 0 0 0 0 0 0 0 0 0 0 0 0 0 0 0 0 0 0 0 0 0 0 0 0 0 0 0 0 0 0 0 0 0 0 0 0 0 0 0 0 0 0 0 0 0 0 0 0 0 0 0 0 0 0 0 0 0 0 0 0 0 0 0 0 0 0 0 0 0 0 0 0 0 0 0 0 0 0 0 0 0 0 0 0 0 0 0 0 0 0 0 0 0 0 0 0 0 0 0 0 0 0 0 0 0 0 0 0 0 0 0 0 0 0 0 0 0 0 0 0 0 0 0 0 0 0 0 0 0 0 0 0 0 0 0 0 0 0 0 0 0 0 0 0 0 0 0 0 0 0 0 0 0 0 0 0 0 0 0 0 0 0 0 0 0 0 0 0 0 0 0 0 0 0 0 0 0 0 0 0 0 0 0 0 0 0 0 0 0 0 0 0 0 0 0 0 0 0 0 0 0 0 0 0 0 0 0 0 0 0 0 0 0 0 0 0 0 0 0 0 0 0 0 0 0 0 0 0 0 0 0 0 0 0 0 0 0 0 0 0 0 0 0 0 0 0 0 0 0 0 0 0 0 0 0 0 0 0 0 0 0 0 0 0 0 0 0 0 0 0 0 0 0 0 0 0 0 0 0 0 0 0 0 0 0 0 0 0 0 0 0 0 0 0 0 0 0 0 0 0 0 0 0 0 0 0 0 0 0 0 0 0 0 0 0 0 0 0 0 0 0 0 0 0 0 0 0 0 0 0 0 0 0 0 0 0 0 0 0 0 0 0 0 0 0 0 0 0 0 0 0 0 0 0 0 0 0 0 0 0 0 0 0 0 0 0 0 0 0 0 0 0 0 0 0 0 0 0 0 0 0 0 0 0 0 0 0 0 0 0 0 0 0 0 0 0 0 0 0 0 0 0 0 0 0 0 0 0 0 0 0 0 0 0 0 0 0 0 0 0 0 0 0 0 0 0 0 0 0 0 0 0 0 0 0 0 0 0 0 0 0 0 0 0 0 0 0 0 0 0 0 0 0 0 0 0 0 0 0 0 0 0 0 0 0 0 0 0 0 0 0 0 0 0 0 0 0 0 0 0 0 0 0 0 0 0 0 0 0 0 0 0 0 0 0 0 0 0 0 0 0 0 0 0 0 0 0 0 0 0 0 0 0 0 0 0 0 0 0 0 0 0 0 0 0 0 0 0 0 0 0 0 0 0 0 0 0 0 0 0 0 0 0 0 0 0 0 0 0 0 0 0 0 0 0 0 0 0 0 0 0 0 0 0 0 0 0 0 0 0 0 0 0 0 0 0 0 0 0 0 0 0 0 0 0 0 0 0 0 0 0 0 0 0 0 0 0 0 0 0 0 0 0 0 0 0 0 0 0 0 0 0 0 0 0 0 0 0 0 0 0 0 0 0 0 0 0 0 0 0 0 0 0 0 0 0 0 0 0 0 0 0 0 0 0 0 0 0 0 0 0 0 0 0 0 0 0 0 0 0 0 0 0 0 0 0 0 0 0 0 0 0 0 0 0 0 0 0 0 0 0 0 0 0 0 0 0 0 0 0 0 0 0 0 0 0 0 0 0 0 0 0 0 0 0 0 0 0 0 0 0 0 0 0 0 0 0 0 0 0 0 0 0 0 0 0 0 0 0 0 0 0 0 0 0 0 0 0 0 0 0 0 0 0 0 0 0 0 0 0 0 0 0 0 0 0 0 0 0 0 0 0 0 0 0 0 0 0 0 0 0 0 0 0 0 0 0 0 0 0 0 0 0 0 0 0 0 0 0 0 0 0 0 0 0 0 0 0 0 0 0 0 0 0 0 0 0 0 0 0 0 0 0 0 0 0 0 0 0 0 0 0 0 0 0 0 0 0 0 0 0 0 0 0 0 0 0 0 0 0 0 0 0 0 0 0 0 0 0 0 0 0 0 0 0 0 0 0 0 0 0 0 0 0 0 0 0 0 0 0 0 0 0 0 0 0 0 0 0 0 0 0 0 0 0 0 0 0 0 0 4 4 4 4 4 4 4 4 4 4 4 4 4 4 4 4 4 4 4 4 4 4 4 4 4 4 4 4 4 4 4 4 4 4 4 4 4 4 4 4 4 4 4 4 4 4 4 4 4 4 4 4 4 4 4 4 4 4 4 4 4 4 4 4 4 4 4 4 4 4 4 4 4 4 4 4 4 4 4 4 4 4 4 4 4 4 4 4 4 4 4 4 4 4 4 4 4 4 4 4 4 4 4 4 4 4 4 4 4 4 4 4 4 4 4 4 4 4 4 4 4 4 4 4 4 4 4 4 4 4 4 4 4 4 4 4 4 4 4 4 4 4 4 4 4 4 4 4 4 4 4 4 4 4 4 4 4 4 4 4 4 4 4 4 4 4 4 4 4 4 4 4 4 4 4 4 4 4 4 4 4 4 4 4 4 4 4 4 4 4 4 4 4 4 4 4 4 4 4 4 4 4 4 4 4 4 4 4 4 4 4 4 4 4 4 4 4 4 4 4 4 4 4 4 4 4 4 4 4 4 4 4 4 4 4 4 4 4 4 4 4 4 4 4 4 4 4 4 4 4 4 4 4 4 4 4 4 4 4 4 4 4 4 4 4 4 4 4 4 4 4 4 4 4 4 4 4 4 4 4 4 4 4 4 4 4 4 4 4 4 4 4 4 4 4 4 4 4 4 4 4 4 4 4 
        </DataArray>
        <DataArray type="Int32" Name="Level" format="ascii">
4 4 4 4 4 4 4 4 4 4 4 4 4 4 4 4 4 4 4 4 4 4 4 4 4 4 4 4 4 4 4 4 4 4 4 4 4 4 4 4 4 4 4 4 4 4 4 4 4 4 4 4 4 4 4 4 4 4 4 4 4 4 4 4 4 4 4 4 4 4 4 4 4 4 4 4 4 4 4 4 4 4 4 4 4 4 4 4 4 4 4 4 4 4 4 4 4 4 4 4 4 4 4 4 4 4 4 4 4 4 4 4 4 4 4 4 4 4 4 4 4 4 4 4 4 4 4 4 4 4 4 4 4 4 4 4 4 4 4 4 4 4 4 4 4 4 4 4 4 4 4 4 4 4 4 4 4 4 4 4 4 4 4 4 4 4 4 4 4 4 4 4 4 4 4 4 4 4 4 4 4 4 4 4 4 4 4 4 4 4 4 4 4 4 4 4 4 4 4 4 4 4 4 4 4 4 4 4 4 4 4 4 4 4 4 4 4 4 4 4 4 4 4 4 4 4 4 4 4 4 4 4 4 4 4 4 4 4 4 4 4 4 4 4 4 4 4 4 4 4 4 4 4 4 4 4 4 4 4 4 4 4 4 4 4 4 4 4 4 4 4 4 4 4 4 4 4 4 4 4 4 4 4 4 4 4 4 4 4 4 4 4 4 4 4 4 4 4 4 4 4 4 4 4 4 4 4 4 4 4 4 4 4 4 4 4 4 4 4 4 4 4 4 4 4 4 4 4 4 4 4 4 4 4 4 4 4 4 4 4 4 4 4 4 4 4 4 4 4 4 4 4 4 4 4 4 4 4 4 4 4 4 4 4 4 4 4 4 4 4 4 4 4 4 4 4 4 4 4 4 4 4 4 4 4 4 4 4 4 4 4 4 4 4 4 4 4 4 4 4 4 4 3 3 3 3 3 3 3 3 3 3 3 3 4 4 4 4 4 4 4 4 4 4 4 4 4 4 4 4 4 4 4 4 4 4 4 4 4 4 4 4 4 4 4 4 4 4 4 4 4 4 4 4 4 4 4 4 4 4 4 4 4 4 4 4 4 4 4 4 4 4 4 4 4 4 4 4 4 4 4 4 4 4 4 4 4 4 4 4 4 4 4 4 4 4 4 4 4 4 4 4 4 4 4 4 4 4 4 4 4 4 4 4 4 4 4 4 4 4 4 4 4 4 4 4 4 4 4 4 4 4 4 4 4 4 4 4 4 4 4 4 4 4 4 4 4 4 4 4 4 4 4 4 4 4 4 4 4 4 4 4 4 4 4 4 4 4 4 4 4 4 4 4 4 4 4 4 4 4 4 4 4 4 4 4 4 4 4 4 4 4 4 4 4 4 4 4 4 4 4 4 4 4 4 4 4 4 4 4 4 4 4 4 4 4 4 4 4 4 4 4 4 4 4 4 4 4 4 4 4 4 4 4 4 4 4 4 4 4 4 4 4 4 4 4 4 4 4 4 4 4 4 4 4 4 4 4 4 4 4 4 4 4 4 4 4 4 4 4 4 4 4 4 4 4 4 4 4 4 4 4 4 4 4 4 4 4 4 4 4 4 4 4 4 4 4 4 4 4 4 4 4 4 4 4 4 4 4 4 4 4 4 4 4 4 4 4 4 4 4 4 4 4 4 4 4 4 4 4 4 4 4 4 4 4 4 4 4 4 4 4 4 4 4 4 4 4 4 4 4 4 4 4 4 4 4 4 4 4 4 4 4 4 4 4 4 4 4 4 4 4 4 4 4 4 4 4 4 4 4 4 4 4 4 4 4 4 4 4 4 4 4 4 4 4 4 4 4 4 4 4 4 4 4 4 4 4 4 4 4 4 4 4 4 4 4 4 4 4 4 4 4 4 4 4 4 4 4 4 4 4 4 4 4 4 4 4 4 4 4 4 4 4 4 4 4 4 4 4 4 4 4 4 4 4 4 4 4 4 4 4 4 4 4 4 4 4 4 4 4 4 4 4 4 4 4 4 4 4 4 4 4 4 4 4 4 4 4 4 4 4 4 4 4 4 4 4 4 4 4 4 4 4 4 4 4 4 4 4 4 4 4 4 4 4 4 4 4 4 4 4 4 4 4 4 4 4 4 4 4 4 4 4 4 4 4 4 4 4 4 4 4 4 4 4 4 4 4 4 4 4 4 4 4 4 4 4 4 4 4 4 4 4 4 4 4 4 4 4 4 4 4 4 4 4 4 4 4 4 4 4 4 4 4 4 4 4 4 4 4 4 4 4 4 4 4 4 4 4 4 4 4 4 4 4 4 4 4 4 4 4 4 4 4 4 4 4 4 4 4 4 4 4 4 4 4 4 4 4 4 4 4 4 4 4 4 4 4 4 4 4 4 4 4 4 4 4 4 4 4 4 4 4 4 4 4 4 4 4 4 4 4 4 4 4 4 4 4 4 4 4 4 4 4 4 4 4 4 4 4 4 4 4 4 4 4 4 4 4 4 4 4 4 4 4 4 4 4 4 4 4 4 4 4 4 4 4 4 4 4 4 4 4 4 4 4 4 4 4 4 4 4 4 4 4 4 4 4 4 4 4 4 4 4 4 4 4 4 4 4 4 4 4 4 4 4 4 4 4 4 4 4 4 4 4 4 4 4 4 4 4 4 4 4 4 4 4 4 4 4 4 4 4 4 4 4 4 4 4 4 4 4 4 4 4 4 4 4 4 4 4 4 4 4 4 4 4 4 4 4 4 4 4 4 4 4 4 4 4 4 4 4 4 4 4 4 4 4 4 4 4 4 4 4 4 4 4 4 4 4 4 4 4 4 4 4 4 4 4 4 4 4 4 4 4 4 4 4 4 4 4 4 4 4 4 4 4 4 4 4 4 4 4 4 4 4 4 4 4 4 4 4 4 4 4 4 4 4 4 4 4 4 4 4 4 4 4 4 4 4 4 4 4 4 4 4 4 4 4 4 4 4 4 4 4 4 4 4 4 4 4 4 4 4 4 4 4 4 4 4 4 4 4 4 4 4 4 4 4 4 4 4 4 4 4 4 4 4 4 4 4 4 4 4 4 4 4 4 4 4 4 4 4 4 4 4 4 4 4 4 4 4 4 4 4 4 4 4 4 4 4 4 4 4 4 4 4 4 4 4 4 4 4 4 4 4 4 4 4 4 4 4 4 4 4 4 4 4 4 4 4 4 4 4 4 4 4 4 4 4 4 4 4 4 4 4 4 4 4 4 4 4 4 4 4 4 4 4 4 4 4 4 4 4 4 4 4 4 4 4 4 4 4 4 4 4 4 4 4 4 4 4 4 4 4 4 4 4 4 4 4 4 4 4 4 4 4 4 4 4 4 4 4 4 4 4 4 4 4 4 4 4 4 4 4 4 4 4 4 4 4 4 4 4 4 4 4 4 4 4 4 4 4 4 4 4 4 4 4 4 4 4 4 4 4 4 4 4 4 4 4 4 4 4 4 4 4 4 4 4 4 4 4 4 4 4 4 4 4 4 4 4 4 4 4 4 4 4 4 4 4 4 4 4 4 4 4 4 4 4 4 4 4 4 4 4 4 4 4 4 4 4 4 4 4 4 4 4 4 4 4 4 4 4 4 4 4 4 4 4 4 4 4 4 4 4 4 4 4 4 4 4 4 4 4 4 4 4 4 4 4 4 4 4 4 4 4 4 4 4 4 4 4 4 4 4 4 4 4 4 4 4 4 4 4 4 4 4 4 4 4 4 4 4 4 4 4 4 4 4 4 4 4 4 4 4 4 4 4 4 4 4 4 4 4 4 4 4 4 4 4 4 4 4 4 4 4 4 4 4 4 4 4 4 4 4 4 4 4 4 4 4 4 4 4 4 4 4 4 4 4 4 4 4 4 4 4 4 4 4 4 4 4 4 4 4 4 4 4 4 4 4 4 4 4 4 4 4 4 4 4 4 4 4 4 4 4 4 4 4 4 4 4 4 4 4 4 4 4 4 4 4 4 4 4 4 4 4 4 4 4 4 4 4 4 4 4 4 4 4 4 4 4 4 4 4 4 4 4 4 4 4 4 4 4 4 4 4 4 4 4 4 4 4 4 4 4 4 4 4 4 4 4 4 4 4 4 4 4 4 4 4 4 4 4 4 4 4 4 4 4 4 4 4 4 4 4 4 4 4 4 4 4 4 4 4 4 4 4 4 4 4 4 4 4 4 4 4 4 4 4 4 4 4 4 4 4 4 4 4 4 4 4 4 4 4 4 4 4 4 4 4 4 4 4 4 4 4 4 4 4 4 4 4 4 4 4 4 4 4 4 4 4 4 4 4 4 4 4 4 4 4 4 4 4 4 4 4 4 4 4 4 4 4 4 4 4 4 4 4 4 4 4 4 4 4 4 4 4 4 4 4 4 4 4 4 4 4 4 4 4 4 4 4 4 4 4 4 4 4 4 4 4 4 4 4 4 4 4 4 4 4 4 4 4 4 4 4 4 4 4 4 4 4 4 4 4 4 4 4 4 4 4 4 4 4 4 4 4 4 4 4 4 4 4 4 4 4 4 
        </DataArray>
        <DataArray type="Int32" Name="N_Interp_IP0" format="ascii">
4 4 4 4 4 4 4 4 4 4 4 4 4 4 4 4 4 4 4 4 4 4 4 4 4 4 4 4 4 4 4 4 4 4 4 4 4 4 4 4 4 4 4 4 4 4 4 4 4 4 4 4 4 4 4 4 4 4 4 4 4 4 4 4 4 4 4 4 4 4 4 4 4 4 4 4 4 4 4 4 4 4 4 4 4 4 4 4 4 4 4 4 4 4 4 4 4 4 4 4 4 4 4 4 4 4 4 4 4 4 4 4 4 4 4 4 4 4 4 4 4 4 4 4 4 4 4 4 4 4 4 4 4 4 4 4 4 4 4 4 4 4 4 4 4 4 4 4 4 4 4 4 4 4 4 4 4 4 4 4 4 4 4 4 4 4 4 4 4 4 4 4 4 4 4 4 4 4 4 4 4 4 4 4 4 4 4 4 4 4 4 4 4 4 4 4 4 4 4 4 4 4 4 4 4 4 4 4 4 4 4 4 4 4 4 4 4 4 4 4 4 4 4 4 4 4 4 4 4 4 4 4 4 4 4 4 4 4 4 4 4 4 4 4 4 4 4 4 4 4 4 4 4 4 4 4 4 4 4 4 4 4 4 4 4 4 4 4 4 4 4 4 4 4 4 4 4 4 4 4 4 4 4 4 4 4 4 4 4 4 4 4 4 4 4 4 4 4 4 4 4 4 4 4 4 4 4 4 4 4 4 4 4 4 4 4 4 4 4 4 4 4 4 4 4 4 4 4 4 4 4 4 4 4 4 4 4 4 4 4 4 4 4 4 4 4 4 4 4 4 4 4 4 4 4 4 4 4 4 4 4 4 4 4 4 4 4 4 4 4 4 4 4 4 4 4 4 4 4 4 4 4 4 4 4 4 4 4 4 4 4 4 4 4 4 4 4 4 4 4 4 4 4 4 4 4 4 4 4 4 4 4 4 4 4 4 4 4 4 4 4 4 4 4 4 4 4 4 4 4 4 4 4 4 4 4 4 4 4 4 4 4 4 4 4 4 4 4 4 4 4 4 4 4 4 4 4 4 4 4 4 4 4 4 4 4 4 4 4 4 4 4 4 4 4 4 4 4 4 4 4 4 4 4 4 4 4 4 4 4 4 4 4 4 4 4 4 4 4 4 4 4 4 4 4 4 4 4 4 4 4 4 4 4 4 4 4 4 4 4 4 4 4 4 4 4 4 4 4 4 4 4 4 4 4 4 4 4 4 4 4 4 4 4 4 4 4 4 4 4 4 4 4 4 4 4 4 4 4 4 4 4 4 4 4 4 4 4 4 4 4 4 4 4 4 4 4 4 4 4 4 4 4 4 4 4 4 4 4 4 4 4 4 4 4 4 4 4 4 4 4 4 4 4 4 4 4 4 4 4 4 4 4 4 4 4 4 4 4 4 4 4 4 4 4 4 4 4 4 4 4 4 4 4 4 4 4 4 4 4 4 4 4 4 4 4 4 4 4 4 4 4 4 4 4 4 4 4 4 4 4 4 4 4 4 4 4 4 4 4 4 4 4 4 4 4 4 4 4 4 4 4 4 4 4 4 4 4 4 4 4 4 4 4 4 4 4 4 4 4 4 4 4 4 4 4 4 4 4 4 4 4 4 4 4 4 4 4 4 4 4 4 4 4 4 4 4 4 4 4 4 4 4 4 4 4 4 4 4 4 4 4 4 4 4 4 4 4 4 4 4 4 4 4 4 4 4 4 4 4 4 4 4 4 4 4 4 4 4 4 4 4 4 4 4 4 4 4 4 4 4 4 4 4 4 4 4 4 4 4 4 4 4 4 4 4 4 4 4 4 4 4 4 4 4 4 4 4 4 4 4 4 4 4 4 4 4 4 4 4 4 4 4 4 4 4 4 4 4 4 4 4 4 4 4 4 4 4 4 4 4 4 4 4 4 4 4 4 4 4 4 4 4 4 4 4 4 4 4 4 4 4 4 4 4 4 4 4 4 4 4 4 4 4 4 4 4 4 4 4 4 4 4 4 4 4 4 4 4 4 4 4 4 4 4 4 4 4 4 4 4 4 4 4 4 4 4 4 4 4 4 4 4 4 4 4 4 4 4 4 4 4 4 4 4 4 4 4 4 4 4 4 4 4 4 4 4 4 4 4 4 4 4 4 4 4 4 4 4 4 4 4 4 4 4 4 4 4 4 4 4 4 4 4 4 4 4 4 4 4 4 4 4 4 4 4 4 4 4 4 4 4 4 4 4 4 4 4 4 4 4 4 4 4 4 4 4 4 4 4 4 4 4 4 4 4 4 4 4 4 4 4 4 4 4 4 4 4 4 4 4 4 4 4 4 4 4 4 4 4 4 4 4 4 4 4 4 4 4 4 4 4 4 4 4 4 4 4 4 4 4 4 4 4 4 4 4 4 4 4 4 4 4 4 4 4 4 4 4 4 4 4 4 4 4 4 4 4 4 4 4 4 4 4 4 4 4 4 4 4 4 4 4 4 4 4 4 4 4 4 4 4 4 4 4 4 4 4 4 4 4 4 4 4 4 4 4 4 4 4 4 4 4 4 4 4 4 4 4 4 4 4 4 4 4 4 4 4 4 4 4 4 4 4 4 4 4 4 4 4 4 4 4 4 4 4 4 4 4 4 4 4 4 4 4 4 4 4 4 4 4 4 4 4 4 4 4 4 4 4 4 4 4 4 4 4 4 4 4 4 4 4 4 4 4 4 4 4 4 4 4 4 4 4 4 4 4 4 4 4 4 4 4 4 4 4 4 4 4 4 4 4 4 4 4 4 4 4 4 4 4 4 4 4 4 4 4 4 4 4 4 4 4 4 4 4 4 4 4 4 4 4 4 4 4 4 4 4 4 4 4 4 4 4 4 4 4 4 4 4 4 4 4 4 4 4 4 4 4 4 4 4 4 4 4 4 4 4 4 4 4 4 4 4 4 4 4 4 4 4 4 4 4 4 4 4 4 4 4 4 4 4 4 4 4 4 4 4 4 4 4 4 4 4 4 4 4 4 4 4 4 4 4 4 4 4 4 4 4 4 4 4 4 4 4 4 4 4 4 4 4 4 4 4 4 4 4 4 4 4 4 4 4 4 4 4 4 4 4 4 4 4 4 4 4 4 4 4 4 4 4 4 4 4 4 4 4 4 4 4 4 4 4 4 4 4 4 4 4 4 4 4 4 4 4 4 4 4 4 4 4 4 4 4 4 4 4 4 4 4 4 4 4 4 4 4 4 4 4 4 4 4 4 4 4 4 4 4 4 4 4 4 4 4 4 4 4 4 4 4 4 4 4 4 4 4 4 4 4 4 4 4 4 4 4 4 4 4 4 4 4 4 4 4 4 4 4 4 4 4 4 4 4 4 4 4 4 4 4 4 4 4 4 4 4 4 4 4 4 4 4 4 4 4 4 4 4 4 4 4 4 4 4 4 4 4 4 4 4 4 4 4 4 4 4 4 4 4 4 4 4 4 4 4 4 4 4 4 4 4 4 4 4 4 4 4 4 4 4 4 4 4 4 4 4 4 4 4 4 4 4 4 4 4 4 4 4 4 4 4 4 4 4 4 4 4 4 4 4 4 4 4 4 4 4 4 4 4 4 4 4 4 4 4 4 4 4 4 4 4 4 4 4 4 4 4 4 4 4 4 4 4 4 4 4 4 4 4 4 4 4 4 4 4 4 4 4 4 4 4 4 4 4 4 4 4 4 4 4 4 4 4 4 4 4 4 4 4 4 4 4 4 4 4 4 4 4 4 4 4 4 4 4 4 4 4 4 4 4 4 4 4 4 4 4 4 4 4 4 4 4 4 4 4 4 4 4 4 4 4 4 4 4 4 4 4 4 4 4 4 4 4 4 4 4 4 4 4 4 4 4 4 4 4 4 4 4 4 4 4 4 4 4 4 4 4 4 4 4 4 4 4 4 4 4 4 4 4 4 4 4 4 4 4 4 4 4 4 4 4 4 4 4 4 4 4 4 4 4 4 4 4 4 4 4 4 4 4 4 4 4 4 4 4 4 4 4 4 4 4 4 4 4 4 4 4 4 4 4 4 4 4 4 4 4 4 4 4 4 4 4 4 4 4 4 4 4 4 4 4 4 4 4 4 4 4 4 4 4 4 4 4 4 4 4 4 4 4 4 4 4 4 4 4 4 4 4 4 4 4 4 4 4 4 4 4 4 4 4 4 4 4 4 4 4 4 4 4 4 4 4 4 4 4 4 4 4 4 4 4 4 4 4 4 4 4 4 4 4 4 4 4 4 4 4 4 4 4 4 4 4 4 4 4 4 4 4 4 4 4 4 4 4 4 4 4 4 4 4 4 4 4 4 4 4 4 4 4 4 4 4 4 4 4 4 4 4 4 4 4 4 4 4 4 4 4 4 4 4 4 4 4 4 4 4 4 4 4 4 4 4 4 4 4 4 4 4 4 4 4 4 4 4 4 4 4 4 4 4 4 4 4 4 4 4 4 4 4 4 4 4 4 4 4 4 4 4 4 4 4 4 4 4 4 4 4 4 4 4 4 
        </DataArray>
      </CellData>
    </Piece>
  </PolyData>
</VTKFile>
