<?xml version="1.0"?>
<VTKFile type="PolyData" version="1.0" byte_order="LittleEndian" header_type="UInt64">
  <PolyData>
    <Piece NumberOfPoints="2000" NumberOfPolys="2000">
      <Points>
        <DataArray type="Float64" Name="Points" NumberOfComponents="3" format="ascii">
-0.6 -0.7 0.0 -0.600001 -0.699686 0.0 -0.600002 -0.699372 0.0 -0.600005 -0.699058 0.0 -0.600008 -0.698743 0.0 -0.600013 -0.698429 0.0 -0.600018 -0.698115 0.0 -0.600025 -0.697801 0.0 -0.600032 -0.697487 0.0 -0.60004 -0.697173 0.0 -0.600049 -0.696859 0.0 -0.60006 -0.696545 0.0 -0.600071 -0.696231 0.0 -0.600084 -0.695917 0.0 -0.600097 -0.695603 0.0 -0.600112 -0.695289 0.0 -0.600126 -0.694976 0.0 -0.600143 -0.694662 0.0 -0.60016 -0.694348 0.0 -0.600179 -0.694035 0.0 -0.600197 -0.693721 0.0 -0.600218 -0.693407 0.0 -0.600239 -0.693094 0.0 -0.600261 -0.692781 0.0 -0.600284 -0.692467 0.0 -0.600309 -0.692154 0.0 -0.600333 -0.691841 0.0 -0.60036 -0.691528 0.0 -0.600387 -0.691215 0.0 -0.600415 -0.690902 0.0 -0.600444 -0.690589 0.0 -0.600474 -0.690276 0.0 -0.600505 -0.689964 0.0 -0.600537 -0.689651 0.0 -0.60057 -0.689339 0.0 -0.600604 -0.689027 0.0 -0.600639 -0.688714 0.0 -0.600675 -0.688402 0.0 -0.600712 -0.68809 0.0 -0.60075 -0.687778 0.0 -0.600789 -0.687467 0.0 -0.600829 -0.687155 0.0 -0.600869 -0.686844 0.0 -0.600912 -0.686532 0.0 -0.600954 -0.686221 0.0 -0.600998 -0.68591 0.0 -0.601042 -0.685599 0.0 -0.601089 -0.685288 0.0 -0.601135 -0.684977 0.0 -0.601183 -0.684667 0.0 -0.601231 -0.684357 0.0 -0.601281 -0.684046 0.0 -0.601331 -0.683736 0.0 -0.601383 -0.683426 0.0 -0.601436 -0.683117 0.0 -0.60149 -0.682807 0.0 -0.601544 -0.682498 0.0 -0.6016 -0.682189 0.0 -0.601655 -0.681879 0.0 -0.601713 -0.681571 0.0 -0.601771 -0.681262 0.0 -0.601831 -0.680953 0.0 -0.601891 -0.680645 0.0 -0.601953 -0.680337 0.0 -0.602014 -0.680029 0.0 -0.602078 -0.679721 0.0 -0.602142 -0.679414 0.0 -0.602208 -0.679107 0.0 -0.602273 -0.678799 0.0 -0.602341 -0.678492 0.0 -0.602408 -0.678186 0.0 -0.602478 -0.677879 0.0 -0.602547 -0.677573 0.0 -0.602619 -0.677267 0.0 -0.60269 -0.676961 0.0 -0.602763 -0.676656 0.0 -0.602837 -0.67635 0.0 -0.602912 -0.676045 0.0 -0.602987 -0.67574 0.0 -0.603065 -0.675436 0.0 -0.603142 -0.675131 0.0 -0.603221 -0.674827 0.0 -0.6033 -0.674523 0.0 -0.603381 -0.674219 0.0 -0.603462 -0.673916 0.0 -0.603545 -0.673613 0.0 -0.603628 -0.67331 0.0 -0.603712 -0.673007 0.0 -0.603797 -0.672705 0.0 -0.603884 -0.672403 0.0 -0.603971 -0.672101 0.0 -0.604059 -0.671799 0.0 -0.604148 -0.671498 0.0 -0.604238 -0.671197 0.0 -0.604329 -0.670896 0.0 -0.604421 -0.670596 0.0 -0.604514 -0.670296 0.0 -0.604608 -0.669996 0.0 -0.604702 -0.669696 0.0 -0.604798 -0.669397 0.0 -0.604894 -0.669098 0.0 -0.604992 -0.6688 0.0 -0.60509 -0.668501 0.0 -0.60519 -0.668203 0.0 -0.60529 -0.667906 0.0 -0.605392 -0.667608 0.0 -0.605494 -0.667311 0.0 -0.605597 -0.667015 0.0 -0.605701 -0.666718 0.0 -0.605806 -0.666422 0.0 -0.605912 -0.666126 0.0 -0.606019 -0.665831 0.0 -0.606127 -0.665536 0.0 -0.606236 -0.665241 0.0 -0.606345 -0.664947 0.0 -0.606456 -0.664653 0.0 -0.606567 -0.664359 0.0 -0.60668 -0.664066 0.0 -0.606793 -0.663772 0.0 -0.606908 -0.66348 0.0 -0.607022 -0.663188 0.0 -0.607139 -0.662896 0.0 -0.607255 -0.662604 0.0 -0.607374 -0.662313 0.0 -0.607492 -0.662022 0.0 -0.607613 -0.661732 0.0 -0.607733 -0.661442 0.0 -0.607855 -0.661152 0.0 -0.607977 -0.660863 0.0 -0.608101 -0.660574 0.0 -0.608225 -0.660285 0.0 -0.60835 -0.659997 0.0 -0.608476 -0.659709 0.0 -0.608603 -0.659422 0.0 -0.608731 -0.659135 0.0 -0.60886 -0.658849 0.0 -0.608989 -0.658562 0.0 -0.60912 -0.658277 0.0 -0.609252 -0.657991 0.0 -0.609384 -0.657707 0.0 -0.609517 -0.657422 0.0 -0.609652 -0.657138 0.0 -0.609787 -0.656854 0.0 -0.609923 -0.656571 0.0 -0.610059 -0.656288 0.0 -0.610198 -0.656006 0.0 -0.610336 -0.655724 0.0 -0.610476 -0.655443 0.0 -0.610616 -0.655162 0.0 -0.610758 -0.654881 0.0 -0.610899 -0.654601 0.0 -0.611043 -0.654321 0.0 -0.611186 -0.654042 0.0 -0.611332 -0.653763 0.0 -0.611477 -0.653485 0.0 -0.611624 -0.653207 0.0 -0.611771 -0.65293 0.0 -0.61192 -0.652653 0.0 -0.612068 -0.652376 0.0 -0.612219 -0.6521 0.0 -0.612369 -0.651825 0.0 -0.612522 -0.65155 0.0 -0.612674 -0.651275 0.0 -0.612828 -0.651001 0.0 -0.612982 -0.650727 0.0 -0.613137 -0.650454 0.0 -0.613293 -0.650181 0.0 -0.61345 -0.64991 0.0 -0.613608 -0.649638 0.0 -0.613767 -0.649367 0.0 -0.613926 -0.649096 0.0 -0.614087 -0.648826 0.0 -0.614247 -0.648556 0.0 -0.61441 -0.648287 0.0 -0.614572 -0.648018 0.0 -0.614736 -0.64775 0.0 -0.614901 -0.647483 0.0 -0.615066 -0.647216 0.0 -0.615232 -0.646949 0.0 -0.6154 -0.646683 0.0 -0.615567 -0.646417 0.0 -0.615736 -0.646153 0.0 -0.615906 -0.645888 0.0 -0.616076 -0.645624 0.0 -0.616247 -0.645361 0.0 -0.61642 -0.645098 0.0 -0.616592 -0.644835 0.0 -0.616766 -0.644574 0.0 -0.61694 -0.644312 0.0 -0.617116 -0.644052 0.0 -0.617292 -0.643792 0.0 -0.617469 -0.643532 0.0 -0.617647 -0.643273 0.0 -0.617826 -0.643015 0.0 -0.618005 -0.642757 0.0 -0.618185 -0.6425 0.0 -0.618366 -0.642243 0.0 -0.618548 -0.641987 0.0 -0.618731 -0.641731 0.0 -0.618914 -0.641476 0.0 -0.619098 -0.641221 0.0 -0.619284 -0.640968 0.0 -0.619469 -0.640714 0.0 -0.619656 -0.640462 0.0 -0.619843 -0.64021 0.0 -0.620032 -0.639958 0.0 -0.620221 -0.639707 0.0 -0.620411 -0.639457 0.0 -0.620601 -0.639207 0.0 -0.620793 -0.638958 0.0 -0.620984 -0.638709 0.0 -0.621178 -0.638462 0.0 -0.621371 -0.638214 0.0 -0.621566 -0.637968 0.0 -0.621761 -0.637721 0.0 -0.621957 -0.637476 0.0 -0.622154 -0.637231 0.0 -0.622352 -0.636987 0.0 -0.62255 -0.636743 0.0 -0.622749 -0.6365 0.0 -0.622949 -0.636258 0.0 -0.62315 -0.636016 0.0 -0.623351 -0.635775 0.0 -0.623553 -0.635535 0.0 -0.623756 -0.635294 0.0 -0.62396 -0.635056 0.0 -0.624164 -0.634817 0.0 -0.624369 -0.634579 0.0 -0.624575 -0.634341 0.0 -0.624782 -0.634105 0.0 -0.624989 -0.633869 0.0 -0.625197 -0.633634 0.0 -0.625406 -0.633399 0.0 -0.625616 -0.633165 0.0 -0.625826 -0.632931 0.0 -0.626037 -0.632699 0.0 -0.626249 -0.632467 0.0 -0.626462 -0.632236 0.0 -0.626674 -0.632005 0.0 -0.626889 -0.631775 0.0 -0.627103 -0.631545 0.0 -0.627319 -0.631317 0.0 -0.627535 -0.631089 0.0 -0.627752 -0.630862 0.0 -0.627969 -0.630635 0.0 -0.628188 -0.630409 0.0 -0.628406 -0.630183 0.0 -0.628626 -0.629959 0.0 -0.628846 -0.629735 0.0 -0.629068 -0.629512 0.0 -0.629289 -0.629289 0.0 -0.629512 -0.629068 0.0 -0.629735 -0.628846 0.0 -0.629959 -0.628626 0.0 -0.630183 -0.628406 0.0 -0.630409 -0.628188 0.0 -0.630635 -0.627969 0.0 -0.630862 -0.627752 0.0 -0.631089 -0.627535 0.0 -0.631317 -0.627319 0.0 -0.631545 -0.627103 0.0 -0.631775 -0.626889 0.0 -0.632005 -0.626674 0.0 -0.632236 -0.626462 0.0 -0.632467 -0.626249 0.0 -0.632699 -0.626037 0.0 -0.632931 -0.625826 0.0 -0.633165 -0.625616 0.0 -0.633399 -0.625406 0.0 -0.633634 -0.625197 0.0 -0.633869 -0.624989 0.0 -0.634105 -0.624782 0.0 -0.634341 -0.624575 0.0 -0.634579 -0.624369 0.0 -0.634817 -0.624164 0.0 -0.635056 -0.62396 0.0 -0.635294 -0.623756 0.0 -0.635535 -0.623553 0.0 -0.635775 -0.623351 0.0 -0.636016 -0.62315 0.0 -0.636258 -0.622949 0.0 -0.6365 -0.622749 0.0 -0.636743 -0.62255 0.0 -0.636987 -0.622352 0.0 -0.637231 -0.622154 0.0 -0.637476 -0.621957 0.0 -0.637721 -0.621761 0.0 -0.637968 -0.621566 0.0 -0.638214 -0.621371 0.0 -0.638462 -0.621178 0.0 -0.638709 -0.620984 0.0 -0.638958 -0.620793 0.0 -0.639207 -0.620601 0.0 -0.639457 -0.620411 0.0 -0.639707 -0.620221 0.0 -0.639958 -0.620032 0.0 -0.64021 -0.619843 0.0 -0.640462 -0.619656 0.0 -0.640714 -0.619469 0.0 -0.640968 -0.619284 0.0 -0.641221 -0.619098 0.0 -0.641476 -0.618914 0.0 -0.641731 -0.618731 0.0 -0.641987 -0.618548 0.0 -0.642243 -0.618366 0.0 -0.6425 -0.618185 0.0 -0.642757 -0.618005 0.0 -0.643015 -0.617826 0.0 -0.643273 -0.617647 0.0 -0.643532 -0.617469 0.0 -0.643792 -0.617292 0.0 -0.644052 -0.617116 0.0 -0.644312 -0.61694 0.0 -0.644574 -0.616766 0.0 -0.644835 -0.616592 0.0 -0.645098 -0.61642 0.0 -0.645361 -0.616247 0.0 -0.645624 -0.616076 0.0 -0.645888 -0.615906 0.0 -0.646153 -0.615736 0.0 -0.646417 -0.615567 0.0 -0.646683 -0.6154 0.0 -0.646949 -0.615232 0.0 -0.647216 -0.615066 0.0 -0.647483 -0.614901 0.0 -0.64775 -0.614736 0.0 -0.648018 -0.614572 0.0 -0.648287 -0.61441 0.0 -0.648556 -0.614247 0.0 -0.648826 -0.614087 0.0 -0.649096 -0.613926 0.0 -0.649367 -0.613767 0.0 -0.649638 -0.613608 0.0 -0.64991 -0.61345 0.0 -0.650181 -0.613293 0.0 -0.650454 -0.613137 0.0 -0.650727 -0.612982 0.0 -0.651001 -0.612828 0.0 -0.651275 -0.612674 0.0 -0.65155 -0.612522 0.0 -0.651825 -0.612369 0.0 -0.6521 -0.612219 0.0 -0.652376 -0.612068 0.0 -0.652653 -0.61192 0.0 -0.65293 -0.611771 0.0 -0.653207 -0.611624 0.0 -0.653485 -0.611477 0.0 -0.653763 -0.611332 0.0 -0.654042 -0.611186 0.0 -0.654321 -0.611043 0.0 -0.654601 -0.610899 0.0 -0.654881 -0.610758 0.0 -0.655162 -0.610616 0.0 -0.655443 -0.610476 0.0 -0.655724 -0.610336 0.0 -0.656006 -0.610198 0.0 -0.656288 -0.610059 0.0 -0.656571 -0.609923 0.0 -0.656854 -0.609787 0.0 -0.657138 -0.609652 0.0 -0.657422 -0.609517 0.0 -0.657707 -0.609384 0.0 -0.657991 -0.609252 0.0 -0.658277 -0.60912 0.0 -0.658562 -0.608989 0.0 -0.658849 -0.60886 0.0 -0.659135 -0.608731 0.0 -0.659422 -0.608603 0.0 -0.659709 -0.608476 0.0 -0.659997 -0.60835 0.0 -0.660285 -0.608225 0.0 -0.660574 -0.608101 0.0 -0.660863 -0.607977 0.0 -0.661152 -0.607855 0.0 -0.661442 -0.607733 0.0 -0.661732 -0.607613 0.0 -0.662022 -0.607492 0.0 -0.662313 -0.607374 0.0 -0.662604 -0.607255 0.0 -0.662896 -0.607139 0.0 -0.663188 -0.607022 0.0 -0.66348 -0.606908 0.0 -0.663772 -0.606793 0.0 -0.664066 -0.60668 0.0 -0.664359 -0.606567 0.0 -0.664653 -0.606456 0.0 -0.664947 -0.606345 0.0 -0.665241 -0.606236 0.0 -0.665536 -0.606127 0.0 -0.665831 -0.606019 0.0 -0.666126 -0.605912 0.0 -0.666422 -0.605806 0.0 -0.666718 -0.605701 0.0 -0.667015 -0.605597 0.0 -0.667311 -0.605494 0.0 -0.667608 -0.605392 0.0 -0.667906 -0.60529 0.0 -0.668203 -0.60519 0.0 -0.668501 -0.60509 0.0 -0.6688 -0.604992 0.0 -0.669098 -0.604894 0.0 -0.669397 -0.604798 0.0 -0.669696 -0.604702 0.0 -0.669996 -0.604608 0.0 -0.670296 -0.604514 0.0 -0.670596 -0.604421 0.0 -0.670896 -0.604329 0.0 -0.671197 -0.604238 0.0 -0.671498 -0.604148 0.0 -0.671799 -0.604059 0.0 -0.672101 -0.603971 0.0 -0.672403 -0.603884 0.0 -0.672705 -0.603797 0.0 -0.673007 -0.603712 0.0 -0.67331 -0.603628 0.0 -0.673613 -0.603545 0.0 -0.673916 -0.603462 0.0 -0.674219 -0.603381 0.0 -0.674523 -0.6033 0.0 -0.674827 -0.603221 0.0 -0.675131 -0.603142 0.0 -0.675436 -0.603065 0.0 -0.67574 -0.602987 0.0 -0.676045 -0.602912 0.0 -0.67635 -0.602837 0.0 -0.676656 -0.602763 0.0 -0.676961 -0.60269 0.0 -0.677267 -0.602619 0.0 -0.677573 -0.602547 0.0 -0.677879 -0.602478 0.0 -0.678186 -0.602408 0.0 -0.678492 -0.602341 0.0 -0.678799 -0.602273 0.0 -0.679107 -0.602208 0.0 -0.679414 -0.602142 0.0 -0.679721 -0.602078 0.0 -0.680029 -0.602014 0.0 -0.680337 -0.601953 0.0 -0.680645 -0.601891 0.0 -0.680953 -0.601831 0.0 -0.681262 -0.601771 0.0 -0.681571 -0.601713 0.0 -0.681879 -0.601655 0.0 -0.682189 -0.6016 0.0 -0.682498 -0.601544 0.0 -0.682807 -0.60149 0.0 -0.683117 -0.601436 0.0 -0.683426 -0.601383 0.0 -0.683736 -0.601331 0.0 -0.684046 -0.601281 0.0 -0.684357 -0.601231 0.0 -0.684667 -0.601183 0.0 -0.684977 -0.601135 0.0 -0.685288 -0.601089 0.0 -0.685599 -0.601042 0.0 -0.68591 -0.600998 0.0 -0.686221 -0.600954 0.0 -0.686532 -0.600912 0.0 -0.686844 -0.600869 0.0 -0.687155 -0.600829 0.0 -0.687467 -0.600789 0.0 -0.687778 -0.60075 0.0 -0.68809 -0.600712 0.0 -0.688402 -0.600675 0.0 -0.688714 -0.600639 0.0 -0.689027 -0.600604 0.0 -0.689339 -0.60057 0.0 -0.689651 -0.600537 0.0 -0.689964 -0.600505 0.0 -0.690276 -0.600474 0.0 -0.690589 -0.600444 0.0 -0.690902 -0.600415 0.0 -0.691215 -0.600387 0.0 -0.691528 -0.60036 0.0 -0.691841 -0.600333 0.0 -0.692154 -0.600309 0.0 -0.692467 -0.600284 0.0 -0.692781 -0.600261 0.0 -0.693094 -0.600239 0.0 -0.693407 -0.600218 0.0 -0.693721 -0.600197 0.0 -0.694035 -0.600179 0.0 -0.694348 -0.60016 0.0 -0.694662 -0.600143 0.0 -0.694976 -0.600126 0.0 -0.695289 -0.600112 0.0 -0.695603 -0.600097 0.0 -0.695917 -0.600084 0.0 -0.696231 -0.600071 0.0 -0.696545 -0.60006 0.0 -0.696859 -0.600049 0.0 -0.697173 -0.60004 0.0 -0.697487 -0.600032 0.0 -0.697801 -0.600025 0.0 -0.698115 -0.600018 0.0 -0.698429 -0.600013 0.0 -0.698743 -0.600008 0.0 -0.699058 -0.600005 0.0 -0.699372 -0.600002 0.0 -0.699686 -0.600001 0.0 -0.7 -0.6 0.0 -0.700314 -0.600001 0.0 -0.700628 -0.600002 0.0 -0.700942 -0.600005 0.0 -0.701257 -0.600008 0.0 -0.701571 -0.600013 0.0 -0.701885 -0.600018 0.0 -0.702199 -0.600025 0.0 -0.702513 -0.600032 0.0 -0.702827 -0.60004 0.0 -0.703141 -0.600049 0.0 -0.703455 -0.60006 0.0 -0.703769 -0.600071 0.0 -0.704083 -0.600084 0.0 -0.704397 -0.600097 0.0 -0.704711 -0.600112 0.0 -0.705024 -0.600126 0.0 -0.705338 -0.600143 0.0 -0.705652 -0.60016 0.0 -0.705965 -0.600179 0.0 -0.706279 -0.600197 0.0 -0.706593 -0.600218 0.0 -0.706906 -0.600239 0.0 -0.707219 -0.600261 0.0 -0.707533 -0.600284 0.0 -0.707846 -0.600309 0.0 -0.708159 -0.600333 0.0 -0.708472 -0.60036 0.0 -0.708785 -0.600387 0.0 -0.709098 -0.600415 0.0 -0.709411 -0.600444 0.0 -0.709724 -0.600474 0.0 -0.710036 -0.600505 0.0 -0.710349 -0.600537 0.0 -0.710661 -0.60057 0.0 -0.710973 -0.600604 0.0 -0.711286 -0.600639 0.0 -0.711598 -0.600675 0.0 -0.71191 -0.600712 0.0 -0.712222 -0.60075 0.0 -0.712533 -0.600789 0.0 -0.712845 -0.600829 0.0 -0.713156 -0.600869 0.0 -0.713468 -0.600912 0.0 -0.713779 -0.600954 0.0 -0.71409 -0.600998 0.0 -0.714401 -0.601042 0.0 -0.714712 -0.601089 0.0 -0.715023 -0.601135 0.0 -0.715333 -0.601183 0.0 -0.715643 -0.601231 0.0 -0.715954 -0.601281 0.0 -0.716264 -0.601331 0.0 -0.716574 -0.601383 0.0 -0.716883 -0.601436 0.0 -0.717193 -0.60149 0.0 -0.717502 -0.601544 0.0 -0.717811 -0.6016 0.0 -0.718121 -0.601655 0.0 -0.718429 -0.601713 0.0 -0.718738 -0.601771 0.0 -0.719047 -0.601831 0.0 -0.719355 -0.601891 0.0 -0.719663 -0.601953 0.0 -0.719971 -0.602014 0.0 -0.720279 -0.602078 0.0 -0.720586 -0.602142 0.0 -0.720893 -0.602208 0.0 -0.721201 -0.602273 0.0 -0.721508 -0.602341 0.0 -0.721814 -0.602408 0.0 -0.722121 -0.602478 0.0 -0.722427 -0.602547 0.0 -0.722733 -0.602619 0.0 -0.723039 -0.60269 0.0 -0.723344 -0.602763 0.0 -0.72365 -0.602837 0.0 -0.723955 -0.602912 0.0 -0.72426 -0.602987 0.0 -0.724564 -0.603065 0.0 -0.724869 -0.603142 0.0 -0.725173 -0.603221 0.0 -0.725477 -0.6033 0.0 -0.725781 -0.603381 0.0 -0.726084 -0.603462 0.0 -0.726387 -0.603545 0.0 -0.72669 -0.603628 0.0 -0.726993 -0.603712 0.0 -0.727295 -0.603797 0.0 -0.727597 -0.603884 0.0 -0.727899 -0.603971 0.0 -0.728201 -0.604059 0.0 -0.728502 -0.604148 0.0 -0.728803 -0.604238 0.0 -0.729104 -0.604329 0.0 -0.729404 -0.604421 0.0 -0.729704 -0.604514 0.0 -0.730004 -0.604608 0.0 -0.730304 -0.604702 0.0 -0.730603 -0.604798 0.0 -0.730902 -0.604894 0.0 -0.7312 -0.604992 0.0 -0.731499 -0.60509 0.0 -0.731797 -0.60519 0.0 -0.732094 -0.60529 0.0 -0.732392 -0.605392 0.0 -0.732689 -0.605494 0.0 -0.732985 -0.605597 0.0 -0.733282 -0.605701 0.0 -0.733578 -0.605806 0.0 -0.733874 -0.605912 0.0 -0.734169 -0.606019 0.0 -0.734464 -0.606127 0.0 -0.734759 -0.606236 0.0 -0.735053 -0.606345 0.0 -0.735347 -0.606456 0.0 -0.735641 -0.606567 0.0 -0.735934 -0.60668 0.0 -0.736228 -0.606793 0.0 -0.73652 -0.606908 0.0 -0.736812 -0.607022 0.0 -0.737104 -0.607139 0.0 -0.737396 -0.607255 0.0 -0.737687 -0.607374 0.0 -0.737978 -0.607492 0.0 -0.738268 -0.607613 0.0 -0.738558 -0.607733 0.0 -0.738848 -0.607855 0.0 -0.739137 -0.607977 0.0 -0.739426 -0.608101 0.0 -0.739715 -0.608225 0.0 -0.740003 -0.60835 0.0 -0.740291 -0.608476 0.0 -0.740578 -0.608603 0.0 -0.740865 -0.608731 0.0 -0.741151 -0.60886 0.0 -0.741438 -0.608989 0.0 -0.741723 -0.60912 0.0 -0.742009 -0.609252 0.0 -0.742293 -0.609384 0.0 -0.742578 -0.609517 0.0 -0.742862 -0.609652 0.0 -0.743146 -0.609787 0.0 -0.743429 -0.609923 0.0 -0.743712 -0.610059 0.0 -0.743994 -0.610198 0.0 -0.744276 -0.610336 0.0 -0.744557 -0.610476 0.0 -0.744838 -0.610616 0.0 -0.745119 -0.610758 0.0 -0.745399 -0.610899 0.0 -0.745679 -0.611043 0.0 -0.745958 -0.611186 0.0 -0.746237 -0.611332 0.0 -0.746515 -0.611477 0.0 -0.746793 -0.611624 0.0 -0.74707 -0.611771 0.0 -0.747347 -0.61192 0.0 -0.747624 -0.612068 0.0 -0.7479 -0.612219 0.0 -0.748175 -0.612369 0.0 -0.74845 -0.612522 0.0 -0.748725 -0.612674 0.0 -0.748999 -0.612828 0.0 -0.749273 -0.612982 0.0 -0.749546 -0.613137 0.0 -0.749819 -0.613293 0.0 -0.75009 -0.61345 0.0 -0.750362 -0.613608 0.0 -0.750633 -0.613767 0.0 -0.750904 -0.613926 0.0 -0.751174 -0.614087 0.0 -0.751444 -0.614247 0.0 -0.751713 -0.61441 0.0 -0.751982 -0.614572 0.0 -0.75225 -0.614736 0.0 -0.752517 -0.614901 0.0 -0.752784 -0.615066 0.0 -0.753051 -0.615232 0.0 -0.753317 -0.6154 0.0 -0.753583 -0.615567 0.0 -0.753847 -0.615736 0.0 -0.754112 -0.615906 0.0 -0.754376 -0.616076 0.0 -0.754639 -0.616247 0.0 -0.754902 -0.61642 0.0 -0.755165 -0.616592 0.0 -0.755426 -0.616766 0.0 -0.755688 -0.61694 0.0 -0.755948 -0.617116 0.0 -0.756208 -0.617292 0.0 -0.756468 -0.617469 0.0 -0.756727 -0.617647 0.0 -0.756985 -0.617826 0.0 -0.757243 -0.618005 0.0 -0.7575 -0.618185 0.0 -0.757757 -0.618366 0.0 -0.758013 -0.618548 0.0 -0.758269 -0.618731 0.0 -0.758524 -0.618914 0.0 -0.758779 -0.619098 0.0 -0.759032 -0.619284 0.0 -0.759286 -0.619469 0.0 -0.759538 -0.619656 0.0 -0.75979 -0.619843 0.0 -0.760042 -0.620032 0.0 -0.760293 -0.620221 0.0 -0.760543 -0.620411 0.0 -0.760793 -0.620601 0.0 -0.761042 -0.620793 0.0 -0.761291 -0.620984 0.0 -0.761538 -0.621178 0.0 -0.761786 -0.621371 0.0 -0.762032 -0.621566 0.0 -0.762279 -0.621761 0.0 -0.762524 -0.621957 0.0 -0.762769 -0.622154 0.0 -0.763013 -0.622352 0.0 -0.763257 -0.62255 0.0 -0.7635 -0.622749 0.0 -0.763742 -0.622949 0.0 -0.763984 -0.62315 0.0 -0.764225 -0.623351 0.0 -0.764465 -0.623553 0.0 -0.764706 -0.623756 0.0 -0.764944 -0.62396 0.0 -0.765183 -0.624164 0.0 -0.765421 -0.624369 0.0 -0.765659 -0.624575 0.0 -0.765895 -0.624782 0.0 -0.766131 -0.624989 0.0 -0.766366 -0.625197 0.0 -0.766601 -0.625406 0.0 -0.766835 -0.625616 0.0 -0.767069 -0.625826 0.0 -0.767301 -0.626037 0.0 -0.767533 -0.626249 0.0 -0.767764 -0.626462 0.0 -0.767995 -0.626674 0.0 -0.768225 -0.626889 0.0 -0.768455 -0.627103 0.0 -0.768683 -0.627319 0.0 -0.768911 -0.627535 0.0 -0.769138 -0.627752 0.0 -0.769365 -0.627969 0.0 -0.769591 -0.628188 0.0 -0.769817 -0.628406 0.0 -0.770041 -0.628626 0.0 -0.770265 -0.628846 0.0 -0.770488 -0.629068 0.0 -0.770711 -0.629289 0.0 -0.770932 -0.629512 0.0 -0.771154 -0.629735 0.0 -0.771374 -0.629959 0.0 -0.771594 -0.630183 0.0 -0.771812 -0.630409 0.0 -0.772031 -0.630635 0.0 -0.772248 -0.630862 0.0 -0.772465 -0.631089 0.0 -0.772681 -0.631317 0.0 -0.772897 -0.631545 0.0 -0.773111 -0.631775 0.0 -0.773326 -0.632005 0.0 -0.773538 -0.632236 0.0 -0.773751 -0.632467 0.0 -0.773963 -0.632699 0.0 -0.774174 -0.632931 0.0 -0.774384 -0.633165 0.0 -0.774594 -0.633399 0.0 -0.774803 -0.633634 0.0 -0.775011 -0.633869 0.0 -0.775218 -0.634105 0.0 -0.775425 -0.634341 0.0 -0.775631 -0.634579 0.0 -0.775836 -0.634817 0.0 -0.77604 -0.635056 0.0 -0.776244 -0.635294 0.0 -0.776447 -0.635535 0.0 -0.776649 -0.635775 0.0 -0.77685 -0.636016 0.0 -0.777051 -0.636258 0.0 -0.777251 -0.6365 0.0 -0.77745 -0.636743 0.0 -0.777648 -0.636987 0.0 -0.777846 -0.637231 0.0 -0.778043 -0.637476 0.0 -0.778239 -0.637721 0.0 -0.778434 -0.637968 0.0 -0.778629 -0.638214 0.0 -0.778822 -0.638462 0.0 -0.779016 -0.638709 0.0 -0.779207 -0.638958 0.0 -0.779399 -0.639207 0.0 -0.779589 -0.639457 0.0 -0.779779 -0.639707 0.0 -0.779968 -0.639958 0.0 -0.780157 -0.64021 0.0 -0.780344 -0.640462 0.0 -0.780531 -0.640714 0.0 -0.780716 -0.640968 0.0 -0.780902 -0.641221 0.0 -0.781086 -0.641476 0.0 -0.781269 -0.641731 0.0 -0.781452 -0.641987 0.0 -0.781634 -0.642243 0.0 -0.781815 -0.6425 0.0 -0.781995 -0.642757 0.0 -0.782174 -0.643015 0.0 -0.782353 -0.643273 0.0 -0.782531 -0.643532 0.0 -0.782708 -0.643792 0.0 -0.782884 -0.644052 0.0 -0.78306 -0.644312 0.0 -0.783234 -0.644574 0.0 -0.783408 -0.644835 0.0 -0.78358 -0.645098 0.0 -0.783753 -0.645361 0.0 -0.783924 -0.645624 0.0 -0.784094 -0.645888 0.0 -0.784264 -0.646153 0.0 -0.784433 -0.646417 0.0 -0.7846 -0.646683 0.0 -0.784768 -0.646949 0.0 -0.784934 -0.647216 0.0 -0.785099 -0.647483 0.0 -0.785264 -0.64775 0.0 -0.785428 -0.648018 0.0 -0.78559 -0.648287 0.0 -0.785753 -0.648556 0.0 -0.785913 -0.648826 0.0 -0.786074 -0.649096 0.0 -0.786233 -0.649367 0.0 -0.786392 -0.649638 0.0 -0.78655 -0.64991 0.0 -0.786707 -0.650181 0.0 -0.786863 -0.650454 0.0 -0.787018 -0.650727 0.0 -0.787172 -0.651001 0.0 -0.787326 -0.651275 0.0 -0.787478 -0.65155 0.0 -0.787631 -0.651825 0.0 -0.787781 -0.6521 0.0 -0.787932 -0.652376 0.0 -0.78808 -0.652653 0.0 -0.788229 -0.65293 0.0 -0.788376 -0.653207 0.0 -0.788523 -0.653485 0.0 -0.788668 -0.653763 0.0 -0.788814 -0.654042 0.0 -0.788957 -0.654321 0.0 -0.789101 -0.654601 0.0 -0.789242 -0.654881 0.0 -0.789384 -0.655162 0.0 -0.789524 -0.655443 0.0 -0.789664 -0.655724 0.0 -0.789802 -0.656006 0.0 -0.789941 -0.656288 0.0 -0.790077 -0.656571 0.0 -0.790213 -0.656854 0.0 -0.790348 -0.657138 0.0 -0.790483 -0.657422 0.0 -0.790616 -0.657707 0.0 -0.790748 -0.657991 0.0 -0.79088 -0.658277 0.0 -0.791011 -0.658562 0.0 -0.79114 -0.658849 0.0 -0.791269 -0.659135 0.0 -0.791397 -0.659422 0.0 -0.791524 -0.659709 0.0 -0.79165 -0.659997 0.0 -0.791775 -0.660285 0.0 -0.791899 -0.660574 0.0 -0.792023 -0.660863 0.0 -0.792145 -0.661152 0.0 -0.792267 -0.661442 0.0 -0.792387 -0.661732 0.0 -0.792508 -0.662022 0.0 -0.792626 -0.662313 0.0 -0.792745 -0.662604 0.0 -0.792861 -0.662896 0.0 -0.792978 -0.663188 0.0 -0.793092 -0.66348 0.0 -0.793207 -0.663772 0.0 -0.79332 -0.664066 0.0 -0.793433 -0.664359 0.0 -0.793544 -0.664653 0.0 -0.793655 -0.664947 0.0 -0.793764 -0.665241 0.0 -0.793873 -0.665536 0.0 -0.793981 -0.665831 0.0 -0.794088 -0.666126 0.0 -0.794194 -0.666422 0.0 -0.794299 -0.666718 0.0 -0.794403 -0.667015 0.0 -0.794506 -0.667311 0.0 -0.794608 -0.667608 0.0 -0.79471 -0.667906 0.0 -0.79481 -0.668203 0.0 -0.79491 -0.668501 0.0 -0.795008 -0.6688 0.0 -0.795106 -0.669098 0.0 -0.795202 -0.669397 0.0 -0.795298 -0.669696 0.0 -0.795392 -0.669996 0.0 -0.795486 -0.670296 0.0 -0.795579 -0.670596 0.0 -0.795671 -0.670896 0.0 -0.795762 -0.671197 0.0 -0.795852 -0.671498 0.0 -0.795941 -0.671799 0.0 -0.796029 -0.672101 0.0 -0.796116 -0.672403 0.0 -0.796203 -0.672705 0.0 -0.796288 -0.673007 0.0 -0.796372 -0.67331 0.0 -0.796455 -0.673613 0.0 -0.796538 -0.673916 0.0 -0.796619 -0.674219 0.0 -0.7967 -0.674523 0.0 -0.796779 -0.674827 0.0 -0.796858 -0.675131 0.0 -0.796935 -0.675436 0.0 -0.797013 -0.67574 0.0 -0.797088 -0.676045 0.0 -0.797163 -0.67635 0.0 -0.797237 -0.676656 0.0 -0.79731 -0.676961 0.0 -0.797381 -0.677267 0.0 -0.797453 -0.677573 0.0 -0.797522 -0.677879 0.0 -0.797592 -0.678186 0.0 -0.797659 -0.678492 0.0 -0.797727 -0.678799 0.0 -0.797792 -0.679107 0.0 -0.797858 -0.679414 0.0 -0.797922 -0.679721 0.0 -0.797986 -0.680029 0.0 -0.798047 -0.680337 0.0 -0.798109 -0.680645 0.0 -0.798169 -0.680953 0.0 -0.798229 -0.681262 0.0 -0.798287 -0.681571 0.0 -0.798345 -0.681879 0.0 -0.7984 -0.682189 0.0 -0.798456 -0.682498 0.0 -0.79851 -0.682807 0.0 -0.798564 -0.683117 0.0 -0.798617 -0.683426 0.0 -0.798669 -0.683736 0.0 -0.798719 -0.684046 0.0 -0.798769 -0.684357 0.0 -0.798817 -0.684667 0.0 -0.798865 -0.684977 0.0 -0.798911 -0.685288 0.0 -0.798958 -0.685599 0.0 -0.799002 -0.68591 0.0 -0.799046 -0.686221 0.0 -0.799088 -0.686532 0.0 -0.799131 -0.686844 0.0 -0.799171 -0.687155 0.0 -0.799211 -0.687467 0.0 -0.79925 -0.687778 0.0 -0.799288 -0.68809 0.0 -0.799325 -0.688402 0.0 -0.799361 -0.688714 0.0 -0.799396 -0.689027 0.0 -0.79943 -0.689339 0.0 -0.799463 -0.689651 0.0 -0.799495 -0.689964 0.0 -0.799526 -0.690276 0.0 -0.799556 -0.690589 0.0 -0.799585 -0.690902 0.0 -0.799613 -0.691215 0.0 -0.79964 -0.691528 0.0 -0.799667 -0.691841 0.0 -0.799691 -0.692154 0.0 -0.799716 -0.692467 0.0 -0.799739 -0.692781 0.0 -0.799761 -0.693094 0.0 -0.799782 -0.693407 0.0 -0.799803 -0.693721 0.0 -0.799821 -0.694035 0.0 -0.79984 -0.694348 0.0 -0.799857 -0.694662 0.0 -0.799874 -0.694976 0.0 -0.799888 -0.695289 0.0 -0.799903 -0.695603 0.0 -0.799916 -0.695917 0.0 -0.799929 -0.696231 0.0 -0.79994 -0.696545 0.0 -0.799951 -0.696859 0.0 -0.79996 -0.697173 0.0 -0.799968 -0.697487 0.0 -0.799975 -0.697801 0.0 -0.799982 -0.698115 0.0 -0.799987 -0.698429 0.0 -0.799992 -0.698743 0.0 -0.799995 -0.699058 0.0 -0.799998 -0.699372 0.0 -0.799999 -0.699686 0.0 -0.8 -0.7 0.0 -0.799999 -0.700314 0.0 -0.799998 -0.700628 0.0 -0.799995 -0.700942 0.0 -0.799992 -0.701257 0.0 -0.799987 -0.701571 0.0 -0.799982 -0.701885 0.0 -0.799975 -0.702199 0.0 -0.799968 -0.702513 0.0 -0.79996 -0.702827 0.0 -0.799951 -0.703141 0.0 -0.79994 -0.703455 0.0 -0.799929 -0.703769 0.0 -0.799916 -0.704083 0.0 -0.799903 -0.704397 0.0 -0.799888 -0.704711 0.0 -0.799874 -0.705024 0.0 -0.799857 -0.705338 0.0 -0.79984 -0.705652 0.0 -0.799821 -0.705965 0.0 -0.799803 -0.706279 0.0 -0.799782 -0.706593 0.0 -0.799761 -0.706906 0.0 -0.799739 -0.707219 0.0 -0.799716 -0.707533 0.0 -0.799691 -0.707846 0.0 -0.799667 -0.708159 0.0 -0.79964 -0.708472 0.0 -0.799613 -0.708785 0.0 -0.799585 -0.709098 0.0 -0.799556 -0.709411 0.0 -0.799526 -0.709724 0.0 -0.799495 -0.710036 0.0 -0.799463 -0.710349 0.0 -0.79943 -0.710661 0.0 -0.799396 -0.710973 0.0 -0.799361 -0.711286 0.0 -0.799325 -0.711598 0.0 -0.799288 -0.71191 0.0 -0.79925 -0.712222 0.0 -0.799211 -0.712533 0.0 -0.799171 -0.712845 0.0 -0.799131 -0.713156 0.0 -0.799088 -0.713468 0.0 -0.799046 -0.713779 0.0 -0.799002 -0.71409 0.0 -0.798958 -0.714401 0.0 -0.798911 -0.714712 0.0 -0.798865 -0.715023 0.0 -0.798817 -0.715333 0.0 -0.798769 -0.715643 0.0 -0.798719 -0.715954 0.0 -0.798669 -0.716264 0.0 -0.798617 -0.716574 0.0 -0.798564 -0.716883 0.0 -0.79851 -0.717193 0.0 -0.798456 -0.717502 0.0 -0.7984 -0.717811 0.0 -0.798345 -0.718121 0.0 -0.798287 -0.718429 0.0 -0.798229 -0.718738 0.0 -0.798169 -0.719047 0.0 -0.798109 -0.719355 0.0 -0.798047 -0.719663 0.0 -0.797986 -0.719971 0.0 -0.797922 -0.720279 0.0 -0.797858 -0.720586 0.0 -0.797792 -0.720893 0.0 -0.797727 -0.721201 0.0 -0.797659 -0.721508 0.0 -0.797592 -0.721814 0.0 -0.797522 -0.722121 0.0 -0.797453 -0.722427 0.0 -0.797381 -0.722733 0.0 -0.79731 -0.723039 0.0 -0.797237 -0.723344 0.0 -0.797163 -0.72365 0.0 -0.797088 -0.723955 0.0 -0.797013 -0.72426 0.0 -0.796935 -0.724564 0.0 -0.796858 -0.724869 0.0 -0.796779 -0.725173 0.0 -0.7967 -0.725477 0.0 -0.796619 -0.725781 0.0 -0.796538 -0.726084 0.0 -0.796455 -0.726387 0.0 -0.796372 -0.72669 0.0 -0.796288 -0.726993 0.0 -0.796203 -0.727295 0.0 -0.796116 -0.727597 0.0 -0.796029 -0.727899 0.0 -0.795941 -0.728201 0.0 -0.795852 -0.728502 0.0 -0.795762 -0.728803 0.0 -0.795671 -0.729104 0.0 -0.795579 -0.729404 0.0 -0.795486 -0.729704 0.0 -0.795392 -0.730004 0.0 -0.795298 -0.730304 0.0 -0.795202 -0.730603 0.0 -0.795106 -0.730902 0.0 -0.795008 -0.7312 0.0 -0.79491 -0.731499 0.0 -0.79481 -0.731797 0.0 -0.79471 -0.732094 0.0 -0.794608 -0.732392 0.0 -0.794506 -0.732689 0.0 -0.794403 -0.732985 0.0 -0.794299 -0.733282 0.0 -0.794194 -0.733578 0.0 -0.794088 -0.733874 0.0 -0.793981 -0.734169 0.0 -0.793873 -0.734464 0.0 -0.793764 -0.734759 0.0 -0.793655 -0.735053 0.0 -0.793544 -0.735347 0.0 -0.793433 -0.735641 0.0 -0.79332 -0.735934 0.0 -0.793207 -0.736228 0.0 -0.793092 -0.73652 0.0 -0.792978 -0.736812 0.0 -0.792861 -0.737104 0.0 -0.792745 -0.737396 0.0 -0.792626 -0.737687 0.0 -0.792508 -0.737978 0.0 -0.792387 -0.738268 0.0 -0.792267 -0.738558 0.0 -0.792145 -0.738848 0.0 -0.792023 -0.739137 0.0 -0.791899 -0.739426 0.0 -0.791775 -0.739715 0.0 -0.79165 -0.740003 0.0 -0.791524 -0.740291 0.0 -0.791397 -0.740578 0.0 -0.791269 -0.740865 0.0 -0.79114 -0.741151 0.0 -0.791011 -0.741438 0.0 -0.79088 -0.741723 0.0 -0.790748 -0.742009 0.0 -0.790616 -0.742293 0.0 -0.790483 -0.742578 0.0 -0.790348 -0.742862 0.0 -0.790213 -0.743146 0.0 -0.790077 -0.743429 0.0 -0.789941 -0.743712 0.0 -0.789802 -0.743994 0.0 -0.789664 -0.744276 0.0 -0.789524 -0.744557 0.0 -0.789384 -0.744838 0.0 -0.789242 -0.745119 0.0 -0.789101 -0.745399 0.0 -0.788957 -0.745679 0.0 -0.788814 -0.745958 0.0 -0.788668 -0.746237 0.0 -0.788523 -0.746515 0.0 -0.788376 -0.746793 0.0 -0.788229 -0.74707 0.0 -0.78808 -0.747347 0.0 -0.787932 -0.747624 0.0 -0.787781 -0.7479 0.0 -0.787631 -0.748175 0.0 -0.787478 -0.74845 0.0 -0.787326 -0.748725 0.0 -0.787172 -0.748999 0.0 -0.787018 -0.749273 0.0 -0.786863 -0.749546 0.0 -0.786707 -0.749819 0.0 -0.78655 -0.75009 0.0 -0.786392 -0.750362 0.0 -0.786233 -0.750633 0.0 -0.786074 -0.750904 0.0 -0.785913 -0.751174 0.0 -0.785753 -0.751444 0.0 -0.78559 -0.751713 0.0 -0.785428 -0.751982 0.0 -0.785264 -0.75225 0.0 -0.785099 -0.752517 0.0 -0.784934 -0.752784 0.0 -0.784768 -0.753051 0.0 -0.7846 -0.753317 0.0 -0.784433 -0.753583 0.0 -0.784264 -0.753847 0.0 -0.784094 -0.754112 0.0 -0.783924 -0.754376 0.0 -0.783753 -0.754639 0.0 -0.78358 -0.754902 0.0 -0.783408 -0.755165 0.0 -0.783234 -0.755426 0.0 -0.78306 -0.755688 0.0 -0.782884 -0.755948 0.0 -0.782708 -0.756208 0.0 -0.782531 -0.756468 0.0 -0.782353 -0.756727 0.0 -0.782174 -0.756985 0.0 -0.781995 -0.757243 0.0 -0.781815 -0.7575 0.0 -0.781634 -0.757757 0.0 -0.781452 -0.758013 0.0 -0.781269 -0.758269 0.0 -0.781086 -0.758524 0.0 -0.780902 -0.758779 0.0 -0.780716 -0.759032 0.0 -0.780531 -0.759286 0.0 -0.780344 -0.759538 0.0 -0.780157 -0.75979 0.0 -0.779968 -0.760042 0.0 -0.779779 -0.760293 0.0 -0.779589 -0.760543 0.0 -0.779399 -0.760793 0.0 -0.779207 -0.761042 0.0 -0.779016 -0.761291 0.0 -0.778822 -0.761538 0.0 -0.778629 -0.761786 0.0 -0.778434 -0.762032 0.0 -0.778239 -0.762279 0.0 -0.778043 -0.762524 0.0 -0.777846 -0.762769 0.0 -0.777648 -0.763013 0.0 -0.77745 -0.763257 0.0 -0.777251 -0.7635 0.0 -0.777051 -0.763742 0.0 -0.77685 -0.763984 0.0 -0.776649 -0.764225 0.0 -0.776447 -0.764465 0.0 -0.776244 -0.764706 0.0 -0.77604 -0.764944 0.0 -0.775836 -0.765183 0.0 -0.775631 -0.765421 0.0 -0.775425 -0.765659 0.0 -0.775218 -0.765895 0.0 -0.775011 -0.766131 0.0 -0.774803 -0.766366 0.0 -0.774594 -0.766601 0.0 -0.774384 -0.766835 0.0 -0.774174 -0.767069 0.0 -0.773963 -0.767301 0.0 -0.773751 -0.767533 0.0 -0.773538 -0.767764 0.0 -0.773326 -0.767995 0.0 -0.773111 -0.768225 0.0 -0.772897 -0.768455 0.0 -0.772681 -0.768683 0.0 -0.772465 -0.768911 0.0 -0.772248 -0.769138 0.0 -0.772031 -0.769365 0.0 -0.771812 -0.769591 0.0 -0.771594 -0.769817 0.0 -0.771374 -0.770041 0.0 -0.771154 -0.770265 0.0 -0.770932 -0.770488 0.0 -0.770711 -0.770711 0.0 -0.770488 -0.770932 0.0 -0.770265 -0.771154 0.0 -0.770041 -0.771374 0.0 -0.769817 -0.771594 0.0 -0.769591 -0.771812 0.0 -0.769365 -0.772031 0.0 -0.769138 -0.772248 0.0 -0.768911 -0.772465 0.0 -0.768683 -0.772681 0.0 -0.768455 -0.772897 0.0 -0.768225 -0.773111 0.0 -0.767995 -0.773326 0.0 -0.767764 -0.773538 0.0 -0.767533 -0.773751 0.0 -0.767301 -0.773963 0.0 -0.767069 -0.774174 0.0 -0.766835 -0.774384 0.0 -0.766601 -0.774594 0.0 -0.766366 -0.774803 0.0 -0.766131 -0.775011 0.0 -0.765895 -0.775218 0.0 -0.765659 -0.775425 0.0 -0.765421 -0.775631 0.0 -0.765183 -0.775836 0.0 -0.764944 -0.77604 0.0 -0.764706 -0.776244 0.0 -0.764465 -0.776447 0.0 -0.764225 -0.776649 0.0 -0.763984 -0.77685 0.0 -0.763742 -0.777051 0.0 -0.7635 -0.777251 0.0 -0.763257 -0.77745 0.0 -0.763013 -0.777648 0.0 -0.762769 -0.777846 0.0 -0.762524 -0.778043 0.0 -0.762279 -0.778239 0.0 -0.762032 -0.778434 0.0 -0.761786 -0.778629 0.0 -0.761538 -0.778822 0.0 -0.761291 -0.779016 0.0 -0.761042 -0.779207 0.0 -0.760793 -0.779399 0.0 -0.760543 -0.779589 0.0 -0.760293 -0.779779 0.0 -0.760042 -0.779968 0.0 -0.75979 -0.780157 0.0 -0.759538 -0.780344 0.0 -0.759286 -0.780531 0.0 -0.759032 -0.780716 0.0 -0.758779 -0.780902 0.0 -0.758524 -0.781086 0.0 -0.758269 -0.781269 0.0 -0.758013 -0.781452 0.0 -0.757757 -0.781634 0.0 -0.7575 -0.781815 0.0 -0.757243 -0.781995 0.0 -0.756985 -0.782174 0.0 -0.756727 -0.782353 0.0 -0.756468 -0.782531 0.0 -0.756208 -0.782708 0.0 -0.755948 -0.782884 0.0 -0.755688 -0.78306 0.0 -0.755426 -0.783234 0.0 -0.755165 -0.783408 0.0 -0.754902 -0.78358 0.0 -0.754639 -0.783753 0.0 -0.754376 -0.783924 0.0 -0.754112 -0.784094 0.0 -0.753847 -0.784264 0.0 -0.753583 -0.784433 0.0 -0.753317 -0.7846 0.0 -0.753051 -0.784768 0.0 -0.752784 -0.784934 0.0 -0.752517 -0.785099 0.0 -0.75225 -0.785264 0.0 -0.751982 -0.785428 0.0 -0.751713 -0.78559 0.0 -0.751444 -0.785753 0.0 -0.751174 -0.785913 0.0 -0.750904 -0.786074 0.0 -0.750633 -0.786233 0.0 -0.750362 -0.786392 0.0 -0.75009 -0.78655 0.0 -0.749819 -0.786707 0.0 -0.749546 -0.786863 0.0 -0.749273 -0.787018 0.0 -0.748999 -0.787172 0.0 -0.748725 -0.787326 0.0 -0.74845 -0.787478 0.0 -0.748175 -0.787631 0.0 -0.7479 -0.787781 0.0 -0.747624 -0.787932 0.0 -0.747347 -0.78808 0.0 -0.74707 -0.788229 0.0 -0.746793 -0.788376 0.0 -0.746515 -0.788523 0.0 -0.746237 -0.788668 0.0 -0.745958 -0.788814 0.0 -0.745679 -0.788957 0.0 -0.745399 -0.789101 0.0 -0.745119 -0.789242 0.0 -0.744838 -0.789384 0.0 -0.744557 -0.789524 0.0 -0.744276 -0.789664 0.0 -0.743994 -0.789802 0.0 -0.743712 -0.789941 0.0 -0.743429 -0.790077 0.0 -0.743146 -0.790213 0.0 -0.742862 -0.790348 0.0 -0.742578 -0.790483 0.0 -0.742293 -0.790616 0.0 -0.742009 -0.790748 0.0 -0.741723 -0.79088 0.0 -0.741438 -0.791011 0.0 -0.741151 -0.79114 0.0 -0.740865 -0.791269 0.0 -0.740578 -0.791397 0.0 -0.740291 -0.791524 0.0 -0.740003 -0.79165 0.0 -0.739715 -0.791775 0.0 -0.739426 -0.791899 0.0 -0.739137 -0.792023 0.0 -0.738848 -0.792145 0.0 -0.738558 -0.792267 0.0 -0.738268 -0.792387 0.0 -0.737978 -0.792508 0.0 -0.737687 -0.792626 0.0 -0.737396 -0.792745 0.0 -0.737104 -0.792861 0.0 -0.736812 -0.792978 0.0 -0.73652 -0.793092 0.0 -0.736228 -0.793207 0.0 -0.735934 -0.79332 0.0 -0.735641 -0.793433 0.0 -0.735347 -0.793544 0.0 -0.735053 -0.793655 0.0 -0.734759 -0.793764 0.0 -0.734464 -0.793873 0.0 -0.734169 -0.793981 0.0 -0.733874 -0.794088 0.0 -0.733578 -0.794194 0.0 -0.733282 -0.794299 0.0 -0.732985 -0.794403 0.0 -0.732689 -0.794506 0.0 -0.732392 -0.794608 0.0 -0.732094 -0.79471 0.0 -0.731797 -0.79481 0.0 -0.731499 -0.79491 0.0 -0.7312 -0.795008 0.0 -0.730902 -0.795106 0.0 -0.730603 -0.795202 0.0 -0.730304 -0.795298 0.0 -0.730004 -0.795392 0.0 -0.729704 -0.795486 0.0 -0.729404 -0.795579 0.0 -0.729104 -0.795671 0.0 -0.728803 -0.795762 0.0 -0.728502 -0.795852 0.0 -0.728201 -0.795941 0.0 -0.727899 -0.796029 0.0 -0.727597 -0.796116 0.0 -0.727295 -0.796203 0.0 -0.726993 -0.796288 0.0 -0.72669 -0.796372 0.0 -0.726387 -0.796455 0.0 -0.726084 -0.796538 0.0 -0.725781 -0.796619 0.0 -0.725477 -0.7967 0.0 -0.725173 -0.796779 0.0 -0.724869 -0.796858 0.0 -0.724564 -0.796935 0.0 -0.72426 -0.797013 0.0 -0.723955 -0.797088 0.0 -0.72365 -0.797163 0.0 -0.723344 -0.797237 0.0 -0.723039 -0.79731 0.0 -0.722733 -0.797381 0.0 -0.722427 -0.797453 0.0 -0.722121 -0.797522 0.0 -0.721814 -0.797592 0.0 -0.721508 -0.797659 0.0 -0.721201 -0.797727 0.0 -0.720893 -0.797792 0.0 -0.720586 -0.797858 0.0 -0.720279 -0.797922 0.0 -0.719971 -0.797986 0.0 -0.719663 -0.798047 0.0 -0.719355 -0.798109 0.0 -0.719047 -0.798169 0.0 -0.718738 -0.798229 0.0 -0.718429 -0.798287 0.0 -0.718121 -0.798345 0.0 -0.717811 -0.7984 0.0 -0.717502 -0.798456 0.0 -0.717193 -0.79851 0.0 -0.716883 -0.798564 0.0 -0.716574 -0.798617 0.0 -0.716264 -0.798669 0.0 -0.715954 -0.798719 0.0 -0.715643 -0.798769 0.0 -0.715333 -0.798817 0.0 -0.715023 -0.798865 0.0 -0.714712 -0.798911 0.0 -0.714401 -0.798958 0.0 -0.71409 -0.799002 0.0 -0.713779 -0.799046 0.0 -0.713468 -0.799088 0.0 -0.713156 -0.799131 0.0 -0.712845 -0.799171 0.0 -0.712533 -0.799211 0.0 -0.712222 -0.79925 0.0 -0.71191 -0.799288 0.0 -0.711598 -0.799325 0.0 -0.711286 -0.799361 0.0 -0.710973 -0.799396 0.0 -0.710661 -0.79943 0.0 -0.710349 -0.799463 0.0 -0.710036 -0.799495 0.0 -0.709724 -0.799526 0.0 -0.709411 -0.799556 0.0 -0.709098 -0.799585 0.0 -0.708785 -0.799613 0.0 -0.708472 -0.79964 0.0 -0.708159 -0.799667 0.0 -0.707846 -0.799691 0.0 -0.707533 -0.799716 0.0 -0.707219 -0.799739 0.0 -0.706906 -0.799761 0.0 -0.706593 -0.799782 0.0 -0.706279 -0.799803 0.0 -0.705965 -0.799821 0.0 -0.705652 -0.79984 0.0 -0.705338 -0.799857 0.0 -0.705024 -0.799874 0.0 -0.704711 -0.799888 0.0 -0.704397 -0.799903 0.0 -0.704083 -0.799916 0.0 -0.703769 -0.799929 0.0 -0.703455 -0.79994 0.0 -0.703141 -0.799951 0.0 -0.702827 -0.79996 0.0 -0.702513 -0.799968 0.0 -0.702199 -0.799975 0.0 -0.701885 -0.799982 0.0 -0.701571 -0.799987 0.0 -0.701257 -0.799992 0.0 -0.700942 -0.799995 0.0 -0.700628 -0.799998 0.0 -0.700314 -0.799999 0.0 -0.7 -0.8 0.0 -0.699686 -0.799999 0.0 -0.699372 -0.799998 0.0 -0.699058 -0.799995 0.0 -0.698743 -0.799992 0.0 -0.698429 -0.799987 0.0 -0.698115 -0.799982 0.0 -0.697801 -0.799975 0.0 -0.697487 -0.799968 0.0 -0.697173 -0.79996 0.0 -0.696859 -0.799951 0.0 -0.696545 -0.79994 0.0 -0.696231 -0.799929 0.0 -0.695917 -0.799916 0.0 -0.695603 -0.799903 0.0 -0.695289 -0.799888 0.0 -0.694976 -0.799874 0.0 -0.694662 -0.799857 0.0 -0.694348 -0.79984 0.0 -0.694035 -0.799821 0.0 -0.693721 -0.799803 0.0 -0.693407 -0.799782 0.0 -0.693094 -0.799761 0.0 -0.692781 -0.799739 0.0 -0.692467 -0.799716 0.0 -0.692154 -0.799691 0.0 -0.691841 -0.799667 0.0 -0.691528 -0.79964 0.0 -0.691215 -0.799613 0.0 -0.690902 -0.799585 0.0 -0.690589 -0.799556 0.0 -0.690276 -0.799526 0.0 -0.689964 -0.799495 0.0 -0.689651 -0.799463 0.0 -0.689339 -0.79943 0.0 -0.689027 -0.799396 0.0 -0.688714 -0.799361 0.0 -0.688402 -0.799325 0.0 -0.68809 -0.799288 0.0 -0.687778 -0.79925 0.0 -0.687467 -0.799211 0.0 -0.687155 -0.799171 0.0 -0.686844 -0.799131 0.0 -0.686532 -0.799088 0.0 -0.686221 -0.799046 0.0 -0.68591 -0.799002 0.0 -0.685599 -0.798958 0.0 -0.685288 -0.798911 0.0 -0.684977 -0.798865 0.0 -0.684667 -0.798817 0.0 -0.684357 -0.798769 0.0 -0.684046 -0.798719 0.0 -0.683736 -0.798669 0.0 -0.683426 -0.798617 0.0 -0.683117 -0.798564 0.0 -0.682807 -0.79851 0.0 -0.682498 -0.798456 0.0 -0.682189 -0.7984 0.0 -0.681879 -0.798345 0.0 -0.681571 -0.798287 0.0 -0.681262 -0.798229 0.0 -0.680953 -0.798169 0.0 -0.680645 -0.798109 0.0 -0.680337 -0.798047 0.0 -0.680029 -0.797986 0.0 -0.679721 -0.797922 0.0 -0.679414 -0.797858 0.0 -0.679107 -0.797792 0.0 -0.678799 -0.797727 0.0 -0.678492 -0.797659 0.0 -0.678186 -0.797592 0.0 -0.677879 -0.797522 0.0 -0.677573 -0.797453 0.0 -0.677267 -0.797381 0.0 -0.676961 -0.79731 0.0 -0.676656 -0.797237 0.0 -0.67635 -0.797163 0.0 -0.676045 -0.797088 0.0 -0.67574 -0.797013 0.0 -0.675436 -0.796935 0.0 -0.675131 -0.796858 0.0 -0.674827 -0.796779 0.0 -0.674523 -0.7967 0.0 -0.674219 -0.796619 0.0 -0.673916 -0.796538 0.0 -0.673613 -0.796455 0.0 -0.67331 -0.796372 0.0 -0.673007 -0.796288 0.0 -0.672705 -0.796203 0.0 -0.672403 -0.796116 0.0 -0.672101 -0.796029 0.0 -0.671799 -0.795941 0.0 -0.671498 -0.795852 0.0 -0.671197 -0.795762 0.0 -0.670896 -0.795671 0.0 -0.670596 -0.795579 0.0 -0.670296 -0.795486 0.0 -0.669996 -0.795392 0.0 -0.669696 -0.795298 0.0 -0.669397 -0.795202 0.0 -0.669098 -0.795106 0.0 -0.6688 -0.795008 0.0 -0.668501 -0.79491 0.0 -0.668203 -0.79481 0.0 -0.667906 -0.79471 0.0 -0.667608 -0.794608 0.0 -0.667311 -0.794506 0.0 -0.667015 -0.794403 0.0 -0.666718 -0.794299 0.0 -0.666422 -0.794194 0.0 -0.666126 -0.794088 0.0 -0.665831 -0.793981 0.0 -0.665536 -0.793873 0.0 -0.665241 -0.793764 0.0 -0.664947 -0.793655 0.0 -0.664653 -0.793544 0.0 -0.664359 -0.793433 0.0 -0.664066 -0.79332 0.0 -0.663772 -0.793207 0.0 -0.66348 -0.793092 0.0 -0.663188 -0.792978 0.0 -0.662896 -0.792861 0.0 -0.662604 -0.792745 0.0 -0.662313 -0.792626 0.0 -0.662022 -0.792508 0.0 -0.661732 -0.792387 0.0 -0.661442 -0.792267 0.0 -0.661152 -0.792145 0.0 -0.660863 -0.792023 0.0 -0.660574 -0.791899 0.0 -0.660285 -0.791775 0.0 -0.659997 -0.79165 0.0 -0.659709 -0.791524 0.0 -0.659422 -0.791397 0.0 -0.659135 -0.791269 0.0 -0.658849 -0.79114 0.0 -0.658562 -0.791011 0.0 -0.658277 -0.79088 0.0 -0.657991 -0.790748 0.0 -0.657707 -0.790616 0.0 -0.657422 -0.790483 0.0 -0.657138 -0.790348 0.0 -0.656854 -0.790213 0.0 -0.656571 -0.790077 0.0 -0.656288 -0.789941 0.0 -0.656006 -0.789802 0.0 -0.655724 -0.789664 0.0 -0.655443 -0.789524 0.0 -0.655162 -0.789384 0.0 -0.654881 -0.789242 0.0 -0.654601 -0.789101 0.0 -0.654321 -0.788957 0.0 -0.654042 -0.788814 0.0 -0.653763 -0.788668 0.0 -0.653485 -0.788523 0.0 -0.653207 -0.788376 0.0 -0.65293 -0.788229 0.0 -0.652653 -0.78808 0.0 -0.652376 -0.787932 0.0 -0.6521 -0.787781 0.0 -0.651825 -0.787631 0.0 -0.65155 -0.787478 0.0 -0.651275 -0.787326 0.0 -0.651001 -0.787172 0.0 -0.650727 -0.787018 0.0 -0.650454 -0.786863 0.0 -0.650181 -0.786707 0.0 -0.64991 -0.78655 0.0 -0.649638 -0.786392 0.0 -0.649367 -0.786233 0.0 -0.649096 -0.786074 0.0 -0.648826 -0.785913 0.0 -0.648556 -0.785753 0.0 -0.648287 -0.78559 0.0 -0.648018 -0.785428 0.0 -0.64775 -0.785264 0.0 -0.647483 -0.785099 0.0 -0.647216 -0.784934 0.0 -0.646949 -0.784768 0.0 -0.646683 -0.7846 0.0 -0.646417 -0.784433 0.0 -0.646153 -0.784264 0.0 -0.645888 -0.784094 0.0 -0.645624 -0.783924 0.0 -0.645361 -0.783753 0.0 -0.645098 -0.78358 0.0 -0.644835 -0.783408 0.0 -0.644574 -0.783234 0.0 -0.644312 -0.78306 0.0 -0.644052 -0.782884 0.0 -0.643792 -0.782708 0.0 -0.643532 -0.782531 0.0 -0.643273 -0.782353 0.0 -0.643015 -0.782174 0.0 -0.642757 -0.781995 0.0 -0.6425 -0.781815 0.0 -0.642243 -0.781634 0.0 -0.641987 -0.781452 0.0 -0.641731 -0.781269 0.0 -0.641476 -0.781086 0.0 -0.641221 -0.780902 0.0 -0.640968 -0.780716 0.0 -0.640714 -0.780531 0.0 -0.640462 -0.780344 0.0 -0.64021 -0.780157 0.0 -0.639958 -0.779968 0.0 -0.639707 -0.779779 0.0 -0.639457 -0.779589 0.0 -0.639207 -0.779399 0.0 -0.638958 -0.779207 0.0 -0.638709 -0.779016 0.0 -0.638462 -0.778822 0.0 -0.638214 -0.778629 0.0 -0.637968 -0.778434 0.0 -0.637721 -0.778239 0.0 -0.637476 -0.778043 0.0 -0.637231 -0.777846 0.0 -0.636987 -0.777648 0.0 -0.636743 -0.77745 0.0 -0.6365 -0.777251 0.0 -0.636258 -0.777051 0.0 -0.636016 -0.77685 0.0 -0.635775 -0.776649 0.0 -0.635535 -0.776447 0.0 -0.635294 -0.776244 0.0 -0.635056 -0.77604 0.0 -0.634817 -0.775836 0.0 -0.634579 -0.775631 0.0 -0.634341 -0.775425 0.0 -0.634105 -0.775218 0.0 -0.633869 -0.775011 0.0 -0.633634 -0.774803 0.0 -0.633399 -0.774594 0.0 -0.633165 -0.774384 0.0 -0.632931 -0.774174 0.0 -0.632699 -0.773963 0.0 -0.632467 -0.773751 0.0 -0.632236 -0.773538 0.0 -0.632005 -0.773326 0.0 -0.631775 -0.773111 0.0 -0.631545 -0.772897 0.0 -0.631317 -0.772681 0.0 -0.631089 -0.772465 0.0 -0.630862 -0.772248 0.0 -0.630635 -0.772031 0.0 -0.630409 -0.771812 0.0 -0.630183 -0.771594 0.0 -0.629959 -0.771374 0.0 -0.629735 -0.771154 0.0 -0.629512 -0.770932 0.0 -0.629289 -0.770711 0.0 -0.629068 -0.770488 0.0 -0.628846 -0.770265 0.0 -0.628626 -0.770041 0.0 -0.628406 -0.769817 0.0 -0.628188 -0.769591 0.0 -0.627969 -0.769365 0.0 -0.627752 -0.769138 0.0 -0.627535 -0.768911 0.0 -0.627319 -0.768683 0.0 -0.627103 -0.768455 0.0 -0.626889 -0.768225 0.0 -0.626674 -0.767995 0.0 -0.626462 -0.767764 0.0 -0.626249 -0.767533 0.0 -0.626037 -0.767301 0.0 -0.625826 -0.767069 0.0 -0.625616 -0.766835 0.0 -0.625406 -0.766601 0.0 -0.625197 -0.766366 0.0 -0.624989 -0.766131 0.0 -0.624782 -0.765895 0.0 -0.624575 -0.765659 0.0 -0.624369 -0.765421 0.0 -0.624164 -0.765183 0.0 -0.62396 -0.764944 0.0 -0.623756 -0.764706 0.0 -0.623553 -0.764465 0.0 -0.623351 -0.764225 0.0 -0.62315 -0.763984 0.0 -0.622949 -0.763742 0.0 -0.622749 -0.7635 0.0 -0.62255 -0.763257 0.0 -0.622352 -0.763013 0.0 -0.622154 -0.762769 0.0 -0.621957 -0.762524 0.0 -0.621761 -0.762279 0.0 -0.621566 -0.762032 0.0 -0.621371 -0.761786 0.0 -0.621178 -0.761538 0.0 -0.620984 -0.761291 0.0 -0.620793 -0.761042 0.0 -0.620601 -0.760793 0.0 -0.620411 -0.760543 0.0 -0.620221 -0.760293 0.0 -0.620032 -0.760042 0.0 -0.619843 -0.75979 0.0 -0.619656 -0.759538 0.0 -0.619469 -0.759286 0.0 -0.619284 -0.759032 0.0 -0.619098 -0.758779 0.0 -0.618914 -0.758524 0.0 -0.618731 -0.758269 0.0 -0.618548 -0.758013 0.0 -0.618366 -0.757757 0.0 -0.618185 -0.7575 0.0 -0.618005 -0.757243 0.0 -0.617826 -0.756985 0.0 -0.617647 -0.756727 0.0 -0.617469 -0.756468 0.0 -0.617292 -0.756208 0.0 -0.617116 -0.755948 0.0 -0.61694 -0.755688 0.0 -0.616766 -0.755426 0.0 -0.616592 -0.755165 0.0 -0.61642 -0.754902 0.0 -0.616247 -0.754639 0.0 -0.616076 -0.754376 0.0 -0.615906 -0.754112 0.0 -0.615736 -0.753847 0.0 -0.615567 -0.753583 0.0 -0.6154 -0.753317 0.0 -0.615232 -0.753051 0.0 -0.615066 -0.752784 0.0 -0.614901 -0.752517 0.0 -0.614736 -0.75225 0.0 -0.614572 -0.751982 0.0 -0.61441 -0.751713 0.0 -0.614247 -0.751444 0.0 -0.614087 -0.751174 0.0 -0.613926 -0.750904 0.0 -0.613767 -0.750633 0.0 -0.613608 -0.750362 0.0 -0.61345 -0.75009 0.0 -0.613293 -0.749819 0.0 -0.613137 -0.749546 0.0 -0.612982 -0.749273 0.0 -0.612828 -0.748999 0.0 -0.612674 -0.748725 0.0 -0.612522 -0.74845 0.0 -0.612369 -0.748175 0.0 -0.612219 -0.7479 0.0 -0.612068 -0.747624 0.0 -0.61192 -0.747347 0.0 -0.611771 -0.74707 0.0 -0.611624 -0.746793 0.0 -0.611477 -0.746515 0.0 -0.611332 -0.746237 0.0 -0.611186 -0.745958 0.0 -0.611043 -0.745679 0.0 -0.610899 -0.745399 0.0 -0.610758 -0.745119 0.0 -0.610616 -0.744838 0.0 -0.610476 -0.744557 0.0 -0.610336 -0.744276 0.0 -0.610198 -0.743994 0.0 -0.610059 -0.743712 0.0 -0.609923 -0.743429 0.0 -0.609787 -0.743146 0.0 -0.609652 -0.742862 0.0 -0.609517 -0.742578 0.0 -0.609384 -0.742293 0.0 -0.609252 -0.742009 0.0 -0.60912 -0.741723 0.0 -0.608989 -0.741438 0.0 -0.60886 -0.741151 0.0 -0.608731 -0.740865 0.0 -0.608603 -0.740578 0.0 -0.608476 -0.740291 0.0 -0.60835 -0.740003 0.0 -0.608225 -0.739715 0.0 -0.608101 -0.739426 0.0 -0.607977 -0.739137 0.0 -0.607855 -0.738848 0.0 -0.607733 -0.738558 0.0 -0.607613 -0.738268 0.0 -0.607492 -0.737978 0.0 -0.607374 -0.737687 0.0 -0.607255 -0.737396 0.0 -0.607139 -0.737104 0.0 -0.607022 -0.736812 0.0 -0.606908 -0.73652 0.0 -0.606793 -0.736228 0.0 -0.60668 -0.735934 0.0 -0.606567 -0.735641 0.0 -0.606456 -0.735347 0.0 -0.606345 -0.735053 0.0 -0.606236 -0.734759 0.0 -0.606127 -0.734464 0.0 -0.606019 -0.734169 0.0 -0.605912 -0.733874 0.0 -0.605806 -0.733578 0.0 -0.605701 -0.733282 0.0 -0.605597 -0.732985 0.0 -0.605494 -0.732689 0.0 -0.605392 -0.732392 0.0 -0.60529 -0.732094 0.0 -0.60519 -0.731797 0.0 -0.60509 -0.731499 0.0 -0.604992 -0.7312 0.0 -0.604894 -0.730902 0.0 -0.604798 -0.730603 0.0 -0.604702 -0.730304 0.0 -0.604608 -0.730004 0.0 -0.604514 -0.729704 0.0 -0.604421 -0.729404 0.0 -0.604329 -0.729104 0.0 -0.604238 -0.728803 0.0 -0.604148 -0.728502 0.0 -0.604059 -0.728201 0.0 -0.603971 -0.727899 0.0 -0.603884 -0.727597 0.0 -0.603797 -0.727295 0.0 -0.603712 -0.726993 0.0 -0.603628 -0.72669 0.0 -0.603545 -0.726387 0.0 -0.603462 -0.726084 0.0 -0.603381 -0.725781 0.0 -0.6033 -0.725477 0.0 -0.603221 -0.725173 0.0 -0.603142 -0.724869 0.0 -0.603065 -0.724564 0.0 -0.602987 -0.72426 0.0 -0.602912 -0.723955 0.0 -0.602837 -0.72365 0.0 -0.602763 -0.723344 0.0 -0.60269 -0.723039 0.0 -0.602619 -0.722733 0.0 -0.602547 -0.722427 0.0 -0.602478 -0.722121 0.0 -0.602408 -0.721814 0.0 -0.602341 -0.721508 0.0 -0.602273 -0.721201 0.0 -0.602208 -0.720893 0.0 -0.602142 -0.720586 0.0 -0.602078 -0.720279 0.0 -0.602014 -0.719971 0.0 -0.601953 -0.719663 0.0 -0.601891 -0.719355 0.0 -0.601831 -0.719047 0.0 -0.601771 -0.718738 0.0 -0.601713 -0.718429 0.0 -0.601655 -0.718121 0.0 -0.6016 -0.717811 0.0 -0.601544 -0.717502 0.0 -0.60149 -0.717193 0.0 -0.601436 -0.716883 0.0 -0.601383 -0.716574 0.0 -0.601331 -0.716264 0.0 -0.601281 -0.715954 0.0 -0.601231 -0.715643 0.0 -0.601183 -0.715333 0.0 -0.601135 -0.715023 0.0 -0.601089 -0.714712 0.0 -0.601042 -0.714401 0.0 -0.600998 -0.71409 0.0 -0.600954 -0.713779 0.0 -0.600912 -0.713468 0.0 -0.600869 -0.713156 0.0 -0.600829 -0.712845 0.0 -0.600789 -0.712533 0.0 -0.60075 -0.712222 0.0 -0.600712 -0.71191 0.0 -0.600675 -0.711598 0.0 -0.600639 -0.711286 0.0 -0.600604 -0.710973 0.0 -0.60057 -0.710661 0.0 -0.600537 -0.710349 0.0 -0.600505 -0.710036 0.0 -0.600474 -0.709724 0.0 -0.600444 -0.709411 0.0 -0.600415 -0.709098 0.0 -0.600387 -0.708785 0.0 -0.60036 -0.708472 0.0 -0.600333 -0.708159 0.0 -0.600309 -0.707846 0.0 -0.600284 -0.707533 0.0 -0.600261 -0.707219 0.0 -0.600239 -0.706906 0.0 -0.600218 -0.706593 0.0 -0.600197 -0.706279 0.0 -0.600179 -0.705965 0.0 -0.60016 -0.705652 0.0 -0.600143 -0.705338 0.0 -0.600126 -0.705024 0.0 -0.600112 -0.704711 0.0 -0.600097 -0.704397 0.0 -0.600084 -0.704083 0.0 -0.600071 -0.703769 0.0 -0.60006 -0.703455 0.0 -0.600049 -0.703141 0.0 -0.60004 -0.702827 0.0 -0.600032 -0.702513 0.0 -0.600025 -0.702199 0.0 -0.600018 -0.701885 0.0 -0.600013 -0.701571 0.0 -0.600008 -0.701257 0.0 -0.600005 -0.700942 0.0 -0.600002 -0.700628 0.0 -0.600001 -0.700314 0.0 
        </DataArray>
      </Points>
      <Polys>
        <DataArray type="Int64" Name="connectivity" format="ascii">
0 1 1 2 2 3 3 4 4 5 5 6 6 7 7 8 8 9 9 10 10 11 11 12 12 13 13 14 14 15 15 16 16 17 17 18 18 19 19 20 20 21 21 22 22 23 23 24 24 25 25 26 26 27 27 28 28 29 29 30 30 31 31 32 32 33 33 34 34 35 35 36 36 37 37 38 38 39 39 40 40 41 41 42 42 43 43 44 44 45 45 46 46 47 47 48 48 49 49 50 50 51 51 52 52 53 53 54 54 55 55 56 56 57 57 58 58 59 59 60 60 61 61 62 62 63 63 64 64 65 65 66 66 67 67 68 68 69 69 70 70 71 71 72 72 73 73 74 74 75 75 76 76 77 77 78 78 79 79 80 80 81 81 82 82 83 83 84 84 85 85 86 86 87 87 88 88 89 89 90 90 91 91 92 92 93 93 94 94 95 95 96 96 97 97 98 98 99 99 100 100 101 101 102 102 103 103 104 104 105 105 106 106 107 107 108 108 109 109 110 110 111 111 112 112 113 113 114 114 115 115 116 116 117 117 118 118 119 119 120 120 121 121 122 122 123 123 124 124 125 125 126 126 127 127 128 128 129 129 130 130 131 131 132 132 133 133 134 134 135 135 136 136 137 137 138 138 139 139 140 140 141 141 142 142 143 143 144 144 145 145 146 146 147 147 148 148 149 149 150 150 151 151 152 152 153 153 154 154 155 155 156 156 157 157 158 158 159 159 160 160 161 161 162 162 163 163 164 164 165 165 166 166 167 167 168 168 169 169 170 170 171 171 172 172 173 173 174 174 175 175 176 176 177 177 178 178 179 179 180 180 181 181 182 182 183 183 184 184 185 185 186 186 187 187 188 188 189 189 190 190 191 191 192 192 193 193 194 194 195 195 196 196 197 197 198 198 199 199 200 200 201 201 202 202 203 203 204 204 205 205 206 206 207 207 208 208 209 209 210 210 211 211 212 212 213 213 214 214 215 215 216 216 217 217 218 218 219 219 220 220 221 221 222 222 223 223 224 224 225 225 226 226 227 227 228 228 229 229 230 230 231 231 232 232 233 233 234 234 235 235 236 236 237 237 238 238 239 239 240 240 241 241 242 242 243 243 244 244 245 245 246 246 247 247 248 248 249 249 250 250 251 251 252 252 253 253 254 254 255 255 256 256 257 257 258 258 259 259 260 260 261 261 262 262 263 263 264 264 265 265 266 266 267 267 268 268 269 269 270 270 271 271 272 272 273 273 274 274 275 275 276 276 277 277 278 278 279 279 280 280 281 281 282 282 283 283 284 284 285 285 286 286 287 287 288 288 289 289 290 290 291 291 292 292 293 293 294 294 295 295 296 296 297 297 298 298 299 299 300 300 301 301 302 302 303 303 304 304 305 305 306 306 307 307 308 308 309 309 310 310 311 311 312 312 313 313 314 314 315 315 316 316 317 317 318 318 319 319 320 320 321 321 322 322 323 323 324 324 325 325 326 326 327 327 328 328 329 329 330 330 331 331 332 332 333 333 334 334 335 335 336 336 337 337 338 338 339 339 340 340 341 341 342 342 343 343 344 344 345 345 346 346 347 347 348 348 349 349 350 350 351 351 352 352 353 353 354 354 355 355 356 356 357 357 358 358 359 359 360 360 361 361 362 362 363 363 364 364 365 365 366 366 367 367 368 368 369 369 370 370 371 371 372 372 373 373 374 374 375 375 376 376 377 377 378 378 379 379 380 380 381 381 382 382 383 383 384 384 385 385 386 386 387 387 388 388 389 389 390 390 391 391 392 392 393 393 394 394 395 395 396 396 397 397 398 398 399 399 400 400 401 401 402 402 403 403 404 404 405 405 406 406 407 407 408 408 409 409 410 410 411 411 412 412 413 413 414 414 415 415 416 416 417 417 418 418 419 419 420 420 421 421 422 422 423 423 424 424 425 425 426 426 427 427 428 428 429 429 430 430 431 431 432 432 433 433 434 434 435 435 436 436 437 437 438 438 439 439 440 440 441 441 442 442 443 443 444 444 445 445 446 446 447 447 448 448 449 449 450 450 451 451 452 452 453 453 454 454 455 455 456 456 457 457 458 458 459 459 460 460 461 461 462 462 463 463 464 464 465 465 466 466 467 467 468 468 469 469 470 470 471 471 472 472 473 473 474 474 475 475 476 476 477 477 478 478 479 479 480 480 481 481 482 482 483 483 484 484 485 485 486 486 487 487 488 488 489 489 490 490 491 491 492 492 493 493 494 494 495 495 496 496 497 497 498 498 499 499 500 500 501 501 502 502 503 503 504 504 505 505 506 506 507 507 508 508 509 509 510 510 511 511 512 512 513 513 514 514 515 515 516 516 517 517 518 518 519 519 520 520 521 521 522 522 523 523 524 524 525 525 526 526 527 527 528 528 529 529 530 530 531 531 532 532 533 533 534 534 535 535 536 536 537 537 538 538 539 539 540 540 541 541 542 542 543 543 544 544 545 545 546 546 547 547 548 548 549 549 550 550 551 551 552 552 553 553 554 554 555 555 556 556 557 557 558 558 559 559 560 560 561 561 562 562 563 563 564 564 565 565 566 566 567 567 568 568 569 569 570 570 571 571 572 572 573 573 574 574 575 575 576 576 577 577 578 578 579 579 580 580 581 581 582 582 583 583 584 584 585 585 586 586 587 587 588 588 589 589 590 590 591 591 592 592 593 593 594 594 595 595 596 596 597 597 598 598 599 599 600 600 601 601 602 602 603 603 604 604 605 605 606 606 607 607 608 608 609 609 610 610 611 611 612 612 613 613 614 614 615 615 616 616 617 617 618 618 619 619 620 620 621 621 622 622 623 623 624 624 625 625 626 626 627 627 628 628 629 629 630 630 631 631 632 632 633 633 634 634 635 635 636 636 637 637 638 638 639 639 640 640 641 641 642 642 643 643 644 644 645 645 646 646 647 647 648 648 649 649 650 650 651 651 652 652 653 653 654 654 655 655 656 656 657 657 658 658 659 659 660 660 661 661 662 662 663 663 664 664 665 665 666 666 667 667 668 668 669 669 670 670 671 671 672 672 673 673 674 674 675 675 676 676 677 677 678 678 679 679 680 680 681 681 682 682 683 683 684 684 685 685 686 686 687 687 688 688 689 689 690 690 691 691 692 692 693 693 694 694 695 695 696 696 697 697 698 698 699 699 700 700 701 701 702 702 703 703 704 704 705 705 706 706 707 707 708 708 709 709 710 710 711 711 712 712 713 713 714 714 715 715 716 716 717 717 718 718 719 719 720 720 721 721 722 722 723 723 724 724 725 725 726 726 727 727 728 728 729 729 730 730 731 731 732 732 733 733 734 734 735 735 736 736 737 737 738 738 739 739 740 740 741 741 742 742 743 743 744 744 745 745 746 746 747 747 748 748 749 749 750 750 751 751 752 752 753 753 754 754 755 755 756 756 757 757 758 758 759 759 760 760 761 761 762 762 763 763 764 764 765 765 766 766 767 767 768 768 769 769 770 770 771 771 772 772 773 773 774 774 775 775 776 776 777 777 778 778 779 779 780 780 781 781 782 782 783 783 784 784 785 785 786 786 787 787 788 788 789 789 790 790 791 791 792 792 793 793 794 794 795 795 796 796 797 797 798 798 799 799 800 800 801 801 802 802 803 803 804 804 805 805 806 806 807 807 808 808 809 809 810 810 811 811 812 812 813 813 814 814 815 815 816 816 817 817 818 818 819 819 820 820 821 821 822 822 823 823 824 824 825 825 826 826 827 827 828 828 829 829 830 830 831 831 832 832 833 833 834 834 835 835 836 836 837 837 838 838 839 839 840 840 841 841 842 842 843 843 844 844 845 845 846 846 847 847 848 848 849 849 850 850 851 851 852 852 853 853 854 854 855 855 856 856 857 857 858 858 859 859 860 860 861 861 862 862 863 863 864 864 865 865 866 866 867 867 868 868 869 869 870 870 871 871 872 872 873 873 874 874 875 875 876 876 877 877 878 878 879 879 880 880 881 881 882 882 883 883 884 884 885 885 886 886 887 887 888 888 889 889 890 890 891 891 892 892 893 893 894 894 895 895 896 896 897 897 898 898 899 899 900 900 901 901 902 902 903 903 904 904 905 905 906 906 907 907 908 908 909 909 910 910 911 911 912 912 913 913 914 914 915 915 916 916 917 917 918 918 919 919 920 920 921 921 922 922 923 923 924 924 925 925 926 926 927 927 928 928 929 929 930 930 931 931 932 932 933 933 934 934 935 935 936 936 937 937 938 938 939 939 940 940 941 941 942 942 943 943 944 944 945 945 946 946 947 947 948 948 949 949 950 950 951 951 952 952 953 953 954 954 955 955 956 956 957 957 958 958 959 959 960 960 961 961 962 962 963 963 964 964 965 965 966 966 967 967 968 968 969 969 970 970 971 971 972 972 973 973 974 974 975 975 976 976 977 977 978 978 979 979 980 980 981 981 982 982 983 983 984 984 985 985 986 986 987 987 988 988 989 989 990 990 991 991 992 992 993 993 994 994 995 995 996 996 997 997 998 998 999 999 1000 1000 1001 1001 1002 1002 1003 1003 1004 1004 1005 1005 1006 1006 1007 1007 1008 1008 1009 1009 1010 1010 1011 1011 1012 1012 1013 1013 1014 1014 1015 1015 1016 1016 1017 1017 1018 1018 1019 1019 1020 1020 1021 1021 1022 1022 1023 1023 1024 1024 1025 1025 1026 1026 1027 1027 1028 1028 1029 1029 1030 1030 1031 1031 1032 1032 1033 1033 1034 1034 1035 1035 1036 1036 1037 1037 1038 1038 1039 1039 1040 1040 1041 1041 1042 1042 1043 1043 1044 1044 1045 1045 1046 1046 1047 1047 1048 1048 1049 1049 1050 1050 1051 1051 1052 1052 1053 1053 1054 1054 1055 1055 1056 1056 1057 1057 1058 1058 1059 1059 1060 1060 1061 1061 1062 1062 1063 1063 1064 1064 1065 1065 1066 1066 1067 1067 1068 1068 1069 1069 1070 1070 1071 1071 1072 1072 1073 1073 1074 1074 1075 1075 1076 1076 1077 1077 1078 1078 1079 1079 1080 1080 1081 1081 1082 1082 1083 1083 1084 1084 1085 1085 1086 1086 1087 1087 1088 1088 1089 1089 1090 1090 1091 1091 1092 1092 1093 1093 1094 1094 1095 1095 1096 1096 1097 1097 1098 1098 1099 1099 1100 1100 1101 1101 1102 1102 1103 1103 1104 1104 1105 1105 1106 1106 1107 1107 1108 1108 1109 1109 1110 1110 1111 1111 1112 1112 1113 1113 1114 1114 1115 1115 1116 1116 1117 1117 1118 1118 1119 1119 1120 1120 1121 1121 1122 1122 1123 1123 1124 1124 1125 1125 1126 1126 1127 1127 1128 1128 1129 1129 1130 1130 1131 1131 1132 1132 1133 1133 1134 1134 1135 1135 1136 1136 1137 1137 1138 1138 1139 1139 1140 1140 1141 1141 1142 1142 1143 1143 1144 1144 1145 1145 1146 1146 1147 1147 1148 1148 1149 1149 1150 1150 1151 1151 1152 1152 1153 1153 1154 1154 1155 1155 1156 1156 1157 1157 1158 1158 1159 1159 1160 1160 1161 1161 1162 1162 1163 1163 1164 1164 1165 1165 1166 1166 1167 1167 1168 1168 1169 1169 1170 1170 1171 1171 1172 1172 1173 1173 1174 1174 1175 1175 1176 1176 1177 1177 1178 1178 1179 1179 1180 1180 1181 1181 1182 1182 1183 1183 1184 1184 1185 1185 1186 1186 1187 1187 1188 1188 1189 1189 1190 1190 1191 1191 1192 1192 1193 1193 1194 1194 1195 1195 1196 1196 1197 1197 1198 1198 1199 1199 1200 1200 1201 1201 1202 1202 1203 1203 1204 1204 1205 1205 1206 1206 1207 1207 1208 1208 1209 1209 1210 1210 1211 1211 1212 1212 1213 1213 1214 1214 1215 1215 1216 1216 1217 1217 1218 1218 1219 1219 1220 1220 1221 1221 1222 1222 1223 1223 1224 1224 1225 1225 1226 1226 1227 1227 1228 1228 1229 1229 1230 1230 1231 1231 1232 1232 1233 1233 1234 1234 1235 1235 1236 1236 1237 1237 1238 1238 1239 1239 1240 1240 1241 1241 1242 1242 1243 1243 1244 1244 1245 1245 1246 1246 1247 1247 1248 1248 1249 1249 1250 1250 1251 1251 1252 1252 1253 1253 1254 1254 1255 1255 1256 1256 1257 1257 1258 1258 1259 1259 1260 1260 1261 1261 1262 1262 1263 1263 1264 1264 1265 1265 1266 1266 1267 1267 1268 1268 1269 1269 1270 1270 1271 1271 1272 1272 1273 1273 1274 1274 1275 1275 1276 1276 1277 1277 1278 1278 1279 1279 1280 1280 1281 1281 1282 1282 1283 1283 1284 1284 1285 1285 1286 1286 1287 1287 1288 1288 1289 1289 1290 1290 1291 1291 1292 1292 1293 1293 1294 1294 1295 1295 1296 1296 1297 1297 1298 1298 1299 1299 1300 1300 1301 1301 1302 1302 1303 1303 1304 1304 1305 1305 1306 1306 1307 1307 1308 1308 1309 1309 1310 1310 1311 1311 1312 1312 1313 1313 1314 1314 1315 1315 1316 1316 1317 1317 1318 1318 1319 1319 1320 1320 1321 1321 1322 1322 1323 1323 1324 1324 1325 1325 1326 1326 1327 1327 1328 1328 1329 1329 1330 1330 1331 1331 1332 1332 1333 1333 1334 1334 1335 1335 1336 1336 1337 1337 1338 1338 1339 1339 1340 1340 1341 1341 1342 1342 1343 1343 1344 1344 1345 1345 1346 1346 1347 1347 1348 1348 1349 1349 1350 1350 1351 1351 1352 1352 1353 1353 1354 1354 1355 1355 1356 1356 1357 1357 1358 1358 1359 1359 1360 1360 1361 1361 1362 1362 1363 1363 1364 1364 1365 1365 1366 1366 1367 1367 1368 1368 1369 1369 1370 1370 1371 1371 1372 1372 1373 1373 1374 1374 1375 1375 1376 1376 1377 1377 1378 1378 1379 1379 1380 1380 1381 1381 1382 1382 1383 1383 1384 1384 1385 1385 1386 1386 1387 1387 1388 1388 1389 1389 1390 1390 1391 1391 1392 1392 1393 1393 1394 1394 1395 1395 1396 1396 1397 1397 1398 1398 1399 1399 1400 1400 1401 1401 1402 1402 1403 1403 1404 1404 1405 1405 1406 1406 1407 1407 1408 1408 1409 1409 1410 1410 1411 1411 1412 1412 1413 1413 1414 1414 1415 1415 1416 1416 1417 1417 1418 1418 1419 1419 1420 1420 1421 1421 1422 1422 1423 1423 1424 1424 1425 1425 1426 1426 1427 1427 1428 1428 1429 1429 1430 1430 1431 1431 1432 1432 1433 1433 1434 1434 1435 1435 1436 1436 1437 1437 1438 1438 1439 1439 1440 1440 1441 1441 1442 1442 1443 1443 1444 1444 1445 1445 1446 1446 1447 1447 1448 1448 1449 1449 1450 1450 1451 1451 1452 1452 1453 1453 1454 1454 1455 1455 1456 1456 1457 1457 1458 1458 1459 1459 1460 1460 1461 1461 1462 1462 1463 1463 1464 1464 1465 1465 1466 1466 1467 1467 1468 1468 1469 1469 1470 1470 1471 1471 1472 1472 1473 1473 1474 1474 1475 1475 1476 1476 1477 1477 1478 1478 1479 1479 1480 1480 1481 1481 1482 1482 1483 1483 1484 1484 1485 1485 1486 1486 1487 1487 1488 1488 1489 1489 1490 1490 1491 1491 1492 1492 1493 1493 1494 1494 1495 1495 1496 1496 1497 1497 1498 1498 1499 1499 1500 1500 1501 1501 1502 1502 1503 1503 1504 1504 1505 1505 1506 1506 1507 1507 1508 1508 1509 1509 1510 1510 1511 1511 1512 1512 1513 1513 1514 1514 1515 1515 1516 1516 1517 1517 1518 1518 1519 1519 1520 1520 1521 1521 1522 1522 1523 1523 1524 1524 1525 1525 1526 1526 1527 1527 1528 1528 1529 1529 1530 1530 1531 1531 1532 1532 1533 1533 1534 1534 1535 1535 1536 1536 1537 1537 1538 1538 1539 1539 1540 1540 1541 1541 1542 1542 1543 1543 1544 1544 1545 1545 1546 1546 1547 1547 1548 1548 1549 1549 1550 1550 1551 1551 1552 1552 1553 1553 1554 1554 1555 1555 1556 1556 1557 1557 1558 1558 1559 1559 1560 1560 1561 1561 1562 1562 1563 1563 1564 1564 1565 1565 1566 1566 1567 1567 1568 1568 1569 1569 1570 1570 1571 1571 1572 1572 1573 1573 1574 1574 1575 1575 1576 1576 1577 1577 1578 1578 1579 1579 1580 1580 1581 1581 1582 1582 1583 1583 1584 1584 1585 1585 1586 1586 1587 1587 1588 1588 1589 1589 1590 1590 1591 1591 1592 1592 1593 1593 1594 1594 1595 1595 1596 1596 1597 1597 1598 1598 1599 1599 1600 1600 1601 1601 1602 1602 1603 1603 1604 1604 1605 1605 1606 1606 1607 1607 1608 1608 1609 1609 1610 1610 1611 1611 1612 1612 1613 1613 1614 1614 1615 1615 1616 1616 1617 1617 1618 1618 1619 1619 1620 1620 1621 1621 1622 1622 1623 1623 1624 1624 1625 1625 1626 1626 1627 1627 1628 1628 1629 1629 1630 1630 1631 1631 1632 1632 1633 1633 1634 1634 1635 1635 1636 1636 1637 1637 1638 1638 1639 1639 1640 1640 1641 1641 1642 1642 1643 1643 1644 1644 1645 1645 1646 1646 1647 1647 1648 1648 1649 1649 1650 1650 1651 1651 1652 1652 1653 1653 1654 1654 1655 1655 1656 1656 1657 1657 1658 1658 1659 1659 1660 1660 1661 1661 1662 1662 1663 1663 1664 1664 1665 1665 1666 1666 1667 1667 1668 1668 1669 1669 1670 1670 1671 1671 1672 1672 1673 1673 1674 1674 1675 1675 1676 1676 1677 1677 1678 1678 1679 1679 1680 1680 1681 1681 1682 1682 1683 1683 1684 1684 1685 1685 1686 1686 1687 1687 1688 1688 1689 1689 1690 1690 1691 1691 1692 1692 1693 1693 1694 1694 1695 1695 1696 1696 1697 1697 1698 1698 1699 1699 1700 1700 1701 1701 1702 1702 1703 1703 1704 1704 1705 1705 1706 1706 1707 1707 1708 1708 1709 1709 1710 1710 1711 1711 1712 1712 1713 1713 1714 1714 1715 1715 1716 1716 1717 1717 1718 1718 1719 1719 1720 1720 1721 1721 1722 1722 1723 1723 1724 1724 1725 1725 1726 1726 1727 1727 1728 1728 1729 1729 1730 1730 1731 1731 1732 1732 1733 1733 1734 1734 1735 1735 1736 1736 1737 1737 1738 1738 1739 1739 1740 1740 1741 1741 1742 1742 1743 1743 1744 1744 1745 1745 1746 1746 1747 1747 1748 1748 1749 1749 1750 1750 1751 1751 1752 1752 1753 1753 1754 1754 1755 1755 1756 1756 1757 1757 1758 1758 1759 1759 1760 1760 1761 1761 1762 1762 1763 1763 1764 1764 1765 1765 1766 1766 1767 1767 1768 1768 1769 1769 1770 1770 1771 1771 1772 1772 1773 1773 1774 1774 1775 1775 1776 1776 1777 1777 1778 1778 1779 1779 1780 1780 1781 1781 1782 1782 1783 1783 1784 1784 1785 1785 1786 1786 1787 1787 1788 1788 1789 1789 1790 1790 1791 1791 1792 1792 1793 1793 1794 1794 1795 1795 1796 1796 1797 1797 1798 1798 1799 1799 1800 1800 1801 1801 1802 1802 1803 1803 1804 1804 1805 1805 1806 1806 1807 1807 1808 1808 1809 1809 1810 1810 1811 1811 1812 1812 1813 1813 1814 1814 1815 1815 1816 1816 1817 1817 1818 1818 1819 1819 1820 1820 1821 1821 1822 1822 1823 1823 1824 1824 1825 1825 1826 1826 1827 1827 1828 1828 1829 1829 1830 1830 1831 1831 1832 1832 1833 1833 1834 1834 1835 1835 1836 1836 1837 1837 1838 1838 1839 1839 1840 1840 1841 1841 1842 1842 1843 1843 1844 1844 1845 1845 1846 1846 1847 1847 1848 1848 1849 1849 1850 1850 1851 1851 1852 1852 1853 1853 1854 1854 1855 1855 1856 1856 1857 1857 1858 1858 1859 1859 1860 1860 1861 1861 1862 1862 1863 1863 1864 1864 1865 1865 1866 1866 1867 1867 1868 1868 1869 1869 1870 1870 1871 1871 1872 1872 1873 1873 1874 1874 1875 1875 1876 1876 1877 1877 1878 1878 1879 1879 1880 1880 1881 1881 1882 1882 1883 1883 1884 1884 1885 1885 1886 1886 1887 1887 1888 1888 1889 1889 1890 1890 1891 1891 1892 1892 1893 1893 1894 1894 1895 1895 1896 1896 1897 1897 1898 1898 1899 1899 1900 1900 1901 1901 1902 1902 1903 1903 1904 1904 1905 1905 1906 1906 1907 1907 1908 1908 1909 1909 1910 1910 1911 1911 1912 1912 1913 1913 1914 1914 1915 1915 1916 1916 1917 1917 1918 1918 1919 1919 1920 1920 1921 1921 1922 1922 1923 1923 1924 1924 1925 1925 1926 1926 1927 1927 1928 1928 1929 1929 1930 1930 1931 1931 1932 1932 1933 1933 1934 1934 1935 1935 1936 1936 1937 1937 1938 1938 1939 1939 1940 1940 1941 1941 1942 1942 1943 1943 1944 1944 1945 1945 1946 1946 1947 1947 1948 1948 1949 1949 1950 1950 1951 1951 1952 1952 1953 1953 1954 1954 1955 1955 1956 1956 1957 1957 1958 1958 1959 1959 1960 1960 1961 1961 1962 1962 1963 1963 1964 1964 1965 1965 1966 1966 1967 1967 1968 1968 1969 1969 1970 1970 1971 1971 1972 1972 1973 1973 1974 1974 1975 1975 1976 1976 1977 1977 1978 1978 1979 1979 1980 1980 1981 1981 1982 1982 1983 1983 1984 1984 1985 1985 1986 1986 1987 1987 1988 1988 1989 1989 1990 1990 1991 1991 1992 1992 1993 1993 1994 1994 1995 1995 1996 1996 1997 1997 1998 1998 1999 1999 0 
        </DataArray>
        <DataArray type="Int64" Name="offsets" format="ascii">
2 4 6 8 10 12 14 16 18 20 22 24 26 28 30 32 34 36 38 40 42 44 46 48 50 52 54 56 58 60 62 64 66 68 70 72 74 76 78 80 82 84 86 88 90 92 94 96 98 100 102 104 106 108 110 112 114 116 118 120 122 124 126 128 130 132 134 136 138 140 142 144 146 148 150 152 154 156 158 160 162 164 166 168 170 172 174 176 178 180 182 184 186 188 190 192 194 196 198 200 202 204 206 208 210 212 214 216 218 220 222 224 226 228 230 232 234 236 238 240 242 244 246 248 250 252 254 256 258 260 262 264 266 268 270 272 274 276 278 280 282 284 286 288 290 292 294 296 298 300 302 304 306 308 310 312 314 316 318 320 322 324 326 328 330 332 334 336 338 340 342 344 346 348 350 352 354 356 358 360 362 364 366 368 370 372 374 376 378 380 382 384 386 388 390 392 394 396 398 400 402 404 406 408 410 412 414 416 418 420 422 424 426 428 430 432 434 436 438 440 442 444 446 448 450 452 454 456 458 460 462 464 466 468 470 472 474 476 478 480 482 484 486 488 490 492 494 496 498 500 502 504 506 508 510 512 514 516 518 520 522 524 526 528 530 532 534 536 538 540 542 544 546 548 550 552 554 556 558 560 562 564 566 568 570 572 574 576 578 580 582 584 586 588 590 592 594 596 598 600 602 604 606 608 610 612 614 616 618 620 622 624 626 628 630 632 634 636 638 640 642 644 646 648 650 652 654 656 658 660 662 664 666 668 670 672 674 676 678 680 682 684 686 688 690 692 694 696 698 700 702 704 706 708 710 712 714 716 718 720 722 724 726 728 730 732 734 736 738 740 742 744 746 748 750 752 754 756 758 760 762 764 766 768 770 772 774 776 778 780 782 784 786 788 790 792 794 796 798 800 802 804 806 808 810 812 814 816 818 820 822 824 826 828 830 832 834 836 838 840 842 844 846 848 850 852 854 856 858 860 862 864 866 868 870 872 874 876 878 880 882 884 886 888 890 892 894 896 898 900 902 904 906 908 910 912 914 916 918 920 922 924 926 928 930 932 934 936 938 940 942 944 946 948 950 952 954 956 958 960 962 964 966 968 970 972 974 976 978 980 982 984 986 988 990 992 994 996 998 1000 1002 1004 1006 1008 1010 1012 1014 1016 1018 1020 1022 1024 1026 1028 1030 1032 1034 1036 1038 1040 1042 1044 1046 1048 1050 1052 1054 1056 1058 1060 1062 1064 1066 1068 1070 1072 1074 1076 1078 1080 1082 1084 1086 1088 1090 1092 1094 1096 1098 1100 1102 1104 1106 1108 1110 1112 1114 1116 1118 1120 1122 1124 1126 1128 1130 1132 1134 1136 1138 1140 1142 1144 1146 1148 1150 1152 1154 1156 1158 1160 1162 1164 1166 1168 1170 1172 1174 1176 1178 1180 1182 1184 1186 1188 1190 1192 1194 1196 1198 1200 1202 1204 1206 1208 1210 1212 1214 1216 1218 1220 1222 1224 1226 1228 1230 1232 1234 1236 1238 1240 1242 1244 1246 1248 1250 1252 1254 1256 1258 1260 1262 1264 1266 1268 1270 1272 1274 1276 1278 1280 1282 1284 1286 1288 1290 1292 1294 1296 1298 1300 1302 1304 1306 1308 1310 1312 1314 1316 1318 1320 1322 1324 1326 1328 1330 1332 1334 1336 1338 1340 1342 1344 1346 1348 1350 1352 1354 1356 1358 1360 1362 1364 1366 1368 1370 1372 1374 1376 1378 1380 1382 1384 1386 1388 1390 1392 1394 1396 1398 1400 1402 1404 1406 1408 1410 1412 1414 1416 1418 1420 1422 1424 1426 1428 1430 1432 1434 1436 1438 1440 1442 1444 1446 1448 1450 1452 1454 1456 1458 1460 1462 1464 1466 1468 1470 1472 1474 1476 1478 1480 1482 1484 1486 1488 1490 1492 1494 1496 1498 1500 1502 1504 1506 1508 1510 1512 1514 1516 1518 1520 1522 1524 1526 1528 1530 1532 1534 1536 1538 1540 1542 1544 1546 1548 1550 1552 1554 1556 1558 1560 1562 1564 1566 1568 1570 1572 1574 1576 1578 1580 1582 1584 1586 1588 1590 1592 1594 1596 1598 1600 1602 1604 1606 1608 1610 1612 1614 1616 1618 1620 1622 1624 1626 1628 1630 1632 1634 1636 1638 1640 1642 1644 1646 1648 1650 1652 1654 1656 1658 1660 1662 1664 1666 1668 1670 1672 1674 1676 1678 1680 1682 1684 1686 1688 1690 1692 1694 1696 1698 1700 1702 1704 1706 1708 1710 1712 1714 1716 1718 1720 1722 1724 1726 1728 1730 1732 1734 1736 1738 1740 1742 1744 1746 1748 1750 1752 1754 1756 1758 1760 1762 1764 1766 1768 1770 1772 1774 1776 1778 1780 1782 1784 1786 1788 1790 1792 1794 1796 1798 1800 1802 1804 1806 1808 1810 1812 1814 1816 1818 1820 1822 1824 1826 1828 1830 1832 1834 1836 1838 1840 1842 1844 1846 1848 1850 1852 1854 1856 1858 1860 1862 1864 1866 1868 1870 1872 1874 1876 1878 1880 1882 1884 1886 1888 1890 1892 1894 1896 1898 1900 1902 1904 1906 1908 1910 1912 1914 1916 1918 1920 1922 1924 1926 1928 1930 1932 1934 1936 1938 1940 1942 1944 1946 1948 1950 1952 1954 1956 1958 1960 1962 1964 1966 1968 1970 1972 1974 1976 1978 1980 1982 1984 1986 1988 1990 1992 1994 1996 1998 2000 2002 2004 2006 2008 2010 2012 2014 2016 2018 2020 2022 2024 2026 2028 2030 2032 2034 2036 2038 2040 2042 2044 2046 2048 2050 2052 2054 2056 2058 2060 2062 2064 2066 2068 2070 2072 2074 2076 2078 2080 2082 2084 2086 2088 2090 2092 2094 2096 2098 2100 2102 2104 2106 2108 2110 2112 2114 2116 2118 2120 2122 2124 2126 2128 2130 2132 2134 2136 2138 2140 2142 2144 2146 2148 2150 2152 2154 2156 2158 2160 2162 2164 2166 2168 2170 2172 2174 2176 2178 2180 2182 2184 2186 2188 2190 2192 2194 2196 2198 2200 2202 2204 2206 2208 2210 2212 2214 2216 2218 2220 2222 2224 2226 2228 2230 2232 2234 2236 2238 2240 2242 2244 2246 2248 2250 2252 2254 2256 2258 2260 2262 2264 2266 2268 2270 2272 2274 2276 2278 2280 2282 2284 2286 2288 2290 2292 2294 2296 2298 2300 2302 2304 2306 2308 2310 2312 2314 2316 2318 2320 2322 2324 2326 2328 2330 2332 2334 2336 2338 2340 2342 2344 2346 2348 2350 2352 2354 2356 2358 2360 2362 2364 2366 2368 2370 2372 2374 2376 2378 2380 2382 2384 2386 2388 2390 2392 2394 2396 2398 2400 2402 2404 2406 2408 2410 2412 2414 2416 2418 2420 2422 2424 2426 2428 2430 2432 2434 2436 2438 2440 2442 2444 2446 2448 2450 2452 2454 2456 2458 2460 2462 2464 2466 2468 2470 2472 2474 2476 2478 2480 2482 2484 2486 2488 2490 2492 2494 2496 2498 2500 2502 2504 2506 2508 2510 2512 2514 2516 2518 2520 2522 2524 2526 2528 2530 2532 2534 2536 2538 2540 2542 2544 2546 2548 2550 2552 2554 2556 2558 2560 2562 2564 2566 2568 2570 2572 2574 2576 2578 2580 2582 2584 2586 2588 2590 2592 2594 2596 2598 2600 2602 2604 2606 2608 2610 2612 2614 2616 2618 2620 2622 2624 2626 2628 2630 2632 2634 2636 2638 2640 2642 2644 2646 2648 2650 2652 2654 2656 2658 2660 2662 2664 2666 2668 2670 2672 2674 2676 2678 2680 2682 2684 2686 2688 2690 2692 2694 2696 2698 2700 2702 2704 2706 2708 2710 2712 2714 2716 2718 2720 2722 2724 2726 2728 2730 2732 2734 2736 2738 2740 2742 2744 2746 2748 2750 2752 2754 2756 2758 2760 2762 2764 2766 2768 2770 2772 2774 2776 2778 2780 2782 2784 2786 2788 2790 2792 2794 2796 2798 2800 2802 2804 2806 2808 2810 2812 2814 2816 2818 2820 2822 2824 2826 2828 2830 2832 2834 2836 2838 2840 2842 2844 2846 2848 2850 2852 2854 2856 2858 2860 2862 2864 2866 2868 2870 2872 2874 2876 2878 2880 2882 2884 2886 2888 2890 2892 2894 2896 2898 2900 2902 2904 2906 2908 2910 2912 2914 2916 2918 2920 2922 2924 2926 2928 2930 2932 2934 2936 2938 2940 2942 2944 2946 2948 2950 2952 2954 2956 2958 2960 2962 2964 2966 2968 2970 2972 2974 2976 2978 2980 2982 2984 2986 2988 2990 2992 2994 2996 2998 3000 3002 3004 3006 3008 3010 3012 3014 3016 3018 3020 3022 3024 3026 3028 3030 3032 3034 3036 3038 3040 3042 3044 3046 3048 3050 3052 3054 3056 3058 3060 3062 3064 3066 3068 3070 3072 3074 3076 3078 3080 3082 3084 3086 3088 3090 3092 3094 3096 3098 3100 3102 3104 3106 3108 3110 3112 3114 3116 3118 3120 3122 3124 3126 3128 3130 3132 3134 3136 3138 3140 3142 3144 3146 3148 3150 3152 3154 3156 3158 3160 3162 3164 3166 3168 3170 3172 3174 3176 3178 3180 3182 3184 3186 3188 3190 3192 3194 3196 3198 3200 3202 3204 3206 3208 3210 3212 3214 3216 3218 3220 3222 3224 3226 3228 3230 3232 3234 3236 3238 3240 3242 3244 3246 3248 3250 3252 3254 3256 3258 3260 3262 3264 3266 3268 3270 3272 3274 3276 3278 3280 3282 3284 3286 3288 3290 3292 3294 3296 3298 3300 3302 3304 3306 3308 3310 3312 3314 3316 3318 3320 3322 3324 3326 3328 3330 3332 3334 3336 3338 3340 3342 3344 3346 3348 3350 3352 3354 3356 3358 3360 3362 3364 3366 3368 3370 3372 3374 3376 3378 3380 3382 3384 3386 3388 3390 3392 3394 3396 3398 3400 3402 3404 3406 3408 3410 3412 3414 3416 3418 3420 3422 3424 3426 3428 3430 3432 3434 3436 3438 3440 3442 3444 3446 3448 3450 3452 3454 3456 3458 3460 3462 3464 3466 3468 3470 3472 3474 3476 3478 3480 3482 3484 3486 3488 3490 3492 3494 3496 3498 3500 3502 3504 3506 3508 3510 3512 3514 3516 3518 3520 3522 3524 3526 3528 3530 3532 3534 3536 3538 3540 3542 3544 3546 3548 3550 3552 3554 3556 3558 3560 3562 3564 3566 3568 3570 3572 3574 3576 3578 3580 3582 3584 3586 3588 3590 3592 3594 3596 3598 3600 3602 3604 3606 3608 3610 3612 3614 3616 3618 3620 3622 3624 3626 3628 3630 3632 3634 3636 3638 3640 3642 3644 3646 3648 3650 3652 3654 3656 3658 3660 3662 3664 3666 3668 3670 3672 3674 3676 3678 3680 3682 3684 3686 3688 3690 3692 3694 3696 3698 3700 3702 3704 3706 3708 3710 3712 3714 3716 3718 3720 3722 3724 3726 3728 3730 3732 3734 3736 3738 3740 3742 3744 3746 3748 3750 3752 3754 3756 3758 3760 3762 3764 3766 3768 3770 3772 3774 3776 3778 3780 3782 3784 3786 3788 3790 3792 3794 3796 3798 3800 3802 3804 3806 3808 3810 3812 3814 3816 3818 3820 3822 3824 3826 3828 3830 3832 3834 3836 3838 3840 3842 3844 3846 3848 3850 3852 3854 3856 3858 3860 3862 3864 3866 3868 3870 3872 3874 3876 3878 3880 3882 3884 3886 3888 3890 3892 3894 3896 3898 3900 3902 3904 3906 3908 3910 3912 3914 3916 3918 3920 3922 3924 3926 3928 3930 3932 3934 3936 3938 3940 3942 3944 3946 3948 3950 3952 3954 3956 3958 3960 3962 3964 3966 3968 3970 3972 3974 3976 3978 3980 3982 3984 3986 3988 3990 3992 3994 3996 3998 4000 
        </DataArray>
      </Polys>
      <CellData Scalars="Pressure">
        <DataArray type="Float64" Name="Pressure" format="ascii">
780106 779303 778467 777649 776721 775730 774711 773822 773054 772303 771173 769457 767683 766690 767566 768449 769303 767932 766590 765355 764602 763880 763166 762031 760858 759693 758345 756984 755582 754112 752577 751045 749496 747963 746379 744939 743561 742191 740777 739357 737889 736606 735589 734192 733223 732280 731309 730421 729449 728496 727532 726602 725658 724733 723862 723015 722158 721305 720438 719588 718859 718219 717533 716816 716070 715354 717068 716792 716241 715497 715126 715115 715478 716181 716916 717657 713109 712549 712008 711248 710372 709620 708484 706969 705462 703944 702258 700596 701997 701030 700117 698634 693578 691312 689397 689618 691000 692738 693572 691040 690443 688960 688604 688589 688919 688166 687230 686175 685059 685610 684481 683542 683115 682704 682284 681811 681342 680070 679528 678973 678379 677529 676908 676370 675848 675173 674293 673617 673096 672472 671863 671263 670628 669991 669343 668759 668177 667618 667227 666926 666651 664644 662762 660914 660988 664582 665139 665536 663644 664144 662604 660277 659754 659356 659070 659534 659789 660030 660287 660869 661404 661420 661983 662190 662458 662778 663167 663485 663835 664307 664734 665221 665784 666200 666893 667579 668465 669304 670194 670981 672100 673099 674121 675133 675958 676487 677247 677497 677748 677960 678141 678169 677995 677747 677417 676770 675767 675026 673817 670706 669417 669994 670018 672479 675451 678838 681731 680499 679430 678558 677204 677164 674879 673170 672861 671998 670527 669932 669824 669765 669894 669919 671013 671661 672309 672936 673128 673017 673074 673298 673535 674838 676294 677576 678896 680295 682516 684309 685691 687332 689307 691055 693054 694845 696738 698428 699567 700449 701322 702169 702934 703742 704410 704920 705376 705339 704962 704901 704493 703667 703223 701700 698938 695716 693798 687856 687771 687417 686828 686180 692905 702186 709408 714338 713846 709874 706296 703228 700637 699626 697922 695921 692722 690693 688037 685876 684141 681981 679632 677129 674431 671737 669205 666917 664265 661603 659077 656769 655676 654458 653570 653265 653502 653811 648942 648280 645642 644030 643386 652203 668498 681292 691019 687893 686967 685003 684252 684296 684432 684655 686467 685283 685777 686353 688989 689709 690618 690415 690257 690353 690703 693084 693367 692992 693497 693095 692845 692755 694028 692226 691703 691324 690090 688810 687492 684896 681661 679147 677266 683943 680776 677743 674048 673025 672474 674836 674322 671186 668029 665135 663045 661012 659263 658483 657813 657273 657666 657765 658356 658500 658525 659486 658423 654541 660234 654764 637527 614114 586341 530240 384944 245644 111595 66504.4 59340.6 53985.5 54708 55940.2 56799.7 59751.1 61697.3 57926.6 59930.9 62081.1 64157.1 66108.1 68444.7 70433.5 72144 73854.5 74061.2 76601.5 76832.2 76891.7 76735.5 76870 77564.9 77495.1 70650.7 71151.3 71772.5 72468.4 70732.4 72247.1 73685.7 75026.1 76308.2 77481.9 78711.6 79897.8 80926.6 83493.2 84711.3 85932.3 84139.5 85461.9 86761 87995.1 89427.1 90800 92149.1 93538 94826.9 95938.3 97985.5 98892.3 99674.5 100291 100985 101527 102111 102747 103393 104026 109810 110797 111863 112887 113938 114946 115980 116973 118211 119405 120632 121814 123029 124199 125571 126933 117837 118940 120302 121864 123437 124953 126464 127950 129519 131184 132859 134505 136216 137885 139586 141373 143153 144869 146559 148172 149767 151300 152799 154216 158074 159341 160642 162279 164104 165874 167711 169511 171344 173100 174873 176593 178393 180187 182013 183721 185372 186973 188576 190083 191616 193133 194767 196349 197943 199422 200920 202398 204126 205797 202019 203808 205630 207428 209281 211102 212949 214786 216654 218488 220473 222449 224438 226659 229070 231438 233878 236286 238705 241318 244281 247186 250145 253056 255978 258988 262571 266092 269654 278786 282288 285694 289183 292533 295950 292458 296505 300606 304049 307178 310310 313899 317973 322157 326367 330580 335176 339572 344442 348241 346746 348217 350061 352205 354297 356253 358137 360620 363424 366427 369484 372470 381582 384488 387418 390229 385837 389497 393449 397149 399536 401737 403881 407029 417462 420357 415241 417525 420089 421935 423186 424283 425751 427974 430376 438750 440146 441416 443467 438609 442731 447059 452102 457476 463164 474243 478767 483070 480698 484958 489149 493134 495532 504931 506792 498781 499307 499990 501090 503348 505999 508959 518881 521600 524722 522267 528712 535411 542249 547282 558905 564352 562099 569054 576480 583141 588360 600342 605723 603599 609003 614349 620114 626026 639833 636983 642748 648920 655705 660396 663654 672491 668497 672781 677330 681998 685687 696254 699052 693506 699353 705598 712451 723229 725927 728334 733171 727537 732857 749997 744333 753591 763433 773539 785690 815323 827176 820078 857001 894689 934396 958717 964546 971280 979147 948640 903309 825449 808043 807644 808020 809159 812767 819436 826535 833834 839299 848358 851091 852946 845847 847052 856601 860014 854465 859427 864545 884510 880841 892624 904668 916582 946455 960795 976402 998700 1.00224e+06 1.051e+06 1.08231e+06 1.1481e+06 1.17625e+06 1.26303e+06 1.40643e+06 1.4376e+06 1.49165e+06 1.5017e+06 1.50328e+06 1.44906e+06 1.40485e+06 1.33928e+06 1.27225e+06 1.21599e+06 1.16824e+06 1.14304e+06 1.12354e+06 1.11036e+06 1.1019e+06 1.09435e+06 1.08643e+06 1.07839e+06 1.06977e+06 1.06103e+06 1.05302e+06 1.04598e+06 1.03969e+06 1.0381e+06 1.03762e+06 1.03733e+06 1.03722e+06 1.03968e+06 1.04542e+06 1.05169e+06 1.05869e+06 1.06811e+06 1.12101e+06 1.17975e+06 1.24627e+06 1.3184e+06 1.38413e+06 1.42175e+06 1.45244e+06 1.47521e+06 1.45519e+06 1.4527e+06 1.44078e+06 1.43449e+06 1.43674e+06 1.44204e+06 1.4533e+06 1.46585e+06 1.48445e+06 1.49678e+06 1.50196e+06 1.51191e+06 1.52704e+06 1.53469e+06 1.53864e+06 1.53822e+06 1.54016e+06 1.54006e+06 1.53913e+06 1.5374e+06 1.53466e+06 1.52851e+06 1.52015e+06 1.50986e+06 1.53506e+06 1.47531e+06 1.47216e+06 1.47513e+06 1.54283e+06 1.55648e+06 1.55668e+06 1.57547e+06 1.61359e+06 1.64144e+06 1.65626e+06 1.70413e+06 1.68653e+06 1.66914e+06 1.65139e+06 1.61664e+06 1.6119e+06 1.60107e+06 1.59414e+06 1.5916e+06 1.59643e+06 1.60275e+06 1.6068e+06 1.61229e+06 1.61778e+06 1.62352e+06 1.64091e+06 1.63194e+06 1.64084e+06 1.65187e+06 1.69e+06 1.70081e+06 1.70785e+06 1.71067e+06 1.72427e+06 1.74101e+06 1.75996e+06 1.77897e+06 1.78446e+06 1.77666e+06 1.77104e+06 1.76928e+06 1.76991e+06 1.77072e+06 1.77167e+06 1.77093e+06 1.7703e+06 1.77003e+06 1.77203e+06 1.77231e+06 1.77236e+06 1.77242e+06 1.77281e+06 1.77324e+06 1.77372e+06 1.77473e+06 1.77502e+06 1.77545e+06 1.7755e+06 1.7755e+06 1.7756e+06 1.77582e+06 1.77742e+06 1.77674e+06 1.7763e+06 1.77612e+06 1.77512e+06 1.77441e+06 1.77396e+06 1.77524e+06 1.77471e+06 1.77441e+06 1.77378e+06 1.77127e+06 1.76895e+06 1.7669e+06 1.76971e+06 1.76816e+06 1.76855e+06 1.76903e+06 1.76495e+06 1.76418e+06 1.76357e+06 1.76236e+06 1.76164e+06 1.76143e+06 1.75844e+06 1.75032e+06 1.73895e+06 1.73662e+06 1.74144e+06 1.74813e+06 1.76853e+06 1.77161e+06 1.77188e+06 1.77253e+06 1.77665e+06 1.78088e+06 1.78506e+06 1.78827e+06 1.79109e+06 1.7941e+06 1.79642e+06 1.79918e+06 1.80189e+06 1.80612e+06 1.80783e+06 1.80958e+06 1.81142e+06 1.81265e+06 1.81386e+06 1.8152e+06 1.81681e+06 1.81803e+06 1.81923e+06 1.82103e+06 1.82151e+06 1.82203e+06 1.82264e+06 1.82351e+06 1.82437e+06 1.8252e+06 1.82561e+06 1.82609e+06 1.82672e+06 1.82717e+06 1.8278e+06 1.82818e+06 1.82873e+06 1.82945e+06 1.83016e+06 1.83064e+06 1.83071e+06 1.83091e+06 1.83191e+06 1.83225e+06 1.83255e+06 1.83284e+06 1.83284e+06 1.8323e+06 1.83209e+06 1.83221e+06 1.83244e+06 1.8327e+06 1.83307e+06 1.83346e+06 1.83386e+06 1.83404e+06 1.83404e+06 1.8341e+06 1.83606e+06 1.83835e+06 1.84072e+06 1.84306e+06 1.84574e+06 1.84661e+06 1.8493e+06 1.85321e+06 1.85725e+06 1.86128e+06 1.86696e+06 1.87259e+06 1.87829e+06 1.88373e+06 1.88932e+06 1.89487e+06 1.90106e+06 1.90731e+06 1.91365e+06 1.91896e+06 1.92381e+06 1.92863e+06 1.93558e+06 1.93965e+06 1.94384e+06 1.94755e+06 1.95023e+06 1.95118e+06 1.95359e+06 1.95568e+06 1.95783e+06 1.95999e+06 1.96227e+06 1.96452e+06 1.96677e+06 1.96871e+06 1.97069e+06 1.97266e+06 1.97558e+06 1.97845e+06 1.98135e+06 1.98413e+06 1.98695e+06 1.98972e+06 1.99314e+06 1.9966e+06 2.00009e+06 2.00338e+06 2.00667e+06 2.00989e+06 2.01332e+06 2.01676e+06 2.02024e+06 2.02329e+06 2.02611e+06 2.02888e+06 2.03148e+06 2.03383e+06 2.03621e+06 2.03837e+06 2.04034e+06 2.04227e+06 2.04384e+06 2.04467e+06 2.04552e+06 2.04624e+06 2.04667e+06 2.04709e+06 2.04727e+06 2.04627e+06 2.04527e+06 2.04429e+06 2.04341e+06 2.04254e+06 2.04164e+06 2.03922e+06 2.03676e+06 2.03434e+06 2.03262e+06 2.03099e+06 2.02933e+06 2.02616e+06 2.02263e+06 2.01917e+06 2.01608e+06 2.01319e+06 2.01025e+06 2.00701e+06 2.00355e+06 2.00013e+06 1.99672e+06 1.9934e+06 1.99002e+06 1.98742e+06 1.984e+06 1.98068e+06 1.97758e+06 1.97482e+06 1.97201e+06 1.96944e+06 1.96676e+06 1.96414e+06 1.96151e+06 1.9591e+06 1.95663e+06 1.9542e+06 1.95162e+06 1.94908e+06 1.94649e+06 1.94424e+06 1.94199e+06 1.93978e+06 1.93707e+06 1.93424e+06 1.93129e+06 1.92872e+06 1.92607e+06 1.92353e+06 1.92166e+06 1.91945e+06 1.91717e+06 1.91457e+06 1.91144e+06 1.90843e+06 1.90573e+06 1.90392e+06 1.90199e+06 1.89997e+06 1.89735e+06 1.89468e+06 1.89187e+06 1.89156e+06 1.89061e+06 1.88971e+06 1.88964e+06 1.88938e+06 1.88908e+06 1.88901e+06 1.8891e+06 1.8892e+06 1.88932e+06 1.88943e+06 1.88951e+06 1.89011e+06 1.89285e+06 1.89523e+06 1.89842e+06 1.89967e+06 1.90082e+06 1.90181e+06 1.90389e+06 1.90609e+06 1.90825e+06 1.91041e+06 1.91269e+06 1.9148e+06 1.91797e+06 1.92035e+06 1.92249e+06 1.92436e+06 1.92636e+06 1.9283e+06 1.93024e+06 1.93237e+06 1.93449e+06 1.93712e+06 1.93903e+06 1.93996e+06 1.94023e+06 1.94197e+06 1.94702e+06 1.95219e+06 1.957e+06 1.9571e+06 1.95662e+06 1.95713e+06 1.95985e+06 1.9608e+06 1.9613e+06 1.9607e+06 1.95929e+06 1.95778e+06 1.95663e+06 1.95663e+06 1.95658e+06 1.95518e+06 1.95659e+06 1.95264e+06 1.94803e+06 1.94502e+06 1.94282e+06 1.9417e+06 1.94083e+06 1.93695e+06 1.93289e+06 1.92876e+06 1.92524e+06 1.92206e+06 1.91802e+06 1.9141e+06 1.90936e+06 1.90479e+06 1.90025e+06 1.89688e+06 1.89375e+06 1.89135e+06 1.88612e+06 1.88193e+06 1.87815e+06 1.87487e+06 1.87156e+06 1.86851e+06 1.86642e+06 1.8606e+06 1.85623e+06 1.85219e+06 1.84852e+06 1.84658e+06 1.84553e+06 1.84558e+06 1.84271e+06 1.84072e+06 1.83929e+06 1.83911e+06 1.84537e+06 1.85402e+06 1.85238e+06 1.8307e+06 1.79987e+06 1.77013e+06 1.74049e+06 1.73007e+06 1.71401e+06 1.69762e+06 1.65278e+06 1.64762e+06 1.64603e+06 1.67019e+06 1.65569e+06 1.65771e+06 1.65988e+06 1.66166e+06 1.66007e+06 1.66232e+06 1.66016e+06 1.65141e+06 1.64652e+06 1.64116e+06 1.63716e+06 1.61733e+06 1.59618e+06 1.57352e+06 1.54851e+06 1.51703e+06 1.49096e+06 1.45807e+06 1.4158e+06 1.3922e+06 1.37128e+06 1.36697e+06 1.3487e+06 1.35023e+06 1.35412e+06 1.36023e+06 1.36709e+06 1.36895e+06 1.37081e+06 1.36605e+06 1.35562e+06 1.35994e+06 1.35804e+06 1.35461e+06 1.3438e+06 1.33994e+06 1.34257e+06 1.33938e+06 1.32931e+06 1.32653e+06 1.32409e+06 1.32869e+06 1.32001e+06 1.31827e+06 1.31677e+06 1.31558e+06 1.31247e+06 1.30861e+06 1.30466e+06 1.30075e+06 1.29722e+06 1.30081e+06 1.30299e+06 1.29144e+06 1.27842e+06 1.27982e+06 1.27399e+06 1.26737e+06 1.25404e+06 1.24827e+06 1.24955e+06 1.24623e+06 1.23906e+06 1.23927e+06 1.24015e+06 1.24915e+06 1.24584e+06 1.25236e+06 1.26e+06 1.27721e+06 1.28877e+06 1.29716e+06 1.31274e+06 1.33514e+06 1.35091e+06 1.3618e+06 1.37799e+06 1.39472e+06 1.41637e+06 1.43772e+06 1.46056e+06 1.485e+06 1.51038e+06 1.50423e+06 1.52282e+06 1.4953e+06 1.41794e+06 1.3653e+06 1.26574e+06 1.11965e+06 1.09703e+06 1.07988e+06 996567 938937 912760 893664 874801 856784 840738 838669 836558 834472 842084 832439 832504 832811 840264 840572 836282 837701 845086 847454 853394 851591 875483 919677 970431 1.05311e+06 1.13165e+06 1.23283e+06 1.32608e+06 1.40839e+06 1.42714e+06 1.4609e+06 1.44351e+06 1.42116e+06 1.35196e+06 1.26502e+06 1.1261e+06 1.03861e+06 988691 943436 900822 893555 851170 835926 820841 822257 814406 801142 795679 789663 783604 777773 780124 767040 762020 757205 760531 758065 755944 747556 741319 735523 729973 734392 730441 721527 718148 713671 709191 704992 707099 696796 692269 687766 680522 673058 665603 667290 707904 739618 769796 774274 777536 782130 784660 740271 710851 683465 664291 645325 625939 627946 604563 594961 585414 579155 572622 566031 567918 564089 554606 549169 542370 536162 538727 534275 530235 526286 516146 512574 509004 504938 500417 496329 500571 496886 485989 482250 479637 477057 474244 470768 467050 463638 466219 456213 452019 448042 445039 441979 438760 434838 430956 427395 430389 419879 415758 412087 409021 405900 402430 398059 393680 389437 392613 390343 383404 380079 376414 372893 369817 367081 364255 360934 356935 353229 356095 353188 350207 341879 338911 336002 333056 329938 326785 323725 321321 319117 316807 314225 311542 309037 313048 311147 309162 301626 299672 297755 295776 293712 291630 289644 288113 286560 284934 283356 281725 280096 277580 275033 272512 276390 274300 272214 269966 267685 265332 258526 255963 253444 250762 247982 245163 242552 240177 237820 235404 233014 230576 228145 225555 223004 220440 218255 216015 213793 211491 209217 206895 204895 202874 200871 198801 196751 194657 192769 190901 189051 187169 185311 183412 181473 179445 177439 175480 173638 171756 169884 167955 166045 164161 162438 160680 158945 157173 155419 153658 152094 150498 148932 147450 145978 144468 142764 141029 139322 144845 151604 158884 340067 572174 802239 914140 953679 1.01898e+06 1.03825e+06 1.04213e+06 1.04568e+06 1.05104e+06 1.05778e+06 1.06473e+06 1.07031e+06 1.07377e+06 1.07712e+06 1.08026e+06 1.08286e+06 1.08561e+06 1.08834e+06 1.09074e+06 1.09323e+06 1.0959e+06 1.09874e+06 1.10162e+06 1.10445e+06 1.10513e+06 1.10334e+06 1.10354e+06 1.10112e+06 1.0985e+06 1.09581e+06 1.09285e+06 1.09006e+06 1.08742e+06 1.08691e+06 1.08842e+06 1.09002e+06 1.09182e+06 1.09357e+06 1.09511e+06 1.09647e+06 1.09801e+06 1.10182e+06 1.10309e+06 1.10355e+06 1.10396e+06 1.10425e+06 1.1051e+06 1.10568e+06 1.10623e+06 1.10617e+06 1.10582e+06 1.10542e+06 1.10506e+06 1.10475e+06 1.1043e+06 1.10408e+06 1.10358e+06 1.10311e+06 1.10264e+06 1.10215e+06 1.10159e+06 1.10097e+06 1.10061e+06 1.10029e+06 1.09998e+06 1.09947e+06 1.09893e+06 1.09841e+06 1.09787e+06 1.09747e+06 1.09709e+06 1.09668e+06 1.09614e+06 1.09562e+06 1.09512e+06 1.09419e+06 1.09347e+06 1.09274e+06 1.0917e+06 1.09064e+06 1.08954e+06 1.08833e+06 1.08691e+06 1.08548e+06 1.08579e+06 1.08687e+06 1.08829e+06 1.08776e+06 1.07718e+06 1.07375e+06 1.07129e+06 1.07164e+06 1.07482e+06 1.0774e+06 1.07728e+06 1.07543e+06 1.0739e+06 1.07276e+06 1.07158e+06 1.07081e+06 1.07161e+06 1.0715e+06 1.07165e+06 1.072e+06 1.07301e+06 1.07486e+06 1.07699e+06 1.07933e+06 1.08089e+06 1.08296e+06 1.08501e+06 1.0867e+06 1.08772e+06 1.08848e+06 1.08899e+06 1.09122e+06 1.09297e+06 1.09529e+06 1.09319e+06 1.09826e+06 1.10467e+06 1.11194e+06 1.10072e+06 1.09424e+06 1.09011e+06 1.09232e+06 1.09879e+06 1.10451e+06 1.10935e+06 1.10999e+06 1.10775e+06 1.10638e+06 1.10727e+06 1.1069e+06 1.10646e+06 1.10511e+06 1.10503e+06 1.10469e+06 1.10458e+06 1.10383e+06 1.10212e+06 1.09825e+06 1.09874e+06 1.09942e+06 1.10063e+06 1.10193e+06 1.10276e+06 1.10002e+06 1.09873e+06 1.09803e+06 1.09803e+06 1.09798e+06 1.09782e+06 1.09729e+06 1.09766e+06 1.09741e+06 1.09724e+06 1.09668e+06 1.09147e+06 1.08883e+06 1.08647e+06 1.07844e+06 1.07692e+06 1.07575e+06 1.08325e+06 1.0715e+06 1.07715e+06 1.08662e+06 1.10023e+06 1.10015e+06 1.10215e+06 1.10295e+06 1.09996e+06 1.09784e+06 1.09654e+06 1.09437e+06 1.09331e+06 1.09207e+06 1.09074e+06 1.0888e+06 1.08754e+06 1.08587e+06 1.08423e+06 1.08268e+06 1.08109e+06 1.07945e+06 1.07778e+06 1.07613e+06 1.07447e+06 1.07284e+06 1.07114e+06 1.06945e+06 1.06706e+06 1.06481e+06 1.06278e+06 1.06092e+06 1.05561e+06 1.05315e+06 1.0504e+06 1.05276e+06 1.03987e+06 1.03985e+06 1.04176e+06 1.05537e+06 1.05581e+06 1.06055e+06 1.06541e+06 1.07022e+06 1.07155e+06 1.06709e+06 1.06313e+06 1.05981e+06 1.05701e+06 1.05605e+06 1.05515e+06 1.05427e+06 1.05338e+06 1.05265e+06 1.052e+06 1.05134e+06 1.05064e+06 1.04999e+06 1.04954e+06 1.04901e+06 1.04838e+06 1.04768e+06 1.04708e+06 1.0464e+06 1.04555e+06 1.04457e+06 1.04306e+06 1.04124e+06 1.0391e+06 1.03671e+06 1.04183e+06 1.02914e+06 1.02892e+06 1.0304e+06 1.04483e+06 1.04746e+06 1.05391e+06 1.06012e+06 1.0628e+06 1.06579e+06 1.05962e+06 1.05532e+06 1.05299e+06 1.04951e+06 1.04686e+06 1.04436e+06 1.04231e+06 1.04037e+06 1.03785e+06 1.03527e+06 1.03243e+06 1.02941e+06 1.02637e+06 1.0234e+06 1.02117e+06 1.0159e+06 1.01188e+06 1.00829e+06 1.00833e+06 1.00661e+06 994938 993081 1.00239e+06 1.0009e+06 997822 993570 995213 999158 1.00316e+06 1.0071e+06 1.0056e+06 1.00171e+06 998274 995402 994297 992986 991781 990582 989316 988194 987180 986343 985718 985303 985084 985929 985940 985496 985497 985263 985051 984870 985028 983590 982790 982868 982201 981371 980516 978786 977621 976575 975612 975977 975373 974215 973221 971800 970531 969457 969827 968059 967149 965990 964384 962734 960987 960184 957365 955559 953555 951446 949344 948602 946806 943716 942093 940719 939492 938359 939108 938782 937140 937093 936084 935068 934213 936585 936305 936272 932261 931624 931223 931069 928192 924782 921482 920564 914477 906572 901831 902055 903366 905708 912762 909040 905436 902257 900816 899429 898064 896773 895485 894584 893351 892173 891018 889371 888453 887541 886503 885434 884373 883434 882633 881855 881287 880387 879354 878461 877254 876070 874886 873942 873067 872227 871746 870661 869590 868576 866893 865751 864612 863526 862436 861365 860121 858922 857729 856639 855537 854451 853745 852571 851058 849776 848433 847131 845904 844792 843667 842517 841274 840081 838928 837909 836871 836551 835486 834467 833437 832382 831286 829660 828594 827548 826484 825288 824023 822779 821516 820270 818997 817638 816168 814721 813265 811849 810403 808946 807408 805900 804400 803011 801598 800228 798942 797676 796396 795223 794025 792842 791961 790972 789964 789065 788158 787274 786452 785672 784872 784090 783287 782502 781697 780912 
        </DataArray>
        <DataArray type="Float64" Name="Temperature" format="ascii">
1060.21 1060.29 1060.47 1060.66 1060.97 1061.39 1061.82 1062.4 1063.19 1063.98 1064.79 1065.58 1066.42 1067.69 1070.1 1072.54 1080.23 1076.12 1072.12 1068.48 1066.65 1064.71 1062.59 1061.36 1060.06 1058.69 1057.93 1057.28 1056.63 1056.02 1055.42 1054.85 1054.29 1053.78 1053.28 1052.86 1052.51 1052.21 1051.9 1051.61 1051.35 1051.18 1051.14 1046.23 1046.08 1045.97 1045.92 1048.98 1048.48 1048.03 1047.61 1047.11 1046.62 1046.15 1045.7 1045.26 1044.82 1044.4 1043.99 1043.58 1043.23 1042.96 1041.61 1041.25 1040.78 1040.23 1038.68 1038.64 1038.69 1038.99 1040.3 1042.2 1044.75 1047.84 1051.43 1055.41 1047.78 1048.55 1049.58 1052.13 1050.59 1049.29 1048.01 1046.79 1045.72 1044.9 1044.34 1043.87 1044.63 1045.72 1046.87 1047.81 1041.09 1040.39 1039.83 1039.82 1040.44 1041.55 1043.06 1046.33 1047.74 1048.79 1049.7 1050.53 1051.3 1050.08 1048.71 1047.3 1045.73 1045.44 1043.82 1042.86 1042.2 1041.42 1040.63 1040.57 1040.64 1041.05 1042.41 1044.27 1046.64 1046.81 1047.71 1048.88 1050.15 1050.78 1049.81 1050.3 1050.84 1050.36 1049.89 1049.41 1048.93 1048.49 1048.03 1047.59 1047.16 1046.75 1046.42 1046.14 1045.87 1043.36 1040.98 1038.64 1038.51 1042.37 1043.54 1044.73 1042.75 1043.88 1041.28 1042.89 1042.53 1042.31 1042.19 1042.57 1042.9 1043.18 1043.43 1043.74 1044.09 1044.29 1044.75 1045.12 1045.53 1045.95 1046.47 1047.04 1047.64 1048.23 1048.88 1049.55 1050.26 1051.78 1053.13 1054.59 1057.54 1062.78 1068.51 1077 1083.31 1092.88 1102.3 1111.25 1116.05 1121.63 1124.5 1123.45 1122.08 1120.49 1118.63 1115.87 1112.35 1108.68 1104.73 1101.36 1098.78 1096.05 1096.79 1094.88 1097.09 1102.57 1104.29 1106.67 1108.88 1110.84 1112.1 1111.18 1110.57 1110.28 1110.39 1112.22 1113.02 1114.51 1116.59 1118.28 1119.8 1121.53 1124.98 1129.03 1133.85 1138.94 1147.32 1154.87 1162.16 1168.94 1173.61 1176.62 1180.11 1183.96 1188.6 1195.69 1203.48 1211.2 1219.07 1222.32 1231.65 1237.76 1243.63 1249.95 1256.72 1266.19 1280.28 1297.62 1307.91 1321.46 1328.58 1334.53 1338.12 1339.33 1338.74 1334.31 1328.11 1320.21 1308.89 1290.82 1269.59 1254.99 1237.24 1219.82 1198.76 1182.43 1170.21 1158.92 1151.53 1144.89 1140.51 1136.73 1133.54 1130.99 1133.4 1138.82 1143.88 1148.42 1152.02 1154.98 1158.13 1161.36 1162.56 1166.64 1168.5 1170.14 1169.85 1170.69 1171.53 1171.79 1171.51 1171.48 1171.1 1171.33 1170.65 1169.89 1169.26 1168.77 1167.98 1167.22 1166.63 1166.23 1165.53 1166.52 1166.83 1166.84 1168.09 1168.89 1169.07 1169.55 1169.27 1169.83 1171.25 1177.32 1185.7 1192.67 1198.48 1195.74 1197.14 1200.56 1202.34 1204.45 1206.82 1209.37 1210.16 1213.85 1216.15 1218.82 1221.43 1222.88 1224.93 1228.61 1229.58 1230.76 1232.17 1233.68 1234.34 1234.93 1235.67 1235.58 1235.58 1235.66 1237.58 1234.43 1233.74 1233.14 1230.77 1227.9 1224.52 1220.29 1216.16 1211.6 1206.49 1218.58 1202.57 1198.24 1181.7 1178.99 1176.68 1188.44 1187.67 1183.76 1179.96 1178.21 1177.61 1177.22 1178.49 1184.33 1190.74 1197.51 1204.38 1210.72 1217.21 1220.72 1221.72 1223.3 1224.09 1218.59 1205.05 1196.74 1179.78 1161.95 1145.4 1152.43 959.094 759.472 553.804 480.33 451.283 429.363 429.804 432.58 434.454 440.89 444.995 436.608 440.89 445.538 449.775 453.504 457.857 461.213 463.696 470.551 472.801 468.729 471.088 473.404 475.596 477.935 480.66 482.776 486.616 488.018 489.617 491.337 488.568 491.804 494.883 497.637 500.218 502.584 504.965 507.179 509.105 513.538 515.635 517.731 514.781 516.827 518.834 520.738 522.831 524.808 526.724 528.688 530.483 531.996 534.928 535.952 536.795 537.414 538.088 538.614 539.195 539.851 540.519 541.175 549.135 550.261 551.509 552.701 553.916 555.077 556.26 557.389 558.875 560.299 561.753 563.144 564.565 565.925 567.533 569.125 557.512 558.779 560.424 562.364 564.312 566.189 568.062 569.899 571.834 573.881 575.935 577.944 580.006 582.011 584.046 586.152 588.246 590.261 592.213 594.075 595.913 597.667 599.382 601.005 604.982 606.373 607.798 609.548 611.482 613.359 615.287 617.166 619.078 620.895 622.715 624.481 626.293 628.063 629.867 631.546 633.158 634.722 636.325 637.898 639.499 641.126 642.979 644.779 646.602 648.326 650.079 651.801 653.719 655.579 652.913 654.845 656.813 658.753 660.715 662.64 664.597 666.491 668.409 670.296 672.275 674.23 676.204 678.323 680.581 682.803 685.061 687.268 689.493 691.84 694.433 696.982 699.564 702.078 704.612 707.196 710.168 713.096 716.059 723.012 725.881 728.671 731.506 734.242 737.039 734.916 738.12 741.356 744.192 746.836 749.51 752.365 755.486 758.676 761.85 764.98 768.362 771.547 775.014 777.719 776.981 778.21 779.699 781.379 782.902 784.355 785.784 787.442 789.304 791.301 793.156 794.917 800.074 801.353 802.611 803.819 800.563 801.856 803.312 804.661 805.304 805.872 806.42 807.706 813.141 814.329 811.165 812.246 813.494 814.405 815.02 815.557 816.305 817.472 818.743 823.277 823.997 824.656 825.726 823.061 825.265 827.595 830.251 833.054 836.029 841.758 844.075 846.283 845.155 847.406 849.629 851.751 853.095 857.954 859.032 855.159 855.551 856.021 856.694 857.893 859.281 860.814 865.774 867.143 868.682 867.439 870.491 873.664 876.883 879.139 884.553 886.956 885.758 888.812 892.072 894.958 897.12 902.473 904.64 903.393 905.558 907.678 909.921 912.172 918.019 916.391 918.558 920.872 923.409 925.079 926.107 929.715 927.595 929.113 930.714 932.345 933.558 937.788 938.559 935.953 938.032 940.244 942.664 946.954 947.737 948.285 950.133 947.617 949.457 956.229 953.442 956.845 960.403 964.002 968.172 979.304 982.974 978.907 990.882 1002.77 1014.95 1022.41 1025.97 1031.4 1038.89 1030.17 1014.9 988.304 981.936 981.674 981.78 982.252 983.702 986.182 988.796 991.458 993.491 996.847 997.938 998.792 996.678 997.335 1000.81 1002.18 1000.63 1002.57 1004.54 1011.3 1010.41 1014.52 1018.74 1022.95 1032.68 1037.55 1042.84 1049.96 1051.55 1066.25 1075.73 1093.67 1101.81 1123.89 1159.76 1167.68 1177.46 1180.88 1183.26 1173.32 1162.8 1146.55 1129.72 1115.18 1102.81 1096.01 1090.75 1087.22 1084.92 1082.83 1080.63 1078.4 1075.97 1073.39 1071.01 1068.9 1067 1066.4 1066.08 1065.78 1065.5 1066.03 1067.53 1069.09 1070.76 1073.04 1087.07 1102.11 1118.66 1136.18 1150.65 1159.43 1167.7 1175.2 1173.59 1172.94 1169.95 1168.4 1168.63 1169.86 1172.13 1174.78 1178.63 1180.55 1181.23 1182.74 1185.3 1186.32 1185.82 1184.92 1184.3 1182.95 1181.29 1179.39 1177.07 1173.77 1169.9 1165.57 1170.94 1154.49 1151.99 1150.54 1165.72 1168.63 1161.53 1167.27 1187.55 1195.46 1197.18 1208.27 1202.04 1196.37 1191.05 1182.66 1180.96 1178.21 1176.23 1175.51 1176.13 1177.21 1177.53 1178.45 1179.35 1180.27 1184.05 1181.26 1182.66 1184.33 1191.99 1193.42 1194.75 1192.02 1194.87 1198.93 1204.26 1214.54 1215.32 1214.07 1212.78 1212.41 1212.48 1212.57 1212.52 1212.48 1212.31 1212.22 1212.58 1212.62 1212.66 1212.74 1212.83 1212.89 1212.92 1213.13 1213.15 1213.17 1212.06 1212.1 1211.95 1211.6 1211.85 1211.75 1211.55 1208.91 1208.73 1208.14 1207.12 1206.86 1207.22 1207.1 1203.59 1203.16 1202.2 1200.76 1207.44 1200.93 1201.71 1201.98 1197.47 1197.58 1197.37 1196.94 1196.3 1195.47 1198.41 1197.47 1189.5 1189.56 1191.09 1193.28 1206.69 1207.15 1206.86 1206.61 1207.05 1207.67 1208.29 1208.8 1209.31 1209.86 1210.25 1210.86 1211.47 1212.6 1213.33 1214.07 1214.84 1215.6 1216.43 1217.3 1217.92 1218.81 1219.71 1221.29 1222.04 1222.79 1223.56 1224.29 1225.03 1225.77 1226.32 1226.87 1227.46 1227.62 1228.41 1228.81 1229.21 1229.6 1230 1230.35 1230.59 1230.86 1231.19 1231.48 1231.77 1232.06 1232.29 1232.56 1232.76 1233.03 1233.33 1233.63 1233.97 1234.31 1234.66 1234.97 1235.25 1235.54 1236.47 1237.37 1238.26 1239.11 1240 1239.77 1240.71 1241.86 1243 1244.11 1245.54 1246.92 1248.29 1249.62 1250.96 1252.26 1253.7 1255.12 1256.53 1257.74 1258.87 1259.95 1264.48 1265.77 1267 1268.06 1268.84 1265.04 1265.98 1266.76 1267.49 1268.15 1268.74 1269.29 1269.79 1270.19 1270.56 1270.91 1271.34 1271.76 1272.17 1272.35 1272.54 1272.73 1273.05 1273.39 1273.75 1274.19 1274.67 1275.14 1275.74 1276.4 1277.06 1277.69 1278.32 1278.92 1279.6 1280.32 1281.05 1281.84 1282.75 1283.63 1284.49 1285.27 1286.06 1286.82 1287.54 1288.25 1288.92 1289.34 1289.77 1290.19 1290.62 1291.05 1291.47 1291.62 1291.77 1291.91 1292.27 1292.63 1293.01 1293.16 1293.27 1293.38 1293.62 1293.89 1294.17 1294.35 1294.49 1294.62 1294.62 1294.5 1294.36 1295.46 1294.95 1294.44 1293.82 1293.14 1292.41 1290.64 1289.79 1288.95 1288.11 1287.39 1286.64 1285.9 1285.39 1284.88 1284.34 1284.11 1283.87 1283.6 1283.13 1282.58 1281.97 1283.06 1282.33 1281.59 1279.67 1279.22 1278.76 1278.2 1277.47 1276.77 1276.1 1275.57 1275.02 1274.45 1273.72 1272.98 1272.21 1272.37 1271.91 1271.44 1270.92 1270.69 1270.46 1270.29 1270.13 1269.96 1269.8 1269.62 1269.4 1269.24 1269.78 1269.95 1270.25 1270.26 1270.28 1270.32 1270.58 1270.89 1271.23 1271.51 1271.79 1270.7 1272.33 1272.47 1272.65 1272.88 1273.18 1273.56 1274.03 1274.42 1274.93 1272.74 1275.38 1275.39 1275.33 1275.16 1275.31 1276.04 1277.12 1276.94 1270.59 1270.34 1274.59 1273.62 1273.16 1272.72 1272.29 1272.34 1264.49 1264.7 1265.22 1265.27 1265.66 1264.08 1263.13 1262.92 1257.1 1257.47 1260.4 1258.15 1256.56 1255.69 1254.99 1254.83 1249.39 1252.65 1250.62 1249.18 1248.27 1247.58 1247.53 1242.19 1245.44 1243.52 1242.23 1241.54 1240.94 1240.99 1235.95 1238.7 1236.9 1235.73 1235.1 1234.93 1235.51 1231.48 1234.01 1233.23 1233.03 1233.42 1234.92 1232.36 1233.36 1220.03 1211.05 1203.72 1197.82 1198.94 1195.55 1192.96 1183.87 1183.16 1183.11 1188.64 1185.73 1186.48 1187.23 1187.83 1187.66 1188.34 1188.24 1186.56 1185.71 1184.76 1184.09 1180.22 1176.03 1171.46 1166.34 1159.64 1154.03 1147.1 1137.73 1132.53 1128.02 1127.07 1123.23 1123.61 1124.51 1125.9 1127.23 1127.42 1127.48 1126.02 1123.05 1123.76 1122.9 1121.9 1119.02 1117.94 1118.56 1117.74 1115.21 1114.57 1113.97 1115.23 1113.01 1112.64 1112.29 1111.99 1111.27 1110.39 1109.47 1108.54 1107.7 1108.67 1109.19 1106.41 1103.22 1103.57 1102.15 1100.52 1097.2 1095.76 1096.09 1095.26 1093.45 1093.49 1093.7 1095.95 1095.11 1096.72 1098.61 1102.88 1105.7 1107.73 1111.49 1116.87 1120.6 1123.16 1126.93 1130.82 1135.79 1140.65 1145.92 1151.64 1157.67 1155.71 1155.09 1148.3 1134.75 1123.02 1098.44 1061.33 1055.76 1051.31 1028.15 1010.65 1002.64 996.414 990.246 984.339 979.099 978.356 977.607 976.876 979.366 976.116 976.085 976.147 978.588 978.657 977.191 977.62 980.035 980.762 982.66 982.094 989.896 1003.6 1019.43 1043.88 1067.25 1093.45 1117.16 1137.61 1142 1150.55 1146.84 1142.21 1126.61 1104.85 1070.46 1048.29 1033.11 1019.29 1006.27 1003.86 990.611 985.628 980.776 981.352 978.81 974.654 972.942 971.011 969.099 967.304 968.153 963.986 962.372 960.861 962.095 961.253 960.517 957.821 955.562 953.506 951.584 953.21 951.749 948.574 947.315 945.617 943.928 942.362 942.986 939.259 937.466 935.726 932.863 929.928 927.027 927.554 948.324 963.334 977.128 974.917 973.01 973.169 974.755 958.66 947.88 937.962 930.17 922.545 914.834 915.776 905.979 901.89 897.854 895.127 892.289 889.434 890.221 888.5 884.354 881.884 878.775 875.957 877.195 875.103 873.182 871.339 866.633 864.902 863.19 861.217 859.003 857.022 859.018 857.178 851.91 850.026 848.661 847.321 845.88 844.089 842.167 840.412 841.586 836.509 834.271 832.162 830.496 828.817 827.069 824.914 822.783 820.835 822.261 816.622 814.283 812.172 810.336 808.488 806.453 803.886 801.329 798.864 800.48 799.019 794.951 792.88 790.624 788.464 786.497 784.683 782.823 780.676 778.13 775.777 777.386 775.447 773.47 768.272 766.191 764.166 762.127 760.007 757.875 755.814 754.113 752.527 750.878 749.063 747.194 745.455 748.004 746.628 745.204 740.084 738.608 737.169 735.697 734.175 732.643 731.182 730.023 728.856 727.644 726.427 725.174 723.926 722.029 720.115 718.227 720.93 719.276 717.635 715.874 714.095 712.263 707.134 705.038 702.983 700.795 698.524 696.225 694.061 692.022 690.004 687.934 685.87 683.766 681.665 679.403 677.178 674.939 672.976 670.967 668.977 666.882 664.812 662.701 660.836 658.948 657.079 655.12 653.175 651.19 649.37 647.558 645.765 643.899 642.038 640.137 638.173 636.103 634.056 632.035 630.11 628.144 626.17 624.11 622.071 620.047 618.169 616.253 614.351 612.372 610.412 608.439 606.653 604.831 603.037 601.312 599.598 597.839 595.803 593.722 591.672 603.792 618.363 634.033 779.619 962.202 1141.77 1213.09 1228.86 1253.43 1262.34 1266.32 1270.4 1275.61 1278.14 1280.86 1282.97 1283.95 1284.83 1285.77 1286.95 1288.09 1289.03 1289.62 1290.59 1291.96 1293.6 1295.6 1297.92 1299.25 1295.04 1296.74 1296.13 1295.27 1294.18 1289.92 1284.51 1278.94 1271.85 1263.41 1255.56 1251.3 1253.35 1255.96 1261.86 1279.76 1290.97 1310.26 1331.71 1352.45 1369.72 1372.24 1379.98 1387.85 1392.72 1396.6 1400.62 1404.55 1408.3 1414.02 1416.38 1420.67 1424.98 1429.58 1435.1 1440.74 1446.34 1448.71 1450.42 1451.85 1452.24 1450.66 1449 1446.31 1443.33 1440.31 1437.45 1434.89 1432.41 1429.91 1427.85 1426.19 1424.6 1423.8 1422.71 1421.61 1420.29 1418.59 1416.85 1416.21 1416.89 1417.42 1416.87 1402.89 1400.28 1398.23 1397.35 1405.3 1405.08 1399.73 1399.74 1399.4 1398.71 1397.96 1396.81 1402.14 1400.95 1399.37 1406.09 1398.73 1399.21 1399.66 1400.06 1399.94 1399.94 1399.85 1399.97 1399.65 1399.25 1398.75 1395.97 1393.89 1392.51 1409.27 1415.89 1421.78 1426.65 1417.28 1417.02 1416.84 1413.9 1413.8 1413.65 1413.54 1418.29 1420.55 1424.33 1428.65 1434.7 1440.93 1447.93 1452.41 1458.94 1466.71 1475.44 1483.83 1493.16 1472.08 1428.31 1372.82 1318.34 1269.06 1251.1 1229.22 1218.91 1216.22 1214.18 1212.35 1209.32 1206.35 1202.24 1198.02 1193.84 1188.7 1184.97 1182.07 1179.2 1177.89 1177.05 1177.14 1174.07 1173.37 1173.35 1174.02 1176.55 1178.03 1178.9 1176.48 1174.85 1173.86 1172.35 1171.04 1169.9 1168.75 1167.61 1166.42 1165.34 1164.28 1163.27 1162.28 1161.37 1160.45 1159.54 1158.64 1157.91 1156.99 1156.14 1154.92 1153.9 1153.09 1152.2 1150.11 1149.06 1147.89 1148.5 1143.87 1143.4 1143.42 1147.5 1145.88 1147.01 1148.63 1150.69 1151.95 1150.19 1148.62 1147.31 1146.19 1145.81 1145.41 1144.98 1144.5 1144.11 1143.76 1143.36 1142.88 1142.4 1142.06 1141.63 1141.1 1140.49 1140.03 1139.53 1138.91 1138.18 1137.42 1136.66 1135.67 1134.48 1136.37 1131.44 1130.97 1130.74 1135.59 1133.28 1135.48 1138.18 1144.08 1144.71 1142.22 1140.55 1139.71 1138.41 1137.57 1136.43 1135.86 1134.98 1134.08 1133.24 1131.75 1130.68 1129.52 1128.31 1127.87 1125.48 1123.96 1122.45 1122.51 1121.78 1117.11 1116.17 1119.16 1118.23 1117.34 1113.61 1114.61 1116.71 1119.43 1122.68 1123.81 1122.94 1122.32 1121.98 1122.28 1123.01 1123.48 1123.86 1124.11 1124.39 1124.71 1124.95 1125.16 1125.41 1125.73 1126.17 1126.33 1126.43 1126.55 1126.51 1126.47 1126.44 1126.51 1125.91 1125.57 1125.6 1125.18 1124.3 1123.36 1121.82 1120.56 1119.36 1118.16 1118.01 1117.4 1116.11 1115.43 1114.8 1114.17 1113.57 1114.04 1112.88 1112.71 1112.41 1111.94 1111.38 1110.7 1111.18 1109.52 1109.05 1108.47 1107.82 1107.08 1107.34 1106.83 1105.07 1104.59 1104.16 1103.71 1103.15 1103.63 1103.77 1102.01 1102.17 1101.92 1101.45 1100.82 1101.46 1101.7 1102.06 1097.62 1097.86 1098.06 1098.2 1097.21 1095.76 1094.05 1097.01 1095.39 1086.76 1085.73 1086.6 1088.28 1090.71 1103.22 1101.75 1100.36 1099.52 1098.96 1098.47 1097.99 1097.55 1097.15 1096.85 1096.33 1095.84 1095.37 1095.39 1095 1094.64 1094.24 1093.87 1093.53 1093.26 1093.05 1092.87 1092.08 1091.75 1092.15 1091.81 1091.38 1091.02 1090.73 1090.53 1090.37 1090.26 1089.79 1089.37 1088.97 1088.6 1089.58 1089.15 1088.74 1088.35 1088 1087.68 1087.29 1086.95 1086.67 1086.4 1086.15 1085.95 1084.08 1083.58 1085.01 1084.38 1083.74 1083.17 1082.65 1082.19 1081.8 1081.44 1081.06 1080.76 1080.52 1080.32 1080.17 1079.12 1078.56 1078.03 1077.51 1076.97 1076.43 1079.25 1078.65 1078.09 1077.54 1076.94 1076.33 1075.77 1075.21 1074.68 1074.18 1073.65 1073.08 1072.56 1072.07 1071.61 1071.18 1070.75 1070.28 1069.85 1069.43 1069.03 1068.64 1068.28 1067.92 1067.58 1067.24 1066.91 1066.59 1066.28 1063.41 1063.04 1062.67 1062.33 1062 1061.69 1061.43 1061.2 1060.98 1060.79 1060.62 1060.45 1060.35 1060.28 
        </DataArray>
        <DataArray type="Float64" Name="Tau1" format="ascii">
0 0 0 0 0 0 0 0 0 0 0 0 0 0 0 0 0 0 0 0 0 0 0 0 0 0 0 0 0 0 0 0 0 0 0 0 0 0 0 0 0 0 0 0 0 0 0 0 0 0 0 0 0 0 0 0 0 0 0 0 0 0 0 0 0 0 0 0 0 0 0 0 0 0 0 0 0 0 0 0 0 0 0 0 0 0 0 0 0 0 0 0 0 0 0 0 0 0 0 0 0 0 0 0 0 0 0 0 0 0 0 0 0 0 0 0 0 0 0 0 0 0 0 0 0 0 0 0 0 0 0 0 0 0 0 0 0 0 0 0 0 0 0 0 0 0 0 0 0 0 0 0 0 0 0 0 0 0 0 0 0 0 0 0 0 0 0 0 0 0 0 0 0 0 0 0 0 0 0 0 0 0 0 0 0 0 0 0 0 0 0 0 0 0 0 0 0 0 0 0 0 0 0 0 0 0 0 0 0 0 0 0 0 0 0 0 0 0 0 0 0 0 0 0 0 0 0 0 0 0 0 0 0 0 0 0 0 0 0 0 0 0 0 0 0 0 0 0 0 0 0 0 0 0 0 0 0 0 0 0 0 0 0 0 0 0 0 0 0 0 0 0 0 0 0 0 0 0 0 0 0 0 0 0 0 0 0 0 0 0 0 0 0 0 0 0 0 0 0 0 0 0 0 0 0 0 0 0 0 0 0 0 0 0 0 0 0 0 0 0 0 0 0 0 0 0 0 0 0 0 0 0 0 0 0 0 0 0 0 0 0 0 0 0 0 0 0 0 0 0 0 0 0 0 0 0 0 0 0 0 0 0 0 0 0 0 0 0 0 0 0 0 0 0 0 0 0 0 0 0 0 0 0 0 0 0 0 0 0 0 0 0 0 0 0 0 0 0 0 0 0 0 0 0 0 0 0 0 0 0 0 0 0 0 0 0 0 0 0 0 0 0 0 0 0 0 0 0 0 0 0 0 0 0 0 0 0 0 0 0 0 0 0 0 0 0 0 0 0 0 0 0 0 0 0 0 0 0 0 0 0 0 0 0 0 0 0 0 0 0 0 0 0 0 0 0 0 0 0 0 0 0 0 0 0 0 0 0 0 0 0 0 0 0 0 0 0 0 0 0 0 0 0 0 0 0 0 0 0 0 0 0 0 0 0 0 0 0 0 0 0 0 0 0 0 0 0 0 0 0 0 0 0 0 0 0 0 0 0 0 0 0 0 0 0 0 0 0 0 0 0 0 0 0 0 0 0 0 0 0 0 0 0 0 0 0 0 0 0 0 0 0 0 0 0 0 0 0 0 0 0 0 0 0 0 0 0 0 0 0 0 0 0 0 0 0 0 0 0 0 0 0 0 0 0 0 0 0 0 0 0 0 0 0 0 0 0 0 0 0 0 0 0 0 0 0 0 0 0 0 0 0 0 0 0 0 0 0 0 0 0 0 0 0 0 0 0 0 0 0 0 0 0 0 0 0 0 0 0 0 0 0 0 0 0 0 0 0 0 0 0 0 0 0 0 0 0 0 0 0 0 0 0 0 0 0 0 0 0 0 0 0 0 0 0 0 0 0 0 0 0 0 0 0 0 0 0 0 0 0 0 0 0 0 0 0 0 0 0 0 0 0 0 0 0 0 0 0 0 0 0 0 0 0 0 0 0 0 0 0 0 0 0 0 0 0 0 0 0 0 0 0 0 0 0 0 0 0 0 0 0 0 0 0 0 0 0 0 0 0 0 0 0 0 0 0 0 0 0 0 0 0 0 0 0 0 0 0 0 0 0 0 0 0 0 0 0 0 0 0 0 0 0 0 0 0 0 0 0 0 0 0 0 0 0 0 0 0 0 0 0 0 0 0 0 0 0 0 0 0 0 0 0 0 0 0 0 0 0 0 0 0 0 0 0 0 0 0 0 0 0 0 0 0 0 0 0 0 0 0 0 0 0 0 0 0 0 0 0 0 0 0 0 0 0 0 0 0 0 0 0 0 0 0 0 0 0 0 0 0 0 0 0 0 0 0 0 0 0 0 0 0 0 0 0 0 0 0 0 0 0 0 0 0 0 0 0 0 0 0 0 0 0 0 0 0 0 0 0 0 0 0 0 0 0 0 0 0 0 0 0 0 0 0 0 0 0 0 0 0 0 0 0 0 0 0 0 0 0 0 0 0 0 0 0 0 0 0 0 0 0 0 0 0 0 0 0 0 0 0 0 0 0 0 0 0 0 0 0 0 0 0 0 0 0 0 0 0 0 0 0 0 0 0 0 0 0 0 0 0 0 0 0 0 0 0 0 0 0 0 0 0 0 0 0 0 0 0 0 0 0 0 0 0 0 0 0 0 0 0 0 0 0 0 0 0 0 0 0 0 0 0 0 0 0 0 0 0 0 0 0 0 0 0 0 0 0 0 0 0 0 0 0 0 0 0 0 0 0 0 0 0 0 0 0 0 0 0 0 0 0 0 0 0 0 0 0 0 0 0 0 0 0 0 0 0 0 0 0 0 0 0 0 0 0 0 0 0 0 0 0 0 0 0 0 0 0 0 0 0 0 0 0 0 0 0 0 0 0 0 0 0 0 0 0 0 0 0 0 0 0 0 0 0 0 0 0 0 0 0 0 0 0 0 0 0 0 0 0 0 0 0 0 0 0 0 0 0 0 0 0 0 0 0 0 0 0 0 0 0 0 0 0 0 0 0 0 0 0 0 0 0 0 0 0 0 0 0 0 0 0 0 0 0 0 0 0 0 0 0 0 0 0 0 0 0 0 0 0 0 0 0 0 0 0 0 0 0 0 0 0 0 0 0 0 0 0 0 0 0 0 0 0 0 0 0 0 0 0 0 0 0 0 0 0 0 0 0 0 0 0 0 0 0 0 0 0 0 0 0 0 0 0 0 0 0 0 0 0 0 0 0 0 0 0 0 0 0 0 0 0 0 0 0 0 0 0 0 0 0 0 0 0 0 0 0 0 0 0 0 0 0 0 0 0 0 0 0 0 0 0 0 0 0 0 0 0 0 0 0 0 0 0 0 0 0 0 0 0 0 0 0 0 0 0 0 0 0 0 0 0 0 0 0 0 0 0 0 0 0 0 0 0 0 0 0 0 0 0 0 0 0 0 0 0 0 0 0 0 0 0 0 0 0 0 0 0 0 0 0 0 0 0 0 0 0 0 0 0 0 0 0 0 0 0 0 0 0 0 0 0 0 0 0 0 0 0 0 0 0 0 0 0 0 0 0 0 0 0 0 0 0 0 0 0 0 0 0 0 0 0 0 0 0 0 0 0 0 0 0 0 0 0 0 0 0 0 0 0 0 0 0 0 0 0 0 0 0 0 0 0 0 0 0 0 0 0 0 0 0 0 0 0 0 0 0 0 0 0 0 0 0 0 0 0 0 0 0 0 0 0 0 0 0 0 0 0 0 0 0 0 0 0 0 0 0 0 0 0 0 0 0 0 0 0 0 0 0 0 0 0 0 0 0 0 0 0 0 0 0 0 0 0 0 0 0 0 0 0 0 0 0 0 0 0 0 0 0 0 0 0 0 0 0 0 0 0 0 0 0 0 0 0 0 0 0 0 0 0 0 0 0 0 0 0 0 0 0 0 0 0 0 0 0 0 0 0 0 0 0 0 0 0 0 0 0 0 0 0 0 0 0 0 0 0 0 0 0 0 0 0 0 0 0 0 0 0 0 0 0 0 0 0 0 0 0 0 0 0 0 0 0 0 0 0 0 0 0 0 0 0 0 0 0 0 0 0 0 0 0 0 0 0 0 0 0 0 0 0 0 0 0 0 0 0 0 0 0 0 0 0 0 0 0 0 0 0 0 0 0 0 0 0 0 0 0 0 0 0 0 0 0 0 0 0 0 0 0 0 0 0 0 0 0 0 0 0 0 0 0 0 0 0 0 0 0 0 0 0 0 0 0 0 0 0 0 0 0 0 0 0 0 0 0 0 0 0 0 0 0 0 0 0 0 0 0 0 0 0 0 0 0 0 0 0 0 0 0 0 0 0 0 0 0 0 0 0 0 0 0 0 0 0 0 0 0 0 0 0 0 0 0 0 0 0 0 0 0 0 0 0 0 0 0 0 0 0 0 0 0 0 0 0 0 0 0 0 0 0 0 0 0 0 0 0 0 0 0 0 0 0 0 0 0 0 0 0 0 0 0 0 0 0 0 0 0 0 0 0 0 0 0 0 0 0 0 0 0 0 0 0 0 0 0 0 0 0 0 0 0 0 0 0 0 0 0 0 0 0 0 0 0 0 0 0 0 0 0 0 0 0 0 0 0 0 0 0 0 0 0 0 0 0 0 0 0 0 0 0 0 0 0 0 0 0 0 0 0 0 0 0 0 0 0 0 0 0 0 0 0 0 0 0 0 0 0 0 0 0 0 0 0 0 0 0 0 0 0 0 0 0 0 0 0 0 0 0 0 0 0 0 0 0 0 0 0 0 0 0 0 0 0 0 0 0 0 0 0 0 0 0 0 0 0 0 0 0 0 0 0 
        </DataArray>
        <DataArray type="Float64" Name="Tau2" format="ascii">
0 0 0 0 0 0 0 0 0 0 0 0 0 0 0 0 0 0 0 0 0 0 0 0 0 0 0 0 0 0 0 0 0 0 0 0 0 0 0 0 0 0 0 0 0 0 0 0 0 0 0 0 0 0 0 0 0 0 0 0 0 0 0 0 0 0 0 0 0 0 0 0 0 0 0 0 0 0 0 0 0 0 0 0 0 0 0 0 0 0 0 0 0 0 0 0 0 0 0 0 0 0 0 0 0 0 0 0 0 0 0 0 0 0 0 0 0 0 0 0 0 0 0 0 0 0 0 0 0 0 0 0 0 0 0 0 0 0 0 0 0 0 0 0 0 0 0 0 0 0 0 0 0 0 0 0 0 0 0 0 0 0 0 0 0 0 0 0 0 0 0 0 0 0 0 0 0 0 0 0 0 0 0 0 0 0 0 0 0 0 0 0 0 0 0 0 0 0 0 0 0 0 0 0 0 0 0 0 0 0 0 0 0 0 0 0 0 0 0 0 0 0 0 0 0 0 0 0 0 0 0 0 0 0 0 0 0 0 0 0 0 0 0 0 0 0 0 0 0 0 0 0 0 0 0 0 0 0 0 0 0 0 0 0 0 0 0 0 0 0 0 0 0 0 0 0 0 0 0 0 0 0 0 0 0 0 0 0 0 0 0 0 0 0 0 0 0 0 0 0 0 0 0 0 0 0 0 0 0 0 0 0 0 0 0 0 0 0 0 0 0 0 0 0 0 0 0 0 0 0 0 0 0 0 0 0 0 0 0 0 0 0 0 0 0 0 0 0 0 0 0 0 0 0 0 0 0 0 0 0 0 0 0 0 0 0 0 0 0 0 0 0 0 0 0 0 0 0 0 0 0 0 0 0 0 0 0 0 0 0 0 0 0 0 0 0 0 0 0 0 0 0 0 0 0 0 0 0 0 0 0 0 0 0 0 0 0 0 0 0 0 0 0 0 0 0 0 0 0 0 0 0 0 0 0 0 0 0 0 0 0 0 0 0 0 0 0 0 0 0 0 0 0 0 0 0 0 0 0 0 0 0 0 0 0 0 0 0 0 0 0 0 0 0 0 0 0 0 0 0 0 0 0 0 0 0 0 0 0 0 0 0 0 0 0 0 0 0 0 0 0 0 0 0 0 0 0 0 0 0 0 0 0 0 0 0 0 0 0 0 0 0 0 0 0 0 0 0 0 0 0 0 0 0 0 0 0 0 0 0 0 0 0 0 0 0 0 0 0 0 0 0 0 0 0 0 0 0 0 0 0 0 0 0 0 0 0 0 0 0 0 0 0 0 0 0 0 0 0 0 0 0 0 0 0 0 0 0 0 0 0 0 0 0 0 0 0 0 0 0 0 0 0 0 0 0 0 0 0 0 0 0 0 0 0 0 0 0 0 0 0 0 0 0 0 0 0 0 0 0 0 0 0 0 0 0 0 0 0 0 0 0 0 0 0 0 0 0 0 0 0 0 0 0 0 0 0 0 0 0 0 0 0 0 0 0 0 0 0 0 0 0 0 0 0 0 0 0 0 0 0 0 0 0 0 0 0 0 0 0 0 0 0 0 0 0 0 0 0 0 0 0 0 0 0 0 0 0 0 0 0 0 0 0 0 0 0 0 0 0 0 0 0 0 0 0 0 0 0 0 0 0 0 0 0 0 0 0 0 0 0 0 0 0 0 0 0 0 0 0 0 0 0 0 0 0 0 0 0 0 0 0 0 0 0 0 0 0 0 0 0 0 0 0 0 0 0 0 0 0 0 0 0 0 0 0 0 0 0 0 0 0 0 0 0 0 0 0 0 0 0 0 0 0 0 0 0 0 0 0 0 0 0 0 0 0 0 0 0 0 0 0 0 0 0 0 0 0 0 0 0 0 0 0 0 0 0 0 0 0 0 0 0 0 0 0 0 0 0 0 0 0 0 0 0 0 0 0 0 0 0 0 0 0 0 0 0 0 0 0 0 0 0 0 0 0 0 0 0 0 0 0 0 0 0 0 0 0 0 0 0 0 0 0 0 0 0 0 0 0 0 0 0 0 0 0 0 0 0 0 0 0 0 0 0 0 0 0 0 0 0 0 0 0 0 0 0 0 0 0 0 0 0 0 0 0 0 0 0 0 0 0 0 0 0 0 0 0 0 0 0 0 0 0 0 0 0 0 0 0 0 0 0 0 0 0 0 0 0 0 0 0 0 0 0 0 0 0 0 0 0 0 0 0 0 0 0 0 0 0 0 0 0 0 0 0 0 0 0 0 0 0 0 0 0 0 0 0 0 0 0 0 0 0 0 0 0 0 0 0 0 0 0 0 0 0 0 0 0 0 0 0 0 0 0 0 0 0 0 0 0 0 0 0 0 0 0 0 0 0 0 0 0 0 0 0 0 0 0 0 0 0 0 0 0 0 0 0 0 0 0 0 0 0 0 0 0 0 0 0 0 0 0 0 0 0 0 0 0 0 0 0 0 0 0 0 0 0 0 0 0 0 0 0 0 0 0 0 0 0 0 0 0 0 0 0 0 0 0 0 0 0 0 0 0 0 0 0 0 0 0 0 0 0 0 0 0 0 0 0 0 0 0 0 0 0 0 0 0 0 0 0 0 0 0 0 0 0 0 0 0 0 0 0 0 0 0 0 0 0 0 0 0 0 0 0 0 0 0 0 0 0 0 0 0 0 0 0 0 0 0 0 0 0 0 0 0 0 0 0 0 0 0 0 0 0 0 0 0 0 0 0 0 0 0 0 0 0 0 0 0 0 0 0 0 0 0 0 0 0 0 0 0 0 0 0 0 0 0 0 0 0 0 0 0 0 0 0 0 0 0 0 0 0 0 0 0 0 0 0 0 0 0 0 0 0 0 0 0 0 0 0 0 0 0 0 0 0 0 0 0 0 0 0 0 0 0 0 0 0 0 0 0 0 0 0 0 0 0 0 0 0 0 0 0 0 0 0 0 0 0 0 0 0 0 0 0 0 0 0 0 0 0 0 0 0 0 0 0 0 0 0 0 0 0 0 0 0 0 0 0 0 0 0 0 0 0 0 0 0 0 0 0 0 0 0 0 0 0 0 0 0 0 0 0 0 0 0 0 0 0 0 0 0 0 0 0 0 0 0 0 0 0 0 0 0 0 0 0 0 0 0 0 0 0 0 0 0 0 0 0 0 0 0 0 0 0 0 0 0 0 0 0 0 0 0 0 0 0 0 0 0 0 0 0 0 0 0 0 0 0 0 0 0 0 0 0 0 0 0 0 0 0 0 0 0 0 0 0 0 0 0 0 0 0 0 0 0 0 0 0 0 0 0 0 0 0 0 0 0 0 0 0 0 0 0 0 0 0 0 0 0 0 0 0 0 0 0 0 0 0 0 0 0 0 0 0 0 0 0 0 0 0 0 0 0 0 0 0 0 0 0 0 0 0 0 0 0 0 0 0 0 0 0 0 0 0 0 0 0 0 0 0 0 0 0 0 0 0 0 0 0 0 0 0 0 0 0 0 0 0 0 0 0 0 0 0 0 0 0 0 0 0 0 0 0 0 0 0 0 0 0 0 0 0 0 0 0 0 0 0 0 0 0 0 0 0 0 0 0 0 0 0 0 0 0 0 0 0 0 0 0 0 0 0 0 0 0 0 0 0 0 0 0 0 0 0 0 0 0 0 0 0 0 0 0 0 0 0 0 0 0 0 0 0 0 0 0 0 0 0 0 0 0 0 0 0 0 0 0 0 0 0 0 0 0 0 0 0 0 0 0 0 0 0 0 0 0 0 0 0 0 0 0 0 0 0 0 0 0 0 0 0 0 0 0 0 0 0 0 0 0 0 0 0 0 0 0 0 0 0 0 0 0 0 0 0 0 0 0 0 0 0 0 0 0 0 0 0 0 0 0 0 0 0 0 0 0 0 0 0 0 0 0 0 0 0 0 0 0 0 0 0 0 0 0 0 0 0 0 0 0 0 0 0 0 0 0 0 0 0 0 0 0 0 0 0 0 0 0 0 0 0 0 0 0 0 0 0 0 0 0 0 0 0 0 0 0 0 0 0 0 0 0 0 0 0 0 0 0 0 0 0 0 0 0 0 0 0 0 0 0 0 0 0 0 0 0 0 0 0 0 0 0 0 0 0 0 0 0 0 0 0 0 0 0 0 0 0 0 0 0 0 0 0 0 0 0 0 0 0 0 0 0 0 0 0 0 0 0 0 0 0 0 0 0 0 0 0 0 0 0 0 0 0 0 0 0 0 0 0 0 0 0 0 0 0 0 0 0 0 0 0 0 0 0 0 0 0 0 0 0 0 0 0 0 0 0 0 0 0 0 0 0 0 0 0 0 0 0 0 0 0 0 0 0 0 0 0 0 0 0 0 0 0 0 0 0 0 0 0 0 0 0 0 0 0 0 0 0 0 0 0 0 0 0 0 0 0 0 0 0 0 0 0 0 0 0 0 0 0 0 0 0 0 0 0 0 0 0 0 0 0 0 0 0 0 0 0 0 0 0 0 0 0 0 0 0 0 0 
        </DataArray>
        <DataArray type="Float64" Name="dTdn" format="ascii">
0 0 0 0 0 0 0 0 0 0 0 0 0 0 0 0 0 0 0 0 0 0 0 0 0 0 0 0 0 0 0 0 0 0 0 0 0 0 0 0 0 0 0 0 0 0 0 0 0 0 0 0 0 0 0 0 0 0 0 0 0 0 0 0 0 0 0 0 0 0 0 0 0 0 0 0 0 0 0 0 0 0 0 0 0 0 0 0 0 0 0 0 0 0 0 0 0 0 0 0 0 0 0 0 0 0 0 0 0 0 0 0 0 0 0 0 0 0 0 0 0 0 0 0 0 0 0 0 0 0 0 0 0 0 0 0 0 0 0 0 0 0 0 0 0 0 0 0 0 0 0 0 0 0 0 0 0 0 0 0 0 0 0 0 0 0 0 0 0 0 0 0 0 0 0 0 0 0 0 0 0 0 0 0 0 0 0 0 0 0 0 0 0 0 0 0 0 0 0 0 0 0 0 0 0 0 0 0 0 0 0 0 0 0 0 0 0 0 0 0 0 0 0 0 0 0 0 0 0 0 0 0 0 0 0 0 0 0 0 0 0 0 0 0 0 0 0 0 0 0 0 0 0 0 0 0 0 0 0 0 0 0 0 0 0 0 0 0 0 0 0 0 0 0 0 0 0 0 0 0 0 0 0 0 0 0 0 0 0 0 0 0 0 0 0 0 0 0 0 0 0 0 0 0 0 0 0 0 0 0 0 0 0 0 0 0 0 0 0 0 0 0 0 0 0 0 0 0 0 0 0 0 0 0 0 0 0 0 0 0 0 0 0 0 0 0 0 0 0 0 0 0 0 0 0 0 0 0 0 0 0 0 0 0 0 0 0 0 0 0 0 0 0 0 0 0 0 0 0 0 0 0 0 0 0 0 0 0 0 0 0 0 0 0 0 0 0 0 0 0 0 0 0 0 0 0 0 0 0 0 0 0 0 0 0 0 0 0 0 0 0 0 0 0 0 0 0 0 0 0 0 0 0 0 0 0 0 0 0 0 0 0 0 0 0 0 0 0 0 0 0 0 0 0 0 0 0 0 0 0 0 0 0 0 0 0 0 0 0 0 0 0 0 0 0 0 0 0 0 0 0 0 0 0 0 0 0 0 0 0 0 0 0 0 0 0 0 0 0 0 0 0 0 0 0 0 0 0 0 0 0 0 0 0 0 0 0 0 0 0 0 0 0 0 0 0 0 0 0 0 0 0 0 0 0 0 0 0 0 0 0 0 0 0 0 0 0 0 0 0 0 0 0 0 0 0 0 0 0 0 0 0 0 0 0 0 0 0 0 0 0 0 0 0 0 0 0 0 0 0 0 0 0 0 0 0 0 0 0 0 0 0 0 0 0 0 0 0 0 0 0 0 0 0 0 0 0 0 0 0 0 0 0 0 0 0 0 0 0 0 0 0 0 0 0 0 0 0 0 0 0 0 0 0 0 0 0 0 0 0 0 0 0 0 0 0 0 0 0 0 0 0 0 0 0 0 0 0 0 0 0 0 0 0 0 0 0 0 0 0 0 0 0 0 0 0 0 0 0 0 0 0 0 0 0 0 0 0 0 0 0 0 0 0 0 0 0 0 0 0 0 0 0 0 0 0 0 0 0 0 0 0 0 0 0 0 0 0 0 0 0 0 0 0 0 0 0 0 0 0 0 0 0 0 0 0 0 0 0 0 0 0 0 0 0 0 0 0 0 0 0 0 0 0 0 0 0 0 0 0 0 0 0 0 0 0 0 0 0 0 0 0 0 0 0 0 0 0 0 0 0 0 0 0 0 0 0 0 0 0 0 0 0 0 0 0 0 0 0 0 0 0 0 0 0 0 0 0 0 0 0 0 0 0 0 0 0 0 0 0 0 0 0 0 0 0 0 0 0 0 0 0 0 0 0 0 0 0 0 0 0 0 0 0 0 0 0 0 0 0 0 0 0 0 0 0 0 0 0 0 0 0 0 0 0 0 0 0 0 0 0 0 0 0 0 0 0 0 0 0 0 0 0 0 0 0 0 0 0 0 0 0 0 0 0 0 0 0 0 0 0 0 0 0 0 0 0 0 0 0 0 0 0 0 0 0 0 0 0 0 0 0 0 0 0 0 0 0 0 0 0 0 0 0 0 0 0 0 0 0 0 0 0 0 0 0 0 0 0 0 0 0 0 0 0 0 0 0 0 0 0 0 0 0 0 0 0 0 0 0 0 0 0 0 0 0 0 0 0 0 0 0 0 0 0 0 0 0 0 0 0 0 0 0 0 0 0 0 0 0 0 0 0 0 0 0 0 0 0 0 0 0 0 0 0 0 0 0 0 0 0 0 0 0 0 0 0 0 0 0 0 0 0 0 0 0 0 0 0 0 0 0 0 0 0 0 0 0 0 0 0 0 0 0 0 0 0 0 0 0 0 0 0 0 0 0 0 0 0 0 0 0 0 0 0 0 0 0 0 0 0 0 0 0 0 0 0 0 0 0 0 0 0 0 0 0 0 0 0 0 0 0 0 0 0 0 0 0 0 0 0 0 0 0 0 0 0 0 0 0 0 0 0 0 0 0 0 0 0 0 0 0 0 0 0 0 0 0 0 0 0 0 0 0 0 0 0 0 0 0 0 0 0 0 0 0 0 0 0 0 0 0 0 0 0 0 0 0 0 0 0 0 0 0 0 0 0 0 0 0 0 0 0 0 0 0 0 0 0 0 0 0 0 0 0 0 0 0 0 0 0 0 0 0 0 0 0 0 0 0 0 0 0 0 0 0 0 0 0 0 0 0 0 0 0 0 0 0 0 0 0 0 0 0 0 0 0 0 0 0 0 0 0 0 0 0 0 0 0 0 0 0 0 0 0 0 0 0 0 0 0 0 0 0 0 0 0 0 0 0 0 0 0 0 0 0 0 0 0 0 0 0 0 0 0 0 0 0 0 0 0 0 0 0 0 0 0 0 0 0 0 0 0 0 0 0 0 0 0 0 0 0 0 0 0 0 0 0 0 0 0 0 0 0 0 0 0 0 0 0 0 0 0 0 0 0 0 0 0 0 0 0 0 0 0 0 0 0 0 0 0 0 0 0 0 0 0 0 0 0 0 0 0 0 0 0 0 0 0 0 0 0 0 0 0 0 0 0 0 0 0 0 0 0 0 0 0 0 0 0 0 0 0 0 0 0 0 0 0 0 0 0 0 0 0 0 0 0 0 0 0 0 0 0 0 0 0 0 0 0 0 0 0 0 0 0 0 0 0 0 0 0 0 0 0 0 0 0 0 0 0 0 0 0 0 0 0 0 0 0 0 0 0 0 0 0 0 0 0 0 0 0 0 0 0 0 0 0 0 0 0 0 0 0 0 0 0 0 0 0 0 0 0 0 0 0 0 0 0 0 0 0 0 0 0 0 0 0 0 0 0 0 0 0 0 0 0 0 0 0 0 0 0 0 0 0 0 0 0 0 0 0 0 0 0 0 0 0 0 0 0 0 0 0 0 0 0 0 0 0 0 0 0 0 0 0 0 0 0 0 0 0 0 0 0 0 0 0 0 0 0 0 0 0 0 0 0 0 0 0 0 0 0 0 0 0 0 0 0 0 0 0 0 0 0 0 0 0 0 0 0 0 0 0 0 0 0 0 0 0 0 0 0 0 0 0 0 0 0 0 0 0 0 0 0 0 0 0 0 0 0 0 0 0 0 0 0 0 0 0 0 0 0 0 0 0 0 0 0 0 0 0 0 0 0 0 0 0 0 0 0 0 0 0 0 0 0 0 0 0 0 0 0 0 0 0 0 0 0 0 0 0 0 0 0 0 0 0 0 0 0 0 0 0 0 0 0 0 0 0 0 0 0 0 0 0 0 0 0 0 0 0 0 0 0 0 0 0 0 0 0 0 0 0 0 0 0 0 0 0 0 0 0 0 0 0 0 0 0 0 0 0 0 0 0 0 0 0 0 0 0 0 0 0 0 0 0 0 0 0 0 0 0 0 0 0 0 0 0 0 0 0 0 0 0 0 0 0 0 0 0 0 0 0 0 0 0 0 0 0 0 0 0 0 0 0 0 0 0 0 0 0 0 0 0 0 0 0 0 0 0 0 0 0 0 0 0 0 0 0 0 0 0 0 0 0 0 0 0 0 0 0 0 0 0 0 0 0 0 0 0 0 0 0 0 0 0 0 0 0 0 0 0 0 0 0 0 0 0 0 0 0 0 0 0 0 0 0 0 0 0 0 0 0 0 0 0 0 0 0 0 0 0 0 0 0 0 0 0 0 0 0 0 0 0 0 0 0 0 0 0 0 0 0 0 0 0 0 0 0 0 0 0 0 0 0 0 0 0 0 0 0 0 0 0 0 0 0 0 0 0 0 0 0 0 0 0 0 0 0 0 0 0 0 0 0 0 0 0 0 0 0 0 0 0 0 0 0 0 0 0 0 0 0 0 0 0 0 0 0 0 0 0 0 0 0 0 0 0 0 0 0 0 0 0 0 0 0 0 0 0 0 0 0 0 0 0 0 0 0 0 0 0 0 0 0 0 0 0 0 
        </DataArray>
        <DataArray type="Int32" Name="Rank" format="ascii">
5 5 5 5 5 5 5 5 5 5 5 5 5 5 5 5 5 5 5 5 5 5 5 5 5 5 5 5 5 5 5 5 5 5 5 5 5 5 5 5 5 5 5 5 5 5 5 5 5 5 5 5 5 5 5 5 5 5 5 5 5 5 5 5 5 5 5 5 5 5 5 5 5 5 5 5 5 5 5 5 5 5 5 5 5 5 5 5 5 5 5 5 5 5 5 5 5 5 5 5 5 5 5 5 5 5 5 5 5 5 5 5 5 5 5 5 5 5 5 5 5 5 5 5 5 5 5 5 5 5 5 5 5 5 5 5 5 5 5 5 5 5 5 5 5 5 5 5 5 5 5 5 5 5 5 5 5 5 5 5 5 5 5 5 5 5 5 5 5 5 5 5 5 5 5 5 5 5 5 5 5 5 5 5 5 5 5 5 5 5 5 5 5 5 5 5 5 5 5 5 5 5 2 2 2 2 2 2 2 2 2 2 2 2 2 2 2 2 2 2 2 2 2 2 2 2 2 2 2 2 2 2 2 2 2 2 2 2 2 2 2 2 2 2 2 2 2 2 2 2 2 2 2 2 2 2 2 2 2 2 2 2 2 2 2 2 2 2 2 2 5 5 5 5 5 5 5 5 5 5 5 5 5 5 5 5 5 5 5 5 5 5 5 5 5 5 5 5 5 5 5 5 5 5 5 5 5 5 5 5 5 5 5 5 5 5 5 5 5 5 5 5 5 5 5 5 5 5 5 5 5 5 5 5 5 5 5 5 5 5 5 5 5 5 5 5 5 5 5 5 5 5 5 5 5 5 5 5 5 5 5 5 5 5 5 5 5 5 5 5 5 5 5 5 5 5 5 5 5 5 5 5 5 5 5 5 5 5 5 5 5 5 5 5 5 5 5 5 5 5 5 5 5 5 5 5 5 5 5 5 5 5 5 5 5 5 5 5 5 5 5 5 5 5 5 5 5 5 5 5 5 5 5 5 5 5 5 5 5 5 5 5 5 5 9 9 9 9 9 9 9 9 9 9 9 9 9 9 9 9 5 5 5 5 5 5 5 5 5 5 5 5 5 5 5 5 5 5 5 5 5 5 5 5 5 5 5 5 5 5 5 5 5 5 5 5 5 5 5 5 5 5 5 5 5 5 5 5 5 5 5 5 5 5 5 5 5 5 5 5 5 5 5 5 5 5 5 5 5 5 5 5 5 5 5 5 5 5 5 5 5 5 5 5 5 5 5 5 5 5 5 5 5 5 5 5 5 5 5 5 5 5 5 5 5 5 5 5 5 5 5 5 5 5 5 5 5 5 5 5 5 5 5 5 5 5 5 5 5 5 5 5 5 5 5 5 5 5 5 5 5 5 5 5 5 5 5 5 5 5 5 5 5 5 5 5 5 5 5 5 5 5 5 5 5 5 5 5 5 5 5 5 5 5 5 5 5 5 5 5 5 5 5 5 5 5 5 5 5 5 5 5 5 5 5 5 5 5 5 5 5 5 5 5 5 5 5 2 2 2 2 2 2 2 2 2 2 2 2 2 2 2 2 2 2 2 2 2 2 2 2 2 2 2 2 2 2 2 2 2 2 2 2 2 2 2 2 2 2 2 2 2 2 2 2 2 2 2 2 2 2 2 2 2 2 2 2 2 2 2 2 2 2 2 2 2 2 2 2 2 2 2 2 2 2 2 2 2 2 2 2 2 2 2 2 2 2 2 2 2 2 2 2 2 2 2 2 2 2 2 2 2 2 2 2 2 2 2 2 2 2 2 2 2 2 2 2 2 2 2 2 2 2 2 2 2 2 2 2 2 2 2 2 2 2 2 2 2 2 2 2 2 2 2 2 2 2 2 2 2 2 2 2 2 2 2 2 2 2 2 2 2 2 2 2 2 2 2 2 2 2 2 2 2 2 2 2 2 2 2 2 2 2 2 2 2 2 2 2 2 2 2 2 2 2 2 2 2 2 2 2 2 2 2 2 2 2 2 2 2 2 2 2 2 2 2 2 2 2 2 2 2 2 2 2 2 2 2 2 2 2 2 2 2 2 2 2 2 2 2 2 2 2 2 2 2 2 2 2 2 2 2 2 2 2 2 2 2 2 2 2 2 2 2 2 2 2 2 2 2 2 2 2 2 2 2 2 2 2 2 2 2 2 2 2 2 2 2 2 2 2 2 2 2 2 2 2 2 2 2 2 2 2 2 2 2 2 2 2 2 2 2 2 2 2 2 2 2 2 2 2 2 2 2 2 2 2 2 2 2 2 2 2 2 2 2 2 2 2 2 2 2 2 2 2 2 2 2 2 2 2 2 2 2 2 2 2 2 2 2 2 2 2 2 2 2 2 2 2 2 2 2 2 2 2 2 2 2 2 2 2 2 2 2 2 2 2 2 2 2 2 2 2 2 2 2 2 2 2 2 2 2 2 2 2 2 2 2 2 2 2 2 2 2 2 2 2 2 2 2 2 2 2 2 2 2 2 2 2 2 2 2 2 2 2 2 2 2 2 2 2 2 2 2 2 2 2 2 2 2 2 2 2 2 2 2 2 2 2 2 2 2 2 2 2 2 2 2 2 2 2 2 2 2 2 2 2 2 2 2 2 2 2 2 2 2 2 2 2 2 2 2 2 2 2 2 2 2 2 2 2 2 2 2 2 2 2 2 2 2 2 2 2 2 2 2 2 2 2 2 2 2 2 2 2 2 2 2 2 2 2 2 2 2 2 2 2 2 2 2 2 2 2 2 2 2 2 2 2 2 2 2 2 2 2 2 2 2 2 2 2 2 2 2 2 2 2 2 2 2 2 2 2 2 2 2 2 2 2 2 2 2 2 2 2 2 2 2 2 2 2 2 2 2 2 2 2 2 2 2 2 2 2 2 2 2 2 2 2 2 2 2 2 2 2 2 2 2 2 2 2 2 2 2 2 2 2 2 2 2 2 2 2 2 2 2 2 2 2 2 2 2 2 2 2 2 2 2 2 2 2 2 2 2 2 2 2 2 2 2 2 2 2 2 2 2 2 2 2 2 2 2 2 2 2 2 2 2 2 2 2 2 2 2 2 2 2 2 2 2 2 2 2 2 2 2 2 2 2 2 2 2 2 2 2 2 2 2 2 2 2 2 2 2 2 2 2 2 2 2 2 2 2 2 2 2 2 2 2 2 2 2 2 2 2 2 2 2 2 2 2 2 2 2 2 2 2 2 2 2 2 2 2 2 2 2 2 2 2 2 2 2 2 2 2 2 2 2 2 2 2 2 2 2 2 2 2 2 2 2 2 2 2 2 2 2 2 2 2 2 2 2 2 2 2 2 2 2 2 2 2 2 2 2 2 2 2 2 2 2 2 2 2 2 2 2 2 2 2 2 2 2 2 2 2 2 2 2 2 2 2 2 2 2 2 2 2 2 2 2 2 2 2 2 2 2 2 2 2 2 2 2 2 2 2 2 2 2 2 2 2 2 2 2 2 2 2 2 2 2 2 2 2 2 2 2 2 2 2 2 2 2 2 2 2 2 2 2 2 2 2 2 2 2 2 2 2 2 2 2 2 2 2 2 2 2 2 2 2 2 2 2 2 2 2 2 2 2 2 2 2 2 2 2 2 2 2 2 2 2 2 2 2 2 2 2 2 2 2 2 2 2 2 2 2 2 2 2 2 2 2 2 2 2 2 2 2 2 2 2 2 2 2 2 2 2 2 2 2 2 2 2 2 2 2 2 2 2 2 2 2 2 2 2 2 2 2 2 2 2 2 2 2 2 2 2 2 2 2 2 2 2 2 2 2 2 2 2 2 2 2 2 2 2 2 2 2 2 2 2 2 2 2 2 2 2 2 2 2 2 2 2 2 2 2 2 2 2 2 2 2 2 2 2 2 2 2 2 2 2 2 2 2 2 2 2 2 2 2 2 2 2 2 2 2 2 2 2 2 2 2 2 2 2 2 2 2 2 2 2 2 2 2 2 2 2 2 2 2 2 2 2 2 2 2 2 2 2 2 2 2 2 2 2 2 2 2 2 2 2 2 2 2 2 2 2 2 2 2 2 2 2 2 2 2 2 2 2 2 2 2 2 2 2 2 2 2 2 2 2 2 2 2 2 2 2 2 2 2 2 2 2 2 2 2 2 2 2 2 2 2 2 2 2 2 2 2 2 2 2 2 2 2 2 2 2 2 2 2 2 2 2 2 2 2 2 2 2 2 2 2 2 2 2 2 2 2 2 2 2 2 2 2 2 2 2 2 2 2 2 2 2 2 2 2 2 2 2 5 5 5 5 5 5 5 5 5 5 5 5 5 5 5 5 5 5 5 5 5 5 5 5 5 5 5 5 5 5 5 5 5 5 5 5 5 5 5 5 5 5 5 5 5 5 5 5 5 5 5 5 5 5 5 5 5 5 5 5 5 5 5 5 5 5 5 5 5 5 5 5 5 5 5 5 5 5 5 5 5 5 5 5 5 5 5 5 5 5 5 5 5 5 5 5 5 5 5 5 5 5 5 5 5 5 5 5 5 5 5 5 
        </DataArray>
        <DataArray type="Int32" Name="Level" format="ascii">
4 4 4 4 4 4 4 4 4 4 4 4 4 4 4 4 4 4 4 4 4 4 4 4 4 4 4 4 4 4 4 4 4 4 4 4 4 4 4 4 4 4 4 4 4 4 4 4 4 4 4 4 4 4 4 4 4 4 4 4 4 4 4 4 4 4 4 4 4 4 4 4 4 4 4 4 4 4 4 4 4 4 4 4 4 4 4 4 4 4 4 4 4 4 4 4 4 4 4 4 4 4 4 4 4 4 4 4 4 4 4 4 4 4 4 4 4 4 4 4 4 4 4 4 4 4 4 4 4 4 4 4 4 4 4 4 4 4 4 4 4 4 4 4 4 4 4 4 4 4 4 4 4 4 4 4 4 4 4 4 4 4 4 4 4 4 4 4 4 4 4 4 4 4 4 4 4 4 4 4 4 4 4 4 4 4 4 4 4 4 4 4 4 4 4 4 4 4 4 4 4 4 4 4 4 4 4 4 4 4 4 4 4 4 4 4 4 4 4 4 4 4 4 4 4 4 4 4 4 4 4 4 4 4 4 4 4 4 4 4 4 4 4 4 4 4 4 4 4 4 4 4 4 4 4 4 4 4 4 4 4 4 4 4 4 4 4 4 4 4 4 4 4 4 4 4 4 4 4 4 4 4 4 4 4 4 4 4 4 4 4 4 4 4 4 4 4 4 4 4 4 4 4 4 4 4 4 4 4 4 4 4 4 4 4 4 4 4 4 4 4 4 4 4 4 4 4 4 4 4 4 4 4 4 4 4 4 4 4 4 4 4 4 4 4 4 4 4 4 4 4 4 4 4 4 4 4 4 4 4 4 4 4 4 4 4 4 4 4 4 4 4 4 4 4 4 4 4 4 4 4 4 4 4 4 4 4 4 4 4 4 4 4 4 4 4 4 4 4 4 4 4 4 4 4 4 4 4 4 4 4 4 4 4 4 4 4 4 4 4 4 4 4 4 4 4 4 4 4 4 4 4 4 4 4 4 4 4 4 4 4 4 4 4 3 3 3 3 3 3 3 3 3 3 3 3 3 3 3 3 4 4 4 4 4 4 4 4 4 4 4 4 4 4 4 4 4 4 4 4 4 4 4 4 4 4 4 4 4 4 4 4 4 4 4 4 4 4 4 4 4 4 4 4 4 4 4 4 4 4 4 4 4 4 4 4 4 4 4 4 4 4 4 4 4 4 4 4 4 4 4 4 4 4 4 4 4 4 4 4 4 4 4 4 4 4 4 4 4 4 4 4 4 4 4 4 4 4 4 4 4 4 4 4 4 4 4 4 4 4 4 4 4 4 4 4 4 4 4 4 4 4 4 4 4 4 4 4 4 4 4 4 4 4 4 4 4 4 4 4 4 4 4 4 4 4 4 4 4 4 4 4 4 4 4 4 4 4 4 4 4 4 4 4 4 4 4 4 4 4 4 4 4 4 4 4 4 4 4 4 4 4 4 4 4 4 4 4 4 4 4 4 4 4 4 4 4 4 4 4 4 4 4 4 4 4 4 4 4 4 4 4 4 4 4 4 4 4 4 4 4 4 4 4 4 4 4 4 4 4 4 4 4 4 4 4 4 4 4 4 4 4 4 4 4 4 4 4 4 4 4 4 4 4 4 4 4 4 4 4 4 4 4 4 4 4 4 4 4 4 4 4 4 4 4 4 4 4 4 4 4 4 4 4 4 4 4 4 4 4 4 4 4 4 4 4 4 4 4 4 4 4 4 4 4 4 4 4 4 4 4 4 4 4 4 4 4 4 4 4 4 4 4 4 4 4 4 4 4 4 4 4 4 4 4 4 4 4 4 4 4 4 4 4 4 4 4 4 4 4 4 4 4 4 4 4 4 4 4 4 4 4 4 4 4 4 4 4 4 4 4 4 4 4 4 4 4 4 4 4 4 4 4 4 4 4 4 4 4 4 4 4 4 4 4 4 4 4 4 4 4 4 4 4 4 4 4 4 4 4 4 4 4 4 4 4 4 4 4 4 4 4 4 4 4 4 4 4 4 4 4 4 4 4 4 4 4 4 4 4 4 4 4 4 4 4 4 4 4 4 4 4 4 4 4 4 4 4 4 4 4 4 4 4 4 4 4 4 4 4 4 4 4 4 4 4 4 4 4 4 4 4 4 4 4 4 4 4 4 4 4 4 4 4 4 4 4 4 4 4 4 4 4 4 4 4 4 4 4 4 4 4 4 4 4 4 4 4 4 4 4 4 4 4 4 4 4 4 4 4 4 4 4 4 4 4 4 4 4 4 4 4 4 4 4 4 4 4 4 4 4 4 4 4 4 4 4 4 4 4 4 4 4 4 4 4 4 4 4 4 4 4 4 4 4 4 4 4 4 4 4 4 4 4 4 4 4 4 4 4 4 4 4 4 4 4 4 4 4 4 4 4 4 4 4 4 4 4 4 4 4 4 4 4 4 4 4 4 4 4 4 4 4 4 4 4 4 4 4 4 4 4 4 4 4 4 4 4 4 4 4 4 4 4 4 4 4 4 4 4 4 4 4 4 4 4 4 4 4 4 4 4 4 4 4 4 4 4 4 4 4 4 4 4 4 4 4 4 4 4 4 4 4 4 4 4 4 4 4 4 4 4 4 4 4 4 4 4 4 4 4 4 4 4 4 4 4 4 4 4 4 4 4 4 4 4 4 4 4 4 4 4 4 4 4 4 4 4 4 4 4 4 4 4 4 4 4 4 4 4 4 4 4 4 4 4 4 4 4 4 4 4 4 4 4 4 4 4 4 4 4 4 4 4 4 4 4 4 4 4 4 4 4 4 4 4 4 4 4 4 4 4 4 4 4 4 4 4 4 4 4 4 4 4 4 4 4 4 4 4 4 4 4 4 4 4 4 4 4 4 4 4 4 4 4 4 4 4 4 4 4 4 4 4 4 4 4 4 4 4 4 4 4 4 4 4 4 4 4 4 4 4 4 4 4 4 4 4 4 4 4 4 4 4 4 4 4 4 4 4 4 4 4 4 4 4 4 4 4 4 4 4 4 4 4 4 4 4 4 4 4 4 4 4 4 4 4 4 4 4 4 4 4 4 4 4 4 4 4 4 4 4 4 4 4 4 4 4 4 4 4 4 4 4 4 4 4 4 4 4 4 4 4 4 4 4 4 4 4 4 4 4 4 4 4 4 4 4 4 4 4 4 4 4 4 4 4 4 4 4 4 4 4 4 4 4 4 4 4 4 4 4 4 4 4 4 4 4 4 4 4 4 4 4 4 4 4 4 4 4 4 4 4 4 4 4 4 4 4 4 4 4 4 4 4 4 4 4 4 4 4 4 4 4 4 4 4 4 4 4 4 4 4 4 4 4 4 4 4 4 4 4 4 4 4 4 4 4 4 4 4 4 4 4 4 4 4 4 4 4 4 4 4 4 4 4 4 4 4 4 4 4 4 4 4 4 4 4 4 4 4 4 4 4 4 4 4 4 4 4 4 4 4 4 4 4 4 4 4 4 4 4 4 4 4 4 4 4 4 4 4 4 4 4 4 4 4 4 4 4 4 4 4 4 4 4 4 4 4 4 4 4 4 4 4 4 4 4 4 4 4 4 4 4 4 4 4 4 4 4 4 4 4 4 4 4 4 4 4 4 4 4 4 4 4 4 4 4 4 4 4 4 4 4 4 4 4 4 4 4 4 4 4 4 4 4 4 4 4 4 4 4 4 4 4 4 4 4 4 4 4 4 4 4 4 4 4 4 4 4 4 4 4 4 4 4 4 4 4 4 4 4 4 4 4 4 4 4 4 4 4 4 4 4 4 4 4 4 4 4 4 4 4 4 4 4 4 4 4 4 4 4 4 4 4 4 4 4 4 4 4 4 4 4 4 4 4 4 4 4 4 4 4 4 4 4 4 4 4 4 4 4 4 4 4 4 4 4 4 4 4 4 4 4 4 4 4 4 4 4 4 4 4 4 4 4 4 4 4 4 4 4 4 4 4 4 4 4 4 4 4 4 4 4 4 4 4 4 4 4 4 4 4 4 4 4 4 4 4 4 4 4 4 4 4 4 4 4 4 4 4 4 4 4 4 4 4 4 4 4 4 4 4 4 4 4 4 4 4 4 4 4 4 4 4 4 4 4 4 4 4 4 4 4 4 4 4 4 4 4 4 4 4 4 4 4 4 4 4 4 4 4 4 4 4 4 4 4 4 4 4 4 4 4 4 4 4 4 4 4 4 4 4 4 4 4 4 4 4 4 4 4 4 4 4 4 4 4 4 4 4 4 4 4 4 4 4 4 4 4 4 4 4 4 4 4 4 4 4 4 4 4 4 4 4 4 4 4 4 4 4 4 4 4 4 4 4 4 4 4 4 4 4 4 4 4 4 4 4 4 4 4 4 4 4 4 4 4 4 4 4 4 4 4 4 4 4 4 4 4 4 4 4 4 4 4 4 4 4 4 4 4 4 4 4 4 4 4 4 4 4 4 4 4 4 4 4 4 4 4 4 4 4 4 4 4 4 4 4 4 4 4 4 4 4 4 4 4 4 4 
        </DataArray>
        <DataArray type="Int32" Name="N_Interp_IP0" format="ascii">
4 4 4 4 4 4 4 4 4 4 4 4 4 4 4 4 4 4 4 4 4 4 4 4 4 4 4 4 4 4 4 4 4 4 4 4 4 4 4 4 4 4 4 4 4 4 4 4 4 4 4 4 4 4 4 4 4 4 4 4 4 4 4 4 4 4 4 4 4 4 4 4 4 4 4 4 4 4 4 4 4 4 4 4 4 4 4 4 4 4 4 4 4 4 4 4 4 4 4 4 4 4 4 4 4 4 4 4 4 4 4 4 4 4 4 4 4 4 4 4 4 4 4 4 4 4 4 4 4 4 4 4 4 4 4 4 4 4 4 4 4 4 4 4 4 4 4 4 4 4 4 4 4 4 4 4 4 4 4 4 4 4 4 4 4 4 4 4 4 4 4 4 4 4 4 4 4 4 4 4 4 4 4 4 4 4 4 4 4 4 4 4 4 4 4 4 4 4 4 4 4 4 4 4 4 4 4 4 4 4 4 4 4 4 4 4 4 4 4 4 4 4 4 4 4 4 4 4 4 4 4 4 4 4 4 4 4 4 4 4 4 4 4 4 4 4 4 4 4 4 4 4 4 4 4 4 4 4 4 4 4 4 4 4 4 4 4 4 4 4 4 4 4 4 4 4 4 4 4 4 4 4 4 4 4 4 4 4 4 4 4 4 4 4 4 4 4 4 4 4 4 4 4 4 4 4 4 4 4 4 4 4 4 4 4 4 4 4 4 4 4 4 4 4 4 4 4 4 4 4 4 4 4 4 4 4 4 4 4 4 4 4 4 4 4 4 4 4 4 4 4 4 4 4 4 4 4 4 4 4 4 4 4 4 4 4 4 4 4 4 4 4 4 4 4 4 4 4 4 4 4 4 4 4 4 4 4 4 4 4 4 4 4 4 4 4 4 4 4 4 4 4 4 4 4 4 4 4 4 4 4 4 4 4 4 4 4 4 4 4 4 4 4 4 4 4 4 4 4 4 4 4 4 4 4 4 4 4 4 4 4 4 4 4 4 4 4 4 4 4 4 4 4 4 4 4 4 4 4 4 4 4 4 4 4 4 4 4 4 4 4 4 4 4 4 4 4 4 4 4 4 4 4 4 4 4 4 4 4 4 4 4 4 4 4 4 4 4 4 4 4 4 4 4 4 4 4 4 4 4 4 4 4 4 4 4 4 4 4 4 4 4 4 4 4 4 4 4 4 4 4 4 4 4 4 4 4 4 4 4 4 4 4 4 4 4 4 4 4 4 4 4 4 4 4 4 4 4 4 4 4 4 4 4 4 4 4 4 4 4 4 4 4 4 4 4 4 4 4 4 4 4 4 4 4 4 4 4 4 4 4 4 4 4 4 4 4 4 4 4 4 4 4 4 4 4 4 4 4 4 4 4 4 4 4 4 4 4 4 4 4 4 4 4 4 4 4 4 4 4 4 4 4 4 4 4 4 4 4 4 4 4 4 4 4 4 4 4 4 4 4 4 4 4 4 4 4 4 4 4 4 4 4 4 4 4 4 4 4 4 4 4 4 4 4 4 4 4 4 4 4 4 4 4 4 4 4 4 4 4 4 4 4 4 4 4 4 4 4 4 4 4 4 4 4 4 4 4 4 4 4 4 4 4 4 4 4 4 4 4 4 4 4 4 4 4 4 4 4 4 4 4 4 4 4 4 4 4 4 4 4 4 4 4 4 4 4 4 4 4 4 4 4 4 4 4 4 4 4 4 4 4 4 4 4 4 4 4 4 4 4 4 4 4 4 4 4 4 4 4 4 4 4 4 4 4 4 4 4 4 4 4 4 4 4 4 4 4 4 4 4 4 4 4 4 4 4 4 4 4 4 4 4 4 4 4 4 4 4 4 4 4 4 4 4 4 4 4 4 4 4 4 4 4 4 4 4 4 4 4 4 4 4 4 4 4 4 4 4 4 4 4 4 4 4 4 4 4 4 4 4 4 4 4 4 4 4 4 4 4 4 4 4 4 4 4 4 4 4 4 4 4 4 4 4 4 4 4 4 4 4 4 4 4 4 4 4 4 4 4 4 4 4 4 4 4 4 4 4 4 4 4 4 4 4 4 4 4 4 4 4 4 4 4 4 4 4 4 4 4 4 4 4 4 4 4 4 4 4 4 4 4 4 4 4 4 4 4 4 4 4 4 4 4 4 4 4 4 4 4 4 4 4 4 4 4 4 4 4 4 4 4 4 4 4 4 4 4 4 4 4 4 4 4 4 4 4 4 4 4 4 4 4 4 4 4 4 4 4 4 4 4 4 4 4 4 4 4 4 4 4 4 4 4 4 4 4 4 4 4 4 4 4 4 4 4 4 4 4 4 4 4 4 4 4 4 4 4 4 4 4 4 4 4 4 4 4 4 4 4 4 4 4 4 4 4 4 4 4 4 4 4 4 4 4 4 4 4 4 4 4 4 4 4 4 4 4 4 4 4 4 4 4 4 4 4 4 4 4 4 4 4 4 4 4 4 4 4 4 4 4 4 4 4 4 4 4 4 4 4 4 4 4 4 4 4 4 4 4 4 4 4 4 4 4 4 4 4 4 4 4 4 4 4 4 4 4 4 4 4 4 4 4 4 4 4 4 4 4 4 4 4 4 4 4 4 4 4 4 4 4 4 4 4 4 4 4 4 4 4 4 4 4 4 4 4 4 4 4 4 4 4 4 4 4 4 4 4 4 4 4 4 4 4 4 4 4 4 4 4 4 4 4 4 4 4 4 4 4 4 4 4 4 4 4 4 4 4 4 4 4 4 4 4 4 4 4 4 4 4 4 4 4 4 4 4 4 4 4 4 4 4 4 4 4 4 4 4 4 4 4 4 4 4 4 4 4 4 4 4 4 4 4 4 4 4 4 4 4 4 4 4 4 4 4 4 4 4 4 4 4 4 4 4 4 4 4 4 4 4 4 4 4 4 4 4 4 4 4 4 4 4 4 4 4 4 4 4 4 4 4 4 4 4 4 4 4 4 4 4 4 4 4 4 4 4 4 4 4 4 4 4 4 4 4 4 4 4 4 4 4 4 4 4 4 4 4 4 4 4 4 4 4 4 4 4 4 4 4 4 4 4 4 4 4 4 4 4 4 4 4 4 4 4 4 4 4 4 4 4 4 4 4 4 4 4 4 4 4 4 4 4 4 4 4 4 4 4 4 4 4 4 4 4 4 4 4 4 4 4 4 4 4 4 4 4 4 4 4 4 4 4 4 4 4 4 4 4 4 4 4 4 4 4 4 4 4 4 4 4 4 4 4 4 4 4 4 4 4 4 4 4 4 4 4 4 4 4 4 4 4 4 4 4 4 4 4 4 4 4 4 4 4 4 4 4 4 4 4 4 4 4 4 4 4 4 4 4 4 4 4 4 4 4 4 4 4 4 4 4 4 4 4 4 4 4 4 4 4 4 4 4 4 4 4 4 4 4 4 4 4 4 4 4 4 4 4 4 4 4 4 4 4 4 4 4 4 4 4 4 4 4 4 4 4 4 4 4 4 4 4 4 4 4 4 4 4 4 4 4 4 4 4 4 4 4 4 4 4 4 4 4 4 4 4 4 4 4 4 4 4 4 4 4 4 4 4 4 4 4 4 4 4 4 4 4 4 4 4 4 4 4 4 4 4 4 4 4 4 4 4 4 4 4 4 4 4 4 4 4 4 4 4 4 4 4 4 4 4 4 4 4 4 4 4 4 4 4 4 4 4 4 4 4 4 4 4 4 4 4 4 4 4 4 4 4 4 4 4 4 4 4 4 4 4 4 4 4 4 4 4 4 4 4 4 4 4 4 4 4 4 4 4 4 4 4 4 4 4 4 4 4 4 4 4 4 4 4 4 4 4 4 4 4 4 4 4 4 4 4 4 4 4 4 4 4 4 4 4 4 4 4 4 4 4 4 4 4 4 4 4 4 4 4 4 4 4 4 4 4 4 4 4 4 4 4 4 4 4 4 4 4 4 4 4 4 4 4 4 4 4 4 4 4 4 4 4 4 4 4 4 4 4 4 4 4 4 4 4 4 4 4 4 4 4 4 4 4 4 4 4 4 4 4 4 4 4 4 4 4 4 4 4 4 4 4 4 4 4 4 4 4 4 4 4 4 4 4 4 4 4 4 4 4 4 4 4 4 4 4 4 4 4 4 4 4 4 4 4 4 4 4 4 4 4 4 4 4 4 4 4 4 4 4 4 4 4 4 4 4 4 4 4 4 4 4 4 4 4 4 4 4 4 4 4 4 4 4 4 4 4 4 4 4 4 4 4 4 4 4 4 4 4 4 4 4 4 4 4 4 4 4 4 4 4 4 4 4 4 4 4 4 4 4 4 4 4 4 4 4 4 4 4 4 4 4 4 4 4 4 4 4 4 4 4 4 4 4 4 4 4 4 4 4 4 4 4 4 4 4 4 4 4 4 4 4 4 4 4 4 4 4 4 4 4 4 4 4 4 4 4 4 4 4 4 4 4 4 4 4 4 4 4 4 4 4 4 4 4 4 4 4 4 4 4 4 4 4 4 4 
        </DataArray>
      </CellData>
    </Piece>
  </PolyData>
</VTKFile>
