time, kinetic_energy((0,0,0)(127,127,127)), enstrophy((0,0,0)(127,127,127)), Density((0,0,0)(127,127,127)), pressure((64,64,64)(64,64,64))
3.85559e-05, 6945, 20787.9, 46.0763, 3.98937e+06
7.71119e-05, 6945, 20788, 46.0763, 3.98938e+06
0.000115668, 6945, 20788, 46.0763, 3.98938e+06
0.000154224, 6945, 20788, 46.0763, 3.98938e+06
0.000192779, 6945, 20788, 46.0763, 3.98938e+06
0.000231335, 6945, 20788.1, 46.0763, 3.98938e+06
0.000269891, 6945, 20788.1, 46.0763, 3.98938e+06
0.000308446, 6945, 20788.2, 46.0763, 3.98938e+06
0.000347002, 6945, 20788.3, 46.0763, 3.98938e+06
0.000385558, 6945, 20788.3, 46.0763, 3.98938e+06
0.000424113, 6945, 20788.4, 46.0763, 3.98938e+06
0.000462669, 6945, 20788.5, 46.0763, 3.98938e+06
0.000501224, 6945, 20788.6, 46.0763, 3.98938e+06
0.000539779, 6945, 20788.7, 46.0763, 3.98938e+06
0.000578335, 6945, 20788.8, 46.0763, 3.98939e+06
0.00061689, 6945, 20788.9, 46.0763, 3.98939e+06
0.000655445, 6945, 20789.1, 46.0763, 3.98939e+06
0.000694, 6945, 20789.2, 46.0763, 3.98939e+06
0.000732555, 6945, 20789.3, 46.0763, 3.98939e+06
0.00077111, 6945, 20789.5, 46.0763, 3.98939e+06
0.000809664, 6945, 20789.7, 46.0763, 3.98939e+06
0.000848219, 6945, 20789.8, 46.0763, 3.9894e+06
0.000886774, 6945, 20790, 46.0763, 3.9894e+06
0.000925328, 6945, 20790.2, 46.0763, 3.9894e+06
0.000963883, 6945, 20790.4, 46.0763, 3.9894e+06
0.00100244, 6945, 20790.6, 46.0763, 3.9894e+06
0.00104099, 6945, 20790.8, 46.0763, 3.9894e+06
0.00107955, 6945, 20791, 46.0763, 3.98941e+06
0.0011181, 6945, 20791.2, 46.0763, 3.98941e+06
0.00115665, 6945, 20791.5, 46.0763, 3.98941e+06
0.00119521, 6945, 20791.7, 46.0763, 3.98941e+06
0.00123376, 6945, 20791.9, 46.0763, 3.98941e+06
0.00127232, 6945, 20792.2, 46.0763, 3.98941e+06
0.00131087, 6945, 20792.4, 46.0763, 3.98941e+06
0.00134942, 6945, 20792.7, 46.0763, 3.98942e+06
0.00138798, 6945, 20793, 46.0763, 3.98942e+06
0.00142653, 6945, 20793.3, 46.0763, 3.98942e+06
0.00146508, 6945, 20793.6, 46.0763, 3.98942e+06
0.00150364, 6945, 20793.9, 46.0763, 3.98942e+06
0.00154219, 6945, 20794.2, 46.0763, 3.98942e+06
0.00158074, 6945, 20794.5, 46.0763, 3.98942e+06
0.0016193, 6945, 20794.8, 46.0763, 3.98942e+06
0.00165785, 6945, 20795.2, 46.0763, 3.98942e+06
0.0016964, 6945, 20795.5, 46.0763, 3.98942e+06
0.00173496, 6945, 20795.8, 46.0763, 3.98943e+06
0.00177351, 6945, 20796.2, 46.0763, 3.98943e+06
0.00181206, 6945, 20796.6, 46.0763, 3.98943e+06
0.00185061, 6945, 20796.9, 46.0763, 3.98943e+06
0.00188917, 6945, 20797.3, 46.0763, 3.98943e+06
0.00192772, 6945, 20797.7, 46.0763, 3.98943e+06
0.00196627, 6945, 20798.1, 46.0763, 3.98943e+06
0.00200482, 6945, 20798.5, 46.0763, 3.98943e+06
0.00204338, 6945, 20798.9, 46.0763, 3.98943e+06
0.00208193, 6945, 20799.3, 46.0763, 3.98943e+06
0.00212048, 6945, 20799.7, 46.0763, 3.98943e+06
0.00215903, 6945, 20800.2, 46.0763, 3.98943e+06
0.00219759, 6945, 20800.6, 46.0763, 3.98943e+06
0.00223614, 6945, 20801.1, 46.0763, 3.98943e+06
0.00227469, 6945, 20801.5, 46.0763, 3.98943e+06
0.00231324, 6945, 20802, 46.0763, 3.98943e+06
0.0023518, 6945, 20802.5, 46.0763, 3.98943e+06
0.00239035, 6945, 20802.9, 46.0763, 3.98943e+06
0.0024289, 6945, 20803.4, 46.0763, 3.98943e+06
0.00246745, 6945, 20803.9, 46.0763, 3.98943e+06
0.00250601, 6945, 20804.4, 46.0763, 3.98943e+06
0.00254456, 6945, 20804.9, 46.0763, 3.98943e+06
0.00258311, 6945, 20805.5, 46.0763, 3.98943e+06
0.00262167, 6945, 20806, 46.0763, 3.98943e+06
0.00266022, 6945, 20806.5, 46.0763, 3.98943e+06
0.00269877, 6945, 20807.1, 46.0763, 3.98943e+06
0.00273732, 6945, 20807.6, 46.0763, 3.98943e+06
0.00277588, 6945, 20808.2, 46.0763, 3.98943e+06
0.00281443, 6945, 20808.7, 46.0763, 3.98943e+06
0.00285298, 6945, 20809.3, 46.0763, 3.98943e+06
0.00289154, 6945, 20809.9, 46.0763, 3.98943e+06
0.00293009, 6945, 20810.5, 46.0763, 3.98943e+06
0.00296864, 6945, 20811.1, 46.0763, 3.98943e+06
0.0030072, 6945, 20811.7, 46.0763, 3.98943e+06
0.00304575, 6945, 20812.3, 46.0763, 3.98943e+06
0.0030843, 6945, 20812.9, 46.0763, 3.98943e+06
0.00312286, 6945, 20813.5, 46.0763, 3.98943e+06
0.00316141, 6945, 20814.2, 46.0763, 3.98943e+06
0.00319996, 6945, 20814.8, 46.0763, 3.98943e+06
0.00323852, 6945, 20815.5, 46.0763, 3.98943e+06
0.00327707, 6945, 20816.1, 46.0763, 3.98944e+06
0.00331563, 6945, 20816.8, 46.0763, 3.98944e+06
0.00335418, 6945, 20817.5, 46.0763, 3.98944e+06
0.00339273, 6945, 20818.2, 46.0763, 3.98944e+06
0.00343129, 6945, 20818.8, 46.0763, 3.98944e+06
0.00346984, 6945, 20819.5, 46.0763, 3.98944e+06
0.0035084, 6945, 20820.2, 46.0763, 3.98945e+06
0.00354695, 6945, 20821, 46.0763, 3.98945e+06
0.00358551, 6945, 20821.7, 46.0763, 3.98945e+06
0.00362406, 6945, 20822.4, 46.0763, 3.98945e+06
0.00366262, 6945, 20823.1, 46.0763, 3.98946e+06
0.00370118, 6945, 20823.9, 46.0763, 3.98946e+06
0.00373973, 6945, 20824.6, 46.0763, 3.98946e+06
0.00377829, 6945, 20825.4, 46.0763, 3.98947e+06
0.00381684, 6945, 20826.2, 46.0763, 3.98947e+06
0.0038554, 6945, 20826.9, 46.0763, 3.98947e+06
0.00389396, 6945, 20827.7, 46.0763, 3.98948e+06
0.00393251, 6945, 20828.5, 46.0763, 3.98948e+06
0.00397107, 6945, 20829.3, 46.0763, 3.98948e+06
0.00400963, 6945, 20830.1, 46.0763, 3.98949e+06
0.00404818, 6945, 20830.9, 46.0763, 3.98949e+06
0.00408674, 6945, 20831.8, 46.0763, 3.98949e+06
0.0041253, 6945, 20832.6, 46.0763, 3.9895e+06
0.00416385, 6945, 20833.4, 46.0763, 3.9895e+06
0.00420241, 6945, 20834.3, 46.0763, 3.9895e+06
0.00424097, 6945, 20835.1, 46.0763, 3.98951e+06
0.00427953, 6945, 20836, 46.0763, 3.98951e+06
0.00431808, 6945, 20836.9, 46.0763, 3.98952e+06
0.00435664, 6945, 20837.7, 46.0763, 3.98952e+06
0.0043952, 6945, 20838.6, 46.0763, 3.98952e+06
0.00443376, 6945, 20839.5, 46.0763, 3.98953e+06
0.00447232, 6945, 20840.4, 46.0763, 3.98953e+06
0.00451088, 6945, 20841.3, 46.0763, 3.98953e+06
0.00454944, 6945.01, 20842.2, 46.0763, 3.98954e+06
0.004588, 6945.01, 20843.2, 46.0763, 3.98954e+06
0.00462655, 6945.01, 20844.1, 46.0763, 3.98954e+06
0.00466511, 6945.01, 20845, 46.0763, 3.98955e+06
0.00470367, 6945.01, 20846, 46.0763, 3.98955e+06
0.00474223, 6945.01, 20846.9, 46.0763, 3.98955e+06
0.00478079, 6945.01, 20847.9, 46.0763, 3.98956e+06
0.00481935, 6945.01, 20848.9, 46.0763, 3.98956e+06
0.00485791, 6945.01, 20849.8, 46.0763, 3.98956e+06
0.00489647, 6945.01, 20850.8, 46.0763, 3.98957e+06
0.00493503, 6945.01, 20851.8, 46.0763, 3.98957e+06
0.00497359, 6945.01, 20852.8, 46.0763, 3.98957e+06
0.00501215, 6945.01, 20853.8, 46.0763, 3.98957e+06
0.00505072, 6945.01, 20854.8, 46.0763, 3.98957e+06
0.00508928, 6945.01, 20855.9, 46.0763, 3.98958e+06
0.00512784, 6945.01, 20856.9, 46.0763, 3.98958e+06
0.0051664, 6945.01, 20858, 46.0763, 3.98958e+06
0.00520496, 6945.01, 20859, 46.0763, 3.98958e+06
0.00524352, 6945.01, 20860.1, 46.0763, 3.98958e+06
0.00528208, 6945.01, 20861.1, 46.0763, 3.98958e+06
0.00532064, 6945.01, 20862.2, 46.0763, 3.98958e+06
0.00535921, 6945.02, 20863.3, 46.0763, 3.98958e+06
0.00539777, 6945.02, 20864.4, 46.0763, 3.98958e+06
0.00543633, 6945.02, 20865.5, 46.0763, 3.98958e+06
0.00547489, 6945.02, 20866.6, 46.0763, 3.98958e+06
0.00551345, 6945.02, 20867.7, 46.0763, 3.98958e+06
0.00555202, 6945.02, 20868.8, 46.0763, 3.98958e+06
0.00559058, 6945.02, 20869.9, 46.0763, 3.98958e+06
0.00562914, 6945.02, 20871.1, 46.0763, 3.98958e+06
0.0056677, 6945.02, 20872.2, 46.0763, 3.98957e+06
0.00570627, 6945.02, 20873.4, 46.0763, 3.98957e+06
0.00574483, 6945.02, 20874.5, 46.0763, 3.98957e+06
0.00578339, 6945.02, 20875.7, 46.0763, 3.98957e+06
0.00582195, 6945.02, 20876.9, 46.0763, 3.98957e+06
0.00586051, 6945.02, 20878.1, 46.0763, 3.98956e+06
0.00589908, 6945.03, 20879.3, 46.0763, 3.98956e+06
0.00593764, 6945.03, 20880.5, 46.0763, 3.98956e+06
0.0059762, 6945.03, 20881.7, 46.0763, 3.98956e+06
0.00601477, 6945.03, 20882.9, 46.0763, 3.98955e+06
0.00605333, 6945.03, 20884.1, 46.0763, 3.98955e+06
0.00609189, 6945.03, 20885.3, 46.0763, 3.98955e+06
0.00613045, 6945.03, 20886.6, 46.0763, 3.98954e+06
0.00616902, 6945.03, 20887.8, 46.0763, 3.98954e+06
0.00620758, 6945.03, 20889.1, 46.0763, 3.98953e+06
0.00624614, 6945.03, 20890.4, 46.0763, 3.98953e+06
0.0062847, 6945.03, 20891.6, 46.0763, 3.98953e+06
0.00632327, 6945.04, 20892.9, 46.0763, 3.98952e+06
0.00636183, 6945.04, 20894.2, 46.0763, 3.98952e+06
0.00640039, 6945.04, 20895.5, 46.0763, 3.98951e+06
0.00643896, 6945.04, 20896.8, 46.0763, 3.98951e+06
0.00647752, 6945.04, 20898.1, 46.0763, 3.9895e+06
0.00651608, 6945.04, 20899.4, 46.0763, 3.9895e+06
0.00655465, 6945.04, 20900.8, 46.0763, 3.9895e+06
0.00659321, 6945.04, 20902.1, 46.0763, 3.98949e+06
0.00663177, 6945.04, 20903.5, 46.0763, 3.98949e+06
0.00667033, 6945.04, 20904.8, 46.0763, 3.98948e+06
0.0067089, 6945.05, 20906.2, 46.0763, 3.98948e+06
0.00674746, 6945.05, 20907.5, 46.0763, 3.98947e+06
0.00678602, 6945.05, 20908.9, 46.0763, 3.98947e+06
0.00682459, 6945.05, 20910.3, 46.0763, 3.98947e+06
0.00686315, 6945.05, 20911.7, 46.0763, 3.98946e+06
0.00690171, 6945.05, 20913.1, 46.0763, 3.98946e+06
0.00694028, 6945.05, 20914.5, 46.0763, 3.98946e+06
0.00697884, 6945.05, 20915.9, 46.0763, 3.98945e+06
0.0070174, 6945.05, 20917.4, 46.0763, 3.98945e+06
0.00705597, 6945.06, 20918.8, 46.0763, 3.98945e+06
0.00709453, 6945.06, 20920.3, 46.0763, 3.98944e+06
0.0071331, 6945.06, 20921.7, 46.0763, 3.98944e+06
0.00717166, 6945.06, 20923.2, 46.0763, 3.98944e+06
0.00721022, 6945.06, 20924.6, 46.0763, 3.98943e+06
0.00724879, 6945.06, 20926.1, 46.0763, 3.98943e+06
0.00728735, 6945.06, 20927.6, 46.0763, 3.98943e+06
0.00732591, 6945.06, 20929.1, 46.0763, 3.98943e+06
0.00736448, 6945.06, 20930.6, 46.0763, 3.98943e+06
0.00740304, 6945.07, 20932.1, 46.0763, 3.98943e+06
0.00744161, 6945.07, 20933.6, 46.0763, 3.98942e+06
0.00748017, 6945.07, 20935.2, 46.0763, 3.98942e+06
0.00751873, 6945.07, 20936.7, 46.0763, 3.98942e+06
0.0075573, 6945.07, 20938.2, 46.0763, 3.98942e+06
0.00759586, 6945.07, 20939.8, 46.0763, 3.98942e+06
0.00763443, 6945.07, 20941.3, 46.0763, 3.98942e+06
0.00767299, 6945.07, 20942.9, 46.0763, 3.98942e+06
0.00771156, 6945.07, 20944.5, 46.0763, 3.98943e+06
0.00775012, 6945.08, 20946.1, 46.0763, 3.98943e+06
0.00778869, 6945.08, 20947.7, 46.0763, 3.98943e+06
0.00782725, 6945.08, 20949.3, 46.0763, 3.98943e+06
0.00786582, 6945.08, 20950.9, 46.0763, 3.98943e+06
0.00790438, 6945.08, 20952.5, 46.0763, 3.98944e+06
0.00794295, 6945.08, 20954.1, 46.0763, 3.98944e+06
0.00798151, 6945.08, 20955.7, 46.0763, 3.98944e+06
0.00802008, 6945.08, 20957.4, 46.0763, 3.98945e+06
0.00805865, 6945.08, 20959, 46.0763, 3.98945e+06
0.00809721, 6945.08, 20960.7, 46.0763, 3.98945e+06
0.00813578, 6945.09, 20962.3, 46.0763, 3.98946e+06
0.00817434, 6945.09, 20964, 46.0763, 3.98946e+06
0.00821291, 6945.09, 20965.7, 46.0763, 3.98947e+06
0.00825148, 6945.09, 20967.4, 46.0763, 3.98947e+06
0.00829004, 6945.09, 20969.1, 46.0763, 3.98948e+06
0.00832861, 6945.09, 20970.8, 46.0763, 3.98949e+06
0.00836718, 6945.09, 20972.5, 46.0763, 3.98949e+06
0.00840574, 6945.09, 20974.2, 46.0763, 3.9895e+06
0.00844431, 6945.09, 20975.9, 46.0763, 3.9895e+06
0.00848288, 6945.09, 20977.7, 46.0763, 3.98951e+06
0.00852144, 6945.09, 20979.4, 46.0763, 3.98952e+06
0.00856001, 6945.1, 20981.2, 46.0763, 3.98953e+06
0.00859858, 6945.1, 20982.9, 46.0763, 3.98953e+06
0.00863715, 6945.1, 20984.7, 46.0763, 3.98954e+06
0.00867572, 6945.1, 20986.5, 46.0763, 3.98955e+06
0.00871428, 6945.1, 20988.3, 46.0763, 3.98956e+06
0.00875285, 6945.1, 20990, 46.0763, 3.98957e+06
0.00879142, 6945.1, 20991.8, 46.0763, 3.98957e+06
0.00882999, 6945.1, 20993.6, 46.0763, 3.98958e+06
0.00886856, 6945.1, 20995.5, 46.0763, 3.98959e+06
0.00890713, 6945.1, 20997.3, 46.0763, 3.9896e+06
0.0089457, 6945.1, 20999.1, 46.0763, 3.98961e+06
0.00898427, 6945.1, 21001, 46.0763, 3.98962e+06
0.00902284, 6945.1, 21002.8, 46.0763, 3.98963e+06
0.00906141, 6945.1, 21004.7, 46.0763, 3.98964e+06
0.00909998, 6945.11, 21006.5, 46.0763, 3.98965e+06
0.00913855, 6945.11, 21008.4, 46.0763, 3.98966e+06
0.00917712, 6945.11, 21010.3, 46.0763, 3.98967e+06
0.00921569, 6945.11, 21012.2, 46.0763, 3.98968e+06
0.00925426, 6945.11, 21014, 46.0763, 3.98969e+06
0.00929283, 6945.11, 21015.9, 46.0763, 3.98969e+06
0.0093314, 6945.11, 21017.9, 46.0763, 3.9897e+06
0.00936998, 6945.11, 21019.8, 46.0763, 3.98971e+06
0.00940855, 6945.11, 21021.7, 46.0763, 3.98972e+06
0.00944712, 6945.11, 21023.6, 46.0763, 3.98973e+06
0.00948569, 6945.11, 21025.6, 46.0763, 3.98974e+06
0.00952427, 6945.11, 21027.5, 46.0763, 3.98975e+06
0.00956284, 6945.11, 21029.5, 46.0763, 3.98976e+06
0.00960141, 6945.11, 21031.4, 46.0763, 3.98977e+06
0.00963999, 6945.11, 21033.4, 46.0763, 3.98977e+06
0.00967856, 6945.11, 21035.4, 46.0763, 3.98978e+06
0.00971713, 6945.11, 21037.4, 46.0763, 3.98979e+06
0.00975571, 6945.12, 21039.4, 46.0763, 3.9898e+06
0.00979428, 6945.12, 21041.4, 46.0763, 3.98981e+06
0.00983286, 6945.12, 21043.4, 46.0763, 3.98981e+06
0.00987143, 6945.12, 21045.4, 46.0763, 3.98982e+06
0.00991, 6945.12, 21047.4, 46.0763, 3.98983e+06
0.00994858, 6945.12, 21049.5, 46.0763, 3.98983e+06
0.00998716, 6945.12, 21051.5, 46.0763, 3.98984e+06
0.0100257, 6945.12, 21053.6, 46.0763, 3.98984e+06
0.0100643, 6945.12, 21055.6, 46.0763, 3.98985e+06
0.0101029, 6945.12, 21057.7, 46.0763, 3.98985e+06
0.0101415, 6945.12, 21059.8, 46.0763, 3.98986e+06
0.01018, 6945.12, 21061.9, 46.0763, 3.98986e+06
0.0102186, 6945.12, 21064, 46.0763, 3.98986e+06
0.0102572, 6945.12, 21066.1, 46.0763, 3.98987e+06
0.0102958, 6945.12, 21068.2, 46.0763, 3.98987e+06
0.0103343, 6945.12, 21070.3, 46.0763, 3.98987e+06
0.0103729, 6945.12, 21072.4, 46.0763, 3.98987e+06
0.0104115, 6945.13, 21074.6, 46.0763, 3.98988e+06
0.0104501, 6945.13, 21076.7, 46.0763, 3.98988e+06
0.0104887, 6945.13, 21078.8, 46.0763, 3.98988e+06
0.0105272, 6945.13, 21081, 46.0763, 3.98988e+06
0.0105658, 6945.13, 21083.2, 46.0763, 3.98988e+06
0.0106044, 6945.13, 21085.3, 46.0763, 3.98988e+06
0.010643, 6945.13, 21087.5, 46.0763, 3.98988e+06
0.0106816, 6945.13, 21089.7, 46.0763, 3.98988e+06
0.0107201, 6945.13, 21091.9, 46.0763, 3.98988e+06
0.0107587, 6945.13, 21094.1, 46.0763, 3.98987e+06
0.0107973, 6945.13, 21096.3, 46.0763, 3.98987e+06
0.0108359, 6945.13, 21098.6, 46.0763, 3.98987e+06
0.0108745, 6945.13, 21100.8, 46.0763, 3.98987e+06
0.010913, 6945.13, 21103, 46.0763, 3.98986e+06
0.0109516, 6945.13, 21105.3, 46.0763, 3.98986e+06
0.0109902, 6945.14, 21107.5, 46.0763, 3.98986e+06
0.0110288, 6945.14, 21109.8, 46.0763, 3.98985e+06
0.0110674, 6945.14, 21112.1, 46.0763, 3.98985e+06
0.0111059, 6945.14, 21114.4, 46.0763, 3.98985e+06
0.0111445, 6945.14, 21116.7, 46.0763, 3.98984e+06
0.0111831, 6945.14, 21119, 46.0763, 3.98984e+06
0.0112217, 6945.14, 21121.3, 46.0763, 3.98983e+06
0.0112603, 6945.14, 21123.6, 46.0763, 3.98983e+06
0.0112988, 6945.14, 21125.9, 46.0763, 3.98982e+06
0.0113374, 6945.14, 21128.2, 46.0763, 3.98982e+06
0.011376, 6945.14, 21130.6, 46.0763, 3.98981e+06
0.0114146, 6945.14, 21132.9, 46.0763, 3.9898e+06
0.0114532, 6945.15, 21135.3, 46.0763, 3.9898e+06
0.0114918, 6945.15, 21137.7, 46.0763, 3.98979e+06
0.0115303, 6945.15, 21140, 46.0763, 3.98979e+06
0.0115689, 6945.15, 21142.4, 46.0763, 3.98978e+06
0.0116075, 6945.15, 21144.8, 46.0763, 3.98977e+06
0.0116461, 6945.15, 21147.2, 46.0763, 3.98977e+06
0.0116847, 6945.15, 21149.6, 46.0763, 3.98976e+06
0.0117233, 6945.15, 21152, 46.0763, 3.98976e+06
0.0117619, 6945.15, 21154.5, 46.0763, 3.98975e+06
0.0118004, 6945.15, 21156.9, 46.0763, 3.98974e+06
0.011839, 6945.16, 21159.3, 46.0763, 3.98974e+06
0.0118776, 6945.16, 21161.8, 46.0763, 3.98973e+06
0.0119162, 6945.16, 21164.3, 46.0763, 3.98973e+06
0.0119548, 6945.16, 21166.7, 46.0763, 3.98972e+06
0.0119934, 6945.16, 21169.2, 46.0763, 3.98971e+06
0.0120319, 6945.16, 21171.7, 46.0763, 3.98971e+06
0.0120705, 6945.16, 21174.2, 46.0763, 3.9897e+06
0.0121091, 6945.16, 21176.7, 46.0763, 3.9897e+06
0.0121477, 6945.17, 21179.2, 46.0763, 3.98969e+06
0.0121863, 6945.17, 21181.7, 46.0763, 3.98969e+06
0.0122249, 6945.17, 21184.3, 46.0763, 3.98969e+06
0.0122635, 6945.17, 21186.8, 46.0763, 3.98968e+06
0.012302, 6945.17, 21189.3, 46.0763, 3.98968e+06
0.0123406, 6945.17, 21191.9, 46.0763, 3.98968e+06
0.0123792, 6945.17, 21194.5, 46.0763, 3.98967e+06
0.0124178, 6945.17, 21197, 46.0763, 3.98967e+06
0.0124564, 6945.18, 21199.6, 46.0763, 3.98967e+06
0.012495, 6945.18, 21202.2, 46.0763, 3.98967e+06
0.0125336, 6945.18, 21204.8, 46.0763, 3.98966e+06
0.0125721, 6945.18, 21207.4, 46.0763, 3.98966e+06
0.0126107, 6945.18, 21210, 46.0763, 3.98966e+06
0.0126493, 6945.18, 21212.7, 46.0763, 3.98966e+06
0.0126879, 6945.18, 21215.3, 46.0763, 3.98966e+06
0.0127265, 6945.19, 21217.9, 46.0763, 3.98966e+06
0.0127651, 6945.19, 21220.6, 46.0763, 3.98966e+06
0.0128037, 6945.19, 21223.3, 46.0763, 3.98966e+06
0.0128423, 6945.19, 21225.9, 46.0763, 3.98966e+06
0.0128808, 6945.19, 21228.6, 46.0763, 3.98967e+06
0.0129194, 6945.19, 21231.3, 46.0763, 3.98967e+06
0.012958, 6945.19, 21234, 46.0763, 3.98967e+06
0.0129966, 6945.2, 21236.7, 46.0763, 3.98967e+06
0.0130352, 6945.2, 21239.4, 46.0763, 3.98968e+06
0.0130738, 6945.2, 21242.1, 46.0763, 3.98968e+06
0.0131124, 6945.2, 21244.8, 46.0763, 3.98968e+06
0.013151, 6945.2, 21247.6, 46.0763, 3.98969e+06
0.0131896, 6945.2, 21250.3, 46.0763, 3.98969e+06
0.0132281, 6945.2, 21253.1, 46.0763, 3.9897e+06
0.0132667, 6945.21, 21255.8, 46.0763, 3.9897e+06
0.0133053, 6945.21, 21258.6, 46.0763, 3.98971e+06
0.0133439, 6945.21, 21261.4, 46.0763, 3.98972e+06
0.0133825, 6945.21, 21264.2, 46.0763, 3.98972e+06
0.0134211, 6945.21, 21267, 46.0763, 3.98973e+06
0.0134597, 6945.21, 21269.8, 46.0763, 3.98974e+06
0.0134983, 6945.21, 21272.6, 46.0763, 3.98975e+06
0.0135369, 6945.22, 21275.4, 46.0763, 3.98975e+06
0.0135754, 6945.22, 21278.3, 46.0763, 3.98976e+06
0.013614, 6945.22, 21281.1, 46.0763, 3.98977e+06
0.0136526, 6945.22, 21283.9, 46.0763, 3.98978e+06
0.0136912, 6945.22, 21286.8, 46.0763, 3.98979e+06
0.0137298, 6945.22, 21289.7, 46.0763, 3.9898e+06
0.0137684, 6945.22, 21292.5, 46.0763, 3.98981e+06
0.013807, 6945.23, 21295.4, 46.0763, 3.98982e+06
0.0138456, 6945.23, 21298.3, 46.0763, 3.98983e+06
0.0138842, 6945.23, 21301.2, 46.0763, 3.98984e+06
0.0139228, 6945.23, 21304.1, 46.0763, 3.98985e+06
0.0139614, 6945.23, 21307, 46.0763, 3.98986e+06
0.014, 6945.23, 21310, 46.0763, 3.98987e+06
0.0140385, 6945.23, 21312.9, 46.0763, 3.98988e+06
0.0140771, 6945.23, 21315.8, 46.0763, 3.98989e+06
0.0141157, 6945.24, 21318.8, 46.0763, 3.9899e+06
0.0141543, 6945.24, 21321.7, 46.0763, 3.98991e+06
0.0141929, 6945.24, 21324.7, 46.0763, 3.98992e+06
0.0142315, 6945.24, 21327.7, 46.0763, 3.98993e+06
0.0142701, 6945.24, 21330.7, 46.0763, 3.98994e+06
0.0143087, 6945.24, 21333.7, 46.0763, 3.98995e+06
0.0143473, 6945.24, 21336.7, 46.0763, 3.98996e+06
0.0143859, 6945.24, 21339.7, 46.0763, 3.98997e+06
0.0144245, 6945.25, 21342.7, 46.0763, 3.98998e+06
0.0144631, 6945.25, 21345.7, 46.0763, 3.98999e+06
0.0145017, 6945.25, 21348.8, 46.0763, 3.99e+06
0.0145403, 6945.25, 21351.8, 46.0763, 3.99001e+06
0.0145789, 6945.25, 21354.8, 46.0763, 3.99002e+06
0.0146175, 6945.25, 21357.9, 46.0763, 3.99003e+06
0.0146561, 6945.25, 21361, 46.0763, 3.99004e+06
0.0146947, 6945.25, 21364.1, 46.0763, 3.99005e+06
0.0147333, 6945.25, 21367.1, 46.0763, 3.99006e+06
0.0147719, 6945.26, 21370.2, 46.0763, 3.99007e+06
0.0148105, 6945.26, 21373.3, 46.0763, 3.99008e+06
0.0148491, 6945.26, 21376.5, 46.0763, 3.99009e+06
0.0148877, 6945.26, 21379.6, 46.0763, 3.9901e+06
0.0149263, 6945.26, 21382.7, 46.0763, 3.99011e+06
0.0149649, 6945.26, 21385.8, 46.0763, 3.99012e+06
0.0150035, 6945.26, 21389, 46.0763, 3.99013e+06
0.0150421, 6945.26, 21392.1, 46.0763, 3.99013e+06
0.0150807, 6945.27, 21395.3, 46.0763, 3.99014e+06
0.0151193, 6945.27, 21398.5, 46.0763, 3.99015e+06
0.0151579, 6945.27, 21401.7, 46.0763, 3.99015e+06
0.0151965, 6945.27, 21404.8, 46.0763, 3.99016e+06
0.0152351, 6945.27, 21408, 46.0763, 3.99017e+06
0.0152737, 6945.27, 21411.2, 46.0763, 3.99017e+06
0.0153123, 6945.27, 21414.5, 46.0763, 3.99018e+06
0.0153509, 6945.27, 21417.7, 46.0763, 3.99019e+06
0.0153895, 6945.27, 21420.9, 46.0763, 3.99019e+06
0.0154281, 6945.28, 21424.2, 46.0763, 3.9902e+06
0.0154667, 6945.28, 21427.4, 46.0763, 3.9902e+06
0.0155053, 6945.28, 21430.7, 46.0763, 3.99021e+06
0.0155439, 6945.28, 21433.9, 46.0763, 3.99021e+06
0.0155825, 6945.28, 21437.2, 46.0763, 3.99021e+06
0.0156211, 6945.28, 21440.5, 46.0763, 3.99022e+06
0.0156597, 6945.28, 21443.8, 46.0763, 3.99022e+06
0.0156983, 6945.28, 21447.1, 46.0763, 3.99022e+06
0.0157369, 6945.29, 21450.4, 46.0763, 3.99022e+06
0.0157755, 6945.29, 21453.7, 46.0763, 3.99023e+06
0.0158141, 6945.29, 21457, 46.0763, 3.99023e+06
0.0158527, 6945.29, 21460.4, 46.0763, 3.99023e+06
0.0158913, 6945.29, 21463.7, 46.0763, 3.99023e+06
0.0159299, 6945.29, 21467.1, 46.0763, 3.99023e+06
0.0159686, 6945.29, 21470.4, 46.0763, 3.99023e+06
0.0160072, 6945.29, 21473.8, 46.0763, 3.99023e+06
0.0160458, 6945.3, 21477.2, 46.0763, 3.99023e+06
0.0160844, 6945.3, 21480.6, 46.0763, 3.99023e+06
0.016123, 6945.3, 21484, 46.0763, 3.99023e+06
0.0161616, 6945.3, 21487.4, 46.0763, 3.99023e+06
0.0162002, 6945.3, 21490.8, 46.0763, 3.99023e+06
0.0162388, 6945.3, 21494.2, 46.0763, 3.99023e+06
0.0162774, 6945.3, 21497.7, 46.0763, 3.99023e+06
0.016316, 6945.31, 21501.1, 46.0763, 3.99023e+06
0.0163546, 6945.31, 21504.6, 46.0763, 3.99023e+06
0.0163933, 6945.31, 21508, 46.0763, 3.99022e+06
0.0164319, 6945.31, 21511.5, 46.0763, 3.99022e+06
0.0164705, 6945.31, 21515, 46.0763, 3.99022e+06
0.0165091, 6945.31, 21518.5, 46.0763, 3.99022e+06
0.0165477, 6945.31, 21522, 46.0763, 3.99021e+06
0.0165863, 6945.32, 21525.5, 46.0763, 3.99021e+06
0.0166249, 6945.32, 21529, 46.0763, 3.99021e+06
0.0166635, 6945.32, 21532.5, 46.0763, 3.9902e+06
0.0167021, 6945.32, 21536, 46.0763, 3.9902e+06
0.0167408, 6945.32, 21539.6, 46.0763, 3.9902e+06
0.0167794, 6945.32, 21543.1, 46.0763, 3.99019e+06
0.016818, 6945.32, 21546.7, 46.0763, 3.99019e+06
0.0168566, 6945.33, 21550.3, 46.0763, 3.99019e+06
0.0168952, 6945.33, 21553.8, 46.0763, 3.99018e+06
0.0169338, 6945.33, 21557.4, 46.0763, 3.99018e+06
0.0169724, 6945.33, 21561, 46.0763, 3.99018e+06
0.0170111, 6945.33, 21564.6, 46.0763, 3.99017e+06
0.0170497, 6945.34, 21568.2, 46.0763, 3.99017e+06
0.0170883, 6945.34, 21571.9, 46.0763, 3.99016e+06
0.0171269, 6945.34, 21575.5, 46.0763, 3.99016e+06
0.0171655, 6945.34, 21579.1, 46.0763, 3.99016e+06
0.0172041, 6945.34, 21582.8, 46.0763, 3.99015e+06
0.0172427, 6945.34, 21586.5, 46.0763, 3.99015e+06
0.0172814, 6945.35, 21590.1, 46.0763, 3.99015e+06
0.01732, 6945.35, 21593.8, 46.0763, 3.99014e+06
0.0173586, 6945.35, 21597.5, 46.0763, 3.99014e+06
0.0173972, 6945.35, 21601.2, 46.0763, 3.99013e+06
0.0174358, 6945.35, 21604.9, 46.0763, 3.99013e+06
0.0174744, 6945.35, 21608.6, 46.0763, 3.99013e+06
0.0175131, 6945.36, 21612.3, 46.0763, 3.99013e+06
0.0175517, 6945.36, 21616.1, 46.0763, 3.99012e+06
0.0175903, 6945.36, 21619.8, 46.0763, 3.99012e+06
0.0176289, 6945.36, 21623.6, 46.0763, 3.99012e+06
0.0176675, 6945.36, 21627.3, 46.0763, 3.99011e+06
0.0177061, 6945.37, 21631.1, 46.0763, 3.99011e+06
0.0177448, 6945.37, 21634.9, 46.0763, 3.99011e+06
0.0177834, 6945.37, 21638.7, 46.0763, 3.99011e+06
0.017822, 6945.37, 21642.5, 46.0763, 3.99011e+06
0.0178606, 6945.37, 21646.3, 46.0763, 3.9901e+06
0.0178992, 6945.38, 21650.1, 46.0763, 3.9901e+06
0.0179379, 6945.38, 21653.9, 46.0763, 3.9901e+06
0.0179765, 6945.38, 21657.7, 46.0763, 3.9901e+06
0.0180151, 6945.38, 21661.6, 46.0763, 3.9901e+06
0.0180537, 6945.38, 21665.4, 46.0763, 3.9901e+06
0.0180923, 6945.39, 21669.3, 46.0763, 3.9901e+06
0.018131, 6945.39, 21673.2, 46.0763, 3.9901e+06
0.0181696, 6945.39, 21677, 46.0763, 3.9901e+06
0.0182082, 6945.39, 21680.9, 46.0763, 3.9901e+06
0.0182468, 6945.39, 21684.8, 46.0763, 3.9901e+06
0.0182854, 6945.4, 21688.7, 46.0763, 3.9901e+06
0.0183241, 6945.4, 21692.7, 46.0763, 3.99011e+06
0.0183627, 6945.4, 21696.6, 46.0763, 3.99011e+06
0.0184013, 6945.4, 21700.5, 46.0763, 3.99011e+06
0.0184399, 6945.4, 21704.5, 46.0763, 3.99011e+06
0.0184785, 6945.41, 21708.4, 46.0763, 3.99011e+06
0.0185172, 6945.41, 21712.4, 46.0763, 3.99012e+06
0.0185558, 6945.41, 21716.4, 46.0763, 3.99012e+06
0.0185944, 6945.41, 21720.3, 46.0763, 3.99012e+06
0.018633, 6945.41, 21724.3, 46.0763, 3.99013e+06
0.0186717, 6945.42, 21728.3, 46.0763, 3.99013e+06
0.0187103, 6945.42, 21732.3, 46.0763, 3.99014e+06
0.0187489, 6945.42, 21736.3, 46.0763, 3.99014e+06
0.0187875, 6945.42, 21740.4, 46.0763, 3.99014e+06
0.0188261, 6945.42, 21744.4, 46.0763, 3.99015e+06
0.0188648, 6945.43, 21748.5, 46.0763, 3.99016e+06
0.0189034, 6945.43, 21752.5, 46.0763, 3.99016e+06
0.018942, 6945.43, 21756.6, 46.0763, 3.99017e+06
0.0189806, 6945.43, 21760.7, 46.0763, 3.99017e+06
0.0190193, 6945.43, 21764.7, 46.0763, 3.99018e+06
0.0190579, 6945.43, 21768.8, 46.0763, 3.99019e+06
0.0190965, 6945.44, 21772.9, 46.0763, 3.99019e+06
0.0191351, 6945.44, 21777, 46.0763, 3.9902e+06
0.0191738, 6945.44, 21781.2, 46.0763, 3.99021e+06
0.0192124, 6945.44, 21785.3, 46.0763, 3.99021e+06
0.019251, 6945.44, 21789.4, 46.0763, 3.99022e+06
0.0192897, 6945.44, 21793.6, 46.0763, 3.99023e+06
0.0193283, 6945.45, 21797.7, 46.0763, 3.99024e+06
0.0193669, 6945.45, 21801.9, 46.0763, 3.99025e+06
0.0194055, 6945.45, 21806.1, 46.0763, 3.99026e+06
0.0194442, 6945.45, 21810.2, 46.0763, 3.99026e+06
0.0194828, 6945.45, 21814.4, 46.0763, 3.99027e+06
0.0195214, 6945.45, 21818.6, 46.0763, 3.99028e+06
0.01956, 6945.45, 21822.9, 46.0763, 3.99029e+06
0.0195987, 6945.46, 21827.1, 46.0763, 3.9903e+06
0.0196373, 6945.46, 21831.3, 46.0763, 3.99031e+06
0.0196759, 6945.46, 21835.5, 46.0763, 3.99032e+06
0.0197146, 6945.46, 21839.8, 46.0763, 3.99033e+06
0.0197532, 6945.46, 21844.1, 46.0763, 3.99034e+06
0.0197918, 6945.46, 21848.3, 46.0763, 3.99035e+06
0.0198305, 6945.46, 21852.6, 46.0763, 3.99036e+06
0.0198691, 6945.46, 21856.9, 46.0763, 3.99037e+06
0.0199077, 6945.47, 21861.2, 46.0763, 3.99038e+06
0.0199463, 6945.47, 21865.5, 46.0763, 3.99039e+06
0.019985, 6945.47, 21869.8, 46.0763, 3.9904e+06
0.0200236, 6945.47, 21874.1, 46.0763, 3.99041e+06
0.0200622, 6945.47, 21878.4, 46.0763, 3.99042e+06
0.0201009, 6945.47, 21882.8, 46.0763, 3.99043e+06
0.0201395, 6945.47, 21887.1, 46.0763, 3.99044e+06
0.0201781, 6945.47, 21891.5, 46.0763, 3.99045e+06
0.0202168, 6945.48, 21895.9, 46.0763, 3.99046e+06
0.0202554, 6945.48, 21900.2, 46.0763, 3.99047e+06
0.020294, 6945.48, 21904.6, 46.0763, 3.99048e+06
0.0203327, 6945.48, 21909, 46.0763, 3.99049e+06
0.0203713, 6945.48, 21913.4, 46.0763, 3.9905e+06
0.02041, 6945.48, 21917.9, 46.0763, 3.99051e+06
0.0204486, 6945.48, 21922.3, 46.0763, 3.99051e+06
0.0204872, 6945.48, 21926.7, 46.0763, 3.99052e+06
0.0205259, 6945.48, 21931.2, 46.0763, 3.99053e+06
0.0205645, 6945.49, 21935.6, 46.0763, 3.99054e+06
0.0206031, 6945.49, 21940.1, 46.0763, 3.99055e+06
0.0206418, 6945.49, 21944.5, 46.0763, 3.99056e+06
0.0206804, 6945.49, 21949, 46.0763, 3.99057e+06
0.0207191, 6945.49, 21953.5, 46.0763, 3.99058e+06
0.0207577, 6945.49, 21958, 46.0763, 3.99058e+06
0.0207963, 6945.49, 21962.5, 46.0763, 3.99059e+06
0.020835, 6945.49, 21967, 46.0763, 3.9906e+06
0.0208736, 6945.49, 21971.6, 46.0763, 3.99061e+06
0.0209123, 6945.49, 21976.1, 46.0763, 3.99061e+06
0.0209509, 6945.5, 21980.7, 46.0763, 3.99062e+06
0.0209895, 6945.5, 21985.2, 46.0763, 3.99063e+06
0.0210282, 6945.5, 21989.8, 46.0763, 3.99063e+06
0.0210668, 6945.5, 21994.4, 46.0763, 3.99064e+06
0.0211055, 6945.5, 21998.9, 46.0763, 3.99065e+06
0.0211441, 6945.5, 22003.5, 46.0763, 3.99065e+06
0.0211827, 6945.5, 22008.1, 46.0763, 3.99066e+06
0.0212214, 6945.5, 22012.8, 46.0763, 3.99066e+06
0.02126, 6945.5, 22017.4, 46.0763, 3.99067e+06
0.0212987, 6945.51, 22022, 46.0763, 3.99067e+06
0.0213373, 6945.51, 22026.7, 46.0763, 3.99067e+06
0.021376, 6945.51, 22031.3, 46.0763, 3.99068e+06
0.0214146, 6945.51, 22036, 46.0763, 3.99068e+06
0.0214532, 6945.51, 22040.6, 46.0763, 3.99069e+06
0.0214919, 6945.51, 22045.3, 46.0763, 3.99069e+06
0.0215305, 6945.51, 22050, 46.0763, 3.99069e+06
0.0215692, 6945.51, 22054.7, 46.0763, 3.99069e+06
0.0216078, 6945.51, 22059.4, 46.0763, 3.9907e+06
0.0216465, 6945.52, 22064.1, 46.0763, 3.9907e+06
0.0216851, 6945.52, 22068.9, 46.0763, 3.9907e+06
0.0217238, 6945.52, 22073.6, 46.0763, 3.9907e+06
0.0217624, 6945.52, 22078.4, 46.0763, 3.9907e+06
0.0218011, 6945.52, 22083.1, 46.0763, 3.9907e+06
0.0218397, 6945.52, 22087.9, 46.0763, 3.99071e+06
0.0218784, 6945.52, 22092.7, 46.0763, 3.99071e+06
0.021917, 6945.52, 22097.5, 46.0763, 3.99071e+06
0.0219556, 6945.53, 22102.3, 46.0763, 3.99071e+06
0.0219943, 6945.53, 22107.1, 46.0763, 3.99071e+06
0.0220329, 6945.53, 22111.9, 46.0763, 3.99071e+06
0.0220716, 6945.53, 22116.7, 46.0763, 3.99071e+06
0.0221102, 6945.53, 22121.5, 46.0763, 3.99071e+06
0.0221489, 6945.53, 22126.4, 46.0763, 3.9907e+06
0.0221875, 6945.53, 22131.3, 46.0763, 3.9907e+06
0.0222262, 6945.54, 22136.1, 46.0763, 3.9907e+06
0.0222648, 6945.54, 22141, 46.0763, 3.9907e+06
0.0223035, 6945.54, 22145.9, 46.0763, 3.9907e+06
0.0223421, 6945.54, 22150.8, 46.0763, 3.9907e+06
0.0223808, 6945.54, 22155.7, 46.0763, 3.9907e+06
0.0224194, 6945.54, 22160.6, 46.0763, 3.9907e+06
0.0224581, 6945.55, 22165.5, 46.0763, 3.99069e+06
0.0224967, 6945.55, 22170.5, 46.0763, 3.99069e+06
0.0225354, 6945.55, 22175.4, 46.0763, 3.99069e+06
0.0225741, 6945.55, 22180.4, 46.0763, 3.99069e+06
0.0226127, 6945.55, 22185.3, 46.0763, 3.99069e+06
0.0226514, 6945.55, 22190.3, 46.0763, 3.99068e+06
0.02269, 6945.56, 22195.3, 46.0763, 3.99068e+06
0.0227287, 6945.56, 22200.3, 46.0763, 3.99068e+06
0.0227673, 6945.56, 22205.3, 46.0763, 3.99068e+06
0.022806, 6945.56, 22210.3, 46.0763, 3.99068e+06
0.0228446, 6945.56, 22215.3, 46.0763, 3.99068e+06
0.0228833, 6945.57, 22220.4, 46.0763, 3.99067e+06
0.0229219, 6945.57, 22225.4, 46.0763, 3.99067e+06
0.0229606, 6945.57, 22230.5, 46.0763, 3.99067e+06
0.0229992, 6945.57, 22235.6, 46.0763, 3.99067e+06
0.0230379, 6945.57, 22240.6, 46.0763, 3.99067e+06
0.0230766, 6945.58, 22245.7, 46.0763, 3.99067e+06
0.0231152, 6945.58, 22250.8, 46.0763, 3.99067e+06
0.0231539, 6945.58, 22255.9, 46.0763, 3.99067e+06
0.0231925, 6945.58, 22261, 46.0763, 3.99067e+06
0.0232312, 6945.58, 22266.2, 46.0763, 3.99067e+06
0.0232698, 6945.59, 22271.3, 46.0763, 3.99067e+06
0.0233085, 6945.59, 22276.5, 46.0763, 3.99067e+06
0.0233472, 6945.59, 22281.6, 46.0763, 3.99067e+06
0.0233858, 6945.59, 22286.8, 46.0763, 3.99067e+06
0.0234245, 6945.6, 22292, 46.0763, 3.99067e+06
0.0234631, 6945.6, 22297.2, 46.0763, 3.99067e+06
0.0235018, 6945.6, 22302.4, 46.0763, 3.99067e+06
0.0235404, 6945.6, 22307.6, 46.0763, 3.99067e+06
0.0235791, 6945.6, 22312.8, 46.0763, 3.99068e+06
0.0236178, 6945.61, 22318, 46.0763, 3.99068e+06
0.0236564, 6945.61, 22323.2, 46.0763, 3.99068e+06
0.0236951, 6945.61, 22328.5, 46.0763, 3.99068e+06
0.0237337, 6945.61, 22333.8, 46.0763, 3.99069e+06
0.0237724, 6945.62, 22339, 46.0763, 3.99069e+06
0.0238111, 6945.62, 22344.3, 46.0763, 3.99069e+06
0.0238497, 6945.62, 22349.6, 46.0763, 3.9907e+06
0.0238884, 6945.62, 22354.9, 46.0763, 3.9907e+06
0.023927, 6945.63, 22360.2, 46.0763, 3.99071e+06
0.0239657, 6945.63, 22365.5, 46.0763, 3.99071e+06
0.0240044, 6945.63, 22370.9, 46.0763, 3.99072e+06
0.024043, 6945.63, 22376.2, 46.0763, 3.99072e+06
0.0240817, 6945.64, 22381.6, 46.0763, 3.99073e+06
0.0241204, 6945.64, 22386.9, 46.0763, 3.99073e+06
0.024159, 6945.64, 22392.3, 46.0763, 3.99074e+06
0.0241977, 6945.64, 22397.7, 46.0763, 3.99074e+06
0.0242363, 6945.65, 22403.1, 46.0763, 3.99075e+06
0.024275, 6945.65, 22408.5, 46.0763, 3.99076e+06
0.0243137, 6945.65, 22413.9, 46.0763, 3.99076e+06
0.0243523, 6945.65, 22419.3, 46.0763, 3.99077e+06
0.024391, 6945.65, 22424.7, 46.0763, 3.99078e+06
0.0244297, 6945.66, 22430.2, 46.0763, 3.99078e+06
0.0244683, 6945.66, 22435.6, 46.0763, 3.99079e+06
0.024507, 6945.66, 22441.1, 46.0763, 3.9908e+06
0.0245457, 6945.66, 22446.6, 46.0763, 3.99081e+06
0.0245843, 6945.67, 22452, 46.0763, 3.99082e+06
0.024623, 6945.67, 22457.5, 46.0763, 3.99082e+06
0.0246617, 6945.67, 22463, 46.0763, 3.99083e+06
0.0247003, 6945.67, 22468.5, 46.0763, 3.99084e+06
0.024739, 6945.68, 22474.1, 46.0763, 3.99085e+06
0.0247777, 6945.68, 22479.6, 46.0763, 3.99086e+06
0.0248163, 6945.68, 22485.1, 46.0763, 3.99086e+06
0.024855, 6945.68, 22490.7, 46.0763, 3.99087e+06
0.0248937, 6945.69, 22496.3, 46.0763, 3.99088e+06
0.0249323, 6945.69, 22501.8, 46.0763, 3.99089e+06
0.024971, 6945.69, 22507.4, 46.0763, 3.9909e+06
0.0250097, 6945.69, 22513, 46.0763, 3.9909e+06
0.0250483, 6945.69, 22518.6, 46.0763, 3.99091e+06
0.025087, 6945.7, 22524.2, 46.0763, 3.99092e+06
0.0251257, 6945.7, 22529.8, 46.0763, 3.99093e+06
0.0251644, 6945.7, 22535.5, 46.0763, 3.99094e+06
0.025203, 6945.7, 22541.1, 46.0763, 3.99094e+06
0.0252417, 6945.7, 22546.8, 46.0763, 3.99095e+06
0.0252804, 6945.71, 22552.4, 46.0763, 3.99096e+06
0.025319, 6945.71, 22558.1, 46.0763, 3.99097e+06
0.0253577, 6945.71, 22563.8, 46.0763, 3.99097e+06
0.0253964, 6945.71, 22569.5, 46.0763, 3.99098e+06
0.0254351, 6945.71, 22575.2, 46.0763, 3.99099e+06
0.0254737, 6945.72, 22580.9, 46.0763, 3.99099e+06
0.0255124, 6945.72, 22586.6, 46.0763, 3.991e+06
0.0255511, 6945.72, 22592.4, 46.0763, 3.99101e+06
0.0255897, 6945.72, 22598.1, 46.0763, 3.99101e+06
0.0256284, 6945.72, 22603.9, 46.0763, 3.99102e+06
0.0256671, 6945.73, 22609.6, 46.0763, 3.99102e+06
0.0257058, 6945.73, 22615.4, 46.0763, 3.99103e+06
0.0257445, 6945.73, 22621.2, 46.0763, 3.99103e+06
0.0257831, 6945.73, 22627, 46.0763, 3.99104e+06
0.0258218, 6945.73, 22632.8, 46.0763, 3.99104e+06
0.0258605, 6945.74, 22638.6, 46.0763, 3.99105e+06
0.0258992, 6945.74, 22644.5, 46.0763, 3.99105e+06
0.0259378, 6945.74, 22650.3, 46.0763, 3.99105e+06
0.0259765, 6945.74, 22656.1, 46.0763, 3.99106e+06
0.0260152, 6945.74, 22662, 46.0763, 3.99106e+06
0.0260539, 6945.75, 22667.9, 46.0763, 3.99106e+06
0.0260925, 6945.75, 22673.7, 46.0763, 3.99107e+06
0.0261312, 6945.75, 22679.6, 46.0763, 3.99107e+06
0.0261699, 6945.75, 22685.5, 46.0763, 3.99107e+06
0.0262086, 6945.75, 22691.4, 46.0763, 3.99107e+06
0.0262473, 6945.75, 22697.4, 46.0763, 3.99107e+06
0.0262859, 6945.76, 22703.3, 46.0763, 3.99108e+06
0.0263246, 6945.76, 22709.2, 46.0763, 3.99108e+06
0.0263633, 6945.76, 22715.2, 46.0763, 3.99108e+06
0.026402, 6945.76, 22721.1, 46.0763, 3.99108e+06
0.0264407, 6945.76, 22727.1, 46.0763, 3.99108e+06
0.0264794, 6945.76, 22733.1, 46.0763, 3.99108e+06
0.026518, 6945.77, 22739.1, 46.0763, 3.99108e+06
0.0265567, 6945.77, 22745.1, 46.0763, 3.99108e+06
0.0265954, 6945.77, 22751.1, 46.0763, 3.99108e+06
0.0266341, 6945.77, 22757.1, 46.0763, 3.99108e+06
0.0266728, 6945.77, 22763.2, 46.0763, 3.99108e+06
0.0267115, 6945.77, 22769.2, 46.0763, 3.99108e+06
0.0267501, 6945.77, 22775.3, 46.0763, 3.99108e+06
0.0267888, 6945.78, 22781.3, 46.0763, 3.99108e+06
0.0268275, 6945.78, 22787.4, 46.0763, 3.99108e+06
0.0268662, 6945.78, 22793.5, 46.0763, 3.99108e+06
0.0269049, 6945.78, 22799.6, 46.0763, 3.99108e+06
0.0269436, 6945.78, 22805.7, 46.0763, 3.99108e+06
0.0269823, 6945.78, 22811.8, 46.0763, 3.99108e+06
0.0270209, 6945.78, 22818, 46.0763, 3.99108e+06
0.0270596, 6945.79, 22824.1, 46.0763, 3.99108e+06
0.0270983, 6945.79, 22830.3, 46.0763, 3.99108e+06
0.027137, 6945.79, 22836.4, 46.0763, 3.99108e+06
0.0271757, 6945.79, 22842.6, 46.0763, 3.99108e+06
0.0272144, 6945.79, 22848.8, 46.0763, 3.99108e+06
0.0272531, 6945.79, 22855, 46.0763, 3.99109e+06
0.0272918, 6945.79, 22861.2, 46.0763, 3.99109e+06
0.0273305, 6945.8, 22867.4, 46.0763, 3.99109e+06
0.0273691, 6945.8, 22873.6, 46.0763, 3.99109e+06
0.0274078, 6945.8, 22879.9, 46.0763, 3.99109e+06
0.0274465, 6945.8, 22886.1, 46.0763, 3.99109e+06
0.0274852, 6945.8, 22892.4, 46.0763, 3.99109e+06
0.0275239, 6945.8, 22898.7, 46.0763, 3.99109e+06
0.0275626, 6945.8, 22904.9, 46.0763, 3.9911e+06
0.0276013, 6945.81, 22911.2, 46.0763, 3.9911e+06
0.02764, 6945.81, 22917.5, 46.0763, 3.9911e+06
0.0276787, 6945.81, 22923.9, 46.0763, 3.9911e+06
0.0277174, 6945.81, 22930.2, 46.0763, 3.99111e+06
0.0277561, 6945.81, 22936.5, 46.0763, 3.99111e+06
0.0277948, 6945.81, 22942.9, 46.0763, 3.99111e+06
0.0278334, 6945.81, 22949.2, 46.0763, 3.99111e+06
0.0278721, 6945.82, 22955.6, 46.0763, 3.99112e+06
0.0279108, 6945.82, 22962, 46.0763, 3.99112e+06
0.0279495, 6945.82, 22968.4, 46.0763, 3.99113e+06
0.0279882, 6945.82, 22974.8, 46.0763, 3.99113e+06
0.0280269, 6945.82, 22981.2, 46.0763, 3.99113e+06
0.0280656, 6945.82, 22987.6, 46.0763, 3.99114e+06
0.0281043, 6945.82, 22994, 46.0763, 3.99114e+06
0.028143, 6945.83, 23000.5, 46.0763, 3.99115e+06
0.0281817, 6945.83, 23007, 46.0763, 3.99116e+06
0.0282204, 6945.83, 23013.4, 46.0763, 3.99116e+06
0.0282591, 6945.83, 23019.9, 46.0763, 3.99117e+06
0.0282978, 6945.83, 23026.4, 46.0763, 3.99117e+06
0.0283365, 6945.83, 23032.9, 46.0763, 3.99118e+06
0.0283752, 6945.83, 23039.4, 46.0763, 3.99119e+06
0.0284139, 6945.84, 23045.9, 46.0763, 3.99119e+06
0.0284526, 6945.84, 23052.5, 46.0763, 3.9912e+06
0.0284913, 6945.84, 23059, 46.0763, 3.99121e+06
0.02853, 6945.84, 23065.6, 46.0763, 3.99122e+06
0.0285687, 6945.84, 23072.2, 46.0763, 3.99122e+06
0.0286074, 6945.85, 23078.7, 46.0763, 3.99123e+06
0.0286461, 6945.85, 23085.3, 46.0763, 3.99124e+06
0.0286848, 6945.85, 23091.9, 46.0763, 3.99125e+06
0.0287235, 6945.85, 23098.5, 46.0763, 3.99126e+06
0.0287622, 6945.85, 23105.2, 46.0763, 3.99127e+06
0.0288009, 6945.85, 23111.8, 46.0763, 3.99128e+06
0.0288396, 6945.86, 23118.5, 46.0763, 3.99128e+06
0.0288783, 6945.86, 23125.1, 46.0763, 3.99129e+06
0.028917, 6945.86, 23131.8, 46.0763, 3.9913e+06
0.0289557, 6945.86, 23138.5, 46.0763, 3.99131e+06
0.0289944, 6945.86, 23145.2, 46.0763, 3.99132e+06
0.0290331, 6945.87, 23151.9, 46.0763, 3.99133e+06
0.0290718, 6945.87, 23158.6, 46.0763, 3.99134e+06
0.0291105, 6945.87, 23165.3, 46.0763, 3.99135e+06
0.0291492, 6945.87, 23172, 46.0763, 3.99136e+06
0.0291879, 6945.87, 23178.8, 46.0763, 3.99137e+06
0.0292266, 6945.88, 23185.6, 46.0763, 3.99137e+06
0.0292653, 6945.88, 23192.3, 46.0763, 3.99138e+06
0.029304, 6945.88, 23199.1, 46.0763, 3.99139e+06
0.0293427, 6945.88, 23205.9, 46.0763, 3.9914e+06
0.0293814, 6945.88, 23212.7, 46.0763, 3.99141e+06
0.0294201, 6945.89, 23219.5, 46.0763, 3.99142e+06
0.0294588, 6945.89, 23226.3, 46.0763, 3.99143e+06
0.0294975, 6945.89, 23233.2, 46.0763, 3.99144e+06
0.0295362, 6945.89, 23240, 46.0763, 3.99144e+06
0.0295749, 6945.89, 23246.9, 46.0763, 3.99145e+06
0.0296136, 6945.9, 23253.8, 46.0763, 3.99146e+06
0.0296523, 6945.9, 23260.6, 46.0763, 3.99147e+06
0.029691, 6945.9, 23267.5, 46.0763, 3.99147e+06
0.0297298, 6945.9, 23274.4, 46.0763, 3.99148e+06
0.0297685, 6945.91, 23281.3, 46.0763, 3.99149e+06
0.0298072, 6945.91, 23288.3, 46.0763, 3.9915e+06
0.0298459, 6945.91, 23295.2, 46.0763, 3.9915e+06
0.0298846, 6945.91, 23302.2, 46.0763, 3.99151e+06
0.0299233, 6945.91, 23309.1, 46.0763, 3.99151e+06
0.029962, 6945.92, 23316.1, 46.0763, 3.99152e+06
0.0300007, 6945.92, 23323.1, 46.0763, 3.99153e+06
0.0300394, 6945.92, 23330.1, 46.0763, 3.99153e+06
0.0300781, 6945.92, 23337.1, 46.0763, 3.99154e+06
0.0301168, 6945.93, 23344.1, 46.0763, 3.99154e+06
0.0301555, 6945.93, 23351.1, 46.0763, 3.99155e+06
0.0301942, 6945.93, 23358.1, 46.0763, 3.99155e+06
0.030233, 6945.93, 23365.2, 46.0763, 3.99155e+06
0.0302717, 6945.93, 23372.3, 46.0763, 3.99156e+06
0.0303104, 6945.94, 23379.3, 46.0763, 3.99156e+06
0.0303491, 6945.94, 23386.4, 46.0763, 3.99157e+06
0.0303878, 6945.94, 23393.5, 46.0763, 3.99157e+06
0.0304265, 6945.94, 23400.6, 46.0763, 3.99157e+06
0.0304652, 6945.94, 23407.7, 46.0763, 3.99157e+06
0.0305039, 6945.95, 23414.8, 46.0763, 3.99158e+06
0.0305426, 6945.95, 23422, 46.0763, 3.99158e+06
0.0305814, 6945.95, 23429.1, 46.0763, 3.99158e+06
0.0306201, 6945.95, 23436.3, 46.0763, 3.99158e+06
0.0306588, 6945.96, 23443.5, 46.0763, 3.99158e+06
0.0306975, 6945.96, 23450.6, 46.0763, 3.99158e+06
0.0307362, 6945.96, 23457.8, 46.0763, 3.99158e+06
0.0307749, 6945.96, 23465, 46.0763, 3.99159e+06
0.0308136, 6945.96, 23472.3, 46.0763, 3.99159e+06
0.0308524, 6945.97, 23479.5, 46.0763, 3.99159e+06
0.0308911, 6945.97, 23486.7, 46.0763, 3.99159e+06
0.0309298, 6945.97, 23494, 46.0763, 3.99159e+06
0.0309685, 6945.97, 23501.2, 46.0763, 3.99159e+06
0.0310072, 6945.97, 23508.5, 46.0763, 3.99159e+06
0.0310459, 6945.98, 23515.8, 46.0763, 3.99159e+06
0.0310847, 6945.98, 23523.1, 46.0763, 3.99159e+06
0.0311234, 6945.98, 23530.4, 46.0763, 3.99159e+06
0.0311621, 6945.98, 23537.7, 46.0763, 3.99159e+06
0.0312008, 6945.98, 23545, 46.0763, 3.99158e+06
0.0312395, 6945.98, 23552.4, 46.0763, 3.99158e+06
0.0312782, 6945.99, 23559.7, 46.0763, 3.99158e+06
0.031317, 6945.99, 23567.1, 46.0763, 3.99158e+06
0.0313557, 6945.99, 23574.5, 46.0763, 3.99158e+06
0.0313944, 6945.99, 23581.8, 46.0763, 3.99158e+06
0.0314331, 6945.99, 23589.2, 46.0763, 3.99158e+06
0.0314718, 6946, 23596.6, 46.0763, 3.99158e+06
0.0315106, 6946, 23604.1, 46.0763, 3.99158e+06
0.0315493, 6946, 23611.5, 46.0763, 3.99158e+06
0.031588, 6946, 23618.9, 46.0763, 3.99158e+06
0.0316267, 6946, 23626.4, 46.0763, 3.99158e+06
0.0316654, 6946, 23633.9, 46.0763, 3.99158e+06
0.0317042, 6946.01, 23641.3, 46.0763, 3.99158e+06
0.0317429, 6946.01, 23648.8, 46.0763, 3.99158e+06
0.0317816, 6946.01, 23656.3, 46.0763, 3.99158e+06
0.0318203, 6946.01, 23663.8, 46.0763, 3.99158e+06
0.0318591, 6946.01, 23671.4, 46.0763, 3.99158e+06
0.0318978, 6946.01, 23678.9, 46.0763, 3.99158e+06
0.0319365, 6946.02, 23686.5, 46.0763, 3.99158e+06
0.0319752, 6946.02, 23694, 46.0763, 3.99158e+06
0.032014, 6946.02, 23701.6, 46.0763, 3.99158e+06
0.0320527, 6946.02, 23709.2, 46.0763, 3.99158e+06
0.0320914, 6946.02, 23716.8, 46.0763, 3.99158e+06
0.0321301, 6946.02, 23724.4, 46.0763, 3.99158e+06
0.0321689, 6946.03, 23732, 46.0763, 3.99158e+06
0.0322076, 6946.03, 23739.6, 46.0763, 3.99158e+06
0.0322463, 6946.03, 23747.3, 46.0763, 3.99159e+06
0.032285, 6946.03, 23754.9, 46.0763, 3.99159e+06
0.0323238, 6946.03, 23762.6, 46.0763, 3.99159e+06
0.0323625, 6946.03, 23770.3, 46.0763, 3.99159e+06
0.0324012, 6946.04, 23778, 46.0763, 3.99159e+06
0.0324399, 6946.04, 23785.7, 46.0763, 3.9916e+06
0.0324787, 6946.04, 23793.4, 46.0763, 3.9916e+06
0.0325174, 6946.04, 23801.1, 46.0763, 3.9916e+06
0.0325561, 6946.04, 23808.8, 46.0763, 3.99161e+06
0.0325949, 6946.04, 23816.6, 46.0763, 3.99161e+06
0.0326336, 6946.04, 23824.4, 46.0763, 3.99162e+06
0.0326723, 6946.05, 23832.1, 46.0763, 3.99162e+06
0.0327111, 6946.05, 23839.9, 46.0763, 3.99162e+06
0.0327498, 6946.05, 23847.7, 46.0763, 3.99163e+06
0.0327885, 6946.05, 23855.5, 46.0763, 3.99163e+06
0.0328273, 6946.05, 23863.3, 46.0763, 3.99164e+06
0.032866, 6946.05, 23871.2, 46.0763, 3.99164e+06
0.0329047, 6946.06, 23879, 46.0763, 3.99165e+06
0.0329434, 6946.06, 23886.9, 46.0763, 3.99165e+06
0.0329822, 6946.06, 23894.8, 46.0763, 3.99166e+06
0.0330209, 6946.06, 23902.7, 46.0763, 3.99166e+06
0.0330596, 6946.06, 23910.5, 46.0763, 3.99167e+06
0.0330984, 6946.06, 23918.5, 46.0763, 3.99168e+06
0.0331371, 6946.06, 23926.4, 46.0763, 3.99168e+06
0.0331758, 6946.07, 23934.3, 46.0763, 3.99169e+06
0.0332146, 6946.07, 23942.3, 46.0763, 3.99169e+06
0.0332533, 6946.07, 23950.2, 46.0763, 3.9917e+06
0.033292, 6946.07, 23958.2, 46.0763, 3.99171e+06
0.0333308, 6946.07, 23966.2, 46.0763, 3.99171e+06
0.0333695, 6946.07, 23974.2, 46.0763, 3.99172e+06
0.0334083, 6946.08, 23982.2, 46.0763, 3.99173e+06
0.033447, 6946.08, 23990.2, 46.0763, 3.99173e+06
0.0334857, 6946.08, 23998.2, 46.0763, 3.99174e+06
0.0335245, 6946.08, 24006.3, 46.0763, 3.99175e+06
0.0335632, 6946.08, 24014.3, 46.0763, 3.99175e+06
0.0336019, 6946.08, 24022.4, 46.0763, 3.99176e+06
0.0336407, 6946.09, 24030.5, 46.0763, 3.99177e+06
0.0336794, 6946.09, 24038.6, 46.0763, 3.99178e+06
0.0337181, 6946.09, 24046.7, 46.0763, 3.99178e+06
0.0337569, 6946.09, 24054.8, 46.0763, 3.99179e+06
0.0337956, 6946.09, 24062.9, 46.0763, 3.9918e+06
0.0338344, 6946.1, 24071.1, 46.0763, 3.9918e+06
0.0338731, 6946.1, 24079.2, 46.0763, 3.99181e+06
0.0339118, 6946.1, 24087.4, 46.0763, 3.99182e+06
0.0339506, 6946.1, 24095.6, 46.0763, 3.99182e+06
0.0339893, 6946.1, 24103.8, 46.0763, 3.99183e+06
0.034028, 6946.11, 24112, 46.0763, 3.99184e+06
0.0340668, 6946.11, 24120.2, 46.0763, 3.99184e+06
0.0341055, 6946.11, 24128.4, 46.0763, 3.99185e+06
0.0341443, 6946.11, 24136.7, 46.0763, 3.99185e+06
0.034183, 6946.11, 24144.9, 46.0763, 3.99186e+06
0.0342217, 6946.12, 24153.2, 46.0763, 3.99187e+06
0.0342605, 6946.12, 24161.5, 46.0763, 3.99187e+06
0.0342992, 6946.12, 24169.7, 46.0763, 3.99188e+06
0.034338, 6946.12, 24178, 46.0763, 3.99189e+06
0.0343767, 6946.13, 24186.4, 46.0763, 3.99189e+06
0.0344154, 6946.13, 24194.7, 46.0763, 3.9919e+06
0.0344542, 6946.13, 24203, 46.0763, 3.9919e+06
0.0344929, 6946.13, 24211.4, 46.0763, 3.99191e+06
0.0345317, 6946.13, 24219.7, 46.0763, 3.99191e+06
0.0345704, 6946.14, 24228.1, 46.0763, 3.99192e+06
0.0346091, 6946.14, 24236.5, 46.0763, 3.99193e+06
0.0346479, 6946.14, 24244.9, 46.0763, 3.99193e+06
0.0346866, 6946.14, 24253.3, 46.0763, 3.99194e+06
0.0347254, 6946.15, 24261.8, 46.0763, 3.99194e+06
0.0347641, 6946.15, 24270.2, 46.0763, 3.99195e+06
0.0348029, 6946.15, 24278.6, 46.0763, 3.99195e+06
0.0348416, 6946.15, 24287.1, 46.0763, 3.99196e+06
0.0348803, 6946.16, 24295.6, 46.0763, 3.99196e+06
0.0349191, 6946.16, 24304.1, 46.0763, 3.99197e+06
0.0349578, 6946.16, 24312.6, 46.0763, 3.99197e+06
0.0349966, 6946.16, 24321.1, 46.0763, 3.99198e+06
0.0350353, 6946.16, 24329.6, 46.0763, 3.99198e+06
0.0350741, 6946.17, 24338.1, 46.0763, 3.99199e+06
0.0351128, 6946.17, 24346.7, 46.0763, 3.99199e+06
0.0351515, 6946.17, 24355.2, 46.0763, 3.99199e+06
0.0351903, 6946.17, 24363.8, 46.0763, 3.992e+06
0.035229, 6946.18, 24372.4, 46.0763, 3.992e+06
0.0352678, 6946.18, 24381, 46.0763, 3.99201e+06
0.0353065, 6946.18, 24389.6, 46.0763, 3.99201e+06
0.0353453, 6946.18, 24398.2, 46.0763, 3.99202e+06
0.035384, 6946.19, 24406.9, 46.0763, 3.99202e+06
0.0354228, 6946.19, 24415.5, 46.0763, 3.99203e+06
0.0354615, 6946.19, 24424.2, 46.0763, 3.99203e+06
0.0355003, 6946.19, 24432.8, 46.0763, 3.99203e+06
0.035539, 6946.2, 24441.5, 46.0763, 3.99204e+06
0.0355778, 6946.2, 24450.2, 46.0763, 3.99204e+06
0.0356165, 6946.2, 24458.9, 46.0763, 3.99205e+06
0.0356553, 6946.2, 24467.6, 46.0763, 3.99205e+06
0.035694, 6946.2, 24476.4, 46.0763, 3.99205e+06
0.0357328, 6946.21, 24485.1, 46.0763, 3.99206e+06
0.0357715, 6946.21, 24493.9, 46.0763, 3.99206e+06
0.0358103, 6946.21, 24502.6, 46.0763, 3.99207e+06
0.035849, 6946.21, 24511.4, 46.0763, 3.99207e+06
0.0358878, 6946.22, 24520.2, 46.0763, 3.99207e+06
0.0359265, 6946.22, 24529, 46.0763, 3.99208e+06
0.0359653, 6946.22, 24537.8, 46.0763, 3.99208e+06
0.036004, 6946.22, 24546.7, 46.0763, 3.99209e+06
0.0360428, 6946.22, 24555.5, 46.0763, 3.99209e+06
0.0360815, 6946.23, 24564.4, 46.0763, 3.99209e+06
0.0361203, 6946.23, 24573.2, 46.0763, 3.9921e+06
0.036159, 6946.23, 24582.1, 46.0763, 3.9921e+06
0.0361978, 6946.23, 24591, 46.0763, 3.99211e+06
0.0362365, 6946.23, 24599.9, 46.0763, 3.99211e+06
0.0362753, 6946.24, 24608.8, 46.0763, 3.99211e+06
0.036314, 6946.24, 24617.8, 46.0763, 3.99212e+06
0.0363528, 6946.24, 24626.7, 46.0763, 3.99212e+06
0.0363915, 6946.24, 24635.7, 46.0763, 3.99212e+06
0.0364303, 6946.24, 24644.6, 46.0763, 3.99213e+06
0.036469, 6946.25, 24653.6, 46.0763, 3.99213e+06
0.0365078, 6946.25, 24662.6, 46.0763, 3.99213e+06
0.0365465, 6946.25, 24671.6, 46.0763, 3.99214e+06
0.0365853, 6946.25, 24680.6, 46.0763, 3.99214e+06
0.0366241, 6946.25, 24689.7, 46.0763, 3.99214e+06
0.0366628, 6946.25, 24698.7, 46.0763, 3.99215e+06
0.0367016, 6946.26, 24707.8, 46.0763, 3.99215e+06
0.0367403, 6946.26, 24716.8, 46.0763, 3.99215e+06
0.0367791, 6946.26, 24725.9, 46.0763, 3.99215e+06
0.0368178, 6946.26, 24735, 46.0763, 3.99216e+06
0.0368566, 6946.26, 24744.1, 46.0763, 3.99216e+06
0.0368954, 6946.26, 24753.2, 46.0763, 3.99216e+06
0.0369341, 6946.27, 24762.4, 46.0763, 3.99216e+06
0.0369729, 6946.27, 24771.5, 46.0763, 3.99217e+06
0.0370116, 6946.27, 24780.7, 46.0763, 3.99217e+06
0.0370504, 6946.27, 24789.8, 46.0763, 3.99217e+06
0.0370891, 6946.27, 24799, 46.0763, 3.99217e+06
0.0371279, 6946.27, 24808.2, 46.0763, 3.99217e+06
0.0371667, 6946.28, 24817.4, 46.0763, 3.99218e+06
0.0372054, 6946.28, 24826.7, 46.0763, 3.99218e+06
0.0372442, 6946.28, 24835.9, 46.0763, 3.99218e+06
0.0372829, 6946.28, 24845.2, 46.0763, 3.99218e+06
0.0373217, 6946.28, 24854.4, 46.0763, 3.99218e+06
0.0373605, 6946.28, 24863.7, 46.0763, 3.99218e+06
0.0373992, 6946.29, 24873, 46.0763, 3.99218e+06
0.037438, 6946.29, 24882.3, 46.0763, 3.99218e+06
0.0374768, 6946.29, 24891.6, 46.0763, 3.99218e+06
0.0375155, 6946.29, 24900.9, 46.0763, 3.99218e+06
0.0375543, 6946.29, 24910.3, 46.0763, 3.99218e+06
0.037593, 6946.29, 24919.6, 46.0763, 3.99218e+06
0.0376318, 6946.29, 24929, 46.0763, 3.99219e+06
0.0376706, 6946.3, 24938.4, 46.0763, 3.99219e+06
0.0377093, 6946.3, 24947.8, 46.0763, 3.99219e+06
0.0377481, 6946.3, 24957.2, 46.0763, 3.99219e+06
0.0377869, 6946.3, 24966.6, 46.0763, 3.99219e+06
0.0378256, 6946.3, 24976, 46.0763, 3.99219e+06
0.0378644, 6946.3, 24985.5, 46.0763, 3.99218e+06
0.0379032, 6946.3, 24994.9, 46.0763, 3.99218e+06
0.0379419, 6946.31, 25004.4, 46.0763, 3.99218e+06
0.0379807, 6946.31, 25013.9, 46.0763, 3.99218e+06
0.0380195, 6946.31, 25023.4, 46.0763, 3.99218e+06
0.0380582, 6946.31, 25032.9, 46.0763, 3.99218e+06
0.038097, 6946.31, 25042.5, 46.0763, 3.99218e+06
0.0381357, 6946.31, 25052, 46.0763, 3.99218e+06
0.0381745, 6946.31, 25061.5, 46.0763, 3.99218e+06
0.0382133, 6946.32, 25071.1, 46.0763, 3.99218e+06
0.038252, 6946.32, 25080.7, 46.0763, 3.99218e+06
0.0382908, 6946.32, 25090.3, 46.0763, 3.99218e+06
0.0383296, 6946.32, 25099.9, 46.0763, 3.99218e+06
0.0383683, 6946.32, 25109.5, 46.0763, 3.99218e+06
0.0384071, 6946.32, 25119.2, 46.0763, 3.99218e+06
0.0384459, 6946.32, 25128.8, 46.0763, 3.99218e+06
0.0384847, 6946.32, 25138.5, 46.0763, 3.99218e+06
0.0385234, 6946.33, 25148.2, 46.0763, 3.99218e+06
0.0385622, 6946.33, 25157.8, 46.0763, 3.99218e+06
0.038601, 6946.33, 25167.5, 46.0763, 3.99218e+06
0.0386397, 6946.33, 25177.3, 46.0763, 3.99218e+06
0.0386785, 6946.33, 25187, 46.0763, 3.99218e+06
0.0387173, 6946.33, 25196.7, 46.0763, 3.99218e+06
0.038756, 6946.33, 25206.5, 46.0763, 3.99218e+06
0.0387948, 6946.34, 25216.3, 46.0763, 3.99218e+06
0.0388336, 6946.34, 25226.1, 46.0763, 3.99218e+06
0.0388723, 6946.34, 25235.9, 46.0763, 3.99218e+06
0.0389111, 6946.34, 25245.7, 46.0763, 3.99219e+06
0.0389499, 6946.34, 25255.5, 46.0763, 3.99219e+06
0.0389887, 6946.34, 25265.3, 46.0763, 3.99219e+06
0.0390274, 6946.35, 25275.2, 46.0763, 3.99219e+06
0.0390662, 6946.35, 25285.1, 46.0763, 3.99219e+06
0.039105, 6946.35, 25294.9, 46.0763, 3.9922e+06
0.0391437, 6946.35, 25304.8, 46.0763, 3.9922e+06
0.0391825, 6946.35, 25314.7, 46.0763, 3.9922e+06
0.0392213, 6946.35, 25324.7, 46.0763, 3.9922e+06
0.03926, 6946.35, 25334.6, 46.0763, 3.99221e+06
0.0392988, 6946.36, 25344.5, 46.0763, 3.99221e+06
0.0393376, 6946.36, 25354.5, 46.0763, 3.99221e+06
0.0393764, 6946.36, 25364.5, 46.0763, 3.99222e+06
0.0394151, 6946.36, 25374.5, 46.0763, 3.99222e+06
0.0394539, 6946.36, 25384.5, 46.0763, 3.99223e+06
0.0394927, 6946.36, 25394.5, 46.0763, 3.99223e+06
0.0395315, 6946.37, 25404.5, 46.0763, 3.99224e+06
0.0395702, 6946.37, 25414.6, 46.0763, 3.99224e+06
0.039609, 6946.37, 25424.6, 46.0763, 3.99225e+06
0.0396478, 6946.37, 25434.7, 46.0763, 3.99225e+06
0.0396865, 6946.37, 25444.8, 46.0763, 3.99226e+06
0.0397253, 6946.37, 25454.9, 46.0763, 3.99226e+06
0.0397641, 6946.38, 25465, 46.0763, 3.99227e+06
0.0398029, 6946.38, 25475.1, 46.0763, 3.99228e+06
0.0398416, 6946.38, 25485.2, 46.0763, 3.99228e+06
0.0398804, 6946.38, 25495.4, 46.0763, 3.99229e+06
0.0399192, 6946.38, 25505.6, 46.0763, 3.9923e+06
0.039958, 6946.38, 25515.7, 46.0763, 3.9923e+06
0.0399967, 6946.39, 25525.9, 46.0763, 3.99231e+06
0.0400355, 6946.39, 25536.1, 46.0763, 3.99232e+06
0.0400743, 6946.39, 25546.4, 46.0763, 3.99233e+06
0.0401131, 6946.39, 25556.6, 46.0763, 3.99233e+06
0.0401518, 6946.39, 25566.8, 46.0763, 3.99234e+06
0.0401906, 6946.39, 25577.1, 46.0763, 3.99235e+06
0.0402294, 6946.4, 25587.4, 46.0763, 3.99236e+06
0.0402682, 6946.4, 25597.7, 46.0763, 3.99237e+06
0.0403069, 6946.4, 25608, 46.0763, 3.99238e+06
0.0403457, 6946.4, 25618.3, 46.0763, 3.99239e+06
0.0403845, 6946.4, 25628.6, 46.0763, 3.99239e+06
0.0404233, 6946.4, 25639, 46.0763, 3.9924e+06
0.040462, 6946.41, 25649.3, 46.0763, 3.99241e+06
0.0405008, 6946.41, 25659.7, 46.0763, 3.99242e+06
0.0405396, 6946.41, 25670.1, 46.0763, 3.99243e+06
0.0405784, 6946.41, 25680.5, 46.0763, 3.99244e+06
0.0406172, 6946.41, 25690.9, 46.0763, 3.99245e+06
0.0406559, 6946.42, 25701.3, 46.0763, 3.99246e+06
0.0406947, 6946.42, 25711.7, 46.0763, 3.99247e+06
0.0407335, 6946.42, 25722.2, 46.0763, 3.99248e+06
0.0407723, 6946.42, 25732.7, 46.0763, 3.99249e+06
0.040811, 6946.42, 25743.1, 46.0763, 3.9925e+06
0.0408498, 6946.42, 25753.6, 46.0763, 3.99251e+06
0.0408886, 6946.43, 25764.1, 46.0763, 3.99252e+06
0.0409274, 6946.43, 25774.7, 46.0763, 3.99253e+06
0.0409662, 6946.43, 25785.2, 46.0763, 3.99253e+06
0.0410049, 6946.43, 25795.7, 46.0763, 3.99254e+06
0.0410437, 6946.43, 25806.3, 46.0763, 3.99255e+06
0.0410825, 6946.43, 25816.9, 46.0763, 3.99256e+06
0.0411213, 6946.44, 25827.5, 46.0763, 3.99257e+06
0.0411601, 6946.44, 25838.1, 46.0763, 3.99258e+06
0.0411988, 6946.44, 25848.7, 46.0763, 3.99259e+06
0.0412376, 6946.44, 25859.3, 46.0763, 3.9926e+06
0.0412764, 6946.44, 25870, 46.0763, 3.99261e+06
0.0413152, 6946.45, 25880.6, 46.0763, 3.99261e+06
0.041354, 6946.45, 25891.3, 46.0763, 3.99262e+06
0.0413928, 6946.45, 25902, 46.0763, 3.99263e+06
0.0414315, 6946.45, 25912.7, 46.0763, 3.99264e+06
0.0414703, 6946.45, 25923.4, 46.0763, 3.99264e+06
0.0415091, 6946.45, 25934.1, 46.0763, 3.99265e+06
0.0415479, 6946.46, 25944.9, 46.0763, 3.99266e+06
0.0415867, 6946.46, 25955.6, 46.0763, 3.99266e+06
0.0416254, 6946.46, 25966.4, 46.0763, 3.99267e+06
0.0416642, 6946.46, 25977.2, 46.0763, 3.99268e+06
0.041703, 6946.46, 25988, 46.0763, 3.99268e+06
0.0417418, 6946.47, 25998.8, 46.0763, 3.99269e+06
0.0417806, 6946.47, 26009.6, 46.0763, 3.99269e+06
0.0418194, 6946.47, 26020.4, 46.0763, 3.9927e+06
0.0418581, 6946.47, 26031.3, 46.0763, 3.9927e+06
0.0418969, 6946.47, 26042.2, 46.0763, 3.99271e+06
0.0419357, 6946.48, 26053, 46.0763, 3.99271e+06
0.0419745, 6946.48, 26063.9, 46.0763, 3.99271e+06
0.0420133, 6946.48, 26074.9, 46.0763, 3.99272e+06
0.0420521, 6946.48, 26085.8, 46.0763, 3.99272e+06
0.0420909, 6946.48, 26096.7, 46.0763, 3.99272e+06
0.0421296, 6946.48, 26107.7, 46.0763, 3.99272e+06
0.0421684, 6946.49, 26118.6, 46.0763, 3.99272e+06
0.0422072, 6946.49, 26129.6, 46.0763, 3.99272e+06
0.042246, 6946.49, 26140.6, 46.0763, 3.99272e+06
0.0422848, 6946.49, 26151.6, 46.0763, 3.99272e+06
0.0423236, 6946.49, 26162.6, 46.0763, 3.99272e+06
0.0423624, 6946.5, 26173.7, 46.0763, 3.99272e+06
0.0424011, 6946.5, 26184.7, 46.0763, 3.99272e+06
0.0424399, 6946.5, 26195.8, 46.0763, 3.99272e+06
0.0424787, 6946.5, 26206.9, 46.0763, 3.99272e+06
0.0425175, 6946.5, 26218, 46.0763, 3.99272e+06
0.0425563, 6946.5, 26229.1, 46.0763, 3.99272e+06
0.0425951, 6946.51, 26240.2, 46.0763, 3.99271e+06
0.0426339, 6946.51, 26251.4, 46.0763, 3.99271e+06
0.0426727, 6946.51, 26262.5, 46.0763, 3.99271e+06
0.0427114, 6946.51, 26273.7, 46.0763, 3.9927e+06
0.0427502, 6946.51, 26284.9, 46.0763, 3.9927e+06
0.042789, 6946.52, 26296.1, 46.0763, 3.9927e+06
0.0428278, 6946.52, 26307.3, 46.0763, 3.99269e+06
0.0428666, 6946.52, 26318.5, 46.0763, 3.99269e+06
0.0429054, 6946.52, 26329.7, 46.0763, 3.99268e+06
0.0429442, 6946.52, 26341, 46.0763, 3.99268e+06
0.042983, 6946.53, 26352.3, 46.0763, 3.99267e+06
0.0430218, 6946.53, 26363.6, 46.0763, 3.99267e+06
0.0430605, 6946.53, 26374.9, 46.0763, 3.99266e+06
0.0430993, 6946.53, 26386.2, 46.0763, 3.99265e+06
0.0431381, 6946.53, 26397.5, 46.0763, 3.99265e+06
0.0431769, 6946.53, 26408.9, 46.0763, 3.99264e+06
0.0432157, 6946.54, 26420.2, 46.0763, 3.99263e+06
0.0432545, 6946.54, 26431.6, 46.0763, 3.99263e+06
0.0432933, 6946.54, 26443, 46.0763, 3.99262e+06
0.0433321, 6946.54, 26454.4, 46.0763, 3.99261e+06
0.0433709, 6946.54, 26465.8, 46.0763, 3.99261e+06
0.0434097, 6946.55, 26477.2, 46.0763, 3.9926e+06
0.0434485, 6946.55, 26488.7, 46.0763, 3.99259e+06
0.0434872, 6946.55, 26500.1, 46.0763, 3.99259e+06
0.043526, 6946.55, 26511.6, 46.0763, 3.99258e+06
0.0435648, 6946.55, 26523.1, 46.0763, 3.99257e+06
0.0436036, 6946.55, 26534.6, 46.0763, 3.99257e+06
0.0436424, 6946.56, 26546.1, 46.0763, 3.99256e+06
0.0436812, 6946.56, 26557.7, 46.0763, 3.99255e+06
0.04372, 6946.56, 26569.2, 46.0763, 3.99255e+06
0.0437588, 6946.56, 26580.8, 46.0763, 3.99254e+06
0.0437976, 6946.56, 26592.4, 46.0763, 3.99253e+06
0.0438364, 6946.57, 26604, 46.0763, 3.99253e+06
0.0438752, 6946.57, 26615.6, 46.0763, 3.99252e+06
0.043914, 6946.57, 26627.2, 46.0763, 3.99252e+06
0.0439528, 6946.57, 26638.9, 46.0763, 3.99251e+06
0.0439915, 6946.57, 26650.5, 46.0763, 3.99251e+06
0.0440303, 6946.57, 26662.2, 46.0763, 3.9925e+06
0.0440691, 6946.58, 26673.9, 46.0763, 3.9925e+06
0.0441079, 6946.58, 26685.6, 46.0763, 3.99249e+06
0.0441467, 6946.58, 26697.3, 46.0763, 3.99249e+06
0.0441855, 6946.58, 26709, 46.0763, 3.99249e+06
0.0442243, 6946.58, 26720.8, 46.0763, 3.99248e+06
0.0442631, 6946.58, 26732.5, 46.0763, 3.99248e+06
0.0443019, 6946.59, 26744.3, 46.0763, 3.99248e+06
0.0443407, 6946.59, 26756.1, 46.0763, 3.99248e+06
0.0443795, 6946.59, 26767.9, 46.0763, 3.99248e+06
0.0444183, 6946.59, 26779.7, 46.0763, 3.99248e+06
0.0444571, 6946.59, 26791.6, 46.0763, 3.99248e+06
0.0444959, 6946.59, 26803.4, 46.0763, 3.99248e+06
0.0445347, 6946.59, 26815.3, 46.0763, 3.99248e+06
0.0445735, 6946.6, 26827.2, 46.0763, 3.99248e+06
0.0446123, 6946.6, 26839.1, 46.0763, 3.99248e+06
0.0446511, 6946.6, 26851, 46.0763, 3.99248e+06
0.0446899, 6946.6, 26862.9, 46.0763, 3.99249e+06
0.0447287, 6946.6, 26874.8, 46.0763, 3.99249e+06
0.0447675, 6946.6, 26886.8, 46.0763, 3.99249e+06
0.0448062, 6946.61, 26898.8, 46.0763, 3.9925e+06
0.044845, 6946.61, 26910.7, 46.0763, 3.9925e+06
0.0448838, 6946.61, 26922.7, 46.0763, 3.99251e+06
0.0449226, 6946.61, 26934.8, 46.0763, 3.99251e+06
0.0449614, 6946.61, 26946.8, 46.0763, 3.99252e+06
0.0450002, 6946.61, 26958.8, 46.0763, 3.99252e+06
0.045039, 6946.61, 26970.9, 46.0763, 3.99253e+06
0.0450778, 6946.62, 26983, 46.0763, 3.99254e+06
0.0451166, 6946.62, 26995.1, 46.0763, 3.99255e+06
0.0451554, 6946.62, 27007.2, 46.0763, 3.99255e+06
0.0451942, 6946.62, 27019.3, 46.0763, 3.99256e+06
0.045233, 6946.62, 27031.4, 46.0763, 3.99257e+06
0.0452718, 6946.62, 27043.6, 46.0763, 3.99258e+06
0.0453106, 6946.62, 27055.7, 46.0763, 3.99259e+06
0.0453494, 6946.63, 27067.9, 46.0763, 3.9926e+06
0.0453882, 6946.63, 27080.1, 46.0763, 3.99261e+06
0.045427, 6946.63, 27092.3, 46.0763, 3.99262e+06
0.0454658, 6946.63, 27104.5, 46.0763, 3.99263e+06
0.0455046, 6946.63, 27116.8, 46.0763, 3.99264e+06
0.0455434, 6946.63, 27129, 46.0763, 3.99265e+06
0.0455822, 6946.63, 27141.3, 46.0763, 3.99266e+06
0.045621, 6946.64, 27153.6, 46.0763, 3.99267e+06
0.0456598, 6946.64, 27165.9, 46.0763, 3.99268e+06
0.0456986, 6946.64, 27178.2, 46.0763, 3.99269e+06
0.0457374, 6946.64, 27190.5, 46.0763, 3.9927e+06
0.0457762, 6946.64, 27202.9, 46.0763, 3.99271e+06
0.045815, 6946.64, 27215.2, 46.0763, 3.99272e+06
0.0458538, 6946.64, 27227.6, 46.0763, 3.99273e+06
0.0458926, 6946.64, 27240, 46.0763, 3.99274e+06
0.0459314, 6946.65, 27252.4, 46.0763, 3.99276e+06
0.0459702, 6946.65, 27264.8, 46.0763, 3.99277e+06
0.046009, 6946.65, 27277.3, 46.0763, 3.99278e+06
0.0460478, 6946.65, 27289.7, 46.0763, 3.99279e+06
0.0460866, 6946.65, 27302.2, 46.0763, 3.9928e+06
0.0461254, 6946.65, 27314.7, 46.0763, 3.99281e+06
0.0461642, 6946.65, 27327.1, 46.0763, 3.99282e+06
0.046203, 6946.66, 27339.7, 46.0763, 3.99283e+06
0.0462418, 6946.66, 27352.2, 46.0763, 3.99284e+06
0.0462806, 6946.66, 27364.7, 46.0763, 3.99285e+06
0.0463194, 6946.66, 27377.3, 46.0763, 3.99285e+06
0.0463582, 6946.66, 27389.8, 46.0763, 3.99286e+06
0.046397, 6946.66, 27402.4, 46.0763, 3.99287e+06
0.0464358, 6946.66, 27415, 46.0763, 3.99288e+06
0.0464746, 6946.66, 27427.6, 46.0763, 3.99289e+06
0.0465134, 6946.67, 27440.3, 46.0763, 3.99289e+06
0.0465522, 6946.67, 27452.9, 46.0763, 3.9929e+06
0.046591, 6946.67, 27465.6, 46.0763, 3.99291e+06
0.0466298, 6946.67, 27478.3, 46.0763, 3.99291e+06
0.0466686, 6946.67, 27491, 46.0763, 3.99292e+06
0.0467074, 6946.67, 27503.7, 46.0763, 3.99293e+06
0.0467462, 6946.67, 27516.4, 46.0763, 3.99293e+06
0.046785, 6946.68, 27529.1, 46.0763, 3.99294e+06
0.0468238, 6946.68, 27541.9, 46.0763, 3.99294e+06
0.0468626, 6946.68, 27554.6, 46.0763, 3.99294e+06
0.0469014, 6946.68, 27567.4, 46.0763, 3.99295e+06
0.0469402, 6946.68, 27580.2, 46.0763, 3.99295e+06
0.046979, 6946.68, 27593, 46.0763, 3.99295e+06
0.0470178, 6946.68, 27605.9, 46.0763, 3.99295e+06
0.0470566, 6946.69, 27618.7, 46.0763, 3.99295e+06
0.0470954, 6946.69, 27631.6, 46.0763, 3.99296e+06
0.0471342, 6946.69, 27644.5, 46.0763, 3.99296e+06
0.047173, 6946.69, 27657.4, 46.0763, 3.99296e+06
0.0472118, 6946.69, 27670.3, 46.0763, 3.99296e+06
0.0472506, 6946.69, 27683.2, 46.0763, 3.99296e+06
0.0472894, 6946.69, 27696.1, 46.0763, 3.99296e+06
0.0473282, 6946.69, 27709.1, 46.0763, 3.99296e+06
0.047367, 6946.7, 27722.1, 46.0763, 3.99295e+06
0.0474058, 6946.7, 27735, 46.0763, 3.99295e+06
0.0474446, 6946.7, 27748, 46.0763, 3.99295e+06
0.0474834, 6946.7, 27761.1, 46.0763, 3.99295e+06
0.0475222, 6946.7, 27774.1, 46.0763, 3.99295e+06
0.047561, 6946.7, 27787.2, 46.0763, 3.99294e+06
0.0475998, 6946.7, 27800.2, 46.0763, 3.99294e+06
0.0476386, 6946.71, 27813.3, 46.0763, 3.99294e+06
0.0476774, 6946.71, 27826.4, 46.0763, 3.99293e+06
0.0477162, 6946.71, 27839.5, 46.0763, 3.99293e+06
0.047755, 6946.71, 27852.6, 46.0763, 3.99292e+06
0.0477938, 6946.71, 27865.8, 46.0763, 3.99292e+06
0.0478326, 6946.71, 27879, 46.0763, 3.99291e+06
0.0478714, 6946.71, 27892.1, 46.0763, 3.99291e+06
0.0479102, 6946.71, 27905.3, 46.0763, 3.9929e+06
0.047949, 6946.72, 27918.5, 46.0763, 3.9929e+06
0.0479878, 6946.72, 27931.8, 46.0763, 3.99289e+06
0.0480266, 6946.72, 27945, 46.0763, 3.99289e+06
0.0480654, 6946.72, 27958.3, 46.0763, 3.99288e+06
0.0481042, 6946.72, 27971.5, 46.0763, 3.99288e+06
0.048143, 6946.72, 27984.8, 46.0763, 3.99287e+06
0.0481818, 6946.72, 27998.1, 46.0763, 3.99287e+06
0.0482206, 6946.73, 28011.5, 46.0763, 3.99286e+06
0.0482594, 6946.73, 28024.8, 46.0763, 3.99286e+06
0.0482982, 6946.73, 28038.2, 46.0763, 3.99285e+06
0.048337, 6946.73, 28051.5, 46.0763, 3.99285e+06
0.0483758, 6946.73, 28064.9, 46.0763, 3.99284e+06
0.0484147, 6946.73, 28078.3, 46.0763, 3.99284e+06
0.0484535, 6946.73, 28091.8, 46.0763, 3.99283e+06
0.0484923, 6946.73, 28105.2, 46.0763, 3.99283e+06
0.0485311, 6946.74, 28118.6, 46.0763, 3.99282e+06
0.0485699, 6946.74, 28132.1, 46.0763, 3.99282e+06
0.0486087, 6946.74, 28145.6, 46.0763, 3.99282e+06
0.0486475, 6946.74, 28159.1, 46.0763, 3.99281e+06
0.0486863, 6946.74, 28172.6, 46.0763, 3.99281e+06
0.0487251, 6946.74, 28186.2, 46.0763, 3.9928e+06
0.0487639, 6946.74, 28199.7, 46.0763, 3.9928e+06
0.0488027, 6946.74, 28213.3, 46.0763, 3.9928e+06
0.0488415, 6946.75, 28226.9, 46.0763, 3.9928e+06
0.0488803, 6946.75, 28240.5, 46.0763, 3.99279e+06
0.0489191, 6946.75, 28254.1, 46.0763, 3.99279e+06
0.0489579, 6946.75, 28267.7, 46.0763, 3.99279e+06
0.0489967, 6946.75, 28281.4, 46.0763, 3.99279e+06
0.0490356, 6946.75, 28295, 46.0763, 3.99278e+06
0.0490744, 6946.75, 28308.7, 46.0763, 3.99278e+06
0.0491132, 6946.75, 28322.4, 46.0763, 3.99278e+06
0.049152, 6946.75, 28336.1, 46.0763, 3.99278e+06
0.0491908, 6946.76, 28349.9, 46.0763, 3.99278e+06
0.0492296, 6946.76, 28363.6, 46.0763, 3.99278e+06
0.0492684, 6946.76, 28377.4, 46.0763, 3.99278e+06
0.0493072, 6946.76, 28391.1, 46.0763, 3.99278e+06
0.049346, 6946.76, 28404.9, 46.0763, 3.99278e+06
0.0493848, 6946.76, 28418.7, 46.0763, 3.99278e+06
0.0494236, 6946.76, 28432.6, 46.0763, 3.99278e+06
0.0494624, 6946.76, 28446.4, 46.0763, 3.99278e+06
0.0495012, 6946.76, 28460.3, 46.0763, 3.99278e+06
0.04954, 6946.76, 28474.2, 46.0763, 3.99278e+06
0.0495789, 6946.77, 28488, 46.0763, 3.99279e+06
0.0496177, 6946.77, 28502, 46.0763, 3.99279e+06
0.0496565, 6946.77, 28515.9, 46.0763, 3.99279e+06
0.0496953, 6946.77, 28529.8, 46.0763, 3.99279e+06
0.0497341, 6946.77, 28543.8, 46.0763, 3.9928e+06
0.0497729, 6946.77, 28557.8, 46.0763, 3.9928e+06
0.0498117, 6946.77, 28571.7, 46.0763, 3.9928e+06
0.0498505, 6946.77, 28585.8, 46.0763, 3.9928e+06
0.0498893, 6946.77, 28599.8, 46.0763, 3.99281e+06
0.0499281, 6946.78, 28613.8, 46.0763, 3.99281e+06
0.0499669, 6946.78, 28627.9, 46.0763, 3.99281e+06
0.0500057, 6946.78, 28641.9, 46.0763, 3.99282e+06
0.0500445, 6946.78, 28656, 46.0763, 3.99282e+06
0.0500834, 6946.78, 28670.1, 46.0763, 3.99282e+06
0.0501222, 6946.78, 28684.3, 46.0763, 3.99283e+06
0.050161, 6946.78, 28698.4, 46.0763, 3.99283e+06
0.0501998, 6946.78, 28712.6, 46.0763, 3.99283e+06
0.0502386, 6946.78, 28726.7, 46.0763, 3.99284e+06
0.0502774, 6946.78, 28740.9, 46.0763, 3.99284e+06
0.0503162, 6946.79, 28755.1, 46.0763, 3.99285e+06
0.050355, 6946.79, 28769.3, 46.0763, 3.99285e+06
0.0503938, 6946.79, 28783.6, 46.0763, 3.99285e+06
0.0504326, 6946.79, 28797.8, 46.0763, 3.99286e+06
0.0504714, 6946.79, 28812.1, 46.0763, 3.99286e+06
0.0505102, 6946.79, 28826.4, 46.0763, 3.99286e+06
0.050549, 6946.79, 28840.7, 46.0763, 3.99287e+06
0.0505879, 6946.79, 28855, 46.0763, 3.99287e+06
0.0506267, 6946.79, 28869.3, 46.0763, 3.99287e+06
0.0506655, 6946.8, 28883.7, 46.0763, 3.99288e+06
0.0507043, 6946.8, 28898, 46.0763, 3.99288e+06
0.0507431, 6946.8, 28912.4, 46.0763, 3.99289e+06
0.0507819, 6946.8, 28926.8, 46.0763, 3.99289e+06
0.0508207, 6946.8, 28941.2, 46.0763, 3.99289e+06
0.0508595, 6946.8, 28955.7, 46.0763, 3.99289e+06
0.0508983, 6946.8, 28970.1, 46.0763, 3.9929e+06
0.0509371, 6946.8, 28984.6, 46.0763, 3.9929e+06
0.0509759, 6946.81, 28999, 46.0763, 3.9929e+06
0.0510147, 6946.81, 29013.5, 46.0763, 3.99291e+06
0.0510536, 6946.81, 29028.1, 46.0763, 3.99291e+06
0.0510924, 6946.81, 29042.6, 46.0763, 3.99291e+06
0.0511312, 6946.81, 29057.1, 46.0763, 3.99291e+06
0.05117, 6946.81, 29071.7, 46.0763, 3.99291e+06
0.0512088, 6946.81, 29086.3, 46.0763, 3.99291e+06
0.0512476, 6946.81, 29100.9, 46.0763, 3.99292e+06
0.0512864, 6946.82, 29115.5, 46.0763, 3.99292e+06
0.0513252, 6946.82, 29130.1, 46.0763, 3.99292e+06
0.051364, 6946.82, 29144.8, 46.0763, 3.99292e+06
0.0514028, 6946.82, 29159.4, 46.0763, 3.99292e+06
0.0514416, 6946.82, 29174.1, 46.0763, 3.99292e+06
0.0514804, 6946.82, 29188.8, 46.0763, 3.99292e+06
0.0515192, 6946.82, 29203.5, 46.0763, 3.99292e+06
0.051558, 6946.83, 29218.3, 46.0763, 3.99292e+06
0.0515969, 6946.83, 29233, 46.0763, 3.99292e+06
0.0516357, 6946.83, 29247.8, 46.0763, 3.99292e+06
0.0516745, 6946.83, 29262.5, 46.0763, 3.99292e+06
0.0517133, 6946.83, 29277.3, 46.0763, 3.99292e+06
0.0517521, 6946.83, 29292.2, 46.0763, 3.99292e+06
0.0517909, 6946.84, 29307, 46.0763, 3.99292e+06
0.0518297, 6946.84, 29321.8, 46.0763, 3.99292e+06
0.0518685, 6946.84, 29336.7, 46.0763, 3.99292e+06
0.0519073, 6946.84, 29351.6, 46.0763, 3.99292e+06
0.0519461, 6946.84, 29366.5, 46.0763, 3.99291e+06
0.0519849, 6946.84, 29381.4, 46.0763, 3.99291e+06
0.0520237, 6946.84, 29396.3, 46.0763, 3.99291e+06
0.0520625, 6946.85, 29411.3, 46.0763, 3.99291e+06
0.0521014, 6946.85, 29426.2, 46.0763, 3.99291e+06
0.0521402, 6946.85, 29441.2, 46.0763, 3.99291e+06
0.052179, 6946.85, 29456.2, 46.0763, 3.9929e+06
0.0522178, 6946.85, 29471.2, 46.0763, 3.9929e+06
0.0522566, 6946.85, 29486.3, 46.0763, 3.9929e+06
0.0522954, 6946.86, 29501.3, 46.0763, 3.9929e+06
0.0523342, 6946.86, 29516.4, 46.0763, 3.99289e+06
0.052373, 6946.86, 29531.5, 46.0763, 3.99289e+06
0.0524118, 6946.86, 29546.6, 46.0763, 3.99289e+06
0.0524506, 6946.86, 29561.7, 46.0763, 3.99289e+06
0.0524894, 6946.86, 29576.8, 46.0763, 3.99288e+06
0.0525282, 6946.87, 29592, 46.0763, 3.99288e+06
0.052567, 6946.87, 29607.2, 46.0763, 3.99288e+06
0.0526059, 6946.87, 29622.4, 46.0763, 3.99288e+06
0.0526447, 6946.87, 29637.6, 46.0763, 3.99287e+06
0.0526835, 6946.87, 29652.8, 46.0763, 3.99287e+06
0.0527223, 6946.87, 29668, 46.0763, 3.99287e+06
0.0527611, 6946.87, 29683.3, 46.0763, 3.99287e+06
0.0527999, 6946.88, 29698.6, 46.0763, 3.99286e+06
0.0528387, 6946.88, 29713.9, 46.0763, 3.99286e+06
0.0528775, 6946.88, 29729.2, 46.0763, 3.99286e+06
0.0529163, 6946.88, 29744.5, 46.0763, 3.99285e+06
0.0529551, 6946.88, 29759.8, 46.0763, 3.99285e+06
0.0529939, 6946.88, 29775.2, 46.0763, 3.99285e+06
0.0530327, 6946.88, 29790.6, 46.0763, 3.99285e+06
0.0530716, 6946.89, 29806, 46.0763, 3.99284e+06
0.0531104, 6946.89, 29821.4, 46.0763, 3.99284e+06
0.0531492, 6946.89, 29836.8, 46.0763, 3.99284e+06
0.053188, 6946.89, 29852.3, 46.0763, 3.99284e+06
0.0532268, 6946.89, 29867.7, 46.0763, 3.99283e+06
0.0532656, 6946.89, 29883.2, 46.0763, 3.99283e+06
0.0533044, 6946.89, 29898.7, 46.0763, 3.99283e+06
0.0533432, 6946.89, 29914.2, 46.0763, 3.99283e+06
0.053382, 6946.89, 29929.8, 46.0763, 3.99283e+06
0.0534208, 6946.9, 29945.3, 46.0763, 3.99282e+06
0.0534596, 6946.9, 29960.9, 46.0763, 3.99282e+06
0.0534984, 6946.9, 29976.5, 46.0763, 3.99282e+06
0.0535373, 6946.9, 29992.1, 46.0763, 3.99282e+06
0.0535761, 6946.9, 30007.7, 46.0763, 3.99282e+06
0.0536149, 6946.9, 30023.3, 46.0763, 3.99282e+06
0.0536537, 6946.9, 30039, 46.0763, 3.99281e+06
0.0536925, 6946.9, 30054.7, 46.0763, 3.99281e+06
0.0537313, 6946.9, 30070.4, 46.0763, 3.99281e+06
0.0537701, 6946.9, 30086.1, 46.0763, 3.99281e+06
0.0538089, 6946.9, 30101.8, 46.0763, 3.99281e+06
0.0538477, 6946.91, 30117.6, 46.0763, 3.99281e+06
0.0538865, 6946.91, 30133.3, 46.0763, 3.99281e+06
0.0539254, 6946.91, 30149.1, 46.0763, 3.99281e+06
0.0539642, 6946.91, 30164.9, 46.0763, 3.99281e+06
0.054003, 6946.91, 30180.7, 46.0763, 3.99281e+06
0.0540418, 6946.91, 30196.5, 46.0763, 3.99281e+06
0.0540806, 6946.91, 30212.4, 46.0763, 3.99281e+06
0.0541194, 6946.91, 30228.2, 46.0763, 3.99281e+06
0.0541582, 6946.91, 30244.1, 46.0763, 3.99281e+06
0.054197, 6946.91, 30260, 46.0763, 3.99281e+06
0.0542358, 6946.91, 30276, 46.0763, 3.9928e+06
0.0542746, 6946.91, 30291.9, 46.0763, 3.9928e+06
0.0543134, 6946.91, 30307.8, 46.0763, 3.99281e+06
0.0543523, 6946.91, 30323.8, 46.0763, 3.99281e+06
0.0543911, 6946.91, 30339.8, 46.0763, 3.99281e+06
0.0544299, 6946.91, 30355.8, 46.0763, 3.99281e+06
0.0544687, 6946.91, 30371.8, 46.0763, 3.99281e+06
0.0545075, 6946.91, 30387.9, 46.0763, 3.99281e+06
0.0545463, 6946.91, 30403.9, 46.0763, 3.99281e+06
0.0545851, 6946.91, 30420, 46.0763, 3.99281e+06
0.0546239, 6946.91, 30436.1, 46.0763, 3.99281e+06
0.0546627, 6946.91, 30452.2, 46.0763, 3.99281e+06
0.0547015, 6946.91, 30468.3, 46.0763, 3.99281e+06
0.0547404, 6946.91, 30484.5, 46.0763, 3.99281e+06
0.0547792, 6946.92, 30500.7, 46.0763, 3.99281e+06
0.054818, 6946.92, 30516.8, 46.0763, 3.99281e+06
0.0548568, 6946.92, 30533, 46.0763, 3.99281e+06
0.0548956, 6946.92, 30549.3, 46.0763, 3.99282e+06
0.0549344, 6946.92, 30565.5, 46.0763, 3.99282e+06
0.0549732, 6946.92, 30581.7, 46.0763, 3.99282e+06
0.055012, 6946.92, 30598, 46.0763, 3.99282e+06
0.0550508, 6946.92, 30614.3, 46.0763, 3.99282e+06
0.0550896, 6946.92, 30630.6, 46.0763, 3.99282e+06
0.0551285, 6946.92, 30646.9, 46.0763, 3.99282e+06
0.0551673, 6946.92, 30663.3, 46.0763, 3.99282e+06
0.0552061, 6946.92, 30679.6, 46.0763, 3.99282e+06
0.0552449, 6946.92, 30696, 46.0763, 3.99282e+06
0.0552837, 6946.92, 30712.4, 46.0763, 3.99282e+06
0.0553225, 6946.92, 30728.8, 46.0763, 3.99282e+06
0.0553613, 6946.92, 30745.3, 46.0763, 3.99283e+06
0.0554001, 6946.92, 30761.7, 46.0763, 3.99283e+06
0.0554389, 6946.92, 30778.2, 46.0763, 3.99283e+06
0.0554777, 6946.92, 30794.6, 46.0763, 3.99283e+06
0.0555165, 6946.92, 30811.1, 46.0763, 3.99283e+06
0.0555554, 6946.92, 30827.7, 46.0763, 3.99283e+06
0.0555942, 6946.92, 30844.2, 46.0763, 3.99283e+06
0.055633, 6946.92, 30860.8, 46.0763, 3.99283e+06
0.0556718, 6946.92, 30877.3, 46.0763, 3.99283e+06
0.0557106, 6946.92, 30893.9, 46.0763, 3.99283e+06
0.0557494, 6946.92, 30910.5, 46.0763, 3.99283e+06
0.0557882, 6946.92, 30927.2, 46.0763, 3.99283e+06
0.055827, 6946.92, 30943.8, 46.0763, 3.99283e+06
0.0558658, 6946.92, 30960.5, 46.0763, 3.99283e+06
0.0559046, 6946.92, 30977.1, 46.0763, 3.99283e+06
0.0559434, 6946.92, 30993.8, 46.0763, 3.99283e+06
0.0559823, 6946.92, 31010.6, 46.0763, 3.99283e+06
0.0560211, 6946.92, 31027.3, 46.0763, 3.99283e+06
0.0560599, 6946.92, 31044, 46.0763, 3.99283e+06
0.0560987, 6946.92, 31060.8, 46.0763, 3.99283e+06
0.0561375, 6946.92, 31077.6, 46.0763, 3.99283e+06
0.0561763, 6946.92, 31094.4, 46.0763, 3.99283e+06
0.0562151, 6946.92, 31111.2, 46.0763, 3.99283e+06
0.0562539, 6946.92, 31128.1, 46.0763, 3.99283e+06
0.0562927, 6946.93, 31144.9, 46.0763, 3.99283e+06
0.0563315, 6946.93, 31161.8, 46.0763, 3.99282e+06
0.0563703, 6946.93, 31178.7, 46.0763, 3.99282e+06
0.0564091, 6946.93, 31195.6, 46.0763, 3.99282e+06
0.0564479, 6946.93, 31212.5, 46.0763, 3.99282e+06
0.0564868, 6946.93, 31229.5, 46.0763, 3.99282e+06
0.0565256, 6946.93, 31246.4, 46.0763, 3.99282e+06
0.0565644, 6946.93, 31263.4, 46.0763, 3.99282e+06
0.0566032, 6946.93, 31280.4, 46.0763, 3.99282e+06
0.056642, 6946.93, 31297.5, 46.0763, 3.99281e+06
0.0566808, 6946.93, 31314.5, 46.0763, 3.99281e+06
0.0567196, 6946.93, 31331.6, 46.0763, 3.99281e+06
0.0567584, 6946.93, 31348.6, 46.0763, 3.99281e+06
0.0567972, 6946.93, 31365.7, 46.0763, 3.9928e+06
0.056836, 6946.94, 31382.8, 46.0763, 3.9928e+06
0.0568748, 6946.94, 31400, 46.0763, 3.9928e+06
0.0569136, 6946.94, 31417.1, 46.0763, 3.9928e+06
0.0569524, 6946.94, 31434.3, 46.0763, 3.99279e+06
0.0569912, 6946.94, 31451.5, 46.0763, 3.99279e+06
0.0570301, 6946.94, 31468.7, 46.0763, 3.99279e+06
0.0570689, 6946.94, 31485.9, 46.0763, 3.99279e+06
0.0571077, 6946.94, 31503.1, 46.0763, 3.99278e+06
0.0571465, 6946.94, 31520.4, 46.0763, 3.99278e+06
0.0571853, 6946.94, 31537.7, 46.0763, 3.99278e+06
0.0572241, 6946.95, 31554.9, 46.0763, 3.99277e+06
0.0572629, 6946.95, 31572.3, 46.0763, 3.99277e+06
0.0573017, 6946.95, 31589.6, 46.0763, 3.99277e+06
0.0573405, 6946.95, 31606.9, 46.0763, 3.99276e+06
0.0573793, 6946.95, 31624.3, 46.0763, 3.99276e+06
0.0574181, 6946.95, 31641.7, 46.0763, 3.99276e+06
0.0574569, 6946.95, 31659.1, 46.0763, 3.99275e+06
0.0574957, 6946.95, 31676.5, 46.0763, 3.99275e+06
0.0575345, 6946.95, 31693.9, 46.0763, 3.99275e+06
0.0575733, 6946.95, 31711.4, 46.0763, 3.99274e+06
0.0576121, 6946.96, 31728.9, 46.0763, 3.99274e+06
0.057651, 6946.96, 31746.4, 46.0763, 3.99273e+06
0.0576898, 6946.96, 31763.9, 46.0763, 3.99273e+06
0.0577286, 6946.96, 31781.4, 46.0763, 3.99272e+06
0.0577674, 6946.96, 31799, 46.0763, 3.99272e+06
0.0578062, 6946.96, 31816.5, 46.0763, 3.99272e+06
0.057845, 6946.96, 31834.1, 46.0763, 3.99271e+06
0.0578838, 6946.96, 31851.7, 46.0763, 3.99271e+06
0.0579226, 6946.96, 31869.3, 46.0763, 3.9927e+06
0.0579614, 6946.96, 31887, 46.0763, 3.9927e+06
0.0580002, 6946.97, 31904.6, 46.0763, 3.99269e+06
0.058039, 6946.97, 31922.3, 46.0763, 3.99269e+06
0.0580778, 6946.97, 31940, 46.0763, 3.99268e+06
0.0581166, 6946.97, 31957.7, 46.0763, 3.99268e+06
0.0581554, 6946.97, 31975.5, 46.0763, 3.99267e+06
0.0581942, 6946.97, 31993.2, 46.0763, 3.99267e+06
0.058233, 6946.97, 32011, 46.0763, 3.99266e+06
0.0582718, 6946.97, 32028.8, 46.0763, 3.99266e+06
0.0583106, 6946.97, 32046.6, 46.0763, 3.99265e+06
0.0583495, 6946.97, 32064.4, 46.0763, 3.99265e+06
0.0583883, 6946.97, 32082.2, 46.0763, 3.99265e+06
0.0584271, 6946.97, 32100.1, 46.0763, 3.99264e+06
0.0584659, 6946.97, 32118, 46.0763, 3.99264e+06
0.0585047, 6946.97, 32135.9, 46.0763, 3.99263e+06
0.0585435, 6946.97, 32153.8, 46.0763, 3.99263e+06
0.0585823, 6946.98, 32171.7, 46.0763, 3.99262e+06
0.0586211, 6946.98, 32189.7, 46.0763, 3.99262e+06
0.0586599, 6946.98, 32207.7, 46.0763, 3.99261e+06
0.0586987, 6946.98, 32225.7, 46.0763, 3.99261e+06
0.0587375, 6946.98, 32243.7, 46.0763, 3.9926e+06
0.0587763, 6946.98, 32261.7, 46.0763, 3.9926e+06
0.0588151, 6946.98, 32279.7, 46.0763, 3.99259e+06
0.0588539, 6946.98, 32297.8, 46.0763, 3.99259e+06
0.0588927, 6946.98, 32315.9, 46.0763, 3.99258e+06
0.0589315, 6946.98, 32334, 46.0763, 3.99258e+06
0.0589703, 6946.98, 32352.1, 46.0763, 3.99258e+06
0.0590091, 6946.98, 32370.3, 46.0763, 3.99257e+06
0.0590479, 6946.98, 32388.4, 46.0763, 3.99257e+06
0.0590868, 6946.98, 32406.6, 46.0763, 3.99257e+06
0.0591256, 6946.98, 32424.8, 46.0763, 3.99256e+06
0.0591644, 6946.98, 32443, 46.0763, 3.99256e+06
0.0592032, 6946.98, 32461.2, 46.0763, 3.99256e+06
0.059242, 6946.98, 32479.5, 46.0763, 3.99255e+06
0.0592808, 6946.98, 32497.8, 46.0763, 3.99255e+06
0.0593196, 6946.98, 32516.1, 46.0763, 3.99255e+06
0.0593584, 6946.98, 32534.4, 46.0763, 3.99254e+06
0.0593972, 6946.98, 32552.7, 46.0763, 3.99254e+06
0.059436, 6946.98, 32571, 46.0763, 3.99254e+06
0.0594748, 6946.98, 32589.4, 46.0763, 3.99254e+06
0.0595136, 6946.97, 32607.8, 46.0763, 3.99253e+06
0.0595524, 6946.97, 32626.2, 46.0763, 3.99253e+06
0.0595912, 6946.97, 32644.6, 46.0763, 3.99253e+06
0.05963, 6946.97, 32663.1, 46.0763, 3.99253e+06
0.0596688, 6946.97, 32681.5, 46.0763, 3.99253e+06
0.0597076, 6946.97, 32700, 46.0763, 3.99253e+06
0.0597464, 6946.97, 32718.5, 46.0763, 3.99252e+06
0.0597852, 6946.97, 32737, 46.0763, 3.99252e+06
0.059824, 6946.97, 32755.5, 46.0763, 3.99252e+06
0.0598629, 6946.97, 32774.1, 46.0763, 3.99252e+06
0.0599017, 6946.97, 32792.7, 46.0763, 3.99252e+06
0.0599405, 6946.97, 32811.3, 46.0763, 3.99252e+06
0.0599793, 6946.97, 32829.9, 46.0763, 3.99252e+06
0.0600181, 6946.97, 32848.5, 46.0763, 3.99252e+06
0.0600569, 6946.97, 32867.2, 46.0763, 3.99252e+06
0.0600957, 6946.97, 32885.8, 46.0763, 3.99252e+06
0.0601345, 6946.97, 32904.5, 46.0763, 3.99252e+06
0.0601733, 6946.96, 32923.2, 46.0763, 3.99252e+06
0.0602121, 6946.96, 32941.9, 46.0763, 3.99252e+06
0.0602509, 6946.96, 32960.7, 46.0763, 3.99252e+06
0.0602897, 6946.96, 32979.4, 46.0763, 3.99253e+06
0.0603285, 6946.96, 32998.2, 46.0763, 3.99253e+06
0.0603673, 6946.96, 33017, 46.0763, 3.99253e+06
0.0604061, 6946.96, 33035.8, 46.0763, 3.99253e+06
0.0604449, 6946.96, 33054.7, 46.0763, 3.99253e+06
0.0604837, 6946.96, 33073.5, 46.0763, 3.99253e+06
0.0605225, 6946.96, 33092.4, 46.0763, 3.99253e+06
0.0605613, 6946.96, 33111.3, 46.0763, 3.99254e+06
0.0606001, 6946.96, 33130.2, 46.0763, 3.99254e+06
0.0606389, 6946.96, 33149.2, 46.0763, 3.99254e+06
0.0606778, 6946.96, 33168.1, 46.0763, 3.99254e+06
0.0607166, 6946.96, 33187.1, 46.0763, 3.99254e+06
0.0607554, 6946.95, 33206.1, 46.0763, 3.99255e+06
0.0607942, 6946.95, 33225.1, 46.0763, 3.99255e+06
0.060833, 6946.95, 33244.1, 46.0763, 3.99255e+06
0.0608718, 6946.95, 33263.2, 46.0763, 3.99255e+06
0.0609106, 6946.95, 33282.2, 46.0763, 3.99256e+06
0.0609494, 6946.95, 33301.3, 46.0763, 3.99256e+06
0.0609882, 6946.95, 33320.4, 46.0763, 3.99256e+06
0.061027, 6946.95, 33339.6, 46.0763, 3.99256e+06
0.0610658, 6946.95, 33358.7, 46.0763, 3.99256e+06
0.0611046, 6946.95, 33377.9, 46.0763, 3.99256e+06
0.0611434, 6946.95, 33397, 46.0763, 3.99256e+06
0.0611822, 6946.95, 33416.2, 46.0763, 3.99257e+06
0.061221, 6946.95, 33435.5, 46.0763, 3.99257e+06
0.0612598, 6946.95, 33454.7, 46.0763, 3.99257e+06
0.0612986, 6946.95, 33474, 46.0763, 3.99257e+06
0.0613374, 6946.95, 33493.2, 46.0763, 3.99257e+06
0.0613762, 6946.95, 33512.5, 46.0763, 3.99257e+06
0.061415, 6946.95, 33531.8, 46.0763, 3.99257e+06
0.0614538, 6946.95, 33551.2, 46.0763, 3.99257e+06
0.0614926, 6946.95, 33570.5, 46.0763, 3.99257e+06
0.0615314, 6946.95, 33589.9, 46.0763, 3.99257e+06
0.0615702, 6946.95, 33609.3, 46.0763, 3.99257e+06
0.061609, 6946.95, 33628.7, 46.0763, 3.99257e+06
0.0616478, 6946.95, 33648.1, 46.0763, 3.99257e+06
0.0616866, 6946.95, 33667.6, 46.0763, 3.99257e+06
0.0617254, 6946.95, 33687.1, 46.0763, 3.99257e+06
0.0617642, 6946.95, 33706.5, 46.0763, 3.99257e+06
0.061803, 6946.95, 33726.1, 46.0763, 3.99257e+06
0.0618418, 6946.95, 33745.6, 46.0763, 3.99256e+06
0.0618806, 6946.95, 33765.1, 46.0763, 3.99256e+06
0.0619194, 6946.95, 33784.7, 46.0763, 3.99256e+06
0.0619582, 6946.95, 33804.3, 46.0763, 3.99255e+06
0.061997, 6946.95, 33823.9, 46.0763, 3.99255e+06
0.0620358, 6946.95, 33843.5, 46.0763, 3.99255e+06
0.0620746, 6946.95, 33863.1, 46.0763, 3.99254e+06
0.0621134, 6946.95, 33882.8, 46.0763, 3.99254e+06
0.0621523, 6946.95, 33902.5, 46.0763, 3.99253e+06
0.0621911, 6946.95, 33922.2, 46.0763, 3.99253e+06
0.0622299, 6946.95, 33941.9, 46.0763, 3.99252e+06
0.0622687, 6946.95, 33961.6, 46.0763, 3.99252e+06
0.0623075, 6946.95, 33981.4, 46.0763, 3.99251e+06
0.0623463, 6946.95, 34001.2, 46.0763, 3.99251e+06
0.0623851, 6946.95, 34021, 46.0763, 3.9925e+06
0.0624239, 6946.95, 34040.8, 46.0763, 3.9925e+06
0.0624627, 6946.95, 34060.6, 46.0763, 3.99249e+06
0.0625015, 6946.95, 34080.4, 46.0763, 3.99248e+06
0.0625403, 6946.95, 34100.3, 46.0763, 3.99247e+06
0.0625791, 6946.95, 34120.2, 46.0763, 3.99247e+06
0.0626179, 6946.95, 34140.1, 46.0763, 3.99246e+06
0.0626567, 6946.95, 34160, 46.0763, 3.99245e+06
0.0626955, 6946.95, 34180, 46.0763, 3.99244e+06
0.0627343, 6946.95, 34200, 46.0763, 3.99243e+06
0.0627731, 6946.96, 34219.9, 46.0763, 3.99242e+06
0.0628119, 6946.96, 34240, 46.0763, 3.99241e+06
0.0628507, 6946.96, 34260, 46.0763, 3.9924e+06
0.0628895, 6946.96, 34280, 46.0763, 3.99239e+06
0.0629283, 6946.96, 34300.1, 46.0763, 3.99238e+06
0.0629671, 6946.96, 34320.2, 46.0763, 3.99237e+06
0.0630059, 6946.96, 34340.3, 46.0763, 3.99236e+06
0.0630447, 6946.96, 34360.4, 46.0763, 3.99235e+06
0.0630835, 6946.96, 34380.5, 46.0763, 3.99234e+06
0.0631223, 6946.96, 34400.7, 46.0763, 3.99233e+06
0.0631611, 6946.96, 34420.9, 46.0763, 3.99232e+06
0.0631999, 6946.96, 34441.1, 46.0763, 3.99231e+06
0.0632386, 6946.96, 34461.3, 46.0763, 3.9923e+06
0.0632774, 6946.96, 34481.5, 46.0763, 3.99229e+06
0.0633162, 6946.96, 34501.8, 46.0763, 3.99228e+06
0.063355, 6946.96, 34522.1, 46.0763, 3.99227e+06
0.0633938, 6946.96, 34542.4, 46.0763, 3.99226e+06
0.0634326, 6946.96, 34562.7, 46.0763, 3.99225e+06
0.0634714, 6946.96, 34583, 46.0763, 3.99223e+06
0.0635102, 6946.96, 34603.4, 46.0763, 3.99222e+06
0.063549, 6946.96, 34623.8, 46.0763, 3.99221e+06
0.0635878, 6946.96, 34644.2, 46.0763, 3.9922e+06
0.0636266, 6946.96, 34664.6, 46.0763, 3.99219e+06
0.0636654, 6946.96, 34685, 46.0763, 3.99218e+06
0.0637042, 6946.96, 34705.5, 46.0763, 3.99217e+06
0.063743, 6946.96, 34725.9, 46.0763, 3.99216e+06
0.0637818, 6946.96, 34746.4, 46.0763, 3.99215e+06
0.0638206, 6946.96, 34766.9, 46.0763, 3.99214e+06
0.0638594, 6946.96, 34787.5, 46.0763, 3.99213e+06
0.0638982, 6946.96, 34808, 46.0763, 3.99212e+06
0.063937, 6946.96, 34828.6, 46.0763, 3.99211e+06
0.0639758, 6946.95, 34849.2, 46.0763, 3.9921e+06
0.0640146, 6946.95, 34869.8, 46.0763, 3.99209e+06
0.0640534, 6946.95, 34890.4, 46.0763, 3.99208e+06
0.0640922, 6946.95, 34911.1, 46.0763, 3.99208e+06
0.064131, 6946.95, 34931.8, 46.0763, 3.99207e+06
0.0641698, 6946.95, 34952.5, 46.0763, 3.99206e+06
0.0642086, 6946.95, 34973.2, 46.0763, 3.99205e+06
0.0642474, 6946.95, 34993.9, 46.0763, 3.99205e+06
0.0642862, 6946.95, 35014.7, 46.0763, 3.99204e+06
0.064325, 6946.95, 35035.4, 46.0763, 3.99203e+06
0.0643638, 6946.95, 35056.2, 46.0763, 3.99203e+06
0.0644026, 6946.94, 35077, 46.0763, 3.99202e+06
0.0644414, 6946.94, 35097.9, 46.0763, 3.99201e+06
0.0644802, 6946.94, 35118.7, 46.0763, 3.99201e+06
0.064519, 6946.94, 35139.6, 46.0763, 3.99201e+06
0.0645578, 6946.94, 35160.5, 46.0763, 3.992e+06
0.0645966, 6946.94, 35181.4, 46.0763, 3.992e+06
0.0646354, 6946.94, 35202.3, 46.0763, 3.99199e+06
0.0646742, 6946.94, 35223.3, 46.0763, 3.99199e+06
0.064713, 6946.93, 35244.2, 46.0763, 3.99199e+06
0.0647518, 6946.93, 35265.2, 46.0763, 3.99199e+06
0.0647906, 6946.93, 35286.2, 46.0763, 3.99198e+06
0.0648294, 6946.93, 35307.3, 46.0763, 3.99198e+06
0.0648682, 6946.93, 35328.3, 46.0763, 3.99198e+06
0.064907, 6946.93, 35349.4, 46.0763, 3.99198e+06
0.0649458, 6946.93, 35370.5, 46.0763, 3.99198e+06
0.0649846, 6946.92, 35391.6, 46.0763, 3.99198e+06
0.0650234, 6946.92, 35412.7, 46.0763, 3.99198e+06
0.0650622, 6946.92, 35433.9, 46.0763, 3.99198e+06
0.065101, 6946.92, 35455, 46.0763, 3.99198e+06
0.0651398, 6946.92, 35476.2, 46.0763, 3.99198e+06
0.0651786, 6946.91, 35497.4, 46.0763, 3.99198e+06
0.0652174, 6946.91, 35518.7, 46.0763, 3.99198e+06
0.0652562, 6946.91, 35539.9, 46.0763, 3.99198e+06
0.065295, 6946.91, 35561.2, 46.0763, 3.99199e+06
0.0653338, 6946.91, 35582.5, 46.0763, 3.99199e+06
0.0653726, 6946.9, 35603.8, 46.0763, 3.99199e+06
0.0654114, 6946.9, 35625.1, 46.0763, 3.99199e+06
0.0654502, 6946.9, 35646.5, 46.0763, 3.992e+06
0.065489, 6946.9, 35667.8, 46.0763, 3.992e+06
0.0655278, 6946.9, 35689.2, 46.0763, 3.992e+06
0.0655666, 6946.89, 35710.6, 46.0763, 3.99201e+06
0.0656054, 6946.89, 35732.1, 46.0763, 3.99201e+06
0.0656442, 6946.89, 35753.5, 46.0763, 3.99201e+06
0.065683, 6946.89, 35775, 46.0763, 3.99202e+06
0.0657218, 6946.89, 35796.5, 46.0763, 3.99202e+06
0.0657606, 6946.88, 35818, 46.0763, 3.99202e+06
0.0657994, 6946.88, 35839.5, 46.0763, 3.99203e+06
0.0658382, 6946.88, 35861.1, 46.0763, 3.99203e+06
0.065877, 6946.88, 35882.6, 46.0763, 3.99203e+06
0.0659158, 6946.88, 35904.2, 46.0763, 3.99204e+06
0.0659545, 6946.87, 35925.8, 46.0763, 3.99204e+06
0.0659933, 6946.87, 35947.5, 46.0763, 3.99204e+06
0.0660321, 6946.87, 35969.1, 46.0763, 3.99205e+06
0.0660709, 6946.87, 35990.8, 46.0763, 3.99205e+06
0.0661097, 6946.86, 36012.5, 46.0763, 3.99205e+06
0.0661485, 6946.86, 36034.2, 46.0763, 3.99206e+06
0.0661873, 6946.86, 36055.9, 46.0763, 3.99206e+06
0.0662261, 6946.86, 36077.6, 46.0763, 3.99206e+06
0.0662649, 6946.86, 36099.4, 46.0763, 3.99207e+06
0.0663037, 6946.85, 36121.2, 46.0763, 3.99207e+06
0.0663425, 6946.85, 36143, 46.0763, 3.99207e+06
0.0663813, 6946.85, 36164.8, 46.0763, 3.99208e+06
0.0664201, 6946.85, 36186.7, 46.0763, 3.99208e+06
0.0664589, 6946.84, 36208.6, 46.0763, 3.99208e+06
0.0664977, 6946.84, 36230.5, 46.0763, 3.99208e+06
0.0665365, 6946.84, 36252.4, 46.0763, 3.99208e+06
0.0665753, 6946.84, 36274.3, 46.0763, 3.99208e+06
0.0666141, 6946.84, 36296.2, 46.0763, 3.99209e+06
0.0666529, 6946.83, 36318.2, 46.0763, 3.99209e+06
0.0666917, 6946.83, 36340.2, 46.0763, 3.99209e+06
0.0667305, 6946.83, 36362.2, 46.0763, 3.99208e+06
0.0667693, 6946.83, 36384.2, 46.0763, 3.99208e+06
0.0668081, 6946.83, 36406.3, 46.0763, 3.99208e+06
0.0668469, 6946.82, 36428.4, 46.0763, 3.99208e+06
0.0668857, 6946.82, 36450.5, 46.0763, 3.99208e+06
0.0669245, 6946.82, 36472.6, 46.0763, 3.99208e+06
0.0669633, 6946.82, 36494.7, 46.0763, 3.99207e+06
0.0670021, 6946.82, 36516.8, 46.0763, 3.99207e+06
0.0670409, 6946.81, 36539, 46.0763, 3.99207e+06
0.0670797, 6946.81, 36561.2, 46.0763, 3.99207e+06
0.0671185, 6946.81, 36583.4, 46.0763, 3.99206e+06
0.0671573, 6946.81, 36605.7, 46.0763, 3.99206e+06
0.0671961, 6946.81, 36627.9, 46.0763, 3.99205e+06
0.0672348, 6946.81, 36650.2, 46.0763, 3.99205e+06
0.0672736, 6946.8, 36672.5, 46.0763, 3.99205e+06
0.0673124, 6946.8, 36694.8, 46.0763, 3.99204e+06
0.0673512, 6946.8, 36717.1, 46.0763, 3.99204e+06
0.06739, 6946.8, 36739.5, 46.0763, 3.99203e+06
0.0674288, 6946.8, 36761.8, 46.0763, 3.99203e+06
0.0674676, 6946.8, 36784.2, 46.0763, 3.99202e+06
0.0675064, 6946.79, 36806.6, 46.0763, 3.99201e+06
0.0675452, 6946.79, 36829.1, 46.0763, 3.992e+06
0.067584, 6946.79, 36851.5, 46.0763, 3.992e+06
0.0676228, 6946.79, 36874, 46.0763, 3.99199e+06
0.0676616, 6946.79, 36896.5, 46.0763, 3.99198e+06
0.0677004, 6946.79, 36919, 46.0763, 3.99197e+06
0.0677392, 6946.78, 36941.6, 46.0763, 3.99196e+06
0.067778, 6946.78, 36964.1, 46.0763, 3.99196e+06
0.0678168, 6946.78, 36986.7, 46.0763, 3.99195e+06
0.0678556, 6946.78, 37009.3, 46.0763, 3.99194e+06
0.0678944, 6946.78, 37031.9, 46.0763, 3.99193e+06
0.0679332, 6946.78, 37054.5, 46.0763, 3.99192e+06
0.067972, 6946.78, 37077.2, 46.0763, 3.99191e+06
0.0680108, 6946.78, 37099.9, 46.0763, 3.9919e+06
0.0680495, 6946.77, 37122.6, 46.0763, 3.99189e+06
0.0680883, 6946.77, 37145.3, 46.0763, 3.99188e+06
0.0681271, 6946.77, 37168, 46.0763, 3.99187e+06
0.0681659, 6946.77, 37190.8, 46.0763, 3.99186e+06
0.0682047, 6946.77, 37213.6, 46.0763, 3.99185e+06
0.0682435, 6946.77, 37236.4, 46.0763, 3.99184e+06
0.0682823, 6946.77, 37259.2, 46.0763, 3.99183e+06
0.0683211, 6946.76, 37282, 46.0763, 3.99182e+06
0.0683599, 6946.76, 37304.9, 46.0763, 3.99181e+06
0.0683987, 6946.76, 37327.8, 46.0763, 3.9918e+06
0.0684375, 6946.76, 37350.7, 46.0763, 3.99179e+06
0.0684763, 6946.76, 37373.6, 46.0763, 3.99178e+06
0.0685151, 6946.76, 37396.6, 46.0763, 3.99177e+06
0.0685539, 6946.76, 37419.5, 46.0763, 3.99175e+06
0.0685927, 6946.76, 37442.5, 46.0763, 3.99174e+06
0.0686315, 6946.75, 37465.5, 46.0763, 3.99173e+06
0.0686702, 6946.75, 37488.6, 46.0763, 3.99172e+06
0.068709, 6946.75, 37511.6, 46.0763, 3.99171e+06
0.0687478, 6946.75, 37534.7, 46.0763, 3.9917e+06
0.0687866, 6946.75, 37557.8, 46.0763, 3.99169e+06
0.0688254, 6946.75, 37580.9, 46.0763, 3.99168e+06
0.0688642, 6946.75, 37604, 46.0763, 3.99167e+06
0.068903, 6946.74, 37627.2, 46.0763, 3.99166e+06
0.0689418, 6946.74, 37650.3, 46.0763, 3.99165e+06
0.0689806, 6946.74, 37673.5, 46.0763, 3.99164e+06
0.0690194, 6946.74, 37696.8, 46.0763, 3.99163e+06
0.0690582, 6946.74, 37720, 46.0763, 3.99162e+06
0.069097, 6946.74, 37743.3, 46.0763, 3.99161e+06
0.0691358, 6946.74, 37766.5, 46.0763, 3.9916e+06
0.0691746, 6946.73, 37789.8, 46.0763, 3.99159e+06
0.0692134, 6946.73, 37813.2, 46.0763, 3.99158e+06
0.0692522, 6946.73, 37836.5, 46.0763, 3.99157e+06
0.0692909, 6946.73, 37859.9, 46.0763, 3.99157e+06
0.0693297, 6946.73, 37883.3, 46.0763, 3.99156e+06
0.0693685, 6946.73, 37906.7, 46.0763, 3.99155e+06
0.0694073, 6946.72, 37930.1, 46.0763, 3.99154e+06
0.0694461, 6946.72, 37953.5, 46.0763, 3.99153e+06
0.0694849, 6946.72, 37977, 46.0763, 3.99153e+06
0.0695237, 6946.72, 38000.5, 46.0763, 3.99152e+06
0.0695625, 6946.72, 38024, 46.0763, 3.99151e+06
0.0696013, 6946.71, 38047.5, 46.0763, 3.9915e+06
0.0696401, 6946.71, 38071.1, 46.0763, 3.9915e+06
0.0696789, 6946.71, 38094.7, 46.0763, 3.99149e+06
0.0697177, 6946.71, 38118.3, 46.0763, 3.99148e+06
0.0697565, 6946.71, 38141.9, 46.0763, 3.99148e+06
0.0697953, 6946.7, 38165.5, 46.0763, 3.99147e+06
0.0698341, 6946.7, 38189.2, 46.0763, 3.99146e+06
0.0698729, 6946.7, 38212.9, 46.0763, 3.99146e+06
0.0699116, 6946.7, 38236.6, 46.0763, 3.99145e+06
0.0699504, 6946.69, 38260.3, 46.0763, 3.99145e+06
0.0699892, 6946.69, 38284, 46.0763, 3.99144e+06
0.070028, 6946.69, 38307.8, 46.0763, 3.99143e+06
0.0700668, 6946.69, 38331.6, 46.0763, 3.99143e+06
0.0701056, 6946.68, 38355.4, 46.0763, 3.99142e+06
0.0701444, 6946.68, 38379.2, 46.0763, 3.99142e+06
0.0701832, 6946.68, 38403, 46.0763, 3.99141e+06
0.070222, 6946.68, 38426.9, 46.0763, 3.99141e+06
0.0702608, 6946.67, 38450.8, 46.0763, 3.9914e+06
0.0702996, 6946.67, 38474.7, 46.0763, 3.9914e+06
0.0703384, 6946.67, 38498.6, 46.0763, 3.9914e+06
0.0703772, 6946.67, 38522.6, 46.0763, 3.99139e+06
0.070416, 6946.66, 38546.6, 46.0763, 3.99139e+06
0.0704548, 6946.66, 38570.6, 46.0763, 3.99138e+06
0.0704936, 6946.66, 38594.6, 46.0763, 3.99138e+06
0.0705324, 6946.65, 38618.6, 46.0763, 3.99138e+06
0.0705711, 6946.65, 38642.7, 46.0763, 3.99137e+06
0.0706099, 6946.65, 38666.7, 46.0763, 3.99137e+06
0.0706487, 6946.65, 38690.8, 46.0763, 3.99137e+06
0.0706875, 6946.64, 38715, 46.0763, 3.99136e+06
0.0707263, 6946.64, 38739.1, 46.0763, 3.99136e+06
0.0707651, 6946.64, 38763.3, 46.0763, 3.99135e+06
0.0708039, 6946.63, 38787.5, 46.0763, 3.99135e+06
0.0708427, 6946.63, 38811.7, 46.0763, 3.99135e+06
0.0708815, 6946.63, 38835.9, 46.0763, 3.99134e+06
0.0709203, 6946.62, 38860.1, 46.0763, 3.99134e+06
0.0709591, 6946.62, 38884.4, 46.0763, 3.99134e+06
0.0709979, 6946.62, 38908.7, 46.0763, 3.99133e+06
0.0710367, 6946.61, 38933, 46.0763, 3.99133e+06
0.0710755, 6946.61, 38957.3, 46.0763, 3.99133e+06
0.0711143, 6946.61, 38981.7, 46.0763, 3.99133e+06
0.0711531, 6946.6, 39006, 46.0763, 3.99132e+06
0.0711919, 6946.6, 39030.4, 46.0763, 3.99132e+06
0.0712307, 6946.59, 39054.8, 46.0763, 3.99132e+06
0.0712695, 6946.59, 39079.3, 46.0763, 3.99132e+06
0.0713082, 6946.59, 39103.7, 46.0763, 3.99131e+06
0.071347, 6946.58, 39128.2, 46.0763, 3.99131e+06
0.0713858, 6946.58, 39152.7, 46.0763, 3.99131e+06
0.0714246, 6946.58, 39177.2, 46.0763, 3.99131e+06
0.0714634, 6946.57, 39201.8, 46.0763, 3.9913e+06
0.0715022, 6946.57, 39226.3, 46.0763, 3.9913e+06
0.071541, 6946.56, 39250.9, 46.0763, 3.9913e+06
0.0715798, 6946.56, 39275.5, 46.0763, 3.99129e+06
0.0716186, 6946.56, 39300.1, 46.0763, 3.99129e+06
0.0716574, 6946.55, 39324.8, 46.0763, 3.99129e+06
0.0716962, 6946.55, 39349.5, 46.0763, 3.99129e+06
0.071735, 6946.54, 39374.2, 46.0763, 3.99128e+06
0.0717738, 6946.54, 39398.9, 46.0763, 3.99128e+06
0.0718126, 6946.54, 39423.6, 46.0763, 3.99128e+06
0.0718514, 6946.53, 39448.3, 46.0763, 3.99128e+06
0.0718902, 6946.53, 39473.1, 46.0763, 3.99128e+06
0.071929, 6946.52, 39497.9, 46.0763, 3.99127e+06
0.0719678, 6946.52, 39522.7, 46.0763, 3.99127e+06
0.0720066, 6946.52, 39547.6, 46.0763, 3.99127e+06
0.0720454, 6946.51, 39572.4, 46.0763, 3.99127e+06
0.0720842, 6946.51, 39597.3, 46.0763, 3.99127e+06
0.0721229, 6946.5, 39622.2, 46.0763, 3.99126e+06
0.0721617, 6946.5, 39647.2, 46.0763, 3.99126e+06
0.0722005, 6946.5, 39672.1, 46.0763, 3.99126e+06
0.0722393, 6946.49, 39697.1, 46.0763, 3.99126e+06
0.0722781, 6946.49, 39722.1, 46.0763, 3.99125e+06
0.0723169, 6946.48, 39747.1, 46.0763, 3.99125e+06
0.0723557, 6946.48, 39772.1, 46.0763, 3.99125e+06
0.0723945, 6946.48, 39797.2, 46.0763, 3.99124e+06
0.0724333, 6946.47, 39822.2, 46.0763, 3.99124e+06
0.0724721, 6946.47, 39847.3, 46.0763, 3.99124e+06
0.0725109, 6946.46, 39872.4, 46.0763, 3.99124e+06
0.0725497, 6946.46, 39897.6, 46.0763, 3.99123e+06
0.0725885, 6946.46, 39922.8, 46.0763, 3.99123e+06
0.0726273, 6946.45, 39947.9, 46.0763, 3.99123e+06
0.0726661, 6946.45, 39973.1, 46.0763, 3.99123e+06
0.0727049, 6946.44, 39998.4, 46.0763, 3.99122e+06
0.0727437, 6946.44, 40023.6, 46.0763, 3.99122e+06
0.0727825, 6946.44, 40048.9, 46.0763, 3.99122e+06
0.0728213, 6946.43, 40074.2, 46.0763, 3.99121e+06
0.0728601, 6946.43, 40099.5, 46.0763, 3.99121e+06
0.0728989, 6946.42, 40124.8, 46.0763, 3.99121e+06
0.0729377, 6946.42, 40150.2, 46.0763, 3.9912e+06
0.0729764, 6946.42, 40175.6, 46.0763, 3.9912e+06
0.0730152, 6946.41, 40201, 46.0763, 3.9912e+06
0.073054, 6946.41, 40226.4, 46.0763, 3.99119e+06
0.0730928, 6946.41, 40251.8, 46.0763, 3.99119e+06
0.0731316, 6946.4, 40277.3, 46.0763, 3.99119e+06
0.0731704, 6946.4, 40302.8, 46.0763, 3.99118e+06
0.0732092, 6946.39, 40328.3, 46.0763, 3.99118e+06
0.073248, 6946.39, 40353.8, 46.0763, 3.99118e+06
0.0732868, 6946.39, 40379.4, 46.0763, 3.99117e+06
0.0733256, 6946.38, 40405, 46.0763, 3.99117e+06
0.0733644, 6946.38, 40430.6, 46.0763, 3.99116e+06
0.0734032, 6946.38, 40456.2, 46.0763, 3.99116e+06
0.073442, 6946.37, 40481.8, 46.0763, 3.99116e+06
0.0734808, 6946.37, 40507.5, 46.0763, 3.99115e+06
0.0735196, 6946.36, 40533.2, 46.0763, 3.99115e+06
0.0735584, 6946.36, 40558.9, 46.0763, 3.99114e+06
0.0735972, 6946.36, 40584.6, 46.0763, 3.99113e+06
0.073636, 6946.35, 40610.4, 46.0763, 3.99113e+06
0.0736748, 6946.35, 40636.1, 46.0763, 3.99112e+06
0.0737136, 6946.35, 40661.9, 46.0763, 3.99111e+06
0.0737524, 6946.34, 40687.7, 46.0763, 3.99111e+06
0.0737912, 6946.34, 40713.6, 46.0763, 3.9911e+06
0.07383, 6946.34, 40739.4, 46.0763, 3.99109e+06
0.0738687, 6946.33, 40765.3, 46.0763, 3.99109e+06
0.0739075, 6946.33, 40791.2, 46.0763, 3.99108e+06
0.0739463, 6946.32, 40817.2, 46.0763, 3.99107e+06
0.0739851, 6946.32, 40843.1, 46.0763, 3.99106e+06
0.0740239, 6946.32, 40869.1, 46.0763, 3.99106e+06
0.0740627, 6946.31, 40895.1, 46.0763, 3.99105e+06
0.0741015, 6946.31, 40921.1, 46.0763, 3.99104e+06
0.0741403, 6946.31, 40947.1, 46.0763, 3.99104e+06
0.0741791, 6946.3, 40973.2, 46.0763, 3.99103e+06
0.0742179, 6946.3, 40999.3, 46.0763, 3.99102e+06
0.0742567, 6946.29, 41025.4, 46.0763, 3.99101e+06
0.0742955, 6946.29, 41051.5, 46.0763, 3.991e+06
0.0743343, 6946.29, 41077.7, 46.0763, 3.991e+06
0.0743731, 6946.28, 41103.8, 46.0763, 3.99099e+06
0.0744119, 6946.28, 41130, 46.0763, 3.99098e+06
0.0744507, 6946.28, 41156.2, 46.0763, 3.99097e+06
0.0744895, 6946.27, 41182.5, 46.0763, 3.99096e+06
0.0745283, 6946.27, 41208.7, 46.0763, 3.99095e+06
0.0745671, 6946.26, 41235, 46.0763, 3.99094e+06
0.0746059, 6946.26, 41261.3, 46.0763, 3.99094e+06
0.0746447, 6946.26, 41287.7, 46.0763, 3.99093e+06
0.0746835, 6946.25, 41314, 46.0763, 3.99092e+06
0.0747223, 6946.25, 41340.4, 46.0763, 3.99091e+06
0.074761, 6946.24, 41366.8, 46.0763, 3.9909e+06
0.0747998, 6946.24, 41393.2, 46.0763, 3.99089e+06
0.0748386, 6946.24, 41419.7, 46.0763, 3.99088e+06
0.0748774, 6946.23, 41446.1, 46.0763, 3.99087e+06
0.0749162, 6946.23, 41472.6, 46.0763, 3.99086e+06
0.074955, 6946.22, 41499.1, 46.0763, 3.99085e+06
0.0749938, 6946.22, 41525.6, 46.0763, 3.99084e+06
0.0750326, 6946.21, 41552.2, 46.0763, 3.99083e+06
0.0750714, 6946.21, 41578.8, 46.0763, 3.99082e+06
0.0751102, 6946.21, 41605.4, 46.0763, 3.99081e+06
0.075149, 6946.2, 41632, 46.0763, 3.9908e+06
0.0751878, 6946.2, 41658.6, 46.0763, 3.99079e+06
0.0752266, 6946.19, 41685.3, 46.0763, 3.99078e+06
0.0752654, 6946.19, 41712, 46.0763, 3.99077e+06
0.0753042, 6946.18, 41738.7, 46.0763, 3.99076e+06
0.075343, 6946.18, 41765.5, 46.0763, 3.99075e+06
0.0753818, 6946.17, 41792.2, 46.0763, 3.99074e+06
0.0754206, 6946.17, 41819, 46.0763, 3.99073e+06
0.0754594, 6946.16, 41845.8, 46.0763, 3.99072e+06
0.0754982, 6946.16, 41872.6, 46.0763, 3.99071e+06
0.075537, 6946.15, 41899.5, 46.0763, 3.9907e+06
0.0755758, 6946.15, 41926.3, 46.0763, 3.99069e+06
0.0756146, 6946.14, 41953.2, 46.0763, 3.99069e+06
0.0756534, 6946.14, 41980.1, 46.0763, 3.99068e+06
0.0756922, 6946.13, 42007.1, 46.0763, 3.99067e+06
0.075731, 6946.13, 42034, 46.0763, 3.99066e+06
0.0757698, 6946.12, 42061, 46.0763, 3.99065e+06
0.0758086, 6946.12, 42088, 46.0763, 3.99065e+06
0.0758474, 6946.11, 42115.1, 46.0763, 3.99064e+06
0.0758862, 6946.11, 42142.1, 46.0763, 3.99063e+06
0.075925, 6946.1, 42169.2, 46.0763, 3.99062e+06
0.0759638, 6946.1, 42196.3, 46.0763, 3.99061e+06
0.0760026, 6946.09, 42223.4, 46.0763, 3.99061e+06
0.0760414, 6946.09, 42250.6, 46.0763, 3.9906e+06
0.0760802, 6946.08, 42277.7, 46.0763, 3.99059e+06
0.076119, 6946.08, 42304.9, 46.0763, 3.99058e+06
0.0761578, 6946.07, 42332.1, 46.0763, 3.99058e+06
0.0761966, 6946.06, 42359.4, 46.0763, 3.99057e+06
0.0762354, 6946.06, 42386.6, 46.0763, 3.99057e+06
0.0762742, 6946.05, 42413.9, 46.0763, 3.99056e+06
0.076313, 6946.05, 42441.2, 46.0763, 3.99056e+06
0.0763518, 6946.04, 42468.5, 46.0763, 3.99055e+06
0.0763906, 6946.04, 42495.9, 46.0763, 3.99055e+06
0.0764294, 6946.03, 42523.3, 46.0763, 3.99054e+06
0.0764682, 6946.02, 42550.7, 46.0763, 3.99054e+06
0.076507, 6946.02, 42578.1, 46.0763, 3.99054e+06
0.0765458, 6946.01, 42605.5, 46.0763, 3.99053e+06
0.0765846, 6946.01, 42633, 46.0763, 3.99053e+06
0.0766234, 6946, 42660.5, 46.0763, 3.99052e+06
0.0766622, 6945.99, 42688, 46.0763, 3.99052e+06
0.076701, 6945.99, 42715.5, 46.0763, 3.99052e+06
0.0767398, 6945.98, 42743.1, 46.0763, 3.99051e+06
0.0767786, 6945.97, 42770.6, 46.0763, 3.99051e+06
0.0768174, 6945.97, 42798.2, 46.0763, 3.99051e+06
0.0768562, 6945.96, 42825.9, 46.0763, 3.99051e+06
0.076895, 6945.96, 42853.5, 46.0763, 3.9905e+06
0.0769338, 6945.95, 42881.2, 46.0763, 3.9905e+06
0.0769726, 6945.94, 42908.9, 46.0763, 3.9905e+06
0.0770114, 6945.94, 42936.6, 46.0763, 3.9905e+06
0.0770502, 6945.93, 42964.3, 46.0763, 3.9905e+06
0.077089, 6945.92, 42992.1, 46.0763, 3.9905e+06
0.0771278, 6945.92, 43019.9, 46.0763, 3.9905e+06
0.0771666, 6945.91, 43047.7, 46.0763, 3.9905e+06
0.0772054, 6945.9, 43075.5, 46.0763, 3.9905e+06
0.0772442, 6945.9, 43103.4, 46.0763, 3.9905e+06
0.077283, 6945.89, 43131.3, 46.0763, 3.99049e+06
0.0773218, 6945.88, 43159.2, 46.0763, 3.99049e+06
0.0773606, 6945.88, 43187.1, 46.0763, 3.99049e+06
0.0773994, 6945.87, 43215.1, 46.0763, 3.99049e+06
0.0774382, 6945.87, 43243, 46.0763, 3.99049e+06
0.077477, 6945.86, 43271, 46.0763, 3.99049e+06
0.0775158, 6945.85, 43299.1, 46.0763, 3.99049e+06
0.0775546, 6945.85, 43327.1, 46.0763, 3.99049e+06
0.0775934, 6945.84, 43355.2, 46.0763, 3.99049e+06
0.0776322, 6945.83, 43383.3, 46.0763, 3.99049e+06
0.0776711, 6945.83, 43411.4, 46.0763, 3.99049e+06
0.0777099, 6945.82, 43439.5, 46.0763, 3.99048e+06
0.0777487, 6945.81, 43467.7, 46.0763, 3.99048e+06
0.0777875, 6945.81, 43495.9, 46.0763, 3.99048e+06
0.0778263, 6945.8, 43524.1, 46.0763, 3.99048e+06
0.0778651, 6945.79, 43552.3, 46.0763, 3.99048e+06
0.0779039, 6945.79, 43580.6, 46.0763, 3.99048e+06
0.0779427, 6945.78, 43608.9, 46.0763, 3.99048e+06
0.0779815, 6945.77, 43637.2, 46.0763, 3.99048e+06
0.0780203, 6945.77, 43665.5, 46.0763, 3.99048e+06
0.0780591, 6945.76, 43693.8, 46.0763, 3.99048e+06
0.0780979, 6945.75, 43722.2, 46.0763, 3.99048e+06
0.0781367, 6945.75, 43750.6, 46.0763, 3.99047e+06
0.0781755, 6945.74, 43779, 46.0763, 3.99047e+06
0.0782143, 6945.74, 43807.5, 46.0763, 3.99047e+06
0.0782531, 6945.73, 43836, 46.0763, 3.99046e+06
0.0782919, 6945.72, 43864.4, 46.0763, 3.99046e+06
0.0783307, 6945.72, 43893, 46.0763, 3.99046e+06
0.0783695, 6945.71, 43921.5, 46.0763, 3.99045e+06
0.0784083, 6945.7, 43950.1, 46.0763, 3.99045e+06
0.0784471, 6945.7, 43978.7, 46.0763, 3.99044e+06
0.078486, 6945.69, 44007.3, 46.0763, 3.99044e+06
0.0785248, 6945.69, 44035.9, 46.0763, 3.99043e+06
0.0785636, 6945.68, 44064.6, 46.0763, 3.99042e+06
0.0786024, 6945.67, 44093.3, 46.0763, 3.99042e+06
0.0786412, 6945.67, 44122, 46.0763, 3.99041e+06
0.07868, 6945.66, 44150.7, 46.0763, 3.99041e+06
0.0787188, 6945.65, 44179.5, 46.0763, 3.9904e+06
0.0787576, 6945.65, 44208.2, 46.0763, 3.9904e+06
0.0787964, 6945.64, 44237.1, 46.0763, 3.99039e+06
0.0788352, 6945.64, 44265.9, 46.0763, 3.99038e+06
0.078874, 6945.63, 44294.7, 46.0763, 3.99038e+06
0.0789128, 6945.62, 44323.6, 46.0763, 3.99037e+06
0.0789516, 6945.62, 44352.5, 46.0763, 3.99036e+06
0.0789904, 6945.61, 44381.5, 46.0763, 3.99035e+06
0.0790292, 6945.61, 44410.4, 46.0763, 3.99034e+06
0.079068, 6945.6, 44439.4, 46.0763, 3.99033e+06
0.0791069, 6945.59, 44468.4, 46.0763, 3.99032e+06
0.0791457, 6945.59, 44497.4, 46.0763, 3.99031e+06
0.0791845, 6945.58, 44526.5, 46.0763, 3.9903e+06
0.0792233, 6945.58, 44555.5, 46.0763, 3.99029e+06
0.0792621, 6945.57, 44584.6, 46.0763, 3.99028e+06
0.0793009, 6945.56, 44613.8, 46.0763, 3.99027e+06
0.0793397, 6945.56, 44642.9, 46.0763, 3.99026e+06
0.0793785, 6945.55, 44672.1, 46.0763, 3.99025e+06
0.0794173, 6945.54, 44701.3, 46.0763, 3.99023e+06
0.0794561, 6945.54, 44730.5, 46.0763, 3.99022e+06
0.0794949, 6945.53, 44759.8, 46.0763, 3.99021e+06
0.0795337, 6945.53, 44789, 46.0763, 3.9902e+06
0.0795725, 6945.52, 44818.3, 46.0763, 3.99019e+06
0.0796113, 6945.51, 44847.6, 46.0763, 3.99018e+06
0.0796502, 6945.51, 44877, 46.0763, 3.99017e+06
0.079689, 6945.5, 44906.3, 46.0763, 3.99016e+06
0.0797278, 6945.49, 44935.7, 46.0763, 3.99014e+06
0.0797666, 6945.49, 44965.1, 46.0763, 3.99013e+06
0.0798054, 6945.48, 44994.6, 46.0763, 3.99012e+06
0.0798442, 6945.48, 45024.1, 46.0763, 3.99011e+06
0.079883, 6945.47, 45053.5, 46.0763, 3.9901e+06
0.0799218, 6945.46, 45083.1, 46.0763, 3.99009e+06
0.0799606, 6945.46, 45112.6, 46.0763, 3.99008e+06
0.0799994, 6945.45, 45142.2, 46.0763, 3.99007e+06
0.0800382, 6945.44, 45171.8, 46.0763, 3.99005e+06
0.0800771, 6945.44, 45201.4, 46.0763, 3.99004e+06
0.0801159, 6945.43, 45231, 46.0763, 3.99003e+06
0.0801547, 6945.42, 45260.7, 46.0763, 3.99002e+06
0.0801935, 6945.42, 45290.4, 46.0763, 3.99001e+06
0.0802323, 6945.41, 45320.1, 46.0763, 3.99e+06
0.0802711, 6945.4, 45349.8, 46.0763, 3.98999e+06
0.0803099, 6945.39, 45379.6, 46.0763, 3.98998e+06
0.0803487, 6945.39, 45409.4, 46.0763, 3.98997e+06
0.0803875, 6945.38, 45439.2, 46.0763, 3.98996e+06
0.0804263, 6945.37, 45469, 46.0763, 3.98995e+06
0.0804652, 6945.37, 45498.9, 46.0763, 3.98994e+06
0.080504, 6945.36, 45528.8, 46.0763, 3.98993e+06
0.0805428, 6945.35, 45558.7, 46.0763, 3.98993e+06
0.0805816, 6945.34, 45588.6, 46.0763, 3.98992e+06
0.0806204, 6945.34, 45618.6, 46.0763, 3.98991e+06
0.0806592, 6945.33, 45648.6, 46.0763, 3.9899e+06
0.080698, 6945.32, 45678.6, 46.0763, 3.98989e+06
0.0807368, 6945.31, 45708.6, 46.0763, 3.98988e+06
0.0807757, 6945.31, 45738.7, 46.0763, 3.98988e+06
0.0808145, 6945.3, 45768.8, 46.0763, 3.98987e+06
0.0808533, 6945.29, 45798.9, 46.0763, 3.98986e+06
0.0808921, 6945.28, 45829.1, 46.0763, 3.98985e+06
0.0809309, 6945.28, 45859.2, 46.0763, 3.98985e+06
0.0809697, 6945.27, 45889.4, 46.0763, 3.98984e+06
0.0810085, 6945.26, 45919.6, 46.0763, 3.98984e+06
0.0810473, 6945.25, 45949.9, 46.0763, 3.98983e+06
0.0810862, 6945.24, 45980.2, 46.0763, 3.98983e+06
0.081125, 6945.24, 46010.4, 46.0763, 3.98982e+06
0.0811638, 6945.23, 46040.8, 46.0763, 3.98982e+06
0.0812026, 6945.22, 46071.1, 46.0763, 3.98982e+06
0.0812414, 6945.21, 46101.5, 46.0763, 3.98981e+06
0.0812802, 6945.2, 46131.9, 46.0763, 3.98981e+06
0.0813191, 6945.19, 46162.3, 46.0763, 3.98981e+06
0.0813579, 6945.19, 46192.8, 46.0763, 3.98981e+06
0.0813967, 6945.18, 46223.2, 46.0763, 3.9898e+06
0.0814355, 6945.17, 46253.7, 46.0763, 3.9898e+06
0.0814743, 6945.16, 46284.3, 46.0763, 3.9898e+06
0.0815131, 6945.15, 46314.8, 46.0763, 3.9898e+06
0.081552, 6945.14, 46345.4, 46.0763, 3.9898e+06
0.0815908, 6945.13, 46376, 46.0763, 3.98979e+06
0.0816296, 6945.12, 46406.6, 46.0763, 3.98979e+06
0.0816684, 6945.12, 46437.3, 46.0763, 3.98979e+06
0.0817072, 6945.11, 46467.9, 46.0763, 3.98979e+06
0.081746, 6945.1, 46498.6, 46.0763, 3.98979e+06
0.0817849, 6945.09, 46529.4, 46.0763, 3.98979e+06
0.0818237, 6945.08, 46560.1, 46.0763, 3.98979e+06
0.0818625, 6945.07, 46590.9, 46.0763, 3.98979e+06
0.0819013, 6945.06, 46621.7, 46.0763, 3.98979e+06
0.0819401, 6945.05, 46652.5, 46.0763, 3.98979e+06
0.081979, 6945.04, 46683.4, 46.0763, 3.98979e+06
0.0820178, 6945.03, 46714.3, 46.0763, 3.98979e+06
0.0820566, 6945.02, 46745.2, 46.0763, 3.98979e+06
0.0820954, 6945.02, 46776.1, 46.0763, 3.98979e+06
0.0821342, 6945.01, 46807.1, 46.0763, 3.98979e+06
0.082173, 6945, 46838.1, 46.0763, 3.98978e+06
0.0822119, 6944.99, 46869.1, 46.0763, 3.98978e+06
0.0822507, 6944.98, 46900.1, 46.0763, 3.98978e+06
0.0822895, 6944.97, 46931.2, 46.0763, 3.98978e+06
0.0823283, 6944.96, 46962.3, 46.0763, 3.98978e+06
0.0823672, 6944.95, 46993.4, 46.0763, 3.98978e+06
0.082406, 6944.94, 47024.6, 46.0763, 3.98978e+06
0.0824448, 6944.93, 47055.7, 46.0763, 3.98978e+06
0.0824836, 6944.92, 47086.9, 46.0763, 3.98977e+06
0.0825224, 6944.91, 47118.2, 46.0763, 3.98977e+06
0.0825613, 6944.9, 47149.4, 46.0763, 3.98977e+06
0.0826001, 6944.89, 47180.7, 46.0763, 3.98977e+06
0.0826389, 6944.88, 47212, 46.0763, 3.98977e+06
0.0826777, 6944.87, 47243.3, 46.0763, 3.98977e+06
0.0827166, 6944.86, 47274.7, 46.0763, 3.98977e+06
0.0827554, 6944.85, 47306.1, 46.0763, 3.98977e+06
0.0827942, 6944.84, 47337.5, 46.0763, 3.98976e+06
0.082833, 6944.83, 47368.9, 46.0763, 3.98976e+06
0.0828718, 6944.82, 47400.4, 46.0763, 3.98976e+06
0.0829107, 6944.81, 47431.8, 46.0763, 3.98976e+06
0.0829495, 6944.8, 47463.4, 46.0763, 3.98975e+06
0.0829883, 6944.79, 47494.9, 46.0763, 3.98975e+06
0.0830271, 6944.78, 47526.5, 46.0763, 3.98974e+06
0.083066, 6944.77, 47558, 46.0763, 3.98974e+06
0.0831048, 6944.76, 47589.7, 46.0763, 3.98973e+06
0.0831436, 6944.76, 47621.3, 46.0763, 3.98973e+06
0.0831824, 6944.75, 47653, 46.0763, 3.98972e+06
0.0832213, 6944.74, 47684.7, 46.0763, 3.98972e+06
0.0832601, 6944.73, 47716.4, 46.0763, 3.98971e+06
0.0832989, 6944.72, 47748.1, 46.0763, 3.9897e+06
0.0833377, 6944.71, 47779.9, 46.0763, 3.9897e+06
0.0833766, 6944.7, 47811.7, 46.0763, 3.98969e+06
0.0834154, 6944.69, 47843.5, 46.0763, 3.98968e+06
0.0834542, 6944.68, 47875.4, 46.0763, 3.98968e+06
0.0834931, 6944.67, 47907.2, 46.0763, 3.98967e+06
0.0835319, 6944.66, 47939.1, 46.0763, 3.98966e+06
0.0835707, 6944.65, 47971.1, 46.0763, 3.98965e+06
0.0836095, 6944.64, 48003, 46.0763, 3.98965e+06
0.0836484, 6944.63, 48035, 46.0763, 3.98964e+06
0.0836872, 6944.62, 48067, 46.0763, 3.98963e+06
0.083726, 6944.61, 48099.1, 46.0763, 3.98962e+06
0.0837648, 6944.6, 48131.2, 46.0763, 3.98961e+06
0.0838037, 6944.59, 48163.3, 46.0763, 3.9896e+06
0.0838425, 6944.58, 48195.4, 46.0763, 3.98959e+06
0.0838813, 6944.57, 48227.5, 46.0763, 3.98958e+06
0.0839202, 6944.56, 48259.7, 46.0763, 3.98957e+06
0.083959, 6944.55, 48291.9, 46.0763, 3.98956e+06
0.0839978, 6944.55, 48324.2, 46.0763, 3.98955e+06
0.0840366, 6944.54, 48356.4, 46.0763, 3.98954e+06
0.0840755, 6944.53, 48388.7, 46.0763, 3.98952e+06
0.0841143, 6944.52, 48421, 46.0763, 3.98951e+06
0.0841531, 6944.51, 48453.4, 46.0763, 3.9895e+06
0.084192, 6944.5, 48485.7, 46.0763, 3.98949e+06
0.0842308, 6944.49, 48518.1, 46.0763, 3.98948e+06
0.0842696, 6944.48, 48550.6, 46.0763, 3.98947e+06
0.0843084, 6944.47, 48583, 46.0763, 3.98946e+06
0.0843473, 6944.46, 48615.5, 46.0763, 3.98945e+06
0.0843861, 6944.45, 48648, 46.0763, 3.98945e+06
0.0844249, 6944.44, 48680.5, 46.0763, 3.98944e+06
0.0844638, 6944.43, 48713.1, 46.0763, 3.98943e+06
0.0845026, 6944.42, 48745.7, 46.0763, 3.98941e+06
0.0845414, 6944.41, 48778.3, 46.0763, 3.9894e+06
0.0845803, 6944.4, 48810.9, 46.0763, 3.98939e+06
0.0846191, 6944.39, 48843.6, 46.0763, 3.98938e+06
0.0846579, 6944.38, 48876.3, 46.0763, 3.98937e+06
0.0846967, 6944.37, 48909.1, 46.0763, 3.98936e+06
0.0847356, 6944.37, 48941.8, 46.0763, 3.98934e+06
0.0847744, 6944.36, 48974.6, 46.0763, 3.98933e+06
0.0848132, 6944.35, 49007.4, 46.0763, 3.98932e+06
0.0848521, 6944.34, 49040.2, 46.0763, 3.98931e+06
0.0848909, 6944.33, 49073.1, 46.0763, 3.9893e+06
0.0849297, 6944.32, 49106, 46.0763, 3.98928e+06
0.0849686, 6944.31, 49138.9, 46.0763, 3.98927e+06
0.0850074, 6944.3, 49171.9, 46.0763, 3.98926e+06
0.0850462, 6944.29, 49204.9, 46.0763, 3.98925e+06
0.0850851, 6944.28, 49237.9, 46.0763, 3.98924e+06
0.0851239, 6944.27, 49270.9, 46.0763, 3.98924e+06
0.0851627, 6944.26, 49304, 46.0763, 3.98923e+06
0.0852016, 6944.25, 49337.1, 46.0763, 3.98922e+06
0.0852404, 6944.24, 49370.2, 46.0763, 3.98921e+06
0.0852792, 6944.23, 49403.3, 46.0763, 3.9892e+06
0.0853181, 6944.22, 49436.5, 46.0763, 3.9892e+06
0.0853569, 6944.21, 49469.7, 46.0763, 3.98919e+06
0.0853958, 6944.2, 49503, 46.0763, 3.98918e+06
0.0854346, 6944.18, 49536.2, 46.0763, 3.98917e+06
0.0854734, 6944.17, 49569.5, 46.0763, 3.98917e+06
0.0855123, 6944.16, 49602.8, 46.0763, 3.98916e+06
0.0855511, 6944.15, 49636.2, 46.0763, 3.98915e+06
0.0855899, 6944.14, 49669.6, 46.0763, 3.98915e+06
0.0856288, 6944.13, 49703, 46.0763, 3.98914e+06
0.0856676, 6944.12, 49736.4, 46.0763, 3.98914e+06
0.0857064, 6944.11, 49769.9, 46.0763, 3.98913e+06
0.0857453, 6944.1, 49803.4, 46.0763, 3.98913e+06
0.0857841, 6944.09, 49836.9, 46.0763, 3.98912e+06
0.085823, 6944.08, 49870.4, 46.0763, 3.98912e+06
0.0858618, 6944.07, 49904, 46.0763, 3.98912e+06
0.0859006, 6944.05, 49937.6, 46.0763, 3.98912e+06
0.0859395, 6944.04, 49971.3, 46.0763, 3.98911e+06
0.0859783, 6944.03, 50004.9, 46.0763, 3.98911e+06
0.0860172, 6944.02, 50038.6, 46.0763, 3.98911e+06
0.086056, 6944.01, 50072.3, 46.0763, 3.98911e+06
0.0860948, 6944, 50106.1, 46.0763, 3.9891e+06
0.0861337, 6943.99, 50139.9, 46.0763, 3.9891e+06
0.0861725, 6943.97, 50173.7, 46.0763, 3.9891e+06
0.0862114, 6943.96, 50207.5, 46.0763, 3.9891e+06
0.0862502, 6943.95, 50241.4, 46.0763, 3.9891e+06
0.086289, 6943.94, 50275.3, 46.0763, 3.9891e+06
0.0863279, 6943.93, 50309.2, 46.0763, 3.9891e+06
0.0863667, 6943.91, 50343.2, 46.0763, 3.9891e+06
0.0864056, 6943.9, 50377.1, 46.0763, 3.9891e+06
0.0864444, 6943.89, 50411.2, 46.0763, 3.9891e+06
0.0864832, 6943.88, 50445.2, 46.0763, 3.9891e+06
0.0865221, 6943.87, 50479.3, 46.0763, 3.9891e+06
0.0865609, 6943.85, 50513.4, 46.0763, 3.9891e+06
0.0865998, 6943.84, 50547.5, 46.0763, 3.9891e+06
0.0866386, 6943.83, 50581.6, 46.0763, 3.98911e+06
0.0866775, 6943.82, 50615.8, 46.0763, 3.98911e+06
0.0867163, 6943.8, 50650, 46.0763, 3.98911e+06
0.0867552, 6943.79, 50684.3, 46.0763, 3.98912e+06
0.086794, 6943.78, 50718.5, 46.0763, 3.98912e+06
0.0868328, 6943.77, 50752.8, 46.0763, 3.98912e+06
0.0868717, 6943.75, 50787.2, 46.0763, 3.98912e+06
0.0869105, 6943.74, 50821.5, 46.0763, 3.98913e+06
0.0869494, 6943.73, 50855.9, 46.0763, 3.98913e+06
0.0869882, 6943.71, 50890.3, 46.0763, 3.98913e+06
0.0870271, 6943.7, 50924.8, 46.0763, 3.98913e+06
0.0870659, 6943.69, 50959.2, 46.0763, 3.98913e+06
0.0871048, 6943.68, 50993.7, 46.0763, 3.98914e+06
0.0871436, 6943.66, 51028.3, 46.0763, 3.98914e+06
0.0871825, 6943.65, 51062.8, 46.0763, 3.98914e+06
0.0872213, 6943.64, 51097.4, 46.0763, 3.98914e+06
0.0872602, 6943.62, 51132.1, 46.0763, 3.98914e+06
0.087299, 6943.61, 51166.7, 46.0763, 3.98915e+06
0.0873379, 6943.6, 51201.4, 46.0763, 3.98915e+06
0.0873767, 6943.58, 51236.1, 46.0763, 3.98915e+06
0.0874156, 6943.57, 51270.8, 46.0763, 3.98915e+06
0.0874544, 6943.56, 51305.6, 46.0763, 3.98915e+06
0.0874933, 6943.54, 51340.4, 46.0763, 3.98915e+06
0.0875321, 6943.53, 51375.2, 46.0763, 3.98915e+06
0.087571, 6943.52, 51410.1, 46.0763, 3.98915e+06
0.0876098, 6943.5, 51445, 46.0763, 3.98915e+06
0.0876487, 6943.49, 51479.9, 46.0763, 3.98915e+06
0.0876875, 6943.48, 51514.9, 46.0763, 3.98914e+06
0.0877264, 6943.46, 51549.8, 46.0763, 3.98914e+06
0.0877652, 6943.45, 51584.9, 46.0763, 3.98914e+06
0.0878041, 6943.44, 51619.9, 46.0763, 3.98913e+06
0.087843, 6943.42, 51655, 46.0763, 3.98913e+06
0.0878818, 6943.41, 51690.1, 46.0763, 3.98912e+06
0.0879207, 6943.4, 51725.2, 46.0763, 3.98912e+06
0.0879595, 6943.38, 51760.4, 46.0763, 3.98911e+06
0.0879984, 6943.37, 51795.6, 46.0763, 3.98911e+06
0.0880372, 6943.36, 51830.8, 46.0763, 3.9891e+06
0.0880761, 6943.34, 51866, 46.0763, 3.9891e+06
0.0881149, 6943.33, 51901.3, 46.0763, 3.9891e+06
0.0881538, 6943.32, 51936.7, 46.0763, 3.98909e+06
0.0881926, 6943.3, 51972, 46.0763, 3.98909e+06
0.0882315, 6943.29, 52007.4, 46.0763, 3.98908e+06
0.0882704, 6943.28, 52042.8, 46.0763, 3.98907e+06
0.0883092, 6943.26, 52078.2, 46.0763, 3.98906e+06
0.0883481, 6943.25, 52113.7, 46.0763, 3.98905e+06
0.0883869, 6943.24, 52149.2, 46.0763, 3.98904e+06
0.0884258, 6943.22, 52184.8, 46.0763, 3.98903e+06
0.0884646, 6943.21, 52220.3, 46.0763, 3.98902e+06
0.0885035, 6943.2, 52255.9, 46.0763, 3.98901e+06
0.0885424, 6943.18, 52291.6, 46.0763, 3.989e+06
0.0885812, 6943.17, 52327.2, 46.0763, 3.98899e+06
0.0886201, 6943.16, 52362.9, 46.0763, 3.98898e+06
0.0886589, 6943.14, 52398.6, 46.0763, 3.98897e+06
0.0886978, 6943.13, 52434.4, 46.0763, 3.98896e+06
0.0887367, 6943.12, 52470.2, 46.0763, 3.98894e+06
0.0887755, 6943.11, 52506, 46.0763, 3.98893e+06
0.0888144, 6943.09, 52541.9, 46.0763, 3.98891e+06
0.0888532, 6943.08, 52577.7, 46.0763, 3.9889e+06
0.0888921, 6943.07, 52613.7, 46.0763, 3.98889e+06
0.088931, 6943.05, 52649.6, 46.0763, 3.98888e+06
0.0889698, 6943.04, 52685.6, 46.0763, 3.98886e+06
0.0890087, 6943.03, 52721.6, 46.0763, 3.98885e+06
0.0890475, 6943.01, 52757.6, 46.0763, 3.98884e+06
0.0890864, 6943, 52793.7, 46.0763, 3.98883e+06
0.0891253, 6942.99, 52829.8, 46.0763, 3.98881e+06
0.0891641, 6942.97, 52865.9, 46.0763, 3.98879e+06
0.089203, 6942.96, 52902.1, 46.0763, 3.98877e+06
0.0892419, 6942.95, 52938.3, 46.0763, 3.98876e+06
0.0892807, 6942.93, 52974.5, 46.0763, 3.98874e+06
0.0893196, 6942.92, 53010.8, 46.0763, 3.98872e+06
0.0893584, 6942.91, 53047.1, 46.0763, 3.98871e+06
0.0893973, 6942.89, 53083.5, 46.0763, 3.9887e+06
0.0894362, 6942.88, 53119.8, 46.0763, 3.98868e+06
0.089475, 6942.87, 53156.3, 46.0763, 3.98867e+06
0.0895139, 6942.85, 53192.7, 46.0763, 3.98865e+06
0.0895528, 6942.84, 53229.2, 46.0763, 3.98864e+06
0.0895916, 6942.83, 53265.7, 46.0763, 3.98863e+06
0.0896305, 6942.81, 53302.2, 46.0763, 3.98861e+06
0.0896694, 6942.8, 53338.8, 46.0763, 3.9886e+06
0.0897082, 6942.79, 53375.4, 46.0763, 3.98859e+06
0.0897471, 6942.77, 53412, 46.0763, 3.98857e+06
0.089786, 6942.76, 53448.7, 46.0763, 3.98856e+06
0.0898248, 6942.75, 53485.3, 46.0763, 3.98855e+06
0.0898637, 6942.73, 53522.1, 46.0763, 3.98853e+06
0.0899026, 6942.72, 53558.8, 46.0763, 3.98852e+06
0.0899414, 6942.7, 53595.6, 46.0763, 3.98851e+06
0.0899803, 6942.69, 53632.4, 46.0763, 3.9885e+06
0.0900192, 6942.68, 53669.2, 46.0763, 3.98849e+06
0.090058, 6942.66, 53706.1, 46.0763, 3.98848e+06
0.0900969, 6942.65, 53743, 46.0763, 3.98847e+06
0.0901358, 6942.64, 53779.9, 46.0763, 3.98847e+06
0.0901747, 6942.62, 53816.9, 46.0763, 3.98846e+06
0.0902135, 6942.61, 53853.9, 46.0763, 3.98846e+06
0.0902524, 6942.59, 53890.9, 46.0763, 3.98845e+06
0.0902913, 6942.58, 53928, 46.0763, 3.98845e+06
0.0903301, 6942.56, 53965.1, 46.0763, 3.98844e+06
0.090369, 6942.55, 54002.2, 46.0763, 3.98843e+06
0.0904079, 6942.54, 54039.4, 46.0763, 3.98842e+06
0.0904467, 6942.52, 54076.6, 46.0763, 3.98841e+06
0.0904856, 6942.51, 54113.8, 46.0763, 3.98841e+06
0.0905245, 6942.49, 54151.1, 46.0763, 3.9884e+06
0.0905634, 6942.48, 54188.4, 46.0763, 3.9884e+06
0.0906022, 6942.46, 54225.7, 46.0763, 3.98839e+06
0.0906411, 6942.45, 54263.1, 46.0763, 3.98839e+06
0.09068, 6942.43, 54300.5, 46.0763, 3.98838e+06
0.0907189, 6942.42, 54337.9, 46.0763, 3.98838e+06
0.0907577, 6942.4, 54375.4, 46.0763, 3.98838e+06
0.0907966, 6942.38, 54412.9, 46.0763, 3.98838e+06
0.0908355, 6942.37, 54450.4, 46.0763, 3.98837e+06
0.0908744, 6942.35, 54488, 46.0763, 3.98837e+06
0.0909132, 6942.34, 54525.6, 46.0763, 3.98837e+06
0.0909521, 6942.32, 54563.2, 46.0763, 3.98837e+06
0.090991, 6942.31, 54600.9, 46.0763, 3.98837e+06
0.0910299, 6942.29, 54638.6, 46.0763, 3.98837e+06
0.0910687, 6942.27, 54676.3, 46.0763, 3.98838e+06
0.0911076, 6942.26, 54714.1, 46.0763, 3.98838e+06
0.0911465, 6942.24, 54751.9, 46.0763, 3.98838e+06
0.0911854, 6942.23, 54789.8, 46.0763, 3.98838e+06
0.0912242, 6942.21, 54827.6, 46.0763, 3.98838e+06
0.0912631, 6942.19, 54865.5, 46.0763, 3.98838e+06
0.091302, 6942.18, 54903.5, 46.0763, 3.98839e+06
0.0913409, 6942.16, 54941.5, 46.0763, 3.98839e+06
0.0913798, 6942.14, 54979.5, 46.0763, 3.98839e+06
0.0914186, 6942.13, 55017.5, 46.0763, 3.98839e+06
0.0914575, 6942.11, 55055.6, 46.0763, 3.98839e+06
0.0914964, 6942.09, 55093.7, 46.0763, 3.98839e+06
0.0915353, 6942.07, 55131.9, 46.0763, 3.9884e+06
0.0915742, 6942.06, 55170, 46.0763, 3.9884e+06
0.091613, 6942.04, 55208.3, 46.0763, 3.9884e+06
0.0916519, 6942.02, 55246.5, 46.0763, 3.9884e+06
0.0916908, 6942.01, 55284.8, 46.0763, 3.9884e+06
0.0917297, 6941.99, 55323.1, 46.0763, 3.98841e+06
0.0917686, 6941.97, 55361.4, 46.0763, 3.98841e+06
0.0918075, 6941.95, 55399.8, 46.0763, 3.98842e+06
0.0918463, 6941.93, 55438.3, 46.0763, 3.98842e+06
0.0918852, 6941.92, 55476.7, 46.0763, 3.98843e+06
0.0919241, 6941.9, 55515.2, 46.0763, 3.98843e+06
0.091963, 6941.88, 55553.7, 46.0763, 3.98844e+06
0.0920019, 6941.86, 55592.3, 46.0763, 3.98844e+06
0.0920408, 6941.85, 55630.9, 46.0763, 3.98844e+06
0.0920797, 6941.83, 55669.5, 46.0763, 3.98844e+06
0.0921185, 6941.81, 55708.2, 46.0763, 3.98844e+06
0.0921574, 6941.79, 55746.9, 46.0763, 3.98844e+06
0.0921963, 6941.77, 55785.6, 46.0763, 3.98843e+06
0.0922352, 6941.75, 55824.4, 46.0763, 3.98843e+06
0.0922741, 6941.74, 55863.2, 46.0763, 3.98843e+06
0.092313, 6941.72, 55902, 46.0763, 3.98842e+06
0.0923519, 6941.7, 55940.9, 46.0763, 3.98842e+06
0.0923908, 6941.68, 55979.7, 46.0763, 3.98843e+06
0.0924297, 6941.66, 56018.7, 46.0763, 3.98843e+06
0.0924685, 6941.64, 56057.7, 46.0763, 3.98843e+06
0.0925074, 6941.63, 56096.7, 46.0763, 3.98844e+06
0.0925463, 6941.61, 56135.7, 46.0763, 3.98845e+06
0.0925852, 6941.59, 56174.8, 46.0763, 3.98845e+06
0.0926241, 6941.57, 56214, 46.0763, 3.98846e+06
0.092663, 6941.55, 56253.2, 46.0763, 3.98847e+06
0.0927019, 6941.53, 56292.4, 46.0763, 3.98847e+06
0.0927408, 6941.51, 56331.7, 46.0763, 3.98847e+06
0.0927797, 6941.49, 56371, 46.0763, 3.98846e+06
0.0928186, 6941.47, 56410.4, 46.0763, 3.98846e+06
0.0928575, 6941.45, 56449.8, 46.0763, 3.98845e+06
0.0928964, 6941.44, 56489.2, 46.0763, 3.98845e+06
0.0929352, 6941.42, 56528.7, 46.0763, 3.98844e+06
0.0929741, 6941.4, 56568.2, 46.0763, 3.98843e+06
0.093013, 6941.38, 56607.7, 46.0763, 3.98843e+06
0.0930519, 6941.36, 56647.2, 46.0763, 3.98842e+06
0.0930908, 6941.34, 56686.8, 46.0763, 3.98842e+06
0.0931297, 6941.32, 56726.4, 46.0763, 3.98842e+06
0.0931686, 6941.3, 56766.1, 46.0763, 3.98842e+06
0.0932075, 6941.28, 56805.8, 46.0763, 3.98842e+06
0.0932464, 6941.26, 56845.5, 46.0763, 3.98841e+06
0.0932853, 6941.24, 56885.2, 46.0763, 3.98841e+06
0.0933242, 6941.22, 56925, 46.0763, 3.9884e+06
0.0933631, 6941.2, 56964.8, 46.0763, 3.98839e+06
0.093402, 6941.18, 57004.6, 46.0763, 3.98839e+06
0.0934409, 6941.17, 57044.5, 46.0763, 3.98838e+06
0.0934798, 6941.15, 57084.4, 46.0763, 3.98837e+06
0.0935187, 6941.13, 57124.3, 46.0763, 3.98836e+06
0.0935576, 6941.11, 57164.3, 46.0763, 3.98835e+06
0.0935965, 6941.09, 57204.3, 46.0763, 3.98834e+06
0.0936354, 6941.07, 57244.3, 46.0763, 3.98833e+06
0.0936743, 6941.05, 57284.3, 46.0763, 3.98833e+06
0.0937132, 6941.03, 57324.4, 46.0763, 3.98832e+06
0.0937521, 6941.01, 57364.5, 46.0763, 3.98831e+06
0.093791, 6940.99, 57404.7, 46.0763, 3.98831e+06
0.0938299, 6940.97, 57444.8, 46.0763, 3.9883e+06
0.0938688, 6940.95, 57485.1, 46.0763, 3.98829e+06
0.0939077, 6940.93, 57525.3, 46.0763, 3.98829e+06
0.0939466, 6940.91, 57565.6, 46.0763, 3.98828e+06
0.0939855, 6940.89, 57605.9, 46.0763, 3.98828e+06
0.0940244, 6940.87, 57646.3, 46.0763, 3.98827e+06
0.0940633, 6940.85, 57686.7, 46.0763, 3.98827e+06
0.0941022, 6940.84, 57727.2, 46.0763, 3.98826e+06
0.0941411, 6940.82, 57767.6, 46.0763, 3.98825e+06
0.09418, 6940.8, 57808.1, 46.0763, 3.98824e+06
0.094219, 6940.78, 57848.7, 46.0763, 3.98823e+06
0.0942579, 6940.76, 57889.3, 46.0763, 3.98822e+06
0.0942968, 6940.74, 57929.9, 46.0763, 3.98821e+06
0.0943357, 6940.72, 57970.5, 46.0763, 3.9882e+06
0.0943746, 6940.7, 58011.2, 46.0763, 3.98819e+06
0.0944135, 6940.68, 58051.9, 46.0763, 3.98818e+06
0.0944524, 6940.66, 58092.7, 46.0763, 3.98817e+06
0.0944913, 6940.64, 58133.5, 46.0763, 3.98816e+06
0.0945302, 6940.62, 58174.3, 46.0763, 3.98815e+06
0.0945691, 6940.6, 58215.2, 46.0763, 3.98814e+06
0.094608, 6940.58, 58256.1, 46.0763, 3.98813e+06
0.0946469, 6940.56, 58297, 46.0763, 3.98812e+06
0.0946859, 6940.54, 58338, 46.0763, 3.98811e+06
0.0947248, 6940.52, 58379, 46.0763, 3.9881e+06
0.0947637, 6940.5, 58420.1, 46.0763, 3.98809e+06
0.0948026, 6940.48, 58461.2, 46.0763, 3.98808e+06
0.0948415, 6940.46, 58502.3, 46.0763, 3.98807e+06
0.0948804, 6940.44, 58543.5, 46.0763, 3.98807e+06
0.0949193, 6940.42, 58584.7, 46.0763, 3.98806e+06
0.0949582, 6940.4, 58625.9, 46.0763, 3.98805e+06
0.0949972, 6940.38, 58667.3, 46.0763, 3.98804e+06
0.0950361, 6940.36, 58708.6, 46.0763, 3.98803e+06
0.095075, 6940.34, 58750, 46.0763, 3.98803e+06
0.0951139, 6940.32, 58791.4, 46.0763, 3.98802e+06
0.0951528, 6940.3, 58832.9, 46.0763, 3.98801e+06
0.0951917, 6940.28, 58874.4, 46.0763, 3.988e+06
0.0952306, 6940.26, 58915.9, 46.0763, 3.988e+06
0.0952696, 6940.24, 58957.5, 46.0763, 3.98799e+06
0.0953085, 6940.22, 58999.1, 46.0763, 3.98798e+06
0.0953474, 6940.2, 59040.8, 46.0763, 3.98797e+06
0.0953863, 6940.17, 59082.5, 46.0763, 3.98796e+06
0.0954252, 6940.15, 59124.2, 46.0763, 3.98796e+06
0.0954642, 6940.13, 59166, 46.0763, 3.98795e+06
0.0955031, 6940.11, 59207.8, 46.0763, 3.98794e+06
0.095542, 6940.09, 59249.7, 46.0763, 3.98793e+06
0.0955809, 6940.07, 59291.6, 46.0763, 3.98791e+06
0.0956198, 6940.05, 59333.5, 46.0763, 3.9879e+06
0.0956588, 6940.03, 59375.5, 46.0763, 3.98789e+06
0.0956977, 6940, 59417.5, 46.0763, 3.98787e+06
0.0957366, 6939.98, 59459.5, 46.0763, 3.98786e+06
0.0957755, 6939.96, 59501.6, 46.0763, 3.98784e+06
0.0958144, 6939.94, 59543.7, 46.0763, 3.98783e+06
0.0958534, 6939.92, 59585.9, 46.0763, 3.98782e+06
0.0958923, 6939.9, 59628.1, 46.0763, 3.98781e+06
0.0959312, 6939.87, 59670.3, 46.0763, 3.9878e+06
0.0959701, 6939.85, 59712.6, 46.0763, 3.9878e+06
0.096009, 6939.83, 59754.9, 46.0763, 3.9878e+06
0.096048, 6939.81, 59797.3, 46.0763, 3.98781e+06
0.0960869, 6939.78, 59839.7, 46.0763, 3.98781e+06
0.0961258, 6939.76, 59882.2, 46.0763, 3.98782e+06
0.0961647, 6939.74, 59924.7, 46.0763, 3.98783e+06
0.0962037, 6939.72, 59967.2, 46.0763, 3.98783e+06
0.0962426, 6939.69, 60009.8, 46.0763, 3.98783e+06
0.0962815, 6939.67, 60052.5, 46.0763, 3.98783e+06
0.0963205, 6939.65, 60095.1, 46.0763, 3.98783e+06
0.0963594, 6939.62, 60137.9, 46.0763, 3.98782e+06
0.0963983, 6939.6, 60180.6, 46.0763, 3.98781e+06
0.0964372, 6939.58, 60223.5, 46.0763, 3.9878e+06
0.0964762, 6939.55, 60266.3, 46.0763, 3.98779e+06
0.0965151, 6939.53, 60309.2, 46.0763, 3.98778e+06
0.096554, 6939.51, 60352.2, 46.0763, 3.98777e+06
0.096593, 6939.48, 60395.1, 46.0763, 3.98776e+06
0.0966319, 6939.46, 60438.2, 46.0763, 3.98776e+06
0.0966708, 6939.43, 60481.2, 46.0763, 3.98775e+06
0.0967097, 6939.41, 60524.3, 46.0763, 3.98774e+06
0.0967487, 6939.38, 60567.5, 46.0763, 3.98774e+06
0.0967876, 6939.36, 60610.7, 46.0763, 3.98774e+06
0.0968265, 6939.34, 60654, 46.0763, 3.98774e+06
0.0968655, 6939.31, 60697.3, 46.0763, 3.98773e+06
0.0969044, 6939.29, 60740.7, 46.0763, 3.98773e+06
0.0969433, 6939.26, 60784.1, 46.0763, 3.98773e+06
0.0969823, 6939.24, 60827.5, 46.0763, 3.98773e+06
0.0970212, 6939.21, 60871, 46.0763, 3.98773e+06
0.0970601, 6939.18, 60914.5, 46.0763, 3.98773e+06
0.0970991, 6939.16, 60958, 46.0763, 3.98773e+06
0.097138, 6939.13, 61001.6, 46.0763, 3.98773e+06
0.0971769, 6939.11, 61045.2, 46.0763, 3.98773e+06
0.0972159, 6939.08, 61088.9, 46.0763, 3.98773e+06
0.0972548, 6939.06, 61132.6, 46.0763, 3.98773e+06
0.0972937, 6939.03, 61176.4, 46.0763, 3.98773e+06
0.0973327, 6939.01, 61220.1, 46.0763, 3.98773e+06
0.0973716, 6938.98, 61264, 46.0763, 3.98774e+06
0.0974106, 6938.95, 61307.8, 46.0763, 3.98774e+06
0.0974495, 6938.93, 61351.7, 46.0763, 3.98774e+06
0.0974884, 6938.9, 61395.7, 46.0763, 3.98774e+06
0.0975274, 6938.87, 61439.7, 46.0763, 3.98775e+06
0.0975663, 6938.85, 61483.8, 46.0763, 3.98775e+06
0.0976053, 6938.82, 61527.8, 46.0763, 3.98775e+06
0.0976442, 6938.8, 61571.9, 46.0763, 3.98775e+06
0.0976831, 6938.77, 61616.1, 46.0763, 3.98775e+06
0.0977221, 6938.74, 61660.3, 46.0763, 3.98775e+06
0.097761, 6938.71, 61704.5, 46.0763, 3.98774e+06
0.0978, 6938.69, 61748.8, 46.0763, 3.98774e+06
0.0978389, 6938.66, 61793.1, 46.0763, 3.98774e+06
0.0978778, 6938.63, 61837.4, 46.0763, 3.98773e+06
0.0979168, 6938.61, 61881.8, 46.0763, 3.98773e+06
0.0979557, 6938.58, 61926.2, 46.0763, 3.98773e+06
0.0979947, 6938.55, 61970.7, 46.0763, 3.98774e+06
0.0980336, 6938.52, 62015.2, 46.0763, 3.98774e+06
0.0980726, 6938.5, 62059.7, 46.0763, 3.98774e+06
0.0981115, 6938.47, 62104.3, 46.0763, 3.98775e+06
0.0981505, 6938.44, 62148.9, 46.0763, 3.98775e+06
0.0981894, 6938.41, 62193.6, 46.0763, 3.98775e+06
0.0982283, 6938.39, 62238.2, 46.0763, 3.98776e+06
0.0982673, 6938.36, 62282.9, 46.0763, 3.98776e+06
0.0983062, 6938.33, 62327.6, 46.0763, 3.98776e+06
0.0983452, 6938.3, 62372.3, 46.0763, 3.98776e+06
0.0983841, 6938.27, 62417, 46.0763, 3.98776e+06
0.0984231, 6938.24, 62461.8, 46.0763, 3.98776e+06
0.098462, 6938.22, 62506.6, 46.0763, 3.98776e+06
0.098501, 6938.19, 62551.4, 46.0763, 3.98776e+06
0.0985399, 6938.16, 62596.3, 46.0763, 3.98776e+06
0.0985789, 6938.13, 62641.3, 46.0763, 3.98776e+06
0.0986178, 6938.1, 62686.2, 46.0763, 3.98777e+06
0.0986568, 6938.07, 62731.2, 46.0763, 3.98777e+06
0.0986957, 6938.05, 62776.3, 46.0763, 3.98778e+06
0.0987347, 6938.02, 62821.4, 46.0763, 3.98778e+06
0.0987736, 6937.99, 62866.5, 46.0763, 3.98778e+06
0.0988126, 6937.96, 62911.7, 46.0763, 3.98779e+06
0.0988516, 6937.93, 62956.9, 46.0763, 3.98779e+06
0.0988905, 6937.9, 63002.1, 46.0763, 3.98779e+06
0.0989295, 6937.87, 63047.4, 46.0763, 3.98779e+06
0.0989684, 6937.84, 63092.7, 46.0763, 3.98779e+06
0.0990074, 6937.81, 63138, 46.0763, 3.98778e+06
0.0990463, 6937.78, 63183.4, 46.0763, 3.98778e+06
0.0990853, 6937.75, 63228.8, 46.0763, 3.98777e+06
0.0991242, 6937.72, 63274.3, 46.0763, 3.98776e+06
0.0991632, 6937.69, 63319.8, 46.0763, 3.98775e+06
0.0992022, 6937.66, 63365.3, 46.0763, 3.98774e+06
0.0992411, 6937.63, 63410.9, 46.0763, 3.98773e+06
0.0992801, 6937.6, 63456.5, 46.0763, 3.98772e+06
0.099319, 6937.57, 63502.2, 46.0763, 3.98771e+06
0.099358, 6937.54, 63547.9, 46.0763, 3.9877e+06
0.099397, 6937.51, 63593.7, 46.0763, 3.9877e+06
0.0994359, 6937.48, 63639.5, 46.0763, 3.98769e+06
0.0994749, 6937.45, 63685.4, 46.0763, 3.98768e+06
0.0995138, 6937.42, 63731.4, 46.0763, 3.98768e+06
0.0995528, 6937.39, 63777.4, 46.0763, 3.98767e+06
0.0995918, 6937.36, 63823.4, 46.0763, 3.98767e+06
0.0996307, 6937.33, 63869.5, 46.0763, 3.98766e+06
0.0996697, 6937.3, 63915.6, 46.0763, 3.98766e+06
0.0997087, 6937.27, 63961.8, 46.0763, 3.98765e+06
0.0997476, 6937.23, 64008, 46.0763, 3.98765e+06
0.0997866, 6937.2, 64054.2, 46.0763, 3.98765e+06
0.0998256, 6937.17, 64100.5, 46.0763, 3.98764e+06
0.0998645, 6937.14, 64146.8, 46.0763, 3.98764e+06
0.0999035, 6937.11, 64193.2, 46.0763, 3.98764e+06
0.0999425, 6937.08, 64239.6, 46.0763, 3.98764e+06
0.0999814, 6937.05, 64286, 46.0763, 3.98764e+06
0.10002, 6937.02, 64332.4, 46.0763, 3.98763e+06
0.100059, 6936.98, 64379, 46.0763, 3.98762e+06
0.100098, 6936.95, 64425.5, 46.0763, 3.98761e+06
0.100137, 6936.92, 64472.1, 46.0763, 3.9876e+06
0.100176, 6936.89, 64518.7, 46.0763, 3.98758e+06
0.100215, 6936.86, 64565.4, 46.0763, 3.98757e+06
0.100254, 6936.82, 64612.1, 46.0763, 3.98755e+06
0.100293, 6936.79, 64658.9, 46.0763, 3.98754e+06
0.100332, 6936.76, 64705.7, 46.0763, 3.98752e+06
0.100371, 6936.73, 64752.5, 46.0763, 3.98751e+06
0.10041, 6936.7, 64799.4, 46.0763, 3.98751e+06
0.100449, 6936.66, 64846.3, 46.0763, 3.9875e+06
0.100488, 6936.63, 64893.3, 46.0763, 3.9875e+06
0.100527, 6936.6, 64940.4, 46.0763, 3.9875e+06
0.100566, 6936.56, 64987.5, 46.0763, 3.98749e+06
0.100605, 6936.53, 65034.6, 46.0763, 3.98749e+06
0.100644, 6936.5, 65081.8, 46.0763, 3.98748e+06
0.100683, 6936.47, 65129, 46.0763, 3.98746e+06
0.100722, 6936.43, 65176.3, 46.0763, 3.98745e+06
0.100761, 6936.4, 65223.7, 46.0763, 3.98744e+06
0.1008, 6936.37, 65271.1, 46.0763, 3.98742e+06
0.100839, 6936.33, 65318.5, 46.0763, 3.98741e+06
0.100878, 6936.3, 65366, 46.0763, 3.9874e+06
0.100917, 6936.26, 65413.5, 46.0763, 3.98739e+06
0.100956, 6936.23, 65461.1, 46.0763, 3.98739e+06
0.100995, 6936.2, 65508.7, 46.0763, 3.98739e+06
0.101034, 6936.16, 65556.3, 46.0763, 3.98739e+06
0.101073, 6936.13, 65604, 46.0763, 3.98739e+06
0.101112, 6936.1, 65651.7, 46.0763, 3.98739e+06
0.101151, 6936.06, 65699.5, 46.0763, 3.98739e+06
0.10119, 6936.03, 65747.3, 46.0763, 3.98738e+06
0.101229, 6935.99, 65795.2, 46.0763, 3.98737e+06
0.101268, 6935.96, 65843.1, 46.0763, 3.98737e+06
0.101307, 6935.92, 65891.1, 46.0763, 3.98736e+06
0.101346, 6935.89, 65939.1, 46.0763, 3.98735e+06
0.101385, 6935.85, 65987.2, 46.0763, 3.98734e+06
0.101424, 6935.82, 66035.3, 46.0763, 3.98733e+06
0.101463, 6935.78, 66083.5, 46.0763, 3.98732e+06
0.101502, 6935.75, 66131.7, 46.0763, 3.98732e+06
0.10154, 6935.71, 66180, 46.0763, 3.98731e+06
0.101579, 6935.68, 66228.3, 46.0763, 3.9873e+06
0.101618, 6935.64, 66276.7, 46.0763, 3.9873e+06
0.101657, 6935.6, 66325.1, 46.0763, 3.98729e+06
0.101696, 6935.57, 66373.6, 46.0763, 3.98728e+06
0.101735, 6935.53, 66422.2, 46.0763, 3.98728e+06
0.101774, 6935.5, 66470.7, 46.0763, 3.98727e+06
0.101813, 6935.46, 66519.4, 46.0763, 3.98726e+06
0.101852, 6935.42, 66568, 46.0763, 3.98725e+06
0.101891, 6935.39, 66616.7, 46.0763, 3.98725e+06
0.10193, 6935.35, 66665.5, 46.0763, 3.98724e+06
0.101969, 6935.31, 66714.2, 46.0763, 3.98724e+06
0.102008, 6935.27, 66763.1, 46.0763, 3.98724e+06
0.102047, 6935.24, 66811.9, 46.0763, 3.98724e+06
0.102086, 6935.2, 66860.8, 46.0763, 3.98724e+06
0.102125, 6935.16, 66909.8, 46.0763, 3.98725e+06
0.102164, 6935.13, 66958.8, 46.0763, 3.98725e+06
0.102203, 6935.09, 67007.8, 46.0763, 3.98726e+06
0.102242, 6935.05, 67056.8, 46.0763, 3.98727e+06
0.102281, 6935.01, 67105.9, 46.0763, 3.98727e+06
0.10232, 6934.97, 67155.1, 46.0763, 3.98728e+06
0.102359, 6934.94, 67204.3, 46.0763, 3.98728e+06
0.102398, 6934.9, 67253.6, 46.0763, 3.98729e+06
0.102437, 6934.86, 67302.9, 46.0763, 3.98729e+06
0.102476, 6934.82, 67352.2, 46.0763, 3.98728e+06
0.102515, 6934.78, 67401.6, 46.0763, 3.98728e+06
0.102554, 6934.74, 67451, 46.0763, 3.98728e+06
0.102593, 6934.7, 67500.5, 46.0763, 3.98728e+06
0.102632, 6934.67, 67550, 46.0763, 3.98727e+06
0.102671, 6934.63, 67599.6, 46.0763, 3.98727e+06
0.10271, 6934.59, 67649.2, 46.0763, 3.98727e+06
0.102749, 6934.55, 67698.9, 46.0763, 3.98728e+06
0.102788, 6934.51, 67748.7, 46.0763, 3.98728e+06
0.102827, 6934.47, 67798.6, 46.0763, 3.98729e+06
0.102866, 6934.43, 67848.4, 46.0763, 3.98729e+06
0.102905, 6934.39, 67898.3, 46.0763, 3.9873e+06
0.102944, 6934.35, 67948.4, 46.0763, 3.98731e+06
0.102983, 6934.3, 67998.4, 46.0763, 3.98731e+06
0.103022, 6934.26, 68048.5, 46.0763, 3.98732e+06
0.103061, 6934.22, 68098.6, 46.0763, 3.98732e+06
0.1031, 6934.18, 68148.8, 46.0763, 3.98733e+06
0.103139, 6934.14, 68199.1, 46.0763, 3.98733e+06
0.103178, 6934.1, 68249.4, 46.0763, 3.98732e+06
0.103217, 6934.05, 68299.7, 46.0763, 3.98732e+06
0.103256, 6934.01, 68350.1, 46.0763, 3.98732e+06
0.103295, 6933.97, 68400.6, 46.0763, 3.98732e+06
0.103334, 6933.93, 68451.1, 46.0763, 3.98731e+06
0.103373, 6933.88, 68501.6, 46.0763, 3.98731e+06
0.103412, 6933.84, 68552.2, 46.0763, 3.98731e+06
0.103451, 6933.8, 68602.8, 46.0763, 3.98731e+06
0.10349, 6933.76, 68653.5, 46.0763, 3.98732e+06
0.103529, 6933.71, 68704.2, 46.0763, 3.98732e+06
0.103568, 6933.67, 68755, 46.0763, 3.98732e+06
0.103607, 6933.62, 68805.8, 46.0763, 3.98732e+06
0.103646, 6933.58, 68856.6, 46.0763, 3.98733e+06
0.103685, 6933.54, 68907.5, 46.0763, 3.98733e+06
0.103724, 6933.49, 68958.5, 46.0763, 3.98733e+06
0.103763, 6933.45, 69009.5, 46.0763, 3.98733e+06
0.103802, 6933.4, 69060.5, 46.0763, 3.98732e+06
0.103841, 6933.36, 69111.7, 46.0763, 3.98733e+06
0.10388, 6933.31, 69162.9, 46.0763, 3.98733e+06
0.103919, 6933.27, 69214.1, 46.0763, 3.98733e+06
0.103958, 6933.22, 69265.4, 46.0763, 3.98733e+06
0.103997, 6933.18, 69316.7, 46.0763, 3.98734e+06
0.104036, 6933.13, 69368, 46.0763, 3.98734e+06
0.104076, 6933.09, 69419.4, 46.0763, 3.98735e+06
0.104115, 6933.04, 69470.8, 46.0763, 3.98735e+06
0.104154, 6932.99, 69522.3, 46.0763, 3.98735e+06
0.104193, 6932.95, 69573.9, 46.0763, 3.98734e+06
0.104232, 6932.9, 69625.5, 46.0763, 3.98734e+06
0.104271, 6932.85, 69677.2, 46.0763, 3.98733e+06
0.10431, 6932.81, 69728.9, 46.0763, 3.98732e+06
0.104349, 6932.76, 69780.7, 46.0763, 3.9873e+06
0.104388, 6932.71, 69832.5, 46.0763, 3.9873e+06
0.104427, 6932.66, 69884.4, 46.0763, 3.98729e+06
0.104466, 6932.62, 69936.4, 46.0763, 3.98728e+06
0.104505, 6932.57, 69988.5, 46.0763, 3.98728e+06
0.104544, 6932.52, 70040.6, 46.0763, 3.98728e+06
0.104583, 6932.47, 70092.8, 46.0763, 3.98729e+06
0.104622, 6932.42, 70145, 46.0763, 3.9873e+06
0.104661, 6932.38, 70197.3, 46.0763, 3.9873e+06
0.1047, 6932.33, 70249.7, 46.0763, 3.98731e+06
0.104739, 6932.28, 70302.1, 46.0763, 3.98732e+06
0.104778, 6932.23, 70354.5, 46.0763, 3.98732e+06
0.104817, 6932.18, 70407, 46.0763, 3.98732e+06
0.104856, 6932.13, 70459.6, 46.0763, 3.98731e+06
0.104895, 6932.08, 70512.2, 46.0763, 3.98731e+06
0.104934, 6932.03, 70564.8, 46.0763, 3.9873e+06
0.104973, 6931.98, 70617.6, 46.0763, 3.98729e+06
0.105012, 6931.93, 70670.3, 46.0763, 3.98728e+06
0.105051, 6931.88, 70723.2, 46.0763, 3.98727e+06
0.10509, 6931.83, 70776, 46.0763, 3.98727e+06
0.105129, 6931.78, 70829, 46.0763, 3.98726e+06
0.105168, 6931.73, 70882, 46.0763, 3.98725e+06
0.105207, 6931.68, 70935.1, 46.0763, 3.98724e+06
0.105246, 6931.63, 70988.2, 46.0763, 3.98723e+06
0.105285, 6931.58, 71041.4, 46.0763, 3.98722e+06
0.105324, 6931.53, 71094.7, 46.0763, 3.9872e+06
0.105363, 6931.48, 71148, 46.0763, 3.98719e+06
0.105402, 6931.43, 71201.3, 46.0763, 3.98717e+06
0.105441, 6931.37, 71254.7, 46.0763, 3.98716e+06
0.10548, 6931.32, 71308.3, 46.0763, 3.98714e+06
0.105519, 6931.27, 71361.9, 46.0763, 3.98713e+06
0.105559, 6931.22, 71415.6, 46.0763, 3.98713e+06
0.105598, 6931.17, 71469.4, 46.0763, 3.98712e+06
0.105637, 6931.11, 71523.2, 46.0763, 3.98712e+06
0.105676, 6931.06, 71577.2, 46.0763, 3.98712e+06
0.105715, 6931.01, 71631.1, 46.0763, 3.98713e+06
0.105754, 6930.95, 71685.1, 46.0763, 3.98713e+06
0.105793, 6930.9, 71739.2, 46.0763, 3.98714e+06
0.105832, 6930.85, 71793.3, 46.0763, 3.98714e+06
0.105871, 6930.79, 71847.5, 46.0763, 3.98714e+06
0.10591, 6930.74, 71901.7, 46.0763, 3.98714e+06
0.105949, 6930.68, 71955.9, 46.0763, 3.98713e+06
0.105988, 6930.63, 72010.2, 46.0763, 3.98712e+06
0.106027, 6930.57, 72064.6, 46.0763, 3.98711e+06
0.106066, 6930.52, 72119.1, 46.0763, 3.9871e+06
0.106105, 6930.47, 72173.6, 46.0763, 3.98708e+06
0.106144, 6930.41, 72228.1, 46.0763, 3.98707e+06
0.106183, 6930.35, 72282.7, 46.0763, 3.98706e+06
0.106222, 6930.3, 72337.4, 46.0763, 3.98705e+06
0.106261, 6930.24, 72392.2, 46.0763, 3.98705e+06
0.1063, 6930.19, 72447, 46.0763, 3.98705e+06
0.106339, 6930.13, 72501.9, 46.0763, 3.98706e+06
0.106378, 6930.07, 72556.8, 46.0763, 3.98707e+06
0.106417, 6930.02, 72611.8, 46.0763, 3.98707e+06
0.106456, 6929.96, 72666.9, 46.0763, 3.98708e+06
0.106496, 6929.9, 72721.9, 46.0763, 3.98709e+06
0.106535, 6929.84, 72777.1, 46.0763, 3.98709e+06
0.106574, 6929.79, 72832.2, 46.0763, 3.9871e+06
0.106613, 6929.73, 72887.4, 46.0763, 3.98709e+06
0.106652, 6929.67, 72942.7, 46.0763, 3.98709e+06
0.106691, 6929.61, 72997.9, 46.0763, 3.98708e+06
0.10673, 6929.55, 73053.2, 46.0763, 3.98707e+06
0.106769, 6929.49, 73108.5, 46.0763, 3.98706e+06
0.106808, 6929.44, 73163.9, 46.0763, 3.98705e+06
0.106847, 6929.38, 73219.3, 46.0763, 3.98704e+06
0.106886, 6929.32, 73274.7, 46.0763, 3.98703e+06
0.106925, 6929.26, 73330.2, 46.0763, 3.98702e+06
0.106964, 6929.2, 73385.8, 46.0763, 3.987e+06
0.107003, 6929.14, 73441.4, 46.0763, 3.98699e+06
0.107042, 6929.08, 73497, 46.0763, 3.98698e+06
0.107081, 6929.02, 73552.7, 46.0763, 3.98697e+06
0.10712, 6928.96, 73608.5, 46.0763, 3.98696e+06
0.107159, 6928.9, 73664.3, 46.0763, 3.98696e+06
0.107198, 6928.84, 73720.1, 46.0763, 3.98696e+06
0.107237, 6928.78, 73775.9, 46.0763, 3.98696e+06
0.107276, 6928.72, 73831.8, 46.0763, 3.98697e+06
0.107315, 6928.66, 73887.8, 46.0763, 3.98697e+06
0.107355, 6928.59, 73943.8, 46.0763, 3.98698e+06
0.107394, 6928.53, 73999.8, 46.0763, 3.98698e+06
0.107433, 6928.47, 74055.8, 46.0763, 3.98699e+06
0.107472, 6928.41, 74112, 46.0763, 3.98699e+06
0.107511, 6928.35, 74168.2, 46.0763, 3.98699e+06
0.10755, 6928.28, 74224.5, 46.0763, 3.98699e+06
0.107589, 6928.22, 74280.8, 46.0763, 3.98699e+06
0.107628, 6928.16, 74337.2, 46.0763, 3.98699e+06
0.107667, 6928.09, 74393.7, 46.0763, 3.987e+06
0.107706, 6928.03, 74450.3, 46.0763, 3.987e+06
0.107745, 6927.96, 74506.9, 46.0763, 3.987e+06
0.107784, 6927.9, 74563.6, 46.0763, 3.98701e+06
0.107823, 6927.83, 74620.3, 46.0763, 3.98701e+06
0.107862, 6927.77, 74677.2, 46.0763, 3.98702e+06
0.107901, 6927.7, 74734.2, 46.0763, 3.98702e+06
0.10794, 6927.63, 74791.2, 46.0763, 3.98702e+06
0.107979, 6927.57, 74848.3, 46.0763, 3.98701e+06
0.108018, 6927.5, 74905.3, 46.0763, 3.987e+06
0.108057, 6927.43, 74962.5, 46.0763, 3.98699e+06
0.108096, 6927.37, 75019.7, 46.0763, 3.98698e+06
0.108135, 6927.3, 75077, 46.0763, 3.98697e+06
0.108174, 6927.23, 75134.3, 46.0763, 3.98696e+06
0.108213, 6927.16, 75191.6, 46.0763, 3.98696e+06
0.108252, 6927.1, 75249, 46.0763, 3.98695e+06
0.108291, 6927.03, 75306.5, 46.0763, 3.98695e+06
0.10833, 6926.96, 75363.9, 46.0763, 3.98695e+06
0.108369, 6926.89, 75421.5, 46.0763, 3.98696e+06
0.108408, 6926.82, 75479, 46.0763, 3.98696e+06
0.108447, 6926.75, 75536.7, 46.0763, 3.98697e+06
0.108486, 6926.68, 75594.4, 46.0763, 3.98698e+06
0.108526, 6926.61, 75652.2, 46.0763, 3.98699e+06
0.108565, 6926.54, 75710, 46.0763, 3.98699e+06
0.108604, 6926.47, 75767.9, 46.0763, 3.987e+06
0.108643, 6926.4, 75825.8, 46.0763, 3.98701e+06
0.108682, 6926.33, 75883.8, 46.0763, 3.98701e+06
0.108721, 6926.26, 75941.8, 46.0763, 3.98702e+06
0.10876, 6926.18, 75999.8, 46.0763, 3.98702e+06
0.108799, 6926.11, 76057.9, 46.0763, 3.98703e+06
0.108838, 6926.04, 76115.9, 46.0763, 3.98703e+06
0.108877, 6925.97, 76173.9, 46.0763, 3.98704e+06
0.108916, 6925.9, 76232, 46.0763, 3.98704e+06
0.108955, 6925.83, 76290.1, 46.0763, 3.98704e+06
0.108994, 6925.75, 76348.3, 46.0763, 3.98704e+06
0.109033, 6925.68, 76406.5, 46.0763, 3.98704e+06
0.109072, 6925.61, 76464.9, 46.0763, 3.98703e+06
0.109111, 6925.53, 76523.4, 46.0763, 3.98702e+06
0.10915, 6925.46, 76581.9, 46.0763, 3.98701e+06
0.109189, 6925.39, 76640.4, 46.0763, 3.987e+06
0.109228, 6925.31, 76699, 46.0763, 3.98699e+06
0.109267, 6925.24, 76757.7, 46.0763, 3.98698e+06
0.109306, 6925.16, 76816.4, 46.0763, 3.98697e+06
0.109345, 6925.09, 76875.1, 46.0763, 3.98697e+06
0.109384, 6925.01, 76933.8, 46.0763, 3.98697e+06
0.109423, 6924.94, 76992.7, 46.0763, 3.98698e+06
0.109462, 6924.86, 77051.5, 46.0763, 3.98698e+06
0.109501, 6924.79, 77110.3, 46.0763, 3.98699e+06
0.10954, 6924.71, 77169.3, 46.0763, 3.98699e+06
0.109579, 6924.63, 77228.3, 46.0763, 3.987e+06
0.109618, 6924.56, 77287.3, 46.0763, 3.987e+06
0.109657, 6924.48, 77346.5, 46.0763, 3.987e+06
0.109696, 6924.4, 77405.7, 46.0763, 3.987e+06
0.109735, 6924.33, 77465, 46.0763, 3.987e+06
0.109774, 6924.25, 77524.3, 46.0763, 3.987e+06
0.109813, 6924.17, 77583.7, 46.0763, 3.987e+06
0.109852, 6924.09, 77643.1, 46.0763, 3.987e+06
0.109891, 6924.02, 77702.5, 46.0763, 3.987e+06
0.10993, 6923.94, 77761.9, 46.0763, 3.98701e+06
0.109969, 6923.86, 77821.4, 46.0763, 3.98702e+06
0.110008, 6923.78, 77880.9, 46.0763, 3.98703e+06
0.110047, 6923.7, 77940.4, 46.0763, 3.98704e+06
0.110086, 6923.62, 78000, 46.0763, 3.98704e+06
0.110125, 6923.54, 78059.6, 46.0763, 3.98705e+06
0.110164, 6923.47, 78119.2, 46.0763, 3.98705e+06
0.110203, 6923.39, 78179, 46.0763, 3.98705e+06
0.110242, 6923.31, 78238.8, 46.0763, 3.98704e+06
0.110281, 6923.23, 78298.7, 46.0763, 3.98703e+06
0.11032, 6923.15, 78358.7, 46.0763, 3.98702e+06
0.110359, 6923.07, 78418.7, 46.0763, 3.987e+06
0.110398, 6922.99, 78478.8, 46.0763, 3.98698e+06
0.110437, 6922.9, 78539, 46.0763, 3.98697e+06
0.110476, 6922.82, 78599.2, 46.0763, 3.98695e+06
0.110515, 6922.74, 78659.6, 46.0763, 3.98694e+06
0.110554, 6922.66, 78720.1, 46.0763, 3.98692e+06
0.110593, 6922.58, 78780.6, 46.0763, 3.98692e+06
0.110632, 6922.49, 78841.3, 46.0763, 3.98691e+06
0.110671, 6922.41, 78902, 46.0763, 3.98691e+06
0.11071, 6922.33, 78962.9, 46.0763, 3.98691e+06
0.110749, 6922.24, 79023.8, 46.0763, 3.98691e+06
0.110788, 6922.16, 79084.8, 46.0763, 3.98692e+06
0.110827, 6922.07, 79145.8, 46.0763, 3.98693e+06
0.110866, 6921.99, 79206.8, 46.0763, 3.98694e+06
0.110905, 6921.9, 79267.8, 46.0763, 3.98696e+06
0.110944, 6921.82, 79328.9, 46.0763, 3.98697e+06
0.110983, 6921.73, 79390, 46.0763, 3.98699e+06
0.111022, 6921.65, 79451.1, 46.0763, 3.987e+06
0.111061, 6921.56, 79512.3, 46.0763, 3.98701e+06
0.1111, 6921.48, 79573.6, 46.0763, 3.98701e+06
0.111139, 6921.39, 79635, 46.0763, 3.98701e+06
0.111178, 6921.3, 79696.6, 46.0763, 3.987e+06
0.111217, 6921.22, 79758.2, 46.0763, 3.98698e+06
0.111256, 6921.13, 79819.8, 46.0763, 3.98696e+06
0.111295, 6921.04, 79881.6, 46.0763, 3.98693e+06
0.111334, 6920.95, 79943.4, 46.0763, 3.98691e+06
0.111373, 6920.87, 80005.2, 46.0763, 3.98688e+06
0.111412, 6920.78, 80067.1, 46.0763, 3.98687e+06
0.111451, 6920.69, 80129, 46.0763, 3.98686e+06
0.11149, 6920.6, 80190.9, 46.0763, 3.98685e+06
0.111529, 6920.51, 80252.9, 46.0763, 3.98686e+06
0.111568, 6920.42, 80315, 46.0763, 3.98687e+06
0.111607, 6920.33, 80377, 46.0763, 3.98688e+06
0.111646, 6920.24, 80439.2, 46.0763, 3.98689e+06
0.111685, 6920.15, 80501.5, 46.0763, 3.98691e+06
0.111724, 6920.06, 80563.9, 46.0763, 3.98691e+06
0.111763, 6919.97, 80626.4, 46.0763, 3.98692e+06
0.111802, 6919.88, 80689, 46.0763, 3.98691e+06
0.111841, 6919.78, 80751.7, 46.0763, 3.9869e+06
0.11188, 6919.69, 80814.4, 46.0763, 3.98689e+06
0.111919, 6919.6, 80877.1, 46.0763, 3.98687e+06
0.111958, 6919.51, 80939.9, 46.0763, 3.98686e+06
0.111997, 6919.41, 81002.7, 46.0763, 3.98684e+06
0.112036, 6919.32, 81065.6, 46.0763, 3.98683e+06
0.112075, 6919.22, 81128.6, 46.0763, 3.98683e+06
0.112114, 6919.13, 81191.6, 46.0763, 3.98682e+06
0.112153, 6919.03, 81254.7, 46.0763, 3.98683e+06
0.112192, 6918.94, 81317.9, 46.0763, 3.98683e+06
0.112231, 6918.84, 81381.2, 46.0763, 3.98684e+06
0.11227, 6918.75, 81444.5, 46.0763, 3.98685e+06
0.112309, 6918.65, 81507.9, 46.0763, 3.98685e+06
0.112348, 6918.55, 81571.4, 46.0763, 3.98686e+06
0.112387, 6918.45, 81634.9, 46.0763, 3.98686e+06
0.112426, 6918.36, 81698.4, 46.0763, 3.98686e+06
0.112465, 6918.26, 81762.1, 46.0763, 3.98685e+06
0.112504, 6918.16, 81825.9, 46.0763, 3.98685e+06
0.112543, 6918.06, 81889.7, 46.0763, 3.98684e+06
0.112582, 6917.96, 81953.6, 46.0763, 3.98684e+06
0.112621, 6917.86, 82017.5, 46.0763, 3.98684e+06
0.11266, 6917.76, 82081.4, 46.0763, 3.98684e+06
0.112699, 6917.66, 82145.3, 46.0763, 3.98685e+06
0.112738, 6917.56, 82209.2, 46.0763, 3.98686e+06
0.112777, 6917.46, 82273, 46.0763, 3.98687e+06
0.112816, 6917.36, 82336.9, 46.0763, 3.98688e+06
0.112855, 6917.26, 82400.8, 46.0763, 3.98689e+06
0.112894, 6917.15, 82464.6, 46.0763, 3.98689e+06
0.112933, 6917.05, 82528.5, 46.0763, 3.9869e+06
0.112972, 6916.95, 82592.4, 46.0763, 3.98689e+06
0.113011, 6916.85, 82656.4, 46.0763, 3.98689e+06
0.11305, 6916.75, 82720.5, 46.0763, 3.98688e+06
0.113089, 6916.64, 82784.6, 46.0763, 3.98687e+06
0.113128, 6916.54, 82848.8, 46.0763, 3.98686e+06
0.113167, 6916.44, 82913, 46.0763, 3.98685e+06
0.113206, 6916.33, 82977.4, 46.0763, 3.98685e+06
0.113245, 6916.23, 83041.7, 46.0763, 3.98685e+06
0.113284, 6916.12, 83106.1, 46.0763, 3.98686e+06
0.113323, 6916.02, 83170.6, 46.0763, 3.98687e+06
0.113362, 6915.91, 83235, 46.0763, 3.98688e+06
0.113401, 6915.81, 83299.5, 46.0763, 3.98689e+06
0.11344, 6915.7, 83364.1, 46.0763, 3.9869e+06
0.113479, 6915.59, 83428.7, 46.0763, 3.98691e+06
0.113518, 6915.49, 83493.4, 46.0763, 3.98691e+06
0.113557, 6915.38, 83558.1, 46.0763, 3.98691e+06
0.113596, 6915.27, 83622.9, 46.0763, 3.9869e+06
0.113635, 6915.16, 83687.7, 46.0763, 3.9869e+06
0.113674, 6915.06, 83752.6, 46.0763, 3.9869e+06
0.113713, 6914.95, 83817.5, 46.0763, 3.9869e+06
0.113752, 6914.84, 83882.4, 46.0763, 3.98691e+06
0.113791, 6914.73, 83947.4, 46.0763, 3.98692e+06
0.11383, 6914.62, 84012.3, 46.0763, 3.98694e+06
0.113869, 6914.51, 84077.3, 46.0763, 3.98696e+06
0.113908, 6914.4, 84142.4, 46.0763, 3.98699e+06
0.113947, 6914.29, 84207.4, 46.0763, 3.98701e+06
0.113986, 6914.18, 84272.6, 46.0763, 3.98704e+06
0.114025, 6914.07, 84337.7, 46.0763, 3.98705e+06
0.114064, 6913.96, 84402.9, 46.0763, 3.98706e+06
0.114103, 6913.85, 84468.2, 46.0763, 3.98706e+06
0.114142, 6913.74, 84533.6, 46.0763, 3.98705e+06
0.114181, 6913.62, 84599.1, 46.0763, 3.98704e+06
0.11422, 6913.51, 84664.7, 46.0763, 3.98701e+06
0.114259, 6913.4, 84730.3, 46.0763, 3.98699e+06
0.114297, 6913.28, 84796.1, 46.0763, 3.98696e+06
0.114336, 6913.17, 84861.9, 46.0763, 3.98694e+06
0.114375, 6913.06, 84927.7, 46.0763, 3.98693e+06
0.114414, 6912.94, 84993.7, 46.0763, 3.98692e+06
0.114453, 6912.83, 85059.6, 46.0763, 3.98692e+06
0.114492, 6912.71, 85125.6, 46.0763, 3.98693e+06
0.114531, 6912.6, 85191.7, 46.0763, 3.98694e+06
0.11457, 6912.48, 85257.8, 46.0763, 3.98696e+06
0.114609, 6912.36, 85324, 46.0763, 3.98698e+06
0.114648, 6912.25, 85390.2, 46.0763, 3.987e+06
0.114687, 6912.13, 85456.5, 46.0763, 3.98702e+06
0.114726, 6912.02, 85522.8, 46.0763, 3.98703e+06
0.114765, 6911.9, 85589.2, 46.0763, 3.98704e+06
0.114804, 6911.78, 85655.6, 46.0763, 3.98704e+06
0.114843, 6911.66, 85722.1, 46.0763, 3.98704e+06
0.114882, 6911.54, 85788.6, 46.0763, 3.98704e+06
0.114921, 6911.43, 85855.1, 46.0763, 3.98703e+06
0.11496, 6911.31, 85921.6, 46.0763, 3.98703e+06
0.114999, 6911.19, 85988.2, 46.0763, 3.98703e+06
0.115038, 6911.07, 86054.7, 46.0763, 3.98702e+06
0.115077, 6910.95, 86121.3, 46.0763, 3.98702e+06
0.115116, 6910.83, 86188, 46.0763, 3.98701e+06
0.115155, 6910.71, 86254.7, 46.0763, 3.98701e+06
0.115194, 6910.59, 86321.6, 46.0763, 3.987e+06
0.115233, 6910.47, 86388.4, 46.0763, 3.98699e+06
0.115272, 6910.35, 86455.4, 46.0763, 3.98698e+06
0.115311, 6910.23, 86522.4, 46.0763, 3.98696e+06
0.11535, 6910.11, 86589.5, 46.0763, 3.98695e+06
0.115389, 6909.99, 86656.7, 46.0763, 3.98693e+06
0.115428, 6909.87, 86723.9, 46.0763, 3.98692e+06
0.115467, 6909.74, 86791.1, 46.0763, 3.9869e+06
0.115506, 6909.62, 86858.3, 46.0763, 3.98689e+06
0.115545, 6909.5, 86925.6, 46.0763, 3.98688e+06
0.115584, 6909.38, 86992.8, 46.0763, 3.98687e+06
0.115622, 6909.25, 87060.1, 46.0763, 3.98687e+06
0.115661, 6909.13, 87127.5, 46.0763, 3.98687e+06
0.1157, 6909.01, 87195, 46.0763, 3.98687e+06
0.115739, 6908.88, 87262.5, 46.0763, 3.98687e+06
0.115778, 6908.76, 87330, 46.0763, 3.98688e+06
0.115817, 6908.63, 87397.5, 46.0763, 3.98688e+06
0.115856, 6908.51, 87465, 46.0763, 3.98689e+06
0.115895, 6908.38, 87532.7, 46.0763, 3.98689e+06
0.115934, 6908.26, 87600.4, 46.0763, 3.9869e+06
0.115973, 6908.13, 87668.1, 46.0763, 3.9869e+06
0.116012, 6908.01, 87736, 46.0763, 3.98691e+06
0.116051, 6907.88, 87804, 46.0763, 3.98691e+06
0.11609, 6907.76, 87872, 46.0763, 3.9869e+06
0.116129, 6907.63, 87940.1, 46.0763, 3.9869e+06
0.116168, 6907.5, 88008.3, 46.0763, 3.98689e+06
0.116207, 6907.38, 88076.5, 46.0763, 3.98688e+06
0.116246, 6907.25, 88144.8, 46.0763, 3.98687e+06
0.116285, 6907.12, 88213.1, 46.0763, 3.98686e+06
0.116324, 6906.99, 88281.4, 46.0763, 3.98684e+06
0.116363, 6906.87, 88349.8, 46.0763, 3.98682e+06
0.116402, 6906.74, 88418.3, 46.0763, 3.9868e+06
0.116441, 6906.61, 88486.9, 46.0763, 3.98678e+06
0.11648, 6906.48, 88555.6, 46.0763, 3.98676e+06
0.116519, 6906.35, 88624.3, 46.0763, 3.98674e+06
0.116558, 6906.22, 88693.1, 46.0763, 3.98673e+06
0.116597, 6906.09, 88761.9, 46.0763, 3.98671e+06
0.116636, 6905.96, 88830.8, 46.0763, 3.9867e+06
0.116675, 6905.83, 88899.8, 46.0763, 3.9867e+06
0.116713, 6905.7, 88968.9, 46.0763, 3.9867e+06
0.116752, 6905.56, 89038.1, 46.0763, 3.98671e+06
0.116791, 6905.43, 89107.4, 46.0763, 3.98672e+06
0.11683, 6905.3, 89176.7, 46.0763, 3.98673e+06
0.116869, 6905.17, 89246.1, 46.0763, 3.98675e+06
0.116908, 6905.03, 89315.5, 46.0763, 3.98677e+06
0.116947, 6904.9, 89384.9, 46.0763, 3.98679e+06
0.116986, 6904.77, 89454.4, 46.0763, 3.9868e+06
0.117025, 6904.63, 89523.9, 46.0763, 3.98682e+06
0.117064, 6904.5, 89593.5, 46.0763, 3.98683e+06
0.117103, 6904.36, 89663.1, 46.0763, 3.98684e+06
0.117142, 6904.23, 89732.7, 46.0763, 3.98684e+06
0.117181, 6904.09, 89802.5, 46.0763, 3.98684e+06
0.11722, 6903.96, 89872.3, 46.0763, 3.98683e+06
0.117259, 6903.82, 89942.3, 46.0763, 3.98682e+06
0.117298, 6903.69, 90012.4, 46.0763, 3.98681e+06
0.117337, 6903.55, 90082.6, 46.0763, 3.98679e+06
0.117376, 6903.41, 90152.8, 46.0763, 3.98678e+06
0.117415, 6903.27, 90223, 46.0763, 3.98676e+06
0.117454, 6903.14, 90293.4, 46.0763, 3.98675e+06
0.117493, 6903, 90363.8, 46.0763, 3.98675e+06
0.117532, 6902.86, 90434.3, 46.0763, 3.98674e+06
0.11757, 6902.72, 90504.8, 46.0763, 3.98675e+06
0.117609, 6902.58, 90575.4, 46.0763, 3.98675e+06
0.117648, 6902.44, 90645.9, 46.0763, 3.98676e+06
0.117687, 6902.3, 90716.5, 46.0763, 3.98678e+06
0.117726, 6902.16, 90787.1, 46.0763, 3.98679e+06
0.117765, 6902.02, 90857.9, 46.0763, 3.98681e+06
0.117804, 6901.88, 90928.6, 46.0763, 3.98683e+06
0.117843, 6901.74, 90999.4, 46.0763, 3.98684e+06
0.117882, 6901.6, 91070.3, 46.0763, 3.98685e+06
0.117921, 6901.46, 91141.2, 46.0763, 3.98686e+06
0.11796, 6901.32, 91212, 46.0763, 3.98686e+06
0.117999, 6901.18, 91283, 46.0763, 3.98685e+06
0.118038, 6901.04, 91354, 46.0763, 3.98685e+06
0.118077, 6900.9, 91425.1, 46.0763, 3.98684e+06
0.118116, 6900.76, 91496.2, 46.0763, 3.98683e+06
0.118155, 6900.61, 91567.4, 46.0763, 3.98682e+06
0.118194, 6900.47, 91638.5, 46.0763, 3.98681e+06
0.118233, 6900.33, 91709.8, 46.0763, 3.98681e+06
0.118272, 6900.19, 91781.2, 46.0763, 3.98681e+06
0.118311, 6900.04, 91852.6, 46.0763, 3.98682e+06
0.118349, 6899.9, 91924.2, 46.0763, 3.98683e+06
0.118388, 6899.75, 91995.9, 46.0763, 3.98685e+06
0.118427, 6899.61, 92067.6, 46.0763, 3.98687e+06
0.118466, 6899.47, 92139.5, 46.0763, 3.98689e+06
0.118505, 6899.32, 92211.4, 46.0763, 3.98691e+06
0.118544, 6899.18, 92283.4, 46.0763, 3.98692e+06
0.118583, 6899.03, 92355.5, 46.0763, 3.98694e+06
0.118622, 6898.88, 92427.6, 46.0763, 3.98695e+06
0.118661, 6898.74, 92499.8, 46.0763, 3.98695e+06
0.1187, 6898.59, 92572.1, 46.0763, 3.98695e+06
0.118739, 6898.45, 92644.5, 46.0763, 3.98696e+06
0.118778, 6898.3, 92717.1, 46.0763, 3.98696e+06
0.118817, 6898.15, 92789.7, 46.0763, 3.98697e+06
0.118856, 6898, 92862.5, 46.0763, 3.98698e+06
0.118895, 6897.86, 92935.3, 46.0763, 3.98699e+06
0.118934, 6897.71, 93008.2, 46.0763, 3.987e+06
0.118973, 6897.56, 93081.1, 46.0763, 3.98702e+06
0.119012, 6897.41, 93154, 46.0763, 3.98703e+06
0.11905, 6897.26, 93227, 46.0763, 3.98705e+06
0.119089, 6897.11, 93300, 46.0763, 3.98706e+06
0.119128, 6896.96, 93373, 46.0763, 3.98707e+06
0.119167, 6896.81, 93446.1, 46.0763, 3.98708e+06
0.119206, 6896.66, 93519.2, 46.0763, 3.98708e+06
0.119245, 6896.51, 93592.4, 46.0763, 3.98708e+06
0.119284, 6896.36, 93665.6, 46.0763, 3.98707e+06
0.119323, 6896.21, 93739, 46.0763, 3.98706e+06
0.119362, 6896.06, 93812.4, 46.0763, 3.98705e+06
0.119401, 6895.91, 93885.8, 46.0763, 3.98704e+06
0.11944, 6895.76, 93959.3, 46.0763, 3.98704e+06
0.119479, 6895.61, 94032.9, 46.0763, 3.98704e+06
0.119518, 6895.45, 94106.5, 46.0763, 3.98704e+06
0.119557, 6895.3, 94180.1, 46.0763, 3.98705e+06
0.119596, 6895.15, 94253.7, 46.0763, 3.98706e+06
0.119635, 6895, 94327.4, 46.0763, 3.98707e+06
0.119674, 6894.84, 94401.1, 46.0763, 3.98709e+06
0.119713, 6894.69, 94474.8, 46.0763, 3.9871e+06
0.119751, 6894.54, 94548.7, 46.0763, 3.98712e+06
0.11979, 6894.38, 94622.5, 46.0763, 3.98714e+06
0.119829, 6894.23, 94696.5, 46.0763, 3.98715e+06
0.119868, 6894.08, 94770.5, 46.0763, 3.98717e+06
0.119907, 6893.92, 94844.6, 46.0763, 3.98718e+06
0.119946, 6893.77, 94918.8, 46.0763, 3.98719e+06
0.119985, 6893.61, 94993.1, 46.0763, 3.9872e+06
0.120024, 6893.46, 95067.5, 46.0763, 3.98721e+06
0.120063, 6893.3, 95141.8, 46.0763, 3.98722e+06
0.120102, 6893.15, 95216.3, 46.0763, 3.98723e+06
0.120141, 6892.99, 95290.8, 46.0763, 3.98723e+06
0.12018, 6892.84, 95365.3, 46.0763, 3.98723e+06
0.120219, 6892.68, 95439.9, 46.0763, 3.98723e+06
0.120258, 6892.53, 95514.4, 46.0763, 3.98723e+06
0.120297, 6892.37, 95589, 46.0763, 3.98722e+06
0.120336, 6892.21, 95663.6, 46.0763, 3.98721e+06
0.120375, 6892.06, 95738.3, 46.0763, 3.98719e+06
0.120413, 6891.9, 95813.1, 46.0763, 3.98717e+06
0.120452, 6891.74, 95887.9, 46.0763, 3.98715e+06
0.120491, 6891.58, 95962.9, 46.0763, 3.98712e+06
0.12053, 6891.43, 96037.9, 46.0763, 3.9871e+06
0.120569, 6891.27, 96113, 46.0763, 3.98707e+06
0.120608, 6891.11, 96188.2, 46.0763, 3.98705e+06
0.120647, 6890.95, 96263.5, 46.0763, 3.98704e+06
0.120686, 6890.8, 96338.8, 46.0763, 3.98703e+06
0.120725, 6890.64, 96414.3, 46.0763, 3.98702e+06
0.120764, 6890.48, 96489.8, 46.0763, 3.98702e+06
0.120803, 6890.32, 96565.4, 46.0763, 3.98702e+06
0.120842, 6890.16, 96641, 46.0763, 3.98702e+06
0.120881, 6890, 96716.7, 46.0763, 3.98703e+06
0.12092, 6889.84, 96792.4, 46.0763, 3.98703e+06
0.120959, 6889.68, 96868.2, 46.0763, 3.98703e+06
0.120997, 6889.52, 96944, 46.0763, 3.98703e+06
0.121036, 6889.36, 97019.9, 46.0763, 3.98703e+06
0.121075, 6889.2, 97095.8, 46.0763, 3.98702e+06
0.121114, 6889.05, 97171.8, 46.0763, 3.98701e+06
0.121153, 6888.89, 97247.9, 46.0763, 3.987e+06
0.121192, 6888.73, 97324, 46.0763, 3.98699e+06
0.121231, 6888.57, 97400.3, 46.0763, 3.98698e+06
0.12127, 6888.4, 97476.6, 46.0763, 3.98698e+06
0.121309, 6888.24, 97553, 46.0763, 3.98697e+06
0.121348, 6888.09, 97629.4, 46.0763, 3.98697e+06
0.121387, 6887.93, 97705.9, 46.0763, 3.98697e+06
0.121425, 6887.77, 97782.5, 46.0763, 3.98696e+06
0.121464, 6887.61, 97859.2, 46.0763, 3.98696e+06
0.121503, 6887.44, 97936.1, 46.0763, 3.98696e+06
0.121542, 6887.28, 98013.2, 46.0763, 3.98695e+06
0.121581, 6887.12, 98090.4, 46.0763, 3.98695e+06
0.12162, 6886.96, 98167.6, 46.0763, 3.98694e+06
0.121659, 6886.8, 98245.1, 46.0763, 3.98694e+06
0.121698, 6886.64, 98322.6, 46.0763, 3.98693e+06
0.121737, 6886.48, 98400.2, 46.0763, 3.98692e+06
0.121775, 6886.32, 98477.9, 46.0763, 3.98692e+06
0.121814, 6886.16, 98555.8, 46.0763, 3.98692e+06
0.121853, 6886, 98633.6, 46.0763, 3.98692e+06
0.121892, 6885.84, 98711.5, 46.0763, 3.98692e+06
0.121931, 6885.67, 98789.5, 46.0763, 3.98692e+06
0.12197, 6885.51, 98867.5, 46.0763, 3.98692e+06
0.122009, 6885.35, 98945.5, 46.0763, 3.98692e+06
0.122048, 6885.19, 99023.7, 46.0763, 3.98692e+06
0.122086, 6885.02, 99102, 46.0763, 3.98692e+06
0.122125, 6884.86, 99180.3, 46.0763, 3.98691e+06
0.122164, 6884.7, 99258.8, 46.0763, 3.98691e+06
0.122203, 6884.54, 99337.3, 46.0763, 3.9869e+06
0.122242, 6884.37, 99415.8, 46.0763, 3.98689e+06
0.122281, 6884.21, 99494.5, 46.0763, 3.98689e+06
0.122319, 6884.05, 99573.3, 46.0763, 3.98688e+06
0.122358, 6883.89, 99652.2, 46.0763, 3.98688e+06
0.122397, 6883.72, 99731.1, 46.0763, 3.98689e+06
0.122436, 6883.56, 99810.1, 46.0763, 3.9869e+06
0.122475, 6883.4, 99889.2, 46.0763, 3.98691e+06
0.122514, 6883.24, 99968.5, 46.0763, 3.98693e+06
0.122552, 6883.07, 100048, 46.0763, 3.98695e+06
0.122591, 6882.91, 100127, 46.0763, 3.98697e+06
0.12263, 6882.75, 100207, 46.0763, 3.98699e+06
0.122669, 6882.58, 100286, 46.0763, 3.987e+06
0.122708, 6882.42, 100366, 46.0763, 3.98701e+06
0.122746, 6882.26, 100445, 46.0763, 3.98702e+06
0.122785, 6882.1, 100525, 46.0763, 3.98702e+06
0.122824, 6881.93, 100605, 46.0763, 3.98702e+06
0.122863, 6881.77, 100684, 46.0763, 3.98701e+06
0.122902, 6881.61, 100764, 46.0763, 3.987e+06
0.12294, 6881.44, 100844, 46.0763, 3.98699e+06
0.122979, 6881.28, 100924, 46.0763, 3.98697e+06
0.123018, 6881.12, 101004, 46.0763, 3.98696e+06
0.123057, 6880.95, 101084, 46.0763, 3.98694e+06
0.123095, 6880.79, 101164, 46.0763, 3.98692e+06
0.123134, 6880.63, 101244, 46.0763, 3.98691e+06
0.123173, 6880.46, 101325, 46.0763, 3.9869e+06
0.123212, 6880.3, 101405, 46.0763, 3.98689e+06
0.123251, 6880.13, 101486, 46.0763, 3.98689e+06
0.123289, 6879.97, 101566, 46.0763, 3.9869e+06
0.123328, 6879.8, 101647, 46.0763, 3.98691e+06
0.123367, 6879.64, 101728, 46.0763, 3.98693e+06
0.123406, 6879.47, 101808, 46.0763, 3.98696e+06
0.123444, 6879.3, 101889, 46.0763, 3.987e+06
0.123483, 6879.14, 101970, 46.0763, 3.98704e+06
0.123522, 6878.97, 102051, 46.0763, 3.98709e+06
0.12356, 6878.81, 102132, 46.0763, 3.98713e+06
0.123599, 6878.64, 102213, 46.0763, 3.98717e+06
0.123638, 6878.47, 102294, 46.0763, 3.98721e+06
0.123677, 6878.31, 102375, 46.0763, 3.98724e+06
0.123715, 6878.14, 102456, 46.0763, 3.98726e+06
0.123754, 6877.98, 102538, 46.0763, 3.98728e+06
0.123793, 6877.81, 102619, 46.0763, 3.9873e+06
0.123832, 6877.64, 102701, 46.0763, 3.98731e+06
0.12387, 6877.48, 102782, 46.0763, 3.98731e+06
0.123909, 6877.31, 102864, 46.0763, 3.98731e+06
0.123948, 6877.14, 102946, 46.0763, 3.98731e+06
0.123986, 6876.97, 103028, 46.0763, 3.9873e+06
0.124025, 6876.81, 103110, 46.0763, 3.98729e+06
0.124064, 6876.64, 103192, 46.0763, 3.98727e+06
0.124102, 6876.47, 103274, 46.0763, 3.98725e+06
0.124141, 6876.3, 103356, 46.0763, 3.98724e+06
0.12418, 6876.13, 103439, 46.0763, 3.98722e+06
0.124218, 6875.96, 103521, 46.0763, 3.98721e+06
0.124257, 6875.8, 103603, 46.0763, 3.9872e+06
0.124296, 6875.63, 103686, 46.0763, 3.9872e+06
0.124335, 6875.46, 103769, 46.0763, 3.9872e+06
0.124373, 6875.29, 103851, 46.0763, 3.98721e+06
0.124412, 6875.12, 103934, 46.0763, 3.98722e+06
0.124451, 6874.95, 104017, 46.0763, 3.98724e+06
0.124489, 6874.78, 104100, 46.0763, 3.98726e+06
0.124528, 6874.61, 104183, 46.0763, 3.98729e+06
0.124567, 6874.44, 104266, 46.0763, 3.98731e+06
0.124605, 6874.27, 104349, 46.0763, 3.98733e+06
0.124644, 6874.1, 104432, 46.0763, 3.98735e+06
0.124682, 6873.92, 104515, 46.0763, 3.98736e+06
0.124721, 6873.75, 104598, 46.0763, 3.98737e+06
0.12476, 6873.58, 104682, 46.0763, 3.98738e+06
0.124798, 6873.41, 104765, 46.0763, 3.98738e+06
0.124837, 6873.24, 104848, 46.0763, 3.98738e+06
0.124876, 6873.07, 104932, 46.0763, 3.98738e+06
0.124914, 6872.89, 105015, 46.0763, 3.98738e+06
0.124953, 6872.72, 105099, 46.0763, 3.98738e+06
0.124992, 6872.55, 105183, 46.0763, 3.98737e+06
0.12503, 6872.37, 105266, 46.0763, 3.98736e+06
0.125069, 6872.2, 105350, 46.0763, 3.98735e+06
0.125107, 6872.03, 105434, 46.0763, 3.98735e+06
0.125146, 6871.85, 105518, 46.0763, 3.98734e+06
0.125185, 6871.68, 105602, 46.0763, 3.98733e+06
0.125223, 6871.51, 105685, 46.0763, 3.98733e+06
0.125262, 6871.33, 105769, 46.0763, 3.98733e+06
0.125301, 6871.16, 105853, 46.0763, 3.98732e+06
0.125339, 6870.98, 105938, 46.0763, 3.98732e+06
0.125378, 6870.81, 106022, 46.0763, 3.98732e+06
0.125416, 6870.63, 106106, 46.0763, 3.98732e+06
0.125455, 6870.46, 106190, 46.0763, 3.98732e+06
0.125494, 6870.28, 106274, 46.0763, 3.98732e+06
0.125532, 6870.1, 106359, 46.0763, 3.98732e+06
0.125571, 6869.93, 106443, 46.0763, 3.98733e+06
0.125609, 6869.75, 106527, 46.0763, 3.98733e+06
0.125648, 6869.57, 106612, 46.0763, 3.98733e+06
0.125687, 6869.4, 106696, 46.0763, 3.98733e+06
0.125725, 6869.22, 106781, 46.0763, 3.98733e+06
0.125764, 6869.04, 106865, 46.0763, 3.98733e+06
0.125802, 6868.86, 106950, 46.0763, 3.98733e+06
0.125841, 6868.69, 107035, 46.0763, 3.98733e+06
0.125879, 6868.51, 107120, 46.0763, 3.98733e+06
0.125918, 6868.33, 107205, 46.0763, 3.98733e+06
0.125957, 6868.15, 107289, 46.0763, 3.98733e+06
0.125995, 6867.97, 107374, 46.0763, 3.98733e+06
0.126034, 6867.79, 107460, 46.0763, 3.98733e+06
0.126072, 6867.61, 107545, 46.0763, 3.98733e+06
0.126111, 6867.43, 107630, 46.0763, 3.98732e+06
0.126149, 6867.25, 107715, 46.0763, 3.98731e+06
0.126188, 6867.07, 107800, 46.0763, 3.9873e+06
0.126226, 6866.89, 107886, 46.0763, 3.98729e+06
0.126265, 6866.71, 107971, 46.0763, 3.98727e+06
0.126304, 6866.53, 108056, 46.0763, 3.98725e+06
0.126342, 6866.35, 108142, 46.0763, 3.98724e+06
0.126381, 6866.16, 108227, 46.0763, 3.98723e+06
0.126419, 6865.98, 108313, 46.0763, 3.98722e+06
0.126458, 6865.8, 108398, 46.0763, 3.98721e+06
0.126496, 6865.62, 108484, 46.0763, 3.98721e+06
0.126535, 6865.43, 108570, 46.0763, 3.98722e+06
0.126573, 6865.25, 108656, 46.0763, 3.98723e+06
0.126612, 6865.07, 108742, 46.0763, 3.98724e+06
0.12665, 6864.88, 108828, 46.0763, 3.98726e+06
0.126689, 6864.7, 108914, 46.0763, 3.98727e+06
0.126727, 6864.51, 109000, 46.0763, 3.98728e+06
0.126766, 6864.33, 109086, 46.0763, 3.98728e+06
0.126804, 6864.14, 109173, 46.0763, 3.98728e+06
0.126843, 6863.96, 109259, 46.0763, 3.98728e+06
0.126881, 6863.77, 109345, 46.0763, 3.98726e+06
0.12692, 6863.59, 109431, 46.0763, 3.98725e+06
0.126958, 6863.4, 109518, 46.0763, 3.98723e+06
0.126997, 6863.21, 109604, 46.0763, 3.98722e+06
0.127035, 6863.03, 109691, 46.0763, 3.9872e+06
0.127074, 6862.84, 109777, 46.0763, 3.98719e+06
0.127112, 6862.65, 109864, 46.0763, 3.98718e+06
0.127151, 6862.46, 109950, 46.0763, 3.98717e+06
0.127189, 6862.28, 110037, 46.0763, 3.98717e+06
0.127228, 6862.09, 110124, 46.0763, 3.98717e+06
0.127266, 6861.9, 110210, 46.0763, 3.98717e+06
0.127305, 6861.71, 110297, 46.0763, 3.98717e+06
0.127343, 6861.52, 110384, 46.0763, 3.98717e+06
0.127382, 6861.33, 110471, 46.0763, 3.98717e+06
0.12742, 6861.14, 110558, 46.0763, 3.98717e+06
0.127459, 6860.95, 110645, 46.0763, 3.98717e+06
0.127497, 6860.76, 110732, 46.0763, 3.98718e+06
0.127536, 6860.57, 110819, 46.0763, 3.98718e+06
0.127574, 6860.38, 110906, 46.0763, 3.98719e+06
0.127613, 6860.19, 110993, 46.0763, 3.9872e+06
0.127651, 6860, 111080, 46.0763, 3.98721e+06
0.127689, 6859.8, 111167, 46.0763, 3.98723e+06
0.127728, 6859.61, 111254, 46.0763, 3.98725e+06
0.127766, 6859.42, 111341, 46.0763, 3.98727e+06
0.127805, 6859.23, 111428, 46.0763, 3.98729e+06
0.127843, 6859.03, 111515, 46.0763, 3.98732e+06
0.127882, 6858.84, 111602, 46.0763, 3.98734e+06
0.12792, 6858.64, 111689, 46.0763, 3.98736e+06
0.127959, 6858.45, 111776, 46.0763, 3.98737e+06
0.127997, 6858.26, 111863, 46.0763, 3.98738e+06
0.128035, 6858.06, 111950, 46.0763, 3.98739e+06
0.128074, 6857.87, 112037, 46.0763, 3.9874e+06
0.128112, 6857.67, 112125, 46.0763, 3.98739e+06
0.128151, 6857.48, 112212, 46.0763, 3.98739e+06
0.128189, 6857.28, 112299, 46.0763, 3.98738e+06
0.128227, 6857.09, 112387, 46.0763, 3.98737e+06
0.128266, 6856.89, 112474, 46.0763, 3.98735e+06
0.128304, 6856.69, 112562, 46.0763, 3.98733e+06
0.128343, 6856.5, 112649, 46.0763, 3.98732e+06
0.128381, 6856.3, 112736, 46.0763, 3.9873e+06
0.128419, 6856.1, 112824, 46.0763, 3.98729e+06
0.128458, 6855.9, 112911, 46.0763, 3.98728e+06
0.128496, 6855.7, 112999, 46.0763, 3.98729e+06
0.128535, 6855.51, 113086, 46.0763, 3.98729e+06
0.128573, 6855.31, 113174, 46.0763, 3.98731e+06
0.128611, 6855.11, 113262, 46.0763, 3.98733e+06
0.12865, 6854.91, 113349, 46.0763, 3.98735e+06
0.128688, 6854.71, 113437, 46.0763, 3.98738e+06
0.128727, 6854.51, 113525, 46.0763, 3.9874e+06
0.128765, 6854.31, 113612, 46.0763, 3.98743e+06
0.128803, 6854.11, 113700, 46.0763, 3.98745e+06
0.128842, 6853.91, 113788, 46.0763, 3.98746e+06
0.12888, 6853.71, 113876, 46.0763, 3.98747e+06
0.128918, 6853.51, 113964, 46.0763, 3.98748e+06
0.128957, 6853.3, 114051, 46.0763, 3.98748e+06
0.128995, 6853.1, 114139, 46.0763, 3.98748e+06
0.129033, 6852.9, 114227, 46.0763, 3.98748e+06
0.129072, 6852.7, 114314, 46.0763, 3.98748e+06
0.12911, 6852.5, 114402, 46.0763, 3.98748e+06
0.129149, 6852.29, 114490, 46.0763, 3.98748e+06
0.129187, 6852.09, 114577, 46.0763, 3.98749e+06
0.129225, 6851.89, 114665, 46.0763, 3.9875e+06
0.129264, 6851.68, 114752, 46.0763, 3.98751e+06
0.129302, 6851.48, 114840, 46.0763, 3.98753e+06
0.12934, 6851.28, 114928, 46.0763, 3.98755e+06
0.129379, 6851.07, 115015, 46.0763, 3.98757e+06
0.129417, 6850.87, 115103, 46.0763, 3.98758e+06
0.129455, 6850.66, 115190, 46.0763, 3.98759e+06
0.129494, 6850.46, 115278, 46.0763, 3.9876e+06
0.129532, 6850.25, 115365, 46.0763, 3.98761e+06
0.12957, 6850.05, 115453, 46.0763, 3.98761e+06
0.129609, 6849.84, 115540, 46.0763, 3.9876e+06
0.129647, 6849.64, 115628, 46.0763, 3.9876e+06
0.129685, 6849.43, 115715, 46.0763, 3.98759e+06
0.129724, 6849.23, 115803, 46.0763, 3.98757e+06
0.129762, 6849.02, 115890, 46.0763, 3.98756e+06
0.1298, 6848.81, 115978, 46.0763, 3.98755e+06
0.129839, 6848.61, 116065, 46.0763, 3.98755e+06
0.129877, 6848.4, 116153, 46.0763, 3.98754e+06
0.129915, 6848.19, 116241, 46.0763, 3.98754e+06
0.129954, 6847.99, 116328, 46.0763, 3.98755e+06
0.129992, 6847.78, 116416, 46.0763, 3.98755e+06
0.13003, 6847.57, 116503, 46.0763, 3.98756e+06
0.130068, 6847.36, 116591, 46.0763, 3.98757e+06
0.130107, 6847.15, 116678, 46.0763, 3.98758e+06
0.130145, 6846.95, 116765, 46.0763, 3.98758e+06
0.130183, 6846.74, 116853, 46.0763, 3.98758e+06
0.130222, 6846.53, 116940, 46.0763, 3.98758e+06
0.13026, 6846.32, 117027, 46.0763, 3.98758e+06
0.130298, 6846.11, 117114, 46.0763, 3.98757e+06
0.130337, 6845.9, 117201, 46.0763, 3.98756e+06
0.130375, 6845.7, 117289, 46.0763, 3.98755e+06
0.130413, 6845.49, 117376, 46.0763, 3.98754e+06
0.130451, 6845.28, 117464, 46.0763, 3.98754e+06
0.13049, 6845.07, 117551, 46.0763, 3.98754e+06
0.130528, 6844.86, 117639, 46.0763, 3.98755e+06
0.130566, 6844.65, 117726, 46.0763, 3.98756e+06
0.130605, 6844.44, 117814, 46.0763, 3.98758e+06
0.130643, 6844.23, 117901, 46.0763, 3.98761e+06
0.130681, 6844.01, 117989, 46.0763, 3.98764e+06
0.130719, 6843.8, 118076, 46.0763, 3.98767e+06
0.130758, 6843.59, 118164, 46.0763, 3.9877e+06
0.130796, 6843.38, 118252, 46.0763, 3.98772e+06
0.130834, 6843.17, 118339, 46.0763, 3.98775e+06
0.130873, 6842.95, 118427, 46.0763, 3.98776e+06
0.130911, 6842.74, 118515, 46.0763, 3.98777e+06
0.130949, 6842.53, 118602, 46.0763, 3.98778e+06
0.130987, 6842.31, 118690, 46.0763, 3.98777e+06
0.131026, 6842.1, 118778, 46.0763, 3.98776e+06
0.131064, 6841.89, 118865, 46.0763, 3.98774e+06
0.131102, 6841.67, 118953, 46.0763, 3.98772e+06
0.13114, 6841.46, 119041, 46.0763, 3.9877e+06
0.131179, 6841.24, 119128, 46.0763, 3.98767e+06
0.131217, 6841.03, 119216, 46.0763, 3.98765e+06
0.131255, 6840.81, 119303, 46.0763, 3.98762e+06
0.131293, 6840.59, 119391, 46.0763, 3.9876e+06
0.131332, 6840.38, 119478, 46.0763, 3.98759e+06
0.13137, 6840.16, 119566, 46.0763, 3.98758e+06
0.131408, 6839.94, 119654, 46.0763, 3.98757e+06
0.131447, 6839.73, 119741, 46.0763, 3.98757e+06
0.131485, 6839.51, 119829, 46.0763, 3.98758e+06
0.131523, 6839.29, 119916, 46.0763, 3.98759e+06
0.131561, 6839.07, 120004, 46.0763, 3.9876e+06
0.1316, 6838.85, 120091, 46.0763, 3.98761e+06
0.131638, 6838.63, 120179, 46.0763, 3.98763e+06
0.131676, 6838.41, 120267, 46.0763, 3.98764e+06
0.131714, 6838.19, 120354, 46.0763, 3.98765e+06
0.131753, 6837.97, 120442, 46.0763, 3.98766e+06
0.131791, 6837.75, 120529, 46.0763, 3.98767e+06
0.131829, 6837.53, 120617, 46.0763, 3.98768e+06
0.131867, 6837.31, 120704, 46.0763, 3.98769e+06
0.131906, 6837.09, 120791, 46.0763, 3.98769e+06
0.131944, 6836.87, 120879, 46.0763, 3.9877e+06
0.131982, 6836.65, 120966, 46.0763, 3.98771e+06
0.13202, 6836.42, 121054, 46.0763, 3.98771e+06
0.132059, 6836.2, 121141, 46.0763, 3.98772e+06
0.132097, 6835.98, 121228, 46.0763, 3.98772e+06
0.132135, 6835.75, 121316, 46.0763, 3.98772e+06
0.132173, 6835.53, 121403, 46.0763, 3.98772e+06
0.132211, 6835.3, 121490, 46.0763, 3.98771e+06
0.13225, 6835.08, 121577, 46.0763, 3.9877e+06
0.132288, 6834.85, 121665, 46.0763, 3.9877e+06
0.132326, 6834.63, 121752, 46.0763, 3.98769e+06
0.132364, 6834.4, 121839, 46.0763, 3.98768e+06
0.132403, 6834.18, 121926, 46.0763, 3.98768e+06
0.132441, 6833.95, 122013, 46.0763, 3.98767e+06
0.132479, 6833.73, 122099, 46.0763, 3.98767e+06
0.132517, 6833.5, 122186, 46.0763, 3.98767e+06
0.132556, 6833.27, 122273, 46.0763, 3.98767e+06
0.132594, 6833.05, 122360, 46.0763, 3.98768e+06
0.132632, 6832.82, 122447, 46.0763, 3.98768e+06
0.13267, 6832.59, 122533, 46.0763, 3.98769e+06
0.132709, 6832.36, 122620, 46.0763, 3.98769e+06
0.132747, 6832.13, 122707, 46.0763, 3.9877e+06
0.132785, 6831.9, 122794, 46.0763, 3.9877e+06
0.132823, 6831.67, 122880, 46.0763, 3.9877e+06
0.132862, 6831.44, 122967, 46.0763, 3.9877e+06
0.1329, 6831.21, 123054, 46.0763, 3.9877e+06
0.132938, 6830.98, 123141, 46.0763, 3.9877e+06
0.132976, 6830.75, 123227, 46.0763, 3.9877e+06
0.133014, 6830.52, 123314, 46.0763, 3.98771e+06
0.133053, 6830.29, 123400, 46.0763, 3.98772e+06
0.133091, 6830.06, 123487, 46.0763, 3.98773e+06
0.133129, 6829.83, 123573, 46.0763, 3.98774e+06
0.133167, 6829.59, 123660, 46.0763, 3.98775e+06
0.133206, 6829.36, 123746, 46.0763, 3.98777e+06
0.133244, 6829.13, 123832, 46.0763, 3.98778e+06
0.133282, 6828.89, 123919, 46.0763, 3.98779e+06
0.13332, 6828.66, 124005, 46.0763, 3.98779e+06
0.133359, 6828.43, 124091, 46.0763, 3.98779e+06
0.133397, 6828.19, 124177, 46.0763, 3.98778e+06
0.133435, 6827.96, 124263, 46.0763, 3.98777e+06
0.133473, 6827.72, 124349, 46.0763, 3.98774e+06
0.133511, 6827.49, 124435, 46.0763, 3.98771e+06
0.13355, 6827.25, 124520, 46.0763, 3.98768e+06
0.133588, 6827.01, 124606, 46.0763, 3.98765e+06
0.133626, 6826.78, 124692, 46.0763, 3.98762e+06
0.133664, 6826.54, 124777, 46.0763, 3.98759e+06
0.133703, 6826.3, 124863, 46.0763, 3.98757e+06
0.133741, 6826.06, 124948, 46.0763, 3.98756e+06
0.133779, 6825.82, 125034, 46.0763, 3.98756e+06
0.133817, 6825.59, 125119, 46.0763, 3.98756e+06
0.133856, 6825.35, 125205, 46.0763, 3.98758e+06
0.133894, 6825.11, 125290, 46.0763, 3.9876e+06
0.133932, 6824.87, 125375, 46.0763, 3.98763e+06
0.13397, 6824.63, 125460, 46.0763, 3.98765e+06
0.134008, 6824.39, 125545, 46.0763, 3.98768e+06
0.134047, 6824.15, 125630, 46.0763, 3.9877e+06
0.134085, 6823.91, 125715, 46.0763, 3.98771e+06
0.134123, 6823.67, 125800, 46.0763, 3.98772e+06
0.134161, 6823.43, 125885, 46.0763, 3.98771e+06
0.1342, 6823.19, 125969, 46.0763, 3.98771e+06
0.134238, 6822.94, 126054, 46.0763, 3.9877e+06
0.134276, 6822.7, 126138, 46.0763, 3.98768e+06
0.134314, 6822.46, 126223, 46.0763, 3.98767e+06
0.134353, 6822.22, 126307, 46.0763, 3.98766e+06
0.134391, 6821.97, 126391, 46.0763, 3.98765e+06
0.134429, 6821.73, 126476, 46.0763, 3.98764e+06
0.134467, 6821.49, 126560, 46.0763, 3.98765e+06
0.134506, 6821.24, 126644, 46.0763, 3.98765e+06
0.134544, 6821, 126728, 46.0763, 3.98766e+06
0.134582, 6820.75, 126812, 46.0763, 3.98767e+06
0.13462, 6820.51, 126896, 46.0763, 3.98768e+06
0.134659, 6820.26, 126980, 46.0763, 3.9877e+06
0.134697, 6820.02, 127064, 46.0763, 3.98771e+06
0.134735, 6819.77, 127148, 46.0763, 3.98772e+06
0.134773, 6819.52, 127232, 46.0763, 3.98773e+06
0.134812, 6819.28, 127316, 46.0763, 3.98775e+06
0.13485, 6819.03, 127400, 46.0763, 3.98776e+06
0.134888, 6818.78, 127484, 46.0763, 3.98777e+06
0.134926, 6818.53, 127568, 46.0763, 3.98778e+06
0.134965, 6818.29, 127652, 46.0763, 3.98779e+06
0.135003, 6818.04, 127735, 46.0763, 3.9878e+06
0.135041, 6817.79, 127819, 46.0763, 3.98781e+06
0.135079, 6817.54, 127903, 46.0763, 3.98782e+06
0.135118, 6817.29, 127986, 46.0763, 3.98782e+06
0.135156, 6817.04, 128069, 46.0763, 3.98783e+06
0.135194, 6816.79, 128153, 46.0763, 3.98783e+06
0.135232, 6816.54, 128236, 46.0763, 3.98783e+06
0.135271, 6816.29, 128319, 46.0763, 3.98783e+06
0.135309, 6816.04, 128402, 46.0763, 3.98783e+06
0.135347, 6815.79, 128485, 46.0763, 3.98782e+06
0.135386, 6815.54, 128567, 46.0763, 3.98781e+06
0.135424, 6815.29, 128650, 46.0763, 3.9878e+06
0.135462, 6815.03, 128732, 46.0763, 3.98779e+06
0.1355, 6814.78, 128815, 46.0763, 3.98777e+06
0.135539, 6814.53, 128897, 46.0763, 3.98775e+06
0.135577, 6814.28, 128979, 46.0763, 3.98773e+06
0.135615, 6814.02, 129061, 46.0763, 3.98771e+06
0.135653, 6813.77, 129143, 46.0763, 3.9877e+06
0.135692, 6813.52, 129225, 46.0763, 3.98768e+06
0.13573, 6813.26, 129307, 46.0763, 3.98767e+06
0.135768, 6813.01, 129389, 46.0763, 3.98767e+06
0.135807, 6812.75, 129471, 46.0763, 3.98767e+06
0.135845, 6812.5, 129553, 46.0763, 3.98768e+06
0.135883, 6812.24, 129635, 46.0763, 3.9877e+06
0.135921, 6811.98, 129717, 46.0763, 3.98773e+06
0.13596, 6811.73, 129799, 46.0763, 3.98776e+06
0.135998, 6811.47, 129880, 46.0763, 3.9878e+06
0.136036, 6811.22, 129962, 46.0763, 3.98783e+06
0.136075, 6810.96, 130043, 46.0763, 3.98786e+06
0.136113, 6810.7, 130124, 46.0763, 3.98789e+06
0.136151, 6810.44, 130205, 46.0763, 3.98792e+06
0.13619, 6810.19, 130286, 46.0763, 3.98793e+06
0.136228, 6809.93, 130367, 46.0763, 3.98795e+06
0.136266, 6809.67, 130448, 46.0763, 3.98795e+06
0.136304, 6809.41, 130529, 46.0763, 3.98795e+06
0.136343, 6809.15, 130609, 46.0763, 3.98795e+06
0.136381, 6808.89, 130690, 46.0763, 3.98794e+06
0.136419, 6808.64, 130770, 46.0763, 3.98794e+06
0.136458, 6808.38, 130850, 46.0763, 3.98793e+06
0.136496, 6808.12, 130930, 46.0763, 3.98793e+06
0.136534, 6807.86, 131010, 46.0763, 3.98792e+06
0.136573, 6807.6, 131090, 46.0763, 3.98792e+06
0.136611, 6807.34, 131170, 46.0763, 3.98791e+06
0.136649, 6807.08, 131250, 46.0763, 3.98791e+06
0.136687, 6806.81, 131330, 46.0763, 3.9879e+06
0.136726, 6806.55, 131410, 46.0763, 3.98789e+06
0.136764, 6806.29, 131489, 46.0763, 3.98788e+06
0.136802, 6806.03, 131569, 46.0763, 3.98787e+06
0.136841, 6805.77, 131648, 46.0763, 3.98786e+06
0.136879, 6805.5, 131727, 46.0763, 3.98785e+06
0.136917, 6805.24, 131807, 46.0763, 3.98783e+06
0.136956, 6804.98, 131886, 46.0763, 3.98782e+06
0.136994, 6804.71, 131965, 46.0763, 3.9878e+06
0.137032, 6804.45, 132044, 46.0763, 3.98779e+06
0.137071, 6804.18, 132123, 46.0763, 3.98778e+06
0.137109, 6803.92, 132202, 46.0763, 3.98778e+06
0.137147, 6803.65, 132281, 46.0763, 3.98777e+06
0.137186, 6803.39, 132360, 46.0763, 3.98778e+06
0.137224, 6803.12, 132438, 46.0763, 3.98778e+06
0.137262, 6802.86, 132517, 46.0763, 3.98779e+06
0.137301, 6802.59, 132596, 46.0763, 3.9878e+06
0.137339, 6802.32, 132674, 46.0763, 3.98781e+06
0.137377, 6802.05, 132753, 46.0763, 3.98783e+06
0.137416, 6801.79, 132831, 46.0763, 3.98784e+06
0.137454, 6801.52, 132909, 46.0763, 3.98785e+06
0.137492, 6801.25, 132987, 46.0763, 3.98786e+06
0.137531, 6800.98, 133065, 46.0763, 3.98786e+06
0.137569, 6800.72, 133143, 46.0763, 3.98786e+06
0.137607, 6800.45, 133221, 46.0763, 3.98786e+06
0.137646, 6800.18, 133299, 46.0763, 3.98785e+06
0.137684, 6799.91, 133377, 46.0763, 3.98785e+06
0.137722, 6799.64, 133454, 46.0763, 3.98784e+06
0.137761, 6799.37, 133532, 46.0763, 3.98784e+06
0.137799, 6799.1, 133610, 46.0763, 3.98783e+06
0.137837, 6798.83, 133687, 46.0763, 3.98783e+06
0.137876, 6798.56, 133765, 46.0763, 3.98783e+06
0.137914, 6798.28, 133842, 46.0763, 3.98782e+06
0.137952, 6798.01, 133919, 46.0763, 3.98782e+06
0.137991, 6797.74, 133996, 46.0763, 3.98782e+06
0.138029, 6797.47, 134074, 46.0763, 3.98781e+06
0.138067, 6797.19, 134151, 46.0763, 3.98781e+06
0.138106, 6796.92, 134227, 46.0763, 3.9878e+06
0.138144, 6796.65, 134304, 46.0763, 3.98779e+06
0.138182, 6796.38, 134381, 46.0763, 3.98778e+06
0.138221, 6796.1, 134457, 46.0763, 3.98777e+06
0.138259, 6795.83, 134534, 46.0763, 3.98776e+06
0.138297, 6795.55, 134610, 46.0763, 3.98776e+06
0.138336, 6795.28, 134687, 46.0763, 3.98775e+06
0.138374, 6795.01, 134763, 46.0763, 3.98775e+06
0.138412, 6794.73, 134839, 46.0763, 3.98774e+06
0.138451, 6794.46, 134915, 46.0763, 3.98774e+06
0.138489, 6794.18, 134991, 46.0763, 3.98775e+06
0.138527, 6793.91, 135067, 46.0763, 3.98775e+06
0.138566, 6793.63, 135143, 46.0763, 3.98776e+06
0.138604, 6793.35, 135218, 46.0763, 3.98776e+06
0.138642, 6793.08, 135294, 46.0763, 3.98777e+06
0.138681, 6792.8, 135369, 46.0763, 3.98779e+06
0.138719, 6792.52, 135445, 46.0763, 3.9878e+06
0.138757, 6792.25, 135520, 46.0763, 3.98781e+06
0.138796, 6791.97, 135596, 46.0763, 3.98782e+06
0.138834, 6791.69, 135671, 46.0763, 3.98783e+06
0.138872, 6791.41, 135746, 46.0763, 3.98784e+06
0.138911, 6791.13, 135821, 46.0763, 3.98785e+06
0.138949, 6790.85, 135896, 46.0763, 3.98785e+06
0.138987, 6790.58, 135971, 46.0763, 3.98785e+06
0.139026, 6790.3, 136046, 46.0763, 3.98785e+06
0.139064, 6790.02, 136120, 46.0763, 3.98784e+06
0.139102, 6789.74, 136195, 46.0763, 3.98783e+06
0.139141, 6789.46, 136270, 46.0763, 3.98782e+06
0.139179, 6789.18, 136344, 46.0763, 3.98781e+06
0.139217, 6788.9, 136419, 46.0763, 3.9878e+06
0.139256, 6788.62, 136493, 46.0763, 3.98779e+06
0.139294, 6788.33, 136568, 46.0763, 3.98779e+06
0.139332, 6788.05, 136642, 46.0763, 3.98778e+06
0.139371, 6787.77, 136716, 46.0763, 3.98777e+06
0.139409, 6787.49, 136790, 46.0763, 3.98777e+06
0.139447, 6787.21, 136864, 46.0763, 3.98777e+06
0.139486, 6786.93, 136937, 46.0763, 3.98777e+06
0.139524, 6786.64, 137011, 46.0763, 3.98776e+06
0.139562, 6786.36, 137084, 46.0763, 3.98777e+06
0.139601, 6786.08, 137158, 46.0763, 3.98777e+06
0.139639, 6785.8, 137231, 46.0763, 3.98777e+06
0.139677, 6785.51, 137304, 46.0763, 3.98777e+06
0.139716, 6785.23, 137377, 46.0763, 3.98778e+06
0.139754, 6784.95, 137450, 46.0763, 3.98779e+06
0.139792, 6784.66, 137522, 46.0763, 3.9878e+06
0.139831, 6784.38, 137595, 46.0763, 3.98781e+06
0.139869, 6784.09, 137667, 46.0763, 3.98782e+06
0.139907, 6783.81, 137739, 46.0763, 3.98783e+06
0.139946, 6783.53, 137812, 46.0763, 3.98785e+06
0.139984, 6783.24, 137884, 46.0763, 3.98786e+06
0.140022, 6782.96, 137956, 46.0763, 3.98787e+06
0.14006, 6782.67, 138028, 46.0763, 3.98788e+06
0.140099, 6782.39, 138099, 46.0763, 3.98789e+06
0.140137, 6782.1, 138171, 46.0763, 3.98789e+06
0.140175, 6781.82, 138243, 46.0763, 3.9879e+06
0.140214, 6781.53, 138314, 46.0763, 3.9879e+06
0.140252, 6781.25, 138386, 46.0763, 3.98791e+06
0.14029, 6780.96, 138457, 46.0763, 3.98791e+06
0.140329, 6780.67, 138528, 46.0763, 3.98792e+06
0.140367, 6780.39, 138599, 46.0763, 3.98792e+06
0.140405, 6780.1, 138670, 46.0763, 3.98792e+06
0.140444, 6779.81, 138741, 46.0763, 3.98793e+06
0.140482, 6779.52, 138812, 46.0763, 3.98793e+06
0.14052, 6779.24, 138883, 46.0763, 3.98793e+06
0.140559, 6778.95, 138954, 46.0763, 3.98792e+06
0.140597, 6778.66, 139025, 46.0763, 3.98791e+06
0.140635, 6778.37, 139095, 46.0763, 3.9879e+06
0.140674, 6778.09, 139166, 46.0763, 3.98788e+06
0.140712, 6777.8, 139236, 46.0763, 3.98786e+06
0.14075, 6777.51, 139307, 46.0763, 3.98784e+06
0.140789, 6777.22, 139377, 46.0763, 3.98782e+06
0.140827, 6776.93, 139447, 46.0763, 3.9878e+06
0.140865, 6776.64, 139517, 46.0763, 3.98779e+06
0.140904, 6776.35, 139587, 46.0763, 3.98778e+06
0.140942, 6776.07, 139657, 46.0763, 3.98777e+06
0.14098, 6775.78, 139727, 46.0763, 3.98777e+06
0.141018, 6775.49, 139797, 46.0763, 3.98778e+06
0.141057, 6775.2, 139867, 46.0763, 3.98779e+06
0.141095, 6774.91, 139937, 46.0763, 3.9878e+06
0.141133, 6774.62, 140006, 46.0763, 3.98782e+06
0.141172, 6774.33, 140076, 46.0763, 3.98784e+06
0.14121, 6774.04, 140145, 46.0763, 3.98785e+06
0.141248, 6773.75, 140215, 46.0763, 3.98786e+06
0.141287, 6773.46, 140284, 46.0763, 3.98787e+06
0.141325, 6773.17, 140353, 46.0763, 3.98787e+06
0.141363, 6772.88, 140422, 46.0763, 3.98787e+06
0.141402, 6772.59, 140491, 46.0763, 3.98786e+06
0.14144, 6772.3, 140560, 46.0763, 3.98785e+06
0.141478, 6772.01, 140628, 46.0763, 3.98784e+06
0.141517, 6771.72, 140697, 46.0763, 3.98783e+06
0.141555, 6771.42, 140766, 46.0763, 3.98782e+06
0.141593, 6771.13, 140834, 46.0763, 3.98781e+06
0.141632, 6770.84, 140902, 46.0763, 3.9878e+06
0.14167, 6770.55, 140970, 46.0763, 3.98779e+06
0.141708, 6770.26, 141039, 46.0763, 3.98779e+06
0.141747, 6769.96, 141107, 46.0763, 3.98778e+06
0.141785, 6769.67, 141175, 46.0763, 3.98777e+06
0.141823, 6769.38, 141243, 46.0763, 3.98776e+06
0.141862, 6769.09, 141311, 46.0763, 3.98775e+06
0.1419, 6768.79, 141379, 46.0763, 3.98773e+06
0.141938, 6768.5, 141447, 46.0763, 3.98772e+06
0.141977, 6768.21, 141514, 46.0763, 3.9877e+06
0.142015, 6767.92, 141582, 46.0763, 3.98768e+06
0.142053, 6767.62, 141649, 46.0763, 3.98766e+06
0.142092, 6767.33, 141717, 46.0763, 3.98764e+06
0.14213, 6767.04, 141784, 46.0763, 3.98763e+06
0.142168, 6766.74, 141851, 46.0763, 3.98762e+06
0.142207, 6766.45, 141919, 46.0763, 3.98761e+06
0.142245, 6766.16, 141986, 46.0763, 3.98762e+06
0.142283, 6765.86, 142052, 46.0763, 3.98762e+06
0.142322, 6765.57, 142119, 46.0763, 3.98763e+06
0.14236, 6765.28, 142186, 46.0763, 3.98765e+06
0.142398, 6764.99, 142253, 46.0763, 3.98766e+06
0.142437, 6764.69, 142319, 46.0763, 3.98768e+06
0.142475, 6764.4, 142386, 46.0763, 3.9877e+06
0.142513, 6764.11, 142452, 46.0763, 3.98771e+06
0.142552, 6763.82, 142518, 46.0763, 3.98772e+06
0.14259, 6763.52, 142585, 46.0763, 3.98772e+06
0.142628, 6763.23, 142651, 46.0763, 3.98772e+06
0.142667, 6762.94, 142717, 46.0763, 3.98771e+06
0.142705, 6762.65, 142783, 46.0763, 3.98769e+06
0.142743, 6762.35, 142849, 46.0763, 3.98767e+06
0.142782, 6762.06, 142915, 46.0763, 3.98764e+06
0.14282, 6761.77, 142981, 46.0763, 3.98761e+06
0.142859, 6761.48, 143047, 46.0763, 3.98757e+06
0.142897, 6761.18, 143113, 46.0763, 3.98754e+06
0.142935, 6760.89, 143179, 46.0763, 3.98752e+06
0.142974, 6760.6, 143245, 46.0763, 3.9875e+06
0.143012, 6760.31, 143311, 46.0763, 3.98749e+06
0.14305, 6760.01, 143377, 46.0763, 3.98749e+06
0.143089, 6759.72, 143442, 46.0763, 3.98751e+06
0.143127, 6759.43, 143508, 46.0763, 3.98753e+06
0.143165, 6759.13, 143574, 46.0763, 3.98755e+06
0.143204, 6758.84, 143639, 46.0763, 3.98759e+06
0.143242, 6758.55, 143705, 46.0763, 3.98762e+06
0.14328, 6758.26, 143770, 46.0763, 3.98766e+06
0.143319, 6757.96, 143835, 46.0763, 3.98768e+06
0.143357, 6757.67, 143900, 46.0763, 3.98771e+06
0.143396, 6757.38, 143965, 46.0763, 3.98772e+06
0.143434, 6757.08, 144031, 46.0763, 3.98773e+06
0.143472, 6756.79, 144096, 46.0763, 3.98773e+06
0.143511, 6756.5, 144161, 46.0763, 3.98772e+06
0.143549, 6756.2, 144226, 46.0763, 3.9877e+06
0.143587, 6755.91, 144290, 46.0763, 3.98768e+06
0.143626, 6755.61, 144355, 46.0763, 3.98766e+06
0.143664, 6755.32, 144420, 46.0763, 3.98764e+06
0.143702, 6755.02, 144485, 46.0763, 3.98762e+06
0.143741, 6754.73, 144550, 46.0763, 3.98761e+06
0.143779, 6754.43, 144614, 46.0763, 3.9876e+06
0.143818, 6754.14, 144679, 46.0763, 3.9876e+06
0.143856, 6753.84, 144743, 46.0763, 3.98761e+06
0.143894, 6753.55, 144808, 46.0763, 3.98761e+06
0.143933, 6753.25, 144872, 46.0763, 3.98762e+06
0.143971, 6752.96, 144937, 46.0763, 3.98763e+06
0.144009, 6752.66, 145001, 46.0763, 3.98764e+06
0.144048, 6752.37, 145065, 46.0763, 3.98765e+06
0.144086, 6752.07, 145129, 46.0763, 3.98765e+06
0.144125, 6751.78, 145193, 46.0763, 3.98765e+06
0.144163, 6751.48, 145257, 46.0763, 3.98765e+06
0.144201, 6751.19, 145322, 46.0763, 3.98765e+06
0.14424, 6750.89, 145386, 46.0763, 3.98764e+06
0.144278, 6750.6, 145450, 46.0763, 3.98764e+06
0.144317, 6750.3, 145513, 46.0763, 3.98764e+06
0.144355, 6750, 145577, 46.0763, 3.98764e+06
0.144393, 6749.71, 145641, 46.0763, 3.98764e+06
0.144432, 6749.41, 145705, 46.0763, 3.98765e+06
0.14447, 6749.12, 145769, 46.0763, 3.98765e+06
0.144508, 6748.82, 145832, 46.0763, 3.98765e+06
0.144547, 6748.52, 145896, 46.0763, 3.98765e+06
0.144585, 6748.23, 145959, 46.0763, 3.98764e+06
0.144624, 6747.93, 146022, 46.0763, 3.98764e+06
0.144662, 6747.64, 146086, 46.0763, 3.98763e+06
0.1447, 6747.34, 146149, 46.0763, 3.98762e+06
0.144739, 6747.05, 146212, 46.0763, 3.98761e+06
0.144777, 6746.75, 146275, 46.0763, 3.9876e+06
0.144816, 6746.45, 146338, 46.0763, 3.98759e+06
0.144854, 6746.16, 146401, 46.0763, 3.98758e+06
0.144892, 6745.86, 146464, 46.0763, 3.98757e+06
0.144931, 6745.57, 146527, 46.0763, 3.98756e+06
0.144969, 6745.27, 146590, 46.0763, 3.98756e+06
0.145008, 6744.97, 146652, 46.0763, 3.98756e+06
0.145046, 6744.68, 146715, 46.0763, 3.98756e+06
0.145084, 6744.38, 146778, 46.0763, 3.98756e+06
0.145123, 6744.09, 146841, 46.0763, 3.98756e+06
0.145161, 6743.79, 146903, 46.0763, 3.98757e+06
0.1452, 6743.49, 146966, 46.0763, 3.98758e+06
0.145238, 6743.2, 147028, 46.0763, 3.98758e+06
0.145277, 6742.9, 147091, 46.0763, 3.98759e+06
0.145315, 6742.6, 147153, 46.0763, 3.98759e+06
0.145353, 6742.31, 147216, 46.0763, 3.9876e+06
0.145392, 6742.01, 147278, 46.0763, 3.9876e+06
0.14543, 6741.71, 147340, 46.0763, 3.9876e+06
0.145469, 6741.41, 147403, 46.0763, 3.98761e+06
0.145507, 6741.12, 147465, 46.0763, 3.98761e+06
0.145546, 6740.82, 147527, 46.0763, 3.98761e+06
0.145584, 6740.52, 147589, 46.0763, 3.98762e+06
0.145622, 6740.23, 147651, 46.0763, 3.98762e+06
0.145661, 6739.93, 147713, 46.0763, 3.98762e+06
0.145699, 6739.63, 147775, 46.0763, 3.98762e+06
0.145738, 6739.34, 147837, 46.0763, 3.98761e+06
0.145776, 6739.04, 147899, 46.0763, 3.9876e+06
0.145815, 6738.74, 147961, 46.0763, 3.98759e+06
0.145853, 6738.44, 148023, 46.0763, 3.98758e+06
0.145891, 6738.15, 148085, 46.0763, 3.98757e+06
0.14593, 6737.85, 148147, 46.0763, 3.98757e+06
0.145968, 6737.55, 148209, 46.0763, 3.98756e+06
0.146007, 6737.25, 148271, 46.0763, 3.98757e+06
0.146045, 6736.96, 148332, 46.0763, 3.98757e+06
0.146084, 6736.66, 148394, 46.0763, 3.98758e+06
0.146122, 6736.36, 148456, 46.0763, 3.9876e+06
0.146161, 6736.06, 148518, 46.0763, 3.98761e+06
0.146199, 6735.77, 148579, 46.0763, 3.98762e+06
0.146238, 6735.47, 148641, 46.0763, 3.98763e+06
0.146276, 6735.17, 148702, 46.0763, 3.98763e+06
0.146315, 6734.87, 148764, 46.0763, 3.98762e+06
0.146353, 6734.57, 148825, 46.0763, 3.98762e+06
0.146392, 6734.28, 148887, 46.0763, 3.9876e+06
0.14643, 6733.98, 148948, 46.0763, 3.98759e+06
0.146468, 6733.68, 149010, 46.0763, 3.98757e+06
0.146507, 6733.38, 149071, 46.0763, 3.98755e+06
0.146545, 6733.08, 149132, 46.0763, 3.98754e+06
0.146584, 6732.79, 149193, 46.0763, 3.98753e+06
0.146622, 6732.49, 149255, 46.0763, 3.98753e+06
0.146661, 6732.19, 149316, 46.0763, 3.98753e+06
0.146699, 6731.89, 149377, 46.0763, 3.98753e+06
0.146738, 6731.59, 149438, 46.0763, 3.98753e+06
0.146776, 6731.3, 149499, 46.0763, 3.98754e+06
0.146815, 6731, 149560, 46.0763, 3.98754e+06
0.146853, 6730.7, 149621, 46.0763, 3.98755e+06
0.146892, 6730.4, 149682, 46.0763, 3.98755e+06
0.14693, 6730.1, 149743, 46.0763, 3.98755e+06
0.146969, 6729.81, 149804, 46.0763, 3.98755e+06
0.147007, 6729.51, 149865, 46.0763, 3.98755e+06
0.147046, 6729.21, 149925, 46.0763, 3.98755e+06
0.147084, 6728.91, 149986, 46.0763, 3.98754e+06
0.147123, 6728.61, 150046, 46.0763, 3.98754e+06
0.147161, 6728.31, 150107, 46.0763, 3.98754e+06
0.1472, 6728.02, 150167, 46.0763, 3.98754e+06
0.147238, 6727.72, 150228, 46.0763, 3.98753e+06
0.147277, 6727.42, 150288, 46.0763, 3.98753e+06
0.147315, 6727.12, 150348, 46.0763, 3.98753e+06
0.147354, 6726.82, 150409, 46.0763, 3.98752e+06
0.147392, 6726.53, 150469, 46.0763, 3.98751e+06
0.147431, 6726.23, 150529, 46.0763, 3.98749e+06
0.147469, 6725.93, 150589, 46.0763, 3.98748e+06
0.147508, 6725.63, 150649, 46.0763, 3.98746e+06
0.147546, 6725.33, 150709, 46.0763, 3.98744e+06
0.147585, 6725.04, 150769, 46.0763, 3.98741e+06
0.147623, 6724.74, 150829, 46.0763, 3.98739e+06
0.147662, 6724.44, 150888, 46.0763, 3.98737e+06
0.1477, 6724.15, 150948, 46.0763, 3.98735e+06
0.147739, 6723.85, 151008, 46.0763, 3.98733e+06
0.147777, 6723.55, 151067, 46.0763, 3.98732e+06
0.147816, 6723.26, 151127, 46.0763, 3.98731e+06
0.147854, 6722.96, 151186, 46.0763, 3.98731e+06
0.147893, 6722.66, 151245, 46.0763, 3.98731e+06
0.147931, 6722.37, 151305, 46.0763, 3.98731e+06
0.14797, 6722.07, 151364, 46.0763, 3.98731e+06
0.148008, 6721.78, 151423, 46.0763, 3.98732e+06
0.148047, 6721.48, 151482, 46.0763, 3.98733e+06
0.148085, 6721.19, 151541, 46.0763, 3.98734e+06
0.148124, 6720.89, 151600, 46.0763, 3.98735e+06
0.148162, 6720.59, 151659, 46.0763, 3.98736e+06
0.148201, 6720.3, 151718, 46.0763, 3.98737e+06
0.148239, 6720.01, 151777, 46.0763, 3.98739e+06
0.148277, 6719.71, 151836, 46.0763, 3.98741e+06
0.148316, 6719.42, 151895, 46.0763, 3.98742e+06
0.148354, 6719.12, 151954, 46.0763, 3.98744e+06
0.148393, 6718.83, 152013, 46.0763, 3.98746e+06
0.148431, 6718.53, 152072, 46.0763, 3.98747e+06
0.14847, 6718.24, 152131, 46.0763, 3.98748e+06
0.148508, 6717.94, 152189, 46.0763, 3.98748e+06
0.148547, 6717.65, 152248, 46.0763, 3.98748e+06
0.148585, 6717.36, 152307, 46.0763, 3.98747e+06
0.148624, 6717.06, 152366, 46.0763, 3.98746e+06
0.148662, 6716.77, 152424, 46.0763, 3.98744e+06
0.148701, 6716.47, 152483, 46.0763, 3.98741e+06
0.148739, 6716.18, 152542, 46.0763, 3.98738e+06
0.148778, 6715.89, 152600, 46.0763, 3.98734e+06
0.148816, 6715.59, 152659, 46.0763, 3.9873e+06
0.148855, 6715.3, 152717, 46.0763, 3.98726e+06
0.148893, 6715.01, 152775, 46.0763, 3.98723e+06
0.148932, 6714.71, 152834, 46.0763, 3.9872e+06
0.14897, 6714.42, 152892, 46.0763, 3.98717e+06
0.149009, 6714.13, 152950, 46.0763, 3.98715e+06
0.149047, 6713.83, 153009, 46.0763, 3.98714e+06
0.149086, 6713.54, 153067, 46.0763, 3.98713e+06
0.149124, 6713.25, 153126, 46.0763, 3.98713e+06
0.149163, 6712.96, 153184, 46.0763, 3.98713e+06
0.149201, 6712.66, 153242, 46.0763, 3.98714e+06
0.14924, 6712.37, 153301, 46.0763, 3.98715e+06
0.149278, 6712.08, 153359, 46.0763, 3.98716e+06
0.149317, 6711.79, 153417, 46.0763, 3.98717e+06
0.149355, 6711.5, 153475, 46.0763, 3.98718e+06
0.149394, 6711.2, 153534, 46.0763, 3.98719e+06
0.149432, 6710.91, 153592, 46.0763, 3.9872e+06
0.149471, 6710.62, 153650, 46.0763, 3.98721e+06
0.149509, 6710.33, 153708, 46.0763, 3.98722e+06
0.149548, 6710.04, 153766, 46.0763, 3.98723e+06
0.149586, 6709.75, 153825, 46.0763, 3.98723e+06
0.149625, 6709.46, 153883, 46.0763, 3.98724e+06
0.149663, 6709.17, 153941, 46.0763, 3.98725e+06
0.149702, 6708.88, 153999, 46.0763, 3.98726e+06
0.14974, 6708.58, 154057, 46.0763, 3.98727e+06
0.149779, 6708.29, 154115, 46.0763, 3.98728e+06
0.149817, 6708, 154174, 46.0763, 3.98729e+06
0.149856, 6707.71, 154232, 46.0763, 3.9873e+06
0.149894, 6707.42, 154290, 46.0763, 3.98731e+06
0.149933, 6707.13, 154348, 46.0763, 3.98731e+06
0.149971, 6706.84, 154406, 46.0763, 3.98732e+06
0.15001, 6706.55, 154464, 46.0763, 3.98732e+06
0.150048, 6706.26, 154522, 46.0763, 3.98732e+06
0.150087, 6705.97, 154580, 46.0763, 3.98732e+06
0.150125, 6705.68, 154638, 46.0763, 3.98731e+06
0.150164, 6705.39, 154696, 46.0763, 3.9873e+06
0.150202, 6705.1, 154755, 46.0763, 3.98729e+06
0.150241, 6704.81, 154813, 46.0763, 3.98728e+06
0.150279, 6704.52, 154871, 46.0763, 3.98727e+06
0.150318, 6704.23, 154929, 46.0763, 3.98727e+06
0.150356, 6703.94, 154987, 46.0763, 3.98727e+06
0.150395, 6703.65, 155045, 46.0763, 3.98728e+06
0.150433, 6703.37, 155103, 46.0763, 3.98729e+06
0.150472, 6703.08, 155161, 46.0763, 3.98731e+06
0.15051, 6702.79, 155219, 46.0763, 3.98734e+06
0.150549, 6702.5, 155276, 46.0763, 3.98736e+06
0.150587, 6702.21, 155334, 46.0763, 3.98739e+06
0.150626, 6701.92, 155392, 46.0763, 3.98741e+06
0.150664, 6701.63, 155450, 46.0763, 3.98743e+06
0.150703, 6701.35, 155508, 46.0763, 3.98744e+06
0.150742, 6701.06, 155566, 46.0763, 3.98744e+06
0.15078, 6700.77, 155623, 46.0763, 3.98743e+06
0.150819, 6700.48, 155681, 46.0763, 3.98741e+06
0.150857, 6700.2, 155739, 46.0763, 3.98739e+06
0.150896, 6699.91, 155796, 46.0763, 3.98736e+06
0.150934, 6699.62, 155854, 46.0763, 3.98732e+06
0.150973, 6699.34, 155911, 46.0763, 3.98729e+06
0.151011, 6699.05, 155969, 46.0763, 3.98725e+06
0.15105, 6698.77, 156027, 46.0763, 3.98722e+06
0.151088, 6698.48, 156084, 46.0763, 3.98718e+06
0.151127, 6698.19, 156142, 46.0763, 3.98716e+06
0.151165, 6697.91, 156199, 46.0763, 3.98714e+06
0.151204, 6697.62, 156257, 46.0763, 3.98712e+06
0.151242, 6697.34, 156315, 46.0763, 3.98711e+06
0.151281, 6697.05, 156372, 46.0763, 3.98711e+06
0.151319, 6696.77, 156430, 46.0763, 3.98712e+06
0.151358, 6696.48, 156488, 46.0763, 3.98713e+06
0.151396, 6696.2, 156546, 46.0763, 3.98716e+06
0.151435, 6695.91, 156603, 46.0763, 3.98718e+06
0.151473, 6695.63, 156661, 46.0763, 3.98722e+06
0.151512, 6695.34, 156719, 46.0763, 3.98725e+06
0.151551, 6695.06, 156777, 46.0763, 3.98729e+06
0.151589, 6694.78, 156835, 46.0763, 3.98732e+06
0.151628, 6694.49, 156893, 46.0763, 3.98735e+06
0.151666, 6694.21, 156951, 46.0763, 3.98737e+06
0.151705, 6693.92, 157009, 46.0763, 3.98738e+06
0.151743, 6693.64, 157067, 46.0763, 3.98739e+06
0.151782, 6693.35, 157125, 46.0763, 3.98738e+06
0.15182, 6693.07, 157183, 46.0763, 3.98737e+06
0.151859, 6692.79, 157241, 46.0763, 3.98736e+06
0.151897, 6692.5, 157299, 46.0763, 3.98734e+06
0.151936, 6692.22, 157357, 46.0763, 3.98732e+06
0.151975, 6691.94, 157415, 46.0763, 3.9873e+06
0.152013, 6691.65, 157473, 46.0763, 3.98727e+06
0.152052, 6691.37, 157531, 46.0763, 3.98725e+06
0.15209, 6691.08, 157589, 46.0763, 3.98723e+06
0.152129, 6690.8, 157648, 46.0763, 3.98721e+06
0.152167, 6690.52, 157706, 46.0763, 3.98718e+06
0.152206, 6690.23, 157764, 46.0763, 3.98716e+06
0.152244, 6689.95, 157822, 46.0763, 3.98713e+06
0.152283, 6689.66, 157880, 46.0763, 3.98711e+06
0.152321, 6689.38, 157939, 46.0763, 3.98709e+06
0.15236, 6689.1, 157997, 46.0763, 3.98707e+06
0.152399, 6688.81, 158055, 46.0763, 3.98705e+06
0.152437, 6688.53, 158114, 46.0763, 3.98704e+06
0.152476, 6688.24, 158172, 46.0763, 3.98704e+06
0.152514, 6687.96, 158230, 46.0763, 3.98705e+06
0.152553, 6687.67, 158289, 46.0763, 3.98706e+06
0.152591, 6687.39, 158347, 46.0763, 3.98707e+06
0.15263, 6687.11, 158405, 46.0763, 3.98709e+06
0.152669, 6686.82, 158464, 46.0763, 3.98711e+06
0.152707, 6686.54, 158522, 46.0763, 3.98713e+06
0.152746, 6686.25, 158581, 46.0763, 3.98715e+06
0.152784, 6685.97, 158639, 46.0763, 3.98717e+06
0.152823, 6685.69, 158698, 46.0763, 3.98717e+06
0.152861, 6685.4, 158756, 46.0763, 3.98718e+06
0.1529, 6685.12, 158815, 46.0763, 3.98717e+06
0.152939, 6684.83, 158873, 46.0763, 3.98716e+06
0.152977, 6684.55, 158932, 46.0763, 3.98714e+06
0.153016, 6684.26, 158990, 46.0763, 3.98712e+06
0.153054, 6683.98, 159049, 46.0763, 3.98708e+06
0.153093, 6683.7, 159108, 46.0763, 3.98704e+06
0.153131, 6683.41, 159166, 46.0763, 3.987e+06
0.15317, 6683.13, 159225, 46.0763, 3.98695e+06
0.153209, 6682.84, 159284, 46.0763, 3.9869e+06
0.153247, 6682.56, 159343, 46.0763, 3.98685e+06
0.153286, 6682.27, 159402, 46.0763, 3.98681e+06
0.153324, 6681.99, 159461, 46.0763, 3.98677e+06
0.153363, 6681.7, 159520, 46.0763, 3.98673e+06
0.153402, 6681.42, 159578, 46.0763, 3.9867e+06
0.15344, 6681.13, 159637, 46.0763, 3.98669e+06
0.153479, 6680.85, 159696, 46.0763, 3.98668e+06
0.153517, 6680.56, 159755, 46.0763, 3.98668e+06
0.153556, 6680.28, 159814, 46.0763, 3.9867e+06
0.153595, 6679.99, 159873, 46.0763, 3.98672e+06
0.153633, 6679.71, 159932, 46.0763, 3.98675e+06
0.153672, 6679.42, 159991, 46.0763, 3.98678e+06
0.15371, 6679.13, 160050, 46.0763, 3.98682e+06
0.153749, 6678.85, 160108, 46.0763, 3.98686e+06
0.153788, 6678.56, 160167, 46.0763, 3.9869e+06
0.153826, 6678.28, 160226, 46.0763, 3.98694e+06
0.153865, 6677.99, 160286, 46.0763, 3.98697e+06
0.153903, 6677.71, 160345, 46.0763, 3.987e+06
0.153942, 6677.42, 160404, 46.0763, 3.98701e+06
0.153981, 6677.13, 160463, 46.0763, 3.98702e+06
0.154019, 6676.85, 160522, 46.0763, 3.98702e+06
0.154058, 6676.56, 160581, 46.0763, 3.98701e+06
0.154096, 6676.28, 160640, 46.0763, 3.98699e+06
0.154135, 6675.99, 160699, 46.0763, 3.98696e+06
0.154174, 6675.71, 160758, 46.0763, 3.98693e+06
0.154212, 6675.42, 160817, 46.0763, 3.98689e+06
0.154251, 6675.14, 160876, 46.0763, 3.98685e+06
0.154289, 6674.85, 160935, 46.0763, 3.98681e+06
0.154328, 6674.57, 160995, 46.0763, 3.98677e+06
0.154367, 6674.28, 161054, 46.0763, 3.98674e+06
0.154405, 6673.99, 161113, 46.0763, 3.98671e+06
0.154444, 6673.71, 161172, 46.0763, 3.9867e+06
0.154482, 6673.42, 161232, 46.0763, 3.98669e+06
0.154521, 6673.14, 161291, 46.0763, 3.98669e+06
0.15456, 6672.85, 161351, 46.0763, 3.9867e+06
0.154598, 6672.57, 161410, 46.0763, 3.98672e+06
0.154637, 6672.28, 161470, 46.0763, 3.98674e+06
0.154675, 6671.99, 161529, 46.0763, 3.98676e+06
0.154714, 6671.71, 161589, 46.0763, 3.98678e+06
0.154753, 6671.42, 161649, 46.0763, 3.9868e+06
0.154791, 6671.14, 161709, 46.0763, 3.98681e+06
0.15483, 6670.85, 161769, 46.0763, 3.98683e+06
0.154868, 6670.57, 161828, 46.0763, 3.98684e+06
0.154907, 6670.28, 161888, 46.0763, 3.98684e+06
0.154946, 6669.99, 161948, 46.0763, 3.98684e+06
0.154984, 6669.71, 162008, 46.0763, 3.98683e+06
0.155023, 6669.42, 162068, 46.0763, 3.98683e+06
0.155061, 6669.14, 162128, 46.0763, 3.98682e+06
0.1551, 6668.85, 162188, 46.0763, 3.9868e+06
0.155139, 6668.57, 162248, 46.0763, 3.98679e+06
0.155177, 6668.28, 162308, 46.0763, 3.98678e+06
0.155216, 6667.99, 162369, 46.0763, 3.98678e+06
0.155254, 6667.71, 162429, 46.0763, 3.98678e+06
0.155293, 6667.42, 162489, 46.0763, 3.98678e+06
0.155332, 6667.14, 162549, 46.0763, 3.9868e+06
0.15537, 6666.85, 162610, 46.0763, 3.98682e+06
0.155409, 6666.56, 162670, 46.0763, 3.98685e+06
0.155447, 6666.28, 162730, 46.0763, 3.98688e+06
0.155486, 6665.99, 162791, 46.0763, 3.98692e+06
0.155525, 6665.7, 162851, 46.0763, 3.98696e+06
0.155563, 6665.42, 162912, 46.0763, 3.98699e+06
0.155602, 6665.13, 162972, 46.0763, 3.98701e+06
0.15564, 6664.84, 163033, 46.0763, 3.98703e+06
0.155679, 6664.56, 163094, 46.0763, 3.98704e+06
0.155718, 6664.27, 163154, 46.0763, 3.98703e+06
0.155756, 6663.98, 163215, 46.0763, 3.98701e+06
0.155795, 6663.7, 163276, 46.0763, 3.98699e+06
0.155833, 6663.41, 163336, 46.0763, 3.98696e+06
0.155872, 6663.12, 163397, 46.0763, 3.98692e+06
0.155911, 6662.84, 163458, 46.0763, 3.98689e+06
0.155949, 6662.55, 163519, 46.0763, 3.98685e+06
0.155988, 6662.26, 163580, 46.0763, 3.98683e+06
0.156026, 6661.97, 163640, 46.0763, 3.98681e+06
0.156065, 6661.69, 163701, 46.0763, 3.9868e+06
0.156104, 6661.4, 163762, 46.0763, 3.9868e+06
0.156142, 6661.11, 163823, 46.0763, 3.98681e+06
0.156181, 6660.83, 163884, 46.0763, 3.98682e+06
0.156219, 6660.54, 163945, 46.0763, 3.98685e+06
0.156258, 6660.25, 164006, 46.0763, 3.98687e+06
0.156297, 6659.96, 164067, 46.0763, 3.98689e+06
0.156335, 6659.68, 164128, 46.0763, 3.98692e+06
0.156374, 6659.39, 164189, 46.0763, 3.98693e+06
0.156412, 6659.1, 164250, 46.0763, 3.98695e+06
0.156451, 6658.81, 164312, 46.0763, 3.98695e+06
0.15649, 6658.52, 164373, 46.0763, 3.98696e+06
0.156528, 6658.24, 164434, 46.0763, 3.98696e+06
0.156567, 6657.95, 164495, 46.0763, 3.98695e+06
0.156605, 6657.66, 164556, 46.0763, 3.98695e+06
0.156644, 6657.37, 164618, 46.0763, 3.98694e+06
0.156683, 6657.08, 164679, 46.0763, 3.98694e+06
0.156721, 6656.79, 164740, 46.0763, 3.98693e+06
0.15676, 6656.5, 164801, 46.0763, 3.98692e+06
0.156798, 6656.22, 164863, 46.0763, 3.98691e+06
0.156837, 6655.93, 164924, 46.0763, 3.98689e+06
0.156876, 6655.64, 164985, 46.0763, 3.98687e+06
0.156914, 6655.35, 165047, 46.0763, 3.98684e+06
0.156953, 6655.06, 165108, 46.0763, 3.98681e+06
0.156991, 6654.77, 165169, 46.0763, 3.98677e+06
0.15703, 6654.48, 165231, 46.0763, 3.98673e+06
0.157069, 6654.19, 165292, 46.0763, 3.98669e+06
0.157107, 6653.9, 165354, 46.0763, 3.98665e+06
0.157146, 6653.61, 165415, 46.0763, 3.98662e+06
0.157184, 6653.32, 165476, 46.0763, 3.98659e+06
0.157223, 6653.03, 165538, 46.0763, 3.98657e+06
0.157262, 6652.74, 165599, 46.0763, 3.98656e+06
0.1573, 6652.45, 165661, 46.0763, 3.98656e+06
0.157339, 6652.16, 165722, 46.0763, 3.98657e+06
0.157377, 6651.87, 165783, 46.0763, 3.98659e+06
0.157416, 6651.59, 165845, 46.0763, 3.98662e+06
0.157455, 6651.3, 165906, 46.0763, 3.98666e+06
0.157493, 6651.01, 165967, 46.0763, 3.9867e+06
0.157532, 6650.72, 166029, 46.0763, 3.98674e+06
0.15757, 6650.43, 166090, 46.0763, 3.98678e+06
0.157609, 6650.14, 166151, 46.0763, 3.98681e+06
0.157648, 6649.84, 166213, 46.0763, 3.98683e+06
0.157686, 6649.55, 166274, 46.0763, 3.98684e+06
0.157725, 6649.26, 166336, 46.0763, 3.98685e+06
0.157763, 6648.97, 166397, 46.0763, 3.98683e+06
0.157802, 6648.68, 166458, 46.0763, 3.98681e+06
0.157841, 6648.39, 166520, 46.0763, 3.98677e+06
0.157879, 6648.1, 166582, 46.0763, 3.98673e+06
0.157918, 6647.81, 166643, 46.0763, 3.98667e+06
0.157956, 6647.52, 166705, 46.0763, 3.98661e+06
0.157995, 6647.22, 166767, 46.0763, 3.98655e+06
0.158034, 6646.93, 166828, 46.0763, 3.98649e+06
0.158072, 6646.64, 166890, 46.0763, 3.98643e+06
0.158111, 6646.35, 166952, 46.0763, 3.98639e+06
0.158149, 6646.06, 167013, 46.0763, 3.98635e+06
0.158188, 6645.76, 167075, 46.0763, 3.98634e+06
0.158227, 6645.47, 167137, 46.0763, 3.98633e+06
0.158265, 6645.18, 167199, 46.0763, 3.98635e+06
0.158304, 6644.89, 167260, 46.0763, 3.98638e+06
0.158342, 6644.59, 167322, 46.0763, 3.98642e+06
0.158381, 6644.3, 167384, 46.0763, 3.98647e+06
0.15842, 6644.01, 167446, 46.0763, 3.98652e+06
0.158458, 6643.71, 167507, 46.0763, 3.98658e+06
0.158497, 6643.42, 167569, 46.0763, 3.98663e+06
0.158535, 6643.13, 167631, 46.0763, 3.98667e+06
0.158574, 6642.83, 167693, 46.0763, 3.9867e+06
0.158613, 6642.54, 167755, 46.0763, 3.98672e+06
0.158651, 6642.24, 167817, 46.0763, 3.98672e+06
0.15869, 6641.95, 167879, 46.0763, 3.9867e+06
0.158728, 6641.66, 167941, 46.0763, 3.98668e+06
0.158767, 6641.36, 168003, 46.0763, 3.98664e+06
0.158806, 6641.07, 168065, 46.0763, 3.9866e+06
0.158844, 6640.77, 168127, 46.0763, 3.98655e+06
0.158883, 6640.48, 168189, 46.0763, 3.98651e+06
0.158922, 6640.18, 168252, 46.0763, 3.98647e+06
0.15896, 6639.89, 168314, 46.0763, 3.98645e+06
0.158999, 6639.59, 168376, 46.0763, 3.98643e+06
0.159037, 6639.3, 168438, 46.0763, 3.98643e+06
0.159076, 6639, 168500, 46.0763, 3.98643e+06
0.159115, 6638.71, 168562, 46.0763, 3.98644e+06
0.159153, 6638.41, 168624, 46.0763, 3.98647e+06
0.159192, 6638.12, 168687, 46.0763, 3.98649e+06
0.15923, 6637.82, 168749, 46.0763, 3.98651e+06
0.159269, 6637.53, 168811, 46.0763, 3.98653e+06
0.159308, 6637.23, 168873, 46.0763, 3.98654e+06
0.159346, 6636.94, 168936, 46.0763, 3.98655e+06
0.159385, 6636.64, 168998, 46.0763, 3.98655e+06
0.159423, 6636.34, 169061, 46.0763, 3.98654e+06
0.159462, 6636.05, 169123, 46.0763, 3.98652e+06
0.159501, 6635.75, 169186, 46.0763, 3.98649e+06
0.159539, 6635.46, 169248, 46.0763, 3.98646e+06
0.159578, 6635.16, 169311, 46.0763, 3.98643e+06
0.159616, 6634.86, 169373, 46.0763, 3.9864e+06
0.159655, 6634.57, 169436, 46.0763, 3.98637e+06
0.159694, 6634.27, 169498, 46.0763, 3.98634e+06
0.159732, 6633.97, 169561, 46.0763, 3.98632e+06
0.159771, 6633.67, 169623, 46.0763, 3.98631e+06
0.159809, 6633.38, 169686, 46.0763, 3.98629e+06
0.159848, 6633.08, 169749, 46.0763, 3.98629e+06
0.159887, 6632.78, 169811, 46.0763, 3.98629e+06
0.159925, 6632.48, 169874, 46.0763, 3.98629e+06
0.159964, 6632.19, 169936, 46.0763, 3.98629e+06
0.160002, 6631.89, 169999, 46.0763, 3.98629e+06
0.160041, 6631.59, 170061, 46.0763, 3.9863e+06
0.16008, 6631.29, 170124, 46.0763, 3.9863e+06
0.160118, 6630.99, 170187, 46.0763, 3.98631e+06
0.160157, 6630.7, 170249, 46.0763, 3.98632e+06
0.160195, 6630.4, 170312, 46.0763, 3.98633e+06
0.160234, 6630.1, 170374, 46.0763, 3.98634e+06
0.160273, 6629.8, 170437, 46.0763, 3.98636e+06
0.160311, 6629.5, 170500, 46.0763, 3.98637e+06
0.16035, 6629.2, 170562, 46.0763, 3.98639e+06
0.160388, 6628.9, 170625, 46.0763, 3.9864e+06
0.160427, 6628.6, 170688, 46.0763, 3.98641e+06
0.160466, 6628.3, 170751, 46.0763, 3.98643e+06
0.160504, 6628, 170813, 46.0763, 3.98644e+06
0.160543, 6627.7, 170876, 46.0763, 3.98644e+06
0.160582, 6627.4, 170939, 46.0763, 3.98645e+06
0.16062, 6627.1, 171001, 46.0763, 3.98645e+06
0.160659, 6626.8, 171064, 46.0763, 3.98644e+06
0.160697, 6626.5, 171127, 46.0763, 3.98644e+06
0.160736, 6626.2, 171190, 46.0763, 3.98643e+06
0.160775, 6625.9, 171252, 46.0763, 3.98642e+06
0.160813, 6625.6, 171315, 46.0763, 3.98641e+06
0.160852, 6625.3, 171378, 46.0763, 3.9864e+06
0.16089, 6625, 171441, 46.0763, 3.98639e+06
0.160929, 6624.7, 171504, 46.0763, 3.98639e+06
0.160968, 6624.39, 171567, 46.0763, 3.98638e+06
0.161006, 6624.09, 171630, 46.0763, 3.98637e+06
0.161045, 6623.79, 171693, 46.0763, 3.98636e+06
0.161083, 6623.49, 171756, 46.0763, 3.98636e+06
0.161122, 6623.18, 171819, 46.0763, 3.98635e+06
0.161161, 6622.88, 171882, 46.0763, 3.98634e+06
0.161199, 6622.58, 171945, 46.0763, 3.98633e+06
0.161238, 6622.27, 172008, 46.0763, 3.98632e+06
0.161276, 6621.97, 172071, 46.0763, 3.98631e+06
0.161315, 6621.67, 172134, 46.0763, 3.98629e+06
0.161354, 6621.36, 172197, 46.0763, 3.98627e+06
0.161392, 6621.06, 172261, 46.0763, 3.98626e+06
0.161431, 6620.75, 172324, 46.0763, 3.98624e+06
0.161469, 6620.45, 172387, 46.0763, 3.98622e+06
0.161508, 6620.14, 172451, 46.0763, 3.98621e+06
0.161547, 6619.84, 172514, 46.0763, 3.9862e+06
0.161585, 6619.53, 172578, 46.0763, 3.98619e+06
0.161624, 6619.23, 172641, 46.0763, 3.98619e+06
0.161663, 6618.92, 172705, 46.0763, 3.98619e+06
0.161701, 6618.61, 172768, 46.0763, 3.9862e+06
0.16174, 6618.31, 172831, 46.0763, 3.9862e+06
0.161778, 6618, 172895, 46.0763, 3.98621e+06
0.161817, 6617.7, 172958, 46.0763, 3.98622e+06
0.161856, 6617.39, 173022, 46.0763, 3.98624e+06
0.161894, 6617.08, 173085, 46.0763, 3.98625e+06
0.161933, 6616.77, 173148, 46.0763, 3.98626e+06
0.161971, 6616.47, 173212, 46.0763, 3.98626e+06
0.16201, 6616.16, 173275, 46.0763, 3.98627e+06
0.162049, 6615.85, 173339, 46.0763, 3.98627e+06
0.162087, 6615.54, 173402, 46.0763, 3.98626e+06
0.162126, 6615.24, 173466, 46.0763, 3.98624e+06
0.162164, 6614.93, 173529, 46.0763, 3.98622e+06
0.162203, 6614.62, 173593, 46.0763, 3.9862e+06
0.162242, 6614.31, 173656, 46.0763, 3.98616e+06
0.16228, 6614, 173720, 46.0763, 3.98612e+06
0.162319, 6613.69, 173783, 46.0763, 3.98609e+06
0.162358, 6613.38, 173847, 46.0763, 3.98605e+06
0.162396, 6613.07, 173910, 46.0763, 3.98602e+06
0.162435, 6612.76, 173974, 46.0763, 3.98599e+06
0.162473, 6612.45, 174037, 46.0763, 3.98598e+06
0.162512, 6612.14, 174101, 46.0763, 3.98598e+06
0.162551, 6611.83, 174164, 46.0763, 3.98599e+06
0.162589, 6611.52, 174228, 46.0763, 3.98602e+06
0.162628, 6611.21, 174291, 46.0763, 3.98605e+06
0.162666, 6610.9, 174355, 46.0763, 3.98609e+06
0.162705, 6610.59, 174418, 46.0763, 3.98614e+06
0.162744, 6610.28, 174482, 46.0763, 3.98618e+06
0.162782, 6609.96, 174545, 46.0763, 3.98621e+06
0.162821, 6609.65, 174609, 46.0763, 3.98623e+06
0.162859, 6609.34, 174672, 46.0763, 3.98624e+06
0.162898, 6609.03, 174736, 46.0763, 3.98623e+06
0.162937, 6608.71, 174799, 46.0763, 3.9862e+06
0.162975, 6608.4, 174863, 46.0763, 3.98617e+06
0.163014, 6608.09, 174926, 46.0763, 3.98612e+06
0.163053, 6607.78, 174989, 46.0763, 3.98607e+06
0.163091, 6607.46, 175053, 46.0763, 3.98602e+06
0.16313, 6607.15, 175116, 46.0763, 3.98597e+06
0.163168, 6606.84, 175180, 46.0763, 3.98593e+06
0.163207, 6606.52, 175243, 46.0763, 3.9859e+06
0.163246, 6606.21, 175307, 46.0763, 3.98588e+06
0.163284, 6605.89, 175370, 46.0763, 3.98587e+06
0.163323, 6605.58, 175434, 46.0763, 3.98587e+06
0.163361, 6605.26, 175497, 46.0763, 3.98588e+06
0.1634, 6604.95, 175561, 46.0763, 3.98589e+06
0.163439, 6604.63, 175624, 46.0763, 3.98591e+06
0.163477, 6604.32, 175688, 46.0763, 3.98592e+06
0.163516, 6604, 175751, 46.0763, 3.98593e+06
0.163554, 6603.69, 175815, 46.0763, 3.98593e+06
0.163593, 6603.37, 175879, 46.0763, 3.98593e+06
0.163632, 6603.05, 175942, 46.0763, 3.98593e+06
0.16367, 6602.74, 176006, 46.0763, 3.98593e+06
0.163709, 6602.42, 176069, 46.0763, 3.98592e+06
0.163748, 6602.1, 176132, 46.0763, 3.98591e+06
0.163786, 6601.79, 176196, 46.0763, 3.9859e+06
0.163825, 6601.47, 176259, 46.0763, 3.9859e+06
0.163863, 6601.15, 176322, 46.0763, 3.9859e+06
0.163902, 6600.83, 176386, 46.0763, 3.9859e+06
0.163941, 6600.52, 176449, 46.0763, 3.98591e+06
0.163979, 6600.2, 176512, 46.0763, 3.98592e+06
0.164018, 6599.88, 176575, 46.0763, 3.98593e+06
0.164056, 6599.56, 176639, 46.0763, 3.98595e+06
0.164095, 6599.24, 176702, 46.0763, 3.98597e+06
0.164134, 6598.92, 176765, 46.0763, 3.98599e+06
0.164172, 6598.6, 176828, 46.0763, 3.986e+06
0.164211, 6598.28, 176892, 46.0763, 3.98602e+06
0.164249, 6597.96, 176955, 46.0763, 3.98604e+06
0.164288, 6597.64, 177018, 46.0763, 3.98605e+06
0.164327, 6597.32, 177082, 46.0763, 3.98605e+06
0.164365, 6597, 177145, 46.0763, 3.98604e+06
0.164404, 6596.68, 177208, 46.0763, 3.98603e+06
0.164443, 6596.36, 177272, 46.0763, 3.98602e+06
0.164481, 6596.04, 177335, 46.0763, 3.986e+06
0.16452, 6595.72, 177398, 46.0763, 3.98597e+06
0.164558, 6595.4, 177462, 46.0763, 3.98594e+06
0.164597, 6595.07, 177525, 46.0763, 3.98591e+06
0.164636, 6594.75, 177589, 46.0763, 3.98587e+06
0.164674, 6594.43, 177652, 46.0763, 3.98585e+06
0.164713, 6594.11, 177716, 46.0763, 3.98583e+06
0.164751, 6593.78, 177779, 46.0763, 3.98581e+06
0.16479, 6593.46, 177843, 46.0763, 3.98581e+06
0.164829, 6593.14, 177907, 46.0763, 3.98581e+06
0.164867, 6592.81, 177970, 46.0763, 3.98583e+06
0.164906, 6592.49, 178034, 46.0763, 3.98585e+06
0.164945, 6592.16, 178097, 46.0763, 3.98588e+06
0.164983, 6591.84, 178161, 46.0763, 3.98592e+06
0.165022, 6591.51, 178224, 46.0763, 3.98596e+06
0.16506, 6591.19, 178288, 46.0763, 3.98599e+06
0.165099, 6590.86, 178351, 46.0763, 3.98602e+06
0.165138, 6590.53, 178414, 46.0763, 3.98604e+06
0.165176, 6590.21, 178478, 46.0763, 3.98606e+06
0.165215, 6589.88, 178541, 46.0763, 3.98606e+06
0.165253, 6589.55, 178605, 46.0763, 3.98606e+06
0.165292, 6589.22, 178668, 46.0763, 3.98604e+06
0.165331, 6588.9, 178731, 46.0763, 3.98602e+06
0.165369, 6588.57, 178795, 46.0763, 3.98599e+06
0.165408, 6588.24, 178858, 46.0763, 3.98596e+06
0.165446, 6587.91, 178921, 46.0763, 3.98592e+06
0.165485, 6587.58, 178984, 46.0763, 3.98589e+06
0.165524, 6587.25, 179048, 46.0763, 3.98586e+06
0.165562, 6586.92, 179111, 46.0763, 3.98583e+06
0.165601, 6586.59, 179174, 46.0763, 3.98581e+06
0.16564, 6586.26, 179237, 46.0763, 3.98579e+06
0.165678, 6585.93, 179300, 46.0763, 3.98578e+06
0.165717, 6585.6, 179363, 46.0763, 3.98576e+06
0.165755, 6585.27, 179426, 46.0763, 3.98575e+06
0.165794, 6584.94, 179490, 46.0763, 3.98574e+06
0.165833, 6584.6, 179553, 46.0763, 3.98574e+06
0.165871, 6584.27, 179616, 46.0763, 3.98573e+06
0.16591, 6583.94, 179679, 46.0763, 3.98573e+06
0.165948, 6583.61, 179742, 46.0763, 3.98573e+06
0.165987, 6583.28, 179805, 46.0763, 3.98573e+06
0.166026, 6582.94, 179868, 46.0763, 3.98573e+06
0.166064, 6582.61, 179931, 46.0763, 3.98575e+06
0.166103, 6582.28, 179994, 46.0763, 3.98576e+06
0.166142, 6581.95, 180056, 46.0763, 3.98578e+06
0.16618, 6581.61, 180119, 46.0763, 3.98581e+06
0.166219, 6581.28, 180182, 46.0763, 3.98583e+06
0.166257, 6580.94, 180245, 46.0763, 3.98585e+06
0.166296, 6580.61, 180308, 46.0763, 3.98587e+06
0.166335, 6580.28, 180371, 46.0763, 3.98588e+06
0.166373, 6579.94, 180434, 46.0763, 3.98588e+06
0.166412, 6579.61, 180497, 46.0763, 3.98587e+06
0.16645, 6579.27, 180560, 46.0763, 3.98585e+06
0.166489, 6578.94, 180623, 46.0763, 3.98582e+06
0.166528, 6578.61, 180686, 46.0763, 3.98578e+06
0.166566, 6578.27, 180749, 46.0763, 3.98574e+06
0.166605, 6577.94, 180812, 46.0763, 3.98569e+06
0.166643, 6577.6, 180875, 46.0763, 3.98565e+06
0.166682, 6577.26, 180937, 46.0763, 3.98561e+06
0.166721, 6576.93, 181000, 46.0763, 3.98558e+06
0.166759, 6576.59, 181063, 46.0763, 3.98555e+06
0.166798, 6576.26, 181125, 46.0763, 3.98553e+06
0.166837, 6575.92, 181188, 46.0763, 3.98553e+06
0.166875, 6575.59, 181251, 46.0763, 3.98553e+06
0.166914, 6575.25, 181313, 46.0763, 3.98554e+06
0.166952, 6574.91, 181375, 46.0763, 3.98555e+06
0.166991, 6574.58, 181438, 46.0763, 3.98556e+06
0.16703, 6574.24, 181500, 46.0763, 3.98558e+06
0.167068, 6573.9, 181563, 46.0763, 3.98558e+06
0.167107, 6573.57, 181625, 46.0763, 3.98559e+06
0.167145, 6573.23, 181688, 46.0763, 3.98558e+06
0.167184, 6572.89, 181750, 46.0763, 3.98557e+06
0.167223, 6572.55, 181813, 46.0763, 3.98555e+06
0.167261, 6572.22, 181875, 46.0763, 3.98553e+06
0.1673, 6571.88, 181938, 46.0763, 3.9855e+06
0.167339, 6571.54, 182000, 46.0763, 3.98547e+06
0.167377, 6571.2, 182063, 46.0763, 3.98545e+06
0.167416, 6570.86, 182125, 46.0763, 3.98543e+06
0.167454, 6570.53, 182188, 46.0763, 3.98542e+06
0.167493, 6570.19, 182250, 46.0763, 3.98542e+06
0.167532, 6569.85, 182313, 46.0763, 3.98543e+06
0.16757, 6569.51, 182375, 46.0763, 3.98545e+06
0.167609, 6569.17, 182438, 46.0763, 3.98548e+06
0.167647, 6568.83, 182500, 46.0763, 3.98551e+06
0.167686, 6568.49, 182563, 46.0763, 3.98555e+06
0.167725, 6568.15, 182625, 46.0763, 3.98559e+06
0.167763, 6567.81, 182688, 46.0763, 3.98562e+06
0.167802, 6567.47, 182750, 46.0763, 3.98565e+06
0.16784, 6567.13, 182813, 46.0763, 3.98568e+06
0.167879, 6566.78, 182875, 46.0763, 3.98569e+06
0.167918, 6566.44, 182938, 46.0763, 3.98569e+06
0.167956, 6566.1, 183001, 46.0763, 3.98568e+06
0.167995, 6565.76, 183063, 46.0763, 3.98565e+06
0.168034, 6565.42, 183125, 46.0763, 3.98562e+06
0.168072, 6565.07, 183188, 46.0763, 3.98558e+06
0.168111, 6564.73, 183250, 46.0763, 3.98553e+06
0.168149, 6564.39, 183313, 46.0763, 3.98547e+06
0.168188, 6564.05, 183375, 46.0763, 3.98542e+06
0.168227, 6563.7, 183437, 46.0763, 3.98537e+06
0.168265, 6563.36, 183500, 46.0763, 3.98533e+06
0.168304, 6563.02, 183562, 46.0763, 3.98529e+06
0.168342, 6562.67, 183624, 46.0763, 3.98527e+06
0.168381, 6562.33, 183686, 46.0763, 3.98527e+06
0.16842, 6561.99, 183749, 46.0763, 3.98528e+06
0.168458, 6561.64, 183811, 46.0763, 3.9853e+06
0.168497, 6561.3, 183873, 46.0763, 3.98533e+06
0.168536, 6560.95, 183935, 46.0763, 3.98537e+06
0.168574, 6560.61, 183997, 46.0763, 3.98541e+06
0.168613, 6560.26, 184059, 46.0763, 3.98545e+06
0.168651, 6559.92, 184121, 46.0763, 3.98548e+06
0.16869, 6559.57, 184183, 46.0763, 3.98551e+06
0.168729, 6559.23, 184245, 46.0763, 3.98552e+06
0.168767, 6558.88, 184307, 46.0763, 3.98553e+06
0.168806, 6558.54, 184368, 46.0763, 3.98552e+06
0.168844, 6558.19, 184430, 46.0763, 3.98551e+06
0.168883, 6557.85, 184492, 46.0763, 3.98549e+06
0.168922, 6557.5, 184554, 46.0763, 3.98546e+06
0.16896, 6557.16, 184616, 46.0763, 3.98543e+06
0.168999, 6556.81, 184677, 46.0763, 3.98541e+06
0.169038, 6556.46, 184739, 46.0763, 3.98538e+06
0.169076, 6556.12, 184801, 46.0763, 3.98537e+06
0.169115, 6555.77, 184863, 46.0763, 3.98536e+06
0.169153, 6555.42, 184924, 46.0763, 3.98536e+06
0.169192, 6555.08, 184986, 46.0763, 3.98536e+06
0.169231, 6554.73, 185048, 46.0763, 3.98537e+06
0.169269, 6554.39, 185109, 46.0763, 3.98538e+06
0.169308, 6554.04, 185171, 46.0763, 3.9854e+06
0.169346, 6553.69, 185232, 46.0763, 3.98541e+06
0.169385, 6553.34, 185294, 46.0763, 3.98542e+06
0.169424, 6553, 185355, 46.0763, 3.98542e+06
0.169462, 6552.65, 185417, 46.0763, 3.98542e+06
0.169501, 6552.3, 185478, 46.0763, 3.98541e+06
0.16954, 6551.96, 185539, 46.0763, 3.98539e+06
0.169578, 6551.61, 185601, 46.0763, 3.98537e+06
0.169617, 6551.26, 185662, 46.0763, 3.98534e+06
0.169655, 6550.91, 185723, 46.0763, 3.9853e+06
0.169694, 6550.57, 185785, 46.0763, 3.98527e+06
0.169733, 6550.22, 185846, 46.0763, 3.98524e+06
0.169771, 6549.87, 185907, 46.0763, 3.98521e+06
0.16981, 6549.52, 185969, 46.0763, 3.9852e+06
0.169848, 6549.17, 186030, 46.0763, 3.98519e+06
0.169887, 6548.82, 186091, 46.0763, 3.98519e+06
0.169926, 6548.47, 186153, 46.0763, 3.9852e+06
0.169964, 6548.12, 186214, 46.0763, 3.98522e+06
0.170003, 6547.77, 186275, 46.0763, 3.98524e+06
0.170042, 6547.42, 186336, 46.0763, 3.98527e+06
0.17008, 6547.07, 186397, 46.0763, 3.9853e+06
0.170119, 6546.72, 186458, 46.0763, 3.98532e+06
0.170157, 6546.37, 186520, 46.0763, 3.98535e+06
0.170196, 6546.02, 186581, 46.0763, 3.98537e+06
0.170235, 6545.67, 186642, 46.0763, 3.98538e+06
0.170273, 6545.32, 186703, 46.0763, 3.98538e+06
0.170312, 6544.97, 186764, 46.0763, 3.98538e+06
0.170351, 6544.61, 186825, 46.0763, 3.98537e+06
0.170389, 6544.26, 186886, 46.0763, 3.98535e+06
0.170428, 6543.91, 186947, 46.0763, 3.98533e+06
0.170466, 6543.56, 187008, 46.0763, 3.9853e+06
0.170505, 6543.21, 187069, 46.0763, 3.98527e+06
0.170544, 6542.85, 187130, 46.0763, 3.98524e+06
0.170582, 6542.5, 187191, 46.0763, 3.98522e+06
0.170621, 6542.15, 187251, 46.0763, 3.98519e+06
0.170659, 6541.79, 187312, 46.0763, 3.98517e+06
0.170698, 6541.44, 187373, 46.0763, 3.98515e+06
0.170737, 6541.09, 187434, 46.0763, 3.98514e+06
0.170775, 6540.73, 187494, 46.0763, 3.98513e+06
0.170814, 6540.38, 187555, 46.0763, 3.98512e+06
0.170853, 6540.02, 187615, 46.0763, 3.98512e+06
0.170891, 6539.67, 187676, 46.0763, 3.98512e+06
0.17093, 6539.32, 187736, 46.0763, 3.98513e+06
0.170968, 6538.96, 187797, 46.0763, 3.98513e+06
0.171007, 6538.61, 187857, 46.0763, 3.98513e+06
0.171046, 6538.25, 187918, 46.0763, 3.98513e+06
0.171084, 6537.9, 187978, 46.0763, 3.98513e+06
0.171123, 6537.54, 188039, 46.0763, 3.98513e+06
0.171161, 6537.19, 188099, 46.0763, 3.98512e+06
0.1712, 6536.83, 188160, 46.0763, 3.98511e+06
0.171239, 6536.48, 188220, 46.0763, 3.98509e+06
0.171277, 6536.13, 188280, 46.0763, 3.98508e+06
0.171316, 6535.77, 188341, 46.0763, 3.98506e+06
0.171355, 6535.42, 188401, 46.0763, 3.98505e+06
0.171393, 6535.06, 188462, 46.0763, 3.98505e+06
0.171432, 6534.71, 188522, 46.0763, 3.98505e+06
0.17147, 6534.35, 188583, 46.0763, 3.98505e+06
0.171509, 6534, 188643, 46.0763, 3.98506e+06
0.171548, 6533.64, 188703, 46.0763, 3.98507e+06
0.171586, 6533.28, 188764, 46.0763, 3.98508e+06
0.171625, 6532.93, 188824, 46.0763, 3.9851e+06
0.171664, 6532.57, 188885, 46.0763, 3.98511e+06
0.171702, 6532.21, 188945, 46.0763, 3.98511e+06
0.171741, 6531.85, 189005, 46.0763, 3.98512e+06
0.171779, 6531.5, 189066, 46.0763, 3.98512e+06
0.171818, 6531.14, 189126, 46.0763, 3.98511e+06
0.171857, 6530.78, 189186, 46.0763, 3.98511e+06
0.171895, 6530.42, 189247, 46.0763, 3.9851e+06
0.171934, 6530.06, 189307, 46.0763, 3.9851e+06
0.171972, 6529.7, 189368, 46.0763, 3.9851e+06
0.172011, 6529.34, 189428, 46.0763, 3.98509e+06
0.17205, 6528.98, 189488, 46.0763, 3.98509e+06
0.172088, 6528.62, 189548, 46.0763, 3.98509e+06
0.172127, 6528.26, 189608, 46.0763, 3.98509e+06
0.172166, 6527.89, 189669, 46.0763, 3.98508e+06
0.172204, 6527.53, 189729, 46.0763, 3.98507e+06
0.172243, 6527.17, 189789, 46.0763, 3.98506e+06
0.172281, 6526.81, 189849, 46.0763, 3.98504e+06
0.17232, 6526.44, 189909, 46.0763, 3.98502e+06
0.172359, 6526.08, 189969, 46.0763, 3.985e+06
0.172397, 6525.72, 190028, 46.0763, 3.98498e+06
0.172436, 6525.35, 190088, 46.0763, 3.98496e+06
0.172475, 6524.99, 190148, 46.0763, 3.98495e+06
0.172513, 6524.62, 190208, 46.0763, 3.98493e+06
0.172552, 6524.26, 190267, 46.0763, 3.98493e+06
0.17259, 6523.89, 190327, 46.0763, 3.98493e+06
0.172629, 6523.53, 190387, 46.0763, 3.98493e+06
0.172668, 6523.16, 190446, 46.0763, 3.98494e+06
0.172706, 6522.79, 190506, 46.0763, 3.98496e+06
0.172745, 6522.43, 190565, 46.0763, 3.98498e+06
0.172783, 6522.06, 190625, 46.0763, 3.98499e+06
0.172822, 6521.69, 190684, 46.0763, 3.98501e+06
0.172861, 6521.32, 190744, 46.0763, 3.98503e+06
0.172899, 6520.95, 190803, 46.0763, 3.98504e+06
0.172938, 6520.58, 190862, 46.0763, 3.98505e+06
0.172977, 6520.21, 190922, 46.0763, 3.98505e+06
0.173015, 6519.84, 190981, 46.0763, 3.98506e+06
0.173054, 6519.47, 191040, 46.0763, 3.98506e+06
0.173092, 6519.1, 191099, 46.0763, 3.98505e+06
0.173131, 6518.73, 191159, 46.0763, 3.98505e+06
0.17317, 6518.36, 191218, 46.0763, 3.98505e+06
0.173208, 6517.99, 191277, 46.0763, 3.98505e+06
0.173247, 6517.62, 191336, 46.0763, 3.98505e+06
0.173286, 6517.24, 191395, 46.0763, 3.98505e+06
0.173324, 6516.87, 191454, 46.0763, 3.98505e+06
0.173363, 6516.5, 191514, 46.0763, 3.98505e+06
0.173401, 6516.12, 191573, 46.0763, 3.98505e+06
0.17344, 6515.75, 191632, 46.0763, 3.98504e+06
0.173479, 6515.38, 191691, 46.0763, 3.98502e+06
0.173517, 6515, 191750, 46.0763, 3.985e+06
0.173556, 6514.63, 191809, 46.0763, 3.98497e+06
0.173594, 6514.26, 191868, 46.0763, 3.98493e+06
0.173633, 6513.88, 191927, 46.0763, 3.98488e+06
0.173672, 6513.5, 191986, 46.0763, 3.98483e+06
0.17371, 6513.13, 192045, 46.0763, 3.98479e+06
0.173749, 6512.75, 192103, 46.0763, 3.98475e+06
0.173788, 6512.38, 192162, 46.0763, 3.98471e+06
0.173826, 6512, 192221, 46.0763, 3.98469e+06
0.173865, 6511.62, 192280, 46.0763, 3.98468e+06
0.173903, 6511.24, 192338, 46.0763, 3.98468e+06
0.173942, 6510.87, 192397, 46.0763, 3.98469e+06
0.173981, 6510.49, 192456, 46.0763, 3.98471e+06
0.174019, 6510.11, 192514, 46.0763, 3.98473e+06
0.174058, 6509.73, 192573, 46.0763, 3.98476e+06
0.174097, 6509.35, 192631, 46.0763, 3.98478e+06
0.174135, 6508.97, 192690, 46.0763, 3.9848e+06
0.174174, 6508.59, 192748, 46.0763, 3.98481e+06
0.174212, 6508.21, 192806, 46.0763, 3.98481e+06
0.174251, 6507.83, 192864, 46.0763, 3.98481e+06
0.17429, 6507.45, 192922, 46.0763, 3.9848e+06
0.174328, 6507.06, 192980, 46.0763, 3.98478e+06
0.174367, 6506.68, 193038, 46.0763, 3.98475e+06
0.174406, 6506.3, 193096, 46.0763, 3.98472e+06
0.174444, 6505.92, 193154, 46.0763, 3.9847e+06
0.174483, 6505.53, 193211, 46.0763, 3.98467e+06
0.174521, 6505.15, 193269, 46.0763, 3.98465e+06
0.17456, 6504.77, 193326, 46.0763, 3.98463e+06
0.174599, 6504.38, 193384, 46.0763, 3.98461e+06
0.174637, 6504, 193441, 46.0763, 3.9846e+06
0.174676, 6503.62, 193498, 46.0763, 3.98459e+06
0.174714, 6503.23, 193555, 46.0763, 3.98459e+06
0.174753, 6502.85, 193612, 46.0763, 3.98459e+06
0.174792, 6502.46, 193669, 46.0763, 3.9846e+06
0.17483, 6502.08, 193726, 46.0763, 3.98461e+06
0.174869, 6501.69, 193782, 46.0763, 3.98462e+06
0.174908, 6501.3, 193839, 46.0763, 3.98463e+06
0.174946, 6500.92, 193896, 46.0763, 3.98464e+06
0.174985, 6500.53, 193953, 46.0763, 3.98466e+06
0.175023, 6500.14, 194009, 46.0763, 3.98467e+06
0.175062, 6499.75, 194066, 46.0763, 3.98469e+06
0.175101, 6499.37, 194122, 46.0763, 3.98471e+06
0.175139, 6498.98, 194179, 46.0763, 3.98472e+06
0.175178, 6498.59, 194235, 46.0763, 3.98474e+06
0.175216, 6498.2, 194292, 46.0763, 3.98475e+06
0.175255, 6497.81, 194348, 46.0763, 3.98475e+06
0.175294, 6497.42, 194404, 46.0763, 3.98475e+06
0.175332, 6497.03, 194461, 46.0763, 3.98474e+06
0.175371, 6496.64, 194517, 46.0763, 3.98473e+06
0.17541, 6496.25, 194573, 46.0763, 3.98472e+06
0.175448, 6495.86, 194629, 46.0763, 3.9847e+06
0.175487, 6495.47, 194685, 46.0763, 3.98469e+06
0.175525, 6495.07, 194741, 46.0763, 3.98467e+06
0.175564, 6494.68, 194797, 46.0763, 3.98466e+06
0.175603, 6494.29, 194853, 46.0763, 3.98464e+06
0.175641, 6493.9, 194909, 46.0763, 3.98463e+06
0.17568, 6493.5, 194965, 46.0763, 3.98462e+06
0.175719, 6493.11, 195020, 46.0763, 3.98462e+06
0.175757, 6492.71, 195076, 46.0763, 3.98461e+06
0.175796, 6492.32, 195131, 46.0763, 3.98461e+06
0.175834, 6491.92, 195187, 46.0763, 3.98461e+06
0.175873, 6491.53, 195242, 46.0763, 3.98461e+06
0.175912, 6491.13, 195298, 46.0763, 3.98462e+06
0.17595, 6490.73, 195353, 46.0763, 3.98462e+06
0.175989, 6490.34, 195409, 46.0763, 3.98462e+06
0.176027, 6489.94, 195464, 46.0763, 3.98462e+06
0.176066, 6489.54, 195519, 46.0763, 3.98463e+06
0.176105, 6489.14, 195574, 46.0763, 3.98463e+06
0.176143, 6488.74, 195630, 46.0763, 3.98463e+06
0.176182, 6488.34, 195685, 46.0763, 3.98463e+06
0.176221, 6487.95, 195740, 46.0763, 3.98463e+06
0.176259, 6487.55, 195795, 46.0763, 3.98463e+06
0.176298, 6487.15, 195849, 46.0763, 3.98463e+06
0.176336, 6486.74, 195904, 46.0763, 3.98463e+06
0.176375, 6486.34, 195959, 46.0763, 3.98464e+06
0.176414, 6485.94, 196013, 46.0763, 3.98464e+06
0.176452, 6485.54, 196068, 46.0763, 3.98465e+06
0.176491, 6485.14, 196122, 46.0763, 3.98465e+06
0.176529, 6484.74, 196177, 46.0763, 3.98466e+06
0.176568, 6484.33, 196231, 46.0763, 3.98467e+06
0.176607, 6483.93, 196286, 46.0763, 3.98468e+06
0.176645, 6483.53, 196340, 46.0763, 3.98469e+06
0.176684, 6483.13, 196395, 46.0763, 3.9847e+06
0.176723, 6482.72, 196449, 46.0763, 3.9847e+06
0.176761, 6482.32, 196504, 46.0763, 3.98471e+06
0.1768, 6481.91, 196558, 46.0763, 3.98472e+06
0.176838, 6481.51, 196613, 46.0763, 3.98473e+06
0.176877, 6481.11, 196667, 46.0763, 3.98474e+06
0.176916, 6480.7, 196721, 46.0763, 3.98474e+06
0.176954, 6480.3, 196775, 46.0763, 3.98474e+06
0.176993, 6479.89, 196829, 46.0763, 3.98474e+06
0.177031, 6479.48, 196883, 46.0763, 3.98474e+06
0.17707, 6479.08, 196937, 46.0763, 3.98474e+06
0.177109, 6478.67, 196991, 46.0763, 3.98474e+06
0.177147, 6478.27, 197045, 46.0763, 3.98473e+06
0.177186, 6477.86, 197098, 46.0763, 3.98473e+06
0.177225, 6477.45, 197152, 46.0763, 3.98472e+06
0.177263, 6477.05, 197206, 46.0763, 3.98472e+06
0.177302, 6476.64, 197259, 46.0763, 3.98471e+06
0.17734, 6476.23, 197313, 46.0763, 3.98471e+06
0.177379, 6475.83, 197366, 46.0763, 3.9847e+06
0.177418, 6475.42, 197420, 46.0763, 3.9847e+06
0.177456, 6475.01, 197473, 46.0763, 3.9847e+06
0.177495, 6474.6, 197527, 46.0763, 3.98469e+06
0.177533, 6474.19, 197580, 46.0763, 3.98469e+06
0.177572, 6473.78, 197633, 46.0763, 3.98468e+06
0.177611, 6473.38, 197686, 46.0763, 3.98467e+06
0.177649, 6472.97, 197739, 46.0763, 3.98466e+06
0.177688, 6472.56, 197793, 46.0763, 3.98464e+06
0.177727, 6472.15, 197846, 46.0763, 3.98461e+06
0.177765, 6471.74, 197899, 46.0763, 3.98459e+06
0.177804, 6471.33, 197952, 46.0763, 3.98456e+06
0.177842, 6470.92, 198005, 46.0763, 3.98452e+06
0.177881, 6470.51, 198057, 46.0763, 3.98449e+06
0.17792, 6470.1, 198110, 46.0763, 3.98446e+06
0.177958, 6469.69, 198163, 46.0763, 3.98444e+06
0.177997, 6469.28, 198216, 46.0763, 3.98442e+06
0.178035, 6468.86, 198268, 46.0763, 3.98441e+06
0.178074, 6468.45, 198321, 46.0763, 3.98442e+06
0.178113, 6468.04, 198374, 46.0763, 3.98443e+06
0.178151, 6467.63, 198426, 46.0763, 3.98444e+06
0.17819, 6467.21, 198478, 46.0763, 3.98446e+06
0.178229, 6466.8, 198531, 46.0763, 3.98448e+06
0.178267, 6466.39, 198583, 46.0763, 3.9845e+06
0.178306, 6465.97, 198636, 46.0763, 3.98451e+06
0.178344, 6465.56, 198688, 46.0763, 3.98452e+06
0.178383, 6465.15, 198740, 46.0763, 3.98452e+06
0.178422, 6464.73, 198792, 46.0763, 3.98451e+06
0.17846, 6464.32, 198844, 46.0763, 3.98449e+06
0.178499, 6463.9, 198897, 46.0763, 3.98447e+06
0.178537, 6463.49, 198949, 46.0763, 3.98444e+06
0.178576, 6463.07, 199001, 46.0763, 3.98441e+06
0.178615, 6462.65, 199053, 46.0763, 3.98438e+06
0.178653, 6462.24, 199105, 46.0763, 3.98435e+06
0.178692, 6461.82, 199157, 46.0763, 3.98432e+06
0.178731, 6461.4, 199209, 46.0763, 3.9843e+06
0.178769, 6460.99, 199260, 46.0763, 3.98428e+06
0.178808, 6460.57, 199312, 46.0763, 3.98426e+06
0.178846, 6460.15, 199364, 46.0763, 3.98425e+06
0.178885, 6459.73, 199416, 46.0763, 3.98424e+06
0.178924, 6459.31, 199467, 46.0763, 3.98424e+06
0.178962, 6458.9, 199519, 46.0763, 3.98423e+06
0.179001, 6458.48, 199570, 46.0763, 3.98423e+06
0.179039, 6458.06, 199622, 46.0763, 3.98423e+06
0.179078, 6457.64, 199674, 46.0763, 3.98423e+06
0.179117, 6457.22, 199725, 46.0763, 3.98423e+06
0.179155, 6456.8, 199777, 46.0763, 3.98424e+06
0.179194, 6456.38, 199829, 46.0763, 3.98425e+06
0.179233, 6455.95, 199881, 46.0763, 3.98427e+06
0.179271, 6455.53, 199932, 46.0763, 3.98429e+06
0.17931, 6455.11, 199984, 46.0763, 3.98431e+06
0.179348, 6454.69, 200036, 46.0763, 3.98434e+06
0.179387, 6454.27, 200087, 46.0763, 3.98436e+06
0.179426, 6453.84, 200139, 46.0763, 3.98437e+06
0.179464, 6453.42, 200191, 46.0763, 3.98438e+06
0.179503, 6453, 200242, 46.0763, 3.98438e+06
0.179541, 6452.57, 200294, 46.0763, 3.98436e+06
0.17958, 6452.15, 200345, 46.0763, 3.98434e+06
0.179619, 6451.72, 200397, 46.0763, 3.9843e+06
0.179657, 6451.3, 200448, 46.0763, 3.98425e+06
0.179696, 6450.87, 200500, 46.0763, 3.9842e+06
0.179734, 6450.45, 200551, 46.0763, 3.98414e+06
0.179773, 6450.02, 200602, 46.0763, 3.98407e+06
0.179812, 6449.59, 200653, 46.0763, 3.98401e+06
0.17985, 6449.17, 200704, 46.0763, 3.98396e+06
0.179889, 6448.74, 200755, 46.0763, 3.98392e+06
0.179928, 6448.31, 200806, 46.0763, 3.98389e+06
0.179966, 6447.88, 200857, 46.0763, 3.98388e+06
0.180005, 6447.45, 200908, 46.0763, 3.9839e+06
0.180043, 6447.03, 200959, 46.0763, 3.98393e+06
0.180082, 6446.6, 201010, 46.0763, 3.98398e+06
0.180121, 6446.17, 201060, 46.0763, 3.98404e+06
0.180159, 6445.74, 201111, 46.0763, 3.98412e+06
0.180198, 6445.3, 201162, 46.0763, 3.98419e+06
0.180236, 6444.87, 201213, 46.0763, 3.98427e+06
0.180275, 6444.44, 201264, 46.0763, 3.98433e+06
0.180314, 6444.01, 201314, 46.0763, 3.98438e+06
0.180352, 6443.58, 201365, 46.0763, 3.98441e+06
0.180391, 6443.14, 201416, 46.0763, 3.98443e+06
0.18043, 6442.71, 201467, 46.0763, 3.98442e+06
0.180468, 6442.28, 201517, 46.0763, 3.9844e+06
0.180507, 6441.84, 201568, 46.0763, 3.98437e+06
0.180545, 6441.41, 201619, 46.0763, 3.98433e+06
0.180584, 6440.97, 201669, 46.0763, 3.98429e+06
0.180623, 6440.53, 201720, 46.0763, 3.98425e+06
0.180661, 6440.1, 201770, 46.0763, 3.98422e+06
0.1807, 6439.66, 201821, 46.0763, 3.98419e+06
0.180738, 6439.22, 201871, 46.0763, 3.98417e+06
0.180777, 6438.79, 201922, 46.0763, 3.98416e+06
0.180816, 6438.35, 201972, 46.0763, 3.98416e+06
0.180854, 6437.91, 202023, 46.0763, 3.98416e+06
0.180893, 6437.47, 202073, 46.0763, 3.98418e+06
0.180931, 6437.03, 202123, 46.0763, 3.98419e+06
0.18097, 6436.59, 202174, 46.0763, 3.98421e+06
0.181009, 6436.15, 202224, 46.0763, 3.98422e+06
0.181047, 6435.7, 202274, 46.0763, 3.98423e+06
0.181086, 6435.26, 202324, 46.0763, 3.98424e+06
0.181125, 6434.82, 202375, 46.0763, 3.98424e+06
0.181163, 6434.38, 202425, 46.0763, 3.98425e+06
0.181202, 6433.93, 202475, 46.0763, 3.98424e+06
0.18124, 6433.49, 202525, 46.0763, 3.98424e+06
0.181279, 6433.04, 202575, 46.0763, 3.98423e+06
0.181318, 6432.6, 202625, 46.0763, 3.98423e+06
0.181356, 6432.15, 202675, 46.0763, 3.98422e+06
0.181395, 6431.71, 202725, 46.0763, 3.98422e+06
0.181433, 6431.26, 202775, 46.0763, 3.98421e+06
0.181472, 6430.81, 202824, 46.0763, 3.9842e+06
0.181511, 6430.37, 202874, 46.0763, 3.9842e+06
0.181549, 6429.92, 202924, 46.0763, 3.98419e+06
0.181588, 6429.47, 202973, 46.0763, 3.98419e+06
0.181626, 6429.02, 203023, 46.0763, 3.98419e+06
0.181665, 6428.57, 203072, 46.0763, 3.98419e+06
0.181704, 6428.12, 203122, 46.0763, 3.9842e+06
0.181742, 6427.67, 203171, 46.0763, 3.98421e+06
0.181781, 6427.22, 203220, 46.0763, 3.98421e+06
0.18182, 6426.77, 203269, 46.0763, 3.98422e+06
0.181858, 6426.32, 203318, 46.0763, 3.98423e+06
0.181897, 6425.86, 203367, 46.0763, 3.98424e+06
0.181935, 6425.41, 203416, 46.0763, 3.98424e+06
0.181974, 6424.96, 203464, 46.0763, 3.98423e+06
0.182013, 6424.5, 203513, 46.0763, 3.98423e+06
0.182051, 6424.05, 203561, 46.0763, 3.98421e+06
0.18209, 6423.59, 203609, 46.0763, 3.98419e+06
0.182128, 6423.14, 203657, 46.0763, 3.98417e+06
0.182167, 6422.68, 203706, 46.0763, 3.98415e+06
0.182206, 6422.23, 203753, 46.0763, 3.98413e+06
0.182244, 6421.77, 203801, 46.0763, 3.98412e+06
0.182283, 6421.32, 203849, 46.0763, 3.9841e+06
0.182321, 6420.86, 203897, 46.0763, 3.98409e+06
0.18236, 6420.4, 203945, 46.0763, 3.98409e+06
0.182399, 6419.95, 203992, 46.0763, 3.9841e+06
0.182437, 6419.49, 204040, 46.0763, 3.98411e+06
0.182476, 6419.03, 204087, 46.0763, 3.98412e+06
0.182514, 6418.57, 204135, 46.0763, 3.98414e+06
0.182553, 6418.11, 204182, 46.0763, 3.98417e+06
0.182592, 6417.66, 204230, 46.0763, 3.98419e+06
0.18263, 6417.2, 204277, 46.0763, 3.98421e+06
0.182669, 6416.74, 204325, 46.0763, 3.98423e+06
0.182708, 6416.28, 204372, 46.0763, 3.98424e+06
0.182746, 6415.82, 204419, 46.0763, 3.98425e+06
0.182785, 6415.36, 204466, 46.0763, 3.98426e+06
0.182823, 6414.9, 204513, 46.0763, 3.98425e+06
0.182862, 6414.44, 204560, 46.0763, 3.98425e+06
0.182901, 6413.97, 204607, 46.0763, 3.98424e+06
0.182939, 6413.51, 204654, 46.0763, 3.98422e+06
0.182978, 6413.05, 204701, 46.0763, 3.9842e+06
0.183016, 6412.59, 204748, 46.0763, 3.98419e+06
0.183055, 6412.13, 204795, 46.0763, 3.98417e+06
0.183094, 6411.66, 204842, 46.0763, 3.98415e+06
0.183132, 6411.2, 204889, 46.0763, 3.98413e+06
0.183171, 6410.73, 204935, 46.0763, 3.98411e+06
0.183209, 6410.27, 204982, 46.0763, 3.98409e+06
0.183248, 6409.8, 205029, 46.0763, 3.98408e+06
0.183287, 6409.34, 205076, 46.0763, 3.98406e+06
0.183325, 6408.87, 205122, 46.0763, 3.98405e+06
0.183364, 6408.41, 205169, 46.0763, 3.98404e+06
0.183402, 6407.94, 205215, 46.0763, 3.98403e+06
0.183441, 6407.47, 205262, 46.0763, 3.98402e+06
0.18348, 6407.01, 205308, 46.0763, 3.98401e+06
0.183518, 6406.54, 205355, 46.0763, 3.984e+06
0.183557, 6406.07, 205401, 46.0763, 3.984e+06
0.183596, 6405.6, 205447, 46.0763, 3.984e+06
0.183634, 6405.13, 205494, 46.0763, 3.98401e+06
0.183673, 6404.66, 205540, 46.0763, 3.98402e+06
0.183711, 6404.19, 205586, 46.0763, 3.98403e+06
0.18375, 6403.72, 205632, 46.0763, 3.98404e+06
0.183789, 6403.25, 205678, 46.0763, 3.98405e+06
0.183827, 6402.78, 205724, 46.0763, 3.98405e+06
0.183866, 6402.31, 205770, 46.0763, 3.98405e+06
0.183904, 6401.84, 205815, 46.0763, 3.98404e+06
0.183943, 6401.37, 205861, 46.0763, 3.98402e+06
0.183982, 6400.9, 205907, 46.0763, 3.98399e+06
0.18402, 6400.42, 205952, 46.0763, 3.98396e+06
0.184059, 6399.95, 205998, 46.0763, 3.98394e+06
0.184097, 6399.48, 206043, 46.0763, 3.98391e+06
0.184136, 6399.01, 206088, 46.0763, 3.98388e+06
0.184175, 6398.53, 206134, 46.0763, 3.98387e+06
0.184213, 6398.06, 206179, 46.0763, 3.98386e+06
0.184252, 6397.59, 206224, 46.0763, 3.98386e+06
0.18429, 6397.11, 206269, 46.0763, 3.98386e+06
0.184329, 6396.64, 206314, 46.0763, 3.98388e+06
0.184368, 6396.16, 206359, 46.0763, 3.98389e+06
0.184406, 6395.69, 206404, 46.0763, 3.98391e+06
0.184445, 6395.22, 206449, 46.0763, 3.98393e+06
0.184483, 6394.74, 206494, 46.0763, 3.98394e+06
0.184522, 6394.27, 206539, 46.0763, 3.98396e+06
0.184561, 6393.79, 206584, 46.0763, 3.98397e+06
0.184599, 6393.31, 206628, 46.0763, 3.98398e+06
0.184638, 6392.84, 206673, 46.0763, 3.98399e+06
0.184676, 6392.36, 206718, 46.0763, 3.984e+06
0.184715, 6391.89, 206762, 46.0763, 3.98401e+06
0.184754, 6391.41, 206807, 46.0763, 3.98402e+06
0.184792, 6390.93, 206851, 46.0763, 3.98403e+06
0.184831, 6390.45, 206895, 46.0763, 3.98404e+06
0.18487, 6389.98, 206940, 46.0763, 3.98404e+06
0.184908, 6389.5, 206984, 46.0763, 3.98405e+06
0.184947, 6389.02, 207028, 46.0763, 3.98406e+06
0.184985, 6388.54, 207073, 46.0763, 3.98406e+06
0.185024, 6388.06, 207117, 46.0763, 3.98406e+06
0.185063, 6387.58, 207161, 46.0763, 3.98405e+06
0.185101, 6387.1, 207205, 46.0763, 3.98404e+06
0.18514, 6386.62, 207249, 46.0763, 3.98403e+06
0.185178, 6386.14, 207294, 46.0763, 3.984e+06
0.185217, 6385.66, 207338, 46.0763, 3.98397e+06
0.185256, 6385.18, 207382, 46.0763, 3.98394e+06
0.185294, 6384.7, 207426, 46.0763, 3.9839e+06
0.185333, 6384.22, 207470, 46.0763, 3.98386e+06
0.185371, 6383.74, 207514, 46.0763, 3.98383e+06
0.18541, 6383.26, 207558, 46.0763, 3.98379e+06
0.185449, 6382.77, 207601, 46.0763, 3.98377e+06
0.185487, 6382.29, 207645, 46.0763, 3.98375e+06
0.185526, 6381.81, 207689, 46.0763, 3.98375e+06
0.185564, 6381.32, 207733, 46.0763, 3.98376e+06
0.185603, 6380.84, 207776, 46.0763, 3.98377e+06
0.185642, 6380.35, 207820, 46.0763, 3.9838e+06
0.18568, 6379.87, 207864, 46.0763, 3.98383e+06
0.185719, 6379.38, 207907, 46.0763, 3.98387e+06
0.185757, 6378.9, 207951, 46.0763, 3.9839e+06
0.185796, 6378.41, 207994, 46.0763, 3.98393e+06
0.185835, 6377.92, 208038, 46.0763, 3.98395e+06
0.185873, 6377.44, 208081, 46.0763, 3.98397e+06
0.185912, 6376.95, 208124, 46.0763, 3.98397e+06
0.185951, 6376.46, 208167, 46.0763, 3.98397e+06
0.185989, 6375.98, 208210, 46.0763, 3.98396e+06
0.186028, 6375.49, 208254, 46.0763, 3.98394e+06
0.186066, 6375, 208297, 46.0763, 3.98392e+06
0.186105, 6374.51, 208340, 46.0763, 3.98389e+06
0.186144, 6374.02, 208383, 46.0763, 3.98387e+06
0.186182, 6373.53, 208426, 46.0763, 3.98385e+06
0.186221, 6373.04, 208469, 46.0763, 3.98384e+06
0.186259, 6372.55, 208512, 46.0763, 3.98383e+06
0.186298, 6372.06, 208554, 46.0763, 3.98382e+06
0.186337, 6371.57, 208597, 46.0763, 3.98382e+06
0.186375, 6371.08, 208640, 46.0763, 3.98382e+06
0.186414, 6370.59, 208683, 46.0763, 3.98382e+06
0.186452, 6370.1, 208726, 46.0763, 3.98383e+06
0.186491, 6369.61, 208769, 46.0763, 3.98382e+06
0.18653, 6369.12, 208811, 46.0763, 3.98382e+06
0.186568, 6368.63, 208854, 46.0763, 3.98381e+06
0.186607, 6368.13, 208897, 46.0763, 3.9838e+06
0.186645, 6367.64, 208939, 46.0763, 3.98378e+06
0.186684, 6367.15, 208982, 46.0763, 3.98377e+06
0.186723, 6366.66, 209024, 46.0763, 3.98377e+06
0.186761, 6366.17, 209067, 46.0763, 3.98376e+06
0.1868, 6365.67, 209109, 46.0763, 3.98377e+06
0.186838, 6365.18, 209151, 46.0763, 3.98379e+06
0.186877, 6364.69, 209193, 46.0763, 3.98382e+06
0.186916, 6364.19, 209236, 46.0763, 3.98385e+06
0.186954, 6363.7, 209278, 46.0763, 3.98389e+06
0.186993, 6363.21, 209320, 46.0763, 3.98392e+06
0.187032, 6362.71, 209362, 46.0763, 3.98396e+06
0.18707, 6362.22, 209404, 46.0763, 3.98399e+06
0.187109, 6361.72, 209446, 46.0763, 3.98401e+06
0.187147, 6361.23, 209488, 46.0763, 3.98402e+06
0.187186, 6360.73, 209530, 46.0763, 3.98402e+06
0.187225, 6360.24, 209572, 46.0763, 3.98401e+06
0.187263, 6359.74, 209613, 46.0763, 3.98398e+06
0.187302, 6359.25, 209655, 46.0763, 3.98395e+06
0.18734, 6358.75, 209697, 46.0763, 3.98391e+06
0.187379, 6358.26, 209739, 46.0763, 3.98386e+06
0.187418, 6357.76, 209781, 46.0763, 3.98381e+06
0.187456, 6357.27, 209823, 46.0763, 3.98376e+06
0.187495, 6356.77, 209864, 46.0763, 3.98372e+06
0.187533, 6356.28, 209906, 46.0763, 3.98368e+06
0.187572, 6355.78, 209948, 46.0763, 3.98366e+06
0.187611, 6355.29, 209990, 46.0763, 3.98365e+06
0.187649, 6354.79, 210032, 46.0763, 3.98365e+06
0.187688, 6354.29, 210074, 46.0763, 3.98367e+06
0.187727, 6353.79, 210116, 46.0763, 3.9837e+06
0.187765, 6353.3, 210157, 46.0763, 3.98374e+06
0.187804, 6352.8, 210199, 46.0763, 3.98378e+06
0.187842, 6352.3, 210241, 46.0763, 3.98383e+06
0.187881, 6351.8, 210283, 46.0763, 3.98388e+06
0.18792, 6351.3, 210325, 46.0763, 3.98392e+06
0.187958, 6350.81, 210366, 46.0763, 3.98395e+06
0.187997, 6350.31, 210408, 46.0763, 3.98397e+06
0.188035, 6349.81, 210450, 46.0763, 3.98398e+06
0.188074, 6349.31, 210491, 46.0763, 3.98397e+06
0.188113, 6348.81, 210532, 46.0763, 3.98396e+06
0.188151, 6348.31, 210574, 46.0763, 3.98393e+06
0.18819, 6347.81, 210615, 46.0763, 3.9839e+06
0.188228, 6347.31, 210656, 46.0763, 3.98386e+06
0.188267, 6346.82, 210698, 46.0763, 3.98382e+06
0.188306, 6346.32, 210739, 46.0763, 3.98378e+06
0.188344, 6345.82, 210780, 46.0763, 3.98374e+06
0.188383, 6345.32, 210821, 46.0763, 3.98371e+06
0.188422, 6344.82, 210862, 46.0763, 3.98368e+06
0.18846, 6344.32, 210903, 46.0763, 3.98366e+06
0.188499, 6343.82, 210945, 46.0763, 3.98365e+06
0.188537, 6343.31, 210986, 46.0763, 3.98365e+06
0.188576, 6342.81, 211027, 46.0763, 3.98365e+06
0.188615, 6342.31, 211068, 46.0763, 3.98367e+06
0.188653, 6341.81, 211109, 46.0763, 3.98368e+06
0.188692, 6341.31, 211151, 46.0763, 3.98371e+06
0.18873, 6340.8, 211192, 46.0763, 3.98373e+06
0.188769, 6340.3, 211233, 46.0763, 3.98376e+06
0.188808, 6339.8, 211274, 46.0763, 3.98379e+06
0.188846, 6339.29, 211316, 46.0763, 3.98382e+06
0.188885, 6338.79, 211357, 46.0763, 3.98384e+06
0.188923, 6338.28, 211398, 46.0763, 3.98385e+06
0.188962, 6337.78, 211439, 46.0763, 3.98386e+06
0.189001, 6337.27, 211481, 46.0763, 3.98385e+06
0.189039, 6336.76, 211522, 46.0763, 3.98384e+06
0.189078, 6336.26, 211563, 46.0763, 3.98382e+06
0.189117, 6335.75, 211605, 46.0763, 3.9838e+06
0.189155, 6335.24, 211646, 46.0763, 3.98377e+06
0.189194, 6334.73, 211687, 46.0763, 3.98374e+06
0.189232, 6334.22, 211728, 46.0763, 3.98371e+06
0.189271, 6333.71, 211769, 46.0763, 3.98368e+06
0.18931, 6333.2, 211810, 46.0763, 3.98366e+06
0.189348, 6332.69, 211851, 46.0763, 3.98365e+06
0.189387, 6332.18, 211892, 46.0763, 3.98365e+06
0.189425, 6331.67, 211933, 46.0763, 3.98366e+06
0.189464, 6331.16, 211974, 46.0763, 3.98368e+06
0.189503, 6330.65, 212015, 46.0763, 3.98371e+06
0.189541, 6330.14, 212056, 46.0763, 3.98374e+06
0.18958, 6329.62, 212097, 46.0763, 3.98377e+06
0.189618, 6329.11, 212138, 46.0763, 3.9838e+06
0.189657, 6328.59, 212179, 46.0763, 3.98382e+06
0.189696, 6328.08, 212220, 46.0763, 3.98383e+06
0.189734, 6327.56, 212260, 46.0763, 3.98382e+06
0.189773, 6327.05, 212301, 46.0763, 3.98379e+06
0.189812, 6326.53, 212342, 46.0763, 3.98375e+06
0.18985, 6326.02, 212382, 46.0763, 3.98369e+06
0.189889, 6325.5, 212423, 46.0763, 3.98363e+06
0.189927, 6324.98, 212463, 46.0763, 3.98356e+06
0.189966, 6324.46, 212504, 46.0763, 3.9835e+06
0.190005, 6323.94, 212544, 46.0763, 3.98344e+06
0.190043, 6323.43, 212584, 46.0763, 3.9834e+06
0.190082, 6322.91, 212624, 46.0763, 3.98336e+06
0.19012, 6322.39, 212664, 46.0763, 3.98334e+06
0.190159, 6321.87, 212705, 46.0763, 3.98334e+06
0.190198, 6321.34, 212744, 46.0763, 3.98334e+06
0.190236, 6320.82, 212784, 46.0763, 3.98335e+06
0.190275, 6320.3, 212824, 46.0763, 3.98336e+06
0.190314, 6319.78, 212864, 46.0763, 3.98337e+06
0.190352, 6319.26, 212904, 46.0763, 3.98338e+06
0.190391, 6318.73, 212943, 46.0763, 3.98339e+06
0.190429, 6318.21, 212983, 46.0763, 3.9834e+06
0.190468, 6317.69, 213023, 46.0763, 3.98341e+06
0.190507, 6317.16, 213062, 46.0763, 3.98343e+06
0.190545, 6316.64, 213102, 46.0763, 3.98345e+06
0.190584, 6316.11, 213141, 46.0763, 3.98348e+06
0.190622, 6315.59, 213180, 46.0763, 3.98352e+06
0.190661, 6315.06, 213220, 46.0763, 3.98356e+06
0.1907, 6314.54, 213259, 46.0763, 3.98361e+06
0.190738, 6314.01, 213298, 46.0763, 3.98366e+06
0.190777, 6313.48, 213337, 46.0763, 3.9837e+06
0.190816, 6312.96, 213376, 46.0763, 3.98374e+06
0.190854, 6312.43, 213415, 46.0763, 3.98377e+06
0.190893, 6311.9, 213454, 46.0763, 3.98378e+06
0.190931, 6311.38, 213493, 46.0763, 3.98378e+06
0.19097, 6310.85, 213532, 46.0763, 3.98377e+06
0.191009, 6310.32, 213571, 46.0763, 3.98374e+06
0.191047, 6309.79, 213610, 46.0763, 3.98371e+06
0.191086, 6309.26, 213648, 46.0763, 3.98367e+06
0.191124, 6308.74, 213687, 46.0763, 3.98363e+06
0.191163, 6308.21, 213725, 46.0763, 3.98358e+06
0.191202, 6307.68, 213764, 46.0763, 3.98355e+06
0.19124, 6307.15, 213802, 46.0763, 3.98352e+06
0.191279, 6306.62, 213840, 46.0763, 3.98349e+06
0.191318, 6306.09, 213878, 46.0763, 3.98348e+06
0.191356, 6305.56, 213917, 46.0763, 3.98347e+06
0.191395, 6305.03, 213955, 46.0763, 3.98347e+06
0.191433, 6304.5, 213993, 46.0763, 3.98347e+06
0.191472, 6303.96, 214031, 46.0763, 3.98347e+06
0.191511, 6303.43, 214068, 46.0763, 3.98348e+06
0.191549, 6302.9, 214106, 46.0763, 3.98348e+06
0.191588, 6302.37, 214144, 46.0763, 3.98349e+06
0.191626, 6301.84, 214181, 46.0763, 3.98349e+06
0.191665, 6301.3, 214219, 46.0763, 3.9835e+06
0.191704, 6300.77, 214257, 46.0763, 3.9835e+06
0.191742, 6300.24, 214294, 46.0763, 3.98352e+06
0.191781, 6299.7, 214332, 46.0763, 3.98353e+06
0.19182, 6299.17, 214369, 46.0763, 3.98355e+06
0.191858, 6298.64, 214406, 46.0763, 3.98357e+06
0.191897, 6298.1, 214444, 46.0763, 3.98359e+06
0.191935, 6297.57, 214481, 46.0763, 3.98362e+06
0.191974, 6297.03, 214518, 46.0763, 3.98364e+06
0.192013, 6296.49, 214555, 46.0763, 3.98365e+06
0.192051, 6295.96, 214592, 46.0763, 3.98367e+06
0.19209, 6295.42, 214629, 46.0763, 3.98368e+06
0.192128, 6294.88, 214666, 46.0763, 3.98369e+06
0.192167, 6294.34, 214703, 46.0763, 3.9837e+06
0.192206, 6293.81, 214740, 46.0763, 3.98371e+06
0.192244, 6293.27, 214776, 46.0763, 3.98373e+06
0.192283, 6292.73, 214813, 46.0763, 3.98374e+06
0.192322, 6292.19, 214850, 46.0763, 3.98376e+06
0.19236, 6291.64, 214886, 46.0763, 3.98378e+06
0.192399, 6291.1, 214922, 46.0763, 3.98381e+06
0.192437, 6290.56, 214959, 46.0763, 3.98383e+06
0.192476, 6290.02, 214995, 46.0763, 3.98386e+06
0.192515, 6289.48, 215031, 46.0763, 3.98389e+06
0.192553, 6288.94, 215067, 46.0763, 3.98391e+06
0.192592, 6288.4, 215103, 46.0763, 3.98393e+06
0.19263, 6287.85, 215138, 46.0763, 3.98394e+06
0.192669, 6287.31, 215174, 46.0763, 3.98394e+06
0.192708, 6286.77, 215210, 46.0763, 3.98393e+06
0.192746, 6286.23, 215245, 46.0763, 3.98391e+06
0.192785, 6285.69, 215281, 46.0763, 3.98388e+06
0.192823, 6285.14, 215316, 46.0763, 3.98384e+06
0.192862, 6284.6, 215351, 46.0763, 3.98379e+06
0.192901, 6284.06, 215386, 46.0763, 3.98374e+06
0.192939, 6283.51, 215421, 46.0763, 3.98368e+06
0.192978, 6282.97, 215456, 46.0763, 3.98362e+06
0.193017, 6282.43, 215491, 46.0763, 3.98357e+06
0.193055, 6281.88, 215526, 46.0763, 3.98352e+06
0.193094, 6281.34, 215561, 46.0763, 3.98348e+06
0.193132, 6280.79, 215596, 46.0763, 3.98345e+06
0.193171, 6280.25, 215631, 46.0763, 3.98343e+06
0.19321, 6279.7, 215666, 46.0763, 3.98342e+06
0.193248, 6279.16, 215700, 46.0763, 3.98342e+06
0.193287, 6278.61, 215735, 46.0763, 3.98343e+06
0.193325, 6278.07, 215769, 46.0763, 3.98344e+06
0.193364, 6277.52, 215804, 46.0763, 3.98346e+06
0.193403, 6276.97, 215838, 46.0763, 3.98348e+06
0.193441, 6276.43, 215873, 46.0763, 3.98349e+06
0.19348, 6275.88, 215907, 46.0763, 3.98351e+06
0.193518, 6275.33, 215942, 46.0763, 3.98353e+06
0.193557, 6274.78, 215976, 46.0763, 3.98353e+06
0.193596, 6274.24, 216011, 46.0763, 3.98354e+06
0.193634, 6273.69, 216045, 46.0763, 3.98354e+06
0.193673, 6273.14, 216079, 46.0763, 3.98353e+06
0.193711, 6272.59, 216114, 46.0763, 3.98352e+06
0.19375, 6272.04, 216148, 46.0763, 3.98349e+06
0.193789, 6271.49, 216182, 46.0763, 3.98347e+06
0.193827, 6270.94, 216217, 46.0763, 3.98343e+06
0.193866, 6270.39, 216251, 46.0763, 3.9834e+06
0.193904, 6269.84, 216285, 46.0763, 3.98336e+06
0.193943, 6269.29, 216319, 46.0763, 3.98332e+06
0.193982, 6268.74, 216353, 46.0763, 3.9833e+06
0.19402, 6268.19, 216387, 46.0763, 3.98328e+06
0.194059, 6267.64, 216421, 46.0763, 3.98327e+06
0.194097, 6267.09, 216455, 46.0763, 3.98327e+06
0.194136, 6266.53, 216489, 46.0763, 3.98328e+06
0.194175, 6265.98, 216523, 46.0763, 3.98331e+06
0.194213, 6265.43, 216557, 46.0763, 3.98334e+06
0.194252, 6264.88, 216591, 46.0763, 3.98338e+06
0.19429, 6264.33, 216624, 46.0763, 3.98342e+06
0.194329, 6263.77, 216658, 46.0763, 3.98346e+06
0.194367, 6263.22, 216692, 46.0763, 3.98349e+06
0.194406, 6262.67, 216726, 46.0763, 3.98352e+06
0.194445, 6262.11, 216759, 46.0763, 3.98353e+06
0.194483, 6261.56, 216793, 46.0763, 3.98353e+06
0.194522, 6261.01, 216827, 46.0763, 3.98351e+06
0.19456, 6260.45, 216860, 46.0763, 3.98349e+06
0.194599, 6259.9, 216894, 46.0763, 3.98346e+06
0.194638, 6259.35, 216927, 46.0763, 3.98342e+06
0.194676, 6258.79, 216961, 46.0763, 3.98338e+06
0.194715, 6258.24, 216994, 46.0763, 3.98335e+06
0.194753, 6257.69, 217028, 46.0763, 3.98331e+06
0.194792, 6257.13, 217061, 46.0763, 3.98327e+06
0.19483, 6256.58, 217094, 46.0763, 3.98324e+06
0.194869, 6256.03, 217127, 46.0763, 3.9832e+06
0.194908, 6255.47, 217161, 46.0763, 3.98318e+06
0.194946, 6254.92, 217194, 46.0763, 3.98316e+06
0.194985, 6254.37, 217227, 46.0763, 3.98314e+06
0.195023, 6253.81, 217260, 46.0763, 3.98313e+06
0.195062, 6253.26, 217293, 46.0763, 3.98313e+06
0.1951, 6252.7, 217327, 46.0763, 3.98313e+06
0.195139, 6252.15, 217360, 46.0763, 3.98314e+06
0.195177, 6251.59, 217393, 46.0763, 3.98316e+06
0.195216, 6251.04, 217427, 46.0763, 3.98318e+06
0.195255, 6250.49, 217460, 46.0763, 3.98321e+06
0.195293, 6249.93, 217494, 46.0763, 3.98325e+06
0.195332, 6249.38, 217527, 46.0763, 3.98328e+06
0.19537, 6248.82, 217561, 46.0763, 3.98332e+06
0.195409, 6248.27, 217594, 46.0763, 3.98335e+06
0.195447, 6247.71, 217628, 46.0763, 3.98339e+06
0.195486, 6247.15, 217661, 46.0763, 3.98342e+06
0.195525, 6246.6, 217695, 46.0763, 3.98345e+06
0.195563, 6246.04, 217729, 46.0763, 3.98348e+06
0.195602, 6245.49, 217763, 46.0763, 3.9835e+06
0.19564, 6244.93, 217796, 46.0763, 3.98351e+06
0.195679, 6244.37, 217830, 46.0763, 3.98352e+06
0.195717, 6243.81, 217864, 46.0763, 3.98353e+06
0.195756, 6243.26, 217898, 46.0763, 3.98353e+06
0.195794, 6242.7, 217931, 46.0763, 3.98352e+06
0.195833, 6242.14, 217965, 46.0763, 3.98351e+06
0.195871, 6241.58, 217999, 46.0763, 3.98349e+06
0.19591, 6241.03, 218033, 46.0763, 3.98348e+06
0.195949, 6240.47, 218066, 46.0763, 3.98346e+06
0.195987, 6239.91, 218100, 46.0763, 3.98344e+06
0.196026, 6239.35, 218134, 46.0763, 3.98342e+06
0.196064, 6238.79, 218168, 46.0763, 3.98341e+06
0.196103, 6238.23, 218202, 46.0763, 3.9834e+06
0.196141, 6237.67, 218235, 46.0763, 3.98339e+06
0.19618, 6237.11, 218269, 46.0763, 3.98339e+06
0.196218, 6236.55, 218303, 46.0763, 3.98339e+06
0.196257, 6235.99, 218337, 46.0763, 3.98339e+06
0.196295, 6235.43, 218371, 46.0763, 3.98339e+06
0.196334, 6234.87, 218405, 46.0763, 3.98339e+06
0.196373, 6234.31, 218439, 46.0763, 3.98339e+06
0.196411, 6233.75, 218473, 46.0763, 3.98338e+06
0.19645, 6233.19, 218506, 46.0763, 3.98337e+06
0.196488, 6232.62, 218540, 46.0763, 3.98337e+06
0.196527, 6232.06, 218574, 46.0763, 3.98336e+06
0.196565, 6231.5, 218608, 46.0763, 3.98335e+06
0.196604, 6230.94, 218642, 46.0763, 3.98334e+06
0.196642, 6230.38, 218676, 46.0763, 3.98335e+06
0.196681, 6229.82, 218710, 46.0763, 3.98336e+06
0.196719, 6229.25, 218744, 46.0763, 3.98337e+06
0.196758, 6228.69, 218778, 46.0763, 3.9834e+06
0.196797, 6228.13, 218813, 46.0763, 3.98342e+06
0.196835, 6227.57, 218847, 46.0763, 3.98344e+06
0.196874, 6227.01, 218882, 46.0763, 3.98347e+06
0.196912, 6226.44, 218916, 46.0763, 3.98348e+06
0.196951, 6225.88, 218950, 46.0763, 3.98349e+06
0.196989, 6225.32, 218985, 46.0763, 3.98349e+06
0.197028, 6224.76, 219019, 46.0763, 3.98349e+06
0.197066, 6224.19, 219054, 46.0763, 3.98348e+06
0.197105, 6223.63, 219088, 46.0763, 3.98347e+06
0.197143, 6223.07, 219123, 46.0763, 3.98346e+06
0.197182, 6222.51, 219158, 46.0763, 3.98346e+06
0.19722, 6221.94, 219192, 46.0763, 3.98345e+06
0.197259, 6221.38, 219227, 46.0763, 3.98346e+06
0.197297, 6220.82, 219262, 46.0763, 3.98346e+06
0.197336, 6220.25, 219297, 46.0763, 3.98347e+06
0.197374, 6219.69, 219331, 46.0763, 3.98348e+06
0.197413, 6219.13, 219366, 46.0763, 3.98349e+06
0.197451, 6218.57, 219401, 46.0763, 3.98349e+06
0.19749, 6218, 219436, 46.0763, 3.98349e+06
0.197529, 6217.44, 219471, 46.0763, 3.98348e+06
0.197567, 6216.88, 219507, 46.0763, 3.98347e+06
0.197606, 6216.31, 219542, 46.0763, 3.98345e+06
0.197644, 6215.75, 219577, 46.0763, 3.98343e+06
0.197683, 6215.19, 219613, 46.0763, 3.9834e+06
0.197721, 6214.62, 219648, 46.0763, 3.98338e+06
0.19776, 6214.06, 219683, 46.0763, 3.98336e+06
0.197798, 6213.49, 219719, 46.0763, 3.98335e+06
0.197837, 6212.93, 219754, 46.0763, 3.98334e+06
0.197875, 6212.37, 219790, 46.0763, 3.98334e+06
0.197914, 6211.8, 219826, 46.0763, 3.98334e+06
0.197952, 6211.24, 219861, 46.0763, 3.98334e+06
0.197991, 6210.67, 219897, 46.0763, 3.98334e+06
0.198029, 6210.11, 219933, 46.0763, 3.98334e+06
0.198068, 6209.54, 219969, 46.0763, 3.98334e+06
0.198106, 6208.98, 220005, 46.0763, 3.98333e+06
0.198145, 6208.41, 220041, 46.0763, 3.98331e+06
0.198183, 6207.85, 220077, 46.0763, 3.9833e+06
0.198222, 6207.28, 220113, 46.0763, 3.98328e+06
0.19826, 6206.71, 220150, 46.0763, 3.98326e+06
0.198299, 6206.15, 220186, 46.0763, 3.98324e+06
0.198337, 6205.58, 220223, 46.0763, 3.98322e+06
0.198376, 6205.01, 220260, 46.0763, 3.9832e+06
0.198414, 6204.45, 220297, 46.0763, 3.98318e+06
0.198453, 6203.88, 220334, 46.0763, 3.98316e+06
0.198491, 6203.31, 220371, 46.0763, 3.98315e+06
0.19853, 6202.74, 220408, 46.0763, 3.98315e+06
0.198568, 6202.17, 220445, 46.0763, 3.98314e+06
0.198607, 6201.61, 220482, 46.0763, 3.98314e+06
0.198645, 6201.04, 220520, 46.0763, 3.98314e+06
0.198684, 6200.47, 220558, 46.0763, 3.98314e+06
0.198722, 6199.9, 220595, 46.0763, 3.98314e+06
0.198761, 6199.33, 220633, 46.0763, 3.98314e+06
0.198799, 6198.77, 220671, 46.0763, 3.98314e+06
0.198838, 6198.2, 220709, 46.0763, 3.98315e+06
0.198876, 6197.63, 220747, 46.0763, 3.98315e+06
0.198915, 6197.06, 220785, 46.0763, 3.98315e+06
0.198953, 6196.49, 220823, 46.0763, 3.98315e+06
0.198992, 6195.93, 220861, 46.0763, 3.98315e+06
0.19903, 6195.36, 220899, 46.0763, 3.98314e+06
0.199069, 6194.79, 220938, 46.0763, 3.98314e+06
0.199107, 6194.22, 220976, 46.0763, 3.98314e+06
0.199146, 6193.66, 221015, 46.0763, 3.98314e+06
0.199184, 6193.09, 221053, 46.0763, 3.98313e+06
0.199223, 6192.52, 221092, 46.0763, 3.98313e+06
0.199261, 6191.95, 221131, 46.0763, 3.98312e+06
0.1993, 6191.38, 221170, 46.0763, 3.98311e+06
0.199338, 6190.82, 221209, 46.0763, 3.98311e+06
0.199376, 6190.25, 221249, 46.0763, 3.98309e+06
0.199415, 6189.68, 221288, 46.0763, 3.98308e+06
0.199453, 6189.11, 221328, 46.0763, 3.98306e+06
0.199492, 6188.55, 221367, 46.0763, 3.98304e+06
0.19953, 6187.98, 221407, 46.0763, 3.98303e+06
0.199569, 6187.41, 221447, 46.0763, 3.98301e+06
0.199607, 6186.84, 221487, 46.0763, 3.98301e+06
0.199646, 6186.28, 221527, 46.0763, 3.98301e+06
0.199684, 6185.71, 221567, 46.0763, 3.98302e+06
0.199723, 6185.14, 221607, 46.0763, 3.98304e+06
0.199761, 6184.57, 221648, 46.0763, 3.98307e+06
0.1998, 6184, 221688, 46.0763, 3.9831e+06
0.199838, 6183.44, 221729, 46.0763, 3.98313e+06
0.199877, 6182.87, 221770, 46.0763, 3.98315e+06
0.199915, 6182.3, 221811, 46.0763, 3.98317e+06
0.199953, 6181.73, 221851, 46.0763, 3.98319e+06
0.199992, 6181.16, 221892, 46.0763, 3.9832e+06
0.20003, 6180.59, 221934, 46.0763, 3.98319e+06
0.200069, 6180.03, 221975, 46.0763, 3.98319e+06
0.200107, 6179.46, 222016, 46.0763, 3.98317e+06
0.200146, 6178.89, 222058, 46.0763, 3.98315e+06
0.200184, 6178.32, 222099, 46.0763, 3.98313e+06
0.200223, 6177.75, 222141, 46.0763, 3.98311e+06
0.200261, 6177.19, 222183, 46.0763, 3.98308e+06
0.2003, 6176.62, 222225, 46.0763, 3.98306e+06
0.200338, 6176.05, 222267, 46.0763, 3.98303e+06
0.200376, 6175.48, 222309, 46.0763, 3.983e+06
0.200415, 6174.92, 222352, 46.0763, 3.98298e+06
0.200453, 6174.35, 222394, 46.0763, 3.98297e+06
0.200492, 6173.78, 222436, 46.0763, 3.98296e+06
0.20053, 6173.22, 222479, 46.0763, 3.98295e+06
0.200569, 6172.65, 222521, 46.0763, 3.98296e+06
0.200607, 6172.08, 222564, 46.0763, 3.98297e+06
0.200646, 6171.52, 222607, 46.0763, 3.98299e+06
0.200684, 6170.95, 222650, 46.0763, 3.98302e+06
0.200723, 6170.39, 222693, 46.0763, 3.98305e+06
0.200761, 6169.82, 222737, 46.0763, 3.98309e+06
0.2008, 6169.25, 222780, 46.0763, 3.98312e+06
0.200838, 6168.69, 222824, 46.0763, 3.98316e+06
0.200876, 6168.12, 222868, 46.0763, 3.98318e+06
0.200915, 6167.56, 222912, 46.0763, 3.9832e+06
0.200953, 6166.99, 222956, 46.0763, 3.9832e+06
0.200992, 6166.43, 223000, 46.0763, 3.9832e+06
0.20103, 6165.87, 223044, 46.0763, 3.98318e+06
0.201069, 6165.3, 223089, 46.0763, 3.98314e+06
0.201107, 6164.74, 223133, 46.0763, 3.9831e+06
0.201146, 6164.18, 223178, 46.0763, 3.98306e+06
0.201184, 6163.61, 223223, 46.0763, 3.98301e+06
0.201223, 6163.05, 223268, 46.0763, 3.98297e+06
0.201261, 6162.49, 223314, 46.0763, 3.98295e+06
0.201299, 6161.92, 223360, 46.0763, 3.98293e+06
0.201338, 6161.36, 223406, 46.0763, 3.98293e+06
0.201376, 6160.8, 223452, 46.0763, 3.98295e+06
0.201415, 6160.24, 223498, 46.0763, 3.98298e+06
0.201453, 6159.67, 223545, 46.0763, 3.98301e+06
0.201492, 6159.11, 223592, 46.0763, 3.98305e+06
0.20153, 6158.55, 223639, 46.0763, 3.98309e+06
0.201568, 6157.99, 223686, 46.0763, 3.98313e+06
0.201607, 6157.43, 223733, 46.0763, 3.98316e+06
0.201645, 6156.87, 223781, 46.0763, 3.98318e+06
0.201684, 6156.3, 223829, 46.0763, 3.98319e+06
0.201722, 6155.74, 223877, 46.0763, 3.98319e+06
0.201761, 6155.18, 223925, 46.0763, 3.98318e+06
0.201799, 6154.62, 223974, 46.0763, 3.98316e+06
0.201838, 6154.06, 224022, 46.0763, 3.98314e+06
0.201876, 6153.5, 224071, 46.0763, 3.98312e+06
0.201914, 6152.94, 224121, 46.0763, 3.9831e+06
0.201953, 6152.38, 224170, 46.0763, 3.98309e+06
0.201991, 6151.82, 224220, 46.0763, 3.98307e+06
0.20203, 6151.26, 224270, 46.0763, 3.98306e+06
0.202068, 6150.7, 224321, 46.0763, 3.98306e+06
0.202107, 6150.14, 224371, 46.0763, 3.98306e+06
0.202145, 6149.58, 224422, 46.0763, 3.98306e+06
0.202183, 6149.02, 224473, 46.0763, 3.98306e+06
0.202222, 6148.46, 224525, 46.0763, 3.98306e+06
0.20226, 6147.9, 224577, 46.0763, 3.98307e+06
0.202299, 6147.34, 224629, 46.0763, 3.98307e+06
0.202337, 6146.78, 224681, 46.0763, 3.98308e+06
0.202376, 6146.22, 224734, 46.0763, 3.98309e+06
0.202414, 6145.66, 224787, 46.0763, 3.9831e+06
0.202452, 6145.1, 224840, 46.0763, 3.98311e+06
0.202491, 6144.54, 224893, 46.0763, 3.98312e+06
0.202529, 6143.98, 224947, 46.0763, 3.98313e+06
0.202568, 6143.42, 225000, 46.0763, 3.98314e+06
0.202606, 6142.86, 225054, 46.0763, 3.98315e+06
0.202645, 6142.3, 225109, 46.0763, 3.98316e+06
0.202683, 6141.74, 225163, 46.0763, 3.98316e+06
0.202722, 6141.18, 225218, 46.0763, 3.98316e+06
0.20276, 6140.63, 225273, 46.0763, 3.98316e+06
0.202798, 6140.07, 225328, 46.0763, 3.98316e+06
0.202837, 6139.51, 225384, 46.0763, 3.98316e+06
0.202875, 6138.95, 225440, 46.0763, 3.98316e+06
0.202914, 6138.39, 225496, 46.0763, 3.98316e+06
0.202952, 6137.83, 225553, 46.0763, 3.98316e+06
0.202991, 6137.28, 225610, 46.0763, 3.98315e+06
0.203029, 6136.72, 225667, 46.0763, 3.98314e+06
0.203067, 6136.16, 225724, 46.0763, 3.98313e+06
0.203106, 6135.6, 225782, 46.0763, 3.98311e+06
0.203144, 6135.04, 225841, 46.0763, 3.98309e+06
0.203183, 6134.49, 225899, 46.0763, 3.98306e+06
0.203221, 6133.93, 225958, 46.0763, 3.98304e+06
0.20326, 6133.37, 226018, 46.0763, 3.98301e+06
0.203298, 6132.81, 226078, 46.0763, 3.98298e+06
0.203336, 6132.25, 226138, 46.0763, 3.98295e+06
0.203375, 6131.69, 226198, 46.0763, 3.98292e+06
0.203413, 6131.13, 226259, 46.0763, 3.98289e+06
0.203452, 6130.57, 226320, 46.0763, 3.98287e+06
0.20349, 6130.02, 226381, 46.0763, 3.98285e+06
0.203529, 6129.46, 226443, 46.0763, 3.98284e+06
0.203567, 6128.9, 226505, 46.0763, 3.98283e+06
0.203605, 6128.34, 226567, 46.0763, 3.98282e+06
0.203644, 6127.78, 226630, 46.0763, 3.98282e+06
0.203682, 6127.22, 226692, 46.0763, 3.98283e+06
0.203721, 6126.66, 226756, 46.0763, 3.98284e+06
0.203759, 6126.1, 226819, 46.0763, 3.98285e+06
0.203797, 6125.54, 226883, 46.0763, 3.98287e+06
0.203836, 6124.98, 226947, 46.0763, 3.9829e+06
0.203874, 6124.42, 227011, 46.0763, 3.98292e+06
0.203913, 6123.86, 227076, 46.0763, 3.98295e+06
0.203951, 6123.3, 227141, 46.0763, 3.98298e+06
0.20399, 6122.74, 227207, 46.0763, 3.98301e+06
0.204028, 6122.18, 227272, 46.0763, 3.98304e+06
0.204066, 6121.62, 227339, 46.0763, 3.98306e+06
0.204105, 6121.06, 227405, 46.0763, 3.98308e+06
0.204143, 6120.5, 227472, 46.0763, 3.98309e+06
0.204182, 6119.94, 227540, 46.0763, 3.98311e+06
0.20422, 6119.38, 227607, 46.0763, 3.98312e+06
0.204259, 6118.82, 227676, 46.0763, 3.98313e+06
0.204297, 6118.26, 227744, 46.0763, 3.98313e+06
0.204335, 6117.7, 227813, 46.0763, 3.98313e+06
0.204374, 6117.14, 227882, 46.0763, 3.98313e+06
0.204412, 6116.57, 227951, 46.0763, 3.98312e+06
0.204451, 6116.01, 228021, 46.0763, 3.9831e+06
0.204489, 6115.45, 228091, 46.0763, 3.98308e+06
0.204528, 6114.89, 228161, 46.0763, 3.98305e+06
0.204566, 6114.33, 228232, 46.0763, 3.98302e+06
0.204604, 6113.77, 228303, 46.0763, 3.98299e+06
0.204643, 6113.21, 228374, 46.0763, 3.98295e+06
0.204681, 6112.64, 228446, 46.0763, 3.98292e+06
0.20472, 6112.08, 228518, 46.0763, 3.98289e+06
0.204758, 6111.52, 228590, 46.0763, 3.98286e+06
0.204797, 6110.96, 228662, 46.0763, 3.98284e+06
0.204835, 6110.4, 228735, 46.0763, 3.98282e+06
0.204873, 6109.83, 228808, 46.0763, 3.9828e+06
0.204912, 6109.27, 228881, 46.0763, 3.98279e+06
0.20495, 6108.71, 228954, 46.0763, 3.98278e+06
0.204989, 6108.14, 229028, 46.0763, 3.98277e+06
0.205027, 6107.58, 229102, 46.0763, 3.98277e+06
0.205065, 6107.02, 229176, 46.0763, 3.98276e+06
0.205104, 6106.45, 229251, 46.0763, 3.98275e+06
0.205142, 6105.89, 229326, 46.0763, 3.98275e+06
0.205181, 6105.33, 229401, 46.0763, 3.98274e+06
0.205219, 6104.76, 229476, 46.0763, 3.98273e+06
0.205257, 6104.2, 229552, 46.0763, 3.98272e+06
0.205296, 6103.63, 229628, 46.0763, 3.98272e+06
0.205334, 6103.07, 229704, 46.0763, 3.9827e+06
0.205373, 6102.5, 229781, 46.0763, 3.98269e+06
0.205411, 6101.94, 229858, 46.0763, 3.98268e+06
0.205449, 6101.37, 229935, 46.0763, 3.98266e+06
0.205488, 6100.81, 230012, 46.0763, 3.98265e+06
0.205526, 6100.24, 230090, 46.0763, 3.98263e+06
0.205564, 6099.68, 230168, 46.0763, 3.98262e+06
0.205603, 6099.11, 230246, 46.0763, 3.98261e+06
0.205641, 6098.54, 230325, 46.0763, 3.98261e+06
0.20568, 6097.98, 230404, 46.0763, 3.98261e+06
0.205718, 6097.41, 230484, 46.0763, 3.98263e+06
0.205756, 6096.84, 230563, 46.0763, 3.98265e+06
0.205795, 6096.27, 230644, 46.0763, 3.98268e+06
0.205833, 6095.7, 230724, 46.0763, 3.98271e+06
0.205872, 6095.14, 230805, 46.0763, 3.98275e+06
0.20591, 6094.57, 230886, 46.0763, 3.98279e+06
0.205948, 6094, 230968, 46.0763, 3.98283e+06
0.205987, 6093.43, 231050, 46.0763, 3.98286e+06
0.206025, 6092.86, 231132, 46.0763, 3.98288e+06
0.206064, 6092.29, 231215, 46.0763, 3.98289e+06
0.206102, 6091.72, 231298, 46.0763, 3.98288e+06
0.20614, 6091.15, 231381, 46.0763, 3.98286e+06
0.206179, 6090.58, 231465, 46.0763, 3.98283e+06
0.206217, 6090.01, 231549, 46.0763, 3.98278e+06
0.206256, 6089.44, 231634, 46.0763, 3.98272e+06
0.206294, 6088.87, 231719, 46.0763, 3.98265e+06
0.206332, 6088.29, 231804, 46.0763, 3.98258e+06
0.206371, 6087.72, 231890, 46.0763, 3.98251e+06
0.206409, 6087.15, 231976, 46.0763, 3.98245e+06
0.206447, 6086.58, 232062, 46.0763, 3.98239e+06
0.206486, 6086, 232149, 46.0763, 3.98235e+06
0.206524, 6085.43, 232236, 46.0763, 3.98233e+06
0.206563, 6084.86, 232323, 46.0763, 3.98231e+06
0.206601, 6084.28, 232411, 46.0763, 3.98232e+06
0.206639, 6083.71, 232499, 46.0763, 3.98233e+06
0.206678, 6083.13, 232587, 46.0763, 3.98236e+06
0.206716, 6082.56, 232676, 46.0763, 3.9824e+06
0.206754, 6081.98, 232765, 46.0763, 3.98244e+06
0.206793, 6081.41, 232854, 46.0763, 3.98249e+06
0.206831, 6080.83, 232943, 46.0763, 3.98253e+06
0.20687, 6080.25, 233033, 46.0763, 3.98257e+06
0.206908, 6079.68, 233123, 46.0763, 3.9826e+06
0.206946, 6079.1, 233213, 46.0763, 3.98262e+06
0.206985, 6078.52, 233304, 46.0763, 3.98263e+06
0.207023, 6077.94, 233395, 46.0763, 3.98262e+06
0.207061, 6077.36, 233487, 46.0763, 3.98261e+06
0.2071, 6076.78, 233578, 46.0763, 3.98259e+06
0.207138, 6076.2, 233670, 46.0763, 3.98257e+06
0.207176, 6075.62, 233762, 46.0763, 3.98254e+06
0.207215, 6075.04, 233855, 46.0763, 3.98252e+06
0.207253, 6074.46, 233948, 46.0763, 3.98251e+06
0.207291, 6073.88, 234041, 46.0763, 3.98251e+06
0.20733, 6073.29, 234134, 46.0763, 3.98252e+06
0.207368, 6072.71, 234228, 46.0763, 3.98254e+06
0.207407, 6072.13, 234322, 46.0763, 3.98258e+06
0.207445, 6071.54, 234416, 46.0763, 3.98262e+06
0.207483, 6070.96, 234511, 46.0763, 3.98268e+06
0.207522, 6070.37, 234606, 46.0763, 3.98274e+06
0.20756, 6069.78, 234701, 46.0763, 3.9828e+06
0.207598, 6069.2, 234797, 46.0763, 3.98285e+06
0.207637, 6068.61, 234892, 46.0763, 3.98288e+06
0.207675, 6068.02, 234989, 46.0763, 3.98291e+06
0.207713, 6067.43, 235085, 46.0763, 3.98291e+06
0.207752, 6066.84, 235182, 46.0763, 3.9829e+06
0.20779, 6066.25, 235280, 46.0763, 3.98287e+06
0.207829, 6065.66, 235377, 46.0763, 3.98282e+06
0.207867, 6065.07, 235475, 46.0763, 3.98276e+06
0.207905, 6064.47, 235574, 46.0763, 3.9827e+06
0.207944, 6063.88, 235672, 46.0763, 3.98264e+06
0.207982, 6063.29, 235771, 46.0763, 3.98258e+06
0.20802, 6062.69, 235871, 46.0763, 3.98254e+06
0.208059, 6062.1, 235970, 46.0763, 3.9825e+06
0.208097, 6061.51, 236070, 46.0763, 3.98248e+06
0.208135, 6060.91, 236171, 46.0763, 3.98248e+06
0.208174, 6060.32, 236271, 46.0763, 3.98249e+06
0.208212, 6059.72, 236372, 46.0763, 3.98251e+06
0.208251, 6059.12, 236473, 46.0763, 3.98254e+06
0.208289, 6058.53, 236574, 46.0763, 3.98257e+06
0.208327, 6057.93, 236676, 46.0763, 3.9826e+06
0.208366, 6057.33, 236778, 46.0763, 3.98262e+06
0.208404, 6056.73, 236880, 46.0763, 3.98264e+06
0.208442, 6056.13, 236982, 46.0763, 3.98265e+06
0.208481, 6055.53, 237085, 46.0763, 3.98265e+06
0.208519, 6054.93, 237188, 46.0763, 3.98264e+06
0.208557, 6054.33, 237291, 46.0763, 3.98263e+06
0.208596, 6053.73, 237394, 46.0763, 3.98262e+06
0.208634, 6053.13, 237498, 46.0763, 3.9826e+06
0.208672, 6052.53, 237602, 46.0763, 3.98258e+06
0.208711, 6051.93, 237707, 46.0763, 3.98257e+06
0.208749, 6051.32, 237811, 46.0763, 3.98255e+06
0.208788, 6050.72, 237917, 46.0763, 3.98254e+06
0.208826, 6050.12, 238022, 46.0763, 3.98253e+06
0.208864, 6049.51, 238127, 46.0763, 3.98253e+06
0.208903, 6048.91, 238233, 46.0763, 3.98252e+06
0.208941, 6048.3, 238339, 46.0763, 3.98251e+06
0.208979, 6047.7, 238445, 46.0763, 3.9825e+06
0.209018, 6047.09, 238552, 46.0763, 3.9825e+06
0.209056, 6046.49, 238658, 46.0763, 3.98249e+06
0.209094, 6045.88, 238765, 46.0763, 3.98248e+06
0.209133, 6045.27, 238872, 46.0763, 3.98248e+06
0.209171, 6044.66, 238979, 46.0763, 3.98248e+06
0.209209, 6044.05, 239086, 46.0763, 3.98248e+06
0.209248, 6043.44, 239194, 46.0763, 3.98249e+06
0.209286, 6042.83, 239301, 46.0763, 3.9825e+06
0.209324, 6042.22, 239409, 46.0763, 3.98252e+06
0.209363, 6041.61, 239517, 46.0763, 3.98255e+06
0.209401, 6041, 239626, 46.0763, 3.98257e+06
0.209439, 6040.38, 239735, 46.0763, 3.9826e+06
0.209478, 6039.77, 239843, 46.0763, 3.98262e+06
0.209516, 6039.15, 239953, 46.0763, 3.98263e+06
0.209554, 6038.54, 240062, 46.0763, 3.98264e+06
0.209593, 6037.92, 240172, 46.0763, 3.98263e+06
0.209631, 6037.3, 240283, 46.0763, 3.98261e+06
0.209669, 6036.68, 240394, 46.0763, 3.98258e+06
0.209708, 6036.06, 240505, 46.0763, 3.98255e+06
0.209746, 6035.44, 240616, 46.0763, 3.98251e+06
0.209784, 6034.82, 240728, 46.0763, 3.98246e+06
0.209823, 6034.2, 240840, 46.0763, 3.98242e+06
0.209861, 6033.57, 240952, 46.0763, 3.98238e+06
0.209899, 6032.95, 241065, 46.0763, 3.98234e+06
0.209938, 6032.33, 241178, 46.0763, 3.98231e+06
0.209976, 6031.7, 241291, 46.0763, 3.9823e+06
0.210014, 6031.07, 241404, 46.0763, 3.98229e+06
0.210053, 6030.44, 241518, 46.0763, 3.98228e+06
0.210091, 6029.81, 241632, 46.0763, 3.98229e+06
0.210129, 6029.18, 241747, 46.0763, 3.98229e+06
0.210168, 6028.55, 241861, 46.0763, 3.9823e+06
0.210206, 6027.92, 241976, 46.0763, 3.98232e+06
0.210244, 6027.29, 242092, 46.0763, 3.98233e+06
0.210283, 6026.65, 242208, 46.0763, 3.98234e+06
0.210321, 6026.02, 242324, 46.0763, 3.98235e+06
0.21036, 6025.38, 242440, 46.0763, 3.98236e+06
0.210398, 6024.74, 242557, 46.0763, 3.98237e+06
0.210436, 6024.1, 242674, 46.0763, 3.98237e+06
0.210475, 6023.46, 242791, 46.0763, 3.98238e+06
0.210513, 6022.82, 242908, 46.0763, 3.98238e+06
0.210551, 6022.18, 243026, 46.0763, 3.98238e+06
0.21059, 6021.54, 243144, 46.0763, 3.98238e+06
0.210628, 6020.9, 243261, 46.0763, 3.98238e+06
0.210666, 6020.25, 243379, 46.0763, 3.98236e+06
0.210705, 6019.61, 243498, 46.0763, 3.98235e+06
0.210743, 6018.96, 243616, 46.0763, 3.98233e+06
0.210781, 6018.32, 243734, 46.0763, 3.98232e+06
0.21082, 6017.67, 243853, 46.0763, 3.9823e+06
0.210858, 6017.02, 243972, 46.0763, 3.98228e+06
0.210896, 6016.37, 244091, 46.0763, 3.98226e+06
0.210935, 6015.72, 244210, 46.0763, 3.98225e+06
0.210973, 6015.07, 244329, 46.0763, 3.98223e+06
0.211011, 6014.41, 244449, 46.0763, 3.98222e+06
0.21105, 6013.76, 244568, 46.0763, 3.9822e+06
0.211088, 6013.1, 244688, 46.0763, 3.98219e+06
0.211126, 6012.45, 244808, 46.0763, 3.98217e+06
0.211165, 6011.79, 244928, 46.0763, 3.98215e+06
0.211203, 6011.14, 245048, 46.0763, 3.98212e+06
0.211241, 6010.48, 245168, 46.0763, 3.9821e+06
0.21128, 6009.82, 245288, 46.0763, 3.98207e+06
0.211318, 6009.16, 245408, 46.0763, 3.98205e+06
0.211356, 6008.5, 245529, 46.0763, 3.98203e+06
0.211395, 6007.83, 245649, 46.0763, 3.98201e+06
0.211433, 6007.17, 245770, 46.0763, 3.982e+06
0.211471, 6006.51, 245891, 46.0763, 3.982e+06
0.21151, 6005.84, 246012, 46.0763, 3.98201e+06
0.211548, 6005.17, 246133, 46.0763, 3.98202e+06
0.211586, 6004.5, 246254, 46.0763, 3.98204e+06
0.211625, 6003.84, 246375, 46.0763, 3.98206e+06
0.211663, 6003.17, 246497, 46.0763, 3.98207e+06
0.211701, 6002.49, 246619, 46.0763, 3.98209e+06
0.21174, 6001.82, 246740, 46.0763, 3.98211e+06
0.211778, 6001.15, 246862, 46.0763, 3.98212e+06
0.211816, 6000.48, 246984, 46.0763, 3.98214e+06
0.211855, 5999.8, 247106, 46.0763, 3.98215e+06
0.211893, 5999.12, 247228, 46.0763, 3.98215e+06
0.211931, 5998.45, 247350, 46.0763, 3.98215e+06
0.21197, 5997.77, 247473, 46.0763, 3.98214e+06
0.212008, 5997.09, 247595, 46.0763, 3.98213e+06
0.212047, 5996.41, 247717, 46.0763, 3.98211e+06
0.212085, 5995.73, 247840, 46.0763, 3.98208e+06
0.212123, 5995.05, 247962, 46.0763, 3.98205e+06
0.212162, 5994.37, 248085, 46.0763, 3.98202e+06
0.2122, 5993.69, 248207, 46.0763, 3.98199e+06
0.212238, 5993, 248330, 46.0763, 3.98196e+06
0.212277, 5992.32, 248452, 46.0763, 3.98193e+06
0.212315, 5991.64, 248575, 46.0763, 3.98192e+06
0.212353, 5990.95, 248697, 46.0763, 3.98191e+06
0.212391, 5990.27, 248820, 46.0763, 3.98191e+06
0.21243, 5989.58, 248942, 46.0763, 3.98193e+06
0.212468, 5988.89, 249064, 46.0763, 3.98195e+06
0.212506, 5988.21, 249187, 46.0763, 3.98197e+06
0.212545, 5987.52, 249309, 46.0763, 3.982e+06
0.212583, 5986.83, 249432, 46.0763, 3.98202e+06
0.212621, 5986.14, 249554, 46.0763, 3.98205e+06
0.21266, 5985.45, 249677, 46.0763, 3.98207e+06
0.212698, 5984.75, 249799, 46.0763, 3.98209e+06
0.212736, 5984.06, 249922, 46.0763, 3.98211e+06
0.212775, 5983.37, 250045, 46.0763, 3.98212e+06
0.212813, 5982.67, 250168, 46.0763, 3.98213e+06
0.212851, 5981.98, 250291, 46.0763, 3.98214e+06
0.21289, 5981.28, 250413, 46.0763, 3.98215e+06
0.212928, 5980.58, 250536, 46.0763, 3.98215e+06
0.212966, 5979.88, 250659, 46.0763, 3.98215e+06
0.213004, 5979.18, 250782, 46.0763, 3.98214e+06
0.213043, 5978.48, 250905, 46.0763, 3.98213e+06
0.213081, 5977.77, 251028, 46.0763, 3.98211e+06
0.213119, 5977.07, 251151, 46.0763, 3.98209e+06
0.213158, 5976.36, 251274, 46.0763, 3.98206e+06
0.213196, 5975.66, 251397, 46.0763, 3.98203e+06
0.213234, 5974.95, 251520, 46.0763, 3.982e+06
0.213272, 5974.24, 251643, 46.0763, 3.98197e+06
0.213311, 5973.53, 251766, 46.0763, 3.98194e+06
0.213349, 5972.82, 251889, 46.0763, 3.98192e+06
0.213387, 5972.1, 252012, 46.0763, 3.98191e+06
0.213425, 5971.39, 252135, 46.0763, 3.98192e+06
0.213464, 5970.68, 252258, 46.0763, 3.98194e+06
0.213502, 5969.96, 252382, 46.0763, 3.98197e+06
0.21354, 5969.24, 252505, 46.0763, 3.98202e+06
0.213579, 5968.53, 252627, 46.0763, 3.98207e+06
0.213617, 5967.81, 252750, 46.0763, 3.98213e+06
0.213655, 5967.09, 252873, 46.0763, 3.98218e+06
0.213693, 5966.37, 252996, 46.0763, 3.98223e+06
0.213732, 5965.65, 253119, 46.0763, 3.98227e+06
0.21377, 5964.92, 253241, 46.0763, 3.98229e+06
0.213808, 5964.2, 253364, 46.0763, 3.9823e+06
0.213846, 5963.48, 253486, 46.0763, 3.9823e+06
0.213885, 5962.75, 253609, 46.0763, 3.98229e+06
0.213923, 5962.02, 253732, 46.0763, 3.98227e+06
0.213961, 5961.3, 253854, 46.0763, 3.98224e+06
0.213999, 5960.57, 253977, 46.0763, 3.98222e+06
0.214038, 5959.84, 254099, 46.0763, 3.9822e+06
0.214076, 5959.11, 254222, 46.0763, 3.98218e+06
0.214114, 5958.38, 254344, 46.0763, 3.98217e+06
0.214152, 5957.65, 254467, 46.0763, 3.98215e+06
0.214191, 5956.92, 254589, 46.0763, 3.98214e+06
0.214229, 5956.18, 254711, 46.0763, 3.98212e+06
0.214267, 5955.45, 254833, 46.0763, 3.9821e+06
0.214305, 5954.72, 254955, 46.0763, 3.98207e+06
0.214343, 5953.98, 255077, 46.0763, 3.98204e+06
0.214382, 5953.24, 255199, 46.0763, 3.98201e+06
0.21442, 5952.51, 255321, 46.0763, 3.98197e+06
0.214458, 5951.77, 255442, 46.0763, 3.98194e+06
0.214496, 5951.03, 255564, 46.0763, 3.9819e+06
0.214535, 5950.29, 255685, 46.0763, 3.98185e+06
0.214573, 5949.54, 255807, 46.0763, 3.98181e+06
0.214611, 5948.8, 255928, 46.0763, 3.98177e+06
0.214649, 5948.06, 256050, 46.0763, 3.98174e+06
0.214688, 5947.31, 256171, 46.0763, 3.9817e+06
0.214726, 5946.56, 256292, 46.0763, 3.98167e+06
0.214764, 5945.81, 256413, 46.0763, 3.98165e+06
0.214802, 5945.06, 256534, 46.0763, 3.98163e+06
0.21484, 5944.31, 256655, 46.0763, 3.98162e+06
0.214879, 5943.56, 256775, 46.0763, 3.98161e+06
0.214917, 5942.8, 256896, 46.0763, 3.98161e+06
0.214955, 5942.05, 257016, 46.0763, 3.98161e+06
0.214993, 5941.29, 257136, 46.0763, 3.98162e+06
0.215032, 5940.54, 257257, 46.0763, 3.98162e+06
0.21507, 5939.78, 257377, 46.0763, 3.98162e+06
0.215108, 5939.02, 257497, 46.0763, 3.98162e+06
0.215146, 5938.26, 257617, 46.0763, 3.98161e+06
0.215184, 5937.49, 257737, 46.0763, 3.9816e+06
0.215223, 5936.73, 257857, 46.0763, 3.98159e+06
0.215261, 5935.96, 257976, 46.0763, 3.98157e+06
0.215299, 5935.2, 258096, 46.0763, 3.98155e+06
0.215337, 5934.43, 258215, 46.0763, 3.98154e+06
0.215375, 5933.66, 258334, 46.0763, 3.98153e+06
0.215414, 5932.89, 258454, 46.0763, 3.98153e+06
0.215452, 5932.11, 258573, 46.0763, 3.98155e+06
0.21549, 5931.34, 258692, 46.0763, 3.98157e+06
0.215528, 5930.56, 258811, 46.0763, 3.9816e+06
0.215566, 5929.79, 258930, 46.0763, 3.98164e+06
0.215605, 5929.01, 259049, 46.0763, 3.98168e+06
0.215643, 5928.23, 259168, 46.0763, 3.98173e+06
0.215681, 5927.45, 259287, 46.0763, 3.98177e+06
0.215719, 5926.67, 259406, 46.0763, 3.9818e+06
0.215757, 5925.88, 259525, 46.0763, 3.98183e+06
0.215796, 5925.1, 259643, 46.0763, 3.98184e+06
0.215834, 5924.31, 259762, 46.0763, 3.98185e+06
0.215872, 5923.53, 259880, 46.0763, 3.98184e+06
0.21591, 5922.74, 259997, 46.0763, 3.98183e+06
0.215948, 5921.95, 260115, 46.0763, 3.98181e+06
0.215987, 5921.16, 260231, 46.0763, 3.98177e+06
0.216025, 5920.37, 260348, 46.0763, 3.98174e+06
0.216063, 5919.58, 260464, 46.0763, 3.98169e+06
0.216101, 5918.78, 260579, 46.0763, 3.98165e+06
0.216139, 5917.99, 260695, 46.0763, 3.9816e+06
0.216178, 5917.19, 260810, 46.0763, 3.98156e+06
0.216216, 5916.4, 260925, 46.0763, 3.98152e+06
0.216254, 5915.6, 261040, 46.0763, 3.98149e+06
0.216292, 5914.8, 261154, 46.0763, 3.98146e+06
0.21633, 5914, 261268, 46.0763, 3.98145e+06
0.216369, 5913.2, 261383, 46.0763, 3.98144e+06
0.216407, 5912.4, 261496, 46.0763, 3.98143e+06
0.216445, 5911.59, 261610, 46.0763, 3.98143e+06
0.216483, 5910.79, 261723, 46.0763, 3.98143e+06
0.216521, 5909.98, 261835, 46.0763, 3.98142e+06
0.21656, 5909.18, 261948, 46.0763, 3.98141e+06
0.216598, 5908.37, 262060, 46.0763, 3.98139e+06
0.216636, 5907.56, 262171, 46.0763, 3.98136e+06
0.216674, 5906.75, 262283, 46.0763, 3.98132e+06
0.216712, 5905.94, 262394, 46.0763, 3.98127e+06
0.216751, 5905.12, 262504, 46.0763, 3.98122e+06
0.216789, 5904.31, 262615, 46.0763, 3.98116e+06
0.216827, 5903.49, 262725, 46.0763, 3.98111e+06
0.216865, 5902.68, 262834, 46.0763, 3.98106e+06
0.216903, 5901.86, 262944, 46.0763, 3.98102e+06
0.216942, 5901.04, 263053, 46.0763, 3.98099e+06
0.21698, 5900.22, 263162, 46.0763, 3.98098e+06
0.217018, 5899.4, 263271, 46.0763, 3.98099e+06
0.217056, 5898.57, 263379, 46.0763, 3.98101e+06
0.217094, 5897.75, 263488, 46.0763, 3.98105e+06
0.217133, 5896.93, 263596, 46.0763, 3.9811e+06
0.217171, 5896.1, 263704, 46.0763, 3.98115e+06
0.217209, 5895.27, 263812, 46.0763, 3.98122e+06
0.217247, 5894.44, 263919, 46.0763, 3.9813e+06
0.217285, 5893.61, 264026, 46.0763, 3.98138e+06
0.217324, 5892.78, 264133, 46.0763, 3.98146e+06
0.217362, 5891.95, 264240, 46.0763, 3.98153e+06
0.2174, 5891.12, 264346, 46.0763, 3.9816e+06
0.217438, 5890.29, 264452, 46.0763, 3.98166e+06
0.217476, 5889.45, 264558, 46.0763, 3.98171e+06
0.217515, 5888.61, 264664, 46.0763, 3.98174e+06
0.217553, 5887.78, 264770, 46.0763, 3.98176e+06
0.217591, 5886.94, 264875, 46.0763, 3.98176e+06
0.217629, 5886.1, 264980, 46.0763, 3.98175e+06
0.217667, 5885.26, 265085, 46.0763, 3.98173e+06
0.217706, 5884.41, 265189, 46.0763, 3.98171e+06
0.217744, 5883.57, 265294, 46.0763, 3.98168e+06
0.217782, 5882.72, 265398, 46.0763, 3.98166e+06
0.21782, 5881.88, 265502, 46.0763, 3.98165e+06
0.217858, 5881.03, 265606, 46.0763, 3.98164e+06
0.217897, 5880.18, 265710, 46.0763, 3.98164e+06
0.217935, 5879.33, 265813, 46.0763, 3.98165e+06
0.217973, 5878.48, 265917, 46.0763, 3.98165e+06
0.218011, 5877.63, 266020, 46.0763, 3.98165e+06
0.218049, 5876.78, 266123, 46.0763, 3.98165e+06
0.218088, 5875.92, 266226, 46.0763, 3.98164e+06
0.218126, 5875.07, 266328, 46.0763, 3.98163e+06
0.218164, 5874.21, 266431, 46.0763, 3.98161e+06
0.218202, 5873.35, 266533, 46.0763, 3.98157e+06
0.21824, 5872.49, 266635, 46.0763, 3.98153e+06
0.218279, 5871.63, 266737, 46.0763, 3.98148e+06
0.218317, 5870.77, 266838, 46.0763, 3.98143e+06
0.218355, 5869.91, 266939, 46.0763, 3.98138e+06
0.218393, 5869.05, 267039, 46.0763, 3.98132e+06
0.218431, 5868.19, 267139, 46.0763, 3.98127e+06
0.21847, 5867.33, 267238, 46.0763, 3.98121e+06
0.218508, 5866.46, 267337, 46.0763, 3.98117e+06
0.218546, 5865.6, 267436, 46.0763, 3.98114e+06
0.218584, 5864.73, 267534, 46.0763, 3.98113e+06
0.218622, 5863.86, 267632, 46.0763, 3.98114e+06
0.21866, 5863, 267729, 46.0763, 3.98116e+06
0.218699, 5862.13, 267826, 46.0763, 3.98119e+06
0.218737, 5861.26, 267923, 46.0763, 3.98123e+06
0.218775, 5860.39, 268019, 46.0763, 3.98126e+06
0.218813, 5859.52, 268115, 46.0763, 3.98129e+06
0.218851, 5858.65, 268210, 46.0763, 3.98132e+06
0.21889, 5857.78, 268305, 46.0763, 3.98134e+06
0.218928, 5856.9, 268400, 46.0763, 3.98134e+06
0.218966, 5856.03, 268494, 46.0763, 3.98132e+06
0.219004, 5855.16, 268588, 46.0763, 3.98129e+06
0.219042, 5854.28, 268681, 46.0763, 3.98126e+06
0.21908, 5853.4, 268774, 46.0763, 3.98122e+06
0.219119, 5852.53, 268867, 46.0763, 3.98119e+06
0.219157, 5851.65, 268959, 46.0763, 3.98117e+06
0.219195, 5850.77, 269051, 46.0763, 3.98114e+06
0.219233, 5849.89, 269143, 46.0763, 3.98112e+06
0.219271, 5849.01, 269235, 46.0763, 3.98112e+06
0.21931, 5848.13, 269326, 46.0763, 3.98112e+06
0.219348, 5847.24, 269418, 46.0763, 3.98112e+06
0.219386, 5846.36, 269508, 46.0763, 3.98111e+06
0.219424, 5845.47, 269599, 46.0763, 3.98111e+06
0.219462, 5844.59, 269689, 46.0763, 3.98111e+06
0.2195, 5843.7, 269779, 46.0763, 3.98112e+06
0.219539, 5842.81, 269869, 46.0763, 3.98112e+06
0.219577, 5841.92, 269958, 46.0763, 3.98112e+06
0.219615, 5841.03, 270047, 46.0763, 3.98112e+06
0.219653, 5840.14, 270135, 46.0763, 3.98112e+06
0.219691, 5839.25, 270224, 46.0763, 3.98113e+06
0.21973, 5838.35, 270312, 46.0763, 3.98113e+06
0.219768, 5837.46, 270399, 46.0763, 3.98115e+06
0.219806, 5836.57, 270487, 46.0763, 3.98117e+06
0.219844, 5835.67, 270574, 46.0763, 3.9812e+06
0.219882, 5834.77, 270661, 46.0763, 3.98123e+06
0.21992, 5833.87, 270748, 46.0763, 3.98126e+06
0.219959, 5832.98, 270834, 46.0763, 3.98129e+06
0.219997, 5832.08, 270920, 46.0763, 3.98131e+06
0.220035, 5831.18, 271006, 46.0763, 3.98132e+06
0.220073, 5830.28, 271091, 46.0763, 3.98132e+06
0.220111, 5829.38, 271176, 46.0763, 3.98131e+06
0.22015, 5828.47, 271260, 46.0763, 3.98128e+06
0.220188, 5827.57, 271345, 46.0763, 3.98124e+06
0.220226, 5826.67, 271428, 46.0763, 3.98118e+06
0.220264, 5825.77, 271511, 46.0763, 3.98113e+06
0.220302, 5824.86, 271594, 46.0763, 3.98107e+06
0.220341, 5823.96, 271676, 46.0763, 3.98102e+06
0.220379, 5823.06, 271757, 46.0763, 3.98096e+06
0.220417, 5822.15, 271838, 46.0763, 3.98092e+06
0.220455, 5821.24, 271919, 46.0763, 3.9809e+06
0.220493, 5820.34, 271999, 46.0763, 3.98087e+06
0.220531, 5819.43, 272079, 46.0763, 3.98086e+06
0.22057, 5818.52, 272159, 46.0763, 3.98084e+06
0.220608, 5817.61, 272238, 46.0763, 3.98083e+06
0.220646, 5816.7, 272317, 46.0763, 3.98081e+06
0.220684, 5815.79, 272396, 46.0763, 3.98078e+06
0.220722, 5814.87, 272474, 46.0763, 3.98075e+06
0.220761, 5813.96, 272552, 46.0763, 3.98072e+06
0.220799, 5813.05, 272630, 46.0763, 3.98069e+06
0.220837, 5812.13, 272707, 46.0763, 3.98068e+06
0.220875, 5811.21, 272784, 46.0763, 3.98068e+06
0.220913, 5810.3, 272860, 46.0763, 3.9807e+06
0.220952, 5809.38, 272937, 46.0763, 3.98073e+06
0.22099, 5808.46, 273012, 46.0763, 3.98077e+06
0.221028, 5807.55, 273088, 46.0763, 3.98082e+06
0.221066, 5806.63, 273162, 46.0763, 3.98087e+06
0.221104, 5805.71, 273237, 46.0763, 3.98092e+06
0.221143, 5804.79, 273311, 46.0763, 3.98097e+06
0.221181, 5803.87, 273384, 46.0763, 3.98101e+06
0.221219, 5802.94, 273457, 46.0763, 3.98105e+06
0.221257, 5802.02, 273530, 46.0763, 3.98108e+06
0.221295, 5801.1, 273602, 46.0763, 3.9811e+06
0.221334, 5800.17, 273674, 46.0763, 3.98111e+06
0.221372, 5799.25, 273745, 46.0763, 3.98111e+06
0.22141, 5798.32, 273816, 46.0763, 3.98111e+06
0.221448, 5797.39, 273887, 46.0763, 3.9811e+06
0.221486, 5796.47, 273957, 46.0763, 3.98108e+06
0.221525, 5795.54, 274027, 46.0763, 3.98106e+06
0.221563, 5794.61, 274096, 46.0763, 3.98104e+06
0.221601, 5793.67, 274165, 46.0763, 3.98101e+06
0.221639, 5792.74, 274234, 46.0763, 3.98097e+06
0.221678, 5791.81, 274302, 46.0763, 3.98094e+06
0.221716, 5790.87, 274370, 46.0763, 3.98091e+06
0.221754, 5789.94, 274438, 46.0763, 3.98088e+06
0.221792, 5789, 274505, 46.0763, 3.98084e+06
0.22183, 5788.06, 274572, 46.0763, 3.98081e+06
0.221869, 5787.12, 274638, 46.0763, 3.98078e+06
0.221907, 5786.18, 274704, 46.0763, 3.98075e+06
0.221945, 5785.24, 274769, 46.0763, 3.98073e+06
0.221983, 5784.3, 274833, 46.0763, 3.98071e+06
0.222022, 5783.35, 274898, 46.0763, 3.98071e+06
0.22206, 5782.41, 274961, 46.0763, 3.98071e+06
0.222098, 5781.46, 275024, 46.0763, 3.98073e+06
0.222136, 5780.52, 275087, 46.0763, 3.98075e+06
0.222174, 5779.57, 275149, 46.0763, 3.98079e+06
0.222213, 5778.62, 275211, 46.0763, 3.98082e+06
0.222251, 5777.67, 275272, 46.0763, 3.98084e+06
0.222289, 5776.72, 275332, 46.0763, 3.98086e+06
0.222327, 5775.77, 275392, 46.0763, 3.98087e+06
0.222366, 5774.82, 275451, 46.0763, 3.98086e+06
0.222404, 5773.86, 275510, 46.0763, 3.98084e+06
0.222442, 5772.91, 275568, 46.0763, 3.9808e+06
0.22248, 5771.95, 275626, 46.0763, 3.98075e+06
0.222519, 5771, 275684, 46.0763, 3.9807e+06
0.222557, 5770.05, 275741, 46.0763, 3.98065e+06
0.222595, 5769.09, 275797, 46.0763, 3.98061e+06
0.222633, 5768.13, 275853, 46.0763, 3.98057e+06
0.222672, 5767.18, 275909, 46.0763, 3.98056e+06
0.22271, 5766.22, 275964, 46.0763, 3.98057e+06
0.222748, 5765.26, 276019, 46.0763, 3.98059e+06
0.222786, 5764.3, 276073, 46.0763, 3.98064e+06
0.222825, 5763.35, 276127, 46.0763, 3.98069e+06
0.222863, 5762.39, 276180, 46.0763, 3.98076e+06
0.222901, 5761.43, 276233, 46.0763, 3.98082e+06
0.222939, 5760.47, 276286, 46.0763, 3.98087e+06
0.222978, 5759.51, 276338, 46.0763, 3.98091e+06
0.223016, 5758.55, 276390, 46.0763, 3.98093e+06
0.223054, 5757.59, 276441, 46.0763, 3.98093e+06
0.223092, 5756.63, 276492, 46.0763, 3.9809e+06
0.223131, 5755.67, 276542, 46.0763, 3.98086e+06
0.223169, 5754.71, 276592, 46.0763, 3.98081e+06
0.223207, 5753.74, 276641, 46.0763, 3.98076e+06
0.223245, 5752.78, 276690, 46.0763, 3.98071e+06
0.223284, 5751.82, 276739, 46.0763, 3.98066e+06
0.223322, 5750.86, 276787, 46.0763, 3.98063e+06
0.22336, 5749.89, 276834, 46.0763, 3.98061e+06
0.223398, 5748.93, 276881, 46.0763, 3.9806e+06
0.223437, 5747.97, 276928, 46.0763, 3.98059e+06
0.223475, 5747, 276974, 46.0763, 3.9806e+06
0.223513, 5746.04, 277020, 46.0763, 3.9806e+06
0.223551, 5745.07, 277065, 46.0763, 3.9806e+06
0.223589, 5744.1, 277110, 46.0763, 3.9806e+06
0.223628, 5743.14, 277154, 46.0763, 3.9806e+06
0.223666, 5742.17, 277199, 46.0763, 3.98059e+06
0.223704, 5741.21, 277242, 46.0763, 3.98059e+06
0.223742, 5740.24, 277286, 46.0763, 3.98058e+06
0.223781, 5739.27, 277329, 46.0763, 3.98058e+06
0.223819, 5738.31, 277371, 46.0763, 3.98059e+06
0.223857, 5737.34, 277414, 46.0763, 3.9806e+06
0.223895, 5736.37, 277456, 46.0763, 3.98061e+06
0.223934, 5735.4, 277497, 46.0763, 3.98063e+06
0.223972, 5734.44, 277538, 46.0763, 3.98064e+06
0.22401, 5733.47, 277579, 46.0763, 3.98065e+06
0.224048, 5732.5, 277619, 46.0763, 3.98066e+06
0.224087, 5731.53, 277659, 46.0763, 3.98066e+06
0.224125, 5730.57, 277699, 46.0763, 3.98066e+06
0.224163, 5729.6, 277739, 46.0763, 3.98066e+06
0.224201, 5728.63, 277777, 46.0763, 3.98065e+06
0.22424, 5727.66, 277816, 46.0763, 3.98065e+06
0.224278, 5726.69, 277854, 46.0763, 3.98066e+06
0.224316, 5725.72, 277892, 46.0763, 3.98067e+06
0.224354, 5724.75, 277930, 46.0763, 3.98069e+06
0.224393, 5723.78, 277967, 46.0763, 3.98071e+06
0.224431, 5722.81, 278005, 46.0763, 3.98074e+06
0.224469, 5721.83, 278042, 46.0763, 3.98078e+06
0.224507, 5720.86, 278078, 46.0763, 3.9808e+06
0.224546, 5719.89, 278115, 46.0763, 3.98082e+06
0.224584, 5718.92, 278151, 46.0763, 3.98083e+06
0.224622, 5717.94, 278187, 46.0763, 3.98083e+06
0.22466, 5716.97, 278222, 46.0763, 3.98082e+06
0.224699, 5715.99, 278257, 46.0763, 3.9808e+06
0.224737, 5715.02, 278292, 46.0763, 3.98077e+06
0.224775, 5714.04, 278327, 46.0763, 3.98074e+06
0.224813, 5713.07, 278362, 46.0763, 3.98071e+06
0.224852, 5712.09, 278396, 46.0763, 3.98068e+06
0.22489, 5711.11, 278431, 46.0763, 3.98066e+06
0.224928, 5710.13, 278464, 46.0763, 3.98064e+06
0.224967, 5709.15, 278498, 46.0763, 3.98062e+06
0.225005, 5708.18, 278531, 46.0763, 3.9806e+06
0.225043, 5707.2, 278564, 46.0763, 3.98058e+06
0.225081, 5706.22, 278596, 46.0763, 3.98054e+06
0.22512, 5705.24, 278628, 46.0763, 3.9805e+06
0.225158, 5704.26, 278660, 46.0763, 3.98045e+06
0.225196, 5703.27, 278690, 46.0763, 3.9804e+06
0.225234, 5702.29, 278721, 46.0763, 3.98034e+06
0.225273, 5701.31, 278751, 46.0763, 3.98029e+06
0.225311, 5700.33, 278780, 46.0763, 3.98024e+06
0.225349, 5699.34, 278809, 46.0763, 3.98021e+06
0.225387, 5698.36, 278838, 46.0763, 3.98019e+06
0.225426, 5697.37, 278866, 46.0763, 3.98019e+06
0.225464, 5696.39, 278895, 46.0763, 3.98022e+06
0.225502, 5695.4, 278922, 46.0763, 3.98026e+06
0.225541, 5694.42, 278950, 46.0763, 3.98031e+06
0.225579, 5693.43, 278977, 46.0763, 3.98037e+06
0.225617, 5692.45, 279003, 46.0763, 3.98044e+06
0.225655, 5691.46, 279030, 46.0763, 3.9805e+06
0.225694, 5690.47, 279055, 46.0763, 3.98054e+06
0.225732, 5689.48, 279081, 46.0763, 3.98056e+06
0.22577, 5688.49, 279106, 46.0763, 3.98056e+06
0.225809, 5687.5, 279130, 46.0763, 3.98054e+06
0.225847, 5686.51, 279154, 46.0763, 3.9805e+06
0.225885, 5685.53, 279177, 46.0763, 3.98043e+06
0.225924, 5684.54, 279200, 46.0763, 3.98035e+06
0.225962, 5683.55, 279222, 46.0763, 3.98027e+06
0.226, 5682.56, 279244, 46.0763, 3.98019e+06
0.226038, 5681.57, 279265, 46.0763, 3.98012e+06
0.226077, 5680.59, 279286, 46.0763, 3.98006e+06
0.226115, 5679.6, 279307, 46.0763, 3.98002e+06
0.226153, 5678.61, 279327, 46.0763, 3.98e+06
0.226192, 5677.62, 279346, 46.0763, 3.98001e+06
0.22623, 5676.64, 279365, 46.0763, 3.98004e+06
0.226268, 5675.65, 279384, 46.0763, 3.98009e+06
0.226307, 5674.66, 279402, 46.0763, 3.98015e+06
0.226345, 5673.68, 279420, 46.0763, 3.98022e+06
0.226383, 5672.69, 279438, 46.0763, 3.9803e+06
0.226422, 5671.7, 279455, 46.0763, 3.98037e+06
0.22646, 5670.72, 279472, 46.0763, 3.98044e+06
0.226498, 5669.73, 279488, 46.0763, 3.98049e+06
0.226537, 5668.75, 279504, 46.0763, 3.98052e+06
0.226575, 5667.76, 279520, 46.0763, 3.98053e+06
0.226613, 5666.77, 279536, 46.0763, 3.98052e+06
0.226652, 5665.79, 279551, 46.0763, 3.98048e+06
0.22669, 5664.8, 279567, 46.0763, 3.98043e+06
0.226728, 5663.81, 279582, 46.0763, 3.98036e+06
0.226767, 5662.83, 279596, 46.0763, 3.98029e+06
0.226805, 5661.84, 279610, 46.0763, 3.98021e+06
0.226843, 5660.86, 279624, 46.0763, 3.98013e+06
0.226882, 5659.87, 279638, 46.0763, 3.98006e+06
0.22692, 5658.88, 279651, 46.0763, 3.97999e+06
0.226958, 5657.89, 279664, 46.0763, 3.97993e+06
0.226997, 5656.91, 279677, 46.0763, 3.97989e+06
0.227035, 5655.92, 279689, 46.0763, 3.97986e+06
0.227073, 5654.93, 279701, 46.0763, 3.97983e+06
0.227112, 5653.94, 279713, 46.0763, 3.97982e+06
0.22715, 5652.95, 279724, 46.0763, 3.97981e+06
0.227189, 5651.97, 279735, 46.0763, 3.97981e+06
0.227227, 5650.98, 279746, 46.0763, 3.97982e+06
0.227265, 5649.99, 279757, 46.0763, 3.97984e+06
0.227304, 5649, 279767, 46.0763, 3.97986e+06
0.227342, 5648, 279777, 46.0763, 3.97989e+06
0.22738, 5647.01, 279787, 46.0763, 3.97992e+06
0.227419, 5646.02, 279797, 46.0763, 3.97996e+06
0.227457, 5645.03, 279806, 46.0763, 3.98e+06
0.227495, 5644.04, 279816, 46.0763, 3.98003e+06
0.227534, 5643.04, 279825, 46.0763, 3.98006e+06
0.227572, 5642.05, 279834, 46.0763, 3.98009e+06
0.227611, 5641.06, 279843, 46.0763, 3.9801e+06
0.227649, 5640.06, 279851, 46.0763, 3.98011e+06
0.227687, 5639.07, 279860, 46.0763, 3.98012e+06
0.227726, 5638.08, 279868, 46.0763, 3.98011e+06
0.227764, 5637.08, 279876, 46.0763, 3.98011e+06
0.227803, 5636.09, 279884, 46.0763, 3.9801e+06
0.227841, 5635.09, 279892, 46.0763, 3.9801e+06
0.227879, 5634.1, 279899, 46.0763, 3.98009e+06
0.227918, 5633.1, 279907, 46.0763, 3.9801e+06
0.227956, 5632.11, 279914, 46.0763, 3.98011e+06
0.227994, 5631.12, 279921, 46.0763, 3.98012e+06
0.228033, 5630.12, 279928, 46.0763, 3.98014e+06
0.228071, 5629.12, 279934, 46.0763, 3.98017e+06
0.22811, 5628.13, 279940, 46.0763, 3.9802e+06
0.228148, 5627.13, 279946, 46.0763, 3.98024e+06
0.228186, 5626.14, 279952, 46.0763, 3.98028e+06
0.228225, 5625.14, 279958, 46.0763, 3.98032e+06
0.228263, 5624.14, 279963, 46.0763, 3.98036e+06
0.228302, 5623.15, 279968, 46.0763, 3.98039e+06
0.22834, 5622.15, 279973, 46.0763, 3.98041e+06
0.228378, 5621.15, 279977, 46.0763, 3.98043e+06
0.228417, 5620.15, 279982, 46.0763, 3.98045e+06
0.228455, 5619.16, 279986, 46.0763, 3.98045e+06
0.228493, 5618.16, 279989, 46.0763, 3.98045e+06
0.228532, 5617.16, 279993, 46.0763, 3.98044e+06
0.22857, 5616.17, 279996, 46.0763, 3.98042e+06
0.228609, 5615.17, 279999, 46.0763, 3.98039e+06
0.228647, 5614.17, 280001, 46.0763, 3.98036e+06
0.228685, 5613.17, 280003, 46.0763, 3.98033e+06
0.228724, 5612.18, 280005, 46.0763, 3.98031e+06
0.228762, 5611.18, 280007, 46.0763, 3.98028e+06
0.228801, 5610.19, 280008, 46.0763, 3.98027e+06
0.228839, 5609.19, 280010, 46.0763, 3.98026e+06
0.228877, 5608.19, 280010, 46.0763, 3.98026e+06
0.228916, 5607.2, 280011, 46.0763, 3.98027e+06
0.228954, 5606.2, 280011, 46.0763, 3.98028e+06
0.228993, 5605.2, 280011, 46.0763, 3.98029e+06
0.229031, 5604.21, 280010, 46.0763, 3.98031e+06
0.22907, 5603.21, 280009, 46.0763, 3.98032e+06
0.229108, 5602.22, 280008, 46.0763, 3.98032e+06
0.229146, 5601.22, 280007, 46.0763, 3.98032e+06
0.229185, 5600.23, 280006, 46.0763, 3.98031e+06
0.229223, 5599.23, 280004, 46.0763, 3.98029e+06
0.229261, 5598.23, 280002, 46.0763, 3.98027e+06
0.2293, 5597.24, 280000, 46.0763, 3.98024e+06
0.229338, 5596.24, 279998, 46.0763, 3.98022e+06
0.229377, 5595.25, 279995, 46.0763, 3.98021e+06
0.229415, 5594.25, 279992, 46.0763, 3.9802e+06
0.229453, 5593.25, 279990, 46.0763, 3.98019e+06
0.229492, 5592.26, 279986, 46.0763, 3.98018e+06
0.22953, 5591.26, 279983, 46.0763, 3.98017e+06
0.229569, 5590.27, 279980, 46.0763, 3.98016e+06
0.229607, 5589.27, 279976, 46.0763, 3.98013e+06
0.229645, 5588.27, 279973, 46.0763, 3.98011e+06
0.229684, 5587.28, 279969, 46.0763, 3.98007e+06
0.229722, 5586.29, 279965, 46.0763, 3.98003e+06
0.22976, 5585.29, 279960, 46.0763, 3.98e+06
0.229799, 5584.3, 279955, 46.0763, 3.97996e+06
0.229837, 5583.3, 279951, 46.0763, 3.97994e+06
0.229875, 5582.31, 279945, 46.0763, 3.97993e+06
0.229914, 5581.32, 279940, 46.0763, 3.97994e+06
0.229952, 5580.33, 279934, 46.0763, 3.97997e+06
0.22999, 5579.34, 279928, 46.0763, 3.98001e+06
0.230029, 5578.35, 279922, 46.0763, 3.98006e+06
0.230067, 5577.36, 279915, 46.0763, 3.98013e+06
0.230105, 5576.37, 279909, 46.0763, 3.9802e+06
0.230144, 5575.38, 279902, 46.0763, 3.98027e+06
0.230182, 5574.39, 279895, 46.0763, 3.98034e+06
0.23022, 5573.4, 279889, 46.0763, 3.98039e+06
0.230259, 5572.41, 279882, 46.0763, 3.98043e+06
0.230297, 5571.43, 279875, 46.0763, 3.98046e+06
0.230335, 5570.44, 279868, 46.0763, 3.98046e+06
0.230374, 5569.45, 279862, 46.0763, 3.98045e+06
0.230412, 5568.47, 279855, 46.0763, 3.98043e+06
0.23045, 5567.48, 279848, 46.0763, 3.98039e+06
0.230489, 5566.49, 279841, 46.0763, 3.98034e+06
0.230527, 5565.51, 279834, 46.0763, 3.98029e+06
0.230565, 5564.52, 279826, 46.0763, 3.98024e+06
0.230604, 5563.54, 279819, 46.0763, 3.98019e+06
0.230642, 5562.55, 279811, 46.0763, 3.98013e+06
0.23068, 5561.57, 279804, 46.0763, 3.98009e+06
0.230718, 5560.58, 279796, 46.0763, 3.98004e+06
0.230757, 5559.6, 279787, 46.0763, 3.97999e+06
0.230795, 5558.61, 279779, 46.0763, 3.97995e+06
0.230833, 5557.63, 279770, 46.0763, 3.9799e+06
0.230872, 5556.64, 279761, 46.0763, 3.97986e+06
0.23091, 5555.66, 279752, 46.0763, 3.97982e+06
0.230948, 5554.68, 279743, 46.0763, 3.97978e+06
0.230986, 5553.69, 279734, 46.0763, 3.97974e+06
0.231025, 5552.71, 279724, 46.0763, 3.9797e+06
0.231063, 5551.73, 279715, 46.0763, 3.97966e+06
0.231101, 5550.75, 279705, 46.0763, 3.97962e+06
0.23114, 5549.77, 279695, 46.0763, 3.97959e+06
0.231178, 5548.78, 279685, 46.0763, 3.97956e+06
0.231216, 5547.8, 279674, 46.0763, 3.97954e+06
0.231254, 5546.82, 279664, 46.0763, 3.97952e+06
0.231293, 5545.84, 279653, 46.0763, 3.97952e+06
0.231331, 5544.86, 279642, 46.0763, 3.97952e+06
0.231369, 5543.89, 279632, 46.0763, 3.97953e+06
0.231407, 5542.91, 279621, 46.0763, 3.97956e+06
0.231446, 5541.93, 279609, 46.0763, 3.97959e+06
0.231484, 5540.95, 279598, 46.0763, 3.97963e+06
0.231522, 5539.97, 279586, 46.0763, 3.97967e+06
0.23156, 5539, 279574, 46.0763, 3.97971e+06
0.231599, 5538.02, 279562, 46.0763, 3.97975e+06
0.231637, 5537.04, 279550, 46.0763, 3.97978e+06
0.231675, 5536.07, 279538, 46.0763, 3.9798e+06
0.231713, 5535.09, 279525, 46.0763, 3.97981e+06
0.231752, 5534.12, 279512, 46.0763, 3.9798e+06
0.23179, 5533.14, 279500, 46.0763, 3.97978e+06
0.231828, 5532.17, 279487, 46.0763, 3.97975e+06
0.231866, 5531.2, 279474, 46.0763, 3.97971e+06
0.231905, 5530.22, 279461, 46.0763, 3.97968e+06
0.231943, 5529.25, 279447, 46.0763, 3.97965e+06
0.231981, 5528.27, 279434, 46.0763, 3.97964e+06
0.232019, 5527.3, 279420, 46.0763, 3.97964e+06
0.232057, 5526.33, 279406, 46.0763, 3.97966e+06
0.232096, 5525.36, 279392, 46.0763, 3.97969e+06
0.232134, 5524.38, 279378, 46.0763, 3.97973e+06
0.232172, 5523.41, 279364, 46.0763, 3.97977e+06
0.23221, 5522.44, 279349, 46.0763, 3.97982e+06
0.232249, 5521.47, 279334, 46.0763, 3.97987e+06
0.232287, 5520.5, 279319, 46.0763, 3.97991e+06
0.232325, 5519.52, 279304, 46.0763, 3.97994e+06
0.232363, 5518.55, 279289, 46.0763, 3.97995e+06
0.232401, 5517.58, 279273, 46.0763, 3.97995e+06
0.23244, 5516.61, 279258, 46.0763, 3.97994e+06
0.232478, 5515.64, 279242, 46.0763, 3.97991e+06
0.232516, 5514.67, 279226, 46.0763, 3.97988e+06
0.232554, 5513.7, 279210, 46.0763, 3.97984e+06
0.232592, 5512.73, 279194, 46.0763, 3.97981e+06
0.232631, 5511.76, 279178, 46.0763, 3.97978e+06
0.232669, 5510.79, 279162, 46.0763, 3.97976e+06
0.232707, 5509.82, 279146, 46.0763, 3.97976e+06
0.232745, 5508.85, 279129, 46.0763, 3.97977e+06
0.232783, 5507.88, 279113, 46.0763, 3.97979e+06
0.232821, 5506.91, 279097, 46.0763, 3.97982e+06
0.23286, 5505.94, 279080, 46.0763, 3.97985e+06
0.232898, 5504.97, 279064, 46.0763, 3.97989e+06
0.232936, 5504, 279047, 46.0763, 3.97994e+06
0.232974, 5503.03, 279030, 46.0763, 3.97998e+06
0.233012, 5502.06, 279014, 46.0763, 3.98001e+06
0.233051, 5501.09, 278997, 46.0763, 3.98003e+06
0.233089, 5500.12, 278980, 46.0763, 3.98004e+06
0.233127, 5499.15, 278963, 46.0763, 3.98004e+06
0.233165, 5498.18, 278946, 46.0763, 3.98003e+06
0.233203, 5497.21, 278929, 46.0763, 3.98001e+06
0.233241, 5496.24, 278912, 46.0763, 3.97997e+06
0.23328, 5495.27, 278895, 46.0763, 3.97994e+06
0.233318, 5494.3, 278878, 46.0763, 3.9799e+06
0.233356, 5493.33, 278862, 46.0763, 3.97986e+06
0.233394, 5492.36, 278845, 46.0763, 3.97983e+06
0.233432, 5491.39, 278828, 46.0763, 3.9798e+06
0.23347, 5490.42, 278811, 46.0763, 3.97978e+06
0.233509, 5489.44, 278794, 46.0763, 3.97977e+06
0.233547, 5488.47, 278777, 46.0763, 3.97975e+06
0.233585, 5487.5, 278760, 46.0763, 3.97974e+06
0.233623, 5486.53, 278743, 46.0763, 3.97972e+06
0.233661, 5485.56, 278726, 46.0763, 3.97969e+06
0.233699, 5484.58, 278709, 46.0763, 3.97967e+06
0.233737, 5483.61, 278692, 46.0763, 3.97964e+06
0.233776, 5482.64, 278676, 46.0763, 3.97961e+06
0.233814, 5481.67, 278659, 46.0763, 3.97957e+06
0.233852, 5480.69, 278642, 46.0763, 3.97955e+06
0.23389, 5479.72, 278625, 46.0763, 3.97953e+06
0.233928, 5478.75, 278608, 46.0763, 3.97952e+06
0.233966, 5477.77, 278590, 46.0763, 3.97952e+06
0.234004, 5476.8, 278573, 46.0763, 3.97953e+06
0.234043, 5475.83, 278556, 46.0763, 3.97955e+06
0.234081, 5474.85, 278539, 46.0763, 3.97958e+06
0.234119, 5473.88, 278522, 46.0763, 3.97962e+06
0.234157, 5472.9, 278504, 46.0763, 3.97967e+06
0.234195, 5471.93, 278487, 46.0763, 3.97971e+06
0.234233, 5470.95, 278469, 46.0763, 3.97975e+06
0.234271, 5469.97, 278452, 46.0763, 3.97979e+06
0.234309, 5468.99, 278434, 46.0763, 3.97982e+06
0.234348, 5468.02, 278416, 46.0763, 3.97985e+06
0.234386, 5467.04, 278398, 46.0763, 3.97987e+06
0.234424, 5466.06, 278379, 46.0763, 3.97988e+06
0.234462, 5465.08, 278361, 46.0763, 3.97988e+06
0.2345, 5464.1, 278342, 46.0763, 3.97987e+06
0.234538, 5463.12, 278323, 46.0763, 3.97986e+06
0.234576, 5462.14, 278304, 46.0763, 3.97985e+06
0.234614, 5461.17, 278284, 46.0763, 3.97983e+06
0.234653, 5460.19, 278265, 46.0763, 3.97981e+06
0.234691, 5459.21, 278245, 46.0763, 3.97979e+06
0.234729, 5458.23, 278225, 46.0763, 3.97977e+06
0.234767, 5457.25, 278204, 46.0763, 3.97975e+06
0.234805, 5456.27, 278184, 46.0763, 3.97973e+06
0.234843, 5455.29, 278163, 46.0763, 3.97972e+06
0.234881, 5454.32, 278143, 46.0763, 3.97971e+06
0.234919, 5453.34, 278122, 46.0763, 3.97971e+06
0.234957, 5452.36, 278101, 46.0763, 3.97972e+06
0.234995, 5451.38, 278080, 46.0763, 3.97973e+06
0.235034, 5450.4, 278059, 46.0763, 3.97976e+06
0.235072, 5449.42, 278037, 46.0763, 3.97978e+06
0.23511, 5448.44, 278015, 46.0763, 3.97981e+06
0.235148, 5447.46, 277993, 46.0763, 3.97983e+06
0.235186, 5446.48, 277971, 46.0763, 3.97985e+06
0.235224, 5445.5, 277949, 46.0763, 3.97986e+06
0.235262, 5444.52, 277926, 46.0763, 3.97986e+06
0.2353, 5443.54, 277904, 46.0763, 3.97986e+06
0.235338, 5442.57, 277881, 46.0763, 3.97984e+06
0.235376, 5441.59, 277858, 46.0763, 3.97983e+06
0.235415, 5440.61, 277835, 46.0763, 3.97981e+06
0.235453, 5439.62, 277812, 46.0763, 3.97978e+06
0.235491, 5438.64, 277789, 46.0763, 3.97976e+06
0.235529, 5437.66, 277766, 46.0763, 3.97974e+06
0.235567, 5436.68, 277742, 46.0763, 3.97973e+06
0.235605, 5435.7, 277719, 46.0763, 3.97971e+06
0.235643, 5434.72, 277695, 46.0763, 3.97971e+06
0.235681, 5433.74, 277671, 46.0763, 3.9797e+06
0.235719, 5432.75, 277647, 46.0763, 3.9797e+06
0.235757, 5431.77, 277623, 46.0763, 3.9797e+06
0.235795, 5430.79, 277599, 46.0763, 3.9797e+06
0.235833, 5429.8, 277574, 46.0763, 3.9797e+06
0.235871, 5428.82, 277549, 46.0763, 3.97969e+06
0.23591, 5427.83, 277524, 46.0763, 3.97968e+06
0.235948, 5426.85, 277499, 46.0763, 3.97967e+06
0.235986, 5425.86, 277474, 46.0763, 3.97965e+06
0.236024, 5424.87, 277449, 46.0763, 3.97964e+06
0.236062, 5423.89, 277423, 46.0763, 3.97962e+06
0.2361, 5422.9, 277397, 46.0763, 3.9796e+06
0.236138, 5421.91, 277372, 46.0763, 3.97957e+06
0.236176, 5420.92, 277345, 46.0763, 3.97954e+06
0.236214, 5419.93, 277319, 46.0763, 3.97952e+06
0.236252, 5418.94, 277293, 46.0763, 3.97948e+06
0.23629, 5417.95, 277266, 46.0763, 3.97945e+06
0.236328, 5416.96, 277240, 46.0763, 3.97943e+06
0.236366, 5415.97, 277213, 46.0763, 3.9794e+06
0.236404, 5414.98, 277186, 46.0763, 3.97939e+06
0.236442, 5413.99, 277159, 46.0763, 3.97938e+06
0.23648, 5412.99, 277131, 46.0763, 3.97939e+06
0.236518, 5412, 277104, 46.0763, 3.97942e+06
0.236556, 5411, 277077, 46.0763, 3.97946e+06
0.236594, 5410.01, 277049, 46.0763, 3.97951e+06
0.236632, 5409.01, 277021, 46.0763, 3.97957e+06
0.236671, 5408.02, 276993, 46.0763, 3.97963e+06
0.236709, 5407.02, 276965, 46.0763, 3.97969e+06
0.236747, 5406.03, 276936, 46.0763, 3.97974e+06
0.236785, 5405.04, 276907, 46.0763, 3.97977e+06
0.236823, 5404.04, 276878, 46.0763, 3.97979e+06
0.236861, 5403.05, 276848, 46.0763, 3.97979e+06
0.236899, 5402.05, 276819, 46.0763, 3.97978e+06
0.236937, 5401.06, 276789, 46.0763, 3.97975e+06
0.236975, 5400.07, 276758, 46.0763, 3.97971e+06
0.237013, 5399.07, 276728, 46.0763, 3.97966e+06
0.237051, 5398.08, 276697, 46.0763, 3.97961e+06
0.237089, 5397.09, 276666, 46.0763, 3.97956e+06
0.237127, 5396.09, 276635, 46.0763, 3.97953e+06
0.237165, 5395.1, 276604, 46.0763, 3.9795e+06
0.237203, 5394.11, 276573, 46.0763, 3.97949e+06
0.237241, 5393.11, 276541, 46.0763, 3.9795e+06
0.237279, 5392.12, 276510, 46.0763, 3.97951e+06
0.237317, 5391.13, 276478, 46.0763, 3.97953e+06
0.237355, 5390.13, 276446, 46.0763, 3.97956e+06
0.237393, 5389.14, 276414, 46.0763, 3.97959e+06
0.237431, 5388.14, 276382, 46.0763, 3.97962e+06
0.237469, 5387.15, 276349, 46.0763, 3.97965e+06
0.237507, 5386.16, 276317, 46.0763, 3.97966e+06
0.237545, 5385.16, 276285, 46.0763, 3.97967e+06
0.237583, 5384.17, 276252, 46.0763, 3.97967e+06
0.23762, 5383.17, 276219, 46.0763, 3.97965e+06
0.237658, 5382.18, 276186, 46.0763, 3.97964e+06
0.237696, 5381.18, 276154, 46.0763, 3.97962e+06
0.237734, 5380.19, 276120, 46.0763, 3.9796e+06
0.237772, 5379.19, 276087, 46.0763, 3.97959e+06
0.23781, 5378.19, 276054, 46.0763, 3.97958e+06
0.237848, 5377.19, 276020, 46.0763, 3.97957e+06
0.237886, 5376.2, 275987, 46.0763, 3.97958e+06
0.237924, 5375.2, 275953, 46.0763, 3.97958e+06
0.237962, 5374.2, 275919, 46.0763, 3.97959e+06
0.238, 5373.2, 275885, 46.0763, 3.97959e+06
0.238038, 5372.21, 275851, 46.0763, 3.97958e+06
0.238076, 5371.21, 275817, 46.0763, 3.97956e+06
0.238114, 5370.21, 275782, 46.0763, 3.97952e+06
0.238152, 5369.21, 275748, 46.0763, 3.97947e+06
0.23819, 5368.22, 275714, 46.0763, 3.97941e+06
0.238228, 5367.22, 275679, 46.0763, 3.97934e+06
0.238266, 5366.22, 275644, 46.0763, 3.97927e+06
0.238304, 5365.23, 275610, 46.0763, 3.97921e+06
0.238342, 5364.23, 275575, 46.0763, 3.97917e+06
0.23838, 5363.23, 275540, 46.0763, 3.97914e+06
0.238418, 5362.24, 275505, 46.0763, 3.97914e+06
0.238455, 5361.24, 275470, 46.0763, 3.97917e+06
0.238493, 5360.24, 275434, 46.0763, 3.97923e+06
0.238531, 5359.25, 275398, 46.0763, 3.97931e+06
0.238569, 5358.25, 275363, 46.0763, 3.9794e+06
0.238607, 5357.25, 275326, 46.0763, 3.9795e+06
0.238645, 5356.26, 275290, 46.0763, 3.97959e+06
0.238683, 5355.26, 275253, 46.0763, 3.97967e+06
0.238721, 5354.26, 275217, 46.0763, 3.97972e+06
0.238759, 5353.27, 275180, 46.0763, 3.97975e+06
0.238797, 5352.27, 275142, 46.0763, 3.97975e+06
0.238835, 5351.27, 275105, 46.0763, 3.97972e+06
0.238873, 5350.28, 275067, 46.0763, 3.97967e+06
0.238911, 5349.28, 275029, 46.0763, 3.9796e+06
0.238948, 5348.29, 274991, 46.0763, 3.97952e+06
0.238986, 5347.29, 274953, 46.0763, 3.97945e+06
0.239024, 5346.3, 274915, 46.0763, 3.97938e+06
0.239062, 5345.3, 274877, 46.0763, 3.97933e+06
0.2391, 5344.3, 274838, 46.0763, 3.9793e+06
0.239138, 5343.31, 274799, 46.0763, 3.9793e+06
0.239176, 5342.31, 274761, 46.0763, 3.97931e+06
0.239214, 5341.32, 274722, 46.0763, 3.97934e+06
0.239252, 5340.32, 274683, 46.0763, 3.97939e+06
0.23929, 5339.32, 274644, 46.0763, 3.97943e+06
0.239328, 5338.33, 274605, 46.0763, 3.97947e+06
0.239365, 5337.33, 274566, 46.0763, 3.97949e+06
0.239403, 5336.33, 274526, 46.0763, 3.9795e+06
0.239441, 5335.33, 274487, 46.0763, 3.9795e+06
0.239479, 5334.34, 274448, 46.0763, 3.97949e+06
0.239517, 5333.34, 274408, 46.0763, 3.97947e+06
0.239555, 5332.34, 274369, 46.0763, 3.97946e+06
0.239593, 5331.34, 274330, 46.0763, 3.97945e+06
0.239631, 5330.35, 274290, 46.0763, 3.97946e+06
0.239669, 5329.35, 274250, 46.0763, 3.97949e+06
0.239706, 5328.35, 274211, 46.0763, 3.97954e+06
0.239744, 5327.35, 274171, 46.0763, 3.97961e+06
0.239782, 5326.35, 274131, 46.0763, 3.97969e+06
0.23982, 5325.35, 274092, 46.0763, 3.97978e+06
0.239858, 5324.35, 274052, 46.0763, 3.97986e+06
0.239896, 5323.35, 274012, 46.0763, 3.97992e+06
0.239934, 5322.35, 273972, 46.0763, 3.97995e+06
0.239972, 5321.35, 273932, 46.0763, 3.97996e+06
0.24001, 5320.35, 273891, 46.0763, 3.97992e+06
0.240047, 5319.35, 273850, 46.0763, 3.97985e+06
0.240085, 5318.35, 273810, 46.0763, 3.97975e+06
0.240123, 5317.34, 273769, 46.0763, 3.97962e+06
0.240161, 5316.34, 273728, 46.0763, 3.97947e+06
0.240199, 5315.34, 273686, 46.0763, 3.97931e+06
0.240237, 5314.33, 273645, 46.0763, 3.97917e+06
0.240275, 5313.33, 273603, 46.0763, 3.97904e+06
0.240312, 5312.33, 273561, 46.0763, 3.97894e+06
0.24035, 5311.32, 273519, 46.0763, 3.97886e+06
0.240388, 5310.32, 273476, 46.0763, 3.97883e+06
0.240426, 5309.31, 273434, 46.0763, 3.97883e+06
0.240464, 5308.31, 273391, 46.0763, 3.97886e+06
0.240502, 5307.3, 273348, 46.0763, 3.97892e+06
0.24054, 5306.3, 273304, 46.0763, 3.979e+06
0.240577, 5305.29, 273261, 46.0763, 3.97911e+06
0.240615, 5304.29, 273217, 46.0763, 3.97923e+06
0.240653, 5303.28, 273173, 46.0763, 3.97937e+06
0.240691, 5302.27, 273128, 46.0763, 3.97951e+06
0.240729, 5301.27, 273083, 46.0763, 3.97965e+06
0.240767, 5300.26, 273038, 46.0763, 3.97978e+06
0.240805, 5299.25, 272993, 46.0763, 3.97991e+06
0.240842, 5298.25, 272948, 46.0763, 3.98002e+06
0.24088, 5297.24, 272902, 46.0763, 3.98011e+06
0.240918, 5296.23, 272856, 46.0763, 3.98017e+06
0.240956, 5295.22, 272810, 46.0763, 3.9802e+06
0.240994, 5294.21, 272763, 46.0763, 3.9802e+06
0.241032, 5293.2, 272716, 46.0763, 3.98017e+06
0.24107, 5292.19, 272669, 46.0763, 3.98012e+06
0.241107, 5291.18, 272622, 46.0763, 3.98003e+06
0.241145, 5290.17, 272574, 46.0763, 3.97993e+06
0.241183, 5289.16, 272526, 46.0763, 3.97982e+06
0.241221, 5288.15, 272478, 46.0763, 3.97969e+06
0.241259, 5287.14, 272430, 46.0763, 3.97957e+06
0.241297, 5286.13, 272381, 46.0763, 3.97946e+06
0.241334, 5285.12, 272332, 46.0763, 3.97936e+06
0.241372, 5284.11, 272283, 46.0763, 3.97927e+06
0.24141, 5283.1, 272234, 46.0763, 3.9792e+06
0.241448, 5282.09, 272185, 46.0763, 3.97915e+06
0.241486, 5281.08, 272136, 46.0763, 3.97912e+06
0.241524, 5280.07, 272086, 46.0763, 3.97911e+06
0.241561, 5279.06, 272036, 46.0763, 3.97913e+06
0.241599, 5278.04, 271986, 46.0763, 3.97916e+06
0.241637, 5277.03, 271936, 46.0763, 3.97921e+06
0.241675, 5276.02, 271886, 46.0763, 3.97927e+06
0.241713, 5275.01, 271836, 46.0763, 3.97934e+06
0.241751, 5274, 271785, 46.0763, 3.97941e+06
0.241789, 5272.98, 271735, 46.0763, 3.97947e+06
0.241826, 5271.97, 271684, 46.0763, 3.97953e+06
0.241864, 5270.96, 271633, 46.0763, 3.97957e+06
0.241902, 5269.95, 271581, 46.0763, 3.9796e+06
0.24194, 5268.93, 271530, 46.0763, 3.97961e+06
0.241978, 5267.92, 271478, 46.0763, 3.97959e+06
0.242016, 5266.91, 271426, 46.0763, 3.97955e+06
0.242053, 5265.89, 271374, 46.0763, 3.9795e+06
0.242091, 5264.88, 271322, 46.0763, 3.97944e+06
0.242129, 5263.86, 271270, 46.0763, 3.97936e+06
0.242167, 5262.85, 271217, 46.0763, 3.97928e+06
0.242205, 5261.83, 271165, 46.0763, 3.9792e+06
0.242243, 5260.82, 271112, 46.0763, 3.97913e+06
0.24228, 5259.8, 271059, 46.0763, 3.97907e+06
0.242318, 5258.79, 271006, 46.0763, 3.97903e+06
0.242356, 5257.77, 270953, 46.0763, 3.979e+06
0.242394, 5256.76, 270900, 46.0763, 3.97898e+06
0.242432, 5255.74, 270846, 46.0763, 3.97897e+06
0.24247, 5254.73, 270793, 46.0763, 3.97898e+06
0.242508, 5253.72, 270739, 46.0763, 3.97899e+06
0.242545, 5252.7, 270685, 46.0763, 3.97901e+06
0.242583, 5251.69, 270631, 46.0763, 3.97903e+06
0.242621, 5250.68, 270577, 46.0763, 3.97905e+06
0.242659, 5249.67, 270523, 46.0763, 3.97908e+06
0.242697, 5248.65, 270469, 46.0763, 3.97911e+06
0.242735, 5247.64, 270414, 46.0763, 3.97914e+06
0.242772, 5246.63, 270360, 46.0763, 3.97918e+06
0.24281, 5245.62, 270305, 46.0763, 3.97922e+06
0.242848, 5244.61, 270251, 46.0763, 3.97926e+06
0.242886, 5243.61, 270196, 46.0763, 3.9793e+06
0.242924, 5242.6, 270142, 46.0763, 3.97934e+06
0.242962, 5241.59, 270087, 46.0763, 3.97937e+06
0.242999, 5240.58, 270032, 46.0763, 3.9794e+06
0.243037, 5239.58, 269978, 46.0763, 3.97941e+06
0.243075, 5238.57, 269923, 46.0763, 3.97941e+06
0.243113, 5237.56, 269868, 46.0763, 3.9794e+06
0.243151, 5236.56, 269813, 46.0763, 3.97939e+06
0.243188, 5235.55, 269758, 46.0763, 3.97936e+06
0.243226, 5234.55, 269703, 46.0763, 3.97933e+06
0.243264, 5233.54, 269648, 46.0763, 3.9793e+06
0.243302, 5232.54, 269593, 46.0763, 3.97927e+06
0.24334, 5231.53, 269537, 46.0763, 3.97924e+06
0.243378, 5230.53, 269482, 46.0763, 3.97922e+06
0.243415, 5229.52, 269426, 46.0763, 3.9792e+06
0.243453, 5228.52, 269370, 46.0763, 3.9792e+06
0.243491, 5227.52, 269314, 46.0763, 3.9792e+06
0.243529, 5226.52, 269257, 46.0763, 3.97921e+06
0.243567, 5225.52, 269201, 46.0763, 3.97924e+06
0.243605, 5224.51, 269144, 46.0763, 3.97926e+06
0.243642, 5223.51, 269087, 46.0763, 3.97929e+06
0.24368, 5222.51, 269031, 46.0763, 3.97932e+06
0.243718, 5221.51, 268974, 46.0763, 3.97935e+06
0.243756, 5220.52, 268917, 46.0763, 3.97937e+06
0.243794, 5219.52, 268860, 46.0763, 3.97938e+06
0.243832, 5218.52, 268804, 46.0763, 3.97938e+06
0.243869, 5217.52, 268747, 46.0763, 3.97938e+06
0.243907, 5216.52, 268690, 46.0763, 3.97937e+06
0.243945, 5215.52, 268633, 46.0763, 3.97937e+06
0.243983, 5214.53, 268577, 46.0763, 3.97936e+06
0.244021, 5213.53, 268520, 46.0763, 3.97935e+06
0.244058, 5212.53, 268463, 46.0763, 3.97935e+06
0.244096, 5211.54, 268407, 46.0763, 3.97936e+06
0.244134, 5210.54, 268350, 46.0763, 3.97936e+06
0.244172, 5209.55, 268293, 46.0763, 3.97936e+06
0.24421, 5208.55, 268236, 46.0763, 3.97936e+06
0.244248, 5207.56, 268180, 46.0763, 3.97936e+06
0.244285, 5206.56, 268123, 46.0763, 3.97936e+06
0.244323, 5205.56, 268066, 46.0763, 3.97935e+06
0.244361, 5204.57, 268010, 46.0763, 3.97933e+06
0.244399, 5203.57, 267953, 46.0763, 3.97931e+06
0.244437, 5202.57, 267897, 46.0763, 3.97929e+06
0.244475, 5201.58, 267840, 46.0763, 3.97926e+06
0.244512, 5200.58, 267784, 46.0763, 3.97922e+06
0.24455, 5199.58, 267727, 46.0763, 3.97917e+06
0.244588, 5198.58, 267671, 46.0763, 3.97912e+06
0.244626, 5197.59, 267614, 46.0763, 3.97906e+06
0.244664, 5196.59, 267557, 46.0763, 3.97901e+06
0.244702, 5195.59, 267500, 46.0763, 3.97896e+06
0.244739, 5194.59, 267443, 46.0763, 3.97893e+06
0.244777, 5193.59, 267386, 46.0763, 3.9789e+06
0.244815, 5192.59, 267328, 46.0763, 3.9789e+06
0.244853, 5191.59, 267271, 46.0763, 3.97892e+06
0.244891, 5190.6, 267213, 46.0763, 3.97896e+06
0.244929, 5189.6, 267155, 46.0763, 3.97902e+06
0.244966, 5188.6, 267097, 46.0763, 3.97909e+06
0.245004, 5187.6, 267039, 46.0763, 3.97917e+06
0.245042, 5186.6, 266981, 46.0763, 3.97925e+06
0.24508, 5185.6, 266923, 46.0763, 3.97933e+06
0.245118, 5184.6, 266864, 46.0763, 3.9794e+06
0.245156, 5183.6, 266806, 46.0763, 3.97945e+06
0.245193, 5182.6, 266747, 46.0763, 3.97949e+06
0.245231, 5181.6, 266689, 46.0763, 3.97951e+06
0.245269, 5180.6, 266630, 46.0763, 3.97951e+06
0.245307, 5179.6, 266571, 46.0763, 3.9795e+06
0.245345, 5178.6, 266512, 46.0763, 3.97948e+06
0.245383, 5177.6, 266453, 46.0763, 3.97945e+06
0.245421, 5176.61, 266394, 46.0763, 3.97942e+06
0.245458, 5175.61, 266335, 46.0763, 3.97939e+06
0.245496, 5174.61, 266276, 46.0763, 3.97936e+06
0.245534, 5173.61, 266217, 46.0763, 3.97934e+06
0.245572, 5172.61, 266158, 46.0763, 3.97932e+06
0.24561, 5171.61, 266099, 46.0763, 3.97931e+06
0.245648, 5170.61, 266039, 46.0763, 3.9793e+06
0.245685, 5169.61, 265980, 46.0763, 3.9793e+06
0.245723, 5168.62, 265921, 46.0763, 3.9793e+06
0.245761, 5167.62, 265861, 46.0763, 3.9793e+06
0.245799, 5166.62, 265802, 46.0763, 3.9793e+06
0.245837, 5165.63, 265743, 46.0763, 3.97929e+06
0.245875, 5164.63, 265683, 46.0763, 3.97929e+06
0.245912, 5163.64, 265624, 46.0763, 3.97928e+06
0.24595, 5162.64, 265565, 46.0763, 3.97926e+06
0.245988, 5161.65, 265505, 46.0763, 3.97924e+06
0.246026, 5160.65, 265446, 46.0763, 3.97921e+06
0.246064, 5159.66, 265387, 46.0763, 3.97917e+06
0.246102, 5158.67, 265328, 46.0763, 3.97913e+06
0.24614, 5157.68, 265268, 46.0763, 3.9791e+06
0.246177, 5156.69, 265209, 46.0763, 3.97907e+06
0.246215, 5155.7, 265150, 46.0763, 3.97906e+06
0.246253, 5154.71, 265091, 46.0763, 3.97906e+06
0.246291, 5153.73, 265032, 46.0763, 3.97908e+06
0.246329, 5152.74, 264973, 46.0763, 3.97911e+06
0.246367, 5151.75, 264914, 46.0763, 3.97916e+06
0.246405, 5150.76, 264855, 46.0763, 3.97922e+06
0.246442, 5149.78, 264796, 46.0763, 3.97929e+06
0.24648, 5148.79, 264737, 46.0763, 3.97935e+06
0.246518, 5147.8, 264678, 46.0763, 3.9794e+06
0.246556, 5146.82, 264619, 46.0763, 3.97944e+06
0.246594, 5145.83, 264559, 46.0763, 3.97947e+06
0.246632, 5144.85, 264500, 46.0763, 3.97948e+06
0.24667, 5143.87, 264441, 46.0763, 3.97947e+06
0.246707, 5142.88, 264382, 46.0763, 3.97944e+06
0.246745, 5141.9, 264323, 46.0763, 3.97941e+06
0.246783, 5140.92, 264264, 46.0763, 3.97936e+06
0.246821, 5139.94, 264204, 46.0763, 3.97932e+06
0.246859, 5138.96, 264145, 46.0763, 3.97926e+06
0.246897, 5137.98, 264086, 46.0763, 3.97922e+06
0.246935, 5137, 264027, 46.0763, 3.97917e+06
0.246972, 5136.02, 263967, 46.0763, 3.97914e+06
0.24701, 5135.04, 263908, 46.0763, 3.97912e+06
0.247048, 5134.06, 263849, 46.0763, 3.9791e+06
0.247086, 5133.09, 263789, 46.0763, 3.9791e+06
0.247124, 5132.11, 263730, 46.0763, 3.9791e+06
0.247162, 5131.14, 263671, 46.0763, 3.97911e+06
0.2472, 5130.16, 263611, 46.0763, 3.97911e+06
0.247238, 5129.19, 263552, 46.0763, 3.97912e+06
0.247275, 5128.22, 263492, 46.0763, 3.97912e+06
0.247313, 5127.24, 263433, 46.0763, 3.97912e+06
0.247351, 5126.27, 263374, 46.0763, 3.97912e+06
0.247389, 5125.3, 263314, 46.0763, 3.97911e+06
0.247427, 5124.33, 263255, 46.0763, 3.9791e+06
0.247465, 5123.36, 263196, 46.0763, 3.9791e+06
0.247503, 5122.39, 263137, 46.0763, 3.97909e+06
0.247541, 5121.43, 263078, 46.0763, 3.97909e+06
0.247578, 5120.46, 263019, 46.0763, 3.97909e+06
0.247616, 5119.49, 262960, 46.0763, 3.97908e+06
0.247654, 5118.52, 262900, 46.0763, 3.97908e+06
0.247692, 5117.56, 262842, 46.0763, 3.97907e+06
0.24773, 5116.59, 262783, 46.0763, 3.97906e+06
0.247768, 5115.63, 262724, 46.0763, 3.97905e+06
0.247806, 5114.67, 262665, 46.0763, 3.97903e+06
0.247844, 5113.7, 262606, 46.0763, 3.97901e+06
0.247882, 5112.74, 262548, 46.0763, 3.97899e+06
0.247919, 5111.78, 262489, 46.0763, 3.97897e+06
0.247957, 5110.81, 262431, 46.0763, 3.97895e+06
0.247995, 5109.85, 262372, 46.0763, 3.97894e+06
0.248033, 5108.89, 262314, 46.0763, 3.97894e+06
0.248071, 5107.93, 262256, 46.0763, 3.97894e+06
0.248109, 5106.97, 262198, 46.0763, 3.97896e+06
0.248147, 5106.01, 262139, 46.0763, 3.97898e+06
0.248185, 5105.05, 262081, 46.0763, 3.979e+06
0.248223, 5104.1, 262023, 46.0763, 3.97903e+06
0.248261, 5103.14, 261965, 46.0763, 3.97905e+06
0.248299, 5102.18, 261907, 46.0763, 3.97907e+06
0.248336, 5101.23, 261849, 46.0763, 3.97907e+06
0.248374, 5100.27, 261791, 46.0763, 3.97907e+06
0.248412, 5099.31, 261733, 46.0763, 3.97905e+06
0.24845, 5098.36, 261675, 46.0763, 3.97903e+06
0.248488, 5097.41, 261617, 46.0763, 3.979e+06
0.248526, 5096.45, 261559, 46.0763, 3.97896e+06
0.248564, 5095.5, 261502, 46.0763, 3.97893e+06
0.248602, 5094.55, 261444, 46.0763, 3.97889e+06
0.24864, 5093.6, 261386, 46.0763, 3.97887e+06
0.248678, 5092.65, 261328, 46.0763, 3.97886e+06
0.248716, 5091.7, 261271, 46.0763, 3.97885e+06
0.248754, 5090.75, 261213, 46.0763, 3.97885e+06
0.248792, 5089.81, 261156, 46.0763, 3.97886e+06
0.24883, 5088.86, 261098, 46.0763, 3.97887e+06
0.248868, 5087.92, 261041, 46.0763, 3.97889e+06
0.248905, 5086.97, 260984, 46.0763, 3.9789e+06
0.248943, 5086.03, 260927, 46.0763, 3.97892e+06
0.248981, 5085.08, 260870, 46.0763, 3.97894e+06
0.249019, 5084.14, 260813, 46.0763, 3.97895e+06
0.249057, 5083.2, 260756, 46.0763, 3.97897e+06
0.249095, 5082.26, 260699, 46.0763, 3.97898e+06
0.249133, 5081.33, 260642, 46.0763, 3.97899e+06
0.249171, 5080.39, 260586, 46.0763, 3.97899e+06
0.249209, 5079.45, 260530, 46.0763, 3.979e+06
0.249247, 5078.52, 260474, 46.0763, 3.979e+06
0.249285, 5077.58, 260418, 46.0763, 3.97901e+06
0.249323, 5076.65, 260363, 46.0763, 3.97901e+06
0.249361, 5075.72, 260307, 46.0763, 3.97902e+06
0.249399, 5074.79, 260252, 46.0763, 3.97903e+06
0.249437, 5073.86, 260197, 46.0763, 3.97905e+06
0.249475, 5072.93, 260142, 46.0763, 3.97908e+06
0.249513, 5072, 260088, 46.0763, 3.97912e+06
0.249551, 5071.07, 260033, 46.0763, 3.97916e+06
0.249589, 5070.14, 259979, 46.0763, 3.97921e+06
0.249627, 5069.22, 259925, 46.0763, 3.97926e+06
0.249665, 5068.29, 259871, 46.0763, 3.97931e+06
0.249703, 5067.37, 259818, 46.0763, 3.97935e+06
0.249741, 5066.45, 259765, 46.0763, 3.97939e+06
0.249779, 5065.52, 259712, 46.0763, 3.97941e+06
0.249817, 5064.6, 259659, 46.0763, 3.97943e+06
0.249855, 5063.68, 259606, 46.0763, 3.97944e+06
0.249892, 5062.76, 259554, 46.0763, 3.97944e+06
0.24993, 5061.84, 259502, 46.0763, 3.97944e+06
0.249968, 5060.92, 259450, 46.0763, 3.97943e+06
0.250006, 5060, 259399, 46.0763, 3.97943e+06
0.250044, 5059.09, 259348, 46.0763, 3.97942e+06
0.250082, 5058.17, 259297, 46.0763, 3.97942e+06
0.25012, 5057.25, 259246, 46.0763, 3.97941e+06
0.250158, 5056.34, 259195, 46.0763, 3.9794e+06
0.250196, 5055.42, 259145, 46.0763, 3.97938e+06
0.250234, 5054.51, 259095, 46.0763, 3.97936e+06
0.250272, 5053.6, 259045, 46.0763, 3.97932e+06
0.25031, 5052.69, 258995, 46.0763, 3.97927e+06
0.250348, 5051.77, 258945, 46.0763, 3.97921e+06
0.250386, 5050.86, 258895, 46.0763, 3.97913e+06
0.250424, 5049.95, 258846, 46.0763, 3.97904e+06
0.250462, 5049.05, 258797, 46.0763, 3.97895e+06
0.2505, 5048.14, 258748, 46.0763, 3.97886e+06
0.250538, 5047.23, 258699, 46.0763, 3.97877e+06
0.250576, 5046.32, 258650, 46.0763, 3.97869e+06
0.250614, 5045.42, 258602, 46.0763, 3.97862e+06
0.250652, 5044.51, 258554, 46.0763, 3.97857e+06
0.25069, 5043.6, 258505, 46.0763, 3.97853e+06
0.250728, 5042.7, 258457, 46.0763, 3.97852e+06
0.250766, 5041.8, 258410, 46.0763, 3.97852e+06
0.250804, 5040.89, 258362, 46.0763, 3.97854e+06
0.250842, 5039.99, 258315, 46.0763, 3.97858e+06
0.25088, 5039.09, 258268, 46.0763, 3.97862e+06
0.250918, 5038.18, 258221, 46.0763, 3.97867e+06
0.250956, 5037.28, 258174, 46.0763, 3.97873e+06
0.250994, 5036.38, 258128, 46.0763, 3.97878e+06
0.251032, 5035.48, 258081, 46.0763, 3.97884e+06
0.25107, 5034.58, 258035, 46.0763, 3.9789e+06
0.251108, 5033.68, 257989, 46.0763, 3.97896e+06
0.251146, 5032.78, 257943, 46.0763, 3.97903e+06
0.251184, 5031.88, 257897, 46.0763, 3.97909e+06
0.251222, 5030.98, 257851, 46.0763, 3.97914e+06
0.25126, 5030.08, 257805, 46.0763, 3.97919e+06
0.251298, 5029.18, 257760, 46.0763, 3.97924e+06
0.251336, 5028.29, 257715, 46.0763, 3.97926e+06
0.251374, 5027.39, 257669, 46.0763, 3.97928e+06
0.251412, 5026.49, 257624, 46.0763, 3.97928e+06
0.25145, 5025.6, 257579, 46.0763, 3.97927e+06
0.251488, 5024.7, 257534, 46.0763, 3.97923e+06
0.251526, 5023.81, 257490, 46.0763, 3.97919e+06
0.251564, 5022.91, 257445, 46.0763, 3.97912e+06
0.251602, 5022.02, 257401, 46.0763, 3.97904e+06
0.25164, 5021.12, 257356, 46.0763, 3.97895e+06
0.251678, 5020.23, 257312, 46.0763, 3.97886e+06
0.251716, 5019.34, 257268, 46.0763, 3.97876e+06
0.251755, 5018.45, 257224, 46.0763, 3.97867e+06
0.251793, 5017.56, 257180, 46.0763, 3.97859e+06
0.251831, 5016.67, 257137, 46.0763, 3.97853e+06
0.251869, 5015.78, 257093, 46.0763, 3.97848e+06
0.251907, 5014.89, 257049, 46.0763, 3.97846e+06
0.251945, 5014, 257006, 46.0763, 3.97845e+06
0.251983, 5013.11, 256963, 46.0763, 3.97847e+06
0.252021, 5012.23, 256919, 46.0763, 3.9785e+06
0.252059, 5011.34, 256876, 46.0763, 3.97854e+06
0.252097, 5010.45, 256833, 46.0763, 3.9786e+06
0.252135, 5009.57, 256790, 46.0763, 3.97865e+06
0.252173, 5008.69, 256748, 46.0763, 3.97871e+06
0.252211, 5007.8, 256705, 46.0763, 3.97876e+06
0.252249, 5006.92, 256663, 46.0763, 3.97881e+06
0.252287, 5006.04, 256621, 46.0763, 3.97885e+06
0.252325, 5005.16, 256579, 46.0763, 3.97888e+06
0.252363, 5004.28, 256537, 46.0763, 3.9789e+06
0.252401, 5003.4, 256496, 46.0763, 3.97891e+06
0.252439, 5002.52, 256455, 46.0763, 3.97891e+06
0.252477, 5001.64, 256414, 46.0763, 3.9789e+06
0.252515, 5000.77, 256373, 46.0763, 3.97888e+06
0.252554, 4999.89, 256333, 46.0763, 3.97886e+06
0.252592, 4999.02, 256292, 46.0763, 3.97882e+06
0.25263, 4998.14, 256252, 46.0763, 3.97878e+06
0.252668, 4997.27, 256213, 46.0763, 3.97874e+06
0.252706, 4996.4, 256173, 46.0763, 3.97869e+06
0.252744, 4995.52, 256134, 46.0763, 3.97865e+06
0.252782, 4994.65, 256095, 46.0763, 3.97861e+06
0.25282, 4993.78, 256056, 46.0763, 3.97858e+06
0.252858, 4992.91, 256017, 46.0763, 3.97856e+06
0.252896, 4992.04, 255979, 46.0763, 3.97855e+06
0.252934, 4991.18, 255941, 46.0763, 3.97855e+06
0.252972, 4990.31, 255904, 46.0763, 3.97857e+06
0.253011, 4989.44, 255867, 46.0763, 3.97858e+06
0.253049, 4988.58, 255830, 46.0763, 3.9786e+06
0.253087, 4987.71, 255794, 46.0763, 3.97861e+06
0.253125, 4986.84, 255758, 46.0763, 3.97862e+06
0.253163, 4985.98, 255722, 46.0763, 3.97862e+06
0.253201, 4985.12, 255687, 46.0763, 3.97861e+06
0.253239, 4984.25, 255651, 46.0763, 3.9786e+06
0.253277, 4983.39, 255617, 46.0763, 3.97858e+06
0.253315, 4982.53, 255582, 46.0763, 3.97855e+06
0.253353, 4981.66, 255548, 46.0763, 3.97854e+06
0.253391, 4980.8, 255514, 46.0763, 3.97852e+06
0.25343, 4979.94, 255480, 46.0763, 3.97851e+06
0.253468, 4979.08, 255447, 46.0763, 3.97851e+06
0.253506, 4978.22, 255414, 46.0763, 3.97852e+06
0.253544, 4977.36, 255381, 46.0763, 3.97853e+06
0.253582, 4976.5, 255349, 46.0763, 3.97854e+06
0.25362, 4975.64, 255317, 46.0763, 3.97855e+06
0.253658, 4974.78, 255285, 46.0763, 3.97857e+06
0.253696, 4973.92, 255254, 46.0763, 3.97858e+06
0.253735, 4973.07, 255222, 46.0763, 3.9786e+06
0.253773, 4972.21, 255191, 46.0763, 3.97861e+06
0.253811, 4971.35, 255160, 46.0763, 3.97862e+06
0.253849, 4970.49, 255130, 46.0763, 3.97862e+06
0.253887, 4969.64, 255100, 46.0763, 3.97862e+06
0.253925, 4968.78, 255069, 46.0763, 3.97862e+06
0.253963, 4967.92, 255039, 46.0763, 3.97862e+06
0.254001, 4967.06, 255009, 46.0763, 3.97861e+06
0.25404, 4966.21, 254980, 46.0763, 3.97861e+06
0.254078, 4965.35, 254950, 46.0763, 3.97861e+06
0.254116, 4964.49, 254921, 46.0763, 3.97861e+06
0.254154, 4963.64, 254892, 46.0763, 3.97862e+06
0.254192, 4962.78, 254863, 46.0763, 3.97864e+06
0.25423, 4961.92, 254834, 46.0763, 3.97865e+06
0.254268, 4961.07, 254805, 46.0763, 3.97867e+06
0.254307, 4960.21, 254776, 46.0763, 3.97869e+06
0.254345, 4959.35, 254748, 46.0763, 3.9787e+06
0.254383, 4958.5, 254719, 46.0763, 3.97871e+06
0.254421, 4957.64, 254691, 46.0763, 3.97872e+06
0.254459, 4956.79, 254663, 46.0763, 3.97872e+06
0.254497, 4955.93, 254635, 46.0763, 3.97872e+06
0.254535, 4955.08, 254608, 46.0763, 3.97871e+06
0.254574, 4954.22, 254580, 46.0763, 3.97871e+06
0.254612, 4953.37, 254553, 46.0763, 3.97871e+06
0.25465, 4952.51, 254525, 46.0763, 3.97872e+06
0.254688, 4951.66, 254498, 46.0763, 3.97873e+06
0.254726, 4950.81, 254471, 46.0763, 3.97876e+06
0.254764, 4949.96, 254444, 46.0763, 3.97879e+06
0.254803, 4949.1, 254418, 46.0763, 3.97882e+06
0.254841, 4948.25, 254391, 46.0763, 3.97886e+06
0.254879, 4947.4, 254365, 46.0763, 3.97888e+06
0.254917, 4946.55, 254339, 46.0763, 3.9789e+06
0.254955, 4945.7, 254313, 46.0763, 3.97891e+06
0.254994, 4944.85, 254287, 46.0763, 3.97891e+06
0.255032, 4944, 254262, 46.0763, 3.97889e+06
0.25507, 4943.15, 254237, 46.0763, 3.97887e+06
0.255108, 4942.3, 254212, 46.0763, 3.97885e+06
0.255146, 4941.45, 254187, 46.0763, 3.97884e+06
0.255184, 4940.6, 254163, 46.0763, 3.97883e+06
0.255223, 4939.75, 254138, 46.0763, 3.97883e+06
0.255261, 4938.9, 254114, 46.0763, 3.97885e+06
0.255299, 4938.06, 254090, 46.0763, 3.97888e+06
0.255337, 4937.21, 254067, 46.0763, 3.97892e+06
0.255375, 4936.36, 254043, 46.0763, 3.97897e+06
0.255414, 4935.51, 254020, 46.0763, 3.97902e+06
0.255452, 4934.67, 253997, 46.0763, 3.97905e+06
0.25549, 4933.82, 253974, 46.0763, 3.97907e+06
0.255528, 4932.97, 253951, 46.0763, 3.97907e+06
0.255567, 4932.13, 253928, 46.0763, 3.97904e+06
0.255605, 4931.28, 253906, 46.0763, 3.979e+06
0.255643, 4930.43, 253884, 46.0763, 3.97894e+06
0.255681, 4929.59, 253862, 46.0763, 3.97886e+06
0.255719, 4928.74, 253840, 46.0763, 3.97879e+06
0.255758, 4927.9, 253818, 46.0763, 3.97872e+06
0.255796, 4927.05, 253797, 46.0763, 3.97866e+06
0.255834, 4926.21, 253776, 46.0763, 3.97861e+06
0.255872, 4925.36, 253755, 46.0763, 3.97858e+06
0.255911, 4924.52, 253734, 46.0763, 3.97856e+06
0.255949, 4923.67, 253713, 46.0763, 3.97856e+06
0.255987, 4922.83, 253693, 46.0763, 3.97857e+06
0.256025, 4921.98, 253672, 46.0763, 3.97858e+06
0.256064, 4921.14, 253652, 46.0763, 3.97859e+06
0.256102, 4920.29, 253632, 46.0763, 3.97859e+06
0.25614, 4919.45, 253612, 46.0763, 3.97859e+06
0.256178, 4918.61, 253592, 46.0763, 3.97857e+06
0.256217, 4917.76, 253572, 46.0763, 3.97855e+06
0.256255, 4916.92, 253553, 46.0763, 3.97852e+06
0.256293, 4916.08, 253533, 46.0763, 3.97849e+06
0.256331, 4915.24, 253514, 46.0763, 3.97846e+06
0.25637, 4914.4, 253495, 46.0763, 3.97843e+06
0.256408, 4913.55, 253476, 46.0763, 3.9784e+06
0.256446, 4912.71, 253457, 46.0763, 3.97839e+06
0.256484, 4911.87, 253438, 46.0763, 3.97837e+06
0.256523, 4911.03, 253420, 46.0763, 3.97837e+06
0.256561, 4910.19, 253401, 46.0763, 3.97836e+06
0.256599, 4909.35, 253383, 46.0763, 3.97835e+06
0.256637, 4908.51, 253365, 46.0763, 3.97834e+06
0.256676, 4907.67, 253347, 46.0763, 3.97833e+06
0.256714, 4906.83, 253329, 46.0763, 3.97831e+06
0.256752, 4905.99, 253311, 46.0763, 3.97829e+06
0.256791, 4905.15, 253294, 46.0763, 3.97828e+06
0.256829, 4904.31, 253276, 46.0763, 3.97826e+06
0.256867, 4903.47, 253258, 46.0763, 3.97825e+06
0.256905, 4902.63, 253241, 46.0763, 3.97826e+06
0.256944, 4901.8, 253224, 46.0763, 3.97827e+06
0.256982, 4900.96, 253206, 46.0763, 3.9783e+06
0.25702, 4900.12, 253189, 46.0763, 3.97835e+06
0.257059, 4899.29, 253172, 46.0763, 3.9784e+06
0.257097, 4898.45, 253156, 46.0763, 3.97845e+06
0.257135, 4897.61, 253139, 46.0763, 3.9785e+06
0.257173, 4896.77, 253123, 46.0763, 3.97854e+06
0.257212, 4895.94, 253106, 46.0763, 3.97857e+06
0.25725, 4895.1, 253090, 46.0763, 3.97858e+06
0.257288, 4894.27, 253074, 46.0763, 3.97857e+06
0.257327, 4893.43, 253059, 46.0763, 3.97855e+06
0.257365, 4892.59, 253043, 46.0763, 3.97852e+06
0.257403, 4891.76, 253028, 46.0763, 3.97848e+06
0.257442, 4890.92, 253012, 46.0763, 3.97844e+06
0.25748, 4890.09, 252997, 46.0763, 3.97841e+06
0.257518, 4889.25, 252982, 46.0763, 3.97839e+06
0.257557, 4888.42, 252968, 46.0763, 3.97838e+06
0.257595, 4887.58, 252953, 46.0763, 3.97839e+06
0.257633, 4886.75, 252938, 46.0763, 3.9784e+06
0.257672, 4885.91, 252924, 46.0763, 3.97842e+06
0.25771, 4885.08, 252909, 46.0763, 3.97843e+06
0.257748, 4884.24, 252895, 46.0763, 3.97844e+06
0.257787, 4883.41, 252881, 46.0763, 3.97843e+06
0.257825, 4882.58, 252867, 46.0763, 3.97841e+06
0.257863, 4881.74, 252853, 46.0763, 3.97838e+06
0.257902, 4880.91, 252839, 46.0763, 3.97834e+06
0.25794, 4880.08, 252825, 46.0763, 3.97829e+06
0.257978, 4879.24, 252812, 46.0763, 3.97824e+06
0.258017, 4878.41, 252798, 46.0763, 3.97819e+06
0.258055, 4877.58, 252784, 46.0763, 3.97815e+06
0.258093, 4876.74, 252771, 46.0763, 3.97811e+06
0.258132, 4875.91, 252757, 46.0763, 3.97809e+06
0.25817, 4875.08, 252744, 46.0763, 3.97807e+06
0.258208, 4874.25, 252731, 46.0763, 3.97807e+06
0.258247, 4873.42, 252717, 46.0763, 3.97807e+06
0.258285, 4872.59, 252704, 46.0763, 3.97808e+06
0.258324, 4871.75, 252691, 46.0763, 3.97809e+06
0.258362, 4870.92, 252678, 46.0763, 3.9781e+06
0.2584, 4870.09, 252666, 46.0763, 3.97811e+06
0.258439, 4869.26, 252653, 46.0763, 3.97813e+06
0.258477, 4868.43, 252641, 46.0763, 3.97815e+06
0.258515, 4867.6, 252628, 46.0763, 3.97819e+06
0.258554, 4866.77, 252616, 46.0763, 3.97823e+06
0.258592, 4865.95, 252604, 46.0763, 3.97828e+06
0.258631, 4865.12, 252592, 46.0763, 3.97834e+06
0.258669, 4864.29, 252580, 46.0763, 3.97841e+06
0.258707, 4863.46, 252569, 46.0763, 3.97848e+06
0.258746, 4862.63, 252557, 46.0763, 3.97854e+06
0.258784, 4861.8, 252546, 46.0763, 3.97859e+06
0.258823, 4860.97, 252535, 46.0763, 3.97862e+06
0.258861, 4860.14, 252523, 46.0763, 3.97863e+06
0.258899, 4859.31, 252513, 46.0763, 3.97862e+06
0.258938, 4858.49, 252502, 46.0763, 3.97858e+06
0.258976, 4857.66, 252491, 46.0763, 3.97853e+06
0.259015, 4856.83, 252481, 46.0763, 3.97846e+06
0.259053, 4856, 252470, 46.0763, 3.97839e+06
0.259091, 4855.17, 252460, 46.0763, 3.97833e+06
0.25913, 4854.34, 252450, 46.0763, 3.97827e+06
0.259168, 4853.51, 252440, 46.0763, 3.97823e+06
0.259207, 4852.68, 252431, 46.0763, 3.9782e+06
0.259245, 4851.85, 252421, 46.0763, 3.97819e+06
0.259284, 4851.02, 252412, 46.0763, 3.9782e+06
0.259322, 4850.19, 252402, 46.0763, 3.97823e+06
0.25936, 4849.36, 252393, 46.0763, 3.97826e+06
0.259399, 4848.53, 252384, 46.0763, 3.97829e+06
0.259437, 4847.7, 252375, 46.0763, 3.97831e+06
0.259476, 4846.87, 252367, 46.0763, 3.97833e+06
0.259514, 4846.04, 252358, 46.0763, 3.97833e+06
0.259553, 4845.21, 252350, 46.0763, 3.97832e+06
0.259591, 4844.38, 252341, 46.0763, 3.9783e+06
0.25963, 4843.55, 252333, 46.0763, 3.97826e+06
0.259668, 4842.72, 252325, 46.0763, 3.97822e+06
0.259706, 4841.89, 252318, 46.0763, 3.97818e+06
0.259745, 4841.06, 252310, 46.0763, 3.97813e+06
0.259783, 4840.23, 252303, 46.0763, 3.97808e+06
0.259822, 4839.4, 252296, 46.0763, 3.97803e+06
0.25986, 4838.57, 252290, 46.0763, 3.97798e+06
0.259899, 4837.74, 252284, 46.0763, 3.97794e+06
0.259937, 4836.91, 252277, 46.0763, 3.9779e+06
0.259976, 4836.07, 252272, 46.0763, 3.97787e+06
0.260014, 4835.24, 252266, 46.0763, 3.97785e+06
0.260053, 4834.41, 252260, 46.0763, 3.97784e+06
0.260091, 4833.58, 252255, 46.0763, 3.97785e+06
0.26013, 4832.74, 252250, 46.0763, 3.97788e+06
0.260168, 4831.91, 252244, 46.0763, 3.97792e+06
0.260207, 4831.08, 252239, 46.0763, 3.97798e+06
0.260245, 4830.25, 252234, 46.0763, 3.97804e+06
0.260284, 4829.41, 252230, 46.0763, 3.97811e+06
0.260322, 4828.58, 252225, 46.0763, 3.97819e+06
0.260361, 4827.74, 252220, 46.0763, 3.97825e+06
0.260399, 4826.91, 252216, 46.0763, 3.97831e+06
0.260438, 4826.07, 252212, 46.0763, 3.97834e+06
0.260476, 4825.24, 252207, 46.0763, 3.97836e+06
0.260515, 4824.4, 252203, 46.0763, 3.97836e+06
0.260553, 4823.57, 252199, 46.0763, 3.97835e+06
0.260592, 4822.73, 252195, 46.0763, 3.97831e+06
0.26063, 4821.89, 252191, 46.0763, 3.97827e+06
0.260669, 4821.05, 252187, 46.0763, 3.97823e+06
0.260707, 4820.22, 252183, 46.0763, 3.97819e+06
0.260746, 4819.38, 252179, 46.0763, 3.97815e+06
0.260784, 4818.54, 252176, 46.0763, 3.97813e+06
0.260823, 4817.7, 252172, 46.0763, 3.97813e+06
0.260861, 4816.86, 252169, 46.0763, 3.97814e+06
0.2609, 4816.02, 252165, 46.0763, 3.97815e+06
0.260938, 4815.18, 252162, 46.0763, 3.97818e+06
0.260977, 4814.34, 252159, 46.0763, 3.97821e+06
0.261016, 4813.5, 252155, 46.0763, 3.97823e+06
0.261054, 4812.66, 252152, 46.0763, 3.97824e+06
0.261093, 4811.81, 252149, 46.0763, 3.97824e+06
0.261131, 4810.97, 252146, 46.0763, 3.97822e+06
0.26117, 4810.13, 252143, 46.0763, 3.97819e+06
0.261208, 4809.29, 252140, 46.0763, 3.97815e+06
0.261247, 4808.44, 252137, 46.0763, 3.9781e+06
0.261285, 4807.6, 252135, 46.0763, 3.97805e+06
0.261324, 4806.76, 252132, 46.0763, 3.978e+06
0.261363, 4805.91, 252129, 46.0763, 3.97796e+06
0.261401, 4805.07, 252127, 46.0763, 3.97793e+06
0.26144, 4804.22, 252124, 46.0763, 3.97792e+06
0.261478, 4803.38, 252122, 46.0763, 3.97793e+06
0.261517, 4802.53, 252119, 46.0763, 3.97796e+06
0.261555, 4801.69, 252117, 46.0763, 3.978e+06
0.261594, 4800.84, 252115, 46.0763, 3.97806e+06
0.261633, 4799.99, 252113, 46.0763, 3.97813e+06
0.261671, 4799.15, 252110, 46.0763, 3.9782e+06
0.26171, 4798.3, 252108, 46.0763, 3.97827e+06
0.261748, 4797.45, 252106, 46.0763, 3.97834e+06
0.261787, 4796.61, 252104, 46.0763, 3.97839e+06
0.261826, 4795.76, 252102, 46.0763, 3.97843e+06
0.261864, 4794.91, 252100, 46.0763, 3.97845e+06
0.261903, 4794.06, 252098, 46.0763, 3.97845e+06
0.261941, 4793.22, 252096, 46.0763, 3.97844e+06
0.26198, 4792.37, 252094, 46.0763, 3.97841e+06
0.262019, 4791.52, 252092, 46.0763, 3.97838e+06
0.262057, 4790.67, 252090, 46.0763, 3.97834e+06
0.262096, 4789.82, 252087, 46.0763, 3.97831e+06
0.262134, 4788.97, 252085, 46.0763, 3.97827e+06
0.262173, 4788.13, 252084, 46.0763, 3.97824e+06
0.262212, 4787.28, 252082, 46.0763, 3.97822e+06
0.26225, 4786.43, 252080, 46.0763, 3.97819e+06
0.262289, 4785.58, 252078, 46.0763, 3.97817e+06
0.262328, 4784.73, 252076, 46.0763, 3.97815e+06
0.262366, 4783.88, 252074, 46.0763, 3.97812e+06
0.262405, 4783.03, 252072, 46.0763, 3.97808e+06
0.262443, 4782.18, 252070, 46.0763, 3.97804e+06
0.262482, 4781.33, 252068, 46.0763, 3.97799e+06
0.262521, 4780.48, 252066, 46.0763, 3.97793e+06
0.262559, 4779.63, 252064, 46.0763, 3.97787e+06
0.262598, 4778.78, 252062, 46.0763, 3.97781e+06
0.262637, 4777.93, 252061, 46.0763, 3.97776e+06
0.262675, 4777.08, 252059, 46.0763, 3.9777e+06
0.262714, 4776.22, 252057, 46.0763, 3.97766e+06
0.262753, 4775.37, 252055, 46.0763, 3.97763e+06
0.262791, 4774.52, 252053, 46.0763, 3.97761e+06
0.26283, 4773.67, 252051, 46.0763, 3.9776e+06
0.262869, 4772.82, 252049, 46.0763, 3.97759e+06
0.262907, 4771.97, 252047, 46.0763, 3.9776e+06
0.262946, 4771.12, 252045, 46.0763, 3.97761e+06
0.262985, 4770.27, 252043, 46.0763, 3.97764e+06
0.263023, 4769.42, 252041, 46.0763, 3.97767e+06
0.263062, 4768.57, 252039, 46.0763, 3.9777e+06
0.263101, 4767.72, 252037, 46.0763, 3.97775e+06
0.263139, 4766.87, 252035, 46.0763, 3.97779e+06
0.263178, 4766.01, 252033, 46.0763, 3.97784e+06
0.263217, 4765.16, 252032, 46.0763, 3.97788e+06
0.263256, 4764.31, 252030, 46.0763, 3.97793e+06
0.263294, 4763.46, 252029, 46.0763, 3.97796e+06
0.263333, 4762.61, 252027, 46.0763, 3.97798e+06
0.263372, 4761.76, 252026, 46.0763, 3.97799e+06
0.26341, 4760.91, 252024, 46.0763, 3.97799e+06
0.263449, 4760.06, 252023, 46.0763, 3.97797e+06
0.263488, 4759.21, 252021, 46.0763, 3.97794e+06
0.263526, 4758.36, 252020, 46.0763, 3.97789e+06
0.263565, 4757.51, 252019, 46.0763, 3.97783e+06
0.263604, 4756.66, 252018, 46.0763, 3.97775e+06
0.263643, 4755.81, 252017, 46.0763, 3.97768e+06
0.263681, 4754.96, 252016, 46.0763, 3.9776e+06
0.26372, 4754.11, 252015, 46.0763, 3.97753e+06
0.263759, 4753.26, 252014, 46.0763, 3.97747e+06
0.263797, 4752.41, 252013, 46.0763, 3.97742e+06
0.263836, 4751.56, 252012, 46.0763, 3.97739e+06
0.263875, 4750.71, 252011, 46.0763, 3.97738e+06
0.263914, 4749.87, 252010, 46.0763, 3.97738e+06
0.263952, 4749.02, 252009, 46.0763, 3.9774e+06
0.263991, 4748.17, 252008, 46.0763, 3.97744e+06
0.26403, 4747.32, 252008, 46.0763, 3.97748e+06
0.264069, 4746.47, 252007, 46.0763, 3.97752e+06
0.264107, 4745.62, 252006, 46.0763, 3.97757e+06
0.264146, 4744.77, 252006, 46.0763, 3.97761e+06
0.264185, 4743.93, 252005, 46.0763, 3.97765e+06
0.264224, 4743.08, 252004, 46.0763, 3.97768e+06
0.264262, 4742.23, 252004, 46.0763, 3.97771e+06
0.264301, 4741.38, 252003, 46.0763, 3.97773e+06
0.26434, 4740.53, 252003, 46.0763, 3.97776e+06
0.264379, 4739.69, 252003, 46.0763, 3.97777e+06
0.264417, 4738.84, 252003, 46.0763, 3.97779e+06
0.264456, 4737.99, 252003, 46.0763, 3.9778e+06
0.264495, 4737.14, 252003, 46.0763, 3.9778e+06
0.264534, 4736.29, 252003, 46.0763, 3.9778e+06
0.264572, 4735.44, 252004, 46.0763, 3.97779e+06
0.264611, 4734.6, 252005, 46.0763, 3.97777e+06
0.26465, 4733.75, 252005, 46.0763, 3.97775e+06
0.264689, 4732.9, 252006, 46.0763, 3.97772e+06
0.264728, 4732.05, 252007, 46.0763, 3.9777e+06
0.264766, 4731.2, 252009, 46.0763, 3.97768e+06
0.264805, 4730.35, 252010, 46.0763, 3.97766e+06
0.264844, 4729.5, 252012, 46.0763, 3.97766e+06
0.264883, 4728.64, 252013, 46.0763, 3.97768e+06
0.264921, 4727.79, 252015, 46.0763, 3.9777e+06
0.26496, 4726.94, 252017, 46.0763, 3.97773e+06
0.264999, 4726.09, 252020, 46.0763, 3.97776e+06
0.265038, 4725.24, 252022, 46.0763, 3.97778e+06
0.265077, 4724.38, 252025, 46.0763, 3.97779e+06
0.265115, 4723.53, 252027, 46.0763, 3.97779e+06
0.265154, 4722.68, 252030, 46.0763, 3.97776e+06
0.265193, 4721.82, 252033, 46.0763, 3.97772e+06
0.265232, 4720.97, 252036, 46.0763, 3.97767e+06
0.265271, 4720.12, 252038, 46.0763, 3.97761e+06
0.26531, 4719.26, 252041, 46.0763, 3.97756e+06
0.265348, 4718.41, 252045, 46.0763, 3.97752e+06
0.265387, 4717.56, 252048, 46.0763, 3.9775e+06
0.265426, 4716.7, 252051, 46.0763, 3.9775e+06
0.265465, 4715.85, 252054, 46.0763, 3.97752e+06
0.265504, 4715, 252058, 46.0763, 3.97757e+06
0.265542, 4714.14, 252062, 46.0763, 3.97763e+06
0.265581, 4713.29, 252065, 46.0763, 3.97771e+06
0.26562, 4712.44, 252069, 46.0763, 3.9778e+06
0.265659, 4711.58, 252073, 46.0763, 3.97788e+06
0.265698, 4710.73, 252077, 46.0763, 3.97796e+06
0.265737, 4709.87, 252082, 46.0763, 3.97802e+06
0.265775, 4709.02, 252086, 46.0763, 3.97808e+06
0.265814, 4708.17, 252090, 46.0763, 3.97811e+06
0.265853, 4707.31, 252095, 46.0763, 3.97814e+06
0.265892, 4706.46, 252099, 46.0763, 3.97814e+06
0.265931, 4705.6, 252104, 46.0763, 3.97814e+06
0.265969, 4704.75, 252108, 46.0763, 3.97812e+06
0.266008, 4703.89, 252113, 46.0763, 3.97809e+06
0.266047, 4703.03, 252118, 46.0763, 3.97806e+06
0.266086, 4702.18, 252123, 46.0763, 3.97802e+06
0.266125, 4701.32, 252129, 46.0763, 3.97797e+06
0.266164, 4700.46, 252134, 46.0763, 3.97792e+06
0.266202, 4699.61, 252139, 46.0763, 3.97786e+06
0.266241, 4698.75, 252145, 46.0763, 3.97781e+06
0.26628, 4697.89, 252150, 46.0763, 3.97775e+06
0.266319, 4697.03, 252156, 46.0763, 3.9777e+06
0.266358, 4696.17, 252162, 46.0763, 3.97766e+06
0.266397, 4695.31, 252168, 46.0763, 3.97762e+06
0.266435, 4694.45, 252173, 46.0763, 3.9776e+06
0.266474, 4693.59, 252179, 46.0763, 3.97758e+06
0.266513, 4692.73, 252185, 46.0763, 3.97759e+06
0.266552, 4691.87, 252191, 46.0763, 3.97761e+06
0.266591, 4691.01, 252197, 46.0763, 3.97764e+06
0.26663, 4690.15, 252203, 46.0763, 3.97768e+06
0.266668, 4689.29, 252209, 46.0763, 3.97772e+06
0.266707, 4688.43, 252215, 46.0763, 3.97776e+06
0.266746, 4687.57, 252221, 46.0763, 3.97779e+06
0.266785, 4686.71, 252227, 46.0763, 3.97781e+06
0.266824, 4685.85, 252234, 46.0763, 3.97781e+06
0.266863, 4684.99, 252240, 46.0763, 3.97779e+06
0.266902, 4684.13, 252247, 46.0763, 3.97775e+06
0.26694, 4683.26, 252253, 46.0763, 3.97769e+06
0.266979, 4682.4, 252260, 46.0763, 3.97762e+06
0.267018, 4681.54, 252267, 46.0763, 3.97755e+06
0.267057, 4680.68, 252274, 46.0763, 3.97747e+06
0.267096, 4679.82, 252281, 46.0763, 3.9774e+06
0.267135, 4678.95, 252288, 46.0763, 3.97734e+06
0.267174, 4678.09, 252296, 46.0763, 3.9773e+06
0.267212, 4677.23, 252303, 46.0763, 3.97727e+06
0.267251, 4676.37, 252311, 46.0763, 3.97726e+06
0.26729, 4675.51, 252319, 46.0763, 3.97727e+06
0.267329, 4674.64, 252327, 46.0763, 3.9773e+06
0.267368, 4673.78, 252335, 46.0763, 3.97733e+06
0.267407, 4672.92, 252343, 46.0763, 3.97738e+06
0.267446, 4672.05, 252351, 46.0763, 3.97743e+06
0.267484, 4671.19, 252359, 46.0763, 3.97748e+06
0.267523, 4670.33, 252368, 46.0763, 3.97753e+06
0.267562, 4669.46, 252376, 46.0763, 3.97757e+06
0.267601, 4668.6, 252385, 46.0763, 3.9776e+06
0.26764, 4667.74, 252393, 46.0763, 3.97762e+06
0.267679, 4666.87, 252402, 46.0763, 3.97762e+06
0.267718, 4666.01, 252410, 46.0763, 3.97762e+06
0.267756, 4665.14, 252419, 46.0763, 3.9776e+06
0.267795, 4664.28, 252427, 46.0763, 3.97758e+06
0.267834, 4663.41, 252436, 46.0763, 3.97756e+06
0.267873, 4662.55, 252445, 46.0763, 3.97753e+06
0.267912, 4661.68, 252454, 46.0763, 3.97749e+06
0.267951, 4660.82, 252462, 46.0763, 3.97746e+06
0.26799, 4659.96, 252471, 46.0763, 3.97742e+06
0.268028, 4659.09, 252480, 46.0763, 3.97737e+06
0.268067, 4658.23, 252489, 46.0763, 3.97733e+06
0.268106, 4657.36, 252498, 46.0763, 3.97728e+06
0.268145, 4656.5, 252507, 46.0763, 3.97722e+06
0.268184, 4655.63, 252517, 46.0763, 3.97717e+06
0.268223, 4654.77, 252526, 46.0763, 3.97711e+06
0.268262, 4653.9, 252535, 46.0763, 3.97706e+06
0.268301, 4653.04, 252545, 46.0763, 3.97702e+06
0.268339, 4652.17, 252554, 46.0763, 3.97699e+06
0.268378, 4651.31, 252564, 46.0763, 3.97698e+06
0.268417, 4650.44, 252574, 46.0763, 3.97698e+06
0.268456, 4649.58, 252583, 46.0763, 3.977e+06
0.268495, 4648.71, 252593, 46.0763, 3.97704e+06
0.268534, 4647.85, 252603, 46.0763, 3.97709e+06
0.268573, 4646.98, 252613, 46.0763, 3.97716e+06
0.268612, 4646.12, 252624, 46.0763, 3.97723e+06
0.268651, 4645.25, 252634, 46.0763, 3.97731e+06
0.268689, 4644.38, 252644, 46.0763, 3.97738e+06
0.268728, 4643.52, 252655, 46.0763, 3.97745e+06
0.268767, 4642.65, 252665, 46.0763, 3.97751e+06
0.268806, 4641.79, 252676, 46.0763, 3.97755e+06
0.268845, 4640.92, 252687, 46.0763, 3.97758e+06
0.268884, 4640.05, 252697, 46.0763, 3.97759e+06
0.268923, 4639.19, 252708, 46.0763, 3.97759e+06
0.268962, 4638.32, 252719, 46.0763, 3.97757e+06
0.269, 4637.45, 252730, 46.0763, 3.97755e+06
0.269039, 4636.59, 252741, 46.0763, 3.97752e+06
0.269078, 4635.72, 252753, 46.0763, 3.97749e+06
0.269117, 4634.85, 252764, 46.0763, 3.97745e+06
0.269156, 4633.98, 252776, 46.0763, 3.97742e+06
0.269195, 4633.12, 252787, 46.0763, 3.97739e+06
0.269234, 4632.25, 252799, 46.0763, 3.97737e+06
0.269273, 4631.38, 252811, 46.0763, 3.97735e+06
0.269312, 4630.51, 252823, 46.0763, 3.97733e+06
0.269351, 4629.65, 252835, 46.0763, 3.97732e+06
0.269389, 4628.78, 252848, 46.0763, 3.9773e+06
0.269428, 4627.91, 252860, 46.0763, 3.97729e+06
0.269467, 4627.04, 252873, 46.0763, 3.97727e+06
0.269506, 4626.17, 252886, 46.0763, 3.97725e+06
0.269545, 4625.3, 252899, 46.0763, 3.97721e+06
0.269584, 4624.44, 252912, 46.0763, 3.97717e+06
0.269623, 4623.57, 252925, 46.0763, 3.97713e+06
0.269662, 4622.7, 252939, 46.0763, 3.97707e+06
0.269701, 4621.83, 252952, 46.0763, 3.97701e+06
0.269739, 4620.96, 252966, 46.0763, 3.97696e+06
0.269778, 4620.09, 252980, 46.0763, 3.97691e+06
0.269817, 4619.22, 252994, 46.0763, 3.97687e+06
0.269856, 4618.35, 253008, 46.0763, 3.97684e+06
0.269895, 4617.48, 253022, 46.0763, 3.97684e+06
0.269934, 4616.61, 253036, 46.0763, 3.97687e+06
0.269973, 4615.74, 253051, 46.0763, 3.97691e+06
0.270012, 4614.87, 253065, 46.0763, 3.97698e+06
0.270051, 4613.99, 253080, 46.0763, 3.97707e+06
0.27009, 4613.12, 253095, 46.0763, 3.97716e+06
0.270129, 4612.25, 253110, 46.0763, 3.97726e+06
0.270167, 4611.38, 253125, 46.0763, 3.97735e+06
0.270206, 4610.51, 253140, 46.0763, 3.97743e+06
0.270245, 4609.63, 253155, 46.0763, 3.97749e+06
0.270284, 4608.76, 253170, 46.0763, 3.97754e+06
0.270323, 4607.89, 253185, 46.0763, 3.97758e+06
0.270362, 4607.02, 253200, 46.0763, 3.9776e+06
0.270401, 4606.14, 253215, 46.0763, 3.97761e+06
0.27044, 4605.27, 253231, 46.0763, 3.97761e+06
0.270479, 4604.4, 253246, 46.0763, 3.9776e+06
0.270518, 4603.52, 253262, 46.0763, 3.97759e+06
0.270557, 4602.65, 253278, 46.0763, 3.97758e+06
0.270595, 4601.77, 253294, 46.0763, 3.97756e+06
0.270634, 4600.9, 253310, 46.0763, 3.97753e+06
0.270673, 4600.02, 253326, 46.0763, 3.97749e+06
0.270712, 4599.15, 253342, 46.0763, 3.97744e+06
0.270751, 4598.27, 253358, 46.0763, 3.97738e+06
0.27079, 4597.4, 253375, 46.0763, 3.9773e+06
0.270829, 4596.52, 253391, 46.0763, 3.97723e+06
0.270868, 4595.65, 253407, 46.0763, 3.97715e+06
0.270907, 4594.77, 253424, 46.0763, 3.97708e+06
0.270946, 4593.9, 253440, 46.0763, 3.97702e+06
0.270985, 4593.02, 253457, 46.0763, 3.97697e+06
0.271024, 4592.15, 253473, 46.0763, 3.97694e+06
0.271062, 4591.27, 253490, 46.0763, 3.97693e+06
0.271101, 4590.39, 253506, 46.0763, 3.97693e+06
0.27114, 4589.52, 253523, 46.0763, 3.97695e+06
0.271179, 4588.64, 253540, 46.0763, 3.97697e+06
0.271218, 4587.76, 253557, 46.0763, 3.977e+06
0.271257, 4586.89, 253574, 46.0763, 3.97702e+06
0.271296, 4586.01, 253590, 46.0763, 3.97705e+06
0.271335, 4585.13, 253608, 46.0763, 3.97707e+06
0.271374, 4584.25, 253625, 46.0763, 3.97708e+06
0.271413, 4583.37, 253642, 46.0763, 3.97708e+06
0.271452, 4582.49, 253659, 46.0763, 3.97708e+06
0.271491, 4581.61, 253676, 46.0763, 3.97708e+06
0.27153, 4580.73, 253693, 46.0763, 3.97709e+06
0.271569, 4579.85, 253711, 46.0763, 3.9771e+06
0.271607, 4578.97, 253728, 46.0763, 3.97711e+06
0.271646, 4578.09, 253745, 46.0763, 3.97713e+06
0.271685, 4577.21, 253763, 46.0763, 3.97716e+06
0.271724, 4576.33, 253780, 46.0763, 3.9772e+06
0.271763, 4575.45, 253798, 46.0763, 3.97724e+06
0.271802, 4574.57, 253816, 46.0763, 3.97727e+06
0.271841, 4573.68, 253833, 46.0763, 3.9773e+06
0.27188, 4572.8, 253851, 46.0763, 3.97733e+06
0.271919, 4571.92, 253868, 46.0763, 3.97733e+06
0.271958, 4571.03, 253886, 46.0763, 3.97733e+06
0.271997, 4570.15, 253904, 46.0763, 3.9773e+06
0.272036, 4569.27, 253922, 46.0763, 3.97726e+06
0.272075, 4568.38, 253939, 46.0763, 3.97721e+06
0.272114, 4567.5, 253957, 46.0763, 3.97714e+06
0.272153, 4566.61, 253975, 46.0763, 3.97707e+06
0.272192, 4565.73, 253993, 46.0763, 3.97699e+06
0.27223, 4564.84, 254010, 46.0763, 3.97691e+06
0.272269, 4563.96, 254028, 46.0763, 3.97684e+06
0.272308, 4563.07, 254046, 46.0763, 3.97677e+06
0.272347, 4562.18, 254064, 46.0763, 3.97672e+06
0.272386, 4561.3, 254081, 46.0763, 3.97667e+06
0.272425, 4560.41, 254099, 46.0763, 3.97664e+06
0.272464, 4559.52, 254117, 46.0763, 3.97661e+06
0.272503, 4558.64, 254134, 46.0763, 3.97659e+06
0.272542, 4557.75, 254152, 46.0763, 3.97657e+06
0.272581, 4556.86, 254170, 46.0763, 3.97657e+06
0.27262, 4555.97, 254188, 46.0763, 3.97658e+06
0.272659, 4555.09, 254206, 46.0763, 3.9766e+06
0.272698, 4554.2, 254224, 46.0763, 3.97664e+06
0.272737, 4553.31, 254242, 46.0763, 3.9767e+06
0.272776, 4552.42, 254260, 46.0763, 3.97678e+06
0.272815, 4551.53, 254278, 46.0763, 3.97687e+06
0.272854, 4550.64, 254296, 46.0763, 3.97698e+06
0.272893, 4549.74, 254314, 46.0763, 3.9771e+06
0.272932, 4548.85, 254332, 46.0763, 3.97721e+06
0.272971, 4547.96, 254350, 46.0763, 3.97732e+06
0.273009, 4547.07, 254368, 46.0763, 3.97741e+06
0.273048, 4546.18, 254386, 46.0763, 3.97747e+06
0.273087, 4545.28, 254404, 46.0763, 3.9775e+06
0.273126, 4544.39, 254422, 46.0763, 3.97751e+06
0.273165, 4543.49, 254440, 46.0763, 3.97749e+06
0.273204, 4542.6, 254457, 46.0763, 3.97745e+06
0.273243, 4541.71, 254475, 46.0763, 3.97739e+06
0.273282, 4540.81, 254493, 46.0763, 3.97731e+06
0.273321, 4539.92, 254510, 46.0763, 3.97723e+06
0.27336, 4539.02, 254528, 46.0763, 3.97714e+06
0.273399, 4538.13, 254545, 46.0763, 3.97706e+06
0.273438, 4537.23, 254562, 46.0763, 3.97699e+06
0.273477, 4536.34, 254580, 46.0763, 3.97692e+06
0.273516, 4535.44, 254597, 46.0763, 3.97686e+06
0.273555, 4534.54, 254615, 46.0763, 3.97681e+06
0.273594, 4533.65, 254632, 46.0763, 3.97677e+06
0.273633, 4532.75, 254650, 46.0763, 3.97674e+06
0.273672, 4531.86, 254667, 46.0763, 3.97671e+06
0.273711, 4530.96, 254684, 46.0763, 3.97669e+06
0.27375, 4530.06, 254701, 46.0763, 3.97668e+06
0.273789, 4529.17, 254719, 46.0763, 3.97668e+06
0.273828, 4528.27, 254736, 46.0763, 3.97669e+06
0.273867, 4527.37, 254753, 46.0763, 3.9767e+06
0.273906, 4526.48, 254770, 46.0763, 3.97672e+06
0.273945, 4525.58, 254788, 46.0763, 3.97675e+06
0.273984, 4524.68, 254805, 46.0763, 3.97678e+06
0.274023, 4523.78, 254822, 46.0763, 3.97683e+06
0.274062, 4522.89, 254839, 46.0763, 3.97687e+06
0.2741, 4521.99, 254856, 46.0763, 3.97692e+06
0.274139, 4521.09, 254873, 46.0763, 3.97697e+06
0.274178, 4520.19, 254890, 46.0763, 3.97702e+06
0.274217, 4519.29, 254907, 46.0763, 3.97706e+06
0.274256, 4518.39, 254924, 46.0763, 3.9771e+06
0.274295, 4517.49, 254941, 46.0763, 3.97713e+06
0.274334, 4516.59, 254958, 46.0763, 3.97716e+06
0.274373, 4515.69, 254975, 46.0763, 3.97717e+06
0.274412, 4514.79, 254993, 46.0763, 3.97717e+06
0.274451, 4513.89, 255010, 46.0763, 3.97717e+06
0.27449, 4512.99, 255027, 46.0763, 3.97715e+06
0.274529, 4512.08, 255045, 46.0763, 3.97713e+06
0.274568, 4511.18, 255062, 46.0763, 3.97711e+06
0.274607, 4510.28, 255080, 46.0763, 3.97708e+06
0.274646, 4509.37, 255097, 46.0763, 3.97705e+06
0.274685, 4508.47, 255114, 46.0763, 3.97703e+06
0.274724, 4507.56, 255131, 46.0763, 3.97701e+06
0.274763, 4506.66, 255148, 46.0763, 3.97699e+06
0.274802, 4505.75, 255164, 46.0763, 3.97698e+06
0.274841, 4504.84, 255181, 46.0763, 3.97697e+06
0.27488, 4503.93, 255198, 46.0763, 3.97695e+06
0.274919, 4503.03, 255214, 46.0763, 3.97693e+06
0.274958, 4502.12, 255231, 46.0763, 3.9769e+06
0.274997, 4501.21, 255247, 46.0763, 3.97687e+06
0.275036, 4500.3, 255264, 46.0763, 3.97683e+06
0.275075, 4499.39, 255280, 46.0763, 3.9768e+06
0.275114, 4498.48, 255297, 46.0763, 3.97676e+06
0.275153, 4497.57, 255313, 46.0763, 3.97672e+06
0.275192, 4496.66, 255329, 46.0763, 3.97669e+06
0.275231, 4495.75, 255346, 46.0763, 3.97667e+06
0.27527, 4494.84, 255362, 46.0763, 3.97665e+06
0.275309, 4493.93, 255378, 46.0763, 3.97663e+06
0.275348, 4493.02, 255394, 46.0763, 3.97662e+06
0.275387, 4492.1, 255410, 46.0763, 3.97662e+06
0.275426, 4491.19, 255426, 46.0763, 3.97663e+06
0.275465, 4490.28, 255441, 46.0763, 3.97663e+06
0.275504, 4489.37, 255457, 46.0763, 3.97664e+06
0.275543, 4488.45, 255473, 46.0763, 3.97665e+06
0.275582, 4487.54, 255488, 46.0763, 3.97666e+06
0.275621, 4486.62, 255504, 46.0763, 3.97667e+06
0.27566, 4485.71, 255519, 46.0763, 3.97668e+06
0.275698, 4484.8, 255534, 46.0763, 3.97668e+06
0.275737, 4483.88, 255549, 46.0763, 3.97668e+06
0.275776, 4482.97, 255564, 46.0763, 3.97667e+06
0.275815, 4482.05, 255579, 46.0763, 3.97666e+06
0.275854, 4481.13, 255595, 46.0763, 3.97664e+06
0.275893, 4480.22, 255609, 46.0763, 3.97663e+06
0.275932, 4479.3, 255624, 46.0763, 3.97661e+06
0.275971, 4478.38, 255639, 46.0763, 3.97659e+06
0.27601, 4477.47, 255653, 46.0763, 3.97657e+06
0.276049, 4476.55, 255668, 46.0763, 3.97656e+06
0.276088, 4475.63, 255682, 46.0763, 3.97656e+06
0.276127, 4474.71, 255696, 46.0763, 3.97656e+06
0.276166, 4473.79, 255710, 46.0763, 3.97657e+06
0.276205, 4472.88, 255724, 46.0763, 3.97659e+06
0.276244, 4471.96, 255738, 46.0763, 3.97661e+06
0.276283, 4471.04, 255751, 46.0763, 3.97664e+06
0.276322, 4470.12, 255765, 46.0763, 3.97669e+06
0.276361, 4469.2, 255778, 46.0763, 3.97674e+06
0.2764, 4468.28, 255792, 46.0763, 3.97681e+06
0.276439, 4467.36, 255805, 46.0763, 3.97688e+06
0.276478, 4466.44, 255818, 46.0763, 3.97695e+06
0.276517, 4465.51, 255831, 46.0763, 3.97702e+06
0.276556, 4464.59, 255844, 46.0763, 3.97708e+06
0.276595, 4463.67, 255857, 46.0763, 3.97712e+06
0.276633, 4462.75, 255869, 46.0763, 3.97713e+06
0.276672, 4461.83, 255882, 46.0763, 3.97712e+06
0.276711, 4460.9, 255894, 46.0763, 3.97708e+06
0.27675, 4459.98, 255906, 46.0763, 3.97701e+06
0.276789, 4459.06, 255918, 46.0763, 3.97692e+06
0.276828, 4458.13, 255930, 46.0763, 3.97682e+06
0.276867, 4457.21, 255942, 46.0763, 3.97672e+06
0.276906, 4456.28, 255954, 46.0763, 3.97663e+06
0.276945, 4455.36, 255965, 46.0763, 3.97656e+06
0.276984, 4454.43, 255977, 46.0763, 3.97651e+06
0.277023, 4453.5, 255988, 46.0763, 3.97649e+06
0.277062, 4452.58, 256000, 46.0763, 3.9765e+06
0.277101, 4451.65, 256011, 46.0763, 3.97653e+06
0.277139, 4450.72, 256022, 46.0763, 3.97658e+06
0.277178, 4449.79, 256033, 46.0763, 3.97664e+06
0.277217, 4448.87, 256043, 46.0763, 3.97671e+06
0.277256, 4447.94, 256054, 46.0763, 3.97678e+06
0.277295, 4447.01, 256064, 46.0763, 3.97684e+06
0.277334, 4446.08, 256075, 46.0763, 3.97689e+06
0.277373, 4445.15, 256085, 46.0763, 3.97693e+06
0.277412, 4444.22, 256095, 46.0763, 3.97695e+06
0.277451, 4443.28, 256106, 46.0763, 3.97695e+06
0.27749, 4442.35, 256116, 46.0763, 3.97694e+06
0.277529, 4441.42, 256125, 46.0763, 3.97692e+06
0.277567, 4440.49, 256135, 46.0763, 3.9769e+06
0.277606, 4439.55, 256145, 46.0763, 3.97687e+06
0.277645, 4438.62, 256155, 46.0763, 3.97684e+06
0.277684, 4437.68, 256164, 46.0763, 3.97681e+06
0.277723, 4436.75, 256173, 46.0763, 3.97678e+06
0.277762, 4435.81, 256182, 46.0763, 3.97674e+06
0.277801, 4434.88, 256191, 46.0763, 3.9767e+06
0.27784, 4433.94, 256200, 46.0763, 3.97666e+06
0.277879, 4433.01, 256209, 46.0763, 3.97661e+06
0.277917, 4432.07, 256218, 46.0763, 3.97656e+06
0.277956, 4431.13, 256226, 46.0763, 3.97652e+06
0.277995, 4430.19, 256234, 46.0763, 3.97648e+06
0.278034, 4429.25, 256242, 46.0763, 3.97645e+06
0.278073, 4428.31, 256250, 46.0763, 3.97644e+06
0.278112, 4427.37, 256257, 46.0763, 3.97644e+06
0.278151, 4426.43, 256264, 46.0763, 3.97646e+06
0.27819, 4425.49, 256271, 46.0763, 3.9765e+06
0.278228, 4424.55, 256278, 46.0763, 3.97655e+06
0.278267, 4423.61, 256284, 46.0763, 3.9766e+06
0.278306, 4422.67, 256290, 46.0763, 3.97666e+06
0.278345, 4421.73, 256296, 46.0763, 3.97672e+06
0.278384, 4420.78, 256302, 46.0763, 3.97676e+06
0.278423, 4419.84, 256307, 46.0763, 3.97678e+06
0.278462, 4418.9, 256312, 46.0763, 3.97678e+06
0.278501, 4417.95, 256316, 46.0763, 3.97677e+06
0.278539, 4417.01, 256321, 46.0763, 3.97673e+06
0.278578, 4416.06, 256325, 46.0763, 3.97668e+06
0.278617, 4415.12, 256329, 46.0763, 3.97661e+06
0.278656, 4414.17, 256333, 46.0763, 3.97654e+06
0.278695, 4413.23, 256336, 46.0763, 3.97646e+06
0.278734, 4412.28, 256340, 46.0763, 3.97639e+06
0.278773, 4411.34, 256343, 46.0763, 3.97632e+06
0.278811, 4410.39, 256346, 46.0763, 3.97626e+06
0.27885, 4409.44, 256348, 46.0763, 3.97621e+06
0.278889, 4408.5, 256351, 46.0763, 3.97617e+06
0.278928, 4407.55, 256353, 46.0763, 3.97614e+06
0.278967, 4406.6, 256355, 46.0763, 3.97612e+06
0.279006, 4405.65, 256357, 46.0763, 3.97612e+06
0.279044, 4404.7, 256358, 46.0763, 3.97613e+06
0.279083, 4403.75, 256359, 46.0763, 3.97615e+06
0.279122, 4402.81, 256360, 46.0763, 3.97618e+06
0.279161, 4401.86, 256361, 46.0763, 3.97622e+06
0.2792, 4400.91, 256361, 46.0763, 3.97628e+06
0.279239, 4399.96, 256362, 46.0763, 3.97634e+06
0.279278, 4399.01, 256361, 46.0763, 3.9764e+06
0.279316, 4398.06, 256361, 46.0763, 3.97646e+06
0.279355, 4397.11, 256361, 46.0763, 3.97652e+06
0.279394, 4396.15, 256360, 46.0763, 3.97658e+06
0.279433, 4395.2, 256359, 46.0763, 3.97662e+06
0.279472, 4394.25, 256358, 46.0763, 3.97665e+06
0.279511, 4393.3, 256357, 46.0763, 3.97665e+06
0.279549, 4392.35, 256355, 46.0763, 3.97664e+06
0.279588, 4391.4, 256353, 46.0763, 3.97661e+06
0.279627, 4390.44, 256352, 46.0763, 3.97655e+06
0.279666, 4389.49, 256349, 46.0763, 3.97648e+06
0.279705, 4388.54, 256347, 46.0763, 3.9764e+06
0.279744, 4387.58, 256344, 46.0763, 3.97632e+06
0.279782, 4386.63, 256341, 46.0763, 3.97624e+06
0.279821, 4385.68, 256338, 46.0763, 3.97617e+06
0.27986, 4384.72, 256334, 46.0763, 3.97612e+06
0.279899, 4383.76, 256331, 46.0763, 3.97608e+06
0.279938, 4382.81, 256327, 46.0763, 3.97607e+06
0.279977, 4381.85, 256322, 46.0763, 3.97609e+06
0.280015, 4380.9, 256317, 46.0763, 3.97612e+06
0.280054, 4379.94, 256313, 46.0763, 3.97617e+06
0.280093, 4378.98, 256307, 46.0763, 3.97624e+06
0.280132, 4378.02, 256302, 46.0763, 3.97631e+06
0.280171, 4377.07, 256296, 46.0763, 3.97638e+06
0.28021, 4376.11, 256290, 46.0763, 3.97646e+06
0.280248, 4375.15, 256284, 46.0763, 3.97652e+06
0.280287, 4374.19, 256277, 46.0763, 3.97657e+06
0.280326, 4373.23, 256270, 46.0763, 3.97661e+06
0.280365, 4372.27, 256263, 46.0763, 3.97663e+06
0.280404, 4371.31, 256256, 46.0763, 3.97663e+06
0.280442, 4370.35, 256249, 46.0763, 3.97662e+06
0.280481, 4369.39, 256241, 46.0763, 3.97659e+06
0.28052, 4368.43, 256234, 46.0763, 3.97656e+06
0.280559, 4367.47, 256226, 46.0763, 3.97651e+06
0.280598, 4366.51, 256218, 46.0763, 3.97647e+06
0.280637, 4365.55, 256210, 46.0763, 3.97643e+06
0.280675, 4364.59, 256201, 46.0763, 3.97639e+06
0.280714, 4363.63, 256192, 46.0763, 3.97637e+06
0.280753, 4362.67, 256183, 46.0763, 3.97636e+06
0.280792, 4361.7, 256174, 46.0763, 3.97637e+06
0.280831, 4360.74, 256165, 46.0763, 3.97639e+06
0.280869, 4359.78, 256155, 46.0763, 3.97642e+06
0.280908, 4358.82, 256145, 46.0763, 3.97645e+06
0.280947, 4357.86, 256135, 46.0763, 3.97649e+06
0.280986, 4356.89, 256125, 46.0763, 3.97652e+06
0.281025, 4355.93, 256115, 46.0763, 3.97655e+06
0.281063, 4354.97, 256104, 46.0763, 3.97657e+06
0.281102, 4354, 256093, 46.0763, 3.97659e+06
0.281141, 4353.04, 256081, 46.0763, 3.97661e+06
0.28118, 4352.07, 256070, 46.0763, 3.97662e+06
0.281219, 4351.11, 256058, 46.0763, 3.97664e+06
0.281258, 4350.15, 256046, 46.0763, 3.97666e+06
0.281296, 4349.18, 256033, 46.0763, 3.97669e+06
0.281335, 4348.22, 256021, 46.0763, 3.97671e+06
0.281374, 4347.25, 256008, 46.0763, 3.97673e+06
0.281413, 4346.29, 255994, 46.0763, 3.97676e+06
0.281452, 4345.32, 255981, 46.0763, 3.97678e+06
0.28149, 4344.35, 255967, 46.0763, 3.97679e+06
0.281529, 4343.39, 255952, 46.0763, 3.97679e+06
0.281568, 4342.42, 255938, 46.0763, 3.97678e+06
0.281607, 4341.46, 255923, 46.0763, 3.97675e+06
0.281646, 4340.49, 255908, 46.0763, 3.97671e+06
0.281684, 4339.52, 255893, 46.0763, 3.97666e+06
0.281723, 4338.55, 255877, 46.0763, 3.9766e+06
0.281762, 4337.59, 255862, 46.0763, 3.97653e+06
0.281801, 4336.62, 255845, 46.0763, 3.97645e+06
0.28184, 4335.65, 255829, 46.0763, 3.97639e+06
0.281879, 4334.68, 255812, 46.0763, 3.97632e+06
0.281917, 4333.71, 255795, 46.0763, 3.97627e+06
0.281956, 4332.75, 255778, 46.0763, 3.97624e+06
0.281995, 4331.78, 255761, 46.0763, 3.97621e+06
0.282034, 4330.81, 255743, 46.0763, 3.97621e+06
0.282073, 4329.84, 255725, 46.0763, 3.97622e+06
0.282111, 4328.87, 255707, 46.0763, 3.97624e+06
0.28215, 4327.9, 255689, 46.0763, 3.97626e+06
0.282189, 4326.93, 255670, 46.0763, 3.9763e+06
0.282228, 4325.96, 255651, 46.0763, 3.97634e+06
0.282267, 4324.99, 255632, 46.0763, 3.97637e+06
0.282305, 4324.02, 255613, 46.0763, 3.97639e+06
0.282344, 4323.05, 255594, 46.0763, 3.97641e+06
0.282383, 4322.08, 255574, 46.0763, 3.97641e+06
0.282422, 4321.1, 255554, 46.0763, 3.9764e+06
0.282461, 4320.13, 255534, 46.0763, 3.97638e+06
0.282499, 4319.16, 255514, 46.0763, 3.97635e+06
0.282538, 4318.19, 255494, 46.0763, 3.97632e+06
0.282577, 4317.22, 255473, 46.0763, 3.97628e+06
0.282616, 4316.24, 255452, 46.0763, 3.97625e+06
0.282655, 4315.27, 255431, 46.0763, 3.97622e+06
0.282694, 4314.3, 255410, 46.0763, 3.9762e+06
0.282732, 4313.33, 255389, 46.0763, 3.9762e+06
0.282771, 4312.35, 255367, 46.0763, 3.9762e+06
0.28281, 4311.38, 255345, 46.0763, 3.97622e+06
0.282849, 4310.41, 255323, 46.0763, 3.97624e+06
0.282888, 4309.43, 255300, 46.0763, 3.97627e+06
0.282926, 4308.46, 255278, 46.0763, 3.97631e+06
0.282965, 4307.48, 255255, 46.0763, 3.97634e+06
0.283004, 4306.51, 255231, 46.0763, 3.97638e+06
0.283043, 4305.53, 255207, 46.0763, 3.97643e+06
0.283082, 4304.56, 255183, 46.0763, 3.97647e+06
0.28312, 4303.58, 255159, 46.0763, 3.9765e+06
0.283159, 4302.6, 255134, 46.0763, 3.97653e+06
0.283198, 4301.63, 255109, 46.0763, 3.97656e+06
0.283237, 4300.65, 255084, 46.0763, 3.97657e+06
0.283276, 4299.67, 255058, 46.0763, 3.97657e+06
0.283315, 4298.7, 255032, 46.0763, 3.97656e+06
0.283353, 4297.72, 255006, 46.0763, 3.97653e+06
0.283392, 4296.74, 254979, 46.0763, 3.97648e+06
0.283431, 4295.76, 254952, 46.0763, 3.97643e+06
0.28347, 4294.79, 254925, 46.0763, 3.97636e+06
0.283509, 4293.81, 254898, 46.0763, 3.9763e+06
0.283547, 4292.83, 254870, 46.0763, 3.97624e+06
0.283586, 4291.85, 254841, 46.0763, 3.97619e+06
0.283625, 4290.87, 254813, 46.0763, 3.97615e+06
0.283664, 4289.9, 254784, 46.0763, 3.97613e+06
0.283703, 4288.92, 254755, 46.0763, 3.97613e+06
0.283742, 4287.94, 254726, 46.0763, 3.97615e+06
0.28378, 4286.96, 254696, 46.0763, 3.97619e+06
0.283819, 4285.98, 254666, 46.0763, 3.97623e+06
0.283858, 4285.01, 254636, 46.0763, 3.97627e+06
0.283897, 4284.03, 254605, 46.0763, 3.97631e+06
0.283936, 4283.05, 254574, 46.0763, 3.97634e+06
0.283974, 4282.07, 254543, 46.0763, 3.97635e+06
0.284013, 4281.1, 254512, 46.0763, 3.97634e+06
0.284052, 4280.12, 254480, 46.0763, 3.97632e+06
0.284091, 4279.14, 254448, 46.0763, 3.97627e+06
0.28413, 4278.17, 254415, 46.0763, 3.97621e+06
0.284169, 4277.19, 254383, 46.0763, 3.97613e+06
0.284207, 4276.21, 254350, 46.0763, 3.97605e+06
0.284246, 4275.24, 254317, 46.0763, 3.97596e+06
0.284285, 4274.26, 254284, 46.0763, 3.97587e+06
0.284324, 4273.28, 254250, 46.0763, 3.97578e+06
0.284363, 4272.31, 254216, 46.0763, 3.9757e+06
0.284402, 4271.33, 254182, 46.0763, 3.97562e+06
0.28444, 4270.35, 254148, 46.0763, 3.97556e+06
0.284479, 4269.38, 254113, 46.0763, 3.97552e+06
0.284518, 4268.4, 254078, 46.0763, 3.97549e+06
0.284557, 4267.42, 254043, 46.0763, 3.97549e+06
0.284596, 4266.45, 254008, 46.0763, 3.97551e+06
0.284635, 4265.47, 253972, 46.0763, 3.97556e+06
0.284673, 4264.5, 253937, 46.0763, 3.97563e+06
0.284712, 4263.52, 253901, 46.0763, 3.97573e+06
0.284751, 4262.55, 253865, 46.0763, 3.97584e+06
0.28479, 4261.57, 253829, 46.0763, 3.97597e+06
0.284829, 4260.59, 253793, 46.0763, 3.9761e+06
0.284868, 4259.62, 253757, 46.0763, 3.97622e+06
0.284906, 4258.64, 253720, 46.0763, 3.97632e+06
0.284945, 4257.67, 253683, 46.0763, 3.97641e+06
0.284984, 4256.69, 253647, 46.0763, 3.97647e+06
0.285023, 4255.71, 253610, 46.0763, 3.9765e+06
0.285062, 4254.74, 253572, 46.0763, 3.9765e+06
0.285101, 4253.76, 253535, 46.0763, 3.97648e+06
0.285139, 4252.79, 253498, 46.0763, 3.97644e+06
0.285178, 4251.81, 253460, 46.0763, 3.97638e+06
0.285217, 4250.83, 253422, 46.0763, 3.97632e+06
0.285256, 4249.86, 253384, 46.0763, 3.97626e+06
0.285295, 4248.88, 253345, 46.0763, 3.97621e+06
0.285334, 4247.91, 253307, 46.0763, 3.97617e+06
0.285373, 4246.93, 253268, 46.0763, 3.97614e+06
0.285411, 4245.95, 253228, 46.0763, 3.97612e+06
0.28545, 4244.98, 253189, 46.0763, 3.97611e+06
0.285489, 4244, 253149, 46.0763, 3.97611e+06
0.285528, 4243.03, 253109, 46.0763, 3.97611e+06
0.285567, 4242.05, 253069, 46.0763, 3.97611e+06
0.285606, 4241.07, 253029, 46.0763, 3.97612e+06
0.285645, 4240.1, 252988, 46.0763, 3.97612e+06
0.285683, 4239.12, 252947, 46.0763, 3.97612e+06
0.285722, 4238.15, 252906, 46.0763, 3.97613e+06
0.285761, 4237.17, 252864, 46.0763, 3.97614e+06
0.2858, 4236.19, 252822, 46.0763, 3.97616e+06
0.285839, 4235.22, 252780, 46.0763, 3.97619e+06
0.285878, 4234.24, 252738, 46.0763, 3.97623e+06
0.285917, 4233.26, 252695, 46.0763, 3.97627e+06
0.285955, 4232.29, 252652, 46.0763, 3.97632e+06
0.285994, 4231.31, 252609, 46.0763, 3.97636e+06
0.286033, 4230.33, 252565, 46.0763, 3.9764e+06
0.286072, 4229.36, 252521, 46.0763, 3.97643e+06
0.286111, 4228.38, 252477, 46.0763, 3.97646e+06
0.28615, 4227.4, 252432, 46.0763, 3.97647e+06
0.286189, 4226.42, 252387, 46.0763, 3.97648e+06
0.286227, 4225.45, 252342, 46.0763, 3.97647e+06
0.286266, 4224.47, 252296, 46.0763, 3.97645e+06
0.286305, 4223.49, 252251, 46.0763, 3.97642e+06
0.286344, 4222.52, 252204, 46.0763, 3.97638e+06
0.286383, 4221.54, 252158, 46.0763, 3.97634e+06
0.286422, 4220.56, 252111, 46.0763, 3.97629e+06
0.286461, 4219.58, 252064, 46.0763, 3.97624e+06
0.286499, 4218.61, 252017, 46.0763, 3.9762e+06
0.286538, 4217.63, 251969, 46.0763, 3.97616e+06
0.286577, 4216.65, 251922, 46.0763, 3.97613e+06
0.286616, 4215.67, 251873, 46.0763, 3.97611e+06
0.286655, 4214.7, 251825, 46.0763, 3.97611e+06
0.286694, 4213.72, 251776, 46.0763, 3.97611e+06
0.286733, 4212.74, 251727, 46.0763, 3.97613e+06
0.286771, 4211.76, 251678, 46.0763, 3.97615e+06
0.28681, 4210.79, 251628, 46.0763, 3.97618e+06
0.286849, 4209.81, 251578, 46.0763, 3.97621e+06
0.286888, 4208.83, 251528, 46.0763, 3.97623e+06
0.286927, 4207.86, 251478, 46.0763, 3.97626e+06
0.286966, 4206.88, 251427, 46.0763, 3.97627e+06
0.287005, 4205.9, 251376, 46.0763, 3.97628e+06
0.287044, 4204.92, 251324, 46.0763, 3.97628e+06
0.287082, 4203.95, 251273, 46.0763, 3.97627e+06
0.287121, 4202.97, 251221, 46.0763, 3.97626e+06
0.28716, 4201.99, 251168, 46.0763, 3.97624e+06
0.287199, 4201.02, 251116, 46.0763, 3.97621e+06
0.287238, 4200.04, 251063, 46.0763, 3.97618e+06
0.287277, 4199.07, 251009, 46.0763, 3.97615e+06
0.287316, 4198.09, 250956, 46.0763, 3.97611e+06
0.287354, 4197.11, 250902, 46.0763, 3.97607e+06
0.287393, 4196.14, 250847, 46.0763, 3.97603e+06
0.287432, 4195.16, 250793, 46.0763, 3.976e+06
0.287471, 4194.19, 250738, 46.0763, 3.97598e+06
0.28751, 4193.21, 250682, 46.0763, 3.97596e+06
0.287549, 4192.23, 250627, 46.0763, 3.97595e+06
0.287588, 4191.26, 250571, 46.0763, 3.97596e+06
0.287627, 4190.28, 250515, 46.0763, 3.97597e+06
0.287665, 4189.31, 250458, 46.0763, 3.97599e+06
0.287704, 4188.33, 250402, 46.0763, 3.97603e+06
0.287743, 4187.35, 250345, 46.0763, 3.97607e+06
0.287782, 4186.38, 250287, 46.0763, 3.97612e+06
0.287821, 4185.4, 250230, 46.0763, 3.97617e+06
0.28786, 4184.43, 250172, 46.0763, 3.97622e+06
0.287899, 4183.45, 250114, 46.0763, 3.97626e+06
0.287937, 4182.48, 250055, 46.0763, 3.97631e+06
0.287976, 4181.5, 249996, 46.0763, 3.97634e+06
0.288015, 4180.53, 249937, 46.0763, 3.97636e+06
0.288054, 4179.55, 249878, 46.0763, 3.97636e+06
0.288093, 4178.58, 249818, 46.0763, 3.97635e+06
0.288132, 4177.61, 249758, 46.0763, 3.97631e+06
0.288171, 4176.63, 249698, 46.0763, 3.97626e+06
0.28821, 4175.66, 249637, 46.0763, 3.97619e+06
0.288248, 4174.68, 249577, 46.0763, 3.9761e+06
0.288287, 4173.71, 249516, 46.0763, 3.97602e+06
0.288326, 4172.74, 249455, 46.0763, 3.97594e+06
0.288365, 4171.77, 249394, 46.0763, 3.97586e+06
0.288404, 4170.79, 249332, 46.0763, 3.97581e+06
0.288443, 4169.82, 249270, 46.0763, 3.97577e+06
0.288482, 4168.85, 249208, 46.0763, 3.97576e+06
0.288521, 4167.88, 249146, 46.0763, 3.97578e+06
0.288559, 4166.9, 249083, 46.0763, 3.97581e+06
0.288598, 4165.93, 249020, 46.0763, 3.97586e+06
0.288637, 4164.96, 248957, 46.0763, 3.97593e+06
0.288676, 4163.99, 248894, 46.0763, 3.976e+06
0.288715, 4163.02, 248830, 46.0763, 3.97606e+06
0.288754, 4162.04, 248767, 46.0763, 3.97613e+06
0.288793, 4161.07, 248702, 46.0763, 3.97617e+06
0.288832, 4160.1, 248638, 46.0763, 3.97621e+06
0.28887, 4159.13, 248573, 46.0763, 3.97622e+06
0.288909, 4158.16, 248508, 46.0763, 3.97622e+06
0.288948, 4157.19, 248442, 46.0763, 3.97619e+06
0.288987, 4156.22, 248376, 46.0763, 3.97615e+06
0.289026, 4155.24, 248310, 46.0763, 3.9761e+06
0.289065, 4154.27, 248244, 46.0763, 3.97603e+06
0.289104, 4153.3, 248177, 46.0763, 3.97595e+06
0.289143, 4152.33, 248109, 46.0763, 3.97587e+06
0.289181, 4151.36, 248042, 46.0763, 3.97578e+06
0.28922, 4150.39, 247974, 46.0763, 3.97569e+06
0.289259, 4149.42, 247905, 46.0763, 3.97561e+06
0.289298, 4148.45, 247836, 46.0763, 3.97553e+06
0.289337, 4147.48, 247767, 46.0763, 3.97547e+06
0.289376, 4146.51, 247697, 46.0763, 3.97542e+06
0.289415, 4145.55, 247627, 46.0763, 3.97539e+06
0.289454, 4144.58, 247557, 46.0763, 3.97538e+06
0.289493, 4143.61, 247486, 46.0763, 3.97539e+06
0.289531, 4142.64, 247415, 46.0763, 3.97542e+06
0.28957, 4141.67, 247344, 46.0763, 3.97547e+06
0.289609, 4140.7, 247273, 46.0763, 3.97553e+06
0.289648, 4139.74, 247201, 46.0763, 3.97559e+06
0.289687, 4138.77, 247129, 46.0763, 3.97566e+06
0.289726, 4137.8, 247056, 46.0763, 3.97572e+06
0.289765, 4136.83, 246984, 46.0763, 3.97577e+06
0.289804, 4135.86, 246911, 46.0763, 3.97581e+06
0.289843, 4134.9, 246838, 46.0763, 3.97585e+06
0.289881, 4133.93, 246764, 46.0763, 3.97588e+06
0.28992, 4132.96, 246691, 46.0763, 3.97589e+06
0.289959, 4131.99, 246617, 46.0763, 3.97591e+06
0.289998, 4131.02, 246543, 46.0763, 3.97592e+06
0.290037, 4130.06, 246469, 46.0763, 3.97593e+06
0.290076, 4129.09, 246394, 46.0763, 3.97594e+06
0.290115, 4128.12, 246319, 46.0763, 3.97594e+06
0.290154, 4127.15, 246244, 46.0763, 3.97595e+06
0.290193, 4126.18, 246169, 46.0763, 3.97595e+06
0.290232, 4125.22, 246094, 46.0763, 3.97595e+06
0.29027, 4124.25, 246018, 46.0763, 3.97595e+06
0.290309, 4123.28, 245942, 46.0763, 3.97594e+06
0.290348, 4122.31, 245866, 46.0763, 3.97594e+06
0.290387, 4121.35, 245789, 46.0763, 3.97594e+06
0.290426, 4120.38, 245713, 46.0763, 3.97594e+06
0.290465, 4119.41, 245636, 46.0763, 3.97595e+06
0.290504, 4118.44, 245558, 46.0763, 3.97595e+06
0.290543, 4117.48, 245481, 46.0763, 3.97596e+06
0.290582, 4116.51, 245403, 46.0763, 3.97597e+06
0.290621, 4115.55, 245326, 46.0763, 3.97598e+06
0.290659, 4114.58, 245247, 46.0763, 3.976e+06
0.290698, 4113.62, 245169, 46.0763, 3.97602e+06
0.290737, 4112.65, 245091, 46.0763, 3.97605e+06
0.290776, 4111.69, 245012, 46.0763, 3.97608e+06
0.290815, 4110.72, 244933, 46.0763, 3.97611e+06
0.290854, 4109.76, 244853, 46.0763, 3.97615e+06
0.290893, 4108.79, 244774, 46.0763, 3.97618e+06
0.290932, 4107.83, 244694, 46.0763, 3.97621e+06
0.290971, 4106.87, 244613, 46.0763, 3.97623e+06
0.29101, 4105.9, 244533, 46.0763, 3.97625e+06
0.291049, 4104.94, 244452, 46.0763, 3.97625e+06
0.291088, 4103.98, 244371, 46.0763, 3.97624e+06
0.291126, 4103.02, 244290, 46.0763, 3.97621e+06
0.291165, 4102.06, 244208, 46.0763, 3.97618e+06
0.291204, 4101.1, 244126, 46.0763, 3.97613e+06
0.291243, 4100.13, 244044, 46.0763, 3.97607e+06
0.291282, 4099.17, 243962, 46.0763, 3.976e+06
0.291321, 4098.22, 243880, 46.0763, 3.97593e+06
0.29136, 4097.26, 243797, 46.0763, 3.97586e+06
0.291399, 4096.3, 243714, 46.0763, 3.9758e+06
0.291438, 4095.34, 243631, 46.0763, 3.97574e+06
0.291477, 4094.38, 243548, 46.0763, 3.97569e+06
0.291516, 4093.42, 243464, 46.0763, 3.97566e+06
0.291555, 4092.46, 243380, 46.0763, 3.97565e+06
0.291594, 4091.51, 243296, 46.0763, 3.97565e+06
0.291632, 4090.55, 243212, 46.0763, 3.97567e+06
0.291671, 4089.59, 243128, 46.0763, 3.9757e+06
0.29171, 4088.64, 243043, 46.0763, 3.97575e+06
0.291749, 4087.68, 242958, 46.0763, 3.97582e+06
0.291788, 4086.73, 242873, 46.0763, 3.97589e+06
0.291827, 4085.77, 242788, 46.0763, 3.97596e+06
0.291866, 4084.82, 242702, 46.0763, 3.97603e+06
0.291905, 4083.86, 242616, 46.0763, 3.97609e+06
0.291944, 4082.91, 242530, 46.0763, 3.97614e+06
0.291983, 4081.95, 242444, 46.0763, 3.97619e+06
0.292022, 4081, 242358, 46.0763, 3.97622e+06
0.292061, 4080.04, 242272, 46.0763, 3.97624e+06
0.2921, 4079.09, 242185, 46.0763, 3.97625e+06
0.292139, 4078.14, 242098, 46.0763, 3.97625e+06
0.292178, 4077.18, 242012, 46.0763, 3.97624e+06
0.292216, 4076.23, 241925, 46.0763, 3.97621e+06
0.292255, 4075.28, 241838, 46.0763, 3.97618e+06
0.292294, 4074.32, 241750, 46.0763, 3.97612e+06
0.292333, 4073.37, 241663, 46.0763, 3.97606e+06
0.292372, 4072.42, 241576, 46.0763, 3.97598e+06
0.292411, 4071.47, 241488, 46.0763, 3.97589e+06
0.29245, 4070.51, 241400, 46.0763, 3.97581e+06
0.292489, 4069.56, 241313, 46.0763, 3.97573e+06
0.292528, 4068.61, 241225, 46.0763, 3.97566e+06
0.292567, 4067.66, 241137, 46.0763, 3.97561e+06
0.292606, 4066.71, 241049, 46.0763, 3.97558e+06
0.292645, 4065.75, 240960, 46.0763, 3.97558e+06
0.292684, 4064.8, 240872, 46.0763, 3.97561e+06
0.292723, 4063.85, 240784, 46.0763, 3.97567e+06
0.292762, 4062.9, 240695, 46.0763, 3.97575e+06
0.292801, 4061.95, 240607, 46.0763, 3.97585e+06
0.29284, 4061, 240518, 46.0763, 3.97596e+06
0.292879, 4060.05, 240430, 46.0763, 3.97607e+06
0.292918, 4059.1, 240341, 46.0763, 3.97617e+06
0.292957, 4058.15, 240252, 46.0763, 3.97624e+06
0.292996, 4057.21, 240163, 46.0763, 3.9763e+06
0.293034, 4056.26, 240074, 46.0763, 3.97633e+06
0.293073, 4055.31, 239985, 46.0763, 3.97633e+06
0.293112, 4054.36, 239896, 46.0763, 3.97631e+06
0.293151, 4053.42, 239807, 46.0763, 3.97628e+06
0.29319, 4052.47, 239718, 46.0763, 3.97623e+06
0.293229, 4051.52, 239628, 46.0763, 3.97617e+06
0.293268, 4050.58, 239539, 46.0763, 3.97612e+06
0.293307, 4049.64, 239449, 46.0763, 3.97607e+06
0.293346, 4048.69, 239359, 46.0763, 3.97602e+06
0.293385, 4047.75, 239269, 46.0763, 3.97598e+06
0.293424, 4046.81, 239179, 46.0763, 3.97594e+06
0.293463, 4045.86, 239089, 46.0763, 3.9759e+06
0.293502, 4044.92, 238999, 46.0763, 3.97586e+06
0.293541, 4043.98, 238908, 46.0763, 3.97581e+06
0.29358, 4043.04, 238818, 46.0763, 3.97575e+06
0.293619, 4042.1, 238728, 46.0763, 3.97568e+06
0.293658, 4041.16, 238637, 46.0763, 3.97562e+06
0.293697, 4040.22, 238546, 46.0763, 3.97555e+06
0.293736, 4039.28, 238456, 46.0763, 3.97549e+06
0.293775, 4038.35, 238365, 46.0763, 3.97544e+06
0.293814, 4037.41, 238274, 46.0763, 3.9754e+06
0.293853, 4036.47, 238184, 46.0763, 3.97539e+06
0.293892, 4035.54, 238093, 46.0763, 3.9754e+06
0.293931, 4034.6, 238002, 46.0763, 3.97543e+06
0.29397, 4033.67, 237911, 46.0763, 3.97547e+06
0.294009, 4032.73, 237821, 46.0763, 3.97553e+06
0.294048, 4031.8, 237730, 46.0763, 3.97558e+06
0.294087, 4030.87, 237639, 46.0763, 3.97563e+06
0.294126, 4029.94, 237548, 46.0763, 3.97567e+06
0.294165, 4029.01, 237457, 46.0763, 3.9757e+06
0.294204, 4028.08, 237367, 46.0763, 3.97571e+06
0.294243, 4027.15, 237276, 46.0763, 3.97571e+06
0.294282, 4026.22, 237185, 46.0763, 3.9757e+06
0.294321, 4025.29, 237094, 46.0763, 3.97569e+06
0.29436, 4024.36, 237003, 46.0763, 3.97568e+06
0.294399, 4023.44, 236912, 46.0763, 3.97568e+06
0.294438, 4022.51, 236821, 46.0763, 3.97568e+06
0.294477, 4021.59, 236731, 46.0763, 3.97569e+06
0.294516, 4020.66, 236640, 46.0763, 3.9757e+06
0.294555, 4019.74, 236549, 46.0763, 3.97572e+06
0.294594, 4018.82, 236458, 46.0763, 3.97574e+06
0.294633, 4017.89, 236368, 46.0763, 3.97577e+06
0.294672, 4016.97, 236277, 46.0763, 3.97579e+06
0.29471, 4016.05, 236186, 46.0763, 3.97582e+06
0.294749, 4015.13, 236096, 46.0763, 3.97585e+06
0.294788, 4014.22, 236005, 46.0763, 3.97589e+06
0.294827, 4013.3, 235915, 46.0763, 3.97594e+06
0.294866, 4012.38, 235825, 46.0763, 3.97599e+06
0.294905, 4011.47, 235734, 46.0763, 3.97604e+06
0.294944, 4010.55, 235644, 46.0763, 3.9761e+06
0.294983, 4009.64, 235554, 46.0763, 3.97615e+06
0.295022, 4008.73, 235464, 46.0763, 3.9762e+06
0.295061, 4007.81, 235374, 46.0763, 3.97623e+06
0.2951, 4006.9, 235284, 46.0763, 3.97626e+06
0.295139, 4005.99, 235195, 46.0763, 3.97626e+06
0.295178, 4005.08, 235105, 46.0763, 3.97625e+06
0.295217, 4004.17, 235016, 46.0763, 3.97622e+06
0.295256, 4003.27, 234927, 46.0763, 3.97617e+06
0.295295, 4002.36, 234838, 46.0763, 3.9761e+06
0.295334, 4001.45, 234749, 46.0763, 3.97603e+06
0.295373, 4000.55, 234661, 46.0763, 3.97594e+06
0.295412, 3999.64, 234572, 46.0763, 3.97586e+06
0.295451, 3998.74, 234484, 46.0763, 3.97577e+06
0.29549, 3997.84, 234396, 46.0763, 3.9757e+06
0.295529, 3996.94, 234309, 46.0763, 3.97563e+06
0.295568, 3996.03, 234221, 46.0763, 3.97557e+06
0.295607, 3995.13, 234134, 46.0763, 3.97553e+06
0.295646, 3994.23, 234047, 46.0763, 3.97551e+06
0.295685, 3993.34, 233960, 46.0763, 3.9755e+06
0.295724, 3992.44, 233873, 46.0763, 3.97551e+06
0.295763, 3991.54, 233787, 46.0763, 3.97552e+06
0.295802, 3990.64, 233700, 46.0763, 3.97554e+06
0.295841, 3989.75, 233614, 46.0763, 3.97557e+06
0.29588, 3988.85, 233528, 46.0763, 3.97559e+06
0.295919, 3987.96, 233442, 46.0763, 3.97561e+06
0.295958, 3987.06, 233357, 46.0763, 3.97562e+06
0.295997, 3986.17, 233272, 46.0763, 3.97563e+06
0.296036, 3985.28, 233187, 46.0763, 3.97563e+06
0.296074, 3984.38, 233102, 46.0763, 3.97563e+06
0.296113, 3983.49, 233017, 46.0763, 3.97562e+06
0.296152, 3982.6, 232933, 46.0763, 3.97561e+06
0.296191, 3981.71, 232849, 46.0763, 3.97561e+06
0.29623, 3980.83, 232765, 46.0763, 3.97562e+06
0.296269, 3979.94, 232681, 46.0763, 3.97563e+06
0.296308, 3979.05, 232598, 46.0763, 3.97566e+06
0.296347, 3978.17, 232515, 46.0763, 3.9757e+06
0.296386, 3977.28, 232432, 46.0763, 3.97574e+06
0.296425, 3976.4, 232350, 46.0763, 3.97579e+06
0.296464, 3975.51, 232267, 46.0763, 3.97584e+06
0.296503, 3974.63, 232186, 46.0763, 3.97588e+06
0.296542, 3973.75, 232104, 46.0763, 3.97592e+06
0.296581, 3972.87, 232023, 46.0763, 3.97594e+06
0.29662, 3971.99, 231942, 46.0763, 3.97596e+06
0.296659, 3971.11, 231861, 46.0763, 3.97595e+06
0.296698, 3970.23, 231780, 46.0763, 3.97594e+06
0.296737, 3969.35, 231700, 46.0763, 3.97591e+06
0.296776, 3968.47, 231620, 46.0763, 3.97588e+06
0.296815, 3967.6, 231541, 46.0763, 3.97585e+06
0.296854, 3966.72, 231461, 46.0763, 3.97581e+06
0.296893, 3965.85, 231382, 46.0763, 3.97577e+06
0.296932, 3964.98, 231304, 46.0763, 3.97574e+06
0.296971, 3964.1, 231225, 46.0763, 3.9757e+06
0.29701, 3963.23, 231147, 46.0763, 3.97567e+06
0.297049, 3962.36, 231070, 46.0763, 3.97565e+06
0.297088, 3961.49, 230992, 46.0763, 3.97563e+06
0.297127, 3960.62, 230915, 46.0763, 3.97561e+06
0.297166, 3959.75, 230839, 46.0763, 3.9756e+06
0.297205, 3958.88, 230763, 46.0763, 3.97559e+06
0.297244, 3958.01, 230687, 46.0763, 3.9756e+06
0.297283, 3957.15, 230612, 46.0763, 3.97561e+06
0.297322, 3956.28, 230537, 46.0763, 3.97562e+06
0.297361, 3955.42, 230462, 46.0763, 3.97563e+06
0.2974, 3954.55, 230388, 46.0763, 3.97565e+06
0.297439, 3953.69, 230314, 46.0763, 3.97566e+06
0.297478, 3952.82, 230241, 46.0763, 3.97567e+06
0.297517, 3951.96, 230168, 46.0763, 3.97568e+06
0.297556, 3951.1, 230095, 46.0763, 3.97568e+06
0.297595, 3950.24, 230022, 46.0763, 3.97568e+06
0.297634, 3949.38, 229950, 46.0763, 3.97568e+06
0.297673, 3948.52, 229879, 46.0763, 3.97569e+06
0.297712, 3947.66, 229807, 46.0763, 3.9757e+06
0.297751, 3946.8, 229737, 46.0763, 3.97571e+06
0.29779, 3945.94, 229666, 46.0763, 3.97572e+06
0.297829, 3945.09, 229596, 46.0763, 3.97574e+06
0.297868, 3944.23, 229527, 46.0763, 3.97575e+06
0.297907, 3943.37, 229457, 46.0763, 3.97576e+06
0.297946, 3942.52, 229388, 46.0763, 3.97576e+06
0.297985, 3941.67, 229320, 46.0763, 3.97575e+06
0.298024, 3940.81, 229252, 46.0763, 3.97574e+06
0.298063, 3939.96, 229184, 46.0763, 3.97573e+06
0.298102, 3939.11, 229116, 46.0763, 3.97572e+06
0.298141, 3938.26, 229049, 46.0763, 3.97572e+06
0.29818, 3937.41, 228982, 46.0763, 3.97571e+06
0.298219, 3936.56, 228916, 46.0763, 3.97572e+06
0.298258, 3935.71, 228850, 46.0763, 3.97573e+06
0.298297, 3934.86, 228784, 46.0763, 3.97574e+06
0.298336, 3934.02, 228719, 46.0763, 3.97576e+06
0.298375, 3933.17, 228654, 46.0763, 3.97578e+06
0.298414, 3932.33, 228590, 46.0763, 3.9758e+06
0.298453, 3931.48, 228526, 46.0763, 3.97582e+06
0.298492, 3930.64, 228462, 46.0763, 3.97583e+06
0.298531, 3929.8, 228399, 46.0763, 3.97585e+06
0.29857, 3928.95, 228336, 46.0763, 3.97586e+06
0.298609, 3928.11, 228273, 46.0763, 3.97588e+06
0.298648, 3927.27, 228211, 46.0763, 3.97589e+06
0.298687, 3926.43, 228150, 46.0763, 3.97591e+06
0.298726, 3925.6, 228088, 46.0763, 3.97593e+06
0.298765, 3924.76, 228027, 46.0763, 3.97594e+06
0.298804, 3923.92, 227967, 46.0763, 3.97596e+06
0.298843, 3923.09, 227907, 46.0763, 3.97597e+06
0.298882, 3922.25, 227847, 46.0763, 3.97597e+06
0.298921, 3921.42, 227788, 46.0763, 3.97596e+06
0.29896, 3920.59, 227729, 46.0763, 3.97595e+06
0.298999, 3919.75, 227670, 46.0763, 3.97594e+06
0.299038, 3918.92, 227612, 46.0763, 3.97592e+06
0.299077, 3918.09, 227555, 46.0763, 3.9759e+06
0.299116, 3917.26, 227497, 46.0763, 3.97589e+06
0.299155, 3916.43, 227440, 46.0763, 3.97588e+06
0.299194, 3915.61, 227384, 46.0763, 3.97587e+06
0.299233, 3914.78, 227328, 46.0763, 3.97586e+06
0.299272, 3913.95, 227273, 46.0763, 3.97586e+06
0.299311, 3913.13, 227218, 46.0763, 3.97584e+06
0.29935, 3912.3, 227163, 46.0763, 3.97581e+06
0.299389, 3911.48, 227109, 46.0763, 3.97577e+06
0.299428, 3910.66, 227055, 46.0763, 3.97571e+06
0.299468, 3909.84, 227002, 46.0763, 3.97564e+06
0.299507, 3909.01, 226949, 46.0763, 3.97555e+06
0.299546, 3908.19, 226897, 46.0763, 3.97546e+06
0.299585, 3907.37, 226845, 46.0763, 3.97537e+06
0.299624, 3906.55, 226793, 46.0763, 3.97528e+06
0.299663, 3905.73, 226742, 46.0763, 3.97521e+06
0.299702, 3904.91, 226691, 46.0763, 3.97516e+06
0.299741, 3904.1, 226641, 46.0763, 3.97513e+06
0.29978, 3903.28, 226591, 46.0763, 3.97513e+06
0.299819, 3902.46, 226541, 46.0763, 3.97515e+06
0.299858, 3901.65, 226492, 46.0763, 3.97521e+06
0.299897, 3900.83, 226443, 46.0763, 3.97528e+06
0.299936, 3900.01, 226395, 46.0763, 3.97538e+06
0.299975, 3899.2, 226347, 46.0763, 3.97548e+06
0.300014, 3898.38, 226300, 46.0763, 3.97559e+06
0.300053, 3897.57, 226253, 46.0763, 3.97569e+06
0.300092, 3896.76, 226206, 46.0763, 3.97578e+06
0.300131, 3895.94, 226159, 46.0763, 3.97585e+06
0.30017, 3895.13, 226114, 46.0763, 3.9759e+06
0.300209, 3894.32, 226068, 46.0763, 3.97593e+06
0.300248, 3893.51, 226023, 46.0763, 3.97594e+06
0.300287, 3892.7, 225978, 46.0763, 3.97592e+06
0.300326, 3891.89, 225933, 46.0763, 3.97589e+06
0.300365, 3891.08, 225889, 46.0763, 3.97586e+06
0.300404, 3890.27, 225846, 46.0763, 3.97581e+06
0.300443, 3889.46, 225802, 46.0763, 3.97577e+06
0.300482, 3888.65, 225759, 46.0763, 3.97573e+06
0.300521, 3887.84, 225717, 46.0763, 3.9757e+06
0.30056, 3887.04, 225674, 46.0763, 3.97569e+06
0.300598, 3886.23, 225632, 46.0763, 3.97568e+06
0.300637, 3885.42, 225591, 46.0763, 3.97569e+06
0.300676, 3884.62, 225550, 46.0763, 3.97571e+06
0.300715, 3883.81, 225509, 46.0763, 3.97574e+06
0.300754, 3883.01, 225468, 46.0763, 3.97578e+06
0.300793, 3882.2, 225428, 46.0763, 3.97582e+06
0.300832, 3881.4, 225388, 46.0763, 3.97587e+06
0.300871, 3880.6, 225349, 46.0763, 3.97591e+06
0.30091, 3879.79, 225310, 46.0763, 3.97595e+06
0.300949, 3878.99, 225271, 46.0763, 3.97597e+06
0.300988, 3878.19, 225232, 46.0763, 3.97599e+06
0.301027, 3877.39, 225194, 46.0763, 3.97598e+06
0.301066, 3876.59, 225156, 46.0763, 3.97596e+06
0.301105, 3875.79, 225119, 46.0763, 3.97592e+06
0.301144, 3874.99, 225081, 46.0763, 3.97586e+06
0.301183, 3874.19, 225044, 46.0763, 3.97578e+06
0.301222, 3873.4, 225007, 46.0763, 3.9757e+06
0.301261, 3872.6, 224971, 46.0763, 3.97562e+06
0.3013, 3871.8, 224935, 46.0763, 3.97555e+06
0.301339, 3871.01, 224899, 46.0763, 3.97548e+06
0.301378, 3870.21, 224863, 46.0763, 3.97544e+06
0.301417, 3869.42, 224828, 46.0763, 3.97541e+06
0.301455, 3868.62, 224793, 46.0763, 3.9754e+06
0.301494, 3867.83, 224758, 46.0763, 3.97541e+06
0.301533, 3867.04, 224723, 46.0763, 3.97542e+06
0.301572, 3866.24, 224689, 46.0763, 3.97545e+06
0.301611, 3865.45, 224655, 46.0763, 3.97549e+06
0.30165, 3864.66, 224621, 46.0763, 3.97552e+06
0.301689, 3863.87, 224588, 46.0763, 3.97555e+06
0.301728, 3863.08, 224555, 46.0763, 3.97558e+06
0.301767, 3862.29, 224522, 46.0763, 3.9756e+06
0.301806, 3861.5, 224489, 46.0763, 3.97562e+06
0.301845, 3860.71, 224457, 46.0763, 3.97563e+06
0.301884, 3859.92, 224425, 46.0763, 3.97564e+06
0.301923, 3859.13, 224393, 46.0763, 3.97565e+06
0.301962, 3858.34, 224362, 46.0763, 3.97566e+06
0.302001, 3857.56, 224331, 46.0763, 3.97567e+06
0.302039, 3856.77, 224300, 46.0763, 3.97568e+06
0.302078, 3855.98, 224269, 46.0763, 3.9757e+06
0.302117, 3855.2, 224238, 46.0763, 3.97571e+06
0.302156, 3854.41, 224208, 46.0763, 3.97573e+06
0.302195, 3853.63, 224178, 46.0763, 3.97575e+06
0.302234, 3852.84, 224148, 46.0763, 3.97576e+06
0.302273, 3852.06, 224119, 46.0763, 3.97578e+06
0.302312, 3851.27, 224090, 46.0763, 3.97579e+06
0.302351, 3850.49, 224061, 46.0763, 3.9758e+06
0.30239, 3849.71, 224032, 46.0763, 3.9758e+06
0.302429, 3848.93, 224003, 46.0763, 3.97582e+06
0.302468, 3848.14, 223975, 46.0763, 3.97583e+06
0.302507, 3847.36, 223947, 46.0763, 3.97584e+06
0.302546, 3846.58, 223919, 46.0763, 3.97586e+06
0.302584, 3845.8, 223892, 46.0763, 3.97587e+06
0.302623, 3845.02, 223865, 46.0763, 3.97589e+06
0.302662, 3844.24, 223837, 46.0763, 3.9759e+06
0.302701, 3843.46, 223811, 46.0763, 3.97591e+06
0.30274, 3842.68, 223784, 46.0763, 3.97592e+06
0.302779, 3841.9, 223757, 46.0763, 3.97593e+06
0.302818, 3841.13, 223731, 46.0763, 3.97593e+06
0.302857, 3840.35, 223705, 46.0763, 3.97595e+06
0.302896, 3839.57, 223679, 46.0763, 3.97596e+06
0.302935, 3838.79, 223653, 46.0763, 3.97598e+06
0.302974, 3838.01, 223628, 46.0763, 3.976e+06
0.303013, 3837.24, 223602, 46.0763, 3.97602e+06
0.303052, 3836.46, 223577, 46.0763, 3.97604e+06
0.30309, 3835.68, 223553, 46.0763, 3.97605e+06
0.303129, 3834.91, 223528, 46.0763, 3.97605e+06
0.303168, 3834.13, 223504, 46.0763, 3.97603e+06
0.303207, 3833.35, 223479, 46.0763, 3.97599e+06
0.303246, 3832.58, 223455, 46.0763, 3.97594e+06
0.303285, 3831.8, 223432, 46.0763, 3.97587e+06
0.303324, 3831.03, 223408, 46.0763, 3.97579e+06
0.303363, 3830.25, 223385, 46.0763, 3.97571e+06
0.303402, 3829.48, 223361, 46.0763, 3.97563e+06
0.303441, 3828.7, 223338, 46.0763, 3.97555e+06
0.30348, 3827.93, 223315, 46.0763, 3.97549e+06
0.303519, 3827.16, 223293, 46.0763, 3.97544e+06
0.303558, 3826.38, 223270, 46.0763, 3.97541e+06
0.303596, 3825.61, 223248, 46.0763, 3.9754e+06
0.303635, 3824.84, 223226, 46.0763, 3.97541e+06
0.303674, 3824.07, 223204, 46.0763, 3.97543e+06
0.303713, 3823.29, 223182, 46.0763, 3.97547e+06
0.303752, 3822.52, 223160, 46.0763, 3.97551e+06
0.303791, 3821.75, 223139, 46.0763, 3.97556e+06
0.30383, 3820.98, 223117, 46.0763, 3.97562e+06
0.303869, 3820.21, 223096, 46.0763, 3.97567e+06
0.303908, 3819.43, 223075, 46.0763, 3.97573e+06
0.303947, 3818.66, 223054, 46.0763, 3.97577e+06
0.303986, 3817.89, 223033, 46.0763, 3.9758e+06
0.304025, 3817.12, 223013, 46.0763, 3.97582e+06
0.304064, 3816.35, 222992, 46.0763, 3.97582e+06
0.304103, 3815.58, 222972, 46.0763, 3.9758e+06
0.304141, 3814.81, 222951, 46.0763, 3.97577e+06
0.30418, 3814.05, 222931, 46.0763, 3.97572e+06
0.304219, 3813.28, 222911, 46.0763, 3.97566e+06
0.304258, 3812.51, 222891, 46.0763, 3.97559e+06
0.304297, 3811.74, 222872, 46.0763, 3.97552e+06
0.304336, 3810.97, 222852, 46.0763, 3.97545e+06
0.304375, 3810.21, 222832, 46.0763, 3.9754e+06
0.304414, 3809.44, 222813, 46.0763, 3.97537e+06
0.304453, 3808.67, 222794, 46.0763, 3.97535e+06
0.304492, 3807.9, 222774, 46.0763, 3.97536e+06
0.304531, 3807.14, 222755, 46.0763, 3.97538e+06
0.30457, 3806.37, 222736, 46.0763, 3.97542e+06
0.304609, 3805.6, 222717, 46.0763, 3.97546e+06
0.304648, 3804.84, 222698, 46.0763, 3.9755e+06
0.304687, 3804.07, 222679, 46.0763, 3.97554e+06
0.304726, 3803.3, 222660, 46.0763, 3.97556e+06
0.304765, 3802.54, 222641, 46.0763, 3.97557e+06
0.304803, 3801.77, 222622, 46.0763, 3.97557e+06
0.304842, 3801.01, 222603, 46.0763, 3.97556e+06
0.304881, 3800.24, 222584, 46.0763, 3.97553e+06
0.30492, 3799.48, 222566, 46.0763, 3.9755e+06
0.304959, 3798.71, 222547, 46.0763, 3.97546e+06
0.304998, 3797.95, 222528, 46.0763, 3.97542e+06
0.305037, 3797.19, 222510, 46.0763, 3.9754e+06
0.305076, 3796.42, 222491, 46.0763, 3.97538e+06
0.305115, 3795.66, 222473, 46.0763, 3.97537e+06
0.305154, 3794.9, 222454, 46.0763, 3.97537e+06
0.305193, 3794.13, 222436, 46.0763, 3.97539e+06
0.305232, 3793.37, 222418, 46.0763, 3.97541e+06
0.305271, 3792.61, 222399, 46.0763, 3.97544e+06
0.30531, 3791.84, 222381, 46.0763, 3.97548e+06
0.305349, 3791.08, 222363, 46.0763, 3.97552e+06
0.305388, 3790.32, 222345, 46.0763, 3.97556e+06
0.305427, 3789.56, 222327, 46.0763, 3.9756e+06
0.305466, 3788.8, 222309, 46.0763, 3.97564e+06
0.305505, 3788.04, 222291, 46.0763, 3.97568e+06
0.305544, 3787.28, 222274, 46.0763, 3.97571e+06
0.305582, 3786.52, 222256, 46.0763, 3.97575e+06
0.305621, 3785.76, 222238, 46.0763, 3.97579e+06
0.30566, 3785, 222220, 46.0763, 3.97582e+06
0.305699, 3784.24, 222203, 46.0763, 3.97585e+06
0.305738, 3783.48, 222185, 46.0763, 3.97586e+06
0.305777, 3782.72, 222167, 46.0763, 3.97587e+06
0.305816, 3781.96, 222150, 46.0763, 3.97586e+06
0.305855, 3781.2, 222132, 46.0763, 3.97584e+06
0.305894, 3780.45, 222115, 46.0763, 3.9758e+06
0.305933, 3779.69, 222097, 46.0763, 3.97576e+06
0.305972, 3778.93, 222080, 46.0763, 3.9757e+06
0.306011, 3778.17, 222062, 46.0763, 3.97564e+06
0.30605, 3777.42, 222045, 46.0763, 3.97557e+06
0.306089, 3776.66, 222027, 46.0763, 3.97549e+06
0.306128, 3775.9, 222010, 46.0763, 3.97541e+06
0.306167, 3775.15, 221993, 46.0763, 3.97534e+06
0.306206, 3774.39, 221976, 46.0763, 3.97527e+06
0.306245, 3773.64, 221958, 46.0763, 3.97521e+06
0.306284, 3772.88, 221941, 46.0763, 3.97518e+06
0.306322, 3772.13, 221924, 46.0763, 3.97516e+06
0.306361, 3771.37, 221907, 46.0763, 3.97517e+06
0.3064, 3770.62, 221890, 46.0763, 3.97521e+06
0.306439, 3769.87, 221872, 46.0763, 3.97528e+06
0.306478, 3769.11, 221855, 46.0763, 3.97538e+06
0.306517, 3768.36, 221838, 46.0763, 3.97549e+06
0.306556, 3767.61, 221821, 46.0763, 3.97562e+06
0.306595, 3766.86, 221804, 46.0763, 3.97574e+06
0.306634, 3766.1, 221787, 46.0763, 3.97586e+06
0.306673, 3765.35, 221770, 46.0763, 3.97596e+06
0.306712, 3764.6, 221752, 46.0763, 3.97604e+06
0.306751, 3763.85, 221735, 46.0763, 3.97609e+06
0.30679, 3763.1, 221718, 46.0763, 3.97612e+06
0.306829, 3762.35, 221701, 46.0763, 3.97614e+06
0.306868, 3761.6, 221683, 46.0763, 3.97613e+06
0.306907, 3760.85, 221666, 46.0763, 3.97612e+06
0.306946, 3760.1, 221648, 46.0763, 3.97612e+06
0.306985, 3759.35, 221631, 46.0763, 3.97611e+06
0.307024, 3758.6, 221614, 46.0763, 3.97612e+06
0.307063, 3757.85, 221596, 46.0763, 3.97613e+06
0.307101, 3757.1, 221579, 46.0763, 3.97615e+06
0.30714, 3756.35, 221561, 46.0763, 3.97618e+06
0.307179, 3755.6, 221544, 46.0763, 3.97621e+06
0.307218, 3754.85, 221527, 46.0763, 3.97622e+06
0.307257, 3754.11, 221509, 46.0763, 3.97623e+06
0.307296, 3753.36, 221492, 46.0763, 3.97622e+06
0.307335, 3752.61, 221474, 46.0763, 3.97619e+06
0.307374, 3751.86, 221457, 46.0763, 3.97615e+06
0.307413, 3751.12, 221439, 46.0763, 3.97609e+06
0.307452, 3750.37, 221422, 46.0763, 3.97601e+06
0.307491, 3749.62, 221404, 46.0763, 3.97592e+06
0.30753, 3748.88, 221386, 46.0763, 3.97583e+06
0.307569, 3748.13, 221368, 46.0763, 3.97574e+06
0.307608, 3747.39, 221351, 46.0763, 3.97566e+06
0.307647, 3746.64, 221333, 46.0763, 3.9756e+06
0.307686, 3745.89, 221315, 46.0763, 3.97555e+06
0.307725, 3745.15, 221297, 46.0763, 3.97551e+06
0.307764, 3744.4, 221279, 46.0763, 3.9755e+06
0.307803, 3743.65, 221261, 46.0763, 3.9755e+06
0.307842, 3742.91, 221243, 46.0763, 3.97551e+06
0.307881, 3742.16, 221225, 46.0763, 3.97553e+06
0.30792, 3741.42, 221207, 46.0763, 3.97554e+06
0.307959, 3740.67, 221189, 46.0763, 3.97556e+06
0.307998, 3739.92, 221170, 46.0763, 3.97556e+06
0.308037, 3739.18, 221152, 46.0763, 3.97555e+06
0.308076, 3738.43, 221134, 46.0763, 3.97554e+06
0.308115, 3737.69, 221116, 46.0763, 3.97551e+06
0.308153, 3736.94, 221098, 46.0763, 3.97548e+06
0.308192, 3736.2, 221079, 46.0763, 3.97544e+06
0.308231, 3735.45, 221061, 46.0763, 3.9754e+06
0.30827, 3734.7, 221043, 46.0763, 3.97536e+06
0.308309, 3733.96, 221025, 46.0763, 3.97533e+06
0.308348, 3733.21, 221006, 46.0763, 3.97531e+06
0.308387, 3732.47, 220988, 46.0763, 3.9753e+06
0.308426, 3731.72, 220970, 46.0763, 3.9753e+06
0.308465, 3730.98, 220952, 46.0763, 3.97532e+06
0.308504, 3730.24, 220933, 46.0763, 3.97536e+06
0.308543, 3729.49, 220915, 46.0763, 3.9754e+06
0.308582, 3728.75, 220897, 46.0763, 3.97545e+06
0.308621, 3728, 220878, 46.0763, 3.97551e+06
0.30866, 3727.26, 220860, 46.0763, 3.97556e+06
0.308699, 3726.52, 220841, 46.0763, 3.97562e+06
0.308738, 3725.77, 220823, 46.0763, 3.97566e+06
0.308777, 3725.03, 220804, 46.0763, 3.9757e+06
0.308816, 3724.29, 220786, 46.0763, 3.97573e+06
0.308855, 3723.55, 220767, 46.0763, 3.97575e+06
0.308894, 3722.8, 220749, 46.0763, 3.97576e+06
0.308933, 3722.06, 220730, 46.0763, 3.97575e+06
0.308972, 3721.32, 220712, 46.0763, 3.97573e+06
0.309011, 3720.58, 220693, 46.0763, 3.9757e+06
0.30905, 3719.83, 220674, 46.0763, 3.97566e+06
0.309089, 3719.09, 220656, 46.0763, 3.97561e+06
0.309128, 3718.35, 220637, 46.0763, 3.97556e+06
0.309167, 3717.61, 220618, 46.0763, 3.97551e+06
0.309206, 3716.87, 220599, 46.0763, 3.97547e+06
0.309245, 3716.12, 220581, 46.0763, 3.97545e+06
0.309284, 3715.38, 220562, 46.0763, 3.97544e+06
0.309323, 3714.64, 220543, 46.0763, 3.97545e+06
0.309362, 3713.9, 220524, 46.0763, 3.97548e+06
0.309401, 3713.16, 220505, 46.0763, 3.97552e+06
0.30944, 3712.42, 220486, 46.0763, 3.97557e+06
0.309479, 3711.68, 220467, 46.0763, 3.97563e+06
0.309518, 3710.94, 220448, 46.0763, 3.9757e+06
0.309557, 3710.2, 220429, 46.0763, 3.97576e+06
0.309596, 3709.46, 220410, 46.0763, 3.97581e+06
0.309635, 3708.71, 220391, 46.0763, 3.97585e+06
0.309674, 3707.97, 220372, 46.0763, 3.97588e+06
0.309713, 3707.24, 220352, 46.0763, 3.97588e+06
0.309752, 3706.5, 220333, 46.0763, 3.97587e+06
0.309791, 3705.76, 220314, 46.0763, 3.97584e+06
0.30983, 3705.02, 220295, 46.0763, 3.9758e+06
0.309869, 3704.28, 220275, 46.0763, 3.97576e+06
0.309908, 3703.54, 220256, 46.0763, 3.97571e+06
0.309947, 3702.8, 220236, 46.0763, 3.97566e+06
0.309986, 3702.06, 220217, 46.0763, 3.97563e+06
0.310025, 3701.33, 220197, 46.0763, 3.97561e+06
0.310064, 3700.59, 220178, 46.0763, 3.9756e+06
0.310103, 3699.85, 220158, 46.0763, 3.9756e+06
0.310142, 3699.11, 220138, 46.0763, 3.97562e+06
0.310181, 3698.38, 220118, 46.0763, 3.97564e+06
0.31022, 3697.64, 220099, 46.0763, 3.97567e+06
0.310259, 3696.91, 220079, 46.0763, 3.9757e+06
0.310298, 3696.17, 220059, 46.0763, 3.97573e+06
0.310337, 3695.43, 220039, 46.0763, 3.97576e+06
0.310376, 3694.7, 220019, 46.0763, 3.97578e+06
0.310415, 3693.96, 219999, 46.0763, 3.9758e+06
0.310454, 3693.23, 219979, 46.0763, 3.97582e+06
0.310493, 3692.49, 219959, 46.0763, 3.97583e+06
0.310532, 3691.76, 219939, 46.0763, 3.97584e+06
0.310571, 3691.03, 219919, 46.0763, 3.97585e+06
0.31061, 3690.29, 219898, 46.0763, 3.97584e+06
0.310649, 3689.56, 219878, 46.0763, 3.97583e+06
0.310688, 3688.83, 219858, 46.0763, 3.9758e+06
0.310727, 3688.09, 219838, 46.0763, 3.97577e+06
0.310766, 3687.36, 219817, 46.0763, 3.97573e+06
0.310805, 3686.63, 219797, 46.0763, 3.97568e+06
0.310844, 3685.9, 219777, 46.0763, 3.97562e+06
0.310883, 3685.16, 219756, 46.0763, 3.97557e+06
0.310922, 3684.43, 219736, 46.0763, 3.97551e+06
0.310961, 3683.7, 219716, 46.0763, 3.97546e+06
0.311, 3682.97, 219695, 46.0763, 3.97541e+06
0.311039, 3682.24, 219675, 46.0763, 3.97538e+06
0.311078, 3681.51, 219654, 46.0763, 3.97535e+06
0.311117, 3680.78, 219634, 46.0763, 3.97535e+06
0.311156, 3680.05, 219613, 46.0763, 3.97536e+06
0.311195, 3679.32, 219593, 46.0763, 3.97538e+06
0.311234, 3678.59, 219573, 46.0763, 3.97543e+06
0.311273, 3677.86, 219552, 46.0763, 3.97549e+06
0.311312, 3677.13, 219532, 46.0763, 3.97556e+06
0.311351, 3676.4, 219511, 46.0763, 3.97565e+06
0.31139, 3675.67, 219490, 46.0763, 3.97574e+06
0.311429, 3674.94, 219470, 46.0763, 3.97583e+06
0.311468, 3674.21, 219449, 46.0763, 3.97592e+06
0.311508, 3673.48, 219428, 46.0763, 3.97601e+06
0.311547, 3672.75, 219408, 46.0763, 3.97607e+06
0.311586, 3672.03, 219387, 46.0763, 3.97612e+06
0.311625, 3671.3, 219366, 46.0763, 3.97614e+06
0.311664, 3670.57, 219345, 46.0763, 3.97614e+06
0.311703, 3669.84, 219324, 46.0763, 3.97611e+06
0.311742, 3669.11, 219303, 46.0763, 3.97606e+06
0.311781, 3668.39, 219282, 46.0763, 3.97599e+06
0.31182, 3667.66, 219262, 46.0763, 3.97592e+06
0.311859, 3666.93, 219240, 46.0763, 3.97585e+06
0.311898, 3666.21, 219219, 46.0763, 3.97579e+06
0.311937, 3665.48, 219198, 46.0763, 3.97573e+06
0.311976, 3664.75, 219177, 46.0763, 3.97569e+06
0.312015, 3664.03, 219156, 46.0763, 3.97564e+06
0.312054, 3663.3, 219135, 46.0763, 3.9756e+06
0.312093, 3662.57, 219113, 46.0763, 3.97556e+06
0.312132, 3661.85, 219092, 46.0763, 3.97552e+06
0.312171, 3661.12, 219071, 46.0763, 3.97548e+06
0.312211, 3660.39, 219049, 46.0763, 3.97543e+06
0.31225, 3659.67, 219027, 46.0763, 3.97539e+06
0.312289, 3658.94, 219006, 46.0763, 3.97535e+06
0.312328, 3658.22, 218984, 46.0763, 3.97531e+06
0.312367, 3657.49, 218962, 46.0763, 3.97529e+06
0.312406, 3656.77, 218941, 46.0763, 3.97528e+06
0.312445, 3656.04, 218919, 46.0763, 3.97528e+06
0.312484, 3655.32, 218897, 46.0763, 3.97529e+06
0.312523, 3654.59, 218875, 46.0763, 3.97532e+06
0.312562, 3653.87, 218852, 46.0763, 3.97536e+06
0.312601, 3653.14, 218830, 46.0763, 3.97542e+06
0.31264, 3652.42, 218808, 46.0763, 3.97548e+06
0.312679, 3651.7, 218785, 46.0763, 3.97555e+06
0.312719, 3650.97, 218763, 46.0763, 3.97562e+06
0.312758, 3650.25, 218740, 46.0763, 3.97569e+06
0.312797, 3649.53, 218718, 46.0763, 3.97575e+06
0.312836, 3648.8, 218695, 46.0763, 3.97582e+06
0.312875, 3648.08, 218673, 46.0763, 3.97588e+06
0.312914, 3647.36, 218650, 46.0763, 3.97594e+06
0.312953, 3646.64, 218627, 46.0763, 3.976e+06
0.312992, 3645.92, 218604, 46.0763, 3.97606e+06
0.313031, 3645.2, 218581, 46.0763, 3.97612e+06
0.31307, 3644.47, 218559, 46.0763, 3.97619e+06
0.313109, 3643.75, 218536, 46.0763, 3.97626e+06
0.313149, 3643.03, 218513, 46.0763, 3.97632e+06
0.313188, 3642.31, 218490, 46.0763, 3.97637e+06
0.313227, 3641.59, 218467, 46.0763, 3.97641e+06
0.313266, 3640.87, 218444, 46.0763, 3.97644e+06
0.313305, 3640.15, 218421, 46.0763, 3.97645e+06
0.313344, 3639.44, 218397, 46.0763, 3.97645e+06
0.313383, 3638.72, 218374, 46.0763, 3.97643e+06
0.313422, 3638, 218351, 46.0763, 3.97639e+06
0.313461, 3637.28, 218328, 46.0763, 3.97634e+06
0.3135, 3636.56, 218305, 46.0763, 3.97628e+06
0.31354, 3635.84, 218281, 46.0763, 3.9762e+06
0.313579, 3635.12, 218258, 46.0763, 3.97611e+06
0.313618, 3634.4, 218235, 46.0763, 3.97602e+06
0.313657, 3633.69, 218211, 46.0763, 3.97592e+06
0.313696, 3632.97, 218188, 46.0763, 3.97581e+06
0.313735, 3632.25, 218164, 46.0763, 3.97572e+06
0.313774, 3631.53, 218140, 46.0763, 3.97563e+06
0.313813, 3630.81, 218117, 46.0763, 3.97555e+06
0.313852, 3630.1, 218093, 46.0763, 3.97549e+06
0.313891, 3629.38, 218069, 46.0763, 3.97544e+06
0.313931, 3628.66, 218045, 46.0763, 3.97541e+06
0.31397, 3627.94, 218021, 46.0763, 3.9754e+06
0.314009, 3627.22, 217997, 46.0763, 3.97541e+06
0.314048, 3626.51, 217973, 46.0763, 3.97543e+06
0.314087, 3625.79, 217949, 46.0763, 3.97546e+06
0.314126, 3625.07, 217925, 46.0763, 3.9755e+06
0.314165, 3624.36, 217901, 46.0763, 3.97556e+06
0.314204, 3623.64, 217877, 46.0763, 3.97563e+06
0.314243, 3622.92, 217853, 46.0763, 3.9757e+06
0.314283, 3622.21, 217828, 46.0763, 3.97577e+06
0.314322, 3621.49, 217804, 46.0763, 3.97583e+06
0.314361, 3620.78, 217780, 46.0763, 3.97589e+06
0.3144, 3620.06, 217756, 46.0763, 3.97594e+06
0.314439, 3619.35, 217731, 46.0763, 3.97598e+06
0.314478, 3618.63, 217707, 46.0763, 3.97601e+06
0.314517, 3617.92, 217683, 46.0763, 3.97602e+06
0.314556, 3617.2, 217658, 46.0763, 3.97602e+06
0.314595, 3616.49, 217634, 46.0763, 3.976e+06
0.314634, 3615.78, 217610, 46.0763, 3.97598e+06
0.314674, 3615.06, 217585, 46.0763, 3.97594e+06
0.314713, 3614.35, 217561, 46.0763, 3.9759e+06
0.314752, 3613.64, 217536, 46.0763, 3.97586e+06
0.314791, 3612.92, 217512, 46.0763, 3.97581e+06
0.31483, 3612.21, 217487, 46.0763, 3.97576e+06
0.314869, 3611.5, 217463, 46.0763, 3.9757e+06
0.314908, 3610.79, 217438, 46.0763, 3.97566e+06
0.314947, 3610.07, 217413, 46.0763, 3.97561e+06
0.314986, 3609.36, 217388, 46.0763, 3.97557e+06
0.315025, 3608.65, 217363, 46.0763, 3.97554e+06
0.315064, 3607.94, 217338, 46.0763, 3.97552e+06
0.315104, 3607.23, 217313, 46.0763, 3.97552e+06
0.315143, 3606.51, 217288, 46.0763, 3.97553e+06
0.315182, 3605.8, 217263, 46.0763, 3.97556e+06
0.315221, 3605.09, 217237, 46.0763, 3.9756e+06
0.31526, 3604.38, 217212, 46.0763, 3.97564e+06
0.315299, 3603.67, 217186, 46.0763, 3.97569e+06
0.315338, 3602.96, 217161, 46.0763, 3.97573e+06
0.315377, 3602.25, 217135, 46.0763, 3.97576e+06
0.315416, 3601.54, 217109, 46.0763, 3.97578e+06
0.315455, 3600.83, 217083, 46.0763, 3.97579e+06
0.315494, 3600.12, 217057, 46.0763, 3.97579e+06
0.315533, 3599.41, 217031, 46.0763, 3.97578e+06
0.315572, 3598.7, 217005, 46.0763, 3.97575e+06
0.315611, 3597.99, 216978, 46.0763, 3.9757e+06
0.31565, 3597.28, 216952, 46.0763, 3.97565e+06
0.31569, 3596.57, 216925, 46.0763, 3.9756e+06
0.315729, 3595.86, 216899, 46.0763, 3.97554e+06
0.315768, 3595.16, 216872, 46.0763, 3.97548e+06
0.315807, 3594.45, 216846, 46.0763, 3.97542e+06
0.315846, 3593.74, 216819, 46.0763, 3.97538e+06
0.315885, 3593.03, 216793, 46.0763, 3.97534e+06
0.315924, 3592.33, 216766, 46.0763, 3.97532e+06
0.315963, 3591.62, 216739, 46.0763, 3.97533e+06
0.316002, 3590.91, 216712, 46.0763, 3.97535e+06
0.316041, 3590.21, 216685, 46.0763, 3.97539e+06
0.31608, 3589.5, 216658, 46.0763, 3.97544e+06
0.316119, 3588.8, 216631, 46.0763, 3.9755e+06
0.316158, 3588.09, 216604, 46.0763, 3.97556e+06
0.316197, 3587.39, 216577, 46.0763, 3.97561e+06
0.316236, 3586.68, 216550, 46.0763, 3.97566e+06
0.316275, 3585.98, 216523, 46.0763, 3.9757e+06
0.316314, 3585.28, 216495, 46.0763, 3.97573e+06
0.316353, 3584.57, 216468, 46.0763, 3.97574e+06
0.316392, 3583.87, 216441, 46.0763, 3.97575e+06
0.316431, 3583.17, 216413, 46.0763, 3.97576e+06
0.31647, 3582.46, 216386, 46.0763, 3.97576e+06
0.316509, 3581.76, 216358, 46.0763, 3.97576e+06
0.316549, 3581.06, 216331, 46.0763, 3.97576e+06
0.316588, 3580.35, 216303, 46.0763, 3.97577e+06
0.316627, 3579.65, 216275, 46.0763, 3.97577e+06
0.316666, 3578.95, 216248, 46.0763, 3.97577e+06
0.316705, 3578.25, 216220, 46.0763, 3.97576e+06
0.316744, 3577.55, 216192, 46.0763, 3.97579e+06
0.316783, 3576.84, 216164, 46.0763, 3.9758e+06
0.316822, 3576.14, 216136, 46.0763, 3.97582e+06
0.316861, 3575.44, 216107, 46.0763, 3.97583e+06
0.3169, 3574.74, 216079, 46.0763, 3.97585e+06
0.316939, 3574.04, 216051, 46.0763, 3.97587e+06
0.316978, 3573.34, 216023, 46.0763, 3.97588e+06
0.317017, 3572.64, 215994, 46.0763, 3.97586e+06
0.317056, 3571.94, 215966, 46.0763, 3.97586e+06
0.317095, 3571.24, 215937, 46.0763, 3.97587e+06
0.317134, 3570.54, 215908, 46.0763, 3.97589e+06
0.317173, 3569.84, 215880, 46.0763, 3.97591e+06
0.317212, 3569.14, 215851, 46.0763, 3.97593e+06
0.317251, 3568.44, 215822, 46.0763, 3.97592e+06
0.31729, 3567.75, 215793, 46.0763, 3.9759e+06
0.317329, 3567.05, 215764, 46.0763, 3.97587e+06
0.317368, 3566.35, 215735, 46.0763, 3.97582e+06
0.317407, 3565.65, 215706, 46.0763, 3.97575e+06
0.317446, 3564.96, 215677, 46.0763, 3.97568e+06
0.317485, 3564.26, 215648, 46.0763, 3.9756e+06
0.317524, 3563.56, 215618, 46.0763, 3.97553e+06
0.317563, 3562.87, 215589, 46.0763, 3.97548e+06
0.317602, 3562.17, 215559, 46.0763, 3.97545e+06
0.317641, 3561.48, 215530, 46.0763, 3.97544e+06
0.31768, 3560.78, 215500, 46.0763, 3.97547e+06
0.317719, 3560.09, 215470, 46.0763, 3.97553e+06
0.317758, 3559.39, 215440, 46.0763, 3.97562e+06
0.317797, 3558.7, 215410, 46.0763, 3.97573e+06
0.317836, 3558, 215380, 46.0763, 3.97586e+06
0.317875, 3557.31, 215350, 46.0763, 3.97599e+06
0.317914, 3556.61, 215320, 46.0763, 3.97613e+06
0.317953, 3555.92, 215289, 46.0763, 3.97625e+06
0.317992, 3555.22, 215259, 46.0763, 3.97636e+06
0.318031, 3554.53, 215229, 46.0763, 3.97646e+06
0.31807, 3553.84, 215198, 46.0763, 3.97654e+06
0.318109, 3553.14, 215168, 46.0763, 3.97661e+06
0.318148, 3552.45, 215137, 46.0763, 3.97664e+06
0.318187, 3551.76, 215107, 46.0763, 3.97665e+06
0.318226, 3551.07, 215076, 46.0763, 3.97663e+06
0.318265, 3550.37, 215045, 46.0763, 3.97659e+06
0.318304, 3549.68, 215014, 46.0763, 3.97654e+06
0.318343, 3548.99, 214984, 46.0763, 3.97649e+06
0.318382, 3548.3, 214953, 46.0763, 3.97642e+06
0.318421, 3547.61, 214922, 46.0763, 3.97634e+06
0.31846, 3546.92, 214891, 46.0763, 3.97627e+06
0.318499, 3546.22, 214859, 46.0763, 3.97619e+06
0.318537, 3545.53, 214828, 46.0763, 3.97611e+06
0.318576, 3544.84, 214797, 46.0763, 3.97605e+06
0.318615, 3544.15, 214766, 46.0763, 3.97599e+06
0.318654, 3543.46, 214734, 46.0763, 3.97595e+06
0.318693, 3542.77, 214702, 46.0763, 3.97592e+06
0.318732, 3542.08, 214671, 46.0763, 3.9759e+06
0.318771, 3541.39, 214639, 46.0763, 3.97589e+06
0.31881, 3540.7, 214607, 46.0763, 3.97589e+06
0.318849, 3540.01, 214575, 46.0763, 3.97587e+06
0.318888, 3539.32, 214543, 46.0763, 3.97585e+06
0.318927, 3538.63, 214511, 46.0763, 3.97585e+06
0.318966, 3537.95, 214479, 46.0763, 3.97582e+06
0.319005, 3537.26, 214447, 46.0763, 3.97581e+06
0.319044, 3536.57, 214414, 46.0763, 3.97579e+06
0.319083, 3535.88, 214382, 46.0763, 3.9758e+06
0.319122, 3535.19, 214350, 46.0763, 3.97582e+06
0.319161, 3534.5, 214317, 46.0763, 3.97585e+06
0.3192, 3533.82, 214284, 46.0763, 3.97587e+06
0.319239, 3533.13, 214251, 46.0763, 3.97589e+06
0.319278, 3532.44, 214219, 46.0763, 3.9759e+06
0.319317, 3531.75, 214186, 46.0763, 3.97592e+06
0.319356, 3531.07, 214153, 46.0763, 3.97597e+06
0.319395, 3530.38, 214120, 46.0763, 3.97604e+06
0.319433, 3529.69, 214086, 46.0763, 3.97615e+06
0.319472, 3529.01, 214053, 46.0763, 3.97626e+06
0.319511, 3528.32, 214020, 46.0763, 3.9763e+06
0.31955, 3527.63, 213986, 46.0763, 3.97627e+06
0.319589, 3526.95, 213953, 46.0763, 3.97622e+06
0.319628, 3526.26, 213919, 46.0763, 3.97616e+06
0.319667, 3525.58, 213886, 46.0763, 3.97611e+06
0.319706, 3524.89, 213852, 46.0763, 3.97607e+06
0.319745, 3524.21, 213818, 46.0763, 3.97603e+06
0.319784, 3523.52, 213784, 46.0763, 3.97601e+06
0.319823, 3522.84, 213750, 46.0763, 3.97598e+06
0.319862, 3522.15, 213716, 46.0763, 3.97594e+06
0.319901, 3521.47, 213682, 46.0763, 3.9759e+06
0.31994, 3520.78, 213648, 46.0763, 3.97586e+06
0.319979, 3520.1, 213614, 46.0763, 3.97583e+06
0.320017, 3519.42, 213580, 46.0763, 3.9758e+06
0.320056, 3518.73, 213545, 46.0763, 3.97579e+06
0.320095, 3518.05, 213511, 46.0763, 3.97579e+06
0.320134, 3517.37, 213477, 46.0763, 3.9758e+06
0.320173, 3516.68, 213442, 46.0763, 3.97583e+06
0.320212, 3516, 213407, 46.0763, 3.97586e+06
0.320251, 3515.32, 213373, 46.0763, 3.9759e+06
0.32029, 3514.64, 213338, 46.0763, 3.97593e+06
0.320329, 3513.95, 213303, 46.0763, 3.97597e+06
0.320368, 3513.27, 213268, 46.0763, 3.976e+06
0.320407, 3512.59, 213233, 46.0763, 3.97601e+06
0.320446, 3511.91, 213198, 46.0763, 3.97602e+06
0.320484, 3511.23, 213163, 46.0763, 3.97602e+06
0.320523, 3510.54, 213127, 46.0763, 3.97601e+06
0.320562, 3509.86, 213092, 46.0763, 3.97598e+06
0.320601, 3509.18, 213057, 46.0763, 3.97593e+06
0.32064, 3508.5, 213021, 46.0763, 3.97587e+06
0.320679, 3507.82, 212986, 46.0763, 3.97582e+06
0.320718, 3507.14, 212950, 46.0763, 3.97576e+06
0.320757, 3506.46, 212915, 46.0763, 3.97571e+06
0.320796, 3505.78, 212879, 46.0763, 3.97566e+06
0.320835, 3505.1, 212843, 46.0763, 3.97561e+06
0.320873, 3504.42, 212808, 46.0763, 3.97557e+06
0.320912, 3503.74, 212772, 46.0763, 3.97553e+06
0.320951, 3503.06, 212736, 46.0763, 3.97549e+06
0.32099, 3502.38, 212700, 46.0763, 3.97547e+06
0.321029, 3501.7, 212665, 46.0763, 3.97547e+06
0.321068, 3501.02, 212629, 46.0763, 3.97548e+06
0.321107, 3500.34, 212593, 46.0763, 3.97551e+06
0.321146, 3499.66, 212557, 46.0763, 3.97555e+06
0.321185, 3498.98, 212521, 46.0763, 3.9756e+06
0.321223, 3498.31, 212485, 46.0763, 3.97566e+06
0.321262, 3497.63, 212448, 46.0763, 3.97574e+06
0.321301, 3496.95, 212412, 46.0763, 3.97583e+06
0.32134, 3496.27, 212376, 46.0763, 3.97591e+06
0.321379, 3495.59, 212339, 46.0763, 3.976e+06
0.321418, 3494.91, 212303, 46.0763, 3.97607e+06
0.321457, 3494.24, 212266, 46.0763, 3.97613e+06
0.321496, 3493.56, 212230, 46.0763, 3.97618e+06
0.321534, 3492.88, 212193, 46.0763, 3.9762e+06
0.321573, 3492.2, 212156, 46.0763, 3.9762e+06
0.321612, 3491.53, 212119, 46.0763, 3.97618e+06
0.321651, 3490.85, 212083, 46.0763, 3.97614e+06
0.32169, 3490.17, 212046, 46.0763, 3.97611e+06
0.321729, 3489.49, 212009, 46.0763, 3.97607e+06
0.321768, 3488.82, 211972, 46.0763, 3.97604e+06
0.321806, 3488.14, 211935, 46.0763, 3.97602e+06
0.321845, 3487.46, 211898, 46.0763, 3.97602e+06
0.321884, 3486.79, 211861, 46.0763, 3.97603e+06
0.321923, 3486.11, 211824, 46.0763, 3.97605e+06
0.321962, 3485.43, 211787, 46.0763, 3.97608e+06
0.322001, 3484.76, 211749, 46.0763, 3.97612e+06
0.32204, 3484.08, 211712, 46.0763, 3.97615e+06
0.322078, 3483.4, 211675, 46.0763, 3.97617e+06
0.322117, 3482.73, 211637, 46.0763, 3.9762e+06
0.322156, 3482.05, 211600, 46.0763, 3.97621e+06
0.322195, 3481.38, 211563, 46.0763, 3.97622e+06
0.322234, 3480.7, 211525, 46.0763, 3.97623e+06
0.322273, 3480.02, 211488, 46.0763, 3.97624e+06
0.322312, 3479.35, 211450, 46.0763, 3.97625e+06
0.32235, 3478.67, 211413, 46.0763, 3.97626e+06
0.322389, 3478, 211375, 46.0763, 3.97627e+06
0.322428, 3477.32, 211338, 46.0763, 3.97628e+06
0.322467, 3476.65, 211300, 46.0763, 3.97628e+06
0.322506, 3475.97, 211262, 46.0763, 3.97629e+06
0.322545, 3475.3, 211225, 46.0763, 3.9763e+06
0.322583, 3474.62, 211187, 46.0763, 3.97631e+06
0.322622, 3473.95, 211149, 46.0763, 3.97633e+06
0.322661, 3473.27, 211111, 46.0763, 3.97635e+06
0.3227, 3472.6, 211073, 46.0763, 3.97637e+06
0.322739, 3471.93, 211035, 46.0763, 3.97639e+06
0.322778, 3471.25, 210996, 46.0763, 3.97641e+06
0.322816, 3470.58, 210958, 46.0763, 3.97642e+06
0.322855, 3469.9, 210920, 46.0763, 3.97642e+06
0.322894, 3469.23, 210882, 46.0763, 3.97641e+06
0.322933, 3468.56, 210843, 46.0763, 3.97638e+06
0.322972, 3467.88, 210805, 46.0763, 3.97634e+06
0.323011, 3467.21, 210766, 46.0763, 3.97628e+06
0.323049, 3466.54, 210727, 46.0763, 3.97621e+06
0.323088, 3465.86, 210689, 46.0763, 3.97612e+06
0.323127, 3465.19, 210650, 46.0763, 3.97603e+06
0.323166, 3464.52, 210611, 46.0763, 3.97594e+06
0.323205, 3463.84, 210572, 46.0763, 3.97586e+06
0.323243, 3463.17, 210533, 46.0763, 3.97578e+06
0.323282, 3462.5, 210494, 46.0763, 3.97572e+06
0.323321, 3461.83, 210455, 46.0763, 3.97567e+06
0.32336, 3461.15, 210416, 46.0763, 3.97564e+06
0.323399, 3460.48, 210377, 46.0763, 3.97563e+06
0.323437, 3459.81, 210338, 46.0763, 3.97564e+06
0.323476, 3459.14, 210298, 46.0763, 3.97567e+06
0.323515, 3458.47, 210259, 46.0763, 3.97571e+06
0.323554, 3457.79, 210219, 46.0763, 3.97578e+06
0.323593, 3457.12, 210180, 46.0763, 3.97586e+06
0.323631, 3456.45, 210140, 46.0763, 3.97595e+06
0.32367, 3455.78, 210101, 46.0763, 3.97605e+06
0.323709, 3455.11, 210061, 46.0763, 3.97615e+06
0.323748, 3454.44, 210021, 46.0763, 3.97625e+06
0.323787, 3453.77, 209981, 46.0763, 3.97634e+06
0.323825, 3453.09, 209941, 46.0763, 3.97642e+06
0.323864, 3452.42, 209901, 46.0763, 3.97649e+06
0.323903, 3451.75, 209861, 46.0763, 3.97654e+06
0.323942, 3451.08, 209821, 46.0763, 3.97658e+06
0.32398, 3450.41, 209781, 46.0763, 3.97659e+06
0.324019, 3449.74, 209740, 46.0763, 3.97658e+06
0.324058, 3449.07, 209700, 46.0763, 3.97655e+06
0.324097, 3448.4, 209660, 46.0763, 3.9765e+06
0.324136, 3447.73, 209620, 46.0763, 3.97644e+06
0.324174, 3447.06, 209579, 46.0763, 3.97637e+06
0.324213, 3446.39, 209539, 46.0763, 3.97629e+06
0.324252, 3445.71, 209498, 46.0763, 3.97622e+06
0.324291, 3445.04, 209458, 46.0763, 3.97615e+06
0.324329, 3444.37, 209418, 46.0763, 3.97609e+06
0.324368, 3443.7, 209377, 46.0763, 3.97603e+06
0.324407, 3443.03, 209337, 46.0763, 3.97598e+06
0.324446, 3442.36, 209296, 46.0763, 3.97594e+06
0.324484, 3441.69, 209255, 46.0763, 3.9759e+06
0.324523, 3441.02, 209215, 46.0763, 3.97587e+06
0.324562, 3440.35, 209174, 46.0763, 3.97585e+06
0.324601, 3439.68, 209134, 46.0763, 3.97584e+06
0.324639, 3439.02, 209093, 46.0763, 3.97583e+06
0.324678, 3438.35, 209052, 46.0763, 3.97584e+06
0.324717, 3437.68, 209011, 46.0763, 3.97585e+06
0.324756, 3437.01, 208971, 46.0763, 3.97588e+06
0.324794, 3436.34, 208930, 46.0763, 3.97592e+06
0.324833, 3435.67, 208889, 46.0763, 3.97597e+06
0.324872, 3435, 208848, 46.0763, 3.97602e+06
0.324911, 3434.33, 208807, 46.0763, 3.97608e+06
0.324949, 3433.66, 208766, 46.0763, 3.97614e+06
0.324988, 3432.99, 208725, 46.0763, 3.97619e+06
0.325027, 3432.32, 208685, 46.0763, 3.97624e+06
0.325066, 3431.65, 208644, 46.0763, 3.97628e+06
0.325104, 3430.98, 208603, 46.0763, 3.97631e+06
0.325143, 3430.31, 208562, 46.0763, 3.97633e+06
0.325182, 3429.64, 208521, 46.0763, 3.97634e+06
0.32522, 3428.97, 208480, 46.0763, 3.97635e+06
0.325259, 3428.3, 208439, 46.0763, 3.97635e+06
0.325298, 3427.63, 208398, 46.0763, 3.97634e+06
0.325337, 3426.97, 208357, 46.0763, 3.97633e+06
0.325375, 3426.3, 208316, 46.0763, 3.97631e+06
0.325414, 3425.63, 208275, 46.0763, 3.97629e+06
0.325453, 3424.96, 208233, 46.0763, 3.97626e+06
0.325491, 3424.29, 208192, 46.0763, 3.97623e+06
0.32553, 3423.62, 208151, 46.0763, 3.9762e+06
0.325569, 3422.95, 208110, 46.0763, 3.97617e+06
0.325608, 3422.28, 208068, 46.0763, 3.97615e+06
0.325646, 3421.61, 208027, 46.0763, 3.97614e+06
0.325685, 3420.94, 207985, 46.0763, 3.97613e+06
0.325724, 3420.28, 207944, 46.0763, 3.97614e+06
0.325762, 3419.61, 207902, 46.0763, 3.97615e+06
0.325801, 3418.94, 207860, 46.0763, 3.97616e+06
0.32584, 3418.27, 207818, 46.0763, 3.97618e+06
0.325878, 3417.6, 207776, 46.0763, 3.97619e+06
0.325917, 3416.93, 207734, 46.0763, 3.97619e+06
0.325956, 3416.26, 207692, 46.0763, 3.9762e+06
0.325995, 3415.59, 207650, 46.0763, 3.9762e+06
0.326033, 3414.93, 207607, 46.0763, 3.9762e+06
0.326072, 3414.26, 207565, 46.0763, 3.97619e+06
0.326111, 3413.59, 207523, 46.0763, 3.97619e+06
0.326149, 3412.92, 207480, 46.0763, 3.97618e+06
0.326188, 3412.25, 207438, 46.0763, 3.97618e+06
0.326227, 3411.59, 207395, 46.0763, 3.97619e+06
0.326265, 3410.92, 207352, 46.0763, 3.9762e+06
0.326304, 3410.25, 207310, 46.0763, 3.97623e+06
0.326343, 3409.58, 207267, 46.0763, 3.97625e+06
0.326381, 3408.92, 207224, 46.0763, 3.97628e+06
0.32642, 3408.25, 207181, 46.0763, 3.97631e+06
0.326459, 3407.58, 207138, 46.0763, 3.97632e+06
0.326497, 3406.91, 207095, 46.0763, 3.97632e+06
0.326536, 3406.25, 207052, 46.0763, 3.97631e+06
0.326575, 3405.58, 207009, 46.0763, 3.97629e+06
0.326613, 3404.92, 206966, 46.0763, 3.97627e+06
0.326652, 3404.25, 206923, 46.0763, 3.97624e+06
0.326691, 3403.58, 206880, 46.0763, 3.97623e+06
0.326729, 3402.92, 206836, 46.0763, 3.97622e+06
0.326768, 3402.25, 206793, 46.0763, 3.97621e+06
0.326807, 3401.59, 206750, 46.0763, 3.97621e+06
0.326845, 3400.92, 206706, 46.0763, 3.97622e+06
0.326884, 3400.26, 206663, 46.0763, 3.97623e+06
0.326923, 3399.59, 206619, 46.0763, 3.97624e+06
0.326961, 3398.93, 206576, 46.0763, 3.97626e+06
0.327, 3398.26, 206532, 46.0763, 3.97629e+06
0.327039, 3397.6, 206489, 46.0763, 3.97631e+06
0.327077, 3396.93, 206445, 46.0763, 3.97632e+06
0.327116, 3396.27, 206401, 46.0763, 3.97633e+06
0.327155, 3395.6, 206357, 46.0763, 3.97633e+06
0.327193, 3394.94, 206314, 46.0763, 3.97632e+06
0.327232, 3394.27, 206270, 46.0763, 3.9763e+06
0.327271, 3393.61, 206226, 46.0763, 3.97628e+06
0.327309, 3392.94, 206182, 46.0763, 3.97626e+06
0.327348, 3392.28, 206138, 46.0763, 3.97624e+06
0.327387, 3391.61, 206093, 46.0763, 3.97623e+06
0.327425, 3390.95, 206049, 46.0763, 3.97621e+06
0.327464, 3390.28, 206005, 46.0763, 3.9762e+06
0.327503, 3389.62, 205961, 46.0763, 3.9762e+06
0.327541, 3388.96, 205916, 46.0763, 3.9762e+06
0.32758, 3388.29, 205872, 46.0763, 3.9762e+06
0.327618, 3387.63, 205827, 46.0763, 3.9762e+06
0.327657, 3386.96, 205783, 46.0763, 3.97621e+06
0.327696, 3386.3, 205738, 46.0763, 3.97622e+06
0.327734, 3385.64, 205694, 46.0763, 3.97624e+06
0.327773, 3384.97, 205649, 46.0763, 3.97626e+06
0.327812, 3384.31, 205605, 46.0763, 3.97628e+06
0.32785, 3383.64, 205560, 46.0763, 3.97629e+06
0.327889, 3382.98, 205515, 46.0763, 3.97631e+06
0.327928, 3382.32, 205471, 46.0763, 3.97631e+06
0.327966, 3381.65, 205426, 46.0763, 3.9763e+06
0.328005, 3380.99, 205381, 46.0763, 3.97629e+06
0.328043, 3380.32, 205336, 46.0763, 3.97627e+06
0.328082, 3379.66, 205292, 46.0763, 3.97625e+06
0.328121, 3379, 205247, 46.0763, 3.97624e+06
0.328159, 3378.33, 205202, 46.0763, 3.97623e+06
0.328198, 3377.67, 205157, 46.0763, 3.97624e+06
0.328237, 3377, 205112, 46.0763, 3.97627e+06
0.328275, 3376.34, 205067, 46.0763, 3.97631e+06
0.328314, 3375.68, 205021, 46.0763, 3.97636e+06
0.328352, 3375.01, 204976, 46.0763, 3.97642e+06
0.328391, 3374.35, 204931, 46.0763, 3.97649e+06
0.32843, 3373.69, 204885, 46.0763, 3.97656e+06
0.328468, 3373.02, 204840, 46.0763, 3.97663e+06
0.328507, 3372.36, 204794, 46.0763, 3.9767e+06
0.328545, 3371.7, 204749, 46.0763, 3.97676e+06
0.328584, 3371.03, 204703, 46.0763, 3.97682e+06
0.328623, 3370.37, 204657, 46.0763, 3.97687e+06
0.328661, 3369.71, 204612, 46.0763, 3.97691e+06
0.3287, 3369.05, 204566, 46.0763, 3.97694e+06
0.328738, 3368.39, 204520, 46.0763, 3.97693e+06
0.328777, 3367.72, 204474, 46.0763, 3.9769e+06
0.328816, 3367.06, 204428, 46.0763, 3.97685e+06
0.328854, 3366.4, 204383, 46.0763, 3.97676e+06
0.328893, 3365.74, 204337, 46.0763, 3.97667e+06
0.328931, 3365.08, 204291, 46.0763, 3.97656e+06
0.32897, 3364.42, 204245, 46.0763, 3.97645e+06
0.329009, 3363.75, 204199, 46.0763, 3.97634e+06
0.329047, 3363.09, 204153, 46.0763, 3.97624e+06
0.329086, 3362.43, 204107, 46.0763, 3.97615e+06
0.329124, 3361.77, 204061, 46.0763, 3.97609e+06
0.329163, 3361.11, 204014, 46.0763, 3.97606e+06
0.329202, 3360.45, 203968, 46.0763, 3.97606e+06
0.32924, 3359.79, 203922, 46.0763, 3.97609e+06
0.329279, 3359.13, 203876, 46.0763, 3.97615e+06
0.329317, 3358.47, 203829, 46.0763, 3.97624e+06
0.329356, 3357.81, 203783, 46.0763, 3.97634e+06
0.329394, 3357.15, 203737, 46.0763, 3.97645e+06
0.329433, 3356.49, 203690, 46.0763, 3.97655e+06
0.329472, 3355.83, 203644, 46.0763, 3.97664e+06
0.32951, 3355.17, 203597, 46.0763, 3.97672e+06
0.329549, 3354.52, 203550, 46.0763, 3.97677e+06
0.329587, 3353.86, 203504, 46.0763, 3.9768e+06
0.329626, 3353.2, 203457, 46.0763, 3.97681e+06
0.329665, 3352.54, 203410, 46.0763, 3.97679e+06
0.329703, 3351.88, 203364, 46.0763, 3.97676e+06
0.329742, 3351.22, 203317, 46.0763, 3.97671e+06
0.32978, 3350.56, 203270, 46.0763, 3.97665e+06
0.329819, 3349.91, 203223, 46.0763, 3.97658e+06
0.329857, 3349.25, 203176, 46.0763, 3.9765e+06
0.329896, 3348.59, 203129, 46.0763, 3.97641e+06
0.329934, 3347.93, 203082, 46.0763, 3.97633e+06
0.329973, 3347.27, 203035, 46.0763, 3.97625e+06
0.330012, 3346.62, 202988, 46.0763, 3.97618e+06
0.33005, 3345.96, 202941, 46.0763, 3.97611e+06
0.330089, 3345.3, 202894, 46.0763, 3.97606e+06
0.330127, 3344.64, 202847, 46.0763, 3.97602e+06
0.330166, 3343.99, 202800, 46.0763, 3.97599e+06
0.330204, 3343.33, 202753, 46.0763, 3.97597e+06
0.330243, 3342.67, 202706, 46.0763, 3.97597e+06
0.330281, 3342.01, 202659, 46.0763, 3.97598e+06
0.33032, 3341.36, 202611, 46.0763, 3.97602e+06
0.330359, 3340.7, 202564, 46.0763, 3.97607e+06
0.330397, 3340.04, 202517, 46.0763, 3.97615e+06
0.330436, 3339.38, 202470, 46.0763, 3.97624e+06
0.330474, 3338.73, 202423, 46.0763, 3.97635e+06
0.330513, 3338.07, 202376, 46.0763, 3.97645e+06
0.330551, 3337.41, 202328, 46.0763, 3.97656e+06
0.33059, 3336.75, 202281, 46.0763, 3.97665e+06
0.330628, 3336.1, 202234, 46.0763, 3.97672e+06
0.330667, 3335.44, 202186, 46.0763, 3.97677e+06
0.330706, 3334.78, 202139, 46.0763, 3.97679e+06
0.330744, 3334.12, 202091, 46.0763, 3.97679e+06
0.330783, 3333.46, 202044, 46.0763, 3.97678e+06
0.330821, 3332.81, 201996, 46.0763, 3.97675e+06
0.33086, 3332.15, 201948, 46.0763, 3.97671e+06
0.330898, 3331.49, 201901, 46.0763, 3.97666e+06
0.330937, 3330.83, 201853, 46.0763, 3.97662e+06
0.330975, 3330.17, 201805, 46.0763, 3.97658e+06
0.331014, 3329.52, 201757, 46.0763, 3.97654e+06
0.331052, 3328.86, 201709, 46.0763, 3.9765e+06
0.331091, 3328.2, 201661, 46.0763, 3.97646e+06
0.33113, 3327.54, 201613, 46.0763, 3.97642e+06
0.331168, 3326.89, 201565, 46.0763, 3.97638e+06
0.331207, 3326.23, 201517, 46.0763, 3.97634e+06
0.331245, 3325.57, 201469, 46.0763, 3.97631e+06
0.331284, 3324.91, 201421, 46.0763, 3.97628e+06
0.331322, 3324.26, 201372, 46.0763, 3.97627e+06
0.331361, 3323.6, 201324, 46.0763, 3.97627e+06
0.331399, 3322.94, 201276, 46.0763, 3.97628e+06
0.331438, 3322.28, 201227, 46.0763, 3.97631e+06
0.331476, 3321.63, 201179, 46.0763, 3.97636e+06
0.331515, 3320.97, 201130, 46.0763, 3.97643e+06
0.331554, 3320.31, 201081, 46.0763, 3.9765e+06
0.331592, 3319.66, 201032, 46.0763, 3.97658e+06
0.331631, 3319, 200983, 46.0763, 3.97666e+06
0.331669, 3318.35, 200935, 46.0763, 3.97673e+06
0.331708, 3317.69, 200886, 46.0763, 3.97679e+06
0.331746, 3317.03, 200837, 46.0763, 3.97683e+06
0.331785, 3316.38, 200787, 46.0763, 3.97685e+06
0.331823, 3315.72, 200738, 46.0763, 3.97684e+06
0.331862, 3315.06, 200689, 46.0763, 3.97683e+06
0.3319, 3314.41, 200640, 46.0763, 3.9768e+06
0.331939, 3313.75, 200590, 46.0763, 3.97677e+06
0.331977, 3313.1, 200541, 46.0763, 3.97675e+06
0.332016, 3312.44, 200491, 46.0763, 3.97672e+06
0.332054, 3311.78, 200442, 46.0763, 3.9767e+06
0.332093, 3311.13, 200392, 46.0763, 3.97669e+06
0.332131, 3310.47, 200342, 46.0763, 3.97668e+06
0.33217, 3309.82, 200292, 46.0763, 3.97667e+06
0.332208, 3309.16, 200242, 46.0763, 3.97665e+06
0.332247, 3308.51, 200192, 46.0763, 3.97663e+06
0.332285, 3307.85, 200142, 46.0763, 3.97661e+06
0.332324, 3307.19, 200092, 46.0763, 3.97658e+06
0.332362, 3306.54, 200042, 46.0763, 3.97655e+06
0.332401, 3305.88, 199992, 46.0763, 3.97652e+06
0.332439, 3305.23, 199941, 46.0763, 3.9765e+06
0.332478, 3304.57, 199891, 46.0763, 3.9765e+06
0.332516, 3303.92, 199840, 46.0763, 3.9765e+06
0.332555, 3303.26, 199790, 46.0763, 3.97652e+06
0.332593, 3302.61, 199739, 46.0763, 3.97656e+06
0.332632, 3301.95, 199688, 46.0763, 3.9766e+06
0.33267, 3301.3, 199638, 46.0763, 3.97666e+06
0.332709, 3300.64, 199587, 46.0763, 3.97671e+06
0.332747, 3299.99, 199536, 46.0763, 3.97676e+06
0.332786, 3299.34, 199485, 46.0763, 3.97681e+06
0.332824, 3298.68, 199434, 46.0763, 3.97684e+06
0.332863, 3298.03, 199383, 46.0763, 3.97686e+06
0.332901, 3297.37, 199332, 46.0763, 3.97686e+06
0.33294, 3296.72, 199281, 46.0763, 3.97684e+06
0.332978, 3296.07, 199230, 46.0763, 3.97682e+06
0.333017, 3295.41, 199179, 46.0763, 3.97679e+06
0.333055, 3294.76, 199128, 46.0763, 3.97675e+06
0.333094, 3294.1, 199076, 46.0763, 3.97671e+06
0.333132, 3293.45, 199025, 46.0763, 3.97668e+06
0.33317, 3292.8, 198974, 46.0763, 3.97664e+06
0.333209, 3292.14, 198922, 46.0763, 3.97661e+06
0.333247, 3291.49, 198870, 46.0763, 3.97659e+06
0.333286, 3290.84, 198819, 46.0763, 3.97657e+06
0.333324, 3290.18, 198767, 46.0763, 3.97656e+06
0.333363, 3289.53, 198715, 46.0763, 3.97656e+06
0.333401, 3288.88, 198663, 46.0763, 3.97657e+06
0.33344, 3288.22, 198611, 46.0763, 3.97659e+06
0.333478, 3287.57, 198559, 46.0763, 3.97662e+06
0.333517, 3286.92, 198507, 46.0763, 3.97665e+06
0.333555, 3286.26, 198455, 46.0763, 3.97668e+06
0.333593, 3285.61, 198402, 46.0763, 3.9767e+06
0.333632, 3284.96, 198350, 46.0763, 3.97671e+06
0.33367, 3284.3, 198297, 46.0763, 3.97671e+06
0.333709, 3283.65, 198245, 46.0763, 3.97671e+06
0.333747, 3283, 198192, 46.0763, 3.9767e+06
0.333786, 3282.34, 198139, 46.0763, 3.97668e+06
0.333824, 3281.69, 198086, 46.0763, 3.97666e+06
0.333863, 3281.04, 198033, 46.0763, 3.97664e+06
0.333901, 3280.39, 197981, 46.0763, 3.97662e+06
0.333939, 3279.73, 197928, 46.0763, 3.97659e+06
0.333978, 3279.08, 197874, 46.0763, 3.97657e+06
0.334016, 3278.43, 197821, 46.0763, 3.97655e+06
0.334055, 3277.78, 197768, 46.0763, 3.97652e+06
0.334093, 3277.12, 197715, 46.0763, 3.9765e+06
0.334132, 3276.47, 197662, 46.0763, 3.97647e+06
0.33417, 3275.82, 197608, 46.0763, 3.97644e+06
0.334208, 3275.17, 197555, 46.0763, 3.97641e+06
0.334247, 3274.52, 197501, 46.0763, 3.97638e+06
0.334285, 3273.87, 197448, 46.0763, 3.97636e+06
0.334324, 3273.21, 197394, 46.0763, 3.97635e+06
0.334362, 3272.56, 197341, 46.0763, 3.97635e+06
0.334401, 3271.91, 197287, 46.0763, 3.97637e+06
0.334439, 3271.26, 197233, 46.0763, 3.97641e+06
0.334477, 3270.61, 197179, 46.0763, 3.97647e+06
0.334516, 3269.96, 197126, 46.0763, 3.97656e+06
0.334554, 3269.31, 197072, 46.0763, 3.97666e+06
0.334593, 3268.66, 197018, 46.0763, 3.97676e+06
0.334631, 3268.01, 196964, 46.0763, 3.97687e+06
0.334669, 3267.36, 196910, 46.0763, 3.97697e+06
0.334708, 3266.7, 196856, 46.0763, 3.97706e+06
0.334746, 3266.05, 196801, 46.0763, 3.97712e+06
0.334785, 3265.4, 196747, 46.0763, 3.97717e+06
0.334823, 3264.75, 196693, 46.0763, 3.9772e+06
0.334862, 3264.1, 196638, 46.0763, 3.97721e+06
0.3349, 3263.45, 196584, 46.0763, 3.9772e+06
0.334938, 3262.8, 196529, 46.0763, 3.97718e+06
0.334977, 3262.15, 196475, 46.0763, 3.97716e+06
0.335015, 3261.5, 196420, 46.0763, 3.97713e+06
0.335054, 3260.85, 196365, 46.0763, 3.9771e+06
0.335092, 3260.2, 196311, 46.0763, 3.97706e+06
0.33513, 3259.55, 196256, 46.0763, 3.97703e+06
0.335169, 3258.9, 196201, 46.0763, 3.977e+06
0.335207, 3258.25, 196146, 46.0763, 3.97697e+06
0.335246, 3257.6, 196091, 46.0763, 3.97694e+06
0.335284, 3256.95, 196036, 46.0763, 3.9769e+06
0.335322, 3256.3, 195981, 46.0763, 3.97686e+06
0.335361, 3255.65, 195926, 46.0763, 3.97682e+06
0.335399, 3255, 195871, 46.0763, 3.97677e+06
0.335438, 3254.35, 195816, 46.0763, 3.97672e+06
0.335476, 3253.71, 195761, 46.0763, 3.97666e+06
0.335514, 3253.06, 195705, 46.0763, 3.97661e+06
0.335553, 3252.41, 195650, 46.0763, 3.97657e+06
0.335591, 3251.76, 195595, 46.0763, 3.97653e+06
0.335629, 3251.11, 195539, 46.0763, 3.9765e+06
0.335668, 3250.46, 195483, 46.0763, 3.97648e+06
0.335706, 3249.81, 195428, 46.0763, 3.97648e+06
0.335745, 3249.16, 195372, 46.0763, 3.97648e+06
0.335783, 3248.51, 195316, 46.0763, 3.97649e+06
0.335821, 3247.86, 195260, 46.0763, 3.9765e+06
0.33586, 3247.22, 195204, 46.0763, 3.97651e+06
0.335898, 3246.57, 195148, 46.0763, 3.97653e+06
0.335937, 3245.92, 195092, 46.0763, 3.97656e+06
0.335975, 3245.27, 195036, 46.0763, 3.97659e+06
0.336013, 3244.62, 194980, 46.0763, 3.97662e+06
0.336052, 3243.97, 194924, 46.0763, 3.97665e+06
0.33609, 3243.33, 194867, 46.0763, 3.97668e+06
0.336129, 3242.68, 194811, 46.0763, 3.97671e+06
0.336167, 3242.03, 194755, 46.0763, 3.97674e+06
0.336205, 3241.38, 194698, 46.0763, 3.97677e+06
0.336244, 3240.74, 194642, 46.0763, 3.97679e+06
0.336282, 3240.09, 194585, 46.0763, 3.97681e+06
0.33632, 3239.44, 194529, 46.0763, 3.97683e+06
0.336359, 3238.79, 194472, 46.0763, 3.97684e+06
0.336397, 3238.15, 194415, 46.0763, 3.97685e+06
0.336436, 3237.5, 194358, 46.0763, 3.97684e+06
0.336474, 3236.85, 194301, 46.0763, 3.97683e+06
0.336512, 3236.21, 194244, 46.0763, 3.9768e+06
0.336551, 3235.56, 194187, 46.0763, 3.97676e+06
0.336589, 3234.91, 194130, 46.0763, 3.97671e+06
0.336628, 3234.27, 194073, 46.0763, 3.97665e+06
0.336666, 3233.62, 194016, 46.0763, 3.97659e+06
0.336704, 3232.97, 193958, 46.0763, 3.97653e+06
0.336743, 3232.32, 193901, 46.0763, 3.97648e+06
0.336781, 3231.68, 193843, 46.0763, 3.97643e+06
0.336819, 3231.03, 193786, 46.0763, 3.9764e+06
0.336858, 3230.39, 193728, 46.0763, 3.97638e+06
0.336896, 3229.74, 193670, 46.0763, 3.97638e+06
0.336934, 3229.09, 193613, 46.0763, 3.97639e+06
0.336973, 3228.45, 193555, 46.0763, 3.97642e+06
0.337011, 3227.8, 193497, 46.0763, 3.97645e+06
0.33705, 3227.15, 193439, 46.0763, 3.9765e+06
0.337088, 3226.51, 193381, 46.0763, 3.97655e+06
0.337126, 3225.86, 193323, 46.0763, 3.9766e+06
0.337165, 3225.22, 193265, 46.0763, 3.97666e+06
0.337203, 3224.57, 193207, 46.0763, 3.97672e+06
0.337241, 3223.93, 193149, 46.0763, 3.97677e+06
0.33728, 3223.28, 193091, 46.0763, 3.97682e+06
0.337318, 3222.64, 193033, 46.0763, 3.97686e+06
0.337356, 3221.99, 192975, 46.0763, 3.9769e+06
0.337395, 3221.35, 192917, 46.0763, 3.97694e+06
0.337433, 3220.7, 192859, 46.0763, 3.97698e+06
0.337471, 3220.06, 192801, 46.0763, 3.97703e+06
0.33751, 3219.41, 192742, 46.0763, 3.97707e+06
0.337548, 3218.77, 192684, 46.0763, 3.97712e+06
0.337586, 3218.13, 192626, 46.0763, 3.97718e+06
0.337625, 3217.48, 192567, 46.0763, 3.97723e+06
0.337663, 3216.84, 192509, 46.0763, 3.97729e+06
0.337701, 3216.2, 192450, 46.0763, 3.97733e+06
0.33774, 3215.55, 192392, 46.0763, 3.97737e+06
0.337778, 3214.91, 192333, 46.0763, 3.9774e+06
0.337816, 3214.26, 192275, 46.0763, 3.97742e+06
0.337855, 3213.62, 192216, 46.0763, 3.97743e+06
0.337893, 3212.98, 192157, 46.0763, 3.97743e+06
0.337931, 3212.33, 192098, 46.0763, 3.97741e+06
0.33797, 3211.69, 192039, 46.0763, 3.97739e+06
0.338008, 3211.05, 191980, 46.0763, 3.97734e+06
0.338046, 3210.4, 191921, 46.0763, 3.97729e+06
0.338085, 3209.76, 191862, 46.0763, 3.97721e+06
0.338123, 3209.12, 191803, 46.0763, 3.97713e+06
0.338161, 3208.48, 191744, 46.0763, 3.97705e+06
0.338199, 3207.83, 191685, 46.0763, 3.97696e+06
0.338238, 3207.19, 191626, 46.0763, 3.97688e+06
0.338276, 3206.55, 191566, 46.0763, 3.9768e+06
0.338314, 3205.9, 191507, 46.0763, 3.97674e+06
0.338353, 3205.26, 191447, 46.0763, 3.97669e+06
0.338391, 3204.62, 191388, 46.0763, 3.97665e+06
0.338429, 3203.98, 191328, 46.0763, 3.97664e+06
0.338468, 3203.33, 191269, 46.0763, 3.97664e+06
0.338506, 3202.69, 191209, 46.0763, 3.97666e+06
0.338544, 3202.05, 191150, 46.0763, 3.9767e+06
0.338583, 3201.41, 191090, 46.0763, 3.97676e+06
0.338621, 3200.77, 191030, 46.0763, 3.97683e+06
0.338659, 3200.12, 190970, 46.0763, 3.9769e+06
0.338697, 3199.48, 190910, 46.0763, 3.97698e+06
0.338736, 3198.84, 190851, 46.0763, 3.97706e+06
0.338774, 3198.2, 190791, 46.0763, 3.97712e+06
0.338812, 3197.56, 190731, 46.0763, 3.97718e+06
0.338851, 3196.92, 190671, 46.0763, 3.97723e+06
0.338889, 3196.28, 190610, 46.0763, 3.97725e+06
0.338927, 3195.64, 190550, 46.0763, 3.97727e+06
0.338966, 3195, 190490, 46.0763, 3.97727e+06
0.339004, 3194.36, 190429, 46.0763, 3.97725e+06
0.339042, 3193.71, 190369, 46.0763, 3.97723e+06
0.33908, 3193.07, 190308, 46.0763, 3.9772e+06
0.339119, 3192.43, 190248, 46.0763, 3.97717e+06
0.339157, 3191.79, 190187, 46.0763, 3.97713e+06
0.339195, 3191.15, 190126, 46.0763, 3.97709e+06
0.339234, 3190.51, 190065, 46.0763, 3.97705e+06
0.339272, 3189.87, 190005, 46.0763, 3.97701e+06
0.33931, 3189.23, 189944, 46.0763, 3.97697e+06
0.339348, 3188.59, 189883, 46.0763, 3.97693e+06
0.339387, 3187.95, 189822, 46.0763, 3.97691e+06
0.339425, 3187.31, 189761, 46.0763, 3.97689e+06
0.339463, 3186.67, 189700, 46.0763, 3.97689e+06
0.339502, 3186.03, 189638, 46.0763, 3.97689e+06
0.33954, 3185.4, 189577, 46.0763, 3.97691e+06
0.339578, 3184.76, 189516, 46.0763, 3.97693e+06
0.339616, 3184.12, 189455, 46.0763, 3.97696e+06
0.339655, 3183.48, 189394, 46.0763, 3.97698e+06
0.339693, 3182.84, 189332, 46.0763, 3.97701e+06
0.339731, 3182.2, 189271, 46.0763, 3.97702e+06
0.339769, 3181.56, 189210, 46.0763, 3.97703e+06
0.339808, 3180.92, 189148, 46.0763, 3.97704e+06
0.339846, 3180.29, 189086, 46.0763, 3.97704e+06
0.339884, 3179.65, 189025, 46.0763, 3.97704e+06
0.339923, 3179.01, 188963, 46.0763, 3.97704e+06
0.339961, 3178.37, 188902, 46.0763, 3.97705e+06
0.339999, 3177.74, 188840, 46.0763, 3.97706e+06
0.340037, 3177.1, 188778, 46.0763, 3.97707e+06
0.340076, 3176.46, 188716, 46.0763, 3.97709e+06
0.340114, 3175.82, 188654, 46.0763, 3.9771e+06
0.340152, 3175.19, 188593, 46.0763, 3.97712e+06
0.34019, 3174.55, 188531, 46.0763, 3.97714e+06
0.340229, 3173.91, 188469, 46.0763, 3.97715e+06
0.340267, 3173.27, 188407, 46.0763, 3.97717e+06
0.340305, 3172.64, 188345, 46.0763, 3.97718e+06
0.340344, 3172, 188283, 46.0763, 3.97719e+06
0.340382, 3171.37, 188221, 46.0763, 3.9772e+06
0.34042, 3170.73, 188158, 46.0763, 3.9772e+06
0.340458, 3170.09, 188096, 46.0763, 3.9772e+06
0.340497, 3169.46, 188034, 46.0763, 3.9772e+06
0.340535, 3168.82, 187972, 46.0763, 3.97718e+06
0.340573, 3168.18, 187910, 46.0763, 3.97716e+06
0.340611, 3167.55, 187848, 46.0763, 3.97714e+06
0.34065, 3166.91, 187786, 46.0763, 3.9771e+06
0.340688, 3166.28, 187723, 46.0763, 3.97706e+06
0.340726, 3165.64, 187661, 46.0763, 3.97702e+06
0.340764, 3165.01, 187599, 46.0763, 3.97697e+06
0.340803, 3164.37, 187537, 46.0763, 3.97692e+06
0.340841, 3163.74, 187474, 46.0763, 3.97686e+06
0.340879, 3163.1, 187412, 46.0763, 3.9768e+06
0.340917, 3162.47, 187350, 46.0763, 3.97675e+06
0.340956, 3161.83, 187287, 46.0763, 3.9767e+06
0.340994, 3161.2, 187225, 46.0763, 3.97666e+06
0.341032, 3160.57, 187162, 46.0763, 3.97664e+06
0.34107, 3159.93, 187100, 46.0763, 3.97662e+06
0.341109, 3159.3, 187037, 46.0763, 3.97662e+06
0.341147, 3158.66, 186974, 46.0763, 3.97662e+06
0.341185, 3158.03, 186912, 46.0763, 3.97663e+06
0.341223, 3157.4, 186849, 46.0763, 3.97665e+06
0.341261, 3156.76, 186786, 46.0763, 3.97667e+06
0.3413, 3156.13, 186724, 46.0763, 3.97668e+06
0.341338, 3155.5, 186661, 46.0763, 3.9767e+06
0.341376, 3154.86, 186598, 46.0763, 3.97671e+06
0.341414, 3154.23, 186535, 46.0763, 3.97672e+06
0.341452, 3153.6, 186473, 46.0763, 3.97672e+06
0.341491, 3152.96, 186410, 46.0763, 3.97672e+06
0.341529, 3152.33, 186347, 46.0763, 3.97672e+06
0.341567, 3151.7, 186284, 46.0763, 3.97672e+06
0.341605, 3151.07, 186221, 46.0763, 3.97673e+06
0.341644, 3150.43, 186158, 46.0763, 3.97674e+06
0.341682, 3149.8, 186095, 46.0763, 3.97675e+06
0.34172, 3149.17, 186033, 46.0763, 3.97676e+06
0.341758, 3148.54, 185970, 46.0763, 3.97678e+06
0.341796, 3147.9, 185907, 46.0763, 3.9768e+06
0.341835, 3147.27, 185844, 46.0763, 3.97682e+06
0.341873, 3146.64, 185781, 46.0763, 3.97684e+06
0.341911, 3146.01, 185717, 46.0763, 3.97687e+06
0.341949, 3145.38, 185654, 46.0763, 3.9769e+06
0.341987, 3144.74, 185591, 46.0763, 3.97694e+06
0.342026, 3144.11, 185528, 46.0763, 3.97697e+06
0.342064, 3143.48, 185465, 46.0763, 3.977e+06
0.342102, 3142.85, 185402, 46.0763, 3.97704e+06
0.34214, 3142.22, 185338, 46.0763, 3.97706e+06
0.342178, 3141.58, 185275, 46.0763, 3.97708e+06
0.342217, 3140.95, 185212, 46.0763, 3.97708e+06
0.342255, 3140.32, 185148, 46.0763, 3.97708e+06
0.342293, 3139.69, 185085, 46.0763, 3.97707e+06
0.342331, 3139.06, 185022, 46.0763, 3.97705e+06
0.342369, 3138.43, 184958, 46.0763, 3.97702e+06
0.342408, 3137.8, 184895, 46.0763, 3.97699e+06
0.342446, 3137.16, 184831, 46.0763, 3.97695e+06
0.342484, 3136.53, 184768, 46.0763, 3.97691e+06
0.342522, 3135.9, 184704, 46.0763, 3.97687e+06
0.34256, 3135.27, 184641, 46.0763, 3.97684e+06
0.342599, 3134.64, 184577, 46.0763, 3.97681e+06
0.342637, 3134.01, 184514, 46.0763, 3.97681e+06
0.342675, 3133.38, 184450, 46.0763, 3.97681e+06
0.342713, 3132.75, 184386, 46.0763, 3.97683e+06
0.342751, 3132.12, 184323, 46.0763, 3.97686e+06
0.34279, 3131.49, 184259, 46.0763, 3.97689e+06
0.342828, 3130.85, 184195, 46.0763, 3.97693e+06
0.342866, 3130.22, 184132, 46.0763, 3.97698e+06
0.342904, 3129.59, 184068, 46.0763, 3.97702e+06
0.342942, 3128.96, 184004, 46.0763, 3.97706e+06
0.342981, 3128.33, 183940, 46.0763, 3.9771e+06
0.343019, 3127.7, 183876, 46.0763, 3.97713e+06
0.343057, 3127.07, 183813, 46.0763, 3.97715e+06
0.343095, 3126.44, 183749, 46.0763, 3.97717e+06
0.343133, 3125.81, 183685, 46.0763, 3.97717e+06
0.343172, 3125.18, 183621, 46.0763, 3.97717e+06
0.34321, 3124.55, 183557, 46.0763, 3.97715e+06
0.343248, 3123.92, 183493, 46.0763, 3.97713e+06
0.343286, 3123.29, 183429, 46.0763, 3.9771e+06
0.343324, 3122.66, 183365, 46.0763, 3.97708e+06
0.343363, 3122.03, 183301, 46.0763, 3.97705e+06
0.343401, 3121.4, 183237, 46.0763, 3.97704e+06
0.343439, 3120.77, 183173, 46.0763, 3.97704e+06
0.343477, 3120.14, 183108, 46.0763, 3.97704e+06
0.343515, 3119.51, 183044, 46.0763, 3.97706e+06
0.343554, 3118.88, 182980, 46.0763, 3.97709e+06
0.343592, 3118.26, 182916, 46.0763, 3.97713e+06
0.34363, 3117.63, 182852, 46.0763, 3.97718e+06
0.343668, 3117, 182787, 46.0763, 3.97722e+06
0.343706, 3116.37, 182723, 46.0763, 3.97726e+06
0.343744, 3115.74, 182659, 46.0763, 3.97729e+06
0.343783, 3115.11, 182595, 46.0763, 3.97732e+06
0.343821, 3114.48, 182531, 46.0763, 3.97735e+06
0.343859, 3113.86, 182466, 46.0763, 3.97738e+06
0.343897, 3113.23, 182402, 46.0763, 3.9774e+06
0.343935, 3112.6, 182338, 46.0763, 3.97741e+06
0.343974, 3111.97, 182274, 46.0763, 3.97742e+06
0.344012, 3111.35, 182209, 46.0763, 3.97743e+06
0.34405, 3110.72, 182145, 46.0763, 3.97742e+06
0.344088, 3110.09, 182081, 46.0763, 3.97742e+06
0.344126, 3109.46, 182017, 46.0763, 3.97741e+06
0.344164, 3108.83, 181952, 46.0763, 3.97739e+06
0.344203, 3108.21, 181888, 46.0763, 3.97738e+06
0.344241, 3107.58, 181824, 46.0763, 3.97735e+06
0.344279, 3106.95, 181759, 46.0763, 3.97732e+06
0.344317, 3106.33, 181695, 46.0763, 3.97729e+06
0.344355, 3105.7, 181630, 46.0763, 3.97725e+06
0.344393, 3105.07, 181566, 46.0763, 3.97721e+06
0.344431, 3104.44, 181501, 46.0763, 3.97716e+06
0.34447, 3103.82, 181437, 46.0763, 3.97712e+06
0.344508, 3103.19, 181372, 46.0763, 3.97708e+06
0.344546, 3102.56, 181307, 46.0763, 3.97705e+06
0.344584, 3101.94, 181243, 46.0763, 3.97702e+06
0.344622, 3101.31, 181178, 46.0763, 3.97701e+06
0.34466, 3100.68, 181114, 46.0763, 3.977e+06
0.344698, 3100.06, 181049, 46.0763, 3.97699e+06
0.344737, 3099.43, 180984, 46.0763, 3.97699e+06
0.344775, 3098.8, 180920, 46.0763, 3.97699e+06
0.344813, 3098.18, 180855, 46.0763, 3.97699e+06
0.344851, 3097.55, 180790, 46.0763, 3.97699e+06
0.344889, 3096.93, 180726, 46.0763, 3.97698e+06
0.344927, 3096.3, 180661, 46.0763, 3.97696e+06
0.344965, 3095.67, 180596, 46.0763, 3.97694e+06
0.345004, 3095.05, 180531, 46.0763, 3.97692e+06
0.345042, 3094.42, 180466, 46.0763, 3.9769e+06
0.34508, 3093.8, 180402, 46.0763, 3.97688e+06
0.345118, 3093.17, 180337, 46.0763, 3.97687e+06
0.345156, 3092.55, 180272, 46.0763, 3.97687e+06
0.345194, 3091.92, 180207, 46.0763, 3.97687e+06
0.345232, 3091.3, 180143, 46.0763, 3.97688e+06
0.34527, 3090.67, 180078, 46.0763, 3.97688e+06
0.345309, 3090.05, 180013, 46.0763, 3.97689e+06
0.345347, 3089.42, 179948, 46.0763, 3.9769e+06
0.345385, 3088.8, 179883, 46.0763, 3.9769e+06
0.345423, 3088.17, 179818, 46.0763, 3.9769e+06
0.345461, 3087.55, 179753, 46.0763, 3.97691e+06
0.345499, 3086.92, 179689, 46.0763, 3.97693e+06
0.345537, 3086.3, 179624, 46.0763, 3.97694e+06
0.345575, 3085.68, 179559, 46.0763, 3.97697e+06
0.345614, 3085.05, 179494, 46.0763, 3.97701e+06
0.345652, 3084.43, 179429, 46.0763, 3.97704e+06
0.34569, 3083.8, 179364, 46.0763, 3.97708e+06
0.345728, 3083.18, 179299, 46.0763, 3.97712e+06
0.345766, 3082.56, 179234, 46.0763, 3.97714e+06
0.345804, 3081.93, 179169, 46.0763, 3.97716e+06
0.345842, 3081.31, 179104, 46.0763, 3.97717e+06
0.34588, 3080.69, 179039, 46.0763, 3.97717e+06
0.345919, 3080.06, 178974, 46.0763, 3.97717e+06
0.345957, 3079.44, 178909, 46.0763, 3.97716e+06
0.345995, 3078.82, 178844, 46.0763, 3.97715e+06
0.346033, 3078.19, 178779, 46.0763, 3.97714e+06
0.346071, 3077.57, 178714, 46.0763, 3.97713e+06
0.346109, 3076.94, 178649, 46.0763, 3.97714e+06
0.346147, 3076.32, 178584, 46.0763, 3.97715e+06
0.346185, 3075.7, 178519, 46.0763, 3.97717e+06
0.346224, 3075.07, 178453, 46.0763, 3.97719e+06
0.346262, 3074.45, 178388, 46.0763, 3.97722e+06
0.3463, 3073.83, 178323, 46.0763, 3.97724e+06
0.346338, 3073.2, 178258, 46.0763, 3.97725e+06
0.346376, 3072.58, 178192, 46.0763, 3.97726e+06
0.346414, 3071.96, 178127, 46.0763, 3.97726e+06
0.346452, 3071.33, 178062, 46.0763, 3.97726e+06
0.346491, 3070.71, 177997, 46.0763, 3.97724e+06
0.346529, 3070.09, 177931, 46.0763, 3.97723e+06
0.346567, 3069.46, 177866, 46.0763, 3.9772e+06
0.346605, 3068.84, 177801, 46.0763, 3.97718e+06
0.346643, 3068.22, 177736, 46.0763, 3.97715e+06
0.346681, 3067.6, 177670, 46.0763, 3.97712e+06
0.346719, 3066.97, 177605, 46.0763, 3.97709e+06
0.346757, 3066.35, 177540, 46.0763, 3.97705e+06
0.346796, 3065.73, 177474, 46.0763, 3.97702e+06
0.346834, 3065.1, 177409, 46.0763, 3.97699e+06
0.346872, 3064.48, 177344, 46.0763, 3.97695e+06
0.34691, 3063.86, 177278, 46.0763, 3.97692e+06
0.346948, 3063.24, 177213, 46.0763, 3.9769e+06
0.346986, 3062.61, 177148, 46.0763, 3.97688e+06
0.347024, 3061.99, 177082, 46.0763, 3.97688e+06
0.347062, 3061.37, 177017, 46.0763, 3.97689e+06
0.347101, 3060.75, 176952, 46.0763, 3.97691e+06
0.347139, 3060.13, 176886, 46.0763, 3.97693e+06
0.347177, 3059.5, 176821, 46.0763, 3.97697e+06
0.347215, 3058.88, 176755, 46.0763, 3.977e+06
0.347253, 3058.26, 176690, 46.0763, 3.97702e+06
0.347291, 3057.64, 176624, 46.0763, 3.97703e+06
0.347329, 3057.02, 176559, 46.0763, 3.97704e+06
0.347367, 3056.4, 176493, 46.0763, 3.97703e+06
0.347405, 3055.78, 176428, 46.0763, 3.97701e+06
0.347443, 3055.15, 176362, 46.0763, 3.97698e+06
0.347482, 3054.53, 176297, 46.0763, 3.97694e+06
0.34752, 3053.91, 176231, 46.0763, 3.9769e+06
0.347558, 3053.29, 176165, 46.0763, 3.97687e+06
0.347596, 3052.67, 176100, 46.0763, 3.97684e+06
0.347634, 3052.05, 176034, 46.0763, 3.97681e+06
0.347672, 3051.43, 175969, 46.0763, 3.97679e+06
0.34771, 3050.81, 175903, 46.0763, 3.97678e+06
0.347748, 3050.19, 175838, 46.0763, 3.97678e+06
0.347786, 3049.57, 175772, 46.0763, 3.97678e+06
0.347824, 3048.95, 175706, 46.0763, 3.9768e+06
0.347863, 3048.33, 175641, 46.0763, 3.97683e+06
0.347901, 3047.71, 175575, 46.0763, 3.97686e+06
0.347939, 3047.09, 175510, 46.0763, 3.9769e+06
0.347977, 3046.47, 175444, 46.0763, 3.97695e+06
0.348015, 3045.85, 175378, 46.0763, 3.97699e+06
0.348053, 3045.23, 175313, 46.0763, 3.97702e+06
0.348091, 3044.62, 175247, 46.0763, 3.97706e+06
0.348129, 3044, 175181, 46.0763, 3.97708e+06
0.348167, 3043.38, 175116, 46.0763, 3.9771e+06
0.348205, 3042.76, 175050, 46.0763, 3.97711e+06
0.348243, 3042.14, 174984, 46.0763, 3.97712e+06
0.348281, 3041.52, 174919, 46.0763, 3.97713e+06
0.34832, 3040.9, 174853, 46.0763, 3.97714e+06
0.348358, 3040.28, 174787, 46.0763, 3.97715e+06
0.348396, 3039.67, 174721, 46.0763, 3.97716e+06
0.348434, 3039.05, 174655, 46.0763, 3.97717e+06
0.348472, 3038.43, 174590, 46.0763, 3.97718e+06
0.34851, 3037.81, 174524, 46.0763, 3.97719e+06
0.348548, 3037.19, 174458, 46.0763, 3.9772e+06
0.348586, 3036.57, 174392, 46.0763, 3.97721e+06
0.348624, 3035.95, 174326, 46.0763, 3.97722e+06
0.348662, 3035.34, 174260, 46.0763, 3.97722e+06
0.3487, 3034.72, 174194, 46.0763, 3.97722e+06
0.348738, 3034.1, 174128, 46.0763, 3.97721e+06
0.348776, 3033.48, 174062, 46.0763, 3.9772e+06
0.348815, 3032.86, 173996, 46.0763, 3.97717e+06
0.348853, 3032.25, 173930, 46.0763, 3.97713e+06
0.348891, 3031.63, 173864, 46.0763, 3.97708e+06
0.348929, 3031.01, 173798, 46.0763, 3.97702e+06
0.348967, 3030.39, 173732, 46.0763, 3.97695e+06
0.349005, 3029.77, 173666, 46.0763, 3.97689e+06
0.349043, 3029.16, 173600, 46.0763, 3.97683e+06
0.349081, 3028.54, 173534, 46.0763, 3.97678e+06
0.349119, 3027.92, 173467, 46.0763, 3.97675e+06
0.349157, 3027.3, 173401, 46.0763, 3.97675e+06
0.349195, 3026.69, 173335, 46.0763, 3.97676e+06
0.349233, 3026.07, 173269, 46.0763, 3.97679e+06
0.349272, 3025.45, 173203, 46.0763, 3.97684e+06
0.34931, 3024.83, 173136, 46.0763, 3.9769e+06
0.349348, 3024.22, 173070, 46.0763, 3.97697e+06
0.349386, 3023.6, 173004, 46.0763, 3.97705e+06
0.349424, 3022.98, 172938, 46.0763, 3.97712e+06
0.349462, 3022.36, 172871, 46.0763, 3.97719e+06
0.3495, 3021.75, 172805, 46.0763, 3.97725e+06
0.349538, 3021.13, 172739, 46.0763, 3.97731e+06
0.349576, 3020.51, 172672, 46.0763, 3.97736e+06
0.349614, 3019.9, 172606, 46.0763, 3.9774e+06
0.349652, 3019.28, 172540, 46.0763, 3.97743e+06
0.349691, 3018.67, 172474, 46.0763, 3.97744e+06
0.349729, 3018.05, 172407, 46.0763, 3.97744e+06
0.349767, 3017.43, 172341, 46.0763, 3.97743e+06
0.349805, 3016.82, 172275, 46.0763, 3.9774e+06
0.349843, 3016.2, 172208, 46.0763, 3.97736e+06
0.349881, 3015.58, 172142, 46.0763, 3.97731e+06
0.349919, 3014.97, 172075, 46.0763, 3.97726e+06
0.349957, 3014.35, 172009, 46.0763, 3.97721e+06
0.349995, 3013.74, 171943, 46.0763, 3.97716e+06
0.350033, 3013.12, 171876, 46.0763, 3.97712e+06
0.350071, 3012.51, 171810, 46.0763, 3.97707e+06
0.350109, 3011.89, 171743, 46.0763, 3.97704e+06
0.350148, 3011.27, 171677, 46.0763, 3.977e+06
0.350186, 3010.66, 171611, 46.0763, 3.97697e+06
0.350224, 3010.04, 171544, 46.0763, 3.97695e+06
0.350262, 3009.43, 171477, 46.0763, 3.97692e+06
0.3503, 3008.81, 171411, 46.0763, 3.97691e+06
0.350338, 3008.2, 171344, 46.0763, 3.9769e+06
0.350376, 3007.58, 171278, 46.0763, 3.9769e+06
0.350414, 3006.97, 171211, 46.0763, 3.9769e+06
0.350452, 3006.35, 171144, 46.0763, 3.97691e+06
0.35049, 3005.73, 171078, 46.0763, 3.97693e+06
0.350528, 3005.12, 171011, 46.0763, 3.97696e+06
0.350566, 3004.5, 170944, 46.0763, 3.97698e+06
0.350604, 3003.89, 170877, 46.0763, 3.97701e+06
0.350642, 3003.27, 170811, 46.0763, 3.97705e+06
0.350681, 3002.66, 170744, 46.0763, 3.97709e+06
0.350719, 3002.04, 170677, 46.0763, 3.97713e+06
0.350757, 3001.43, 170610, 46.0763, 3.97717e+06
0.350795, 3000.81, 170543, 46.0763, 3.97721e+06
0.350833, 3000.2, 170477, 46.0763, 3.97724e+06
0.350871, 2999.58, 170410, 46.0763, 3.97727e+06
0.350909, 2998.97, 170343, 46.0763, 3.9773e+06
0.350947, 2998.35, 170276, 46.0763, 3.97732e+06
0.350985, 2997.74, 170209, 46.0763, 3.97733e+06
0.351023, 2997.12, 170142, 46.0763, 3.97734e+06
0.351061, 2996.51, 170075, 46.0763, 3.97734e+06
0.351099, 2995.89, 170008, 46.0763, 3.97733e+06
0.351137, 2995.28, 169941, 46.0763, 3.97733e+06
0.351175, 2994.66, 169874, 46.0763, 3.97731e+06
0.351213, 2994.05, 169807, 46.0763, 3.97729e+06
0.351251, 2993.44, 169740, 46.0763, 3.97727e+06
0.351289, 2992.82, 169673, 46.0763, 3.97724e+06
0.351328, 2992.21, 169605, 46.0763, 3.9772e+06
0.351366, 2991.59, 169538, 46.0763, 3.97716e+06
0.351404, 2990.98, 169471, 46.0763, 3.97711e+06
0.351442, 2990.37, 169404, 46.0763, 3.97707e+06
0.35148, 2989.75, 169336, 46.0763, 3.97702e+06
0.351518, 2989.14, 169269, 46.0763, 3.97696e+06
0.351556, 2988.53, 169202, 46.0763, 3.97691e+06
0.351594, 2987.91, 169134, 46.0763, 3.97686e+06
0.351632, 2987.3, 169067, 46.0763, 3.97681e+06
0.35167, 2986.69, 169000, 46.0763, 3.97678e+06
0.351708, 2986.08, 168932, 46.0763, 3.97675e+06
0.351746, 2985.46, 168865, 46.0763, 3.97673e+06
0.351784, 2984.85, 168797, 46.0763, 3.97673e+06
0.351822, 2984.24, 168730, 46.0763, 3.97673e+06
0.35186, 2983.63, 168662, 46.0763, 3.97674e+06
0.351898, 2983.01, 168595, 46.0763, 3.97677e+06
0.351937, 2982.4, 168527, 46.0763, 3.97681e+06
0.351975, 2981.79, 168459, 46.0763, 3.97685e+06
0.352013, 2981.18, 168392, 46.0763, 3.97691e+06
0.352051, 2980.56, 168324, 46.0763, 3.97696e+06
0.352089, 2979.95, 168256, 46.0763, 3.977e+06
0.352127, 2979.34, 168189, 46.0763, 3.97703e+06
0.352165, 2978.73, 168121, 46.0763, 3.97705e+06
0.352203, 2978.12, 168053, 46.0763, 3.97706e+06
0.352241, 2977.5, 167986, 46.0763, 3.97705e+06
0.352279, 2976.89, 167918, 46.0763, 3.97703e+06
0.352317, 2976.28, 167850, 46.0763, 3.977e+06
0.352355, 2975.67, 167782, 46.0763, 3.97697e+06
0.352393, 2975.06, 167715, 46.0763, 3.97693e+06
0.352432, 2974.45, 167647, 46.0763, 3.9769e+06
0.35247, 2973.83, 167579, 46.0763, 3.97687e+06
0.352508, 2973.22, 167511, 46.0763, 3.97684e+06
0.352546, 2972.61, 167443, 46.0763, 3.97682e+06
0.352584, 2972, 167375, 46.0763, 3.97681e+06
0.352622, 2971.39, 167308, 46.0763, 3.97681e+06
0.35266, 2970.78, 167240, 46.0763, 3.97681e+06
0.352698, 2970.17, 167172, 46.0763, 3.97682e+06
0.352736, 2969.56, 167104, 46.0763, 3.97683e+06
0.352774, 2968.95, 167036, 46.0763, 3.97685e+06
0.352812, 2968.34, 166968, 46.0763, 3.97686e+06
0.35285, 2967.73, 166900, 46.0763, 3.97688e+06
0.352888, 2967.12, 166832, 46.0763, 3.97688e+06
0.352926, 2966.51, 166765, 46.0763, 3.97688e+06
0.352964, 2965.9, 166697, 46.0763, 3.97688e+06
0.353002, 2965.29, 166629, 46.0763, 3.97687e+06
0.35304, 2964.68, 166561, 46.0763, 3.97685e+06
0.353079, 2964.08, 166493, 46.0763, 3.97684e+06
0.353117, 2963.47, 166425, 46.0763, 3.97684e+06
0.353155, 2962.86, 166357, 46.0763, 3.97683e+06
0.353193, 2962.25, 166289, 46.0763, 3.97683e+06
0.353231, 2961.64, 166221, 46.0763, 3.97683e+06
0.353269, 2961.04, 166153, 46.0763, 3.97683e+06
0.353307, 2960.43, 166085, 46.0763, 3.97684e+06
0.353345, 2959.82, 166017, 46.0763, 3.97684e+06
0.353383, 2959.22, 165949, 46.0763, 3.97685e+06
0.353421, 2958.61, 165881, 46.0763, 3.97686e+06
0.353459, 2958, 165813, 46.0763, 3.97687e+06
0.353497, 2957.4, 165745, 46.0763, 3.97688e+06
0.353535, 2956.79, 165677, 46.0763, 3.97689e+06
0.353573, 2956.18, 165609, 46.0763, 3.9769e+06
0.353611, 2955.58, 165541, 46.0763, 3.97691e+06
0.353649, 2954.97, 165473, 46.0763, 3.97692e+06
0.353687, 2954.37, 165405, 46.0763, 3.97692e+06
0.353725, 2953.76, 165336, 46.0763, 3.97692e+06
0.353763, 2953.15, 165268, 46.0763, 3.97692e+06
0.353801, 2952.55, 165200, 46.0763, 3.97692e+06
0.353839, 2951.95, 165132, 46.0763, 3.97692e+06
0.353878, 2951.34, 165064, 46.0763, 3.97692e+06
0.353916, 2950.74, 164996, 46.0763, 3.97692e+06
0.353954, 2950.13, 164928, 46.0763, 3.97693e+06
0.353992, 2949.53, 164860, 46.0763, 3.97694e+06
0.35403, 2948.92, 164792, 46.0763, 3.97695e+06
0.354068, 2948.32, 164724, 46.0763, 3.97696e+06
0.354106, 2947.72, 164656, 46.0763, 3.97698e+06
0.354144, 2947.11, 164588, 46.0763, 3.97699e+06
0.354182, 2946.51, 164520, 46.0763, 3.97701e+06
0.35422, 2945.91, 164452, 46.0763, 3.97702e+06
0.354258, 2945.31, 164384, 46.0763, 3.97702e+06
0.354296, 2944.7, 164316, 46.0763, 3.97704e+06
0.354334, 2944.1, 164248, 46.0763, 3.97705e+06
0.354372, 2943.5, 164180, 46.0763, 3.97708e+06
0.35441, 2942.9, 164112, 46.0763, 3.97711e+06
0.354448, 2942.29, 164043, 46.0763, 3.97715e+06
0.354486, 2941.69, 163975, 46.0763, 3.9772e+06
0.354524, 2941.09, 163907, 46.0763, 3.97725e+06
0.354563, 2940.49, 163839, 46.0763, 3.9773e+06
0.354601, 2939.89, 163771, 46.0763, 3.97734e+06
0.354639, 2939.29, 163703, 46.0763, 3.97738e+06
0.354677, 2938.69, 163635, 46.0763, 3.97741e+06
0.354715, 2938.09, 163567, 46.0763, 3.97744e+06
0.354753, 2937.49, 163498, 46.0763, 3.97745e+06
0.354791, 2936.88, 163430, 46.0763, 3.97746e+06
0.354829, 2936.29, 163362, 46.0763, 3.97745e+06
0.354867, 2935.69, 163294, 46.0763, 3.97744e+06
0.354905, 2935.09, 163226, 46.0763, 3.97742e+06
0.354943, 2934.49, 163158, 46.0763, 3.9774e+06
0.354981, 2933.89, 163090, 46.0763, 3.97737e+06
0.355019, 2933.29, 163022, 46.0763, 3.97733e+06
0.355057, 2932.69, 162954, 46.0763, 3.97729e+06
0.355096, 2932.09, 162886, 46.0763, 3.97724e+06
0.355134, 2931.49, 162818, 46.0763, 3.97719e+06
0.355172, 2930.89, 162750, 46.0763, 3.97714e+06
0.35521, 2930.3, 162682, 46.0763, 3.9771e+06
0.355248, 2929.7, 162613, 46.0763, 3.97707e+06
0.355286, 2929.1, 162545, 46.0763, 3.97705e+06
0.355324, 2928.51, 162477, 46.0763, 3.97704e+06
0.355362, 2927.91, 162409, 46.0763, 3.97704e+06
0.3554, 2927.31, 162341, 46.0763, 3.97703e+06
0.355438, 2926.72, 162273, 46.0763, 3.97703e+06
0.355476, 2926.12, 162205, 46.0763, 3.97702e+06
0.355514, 2925.52, 162137, 46.0763, 3.97702e+06
0.355552, 2924.93, 162069, 46.0763, 3.97703e+06
0.35559, 2924.33, 162001, 46.0763, 3.97705e+06
0.355628, 2923.74, 161933, 46.0763, 3.97706e+06
0.355667, 2923.14, 161865, 46.0763, 3.97708e+06
0.355705, 2922.55, 161797, 46.0763, 3.97711e+06
0.355743, 2921.96, 161729, 46.0763, 3.97714e+06
0.355781, 2921.36, 161661, 46.0763, 3.97717e+06
0.355819, 2920.77, 161593, 46.0763, 3.9772e+06
0.355857, 2920.18, 161525, 46.0763, 3.97723e+06
0.355895, 2919.58, 161458, 46.0763, 3.97725e+06
0.355933, 2918.99, 161390, 46.0763, 3.97726e+06
0.355971, 2918.4, 161322, 46.0763, 3.97727e+06
0.356009, 2917.81, 161254, 46.0763, 3.97728e+06
0.356047, 2917.22, 161186, 46.0763, 3.9773e+06
0.356085, 2916.63, 161118, 46.0763, 3.97733e+06
0.356123, 2916.04, 161051, 46.0763, 3.97735e+06
0.356161, 2915.45, 160983, 46.0763, 3.97734e+06
0.356199, 2914.86, 160915, 46.0763, 3.9773e+06
0.356237, 2914.27, 160847, 46.0763, 3.97726e+06
0.356275, 2913.68, 160780, 46.0763, 3.97719e+06
0.356314, 2913.09, 160712, 46.0763, 3.97712e+06
0.356352, 2912.5, 160644, 46.0763, 3.97705e+06
0.35639, 2911.91, 160577, 46.0763, 3.97699e+06
0.356428, 2911.32, 160509, 46.0763, 3.97693e+06
0.356466, 2910.73, 160441, 46.0763, 3.97689e+06
0.356504, 2910.15, 160374, 46.0763, 3.97684e+06
0.356542, 2909.56, 160306, 46.0763, 3.97682e+06
0.35658, 2908.97, 160239, 46.0763, 3.97683e+06
0.356618, 2908.39, 160172, 46.0763, 3.9768e+06
0.356656, 2907.8, 160104, 46.0763, 3.97677e+06
0.356694, 2907.21, 160037, 46.0763, 3.97671e+06
0.356732, 2906.63, 159970, 46.0763, 3.97664e+06
0.35677, 2906.04, 159902, 46.0763, 3.97656e+06
0.356808, 2905.46, 159835, 46.0763, 3.97649e+06
0.356846, 2904.87, 159768, 46.0763, 3.97644e+06
0.356885, 2904.29, 159700, 46.0763, 3.97642e+06
0.356923, 2903.7, 159633, 46.0763, 3.97642e+06
0.356961, 2903.12, 159566, 46.0763, 3.97646e+06
0.356999, 2902.53, 159499, 46.0763, 3.97653e+06
0.357037, 2901.95, 159431, 46.0763, 3.97662e+06
0.357075, 2901.37, 159364, 46.0763, 3.97672e+06
0.357113, 2900.78, 159297, 46.0763, 3.97683e+06
0.357151, 2900.2, 159230, 46.0763, 3.97693e+06
0.357189, 2899.62, 159163, 46.0763, 3.97701e+06
0.357227, 2899.04, 159096, 46.0763, 3.97708e+06
0.357265, 2898.46, 159029, 46.0763, 3.97712e+06
0.357304, 2897.87, 158962, 46.0763, 3.97713e+06
0.357342, 2897.29, 158895, 46.0763, 3.97713e+06
0.35738, 2896.71, 158828, 46.0763, 3.97712e+06
0.357418, 2896.13, 158761, 46.0763, 3.97709e+06
0.357456, 2895.55, 158694, 46.0763, 3.97704e+06
0.357494, 2894.97, 158628, 46.0763, 3.97697e+06
0.357532, 2894.39, 158561, 46.0763, 3.9769e+06
0.35757, 2893.81, 158494, 46.0763, 3.97682e+06
0.357608, 2893.23, 158427, 46.0763, 3.97676e+06
0.357646, 2892.65, 158361, 46.0763, 3.97672e+06
0.357684, 2892.08, 158294, 46.0763, 3.97669e+06
0.357722, 2891.5, 158227, 46.0763, 3.9767e+06
0.357761, 2890.92, 158161, 46.0763, 3.97672e+06
0.357799, 2890.34, 158094, 46.0763, 3.97676e+06
0.357837, 2889.77, 158028, 46.0763, 3.9768e+06
0.357875, 2889.19, 157961, 46.0763, 3.97686e+06
0.357913, 2888.62, 157895, 46.0763, 3.97691e+06
0.357951, 2888.04, 157828, 46.0763, 3.97697e+06
0.357989, 2887.47, 157762, 46.0763, 3.97702e+06
0.358027, 2886.89, 157696, 46.0763, 3.97707e+06
0.358065, 2886.32, 157629, 46.0763, 3.97711e+06
0.358103, 2885.74, 157563, 46.0763, 3.97715e+06
0.358141, 2885.17, 157497, 46.0763, 3.97718e+06
0.358179, 2884.6, 157431, 46.0763, 3.97722e+06
0.358217, 2884.02, 157365, 46.0763, 3.97724e+06
0.358256, 2883.45, 157298, 46.0763, 3.97726e+06
0.358294, 2882.88, 157232, 46.0763, 3.97728e+06
0.358332, 2882.31, 157166, 46.0763, 3.9773e+06
0.35837, 2881.74, 157100, 46.0763, 3.97731e+06
0.358408, 2881.17, 157035, 46.0763, 3.9773e+06
0.358446, 2880.6, 156969, 46.0763, 3.97729e+06
0.358484, 2880.03, 156903, 46.0763, 3.97728e+06
0.358522, 2879.46, 156837, 46.0763, 3.97725e+06
0.35856, 2878.89, 156771, 46.0763, 3.97722e+06
0.358598, 2878.32, 156705, 46.0763, 3.97719e+06
0.358636, 2877.75, 156640, 46.0763, 3.97716e+06
0.358674, 2877.18, 156574, 46.0763, 3.97713e+06
0.358712, 2876.61, 156509, 46.0763, 3.9771e+06
0.358751, 2876.05, 156443, 46.0763, 3.97708e+06
0.358789, 2875.48, 156378, 46.0763, 3.97706e+06
0.358827, 2874.91, 156312, 46.0763, 3.97705e+06
0.358865, 2874.35, 156247, 46.0763, 3.97704e+06
0.358903, 2873.78, 156181, 46.0763, 3.97704e+06
0.358941, 2873.22, 156116, 46.0763, 3.97705e+06
0.358979, 2872.65, 156051, 46.0763, 3.97707e+06
0.359017, 2872.09, 155986, 46.0763, 3.97709e+06
0.359055, 2871.53, 155920, 46.0763, 3.97711e+06
0.359093, 2870.96, 155855, 46.0763, 3.97713e+06
0.359131, 2870.4, 155790, 46.0763, 3.97714e+06
0.35917, 2869.84, 155725, 46.0763, 3.97715e+06
0.359208, 2869.28, 155660, 46.0763, 3.97714e+06
0.359246, 2868.72, 155595, 46.0763, 3.97713e+06
0.359284, 2868.16, 155530, 46.0763, 3.97712e+06
0.359322, 2867.6, 155465, 46.0763, 3.97711e+06
0.35936, 2867.04, 155400, 46.0763, 3.97709e+06
0.359398, 2866.48, 155335, 46.0763, 3.97708e+06
0.359436, 2865.92, 155271, 46.0763, 3.97708e+06
0.359474, 2865.36, 155206, 46.0763, 3.97707e+06
0.359512, 2864.8, 155141, 46.0763, 3.97707e+06
0.35955, 2864.25, 155077, 46.0763, 3.97707e+06
0.359589, 2863.69, 155012, 46.0763, 3.97707e+06
0.359627, 2863.13, 154947, 46.0763, 3.97706e+06
0.359665, 2862.58, 154883, 46.0763, 3.97705e+06
0.359703, 2862.02, 154818, 46.0763, 3.97704e+06
0.359741, 2861.47, 154754, 46.0763, 3.97704e+06
0.359779, 2860.91, 154689, 46.0763, 3.97704e+06
0.359817, 2860.36, 154625, 46.0763, 3.97705e+06
0.359855, 2859.8, 154560, 46.0763, 3.97706e+06
0.359893, 2859.25, 154496, 46.0763, 3.97708e+06
0.359932, 2858.7, 154432, 46.0763, 3.97711e+06
0.35997, 2858.15, 154368, 46.0763, 3.97714e+06
0.360008, 2857.6, 154304, 46.0763, 3.97717e+06
0.360046, 2857.05, 154240, 46.0763, 3.97719e+06
0.360084, 2856.5, 154176, 46.0763, 3.97719e+06
0.360122, 2855.95, 154112, 46.0763, 3.97719e+06
0.36016, 2855.4, 154049, 46.0763, 3.97718e+06
0.360198, 2854.85, 153985, 46.0763, 3.97715e+06
0.360236, 2854.3, 153922, 46.0763, 3.97712e+06
0.360274, 2853.75, 153858, 46.0763, 3.97708e+06
0.360313, 2853.21, 153795, 46.0763, 3.97703e+06
0.360351, 2852.66, 153731, 46.0763, 3.977e+06
0.360389, 2852.12, 153668, 46.0763, 3.97697e+06
0.360427, 2851.57, 153605, 46.0763, 3.97695e+06
0.360465, 2851.03, 153542, 46.0763, 3.97694e+06
0.360503, 2850.48, 153479, 46.0763, 3.97693e+06
0.360541, 2849.94, 153416, 46.0763, 3.97693e+06
0.360579, 2849.39, 153353, 46.0763, 3.97693e+06
0.360617, 2848.85, 153290, 46.0763, 3.97692e+06
0.360655, 2848.31, 153228, 46.0763, 3.97692e+06
0.360693, 2847.77, 153165, 46.0763, 3.97693e+06
0.360732, 2847.23, 153102, 46.0763, 3.97693e+06
0.36077, 2846.69, 153040, 46.0763, 3.97693e+06
0.360808, 2846.15, 152977, 46.0763, 3.97694e+06
0.360846, 2845.61, 152915, 46.0763, 3.97695e+06
0.360884, 2845.07, 152853, 46.0763, 3.97697e+06
0.360922, 2844.53, 152790, 46.0763, 3.97699e+06
0.36096, 2843.99, 152728, 46.0763, 3.977e+06
0.360998, 2843.45, 152666, 46.0763, 3.977e+06
0.361036, 2842.91, 152604, 46.0763, 3.97701e+06
0.361074, 2842.38, 152542, 46.0763, 3.97701e+06
0.361112, 2841.84, 152480, 46.0763, 3.977e+06
0.361151, 2841.3, 152418, 46.0763, 3.977e+06
0.361189, 2840.77, 152357, 46.0763, 3.97699e+06
0.361227, 2840.23, 152295, 46.0763, 3.97698e+06
0.361265, 2839.7, 152233, 46.0763, 3.97697e+06
0.361303, 2839.16, 152172, 46.0763, 3.97698e+06
0.361341, 2838.63, 152110, 46.0763, 3.977e+06
0.361379, 2838.1, 152049, 46.0763, 3.97703e+06
0.361417, 2837.56, 151988, 46.0763, 3.97705e+06
0.361455, 2837.03, 151926, 46.0763, 3.97708e+06
0.361493, 2836.5, 151865, 46.0763, 3.97711e+06
0.361532, 2835.97, 151804, 46.0763, 3.97713e+06
0.36157, 2835.44, 151743, 46.0763, 3.97714e+06
0.361608, 2834.91, 151682, 46.0763, 3.97714e+06
0.361646, 2834.38, 151622, 46.0763, 3.97713e+06
0.361684, 2833.85, 151561, 46.0763, 3.97712e+06
0.361722, 2833.32, 151500, 46.0763, 3.97712e+06
0.36176, 2832.79, 151440, 46.0763, 3.97712e+06
0.361798, 2832.26, 151379, 46.0763, 3.97713e+06
0.361836, 2831.74, 151319, 46.0763, 3.97714e+06
0.361875, 2831.21, 151258, 46.0763, 3.97715e+06
0.361913, 2830.68, 151198, 46.0763, 3.97714e+06
0.361951, 2830.16, 151138, 46.0763, 3.97713e+06
0.361989, 2829.63, 151078, 46.0763, 3.9771e+06
0.362027, 2829.11, 151018, 46.0763, 3.97705e+06
0.362065, 2828.58, 150958, 46.0763, 3.97699e+06
0.362103, 2828.06, 150898, 46.0763, 3.97691e+06
0.362141, 2827.54, 150838, 46.0763, 3.97683e+06
0.36218, 2827.01, 150779, 46.0763, 3.97675e+06
0.362218, 2826.49, 150719, 46.0763, 3.97667e+06
0.362256, 2825.97, 150659, 46.0763, 3.97662e+06
0.362294, 2825.45, 150600, 46.0763, 3.97658e+06
0.362332, 2824.93, 150541, 46.0763, 3.97657e+06
0.36237, 2824.41, 150481, 46.0763, 3.97657e+06
0.362408, 2823.89, 150422, 46.0763, 3.97658e+06
0.362446, 2823.37, 150363, 46.0763, 3.9766e+06
0.362484, 2822.85, 150304, 46.0763, 3.97663e+06
0.362523, 2822.33, 150245, 46.0763, 3.97666e+06
0.362561, 2821.82, 150186, 46.0763, 3.97669e+06
0.362599, 2821.3, 150128, 46.0763, 3.97672e+06
0.362637, 2820.78, 150069, 46.0763, 3.97676e+06
0.362675, 2820.27, 150010, 46.0763, 3.9768e+06
0.362713, 2819.75, 149952, 46.0763, 3.97685e+06
0.362751, 2819.24, 149893, 46.0763, 3.97692e+06
0.362789, 2818.72, 149835, 46.0763, 3.97699e+06
0.362827, 2818.21, 149777, 46.0763, 3.97708e+06
0.362866, 2817.69, 149718, 46.0763, 3.97716e+06
0.362904, 2817.18, 149660, 46.0763, 3.97724e+06
0.362942, 2816.67, 149602, 46.0763, 3.97731e+06
0.36298, 2816.15, 149544, 46.0763, 3.97736e+06
0.363018, 2815.64, 149486, 46.0763, 3.97741e+06
0.363056, 2815.13, 149429, 46.0763, 3.97744e+06
0.363094, 2814.62, 149371, 46.0763, 3.97747e+06
0.363132, 2814.11, 149314, 46.0763, 3.97748e+06
0.363171, 2813.6, 149256, 46.0763, 3.97748e+06
0.363209, 2813.09, 149199, 46.0763, 3.97747e+06
0.363247, 2812.58, 149141, 46.0763, 3.97744e+06
0.363285, 2812.07, 149084, 46.0763, 3.9774e+06
0.363323, 2811.56, 149027, 46.0763, 3.97736e+06
0.363361, 2811.06, 148970, 46.0763, 3.97732e+06
0.363399, 2810.55, 148914, 46.0763, 3.97728e+06
0.363437, 2810.04, 148857, 46.0763, 3.97725e+06
0.363475, 2809.53, 148800, 46.0763, 3.97721e+06
0.363514, 2809.03, 148744, 46.0763, 3.97718e+06
0.363552, 2808.52, 148687, 46.0763, 3.97716e+06
0.36359, 2808.02, 148631, 46.0763, 3.97714e+06
0.363628, 2807.51, 148575, 46.0763, 3.97712e+06
0.363666, 2807.01, 148519, 46.0763, 3.9771e+06
0.363704, 2806.51, 148463, 46.0763, 3.97708e+06
0.363742, 2806, 148407, 46.0763, 3.97707e+06
0.36378, 2805.5, 148351, 46.0763, 3.97707e+06
0.363818, 2805, 148295, 46.0763, 3.97708e+06
0.363857, 2804.5, 148239, 46.0763, 3.9771e+06
0.363895, 2803.99, 148184, 46.0763, 3.97713e+06
0.363933, 2803.49, 148128, 46.0763, 3.97716e+06
0.363971, 2802.99, 148073, 46.0763, 3.9772e+06
0.364009, 2802.49, 148017, 46.0763, 3.97724e+06
0.364047, 2801.99, 147962, 46.0763, 3.97728e+06
0.364085, 2801.49, 147907, 46.0763, 3.97732e+06
0.364123, 2801, 147852, 46.0763, 3.97736e+06
0.364162, 2800.5, 147797, 46.0763, 3.97739e+06
0.3642, 2800, 147742, 46.0763, 3.97743e+06
0.364238, 2799.5, 147687, 46.0763, 3.97745e+06
0.364276, 2799.01, 147633, 46.0763, 3.97747e+06
0.364314, 2798.51, 147578, 46.0763, 3.97748e+06
0.364352, 2798.01, 147524, 46.0763, 3.97748e+06
0.36439, 2797.52, 147470, 46.0763, 3.97746e+06
0.364428, 2797.02, 147415, 46.0763, 3.97743e+06
0.364467, 2796.53, 147361, 46.0763, 3.97739e+06
0.364505, 2796.03, 147308, 46.0763, 3.97733e+06
0.364543, 2795.54, 147254, 46.0763, 3.97725e+06
0.364581, 2795.04, 147200, 46.0763, 3.97716e+06
0.364619, 2794.55, 147146, 46.0763, 3.97707e+06
0.364657, 2794.06, 147093, 46.0763, 3.97697e+06
0.364695, 2793.57, 147039, 46.0763, 3.9769e+06
0.364734, 2793.07, 146986, 46.0763, 3.97684e+06
0.364772, 2792.58, 146933, 46.0763, 3.97679e+06
0.36481, 2792.09, 146880, 46.0763, 3.97677e+06
0.364848, 2791.6, 146826, 46.0763, 3.97675e+06
0.364886, 2791.11, 146773, 46.0763, 3.97674e+06
0.364924, 2790.62, 146721, 46.0763, 3.97674e+06
0.364963, 2790.13, 146668, 46.0763, 3.97675e+06
0.365001, 2789.64, 146615, 46.0763, 3.97676e+06
0.365039, 2789.16, 146563, 46.0763, 3.9768e+06
0.365077, 2788.67, 146510, 46.0763, 3.97685e+06
0.365115, 2788.18, 146458, 46.0763, 3.97692e+06
0.365153, 2787.69, 146405, 46.0763, 3.97702e+06
0.365191, 2787.21, 146353, 46.0763, 3.97712e+06
0.36523, 2786.72, 146301, 46.0763, 3.97722e+06
0.365268, 2786.24, 146249, 46.0763, 3.97733e+06
0.365306, 2785.75, 146197, 46.0763, 3.97744e+06
0.365344, 2785.27, 146145, 46.0763, 3.97754e+06
0.365382, 2784.78, 146094, 46.0763, 3.97762e+06
0.36542, 2784.3, 146042, 46.0763, 3.97768e+06
0.365458, 2783.81, 145991, 46.0763, 3.97772e+06
0.365497, 2783.33, 145939, 46.0763, 3.97774e+06
0.365535, 2782.85, 145888, 46.0763, 3.97774e+06
0.365573, 2782.37, 145837, 46.0763, 3.97774e+06
0.365611, 2781.88, 145786, 46.0763, 3.97773e+06
0.365649, 2781.4, 145735, 46.0763, 3.9777e+06
0.365687, 2780.92, 145684, 46.0763, 3.97766e+06
0.365725, 2780.44, 145634, 46.0763, 3.97762e+06
0.365764, 2779.96, 145583, 46.0763, 3.97756e+06
0.365802, 2779.48, 145533, 46.0763, 3.9775e+06
0.36584, 2779, 145482, 46.0763, 3.97743e+06
0.365878, 2778.52, 145432, 46.0763, 3.97737e+06
0.365916, 2778.05, 145382, 46.0763, 3.97731e+06
0.365954, 2777.57, 145332, 46.0763, 3.97725e+06
0.365992, 2777.09, 145282, 46.0763, 3.9772e+06
0.366031, 2776.61, 145232, 46.0763, 3.97716e+06
0.366069, 2776.14, 145183, 46.0763, 3.97711e+06
0.366107, 2775.66, 145133, 46.0763, 3.97706e+06
0.366145, 2775.18, 145083, 46.0763, 3.977e+06
0.366183, 2774.71, 145034, 46.0763, 3.97694e+06
0.366221, 2774.23, 144985, 46.0763, 3.97687e+06
0.366259, 2773.76, 144936, 46.0763, 3.97682e+06
0.366298, 2773.28, 144887, 46.0763, 3.97679e+06
0.366336, 2772.81, 144838, 46.0763, 3.97677e+06
0.366374, 2772.33, 144789, 46.0763, 3.97678e+06
0.366412, 2771.86, 144740, 46.0763, 3.9768e+06
0.36645, 2771.38, 144691, 46.0763, 3.97684e+06
0.366488, 2770.91, 144643, 46.0763, 3.97689e+06
0.366526, 2770.44, 144594, 46.0763, 3.97694e+06
0.366565, 2769.97, 144546, 46.0763, 3.97699e+06
0.366603, 2769.49, 144497, 46.0763, 3.97703e+06
0.366641, 2769.02, 144449, 46.0763, 3.97706e+06
0.366679, 2768.55, 144401, 46.0763, 3.9771e+06
0.366717, 2768.08, 144353, 46.0763, 3.97713e+06
0.366755, 2767.61, 144306, 46.0763, 3.97717e+06
0.366794, 2767.14, 144258, 46.0763, 3.97722e+06
0.366832, 2766.67, 144210, 46.0763, 3.97728e+06
0.36687, 2766.2, 144163, 46.0763, 3.97735e+06
0.366908, 2765.73, 144115, 46.0763, 3.97741e+06
0.366946, 2765.26, 144068, 46.0763, 3.97748e+06
0.366984, 2764.79, 144021, 46.0763, 3.97754e+06
0.367023, 2764.32, 143974, 46.0763, 3.97758e+06
0.367061, 2763.86, 143927, 46.0763, 3.9776e+06
0.367099, 2763.39, 143880, 46.0763, 3.9776e+06
0.367137, 2762.92, 143833, 46.0763, 3.97759e+06
0.367175, 2762.46, 143787, 46.0763, 3.97756e+06
0.367213, 2761.99, 143740, 46.0763, 3.97753e+06
0.367252, 2761.52, 143694, 46.0763, 3.9775e+06
0.36729, 2761.06, 143648, 46.0763, 3.97745e+06
0.367328, 2760.59, 143602, 46.0763, 3.97741e+06
0.367366, 2760.13, 143556, 46.0763, 3.97736e+06
0.367404, 2759.66, 143510, 46.0763, 3.9773e+06
0.367443, 2759.2, 143464, 46.0763, 3.97724e+06
0.367481, 2758.74, 143419, 46.0763, 3.97717e+06
0.367519, 2758.27, 143373, 46.0763, 3.97711e+06
0.367557, 2757.81, 143327, 46.0763, 3.97705e+06
0.367595, 2757.35, 143282, 46.0763, 3.97699e+06
0.367634, 2756.89, 143237, 46.0763, 3.97694e+06
0.367672, 2756.42, 143192, 46.0763, 3.9769e+06
0.36771, 2755.96, 143147, 46.0763, 3.97686e+06
0.367748, 2755.5, 143102, 46.0763, 3.97683e+06
0.367786, 2755.04, 143057, 46.0763, 3.9768e+06
0.367824, 2754.58, 143012, 46.0763, 3.97679e+06
0.367863, 2754.12, 142967, 46.0763, 3.97679e+06
0.367901, 2753.66, 142923, 46.0763, 3.97681e+06
0.367939, 2753.2, 142878, 46.0763, 3.97685e+06
0.367977, 2752.74, 142834, 46.0763, 3.9769e+06
0.368015, 2752.28, 142790, 46.0763, 3.97696e+06
0.368054, 2751.82, 142745, 46.0763, 3.97703e+06
0.368092, 2751.37, 142701, 46.0763, 3.97711e+06
0.36813, 2750.91, 142657, 46.0763, 3.97718e+06
0.368168, 2750.45, 142614, 46.0763, 3.97726e+06
0.368206, 2749.99, 142570, 46.0763, 3.97733e+06
0.368245, 2749.54, 142526, 46.0763, 3.97739e+06
0.368283, 2749.08, 142483, 46.0763, 3.97743e+06
0.368321, 2748.62, 142440, 46.0763, 3.97745e+06
0.368359, 2748.17, 142396, 46.0763, 3.97746e+06
0.368397, 2747.71, 142353, 46.0763, 3.97745e+06
0.368436, 2747.26, 142310, 46.0763, 3.97744e+06
0.368474, 2746.8, 142267, 46.0763, 3.97741e+06
0.368512, 2746.35, 142225, 46.0763, 3.97737e+06
0.36855, 2745.9, 142182, 46.0763, 3.97732e+06
0.368588, 2745.44, 142139, 46.0763, 3.97725e+06
0.368627, 2744.99, 142097, 46.0763, 3.97718e+06
0.368665, 2744.54, 142055, 46.0763, 3.97711e+06
0.368703, 2744.09, 142012, 46.0763, 3.97705e+06
0.368741, 2743.63, 141970, 46.0763, 3.97701e+06
0.368779, 2743.18, 141928, 46.0763, 3.97697e+06
0.368818, 2742.73, 141886, 46.0763, 3.97695e+06
0.368856, 2742.28, 141844, 46.0763, 3.97693e+06
0.368894, 2741.83, 141802, 46.0763, 3.97693e+06
0.368932, 2741.38, 141760, 46.0763, 3.97695e+06
0.36897, 2740.93, 141719, 46.0763, 3.97697e+06
0.369009, 2740.48, 141677, 46.0763, 3.97699e+06
0.369047, 2740.03, 141636, 46.0763, 3.97702e+06
0.369085, 2739.58, 141595, 46.0763, 3.97705e+06
0.369123, 2739.13, 141554, 46.0763, 3.97708e+06
0.369161, 2738.68, 141513, 46.0763, 3.97711e+06
0.3692, 2738.23, 141472, 46.0763, 3.97713e+06
0.369238, 2737.79, 141431, 46.0763, 3.97715e+06
0.369276, 2737.34, 141390, 46.0763, 3.97717e+06
0.369314, 2736.89, 141350, 46.0763, 3.9772e+06
0.369352, 2736.44, 141309, 46.0763, 3.97722e+06
0.369391, 2736, 141269, 46.0763, 3.97724e+06
0.369429, 2735.55, 141229, 46.0763, 3.97726e+06
0.369467, 2735.1, 141189, 46.0763, 3.97728e+06
0.369505, 2734.66, 141149, 46.0763, 3.9773e+06
0.369543, 2734.21, 141109, 46.0763, 3.97732e+06
0.369582, 2733.77, 141069, 46.0763, 3.97733e+06
0.36962, 2733.32, 141029, 46.0763, 3.97735e+06
0.369658, 2732.88, 140989, 46.0763, 3.97738e+06
0.369696, 2732.43, 140950, 46.0763, 3.97741e+06
0.369735, 2731.99, 140910, 46.0763, 3.97744e+06
0.369773, 2731.54, 140871, 46.0763, 3.97745e+06
0.369811, 2731.1, 140832, 46.0763, 3.97746e+06
0.369849, 2730.66, 140792, 46.0763, 3.97745e+06
0.369887, 2730.21, 140753, 46.0763, 3.97744e+06
0.369926, 2729.77, 140714, 46.0763, 3.97742e+06
0.369964, 2729.33, 140675, 46.0763, 3.97739e+06
0.370002, 2728.88, 140636, 46.0763, 3.97737e+06
0.37004, 2728.44, 140598, 46.0763, 3.97735e+06
0.370079, 2728, 140559, 46.0763, 3.97733e+06
0.370117, 2727.56, 140521, 46.0763, 3.97732e+06
0.370155, 2727.12, 140482, 46.0763, 3.97732e+06
0.370193, 2726.68, 140444, 46.0763, 3.97733e+06
0.370231, 2726.24, 140406, 46.0763, 3.97736e+06
0.37027, 2725.8, 140368, 46.0763, 3.97741e+06
0.370308, 2725.36, 140330, 46.0763, 3.97746e+06
0.370346, 2724.92, 140292, 46.0763, 3.97752e+06
0.370384, 2724.48, 140254, 46.0763, 3.97758e+06
0.370423, 2724.04, 140216, 46.0763, 3.97763e+06
0.370461, 2723.6, 140179, 46.0763, 3.97766e+06
0.370499, 2723.16, 140141, 46.0763, 3.97768e+06
0.370537, 2722.72, 140104, 46.0763, 3.97767e+06
0.370575, 2722.28, 140066, 46.0763, 3.97766e+06
0.370614, 2721.85, 140029, 46.0763, 3.97765e+06
0.370652, 2721.41, 139992, 46.0763, 3.97763e+06
0.37069, 2720.97, 139955, 46.0763, 3.97761e+06
0.370728, 2720.54, 139918, 46.0763, 3.97759e+06
0.370767, 2720.1, 139881, 46.0763, 3.97756e+06
0.370805, 2719.66, 139845, 46.0763, 3.97754e+06
0.370843, 2719.23, 139808, 46.0763, 3.97751e+06
0.370881, 2718.79, 139771, 46.0763, 3.97748e+06
0.37092, 2718.36, 139735, 46.0763, 3.97745e+06
0.370958, 2717.92, 139699, 46.0763, 3.97741e+06
0.370996, 2717.49, 139662, 46.0763, 3.97738e+06
0.371034, 2717.05, 139626, 46.0763, 3.97736e+06
0.371073, 2716.62, 139590, 46.0763, 3.97734e+06
0.371111, 2716.19, 139554, 46.0763, 3.97732e+06
0.371149, 2715.75, 139519, 46.0763, 3.9773e+06
0.371187, 2715.32, 139483, 46.0763, 3.97729e+06
0.371226, 2714.89, 139447, 46.0763, 3.97728e+06
0.371264, 2714.45, 139412, 46.0763, 3.97726e+06
0.371302, 2714.02, 139376, 46.0763, 3.97725e+06
0.37134, 2713.59, 139341, 46.0763, 3.97724e+06
0.371378, 2713.16, 139306, 46.0763, 3.97723e+06
0.371417, 2712.72, 139271, 46.0763, 3.97722e+06
0.371455, 2712.29, 139236, 46.0763, 3.9772e+06
0.371493, 2711.86, 139201, 46.0763, 3.97719e+06
0.371531, 2711.43, 139166, 46.0763, 3.97717e+06
0.37157, 2711, 139131, 46.0763, 3.97716e+06
0.371608, 2710.57, 139096, 46.0763, 3.97715e+06
0.371646, 2710.14, 139062, 46.0763, 3.97715e+06
0.371684, 2709.71, 139027, 46.0763, 3.97714e+06
0.371723, 2709.28, 138993, 46.0763, 3.97714e+06
0.371761, 2708.85, 138958, 46.0763, 3.97715e+06
0.371799, 2708.42, 138924, 46.0763, 3.97716e+06
0.371837, 2707.99, 138890, 46.0763, 3.97718e+06
0.371876, 2707.56, 138856, 46.0763, 3.9772e+06
0.371914, 2707.13, 138822, 46.0763, 3.97723e+06
0.371952, 2706.71, 138788, 46.0763, 3.97726e+06
0.371991, 2706.28, 138755, 46.0763, 3.97729e+06
0.372029, 2705.85, 138721, 46.0763, 3.97732e+06
0.372067, 2705.42, 138687, 46.0763, 3.97735e+06
0.372105, 2705, 138654, 46.0763, 3.97737e+06
0.372144, 2704.57, 138621, 46.0763, 3.97738e+06
0.372182, 2704.14, 138587, 46.0763, 3.97737e+06
0.37222, 2703.72, 138554, 46.0763, 3.97734e+06
0.372258, 2703.29, 138521, 46.0763, 3.9773e+06
0.372297, 2702.86, 138488, 46.0763, 3.97725e+06
0.372335, 2702.44, 138455, 46.0763, 3.97719e+06
0.372373, 2702.01, 138422, 46.0763, 3.97713e+06
0.372411, 2701.59, 138389, 46.0763, 3.97708e+06
0.37245, 2701.16, 138356, 46.0763, 3.97705e+06
0.372488, 2700.74, 138324, 46.0763, 3.97703e+06
0.372526, 2700.31, 138291, 46.0763, 3.97702e+06
0.372564, 2699.89, 138259, 46.0763, 3.97703e+06
0.372603, 2699.47, 138226, 46.0763, 3.97704e+06
0.372641, 2699.04, 138194, 46.0763, 3.97707e+06
0.372679, 2698.62, 138162, 46.0763, 3.97711e+06
0.372718, 2698.2, 138130, 46.0763, 3.97716e+06
0.372756, 2697.77, 138098, 46.0763, 3.97721e+06
0.372794, 2697.35, 138066, 46.0763, 3.97726e+06
0.372832, 2696.93, 138034, 46.0763, 3.9773e+06
0.372871, 2696.51, 138002, 46.0763, 3.97734e+06
0.372909, 2696.08, 137970, 46.0763, 3.97737e+06
0.372947, 2695.66, 137939, 46.0763, 3.9774e+06
0.372985, 2695.24, 137907, 46.0763, 3.97742e+06
0.373024, 2694.82, 137876, 46.0763, 3.97745e+06
0.373062, 2694.4, 137845, 46.0763, 3.97747e+06
0.3731, 2693.98, 137813, 46.0763, 3.9775e+06
0.373139, 2693.56, 137782, 46.0763, 3.97752e+06
0.373177, 2693.14, 137751, 46.0763, 3.97754e+06
0.373215, 2692.72, 137720, 46.0763, 3.97755e+06
0.373253, 2692.3, 137689, 46.0763, 3.97755e+06
0.373292, 2691.88, 137658, 46.0763, 3.97755e+06
0.37333, 2691.46, 137627, 46.0763, 3.97753e+06
0.373368, 2691.04, 137597, 46.0763, 3.97749e+06
0.373407, 2690.62, 137566, 46.0763, 3.97745e+06
0.373445, 2690.2, 137535, 46.0763, 3.97739e+06
0.373483, 2689.79, 137505, 46.0763, 3.97733e+06
0.373521, 2689.37, 137474, 46.0763, 3.97726e+06
0.37356, 2688.95, 137444, 46.0763, 3.97718e+06
0.373598, 2688.53, 137414, 46.0763, 3.97711e+06
0.373636, 2688.12, 137384, 46.0763, 3.97703e+06
0.373675, 2687.7, 137354, 46.0763, 3.97697e+06
0.373713, 2687.28, 137324, 46.0763, 3.97692e+06
0.373751, 2686.87, 137294, 46.0763, 3.97688e+06
0.37379, 2686.45, 137264, 46.0763, 3.97687e+06
0.373828, 2686.03, 137234, 46.0763, 3.97687e+06
0.373866, 2685.62, 137205, 46.0763, 3.9769e+06
0.373905, 2685.2, 137175, 46.0763, 3.97694e+06
0.373943, 2684.79, 137146, 46.0763, 3.977e+06
0.373981, 2684.37, 137116, 46.0763, 3.97707e+06
0.374019, 2683.96, 137087, 46.0763, 3.97715e+06
0.374058, 2683.54, 137058, 46.0763, 3.97723e+06
0.374096, 2683.13, 137029, 46.0763, 3.97731e+06
0.374134, 2682.71, 136999, 46.0763, 3.97739e+06
0.374173, 2682.3, 136970, 46.0763, 3.97747e+06
0.374211, 2681.89, 136942, 46.0763, 3.97754e+06
0.374249, 2681.47, 136913, 46.0763, 3.9776e+06
0.374288, 2681.06, 136884, 46.0763, 3.97765e+06
0.374326, 2680.64, 136855, 46.0763, 3.97769e+06
0.374364, 2680.23, 136826, 46.0763, 3.97771e+06
0.374403, 2679.82, 136798, 46.0763, 3.97772e+06
0.374441, 2679.41, 136769, 46.0763, 3.97771e+06
0.374479, 2678.99, 136741, 46.0763, 3.97769e+06
0.374517, 2678.58, 136713, 46.0763, 3.97765e+06
0.374556, 2678.17, 136684, 46.0763, 3.9776e+06
0.374594, 2677.76, 136656, 46.0763, 3.97755e+06
0.374632, 2677.35, 136628, 46.0763, 3.97749e+06
0.374671, 2676.94, 136600, 46.0763, 3.97743e+06
0.374709, 2676.53, 136572, 46.0763, 3.97737e+06
0.374747, 2676.11, 136544, 46.0763, 3.97732e+06
0.374786, 2675.7, 136517, 46.0763, 3.97729e+06
0.374824, 2675.29, 136489, 46.0763, 3.97727e+06
0.374862, 2674.88, 136462, 46.0763, 3.97726e+06
0.374901, 2674.47, 136434, 46.0763, 3.97726e+06
0.374939, 2674.06, 136407, 46.0763, 3.97728e+06
0.374977, 2673.66, 136379, 46.0763, 3.97729e+06
0.375016, 2673.25, 136352, 46.0763, 3.97732e+06
0.375054, 2672.84, 136325, 46.0763, 3.97734e+06
0.375092, 2672.43, 136298, 46.0763, 3.97737e+06
0.375131, 2672.02, 136271, 46.0763, 3.97741e+06
0.375169, 2671.61, 136244, 46.0763, 3.97745e+06
0.375207, 2671.2, 136217, 46.0763, 3.9775e+06
0.375246, 2670.8, 136190, 46.0763, 3.97755e+06
0.375284, 2670.39, 136164, 46.0763, 3.97761e+06
0.375322, 2669.98, 136137, 46.0763, 3.97766e+06
0.375361, 2669.57, 136111, 46.0763, 3.97772e+06
0.375399, 2669.17, 136084, 46.0763, 3.97776e+06
0.375437, 2668.76, 136058, 46.0763, 3.9778e+06
0.375476, 2668.35, 136031, 46.0763, 3.97782e+06
0.375514, 2667.94, 136005, 46.0763, 3.97784e+06
0.375552, 2667.54, 135978, 46.0763, 3.97784e+06
0.375591, 2667.13, 135952, 46.0763, 3.97783e+06
0.375629, 2666.72, 135926, 46.0763, 3.97781e+06
0.375667, 2666.32, 135900, 46.0763, 3.97779e+06
0.375706, 2665.91, 135874, 46.0763, 3.97776e+06
0.375744, 2665.51, 135848, 46.0763, 3.97774e+06
0.375782, 2665.1, 135822, 46.0763, 3.97771e+06
0.375821, 2664.69, 135796, 46.0763, 3.97769e+06
0.375859, 2664.29, 135770, 46.0763, 3.97767e+06
0.375897, 2663.88, 135745, 46.0763, 3.97766e+06
0.375936, 2663.48, 135719, 46.0763, 3.97765e+06
0.375974, 2663.07, 135693, 46.0763, 3.97764e+06
0.376013, 2662.67, 135668, 46.0763, 3.97763e+06
0.376051, 2662.26, 135643, 46.0763, 3.97763e+06
0.376089, 2661.86, 135617, 46.0763, 3.97762e+06
0.376128, 2661.45, 135592, 46.0763, 3.97763e+06
0.376166, 2661.05, 135567, 46.0763, 3.97763e+06
0.376204, 2660.65, 135542, 46.0763, 3.97764e+06
0.376243, 2660.24, 135516, 46.0763, 3.97766e+06
0.376281, 2659.84, 135491, 46.0763, 3.97767e+06
0.37632, 2659.44, 135466, 46.0763, 3.97768e+06
0.376358, 2659.03, 135441, 46.0763, 3.97769e+06
0.376396, 2658.63, 135417, 46.0763, 3.97769e+06
0.376435, 2658.23, 135392, 46.0763, 3.97769e+06
0.376473, 2657.82, 135367, 46.0763, 3.97768e+06
0.376511, 2657.42, 135342, 46.0763, 3.97767e+06
0.37655, 2657.02, 135318, 46.0763, 3.97765e+06
0.376588, 2656.62, 135293, 46.0763, 3.97762e+06
0.376627, 2656.21, 135268, 46.0763, 3.97758e+06
0.376665, 2655.81, 135244, 46.0763, 3.97753e+06
0.376703, 2655.41, 135220, 46.0763, 3.97747e+06
0.376742, 2655.01, 135195, 46.0763, 3.97741e+06
0.37678, 2654.61, 135171, 46.0763, 3.97736e+06
0.376818, 2654.21, 135147, 46.0763, 3.97731e+06
0.376857, 2653.81, 135122, 46.0763, 3.97727e+06
0.376895, 2653.4, 135098, 46.0763, 3.97724e+06
0.376933, 2653, 135074, 46.0763, 3.97722e+06
0.376972, 2652.6, 135050, 46.0763, 3.97722e+06
0.37701, 2652.2, 135026, 46.0763, 3.97724e+06
0.377049, 2651.8, 135003, 46.0763, 3.97727e+06
0.377087, 2651.4, 134979, 46.0763, 3.97731e+06
0.377125, 2651, 134955, 46.0763, 3.97736e+06
0.377164, 2650.6, 134931, 46.0763, 3.97742e+06
0.377202, 2650.2, 134908, 46.0763, 3.97748e+06
0.377241, 2649.8, 134884, 46.0763, 3.97755e+06
0.377279, 2649.4, 134861, 46.0763, 3.97762e+06
0.377317, 2649, 134837, 46.0763, 3.97769e+06
0.377356, 2648.61, 134814, 46.0763, 3.97775e+06
0.377394, 2648.21, 134790, 46.0763, 3.97781e+06
0.377432, 2647.81, 134767, 46.0763, 3.97786e+06
0.377471, 2647.41, 134744, 46.0763, 3.9779e+06
0.377509, 2647.01, 134720, 46.0763, 3.97793e+06
0.377548, 2646.61, 134697, 46.0763, 3.97794e+06
0.377586, 2646.21, 134674, 46.0763, 3.97794e+06
0.377624, 2645.82, 134651, 46.0763, 3.97792e+06
0.377663, 2645.42, 134628, 46.0763, 3.97789e+06
0.377701, 2645.02, 134605, 46.0763, 3.97784e+06
0.37774, 2644.62, 134582, 46.0763, 3.97779e+06
0.377778, 2644.22, 134559, 46.0763, 3.97772e+06
0.377816, 2643.83, 134536, 46.0763, 3.97765e+06
0.377855, 2643.43, 134513, 46.0763, 3.97757e+06
0.377893, 2643.03, 134491, 46.0763, 3.97748e+06
0.377932, 2642.63, 134468, 46.0763, 3.9774e+06
0.37797, 2642.24, 134445, 46.0763, 3.97732e+06
0.378008, 2641.84, 134423, 46.0763, 3.97724e+06
0.378047, 2641.44, 134400, 46.0763, 3.97717e+06
0.378085, 2641.05, 134378, 46.0763, 3.97711e+06
0.378124, 2640.65, 134356, 46.0763, 3.97705e+06
0.378162, 2640.26, 134333, 46.0763, 3.977e+06
0.3782, 2639.86, 134311, 46.0763, 3.97696e+06
0.378239, 2639.46, 134289, 46.0763, 3.97693e+06
0.378277, 2639.07, 134267, 46.0763, 3.97692e+06
0.378316, 2638.67, 134244, 46.0763, 3.97693e+06
0.378354, 2638.28, 134222, 46.0763, 3.97695e+06
0.378393, 2637.88, 134200, 46.0763, 3.97699e+06
0.378431, 2637.48, 134178, 46.0763, 3.97705e+06
0.378469, 2637.09, 134156, 46.0763, 3.97712e+06
0.378508, 2636.69, 134134, 46.0763, 3.97719e+06
0.378546, 2636.3, 134112, 46.0763, 3.97727e+06
0.378585, 2635.9, 134091, 46.0763, 3.97735e+06
0.378623, 2635.51, 134069, 46.0763, 3.97742e+06
0.378662, 2635.11, 134047, 46.0763, 3.97749e+06
0.3787, 2634.72, 134025, 46.0763, 3.97755e+06
0.378739, 2634.32, 134004, 46.0763, 3.9776e+06
0.378777, 2633.93, 133982, 46.0763, 3.97764e+06
0.378815, 2633.54, 133960, 46.0763, 3.97767e+06
0.378854, 2633.14, 133939, 46.0763, 3.97768e+06
0.378892, 2632.75, 133917, 46.0763, 3.97768e+06
0.378931, 2632.35, 133896, 46.0763, 3.97767e+06
0.378969, 2631.96, 133875, 46.0763, 3.97764e+06
0.379008, 2631.57, 133853, 46.0763, 3.97759e+06
0.379046, 2631.17, 133832, 46.0763, 3.97754e+06
0.379085, 2630.78, 133811, 46.0763, 3.97747e+06
0.379123, 2630.38, 133790, 46.0763, 3.97741e+06
0.379161, 2629.99, 133768, 46.0763, 3.97734e+06
0.3792, 2629.6, 133747, 46.0763, 3.97728e+06
0.379238, 2629.2, 133726, 46.0763, 3.97723e+06
0.379277, 2628.81, 133705, 46.0763, 3.97719e+06
0.379315, 2628.42, 133684, 46.0763, 3.97717e+06
0.379354, 2628.03, 133664, 46.0763, 3.97717e+06
0.379392, 2627.63, 133643, 46.0763, 3.97719e+06
0.379431, 2627.24, 133622, 46.0763, 3.97723e+06
0.379469, 2626.85, 133601, 46.0763, 3.97729e+06
0.379507, 2626.46, 133580, 46.0763, 3.97737e+06
0.379546, 2626.06, 133560, 46.0763, 3.97746e+06
0.379584, 2625.67, 133539, 46.0763, 3.97757e+06
0.379623, 2625.28, 133519, 46.0763, 3.97767e+06
0.379661, 2624.89, 133498, 46.0763, 3.97776e+06
0.3797, 2624.49, 133478, 46.0763, 3.97785e+06
0.379738, 2624.1, 133457, 46.0763, 3.97791e+06
0.379777, 2623.71, 133437, 46.0763, 3.97796e+06
0.379815, 2623.32, 133416, 46.0763, 3.97798e+06
0.379854, 2622.93, 133396, 46.0763, 3.97798e+06
0.379892, 2622.54, 133375, 46.0763, 3.97796e+06
0.37993, 2622.15, 133355, 46.0763, 3.97792e+06
0.379969, 2621.75, 133335, 46.0763, 3.97788e+06
0.380007, 2621.36, 133315, 46.0763, 3.97782e+06
0.380046, 2620.97, 133295, 46.0763, 3.97776e+06
0.380084, 2620.58, 133275, 46.0763, 3.97769e+06
0.380123, 2620.19, 133255, 46.0763, 3.97763e+06
0.380161, 2619.8, 133235, 46.0763, 3.97758e+06
0.3802, 2619.41, 133215, 46.0763, 3.97753e+06
0.380238, 2619.02, 133195, 46.0763, 3.97749e+06
0.380277, 2618.63, 133175, 46.0763, 3.97747e+06
0.380315, 2618.24, 133155, 46.0763, 3.97745e+06
0.380354, 2617.85, 133135, 46.0763, 3.97745e+06
0.380392, 2617.46, 133116, 46.0763, 3.97746e+06
0.38043, 2617.07, 133096, 46.0763, 3.97748e+06
0.380469, 2616.68, 133076, 46.0763, 3.9775e+06
0.380507, 2616.29, 133057, 46.0763, 3.97754e+06
0.380546, 2615.9, 133037, 46.0763, 3.97758e+06
0.380584, 2615.51, 133018, 46.0763, 3.97762e+06
0.380623, 2615.12, 132998, 46.0763, 3.97766e+06
0.380661, 2614.73, 132979, 46.0763, 3.9777e+06
0.3807, 2614.34, 132959, 46.0763, 3.97773e+06
0.380738, 2613.95, 132940, 46.0763, 3.97775e+06
0.380777, 2613.56, 132920, 46.0763, 3.97776e+06
0.380815, 2613.17, 132901, 46.0763, 3.97777e+06
0.380854, 2612.78, 132881, 46.0763, 3.97777e+06
0.380892, 2612.39, 132862, 46.0763, 3.97777e+06
0.380931, 2612.01, 132843, 46.0763, 3.97777e+06
0.380969, 2611.62, 132823, 46.0763, 3.97777e+06
0.381008, 2611.23, 132804, 46.0763, 3.97776e+06
0.381046, 2610.84, 132785, 46.0763, 3.97776e+06
0.381085, 2610.45, 132766, 46.0763, 3.97776e+06
0.381123, 2610.06, 132746, 46.0763, 3.97776e+06
0.381162, 2609.67, 132727, 46.0763, 3.97777e+06
0.3812, 2609.29, 132708, 46.0763, 3.97777e+06
0.381239, 2608.9, 132689, 46.0763, 3.97778e+06
0.381277, 2608.51, 132670, 46.0763, 3.97778e+06
0.381316, 2608.12, 132651, 46.0763, 3.97779e+06
0.381354, 2607.73, 132632, 46.0763, 3.97779e+06
0.381393, 2607.35, 132613, 46.0763, 3.97778e+06
0.381431, 2606.96, 132594, 46.0763, 3.97776e+06
0.38147, 2606.57, 132575, 46.0763, 3.97774e+06
0.381508, 2606.18, 132557, 46.0763, 3.97771e+06
0.381547, 2605.79, 132538, 46.0763, 3.97768e+06
0.381585, 2605.41, 132519, 46.0763, 3.97765e+06
0.381624, 2605.02, 132500, 46.0763, 3.97761e+06
0.381663, 2604.63, 132482, 46.0763, 3.97758e+06
0.381701, 2604.25, 132463, 46.0763, 3.97756e+06
0.38174, 2603.86, 132444, 46.0763, 3.97754e+06
0.381778, 2603.47, 132426, 46.0763, 3.97752e+06
0.381817, 2603.08, 132407, 46.0763, 3.97751e+06
0.381855, 2602.7, 132389, 46.0763, 3.97751e+06
0.381894, 2602.31, 132370, 46.0763, 3.97751e+06
0.381932, 2601.92, 132352, 46.0763, 3.97753e+06
0.381971, 2601.54, 132333, 46.0763, 3.97755e+06
0.382009, 2601.15, 132315, 46.0763, 3.97757e+06
0.382048, 2600.76, 132296, 46.0763, 3.97761e+06
0.382086, 2600.38, 132278, 46.0763, 3.97764e+06
0.382125, 2599.99, 132260, 46.0763, 3.97768e+06
0.382163, 2599.61, 132241, 46.0763, 3.97771e+06
0.382202, 2599.22, 132223, 46.0763, 3.97774e+06
0.38224, 2598.83, 132204, 46.0763, 3.97776e+06
0.382279, 2598.45, 132186, 46.0763, 3.97778e+06
0.382317, 2598.06, 132168, 46.0763, 3.97778e+06
0.382356, 2597.68, 132150, 46.0763, 3.97778e+06
0.382394, 2597.29, 132131, 46.0763, 3.97776e+06
0.382433, 2596.9, 132113, 46.0763, 3.97773e+06
0.382472, 2596.52, 132095, 46.0763, 3.97769e+06
0.38251, 2596.13, 132077, 46.0763, 3.97765e+06
0.382549, 2595.75, 132059, 46.0763, 3.9776e+06
0.382587, 2595.36, 132041, 46.0763, 3.97756e+06
0.382626, 2594.97, 132023, 46.0763, 3.97751e+06
0.382664, 2594.59, 132005, 46.0763, 3.97747e+06
0.382703, 2594.2, 131987, 46.0763, 3.97743e+06
0.382741, 2593.82, 131969, 46.0763, 3.9774e+06
0.38278, 2593.43, 131951, 46.0763, 3.97738e+06
0.382818, 2593.05, 131933, 46.0763, 3.97738e+06
0.382857, 2592.66, 131915, 46.0763, 3.9774e+06
0.382895, 2592.27, 131897, 46.0763, 3.97743e+06
0.382934, 2591.89, 131879, 46.0763, 3.97748e+06
0.382972, 2591.5, 131861, 46.0763, 3.97753e+06
0.383011, 2591.12, 131843, 46.0763, 3.9776e+06
0.38305, 2590.73, 131825, 46.0763, 3.97767e+06
0.383088, 2590.35, 131808, 46.0763, 3.97774e+06
0.383127, 2589.97, 131790, 46.0763, 3.97781e+06
0.383165, 2589.58, 131772, 46.0763, 3.97787e+06
0.383204, 2589.2, 131754, 46.0763, 3.97792e+06
0.383242, 2588.81, 131737, 46.0763, 3.97795e+06
0.383281, 2588.43, 131719, 46.0763, 3.97797e+06
0.383319, 2588.04, 131702, 46.0763, 3.97798e+06
0.383358, 2587.66, 131684, 46.0763, 3.97798e+06
0.383397, 2587.27, 131666, 46.0763, 3.97796e+06
0.383435, 2586.89, 131649, 46.0763, 3.97794e+06
0.383474, 2586.51, 131631, 46.0763, 3.9779e+06
0.383512, 2586.12, 131614, 46.0763, 3.97787e+06
0.383551, 2585.74, 131596, 46.0763, 3.97782e+06
0.383589, 2585.35, 131579, 46.0763, 3.97777e+06
0.383628, 2584.97, 131561, 46.0763, 3.97771e+06
0.383666, 2584.59, 131544, 46.0763, 3.97766e+06
0.383705, 2584.2, 131526, 46.0763, 3.9776e+06
0.383744, 2583.82, 131508, 46.0763, 3.97755e+06
0.383782, 2583.44, 131491, 46.0763, 3.97751e+06
0.383821, 2583.05, 131473, 46.0763, 3.97748e+06
0.383859, 2582.67, 131456, 46.0763, 3.97745e+06
0.383898, 2582.29, 131439, 46.0763, 3.97743e+06
0.383937, 2581.9, 131421, 46.0763, 3.97741e+06
0.383975, 2581.52, 131404, 46.0763, 3.9774e+06
0.384014, 2581.14, 131386, 46.0763, 3.9774e+06
0.384052, 2580.75, 131369, 46.0763, 3.9774e+06
0.384091, 2580.37, 131352, 46.0763, 3.9774e+06
0.384129, 2579.99, 131334, 46.0763, 3.97742e+06
0.384168, 2579.6, 131317, 46.0763, 3.97744e+06
0.384207, 2579.22, 131300, 46.0763, 3.97747e+06
0.384245, 2578.84, 131282, 46.0763, 3.97751e+06
0.384284, 2578.46, 131265, 46.0763, 3.97754e+06
0.384322, 2578.07, 131248, 46.0763, 3.97758e+06
0.384361, 2577.69, 131231, 46.0763, 3.9776e+06
0.3844, 2577.31, 131213, 46.0763, 3.97763e+06
0.384438, 2576.93, 131196, 46.0763, 3.97764e+06
0.384477, 2576.54, 131179, 46.0763, 3.97765e+06
0.384515, 2576.16, 131162, 46.0763, 3.97766e+06
0.384554, 2575.78, 131145, 46.0763, 3.97766e+06
0.384593, 2575.4, 131128, 46.0763, 3.97766e+06
0.384631, 2575.02, 131111, 46.0763, 3.97766e+06
0.38467, 2574.63, 131094, 46.0763, 3.97767e+06
0.384709, 2574.25, 131077, 46.0763, 3.97768e+06
0.384747, 2573.87, 131059, 46.0763, 3.97769e+06
0.384786, 2573.49, 131042, 46.0763, 3.97771e+06
0.384824, 2573.11, 131025, 46.0763, 3.97773e+06
0.384863, 2572.72, 131008, 46.0763, 3.97776e+06
0.384902, 2572.34, 130991, 46.0763, 3.97779e+06
0.38494, 2571.96, 130974, 46.0763, 3.97782e+06
0.384979, 2571.58, 130957, 46.0763, 3.97784e+06
0.385017, 2571.2, 130940, 46.0763, 3.97786e+06
0.385056, 2570.82, 130924, 46.0763, 3.97787e+06
0.385095, 2570.44, 130907, 46.0763, 3.97787e+06
0.385133, 2570.05, 130890, 46.0763, 3.97785e+06
0.385172, 2569.67, 130873, 46.0763, 3.97783e+06
0.38521, 2569.29, 130856, 46.0763, 3.9778e+06
0.385249, 2568.91, 130839, 46.0763, 3.97776e+06
0.385288, 2568.53, 130822, 46.0763, 3.97773e+06
0.385326, 2568.15, 130805, 46.0763, 3.97769e+06
0.385365, 2567.77, 130788, 46.0763, 3.97765e+06
0.385403, 2567.39, 130771, 46.0763, 3.97763e+06
0.385442, 2567.01, 130755, 46.0763, 3.97761e+06
0.385481, 2566.63, 130738, 46.0763, 3.9776e+06
0.385519, 2566.24, 130721, 46.0763, 3.9776e+06
0.385558, 2565.86, 130704, 46.0763, 3.97761e+06
0.385597, 2565.48, 130687, 46.0763, 3.97763e+06
0.385635, 2565.1, 130671, 46.0763, 3.97766e+06
0.385674, 2564.72, 130654, 46.0763, 3.97769e+06
0.385712, 2564.34, 130637, 46.0763, 3.97773e+06
0.385751, 2563.96, 130621, 46.0763, 3.97776e+06
0.38579, 2563.58, 130604, 46.0763, 3.97778e+06
0.385828, 2563.2, 130587, 46.0763, 3.9778e+06
0.385867, 2562.82, 130571, 46.0763, 3.97781e+06
0.385906, 2562.44, 130554, 46.0763, 3.97782e+06
0.385944, 2562.06, 130537, 46.0763, 3.97781e+06
0.385983, 2561.68, 130521, 46.0763, 3.97781e+06
0.386021, 2561.3, 130504, 46.0763, 3.97779e+06
0.38606, 2560.92, 130488, 46.0763, 3.97778e+06
0.386099, 2560.54, 130471, 46.0763, 3.97776e+06
0.386137, 2560.16, 130455, 46.0763, 3.97775e+06
0.386176, 2559.78, 130438, 46.0763, 3.97773e+06
0.386215, 2559.41, 130422, 46.0763, 3.97772e+06
0.386253, 2559.03, 130405, 46.0763, 3.9777e+06
0.386292, 2558.65, 130389, 46.0763, 3.97769e+06
0.38633, 2558.27, 130372, 46.0763, 3.97769e+06
0.386369, 2557.89, 130355, 46.0763, 3.97768e+06
0.386408, 2557.51, 130339, 46.0763, 3.97767e+06
0.386446, 2557.13, 130322, 46.0763, 3.97766e+06
0.386485, 2556.75, 130306, 46.0763, 3.97765e+06
0.386524, 2556.37, 130289, 46.0763, 3.97764e+06
0.386562, 2555.99, 130273, 46.0763, 3.97763e+06
0.386601, 2555.61, 130256, 46.0763, 3.97762e+06
0.38664, 2555.23, 130240, 46.0763, 3.97762e+06
0.386678, 2554.85, 130224, 46.0763, 3.97761e+06
0.386717, 2554.47, 130207, 46.0763, 3.97761e+06
0.386756, 2554.09, 130191, 46.0763, 3.97761e+06
0.386794, 2553.71, 130174, 46.0763, 3.97761e+06
0.386833, 2553.33, 130158, 46.0763, 3.97762e+06
0.386872, 2552.95, 130141, 46.0763, 3.97764e+06
0.38691, 2552.58, 130125, 46.0763, 3.97766e+06
0.386949, 2552.2, 130109, 46.0763, 3.97769e+06
0.386988, 2551.82, 130092, 46.0763, 3.97772e+06
0.387026, 2551.44, 130076, 46.0763, 3.97776e+06
0.387065, 2551.06, 130059, 46.0763, 3.97781e+06
0.387104, 2550.68, 130043, 46.0763, 3.97785e+06
0.387142, 2550.3, 130027, 46.0763, 3.97789e+06
0.387181, 2549.93, 130010, 46.0763, 3.97793e+06
0.38722, 2549.55, 129994, 46.0763, 3.97796e+06
0.387258, 2549.17, 129978, 46.0763, 3.97798e+06
0.387297, 2548.79, 129962, 46.0763, 3.97799e+06
0.387336, 2548.41, 129945, 46.0763, 3.97798e+06
0.387374, 2548.03, 129929, 46.0763, 3.97797e+06
0.387413, 2547.66, 129913, 46.0763, 3.97794e+06
0.387452, 2547.28, 129897, 46.0763, 3.97791e+06
0.38749, 2546.9, 129880, 46.0763, 3.97788e+06
0.387529, 2546.52, 129864, 46.0763, 3.97784e+06
0.387568, 2546.15, 129848, 46.0763, 3.9778e+06
0.387607, 2545.77, 129832, 46.0763, 3.97776e+06
0.387645, 2545.39, 129816, 46.0763, 3.97772e+06
0.387684, 2545.01, 129799, 46.0763, 3.97767e+06
0.387723, 2544.63, 129783, 46.0763, 3.97763e+06
0.387761, 2544.26, 129767, 46.0763, 3.97758e+06
0.3878, 2543.88, 129751, 46.0763, 3.97753e+06
0.387839, 2543.5, 129735, 46.0763, 3.97749e+06
0.387877, 2543.12, 129718, 46.0763, 3.97745e+06
0.387916, 2542.75, 129702, 46.0763, 3.97742e+06
0.387955, 2542.37, 129686, 46.0763, 3.97741e+06
0.387993, 2541.99, 129670, 46.0763, 3.9774e+06
0.388032, 2541.61, 129654, 46.0763, 3.9774e+06
0.388071, 2541.24, 129638, 46.0763, 3.97741e+06
0.388109, 2540.86, 129622, 46.0763, 3.97743e+06
0.388148, 2540.48, 129606, 46.0763, 3.97746e+06
0.388187, 2540.11, 129590, 46.0763, 3.97749e+06
0.388226, 2539.73, 129574, 46.0763, 3.97752e+06
0.388264, 2539.35, 129557, 46.0763, 3.97756e+06
0.388303, 2538.97, 129541, 46.0763, 3.9776e+06
0.388342, 2538.6, 129525, 46.0763, 3.97764e+06
0.38838, 2538.22, 129509, 46.0763, 3.97768e+06
0.388419, 2537.84, 129493, 46.0763, 3.97772e+06
0.388458, 2537.46, 129477, 46.0763, 3.97776e+06
0.388496, 2537.09, 129461, 46.0763, 3.97779e+06
0.388535, 2536.71, 129445, 46.0763, 3.97782e+06
0.388574, 2536.33, 129429, 46.0763, 3.97785e+06
0.388612, 2535.96, 129413, 46.0763, 3.97786e+06
0.388651, 2535.58, 129397, 46.0763, 3.97786e+06
0.38869, 2535.2, 129381, 46.0763, 3.97786e+06
0.388729, 2534.83, 129365, 46.0763, 3.97784e+06
0.388767, 2534.45, 129349, 46.0763, 3.97781e+06
0.388806, 2534.07, 129334, 46.0763, 3.97777e+06
0.388845, 2533.7, 129318, 46.0763, 3.97773e+06
0.388883, 2533.32, 129302, 46.0763, 3.97768e+06
0.388922, 2532.94, 129286, 46.0763, 3.97764e+06
0.388961, 2532.57, 129270, 46.0763, 3.97759e+06
0.388999, 2532.19, 129254, 46.0763, 3.97755e+06
0.389038, 2531.81, 129238, 46.0763, 3.97752e+06
0.389077, 2531.44, 129222, 46.0763, 3.97749e+06
0.389116, 2531.06, 129207, 46.0763, 3.97746e+06
0.389154, 2530.69, 129191, 46.0763, 3.97743e+06
0.389193, 2530.31, 129175, 46.0763, 3.9774e+06
0.389232, 2529.93, 129159, 46.0763, 3.97738e+06
0.38927, 2529.56, 129143, 46.0763, 3.97736e+06
0.389309, 2529.18, 129127, 46.0763, 3.97735e+06
0.389348, 2528.8, 129112, 46.0763, 3.97736e+06
0.389387, 2528.43, 129096, 46.0763, 3.97737e+06
0.389425, 2528.05, 129080, 46.0763, 3.9774e+06
0.389464, 2527.68, 129064, 46.0763, 3.97743e+06
0.389503, 2527.3, 129048, 46.0763, 3.97748e+06
0.389542, 2526.92, 129032, 46.0763, 3.97754e+06
0.38958, 2526.55, 129017, 46.0763, 3.9776e+06
0.389619, 2526.17, 129001, 46.0763, 3.97763e+06
0.389658, 2525.79, 128985, 46.0763, 3.97766e+06
0.389697, 2525.42, 128969, 46.0763, 3.97768e+06
0.389735, 2525.04, 128953, 46.0763, 3.9777e+06
0.389774, 2524.67, 128937, 46.0763, 3.97771e+06
0.389813, 2524.29, 128921, 46.0763, 3.97772e+06
0.389851, 2523.91, 128906, 46.0763, 3.97772e+06
0.38989, 2523.54, 128890, 46.0763, 3.97772e+06
0.389929, 2523.16, 128874, 46.0763, 3.97773e+06
0.389968, 2522.79, 128858, 46.0763, 3.97772e+06
0.390006, 2522.41, 128842, 46.0763, 3.97771e+06
0.390045, 2522.03, 128827, 46.0763, 3.97769e+06
0.390084, 2521.66, 128811, 46.0763, 3.97767e+06
0.390123, 2521.28, 128795, 46.0763, 3.97766e+06
0.390162, 2520.91, 128779, 46.0763, 3.97766e+06
0.3902, 2520.53, 128764, 46.0763, 3.97766e+06
0.390239, 2520.16, 128748, 46.0763, 3.97767e+06
0.390278, 2519.78, 128732, 46.0763, 3.97769e+06
0.390317, 2519.4, 128716, 46.0763, 3.97771e+06
0.390355, 2519.03, 128701, 46.0763, 3.97773e+06
0.390394, 2518.65, 128685, 46.0763, 3.97775e+06
0.390433, 2518.28, 128669, 46.0763, 3.97777e+06
0.390472, 2517.9, 128653, 46.0763, 3.97779e+06
0.39051, 2517.53, 128638, 46.0763, 3.97782e+06
0.390549, 2517.15, 128622, 46.0763, 3.97784e+06
0.390588, 2516.78, 128606, 46.0763, 3.97786e+06
0.390627, 2516.4, 128590, 46.0763, 3.97788e+06
0.390665, 2516.03, 128574, 46.0763, 3.97789e+06
0.390704, 2515.65, 128559, 46.0763, 3.9779e+06
0.390743, 2515.28, 128543, 46.0763, 3.97791e+06
0.390782, 2514.9, 128527, 46.0763, 3.97791e+06
0.39082, 2514.53, 128511, 46.0763, 3.97791e+06
0.390859, 2514.15, 128495, 46.0763, 3.9779e+06
0.390898, 2513.78, 128480, 46.0763, 3.9779e+06
0.390937, 2513.4, 128464, 46.0763, 3.97789e+06
0.390975, 2513.03, 128448, 46.0763, 3.97788e+06
0.391014, 2512.65, 128432, 46.0763, 3.97788e+06
0.391053, 2512.28, 128416, 46.0763, 3.97787e+06
0.391092, 2511.9, 128401, 46.0763, 3.97787e+06
0.39113, 2511.53, 128385, 46.0763, 3.97787e+06
0.391169, 2511.15, 128369, 46.0763, 3.97787e+06
0.391208, 2510.78, 128353, 46.0763, 3.97787e+06
0.391247, 2510.4, 128337, 46.0763, 3.97788e+06
0.391285, 2510.03, 128322, 46.0763, 3.97789e+06
0.391324, 2509.65, 128306, 46.0763, 3.97791e+06
0.391363, 2509.28, 128290, 46.0763, 3.97792e+06
0.391402, 2508.9, 128274, 46.0763, 3.97794e+06
0.391441, 2508.53, 128258, 46.0763, 3.97796e+06
0.391479, 2508.15, 128242, 46.0763, 3.97798e+06
0.391518, 2507.78, 128227, 46.0763, 3.97799e+06
0.391557, 2507.4, 128211, 46.0763, 3.978e+06
0.391596, 2507.03, 128195, 46.0763, 3.97801e+06
0.391634, 2506.65, 128179, 46.0763, 3.97801e+06
0.391673, 2506.28, 128163, 46.0763, 3.97801e+06
0.391712, 2505.9, 128148, 46.0763, 3.97801e+06
0.391751, 2505.53, 128132, 46.0763, 3.978e+06
0.39179, 2505.15, 128116, 46.0763, 3.978e+06
0.391828, 2504.78, 128100, 46.0763, 3.97799e+06
0.391867, 2504.4, 128084, 46.0763, 3.97798e+06
0.391906, 2504.03, 128068, 46.0763, 3.97797e+06
0.391945, 2503.66, 128053, 46.0763, 3.97796e+06
0.391983, 2503.28, 128037, 46.0763, 3.97794e+06
0.392022, 2502.91, 128021, 46.0763, 3.97791e+06
0.392061, 2502.53, 128005, 46.0763, 3.97788e+06
0.3921, 2502.16, 127989, 46.0763, 3.97785e+06
0.392139, 2501.78, 127974, 46.0763, 3.97782e+06
0.392177, 2501.41, 127958, 46.0763, 3.97779e+06
0.392216, 2501.04, 127942, 46.0763, 3.97776e+06
0.392255, 2500.66, 127926, 46.0763, 3.97774e+06
0.392294, 2500.29, 127911, 46.0763, 3.97773e+06
0.392333, 2499.91, 127895, 46.0763, 3.97773e+06
0.392371, 2499.54, 127879, 46.0763, 3.97774e+06
0.39241, 2499.17, 127863, 46.0763, 3.97775e+06
0.392449, 2498.79, 127847, 46.0763, 3.97777e+06
0.392488, 2498.42, 127832, 46.0763, 3.97779e+06
0.392527, 2498.05, 127816, 46.0763, 3.97781e+06
0.392565, 2497.67, 127800, 46.0763, 3.97782e+06
0.392604, 2497.3, 127784, 46.0763, 3.97783e+06
0.392643, 2496.93, 127769, 46.0763, 3.97783e+06
0.392682, 2496.55, 127753, 46.0763, 3.97782e+06
0.392721, 2496.18, 127737, 46.0763, 3.97781e+06
0.392759, 2495.8, 127721, 46.0763, 3.97778e+06
0.392798, 2495.43, 127705, 46.0763, 3.97774e+06
0.392837, 2495.06, 127690, 46.0763, 3.9777e+06
0.392876, 2494.68, 127674, 46.0763, 3.97765e+06
0.392915, 2494.31, 127658, 46.0763, 3.9776e+06
0.392954, 2493.94, 127642, 46.0763, 3.97754e+06
0.392992, 2493.57, 127626, 46.0763, 3.97749e+06
0.393031, 2493.19, 127611, 46.0763, 3.97743e+06
0.39307, 2492.82, 127595, 46.0763, 3.97738e+06
0.393109, 2492.45, 127579, 46.0763, 3.97733e+06
0.393148, 2492.07, 127563, 46.0763, 3.97729e+06
0.393187, 2491.7, 127547, 46.0763, 3.97725e+06
0.393225, 2491.33, 127532, 46.0763, 3.97722e+06
0.393264, 2490.95, 127516, 46.0763, 3.97719e+06
0.393303, 2490.58, 127500, 46.0763, 3.97718e+06
0.393342, 2490.21, 127484, 46.0763, 3.97717e+06
0.393381, 2489.83, 127468, 46.0763, 3.97718e+06
0.39342, 2489.46, 127453, 46.0763, 3.97719e+06
0.393458, 2489.09, 127437, 46.0763, 3.97722e+06
0.393497, 2488.71, 127421, 46.0763, 3.97726e+06
0.393536, 2488.34, 127405, 46.0763, 3.97731e+06
0.393575, 2487.97, 127389, 46.0763, 3.97738e+06
0.393614, 2487.59, 127374, 46.0763, 3.97745e+06
0.393653, 2487.22, 127358, 46.0763, 3.97754e+06
0.393691, 2486.85, 127342, 46.0763, 3.97763e+06
0.39373, 2486.47, 127326, 46.0763, 3.97772e+06
0.393769, 2486.1, 127310, 46.0763, 3.97781e+06
0.393808, 2485.73, 127295, 46.0763, 3.97788e+06
0.393847, 2485.35, 127279, 46.0763, 3.97795e+06
0.393886, 2484.98, 127263, 46.0763, 3.978e+06
0.393924, 2484.61, 127247, 46.0763, 3.97803e+06
0.393963, 2484.23, 127231, 46.0763, 3.97803e+06
0.394002, 2483.86, 127216, 46.0763, 3.97801e+06
0.394041, 2483.49, 127200, 46.0763, 3.97797e+06
0.39408, 2483.12, 127184, 46.0763, 3.97791e+06
0.394119, 2482.74, 127168, 46.0763, 3.97784e+06
0.394158, 2482.37, 127152, 46.0763, 3.97775e+06
0.394196, 2482, 127136, 46.0763, 3.97765e+06
0.394235, 2481.62, 127121, 46.0763, 3.97756e+06
0.394274, 2481.25, 127105, 46.0763, 3.97746e+06
0.394313, 2480.88, 127089, 46.0763, 3.97737e+06
0.394352, 2480.5, 127073, 46.0763, 3.97729e+06
0.394391, 2480.13, 127057, 46.0763, 3.97722e+06
0.39443, 2479.76, 127041, 46.0763, 3.97718e+06
0.394468, 2479.39, 127025, 46.0763, 3.97716e+06
0.394507, 2479.01, 127009, 46.0763, 3.97716e+06
0.394546, 2478.64, 126994, 46.0763, 3.97718e+06
0.394585, 2478.27, 126978, 46.0763, 3.97721e+06
0.394624, 2477.9, 126962, 46.0763, 3.97727e+06
0.394663, 2477.53, 126946, 46.0763, 3.97734e+06
0.394702, 2477.15, 126930, 46.0763, 3.97742e+06
0.39474, 2476.78, 126914, 46.0763, 3.9775e+06
0.394779, 2476.41, 126898, 46.0763, 3.97759e+06
0.394818, 2476.04, 126883, 46.0763, 3.97768e+06
0.394857, 2475.66, 126867, 46.0763, 3.97777e+06
0.394896, 2475.29, 126851, 46.0763, 3.97787e+06
0.394935, 2474.92, 126835, 46.0763, 3.97795e+06
0.394974, 2474.55, 126819, 46.0763, 3.97804e+06
0.395012, 2474.18, 126803, 46.0763, 3.97811e+06
0.395051, 2473.8, 126788, 46.0763, 3.97818e+06
0.39509, 2473.43, 126772, 46.0763, 3.97823e+06
0.395129, 2473.06, 126756, 46.0763, 3.97826e+06
0.395168, 2472.69, 126740, 46.0763, 3.97827e+06
0.395207, 2472.32, 126724, 46.0763, 3.97827e+06
0.395246, 2471.95, 126709, 46.0763, 3.97826e+06
0.395285, 2471.57, 126693, 46.0763, 3.97823e+06
0.395323, 2471.2, 126677, 46.0763, 3.97819e+06
0.395362, 2470.83, 126661, 46.0763, 3.97815e+06
0.395401, 2470.46, 126645, 46.0763, 3.9781e+06
0.39544, 2470.09, 126629, 46.0763, 3.97805e+06
0.395479, 2469.72, 126614, 46.0763, 3.97801e+06
0.395518, 2469.34, 126598, 46.0763, 3.97797e+06
0.395557, 2468.97, 126582, 46.0763, 3.97793e+06
0.395596, 2468.6, 126566, 46.0763, 3.9779e+06
0.395634, 2468.23, 126550, 46.0763, 3.97787e+06
0.395673, 2467.86, 126535, 46.0763, 3.97785e+06
0.395712, 2467.49, 126519, 46.0763, 3.97782e+06
0.395751, 2467.11, 126503, 46.0763, 3.9778e+06
0.39579, 2466.74, 126487, 46.0763, 3.97777e+06
0.395829, 2466.37, 126471, 46.0763, 3.97775e+06
0.395868, 2466, 126455, 46.0763, 3.97773e+06
0.395907, 2465.63, 126439, 46.0763, 3.97771e+06
0.395946, 2465.26, 126424, 46.0763, 3.97769e+06
0.395985, 2464.89, 126408, 46.0763, 3.97768e+06
0.396023, 2464.51, 126392, 46.0763, 3.97768e+06
0.396062, 2464.14, 126376, 46.0763, 3.97769e+06
0.396101, 2463.77, 126360, 46.0763, 3.9777e+06
0.39614, 2463.4, 126344, 46.0763, 3.97772e+06
0.396179, 2463.03, 126329, 46.0763, 3.97774e+06
0.396218, 2462.66, 126313, 46.0763, 3.97778e+06
0.396257, 2462.29, 126297, 46.0763, 3.97782e+06
0.396296, 2461.92, 126281, 46.0763, 3.97787e+06
0.396335, 2461.55, 126266, 46.0763, 3.97792e+06
0.396374, 2461.18, 126250, 46.0763, 3.97797e+06
0.396413, 2460.81, 126234, 46.0763, 3.97801e+06
0.396452, 2460.44, 126218, 46.0763, 3.97804e+06
0.39649, 2460.06, 126203, 46.0763, 3.97806e+06
0.396529, 2459.69, 126187, 46.0763, 3.97807e+06
0.396568, 2459.32, 126171, 46.0763, 3.97807e+06
0.396607, 2458.95, 126155, 46.0763, 3.97806e+06
0.396646, 2458.58, 126139, 46.0763, 3.97803e+06
0.396685, 2458.21, 126124, 46.0763, 3.97799e+06
0.396724, 2457.84, 126108, 46.0763, 3.97796e+06
0.396763, 2457.47, 126092, 46.0763, 3.97792e+06
0.396802, 2457.1, 126076, 46.0763, 3.97788e+06
0.396841, 2456.73, 126060, 46.0763, 3.97785e+06
0.39688, 2456.36, 126045, 46.0763, 3.97782e+06
0.396919, 2455.99, 126029, 46.0763, 3.9778e+06
0.396958, 2455.62, 126013, 46.0763, 3.97778e+06
0.396997, 2455.25, 125997, 46.0763, 3.97777e+06
0.397035, 2454.88, 125982, 46.0763, 3.97775e+06
0.397074, 2454.51, 125966, 46.0763, 3.97774e+06
0.397113, 2454.13, 125950, 46.0763, 3.97772e+06
0.397152, 2453.76, 125934, 46.0763, 3.97771e+06
0.397191, 2453.39, 125918, 46.0763, 3.97769e+06
0.39723, 2453.02, 125903, 46.0763, 3.97767e+06
0.397269, 2452.65, 125887, 46.0763, 3.97765e+06
0.397308, 2452.28, 125871, 46.0763, 3.97762e+06
0.397347, 2451.91, 125855, 46.0763, 3.9776e+06
0.397386, 2451.54, 125839, 46.0763, 3.97757e+06
0.397425, 2451.17, 125824, 46.0763, 3.97755e+06
0.397464, 2450.8, 125808, 46.0763, 3.97753e+06
0.397503, 2450.43, 125792, 46.0763, 3.97751e+06
0.397542, 2450.06, 125776, 46.0763, 3.97749e+06
0.397581, 2449.69, 125760, 46.0763, 3.97748e+06
0.39762, 2449.32, 125745, 46.0763, 3.97747e+06
0.397659, 2448.95, 125729, 46.0763, 3.97746e+06
0.397698, 2448.58, 125713, 46.0763, 3.97747e+06
0.397737, 2448.21, 125697, 46.0763, 3.97747e+06
0.397776, 2447.84, 125681, 46.0763, 3.97748e+06
0.397815, 2447.46, 125665, 46.0763, 3.97749e+06
0.397853, 2447.09, 125650, 46.0763, 3.9775e+06
0.397892, 2446.72, 125634, 46.0763, 3.97752e+06
0.397931, 2446.35, 125618, 46.0763, 3.97754e+06
0.39797, 2445.98, 125602, 46.0763, 3.97757e+06
0.398009, 2445.61, 125586, 46.0763, 3.97759e+06
0.398048, 2445.24, 125571, 46.0763, 3.97762e+06
0.398087, 2444.87, 125555, 46.0763, 3.97765e+06
0.398126, 2444.51, 125539, 46.0763, 3.97768e+06
0.398165, 2444.14, 125523, 46.0763, 3.97771e+06
0.398204, 2443.77, 125507, 46.0763, 3.97773e+06
0.398243, 2443.4, 125492, 46.0763, 3.97776e+06
0.398282, 2443.03, 125476, 46.0763, 3.97778e+06
0.398321, 2442.66, 125460, 46.0763, 3.9778e+06
0.39836, 2442.29, 125444, 46.0763, 3.97781e+06
0.398399, 2441.92, 125428, 46.0763, 3.97781e+06
0.398438, 2441.55, 125412, 46.0763, 3.9778e+06
0.398477, 2441.18, 125397, 46.0763, 3.97778e+06
0.398516, 2440.81, 125381, 46.0763, 3.97775e+06
0.398555, 2440.44, 125365, 46.0763, 3.97772e+06
0.398594, 2440.07, 125349, 46.0763, 3.97768e+06
0.398633, 2439.7, 125333, 46.0763, 3.97764e+06
0.398672, 2439.33, 125317, 46.0763, 3.9776e+06
0.398711, 2438.96, 125301, 46.0763, 3.97757e+06
0.39875, 2438.59, 125285, 46.0763, 3.97754e+06
0.398789, 2438.22, 125269, 46.0763, 3.97753e+06
0.398828, 2437.85, 125253, 46.0763, 3.97752e+06
0.398867, 2437.48, 125237, 46.0763, 3.97751e+06
0.398906, 2437.11, 125221, 46.0763, 3.97752e+06
0.398945, 2436.74, 125205, 46.0763, 3.97754e+06
0.398984, 2436.38, 125190, 46.0763, 3.97756e+06
0.399023, 2436.01, 125174, 46.0763, 3.97759e+06
0.399062, 2435.64, 125158, 46.0763, 3.97763e+06
0.399101, 2435.27, 125142, 46.0763, 3.97766e+06
0.39914, 2434.9, 125126, 46.0763, 3.9777e+06
0.399179, 2434.53, 125110, 46.0763, 3.97773e+06
0.399218, 2434.16, 125094, 46.0763, 3.97776e+06
0.399257, 2433.79, 125078, 46.0763, 3.97779e+06
0.399296, 2433.42, 125062, 46.0763, 3.97782e+06
0.399335, 2433.05, 125046, 46.0763, 3.97785e+06
0.399374, 2432.68, 125030, 46.0763, 3.97787e+06
0.399413, 2432.31, 125014, 46.0763, 3.97788e+06
0.399452, 2431.95, 124998, 46.0763, 3.97788e+06
0.399491, 2431.58, 124982, 46.0763, 3.97787e+06
0.39953, 2431.21, 124966, 46.0763, 3.97785e+06
0.399569, 2430.84, 124950, 46.0763, 3.97783e+06
0.399608, 2430.47, 124934, 46.0763, 3.9778e+06
0.399647, 2430.1, 124918, 46.0763, 3.97777e+06
0.399686, 2429.73, 124902, 46.0763, 3.97774e+06
0.399725, 2429.36, 124886, 46.0763, 3.97772e+06
0.399764, 2429, 124870, 46.0763, 3.9777e+06
0.399803, 2428.63, 124854, 46.0763, 3.9777e+06
0.399843, 2428.26, 124838, 46.0763, 3.97771e+06
0.399882, 2427.89, 124822, 46.0763, 3.97773e+06
0.399921, 2427.52, 124806, 46.0763, 3.97776e+06
0.39996, 2427.15, 124790, 46.0763, 3.97779e+06
0.399999, 2426.79, 124774, 46.0763, 3.97783e+06
0.400038, 2426.42, 124757, 46.0763, 3.97786e+06
0.400077, 2426.05, 124741, 46.0763, 3.97789e+06
0.400116, 2425.68, 124725, 46.0763, 3.97791e+06
0.400155, 2425.31, 124709, 46.0763, 3.97793e+06
0.400194, 2424.95, 124693, 46.0763, 3.97793e+06
0.400233, 2424.58, 124677, 46.0763, 3.97792e+06
0.400272, 2424.21, 124661, 46.0763, 3.97791e+06
0.400311, 2423.84, 124645, 46.0763, 3.9779e+06
0.40035, 2423.47, 124629, 46.0763, 3.97788e+06
0.400389, 2423.11, 124613, 46.0763, 3.97786e+06
0.400428, 2422.74, 124597, 46.0763, 3.97784e+06
0.400467, 2422.37, 124581, 46.0763, 3.97782e+06
0.400506, 2422, 124565, 46.0763, 3.9778e+06
0.400546, 2421.63, 124549, 46.0763, 3.97777e+06
0.400585, 2421.27, 124533, 46.0763, 3.97774e+06
0.400624, 2420.9, 124517, 46.0763, 3.97771e+06
0.400663, 2420.53, 124501, 46.0763, 3.97768e+06
0.400702, 2420.16, 124485, 46.0763, 3.97764e+06
0.400741, 2419.8, 124469, 46.0763, 3.97761e+06
0.40078, 2419.43, 124453, 46.0763, 3.97759e+06
0.400819, 2419.06, 124437, 46.0763, 3.97759e+06
0.400858, 2418.69, 124421, 46.0763, 3.97759e+06
0.400897, 2418.33, 124405, 46.0763, 3.97761e+06
0.400936, 2417.96, 124388, 46.0763, 3.97765e+06
0.400975, 2417.59, 124372, 46.0763, 3.9777e+06
0.401014, 2417.23, 124356, 46.0763, 3.97775e+06
0.401053, 2416.86, 124340, 46.0763, 3.97781e+06
0.401093, 2416.49, 124324, 46.0763, 3.97786e+06
0.401132, 2416.12, 124308, 46.0763, 3.97791e+06
0.401171, 2415.76, 124292, 46.0763, 3.97796e+06
0.40121, 2415.39, 124275, 46.0763, 3.97799e+06
0.401249, 2415.02, 124259, 46.0763, 3.97802e+06
0.401288, 2414.66, 124243, 46.0763, 3.97804e+06
0.401327, 2414.29, 124227, 46.0763, 3.97805e+06
0.401366, 2413.92, 124211, 46.0763, 3.97805e+06
0.401405, 2413.56, 124195, 46.0763, 3.97804e+06
0.401444, 2413.19, 124179, 46.0763, 3.97803e+06
0.401484, 2412.82, 124163, 46.0763, 3.97801e+06
0.401523, 2412.46, 124147, 46.0763, 3.97798e+06
0.401562, 2412.09, 124130, 46.0763, 3.97795e+06
0.401601, 2411.72, 124114, 46.0763, 3.97791e+06
0.40164, 2411.36, 124098, 46.0763, 3.97786e+06
0.401679, 2410.99, 124082, 46.0763, 3.97782e+06
0.401718, 2410.62, 124066, 46.0763, 3.97777e+06
0.401757, 2410.26, 124050, 46.0763, 3.97773e+06
0.401796, 2409.89, 124033, 46.0763, 3.97769e+06
0.401836, 2409.52, 124017, 46.0763, 3.97767e+06
0.401875, 2409.16, 124001, 46.0763, 3.97765e+06
0.401914, 2408.79, 123985, 46.0763, 3.97765e+06
0.401953, 2408.43, 123969, 46.0763, 3.97766e+06
0.401992, 2408.06, 123953, 46.0763, 3.97768e+06
0.402031, 2407.69, 123936, 46.0763, 3.9777e+06
0.40207, 2407.33, 123920, 46.0763, 3.97773e+06
0.402109, 2406.96, 123904, 46.0763, 3.97776e+06
0.402149, 2406.6, 123888, 46.0763, 3.97779e+06
0.402188, 2406.23, 123871, 46.0763, 3.97781e+06
0.402227, 2405.86, 123855, 46.0763, 3.97784e+06
0.402266, 2405.5, 123839, 46.0763, 3.97786e+06
0.402305, 2405.13, 123823, 46.0763, 3.97788e+06
0.402344, 2404.77, 123806, 46.0763, 3.97789e+06
0.402383, 2404.4, 123790, 46.0763, 3.9779e+06
0.402423, 2404.03, 123774, 46.0763, 3.97791e+06
0.402462, 2403.67, 123758, 46.0763, 3.9779e+06
0.402501, 2403.3, 123741, 46.0763, 3.9779e+06
0.40254, 2402.94, 123725, 46.0763, 3.97789e+06
0.402579, 2402.57, 123709, 46.0763, 3.97787e+06
0.402618, 2402.21, 123693, 46.0763, 3.97785e+06
0.402657, 2401.84, 123676, 46.0763, 3.97784e+06
0.402697, 2401.47, 123660, 46.0763, 3.97782e+06
0.402736, 2401.11, 123644, 46.0763, 3.97781e+06
0.402775, 2400.74, 123627, 46.0763, 3.97781e+06
0.402814, 2400.38, 123611, 46.0763, 3.97781e+06
0.402853, 2400.01, 123595, 46.0763, 3.97782e+06
0.402892, 2399.65, 123578, 46.0763, 3.97783e+06
0.402932, 2399.28, 123562, 46.0763, 3.97785e+06
0.402971, 2398.91, 123546, 46.0763, 3.97788e+06
0.40301, 2398.55, 123529, 46.0763, 3.9779e+06
0.403049, 2398.18, 123513, 46.0763, 3.97794e+06
0.403088, 2397.82, 123497, 46.0763, 3.97797e+06
0.403128, 2397.45, 123480, 46.0763, 3.978e+06
0.403167, 2397.09, 123464, 46.0763, 3.97803e+06
0.403206, 2396.72, 123448, 46.0763, 3.97806e+06
0.403245, 2396.36, 123431, 46.0763, 3.97808e+06
0.403284, 2395.99, 123415, 46.0763, 3.9781e+06
0.403323, 2395.62, 123399, 46.0763, 3.97811e+06
0.403363, 2395.26, 123382, 46.0763, 3.97811e+06
0.403402, 2394.89, 123366, 46.0763, 3.9781e+06
0.403441, 2394.53, 123350, 46.0763, 3.97808e+06
0.40348, 2394.16, 123333, 46.0763, 3.97806e+06
0.403519, 2393.8, 123317, 46.0763, 3.97803e+06
0.403559, 2393.43, 123300, 46.0763, 3.97801e+06
0.403598, 2393.07, 123284, 46.0763, 3.97798e+06
0.403637, 2392.7, 123268, 46.0763, 3.97795e+06
0.403676, 2392.34, 123251, 46.0763, 3.97792e+06
0.403715, 2391.97, 123235, 46.0763, 3.97789e+06
0.403755, 2391.61, 123218, 46.0763, 3.97787e+06
0.403794, 2391.24, 123202, 46.0763, 3.97784e+06
0.403833, 2390.88, 123186, 46.0763, 3.97781e+06
0.403872, 2390.51, 123169, 46.0763, 3.97778e+06
0.403912, 2390.15, 123153, 46.0763, 3.97775e+06
0.403951, 2389.78, 123136, 46.0763, 3.97771e+06
0.40399, 2389.42, 123120, 46.0763, 3.97768e+06
0.404029, 2389.05, 123103, 46.0763, 3.97764e+06
0.404068, 2388.69, 123087, 46.0763, 3.9776e+06
0.404108, 2388.32, 123070, 46.0763, 3.97757e+06
0.404147, 2387.96, 123054, 46.0763, 3.97754e+06
0.404186, 2387.59, 123038, 46.0763, 3.97751e+06
0.404225, 2387.23, 123021, 46.0763, 3.9775e+06
0.404265, 2386.86, 123005, 46.0763, 3.97749e+06
0.404304, 2386.5, 122988, 46.0763, 3.97749e+06
0.404343, 2386.14, 122972, 46.0763, 3.97749e+06
0.404382, 2385.77, 122955, 46.0763, 3.9775e+06
0.404422, 2385.41, 122939, 46.0763, 3.97752e+06
0.404461, 2385.04, 122922, 46.0763, 3.97753e+06
0.4045, 2384.68, 122906, 46.0763, 3.97755e+06
0.404539, 2384.31, 122890, 46.0763, 3.97756e+06
0.404579, 2383.95, 122873, 46.0763, 3.97758e+06
0.404618, 2383.58, 122857, 46.0763, 3.97759e+06
0.404657, 2383.22, 122840, 46.0763, 3.9776e+06
0.404696, 2382.85, 122824, 46.0763, 3.97762e+06
0.404736, 2382.49, 122807, 46.0763, 3.97763e+06
0.404775, 2382.12, 122791, 46.0763, 3.97764e+06
0.404814, 2381.76, 122775, 46.0763, 3.97765e+06
0.404853, 2381.39, 122758, 46.0763, 3.97765e+06
0.404893, 2381.03, 122742, 46.0763, 3.97764e+06
0.404932, 2380.67, 122725, 46.0763, 3.97763e+06
0.404971, 2380.3, 122709, 46.0763, 3.97762e+06
0.40501, 2379.94, 122692, 46.0763, 3.9776e+06
0.40505, 2379.57, 122676, 46.0763, 3.97758e+06
0.405089, 2379.21, 122659, 46.0763, 3.97756e+06
0.405128, 2378.84, 122643, 46.0763, 3.97753e+06
0.405167, 2378.48, 122626, 46.0763, 3.97752e+06
0.405207, 2378.12, 122610, 46.0763, 3.97751e+06
0.405246, 2377.75, 122593, 46.0763, 3.9775e+06
0.405285, 2377.39, 122577, 46.0763, 3.97751e+06
0.405325, 2377.02, 122560, 46.0763, 3.97753e+06
0.405364, 2376.66, 122544, 46.0763, 3.97755e+06
0.405403, 2376.3, 122527, 46.0763, 3.97757e+06
0.405442, 2375.93, 122511, 46.0763, 3.9776e+06
0.405482, 2375.57, 122494, 46.0763, 3.97763e+06
0.405521, 2375.2, 122477, 46.0763, 3.97766e+06
0.40556, 2374.84, 122461, 46.0763, 3.97769e+06
0.4056, 2374.48, 122444, 46.0763, 3.97771e+06
0.405639, 2374.11, 122428, 46.0763, 3.97773e+06
0.405678, 2373.75, 122411, 46.0763, 3.97775e+06
0.405717, 2373.38, 122394, 46.0763, 3.97776e+06
0.405757, 2373.02, 122378, 46.0763, 3.97777e+06
0.405796, 2372.66, 122361, 46.0763, 3.97778e+06
0.405835, 2372.29, 122344, 46.0763, 3.97779e+06
0.405875, 2371.93, 122328, 46.0763, 3.9778e+06
0.405914, 2371.57, 122311, 46.0763, 3.9778e+06
0.405953, 2371.2, 122294, 46.0763, 3.9778e+06
0.405993, 2370.84, 122278, 46.0763, 3.9778e+06
0.406032, 2370.47, 122261, 46.0763, 3.9778e+06
0.406071, 2370.11, 122244, 46.0763, 3.9778e+06
0.406111, 2369.75, 122228, 46.0763, 3.97779e+06
0.40615, 2369.38, 122211, 46.0763, 3.97779e+06
0.406189, 2369.02, 122195, 46.0763, 3.97779e+06
0.406228, 2368.66, 122178, 46.0763, 3.97778e+06
0.406268, 2368.29, 122161, 46.0763, 3.97778e+06
0.406307, 2367.93, 122145, 46.0763, 3.97777e+06
0.406346, 2367.57, 122128, 46.0763, 3.97777e+06
0.406386, 2367.21, 122111, 46.0763, 3.97777e+06
0.406425, 2366.84, 122095, 46.0763, 3.97778e+06
0.406464, 2366.48, 122078, 46.0763, 3.97779e+06
0.406504, 2366.12, 122062, 46.0763, 3.9778e+06
0.406543, 2365.75, 122045, 46.0763, 3.97782e+06
0.406582, 2365.39, 122028, 46.0763, 3.97785e+06
0.406622, 2365.03, 122012, 46.0763, 3.97788e+06
0.406661, 2364.67, 121995, 46.0763, 3.97791e+06
0.4067, 2364.3, 121978, 46.0763, 3.97794e+06
0.40674, 2363.94, 121962, 46.0763, 3.97798e+06
0.406779, 2363.58, 121945, 46.0763, 3.97801e+06
0.406819, 2363.21, 121929, 46.0763, 3.97803e+06
0.406858, 2362.85, 121912, 46.0763, 3.97805e+06
0.406897, 2362.49, 121895, 46.0763, 3.97806e+06
0.406937, 2362.13, 121879, 46.0763, 3.97806e+06
0.406976, 2361.76, 121862, 46.0763, 3.97806e+06
0.407015, 2361.4, 121845, 46.0763, 3.97805e+06
0.407055, 2361.04, 121828, 46.0763, 3.97803e+06
0.407094, 2360.68, 121812, 46.0763, 3.97801e+06
0.407133, 2360.31, 121795, 46.0763, 3.97798e+06
0.407173, 2359.95, 121778, 46.0763, 3.97796e+06
0.407212, 2359.59, 121762, 46.0763, 3.97793e+06
0.407252, 2359.23, 121745, 46.0763, 3.97791e+06
0.407291, 2358.86, 121728, 46.0763, 3.97788e+06
0.40733, 2358.5, 121711, 46.0763, 3.97786e+06
0.40737, 2358.14, 121695, 46.0763, 3.97785e+06
0.407409, 2357.78, 121678, 46.0763, 3.97784e+06
0.407448, 2357.41, 121661, 46.0763, 3.97783e+06
0.407488, 2357.05, 121645, 46.0763, 3.97783e+06
0.407527, 2356.69, 121628, 46.0763, 3.97783e+06
0.407567, 2356.33, 121611, 46.0763, 3.97784e+06
0.407606, 2355.96, 121595, 46.0763, 3.97785e+06
0.407645, 2355.6, 121578, 46.0763, 3.97786e+06
0.407685, 2355.24, 121561, 46.0763, 3.97787e+06
0.407724, 2354.88, 121544, 46.0763, 3.97787e+06
0.407764, 2354.52, 121528, 46.0763, 3.97788e+06
0.407803, 2354.15, 121511, 46.0763, 3.97787e+06
0.407842, 2353.79, 121494, 46.0763, 3.97787e+06
0.407882, 2353.43, 121478, 46.0763, 3.97786e+06
0.407921, 2353.07, 121461, 46.0763, 3.97784e+06
0.407961, 2352.7, 121444, 46.0763, 3.97783e+06
0.408, 2352.34, 121428, 46.0763, 3.97782e+06
0.408039, 2351.98, 121411, 46.0763, 3.9778e+06
0.408079, 2351.62, 121394, 46.0763, 3.97779e+06
0.408118, 2351.26, 121377, 46.0763, 3.97778e+06
0.408158, 2350.89, 121361, 46.0763, 3.97777e+06
0.408197, 2350.53, 121344, 46.0763, 3.97775e+06
0.408236, 2350.17, 121327, 46.0763, 3.97775e+06
0.408276, 2349.81, 121310, 46.0763, 3.97774e+06
0.408315, 2349.45, 121294, 46.0763, 3.97773e+06
0.408355, 2349.09, 121277, 46.0763, 3.97773e+06
0.408394, 2348.72, 121260, 46.0763, 3.97773e+06
0.408434, 2348.36, 121244, 46.0763, 3.97774e+06
0.408473, 2348, 121227, 46.0763, 3.97775e+06
0.408512, 2347.64, 121210, 46.0763, 3.97776e+06
0.408552, 2347.28, 121193, 46.0763, 3.97778e+06
0.408591, 2346.92, 121177, 46.0763, 3.9778e+06
0.408631, 2346.55, 121160, 46.0763, 3.97781e+06
0.40867, 2346.19, 121143, 46.0763, 3.97783e+06
0.40871, 2345.83, 121127, 46.0763, 3.97785e+06
0.408749, 2345.47, 121110, 46.0763, 3.97786e+06
0.408789, 2345.11, 121093, 46.0763, 3.97787e+06
0.408828, 2344.75, 121076, 46.0763, 3.97788e+06
0.408867, 2344.39, 121060, 46.0763, 3.97789e+06
0.408907, 2344.02, 121043, 46.0763, 3.9779e+06
0.408946, 2343.66, 121026, 46.0763, 3.97791e+06
0.408986, 2343.3, 121009, 46.0763, 3.97792e+06
0.409025, 2342.94, 120993, 46.0763, 3.97793e+06
0.409065, 2342.58, 120976, 46.0763, 3.97794e+06
0.409104, 2342.22, 120959, 46.0763, 3.97795e+06
0.409144, 2341.86, 120942, 46.0763, 3.97796e+06
0.409183, 2341.5, 120925, 46.0763, 3.97796e+06
0.409223, 2341.14, 120909, 46.0763, 3.97795e+06
0.409262, 2340.77, 120892, 46.0763, 3.97794e+06
0.409302, 2340.41, 120875, 46.0763, 3.97793e+06
0.409341, 2340.05, 120858, 46.0763, 3.9779e+06
0.409381, 2339.69, 120841, 46.0763, 3.97787e+06
0.40942, 2339.33, 120824, 46.0763, 3.97784e+06
0.40946, 2338.97, 120808, 46.0763, 3.9778e+06
0.409499, 2338.61, 120791, 46.0763, 3.97776e+06
0.409538, 2338.25, 120774, 46.0763, 3.97773e+06
0.409578, 2337.89, 120757, 46.0763, 3.9777e+06
0.409617, 2337.52, 120740, 46.0763, 3.97767e+06
0.409657, 2337.16, 120723, 46.0763, 3.97765e+06
0.409696, 2336.8, 120706, 46.0763, 3.97764e+06
0.409736, 2336.44, 120690, 46.0763, 3.97763e+06
0.409775, 2336.08, 120673, 46.0763, 3.97762e+06
0.409815, 2335.72, 120656, 46.0763, 3.97762e+06
0.409854, 2335.36, 120639, 46.0763, 3.97761e+06
0.409894, 2335, 120622, 46.0763, 3.97761e+06
0.409934, 2334.64, 120605, 46.0763, 3.97761e+06
0.409973, 2334.27, 120588, 46.0763, 3.97761e+06
0.410013, 2333.91, 120571, 46.0763, 3.97761e+06
0.410052, 2333.55, 120554, 46.0763, 3.9776e+06
0.410092, 2333.19, 120537, 46.0763, 3.97759e+06
0.410131, 2332.83, 120521, 46.0763, 3.97758e+06
0.410171, 2332.47, 120504, 46.0763, 3.97757e+06
0.41021, 2332.11, 120487, 46.0763, 3.97756e+06
0.41025, 2331.75, 120470, 46.0763, 3.97755e+06
0.410289, 2331.39, 120453, 46.0763, 3.97755e+06
0.410329, 2331.03, 120436, 46.0763, 3.97757e+06
0.410368, 2330.67, 120419, 46.0763, 3.97759e+06
0.410408, 2330.31, 120402, 46.0763, 3.97763e+06
0.410447, 2329.95, 120385, 46.0763, 3.97768e+06
0.410487, 2329.59, 120368, 46.0763, 3.97774e+06
0.410526, 2329.23, 120351, 46.0763, 3.9778e+06
0.410566, 2328.87, 120334, 46.0763, 3.97787e+06
0.410606, 2328.51, 120318, 46.0763, 3.97794e+06
0.410645, 2328.15, 120301, 46.0763, 3.978e+06
0.410685, 2327.79, 120284, 46.0763, 3.97805e+06
0.410724, 2327.43, 120267, 46.0763, 3.9781e+06
0.410764, 2327.07, 120250, 46.0763, 3.97813e+06
0.410803, 2326.71, 120233, 46.0763, 3.97815e+06
0.410843, 2326.35, 120216, 46.0763, 3.97815e+06
0.410882, 2325.99, 120199, 46.0763, 3.97815e+06
0.410922, 2325.63, 120182, 46.0763, 3.97812e+06
0.410961, 2325.27, 120165, 46.0763, 3.97809e+06
0.411001, 2324.91, 120148, 46.0763, 3.97804e+06
0.411041, 2324.55, 120131, 46.0763, 3.97799e+06
0.41108, 2324.2, 120114, 46.0763, 3.97793e+06
0.41112, 2323.84, 120097, 46.0763, 3.97786e+06
0.411159, 2323.48, 120080, 46.0763, 3.9778e+06
0.411199, 2323.12, 120063, 46.0763, 3.97774e+06
0.411238, 2322.76, 120047, 46.0763, 3.97769e+06
0.411278, 2322.4, 120030, 46.0763, 3.97764e+06
0.411318, 2322.04, 120013, 46.0763, 3.9776e+06
0.411357, 2321.68, 119996, 46.0763, 3.97756e+06
0.411397, 2321.33, 119979, 46.0763, 3.97754e+06
0.411436, 2320.97, 119962, 46.0763, 3.97753e+06
0.411476, 2320.61, 119945, 46.0763, 3.97752e+06
0.411516, 2320.25, 119928, 46.0763, 3.97753e+06
0.411555, 2319.89, 119911, 46.0763, 3.97754e+06
0.411595, 2319.53, 119894, 46.0763, 3.97756e+06
0.411634, 2319.18, 119877, 46.0763, 3.97758e+06
0.411674, 2318.82, 119861, 46.0763, 3.97761e+06
0.411714, 2318.46, 119844, 46.0763, 3.97764e+06
0.411753, 2318.1, 119827, 46.0763, 3.97768e+06
0.411793, 2317.74, 119810, 46.0763, 3.97772e+06
0.411832, 2317.39, 119793, 46.0763, 3.97777e+06
0.411872, 2317.03, 119776, 46.0763, 3.97782e+06
0.411912, 2316.67, 119759, 46.0763, 3.97788e+06
0.411951, 2316.31, 119742, 46.0763, 3.97794e+06
0.411991, 2315.96, 119725, 46.0763, 3.978e+06
0.41203, 2315.6, 119708, 46.0763, 3.97806e+06
0.41207, 2315.24, 119691, 46.0763, 3.97811e+06
0.41211, 2314.88, 119675, 46.0763, 3.97815e+06
0.412149, 2314.53, 119658, 46.0763, 3.97818e+06
0.412189, 2314.17, 119641, 46.0763, 3.97819e+06
0.412229, 2313.81, 119624, 46.0763, 3.97819e+06
0.412268, 2313.46, 119607, 46.0763, 3.97818e+06
0.412308, 2313.1, 119590, 46.0763, 3.97817e+06
0.412347, 2312.74, 119573, 46.0763, 3.97815e+06
0.412387, 2312.38, 119556, 46.0763, 3.97813e+06
0.412427, 2312.03, 119539, 46.0763, 3.97812e+06
0.412466, 2311.67, 119522, 46.0763, 3.97811e+06
0.412506, 2311.31, 119505, 46.0763, 3.9781e+06
0.412546, 2310.96, 119488, 46.0763, 3.97809e+06
0.412585, 2310.6, 119472, 46.0763, 3.97808e+06
0.412625, 2310.24, 119455, 46.0763, 3.97807e+06
0.412665, 2309.89, 119438, 46.0763, 3.97806e+06
0.412704, 2309.53, 119421, 46.0763, 3.97804e+06
0.412744, 2309.17, 119404, 46.0763, 3.97802e+06
0.412784, 2308.82, 119387, 46.0763, 3.97798e+06
0.412823, 2308.46, 119370, 46.0763, 3.97794e+06
0.412863, 2308.11, 119354, 46.0763, 3.97789e+06
0.412903, 2307.75, 119337, 46.0763, 3.97784e+06
0.412942, 2307.39, 119320, 46.0763, 3.97778e+06
0.412982, 2307.04, 119303, 46.0763, 3.97772e+06
0.413022, 2306.68, 119286, 46.0763, 3.97766e+06
0.413061, 2306.33, 119269, 46.0763, 3.9776e+06
0.413101, 2305.97, 119252, 46.0763, 3.97754e+06
0.413141, 2305.62, 119236, 46.0763, 3.97748e+06
0.41318, 2305.26, 119219, 46.0763, 3.97743e+06
0.41322, 2304.9, 119202, 46.0763, 3.97739e+06
0.41326, 2304.55, 119185, 46.0763, 3.97736e+06
0.413299, 2304.19, 119168, 46.0763, 3.97734e+06
0.413339, 2303.84, 119151, 46.0763, 3.97734e+06
0.413379, 2303.48, 119134, 46.0763, 3.97735e+06
0.413418, 2303.13, 119118, 46.0763, 3.97738e+06
0.413458, 2302.77, 119101, 46.0763, 3.97742e+06
0.413498, 2302.42, 119084, 46.0763, 3.97747e+06
0.413538, 2302.06, 119067, 46.0763, 3.97753e+06
0.413577, 2301.7, 119050, 46.0763, 3.97759e+06
0.413617, 2301.35, 119033, 46.0763, 3.97766e+06
0.413657, 2300.99, 119016, 46.0763, 3.97773e+06
0.413696, 2300.64, 118999, 46.0763, 3.97781e+06
0.413736, 2300.28, 118983, 46.0763, 3.97787e+06
0.413776, 2299.93, 118966, 46.0763, 3.97794e+06
0.413816, 2299.57, 118949, 46.0763, 3.97799e+06
0.413855, 2299.22, 118932, 46.0763, 3.97804e+06
0.413895, 2298.86, 118915, 46.0763, 3.97807e+06
0.413935, 2298.51, 118898, 46.0763, 3.97809e+06
0.413974, 2298.15, 118882, 46.0763, 3.9781e+06
0.414014, 2297.8, 118865, 46.0763, 3.97808e+06
0.414054, 2297.44, 118848, 46.0763, 3.97805e+06
0.414094, 2297.09, 118831, 46.0763, 3.978e+06
0.414133, 2296.73, 118814, 46.0763, 3.97794e+06
0.414173, 2296.38, 118797, 46.0763, 3.97786e+06
0.414213, 2296.02, 118781, 46.0763, 3.97779e+06
0.414253, 2295.67, 118764, 46.0763, 3.97771e+06
0.414292, 2295.31, 118747, 46.0763, 3.97764e+06
0.414332, 2294.96, 118730, 46.0763, 3.97758e+06
0.414372, 2294.6, 118713, 46.0763, 3.97753e+06
0.414412, 2294.25, 118696, 46.0763, 3.97749e+06
0.414451, 2293.89, 118680, 46.0763, 3.97746e+06
0.414491, 2293.54, 118663, 46.0763, 3.97744e+06
0.414531, 2293.18, 118646, 46.0763, 3.97744e+06
0.414571, 2292.83, 118629, 46.0763, 3.97745e+06
0.41461, 2292.47, 118612, 46.0763, 3.97746e+06
0.41465, 2292.12, 118595, 46.0763, 3.97749e+06
0.41469, 2291.77, 118578, 46.0763, 3.97752e+06
0.41473, 2291.41, 118562, 46.0763, 3.97755e+06
0.41477, 2291.06, 118545, 46.0763, 3.97759e+06
0.414809, 2290.7, 118528, 46.0763, 3.97763e+06
0.414849, 2290.35, 118511, 46.0763, 3.97766e+06
0.414889, 2289.99, 118494, 46.0763, 3.9777e+06
0.414929, 2289.64, 118477, 46.0763, 3.97773e+06
0.414969, 2289.28, 118460, 46.0763, 3.97776e+06
0.415008, 2288.93, 118443, 46.0763, 3.97778e+06
0.415048, 2288.58, 118427, 46.0763, 3.97781e+06
0.415088, 2288.22, 118410, 46.0763, 3.97783e+06
0.415128, 2287.87, 118393, 46.0763, 3.97784e+06
0.415168, 2287.51, 118376, 46.0763, 3.97786e+06
0.415207, 2287.16, 118359, 46.0763, 3.97786e+06
0.415247, 2286.8, 118342, 46.0763, 3.97786e+06
0.415287, 2286.45, 118325, 46.0763, 3.97785e+06
0.415327, 2286.1, 118308, 46.0763, 3.97784e+06
0.415367, 2285.74, 118292, 46.0763, 3.97782e+06
0.415406, 2285.39, 118275, 46.0763, 3.9778e+06
0.415446, 2285.03, 118258, 46.0763, 3.97777e+06
0.415486, 2284.68, 118241, 46.0763, 3.97775e+06
0.415526, 2284.32, 118224, 46.0763, 3.97773e+06
0.415566, 2283.97, 118207, 46.0763, 3.97771e+06
0.415606, 2283.62, 118190, 46.0763, 3.97769e+06
0.415645, 2283.26, 118173, 46.0763, 3.97768e+06
0.415685, 2282.91, 118156, 46.0763, 3.97767e+06
0.415725, 2282.55, 118139, 46.0763, 3.97767e+06
0.415765, 2282.2, 118122, 46.0763, 3.97767e+06
0.415805, 2281.85, 118105, 46.0763, 3.97767e+06
0.415845, 2281.49, 118089, 46.0763, 3.97767e+06
0.415884, 2281.14, 118072, 46.0763, 3.97768e+06
0.415924, 2280.78, 118055, 46.0763, 3.97767e+06
0.415964, 2280.43, 118038, 46.0763, 3.97767e+06
0.416004, 2280.08, 118021, 46.0763, 3.97765e+06
0.416044, 2279.72, 118004, 46.0763, 3.97763e+06
0.416084, 2279.37, 117987, 46.0763, 3.97761e+06
0.416123, 2279.02, 117970, 46.0763, 3.97758e+06
0.416163, 2278.66, 117954, 46.0763, 3.97756e+06
0.416203, 2278.31, 117937, 46.0763, 3.97755e+06
0.416243, 2277.96, 117920, 46.0763, 3.97755e+06
0.416283, 2277.6, 117903, 46.0763, 3.97756e+06
0.416323, 2277.25, 117886, 46.0763, 3.97758e+06
0.416363, 2276.9, 117869, 46.0763, 3.97763e+06
0.416403, 2276.54, 117852, 46.0763, 3.97768e+06
0.416442, 2276.19, 117835, 46.0763, 3.97775e+06
0.416482, 2275.84, 117818, 46.0763, 3.97783e+06
0.416522, 2275.48, 117801, 46.0763, 3.9779e+06
0.416562, 2275.13, 117784, 46.0763, 3.97798e+06
0.416602, 2274.78, 117767, 46.0763, 3.97805e+06
0.416642, 2274.42, 117750, 46.0763, 3.97811e+06
0.416682, 2274.07, 117733, 46.0763, 3.97816e+06
0.416722, 2273.72, 117716, 46.0763, 3.97819e+06
0.416762, 2273.37, 117699, 46.0763, 3.97821e+06
0.416801, 2273.01, 117682, 46.0763, 3.97822e+06
0.416841, 2272.66, 117665, 46.0763, 3.97821e+06
0.416881, 2272.31, 117649, 46.0763, 3.97818e+06
0.416921, 2271.96, 117632, 46.0763, 3.97815e+06
0.416961, 2271.6, 117615, 46.0763, 3.9781e+06
0.417001, 2271.25, 117598, 46.0763, 3.97805e+06
0.417041, 2270.9, 117581, 46.0763, 3.97799e+06
0.417081, 2270.55, 117564, 46.0763, 3.97793e+06
0.417121, 2270.19, 117547, 46.0763, 3.97786e+06
0.417161, 2269.84, 117530, 46.0763, 3.97779e+06
0.417201, 2269.49, 117513, 46.0763, 3.97773e+06
0.41724, 2269.14, 117496, 46.0763, 3.97766e+06
0.41728, 2268.79, 117479, 46.0763, 3.97759e+06
0.41732, 2268.43, 117462, 46.0763, 3.97753e+06
0.41736, 2268.08, 117445, 46.0763, 3.97747e+06
0.4174, 2267.73, 117428, 46.0763, 3.97742e+06
0.41744, 2267.38, 117411, 46.0763, 3.97737e+06
0.41748, 2267.03, 117394, 46.0763, 3.97733e+06
0.41752, 2266.68, 117377, 46.0763, 3.9773e+06
0.41756, 2266.32, 117360, 46.0763, 3.97728e+06
0.4176, 2265.97, 117343, 46.0763, 3.97726e+06
0.41764, 2265.62, 117326, 46.0763, 3.97725e+06
0.41768, 2265.27, 117309, 46.0763, 3.97726e+06
0.41772, 2264.92, 117292, 46.0763, 3.97726e+06
0.41776, 2264.57, 117275, 46.0763, 3.97728e+06
0.417799, 2264.21, 117258, 46.0763, 3.97731e+06
0.417839, 2263.86, 117241, 46.0763, 3.97736e+06
0.417879, 2263.51, 117224, 46.0763, 3.97741e+06
0.417919, 2263.16, 117207, 46.0763, 3.97747e+06
0.417959, 2262.81, 117190, 46.0763, 3.97754e+06
0.417999, 2262.46, 117173, 46.0763, 3.97761e+06
0.418039, 2262.1, 117156, 46.0763, 3.9777e+06
0.418079, 2261.75, 117139, 46.0763, 3.97779e+06
0.418119, 2261.4, 117122, 46.0763, 3.97788e+06
0.418159, 2261.05, 117105, 46.0763, 3.97797e+06
0.418199, 2260.7, 117087, 46.0763, 3.97806e+06
0.418239, 2260.35, 117070, 46.0763, 3.97813e+06
0.418279, 2260, 117053, 46.0763, 3.9782e+06
0.418319, 2259.65, 117036, 46.0763, 3.97825e+06
0.418359, 2259.3, 117019, 46.0763, 3.97828e+06
0.418399, 2258.94, 117002, 46.0763, 3.9783e+06
0.418439, 2258.59, 116985, 46.0763, 3.97829e+06
0.418479, 2258.24, 116968, 46.0763, 3.97827e+06
0.418519, 2257.89, 116950, 46.0763, 3.97824e+06
0.418559, 2257.54, 116933, 46.0763, 3.97819e+06
0.418599, 2257.19, 116916, 46.0763, 3.97813e+06
0.418639, 2256.84, 116899, 46.0763, 3.97805e+06
0.418679, 2256.49, 116882, 46.0763, 3.97797e+06
0.418719, 2256.14, 116865, 46.0763, 3.97788e+06
0.418759, 2255.79, 116847, 46.0763, 3.97779e+06
0.418799, 2255.44, 116830, 46.0763, 3.9777e+06
0.418839, 2255.08, 116813, 46.0763, 3.97762e+06
0.418879, 2254.73, 116796, 46.0763, 3.97754e+06
0.418919, 2254.38, 116779, 46.0763, 3.97747e+06
0.418959, 2254.03, 116761, 46.0763, 3.97741e+06
0.418999, 2253.68, 116744, 46.0763, 3.97736e+06
0.419039, 2253.33, 116727, 46.0763, 3.97733e+06
0.419079, 2252.98, 116710, 46.0763, 3.97731e+06
0.419119, 2252.63, 116693, 46.0763, 3.9773e+06
0.419159, 2252.28, 116675, 46.0763, 3.9773e+06
0.419199, 2251.93, 116658, 46.0763, 3.97731e+06
0.419239, 2251.58, 116641, 46.0763, 3.97732e+06
0.419279, 2251.23, 116624, 46.0763, 3.97734e+06
0.419319, 2250.88, 116606, 46.0763, 3.97736e+06
0.419359, 2250.53, 116589, 46.0763, 3.97739e+06
0.419399, 2250.17, 116572, 46.0763, 3.97742e+06
0.419439, 2249.82, 116555, 46.0763, 3.97746e+06
0.419479, 2249.47, 116537, 46.0763, 3.9775e+06
0.419519, 2249.12, 116520, 46.0763, 3.97754e+06
0.419559, 2248.77, 116503, 46.0763, 3.97758e+06
0.419599, 2248.42, 116486, 46.0763, 3.97762e+06
0.419639, 2248.07, 116468, 46.0763, 3.97765e+06
0.419679, 2247.72, 116451, 46.0763, 3.97767e+06
0.419719, 2247.37, 116434, 46.0763, 3.97769e+06
0.419759, 2247.02, 116416, 46.0763, 3.9777e+06
0.419799, 2246.67, 116399, 46.0763, 3.9777e+06
0.419839, 2246.32, 116381, 46.0763, 3.9777e+06
0.419879, 2245.97, 116364, 46.0763, 3.9777e+06
0.419919, 2245.62, 116347, 46.0763, 3.9777e+06
0.419959, 2245.27, 116329, 46.0763, 3.97769e+06
0.419999, 2244.92, 116312, 46.0763, 3.97767e+06
0.420039, 2244.57, 116294, 46.0763, 3.97765e+06
0.420079, 2244.22, 116277, 46.0763, 3.97762e+06
0.420119, 2243.87, 116260, 46.0763, 3.97758e+06
0.420159, 2243.52, 116242, 46.0763, 3.97754e+06
0.420199, 2243.17, 116225, 46.0763, 3.97749e+06
0.420239, 2242.82, 116207, 46.0763, 3.97745e+06
0.420279, 2242.47, 116190, 46.0763, 3.97741e+06
0.420319, 2242.12, 116173, 46.0763, 3.97738e+06
0.42036, 2241.77, 116155, 46.0763, 3.97736e+06
0.4204, 2241.42, 116138, 46.0763, 3.97736e+06
0.42044, 2241.07, 116120, 46.0763, 3.97736e+06
0.42048, 2240.72, 116103, 46.0763, 3.97737e+06
0.42052, 2240.37, 116085, 46.0763, 3.97739e+06
0.42056, 2240.02, 116068, 46.0763, 3.97742e+06
0.4206, 2239.67, 116050, 46.0763, 3.97744e+06
0.42064, 2239.32, 116033, 46.0763, 3.97746e+06
0.42068, 2238.97, 116015, 46.0763, 3.97748e+06
0.42072, 2238.62, 115998, 46.0763, 3.9775e+06
0.42076, 2238.27, 115980, 46.0763, 3.97751e+06
0.4208, 2237.92, 115963, 46.0763, 3.97752e+06
0.42084, 2237.57, 115945, 46.0763, 3.97754e+06
0.42088, 2237.22, 115927, 46.0763, 3.97756e+06
0.420921, 2236.87, 115910, 46.0763, 3.97758e+06
0.420961, 2236.52, 115892, 46.0763, 3.97762e+06
0.421001, 2236.17, 115875, 46.0763, 3.97767e+06
0.421041, 2235.82, 115857, 46.0763, 3.97772e+06
0.421081, 2235.47, 115839, 46.0763, 3.97778e+06
0.421121, 2235.12, 115822, 46.0763, 3.97783e+06
0.421161, 2234.77, 115804, 46.0763, 3.97789e+06
0.421201, 2234.43, 115786, 46.0763, 3.97794e+06
0.421241, 2234.08, 115768, 46.0763, 3.97798e+06
0.421281, 2233.73, 115751, 46.0763, 3.978e+06
0.421322, 2233.38, 115733, 46.0763, 3.97801e+06
0.421362, 2233.03, 115715, 46.0763, 3.97801e+06
0.421402, 2232.68, 115697, 46.0763, 3.97798e+06
0.421442, 2232.33, 115680, 46.0763, 3.97794e+06
0.421482, 2231.98, 115662, 46.0763, 3.97789e+06
0.421522, 2231.63, 115644, 46.0763, 3.97784e+06
0.421562, 2231.28, 115626, 46.0763, 3.97778e+06
0.421602, 2230.93, 115609, 46.0763, 3.97772e+06
0.421642, 2230.58, 115591, 46.0763, 3.97766e+06
0.421683, 2230.23, 115573, 46.0763, 3.9776e+06
0.421723, 2229.88, 115555, 46.0763, 3.97756e+06
0.421763, 2229.54, 115537, 46.0763, 3.97751e+06
0.421803, 2229.19, 115519, 46.0763, 3.97748e+06
0.421843, 2228.84, 115502, 46.0763, 3.97745e+06
0.421883, 2228.49, 115484, 46.0763, 3.97743e+06
0.421923, 2228.14, 115466, 46.0763, 3.97741e+06
0.421963, 2227.79, 115448, 46.0763, 3.9774e+06
0.422004, 2227.44, 115430, 46.0763, 3.97739e+06
0.422044, 2227.09, 115412, 46.0763, 3.97739e+06
0.422084, 2226.74, 115394, 46.0763, 3.97739e+06
0.422124, 2226.4, 115377, 46.0763, 3.9774e+06
0.422164, 2226.05, 115359, 46.0763, 3.97742e+06
0.422204, 2225.7, 115341, 46.0763, 3.97745e+06
0.422244, 2225.35, 115323, 46.0763, 3.97748e+06
0.422284, 2225, 115305, 46.0763, 3.97751e+06
0.422325, 2224.65, 115287, 46.0763, 3.97755e+06
0.422365, 2224.3, 115269, 46.0763, 3.97759e+06
0.422405, 2223.96, 115251, 46.0763, 3.97762e+06
0.422445, 2223.61, 115233, 46.0763, 3.97765e+06
0.422485, 2223.26, 115215, 46.0763, 3.97768e+06
0.422525, 2222.91, 115197, 46.0763, 3.97769e+06
0.422565, 2222.56, 115179, 46.0763, 3.9777e+06
0.422605, 2222.21, 115161, 46.0763, 3.9777e+06
0.422646, 2221.87, 115142, 46.0763, 3.97769e+06
0.422686, 2221.52, 115124, 46.0763, 3.97768e+06
0.422726, 2221.17, 115106, 46.0763, 3.97766e+06
0.422766, 2220.82, 115088, 46.0763, 3.97763e+06
0.422806, 2220.47, 115070, 46.0763, 3.97761e+06
0.422846, 2220.13, 115052, 46.0763, 3.97758e+06
0.422886, 2219.78, 115034, 46.0763, 3.97756e+06
0.422927, 2219.43, 115015, 46.0763, 3.97755e+06
0.422967, 2219.08, 114997, 46.0763, 3.97753e+06
0.423007, 2218.74, 114979, 46.0763, 3.97752e+06
0.423047, 2218.39, 114961, 46.0763, 3.97751e+06
0.423087, 2218.04, 114943, 46.0763, 3.97749e+06
0.423127, 2217.69, 114924, 46.0763, 3.97747e+06
0.423167, 2217.35, 114906, 46.0763, 3.97745e+06
0.423207, 2217, 114888, 46.0763, 3.97744e+06
0.423248, 2216.65, 114870, 46.0763, 3.97742e+06
0.423288, 2216.3, 114851, 46.0763, 3.97742e+06
0.423328, 2215.96, 114833, 46.0763, 3.97742e+06
0.423368, 2215.61, 114815, 46.0763, 3.97743e+06
0.423408, 2215.26, 114796, 46.0763, 3.97745e+06
0.423448, 2214.92, 114778, 46.0763, 3.97747e+06
0.423488, 2214.57, 114760, 46.0763, 3.97749e+06
0.423529, 2214.22, 114741, 46.0763, 3.97751e+06
0.423569, 2213.87, 114723, 46.0763, 3.97752e+06
0.423609, 2213.53, 114705, 46.0763, 3.97752e+06
0.423649, 2213.18, 114686, 46.0763, 3.97752e+06
0.423689, 2212.83, 114668, 46.0763, 3.97752e+06
0.423729, 2212.49, 114650, 46.0763, 3.97751e+06
0.42377, 2212.14, 114631, 46.0763, 3.9775e+06
0.42381, 2211.79, 114613, 46.0763, 3.97748e+06
0.42385, 2211.45, 114594, 46.0763, 3.97746e+06
0.42389, 2211.1, 114576, 46.0763, 3.97744e+06
0.42393, 2210.75, 114557, 46.0763, 3.97741e+06
0.42397, 2210.4, 114539, 46.0763, 3.97739e+06
0.42401, 2210.06, 114520, 46.0763, 3.97736e+06
0.424051, 2209.71, 114502, 46.0763, 3.97734e+06
0.424091, 2209.36, 114483, 46.0763, 3.97732e+06
0.424131, 2209.02, 114465, 46.0763, 3.97731e+06
0.424171, 2208.67, 114446, 46.0763, 3.9773e+06
0.424211, 2208.32, 114428, 46.0763, 3.9773e+06
0.424251, 2207.98, 114409, 46.0763, 3.9773e+06
0.424292, 2207.63, 114390, 46.0763, 3.97731e+06
0.424332, 2207.28, 114372, 46.0763, 3.97733e+06
0.424372, 2206.94, 114353, 46.0763, 3.97735e+06
0.424412, 2206.59, 114334, 46.0763, 3.97738e+06
0.424452, 2206.24, 114316, 46.0763, 3.97741e+06
0.424492, 2205.9, 114297, 46.0763, 3.97745e+06
0.424532, 2205.55, 114278, 46.0763, 3.97748e+06
0.424573, 2205.2, 114259, 46.0763, 3.9775e+06
0.424613, 2204.85, 114241, 46.0763, 3.97752e+06
0.424653, 2204.51, 114222, 46.0763, 3.97753e+06
0.424693, 2204.16, 114203, 46.0763, 3.97752e+06
0.424733, 2203.81, 114184, 46.0763, 3.97751e+06
0.424773, 2203.47, 114165, 46.0763, 3.97748e+06
0.424814, 2203.12, 114147, 46.0763, 3.97745e+06
0.424854, 2202.78, 114128, 46.0763, 3.9774e+06
0.424894, 2202.43, 114109, 46.0763, 3.97735e+06
0.424934, 2202.08, 114090, 46.0763, 3.97729e+06
0.424974, 2201.74, 114071, 46.0763, 3.97724e+06
0.425014, 2201.39, 114052, 46.0763, 3.97719e+06
0.425054, 2201.04, 114033, 46.0763, 3.97715e+06
0.425095, 2200.7, 114015, 46.0763, 3.97712e+06
0.425135, 2200.35, 113996, 46.0763, 3.9771e+06
0.425175, 2200, 113977, 46.0763, 3.97709e+06
0.425215, 2199.66, 113958, 46.0763, 3.9771e+06
0.425255, 2199.31, 113939, 46.0763, 3.97711e+06
0.425295, 2198.96, 113920, 46.0763, 3.97712e+06
0.425336, 2198.62, 113901, 46.0763, 3.97714e+06
0.425376, 2198.27, 113882, 46.0763, 3.97715e+06
0.425416, 2197.93, 113863, 46.0763, 3.97716e+06
0.425456, 2197.58, 113844, 46.0763, 3.97717e+06
0.425496, 2197.23, 113825, 46.0763, 3.97717e+06
0.425536, 2196.89, 113806, 46.0763, 3.97716e+06
0.425576, 2196.54, 113787, 46.0763, 3.97715e+06
0.425617, 2196.19, 113768, 46.0763, 3.97713e+06
0.425657, 2195.85, 113748, 46.0763, 3.97711e+06
0.425697, 2195.5, 113729, 46.0763, 3.97709e+06
0.425737, 2195.16, 113710, 46.0763, 3.97708e+06
0.425777, 2194.81, 113691, 46.0763, 3.97706e+06
0.425817, 2194.46, 113672, 46.0763, 3.97706e+06
0.425858, 2194.12, 113653, 46.0763, 3.97706e+06
0.425898, 2193.77, 113633, 46.0763, 3.97706e+06
0.425938, 2193.43, 113614, 46.0763, 3.97708e+06
0.425978, 2193.08, 113595, 46.0763, 3.9771e+06
0.426018, 2192.73, 113576, 46.0763, 3.97712e+06
0.426058, 2192.39, 113556, 46.0763, 3.97715e+06
0.426099, 2192.04, 113537, 46.0763, 3.97718e+06
0.426139, 2191.7, 113518, 46.0763, 3.97721e+06
0.426179, 2191.35, 113498, 46.0763, 3.97723e+06
0.426219, 2191, 113479, 46.0763, 3.97726e+06
0.426259, 2190.66, 113460, 46.0763, 3.97729e+06
0.426299, 2190.31, 113440, 46.0763, 3.97731e+06
0.426339, 2189.97, 113421, 46.0763, 3.97733e+06
0.42638, 2189.62, 113402, 46.0763, 3.97735e+06
0.42642, 2189.28, 113382, 46.0763, 3.97736e+06
0.42646, 2188.93, 113363, 46.0763, 3.97736e+06
0.4265, 2188.59, 113344, 46.0763, 3.97737e+06
0.42654, 2188.24, 113324, 46.0763, 3.97736e+06
0.42658, 2187.89, 113305, 46.0763, 3.97735e+06
0.426621, 2187.55, 113285, 46.0763, 3.97733e+06
0.426661, 2187.2, 113266, 46.0763, 3.97731e+06
0.426701, 2186.86, 113247, 46.0763, 3.97729e+06
0.426741, 2186.51, 113227, 46.0763, 3.97726e+06
0.426781, 2186.17, 113208, 46.0763, 3.97724e+06
0.426821, 2185.82, 113188, 46.0763, 3.97722e+06
0.426862, 2185.48, 113169, 46.0763, 3.97721e+06
0.426902, 2185.13, 113149, 46.0763, 3.97722e+06
0.426942, 2184.78, 113130, 46.0763, 3.97723e+06
0.426982, 2184.44, 113110, 46.0763, 3.97725e+06
0.427022, 2184.09, 113090, 46.0763, 3.97727e+06
0.427062, 2183.75, 113071, 46.0763, 3.9773e+06
0.427103, 2183.4, 113051, 46.0763, 3.97734e+06
0.427143, 2183.06, 113031, 46.0763, 3.97738e+06
0.427183, 2182.71, 113012, 46.0763, 3.97743e+06
0.427223, 2182.37, 112992, 46.0763, 3.97748e+06
0.427263, 2182.02, 112972, 46.0763, 3.97752e+06
0.427304, 2181.68, 112953, 46.0763, 3.97757e+06
0.427344, 2181.33, 112933, 46.0763, 3.97761e+06
0.427384, 2180.99, 112913, 46.0763, 3.97764e+06
0.427424, 2180.64, 112893, 46.0763, 3.97767e+06
0.427464, 2180.3, 112874, 46.0763, 3.97768e+06
0.427504, 2179.95, 112854, 46.0763, 3.97767e+06
0.427545, 2179.61, 112834, 46.0763, 3.97765e+06
0.427585, 2179.26, 112814, 46.0763, 3.97762e+06
0.427625, 2178.92, 112794, 46.0763, 3.97757e+06
0.427665, 2178.57, 112775, 46.0763, 3.9775e+06
0.427705, 2178.23, 112755, 46.0763, 3.97744e+06
0.427746, 2177.88, 112735, 46.0763, 3.97736e+06
0.427786, 2177.54, 112715, 46.0763, 3.97728e+06
0.427826, 2177.19, 112695, 46.0763, 3.9772e+06
0.427866, 2176.85, 112675, 46.0763, 3.97713e+06
0.427906, 2176.51, 112655, 46.0763, 3.97705e+06
0.427946, 2176.16, 112636, 46.0763, 3.97699e+06
0.427987, 2175.82, 112616, 46.0763, 3.97693e+06
0.428027, 2175.47, 112596, 46.0763, 3.97689e+06
0.428067, 2175.13, 112576, 46.0763, 3.97687e+06
0.428107, 2174.78, 112556, 46.0763, 3.97686e+06
0.428147, 2174.44, 112536, 46.0763, 3.97687e+06
0.428188, 2174.09, 112516, 46.0763, 3.9769e+06
0.428228, 2173.75, 112495, 46.0763, 3.97694e+06
0.428268, 2173.4, 112475, 46.0763, 3.97699e+06
0.428308, 2173.06, 112455, 46.0763, 3.97705e+06
0.428348, 2172.72, 112435, 46.0763, 3.97712e+06
0.428389, 2172.37, 112415, 46.0763, 3.97719e+06
0.428429, 2172.03, 112395, 46.0763, 3.97727e+06
0.428469, 2171.68, 112375, 46.0763, 3.97735e+06
0.428509, 2171.34, 112355, 46.0763, 3.97742e+06
0.428549, 2171, 112334, 46.0763, 3.97749e+06
0.428589, 2170.65, 112314, 46.0763, 3.97755e+06
0.42863, 2170.31, 112294, 46.0763, 3.9776e+06
0.42867, 2169.97, 112274, 46.0763, 3.97764e+06
0.42871, 2169.62, 112254, 46.0763, 3.97767e+06
0.42875, 2169.28, 112233, 46.0763, 3.9777e+06
0.42879, 2168.93, 112213, 46.0763, 3.97771e+06
0.428831, 2168.59, 112193, 46.0763, 3.97772e+06
0.428871, 2168.25, 112173, 46.0763, 3.97771e+06
0.428911, 2167.9, 112152, 46.0763, 3.97768e+06
0.428951, 2167.56, 112132, 46.0763, 3.97764e+06
0.428991, 2167.22, 112112, 46.0763, 3.97758e+06
0.429032, 2166.87, 112091, 46.0763, 3.97752e+06
0.429072, 2166.53, 112071, 46.0763, 3.97744e+06
0.429112, 2166.19, 112051, 46.0763, 3.97736e+06
0.429152, 2165.84, 112030, 46.0763, 3.97728e+06
0.429192, 2165.5, 112010, 46.0763, 3.9772e+06
0.429233, 2165.16, 111989, 46.0763, 3.97712e+06
0.429273, 2164.81, 111969, 46.0763, 3.97706e+06
0.429313, 2164.47, 111948, 46.0763, 3.97699e+06
0.429353, 2164.13, 111928, 46.0763, 3.97693e+06
0.429393, 2163.78, 111907, 46.0763, 3.97688e+06
0.429434, 2163.44, 111887, 46.0763, 3.97683e+06
0.429474, 2163.1, 111866, 46.0763, 3.97679e+06
0.429514, 2162.75, 111845, 46.0763, 3.97676e+06
0.429554, 2162.41, 111825, 46.0763, 3.97674e+06
0.429594, 2162.07, 111804, 46.0763, 3.97673e+06
0.429635, 2161.72, 111784, 46.0763, 3.97672e+06
0.429675, 2161.38, 111763, 46.0763, 3.97672e+06
0.429715, 2161.04, 111742, 46.0763, 3.97672e+06
0.429755, 2160.69, 111721, 46.0763, 3.97672e+06
0.429795, 2160.35, 111701, 46.0763, 3.97672e+06
0.429836, 2160.01, 111680, 46.0763, 3.97672e+06
0.429876, 2159.66, 111659, 46.0763, 3.97671e+06
0.429916, 2159.32, 111638, 46.0763, 3.9767e+06
0.429956, 2158.98, 111617, 46.0763, 3.97669e+06
0.429996, 2158.63, 111597, 46.0763, 3.97668e+06
0.430037, 2158.29, 111576, 46.0763, 3.97668e+06
0.430077, 2157.95, 111555, 46.0763, 3.97668e+06
0.430117, 2157.6, 111534, 46.0763, 3.97669e+06
0.430157, 2157.26, 111513, 46.0763, 3.9767e+06
0.430197, 2156.92, 111492, 46.0763, 3.97671e+06
0.430238, 2156.57, 111471, 46.0763, 3.97672e+06
0.430278, 2156.23, 111450, 46.0763, 3.97672e+06
0.430318, 2155.89, 111429, 46.0763, 3.97672e+06
0.430358, 2155.54, 111408, 46.0763, 3.97671e+06
0.430398, 2155.2, 111387, 46.0763, 3.97669e+06
0.430439, 2154.86, 111366, 46.0763, 3.97668e+06
0.430479, 2154.51, 111345, 46.0763, 3.97666e+06
0.430519, 2154.17, 111324, 46.0763, 3.97666e+06
0.430559, 2153.83, 111303, 46.0763, 3.97666e+06
0.430599, 2153.48, 111281, 46.0763, 3.97667e+06
0.43064, 2153.14, 111260, 46.0763, 3.97669e+06
0.43068, 2152.8, 111239, 46.0763, 3.97672e+06
0.43072, 2152.45, 111218, 46.0763, 3.97674e+06
0.43076, 2152.11, 111196, 46.0763, 3.97676e+06
0.4308, 2151.77, 111175, 46.0763, 3.97677e+06
0.430841, 2151.42, 111154, 46.0763, 3.97678e+06
0.430881, 2151.08, 111132, 46.0763, 3.97679e+06
0.430921, 2150.74, 111111, 46.0763, 3.97681e+06
0.430961, 2150.4, 111090, 46.0763, 3.97683e+06
0.431001, 2150.05, 111068, 46.0763, 3.97685e+06
0.431042, 2149.71, 111047, 46.0763, 3.97688e+06
0.431082, 2149.37, 111026, 46.0763, 3.9769e+06
0.431122, 2149.02, 111004, 46.0763, 3.97693e+06
0.431162, 2148.68, 110983, 46.0763, 3.97694e+06
0.431202, 2148.34, 110961, 46.0763, 3.97695e+06
0.431243, 2148, 110940, 46.0763, 3.97696e+06
0.431283, 2147.65, 110918, 46.0763, 3.97696e+06
0.431323, 2147.31, 110897, 46.0763, 3.97696e+06
0.431363, 2146.97, 110875, 46.0763, 3.97696e+06
0.431404, 2146.62, 110854, 46.0763, 3.97696e+06
0.431444, 2146.28, 110832, 46.0763, 3.97696e+06
0.431484, 2145.94, 110811, 46.0763, 3.97695e+06
0.431524, 2145.6, 110789, 46.0763, 3.97694e+06
0.431564, 2145.26, 110767, 46.0763, 3.97692e+06
0.431605, 2144.91, 110746, 46.0763, 3.97689e+06
0.431645, 2144.57, 110724, 46.0763, 3.97686e+06
0.431685, 2144.23, 110702, 46.0763, 3.97684e+06
0.431725, 2143.89, 110681, 46.0763, 3.97682e+06
0.431766, 2143.54, 110659, 46.0763, 3.9768e+06
0.431806, 2143.2, 110637, 46.0763, 3.97679e+06
0.431846, 2142.86, 110615, 46.0763, 3.97679e+06
0.431886, 2142.52, 110594, 46.0763, 3.97679e+06
0.431926, 2142.18, 110572, 46.0763, 3.9768e+06
0.431967, 2141.84, 110550, 46.0763, 3.97682e+06
0.432007, 2141.49, 110528, 46.0763, 3.97685e+06
0.432047, 2141.15, 110506, 46.0763, 3.97689e+06
0.432087, 2140.81, 110485, 46.0763, 3.97693e+06
0.432128, 2140.47, 110463, 46.0763, 3.97698e+06
0.432168, 2140.13, 110441, 46.0763, 3.97703e+06
0.432208, 2139.79, 110419, 46.0763, 3.97707e+06
0.432248, 2139.45, 110397, 46.0763, 3.9771e+06
0.432288, 2139.1, 110375, 46.0763, 3.97711e+06
0.432329, 2138.76, 110353, 46.0763, 3.97711e+06
0.432369, 2138.42, 110331, 46.0763, 3.97709e+06
0.432409, 2138.08, 110309, 46.0763, 3.97707e+06
0.432449, 2137.74, 110287, 46.0763, 3.97703e+06
0.43249, 2137.4, 110265, 46.0763, 3.97699e+06
0.43253, 2137.06, 110243, 46.0763, 3.97694e+06
0.43257, 2136.72, 110221, 46.0763, 3.9769e+06
0.43261, 2136.38, 110199, 46.0763, 3.97686e+06
0.43265, 2136.03, 110177, 46.0763, 3.97683e+06
0.432691, 2135.69, 110155, 46.0763, 3.97679e+06
0.432731, 2135.35, 110132, 46.0763, 3.97676e+06
0.432771, 2135.01, 110110, 46.0763, 3.97673e+06
0.432811, 2134.67, 110088, 46.0763, 3.97671e+06
0.432852, 2134.33, 110066, 46.0763, 3.9767e+06
0.432892, 2133.99, 110044, 46.0763, 3.9767e+06
0.432932, 2133.65, 110022, 46.0763, 3.9767e+06
0.432972, 2133.31, 109999, 46.0763, 3.97671e+06
0.433013, 2132.97, 109977, 46.0763, 3.97672e+06
0.433053, 2132.63, 109955, 46.0763, 3.97673e+06
0.433093, 2132.29, 109933, 46.0763, 3.97674e+06
0.433133, 2131.95, 109910, 46.0763, 3.97675e+06
0.433174, 2131.61, 109888, 46.0763, 3.97675e+06
0.433214, 2131.27, 109866, 46.0763, 3.97674e+06
0.433254, 2130.93, 109843, 46.0763, 3.97672e+06
0.433294, 2130.59, 109821, 46.0763, 3.97669e+06
0.433334, 2130.25, 109799, 46.0763, 3.97667e+06
0.433375, 2129.91, 109776, 46.0763, 3.97663e+06
0.433415, 2129.57, 109754, 46.0763, 3.97659e+06
0.433455, 2129.23, 109732, 46.0763, 3.97656e+06
0.433495, 2128.9, 109709, 46.0763, 3.97652e+06
0.433536, 2128.56, 109687, 46.0763, 3.97648e+06
0.433576, 2128.22, 109664, 46.0763, 3.97645e+06
0.433616, 2127.88, 109642, 46.0763, 3.97643e+06
0.433656, 2127.54, 109620, 46.0763, 3.97641e+06
0.433697, 2127.2, 109597, 46.0763, 3.97642e+06
0.433737, 2126.86, 109575, 46.0763, 3.97643e+06
0.433777, 2126.52, 109552, 46.0763, 3.97647e+06
0.433817, 2126.18, 109530, 46.0763, 3.97652e+06
0.433858, 2125.84, 109507, 46.0763, 3.97659e+06
0.433898, 2125.51, 109484, 46.0763, 3.97667e+06
0.433938, 2125.17, 109462, 46.0763, 3.97675e+06
0.433978, 2124.83, 109439, 46.0763, 3.97683e+06
0.434019, 2124.49, 109416, 46.0763, 3.9769e+06
0.434059, 2124.15, 109394, 46.0763, 3.97695e+06
0.434099, 2123.81, 109371, 46.0763, 3.97699e+06
0.434139, 2123.47, 109348, 46.0763, 3.97702e+06
0.434179, 2123.14, 109326, 46.0763, 3.97702e+06
0.43422, 2122.8, 109303, 46.0763, 3.97702e+06
0.43426, 2122.46, 109280, 46.0763, 3.977e+06
0.4343, 2122.12, 109257, 46.0763, 3.97696e+06
0.43434, 2121.78, 109234, 46.0763, 3.97691e+06
0.434381, 2121.45, 109212, 46.0763, 3.97685e+06
0.434421, 2121.11, 109189, 46.0763, 3.97679e+06
0.434461, 2120.77, 109166, 46.0763, 3.97672e+06
0.434501, 2120.43, 109143, 46.0763, 3.97664e+06
0.434542, 2120.09, 109120, 46.0763, 3.97656e+06
0.434582, 2119.75, 109097, 46.0763, 3.97648e+06
0.434622, 2119.42, 109074, 46.0763, 3.97639e+06
0.434662, 2119.08, 109052, 46.0763, 3.97631e+06
0.434703, 2118.74, 109029, 46.0763, 3.97623e+06
0.434743, 2118.4, 109006, 46.0763, 3.97616e+06
0.434783, 2118.07, 108983, 46.0763, 3.97611e+06
0.434823, 2117.73, 108960, 46.0763, 3.97608e+06
0.434864, 2117.39, 108937, 46.0763, 3.97607e+06
0.434904, 2117.05, 108914, 46.0763, 3.9761e+06
0.434944, 2116.71, 108890, 46.0763, 3.97614e+06
0.434984, 2116.38, 108867, 46.0763, 3.97621e+06
0.435025, 2116.04, 108844, 46.0763, 3.9763e+06
0.435065, 2115.7, 108821, 46.0763, 3.9764e+06
0.435105, 2115.36, 108798, 46.0763, 3.97649e+06
0.435145, 2115.03, 108775, 46.0763, 3.97658e+06
0.435186, 2114.69, 108752, 46.0763, 3.97667e+06
0.435226, 2114.35, 108729, 46.0763, 3.97673e+06
0.435266, 2114.01, 108705, 46.0763, 3.97679e+06
0.435306, 2113.68, 108682, 46.0763, 3.97682e+06
0.435347, 2113.34, 108659, 46.0763, 3.97684e+06
0.435387, 2113, 108636, 46.0763, 3.97684e+06
0.435427, 2112.67, 108612, 46.0763, 3.97682e+06
0.435467, 2112.33, 108589, 46.0763, 3.97678e+06
0.435508, 2111.99, 108566, 46.0763, 3.97673e+06
0.435548, 2111.65, 108542, 46.0763, 3.97666e+06
0.435588, 2111.32, 108519, 46.0763, 3.97659e+06
0.435628, 2110.98, 108496, 46.0763, 3.97651e+06
0.435669, 2110.64, 108472, 46.0763, 3.97643e+06
0.435709, 2110.31, 108449, 46.0763, 3.97635e+06
0.435749, 2109.97, 108426, 46.0763, 3.97627e+06
0.435789, 2109.63, 108402, 46.0763, 3.97619e+06
0.43583, 2109.3, 108379, 46.0763, 3.97612e+06
0.43587, 2108.96, 108355, 46.0763, 3.97607e+06
0.43591, 2108.62, 108332, 46.0763, 3.97603e+06
0.43595, 2108.29, 108308, 46.0763, 3.97602e+06
0.435991, 2107.95, 108285, 46.0763, 3.97603e+06
0.436031, 2107.61, 108261, 46.0763, 3.97606e+06
0.436071, 2107.28, 108237, 46.0763, 3.97612e+06
0.436112, 2106.94, 108214, 46.0763, 3.97618e+06
0.436152, 2106.61, 108190, 46.0763, 3.97626e+06
0.436192, 2106.27, 108167, 46.0763, 3.97634e+06
0.436232, 2105.93, 108143, 46.0763, 3.97643e+06
0.436273, 2105.6, 108119, 46.0763, 3.97651e+06
0.436313, 2105.26, 108095, 46.0763, 3.97659e+06
0.436353, 2104.92, 108072, 46.0763, 3.97667e+06
0.436393, 2104.59, 108048, 46.0763, 3.97674e+06
0.436434, 2104.25, 108024, 46.0763, 3.97679e+06
0.436474, 2103.92, 108001, 46.0763, 3.97684e+06
0.436514, 2103.58, 107977, 46.0763, 3.97686e+06
0.436554, 2103.25, 107953, 46.0763, 3.97688e+06
0.436595, 2102.91, 107929, 46.0763, 3.97687e+06
0.436635, 2102.57, 107906, 46.0763, 3.97684e+06
0.436675, 2102.24, 107882, 46.0763, 3.9768e+06
0.436716, 2101.9, 107858, 46.0763, 3.97675e+06
0.436756, 2101.57, 107834, 46.0763, 3.97668e+06
0.436796, 2101.23, 107810, 46.0763, 3.97661e+06
0.436836, 2100.9, 107786, 46.0763, 3.97653e+06
0.436877, 2100.56, 107762, 46.0763, 3.97645e+06
0.436917, 2100.23, 107738, 46.0763, 3.97637e+06
0.436957, 2099.89, 107714, 46.0763, 3.97629e+06
0.436997, 2099.56, 107691, 46.0763, 3.97622e+06
0.437038, 2099.22, 107667, 46.0763, 3.97616e+06
0.437078, 2098.89, 107643, 46.0763, 3.97611e+06
0.437118, 2098.55, 107619, 46.0763, 3.97607e+06
0.437159, 2098.22, 107595, 46.0763, 3.97605e+06
0.437199, 2097.88, 107570, 46.0763, 3.97603e+06
0.437239, 2097.55, 107546, 46.0763, 3.97601e+06
0.437279, 2097.22, 107522, 46.0763, 3.976e+06
0.43732, 2096.88, 107498, 46.0763, 3.976e+06
0.43736, 2096.55, 107474, 46.0763, 3.976e+06
0.4374, 2096.21, 107450, 46.0763, 3.97601e+06
0.43744, 2095.88, 107426, 46.0763, 3.97602e+06
0.437481, 2095.54, 107402, 46.0763, 3.97605e+06
0.437521, 2095.21, 107377, 46.0763, 3.97607e+06
0.437561, 2094.88, 107353, 46.0763, 3.9761e+06
0.437602, 2094.54, 107329, 46.0763, 3.97612e+06
0.437642, 2094.21, 107305, 46.0763, 3.97614e+06
0.437682, 2093.87, 107281, 46.0763, 3.97616e+06
0.437722, 2093.54, 107256, 46.0763, 3.97618e+06
0.437763, 2093.21, 107232, 46.0763, 3.9762e+06
0.437803, 2092.87, 107208, 46.0763, 3.97622e+06
0.437843, 2092.54, 107183, 46.0763, 3.97624e+06
0.437884, 2092.21, 107159, 46.0763, 3.97626e+06
0.437924, 2091.87, 107135, 46.0763, 3.97628e+06
0.437964, 2091.54, 107110, 46.0763, 3.9763e+06
0.438004, 2091.21, 107086, 46.0763, 3.97631e+06
0.438045, 2090.88, 107062, 46.0763, 3.97632e+06
0.438085, 2090.54, 107037, 46.0763, 3.97633e+06
0.438125, 2090.21, 107013, 46.0763, 3.97634e+06
0.438166, 2089.88, 106989, 46.0763, 3.97635e+06
0.438206, 2089.54, 106964, 46.0763, 3.97636e+06
0.438246, 2089.21, 106940, 46.0763, 3.97638e+06
0.438286, 2088.88, 106915, 46.0763, 3.9764e+06
0.438327, 2088.55, 106891, 46.0763, 3.97642e+06
0.438367, 2088.22, 106866, 46.0763, 3.97643e+06
0.438407, 2087.88, 106842, 46.0763, 3.97644e+06
0.438448, 2087.55, 106817, 46.0763, 3.97644e+06
0.438488, 2087.22, 106793, 46.0763, 3.97643e+06
0.438528, 2086.89, 106768, 46.0763, 3.9764e+06
0.438568, 2086.56, 106744, 46.0763, 3.97636e+06
0.438609, 2086.23, 106719, 46.0763, 3.97632e+06
0.438649, 2085.89, 106695, 46.0763, 3.97626e+06
0.438689, 2085.56, 106670, 46.0763, 3.97621e+06
0.43873, 2085.23, 106646, 46.0763, 3.97616e+06
0.43877, 2084.9, 106621, 46.0763, 3.97611e+06
0.43881, 2084.57, 106596, 46.0763, 3.97608e+06
0.43885, 2084.24, 106572, 46.0763, 3.97605e+06
0.438891, 2083.91, 106547, 46.0763, 3.97604e+06
0.438931, 2083.58, 106523, 46.0763, 3.97603e+06
0.438971, 2083.25, 106498, 46.0763, 3.97604e+06
0.439012, 2082.92, 106473, 46.0763, 3.97606e+06
0.439052, 2082.59, 106449, 46.0763, 3.97608e+06
0.439092, 2082.25, 106424, 46.0763, 3.97611e+06
0.439132, 2081.92, 106399, 46.0763, 3.97615e+06
0.439173, 2081.59, 106375, 46.0763, 3.97618e+06
0.439213, 2081.26, 106350, 46.0763, 3.97622e+06
0.439253, 2080.93, 106325, 46.0763, 3.97626e+06
0.439294, 2080.6, 106301, 46.0763, 3.9763e+06
0.439334, 2080.27, 106276, 46.0763, 3.97634e+06
0.439374, 2079.94, 106251, 46.0763, 3.97636e+06
0.439414, 2079.61, 106226, 46.0763, 3.97638e+06
0.439455, 2079.29, 106202, 46.0763, 3.97638e+06
0.439495, 2078.96, 106177, 46.0763, 3.97637e+06
0.439535, 2078.63, 106152, 46.0763, 3.97635e+06
0.439576, 2078.3, 106127, 46.0763, 3.97632e+06
0.439616, 2077.97, 106103, 46.0763, 3.97628e+06
0.439656, 2077.64, 106078, 46.0763, 3.97623e+06
0.439697, 2077.31, 106053, 46.0763, 3.97619e+06
0.439737, 2076.98, 106028, 46.0763, 3.97616e+06
0.439777, 2076.65, 106003, 46.0763, 3.97613e+06
0.439817, 2076.32, 105978, 46.0763, 3.97613e+06
0.439858, 2075.99, 105953, 46.0763, 3.97614e+06
0.439898, 2075.67, 105929, 46.0763, 3.97616e+06
0.439938, 2075.34, 105904, 46.0763, 3.9762e+06
0.439979, 2075.01, 105879, 46.0763, 3.97623e+06
0.440019, 2074.68, 105854, 46.0763, 3.97627e+06
0.440059, 2074.35, 105829, 46.0763, 3.97629e+06
0.4401, 2074.02, 105804, 46.0763, 3.97631e+06
0.44014, 2073.69, 105779, 46.0763, 3.97632e+06
0.44018, 2073.37, 105754, 46.0763, 3.97632e+06
0.44022, 2073.04, 105729, 46.0763, 3.9763e+06
0.440261, 2072.71, 105704, 46.0763, 3.97628e+06
0.440301, 2072.38, 105679, 46.0763, 3.97625e+06
0.440341, 2072.05, 105654, 46.0763, 3.97621e+06
0.440382, 2071.72, 105629, 46.0763, 3.97617e+06
0.440422, 2071.4, 105604, 46.0763, 3.97613e+06
0.440462, 2071.07, 105579, 46.0763, 3.97609e+06
0.440503, 2070.74, 105554, 46.0763, 3.97606e+06
0.440543, 2070.41, 105529, 46.0763, 3.97603e+06
0.440583, 2070.08, 105504, 46.0763, 3.976e+06
0.440624, 2069.76, 105479, 46.0763, 3.97599e+06
0.440664, 2069.43, 105454, 46.0763, 3.97598e+06
0.440704, 2069.1, 105429, 46.0763, 3.97598e+06
0.440745, 2068.77, 105404, 46.0763, 3.97598e+06
0.440785, 2068.45, 105379, 46.0763, 3.97599e+06
0.440825, 2068.12, 105354, 46.0763, 3.976e+06
0.440865, 2067.79, 105328, 46.0763, 3.97602e+06
0.440906, 2067.46, 105303, 46.0763, 3.97602e+06
0.440946, 2067.14, 105278, 46.0763, 3.97603e+06
0.440986, 2066.81, 105253, 46.0763, 3.97602e+06
0.441027, 2066.48, 105228, 46.0763, 3.97602e+06
0.441067, 2066.16, 105202, 46.0763, 3.97601e+06
0.441107, 2065.83, 105177, 46.0763, 3.976e+06
0.441148, 2065.5, 105152, 46.0763, 3.97599e+06
0.441188, 2065.18, 105127, 46.0763, 3.97598e+06
0.441228, 2064.85, 105102, 46.0763, 3.97598e+06
0.441269, 2064.52, 105076, 46.0763, 3.97598e+06
0.441309, 2064.2, 105051, 46.0763, 3.97598e+06
0.441349, 2063.87, 105026, 46.0763, 3.97598e+06
0.44139, 2063.54, 105001, 46.0763, 3.97596e+06
0.44143, 2063.22, 104975, 46.0763, 3.97593e+06
0.44147, 2062.89, 104950, 46.0763, 3.9759e+06
0.441511, 2062.57, 104925, 46.0763, 3.97585e+06
0.441551, 2062.24, 104899, 46.0763, 3.9758e+06
0.441591, 2061.92, 104874, 46.0763, 3.97575e+06
0.441632, 2061.59, 104849, 46.0763, 3.97571e+06
0.441672, 2061.26, 104823, 46.0763, 3.97568e+06
0.441712, 2060.94, 104798, 46.0763, 3.97566e+06
0.441753, 2060.61, 104772, 46.0763, 3.97566e+06
0.441793, 2060.29, 104747, 46.0763, 3.97567e+06
0.441833, 2059.96, 104722, 46.0763, 3.97569e+06
0.441874, 2059.64, 104696, 46.0763, 3.97572e+06
0.441914, 2059.31, 104671, 46.0763, 3.97574e+06
0.441954, 2058.99, 104645, 46.0763, 3.97576e+06
0.441995, 2058.66, 104620, 46.0763, 3.97578e+06
0.442035, 2058.34, 104594, 46.0763, 3.97578e+06
0.442075, 2058.01, 104569, 46.0763, 3.97578e+06
0.442115, 2057.69, 104544, 46.0763, 3.97577e+06
0.442156, 2057.36, 104518, 46.0763, 3.97575e+06
0.442196, 2057.04, 104493, 46.0763, 3.97573e+06
0.442236, 2056.71, 104467, 46.0763, 3.97571e+06
0.442277, 2056.39, 104442, 46.0763, 3.97568e+06
0.442317, 2056.06, 104416, 46.0763, 3.97565e+06
0.442357, 2055.74, 104391, 46.0763, 3.97563e+06
0.442398, 2055.41, 104365, 46.0763, 3.97562e+06
0.442438, 2055.09, 104340, 46.0763, 3.97561e+06
0.442478, 2054.77, 104314, 46.0763, 3.97561e+06
0.442519, 2054.44, 104289, 46.0763, 3.97562e+06
0.442559, 2054.12, 104263, 46.0763, 3.97564e+06
0.442599, 2053.79, 104238, 46.0763, 3.97567e+06
0.44264, 2053.47, 104212, 46.0763, 3.97571e+06
0.44268, 2053.15, 104187, 46.0763, 3.97577e+06
0.44272, 2052.82, 104161, 46.0763, 3.97584e+06
0.442761, 2052.5, 104136, 46.0763, 3.97591e+06
0.442801, 2052.18, 104110, 46.0763, 3.976e+06
0.442841, 2051.85, 104084, 46.0763, 3.97608e+06
0.442882, 2051.53, 104059, 46.0763, 3.97616e+06
0.442922, 2051.21, 104033, 46.0763, 3.97623e+06
0.442962, 2050.88, 104008, 46.0763, 3.97629e+06
0.443003, 2050.56, 103982, 46.0763, 3.97633e+06
0.443043, 2050.24, 103956, 46.0763, 3.97636e+06
0.443083, 2049.91, 103931, 46.0763, 3.97637e+06
0.443124, 2049.59, 103905, 46.0763, 3.97638e+06
0.443164, 2049.27, 103879, 46.0763, 3.97637e+06
0.443204, 2048.94, 103854, 46.0763, 3.97635e+06
0.443245, 2048.62, 103828, 46.0763, 3.97631e+06
0.443285, 2048.3, 103802, 46.0763, 3.97626e+06
0.443325, 2047.98, 103777, 46.0763, 3.9762e+06
0.443366, 2047.65, 103751, 46.0763, 3.97613e+06
0.443406, 2047.33, 103725, 46.0763, 3.97605e+06
0.443446, 2047.01, 103700, 46.0763, 3.97597e+06
0.443487, 2046.69, 103674, 46.0763, 3.9759e+06
0.443527, 2046.37, 103648, 46.0763, 3.97582e+06
0.443567, 2046.04, 103622, 46.0763, 3.97575e+06
0.443608, 2045.72, 103597, 46.0763, 3.9757e+06
0.443648, 2045.4, 103571, 46.0763, 3.97564e+06
0.443688, 2045.08, 103545, 46.0763, 3.9756e+06
0.443729, 2044.76, 103520, 46.0763, 3.97557e+06
0.443769, 2044.44, 103494, 46.0763, 3.97554e+06
0.443809, 2044.12, 103468, 46.0763, 3.97552e+06
0.44385, 2043.8, 103443, 46.0763, 3.97549e+06
0.44389, 2043.47, 103417, 46.0763, 3.97548e+06
0.44393, 2043.15, 103391, 46.0763, 3.97546e+06
0.443971, 2042.83, 103365, 46.0763, 3.97546e+06
0.444011, 2042.51, 103340, 46.0763, 3.97547e+06
0.444051, 2042.19, 103314, 46.0763, 3.9755e+06
0.444092, 2041.87, 103288, 46.0763, 3.97554e+06
0.444132, 2041.55, 103263, 46.0763, 3.9756e+06
0.444172, 2041.23, 103237, 46.0763, 3.97567e+06
0.444213, 2040.91, 103211, 46.0763, 3.97574e+06
0.444253, 2040.59, 103185, 46.0763, 3.97582e+06
0.444293, 2040.28, 103160, 46.0763, 3.9759e+06
0.444334, 2039.96, 103134, 46.0763, 3.97597e+06
0.444374, 2039.64, 103108, 46.0763, 3.97604e+06
0.444414, 2039.32, 103082, 46.0763, 3.97609e+06
0.444455, 2039, 103057, 46.0763, 3.97615e+06
0.444495, 2038.68, 103031, 46.0763, 3.9762e+06
0.444535, 2038.36, 103005, 46.0763, 3.97624e+06
0.444576, 2038.04, 102979, 46.0763, 3.97627e+06
0.444616, 2037.72, 102953, 46.0763, 3.97628e+06
0.444656, 2037.41, 102928, 46.0763, 3.97628e+06
0.444697, 2037.09, 102902, 46.0763, 3.97627e+06
0.444737, 2036.77, 102876, 46.0763, 3.97623e+06
0.444777, 2036.45, 102850, 46.0763, 3.97617e+06
0.444818, 2036.13, 102824, 46.0763, 3.9761e+06
0.444858, 2035.82, 102799, 46.0763, 3.97602e+06
0.444898, 2035.5, 102773, 46.0763, 3.97595e+06
0.444939, 2035.18, 102747, 46.0763, 3.97588e+06
0.444979, 2034.86, 102721, 46.0763, 3.97582e+06
0.445019, 2034.55, 102695, 46.0763, 3.97577e+06
0.44506, 2034.23, 102670, 46.0763, 3.97573e+06
0.4451, 2033.91, 102644, 46.0763, 3.97569e+06
0.44514, 2033.6, 102618, 46.0763, 3.97566e+06
0.44518, 2033.28, 102592, 46.0763, 3.97563e+06
0.445221, 2032.96, 102566, 46.0763, 3.9756e+06
0.445261, 2032.64, 102540, 46.0763, 3.97557e+06
0.445301, 2032.33, 102514, 46.0763, 3.97554e+06
0.445342, 2032.01, 102489, 46.0763, 3.97551e+06
0.445382, 2031.69, 102463, 46.0763, 3.9755e+06
0.445422, 2031.38, 102437, 46.0763, 3.97547e+06
0.445463, 2031.06, 102411, 46.0763, 3.97546e+06
0.445503, 2030.75, 102385, 46.0763, 3.97545e+06
0.445543, 2030.43, 102359, 46.0763, 3.97544e+06
0.445584, 2030.11, 102333, 46.0763, 3.97544e+06
0.445624, 2029.8, 102307, 46.0763, 3.97545e+06
0.445664, 2029.48, 102281, 46.0763, 3.97547e+06
0.445705, 2029.17, 102255, 46.0763, 3.9755e+06
0.445745, 2028.85, 102229, 46.0763, 3.97553e+06
0.445785, 2028.54, 102204, 46.0763, 3.97557e+06
0.445826, 2028.22, 102178, 46.0763, 3.97562e+06
0.445866, 2027.9, 102152, 46.0763, 3.97567e+06
0.445906, 2027.59, 102126, 46.0763, 3.97572e+06
0.445947, 2027.27, 102100, 46.0763, 3.97576e+06
0.445987, 2026.96, 102074, 46.0763, 3.97581e+06
0.446027, 2026.64, 102048, 46.0763, 3.97584e+06
0.446068, 2026.33, 102022, 46.0763, 3.97586e+06
0.446108, 2026.02, 101996, 46.0763, 3.97587e+06
0.446148, 2025.7, 101970, 46.0763, 3.97587e+06
0.446189, 2025.39, 101945, 46.0763, 3.97586e+06
0.446229, 2025.07, 101919, 46.0763, 3.97584e+06
0.446269, 2024.76, 101893, 46.0763, 3.9758e+06
0.44631, 2024.44, 101867, 46.0763, 3.97577e+06
0.44635, 2024.13, 101841, 46.0763, 3.97573e+06
0.44639, 2023.81, 101815, 46.0763, 3.9757e+06
0.446431, 2023.5, 101789, 46.0763, 3.97567e+06
0.446471, 2023.19, 101763, 46.0763, 3.97565e+06
0.446511, 2022.87, 101737, 46.0763, 3.97563e+06
0.446551, 2022.56, 101711, 46.0763, 3.97562e+06
0.446592, 2022.24, 101685, 46.0763, 3.97562e+06
0.446632, 2021.93, 101659, 46.0763, 3.97561e+06
0.446672, 2021.62, 101633, 46.0763, 3.9756e+06
0.446713, 2021.3, 101607, 46.0763, 3.9756e+06
0.446753, 2020.99, 101581, 46.0763, 3.97558e+06
0.446793, 2020.68, 101554, 46.0763, 3.97557e+06
0.446834, 2020.36, 101528, 46.0763, 3.97555e+06
0.446874, 2020.05, 101502, 46.0763, 3.97553e+06
0.446914, 2019.74, 101476, 46.0763, 3.97551e+06
0.446955, 2019.42, 101450, 46.0763, 3.9755e+06
0.446995, 2019.11, 101424, 46.0763, 3.97548e+06
0.447035, 2018.8, 101398, 46.0763, 3.97547e+06
0.447076, 2018.48, 101372, 46.0763, 3.97548e+06
0.447116, 2018.17, 101346, 46.0763, 3.97549e+06
0.447156, 2017.86, 101320, 46.0763, 3.97551e+06
0.447197, 2017.54, 101294, 46.0763, 3.97554e+06
0.447237, 2017.23, 101267, 46.0763, 3.97557e+06
0.447277, 2016.92, 101241, 46.0763, 3.9756e+06
0.447318, 2016.61, 101215, 46.0763, 3.97564e+06
0.447358, 2016.3, 101189, 46.0763, 3.97567e+06
0.447398, 2015.98, 101163, 46.0763, 3.9757e+06
0.447439, 2015.67, 101137, 46.0763, 3.97573e+06
0.447479, 2015.36, 101111, 46.0763, 3.97575e+06
0.447519, 2015.05, 101085, 46.0763, 3.97577e+06
0.447559, 2014.74, 101059, 46.0763, 3.97578e+06
0.4476, 2014.43, 101033, 46.0763, 3.97579e+06
0.44764, 2014.11, 101007, 46.0763, 3.9758e+06
0.44768, 2013.8, 100981, 46.0763, 3.97581e+06
0.447721, 2013.49, 100955, 46.0763, 3.97582e+06
0.447761, 2013.18, 100929, 46.0763, 3.97583e+06
0.447801, 2012.87, 100902, 46.0763, 3.97585e+06
0.447842, 2012.56, 100876, 46.0763, 3.97587e+06
0.447882, 2012.25, 100850, 46.0763, 3.97589e+06
0.447922, 2011.94, 100824, 46.0763, 3.97591e+06
0.447963, 2011.63, 100798, 46.0763, 3.97593e+06
0.448003, 2011.32, 100772, 46.0763, 3.97595e+06
0.448043, 2011.01, 100746, 46.0763, 3.97596e+06
0.448084, 2010.7, 100720, 46.0763, 3.97596e+06
0.448124, 2010.39, 100694, 46.0763, 3.97595e+06
0.448164, 2010.08, 100668, 46.0763, 3.97594e+06
0.448204, 2009.77, 100641, 46.0763, 3.97592e+06
0.448245, 2009.46, 100615, 46.0763, 3.97589e+06
0.448285, 2009.15, 100589, 46.0763, 3.97586e+06
0.448325, 2008.84, 100563, 46.0763, 3.97582e+06
0.448366, 2008.53, 100537, 46.0763, 3.97578e+06
0.448406, 2008.22, 100511, 46.0763, 3.97574e+06
0.448446, 2007.91, 100485, 46.0763, 3.97571e+06
0.448487, 2007.61, 100459, 46.0763, 3.97568e+06
0.448527, 2007.3, 100433, 46.0763, 3.97565e+06
0.448567, 2006.99, 100407, 46.0763, 3.97563e+06
0.448608, 2006.68, 100381, 46.0763, 3.97562e+06
0.448648, 2006.37, 100355, 46.0763, 3.97561e+06
0.448688, 2006.06, 100328, 46.0763, 3.97561e+06
0.448729, 2005.76, 100302, 46.0763, 3.97561e+06
0.448769, 2005.45, 100276, 46.0763, 3.97561e+06
0.448809, 2005.14, 100250, 46.0763, 3.97561e+06
0.448849, 2004.83, 100224, 46.0763, 3.97562e+06
0.44889, 2004.53, 100198, 46.0763, 3.97564e+06
0.44893, 2004.22, 100172, 46.0763, 3.97566e+06
0.44897, 2003.91, 100146, 46.0763, 3.97568e+06
0.449011, 2003.61, 100120, 46.0763, 3.97569e+06
0.449051, 2003.3, 100094, 46.0763, 3.9757e+06
0.449091, 2002.99, 100068, 46.0763, 3.97571e+06
0.449132, 2002.69, 100042, 46.0763, 3.97571e+06
0.449172, 2002.38, 100016, 46.0763, 3.9757e+06
0.449212, 2002.07, 99989.8, 46.0763, 3.97569e+06
0.449253, 2001.77, 99963.8, 46.0763, 3.97567e+06
0.449293, 2001.46, 99937.8, 46.0763, 3.97565e+06
0.449333, 2001.16, 99911.7, 46.0763, 3.97563e+06
0.449373, 2000.85, 99885.7, 46.0763, 3.97559e+06
0.449414, 2000.54, 99859.7, 46.0763, 3.97556e+06
0.449454, 2000.24, 99833.7, 46.0763, 3.97553e+06
0.449494, 1999.93, 99807.7, 46.0763, 3.9755e+06
0.449535, 1999.63, 99781.7, 46.0763, 3.97547e+06
0.449575, 1999.32, 99755.7, 46.0763, 3.97545e+06
0.449615, 1999.02, 99729.8, 46.0763, 3.97544e+06
0.449656, 1998.72, 99703.8, 46.0763, 3.97542e+06
0.449696, 1998.41, 99677.8, 46.0763, 3.97541e+06
0.449736, 1998.11, 99651.8, 46.0763, 3.97539e+06
0.449777, 1997.8, 99625.8, 46.0763, 3.97538e+06
0.449817, 1997.5, 99599.8, 46.0763, 3.97537e+06
0.449857, 1997.19, 99573.8, 46.0763, 3.97536e+06
0.449898, 1996.89, 99547.9, 46.0763, 3.97536e+06
0.449938, 1996.59, 99521.9, 46.0763, 3.97537e+06
0.449978, 1996.28, 99495.9, 46.0763, 3.97538e+06
0.450018, 1995.98, 99469.9, 46.0763, 3.97539e+06
0.450059, 1995.68, 99444, 46.0763, 3.97541e+06
0.450099, 1995.38, 99418, 46.0763, 3.97543e+06
0.450139, 1995.07, 99392.1, 46.0763, 3.97545e+06
0.45018, 1994.77, 99366.1, 46.0763, 3.97547e+06
0.45022, 1994.47, 99340.2, 46.0763, 3.9755e+06
0.45026, 1994.17, 99314.3, 46.0763, 3.97552e+06
0.450301, 1993.86, 99288.4, 46.0763, 3.97555e+06
0.450341, 1993.56, 99262.5, 46.0763, 3.97558e+06
0.450381, 1993.26, 99236.5, 46.0763, 3.97561e+06
0.450422, 1992.96, 99210.6, 46.0763, 3.97563e+06
0.450462, 1992.66, 99184.8, 46.0763, 3.97564e+06
0.450502, 1992.35, 99158.9, 46.0763, 3.97565e+06
0.450542, 1992.05, 99133, 46.0763, 3.97564e+06
0.450583, 1991.75, 99107.1, 46.0763, 3.97562e+06
0.450623, 1991.45, 99081.2, 46.0763, 3.97558e+06
0.450663, 1991.15, 99055.3, 46.0763, 3.97554e+06
0.450704, 1990.85, 99029.4, 46.0763, 3.97549e+06
0.450744, 1990.55, 99003.6, 46.0763, 3.97544e+06
0.450784, 1990.25, 98977.7, 46.0763, 3.9754e+06
0.450825, 1989.95, 98951.8, 46.0763, 3.97535e+06
0.450865, 1989.65, 98926, 46.0763, 3.97532e+06
0.450905, 1989.35, 98900.2, 46.0763, 3.97529e+06
0.450946, 1989.05, 98874.4, 46.0763, 3.97526e+06
0.450986, 1988.75, 98848.6, 46.0763, 3.97524e+06
0.451026, 1988.45, 98822.8, 46.0763, 3.97523e+06
0.451067, 1988.15, 98797, 46.0763, 3.97523e+06
0.451107, 1987.85, 98771.2, 46.0763, 3.97524e+06
0.451147, 1987.55, 98745.4, 46.0763, 3.97526e+06
0.451187, 1987.25, 98719.7, 46.0763, 3.97529e+06
0.451228, 1986.95, 98693.9, 46.0763, 3.97532e+06
0.451268, 1986.65, 98668.2, 46.0763, 3.97535e+06
0.451308, 1986.35, 98642.5, 46.0763, 3.97538e+06
0.451349, 1986.05, 98616.7, 46.0763, 3.9754e+06
0.451389, 1985.75, 98591, 46.0763, 3.97541e+06
0.451429, 1985.46, 98565.3, 46.0763, 3.97541e+06
0.45147, 1985.16, 98539.6, 46.0763, 3.97541e+06
0.45151, 1984.86, 98513.9, 46.0763, 3.97541e+06
0.45155, 1984.56, 98488.2, 46.0763, 3.9754e+06
0.45159, 1984.26, 98462.6, 46.0763, 3.9754e+06
0.451631, 1983.96, 98436.9, 46.0763, 3.97539e+06
0.451671, 1983.67, 98411.3, 46.0763, 3.97539e+06
0.451711, 1983.37, 98385.6, 46.0763, 3.97538e+06
0.451752, 1983.07, 98360, 46.0763, 3.97538e+06
0.451792, 1982.77, 98334.3, 46.0763, 3.97539e+06
0.451832, 1982.48, 98308.7, 46.0763, 3.9754e+06
0.451873, 1982.18, 98283.1, 46.0763, 3.97541e+06
0.451913, 1981.88, 98257.5, 46.0763, 3.97544e+06
0.451953, 1981.58, 98231.9, 46.0763, 3.97547e+06
0.451994, 1981.29, 98206.3, 46.0763, 3.97551e+06
0.452034, 1980.99, 98180.8, 46.0763, 3.97555e+06
0.452074, 1980.69, 98155.2, 46.0763, 3.97559e+06
0.452114, 1980.4, 98129.7, 46.0763, 3.97562e+06
0.452155, 1980.1, 98104.2, 46.0763, 3.97566e+06
0.452195, 1979.8, 98078.7, 46.0763, 3.97569e+06
0.452235, 1979.51, 98053.2, 46.0763, 3.97572e+06
0.452276, 1979.21, 98027.7, 46.0763, 3.97574e+06
0.452316, 1978.91, 98002.2, 46.0763, 3.97575e+06
0.452356, 1978.62, 97976.7, 46.0763, 3.97576e+06
0.452397, 1978.32, 97951.2, 46.0763, 3.97576e+06
0.452437, 1978.03, 97925.8, 46.0763, 3.97575e+06
0.452477, 1977.73, 97900.3, 46.0763, 3.97573e+06
0.452518, 1977.43, 97874.9, 46.0763, 3.9757e+06
0.452558, 1977.14, 97849.4, 46.0763, 3.97567e+06
0.452598, 1976.84, 97824, 46.0763, 3.97563e+06
0.452638, 1976.55, 97798.6, 46.0763, 3.97559e+06
0.452679, 1976.25, 97773.2, 46.0763, 3.97554e+06
0.452719, 1975.96, 97747.8, 46.0763, 3.97549e+06
0.452759, 1975.66, 97722.4, 46.0763, 3.97543e+06
0.4528, 1975.37, 97697, 46.0763, 3.97536e+06
0.45284, 1975.07, 97671.6, 46.0763, 3.97529e+06
0.45288, 1974.78, 97646.3, 46.0763, 3.97522e+06
0.452921, 1974.49, 97620.9, 46.0763, 3.97515e+06
0.452961, 1974.19, 97595.6, 46.0763, 3.9751e+06
0.453001, 1973.9, 97570.2, 46.0763, 3.97505e+06
0.453042, 1973.6, 97544.9, 46.0763, 3.97503e+06
0.453082, 1973.31, 97519.6, 46.0763, 3.97503e+06
0.453122, 1973.02, 97494.3, 46.0763, 3.97506e+06
0.453163, 1972.72, 97469, 46.0763, 3.97511e+06
0.453203, 1972.43, 97443.7, 46.0763, 3.97519e+06
0.453243, 1972.14, 97418.5, 46.0763, 3.97527e+06
0.453283, 1971.84, 97393.3, 46.0763, 3.97537e+06
0.453324, 1971.55, 97368.1, 46.0763, 3.97548e+06
0.453364, 1971.26, 97342.9, 46.0763, 3.97558e+06
0.453404, 1970.96, 97317.7, 46.0763, 3.97568e+06
0.453445, 1970.67, 97292.6, 46.0763, 3.97577e+06
0.453485, 1970.38, 97267.4, 46.0763, 3.97585e+06
0.453525, 1970.09, 97242.3, 46.0763, 3.97591e+06
0.453566, 1969.79, 97217.2, 46.0763, 3.97596e+06
0.453606, 1969.5, 97192.2, 46.0763, 3.976e+06
0.453646, 1969.21, 97167.2, 46.0763, 3.97602e+06
0.453687, 1968.92, 97142.1, 46.0763, 3.97604e+06
0.453727, 1968.63, 97117.1, 46.0763, 3.97604e+06
0.453767, 1968.34, 97092.1, 46.0763, 3.97604e+06
0.453807, 1968.05, 97067.2, 46.0763, 3.97602e+06
0.453848, 1967.75, 97042.2, 46.0763, 3.97599e+06
0.453888, 1967.46, 97017.3, 46.0763, 3.97595e+06
0.453928, 1967.17, 96992.4, 46.0763, 3.97589e+06
0.453969, 1966.88, 96967.5, 46.0763, 3.97581e+06
0.454009, 1966.59, 96942.7, 46.0763, 3.97573e+06
0.454049, 1966.3, 96917.8, 46.0763, 3.97563e+06
0.45409, 1966.01, 96892.9, 46.0763, 3.97553e+06
0.45413, 1965.72, 96868, 46.0763, 3.97543e+06
0.45417, 1965.43, 96843.2, 46.0763, 3.97534e+06
0.454211, 1965.14, 96818.4, 46.0763, 3.97525e+06
0.454251, 1964.85, 96793.6, 46.0763, 3.97519e+06
0.454291, 1964.56, 96768.8, 46.0763, 3.97513e+06
0.454332, 1964.27, 96744, 46.0763, 3.9751e+06
0.454372, 1963.98, 96719.2, 46.0763, 3.97509e+06
0.454412, 1963.69, 96694.4, 46.0763, 3.97509e+06
0.454452, 1963.41, 96669.7, 46.0763, 3.97511e+06
0.454493, 1963.12, 96644.9, 46.0763, 3.97515e+06
0.454533, 1962.83, 96620.2, 46.0763, 3.97521e+06
0.454573, 1962.54, 96595.6, 46.0763, 3.97527e+06
0.454614, 1962.25, 96570.9, 46.0763, 3.97535e+06
0.454654, 1961.96, 96546.2, 46.0763, 3.97543e+06
0.454694, 1961.68, 96521.5, 46.0763, 3.97551e+06
0.454735, 1961.39, 96496.9, 46.0763, 3.97559e+06
0.454775, 1961.1, 96472.2, 46.0763, 3.97565e+06
0.454815, 1960.81, 96447.6, 46.0763, 3.97571e+06
0.454856, 1960.52, 96423, 46.0763, 3.97575e+06
0.454896, 1960.24, 96398.4, 46.0763, 3.97578e+06
0.454936, 1959.95, 96373.8, 46.0763, 3.97579e+06
0.454977, 1959.66, 96349.3, 46.0763, 3.9758e+06
0.455017, 1959.38, 96324.7, 46.0763, 3.9758e+06
0.455057, 1959.09, 96300.2, 46.0763, 3.97578e+06
0.455098, 1958.8, 96275.7, 46.0763, 3.97576e+06
0.455138, 1958.52, 96251.2, 46.0763, 3.97572e+06
0.455178, 1958.23, 96226.7, 46.0763, 3.97567e+06
0.455218, 1957.94, 96202.2, 46.0763, 3.97562e+06
0.455259, 1957.66, 96177.8, 46.0763, 3.97557e+06
0.455299, 1957.37, 96153.4, 46.0763, 3.97552e+06
0.455339, 1957.08, 96129, 46.0763, 3.97548e+06
0.45538, 1956.8, 96104.6, 46.0763, 3.97544e+06
0.45542, 1956.51, 96080.2, 46.0763, 3.97542e+06
0.45546, 1956.23, 96055.9, 46.0763, 3.9754e+06
0.455501, 1955.94, 96031.5, 46.0763, 3.9754e+06
0.455541, 1955.66, 96007.2, 46.0763, 3.9754e+06
0.455581, 1955.37, 95982.9, 46.0763, 3.9754e+06
0.455622, 1955.09, 95958.7, 46.0763, 3.97541e+06
0.455662, 1954.8, 95934.4, 46.0763, 3.97542e+06
0.455702, 1954.52, 95910.1, 46.0763, 3.97542e+06
0.455743, 1954.23, 95885.9, 46.0763, 3.97543e+06
0.455783, 1953.95, 95861.7, 46.0763, 3.97543e+06
0.455823, 1953.66, 95837.5, 46.0763, 3.97542e+06
0.455864, 1953.38, 95813.3, 46.0763, 3.97541e+06
0.455904, 1953.09, 95789.1, 46.0763, 3.97539e+06
0.455944, 1952.81, 95764.9, 46.0763, 3.97537e+06
0.455984, 1952.53, 95740.7, 46.0763, 3.97534e+06
0.456025, 1952.24, 95716.5, 46.0763, 3.97531e+06
0.456065, 1951.96, 95692.3, 46.0763, 3.97527e+06
0.456105, 1951.67, 95668.2, 46.0763, 3.97523e+06
0.456146, 1951.39, 95644.1, 46.0763, 3.97519e+06
0.456186, 1951.11, 95620, 46.0763, 3.97514e+06
0.456226, 1950.83, 95595.9, 46.0763, 3.9751e+06
0.456267, 1950.54, 95571.8, 46.0763, 3.97506e+06
0.456307, 1950.26, 95547.7, 46.0763, 3.97504e+06
0.456347, 1949.98, 95523.6, 46.0763, 3.97502e+06
0.456388, 1949.69, 95499.6, 46.0763, 3.97501e+06
0.456428, 1949.41, 95475.6, 46.0763, 3.97501e+06
0.456468, 1949.13, 95451.6, 46.0763, 3.97503e+06
0.456509, 1948.85, 95427.6, 46.0763, 3.97506e+06
0.456549, 1948.57, 95403.6, 46.0763, 3.97509e+06
0.456589, 1948.28, 95379.7, 46.0763, 3.97514e+06
0.45663, 1948, 95355.8, 46.0763, 3.9752e+06
0.45667, 1947.72, 95331.9, 46.0763, 3.97525e+06
0.45671, 1947.44, 95308, 46.0763, 3.97531e+06
0.456751, 1947.16, 95284.1, 46.0763, 3.97536e+06
0.456791, 1946.88, 95260.3, 46.0763, 3.9754e+06
0.456831, 1946.6, 95236.4, 46.0763, 3.97544e+06
0.456871, 1946.32, 95212.6, 46.0763, 3.97547e+06
0.456912, 1946.04, 95188.8, 46.0763, 3.97549e+06
0.456952, 1945.76, 95165, 46.0763, 3.97551e+06
0.456992, 1945.47, 95141.2, 46.0763, 3.97554e+06
0.457033, 1945.19, 95117.4, 46.0763, 3.97556e+06
0.457073, 1944.91, 95093.6, 46.0763, 3.97559e+06
0.457113, 1944.63, 95069.9, 46.0763, 3.97562e+06
0.457154, 1944.35, 95046.2, 46.0763, 3.97564e+06
0.457194, 1944.08, 95022.4, 46.0763, 3.97566e+06
0.457234, 1943.8, 94998.7, 46.0763, 3.97566e+06
0.457275, 1943.52, 94975.1, 46.0763, 3.97566e+06
0.457315, 1943.24, 94951.4, 46.0763, 3.97563e+06
0.457355, 1942.96, 94927.7, 46.0763, 3.9756e+06
0.457396, 1942.68, 94904.1, 46.0763, 3.97554e+06
0.457436, 1942.4, 94880.4, 46.0763, 3.97548e+06
0.457476, 1942.12, 94856.8, 46.0763, 3.97541e+06
0.457516, 1941.84, 94833.2, 46.0763, 3.97533e+06
0.457557, 1941.56, 94809.6, 46.0763, 3.97526e+06
0.457597, 1941.29, 94786, 46.0763, 3.9752e+06
0.457637, 1941.01, 94762.5, 46.0763, 3.97514e+06
0.457678, 1940.73, 94738.9, 46.0763, 3.97509e+06
0.457718, 1940.45, 94715.4, 46.0763, 3.97506e+06
0.457758, 1940.17, 94691.9, 46.0763, 3.97505e+06
0.457799, 1939.9, 94668.4, 46.0763, 3.97505e+06
0.457839, 1939.62, 94645, 46.0763, 3.97507e+06
0.457879, 1939.34, 94621.5, 46.0763, 3.97511e+06
0.45792, 1939.06, 94598.1, 46.0763, 3.97516e+06
0.45796, 1938.79, 94574.8, 46.0763, 3.97522e+06
0.458, 1938.51, 94551.4, 46.0763, 3.9753e+06
0.458041, 1938.23, 94528, 46.0763, 3.97537e+06
0.458081, 1937.96, 94504.7, 46.0763, 3.97545e+06
0.458121, 1937.68, 94481.4, 46.0763, 3.97552e+06
0.458161, 1937.4, 94458.1, 46.0763, 3.97559e+06
0.458202, 1937.13, 94434.9, 46.0763, 3.97565e+06
0.458242, 1936.85, 94411.6, 46.0763, 3.9757e+06
0.458282, 1936.57, 94388.4, 46.0763, 3.97573e+06
0.458323, 1936.3, 94365.2, 46.0763, 3.97576e+06
0.458363, 1936.02, 94342, 46.0763, 3.97576e+06
0.458403, 1935.75, 94318.9, 46.0763, 3.97576e+06
0.458443, 1935.47, 94295.8, 46.0763, 3.97573e+06
0.458484, 1935.2, 94272.7, 46.0763, 3.9757e+06
0.458524, 1934.92, 94249.6, 46.0763, 3.97565e+06
0.458564, 1934.65, 94226.5, 46.0763, 3.97559e+06
0.458605, 1934.37, 94203.4, 46.0763, 3.97553e+06
0.458645, 1934.1, 94180.4, 46.0763, 3.97546e+06
0.458685, 1933.83, 94157.4, 46.0763, 3.97539e+06
0.458726, 1933.55, 94134.4, 46.0763, 3.97533e+06
0.458766, 1933.28, 94111.4, 46.0763, 3.97527e+06
0.458806, 1933, 94088.5, 46.0763, 3.97523e+06
0.458846, 1932.73, 94065.5, 46.0763, 3.97519e+06
0.458887, 1932.46, 94042.6, 46.0763, 3.97518e+06
0.458927, 1932.18, 94019.7, 46.0763, 3.97518e+06
0.458967, 1931.91, 93996.9, 46.0763, 3.97519e+06
0.459008, 1931.64, 93974, 46.0763, 3.97522e+06
0.459048, 1931.36, 93951.2, 46.0763, 3.97526e+06
0.459088, 1931.09, 93928.4, 46.0763, 3.97531e+06
0.459128, 1930.82, 93905.7, 46.0763, 3.97536e+06
0.459169, 1930.55, 93882.9, 46.0763, 3.97542e+06
0.459209, 1930.27, 93860.2, 46.0763, 3.97547e+06
0.459249, 1930, 93837.5, 46.0763, 3.97552e+06
0.45929, 1929.73, 93814.8, 46.0763, 3.97556e+06
0.45933, 1929.46, 93792.2, 46.0763, 3.97558e+06
0.45937, 1929.19, 93769.6, 46.0763, 3.9756e+06
0.45941, 1928.92, 93747.1, 46.0763, 3.9756e+06
0.459451, 1928.65, 93724.5, 46.0763, 3.97559e+06
0.459491, 1928.38, 93702, 46.0763, 3.97557e+06
0.459531, 1928.1, 93679.5, 46.0763, 3.97554e+06
0.459571, 1927.83, 93657.1, 46.0763, 3.97551e+06
0.459612, 1927.56, 93634.7, 46.0763, 3.97548e+06
0.459652, 1927.29, 93612.3, 46.0763, 3.97544e+06
0.459692, 1927.02, 93589.9, 46.0763, 3.97541e+06
0.459733, 1926.75, 93567.6, 46.0763, 3.97539e+06
0.459773, 1926.48, 93545.3, 46.0763, 3.97538e+06
0.459813, 1926.22, 93523, 46.0763, 3.97537e+06
0.459853, 1925.95, 93500.8, 46.0763, 3.97538e+06
0.459894, 1925.68, 93478.5, 46.0763, 3.97541e+06
0.459934, 1925.41, 93456.3, 46.0763, 3.97544e+06
0.459974, 1925.14, 93434.2, 46.0763, 3.97548e+06
0.460015, 1924.87, 93412, 46.0763, 3.97552e+06
0.460055, 1924.6, 93389.9, 46.0763, 3.97557e+06
0.460095, 1924.33, 93367.7, 46.0763, 3.97561e+06
0.460135, 1924.07, 93345.6, 46.0763, 3.97564e+06
0.460176, 1923.8, 93323.6, 46.0763, 3.97567e+06
0.460216, 1923.53, 93301.5, 46.0763, 3.97569e+06
0.460256, 1923.26, 93279.5, 46.0763, 3.9757e+06
0.460296, 1923, 93257.5, 46.0763, 3.9757e+06
0.460337, 1922.73, 93235.5, 46.0763, 3.97569e+06
0.460377, 1922.46, 93213.5, 46.0763, 3.97567e+06
0.460417, 1922.19, 93191.5, 46.0763, 3.97565e+06
0.460457, 1921.93, 93169.6, 46.0763, 3.97562e+06
0.460498, 1921.66, 93147.7, 46.0763, 3.97559e+06
0.460538, 1921.39, 93125.8, 46.0763, 3.97555e+06
0.460578, 1921.13, 93103.9, 46.0763, 3.97552e+06
0.460619, 1920.86, 93082.1, 46.0763, 3.97548e+06
0.460659, 1920.6, 93060.3, 46.0763, 3.97543e+06
0.460699, 1920.33, 93038.6, 46.0763, 3.97539e+06
0.460739, 1920.06, 93016.8, 46.0763, 3.97536e+06
0.46078, 1919.8, 92995.1, 46.0763, 3.97532e+06
0.46082, 1919.53, 92973.4, 46.0763, 3.97529e+06
0.46086, 1919.27, 92951.8, 46.0763, 3.97527e+06
0.4609, 1919, 92930.2, 46.0763, 3.97525e+06
0.460941, 1918.74, 92908.6, 46.0763, 3.97524e+06
0.460981, 1918.47, 92887.1, 46.0763, 3.97524e+06
0.461021, 1918.21, 92865.6, 46.0763, 3.97524e+06
0.461061, 1917.94, 92844.1, 46.0763, 3.97524e+06
0.461102, 1917.68, 92822.7, 46.0763, 3.97525e+06
0.461142, 1917.42, 92801.3, 46.0763, 3.97525e+06
0.461182, 1917.15, 92779.9, 46.0763, 3.97525e+06
0.461222, 1916.89, 92758.5, 46.0763, 3.97524e+06
0.461263, 1916.63, 92737.2, 46.0763, 3.97523e+06
0.461303, 1916.36, 92715.9, 46.0763, 3.9752e+06
0.461343, 1916.1, 92694.6, 46.0763, 3.97515e+06
0.461384, 1915.84, 92673.3, 46.0763, 3.9751e+06
0.461424, 1915.57, 92652.1, 46.0763, 3.97504e+06
0.461464, 1915.31, 92630.9, 46.0763, 3.97498e+06
0.461504, 1915.05, 92609.7, 46.0763, 3.97492e+06
0.461545, 1914.78, 92588.5, 46.0763, 3.97487e+06
0.461585, 1914.52, 92567.4, 46.0763, 3.97483e+06
0.461625, 1914.26, 92546.3, 46.0763, 3.97481e+06
0.461665, 1914, 92525.2, 46.0763, 3.9748e+06
0.461706, 1913.74, 92504.1, 46.0763, 3.97481e+06
0.461746, 1913.47, 92483.1, 46.0763, 3.97483e+06
0.461786, 1913.21, 92462.1, 46.0763, 3.97487e+06
0.461826, 1912.95, 92441.2, 46.0763, 3.97491e+06
0.461867, 1912.69, 92420.2, 46.0763, 3.97497e+06
0.461907, 1912.43, 92399.3, 46.0763, 3.97502e+06
0.461947, 1912.17, 92378.4, 46.0763, 3.97508e+06
0.461987, 1911.9, 92357.6, 46.0763, 3.97514e+06
0.462028, 1911.64, 92336.7, 46.0763, 3.97519e+06
0.462068, 1911.38, 92315.9, 46.0763, 3.97525e+06
0.462108, 1911.12, 92295.1, 46.0763, 3.9753e+06
0.462148, 1910.86, 92274.4, 46.0763, 3.97534e+06
0.462189, 1910.6, 92253.7, 46.0763, 3.97538e+06
0.462229, 1910.34, 92233, 46.0763, 3.9754e+06
0.462269, 1910.08, 92212.3, 46.0763, 3.97541e+06
0.462309, 1909.82, 92191.7, 46.0763, 3.97541e+06
0.462349, 1909.56, 92171.1, 46.0763, 3.97541e+06
0.46239, 1909.3, 92150.5, 46.0763, 3.9754e+06
0.46243, 1909.04, 92129.9, 46.0763, 3.97538e+06
0.46247, 1908.78, 92109.4, 46.0763, 3.97537e+06
0.46251, 1908.52, 92088.9, 46.0763, 3.97535e+06
0.462551, 1908.26, 92068.4, 46.0763, 3.97535e+06
0.462591, 1908, 92047.9, 46.0763, 3.97534e+06
0.462631, 1907.74, 92027.5, 46.0763, 3.97535e+06
0.462671, 1907.48, 92007.1, 46.0763, 3.97535e+06
0.462712, 1907.22, 91986.7, 46.0763, 3.97537e+06
0.462752, 1906.97, 91966.3, 46.0763, 3.97539e+06
0.462792, 1906.71, 91946, 46.0763, 3.97542e+06
0.462832, 1906.45, 91925.7, 46.0763, 3.97545e+06
0.462873, 1906.19, 91905.5, 46.0763, 3.97549e+06
0.462913, 1905.93, 91885.2, 46.0763, 3.97552e+06
0.462953, 1905.67, 91865, 46.0763, 3.97556e+06
0.462993, 1905.42, 91844.9, 46.0763, 3.97559e+06
0.463033, 1905.16, 91824.7, 46.0763, 3.97562e+06
0.463074, 1904.9, 91804.6, 46.0763, 3.97564e+06
0.463114, 1904.64, 91784.5, 46.0763, 3.97565e+06
0.463154, 1904.39, 91764.5, 46.0763, 3.97566e+06
0.463194, 1904.13, 91744.4, 46.0763, 3.97566e+06
0.463235, 1903.87, 91724.4, 46.0763, 3.97565e+06
0.463275, 1903.61, 91704.5, 46.0763, 3.97563e+06
0.463315, 1903.36, 91684.5, 46.0763, 3.9756e+06
0.463355, 1903.1, 91664.6, 46.0763, 3.97557e+06
0.463396, 1902.84, 91644.7, 46.0763, 3.97552e+06
0.463436, 1902.59, 91624.8, 46.0763, 3.97547e+06
0.463476, 1902.33, 91605, 46.0763, 3.97541e+06
0.463516, 1902.08, 91585.1, 46.0763, 3.97536e+06
0.463556, 1901.82, 91565.4, 46.0763, 3.9753e+06
0.463597, 1901.56, 91545.6, 46.0763, 3.97525e+06
0.463637, 1901.31, 91525.9, 46.0763, 3.97521e+06
0.463677, 1901.05, 91506.2, 46.0763, 3.97518e+06
0.463717, 1900.8, 91486.6, 46.0763, 3.97516e+06
0.463758, 1900.54, 91466.9, 46.0763, 3.97515e+06
0.463798, 1900.29, 91447.3, 46.0763, 3.97514e+06
0.463838, 1900.03, 91427.7, 46.0763, 3.97515e+06
0.463878, 1899.78, 91408.2, 46.0763, 3.97516e+06
0.463918, 1899.52, 91388.7, 46.0763, 3.97518e+06
0.463959, 1899.27, 91369.2, 46.0763, 3.97521e+06
0.463999, 1899.01, 91349.7, 46.0763, 3.97525e+06
0.464039, 1898.76, 91330.3, 46.0763, 3.9753e+06
0.464079, 1898.51, 91310.9, 46.0763, 3.97534e+06
0.46412, 1898.25, 91291.5, 46.0763, 3.97539e+06
0.46416, 1898, 91272.2, 46.0763, 3.97543e+06
0.4642, 1897.74, 91252.9, 46.0763, 3.97548e+06
0.46424, 1897.49, 91233.6, 46.0763, 3.97552e+06
0.46428, 1897.24, 91214.3, 46.0763, 3.97556e+06
0.464321, 1896.98, 91195.1, 46.0763, 3.9756e+06
0.464361, 1896.73, 91175.9, 46.0763, 3.97564e+06
0.464401, 1896.48, 91156.7, 46.0763, 3.97567e+06
0.464441, 1896.23, 91137.6, 46.0763, 3.9757e+06
0.464482, 1895.97, 91118.5, 46.0763, 3.97572e+06
0.464522, 1895.72, 91099.4, 46.0763, 3.97574e+06
0.464562, 1895.47, 91080.3, 46.0763, 3.97575e+06
0.464602, 1895.22, 91061.3, 46.0763, 3.97574e+06
0.464642, 1894.97, 91042.2, 46.0763, 3.97573e+06
0.464683, 1894.71, 91023.2, 46.0763, 3.97571e+06
0.464723, 1894.46, 91004.3, 46.0763, 3.97568e+06
0.464763, 1894.21, 90985.3, 46.0763, 3.97566e+06
0.464803, 1893.96, 90966.4, 46.0763, 3.97563e+06
0.464843, 1893.71, 90947.6, 46.0763, 3.9756e+06
0.464884, 1893.46, 90928.7, 46.0763, 3.97558e+06
0.464924, 1893.21, 90909.9, 46.0763, 3.97555e+06
0.464964, 1892.96, 90891.1, 46.0763, 3.97553e+06
0.465004, 1892.71, 90872.4, 46.0763, 3.9755e+06
0.465045, 1892.46, 90853.7, 46.0763, 3.97547e+06
0.465085, 1892.21, 90835, 46.0763, 3.97543e+06
0.465125, 1891.96, 90816.4, 46.0763, 3.97539e+06
0.465165, 1891.71, 90797.8, 46.0763, 3.97535e+06
0.465205, 1891.46, 90779.2, 46.0763, 3.9753e+06
0.465246, 1891.21, 90760.6, 46.0763, 3.97526e+06
0.465286, 1890.96, 90742.1, 46.0763, 3.97521e+06
0.465326, 1890.71, 90723.6, 46.0763, 3.97517e+06
0.465366, 1890.46, 90705.1, 46.0763, 3.97512e+06
0.465406, 1890.21, 90686.6, 46.0763, 3.97509e+06
0.465447, 1889.97, 90668.2, 46.0763, 3.97506e+06
0.465487, 1889.72, 90649.8, 46.0763, 3.97505e+06
0.465527, 1889.47, 90631.4, 46.0763, 3.97506e+06
0.465567, 1889.22, 90613.1, 46.0763, 3.97508e+06
0.465607, 1888.97, 90594.8, 46.0763, 3.97511e+06
0.465648, 1888.73, 90576.5, 46.0763, 3.97516e+06
0.465688, 1888.48, 90558.2, 46.0763, 3.97523e+06
0.465728, 1888.23, 90540, 46.0763, 3.97529e+06
0.465768, 1887.99, 90521.8, 46.0763, 3.97537e+06
0.465808, 1887.74, 90503.7, 46.0763, 3.97544e+06
0.465849, 1887.49, 90485.5, 46.0763, 3.9755e+06
0.465889, 1887.24, 90467.4, 46.0763, 3.97555e+06
0.465929, 1887, 90449.3, 46.0763, 3.97559e+06
0.465969, 1886.75, 90431.3, 46.0763, 3.97561e+06
0.466009, 1886.51, 90413.3, 46.0763, 3.97563e+06
0.46605, 1886.26, 90395.3, 46.0763, 3.97563e+06
0.46609, 1886.01, 90377.3, 46.0763, 3.97561e+06
0.46613, 1885.77, 90359.4, 46.0763, 3.97559e+06
0.46617, 1885.52, 90341.4, 46.0763, 3.97557e+06
0.466211, 1885.28, 90323.6, 46.0763, 3.97553e+06
0.466251, 1885.03, 90305.7, 46.0763, 3.9755e+06
0.466291, 1884.79, 90287.9, 46.0763, 3.97547e+06
0.466331, 1884.54, 90270.1, 46.0763, 3.97543e+06
0.466371, 1884.3, 90252.4, 46.0763, 3.97539e+06
0.466412, 1884.05, 90234.7, 46.0763, 3.97536e+06
0.466452, 1883.81, 90217, 46.0763, 3.97533e+06
0.466492, 1883.57, 90199.3, 46.0763, 3.97529e+06
0.466532, 1883.32, 90181.7, 46.0763, 3.97526e+06
0.466572, 1883.08, 90164.1, 46.0763, 3.97524e+06
0.466613, 1882.83, 90146.5, 46.0763, 3.97521e+06
0.466653, 1882.59, 90129, 46.0763, 3.9752e+06
0.466693, 1882.35, 90111.5, 46.0763, 3.97518e+06
0.466733, 1882.1, 90094, 46.0763, 3.97518e+06
0.466773, 1881.86, 90076.5, 46.0763, 3.97518e+06
0.466813, 1881.62, 90059.1, 46.0763, 3.97519e+06
0.466854, 1881.37, 90041.7, 46.0763, 3.9752e+06
0.466894, 1881.13, 90024.4, 46.0763, 3.97522e+06
0.466934, 1880.89, 90007, 46.0763, 3.97523e+06
0.466974, 1880.65, 89989.7, 46.0763, 3.97524e+06
0.467014, 1880.4, 89972.4, 46.0763, 3.97524e+06
0.467055, 1880.16, 89955.2, 46.0763, 3.97524e+06
0.467095, 1879.92, 89937.9, 46.0763, 3.97524e+06
0.467135, 1879.68, 89920.7, 46.0763, 3.97525e+06
0.467175, 1879.44, 89903.5, 46.0763, 3.97525e+06
0.467215, 1879.19, 89886.4, 46.0763, 3.97526e+06
0.467256, 1878.95, 89869.2, 46.0763, 3.97526e+06
0.467296, 1878.71, 89852.1, 46.0763, 3.97527e+06
0.467336, 1878.47, 89835.1, 46.0763, 3.97529e+06
0.467376, 1878.23, 89818, 46.0763, 3.9753e+06
0.467416, 1877.99, 89801, 46.0763, 3.97531e+06
0.467457, 1877.75, 89784, 46.0763, 3.97531e+06
0.467497, 1877.51, 89767.1, 46.0763, 3.97532e+06
0.467537, 1877.27, 89750.1, 46.0763, 3.97532e+06
0.467577, 1877.03, 89733.2, 46.0763, 3.97532e+06
0.467617, 1876.79, 89716.4, 46.0763, 3.97532e+06
0.467658, 1876.54, 89699.5, 46.0763, 3.97531e+06
0.467698, 1876.3, 89682.7, 46.0763, 3.97531e+06
0.467738, 1876.06, 89666, 46.0763, 3.97531e+06
0.467778, 1875.82, 89649.2, 46.0763, 3.97532e+06
0.467818, 1875.59, 89632.5, 46.0763, 3.97532e+06
0.467858, 1875.35, 89615.9, 46.0763, 3.97533e+06
0.467899, 1875.11, 89599.2, 46.0763, 3.97533e+06
0.467939, 1874.87, 89582.6, 46.0763, 3.97534e+06
0.467979, 1874.63, 89566, 46.0763, 3.97535e+06
0.468019, 1874.39, 89549.4, 46.0763, 3.97535e+06
0.468059, 1874.15, 89532.9, 46.0763, 3.97535e+06
0.4681, 1873.91, 89516.4, 46.0763, 3.97536e+06
0.46814, 1873.67, 89499.9, 46.0763, 3.97536e+06
0.46818, 1873.43, 89483.4, 46.0763, 3.97536e+06
0.46822, 1873.19, 89467, 46.0763, 3.97536e+06
0.46826, 1872.95, 89450.6, 46.0763, 3.97536e+06
0.4683, 1872.72, 89434.2, 46.0763, 3.97535e+06
0.468341, 1872.48, 89417.8, 46.0763, 3.97534e+06
0.468381, 1872.24, 89401.5, 46.0763, 3.97533e+06
0.468421, 1872, 89385.2, 46.0763, 3.97532e+06
0.468461, 1871.76, 89368.9, 46.0763, 3.97531e+06
0.468501, 1871.53, 89352.6, 46.0763, 3.97529e+06
0.468541, 1871.29, 89336.4, 46.0763, 3.97528e+06
0.468582, 1871.05, 89320.2, 46.0763, 3.97527e+06
0.468622, 1870.81, 89304, 46.0763, 3.97526e+06
0.468662, 1870.58, 89287.9, 46.0763, 3.97526e+06
0.468702, 1870.34, 89271.8, 46.0763, 3.97526e+06
0.468742, 1870.1, 89255.7, 46.0763, 3.97526e+06
0.468783, 1869.86, 89239.7, 46.0763, 3.97528e+06
0.468823, 1869.63, 89223.6, 46.0763, 3.9753e+06
0.468863, 1869.39, 89207.6, 46.0763, 3.97532e+06
0.468903, 1869.15, 89191.7, 46.0763, 3.97535e+06
0.468943, 1868.92, 89175.7, 46.0763, 3.97538e+06
0.468983, 1868.68, 89159.8, 46.0763, 3.97541e+06
0.469024, 1868.45, 89143.9, 46.0763, 3.97545e+06
0.469064, 1868.21, 89128.1, 46.0763, 3.97548e+06
0.469104, 1867.97, 89112.2, 46.0763, 3.9755e+06
0.469144, 1867.74, 89096.4, 46.0763, 3.97551e+06
0.469184, 1867.5, 89080.6, 46.0763, 3.97552e+06
0.469224, 1867.27, 89064.9, 46.0763, 3.97552e+06
0.469265, 1867.03, 89049.2, 46.0763, 3.97551e+06
0.469305, 1866.8, 89033.5, 46.0763, 3.9755e+06
0.469345, 1866.56, 89017.8, 46.0763, 3.97548e+06
0.469385, 1866.33, 89002.2, 46.0763, 3.97547e+06
0.469425, 1866.09, 88986.6, 46.0763, 3.97545e+06
0.469465, 1865.86, 88971, 46.0763, 3.97544e+06
0.469506, 1865.62, 88955.4, 46.0763, 3.97543e+06
0.469546, 1865.39, 88939.9, 46.0763, 3.97544e+06
0.469586, 1865.16, 88924.4, 46.0763, 3.97544e+06
0.469626, 1864.92, 88909, 46.0763, 3.97545e+06
0.469666, 1864.69, 88893.5, 46.0763, 3.97546e+06
0.469706, 1864.45, 88878.1, 46.0763, 3.97547e+06
0.469747, 1864.22, 88862.7, 46.0763, 3.97547e+06
0.469787, 1863.99, 88847.4, 46.0763, 3.97548e+06
0.469827, 1863.75, 88832, 46.0763, 3.97547e+06
0.469867, 1863.52, 88816.7, 46.0763, 3.97547e+06
0.469907, 1863.29, 88801.5, 46.0763, 3.97546e+06
0.469948, 1863.05, 88786.2, 46.0763, 3.97544e+06
0.469988, 1862.82, 88771, 46.0763, 3.97543e+06
0.470028, 1862.59, 88755.8, 46.0763, 3.97541e+06
0.470068, 1862.35, 88740.7, 46.0763, 3.97538e+06
0.470108, 1862.12, 88725.6, 46.0763, 3.97536e+06
0.470148, 1861.89, 88710.5, 46.0763, 3.97533e+06
0.470189, 1861.66, 88695.4, 46.0763, 3.97529e+06
0.470229, 1861.42, 88680.4, 46.0763, 3.97524e+06
0.470269, 1861.19, 88665.4, 46.0763, 3.97519e+06
0.470309, 1860.96, 88650.4, 46.0763, 3.97514e+06
0.470349, 1860.73, 88635.4, 46.0763, 3.97508e+06
0.470389, 1860.5, 88620.5, 46.0763, 3.97502e+06
0.47043, 1860.26, 88605.6, 46.0763, 3.97497e+06
0.47047, 1860.03, 88590.7, 46.0763, 3.97493e+06
0.47051, 1859.8, 88575.9, 46.0763, 3.9749e+06
0.47055, 1859.57, 88561, 46.0763, 3.9749e+06
0.47059, 1859.34, 88546.2, 46.0763, 3.97492e+06
0.47063, 1859.11, 88531.5, 46.0763, 3.97496e+06
0.470671, 1858.88, 88516.7, 46.0763, 3.97502e+06
0.470711, 1858.65, 88502, 46.0763, 3.97509e+06
0.470751, 1858.42, 88487.3, 46.0763, 3.97517e+06
0.470791, 1858.19, 88472.6, 46.0763, 3.97526e+06
0.470831, 1857.96, 88458, 46.0763, 3.97534e+06
0.470872, 1857.73, 88443.3, 46.0763, 3.97541e+06
0.470912, 1857.5, 88428.8, 46.0763, 3.97547e+06
0.470952, 1857.27, 88414.2, 46.0763, 3.97552e+06
0.470992, 1857.04, 88399.7, 46.0763, 3.97555e+06
0.471032, 1856.81, 88385.2, 46.0763, 3.97557e+06
0.471072, 1856.58, 88370.7, 46.0763, 3.97556e+06
0.471113, 1856.35, 88356.3, 46.0763, 3.97554e+06
0.471153, 1856.12, 88341.9, 46.0763, 3.97551e+06
0.471193, 1855.89, 88327.5, 46.0763, 3.97547e+06
0.471233, 1855.66, 88313.1, 46.0763, 3.97543e+06
0.471273, 1855.44, 88298.8, 46.0763, 3.97538e+06
0.471313, 1855.21, 88284.5, 46.0763, 3.97534e+06
0.471354, 1854.98, 88270.2, 46.0763, 3.9753e+06
0.471394, 1854.75, 88256, 46.0763, 3.97527e+06
0.471434, 1854.52, 88241.8, 46.0763, 3.97524e+06
0.471474, 1854.29, 88227.6, 46.0763, 3.97523e+06
0.471514, 1854.07, 88213.4, 46.0763, 3.97523e+06
0.471554, 1853.84, 88199.3, 46.0763, 3.97524e+06
0.471594, 1853.61, 88185.2, 46.0763, 3.97525e+06
0.471635, 1853.38, 88171.1, 46.0763, 3.97528e+06
0.471675, 1853.16, 88157.1, 46.0763, 3.97531e+06
0.471715, 1852.93, 88143, 46.0763, 3.97534e+06
0.471755, 1852.7, 88129, 46.0763, 3.97537e+06
0.471795, 1852.48, 88115.1, 46.0763, 3.97541e+06
0.471835, 1852.25, 88101.1, 46.0763, 3.97543e+06
0.471876, 1852.02, 88087.2, 46.0763, 3.97546e+06
0.471916, 1851.8, 88073.3, 46.0763, 3.97547e+06
0.471956, 1851.57, 88059.5, 46.0763, 3.97547e+06
0.471996, 1851.35, 88045.7, 46.0763, 3.97547e+06
0.472036, 1851.12, 88031.9, 46.0763, 3.97545e+06
0.472076, 1850.89, 88018.1, 46.0763, 3.97543e+06
0.472117, 1850.67, 88004.4, 46.0763, 3.9754e+06
0.472157, 1850.44, 87990.6, 46.0763, 3.97536e+06
0.472197, 1850.22, 87977, 46.0763, 3.97533e+06
0.472237, 1849.99, 87963.3, 46.0763, 3.97529e+06
0.472277, 1849.77, 87949.7, 46.0763, 3.97526e+06
0.472317, 1849.54, 87936.1, 46.0763, 3.97524e+06
0.472357, 1849.32, 87922.5, 46.0763, 3.97522e+06
0.472398, 1849.09, 87908.9, 46.0763, 3.97521e+06
0.472438, 1848.87, 87895.4, 46.0763, 3.97521e+06
0.472478, 1848.65, 87881.9, 46.0763, 3.97521e+06
0.472518, 1848.42, 87868.4, 46.0763, 3.97522e+06
0.472558, 1848.2, 87855, 46.0763, 3.97524e+06
0.472598, 1847.97, 87841.6, 46.0763, 3.97527e+06
0.472639, 1847.75, 87828.2, 46.0763, 3.97531e+06
0.472679, 1847.53, 87814.9, 46.0763, 3.97536e+06
0.472719, 1847.3, 87801.5, 46.0763, 3.97542e+06
0.472759, 1847.08, 87788.2, 46.0763, 3.97549e+06
0.472799, 1846.85, 87775, 46.0763, 3.97555e+06
0.472839, 1846.63, 87761.7, 46.0763, 3.97562e+06
0.472879, 1846.41, 87748.5, 46.0763, 3.97568e+06
0.47292, 1846.18, 87735.3, 46.0763, 3.97573e+06
0.47296, 1845.96, 87722.2, 46.0763, 3.97576e+06
0.473, 1845.74, 87709, 46.0763, 3.97579e+06
0.47304, 1845.52, 87695.9, 46.0763, 3.97581e+06
0.47308, 1845.29, 87682.8, 46.0763, 3.9758e+06
0.47312, 1845.07, 87669.7, 46.0763, 3.97579e+06
0.473161, 1844.85, 87656.6, 46.0763, 3.97576e+06
0.473201, 1844.62, 87643.6, 46.0763, 3.97572e+06
0.473241, 1844.4, 87630.5, 46.0763, 3.97566e+06
0.473281, 1844.18, 87617.5, 46.0763, 3.9756e+06
0.473321, 1843.96, 87604.5, 46.0763, 3.97553e+06
0.473361, 1843.74, 87591.6, 46.0763, 3.97546e+06
0.473401, 1843.51, 87578.7, 46.0763, 3.97539e+06
0.473442, 1843.29, 87565.8, 46.0763, 3.97533e+06
0.473482, 1843.07, 87552.9, 46.0763, 3.97527e+06
0.473522, 1842.85, 87540.1, 46.0763, 3.97523e+06
0.473562, 1842.63, 87527.3, 46.0763, 3.9752e+06
0.473602, 1842.41, 87514.5, 46.0763, 3.97518e+06
0.473642, 1842.19, 87501.8, 46.0763, 3.97518e+06
0.473683, 1841.96, 87489.1, 46.0763, 3.97519e+06
0.473723, 1841.74, 87476.5, 46.0763, 3.9752e+06
0.473763, 1841.52, 87463.9, 46.0763, 3.97522e+06
0.473803, 1841.3, 87451.2, 46.0763, 3.97524e+06
0.473843, 1841.08, 87438.7, 46.0763, 3.97527e+06
0.473883, 1840.86, 87426.1, 46.0763, 3.97529e+06
0.473923, 1840.64, 87413.6, 46.0763, 3.97532e+06
0.473964, 1840.42, 87401.1, 46.0763, 3.97535e+06
0.474004, 1840.2, 87388.7, 46.0763, 3.97537e+06
0.474044, 1839.98, 87376.2, 46.0763, 3.97539e+06
0.474084, 1839.76, 87363.8, 46.0763, 3.97541e+06
0.474124, 1839.54, 87351.5, 46.0763, 3.97541e+06
0.474164, 1839.32, 87339.1, 46.0763, 3.97542e+06
0.474205, 1839.1, 87326.8, 46.0763, 3.97541e+06
0.474245, 1838.88, 87314.5, 46.0763, 3.9754e+06
0.474285, 1838.66, 87302.2, 46.0763, 3.97538e+06
0.474325, 1838.44, 87290, 46.0763, 3.97536e+06
0.474365, 1838.22, 87277.7, 46.0763, 3.97533e+06
0.474405, 1838, 87265.5, 46.0763, 3.9753e+06
0.474445, 1837.78, 87253.3, 46.0763, 3.97527e+06
0.474486, 1837.56, 87241.2, 46.0763, 3.97524e+06
0.474526, 1837.34, 87229, 46.0763, 3.97521e+06
0.474566, 1837.13, 87216.9, 46.0763, 3.97518e+06
0.474606, 1836.91, 87204.8, 46.0763, 3.97517e+06
0.474646, 1836.69, 87192.7, 46.0763, 3.97516e+06
0.474686, 1836.47, 87180.7, 46.0763, 3.97516e+06
0.474727, 1836.25, 87168.7, 46.0763, 3.97517e+06
0.474767, 1836.03, 87156.7, 46.0763, 3.97519e+06
0.474807, 1835.81, 87144.7, 46.0763, 3.97522e+06
0.474847, 1835.6, 87132.8, 46.0763, 3.97525e+06
0.474887, 1835.38, 87120.9, 46.0763, 3.97529e+06
0.474927, 1835.16, 87109, 46.0763, 3.97533e+06
0.474968, 1834.94, 87097.1, 46.0763, 3.97538e+06
0.475008, 1834.72, 87085.3, 46.0763, 3.97541e+06
0.475048, 1834.51, 87073.4, 46.0763, 3.97545e+06
0.475088, 1834.29, 87061.6, 46.0763, 3.97548e+06
0.475128, 1834.07, 87049.9, 46.0763, 3.97551e+06
0.475168, 1833.85, 87038.2, 46.0763, 3.97553e+06
0.475208, 1833.64, 87026.5, 46.0763, 3.97555e+06
0.475249, 1833.42, 87014.8, 46.0763, 3.97557e+06
0.475289, 1833.2, 87003.1, 46.0763, 3.97559e+06
0.475329, 1832.98, 86991.5, 46.0763, 3.97561e+06
0.475369, 1832.77, 86980, 46.0763, 3.97562e+06
0.475409, 1832.55, 86968.4, 46.0763, 3.97562e+06
0.475449, 1832.33, 86956.9, 46.0763, 3.97562e+06
0.47549, 1832.12, 86945.4, 46.0763, 3.97561e+06
0.47553, 1831.9, 86933.9, 46.0763, 3.9756e+06
0.47557, 1831.69, 86922.5, 46.0763, 3.97558e+06
0.47561, 1831.47, 86911.1, 46.0763, 3.97555e+06
0.47565, 1831.25, 86899.8, 46.0763, 3.97552e+06
0.47569, 1831.04, 86888.4, 46.0763, 3.97549e+06
0.47573, 1830.82, 86877.1, 46.0763, 3.97545e+06
0.475771, 1830.61, 86865.8, 46.0763, 3.97542e+06
0.475811, 1830.39, 86854.6, 46.0763, 3.97538e+06
0.475851, 1830.17, 86843.3, 46.0763, 3.97534e+06
0.475891, 1829.96, 86832.1, 46.0763, 3.9753e+06
0.475931, 1829.74, 86820.9, 46.0763, 3.97525e+06
0.475971, 1829.53, 86809.7, 46.0763, 3.97521e+06
0.476011, 1829.31, 86798.6, 46.0763, 3.97517e+06
0.476052, 1829.1, 86787.4, 46.0763, 3.97514e+06
0.476092, 1828.88, 86776.3, 46.0763, 3.97512e+06
0.476132, 1828.67, 86765.2, 46.0763, 3.97511e+06
0.476172, 1828.46, 86754.2, 46.0763, 3.97512e+06
0.476212, 1828.24, 86743.1, 46.0763, 3.97514e+06
0.476252, 1828.03, 86732.1, 46.0763, 3.97516e+06
0.476293, 1827.81, 86721, 46.0763, 3.9752e+06
0.476333, 1827.6, 86710, 46.0763, 3.97525e+06
0.476373, 1827.38, 86699.1, 46.0763, 3.97529e+06
0.476413, 1827.17, 86688.1, 46.0763, 3.97534e+06
0.476453, 1826.96, 86677.2, 46.0763, 3.9754e+06
0.476493, 1826.74, 86666.3, 46.0763, 3.97545e+06
0.476533, 1826.53, 86655.4, 46.0763, 3.9755e+06
0.476574, 1826.31, 86644.6, 46.0763, 3.97555e+06
0.476614, 1826.1, 86633.8, 46.0763, 3.97559e+06
0.476654, 1825.89, 86623, 46.0763, 3.97562e+06
0.476694, 1825.67, 86612.2, 46.0763, 3.97564e+06
0.476734, 1825.46, 86601.5, 46.0763, 3.97566e+06
0.476774, 1825.25, 86590.8, 46.0763, 3.97566e+06
0.476814, 1825.04, 86580.1, 46.0763, 3.97566e+06
0.476855, 1824.82, 86569.5, 46.0763, 3.97565e+06
0.476895, 1824.61, 86558.8, 46.0763, 3.97564e+06
0.476935, 1824.4, 86548.2, 46.0763, 3.97561e+06
0.476975, 1824.18, 86537.7, 46.0763, 3.97558e+06
0.477015, 1823.97, 86527.2, 46.0763, 3.97553e+06
0.477055, 1823.76, 86516.7, 46.0763, 3.97549e+06
0.477095, 1823.55, 86506.2, 46.0763, 3.97543e+06
0.477136, 1823.34, 86495.7, 46.0763, 3.97537e+06
0.477176, 1823.12, 86485.3, 46.0763, 3.97532e+06
0.477216, 1822.91, 86474.8, 46.0763, 3.97527e+06
0.477256, 1822.7, 86464.5, 46.0763, 3.97522e+06
0.477296, 1822.49, 86454.1, 46.0763, 3.97517e+06
0.477336, 1822.28, 86443.7, 46.0763, 3.97512e+06
0.477377, 1822.06, 86433.4, 46.0763, 3.97508e+06
0.477417, 1821.85, 86423.1, 46.0763, 3.97503e+06
0.477457, 1821.64, 86412.8, 46.0763, 3.97499e+06
0.477497, 1821.43, 86402.5, 46.0763, 3.97495e+06
0.477537, 1821.22, 86392.2, 46.0763, 3.97492e+06
0.477577, 1821.01, 86382, 46.0763, 3.97489e+06
0.477617, 1820.8, 86371.8, 46.0763, 3.97488e+06
0.477658, 1820.58, 86361.6, 46.0763, 3.97489e+06
0.477698, 1820.37, 86351.4, 46.0763, 3.9749e+06
0.477738, 1820.16, 86341.3, 46.0763, 3.97494e+06
0.477778, 1819.95, 86331.1, 46.0763, 3.97498e+06
0.477818, 1819.74, 86321, 46.0763, 3.97504e+06
0.477858, 1819.53, 86310.9, 46.0763, 3.97509e+06
0.477898, 1819.32, 86300.9, 46.0763, 3.97514e+06
0.477939, 1819.11, 86290.8, 46.0763, 3.97519e+06
0.477979, 1818.9, 86280.8, 46.0763, 3.97523e+06
0.478019, 1818.69, 86270.7, 46.0763, 3.97527e+06
0.478059, 1818.48, 86260.7, 46.0763, 3.9753e+06
0.478099, 1818.27, 86250.8, 46.0763, 3.97532e+06
0.478139, 1818.05, 86240.8, 46.0763, 3.97535e+06
0.47818, 1817.84, 86230.9, 46.0763, 3.97538e+06
0.47822, 1817.63, 86221, 46.0763, 3.9754e+06
0.47826, 1817.42, 86211.1, 46.0763, 3.97542e+06
0.4783, 1817.21, 86201.2, 46.0763, 3.97544e+06
0.47834, 1817, 86191.3, 46.0763, 3.97546e+06
0.47838, 1816.79, 86181.5, 46.0763, 3.97548e+06
0.47842, 1816.58, 86171.6, 46.0763, 3.97549e+06
0.478461, 1816.37, 86161.8, 46.0763, 3.9755e+06
0.478501, 1816.16, 86152, 46.0763, 3.9755e+06
0.478541, 1815.95, 86142.2, 46.0763, 3.97549e+06
0.478581, 1815.74, 86132.5, 46.0763, 3.97547e+06
0.478621, 1815.53, 86122.7, 46.0763, 3.97545e+06
0.478661, 1815.32, 86113, 46.0763, 3.97542e+06
0.478701, 1815.11, 86103.3, 46.0763, 3.97539e+06
0.478742, 1814.91, 86093.6, 46.0763, 3.97536e+06
0.478782, 1814.7, 86083.9, 46.0763, 3.97533e+06
0.478822, 1814.49, 86074.3, 46.0763, 3.97531e+06
0.478862, 1814.28, 86064.7, 46.0763, 3.97529e+06
0.478902, 1814.07, 86055.1, 46.0763, 3.97527e+06
0.478942, 1813.86, 86045.5, 46.0763, 3.97526e+06
0.478983, 1813.65, 86035.9, 46.0763, 3.97524e+06
0.479023, 1813.44, 86026.4, 46.0763, 3.97524e+06
0.479063, 1813.23, 86016.9, 46.0763, 3.97523e+06
0.479103, 1813.02, 86007.4, 46.0763, 3.97524e+06
0.479143, 1812.81, 85997.9, 46.0763, 3.97527e+06
0.479183, 1812.6, 85988.4, 46.0763, 3.9753e+06
0.479223, 1812.39, 85978.9, 46.0763, 3.97535e+06
0.479264, 1812.18, 85969.5, 46.0763, 3.9754e+06
0.479304, 1811.97, 85960, 46.0763, 3.97547e+06
0.479344, 1811.77, 85950.6, 46.0763, 3.97554e+06
0.479384, 1811.56, 85941.2, 46.0763, 3.9756e+06
0.479424, 1811.35, 85931.8, 46.0763, 3.97567e+06
0.479464, 1811.14, 85922.4, 46.0763, 3.97572e+06
0.479505, 1810.93, 85913, 46.0763, 3.97577e+06
0.479545, 1810.72, 85903.7, 46.0763, 3.9758e+06
0.479585, 1810.51, 85894.3, 46.0763, 3.97581e+06
0.479625, 1810.3, 85885, 46.0763, 3.97581e+06
0.479665, 1810.1, 85875.7, 46.0763, 3.97579e+06
0.479705, 1809.89, 85866.4, 46.0763, 3.97576e+06
0.479745, 1809.68, 85857.2, 46.0763, 3.97571e+06
0.479786, 1809.47, 85847.9, 46.0763, 3.97566e+06
0.479826, 1809.26, 85838.7, 46.0763, 3.9756e+06
0.479866, 1809.06, 85829.5, 46.0763, 3.97554e+06
0.479906, 1808.85, 85820.3, 46.0763, 3.97547e+06
0.479946, 1808.64, 85811.1, 46.0763, 3.97539e+06
0.479986, 1808.43, 85801.9, 46.0763, 3.97531e+06
0.480027, 1808.22, 85792.8, 46.0763, 3.97524e+06
0.480067, 1808.02, 85783.7, 46.0763, 3.97517e+06
0.480107, 1807.81, 85774.6, 46.0763, 3.97512e+06
0.480147, 1807.6, 85765.5, 46.0763, 3.97508e+06
0.480187, 1807.39, 85756.5, 46.0763, 3.97506e+06
0.480227, 1807.19, 85747.4, 46.0763, 3.97506e+06
0.480267, 1806.98, 85738.4, 46.0763, 3.97508e+06
0.480308, 1806.77, 85729.4, 46.0763, 3.9751e+06
0.480348, 1806.57, 85720.4, 46.0763, 3.97513e+06
0.480388, 1806.36, 85711.5, 46.0763, 3.97517e+06
0.480428, 1806.15, 85702.6, 46.0763, 3.97521e+06
0.480468, 1805.95, 85693.6, 46.0763, 3.97526e+06
0.480508, 1805.74, 85684.7, 46.0763, 3.97532e+06
0.480549, 1805.53, 85675.8, 46.0763, 3.97538e+06
0.480589, 1805.33, 85667, 46.0763, 3.97544e+06
0.480629, 1805.12, 85658.1, 46.0763, 3.97551e+06
0.480669, 1804.91, 85649.3, 46.0763, 3.97557e+06
0.480709, 1804.71, 85640.4, 46.0763, 3.97562e+06
0.480749, 1804.5, 85631.6, 46.0763, 3.97568e+06
0.480789, 1804.3, 85622.9, 46.0763, 3.97573e+06
0.48083, 1804.09, 85614.1, 46.0763, 3.97576e+06
0.48087, 1803.88, 85605.3, 46.0763, 3.97579e+06
0.48091, 1803.68, 85596.6, 46.0763, 3.97581e+06
0.48095, 1803.47, 85587.9, 46.0763, 3.97581e+06
0.48099, 1803.27, 85579.2, 46.0763, 3.9758e+06
0.48103, 1803.06, 85570.5, 46.0763, 3.97578e+06
0.481071, 1802.85, 85561.8, 46.0763, 3.97575e+06
0.481111, 1802.65, 85553.2, 46.0763, 3.97571e+06
0.481151, 1802.44, 85544.5, 46.0763, 3.97566e+06
0.481191, 1802.24, 85535.9, 46.0763, 3.9756e+06
0.481231, 1802.03, 85527.3, 46.0763, 3.97554e+06
0.481271, 1801.83, 85518.7, 46.0763, 3.97548e+06
0.481311, 1801.62, 85510.2, 46.0763, 3.97542e+06
0.481352, 1801.42, 85501.6, 46.0763, 3.97537e+06
0.481392, 1801.21, 85493.1, 46.0763, 3.97534e+06
0.481432, 1801.01, 85484.6, 46.0763, 3.97533e+06
0.481472, 1800.8, 85476.1, 46.0763, 3.97533e+06
0.481512, 1800.6, 85467.6, 46.0763, 3.97534e+06
0.481552, 1800.39, 85459.2, 46.0763, 3.97536e+06
0.481593, 1800.19, 85450.7, 46.0763, 3.97537e+06
0.481633, 1799.99, 85442.3, 46.0763, 3.97538e+06
0.481673, 1799.78, 85433.9, 46.0763, 3.97538e+06
0.481713, 1799.58, 85425.6, 46.0763, 3.97538e+06
0.481753, 1799.37, 85417.2, 46.0763, 3.97538e+06
0.481793, 1799.17, 85408.9, 46.0763, 3.97539e+06
0.481833, 1798.96, 85400.6, 46.0763, 3.97538e+06
0.481874, 1798.76, 85392.3, 46.0763, 3.97537e+06
0.481914, 1798.56, 85384.1, 46.0763, 3.97535e+06
0.481954, 1798.35, 85375.8, 46.0763, 3.97531e+06
0.481994, 1798.15, 85367.6, 46.0763, 3.97526e+06
0.482034, 1797.95, 85359.4, 46.0763, 3.9752e+06
0.482074, 1797.74, 85351.3, 46.0763, 3.97514e+06
0.482115, 1797.54, 85343.1, 46.0763, 3.97508e+06
0.482155, 1797.34, 85334.9, 46.0763, 3.97502e+06
0.482195, 1797.13, 85326.8, 46.0763, 3.97497e+06
0.482235, 1796.93, 85318.7, 46.0763, 3.97493e+06
0.482275, 1796.73, 85310.6, 46.0763, 3.97491e+06
0.482315, 1796.52, 85302.5, 46.0763, 3.97489e+06
0.482355, 1796.32, 85294.5, 46.0763, 3.97489e+06
0.482396, 1796.12, 85286.5, 46.0763, 3.9749e+06
0.482436, 1795.91, 85278.4, 46.0763, 3.97492e+06
0.482476, 1795.71, 85270.4, 46.0763, 3.97494e+06
0.482516, 1795.51, 85262.4, 46.0763, 3.97499e+06
0.482556, 1795.3, 85254.4, 46.0763, 3.97504e+06
0.482596, 1795.1, 85246.5, 46.0763, 3.97509e+06
0.482637, 1794.9, 85238.5, 46.0763, 3.97515e+06
0.482677, 1794.7, 85230.6, 46.0763, 3.97521e+06
0.482717, 1794.49, 85222.7, 46.0763, 3.97526e+06
0.482757, 1794.29, 85214.8, 46.0763, 3.9753e+06
0.482797, 1794.09, 85206.9, 46.0763, 3.97534e+06
0.482837, 1793.89, 85199, 46.0763, 3.97537e+06
0.482877, 1793.68, 85191.1, 46.0763, 3.97538e+06
0.482918, 1793.48, 85183.2, 46.0763, 3.97538e+06
0.482958, 1793.28, 85175.4, 46.0763, 3.97537e+06
0.482998, 1793.08, 85167.5, 46.0763, 3.97535e+06
0.483038, 1792.87, 85159.7, 46.0763, 3.97533e+06
0.483078, 1792.67, 85151.9, 46.0763, 3.9753e+06
0.483118, 1792.47, 85144.1, 46.0763, 3.97527e+06
0.483159, 1792.27, 85136.4, 46.0763, 3.97523e+06
0.483199, 1792.07, 85128.6, 46.0763, 3.9752e+06
0.483239, 1791.86, 85120.9, 46.0763, 3.97516e+06
0.483279, 1791.66, 85113.1, 46.0763, 3.97513e+06
0.483319, 1791.46, 85105.5, 46.0763, 3.97509e+06
0.483359, 1791.26, 85097.8, 46.0763, 3.97506e+06
0.4834, 1791.06, 85090.1, 46.0763, 3.97503e+06
0.48344, 1790.85, 85082.4, 46.0763, 3.97501e+06
0.48348, 1790.65, 85074.8, 46.0763, 3.97501e+06
0.48352, 1790.45, 85067.2, 46.0763, 3.97502e+06
0.48356, 1790.25, 85059.6, 46.0763, 3.97504e+06
0.4836, 1790.05, 85052, 46.0763, 3.97507e+06
0.483641, 1789.85, 85044.5, 46.0763, 3.97511e+06
0.483681, 1789.64, 85036.9, 46.0763, 3.97517e+06
0.483721, 1789.44, 85029.4, 46.0763, 3.97522e+06
0.483761, 1789.24, 85021.9, 46.0763, 3.97528e+06
0.483801, 1789.04, 85014.4, 46.0763, 3.97533e+06
0.483841, 1788.84, 85006.9, 46.0763, 3.97539e+06
0.483882, 1788.64, 84999.4, 46.0763, 3.97543e+06
0.483922, 1788.43, 84992, 46.0763, 3.97548e+06
0.483962, 1788.23, 84984.5, 46.0763, 3.97553e+06
0.484002, 1788.03, 84977.1, 46.0763, 3.97558e+06
0.484042, 1787.83, 84969.7, 46.0763, 3.97563e+06
0.484082, 1787.63, 84962.2, 46.0763, 3.97568e+06
0.484123, 1787.43, 84954.8, 46.0763, 3.97573e+06
0.484163, 1787.23, 84947.5, 46.0763, 3.97577e+06
0.484203, 1787.03, 84940.1, 46.0763, 3.9758e+06
0.484243, 1786.82, 84932.8, 46.0763, 3.97582e+06
0.484283, 1786.62, 84925.4, 46.0763, 3.97584e+06
0.484323, 1786.42, 84918.1, 46.0763, 3.97585e+06
0.484364, 1786.22, 84910.8, 46.0763, 3.97586e+06
0.484404, 1786.02, 84903.6, 46.0763, 3.97587e+06
0.484444, 1785.82, 84896.3, 46.0763, 3.97587e+06
0.484484, 1785.62, 84889.1, 46.0763, 3.97587e+06
0.484524, 1785.42, 84881.9, 46.0763, 3.97586e+06
0.484564, 1785.22, 84874.7, 46.0763, 3.97585e+06
0.484605, 1785.02, 84867.5, 46.0763, 3.97582e+06
0.484645, 1784.81, 84860.3, 46.0763, 3.97579e+06
0.484685, 1784.61, 84853.1, 46.0763, 3.97576e+06
0.484725, 1784.41, 84846, 46.0763, 3.97572e+06
0.484765, 1784.21, 84838.8, 46.0763, 3.97568e+06
0.484805, 1784.01, 84831.7, 46.0763, 3.97563e+06
0.484846, 1783.81, 84824.6, 46.0763, 3.97559e+06
0.484886, 1783.61, 84817.5, 46.0763, 3.97554e+06
0.484926, 1783.41, 84810.4, 46.0763, 3.9755e+06
0.484966, 1783.21, 84803.3, 46.0763, 3.97545e+06
0.485006, 1783.01, 84796.2, 46.0763, 3.9754e+06
0.485046, 1782.81, 84789.2, 46.0763, 3.97536e+06
0.485087, 1782.61, 84782.2, 46.0763, 3.97533e+06
0.485127, 1782.41, 84775.1, 46.0763, 3.97531e+06
0.485167, 1782.21, 84768.1, 46.0763, 3.9753e+06
0.485207, 1782.01, 84761.1, 46.0763, 3.9753e+06
0.485247, 1781.81, 84754.1, 46.0763, 3.97531e+06
0.485287, 1781.6, 84747.1, 46.0763, 3.97534e+06
0.485328, 1781.4, 84740.2, 46.0763, 3.97537e+06
0.485368, 1781.2, 84733.2, 46.0763, 3.97539e+06
0.485408, 1781, 84726.3, 46.0763, 3.97541e+06
0.485448, 1780.8, 84719.3, 46.0763, 3.97542e+06
0.485488, 1780.6, 84712.4, 46.0763, 3.97541e+06
0.485528, 1780.4, 84705.5, 46.0763, 3.97539e+06
0.485569, 1780.2, 84698.6, 46.0763, 3.97536e+06
0.485609, 1780, 84691.8, 46.0763, 3.97532e+06
0.485649, 1779.8, 84684.9, 46.0763, 3.97529e+06
0.485689, 1779.6, 84678.1, 46.0763, 3.97524e+06
0.485729, 1779.4, 84671.3, 46.0763, 3.9752e+06
0.485769, 1779.2, 84664.4, 46.0763, 3.97516e+06
0.48581, 1779, 84657.7, 46.0763, 3.97513e+06
0.48585, 1778.81, 84650.9, 46.0763, 3.9751e+06
0.48589, 1778.61, 84644.1, 46.0763, 3.97509e+06
0.48593, 1778.41, 84637.4, 46.0763, 3.97509e+06
0.48597, 1778.21, 84630.7, 46.0763, 3.97511e+06
0.48601, 1778.01, 84624, 46.0763, 3.97514e+06
0.48605, 1777.81, 84617.3, 46.0763, 3.97518e+06
0.486091, 1777.61, 84610.7, 46.0763, 3.97522e+06
0.486131, 1777.41, 84604, 46.0763, 3.97526e+06
0.486171, 1777.21, 84597.4, 46.0763, 3.9753e+06
0.486211, 1777.01, 84590.8, 46.0763, 3.97534e+06
0.486251, 1776.81, 84584.2, 46.0763, 3.97537e+06
0.486291, 1776.61, 84577.6, 46.0763, 3.9754e+06
0.486332, 1776.41, 84571, 46.0763, 3.97545e+06
0.486372, 1776.21, 84564.4, 46.0763, 3.97547e+06
0.486412, 1776.02, 84557.8, 46.0763, 3.97548e+06
0.486452, 1775.82, 84551.2, 46.0763, 3.97549e+06
0.486492, 1775.62, 84544.7, 46.0763, 3.97549e+06
0.486532, 1775.42, 84538.1, 46.0763, 3.97547e+06
0.486573, 1775.22, 84531.6, 46.0763, 3.97544e+06
0.486613, 1775.02, 84525, 46.0763, 3.97542e+06
0.486653, 1774.82, 84518.5, 46.0763, 3.97541e+06
0.486693, 1774.62, 84512, 46.0763, 3.97541e+06
0.486733, 1774.43, 84505.5, 46.0763, 3.9754e+06
0.486774, 1774.23, 84499, 46.0763, 3.9754e+06
0.486814, 1774.03, 84492.6, 46.0763, 3.97541e+06
0.486854, 1773.83, 84486.1, 46.0763, 3.97541e+06
0.486894, 1773.63, 84479.7, 46.0763, 3.97541e+06
0.486934, 1773.43, 84473.2, 46.0763, 3.97541e+06
0.486974, 1773.24, 84466.8, 46.0763, 3.97542e+06
0.487015, 1773.04, 84460.4, 46.0763, 3.97543e+06
0.487055, 1772.84, 84454, 46.0763, 3.97545e+06
0.487095, 1772.64, 84447.7, 46.0763, 3.97547e+06
0.487135, 1772.44, 84441.3, 46.0763, 3.97549e+06
0.487175, 1772.24, 84434.9, 46.0763, 3.97551e+06
0.487215, 1772.05, 84428.6, 46.0763, 3.97551e+06
0.487255, 1771.85, 84422.3, 46.0763, 3.97551e+06
0.487296, 1771.65, 84416, 46.0763, 3.97549e+06
0.487336, 1771.45, 84409.7, 46.0763, 3.97548e+06
0.487376, 1771.25, 84403.4, 46.0763, 3.97546e+06
0.487416, 1771.06, 84397.1, 46.0763, 3.97544e+06
0.487456, 1770.86, 84390.8, 46.0763, 3.97542e+06
0.487496, 1770.66, 84384.5, 46.0763, 3.97539e+06
0.487537, 1770.46, 84378.3, 46.0763, 3.97537e+06
0.487577, 1770.26, 84372, 46.0763, 3.97534e+06
0.487617, 1770.07, 84365.8, 46.0763, 3.97532e+06
0.487657, 1769.87, 84359.6, 46.0763, 3.97529e+06
0.487697, 1769.67, 84353.4, 46.0763, 3.97526e+06
0.487737, 1769.47, 84347.2, 46.0763, 3.97523e+06
0.487777, 1769.28, 84341, 46.0763, 3.9752e+06
0.487818, 1769.08, 84334.9, 46.0763, 3.97517e+06
0.487858, 1768.88, 84328.7, 46.0763, 3.97514e+06
0.487898, 1768.68, 84322.6, 46.0763, 3.97512e+06
0.487938, 1768.49, 84316.5, 46.0763, 3.9751e+06
0.487978, 1768.29, 84310.4, 46.0763, 3.97509e+06
0.488018, 1768.09, 84304.3, 46.0763, 3.97507e+06
0.488058, 1767.89, 84298.2, 46.0763, 3.97507e+06
0.488099, 1767.7, 84292.2, 46.0763, 3.97507e+06
0.488139, 1767.5, 84286.1, 46.0763, 3.97508e+06
0.488179, 1767.3, 84280.1, 46.0763, 3.9751e+06
0.488219, 1767.11, 84274.1, 46.0763, 3.97513e+06
0.488259, 1766.91, 84268.1, 46.0763, 3.97516e+06
0.488299, 1766.71, 84262.1, 46.0763, 3.97518e+06
0.488339, 1766.52, 84256.1, 46.0763, 3.9752e+06
0.488379, 1766.32, 84250.1, 46.0763, 3.97522e+06
0.48842, 1766.12, 84244.1, 46.0763, 3.97524e+06
0.48846, 1765.92, 84238.1, 46.0763, 3.97526e+06
0.4885, 1765.73, 84232.2, 46.0763, 3.97529e+06
0.48854, 1765.53, 84226.2, 46.0763, 3.97532e+06
0.48858, 1765.33, 84220.3, 46.0763, 3.97536e+06
0.48862, 1765.14, 84214.3, 46.0763, 3.97539e+06
0.48866, 1764.94, 84208.4, 46.0763, 3.97543e+06
0.4887, 1764.74, 84202.4, 46.0763, 3.97546e+06
0.488741, 1764.55, 84196.5, 46.0763, 3.97549e+06
0.488781, 1764.35, 84190.6, 46.0763, 3.97551e+06
0.488821, 1764.15, 84184.6, 46.0763, 3.97552e+06
0.488861, 1763.96, 84178.7, 46.0763, 3.97553e+06
0.488901, 1763.76, 84172.8, 46.0763, 3.97553e+06
0.488941, 1763.56, 84166.9, 46.0763, 3.97553e+06
0.488981, 1763.37, 84161, 46.0763, 3.97553e+06
0.489021, 1763.17, 84155.2, 46.0763, 3.97553e+06
0.489062, 1762.97, 84149.3, 46.0763, 3.97553e+06
0.489102, 1762.78, 84143.5, 46.0763, 3.97553e+06
0.489142, 1762.58, 84137.7, 46.0763, 3.97552e+06
0.489182, 1762.38, 84131.9, 46.0763, 3.97551e+06
0.489222, 1762.18, 84126.1, 46.0763, 3.97551e+06
0.489262, 1761.99, 84120.3, 46.0763, 3.97551e+06
0.489302, 1761.79, 84114.5, 46.0763, 3.9755e+06
0.489342, 1761.6, 84108.7, 46.0763, 3.9755e+06
0.489382, 1761.4, 84102.9, 46.0763, 3.9755e+06
0.489423, 1761.2, 84097.2, 46.0763, 3.9755e+06
0.489463, 1761.01, 84091.5, 46.0763, 3.97551e+06
0.489503, 1760.81, 84085.7, 46.0763, 3.97551e+06
0.489543, 1760.61, 84080, 46.0763, 3.97552e+06
0.489583, 1760.42, 84074.3, 46.0763, 3.97552e+06
0.489623, 1760.22, 84068.6, 46.0763, 3.97551e+06
0.489663, 1760.02, 84062.9, 46.0763, 3.9755e+06
0.489703, 1759.83, 84057.3, 46.0763, 3.9755e+06
0.489743, 1759.63, 84051.6, 46.0763, 3.97549e+06
0.489784, 1759.43, 84045.9, 46.0763, 3.97549e+06
0.489824, 1759.24, 84040.2, 46.0763, 3.97549e+06
0.489864, 1759.04, 84034.6, 46.0763, 3.97549e+06
0.489904, 1758.85, 84028.9, 46.0763, 3.9755e+06
0.489944, 1758.65, 84023.3, 46.0763, 3.97551e+06
0.489984, 1758.45, 84017.6, 46.0763, 3.97553e+06
0.490024, 1758.26, 84012, 46.0763, 3.97556e+06
0.490064, 1758.06, 84006.3, 46.0763, 3.97559e+06
0.490104, 1757.86, 84000.7, 46.0763, 3.97562e+06
0.490144, 1757.67, 83995.1, 46.0763, 3.97565e+06
0.490184, 1757.47, 83989.5, 46.0763, 3.97568e+06
0.490225, 1757.28, 83983.9, 46.0763, 3.97569e+06
0.490265, 1757.08, 83978.3, 46.0763, 3.97569e+06
0.490305, 1756.88, 83972.7, 46.0763, 3.97567e+06
0.490345, 1756.69, 83967.1, 46.0763, 3.97564e+06
0.490385, 1756.49, 83961.5, 46.0763, 3.97561e+06
0.490425, 1756.29, 83955.9, 46.0763, 3.97556e+06
0.490465, 1756.1, 83950.3, 46.0763, 3.97552e+06
0.490505, 1755.9, 83944.8, 46.0763, 3.97547e+06
0.490545, 1755.71, 83939.2, 46.0763, 3.97544e+06
0.490585, 1755.51, 83933.6, 46.0763, 3.97541e+06
0.490625, 1755.31, 83928.1, 46.0763, 3.97538e+06
0.490666, 1755.12, 83922.5, 46.0763, 3.97537e+06
0.490706, 1754.92, 83917, 46.0763, 3.97536e+06
0.490746, 1754.73, 83911.5, 46.0763, 3.97535e+06
0.490786, 1754.53, 83906, 46.0763, 3.97535e+06
0.490826, 1754.33, 83900.4, 46.0763, 3.97534e+06
0.490866, 1754.14, 83894.9, 46.0763, 3.97534e+06
0.490906, 1753.94, 83889.4, 46.0763, 3.97534e+06
0.490946, 1753.75, 83883.8, 46.0763, 3.97534e+06
0.490986, 1753.55, 83878.3, 46.0763, 3.97535e+06
0.491026, 1753.35, 83872.8, 46.0763, 3.97536e+06
0.491066, 1753.16, 83867.3, 46.0763, 3.97539e+06
0.491106, 1752.96, 83861.8, 46.0763, 3.97542e+06
0.491147, 1752.77, 83856.3, 46.0763, 3.97545e+06
0.491187, 1752.57, 83850.8, 46.0763, 3.97549e+06
0.491227, 1752.37, 83845.3, 46.0763, 3.97553e+06
0.491267, 1752.18, 83839.8, 46.0763, 3.97556e+06
0.491307, 1751.98, 83834.3, 46.0763, 3.97559e+06
0.491347, 1751.78, 83828.8, 46.0763, 3.97562e+06
0.491387, 1751.59, 83823.3, 46.0763, 3.97565e+06
0.491427, 1751.39, 83817.9, 46.0763, 3.97567e+06
0.491467, 1751.2, 83812.4, 46.0763, 3.97567e+06
0.491507, 1751, 83807, 46.0763, 3.97568e+06
0.491547, 1750.8, 83801.5, 46.0763, 3.97568e+06
0.491587, 1750.61, 83796.1, 46.0763, 3.97568e+06
0.491627, 1750.41, 83790.7, 46.0763, 3.97569e+06
0.491668, 1750.22, 83785.3, 46.0763, 3.97571e+06
0.491708, 1750.02, 83779.8, 46.0763, 3.97573e+06
0.491748, 1749.82, 83774.4, 46.0763, 3.97574e+06
0.491788, 1749.63, 83769, 46.0763, 3.97576e+06
0.491828, 1749.43, 83763.6, 46.0763, 3.97578e+06
0.491868, 1749.24, 83758.3, 46.0763, 3.9758e+06
0.491908, 1749.04, 83752.9, 46.0763, 3.97581e+06
0.491948, 1748.84, 83747.5, 46.0763, 3.97582e+06
0.491988, 1748.65, 83742.1, 46.0763, 3.97582e+06
0.492028, 1748.45, 83736.8, 46.0763, 3.97582e+06
0.492068, 1748.26, 83731.4, 46.0763, 3.97581e+06
0.492108, 1748.06, 83726, 46.0763, 3.97579e+06
0.492148, 1747.87, 83720.7, 46.0763, 3.97576e+06
0.492188, 1747.67, 83715.3, 46.0763, 3.97571e+06
0.492228, 1747.47, 83709.9, 46.0763, 3.97566e+06
0.492269, 1747.28, 83704.6, 46.0763, 3.97559e+06
0.492309, 1747.08, 83699.2, 46.0763, 3.9755e+06
0.492349, 1746.89, 83693.9, 46.0763, 3.97542e+06
0.492389, 1746.69, 83688.6, 46.0763, 3.97533e+06
0.492429, 1746.5, 83683.2, 46.0763, 3.97526e+06
0.492469, 1746.3, 83677.9, 46.0763, 3.97519e+06
0.492509, 1746.11, 83672.6, 46.0763, 3.97513e+06
0.492549, 1745.91, 83667.2, 46.0763, 3.97509e+06
0.492589, 1745.72, 83661.9, 46.0763, 3.97506e+06
0.492629, 1745.52, 83656.6, 46.0763, 3.97504e+06
0.492669, 1745.32, 83651.3, 46.0763, 3.97503e+06
0.492709, 1745.13, 83646, 46.0763, 3.97503e+06
0.492749, 1744.93, 83640.7, 46.0763, 3.97504e+06
0.492789, 1744.74, 83635.4, 46.0763, 3.97506e+06
0.492829, 1744.54, 83630.1, 46.0763, 3.97508e+06
0.492869, 1744.35, 83624.8, 46.0763, 3.97512e+06
0.49291, 1744.15, 83619.5, 46.0763, 3.97516e+06
0.49295, 1743.96, 83614.3, 46.0763, 3.97521e+06
0.49299, 1743.76, 83609, 46.0763, 3.97526e+06
0.49303, 1743.57, 83603.7, 46.0763, 3.9753e+06
0.49307, 1743.37, 83598.5, 46.0763, 3.97534e+06
0.49311, 1743.18, 83593.2, 46.0763, 3.97538e+06
0.49315, 1742.98, 83588, 46.0763, 3.97541e+06
0.49319, 1742.79, 83582.7, 46.0763, 3.97545e+06
0.49323, 1742.59, 83577.5, 46.0763, 3.97548e+06
0.49327, 1742.4, 83572.3, 46.0763, 3.9755e+06
0.49331, 1742.2, 83567, 46.0763, 3.97551e+06
0.49335, 1742.01, 83561.8, 46.0763, 3.97551e+06
0.49339, 1741.81, 83556.6, 46.0763, 3.97549e+06
0.49343, 1741.62, 83551.4, 46.0763, 3.97546e+06
0.49347, 1741.42, 83546.2, 46.0763, 3.97542e+06
0.49351, 1741.23, 83540.9, 46.0763, 3.97539e+06
0.49355, 1741.03, 83535.7, 46.0763, 3.97535e+06
0.493591, 1740.84, 83530.5, 46.0763, 3.97533e+06
0.493631, 1740.64, 83525.3, 46.0763, 3.97532e+06
0.493671, 1740.45, 83520.1, 46.0763, 3.97532e+06
0.493711, 1740.25, 83514.8, 46.0763, 3.97532e+06
0.493751, 1740.06, 83509.6, 46.0763, 3.97533e+06
0.493791, 1739.86, 83504.4, 46.0763, 3.97534e+06
0.493831, 1739.67, 83499.2, 46.0763, 3.97536e+06
0.493871, 1739.47, 83493.9, 46.0763, 3.97536e+06
0.493911, 1739.28, 83488.7, 46.0763, 3.97537e+06
0.493951, 1739.08, 83483.5, 46.0763, 3.97537e+06
0.493991, 1738.89, 83478.3, 46.0763, 3.97537e+06
0.494031, 1738.69, 83473.1, 46.0763, 3.97536e+06
0.494071, 1738.5, 83467.9, 46.0763, 3.97535e+06
0.494111, 1738.3, 83462.7, 46.0763, 3.97534e+06
0.494151, 1738.11, 83457.5, 46.0763, 3.97532e+06
0.494191, 1737.91, 83452.3, 46.0763, 3.97529e+06
0.494231, 1737.72, 83447.1, 46.0763, 3.97525e+06
0.494271, 1737.52, 83441.9, 46.0763, 3.97522e+06
0.494312, 1737.33, 83436.7, 46.0763, 3.97518e+06
0.494352, 1737.13, 83431.6, 46.0763, 3.97514e+06
0.494392, 1736.94, 83426.4, 46.0763, 3.97511e+06
0.494432, 1736.74, 83421.2, 46.0763, 3.97509e+06
0.494472, 1736.55, 83416, 46.0763, 3.97507e+06
0.494512, 1736.35, 83410.8, 46.0763, 3.97507e+06
0.494552, 1736.16, 83405.7, 46.0763, 3.97507e+06
0.494592, 1735.96, 83400.5, 46.0763, 3.97509e+06
0.494632, 1735.77, 83395.3, 46.0763, 3.97511e+06
0.494672, 1735.57, 83390.1, 46.0763, 3.97514e+06
0.494712, 1735.38, 83384.9, 46.0763, 3.97517e+06
0.494752, 1735.18, 83379.7, 46.0763, 3.9752e+06
0.494792, 1734.98, 83374.5, 46.0763, 3.97524e+06
0.494832, 1734.79, 83369.2, 46.0763, 3.97527e+06
0.494872, 1734.59, 83364, 46.0763, 3.9753e+06
0.494912, 1734.4, 83358.8, 46.0763, 3.97532e+06
0.494952, 1734.2, 83353.6, 46.0763, 3.97535e+06
0.494993, 1734.01, 83348.4, 46.0763, 3.97537e+06
0.495033, 1733.81, 83343.2, 46.0763, 3.9754e+06
0.495073, 1733.62, 83337.9, 46.0763, 3.97542e+06
0.495113, 1733.42, 83332.7, 46.0763, 3.97545e+06
0.495153, 1733.23, 83327.5, 46.0763, 3.97547e+06
0.495193, 1733.03, 83322.3, 46.0763, 3.97548e+06
0.495233, 1732.84, 83317.1, 46.0763, 3.97549e+06
0.495273, 1732.64, 83311.8, 46.0763, 3.97551e+06
0.495313, 1732.45, 83306.6, 46.0763, 3.97552e+06
0.495353, 1732.25, 83301.4, 46.0763, 3.97553e+06
0.495393, 1732.05, 83296.2, 46.0763, 3.97554e+06
0.495433, 1731.86, 83291, 46.0763, 3.97556e+06
0.495473, 1731.66, 83285.8, 46.0763, 3.97557e+06
0.495513, 1731.47, 83280.6, 46.0763, 3.97559e+06
0.495553, 1731.27, 83275.4, 46.0763, 3.97561e+06
0.495593, 1731.08, 83270.2, 46.0763, 3.97563e+06
0.495633, 1730.88, 83265, 46.0763, 3.97565e+06
0.495674, 1730.69, 83259.9, 46.0763, 3.97566e+06
0.495714, 1730.49, 83254.7, 46.0763, 3.97568e+06
0.495754, 1730.3, 83249.5, 46.0763, 3.97569e+06
0.495794, 1730.1, 83244.3, 46.0763, 3.97569e+06
0.495834, 1729.9, 83239.1, 46.0763, 3.97569e+06
0.495874, 1729.71, 83233.9, 46.0763, 3.97568e+06
0.495914, 1729.51, 83228.7, 46.0763, 3.97565e+06
0.495954, 1729.32, 83223.5, 46.0763, 3.97563e+06
0.495994, 1729.12, 83218.2, 46.0763, 3.97559e+06
0.496034, 1728.93, 83213, 46.0763, 3.97555e+06
0.496074, 1728.73, 83207.8, 46.0763, 3.97551e+06
0.496114, 1728.54, 83202.5, 46.0763, 3.97547e+06
0.496154, 1728.34, 83197.3, 46.0763, 3.97544e+06
0.496194, 1728.14, 83192, 46.0763, 3.9754e+06
0.496234, 1727.95, 83186.8, 46.0763, 3.97537e+06
0.496274, 1727.75, 83181.5, 46.0763, 3.97534e+06
0.496314, 1727.56, 83176.3, 46.0763, 3.97531e+06
0.496354, 1727.36, 83171, 46.0763, 3.97529e+06
0.496395, 1727.16, 83165.8, 46.0763, 3.97527e+06
0.496435, 1726.97, 83160.6, 46.0763, 3.97526e+06
0.496475, 1726.77, 83155.3, 46.0763, 3.97524e+06
0.496515, 1726.58, 83150.1, 46.0763, 3.97524e+06
0.496555, 1726.38, 83144.9, 46.0763, 3.97523e+06
0.496595, 1726.19, 83139.6, 46.0763, 3.97523e+06
0.496635, 1725.99, 83134.4, 46.0763, 3.97523e+06
0.496675, 1725.79, 83129.2, 46.0763, 3.97523e+06
0.496715, 1725.6, 83124, 46.0763, 3.97523e+06
0.496755, 1725.4, 83118.7, 46.0763, 3.97522e+06
0.496795, 1725.21, 83113.5, 46.0763, 3.97521e+06
0.496835, 1725.01, 83108.3, 46.0763, 3.9752e+06
0.496875, 1724.82, 83103.1, 46.0763, 3.97518e+06
0.496915, 1724.62, 83097.9, 46.0763, 3.97517e+06
0.496955, 1724.42, 83092.6, 46.0763, 3.97515e+06
0.496995, 1724.23, 83087.4, 46.0763, 3.97512e+06
0.497035, 1724.03, 83082.2, 46.0763, 3.9751e+06
0.497075, 1723.84, 83076.9, 46.0763, 3.97507e+06
0.497115, 1723.64, 83071.7, 46.0763, 3.97505e+06
0.497155, 1723.45, 83066.5, 46.0763, 3.97503e+06
0.497195, 1723.25, 83061.2, 46.0763, 3.97502e+06
0.497235, 1723.06, 83055.9, 46.0763, 3.97502e+06
0.497275, 1722.86, 83050.7, 46.0763, 3.97503e+06
0.497315, 1722.66, 83045.4, 46.0763, 3.97504e+06
0.497355, 1722.47, 83040.1, 46.0763, 3.97505e+06
0.497396, 1722.27, 83034.8, 46.0763, 3.97507e+06
0.497436, 1722.08, 83029.5, 46.0763, 3.97508e+06
0.497476, 1721.88, 83024.2, 46.0763, 3.9751e+06
0.497516, 1721.69, 83018.9, 46.0763, 3.97511e+06
0.497556, 1721.49, 83013.6, 46.0763, 3.97514e+06
0.497596, 1721.3, 83008.3, 46.0763, 3.97516e+06
0.497636, 1721.1, 83003, 46.0763, 3.97519e+06
0.497676, 1720.9, 82997.7, 46.0763, 3.97523e+06
0.497716, 1720.71, 82992.4, 46.0763, 3.97526e+06
0.497756, 1720.51, 82987.1, 46.0763, 3.9753e+06
0.497796, 1720.32, 82981.8, 46.0763, 3.97532e+06
0.497836, 1720.12, 82976.5, 46.0763, 3.97533e+06
0.497876, 1719.93, 82971.1, 46.0763, 3.97534e+06
0.497916, 1719.73, 82965.8, 46.0763, 3.97533e+06
0.497956, 1719.53, 82960.5, 46.0763, 3.97531e+06
0.497996, 1719.34, 82955.1, 46.0763, 3.97528e+06
0.498036, 1719.14, 82949.8, 46.0763, 3.97524e+06
0.498076, 1718.95, 82944.4, 46.0763, 3.9752e+06
0.498116, 1718.75, 82939.1, 46.0763, 3.97517e+06
0.498156, 1718.55, 82933.7, 46.0763, 3.97514e+06
0.498196, 1718.36, 82928.4, 46.0763, 3.97512e+06
0.498236, 1718.16, 82923, 46.0763, 3.9751e+06
0.498276, 1717.97, 82917.7, 46.0763, 3.9751e+06
0.498316, 1717.77, 82912.3, 46.0763, 3.9751e+06
0.498356, 1717.58, 82907, 46.0763, 3.9751e+06
0.498396, 1717.38, 82901.6, 46.0763, 3.97509e+06
0.498436, 1717.18, 82896.2, 46.0763, 3.97509e+06
0.498476, 1716.99, 82890.9, 46.0763, 3.97508e+06
0.498516, 1716.79, 82885.5, 46.0763, 3.97506e+06
0.498556, 1716.6, 82880.2, 46.0763, 3.97505e+06
0.498596, 1716.4, 82874.8, 46.0763, 3.97505e+06
0.498636, 1716.21, 82869.4, 46.0763, 3.97506e+06
0.498676, 1716.01, 82864, 46.0763, 3.97507e+06
0.498716, 1715.81, 82858.6, 46.0763, 3.97509e+06
0.498756, 1715.62, 82853.3, 46.0763, 3.97512e+06
0.498796, 1715.42, 82847.9, 46.0763, 3.97516e+06
0.498836, 1715.23, 82842.5, 46.0763, 3.9752e+06
0.498876, 1715.03, 82837.1, 46.0763, 3.97524e+06
0.498916, 1714.84, 82831.7, 46.0763, 3.97527e+06
0.498956, 1714.64, 82826.3, 46.0763, 3.9753e+06
0.498996, 1714.45, 82820.9, 46.0763, 3.97532e+06
0.499036, 1714.25, 82815.5, 46.0763, 3.97533e+06
0.499076, 1714.05, 82810.1, 46.0763, 3.97533e+06
0.499116, 1713.86, 82804.7, 46.0763, 3.97533e+06
0.499156, 1713.66, 82799.3, 46.0763, 3.97532e+06
0.499197, 1713.47, 82793.9, 46.0763, 3.97531e+06
0.499237, 1713.27, 82788.4, 46.0763, 3.9753e+06
0.499277, 1713.08, 82783, 46.0763, 3.97528e+06
0.499317, 1712.88, 82777.6, 46.0763, 3.97526e+06
0.499357, 1712.68, 82772.1, 46.0763, 3.97525e+06
0.499397, 1712.49, 82766.7, 46.0763, 3.97523e+06
0.499437, 1712.29, 82761.2, 46.0763, 3.97521e+06
0.499477, 1712.1, 82755.7, 46.0763, 3.97519e+06
0.499517, 1711.9, 82750.2, 46.0763, 3.97517e+06
0.499557, 1711.71, 82744.8, 46.0763, 3.97516e+06
0.499597, 1711.51, 82739.3, 46.0763, 3.97515e+06
0.499637, 1711.32, 82733.8, 46.0763, 3.97516e+06
0.499677, 1711.12, 82728.3, 46.0763, 3.97517e+06
0.499717, 1710.92, 82722.8, 46.0763, 3.97519e+06
0.499757, 1710.73, 82717.2, 46.0763, 3.97523e+06
0.499797, 1710.53, 82711.7, 46.0763, 3.97527e+06
0.499837, 1710.34, 82706.2, 46.0763, 3.97533e+06
0.499877, 1710.14, 82700.6, 46.0763, 3.97538e+06
0.499917, 1709.94, 82695.1, 46.0763, 3.97543e+06
0.499957, 1709.75, 82689.6, 46.0763, 3.97548e+06
0.499997, 1709.55, 82684, 46.0763, 3.97553e+06
0.500037, 1709.36, 82678.4, 46.0763, 3.97556e+06
0.500077, 1709.16, 82672.9, 46.0763, 3.97558e+06
0.500117, 1708.97, 82667.3, 46.0763, 3.97559e+06
0.500157, 1708.77, 82661.7, 46.0763, 3.97558e+06
0.500197, 1708.57, 82656.1, 46.0763, 3.97556e+06
0.500237, 1708.38, 82650.5, 46.0763, 3.97552e+06
0.500277, 1708.18, 82644.9, 46.0763, 3.97547e+06
0.500317, 1707.99, 82639.4, 46.0763, 3.97541e+06
0.500357, 1707.79, 82633.8, 46.0763, 3.97534e+06
0.500397, 1707.59, 82628.2, 46.0763, 3.97526e+06
0.500437, 1707.4, 82622.5, 46.0763, 3.97517e+06
0.500477, 1707.2, 82616.9, 46.0763, 3.9751e+06
0.500517, 1707, 82611.3, 46.0763, 3.97503e+06
0.500557, 1706.81, 82605.7, 46.0763, 3.97497e+06
0.500597, 1706.61, 82600.1, 46.0763, 3.97492e+06
0.500637, 1706.42, 82594.5, 46.0763, 3.9749e+06
0.500677, 1706.22, 82588.8, 46.0763, 3.9749e+06
0.500717, 1706.02, 82583.2, 46.0763, 3.97491e+06
0.500757, 1705.83, 82577.6, 46.0763, 3.97493e+06
0.500797, 1705.63, 82572, 46.0763, 3.97497e+06
0.500837, 1705.44, 82566.4, 46.0763, 3.97501e+06
0.500877, 1705.24, 82560.7, 46.0763, 3.97505e+06
0.500917, 1705.04, 82555.1, 46.0763, 3.9751e+06
0.500957, 1704.85, 82549.4, 46.0763, 3.97514e+06
0.500997, 1704.65, 82543.8, 46.0763, 3.97517e+06
0.501037, 1704.45, 82538.1, 46.0763, 3.9752e+06
0.501077, 1704.26, 82532.5, 46.0763, 3.97523e+06
0.501117, 1704.06, 82526.8, 46.0763, 3.97525e+06
0.501157, 1703.87, 82521.1, 46.0763, 3.97528e+06
0.501197, 1703.67, 82515.4, 46.0763, 3.9753e+06
0.501237, 1703.47, 82509.7, 46.0763, 3.97532e+06
0.501277, 1703.28, 82504, 46.0763, 3.97533e+06
0.501317, 1703.08, 82498.3, 46.0763, 3.97533e+06
0.501357, 1702.88, 82492.6, 46.0763, 3.97533e+06
0.501397, 1702.69, 82486.9, 46.0763, 3.97531e+06
0.501437, 1702.49, 82481.2, 46.0763, 3.97529e+06
0.501477, 1702.29, 82475.4, 46.0763, 3.97527e+06
0.501517, 1702.1, 82469.7, 46.0763, 3.97523e+06
0.501557, 1701.9, 82464, 46.0763, 3.9752e+06
0.501597, 1701.71, 82458.2, 46.0763, 3.97516e+06
0.501637, 1701.51, 82452.5, 46.0763, 3.97513e+06
0.501677, 1701.31, 82446.7, 46.0763, 3.9751e+06
0.501717, 1701.12, 82440.9, 46.0763, 3.97508e+06
0.501757, 1700.92, 82435.2, 46.0763, 3.97507e+06
0.501797, 1700.72, 82429.4, 46.0763, 3.97508e+06
0.501837, 1700.53, 82423.6, 46.0763, 3.97509e+06
0.501877, 1700.33, 82417.8, 46.0763, 3.9751e+06
0.501917, 1700.13, 82411.9, 46.0763, 3.97512e+06
0.501957, 1699.94, 82406.1, 46.0763, 3.97513e+06
0.501997, 1699.74, 82400.3, 46.0763, 3.97514e+06
0.502037, 1699.54, 82394.5, 46.0763, 3.97515e+06
0.502077, 1699.35, 82388.6, 46.0763, 3.97516e+06
0.502117, 1699.15, 82382.8, 46.0763, 3.97519e+06
0.502157, 1698.95, 82376.9, 46.0763, 3.97521e+06
0.502197, 1698.76, 82371.1, 46.0763, 3.97523e+06
0.502237, 1698.56, 82365.2, 46.0763, 3.97525e+06
0.502277, 1698.36, 82359.4, 46.0763, 3.97525e+06
0.502317, 1698.17, 82353.5, 46.0763, 3.97524e+06
0.502357, 1697.97, 82347.7, 46.0763, 3.97522e+06
0.502397, 1697.77, 82341.8, 46.0763, 3.97519e+06
0.502437, 1697.58, 82336, 46.0763, 3.97517e+06
0.502476, 1697.38, 82330.1, 46.0763, 3.97514e+06
0.502516, 1697.18, 82324.2, 46.0763, 3.97511e+06
0.502556, 1696.99, 82318.3, 46.0763, 3.97508e+06
0.502596, 1696.79, 82312.5, 46.0763, 3.97505e+06
0.502636, 1696.59, 82306.6, 46.0763, 3.97502e+06
0.502676, 1696.4, 82300.7, 46.0763, 3.97497e+06
0.502716, 1696.2, 82294.8, 46.0763, 3.97493e+06
0.502756, 1696, 82288.9, 46.0763, 3.97489e+06
0.502796, 1695.81, 82282.9, 46.0763, 3.97485e+06
0.502836, 1695.61, 82277, 46.0763, 3.97483e+06
0.502876, 1695.41, 82271.1, 46.0763, 3.97482e+06
0.502916, 1695.21, 82265.1, 46.0763, 3.97481e+06
0.502956, 1695.02, 82259.2, 46.0763, 3.97481e+06
0.502996, 1694.82, 82253.2, 46.0763, 3.97481e+06
0.503036, 1694.62, 82247.3, 46.0763, 3.97481e+06
0.503076, 1694.43, 82241.3, 46.0763, 3.97481e+06
0.503116, 1694.23, 82235.3, 46.0763, 3.97481e+06
0.503156, 1694.03, 82229.4, 46.0763, 3.97482e+06
0.503196, 1693.84, 82223.4, 46.0763, 3.97482e+06
0.503236, 1693.64, 82217.4, 46.0763, 3.97483e+06
0.503276, 1693.44, 82211.4, 46.0763, 3.97484e+06
0.503316, 1693.24, 82205.4, 46.0763, 3.97485e+06
0.503356, 1693.05, 82199.3, 46.0763, 3.97485e+06
0.503396, 1692.85, 82193.3, 46.0763, 3.97485e+06
0.503436, 1692.65, 82187.3, 46.0763, 3.97486e+06
0.503476, 1692.46, 82181.3, 46.0763, 3.97487e+06
0.503516, 1692.26, 82175.2, 46.0763, 3.97489e+06
0.503556, 1692.06, 82169.2, 46.0763, 3.97492e+06
0.503596, 1691.86, 82163.1, 46.0763, 3.97496e+06
0.503636, 1691.67, 82157.1, 46.0763, 3.97501e+06
0.503676, 1691.47, 82151, 46.0763, 3.97506e+06
0.503716, 1691.27, 82145, 46.0763, 3.97511e+06
0.503756, 1691.08, 82138.9, 46.0763, 3.97516e+06
0.503796, 1690.88, 82132.8, 46.0763, 3.97519e+06
0.503836, 1690.68, 82126.8, 46.0763, 3.97522e+06
0.503876, 1690.49, 82120.7, 46.0763, 3.97524e+06
0.503916, 1690.29, 82114.6, 46.0763, 3.97525e+06
0.503956, 1690.09, 82108.5, 46.0763, 3.97526e+06
0.503996, 1689.89, 82102.4, 46.0763, 3.97525e+06
0.504036, 1689.7, 82096.3, 46.0763, 3.97523e+06
0.504076, 1689.5, 82090.2, 46.0763, 3.97521e+06
0.504116, 1689.3, 82084.1, 46.0763, 3.97518e+06
0.504156, 1689.11, 82078, 46.0763, 3.97514e+06
0.504196, 1688.91, 82071.9, 46.0763, 3.97509e+06
0.504236, 1688.71, 82065.7, 46.0763, 3.97503e+06
0.504276, 1688.52, 82059.6, 46.0763, 3.97497e+06
0.504316, 1688.32, 82053.5, 46.0763, 3.97491e+06
0.504356, 1688.12, 82047.4, 46.0763, 3.97484e+06
0.504396, 1687.93, 82041.2, 46.0763, 3.97478e+06
0.504436, 1687.73, 82035.1, 46.0763, 3.97474e+06
0.504476, 1687.53, 82028.9, 46.0763, 3.97471e+06
0.504516, 1687.33, 82022.7, 46.0763, 3.97469e+06
0.504556, 1687.14, 82016.6, 46.0763, 3.97469e+06
0.504596, 1686.94, 82010.4, 46.0763, 3.9747e+06
0.504636, 1686.74, 82004.2, 46.0763, 3.97474e+06
0.504676, 1686.55, 81998, 46.0763, 3.97479e+06
0.504716, 1686.35, 81991.8, 46.0763, 3.97485e+06
0.504756, 1686.15, 81985.6, 46.0763, 3.97492e+06
0.504796, 1685.95, 81979.4, 46.0763, 3.97499e+06
0.504836, 1685.76, 81973.2, 46.0763, 3.97507e+06
0.504876, 1685.56, 81967, 46.0763, 3.97513e+06
0.504916, 1685.36, 81960.7, 46.0763, 3.9752e+06
0.504956, 1685.17, 81954.5, 46.0763, 3.97524e+06
0.504996, 1684.97, 81948.2, 46.0763, 3.97527e+06
0.505036, 1684.77, 81941.9, 46.0763, 3.97529e+06
0.505076, 1684.57, 81935.7, 46.0763, 3.97529e+06
0.505116, 1684.38, 81929.4, 46.0763, 3.97528e+06
0.505156, 1684.18, 81923.1, 46.0763, 3.97526e+06
0.505196, 1683.98, 81916.8, 46.0763, 3.97524e+06
0.505236, 1683.79, 81910.5, 46.0763, 3.97523e+06
0.505276, 1683.59, 81904.1, 46.0763, 3.97521e+06
0.505316, 1683.39, 81897.8, 46.0763, 3.97519e+06
0.505356, 1683.19, 81891.4, 46.0763, 3.97517e+06
0.505396, 1683, 81885.1, 46.0763, 3.97516e+06
0.505436, 1682.8, 81878.7, 46.0763, 3.97514e+06
0.505476, 1682.6, 81872.3, 46.0763, 3.97511e+06
0.505516, 1682.41, 81865.9, 46.0763, 3.97509e+06
0.505556, 1682.21, 81859.5, 46.0763, 3.97506e+06
0.505596, 1682.01, 81853.1, 46.0763, 3.97504e+06
0.505636, 1681.81, 81846.7, 46.0763, 3.97501e+06
0.505676, 1681.62, 81840.3, 46.0763, 3.97499e+06
0.505716, 1681.42, 81833.9, 46.0763, 3.97498e+06
0.505756, 1681.22, 81827.5, 46.0763, 3.97497e+06
0.505796, 1681.02, 81821, 46.0763, 3.97496e+06
0.505836, 1680.83, 81814.6, 46.0763, 3.97497e+06
0.505876, 1680.63, 81808.2, 46.0763, 3.97498e+06
0.505916, 1680.43, 81801.7, 46.0763, 3.97499e+06
0.505956, 1680.23, 81795.3, 46.0763, 3.97501e+06
0.505996, 1680.04, 81788.9, 46.0763, 3.97503e+06
0.506036, 1679.84, 81782.4, 46.0763, 3.97505e+06
0.506076, 1679.64, 81776, 46.0763, 3.97507e+06
0.506116, 1679.44, 81769.5, 46.0763, 3.9751e+06
0.506156, 1679.25, 81763, 46.0763, 3.97512e+06
0.506196, 1679.05, 81756.5, 46.0763, 3.97514e+06
0.506236, 1678.85, 81750, 46.0763, 3.97517e+06
0.506276, 1678.65, 81743.5, 46.0763, 3.97519e+06
0.506316, 1678.46, 81737, 46.0763, 3.97521e+06
0.506356, 1678.26, 81730.5, 46.0763, 3.97523e+06
0.506396, 1678.06, 81723.9, 46.0763, 3.97525e+06
0.506436, 1677.86, 81717.4, 46.0763, 3.97526e+06
0.506476, 1677.67, 81710.8, 46.0763, 3.97526e+06
0.506516, 1677.47, 81704.2, 46.0763, 3.97525e+06
0.506556, 1677.27, 81697.7, 46.0763, 3.97523e+06
0.506596, 1677.07, 81691.1, 46.0763, 3.97521e+06
0.506636, 1676.87, 81684.5, 46.0763, 3.97518e+06
0.506676, 1676.68, 81677.9, 46.0763, 3.97514e+06
0.506716, 1676.48, 81671.2, 46.0763, 3.97509e+06
0.506756, 1676.28, 81664.6, 46.0763, 3.97504e+06
0.506796, 1676.08, 81657.9, 46.0763, 3.97498e+06
0.506836, 1675.88, 81651.3, 46.0763, 3.97493e+06
0.506876, 1675.69, 81644.6, 46.0763, 3.97488e+06
0.506916, 1675.49, 81638, 46.0763, 3.97483e+06
0.506956, 1675.29, 81631.3, 46.0763, 3.97479e+06
0.506996, 1675.09, 81624.6, 46.0763, 3.97475e+06
0.507036, 1674.89, 81617.9, 46.0763, 3.97471e+06
0.507076, 1674.69, 81611.2, 46.0763, 3.97467e+06
0.507116, 1674.5, 81604.5, 46.0763, 3.97463e+06
0.507156, 1674.3, 81597.8, 46.0763, 3.97459e+06
0.507196, 1674.1, 81591, 46.0763, 3.97456e+06
0.507236, 1673.9, 81584.3, 46.0763, 3.97452e+06
0.507277, 1673.7, 81577.6, 46.0763, 3.97449e+06
0.507317, 1673.5, 81570.8, 46.0763, 3.97447e+06
0.507357, 1673.31, 81564.1, 46.0763, 3.97446e+06
0.507397, 1673.11, 81557.4, 46.0763, 3.97446e+06
0.507437, 1672.91, 81550.6, 46.0763, 3.97447e+06
0.507477, 1672.71, 81543.9, 46.0763, 3.97449e+06
0.507517, 1672.51, 81537.1, 46.0763, 3.97452e+06
0.507557, 1672.31, 81530.3, 46.0763, 3.97456e+06
0.507597, 1672.12, 81523.6, 46.0763, 3.9746e+06
0.507637, 1671.92, 81516.8, 46.0763, 3.97466e+06
0.507677, 1671.72, 81510, 46.0763, 3.97471e+06
0.507717, 1671.52, 81503.2, 46.0763, 3.97477e+06
0.507757, 1671.32, 81496.4, 46.0763, 3.97482e+06
0.507797, 1671.12, 81489.6, 46.0763, 3.97487e+06
0.507837, 1670.93, 81482.8, 46.0763, 3.97493e+06
0.507877, 1670.73, 81476, 46.0763, 3.97499e+06
0.507917, 1670.53, 81469.2, 46.0763, 3.97505e+06
0.507957, 1670.33, 81462.3, 46.0763, 3.97511e+06
0.507997, 1670.13, 81455.5, 46.0763, 3.97516e+06
0.508037, 1669.93, 81448.6, 46.0763, 3.97522e+06
0.508077, 1669.73, 81441.8, 46.0763, 3.97526e+06
0.508117, 1669.54, 81434.9, 46.0763, 3.97529e+06
0.508157, 1669.34, 81428, 46.0763, 3.97531e+06
0.508197, 1669.14, 81421.1, 46.0763, 3.97531e+06
0.508238, 1668.94, 81414.2, 46.0763, 3.9753e+06
0.508278, 1668.74, 81407.3, 46.0763, 3.97528e+06
0.508318, 1668.54, 81400.4, 46.0763, 3.97523e+06
0.508358, 1668.35, 81393.5, 46.0763, 3.97517e+06
0.508398, 1668.15, 81386.5, 46.0763, 3.9751e+06
0.508438, 1667.95, 81379.6, 46.0763, 3.97504e+06
0.508478, 1667.75, 81372.7, 46.0763, 3.97498e+06
0.508518, 1667.55, 81365.7, 46.0763, 3.97492e+06
0.508558, 1667.35, 81358.7, 46.0763, 3.97487e+06
0.508598, 1667.16, 81351.8, 46.0763, 3.97484e+06
0.508638, 1666.96, 81344.8, 46.0763, 3.97481e+06
0.508678, 1666.76, 81337.8, 46.0763, 3.97479e+06
0.508718, 1666.56, 81330.9, 46.0763, 3.97476e+06
0.508758, 1666.36, 81323.9, 46.0763, 3.97474e+06
0.508798, 1666.16, 81316.9, 46.0763, 3.97472e+06
0.508838, 1665.97, 81309.9, 46.0763, 3.9747e+06
0.508878, 1665.77, 81302.9, 46.0763, 3.97468e+06
0.508919, 1665.57, 81295.9, 46.0763, 3.97467e+06
0.508959, 1665.37, 81288.9, 46.0763, 3.97467e+06
0.508999, 1665.17, 81281.9, 46.0763, 3.97468e+06
0.509039, 1664.97, 81274.9, 46.0763, 3.9747e+06
0.509079, 1664.78, 81267.9, 46.0763, 3.97473e+06
0.509119, 1664.58, 81260.9, 46.0763, 3.97477e+06
0.509159, 1664.38, 81253.9, 46.0763, 3.9748e+06
0.509199, 1664.18, 81246.9, 46.0763, 3.97483e+06
0.509239, 1663.98, 81239.9, 46.0763, 3.97486e+06
0.509279, 1663.79, 81232.8, 46.0763, 3.97489e+06
0.509319, 1663.59, 81225.8, 46.0763, 3.97491e+06
0.509359, 1663.39, 81218.8, 46.0763, 3.97493e+06
0.509399, 1663.19, 81211.7, 46.0763, 3.97494e+06
0.509439, 1662.99, 81204.7, 46.0763, 3.97495e+06
0.50948, 1662.8, 81197.6, 46.0763, 3.97496e+06
0.50952, 1662.6, 81190.6, 46.0763, 3.97496e+06
0.50956, 1662.4, 81183.5, 46.0763, 3.97496e+06
0.5096, 1662.2, 81176.4, 46.0763, 3.97495e+06
0.50964, 1662, 81169.3, 46.0763, 3.97493e+06
0.50968, 1661.81, 81162.2, 46.0763, 3.97491e+06
0.50972, 1661.61, 81155.1, 46.0763, 3.97487e+06
0.50976, 1661.41, 81148, 46.0763, 3.97483e+06
0.5098, 1661.21, 81140.9, 46.0763, 3.97478e+06
0.50984, 1661.01, 81133.7, 46.0763, 3.97473e+06
0.50988, 1660.82, 81126.6, 46.0763, 3.97467e+06
0.50992, 1660.62, 81119.4, 46.0763, 3.97463e+06
0.509961, 1660.42, 81112.3, 46.0763, 3.97459e+06
0.510001, 1660.22, 81105.1, 46.0763, 3.97456e+06
0.510041, 1660.02, 81098, 46.0763, 3.97453e+06
0.510081, 1659.83, 81090.8, 46.0763, 3.97451e+06
0.510121, 1659.63, 81083.6, 46.0763, 3.97449e+06
0.510161, 1659.43, 81076.5, 46.0763, 3.9745e+06
0.510201, 1659.23, 81069.3, 46.0763, 3.97451e+06
0.510241, 1659.03, 81062.1, 46.0763, 3.97455e+06
0.510281, 1658.83, 81054.9, 46.0763, 3.9746e+06
0.510321, 1658.64, 81047.7, 46.0763, 3.97467e+06
0.510361, 1658.44, 81040.6, 46.0763, 3.97474e+06
0.510401, 1658.24, 81033.4, 46.0763, 3.97482e+06
0.510441, 1658.04, 81026.2, 46.0763, 3.97489e+06
0.510482, 1657.84, 81019, 46.0763, 3.97496e+06
0.510522, 1657.65, 81011.7, 46.0763, 3.97501e+06
0.510562, 1657.45, 81004.5, 46.0763, 3.97504e+06
0.510602, 1657.25, 80997.3, 46.0763, 3.97507e+06
0.510642, 1657.05, 80990.1, 46.0763, 3.97508e+06
0.510682, 1656.85, 80982.8, 46.0763, 3.97508e+06
0.510722, 1656.65, 80975.6, 46.0763, 3.97507e+06
0.510762, 1656.45, 80968.3, 46.0763, 3.97506e+06
0.510802, 1656.26, 80961, 46.0763, 3.97504e+06
0.510842, 1656.06, 80953.8, 46.0763, 3.97502e+06
0.510882, 1655.86, 80946.5, 46.0763, 3.97499e+06
0.510922, 1655.66, 80939.2, 46.0763, 3.97497e+06
0.510962, 1655.46, 80931.9, 46.0763, 3.97495e+06
0.511002, 1655.26, 80924.6, 46.0763, 3.97493e+06
0.511042, 1655.07, 80917.3, 46.0763, 3.97491e+06
0.511083, 1654.87, 80910, 46.0763, 3.97489e+06
0.511123, 1654.67, 80902.7, 46.0763, 3.97487e+06
0.511163, 1654.47, 80895.4, 46.0763, 3.97486e+06
0.511203, 1654.27, 80888.1, 46.0763, 3.97485e+06
0.511243, 1654.07, 80880.8, 46.0763, 3.97486e+06
0.511283, 1653.87, 80873.5, 46.0763, 3.97487e+06
0.511323, 1653.68, 80866.2, 46.0763, 3.97489e+06
0.511363, 1653.48, 80858.9, 46.0763, 3.97492e+06
0.511403, 1653.28, 80851.5, 46.0763, 3.97495e+06
0.511443, 1653.08, 80844.2, 46.0763, 3.97499e+06
0.511483, 1652.88, 80836.9, 46.0763, 3.97502e+06
0.511523, 1652.69, 80829.5, 46.0763, 3.97504e+06
0.511563, 1652.49, 80822.2, 46.0763, 3.97506e+06
0.511603, 1652.29, 80814.8, 46.0763, 3.97508e+06
0.511643, 1652.09, 80807.5, 46.0763, 3.97509e+06
0.511683, 1651.89, 80800.1, 46.0763, 3.97509e+06
0.511724, 1651.69, 80792.7, 46.0763, 3.97509e+06
0.511764, 1651.5, 80785.4, 46.0763, 3.97508e+06
0.511804, 1651.3, 80778, 46.0763, 3.97506e+06
0.511844, 1651.1, 80770.6, 46.0763, 3.97504e+06
0.511884, 1650.9, 80763.2, 46.0763, 3.97502e+06
0.511924, 1650.7, 80755.8, 46.0763, 3.97498e+06
0.511964, 1650.5, 80748.4, 46.0763, 3.97494e+06
0.512004, 1650.31, 80740.9, 46.0763, 3.97489e+06
0.512044, 1650.11, 80733.5, 46.0763, 3.97485e+06
0.512084, 1649.91, 80726.1, 46.0763, 3.97482e+06
0.512124, 1649.71, 80718.7, 46.0763, 3.9748e+06
0.512164, 1649.51, 80711.2, 46.0763, 3.97479e+06
0.512204, 1649.31, 80703.8, 46.0763, 3.97481e+06
0.512244, 1649.12, 80696.3, 46.0763, 3.97483e+06
0.512284, 1648.92, 80688.8, 46.0763, 3.97487e+06
0.512324, 1648.72, 80681.4, 46.0763, 3.97491e+06
0.512364, 1648.52, 80673.9, 46.0763, 3.97495e+06
0.512405, 1648.32, 80666.4, 46.0763, 3.97498e+06
0.512445, 1648.12, 80658.9, 46.0763, 3.97501e+06
0.512485, 1647.93, 80651.4, 46.0763, 3.97504e+06
0.512525, 1647.73, 80643.9, 46.0763, 3.97505e+06
0.512565, 1647.53, 80636.4, 46.0763, 3.97504e+06
0.512605, 1647.33, 80628.8, 46.0763, 3.97502e+06
0.512645, 1647.13, 80621.3, 46.0763, 3.97498e+06
0.512685, 1646.93, 80613.7, 46.0763, 3.97492e+06
0.512725, 1646.73, 80606.2, 46.0763, 3.97484e+06
0.512765, 1646.54, 80598.6, 46.0763, 3.97476e+06
0.512805, 1646.34, 80591, 46.0763, 3.97467e+06
0.512845, 1646.14, 80583.4, 46.0763, 3.97459e+06
0.512885, 1645.94, 80575.9, 46.0763, 3.9745e+06
0.512925, 1645.74, 80568.3, 46.0763, 3.97442e+06
0.512965, 1645.54, 80560.7, 46.0763, 3.97435e+06
0.513005, 1645.34, 80553.1, 46.0763, 3.9743e+06
0.513046, 1645.15, 80545.5, 46.0763, 3.97425e+06
0.513086, 1644.95, 80537.9, 46.0763, 3.97423e+06
0.513126, 1644.75, 80530.3, 46.0763, 3.97421e+06
0.513166, 1644.55, 80522.6, 46.0763, 3.97422e+06
0.513206, 1644.35, 80515, 46.0763, 3.97424e+06
0.513246, 1644.15, 80507.4, 46.0763, 3.97428e+06
0.513286, 1643.96, 80499.8, 46.0763, 3.97433e+06
0.513326, 1643.76, 80492.1, 46.0763, 3.9744e+06
0.513366, 1643.56, 80484.5, 46.0763, 3.97447e+06
0.513406, 1643.36, 80476.9, 46.0763, 3.97454e+06
0.513446, 1643.16, 80469.3, 46.0763, 3.97461e+06
0.513486, 1642.96, 80461.6, 46.0763, 3.97469e+06
0.513526, 1642.77, 80454, 46.0763, 3.97474e+06
0.513566, 1642.57, 80446.3, 46.0763, 3.97478e+06
0.513606, 1642.37, 80438.7, 46.0763, 3.9748e+06
0.513647, 1642.17, 80431.1, 46.0763, 3.97482e+06
0.513687, 1641.97, 80423.4, 46.0763, 3.97482e+06
0.513727, 1641.78, 80415.7, 46.0763, 3.97482e+06
0.513767, 1641.58, 80408.1, 46.0763, 3.9748e+06
0.513807, 1641.38, 80400.4, 46.0763, 3.97476e+06
0.513847, 1641.18, 80392.7, 46.0763, 3.97472e+06
0.513887, 1640.98, 80385.1, 46.0763, 3.97467e+06
0.513927, 1640.78, 80377.4, 46.0763, 3.97462e+06
0.513967, 1640.59, 80369.7, 46.0763, 3.97457e+06
0.514007, 1640.39, 80362, 46.0763, 3.97452e+06
0.514047, 1640.19, 80354.3, 46.0763, 3.97448e+06
0.514087, 1639.99, 80346.6, 46.0763, 3.97445e+06
0.514127, 1639.79, 80338.9, 46.0763, 3.97443e+06
0.514167, 1639.6, 80331.2, 46.0763, 3.97442e+06
0.514208, 1639.4, 80323.4, 46.0763, 3.97442e+06
0.514248, 1639.2, 80315.7, 46.0763, 3.97442e+06
0.514288, 1639, 80308, 46.0763, 3.97443e+06
0.514328, 1638.8, 80300.2, 46.0763, 3.97444e+06
0.514368, 1638.61, 80292.5, 46.0763, 3.97446e+06
0.514408, 1638.41, 80284.7, 46.0763, 3.97447e+06
0.514448, 1638.21, 80276.9, 46.0763, 3.97448e+06
0.514488, 1638.01, 80269.2, 46.0763, 3.97449e+06
0.514528, 1637.81, 80261.4, 46.0763, 3.97449e+06
0.514568, 1637.62, 80253.6, 46.0763, 3.97448e+06
0.514608, 1637.42, 80245.8, 46.0763, 3.97446e+06
0.514648, 1637.22, 80238, 46.0763, 3.97444e+06
0.514688, 1637.02, 80230.1, 46.0763, 3.97441e+06
0.514729, 1636.82, 80222.3, 46.0763, 3.97438e+06
0.514769, 1636.63, 80214.5, 46.0763, 3.97435e+06
0.514809, 1636.43, 80206.6, 46.0763, 3.97432e+06
0.514849, 1636.23, 80198.8, 46.0763, 3.9743e+06
0.514889, 1636.03, 80190.9, 46.0763, 3.9743e+06
0.514929, 1635.83, 80183.1, 46.0763, 3.97431e+06
0.514969, 1635.64, 80175.2, 46.0763, 3.97433e+06
0.515009, 1635.44, 80167.3, 46.0763, 3.97437e+06
0.515049, 1635.24, 80159.5, 46.0763, 3.97441e+06
0.515089, 1635.04, 80151.6, 46.0763, 3.97446e+06
0.515129, 1634.84, 80143.7, 46.0763, 3.97451e+06
0.51517, 1634.65, 80135.8, 46.0763, 3.97456e+06
0.51521, 1634.45, 80127.9, 46.0763, 3.9746e+06
0.51525, 1634.25, 80120, 46.0763, 3.97464e+06
0.51529, 1634.05, 80112.1, 46.0763, 3.97468e+06
0.51533, 1633.86, 80104.2, 46.0763, 3.97471e+06
0.51537, 1633.66, 80096.3, 46.0763, 3.97474e+06
0.51541, 1633.46, 80088.4, 46.0763, 3.97476e+06
0.51545, 1633.26, 80080.5, 46.0763, 3.97478e+06
0.51549, 1633.07, 80072.6, 46.0763, 3.9748e+06
0.51553, 1632.87, 80064.7, 46.0763, 3.97481e+06
0.51557, 1632.67, 80056.7, 46.0763, 3.97482e+06
0.515611, 1632.47, 80048.8, 46.0763, 3.97482e+06
0.515651, 1632.27, 80040.9, 46.0763, 3.97482e+06
0.515691, 1632.08, 80033, 46.0763, 3.97481e+06
0.515731, 1631.88, 80025.1, 46.0763, 3.9748e+06
0.515771, 1631.68, 80017.1, 46.0763, 3.97478e+06
0.515811, 1631.48, 80009.2, 46.0763, 3.97475e+06
0.515851, 1631.29, 80001.3, 46.0763, 3.97472e+06
0.515891, 1631.09, 79993.3, 46.0763, 3.97468e+06
0.515931, 1630.89, 79985.4, 46.0763, 3.97462e+06
0.515971, 1630.69, 79977.4, 46.0763, 3.97457e+06
0.516012, 1630.5, 79969.5, 46.0763, 3.9745e+06
0.516052, 1630.3, 79961.5, 46.0763, 3.97444e+06
0.516092, 1630.1, 79953.5, 46.0763, 3.97437e+06
0.516132, 1629.9, 79945.6, 46.0763, 3.97432e+06
0.516172, 1629.71, 79937.6, 46.0763, 3.97427e+06
0.516212, 1629.51, 79929.6, 46.0763, 3.97423e+06
0.516252, 1629.31, 79921.6, 46.0763, 3.97421e+06
0.516292, 1629.11, 79913.5, 46.0763, 3.97421e+06
0.516332, 1628.92, 79905.5, 46.0763, 3.97422e+06
0.516373, 1628.72, 79897.5, 46.0763, 3.97425e+06
0.516413, 1628.52, 79889.4, 46.0763, 3.97429e+06
0.516453, 1628.32, 79881.4, 46.0763, 3.97435e+06
0.516493, 1628.13, 79873.3, 46.0763, 3.97442e+06
0.516533, 1627.93, 79865.3, 46.0763, 3.9745e+06
0.516573, 1627.73, 79857.3, 46.0763, 3.9746e+06
0.516613, 1627.53, 79849.2, 46.0763, 3.9747e+06
0.516653, 1627.34, 79841.2, 46.0763, 3.9748e+06
0.516693, 1627.14, 79833.1, 46.0763, 3.97489e+06
0.516734, 1626.94, 79825.1, 46.0763, 3.97498e+06
0.516774, 1626.74, 79817, 46.0763, 3.97505e+06
0.516814, 1626.55, 79809, 46.0763, 3.97511e+06
0.516854, 1626.35, 79800.9, 46.0763, 3.97515e+06
0.516894, 1626.15, 79792.8, 46.0763, 3.97518e+06
0.516934, 1625.95, 79784.8, 46.0763, 3.9752e+06
0.516974, 1625.76, 79776.7, 46.0763, 3.9752e+06
0.517014, 1625.56, 79768.6, 46.0763, 3.97519e+06
0.517055, 1625.36, 79760.6, 46.0763, 3.97517e+06
0.517095, 1625.16, 79752.5, 46.0763, 3.97514e+06
0.517135, 1624.97, 79744.4, 46.0763, 3.97511e+06
0.517175, 1624.77, 79736.3, 46.0763, 3.97508e+06
0.517215, 1624.57, 79728.2, 46.0763, 3.97505e+06
0.517255, 1624.37, 79720.1, 46.0763, 3.97501e+06
0.517295, 1624.18, 79712, 46.0763, 3.97498e+06
0.517335, 1623.98, 79703.8, 46.0763, 3.97495e+06
0.517376, 1623.78, 79695.7, 46.0763, 3.97492e+06
0.517416, 1623.58, 79687.5, 46.0763, 3.97488e+06
0.517456, 1623.39, 79679.3, 46.0763, 3.97484e+06
0.517496, 1623.19, 79671.2, 46.0763, 3.97479e+06
0.517536, 1622.99, 79663, 46.0763, 3.97473e+06
0.517576, 1622.79, 79654.8, 46.0763, 3.97467e+06
0.517616, 1622.6, 79646.6, 46.0763, 3.9746e+06
0.517657, 1622.4, 79638.4, 46.0763, 3.97454e+06
0.517697, 1622.2, 79630.2, 46.0763, 3.97447e+06
0.517737, 1622, 79622, 46.0763, 3.97442e+06
0.517777, 1621.81, 79613.8, 46.0763, 3.97439e+06
0.517817, 1621.61, 79605.6, 46.0763, 3.97437e+06
0.517857, 1621.41, 79597.4, 46.0763, 3.97436e+06
0.517897, 1621.21, 79589.2, 46.0763, 3.97437e+06
0.517938, 1621.02, 79581, 46.0763, 3.97438e+06
0.517978, 1620.82, 79572.8, 46.0763, 3.9744e+06
0.518018, 1620.62, 79564.6, 46.0763, 3.97443e+06
0.518058, 1620.43, 79556.4, 46.0763, 3.97444e+06
0.518098, 1620.23, 79548.2, 46.0763, 3.97445e+06
0.518138, 1620.03, 79540, 46.0763, 3.97444e+06
0.518178, 1619.83, 79531.8, 46.0763, 3.97443e+06
0.518219, 1619.64, 79523.6, 46.0763, 3.97441e+06
0.518259, 1619.44, 79515.4, 46.0763, 3.97438e+06
0.518299, 1619.24, 79507.2, 46.0763, 3.97435e+06
0.518339, 1619.05, 79499, 46.0763, 3.97433e+06
0.518379, 1618.85, 79490.8, 46.0763, 3.9743e+06
0.518419, 1618.65, 79482.6, 46.0763, 3.97428e+06
0.51846, 1618.45, 79474.4, 46.0763, 3.97426e+06
0.5185, 1618.26, 79466.2, 46.0763, 3.97424e+06
0.51854, 1618.06, 79458, 46.0763, 3.97422e+06
0.51858, 1617.86, 79449.8, 46.0763, 3.9742e+06
0.51862, 1617.66, 79441.5, 46.0763, 3.97419e+06
0.51866, 1617.47, 79433.3, 46.0763, 3.97417e+06
0.5187, 1617.27, 79425, 46.0763, 3.97415e+06
0.518741, 1617.07, 79416.7, 46.0763, 3.97414e+06
0.518781, 1616.88, 79408.5, 46.0763, 3.97413e+06
0.518821, 1616.68, 79400.2, 46.0763, 3.97413e+06
0.518861, 1616.48, 79391.9, 46.0763, 3.97413e+06
0.518901, 1616.28, 79383.6, 46.0763, 3.97414e+06
0.518942, 1616.09, 79375.3, 46.0763, 3.97416e+06
0.518982, 1615.89, 79367, 46.0763, 3.97419e+06
0.519022, 1615.69, 79358.7, 46.0763, 3.97421e+06
0.519062, 1615.5, 79350.5, 46.0763, 3.97423e+06
0.519102, 1615.3, 79342.1, 46.0763, 3.97425e+06
0.519142, 1615.1, 79333.8, 46.0763, 3.97427e+06
0.519183, 1614.9, 79325.5, 46.0763, 3.97429e+06
0.519223, 1614.71, 79317.2, 46.0763, 3.97431e+06
0.519263, 1614.51, 79308.9, 46.0763, 3.97432e+06
0.519303, 1614.31, 79300.6, 46.0763, 3.97434e+06
0.519343, 1614.12, 79292.2, 46.0763, 3.97435e+06
0.519383, 1613.92, 79283.9, 46.0763, 3.97435e+06
0.519424, 1613.72, 79275.6, 46.0763, 3.97435e+06
0.519464, 1613.53, 79267.2, 46.0763, 3.97433e+06
0.519504, 1613.33, 79258.9, 46.0763, 3.97431e+06
0.519544, 1613.13, 79250.6, 46.0763, 3.97428e+06
0.519584, 1612.93, 79242.2, 46.0763, 3.97425e+06
0.519624, 1612.74, 79233.9, 46.0763, 3.97421e+06
0.519665, 1612.54, 79225.5, 46.0763, 3.97417e+06
0.519705, 1612.34, 79217.2, 46.0763, 3.97414e+06
0.519745, 1612.15, 79208.8, 46.0763, 3.97413e+06
0.519785, 1611.95, 79200.5, 46.0763, 3.97412e+06
0.519825, 1611.75, 79192.1, 46.0763, 3.97412e+06
0.519865, 1611.56, 79183.8, 46.0763, 3.97413e+06
0.519906, 1611.36, 79175.4, 46.0763, 3.97415e+06
0.519946, 1611.16, 79167, 46.0763, 3.97416e+06
0.519986, 1610.97, 79158.6, 46.0763, 3.97419e+06
0.520026, 1610.77, 79150.3, 46.0763, 3.97421e+06
0.520066, 1610.57, 79141.9, 46.0763, 3.97425e+06
0.520107, 1610.38, 79133.6, 46.0763, 3.97429e+06
0.520147, 1610.18, 79125.2, 46.0763, 3.97434e+06
0.520187, 1609.99, 79116.8, 46.0763, 3.97439e+06
0.520227, 1609.79, 79108.5, 46.0763, 3.97445e+06
0.520267, 1609.59, 79100.1, 46.0763, 3.9745e+06
0.520307, 1609.4, 79091.7, 46.0763, 3.97455e+06
0.520348, 1609.2, 79083.3, 46.0763, 3.9746e+06
0.520388, 1609, 79074.9, 46.0763, 3.97463e+06
0.520428, 1608.81, 79066.5, 46.0763, 3.97466e+06
0.520468, 1608.61, 79058.1, 46.0763, 3.97468e+06
0.520508, 1608.42, 79049.7, 46.0763, 3.97469e+06
0.520548, 1608.22, 79041.3, 46.0763, 3.97469e+06
0.520589, 1608.02, 79032.9, 46.0763, 3.97469e+06
0.520629, 1607.83, 79024.5, 46.0763, 3.97468e+06
0.520669, 1607.63, 79016.1, 46.0763, 3.97467e+06
0.520709, 1607.44, 79007.7, 46.0763, 3.97466e+06
0.520749, 1607.24, 78999.3, 46.0763, 3.97465e+06
0.52079, 1607.05, 78990.8, 46.0763, 3.97464e+06
0.52083, 1606.85, 78982.4, 46.0763, 3.97463e+06
0.52087, 1606.65, 78974, 46.0763, 3.97461e+06
0.52091, 1606.46, 78965.6, 46.0763, 3.9746e+06
0.52095, 1606.26, 78957.1, 46.0763, 3.97457e+06
0.52099, 1606.07, 78948.7, 46.0763, 3.97455e+06
0.521031, 1605.87, 78940.3, 46.0763, 3.97452e+06
0.521071, 1605.67, 78931.9, 46.0763, 3.97449e+06
0.521111, 1605.48, 78923.4, 46.0763, 3.97446e+06
0.521151, 1605.28, 78915, 46.0763, 3.97444e+06
0.521191, 1605.09, 78906.5, 46.0763, 3.97443e+06
0.521231, 1604.89, 78898.1, 46.0763, 3.97442e+06
0.521272, 1604.7, 78889.7, 46.0763, 3.97442e+06
0.521312, 1604.5, 78881.2, 46.0763, 3.97442e+06
0.521352, 1604.31, 78872.8, 46.0763, 3.97442e+06
0.521392, 1604.11, 78864.3, 46.0763, 3.97443e+06
0.521432, 1603.91, 78855.9, 46.0763, 3.97444e+06
0.521472, 1603.72, 78847.5, 46.0763, 3.97445e+06
0.521513, 1603.52, 78839, 46.0763, 3.97446e+06
0.521553, 1603.33, 78830.5, 46.0763, 3.97447e+06
0.521593, 1603.13, 78822.1, 46.0763, 3.97448e+06
0.521633, 1602.94, 78813.6, 46.0763, 3.97448e+06
0.521673, 1602.74, 78805.2, 46.0763, 3.97448e+06
0.521713, 1602.55, 78796.7, 46.0763, 3.97448e+06
0.521754, 1602.35, 78788.2, 46.0763, 3.97447e+06
0.521794, 1602.16, 78779.7, 46.0763, 3.97446e+06
0.521834, 1601.96, 78771.2, 46.0763, 3.97445e+06
0.521874, 1601.77, 78762.7, 46.0763, 3.97444e+06
0.521914, 1601.57, 78754.2, 46.0763, 3.97442e+06
0.521954, 1601.38, 78745.7, 46.0763, 3.9744e+06
0.521995, 1601.18, 78737.2, 46.0763, 3.97437e+06
0.522035, 1600.98, 78728.7, 46.0763, 3.97434e+06
0.522075, 1600.79, 78720.2, 46.0763, 3.9743e+06
0.522115, 1600.59, 78711.8, 46.0763, 3.97425e+06
0.522155, 1600.4, 78703.3, 46.0763, 3.9742e+06
0.522195, 1600.2, 78694.8, 46.0763, 3.97416e+06
0.522236, 1600.01, 78686.3, 46.0763, 3.97411e+06
0.522276, 1599.81, 78677.8, 46.0763, 3.97407e+06
0.522316, 1599.62, 78669.3, 46.0763, 3.97403e+06
0.522356, 1599.42, 78660.8, 46.0763, 3.97401e+06
0.522396, 1599.23, 78652.2, 46.0763, 3.97399e+06
0.522436, 1599.03, 78643.7, 46.0763, 3.97399e+06
0.522477, 1598.84, 78635.2, 46.0763, 3.974e+06
0.522517, 1598.64, 78626.7, 46.0763, 3.97402e+06
0.522557, 1598.45, 78618.1, 46.0763, 3.97404e+06
0.522597, 1598.25, 78609.6, 46.0763, 3.97408e+06
0.522637, 1598.06, 78601.1, 46.0763, 3.97412e+06
0.522677, 1597.86, 78592.5, 46.0763, 3.97417e+06
0.522718, 1597.67, 78584, 46.0763, 3.97422e+06
0.522758, 1597.47, 78575.4, 46.0763, 3.97426e+06
0.522798, 1597.28, 78566.9, 46.0763, 3.97431e+06
0.522838, 1597.08, 78558.3, 46.0763, 3.97435e+06
0.522878, 1596.89, 78549.7, 46.0763, 3.97439e+06
0.522918, 1596.69, 78541.2, 46.0763, 3.97442e+06
0.522959, 1596.5, 78532.6, 46.0763, 3.97444e+06
0.522999, 1596.3, 78524.1, 46.0763, 3.97447e+06
0.523039, 1596.11, 78515.5, 46.0763, 3.97448e+06
0.523079, 1595.91, 78506.9, 46.0763, 3.97449e+06
0.523119, 1595.72, 78498.4, 46.0763, 3.9745e+06
0.523159, 1595.52, 78489.8, 46.0763, 3.9745e+06
0.5232, 1595.33, 78481.3, 46.0763, 3.97449e+06
0.52324, 1595.13, 78472.7, 46.0763, 3.97447e+06
0.52328, 1594.94, 78464.2, 46.0763, 3.97444e+06
0.52332, 1594.74, 78455.6, 46.0763, 3.97441e+06
0.52336, 1594.55, 78447, 46.0763, 3.97437e+06
0.5234, 1594.35, 78438.5, 46.0763, 3.97434e+06
0.523441, 1594.16, 78429.9, 46.0763, 3.97431e+06
0.523481, 1593.97, 78421.3, 46.0763, 3.97428e+06
0.523521, 1593.77, 78412.7, 46.0763, 3.97425e+06
0.523561, 1593.58, 78404.2, 46.0763, 3.97423e+06
0.523601, 1593.38, 78395.6, 46.0763, 3.97421e+06
0.523641, 1593.19, 78387, 46.0763, 3.97419e+06
0.523682, 1592.99, 78378.4, 46.0763, 3.97418e+06
0.523722, 1592.8, 78369.8, 46.0763, 3.97416e+06
0.523762, 1592.6, 78361.1, 46.0763, 3.97415e+06
0.523802, 1592.41, 78352.5, 46.0763, 3.97414e+06
0.523842, 1592.21, 78343.9, 46.0763, 3.97413e+06
0.523882, 1592.02, 78335.3, 46.0763, 3.97413e+06
0.523923, 1591.82, 78326.6, 46.0763, 3.97412e+06
0.523963, 1591.63, 78318, 46.0763, 3.97411e+06
0.524003, 1591.44, 78309.4, 46.0763, 3.97411e+06
0.524043, 1591.24, 78300.8, 46.0763, 3.9741e+06
0.524083, 1591.05, 78292.1, 46.0763, 3.97409e+06
0.524123, 1590.85, 78283.5, 46.0763, 3.97408e+06
0.524164, 1590.66, 78274.8, 46.0763, 3.97407e+06
0.524204, 1590.46, 78266.2, 46.0763, 3.97406e+06
0.524244, 1590.27, 78257.6, 46.0763, 3.97406e+06
0.524284, 1590.08, 78248.9, 46.0763, 3.97407e+06
0.524324, 1589.88, 78240.3, 46.0763, 3.97407e+06
0.524364, 1589.69, 78231.7, 46.0763, 3.97407e+06
0.524405, 1589.49, 78223, 46.0763, 3.97407e+06
0.524445, 1589.3, 78214.4, 46.0763, 3.97407e+06
0.524485, 1589.1, 78205.7, 46.0763, 3.97407e+06
0.524525, 1588.91, 78197.1, 46.0763, 3.97407e+06
0.524565, 1588.72, 78188.4, 46.0763, 3.97409e+06
0.524605, 1588.52, 78179.8, 46.0763, 3.97411e+06
0.524646, 1588.33, 78171.2, 46.0763, 3.97414e+06
0.524686, 1588.13, 78162.5, 46.0763, 3.97418e+06
0.524726, 1587.94, 78153.9, 46.0763, 3.97422e+06
0.524766, 1587.74, 78145.3, 46.0763, 3.97427e+06
0.524806, 1587.55, 78136.6, 46.0763, 3.97431e+06
0.524846, 1587.36, 78128, 46.0763, 3.97434e+06
0.524887, 1587.16, 78119.4, 46.0763, 3.97436e+06
0.524927, 1586.97, 78110.8, 46.0763, 3.97437e+06
0.524967, 1586.78, 78102.2, 46.0763, 3.97437e+06
0.525007, 1586.58, 78093.5, 46.0763, 3.97436e+06
0.525047, 1586.39, 78084.9, 46.0763, 3.97433e+06
0.525087, 1586.19, 78076.3, 46.0763, 3.9743e+06
0.525128, 1586, 78067.7, 46.0763, 3.97426e+06
0.525168, 1585.81, 78059, 46.0763, 3.97421e+06
0.525208, 1585.61, 78050.4, 46.0763, 3.97417e+06
0.525248, 1585.42, 78041.8, 46.0763, 3.97413e+06
0.525288, 1585.23, 78033.1, 46.0763, 3.9741e+06
0.525328, 1585.03, 78024.5, 46.0763, 3.97407e+06
0.525369, 1584.84, 78015.8, 46.0763, 3.97405e+06
0.525409, 1584.65, 78007.2, 46.0763, 3.97404e+06
0.525449, 1584.45, 77998.5, 46.0763, 3.97404e+06
0.525489, 1584.26, 77989.9, 46.0763, 3.97405e+06
0.525529, 1584.07, 77981.2, 46.0763, 3.97406e+06
0.525569, 1583.87, 77972.6, 46.0763, 3.97407e+06
0.52561, 1583.68, 77963.9, 46.0763, 3.9741e+06
0.52565, 1583.49, 77955.2, 46.0763, 3.97413e+06
0.52569, 1583.29, 77946.5, 46.0763, 3.97416e+06
0.52573, 1583.1, 77937.8, 46.0763, 3.97418e+06
0.52577, 1582.91, 77929.2, 46.0763, 3.97421e+06
0.52581, 1582.71, 77920.5, 46.0763, 3.97423e+06
0.52585, 1582.52, 77911.8, 46.0763, 3.97425e+06
0.525891, 1582.33, 77903.1, 46.0763, 3.97426e+06
0.525931, 1582.14, 77894.4, 46.0763, 3.97427e+06
0.525971, 1581.94, 77885.7, 46.0763, 3.97428e+06
0.526011, 1581.75, 77877.1, 46.0763, 3.97428e+06
0.526051, 1581.56, 77868.4, 46.0763, 3.97428e+06
0.526091, 1581.36, 77859.7, 46.0763, 3.97428e+06
0.526132, 1581.17, 77851, 46.0763, 3.97428e+06
0.526172, 1580.98, 77842.4, 46.0763, 3.97427e+06
0.526212, 1580.79, 77833.7, 46.0763, 3.97427e+06
0.526252, 1580.59, 77825.1, 46.0763, 3.97426e+06
0.526292, 1580.4, 77816.4, 46.0763, 3.97426e+06
0.526332, 1580.21, 77807.8, 46.0763, 3.97425e+06
0.526373, 1580.01, 77799.1, 46.0763, 3.97424e+06
0.526413, 1579.82, 77790.4, 46.0763, 3.97423e+06
0.526453, 1579.63, 77781.8, 46.0763, 3.97422e+06
0.526493, 1579.44, 77773.1, 46.0763, 3.9742e+06
0.526533, 1579.25, 77764.4, 46.0763, 3.97418e+06
0.526573, 1579.05, 77755.7, 46.0763, 3.97416e+06
0.526614, 1578.86, 77747, 46.0763, 3.97414e+06
0.526654, 1578.67, 77738.3, 46.0763, 3.97412e+06
0.526694, 1578.48, 77729.6, 46.0763, 3.9741e+06
0.526734, 1578.28, 77720.8, 46.0763, 3.97409e+06
0.526774, 1578.09, 77712.1, 46.0763, 3.97407e+06
0.526814, 1577.9, 77703.4, 46.0763, 3.97406e+06
0.526854, 1577.71, 77694.6, 46.0763, 3.97406e+06
0.526895, 1577.51, 77685.8, 46.0763, 3.97405e+06
0.526935, 1577.32, 77677.1, 46.0763, 3.97404e+06
0.526975, 1577.13, 77668.3, 46.0763, 3.97403e+06
0.527015, 1576.94, 77659.5, 46.0763, 3.97402e+06
0.527055, 1576.74, 77650.8, 46.0763, 3.974e+06
0.527095, 1576.55, 77642, 46.0763, 3.97398e+06
0.527136, 1576.36, 77633.2, 46.0763, 3.97396e+06
0.527176, 1576.17, 77624.4, 46.0763, 3.97395e+06
0.527216, 1575.98, 77615.6, 46.0763, 3.97393e+06
0.527256, 1575.78, 77606.8, 46.0763, 3.97393e+06
0.527296, 1575.59, 77598.1, 46.0763, 3.97393e+06
0.527336, 1575.4, 77589.3, 46.0763, 3.97395e+06
0.527377, 1575.21, 77580.5, 46.0763, 3.97398e+06
0.527417, 1575.01, 77571.8, 46.0763, 3.97401e+06
0.527457, 1574.82, 77563, 46.0763, 3.97405e+06
0.527497, 1574.63, 77554.3, 46.0763, 3.9741e+06
0.527537, 1574.44, 77545.5, 46.0763, 3.97415e+06
0.527577, 1574.25, 77536.8, 46.0763, 3.9742e+06
0.527618, 1574.06, 77528, 46.0763, 3.97426e+06
0.527658, 1573.86, 77519.3, 46.0763, 3.97432e+06
0.527698, 1573.67, 77510.6, 46.0763, 3.97438e+06
0.527738, 1573.48, 77501.8, 46.0763, 3.97444e+06
0.527778, 1573.29, 77493.1, 46.0763, 3.9745e+06
0.527818, 1573.1, 77484.4, 46.0763, 3.97454e+06
0.527859, 1572.9, 77475.7, 46.0763, 3.97458e+06
0.527899, 1572.71, 77467, 46.0763, 3.97461e+06
0.527939, 1572.52, 77458.2, 46.0763, 3.97462e+06
0.527979, 1572.33, 77449.5, 46.0763, 3.97462e+06
0.528019, 1572.14, 77440.8, 46.0763, 3.9746e+06
0.528059, 1571.95, 77432.1, 46.0763, 3.97456e+06
0.528099, 1571.76, 77423.3, 46.0763, 3.97451e+06
0.52814, 1571.56, 77414.6, 46.0763, 3.97444e+06
0.52818, 1571.37, 77405.8, 46.0763, 3.97436e+06
0.52822, 1571.18, 77397.1, 46.0763, 3.97428e+06
0.52826, 1570.99, 77388.3, 46.0763, 3.97418e+06
0.5283, 1570.8, 77379.6, 46.0763, 3.97409e+06
0.52834, 1570.61, 77370.8, 46.0763, 3.97399e+06
0.528381, 1570.41, 77362, 46.0763, 3.9739e+06
0.528421, 1570.22, 77353.2, 46.0763, 3.97383e+06
0.528461, 1570.03, 77344.4, 46.0763, 3.97376e+06
0.528501, 1569.84, 77335.6, 46.0763, 3.97371e+06
0.528541, 1569.65, 77326.8, 46.0763, 3.97367e+06
0.528581, 1569.46, 77318, 46.0763, 3.97365e+06
0.528622, 1569.26, 77309.2, 46.0763, 3.97364e+06
0.528662, 1569.07, 77300.3, 46.0763, 3.97364e+06
0.528702, 1568.88, 77291.5, 46.0763, 3.97366e+06
0.528742, 1568.69, 77282.7, 46.0763, 3.97369e+06
0.528782, 1568.5, 77273.9, 46.0763, 3.97373e+06
0.528822, 1568.31, 77265.1, 46.0763, 3.97378e+06
0.528863, 1568.11, 77256.3, 46.0763, 3.97382e+06
0.528903, 1567.92, 77247.4, 46.0763, 3.97386e+06
0.528943, 1567.73, 77238.6, 46.0763, 3.97389e+06
0.528983, 1567.54, 77229.8, 46.0763, 3.97392e+06
0.529023, 1567.35, 77221, 46.0763, 3.97396e+06
0.529063, 1567.16, 77212.2, 46.0763, 3.97399e+06
0.529103, 1566.97, 77203.4, 46.0763, 3.97402e+06
0.529144, 1566.77, 77194.6, 46.0763, 3.97405e+06
0.529184, 1566.58, 77185.8, 46.0763, 3.97407e+06
0.529224, 1566.39, 77177, 46.0763, 3.97409e+06
0.529264, 1566.2, 77168.2, 46.0763, 3.97411e+06
0.529304, 1566.01, 77159.4, 46.0763, 3.97412e+06
0.529344, 1565.82, 77150.6, 46.0763, 3.97413e+06
0.529385, 1565.63, 77141.9, 46.0763, 3.97413e+06
0.529425, 1565.44, 77133.1, 46.0763, 3.97414e+06
0.529465, 1565.25, 77124.3, 46.0763, 3.97415e+06
0.529505, 1565.05, 77115.5, 46.0763, 3.97415e+06
0.529545, 1564.86, 77106.7, 46.0763, 3.97416e+06
0.529585, 1564.67, 77097.9, 46.0763, 3.97416e+06
0.529625, 1564.48, 77089.1, 46.0763, 3.97416e+06
0.529666, 1564.29, 77080.2, 46.0763, 3.97416e+06
0.529706, 1564.1, 77071.4, 46.0763, 3.97415e+06
0.529746, 1563.91, 77062.6, 46.0763, 3.97413e+06
0.529786, 1563.72, 77053.7, 46.0763, 3.97411e+06
0.529826, 1563.53, 77044.9, 46.0763, 3.97409e+06
0.529866, 1563.34, 77036, 46.0763, 3.97407e+06
0.529907, 1563.15, 77027.2, 46.0763, 3.97405e+06
0.529947, 1562.96, 77018.3, 46.0763, 3.97402e+06
0.529987, 1562.76, 77009.4, 46.0763, 3.974e+06
0.530027, 1562.57, 77000.6, 46.0763, 3.97398e+06
0.530067, 1562.38, 76991.7, 46.0763, 3.97397e+06
0.530107, 1562.19, 76982.9, 46.0763, 3.97396e+06
0.530147, 1562, 76974, 46.0763, 3.97395e+06
0.530188, 1561.81, 76965.2, 46.0763, 3.97395e+06
0.530228, 1561.62, 76956.4, 46.0763, 3.97395e+06
0.530268, 1561.43, 76947.5, 46.0763, 3.97395e+06
0.530308, 1561.24, 76938.7, 46.0763, 3.97396e+06
0.530348, 1561.05, 76929.9, 46.0763, 3.97398e+06
0.530388, 1560.86, 76921.1, 46.0763, 3.97399e+06
0.530428, 1560.67, 76912.3, 46.0763, 3.97401e+06
0.530469, 1560.48, 76903.5, 46.0763, 3.97403e+06
0.530509, 1560.29, 76894.7, 46.0763, 3.97405e+06
0.530549, 1560.1, 76885.9, 46.0763, 3.97407e+06
0.530589, 1559.91, 76877.1, 46.0763, 3.97409e+06
0.530629, 1559.72, 76868.3, 46.0763, 3.97411e+06
0.530669, 1559.53, 76859.4, 46.0763, 3.97412e+06
0.530709, 1559.34, 76850.6, 46.0763, 3.97413e+06
0.53075, 1559.15, 76841.8, 46.0763, 3.97414e+06
0.53079, 1558.96, 76833, 46.0763, 3.97414e+06
0.53083, 1558.77, 76824.2, 46.0763, 3.97414e+06
0.53087, 1558.58, 76815.3, 46.0763, 3.97414e+06
0.53091, 1558.39, 76806.5, 46.0763, 3.97413e+06
0.53095, 1558.2, 76797.6, 46.0763, 3.97412e+06
0.53099, 1558.01, 76788.8, 46.0763, 3.9741e+06
0.531031, 1557.82, 76779.9, 46.0763, 3.97407e+06
0.531071, 1557.63, 76771.1, 46.0763, 3.97404e+06
0.531111, 1557.44, 76762.2, 46.0763, 3.97401e+06
0.531151, 1557.25, 76753.4, 46.0763, 3.97397e+06
0.531191, 1557.06, 76744.5, 46.0763, 3.97394e+06
0.531231, 1556.88, 76735.6, 46.0763, 3.9739e+06
0.531271, 1556.69, 76726.8, 46.0763, 3.97387e+06
0.531312, 1556.5, 76717.9, 46.0763, 3.97384e+06
0.531352, 1556.31, 76709.1, 46.0763, 3.97381e+06
0.531392, 1556.12, 76700.2, 46.0763, 3.97379e+06
0.531432, 1555.93, 76691.3, 46.0763, 3.97378e+06
0.531472, 1555.74, 76682.5, 46.0763, 3.97377e+06
0.531512, 1555.55, 76673.6, 46.0763, 3.97376e+06
0.531552, 1555.36, 76664.8, 46.0763, 3.97376e+06
0.531593, 1555.17, 76655.9, 46.0763, 3.97377e+06
0.531633, 1554.98, 76647, 46.0763, 3.97378e+06
0.531673, 1554.79, 76638.1, 46.0763, 3.9738e+06
0.531713, 1554.6, 76629.3, 46.0763, 3.97382e+06
0.531753, 1554.42, 76620.4, 46.0763, 3.97384e+06
0.531793, 1554.23, 76611.5, 46.0763, 3.97387e+06
0.531833, 1554.04, 76602.6, 46.0763, 3.97389e+06
0.531874, 1553.85, 76593.7, 46.0763, 3.97392e+06
0.531914, 1553.66, 76584.8, 46.0763, 3.97396e+06
0.531954, 1553.47, 76575.9, 46.0763, 3.97399e+06
0.531994, 1553.28, 76567, 46.0763, 3.97403e+06
0.532034, 1553.09, 76558.1, 46.0763, 3.97406e+06
0.532074, 1552.9, 76549.2, 46.0763, 3.97409e+06
0.532114, 1552.71, 76540.3, 46.0763, 3.97411e+06
0.532154, 1552.53, 76531.4, 46.0763, 3.97412e+06
0.532195, 1552.34, 76522.5, 46.0763, 3.97413e+06
0.532235, 1552.15, 76513.6, 46.0763, 3.97413e+06
0.532275, 1551.96, 76504.7, 46.0763, 3.97412e+06
0.532315, 1551.77, 76495.8, 46.0763, 3.97411e+06
0.532355, 1551.58, 76486.9, 46.0763, 3.9741e+06
0.532395, 1551.39, 76478, 46.0763, 3.97408e+06
0.532435, 1551.21, 76469.1, 46.0763, 3.97407e+06
0.532476, 1551.02, 76460.2, 46.0763, 3.97405e+06
0.532516, 1550.83, 76451.4, 46.0763, 3.97404e+06
0.532556, 1550.64, 76442.5, 46.0763, 3.97403e+06
0.532596, 1550.45, 76433.6, 46.0763, 3.97402e+06
0.532636, 1550.26, 76424.7, 46.0763, 3.97402e+06
0.532676, 1550.08, 76415.8, 46.0763, 3.97403e+06
0.532716, 1549.89, 76407, 46.0763, 3.97403e+06
0.532757, 1549.7, 76398.1, 46.0763, 3.97405e+06
0.532797, 1549.51, 76389.2, 46.0763, 3.97405e+06
0.532837, 1549.32, 76380.3, 46.0763, 3.97406e+06
0.532877, 1549.13, 76371.4, 46.0763, 3.97407e+06
0.532917, 1548.95, 76362.6, 46.0763, 3.97407e+06
0.532957, 1548.76, 76353.7, 46.0763, 3.97408e+06
0.532997, 1548.57, 76344.8, 46.0763, 3.97407e+06
0.533038, 1548.38, 76335.9, 46.0763, 3.97407e+06
0.533078, 1548.19, 76327, 46.0763, 3.97405e+06
0.533118, 1548, 76318.1, 46.0763, 3.97403e+06
0.533158, 1547.82, 76309.2, 46.0763, 3.974e+06
0.533198, 1547.63, 76300.3, 46.0763, 3.97397e+06
0.533238, 1547.44, 76291.4, 46.0763, 3.97393e+06
0.533278, 1547.25, 76282.5, 46.0763, 3.97389e+06
0.533318, 1547.06, 76273.6, 46.0763, 3.97385e+06
0.533359, 1546.88, 76264.7, 46.0763, 3.97381e+06
0.533399, 1546.69, 76255.8, 46.0763, 3.97377e+06
0.533439, 1546.5, 76246.9, 46.0763, 3.97372e+06
0.533479, 1546.31, 76238, 46.0763, 3.97368e+06
0.533519, 1546.12, 76229.1, 46.0763, 3.97365e+06
0.533559, 1545.94, 76220.2, 46.0763, 3.97363e+06
0.533599, 1545.75, 76211.3, 46.0763, 3.97361e+06
0.533639, 1545.56, 76202.4, 46.0763, 3.9736e+06
0.53368, 1545.37, 76193.5, 46.0763, 3.9736e+06
0.53372, 1545.18, 76184.5, 46.0763, 3.97361e+06
0.53376, 1545, 76175.6, 46.0763, 3.97362e+06
0.5338, 1544.81, 76166.7, 46.0763, 3.97364e+06
0.53384, 1544.62, 76157.8, 46.0763, 3.97367e+06
0.53388, 1544.43, 76148.9, 46.0763, 3.97369e+06
0.53392, 1544.24, 76140, 46.0763, 3.97372e+06
0.53396, 1544.06, 76131.1, 46.0763, 3.97374e+06
0.534001, 1543.87, 76122.2, 46.0763, 3.97376e+06
0.534041, 1543.68, 76113.3, 46.0763, 3.97378e+06
0.534081, 1543.49, 76104.4, 46.0763, 3.97379e+06
0.534121, 1543.31, 76095.5, 46.0763, 3.9738e+06
0.534161, 1543.12, 76086.6, 46.0763, 3.9738e+06
0.534201, 1542.93, 76077.7, 46.0763, 3.97379e+06
0.534241, 1542.74, 76068.8, 46.0763, 3.97379e+06
0.534281, 1542.56, 76059.9, 46.0763, 3.97379e+06
0.534321, 1542.37, 76051, 46.0763, 3.97378e+06
0.534362, 1542.18, 76042, 46.0763, 3.97378e+06
0.534402, 1541.99, 76033.1, 46.0763, 3.97377e+06
0.534442, 1541.81, 76024.2, 46.0763, 3.97375e+06
0.534482, 1541.62, 76015.2, 46.0763, 3.97374e+06
0.534522, 1541.43, 76006.3, 46.0763, 3.97372e+06
0.534562, 1541.24, 75997.3, 46.0763, 3.97369e+06
0.534602, 1541.06, 75988.4, 46.0763, 3.97366e+06
0.534642, 1540.87, 75979.4, 46.0763, 3.97363e+06
0.534683, 1540.68, 75970.5, 46.0763, 3.97359e+06
0.534723, 1540.49, 75961.5, 46.0763, 3.97356e+06
0.534763, 1540.31, 75952.6, 46.0763, 3.97352e+06
0.534803, 1540.12, 75943.6, 46.0763, 3.9735e+06
0.534843, 1539.93, 75934.7, 46.0763, 3.97347e+06
0.534883, 1539.75, 75925.7, 46.0763, 3.97346e+06
0.534923, 1539.56, 75916.7, 46.0763, 3.97345e+06
0.534963, 1539.37, 75907.8, 46.0763, 3.97345e+06
0.535003, 1539.18, 75898.8, 46.0763, 3.97346e+06
0.535044, 1539, 75889.9, 46.0763, 3.97348e+06
0.535084, 1538.81, 75880.9, 46.0763, 3.9735e+06
0.535124, 1538.62, 75872, 46.0763, 3.97353e+06
0.535164, 1538.44, 75863, 46.0763, 3.97357e+06
0.535204, 1538.25, 75854.1, 46.0763, 3.97362e+06
0.535244, 1538.06, 75845.1, 46.0763, 3.97368e+06
0.535284, 1537.87, 75836.2, 46.0763, 3.97374e+06
0.535324, 1537.69, 75827.3, 46.0763, 3.97381e+06
0.535365, 1537.5, 75818.3, 46.0763, 3.97389e+06
0.535405, 1537.31, 75809.4, 46.0763, 3.97397e+06
0.535445, 1537.13, 75800.5, 46.0763, 3.97404e+06
0.535485, 1536.94, 75791.5, 46.0763, 3.97411e+06
0.535525, 1536.75, 75782.6, 46.0763, 3.97417e+06
0.535565, 1536.57, 75773.6, 46.0763, 3.97422e+06
0.535605, 1536.38, 75764.7, 46.0763, 3.97425e+06
0.535645, 1536.19, 75755.7, 46.0763, 3.97426e+06
0.535685, 1536.01, 75746.8, 46.0763, 3.97425e+06
0.535726, 1535.82, 75737.8, 46.0763, 3.97422e+06
0.535766, 1535.63, 75728.8, 46.0763, 3.97417e+06
0.535806, 1535.45, 75719.9, 46.0763, 3.97411e+06
0.535846, 1535.26, 75710.9, 46.0763, 3.97404e+06
0.535886, 1535.07, 75701.9, 46.0763, 3.97396e+06
0.535926, 1534.89, 75693, 46.0763, 3.97388e+06
0.535966, 1534.7, 75684, 46.0763, 3.97381e+06
0.536006, 1534.52, 75675, 46.0763, 3.97374e+06
0.536046, 1534.33, 75666, 46.0763, 3.97368e+06
0.536087, 1534.14, 75657.1, 46.0763, 3.97363e+06
0.536127, 1533.96, 75648.1, 46.0763, 3.97358e+06
0.536167, 1533.77, 75639.1, 46.0763, 3.97355e+06
0.536207, 1533.58, 75630.1, 46.0763, 3.97352e+06
0.536247, 1533.4, 75621.1, 46.0763, 3.97351e+06
0.536287, 1533.21, 75612.1, 46.0763, 3.97351e+06
0.536327, 1533.03, 75603.1, 46.0763, 3.97353e+06
0.536367, 1532.84, 75594.1, 46.0763, 3.97357e+06
0.536407, 1532.65, 75585.1, 46.0763, 3.97362e+06
0.536448, 1532.47, 75576.1, 46.0763, 3.97368e+06
0.536488, 1532.28, 75567.1, 46.0763, 3.97376e+06
0.536528, 1532.1, 75558.1, 46.0763, 3.97384e+06
0.536568, 1531.91, 75549.2, 46.0763, 3.97394e+06
0.536608, 1531.72, 75540.2, 46.0763, 3.97404e+06
0.536648, 1531.54, 75531.2, 46.0763, 3.97414e+06
0.536688, 1531.35, 75522.2, 46.0763, 3.97424e+06
0.536728, 1531.17, 75513.2, 46.0763, 3.97433e+06
0.536768, 1530.98, 75504.2, 46.0763, 3.97441e+06
0.536809, 1530.8, 75495.2, 46.0763, 3.97448e+06
0.536849, 1530.61, 75486.2, 46.0763, 3.97452e+06
0.536889, 1530.42, 75477.2, 46.0763, 3.97455e+06
0.536929, 1530.24, 75468.2, 46.0763, 3.97456e+06
0.536969, 1530.05, 75459.2, 46.0763, 3.97455e+06
0.537009, 1529.87, 75450.2, 46.0763, 3.97453e+06
0.537049, 1529.68, 75441.2, 46.0763, 3.9745e+06
0.537089, 1529.5, 75432.2, 46.0763, 3.97445e+06
0.53713, 1529.31, 75423.2, 46.0763, 3.9744e+06
0.53717, 1529.13, 75414.1, 46.0763, 3.97433e+06
0.53721, 1528.94, 75405.1, 46.0763, 3.97426e+06
0.53725, 1528.76, 75396.1, 46.0763, 3.97418e+06
0.53729, 1528.57, 75387.1, 46.0763, 3.9741e+06
0.53733, 1528.39, 75378.1, 46.0763, 3.97401e+06
0.53737, 1528.2, 75369, 46.0763, 3.97393e+06
0.53741, 1528.02, 75360, 46.0763, 3.97384e+06
0.53745, 1527.83, 75351, 46.0763, 3.97376e+06
0.537491, 1527.65, 75341.9, 46.0763, 3.97368e+06
0.537531, 1527.46, 75332.9, 46.0763, 3.97361e+06
0.537571, 1527.28, 75323.9, 46.0763, 3.97355e+06
0.537611, 1527.09, 75314.8, 46.0763, 3.97349e+06
0.537651, 1526.91, 75305.8, 46.0763, 3.97344e+06
0.537691, 1526.72, 75296.8, 46.0763, 3.9734e+06
0.537731, 1526.54, 75287.7, 46.0763, 3.97338e+06
0.537771, 1526.35, 75278.7, 46.0763, 3.97336e+06
0.537811, 1526.17, 75269.6, 46.0763, 3.97335e+06
0.537852, 1525.98, 75260.6, 46.0763, 3.97334e+06
0.537892, 1525.8, 75251.5, 46.0763, 3.97334e+06
0.537932, 1525.61, 75242.5, 46.0763, 3.97334e+06
0.537972, 1525.43, 75233.4, 46.0763, 3.97335e+06
0.538012, 1525.25, 75224.4, 46.0763, 3.97336e+06
0.538052, 1525.06, 75215.3, 46.0763, 3.97338e+06
0.538092, 1524.88, 75206.3, 46.0763, 3.97341e+06
0.538132, 1524.69, 75197.2, 46.0763, 3.97346e+06
0.538172, 1524.51, 75188.2, 46.0763, 3.97352e+06
0.538213, 1524.32, 75179.1, 46.0763, 3.97359e+06
0.538253, 1524.14, 75170.1, 46.0763, 3.97367e+06
0.538293, 1523.95, 75161, 46.0763, 3.97376e+06
0.538333, 1523.77, 75152, 46.0763, 3.97386e+06
0.538373, 1523.58, 75142.9, 46.0763, 3.97396e+06
0.538413, 1523.4, 75133.8, 46.0763, 3.97405e+06
0.538453, 1523.21, 75124.8, 46.0763, 3.97414e+06
0.538493, 1523.03, 75115.7, 46.0763, 3.97422e+06
0.538533, 1522.85, 75106.7, 46.0763, 3.97428e+06
0.538574, 1522.66, 75097.7, 46.0763, 3.97432e+06
0.538614, 1522.48, 75088.6, 46.0763, 3.97434e+06
0.538654, 1522.29, 75079.6, 46.0763, 3.97434e+06
0.538694, 1522.11, 75070.6, 46.0763, 3.97432e+06
0.538734, 1521.92, 75061.6, 46.0763, 3.97428e+06
0.538774, 1521.74, 75052.5, 46.0763, 3.97422e+06
0.538814, 1521.55, 75043.5, 46.0763, 3.97414e+06
0.538854, 1521.37, 75034.5, 46.0763, 3.97405e+06
0.538894, 1521.19, 75025.5, 46.0763, 3.97395e+06
0.538935, 1521, 75016.5, 46.0763, 3.97385e+06
0.538975, 1520.82, 75007.5, 46.0763, 3.97374e+06
0.539015, 1520.63, 74998.5, 46.0763, 3.97363e+06
0.539055, 1520.45, 74989.4, 46.0763, 3.97354e+06
0.539095, 1520.27, 74980.4, 46.0763, 3.97345e+06
0.539135, 1520.08, 74971.4, 46.0763, 3.97337e+06
0.539175, 1519.9, 74962.3, 46.0763, 3.9733e+06
0.539215, 1519.71, 74953.3, 46.0763, 3.97324e+06
0.539255, 1519.53, 74944.2, 46.0763, 3.97319e+06
0.539296, 1519.34, 74935.2, 46.0763, 3.97316e+06
0.539336, 1519.16, 74926.1, 46.0763, 3.97315e+06
0.539376, 1518.98, 74917.1, 46.0763, 3.97314e+06
0.539416, 1518.79, 74908, 46.0763, 3.97315e+06
0.539456, 1518.61, 74898.9, 46.0763, 3.97316e+06
0.539496, 1518.42, 74889.8, 46.0763, 3.97319e+06
0.539536, 1518.24, 74880.8, 46.0763, 3.97322e+06
0.539576, 1518.06, 74871.7, 46.0763, 3.97325e+06
0.539616, 1517.87, 74862.6, 46.0763, 3.97328e+06
0.539657, 1517.69, 74853.5, 46.0763, 3.97332e+06
0.539697, 1517.5, 74844.4, 46.0763, 3.97336e+06
0.539737, 1517.32, 74835.4, 46.0763, 3.97341e+06
0.539777, 1517.14, 74826.3, 46.0763, 3.97346e+06
0.539817, 1516.95, 74817.2, 46.0763, 3.97352e+06
0.539857, 1516.77, 74808.1, 46.0763, 3.97358e+06
0.539897, 1516.58, 74799, 46.0763, 3.97364e+06
0.539937, 1516.4, 74789.9, 46.0763, 3.97369e+06
0.539977, 1516.22, 74780.8, 46.0763, 3.97375e+06
0.540017, 1516.03, 74771.7, 46.0763, 3.97379e+06
0.540058, 1515.85, 74762.6, 46.0763, 3.97383e+06
0.540098, 1515.67, 74753.5, 46.0763, 3.97386e+06
0.540138, 1515.48, 74744.4, 46.0763, 3.97389e+06
0.540178, 1515.3, 74735.3, 46.0763, 3.97391e+06
0.540218, 1515.12, 74726.2, 46.0763, 3.97393e+06
0.540258, 1514.93, 74717.1, 46.0763, 3.97395e+06
0.540298, 1514.75, 74708, 46.0763, 3.97397e+06
0.540338, 1514.56, 74698.9, 46.0763, 3.97397e+06
0.540378, 1514.38, 74689.8, 46.0763, 3.97397e+06
0.540419, 1514.2, 74680.7, 46.0763, 3.97396e+06
0.540459, 1514.01, 74671.6, 46.0763, 3.97394e+06
0.540499, 1513.83, 74662.4, 46.0763, 3.97391e+06
0.540539, 1513.65, 74653.3, 46.0763, 3.97386e+06
0.540579, 1513.46, 74644.2, 46.0763, 3.9738e+06
0.540619, 1513.28, 74635.1, 46.0763, 3.97373e+06
0.540659, 1513.1, 74626, 46.0763, 3.97366e+06
0.540699, 1512.91, 74616.9, 46.0763, 3.97358e+06
0.540739, 1512.73, 74607.8, 46.0763, 3.97351e+06
0.54078, 1512.55, 74598.7, 46.0763, 3.97344e+06
0.54082, 1512.36, 74589.6, 46.0763, 3.97338e+06
0.54086, 1512.18, 74580.4, 46.0763, 3.97333e+06
0.5409, 1512, 74571.3, 46.0763, 3.97329e+06
0.54094, 1511.81, 74562.2, 46.0763, 3.97326e+06
0.54098, 1511.63, 74553.1, 46.0763, 3.97325e+06
0.54102, 1511.45, 74544, 46.0763, 3.97324e+06
0.54106, 1511.27, 74534.9, 46.0763, 3.97325e+06
0.5411, 1511.08, 74525.7, 46.0763, 3.97327e+06
0.541141, 1510.9, 74516.6, 46.0763, 3.97331e+06
0.541181, 1510.72, 74507.5, 46.0763, 3.97335e+06
0.541221, 1510.53, 74498.4, 46.0763, 3.9734e+06
0.541261, 1510.35, 74489.2, 46.0763, 3.97346e+06
0.541301, 1510.17, 74480.1, 46.0763, 3.97353e+06
0.541341, 1509.99, 74471, 46.0763, 3.9736e+06
0.541381, 1509.8, 74461.8, 46.0763, 3.97368e+06
0.541421, 1509.62, 74452.7, 46.0763, 3.97376e+06
0.541461, 1509.44, 74443.5, 46.0763, 3.97384e+06
0.541502, 1509.26, 74434.4, 46.0763, 3.97391e+06
0.541542, 1509.07, 74425.2, 46.0763, 3.97396e+06
0.541582, 1508.89, 74416.1, 46.0763, 3.97401e+06
0.541622, 1508.71, 74406.9, 46.0763, 3.97403e+06
0.541662, 1508.53, 74397.7, 46.0763, 3.97405e+06
0.541702, 1508.34, 74388.6, 46.0763, 3.97404e+06
0.541742, 1508.16, 74379.4, 46.0763, 3.97403e+06
0.541782, 1507.98, 74370.2, 46.0763, 3.97401e+06
0.541822, 1507.8, 74361.1, 46.0763, 3.97398e+06
0.541863, 1507.61, 74351.9, 46.0763, 3.97394e+06
0.541903, 1507.43, 74342.7, 46.0763, 3.9739e+06
0.541943, 1507.25, 74333.6, 46.0763, 3.97386e+06
0.541983, 1507.07, 74324.4, 46.0763, 3.97381e+06
0.542023, 1506.89, 74315.2, 46.0763, 3.97375e+06
0.542063, 1506.7, 74306.1, 46.0763, 3.9737e+06
0.542103, 1506.52, 74296.9, 46.0763, 3.97364e+06
0.542143, 1506.34, 74287.7, 46.0763, 3.97359e+06
0.542183, 1506.16, 74278.6, 46.0763, 3.97354e+06
0.542223, 1505.97, 74269.4, 46.0763, 3.9735e+06
0.542264, 1505.79, 74260.3, 46.0763, 3.97347e+06
0.542304, 1505.61, 74251.1, 46.0763, 3.97345e+06
0.542344, 1505.43, 74242, 46.0763, 3.97345e+06
0.542384, 1505.25, 74232.8, 46.0763, 3.97346e+06
0.542424, 1505.06, 74223.6, 46.0763, 3.97347e+06
0.542464, 1504.88, 74214.5, 46.0763, 3.9735e+06
0.542504, 1504.7, 74205.3, 46.0763, 3.97353e+06
0.542544, 1504.52, 74196.1, 46.0763, 3.97357e+06
0.542584, 1504.34, 74186.9, 46.0763, 3.97361e+06
0.542625, 1504.16, 74177.7, 46.0763, 3.97365e+06
0.542665, 1503.97, 74168.6, 46.0763, 3.97369e+06
0.542705, 1503.79, 74159.4, 46.0763, 3.97372e+06
0.542745, 1503.61, 74150.2, 46.0763, 3.97374e+06
0.542785, 1503.43, 74141, 46.0763, 3.97374e+06
0.542825, 1503.25, 74131.8, 46.0763, 3.97373e+06
0.542865, 1503.07, 74122.6, 46.0763, 3.97371e+06
0.542905, 1502.88, 74113.4, 46.0763, 3.97368e+06
0.542945, 1502.7, 74104.2, 46.0763, 3.97364e+06
0.542986, 1502.52, 74095, 46.0763, 3.9736e+06
0.543026, 1502.34, 74085.9, 46.0763, 3.97356e+06
0.543066, 1502.16, 74076.7, 46.0763, 3.97352e+06
0.543106, 1501.98, 74067.5, 46.0763, 3.97348e+06
0.543146, 1501.8, 74058.3, 46.0763, 3.97345e+06
0.543186, 1501.61, 74049.1, 46.0763, 3.97343e+06
0.543226, 1501.43, 74039.9, 46.0763, 3.97341e+06
0.543266, 1501.25, 74030.7, 46.0763, 3.9734e+06
0.543306, 1501.07, 74021.5, 46.0763, 3.9734e+06
0.543346, 1500.89, 74012.3, 46.0763, 3.97341e+06
0.543387, 1500.71, 74003.1, 46.0763, 3.97344e+06
0.543427, 1500.53, 73993.9, 46.0763, 3.97348e+06
0.543467, 1500.34, 73984.7, 46.0763, 3.97354e+06
0.543507, 1500.16, 73975.5, 46.0763, 3.9736e+06
0.543547, 1499.98, 73966.2, 46.0763, 3.97368e+06
0.543587, 1499.8, 73957, 46.0763, 3.97376e+06
0.543627, 1499.62, 73947.8, 46.0763, 3.97384e+06
0.543667, 1499.44, 73938.6, 46.0763, 3.97391e+06
0.543707, 1499.26, 73929.4, 46.0763, 3.97397e+06
0.543748, 1499.07, 73920.1, 46.0763, 3.97401e+06
0.543788, 1498.89, 73910.9, 46.0763, 3.97404e+06
0.543828, 1498.71, 73901.7, 46.0763, 3.97405e+06
0.543868, 1498.53, 73892.5, 46.0763, 3.97405e+06
0.543908, 1498.35, 73883.2, 46.0763, 3.97403e+06
0.543948, 1498.17, 73874, 46.0763, 3.974e+06
0.543988, 1497.99, 73864.8, 46.0763, 3.97396e+06
0.544028, 1497.81, 73855.5, 46.0763, 3.97392e+06
0.544068, 1497.63, 73846.3, 46.0763, 3.97386e+06
0.544108, 1497.45, 73837.1, 46.0763, 3.97379e+06
0.544149, 1497.26, 73827.8, 46.0763, 3.97373e+06
0.544189, 1497.08, 73818.6, 46.0763, 3.97367e+06
0.544229, 1496.9, 73809.3, 46.0763, 3.97361e+06
0.544269, 1496.72, 73800.1, 46.0763, 3.97356e+06
0.544309, 1496.54, 73790.9, 46.0763, 3.97351e+06
0.544349, 1496.36, 73781.6, 46.0763, 3.97348e+06
0.544389, 1496.18, 73772.4, 46.0763, 3.97345e+06
0.544429, 1496, 73763.2, 46.0763, 3.97343e+06
0.544469, 1495.82, 73753.9, 46.0763, 3.97341e+06
0.544509, 1495.64, 73744.7, 46.0763, 3.9734e+06
0.54455, 1495.46, 73735.4, 46.0763, 3.9734e+06
0.54459, 1495.28, 73726.2, 46.0763, 3.97341e+06
0.54463, 1495.1, 73716.9, 46.0763, 3.97342e+06
0.54467, 1494.91, 73707.7, 46.0763, 3.97344e+06
0.54471, 1494.73, 73698.4, 46.0763, 3.97347e+06
0.54475, 1494.55, 73689.2, 46.0763, 3.9735e+06
0.54479, 1494.37, 73679.9, 46.0763, 3.97353e+06
0.54483, 1494.19, 73670.7, 46.0763, 3.97356e+06
0.54487, 1494.01, 73661.5, 46.0763, 3.97359e+06
0.54491, 1493.83, 73652.2, 46.0763, 3.9736e+06
0.544951, 1493.65, 73643, 46.0763, 3.97361e+06
0.544991, 1493.47, 73633.7, 46.0763, 3.97361e+06
0.545031, 1493.29, 73624.5, 46.0763, 3.9736e+06
0.545071, 1493.11, 73615.2, 46.0763, 3.97358e+06
0.545111, 1492.93, 73605.9, 46.0763, 3.97356e+06
0.545151, 1492.75, 73596.7, 46.0763, 3.97355e+06
0.545191, 1492.57, 73587.4, 46.0763, 3.97353e+06
0.545231, 1492.39, 73578.2, 46.0763, 3.97351e+06
0.545271, 1492.21, 73568.9, 46.0763, 3.9735e+06
0.545311, 1492.03, 73559.6, 46.0763, 3.9735e+06
0.545352, 1491.85, 73550.4, 46.0763, 3.9735e+06
0.545392, 1491.67, 73541.1, 46.0763, 3.9735e+06
0.545432, 1491.49, 73531.8, 46.0763, 3.97351e+06
0.545472, 1491.31, 73522.6, 46.0763, 3.97353e+06
0.545512, 1491.13, 73513.3, 46.0763, 3.97354e+06
0.545552, 1490.95, 73504, 46.0763, 3.97355e+06
0.545592, 1490.77, 73494.7, 46.0763, 3.97355e+06
0.545632, 1490.59, 73485.4, 46.0763, 3.97355e+06
0.545672, 1490.41, 73476.1, 46.0763, 3.97354e+06
0.545712, 1490.23, 73466.9, 46.0763, 3.97352e+06
0.545752, 1490.05, 73457.6, 46.0763, 3.97349e+06
0.545793, 1489.87, 73448.3, 46.0763, 3.97346e+06
0.545833, 1489.69, 73439, 46.0763, 3.97342e+06
0.545873, 1489.51, 73429.7, 46.0763, 3.97338e+06
0.545913, 1489.33, 73420.4, 46.0763, 3.97335e+06
0.545953, 1489.15, 73411.1, 46.0763, 3.97331e+06
0.545993, 1488.97, 73401.9, 46.0763, 3.97328e+06
0.546033, 1488.79, 73392.6, 46.0763, 3.97326e+06
0.546073, 1488.61, 73383.3, 46.0763, 3.97325e+06
0.546113, 1488.43, 73374, 46.0763, 3.97324e+06
0.546153, 1488.25, 73364.7, 46.0763, 3.97325e+06
0.546194, 1488.07, 73355.4, 46.0763, 3.97326e+06
0.546234, 1487.89, 73346.1, 46.0763, 3.97327e+06
0.546274, 1487.71, 73336.9, 46.0763, 3.9733e+06
0.546314, 1487.53, 73327.6, 46.0763, 3.97332e+06
0.546354, 1487.35, 73318.3, 46.0763, 3.97335e+06
0.546394, 1487.17, 73309, 46.0763, 3.97338e+06
0.546434, 1487, 73299.7, 46.0763, 3.9734e+06
0.546474, 1486.82, 73290.4, 46.0763, 3.97343e+06
0.546514, 1486.64, 73281.1, 46.0763, 3.97346e+06
0.546554, 1486.46, 73271.8, 46.0763, 3.97348e+06
0.546594, 1486.28, 73262.5, 46.0763, 3.97351e+06
0.546635, 1486.1, 73253.2, 46.0763, 3.97354e+06
0.546675, 1485.92, 73243.9, 46.0763, 3.97356e+06
0.546715, 1485.74, 73234.6, 46.0763, 3.97359e+06
0.546755, 1485.56, 73225.2, 46.0763, 3.97362e+06
0.546795, 1485.38, 73215.9, 46.0763, 3.97364e+06
0.546835, 1485.2, 73206.6, 46.0763, 3.97366e+06
0.546875, 1485.02, 73197.2, 46.0763, 3.97368e+06
0.546915, 1484.84, 73187.9, 46.0763, 3.97369e+06
0.546955, 1484.66, 73178.6, 46.0763, 3.97371e+06
0.546995, 1484.48, 73169.3, 46.0763, 3.97371e+06
0.547036, 1484.31, 73159.9, 46.0763, 3.97372e+06
0.547076, 1484.13, 73150.6, 46.0763, 3.97372e+06
0.547116, 1483.95, 73141.2, 46.0763, 3.97371e+06
0.547156, 1483.77, 73131.9, 46.0763, 3.9737e+06
0.547196, 1483.59, 73122.6, 46.0763, 3.97369e+06
0.547236, 1483.41, 73113.2, 46.0763, 3.97367e+06
0.547276, 1483.23, 73103.9, 46.0763, 3.97365e+06
0.547316, 1483.05, 73094.6, 46.0763, 3.97363e+06
0.547356, 1482.87, 73085.2, 46.0763, 3.97361e+06
0.547396, 1482.69, 73075.9, 46.0763, 3.97359e+06
0.547436, 1482.51, 73066.6, 46.0763, 3.97358e+06
0.547477, 1482.34, 73057.2, 46.0763, 3.97357e+06
0.547517, 1482.16, 73047.9, 46.0763, 3.97356e+06
0.547557, 1481.98, 73038.5, 46.0763, 3.97356e+06
0.547597, 1481.8, 73029.1, 46.0763, 3.97355e+06
0.547637, 1481.62, 73019.8, 46.0763, 3.97355e+06
0.547677, 1481.44, 73010.4, 46.0763, 3.97355e+06
0.547717, 1481.26, 73001, 46.0763, 3.97355e+06
0.547757, 1481.09, 72991.7, 46.0763, 3.97355e+06
0.547797, 1480.91, 72982.3, 46.0763, 3.97354e+06
0.547837, 1480.73, 72972.9, 46.0763, 3.97354e+06
0.547877, 1480.55, 72963.5, 46.0763, 3.97354e+06
0.547918, 1480.37, 72954.1, 46.0763, 3.97353e+06
0.547958, 1480.19, 72944.8, 46.0763, 3.97353e+06
0.547998, 1480.02, 72935.4, 46.0763, 3.97352e+06
0.548038, 1479.84, 72926, 46.0763, 3.97351e+06
0.548078, 1479.66, 72916.6, 46.0763, 3.9735e+06
0.548118, 1479.48, 72907.2, 46.0763, 3.97349e+06
0.548158, 1479.3, 72897.9, 46.0763, 3.97347e+06
0.548198, 1479.12, 72888.5, 46.0763, 3.97345e+06
0.548238, 1478.95, 72879.1, 46.0763, 3.97343e+06
0.548278, 1478.77, 72869.7, 46.0763, 3.97341e+06
0.548318, 1478.59, 72860.3, 46.0763, 3.97339e+06
0.548359, 1478.41, 72850.9, 46.0763, 3.97338e+06
0.548399, 1478.23, 72841.5, 46.0763, 3.97338e+06
0.548439, 1478.06, 72832.1, 46.0763, 3.97339e+06
0.548479, 1477.88, 72822.7, 46.0763, 3.9734e+06
0.548519, 1477.7, 72813.3, 46.0763, 3.97342e+06
0.548559, 1477.52, 72803.9, 46.0763, 3.97345e+06
0.548599, 1477.34, 72794.5, 46.0763, 3.97348e+06
0.548639, 1477.17, 72785.1, 46.0763, 3.97351e+06
0.548679, 1476.99, 72775.7, 46.0763, 3.97353e+06
0.548719, 1476.81, 72766.3, 46.0763, 3.97356e+06
0.548759, 1476.63, 72756.9, 46.0763, 3.97359e+06
0.548799, 1476.45, 72747.5, 46.0763, 3.97362e+06
0.54884, 1476.28, 72738.1, 46.0763, 3.97365e+06
0.54888, 1476.1, 72728.7, 46.0763, 3.97368e+06
0.54892, 1475.92, 72719.3, 46.0763, 3.97371e+06
0.54896, 1475.74, 72709.9, 46.0763, 3.97374e+06
0.549, 1475.56, 72700.4, 46.0763, 3.97376e+06
0.54904, 1475.39, 72691, 46.0763, 3.97378e+06
0.54908, 1475.21, 72681.6, 46.0763, 3.9738e+06
0.54912, 1475.03, 72672.1, 46.0763, 3.97381e+06
0.54916, 1474.85, 72662.7, 46.0763, 3.97383e+06
0.5492, 1474.68, 72653.3, 46.0763, 3.97383e+06
0.54924, 1474.5, 72643.8, 46.0763, 3.97384e+06
0.54928, 1474.32, 72634.4, 46.0763, 3.97384e+06
0.54932, 1474.14, 72625, 46.0763, 3.97385e+06
0.549361, 1473.97, 72615.5, 46.0763, 3.97385e+06
0.549401, 1473.79, 72606.1, 46.0763, 3.97385e+06
0.549441, 1473.61, 72596.6, 46.0763, 3.97384e+06
0.549481, 1473.44, 72587.2, 46.0763, 3.97382e+06
0.549521, 1473.26, 72577.7, 46.0763, 3.9738e+06
0.549561, 1473.08, 72568.3, 46.0763, 3.97376e+06
0.549601, 1472.9, 72558.9, 46.0763, 3.97372e+06
0.549641, 1472.73, 72549.4, 46.0763, 3.97367e+06
0.549681, 1472.55, 72540, 46.0763, 3.97361e+06
0.549721, 1472.37, 72530.5, 46.0763, 3.97356e+06
0.549761, 1472.2, 72521, 46.0763, 3.9735e+06
0.549801, 1472.02, 72511.6, 46.0763, 3.97345e+06
0.549842, 1471.84, 72502.1, 46.0763, 3.9734e+06
0.549882, 1471.66, 72492.7, 46.0763, 3.97335e+06
0.549922, 1471.49, 72483.2, 46.0763, 3.97331e+06
0.549962, 1471.31, 72473.8, 46.0763, 3.97328e+06
0.550002, 1471.13, 72464.3, 46.0763, 3.97325e+06
0.550042, 1470.96, 72454.9, 46.0763, 3.97321e+06
0.550082, 1470.78, 72445.4, 46.0763, 3.97318e+06
0.550122, 1470.6, 72436, 46.0763, 3.97314e+06
0.550162, 1470.43, 72426.5, 46.0763, 3.97311e+06
0.550202, 1470.25, 72417.1, 46.0763, 3.97308e+06
0.550242, 1470.07, 72407.6, 46.0763, 3.97305e+06
0.550282, 1469.9, 72398.2, 46.0763, 3.97303e+06
0.550323, 1469.72, 72388.7, 46.0763, 3.97301e+06
0.550363, 1469.54, 72379.2, 46.0763, 3.97299e+06
0.550403, 1469.36, 72369.8, 46.0763, 3.97299e+06
0.550443, 1469.19, 72360.3, 46.0763, 3.97299e+06
0.550483, 1469.01, 72350.9, 46.0763, 3.973e+06
0.550523, 1468.83, 72341.4, 46.0763, 3.97301e+06
0.550563, 1468.66, 72332, 46.0763, 3.97304e+06
0.550603, 1468.48, 72322.5, 46.0763, 3.97307e+06
0.550643, 1468.3, 72313, 46.0763, 3.9731e+06
0.550683, 1468.13, 72303.5, 46.0763, 3.97313e+06
0.550723, 1467.95, 72294.1, 46.0763, 3.97317e+06
0.550764, 1467.77, 72284.6, 46.0763, 3.97322e+06
0.550804, 1467.6, 72275.1, 46.0763, 3.97326e+06
0.550844, 1467.42, 72265.6, 46.0763, 3.97332e+06
0.550884, 1467.24, 72256.2, 46.0763, 3.97337e+06
0.550924, 1467.07, 72246.7, 46.0763, 3.97343e+06
0.550964, 1466.89, 72237.2, 46.0763, 3.97349e+06
0.551004, 1466.72, 72227.7, 46.0763, 3.97354e+06
0.551044, 1466.54, 72218.2, 46.0763, 3.97358e+06
0.551084, 1466.36, 72208.7, 46.0763, 3.97361e+06
0.551124, 1466.19, 72199.2, 46.0763, 3.97363e+06
0.551164, 1466.01, 72189.7, 46.0763, 3.97363e+06
0.551204, 1465.83, 72180.3, 46.0763, 3.97362e+06
0.551245, 1465.66, 72170.8, 46.0763, 3.97359e+06
0.551285, 1465.48, 72161.3, 46.0763, 3.97355e+06
0.551325, 1465.3, 72151.8, 46.0763, 3.9735e+06
0.551365, 1465.13, 72142.3, 46.0763, 3.97344e+06
0.551405, 1464.95, 72132.8, 46.0763, 3.97338e+06
0.551445, 1464.77, 72123.3, 46.0763, 3.97332e+06
0.551485, 1464.6, 72113.8, 46.0763, 3.97326e+06
0.551525, 1464.42, 72104.4, 46.0763, 3.97321e+06
0.551565, 1464.25, 72094.9, 46.0763, 3.97318e+06
0.551605, 1464.07, 72085.4, 46.0763, 3.97316e+06
0.551646, 1463.89, 72075.9, 46.0763, 3.97316e+06
0.551686, 1463.72, 72066.4, 46.0763, 3.97316e+06
0.551726, 1463.54, 72056.9, 46.0763, 3.97319e+06
0.551766, 1463.37, 72047.4, 46.0763, 3.97322e+06
0.551806, 1463.19, 72037.9, 46.0763, 3.97326e+06
0.551846, 1463.01, 72028.4, 46.0763, 3.97329e+06
0.551886, 1462.84, 72019, 46.0763, 3.97333e+06
0.551926, 1462.66, 72009.5, 46.0763, 3.97336e+06
0.551966, 1462.49, 72000, 46.0763, 3.97339e+06
0.552006, 1462.31, 71990.5, 46.0763, 3.97341e+06
0.552046, 1462.13, 71981, 46.0763, 3.97343e+06
0.552086, 1461.96, 71971.5, 46.0763, 3.97344e+06
0.552127, 1461.78, 71961.9, 46.0763, 3.97345e+06
0.552167, 1461.61, 71952.4, 46.0763, 3.97346e+06
0.552207, 1461.43, 71942.9, 46.0763, 3.97346e+06
0.552247, 1461.26, 71933.4, 46.0763, 3.97346e+06
0.552287, 1461.08, 71923.9, 46.0763, 3.97346e+06
0.552327, 1460.9, 71914.4, 46.0763, 3.97346e+06
0.552367, 1460.73, 71904.8, 46.0763, 3.97346e+06
0.552407, 1460.55, 71895.3, 46.0763, 3.97346e+06
0.552447, 1460.38, 71885.8, 46.0763, 3.97346e+06
0.552487, 1460.2, 71876.2, 46.0763, 3.97346e+06
0.552527, 1460.03, 71866.7, 46.0763, 3.97346e+06
0.552568, 1459.85, 71857.1, 46.0763, 3.97345e+06
0.552608, 1459.68, 71847.6, 46.0763, 3.97345e+06
0.552648, 1459.5, 71838.1, 46.0763, 3.97345e+06
0.552688, 1459.33, 71828.5, 46.0763, 3.97346e+06
0.552728, 1459.15, 71819, 46.0763, 3.97348e+06
0.552768, 1458.98, 71809.4, 46.0763, 3.97349e+06
0.552808, 1458.8, 71799.8, 46.0763, 3.97352e+06
0.552848, 1458.63, 71790.3, 46.0763, 3.97354e+06
0.552888, 1458.45, 71780.7, 46.0763, 3.97357e+06
0.552928, 1458.28, 71771.2, 46.0763, 3.97359e+06
0.552968, 1458.1, 71761.6, 46.0763, 3.97362e+06
0.553009, 1457.93, 71752.1, 46.0763, 3.97363e+06
0.553049, 1457.75, 71742.5, 46.0763, 3.97364e+06
0.553089, 1457.58, 71733, 46.0763, 3.97365e+06
0.553129, 1457.4, 71723.4, 46.0763, 3.97365e+06
0.553169, 1457.23, 71713.9, 46.0763, 3.97364e+06
0.553209, 1457.05, 71704.3, 46.0763, 3.97362e+06
0.553249, 1456.88, 71694.8, 46.0763, 3.9736e+06
0.553289, 1456.7, 71685.2, 46.0763, 3.97358e+06
0.553329, 1456.53, 71675.7, 46.0763, 3.97355e+06
0.553369, 1456.35, 71666.2, 46.0763, 3.97353e+06
0.553409, 1456.18, 71656.6, 46.0763, 3.97351e+06
0.553449, 1456, 71647.1, 46.0763, 3.97348e+06
0.55349, 1455.83, 71637.5, 46.0763, 3.97346e+06
0.55353, 1455.66, 71628, 46.0763, 3.97344e+06
0.55357, 1455.48, 71618.5, 46.0763, 3.97342e+06
0.55361, 1455.31, 71608.9, 46.0763, 3.9734e+06
0.55365, 1455.13, 71599.4, 46.0763, 3.97338e+06
0.55369, 1454.96, 71589.8, 46.0763, 3.97337e+06
0.55373, 1454.78, 71580.2, 46.0763, 3.97336e+06
0.55377, 1454.61, 71570.7, 46.0763, 3.97335e+06
0.55381, 1454.43, 71561.1, 46.0763, 3.97334e+06
0.55385, 1454.26, 71551.5, 46.0763, 3.97334e+06
0.55389, 1454.09, 71541.9, 46.0763, 3.97334e+06
0.55393, 1453.91, 71532.4, 46.0763, 3.97334e+06
0.553971, 1453.74, 71522.8, 46.0763, 3.97334e+06
0.554011, 1453.56, 71513.2, 46.0763, 3.97334e+06
0.554051, 1453.39, 71503.6, 46.0763, 3.97334e+06
0.554091, 1453.22, 71494.1, 46.0763, 3.97335e+06
0.554131, 1453.04, 71484.5, 46.0763, 3.97336e+06
0.554171, 1452.87, 71474.9, 46.0763, 3.97337e+06
0.554211, 1452.69, 71465.3, 46.0763, 3.97339e+06
0.554251, 1452.52, 71455.8, 46.0763, 3.97342e+06
0.554291, 1452.35, 71446.2, 46.0763, 3.97345e+06
0.554331, 1452.17, 71436.7, 46.0763, 3.97348e+06
0.554371, 1452, 71427.1, 46.0763, 3.97351e+06
0.554412, 1451.82, 71417.6, 46.0763, 3.97355e+06
0.554452, 1451.65, 71408, 46.0763, 3.97358e+06
0.554492, 1451.48, 71398.5, 46.0763, 3.9736e+06
0.554532, 1451.3, 71389, 46.0763, 3.97363e+06
0.554572, 1451.13, 71379.4, 46.0763, 3.97364e+06
0.554612, 1450.95, 71369.9, 46.0763, 3.97366e+06
0.554652, 1450.78, 71360.3, 46.0763, 3.97367e+06
0.554692, 1450.61, 71350.8, 46.0763, 3.97367e+06
0.554732, 1450.43, 71341.2, 46.0763, 3.97366e+06
0.554772, 1450.26, 71331.7, 46.0763, 3.97364e+06
0.554812, 1450.08, 71322.2, 46.0763, 3.97362e+06
0.554852, 1449.91, 71312.6, 46.0763, 3.97359e+06
0.554893, 1449.74, 71303.1, 46.0763, 3.97356e+06
0.554933, 1449.56, 71293.5, 46.0763, 3.97352e+06
0.554973, 1449.39, 71283.9, 46.0763, 3.97348e+06
0.555013, 1449.22, 71274.4, 46.0763, 3.97344e+06
0.555053, 1449.04, 71264.8, 46.0763, 3.97339e+06
0.555093, 1448.87, 71255.3, 46.0763, 3.97335e+06
0.555133, 1448.69, 71245.7, 46.0763, 3.97331e+06
0.555173, 1448.52, 71236.1, 46.0763, 3.97327e+06
0.555213, 1448.35, 71226.6, 46.0763, 3.97324e+06
0.555253, 1448.17, 71217, 46.0763, 3.97322e+06
0.555293, 1448, 71207.5, 46.0763, 3.9732e+06
0.555334, 1447.83, 71197.9, 46.0763, 3.97319e+06
0.555374, 1447.65, 71188.3, 46.0763, 3.97318e+06
0.555414, 1447.48, 71178.8, 46.0763, 3.97317e+06
0.555454, 1447.31, 71169.3, 46.0763, 3.97316e+06
0.555494, 1447.13, 71159.7, 46.0763, 3.97316e+06
0.555534, 1446.96, 71150.2, 46.0763, 3.97316e+06
0.555574, 1446.79, 71140.6, 46.0763, 3.97317e+06
0.555614, 1446.61, 71131, 46.0763, 3.97318e+06
0.555654, 1446.44, 71121.5, 46.0763, 3.97318e+06
0.555694, 1446.26, 71111.9, 46.0763, 3.97319e+06
0.555735, 1446.09, 71102.4, 46.0763, 3.97319e+06
0.555775, 1445.92, 71092.8, 46.0763, 3.97319e+06
0.555815, 1445.74, 71083.2, 46.0763, 3.97318e+06
0.555855, 1445.57, 71073.6, 46.0763, 3.97318e+06
0.555895, 1445.4, 71064.1, 46.0763, 3.97317e+06
0.555935, 1445.23, 71054.5, 46.0763, 3.97317e+06
0.555975, 1445.05, 71044.9, 46.0763, 3.97317e+06
0.556015, 1444.88, 71035.3, 46.0763, 3.97317e+06
0.556055, 1444.71, 71025.7, 46.0763, 3.97317e+06
0.556095, 1444.53, 71016.2, 46.0763, 3.97317e+06
0.556135, 1444.36, 71006.6, 46.0763, 3.97318e+06
0.556176, 1444.19, 70997, 46.0763, 3.97318e+06
0.556216, 1444.01, 70987.4, 46.0763, 3.9732e+06
0.556256, 1443.84, 70977.8, 46.0763, 3.97322e+06
0.556296, 1443.67, 70968.3, 46.0763, 3.97326e+06
0.556336, 1443.49, 70958.7, 46.0763, 3.97331e+06
0.556376, 1443.32, 70949.2, 46.0763, 3.97336e+06
0.556416, 1443.15, 70939.6, 46.0763, 3.97342e+06
0.556456, 1442.98, 70930, 46.0763, 3.97349e+06
0.556496, 1442.8, 70920.5, 46.0763, 3.97355e+06
0.556536, 1442.63, 70910.9, 46.0763, 3.97361e+06
0.556576, 1442.46, 70901.4, 46.0763, 3.97366e+06
0.556617, 1442.29, 70891.8, 46.0763, 3.97369e+06
0.556657, 1442.11, 70882.2, 46.0763, 3.9737e+06
0.556697, 1441.94, 70872.7, 46.0763, 3.97369e+06
0.556737, 1441.77, 70863.1, 46.0763, 3.97367e+06
0.556777, 1441.6, 70853.6, 46.0763, 3.97363e+06
0.556817, 1441.42, 70844, 46.0763, 3.97359e+06
0.556857, 1441.25, 70834.5, 46.0763, 3.97353e+06
0.556897, 1441.08, 70824.9, 46.0763, 3.97348e+06
0.556937, 1440.91, 70815.4, 46.0763, 3.97343e+06
0.556977, 1440.73, 70805.8, 46.0763, 3.97339e+06
0.557018, 1440.56, 70796.3, 46.0763, 3.97335e+06
0.557058, 1440.39, 70786.7, 46.0763, 3.97332e+06
0.557098, 1440.22, 70777.1, 46.0763, 3.9733e+06
0.557138, 1440.04, 70767.6, 46.0763, 3.97329e+06
0.557178, 1439.87, 70758, 46.0763, 3.97329e+06
0.557218, 1439.7, 70748.5, 46.0763, 3.97329e+06
0.557258, 1439.53, 70738.9, 46.0763, 3.97331e+06
0.557298, 1439.36, 70729.3, 46.0763, 3.97334e+06
0.557338, 1439.18, 70719.7, 46.0763, 3.97337e+06
0.557378, 1439.01, 70710.2, 46.0763, 3.97341e+06
0.557418, 1438.84, 70700.6, 46.0763, 3.97345e+06
0.557459, 1438.67, 70691, 46.0763, 3.97349e+06
0.557499, 1438.5, 70681.4, 46.0763, 3.97353e+06
0.557539, 1438.32, 70671.8, 46.0763, 3.97355e+06
0.557579, 1438.15, 70662.2, 46.0763, 3.97356e+06
0.557619, 1437.98, 70652.6, 46.0763, 3.97356e+06
0.557659, 1437.81, 70643, 46.0763, 3.97355e+06
0.557699, 1437.64, 70633.4, 46.0763, 3.97353e+06
0.557739, 1437.46, 70623.8, 46.0763, 3.9735e+06
0.557779, 1437.29, 70614.1, 46.0763, 3.97347e+06
0.557819, 1437.12, 70604.5, 46.0763, 3.97344e+06
0.557859, 1436.95, 70594.9, 46.0763, 3.97341e+06
0.5579, 1436.78, 70585.3, 46.0763, 3.97338e+06
0.55794, 1436.61, 70575.7, 46.0763, 3.97336e+06
0.55798, 1436.43, 70566.1, 46.0763, 3.97334e+06
0.55802, 1436.26, 70556.5, 46.0763, 3.97332e+06
0.55806, 1436.09, 70546.9, 46.0763, 3.97331e+06
0.5581, 1435.92, 70537.3, 46.0763, 3.9733e+06
0.55814, 1435.75, 70527.7, 46.0763, 3.97328e+06
0.55818, 1435.58, 70518.1, 46.0763, 3.97327e+06
0.55822, 1435.41, 70508.5, 46.0763, 3.97326e+06
0.55826, 1435.23, 70498.9, 46.0763, 3.97325e+06
0.5583, 1435.06, 70489.3, 46.0763, 3.97324e+06
0.558341, 1434.89, 70479.8, 46.0763, 3.97324e+06
0.558381, 1434.72, 70470.2, 46.0763, 3.97324e+06
0.558421, 1434.55, 70460.6, 46.0763, 3.97325e+06
0.558461, 1434.38, 70451, 46.0763, 3.97327e+06
0.558501, 1434.21, 70441.4, 46.0763, 3.97328e+06
0.558541, 1434.04, 70431.8, 46.0763, 3.9733e+06
0.558581, 1433.86, 70422.2, 46.0763, 3.97332e+06
0.558621, 1433.69, 70412.6, 46.0763, 3.97334e+06
0.558661, 1433.52, 70403, 46.0763, 3.97336e+06
0.558701, 1433.35, 70393.3, 46.0763, 3.97338e+06
0.558742, 1433.18, 70383.7, 46.0763, 3.97339e+06
0.558782, 1433.01, 70374.1, 46.0763, 3.9734e+06
0.558822, 1432.84, 70364.4, 46.0763, 3.9734e+06
0.558862, 1432.67, 70354.8, 46.0763, 3.97339e+06
0.558902, 1432.5, 70345.2, 46.0763, 3.97337e+06
0.558942, 1432.33, 70335.6, 46.0763, 3.97335e+06
0.558982, 1432.16, 70325.9, 46.0763, 3.97332e+06
0.559022, 1431.98, 70316.3, 46.0763, 3.97329e+06
0.559062, 1431.81, 70306.7, 46.0763, 3.97326e+06
0.559102, 1431.64, 70297.1, 46.0763, 3.97323e+06
0.559142, 1431.47, 70287.5, 46.0763, 3.9732e+06
0.559183, 1431.3, 70277.8, 46.0763, 3.97318e+06
0.559223, 1431.13, 70268.2, 46.0763, 3.97317e+06
0.559263, 1430.96, 70258.6, 46.0763, 3.97316e+06
0.559303, 1430.79, 70249, 46.0763, 3.97316e+06
0.559343, 1430.62, 70239.4, 46.0763, 3.97316e+06
0.559383, 1430.45, 70229.8, 46.0763, 3.97317e+06
0.559423, 1430.28, 70220.1, 46.0763, 3.97319e+06
0.559463, 1430.11, 70210.5, 46.0763, 3.97321e+06
0.559503, 1429.94, 70200.9, 46.0763, 3.97323e+06
0.559543, 1429.77, 70191.3, 46.0763, 3.97326e+06
0.559584, 1429.6, 70181.6, 46.0763, 3.97328e+06
0.559624, 1429.43, 70172, 46.0763, 3.97331e+06
0.559664, 1429.25, 70162.4, 46.0763, 3.97332e+06
0.559704, 1429.08, 70152.8, 46.0763, 3.97333e+06
0.559744, 1428.91, 70143.2, 46.0763, 3.97334e+06
0.559784, 1428.74, 70133.5, 46.0763, 3.97334e+06
0.559824, 1428.57, 70123.9, 46.0763, 3.97333e+06
0.559864, 1428.4, 70114.3, 46.0763, 3.97331e+06
0.559904, 1428.23, 70104.7, 46.0763, 3.97329e+06
0.559945, 1428.06, 70095.1, 46.0763, 3.97326e+06
0.559985, 1427.89, 70085.5, 46.0763, 3.97324e+06
0.56, 1427.83, 70081.8, 46.0763, 3.97322e+06
