 VARIABLES  =  "X"  "temp"  "u"  "rho"  "Y_H" "Y_H2" "Y_O" "Y_OH" "Y_H2O" "Y_O2" "Y_HO2" "Y_H2O2" "Y_N2" "Y_AR" "Y_HE" "Y_CO" "Y_CO2"
 ZONE  I=463  FORMAT=POINT  SPECFORMAT=MASS 
0.0 298.0 0.2021716555995684 1.0219494605490174 -1.3136677892887516e-21 0.011607600905729352 -5.362197247614983e-20 -7.923768111997019e-21 -9.228223072672782e-21 0.23029514743554844 -7.457022806229375e-20 6.341000146385914e-20 0.7580972516587223 0.0 8.043271765599085e-201 0.0 0.0
0.000130078125 298.0 0.20217165559950856 1.02194946054932 -4.315824015647354e-24 0.011607600905703674 -5.253405457097005e-20 -1.2342654932265758e-21 -1.893487550669305e-20 0.23029514743555385 -2.440135873226169e-19 6.339026495068198e-20 0.7580972516587425 0.0 1.0369461880006528e-200 0.0 0.0
0.00020015625 298.0 0.20217165559946818 1.021949460549524 -1.8966458021172178e-25 0.011607600905686338 -5.195579959049225e-20 -4.031934466090842e-22 -2.0656382181392848e-20 0.23029514743555748 -2.4903057290592572e-19 6.338841415887362e-20 0.7580972516587563 0.0 1.1894285527821573e-200 0.0 0.0
0.000270234375 298.0 0.2021716555994206 1.0219494605497645 -8.472739815664887e-26 0.011607600905665932 -5.13844693522615e-20 -1.7301667967013135e-22 -2.1582601502448375e-20 0.23029514743556176 -2.520143124845305e-19 6.338853567006362e-20 0.7580972516587724 0.0 1.364994486329647e-200 0.0 0.0
0.0003403125 298.0 0.20217165559936456 1.0219494605500477 -6.242682981889098e-26 0.011607600905641904 -5.08204727727198e-20 -1.068960251418263e-22 -2.2273496370015044e-20 0.2302951474355668 -2.545478193065677e-19 6.338919441756194e-20 0.7580972516587914 0.0 1.5670881133107942e-200 0.0 0.0
0.00048046875 298.0 0.20217165559922284 1.021949460550764 -5.4941298149282e-26 0.011607600905581092 -4.9715747656062974e-20 -8.595794700972875e-23 -2.342023116440186e-20 0.23029514743557958 -2.592395620790882e-19 6.339086334818054e-20 0.7580972516588395 0.0 2.0627074507500478e-200 0.0 0.0
0.00076078125 298.0 0.20217165559878872 1.0219494605529587 -5.190719217750169e-26 0.011607600905394805 -4.759469992576579e-20 -8.018919548889512e-23 -2.5077826595820296e-20 0.23029514743561874 -2.6816105400196074e-19 6.339438046929788e-20 0.7580972516589866 0.0 3.501167390345702e-200 0.0 0.0
0.00118125 298.0 0.20217165559756065 1.0219494605591664 -4.8616241317118693e-26 0.011607600904867817 -4.4607420954291423e-20 -7.505546759808051e-23 -2.403505790478342e-20 0.23029514743572949 -2.807116932312296e-19 6.34008486663142e-20 0.7580972516594028 0.0 7.273545773160969e-200 0.0 0.0
0.001741875 298.00000000000006 0.20217165559389214 1.02194946057771 -4.462303691996306e-26 0.011607600903293647 -4.094439197966429e-20 -6.888913915870444e-23 1.3231842982601428e-21 0.23029514743606025 -2.960890437640443e-19 6.342035220132308e-20 0.7580972516606462 0.0 1.7536326834965917e-199 0.0 0.0
0.0023025 298.0000000000003 0.20217165558502365 1.021949460622539 -4.09723666299831e-26 0.011607600899488072 -3.7594708838165934e-20 -6.325316198320319e-23 1.608624920231487e-19 0.23029514743685994 -3.101304039884734e-19 6.35089807801357e-20 0.758097251663652 0.0 3.989280633304561e-199 0.0 0.0
0.0034237499999999997 298.0000000000029 0.20217165552957367 1.021949460902831 -3.475343189902634e-26 0.011607600875693534 -3.1888469406670896e-20 -5.365234022687248e-23 2.700377156117525e-18 0.23029514744185994 -3.3337691958988785e-19 6.493320733491965e-20 0.7580972516824466 0.0 1.6282320057384514e-198 0.0 0.0
0.005666249999999999 298.0000000000611 0.2021716549470875 1.0219494638472175 -2.5497060378318313e-26 0.011607600625729762 -2.339514126410249e-20 -3.936241980529227e-23 7.695125381637263e-17 0.23029514749438523 -3.4643303078383607e-19 1.100746838936897e-19 0.758097251879885 0.0 1.2573049448886109e-197 0.0 0.0
0.00903 298.00000000163243 0.20217164788132336 1.0219494995636687 -1.432679733442097e-26 0.011607597593328517 -1.3143911516862736e-20 -2.212120892201275e-23 2.710122204043336e-15 0.23029514813158047 4.76394898927482e-19 1.863282977527272e-18 0.7580972542750883 0.0 1.2168295026716754e-196 0.0 0.0
0.013515 298.00000005355287 0.20217154499899734 1.0219500196197506 9.757776212414826e-26 0.011607553431044885 8.962351862432141e-20 1.5047473274330542e-22 1.1749836216571086e-13 0.2302951574109769 4.095357331431952e-17 8.568660456959123e-17 0.7580972891578607 0.0 1.3895983342357901e-195 0.0 0.0
0.0157575 298.00000060870076 0.2021710562563836 1.0219524901540245 1.903919438540634e-24 0.011607343548156422 1.7485786691132404e-18 2.936227525732894e-21 1.7341122495915287e-12 0.23029520150625268 6.583194295925852e-16 1.3796048111153151e-15 0.7580974549438548 0.0 6.088611573918764e-195 0.0 0.0
0.018 298.00000870830894 0.20216779933544118 1.0219689537969887 3.5531447331412946e-23 0.011605943631613309 3.26358585718263e-17 5.480278122580018e-20 3.262936209236807e-11 0.23029549552886672 1.3438520551918209e-14 2.844698854216769e-14 0.7580985608068488 0.0 3.011980398038063e-194 0.0 0.0
0.01935 298.00006666685215 0.20215695519363652 1.0220237744497997 3.415309230124393e-22 0.011601273478158402 3.138067919632004e-16 5.2693035945673815e-19 3.210389805693846e-10 0.23029647570000414 1.4258985545762938e-13 3.047209943219386e-13 0.758102250500351 0.0 9.007690860659589e-194 0.0 0.0
0.020025 298.0002735030745 0.2021377246391474 1.0221210056020626 1.5868363570711872e-21 0.011592961279382991 1.4588983804326565e-15 2.449561296201965e-18 1.64435085219074e-09 0.23029821781529441 7.827221025653801e-13 1.685111688306531e-12 0.7581088192585025 0.0 1.7008395250655924e-193 0.0 0.0
0.0207 298.00132699571986 0.20208602085057276 1.0223825156666666 8.244140155338156e-21 0.011570467880826473 7.591829037982218e-15 1.2748825945948766e-17 1.0180037884105117e-08 0.23030292130324345 5.230442470876266e-12 1.1340121114807708e-11 0.7581266006193141 0.0 3.32948480154496e-193 0.0 0.0
0.0210375 298.0034718411756 0.20202774217882039 1.0226774409793502 2.2373564758098798e-20 0.011544835095200387 2.0637612711836175e-14 3.4666901043655306e-17 3.189142039771838e-08 0.23030826161352252 1.7376756936046616e-11 3.786887775558759e-11 0.7581468713445905 0.0 4.724360803676953e-193 0.0 0.0
0.021374999999999998 298.01001411752765 0.20192154227666037 1.0232153144669616 6.567223896036656e-20 0.011497358011181529 6.073885496521228e-14 1.0218377353657389e-16 1.1274248831103612e-07 0.23031810488474966 6.56560083951107e-11 1.438770161087517e-10 0.7581844241519867 0.0 6.7144659381198e-193 0.0 0.0
0.02154375 298.0183210201755 0.20183652330516205 1.0236463202741823 1.2078169472066438e-19 0.01145845642677179 1.1185869663609569e-13 1.8866151733772482e-16 2.3574402968834585e-07 0.2303261169813843 1.4365479895220884e-10 3.1596872987179577e-10 0.7582151903880787 0.0 7.991285108664042e-193 0.0 0.0
0.0217125 298.0351670412661 0.2017187302848185 1.024244075334677 2.316116962694264e-19 0.011403006324162293 2.14623200741139e-13 3.642233407266784e-16 5.26172761348714e-07 0.23033744979506923 3.3764068554267296e-10 7.45723844808856e-10 0.7582590166244279 0.0 9.476027444994936e-193 0.0 0.0
0.021796875 298.0500924308717 0.20164364266900256 1.0246254810889581 3.293975897715542e-19 0.011366442055209485 3.048343743447357e-13 5.209302373841076e-16 8.196262771352448e-07 0.23034485393800952 5.428145010467871e-10 1.201891179443869e-09 0.7582878826354931 0.0 1.0296184804220857e-192 0.0 0.0
0.021881249999999998 298.07271059772995 0.20155567693099863 1.025072662423622 4.770815917173111e-19 0.01132211501713046 4.3999921649300503e-13 7.608728164610058e-16 1.3126972916594003e-06 0.23035374549455348 9.004931954022408e-10 1.9994080390251476e-09 0.7583228238906826 0.0 1.116454398949685e-192 0.0 0.0
0.021965625 298.10700454044775 0.20145370976444088 1.0255915099296962 7.016531791552442e-19 0.01126838740621663 6.423934416479059e-13 1.1333005039251956e-15 2.141028256432555e-06 0.23036439121816268 1.5239503811426073e-09 3.3934811209154877e-09 0.7583650754292897 0.0 1.2076080834233599e-192 0.0 0.0
0.0220078125 298.1307983331082 0.20139727511282404 1.0258788966360475 8.593248445359498e-19 0.011237253873895913 7.813195742325039e-13 1.4009997424979043e-15 2.7664043961395687e-06 0.23037048053289816 2.0094343448804108e-09 4.481589815253372e-09 0.7583894926970034 0.0 1.254543678658522e-192 0.0 0.0
0.02205 298.16074857763954 0.2013373278924894 1.026184347139916 1.0601827925117478e-18 0.011202825543631266 9.545986147611505e-13 1.7492681760987894e-15 3.6042736551129398e-06 0.23037713650957573 2.6752368446992266e-09 5.976479590560647e-09 0.7584164250204656 0.0 1.302202116422093e-192 0.0 0.0
0.0220921875 298.1984569726831 0.20127414506190733 1.0265064810718747 1.3181356286069125e-18 0.011164757253076125 1.1706981460467065e-12 2.208363402485356e-15 4.726731237764956e-06 0.23038439447140724 3.588272301863833e-09 8.030042211760874e-09 0.758446109924792 0.0 1.3504482581959206e-192 0.0 0.0
0.022134375 298.24594516778063 0.2012082039942832 1.0268428934643143 1.6527617814391229e-18 0.01112266863952702 1.4401829422938712e-12 2.823240748929213e-15 6.2302709528386295e-06 0.23039228549372465 4.8402540383028395e-09 1.0850772875328299e-08 0.7584787999033261 0.0 1.3991046381323251e-192 0.0 0.0
0.022176562500000004 298.30576602782077 0.20114024914668588 1.027189810367458 2.092408175136548e-18 0.011076140831392087 1.7762436204709953e-12 3.66237564250246e-15 8.244005188956001e-06 0.23040083328773175 6.5568681837230854e-09 1.4724791048833533e-08 0.7585147605922486 0.0 1.4479859780129718e-192 0.0 0.0
0.022218750000000002 298.38114476165975 0.2010713779894873 1.027541644385855 2.6791629326401383e-18 0.011024712918830738 2.1953659812533904e-12 4.832367150315958e-15 1.0940631450787167e-05 0.23041004984197253 8.910333478060621e-09 2.0044619284474016e-08 0.7585542676505935 0.0 1.4968872605421714e-192 0.0 0.0
0.0222609375 298.47615804035854 0.20100315154095763 1.0278904225844847 3.477017274480908e-18 0.010967878221658322 2.718183976759389e-12 6.502252785393241e-15 1.4551048776512782e-05 0.23041992937378283 1.213659383524271e-08 2.7348549739522977e-08 0.7585976018679147 0.0 1.5455860993049778e-192 0.0 0.0
0.022303125 298.5959614593342 0.20093773631126327 1.0282250520539393 4.585355484812431e-18 0.010905080388291534 3.3705760631437445e-12 8.944061267680782e-15 1.938381512075321e-05 0.23043043998649868 1.6558849702449738e-08 3.7374436559564306e-08 0.7586450418734239 0.0 1.5938419086349244e-192 0.0 0.0
0.0223453125 298.7470785309198 0.20087808630631243 1.0285303796811367 6.161317942414157e-18 0.010835709381489417 4.1850902508973206e-12 1.2600304354876173e-14 2.585101001575685e-05 0.23044151221878625 2.261976400439582e-08 5.113310274497667e-08 0.7586968536326447 0.0 1.6413998703760742e-192 0.0 0.0
0.0223875 298.9377679801155 0.20082817606726894 1.0287859922058429 8.456856228220974e-18 0.01075909743710521 5.202822943009204e-12 1.8195537905655157e-14 3.4502546638043264e-05 0.23045302339362422 3.092554435651711e-08 7.000834558465692e-08 0.7587532756835229 0.0 1.6879915439199783e-192 0.0 0.0
0.022408593750000004 299.0518636070879 0.20080884839533183 1.0288850119368556 1.0028416609070912e-17 0.010717797954279837 5.8075833723473656e-12 2.2166949287200118e-14 3.992385217159451e-05 0.23045886769866755 3.6232994587966566e-08 8.207775161872902e-08 0.7587832921783064 0.0 1.7108273016837724e-192 0.0 0.0
0.022429687500000003 299.1809361728814 0.20079458269887093 1.028958110329645 1.1980504812918844e-17 0.010674353453554433 6.488260994281071e-12 2.7210210864405704e-14 4.6258977822386304e-05 0.23046471306180824 4.252296897349851e-08 9.638766236868395e-08 0.7588145355896695 0.0 1.7333003895462212e-192 0.0 0.0
0.022450781250000003 299.3269688785025 0.20078645513692678 1.0289997611510464 1.44236786664437e-17 0.010628657270208418 7.254721703552858e-12 3.364949148308246e-14 5.366090218879956e-05 0.23047050733384142 4.99770666227877e-08 1.1335163146085847e-07 0.7588470111577763 0.0 1.7553754735193394e-192 0.0 0.0
0.022471875000000002 299.49220993696395 0.20078570673189666 1.0290035966262572 1.7502121692515412e-17 0.010580598167935952 8.118234954324979e-12 4.191019675281776e-14 6.230789622936158e-05 0.23047618662261668 5.881041349790444e-08 1.3345877112558594e-07 0.7588807150358746 0.0 1.7770176690968673e-192 0.0 0.0
0.02249296875 299.679208195284 0.20079376649456324 1.02896229292987 2.1405487419130804e-17 0.01053006026588806 9.091712703388307e-12 5.255130434361297e-14 7.240760816210619e-05 0.23048167312302273 6.927785905634283e-08 1.5728729787482925e-07 0.7589156324286274 0.0 1.7981928177276837e-192 0.0 0.0
0.0225140625 299.89085351376724 0.20081227765576448 1.0288674417231016 2.638400235703615e-17 0.010476922988820133 1.0190000519024822e-11 6.630784208279472e-14 8.420177813485617e-05 0.23048687257068232 8.168132723903598e-08 1.8552041823396034e-07 0.7589517354503623 0.0 1.8188678296556293e-192 0.0 0.0
0.02253515625 300.13042251173783 0.2008431273968635 1.0287094064713698 3.276866158532587e-17 0.010421061045817791 1.1430235066249467e-11 8.414671414814933e-14 9.797167031521356e-05 0.23049167125800904 9.637854211576923e-08 2.1896492810684437e-07 0.7589889806708748 0.0 1.839011050433547e-192 0.0 0.0
0.02255625 300.4016303559272 0.20088848051261732 1.0284771623095175 4.0998388830396316e-17 0.010362344443983205 1.2832286618617022e-11 1.0734007711605745e-13 0.00011404431918606184 0.23049593254249987 1.1379339299234837e-07 2.5857294804870087e-07 0.7590273063150517 0.0 1.858592608354191e-192 0.0 0.0
0.02257734375 300.70868933810044 0.2009508174830722 1.0281581183201662 5.165670196934558e-17 0.010300638544488896 1.4419311185897477e-11 1.3756178927500685e-13 0.00013279969585660003 0.2304994927675451 1.3442825822420623e-07 3.0546726762715525e-07 0.7590666290820282 0.0 1.8775849430314948e-192 0.0 0.0
0.0225984375 301.0563750608105 0.20103297747468007 1.0277379212787374 6.552141703848824e-17 0.010235804169551851 1.6218444824497995e-11 1.7701421614452274e-13 0.00015467890863564668 0.2305021565057244 1.588786739051563e-07 3.60970823410783e-07 0.7591068405501968 0.0 1.8959630749384773e-192 0.0 0.0
0.022619531249999998 301.45010112224696 0.20113820683342026 1.0272002402279685 8.363234775897709e-17 0.010167697770147867 1.826168346009366e-11 2.2859503065463313e-13 0.00018019355929728686 0.23050369102370444 1.8785081625852102e-07 4.266408842128007e-07 0.7591478031366611 0.0 1.9137054052113002e-192 0.0 0.0
0.022640625 301.89600325985293 0.20127021367214165 1.0265265317146126 1.0738401671753764e-16 0.010096171665668589 2.058700614116401e-11 2.9611682180257645e-13 0.00020993638149005605 0.23050381985677315 2.2218236912159524e-07 5.043085600050702e-07 0.7591893455842574 0.0 1.930793733498134e-192 0.0 0.0
0.022661718750000004 302.4010339733346 0.20143322918762713 1.0256957861996339 1.3865340010075336e-16 0.01002107436820658 2.3239819522396223e-11 3.8459664051660387e-13 0.00024459328938807186 0.23050221537018947 2.6286747572916685e-07 5.961242816368128e-07 0.7592312579568355 0.0 1.947214521778799e-192 0.0 0.0
0.022682812500000003 302.9730686948698 0.2016320763660144 1.0246842570985477 1.799771388320919e-16 0.009942251005709292 2.6274828623579642e-11 5.006385257763031e-13 0.00028495696137544903 0.23049849017458793 3.1108663390177635e-07 7.046099091086078e-07 0.7592732861350102 0.0 1.962958332555622e-192 0.0 0.0
0.022703906250000003 303.6210245997163 0.20187224674286647 1.0234651751883892 2.3479887816373696e-16 0.009859543859825822 2.975847648906076e-11 6.52940232521468e-13 0.0003319420732757536 0.2304921872545955 3.6824259442638755e-07 8.327181057243796e-07 0.7593151258211926 0.0 1.9780219123071497e-192 0.0 0.0
0.022725000000000002 304.3549931435328 0.20215998586953435 1.0220084528088296 3.078118422911165e-16 0.009772793035812403 3.377214756276569e-11 8.529667888455277e-13 0.0003866022758669974 0.23048276866488507 4.360035748772789e-07 9.838995493865845e-07 0.759356416085689 0.0 1.992406336812823e-192 0.0 0.0
0.022735546875000002 304.7585107445557 0.20232435746751132 1.021178156523062 3.535309536033739e-16 0.00972783502914462 3.6016014450522804e-11 9.765894444952827e-13 0.0004172749078347116 0.23047664930886708 4.746181600463457e-07 1.06967951659204e-06 0.7593766964194872 0.0 1.9993477236994645e-192 0.0 0.0
0.02274609375 305.1888030125579 0.20250391607288798 1.0202726860058828 4.06620119177736e-16 0.009681791983460293 3.843740902679432e-11 1.1188405479306427e-12 0.00045043718859553896 0.23046945036796196 5.168209352077451e-07 1.1631367279417972e-06 0.7593966404627656 0.0 2.006122121118554e-192 0.0 0.0
0.022756640625 305.64764082610327 0.2026997716710042 1.0192868629065155 4.683799468248468e-16 0.009634643297500715 4.105367279061516e-11 1.2825735810182756e-12 0.0004862838568572786 0.23046106648492162 5.629482601772625e-07 1.2649351632959897e-06 0.7594161784349633 0.0 2.012732204720642e-192 0.0 0.0
0.0227671875 306.13690932284334 0.20291310785579494 1.018215218137837 5.403313059077484e-16 0.009586368441804168 4.388429342403964e-11 1.4710899614116393e-12 0.0005250238029302036 0.23045138338905352 6.133687211967642e-07 1.3757924515988278e-06 0.7594352351596866 0.0 2.0191801893442484e-192 0.0 0.0
0.022777734375 306.65861468889165 0.2031451861848427 1.0170519826663798 6.242776222148722e-16 0.009536947004995593 4.6951224416860344e-11 1.6882123728147428e-12 0.0005668809378179449 0.23044027722779956 6.684863558095258e-07 1.49648358416953e-06 0.7594537298108099 0.0 2.025469739943373e-192 0.0 0.0
0.02278828125 307.2148912539134 0.20339735072347367 1.0157910791047076 7.223669155108241e-16 0.009486358743970405 5.027925853945928e-11 1.9383711171614634e-12 0.0006120950918254679 0.23042761385950747 7.287442234044357e-07 1.6278447800159364e-06 0.759471575663478 0.0 2.031603851893805e-192 0.0 0.0
0.022798828125 307.80800888993275 0.20367103277557774 1.0144261143218491 8.3716504483076e-16 0.00943458363814275 5.389646511847102e-11 2.2267060528337936e-12 0.0006609229397919861 0.23041324810695035 7.946283614941271e-07 1.7707774898386253e-06 0.7594886798531426 0.0 2.03758715757389e-192 0.0 0.0
0.022809375 308.4403807088062 0.20396775579680315 1.0129503733143366 9.717453902836457e-16 0.009381601947917342 5.783470307582754e-11 2.559187249078367e-12 0.0007136389492666969 0.23039702297149062 8.666721726597222e-07 1.9262525206844228e-06 0.7595049431462402 0.0 2.0434234595127757e-192 0.0 0.0
0.022819921875 309.11457104975676 0.20428914048343302 1.011356814608687 1.1297996961569787e-15 0.009327394277528623 6.213022413774574e-11 2.942758189348392e-12 0.0007705363470593304 0.2303787688081892 9.45461292528486e-07 2.09531425772669e-06 0.7595202597266014 0.0 2.0491173907380493e-192 0.0 0.0
0.02283046875 309.83330374426464 0.20463691002756818 1.009638067495499 1.3157757213288329e-15 0.00927194164237142 6.682438361089987e-11 3.3855062311902134e-12 0.0008319280986125606 0.23035830246263783 1.031638995202872e-06 2.2790849533171413e-06 0.7595345170022214 0.0 2.0546773512979666e-192 0.0 0.0
0.022841015625 310.59947064091614 0.20501289552618315 1.0077864314252878 1.5350488746380132e-15 0.009215225540922132 7.196447978964792e-11 3.896866123310651e-12 0.0008981478935579563 0.23033542637084795 1.125912199282762e-06 2.4787690461910695e-06 0.7595475954375664 0.0 2.0601034592363684e-192 0.0 0.0
0.0228515625 311.4161403674868 0.2054190415281808 1.005793877926195 1.794137089684753e-15 0.009157228031319003 7.760474756591593e-11 4.4878637505624925e-12 0.0009695511296323495 0.2303099276241671 1.229058145069166e-06 2.695657465438223e-06 0.7595593684171794 0.0 2.0654072465459594e-192 0.0 0.0
0.022862109375 312.2865673015342 0.20585741169970734 1.0036520554329837 2.1009709428549363e-15 0.009097931812632949 8.380753737056e-11 5.1714090010574655e-12 0.0010465158858511542 0.23028157700191992 1.3419318217571519e-06 2.9311318645032415e-06 0.7595697021469314 0.0 2.070591350108984e-192 0.0 0.0
0.022872656249999998 313.21420071406914 0.20633019458370488 1.0013522974443843 2.4652346588166155e-15 0.009037320310816643 9.064471744531625e-11 5.962648825678923e-12 0.0011294438744667784 0.23025012797528835 1.4654742324644086e-06 3.186668719989109e-06 0.7595784555998687 0.0 2.0756668205980282e-192 0.0 0.0
0.022883203125 314.202694043436 0.2068397094249516 0.9988856344507652 2.8987984882712294e-15 0.008975377769268088 9.819934596217853e-11 6.879394318676961e-12 0.0012187613597957234 0.23021531568685488 1.600721594839601e-06 3.463843218353542e-06 0.7595854805141891 0.0 2.0806348814588676e-192 0.0 0.0
0.02289375 315.2559142483578 0.20738841202666705 0.9962428100949206 3.4162694108667837e-15 0.008912089343885828 1.0656767009747412e-10 7.94263915945865e-12 0.0013149200304938937 0.2301768559112356 1.7488155857823308e-06 3.7643328406770692e-06 0.7595906214514471 0.0 2.0855086110099455e-192 0.0 0.0
0.022904296875 316.3779511801885 0.20797890059916954 0.9934143020439193 4.035695804623063e-15 0.008847441202424814 1.1586152237359866e-10 9.177191246020293e-12 0.0014183978103199477 0.2301344440033203 1.911014750505076e-06 4.089920541535051e-06 0.7595937159236026 0.0 2.0902910302220976e-192 0.0 0.0
0.022914843750000004 317.5731269047801 0.20861392155505132 0.9903903480577608 4.779473458320586e-15 0.008781420627886415 1.262112010959987e-10 1.0612445120535945e-11 0.0015296995908781735 0.23008775384181074 2.0887072087772483e-06 4.442497402634394e-06 0.7595945945979873 0.0 2.0949946011488133e-192 0.0 0.0
0.022925390625000003 318.8460048940808 0.20929637519896016 0.9871609777389226 5.675516244541098e-15 0.008714016125590342 1.3776894242699658e-10 1.2283330240902105e-11 0.0016493578683154258 0.23003643677699376 2.2834248047024192e-06 4.824064625343474e-06 0.7595930815896148 0.0 2.099622217309754e-192 0.0 0.0
0.022935937500000003 320.20139899669914 0.2100293212533721 0.9837160504336826 6.7587765563843795e-15 0.008645217533482767 1.5071311769653997e-10 1.423147983342398e-11 0.0017779332645033782 0.2299801205929863 2.496858860749989e-06 5.236734708639901e-06 0.759588994850509 0.0 2.104186774494279e-192 0.0 0.0
0.022946484375000003 321.64438208528253 0.21081598415478922 0.9800452997290303 8.073230571058943e-15 0.008575016135133352 1.6525332243082613e-10 1.650667771276204e-11 0.0019160149119196797 0.22991840849602918 2.7308777119247263e-06 5.6827316404700536e-06 0.7595821466657995 0.0 2.1086903870284797e-192 0.0 0.0
0.022957031250000003 323.18029426686826 0.21165975804771145 0.9761383849455911 9.674484880576195e-15 0.008503404774763964 1.8163656519644044e-10 1.9168657092642717e-11 0.0020642206803140263 0.22985087814175137 2.9875462118196367e-06 6.164389911272003e-06 0.7595723442662347 0.0 2.1131464381126592e-192 0.0 0.0
0.022967578125000002 324.8147505304976 0.21256421139662388 0.9719849499649393 1.1633218854805049e-14 0.008430377973536046 2.0015481719376053e-10 2.22893474405986e-11 0.002223197222372017 0.22977708071565317 3.269147418718704e-06 6.684152138713736e-06 0.7595593905664275 0.0 2.117560808959876e-192 0.0 0.0
0.022978125000000002 326.5536476946215 0.21353309112927205 0.9675746896466768 1.4039758319903382e-14 0.008355932046202554 2.2115425082462136e-10 2.5955694812832443e-11 0.002393619815049516 0.2296965400823182 3.5782066867279742e-06 7.244565072888536e-06 0.759543085037548 0.0 2.121943316863561e-192 0.0 0.0
0.022988671875 328.4031705054295 0.21457032621785158 0.9628974239846595 1.701019111362537e-14 0.008280065217106248 2.450465814331242e-10 3.027322059962774e-11 0.002576191973122859 0.22960875202002048 3.917518403899085e-06 7.84827373169419e-06 0.7595232247222797 0.0 2.126294687909913e-192 0.0 0.0
0.02299921875 330.36979672655 0.2156800305986361 0.9579431800212292 2.069459922881507e-14 0.008202777734381283 2.7232303661711863e-10 3.53705371341132e-11 0.0027716448118703376 0.229513183558389 4.290175636211665e-06 8.498013397387324e-06 0.759499605398613 0.0 2.1306291056928012e-192 0.0 0.0
0.023009765625 332.46030105098714 0.2168665053252411 0.9527022813822321 2.5288218725783203e-14 0.008124071981092575 3.0357161922047067e-10 4.140511178111514e-11 0.002980736136752633 0.22940927243757633 4.699602952800351e-06 9.19659918790271e-06 0.7594720228974372 0.0 2.134946902782653e-192 0.0 0.0
0.0230203125 334.6817576581169 0.21813423984646874 0.9471654451139079 3.104668254345496e-14 0.008043952581930821 3.3949851296188515e-10 4.8570672051827654e-11 0.003204249239575629 0.22929642670787959 5.1495927236103946e-06 9.946912901078561e-06 0.7594402745768903 0.0 2.1392621635200855e-192 0.0 0.0
0.023030859375 337.04154123254847 0.21948791229677417 0.9413238852963282 3.83070067942846e-14 0.007962426503974085 3.809547163717756e-10 5.710678485570767e-11 0.0034429913829718737 0.22917402448893326 5.644345195372851e-06 1.0751886817102719e-05 0.7594041609540098 0.0 2.1435714093553472e-192 0.0 0.0
0.02304140625 339.5473262581868 0.22093238868618126 0.9351694226792013 4.751673206630027e-14 0.00787950314993433 4.289692982180298e-10 6.731134072467866e-11 0.0036977919581871323 0.2290414139073516 6.188512665013141e-06 1.1614484134995949e-05 0.7593634874913999 0.0 2.1478908041881273e-192 0.0 0.0
0.023051953125 342.2070844004569 0.22247272087726422 0.9286945993382717 5.927475959466445e-14 0.00779519444223365 4.847910684692921e-10 7.955695484357367e-11 0.003969500305147455 0.22889791323100384 6.787248080942839e-06 1.2537675713489821e-05 0.7593180665334143 0.0 2.15221233139876e-192 0.0 0.0
0.0230625 345.0290797929226 0.22411414323994477 0.9218927970896267 7.438913673730032e-14 0.007709514896205485 5.499409832636989e-10 9.431270031038765e-11 0.004258983188626056 0.22874281121688483 7.446258411736867e-06 1.352441278592877e-05 0.7592677193827587 0.0 2.156554355792015e-192 0.0 0.0
0.023073046875 348.0218620519954 0.2258620678806432 0.914758358132147 9.395967808501411e-14 0.007622481680695746 6.26278290867146e-10 1.121731749938813e-10 0.004567121930012955 0.2285753676877687 8.171863128093246e-06 1.4577595323458696e-05 0.7592122785045263 0.0 2.160903779429393e-192 0.0 0.0
0.02308359375 351.19425685558673 0.22772207835105387 0.9072867061239956 1.194973769294837e-13 0.007534114664352647 7.160843328634306e-10 1.3389776337672802e-10 0.004894809200661601 0.22839481435046272 8.971058147377158e-06 1.57000357312826e-05 0.7591515898405434 0.0 2.1652810807453696e-192 0.0 0.0
0.023094140625 354.5553539388422 0.22969992175372853 0.8994744656481032 1.5309885191896902e-13 0.007444436445946393 8.221691147392239e-10 1.604642309801871e-10 0.005242945489951228 0.22820035586550833 9.85158559019074e-06 1.6894417579538457e-05 0.7590855152126383 0.0 2.169667862859291e-192 0.0 0.0
0.0231046875 358.1144923828535 0.23180149917692194 0.891319577795993 1.9770366857288755e-13 0.007353472367154987 9.480073529778739e-10 1.931427036346619e-10 0.005612435268922546 0.2279911711746134 1.0822009695096042e-05 1.8163249093553484e-05 0.759013934789173 0.0 2.174086331913463e-192 0.0 0.0
0.023115234374999998 361.8812431006667 0.23403285440986102 0.8828214094121278 2.5747642189812035e-13 0.0072612505063927935 1.0979128285524037e-09 2.3359898806126075e-10 0.006004182878431527 0.22776641508798245 1.1891799230819703e-05 1.9508811157763812e-05 0.7589367495850355 0.0 2.17851299213521e-192 0.0 0.0
0.023125781249999998 365.8653884590335 0.23640016091171742 0.8739808534056649 3.3837399333123864e-13 0.007167801652446114 1.277262716467796e-09 2.840406444486376e-10 0.006419088178991483 0.22752522012910353 1.3071416735355462e-05 2.093309962307208e-05 0.7588538839614577 0.0 2.1829711711847955e-192 0.0 0.0
0.0231310546875 367.9429858020243 0.23763734011259446 0.8694307648830217 3.8999519908544405e-13 0.007120622917861883 1.3805527867863832e-09 3.141318630977882e-10 0.006635640120839039 0.22739807503248213 1.3707006104083431e-05 2.1675642526842778e-05 0.7588102775851102 0.0 2.1851991321311896e-192 0.0 0.0
0.023136328125 370.07960257409866 0.2389114783903714 0.8647940055909275 4.5063007193792647e-13 0.007073148982697168 1.4940153691906828e-09 3.4797502733432177e-10 0.006858423213582312 0.22726639567512796 1.4375138232873072e-05 2.2438860225435295e-05 0.758765216287692 0.0 2.1874309507235518e-192 0.0 0.0
0.023141601562500003 372.2765490128153 0.24022340246327856 0.8600711348697262 5.221612172847226e-13 0.0070253845531747395 1.6187895825054971e-09 3.8612482726186246e-10 0.007087550460925753 0.22713006375566663 1.5077497561572792e-05 2.3222905086531454e-05 0.7587186988221468 0.0 2.189671230339734e-192 0.0 0.0
0.023146875 374.535143945725 0.24157394423802508 0.8552628265873063 6.06896263051755e-13 0.006977334497164593 1.7561564509734435e-09 4.2923229550903445e-10 0.007323133650640356 0.2269889599516449 1.5815853631494203e-05 2.4027897521905926e-05 0.7586707259633997 0.0 2.191915053402992e-192 0.0 0.0
0.0231521484375 376.8567137527746 0.24296394016011466 0.8503698707005619 7.076944555098746e-13 0.006929003840613407 1.9075581622064998e-09 4.780641655690417e-10 0.007565283194182936 0.22684296401053913 1.659206496328267e-05 2.4853923321604884e-05 0.7586213005800481 0.0 2.194151887026891e-192 0.0 0.0
0.023157421875 379.24259128486574 0.24439423053839918 0.8453931744775409 8.281284586259036e-13 0.006880397763603306 2.074620138150179e-09 5.335265919304283e-10 0.007814107966636551 0.2266919548439239 1.7408083067283324e-05 2.5701030884685163e-05 0.7585704277029077 0.0 2.1963909077912346e-192 0.0 0.0
0.023162695312500002 381.69411474025804 0.24586565884503056 0.8403337633625203 9.726961864310152e-13 0.006831521596043547 2.2591763575545356e-09 5.9669430021071e-10 0.008069715147588523 0.2265358106245426 1.8265956586004546e-05 2.6569228346825355e-05 0.7585181145900474 0.0 2.198635356998892e-192 0.0 0.0
0.023167968750000004 384.21262650074874 0.24737907099210985 0.8351927814679037 1.1471020182182812e-12 0.006782380813000381 2.4632984408873394e-09 6.688465126448241e-10 0.008332210063574735 0.22637440888600227 1.916783556733492e-05 2.7458480605325875e-05 0.758464370787956 0.0 2.2008812941465185e-192 0.0 0.0
0.023173242187500005 386.7994719297765 0.2489353145864684 0.8299714916787165 1.3586335823847576e-12 0.006732981029672692 2.6893290936757038e-09 7.515113446958796e-10 0.00860169603272427 0.22620762662479774 2.011597586576163e-05 2.8368706242204587e-05 0.7584092081884963 0.0 2.203116738325164e-192 0.0 0.0
0.023178515625000003 389.4559981348482 0.2505352381641641 0.8246712753575012 1.6166700755655604e-12 0.006683327996022275 2.939920604230208e-09 8.465208116475388e-10 0.008878274212243647 0.2260353404043528 2.111274366686211e-05 2.9299774346288837e-05 0.7583526410813081 0.0 2.205351954558625e-192 0.0 0.0
0.0231837890625 392.18355269690676 0.2521796904064063 0.8192936316396637 1.933371779947636e-12 0.006633427591069508 3.218079209327308e-09 9.560791439647716e-10 0.009162043449378508 0.22585742646075135 2.2160620127579998e-05 3.025150123538341e-05 0.7582946862013439 0.0 2.207588463672191e-192 0.0 0.0
0.023189062500000003 394.9834823694434 0.2538695193387305 0.8138401763117994 2.3246194151762063e-12 0.006583285816867266 3.5272162799650294e-09 1.0828478169364833e-09 0.0094531001364815 0.22567376080982393 2.3262206120974433e-05 3.122364707975423e-05 0.7582353627712357 0.0 2.2098236851478506e-192 0.0 0.0
0.023194335937500005 397.8571317503656 0.2556055715153671 0.8083126402680763 2.8112980493992888e-12 0.0065329087921673305 3.871207442663756e-09 1.2300515905888264e-09 0.009751538070805836 0.22548421935524401 2.442022706891084e-05 3.2215912428337443e-05 0.758174692538213 0.0 2.2120479797189665e-192 0.0 0.0
0.023199609375000003 400.80584192979387 0.25738869119083846 0.8027128675425002 3.421055920866941e-12 0.006482302745795202 4.254460944599233e-09 1.4016109753097014e-09 0.010057448319626867 0.2252886779972882 2.5637537839037557e-05 3.322793463924249e-05 0.7581126998053161 0.0 2.214269488291886e-192 0.0 0.0
0.0232048828125 403.8309491170736 0.2592197194808792 0.7970428129177901 4.190716831883001e-12 0.006431474009751157 4.681996798676489e-09 1.6023079419541577e-09 0.010370919091270074 0.2250870127419141 2.6917127672753967e-05 3.4259284216275804e-05 0.7580494114566778 0.0 2.2164819261468553e-192 0.0 0.0
0.023210156250000002 406.9337832503797 0.2610994935148216 0.7913045391145602 5.169589787143772e-12 0.00638042901205701 5.159538514112875e-09 1.8379934483963342e-09 0.010692035612595829 0.22487909980982185 2.8262125097954905e-05 3.530946105339038e-05 0.7579848569766701 0.0 2.2186894901040738e-192 0.0 0.0
0.023215429687500004 410.11566659234296 0.2630288455816106 0.7855002135675491 6.424006306791631e-12 0.00632917426936928 5.693619537121651e-09 2.1158475359722013e-09 0.011020880013459518 0.2246648157451761 2.9675802763171814e-05 3.637789058918239e-05 0.7579190684627493 0.0 2.2208861603862046e-192 0.0 0.0
0.023220703125000002 413.37791231511403 0.26500860227158646 0.7796321047987448 8.04353058879354e-12 0.006277716379380811 6.291706904345456e-09 2.4447054509755104e-09 0.011357531218626898 0.22444403752368977 3.116158210713701e-05 3.746391987382049e-05 0.7578520806318632 0.0 2.2230758001363264e-192 0.0 0.0
0.0232259765625 416.72182307816837 0.26703958361609703 0.7737025784004576 1.0149437991673636e-11 0.006226062013034606 6.962345060108845e-09 2.835466574513131e-09 0.011702064847578552 0.22421664265980673 3.272303774837552e-05 3.8566813551138135e-05 0.757783930820317 0.0 2.2252527017884586e-192 0.0 0.0
0.023231250000000002 420.1486896019756 0.26912260222687356 0.7677140926445589 1.290625214746244e-11 0.00617421790657474 7.715323320890764e-09 3.301607018994204e-09 0.012054553122587124 0.22398250931276412 3.436390144157443e-05 3.9685749759094094e-05 0.7577146589770343 0.0 2.2274203969790792e-192 0.0 0.0
0.023236523437500003 423.6597892403844 0.2712584624369178 0.7616691937372527 1.6537380833845073e-11 0.006122190853460135 8.561871102853337e-09 3.8598217048510286e-09 0.01241506478539723 0.22374151639137393 3.608806539938059e-05 4.081981595246901e-05 0.7576443076501841 0.0 2.229573524105795e-192 0.0 0.0
0.023241796875 427.256384554163 0.27344795944438216 0.7555705107418941 2.1346207334171097e-11 0.006069987696167937 9.51488578013375e-09 4.530827710853767e-09 0.012783665022776811 0.22349354365743937 3.789958471795768e-05 4.1968004652573664e-05 0.7575729219671831 0.0 2.2317152630772752e-192 0.0 0.0
0.0232470703125 430.93972188755214 0.2756918784605442 0.7494207501954959 2.7744390321772577e-11 0.006017615317914446 1.0589198935975855e-08 5.340367845643368e-09 0.013160415401139377 0.2232384718278136 3.980267857007552e-05 4.3129209129985966e-05 0.7575005496081187 0.0 2.2338406386194902e-192 0.0 0.0
0.02325234375 434.7110299489472 0.2779909938624998 0.7432226904476082 3.628961494680215e-11 0.005965080634322261 1.1801887833137445e-08 6.320461865711696e-09 0.013545373810363083 0.22297618267522643 4.180172973880929e-05 4.430221902803312e-05 0.7574272407726795 0.0 2.23595250668461e-192 0.0 0.0
0.023257617187500003 438.5715183958985 0.280346068350609 0.7369791757531793 4.7735634438451596e-11 0.0059123905850628385 1.317264019703989e-08 7.510962703179098e-09 0.013938594416853953 0.222706559128137 4.390128195648374e-05 4.54857159370278e-05 0.7573530481407116 0.0 2.238046281348189e-192 0.0 0.0
0.023262890625 442.522376423443 0.28275785210997617 0.730693110153848 6.309815791757593e-11 0.005859552125504168 1.4724181913581583e-08 8.961486576463722e-09 0.014340127625813166 0.22242948537003523 4.610603438626144e-05 4.667826893230668e-05 0.7572780268265596 0.0 2.240124498207474e-192 0.0 0.0
0.0232681640625 446.5647713533164 0.28522708197432295 0.724367451184889 8.374098686381868e-11 0.005806572218394161 1.6482779039238902e-08 1.0733799004357338e-08 0.014750020052570544 0.22214484693880227 4.842083243764841e-05 4.7878330093098076e-05 0.7572022343273807 0.0 2.242182988908671e-192 0.0 0.0
0.0232734375 450.6998472198518 0.287754480589507 0.718005203447597 1.1148778675658431e-10 0.005753457825610841 1.847882765802511e-08 1.2904753525967649e-08 0.015168314502740955 0.22185253082695477 5.0850653943465774e-05 4.908423002439758e-05 0.757125730465654 0.0 2.2442239809570927e-192 0.0 0.0
0.023278710937500002 454.92872334632216 0.29034075557264866 0.7116094120892756 1.4876600331984334e-10 0.005700215900010688 2.0747547661374422e-08 1.55698962433336e-08 0.015595049960847096 0.2215524255838368 5.340058954764895e-05 5.029417341060823e-05 0.7570485773261347 0.0 2.2462437217560472e-192 0.0 0.0
0.023283984375 459.2524929030701 0.2929865986613077 0.7051831562351779 1.9879068861632263e-10 0.005646853377406949 2.332979954685716e-08 1.8847866913670566e-08 0.016030261586924485 0.22124442142108053 5.6075815966070814e-05 5.150623463796129e-05 0.7569708391875244 0.0 2.2482441401364926e-192 0.0 0.0
0.0232892578125 463.6722214359536 0.2956926848453776 0.6987295424187133 2.6579737550480914e-10 0.00559337716871065 2.6273046915278396e-08 2.288574581217987e-08 0.01647398072048101 0.2209284103229365 5.888156059487439e-05 5.271835353296013e-05 0.7568925824491515 0.0 2.2502219113383318e-192 0.0 0.0
0.02329453125 468.18894535046223 0.29845967147237623 0.692251698057889 3.553346026956997e-10 0.005539794152267793 2.9632491591379767e-08 2.7865514331361695e-08 0.0169262348910258 0.2206042861633562 6.182305576440664e-05 5.392833127657347e-05 0.7568138755529663 0.0 2.2521786889896745e-192 0.0 0.0
0.0232998046875 472.80367033332624 0.30128819731458334 0.6857527650271876 4.746282064858643e-10 0.005486111166426703 3.347241331278688e-08 3.401181537679419e-08 0.017387047834209357 0.22027194483198592 6.49054807874129e-05 5.5133826568901895e-05 0.7567347889011624 0.0 2.2541115629521548e-192 0.0 0.0
0.023305078125 477.51736968952116 0.304178881584014 0.6792358933749537 6.330310042419184e-10 0.005432335002370683 3.786775185060924e-08 4.160121584254307e-08 0.017856439512421763 0.21993128437148904 6.813388984726549e-05 5.633235213674126e-05 0.7566553947697335 0.0 2.2560219181660846e-192 0.0 0.0
0.023310351562499998 482.3309825682946 0.3071323228785303 0.6727042352367595 8.425729285556749e-10 0.0053784723972527294 4.290597638237671e-08 5.097318621928648e-08 0.018334426138476214 0.21958220512883247 7.151312373914911e-05 5.752127169698118e-05 0.7565757672182647 0.0 2.257907261383919e-192 0.0 0.0
0.023315625 487.24541204730895 0.310149098039531 0.6661609389950125 1.1186279444102642e-09 0.005324530027670747 4.868929508527351e-08 6.254301972432257e-08 0.0188210202007644 0.21922460992333137 7.504770354123463e-05 5.869779751209665e-05 0.7564959819962352 0.0 2.259768723933087e-192 0.0 0.0
0.0233208984375 492.2615230392948 0.3132297608987011 0.6596091437341622 1.4807150956673108e-09 0.00527051450352348 5.533726741595418e-08 7.681691284710001e-08 0.019316230488007752 0.21885840423431266 7.874170448327954e-05 5.985898869990973e-05 0.7564161164460754 0.0 2.261604217580115e-192 0.0 0.0
0.023326171875 497.3801399808017 0.3163748408882612 0.6530519740392312 1.9534516715299515e-09 0.005216432362289898 6.298989255852581e-08 9.440941806799073e-08 0.01982006211144075 0.2184834964112182 8.259860862699906e-05 6.10017504878537e-05 0.756336249403172 0.0 2.2634146341126363e-192 0.0 0.0
0.023331445312499997 502.60204425786156 0.31958484148612626 0.6464925351829425 2.5676766407019913e-09 0.0051622900637779 7.181126021830696e-08 1.160634545544607e-07 0.02033251652194982 0.21809979790878545 8.662113550491761e-05 6.21228346314134e-05 0.7562564610929571 0.0 2.2651982738543514e-192 0.0 0.0
0.02333671875 507.92797131886937 0.3228602384645108 0.6399339087432805 3.3617620504566984e-09 0.005108093985391578 8.199386446703059e-08 1.4267302041250848e-07 0.02085359151936536 0.21770722354960265 9.08110506071669e-05 6.321884124614626e-05 0.756176833025134 0.0 2.266956329513358e-192 0.0 0.0
0.02333935546875 510.6303396073299 0.3245227190778573 0.6366556244974637 3.8442256918706025e-09 0.005080976955264093 8.768191792339481e-08 1.5824300236874735e-07 0.02111739208387658 0.21750754976989353 9.296934423516111e-05 6.375614575073485e-05 0.7561371059318279 0.0 2.267822902373923e-192 0.0 0.0
0.0233419921875 513.3591401230032 0.3262018269150521 0.6333784710291438 4.390577228723337e-09 0.005053848856333232 9.380087668531204e-08 1.7548112011055905e-07 0.021383359474385195 0.21730560916585934 9.516990294132748e-05 6.42857773081043e-05 0.756097453150593 0.0 2.2686852263694147e-192 0.0 0.0
0.023344628906249998 516.1144511274783 0.32789761324654826 0.6301028309803928 5.008542515293623e-09 0.005026710468678295 1.0038553494293464e-07 1.945551520776878e-07 0.021651492350494884 0.2171013920341585 9.741256865866754e-05 6.480726591860741e-05 0.7560578853628557 0.0 2.2695385921299898e-192 0.0 0.0
0.023347265625 518.896347252198 0.32961012714791654 0.6268290849135238 5.706647752236168e-09 0.0049995625664889295 1.0747362629103559e-07 2.1564781522345663e-07 0.021921789135601867 0.21689488894729658 9.969707921714627e-05 6.532013301418039e-05 0.7560184133102863 0.0 2.27038403859755e-192 0.0 0.0
0.02334990234375 521.7048993527761 0.3313394154082498 0.6235576112301224 6.494287954845418e-09 0.004972405917990857 1.1510607668881993e-07 2.3895780287048267e-07 0.022194248015310173 0.2166860907656986 0.00010202306004654138 6.582389177229424e-05 0.7559790477910084 0.0 2.271221849789063e-192 0.0 0.0
0.023352539062499997 524.5401743546867 0.3330855224354426 0.6202887860981477 7.381799108541401e-09 0.004945241285383837 1.2332727881172518e-07 2.647008594228288e-07 0.02246886693549432 0.2164749886501793 0.00010439001577792668 6.631804747492948e-05 0.7559397996557469 0.0 2.272051642389859e-192 0.0 0.0
0.023355175781249998 527.4022350894121 0.3348484901550513 0.6170229833877175 8.380534040467063e-09 0.004918069424792732 1.3218538945107323e-07 2.931108880155674e-07 0.02274564359993565 0.21626157407483307 0.00010679732179826607 6.680209791539734e-05 0.7559006798039081 0.0 2.272874036399633e-192 0.0 0.0
0.0233578125 530.2911401206054 0.33662835790283496 0.6137605746155618 9.50294200887356e-09 0.004890891086232565 1.4173265172828596e-07 3.2444108645611785e-07 0.02302457546749907 0.2160458388403174 0.00010924421582148425 6.72755338556242e-05 0.7558616991795885 0.0 2.2736883438608683e-192 0.0 0.0
0.02336044921875 533.2069435598884 0.3384251623107326 0.6105019288980303 1.0762651981843568e-08 0.004863707013587522 1.5202574399330978e-07 3.5896510599094344e-07 0.0233056597488219 0.21582777508749573 0.0001117297895473148 6.773783953645329e-05 0.755822868767504 0.0 2.2744949489089375e-192 0.0 0.0
0.0233630859375 536.1496948718097 0.3402389371859715 0.6072474129126345 1.2174559545425995e-08 0.004836517944604984 1.6312615738119332e-07 3.969782265630204e-07 0.023588893402474245 0.21560737531140647 0.00011425298048681843 6.818849324336205e-05 0.7557841995888356 0.0 2.27529339689966e-192 0.0 0.0
0.023365722656249997 539.1194386675936 0.34206971338306474 0.6039973908679531 1.375491734830971e-08 0.004809324610905068 1.751006041056405e-07 4.387985413172858e-07 0.023874273130557813 0.2153846323755155 0.00011681256404086549 6.862696792983112e-05 0.7557457026969833 0.0 2.276084280213941e-192 0.0 0.0
0.023368359374999998 542.1162144873451 0.34391751866848175 0.6007522244816906 1.552142895564926e-08 0.0047821277380060805 1.880214586719774e-07 4.847681421702102e-07 0.024161795373711187 0.21515953952620198 0.00011940714592473218 6.905273190038224e-05 0.7557073891732211 0.0 2.2768669744117944e-192 0.0 0.0
0.02337099609375 545.1400565703524 0.3457823775777546 0.5975122729666825 1.749334594855262e-08 0.0047549280453670515 2.0196723429286392e-07 5.352542972961344e-07 0.0244514563054829 0.21493209040742842 0.00012203515503811637 6.946524955502675e-05 0.7556692701222463 0.0 2.27764189911127e-192 0.0 0.0
0.023373632812499996 548.1909936133053 0.3476643112649005 0.5942778930244503 1.9691568068267123e-08 0.004727726246447291 2.170230968879905e-07 5.906506104145146e-07 0.024743251826048127 0.21470227907552877 0.0001246948368854343 6.986398219657454e-05 0.7556313566676139 0.0 2.27840861525156e-192 0.0 0.0
0.023376269531249997 551.2690485162084 0.3495633373440062 0.5910494388459593 2.2138746165112042e-08 0.004700523048783865 2.3328141914048533e-07 6.513781507976342e-07 0.025037177555236642 0.21447010001405414 0.00012738424765566572 7.024838890187668e-05 0.7555936599470473 0.0 2.2791676101175715e-192 0.0 0.0
0.023378906249999998 554.3742381158291 0.3514794697228701 0.5878272621191616 2.4859387671978897e-08 0.0046733191540879486 2.5084237716717205e-07 7.178865419789551e-07 0.025333228824841653 0.21423554814860912 0.0001301012490743977 7.061792745766672e-05 0.7555561911076182 0.0 2.2799184000486076e-192 0.0 0.0
0.02338154296875 557.5065729067159 0.35341271842870736 0.5846117120427339 2.787996428098627e-08 0.004646115258359921 2.698145924354523e-07 7.906549962488896e-07 0.025631400670193573 0.21399861886160013 0.00013284350414292787 7.097205536122161e-05 0.7555189613007852 0.0 2.280661348379026e-192 0.0 0.0
0.0233841796875 560.6660567497715 0.3553630894259029 0.5814031353454824 3.1229021459529394e-08 0.0046189120520243 2.903158216221841e-07 8.701932811910191e-07 0.025931687820973232 0.21375930800682497 0.0001356084738798362 7.131023088554047e-05 0.7554819816772839 0.0 2.2813961011029177e-192 0.0 0.0
0.02338681640625 563.8526865685495 0.357330584425904 0.5782018763107389 3.493728939907008e-08 0.004591710220084826 3.1247369715928005e-07 9.57042603769096e-07 0.02623408469125147 0.21351761192382354 0.00013839341517957787 7.163191420819848e-05 0.7554452633818582 0.0 2.2821230106665973e-192 0.0 0.0
0.023389453125 567.0664520335142 0.3593152006893941 0.5750082768050361 3.903779494658589e-08 0.0045645104423001955 3.3642652124249196e-07 1.051776396841814e-06 0.026538585368744334 0.21327352745191036 0.0001411953798999523 7.193656860243756e-05 0.7554088175478261 0.0 2.282841767782576e-192 0.0 0.0
0.023392089843750002 570.307335234632 0.3613169308209679 0.571822676310268 4.3565974025026475e-08 0.004537313393380903 3.623241160917057e-07 1.1550009924863663e-06 0.026845183603279227 0.21302705194380936 0.00014401121528576468 7.222366168842512e-05 0.7553726552914702 0.0 2.2835526097786678e-192 0.0 0.0
0.023394726562500003 573.5753103427766 0.36333576255660055 0.5686454119584927 4.855978400570356e-08 0.004510119743207532 3.90328733239709e-07 1.2673561661790612e-06 0.02715387279447338 0.21277818327881165 0.00014683756582947985 7.249266674195025e-05 0.7553367877062492 0.0 2.284255361383994e-192 0.0 0.0
0.02339736328125 576.8703432605652 0.36537167854429003 0.5654768185684641 5.4059815452619605e-08 0.004482930157070878 4.206160245884753e-07 1.389515535738446e-06 0.02746464597863261 0.21252691987538005 0.00014967087666109953 7.274306405713903e-05 0.7553012258568192 0.0 2.284950153071942e-192 0.0 0.0
0.0234 580.1923912634089 0.3674246561183539 0.5623172286828941 6.0109402616774e-08 0.004455745295933919 4.533760779044069e-07 1.5221867990117893e-06 0.027777495814888566 0.21227326070312352 0.00015250739854885768 7.297434235906861e-05 0.7552659807728644 0.0 2.2856368254820257e-192 0.0 0.0
0.023403955078125004 585.2259182254738 0.37053599415331356 0.5575955309020295 7.02994652464357e-08 0.0044149787802573726 5.075314274826847e-07 1.742266405277565e-06 0.028250626357077403 0.21188830099225153 0.00015676063111386233 7.328449400850763e-05 0.7552137286479913 0.0 2.2866527123561957e-192 0.0 0.0
0.023407910156250003 590.319714418127 0.37368541719515985 0.5528961122673812 8.199703726553389e-08 0.004374226514158681 5.68462009442542e-07 1.990248214371886e-06 0.028728370588115303 0.21149796965805717 0.00016099830107203672 7.354901962601858e-05 0.7551622452117079 0.0 2.287651962625971e-192 0.0 0.0
0.023411865234375002 595.4735166278545 0.37687277525273055 0.5482200571257937 9.538577737073947e-08 0.004333490672469524 6.370242941643287e-07 2.268939723696512e-06 0.029210698687705674 0.21110227050574637 0.0001652056516002398 7.376635130801906e-05 0.7551115667813733 0.0 2.2886346484999524e-192 0.0 0.0
0.023415820312500002 600.6870086234077 0.3800978855426023 0.5435684391752318 1.1066580414635183e-07 0.0042927734166508845 7.141788771455915e-07 2.5813097003106013e-06 0.029697578536852533 0.21070121035813685 0.00016936720263344978 7.393500179693496e-05 0.7550617293295463 0.0 2.2896008774596823e-192 0.0 0.0
0.023419775390625 605.9598181849425 0.3833605306108751 0.538942321602492 1.2805434687099548e-07 0.004252076897814589 8.010017210832092e-07 2.9304797355956645e-06 0.03018897558362869 0.2102947991059229 0.0001734668721202602 7.40535764125257e-05 0.7550127684282961 0.0 2.2905507177414776e-192 0.0 0.0
0.02342373046875 611.2915141407697 0.3866604564571947 0.5343427571343874 1.477863194366063e-07 0.004211403259974251 8.986962834179194e-07 3.3197128179033026e-06 0.03068485270488851 0.20988304974720845 0.0001774881160792019 7.4120784955803e-05 0.7549647191914719 0.0 2.2914843485214943e-192 0.0 0.0
0.023427685546875 616.6816034474145 0.38999737068351176 0.5297707879826561 1.7011480257435534e-07 0.004170754643511569 1.0086065337050116e-06 3.7523988505378114e-06 0.031185170065544228 0.20946597841619422 0.00018141408599421188 7.413545342615584e-05 0.7549176162151419 0.0 2.292401814471466e-192 0.0 0.0
0.023431640625 622.1295283519015 0.39337094069215306 0.525227445663933 1.9531141963645013e-07 0.004130133188839977 1.132230851172466e-06 4.232037113284838e-06 0.031689884977246376 0.20904360440119696 0.00018522780145823546 7.409653538523676e-05 0.7548714935164883 0.0 2.293303391771042e-192 0.0 0.0
0.023435595703125 627.634663677857 0.3967807919595207 0.5207137506777952 2.2366659150811245e-07 0.0040895410402433585 1.271236776510452e-06 4.7622157460245945e-06 0.032198951758505304 0.20861595015245765 0.00018891233536568415 7.400312279802558e-05 0.7548263844715143 0.0 2.2941892173432314e-192 0.0 0.0
0.0234375732421875 630.4084913006348 0.3984992095787504 0.5184683166537457 2.391470036805209e-07 0.004069256339317021 1.3472154110287662e-06 5.0476707560827324e-06 0.03245511519514507 0.20840013631254034 0.00019069993127198242 7.393566102522793e-05 0.7548042225275281 0.0 2.2946256520513056e-192 0.0 0.0
0.02343955078125 633.1964156000118 0.4002265768336687 0.5162306211963611 2.5553572202498103e-07 0.00404897979873719 1.4277680042439553e-06 5.347180867955239e-06 0.03271235243207222 0.20818300569981507 0.0001924488098211376 7.385423465186817e-05 0.7547823285403069 0.0 2.295057827161648e-192 0.0 0.0
0.0234415283203125 635.998337712088 0.40196283401117566 0.5140007903625953 2.7287450078525185e-07 0.004028711691087912 1.5131590848604502e-06 5.661209318305858e-06 0.032970656809375894 0.20796456203266947 0.00019415693763006513 7.375877318935544e-05 0.7547607065131422 0.0 2.2954849518428808e-192 0.0 0.0
0.023443505859374998 638.8141540918432 0.4037079184796952 0.5117789493854568 2.912062604983946e-07 0.004008452289948177 1.6036669030198713e-06 5.990220416531557e-06 0.03323002145425506 0.20774480922626118 0.00019582232248858663 7.364921663900585e-05 0.754739360396827 0.0 2.2959079045757604e-192 0.0 0.0
0.0234454833984375 641.643756454853 0.4054617646517157 0.5095652226433649 3.1057507839536274e-07 0.003988201870024446 1.699583978498077e-06 6.334678619813579e-06 0.03349043927745465 0.20752375139185852 0.00019744301956944364 7.352551572835328e-05 0.7547182940876871 0.0 2.296325975818958e-192 0.0 0.0
0.0234474609375 644.4870317240914 0.4072243039495174 0.5073597336266331 3.310261759663227e-07 0.003967960707283923 1.801217656480301e-06 6.695047590670353e-06 0.03375190296988269 0.20730139283608615 0.00019901713756192955 7.338763212828492e-05 0.7546975114256333 0.0 2.296739974025644e-192 0.0 0.0
0.0234494384765625 647.3438619822208 0.4089954647743378 0.5051626049010333 3.5260590363674266e-07 0.003947729079087699 1.90889066976616e-06 7.071789241444758e-06 0.034014404999433284 0.20707773806008023 0.000200542844692214 7.323553865010099e-05 0.7546770161922413 0.0 2.2971491392627535e-192 0.0 0.0
0.023451416015625004 650.214124429582 0.41077517247911544 0.5029739580685414 3.753617225070662e-07 0.003927507264324147 2.022941706144202e-06 7.465362770488044e-06 0.03427793760802455 0.20685279175857343 0.00020201837459360168 7.306921942169238e-05 0.7546568121088633 0.0 2.2975538847960065e-192 0.0 0.0
0.023453393554687504 653.0976913482216 0.4125633493450253 0.5007939137252762 3.993421831183315e-07 0.003907295543541889 2.1437259795728478e-06 7.876223695136362e-06 0.03454249280887226 0.20662655881891587 0.0002034420319906207 7.288867004211723e-05 0.7546369028347794 0.0 2.2979540945454713e-192 0.0 0.0
0.023455371093750003 655.99443007228 0.41435991456201315 0.49862259141666454 4.245969012155472e-07 0.00388709419908169 2.271615803697749e-06 8.304822886858133e-06 0.0348080623840197 0.20639904432004036 0.0002048121981617059 7.269389771395335e-05 0.754617291965391 0.0 2.2983499593791342e-192 0.0 0.0
0.023457348632812503 658.9042029648978 0.41616478421343084 0.4964601095899887 4.511765304893689e-07 0.0038669035152075846 2.407001166122641e-06 8.751605614169851e-06 0.035074637882129715 0.2061702535313889 0.00020612733614636109 7.248492135291388e-05 0.7545979830304641 0.0 2.298741343464834e-192 0.0 0.0
0.023459326171875003 661.8268674019528 0.4179778712649729 0.4943065855443608 4.791327322884094e-07 0.003846723778236405 2.550290301751467e-06 9.217010599136386e-06 0.03534221061656035 0.20594019191180474 0.00020738599566426464 7.226177167430852e-05 0.7545789794924272 0.0 2.2991284504811137e-192 0.0 0.0
0.023461303710937503 664.762275762805 0.4197990855580269 0.4921621353782719 5.085181423045682e-07 0.003826555276665541 2.7019102634111985e-06 9.701469093404522e-06 0.035610771663733824 0.205708865108401 0.00020858681771551588 7.202449125604519e-05 0.7545602847447297 0.0 2.2995111298776738e-192 0.0 0.0
0.023463281250000002 667.7102754282398 0.4216283338075634 0.49002687393485006 5.39386334245292e-07 0.003806398301298579 2.8623074878644025e-06 1.0205403979819782e-05 0.03588031186181092 0.20547627895541398 0.0002097285388333143 7.177313457797316e-05 0.7545419021102642 0.0 2.299889610867137e-192 0.0 0.0
0.023465258789062502 670.6707087857665 0.42346551960466344 0.4879009147449835 5.71791780518181e-07 0.0037862531453684814 3.0319483552220585e-06 1.0729228905719299e-05 0.03615082180968104 0.2052424394730484 0.0002108099949627004 7.150776803747692e-05 0.7545238348398616 0.0 2.3002637142967897e-192 0.0 0.0
0.023467236328125002 673.6434132423968 0.42531054342376784 0.4857843699684881 6.057898099650924e-07 0.0037661201046579836 3.211319739672742e-06 1.127334745398177e-05 0.03642229186627646 0.20500735286632152 0.00021183012494157668 7.122846994133731e-05 0.7545060861108588 0.0 2.300633704482015e-192 0.0 0.0
0.0234692138671875 676.6282212450045 0.4271633026347116 0.48367735033350334 6.414365626947345e-07 0.0037459994776168916 3.4009295493548393e-06 1.183815235784779e-05 0.03669471215021796 0.204771025523911 0.0002127879735630388 7.093533047398136e-05 0.7544886590257488 0.0 2.3009993750315667e-192 0.0 0.0
0.02347119140625 679.6249603083282 0.42902369151958647 0.4815799650743268 6.787889420745928e-07 0.003725891565475976 3.6013072531145215e-06 1.2424024765398753e-05 0.03696807253979703 0.20453346401701167 0.0002136826942010544 7.062845164234531e-05 0.754471556610913 0.0 2.3013610146980977e-192 0.0 0.0
0.0234731689453125 682.6334530506534 0.4308916012944546 0.4794923218679027 7.179045639547865e-07 0.0037057966723571807 3.8130043918147044e-06 1.3031333559400523e-05 0.03724236267329874 0.20429467509820526 0.00021451355098469916 7.030794719767384e-05 0.7544547818154432 0.0 2.3017183926326663e-192 0.0 0.0
0.023475146484375 685.6535172371731 0.43276692013591717 0.47741452676919793 7.588417032080327e-07 0.0036857151053798633 4.03659507178975e-06 1.3660434737979802e-05 0.03751757194966694 0.20405466570034408 0.0002152799205094663 6.99739425346731e-05 0.7544383375100542 0.0 2.302071829618426e-192 0.0 0.0
0.0234771240234375 688.6849658309966 0.43464953321251604 0.47534668414570447 8.016592376811621e-07 0.003665647174762827 4.272676437978022e-06 1.4311670861307448e-05 0.03779368952951208 0.20381344293545256 0.00021598129307756568 6.962657456852407e-05 0.7544222264860918 0.0 2.302421064191699e-192 0.0 0.0
0.0234791015625 691.7276070517405 0.4365393227209318 0.47328889661132106 8.464165896645423e-07 0.0036455931939218967 4.521869124210253e-06 1.4985370569116706e-05 0.038070704336460315 0.20357101409364536 0.00021661727346259675 6.926599159034691e-05 0.754406451454639 0.0 2.302766445034911e-192 0.0 0.0
0.0234810791015625 694.7812444416044 0.4384361679269163 0.47124126495987195 8.931736649961677e-07 0.0036255534795628505 4.784817678086594e-06 1.568184817348745e-05 0.03834860505884011 0.2033273866420632 0.00021718758119746497 6.889235310178277e-05 0.7543910150457208 0.0 2.3031076840633042e-192 0.0 0.0
0.023483056640625 697.8456769388034 0.4403399452108765 0.46920388809852476 9.419907899270196e-07 0.0036055283517694905 5.062190957839878e-06 1.640140333088406e-05 0.038627380151701675 0.20308256822382448 0.00021769205038788922 6.850582962943071e-05 0.7543759198076113 0.0 2.3034451614988303e-192 0.0 0.0
0.0234850341796875 700.9206989581944 0.4422505281180124 0.46717686298137706 9.929286458834948e-07 0.0035855181340867315 5.354682498557491e-06 1.7144320796948173e-05 0.038907017839162054 0.20283656665699157 0.00021813062905727318 6.810660251993904e-05 0.7543611682062442 0.0 2.3037785597317465e-192 0.0 0.0
0.02348701171875 704.0061004789072 0.44416778741288643 0.4651602845434798 1.0460482022711303e-06 0.0035655231535985494 5.6630108451198595e-06 1.7910870267022982e-05 0.03918750611706747 0.2025893899335491 0.00021850337803205227 6.76948637166066e-05 0.7543467626247251 0.0 2.3041082873741962e-192 0.0 0.0
0.0234889892578125 707.1016671387599 0.44609159113828334 0.46315424563556823 1.1014106474714904e-06 0.003545543741000694 5.987919849210179e-06 1.8701306304828197e-05 0.039468832755962815 0.20234104621839105 0.00021881046937984646 6.727081551839611e-05 0.7543327053629493 0.0 2.304434002140006e-192 0.0 0.0
0.023490966796875 710.2071803352113 0.44802180467820785 0.4611588369597661 1.159077318190838e-06 0.0035255802306681083 6.330178927758333e-06 1.951586836111992e-05 0.039750985304356286 0.20209154384831338 0.00021905218441581244 6.683467032230154e-05 0.7543189986373208 0.0 2.304756134741756e-192 0.0 0.0
0.023492944335937502 713.3224173325845 0.4499582908248481 0.4591741470065254 1.2191096273251308e-06 0.0035056329607169616 6.690583280202424e-06 2.0354780883564562e-05 0.040033951092266776 0.20184089133100816 0.0002192289112954668 6.638665035004276e-05 0.7543056445805755 0.0 2.3050743227861698e-192 0.0 0.0
0.023494921875 716.4471513752304 0.45190090984929654 0.45720026199308017 1.281568990509975e-06 0.0034857022730615072 7.069954061978763e-06 2.1218253518424094e-05 0.040317717235036236 0.20158909734405744 0.00021934114221491474 6.592698736009e-05 0.754292645241703 0.0 2.3053890211208224e-192 0.0 0.0
0.0234968994140625 719.5811518063988 0.4538495195758769 0.45523726580361346 1.3465167515302166e-06 0.003465788513465271 7.469138511708591e-06 2.210648140405045e-05 0.04060227063739861 0.2013361707339168 0.0002193894702418531 6.545592234602078e-05 0.7542800025859686 0.0 2.305699838990514e-192 0.0 0.0
0.023498876953125004 722.7241841923723 0.45580397545979956 0.45328523993144526 1.4140141067630488e-06 0.003445892031587282 7.889010029584476e-06 2.301964555550443e-05 0.040887597997778975 0.20108212051489222 0.0002193745858028703 6.497370522224828e-05 0.7542677184950292 0.0 2.30600726052603e-192 0.0 0.0
0.023500854492187504 725.8760104515621 0.4577641306679485 0.4513442634234431 1.4841220288330613e-06 0.0034260131810231282 8.330468204544408e-06 2.3957913339026098e-05 0.041173685812809106 0.2008269558681034 0.00021929727285447114 6.44805944981408e-05 0.7542557947671441 0.0 2.306310860295885e-192 0.0 0.0
0.023502832031250004 729.0363889882435 0.45972983616259666 0.449414412826843 1.5569011896586342e-06 0.00340615231934064 8.794438787904443e-06 2.4921439034469374e-05 0.04146052038204513 0.2005706861404255 0.00021915840476684402 6.397685694154713e-05 0.7542442331174734 0.0 2.306611156427218e-192 0.0 0.0
0.023504809570312504 732.2050748304488 0.46170094078774204 0.44749576213875397 1.6324118830652438e-06 0.003386309808111031 9.281873611191502e-06 2.5910364483166553e-05 0.04174808781285792 0.20031332084341474 0.00021895893995069196 6.346276723275649e-05 0.7542330351784606 0.0 2.3069077007394103e-192 0.0 0.0
0.023506787109375003 735.3818197717087 0.46367729135786606 0.44558838275848556 1.7107139471438498e-06 0.003366486012935148 9.793750446046816e-06 2.6924819818165623e-05 0.04203637402548335 0.2000548696522088 0.0002186999172584418 6.293860760987817e-05 0.7542222025002985 0.0 2.307201033342581e-192 0.0 0.0
0.023508764648437503 738.5663725162128 0.46565873274884134 0.44369234344289693 1.791866686527635e-06 0.0033466813034652466 1.0331072804170632e-05 2.7964924273200095e-05 0.04232536475820836 0.19979534240440325 0.00021838245119183193 6.240466750662289e-05 0.7542117365514664 0.0 2.3074906758717118e-192 0.0 0.0
0.023510742187500003 741.7584788269944 0.4676451079907341 0.44180771026492416 1.8759287947577819e-06 0.0033268960534225305 1.0894869675410113e-05 2.9030787066246468e-05 0.04261504557267219 0.19953474909890181 0.000218007726948261 6.186124318343801e-05 0.7542016387193412 0.0 2.3077771931366877e-192 0.0 0.0
0.023512719726562503 744.9578816767337 0.469636258362246 0.43993454657542946 1.9629582769045595e-06 0.0033071306406106935 1.1486195202228693e-05 3.0122508353045033e-05 0.042905401859261345 0.19927309989474093 0.0002175769953383625 6.130863735292115e-05 0.7541919103108696 0.0 2.3080600867794107e-192 0.0 0.0
0.023514697265625002 748.1643214007805 0.4716320234865338 0.4380729129684971 2.053012372604816e-06 0.0032873854469257745 1.2106128288942331e-05 3.1240180245523957e-05 0.04319641884257611 0.19901040510988857 0.00021709156760706358 6.074715880040481e-05 0.7541825525533012 0.0 2.3083399371527593e-192 0.0 0.0
0.023516674804687502 751.3775358519925 0.47363224142815424 0.4362228672502858 2.1461474796710344e-06 0.0032676608583626474 1.2755772144264994e-05 3.2383887889676175e-05 0.04348808158694795 0.19874667522001935 0.00021655281018990516 6.01771220005717e-05 0.7541735665949725 0.0 2.3086162301356543e-192 0.0 0.0
0.02351865234375 754.5972605569966 0.4756367487908787 0.4343844644115266 2.2424190784204564e-06 0.0032479572650184734 1.3436253755871753e-05 3.3553710597096385e-05 0.043780375001985485 0.1984819208572685 0.00021596213943565865 5.959884673092313e-05 0.7541649535061363 0.0 2.308889570427118e-192 0.0 0.0
0.0235206298828125 757.8232288734831 0.4776453808161303 0.43255775660373585 2.3418816568654685e-06 0.003228275061093481 1.4148723295862529e-05 3.474972302409309e-05 0.044073283848128454 0.19821615280896818 0.00021532101632529006 5.901265768288658e-05 0.7541567142798319 0.0 2.30915940525821e-192 0.0 0.0
0.023522607421875 761.0551721481553 0.479657971481799 0.430742793119199 2.444588636898628e-06 0.0032086146448894446 1.4894353456192105e-05 3.5971996392049745e-05 0.04436679274218886 0.1979493820163701 0.00021463094121612183 5.8418884071309265e-05 0.7541488498327862 0.0 2.309426376555366e-192 0.0 0.0
0.0235245849609375 764.2928198749635 0.48167435360119915 0.42893962037475963 2.550592301597399e-06 0.0031889764188062397 1.5674338713322095e-05 3.722059974251992e-05 0.04466088616285902 0.1976816195733613 0.0002138934486386394 5.781785924304623e-05 0.7541413610063417 0.0 2.3096899071487108e-192 0.0 0.0
0.0235265625 767.5358998532695 0.4836943589219401 0.42714828189942994 2.6599437237650135e-06 0.003169360789336887 1.6489894521547106e-05 3.849560122040444e-05 0.04495554845616703 0.19741287672517804 0.00021311010217181804 5.720992028531266e-05 0.7541342485674027 0.0 2.3099506517924928e-192 0.0 0.0
0.0235285400390625 770.7841383455959 0.48571781822449167 0.42536881832582496 2.772692695814919e-06 0.0031497681670614617 1.7342256434650154e-05 3.979706937847182e-05 0.04525076384086087 0.197143164867126 0.00021228248942112228 5.659540763443129e-05 0.754127513209395 0.0 2.310208008378176e-192 0.0 0.0
0.023530517578125 774.0372602346341 0.48774456142023076 0.4236012673854022 2.888887661097167e-06 0.003130198966640302 1.8232679155750458e-05 4.112507449644743e-05 0.045546516413703116 0.19687249554331487 0.0002114122171214876 5.597466468556911e-05 0.7541211555532294 0.0 2.3104626626193626e-192 0.0 0.0
0.0235324951171875 777.2949891791986 0.4897744176487716 0.4218456639074771 3.008575646755879e-06 0.0031106536068068956 1.916243551541946e-05 4.24796899079074e-05 0.045842790154659016 0.19660088044541618 0.0002105009063856547 5.5348037404019964e-05 0.7541151761482664 0.0 2.310713985505947e-192 0.0 0.0
0.02353447265625 780.5570477688319 0.49180721537438965 0.4201020398219642 3.131802198197701e-06 0.0030911325103608715 2.0132815378357677e-05 4.386099332827002e-05 0.04613956893196221 0.19632833141145348 0.00020955018811621634 5.471587393855601e-05 0.7541095754732723 0.0 2.31096268031829e-192 0.0 0.0
0.0235364501953125 783.823157676782 0.4938427824813601 0.4183704241657854 3.2586113152420406e-06 0.0030716361041614845 2.114512447914496e-05 4.5269068177276145e-05 0.04643683650704242 0.19605486042463596 0.0002085616985976842 5.407852423733626e-05 0.7541043539373622 0.0 2.31120810792011e-192 0.0 0.0
0.023538427734375 787.0930398110943 0.4958809463680444 0.41665084309286915 3.389045390014887e-06 0.003052164819121981 2.2200683187799516e-05 4.670400488948708e-05 0.04673457653930162 0.19578047961224554 0.00020753707528280946 5.343633966682992e-05 0.7540995118809228 0.0 2.311450971616336e-192 0.0 0.0
0.023540405273437502 790.3664144635806 0.49792153403957484 0.4149433198876504 3.5231451466395648e-06 0.003032719090205199 2.3300825206107288e-05 4.816590220650398e-05 0.04703277259072609 0.19550520124458723 0.00020647795278531955 5.278967263418087e-05 0.7540950495765119 0.0 2.3116906254929613e-192 0.0 0.0
0.023542382812500002 793.6430014564091 0.49996437219897094 0.41324787498199167 3.660949582767675e-06 0.003013299356420964 2.4446896195895482e-05 4.965486844479823e-05 0.04733140813031948 0.19522903773401865 0.0002053859590892038 5.213887621342039e-05 0.7540909672297242 0.0 2.311927802622513e-192 0.0 0.0
0.0235443603515625 796.9225202861984 0.5020092873366129 0.41156452597537263 3.802495912990438e-06 0.002993906060825124 2.5640252340691272e-05 5.117102273332665e-05 0.04763046653835443 0.1949520016340604 0.00020426271198264589 5.148430377588576e-05 0.7540872649800241 0.0 2.312161413151926e-192 0.0 0.0
0.023546337890625005 800.2046902653182 0.5040561058178822 0.4098932876582873 3.947819514155075e-06 0.002974539650521185 2.6882258842367026e-05 5.271449621527094e-05 0.047929931110423235 0.19467410563860854 0.0002031098157228335 5.082630862521755e-05 0.7540839429015336 0.0 2.3123940069474068e-192 0.0 0.0
0.023550292968750004 806.7761170045317 0.5081549152284437 0.4065870626972843 4.249880762285358e-06 0.002935889106682491 2.9516069144675008e-05 5.588363821678218e-05 0.04853000753018578 0.19411579823913724 0.00020072004800948085 4.950117496504189e-05 0.7540784343129029 0.0 2.312850352295055e-192 0.0 0.0
0.023554248046875004 813.3547566556048 0.5122592356034232 0.40332940827223457 4.5674179070389215e-06 0.002897351414703537 3.236041376328118e-05 5.916368527192643e-05 0.04913150132270348 0.19355422099421954 0.00019823086423999742 4.8166615000626345e-05 0.7540744372722048 0.0 2.3132977679812265e-192 0.0 0.0
0.023556225585937503 816.6459526289639 0.514312950314919 0.40171886446064553 4.7320784203147685e-06 0.0028781261682397853 3.386582051687302e-05 6.084600287529659e-05 0.049432738690535424 0.19327223353413012 0.0001969533806503742 4.7496811705018454e-05 0.7540730075129413 0.0 2.31351855784706e-192 0.0 0.0
0.023558203125000003 819.9381198573307 0.5163675289207048 0.40012046227956966 4.900686901768195e-06 0.0028589305743993527 3.542815335714545e-05 6.255675471908192e-05 0.049734280422242344 0.19298946533677258 0.00019565540338827144 4.6825684210448654e-05 0.7540719569840197 0.0 2.313737702092645e-192 0.0 0.0
0.023562158203125003 826.5245240150668 0.5204787542036564 0.39695993872799645 5.249792884831221e-06 0.002820629980646995 3.872742618072151e-05 6.6064094322819e-05 0.050338206181265985 0.19242165222691862 0.00019300244752987994 4.548054113563444e-05 0.7540709873091255 0.0 2.3141680925099736e-192 0.0 0.0
0.023566113281250002 833.1114856728515 0.5245913721138609 0.3938479078398941 5.614906487862079e-06 0.0027824535960038342 4.227021167052901e-05 6.96880463235982e-05 0.05094313879982072 0.19185089433238173 0.00019028455704473473 4.4134187721575136e-05 0.7540715213625566 0.0 2.314592822625452e-192 0.0 0.0
0.023570068359375 839.6968154430946 0.5287040273955346 0.3907842642994113 5.996133815849788e-06 0.0027444053402149635 4.6067281380804444e-05 7.343115843772673e-05 0.051548939555780625 0.19127730454873124 0.00018751215910064572 4.278926723629197e-05 0.7540735545553133 0.0 2.3150100046039957e-192 0.0 0.0
0.0235740234375 846.2783440256705 0.5328153769472228 0.3877688657592207 6.393543630619758e-06 0.0027064892020565168 5.0129189199829734e-05 7.729632748025431e-05 0.052155468884333867 0.1907009980563857 0.0001846950990912607 4.144835929163267e-05 0.754077081338542 0.0 2.315421899271625e-192 0.0 0.0
0.023577978515625 852.8539252393741 0.5369240916558612 0.3848015344975768 6.807166420440761e-06 0.002668709240950272 5.4466203312882755e-05 8.12868113493912e-05 0.052762586413574945 0.19012209236636143 0.00018184262443096772 4.0113971071006816e-05 0.7540820952025405 0.0 2.3158266124697917e-192 0.0 0.0
0.02358193359375 859.4214388280542 0.5410288580849877 0.38188205913673207 7.236993584059588e-06 0.002631069588802613 5.908823701223063e-05 8.540623596325756e-05 0.05337015098810193 0.18954070737814235 0.0001789633776878042 3.878852908224258e-05 0.7540885886716356 0.0 2.3162263924506913e-192 0.0 0.0
0.023585888671875 865.9787930462318 0.5451283800205646 0.37901019640564804 7.682976726284447e-06 0.0025935744520412967 6.400477892989122e-05 8.965859714118124e-05 0.05397802068170472 0.18895696544907298 0.0001760653977868327 3.74743714612679e-05 0.7540965532951479 0.0 2.316619363077372e-192 0.0 0.0
0.023589843750000002 872.5239270306668 0.5492213798789747 0.37618567293103594 8.145027062709518e-06 0.0025562281138143267 6.922482329174135e-05 9.404825747682554e-05 0.054586052800423474 0.1883709914743242 0.00017315612802580105 3.61737408513965e-05 0.7541059796347421 0.0 2.3170077494963252e-192 0.0 0.0
0.023593798828125005 879.0548129656092 0.5533065999826211 0.3734081870419967 8.62301493177433e-06 0.0025190349363069914 7.475680080761243e-05 9.857993829944974e-05 0.05519410387741998 0.18778291297614183 0.00017024242969227086 3.488877788187542e-05 0.7541168572485311 0.0 2.3173896951114528e-192 0.0 0.0
0.023597753906250005 885.5694580505345 0.5573828037092776 0.37067741057480413 9.116769413055704e-06 0.0024819993631248227 8.06085108209956e-05 0.00010325870686287919 0.055802029661249704 0.18719286020075707 0.00016733060014794736 3.3621515267900534e-05 0.7541291746723687 0.0 2.3177674156299416e-192 0.0 0.0
0.023601708984375004 892.0659062797865 0.561448776521783 0.36799299066575 9.626078051439776e-06 0.0024451259216838645 8.678705534336842e-05 0.00010808995893954779 0.056409685099226205 0.18660096622105155 0.0001644263943434757 3.237387255251046e-05 0.7541429193988214 0.0 2.3181390735720246e-192 0.0 0.0
0.023605664062500004 898.5422400440165 0.5655033268849895 0.36535455152131197 1.0150686687595574e-05 0.0024084192255436165 9.329877559191543e-05 0.00011307939703000195 0.05701692431765285 0.18600736704280713 0.0001615350488377416 3.114765150853148e-05 0.7541580778543542 0.0 2.3185068525880833e-192 0.0 0.0
0.023609619140625003 904.9965815636494 0.5695452870771391 0.3627616961562011 1.069029939593727e-05 0.0023718839766127616 0.00010014919163552255 0.00011823300442717376 0.05762360060076046 0.18541220171214798 0.00015866130751304727 2.994453221604118e-05 0.7541746353753049 0.0 2.3188689606156e-192 0.0 0.0
0.023613574218750003 911.4270941646178 0.5735735139028532 0.3602140080911503 1.1244578531968511e-05 0.002335524967154456 0.0001073429457322009 0.00012355701539998052 0.05822956637021208 0.1848156124216142 0.00015580944829590135 2.8766069827689673e-05 0.7541925761832455 0.0 2.319227545823438e-192 0.0 0.0
0.023617529296875002 917.8319834065871 0.5775868893149391 0.357711053003513 1.1813144891541948e-05 0.0022993470815152782 0.00011488374991198211 0.00012905788178312655 0.058834673167042564 0.18421774461218038 0.00015298331030791392 2.761369203062663e-05 0.7542118833603508 0.0 2.319580871018973e-192 0.0 0.0
0.023621484375 924.2094980737353 0.5815843209521117 0.35525238032488415 1.2395577985104028e-05 0.002263355297500636 0.0001227743383230203 0.00013474223627971254 0.05943877163787834 0.1836187470684597 0.0001501863209790635 2.6488697209794575e-05 0.7542325388253991 0.0 2.3199310279695673e-192 0.0 0.0
0.023625439453125 930.5579310378878 0.585564742599569 0.35283752478102154 1.2991416430413058e-05 0.002227554687319413 0.00013101642481563495 0.000140616852800754 0.06004171152723672 0.18301877200431058 0.00014742152275395542 2.5392253313004633e-05 0.7542545233110343 0.0 2.3202763459609996e-192 0.0 0.0
0.02362939453125 936.8756200034943 0.5895271145791489 0.3504660078703265 1.3600158467500388e-05 0.00219195041802183 0.00013961066618991858 0.00014668860418117388 0.06064334167763423 0.18241797513609237 0.00014469159910912983 2.4325397413574036e-05 0.7542778163429052 0.0 2.3206188517224076e-192 0.0 0.0
0.023633349609375 943.1609481435502 0.5934704240755355 0.34813733927803847 1.4221262599778785e-05 0.002156547751356962 0.00014855663147800874 0.00015296441762536317 0.06124351003914113 0.1818165157408923 0.00014199889967527143 2.3289035961448968e-05 0.7543023962212849 0.0 2.320956949776073e-192 0.0 0.0
0.023637304687500003 949.4123446351492 0.5973936854047002 0.34585101822410363 1.4854148365180966e-05 0.0021213520429799637 0.0001578527775729921 0.00015945122824699367 0.06184206368990704 0.1812145566971677 0.00013934546432225797 2.228394570874288e-05 0.7543282400057445 0.0 2.3212926046291194e-192 0.0 0.0
0.023641259765625006 955.6282851028703 0.6012959402304154 0.34360653474342856 1.5498197241026293e-05 0.002086368740944062 0.0001674964314534771 0.0001661559310773057 0.06243884886904681 0.18061226450541834 0.00013673304611779404 2.1310775290582785e-05 0.7543553235034263 0.0 2.3216242879908446e-192 0.0 0.0
0.023645214843750005 961.8072919777982 0.6051762577343961 0.3414033708978425 1.6152753685979235e-05 0.002051603383417823 0.00017748377918729765 0.00017308533192359314 0.06303371102313292 0.18000980928669788 0.0001341631331126515 2.03700474371413e-05 0.7543836212614206 0.0 2.3219538821014847e-192 0.0 0.0
0.023649169921875005 967.9479347794054 0.6090337347452024 0.3392410019197078 1.6817126321955963e-05 0.002017061595575545 0.00018780986183018807 0.00018024609746466138 0.06362649486736711 0.17940736475702423 0.00013163696893842843 1.94621617878746e-05 0.7544131065637061 0.0 2.3222799567292785e-192 0.0 0.0
0.023653125000000004 974.0488303270206 0.6128674958306802 0.33711889728761973 1.749058925818402e-05 0.0019827490856164465 0.00019846857826690364 0.00018764470497268398 0.06421704446232449 0.1788051081760128 0.00012915557222831523 1.8587398274334993e-05 0.7544437514330622 0.0 2.322604295166081e-192 0.0 0.0
0.023657080078125003 980.1086428871685 0.6166766933583647 0.3350365217350586 1.8172383558834475e-05 0.0019486716398764855 0.0002094526949741872 0.00019528739205102957 0.06480520330697921 0.17820322026834695 0.00012671975488885953 1.774592103357176e-05 0.7544755266383074 0.0 2.3229255498839205e-192 0.0 0.0
0.023661035156250003 986.1260842624761 0.6204605075278449 0.33299333619326554 1.8861718854714325e-05 0.00191483511700641 0.00022075386261778324 0.00020318010677487065 0.06539081444851305 0.17760188511701802 0.00012433013926243185 1.693778281018666e-05 0.7545084017071593 0.0 2.3232454201996137e-192 0.0 0.0
0.023664990234375002 992.0999138273603 0.6242181463787104 0.3309887986699366 1.9557775098470026e-05 0.0018812454411993066 0.0002323626393307129 0.00021132845861595087 0.06597372060920466 0.17700129002759285 0.00012198717422703644 1.6162929801603965e-05 0.7545423449449464 0.0 2.3235626375412044e-192 0.0 0.0
0.023668945312500002 998.0289385151972 0.627948845777299 0.32902236506560584 2.0259704461612525e-05 0.0018479085944612245 0.0002442685204578833 0.00021973767052457777 0.06655376433048506 0.1764016253631028 0.00011969115028334248 1.5421206898132612e-05 0.7545773234593425 0.0 2.3238787949784083e-192 0.0 0.0
0.023672900390625 1003.9120127611743 0.6316518693850811 0.3270934899298259 2.0966633370453075e-05 0.0018148306079290486 0.0002564599744936667 0.00022841253253081512 0.06713078813403373 0.1758030843494897 0.00011744221367918014 1.4712363266985726e-05 0.7546133031912238 0.0 2.324192730356793e-192 0.0 0.0
0.02367685546875 1009.748038549805 0.6353265087045492 0.3252016271116214 2.1677664639005453e-05 0.0017820175522748598 0.0002689244866595475 0.0002373573611101766 0.06770463469842654 0.17520586284539347 0.00011524037961930839 1.4036058270087447e-05 0.7546502489536245 0.0 2.3245059134522374e-192 0.0 0.0
0.023680810546875 1015.5359670196356 0.6389720841086706 0.3233462298530204 2.239187983898764e-05 0.001749475527156259 0.0002816486027840738 0.0002465759495171328 0.0682751470546821 0.17461015910265848 0.00011308554466473307 1.3391867495008043e-05 0.754688124471221 0.0 2.3248172667736124e-192 0.0 0.0
0.023684765625000003 1021.2747976788244 0.642587944382399 0.32152675160509225 2.3108341685476543e-05 0.001717210649862061 0.00029461798330001026 0.00025607153156037484 0.06884216879395222 0.17401617348098458 0.00011097749830288141 1.277928909222144e-05 0.7547268924312781 0.0 2.3251281500553603e-192 0.0 0.0
0.023688720703125006 1026.9635784194597 0.6461734667743795 0.31974264652065587 2.3826096571482753e-05 0.0016852290431017387 0.0003078174601858336 0.0002658467445980008 0.06940554429080989 0.1734241081420923 0.00010891593376753568 1.2197750200849403e-05 0.7547665145386905 0.0 2.325437581113411e-192 0.0 0.0
0.023692675781250006 1032.6014052673804 0.6497280568914874 0.31799336997443883 2.4544177206774503e-05 0.0016535368220221849 0.00032123109801632374 0.000275903595595813 0.06996511893987217 0.17283416671903817 0.00010690045815100743 1.1646613449967143e-05 0.7548069515766659 0.0 2.3257467898561818e-192 0.0 0.0
0.023696630859375005 1038.1874220995383 0.6532511485819084 0.3162783790374969 2.5261605350306466e-05 0.0016221400805148899 0.0003348422586082738 0.0002862434304855554 0.07052073940451924 0.17224655396243627 0.00010493060184311027 1.1125183483398167e-05 0.7548481634727774 0.0 2.3260548870183438e-192 0.0 0.0
0.023700585937500004 1043.7208203303105 0.6567422038072807 0.3145971329086366 2.5977394624375233e-05 0.0015910448768876987 0.00034863366872811037 0.00029686690703132425 0.07107225387627121 0.17166147536563311 0.00010300582732940349 1.0632713457937698e-05 0.7548901093700554 0.0 2.326362987580034e-192 0.0 0.0
0.023704541015625004 1049.2008385679242 0.6602007125042059 0.3129490933055527 2.66905533975447e-05 0.0015602572189827037 0.0003625874903165189 0.00030777397138325303 0.07161951234325681 0.17107913677109352 0.00010112553737915964 1.0168411467427039e-05 0.7549327477027419 0.0 2.3266702774130236e-192 0.0 0.0
0.023708496093750003 1054.6267622417884 0.6636261924351277 0.3113337248183875 2.7400087722396948e-05 0.0015297830488290789 0.0003766853926794661 0.0003189638384671687 0.07216236686608368 0.17049974396044792 9.928908265182907e-05 9.731446848074661e-06 0.7549760362762894 0.0 2.3269777435598297e-192 0.0 0.0
0.023712451171875003 1059.997923201311 0.6670181890283997 0.30975049522836423 2.8105004313316058e-05 0.0014996282269254093 0.0003909086260956412 0.00033043497632796184 0.07270067185932858 0.16992350223080904 9.749576874934761e-05 9.32095632379725e-06 0.7550199323511461 0.0 2.3272846601523647e-192 0.0 0.0
0.023716406250000002 1065.3136992865498 0.6703762752071619 0.3081988757940869 2.8804313548799365e-05 0.0014697985162509296 0.00040523809629669185 0.00034218509451296853 0.07323428437678753 0.1693506159600896 9.574486274048062e-05 8.93604995408124e-06 0.7550643927298382 0.0 2.3275918976469718e-192 0.0 0.0
0.023720361328125 1070.573513870867 0.6737000512064867 0.30667834150802414 2.9497032482231784e-05 0.001440299566108857 0.00041965443928844914 0.0003542111365501045 0.07376306439857332 0.16878128816414856 9.403559918246904e-05 8.57581685086668e-06 0.7551093738468345 0.0 2.327898796510041e-192 0.0 0.0
0.02372431640625 1075.776835375609 0.6769891443781306 0.3051883713256066 3.0182187844661714e-05 0.0014111368959075993 0.0004341380959981768 0.0003665092765440951 0.07428687511811406 0.16821572004865418 9.236718566450006e-05 8.23933063515757e-06 0.7551548318606571 0.0 2.328206104358243e-192 0.0 0.0
0.023728271484375 1080.923176756718 0.6802432089821353 0.3037284483692732 3.0858819022889495e-05 0.0013823158789871143 0.0004486693862542832 0.0003790749198831865 0.07480558322709525 0.16765411055858276 9.073880789691798e-05 7.925654608391555e-06 0.7552007227476889 0.0 2.3285132537591316e-192 0.0 0.0
0.023732226562500004 1086.0120949631182 0.6834619259644334 0.3022980601096899 3.152598099612513e-05 0.0013538417265979538 0.0004632285816304024 0.00039190270801849015 0.07531905919639834 0.16709665592826978 8.914963436958327e-05 7.633846617984844e-06 0.7552470023971212 0.0 2.328820856689314e-192 0.0 0.0
0.023736181640625006 1091.0431903666379 0.6866450027195831 0.3008966985262674 3.218274721458865e-05 0.001325719472139869 0.0004777959767146544 0.00040498652724874746 0.07582717755111698 0.16654354923490242 8.759882060234466e-05 7.362963600837124e-06 0.7552936267064795 0.0 2.329128422984389e-192 0.0 0.0
0.023740136718750006 1096.0161061632969 0.6897921728377621 0.2995238602489596 3.282821240372778e-05 0.0012979539557645464 0.0004923519583970242 0.00041831952141536575 0.0763298171377882 0.16599497995827484 8.608551301014772e-05 7.11206579286411e-06 0.7553405516771733 0.0 2.329436451703797e-192 0.0 0.0
0.023744091796875005 1100.9305277457229 0.6929031958351348 0.2981790466832325 3.346149527818121e-05 0.0012705498094444086 0.0005068770728020036 0.00043189410838572964 0.07682686138203944 0.16545113354954866 8.460885240490056e-05 6.880220596775024e-06 0.75538773350952 0.0 2.3297445139769394e-192 0.0 0.0
0.023748046875000005 1105.78618204653 0.6959778568667356 0.29686176411995907 3.408174115023964e-05 0.001243511442605366 0.0005213520895298734 0.00044570200017769214 0.07731819853493796 0.1649121910116488 8.316797715577325e-05 6.666506104262847e-06 0.7554351286967103 0.0 2.3300530023488573e-192 0.0 0.0
0.023752001953125004 1110.582836852609 0.6990159664211147 0.2955715238318602 3.468812441834268e-05 0.0012168430284161282 0.0005357580629077692 0.0004597342265550163 0.0778037219064389 0.16437832849378384 8.176202602911434e-05 6.470014272483027e-06 0.7554826941171987 0.0 2.3303615568027684e-192 0.0 0.0
0.023755957031250004 1115.3203000903193 0.7020173599960325 0.2943078421580042 3.5279850922060135e-05 0.0011905484908212034 0.0005500763899898683 0.00047398116190199566 0.07828333008443832 0.16384971690243158 8.039014072866655e-05 6.289853758131169e-06 0.7555303871250285 0.0 2.3306704603111312e-192 0.0 0.0
0.023759912109375003 1119.9984190817102 0.7049818977545971 0.2930702405777423 3.585616015105739e-05 0.0011646314923979826 0.0005642888650848118 0.0004884325551662493 0.07875692713806919 0.16332652153095673 7.905146815619125e-05 6.125152415550593e-06 0.7555781656376227 0.0 2.3309794023851823e-192 0.0 0.0
0.023763867187500003 1124.617079772023 0.7079094641613524 0.2918582457753425 3.641632729670634e-05 0.001139095423111078 0.0005783777306269992 0.0005030775626415485 0.07922442280401856 0.16280890170983903 7.77451624119967e-05 5.975059468090403e-06 0.7556259882206064 0.0 2.3312885873218343e-192 0.0 0.0
0.023767822265625002 1129.1762059288676 0.7107999675979487 0.2906713896964635 3.695966513626251e-05 0.001113943390029257 0.0005923257242463554 0.0005179047833476715 0.0796857326547919 0.1622970104792914 7.647038655420663e-05 5.8387473643770076e-06 0.7556738141692592 0.0 2.331597753307801e-192 0.0 0.0
0.02377177734375 1133.6757583136227 0.7136533399581624 0.2895092095974936 3.748552574087012e-05 0.0010891782080620271 0.0006061161219281419 0.0005329022967517481 0.0801407782480062 0.16179099428583724 7.522631413490156e-05 5.715413333250068e-06 0.7557216035862262 0.0 2.3319070122166513e-192 0.0 0.0
0.023775732421875 1138.115733825762 0.7164695362221705 0.28837124808867437 3.799330200006041e-05 0.001064802391764293 0.0006197327771900523 0.0005480577025654084 0.08058948725595345 0.1612909927042008 7.401213053052841e-05 5.604280652847109e-06 0.7557693174551632 0.0 2.3322161622095638e-192 0.0 0.0
0.023779687500000004 1142.4961646209824 0.7192485340101431 0.28725705317181693 3.848242895685831e-05 0.0010408181482485979 0.0006331601562378718 0.0005633581623442868 0.08103179357483872 0.16079713818564226 7.282703408320243e-05 5.504599650705798e-06 0.7558169177100181 0.0 2.3325252237489573e-192 0.0 0.0
0.023783642578125007 1146.8171172041448 0.7219903331153449 0.28616617827332785 3.895238494908568e-05 0.0010172273712355726 0.00064638336909305 0.0005787904426109853 0.0814676374132583 0.16030955583364984 7.167023706874252e-05 5.415648452801415e-06 0.7558643672997023 0.0 2.332834044831267e-192 0.0 0.0
0.023787597656250006 1151.0786914982566 0.7246949550171264 0.2850981822731532 3.9402692553940716e-05 0.0009940316362638756 0.0006593881967157482 0.0005943409592197708 0.08189696535965153 0.1598283632076726 7.054096650645758e-05 5.336733500163789e-06 0.7559116302479366 0.0 2.3331425802635816e-192 0.0 0.0
0.023791552734375006 1155.2810198908282 0.7273624423742995 0.2840526295301739 3.9832919334403466e-05 0.0009712321970722276 0.0006721611141745199 0.0006099958226803989 0.08231973042861335 0.15935367015536597 6.943846482490268e-05 5.2671898521478845e-06 0.7559586717081027 0.0 2.3334507128900083e-192 0.0 0.0
0.023795507812500005 1159.4242662590843 0.7299928584995328 0.28302908990450587 4.024267838746983e-05 0.0009488299831573314 0.0006846893099391499 0.0006257408841600097 0.08273589208611007 0.15888557867360678 6.836199039700574e-05 5.2063812955849e-06 0.7560054580129673 0.0 2.3337583352866685e-192 0.0 0.0
0.023799462890625005 1163.5086249757094 0.7325862868155855 0.2820271387770647 4.063162869563367e-05 0.0009268255985026315 0.0006969607013962244 0.0006415617818859506 0.08314541625379601 0.15842418279832227 6.731081795713847e-05 5.153700278943539e-06 0.7560519567191859 0.0 2.3340653799438812e-192 0.0 0.0
0.023803417968750004 1167.5343198968753 0.7351428302942806 0.28104635706670683 4.0999475284386736e-05 0.0009052193214649396 0.0007089639467071757 0.0006574439876779626 0.08354827529276428 0.15796956852298633 6.628423891191813e-05 5.108567690314367e-06 0.7560981366465334 0.0 2.334371680226106e-192 0.0 0.0
0.023807373046875004 1171.5016033344511 0.7376626108792714 0.28008633124518284 4.1345969189797866e-05 0.0008840111057980386 0.0007206884531464151 0.0006733728533459677 0.08394444796720164 0.1575218137454439 6.528156155573248e-05 5.07043249751912e-06 0.7561439679118416 0.0 2.334677197054624e-192 0.0 0.0
0.023811328125000003 1175.4107550143817 0.7401457688937528 0.27914665335009003 4.1670907241441057e-05 0.0008632005827850628 0.0007321243820724155 0.000689333656699188 0.08433391938854062 0.1570809882425502 6.430211120121368e-05 5.038771267972199e-06 0.7561894219576625 0.0 2.3349817194302996e-192 0.0 0.0
0.023815283203125003 1179.2620810233218 0.7425924624343774 0.2782269209959568 4.1974131667061567e-05 0.0008427870644446674 0.000743262650697405 0.0007053116469235026 0.08471668094081637 0.15664715367194726 6.334523023414227e-05 5.013087585111365e-06 0.756234471575705 0.0 2.3352852463893367e-192 0.0 0.0
0.023819238281250002 1183.0559127456734 0.7450028667527215 0.2773267373835511 4.225552952639114e-05 0.0008227695477697859 0.0007540949308317097 0.0007212920890965913 0.08509273018803847 0.15622036360015096 6.241027810154434e-05 4.992911377295944e-06 0.7562790909251278 0.0 2.3355875266119886e-192 0.0 0.0
0.023823193359375 1186.7926057932411 0.7473771736257239 0.27644571130746626 4.2515031982440305e-05 0.0008031467199521666 0.0007646136447868814 0.0007372603076244006 0.08546207076447904 0.1558006635559844 6.149663124105485e-05 4.977798174070047e-06 0.756323255545796 0.0 2.3358885829033384e-192 0.0 0.0
0.023827148437500004 1190.4725389297555 0.7497155907165829 0.275583457162003 4.2752613419403793e-05 0.0007839169645409091 0.0007748119586276549 0.0007532017283975924 0.08582471224885947 0.15538809110827376 6.060368295896136e-05 4.967328303629313e-06 0.756366942366639 0.0 2.3361881451152152e-192 0.0 0.0
0.023831103515625007 1194.0961129925179 0.7520183409276396 0.2747395949453468 4.29682904170091e-05 0.0007650783684790146 0.0007846837729665787 0.0007691019194826377 0.08618067002348302 0.15498267596661866 5.9730843263720955e-05 4.961106044235019e-06 0.7564101297092655 0.0 2.33648625634375e-192 0.0 0.0
0.023835058593750007 1197.6637498134749 0.7542856617468336 0.2739137502620054 4.3162120591721475e-05 0.0007466287299580876 0.0007942237114972415 0.0007849466301792586 0.08652996511942158 0.1545844401039514 5.8877538661140106e-05 4.958758741208752e-06 0.7564527972870186 0.0 2.33678262030156e-192 0.0 0.0
0.023839013671875006 1201.175891141971 0.7565178045893168 0.2731055543234648 4.333420131568151e-05 0.0007285655670286008 0.0008034271074620814 0.0008007218282931817 0.08687262404890432 0.1541933978995309 5.804321191686202e-05 4.9599359000326226e-06 0.7564949261996685 0.0 2.3370772989034956e-192 0.0 0.0
0.023842968750000006 1204.6329975714082 0.7587150341358176 0.27231464394700927 4.348466832460451e-05 0.0007108861269008034 0.0008122899882493884 0.0008164137354910083 0.08720867862608798 0.15380955630095403 5.7227321791283926e-05 4.964308264988739e-06 0.7565364989239561 0.0 2.3373699873685134e-192 0.0 0.0
0.023846923828125005 1208.0355474720348 0.7608776276693797 0.2715406615526318 4.3613694226115265e-05 0.0006935873958694626 0.0008208090583114003 0.0008320088606222895 0.08753816577741542 0.1534329150037157 5.642934275153354e-05 4.971566891711183e-06 0.7565774993002164 0.0 2.3376607696619426e-192 0.0 0.0
0.023850878906250005 1211.3840359320002 0.7630058744120469 0.2707832551579639 4.3721486920123386e-05 0.0006766661097948 0.0008289816805911994 0.0008474940309118244 0.08786112734277429 0.1530634666468211 5.5648764664698815e-05 4.98142222100461e-06 0.756617912515321 0.0 2.3379493227512425e-192 0.0 0.0
0.023854833984375004 1214.6789737087531 0.7651000748630638 0.270042078371151 4.3808287942878394e-05 0.0006601187650714359 0.0008368058566409782 0.0008628564209433013 0.08817760986867047 0.1527011970229311 5.4885092476096185e-05 4.993603160314372e-06 0.7566577250821833 0.0 2.338235756272007e-192 0.0 0.0
0.023858789062500003 1217.9208861927818 0.7671605401401155 0.2693167903815956 4.387437074627936e-05 0.0006439416300172723 0.0008442802056081115 0.0008780835793731366 0.08848766439462154 0.15234608530151464 5.413784587600192e-05 5.007856178320619e-06 0.7566969248160845 0.0 2.3385197336924907e-192 0.0 0.0
0.023862744140625003 1221.1103123856071 0.769187591325092 0.26860705594849804 4.392003892385951e-05 0.0006281307566148745 0.0008514039422585549 0.0008931634533306914 0.08879134623395826 0.15199810426348637 5.3406558957957336e-05 5.023944417277835e-06 0.7567355008080718 0.0 2.3388013779168775e-192 0.0 0.0
0.023866699218750002 1224.2478038938389 0.7711815588157983 0.26791254538712533 4.394562439462925e-05 0.0006126819925390318 0.0008581768541995248 0.0009080844104778132 0.08908871475019525 0.15165722054582265 5.2690779871499544e-05 5.041646826934839e-06 0.7567734433956923 0.0 2.3390803668527014e-192 0.0 0.0
0.023870654296875002 1227.3339239409945 0.7731427816849826 0.2672329345527497 4.3951485555648836e-05 0.0005975909934057322 0.0008645992784553531 0.0009228352587167482 0.08937983313010026 0.15132339489467367 5.199007047197409e-05 5.060757323150094e-06 0.756810744131317 0.0 2.3393568248629742e-192 0.0 0.0
0.023874609375000005 1230.369246398676 0.7750716070479783 0.2665679048222013 4.393800541382138e-05 0.0005828532351797355 0.0008706720775419616 0.0009374052635507804 0.0896647681545507 0.1509965824255228 5.1304005969969204e-05 5.081083973663495e-06 0.756847395748316 0.0 2.3396304351271225e-192 0.0 0.0
0.023878564453125008 1233.354354838557 0.7769683894401758 0.2659171430729958 4.390558970695856e-05 0.0005684640266803175 0.0008763966151766786 0.0009517841631162963 0.0899435899682214 0.15067673288898875 5.063217458290027e-05 5.102448212897714e-06 0.7568833921253331 0.0 2.339901332842056e-192 0.0 0.0
0.023882519531250007 1236.2898416065477 0.7788334902054815 0.2652803416600001 4.385466502368054e-05 0.0005544185221271961 0.0008817747317513433 0.0009659621809185842 0.09021637184909866 0.1503637909409093 4.9974177191381853e-05 5.124684087138376e-06 0.7569187282489119 0.0 2.3401692065608824e-192 0.0 0.0
0.023886474609375007 1239.176306920344 0.7806672768968193 0.2646571983896159 4.378567693117868e-05 0.0005407117336717243 0.0008868087196876817 0.0009799300363158938 0.09048318997876065 0.15005769641540503 4.932962700333163e-05 5.147637530979457e-06 0.7569534001747126 0.0 2.340434211916201e-192 0.0 0.0
0.023890429687500006 1242.0143579914263 0.7824701226896322 0.26404741649147495 4.369908811930274e-05 0.0005273385438615242 0.000891501298785111 0.0009936789528075564 0.09074412321430488 0.14975838459968183 4.8698149229294625e-05 5.171165675515939e-06 0.756987404987554 0.0 2.3406960319819304e-192 0.0 0.0
0.023894384765625006 1244.8046081724913 0.7842424058092933 0.2634507045876436 4.359537656883883e-05 0.000514293717989841 0.0008958555916625084 0.001007200664192241 0.09099925286274843 0.1494657865093888 4.807938077335825e-05 5.1951361884161295e-06 0.7570207407605064 0.0 2.340954829837331e-192 0.0 0.0
0.023898339843750005 1247.5476761311136 0.7859845089731938 0.26286677665935476 4.3475033751231844e-05 0.0005015719162844841 0.0008998750993869345 0.0010204874186711182 0.09124866245866094 0.1491798291634215 4.747296994541334e-05 5.219426645706796e-06 0.7570534065132514 0.0 2.341210316004849e-192 0.0 0.0
0.023902294921875004 1250.244185050326 0.7876968188482196 0.26229535201129534 4.33385628663811e-05 0.0004891677058946456 0.0009035636773741738 0.0010335319809783694 0.09149243754572879 0.14890043585712562 4.6878576202576714e-05 5.2439239348513745e-06 0.7570854021699133 0.0 2.3414626539646597e-192 0.0 0.0
0.023906250000000004 1252.8947618566588 0.7893797255242166 0.26173615523348664 4.31864771245095e-05 0.0004770755726374661 0.0009069255116381826 0.0010463276326277225 0.09173066546288772 0.14862752643293098 4.6295869930635716e-05 5.268523688490772e-06 0.7571167285165707 0.0 2.341708941626833e-192 0.0 0.0
0.023908227539062504 1254.203048777208 0.7902102922398656 0.2614610520856884 4.3104772562381235e-05 0.00047114448304124665 0.0009084855495993501 0.0010526297765486234 0.09184773223826934 0.14849347194996565 4.600877963668343e-05 5.280826010565233e-06 0.7571321416244026 0.0 2.3418317491877632e-192 0.0 0.0
0.023910205078125003 1255.5000561804766 0.7910336335671165 0.2611889123428094 4.301935855957903e-05 0.0004652893791496277 0.0009099654463849439 0.0010588672726393506 0.0919634423435348 0.14836101189109235 4.5724500282143e-05 5.293118579479023e-06 0.757147386689814 0.0 2.3419529913156595e-192 0.0 0.0
0.023912182617187503 1256.7858632844627 0.7918497990798806 0.26091970297656697 4.293030143900563e-05 0.0004595095531892777 0.0009113658070138103 0.001065039418739342 0.09207780712810146 0.14823013538091748 4.5442992381551395e-05 5.3053905343251936e-06 0.7571624640277198 0.0 2.342072640344635e-192 0.0 0.0
0.023914160156250003 1258.0605494048762 0.7926588384723582 0.2606533912826391 4.283766784897476e-05 0.0004538042944003116 0.0009126872526742549 0.0010711455445359362 0.0921908380154102 0.14810083137757535 4.5164217107592006e-05 5.31763146663431e-06 0.7571773739990079 0.0 2.3421919957629473e-192 0.0 0.0
0.023918115234375002 1260.5768215049802 0.7942557029040492 0.26012934326130926 4.264187496479881e-05 0.00044261525984367895 0.0009150953766183315 0.0010831578512893916 0.09241293323471768 0.14784690718345442 4.461475052896782e-05 5.3419902403304725e-06 0.7572066924783695 0.0 2.342424933121374e-192 0.0 0.0
0.0239220703125 1263.049689894981 0.7958247470907709 0.2596164735179017 4.243258879547423e-05 0.00043171565533845353 0.0009171963015103285 0.0010948994014571764 0.09262984431635363 0.14759911758674119 4.407573912962791e-05 5.36611110235417e-06 0.7572353522995987 0.0 2.3426542579856906e-192 0.0 0.0
0.023926025390625 1265.479789571269 0.7973663708874997 0.259114532442621 4.221034882231004e-05 0.0004210997257483223 0.0009189955159614316 0.0011063660059860646 0.09284166455350293 0.1473573691090506 4.3546902412515054e-05 5.3899259174686775e-06 0.7572633579126251 0.0 2.3428801381371584e-192 0.0 0.0
0.02392998046875 1267.8677552504496 0.7988809747805379 0.258623275431918 4.197569541849534e-05 0.00041076169836422094 0.0009204987061096842 0.0011175539596931412 0.09304848787500966 0.14712156634883494 4.3027968109010926e-05 5.413372496809057e-06 0.7572907143759907 0.0 2.3431023383623087e-192 0.0 0.0
0.023933935546875 1270.214220797551 0.800368959483955 0.25814246283514203 4.172916855642788e-05 0.00040069579219726364 0.0009217117356687507 0.0011284600312306714 0.09325040867609546 0.1468916122135506 4.2518672072525434e-05 5.436394218707385e-06 0.7573174273164361 0.0 2.3433210260973974e-192 0.0 0.0
0.023937890625000003 1272.5198186829211 0.801830725554407 0.2576718598992763 4.1471306585281044e-05 0.0003908962268509303 0.0009226406266576992 0.0011390814520253402 0.09344752165658272 0.14666740814423077 4.201875812844768e-05 5.458939671891577e-06 0.7573435028892933 0.0 2.3435359826157106e-192 0.0 0.0
0.023941845703125006 1274.7851794674123 0.803266673024217 0.2572112367118751 4.120264507968717e-05 0.0003813572309641869 0.0009232915408311011 0.0011494159042959777 0.0936399216667426 0.14644885433212387 4.152797789606077e-05 5.48096231985864e-06 0.7573689477397729 0.0 2.3437473774728724e-192 0.0 0.0
0.023945800781250005 1277.0109313154337 0.804677201052593 0.25676036814231856 4.092371575995612e-05 0.00037207305021977544 0.0009236707618237567 0.001159461508253253 0.09382770356084717 0.14623584992711783 4.104609059321306e-05 5.502420185254861e-06 0.7573937689652259 0.0 2.3439550065067407e-192 0.0 0.0
0.023949755859375005 1279.1976995353752 0.8060627075947764 0.2563190337815043 4.06350454838311e-05 0.0003630379549145448 0.000923784678019852 0.0011692168085828787 0.09401096205845938 0.14602829323773112 4.057286283120049e-05 5.523275553132115e-06 0.7574179740784501 0.0 2.3441590389955413e-192 0.0 0.0
0.023953710937500004 1281.3461061468522 0.8074235890888914 0.2558870178800933 4.033715530940041e-05 0.0003542462470910195 0.0009236397661523516 0.0011786807603113068 0.09418979161345807 0.14582608192250923 4.0108068404987e-05 5.543494691991092e-06 0.7574415709720975 0.0 2.3443592995710346e-192 0.0 0.0
0.023957666015625004 1283.4567694742152 0.8087602401602318 0.2554641092854253 4.003055962842955e-05 0.00034569226723144453 0.0009232425756348171 0.0011878527141497663 0.09436428629075991 0.14562911317271057 3.965148808226486e-05 5.563047591567463e-06 0.757464567884237 0.0 2.3445559359440066e-192 0.0 0.0
0.023961621093750003 1285.5303037656863 0.8100730533426704 0.25505010137721995 3.971576536906656e-05 0.0003373704005176404 0.0009225997136246215 0.0011967324014086466 0.09453453965066781 0.14543728388621874 3.920290939373662e-05 5.5819077163640475e-06 0.7574869733651091 0.0 2.3447487911058497e-192 0.0 0.0
0.023965576171875003 1287.5673188374708 0.8113624188168532 0.2546447920021811 3.9393271266588816e-05 0.0003292750826617449 0.0009217178308136307 0.0012053199185701555 0.09470064464074454 0.14525049083266017 3.876212642621537e-05 5.600051773981014e-06 0.7575087962451085 0.0 2.3449380226292727e-192 0.0 0.0
0.023969531250000002 1289.568419742151 0.8126287241648007 0.2542479834076181 3.906356720060951e-05 0.0003214008053145547 0.0009206036079398675 0.0012136157116027294 0.09486269349508582 0.1450686308097461 3.832893961959662e-05 5.61745949734551e-06 0.7575300456040188 0.0 2.345123484421148e-192 0.0 0.0
0.023973486328125 1291.534206460645 0.8138723541405217 0.25385948217419757 3.87271335969426e-05 0.0003137421210596297 0.0009192637430113851 0.0012216205600960146 0.09502077764084203 0.14489160079089594 3.790315556837853e-05 5.634113439991553e-06 0.757550730741515 0.0 2.345305330706742e-192 0.0 0.0
0.02397744140625 1293.46527361699 0.8150936904562138 0.25347909914793876 3.838444089213537e-05 0.00030629364800260954 0.0009177049392315696 0.0012293355612904221 0.09517498761181832 0.14471929806423156 3.748458682814543e-05 5.649998783589751e-06 0.7575708611489468 0.0 2.345483429212778e-192 0.0 0.0
0.023981396484375 1295.3622102151894 0.816293111583604 0.2531066493715611 3.8035949058516546e-05 0.0002990500739663159 0.0009159338936133235 0.0012367621140703274 0.09532541296896348 0.14455162036306304 3.707305172724957e-05 5.66510315697408e-06 0.7575904464824058 0.0 2.3456579276925576e-192 0.0 0.0
0.023985351562500003 1297.2255993973522 0.8174709925699738 0.2527419520152922 3.768210718747379e-05 0.0002920061603031823 0.000913957286268042 0.0012439019029850326 0.09547214222754385 0.14438846598801275 3.666837418380101e-05 5.679416465959113e-06 0.7576094965370749 0.0 2.3458287128752396e-192 0.0 0.0
0.023989306640625006 1299.0560182223342 0.8186277048683884 0.25238483030724235 3.7323353128567635e-05 0.00028515674533741376 0.0009117817703539811 0.0012507568823565888 0.09561526279078414 0.14422973392094973 3.627038352799211e-05 5.692930733285464e-06 0.7576280212228531 0.0 2.345995923424801e-192 0.0 0.0
0.023993261718750006 1300.854037464105 0.8197636161816472 0.25203511146344404 3.696011318199948e-05 0.0002784967474498772 0.0009094139626674465 0.0012573292605287296 0.09575486088974797 0.14407532393092534 3.5878914329719804e-05 5.7056399480737915e-06 0.7576460305412456 0.0 2.3461594686961723e-192 0.0 0.0
0.023997216796875005 1302.620221429039 0.820879090319466 0.2516926266176569 3.659280184189396e-05 0.0002720211678193748 0.0009068604348593048 0.0012636214843062146 0.09589102152922127 0.14392513667232154 3.5493806231433754e-05 5.717539924207867e-06 0.7576635345634993 0.0 2.3463194783084617e-192 0.0 0.0
0.024001171875000005 1304.355127791333 0.8219744870683778 0.251357210751036 3.622182158781338e-05 0.000265725092834373 0.0009041277052585177 0.0012696362236291104 0.09602382843935407 0.14377907377543808 3.511490378611108e-05 5.7286281671053445e-06 0.7576805434099693 0.0 2.3464758629445092e-192 0.0 0.0
0.024005126953125004 1306.0593074457747 0.8230501620738647 0.2510287026217494 3.584756272189521e-05 0.000259603696189509 0.000901222231283724 0.0012753763565219924 0.09615336403281467 0.14363703792975732 3.474205630023414e-05 5.738903748370941e-06 0.7576970672306866 0.0 2.34662876174553e-192 0.0 0.0
0.024009082031250004 1307.7333043770773 0.8241064667342071 0.25070694469463584 3.547040324900225e-05 0.00025365224068148824 0.0008981504024233996 0.0012808449543534664 0.0962797093672038 0.14349893296013658 3.4375117681638985e-05 5.74836718786025e-06 0.757713116187107 0.0 2.346778098878865e-192 0.0 0.0
0.024013037109375003 1309.3776555450027 0.8251437481055557 0.2503917830709857 3.509070879728318e-05 0.0002478660797190763 0.0008949185337647319 0.001286045267437128 0.0964029441124775 0.14336466389618743 3.40139462920879e-05 5.757020342713979e-06 0.7577287004350062 0.0 2.3469239918317338e-192 0.0 0.0
0.024016992187500003 1310.9928907845194 0.8261623488177211 0.2500830674185238 3.470883257656572e-05 0.00024224065856192245 0.0008915328600510455 0.0012909807110009167 0.09652314652312549 0.14323413703510618 3.3658404804409e-05 5.7648663029517495e-06 0.7577438301084946 0.0 2.34706639354487e-192 0.0 0.0
0.024020947265625002 1312.579532720244 0.8271626070001891 0.24978065090167048 3.432511537204155e-05 0.00023677151530290577 0.0008879995302474492 0.0012956548515478839 0.09664039341485492 0.1431072599982266 3.330836006403282e-05 5.771909293242008e-06 0.7577585153051148 0.0 2.34720540866965e-192 0.0 0.0
0.02402490234375 1314.1380966944355 0.828144856217878 0.24948439011215023 3.3939885570749776e-05 0.00023145428160857633 0.0008843246025942675 0.001300071393627627 0.09675476014553015 0.14298394178156715 3.296368295473889e-05 5.7781545804899594e-06 0.7577727660719902 0.0 2.3473409904340172e-192 0.0 0.0
0.024028857421875 1315.6690907078262 0.8291094254161504 0.24919414500001755 3.355345921842326e-05 0.00022628468323207784 0.0008805140401278106 0.0013042341670340975 0.09686632060012405 0.14286409280064777 3.2624248268402674e-05 5.7836083869090905e-06 0.7577865923929842 0.0 2.3474732549178673e-192 0.0 0.0
0.024032812500000004 1317.1730153725953 0.8300566388746178 0.24890977880515924 3.3166140104328056e-05 0.0002212585403126965 0.0008765737066480874 0.0013081471144421523 0.0969751471794401 0.14274762492985077 3.228993457850037e-05 5.788277808263773e-06 0.7578000041768388 0.0 2.3476021629021174e-192 0.0 0.0
0.024036767578125007 1318.6503638767983 0.8309868161692671 0.24863115798933658 3.277821987180071e-05 0.0002163717674759143 0.0008725093631132043 0.0013118142794920629 0.09708131079236904 0.14263445153659926 3.196062411708501e-05 5.79217073699076e-06 0.7578130112462482 0.0 2.3477278136522937e-192 0.0 0.0
0.024040722656250006 1320.10162195961 0.8319002721424709 0.24835815216881507 3.2389978152263056e-05 0.0002116203737474523 0.0008683266644403161 0.00131523979532832 0.09718488085145177 0.14252448751062458 3.163620265487884e-05 5.7952957899264254e-06 0.757825623327834 0.0 2.347850186064635e-192 0.0 0.0
0.024044677734375006 1321.5272678967337 0.8327973168804407 0.24809063404763798 3.200168272058254e-05 0.00020700046229448299 0.0008640311566932624 0.0013184278735962943 0.09728592527152441 0.14241764928858974 3.13165593840404e-05 5.7976622403841445e-06 0.7578378500429802 0.0 2.34796936494011e-192 0.0 0.0
0.024048632812500005 1322.9277724953615 0.8336782556976874 0.24782847935158756 3.161358966973344e-05 0.00020250823000678435 0.0008596282746372745 0.0013213827938977896 0.09738451047122884 0.14231385487433446 3.1001586803038666e-05 5.7992799543427456e-06 0.757849700899491 0.0 2.3480853390692462e-192 0.0 0.0
0.024052587890625005 1324.303599098102 0.8345433891280987 0.24757156676287556 3.122594360280131e-05 0.00019813996693012753 0.0008551233396413833 0.0013241088937042604 0.09748070137718094 0.14221302385499887 3.069118060288728e-05 5.800159330522515e-06 0.7578611852840315 0.0 2.3481981959703322e-192 0.0 0.0
0.024056542968750004 1325.6552035953039 0.8353930129222186 0.247319777855602 3.083897784046938e-05 0.00019389205556379974 0.0008505215579095069 0.0013266105587242498 0.0975745614305947 0.14211507741328036 3.0385239553754432e-05 5.800311244139802e-06 0.7578723124553122 0.0 2.3483079228409143e-192 0.0 0.0
0.024060498046875003 1326.9830344452298 0.836227418050357 0.24707299703201668 3.0452914642218466e-05 0.00018976097003367746 0.0008458280190215034 0.0013288922137196907 0.09766615259616845 0.14201993833607093 3.008366539062906e-05 5.799746994145237e-06 0.7578830915379817 0.0 2.3484145992320128e-192 0.0 0.0
0.024064453125000003 1328.2875327015668 0.8370468907111598 0.24683111145961267 3.0067965439566584e-05 0.00018574327515179538 0.0008410476947658084 0.0013309583137639165 0.09775553537304897 0.14192753101971578 2.9786362696267838e-05 5.798478253763952e-06 0.7578935315171871 0.0 2.3485182338413728e-192 0.0 0.0
0.024068408203125002 1329.5691320477738 0.8378517123452889 0.2465940110090794 2.9684331079769122e-05 0.00018183562537287323 0.0008361854382455906 0.001332813335932618 0.0978427688076956 0.14183778147212828 2.9493238779022237e-05 5.7965170241692146e-06 0.757903641233765 0.0 2.3486188823040706e-192 0.0 0.0
0.024072363281250002 1330.8282588378052 0.8386421596538791 0.24636158819313667 2.9302202078494466e-05 0.00017803476365777892 0.0008312459832406771 0.0013344617714175495 0.09792791050847645 0.14175061731198896 2.9204203542292e-05 5.793875591133763e-06 0.7579134293800295 0.0 2.348716561522605e-192 0.0 0.0
0.024076318359375 1332.0653321427685 0.8394185046214608 0.2461337381062676 2.8921758880082404e-05 0.00017433752025341746 0.0008262339438077666 0.0013359081180514991 0.09801101666183594 0.14166596776524973 2.891916934118899e-05 5.790566484515991e-06 0.7579229044961185 0.0 2.3488113350438516e-192 0.0 0.0
0.024080273437500004 1333.2807638031113 0.8401810145430382 0.24591035836536573 2.854317212408342e-05 0.00017074081139804783 0.0008211538141016755 0.001337156873231928 0.09809214204988229 0.14158376365915828 2.8638050820415065e-05 5.786602440451386e-06 0.7579320749668625 0.0 2.348903624659943e-192 0.0 0.0
0.024088183593750007 1335.6479584063713 0.841665343299087 0.24547668027794678 2.7792044782633738e-05 0.0001638398868101415 0.0008108024477744498 0.0013390752495190806 0.09824861267834784 0.14142648716598655 2.8087308863946413e-05 5.776748831866713e-06 0.7579495264691032 0.0 2.349080539710863e-192 0.0 0.0
0.024096093750000006 1337.9338165583372 0.8430977340631957 0.2450596247985821 2.7050153809413113e-05 0.00015730549749049192 0.0008002306614423434 0.001340260145612246 0.0983978191278992 0.14127814648763062 2.7551198826431923e-05 5.764446648239096e-06 0.7579658722806606 0.0 2.349249358463466e-192 0.0 0.0
0.024104003906250004 1340.1413699401205 0.8444801537842309 0.24465846053601217 2.6318533730108508e-05 0.00015111597251888414 0.0007894700319948156 0.0013407470530577299 0.09854014954174219 0.14113824655009818 2.702914047493709e-05 5.749801701505872e-06 0.7579811733747012 0.0 2.3494106289790278e-192 0.0 0.0
0.024111914062500003 1342.2735416012877 0.8458144985432353 0.2442724908758545 2.5598088593724927e-05 0.00014525087074261148 0.0007785502981431289 0.0013405709663139506 0.09867597174299064 0.14100631637546537 2.6520581853809627e-05 5.732920687551129e-06 0.7579954881552287 0.0 2.3495644241063026e-192 0.0 0.0
0.024119824218750002 1344.333148447464 0.8471025950709803 0.24390105234037077 2.488960078960568e-05 0.00013969092946898435 0.0007674993965389414 0.001339766255679374 0.09880563399339845 0.14088190845640697 2.602499944756419e-05 5.713910431887222e-06 0.7580088724578576 0.0 2.349711248334781e-192 0.0 0.0
0.024127734375000005 1346.3229038742738 0.8483462023834193 0.24354351301108887 2.419373971538947e-05 0.0001344180122831659 0.0007563435053855886 0.0013383665600815225 0.09892946577572906 0.14076459806357514 2.554189739941183e-05 5.692877250193455e-06 0.7580213795685999 0.0 2.3498512132323423e-192 0.0 0.0
0.024135644531250007 1348.2454205127246 0.8495470135095277 0.24319927101451722 2.3511070228323762e-05 0.00012941505656502796 0.0007451070942425098 0.0013364046979575674 0.09904777858965252 0.14065398250083688 2.5070806293607776e-05 5.669926409125296e-06 0.7580330602578337 0.0 2.3499847622680116e-192 0.0 0.0
0.024143554687500006 1350.1032130561255 0.8507066572894496 0.24286775307058922 2.284206082572437e-05 0.000124666021192165 0.0007338129788304674 0.001333912594536958 0.09916086675254368 0.14054968032174414 2.4611281761630173e-05 5.645161674797108e-06 0.7580439628269097 0.0 2.3501120348083624e-192 0.0 0.0
0.024151464843750005 1351.8987011426955 0.8518267002237628 0.24254841310305272 2.218709151239411e-05 0.00012015583483758122 0.0007224823797588623 0.0013309212239135564 0.09926900819788731 0.1404513305190054 2.4162903044390083e-05 5.618684937954192e-06 0.7580541331651217 0.0 2.3502334115806035e-192 0.0 0.0
0.024159375000000004 1353.634212271507 0.8529086483571299 0.242240730910698 2.1546461323433904e-05 0.00011587034519972273 0.0007111349842093829 0.0013274605643758804 0.0993724652651936 0.14035859169721274 2.3725271576628787e-05 5.590595906196218e-06 0.7580636148150216 0.0 2.3503490587768284e-192 0.0 0.0
0.024167285156250003 1355.3119847324601 0.8539539491818131 0.24194421089807636 2.0920395480133887e-05 0.0001117962694392616 0.000699789009718813 0.0013235595655508507 0.09947148547639266 0.14027114123766696 2.3298009625445267e-05 5.560991854760637e-06 0.7580724490442902 0.0 2.3504593108061357e-192 0.0 0.0
0.0241751953125 1356.9341705336612 0.8549639935484724 0.24165838086417513 2.0309052164606407e-05 0.00010792114604107432 0.0006884612693064827 0.0013192461260080307 0.09956630229462114 0.14018867446285155 2.2880758997163504e-05 5.529967428366393e-06 0.7580806749226007 0.0 2.35056432933403e-192 0.0 0.0
0.02418310546875 1358.5028383119754 0.8559401175734004 0.24138279084737307 1.9712528905598145e-05 0.00010423328827066491 0.0006771672372874936 0.0013145470800661446 0.09965713586214597 0.1401109038069359 2.2473179817571325e-05 5.49761448748379e-06 0.7580883294021022 0.0 2.350664411964487e-192 0.0 0.0
0.024191015625000003 1360.0199762146444 0.8568836045329297 0.241117012024892 1.9130868573608997e-05 0.0001007217393514314 0.0006659211152013 0.0013094881926396585 0.09974419371489789 0.14003755799763276 2.2074949385853077e-05 5.464021993157586e-06 0.7580954474003433 0.0 2.3507597281429825e-192 0.0 0.0
0.024198925781250005 1361.4874947417557 0.8577956867371244 0.24086063566488744 1.856406498815699e-05 9.737622945214915e-05 0.0006547358973664797 0.0013040941610588206 0.0998276714717181 0.139968381253796 2.1685761100171765e-05 5.42927592518282e-06 0.7581020618846139 0.0 2.350850535964255e-192 0.0 0.0
0.024206835937500004 1362.907229541031 0.8586775473761324 0.2406132721292678 1.801206814386291e-05 9.418713454228776e-05 0.000643623435646613 0.0012983886228902016 0.09990775349696748 0.13990313250230837 2.130532345172279e-05 5.393459229028035e-06 0.7581082039568393 0.0 2.350936990304088e-192 0.0 0.0
0.024214746093750003 1364.2809441478873 0.8595303223336783 0.24037454992530347 1.7474789065098755e-05 9.114543714585441e-05 0.0006325945030796528 0.00129239416887544 0.09998461353561265 0.13984158461707624 2.0933359083617168e-05 5.3566517874290785e-06 0.7581139029382928 0.0 2.3510193222851386e-192 0.0 0.0
0.024222656250000002 1365.6103326650264 0.8603551019631459 0.24014411480407824 1.6952104301336376e-05 8.824268900179568e-05 0.0006216588560841335 0.0012861323601926263 0.1000584153202993 0.1397835236823025 2.0569603910858562e-05 5.318930413045022e-06 0.7581191864535133 0.0 2.3510976834010346e-192 0.0 0.0
0.02423056640625 1366.8970223769809 0.8611529328225987 0.23992162890383825 1.644386007713637e-05 8.547097562013456e-05 0.0006108252950104804 0.001279623749326951 0.10012931315025528 0.13972874828164947 2.021380629782141e-05 5.2803688589824995e-06 0.7581240805129226 0.0 2.3511722658412873e-192 0.0 0.0
0.024238476562500003 1368.14257629604 0.8619248193658144 0.23970676993631226 1.5949876112023474e-05 8.282288270757544e-05 0.000600101722855165 0.0012728879039146056 0.10019745244214338 0.13967706881441774 1.9865726289983867e-05 5.241037844361471e-06 0.758128609593734 0.0 2.351243233976958e-192 0.0 0.0
0.024246386718750006 1369.348495636863 0.862671725587106 0.23949923041410776 1.5469949126367358e-05 8.029146442380866e-05 0.0005894952019998058 0.0012659434329961993 0.10026297025321053 0.13962830683945127 1.9525134897242198e-05 5.201005092417549e-06 0.7581327967188212 0.0 2.351310724879797e-192 0.0 0.0
0.024254296875000005 1370.5162222178526 0.8633945766182695 0.2392987169173213 1.5003856049893056e-05 7.787021341981775e-05 0.000579012008877047 0.0012588080151830644 0.10032599577726578 0.13958229444711856 1.919181342703615e-05 5.160335378917009e-06 0.7581366635332987 0.0 2.351374908153394e-192 0.0 0.0
0.024262207031250003 1371.6471407880142 0.8640942602765022 0.23910494939755314 1.4551356949650192e-05 7.555303260183435e-05 0.0005686576865008681 0.0012514984283019746 0.10038665081416576 0.13953887365942086 1.8865552866946814e-05 5.11909058890326e-06 0.7581402303786219 0.0 2.351435957654683e-192 0.0 0.0
0.024270117187500002 1372.7425812785787 0.8647716285625774 0.23891766051756166 1.4112197694216535e-05 7.333420855883795e-05 0.000558437094831276 0.001244030580141067 0.10044505021360195 0.1394978958580156 1.8546153318713667e-05 5.07732977999895e-06 0.7581435163640771 0.0 2.3514939461534284e-192 0.0 0.0
0.02427802734375 1373.8038209791428 0.8654274991089046 0.23873659502485584 1.3686112370643698e-05 7.120838658738339e-05 0.0005483544589727 0.0012364195399723324 0.1005013022940707 0.1394592212397292 1.8233423489296737e-05 5.035109250656479e-06 0.7581465394355758 0.0 2.351549026525092e-192 0.0 0.0
0.024285937500000004 1374.8320866384565 0.8660626565774405 0.2385615091575833 1.327282547021739e-05 6.917054724485366e-05 0.0005384134152327194 0.0012286795705743882 0.10055550923796985 0.13942271829894637 1.7927180250563176e-05 4.992482611881418e-06 0.7581493164417178 0.0 2.351601299622933e-192 0.0 0.0
0.024293847656250006 1375.8285564902733 0.8666778540076195 0.23839217008114225 1.2872053858524646e-05 6.721598436071154e-05 0.0005286170550935759 0.0012208241605235507 0.10060776746380892 0.13938826333610596 1.7627248288798737e-05 4.949500861045304e-06 0.7581518631971176 0.0 2.3516508727155546e-192 0.0 0.0
0.024301757812500005 1376.794362204899 0.8672738141146846 0.23822835535401804 1.248350854462384e-05 6.534028443477115e-05 0.0005189679671741501 0.0012128660565617938 0.10065816797654337 0.13935573999139358 1.7333459880761962e-05 4.906212456451821e-06 0.7581541945430291 0.0 2.3516978607975104e-192 0.0 0.0
0.024309667968750004 1377.7305907671607 0.867851230538888 0.2380698524214324 1.210689626332886e-05 6.35393073517968e-05 0.0005094682772859866 0.0012048172958875638 0.10070679669705451 0.13932503880259497 1.7045654857951008e-05 4.862663391316519e-06 0.7581563244053311 0.0 2.3517423142637793e-192 0.0 0.0
0.024317578125000003 1378.6382862814962 0.8684107690460634 0.23791645813548892 1.1741920883757467e-05 6.180916834266956e-05 0.0005001196867147421 0.0011966892382497302 0.10075373477179005 0.13929605678594792 1.6763680860705162e-05 4.818897265752075e-06 0.7581582658499633 0.0 2.351784384790237e-192 0.0 0.0
0.02432548828125 1379.5184517046325 0.868953068680345 0.2377679783006263 1.1388284656395274e-05 6.014622112396113e-05 0.0004909235088902626 0.0011884925977564346 0.10079905886355996 0.13926869703869874 1.6487394047481893e-05 4.774955355199063e-06 0.7581600311359301 0.0 2.3518239117100993e-192 0.0 0.0
0.024333398437500004 1380.3720505062738 0.869478742866769 0.23762422724327487 1.1045689309772005e-05 5.854704214851725e-05 0.00048188070464374387 0.001180237474341098 0.10084284142447734 0.1392428683618799 1.621666052566802e-05 4.7308766734824796e-06 0.7581616317660179 0.0 2.3518614582021393e-192 0.0 0.0
0.024349218750000005 1382.0023589987666 0.8704820035311028 0.23735035708959235 1.0392715639332446e-05 5.553028489778446e-05 0.0004642569701931541 0.0011635802840947083 0.1009259887849262 0.13919554565439826 1.5691484907010354e-05 4.642419300041742e-06 0.758164371401661 0.0 2.351930888344867e-192 0.0 0.0
0.024365039062500003 1383.5381296700407 0.871426228821129 0.23709317845260924 9.780284772192682e-06 5.273159811317994e-05 0.00044724546557120364 0.0011467962212213067 0.10100379732960929 0.13915331944063328 1.5186737860266642e-05 4.553833123207371e-06 0.7581665890891135 0.0 2.3519951758011314e-192 0.0 0.0
0.024380859375000005 1384.9857776767356 0.8723154874637822 0.23685148016674606 9.20609998162159e-06 5.013033076412929e-05 0.00043084284326106283 0.0011299448302364208 0.10107671598891858 0.13911564102188068 1.4701447965835274e-05 4.46535588736646e-06 0.7581683520811218 0.0 2.352054912893534e-192 0.0 0.0
0.024396679687500006 1386.3512333028307 0.8731535352062574 0.23662415147797503 8.667930215077702e-06 4.7708184682941315e-05 0.000415042355046885 0.0011130784339099709 0.10114514774580309 0.13908202402066833 1.4234711074904355e-05 4.377198922337745e-06 0.7581697194196939 0.0 2.3521104550278574e-192 0.0 0.0
0.024412500000000004 1387.6399810276075 0.8739438405363287 0.23641017282229795 8.163622888273451e-06 4.544891709911967e-05 0.00039983448679061493 0.0010962428219225666 0.10120945496906208 0.13905203703180222 1.3785682094756129e-05 4.289549297608548e-06 0.7581707429190602 0.0 2.3521622996508332e-192 0.0 0.0
0.0244283203125 1388.857095375531 0.8746896082415186 0.2362086075236978 7.691112776931014e-06 4.3338082409318855e-05 0.00038520750511230364 0.0010794778975722222 0.1012699640847297 0.13902529714003986 1.3353568776786648e-05 4.2025718515248045e-06 0.7581714680367487 0.0 2.3522107009244508e-192 0.0 0.0
0.024444140625000003 1390.0072738016484 0.8753938009791927 0.23601859431386407 7.2484277671535336e-06 4.1362808066282807e-05 0.00037114792634452594 0.0010628182780699034 0.1013269696688344 0.13900146420970846 1.2937626616729342e-05 4.116411102880287e-06 0.7581719346435071 0.0 2.3522560684122963e-192 0.0 0.0
0.024459960937500004 1391.0948668480933 0.876059159018209 0.23583934058714293 6.833692098153154e-06 3.9511600082679384e-05 0.0003576409171941749 0.0010462938470374788 0.10138073803474276 0.13898023585888258 1.2537154493250065e-05 4.031193046708547e-06 0.7581721777024396 0.0 2.3522985578138306e-192 0.0 0.0
0.024475781250000002 1392.1239057912815 0.8766882183021533 0.23567011631377346 6.445127623082859e-06 3.777417420307868e-05 0.0003446706356180412 0.0010299302597838208 0.10143151037933007 0.1389613430386276 1.215149086511791e-05 3.947026834859876e-06 0.7581722278671318 0.0 2.3523385421554175e-192 0.0 0.0
0.024491601562500003 1393.098127984267 0.8772833269739542 0.23551024854290825 6.081053522178213e-06 3.614130929887177e-05 0.0003322205195377724 0.001013749403157327 0.10147950554423868 0.13894454614569252 1.1780010423024745e-05 3.864006342582041e-06 0.7581721120078044 0.0 2.3523760943366794e-192 0.0 0.0
0.024507421875000004 1394.0210000842 0.877846660491669 0.23535911643437682 5.7398848250064715e-06 3.4604719988267014e-05 0.00032027353019990074 0.0009977698125053097 0.10152492244140135 0.1389296316045806 1.1422121124091229e-05 3.7822116235680668e-06 0.7581718536737693 0.0 2.352411529063704e-192 0.0 0.0
0.024523242187500002 1394.8957393408211 0.8783802354555469 0.23521614676477548 5.420130033332306e-06 3.3156945879579454e-05 0.0003088123562342137 0.0009820070486795962 0.10156794218573888 0.13891640886196402 1.1077261552437375e-05 3.701710257207912e-06 0.7581714734996782 0.0 2.3524448799248815e-192 0.0 0.0
0.024539062500000004 1395.7253331084792 0.8788859222571195 0.23508080985935811 5.1203880811837625e-06 3.1791255184667554e-05 0.0002978195837821687 0.0009664740382272168 0.101608729972416 0.13890470774285607 1.0744898558215884e-05 3.6225585928397844e-06 0.758170989562319 0.0 2.3524764107439143e-192 0.0 0.0
0.024554882812500005 1396.5125567313432 0.8793654566521821 0.2349526159064444 4.839344822562881e-06 3.0501560754743083e-05 0.00028727783745814147 0.0009511813799734576 0.1016474367311837 0.1388943761237737 1.0424525134596535e-05 3.544802896551927e-06 0.7581704176940199 0.0 2.3525061144255277e-192 0.0 0.0
0.024570703125000003 1397.2599899392796 0.8798204503510773 0.23483111161573275 4.575769198488675e-06 2.9282346857232584e-05 0.0002771698963723084 0.0009361376211975681 0.1016842005860817 0.13888527788330665 1.0115658500311637e-05 3.4684804065127444e-06 0.7581697717580966 0.0 2.352534223078374e-192 0.0 0.0
0.024586523437500004 1397.9700318803214 0.8802524007117563 0.23471587718606696 4.328509202416745e-06 2.812860524420995e-05 0.0002674787889890611 0.0009213495065605326 0.10171914814505427 0.13887729109506544 9.817838368516146e-06 3.3936203028913943e-06 0.7581690638912301 0.0 2.352560700306514e-192 0.0 0.0
0.024602343750000005 1398.6449149046857 0.8806626996135977 0.2346065235519307 4.096487735369425e-06 2.7035779264224164e-05 0.0002581878702260268 0.0009068222029014642 0.10175239564078684 0.13887030643190293 9.530625408433544e-06 3.3202445981279517e-06 0.758168304717194 0.0 2.3525857473217045e-192 0.0 0.0
0.024618164062500003 1399.2867172048066 0.8810526415829101 0.23450268988128936 3.87869841822051e-06 2.5999714943980902e-05 0.00024928088392898426 0.0008925595030019706 0.10178404994123999 0.13886422575359186 9.253599959879506e-06 3.248368952519966e-06 0.75816750353598 0.0 2.352609172470373e-192 0.0 0.0
0.024633984375000004 1399.8973744055993 0.8814234312342594 0.2344040413004409 3.6742014074136244e-06 2.5016618117912942e-05 0.0002407420137095749 0.0008785640114526311 0.1018142094458904 0.13885896085274427 8.986361173311856e-06 3.1780034186090377e-06 0.7581666684921032 0.0 2.352631529606115e-192 0.0 0.0
0.024649804687500006 1400.4786901887649 0.8817761900850747 0.23431026682437606 3.4821192408013237e-06 2.408301681550588e-05 0.00023255592514250464 0.000864837315870437 0.10184296488153041 0.13885443233558306 8.728526981580149e-06 3.109153115310156e-06 0.7581658067257377 0.0 2.3526523868048474e-192 0.0 0.0
0.024665625000000004 1401.032346023615 0.8821119627938911 0.23422107747392015 3.301632720998294e-06 2.3195728231446222e-05 0.00022470780254752243 0.0008513801469448084 0.10187040000957416 0.13885056861502712 8.479735786534366e-06 3.0418188284934356e-06 0.7581649245103563 0.0 2.3526721973808344e-192 0.0 0.0
0.0246814453125 1401.5599100631587 0.8824317228646535 0.23413620456389378 3.1319768231597044e-06 2.2351829705281666e-05 0.00021718338412805467 0.0008381925311797582 0.10189659225509348 0.13884730499306405 8.239651703256529e-06 2.9759975277183466e-06 0.7581640273807926 0.0 2.3526892573269484e-192 0.0 0.0
0.024697265625000003 1402.062845245863 0.8827363778458249 0.23405539815005083 2.972436590297823e-06 2.1548633227250414e-05 0.0002099690002549758 0.0008252739408141038 0.10192161326618085 0.13884458280688786 8.007977108628356e-06 2.9116827771280143e-06 0.7581631202561758 0.0 2.3527073573279185e-192 0.0 0.0
0.024728906250000002 1402.9989417728284 0.8833029232360892 0.2339052763703053 2.6816900561854215e-06 2.0056894782306448e-05 0.00019643106539341245 0.0008002408127224864 0.10196834138685468 0.1388406021969014 7.569155620685104e-06 2.7875431626580125e-06 0.7581612892545231 0.0 2.3527392214787852e-192 0.0 0.0
0.024760546875000004 1403.8536607916394 0.8838196839148167 0.2337685142551624 2.4238709615245648e-06 1.8699566981562203e-05 0.00018396523216943357 0.0007762395795052702 0.10201119776575313 0.13883818086473293 7.159833768445204e-06 2.669145819269657e-06 0.7581594641403253 0.0 2.3527692724808387e-192 0.0 0.0
0.024792187500000003 1404.6355966261413 0.8842919690016774 0.23364366252413643 2.194885289337393e-06 1.746162739812913e-05 0.00017247986124919215 0.0007532416653867784 0.10205059272946321 0.13883703193317257 6.777797395411389e-06 2.556336620464696e-06 0.7581576631640418 0.0 2.352798009857009e-192 0.0 0.0
0.024823828125000003 1405.3522968755651 0.8847244345207406 0.23352945427595384 1.991176826926498e-06 1.633011544449173e-05 0.0001618905628996824 0.0007312153444290422 0.1020868831264606 0.13883692003752782 6.421028876088907e-06 2.448936956079681e-06 0.7581558996705962 0.0 2.3528252127467456e-192 0.0 0.0
0.024855468750000005 1406.0104041339787 0.8851211727885472 0.23342477926193184 1.8096558200003069e-06 1.5293789995267137e-05 0.00015211998887176584 0.0007101266031838842 0.1021203807249055 0.13883765161375936 6.087673576710289e-06 2.346752473487223e-06 0.758154183197431 0.0 2.3528512942491144e-192 0.0 0.0
0.024887109375000004 1406.6157764841378 0.8854857882533441 0.23332866220899193 1.6476364193846199e-06 1.4342853898723754e-05 0.00014309746733096588 0.0006899399658057769 0.10215135901291597 0.13883906712425909 5.776022238270738e-06 2.2495790993716926e-06 0.7581525203380494 0.0 2.352876019865743e-192 0.0 0.0
0.024918750000000003 1407.1735903180306 0.8858214620816793 0.2332402444762343 1.50278217143255e-06 1.3468730535110478e-05 0.00013475856525446128 0.0006706192075174621 0.1021800587730879 0.1388410348157219 5.484498178515523e-06 2.157207527530404e-06 0.7581509154200226 0.0 2.3528997295733214e-192 0.0 0.0
0.024950390625000003 1407.6884283200343 0.8861310073215398 0.23315876847908926 1.3730587138783728e-06 1.2663881217862873e-05 0.00012704462482307136 0.0006521279413378628 0.10220669269489495 0.13884344568860071 5.211646343440259e-06 2.0694267079438035e-06 0.7581493710373772 0.0 2.352922181527252e-192 0.0 0.0
0.02498203125 1408.1643549277044 0.8864169161318192 0.23308356442455236 1.2566928305135743e-06 1.1921654905776616e-05 0.00011990230001225386 0.0006344300878181971 0.10223144921909624 0.13884620942588452 4.956123327587926e-06 1.986026613471006e-06 0.7581478884695284 0.0 2.3529436744986093e-192 0.0 0.0
0.025013671875000004 1408.6049811808584 0.8866814003052746 0.23301403898524284 1.152137049590173e-06 1.123616368210819e-05 0.000113283108385477 0.0006174902474615818 0.10225449576072144 0.1388492510814055 4.716688022493652e-06 1.9068004562684437e-06 0.7581464680128325 0.0 2.3529639667747747e-192 0.0 0.0
0.025045312500000003 1409.0135205430647 0.8869264261013623 0.2329496656068852 1.0580390141529718e-06 1.0602178954862406e-05 0.0001071430069366964 0.0006012739997950713 0.10227598142286301 0.1388525083666744 4.49219275887216e-06 1.8315464812792186e-06 0.7581451092465386 0.0 2.3529833120132093e-192 0.0 0.0
0.025076953125000002 1409.3928370068263 0.8871537442313415 0.23288997619824528 9.732148841479843e-07 1.0015044481396093e-05 0.00010144199796063628 0.0005857481566247313 0.1022960392873789 0.13885592940134805 4.281575202372688e-06 1.7600694381723807e-06 0.7581438112526985 0.0 2.3530012535287403e-192 0.0 0.0
0.025108593750000005 1409.7454865543066 0.8873649156887241 0.23283455399840983 8.966260232022375e-07 9.470603227316411e-06 9.614377114281804e-05 0.0005708810031372057 0.10231478834749214 0.13885947080444946 4.08385261983817e-06 1.69218180162423e-06 0.7581425728101233 0.0 2.353018639243566e-192 0.0 0.0
0.025140234375000004 1410.0737528135273 0.8875613339793248 0.23278302745783291 8.273581357350843e-07 8.965135826359408e-06 9.121539283290691e-05 0.0005566425724908954 0.10233233512875113 0.13886309599537683 3.898124524652361e-06 1.6277047430331379e-06 0.7581413925873354 0.0 2.3530346746949376e-192 0.0 0.0
0.025171875000000003 1410.3796774784846 0.8877442441515628 0.23273506501377592 7.646017769458639e-07 8.495309108741652e-06 8.662706716351815e-05 0.0005430050218377189 0.102348775026568 0.13886677352998533 3.7236029336883762e-06 1.5664686956717844e-06 0.758140269371947 0.0 2.35304997481104e-192 0.0 0.0
0.02523515625 1410.9299864895236 0.8880728842033463 0.23264893912796233 6.564485165142964e-07 7.653597329026846e-06 7.839015453392037e-05 0.0005174568855245638 0.10237859057695908 0.13887420097398373 3.4064940222449243e-06 1.4532363437029352e-06 0.7581381916328038 0.0 2.353077867469079e-192 0.0 0.0
0.025298437500000003 1411.4136553641192 0.8883613665165899 0.23257338980010556 5.667338197651663e-07 6.920489856337044e-06 7.119200629699468e-05 0.0004939218688411138 0.10240503930599916 0.13888158108416868 3.1248256949160635e-06 1.350679548284954e-06 0.7581363030057914 0.0 2.3531043989892626e-192 0.0 0.0
0.025361718750000005 1411.840787047835 0.8886158237072045 0.23250679187353004 4.918949986911565e-07 6.279335628294264e-06 6.487947527553257e-05 0.0004722051887302736 0.10242860612896146 0.138888820096843 2.8740358198953485e-06 1.2576970293174385e-06 0.7581345861467302 0.0 2.353129016882103e-192 0.0 0.0
0.025425000000000003 1412.2196789106902 0.8888412850893581 0.23244781474956427 4.291232143625407e-07 5.716424409485393e-06 5.932395054866741e-05 0.00045213451369336744 0.10244969140164481 0.13889585623204934 2.6502054891135917e-06 1.1732886622364122e-06 0.7581330248603053 0.0 2.3531523102226514e-192 0.0 0.0
0.02548828125 1412.557184459058 0.8890418990226638 0.23239536247430356 3.76194098665889e-07 5.220396337590226e-06 5.4417632797522624e-05 0.00043355615501955306 0.10246862837233807 0.13890265048749348 2.4499581785454273e-06 1.0965589418971792e-06 0.7581316042448114 0.0 2.3531738457777214e-192 0.0 0.0
0.025551562500000003 1412.858993232007 0.8892211046932679 0.23234852759087793 3.3133729688723005e-07 4.781786667610328e-06 5.007005244733418e-05 0.0004163328541599638 0.10248569613042201 0.13890917995922689 2.270383413876407e-06 1.026710298187531e-06 0.758130310786084 0.0 2.353194125874275e-192 0.0 0.0
0.025614843750000005 1413.1298495410192 0.8893817661635591 0.23230655522593469 2.931362783836402e-07 4.392669862562979e-06 4.6205099002685325e-05 0.00040034214304851616 0.10250112956470434 0.1389154329828147 2.1089689501267016e-06 9.630346108540956e-07 0.7581291324007445 0.0 2.3532127921836695e-192 0.0 0.0
0.025678125000000003 1413.3737244190647 0.889526277614339 0.23226881496106944 2.604510000341372e-07 4.046378633922268e-06 4.275854927600566e-05 0.00038547504318519634 0.1025151271349415 0.13892140553589422 1.963538864967509e-06 9.04905077919126e-07 0.7581280584631429 0.0 2.353230255881127e-192 0.0 0.0
0.02574140625 1413.5939510003848 0.8896566461582248 0.23223477874347057 2.323569058049223e-07 3.7372810510066964e-06 3.967601107874058e-05 0.00037163520382763895 0.1025278569047104 0.13892709839204634 1.8321986629246117e-06 8.517690946319514e-07 0.7581270798826392 0.0 2.3532459302630527e-192 0.0 0.0
0.025804687500000003 1413.7933300593243 0.8897745565381235 0.23220400365467259 2.080930581071428e-07 3.460605032139252e-06 3.6911192878796627e-05 0.0003587389688099821 0.10253946097824436 0.13893251431369547 1.7133172861800932e-06 8.031416977634605e-07 0.7581261893893138 0.0 2.353260957630388e-192 0.0 0.0
0.025931250000000003 1414.1365892491885 0.889977238532568 0.23215112188585685 1.6909728707399953e-07 2.9923812988446473e-06 3.221587440130934e-05 0.00033557140398082454 0.10255964823443595 0.13894251622998804 1.5095112618784907e-06 7.181268398283494e-07 0.7581246591405228 0.0 2.3532881601513983e-192 0.0 0.0
0.026057812500000003 1414.4253834116746 0.8901475176902455 0.23210671295733287 1.3917570703159406e-07 2.6097640710683426e-06 2.835398788375846e-05 0.00031517083389879657 0.10257681241735209 0.13895156931276992 1.3395604123509664e-06 6.457781177334018e-07 0.7581233591698038 0.0 2.3533121868727805e-192 0.0 0.0
0.026184375000000003 1414.670683062443 0.8902919577099119 0.2320690562112572 1.159060101063801e-07 2.2940905184460076e-06 2.5148682424947508e-05 0.00029711113859958094 0.1025915363901181 0.13895976329902593 1.1968496783471485e-06 5.838755787130634e-07 0.7581222497680624 0.0 2.3533342332179478e-192 0.0 0.0
0.026310937500000003 1414.880748013259 0.8904154911354947 0.2320368596852857 9.757977459510501e-08 2.0313313117883773e-06 2.2465391292738248e-05 0.0002810508853281195 0.1026042636567477 0.13896718376327274 1.076161979780879e-06 5.306295326581993e-07 0.7581213006007764 0.0 2.353353673246723e-192 0.0 0.0
0.026437500000000003 1415.0618360152616 0.8905218479717953 0.23200914705099393 8.296779030216436e-08 1.8108083324310388e-06 2.020110685133891e-05 0.0002667169696335104 0.10261533439842753 0.13897390591689923 9.733456522214581e-07 4.846142953880598e-07 0.7581204898721345 0.0 2.353371414484765e-192 0.0 0.0
0.026690625000000003 1415.3511971536761 0.8906914366487255 0.23196497224177776 6.197054764899435e-08 1.4719397222619815e-06 1.6682344747644376e-05 0.0002426302363637113 0.10263326645828717 0.1389854107732054 8.124942530366343e-07 4.1078607273542395e-07 0.7581192529968169 0.0 2.35340184620094e-192 0.0 0.0
0.026943750000000002 1415.5791505471827 0.8908248352340568 0.23193023612091562 4.761358073383796e-08 1.2205183871946483e-06 1.4033079474952182e-05 0.00022272540240125675 0.10264756670966403 0.13899507250030724 6.900543272165891e-07 3.531618117107441e-07 0.7581182909600621 0.0 2.3534298833634328e-192 0.0 0.0
0.027196875000000002 1415.7623599596404 0.8909319058109153 0.231902363166753 3.748959599019448e-08 1.0295704722164617e-06 1.1995150849420636e-05 0.0002060591485166601 0.10265918694342058 0.13900325683780632 5.951582752299269e-07 3.074750388166006e-07 0.7581175322260413 0.0 2.353453811202709e-192 0.0 0.0
0.027450000000000002 1415.9119082617694 0.8910191916961221 0.2318796455830697 3.015194179686371e-08 8.814716364897996e-07 1.0397785656134221e-05 0.00019195946454147932 0.1026687703269141 0.13901023826474826 5.203093947229051e-07 2.7074940628000223e-07 0.7581169314757772 0.0 2.3534758519716884e-192 0.0 0.0
0.027956250000000002 1416.1319494577463 0.8911473260005555 0.23184630458968697 2.0844965358036864e-08 6.781792672638211e-07 8.157110123077486e-06 0.0001701313880381434 0.10268309708292185 0.13902112764686053 4.1527097907186947e-07 2.176491912019469e-07 0.7581161548276699 0.0 2.3535123672013882e-192 0.0 0.0
0.0284625 1416.2950423016719 0.8912421755084812 0.23182163059140765 1.514585378975255e-08 5.404972318284003e-07 6.611723200332574e-06 0.00015324963538421917 0.1026938569834846 0.13902959500750292 3.4257033072858207e-07 1.7981377484447536e-07 0.7581156086232532 0.0 2.353547477271442e-192 0.0 0.0
0.029475 1416.5051430072576 0.8913640969460723 0.231789921858059 9.250171076101366e-09 3.823095030121885e-07 4.775526380069029e-06 0.0001302973478027995 0.1027079831638899 0.13904110932136401 2.569180133663119e-07 1.3331101532763118e-07 0.7581150528518769 0.0 2.3536021762437835e-192 0.0 0.0
0.0304875 1416.6478266765132 0.8914468343746794 0.23176840885092018 6.182315981278476e-09 2.884431566541286e-07 3.659164191222074e-06 0.00011408585762346243 0.10271771135908937 0.13904923181319648 2.0550172852728026e-07 1.0407349895250083e-07 0.7581147076052158 0.0 2.3536494177476956e-192 0.0 0.0
0.0315 1416.750627383096 0.89150640869281 0.23175292108236695 4.41283507863169e-09 2.279849785835131e-07 2.927669396218177e-06 0.00010206308032588928 0.1027247966517925 0.13905524450970755 1.7252938925981174e-07 8.444753934932566e-08 0.758114478714052 0.0 2.3537004146568116e-192 0.0 0.0
0.033525 1416.878585199099 0.8915804749272822 0.2317336686798353 2.685815791629303e-09 1.6190902820721993e-07 2.105920666012619e-06 8.656654256078502e-05 0.10273374870013487 0.13906294113223716 1.3710616991680264e-07 6.18770705287005e-08 0.7581142741263331 0.0 2.3537951449710064e-192 0.0 0.0
0.03555 1416.9644744834977 0.8916301797118555 0.23172075046290821 1.8088700184906283e-09 1.2339177679409956e-07 1.6193203542328456e-06 7.591046259826825e-05 0.10273981977593187 0.13906820719038837 1.1763293814830114e-07 4.8207281502667616e-08 0.7581141522098772 0.0 2.3538815014378206e-192 0.0 0.0
0.037575 1417.025990346952 0.8916657741252811 0.23171150040035043 1.3084190698791654e-09 9.884921627492579e-08 1.3050644263353547e-06 6.814605038202076e-05 0.10274420078335796 0.13907202888522288 1.0626947958227149e-07 3.92391330749444e-08 0.7581140735503792 0.0 2.3539564686433687e-192 0.0 0.0
0.0396 1417.0721377734264 0.8916924735486148 0.2317045623991627 9.977680129833681e-10 8.215430817273053e-08 1.0890068982349658e-06 6.224751808034982e-05 0.10274750570283239 0.13907492306592548 9.941359440829585e-08 3.300168894933512e-08 0.7581140191389204 0.0 2.354018708458012e-192 0.0 0.0
0.042 1417.1131514567385 0.8917161983845654 0.23169839771050743 7.649115146403416e-10 6.857010818967006e-08 9.114737160443609e-07 5.694455384021209e-05 0.10275045898544444 0.13907751559059658 9.471860896639368e-08 2.7828494057188946e-08 0.7581139775142964 0.0 2.354080560307568e-192 0.0 0.0
0.0444 1417.1448730527716 0.8917345474787856 0.23169363008572225 6.111962557479109e-10 5.8882423976193226e-08 7.839725789409157e-07 5.2808517848513826e-05 0.10275275181575663 0.1390795330071314 9.213193272766975e-08 2.408434255745425e-08 0.7581139469768055 0.0 2.354137687191532e-192 0.0 0.0
0.0492 1417.1875555907197 0.8917592259905377 0.23168721820479485 4.376353841671091e-10 4.6991086028223755e-08 6.256528136957363e-07 4.71699987197257e-05 0.10275585867267789 0.13908226677903507 9.036357865344026e-08 1.9399428358274526e-08 0.7581139217050417 0.0 2.354281094719988e-192 0.0 0.0
0.0516 1417.204988481506 0.8917693089958733 0.23168459857723664 3.775022512840081e-10 4.25232004927425e-08 5.659262701438763e-07 4.485952470039489e-05 0.10275712870261322 0.1390833871074272 9.029438447270635e-08 1.7621047047231974e-08 0.7581139079228711 0.0 2.3543662235754367e-192 0.0 0.0
0.054 1417.2195301935178 0.891777721333845 0.23168241304478898 3.318576189948409e-10 3.8991063594527276e-08 5.183155717395604e-07 4.292848906798141e-05 0.10275818860648334 0.13908432361675768 9.057652710656853e-08 1.6199136405178457e-08 0.758113894873551 0.0 2.3544450992451432e-192 0.0 0.0
0.0564 1417.2316919040677 0.8917847643373348 0.23168058329829763 2.97043242185918e-10 3.620988458777031e-08 4.803965474729335e-07 4.1325965886910806e-05 0.10275906955879838 0.13908510667636623 9.106438568144172e-08 1.506378476335022e-08 0.7581138747673192 0.0 2.3545080881607783e-192 0.0 0.0
0.0588 1417.24088130235 0.8917901096329903 0.23167919462936976 2.7367759921238415e-10 3.434709081842269e-08 4.539222360536393e-07 4.016898499895213e-05 0.10275971277379224 0.13908569565583215 9.157779368480833e-08 1.4269157601405356e-08 0.7581138281954374 0.0 2.3545384024726816e-192 0.0 0.0
0.06 1417.24088130235 0.8917901096329762 0.23167919462937347 2.7367759921238415e-10 3.434709081842269e-08 4.539222360536393e-07 4.016898499895213e-05 0.10275971277379224 0.13908569565583215 9.157779368480833e-08 1.4269157601405356e-08 0.758113828195421 0.0 2.3545384024726816e-192 0.0 0.0
